/**
 * generated by fontconvert.py
 * name: lexenddeca_18_regular
 * size: 18
 * mode: 1-bit
 * Command used: fontconvert.py lexenddeca_18_regular 18 ../builtinFonts/source/LexendDeca/LexendDeca-Regular.ttf ../builtinFonts/source/NotoSansHebrew/NotoSansHebrew-Regular.ttf ../builtinFonts/source/NotoSans/NotoSans-Regular.ttf --additional-intervals 0x05D0,0x05EA --force-autohint
 */
#pragma once
#include "EpdFontData.h"

static const uint8_t lexenddeca_18_regularBitmaps[69693] = {
    0x7B, 0xDE, 0xF7, 0xBD, 0xEF, 0x7B, 0xDE, 0xF7, 0xBD, 0xEF, 0x78, 0x00, 0x07, 0xFF, 0xFF, 0xFF,
    0x80, 0x7C, 0x7D, 0xF1, 0xE7, 0x8F, 0x9E, 0x3E, 0xF8, 0xF3, 0xC3, 0xCF, 0x0F, 0x3C, 0x3C, 0xE0,
    0xE3, 0x83, 0x80, 0x03, 0xE0, 0x78, 0x07, 0x80, 0xF0, 0x0F, 0x03, 0xE0, 0x1E, 0x07, 0x80, 0x3C,
    0x0F, 0x00, 0x78, 0x1E, 0x1F, 0xFF, 0xFF, 0xBF, 0xFF, 0xFF, 0x7F, 0xFF, 0xFE, 0xFF, 0xFF, 0xFC,
    0x1E, 0x07, 0x80, 0x7C, 0x0F, 0x00, 0xF8, 0x1E, 0x01, 0xE0, 0x7C, 0x03, 0xC0, 0xF0, 0x07, 0x81,
    0xE0, 0xFF, 0xFF, 0xFD, 0xFF, 0xFF, 0xFB, 0xFF, 0xFF, 0xF7, 0xFF, 0xFF, 0xE1, 0xE0, 0x78, 0x03,
    0xC0, 0xF0, 0x0F, 0x81, 0xE0, 0x1F, 0x03, 0xC0, 0x3C, 0x0F, 0x80, 0x78, 0x1F, 0x00, 0x00, 0x3C,
    0x00, 0x03, 0xC0, 0x00, 0x3C, 0x00, 0x03, 0xC0, 0x03, 0xFF, 0x00, 0x7F, 0xFC, 0x0F, 0xFF, 0xE1,
    0xFF, 0xFF, 0x3F, 0x3F, 0xF3, 0xE3, 0xDE, 0x3C, 0x3C, 0xC3, 0xC3, 0xC0, 0x3E, 0x3C, 0x03, 0xF3,
    0xC0, 0x3F, 0xFC, 0x01, 0xFF, 0xC0, 0x0F, 0xFF, 0x80, 0x7F, 0xFC, 0x00, 0xFF, 0xE0, 0x0F, 0xFF,
    0x00, 0xF3, 0xF0, 0x0F, 0x1F, 0x30, 0xF0, 0xF3, 0x8F, 0x0F, 0x7C, 0xF1, 0xF7, 0xFF, 0x3F, 0x7F,
    0xFF, 0xE3, 0xFF, 0xFC, 0x0F, 0xFF, 0x80, 0x3F, 0xE0, 0x00, 0xF0, 0x00, 0x0F, 0x00, 0x00, 0xF0,
    0x00, 0x1F, 0x00, 0x0F, 0x87, 0xFC, 0x01, 0xF0, 0x7F, 0xC0, 0x1E, 0x0F, 0xBE, 0x03, 0xE0, 0xF1,
    0xE0, 0x7C, 0x0F, 0x1E, 0x07, 0x80, 0xE0, 0xE0, 0xF8, 0x0E, 0x0E, 0x1F, 0x00, 0xF1, 0xE1, 0xE0,
    0x0F, 0x1E, 0x3E, 0x00, 0xFB, 0xE7, 0xC0, 0x07, 0xFC, 0x78, 0x00, 0x3F, 0x8F, 0x0F, 0x81, 0xF1,
    0xF3, 0xFE, 0x00, 0x1E, 0x3F, 0xE0, 0x03, 0xC7, 0xDF, 0x00, 0x7C, 0x78, 0xF0, 0x07, 0x87, 0x8F,
    0x00, 0xF0, 0x70, 0x70, 0x1F, 0x07, 0x07, 0x01, 0xE0, 0x78, 0xF0, 0x3C, 0x07, 0x8F, 0x07, 0xC0,
    0x7D, 0xF0, 0xF8, 0x03, 0xFE, 0x0F, 0x00, 0x1F, 0xC1, 0xF0, 0x00, 0xF8, 0x00, 0x7F, 0x00, 0x00,
    0x7F, 0xF0, 0x00, 0x3F, 0xFE, 0x00, 0x1F, 0xFF, 0xC0, 0x07, 0xC1, 0xF0, 0x01, 0xF0, 0x3C, 0x00,
    0x78, 0x0C, 0x00, 0x1F, 0x00, 0x00, 0x07, 0xC0, 0x00, 0x00, 0xF8, 0x00, 0x00, 0x7E, 0x00, 0x00,
    0x7F, 0xC0, 0x00, 0x3F, 0xF8, 0x00, 0x1F, 0xFF, 0x00, 0x0F, 0xC7, 0xE1, 0xE3, 0xE0, 0xFC, 0x78,
    0xF0, 0x1F, 0xBE, 0x3C, 0x03, 0xFF, 0x0F, 0x00, 0x7F, 0xC3, 0xE0, 0x0F, 0xE0, 0xFC, 0x03, 0xF8,
    0x1F, 0x80, 0xFE, 0x07, 0xFF, 0xFF, 0xC0, 0xFF, 0xFF, 0xF8, 0x1F, 0xFF, 0xBF, 0x01, 0xFF, 0x87,
    0xE0, 0x7D, 0xF7, 0x9E, 0xFB, 0xCF, 0x3C, 0xE3, 0x80, 0x00, 0x00, 0x0E, 0x01, 0xF0, 0x3F, 0x07,
    0xC0, 0xF8, 0x1F, 0x03, 0xF0, 0x3E, 0x07, 0xC0, 0x7C, 0x07, 0x80, 0xF8, 0x0F, 0x80, 0xF8, 0x0F,
    0x00, 0xF0, 0x0F, 0x00, 0xF0, 0x0F, 0x00, 0xF8, 0x0F, 0x80, 0xF8, 0x07, 0x80, 0x7C, 0x07, 0xC0,
    0x3E, 0x03, 0xF0, 0x1F, 0x80, 0xFC, 0x07, 0xE0, 0x3F, 0x01, 0xE0, 0x0C, 0x00, 0x07, 0x00, 0xF8,
    0x0F, 0xC0, 0x7E, 0x01, 0xF0, 0x1F, 0x80, 0xFC, 0x07, 0xC0, 0x3E, 0x03, 0xE0, 0x1E, 0x01, 0xF0,
    0x1F, 0x01, 0xF0, 0x0F, 0x00, 0xF0, 0x0F, 0x00, 0xF0, 0x1F, 0x01, 0xF0, 0x1F, 0x01, 0xF0, 0x3E,
    0x03, 0xE0, 0x7E, 0x07, 0xC0, 0xF8, 0x1F, 0x83, 0xF0, 0x7E, 0x0F, 0xC0, 0xF8, 0x07, 0x00, 0x07,
    0x00, 0x70, 0x67, 0x6F, 0xFF, 0xFF, 0xF3, 0xFC, 0x3F, 0xCF, 0xFF, 0xFF, 0xF6, 0x76, 0x07, 0x00,
    0x70, 0x00, 0xF0, 0x00, 0x0F, 0x00, 0x00, 0xF0, 0x00, 0x0F, 0x00, 0x00, 0xF0, 0x00, 0x0F, 0x00,
    0x00, 0xF0, 0x0F, 0xFF, 0xFF, 0xFF, 0xFF, 0xFF, 0xFF, 0xFF, 0xFF, 0xFF, 0xF0, 0x0F, 0x00, 0x00,
    0xF0, 0x00, 0x0F, 0x00, 0x00, 0xF0, 0x00, 0x0F, 0x00, 0x00, 0xF0, 0x00, 0x0F, 0x00, 0x78, 0xF9,
    0xFB, 0xF3, 0xE3, 0xCF, 0x1E, 0x79, 0xF1, 0x80, 0x00, 0xFF, 0xFF, 0xFF, 0xFF, 0xFF, 0xF0, 0x7F,
    0xFF, 0xFF, 0xF8, 0x00, 0x01, 0xF0, 0x00, 0x1E, 0x00, 0x03, 0xE0, 0x00, 0x3E, 0x00, 0x07, 0xC0,
    0x00, 0x7C, 0x00, 0x0F, 0x80, 0x00, 0xF8, 0x00, 0x1F, 0x00, 0x01, 0xF0, 0x00, 0x3E, 0x00, 0x03,
    0xE0, 0x00, 0x7C, 0x00, 0x07, 0xC0, 0x00, 0xF8, 0x00, 0x0F, 0x80, 0x01, 0xF0, 0x00, 0x1F, 0x00,
    0x01, 0xE0, 0x00, 0x3E, 0x00, 0x03, 0xC0, 0x00, 0x7C, 0x00, 0x07, 0x80, 0x00, 0xF8, 0x00, 0x0F,
    0x00, 0x01, 0xF0, 0x00, 0x1E, 0x00, 0x03, 0xE0, 0x00, 0x3C, 0x00, 0x07, 0xC0, 0x00, 0x78, 0x00,
    0x00, 0x03, 0xF8, 0x01, 0xFF, 0xC0, 0x7F, 0xFC, 0x1F, 0xFF, 0xC7, 0xE0, 0xFC, 0xF8, 0x0F, 0x9F,
    0x01, 0xF7, 0xC0, 0x1F, 0xF8, 0x03, 0xFF, 0x00, 0x7F, 0xC0, 0x07, 0xF8, 0x00, 0xFF, 0x00, 0x1F,
    0xE0, 0x03, 0xFC, 0x00, 0x7F, 0x80, 0x0F, 0xF8, 0x03, 0xFF, 0x00, 0x7F, 0xE0, 0x0F, 0xBE, 0x03,
    0xE7, 0xC0, 0x7C, 0xFC, 0x1F, 0x8F, 0xFF, 0xE0, 0xFF, 0xF8, 0x0F, 0xFE, 0x00, 0x7F, 0x00, 0x07,
    0x80, 0x3E, 0x03, 0xF8, 0x3F, 0xE0, 0xFF, 0x83, 0xFE, 0x06, 0x78, 0x01, 0xE0, 0x07, 0x80, 0x1E,
    0x00, 0x78, 0x01, 0xE0, 0x07, 0x80, 0x1E, 0x00, 0x78, 0x01, 0xE0, 0x07, 0x80, 0x1E, 0x00, 0x78,
    0x01, 0xE0, 0x07, 0x80, 0x1E, 0x07, 0xFF, 0xDF, 0xFF, 0x7F, 0xFD, 0xFF, 0xF0, 0x07, 0xF8, 0x03,
    0xFF, 0x81, 0xFF, 0xF0, 0xFF, 0xFC, 0x7E, 0x1F, 0x9F, 0x03, 0xEF, 0x80, 0x79, 0xE0, 0x1E, 0x10,
    0x0F, 0x80, 0x03, 0xE0, 0x01, 0xF8, 0x00, 0x7C, 0x00, 0x3F, 0x00, 0x1F, 0x80, 0x0F, 0xC0, 0x07,
    0xE0, 0x03, 0xF8, 0x01, 0xFC, 0x00, 0xFE, 0x00, 0x3F, 0x00, 0x1F, 0x80, 0x0F, 0xC0, 0x07, 0xFF,
    0xFD, 0xFF, 0xFF, 0x7F, 0xFF, 0xCF, 0xFF, 0xF0, 0x7F, 0xFF, 0x9F, 0xFF, 0xF7, 0xFF, 0xF9, 0xFF,
    0xFC, 0x00, 0x7E, 0x00, 0x3F, 0x00, 0x0F, 0x80, 0x07, 0xC0, 0x03, 0xE0, 0x01, 0xFF, 0x00, 0xFF,
    0xE0, 0x3F, 0xFC, 0x0F, 0xFF, 0x83, 0x03, 0xE0, 0x00, 0x7C, 0x00, 0x1F, 0x00, 0x03, 0xC0, 0x00,
    0xF3, 0x00, 0x7D, 0xC0, 0x1F, 0xF8, 0x0F, 0xFF, 0x87, 0xE7, 0xFF, 0xF8, 0xFF, 0xFC, 0x1F, 0xFE,
    0x01, 0xFE, 0x00, 0x00, 0x07, 0x80, 0x00, 0x3E, 0x00, 0x01, 0xF8, 0x00, 0x0F, 0xE0, 0x00, 0x3F,
    0x80, 0x01, 0xFE, 0x00, 0x0F, 0xF8, 0x00, 0x7F, 0xE0, 0x03, 0xF7, 0x80, 0x0F, 0x9E, 0x00, 0x7C,
    0x78, 0x03, 0xE1, 0xE0, 0x1F, 0x87, 0x80, 0xFC, 0x1E, 0x07, 0xE0, 0x78, 0x1F, 0xFF, 0xFF, 0x7F,
    0xFF, 0xFD, 0xFF, 0xFF, 0xF3, 0xFF, 0xFF, 0xC0, 0x01, 0xE0, 0x00, 0x07, 0x80, 0x00, 0x1E, 0x00,
    0x00, 0x78, 0x00, 0x01, 0xE0, 0x00, 0x07, 0x80, 0x00, 0x1E, 0x00, 0x1F, 0xFF, 0xCF, 0xFF, 0xF3,
    0xFF, 0xFC, 0xFF, 0xFE, 0x3C, 0x00, 0x0F, 0x00, 0x03, 0xC0, 0x00, 0xF0, 0x00, 0x7D, 0xF0, 0x1F,
    0xFF, 0x07, 0xFF, 0xF0, 0xFF, 0xFE, 0x3E, 0x3F, 0x86, 0x03, 0xF0, 0x00, 0x7C, 0x00, 0x1F, 0x00,
    0x03, 0xC0, 0x00, 0xF0, 0x00, 0x7C, 0x80, 0x1F, 0x78, 0x0F, 0xFF, 0x07, 0xE7, 0xFF, 0xF1, 0xFF,
    0xFC, 0x1F, 0xFC, 0x03, 0xFE, 0x00, 0x01, 0xF0, 0x00, 0x7C, 0x00, 0x3E, 0x00, 0x1F, 0x00, 0x07,
    0xC0, 0x03, 0xE0, 0x00, 0xF8, 0x00, 0x7C, 0x00, 0x3F, 0xFC, 0x0F, 0xFF, 0x87, 0xFF, 0xF1, 0xFF,
    0xFE, 0x7E, 0x1F, 0xBE, 0x03, 0xFF, 0x80, 0x7F, 0xC0, 0x0F, 0xF0, 0x03, 0xFC, 0x00, 0xFF, 0x00,
    0x3F, 0xE0, 0x1F, 0xFC, 0x07, 0xDF, 0x87, 0xE7, 0xFF, 0xF8, 0xFF, 0xFC, 0x1F, 0xFE, 0x01, 0xFE,
    0x00, 0xFF, 0xFF, 0xFF, 0xFF, 0xFF, 0xFF, 0xFF, 0xFF, 0xF0, 0x01, 0xF0, 0x00, 0xF8, 0x00, 0x78,
    0x00, 0x7C, 0x00, 0x3E, 0x00, 0x3E, 0x00, 0x1F, 0x00, 0x1F, 0x00, 0x0F, 0x80, 0x0F, 0x80, 0x07,
    0xC0, 0x07, 0xC0, 0x03, 0xE0, 0x03, 0xE0, 0x01, 0xF0, 0x00, 0xF8, 0x00, 0xF8, 0x00, 0x7C, 0x00,
    0x7C, 0x00, 0x3E, 0x00, 0x3E, 0x00, 0x1F, 0x00, 0x00, 0x07, 0xF8, 0x07, 0xFF, 0x83, 0xFF, 0xF0,
    0xFF, 0xFC, 0x7E, 0x1F, 0x9F, 0x03, 0xE7, 0x80, 0x79, 0xE0, 0x1E, 0x7C, 0x0F, 0x9F, 0x87, 0xE3,
    0xFF, 0xF0, 0x7F, 0xF8, 0x1F, 0xFE, 0x0F, 0xFF, 0xC7, 0xF3, 0xFB, 0xF0, 0x3F, 0xF8, 0x07, 0xFC,
    0x00, 0xFF, 0x00, 0x3F, 0xC0, 0x1F, 0xF8, 0x07, 0xFF, 0x03, 0xF7, 0xFF, 0xF8, 0xFF, 0xFC, 0x1F,
    0xFE, 0x01, 0xFE, 0x00, 0x07, 0xF8, 0x07, 0xFF, 0x83, 0xFF, 0xF1, 0xFF, 0xFE, 0x7C, 0x1F, 0xBE,
    0x01, 0xFF, 0x80, 0x7F, 0xC0, 0x0F, 0xF0, 0x03, 0xFC, 0x00, 0xFF, 0x80, 0x7F, 0xE0, 0x1F, 0xFE,
    0x1F, 0xDF, 0xFF, 0xE3, 0xFF, 0xF8, 0x7F, 0xFE, 0x0F, 0xFF, 0x00, 0x07, 0xC0, 0x03, 0xE0, 0x00,
    0xF8, 0x00, 0x7C, 0x00, 0x1F, 0x00, 0x0F, 0xC0, 0x03, 0xE0, 0x01, 0xF8, 0x00, 0x7C, 0x00, 0x7F,
    0xFF, 0xFF, 0xF8, 0x00, 0x00, 0x00, 0x00, 0x01, 0xFF, 0xFF, 0xFF, 0xE0, 0x3C, 0xF9, 0xF3, 0xE7,
    0xCF, 0x00, 0x00, 0x00, 0x00, 0x00, 0x00, 0x00, 0x00, 0x00, 0x78, 0xF9, 0xFB, 0xF3, 0xE3, 0xC7,
    0x1E, 0x79, 0xF1, 0x80, 0x00, 0x00, 0x04, 0x00, 0x1E, 0x00, 0x7E, 0x01, 0xFF, 0x03, 0xFC, 0x0F,
    0xF0, 0x3F, 0xC0, 0xFF, 0x80, 0xFE, 0x00, 0xF8, 0x00, 0xFC, 0x00, 0xFF, 0x00, 0x3F, 0xC0, 0x1F,
    0xF0, 0x07, 0xF8, 0x01, 0xFE, 0x00, 0x7F, 0x00, 0x1E, 0x00, 0x0C, 0xFF, 0xFF, 0xFF, 0xFF, 0xFF,
    0xFF, 0xFF, 0xFF, 0xF0, 0x00, 0x00, 0x00, 0x00, 0x00, 0x01, 0xFF, 0xFF, 0xFF, 0xFF, 0xFF, 0xFF,
    0xFF, 0xFF, 0xE0, 0x20, 0x00, 0x78, 0x00, 0x7E, 0x00, 0xFF, 0x80, 0x3F, 0xC0, 0x0F, 0xF0, 0x03,
    0xFC, 0x01, 0xFF, 0x00, 0x7F, 0x00, 0x1F, 0x00, 0x3F, 0x00, 0xFF, 0x03, 0xFC, 0x0F, 0xF8, 0x1F,
    0xE0, 0x7F, 0x80, 0xFE, 0x00, 0x78, 0x00, 0x30, 0x00, 0x03, 0xFC, 0x03, 0xFF, 0x81, 0xFF, 0xF8,
    0xFF, 0xFE, 0x7E, 0x0F, 0xDF, 0x01, 0xF3, 0x80, 0x3C, 0x00, 0x0F, 0x00, 0x07, 0xC0, 0x01, 0xF0,
    0x01, 0xF8, 0x01, 0xFC, 0x03, 0xFE, 0x00, 0xFF, 0x00, 0x3E, 0x00, 0x07, 0x80, 0x01, 0xE0, 0x00,
    0x70, 0x00, 0x00, 0x00, 0x00, 0x00, 0x01, 0xE0, 0x00, 0xF8, 0x00, 0x3E, 0x00, 0x0F, 0x80, 0x03,
    0xE0, 0x00, 0xF0, 0x00, 0x00, 0x03, 0xFF, 0x80, 0x00, 0x0F, 0xFF, 0xF8, 0x00, 0x1F, 0xFF, 0xFE,
    0x00, 0x3F, 0xFF, 0xFF, 0x80, 0x3F, 0xC0, 0x0F, 0xE0, 0x3F, 0x80, 0x01, 0xF8, 0x3F, 0x00, 0x00,
    0x3C, 0x3E, 0x00, 0x00, 0x1F, 0x1E, 0x07, 0xE7, 0x87, 0x9E, 0x07, 0xFB, 0xC3, 0xCF, 0x07, 0xFF,
    0xE1, 0xEF, 0x07, 0xFF, 0xF0, 0x77, 0x87, 0xE1, 0xF8, 0x3F, 0x83, 0xE0, 0x7C, 0x1F, 0xC3, 0xE0,
    0x3C, 0x1F, 0xE1, 0xF0, 0x1E, 0x0F, 0xF0, 0xF8, 0x0F, 0x07, 0xF0, 0x78, 0x0F, 0x83, 0xB8, 0x3C,
    0x07, 0xC3, 0xDC, 0x1E, 0x07, 0xE1, 0xEE, 0x0F, 0x87, 0xF1, 0xE7, 0x87, 0xFF, 0xFF, 0xE3, 0xC1,
    0xFF, 0xFF, 0xF1, 0xE0, 0xFF, 0x9F, 0xE0, 0xF0, 0x1F, 0x87, 0xE0, 0x3C, 0x00, 0x00, 0x00, 0x1F,
    0x00, 0x00, 0x00, 0x07, 0xC0, 0x00, 0x00, 0x03, 0xF0, 0x00, 0xE0, 0x00, 0xFF, 0x87, 0xF8, 0x00,
    0x3F, 0xFF, 0xFC, 0x00, 0x0F, 0xFF, 0xF8, 0x00, 0x01, 0xFF, 0xF0, 0x00, 0x00, 0x1F, 0xC0, 0x00,
    0x00, 0x00, 0x1F, 0x00, 0x00, 0x0F, 0xC0, 0x00, 0x03, 0xF8, 0x00, 0x01, 0xFE, 0x00, 0x00, 0x7F,
    0x80, 0x00, 0x1F, 0xF0, 0x00, 0x0F, 0xFC, 0x00, 0x03, 0xCF, 0x80, 0x01, 0xF3, 0xE0, 0x00, 0x7C,
    0xF8, 0x00, 0x1E, 0x1F, 0x00, 0x0F, 0x87, 0xC0, 0x03, 0xE1, 0xF0, 0x01, 0xF0, 0x3E, 0x00, 0x7C,
    0x0F, 0x80, 0x1E, 0x01, 0xF0, 0x0F, 0xFF, 0xFC, 0x03, 0xFF, 0xFF, 0x01, 0xFF, 0xFF, 0xE0, 0x7F,
    0xFF, 0xF8, 0x1F, 0x00, 0x1F, 0x0F, 0x80, 0x07, 0xC3, 0xE0, 0x01, 0xF0, 0xF0, 0x00, 0x3E, 0x7C,
    0x00, 0x0F, 0x9F, 0x00, 0x03, 0xF0, 0xFF, 0xFF, 0x0F, 0xFF, 0xF8, 0xFF, 0xFF, 0xCF, 0xFF, 0xFE,
    0xF0, 0x07, 0xEF, 0x00, 0x3E, 0xF0, 0x01, 0xEF, 0x00, 0x1E, 0xF0, 0x03, 0xEF, 0x00, 0x3E, 0xF0,
    0x0F, 0xCF, 0xFF, 0xF8, 0xFF, 0xFF, 0x8F, 0xFF, 0xFE, 0xFF, 0xFF, 0xEF, 0x00, 0x3F, 0xF0, 0x01,
    0xFF, 0x00, 0x0F, 0xF0, 0x00, 0xFF, 0x00, 0x0F, 0xF0, 0x01, 0xFF, 0x00, 0x3F, 0xFF, 0xFF, 0xEF,
    0xFF, 0xFE, 0xFF, 0xFF, 0xCF, 0xFF, 0xF0, 0x00, 0xFF, 0xC0, 0x07, 0xFF, 0xE0, 0x1F, 0xFF, 0xE0,
    0xFF, 0xFF, 0xE1, 0xF8, 0x0F, 0xC7, 0xE0, 0x0F, 0x1F, 0x80, 0x04, 0x3E, 0x00, 0x00, 0xF8, 0x00,
    0x01, 0xF0, 0x00, 0x03, 0xE0, 0x00, 0x07, 0x80, 0x00, 0x0F, 0x00, 0x00, 0x1E, 0x00, 0x00, 0x3C,
    0x00, 0x00, 0x7C, 0x00, 0x00, 0xF8, 0x00, 0x01, 0xF0, 0x00, 0x01, 0xF0, 0x00, 0x03, 0xF0, 0x00,
    0x03, 0xF0, 0x03, 0x87, 0xF0, 0x1F, 0x07, 0xFF, 0xFF, 0x07, 0xFF, 0xFC, 0x03, 0xFF, 0xF0, 0x01,
    0xFF, 0x80, 0xFF, 0xFF, 0x01, 0xFF, 0xFF, 0x83, 0xFF, 0xFF, 0x87, 0xFF, 0xFF, 0x8F, 0x00, 0x3F,
    0x9E, 0x00, 0x1F, 0x3C, 0x00, 0x1F, 0x78, 0x00, 0x3E, 0xF0, 0x00, 0x3F, 0xE0, 0x00, 0x7F, 0xC0,
    0x00, 0xFF, 0x80, 0x00, 0xFF, 0x00, 0x01, 0xFE, 0x00, 0x03, 0xFC, 0x00, 0x07, 0xF8, 0x00, 0x1F,
    0xF0, 0x00, 0x3F, 0xE0, 0x00, 0x7F, 0xC0, 0x01, 0xF7, 0x80, 0x03, 0xEF, 0x00, 0x0F, 0x9E, 0x00,
    0x7F, 0x3F, 0xFF, 0xFC, 0x7F, 0xFF, 0xF0, 0xFF, 0xFF, 0xC1, 0xFF, 0xFE, 0x00, 0xFF, 0xFF, 0xFF,
    0xFF, 0xFF, 0xFF, 0xFF, 0xFF, 0xFF, 0x00, 0x07, 0x80, 0x03, 0xC0, 0x01, 0xE0, 0x00, 0xF0, 0x00,
    0x78, 0x00, 0x3C, 0x00, 0x1F, 0xFF, 0xCF, 0xFF, 0xE7, 0xFF, 0xF3, 0xFF, 0xF9, 0xE0, 0x00, 0xF0,
    0x00, 0x78, 0x00, 0x3C, 0x00, 0x1E, 0x00, 0x0F, 0x00, 0x07, 0x80, 0x03, 0xFF, 0xFF, 0xFF, 0xFF,
    0xFF, 0xFF, 0xFF, 0xFF, 0xC0, 0xFF, 0xFF, 0xFF, 0xFF, 0xFF, 0xFF, 0xFF, 0xFF, 0xFF, 0x00, 0x07,
    0x80, 0x03, 0xC0, 0x01, 0xE0, 0x00, 0xF0, 0x00, 0x78, 0x00, 0x3C, 0x00, 0x1F, 0xFF, 0xEF, 0xFF,
    0xF7, 0xFF, 0xFB, 0xFF, 0xFD, 0xE0, 0x00, 0xF0, 0x00, 0x78, 0x00, 0x3C, 0x00, 0x1E, 0x00, 0x0F,
    0x00, 0x07, 0x80, 0x03, 0xC0, 0x01, 0xE0, 0x00, 0xF0, 0x00, 0x78, 0x00, 0x00, 0x00, 0x7F, 0xE0,
    0x01, 0xFF, 0xFC, 0x01, 0xFF, 0xFF, 0x01, 0xFF, 0xFF, 0xC1, 0xFC, 0x07, 0xE1, 0xF8, 0x00, 0xE1,
    0xF8, 0x00, 0x30, 0xF8, 0x00, 0x00, 0xF8, 0x00, 0x00, 0x7C, 0x00, 0x00, 0x3E, 0x00, 0x00, 0x1E,
    0x00, 0x00, 0x0F, 0x00, 0x7F, 0xFF, 0x80, 0x3F, 0xFF, 0xC0, 0x1F, 0xFF, 0xF0, 0x0F, 0xFF, 0xF8,
    0x00, 0x07, 0xFE, 0x00, 0x03, 0xDF, 0x00, 0x03, 0xEF, 0xC0, 0x01, 0xE3, 0xF0, 0x01, 0xF0, 0xFE,
    0x03, 0xF0, 0x3F, 0xFF, 0xF0, 0x0F, 0xFF, 0xF0, 0x03, 0xFF, 0xF0, 0x00, 0x3F, 0xE0, 0x00, 0xF0,
    0x00, 0x7F, 0x80, 0x03, 0xFC, 0x00, 0x1F, 0xE0, 0x00, 0xFF, 0x00, 0x07, 0xF8, 0x00, 0x3F, 0xC0,
    0x01, 0xFE, 0x00, 0x0F, 0xF0, 0x00, 0x7F, 0x80, 0x03, 0xFC, 0x00, 0x1F, 0xFF, 0xFF, 0xFF, 0xFF,
    0xFF, 0xFF, 0xFF, 0xFF, 0xFF, 0xFF, 0xFE, 0x00, 0x0F, 0xF0, 0x00, 0x7F, 0x80, 0x03, 0xFC, 0x00,
    0x1F, 0xE0, 0x00, 0xFF, 0x00, 0x07, 0xF8, 0x00, 0x3F, 0xC0, 0x01, 0xFE, 0x00, 0x0F, 0xF0, 0x00,
    0x7F, 0x80, 0x03, 0xC0, 0xFF, 0xFF, 0xFF, 0xFF, 0xFF, 0xFF, 0xF0, 0xF0, 0x07, 0x80, 0x3C, 0x01,
    0xE0, 0x0F, 0x00, 0x78, 0x03, 0xC0, 0x1E, 0x00, 0xF0, 0x07, 0x80, 0x3C, 0x01, 0xE0, 0x0F, 0x00,
    0x78, 0x03, 0xC0, 0x1E, 0x00, 0xF0, 0x07, 0x83, 0xFF, 0xFF, 0xFF, 0xFF, 0xFF, 0xFF, 0xC0, 0x00,
    0xFF, 0xF8, 0x07, 0xFF, 0xC0, 0x3F, 0xFE, 0x01, 0xFF, 0xF0, 0x00, 0x78, 0x00, 0x03, 0xC0, 0x00,
    0x1E, 0x00, 0x00, 0xF0, 0x00, 0x07, 0x80, 0x00, 0x3C, 0x00, 0x01, 0xE0, 0x00, 0x0F, 0x00, 0x00,
    0x78, 0x00, 0x03, 0xC0, 0x00, 0x1E, 0x00, 0x00, 0xF0, 0x00, 0x07, 0x80, 0x00, 0x3C, 0x00, 0x01,
    0xE0, 0x60, 0x1F, 0x07, 0x80, 0xF8, 0x7E, 0x0F, 0x81, 0xFF, 0xFC, 0x07, 0xFF, 0xC0, 0x1F, 0xFC,
    0x00, 0x7F, 0x80, 0x00, 0xF0, 0x00, 0xFD, 0xE0, 0x03, 0xF3, 0xC0, 0x0F, 0xC7, 0x80, 0x3F, 0x0F,
    0x00, 0xFC, 0x1E, 0x03, 0xF0, 0x3C, 0x0F, 0xC0, 0x78, 0x3F, 0x00, 0xF0, 0xFC, 0x01, 0xE3, 0xF0,
    0x03, 0xCF, 0xC0, 0x07, 0xBF, 0x80, 0x0F, 0xFF, 0x00, 0x1F, 0xFF, 0x00, 0x3F, 0xBF, 0x00, 0x7E,
    0x3F, 0x00, 0xF8, 0x3F, 0x01, 0xE0, 0x7E, 0x03, 0xC0, 0x7E, 0x07, 0x80, 0x7E, 0x0F, 0x00, 0x7E,
    0x1E, 0x00, 0xFC, 0x3C, 0x00, 0xFC, 0x78, 0x00, 0xFC, 0xF0, 0x00, 0xFD, 0xE0, 0x01, 0xF8, 0xF0,
    0x00, 0x78, 0x00, 0x3C, 0x00, 0x1E, 0x00, 0x0F, 0x00, 0x07, 0x80, 0x03, 0xC0, 0x01, 0xE0, 0x00,
    0xF0, 0x00, 0x78, 0x00, 0x3C, 0x00, 0x1E, 0x00, 0x0F, 0x00, 0x07, 0x80, 0x03, 0xC0, 0x01, 0xE0,
    0x00, 0xF0, 0x00, 0x78, 0x00, 0x3C, 0x00, 0x1E, 0x00, 0x0F, 0x00, 0x07, 0x80, 0x03, 0xFF, 0xFF,
    0xFF, 0xFF, 0xFF, 0xFF, 0xFF, 0xFF, 0xC0, 0xF8, 0x00, 0x07, 0xFC, 0x00, 0x07, 0xFF, 0x00, 0x07,
    0xFF, 0xC0, 0x03, 0xFF, 0xE0, 0x03, 0xFF, 0xF8, 0x03, 0xFF, 0xFC, 0x01, 0xFF, 0xFF, 0x01, 0xFF,
    0xFF, 0xC0, 0xFF, 0xFB, 0xE0, 0xFB, 0xFC, 0xF8, 0xF9, 0xFE, 0x7E, 0x7C, 0xFF, 0x1F, 0x7C, 0x7F,
    0x87, 0xFC, 0x3F, 0xC3, 0xFE, 0x1F, 0xE0, 0xFE, 0x0F, 0xF0, 0x3E, 0x07, 0xF8, 0x1F, 0x03, 0xFC,
    0x07, 0x01, 0xFE, 0x00, 0x00, 0xFF, 0x00, 0x00, 0x7F, 0x80, 0x00, 0x3F, 0xC0, 0x00, 0x1F, 0xE0,
    0x00, 0x0F, 0xF0, 0x00, 0x07, 0xF8, 0x00, 0x03, 0xC0, 0xF0, 0x00, 0x3F, 0xE0, 0x00, 0xFF, 0xC0,
    0x03, 0xFF, 0x80, 0x0F, 0xFE, 0x00, 0x3F, 0xFC, 0x00, 0xFF, 0xF8, 0x03, 0xFF, 0xF0, 0x0F, 0xF7,
    0xC0, 0x3F, 0xDF, 0x80, 0xFF, 0x3F, 0x03, 0xFC, 0x7E, 0x0F, 0xF0, 0xF8, 0x3F, 0xC3, 0xF0, 0xFF,
    0x07, 0xE3, 0xFC, 0x0F, 0xCF, 0xF0, 0x1F, 0x3F, 0xC0, 0x7E, 0xFF, 0x00, 0xFF, 0xFC, 0x01, 0xFF,
    0xF0, 0x03, 0xFF, 0xC0, 0x07, 0xFF, 0x00, 0x1F, 0xFC, 0x00, 0x3F, 0xF0, 0x00, 0x7F, 0xC0, 0x00,
    0xF0, 0x00, 0xFF, 0xC0, 0x00, 0xFF, 0xFC, 0x00, 0x7F, 0xFF, 0x80, 0x7F, 0xFF, 0xF0, 0x1F, 0xC0,
    0xFE, 0x0F, 0xC0, 0x0F, 0xC7, 0xE0, 0x01, 0xF9, 0xF0, 0x00, 0x3E, 0xF8, 0x00, 0x07, 0xFE, 0x00,
    0x01, 0xFF, 0x80, 0x00, 0x7F, 0xC0, 0x00, 0x0F, 0xF0, 0x00, 0x03, 0xFC, 0x00, 0x00, 0xFF, 0x00,
    0x00, 0x3F, 0xE0, 0x00, 0x1F, 0xF8, 0x00, 0x07, 0xFE, 0x00, 0x01, 0xF7, 0xC0, 0x00, 0xF9, 0xF8,
    0x00, 0x7E, 0x3F, 0x00, 0x3F, 0x07, 0xF0, 0x3F, 0x81, 0xFF, 0xFF, 0xC0, 0x1F, 0xFF, 0xE0, 0x03,
    0xFF, 0xF0, 0x00, 0x3F, 0xF0, 0x00, 0xFF, 0xFC, 0x3F, 0xFF, 0x8F, 0xFF, 0xF3, 0xFF, 0xFE, 0xF0,
    0x0F, 0xFC, 0x01, 0xFF, 0x00, 0x7F, 0xC0, 0x0F, 0xF0, 0x03, 0xFC, 0x01, 0xFF, 0x00, 0x7F, 0xC0,
    0x3F, 0xFF, 0xFF, 0xBF, 0xFF, 0xCF, 0xFF, 0xE3, 0xFF, 0xF0, 0xF0, 0x00, 0x3C, 0x00, 0x0F, 0x00,
    0x03, 0xC0, 0x00, 0xF0, 0x00, 0x3C, 0x00, 0x0F, 0x00, 0x03, 0xC0, 0x00, 0xF0, 0x00, 0x3C, 0x00,
    0x00, 0x00, 0xFF, 0xC0, 0x00, 0xFF, 0xFC, 0x00, 0x7F, 0xFF, 0x80, 0x7F, 0xFF, 0xF0, 0x1F, 0xC0,
    0xFE, 0x0F, 0xC0, 0x0F, 0xC7, 0xE0, 0x01, 0xF9, 0xF0, 0x00, 0x3E, 0xF8, 0x00, 0x07, 0xFE, 0x00,
    0x01, 0xFF, 0x80, 0x00, 0x7F, 0xC0, 0x00, 0x0F, 0xF0, 0x00, 0x03, 0xFC, 0x00, 0x00, 0xFF, 0x00,
    0x00, 0x3F, 0xE0, 0x1C, 0x1F, 0xF8, 0x0F, 0x07, 0xFE, 0x07, 0xE1, 0xF7, 0xC0, 0xFC, 0xF9, 0xF8,
    0x1F, 0xFE, 0x3F, 0x07, 0xFF, 0x07, 0xF0, 0xFF, 0x81, 0xFF, 0xFF, 0xC0, 0x1F, 0xFF, 0xF0, 0x03,
    0xFF, 0xFE, 0x00, 0x3F, 0xFF, 0xC0, 0x00, 0x03, 0xF0, 0x00, 0x00, 0x7E, 0x00, 0x00, 0x0F, 0x00,
    0x00, 0x01, 0x00, 0xFF, 0xFE, 0x07, 0xFF, 0xF8, 0x3F, 0xFF, 0xE1, 0xFF, 0xFF, 0x8F, 0x00, 0x7E,
    0x78, 0x01, 0xF3, 0xC0, 0x0F, 0x9E, 0x00, 0x3C, 0xF0, 0x01, 0xE7, 0x80, 0x0F, 0x3C, 0x00, 0xF9,
    0xE0, 0x0F, 0xCF, 0xFF, 0xFC, 0x7F, 0xFF, 0xC3, 0xFF, 0xFC, 0x1F, 0xFF, 0xC0, 0xF0, 0x3E, 0x07,
    0x81, 0xF8, 0x3C, 0x07, 0xC1, 0xE0, 0x3F, 0x0F, 0x00, 0xF8, 0x78, 0x07, 0xE3, 0xC0, 0x1F, 0x1E,
    0x00, 0x7C, 0xF0, 0x03, 0xF7, 0x80, 0x0F, 0x80, 0x03, 0xFF, 0x00, 0x7F, 0xFC, 0x0F, 0xFF, 0xE1,
    0xFF, 0xFF, 0x3F, 0x03, 0xF3, 0xE0, 0x1E, 0x3C, 0x00, 0xC3, 0xC0, 0x00, 0x3E, 0x00, 0x03, 0xF0,
    0x00, 0x3F, 0xE0, 0x01, 0xFF, 0xC0, 0x0F, 0xFF, 0x80, 0x7F, 0xFC, 0x00, 0xFF, 0xE0, 0x00, 0xFF,
    0x00, 0x03, 0xF0, 0x00, 0x1F, 0x30, 0x00, 0xF3, 0x80, 0x0F, 0x7C, 0x01, 0xF7, 0xF0, 0x3F, 0x7F,
    0xFF, 0xE3, 0xFF, 0xFC, 0x0F, 0xFF, 0x80, 0x3F, 0xE0, 0xFF, 0xFF, 0xFF, 0xFF, 0xFF, 0xFF, 0xFF,
    0xFF, 0xFF, 0xF0, 0x1E, 0x00, 0x03, 0xC0, 0x00, 0x78, 0x00, 0x0F, 0x00, 0x01, 0xE0, 0x00, 0x3C,
    0x00, 0x07, 0x80, 0x00, 0xF0, 0x00, 0x1E, 0x00, 0x03, 0xC0, 0x00, 0x78, 0x00, 0x0F, 0x00, 0x01,
    0xE0, 0x00, 0x3C, 0x00, 0x07, 0x80, 0x00, 0xF0, 0x00, 0x1E, 0x00, 0x03, 0xC0, 0x00, 0x78, 0x00,
    0x0F, 0x00, 0x01, 0xE0, 0x00, 0x3C, 0x00, 0xF0, 0x00, 0x7F, 0x80, 0x03, 0xFC, 0x00, 0x1F, 0xE0,
    0x00, 0xFF, 0x00, 0x07, 0xF8, 0x00, 0x3F, 0xC0, 0x01, 0xFE, 0x00, 0x0F, 0xF0, 0x00, 0x7F, 0x80,
    0x03, 0xFC, 0x00, 0x1F, 0xE0, 0x00, 0xFF, 0x00, 0x07, 0xF8, 0x00, 0x3F, 0xC0, 0x01, 0xFE, 0x00,
    0x0F, 0xF0, 0x00, 0x7F, 0xC0, 0x07, 0xFE, 0x00, 0x3F, 0xF0, 0x01, 0xF7, 0xC0, 0x1F, 0x3F, 0x83,
    0xF8, 0xFF, 0xFF, 0x83, 0xFF, 0xF8, 0x0F, 0xFF, 0x80, 0x1F, 0xF0, 0x00, 0x7C, 0x00, 0x07, 0xDF,
    0x00, 0x03, 0xF3, 0xE0, 0x00, 0xF8, 0xF8, 0x00, 0x3E, 0x3F, 0x00, 0x1F, 0x07, 0xC0, 0x07, 0xC1,
    0xF0, 0x03, 0xF0, 0x3E, 0x00, 0xF8, 0x0F, 0x80, 0x3E, 0x03, 0xF0, 0x1F, 0x00, 0x7C, 0x07, 0xC0,
    0x1F, 0x01, 0xF0, 0x03, 0xE0, 0xF8, 0x00, 0xF8, 0x3E, 0x00, 0x3F, 0x1F, 0x00, 0x07, 0xC7, 0xC0,
    0x01, 0xF1, 0xF0, 0x00, 0x3E, 0xF8, 0x00, 0x0F, 0xBE, 0x00, 0x03, 0xFF, 0x00, 0x00, 0x7F, 0xC0,
    0x00, 0x1F, 0xF0, 0x00, 0x03, 0xF8, 0x00, 0x00, 0xFE, 0x00, 0x00, 0x3F, 0x00, 0x00, 0x07, 0xC0,
    0x00, 0x7C, 0x00, 0x00, 0x00, 0xFB, 0xE0, 0x00, 0x00, 0x0F, 0x9F, 0x00, 0x00, 0x00, 0x7C, 0x7C,
    0x00, 0x00, 0x03, 0xE3, 0xE0, 0x07, 0x80, 0x3E, 0x1F, 0x00, 0x7C, 0x01, 0xF0, 0x7C, 0x03, 0xF0,
    0x0F, 0x83, 0xE0, 0x3F, 0x80, 0xF8, 0x1F, 0x01, 0xFC, 0x07, 0xC0, 0x7C, 0x0F, 0xF0, 0x3E, 0x03,
    0xE0, 0xFF, 0x83, 0xE0, 0x1F, 0x07, 0xBE, 0x1F, 0x00, 0x78, 0x7D, 0xF0, 0xF8, 0x03, 0xE3, 0xE7,
    0x87, 0x80, 0x1F, 0x1E, 0x3E, 0x7C, 0x00, 0x79, 0xF1, 0xF3, 0xE0, 0x03, 0xEF, 0x07, 0xDF, 0x00,
    0x1F, 0xF8, 0x3F, 0xF0, 0x00, 0xFF, 0x80, 0xFF, 0x80, 0x03, 0xFC, 0x07, 0xFC, 0x00, 0x1F, 0xE0,
    0x1F, 0xC0, 0x00, 0xFE, 0x00, 0xFE, 0x00, 0x03, 0xF0, 0x07, 0xF0, 0x00, 0x1F, 0x00, 0x1F, 0x00,
    0x00, 0xF8, 0x00, 0xF8, 0x00, 0x03, 0xC0, 0x03, 0xC0, 0x00, 0x7E, 0x00, 0x1F, 0x1F, 0x80, 0x1F,
    0x8F, 0xC0, 0x0F, 0x83, 0xF0, 0x0F, 0x80, 0xFC, 0x0F, 0xC0, 0x3E, 0x07, 0xC0, 0x1F, 0x87, 0xC0,
    0x07, 0xE7, 0xE0, 0x01, 0xFB, 0xE0, 0x00, 0x7F, 0xE0, 0x00, 0x3F, 0xF0, 0x00, 0x0F, 0xF0, 0x00,
    0x03, 0xF0, 0x00, 0x03, 0xF8, 0x00, 0x01, 0xFE, 0x00, 0x01, 0xFF, 0x80, 0x01, 0xFF, 0xC0, 0x01,
    0xFB, 0xF0, 0x00, 0xF8, 0xFC, 0x00, 0xFC, 0x3E, 0x00, 0xFC, 0x1F, 0x80, 0x7C, 0x07, 0xE0, 0x7E,
    0x01, 0xF8, 0x7E, 0x00, 0xFC, 0x3E, 0x00, 0x3F, 0x3E, 0x00, 0x0F, 0xC0, 0x7C, 0x00, 0x1F, 0xBF,
    0x00, 0x1F, 0x8F, 0xC0, 0x0F, 0x83, 0xE0, 0x0F, 0xC1, 0xF8, 0x07, 0xC0, 0x7E, 0x07, 0xC0, 0x1F,
    0x07, 0xE0, 0x07, 0xC3, 0xE0, 0x03, 0xF3, 0xE0, 0x00, 0xFF, 0xF0, 0x00, 0x3F, 0xF0, 0x00, 0x1F,
    0xF0, 0x00, 0x07, 0xF8, 0x00, 0x01, 0xF8, 0x00, 0x00, 0x78, 0x00, 0x00, 0x3C, 0x00, 0x00, 0x1E,
    0x00, 0x00, 0x0F, 0x00, 0x00, 0x07, 0x80, 0x00, 0x03, 0xC0, 0x00, 0x01, 0xE0, 0x00, 0x00, 0xF0,
    0x00, 0x00, 0x78, 0x00, 0x00, 0x3C, 0x00, 0x00, 0x1E, 0x00, 0x00, 0x0F, 0x00, 0x00, 0x7F, 0xFF,
    0xF7, 0xFF, 0xFF, 0x7F, 0xFF, 0xF7, 0xFF, 0xFF, 0x00, 0x07, 0xE0, 0x00, 0x7C, 0x00, 0x0F, 0xC0,
    0x01, 0xF8, 0x00, 0x3F, 0x00, 0x03, 0xE0, 0x00, 0x7E, 0x00, 0x0F, 0xC0, 0x01, 0xF8, 0x00, 0x1F,
    0x80, 0x03, 0xF0, 0x00, 0x7E, 0x00, 0x07, 0xC0, 0x00, 0xFC, 0x00, 0x1F, 0x80, 0x03, 0xF0, 0x00,
    0x3E, 0x00, 0x07, 0xE0, 0x00, 0xFF, 0xFF, 0xFF, 0xFF, 0xFF, 0xFF, 0xFF, 0xFF, 0xFF, 0xFF, 0xFF,
    0xFF, 0xFF, 0xFF, 0xFF, 0xF0, 0x3C, 0x0F, 0x03, 0xC0, 0xF0, 0x3C, 0x0F, 0x03, 0xC0, 0xF0, 0x3C,
    0x0F, 0x03, 0xC0, 0xF0, 0x3C, 0x0F, 0x03, 0xC0, 0xF0, 0x3C, 0x0F, 0x03, 0xC0, 0xF0, 0x3C, 0x0F,
    0x03, 0xC0, 0xF0, 0x3C, 0x0F, 0xFF, 0xFF, 0xFF, 0xFF, 0xF0, 0x78, 0x00, 0x07, 0xC0, 0x00, 0x3C,
    0x00, 0x03, 0xE0, 0x00, 0x1E, 0x00, 0x01, 0xF0, 0x00, 0x0F, 0x00, 0x00, 0xF8, 0x00, 0x07, 0x80,
    0x00, 0x7C, 0x00, 0x03, 0xC0, 0x00, 0x3E, 0x00, 0x01, 0xE0, 0x00, 0x1F, 0x00, 0x00, 0xF0, 0x00,
    0x0F, 0x80, 0x00, 0x78, 0x00, 0x07, 0xC0, 0x00, 0x3C, 0x00, 0x03, 0xE0, 0x00, 0x1E, 0x00, 0x01,
    0xF0, 0x00, 0x0F, 0x00, 0x00, 0xF8, 0x00, 0x07, 0x80, 0x00, 0x7C, 0x00, 0x03, 0xC0, 0x00, 0x3E,
    0x00, 0x01, 0xE0, 0x00, 0x1F, 0xFF, 0xFF, 0xFF, 0xFF, 0xFF, 0x03, 0xC0, 0xF0, 0x3C, 0x0F, 0x03,
    0xC0, 0xF0, 0x3C, 0x0F, 0x03, 0xC0, 0xF0, 0x3C, 0x0F, 0x03, 0xC0, 0xF0, 0x3C, 0x0F, 0x03, 0xC0,
    0xF0, 0x3C, 0x0F, 0x03, 0xC0, 0xF0, 0x3C, 0x0F, 0x03, 0xC0, 0xFF, 0xFF, 0xFF, 0xFF, 0xFF, 0xF0,
    0x00, 0xF0, 0x00, 0x1F, 0x80, 0x03, 0xF8, 0x00, 0x3F, 0xC0, 0x07, 0xFE, 0x00, 0x7F, 0xE0, 0x0F,
    0x9F, 0x01, 0xF9, 0xF0, 0x1F, 0x0F, 0x83, 0xE0, 0xF8, 0x3E, 0x07, 0xC7, 0xC0, 0x7E, 0x7C, 0x03,
    0xEF, 0x80, 0x1F, 0xFF, 0xFF, 0xFF, 0xFF, 0xFF, 0xFF, 0xFF, 0xFF, 0xFF, 0xFF, 0xFF, 0x00, 0x18,
    0x1E, 0x1F, 0xC7, 0xF0, 0xF8, 0x1C, 0x04, 0x07, 0xF8, 0xF0, 0xFF, 0xEF, 0x1F, 0xFF, 0xF3, 0xFF,
    0xFF, 0x7E, 0x07, 0xF7, 0xC0, 0x3F, 0xF8, 0x01, 0xFF, 0x80, 0x1F, 0xF0, 0x01, 0xFF, 0x00, 0x0F,
    0xF0, 0x00, 0xFF, 0x00, 0x1F, 0xF8, 0x01, 0xFF, 0x80, 0x1F, 0x7C, 0x03, 0xF7, 0xE0, 0x7F, 0x3F,
    0xFF, 0xF1, 0xFF, 0xFF, 0x0F, 0xFE, 0xF0, 0x7F, 0x8F, 0xF0, 0x00, 0x0F, 0x00, 0x00, 0xF0, 0x00,
    0x0F, 0x00, 0x00, 0xF0, 0x00, 0x0F, 0x00, 0x00, 0xF0, 0x00, 0x0F, 0x00, 0x00, 0xF1, 0xFE, 0x0F,
    0x7F, 0xF0, 0xFF, 0xFF, 0x8F, 0xFF, 0xFC, 0xFE, 0x07, 0xEF, 0xC0, 0x3E, 0xF8, 0x01, 0xFF, 0x80,
    0x1F, 0xF0, 0x01, 0xFF, 0x00, 0x0F, 0xF0, 0x00, 0xFF, 0x00, 0x1F, 0xF8, 0x01, 0xFF, 0x80, 0x1F,
    0xFC, 0x03, 0xEF, 0xE0, 0x7E, 0xFF, 0xFF, 0xCF, 0xFF, 0xF8, 0xF7, 0xFF, 0x0F, 0x1F, 0xE0, 0x03,
    0xFC, 0x03, 0xFF, 0xC1, 0xFF, 0xF8, 0xFF, 0xFF, 0x7E, 0x07, 0xDF, 0x00, 0xEF, 0x80, 0x13, 0xE0,
    0x00, 0xF0, 0x00, 0x3C, 0x00, 0x0F, 0x00, 0x03, 0xC0, 0x00, 0xF8, 0x00, 0x3E, 0x00, 0x47, 0xC0,
    0x39, 0xFC, 0x1F, 0x3F, 0xFF, 0xC7, 0xFF, 0xE0, 0xFF, 0xF0, 0x0F, 0xF0, 0x00, 0x00, 0xF0, 0x00,
    0x0F, 0x00, 0x00, 0xF0, 0x00, 0x0F, 0x00, 0x00, 0xF0, 0x00, 0x0F, 0x00, 0x00, 0xF0, 0x00, 0x0F,
    0x07, 0xF8, 0xF0, 0xFF, 0xEF, 0x1F, 0xFF, 0xF3, 0xFF, 0xFF, 0x7E, 0x07, 0xF7, 0xC0, 0x3F, 0xF8,
    0x01, 0xFF, 0x80, 0x1F, 0xF0, 0x01, 0xFF, 0x00, 0x0F, 0xF0, 0x00, 0xFF, 0x00, 0x1F, 0xF8, 0x01,
    0xFF, 0x80, 0x1F, 0x7C, 0x03, 0xF7, 0xE0, 0x7F, 0x3F, 0xFF, 0xF1, 0xFF, 0xFF, 0x0F, 0xFE, 0xF0,
    0x7F, 0x8F, 0x03, 0xFC, 0x01, 0xFF, 0xE0, 0x7F, 0xFE, 0x1F, 0xFF, 0xE7, 0xE0, 0x7C, 0xF8, 0x07,
    0xFE, 0x00, 0x7F, 0xFF, 0xFF, 0xFF, 0xFF, 0xFF, 0xFF, 0xFF, 0xFF, 0xFF, 0xF8, 0x00, 0x0F, 0x80,
    0x01, 0xF0, 0x00, 0x1F, 0x00, 0x63, 0xF8, 0x1E, 0x3F, 0xFF, 0xC3, 0xFF, 0xF8, 0x3F, 0xFE, 0x01,
    0xFF, 0x00, 0x01, 0xE0, 0x3F, 0xC3, 0xFE, 0x3F, 0xE1, 0xF3, 0x0F, 0x00, 0x78, 0x03, 0xC0, 0xFF,
    0xF7, 0xFF, 0xBF, 0xFD, 0xFF, 0xE1, 0xE0, 0x0F, 0x00, 0x78, 0x03, 0xC0, 0x1E, 0x00, 0xF0, 0x07,
    0x80, 0x3C, 0x01, 0xE0, 0x0F, 0x00, 0x78, 0x03, 0xC0, 0x1E, 0x00, 0xF0, 0x07, 0x80, 0x3C, 0x00,
    0x07, 0xF8, 0xF0, 0xFF, 0xEF, 0x1F, 0xFF, 0xF3, 0xFF, 0xFF, 0x7E, 0x07, 0xF7, 0xC0, 0x3F, 0xF8,
    0x01, 0xFF, 0x80, 0x1F, 0xF0, 0x00, 0xFF, 0x00, 0x0F, 0xF0, 0x00, 0xFF, 0x00, 0x0F, 0xF8, 0x01,
    0xFF, 0x80, 0x1F, 0x7C, 0x03, 0xF7, 0xE0, 0x7F, 0x3F, 0xFF, 0xF1, 0xFF, 0xFF, 0x0F, 0xFE, 0xF0,
    0x7F, 0x8F, 0x00, 0x00, 0xF0, 0x00, 0x1F, 0x00, 0x01, 0xF1, 0xC0, 0x7E, 0x1F, 0xFF, 0xE3, 0xFF,
    0xFC, 0x1F, 0xFF, 0x80, 0x7F, 0xE0, 0xF0, 0x00, 0x78, 0x00, 0x3C, 0x00, 0x1E, 0x00, 0x0F, 0x00,
    0x07, 0x80, 0x03, 0xC0, 0x01, 0xE0, 0x00, 0xF1, 0xFC, 0x7B, 0xFF, 0x3F, 0xFF, 0xDF, 0xFF, 0xFF,
    0xC1, 0xFF, 0xC0, 0x7F, 0xE0, 0x1F, 0xE0, 0x0F, 0xF0, 0x07, 0xF8, 0x03, 0xFC, 0x01, 0xFE, 0x00,
    0xFF, 0x00, 0x7F, 0x80, 0x3F, 0xC0, 0x1F, 0xE0, 0x0F, 0xF0, 0x07, 0xF8, 0x03, 0xFC, 0x01, 0xFE,
    0x00, 0xF0, 0xFF, 0xFF, 0xFF, 0x80, 0x00, 0x03, 0xDE, 0xF7, 0xBD, 0xEF, 0x7B, 0xDE, 0xF7, 0xBD,
    0xEF, 0x7B, 0xDE, 0xF7, 0x80, 0x0F, 0x87, 0xC3, 0xE1, 0xF0, 0xF8, 0x00, 0x00, 0x00, 0x0F, 0x07,
    0x83, 0xC1, 0xE0, 0xF0, 0x78, 0x3C, 0x1E, 0x0F, 0x07, 0x83, 0xC1, 0xE0, 0xF0, 0x78, 0x3C, 0x1E,
    0x0F, 0x07, 0x83, 0xC1, 0xE0, 0xF0, 0x78, 0x7C, 0x3E, 0x7F, 0x7F, 0x1F, 0x0F, 0x00, 0xF0, 0x00,
    0x1E, 0x00, 0x03, 0xC0, 0x00, 0x78, 0x00, 0x0F, 0x00, 0x01, 0xE0, 0x00, 0x3C, 0x00, 0x07, 0x80,
    0x00, 0xF0, 0x0F, 0xDE, 0x03, 0xF3, 0xC0, 0xFC, 0x78, 0x3F, 0x0F, 0x0F, 0xC1, 0xE3, 0xF0, 0x3C,
    0xFC, 0x07, 0xBF, 0x00, 0xFF, 0xC0, 0x1F, 0xF8, 0x03, 0xFF, 0x80, 0x7F, 0xF8, 0x0F, 0x9F, 0x01,
    0xE3, 0xF0, 0x3C, 0x3F, 0x07, 0x83, 0xF0, 0xF0, 0x3F, 0x1E, 0x03, 0xF3, 0xC0, 0x3E, 0x78, 0x07,
    0xE0, 0xFF, 0xFF, 0xFF, 0xFF, 0xFF, 0xFF, 0xFF, 0xFF, 0xFF, 0xFF, 0xFF, 0xFF, 0xFF, 0xFF, 0xF1,
    0xFC, 0x0F, 0xE3, 0xDF, 0xF8, 0xFF, 0xCF, 0xFF, 0xF7, 0xFF, 0xBF, 0xFF, 0xFF, 0xFE, 0xFE, 0x1F,
    0xF0, 0xFF, 0xE0, 0x3F, 0x01, 0xFF, 0x80, 0xFC, 0x07, 0xFC, 0x01, 0xE0, 0x0F, 0xF0, 0x07, 0x80,
    0x3F, 0xC0, 0x1E, 0x00, 0xFF, 0x00, 0x78, 0x03, 0xFC, 0x01, 0xE0, 0x0F, 0xF0, 0x07, 0x80, 0x3F,
    0xC0, 0x1E, 0x00, 0xFF, 0x00, 0x78, 0x03, 0xFC, 0x01, 0xE0, 0x0F, 0xF0, 0x07, 0x80, 0x3F, 0xC0,
    0x1E, 0x00, 0xFF, 0x00, 0x78, 0x03, 0xFC, 0x01, 0xE0, 0x0F, 0xF1, 0xFC, 0x7B, 0xFF, 0x3F, 0xFF,
    0xDF, 0xFF, 0xFF, 0xC1, 0xFF, 0xC0, 0x7F, 0xE0, 0x1F, 0xE0, 0x0F, 0xF0, 0x07, 0xF8, 0x03, 0xFC,
    0x01, 0xFE, 0x00, 0xFF, 0x00, 0x7F, 0x80, 0x3F, 0xC0, 0x1F, 0xE0, 0x0F, 0xF0, 0x07, 0xF8, 0x03,
    0xFC, 0x01, 0xFE, 0x00, 0xF0, 0x03, 0xFC, 0x00, 0xFF, 0xF0, 0x1F, 0xFF, 0x83, 0xFF, 0xFC, 0x7E,
    0x07, 0xE7, 0xC0, 0x3E, 0xF8, 0x01, 0xFF, 0x80, 0x1F, 0xF0, 0x00, 0xFF, 0x00, 0x0F, 0xF0, 0x00,
    0xFF, 0x00, 0x0F, 0xF8, 0x01, 0xFF, 0x80, 0x1F, 0x7C, 0x03, 0xE7, 0xE0, 0x7E, 0x3F, 0xFF, 0xC1,
    0xFF, 0xF8, 0x0F, 0xFF, 0x00, 0x3F, 0xC0, 0xF1, 0xFE, 0x0F, 0x7F, 0xF0, 0xFF, 0xFF, 0x8F, 0xFF,
    0xFC, 0xFE, 0x07, 0xEF, 0xC0, 0x3E, 0xF8, 0x01, 0xFF, 0x80, 0x1F, 0xF0, 0x01, 0xFF, 0x00, 0x0F,
    0xF0, 0x00, 0xFF, 0x00, 0x1F, 0xF8, 0x01, 0xFF, 0x80, 0x1F, 0xFC, 0x03, 0xEF, 0xE0, 0x7E, 0xFF,
    0xFF, 0xCF, 0xFF, 0xF8, 0xF7, 0xFF, 0x0F, 0x1F, 0xE0, 0xF0, 0x00, 0x0F, 0x00, 0x00, 0xF0, 0x00,
    0x0F, 0x00, 0x00, 0xF0, 0x00, 0x0F, 0x00, 0x00, 0xF0, 0x00, 0x0F, 0x00, 0x00, 0x07, 0xF9, 0xE3,
    0xFF, 0xBC, 0xFF, 0xFF, 0x9F, 0xFF, 0xF7, 0xE0, 0xFF, 0xF8, 0x0F, 0xFE, 0x00, 0xFF, 0xC0, 0x1F,
    0xF0, 0x01, 0xFE, 0x00, 0x3F, 0xC0, 0x07, 0xF8, 0x00, 0xFF, 0x80, 0x3F, 0xF0, 0x07, 0xFF, 0x01,
    0xFB, 0xF0, 0x7F, 0x3F, 0xFF, 0xE7, 0xFF, 0xFC, 0x3F, 0xF7, 0x83, 0xFC, 0xF0, 0x00, 0x1E, 0x00,
    0x03, 0xC0, 0x00, 0x78, 0x00, 0x0F, 0x00, 0x01, 0xE0, 0x00, 0x3C, 0x00, 0x07, 0x80, 0x00, 0xF0,
    0xF1, 0xF7, 0xBF, 0xBF, 0xFD, 0xFF, 0xEF, 0xE0, 0x7E, 0x03, 0xE0, 0x1E, 0x00, 0xF0, 0x07, 0x80,
    0x3C, 0x01, 0xE0, 0x0F, 0x00, 0x78, 0x03, 0xC0, 0x1E, 0x00, 0xF0, 0x07, 0x80, 0x3C, 0x01, 0xE0,
    0x00, 0x0F, 0xF0, 0x1F, 0xFC, 0x3F, 0xFE, 0x7F, 0xFF, 0x7C, 0x1E, 0x78, 0x04, 0x7C, 0x00, 0x7E,
    0x00, 0x3F, 0xE0, 0x1F, 0xF8, 0x0F, 0xFE, 0x01, 0xFF, 0x00, 0x3F, 0x00, 0x0F, 0x30, 0x0F, 0x7C,
    0x1F, 0xFF, 0xFF, 0x7F, 0xFE, 0x3F, 0xFC, 0x0F, 0xF8, 0x0F, 0x00, 0x78, 0x03, 0xC0, 0x1E, 0x00,
    0xF0, 0x7F, 0xFF, 0xFF, 0xFF, 0xFF, 0xFF, 0xF8, 0x78, 0x03, 0xC0, 0x1E, 0x00, 0xF0, 0x07, 0x80,
    0x3C, 0x01, 0xE0, 0x0F, 0x00, 0x78, 0x03, 0xC0, 0x1E, 0x00, 0xF0, 0x07, 0x80, 0x3C, 0x01, 0xE0,
    0x0F, 0x00, 0xF0, 0x07, 0xF8, 0x03, 0xFC, 0x01, 0xFE, 0x00, 0xFF, 0x00, 0x7F, 0x80, 0x3F, 0xC0,
    0x1F, 0xE0, 0x0F, 0xF0, 0x07, 0xF8, 0x03, 0xFC, 0x01, 0xFE, 0x00, 0xFF, 0x00, 0x7F, 0xC0, 0x7F,
    0xE0, 0x3F, 0xF8, 0x3F, 0x7F, 0xFF, 0xBF, 0xFF, 0xCF, 0xFD, 0xE3, 0xF8, 0xF0, 0x7C, 0x00, 0xFB,
    0xE0, 0x07, 0x9F, 0x00, 0x7C, 0x7C, 0x03, 0xE3, 0xE0, 0x3E, 0x0F, 0x81, 0xF0, 0x7C, 0x0F, 0x01,
    0xE0, 0xF8, 0x0F, 0x87, 0x80, 0x7C, 0x7C, 0x01, 0xF3, 0xC0, 0x0F, 0xBE, 0x00, 0x3D, 0xF0, 0x01,
    0xFF, 0x00, 0x0F, 0xF8, 0x00, 0x3F, 0x80, 0x01, 0xFC, 0x00, 0x07, 0xC0, 0x00, 0x3E, 0x00, 0x00,
    0xF0, 0x00, 0x78, 0x00, 0x00, 0x79, 0xF0, 0x00, 0x03, 0xE7, 0xC0, 0x00, 0x0F, 0x8F, 0x01, 0xE0,
    0x3C, 0x3E, 0x07, 0x81, 0xF0, 0xF8, 0x3F, 0x07, 0xC1, 0xE0, 0xFC, 0x1E, 0x07, 0xC3, 0xF8, 0xF8,
    0x1F, 0x1F, 0xE3, 0xE0, 0x3C, 0x7F, 0x8F, 0x00, 0xF3, 0xDF, 0x3C, 0x03, 0xEF, 0x3D, 0xF0, 0x07,
    0xFC, 0xFF, 0x80, 0x1F, 0xE1, 0xFE, 0x00, 0x7F, 0x87, 0xF8, 0x00, 0xFC, 0x0F, 0xC0, 0x03, 0xF0,
    0x3F, 0x00, 0x0F, 0xC0, 0xFC, 0x00, 0x1E, 0x01, 0xE0, 0x00, 0x78, 0x07, 0x80, 0xFC, 0x01, 0xF3,
    0xF0, 0x1F, 0x0F, 0xC1, 0xF8, 0x3F, 0x0F, 0x80, 0xF8, 0xF8, 0x07, 0xEF, 0x80, 0x1F, 0xFC, 0x00,
    0x7F, 0xC0, 0x01, 0xFC, 0x00, 0x0F, 0xE0, 0x00, 0x7F, 0x00, 0x03, 0xFC, 0x00, 0x3F, 0xE0, 0x03,
    0xFF, 0x80, 0x3F, 0x7E, 0x01, 0xF1, 0xF8, 0x1F, 0x07, 0xC1, 0xF0, 0x3F, 0x1F, 0x80, 0xFC, 0xF8,
    0x03, 0xF0, 0xF8, 0x00, 0xFF, 0xF0, 0x03, 0xE7, 0xC0, 0x0F, 0x9F, 0x80, 0x7E, 0x3E, 0x01, 0xF0,
    0xF8, 0x07, 0xC1, 0xF0, 0x3E, 0x07, 0xC0, 0xF8, 0x0F, 0x83, 0xC0, 0x3E, 0x1F, 0x00, 0x7C, 0x7C,
    0x01, 0xF3, 0xE0, 0x07, 0xCF, 0x80, 0x0F, 0xBC, 0x00, 0x3F, 0xF0, 0x00, 0x7F, 0xC0, 0x01, 0xFE,
    0x00, 0x03, 0xF8, 0x00, 0x0F, 0xC0, 0x00, 0x1F, 0x00, 0x00, 0x7C, 0x00, 0x03, 0xE0, 0x00, 0x0F,
    0x80, 0x00, 0x3C, 0x00, 0x01, 0xF0, 0x00, 0x07, 0xC0, 0x00, 0x3E, 0x00, 0x00, 0xF8, 0x00, 0xFF,
    0xFF, 0xFF, 0xFF, 0xFF, 0xFF, 0xFF, 0x00, 0xFC, 0x03, 0xE0, 0x1F, 0x00, 0xF8, 0x07, 0xE0, 0x1F,
    0x00, 0xF8, 0x07, 0xC0, 0x1F, 0x00, 0xF8, 0x07, 0xC0, 0x3F, 0x00, 0xFF, 0xFF, 0xFF, 0xFF, 0xFF,
    0xFF, 0xFF, 0x00, 0x00, 0x01, 0xE0, 0x1F, 0x80, 0xFE, 0x07, 0xE0, 0x1F, 0x00, 0x7C, 0x01, 0xE0,
    0x07, 0x80, 0x1E, 0x00, 0x78, 0x01, 0xE0, 0x07, 0x80, 0x3E, 0x00, 0xF8, 0x07, 0xC0, 0xFE, 0x03,
    0xF0, 0x0F, 0xE0, 0x0F, 0xC0, 0x0F, 0x80, 0x3E, 0x00, 0x78, 0x01, 0xE0, 0x07, 0x80, 0x1E, 0x00,
    0x78, 0x01, 0xE0, 0x07, 0x80, 0x1F, 0x00, 0x7E, 0x00, 0xFE, 0x01, 0xF8, 0x03, 0xE0, 0x01, 0x80,
    0xFF, 0xFF, 0xFF, 0xFF, 0xFF, 0xFF, 0xFF, 0xFF, 0xFF, 0xFF, 0xFF, 0xFF, 0xFF, 0xFF, 0xFF, 0xFF,
    0xFF, 0xF0, 0x00, 0x01, 0xE0, 0x07, 0xE0, 0x1F, 0xC0, 0x1F, 0x80, 0x3E, 0x00, 0xF8, 0x01, 0xE0,
    0x07, 0x80, 0x1E, 0x00, 0x78, 0x01, 0xE0, 0x07, 0x80, 0x1F, 0x00, 0x7C, 0x00, 0xF8, 0x03, 0xFC,
    0x03, 0xF0, 0x1F, 0xC0, 0xF8, 0x07, 0xC0, 0x1F, 0x00, 0x78, 0x01, 0xE0, 0x07, 0x80, 0x1E, 0x00,
    0x78, 0x01, 0xE0, 0x0F, 0x80, 0x3E, 0x01, 0xF8, 0x1F, 0xC0, 0x7E, 0x01, 0xE0, 0x06, 0x00, 0x00,
    0x1E, 0x00, 0x7F, 0xC7, 0xFF, 0xFF, 0xFF, 0xFF, 0xF7, 0xFE, 0xE0, 0xFE, 0x7F, 0xFF, 0xFF, 0xF8,
    0x00, 0x00, 0x3D, 0xEF, 0x7B, 0xDE, 0xF7, 0xBD, 0xEF, 0x7B, 0xDE, 0xF7, 0xBC, 0x01, 0xE0, 0x00,
    0x78, 0x00, 0x1F, 0x00, 0x1F, 0xF8, 0x1F, 0xFF, 0x0F, 0xFF, 0xE7, 0xFF, 0xFD, 0xFB, 0x9E, 0xFC,
    0xE3, 0x3E, 0x38, 0x0F, 0x8E, 0x03, 0xC3, 0x80, 0xF0, 0xE0, 0x3C, 0x38, 0x0F, 0x8E, 0x03, 0xE3,
    0x80, 0xF8, 0xE1, 0x1F, 0x38, 0xE7, 0xFE, 0x78, 0xFF, 0xFF, 0x1F, 0xFF, 0x83, 0xFF, 0xC0, 0x7F,
    0xC0, 0x07, 0x80, 0x01, 0xE0, 0x00, 0x78, 0x00, 0x01, 0xFF, 0x00, 0x0F, 0xFF, 0x00, 0x7F, 0xFE,
    0x03, 0xFF, 0xF8, 0x1F, 0x81, 0xC0, 0x7C, 0x00, 0x01, 0xF0, 0x00, 0x07, 0x80, 0x00, 0x1E, 0x00,
    0x00, 0x7C, 0x00, 0x07, 0xFF, 0xF0, 0x1F, 0xFF, 0xC0, 0x7F, 0xFF, 0x01, 0xFF, 0xFC, 0x00, 0x7C,
    0x00, 0x01, 0xF0, 0x00, 0x07, 0xC0, 0x00, 0x0F, 0x00, 0x00, 0x3C, 0x00, 0x01, 0xF0, 0x00, 0x07,
    0x80, 0x00, 0xFF, 0xC0, 0xCF, 0xFF, 0xFF, 0xBF, 0xFF, 0xFE, 0x7F, 0xFF, 0xF9, 0x80, 0xFF, 0x80,
    0x00, 0x00, 0x0C, 0x01, 0xC7, 0x9E, 0x7B, 0xFF, 0xFF, 0xFF, 0xFF, 0x8F, 0xFF, 0xC3, 0xF3, 0xF0,
    0xF8, 0x7C, 0x3C, 0x0F, 0x0F, 0x03, 0xC3, 0xE1, 0xF0, 0xF8, 0x7C, 0x3F, 0xFF, 0x1F, 0xFF, 0xEF,
    0xFF, 0xFD, 0xFF, 0xFE, 0x38, 0x07, 0x04, 0x00, 0x00, 0x7E, 0x00, 0x1F, 0x9F, 0x00, 0x1F, 0x8F,
    0xC0, 0x0F, 0x83, 0xF0, 0x0F, 0xC0, 0xF8, 0x0F, 0xC0, 0x7E, 0x07, 0xC0, 0x1F, 0x87, 0xE0, 0x07,
    0xC3, 0xE0, 0x03, 0xF3, 0xE0, 0x00, 0xFF, 0xF0, 0x00, 0x3F, 0xF0, 0x00, 0x0F, 0xF0, 0x00, 0x07,
    0xF8, 0x00, 0x01, 0xF8, 0x00, 0x0F, 0xFF, 0xE0, 0x07, 0xFF, 0xF0, 0x03, 0xFF, 0xF8, 0x01, 0xFF,
    0xFC, 0x00, 0x07, 0x80, 0x00, 0x7F, 0xFF, 0x00, 0x3F, 0xFF, 0x80, 0x1F, 0xFF, 0xC0, 0x0F, 0xFF,
    0xE0, 0x00, 0x3C, 0x00, 0x00, 0x1E, 0x00, 0x00, 0x0F, 0x00, 0x00, 0xFF, 0xFF, 0xFF, 0xFF, 0xFF,
    0xFF, 0xFF, 0xF0, 0x00, 0x00, 0xFF, 0xFF, 0xFF, 0xFF, 0xFF, 0xFF, 0xFF, 0xF0, 0x07, 0xF8, 0x03,
    0xFF, 0x81, 0xFF, 0xF0, 0xFF, 0xFC, 0x3E, 0x0E, 0x0F, 0x00, 0x83, 0xC0, 0x00, 0xF8, 0x00, 0x3F,
    0x00, 0x0F, 0xF8, 0x01, 0xFF, 0xC1, 0xFF, 0xFC, 0x7F, 0xFF, 0xBE, 0x3F, 0xFF, 0x01, 0xFF, 0xC0,
    0x1F, 0xF8, 0x03, 0xFF, 0x01, 0xFF, 0xFC, 0xFD, 0xFF, 0xFE, 0x3F, 0xFF, 0x03, 0xFF, 0x80, 0x1F,
    0xF0, 0x00, 0xFC, 0x00, 0x1F, 0x08, 0x03, 0xC7, 0x81, 0xF3, 0xF8, 0xFC, 0xFF, 0xFE, 0x0F, 0xFF,
    0x81, 0xFF, 0xC0, 0x0F, 0x80, 0xF8, 0xFF, 0xC7, 0xFE, 0x3F, 0xF1, 0xFF, 0x8F, 0x80, 0x00, 0x7F,
    0xC0, 0x00, 0x3F, 0xFE, 0x00, 0x1F, 0xFF, 0xF0, 0x07, 0xF8, 0xFF, 0x01, 0xF8, 0x03, 0xF0, 0x7C,
    0x3E, 0x1F, 0x0F, 0x1F, 0xF1, 0xE3, 0xC7, 0xFF, 0x1E, 0x79, 0xFF, 0xE3, 0xDE, 0x3F, 0x38, 0x3F,
    0xCF, 0x81, 0x07, 0xF1, 0xE0, 0x00, 0xFE, 0x3C, 0x00, 0x0F, 0xC7, 0x00, 0x01, 0xF8, 0xE0, 0x00,
    0x3F, 0x1E, 0x00, 0x0F, 0xF3, 0xE0, 0x41, 0xFE, 0x3F, 0x38, 0x3D, 0xC7, 0xFF, 0x8F, 0x3C, 0x7F,
    0xF1, 0xE7, 0xC7, 0xFC, 0x78, 0x7C, 0x3E, 0x1F, 0x07, 0xC0, 0x0F, 0xC0, 0x7F, 0x07, 0xF0, 0x07,
    0xFF, 0xFC, 0x00, 0x3F, 0xFE, 0x00, 0x01, 0xFF, 0x00, 0x00, 0x3F, 0x77, 0xFF, 0xFF, 0xFF, 0x9F,
    0xF0, 0xFE, 0x0F, 0xF0, 0x7F, 0x0F, 0xF9, 0xFF, 0xFF, 0x7F, 0xF3, 0xF7, 0x02, 0x02, 0x03, 0x83,
    0x83, 0xE3, 0xE1, 0xE1, 0xE1, 0xE1, 0xE1, 0xF1, 0xF1, 0xF1, 0xF0, 0xF0, 0xF0, 0xF8, 0xF8, 0x3E,
    0x3E, 0x0F, 0x0F, 0x07, 0xC7, 0xC1, 0xF1, 0xF0, 0x7C, 0x78, 0x1E, 0x1E, 0x0E, 0x0E, 0x00, 0x00,
    0x00, 0xFF, 0xFF, 0xFF, 0xFF, 0xFF, 0xFF, 0xFF, 0xFF, 0xFF, 0xFF, 0xFF, 0x00, 0x00, 0x3C, 0x00,
    0x00, 0xF0, 0x00, 0x03, 0xC0, 0x00, 0x0F, 0x00, 0x00, 0x3C, 0x00, 0x00, 0xF0, 0x00, 0x03, 0xC0,
    0xFF, 0xFF, 0xFF, 0xFF, 0xFF, 0xF0, 0x07, 0xF0, 0x07, 0xFF, 0x03, 0xFF, 0xE1, 0xE0, 0x3C, 0x77,
    0xE7, 0xB9, 0xFC, 0xEE, 0x77, 0x3B, 0x9D, 0xC6, 0xE7, 0xF1, 0xF9, 0xF8, 0x6E, 0x7E, 0x3B, 0x9D,
    0xCE, 0x77, 0x77, 0x9F, 0x8F, 0xC3, 0xFF, 0xE0, 0x7F, 0xF0, 0x07, 0xF0, 0x00, 0xFF, 0xFF, 0xFF,
    0xFF, 0x80, 0x1F, 0x83, 0xFC, 0x7F, 0xEF, 0x9F, 0xF0, 0xFE, 0x07, 0xE0, 0x7F, 0x0F, 0xF9, 0xF7,
    0xFE, 0x7F, 0xC1, 0xF8, 0x01, 0xE0, 0x00, 0x78, 0x00, 0x1E, 0x00, 0x07, 0x80, 0x01, 0xE0, 0x00,
    0x78, 0x0F, 0xFF, 0xFF, 0xFF, 0xFF, 0xFF, 0xFF, 0xFF, 0xFF, 0xF0, 0x1E, 0x00, 0x07, 0x80, 0x01,
    0xE0, 0x00, 0x78, 0x00, 0x1E, 0x00, 0x00, 0x00, 0xFF, 0xFF, 0xFF, 0xFF, 0xFF, 0xFF, 0xFF, 0xFF,
    0xFF, 0x1F, 0x87, 0xF9, 0xFF, 0x3D, 0xE2, 0x1C, 0x07, 0x81, 0xE0, 0x78, 0x1E, 0x07, 0x81, 0xFF,
    0x3F, 0xE7, 0xFC, 0x7F, 0x8F, 0xF1, 0xFE, 0x07, 0xC1, 0xE0, 0x7F, 0x0F, 0xF1, 0xFE, 0x03, 0xC0,
    0x39, 0xFF, 0x3F, 0xE7, 0xF8, 0x3C, 0x00, 0x00, 0x03, 0x07, 0xC7, 0xE7, 0xF7, 0xE1, 0xC0, 0x80,
    0xF0, 0x07, 0xF8, 0x03, 0xFC, 0x01, 0xFE, 0x00, 0xFF, 0x00, 0x7F, 0x80, 0x3F, 0xC0, 0x1F, 0xE0,
    0x0F, 0xF0, 0x07, 0xF8, 0x03, 0xFC, 0x01, 0xFE, 0x00, 0xFF, 0x00, 0xFF, 0xC0, 0x7F, 0xE0, 0x7F,
    0xF8, 0x7F, 0xFF, 0xFF, 0xFF, 0xFF, 0xFF, 0xFD, 0xFE, 0xFC, 0xFF, 0x00, 0x07, 0x80, 0x03, 0xC0,
    0x01, 0xE0, 0x00, 0xF0, 0x00, 0x00, 0x07, 0xFF, 0xFC, 0x7F, 0xFF, 0xF3, 0xFF, 0xFF, 0xDF, 0xFF,
    0xFF, 0x7F, 0xF0, 0x3F, 0xFF, 0xC0, 0xFF, 0xFF, 0x03, 0xFF, 0xFC, 0x0F, 0xFF, 0xF0, 0x3F, 0xFF,
    0xC0, 0xF7, 0xFF, 0x03, 0xDF, 0xFC, 0x0F, 0x7F, 0xF0, 0x3C, 0xFF, 0xC0, 0xF1, 0xFF, 0x03, 0xC1,
    0xFC, 0x0F, 0x00, 0xF0, 0x3C, 0x03, 0xC0, 0xF0, 0x0F, 0x03, 0xC0, 0x3C, 0x0F, 0x00, 0xF0, 0x3C,
    0x03, 0xC0, 0xF0, 0x0F, 0x03, 0xC0, 0x3C, 0x0F, 0x00, 0xF0, 0x3C, 0x03, 0xC0, 0xF0, 0x7F, 0xFF,
    0xFF, 0xF8, 0x1C, 0x38, 0x3C, 0x7E, 0x7F, 0x0F, 0x0F, 0x3F, 0xFE, 0x78, 0x3D, 0xFB, 0xF7, 0xE5,
    0xC3, 0x87, 0x0E, 0x1C, 0x38, 0x70, 0xE1, 0xC0, 0x1F, 0x87, 0xFC, 0x7F, 0xEF, 0x9F, 0xF0, 0xFF,
    0x0F, 0xE0, 0x7F, 0x0F, 0xF9, 0xF7, 0xFE, 0x7F, 0xE1, 0xF8, 0x20, 0x20, 0x38, 0x38, 0x3E, 0x3E,
    0x0F, 0x8F, 0x83, 0xC3, 0xE1, 0xF0, 0xF0, 0x7C, 0x7C, 0x1F, 0x1F, 0x0F, 0x8F, 0x87, 0x87, 0x87,
    0xC7, 0xC7, 0xC7, 0xC7, 0xC3, 0xC3, 0xC3, 0xC3, 0xE3, 0xE0, 0xE0, 0xE0, 0x00, 0x00, 0x00, 0x3C,
    0x00, 0x1E, 0x3F, 0x00, 0x0F, 0x8F, 0xC0, 0x03, 0xC3, 0xF0, 0x01, 0xF0, 0x5C, 0x00, 0xF8, 0x07,
    0x00, 0x3C, 0x01, 0xC0, 0x1E, 0x00, 0x70, 0x0F, 0x80, 0x1C, 0x03, 0xC0, 0x07, 0x01, 0xE0, 0x01,
    0xC0, 0xF8, 0x00, 0x70, 0x3C, 0x00, 0x1C, 0x1E, 0x03, 0x00, 0x0F, 0x83, 0xC0, 0x03, 0xC0, 0xF0,
    0x01, 0xE0, 0x7C, 0x00, 0xF8, 0x3F, 0x00, 0x3C, 0x1F, 0xC0, 0x1E, 0x0F, 0x70, 0x0F, 0x87, 0x9C,
    0x07, 0xC1, 0xFF, 0xC1, 0xE0, 0x7F, 0xF0, 0xF8, 0x1F, 0xFC, 0x7C, 0x00, 0x1C, 0x1E, 0x00, 0x07,
    0x0F, 0x80, 0x01, 0xC0, 0x3C, 0x00, 0x1F, 0x3F, 0x00, 0x0F, 0x8F, 0xC0, 0x03, 0xC3, 0xF0, 0x01,
    0xF0, 0x5C, 0x00, 0xF8, 0x07, 0x00, 0x3C, 0x01, 0xC0, 0x1F, 0x00, 0x70, 0x0F, 0x80, 0x1C, 0x03,
    0xC0, 0x07, 0x01, 0xF0, 0x01, 0xC0, 0xF8, 0x00, 0x70, 0x3C, 0x00, 0x1C, 0x1F, 0x1F, 0x00, 0x0F,
    0x8F, 0xE0, 0x03, 0xC7, 0xFC, 0x01, 0xF1, 0xEF, 0x00, 0xF8, 0x71, 0xC0, 0x3C, 0x00, 0xF0, 0x1E,
    0x00, 0x7C, 0x0F, 0x80, 0x3E, 0x03, 0xC0, 0x1F, 0x01, 0xE0, 0x0F, 0x80, 0xF8, 0x03, 0xC0, 0x3C,
    0x01, 0xFF, 0x1E, 0x00, 0x7F, 0xCF, 0x80, 0x1F, 0xF0, 0x7F, 0x80, 0x07, 0xC7, 0xF8, 0x00, 0x78,
    0x7F, 0x80, 0x0F, 0x80, 0xF0, 0x01, 0xF0, 0x3E, 0x00, 0x1E, 0x03, 0xF8, 0x03, 0xE0, 0x3F, 0xC0,
    0x7C, 0x03, 0x3C, 0x07, 0x80, 0x01, 0xC0, 0xF8, 0x00, 0x1C, 0x1F, 0x00, 0x77, 0xC1, 0xE0, 0x07,
    0xF8, 0x3C, 0x00, 0x7F, 0x07, 0xC1, 0xC0, 0x80, 0x78, 0x3C, 0x00, 0x0F, 0x07, 0xC0, 0x01, 0xF0,
    0x7C, 0x00, 0x1E, 0x0F, 0xC0, 0x03, 0xC1, 0xFC, 0x00, 0x7C, 0x3D, 0xC0, 0x0F, 0x87, 0x9C, 0x00,
    0xF0, 0x7F, 0xF0, 0x1F, 0x07, 0xFF, 0x03, 0xE0, 0x7F, 0xF0, 0x3C, 0x00, 0x1C, 0x07, 0xC0, 0x01,
    0xC0, 0xF8, 0x00, 0x1C, 0x00, 0xF0, 0x00, 0x7C, 0x00, 0x1F, 0x00, 0x07, 0xC0, 0x01, 0xF0, 0x00,
    0x78, 0x00, 0x00, 0x00, 0x00, 0x00, 0x00, 0xE0, 0x00, 0x78, 0x00, 0x1E, 0x00, 0x07, 0xC0, 0x07,
    0xF0, 0x07, 0xFC, 0x03, 0xFE, 0x01, 0xFC, 0x00, 0x7C, 0x00, 0x3E, 0x00, 0x0F, 0x80, 0x03, 0xC0,
    0x08, 0xF0, 0x07, 0x3E, 0x03, 0xEF, 0xC1, 0xF9, 0xFF, 0xFC, 0x3F, 0xFE, 0x07, 0xFF, 0x00, 0xFF,
    0x00, 0x00, 0x00, 0x00, 0x00, 0x1C, 0x00, 0x00, 0x07, 0xC0, 0x00, 0x03, 0xF8, 0x00, 0x00, 0xFF,
    0x80, 0x00, 0x07, 0xE0, 0x00, 0x00, 0x38, 0x00, 0x00, 0x00, 0x00, 0x00, 0x00, 0x00, 0x00, 0x07,
    0xC0, 0x00, 0x03, 0xF0, 0x00, 0x00, 0xFE, 0x00, 0x00, 0x7F, 0x80, 0x00, 0x1F, 0xE0, 0x00, 0x07,
    0xFC, 0x00, 0x03, 0xFF, 0x00, 0x00, 0xF3, 0xE0, 0x00, 0x7C, 0xF8, 0x00, 0x1F, 0x3E, 0x00, 0x07,
    0x87, 0xC0, 0x03, 0xE1, 0xF0, 0x00, 0xF8, 0x7C, 0x00, 0x7C, 0x0F, 0x80, 0x1F, 0x03, 0xE0, 0x07,
    0x80, 0x7C, 0x03, 0xFF, 0xFF, 0x00, 0xFF, 0xFF, 0xC0, 0x7F, 0xFF, 0xF8, 0x1F, 0xFF, 0xFE, 0x07,
    0xC0, 0x07, 0xC3, 0xE0, 0x01, 0xF0, 0xF8, 0x00, 0x7C, 0x3C, 0x00, 0x0F, 0x9F, 0x00, 0x03, 0xE7,
    0xC0, 0x00, 0xFC, 0x00, 0x00, 0x00, 0x00, 0x00, 0x60, 0x00, 0x00, 0x7C, 0x00, 0x00, 0x7F, 0x00,
    0x00, 0x3F, 0xC0, 0x00, 0x1F, 0xC0, 0x00, 0x03, 0x80, 0x00, 0x00, 0x00, 0x00, 0x00, 0x00, 0x00,
    0x00, 0x07, 0xC0, 0x00, 0x03, 0xF0, 0x00, 0x00, 0xFE, 0x00, 0x00, 0x7F, 0x80, 0x00, 0x1F, 0xE0,
    0x00, 0x07, 0xFC, 0x00, 0x03, 0xFF, 0x00, 0x00, 0xF3, 0xE0, 0x00, 0x7C, 0xF8, 0x00, 0x1F, 0x3E,
    0x00, 0x07, 0x87, 0xC0, 0x03, 0xE1, 0xF0, 0x00, 0xF8, 0x7C, 0x00, 0x7C, 0x0F, 0x80, 0x1F, 0x03,
    0xE0, 0x07, 0x80, 0x7C, 0x03, 0xFF, 0xFF, 0x00, 0xFF, 0xFF, 0xC0, 0x7F, 0xFF, 0xF8, 0x1F, 0xFF,
    0xFE, 0x07, 0xC0, 0x07, 0xC3, 0xE0, 0x01, 0xF0, 0xF8, 0x00, 0x7C, 0x3C, 0x00, 0x0F, 0x9F, 0x00,
    0x03, 0xE7, 0xC0, 0x00, 0xFC, 0x00, 0x1E, 0x00, 0x00, 0x0F, 0xC0, 0x00, 0x07, 0xF8, 0x00, 0x03,
    0xFF, 0x00, 0x01, 0xF3, 0xE0, 0x00, 0x30, 0x38, 0x00, 0x00, 0x00, 0x00, 0x00, 0x00, 0x00, 0x00,
    0x1F, 0x00, 0x00, 0x0F, 0xC0, 0x00, 0x03, 0xF8, 0x00, 0x01, 0xFE, 0x00, 0x00, 0x7F, 0x80, 0x00,
    0x1F, 0xF0, 0x00, 0x0F, 0xFC, 0x00, 0x03, 0xCF, 0x80, 0x01, 0xF3, 0xE0, 0x00, 0x7C, 0xF8, 0x00,
    0x1E, 0x1F, 0x00, 0x0F, 0x87, 0xC0, 0x03, 0xE1, 0xF0, 0x01, 0xF0, 0x3E, 0x00, 0x7C, 0x0F, 0x80,
    0x1E, 0x01, 0xF0, 0x0F, 0xFF, 0xFC, 0x03, 0xFF, 0xFF, 0x01, 0xFF, 0xFF, 0xE0, 0x7F, 0xFF, 0xF8,
    0x1F, 0x00, 0x1F, 0x0F, 0x80, 0x07, 0xC3, 0xE0, 0x01, 0xF0, 0xF0, 0x00, 0x3E, 0x7C, 0x00, 0x0F,
    0x9F, 0x00, 0x03, 0xF0, 0x00, 0xFC, 0xE0, 0x01, 0xFF, 0xF0, 0x00, 0xFF, 0xF8, 0x00, 0x7B, 0xF8,
    0x00, 0x00, 0x00, 0x00, 0x00, 0x00, 0x00, 0x00, 0x00, 0x00, 0x00, 0x7C, 0x00, 0x00, 0x3F, 0x00,
    0x00, 0x3F, 0x80, 0x00, 0x1F, 0xC0, 0x00, 0x1F, 0xF0, 0x00, 0x0F, 0xF8, 0x00, 0x07, 0xBE, 0x00,
    0x07, 0xDF, 0x00, 0x03, 0xEF, 0x80, 0x03, 0xE3, 0xE0, 0x01, 0xF1, 0xF0, 0x00, 0xF0, 0xF8, 0x00,
    0xF8, 0x3E, 0x00, 0x7C, 0x1F, 0x00, 0x7C, 0x07, 0xC0, 0x3E, 0x03, 0xE0, 0x1F, 0xFF, 0xF0, 0x1F,
    0xFF, 0xFC, 0x0F, 0xFF, 0xFE, 0x07, 0xFF, 0xFF, 0x87, 0xC0, 0x07, 0xC3, 0xE0, 0x03, 0xE3, 0xE0,
    0x00, 0xF9, 0xF0, 0x00, 0x7C, 0xF0, 0x00, 0x3E, 0xF8, 0x00, 0x0F, 0x80, 0x03, 0xE3, 0xE0, 0x01,
    0xF1, 0xF0, 0x00, 0xF8, 0xF8, 0x00, 0x7C, 0x7C, 0x00, 0x3E, 0x3E, 0x00, 0x00, 0x00, 0x00, 0x00,
    0x00, 0x00, 0x00, 0x7C, 0x00, 0x00, 0x7F, 0x00, 0x00, 0x3F, 0x80, 0x00, 0x1F, 0xE0, 0x00, 0x1F,
    0xF0, 0x00, 0x0F, 0xF8, 0x00, 0x0F, 0xBE, 0x00, 0x07, 0xDF, 0x00, 0x03, 0xEF, 0x80, 0x03, 0xE3,
    0xE0, 0x01, 0xF1, 0xF0, 0x01, 0xF0, 0xFC, 0x00, 0xF8, 0x3E, 0x00, 0x7C, 0x1F, 0x00, 0x7C, 0x07,
    0xC0, 0x3E, 0x03, 0xE0, 0x1F, 0xFF, 0xF0, 0x1F, 0xFF, 0xFC, 0x0F, 0xFF, 0xFE, 0x0F, 0xFF, 0xFF,
    0x87, 0xC0, 0x07, 0xC3, 0xE0, 0x03, 0xE3, 0xE0, 0x00, 0xF9, 0xF0, 0x00, 0x7D, 0xF0, 0x00, 0x3F,
    0xF8, 0x00, 0x0F, 0x80, 0x00, 0x00, 0x00, 0x00, 0x0F, 0xC0, 0x00, 0x07, 0xF8, 0x00, 0x01, 0xCE,
    0x00, 0x00, 0x71, 0xC0, 0x00, 0x1C, 0xE0, 0x00, 0x07, 0xF8, 0x00, 0x00, 0xFE, 0x00, 0x00, 0x3F,
    0x00, 0x00, 0x0F, 0xC0, 0x00, 0x03, 0xF8, 0x00, 0x01, 0xFE, 0x00, 0x00, 0x7F, 0x80, 0x00, 0x3F,
    0xF0, 0x00, 0x0F, 0xFC, 0x00, 0x03, 0xCF, 0x80, 0x01, 0xF3, 0xE0, 0x00, 0x7C, 0xF8, 0x00, 0x1E,
    0x1F, 0x00, 0x0F, 0x87, 0xC0, 0x03, 0xE1, 0xF0, 0x01, 0xF0, 0x3E, 0x00, 0x7C, 0x0F, 0x80, 0x1E,
    0x01, 0xF0, 0x0F, 0xFF, 0xFC, 0x03, 0xFF, 0xFF, 0x01, 0xFF, 0xFF, 0xE0, 0x7F, 0xFF, 0xF8, 0x1F,
    0x00, 0x3F, 0x0F, 0x80, 0x07, 0xC3, 0xE0, 0x01, 0xF0, 0xF0, 0x00, 0x3E, 0x7C, 0x00, 0x0F, 0x9F,
    0x00, 0x03, 0xE0, 0x00, 0x00, 0x3F, 0xFF, 0xC0, 0x00, 0x0F, 0xFF, 0xF0, 0x00, 0x07, 0xFF, 0xFC,
    0x00, 0x03, 0xFF, 0xFF, 0x00, 0x01, 0xFC, 0x00, 0x00, 0x00, 0x7F, 0x00, 0x00, 0x00, 0x3F, 0xC0,
    0x00, 0x00, 0x1F, 0xF0, 0x00, 0x00, 0x07, 0xBC, 0x00, 0x00, 0x03, 0xEF, 0x00, 0x00, 0x01, 0xF3,
    0xC0, 0x00, 0x00, 0x78, 0xFF, 0xFE, 0x00, 0x3E, 0x3F, 0xFF, 0x80, 0x1F, 0x0F, 0xFF, 0xE0, 0x0F,
    0x83, 0xFF, 0xF8, 0x03, 0xE0, 0xF0, 0x00, 0x01, 0xF0, 0x3C, 0x00, 0x00, 0xFF, 0xFF, 0x00, 0x00,
    0x3F, 0xFF, 0xC0, 0x00, 0x1F, 0xFF, 0xF0, 0x00, 0x0F, 0xFF, 0xFC, 0x00, 0x07, 0xC0, 0x0F, 0x00,
    0x01, 0xF0, 0x03, 0xFF, 0xFC, 0xF8, 0x00, 0xFF, 0xFF, 0x7C, 0x00, 0x3F, 0xFF, 0xDF, 0x00, 0x0F,
    0xFF, 0xF0, 0x00, 0xFF, 0xC0, 0x07, 0xFF, 0xE0, 0x1F, 0xFF, 0xE0, 0xFF, 0xFF, 0xE1, 0xFC, 0x0F,
    0xC7, 0xE0, 0x0F, 0x1F, 0x80, 0x04, 0x3E, 0x00, 0x00, 0xF8, 0x00, 0x01, 0xF0, 0x00, 0x03, 0xE0,
    0x00, 0x07, 0x80, 0x00, 0x0F, 0x00, 0x00, 0x1E, 0x00, 0x00, 0x3C, 0x00, 0x00, 0x7C, 0x00, 0x00,
    0xF8, 0x00, 0x01, 0xF0, 0x00, 0x01, 0xF0, 0x00, 0x03, 0xF0, 0x00, 0x03, 0xF0, 0x03, 0x87, 0xF8,
    0x1F, 0x07, 0xFF, 0xFF, 0x07, 0xFF, 0xFE, 0x03, 0xFF, 0xF0, 0x01, 0xFF, 0x80, 0x00, 0xE0, 0x00,
    0x01, 0xE0, 0x00, 0x07, 0xE0, 0x00, 0x0F, 0xE0, 0x00, 0x03, 0xC0, 0x00, 0x07, 0x80, 0x00, 0x3F,
    0x00, 0x01, 0xFC, 0x00, 0x03, 0xE0, 0x00, 0x00, 0x00, 0x03, 0x00, 0x03, 0xE0, 0x01, 0xFC, 0x00,
    0xFF, 0x00, 0x1F, 0xC0, 0x01, 0xC0, 0x00, 0x00, 0x00, 0x00, 0x7F, 0xFF, 0xFF, 0xFF, 0xFF, 0xFF,
    0xFF, 0xFF, 0xFF, 0x80, 0x03, 0xC0, 0x01, 0xE0, 0x00, 0xF0, 0x00, 0x78, 0x00, 0x3C, 0x00, 0x1E,
    0x00, 0x0F, 0xFF, 0xE7, 0xFF, 0xF3, 0xFF, 0xF9, 0xFF, 0xFC, 0xF0, 0x00, 0x78, 0x00, 0x3C, 0x00,
    0x1E, 0x00, 0x0F, 0x00, 0x07, 0x80, 0x03, 0xC0, 0x01, 0xFF, 0xFF, 0xFF, 0xFF, 0xFF, 0xFF, 0xFF,
    0xFF, 0xE0, 0x00, 0x00, 0x00, 0x1C, 0x00, 0x3E, 0x00, 0x3F, 0x80, 0x7F, 0xC0, 0x3F, 0x00, 0x1C,
    0x00, 0x00, 0x00, 0x00, 0x00, 0x7F, 0xFF, 0xFF, 0xFF, 0xFF, 0xFF, 0xFF, 0xFF, 0xFF, 0x80, 0x03,
    0xC0, 0x01, 0xE0, 0x00, 0xF0, 0x00, 0x78, 0x00, 0x3C, 0x00, 0x1E, 0x00, 0x0F, 0xFF, 0xE7, 0xFF,
    0xF3, 0xFF, 0xF9, 0xFF, 0xFC, 0xF0, 0x00, 0x78, 0x00, 0x3C, 0x00, 0x1E, 0x00, 0x0F, 0x00, 0x07,
    0x80, 0x03, 0xC0, 0x01, 0xFF, 0xFF, 0xFF, 0xFF, 0xFF, 0xFF, 0xFF, 0xFF, 0xE0, 0x01, 0xC0, 0x03,
    0xF8, 0x03, 0xFE, 0x03, 0xFF, 0x83, 0xF7, 0xE0, 0xE0, 0xE0, 0x00, 0x00, 0x00, 0x00, 0xFF, 0xFF,
    0xFF, 0xFF, 0xFF, 0xFF, 0xFF, 0xFF, 0xFF, 0x00, 0x07, 0x80, 0x03, 0xC0, 0x01, 0xE0, 0x00, 0xF0,
    0x00, 0x78, 0x00, 0x3C, 0x00, 0x1F, 0xFF, 0xCF, 0xFF, 0xE7, 0xFF, 0xF3, 0xFF, 0xF9, 0xE0, 0x00,
    0xF0, 0x00, 0x78, 0x00, 0x3C, 0x00, 0x1E, 0x00, 0x0F, 0x00, 0x07, 0x80, 0x03, 0xFF, 0xFF, 0xFF,
    0xFF, 0xFF, 0xFF, 0xFF, 0xFF, 0xC0, 0x3E, 0x3E, 0x1F, 0x1F, 0x0F, 0x8F, 0x87, 0xC7, 0xC3, 0xE3,
    0xE0, 0x00, 0x00, 0x00, 0x01, 0xFF, 0xFF, 0xFF, 0xFF, 0xFF, 0xFF, 0xFF, 0xFF, 0xFE, 0x00, 0x0F,
    0x00, 0x07, 0x80, 0x03, 0xC0, 0x01, 0xE0, 0x00, 0xF0, 0x00, 0x78, 0x00, 0x3F, 0xFF, 0x9F, 0xFF,
    0xCF, 0xFF, 0xE7, 0xFF, 0xF3, 0xC0, 0x01, 0xE0, 0x00, 0xF0, 0x00, 0x78, 0x00, 0x3C, 0x00, 0x1E,
    0x00, 0x0F, 0x00, 0x07, 0xFF, 0xFF, 0xFF, 0xFF, 0xFF, 0xFF, 0xFF, 0xFF, 0x80, 0x00, 0x01, 0xC0,
    0x0F, 0x80, 0xFE, 0x03, 0xFC, 0x07, 0xE0, 0x07, 0x00, 0x00, 0x00, 0x07, 0xFF, 0xFF, 0xFF, 0xFF,
    0xFF, 0xFF, 0x87, 0x80, 0x3C, 0x01, 0xE0, 0x0F, 0x00, 0x78, 0x03, 0xC0, 0x1E, 0x00, 0xF0, 0x07,
    0x80, 0x3C, 0x01, 0xE0, 0x0F, 0x00, 0x78, 0x03, 0xC0, 0x1E, 0x00, 0xF0, 0x07, 0x80, 0x3C, 0x1F,
    0xFF, 0xFF, 0xFF, 0xFF, 0xFF, 0xFE, 0x00, 0x00, 0x06, 0x00, 0xF8, 0x1F, 0xE1, 0xFF, 0x1F, 0xC0,
    0x70, 0x00, 0x00, 0x00, 0x07, 0xFF, 0xFF, 0xFF, 0xFF, 0xFF, 0xFF, 0x87, 0x80, 0x3C, 0x01, 0xE0,
    0x0F, 0x00, 0x78, 0x03, 0xC0, 0x1E, 0x00, 0xF0, 0x07, 0x80, 0x3C, 0x01, 0xE0, 0x0F, 0x00, 0x78,
    0x03, 0xC0, 0x1E, 0x00, 0xF0, 0x07, 0x80, 0x3C, 0x1F, 0xFF, 0xFF, 0xFF, 0xFF, 0xFF, 0xFE, 0x0F,
    0x00, 0xFC, 0x0F, 0xF8, 0xFF, 0xEF, 0x9F, 0xB0, 0x38, 0x00, 0x00, 0x00, 0xFF, 0xFF, 0xFF, 0xFF,
    0xFF, 0xFF, 0xF0, 0xF0, 0x07, 0x80, 0x3C, 0x01, 0xE0, 0x0F, 0x00, 0x78, 0x03, 0xC0, 0x1E, 0x00,
    0xF0, 0x07, 0x80, 0x3C, 0x01, 0xE0, 0x0F, 0x00, 0x78, 0x03, 0xC0, 0x1E, 0x00, 0xF0, 0x07, 0x83,
    0xFF, 0xFF, 0xFF, 0xFF, 0xFF, 0xFF, 0xC0, 0xF8, 0xFF, 0xC7, 0xFE, 0x3F, 0xF1, 0xFF, 0x8F, 0x80,
    0x00, 0x00, 0x1F, 0xFF, 0xFF, 0xFF, 0xFF, 0xFF, 0xFE, 0x1E, 0x00, 0xF0, 0x07, 0x80, 0x3C, 0x01,
    0xE0, 0x0F, 0x00, 0x78, 0x03, 0xC0, 0x1E, 0x00, 0xF0, 0x07, 0x80, 0x3C, 0x01, 0xE0, 0x0F, 0x00,
    0x78, 0x03, 0xC0, 0x1E, 0x00, 0xF0, 0x7F, 0xFF, 0xFF, 0xFF, 0xFF, 0xFF, 0xF8, 0x3F, 0xFF, 0xC0,
    0x1F, 0xFF, 0xF8, 0x0F, 0xFF, 0xFE, 0x07, 0xFF, 0xFF, 0x83, 0xC0, 0x0F, 0xE1, 0xE0, 0x01, 0xF0,
    0xF0, 0x00, 0x7C, 0x78, 0x00, 0x3E, 0x3C, 0x00, 0x0F, 0x9E, 0x00, 0x07, 0xCF, 0x00, 0x03, 0xFF,
    0xFC, 0x00, 0xFF, 0xFE, 0x00, 0x7F, 0xFF, 0x00, 0x3F, 0xFF, 0x80, 0x1E, 0x78, 0x00, 0x1F, 0x3C,
    0x00, 0x0F, 0x9E, 0x00, 0x07, 0xCF, 0x00, 0x07, 0xC7, 0x80, 0x03, 0xE3, 0xC0, 0x03, 0xE1, 0xE0,
    0x07, 0xF0, 0xFF, 0xFF, 0xF0, 0x7F, 0xFF, 0xF0, 0x3F, 0xFF, 0xF0, 0x1F, 0xFF, 0xE0, 0x00, 0x01,
    0xF3, 0xC0, 0x1F, 0xFF, 0x00, 0x7F, 0xF8, 0x01, 0xEF, 0xC0, 0x00, 0x00, 0x00, 0x00, 0x00, 0x00,
    0x00, 0x00, 0x3C, 0x00, 0x0F, 0xF8, 0x00, 0x3F, 0xF0, 0x00, 0xFF, 0xE0, 0x03, 0xFF, 0x80, 0x0F,
    0xFF, 0x00, 0x3F, 0xFE, 0x00, 0xFF, 0xFC, 0x03, 0xFD, 0xF0, 0x0F, 0xF7, 0xE0, 0x3F, 0xCF, 0xC0,
    0xFF, 0x1F, 0x83, 0xFC, 0x3E, 0x0F, 0xF0, 0xFC, 0x3F, 0xC1, 0xF8, 0xFF, 0x03, 0xF3, 0xFC, 0x07,
    0xCF, 0xF0, 0x1F, 0xBF, 0xC0, 0x3F, 0xFF, 0x00, 0x7F, 0xFC, 0x00, 0xFF, 0xF0, 0x01, 0xFF, 0xC0,
    0x07, 0xFF, 0x00, 0x0F, 0xFC, 0x00, 0x1F, 0xF0, 0x00, 0x3C, 0x00, 0x60, 0x00, 0x00, 0x1E, 0x00,
    0x00, 0x0F, 0xE0, 0x00, 0x03, 0xFC, 0x00, 0x00, 0x3F, 0x80, 0x00, 0x01, 0xE0, 0x00, 0x00, 0x10,
    0x00, 0x00, 0x00, 0x00, 0x00, 0xFF, 0xC0, 0x00, 0xFF, 0xFC, 0x00, 0x7F, 0xFF, 0x80, 0x7F, 0xFF,
    0xF0, 0x1F, 0xC0, 0xFE, 0x0F, 0xC0, 0x0F, 0xC7, 0xE0, 0x01, 0xF9, 0xF0, 0x00, 0x3E, 0xF8, 0x00,
    0x07, 0xFE, 0x00, 0x01, 0xFF, 0x80, 0x00, 0x7F, 0xC0, 0x00, 0x0F, 0xF0, 0x00, 0x03, 0xFC, 0x00,
    0x00, 0xFF, 0x00, 0x00, 0x3F, 0xE0, 0x00, 0x1F, 0xF8, 0x00, 0x07, 0xFE, 0x00, 0x01, 0xF7, 0xC0,
    0x00, 0xF9, 0xF8, 0x00, 0x7E, 0x3F, 0x00, 0x3F, 0x07, 0xF0, 0x3F, 0x81, 0xFF, 0xFF, 0xC0, 0x1F,
    0xFF, 0xE0, 0x03, 0xFF, 0xF0, 0x00, 0x3F, 0xF0, 0x00, 0x00, 0x01, 0x80, 0x00, 0x01, 0xE0, 0x00,
    0x00, 0xFC, 0x00, 0x00, 0xFF, 0x00, 0x00, 0x7F, 0x00, 0x00, 0x1F, 0x00, 0x00, 0x02, 0x00, 0x00,
    0x00, 0x00, 0x00, 0x00, 0xFF, 0xC0, 0x00, 0xFF, 0xFC, 0x00, 0x7F, 0xFF, 0x80, 0x7F, 0xFF, 0xF0,
    0x1F, 0xC0, 0xFE, 0x0F, 0xC0, 0x0F, 0xC7, 0xE0, 0x01, 0xF9, 0xF0, 0x00, 0x3E, 0xF8, 0x00, 0x07,
    0xFE, 0x00, 0x01, 0xFF, 0x80, 0x00, 0x7F, 0xC0, 0x00, 0x0F, 0xF0, 0x00, 0x03, 0xFC, 0x00, 0x00,
    0xFF, 0x00, 0x00, 0x3F, 0xE0, 0x00, 0x1F, 0xF8, 0x00, 0x07, 0xFE, 0x00, 0x01, 0xF7, 0xC0, 0x00,
    0xF9, 0xF8, 0x00, 0x7E, 0x3F, 0x00, 0x3F, 0x07, 0xF0, 0x3F, 0x81, 0xFF, 0xFF, 0xC0, 0x1F, 0xFF,
    0xE0, 0x03, 0xFF, 0xF0, 0x00, 0x3F, 0xF0, 0x00, 0x00, 0x1E, 0x00, 0x00, 0x0F, 0xC0, 0x00, 0x0F,
    0xF8, 0x00, 0x07, 0xFF, 0x80, 0x01, 0xE3, 0xE0, 0x00, 0x60, 0x38, 0x00, 0x00, 0x00, 0x00, 0x00,
    0x00, 0x00, 0x00, 0xFF, 0xC0, 0x00, 0xFF, 0xFC, 0x00, 0x7F, 0xFF, 0x80, 0x7F, 0xFF, 0xF0, 0x1F,
    0xC0, 0xFE, 0x0F, 0xC0, 0x0F, 0xC7, 0xE0, 0x01, 0xF9, 0xF0, 0x00, 0x3E, 0xF8, 0x00, 0x07, 0xFE,
    0x00, 0x01, 0xFF, 0x80, 0x00, 0x7F, 0xC0, 0x00, 0x0F, 0xF0, 0x00, 0x03, 0xFC, 0x00, 0x00, 0xFF,
    0x00, 0x00, 0x3F, 0xE0, 0x00, 0x1F, 0xF8, 0x00, 0x07, 0xFE, 0x00, 0x01, 0xF7, 0xC0, 0x00, 0xF9,
    0xF8, 0x00, 0x7E, 0x3F, 0x00, 0x3F, 0x07, 0xF0, 0x3F, 0x81, 0xFF, 0xFF, 0xC0, 0x1F, 0xFF, 0xE0,
    0x03, 0xFF, 0xF0, 0x00, 0x3F, 0xF0, 0x00, 0x00, 0xFC, 0xF0, 0x00, 0x7F, 0xFC, 0x00, 0x3F, 0xFE,
    0x00, 0x0F, 0x3F, 0x00, 0x00, 0x00, 0x00, 0x00, 0x00, 0x00, 0x00, 0x00, 0x00, 0x00, 0x03, 0xFF,
    0x00, 0x03, 0xFF, 0xF0, 0x01, 0xFF, 0xFE, 0x01, 0xFF, 0xFF, 0xC0, 0x7F, 0x03, 0xF8, 0x3F, 0x00,
    0x3F, 0x1F, 0x80, 0x07, 0xE7, 0xC0, 0x00, 0xFB, 0xE0, 0x00, 0x1F, 0xF8, 0x00, 0x07, 0xFE, 0x00,
    0x01, 0xFF, 0x00, 0x00, 0x3F, 0xC0, 0x00, 0x0F, 0xF0, 0x00, 0x03, 0xFC, 0x00, 0x00, 0xFF, 0x80,
    0x00, 0x7F, 0xE0, 0x00, 0x1F, 0xF8, 0x00, 0x07, 0xDF, 0x00, 0x03, 0xE7, 0xE0, 0x01, 0xF8, 0xFC,
    0x00, 0xFC, 0x1F, 0xC0, 0xFE, 0x07, 0xFF, 0xFF, 0x00, 0x7F, 0xFF, 0x80, 0x0F, 0xFF, 0xC0, 0x00,
    0xFF, 0xC0, 0x00, 0x01, 0xF3, 0xE0, 0x00, 0x7C, 0xF8, 0x00, 0x1F, 0x3E, 0x00, 0x07, 0xCF, 0x80,
    0x01, 0xF3, 0xE0, 0x00, 0x00, 0x00, 0x00, 0x00, 0x00, 0x00, 0x00, 0x00, 0x00, 0x00, 0xFF, 0xC0,
    0x00, 0xFF, 0xFC, 0x00, 0x7F, 0xFF, 0x80, 0x7F, 0xFF, 0xF0, 0x1F, 0xC0, 0xFE, 0x0F, 0xC0, 0x0F,
    0xC7, 0xE0, 0x01, 0xF9, 0xF0, 0x00, 0x3E, 0xF8, 0x00, 0x07, 0xFE, 0x00, 0x01, 0xFF, 0x80, 0x00,
    0x7F, 0xC0, 0x00, 0x0F, 0xF0, 0x00, 0x03, 0xFC, 0x00, 0x00, 0xFF, 0x00, 0x00, 0x3F, 0xE0, 0x00,
    0x1F, 0xF8, 0x00, 0x07, 0xFE, 0x00, 0x01, 0xF7, 0xC0, 0x00, 0xF9, 0xF8, 0x00, 0x7E, 0x3F, 0x00,
    0x3F, 0x07, 0xF0, 0x3F, 0x81, 0xFF, 0xFF, 0xC0, 0x1F, 0xFF, 0xE0, 0x03, 0xFF, 0xF0, 0x00, 0x3F,
    0xF0, 0x00, 0x00, 0x00, 0x30, 0x0E, 0xF8, 0x1F, 0xFC, 0x3F, 0x7E, 0x7E, 0x3F, 0xFC, 0x1F, 0xF8,
    0x0F, 0xF0, 0x07, 0xE0, 0x0F, 0xF0, 0x1F, 0xF8, 0x3F, 0xFC, 0x7E, 0x7E, 0xFC, 0x3F, 0x78, 0x1F,
    0x70, 0x0E, 0x00, 0x00, 0x00, 0x00, 0x00, 0x00, 0x00, 0x00, 0xC0, 0x0F, 0xFC, 0x78, 0x0F, 0xFF,
    0xFE, 0x07, 0xFF, 0xFF, 0x07, 0xFF, 0xFF, 0x83, 0xFC, 0x0F, 0xE0, 0xFC, 0x01, 0xFC, 0x7E, 0x00,
    0xFF, 0x9F, 0x00, 0x7F, 0xEF, 0x80, 0x1E, 0x7F, 0xE0, 0x0F, 0x1F, 0xF8, 0x07, 0xC7, 0xFC, 0x03,
    0xE0, 0xFF, 0x01, 0xF0, 0x3F, 0xC0, 0xF8, 0x0F, 0xF0, 0x3C, 0x03, 0xFE, 0x1F, 0x01, 0xFF, 0x8F,
    0x80, 0x7F, 0xE7, 0xC0, 0x1F, 0x7F, 0xE0, 0x0F, 0x9F, 0xF0, 0x07, 0xE3, 0xF8, 0x03, 0xF0, 0xFF,
    0x03, 0xF8, 0x1F, 0xFF, 0xFC, 0x0F, 0xFF, 0xFE, 0x07, 0xFF, 0xFF, 0x01, 0xE3, 0xFF, 0x00, 0x78,
    0x00, 0x00, 0x0C, 0x00, 0x00, 0x00, 0x00, 0x00, 0x00, 0x0C, 0x00, 0x00, 0xF8, 0x00, 0x07, 0xF0,
    0x00, 0x3F, 0xC0, 0x00, 0x7F, 0x00, 0x00, 0x70, 0x00, 0x00, 0x00, 0x00, 0x00, 0x07, 0x80, 0x03,
    0xFC, 0x00, 0x1F, 0xE0, 0x00, 0xFF, 0x00, 0x07, 0xF8, 0x00, 0x3F, 0xC0, 0x01, 0xFE, 0x00, 0x0F,
    0xF0, 0x00, 0x7F, 0x80, 0x03, 0xFC, 0x00, 0x1F, 0xE0, 0x00, 0xFF, 0x00, 0x07, 0xF8, 0x00, 0x3F,
    0xC0, 0x01, 0xFE, 0x00, 0x0F, 0xF0, 0x00, 0x7F, 0x80, 0x03, 0xFE, 0x00, 0x3F, 0xF0, 0x01, 0xFF,
    0x80, 0x0F, 0xBE, 0x00, 0xF9, 0xFC, 0x1F, 0xC7, 0xFF, 0xFC, 0x1F, 0xFF, 0xC0, 0x7F, 0xFC, 0x00,
    0xFF, 0x80, 0x00, 0x00, 0x00, 0x00, 0x60, 0x00, 0x0F, 0x80, 0x00, 0xFC, 0x00, 0x1F, 0xE0, 0x00,
    0xFC, 0x00, 0x07, 0x00, 0x00, 0x00, 0x00, 0x00, 0x00, 0x07, 0x80, 0x03, 0xFC, 0x00, 0x1F, 0xE0,
    0x00, 0xFF, 0x00, 0x07, 0xF8, 0x00, 0x3F, 0xC0, 0x01, 0xFE, 0x00, 0x0F, 0xF0, 0x00, 0x7F, 0x80,
    0x03, 0xFC, 0x00, 0x1F, 0xE0, 0x00, 0xFF, 0x00, 0x07, 0xF8, 0x00, 0x3F, 0xC0, 0x01, 0xFE, 0x00,
    0x0F, 0xF0, 0x00, 0x7F, 0x80, 0x03, 0xFE, 0x00, 0x3F, 0xF0, 0x01, 0xFF, 0x80, 0x0F, 0xBE, 0x00,
    0xF9, 0xFC, 0x1F, 0xC7, 0xFF, 0xFC, 0x1F, 0xFF, 0xC0, 0x7F, 0xFC, 0x00, 0xFF, 0x80, 0x00, 0xF0,
    0x00, 0x0F, 0xE0, 0x00, 0xFF, 0x80, 0x0F, 0xFE, 0x00, 0xF8, 0xF8, 0x03, 0x01, 0x80, 0x00, 0x00,
    0x00, 0x00, 0x00, 0xF0, 0x00, 0x7F, 0x80, 0x03, 0xFC, 0x00, 0x1F, 0xE0, 0x00, 0xFF, 0x00, 0x07,
    0xF8, 0x00, 0x3F, 0xC0, 0x01, 0xFE, 0x00, 0x0F, 0xF0, 0x00, 0x7F, 0x80, 0x03, 0xFC, 0x00, 0x1F,
    0xE0, 0x00, 0xFF, 0x00, 0x07, 0xF8, 0x00, 0x3F, 0xC0, 0x01, 0xFE, 0x00, 0x0F, 0xF0, 0x00, 0x7F,
    0xC0, 0x07, 0xFE, 0x00, 0x3F, 0xF0, 0x01, 0xF7, 0xC0, 0x1F, 0x3F, 0x83, 0xF8, 0xFF, 0xFF, 0x83,
    0xFF, 0xF8, 0x0F, 0xFF, 0x80, 0x1F, 0xF0, 0x00, 0x0F, 0x8F, 0x80, 0x7C, 0x7C, 0x03, 0xE3, 0xE0,
    0x1F, 0x1F, 0x00, 0xF8, 0xF8, 0x00, 0x00, 0x00, 0x00, 0x00, 0x1E, 0x00, 0x0F, 0xF0, 0x00, 0x7F,
    0x80, 0x03, 0xFC, 0x00, 0x1F, 0xE0, 0x00, 0xFF, 0x00, 0x07, 0xF8, 0x00, 0x3F, 0xC0, 0x01, 0xFE,
    0x00, 0x0F, 0xF0, 0x00, 0x7F, 0x80, 0x03, 0xFC, 0x00, 0x1F, 0xE0, 0x00, 0xFF, 0x00, 0x07, 0xF8,
    0x00, 0x3F, 0xC0, 0x01, 0xFE, 0x00, 0x0F, 0xF8, 0x00, 0xFF, 0xC0, 0x07, 0xFE, 0x00, 0x3E, 0xF8,
    0x03, 0xE7, 0xF0, 0x7F, 0x1F, 0xFF, 0xF0, 0x7F, 0xFF, 0x01, 0xFF, 0xF0, 0x03, 0xFE, 0x00, 0x00,
    0x00, 0x00, 0x00, 0x01, 0xC0, 0x00, 0x03, 0xE0, 0x00, 0x03, 0xF8, 0x00, 0x07, 0xF8, 0x00, 0x03,
    0xF0, 0x00, 0x01, 0xC0, 0x00, 0x00, 0x00, 0x00, 0x00, 0x00, 0x00, 0x3E, 0x00, 0x0F, 0xDF, 0x80,
    0x0F, 0xC7, 0xE0, 0x07, 0xC1, 0xF0, 0x07, 0xE0, 0xFC, 0x03, 0xE0, 0x3F, 0x03, 0xE0, 0x0F, 0x83,
    0xF0, 0x03, 0xE1, 0xF0, 0x01, 0xF9, 0xF0, 0x00, 0x7F, 0xF8, 0x00, 0x1F, 0xF8, 0x00, 0x0F, 0xF8,
    0x00, 0x03, 0xFC, 0x00, 0x00, 0xFC, 0x00, 0x00, 0x3C, 0x00, 0x00, 0x1E, 0x00, 0x00, 0x0F, 0x00,
    0x00, 0x07, 0x80, 0x00, 0x03, 0xC0, 0x00, 0x01, 0xE0, 0x00, 0x00, 0xF0, 0x00, 0x00, 0x78, 0x00,
    0x00, 0x3C, 0x00, 0x00, 0x1E, 0x00, 0x00, 0x0F, 0x00, 0x00, 0x07, 0x80, 0x00, 0xF0, 0x00, 0x3C,
    0x00, 0x0F, 0x00, 0x03, 0xC0, 0x00, 0xF0, 0x00, 0x3F, 0xFF, 0x0F, 0xFF, 0xE3, 0xFF, 0xFC, 0xFF,
    0xFF, 0xBC, 0x03, 0xFF, 0x00, 0x7F, 0xC0, 0x0F, 0xF0, 0x03, 0xFC, 0x00, 0xFF, 0x00, 0x7F, 0xC0,
    0x1F, 0xF0, 0x1F, 0xBF, 0xFF, 0xEF, 0xFF, 0xF3, 0xFF, 0xF8, 0xFF, 0xF8, 0x3C, 0x00, 0x0F, 0x00,
    0x03, 0xC0, 0x00, 0xF0, 0x00, 0x3C, 0x00, 0x00, 0x01, 0xFF, 0x00, 0x0F, 0xFE, 0x00, 0x7F, 0xFC,
    0x03, 0xFF, 0xF8, 0x0F, 0x83, 0xE0, 0x7C, 0x07, 0x81, 0xF0, 0x1E, 0x07, 0x80, 0xF8, 0x1E, 0x03,
    0xE3, 0xF8, 0x1F, 0x0F, 0xE1, 0xF8, 0x3F, 0x87, 0xE0, 0xFE, 0x1F, 0xC0, 0x78, 0x7F, 0xC1, 0xE0,
    0x3F, 0x07, 0x80, 0x3E, 0x1E, 0x00, 0x7C, 0x78, 0x01, 0xF1, 0xE0, 0x07, 0xC7, 0x80, 0x0F, 0x1E,
    0x00, 0x3C, 0x78, 0x01, 0xF1, 0xE0, 0x07, 0xC7, 0x8C, 0x3F, 0x1E, 0x7F, 0xF8, 0x79, 0xFF, 0xC1,
    0xE7, 0xFE, 0x07, 0x87, 0xF0, 0x00, 0x00, 0x00, 0x1C, 0x00, 0x03, 0xE0, 0x00, 0x3F, 0x00, 0x03,
    0xF8, 0x00, 0x0F, 0xC0, 0x00, 0x3C, 0x00, 0x00, 0x80, 0x00, 0x00, 0x00, 0x00, 0x00, 0x07, 0xF8,
    0xF0, 0xFF, 0xEF, 0x1F, 0xFF, 0xF3, 0xFF, 0xFF, 0x7E, 0x07, 0xF7, 0xC0, 0x3F, 0xF8, 0x01, 0xFF,
    0x80, 0x1F, 0xF0, 0x01, 0xFF, 0x00, 0x0F, 0xF0, 0x00, 0xFF, 0x00, 0x1F, 0xF8, 0x01, 0xFF, 0x80,
    0x1F, 0x7C, 0x03, 0xF7, 0xE0, 0x7F, 0x3F, 0xFF, 0xF1, 0xFF, 0xFF, 0x0F, 0xFE, 0xF0, 0x7F, 0x8F,
    0x00, 0x00, 0x00, 0x01, 0x80, 0x00, 0x3C, 0x00, 0x0F, 0xE0, 0x01, 0xFC, 0x00, 0x3F, 0x00, 0x01,
    0xC0, 0x00, 0x00, 0x00, 0x00, 0x00, 0x00, 0x00, 0x00, 0x07, 0xF8, 0xF0, 0xFF, 0xEF, 0x1F, 0xFF,
    0xF3, 0xFF, 0xFF, 0x7E, 0x07, 0xF7, 0xC0, 0x3F, 0xF8, 0x01, 0xFF, 0x80, 0x1F, 0xF0, 0x01, 0xFF,
    0x00, 0x0F, 0xF0, 0x00, 0xFF, 0x00, 0x1F, 0xF8, 0x01, 0xFF, 0x80, 0x1F, 0x7C, 0x03, 0xF7, 0xE0,
    0x7F, 0x3F, 0xFF, 0xF1, 0xFF, 0xFF, 0x0F, 0xFE, 0xF0, 0x7F, 0x8F, 0x00, 0xF8, 0x00, 0x1F, 0xC0,
    0x03, 0xFE, 0x00, 0x7F, 0xF0, 0x0F, 0x8F, 0x80, 0x60, 0x30, 0x00, 0x00, 0x00, 0x00, 0x00, 0x00,
    0x00, 0x00, 0x7F, 0x8F, 0x0F, 0xFE, 0xF1, 0xFF, 0xFF, 0x3F, 0xFF, 0xF7, 0xE0, 0x7F, 0x7C, 0x03,
    0xFF, 0x80, 0x1F, 0xF8, 0x01, 0xFF, 0x00, 0x1F, 0xF0, 0x00, 0xFF, 0x00, 0x0F, 0xF0, 0x01, 0xFF,
    0x80, 0x1F, 0xF8, 0x01, 0xF7, 0xC0, 0x3F, 0x7E, 0x07, 0xF3, 0xFF, 0xFF, 0x1F, 0xFF, 0xF0, 0xFF,
    0xEF, 0x07, 0xF8, 0xF0, 0x03, 0xE3, 0x80, 0x7F, 0x78, 0x0F, 0xFF, 0x80, 0xF7, 0xF0, 0x0E, 0x3E,
    0x00, 0x00, 0x00, 0x00, 0x00, 0x00, 0x00, 0x00, 0x07, 0xF8, 0xF0, 0xFF, 0xEF, 0x1F, 0xFF, 0xF3,
    0xFF, 0xFF, 0x7E, 0x07, 0xF7, 0xC0, 0x3F, 0xF8, 0x01, 0xFF, 0x80, 0x1F, 0xF0, 0x01, 0xFF, 0x00,
    0x0F, 0xF0, 0x00, 0xFF, 0x00, 0x1F, 0xF8, 0x01, 0xFF, 0x80, 0x1F, 0x7C, 0x03, 0xF7, 0xE0, 0x7F,
    0x3F, 0xFF, 0xF1, 0xFF, 0xFF, 0x0F, 0xFE, 0xF0, 0x7F, 0x8F, 0x0F, 0x8F, 0x80, 0xF8, 0xF8, 0x0F,
    0x8F, 0x80, 0xF8, 0xF8, 0x0F, 0x8F, 0x80, 0x00, 0x00, 0x00, 0x00, 0x00, 0x00, 0x00, 0x00, 0x00,
    0x00, 0x7F, 0x8F, 0x0F, 0xFE, 0xF1, 0xFF, 0xFF, 0x3F, 0xFF, 0xF7, 0xE0, 0x7F, 0x7C, 0x03, 0xFF,
    0x80, 0x1F, 0xF8, 0x01, 0xFF, 0x00, 0x1F, 0xF0, 0x00, 0xFF, 0x00, 0x0F, 0xF0, 0x01, 0xFF, 0x80,
    0x1F, 0xF8, 0x01, 0xF7, 0xC0, 0x3F, 0x7E, 0x07, 0xF3, 0xFF, 0xFF, 0x1F, 0xFF, 0xF0, 0xFF, 0xEF,
    0x07, 0xF8, 0xF0, 0x01, 0xF8, 0x00, 0x3F, 0xC0, 0x03, 0xFC, 0x00, 0x38, 0xC0, 0x03, 0x8C, 0x00,
    0x3F, 0xC0, 0x01, 0xFC, 0x00, 0x0F, 0x80, 0x00, 0x00, 0x00, 0x00, 0x00, 0x00, 0x00, 0x00, 0x7F,
    0x8F, 0x0F, 0xFE, 0xF1, 0xFF, 0xFF, 0x3F, 0xFF, 0xF7, 0xE0, 0x7F, 0x7C, 0x03, 0xFF, 0x80, 0x1F,
    0xF8, 0x01, 0xFF, 0x00, 0x1F, 0xF0, 0x00, 0xFF, 0x00, 0x0F, 0xF0, 0x01, 0xFF, 0x80, 0x1F, 0xF8,
    0x01, 0xF7, 0xC0, 0x3F, 0x7E, 0x07, 0xF3, 0xFF, 0xFF, 0x1F, 0xFF, 0xF0, 0xFF, 0xEF, 0x07, 0xF8,
    0xF0, 0x0F, 0xF8, 0x3F, 0xC0, 0x7F, 0xFD, 0xFF, 0xC1, 0xFF, 0xFF, 0xFF, 0xE7, 0xFF, 0xFF, 0xFF,
    0xC7, 0xC3, 0xFE, 0x07, 0xC6, 0x03, 0xF8, 0x07, 0xC0, 0x03, 0xE0, 0x0F, 0x83, 0xFF, 0xFF, 0xFF,
    0x1F, 0xFF, 0xFF, 0xFE, 0xFF, 0xFF, 0xFF, 0xFD, 0xFF, 0xFF, 0xFF, 0xFF, 0xF0, 0x7C, 0x00, 0x0F,
    0x80, 0xF8, 0x00, 0x1E, 0x01, 0xF8, 0x00, 0x3C, 0x07, 0xF0, 0x02, 0x7C, 0x1F, 0xF8, 0x1E, 0xFF,
    0xFF, 0xFF, 0xFE, 0xFF, 0xF3, 0xFF, 0xFC, 0xFF, 0xC3, 0xFF, 0xE0, 0xFE, 0x01, 0xFF, 0x00, 0x07,
    0xFC, 0x03, 0xFF, 0x81, 0xFF, 0xF8, 0xFF, 0xFE, 0x7E, 0x0F, 0x9F, 0x00, 0xEF, 0x80, 0x13, 0xE0,
    0x00, 0xF0, 0x00, 0x3C, 0x00, 0x0F, 0x00, 0x03, 0xC0, 0x00, 0xF8, 0x00, 0x3E, 0x00, 0x07, 0xC0,
    0x31, 0xF8, 0x3E, 0x3F, 0xFF, 0x87, 0xFF, 0xE0, 0xFF, 0xE0, 0x1F, 0xF0, 0x01, 0xC0, 0x00, 0x78,
    0x00, 0x3F, 0x00, 0x0F, 0xE0, 0x00, 0x78, 0x00, 0x1E, 0x00, 0x1F, 0x80, 0x0F, 0xC0, 0x03, 0xE0,
    0x00, 0x00, 0x00, 0x00, 0x30, 0x00, 0x0F, 0x00, 0x03, 0xF0, 0x00, 0x3F, 0x80, 0x01, 0xF0, 0x00,
    0x0E, 0x00, 0x00, 0x80, 0x00, 0x00, 0x00, 0x00, 0x00, 0x0F, 0xF0, 0x07, 0xFF, 0x81, 0xFF, 0xF8,
    0x7F, 0xFF, 0x9F, 0x81, 0xF3, 0xE0, 0x1F, 0xF8, 0x01, 0xFF, 0xFF, 0xFF, 0xFF, 0xFF, 0xFF, 0xFF,
    0xFF, 0xFF, 0xFF, 0xE0, 0x00, 0x3E, 0x00, 0x07, 0xC0, 0x00, 0x7C, 0x01, 0x8F, 0xE0, 0x78, 0xFF,
    0xFF, 0x0F, 0xFF, 0xE0, 0xFF, 0xF8, 0x07, 0xFC, 0x00, 0x00, 0x00, 0x00, 0x07, 0x00, 0x01, 0xE0,
    0x00, 0x7E, 0x00, 0x1F, 0xC0, 0x07, 0xE0, 0x00, 0xF0, 0x00, 0x08, 0x00, 0x00, 0x00, 0x00, 0x00,
    0x00, 0x0F, 0xF0, 0x07, 0xFF, 0x81, 0xFF, 0xF8, 0x7F, 0xFF, 0x9F, 0x81, 0xF3, 0xE0, 0x1F, 0xF8,
    0x01, 0xFF, 0xFF, 0xFF, 0xFF, 0xFF, 0xFF, 0xFF, 0xFF, 0xFF, 0xFF, 0xE0, 0x00, 0x3E, 0x00, 0x07,
    0xC0, 0x00, 0x7C, 0x01, 0x8F, 0xE0, 0x78, 0xFF, 0xFF, 0x0F, 0xFF, 0xE0, 0xFF, 0xF8, 0x07, 0xFC,
    0x00, 0x00, 0xF0, 0x00, 0x3F, 0x00, 0x0F, 0xF0, 0x03, 0xFF, 0x00, 0xF9, 0xF0, 0x0C, 0x0E, 0x00,
    0x00, 0x00, 0x00, 0x00, 0x00, 0x00, 0x00, 0x7F, 0x80, 0x3F, 0xFC, 0x0F, 0xFF, 0xC3, 0xFF, 0xFC,
    0xFC, 0x0F, 0x9F, 0x00, 0xFF, 0xC0, 0x0F, 0xFF, 0xFF, 0xFF, 0xFF, 0xFF, 0xFF, 0xFF, 0xFF, 0xFF,
    0xFF, 0x00, 0x01, 0xF0, 0x00, 0x3E, 0x00, 0x03, 0xE0, 0x0C, 0x7F, 0x03, 0xC7, 0xFF, 0xF8, 0x7F,
    0xFF, 0x07, 0xFF, 0xC0, 0x3F, 0xE0, 0x0F, 0x9F, 0x01, 0xF3, 0xE0, 0x3E, 0x7C, 0x07, 0xCF, 0x80,
    0xF9, 0xF0, 0x00, 0x00, 0x00, 0x00, 0x00, 0x00, 0x00, 0x00, 0x00, 0x00, 0x7F, 0x80, 0x3F, 0xFC,
    0x0F, 0xFF, 0xC3, 0xFF, 0xFC, 0xFC, 0x0F, 0x9F, 0x00, 0xFF, 0xC0, 0x0F, 0xFF, 0xFF, 0xFF, 0xFF,
    0xFF, 0xFF, 0xFF, 0xFF, 0xFF, 0xFF, 0x80, 0x01, 0xF0, 0x00, 0x3E, 0x00, 0x03, 0xE0, 0x08, 0x7F,
    0x03, 0x87, 0xFF, 0xF8, 0x7F, 0xFF, 0x07, 0xFF, 0xC0, 0x3F, 0xE0, 0x20, 0x38, 0x1F, 0x1F, 0xC7,
    0xF0, 0xF8, 0x1C, 0x00, 0x00, 0x00, 0x07, 0x83, 0xC1, 0xE0, 0xF0, 0x78, 0x3C, 0x1E, 0x0F, 0x07,
    0x83, 0xC1, 0xE0, 0xF0, 0x78, 0x3C, 0x1E, 0x0F, 0x07, 0x83, 0xC1, 0xE0, 0xF0, 0x02, 0x03, 0x87,
    0xE7, 0xF7, 0xF3, 0xE1, 0xC0, 0x00, 0x00, 0x00, 0x07, 0x83, 0xC1, 0xE0, 0xF0, 0x78, 0x3C, 0x1E,
    0x0F, 0x07, 0x83, 0xC1, 0xE0, 0xF0, 0x78, 0x3C, 0x1E, 0x0F, 0x07, 0x83, 0xC1, 0xE0, 0xF0, 0x0F,
    0xC0, 0xFF, 0x0F, 0xFC, 0xF9, 0xF7, 0x07, 0x80, 0x00, 0x00, 0x00, 0x00, 0x07, 0x80, 0x3C, 0x01,
    0xE0, 0x0F, 0x00, 0x78, 0x03, 0xC0, 0x1E, 0x00, 0xF0, 0x07, 0x80, 0x3C, 0x01, 0xE0, 0x0F, 0x00,
    0x78, 0x03, 0xC0, 0x1E, 0x00, 0xF0, 0x07, 0x80, 0x3C, 0x01, 0xE0, 0x0F, 0x00, 0xF8, 0xFF, 0xC7,
    0xFE, 0x3F, 0xF1, 0xFF, 0x8F, 0x80, 0x00, 0x00, 0x00, 0x00, 0x00, 0x00, 0x78, 0x03, 0xC0, 0x1E,
    0x00, 0xF0, 0x07, 0x80, 0x3C, 0x01, 0xE0, 0x0F, 0x00, 0x78, 0x03, 0xC0, 0x1E, 0x00, 0xF0, 0x07,
    0x80, 0x3C, 0x01, 0xE0, 0x0F, 0x00, 0x78, 0x03, 0xC0, 0x1E, 0x00, 0xF0, 0x00, 0x03, 0x80, 0x00,
    0xFC, 0x00, 0x1F, 0xEF, 0x03, 0xFF, 0xE0, 0x1F, 0xFC, 0x1F, 0xFE, 0x03, 0xFF, 0xC0, 0x78, 0x7C,
    0x07, 0xFF, 0x81, 0xFF, 0xF8, 0x7F, 0xFF, 0x1F, 0xFF, 0xF7, 0xE0, 0xFE, 0xF8, 0x0F, 0xFE, 0x00,
    0xFF, 0xC0, 0x1F, 0xF0, 0x03, 0xFE, 0x00, 0x3F, 0xC0, 0x07, 0xF8, 0x01, 0xFF, 0x80, 0x3F, 0xF0,
    0x07, 0xDF, 0x01, 0xF3, 0xF0, 0x7E, 0x3F, 0xFF, 0x83, 0xFF, 0xE0, 0x3F, 0xF8, 0x03, 0xFC, 0x00,
    0x07, 0xC7, 0x07, 0xF7, 0x83, 0xFF, 0x83, 0xDF, 0xC1, 0xE7, 0xC0, 0x00, 0x00, 0x00, 0x00, 0x00,
    0x00, 0xF1, 0xFC, 0x7B, 0xFF, 0x3F, 0xFF, 0xDF, 0xFF, 0xFF, 0xC1, 0xFF, 0xC0, 0x7F, 0xE0, 0x1F,
    0xE0, 0x0F, 0xF0, 0x07, 0xF8, 0x03, 0xFC, 0x01, 0xFE, 0x00, 0xFF, 0x00, 0x7F, 0x80, 0x3F, 0xC0,
    0x1F, 0xE0, 0x0F, 0xF0, 0x07, 0xF8, 0x03, 0xFC, 0x01, 0xFE, 0x00, 0xF0, 0x00, 0x00, 0x00, 0x18,
    0x00, 0x03, 0xC0, 0x00, 0x7E, 0x00, 0x03, 0xF8, 0x00, 0x0F, 0x80, 0x00, 0x38, 0x00, 0x01, 0x00,
    0x00, 0x00, 0x00, 0x00, 0x00, 0x03, 0xFC, 0x00, 0xFF, 0xF0, 0x1F, 0xFF, 0x83, 0xFF, 0xFC, 0x7E,
    0x07, 0xE7, 0xC0, 0x3E, 0xF8, 0x01, 0xFF, 0x80, 0x1F, 0xF0, 0x00, 0xFF, 0x00, 0x0F, 0xF0, 0x00,
    0xFF, 0x00, 0x0F, 0xF8, 0x01, 0xFF, 0x80, 0x1F, 0x7C, 0x03, 0xE7, 0xE0, 0x7E, 0x3F, 0xFF, 0xC1,
    0xFF, 0xF8, 0x0F, 0xFF, 0x00, 0x3F, 0xC0, 0x00, 0x00, 0x00, 0x03, 0x00, 0x00, 0x78, 0x00, 0x0F,
    0xC0, 0x01, 0xFC, 0x00, 0x3F, 0x00, 0x03, 0xC0, 0x00, 0x10, 0x00, 0x00, 0x00, 0x00, 0x00, 0x00,
    0x03, 0xFC, 0x00, 0xFF, 0xF0, 0x1F, 0xFF, 0x83, 0xFF, 0xFC, 0x7E, 0x07, 0xE7, 0xC0, 0x3E, 0xF8,
    0x01, 0xFF, 0x80, 0x1F, 0xF0, 0x00, 0xFF, 0x00, 0x0F, 0xF0, 0x00, 0xFF, 0x00, 0x0F, 0xF8, 0x01,
    0xFF, 0x80, 0x1F, 0x7C, 0x03, 0xE7, 0xE0, 0x7E, 0x3F, 0xFF, 0xC1, 0xFF, 0xF8, 0x0F, 0xFF, 0x00,
    0x3F, 0xC0, 0x00, 0xF0, 0x00, 0x1F, 0x80, 0x03, 0xFC, 0x00, 0x7F, 0xE0, 0x0F, 0x9F, 0x00, 0x60,
    0x70, 0x00, 0x00, 0x00, 0x00, 0x00, 0x00, 0x00, 0x00, 0x3F, 0xC0, 0x0F, 0xFF, 0x01, 0xFF, 0xF8,
    0x3F, 0xFF, 0xC7, 0xE0, 0x7E, 0x7C, 0x03, 0xEF, 0x80, 0x1F, 0xF8, 0x01, 0xFF, 0x00, 0x0F, 0xF0,
    0x00, 0xFF, 0x00, 0x0F, 0xF0, 0x00, 0xFF, 0x80, 0x1F, 0xF8, 0x01, 0xF7, 0xC0, 0x3E, 0x7E, 0x07,
    0xE3, 0xFF, 0xFC, 0x1F, 0xFF, 0x80, 0xFF, 0xF0, 0x03, 0xFC, 0x00, 0x07, 0xC7, 0x00, 0x7F, 0xF0,
    0x0F, 0xFF, 0x00, 0xE7, 0xE0, 0x0E, 0x3C, 0x00, 0x00, 0x00, 0x00, 0x00, 0x00, 0x00, 0x00, 0x03,
    0xFC, 0x00, 0xFF, 0xF0, 0x1F, 0xFF, 0x83, 0xFF, 0xFC, 0x7E, 0x07, 0xE7, 0xC0, 0x3E, 0xF8, 0x01,
    0xFF, 0x80, 0x1F, 0xF0, 0x00, 0xFF, 0x00, 0x0F, 0xF0, 0x00, 0xFF, 0x00, 0x0F, 0xF8, 0x01, 0xFF,
    0x80, 0x1F, 0x7C, 0x03, 0xE7, 0xE0, 0x7E, 0x3F, 0xFF, 0xC1, 0xFF, 0xF8, 0x0F, 0xFF, 0x00, 0x3F,
    0xC0, 0x0F, 0x9F, 0x00, 0xF9, 0xF0, 0x0F, 0x9F, 0x00, 0xF9, 0xF0, 0x0F, 0x9F, 0x00, 0x00, 0x00,
    0x00, 0x00, 0x00, 0x00, 0x00, 0x00, 0x00, 0x00, 0x3F, 0xC0, 0x0F, 0xFF, 0x01, 0xFF, 0xF8, 0x3F,
    0xFF, 0xC7, 0xE0, 0x7E, 0x7C, 0x03, 0xEF, 0x80, 0x1F, 0xF8, 0x01, 0xFF, 0x80, 0x0F, 0xF0, 0x00,
    0xFF, 0x00, 0x0F, 0xF8, 0x00, 0xFF, 0x80, 0x1F, 0xF8, 0x01, 0xF7, 0xC0, 0x3E, 0x7E, 0x07, 0xE3,
    0xFF, 0xFC, 0x1F, 0xFF, 0x80, 0xFF, 0xF0, 0x03, 0xFC, 0x00, 0x00, 0xF0, 0x00, 0x3E, 0x00, 0x07,
    0xC0, 0x00, 0xF8, 0x00, 0x0E, 0x00, 0x00, 0x00, 0x00, 0x00, 0x07, 0xFF, 0xFF, 0xFF, 0xFF, 0xFF,
    0xFF, 0xFF, 0xFF, 0xFF, 0x80, 0x00, 0x00, 0x00, 0x00, 0x03, 0xE0, 0x00, 0x7C, 0x00, 0x0F, 0x80,
    0x01, 0xF0, 0x00, 0x1E, 0x00, 0x00, 0x00, 0x00, 0x3F, 0xCE, 0x0F, 0xFF, 0xF1, 0xFF, 0xFE, 0x3F,
    0xFF, 0xC7, 0xE0, 0xFE, 0x7C, 0x1F, 0xEF, 0x81, 0xFF, 0xF8, 0x3F, 0xFF, 0x07, 0xCF, 0xF0, 0xF8,
    0xFF, 0x1F, 0x0F, 0xF3, 0xE0, 0xFF, 0xFC, 0x1F, 0xFF, 0x81, 0xF7, 0xF8, 0x3E, 0x7F, 0x07, 0xE3,
    0xFF, 0xFC, 0x7F, 0xFF, 0x8F, 0xFF, 0xF0, 0xF3, 0xFC, 0x06, 0x00, 0x00, 0x02, 0x00, 0x03, 0x80,
    0x03, 0xE0, 0x01, 0xF8, 0x00, 0x7E, 0x00, 0x0F, 0x80, 0x01, 0x80, 0x00, 0x00, 0x00, 0x00, 0x00,
    0x00, 0x3C, 0x01, 0xFE, 0x00, 0xFF, 0x00, 0x7F, 0x80, 0x3F, 0xC0, 0x1F, 0xE0, 0x0F, 0xF0, 0x07,
    0xF8, 0x03, 0xFC, 0x01, 0xFE, 0x00, 0xFF, 0x00, 0x7F, 0x80, 0x3F, 0xC0, 0x1F, 0xF0, 0x1F, 0xF8,
    0x0F, 0xFE, 0x0F, 0xDF, 0xFF, 0xEF, 0xFF, 0xF3, 0xFF, 0x78, 0xFE, 0x3C, 0x00, 0x40, 0x00, 0x70,
    0x00, 0x7C, 0x00, 0x7E, 0x00, 0x7E, 0x00, 0x3C, 0x00, 0x1C, 0x00, 0x00, 0x00, 0x00, 0x00, 0x00,
    0x00, 0x3C, 0x01, 0xFE, 0x00, 0xFF, 0x00, 0x7F, 0x80, 0x3F, 0xC0, 0x1F, 0xE0, 0x0F, 0xF0, 0x07,
    0xF8, 0x03, 0xFC, 0x01, 0xFE, 0x00, 0xFF, 0x00, 0x7F, 0x80, 0x3F, 0xC0, 0x1F, 0xF0, 0x1F, 0xF8,
    0x0F, 0xFE, 0x0F, 0xDF, 0xFF, 0xEF, 0xFF, 0xF3, 0xFF, 0x78, 0xFE, 0x3C, 0x03, 0xE0, 0x03, 0xF8,
    0x03, 0xFE, 0x03, 0xFF, 0x81, 0xE3, 0xC0, 0xC0, 0x60, 0x00, 0x00, 0x00, 0x00, 0x00, 0x00, 0x78,
    0x03, 0xFC, 0x01, 0xFE, 0x00, 0xFF, 0x00, 0x7F, 0x80, 0x3F, 0xC0, 0x1F, 0xE0, 0x0F, 0xF0, 0x07,
    0xF8, 0x03, 0xFC, 0x01, 0xFE, 0x00, 0xFF, 0x00, 0x7F, 0x80, 0x3F, 0xE0, 0x3F, 0xF0, 0x1F, 0xFC,
    0x1F, 0xBF, 0xFF, 0xDF, 0xFF, 0xE7, 0xFE, 0xF1, 0xFC, 0x78, 0x3E, 0x3E, 0x1F, 0x1F, 0x0F, 0x8F,
    0x87, 0xC7, 0xC3, 0xE3, 0xE0, 0x00, 0x00, 0x00, 0x00, 0x00, 0x00, 0x00, 0x00, 0x78, 0x03, 0xFC,
    0x01, 0xFE, 0x00, 0xFF, 0x00, 0x7F, 0x80, 0x3F, 0xC0, 0x1F, 0xE0, 0x0F, 0xF0, 0x07, 0xF8, 0x03,
    0xFC, 0x01, 0xFE, 0x00, 0xFF, 0x00, 0x7F, 0x80, 0x3F, 0xE0, 0x3F, 0xF0, 0x1F, 0xFC, 0x1F, 0xBF,
    0xFF, 0xDF, 0xFF, 0xE7, 0xFE, 0xF1, 0xFC, 0x78, 0x00, 0x08, 0x00, 0x00, 0x70, 0x00, 0x07, 0xE0,
    0x00, 0x3F, 0x80, 0x01, 0xFC, 0x00, 0x07, 0xC0, 0x00, 0x0C, 0x00, 0x00, 0x00, 0x00, 0x00, 0x00,
    0x00, 0x00, 0x00, 0x0F, 0x80, 0x0F, 0xFF, 0x00, 0x3E, 0x7C, 0x00, 0xF9, 0xF8, 0x07, 0xE3, 0xE0,
    0x1F, 0x0F, 0x80, 0x7C, 0x1F, 0x03, 0xE0, 0x7C, 0x0F, 0x80, 0xF8, 0x3C, 0x03, 0xE1, 0xF0, 0x07,
    0xC7, 0xC0, 0x1F, 0x3E, 0x00, 0x7C, 0xF8, 0x00, 0xFB, 0xC0, 0x03, 0xFF, 0x00, 0x07, 0xFC, 0x00,
    0x1F, 0xE0, 0x00, 0x3F, 0x80, 0x00, 0xFC, 0x00, 0x01, 0xF0, 0x00, 0x07, 0xC0, 0x00, 0x3E, 0x00,
    0x00, 0xF8, 0x00, 0x03, 0xC0, 0x00, 0x1F, 0x00, 0x00, 0x7C, 0x00, 0x03, 0xE0, 0x00, 0x0F, 0x80,
    0x00, 0xF0, 0x00, 0x0F, 0x00, 0x00, 0xF0, 0x00, 0x0F, 0x00, 0x00, 0xF0, 0x00, 0x0F, 0x00, 0x00,
    0xF0, 0x00, 0x0F, 0x00, 0x00, 0xF1, 0xFE, 0x0F, 0x7F, 0xF0, 0xFF, 0xFF, 0x8F, 0xFF, 0xFC, 0xFE,
    0x07, 0xEF, 0xC0, 0x3E, 0xF8, 0x01, 0xFF, 0x80, 0x1F, 0xF0, 0x01, 0xFF, 0x00, 0x0F, 0xF0, 0x00,
    0xFF, 0x00, 0x1F, 0xF8, 0x01, 0xFF, 0x80, 0x1F, 0xFC, 0x03, 0xEF, 0xE0, 0x7E, 0xFF, 0xFF, 0xCF,
    0xFF, 0xF8, 0xF7, 0xFF, 0x0F, 0x1F, 0xE0, 0xF0, 0x00, 0x0F, 0x00, 0x00, 0xF0, 0x00, 0x0F, 0x00,
    0x00, 0xF0, 0x00, 0x0F, 0x00, 0x00, 0xF0, 0x00, 0x0F, 0x00, 0x00, 0x07, 0xC7, 0xC0, 0x0F, 0x8F,
    0x80, 0x1F, 0x1F, 0x00, 0x3E, 0x3E, 0x00, 0x7C, 0x7C, 0x00, 0x00, 0x00, 0x00, 0x00, 0x00, 0x00,
    0x00, 0x00, 0x00, 0x00, 0x01, 0xF8, 0x00, 0xFD, 0xF0, 0x01, 0xF3, 0xF0, 0x07, 0xE3, 0xE0, 0x0F,
    0x87, 0xE0, 0x1F, 0x07, 0xC0, 0x7C, 0x0F, 0x80, 0xF8, 0x1F, 0x83, 0xE0, 0x1F, 0x07, 0xC0, 0x3F,
    0x0F, 0x80, 0x3E, 0x3E, 0x00, 0x7E, 0x7C, 0x00, 0x7C, 0xF0, 0x00, 0xFF, 0xE0, 0x01, 0xFF, 0x80,
    0x01, 0xFF, 0x00, 0x03, 0xFC, 0x00, 0x03, 0xF8, 0x00, 0x07, 0xF0, 0x00, 0x07, 0xC0, 0x00, 0x0F,
    0x80, 0x00, 0x1E, 0x00, 0x00, 0x7C, 0x00, 0x00, 0xF8, 0x00, 0x03, 0xE0, 0x00, 0x07, 0xC0, 0x00,
    0x0F, 0x00, 0x00, 0x3E, 0x00, 0x00, 0x03, 0xFF, 0xC0, 0x03, 0xFF, 0xC0, 0x03, 0xFF, 0xC0, 0x00,
    0x00, 0x00, 0x00, 0x00, 0x00, 0x00, 0x00, 0x00, 0x00, 0x7E, 0x00, 0x00, 0x7E, 0x00, 0x00, 0x7E,
    0x00, 0x00, 0xFF, 0x00, 0x00, 0xFF, 0x00, 0x00, 0xFF, 0x80, 0x01, 0xFF, 0x80, 0x01, 0xE7, 0x80,
    0x03, 0xE7, 0xC0, 0x03, 0xE7, 0xC0, 0x03, 0xC3, 0xC0, 0x07, 0xC3, 0xE0, 0x07, 0xC3, 0xE0, 0x0F,
    0x81, 0xF0, 0x0F, 0x81, 0xF0, 0x0F, 0x01, 0xF0, 0x1F, 0xFF, 0xF8, 0x1F, 0xFF, 0xF8, 0x1F, 0xFF,
    0xFC, 0x3F, 0xFF, 0xFC, 0x3E, 0x00, 0x7C, 0x7C, 0x00, 0x3E, 0x7C, 0x00, 0x3E, 0x78, 0x00, 0x3E,
    0xF8, 0x00, 0x1F, 0xF8, 0x00, 0x1F, 0x07, 0xFF, 0x00, 0x7F, 0xF0, 0x07, 0xFF, 0x00, 0x00, 0x00,
    0x00, 0x00, 0x00, 0x00, 0x00, 0x00, 0x00, 0x00, 0x7F, 0x8F, 0x0F, 0xFE, 0xF1, 0xFF, 0xFF, 0x3F,
    0xFF, 0xF7, 0xE0, 0x7F, 0x7C, 0x03, 0xFF, 0x80, 0x1F, 0xF8, 0x01, 0xFF, 0x00, 0x1F, 0xF0, 0x00,
    0xFF, 0x00, 0x0F, 0xF0, 0x01, 0xFF, 0x80, 0x1F, 0xF8, 0x01, 0xF7, 0xC0, 0x3F, 0x7E, 0x07, 0xF3,
    0xFF, 0xFF, 0x1F, 0xFF, 0xF0, 0xFF, 0xEF, 0x07, 0xF8, 0xF0, 0x01, 0xC0, 0xE0, 0x00, 0x78, 0x78,
    0x00, 0x1F, 0xFE, 0x00, 0x03, 0xFF, 0x00, 0x00, 0x7F, 0x80, 0x00, 0x0F, 0xC0, 0x00, 0x00, 0x00,
    0x00, 0x00, 0x00, 0x00, 0x00, 0x1F, 0x00, 0x00, 0x0F, 0xC0, 0x00, 0x03, 0xF8, 0x00, 0x01, 0xFE,
    0x00, 0x00, 0x7F, 0x80, 0x00, 0x1F, 0xF0, 0x00, 0x0F, 0xFC, 0x00, 0x03, 0xCF, 0x80, 0x01, 0xF3,
    0xE0, 0x00, 0x7C, 0xF8, 0x00, 0x1E, 0x1F, 0x00, 0x0F, 0x87, 0xC0, 0x03, 0xE1, 0xF0, 0x01, 0xF0,
    0x3E, 0x00, 0x7C, 0x0F, 0x80, 0x1E, 0x01, 0xF0, 0x0F, 0xFF, 0xFC, 0x03, 0xFF, 0xFF, 0x01, 0xFF,
    0xFF, 0xE0, 0x7F, 0xFF, 0xF8, 0x1F, 0x00, 0x1F, 0x0F, 0x80, 0x07, 0xC3, 0xE0, 0x01, 0xF0, 0xF0,
    0x00, 0x3E, 0x7C, 0x00, 0x0F, 0x9F, 0x00, 0x03, 0xF0, 0x0F, 0x03, 0x80, 0xF0, 0x78, 0x0F, 0x8F,
    0x80, 0x7F, 0xF0, 0x07, 0xFF, 0x00, 0x3F, 0xE0, 0x01, 0xFC, 0x00, 0x00, 0x00, 0x00, 0x00, 0x00,
    0x7F, 0x8F, 0x0F, 0xFE, 0xF1, 0xFF, 0xFF, 0x3F, 0xFF, 0xF7, 0xE0, 0x7F, 0x7C, 0x03, 0xFF, 0x80,
    0x1F, 0xF8, 0x01, 0xFF, 0x00, 0x1F, 0xF0, 0x00, 0xFF, 0x00, 0x0F, 0xF0, 0x01, 0xFF, 0x80, 0x1F,
    0xF8, 0x01, 0xF7, 0xC0, 0x3F, 0x7E, 0x07, 0xF3, 0xFF, 0xFF, 0x1F, 0xFF, 0xF0, 0xFF, 0xEF, 0x07,
    0xF8, 0xF0, 0x00, 0x3E, 0x00, 0x00, 0x1F, 0x80, 0x00, 0x07, 0xF0, 0x00, 0x03, 0xFC, 0x00, 0x00,
    0xFF, 0x80, 0x00, 0x3F, 0xE0, 0x00, 0x1F, 0x78, 0x00, 0x07, 0xDF, 0x00, 0x01, 0xE7, 0xC0, 0x00,
    0xF8, 0xF8, 0x00, 0x3E, 0x3E, 0x00, 0x1F, 0x0F, 0x80, 0x07, 0xC1, 0xF0, 0x01, 0xE0, 0x7C, 0x00,
    0xF8, 0x0F, 0x80, 0x3E, 0x03, 0xE0, 0x1F, 0xFF, 0xF8, 0x07, 0xFF, 0xFF, 0x01, 0xFF, 0xFF, 0xC0,
    0xFF, 0xFF, 0xF8, 0x3E, 0x00, 0x3E, 0x1F, 0x00, 0x0F, 0xC7, 0xC0, 0x01, 0xF1, 0xF0, 0x00, 0x7C,
    0xF8, 0x00, 0x0F, 0xBE, 0x00, 0x07, 0xE0, 0x00, 0x03, 0xF8, 0x00, 0x01, 0xF8, 0x00, 0x00, 0x7C,
    0x00, 0x00, 0x1E, 0x00, 0x00, 0x07, 0xD8, 0x00, 0x01, 0xFF, 0x00, 0x00, 0x3F, 0xC0, 0x00, 0x07,
    0xC0, 0x07, 0xF8, 0xF0, 0x7F, 0xF7, 0x87, 0xFF, 0xFC, 0x7F, 0xFF, 0xE7, 0xE0, 0x7F, 0x3E, 0x01,
    0xFB, 0xE0, 0x07, 0xDF, 0x00, 0x3E, 0xF0, 0x01, 0xF7, 0x80, 0x07, 0xBC, 0x00, 0x3D, 0xE0, 0x03,
    0xEF, 0x80, 0x1F, 0x7C, 0x00, 0xF9, 0xF0, 0x0F, 0xCF, 0xC0, 0xFE, 0x3F, 0xFF, 0xF0, 0xFF, 0xFF,
    0x83, 0xFF, 0xBC, 0x0F, 0xF3, 0xE0, 0x00, 0x7E, 0x00, 0x07, 0xE0, 0x00, 0x3E, 0x00, 0x01, 0xE0,
    0x00, 0x0F, 0xB0, 0x00, 0x7F, 0xC0, 0x01, 0xFE, 0x00, 0x07, 0xC0, 0x00, 0x03, 0x80, 0x00, 0x0F,
    0x00, 0x00, 0x7F, 0x00, 0x01, 0xFE, 0x00, 0x07, 0xF0, 0x00, 0x0F, 0x00, 0x00, 0x00, 0x00, 0x00,
    0x00, 0x00, 0x00, 0xFF, 0xC0, 0x07, 0xFF, 0xE0, 0x1F, 0xFF, 0xE0, 0xFF, 0xFF, 0xE1, 0xF8, 0x0F,
    0xC7, 0xE0, 0x0F, 0x1F, 0x80, 0x04, 0x3E, 0x00, 0x00, 0xF8, 0x00, 0x01, 0xF0, 0x00, 0x03, 0xE0,
    0x00, 0x07, 0x80, 0x00, 0x0F, 0x00, 0x00, 0x1E, 0x00, 0x00, 0x3C, 0x00, 0x00, 0x7C, 0x00, 0x00,
    0xF8, 0x00, 0x01, 0xF0, 0x00, 0x01, 0xF0, 0x00, 0x03, 0xF0, 0x00, 0x03, 0xF0, 0x03, 0x87, 0xF0,
    0x1F, 0x07, 0xFF, 0xFF, 0x07, 0xFF, 0xFC, 0x03, 0xFF, 0xF0, 0x01, 0xFF, 0x80, 0x00, 0x00, 0x00,
    0x0C, 0x00, 0x07, 0x80, 0x03, 0xF0, 0x03, 0xF8, 0x00, 0xF8, 0x00, 0x3C, 0x00, 0x04, 0x00, 0x00,
    0x00, 0x00, 0x00, 0x00, 0x3F, 0xC0, 0x3F, 0xFC, 0x1F, 0xFF, 0x8F, 0xFF, 0xF7, 0xE0, 0x7D, 0xF0,
    0x0E, 0xF8, 0x01, 0x3E, 0x00, 0x0F, 0x00, 0x03, 0xC0, 0x00, 0xF0, 0x00, 0x3C, 0x00, 0x0F, 0x80,
    0x03, 0xE0, 0x04, 0x7C, 0x03, 0x9F, 0xC1, 0xF3, 0xFF, 0xFC, 0x7F, 0xFE, 0x0F, 0xFF, 0x00, 0xFF,
    0x00, 0x00, 0x1E, 0x00, 0x00, 0xFE, 0x00, 0x03, 0xFE, 0x00, 0x0F, 0xFE, 0x00, 0x3E, 0x3E, 0x00,
    0x30, 0x18, 0x00, 0x00, 0x00, 0x00, 0x00, 0x00, 0x00, 0xFF, 0xC0, 0x07, 0xFF, 0xE0, 0x1F, 0xFF,
    0xE0, 0xFF, 0xFF, 0xE1, 0xF8, 0x0F, 0xC7, 0xE0, 0x0F, 0x1F, 0x80, 0x04, 0x3E, 0x00, 0x00, 0xF8,
    0x00, 0x01, 0xF0, 0x00, 0x03, 0xE0, 0x00, 0x07, 0x80, 0x00, 0x0F, 0x00, 0x00, 0x1E, 0x00, 0x00,
    0x3C, 0x00, 0x00, 0x7C, 0x00, 0x00, 0xF8, 0x00, 0x01, 0xF0, 0x00, 0x01, 0xF0, 0x00, 0x03, 0xF0,
    0x00, 0x03, 0xF0, 0x03, 0x87, 0xF0, 0x1F, 0x07, 0xFF, 0xFF, 0x07, 0xFF, 0xFC, 0x03, 0xFF, 0xF0,
    0x01, 0xFF, 0x80, 0x00, 0xF0, 0x00, 0x7E, 0x00, 0x3F, 0xC0, 0x1F, 0xF8, 0x0F, 0x1F, 0x03, 0x81,
    0x80, 0x00, 0x00, 0x00, 0x00, 0x00, 0x00, 0x00, 0xFF, 0x00, 0xFF, 0xF0, 0x7F, 0xFE, 0x3F, 0xFF,
    0xDF, 0x81, 0xF7, 0xC0, 0x3B, 0xE0, 0x04, 0xF8, 0x00, 0x3C, 0x00, 0x0F, 0x00, 0x03, 0xC0, 0x00,
    0xF0, 0x00, 0x3E, 0x00, 0x0F, 0x80, 0x11, 0xF0, 0x0E, 0x7F, 0x07, 0xCF, 0xFF, 0xF1, 0xFF, 0xF8,
    0x3F, 0xFC, 0x03, 0xFC, 0x00, 0x00, 0x3E, 0x00, 0x00, 0xF8, 0x00, 0x03, 0xE0, 0x00, 0x0F, 0x80,
    0x00, 0x3E, 0x00, 0x00, 0x00, 0x00, 0x00, 0x00, 0x00, 0x00, 0x00, 0x00, 0xFF, 0x80, 0x0F, 0xFF,
    0x80, 0x7F, 0xFF, 0x87, 0xFF, 0xFF, 0x1F, 0x81, 0xFC, 0xFC, 0x01, 0xE7, 0xE0, 0x03, 0x1F, 0x00,
    0x00, 0xF8, 0x00, 0x03, 0xE0, 0x00, 0x0F, 0x80, 0x00, 0x3C, 0x00, 0x00, 0xF0, 0x00, 0x03, 0xC0,
    0x00, 0x0F, 0x00, 0x00, 0x3E, 0x00, 0x00, 0xF8, 0x00, 0x03, 0xE0, 0x00, 0x07, 0xC0, 0x00, 0x1F,
    0x80, 0x00, 0x3F, 0x00, 0x30, 0xFE, 0x03, 0xE1, 0xFF, 0xFF, 0xC3, 0xFF, 0xFE, 0x03, 0xFF, 0xF0,
    0x03, 0xFF, 0x00, 0x01, 0xF0, 0x00, 0x7C, 0x00, 0x1F, 0x00, 0x07, 0xC0, 0x01, 0xF0, 0x00, 0x00,
    0x00, 0x00, 0x00, 0x00, 0x00, 0x00, 0x00, 0x01, 0xFF, 0x00, 0xFF, 0xF0, 0x7F, 0xFE, 0x3F, 0xFF,
    0xDF, 0x83, 0xE7, 0xC0, 0x3B, 0xE0, 0x04, 0xF8, 0x00, 0x3C, 0x00, 0x0F, 0x00, 0x03, 0xC0, 0x00,
    0xF0, 0x00, 0x3E, 0x00, 0x0F, 0x80, 0x11, 0xF0, 0x0E, 0x7E, 0x07, 0x8F, 0xFF, 0xF1, 0xFF, 0xF8,
    0x3F, 0xF8, 0x07, 0xFC, 0x00, 0x01, 0xC0, 0xC0, 0x07, 0xEF, 0xC0, 0x07, 0xFF, 0x00, 0x07, 0xFC,
    0x00, 0x07, 0xF0, 0x00, 0x07, 0xC0, 0x00, 0x00, 0x00, 0x00, 0x00, 0x00, 0x00, 0xFF, 0xC0, 0x07,
    0xFF, 0xE0, 0x1F, 0xFF, 0xE0, 0xFF, 0xFF, 0xE1, 0xF8, 0x0F, 0xC7, 0xE0, 0x0F, 0x1F, 0x80, 0x04,
    0x3E, 0x00, 0x00, 0xF8, 0x00, 0x01, 0xF0, 0x00, 0x03, 0xE0, 0x00, 0x07, 0x80, 0x00, 0x0F, 0x00,
    0x00, 0x1E, 0x00, 0x00, 0x3C, 0x00, 0x00, 0x7C, 0x00, 0x00, 0xF8, 0x00, 0x01, 0xF0, 0x00, 0x01,
    0xF0, 0x00, 0x03, 0xF0, 0x00, 0x03, 0xF0, 0x03, 0x87, 0xF0, 0x1F, 0x07, 0xFF, 0xFF, 0x07, 0xFF,
    0xFC, 0x03, 0xFF, 0xF0, 0x01, 0xFF, 0x80, 0x06, 0x06, 0x03, 0xC7, 0x80, 0x7F, 0xE0, 0x0F, 0xF0,
    0x03, 0xF8, 0x00, 0x7C, 0x00, 0x00, 0x00, 0x00, 0x00, 0x00, 0x00, 0x00, 0xFF, 0x00, 0xFF, 0xF0,
    0x7F, 0xFE, 0x3F, 0xFF, 0xDF, 0x81, 0xF7, 0xC0, 0x3B, 0xE0, 0x04, 0xF8, 0x00, 0x3C, 0x00, 0x0F,
    0x00, 0x03, 0xC0, 0x00, 0xF0, 0x00, 0x3E, 0x00, 0x0F, 0x80, 0x11, 0xF0, 0x0E, 0x7F, 0x07, 0xCF,
    0xFF, 0xF1, 0xFF, 0xF8, 0x3F, 0xFC, 0x03, 0xFC, 0x00, 0x04, 0x01, 0x00, 0x1F, 0x0F, 0x00, 0x3F,
    0xFE, 0x00, 0x1F, 0xF0, 0x00, 0x1F, 0xC0, 0x00, 0x1F, 0x00, 0x00, 0x00, 0x00, 0x00, 0x00, 0x00,
    0xFF, 0xFF, 0x01, 0xFF, 0xFF, 0x83, 0xFF, 0xFF, 0x87, 0xFF, 0xFF, 0x8F, 0x00, 0x3F, 0x9E, 0x00,
    0x1F, 0x3C, 0x00, 0x1F, 0x78, 0x00, 0x3E, 0xF0, 0x00, 0x3F, 0xE0, 0x00, 0x7F, 0xC0, 0x00, 0xFF,
    0x80, 0x00, 0xFF, 0x00, 0x01, 0xFE, 0x00, 0x03, 0xFC, 0x00, 0x07, 0xF8, 0x00, 0x1F, 0xF0, 0x00,
    0x3F, 0xE0, 0x00, 0x7F, 0xC0, 0x01, 0xF7, 0x80, 0x03, 0xEF, 0x00, 0x0F, 0x9E, 0x00, 0x7F, 0x3F,
    0xFF, 0xFC, 0x7F, 0xFF, 0xF0, 0xFF, 0xFF, 0xC1, 0xFF, 0xFE, 0x00, 0x00, 0x00, 0xF3, 0xC0, 0x00,
    0x1E, 0x7C, 0x00, 0x03, 0xCF, 0x80, 0x00, 0x79, 0xF0, 0x00, 0x0F, 0x1E, 0x00, 0x01, 0xE7, 0x80,
    0x00, 0x3C, 0xF0, 0x00, 0x07, 0x98, 0x07, 0xF8, 0xF0, 0x01, 0xFF, 0xDE, 0x00, 0x7F, 0xFF, 0xC0,
    0x1F, 0xFF, 0xF8, 0x07, 0xE0, 0x7F, 0x00, 0xF8, 0x07, 0xE0, 0x3E, 0x00, 0x7C, 0x07, 0xC0, 0x0F,
    0x80, 0xF0, 0x01, 0xF0, 0x1E, 0x00, 0x1E, 0x03, 0xC0, 0x03, 0xC0, 0x78, 0x00, 0xF8, 0x0F, 0x80,
    0x1F, 0x01, 0xF0, 0x03, 0xE0, 0x1F, 0x00, 0xFC, 0x03, 0xF0, 0x3F, 0x80, 0x3F, 0xFF, 0xF0, 0x03,
    0xFF, 0xFE, 0x00, 0x3F, 0xFB, 0xC0, 0x03, 0xFC, 0x78, 0x00, 0x3F, 0xFF, 0xC0, 0x1F, 0xFF, 0xF8,
    0x0F, 0xFF, 0xFE, 0x07, 0xFF, 0xFF, 0x83, 0xC0, 0x0F, 0xE1, 0xE0, 0x01, 0xF0, 0xF0, 0x00, 0x7C,
    0x78, 0x00, 0x3E, 0x3C, 0x00, 0x0F, 0x9E, 0x00, 0x07, 0xCF, 0x00, 0x03, 0xFF, 0xFC, 0x00, 0xFF,
    0xFE, 0x00, 0x7F, 0xFF, 0x00, 0x3F, 0xFF, 0x80, 0x1E, 0x78, 0x00, 0x1F, 0x3C, 0x00, 0x0F, 0x9E,
    0x00, 0x07, 0xCF, 0x00, 0x07, 0xC7, 0x80, 0x03, 0xE3, 0xC0, 0x03, 0xE1, 0xE0, 0x07, 0xF0, 0xFF,
    0xFF, 0xF0, 0x7F, 0xFF, 0xF0, 0x3F, 0xFF, 0xF0, 0x1F, 0xFF, 0xE0, 0x00, 0x00, 0x00, 0xF0, 0x00,
    0x01, 0xE0, 0x00, 0x3F, 0xF8, 0x00, 0x7F, 0xF0, 0x00, 0xFF, 0xE0, 0x01, 0xFF, 0xC0, 0x00, 0x3C,
    0x00, 0x00, 0x78, 0x07, 0xF8, 0xF0, 0x1F, 0xFD, 0xE0, 0x7F, 0xFF, 0xC1, 0xFF, 0xFF, 0x87, 0xE0,
    0x7F, 0x0F, 0x80, 0x7E, 0x3E, 0x00, 0x7C, 0x7C, 0x00, 0xF8, 0xF0, 0x01, 0xF1, 0xE0, 0x01, 0xE3,
    0xC0, 0x03, 0xC7, 0x80, 0x0F, 0x8F, 0x80, 0x1F, 0x1F, 0x00, 0x3E, 0x1F, 0x00, 0xFC, 0x3F, 0x03,
    0xF8, 0x3F, 0xFF, 0xF0, 0x3F, 0xFF, 0xE0, 0x3F, 0xFB, 0xC0, 0x3F, 0xC7, 0x80, 0x1F, 0xFE, 0x0F,
    0xFF, 0x07, 0xFF, 0x80, 0x00, 0x00, 0x00, 0x00, 0x00, 0x03, 0xFF, 0xFF, 0xFF, 0xFF, 0xFF, 0xFF,
    0xFF, 0xFF, 0xFC, 0x00, 0x1E, 0x00, 0x0F, 0x00, 0x07, 0x80, 0x03, 0xC0, 0x01, 0xE0, 0x00, 0xF0,
    0x00, 0x7F, 0xFF, 0x3F, 0xFF, 0x9F, 0xFF, 0xCF, 0xFF, 0xE7, 0x80, 0x03, 0xC0, 0x01, 0xE0, 0x00,
    0xF0, 0x00, 0x78, 0x00, 0x3C, 0x00, 0x1E, 0x00, 0x0F, 0xFF, 0xFF, 0xFF, 0xFF, 0xFF, 0xFF, 0xFF,
    0xFF, 0x07, 0xFF, 0x00, 0xFF, 0xE0, 0x1F, 0xFC, 0x00, 0x00, 0x00, 0x00, 0x00, 0x00, 0x00, 0x00,
    0x00, 0x00, 0x1F, 0xE0, 0x0F, 0xFF, 0x03, 0xFF, 0xF0, 0xFF, 0xFF, 0x3F, 0x03, 0xE7, 0xC0, 0x3F,
    0xF0, 0x03, 0xFF, 0xFF, 0xFF, 0xFF, 0xFF, 0xFF, 0xFF, 0xFF, 0xFF, 0xFF, 0xC0, 0x00, 0x7C, 0x00,
    0x0F, 0x80, 0x00, 0xF8, 0x01, 0x1F, 0xC0, 0xF1, 0xFF, 0xFE, 0x1F, 0xFF, 0xC1, 0xFF, 0xF0, 0x0F,
    0xF8, 0x00, 0x3C, 0x1E, 0x1F, 0x1F, 0x07, 0xFF, 0x03, 0xFF, 0x80, 0xFF, 0x80, 0x3F, 0x80, 0x00,
    0x00, 0x00, 0x00, 0xFF, 0xFF, 0xFF, 0xFF, 0xFF, 0xFF, 0xFF, 0xFF, 0xFF, 0x00, 0x07, 0x80, 0x03,
    0xC0, 0x01, 0xE0, 0x00, 0xF0, 0x00, 0x78, 0x00, 0x3C, 0x00, 0x1F, 0xFF, 0xCF, 0xFF, 0xE7, 0xFF,
    0xF3, 0xFF, 0xF9, 0xE0, 0x00, 0xF0, 0x00, 0x78, 0x00, 0x3C, 0x00, 0x1E, 0x00, 0x0F, 0x00, 0x07,
    0x80, 0x03, 0xFF, 0xFF, 0xFF, 0xFF, 0xFF, 0xFF, 0xFF, 0xFF, 0xC0, 0x0E, 0x07, 0x01, 0xE1, 0xE0,
    0x3E, 0x3C, 0x03, 0xFF, 0x80, 0x7F, 0xE0, 0x07, 0xF8, 0x00, 0x7E, 0x00, 0x00, 0x00, 0x00, 0x00,
    0x00, 0x7F, 0x80, 0x3F, 0xFC, 0x0F, 0xFF, 0xC3, 0xFF, 0xFC, 0xFC, 0x0F, 0x9F, 0x00, 0xFF, 0xC0,
    0x0F, 0xFF, 0xFF, 0xFF, 0xFF, 0xFF, 0xFF, 0xFF, 0xFF, 0xFF, 0xFF, 0x00, 0x01, 0xF0, 0x00, 0x3E,
    0x00, 0x03, 0xE0, 0x0C, 0x7F, 0x03, 0xC7, 0xFF, 0xF8, 0x7F, 0xFF, 0x07, 0xFF, 0xC0, 0x3F, 0xE0,
    0x03, 0xE0, 0x01, 0xF0, 0x00, 0xF8, 0x00, 0x7C, 0x00, 0x3E, 0x00, 0x00, 0x00, 0x00, 0x01, 0xFF,
    0xFF, 0xFF, 0xFF, 0xFF, 0xFF, 0xFF, 0xFF, 0xFE, 0x00, 0x0F, 0x00, 0x07, 0x80, 0x03, 0xC0, 0x01,
    0xE0, 0x00, 0xF0, 0x00, 0x78, 0x00, 0x3F, 0xFF, 0x9F, 0xFF, 0xCF, 0xFF, 0xE7, 0xFF, 0xF3, 0xC0,
    0x01, 0xE0, 0x00, 0xF0, 0x00, 0x78, 0x00, 0x3C, 0x00, 0x1E, 0x00, 0x0F, 0x00, 0x07, 0xFF, 0xFF,
    0xFF, 0xFF, 0xFF, 0xFF, 0xFF, 0xFF, 0x80, 0x00, 0xF8, 0x00, 0x0F, 0x80, 0x00, 0xF8, 0x00, 0x0F,
    0x80, 0x00, 0xF8, 0x00, 0x00, 0x00, 0x00, 0x00, 0x00, 0x00, 0x00, 0x00, 0x00, 0x00, 0x3F, 0xE0,
    0x0F, 0xFF, 0x01, 0xFF, 0xFC, 0x3F, 0xFF, 0xC7, 0xE0, 0x7E, 0x7C, 0x01, 0xFF, 0x80, 0x1F, 0xFF,
    0xFF, 0xFF, 0xFF, 0xFF, 0xFF, 0xFF, 0xFF, 0xFF, 0xFF, 0xF0, 0x00, 0x0F, 0x80, 0x00, 0xF8, 0x00,
    0x07, 0xC0, 0x0C, 0x7F, 0x01, 0xC3, 0xFF, 0xFE, 0x1F, 0xFF, 0xE0, 0xFF, 0xFC, 0x03, 0xFE, 0x00,
    0xFF, 0xFF, 0xFF, 0xFF, 0xFF, 0xFF, 0xFF, 0xFF, 0xFF, 0x00, 0x07, 0x80, 0x03, 0xC0, 0x01, 0xE0,
    0x00, 0xF0, 0x00, 0x78, 0x00, 0x3C, 0x00, 0x1F, 0xFF, 0xCF, 0xFF, 0xE7, 0xFF, 0xF3, 0xFF, 0xF9,
    0xE0, 0x00, 0xF0, 0x00, 0x78, 0x00, 0x3C, 0x00, 0x1E, 0x00, 0x0F, 0x00, 0x07, 0x80, 0x03, 0xFF,
    0xFF, 0xFF, 0xFF, 0xFF, 0xFF, 0xFF, 0xFF, 0xC0, 0x1F, 0x80, 0x1F, 0x00, 0x0F, 0x80, 0x07, 0x80,
    0x03, 0xF8, 0x01, 0xFE, 0x00, 0xFF, 0x00, 0x3F, 0x00, 0x03, 0xFC, 0x01, 0xFF, 0xC0, 0x7F, 0xFE,
    0x1F, 0xFF, 0xC7, 0xE0, 0xFC, 0xF8, 0x07, 0xBE, 0x00, 0xFF, 0xC0, 0x0F, 0xFF, 0xFF, 0xFF, 0xFF,
    0xFF, 0xFF, 0xFF, 0xFF, 0xFF, 0xFF, 0x80, 0x01, 0xF0, 0x00, 0x1F, 0x00, 0x03, 0xF8, 0x1C, 0x3F,
    0xFF, 0xC3, 0xFF, 0xF8, 0x3F, 0xFE, 0x01, 0xFF, 0x80, 0x03, 0xE0, 0x00, 0xF8, 0x00, 0x1E, 0x00,
    0x03, 0xC0, 0x00, 0x7D, 0x80, 0x0F, 0xF8, 0x01, 0xFE, 0x00, 0x1F, 0x80, 0x10, 0x04, 0x1F, 0x1F,
    0x07, 0xFF, 0x81, 0xFF, 0x00, 0x7F, 0x00, 0x1F, 0x00, 0x00, 0x00, 0x00, 0x00, 0xFF, 0xFF, 0xFF,
    0xFF, 0xFF, 0xFF, 0xFF, 0xFF, 0xFF, 0x00, 0x07, 0x80, 0x03, 0xC0, 0x01, 0xE0, 0x00, 0xF0, 0x00,
    0x78, 0x00, 0x3C, 0x00, 0x1F, 0xFF, 0xCF, 0xFF, 0xE7, 0xFF, 0xF3, 0xFF, 0xF9, 0xE0, 0x00, 0xF0,
    0x00, 0x78, 0x00, 0x3C, 0x00, 0x1E, 0x00, 0x0F, 0x00, 0x07, 0x80, 0x03, 0xFF, 0xFF, 0xFF, 0xFF,
    0xFF, 0xFF, 0xFF, 0xFF, 0xC0, 0x06, 0x06, 0x01, 0xF3, 0xE0, 0x1F, 0xF8, 0x01, 0xFE, 0x00, 0x1F,
    0xC0, 0x01, 0xF0, 0x00, 0x00, 0x00, 0x00, 0x00, 0x00, 0x00, 0x00, 0x7F, 0x80, 0x3F, 0xFC, 0x0F,
    0xFF, 0xC3, 0xFF, 0xFC, 0xFC, 0x0F, 0x9F, 0x00, 0xFF, 0xC0, 0x0F, 0xFF, 0xFF, 0xFF, 0xFF, 0xFF,
    0xFF, 0xFF, 0xFF, 0xFF, 0xFF, 0x00, 0x01, 0xF0, 0x00, 0x3E, 0x00, 0x03, 0xE0, 0x0C, 0x7F, 0x03,
    0xC7, 0xFF, 0xF8, 0x7F, 0xFF, 0x07, 0xFF, 0xC0, 0x3F, 0xE0, 0x00, 0x1E, 0x00, 0x00, 0x1F, 0x80,
    0x00, 0x1F, 0xF0, 0x00, 0x1F, 0xFC, 0x00, 0x1F, 0x1F, 0x00, 0x06, 0x03, 0x00, 0x00, 0x00, 0x00,
    0x00, 0x00, 0x00, 0x00, 0x7F, 0xE0, 0x01, 0xFF, 0xFC, 0x01, 0xFF, 0xFF, 0x01, 0xFF, 0xFF, 0xC1,
    0xFC, 0x07, 0xE1, 0xF8, 0x00, 0xE1, 0xF8, 0x00, 0x30, 0xF8, 0x00, 0x00, 0xF8, 0x00, 0x00, 0x7C,
    0x00, 0x00, 0x3E, 0x00, 0x00, 0x1E, 0x00, 0x00, 0x0F, 0x00, 0x7F, 0xFF, 0x80, 0x3F, 0xFF, 0xC0,
    0x1F, 0xFF, 0xF0, 0x0F, 0xFF, 0xF8, 0x00, 0x07, 0xFE, 0x00, 0x03, 0xDF, 0x00, 0x03, 0xEF, 0xC0,
    0x01, 0xE3, 0xF0, 0x01, 0xF0, 0xFE, 0x03, 0xF0, 0x3F, 0xFF, 0xF0, 0x0F, 0xFF, 0xF0, 0x03, 0xFF,
    0xF0, 0x00, 0x3F, 0xE0, 0x00, 0x00, 0xF8, 0x00, 0x1F, 0xC0, 0x03, 0xFE, 0x00, 0x7F, 0xF0, 0x07,
    0x8F, 0x80, 0x70, 0x70, 0x00, 0x00, 0x00, 0x00, 0x00, 0x00, 0x00, 0x00, 0x7F, 0x8F, 0x0F, 0xFE,
    0xF1, 0xFF, 0xFF, 0x3F, 0xFF, 0xF7, 0xE0, 0x7F, 0x7C, 0x03, 0xFF, 0x80, 0x1F, 0xF8, 0x01, 0xFF,
    0x00, 0x0F, 0xF0, 0x00, 0xFF, 0x00, 0x0F, 0xF0, 0x00, 0xFF, 0x80, 0x1F, 0xF8, 0x01, 0xF7, 0xC0,
    0x3F, 0x7E, 0x07, 0xF3, 0xFF, 0xFF, 0x1F, 0xFF, 0xF0, 0xFF, 0xEF, 0x07, 0xF8, 0xF0, 0x00, 0x0F,
    0x00, 0x01, 0xF0, 0x00, 0x1F, 0x1C, 0x07, 0xE1, 0xFF, 0xFE, 0x3F, 0xFF, 0xC1, 0xFF, 0xF8, 0x07,
    0xFE, 0x00, 0x01, 0xE0, 0xF0, 0x00, 0xF8, 0xF8, 0x00, 0x7F, 0xF8, 0x00, 0x1F, 0xFC, 0x00, 0x07,
    0xFC, 0x00, 0x01, 0xF8, 0x00, 0x00, 0x00, 0x00, 0x00, 0x00, 0x00, 0x00, 0x7F, 0xE0, 0x01, 0xFF,
    0xFC, 0x01, 0xFF, 0xFF, 0x01, 0xFF, 0xFF, 0xC1, 0xFC, 0x07, 0xE1, 0xF8, 0x00, 0xE1, 0xF8, 0x00,
    0x30, 0xF8, 0x00, 0x00, 0xF8, 0x00, 0x00, 0x7C, 0x00, 0x00, 0x3E, 0x00, 0x00, 0x1E, 0x00, 0x00,
    0x0F, 0x00, 0x7F, 0xFF, 0x80, 0x3F, 0xFF, 0xC0, 0x1F, 0xFF, 0xF0, 0x0F, 0xFF, 0xF8, 0x00, 0x07,
    0xFE, 0x00, 0x03, 0xDF, 0x00, 0x03, 0xEF, 0xC0, 0x01, 0xE3, 0xF0, 0x01, 0xF0, 0xFE, 0x03, 0xF0,
    0x3F, 0xFF, 0xF0, 0x0F, 0xFF, 0xF0, 0x03, 0xFF, 0xF0, 0x00, 0x3F, 0xE0, 0x00, 0x07, 0x07, 0x80,
    0xF0, 0x78, 0x07, 0x8F, 0x80, 0x7F, 0xF0, 0x03, 0xFF, 0x00, 0x3F, 0xE0, 0x00, 0xFC, 0x00, 0x00,
    0x00, 0x00, 0x00, 0x00, 0x7F, 0x8F, 0x0F, 0xFE, 0xF1, 0xFF, 0xFF, 0x3F, 0xFF, 0xF7, 0xE0, 0x7F,
    0x7C, 0x03, 0xFF, 0x80, 0x1F, 0xF8, 0x01, 0xFF, 0x00, 0x0F, 0xF0, 0x00, 0xFF, 0x00, 0x0F, 0xF0,
    0x00, 0xFF, 0x80, 0x1F, 0xF8, 0x01, 0xF7, 0xC0, 0x3F, 0x7E, 0x07, 0xF3, 0xFF, 0xFF, 0x1F, 0xFF,
    0xF0, 0xFF, 0xEF, 0x07, 0xF8, 0xF0, 0x00, 0x0F, 0x00, 0x01, 0xF0, 0x00, 0x1F, 0x1C, 0x07, 0xE1,
    0xFF, 0xFE, 0x3F, 0xFF, 0xC1, 0xFF, 0xF8, 0x07, 0xFE, 0x00, 0x00, 0x1F, 0x00, 0x00, 0x0F, 0x80,
    0x00, 0x07, 0xC0, 0x00, 0x03, 0xE0, 0x00, 0x01, 0xF0, 0x00, 0x00, 0x00, 0x00, 0x00, 0x00, 0x00,
    0x00, 0x00, 0x00, 0x00, 0x7F, 0xE0, 0x01, 0xFF, 0xFC, 0x01, 0xFF, 0xFF, 0x01, 0xFF, 0xFF, 0xC1,
    0xFC, 0x07, 0xE1, 0xF8, 0x00, 0xE1, 0xF8, 0x00, 0x30, 0xF8, 0x00, 0x00, 0xF8, 0x00, 0x00, 0x7C,
    0x00, 0x00, 0x3E, 0x00, 0x00, 0x1E, 0x00, 0x00, 0x0F, 0x00, 0x7F, 0xFF, 0x80, 0x3F, 0xFF, 0xC0,
    0x1F, 0xFF, 0xF0, 0x0F, 0xFF, 0xF8, 0x00, 0x07, 0xFE, 0x00, 0x03, 0xDF, 0x00, 0x03, 0xEF, 0xC0,
    0x01, 0xE3, 0xF0, 0x01, 0xF0, 0xFE, 0x03, 0xF0, 0x3F, 0xFF, 0xF0, 0x0F, 0xFF, 0xF0, 0x03, 0xFF,
    0xF0, 0x00, 0x3F, 0xE0, 0x00, 0x00, 0xF8, 0x00, 0x0F, 0x80, 0x00, 0xF8, 0x00, 0x0F, 0x80, 0x00,
    0xF8, 0x00, 0x00, 0x00, 0x00, 0x00, 0x00, 0x00, 0x00, 0x00, 0x00, 0x00, 0x7F, 0x8F, 0x0F, 0xFE,
    0xF1, 0xFF, 0xFF, 0x3F, 0xFF, 0xF7, 0xE0, 0x7F, 0x7C, 0x03, 0xFF, 0x80, 0x1F, 0xF8, 0x01, 0xFF,
    0x00, 0x1F, 0xF0, 0x00, 0xFF, 0x00, 0x0F, 0xF0, 0x01, 0xFF, 0x80, 0x1F, 0xF8, 0x01, 0xF7, 0xC0,
    0x3F, 0x7E, 0x07, 0xF3, 0xFF, 0xFF, 0x1F, 0xFF, 0xF0, 0xFF, 0xEF, 0x07, 0xF8, 0xF0, 0x00, 0x1F,
    0x00, 0x01, 0xF0, 0x00, 0x3F, 0x1C, 0x07, 0xE1, 0xFF, 0xFE, 0x3F, 0xFF, 0xC1, 0xFF, 0xF8, 0x07,
    0xFE, 0x00, 0x00, 0x7F, 0xE0, 0x01, 0xFF, 0xFC, 0x01, 0xFF, 0xFF, 0x01, 0xFF, 0xFF, 0xC1, 0xFC,
    0x07, 0xE1, 0xF8, 0x00, 0xE1, 0xF8, 0x00, 0x30, 0xF8, 0x00, 0x00, 0xF8, 0x00, 0x00, 0x7C, 0x00,
    0x00, 0x3E, 0x00, 0x00, 0x1E, 0x00, 0x00, 0x0F, 0x00, 0x7F, 0xFF, 0x80, 0x3F, 0xFF, 0xC0, 0x1F,
    0xFF, 0xF0, 0x0F, 0xFF, 0xF8, 0x00, 0x07, 0xFE, 0x00, 0x03, 0xDF, 0x00, 0x03, 0xEF, 0xC0, 0x01,
    0xE3, 0xF0, 0x01, 0xF0, 0xFE, 0x03, 0xF0, 0x3F, 0xFF, 0xF0, 0x0F, 0xFF, 0xF0, 0x03, 0xFF, 0xF0,
    0x00, 0x3F, 0xE0, 0x00, 0x00, 0x00, 0x00, 0x03, 0x80, 0x00, 0x03, 0xE0, 0x00, 0x01, 0xF0, 0x00,
    0x00, 0xF8, 0x00, 0x00, 0x3C, 0x00, 0x00, 0x1E, 0x00, 0x00, 0x1E, 0x00, 0x00, 0x0C, 0x00, 0x00,
    0x00, 0x08, 0x00, 0x03, 0x80, 0x00, 0x78, 0x00, 0x0F, 0x00, 0x00, 0xF0, 0x00, 0x0F, 0x80, 0x00,
    0xF8, 0x00, 0x07, 0x80, 0x00, 0x00, 0x00, 0x00, 0x00, 0x00, 0x00, 0x00, 0x7F, 0x8F, 0x0F, 0xFE,
    0xF1, 0xFF, 0xFF, 0x3F, 0xFF, 0xF7, 0xE0, 0x7F, 0x7C, 0x03, 0xFF, 0x80, 0x1F, 0xF8, 0x01, 0xFF,
    0x00, 0x0F, 0xF0, 0x00, 0xFF, 0x00, 0x0F, 0xF0, 0x00, 0xFF, 0x80, 0x1F, 0xF8, 0x01, 0xF7, 0xC0,
    0x3F, 0x7E, 0x07, 0xF3, 0xFF, 0xFF, 0x1F, 0xFF, 0xF0, 0xFF, 0xEF, 0x07, 0xF8, 0xF0, 0x00, 0x0F,
    0x00, 0x01, 0xF0, 0x00, 0x1F, 0x1C, 0x07, 0xE1, 0xFF, 0xFE, 0x3F, 0xFF, 0xC1, 0xFF, 0xF8, 0x07,
    0xFE, 0x00, 0x00, 0x70, 0x00, 0x0F, 0xE0, 0x00, 0xFF, 0x80, 0x0F, 0xFE, 0x00, 0xFD, 0xF8, 0x03,
    0x83, 0x80, 0x00, 0x00, 0x00, 0x00, 0x00, 0xF0, 0x00, 0x7F, 0x80, 0x03, 0xFC, 0x00, 0x1F, 0xE0,
    0x00, 0xFF, 0x00, 0x07, 0xF8, 0x00, 0x3F, 0xC0, 0x01, 0xFE, 0x00, 0x0F, 0xF0, 0x00, 0x7F, 0x80,
    0x03, 0xFC, 0x00, 0x1F, 0xFF, 0xFF, 0xFF, 0xFF, 0xFF, 0xFF, 0xFF, 0xFF, 0xFF, 0xFF, 0xFE, 0x00,
    0x0F, 0xF0, 0x00, 0x7F, 0x80, 0x03, 0xFC, 0x00, 0x1F, 0xE0, 0x00, 0xFF, 0x00, 0x07, 0xF8, 0x00,
    0x3F, 0xC0, 0x01, 0xFE, 0x00, 0x0F, 0xF0, 0x00, 0x7F, 0x80, 0x03, 0xC0, 0x03, 0xE0, 0x03, 0xF8,
    0x03, 0xFE, 0x07, 0xFF, 0x83, 0xE3, 0xC0, 0x00, 0x00, 0x00, 0x01, 0xE0, 0x00, 0xF0, 0x00, 0x78,
    0x00, 0x3C, 0x00, 0x1E, 0x00, 0x0F, 0x00, 0x07, 0x80, 0x03, 0xC0, 0x01, 0xE3, 0xF8, 0xF7, 0xFE,
    0x7F, 0xFF, 0xBF, 0xFF, 0xFF, 0x83, 0xFF, 0x80, 0xFF, 0xC0, 0x3F, 0xC0, 0x1F, 0xE0, 0x0F, 0xF0,
    0x07, 0xF8, 0x03, 0xFC, 0x01, 0xFE, 0x00, 0xFF, 0x00, 0x7F, 0x80, 0x3F, 0xC0, 0x1F, 0xE0, 0x0F,
    0xF0, 0x07, 0xF8, 0x03, 0xFC, 0x01, 0xE0, 0x0F, 0x00, 0x07, 0x80, 0x78, 0x00, 0x3C, 0x03, 0xC0,
    0x01, 0xE0, 0x1E, 0x00, 0x0F, 0x00, 0xF0, 0x00, 0x78, 0x7F, 0xFF, 0xFF, 0xFF, 0xFF, 0xFF, 0xFF,
    0xFF, 0xFF, 0xFF, 0xFF, 0xFF, 0xFF, 0xFF, 0xF8, 0x78, 0x00, 0x3C, 0x03, 0xC0, 0x01, 0xE0, 0x1F,
    0xFF, 0xFF, 0x00, 0xFF, 0xFF, 0xF8, 0x07, 0xFF, 0xFF, 0xC0, 0x3F, 0xFF, 0xFE, 0x01, 0xE0, 0x00,
    0xF0, 0x0F, 0x00, 0x07, 0x80, 0x78, 0x00, 0x3C, 0x03, 0xC0, 0x01, 0xE0, 0x1E, 0x00, 0x0F, 0x00,
    0xF0, 0x00, 0x78, 0x07, 0x80, 0x03, 0xC0, 0x3C, 0x00, 0x1E, 0x01, 0xE0, 0x00, 0xF0, 0x0F, 0x00,
    0x07, 0x80, 0x78, 0x00, 0x3C, 0x00, 0x3C, 0x00, 0x07, 0x80, 0x03, 0xFF, 0x00, 0x7F, 0xE0, 0x0F,
    0xFC, 0x01, 0xFF, 0x80, 0x0F, 0x00, 0x01, 0xE0, 0x00, 0x3C, 0x7F, 0x07, 0xBF, 0xF0, 0xFF, 0xFF,
    0x1F, 0xFF, 0xF3, 0xF0, 0x7E, 0x7C, 0x07, 0xCF, 0x80, 0x79, 0xE0, 0x0F, 0x3C, 0x01, 0xE7, 0x80,
    0x3C, 0xF0, 0x07, 0x9E, 0x00, 0xF3, 0xC0, 0x1E, 0x78, 0x03, 0xCF, 0x00, 0x79, 0xE0, 0x0F, 0x3C,
    0x01, 0xE7, 0x80, 0x3C, 0xF0, 0x07, 0x9E, 0x00, 0xF0, 0x3F, 0x3F, 0xFF, 0xFF, 0xFF, 0xEF, 0xE0,
    0x00, 0x00, 0x00, 0x00, 0x1F, 0xFF, 0xFF, 0xFF, 0xFF, 0xFF, 0xFE, 0x0F, 0x00, 0x78, 0x03, 0xC0,
    0x1E, 0x00, 0xF0, 0x07, 0x80, 0x3C, 0x01, 0xE0, 0x0F, 0x00, 0x78, 0x03, 0xC0, 0x1E, 0x00, 0xF0,
    0x07, 0x80, 0x3C, 0x01, 0xE0, 0x0F, 0x00, 0x78, 0x7F, 0xFF, 0xFF, 0xFF, 0xFF, 0xFF, 0xF8, 0x3C,
    0x77, 0xFF, 0xFF, 0xFE, 0xFE, 0xE3, 0xC0, 0x00, 0x00, 0x00, 0x00, 0x0F, 0x00, 0xF0, 0x0F, 0x00,
    0xF0, 0x0F, 0x00, 0xF0, 0x0F, 0x00, 0xF0, 0x0F, 0x00, 0xF0, 0x0F, 0x00, 0xF0, 0x0F, 0x00, 0xF0,
    0x0F, 0x00, 0xF0, 0x0F, 0x00, 0xF0, 0x0F, 0x00, 0xF0, 0xFF, 0xFF, 0xFF, 0xFF, 0xFE, 0x00, 0x00,
    0x00, 0x00, 0x03, 0xFF, 0xFF, 0xFF, 0xFF, 0xFF, 0xFF, 0xC3, 0xC0, 0x1E, 0x00, 0xF0, 0x07, 0x80,
    0x3C, 0x01, 0xE0, 0x0F, 0x00, 0x78, 0x03, 0xC0, 0x1E, 0x00, 0xF0, 0x07, 0x80, 0x3C, 0x01, 0xE0,
    0x0F, 0x00, 0x78, 0x03, 0xC0, 0x1E, 0x0F, 0xFF, 0xFF, 0xFF, 0xFF, 0xFF, 0xFF, 0xFF, 0xFF, 0xFF,
    0xFF, 0x80, 0x00, 0x00, 0x00, 0x00, 0x00, 0xF0, 0x1E, 0x03, 0xC0, 0x78, 0x0F, 0x01, 0xE0, 0x3C,
    0x07, 0x80, 0xF0, 0x1E, 0x03, 0xC0, 0x78, 0x0F, 0x01, 0xE0, 0x3C, 0x07, 0x80, 0xF0, 0x1E, 0x03,
    0xC0, 0x78, 0x00, 0xF0, 0x7F, 0x87, 0xDF, 0xFC, 0xFF, 0xE3, 0xFE, 0x0F, 0xE0, 0x00, 0x00, 0x00,
    0xFF, 0xFF, 0xFF, 0xFF, 0xFF, 0xFF, 0xF0, 0xF0, 0x07, 0x80, 0x3C, 0x01, 0xE0, 0x0F, 0x00, 0x78,
    0x03, 0xC0, 0x1E, 0x00, 0xF0, 0x07, 0x80, 0x3C, 0x01, 0xE0, 0x0F, 0x00, 0x78, 0x03, 0xC0, 0x1E,
    0x00, 0xF0, 0x07, 0x83, 0xFF, 0xFF, 0xFF, 0xFF, 0xFF, 0xFF, 0xC0, 0x00, 0x03, 0x81, 0xDE, 0x1E,
    0xF9, 0xF3, 0xFF, 0x1F, 0xF8, 0x7F, 0x80, 0xF0, 0x00, 0x00, 0x3C, 0x01, 0xE0, 0x0F, 0x00, 0x78,
    0x03, 0xC0, 0x1E, 0x00, 0xF0, 0x07, 0x80, 0x3C, 0x01, 0xE0, 0x0F, 0x00, 0x78, 0x03, 0xC0, 0x1E,
    0x00, 0xF0, 0x07, 0x80, 0x3C, 0x01, 0xE0, 0x0F, 0x00, 0x78, 0x00, 0xFF, 0xFF, 0xFF, 0xFF, 0xFF,
    0xFF, 0xF0, 0xF0, 0x07, 0x80, 0x3C, 0x01, 0xE0, 0x0F, 0x00, 0x78, 0x03, 0xC0, 0x1E, 0x00, 0xF0,
    0x07, 0x80, 0x3C, 0x01, 0xE0, 0x0F, 0x00, 0x78, 0x03, 0xC0, 0x1E, 0x00, 0xF0, 0x07, 0x83, 0xFF,
    0xFF, 0xFF, 0xFF, 0xFF, 0xFF, 0xC7, 0xF0, 0x7E, 0x03, 0xE0, 0x1E, 0x00, 0xFB, 0x07, 0xFC, 0x1F,
    0xE0, 0x7E, 0x00, 0x1F, 0x0F, 0x87, 0xC3, 0xE1, 0xF0, 0x00, 0x00, 0x00, 0x0F, 0x07, 0x83, 0xC1,
    0xE0, 0xF0, 0x78, 0x3C, 0x1E, 0x0F, 0x07, 0x83, 0xC1, 0xE0, 0xF0, 0x78, 0x3C, 0x1E, 0x0F, 0x07,
    0x83, 0xC3, 0xE7, 0xE7, 0xE3, 0xE1, 0xE0, 0xFA, 0x7F, 0x9F, 0xC7, 0xC0, 0x0F, 0x80, 0x7C, 0x03,
    0xE0, 0x1F, 0x00, 0xF8, 0x00, 0x00, 0x00, 0x1F, 0xFF, 0xFF, 0xFF, 0xFF, 0xFF, 0xFE, 0x1E, 0x00,
    0xF0, 0x07, 0x80, 0x3C, 0x01, 0xE0, 0x0F, 0x00, 0x78, 0x03, 0xC0, 0x1E, 0x00, 0xF0, 0x07, 0x80,
    0x3C, 0x01, 0xE0, 0x0F, 0x00, 0x78, 0x03, 0xC0, 0x1E, 0x00, 0xF0, 0x7F, 0xFF, 0xFF, 0xFF, 0xFF,
    0xFF, 0xF8, 0xFF, 0xFF, 0xFF, 0xFF, 0xFF, 0xFF, 0xFF, 0xFF, 0xFF, 0xFF, 0xFF, 0xF8, 0x00, 0xFF,
    0xFF, 0xFF, 0xC0, 0x07, 0xFF, 0xFF, 0xFE, 0x00, 0x3F, 0xFF, 0xFF, 0xF0, 0x01, 0xFF, 0xF0, 0xF0,
    0x00, 0x00, 0x78, 0x07, 0x80, 0x00, 0x03, 0xC0, 0x3C, 0x00, 0x00, 0x1E, 0x01, 0xE0, 0x00, 0x00,
    0xF0, 0x0F, 0x00, 0x00, 0x07, 0x80, 0x78, 0x00, 0x00, 0x3C, 0x03, 0xC0, 0x00, 0x01, 0xE0, 0x1E,
    0x00, 0x00, 0x0F, 0x00, 0xF0, 0x00, 0x00, 0x78, 0x07, 0x80, 0x00, 0x03, 0xC0, 0x3C, 0x00, 0x00,
    0x1E, 0x01, 0xE0, 0x00, 0x00, 0xF0, 0x0F, 0x00, 0x00, 0x07, 0x80, 0x78, 0x00, 0x00, 0x3C, 0x03,
    0xC0, 0x00, 0x01, 0xE0, 0x1E, 0x00, 0x20, 0x1F, 0x00, 0xF0, 0x03, 0x80, 0xF8, 0x07, 0x80, 0x3E,
    0x0F, 0xC3, 0xFF, 0xE1, 0xFF, 0xFC, 0x1F, 0xFF, 0x07, 0xFF, 0xC0, 0xFF, 0xF8, 0x1F, 0xFC, 0x07,
    0xFF, 0xC0, 0x3F, 0xC0, 0x00, 0xF8, 0x1F, 0xF8, 0x1F, 0xF8, 0x1F, 0xF8, 0x1F, 0xF8, 0x1F, 0x00,
    0x00, 0x00, 0x00, 0x00, 0x00, 0x78, 0x1E, 0x78, 0x1E, 0x78, 0x1E, 0x78, 0x1E, 0x78, 0x1E, 0x78,
    0x1E, 0x78, 0x1E, 0x78, 0x1E, 0x78, 0x1E, 0x78, 0x1E, 0x78, 0x1E, 0x78, 0x1E, 0x78, 0x1E, 0x78,
    0x1E, 0x78, 0x1E, 0x78, 0x1E, 0x78, 0x1E, 0x78, 0x1E, 0x78, 0x1E, 0x78, 0x1E, 0x00, 0x1E, 0x00,
    0x1E, 0x00, 0x3E, 0x00, 0x3E, 0x01, 0xFE, 0x01, 0xFC, 0x01, 0xF8, 0x00, 0xF0, 0x00, 0x07, 0x80,
    0x00, 0x7E, 0x00, 0x0F, 0xF8, 0x00, 0xFF, 0xE0, 0x07, 0x8F, 0x80, 0x10, 0x18, 0x00, 0x00, 0x00,
    0x00, 0x00, 0x00, 0xFF, 0xF8, 0x07, 0xFF, 0xC0, 0x3F, 0xFE, 0x01, 0xFF, 0xF0, 0x00, 0x78, 0x00,
    0x03, 0xC0, 0x00, 0x1E, 0x00, 0x00, 0xF0, 0x00, 0x07, 0x80, 0x00, 0x3C, 0x00, 0x01, 0xE0, 0x00,
    0x0F, 0x00, 0x00, 0x78, 0x00, 0x03, 0xC0, 0x00, 0x1E, 0x00, 0x00, 0xF0, 0x00, 0x07, 0x80, 0x00,
    0x3C, 0x00, 0x01, 0xE0, 0x60, 0x1F, 0x07, 0x80, 0xF8, 0x7E, 0x0F, 0x81, 0xFF, 0xFC, 0x07, 0xFF,
    0xC0, 0x1F, 0xFC, 0x00, 0x7F, 0x80, 0x00, 0x07, 0x80, 0x7E, 0x07, 0xF8, 0x7F, 0xE7, 0xCF, 0xB8,
    0x18, 0x00, 0x00, 0x00, 0x07, 0x80, 0x3C, 0x01, 0xE0, 0x0F, 0x00, 0x78, 0x03, 0xC0, 0x1E, 0x00,
    0xF0, 0x07, 0x80, 0x3C, 0x01, 0xE0, 0x0F, 0x00, 0x78, 0x03, 0xC0, 0x1E, 0x00, 0xF0, 0x07, 0x80,
    0x3C, 0x01, 0xE0, 0x0F, 0x00, 0x78, 0x03, 0xC0, 0x3E, 0x01, 0xF0, 0x3F, 0x83, 0xF8, 0x1F, 0x80,
    0xF8, 0x00, 0xF0, 0x00, 0xFD, 0xE0, 0x03, 0xF3, 0xC0, 0x0F, 0xC7, 0x80, 0x3F, 0x0F, 0x00, 0xFC,
    0x1E, 0x03, 0xF0, 0x3C, 0x0F, 0xC0, 0x78, 0x3F, 0x00, 0xF0, 0xFC, 0x01, 0xE3, 0xF0, 0x03, 0xCF,
    0xC0, 0x07, 0xBF, 0x80, 0x0F, 0xFF, 0x80, 0x1F, 0xFF, 0x80, 0x3F, 0xDF, 0x00, 0x7E, 0x3F, 0x00,
    0xF8, 0x3F, 0x01, 0xE0, 0x3F, 0x03, 0xC0, 0x3E, 0x07, 0x80, 0x7E, 0x0F, 0x00, 0x7E, 0x1E, 0x00,
    0x7E, 0x3C, 0x00, 0x7C, 0x78, 0x00, 0xFC, 0xF0, 0x00, 0xFD, 0xE0, 0x00, 0xFC, 0x00, 0x00, 0x00,
    0x03, 0x80, 0x00, 0x0F, 0x80, 0x00, 0x1F, 0x00, 0x00, 0x3E, 0x00, 0x00, 0x3C, 0x00, 0x00, 0x78,
    0x00, 0x01, 0xE0, 0x00, 0x03, 0x00, 0x00, 0xF0, 0x00, 0x1E, 0x00, 0x03, 0xC0, 0x00, 0x78, 0x00,
    0x0F, 0x00, 0x01, 0xE0, 0x00, 0x3C, 0x00, 0x07, 0x80, 0x00, 0xF0, 0x0F, 0xDE, 0x03, 0xF3, 0xC0,
    0xFC, 0x78, 0x3F, 0x0F, 0x0F, 0xC1, 0xE3, 0xF0, 0x3C, 0xFC, 0x07, 0xBF, 0x00, 0xFF, 0xC0, 0x1F,
    0xF8, 0x03, 0xFF, 0x80, 0x7F, 0xF8, 0x0F, 0x9F, 0x81, 0xE1, 0xF8, 0x3C, 0x1F, 0x07, 0x83, 0xF0,
    0xF0, 0x3F, 0x1E, 0x03, 0xF3, 0xC0, 0x3F, 0x78, 0x03, 0xF0, 0x00, 0x00, 0x03, 0x80, 0x00, 0xF8,
    0x00, 0x1F, 0x00, 0x03, 0xE0, 0x00, 0x3C, 0x00, 0x07, 0x80, 0x01, 0xE0, 0x00, 0x30, 0x00, 0xF0,
    0x0F, 0xBC, 0x07, 0xCF, 0x03, 0xE3, 0xC1, 0xF0, 0xF0, 0xF8, 0x3C, 0x7C, 0x0F, 0x3E, 0x03, 0xDF,
    0x00, 0xF7, 0x80, 0x3F, 0xF0, 0x0F, 0xFE, 0x03, 0xFF, 0x80, 0xFD, 0xF0, 0x3E, 0x3E, 0x0F, 0x07,
    0xC3, 0xC1, 0xF8, 0xF0, 0x3E, 0x3C, 0x07, 0xCF, 0x01, 0xFB, 0xC0, 0x3F, 0x00, 0x00, 0x00, 0xE0,
    0x00, 0x3E, 0x00, 0x1F, 0xC0, 0x07, 0xF8, 0x01, 0xF8, 0x00, 0x1C, 0x00, 0x00, 0x00, 0x00, 0x00,
    0x00, 0x07, 0x80, 0x00, 0xF0, 0x00, 0x1E, 0x00, 0x03, 0xC0, 0x00, 0x78, 0x00, 0x0F, 0x00, 0x01,
    0xE0, 0x00, 0x3C, 0x00, 0x07, 0x80, 0x00, 0xF0, 0x00, 0x1E, 0x00, 0x03, 0xC0, 0x00, 0x78, 0x00,
    0x0F, 0x00, 0x01, 0xE0, 0x00, 0x3C, 0x00, 0x07, 0x80, 0x00, 0xF0, 0x00, 0x1E, 0x00, 0x03, 0xC0,
    0x00, 0x78, 0x00, 0x0F, 0x00, 0x01, 0xFF, 0xFF, 0x3F, 0xFF, 0xE7, 0xFF, 0xFC, 0xFF, 0xFF, 0x80,
    0x00, 0x01, 0xC0, 0xF8, 0xFE, 0x7F, 0xBF, 0x07, 0x00, 0x00, 0x00, 0x0F, 0x03, 0xC0, 0xF0, 0x3C,
    0x0F, 0x03, 0xC0, 0xF0, 0x3C, 0x0F, 0x03, 0xC0, 0xF0, 0x3C, 0x0F, 0x03, 0xC0, 0xF0, 0x3C, 0x0F,
    0x03, 0xC0, 0xF0, 0x3C, 0x0F, 0x03, 0xC0, 0xF0, 0x3C, 0x0F, 0x03, 0xC0, 0xF0, 0x3C, 0x00, 0xF0,
    0x00, 0x78, 0x00, 0x3C, 0x00, 0x1E, 0x00, 0x0F, 0x00, 0x07, 0x80, 0x03, 0xC0, 0x01, 0xE0, 0x00,
    0xF0, 0x00, 0x78, 0x00, 0x3C, 0x00, 0x1E, 0x00, 0x0F, 0x00, 0x07, 0x80, 0x03, 0xC0, 0x01, 0xE0,
    0x00, 0xF0, 0x00, 0x78, 0x00, 0x3C, 0x00, 0x1E, 0x00, 0x0F, 0x00, 0x07, 0x80, 0x03, 0xFF, 0xFF,
    0xFF, 0xFF, 0xFF, 0xFF, 0xFF, 0xFF, 0xC0, 0x00, 0x00, 0x70, 0x00, 0x7C, 0x00, 0x3E, 0x00, 0x1F,
    0x00, 0x07, 0x80, 0x03, 0xC0, 0x03, 0xC0, 0x01, 0x80, 0x00, 0x3C, 0xF3, 0xCF, 0x3C, 0xF3, 0xCF,
    0x3C, 0xF3, 0xCF, 0x3C, 0xF3, 0xCF, 0x3C, 0xF3, 0xCF, 0x3C, 0xF3, 0xCF, 0x3C, 0xF3, 0xCF, 0x00,
    0xE7, 0xDF, 0x7C, 0x73, 0xDE, 0x60, 0xF0, 0xF0, 0x78, 0x7C, 0x3C, 0x3E, 0x1E, 0x0F, 0x0F, 0x07,
    0x87, 0x87, 0x83, 0xC3, 0x81, 0xE1, 0x80, 0xF0, 0x00, 0x78, 0x00, 0x3C, 0x00, 0x1E, 0x00, 0x0F,
    0x00, 0x07, 0x80, 0x03, 0xC0, 0x01, 0xE0, 0x00, 0xF0, 0x00, 0x78, 0x00, 0x3C, 0x00, 0x1E, 0x00,
    0x0F, 0x00, 0x07, 0x80, 0x03, 0xFF, 0xFF, 0xFF, 0xFF, 0xFF, 0xFF, 0xFF, 0xFF, 0xC0, 0xF3, 0xDE,
    0x7F, 0xCF, 0xF8, 0xFF, 0x1F, 0xE7, 0xBC, 0xE7, 0x98, 0xF0, 0x1E, 0x03, 0xC0, 0x78, 0x0F, 0x01,
    0xE0, 0x3C, 0x07, 0x80, 0xF0, 0x1E, 0x03, 0xC0, 0x78, 0x0F, 0x01, 0xE0, 0x3C, 0x07, 0x80, 0xF0,
    0x1E, 0x03, 0xC0, 0x78, 0x00, 0xF0, 0x00, 0x78, 0x00, 0x3C, 0x00, 0x1E, 0x00, 0x0F, 0x00, 0x07,
    0x80, 0x03, 0xC0, 0x01, 0xE0, 0x00, 0xF0, 0x00, 0x78, 0x07, 0xBC, 0x07, 0xDE, 0x03, 0xEF, 0x01,
    0xF7, 0x80, 0xFB, 0xC0, 0x79, 0xE0, 0x00, 0xF0, 0x00, 0x78, 0x00, 0x3C, 0x00, 0x1E, 0x00, 0x0F,
    0x00, 0x07, 0x80, 0x03, 0xFF, 0xFF, 0xFF, 0xFF, 0xFF, 0xFF, 0xFF, 0xFF, 0xC0, 0xF0, 0x1E, 0x03,
    0xC0, 0x78, 0x0F, 0x01, 0xE0, 0x3C, 0x07, 0x80, 0xF0, 0x1E, 0x03, 0xC0, 0x78, 0xFF, 0x3F, 0xE7,
    0xFC, 0xFF, 0x9F, 0xF3, 0xDE, 0x03, 0xC0, 0x78, 0x0F, 0x01, 0xE0, 0x3C, 0x07, 0x80, 0xF0, 0x1E,
    0x03, 0xC0, 0x78, 0x00, 0x0F, 0x00, 0x00, 0x78, 0x00, 0x03, 0xC0, 0x00, 0x1E, 0x00, 0x00, 0xF0,
    0x00, 0x07, 0x80, 0x00, 0x3C, 0x00, 0x01, 0xE0, 0x00, 0x0F, 0x00, 0x00, 0x7B, 0x80, 0x03, 0xFC,
    0x00, 0x1F, 0xF0, 0x01, 0xFF, 0x00, 0x3F, 0xE0, 0x03, 0xFC, 0x00, 0x0F, 0xE0, 0x00, 0x6F, 0x00,
    0x00, 0x78, 0x00, 0x03, 0xC0, 0x00, 0x1E, 0x00, 0x00, 0xF0, 0x00, 0x07, 0x80, 0x00, 0x3F, 0xFF,
    0xE1, 0xFF, 0xFF, 0x0F, 0xFF, 0xF8, 0x7F, 0xFF, 0xC0, 0x1E, 0x07, 0x81, 0xE0, 0x78, 0x1E, 0x07,
    0x81, 0xE0, 0x78, 0x1E, 0x07, 0x81, 0xF8, 0x7F, 0x1F, 0xDF, 0xFF, 0xF3, 0xF8, 0x7E, 0x07, 0x81,
    0xE0, 0x78, 0x1E, 0x07, 0x81, 0xE0, 0x78, 0x1E, 0x07, 0x81, 0xE0, 0x78, 0x00, 0x00, 0x00, 0x00,
    0x38, 0x00, 0x01, 0xF0, 0x00, 0x1F, 0xC0, 0x00, 0xFF, 0x00, 0x07, 0xE0, 0x00, 0x0E, 0x00, 0x00,
    0x00, 0x00, 0x00, 0x00, 0x03, 0xC0, 0x00, 0xFF, 0x80, 0x03, 0xFF, 0x00, 0x0F, 0xFE, 0x00, 0x3F,
    0xF8, 0x00, 0xFF, 0xF0, 0x03, 0xFF, 0xE0, 0x0F, 0xFF, 0xC0, 0x3F, 0xDF, 0x00, 0xFF, 0x7E, 0x03,
    0xFC, 0xFC, 0x0F, 0xF1, 0xF8, 0x3F, 0xC3, 0xE0, 0xFF, 0x0F, 0xC3, 0xFC, 0x1F, 0x8F, 0xF0, 0x3F,
    0x3F, 0xC0, 0x7C, 0xFF, 0x01, 0xFB, 0xFC, 0x03, 0xFF, 0xF0, 0x07, 0xFF, 0xC0, 0x0F, 0xFF, 0x00,
    0x1F, 0xFC, 0x00, 0x7F, 0xF0, 0x00, 0xFF, 0xC0, 0x01, 0xFF, 0x00, 0x03, 0xC0, 0x00, 0x00, 0x00,
    0x18, 0x00, 0x1E, 0x00, 0x3F, 0x80, 0x3F, 0x80, 0x1F, 0x00, 0x0E, 0x00, 0x00, 0x00, 0x00, 0x00,
    0x00, 0x00, 0x3C, 0x7F, 0x1E, 0xFF, 0xCF, 0xFF, 0xF7, 0xFF, 0xFF, 0xF0, 0x7F, 0xF0, 0x1F, 0xF8,
    0x07, 0xF8, 0x03, 0xFC, 0x01, 0xFE, 0x00, 0xFF, 0x00, 0x7F, 0x80, 0x3F, 0xC0, 0x1F, 0xE0, 0x0F,
    0xF0, 0x07, 0xF8, 0x03, 0xFC, 0x01, 0xFE, 0x00, 0xFF, 0x00, 0x7F, 0x80, 0x3C, 0xF0, 0x00, 0x3F,
    0xE0, 0x00, 0xFF, 0xC0, 0x03, 0xFF, 0x80, 0x0F, 0xFE, 0x00, 0x3F, 0xFC, 0x00, 0xFF, 0xF8, 0x03,
    0xFF, 0xF0, 0x0F, 0xF7, 0xC0, 0x3F, 0xDF, 0x80, 0xFF, 0x3F, 0x03, 0xFC, 0x7E, 0x0F, 0xF0, 0xF8,
    0x3F, 0xC3, 0xF0, 0xFF, 0x07, 0xE3, 0xFC, 0x0F, 0xCF, 0xF0, 0x1F, 0x3F, 0xC0, 0x7E, 0xFF, 0x00,
    0xFF, 0xFC, 0x01, 0xFF, 0xF0, 0x03, 0xFF, 0xC0, 0x07, 0xFF, 0x00, 0x1F, 0xFC, 0x00, 0x3F, 0xF0,
    0x00, 0x7F, 0xC0, 0x00, 0xF0, 0x00, 0x00, 0x00, 0x0E, 0x00, 0x00, 0x7C, 0x00, 0x01, 0xF0, 0x00,
    0x07, 0xC0, 0x00, 0x0F, 0x00, 0x00, 0x3C, 0x00, 0x01, 0xE0, 0x00, 0x06, 0x00, 0x00, 0xF1, 0xFC,
    0x7B, 0xFF, 0x3F, 0xFF, 0xDF, 0xFF, 0xFF, 0xC1, 0xFF, 0xC0, 0x7F, 0xE0, 0x1F, 0xE0, 0x0F, 0xF0,
    0x07, 0xF8, 0x03, 0xFC, 0x01, 0xFE, 0x00, 0xFF, 0x00, 0x7F, 0x80, 0x3F, 0xC0, 0x1F, 0xE0, 0x0F,
    0xF0, 0x07, 0xF8, 0x03, 0xFC, 0x01, 0xFE, 0x00, 0xF0, 0x00, 0x00, 0x0E, 0x00, 0x0F, 0x80, 0x07,
    0xC0, 0x03, 0xE0, 0x00, 0xF0, 0x00, 0x78, 0x00, 0x78, 0x00, 0x30, 0x00, 0x02, 0x01, 0x00, 0x1E,
    0x1E, 0x00, 0x7F, 0xF8, 0x00, 0xFF, 0xC0, 0x00, 0xFC, 0x00, 0x01, 0xE0, 0x00, 0x00, 0x00, 0x00,
    0x00, 0x00, 0xF0, 0x00, 0x3F, 0xE0, 0x00, 0xFF, 0xC0, 0x03, 0xFF, 0x80, 0x0F, 0xFE, 0x00, 0x3F,
    0xFC, 0x00, 0xFF, 0xF8, 0x03, 0xFF, 0xF0, 0x0F, 0xF7, 0xC0, 0x3F, 0xDF, 0x80, 0xFF, 0x3F, 0x03,
    0xFC, 0x7E, 0x0F, 0xF0, 0xF8, 0x3F, 0xC3, 0xF0, 0xFF, 0x07, 0xE3, 0xFC, 0x0F, 0xCF, 0xF0, 0x1F,
    0x3F, 0xC0, 0x7E, 0xFF, 0x00, 0xFF, 0xFC, 0x01, 0xFF, 0xF0, 0x03, 0xFF, 0xC0, 0x07, 0xFF, 0x00,
    0x1F, 0xFC, 0x00, 0x3F, 0xF0, 0x00, 0x7F, 0xC0, 0x00, 0xF0, 0x00, 0x00, 0x07, 0x07, 0x03, 0xEF,
    0x80, 0xFF, 0x80, 0x3F, 0x80, 0x0F, 0x80, 0x07, 0xC0, 0x00, 0x00, 0x00, 0x00, 0x78, 0xFE, 0x3D,
    0xFF, 0x9F, 0xFF, 0xEF, 0xFF, 0xFF, 0xE0, 0xFF, 0xE0, 0x3F, 0xF0, 0x0F, 0xF0, 0x07, 0xF8, 0x03,
    0xFC, 0x01, 0xFE, 0x00, 0xFF, 0x00, 0x7F, 0x80, 0x3F, 0xC0, 0x1F, 0xE0, 0x0F, 0xF0, 0x07, 0xF8,
    0x03, 0xFC, 0x01, 0xFE, 0x00, 0xFF, 0x00, 0x78, 0x7C, 0x00, 0x00, 0x7C, 0x00, 0x00, 0x7C, 0x00,
    0x00, 0x78, 0x00, 0x00, 0x78, 0x00, 0x00, 0x78, 0x00, 0x00, 0x71, 0xE3, 0xF8, 0x71, 0xEF, 0xFC,
    0xF1, 0xFF, 0xFE, 0xE1, 0xFF, 0xFF, 0x01, 0xFE, 0x7F, 0x01, 0xF8, 0x1F, 0x01, 0xF0, 0x1F, 0x01,
    0xE0, 0x0F, 0x01, 0xE0, 0x0F, 0x01, 0xE0, 0x0F, 0x01, 0xE0, 0x0F, 0x01, 0xE0, 0x0F, 0x01, 0xE0,
    0x0F, 0x01, 0xE0, 0x0F, 0x01, 0xE0, 0x0F, 0x01, 0xE0, 0x0F, 0x01, 0xE0, 0x0F, 0x01, 0xE0, 0x0F,
    0x01, 0xE0, 0x0F, 0x01, 0xE0, 0x0F, 0xF0, 0x00, 0x3F, 0xE0, 0x00, 0xFF, 0xC0, 0x03, 0xFF, 0x80,
    0x0F, 0xFE, 0x00, 0x3F, 0xFC, 0x00, 0xFF, 0xF8, 0x03, 0xFF, 0xF0, 0x0F, 0xF7, 0xC0, 0x3F, 0xDF,
    0x80, 0xFF, 0x3F, 0x03, 0xFC, 0x7E, 0x0F, 0xF0, 0xF8, 0x3F, 0xC3, 0xF0, 0xFF, 0x07, 0xE3, 0xFC,
    0x0F, 0xCF, 0xF0, 0x1F, 0x3F, 0xC0, 0x3E, 0xFF, 0x00, 0xFF, 0xFC, 0x01, 0xFF, 0xF0, 0x03, 0xFF,
    0xC0, 0x07, 0xFF, 0x00, 0x1F, 0xFC, 0x00, 0x3F, 0xF0, 0x00, 0x7F, 0xC0, 0x00, 0xF0, 0x00, 0x03,
    0xC0, 0x00, 0x0F, 0x00, 0x00, 0x7C, 0x00, 0x01, 0xF0, 0x00, 0x3F, 0xC0, 0x00, 0xFE, 0x00, 0x03,
    0xF0, 0x00, 0x07, 0x80, 0xF1, 0xFC, 0x7B, 0xFF, 0x3F, 0xFF, 0xDF, 0xFF, 0xFF, 0xC1, 0xFF, 0xC0,
    0x7F, 0xE0, 0x1F, 0xE0, 0x0F, 0xF0, 0x07, 0xF8, 0x03, 0xFC, 0x01, 0xFE, 0x00, 0xFF, 0x00, 0x7F,
    0x80, 0x3F, 0xC0, 0x1F, 0xE0, 0x0F, 0xF0, 0x07, 0xF8, 0x03, 0xFC, 0x01, 0xFE, 0x00, 0xF0, 0x00,
    0x78, 0x00, 0x3C, 0x00, 0x3E, 0x00, 0x3F, 0x00, 0x7F, 0x80, 0x3F, 0x80, 0x1F, 0x80, 0x07, 0x80,
    0x01, 0xFF, 0xE0, 0x00, 0x7F, 0xF8, 0x00, 0x1F, 0xFE, 0x00, 0x00, 0x00, 0x00, 0x00, 0x00, 0x00,
    0x00, 0x00, 0x00, 0x00, 0x00, 0x00, 0x00, 0x03, 0xFF, 0x00, 0x03, 0xFF, 0xF0, 0x01, 0xFF, 0xFE,
    0x01, 0xFF, 0xFF, 0xC0, 0x7F, 0x03, 0xF8, 0x3F, 0x00, 0x3F, 0x1F, 0x80, 0x07, 0xE7, 0xC0, 0x00,
    0xFB, 0xE0, 0x00, 0x1F, 0xF8, 0x00, 0x07, 0xFE, 0x00, 0x01, 0xFF, 0x00, 0x00, 0x3F, 0xC0, 0x00,
    0x0F, 0xF0, 0x00, 0x03, 0xFC, 0x00, 0x00, 0xFF, 0x80, 0x00, 0x7F, 0xE0, 0x00, 0x1F, 0xF8, 0x00,
    0x07, 0xDF, 0x00, 0x03, 0xE7, 0xE0, 0x01, 0xF8, 0xFC, 0x00, 0xFC, 0x1F, 0xC0, 0xFE, 0x07, 0xFF,
    0xFF, 0x00, 0x7F, 0xFF, 0x80, 0x0F, 0xFF, 0xC0, 0x00, 0xFF, 0xC0, 0x00, 0x07, 0xFF, 0x00, 0x7F,
    0xF0, 0x07, 0xFF, 0x00, 0x00, 0x00, 0x00, 0x00, 0x00, 0x00, 0x00, 0x00, 0x00, 0x00, 0x3F, 0xC0,
    0x0F, 0xFF, 0x01, 0xFF, 0xF8, 0x3F, 0xFF, 0xC7, 0xE0, 0x7E, 0x7C, 0x03, 0xEF, 0x80, 0x1F, 0xF8,
    0x01, 0xFF, 0x00, 0x0F, 0xF0, 0x00, 0xFF, 0x00, 0x0F, 0xF0, 0x00, 0xFF, 0x80, 0x1F, 0xF8, 0x01,
    0xF7, 0xC0, 0x3E, 0x7E, 0x07, 0xE3, 0xFF, 0xFC, 0x1F, 0xFF, 0x80, 0xFF, 0xF0, 0x03, 0xFC, 0x00,
    0x03, 0xC0, 0xE0, 0x00, 0x78, 0x78, 0x00, 0x1F, 0xFE, 0x00, 0x03, 0xFF, 0x00, 0x00, 0xFF, 0x80,
    0x00, 0x0F, 0xC0, 0x00, 0x00, 0x00, 0x00, 0x00, 0x00, 0x00, 0x00, 0xFF, 0xC0, 0x00, 0xFF, 0xFC,
    0x00, 0x7F, 0xFF, 0x80, 0x7F, 0xFF, 0xF0, 0x1F, 0xC0, 0xFE, 0x0F, 0xC0, 0x0F, 0xC7, 0xE0, 0x01,
    0xF9, 0xF0, 0x00, 0x3E, 0xF8, 0x00, 0x07, 0xFE, 0x00, 0x01, 0xFF, 0x80, 0x00, 0x7F, 0xC0, 0x00,
    0x0F, 0xF0, 0x00, 0x03, 0xFC, 0x00, 0x00, 0xFF, 0x00, 0x00, 0x3F, 0xE0, 0x00, 0x1F, 0xF8, 0x00,
    0x07, 0xFE, 0x00, 0x01, 0xF7, 0xC0, 0x00, 0xF9, 0xF8, 0x00, 0x7E, 0x3F, 0x00, 0x3F, 0x07, 0xF0,
    0x3F, 0x81, 0xFF, 0xFF, 0xC0, 0x1F, 0xFF, 0xE0, 0x03, 0xFF, 0xF0, 0x00, 0x3F, 0xF0, 0x00, 0x0E,
    0x07, 0x00, 0xF0, 0xF0, 0x0F, 0x0F, 0x00, 0xFF, 0xF0, 0x07, 0xFE, 0x00, 0x3F, 0xC0, 0x01, 0xF8,
    0x00, 0x00, 0x00, 0x00, 0x00, 0x00, 0x3F, 0xC0, 0x0F, 0xFF, 0x01, 0xFF, 0xF8, 0x3F, 0xFF, 0xC7,
    0xE0, 0x7E, 0x7C, 0x03, 0xEF, 0x80, 0x1F, 0xF8, 0x01, 0xFF, 0x00, 0x0F, 0xF0, 0x00, 0xFF, 0x00,
    0x0F, 0xF0, 0x00, 0xFF, 0x80, 0x1F, 0xF8, 0x01, 0xF7, 0xC0, 0x3E, 0x7E, 0x07, 0xE3, 0xFF, 0xFC,
    0x1F, 0xFF, 0x80, 0xFF, 0xF0, 0x03, 0xFC, 0x00, 0x00, 0x08, 0x00, 0x00, 0x07, 0x06, 0x00, 0x03,
    0xE3, 0xC0, 0x01, 0xF9, 0xF8, 0x00, 0xFC, 0xFC, 0x00, 0x7E, 0x7C, 0x00, 0x1E, 0x1E, 0x00, 0x02,
    0x02, 0x00, 0x00, 0x00, 0x00, 0x00, 0x3F, 0xF0, 0x00, 0x3F, 0xFF, 0x00, 0x1F, 0xFF, 0xE0, 0x1F,
    0xFF, 0xFC, 0x07, 0xF0, 0x3F, 0x83, 0xF0, 0x03, 0xF1, 0xF8, 0x00, 0x7E, 0x7C, 0x00, 0x0F, 0xBE,
    0x00, 0x01, 0xFF, 0x80, 0x00, 0x7F, 0xE0, 0x00, 0x1F, 0xF0, 0x00, 0x03, 0xFC, 0x00, 0x00, 0xFF,
    0x00, 0x00, 0x3F, 0xC0, 0x00, 0x0F, 0xF8, 0x00, 0x07, 0xFE, 0x00, 0x01, 0xFF, 0x80, 0x00, 0x7D,
    0xF0, 0x00, 0x3E, 0x7E, 0x00, 0x1F, 0x8F, 0xC0, 0x0F, 0xC1, 0xFC, 0x0F, 0xE0, 0x7F, 0xFF, 0xF0,
    0x07, 0xFF, 0xF8, 0x00, 0xFF, 0xFC, 0x00, 0x0F, 0xFC, 0x00, 0x00, 0x00, 0x00, 0x38, 0x30, 0x07,
    0xC7, 0x80, 0xFC, 0xFC, 0x1F, 0xFF, 0x83, 0xF3, 0xE0, 0x1C, 0x3C, 0x01, 0x01, 0x00, 0x00, 0x00,
    0x00, 0x00, 0x00, 0x03, 0xFC, 0x00, 0xFF, 0xF0, 0x1F, 0xFF, 0x83, 0xFF, 0xFC, 0x7E, 0x07, 0xE7,
    0xC0, 0x3E, 0xF8, 0x01, 0xFF, 0x80, 0x1F, 0xF0, 0x00, 0xFF, 0x00, 0x0F, 0xF0, 0x00, 0xFF, 0x00,
    0x0F, 0xF8, 0x01, 0xFF, 0x80, 0x1F, 0x7C, 0x03, 0xE7, 0xE0, 0x7E, 0x3F, 0xFF, 0xC1, 0xFF, 0xF8,
    0x0F, 0xFF, 0x00, 0x3F, 0xC0, 0x00, 0xFF, 0xFF, 0xFF, 0xC0, 0xFF, 0xFF, 0xFF, 0xF0, 0xFF, 0xFF,
    0xFF, 0xFC, 0x7F, 0xFF, 0xFF, 0xFF, 0x3F, 0x80, 0x78, 0x00, 0x0F, 0x80, 0x1E, 0x00, 0x07, 0xC0,
    0x07, 0x80, 0x01, 0xF0, 0x01, 0xE0, 0x00, 0xF8, 0x00, 0x78, 0x00, 0x3E, 0x00, 0x1E, 0x00, 0x0F,
    0x80, 0x07, 0x80, 0x03, 0xC0, 0x01, 0xFF, 0xFC, 0xF0, 0x00, 0x7F, 0xFF, 0x3C, 0x00, 0x1F, 0xFF,
    0xCF, 0x00, 0x07, 0xFF, 0xF3, 0xC0, 0x01, 0xE0, 0x00, 0xF8, 0x00, 0x78, 0x00, 0x3E, 0x00, 0x1E,
    0x00, 0x07, 0x80, 0x07, 0x80, 0x01, 0xF0, 0x01, 0xE0, 0x00, 0x3E, 0x00, 0x78, 0x00, 0x0F, 0xE0,
    0x1E, 0x00, 0x01, 0xFF, 0xFF, 0xFF, 0xFC, 0x3F, 0xFF, 0xFF, 0xFF, 0x07, 0xFF, 0xFF, 0xFF, 0xC0,
    0x7F, 0xFF, 0xFF, 0xF0, 0x03, 0xFC, 0x03, 0xFC, 0x01, 0xFF, 0xE1, 0xFF, 0xE0, 0x7F, 0xFE, 0x7F,
    0xFE, 0x1F, 0xFF, 0xFF, 0xFF, 0xE7, 0xE0, 0x7F, 0xE0, 0xFC, 0xF8, 0x07, 0xF8, 0x07, 0xFE, 0x00,
    0x7E, 0x00, 0xFF, 0xC0, 0x0F, 0xFF, 0xFF, 0xF0, 0x00, 0xFF, 0xFF, 0xFE, 0x00, 0x1F, 0xFF, 0xFF,
    0xC0, 0x03, 0xFF, 0xFF, 0xF8, 0x00, 0x7C, 0x00, 0x0F, 0x80, 0x1F, 0x80, 0x01, 0xF0, 0x03, 0xF0,
    0x00, 0x1F, 0x00, 0xFF, 0x00, 0x63, 0xF0, 0x3F, 0xF8, 0x1E, 0x3F, 0xFF, 0xFF, 0xFF, 0xC3, 0xFF,
    0xF3, 0xFF, 0xF8, 0x3F, 0xFC, 0x3F, 0xFE, 0x01, 0xFE, 0x01, 0xFF, 0x00, 0x00, 0x00, 0x00, 0x03,
    0x80, 0x00, 0x3E, 0x00, 0x07, 0xF0, 0x00, 0x7F, 0x80, 0x07, 0xE0, 0x00, 0x1C, 0x00, 0x00, 0x00,
    0x00, 0x00, 0x00, 0x07, 0xFF, 0xF0, 0x3F, 0xFF, 0xC1, 0xFF, 0xFF, 0x0F, 0xFF, 0xFC, 0x78, 0x03,
    0xF3, 0xC0, 0x0F, 0x9E, 0x00, 0x7C, 0xF0, 0x01, 0xE7, 0x80, 0x0F, 0x3C, 0x00, 0x79, 0xE0, 0x07,
    0xCF, 0x00, 0x7E, 0x7F, 0xFF, 0xE3, 0xFF, 0xFE, 0x1F, 0xFF, 0xE0, 0xFF, 0xFE, 0x07, 0x81, 0xF0,
    0x3C, 0x0F, 0xC1, 0xE0, 0x3E, 0x0F, 0x01, 0xF8, 0x78, 0x07, 0xC3, 0xC0, 0x3F, 0x1E, 0x00, 0xF8,
    0xF0, 0x03, 0xE7, 0x80, 0x1F, 0xBC, 0x00, 0x7C, 0x00, 0x00, 0x0C, 0x01, 0xF0, 0x1F, 0x81, 0xFC,
    0x1F, 0x80, 0x70, 0x00, 0x00, 0x00, 0x00, 0x00, 0x3C, 0x7D, 0xEF, 0xEF, 0xFF, 0x7F, 0xFB, 0xF8,
    0x1F, 0x80, 0xF8, 0x07, 0x80, 0x3C, 0x01, 0xE0, 0x0F, 0x00, 0x78, 0x03, 0xC0, 0x1E, 0x00, 0xF0,
    0x07, 0x80, 0x3C, 0x01, 0xE0, 0x0F, 0x00, 0x78, 0x00, 0xFF, 0xFE, 0x07, 0xFF, 0xF8, 0x3F, 0xFF,
    0xE1, 0xFF, 0xFF, 0x8F, 0x00, 0x7E, 0x78, 0x01, 0xF3, 0xC0, 0x0F, 0x9E, 0x00, 0x3C, 0xF0, 0x01,
    0xE7, 0x80, 0x0F, 0x3C, 0x00, 0xF9, 0xE0, 0x0F, 0xCF, 0xFF, 0xFC, 0x7F, 0xFF, 0xC3, 0xFF, 0xFC,
    0x1F, 0xFF, 0xC0, 0xF0, 0x3E, 0x07, 0x81, 0xF8, 0x3C, 0x07, 0xC1, 0xE0, 0x3F, 0x0F, 0x00, 0xF8,
    0x78, 0x03, 0xE3, 0xC0, 0x1F, 0x1E, 0x00, 0x7C, 0xF0, 0x03, 0xF7, 0x80, 0x0F, 0x80, 0x00, 0x00,
    0x01, 0xC0, 0x00, 0x1F, 0x00, 0x00, 0xF8, 0x00, 0x07, 0xC0, 0x00, 0x1E, 0x00, 0x00, 0xF0, 0x00,
    0x0F, 0x00, 0x00, 0x60, 0x00, 0x3C, 0xFC, 0xF7, 0xE3, 0xFF, 0x8F, 0xFE, 0x3F, 0x00, 0xF8, 0x03,
    0xE0, 0x0F, 0x00, 0x3C, 0x00, 0xF0, 0x03, 0xC0, 0x0F, 0x00, 0x3C, 0x00, 0xF0, 0x03, 0xC0, 0x0F,
    0x00, 0x3C, 0x00, 0xF0, 0x03, 0xC0, 0x0F, 0x00, 0x00, 0x00, 0xE0, 0x07, 0xC0, 0x1F, 0x00, 0x7C,
    0x00, 0x70, 0x03, 0xC0, 0x1E, 0x00, 0x60, 0x00, 0x10, 0x08, 0x01, 0xE1, 0xE0, 0x0F, 0xFF, 0x00,
    0x3F, 0xF0, 0x00, 0x7E, 0x00, 0x01, 0xE0, 0x00, 0x00, 0x00, 0x00, 0x00, 0x00, 0xFF, 0xFE, 0x07,
    0xFF, 0xF8, 0x3F, 0xFF, 0xE1, 0xFF, 0xFF, 0x8F, 0x00, 0x7E, 0x78, 0x01, 0xF3, 0xC0, 0x0F, 0x9E,
    0x00, 0x3C, 0xF0, 0x01, 0xE7, 0x80, 0x0F, 0x3C, 0x00, 0xF9, 0xE0, 0x0F, 0xCF, 0xFF, 0xFC, 0x7F,
    0xFF, 0xC3, 0xFF, 0xFC, 0x1F, 0xFF, 0xC0, 0xF0, 0x3E, 0x07, 0x81, 0xF8, 0x3C, 0x07, 0xC1, 0xE0,
    0x3F, 0x0F, 0x00, 0xF8, 0x78, 0x07, 0xE3, 0xC0, 0x1F, 0x1E, 0x00, 0x7C, 0xF0, 0x03, 0xF7, 0x80,
    0x0F, 0x80, 0x00, 0x03, 0x83, 0x9F, 0x7C, 0x7F, 0xC1, 0xFC, 0x0F, 0xC0, 0x3C, 0x00, 0x00, 0x00,
    0x07, 0x8F, 0xBD, 0xFD, 0xFF, 0xEF, 0xFF, 0x7F, 0x03, 0xF0, 0x1F, 0x00, 0xF0, 0x07, 0x80, 0x3C,
    0x01, 0xE0, 0x0F, 0x00, 0x78, 0x03, 0xC0, 0x1E, 0x00, 0xF0, 0x07, 0x80, 0x3C, 0x01, 0xE0, 0x0F,
    0x00, 0x00, 0x00, 0x06, 0x00, 0x00, 0xF0, 0x00, 0x3F, 0x00, 0x0F, 0xF0, 0x01, 0xFE, 0x00, 0x0F,
    0x00, 0x00, 0x00, 0x00, 0x00, 0x00, 0x03, 0xFF, 0x00, 0x7F, 0xFC, 0x0F, 0xFF, 0xE1, 0xFF, 0xFF,
    0x3F, 0x03, 0xF3, 0xE0, 0x1E, 0x3C, 0x00, 0xC3, 0xC0, 0x00, 0x3E, 0x00, 0x03, 0xF0, 0x00, 0x3F,
    0xE0, 0x01, 0xFF, 0xC0, 0x0F, 0xFF, 0x80, 0x7F, 0xFC, 0x00, 0xFF, 0xE0, 0x00, 0xFF, 0x00, 0x03,
    0xF0, 0x00, 0x1F, 0x30, 0x00, 0xF3, 0x80, 0x0F, 0x7C, 0x01, 0xF7, 0xF0, 0x3F, 0x7F, 0xFF, 0xE3,
    0xFF, 0xFC, 0x0F, 0xFF, 0x80, 0x3F, 0xE0, 0x00, 0x00, 0x00, 0xE0, 0x01, 0xE0, 0x03, 0xF0, 0x07,
    0xF0, 0x0F, 0xC0, 0x0F, 0x00, 0x04, 0x00, 0x00, 0x00, 0x00, 0x00, 0x0F, 0xF0, 0x1F, 0xFC, 0x3F,
    0xFE, 0x7F, 0xFF, 0x7C, 0x1E, 0x78, 0x04, 0x7C, 0x00, 0x7E, 0x00, 0x3F, 0xE0, 0x1F, 0xF8, 0x0F,
    0xFE, 0x01, 0xFF, 0x00, 0x3F, 0x00, 0x0F, 0x30, 0x0F, 0x7C, 0x1F, 0xFF, 0xFF, 0x7F, 0xFE, 0x3F,
    0xFC, 0x0F, 0xF8, 0x00, 0x78, 0x00, 0x0F, 0xC0, 0x01, 0xFF, 0x00, 0x3F, 0xF8, 0x07, 0xC7, 0x80,
    0x30, 0x38, 0x00, 0x00, 0x00, 0x00, 0x00, 0x03, 0xFF, 0x00, 0x7F, 0xFC, 0x0F, 0xFF, 0xE1, 0xFF,
    0xFF, 0x3F, 0x03, 0xF3, 0xE0, 0x1E, 0x3C, 0x00, 0xC3, 0xC0, 0x00, 0x3E, 0x00, 0x03, 0xF0, 0x00,
    0x3F, 0xE0, 0x01, 0xFF, 0xC0, 0x0F, 0xFF, 0x80, 0x7F, 0xFC, 0x00, 0xFF, 0xE0, 0x00, 0xFF, 0x00,
    0x03, 0xF0, 0x00, 0x1F, 0x30, 0x00, 0xF3, 0x80, 0x0F, 0x7C, 0x01, 0xF7, 0xF0, 0x3F, 0x7F, 0xFF,
    0xE3, 0xFF, 0xFC, 0x0F, 0xFF, 0x80, 0x3F, 0xE0, 0x03, 0xC0, 0x07, 0xE0, 0x0F, 0xF0, 0x1F, 0xFC,
    0x3E, 0x7C, 0x18, 0x1C, 0x00, 0x00, 0x00, 0x00, 0x00, 0x00, 0x0F, 0xF0, 0x1F, 0xFC, 0x3F, 0xFE,
    0x7F, 0xFF, 0x7C, 0x1E, 0x78, 0x04, 0x7C, 0x00, 0x7E, 0x00, 0x3F, 0xE0, 0x1F, 0xF8, 0x0F, 0xFE,
    0x01, 0xFF, 0x00, 0x3F, 0x00, 0x0F, 0x30, 0x0F, 0x7C, 0x1F, 0xFF, 0xFF, 0x7F, 0xFE, 0x3F, 0xFC,
    0x0F, 0xF8, 0x03, 0xFF, 0x00, 0x7F, 0xFC, 0x0F, 0xFF, 0xE1, 0xFF, 0xFF, 0x3F, 0x03, 0xF3, 0xE0,
    0x1E, 0x3C, 0x00, 0xC3, 0xC0, 0x00, 0x3E, 0x00, 0x03, 0xF0, 0x00, 0x3F, 0xE0, 0x01, 0xFF, 0xC0,
    0x0F, 0xFF, 0x80, 0x7F, 0xFC, 0x00, 0xFF, 0xE0, 0x00, 0xFF, 0x00, 0x03, 0xF0, 0x00, 0x1F, 0x30,
    0x00, 0xF3, 0x80, 0x0F, 0x7C, 0x01, 0xF7, 0xF0, 0x3F, 0x7F, 0xFF, 0xE3, 0xFF, 0xFC, 0x0F, 0xFF,
    0x80, 0x3F, 0xE0, 0x00, 0x70, 0x00, 0x0F, 0x80, 0x00, 0xFC, 0x00, 0x0F, 0xE0, 0x00, 0x1E, 0x00,
    0x01, 0xE0, 0x00, 0x7E, 0x00, 0x1F, 0xC0, 0x01, 0xF0, 0x00, 0x0F, 0xF0, 0x1F, 0xFC, 0x3F, 0xFE,
    0x7F, 0xFF, 0x7C, 0x1E, 0x78, 0x0C, 0x7C, 0x00, 0x7E, 0x00, 0x3F, 0xE0, 0x1F, 0xF8, 0x0F, 0xFE,
    0x01, 0xFF, 0x00, 0x3F, 0x00, 0x0F, 0x30, 0x0F, 0x7C, 0x1F, 0xFF, 0xFF, 0x7F, 0xFE, 0x3F, 0xFC,
    0x0F, 0xF8, 0x03, 0x80, 0x03, 0xC0, 0x07, 0xE0, 0x07, 0xF0, 0x00, 0xF0, 0x00, 0xF0, 0x03, 0xF0,
    0x0F, 0xE0, 0x0F, 0x80, 0x03, 0x03, 0x80, 0x7C, 0xF8, 0x03, 0xFF, 0x80, 0x1F, 0xF0, 0x00, 0xFC,
    0x00, 0x07, 0x80, 0x00, 0x00, 0x00, 0x00, 0x00, 0x03, 0xFF, 0x00, 0x7F, 0xFC, 0x0F, 0xFF, 0xE1,
    0xFF, 0xFF, 0x3F, 0x03, 0xF3, 0xE0, 0x1E, 0x3C, 0x00, 0xC3, 0xC0, 0x00, 0x3E, 0x00, 0x03, 0xF0,
    0x00, 0x3F, 0xE0, 0x01, 0xFF, 0xC0, 0x0F, 0xFF, 0x80, 0x7F, 0xFC, 0x00, 0xFF, 0xE0, 0x00, 0xFF,
    0x00, 0x03, 0xF0, 0x00, 0x1F, 0x30, 0x00, 0xF3, 0x80, 0x0F, 0x7C, 0x01, 0xF7, 0xF0, 0x3F, 0x7F,
    0xFF, 0xE3, 0xFF, 0xFC, 0x0F, 0xFF, 0x80, 0x3F, 0xE0, 0x18, 0x18, 0x3E, 0x7C, 0x1F, 0xF8, 0x0F,
    0xF8, 0x07, 0xF0, 0x03, 0xE0, 0x00, 0x00, 0x00, 0x00, 0x00, 0x00, 0x0F, 0xF0, 0x1F, 0xFC, 0x3F,
    0xFE, 0x7F, 0xFF, 0x7C, 0x1E, 0x78, 0x04, 0x7C, 0x00, 0x7E, 0x00, 0x3F, 0xE0, 0x1F, 0xF8, 0x0F,
    0xFE, 0x01, 0xFF, 0x00, 0x3F, 0x00, 0x0F, 0x30, 0x0F, 0x7C, 0x1F, 0xFF, 0xFF, 0x7F, 0xFE, 0x3F,
    0xFC, 0x0F, 0xF8, 0xFF, 0xFF, 0xFF, 0xFF, 0xFF, 0xFF, 0xFF, 0xFF, 0xFF, 0xF0, 0x1E, 0x00, 0x03,
    0xC0, 0x00, 0x78, 0x00, 0x0F, 0x00, 0x01, 0xE0, 0x00, 0x3C, 0x00, 0x07, 0x80, 0x00, 0xF0, 0x00,
    0x1E, 0x00, 0x03, 0xC0, 0x00, 0x78, 0x00, 0x0F, 0x00, 0x01, 0xE0, 0x00, 0x3C, 0x00, 0x07, 0x80,
    0x00, 0xF0, 0x00, 0x1E, 0x00, 0x03, 0xC0, 0x00, 0x78, 0x00, 0x0F, 0x00, 0x01, 0xE0, 0x00, 0x3C,
    0x00, 0x07, 0x00, 0x00, 0xE0, 0x00, 0x3F, 0x00, 0x07, 0xF0, 0x00, 0x1E, 0x00, 0x03, 0xC0, 0x01,
    0xF8, 0x00, 0xFE, 0x00, 0x1F, 0x00, 0x00, 0x00, 0x00, 0x0F, 0x00, 0x78, 0x03, 0xC0, 0x1E, 0x00,
    0xF0, 0x7F, 0xFF, 0xFF, 0xFF, 0xFF, 0xFF, 0xF8, 0x78, 0x03, 0xC0, 0x1E, 0x00, 0xF0, 0x07, 0x80,
    0x3C, 0x01, 0xE0, 0x0F, 0x00, 0x78, 0x03, 0xC0, 0x1E, 0x00, 0xF0, 0x07, 0x80, 0x3C, 0x01, 0xE0,
    0x0F, 0x00, 0x70, 0x03, 0x80, 0x3F, 0x01, 0xFC, 0x01, 0xE0, 0x0F, 0x01, 0xF8, 0x3F, 0x81, 0xF0,
    0x00, 0x00, 0x08, 0x04, 0x03, 0xC3, 0xC0, 0x7F, 0xF8, 0x03, 0xFE, 0x00, 0x3F, 0x80, 0x03, 0xC0,
    0x00, 0x00, 0x00, 0x00, 0x00, 0xFF, 0xFF, 0xFF, 0xFF, 0xFF, 0xFF, 0xFF, 0xFF, 0xFF, 0xF0, 0x1E,
    0x00, 0x03, 0xC0, 0x00, 0x78, 0x00, 0x0F, 0x00, 0x01, 0xE0, 0x00, 0x3C, 0x00, 0x07, 0x80, 0x00,
    0xF0, 0x00, 0x1E, 0x00, 0x03, 0xC0, 0x00, 0x78, 0x00, 0x0F, 0x00, 0x01, 0xE0, 0x00, 0x3C, 0x00,
    0x07, 0x80, 0x00, 0xF0, 0x00, 0x1E, 0x00, 0x03, 0xC0, 0x00, 0x78, 0x00, 0x0F, 0x00, 0x01, 0xE0,
    0x00, 0x3C, 0x00, 0x00, 0x1C, 0x00, 0x7C, 0x00, 0xF8, 0x01, 0xF0, 0x01, 0xE1, 0xE3, 0xC3, 0xCF,
    0x07, 0x9C, 0x0F, 0x00, 0x1E, 0x03, 0xFF, 0xE7, 0xFF, 0xCF, 0xFF, 0x9F, 0xFF, 0x03, 0xC0, 0x07,
    0x80, 0x0F, 0x00, 0x1E, 0x00, 0x3C, 0x00, 0x78, 0x00, 0xF0, 0x01, 0xE0, 0x03, 0xC0, 0x07, 0x80,
    0x0F, 0x00, 0x1E, 0x00, 0x3C, 0x00, 0x78, 0x00, 0xF0, 0x01, 0xE0, 0x00, 0xFF, 0xFF, 0xFF, 0xFF,
    0xFF, 0xFF, 0xFF, 0xFF, 0xFF, 0xF0, 0x1E, 0x00, 0x03, 0xC0, 0x00, 0x78, 0x00, 0x0F, 0x00, 0x01,
    0xE0, 0x00, 0x3C, 0x00, 0x07, 0x80, 0x07, 0xFF, 0x00, 0xFF, 0xE0, 0x1F, 0xFC, 0x03, 0xFF, 0x80,
    0x0F, 0x00, 0x01, 0xE0, 0x00, 0x3C, 0x00, 0x07, 0x80, 0x00, 0xF0, 0x00, 0x1E, 0x00, 0x03, 0xC0,
    0x00, 0x78, 0x00, 0x0F, 0x00, 0x01, 0xE0, 0x00, 0x3C, 0x00, 0x0F, 0x00, 0x78, 0x03, 0xC0, 0x1E,
    0x00, 0xF0, 0x7F, 0xFF, 0xFF, 0xFF, 0xFF, 0xFF, 0xF8, 0x78, 0x03, 0xC0, 0x1E, 0x00, 0xF0, 0x3F,
    0xF1, 0xFF, 0x8F, 0xFC, 0x7F, 0xE0, 0x78, 0x03, 0xC0, 0x1E, 0x00, 0xF0, 0x07, 0x80, 0x3C, 0x01,
    0xE0, 0x0F, 0x00, 0x07, 0xF3, 0xC0, 0x7F, 0xFC, 0x03, 0xFF, 0xE0, 0x1C, 0xFE, 0x00, 0x00, 0x00,
    0x00, 0x00, 0x00, 0x00, 0x00, 0x1E, 0x00, 0x0F, 0xF0, 0x00, 0x7F, 0x80, 0x03, 0xFC, 0x00, 0x1F,
    0xE0, 0x00, 0xFF, 0x00, 0x07, 0xF8, 0x00, 0x3F, 0xC0, 0x01, 0xFE, 0x00, 0x0F, 0xF0, 0x00, 0x7F,
    0x80, 0x03, 0xFC, 0x00, 0x1F, 0xE0, 0x00, 0xFF, 0x00, 0x07, 0xF8, 0x00, 0x3F, 0xC0, 0x01, 0xFE,
    0x00, 0x0F, 0xF8, 0x00, 0x7F, 0xC0, 0x07, 0xFF, 0x00, 0x3E, 0xF8, 0x03, 0xE7, 0xF0, 0x7F, 0x1F,
    0xFF, 0xF0, 0x7F, 0xFF, 0x01, 0xFF, 0xF0, 0x03, 0xFE, 0x00, 0x0F, 0x9E, 0x0F, 0xEF, 0x07, 0xFF,
    0x07, 0xBF, 0x83, 0xCF, 0x80, 0x00, 0x00, 0x00, 0x00, 0x00, 0x00, 0xF0, 0x07, 0xF8, 0x03, 0xFC,
    0x01, 0xFE, 0x00, 0xFF, 0x00, 0x7F, 0x80, 0x3F, 0xC0, 0x1F, 0xE0, 0x0F, 0xF0, 0x07, 0xF8, 0x03,
    0xFC, 0x01, 0xFE, 0x00, 0xFF, 0x00, 0x7F, 0xC0, 0x7F, 0xE0, 0x3F, 0xF8, 0x3F, 0x7F, 0xFF, 0xBF,
    0xFF, 0xCF, 0xFD, 0xE3, 0xF8, 0xF0, 0x07, 0xFF, 0x80, 0x3F, 0xFC, 0x01, 0xFF, 0xE0, 0x00, 0x00,
    0x00, 0x00, 0x00, 0x00, 0x00, 0x03, 0xC0, 0x01, 0xFE, 0x00, 0x0F, 0xF0, 0x00, 0x7F, 0x80, 0x03,
    0xFC, 0x00, 0x1F, 0xE0, 0x00, 0xFF, 0x00, 0x07, 0xF8, 0x00, 0x3F, 0xC0, 0x01, 0xFE, 0x00, 0x0F,
    0xF0, 0x00, 0x7F, 0x80, 0x03, 0xFC, 0x00, 0x1F, 0xE0, 0x00, 0xFF, 0x00, 0x07, 0xF8, 0x00, 0x3F,
    0xC0, 0x01, 0xFF, 0x00, 0x1F, 0xF8, 0x00, 0xFF, 0xC0, 0x07, 0xDF, 0x00, 0x7C, 0xFE, 0x0F, 0xE3,
    0xFF, 0xFE, 0x0F, 0xFF, 0xE0, 0x3F, 0xFE, 0x00, 0x7F, 0xC0, 0x1F, 0xFC, 0x0F, 0xFE, 0x07, 0xFF,
    0x00, 0x00, 0x00, 0x00, 0x00, 0x00, 0x00, 0x00, 0x01, 0xE0, 0x0F, 0xF0, 0x07, 0xF8, 0x03, 0xFC,
    0x01, 0xFE, 0x00, 0xFF, 0x00, 0x7F, 0x80, 0x3F, 0xC0, 0x1F, 0xE0, 0x0F, 0xF0, 0x07, 0xF8, 0x03,
    0xFC, 0x01, 0xFE, 0x00, 0xFF, 0x80, 0xFF, 0xC0, 0x7F, 0xF0, 0x7E, 0xFF, 0xFF, 0x7F, 0xFF, 0x9F,
    0xFB, 0xC7, 0xF1, 0xE0, 0x0F, 0x07, 0x80, 0x7C, 0x7C, 0x01, 0xFF, 0xC0, 0x0F, 0xFE, 0x00, 0x3F,
    0xE0, 0x00, 0xFC, 0x00, 0x00, 0x00, 0x00, 0x00, 0x00, 0xF0, 0x00, 0x7F, 0x80, 0x03, 0xFC, 0x00,
    0x1F, 0xE0, 0x00, 0xFF, 0x00, 0x07, 0xF8, 0x00, 0x3F, 0xC0, 0x01, 0xFE, 0x00, 0x0F, 0xF0, 0x00,
    0x7F, 0x80, 0x03, 0xFC, 0x00, 0x1F, 0xE0, 0x00, 0xFF, 0x00, 0x07, 0xF8, 0x00, 0x3F, 0xC0, 0x01,
    0xFE, 0x00, 0x0F, 0xF0, 0x00, 0x7F, 0xC0, 0x07, 0xFE, 0x00, 0x3F, 0xF0, 0x01, 0xF7, 0xC0, 0x1F,
    0x3F, 0x83, 0xF8, 0xFF, 0xFF, 0x83, 0xFF, 0xF8, 0x0F, 0xFF, 0x80, 0x1F, 0xF0, 0x00, 0x1C, 0x1C,
    0x1E, 0x0F, 0x07, 0x8F, 0x03, 0xFF, 0x80, 0xFF, 0x80, 0x7F, 0xC0, 0x0F, 0xC0, 0x00, 0x00, 0x00,
    0x00, 0x78, 0x03, 0xFC, 0x01, 0xFE, 0x00, 0xFF, 0x00, 0x7F, 0x80, 0x3F, 0xC0, 0x1F, 0xE0, 0x0F,
    0xF0, 0x07, 0xF8, 0x03, 0xFC, 0x01, 0xFE, 0x00, 0xFF, 0x00, 0x7F, 0x80, 0x3F, 0xE0, 0x3F, 0xF0,
    0x1F, 0xFC, 0x1F, 0xBF, 0xFF, 0xDF, 0xFF, 0xE7, 0xFE, 0xF1, 0xFC, 0x78, 0x00, 0x20, 0x00, 0x07,
    0xE0, 0x00, 0x7F, 0x80, 0x03, 0x9C, 0x00, 0x38, 0xE0, 0x00, 0xE7, 0x00, 0x07, 0xF8, 0x00, 0x1F,
    0x80, 0xF0, 0x20, 0x7F, 0x80, 0x03, 0xFC, 0x00, 0x1F, 0xE0, 0x00, 0xFF, 0x00, 0x07, 0xF8, 0x00,
    0x3F, 0xC0, 0x01, 0xFE, 0x00, 0x0F, 0xF0, 0x00, 0x7F, 0x80, 0x03, 0xFC, 0x00, 0x1F, 0xE0, 0x00,
    0xFF, 0x00, 0x07, 0xF8, 0x00, 0x3F, 0xC0, 0x01, 0xFE, 0x00, 0x0F, 0xF0, 0x00, 0x7F, 0xC0, 0x07,
    0xFE, 0x00, 0x3F, 0xF0, 0x01, 0xF7, 0xC0, 0x1F, 0x3F, 0x83, 0xF8, 0xFF, 0xFF, 0x83, 0xFF, 0xF8,
    0x0F, 0xFF, 0x80, 0x1F, 0xF0, 0x00, 0x03, 0xF0, 0x03, 0xFC, 0x01, 0xFE, 0x00, 0xC7, 0x00, 0x63,
    0x80, 0x3F, 0xC0, 0x1F, 0xE0, 0x07, 0xE0, 0x00, 0x00, 0x00, 0x00, 0x00, 0x00, 0x1E, 0x00, 0xFF,
    0x00, 0x7F, 0x80, 0x3F, 0xC0, 0x1F, 0xE0, 0x0F, 0xF0, 0x07, 0xF8, 0x03, 0xFC, 0x01, 0xFE, 0x00,
    0xFF, 0x00, 0x7F, 0x80, 0x3F, 0xC0, 0x1F, 0xE0, 0x0F, 0xF8, 0x0F, 0xFC, 0x07, 0xFF, 0x07, 0xEF,
    0xFF, 0xF7, 0xFF, 0xF9, 0xFF, 0xBC, 0x7F, 0x1E, 0x00, 0x60, 0x40, 0x07, 0x07, 0x00, 0x7C, 0x7C,
    0x07, 0xF7, 0xE0, 0x7E, 0x7C, 0x03, 0xE7, 0xC0, 0x1C, 0x18, 0x00, 0x00, 0x00, 0x00, 0x00, 0x07,
    0x80, 0x03, 0xFC, 0x00, 0x1F, 0xE0, 0x00, 0xFF, 0x00, 0x07, 0xF8, 0x00, 0x3F, 0xC0, 0x01, 0xFE,
    0x00, 0x0F, 0xF0, 0x00, 0x7F, 0x80, 0x03, 0xFC, 0x00, 0x1F, 0xE0, 0x00, 0xFF, 0x00, 0x07, 0xF8,
    0x00, 0x3F, 0xC0, 0x01, 0xFE, 0x00, 0x0F, 0xF0, 0x00, 0x7F, 0x80, 0x03, 0xFE, 0x00, 0x3F, 0xF0,
    0x01, 0xFF, 0x80, 0x0F, 0xBE, 0x00, 0xF9, 0xFC, 0x1F, 0xC7, 0xFF, 0xFC, 0x1F, 0xFF, 0xC0, 0x7F,
    0xFC, 0x00, 0xFF, 0x80, 0x02, 0x04, 0x03, 0x87, 0x07, 0xC7, 0xC7, 0xF7, 0xE7, 0xFF, 0xE3, 0xE7,
    0xC0, 0xC1, 0x80, 0x00, 0x00, 0x00, 0x00, 0x00, 0x00, 0x3C, 0x01, 0xFE, 0x00, 0xFF, 0x00, 0x7F,
    0x80, 0x3F, 0xC0, 0x1F, 0xE0, 0x0F, 0xF0, 0x07, 0xF8, 0x03, 0xFC, 0x01, 0xFE, 0x00, 0xFF, 0x00,
    0x7F, 0x80, 0x3F, 0xC0, 0x1F, 0xF0, 0x1F, 0xF8, 0x0F, 0xFE, 0x0F, 0xDF, 0xFF, 0xEF, 0xFF, 0xF3,
    0xFF, 0x78, 0xFE, 0x3C, 0xF0, 0x00, 0x7F, 0x80, 0x03, 0xFC, 0x00, 0x1F, 0xE0, 0x00, 0xFF, 0x00,
    0x07, 0xF8, 0x00, 0x3F, 0xC0, 0x01, 0xFE, 0x00, 0x0F, 0xF0, 0x00, 0x7F, 0x80, 0x03, 0xFC, 0x00,
    0x1F, 0xE0, 0x00, 0xFF, 0x00, 0x07, 0xF8, 0x00, 0x3F, 0xC0, 0x01, 0xFE, 0x00, 0x0F, 0xF0, 0x00,
    0x7F, 0xC0, 0x07, 0xFE, 0x00, 0x3F, 0xF0, 0x01, 0xF7, 0xC0, 0x1F, 0x3F, 0x83, 0xF8, 0xFF, 0xFF,
    0x83, 0xFF, 0xF8, 0x0F, 0xFF, 0x80, 0x1F, 0xF8, 0x00, 0x0F, 0x80, 0x00, 0xF8, 0x00, 0x07, 0x80,
    0x00, 0x3C, 0x00, 0x01, 0xFC, 0x00, 0x0F, 0xF0, 0x00, 0x7F, 0x80, 0x01, 0xF8, 0x00, 0xF0, 0x03,
    0xBC, 0x00, 0xEF, 0x00, 0x3B, 0xC0, 0x0E, 0xF0, 0x03, 0xBC, 0x00, 0xEF, 0x00, 0x3B, 0xC0, 0x0E,
    0xF0, 0x03, 0xBC, 0x00, 0xEF, 0x00, 0x3B, 0xC0, 0x0E, 0xF0, 0x07, 0xBE, 0x01, 0xEF, 0x80, 0x7B,
    0xF0, 0x7E, 0x7F, 0xFF, 0x9F, 0xFF, 0xE3, 0xFF, 0x38, 0x7F, 0xBE, 0x00, 0x1F, 0x80, 0x0F, 0x80,
    0x03, 0xE0, 0x00, 0xF0, 0x00, 0x3D, 0x80, 0x0F, 0xF0, 0x03, 0xFC, 0x00, 0x7E, 0x00, 0x00, 0x78,
    0x00, 0x00, 0x00, 0x07, 0xE0, 0x00, 0x00, 0x00, 0xFF, 0x80, 0x00, 0x00, 0x0F, 0xFE, 0x00, 0x00,
    0x00, 0x7D, 0xF8, 0x00, 0x00, 0x03, 0x81, 0x80, 0x00, 0x00, 0x00, 0x00, 0x00, 0x00, 0x00, 0x00,
    0x00, 0x00, 0x7C, 0x00, 0x00, 0x00, 0xFB, 0xE0, 0x00, 0x00, 0x0F, 0x9F, 0x00, 0x00, 0x00, 0x7C,
    0x7C, 0x00, 0x00, 0x03, 0xE3, 0xE0, 0x07, 0x80, 0x3E, 0x1F, 0x00, 0x7C, 0x01, 0xF0, 0x7C, 0x03,
    0xF0, 0x0F, 0x83, 0xE0, 0x3F, 0x80, 0xF8, 0x1F, 0x01, 0xFC, 0x07, 0xC0, 0x7C, 0x0F, 0xF0, 0x3E,
    0x03, 0xE0, 0xFF, 0x83, 0xE0, 0x1F, 0x07, 0xBE, 0x1F, 0x00, 0x78, 0x7D, 0xF0, 0xF8, 0x03, 0xE3,
    0xE7, 0x87, 0x80, 0x1F, 0x1E, 0x3E, 0x7C, 0x00, 0x79, 0xF1, 0xF3, 0xE0, 0x03, 0xEF, 0x07, 0xDF,
    0x00, 0x1F, 0xF8, 0x3F, 0xF0, 0x00, 0xFF, 0x80, 0xFF, 0x80, 0x03, 0xFC, 0x07, 0xFC, 0x00, 0x1F,
    0xE0, 0x1F, 0xC0, 0x00, 0xFE, 0x00, 0xFE, 0x00, 0x03, 0xF0, 0x07, 0xF0, 0x00, 0x1F, 0x00, 0x1F,
    0x00, 0x00, 0xF8, 0x00, 0xF8, 0x00, 0x03, 0xC0, 0x03, 0xC0, 0x00, 0x00, 0x0F, 0xC0, 0x00, 0x00,
    0x7F, 0x80, 0x00, 0x03, 0xFF, 0x00, 0x00, 0x1F, 0x3E, 0x00, 0x00, 0x78, 0x38, 0x00, 0x00, 0x00,
    0x00, 0x00, 0x00, 0x00, 0x00, 0x00, 0x00, 0x00, 0x00, 0x78, 0x00, 0x00, 0x79, 0xF0, 0x00, 0x03,
    0xE7, 0xC0, 0x00, 0x0F, 0x8F, 0x01, 0xE0, 0x3C, 0x3E, 0x07, 0x81, 0xF0, 0xF8, 0x3F, 0x07, 0xC1,
    0xE0, 0xFC, 0x1E, 0x07, 0xC3, 0xF8, 0xF8, 0x1F, 0x1F, 0xE3, 0xE0, 0x3C, 0x7F, 0x8F, 0x00, 0xF3,
    0xDF, 0x3C, 0x03, 0xEF, 0x3D, 0xF0, 0x07, 0xFC, 0xFF, 0x80, 0x1F, 0xE1, 0xFE, 0x00, 0x7F, 0x87,
    0xF8, 0x00, 0xFC, 0x0F, 0xC0, 0x03, 0xF0, 0x3F, 0x00, 0x0F, 0xC0, 0xFC, 0x00, 0x1E, 0x01, 0xE0,
    0x00, 0x78, 0x07, 0x80, 0x00, 0x1C, 0x00, 0x00, 0x3F, 0x80, 0x00, 0x3F, 0xE0, 0x00, 0x3F, 0xF8,
    0x00, 0x3E, 0x3E, 0x00, 0x0C, 0x06, 0x00, 0x00, 0x00, 0x00, 0x00, 0x00, 0x00, 0x7C, 0x00, 0x1F,
    0xBF, 0x00, 0x1F, 0x8F, 0xC0, 0x0F, 0x83, 0xE0, 0x0F, 0xC1, 0xF8, 0x07, 0xC0, 0x7E, 0x07, 0xC0,
    0x1F, 0x07, 0xE0, 0x07, 0xC3, 0xE0, 0x03, 0xF3, 0xE0, 0x00, 0xFF, 0xF0, 0x00, 0x3F, 0xF0, 0x00,
    0x1F, 0xF0, 0x00, 0x07, 0xF8, 0x00, 0x01, 0xF8, 0x00, 0x00, 0x78, 0x00, 0x00, 0x3C, 0x00, 0x00,
    0x1E, 0x00, 0x00, 0x0F, 0x00, 0x00, 0x07, 0x80, 0x00, 0x03, 0xC0, 0x00, 0x01, 0xE0, 0x00, 0x00,
    0xF0, 0x00, 0x00, 0x78, 0x00, 0x00, 0x3C, 0x00, 0x00, 0x1E, 0x00, 0x00, 0x0F, 0x00, 0x00, 0x00,
    0xFC, 0x00, 0x07, 0xF8, 0x00, 0x3F, 0xE0, 0x01, 0xFF, 0xC0, 0x07, 0x8F, 0x80, 0x0C, 0x0C, 0x00,
    0x00, 0x00, 0x00, 0x00, 0x00, 0x00, 0x00, 0x03, 0xE0, 0x03, 0xFF, 0xC0, 0x0F, 0x9F, 0x00, 0x3E,
    0x7E, 0x01, 0xF8, 0xF8, 0x07, 0xC3, 0xE0, 0x1F, 0x07, 0xC0, 0xF8, 0x1F, 0x03, 0xE0, 0x3E, 0x0F,
    0x00, 0xF8, 0x7C, 0x01, 0xF1, 0xF0, 0x07, 0xCF, 0x80, 0x1F, 0x3E, 0x00, 0x3E, 0xF0, 0x00, 0xFF,
    0xC0, 0x01, 0xFF, 0x00, 0x07, 0xF8, 0x00, 0x0F, 0xE0, 0x00, 0x3F, 0x00, 0x00, 0x7C, 0x00, 0x01,
    0xF0, 0x00, 0x0F, 0x80, 0x00, 0x3E, 0x00, 0x00, 0xF0, 0x00, 0x07, 0xC0, 0x00, 0x1F, 0x00, 0x00,
    0xF8, 0x00, 0x03, 0xE0, 0x00, 0x03, 0xE3, 0xE0, 0x01, 0xF1, 0xF0, 0x00, 0xF8, 0xF8, 0x00, 0x7C,
    0x7C, 0x00, 0x3E, 0x3E, 0x00, 0x00, 0x00, 0x00, 0x00, 0x00, 0x01, 0xF8, 0x00, 0x3F, 0x7E, 0x00,
    0x1F, 0x1F, 0x80, 0x1F, 0x0F, 0xC0, 0x1F, 0x83, 0xF0, 0x0F, 0x80, 0xFC, 0x0F, 0x80, 0x3E, 0x0F,
    0xC0, 0x1F, 0x87, 0xC0, 0x07, 0xE7, 0xC0, 0x01, 0xFF, 0xE0, 0x00, 0xFF, 0xE0, 0x00, 0x3F, 0xE0,
    0x00, 0x0F, 0xF0, 0x00, 0x03, 0xF0, 0x00, 0x01, 0xF0, 0x00, 0x00, 0x78, 0x00, 0x00, 0x3C, 0x00,
    0x00, 0x1E, 0x00, 0x00, 0x0F, 0x00, 0x00, 0x07, 0x80, 0x00, 0x03, 0xC0, 0x00, 0x01, 0xE0, 0x00,
    0x00, 0xF0, 0x00, 0x00, 0x78, 0x00, 0x00, 0x3C, 0x00, 0x00, 0x1E, 0x00, 0x00, 0x00, 0x00, 0x00,
    0x00, 0xC0, 0x00, 0x3E, 0x00, 0x0F, 0xE0, 0x01, 0xFE, 0x00, 0x3F, 0x80, 0x01, 0xC0, 0x00, 0x00,
    0x00, 0x00, 0x00, 0x07, 0xFF, 0xFF, 0x7F, 0xFF, 0xF7, 0xFF, 0xFF, 0x7F, 0xFF, 0xF0, 0x00, 0x7E,
    0x00, 0x07, 0xC0, 0x00, 0xFC, 0x00, 0x1F, 0x80, 0x03, 0xF0, 0x00, 0x3E, 0x00, 0x07, 0xE0, 0x00,
    0xFC, 0x00, 0x1F, 0x80, 0x01, 0xF8, 0x00, 0x3F, 0x00, 0x07, 0xE0, 0x00, 0x7C, 0x00, 0x0F, 0xC0,
    0x01, 0xF8, 0x00, 0x3F, 0x00, 0x03, 0xE0, 0x00, 0x7E, 0x00, 0x0F, 0xFF, 0xFF, 0xFF, 0xFF, 0xFF,
    0xFF, 0xFF, 0xFF, 0xFF, 0xF0, 0x00, 0x80, 0x07, 0x00, 0x3E, 0x03, 0xF8, 0x1F, 0xC0, 0x7C, 0x00,
    0xC0, 0x00, 0x00, 0x00, 0x00, 0x00, 0x0F, 0xFF, 0xFF, 0xFF, 0xFF, 0xFF, 0xFF, 0xF0, 0x0F, 0xC0,
    0x3E, 0x01, 0xF0, 0x0F, 0x80, 0x7E, 0x01, 0xF0, 0x0F, 0x80, 0x7C, 0x01, 0xF0, 0x0F, 0x80, 0x7C,
    0x03, 0xF0, 0x0F, 0xFF, 0xFF, 0xFF, 0xFF, 0xFF, 0xFF, 0xF0, 0x00, 0xF8, 0x00, 0x0F, 0x80, 0x00,
    0xF8, 0x00, 0x0F, 0x80, 0x00, 0xF8, 0x00, 0x00, 0x00, 0x00, 0x00, 0x07, 0xFF, 0xFF, 0x7F, 0xFF,
    0xF7, 0xFF, 0xFF, 0x7F, 0xFF, 0xF0, 0x00, 0x3E, 0x00, 0x07, 0xC0, 0x00, 0xFC, 0x00, 0x1F, 0x80,
    0x01, 0xF0, 0x00, 0x3F, 0x00, 0x07, 0xE0, 0x00, 0xFC, 0x00, 0x0F, 0x80, 0x01, 0xF8, 0x00, 0x3F,
    0x00, 0x07, 0xE0, 0x00, 0x7E, 0x00, 0x0F, 0xC0, 0x01, 0xF8, 0x00, 0x3F, 0x00, 0x03, 0xF0, 0x00,
    0x7E, 0x00, 0x0F, 0xFF, 0xFF, 0xFF, 0xFF, 0xFF, 0xFF, 0xFF, 0xFF, 0xFF, 0xF0, 0x07, 0xC0, 0x1F,
    0x00, 0x7C, 0x01, 0xF0, 0x07, 0xC0, 0x00, 0x00, 0x00, 0x00, 0x00, 0x00, 0x03, 0xFF, 0xFF, 0xFF,
    0xFF, 0xFF, 0xFF, 0xFC, 0x01, 0xF0, 0x0F, 0x80, 0x7C, 0x03, 0xF0, 0x0F, 0x80, 0x7C, 0x03, 0xE0,
    0x1F, 0x80, 0x7C, 0x03, 0xE0, 0x1F, 0x80, 0xFC, 0x03, 0xFF, 0xFF, 0xFF, 0xFF, 0xFF, 0xFF, 0xFC,
    0x04, 0x02, 0x00, 0xF0, 0xF0, 0x0F, 0xFF, 0x00, 0x7F, 0xE0, 0x01, 0xFC, 0x00, 0x0F, 0x00, 0x00,
    0x00, 0x00, 0x00, 0x00, 0x7F, 0xFF, 0xF7, 0xFF, 0xFF, 0x7F, 0xFF, 0xF7, 0xFF, 0xFF, 0x00, 0x07,
    0xE0, 0x00, 0x7C, 0x00, 0x0F, 0xC0, 0x01, 0xF8, 0x00, 0x3F, 0x00, 0x03, 0xE0, 0x00, 0x7E, 0x00,
    0x0F, 0xC0, 0x01, 0xF8, 0x00, 0x1F, 0x80, 0x03, 0xF0, 0x00, 0x7E, 0x00, 0x07, 0xC0, 0x00, 0xFC,
    0x00, 0x1F, 0x80, 0x03, 0xF0, 0x00, 0x3E, 0x00, 0x07, 0xE0, 0x00, 0xFF, 0xFF, 0xFF, 0xFF, 0xFF,
    0xFF, 0xFF, 0xFF, 0xFF, 0xFF, 0x00, 0x00, 0xE1, 0xC3, 0xFF, 0x0F, 0xFC, 0x1F, 0xE0, 0x3F, 0x00,
    0x78, 0x00, 0x00, 0x00, 0x03, 0xFF, 0xFF, 0xFF, 0xFF, 0xFF, 0xFF, 0xFC, 0x03, 0xF0, 0x0F, 0x80,
    0x7C, 0x03, 0xE0, 0x1F, 0x80, 0x7C, 0x03, 0xE0, 0x1F, 0x00, 0x7C, 0x03, 0xE0, 0x1F, 0x00, 0xFC,
    0x03, 0xFF, 0xFF, 0xFF, 0xFF, 0xFF, 0xFF, 0xFC, 0x1F, 0xC7, 0xFD, 0xFF, 0x7E, 0x6F, 0x01, 0xE0,
    0x3C, 0x07, 0x80, 0xF0, 0x1E, 0x03, 0xC0, 0x78, 0x0F, 0x01, 0xE0, 0x3C, 0x07, 0x80, 0xF0, 0x1E,
    0x03, 0xC0, 0x78, 0x0F, 0x01, 0xE0, 0x3C, 0x07, 0x80, 0xF0, 0x1E, 0x03, 0xC0, 0x78, 0x0F, 0x01,
    0xE0, 0x00, 0x00, 0x00, 0x07, 0x80, 0x00, 0x01, 0xE0, 0x00, 0x00, 0xF8, 0x00, 0x00, 0x3E, 0x00,
    0x00, 0x1F, 0x00, 0x3F, 0xFF, 0xC0, 0x3F, 0xFF, 0xE0, 0x3F, 0xFF, 0xF0, 0x1F, 0xFF, 0xFE, 0x0F,
    0xF0, 0x3F, 0xC3, 0xF0, 0x03, 0xF1, 0xF8, 0x00, 0x7E, 0x7C, 0x00, 0x0F, 0xBE, 0x00, 0x01, 0xFF,
    0x80, 0x00, 0x7F, 0xE0, 0x00, 0x1F, 0xF0, 0x00, 0x03, 0xFC, 0x00, 0x00, 0xFF, 0x00, 0x00, 0x3F,
    0xC0, 0x00, 0x0F, 0xF8, 0x00, 0x07, 0xFE, 0x00, 0x01, 0xFF, 0x80, 0x00, 0x79, 0xF0, 0x00, 0x3E,
    0x7E, 0x00, 0x1F, 0x8F, 0xC0, 0x0F, 0xC1, 0xFC, 0x0F, 0xE0, 0x7F, 0xFF, 0xF0, 0x07, 0xFF, 0xF8,
    0x00, 0xFF, 0xFC, 0x00, 0x0F, 0xFC, 0x00, 0x00, 0x00, 0x70, 0x00, 0x0F, 0x00, 0x00, 0xF0, 0x00,
    0x1F, 0x03, 0xFF, 0xE0, 0xFF, 0xFE, 0x1F, 0xFF, 0xC3, 0xFF, 0xFC, 0x7E, 0x07, 0xE7, 0xC0, 0x3F,
    0xF8, 0x01, 0xFF, 0x80, 0x1F, 0xF0, 0x00, 0xFF, 0x00, 0x0F, 0xF0, 0x00, 0xFF, 0x00, 0x0F, 0xF8,
    0x01, 0xFF, 0x80, 0x1F, 0x7C, 0x03, 0xE7, 0xE0, 0x7E, 0x3F, 0xFF, 0xC1, 0xFF, 0xF8, 0x0F, 0xFF,
    0x00, 0x3F, 0xC0, 0x00, 0x00, 0x03, 0xC0, 0x00, 0x00, 0xF0, 0x00, 0x00, 0x7C, 0x00, 0x00, 0x1F,
    0x00, 0x00, 0x0F, 0xBC, 0x00, 0x1F, 0xEF, 0x00, 0x07, 0xF3, 0xC0, 0x01, 0xF0, 0xF0, 0x00, 0x78,
    0x3C, 0x00, 0x1E, 0x0F, 0x00, 0x07, 0x83, 0xC0, 0x01, 0xE0, 0xF0, 0x00, 0x78, 0x3C, 0x00, 0x1E,
    0x0F, 0x00, 0x07, 0x83, 0xC0, 0x01, 0xE0, 0xF0, 0x00, 0x78, 0x3C, 0x00, 0x1E, 0x0F, 0x00, 0x07,
    0x83, 0xC0, 0x01, 0xE0, 0xF0, 0x00, 0x78, 0x3C, 0x00, 0x1E, 0x0F, 0x80, 0x0F, 0x83, 0xE0, 0x03,
    0xE0, 0xF8, 0x00, 0xF8, 0x1F, 0x00, 0x7C, 0x07, 0xF0, 0x7F, 0x00, 0xFF, 0xFF, 0x80, 0x1F, 0xFF,
    0xC0, 0x03, 0xFF, 0xE0, 0x00, 0x3F, 0xE0, 0x00, 0x00, 0x00, 0x70, 0x00, 0x0F, 0x00, 0x00, 0xF0,
    0x00, 0x3F, 0xF0, 0x07, 0xEF, 0x00, 0x7C, 0xF0, 0x07, 0x8F, 0x00, 0x78, 0xF0, 0x07, 0x8F, 0x00,
    0x78, 0xF0, 0x07, 0x8F, 0x00, 0x78, 0xF0, 0x07, 0x8F, 0x00, 0x78, 0xF0, 0x07, 0x8F, 0x00, 0x78,
    0xF0, 0x07, 0x8F, 0x80, 0xF8, 0xF8, 0x0F, 0x8F, 0xC1, 0xF8, 0x7F, 0xFF, 0x87, 0xFF, 0xF8, 0x3F,
    0xF7, 0x81, 0xFC, 0x78, 0x00, 0x00, 0x00, 0x02, 0x01, 0x00, 0x00, 0x00, 0x00, 0x3C, 0x3C, 0x00,
    0x00, 0x00, 0x01, 0xFF, 0xE0, 0x00, 0x00, 0x00, 0x07, 0xFE, 0x00, 0x00, 0x00, 0x00, 0x0F, 0xE0,
    0x00, 0x00, 0x00, 0x00, 0x3C, 0x00, 0x00, 0x00, 0x00, 0x00, 0x00, 0x00, 0x00, 0x00, 0x00, 0x00,
    0x00, 0xFF, 0xFF, 0x00, 0x3F, 0xFF, 0xFF, 0xFF, 0xFE, 0x01, 0xFF, 0xFF, 0xFF, 0xFF, 0xF8, 0x0F,
    0xFF, 0xFF, 0xFF, 0xFF, 0xE0, 0x7F, 0xFF, 0xFF, 0x00, 0x3F, 0x80, 0x00, 0x3F, 0x78, 0x00, 0x7C,
    0x00, 0x01, 0xF3, 0xC0, 0x01, 0xF0, 0x00, 0x1F, 0x9E, 0x00, 0x0F, 0x80, 0x01, 0xF8, 0xF0, 0x00,
    0x3E, 0x00, 0x1F, 0x87, 0x80, 0x01, 0xF0, 0x00, 0xF8, 0x3C, 0x00, 0x0F, 0x80, 0x0F, 0xC1, 0xE0,
    0x00, 0x3C, 0x00, 0xFC, 0x0F, 0x00, 0x01, 0xE0, 0x0F, 0xC0, 0x78, 0x00, 0x0F, 0x00, 0x7E, 0x03,
    0xC0, 0x00, 0x78, 0x07, 0xE0, 0x1E, 0x00, 0x07, 0xC0, 0x7E, 0x00, 0xF0, 0x00, 0x3E, 0x03, 0xE0,
    0x07, 0x80, 0x01, 0xF0, 0x3F, 0x00, 0x3C, 0x00, 0x1F, 0x03, 0xF0, 0x01, 0xE0, 0x00, 0xF8, 0x3F,
    0x00, 0x0F, 0x00, 0x0F, 0x81, 0xF0, 0x00, 0x78, 0x01, 0xFC, 0x1F, 0x80, 0x03, 0xFF, 0xFF, 0xC1,
    0xFF, 0xFF, 0xFF, 0xFF, 0xFC, 0x0F, 0xFF, 0xFF, 0xFF, 0xFF, 0xC0, 0x7F, 0xFF, 0xFF, 0xFF, 0xF8,
    0x03, 0xFF, 0xFF, 0xC0, 0x00, 0x00, 0x00, 0x0E, 0x1C, 0x00, 0x00, 0x00, 0x1F, 0x3E, 0xFF, 0xFF,
    0x00, 0x0F, 0xFC, 0xFF, 0xFF, 0xC0, 0x07, 0xF8, 0xFF, 0xFF, 0xE0, 0x03, 0xF0, 0xFF, 0xFF, 0xF0,
    0x00, 0xC0, 0xF0, 0x03, 0xF8, 0x00, 0x00, 0xF0, 0x00, 0xF8, 0x00, 0x00, 0xF0, 0x00, 0x7C, 0x3F,
    0xFF, 0xF0, 0x00, 0x7C, 0x3F, 0xFF, 0xF0, 0x00, 0x3E, 0x3F, 0xFF, 0xF0, 0x00, 0x3E, 0x3F, 0xFF,
    0xF0, 0x00, 0x3E, 0x00, 0x3F, 0xF0, 0x00, 0x1E, 0x00, 0x3E, 0xF0, 0x00, 0x1E, 0x00, 0x7C, 0xF0,
    0x00, 0x1E, 0x00, 0xF8, 0xF0, 0x00, 0x1E, 0x01, 0xF8, 0xF0, 0x00, 0x3E, 0x01, 0xF0, 0xF0, 0x00,
    0x3E, 0x03, 0xE0, 0xF0, 0x00, 0x3E, 0x07, 0xC0, 0xF0, 0x00, 0x7C, 0x07, 0xC0, 0xF0, 0x00, 0x7C,
    0x0F, 0x80, 0xF0, 0x00, 0xF8, 0x1F, 0x00, 0xF0, 0x03, 0xF8, 0x3F, 0x00, 0xFF, 0xFF, 0xF0, 0x3F,
    0xFF, 0xFF, 0xFF, 0xE0, 0x3F, 0xFF, 0xFF, 0xFF, 0xC0, 0x3F, 0xFF, 0xFF, 0xFF, 0x00, 0x3F, 0xFF,
    0x00, 0x00, 0x00, 0x30, 0x30, 0x00, 0x03, 0xC1, 0xE1, 0xE0, 0x00, 0x0F, 0x03, 0xFF, 0x00, 0x00,
    0x3C, 0x07, 0xF8, 0x00, 0x00, 0xF0, 0x1F, 0xE0, 0x00, 0x03, 0xC0, 0x3F, 0x00, 0x00, 0x0F, 0x00,
    0x78, 0x00, 0x00, 0x3C, 0x00, 0x00, 0x00, 0x00, 0xF0, 0x00, 0x00, 0x1F, 0xE3, 0xC3, 0xFF, 0xF0,
    0xFF, 0xEF, 0x0F, 0xFF, 0xC7, 0xFF, 0xFC, 0x3F, 0xFF, 0x3F, 0xFF, 0xF0, 0xFF, 0xFD, 0xF8, 0x1F,
    0xC0, 0x01, 0xF7, 0xC0, 0x3F, 0x00, 0x0F, 0xBE, 0x00, 0x7C, 0x00, 0x7C, 0xF8, 0x01, 0xF0, 0x03,
    0xE3, 0xC0, 0x07, 0xC0, 0x0F, 0x8F, 0x00, 0x0F, 0x00, 0x7C, 0x3C, 0x00, 0x3C, 0x03, 0xE0, 0xF0,
    0x01, 0xF0, 0x1F, 0x83, 0xE0, 0x07, 0xC0, 0x7C, 0x0F, 0x80, 0x1F, 0x03, 0xE0, 0x1F, 0x00, 0xFC,
    0x1F, 0x00, 0x7E, 0x07, 0xF0, 0xFC, 0x00, 0xFF, 0xFF, 0xC3, 0xFF, 0xF1, 0xFF, 0xFF, 0x0F, 0xFF,
    0xC3, 0xFF, 0xBC, 0x3F, 0xFF, 0x07, 0xF8, 0xF0, 0xFF, 0xFC, 0xF0, 0x00, 0x00, 0x0F, 0xFF, 0xF8,
    0x00, 0x00, 0x07, 0xFF, 0xFC, 0x00, 0x00, 0x03, 0xFF, 0xFE, 0x00, 0x00, 0x01, 0xFF, 0xFF, 0x00,
    0x00, 0x00, 0x07, 0x87, 0x80, 0x00, 0x00, 0x03, 0xC3, 0xC0, 0x00, 0x00, 0x01, 0xE1, 0xE0, 0x00,
    0x00, 0x00, 0xF0, 0xF0, 0x00, 0x00, 0x00, 0x78, 0x78, 0x00, 0x00, 0x00, 0x3C, 0x3C, 0x00, 0x00,
    0x00, 0x1E, 0x1E, 0x00, 0x00, 0x00, 0x0F, 0x0F, 0x00, 0x00, 0x00, 0x07, 0x87, 0x80, 0x00, 0x00,
    0x03, 0xC3, 0xC0, 0x00, 0x00, 0x01, 0xE1, 0xE0, 0x00, 0x00, 0x00, 0xF0, 0xF0, 0x00, 0x00, 0x00,
    0x78, 0x78, 0x00, 0x00, 0x00, 0x3C, 0x3C, 0x00, 0x00, 0x00, 0x1E, 0x1E, 0x00, 0x00, 0x60, 0x1F,
    0x0F, 0x00, 0x00, 0x78, 0x0F, 0x87, 0x80, 0x00, 0x3E, 0x0F, 0x83, 0xFF, 0xFE, 0x3F, 0xFF, 0xC1,
    0xFF, 0xFF, 0x0F, 0xFF, 0xC0, 0xFF, 0xFF, 0x83, 0xFF, 0xC0, 0x7F, 0xFF, 0xC0, 0x7F, 0x80, 0x00,
    0x00, 0x00, 0x03, 0xE0, 0x00, 0x00, 0x7F, 0xC0, 0x00, 0x0F, 0xF8, 0x00, 0x01, 0xFF, 0x00, 0x00,
    0x3F, 0xE0, 0x00, 0x00, 0x3C, 0x00, 0x00, 0x07, 0x80, 0x00, 0x00, 0xF0, 0x00, 0x03, 0xDE, 0x00,
    0x00, 0x7B, 0xC0, 0x00, 0x0F, 0x78, 0x00, 0x01, 0xEF, 0x00, 0x00, 0x3D, 0xE0, 0x00, 0x07, 0xBC,
    0x00, 0x00, 0xF7, 0x80, 0x00, 0x1E, 0xF0, 0x00, 0x03, 0xDE, 0x00, 0x00, 0x7B, 0xC0, 0x00, 0x0F,
    0x78, 0x00, 0x01, 0xEF, 0x00, 0x00, 0x3D, 0xE0, 0x00, 0x07, 0xBC, 0x00, 0x00, 0xF7, 0x80, 0x00,
    0x1E, 0xFF, 0xFF, 0x83, 0xDF, 0xFF, 0xF0, 0x7B, 0xFF, 0xFE, 0x0F, 0x7F, 0xFF, 0xC1, 0xE0, 0x00,
    0x00, 0x3C, 0x00, 0x00, 0x07, 0x80, 0x00, 0x01, 0xF0, 0x00, 0x00, 0x3E, 0x00, 0x00, 0x3F, 0xC0,
    0x00, 0x07, 0xF0, 0x00, 0x00, 0xFC, 0x00, 0x00, 0x0F, 0x00, 0xF0, 0x7F, 0xC1, 0xFF, 0x07, 0xFC,
    0x1F, 0xF0, 0x7F, 0xC0, 0x0F, 0x00, 0x3C, 0x00, 0xF0, 0x7B, 0xC1, 0xEF, 0x07, 0xBC, 0x1E, 0xF0,
    0x7B, 0xC1, 0xEF, 0x07, 0xBC, 0x1E, 0xF0, 0x7B, 0xC1, 0xEF, 0x07, 0xBC, 0x1E, 0xF0, 0x7B, 0xC1,
    0xEF, 0x07, 0xBC, 0x1E, 0xF0, 0x7B, 0xC1, 0xEF, 0x07, 0xBC, 0x1E, 0x00, 0x78, 0x01, 0xE0, 0x0F,
    0x80, 0x3E, 0x07, 0xF8, 0x1F, 0xC0, 0x7E, 0x00, 0xF0, 0xF0, 0x00, 0x3C, 0x00, 0x1F, 0xFF, 0xF8,
    0x00, 0x3C, 0x00, 0x1F, 0xFF, 0xFC, 0x00, 0x3C, 0x00, 0x1F, 0xFF, 0xFE, 0x00, 0x3C, 0x00, 0x1F,
    0xFF, 0xFE, 0x00, 0x3C, 0x00, 0x00, 0xF0, 0xFF, 0x00, 0x3C, 0x00, 0x00, 0xF0, 0xFF, 0x80, 0x3C,
    0x00, 0x00, 0xF0, 0xFF, 0xC0, 0x3C, 0x00, 0x00, 0xF0, 0xF7, 0xC0, 0x3C, 0x00, 0x00, 0xF0, 0xF3,
    0xE0, 0x3C, 0x00, 0x00, 0xF0, 0xF3, 0xF0, 0x3C, 0x00, 0x00, 0xF0, 0xF1, 0xF8, 0x3C, 0x00, 0x00,
    0xF0, 0xF0, 0xF8, 0x3C, 0x00, 0x00, 0xF0, 0xF0, 0x7C, 0x3C, 0x00, 0x00, 0xF0, 0xF0, 0x7E, 0x3C,
    0x00, 0x00, 0xF0, 0xF0, 0x3E, 0x3C, 0x00, 0x00, 0xF0, 0xF0, 0x1F, 0x3C, 0x00, 0x00, 0xF0, 0xF0,
    0x0F, 0xBC, 0x00, 0x00, 0xF0, 0xF0, 0x0F, 0xFC, 0x00, 0x00, 0xF0, 0xF0, 0x07, 0xFC, 0x06, 0x01,
    0xF0, 0xF0, 0x03, 0xFC, 0x0F, 0x01, 0xF0, 0xF0, 0x01, 0xFC, 0x1F, 0x83, 0xF0, 0xF0, 0x01, 0xFC,
    0x0F, 0xFF, 0xE0, 0xF0, 0x00, 0xFC, 0x07, 0xFF, 0xC0, 0xF0, 0x00, 0x7C, 0x03, 0xFF, 0x80, 0xF0,
    0x00, 0x3C, 0x01, 0xFE, 0x00, 0x00, 0x00, 0x00, 0x07, 0xC0, 0x00, 0x00, 0x01, 0xFF, 0x00, 0x03,
    0xC0, 0x7F, 0xE0, 0x00, 0xF0, 0x1F, 0xFC, 0x00, 0x3C, 0x07, 0xFF, 0x80, 0x0F, 0x00, 0x0F, 0xE0,
    0x03, 0xC0, 0x03, 0xFC, 0x00, 0xF0, 0x00, 0xFF, 0x80, 0x3C, 0x07, 0xBF, 0xF0, 0x0F, 0x01, 0xEF,
    0x7C, 0x03, 0xC0, 0x7B, 0xDF, 0x80, 0xF0, 0x1E, 0xF3, 0xF0, 0x3C, 0x07, 0xBC, 0x7E, 0x0F, 0x01,
    0xEF, 0x0F, 0x83, 0xC0, 0x7B, 0xC3, 0xF0, 0xF0, 0x1E, 0xF0, 0x7E, 0x3C, 0x07, 0xBC, 0x0F, 0xCF,
    0x01, 0xEF, 0x01, 0xF3, 0xC0, 0x7B, 0xC0, 0x7E, 0xF0, 0x1E, 0xF0, 0x0F, 0xFC, 0x07, 0xBC, 0x01,
    0xFF, 0x01, 0xEF, 0x00, 0x3F, 0xC0, 0x7B, 0xC0, 0x07, 0xF0, 0x1E, 0xF0, 0x01, 0xFC, 0x07, 0xBC,
    0x00, 0x3F, 0x01, 0xEF, 0x00, 0x07, 0xC0, 0x7B, 0xC0, 0x00, 0xF0, 0x1E, 0x00, 0x00, 0x00, 0x07,
    0x80, 0x00, 0x00, 0x01, 0xE0, 0x00, 0x00, 0x00, 0xF8, 0x00, 0x00, 0x00, 0x3E, 0x00, 0x00, 0x00,
    0x7F, 0x80, 0x00, 0x00, 0x1F, 0xC0, 0x00, 0x00, 0x07, 0xE0, 0x00, 0x00, 0x00, 0xF0, 0x00, 0x00,
    0x03, 0xE0, 0x00, 0x00, 0x7C, 0x00, 0x00, 0x0F, 0x80, 0x00, 0x01, 0xF0, 0x00, 0x00, 0x3E, 0x00,
    0x00, 0x00, 0x00, 0x00, 0x00, 0x00, 0x00, 0x00, 0x00, 0xF1, 0xFC, 0x01, 0xFE, 0xFF, 0xC0, 0x3F,
    0xFF, 0xFC, 0x07, 0xFF, 0xFF, 0xC0, 0xFF, 0xC1, 0xF8, 0x1F, 0xF0, 0x1F, 0x03, 0xFE, 0x01, 0xE0,
    0x7F, 0x80, 0x3C, 0x0F, 0xF0, 0x07, 0x81, 0xFE, 0x00, 0xF0, 0x3F, 0xC0, 0x1E, 0x07, 0xF8, 0x03,
    0xC0, 0xFF, 0x00, 0x78, 0x1F, 0xE0, 0x0F, 0x03, 0xFC, 0x01, 0xE0, 0x7F, 0x80, 0x3C, 0x0F, 0xF0,
    0x07, 0x81, 0xFE, 0x00, 0xF0, 0x3F, 0xC0, 0x1E, 0x07, 0xF8, 0x03, 0xC0, 0xF0, 0x00, 0x00, 0x1E,
    0x00, 0x00, 0x07, 0xC0, 0x00, 0x00, 0xF8, 0x00, 0x00, 0x3F, 0x00, 0x00, 0x3F, 0xE0, 0x00, 0x07,
    0xF8, 0x00, 0x00, 0x7E, 0x00, 0x00, 0x0F, 0x80, 0x00, 0x80, 0x40, 0x00, 0x78, 0x78, 0x00, 0x1F,
    0xFE, 0x00, 0x03, 0xFF, 0x00, 0x00, 0x3F, 0x80, 0x00, 0x07, 0x80, 0x00, 0x00, 0x00, 0x00, 0x00,
    0x00, 0x00, 0x00, 0x1F, 0x00, 0x00, 0x0F, 0xC0, 0x00, 0x03, 0xF8, 0x00, 0x01, 0xFE, 0x00, 0x00,
    0x7F, 0x80, 0x00, 0x1F, 0xF0, 0x00, 0x0F, 0xFC, 0x00, 0x03, 0xCF, 0x80, 0x01, 0xF3, 0xE0, 0x00,
    0x7C, 0xF8, 0x00, 0x1E, 0x1F, 0x00, 0x0F, 0x87, 0xC0, 0x03, 0xE1, 0xF0, 0x01, 0xF0, 0x3E, 0x00,
    0x7C, 0x0F, 0x80, 0x1E, 0x01, 0xF0, 0x0F, 0xFF, 0xFC, 0x03, 0xFF, 0xFF, 0x01, 0xFF, 0xFF, 0xE0,
    0x7F, 0xFF, 0xF8, 0x1F, 0x00, 0x1F, 0x0F, 0x80, 0x07, 0xC3, 0xE0, 0x01, 0xF0, 0xF0, 0x00, 0x3E,
    0x7C, 0x00, 0x0F, 0x9F, 0x00, 0x03, 0xF0, 0x03, 0x03, 0x00, 0x78, 0xF0, 0x07, 0xFF, 0x00, 0x3F,
    0xE0, 0x01, 0xFC, 0x00, 0x0F, 0x80, 0x00, 0x00, 0x00, 0x00, 0x00, 0x00, 0x00, 0x00, 0x7F, 0x8F,
    0x0F, 0xFE, 0xF1, 0xFF, 0xFF, 0x3F, 0xFF, 0xF7, 0xE0, 0x7F, 0x7C, 0x03, 0xFF, 0x80, 0x1F, 0xF8,
    0x01, 0xFF, 0x00, 0x1F, 0xF0, 0x00, 0xFF, 0x00, 0x0F, 0xF0, 0x01, 0xFF, 0x80, 0x1F, 0xF8, 0x01,
    0xF7, 0xC0, 0x3F, 0x7E, 0x07, 0xF3, 0xFF, 0xFF, 0x1F, 0xFF, 0xF0, 0xFF, 0xEF, 0x07, 0xF8, 0xF0,
    0x40, 0x17, 0x87, 0xFF, 0xFE, 0x7F, 0xC1, 0xFC, 0x07, 0x80, 0x00, 0x00, 0x00, 0xFF, 0xFF, 0xFF,
    0xFF, 0xFF, 0xFF, 0xF0, 0xF0, 0x07, 0x80, 0x3C, 0x01, 0xE0, 0x0F, 0x00, 0x78, 0x03, 0xC0, 0x1E,
    0x00, 0xF0, 0x07, 0x80, 0x3C, 0x01, 0xE0, 0x0F, 0x00, 0x78, 0x03, 0xC0, 0x1E, 0x00, 0xF0, 0x07,
    0x83, 0xFF, 0xFF, 0xFF, 0xFF, 0xFF, 0xFF, 0xC0, 0x00, 0x0F, 0x0E, 0xFB, 0xF7, 0xFE, 0x3F, 0xC1,
    0xF8, 0x0F, 0x00, 0x00, 0x00, 0x00, 0xF0, 0x0F, 0x00, 0xF0, 0x0F, 0x00, 0xF0, 0x0F, 0x00, 0xF0,
    0x0F, 0x00, 0xF0, 0x0F, 0x00, 0xF0, 0x0F, 0x00, 0xF0, 0x0F, 0x00, 0xF0, 0x0F, 0x00, 0xF0, 0x0F,
    0x00, 0xF0, 0x0F, 0x00, 0x01, 0xC0, 0xE0, 0x00, 0x7C, 0xF8, 0x00, 0x1F, 0xFE, 0x00, 0x03, 0xFE,
    0x00, 0x00, 0x3F, 0x00, 0x00, 0x07, 0x80, 0x00, 0x00, 0x00, 0x00, 0x00, 0x00, 0x00, 0x00, 0xFF,
    0xC0, 0x00, 0xFF, 0xFC, 0x00, 0x7F, 0xFF, 0x80, 0x7F, 0xFF, 0xF0, 0x1F, 0xC0, 0xFE, 0x0F, 0xC0,
    0x0F, 0xC7, 0xE0, 0x01, 0xF9, 0xF0, 0x00, 0x3E, 0xF8, 0x00, 0x07, 0xFE, 0x00, 0x01, 0xFF, 0x80,
    0x00, 0x7F, 0xC0, 0x00, 0x0F, 0xF0, 0x00, 0x03, 0xFC, 0x00, 0x00, 0xFF, 0x00, 0x00, 0x3F, 0xE0,
    0x00, 0x1F, 0xF8, 0x00, 0x07, 0xFE, 0x00, 0x01, 0xF7, 0xC0, 0x00, 0xF9, 0xF8, 0x00, 0x7E, 0x3F,
    0x00, 0x3F, 0x07, 0xF0, 0x3F, 0x81, 0xFF, 0xFF, 0xC0, 0x1F, 0xFF, 0xE0, 0x03, 0xFF, 0xF0, 0x00,
    0x3F, 0xF0, 0x00, 0x06, 0x06, 0x00, 0xF9, 0xF0, 0x07, 0xFE, 0x00, 0x3F, 0xC0, 0x01, 0xF8, 0x00,
    0x0F, 0x80, 0x00, 0x00, 0x00, 0x00, 0x00, 0x00, 0x00, 0x00, 0x3F, 0xC0, 0x0F, 0xFF, 0x01, 0xFF,
    0xF8, 0x3F, 0xFF, 0xC7, 0xE0, 0x7E, 0x7C, 0x03, 0xEF, 0x80, 0x1F, 0xF8, 0x01, 0xFF, 0x00, 0x0F,
    0xF0, 0x00, 0xFF, 0x00, 0x0F, 0xF0, 0x00, 0xFF, 0x80, 0x1F, 0xF8, 0x01, 0xF7, 0xC0, 0x3E, 0x7E,
    0x07, 0xE3, 0xFF, 0xFC, 0x1F, 0xFF, 0x80, 0xFF, 0xF0, 0x03, 0xFC, 0x00, 0x04, 0x00, 0x00, 0x78,
    0x7C, 0x01, 0xFF, 0xC0, 0x07, 0xFC, 0x00, 0x1F, 0xC0, 0x00, 0x7C, 0x00, 0x00, 0x00, 0x00, 0x00,
    0x00, 0xF0, 0x00, 0x7F, 0x80, 0x03, 0xFC, 0x00, 0x1F, 0xE0, 0x00, 0xFF, 0x00, 0x07, 0xF8, 0x00,
    0x3F, 0xC0, 0x01, 0xFE, 0x00, 0x0F, 0xF0, 0x00, 0x7F, 0x80, 0x03, 0xFC, 0x00, 0x1F, 0xE0, 0x00,
    0xFF, 0x00, 0x07, 0xF8, 0x00, 0x3F, 0xC0, 0x01, 0xFE, 0x00, 0x0F, 0xF0, 0x00, 0x7F, 0xC0, 0x07,
    0xFE, 0x00, 0x3F, 0xF0, 0x01, 0xF7, 0xC0, 0x1F, 0x3F, 0x83, 0xF8, 0xFF, 0xFF, 0x83, 0xFF, 0xF8,
    0x0F, 0xFF, 0x80, 0x1F, 0xF0, 0x00, 0x0C, 0x18, 0x0F, 0x1E, 0x03, 0xFF, 0x01, 0xFF, 0x00, 0x7F,
    0x00, 0x1F, 0x00, 0x00, 0x00, 0x00, 0x00, 0x00, 0x00, 0x78, 0x03, 0xFC, 0x01, 0xFE, 0x00, 0xFF,
    0x00, 0x7F, 0x80, 0x3F, 0xC0, 0x1F, 0xE0, 0x0F, 0xF0, 0x07, 0xF8, 0x03, 0xFC, 0x01, 0xFE, 0x00,
    0xFF, 0x00, 0x7F, 0x80, 0x3F, 0xE0, 0x3F, 0xF0, 0x1F, 0xFC, 0x1F, 0xBF, 0xFF, 0xDF, 0xFF, 0xE7,
    0xFE, 0xF1, 0xFC, 0x78, 0x07, 0xFF, 0x00, 0x3F, 0xF8, 0x01, 0xFF, 0xC0, 0x00, 0x00, 0x00, 0x00,
    0x00, 0x00, 0x00, 0x00, 0x1C, 0x38, 0x00, 0xF1, 0xE0, 0x07, 0x8F, 0x00, 0x38, 0x70, 0x00, 0x00,
    0x00, 0x00, 0x00, 0x00, 0x00, 0x00, 0x78, 0x00, 0x3F, 0xC0, 0x01, 0xFE, 0x00, 0x0F, 0xF0, 0x00,
    0x7F, 0x80, 0x03, 0xFC, 0x00, 0x1F, 0xE0, 0x00, 0xFF, 0x00, 0x07, 0xF8, 0x00, 0x3F, 0xC0, 0x01,
    0xFE, 0x00, 0x0F, 0xF0, 0x00, 0x7F, 0x80, 0x03, 0xFC, 0x00, 0x1F, 0xE0, 0x00, 0xFF, 0x00, 0x07,
    0xF8, 0x00, 0x3F, 0xC0, 0x01, 0xFE, 0x00, 0x0F, 0xF0, 0x00, 0xFF, 0x80, 0x07, 0xBE, 0x00, 0x3C,
    0xF8, 0x03, 0xE7, 0xF0, 0x7E, 0x1F, 0xFF, 0xE0, 0x7F, 0xFE, 0x00, 0xFF, 0xC0, 0x1F, 0xFC, 0x0F,
    0xFE, 0x07, 0xFF, 0x00, 0x00, 0x00, 0x00, 0x00, 0x00, 0x00, 0x38, 0x70, 0x3C, 0x78, 0x1E, 0x3C,
    0x07, 0x0E, 0x00, 0x00, 0x00, 0x00, 0x0F, 0x00, 0x7F, 0x80, 0x3F, 0xC0, 0x1F, 0xE0, 0x0F, 0xF0,
    0x07, 0xF8, 0x03, 0xFC, 0x01, 0xFE, 0x00, 0xFF, 0x00, 0x7F, 0x80, 0x3F, 0xC0, 0x1F, 0xE0, 0x0F,
    0xF0, 0x07, 0xF8, 0x03, 0xFC, 0x01, 0xFE, 0x01, 0xFF, 0x80, 0xFF, 0xE1, 0xFD, 0xFF, 0xFE, 0x7F,
    0xF7, 0x1F, 0xE3, 0x80, 0x00, 0x1F, 0x00, 0x00, 0xF0, 0x00, 0x0F, 0x80, 0x00, 0xF8, 0x00, 0x0F,
    0x80, 0x00, 0x78, 0x00, 0x00, 0x00, 0x00, 0xE1, 0xC0, 0x07, 0x8F, 0x00, 0x3C, 0x78, 0x01, 0xC3,
    0x80, 0x00, 0x00, 0x00, 0x00, 0x00, 0x00, 0x00, 0x03, 0xC0, 0x01, 0xFE, 0x00, 0x0F, 0xF0, 0x00,
    0x7F, 0x80, 0x03, 0xFC, 0x00, 0x1F, 0xE0, 0x00, 0xFF, 0x00, 0x07, 0xF8, 0x00, 0x3F, 0xC0, 0x01,
    0xFE, 0x00, 0x0F, 0xF0, 0x00, 0x7F, 0x80, 0x03, 0xFC, 0x00, 0x1F, 0xE0, 0x00, 0xFF, 0x00, 0x07,
    0xF8, 0x00, 0x3F, 0xC0, 0x01, 0xFE, 0x00, 0x0F, 0xF0, 0x00, 0x7F, 0x80, 0x07, 0xFC, 0x00, 0x3D,
    0xF0, 0x01, 0xE7, 0xC0, 0x1F, 0x3F, 0x83, 0xF0, 0xFF, 0xFF, 0x03, 0xFF, 0xF0, 0x07, 0xFE, 0x00,
    0x00, 0x3E, 0x00, 0x3E, 0x00, 0x3E, 0x00, 0x1E, 0x00, 0x1E, 0x00, 0x0E, 0x00, 0x00, 0x00, 0x1C,
    0x38, 0x1E, 0x3C, 0x0F, 0x1E, 0x03, 0x87, 0x00, 0x00, 0x00, 0x00, 0x07, 0x80, 0x3F, 0xC0, 0x1F,
    0xE0, 0x0F, 0xF0, 0x07, 0xF8, 0x03, 0xFC, 0x01, 0xFE, 0x00, 0xFF, 0x00, 0x7F, 0x80, 0x3F, 0xC0,
    0x1F, 0xE0, 0x0F, 0xF0, 0x07, 0xF8, 0x03, 0xFC, 0x01, 0xFE, 0x00, 0xFF, 0x00, 0xFF, 0xC0, 0x7F,
    0xF0, 0xFE, 0xFF, 0xFF, 0x3F, 0xFB, 0x8F, 0xF1, 0xC0, 0x0F, 0x07, 0x80, 0x7C, 0xF8, 0x01, 0xFF,
    0x80, 0x07, 0xF8, 0x00, 0x1F, 0x80, 0x00, 0x78, 0x00, 0x00, 0x00, 0x00, 0xE1, 0xC0, 0x07, 0x8F,
    0x00, 0x3C, 0x78, 0x01, 0xC3, 0x80, 0x00, 0x00, 0x00, 0x00, 0x00, 0x00, 0x00, 0x03, 0xC0, 0x01,
    0xFE, 0x00, 0x0F, 0xF0, 0x00, 0x7F, 0x80, 0x03, 0xFC, 0x00, 0x1F, 0xE0, 0x00, 0xFF, 0x00, 0x07,
    0xF8, 0x00, 0x3F, 0xC0, 0x01, 0xFE, 0x00, 0x0F, 0xF0, 0x00, 0x7F, 0x80, 0x03, 0xFC, 0x00, 0x1F,
    0xE0, 0x00, 0xFF, 0x00, 0x07, 0xF8, 0x00, 0x3F, 0xC0, 0x01, 0xFE, 0x00, 0x0F, 0xF0, 0x00, 0x7F,
    0x80, 0x07, 0xFC, 0x00, 0x3D, 0xF0, 0x01, 0xE7, 0xC0, 0x1F, 0x3F, 0x83, 0xF0, 0xFF, 0xFF, 0x03,
    0xFF, 0xF0, 0x07, 0xFE, 0x00, 0x38, 0x0E, 0x1F, 0x0F, 0x07, 0xCF, 0x01, 0xFF, 0x00, 0x7F, 0x00,
    0x1F, 0x80, 0x07, 0x80, 0x00, 0x00, 0x0E, 0x1C, 0x0F, 0x1E, 0x07, 0x8F, 0x01, 0xC3, 0x80, 0x00,
    0x00, 0x00, 0x03, 0xC0, 0x1F, 0xE0, 0x0F, 0xF0, 0x07, 0xF8, 0x03, 0xFC, 0x01, 0xFE, 0x00, 0xFF,
    0x00, 0x7F, 0x80, 0x3F, 0xC0, 0x1F, 0xE0, 0x0F, 0xF0, 0x07, 0xF8, 0x03, 0xFC, 0x01, 0xFE, 0x00,
    0xFF, 0x00, 0x7F, 0x80, 0x7F, 0xE0, 0x3F, 0xF8, 0x7F, 0x7F, 0xFF, 0x9F, 0xFD, 0xC7, 0xF8, 0xE0,
    0x0F, 0x80, 0x00, 0x3E, 0x00, 0x00, 0xF8, 0x00, 0x03, 0xC0, 0x00, 0x0F, 0x00, 0x00, 0x3C, 0x00,
    0x00, 0x00, 0x00, 0xE1, 0xC0, 0x07, 0x8F, 0x00, 0x3C, 0x78, 0x01, 0xC3, 0x80, 0x00, 0x00, 0x00,
    0x00, 0x00, 0x00, 0x00, 0x03, 0xC0, 0x01, 0xFE, 0x00, 0x0F, 0xF0, 0x00, 0x7F, 0x80, 0x03, 0xFC,
    0x00, 0x1F, 0xE0, 0x00, 0xFF, 0x00, 0x07, 0xF8, 0x00, 0x3F, 0xC0, 0x01, 0xFE, 0x00, 0x0F, 0xF0,
    0x00, 0x7F, 0x80, 0x03, 0xFC, 0x00, 0x1F, 0xE0, 0x00, 0xFF, 0x00, 0x07, 0xF8, 0x00, 0x3F, 0xC0,
    0x01, 0xFE, 0x00, 0x0F, 0xF0, 0x00, 0x7F, 0x80, 0x07, 0xFC, 0x00, 0x3D, 0xF0, 0x01, 0xE7, 0xC0,
    0x1F, 0x3F, 0x83, 0xF0, 0xFF, 0xFF, 0x03, 0xFF, 0xF0, 0x07, 0xFE, 0x00, 0x1F, 0x00, 0x07, 0xC0,
    0x01, 0xE0, 0x00, 0x78, 0x00, 0x1E, 0x00, 0x07, 0x00, 0x00, 0x00, 0x1C, 0x38, 0x1E, 0x3C, 0x0F,
    0x1E, 0x03, 0x87, 0x00, 0x00, 0x00, 0x00, 0x07, 0x80, 0x3F, 0xC0, 0x1F, 0xE0, 0x0F, 0xF0, 0x07,
    0xF8, 0x03, 0xFC, 0x01, 0xFE, 0x00, 0xFF, 0x00, 0x7F, 0x80, 0x3F, 0xC0, 0x1F, 0xE0, 0x0F, 0xF0,
    0x07, 0xF8, 0x03, 0xFC, 0x01, 0xFE, 0x00, 0xFF, 0x00, 0xFF, 0xC0, 0x7F, 0xF0, 0xFE, 0xFF, 0xFF,
    0x3F, 0xFB, 0x8F, 0xF1, 0xC0, 0x3F, 0xF0, 0x3F, 0xFE, 0x1F, 0xFF, 0x8E, 0x0F, 0xE0, 0x01, 0xF0,
    0x00, 0x7C, 0x00, 0x1E, 0x00, 0x0F, 0x00, 0x07, 0x80, 0x03, 0xFF, 0xFF, 0xFF, 0xFF, 0xFF, 0xFF,
    0xFF, 0x80, 0x3F, 0xC0, 0x1F, 0xE0, 0x1F, 0x78, 0x0F, 0x3E, 0x1F, 0x8F, 0xFF, 0x83, 0xFF, 0x80,
    0xFF, 0x00, 0x01, 0xFF, 0xC0, 0x00, 0xFF, 0xE0, 0x00, 0x7F, 0xF0, 0x00, 0x00, 0x00, 0x00, 0x00,
    0x00, 0x00, 0x07, 0x0E, 0x00, 0x07, 0x8F, 0x00, 0x03, 0xC7, 0x80, 0x00, 0xE1, 0xC0, 0x00, 0x00,
    0x00, 0x00, 0x00, 0x00, 0x00, 0x00, 0x00, 0x00, 0x01, 0xE0, 0x00, 0x01, 0xF0, 0x00, 0x00, 0xFC,
    0x00, 0x00, 0x7E, 0x00, 0x00, 0x7F, 0x00, 0x00, 0x3F, 0xC0, 0x00, 0x3D, 0xE0, 0x00, 0x1E, 0x78,
    0x00, 0x0F, 0x3C, 0x00, 0x0F, 0x0E, 0x00, 0x07, 0x87, 0x80, 0x07, 0x83, 0xC0, 0x03, 0xC0, 0xE0,
    0x01, 0xE0, 0x78, 0x01, 0xE0, 0x3C, 0x00, 0xFF, 0xFF, 0x00, 0xFF, 0xFF, 0x80, 0x7F, 0xFF, 0xC0,
    0x3C, 0x00, 0xF0, 0x3C, 0x00, 0x78, 0x1E, 0x00, 0x3C, 0x1F, 0x00, 0x0F, 0x0F, 0x00, 0x07, 0x87,
    0x80, 0x03, 0xE7, 0x80, 0x00, 0xF3, 0xC0, 0x00, 0x7B, 0xE0, 0x00, 0x3E, 0x1F, 0xFC, 0x0F, 0xFE,
    0x07, 0xFF, 0x00, 0x00, 0x00, 0x00, 0x00, 0x00, 0x00, 0x38, 0x70, 0x3C, 0x78, 0x1E, 0x3C, 0x07,
    0x0E, 0x00, 0x00, 0x00, 0x00, 0x00, 0xFF, 0x81, 0xFF, 0xF0, 0xFF, 0xFC, 0x78, 0x3E, 0x00, 0x0F,
    0x80, 0x07, 0xC0, 0x01, 0xE0, 0x00, 0xF0, 0xFF, 0xF9, 0xFF, 0xFD, 0xFF, 0xFF, 0xFE, 0x0F, 0xF8,
    0x07, 0xF8, 0x03, 0xFC, 0x03, 0xFE, 0x01, 0xFF, 0x01, 0xFF, 0xC3, 0xFD, 0xFF, 0xFE, 0xFF, 0xEF,
    0x1F, 0xC7, 0x80, 0x01, 0xFF, 0xC0, 0x00, 0xFF, 0xE0, 0x00, 0x7F, 0xF0, 0x00, 0x00, 0x00, 0x00,
    0x00, 0x00, 0x00, 0x00, 0xE0, 0x00, 0x00, 0x78, 0x00, 0x00, 0x3C, 0x00, 0x00, 0x1C, 0x00, 0x00,
    0x00, 0x00, 0x00, 0x00, 0x00, 0x00, 0x00, 0x00, 0x00, 0x01, 0xE0, 0x00, 0x01, 0xF0, 0x00, 0x00,
    0xF8, 0x00, 0x00, 0x7E, 0x00, 0x00, 0x7F, 0x00, 0x00, 0x3B, 0xC0, 0x00, 0x3D, 0xE0, 0x00, 0x1E,
    0x70, 0x00, 0x0E, 0x3C, 0x00, 0x0F, 0x1E, 0x00, 0x07, 0x87, 0x00, 0x07, 0x83, 0xC0, 0x03, 0xC1,
    0xE0, 0x01, 0xE0, 0x78, 0x01, 0xE0, 0x3C, 0x00, 0xFF, 0xFE, 0x00, 0xFF, 0xFF, 0x80, 0x7F, 0xFF,
    0xC0, 0x38, 0x00, 0xF0, 0x3C, 0x00, 0x78, 0x1E, 0x00, 0x3C, 0x1E, 0x00, 0x0F, 0x0F, 0x00, 0x07,
    0x87, 0x80, 0x03, 0xC7, 0x80, 0x00, 0xF3, 0xC0, 0x00, 0x7B, 0xE0, 0x00, 0x3E, 0x1F, 0xFC, 0x0F,
    0xFE, 0x07, 0xFF, 0x00, 0x00, 0x00, 0x00, 0x00, 0x00, 0x00, 0x07, 0x00, 0x03, 0xC0, 0x01, 0xE0,
    0x00, 0xE0, 0x00, 0x00, 0x00, 0x00, 0x00, 0xFF, 0x81, 0xFF, 0xF0, 0xFF, 0xFC, 0x78, 0x3E, 0x00,
    0x0F, 0x80, 0x07, 0xC0, 0x01, 0xE0, 0x00, 0xF0, 0xFF, 0xF9, 0xFF, 0xFD, 0xFF, 0xFF, 0xFE, 0x0F,
    0xF8, 0x07, 0xF8, 0x03, 0xFC, 0x03, 0xFE, 0x01, 0xFF, 0x01, 0xFF, 0xC3, 0xFD, 0xFF, 0xFE, 0xFF,
    0xEF, 0x1F, 0xC7, 0x80, 0x00, 0x07, 0xFF, 0x00, 0x00, 0x0F, 0xFE, 0x00, 0x00, 0x1F, 0xFC, 0x00,
    0x00, 0x00, 0x00, 0x00, 0x00, 0x00, 0x00, 0x00, 0x00, 0x00, 0x00, 0x00, 0x03, 0xFF, 0xFF, 0x80,
    0x07, 0xFF, 0xFF, 0x00, 0x1F, 0xFF, 0xFE, 0x00, 0x3C, 0xF0, 0x00, 0x00, 0xF1, 0xE0, 0x00, 0x01,
    0xE3, 0xC0, 0x00, 0x07, 0x87, 0x80, 0x00, 0x0F, 0x0F, 0x00, 0x00, 0x3C, 0x1E, 0x00, 0x00, 0x78,
    0x3C, 0x00, 0x01, 0xF0, 0x78, 0x00, 0x03, 0xC0, 0xFF, 0xF8, 0x0F, 0x81, 0xFF, 0xF0, 0x1E, 0x03,
    0xFF, 0xE0, 0x3C, 0x07, 0x80, 0x00, 0xFF, 0xFF, 0x00, 0x01, 0xFF, 0xFE, 0x00, 0x07, 0xFF, 0xFC,
    0x00, 0x0F, 0x00, 0x78, 0x00, 0x3C, 0x00, 0xF0, 0x00, 0x78, 0x01, 0xE0, 0x01, 0xE0, 0x03, 0xC0,
    0x03, 0xC0, 0x07, 0x80, 0x0F, 0x80, 0x0F, 0x00, 0x1E, 0x00, 0x1F, 0xFF, 0xFC, 0x00, 0x3F, 0xFF,
    0xF0, 0x00, 0x7F, 0xFE, 0x00, 0x7F, 0xF0, 0x00, 0x03, 0xFF, 0x80, 0x00, 0x1F, 0xFC, 0x00, 0x00,
    0x00, 0x00, 0x00, 0x00, 0x00, 0x00, 0x00, 0x00, 0x00, 0x00, 0x3F, 0xE1, 0xFE, 0x07, 0xFF, 0x9F,
    0xF8, 0x3F, 0xFF, 0xFF, 0xE1, 0xE1, 0xFF, 0x0F, 0x80, 0x03, 0xF0, 0x3E, 0x00, 0x1F, 0x00, 0xF0,
    0x00, 0xF8, 0x07, 0x80, 0x07, 0x80, 0x3C, 0x3F, 0xFF, 0xFF, 0xE7, 0xFF, 0xFF, 0xFF, 0x7F, 0xFF,
    0xFF, 0xFF, 0xF8, 0x78, 0x00, 0x3E, 0x03, 0xC0, 0x01, 0xE0, 0x1F, 0x00, 0x0F, 0x00, 0xF8, 0x00,
    0x78, 0x07, 0xC0, 0x03, 0xC0, 0x7F, 0x00, 0x1F, 0x0F, 0xFE, 0x0F, 0x7F, 0xF9, 0xFF, 0xFB, 0xFF,
    0x87, 0xFF, 0x87, 0xF8, 0x0F, 0xF8, 0x00, 0xFF, 0xF0, 0x01, 0xFF, 0xFE, 0x01, 0xFF, 0xFF, 0x03,
    0xFC, 0x0F, 0x01, 0xF0, 0x00, 0x01, 0xF0, 0x00, 0x01, 0xF0, 0x00, 0x00, 0xF0, 0x00, 0x00, 0xF8,
    0x00, 0x00, 0x78, 0x00, 0x00, 0x3C, 0x00, 0x00, 0x1E, 0x00, 0x00, 0x0F, 0x00, 0x7F, 0xE7, 0x80,
    0x3F, 0xF3, 0xC0, 0x1F, 0xF9, 0xE0, 0x00, 0x3C, 0xF0, 0x00, 0x1E, 0x78, 0x00, 0x0F, 0x3E, 0x00,
    0xFF, 0xEF, 0x00, 0x7F, 0xF7, 0xC0, 0x3F, 0xFB, 0xE0, 0x00, 0xF0, 0xFC, 0x00, 0x78, 0x3F, 0x80,
    0xFC, 0x0F, 0xFF, 0xFE, 0x03, 0xFF, 0xFF, 0x00, 0x3F, 0xFC, 0x00, 0x0F, 0xF1, 0xC1, 0xFF, 0xDC,
    0x3F, 0xFF, 0xC7, 0xE1, 0xFC, 0x78, 0x07, 0xCF, 0x80, 0x7C, 0xF0, 0x03, 0xCF, 0x00, 0x3C, 0xF0,
    0x03, 0xCF, 0x00, 0x3C, 0xF0, 0x03, 0xCF, 0x00, 0x3C, 0xF0, 0x03, 0xCF, 0x00, 0x3C, 0xF8, 0x03,
    0xC7, 0x80, 0x7C, 0x7E, 0x1F, 0xC3, 0xFF, 0xFC, 0x1F, 0xFF, 0xC0, 0xFF, 0x3C, 0x00, 0x03, 0xC0,
    0x00, 0x3C, 0x00, 0xFF, 0xF0, 0x0F, 0xFF, 0x00, 0xFF, 0xF4, 0x00, 0x7C, 0x78, 0x1F, 0x87, 0xFF,
    0xF8, 0x7F, 0xFF, 0x01, 0xFF, 0xC0, 0x00, 0xC0, 0xE0, 0x00, 0xF9, 0xF8, 0x00, 0x3F, 0xF8, 0x00,
    0x0F, 0xF8, 0x00, 0x03, 0xF8, 0x00, 0x00, 0xF0, 0x00, 0x00, 0x00, 0x00, 0x00, 0x00, 0x00, 0x00,
    0x7F, 0xE0, 0x01, 0xFF, 0xFC, 0x01, 0xFF, 0xFF, 0x01, 0xFF, 0xFF, 0xC1, 0xFC, 0x07, 0xE1, 0xF8,
    0x00, 0xE1, 0xF8, 0x00, 0x30, 0xF8, 0x00, 0x00, 0xF8, 0x00, 0x00, 0x7C, 0x00, 0x00, 0x3E, 0x00,
    0x00, 0x1E, 0x00, 0x00, 0x0F, 0x00, 0x7F, 0xFF, 0x80, 0x3F, 0xFF, 0xC0, 0x1F, 0xFF, 0xF0, 0x0F,
    0xFF, 0xF8, 0x00, 0x07, 0xFE, 0x00, 0x03, 0xDF, 0x00, 0x03, 0xEF, 0xC0, 0x01, 0xE3, 0xF0, 0x01,
    0xF0, 0xFE, 0x03, 0xF0, 0x3F, 0xFF, 0xF0, 0x0F, 0xFF, 0xF0, 0x03, 0xFF, 0xF0, 0x00, 0x3F, 0xE0,
    0x00, 0x03, 0x02, 0x00, 0x78, 0xF0, 0x07, 0xFF, 0x00, 0x3F, 0xE0, 0x01, 0xFC, 0x00, 0x0F, 0x80,
    0x00, 0x00, 0x00, 0x00, 0x00, 0x00, 0x00, 0x00, 0x7F, 0x8F, 0x0F, 0xFE, 0xF1, 0xFF, 0xFF, 0x3F,
    0xFF, 0xF7, 0xE0, 0x7F, 0x7C, 0x03, 0xFF, 0x80, 0x1F, 0xF8, 0x01, 0xFF, 0x00, 0x0F, 0xF0, 0x00,
    0xFF, 0x00, 0x0F, 0xF0, 0x00, 0xFF, 0x80, 0x1F, 0xF8, 0x01, 0xF7, 0xC0, 0x3F, 0x7E, 0x07, 0xF3,
    0xFF, 0xFF, 0x1F, 0xFF, 0xF0, 0xFF, 0xEF, 0x07, 0xF8, 0xF0, 0x00, 0x0F, 0x00, 0x01, 0xF0, 0x00,
    0x1F, 0x1C, 0x07, 0xE1, 0xFF, 0xFE, 0x3F, 0xFF, 0xC1, 0xFF, 0xF8, 0x07, 0xFE, 0x00, 0x1C, 0x07,
    0x01, 0xE1, 0xF0, 0x0F, 0x3E, 0x00, 0xFF, 0xC0, 0x07, 0xF8, 0x00, 0x3F, 0x00, 0x01, 0xE0, 0x00,
    0x00, 0x00, 0x00, 0x00, 0x00, 0x00, 0x00, 0xF0, 0x03, 0xEF, 0x00, 0x7C, 0xF0, 0x07, 0x8F, 0x00,
    0xF8, 0xF0, 0x1F, 0x0F, 0x03, 0xE0, 0xF0, 0x7C, 0x0F, 0x0F, 0x80, 0xF1, 0xF0, 0x0F, 0x3E, 0x00,
    0xF7, 0xC0, 0x0F, 0x78, 0x00, 0xFF, 0xC0, 0x0F, 0xFC, 0x00, 0xFF, 0xE0, 0x0F, 0x9F, 0x00, 0xF1,
    0xF0, 0x0F, 0x0F, 0x80, 0xF0, 0x7C, 0x0F, 0x03, 0xE0, 0xF0, 0x3E, 0x0F, 0x01, 0xF0, 0xF0, 0x0F,
    0x8F, 0x00, 0x7C, 0xF0, 0x07, 0xCF, 0x00, 0x3E, 0xF0, 0x01, 0xF0, 0xF0, 0x38, 0x01, 0xE3, 0xE0,
    0x03, 0xDF, 0x00, 0x07, 0xF8, 0x00, 0x1F, 0xC0, 0x00, 0x3E, 0x00, 0x00, 0x00, 0x00, 0x00, 0x00,
    0x00, 0x00, 0x00, 0x00, 0x1E, 0x00, 0x00, 0x78, 0x00, 0x01, 0xE0, 0x00, 0x07, 0x80, 0x00, 0x1E,
    0x00, 0x00, 0x78, 0x00, 0x01, 0xE0, 0x00, 0x07, 0x80, 0x00, 0x1E, 0x03, 0xE0, 0x78, 0x1F, 0x01,
    0xE0, 0x78, 0x07, 0x83, 0xC0, 0x1E, 0x1F, 0x00, 0x78, 0xF8, 0x01, 0xE7, 0xC0, 0x07, 0xBE, 0x00,
    0x1F, 0xF0, 0x00, 0x7F, 0xC0, 0x01, 0xFF, 0x80, 0x07, 0xFE, 0x00, 0x1F, 0x7C, 0x00, 0x78, 0xF8,
    0x01, 0xE1, 0xE0, 0x07, 0x87, 0xC0, 0x1E, 0x0F, 0x80, 0x78, 0x1F, 0x01, 0xE0, 0x3C, 0x07, 0x80,
    0xF8, 0x1E, 0x01, 0xF0, 0x00, 0xFF, 0xC0, 0x00, 0xFF, 0xFC, 0x00, 0x7F, 0xFF, 0x80, 0x7F, 0xFF,
    0xF0, 0x1F, 0xC0, 0xFE, 0x0F, 0xC0, 0x0F, 0xC7, 0xE0, 0x01, 0xF9, 0xF0, 0x00, 0x3E, 0xF8, 0x00,
    0x07, 0xFE, 0x00, 0x01, 0xFF, 0x80, 0x00, 0x7F, 0xC0, 0x00, 0x0F, 0xF0, 0x00, 0x03, 0xFC, 0x00,
    0x00, 0xFF, 0x00, 0x00, 0x3F, 0xE0, 0x00, 0x1F, 0xF8, 0x00, 0x07, 0xFE, 0x00, 0x01, 0xF7, 0xC0,
    0x00, 0xF9, 0xF8, 0x00, 0x7E, 0x3F, 0x00, 0x3F, 0x07, 0xF0, 0x3F, 0x81, 0xFF, 0xFF, 0xC0, 0x1F,
    0xFF, 0xE0, 0x03, 0xFF, 0xF0, 0x00, 0x3F, 0xF8, 0x00, 0x00, 0x7C, 0x00, 0x00, 0x3E, 0x00, 0x00,
    0x0F, 0x00, 0x00, 0x03, 0xC0, 0x00, 0x00, 0xFB, 0x00, 0x00, 0x3F, 0xE0, 0x00, 0x0F, 0xF0, 0x00,
    0x01, 0xF8, 0x00, 0x03, 0xFC, 0x00, 0xFF, 0xF0, 0x1F, 0xFF, 0x83, 0xFF, 0xFC, 0x7E, 0x07, 0xE7,
    0xC0, 0x3E, 0xF8, 0x01, 0xFF, 0x80, 0x1F, 0xF0, 0x00, 0xFF, 0x00, 0x0F, 0xF0, 0x00, 0xFF, 0x00,
    0x0F, 0xF8, 0x01, 0xFF, 0x80, 0x1F, 0x7C, 0x03, 0xE7, 0xE0, 0x7E, 0x3F, 0xFF, 0xC1, 0xFF, 0xF8,
    0x0F, 0xFF, 0x00, 0x3F, 0xE0, 0x00, 0x7C, 0x00, 0x0F, 0x80, 0x00, 0xF0, 0x00, 0x0F, 0x00, 0x00,
    0xFB, 0x00, 0x0F, 0xF8, 0x00, 0x7F, 0x80, 0x07, 0xE0, 0x01, 0xFF, 0xC0, 0x00, 0xFF, 0xE0, 0x00,
    0x7F, 0xF0, 0x00, 0x00, 0x00, 0x00, 0x00, 0x00, 0x00, 0x00, 0x00, 0x00, 0x07, 0xFE, 0x00, 0x0F,
    0xFF, 0xC0, 0x0F, 0xFF, 0xF8, 0x0F, 0xE0, 0xFE, 0x0F, 0x80, 0x1F, 0x0F, 0x80, 0x07, 0xC7, 0x80,
    0x01, 0xE3, 0xC0, 0x00, 0x7B, 0xC0, 0x00, 0x3D, 0xE0, 0x00, 0x1E, 0xF0, 0x00, 0x0F, 0xF8, 0x00,
    0x03, 0xFC, 0x00, 0x01, 0xFE, 0x00, 0x00, 0xFF, 0x00, 0x00, 0x7F, 0x80, 0x00, 0x3F, 0xC0, 0x00,
    0x3F, 0xE0, 0x00, 0x1E, 0xF0, 0x00, 0x0F, 0x3C, 0x00, 0x07, 0x9E, 0x00, 0x07, 0x8F, 0x80, 0x07,
    0xC3, 0xE0, 0x07, 0xC0, 0xFE, 0x0F, 0xE0, 0x3F, 0xFF, 0xE0, 0x0F, 0xFF, 0xC0, 0x01, 0xFF, 0x80,
    0x00, 0x0F, 0x00, 0x00, 0x07, 0x00, 0x00, 0x07, 0x00, 0x00, 0x03, 0x80, 0x00, 0x01, 0xE0, 0x00,
    0x00, 0xFE, 0x00, 0x00, 0x7F, 0x00, 0x00, 0x1F, 0x80, 0x00, 0x0F, 0xFE, 0x01, 0xFF, 0xC0, 0x3F,
    0xF8, 0x00, 0x00, 0x00, 0x00, 0x00, 0x00, 0x00, 0x01, 0xFE, 0x00, 0xFF, 0xF0, 0x3F, 0xFF, 0x0F,
    0xC3, 0xF1, 0xF0, 0x1E, 0x7C, 0x01, 0xEF, 0x00, 0x3D, 0xE0, 0x07, 0xFC, 0x00, 0xFF, 0x80, 0x0F,
    0xF0, 0x01, 0xFE, 0x00, 0x3F, 0xC0, 0x0F, 0xF8, 0x01, 0xEF, 0x00, 0x3C, 0xF0, 0x07, 0x9F, 0x01,
    0xE1, 0xF0, 0xFC, 0x3F, 0xFF, 0x03, 0xFF, 0xC0, 0x1F, 0xE0, 0x00, 0x70, 0x00, 0x1C, 0x00, 0x07,
    0x80, 0x00, 0xE0, 0x00, 0x1E, 0x00, 0x03, 0xF8, 0x00, 0x7F, 0x00, 0x07, 0xE0, 0x00, 0x1C, 0x07,
    0x03, 0xC1, 0xE0, 0x3C, 0xF8, 0x03, 0xFE, 0x00, 0x3F, 0x80, 0x03, 0xE0, 0x00, 0x7C, 0x00, 0x00,
    0x00, 0x00, 0x00, 0x00, 0x00, 0x01, 0xFF, 0xFF, 0x3F, 0xFF, 0xE7, 0xFF, 0xFC, 0x00, 0x1F, 0x00,
    0x07, 0xC0, 0x01, 0xF0, 0x00, 0x7C, 0x00, 0x1F, 0x00, 0x07, 0xC0, 0x01, 0xF0, 0x00, 0x7C, 0x00,
    0x1F, 0xF8, 0x03, 0xFF, 0xC0, 0x7F, 0xFC, 0x00, 0x1F, 0xC0, 0x00, 0x7C, 0x00, 0x07, 0x80, 0x00,
    0xF0, 0x00, 0x1E, 0x00, 0x03, 0xC0, 0x00, 0x78, 0x00, 0x1F, 0xC0, 0x03, 0xDF, 0x03, 0xFB, 0xFF,
    0xFE, 0x7F, 0xFF, 0x83, 0xFF, 0xC0, 0x38, 0x0E, 0x0F, 0x87, 0x81, 0xF3, 0xC0, 0x3F, 0xE0, 0x07,
    0xF0, 0x00, 0xF8, 0x00, 0x1E, 0x00, 0x00, 0x00, 0x00, 0x00, 0x1F, 0xFF, 0xC7, 0xFF, 0xF1, 0xFF,
    0xFC, 0x00, 0x1F, 0x00, 0x07, 0x80, 0x03, 0xC0, 0x01, 0xE0, 0x00, 0xF0, 0x00, 0x78, 0x00, 0x3E,
    0x00, 0x1F, 0x00, 0x0F, 0x80, 0x03, 0xFC, 0x00, 0xFF, 0xC0, 0x3F, 0xF8, 0x00, 0x7F, 0x00, 0x03,
    0xE0, 0x00, 0x78, 0x00, 0x1F, 0x00, 0x07, 0xC0, 0x00, 0xF0, 0x00, 0x3C, 0x00, 0x1F, 0x00, 0x07,
    0x80, 0x01, 0xE8, 0x00, 0xFB, 0xC0, 0xFC, 0xFF, 0xFE, 0x3F, 0xFF, 0x03, 0xFF, 0x00, 0xE0, 0x39,
    0xE1, 0xE7, 0xCF, 0x0F, 0xF8, 0x1F, 0xC0, 0x3E, 0x00, 0x78, 0x00, 0x00, 0x00, 0x00, 0x1E, 0x00,
    0x78, 0x01, 0xE0, 0x07, 0x80, 0x1E, 0x00, 0x78, 0x01, 0xE0, 0x07, 0x80, 0x1E, 0x00, 0x78, 0x01,
    0xE0, 0x07, 0x80, 0x1E, 0x00, 0x78, 0x01, 0xE0, 0x07, 0x80, 0x1E, 0x00, 0x78, 0x01, 0xE0, 0x07,
    0x80, 0x1E, 0x00, 0x78, 0x01, 0xE0, 0x07, 0x80, 0x1E, 0x00, 0xF8, 0x03, 0xC0, 0xFF, 0x03, 0xF8,
    0x0F, 0xC0, 0x00, 0xFF, 0xFF, 0x00, 0x3F, 0xFF, 0xFF, 0xFF, 0xFE, 0x01, 0xFF, 0xFF, 0xFF, 0xFF,
    0xF8, 0x0F, 0xFF, 0xFF, 0xFF, 0xFF, 0xE0, 0x7F, 0xFF, 0xFF, 0x00, 0x3F, 0x80, 0x00, 0x3F, 0x78,
    0x00, 0x7C, 0x00, 0x01, 0xF3, 0xC0, 0x01, 0xF0, 0x00, 0x1F, 0x9E, 0x00, 0x0F, 0x80, 0x01, 0xF8,
    0xF0, 0x00, 0x3E, 0x00, 0x1F, 0x87, 0x80, 0x01, 0xF0, 0x00, 0xF8, 0x3C, 0x00, 0x0F, 0x80, 0x0F,
    0xC1, 0xE0, 0x00, 0x3C, 0x00, 0xFC, 0x0F, 0x00, 0x01, 0xE0, 0x0F, 0xC0, 0x78, 0x00, 0x0F, 0x00,
    0x7E, 0x03, 0xC0, 0x00, 0x78, 0x07, 0xE0, 0x1E, 0x00, 0x07, 0xC0, 0x7E, 0x00, 0xF0, 0x00, 0x3E,
    0x03, 0xE0, 0x07, 0x80, 0x01, 0xF0, 0x3F, 0x00, 0x3C, 0x00, 0x1F, 0x03, 0xF0, 0x01, 0xE0, 0x00,
    0xF8, 0x3F, 0x00, 0x0F, 0x00, 0x0F, 0x81, 0xF0, 0x00, 0x78, 0x01, 0xFC, 0x1F, 0x80, 0x03, 0xFF,
    0xFF, 0xC1, 0xFF, 0xFF, 0xFF, 0xFF, 0xFC, 0x0F, 0xFF, 0xFF, 0xFF, 0xFF, 0xC0, 0x7F, 0xFF, 0xFF,
    0xFF, 0xF8, 0x03, 0xFF, 0xFF, 0xC0, 0xFF, 0xFF, 0x00, 0x00, 0x00, 0xFF, 0xFF, 0xC0, 0x00, 0x00,
    0xFF, 0xFF, 0xE0, 0x00, 0x00, 0xFF, 0xFF, 0xF0, 0x00, 0x00, 0xF0, 0x03, 0xF8, 0x00, 0x00, 0xF0,
    0x00, 0xF8, 0x00, 0x00, 0xF0, 0x00, 0x7C, 0x3F, 0xFF, 0xF0, 0x00, 0x7C, 0x3F, 0xFF, 0xF0, 0x00,
    0x3E, 0x3F, 0xFF, 0xF0, 0x00, 0x3E, 0x3F, 0xFF, 0xF0, 0x00, 0x3E, 0x00, 0x3F, 0xF0, 0x00, 0x1E,
    0x00, 0x3E, 0xF0, 0x00, 0x1E, 0x00, 0x7C, 0xF0, 0x00, 0x1E, 0x00, 0xF8, 0xF0, 0x00, 0x1E, 0x01,
    0xF8, 0xF0, 0x00, 0x3E, 0x01, 0xF0, 0xF0, 0x00, 0x3E, 0x03, 0xE0, 0xF0, 0x00, 0x3E, 0x07, 0xC0,
    0xF0, 0x00, 0x7C, 0x07, 0xC0, 0xF0, 0x00, 0x7C, 0x0F, 0x80, 0xF0, 0x00, 0xF8, 0x1F, 0x00, 0xF0,
    0x03, 0xF8, 0x3F, 0x00, 0xFF, 0xFF, 0xF0, 0x3F, 0xFF, 0xFF, 0xFF, 0xE0, 0x3F, 0xFF, 0xFF, 0xFF,
    0xC0, 0x3F, 0xFF, 0xFF, 0xFF, 0x00, 0x3F, 0xFF, 0x00, 0x03, 0xC0, 0x00, 0x00, 0x00, 0x1E, 0x00,
    0x00, 0x00, 0x00, 0xF0, 0x00, 0x00, 0x00, 0x07, 0x80, 0x00, 0x00, 0x00, 0x3C, 0x00, 0x00, 0x00,
    0x01, 0xE0, 0x00, 0x00, 0x00, 0x0F, 0x00, 0x00, 0x00, 0x00, 0x78, 0x00, 0x00, 0x0F, 0xF3, 0xC1,
    0xFF, 0xF8, 0xFF, 0xFE, 0x0F, 0xFF, 0xCF, 0xFF, 0xF0, 0x7F, 0xFE, 0xFC, 0x3F, 0x80, 0x01, 0xF7,
    0xC0, 0x7C, 0x00, 0x0F, 0x7C, 0x03, 0xE0, 0x00, 0xFB, 0xC0, 0x0F, 0x00, 0x0F, 0x9E, 0x00, 0x78,
    0x00, 0xF8, 0xF0, 0x03, 0xC0, 0x07, 0x87, 0x80, 0x1E, 0x00, 0x7C, 0x3C, 0x00, 0xF0, 0x07, 0xC1,
    0xE0, 0x07, 0x80, 0x3C, 0x0F, 0x00, 0x3C, 0x03, 0xE0, 0x78, 0x01, 0xE0, 0x3E, 0x03, 0xC0, 0x0F,
    0x03, 0xE0, 0x1F, 0x00, 0xF8, 0x1F, 0x00, 0x78, 0x07, 0xC1, 0xF0, 0x03, 0xF0, 0xFE, 0x1F, 0x00,
    0x0F, 0xFF, 0xF0, 0xFF, 0xFE, 0x3F, 0xFB, 0x87, 0xFF, 0xF0, 0xFF, 0x1C, 0x3F, 0xFF, 0x80, 0x00,
    0x03, 0xE0, 0x00, 0x07, 0xC0, 0x00, 0x1F, 0x00, 0x00, 0x7C, 0x00, 0x00, 0xF0, 0x00, 0x03, 0xC0,
    0x00, 0x07, 0x00, 0x00, 0x00, 0x00, 0x00, 0x00, 0x00, 0x00, 0x00, 0x00, 0x03, 0xFF, 0xC0, 0x1F,
    0xFF, 0xE0, 0x7F, 0xFF, 0xC3, 0xFC, 0x0F, 0x0F, 0xC0, 0x00, 0x1F, 0x00, 0x00, 0x7C, 0x00, 0x00,
    0xF0, 0x00, 0x03, 0xE0, 0x00, 0x07, 0x80, 0x00, 0x0F, 0x00, 0x00, 0x1E, 0x00, 0x00, 0x3C, 0x01,
    0xFF, 0xF8, 0x03, 0xFF, 0xF0, 0x07, 0xFF, 0xE0, 0x00, 0x3F, 0xC0, 0x00, 0x7F, 0x80, 0x00, 0xFF,
    0x80, 0x01, 0xEF, 0x00, 0x03, 0xDF, 0x00, 0x07, 0x9F, 0x00, 0x0F, 0x3F, 0x00, 0x1E, 0x3F, 0x80,
    0xFC, 0x3F, 0xFF, 0xF8, 0x3F, 0xFF, 0xF0, 0x0F, 0xFF, 0x80, 0x00, 0x3E, 0x00, 0x0F, 0x80, 0x07,
    0xC0, 0x03, 0xE0, 0x00, 0xF0, 0x00, 0x78, 0x00, 0x1C, 0x00, 0x00, 0x00, 0x00, 0x00, 0x03, 0xFC,
    0x71, 0xFF, 0xDC, 0xFF, 0xFF, 0x7E, 0x1F, 0xDF, 0x01, 0xFF, 0x80, 0x7F, 0xC0, 0x0F, 0xF0, 0x03,
    0xFC, 0x00, 0xFF, 0x00, 0x3F, 0xC0, 0x0F, 0xF0, 0x03, 0xFC, 0x00, 0xFF, 0x00, 0x3F, 0xC0, 0x0F,
    0xF8, 0x07, 0xDE, 0x01, 0xF7, 0xE1, 0xFC, 0xFF, 0xFF, 0x1F, 0xFF, 0xC3, 0xFC, 0xF0, 0x00, 0x3C,
    0x00, 0x0F, 0x00, 0x03, 0xC0, 0x01, 0xF4, 0x00, 0x7D, 0xF0, 0x7E, 0x7F, 0xFF, 0x1F, 0xFF, 0x81,
    0xFF, 0xC0, 0xF0, 0x03, 0xC0, 0x0F, 0x00, 0x3C, 0x00, 0xF0, 0x03, 0xC0, 0x0F, 0x00, 0x3C, 0x00,
    0xF0, 0x03, 0xC0, 0x0F, 0x00, 0x3C, 0x00, 0xF0, 0x03, 0xC0, 0xFF, 0x00, 0x3C, 0x0F, 0xF0, 0x03,
    0xC0, 0xFF, 0x00, 0x3C, 0x0F, 0xF0, 0x03, 0xC0, 0xFF, 0xFF, 0xFC, 0x0F, 0xFF, 0xFF, 0xC0, 0xFF,
    0xFF, 0xFC, 0x0F, 0xF0, 0x03, 0xC0, 0xFF, 0x00, 0x3C, 0x0F, 0xF0, 0x03, 0xC0, 0xFF, 0x00, 0x3C,
    0x0F, 0xF0, 0x03, 0xC0, 0xFF, 0x00, 0x3C, 0x0F, 0xF0, 0x03, 0xC0, 0xFF, 0x00, 0x3C, 0x0F, 0xF0,
    0x01, 0xE0, 0xFF, 0x00, 0x1F, 0x1F, 0xF0, 0x01, 0xFF, 0xEF, 0x00, 0x0F, 0xFC, 0xF0, 0x00, 0x7F,
    0x80, 0xE1, 0xFE, 0x1C, 0xFF, 0xE3, 0xBF, 0xFE, 0x7F, 0x87, 0xEF, 0xC0, 0x3F, 0xF0, 0x03, 0xFE,
    0x00, 0x7F, 0x80, 0x0F, 0xF0, 0x01, 0xFE, 0x00, 0x3F, 0xC0, 0x07, 0xF8, 0x00, 0xFF, 0x00, 0x1F,
    0xE0, 0x07, 0xFC, 0x00, 0xF7, 0x80, 0x1E, 0xF0, 0x07, 0xDE, 0x01, 0xF3, 0xC0, 0x7C, 0x78, 0x1F,
    0x8F, 0x07, 0xE1, 0xE1, 0xF8, 0x3C, 0xFE, 0x07, 0xFF, 0x00, 0xFF, 0xC0, 0x1F, 0xE0, 0x03, 0xF0,
    0x00, 0x78, 0x00, 0x0F, 0x00, 0x01, 0xE0, 0x00, 0x3C, 0x00, 0x07, 0x80, 0x00, 0xF0, 0x00, 0x1E,
    0x00, 0x03, 0xC0, 0x00, 0x78, 0x00, 0x00, 0x03, 0xC0, 0x00, 0x0F, 0x80, 0x00, 0x1E, 0x00, 0x00,
    0x7C, 0x00, 0x00, 0xF0, 0x00, 0x01, 0xE0, 0x00, 0x03, 0xC0, 0x00, 0x00, 0x00, 0x00, 0x00, 0x00,
    0x00, 0x00, 0x0F, 0x80, 0x03, 0xFF, 0x00, 0x0F, 0xFC, 0x00, 0x3F, 0xF8, 0x00, 0xFF, 0xE0, 0x03,
    0xFF, 0xC0, 0x0F, 0xFF, 0x80, 0x3F, 0xDE, 0x00, 0xFF, 0x7C, 0x03, 0xFC, 0xF0, 0x0F, 0xF1, 0xE0,
    0x3F, 0xC7, 0xC0, 0xFF, 0x0F, 0x03, 0xFC, 0x3E, 0x0F, 0xF0, 0x78, 0x3F, 0xC0, 0xF0, 0xFF, 0x03,
    0xE3, 0xFC, 0x07, 0x8F, 0xF0, 0x0F, 0x3F, 0xC0, 0x3C, 0xFF, 0x00, 0x7B, 0xFC, 0x01, 0xFF, 0xF0,
    0x03, 0xFF, 0xC0, 0x07, 0xFF, 0x00, 0x1F, 0xFC, 0x00, 0x3F, 0xF0, 0x00, 0xFC, 0x1F, 0x00, 0x07,
    0x80, 0x03, 0xE0, 0x00, 0xF8, 0x00, 0x3C, 0x00, 0x0F, 0x00, 0x03, 0x80, 0x00, 0x00, 0x00, 0x00,
    0x71, 0xFE, 0x3B, 0xFF, 0x9F, 0xFF, 0xEF, 0xE1, 0xFF, 0xC0, 0x7F, 0xE0, 0x1F, 0xE0, 0x0F, 0xF0,
    0x07, 0xF8, 0x03, 0xFC, 0x01, 0xFE, 0x00, 0xFF, 0x00, 0x7F, 0x80, 0x3F, 0xC0, 0x1F, 0xE0, 0x0F,
    0xF0, 0x07, 0xF8, 0x03, 0xFC, 0x01, 0xFE, 0x00, 0xFF, 0x00, 0x7F, 0x80, 0x3C, 0x00, 0x00, 0x00,
    0x00, 0x00, 0xE0, 0x00, 0x00, 0x7C, 0x00, 0x00, 0x7F, 0x00, 0x00, 0x3F, 0xC0, 0x00, 0x1F, 0x80,
    0x00, 0x03, 0x80, 0x00, 0x00, 0x00, 0x00, 0x00, 0x3F, 0x00, 0x00, 0x1F, 0xE0, 0x00, 0x07, 0x38,
    0x00, 0x01, 0xC7, 0x00, 0x00, 0x73, 0x80, 0x00, 0x1F, 0xE0, 0x00, 0x03, 0xF8, 0x00, 0x00, 0xFC,
    0x00, 0x00, 0x3F, 0x00, 0x00, 0x0F, 0xE0, 0x00, 0x07, 0xF8, 0x00, 0x01, 0xFE, 0x00, 0x00, 0xFF,
    0xC0, 0x00, 0x3F, 0xF0, 0x00, 0x0F, 0x3E, 0x00, 0x07, 0xCF, 0x80, 0x01, 0xF3, 0xE0, 0x00, 0x78,
    0x7C, 0x00, 0x3E, 0x1F, 0x00, 0x0F, 0x87, 0xC0, 0x07, 0xC0, 0xF8, 0x01, 0xF0, 0x3E, 0x00, 0x78,
    0x07, 0xC0, 0x3F, 0xFF, 0xF0, 0x0F, 0xFF, 0xFC, 0x07, 0xFF, 0xFF, 0x81, 0xFF, 0xFF, 0xE0, 0x7C,
    0x00, 0xFC, 0x3E, 0x00, 0x1F, 0x0F, 0x80, 0x07, 0xC3, 0xC0, 0x00, 0xF9, 0xF0, 0x00, 0x3E, 0x7C,
    0x00, 0x0F, 0x80, 0x00, 0x10, 0x00, 0x03, 0x80, 0x00, 0x7C, 0x00, 0x0F, 0xC0, 0x03, 0xF8, 0x00,
    0x3E, 0x00, 0x01, 0x80, 0x00, 0x00, 0x00, 0x01, 0xF8, 0x00, 0x3F, 0xC0, 0x03, 0xFC, 0x00, 0x38,
    0xC0, 0x03, 0x8C, 0x00, 0x3F, 0xC0, 0x01, 0xFC, 0x00, 0x0F, 0x80, 0x00, 0x00, 0x00, 0x00, 0x00,
    0x00, 0x00, 0x00, 0x7F, 0x8F, 0x0F, 0xFE, 0xF1, 0xFF, 0xFF, 0x3F, 0xFF, 0xF7, 0xE0, 0x7F, 0x7C,
    0x03, 0xFF, 0x80, 0x1F, 0xF8, 0x01, 0xFF, 0x00, 0x1F, 0xF0, 0x00, 0xFF, 0x00, 0x0F, 0xF0, 0x01,
    0xFF, 0x80, 0x1F, 0xF8, 0x01, 0xF7, 0xC0, 0x3F, 0x7E, 0x07, 0xF3, 0xFF, 0xFF, 0x1F, 0xFF, 0xF0,
    0xFF, 0xEF, 0x07, 0xF8, 0xF0, 0x00, 0x00, 0x00, 0x00, 0x00, 0x00, 0x00, 0x0E, 0x00, 0x00, 0x00,
    0x07, 0x80, 0x00, 0x00, 0x07, 0xF0, 0x00, 0x00, 0x07, 0xFC, 0x00, 0x00, 0x01, 0xF8, 0x00, 0x00,
    0x00, 0x38, 0x00, 0x00, 0x00, 0x00, 0x00, 0x00, 0x00, 0x00, 0x00, 0x00, 0x00, 0x0F, 0xFF, 0xF0,
    0x00, 0x03, 0xFF, 0xFC, 0x00, 0x01, 0xFF, 0xFF, 0x00, 0x00, 0xFF, 0xFF, 0xC0, 0x00, 0x7F, 0x00,
    0x00, 0x00, 0x1F, 0xC0, 0x00, 0x00, 0x0F, 0xF0, 0x00, 0x00, 0x07, 0xFC, 0x00, 0x00, 0x01, 0xEF,
    0x00, 0x00, 0x00, 0xFB, 0xC0, 0x00, 0x00, 0x7C, 0xF0, 0x00, 0x00, 0x1E, 0x3F, 0xFF, 0x80, 0x0F,
    0x8F, 0xFF, 0xE0, 0x07, 0xC3, 0xFF, 0xF8, 0x03, 0xE0, 0xFF, 0xFE, 0x00, 0xF8, 0x3C, 0x00, 0x00,
    0x7C, 0x0F, 0x00, 0x00, 0x3F, 0xFF, 0xC0, 0x00, 0x0F, 0xFF, 0xF0, 0x00, 0x07, 0xFF, 0xFC, 0x00,
    0x03, 0xFF, 0xFF, 0x00, 0x01, 0xF0, 0x03, 0xC0, 0x00, 0x7C, 0x00, 0xFF, 0xFF, 0x3E, 0x00, 0x3F,
    0xFF, 0xDF, 0x00, 0x0F, 0xFF, 0xF7, 0xC0, 0x03, 0xFF, 0xFC, 0x00, 0x00, 0x00, 0x00, 0x00, 0x03,
    0x80, 0x00, 0x00, 0x0F, 0x80, 0x00, 0x00, 0x3F, 0x00, 0x00, 0x00, 0xFE, 0x00, 0x00, 0x03, 0xF0,
    0x00, 0x00, 0x07, 0x80, 0x00, 0x00, 0x04, 0x00, 0x00, 0x00, 0x00, 0x00, 0x00, 0x00, 0x00, 0x00,
    0x00, 0x3F, 0xE0, 0xFF, 0x01, 0xFF, 0xF7, 0xFF, 0x07, 0xFF, 0xFF, 0xFF, 0x9F, 0xFF, 0xFF, 0xFF,
    0x1F, 0x0F, 0xF8, 0x1F, 0x18, 0x0F, 0xE0, 0x1F, 0x00, 0x0F, 0x80, 0x3E, 0x0F, 0xFF, 0xFF, 0xFC,
    0x7F, 0xFF, 0xFF, 0xFB, 0xFF, 0xFF, 0xFF, 0xF7, 0xFF, 0xFF, 0xFF, 0xFF, 0xC1, 0xF0, 0x00, 0x3E,
    0x03, 0xE0, 0x00, 0x78, 0x07, 0xE0, 0x00, 0xF0, 0x1F, 0xC0, 0x09, 0xF0, 0x7F, 0xE0, 0x7B, 0xFF,
    0xFF, 0xFF, 0xFB, 0xFF, 0xCF, 0xFF, 0xF3, 0xFF, 0x0F, 0xFF, 0x83, 0xF8, 0x07, 0xFC, 0x00, 0x00,
    0x01, 0x80, 0x00, 0x01, 0xE0, 0x00, 0x01, 0xFC, 0x00, 0x00, 0xFF, 0x00, 0x00, 0x7F, 0x00, 0x00,
    0x1E, 0x00, 0x00, 0x02, 0x00, 0x00, 0x00, 0x00, 0x0C, 0x00, 0xFF, 0xC7, 0x80, 0xFF, 0xFF, 0xE0,
    0x7F, 0xFF, 0xF0, 0x7F, 0xFF, 0xF8, 0x3F, 0xC0, 0xFE, 0x0F, 0xC0, 0x1F, 0xC7, 0xE0, 0x0F, 0xF9,
    0xF0, 0x07, 0xFE, 0xF8, 0x01, 0xE7, 0xFE, 0x00, 0xF1, 0xFF, 0x80, 0x7C, 0x7F, 0xC0, 0x3E, 0x0F,
    0xF0, 0x1F, 0x03, 0xFC, 0x0F, 0x80, 0xFF, 0x03, 0xC0, 0x3F, 0xE1, 0xF0, 0x1F, 0xF8, 0xF8, 0x07,
    0xFE, 0x7C, 0x01, 0xF7, 0xFE, 0x00, 0xF9, 0xFF, 0x00, 0x7E, 0x3F, 0x80, 0x3F, 0x0F, 0xF0, 0x3F,
    0x81, 0xFF, 0xFF, 0xC0, 0xFF, 0xFF, 0xE0, 0x7F, 0xFF, 0xF0, 0x1E, 0x3F, 0xF0, 0x07, 0x80, 0x00,
    0x00, 0xC0, 0x00, 0x00, 0x00, 0x00, 0x00, 0x03, 0x00, 0x00, 0x78, 0x00, 0x0F, 0xC0, 0x01, 0xFC,
    0x00, 0x3F, 0x00, 0x03, 0xC0, 0x00, 0x10, 0x00, 0x00, 0x00, 0x00, 0x00, 0x00, 0x03, 0xFC, 0xE0,
    0xFF, 0xFF, 0x1F, 0xFF, 0xE3, 0xFF, 0xFC, 0x7E, 0x0F, 0xE7, 0xC1, 0xFE, 0xF8, 0x1F, 0xFF, 0x83,
    0xFF, 0xF0, 0x7C, 0xFF, 0x0F, 0x8F, 0xF1, 0xF0, 0xFF, 0x3E, 0x0F, 0xFF, 0xC1, 0xFF, 0xF8, 0x1F,
    0x7F, 0x83, 0xE7, 0xF0, 0x7E, 0x3F, 0xFF, 0xC7, 0xFF, 0xF8, 0xFF, 0xFF, 0x0F, 0x3F, 0xC0, 0x60,
    0x00, 0x00, 0x02, 0x06, 0x00, 0x01, 0xC3, 0xC0, 0x00, 0xF9, 0xF0, 0x00, 0x3F, 0x7E, 0x00, 0x07,
    0xE7, 0xC0, 0x00, 0x78, 0xF8, 0x00, 0x0E, 0x0C, 0x00, 0x00, 0x00, 0x00, 0x00, 0x00, 0x00, 0x00,
    0x07, 0xC0, 0x00, 0x03, 0xF0, 0x00, 0x00, 0xFE, 0x00, 0x00, 0x7F, 0x80, 0x00, 0x1F, 0xE0, 0x00,
    0x07, 0xFC, 0x00, 0x03, 0xFF, 0x00, 0x00, 0xF3, 0xE0, 0x00, 0x7C, 0xF8, 0x00, 0x1F, 0x3E, 0x00,
    0x07, 0x87, 0xC0, 0x03, 0xE1, 0xF0, 0x00, 0xF8, 0x7C, 0x00, 0x7C, 0x0F, 0x80, 0x1F, 0x03, 0xE0,
    0x07, 0x80, 0x7C, 0x03, 0xFF, 0xFF, 0x00, 0xFF, 0xFF, 0xC0, 0x7F, 0xFF, 0xF8, 0x1F, 0xFF, 0xFE,
    0x07, 0xC0, 0x07, 0xC3, 0xE0, 0x01, 0xF0, 0xF8, 0x00, 0x7C, 0x3C, 0x00, 0x0F, 0x9F, 0x00, 0x03,
    0xE7, 0xC0, 0x00, 0xFC, 0x00, 0x00, 0x03, 0x07, 0x00, 0x78, 0x78, 0x0F, 0xCF, 0xC0, 0x7F, 0xFE,
    0x01, 0xF3, 0xF0, 0x07, 0x0F, 0x00, 0x20, 0x20, 0x00, 0x00, 0x00, 0x00, 0x00, 0x07, 0xF8, 0xF0,
    0xFF, 0xEF, 0x1F, 0xFF, 0xF3, 0xFF, 0xFF, 0x7E, 0x07, 0xF7, 0xC0, 0x3F, 0xF8, 0x01, 0xFF, 0x80,
    0x1F, 0xF0, 0x01, 0xFF, 0x00, 0x0F, 0xF0, 0x00, 0xFF, 0x00, 0x1F, 0xF8, 0x01, 0xFF, 0x80, 0x1F,
    0x7C, 0x03, 0xF7, 0xE0, 0x7F, 0x3F, 0xFF, 0xF1, 0xFF, 0xFF, 0x0F, 0xFE, 0xF0, 0x7F, 0x8F, 0x00,
    0x1E, 0x00, 0x00, 0x1F, 0xE0, 0x00, 0x0F, 0xFC, 0x00, 0x03, 0xFF, 0x80, 0x01, 0xF3, 0xE0, 0x00,
    0x78, 0x78, 0x00, 0x04, 0x08, 0x00, 0x00, 0x00, 0x00, 0x00, 0x1F, 0x00, 0x00, 0x0F, 0xC0, 0x00,
    0x03, 0xF8, 0x00, 0x01, 0xFE, 0x00, 0x00, 0x7F, 0x80, 0x00, 0x1F, 0xF0, 0x00, 0x0F, 0xFC, 0x00,
    0x03, 0xCF, 0x80, 0x01, 0xF3, 0xE0, 0x00, 0x7C, 0xF8, 0x00, 0x1E, 0x1F, 0x00, 0x0F, 0x87, 0xC0,
    0x03, 0xE1, 0xF0, 0x01, 0xF0, 0x3E, 0x00, 0x7C, 0x0F, 0x80, 0x1E, 0x01, 0xF0, 0x0F, 0xFF, 0xFC,
    0x03, 0xFF, 0xFF, 0x01, 0xFF, 0xFF, 0xE0, 0x7F, 0xFF, 0xF8, 0x1F, 0x00, 0x1F, 0x0F, 0x80, 0x07,
    0xC3, 0xE0, 0x01, 0xF0, 0xF0, 0x00, 0x3E, 0x7C, 0x00, 0x0F, 0x9F, 0x00, 0x03, 0xF0, 0x01, 0xFC,
    0x00, 0x3F, 0xE0, 0x07, 0xFF, 0x00, 0x7F, 0xF0, 0x0F, 0x8F, 0x80, 0xF0, 0x78, 0x0F, 0x03, 0x80,
    0x00, 0x00, 0x00, 0x00, 0x00, 0x7F, 0x8F, 0x0F, 0xFE, 0xF1, 0xFF, 0xFF, 0x3F, 0xFF, 0xF7, 0xE0,
    0x7F, 0x7C, 0x03, 0xFF, 0x80, 0x1F, 0xF8, 0x01, 0xFF, 0x00, 0x1F, 0xF0, 0x00, 0xFF, 0x00, 0x0F,
    0xF0, 0x01, 0xFF, 0x80, 0x1F, 0xF8, 0x01, 0xF7, 0xC0, 0x3F, 0x7E, 0x07, 0xF3, 0xFF, 0xFF, 0x1F,
    0xFF, 0xF0, 0xFF, 0xEF, 0x07, 0xF8, 0xF0, 0x30, 0x60, 0x1C, 0x3C, 0x0F, 0x8F, 0x83, 0xF7, 0xF0,
    0x3E, 0x7E, 0x07, 0xC7, 0x80, 0x60, 0xE0, 0x00, 0x00, 0x00, 0x00, 0x1F, 0xFF, 0xF7, 0xFF, 0xFD,
    0xFF, 0xFF, 0x7F, 0xFF, 0xDE, 0x00, 0x07, 0x80, 0x01, 0xE0, 0x00, 0x78, 0x00, 0x1E, 0x00, 0x07,
    0x80, 0x01, 0xE0, 0x00, 0x7F, 0xFF, 0x1F, 0xFF, 0xC7, 0xFF, 0xF1, 0xFF, 0xFC, 0x78, 0x00, 0x1E,
    0x00, 0x07, 0x80, 0x01, 0xE0, 0x00, 0x78, 0x00, 0x1E, 0x00, 0x07, 0x80, 0x01, 0xFF, 0xFF, 0x7F,
    0xFF, 0xDF, 0xFF, 0xF7, 0xFF, 0xFC, 0x00, 0x00, 0x03, 0x83, 0x00, 0x3C, 0x78, 0x07, 0xEF, 0xC0,
    0x7F, 0x7F, 0x01, 0xF9, 0xF0, 0x07, 0x87, 0x00, 0x10, 0x20, 0x00, 0x00, 0x00, 0x00, 0x00, 0x01,
    0xFE, 0x00, 0x7F, 0xF8, 0x0F, 0xFF, 0xC1, 0xFF, 0xFE, 0x3F, 0x03, 0xE3, 0xE0, 0x1F, 0x7C, 0x00,
    0xF7, 0xFF, 0xFF, 0x7F, 0xFF, 0xF7, 0xFF, 0xFF, 0x7F, 0xFF, 0xF7, 0x80, 0x00, 0x7C, 0x00, 0x07,
    0xC0, 0x00, 0x3E, 0x00, 0xC3, 0xF8, 0x1E, 0x1F, 0xFF, 0xE0, 0xFF, 0xFE, 0x07, 0xFF, 0xC0, 0x1F,
    0xF0, 0x03, 0xE0, 0x03, 0xF8, 0x03, 0xFE, 0x03, 0xFF, 0x83, 0xF7, 0xE1, 0xE0, 0xF0, 0x20, 0x20,
    0x00, 0x00, 0xFF, 0xFF, 0xFF, 0xFF, 0xFF, 0xFF, 0xFF, 0xFF, 0xFF, 0x00, 0x07, 0x80, 0x03, 0xC0,
    0x01, 0xE0, 0x00, 0xF0, 0x00, 0x78, 0x00, 0x3C, 0x00, 0x1F, 0xFF, 0xCF, 0xFF, 0xE7, 0xFF, 0xF3,
    0xFF, 0xF9, 0xE0, 0x00, 0xF0, 0x00, 0x78, 0x00, 0x3C, 0x00, 0x1E, 0x00, 0x0F, 0x00, 0x07, 0x80,
    0x03, 0xFF, 0xFF, 0xFF, 0xFF, 0xFF, 0xFF, 0xFF, 0xFF, 0xC0, 0x01, 0xF8, 0x00, 0x7F, 0x80, 0x1F,
    0xF8, 0x03, 0xFF, 0x80, 0xF8, 0xF0, 0x1E, 0x1E, 0x03, 0x81, 0xC0, 0x00, 0x00, 0x00, 0x00, 0x00,
    0x7F, 0x80, 0x3F, 0xFC, 0x0F, 0xFF, 0xC3, 0xFF, 0xFC, 0xFC, 0x0F, 0x9F, 0x00, 0xFF, 0xC0, 0x0F,
    0xFF, 0xFF, 0xFF, 0xFF, 0xFF, 0xFF, 0xFF, 0xFF, 0xFF, 0xFF, 0x00, 0x01, 0xF0, 0x00, 0x3E, 0x00,
    0x03, 0xE0, 0x0C, 0x7F, 0x03, 0xC7, 0xFF, 0xF8, 0x7F, 0xFF, 0x07, 0xFF, 0xC0, 0x3F, 0xE0, 0x10,
    0x30, 0x1C, 0x3C, 0x1F, 0x3F, 0x0F, 0xDF, 0xC3, 0xF3, 0xF0, 0x78, 0xF8, 0x1C, 0x1C, 0x00, 0x00,
    0x00, 0x00, 0x07, 0xFF, 0xC3, 0xFF, 0xE1, 0xFF, 0xF0, 0xFF, 0xF8, 0x07, 0x80, 0x03, 0xC0, 0x01,
    0xE0, 0x00, 0xF0, 0x00, 0x78, 0x00, 0x3C, 0x00, 0x1E, 0x00, 0x0F, 0x00, 0x07, 0x80, 0x03, 0xC0,
    0x01, 0xE0, 0x00, 0xF0, 0x00, 0x78, 0x00, 0x3C, 0x00, 0x1E, 0x00, 0x0F, 0x00, 0x07, 0x80, 0x03,
    0xC0, 0x1F, 0xFF, 0x0F, 0xFF, 0x87, 0xFF, 0xC3, 0xFF, 0xE0, 0x10, 0x20, 0x1C, 0x38, 0x1F, 0x1F,
    0x0F, 0xDF, 0xC3, 0xF7, 0xF0, 0x7C, 0xF8, 0x0C, 0x1C, 0x00, 0x00, 0x00, 0x00, 0x00, 0x00, 0x00,
    0x1E, 0x00, 0x0F, 0x00, 0x07, 0x80, 0x03, 0xC0, 0x01, 0xE0, 0x00, 0xF0, 0x00, 0x78, 0x00, 0x3C,
    0x00, 0x1E, 0x00, 0x0F, 0x00, 0x07, 0x80, 0x03, 0xC0, 0x01, 0xE0, 0x00, 0xF0, 0x00, 0x78, 0x00,
    0x3C, 0x00, 0x1E, 0x00, 0x0F, 0x00, 0x07, 0x80, 0x03, 0xC0, 0x0F, 0x80, 0xFE, 0x0F, 0xF8, 0xFF,
    0xEF, 0x9F, 0xF8, 0x3C, 0x80, 0x00, 0x00, 0xFF, 0xFF, 0xFF, 0xFF, 0xFF, 0xFF, 0xF0, 0xF0, 0x07,
    0x80, 0x3C, 0x01, 0xE0, 0x0F, 0x00, 0x78, 0x03, 0xC0, 0x1E, 0x00, 0xF0, 0x07, 0x80, 0x3C, 0x01,
    0xE0, 0x0F, 0x00, 0x78, 0x03, 0xC0, 0x1E, 0x00, 0xF0, 0x07, 0x83, 0xFF, 0xFF, 0xFF, 0xFF, 0xFF,
    0xFF, 0xC0, 0x0F, 0xC0, 0xFF, 0x0F, 0xFC, 0xFF, 0xF7, 0x87, 0xB8, 0x3D, 0xC0, 0xC0, 0x00, 0x00,
    0x00, 0x3C, 0x01, 0xE0, 0x0F, 0x00, 0x78, 0x03, 0xC0, 0x1E, 0x00, 0xF0, 0x07, 0x80, 0x3C, 0x01,
    0xE0, 0x0F, 0x00, 0x78, 0x03, 0xC0, 0x1E, 0x00, 0xF0, 0x07, 0x80, 0x3C, 0x01, 0xE0, 0x0F, 0x00,
    0x78, 0x00, 0x00, 0x04, 0x00, 0x01, 0x83, 0x80, 0x00, 0xF1, 0xF0, 0x00, 0x7E, 0x7E, 0x00, 0x0F,
    0xCF, 0xC0, 0x00, 0xF9, 0xF8, 0x00, 0x1E, 0x1E, 0x00, 0x01, 0x01, 0x00, 0x00, 0x00, 0x00, 0x00,
    0x3F, 0xF0, 0x00, 0x3F, 0xFF, 0x00, 0x1F, 0xFF, 0xE0, 0x1F, 0xFF, 0xFC, 0x07, 0xF0, 0x3F, 0x83,
    0xF0, 0x03, 0xF1, 0xF8, 0x00, 0x7E, 0x7C, 0x00, 0x0F, 0xBE, 0x00, 0x01, 0xFF, 0x80, 0x00, 0x7F,
    0xE0, 0x00, 0x1F, 0xF0, 0x00, 0x03, 0xFC, 0x00, 0x00, 0xFF, 0x00, 0x00, 0x3F, 0xC0, 0x00, 0x0F,
    0xF8, 0x00, 0x07, 0xFE, 0x00, 0x01, 0xFF, 0x80, 0x00, 0x7D, 0xF0, 0x00, 0x3E, 0x7E, 0x00, 0x1F,
    0x8F, 0xC0, 0x0F, 0xC1, 0xFC, 0x0F, 0xE0, 0x7F, 0xFF, 0xF0, 0x07, 0xFF, 0xF8, 0x00, 0xFF, 0xFC,
    0x00, 0x0F, 0xFC, 0x00, 0x00, 0x00, 0x01, 0xC1, 0x80, 0x0F, 0x1E, 0x00, 0xFD, 0xF8, 0x07, 0xF7,
    0xF0, 0x0F, 0xCF, 0x80, 0x1C, 0x1C, 0x00, 0x20, 0x40, 0x00, 0x00, 0x00, 0x00, 0x00, 0x00, 0x7F,
    0x80, 0x0F, 0xFF, 0x00, 0xFF, 0xFC, 0x0F, 0xFF, 0xF0, 0xFC, 0x0F, 0xC7, 0xC0, 0x3E, 0x7C, 0x00,
    0xFB, 0xE0, 0x07, 0xDE, 0x00, 0x1E, 0xF0, 0x00, 0xF7, 0x80, 0x07, 0xBC, 0x00, 0x3D, 0xF0, 0x03,
    0xEF, 0x80, 0x1F, 0x3E, 0x01, 0xF1, 0xF8, 0x1F, 0x87, 0xFF, 0xF8, 0x1F, 0xFF, 0x80, 0x7F, 0xF8,
    0x00, 0xFF, 0x00, 0x00, 0x3F, 0x00, 0x00, 0x1F, 0xE0, 0x00, 0x0F, 0xFC, 0x00, 0x07, 0xFF, 0x80,
    0x01, 0xE1, 0xE0, 0x00, 0xF0, 0x38, 0x00, 0x00, 0x08, 0x00, 0x00, 0x00, 0x00, 0x00, 0xFF, 0xC0,
    0x00, 0xFF, 0xFC, 0x00, 0x7F, 0xFF, 0x80, 0x7F, 0xFF, 0xF0, 0x1F, 0xC0, 0xFE, 0x0F, 0xC0, 0x0F,
    0xC7, 0xE0, 0x01, 0xF9, 0xF0, 0x00, 0x3E, 0xF8, 0x00, 0x07, 0xFE, 0x00, 0x01, 0xFF, 0x80, 0x00,
    0x7F, 0xC0, 0x00, 0x0F, 0xF0, 0x00, 0x03, 0xFC, 0x00, 0x00, 0xFF, 0x00, 0x00, 0x3F, 0xE0, 0x00,
    0x1F, 0xF8, 0x00, 0x07, 0xFE, 0x00, 0x01, 0xF7, 0xC0, 0x00, 0xF9, 0xF8, 0x00, 0x7E, 0x3F, 0x00,
    0x3F, 0x07, 0xF0, 0x3F, 0x81, 0xFF, 0xFF, 0xC0, 0x1F, 0xFF, 0xE0, 0x03, 0xFF, 0xF0, 0x00, 0x3F,
    0xF0, 0x00, 0x01, 0xF8, 0x00, 0x3F, 0xC0, 0x07, 0xFE, 0x00, 0xFF, 0xF0, 0x0F, 0x0F, 0x00, 0xF0,
    0xF0, 0x0E, 0x07, 0x00, 0x00, 0x00, 0x00, 0x00, 0x00, 0x3F, 0xC0, 0x0F, 0xFF, 0x01, 0xFF, 0xF8,
    0x3F, 0xFF, 0xC7, 0xE0, 0x7E, 0x7C, 0x03, 0xEF, 0x80, 0x1F, 0xF8, 0x01, 0xFF, 0x00, 0x0F, 0xF0,
    0x00, 0xFF, 0x00, 0x0F, 0xF0, 0x00, 0xFF, 0x80, 0x1F, 0xF8, 0x01, 0xF7, 0xC0, 0x3E, 0x7E, 0x07,
    0xE3, 0xFF, 0xFC, 0x1F, 0xFF, 0x80, 0xFF, 0xF0, 0x03, 0xFC, 0x00, 0x10, 0x20, 0x00, 0x70, 0xE0,
    0x01, 0xF3, 0xE0, 0x03, 0xF7, 0xE0, 0x03, 0xF3, 0xE0, 0x01, 0xE3, 0xE0, 0x01, 0xC1, 0x80, 0x00,
    0x00, 0x00, 0x00, 0x00, 0x00, 0x7F, 0xFF, 0x00, 0xFF, 0xFF, 0x01, 0xFF, 0xFF, 0x03, 0xFF, 0xFF,
    0x07, 0x80, 0x3F, 0x0F, 0x00, 0x3E, 0x1E, 0x00, 0x7C, 0x3C, 0x00, 0x78, 0x78, 0x00, 0xF0, 0xF0,
    0x01, 0xE1, 0xE0, 0x07, 0xC3, 0xC0, 0x1F, 0x87, 0xFF, 0xFE, 0x0F, 0xFF, 0xF8, 0x1F, 0xFF, 0xE0,
    0x3F, 0xFF, 0x80, 0x78, 0x1F, 0x00, 0xF0, 0x3F, 0x01, 0xE0, 0x3E, 0x03, 0xC0, 0x7E, 0x07, 0x80,
    0x7C, 0x0F, 0x00, 0xFC, 0x1E, 0x00, 0xF8, 0x3C, 0x00, 0xF8, 0x78, 0x01, 0xF8, 0xF0, 0x01, 0xF0,
    0x00, 0x00, 0x18, 0x30, 0x1E, 0x3E, 0x1F, 0x9F, 0x87, 0xEF, 0xE0, 0xF9, 0xF8, 0x3C, 0x38, 0x04,
    0x04, 0x00, 0x00, 0x00, 0x00, 0x03, 0xC7, 0xC1, 0xEF, 0xE0, 0xFF, 0xF0, 0x7F, 0xF8, 0x3F, 0x80,
    0x1F, 0x80, 0x0F, 0x80, 0x07, 0x80, 0x03, 0xC0, 0x01, 0xE0, 0x00, 0xF0, 0x00, 0x78, 0x00, 0x3C,
    0x00, 0x1E, 0x00, 0x0F, 0x00, 0x07, 0x80, 0x03, 0xC0, 0x01, 0xE0, 0x00, 0xF0, 0x00, 0x78, 0x00,
    0x03, 0xC0, 0x00, 0x7F, 0x80, 0x07, 0xFE, 0x00, 0x3F, 0xF8, 0x03, 0xE7, 0xC0, 0x1E, 0x1E, 0x00,
    0x20, 0x40, 0x00, 0x00, 0x00, 0xFF, 0xFE, 0x07, 0xFF, 0xF8, 0x3F, 0xFF, 0xE1, 0xFF, 0xFF, 0x8F,
    0x00, 0x7E, 0x78, 0x01, 0xF3, 0xC0, 0x0F, 0x9E, 0x00, 0x3C, 0xF0, 0x01, 0xE7, 0x80, 0x0F, 0x3C,
    0x00, 0xF9, 0xE0, 0x0F, 0xCF, 0xFF, 0xFC, 0x7F, 0xFF, 0xC3, 0xFF, 0xFC, 0x1F, 0xFF, 0xC0, 0xF0,
    0x3E, 0x07, 0x81, 0xF8, 0x3C, 0x07, 0xC1, 0xE0, 0x3F, 0x0F, 0x00, 0xF8, 0x78, 0x07, 0xE3, 0xC0,
    0x1F, 0x1E, 0x00, 0x7C, 0xF0, 0x03, 0xF7, 0x80, 0x0F, 0x80, 0x1F, 0x81, 0xFF, 0x1F, 0xF8, 0xFF,
    0xEF, 0x8F, 0x78, 0x3F, 0xC1, 0xC0, 0x00, 0x00, 0x07, 0x8F, 0xBD, 0xFD, 0xFF, 0xEF, 0xFF, 0x7F,
    0x03, 0xF0, 0x1F, 0x00, 0xF0, 0x07, 0x80, 0x3C, 0x01, 0xE0, 0x0F, 0x00, 0x78, 0x03, 0xC0, 0x1E,
    0x00, 0xF0, 0x07, 0x80, 0x3C, 0x01, 0xE0, 0x0F, 0x00, 0x00, 0x10, 0x30, 0x01, 0xC3, 0xC0, 0x1F,
    0x3F, 0x00, 0xFD, 0xFC, 0x03, 0xF3, 0xF0, 0x07, 0xCF, 0x80, 0x1C, 0x1C, 0x00, 0x00, 0x00, 0x00,
    0x00, 0x07, 0x80, 0x03, 0xFC, 0x00, 0x1F, 0xE0, 0x00, 0xFF, 0x00, 0x07, 0xF8, 0x00, 0x3F, 0xC0,
    0x01, 0xFE, 0x00, 0x0F, 0xF0, 0x00, 0x7F, 0x80, 0x03, 0xFC, 0x00, 0x1F, 0xE0, 0x00, 0xFF, 0x00,
    0x07, 0xF8, 0x00, 0x3F, 0xC0, 0x01, 0xFE, 0x00, 0x0F, 0xF0, 0x00, 0x7F, 0x80, 0x03, 0xFE, 0x00,
    0x3F, 0xF0, 0x01, 0xFF, 0x80, 0x0F, 0xBE, 0x00, 0xF9, 0xFC, 0x1F, 0xC7, 0xFF, 0xFC, 0x1F, 0xFF,
    0xC0, 0x7F, 0xFC, 0x00, 0xFF, 0x80, 0x30, 0x20, 0x07, 0x0E, 0x01, 0xF3, 0xE0, 0x7F, 0x7E, 0x03,
    0xF7, 0xE0, 0x1E, 0x3E, 0x01, 0xC1, 0x80, 0x00, 0x00, 0x00, 0x00, 0x00, 0x00, 0x00, 0xF0, 0x07,
    0x9E, 0x00, 0xF3, 0xC0, 0x1E, 0x78, 0x03, 0xCF, 0x00, 0x79, 0xE0, 0x0F, 0x3C, 0x01, 0xE7, 0x80,
    0x3C, 0xF0, 0x07, 0x9E, 0x00, 0xF3, 0xC0, 0x1E, 0x78, 0x03, 0xCF, 0x00, 0x79, 0xF0, 0x1F, 0x3E,
    0x03, 0xE7, 0xE0, 0xFC, 0x7F, 0xFF, 0x8F, 0xFF, 0xF0, 0xFF, 0xDE, 0x0F, 0xE3, 0xC0, 0x01, 0xF8,
    0x00, 0x1F, 0xF0, 0x01, 0xFF, 0xC0, 0x0F, 0xFE, 0x00, 0xF8, 0xF8, 0x07, 0x83, 0xC0, 0x00, 0x00,
    0x00, 0x00, 0x00, 0xF0, 0x00, 0x7F, 0x80, 0x03, 0xFC, 0x00, 0x1F, 0xE0, 0x00, 0xFF, 0x00, 0x07,
    0xF8, 0x00, 0x3F, 0xC0, 0x01, 0xFE, 0x00, 0x0F, 0xF0, 0x00, 0x7F, 0x80, 0x03, 0xFC, 0x00, 0x1F,
    0xE0, 0x00, 0xFF, 0x00, 0x07, 0xF8, 0x00, 0x3F, 0xC0, 0x01, 0xFE, 0x00, 0x0F, 0xF0, 0x00, 0x7F,
    0xC0, 0x07, 0xFE, 0x00, 0x3F, 0xF0, 0x01, 0xF7, 0xC0, 0x1F, 0x3F, 0x83, 0xF8, 0xFF, 0xFF, 0x83,
    0xFF, 0xF8, 0x0F, 0xFF, 0x80, 0x1F, 0xF0, 0x00, 0x07, 0xF0, 0x07, 0xFC, 0x03, 0xFE, 0x03, 0xFF,
    0x81, 0xE3, 0xC1, 0xE0, 0xF0, 0x70, 0x70, 0x00, 0x00, 0x00, 0x00, 0x78, 0x03, 0xFC, 0x01, 0xFE,
    0x00, 0xFF, 0x00, 0x7F, 0x80, 0x3F, 0xC0, 0x1F, 0xE0, 0x0F, 0xF0, 0x07, 0xF8, 0x03, 0xFC, 0x01,
    0xFE, 0x00, 0xFF, 0x00, 0x7F, 0x80, 0x3F, 0xE0, 0x3F, 0xF0, 0x1F, 0xFC, 0x1F, 0xBF, 0xFF, 0xDF,
    0xFF, 0xE7, 0xFE, 0xF1, 0xFC, 0x78, 0x03, 0xFF, 0x00, 0x7F, 0xFC, 0x0F, 0xFF, 0xE1, 0xFF, 0xFF,
    0x3F, 0x03, 0xF3, 0xE0, 0x1E, 0x3C, 0x00, 0xC3, 0xC0, 0x00, 0x3E, 0x00, 0x03, 0xF0, 0x00, 0x3F,
    0xE0, 0x01, 0xFF, 0xC0, 0x0F, 0xFF, 0x80, 0x7F, 0xFC, 0x00, 0xFF, 0xE0, 0x00, 0xFF, 0x00, 0x03,
    0xF0, 0x00, 0x1F, 0x30, 0x00, 0xF3, 0x80, 0x0F, 0x7C, 0x01, 0xF7, 0xF0, 0x3F, 0x7F, 0xFF, 0xE3,
    0xFF, 0xFC, 0x0F, 0xFF, 0x80, 0x3F, 0xE0, 0x00, 0x00, 0x00, 0x03, 0x80, 0x00, 0x7C, 0x00, 0x07,
    0xC0, 0x00, 0x7C, 0x00, 0x03, 0xC0, 0x00, 0x3C, 0x00, 0x07, 0x80, 0x00, 0x60, 0x00, 0x0F, 0xF0,
    0x1F, 0xFC, 0x3F, 0xFE, 0x7F, 0xFF, 0x7C, 0x1E, 0x78, 0x04, 0x7C, 0x00, 0x7E, 0x00, 0x3F, 0xE0,
    0x1F, 0xF8, 0x0F, 0xFE, 0x01, 0xFF, 0x00, 0x3F, 0x00, 0x0F, 0x30, 0x0F, 0x7C, 0x1F, 0xFF, 0xFF,
    0x7F, 0xFE, 0x3F, 0xFC, 0x0F, 0xF8, 0x00, 0x00, 0x01, 0xC0, 0x03, 0xE0, 0x03, 0xE0, 0x03, 0xE0,
    0x01, 0xE0, 0x01, 0xE0, 0x03, 0xC0, 0x03, 0x00, 0xFF, 0xFF, 0xFF, 0xFF, 0xFF, 0xFF, 0xFF, 0xFF,
    0xFF, 0xF0, 0x1E, 0x00, 0x03, 0xC0, 0x00, 0x78, 0x00, 0x0F, 0x00, 0x01, 0xE0, 0x00, 0x3C, 0x00,
    0x07, 0x80, 0x00, 0xF0, 0x00, 0x1E, 0x00, 0x03, 0xC0, 0x00, 0x78, 0x00, 0x0F, 0x00, 0x01, 0xE0,
    0x00, 0x3C, 0x00, 0x07, 0x80, 0x00, 0xF0, 0x00, 0x1E, 0x00, 0x03, 0xC0, 0x00, 0x78, 0x00, 0x0F,
    0x00, 0x01, 0xE0, 0x00, 0x3C, 0x00, 0x00, 0x00, 0x00, 0x70, 0x00, 0x1F, 0x00, 0x03, 0xE0, 0x00,
    0x7C, 0x00, 0x07, 0x80, 0x01, 0xF0, 0x00, 0x3C, 0x00, 0x06, 0x00, 0x00, 0x0F, 0x00, 0x78, 0x03,
    0xC0, 0x1E, 0x00, 0xF0, 0x7F, 0xFF, 0xFF, 0xFF, 0xFF, 0xFF, 0xF8, 0x78, 0x03, 0xC0, 0x1E, 0x00,
    0xF0, 0x07, 0x80, 0x3C, 0x01, 0xE0, 0x0F, 0x00, 0x78, 0x03, 0xC0, 0x1E, 0x00, 0xF0, 0x07, 0x80,
    0x3C, 0x01, 0xE0, 0x0F, 0x00, 0x00, 0x01, 0xC0, 0x1F, 0x00, 0xF8, 0x07, 0xC0, 0x1E, 0x01, 0xF0,
    0x0F, 0x00, 0x60, 0x00, 0x07, 0xFE, 0x07, 0xFF, 0xE1, 0xFF, 0xFE, 0x3F, 0x07, 0xE3, 0x00, 0x3C,
    0x00, 0x07, 0xC0, 0x00, 0x78, 0x00, 0x0F, 0x00, 0x03, 0xE0, 0x00, 0x78, 0x00, 0x1F, 0x00, 0x0F,
    0xC0, 0x0F, 0xF0, 0x0F, 0xFC, 0x01, 0xFF, 0xC0, 0x3E, 0x7E, 0x06, 0x07, 0xC0, 0x00, 0x7C, 0x00,
    0x07, 0x80, 0x00, 0xF0, 0x00, 0x1E, 0x00, 0x03, 0xC0, 0x00, 0x78, 0x00, 0x0F, 0x00, 0x03, 0xE0,
    0x00, 0xF8, 0x00, 0x3F, 0x00, 0x0F, 0xC0, 0x07, 0xF0, 0x07, 0xFC, 0x07, 0xFF, 0x03, 0xFF, 0x80,
    0x7F, 0x80, 0x0F, 0xC0, 0x01, 0x80, 0x00, 0x00, 0x1F, 0xF0, 0x7F, 0xFC, 0x7F, 0xFE, 0x78, 0x3E,
    0x20, 0x1F, 0x00, 0x0F, 0x00, 0x0F, 0x00, 0x1F, 0x00, 0x1E, 0x00, 0x3E, 0x00, 0x7C, 0x03, 0xF8,
    0x0F, 0xF8, 0x0F, 0xFE, 0x0F, 0x3E, 0x00, 0x1F, 0x00, 0x0F, 0x00, 0x0F, 0x00, 0x0F, 0x00, 0x0F,
    0x00, 0x0F, 0x00, 0x1F, 0x00, 0x1F, 0x00, 0x7E, 0x00, 0xFC, 0x07, 0xF8, 0x3F, 0xF0, 0xFF, 0xC0,
    0xFF, 0x00, 0xF8, 0x00, 0x80, 0x00, 0x0E, 0x03, 0x80, 0x78, 0x7C, 0x01, 0xE7, 0xC0, 0x07, 0xFC,
    0x00, 0x3F, 0xC0, 0x00, 0xFC, 0x00, 0x03, 0xE0, 0x00, 0x00, 0x00, 0x00, 0x00, 0x00, 0x00, 0x00,
    0x3C, 0x00, 0x1F, 0xE0, 0x00, 0xFF, 0x00, 0x07, 0xF8, 0x00, 0x3F, 0xC0, 0x01, 0xFE, 0x00, 0x0F,
    0xF0, 0x00, 0x7F, 0x80, 0x03, 0xFC, 0x00, 0x1F, 0xE0, 0x00, 0xFF, 0x00, 0x07, 0xFF, 0xFF, 0xFF,
    0xFF, 0xFF, 0xFF, 0xFF, 0xFF, 0xF0, 0x00, 0x7F, 0x80, 0x03, 0xFC, 0x00, 0x1F, 0xE0, 0x00, 0xFF,
    0x00, 0x07, 0xF8, 0x00, 0x3F, 0xC0, 0x01, 0xFE, 0x00, 0x0F, 0xF0, 0x00, 0x7F, 0x80, 0x03, 0xFC,
    0x00, 0x1F, 0xE0, 0x00, 0xFF, 0x00, 0x07, 0x80, 0xF0, 0x78, 0x01, 0xE3, 0xE0, 0x03, 0xDF, 0x00,
    0x07, 0xF8, 0x00, 0x1F, 0xC0, 0x00, 0x3E, 0x00, 0x00, 0x00, 0x00, 0x00, 0x00, 0x00, 0x00, 0x00,
    0x00, 0x1E, 0x00, 0x00, 0x78, 0x00, 0x01, 0xE0, 0x00, 0x07, 0x80, 0x00, 0x1E, 0x00, 0x00, 0x78,
    0x00, 0x01, 0xE0, 0x00, 0x07, 0x80, 0x00, 0x1E, 0x7F, 0x80, 0x7F, 0xFF, 0x01, 0xFF, 0xFE, 0x07,
    0xF0, 0xFC, 0x1F, 0x01, 0xF0, 0x7C, 0x03, 0xC1, 0xE0, 0x0F, 0x07, 0x80, 0x3C, 0x1E, 0x00, 0xF0,
    0x78, 0x03, 0xC1, 0xE0, 0x0F, 0x07, 0x80, 0x3C, 0x1E, 0x00, 0xF0, 0x78, 0x03, 0xC1, 0xE0, 0x0F,
    0x07, 0x80, 0x3C, 0x1E, 0x00, 0xF0, 0x78, 0x03, 0xC1, 0xE0, 0x0F, 0x07, 0x80, 0x3C, 0x1E, 0x00,
    0xF0, 0x00, 0x18, 0x1E, 0x1F, 0xC7, 0xF0, 0xF8, 0x1C, 0x04, 0x00, 0x03, 0x07, 0xC7, 0xE7, 0xF7,
    0xE1, 0xC0, 0x80, 0x0F, 0x80, 0xFE, 0x0F, 0xF8, 0xFF, 0xEF, 0x8F, 0x30, 0x18, 0x7C, 0x77, 0xF7,
    0xFF, 0xFE, 0xFE, 0xE3, 0xC0, 0xFF, 0xFF, 0xFF, 0xFF, 0x80, 0xFF, 0xFF, 0xFF, 0xFF, 0xFF, 0xFF,
    0xF0, 0x77, 0x83, 0xFE, 0x3C, 0xFF, 0xE7, 0xFE, 0x1F, 0xF0, 0x7E, 0x00, 0xFF, 0xFF, 0xFF, 0x80,
    0xF8, 0xFF, 0xC7, 0xFE, 0x3F, 0xF1, 0xFF, 0x8F, 0x80, 0x7E, 0xFF, 0x7F, 0x67, 0x0F, 0x1E, 0x1C,
    0x1C, 0x7E, 0x7F, 0xBF, 0xDC, 0x6E, 0x37, 0xF9, 0xFC, 0x7C, 0x00, 0x00, 0x03, 0x07, 0x03, 0xC7,
    0x87, 0xF7, 0xE7, 0xF7, 0xF3, 0xE7, 0xE1, 0xC3, 0xC0, 0x40, 0x80, 0x00, 0x07, 0x07, 0x7D, 0xF3,
    0xFE, 0x1F, 0xC0, 0xF8, 0xFF, 0xFF, 0xFF, 0xF7, 0xFB, 0xFD, 0xFE, 0xFF, 0x7F, 0xBC, 0x00, 0x00,
    0x1C, 0x18, 0x1F, 0x1E, 0x0F, 0xDF, 0x87, 0xF7, 0xE0, 0xFD, 0xF8, 0x1C, 0x3C, 0x02, 0x04, 0x0E,
    0x00, 0xF0, 0x0F, 0x0C, 0xE6, 0xE0, 0x7E, 0x0E, 0xFF, 0xE7, 0xFC, 0x3F, 0x80, 0x0F, 0x00, 0xFE,
    0x0F, 0xF8, 0xFF, 0xE7, 0xDF, 0x78, 0x7F, 0xC1, 0xE0, 0x00, 0x08, 0xE7, 0xBC, 0xF3, 0xEF, 0x9E,
    0x3D, 0xF7, 0xDE, 0x79, 0xCF, 0x3C, 0xE0, 0xF3, 0xCF, 0x9E, 0x79, 0xE3, 0xCF, 0x1C, 0x3D, 0xF7,
    0xDE, 0x79, 0xEF, 0x3C, 0xE0, 0xF8, 0x78, 0x7C, 0x3E, 0x1E, 0x0F, 0x1F, 0x1E, 0x3E, 0x7C, 0x78,
    0xF0, 0x0E, 0x1F, 0xFF, 0xFF, 0xE1, 0xC3, 0x80, 0xE1, 0xC3, 0xFF, 0xFF, 0xFC, 0x38, 0x00, 0xFF,
    0xFF, 0xFF, 0xFC, 0x07, 0x01, 0xC0, 0x70, 0x1C, 0x07, 0x01, 0xC0, 0x70, 0x0E, 0x1C, 0x78, 0xF7,
    0xDF, 0xBC, 0x00, 0x7F, 0xEC, 0xCE, 0xF7, 0x38, 0x38, 0x38, 0xFF, 0xFF, 0xFF, 0xFF, 0xFF, 0xFF,
    0x38, 0x38, 0x38, 0x38, 0x38, 0x38, 0x38, 0xFF, 0xFF, 0xFF, 0x38, 0x38, 0xFF, 0xFF, 0xFF, 0xE0,
    0x0F, 0x0F, 0x0F, 0x0F, 0x0F, 0x0F, 0x0F, 0x1F, 0xFE, 0xFE, 0xFC, 0xF1, 0xE3, 0xC7, 0x8F, 0x1E,
    0x3C, 0x78, 0xFE, 0xFD, 0xF8, 0xFF, 0xFF, 0xFF, 0x80, 0xF8, 0xFF, 0xC7, 0xFE, 0x3F, 0xF1, 0xFF,
    0x8F, 0x80, 0x7E, 0x7F, 0xB9, 0xD8, 0x6C, 0x37, 0x3B, 0xFC, 0xFC, 0x79, 0xF7, 0xCF, 0x3D, 0xE7,
    0x10, 0x1C, 0x38, 0x3C, 0x7E, 0x7F, 0x0F, 0x0F, 0x3F, 0xFE, 0x78, 0x0F, 0x1F, 0x9F, 0x1F, 0x0F,
    0x07, 0xDB, 0xFF, 0xFF, 0x3E, 0x00, 0xFF, 0xFF, 0xFF, 0xFF, 0xFF, 0xFF, 0xFF, 0xFF, 0xF8, 0x07,
    0xE0, 0x1F, 0x80, 0x7E, 0x01, 0xC0, 0xC3, 0x0D, 0xC6, 0x1B, 0x9E, 0x77, 0xFF, 0xE7, 0xFF, 0x80,
    0xF0, 0x3D, 0xE1, 0xE3, 0xFF, 0x07, 0xF8, 0x0F, 0xC0, 0x1E, 0x00, 0x07, 0x80, 0x3F, 0x01, 0xFE,
    0x0F, 0xFC, 0x78, 0xFB, 0xC0, 0xF0, 0xF0, 0x77, 0x83, 0xFE, 0x3C, 0xFF, 0xE7, 0xFE, 0x1F, 0xF0,
    0x7E, 0x00, 0x1F, 0xC3, 0xFE, 0x7F, 0xF7, 0x8F, 0xE0, 0x7E, 0x03, 0x3E, 0x1D, 0xFE, 0x7F, 0xFF,
    0xF9, 0xFE, 0xE1, 0xF0, 0xFF, 0xFF, 0xFF, 0xFF, 0x80, 0xFF, 0xFF, 0xFF, 0xFF, 0xFF, 0xFF, 0xE0,
    0xFF, 0xFF, 0xFF, 0xFF, 0xFF, 0xFF, 0x00, 0x00, 0x00, 0x00, 0xFF, 0xFF, 0xFF, 0xFF, 0xFF, 0xFF,
    0x3E, 0x0C, 0xFF, 0x39, 0xFF, 0xF7, 0x3F, 0xCE, 0x1F, 0x00, 0xFF, 0xFF, 0xFF, 0xFF, 0xFF, 0xFF,
    0xFF, 0xFF, 0xFF, 0xFF, 0xFF, 0xFF, 0xFF, 0xFF, 0xFF, 0x80, 0x00, 0x00, 0x0E, 0x01, 0xF0, 0x7E,
    0x1F, 0xC3, 0xF0, 0xFE, 0x07, 0x80, 0x60, 0x00, 0x00, 0x0F, 0x00, 0x0E, 0x00, 0x1E, 0x00, 0x1E,
    0x00, 0x1C, 0x00, 0x3C, 0x00, 0x3C, 0x00, 0x38, 0x00, 0x78, 0x00, 0x70, 0x00, 0xF0, 0x00, 0xF0,
    0x00, 0xE0, 0x01, 0xE0, 0x01, 0xC0, 0x03, 0xC0, 0x03, 0xC0, 0x03, 0x80, 0x07, 0x80, 0x07, 0x80,
    0x07, 0x00, 0x0F, 0x00, 0x0E, 0x00, 0x1E, 0x00, 0x1E, 0x00, 0x1C, 0x00, 0x3C, 0x00, 0x3C, 0x00,
    0x38, 0x00, 0x78, 0x00, 0x70, 0x00, 0xF0, 0x00, 0xEF, 0x73, 0x37, 0xFE, 0xC0, 0x1B, 0x80, 0x7E,
    0x01, 0xF8, 0x07, 0xFF, 0xFF, 0xFF, 0xFF, 0xFF, 0xC0, 0xFF, 0xFD, 0xFF, 0xFB, 0x80, 0x36, 0x00,
    0x6C, 0x00, 0xDC, 0x01, 0xBF, 0xFF, 0x7F, 0xFE, 0x7E, 0xF9, 0xFF, 0xFB, 0x9E, 0x77, 0x1C, 0x6C,
    0x30, 0xC0, 0x66, 0xFF, 0xFF, 0x7E, 0x3C, 0x7E, 0xFF, 0x66, 0x00, 0x7F, 0xFD, 0xCF, 0x79, 0xE7,
    0x7F, 0xFC, 0xFF, 0xFF, 0xFF, 0xFF, 0xFF, 0xFF, 0x00, 0x00, 0x00, 0x00, 0xFF, 0xFF, 0xFF, 0xFF,
    0xFF, 0xFF, 0xF8, 0xF8, 0x7C, 0x3C, 0x1E, 0x0F, 0x1F, 0x0F, 0x8F, 0x87, 0x87, 0x87, 0x80, 0x3E,
    0x1D, 0xFE, 0x7F, 0xFF, 0xF9, 0xFE, 0xE1, 0xF0, 0xFB, 0xFF, 0xCF, 0x1C, 0xF7, 0x8C, 0x07, 0xC0,
    0x3C, 0x39, 0xEF, 0xFF, 0xFF, 0xF7, 0xF7, 0x9C, 0x38, 0x00, 0xF3, 0xCF, 0x3F, 0xFD, 0xF0, 0xFF,
    0xFF, 0xFF, 0xFF, 0xFF, 0xFF, 0xFC, 0x00, 0x7E, 0x00, 0x3F, 0x00, 0x1F, 0x80, 0x0E, 0xFF, 0xFF,
    0xFF, 0xFF, 0xFF, 0xFF, 0x00, 0x00, 0x00, 0x00, 0xFF, 0xFF, 0xFF, 0xFF, 0xFF, 0xFF, 0xF7, 0xFB,
    0xFD, 0xFE, 0xFF, 0x7F, 0xBC, 0xFF, 0xFF, 0xFF, 0x07, 0x07, 0x07, 0x07, 0x06, 0x00, 0x80, 0x07,
    0x03, 0xFD, 0xDF, 0xE7, 0xFF, 0xFF, 0x9F, 0xEE, 0xFF, 0x03, 0x80, 0x04, 0x00, 0x03, 0x80, 0x07,
    0x80, 0x0F, 0x00, 0x1C, 0x03, 0xF0, 0xE7, 0xFB, 0xDF, 0xFF, 0x39, 0xFE, 0x60, 0xF8, 0x07, 0x00,
    0x0F, 0x00, 0x1E, 0x00, 0x38, 0x00, 0x3E, 0x1D, 0xFE, 0xE7, 0xFF, 0x9D, 0xFE, 0xE1, 0xF0, 0xF8,
    0x77, 0xFB, 0x9F, 0xFE, 0x77, 0xFB, 0x87, 0xC0, 0x00, 0x00, 0x21, 0x03, 0x87, 0x1F, 0xFE, 0xFF,
    0xFD, 0xFF, 0xE3, 0x87, 0x06, 0x18, 0x00, 0x00, 0x00, 0x18, 0x3C, 0x7E, 0x7E, 0x1C, 0x1C, 0x1C,
    0x1C, 0xC3, 0xCF, 0xCF, 0x3F, 0xFF, 0x30, 0x7F, 0xEC, 0xCE, 0xF7, 0x3F, 0xC7, 0xFE, 0x7F, 0xEF,
    0x0F, 0xE0, 0x7C, 0xE7, 0x0F, 0x00, 0xF0, 0x0E, 0x00, 0x64, 0xFE, 0x7F, 0x7E, 0x7E, 0xFF, 0x7F,
    0x26, 0x0C, 0xFF, 0xFC, 0xF3, 0xF3, 0xC3, 0xC3, 0xCF, 0xCF, 0x3F, 0xFF, 0x30, 0xC0, 0x71, 0xE1,
    0xE3, 0xF3, 0xE1, 0xE7, 0xC3, 0xDF, 0x9F, 0xBB, 0xBC, 0x77, 0x61, 0xCE, 0xEF, 0x73, 0x37, 0xFE,
    0xEF, 0xFE, 0x3C, 0xDB, 0xFF, 0xFF, 0x7E, 0x7E, 0x7E, 0x24, 0x7F, 0xF9, 0xFF, 0xFB, 0x9E, 0x76,
    0x18, 0x6C, 0x30, 0xDC, 0xF3, 0xBF, 0xFF, 0x3F, 0xFC, 0x70, 0x70, 0x70, 0xFF, 0xFF, 0x06, 0x0E,
    0x0E, 0xF0, 0x00, 0x00, 0x3D, 0xE0, 0x00, 0x01, 0xE3, 0xE0, 0x00, 0x1F, 0x07, 0xF8, 0x07, 0xF8,
    0x0F, 0xFF, 0xFF, 0xC0, 0x0F, 0xFF, 0xFC, 0x00, 0x0F, 0xFF, 0xC0, 0x00, 0xF0, 0x00, 0x00, 0x3D,
    0xE0, 0x00, 0x01, 0xE3, 0xE0, 0x00, 0x1F, 0x07, 0xF8, 0x07, 0xF8, 0x0F, 0xFF, 0xFF, 0xC0, 0x0F,
    0xFF, 0xFC, 0x00, 0x0F, 0xFF, 0xC0, 0x00, 0xFF, 0xFF, 0xFF, 0xFF, 0xFF, 0xFC, 0xFF, 0xFF, 0xFF,
    0xFF, 0xFF, 0xFC, 0x1F, 0xFC, 0x00, 0x1C, 0xFF, 0xFF, 0x81, 0xE7, 0xFF, 0xFF, 0xFF, 0x9E, 0x07,
    0xFF, 0xFC, 0xE0, 0x00, 0xFF, 0xE0, 0x00, 0x7F, 0xF8, 0x00, 0x0F, 0xFF, 0xFC, 0x00, 0xFF, 0xFF,
    0xFC, 0x07, 0xFC, 0x0F, 0xF8, 0x3F, 0x00, 0x03, 0xF1, 0xF0, 0x00, 0x03, 0xE7, 0x00, 0x00, 0x03,
    0xBC, 0x00, 0x00, 0x0F, 0x00, 0x00, 0x00, 0x00, 0x00, 0x00, 0x04, 0x00, 0x00, 0x00, 0x39, 0xFF,
    0xFF, 0xFF, 0xEF, 0xFF, 0xFF, 0xFF, 0xFF, 0xFF, 0xFF, 0xF8, 0x00, 0x00, 0x03, 0x80, 0x00, 0x00,
    0x18, 0x00, 0x00, 0x00, 0x00, 0x7E, 0xCC, 0x1B, 0xFE, 0x78, 0xFB, 0xFF, 0x7E, 0xE7, 0xC3, 0xFF,
    0xFE, 0xC0, 0xF3, 0x7F, 0xF3, 0xFF, 0xFC, 0x7E, 0x7B, 0xF0, 0xF8, 0x3C, 0x1F, 0x1F, 0xDC, 0xFC,
    0xC3, 0xC3, 0xC3, 0xC3, 0xC3, 0xC7, 0xEF, 0x7F, 0x7F, 0xEB, 0x06, 0x0C, 0x18, 0x3D, 0xBF, 0x03,
    0x03, 0x03, 0x03, 0x7F, 0xF7, 0xC3, 0xC3, 0xC3, 0xC3, 0xE7, 0x7F, 0xC0, 0xC0, 0xC0, 0xC0, 0xFE,
    0xF3, 0xE3, 0xC3, 0xC3, 0xC3, 0xC3, 0xC3, 0xFF, 0xF7, 0x3D, 0xF1, 0xC7, 0x8C, 0x3C, 0x61, 0xE3,
    0x0F, 0x18, 0x78, 0xC3, 0xFF, 0xCE, 0x30, 0xC3, 0x0C, 0x30, 0x30, 0x60, 0xC7, 0xE3, 0x06, 0x0C,
    0x18, 0x30, 0x70, 0xF0, 0xC3, 0xF1, 0x98, 0xCE, 0xE3, 0x61, 0xF0, 0xF0, 0x38, 0xE3, 0x3B, 0x8F,
    0x83, 0x81, 0xC1, 0xF1, 0xDD, 0xC7, 0x1E, 0x00, 0x3E, 0x00, 0x3E, 0x00, 0x3C, 0x00, 0x3C, 0x00,
    0x38, 0x00, 0x78, 0x00, 0x00, 0x00, 0x00, 0x00, 0x03, 0xFF, 0xFF, 0xFF, 0xFF, 0xFF, 0xFE, 0x00,
    0x3C, 0x00, 0x78, 0x00, 0xF0, 0x01, 0xE0, 0x03, 0xC0, 0x07, 0x80, 0x0F, 0x00, 0x1F, 0xFF, 0xFF,
    0xFF, 0xFF, 0xFF, 0xF0, 0x01, 0xE0, 0x03, 0xC0, 0x07, 0x80, 0x0F, 0x00, 0x1E, 0x00, 0x3C, 0x00,
    0x78, 0x00, 0xF0, 0x01, 0xE0, 0x03, 0xFF, 0xFF, 0xFF, 0xFF, 0xFF, 0xE0, 0x1C, 0x38, 0x3C, 0xF0,
    0x79, 0xE0, 0xE1, 0xC0, 0x00, 0x00, 0x00, 0x00, 0x00, 0x00, 0x00, 0xFF, 0xFF, 0xFF, 0xFF, 0xFF,
    0xFF, 0x80, 0x0F, 0x00, 0x1E, 0x00, 0x3C, 0x00, 0x78, 0x00, 0xF0, 0x01, 0xE0, 0x03, 0xC0, 0x07,
    0xFF, 0xFF, 0xFF, 0xFF, 0xFF, 0xFC, 0x00, 0x78, 0x00, 0xF0, 0x01, 0xE0, 0x03, 0xC0, 0x07, 0x80,
    0x0F, 0x00, 0x1E, 0x00, 0x3C, 0x00, 0x78, 0x00, 0xFF, 0xFF, 0xFF, 0xFF, 0xFF, 0xF8, 0xFF, 0xFF,
    0xE0, 0x7F, 0xFF, 0xF0, 0x3F, 0xFF, 0xF8, 0x00, 0x78, 0x00, 0x00, 0x3C, 0x00, 0x00, 0x1E, 0x00,
    0x00, 0x0F, 0x00, 0x00, 0x07, 0x80, 0x00, 0x03, 0xC0, 0x00, 0x01, 0xE0, 0x00, 0x00, 0xFF, 0xFC,
    0x00, 0x7F, 0xFF, 0x80, 0x3F, 0xFF, 0xE0, 0x1F, 0x81, 0xF8, 0x0F, 0x00, 0x7C, 0x07, 0x80, 0x1E,
    0x03, 0xC0, 0x0F, 0x81, 0xE0, 0x03, 0xC0, 0xF0, 0x01, 0xE0, 0x78, 0x00, 0xF0, 0x3C, 0x00, 0xF8,
    0x1E, 0x00, 0x78, 0x0F, 0x00, 0x7C, 0x07, 0x80, 0x7E, 0x03, 0xC7, 0xFE, 0x01, 0xE3, 0xFE, 0x00,
    0xF1, 0xFC, 0x00, 0x00, 0x78, 0x01, 0xF0, 0x07, 0xC0, 0x0F, 0x00, 0x3C, 0x00, 0x70, 0x01, 0xE0,
    0x00, 0x00, 0x00, 0x00, 0x00, 0x03, 0xFF, 0xFF, 0xFF, 0xFF, 0xFF, 0xFE, 0x00, 0x3C, 0x00, 0x78,
    0x00, 0xF0, 0x01, 0xE0, 0x03, 0xC0, 0x07, 0x80, 0x0F, 0x00, 0x1E, 0x00, 0x3C, 0x00, 0x78, 0x00,
    0xF0, 0x01, 0xE0, 0x03, 0xC0, 0x07, 0x80, 0x0F, 0x00, 0x1E, 0x00, 0x3C, 0x00, 0x78, 0x00, 0xF0,
    0x01, 0xE0, 0x03, 0xC0, 0x07, 0x80, 0x0F, 0x00, 0x00, 0x01, 0xFF, 0xE0, 0x3F, 0xFF, 0x83, 0xFF,
    0xFC, 0x3F, 0x81, 0xE3, 0xF0, 0x00, 0x1E, 0x00, 0x01, 0xE0, 0x00, 0x0F, 0x00, 0x00, 0xF0, 0x00,
    0x07, 0x80, 0x00, 0x3C, 0x00, 0x01, 0xFF, 0xFF, 0x0F, 0xFF, 0xF8, 0x7F, 0xFF, 0xC3, 0xC0, 0x00,
    0x1E, 0x00, 0x00, 0xF0, 0x00, 0x07, 0x80, 0x00, 0x3E, 0x00, 0x00, 0xF0, 0x00, 0x07, 0xC0, 0x00,
    0x3F, 0x00, 0x00, 0xFC, 0x00, 0x03, 0xF8, 0x1E, 0x0F, 0xFF, 0xF0, 0x3F, 0xFF, 0x80, 0x7F, 0xF8,
    0x07, 0xFE, 0x07, 0xFF, 0xE3, 0xFF, 0xF9, 0xF8, 0x3C, 0x7C, 0x00, 0x1E, 0x00, 0x07, 0x80, 0x01,
    0xE0, 0x00, 0x78, 0x00, 0x1F, 0x00, 0x03, 0xF0, 0x00, 0xFF, 0x00, 0x1F, 0xF8, 0x01, 0xFF, 0x00,
    0x1F, 0xF0, 0x01, 0xFE, 0x00, 0x1F, 0x80, 0x01, 0xF0, 0x00, 0x7C, 0x00, 0x0F, 0x00, 0x03, 0xC0,
    0x01, 0xF8, 0x00, 0x7B, 0xE0, 0x7E, 0xFF, 0xFF, 0x3F, 0xFF, 0x87, 0xFF, 0x80, 0xFF, 0xFF, 0xFF,
    0xFF, 0xFF, 0xFF, 0xFF, 0xFF, 0xFF, 0xFF, 0xFF, 0xFF, 0xFF, 0xF0, 0xE7, 0x7B, 0xFD, 0xFC, 0xE0,
    0x00, 0x00, 0x00, 0x00, 0x3C, 0x1E, 0x0F, 0x07, 0x83, 0xC1, 0xE0, 0xF0, 0x78, 0x3C, 0x1E, 0x0F,
    0x07, 0x83, 0xC1, 0xE0, 0xF0, 0x78, 0x3C, 0x1E, 0x0F, 0x07, 0x83, 0xC1, 0xE0, 0xF0, 0x78, 0x3C,
    0x1E, 0x0F, 0x00, 0x01, 0xE0, 0x3C, 0x07, 0x80, 0xF0, 0x1E, 0x03, 0xC0, 0x78, 0x0F, 0x01, 0xE0,
    0x3C, 0x07, 0x80, 0xF0, 0x1E, 0x03, 0xC0, 0x78, 0x0F, 0x01, 0xE0, 0x3C, 0x07, 0x80, 0xF0, 0x1E,
    0x03, 0xC0, 0x78, 0x0F, 0x01, 0xE0, 0x3C, 0x07, 0x80, 0xF0, 0x1E, 0x07, 0xC0, 0xF6, 0x7E, 0xFF,
    0x9F, 0xE3, 0xF8, 0x00, 0x03, 0xFF, 0xFC, 0x00, 0x00, 0x3F, 0xFF, 0xC0, 0x00, 0x03, 0xFF, 0xFC,
    0x00, 0x00, 0x3C, 0x03, 0xC0, 0x00, 0x03, 0xC0, 0x3C, 0x00, 0x00, 0x3C, 0x03, 0xC0, 0x00, 0x03,
    0xC0, 0x3C, 0x00, 0x00, 0x3C, 0x03, 0xC0, 0x00, 0x03, 0xC0, 0x3C, 0x00, 0x00, 0x3C, 0x03, 0xC0,
    0x00, 0x03, 0xC0, 0x3F, 0xFE, 0x00, 0x3C, 0x03, 0xFF, 0xF8, 0x03, 0xC0, 0x3F, 0xFF, 0xC0, 0x3C,
    0x03, 0xC0, 0x7E, 0x03, 0xC0, 0x3C, 0x01, 0xF0, 0x3C, 0x03, 0xC0, 0x0F, 0x03, 0xC0, 0x3C, 0x00,
    0xF0, 0x3C, 0x03, 0xC0, 0x0F, 0x07, 0x80, 0x3C, 0x00, 0xF0, 0x78, 0x03, 0xC0, 0x0F, 0x07, 0x80,
    0x3C, 0x00, 0xF0, 0x78, 0x03, 0xC0, 0x1F, 0x07, 0x80, 0x3C, 0x01, 0xF0, 0xF0, 0x03, 0xC0, 0x7E,
    0xFF, 0x00, 0x3F, 0xFF, 0xCF, 0xE0, 0x03, 0xFF, 0xF8, 0xFC, 0x00, 0x3F, 0xFE, 0x00, 0xF0, 0x01,
    0xE0, 0x00, 0x78, 0x00, 0xF0, 0x00, 0x3C, 0x00, 0x78, 0x00, 0x1E, 0x00, 0x3C, 0x00, 0x0F, 0x00,
    0x1E, 0x00, 0x07, 0x80, 0x0F, 0x00, 0x03, 0xC0, 0x07, 0x80, 0x01, 0xE0, 0x03, 0xC0, 0x00, 0xF0,
    0x01, 0xE0, 0x00, 0x78, 0x00, 0xF0, 0x00, 0x3C, 0x00, 0x78, 0x00, 0x1F, 0xFF, 0xFF, 0xFE, 0x0F,
    0xFF, 0xFF, 0xFF, 0xC7, 0xFF, 0xFF, 0xFF, 0xF3, 0xC0, 0x07, 0x80, 0xFD, 0xE0, 0x03, 0xC0, 0x1F,
    0xF0, 0x01, 0xE0, 0x07, 0xF8, 0x00, 0xF0, 0x03, 0xFC, 0x00, 0x78, 0x01, 0xFE, 0x00, 0x3C, 0x00,
    0xFF, 0x00, 0x1E, 0x00, 0x7F, 0x80, 0x0F, 0x00, 0x3F, 0xC0, 0x07, 0x80, 0x3F, 0xE0, 0x03, 0xC0,
    0xFE, 0xF0, 0x01, 0xFF, 0xFE, 0x78, 0x00, 0xFF, 0xFE, 0x3C, 0x00, 0x7F, 0xFC, 0x00, 0xFF, 0xFF,
    0xE0, 0x7F, 0xFF, 0xF0, 0x3F, 0xFF, 0xF8, 0x00, 0x78, 0x00, 0x00, 0x3C, 0x00, 0x00, 0x1E, 0x00,
    0x00, 0x0F, 0x00, 0x00, 0x07, 0x80, 0x00, 0x03, 0xC0, 0x00, 0x01, 0xE0, 0x00, 0x00, 0xF7, 0xFC,
    0x00, 0x7F, 0xFF, 0x80, 0x3F, 0xFF, 0xE0, 0x1F, 0xC3, 0xF8, 0x0F, 0x00, 0x7C, 0x07, 0x80, 0x1E,
    0x03, 0xC0, 0x0F, 0x81, 0xE0, 0x03, 0xC0, 0xF0, 0x01, 0xE0, 0x78, 0x00, 0xF0, 0x3C, 0x00, 0x78,
    0x1E, 0x00, 0x3C, 0x0F, 0x00, 0x1E, 0x07, 0x80, 0x0F, 0x03, 0xC0, 0x07, 0x81, 0xE0, 0x03, 0xC0,
    0xF0, 0x01, 0xE0, 0x00, 0x3E, 0x00, 0x07, 0xC0, 0x00, 0x7C, 0x00, 0x0F, 0x80, 0x00, 0xF0, 0x00,
    0x1E, 0x00, 0x01, 0xC0, 0x00, 0x00, 0x00, 0x00, 0x00, 0x00, 0x00, 0x00, 0xF0, 0x03, 0xEF, 0x00,
    0x3C, 0xF0, 0x07, 0xCF, 0x00, 0xF8, 0xF0, 0x0F, 0x0F, 0x01, 0xF0, 0xF0, 0x3E, 0x0F, 0x03, 0xC0,
    0xF0, 0x78, 0x0F, 0x0F, 0x80, 0xF0, 0xF0, 0x0F, 0xFE, 0x00, 0xFF, 0xE0, 0x0F, 0xFE, 0x00, 0xF1,
    0xF0, 0x0F, 0x0F, 0x80, 0xF0, 0x78, 0x0F, 0x07, 0xC0, 0xF0, 0x3E, 0x0F, 0x01, 0xE0, 0xF0, 0x1F,
    0x0F, 0x00, 0xF8, 0xF0, 0x0F, 0x8F, 0x00, 0x7C, 0xF0, 0x03, 0xCF, 0x00, 0x3E, 0xF0, 0x01, 0xF0,
    0x03, 0xC0, 0x00, 0x1F, 0x00, 0x00, 0x78, 0x00, 0x01, 0xE0, 0x00, 0x07, 0x80, 0x00, 0x3C, 0x00,
    0x00, 0xF0, 0x00, 0x00, 0x00, 0x00, 0x00, 0x00, 0x00, 0x00, 0x3C, 0x00, 0x3F, 0xE0, 0x01, 0xFF,
    0x00, 0x1F, 0xF8, 0x00, 0xFF, 0xC0, 0x0F, 0xFE, 0x00, 0xFF, 0xF0, 0x07, 0x7F, 0x80, 0x7B, 0xFC,
    0x03, 0x9F, 0xE0, 0x3C, 0xFF, 0x03, 0xC7, 0xF8, 0x1C, 0x3F, 0xC1, 0xE1, 0xFE, 0x0E, 0x0F, 0xF0,
    0xF0, 0x7F, 0x8F, 0x03, 0xFC, 0x70, 0x1F, 0xE7, 0x80, 0xFF, 0x38, 0x07, 0xFB, 0xC0, 0x3F, 0xFC,
    0x01, 0xFF, 0xC0, 0x0F, 0xFE, 0x00, 0x7F, 0xE0, 0x03, 0xFF, 0x00, 0x1F, 0xF0, 0x00, 0xFF, 0x80,
    0x07, 0x80, 0x03, 0xC3, 0xC0, 0x03, 0xE3, 0xC0, 0x01, 0xFF, 0xC0, 0x01, 0xFF, 0x80, 0x00, 0x7F,
    0x00, 0x00, 0x00, 0x00, 0x00, 0x00, 0x00, 0x00, 0x00, 0x00, 0xF8, 0x00, 0x1E, 0x78, 0x00, 0x3E,
    0x7C, 0x00, 0x3C, 0x3C, 0x00, 0x3C, 0x3E, 0x00, 0x78, 0x1E, 0x00, 0x78, 0x1F, 0x00, 0xF8, 0x0F,
    0x00, 0xF0, 0x0F, 0x81, 0xF0, 0x07, 0x81, 0xE0, 0x07, 0x81, 0xE0, 0x03, 0xC3, 0xC0, 0x03, 0xC3,
    0xC0, 0x01, 0xE7, 0x80, 0x01, 0xE7, 0x80, 0x00, 0xFF, 0x00, 0x00, 0xFF, 0x00, 0x00, 0x7F, 0x00,
    0x00, 0x7E, 0x00, 0x00, 0x3E, 0x00, 0x00, 0x3C, 0x00, 0x00, 0x7C, 0x00, 0x00, 0x78, 0x00, 0x01,
    0xF8, 0x00, 0x1F, 0xF0, 0x00, 0x1F, 0xE0, 0x00, 0x1F, 0x80, 0x00, 0xF0, 0x00, 0x7F, 0x80, 0x03,
    0xFC, 0x00, 0x1F, 0xE0, 0x00, 0xFF, 0x00, 0x07, 0xF8, 0x00, 0x3F, 0xC0, 0x01, 0xFE, 0x00, 0x0F,
    0xF0, 0x00, 0x7F, 0x80, 0x03, 0xFC, 0x00, 0x1F, 0xE0, 0x00, 0xFF, 0x00, 0x07, 0xF8, 0x00, 0x3F,
    0xC0, 0x01, 0xFE, 0x00, 0x0F, 0xF0, 0x00, 0x7F, 0x80, 0x03, 0xFC, 0x00, 0x1F, 0xE0, 0x00, 0xFF,
    0x00, 0x07, 0xF8, 0x00, 0x3F, 0xC0, 0x01, 0xFE, 0x00, 0x0F, 0xFF, 0xFF, 0xFF, 0xFF, 0xFF, 0xFF,
    0xFF, 0xFE, 0x01, 0xE0, 0x00, 0x0F, 0x00, 0x00, 0x78, 0x00, 0x03, 0xC0, 0x00, 0x1E, 0x00, 0x00,
    0xF0, 0x00, 0x00, 0x3C, 0x00, 0x00, 0x3C, 0x00, 0x00, 0x7E, 0x00, 0x00, 0x7E, 0x00, 0x00, 0xFF,
    0x00, 0x00, 0xFF, 0x00, 0x00, 0xE7, 0x00, 0x01, 0xE7, 0x80, 0x01, 0xE7, 0x80, 0x03, 0xC3, 0xC0,
    0x03, 0xC3, 0xC0, 0x03, 0xC3, 0xC0, 0x07, 0x81, 0xE0, 0x07, 0x81, 0xE0, 0x0F, 0x00, 0xE0, 0x0F,
    0xFF, 0xF0, 0x0F, 0xFF, 0xF0, 0x1F, 0xFF, 0xF8, 0x1E, 0x00, 0x78, 0x1C, 0x00, 0x78, 0x3C, 0x00,
    0x3C, 0x3C, 0x00, 0x3C, 0x78, 0x00, 0x3E, 0x78, 0x00, 0x1E, 0x78, 0x00, 0x1E, 0xF0, 0x00, 0x0F,
    0xF0, 0x00, 0x0F, 0xFF, 0xFF, 0x3F, 0xFF, 0xCF, 0xFF, 0xF3, 0xC0, 0x00, 0xF0, 0x00, 0x3C, 0x00,
    0x0F, 0x00, 0x03, 0xC0, 0x00, 0xF0, 0x00, 0x3C, 0x00, 0x0F, 0xFF, 0x03, 0xFF, 0xF8, 0xFF, 0xFF,
    0x3C, 0x1F, 0xEF, 0x00, 0xFB, 0xC0, 0x1E, 0xF0, 0x07, 0xFC, 0x00, 0xFF, 0x00, 0x3F, 0xC0, 0x0F,
    0xF0, 0x07, 0xFC, 0x01, 0xEF, 0x00, 0xFB, 0xC0, 0xFE, 0xFF, 0xFF, 0x3F, 0xFF, 0x8F, 0xFF, 0x80,
    0xFF, 0xFC, 0x1F, 0xFF, 0xE3, 0xFF, 0xFE, 0x78, 0x0F, 0xEF, 0x00, 0x7D, 0xE0, 0x07, 0xBC, 0x00,
    0xF7, 0x80, 0x1E, 0xF0, 0x03, 0xDE, 0x00, 0xFB, 0xC0, 0x3E, 0x7F, 0xFF, 0x8F, 0xFF, 0xC1, 0xFF,
    0xFE, 0x3C, 0x0F, 0xE7, 0x80, 0x3E, 0xF0, 0x03, 0xDE, 0x00, 0x7F, 0xC0, 0x07, 0xF8, 0x00, 0xFF,
    0x00, 0x3F, 0xE0, 0x07, 0xFC, 0x01, 0xF7, 0x80, 0x7E, 0xFF, 0xFF, 0x9F, 0xFF, 0xE3, 0xFF, 0xF0,
    0x00, 0xFF, 0xFF, 0xFF, 0xFF, 0xFF, 0xFF, 0x80, 0x0F, 0x00, 0x1E, 0x00, 0x3C, 0x00, 0x78, 0x00,
    0xF0, 0x01, 0xE0, 0x03, 0xC0, 0x07, 0x80, 0x0F, 0x00, 0x1E, 0x00, 0x3C, 0x00, 0x78, 0x00, 0xF0,
    0x01, 0xE0, 0x03, 0xC0, 0x07, 0x80, 0x0F, 0x00, 0x1E, 0x00, 0x3C, 0x00, 0x78, 0x00, 0xF0, 0x01,
    0xE0, 0x03, 0xC0, 0x00, 0x03, 0xFF, 0xFE, 0x00, 0x7F, 0xFF, 0xC0, 0x0F, 0xFF, 0xF8, 0x01, 0xE0,
    0x0F, 0x00, 0x3C, 0x01, 0xE0, 0x07, 0x80, 0x3C, 0x00, 0xF0, 0x07, 0x80, 0x1E, 0x00, 0xF0, 0x03,
    0xC0, 0x1E, 0x00, 0x78, 0x03, 0xC0, 0x0F, 0x00, 0x78, 0x01, 0xE0, 0x0F, 0x00, 0x3C, 0x01, 0xE0,
    0x07, 0x80, 0x3C, 0x00, 0xF0, 0x07, 0x80, 0x1E, 0x00, 0xF0, 0x03, 0xC0, 0x1E, 0x00, 0xF8, 0x03,
    0xC0, 0x1E, 0x00, 0x78, 0x03, 0xC0, 0x0F, 0x00, 0xF8, 0x01, 0xE0, 0x1E, 0x00, 0x3C, 0x07, 0xC0,
    0x07, 0x80, 0xF0, 0x00, 0xF0, 0xFF, 0xFF, 0xFF, 0xFF, 0xFF, 0xFF, 0xFF, 0xFF, 0xFF, 0xFF, 0xF8,
    0x00, 0x00, 0xFF, 0x00, 0x00, 0x1F, 0xE0, 0x00, 0x03, 0xFC, 0x00, 0x00, 0x7F, 0x80, 0x00, 0x0F,
    0xF0, 0x00, 0x01, 0xFC, 0x00, 0x00, 0x38, 0xFF, 0xFF, 0xFF, 0xFF, 0xFF, 0xFF, 0x80, 0x0F, 0x00,
    0x1E, 0x00, 0x3C, 0x00, 0x78, 0x00, 0xF0, 0x01, 0xE0, 0x03, 0xC0, 0x07, 0xFF, 0xFF, 0xFF, 0xFF,
    0xFF, 0xFC, 0x00, 0x78, 0x00, 0xF0, 0x01, 0xE0, 0x03, 0xC0, 0x07, 0x80, 0x0F, 0x00, 0x1E, 0x00,
    0x3C, 0x00, 0x78, 0x00, 0xFF, 0xFF, 0xFF, 0xFF, 0xFF, 0xF8, 0x78, 0x01, 0xE0, 0x07, 0xC7, 0x80,
    0x3C, 0x00, 0xF0, 0xF8, 0x07, 0x80, 0x3C, 0x0F, 0x00, 0xF0, 0x0F, 0x80, 0xF0, 0x1E, 0x01, 0xE0,
    0x1F, 0x03, 0xC0, 0x78, 0x01, 0xE0, 0x78, 0x1F, 0x00, 0x1E, 0x0F, 0x03, 0xC0, 0x03, 0xE1, 0xE0,
    0xF0, 0x00, 0x3C, 0x3C, 0x3E, 0x00, 0x03, 0xC7, 0x87, 0x80, 0x00, 0x7F, 0xFF, 0xE0, 0x00, 0x07,
    0xFF, 0xFC, 0x00, 0x01, 0xFF, 0xFF, 0x80, 0x00, 0x3C, 0x78, 0xF8, 0x00, 0x0F, 0x8F, 0x0F, 0x80,
    0x03, 0xE1, 0xE0, 0xF0, 0x00, 0x78, 0x3C, 0x1F, 0x00, 0x1F, 0x07, 0x81, 0xE0, 0x03, 0xC0, 0xF0,
    0x3E, 0x00, 0xF8, 0x1E, 0x03, 0xE0, 0x3E, 0x03, 0xC0, 0x3C, 0x07, 0x80, 0x78, 0x07, 0xC1, 0xF0,
    0x0F, 0x00, 0x78, 0x7C, 0x01, 0xE0, 0x0F, 0x8F, 0x00, 0x3C, 0x00, 0xFB, 0xE0, 0x07, 0x80, 0x0F,
    0x00, 0x3F, 0xFC, 0x0F, 0xFF, 0xC1, 0xFF, 0xFE, 0x3C, 0x0F, 0xC0, 0x00, 0x7C, 0x00, 0x0F, 0x80,
    0x00, 0xF0, 0x00, 0x1E, 0x00, 0x07, 0x80, 0x01, 0xF0, 0x01, 0xFC, 0x0F, 0xFF, 0x01, 0xFF, 0xC0,
    0x3F, 0xFE, 0x00, 0x07, 0xE0, 0x00, 0x3E, 0x00, 0x03, 0xC0, 0x00, 0x7C, 0x00, 0x07, 0x80, 0x00,
    0xF0, 0x00, 0x3E, 0x00, 0x07, 0xC0, 0x01, 0xF7, 0xC0, 0xFE, 0xFF, 0xFF, 0x9F, 0xFF, 0xC1, 0xFF,
    0xE0, 0x00, 0xF0, 0x00, 0xFF, 0x80, 0x07, 0xFC, 0x00, 0x7F, 0xE0, 0x03, 0xFF, 0x00, 0x3F, 0xF8,
    0x03, 0xFF, 0xC0, 0x1D, 0xFE, 0x01, 0xEF, 0xF0, 0x0E, 0x7F, 0x80, 0xF3, 0xFC, 0x0F, 0x1F, 0xE0,
    0x70, 0xFF, 0x07, 0x87, 0xF8, 0x38, 0x3F, 0xC3, 0xC1, 0xFE, 0x3C, 0x0F, 0xF1, 0xC0, 0x7F, 0x9E,
    0x03, 0xFC, 0xE0, 0x1F, 0xEF, 0x00, 0xFF, 0xF0, 0x07, 0xFF, 0x00, 0x3F, 0xF8, 0x01, 0xFF, 0x80,
    0x0F, 0xFC, 0x00, 0x7F, 0xC0, 0x03, 0xFE, 0x00, 0x1E, 0x07, 0x07, 0x00, 0x3C, 0x38, 0x01, 0xF7,
    0xC0, 0x0F, 0xFE, 0x00, 0x3F, 0xE0, 0x00, 0x7E, 0x00, 0x00, 0x00, 0x00, 0x00, 0x00, 0xF0, 0x00,
    0xFF, 0x80, 0x07, 0xFC, 0x00, 0x7F, 0xE0, 0x03, 0xFF, 0x00, 0x3F, 0xF8, 0x03, 0xFF, 0xC0, 0x1D,
    0xFE, 0x01, 0xEF, 0xF0, 0x0E, 0x7F, 0x80, 0xF3, 0xFC, 0x0F, 0x1F, 0xE0, 0x70, 0xFF, 0x07, 0x87,
    0xF8, 0x38, 0x3F, 0xC3, 0xC1, 0xFE, 0x3C, 0x0F, 0xF1, 0xC0, 0x7F, 0x9E, 0x03, 0xFC, 0xE0, 0x1F,
    0xEF, 0x00, 0xFF, 0xF0, 0x07, 0xFF, 0x00, 0x3F, 0xF8, 0x01, 0xFF, 0x80, 0x0F, 0xFC, 0x00, 0x7F,
    0xC0, 0x03, 0xFE, 0x00, 0x1E, 0xF0, 0x03, 0xEF, 0x00, 0x3C, 0xF0, 0x07, 0xCF, 0x00, 0xF8, 0xF0,
    0x0F, 0x0F, 0x01, 0xF0, 0xF0, 0x3E, 0x0F, 0x03, 0xC0, 0xF0, 0x78, 0x0F, 0x0F, 0x80, 0xF0, 0xF0,
    0x0F, 0xFE, 0x00, 0xFF, 0xE0, 0x0F, 0xFE, 0x00, 0xF1, 0xF0, 0x0F, 0x0F, 0x80, 0xF0, 0x78, 0x0F,
    0x07, 0xC0, 0xF0, 0x3E, 0x0F, 0x01, 0xE0, 0xF0, 0x1F, 0x0F, 0x00, 0xF8, 0xF0, 0x0F, 0x8F, 0x00,
    0x7C, 0xF0, 0x03, 0xCF, 0x00, 0x3E, 0xF0, 0x01, 0xF0, 0x03, 0xFF, 0xFE, 0x07, 0xFF, 0xFC, 0x0F,
    0xFF, 0xF8, 0x1E, 0x00, 0xF0, 0x3C, 0x01, 0xE0, 0x78, 0x03, 0xC0, 0xF0, 0x07, 0x81, 0xE0, 0x0F,
    0x03, 0xC0, 0x1E, 0x07, 0x80, 0x3C, 0x0F, 0x00, 0x78, 0x1E, 0x00, 0xF0, 0x3C, 0x01, 0xE0, 0x78,
    0x03, 0xC0, 0xF0, 0x07, 0x81, 0xE0, 0x0F, 0x03, 0xC0, 0x1E, 0x07, 0x80, 0x3C, 0x1E, 0x00, 0x78,
    0x3C, 0x00, 0xF0, 0x78, 0x01, 0xE0, 0xF0, 0x03, 0xC1, 0xE0, 0x07, 0x87, 0x80, 0x0F, 0xFF, 0x00,
    0x1F, 0xFC, 0x00, 0x3F, 0xF0, 0x00, 0x78, 0xFC, 0x00, 0x07, 0xFF, 0x80, 0x00, 0xFF, 0xF8, 0x00,
    0x1F, 0xFF, 0x00, 0x07, 0xFF, 0xE0, 0x00, 0xFF, 0xFE, 0x00, 0x3F, 0xFF, 0xC0, 0x07, 0xFF, 0xBC,
    0x00, 0xEF, 0xF7, 0x80, 0x3D, 0xFE, 0x70, 0x07, 0xBF, 0xCF, 0x00, 0xE7, 0xF9, 0xE0, 0x3C, 0xFF,
    0x1C, 0x07, 0x1F, 0xE3, 0xC1, 0xE3, 0xFC, 0x78, 0x3C, 0x7F, 0x87, 0x07, 0x0F, 0xF0, 0xF1, 0xE1,
    0xFE, 0x1E, 0x3C, 0x3F, 0xC1, 0xE7, 0x07, 0xF8, 0x3D, 0xE0, 0xFF, 0x07, 0xBC, 0x1F, 0xE0, 0x7F,
    0x03, 0xFC, 0x0F, 0xE0, 0x7F, 0x81, 0xF8, 0x0F, 0xF0, 0x1F, 0x01, 0xFE, 0x03, 0xE0, 0x3F, 0xC0,
    0x38, 0x07, 0x80, 0xF0, 0x00, 0x7F, 0x80, 0x03, 0xFC, 0x00, 0x1F, 0xE0, 0x00, 0xFF, 0x00, 0x07,
    0xF8, 0x00, 0x3F, 0xC0, 0x01, 0xFE, 0x00, 0x0F, 0xF0, 0x00, 0x7F, 0x80, 0x03, 0xFC, 0x00, 0x1F,
    0xFF, 0xFF, 0xFF, 0xFF, 0xFF, 0xFF, 0xFF, 0xFF, 0xC0, 0x01, 0xFE, 0x00, 0x0F, 0xF0, 0x00, 0x7F,
    0x80, 0x03, 0xFC, 0x00, 0x1F, 0xE0, 0x00, 0xFF, 0x00, 0x07, 0xF8, 0x00, 0x3F, 0xC0, 0x01, 0xFE,
    0x00, 0x0F, 0xF0, 0x00, 0x7F, 0x80, 0x03, 0xFC, 0x00, 0x1E, 0x01, 0xFF, 0x80, 0x07, 0xFF, 0xE0,
    0x0F, 0xFF, 0xF0, 0x1F, 0xC1, 0xF8, 0x3E, 0x00, 0x7C, 0x7C, 0x00, 0x3E, 0x78, 0x00, 0x1E, 0x78,
    0x00, 0x1E, 0xF8, 0x00, 0x1F, 0xF0, 0x00, 0x0F, 0xF0, 0x00, 0x0F, 0xF0, 0x00, 0x0F, 0xF0, 0x00,
    0x0F, 0xF0, 0x00, 0x0F, 0xF0, 0x00, 0x0F, 0xF0, 0x00, 0x0F, 0xF0, 0x00, 0x0F, 0xF0, 0x00, 0x0F,
    0xF8, 0x00, 0x1F, 0x78, 0x00, 0x1E, 0x78, 0x00, 0x1E, 0x7C, 0x00, 0x3E, 0x3E, 0x00, 0x7C, 0x1F,
    0xC1, 0xF8, 0x0F, 0xFF, 0xF0, 0x07, 0xFF, 0xE0, 0x01, 0xFF, 0x80, 0xFF, 0xFF, 0xFF, 0xFF, 0xFF,
    0xFF, 0xFF, 0xFF, 0xE0, 0x00, 0xFF, 0x00, 0x07, 0xF8, 0x00, 0x3F, 0xC0, 0x01, 0xFE, 0x00, 0x0F,
    0xF0, 0x00, 0x7F, 0x80, 0x03, 0xFC, 0x00, 0x1F, 0xE0, 0x00, 0xFF, 0x00, 0x07, 0xF8, 0x00, 0x3F,
    0xC0, 0x01, 0xFE, 0x00, 0x0F, 0xF0, 0x00, 0x7F, 0x80, 0x03, 0xFC, 0x00, 0x1F, 0xE0, 0x00, 0xFF,
    0x00, 0x07, 0xF8, 0x00, 0x3F, 0xC0, 0x01, 0xFE, 0x00, 0x0F, 0xF0, 0x00, 0x7F, 0x80, 0x03, 0xFC,
    0x00, 0x1E, 0xFF, 0xF8, 0x7F, 0xFF, 0x3F, 0xFF, 0xDE, 0x07, 0xEF, 0x00, 0xFF, 0x80, 0x3F, 0xC0,
    0x1F, 0xE0, 0x0F, 0xF0, 0x07, 0xF8, 0x03, 0xFC, 0x01, 0xFE, 0x01, 0xFF, 0x07, 0xF7, 0xFF, 0xF3,
    0xFF, 0xF1, 0xFF, 0xE0, 0xF0, 0x00, 0x78, 0x00, 0x3C, 0x00, 0x1E, 0x00, 0x0F, 0x00, 0x07, 0x80,
    0x03, 0xC0, 0x01, 0xE0, 0x00, 0xF0, 0x00, 0x78, 0x00, 0x3C, 0x00, 0x00, 0x01, 0xFF, 0xE0, 0x3F,
    0xFF, 0x83, 0xFF, 0xFC, 0x3F, 0x81, 0xE3, 0xF0, 0x00, 0x1F, 0x00, 0x01, 0xF0, 0x00, 0x0F, 0x00,
    0x00, 0xF8, 0x00, 0x07, 0x80, 0x00, 0x3C, 0x00, 0x01, 0xE0, 0x00, 0x0F, 0x00, 0x00, 0x78, 0x00,
    0x03, 0xC0, 0x00, 0x1E, 0x00, 0x00, 0xF0, 0x00, 0x07, 0x80, 0x00, 0x3E, 0x00, 0x00, 0xF0, 0x00,
    0x07, 0xC0, 0x00, 0x3E, 0x00, 0x00, 0xFC, 0x00, 0x03, 0xF8, 0x1E, 0x0F, 0xFF, 0xF0, 0x3F, 0xFF,
    0x80, 0x7F, 0xF8, 0xFF, 0xFF, 0xFF, 0xFF, 0xFF, 0xFF, 0xFF, 0xF0, 0x0F, 0x00, 0x00, 0xF0, 0x00,
    0x0F, 0x00, 0x00, 0xF0, 0x00, 0x0F, 0x00, 0x00, 0xF0, 0x00, 0x0F, 0x00, 0x00, 0xF0, 0x00, 0x0F,
    0x00, 0x00, 0xF0, 0x00, 0x0F, 0x00, 0x00, 0xF0, 0x00, 0x0F, 0x00, 0x00, 0xF0, 0x00, 0x0F, 0x00,
    0x00, 0xF0, 0x00, 0x0F, 0x00, 0x00, 0xF0, 0x00, 0x0F, 0x00, 0x00, 0xF0, 0x00, 0x0F, 0x00, 0x00,
    0xF0, 0x00, 0x0F, 0x00, 0x00, 0xF0, 0x00, 0xF8, 0x00, 0x1E, 0x78, 0x00, 0x3E, 0x7C, 0x00, 0x3C,
    0x3C, 0x00, 0x3C, 0x3E, 0x00, 0x78, 0x1E, 0x00, 0x78, 0x1F, 0x00, 0xF8, 0x0F, 0x00, 0xF0, 0x0F,
    0x81, 0xF0, 0x07, 0x81, 0xE0, 0x07, 0x81, 0xE0, 0x03, 0xC3, 0xC0, 0x03, 0xC3, 0xC0, 0x01, 0xE7,
    0x80, 0x01, 0xE7, 0x80, 0x00, 0xFF, 0x00, 0x00, 0xFF, 0x00, 0x00, 0x7F, 0x00, 0x00, 0x7E, 0x00,
    0x00, 0x3E, 0x00, 0x00, 0x3C, 0x00, 0x00, 0x7C, 0x00, 0x00, 0x78, 0x00, 0x01, 0xF8, 0x00, 0x1F,
    0xF0, 0x00, 0x1F, 0xE0, 0x00, 0x1F, 0x80, 0x00, 0x00, 0x1E, 0x00, 0x00, 0x03, 0xC0, 0x00, 0x00,
    0x78, 0x00, 0x00, 0xFF, 0xF8, 0x00, 0xFF, 0xFF, 0xC0, 0x3F, 0xFF, 0xFE, 0x0F, 0xF7, 0x9F, 0xE3,
    0xF0, 0xF0, 0x7C, 0x78, 0x1E, 0x07, 0xDF, 0x03, 0xC0, 0x7B, 0xC0, 0x78, 0x0F, 0xF8, 0x0F, 0x01,
    0xFF, 0x01, 0xE0, 0x1F, 0xE0, 0x3C, 0x03, 0xFC, 0x07, 0x80, 0x7F, 0x80, 0xF0, 0x1F, 0xF0, 0x1E,
    0x03, 0xFF, 0x03, 0xC0, 0x79, 0xE0, 0x78, 0x1F, 0x3E, 0x0F, 0x07, 0xC3, 0xF9, 0xE3, 0xF8, 0x3F,
    0xFF, 0xFE, 0x03, 0xFF, 0xFF, 0x00, 0x1F, 0xFF, 0x80, 0x00, 0x1E, 0x00, 0x00, 0x03, 0xC0, 0x00,
    0x00, 0x78, 0x00, 0x00, 0x0F, 0x00, 0x00, 0x78, 0x00, 0x79, 0xF0, 0x03, 0xE3, 0xE0, 0x0F, 0x07,
    0x80, 0x78, 0x1F, 0x03, 0xE0, 0x3C, 0x0F, 0x00, 0x78, 0x78, 0x01, 0xF1, 0xE0, 0x03, 0xCF, 0x00,
    0x07, 0xF8, 0x00, 0x1F, 0xE0, 0x00, 0x3F, 0x00, 0x00, 0xF8, 0x00, 0x03, 0xF0, 0x00, 0x0F, 0xC0,
    0x00, 0x7F, 0x80, 0x01, 0xFF, 0x00, 0x0F, 0x3C, 0x00, 0x78, 0xF8, 0x01, 0xE1, 0xE0, 0x0F, 0x03,
    0xC0, 0x7C, 0x0F, 0x81, 0xE0, 0x1E, 0x0F, 0x00, 0x7C, 0x7C, 0x00, 0xF9, 0xE0, 0x01, 0xEF, 0x80,
    0x07, 0xC0, 0xF0, 0x00, 0xF0, 0xF0, 0x00, 0xF0, 0xF0, 0x00, 0xF0, 0xF0, 0x00, 0xF0, 0xF0, 0x00,
    0xF0, 0xF0, 0x00, 0xF0, 0xF0, 0x00, 0xF0, 0xF0, 0x00, 0xF0, 0xF0, 0x00, 0xF0, 0xF0, 0x00, 0xF0,
    0xF0, 0x00, 0xF0, 0xF0, 0x00, 0xF0, 0xF0, 0x00, 0xF0, 0xF0, 0x00, 0xF0, 0xF0, 0x00, 0xF0, 0xF0,
    0x00, 0xF0, 0xF0, 0x00, 0xF0, 0xF0, 0x00, 0xF0, 0xF0, 0x00, 0xF0, 0xF0, 0x00, 0xF0, 0xF0, 0x00,
    0xF0, 0xF0, 0x00, 0xF0, 0xF0, 0x00, 0xF0, 0xF0, 0x00, 0xF0, 0xFF, 0xFF, 0xFF, 0xFF, 0xFF, 0xFF,
    0xFF, 0xFF, 0xFF, 0x00, 0x00, 0x0F, 0x00, 0x00, 0x0F, 0x00, 0x00, 0x0F, 0x00, 0x00, 0x0F, 0x00,
    0x00, 0x0F, 0x00, 0x00, 0x0F, 0xF0, 0x01, 0xFE, 0x00, 0x3F, 0xC0, 0x07, 0xF8, 0x00, 0xFF, 0x00,
    0x1F, 0xE0, 0x03, 0xFC, 0x00, 0x7F, 0x80, 0x0F, 0xF0, 0x01, 0xFE, 0x00, 0x3F, 0xC0, 0x07, 0xF8,
    0x00, 0xFF, 0x80, 0x1E, 0xFE, 0x3F, 0xDF, 0xFF, 0xF9, 0xFF, 0xFF, 0x0F, 0xFD, 0xE0, 0x00, 0x3C,
    0x00, 0x07, 0x80, 0x00, 0xF0, 0x00, 0x1E, 0x00, 0x03, 0xC0, 0x00, 0x78, 0x00, 0x0F, 0x00, 0x01,
    0xE0, 0x00, 0x3C, 0x00, 0x07, 0x80, 0xF0, 0x03, 0xC0, 0x0F, 0xF0, 0x03, 0xC0, 0x0F, 0xF0, 0x03,
    0xC0, 0x0F, 0xF0, 0x03, 0xC0, 0x0F, 0xF0, 0x03, 0xC0, 0x0F, 0xF0, 0x03, 0xC0, 0x0F, 0xF0, 0x03,
    0xC0, 0x0F, 0xF0, 0x03, 0xC0, 0x0F, 0xF0, 0x03, 0xC0, 0x0F, 0xF0, 0x03, 0xC0, 0x0F, 0xF0, 0x03,
    0xC0, 0x0F, 0xF0, 0x03, 0xC0, 0x0F, 0xF0, 0x03, 0xC0, 0x0F, 0xF0, 0x03, 0xC0, 0x0F, 0xF0, 0x03,
    0xC0, 0x0F, 0xF0, 0x03, 0xC0, 0x0F, 0xF0, 0x03, 0xC0, 0x0F, 0xF0, 0x03, 0xC0, 0x0F, 0xF0, 0x03,
    0xC0, 0x0F, 0xF0, 0x03, 0xC0, 0x0F, 0xF0, 0x03, 0xC0, 0x0F, 0xF0, 0x03, 0xC0, 0x0F, 0xF0, 0x03,
    0xC0, 0x0F, 0xF0, 0x03, 0xC0, 0x0F, 0xFF, 0xFF, 0xFF, 0xFF, 0xFF, 0xFF, 0xFF, 0xFF, 0xFF, 0xFF,
    0xFF, 0xFF, 0xF0, 0x07, 0x80, 0x1E, 0x1E, 0x00, 0xF0, 0x03, 0xC3, 0xC0, 0x1E, 0x00, 0x78, 0x78,
    0x03, 0xC0, 0x0F, 0x0F, 0x00, 0x78, 0x01, 0xE1, 0xE0, 0x0F, 0x00, 0x3C, 0x3C, 0x01, 0xE0, 0x07,
    0x87, 0x80, 0x3C, 0x00, 0xF0, 0xF0, 0x07, 0x80, 0x1E, 0x1E, 0x00, 0xF0, 0x03, 0xC3, 0xC0, 0x1E,
    0x00, 0x78, 0x78, 0x03, 0xC0, 0x0F, 0x0F, 0x00, 0x78, 0x01, 0xE1, 0xE0, 0x0F, 0x00, 0x3C, 0x3C,
    0x01, 0xE0, 0x07, 0x87, 0x80, 0x3C, 0x00, 0xF0, 0xF0, 0x07, 0x80, 0x1E, 0x1E, 0x00, 0xF0, 0x03,
    0xC3, 0xC0, 0x1E, 0x00, 0x78, 0x78, 0x03, 0xC0, 0x0F, 0x0F, 0x00, 0x78, 0x01, 0xE1, 0xE0, 0x0F,
    0x00, 0x3C, 0x3C, 0x01, 0xE0, 0x07, 0x87, 0x80, 0x3C, 0x00, 0xF0, 0xFF, 0xFF, 0xFF, 0xFF, 0xFF,
    0xFF, 0xFF, 0xFF, 0xFF, 0xFF, 0xFF, 0xFF, 0xFF, 0x80, 0x00, 0x00, 0x00, 0xF0, 0x00, 0x00, 0x00,
    0x1E, 0x00, 0x00, 0x00, 0x03, 0xC0, 0x00, 0x00, 0x00, 0x78, 0x00, 0x00, 0x00, 0x0F, 0x00, 0x00,
    0x00, 0x01, 0xE0, 0xFF, 0xC0, 0x01, 0xFF, 0x80, 0x03, 0xFF, 0x00, 0x00, 0x1E, 0x00, 0x00, 0x3C,
    0x00, 0x00, 0x78, 0x00, 0x00, 0xF0, 0x00, 0x01, 0xE0, 0x00, 0x03, 0xC0, 0x00, 0x07, 0x80, 0x00,
    0x0F, 0xFF, 0x00, 0x1F, 0xFF, 0x80, 0x3F, 0xFF, 0x80, 0x78, 0x3F, 0x80, 0xF0, 0x0F, 0x81, 0xE0,
    0x1F, 0x03, 0xC0, 0x1E, 0x07, 0x80, 0x3C, 0x0F, 0x00, 0x78, 0x1E, 0x00, 0xF0, 0x3C, 0x01, 0xE0,
    0x78, 0x03, 0xC0, 0xF0, 0x0F, 0x81, 0xE0, 0x7E, 0x03, 0xFF, 0xF8, 0x07, 0xFF, 0xE0, 0x0F, 0xFF,
    0x00, 0xF0, 0x00, 0x07, 0xF8, 0x00, 0x03, 0xFC, 0x00, 0x01, 0xFE, 0x00, 0x00, 0xFF, 0x00, 0x00,
    0x7F, 0x80, 0x00, 0x3F, 0xC0, 0x00, 0x1F, 0xE0, 0x00, 0x0F, 0xF0, 0x00, 0x07, 0xF8, 0x00, 0x03,
    0xFF, 0xFC, 0x01, 0xFF, 0xFF, 0x80, 0xFF, 0xFF, 0xE0, 0x7F, 0x83, 0xF8, 0x3F, 0xC0, 0x3E, 0x1F,
    0xE0, 0x1F, 0x0F, 0xF0, 0x07, 0x87, 0xF8, 0x03, 0xC3, 0xFC, 0x01, 0xE1, 0xFE, 0x00, 0xF0, 0xFF,
    0x00, 0x78, 0x7F, 0x80, 0x7C, 0x3F, 0xC0, 0x3E, 0x1F, 0xE0, 0xFE, 0x0F, 0xFF, 0xFE, 0x07, 0xFF,
    0xFE, 0x03, 0xFF, 0xFC, 0x01, 0xE0, 0xF0, 0x00, 0x78, 0x00, 0x3C, 0x00, 0x1E, 0x00, 0x0F, 0x00,
    0x07, 0x80, 0x03, 0xC0, 0x01, 0xE0, 0x00, 0xF0, 0x00, 0x78, 0x00, 0x3F, 0xFC, 0x1F, 0xFF, 0x8F,
    0xFF, 0xE7, 0x83, 0xFB, 0xC0, 0x3F, 0xE0, 0x1F, 0xF0, 0x07, 0xF8, 0x03, 0xFC, 0x01, 0xFE, 0x00,
    0xFF, 0x00, 0x7F, 0x80, 0x7F, 0xC0, 0x3F, 0xE0, 0xFE, 0xFF, 0xFE, 0x7F, 0xFE, 0x3F, 0xFC, 0x00,
    0x3F, 0xF8, 0x07, 0xFF, 0xF0, 0x3F, 0xFF, 0xE0, 0xF0, 0x7F, 0x80, 0x00, 0x7C, 0x00, 0x01, 0xF0,
    0x00, 0x07, 0xC0, 0x00, 0x3E, 0x00, 0x00, 0xF0, 0x00, 0x07, 0xC0, 0x00, 0x3E, 0x1F, 0xFF, 0xF1,
    0xFF, 0xFF, 0x8F, 0xFF, 0xFC, 0x00, 0x01, 0xE0, 0x00, 0x0F, 0x00, 0x00, 0xF8, 0x00, 0x07, 0x80,
    0x00, 0x3C, 0x00, 0x03, 0xE0, 0x00, 0x1E, 0x00, 0x01, 0xF0, 0x00, 0x1F, 0x1E, 0x07, 0xF0, 0xFF,
    0xFF, 0x07, 0xFF, 0xF0, 0x1F, 0xFE, 0x00, 0xF0, 0x01, 0xFF, 0x80, 0xF0, 0x07, 0xFF, 0xE0, 0xF0,
    0x1F, 0xFF, 0xF0, 0xF0, 0x3F, 0x83, 0xF8, 0xF0, 0x3E, 0x00, 0xFC, 0xF0, 0x7C, 0x00, 0x7C, 0xF0,
    0x78, 0x00, 0x3E, 0xF0, 0xF8, 0x00, 0x1E, 0xF0, 0xF0, 0x00, 0x1E, 0xF0, 0xF0, 0x00, 0x1F, 0xF0,
    0xF0, 0x00, 0x1F, 0xFF, 0xF0, 0x00, 0x0F, 0xFF, 0xF0, 0x00, 0x0F, 0xFF, 0xF0, 0x00, 0x0F, 0xF0,
    0xF0, 0x00, 0x0F, 0xF0, 0xF0, 0x00, 0x0F, 0xF0, 0xF0, 0x00, 0x1F, 0xF0, 0xF0, 0x00, 0x1E, 0xF0,
    0xF8, 0x00, 0x1E, 0xF0, 0xF8, 0x00, 0x1E, 0xF0, 0x78, 0x00, 0x3E, 0xF0, 0x7C, 0x00, 0x7C, 0xF0,
    0x3E, 0x00, 0xFC, 0xF0, 0x1F, 0x83, 0xF8, 0xF0, 0x0F, 0xFF, 0xF0, 0xF0, 0x07, 0xFF, 0xE0, 0xF0,
    0x01, 0xFF, 0x80, 0x03, 0xFF, 0xF0, 0x7F, 0xFF, 0x1F, 0xFF, 0xF1, 0xF8, 0x0F, 0x3E, 0x00, 0xF3,
    0xC0, 0x0F, 0x3C, 0x00, 0xF3, 0xC0, 0x0F, 0x3C, 0x00, 0xF3, 0xC0, 0x0F, 0x3E, 0x00, 0xF3, 0xF0,
    0x0F, 0x1F, 0xC0, 0xF0, 0xFF, 0xFF, 0x07, 0xFF, 0xF0, 0x1F, 0xFF, 0x01, 0xE0, 0xF0, 0x3E, 0x0F,
    0x07, 0xC0, 0xF0, 0x78, 0x0F, 0x0F, 0x80, 0xF0, 0xF0, 0x0F, 0x1F, 0x00, 0xF3, 0xE0, 0x0F, 0x3C,
    0x00, 0xF7, 0xC0, 0x0F, 0xF8, 0x00, 0xF0, 0x1F, 0xF8, 0x3F, 0xFF, 0x1F, 0xFF, 0xC7, 0x83, 0xE0,
    0x00, 0xF8, 0x00, 0x7C, 0x00, 0x1E, 0x00, 0x0F, 0x07, 0xFF, 0x9F, 0xFF, 0xDF, 0xFF, 0xEF, 0xE0,
    0xFF, 0x80, 0x7F, 0x80, 0x3F, 0xC0, 0x3F, 0xE0, 0x1F, 0xF0, 0x1F, 0xFC, 0x3F, 0xDF, 0xFF, 0xEF,
    0xFE, 0xF1, 0xFC, 0x78, 0x00, 0x03, 0x80, 0x0F, 0xF0, 0x0F, 0xFE, 0x03, 0xFF, 0xC1, 0xFF, 0x80,
    0x3E, 0x00, 0x0F, 0x80, 0x03, 0xC0, 0x00, 0x78, 0x00, 0x0E, 0x00, 0x03, 0xCF, 0xF0, 0x7F, 0xFF,
    0x8F, 0xFF, 0xF9, 0xFC, 0x3F, 0x3F, 0x01, 0xF7, 0xC0, 0x1E, 0xF0, 0x03, 0xDE, 0x00, 0x7F, 0xC0,
    0x07, 0xF8, 0x00, 0xFF, 0x00, 0x1F, 0xE0, 0x03, 0xFC, 0x00, 0xFF, 0x80, 0x1F, 0xF8, 0x03, 0xCF,
    0x00, 0xF9, 0xF0, 0x1E, 0x1F, 0x0F, 0xC1, 0xFF, 0xF0, 0x1F, 0xFC, 0x01, 0xFE, 0x00, 0xFF, 0xF8,
    0x7F, 0xFE, 0x3F, 0xFF, 0x9E, 0x07, 0xEF, 0x01, 0xF7, 0x80, 0x7B, 0xC0, 0x3D, 0xE0, 0x3C, 0xF0,
    0x7E, 0x7F, 0xFE, 0x3F, 0xFF, 0x1F, 0xFF, 0xCF, 0x01, 0xF7, 0x80, 0x7F, 0xC0, 0x1F, 0xE0, 0x0F,
    0xF0, 0x0F, 0xF8, 0x0F, 0xBF, 0xFF, 0xDF, 0xFF, 0xCF, 0xFF, 0x80, 0xFF, 0xFF, 0xFF, 0xFF, 0xFF,
    0xE0, 0x0F, 0x00, 0x78, 0x03, 0xC0, 0x1E, 0x00, 0xF0, 0x07, 0x80, 0x3C, 0x01, 0xE0, 0x0F, 0x00,
    0x78, 0x03, 0xC0, 0x1E, 0x00, 0xF0, 0x07, 0x80, 0x3C, 0x01, 0xE0, 0x0F, 0x00, 0x00, 0x07, 0xFF,
    0xE0, 0x1F, 0xFF, 0x80, 0x7F, 0xFE, 0x01, 0xE0, 0x78, 0x07, 0x81, 0xE0, 0x1E, 0x07, 0x80, 0x78,
    0x1E, 0x01, 0xE0, 0x78, 0x07, 0x81, 0xE0, 0x3E, 0x07, 0x80, 0xF0, 0x1E, 0x03, 0xC0, 0x78, 0x0F,
    0x01, 0xE0, 0x3C, 0x07, 0x80, 0xF0, 0x1E, 0x07, 0x80, 0x78, 0x1E, 0x01, 0xE0, 0xF0, 0x07, 0x8F,
    0xFF, 0xFF, 0xFF, 0xFF, 0xFF, 0xFF, 0xFF, 0xFF, 0xC0, 0x00, 0xFF, 0x00, 0x03, 0xFC, 0x00, 0x0F,
    0xF0, 0x00, 0x3F, 0xC0, 0x00, 0xFE, 0x00, 0x01, 0xC0, 0x07, 0xF8, 0x0F, 0xFE, 0x0F, 0xFF, 0x8F,
    0xC3, 0xE7, 0x80, 0xFF, 0xC0, 0x3F, 0xC0, 0x1F, 0xE0, 0x0F, 0xFF, 0xFF, 0xFF, 0xFF, 0xFF, 0xFF,
    0xFE, 0x00, 0x0F, 0x00, 0x07, 0x80, 0x03, 0xC0, 0x01, 0xF0, 0x00, 0x7C, 0x00, 0x3F, 0x83, 0x8F,
    0xFF, 0xC3, 0xFF, 0xE0, 0x7F, 0xE0, 0x78, 0x07, 0x80, 0xF1, 0xE0, 0x3C, 0x0F, 0x8F, 0x81, 0xE0,
    0x78, 0x3C, 0x0F, 0x07, 0x80, 0xF0, 0x78, 0x7C, 0x07, 0xC3, 0xC3, 0xC0, 0x1E, 0x1E, 0x3C, 0x00,
    0x78, 0xF1, 0xE0, 0x03, 0xC7, 0x9E, 0x00, 0x0F, 0xFF, 0xF0, 0x00, 0x7F, 0xFF, 0x00, 0x07, 0xFF,
    0xFC, 0x00, 0x3C, 0x79, 0xF0, 0x03, 0xE3, 0xC7, 0x80, 0x3E, 0x1E, 0x3E, 0x01, 0xE0, 0xF0, 0xF8,
    0x1F, 0x07, 0x83, 0xC0, 0xF0, 0x3C, 0x1F, 0x0F, 0x01, 0xE0, 0x7C, 0xF8, 0x0F, 0x01, 0xE7, 0x80,
    0x78, 0x0F, 0x80, 0x3F, 0xF1, 0xFF, 0xF3, 0xFF, 0xF3, 0x83, 0xF0, 0x03, 0xE0, 0x03, 0xC0, 0x0F,
    0x80, 0x3E, 0x1F, 0xF8, 0x7F, 0xE0, 0xFF, 0xE0, 0x07, 0xE0, 0x03, 0xE0, 0x03, 0xC0, 0x07, 0x80,
    0x0F, 0x00, 0x1F, 0xC0, 0xFF, 0xFF, 0xF7, 0xFF, 0xC7, 0xFF, 0x00, 0xF0, 0x0F, 0xF8, 0x0F, 0xFC,
    0x07, 0xFE, 0x07, 0xFF, 0x03, 0xFF, 0x83, 0xFF, 0xC1, 0xFF, 0xE1, 0xEF, 0xF0, 0xF7, 0xF8, 0xF3,
    0xFC, 0x71, 0xFE, 0x78, 0xFF, 0x38, 0x7F, 0xBC, 0x3F, 0xFC, 0x1F, 0xFE, 0x0F, 0xFE, 0x07, 0xFF,
    0x03, 0xFF, 0x01, 0xFF, 0x80, 0xFF, 0x80, 0x78, 0x1C, 0x1C, 0x0E, 0x0E, 0x07, 0x8F, 0x03, 0xFF,
    0x80, 0xFF, 0x80, 0x3F, 0x80, 0x00, 0x00, 0x00, 0x00, 0xF0, 0x0F, 0xF8, 0x0F, 0xFC, 0x07, 0xFE,
    0x07, 0xFF, 0x03, 0xFF, 0x83, 0xFF, 0xC1, 0xFF, 0xE1, 0xEF, 0xF0, 0xF7, 0xF8, 0xF3, 0xFC, 0x71,
    0xFE, 0x78, 0xFF, 0x38, 0x7F, 0xBC, 0x3F, 0xFC, 0x1F, 0xFE, 0x0F, 0xFE, 0x07, 0xFF, 0x03, 0xFF,
    0x01, 0xFF, 0x80, 0xFF, 0x80, 0x78, 0xF0, 0x0F, 0x78, 0x0F, 0x3C, 0x0F, 0x9E, 0x07, 0x8F, 0x07,
    0x87, 0x83, 0xC3, 0xC3, 0xC1, 0xE3, 0xC0, 0xF1, 0xE0, 0x7F, 0xE0, 0x3F, 0xF0, 0x1F, 0xFC, 0x0F,
    0x1E, 0x07, 0x8F, 0x83, 0xC3, 0xE1, 0xE0, 0xF0, 0xF0, 0x7C, 0x78, 0x1F, 0x3C, 0x07, 0x9E, 0x03,
    0xEF, 0x00, 0xF8, 0x07, 0xFF, 0xE0, 0xFF, 0xFC, 0x1F, 0xFF, 0x83, 0x80, 0xF0, 0x70, 0x1E, 0x0E,
    0x03, 0xC1, 0xC0, 0x78, 0x38, 0x0F, 0x07, 0x01, 0xE0, 0xE0, 0x3C, 0x1C, 0x07, 0x87, 0x80, 0xF0,
    0xF0, 0x1E, 0x1E, 0x03, 0xC3, 0xC0, 0x78, 0x78, 0x0F, 0x0F, 0x01, 0xE3, 0xC0, 0x3F, 0xF8, 0x07,
    0xFE, 0x00, 0xFF, 0x80, 0x1E, 0xF8, 0x00, 0x7F, 0xF8, 0x00, 0xFF, 0xF0, 0x03, 0xFF, 0xF0, 0x07,
    0xFF, 0xE0, 0x0F, 0xFF, 0xC0, 0x3F, 0xFF, 0xC0, 0x7F, 0xFF, 0x81, 0xEF, 0xF7, 0x03, 0xDF, 0xEF,
    0x07, 0x3F, 0xCE, 0x1E, 0x7F, 0x9E, 0x3C, 0xFF, 0x3C, 0x71, 0xFE, 0x39, 0xE3, 0xFC, 0x7B, 0x87,
    0xF8, 0xFF, 0x0F, 0xF0, 0xFE, 0x1F, 0xE1, 0xF8, 0x3F, 0xC1, 0xF0, 0x7F, 0x83, 0xC0, 0xFF, 0x07,
    0x81, 0xE0, 0xF0, 0x07, 0xF8, 0x03, 0xFC, 0x01, 0xFE, 0x00, 0xFF, 0x00, 0x7F, 0x80, 0x3F, 0xC0,
    0x1F, 0xE0, 0x0F, 0xF0, 0x07, 0xFF, 0xFF, 0xFF, 0xFF, 0xFF, 0xFF, 0xFF, 0x00, 0x7F, 0x80, 0x3F,
    0xC0, 0x1F, 0xE0, 0x0F, 0xF0, 0x07, 0xF8, 0x03, 0xFC, 0x01, 0xFE, 0x00, 0xFF, 0x00, 0x78, 0x07,
    0xF8, 0x03, 0xFF, 0xC0, 0xFF, 0xFC, 0x3F, 0x0F, 0xC7, 0xC0, 0x7D, 0xF0, 0x07, 0xBC, 0x00, 0xF7,
    0x80, 0x1F, 0xF0, 0x03, 0xFE, 0x00, 0x3F, 0xC0, 0x07, 0xF8, 0x00, 0xFF, 0x00, 0x3F, 0xE0, 0x07,
    0xFC, 0x00, 0xF3, 0xC0, 0x1E, 0x7C, 0x07, 0xC7, 0xC3, 0xF0, 0xFF, 0xFC, 0x0F, 0xFF, 0x00, 0x7F,
    0x80, 0xFF, 0xFF, 0xFF, 0xFF, 0xFF, 0xFF, 0xFE, 0x00, 0xFF, 0x00, 0x7F, 0x80, 0x3F, 0xC0, 0x1F,
    0xE0, 0x0F, 0xF0, 0x07, 0xF8, 0x03, 0xFC, 0x01, 0xFE, 0x00, 0xFF, 0x00, 0x7F, 0x80, 0x3F, 0xC0,
    0x1F, 0xE0, 0x0F, 0xF0, 0x07, 0xF8, 0x03, 0xFC, 0x01, 0xFE, 0x00, 0xFF, 0x00, 0x78, 0xE3, 0xFC,
    0x3B, 0xFF, 0x8F, 0xFF, 0xF3, 0xF8, 0x7E, 0xF8, 0x0F, 0xBE, 0x01, 0xFF, 0x00, 0x3F, 0xC0, 0x0F,
    0xF0, 0x03, 0xFC, 0x00, 0xFF, 0x00, 0x3F, 0xC0, 0x0F, 0xF0, 0x03, 0xFC, 0x00, 0xFF, 0x00, 0x3F,
    0xE0, 0x1F, 0xF8, 0x0F, 0xBF, 0x87, 0xEF, 0xFF, 0xF3, 0xFF, 0xF8, 0xF3, 0xFC, 0x3C, 0x00, 0x0F,
    0x00, 0x03, 0xC0, 0x00, 0xF0, 0x00, 0x3C, 0x00, 0x0F, 0x00, 0x03, 0xC0, 0x00, 0xF0, 0x00, 0x3C,
    0x00, 0x00, 0x07, 0xFC, 0x3F, 0xFC, 0xFF, 0xF9, 0xF8, 0x67, 0xC0, 0x0F, 0x00, 0x3E, 0x00, 0x78,
    0x00, 0xF0, 0x01, 0xE0, 0x03, 0xC0, 0x07, 0x80, 0x0F, 0x00, 0x1E, 0x00, 0x3C, 0x00, 0x7C, 0x00,
    0x7C, 0x00, 0xFE, 0x1C, 0xFF, 0xF8, 0xFF, 0xF0, 0x7F, 0xC0, 0xFF, 0xFF, 0xFF, 0xFF, 0xFF, 0xFF,
    0x03, 0xC0, 0x03, 0xC0, 0x03, 0xC0, 0x03, 0xC0, 0x03, 0xC0, 0x03, 0xC0, 0x03, 0xC0, 0x03, 0xC0,
    0x03, 0xC0, 0x03, 0xC0, 0x03, 0xC0, 0x03, 0xC0, 0x03, 0xC0, 0x03, 0xC0, 0x03, 0xC0, 0x03, 0xC0,
    0x03, 0xC0, 0x03, 0xC0, 0xF8, 0x01, 0xF7, 0x80, 0x1E, 0x78, 0x01, 0xE7, 0xC0, 0x3E, 0x3C, 0x03,
    0xC3, 0xC0, 0x3C, 0x1E, 0x07, 0x81, 0xE0, 0x78, 0x1E, 0x07, 0x80, 0xF0, 0xF0, 0x0F, 0x0F, 0x00,
    0xF0, 0xF0, 0x07, 0x9E, 0x00, 0x79, 0xE0, 0x03, 0x9E, 0x00, 0x3F, 0xC0, 0x03, 0xFC, 0x00, 0x1F,
    0x80, 0x01, 0xF8, 0x00, 0x1F, 0x80, 0x00, 0xF0, 0x00, 0x0F, 0x00, 0x00, 0xF0, 0x00, 0x1E, 0x00,
    0x01, 0xE0, 0x00, 0x3C, 0x00, 0x07, 0xC0, 0x07, 0xF8, 0x00, 0x7F, 0x00, 0x07, 0xE0, 0x00, 0x00,
    0x3C, 0x00, 0x00, 0x3C, 0x00, 0x00, 0x3C, 0x00, 0x00, 0x3C, 0x00, 0x00, 0x3C, 0x00, 0x00, 0x3C,
    0x00, 0x00, 0x3C, 0x00, 0x00, 0x3C, 0x00, 0x00, 0x3C, 0x00, 0x03, 0xFF, 0xC0, 0x0F, 0xFF, 0xF0,
    0x1F, 0xFF, 0xF8, 0x3F, 0xBD, 0xFC, 0x7C, 0x3C, 0x3E, 0x78, 0x3C, 0x1E, 0xF8, 0x3C, 0x1F, 0xF0,
    0x3C, 0x0F, 0xF0, 0x3C, 0x0F, 0xF0, 0x3C, 0x0F, 0xF0, 0x3C, 0x0F, 0xF0, 0x3C, 0x0F, 0xF0, 0x3C,
    0x0F, 0xF0, 0x3C, 0x0F, 0xF8, 0x3C, 0x1F, 0x78, 0x3C, 0x1E, 0x7C, 0x3C, 0x3E, 0x3F, 0xBD, 0xFC,
    0x1F, 0xFF, 0xF8, 0x0F, 0xFF, 0xF0, 0x03, 0xFF, 0xC0, 0x00, 0x3C, 0x00, 0x00, 0x3C, 0x00, 0x00,
    0x3C, 0x00, 0x00, 0x3C, 0x00, 0x00, 0x3C, 0x00, 0x00, 0x3C, 0x00, 0x00, 0x3C, 0x00, 0x00, 0x3C,
    0x00, 0x00, 0x3C, 0x00, 0x7C, 0x03, 0xE3, 0xC0, 0x3C, 0x3E, 0x07, 0xC1, 0xF0, 0xF8, 0x0F, 0x0F,
    0x00, 0xF9, 0xF0, 0x07, 0x9E, 0x00, 0x3F, 0xC0, 0x01, 0xF8, 0x00, 0x1F, 0x80, 0x00, 0xF0, 0x00,
    0x1F, 0x80, 0x03, 0xFC, 0x00, 0x3F, 0xE0, 0x07, 0x9E, 0x00, 0xF9, 0xF0, 0x1F, 0x0F, 0x81, 0xE0,
    0x78, 0x3E, 0x07, 0xC7, 0xC0, 0x3E, 0x78, 0x01, 0xE0, 0xF0, 0x07, 0x8F, 0x00, 0x78, 0xF0, 0x07,
    0x8F, 0x00, 0x78, 0xF0, 0x07, 0x8F, 0x00, 0x78, 0xF0, 0x07, 0x8F, 0x00, 0x78, 0xF0, 0x07, 0x8F,
    0x00, 0x78, 0xF0, 0x07, 0x8F, 0x00, 0x78, 0xF0, 0x07, 0x8F, 0x00, 0x78, 0xF0, 0x07, 0x8F, 0x00,
    0x78, 0xF0, 0x07, 0x8F, 0x00, 0x78, 0xFF, 0xFF, 0xFF, 0xFF, 0xFF, 0xFF, 0xFF, 0xF0, 0x00, 0x0F,
    0x00, 0x00, 0xF0, 0x00, 0x0F, 0x00, 0x00, 0xF0, 0x00, 0x0F, 0x00, 0x00, 0xE0, 0xF0, 0x07, 0xF8,
    0x03, 0xFC, 0x01, 0xFE, 0x00, 0xFF, 0x00, 0x7F, 0x80, 0x3F, 0xC0, 0x1F, 0xE0, 0x0F, 0xF0, 0x07,
    0xFC, 0x03, 0xFF, 0x07, 0xEF, 0xFF, 0xF3, 0xFF, 0xF8, 0xFF, 0xFC, 0x00, 0x1E, 0x00, 0x0F, 0x00,
    0x07, 0x80, 0x03, 0xC0, 0x01, 0xE0, 0x00, 0xF0, 0x00, 0x78, 0xF0, 0x0F, 0x00, 0xFF, 0x00, 0xF0,
    0x0F, 0xF0, 0x0F, 0x00, 0xFF, 0x00, 0xF0, 0x0F, 0xF0, 0x0F, 0x00, 0xFF, 0x00, 0xF0, 0x0F, 0xF0,
    0x0F, 0x00, 0xFF, 0x00, 0xF0, 0x0F, 0xF0, 0x0F, 0x00, 0xFF, 0x00, 0xF0, 0x0F, 0xF0, 0x0F, 0x00,
    0xFF, 0x00, 0xF0, 0x0F, 0xF0, 0x0F, 0x00, 0xFF, 0x00, 0xF0, 0x0F, 0xF0, 0x0F, 0x00, 0xFF, 0x00,
    0xF0, 0x0F, 0xF0, 0x0F, 0x00, 0xFF, 0x00, 0xF0, 0x0F, 0xFF, 0xFF, 0xFF, 0xFF, 0xFF, 0xFF, 0xFF,
    0xFF, 0xFF, 0xFF, 0xF0, 0xF0, 0x0F, 0x01, 0xE1, 0xE0, 0x1E, 0x03, 0xC3, 0xC0, 0x3C, 0x07, 0x87,
    0x80, 0x78, 0x0F, 0x0F, 0x00, 0xF0, 0x1E, 0x1E, 0x01, 0xE0, 0x3C, 0x3C, 0x03, 0xC0, 0x78, 0x78,
    0x07, 0x80, 0xF0, 0xF0, 0x0F, 0x01, 0xE1, 0xE0, 0x1E, 0x03, 0xC3, 0xC0, 0x3C, 0x07, 0x87, 0x80,
    0x78, 0x0F, 0x0F, 0x00, 0xF0, 0x1E, 0x1E, 0x01, 0xE0, 0x3C, 0x3C, 0x03, 0xC0, 0x78, 0x78, 0x07,
    0x80, 0xF0, 0xF0, 0x0F, 0x01, 0xE1, 0xE0, 0x1E, 0x03, 0xC3, 0xFF, 0xFF, 0xFF, 0xFF, 0xFF, 0xFF,
    0xFF, 0xFF, 0xFF, 0xFF, 0xFF, 0xE0, 0x00, 0x00, 0x03, 0xC0, 0x00, 0x00, 0x07, 0x80, 0x00, 0x00,
    0x0F, 0x00, 0x00, 0x00, 0x1E, 0x00, 0x00, 0x00, 0x3C, 0x00, 0x00, 0x00, 0x70, 0xFF, 0xC0, 0x03,
    0xFF, 0x00, 0x0F, 0xFC, 0x00, 0x00, 0xF0, 0x00, 0x03, 0xC0, 0x00, 0x0F, 0x00, 0x00, 0x3C, 0x00,
    0x00, 0xF0, 0x00, 0x03, 0xFF, 0xC0, 0x0F, 0xFF, 0xC0, 0x3F, 0xFF, 0x80, 0xF0, 0x3E, 0x03, 0xC0,
    0x7C, 0x0F, 0x00, 0xF0, 0x3C, 0x03, 0xC0, 0xF0, 0x1F, 0x03, 0xC0, 0x7C, 0x0F, 0x03, 0xE0, 0x3F,
    0xFF, 0x80, 0xFF, 0xFC, 0x03, 0xFF, 0xC0, 0xF0, 0x00, 0x3F, 0xC0, 0x00, 0xFF, 0x00, 0x03, 0xFC,
    0x00, 0x0F, 0xF0, 0x00, 0x3F, 0xC0, 0x00, 0xFF, 0x00, 0x03, 0xFC, 0x00, 0x0F, 0xFF, 0xF0, 0x3F,
    0xFF, 0xF0, 0xFF, 0xFF, 0xE3, 0xFC, 0x0F, 0x8F, 0xF0, 0x1F, 0x3F, 0xC0, 0x3C, 0xFF, 0x00, 0xF3,
    0xFC, 0x07, 0xCF, 0xF0, 0x1F, 0x3F, 0xC0, 0xF8, 0xFF, 0xFF, 0xE3, 0xFF, 0xFF, 0x0F, 0xFF, 0xF0,
    0x3C, 0xF0, 0x00, 0xF0, 0x00, 0xF0, 0x00, 0xF0, 0x00, 0xF0, 0x00, 0xF0, 0x00, 0xF0, 0x00, 0xF0,
    0x00, 0xFF, 0xF0, 0xFF, 0xFC, 0xFF, 0xFE, 0xF0, 0x3E, 0xF0, 0x1F, 0xF0, 0x0F, 0xF0, 0x0F, 0xF0,
    0x0F, 0xF0, 0x1F, 0xF0, 0x3E, 0xFF, 0xFE, 0xFF, 0xFC, 0xFF, 0xF0, 0x7F, 0xC0, 0xFF, 0xF0, 0xFF,
    0xF8, 0x60, 0xFC, 0x00, 0x3E, 0x00, 0x3E, 0x00, 0x1E, 0x00, 0x1F, 0x00, 0x1F, 0x3F, 0xFF, 0x3F,
    0xFF, 0x3F, 0xFF, 0x00, 0x1F, 0x00, 0x1F, 0x00, 0x1E, 0x00, 0x3E, 0x00, 0x3E, 0xC0, 0xFC, 0xFF,
    0xF8, 0xFF, 0xF0, 0x7F, 0xC0, 0xF0, 0x0F, 0xF0, 0x78, 0x1F, 0xFE, 0x3C, 0x1F, 0xFF, 0x9E, 0x1F,
    0x87, 0xEF, 0x0F, 0x00, 0xF7, 0x8F, 0x80, 0x7F, 0xC7, 0x80, 0x1F, 0xE3, 0xC0, 0x0F, 0xF1, 0xE0,
    0x07, 0xFF, 0xF0, 0x03, 0xFF, 0xF8, 0x01, 0xFF, 0xFC, 0x00, 0xFF, 0x1E, 0x00, 0x7F, 0x8F, 0x00,
    0x3F, 0xC7, 0x80, 0x1F, 0xE3, 0xE0, 0x1F, 0xF0, 0xF0, 0x0F, 0x78, 0x7E, 0x1F, 0xBC, 0x1F, 0xFF,
    0x9E, 0x07, 0xFF, 0x8F, 0x00, 0xFF, 0x00, 0x0F, 0xFF, 0xC7, 0xFF, 0xF3, 0xFF, 0xFD, 0xF8, 0x0F,
    0x78, 0x03, 0xDE, 0x00, 0xF7, 0x80, 0x3D, 0xE0, 0x0F, 0x78, 0x03, 0xDF, 0x80, 0xF3, 0xFF, 0xFC,
    0x7F, 0xFF, 0x07, 0xFF, 0xC1, 0xE0, 0xF0, 0xF8, 0x3C, 0x7C, 0x0F, 0x1E, 0x03, 0xCF, 0x80, 0xF7,
    0xC0, 0x3D, 0xE0, 0x0F, 0xF8, 0x03, 0xC0, 0x0F, 0x80, 0x03, 0xC0, 0x01, 0xF0, 0x00, 0x78, 0x00,
    0x1E, 0x00, 0x07, 0x80, 0x01, 0xC0, 0x00, 0x00, 0x00, 0x00, 0x03, 0xFC, 0x07, 0xFF, 0x07, 0xFF,
    0xC7, 0xE1, 0xF3, 0xC0, 0x7F, 0xE0, 0x1F, 0xE0, 0x0F, 0xF0, 0x07, 0xFF, 0xFF, 0xFF, 0xFF, 0xFF,
    0xFF, 0xFF, 0x00, 0x07, 0x80, 0x03, 0xC0, 0x01, 0xE0, 0x00, 0xF8, 0x00, 0x3E, 0x00, 0x1F, 0xC1,
    0xC7, 0xFF, 0xE1, 0xFF, 0xF0, 0x3F, 0xF0, 0x0E, 0x1C, 0x07, 0x9E, 0x03, 0xCF, 0x01, 0xC3, 0x80,
    0x00, 0x00, 0x00, 0x00, 0x1F, 0xE0, 0x3F, 0xF8, 0x3F, 0xFE, 0x3F, 0x0F, 0x9E, 0x03, 0xFF, 0x00,
    0xFF, 0x00, 0x7F, 0x80, 0x3F, 0xFF, 0xFF, 0xFF, 0xFF, 0xFF, 0xFF, 0xF8, 0x00, 0x3C, 0x00, 0x1E,
    0x00, 0x0F, 0x00, 0x07, 0xC0, 0x01, 0xF0, 0x00, 0xFE, 0x0E, 0x3F, 0xFF, 0x0F, 0xFF, 0x81, 0xFF,
    0x80, 0x1E, 0x00, 0x01, 0xE0, 0x00, 0x1E, 0x00, 0x0F, 0xFF, 0x80, 0xFF, 0xF8, 0x0F, 0xFF, 0x80,
    0x1E, 0x00, 0x01, 0xE0, 0x00, 0x1E, 0x7F, 0x81, 0xFF, 0xFC, 0x1F, 0xFF, 0xE1, 0xFC, 0x3F, 0x1F,
    0x01, 0xF1, 0xF0, 0x0F, 0x1E, 0x00, 0xF1, 0xE0, 0x0F, 0x1E, 0x00, 0xF1, 0xE0, 0x0F, 0x1E, 0x00,
    0xF1, 0xE0, 0x0F, 0x1E, 0x00, 0xF1, 0xE0, 0x0F, 0x1E, 0x00, 0xF1, 0xE0, 0x0F, 0x1E, 0x00, 0xF1,
    0xE0, 0x0F, 0x1E, 0x00, 0xF1, 0xE0, 0x0F, 0x1E, 0x00, 0xF0, 0x00, 0x0F, 0x00, 0x00, 0xF0, 0x00,
    0x0F, 0x00, 0x00, 0xF0, 0x00, 0x0F, 0x00, 0x01, 0xF0, 0x03, 0xFE, 0x00, 0x3F, 0xE0, 0x03, 0xF8,
    0x00, 0xF0, 0x0F, 0x80, 0xF8, 0x07, 0x80, 0x78, 0x07, 0x80, 0x38, 0x00, 0x00, 0x00, 0x07, 0xFF,
    0xFF, 0xFF, 0xFF, 0xFF, 0x00, 0x78, 0x03, 0xC0, 0x1E, 0x00, 0xF0, 0x07, 0x80, 0x3C, 0x01, 0xE0,
    0x0F, 0x00, 0x78, 0x03, 0xC0, 0x1E, 0x00, 0xF0, 0x07, 0x80, 0x3C, 0x01, 0xE0, 0x0F, 0x00, 0x78,
    0x00, 0x07, 0xFC, 0x3F, 0xFC, 0xFF, 0xF9, 0xF8, 0x67, 0xC0, 0x0F, 0x00, 0x3E, 0x00, 0x78, 0x00,
    0xF0, 0x01, 0xFF, 0xF3, 0xFF, 0xE7, 0xFF, 0xCF, 0x00, 0x1E, 0x00, 0x3C, 0x00, 0x7C, 0x00, 0x7C,
    0x00, 0xFE, 0x0C, 0xFF, 0xF8, 0xFF, 0xF0, 0x7F, 0xC0, 0x1F, 0xF8, 0xFF, 0xFB, 0xFF, 0xF7, 0xC1,
    0xCF, 0x00, 0x1E, 0x00, 0x3C, 0x00, 0x7E, 0x00, 0x7F, 0x00, 0x7F, 0x80, 0x7F, 0xC0, 0x1F, 0xE0,
    0x0F, 0xC0, 0x07, 0xC0, 0x0F, 0x80, 0x0F, 0x80, 0x3F, 0xE0, 0xFB, 0xFF, 0xF7, 0xFF, 0xC7, 0xFE,
    0x00, 0xEF, 0xFE, 0x00, 0xFF, 0xFF, 0xFF, 0xFF, 0xFF, 0xFF, 0xFF, 0xFF, 0xFF, 0xFF, 0xF0, 0xE7,
    0xFF, 0xFF, 0xE7, 0x00, 0x00, 0x3C, 0x3C, 0x3C, 0x3C, 0x3C, 0x3C, 0x3C, 0x3C, 0x3C, 0x3C, 0x3C,
    0x3C, 0x3C, 0x3C, 0x3C, 0x3C, 0x3C, 0x3C, 0x3C, 0x3C, 0x3C, 0x07, 0x03, 0xC1, 0xE0, 0xE0, 0x00,
    0x00, 0x1E, 0x0F, 0x07, 0x83, 0xC1, 0xE0, 0xF0, 0x78, 0x3C, 0x1E, 0x0F, 0x07, 0x83, 0xC1, 0xE0,
    0xF0, 0x78, 0x3C, 0x1E, 0x0F, 0x07, 0x83, 0xC1, 0xE0, 0xF0, 0x78, 0x3C, 0x1E, 0x1F, 0x0F, 0x7F,
    0xBF, 0x9F, 0x80, 0x07, 0xFF, 0xE0, 0x00, 0x0F, 0xFF, 0xC0, 0x00, 0x1F, 0xFF, 0x80, 0x00, 0x38,
    0x0F, 0x00, 0x00, 0x70, 0x1E, 0x00, 0x00, 0xE0, 0x3C, 0x00, 0x01, 0xC0, 0x78, 0x00, 0x03, 0x80,
    0xF0, 0x00, 0x07, 0x01, 0xFF, 0xE0, 0x0E, 0x03, 0xFF, 0xF0, 0x1C, 0x07, 0xFF, 0xF0, 0x78, 0x0F,
    0x03, 0xE0, 0xF0, 0x1E, 0x03, 0xE1, 0xE0, 0x3C, 0x03, 0xC3, 0xC0, 0x78, 0x07, 0x87, 0x80, 0xF0,
    0x1F, 0x0F, 0x01, 0xE0, 0x3E, 0x3C, 0x03, 0xC0, 0xFB, 0xF8, 0x07, 0xFF, 0xF7, 0xE0, 0x0F, 0xFF,
    0xCF, 0x80, 0x1F, 0xFE, 0x00, 0xF0, 0x07, 0x80, 0x07, 0x80, 0x3C, 0x00, 0x3C, 0x01, 0xE0, 0x01,
    0xE0, 0x0F, 0x00, 0x0F, 0x00, 0x78, 0x00, 0x78, 0x03, 0xC0, 0x03, 0xC0, 0x1E, 0x00, 0x1E, 0x00,
    0xF0, 0x00, 0xFF, 0xFF, 0xFF, 0x87, 0xFF, 0xFF, 0xFF, 0x3F, 0xFF, 0xFF, 0xFD, 0xE0, 0x0F, 0x07,
    0xEF, 0x00, 0x78, 0x0F, 0xF8, 0x03, 0xC0, 0x3F, 0xC0, 0x1E, 0x01, 0xFE, 0x00, 0xF0, 0x0F, 0xF0,
    0x07, 0x80, 0xFF, 0x80, 0x3C, 0x0F, 0xBC, 0x01, 0xFF, 0xFD, 0xE0, 0x0F, 0xFF, 0xCF, 0x00, 0x7F,
    0xF8, 0x00, 0x1E, 0x00, 0x01, 0xE0, 0x00, 0x1E, 0x00, 0x0F, 0xFF, 0xC0, 0xFF, 0xFC, 0x0F, 0xFF,
    0xC0, 0x1E, 0x00, 0x01, 0xE0, 0x00, 0x1E, 0x7F, 0x81, 0xFF, 0xFC, 0x1F, 0xFF, 0xE1, 0xFC, 0x3F,
    0x1F, 0x01, 0xF1, 0xF0, 0x0F, 0x1E, 0x00, 0xF1, 0xE0, 0x0F, 0x1E, 0x00, 0xF1, 0xE0, 0x0F, 0x1E,
    0x00, 0xF1, 0xE0, 0x0F, 0x1E, 0x00, 0xF1, 0xE0, 0x0F, 0x1E, 0x00, 0xF1, 0xE0, 0x0F, 0x1E, 0x00,
    0xF1, 0xE0, 0x0F, 0x1E, 0x00, 0xF1, 0xE0, 0x0F, 0x1E, 0x00, 0xF0, 0x00, 0x7C, 0x00, 0x3C, 0x00,
    0x3C, 0x00, 0x3E, 0x00, 0x1E, 0x00, 0x1E, 0x00, 0x0E, 0x00, 0x00, 0x00, 0x00, 0x00, 0x78, 0x07,
    0xBC, 0x07, 0x9E, 0x07, 0xCF, 0x03, 0xC7, 0x83, 0xC3, 0xC3, 0xE1, 0xE1, 0xE0, 0xF1, 0xE0, 0x79,
    0xF0, 0x3F, 0xF0, 0x1F, 0xF8, 0x0F, 0xFE, 0x07, 0x8F, 0x03, 0xC7, 0xC1, 0xE1, 0xF0, 0xF0, 0xF8,
    0x78, 0x3E, 0x3C, 0x0F, 0x1E, 0x07, 0xCF, 0x01, 0xF7, 0x80, 0x78, 0x0F, 0x00, 0x07, 0xC0, 0x01,
    0xE0, 0x00, 0x78, 0x00, 0x1E, 0x00, 0x07, 0x00, 0x03, 0x80, 0x00, 0x00, 0x00, 0x00, 0x78, 0x07,
    0xFC, 0x07, 0xFE, 0x03, 0xFF, 0x03, 0xFF, 0x81, 0xFF, 0xC1, 0xFF, 0xE0, 0xFF, 0xF0, 0xF7, 0xF8,
    0x7B, 0xFC, 0x79, 0xFE, 0x38, 0xFF, 0x3C, 0x7F, 0x9C, 0x3F, 0xDE, 0x1F, 0xFE, 0x0F, 0xFF, 0x07,
    0xFF, 0x03, 0xFF, 0x81, 0xFF, 0x80, 0xFF, 0xC0, 0x7F, 0xC0, 0x3C, 0x0F, 0x07, 0x00, 0xF0, 0xF0,
    0x07, 0x9F, 0x00, 0x7F, 0xE0, 0x03, 0xFE, 0x00, 0x1F, 0x80, 0x00, 0x00, 0x00, 0x00, 0x00, 0xF8,
    0x01, 0xF7, 0x80, 0x1E, 0x78, 0x01, 0xE7, 0xC0, 0x3E, 0x3C, 0x03, 0xC3, 0xC0, 0x3C, 0x1E, 0x07,
    0x81, 0xE0, 0x78, 0x1E, 0x07, 0x80, 0xF0, 0xF0, 0x0F, 0x0F, 0x00, 0xF0, 0xF0, 0x07, 0x9E, 0x00,
    0x79, 0xE0, 0x03, 0x9E, 0x00, 0x3F, 0xC0, 0x03, 0xFC, 0x00, 0x1F, 0x80, 0x01, 0xF8, 0x00, 0x1F,
    0x80, 0x00, 0xF0, 0x00, 0x0F, 0x00, 0x00, 0xF0, 0x00, 0x1E, 0x00, 0x01, 0xE0, 0x00, 0x3C, 0x00,
    0x07, 0xC0, 0x07, 0xF8, 0x00, 0x7F, 0x00, 0x07, 0xE0, 0x00, 0xF0, 0x07, 0xF8, 0x03, 0xFC, 0x01,
    0xFE, 0x00, 0xFF, 0x00, 0x7F, 0x80, 0x3F, 0xC0, 0x1F, 0xE0, 0x0F, 0xF0, 0x07, 0xF8, 0x03, 0xFC,
    0x01, 0xFE, 0x00, 0xFF, 0x00, 0x7F, 0x80, 0x3F, 0xC0, 0x1F, 0xE0, 0x0F, 0xF0, 0x07, 0xF8, 0x03,
    0xFF, 0xFF, 0xFF, 0xFF, 0xFF, 0xFF, 0xF8, 0x1E, 0x00, 0x0F, 0x00, 0x07, 0x80, 0x03, 0xC0, 0x01,
    0xE0, 0x00, 0xF0, 0x00, 0xF0, 0x03, 0xC0, 0x07, 0xF8, 0x01, 0xE0, 0x03, 0xFC, 0x00, 0xF0, 0x01,
    0xFE, 0x00, 0x78, 0x00, 0xFF, 0x00, 0x3C, 0x00, 0xFF, 0x80, 0x1E, 0x00, 0x7F, 0xC0, 0x0F, 0x00,
    0x3D, 0xF0, 0x07, 0xC0, 0x1E, 0x78, 0x03, 0xE0, 0x0F, 0x3C, 0x01, 0xF0, 0x07, 0x9E, 0x01, 0xF8,
    0x03, 0xCF, 0x80, 0xFE, 0x01, 0xE3, 0xC0, 0x7F, 0x01, 0xE1, 0xE0, 0x7F, 0x80, 0xF0, 0xF0, 0x3F,
    0xE0, 0x78, 0x7C, 0x1E, 0xF0, 0x3C, 0x1E, 0x1E, 0x78, 0x3C, 0x0F, 0x0F, 0x3E, 0x1E, 0x07, 0xC7,
    0x0F, 0x0F, 0x01, 0xE7, 0x87, 0x8F, 0x00, 0xFB, 0xC1, 0xE7, 0x80, 0x3D, 0xC0, 0xF7, 0xC0, 0x1F,
    0xE0, 0x3F, 0xC0, 0x07, 0xF0, 0x1F, 0xE0, 0x03, 0xF0, 0x0F, 0xE0, 0x00, 0xF8, 0x03, 0xF0, 0x00,
    0x7C, 0x00, 0xF0, 0x00, 0xF0, 0x1E, 0x00, 0xFF, 0x01, 0xE0, 0x0F, 0xF0, 0x1E, 0x00, 0xFF, 0x01,
    0xF0, 0x0F, 0xF0, 0x1F, 0x00, 0xFF, 0x00, 0xF0, 0x0F, 0xF0, 0x0F, 0x00, 0xF7, 0x80, 0xF0, 0x1E,
    0x78, 0x0F, 0x81, 0xE7, 0x81, 0xF8, 0x1E, 0x78, 0x1F, 0x83, 0xE3, 0xC3, 0xF8, 0x3C, 0x3C, 0x3F,
    0xC3, 0xC3, 0xC3, 0xBC, 0x7C, 0x1E, 0x7B, 0xC7, 0x81, 0xE7, 0x1E, 0x78, 0x0F, 0xF1, 0xEF, 0x00,
    0xFE, 0x0F, 0xF0, 0x07, 0xE0, 0xFE, 0x00, 0x7C, 0x07, 0xC0, 0x03, 0xC0, 0x7C, 0x00, 0x07, 0x80,
    0x00, 0x0F, 0x00, 0x00, 0x1E, 0x00, 0x07, 0xFF, 0xFC, 0x0F, 0xFF, 0xF8, 0x1F, 0xFF, 0xF0, 0x01,
    0xE0, 0x00, 0x03, 0xC0, 0x00, 0x07, 0x80, 0x00, 0x0F, 0x00, 0x00, 0x1E, 0x00, 0x00, 0x3F, 0xFE,
    0x00, 0x7F, 0xFF, 0x00, 0xFF, 0xFF, 0x01, 0xE0, 0xFF, 0x03, 0xC0, 0x1F, 0x07, 0x80, 0x1E, 0x0F,
    0x00, 0x3C, 0x1E, 0x00, 0x78, 0x3C, 0x00, 0xF0, 0x78, 0x01, 0xE0, 0xF0, 0x03, 0xC1, 0xE0, 0x0F,
    0x83, 0xC0, 0xFE, 0x07, 0xFF, 0xFC, 0x0F, 0xFF, 0xE0, 0x1F, 0xFF, 0x80, 0x0F, 0x00, 0x00, 0x3C,
    0x00, 0x00, 0xF0, 0x00, 0x03, 0xC0, 0x00, 0xFF, 0xFC, 0x03, 0xFF, 0xF0, 0x0F, 0xFF, 0xC0, 0x03,
    0xC0, 0x00, 0x0F, 0x00, 0x00, 0x3C, 0x00, 0x00, 0xF0, 0x00, 0x03, 0xC0, 0x00, 0x0F, 0x00, 0x00,
    0x3F, 0xFF, 0x80, 0xFF, 0xFF, 0x03, 0xFF, 0xFE, 0x0F, 0x00, 0xF8, 0x3C, 0x01, 0xF0, 0xF0, 0x03,
    0xC3, 0xC0, 0x0F, 0x0F, 0x00, 0x7C, 0x3C, 0x03, 0xE0, 0xFF, 0xFF, 0x83, 0xFF, 0xFC, 0x0F, 0xFF,
    0xC0, 0xF0, 0x00, 0x7F, 0xF1, 0xE0, 0x03, 0xFF, 0xFB, 0xC0, 0x1F, 0xFF, 0xF7, 0x80, 0x7F, 0x83,
    0xCF, 0x00, 0xF8, 0x00, 0x9E, 0x03, 0xE0, 0x00, 0x3C, 0x0F, 0x80, 0x00, 0x78, 0x1E, 0x00, 0x00,
    0xF0, 0x3C, 0x00, 0x01, 0xE0, 0xF8, 0x00, 0x03, 0xC1, 0xE0, 0x00, 0x07, 0xFF, 0xFF, 0xFE, 0x0F,
    0xFF, 0xFF, 0xFC, 0x1F, 0xFF, 0xFF, 0xF8, 0x3C, 0x1E, 0x00, 0x00, 0x78, 0x3C, 0x00, 0x00, 0xF0,
    0x7C, 0x00, 0x01, 0xE0, 0xF8, 0x00, 0x03, 0xC0, 0xF0, 0x00, 0x07, 0x81, 0xF0, 0x00, 0x0F, 0x03,
    0xE0, 0x00, 0x1E, 0x03, 0xE0, 0x00, 0x3C, 0x07, 0xE0, 0x00, 0x78, 0x07, 0xF8, 0x1C, 0xF0, 0x07,
    0xFF, 0xF9, 0xE0, 0x03, 0xFF, 0xF3, 0xC0, 0x01, 0xFF, 0xE0, 0xF0, 0x07, 0xFE, 0xF0, 0x0F, 0xFE,
    0xF0, 0x1F, 0xFE, 0xF0, 0x3F, 0x0E, 0xF0, 0x7C, 0x00, 0xF0, 0x78, 0x00, 0xF0, 0x78, 0x00, 0xF0,
    0xF8, 0x00, 0xF0, 0xF0, 0x00, 0xFF, 0xFF, 0xFC, 0xFF, 0xFF, 0xFC, 0xFF, 0xFF, 0xFC, 0xF0, 0xF0,
    0x00, 0xF0, 0xF8, 0x00, 0xF0, 0xF8, 0x00, 0xF0, 0x78, 0x00, 0xF0, 0x7C, 0x00, 0xF0, 0x3F, 0x06,
    0xF0, 0x3F, 0xFE, 0xF0, 0x0F, 0xFE, 0xF0, 0x07, 0xFE, 0x00, 0x1F, 0x00, 0x00, 0x03, 0xF0, 0x00,
    0x00, 0xFE, 0x00, 0x00, 0x1F, 0xC0, 0x00, 0x03, 0xFC, 0x00, 0x00, 0xF7, 0x80, 0x00, 0x1E, 0x78,
    0x00, 0x07, 0x8F, 0x00, 0x00, 0xF0, 0xE0, 0x00, 0x1E, 0x1E, 0x00, 0x07, 0x83, 0xC0, 0x00, 0xFF,
    0xFC, 0x00, 0x3F, 0xFF, 0x80, 0x07, 0xFF, 0xF8, 0x00, 0xF3, 0xCF, 0x00, 0x3C, 0x79, 0xE0, 0x07,
    0x8F, 0x1E, 0x01, 0xE1, 0xE3, 0xC0, 0x3C, 0x3C, 0x7C, 0x0F, 0x87, 0x87, 0x81, 0xE0, 0xF0, 0xF0,
    0x3C, 0x1E, 0x0F, 0x0F, 0x03, 0xC1, 0xE1, 0xE0, 0x78, 0x3E, 0x7C, 0x0F, 0x03, 0xCF, 0x01, 0xE0,
    0x7D, 0xE0, 0x3C, 0x07, 0x80, 0x00, 0x7E, 0x00, 0x01, 0xFC, 0x00, 0x03, 0xF8, 0x00, 0x07, 0xF8,
    0x00, 0x1E, 0xF0, 0x00, 0x3C, 0xF0, 0x00, 0xF1, 0xE0, 0x01, 0xE3, 0xC0, 0x03, 0xC3, 0xC0, 0x0F,
    0xFF, 0x80, 0x1F, 0xFF, 0x80, 0x7F, 0xFF, 0x00, 0xF3, 0xDE, 0x01, 0xE7, 0x9E, 0x07, 0x8F, 0x3C,
    0x0F, 0x1E, 0x3C, 0x3E, 0x3C, 0x78, 0x78, 0x78, 0xF8, 0xF0, 0xF0, 0xF3, 0xC1, 0xE1, 0xE7, 0x83,
    0xC1, 0xE0, 0xF0, 0x00, 0xF8, 0x00, 0xF0, 0x01, 0xF8, 0x00, 0xF0, 0x01, 0xFC, 0x00, 0xF0, 0x01,
    0xFC, 0x00, 0xF0, 0x03, 0xFC, 0x00, 0xF0, 0x03, 0xDE, 0x00, 0xF0, 0x07, 0x9E, 0x00, 0xF0, 0x07,
    0x8F, 0x00, 0xF0, 0x07, 0x8F, 0x00, 0xF0, 0x0F, 0x0F, 0x00, 0xF0, 0x0F, 0x07, 0x80, 0xFF, 0xFF,
    0xFF, 0x80, 0xFF, 0xFF, 0xFF, 0xC0, 0xFF, 0xFF, 0xFF, 0xC0, 0xF0, 0x3C, 0xF3, 0xE0, 0xF0, 0x3C,
    0xF1, 0xE0, 0xF0, 0x78, 0xF1, 0xE0, 0xF0, 0x78, 0xF0, 0xF0, 0xF0, 0x78, 0xF0, 0xF0, 0xF0, 0xF0,
    0xF0, 0xF8, 0xF0, 0xF0, 0xF0, 0x78, 0xF1, 0xF0, 0xF0, 0x78, 0xF1, 0xE0, 0xF0, 0x7C, 0xF1, 0xE0,
    0xF0, 0x3C, 0xF3, 0xC0, 0xF0, 0x3E, 0xF3, 0xC0, 0xF0, 0x1E, 0xF7, 0xC0, 0xF0, 0x1E, 0xF0, 0x0F,
    0xC0, 0x1E, 0x01, 0xFC, 0x03, 0xC0, 0x3F, 0x80, 0x78, 0x0F, 0xF0, 0x0F, 0x01, 0xEF, 0x01, 0xE0,
    0x39, 0xE0, 0x3C, 0x0F, 0x1E, 0x07, 0x81, 0xE3, 0xC0, 0xF0, 0x78, 0x78, 0x1F, 0xFF, 0xFF, 0x83,
    0xFF, 0xFF, 0xF0, 0x7F, 0xFF, 0xFF, 0x0F, 0x0F, 0x79, 0xE1, 0xE3, 0xCF, 0x3C, 0x3C, 0x79, 0xE3,
    0xC7, 0x8F, 0x3C, 0x78, 0xF3, 0xC7, 0x87, 0x9E, 0x78, 0xF0, 0xF3, 0xDE, 0x1E, 0x1E, 0x7B, 0xC3,
    0xC1, 0xEF, 0x78, 0x78, 0x3C, 0x1F, 0xFF, 0xFF, 0x81, 0xFF, 0xFF, 0xF8, 0x1F, 0xFF, 0xFF, 0x80,
    0xF0, 0x00, 0xF0, 0x0F, 0x80, 0x1F, 0x00, 0x7C, 0x03, 0xE0, 0x03, 0xE0, 0x7C, 0x00, 0x1E, 0x0F,
    0x80, 0x00, 0xF1, 0xF0, 0x00, 0x07, 0xBE, 0x00, 0x00, 0x7F, 0xC0, 0x00, 0x1F, 0xFF, 0x80, 0x03,
    0xFF, 0xFC, 0x00, 0x7F, 0xFF, 0xE0, 0x0F, 0xCF, 0x7F, 0x00, 0xF0, 0xF0, 0xF0, 0x1F, 0x0F, 0x0F,
    0x81, 0xE0, 0xF0, 0x78, 0x1E, 0x0F, 0x07, 0x83, 0xE0, 0xF0, 0x7C, 0x3C, 0x0F, 0x03, 0xC3, 0xC0,
    0xF0, 0x3C, 0x7C, 0x0F, 0x03, 0xC7, 0x80, 0xF0, 0x3E, 0x78, 0x0F, 0x01, 0xE7, 0x80, 0xF0, 0x1E,
    0xF8, 0x0F, 0x01, 0xF0, 0x1F, 0xFF, 0xFC, 0x0F, 0xFF, 0xFE, 0x07, 0xFF, 0xFF, 0x01, 0xE0, 0x0F,
    0x00, 0x78, 0x0F, 0x00, 0x1E, 0x0F, 0x00, 0x0F, 0x8F, 0x00, 0x03, 0xEF, 0x00, 0x00, 0xFF, 0x80,
    0x01, 0xFF, 0xF0, 0x03, 0xFF, 0xFC, 0x01, 0xFF, 0xFF, 0x01, 0xF3, 0xC7, 0xC0, 0xF1, 0xE1, 0xE0,
    0x78, 0xF0, 0xF0, 0x78, 0x78, 0x3C, 0x3C, 0x3C, 0x1E, 0x3C, 0x1E, 0x0F, 0x1E, 0x0F, 0x03, 0xCF,
    0x07, 0x81, 0xEF, 0x03, 0xC0, 0x78, 0xF0, 0x7F, 0xFF, 0xFE, 0x3C, 0x1F, 0xFF, 0xFF, 0x8F, 0x07,
    0xFF, 0xFF, 0xE3, 0xC0, 0xF0, 0x00, 0xF0, 0xF0, 0x3E, 0x00, 0x7C, 0x3C, 0x07, 0xC0, 0x3E, 0x0F,
    0x00, 0xF8, 0x1F, 0x03, 0xC0, 0x1E, 0x0F, 0x80, 0xF0, 0x03, 0xC7, 0xC0, 0x3C, 0x00, 0xF9, 0xE0,
    0x0F, 0x00, 0x1F, 0xF0, 0x03, 0xFF, 0xFF, 0xFF, 0x80, 0xFF, 0xFF, 0xFF, 0xF0, 0x3F, 0xFF, 0xFF,
    0xFE, 0x0F, 0x03, 0xF3, 0xDF, 0xC3, 0xC0, 0xF0, 0xF0, 0xF0, 0xF0, 0x7C, 0x3C, 0x3E, 0x3C, 0x1E,
    0x0F, 0x07, 0x8F, 0x07, 0x83, 0xC1, 0xE3, 0xC3, 0xE0, 0xF0, 0x7C, 0xF0, 0xF0, 0x3C, 0x0F, 0x3C,
    0x3C, 0x0F, 0x03, 0xCF, 0x0F, 0x03, 0xC0, 0xFB, 0xC7, 0x80, 0xF0, 0x1E, 0xF1, 0xE0, 0x3C, 0x07,
    0xBC, 0x78, 0x0F, 0x01, 0xEF, 0x3E, 0x03, 0xC0, 0x3C, 0xF1, 0xFF, 0xFF, 0xC7, 0x8F, 0xFF, 0xFE,
    0x3C, 0x7F, 0xFF, 0xF1, 0xE1, 0xE0, 0x0F, 0x0F, 0x07, 0x80, 0xF0, 0x78, 0x1E, 0x0F, 0x83, 0xC0,
    0xF8, 0xF8, 0x1E, 0x03, 0xEF, 0x80, 0xF0, 0x0F, 0xF8, 0x07, 0xFF, 0xFF, 0xF0, 0x3F, 0xFF, 0xFF,
    0xC1, 0xFF, 0xFF, 0xFF, 0x0F, 0x0F, 0x1E, 0x7C, 0x78, 0xF0, 0xF1, 0xE3, 0xC7, 0x87, 0x8F, 0x1E,
    0x78, 0x3C, 0x3C, 0xF3, 0xC1, 0xE1, 0xE7, 0x9E, 0x0F, 0x0F, 0x3D, 0xE0, 0x78, 0x3D, 0xEF, 0x03,
    0xC1, 0xEF, 0x70, 0x1E, 0x07, 0x80, 0x1C, 0x0F, 0x83, 0xC3, 0xF0, 0x3C, 0xFE, 0x03, 0xDE, 0x00,
    0x3F, 0x80, 0x07, 0xF0, 0x07, 0xFF, 0xC3, 0xFF, 0xFC, 0xFF, 0xFF, 0xCF, 0x00, 0xF8, 0x80, 0x0F,
    0x80, 0x00, 0xF0, 0x00, 0x1E, 0x00, 0x07, 0xC0, 0x00, 0xF0, 0x00, 0x3E, 0x00, 0x3F, 0x83, 0xFF,
    0xC0, 0x7F, 0xF0, 0x0F, 0xFF, 0x80, 0x07, 0xFC, 0x00, 0x0F, 0x80, 0x00, 0xF8, 0x00, 0x0F, 0x00,
    0x01, 0xE0, 0x00, 0x3C, 0x00, 0x07, 0x80, 0x00, 0xF0, 0x00, 0x3E, 0x00, 0x1F, 0x87, 0xFF, 0xE3,
    0xFF, 0xF8, 0xFF, 0xFC, 0x1F, 0x80, 0x03, 0xC0, 0x00, 0x78, 0x00, 0x0F, 0x80, 0x01, 0xFF, 0xFF,
    0x9F, 0xFF, 0xF9, 0xFF, 0xFF, 0x00, 0x00, 0xE0, 0x3C, 0x1F, 0x0F, 0x1F, 0x87, 0x9F, 0xC1, 0xFF,
    0x00, 0x7F, 0x00, 0xFF, 0x81, 0xFF, 0xF0, 0xFF, 0xFC, 0x3C, 0x3E, 0x00, 0x0F, 0x80, 0x03, 0xC0,
    0x01, 0xE0, 0x01, 0xE0, 0x03, 0xF0, 0x3F, 0xF0, 0x1F, 0xF0, 0x07, 0xFE, 0x00, 0x1F, 0x80, 0x03,
    0xE0, 0x00, 0xF0, 0x00, 0x78, 0x00, 0x7C, 0x00, 0xFC, 0x3F, 0xFE, 0x7F, 0xFE, 0x7F, 0xFC, 0x3F,
    0x00, 0x1E, 0x00, 0x0F, 0x00, 0x07, 0xC0, 0x03, 0xFF, 0xFC, 0xFF, 0xFE, 0x3F, 0xFF, 0x00, 0x00,
    0x80, 0xF0, 0x3C, 0x0F, 0xF0, 0x3C, 0x0F, 0xF0, 0x3C, 0x0F, 0xF0, 0x3C, 0x0F, 0xF0, 0x3C, 0x0F,
    0xF0, 0x3C, 0x0F, 0xF0, 0x3C, 0x0F, 0xF0, 0x3C, 0x0F, 0xF0, 0x3C, 0x0F, 0xF0, 0x3C, 0x0F, 0xF0,
    0x3C, 0x0F, 0xF0, 0x3C, 0x0F, 0xF0, 0x3C, 0x0F, 0xF8, 0x3C, 0x1F, 0x78, 0x3C, 0x1E, 0x7C, 0x3C,
    0x3E, 0x3F, 0xBD, 0xFC, 0x1F, 0xFF, 0xF8, 0x0F, 0xFF, 0xF0, 0x03, 0xFF, 0xC0, 0x00, 0x3C, 0x00,
    0x00, 0x3C, 0x00, 0x00, 0x3C, 0x00, 0x00, 0x3C, 0x00, 0x00, 0x3C, 0x00, 0x00, 0x3C, 0x00, 0x00,
    0x3C, 0x00, 0x00, 0x78, 0x00, 0x00, 0xF0, 0x00, 0x01, 0xE0, 0x00, 0x03, 0xC0, 0x00, 0x07, 0x80,
    0x00, 0x0F, 0x00, 0x00, 0x1E, 0x00, 0x00, 0x3C, 0x00, 0x00, 0x78, 0x01, 0xE0, 0xF0, 0x7B, 0xC1,
    0xE0, 0xF7, 0x83, 0xC1, 0xEF, 0x07, 0x83, 0xDE, 0x0F, 0x07, 0xBC, 0x1E, 0x0F, 0xF8, 0x3C, 0x1F,
    0xF0, 0x78, 0x1F, 0xE0, 0xF0, 0x3F, 0xC1, 0xE0, 0x7F, 0x83, 0xC0, 0xFF, 0x07, 0x81, 0xFE, 0x0F,
    0x07, 0xFC, 0x1E, 0x0F, 0xF8, 0x3C, 0x1E, 0xF8, 0x78, 0x7C, 0xF8, 0xF1, 0xF9, 0xFD, 0xE7, 0xE1,
    0xFF, 0xFF, 0x81, 0xFF, 0xFE, 0x00, 0xFF, 0xF0, 0x00, 0x1E, 0x00, 0x00, 0x3C, 0x00, 0x00, 0x78,
    0x00, 0x00, 0xF0, 0x00, 0x01, 0xE0, 0x00, 0x03, 0xC0, 0x00, 0x07, 0x80, 0x00, 0x0F, 0x00, 0x00,
    0x1E, 0x00, 0x00, 0x01, 0xFF, 0x80, 0x03, 0xFF, 0xF0, 0x03, 0xFF, 0xFE, 0x03, 0xF0, 0x3F, 0x83,
    0xE0, 0x07, 0xC3, 0xE0, 0x00, 0xF1, 0xE0, 0x00, 0x7C, 0xF0, 0x00, 0x1E, 0xF0, 0x00, 0x0F, 0x78,
    0x00, 0x07, 0xBC, 0x00, 0x01, 0xFF, 0xFF, 0xFF, 0xFF, 0xFF, 0xFF, 0xFF, 0xFF, 0xFF, 0xFF, 0xC0,
    0x00, 0x1F, 0xE0, 0x00, 0x0F, 0xF0, 0x00, 0x0F, 0xF8, 0x00, 0x07, 0xBE, 0x00, 0x03, 0xCF, 0x00,
    0x01, 0xE7, 0x80, 0x01, 0xF3, 0xE0, 0x01, 0xF0, 0xF8, 0x01, 0xF0, 0x3F, 0x83, 0xF8, 0x0F, 0xFF,
    0xF8, 0x03, 0xFF, 0xF0, 0x00, 0x7F, 0xE0, 0x00, 0x07, 0xF8, 0x03, 0xFF, 0xC0, 0xFF, 0xFC, 0x3F,
    0x0F, 0xC7, 0x80, 0x7D, 0xF0, 0x07, 0xBC, 0x00, 0xF7, 0x80, 0x1F, 0xF0, 0x01, 0xFF, 0xFF, 0xFF,
    0xFF, 0xFF, 0xFF, 0xFF, 0xFF, 0x00, 0x1F, 0xE0, 0x07, 0xFC, 0x00, 0xF7, 0xC0, 0x1E, 0x78, 0x07,
    0xC7, 0xC3, 0xF0, 0xFF, 0xFC, 0x0F, 0xFF, 0x00, 0x7F, 0x80, 0xF0, 0x00, 0x0F, 0xFC, 0x00, 0x0F,
    0xDE, 0x00, 0x0F, 0xEF, 0x00, 0x0F, 0x87, 0xC0, 0x07, 0x81, 0xE0, 0x03, 0xC0, 0xF0, 0x03, 0xC0,
    0x7C, 0x01, 0xE0, 0x1E, 0x00, 0xF0, 0x0F, 0x00, 0xF0, 0x07, 0xC0, 0x78, 0x01, 0xE0, 0x3C, 0x00,
    0xF0, 0x3E, 0x00, 0x3C, 0x1E, 0x00, 0x1E, 0x0F, 0x00, 0x0F, 0x0F, 0x80, 0x03, 0xC7, 0x80, 0x01,
    0xE3, 0xC0, 0x00, 0xF9, 0xE0, 0x00, 0x3D, 0xE0, 0x00, 0x1E, 0xF0, 0x00, 0x0F, 0x78, 0x00, 0x03,
    0xF8, 0x00, 0x01, 0xFC, 0x00, 0x00, 0xFE, 0x00, 0x00, 0x3E, 0x00, 0x00, 0x1F, 0x00, 0x00, 0x78,
    0x00, 0xFB, 0xC0, 0x07, 0xDF, 0x00, 0x7E, 0x78, 0x03, 0xC3, 0xC0, 0x3C, 0x1F, 0x01, 0xE0, 0x78,
    0x0F, 0x03, 0xC0, 0xF0, 0x0F, 0x07, 0x80, 0x78, 0x3C, 0x03, 0xC3, 0xC0, 0x0F, 0x1E, 0x00, 0x78,
    0xF0, 0x03, 0xCF, 0x00, 0x0F, 0x78, 0x00, 0x7B, 0xC0, 0x03, 0xDC, 0x00, 0x0F, 0xE0, 0x00, 0x7F,
    0x00, 0x03, 0xF8, 0x00, 0x0F, 0x80, 0x00, 0x1F, 0x3C, 0x00, 0x07, 0x9F, 0x00, 0x03, 0xE7, 0x80,
    0x00, 0xF1, 0xE0, 0x00, 0x3C, 0x78, 0x00, 0x0F, 0x1C, 0x00, 0x00, 0x00, 0x00, 0x00, 0x00, 0x00,
    0x00, 0x00, 0x00, 0x78, 0x00, 0x07, 0xFE, 0x00, 0x07, 0xEF, 0x00, 0x07, 0xF7, 0x80, 0x07, 0xC3,
    0xE0, 0x03, 0xC0, 0xF0, 0x01, 0xE0, 0x78, 0x01, 0xE0, 0x3E, 0x00, 0xF0, 0x0F, 0x00, 0x78, 0x07,
    0x80, 0x78, 0x03, 0xE0, 0x3C, 0x00, 0xF0, 0x1E, 0x00, 0x78, 0x1F, 0x00, 0x1E, 0x0F, 0x00, 0x0F,
    0x07, 0x80, 0x07, 0x87, 0xC0, 0x01, 0xE3, 0xC0, 0x00, 0xF1, 0xE0, 0x00, 0x7C, 0xF0, 0x00, 0x1E,
    0xF0, 0x00, 0x0F, 0x78, 0x00, 0x07, 0xBC, 0x00, 0x01, 0xFC, 0x00, 0x00, 0xFE, 0x00, 0x00, 0x7F,
    0x00, 0x00, 0x1F, 0x00, 0x00, 0x0F, 0x80, 0x00, 0x3C, 0xF8, 0x00, 0xF3, 0xE0, 0x07, 0xCF, 0x00,
    0x1E, 0x3C, 0x00, 0x78, 0xE0, 0x01, 0xC3, 0x80, 0x00, 0x00, 0x00, 0x00, 0x00, 0x78, 0x00, 0xFB,
    0xC0, 0x07, 0xDF, 0x00, 0x7E, 0x78, 0x03, 0xC3, 0xC0, 0x3C, 0x1F, 0x01, 0xE0, 0x78, 0x0F, 0x03,
    0xC0, 0xF0, 0x0F, 0x07, 0x80, 0x78, 0x3C, 0x03, 0xC3, 0xC0, 0x0F, 0x1E, 0x00, 0x78, 0xF0, 0x03,
    0xCF, 0x00, 0x0F, 0x78, 0x00, 0x7B, 0xC0, 0x03, 0xDC, 0x00, 0x0F, 0xE0, 0x00, 0x7F, 0x00, 0x03,
    0xF8, 0x00, 0x0F, 0x80, 0x00, 0x01, 0xFF, 0x00, 0x00, 0x00, 0x00, 0x7F, 0xFC, 0x00, 0x00, 0x00,
    0x1F, 0xFF, 0xE0, 0x00, 0x00, 0x01, 0xF8, 0x3F, 0x00, 0x00, 0x00, 0x3E, 0x00, 0xF8, 0x00, 0x00,
    0x07, 0xC0, 0x07, 0xC0, 0x00, 0x00, 0x78, 0x00, 0x3C, 0xF0, 0x01, 0xEF, 0x80, 0x03, 0xCF, 0x80,
    0x1E, 0xF0, 0x00, 0x1E, 0x78, 0x03, 0xEF, 0x00, 0x01, 0xE7, 0x80, 0x3C, 0xF0, 0x00, 0x1E, 0x3C,
    0x03, 0xCF, 0x00, 0x01, 0xE3, 0xC0, 0x7C, 0xF0, 0x00, 0x1E, 0x3C, 0x07, 0x8F, 0x00, 0x01, 0xE1,
    0xE0, 0x78, 0xF0, 0x00, 0x1E, 0x1E, 0x0F, 0x0F, 0x00, 0x01, 0xE0, 0xF0, 0xF0, 0xF0, 0x00, 0x1E,
    0x0F, 0x0F, 0x0F, 0x00, 0x01, 0xE0, 0xF1, 0xE0, 0xF8, 0x00, 0x1E, 0x07, 0x9E, 0x0F, 0x80, 0x03,
    0xC0, 0x79, 0xE0, 0x78, 0x00, 0x3C, 0x07, 0xBC, 0x07, 0xC0, 0x07, 0xC0, 0x3F, 0xC0, 0x3E, 0x00,
    0xF8, 0x03, 0xFC, 0x01, 0xF8, 0x3F, 0x00, 0x1F, 0x80, 0x1F, 0xFF, 0xE0, 0x01, 0xF8, 0x00, 0x7F,
    0xFC, 0x00, 0x1F, 0x00, 0x01, 0xFF, 0x00, 0x00, 0xF0, 0x00, 0x00, 0x00, 0x00, 0x0F, 0x00, 0x00,
    0x00, 0x00, 0x01, 0xE0, 0x00, 0x00, 0x00, 0x00, 0x1E, 0x00, 0x00, 0x00, 0x00, 0x03, 0xE0, 0x00,
    0x00, 0x00, 0x00, 0x3C, 0x00, 0x00, 0x00, 0x00, 0x0F, 0xC0, 0x00, 0x00, 0x00, 0x0F, 0xF8, 0x00,
    0x00, 0x00, 0x00, 0xFF, 0x00, 0x00, 0x00, 0x00, 0x0F, 0xE0, 0x00, 0x07, 0xF8, 0x0F, 0x00, 0x1E,
    0x1F, 0xFE, 0x0F, 0x80, 0x1E, 0x3F, 0xFF, 0x07, 0x80, 0x3E, 0x7E, 0x1F, 0x87, 0x80, 0x3C, 0x7C,
    0x07, 0xC7, 0xC0, 0x3C, 0xF8, 0x03, 0xC3, 0xC0, 0x7C, 0xF0, 0x03, 0xC3, 0xC0, 0x78, 0xF0, 0x03,
    0xE1, 0xE0, 0x78, 0xF0, 0x03, 0xE1, 0xE0, 0xF0, 0xF0, 0x01, 0xE1, 0xF0, 0xF0, 0xF0, 0x01, 0xE0,
    0xF0, 0xF0, 0xF0, 0x01, 0xE0, 0xF1, 0xE0, 0xF0, 0x03, 0xE0, 0x79, 0xE0, 0xF0, 0x03, 0xE0, 0x79,
    0xE0, 0xF0, 0x03, 0xC0, 0x7B, 0xC0, 0x78, 0x03, 0xC0, 0x3F, 0xC0, 0x7C, 0x07, 0xC0, 0x3F, 0xC0,
    0x3E, 0x1F, 0x80, 0x1F, 0x80, 0x3F, 0xFF, 0x00, 0x1F, 0x80, 0x1F, 0xFE, 0x00, 0x1F, 0x00, 0x07,
    0xF8, 0x00, 0x0F, 0x00, 0x00, 0x00, 0x00, 0x0F, 0x00, 0x00, 0x00, 0x00, 0x1E, 0x00, 0x00, 0x00,
    0x00, 0x1E, 0x00, 0x00, 0x00, 0x00, 0x3E, 0x00, 0x00, 0x00, 0x00, 0x3C, 0x00, 0x00, 0x00, 0x00,
    0xFC, 0x00, 0x00, 0x00, 0x0F, 0xF8, 0x00, 0x00, 0x00, 0x0F, 0xF0, 0x00, 0x00, 0x00, 0x0F, 0xE0,
    0x00, 0x00, 0x1E, 0x00, 0x00, 0x0F, 0xC0, 0x00, 0x1F, 0xFE, 0x00, 0x1F, 0xFF, 0xE0, 0x0F, 0xFF,
    0xFC, 0x07, 0xFF, 0xFF, 0x83, 0xF1, 0xE3, 0xF0, 0xF8, 0x00, 0x7C, 0x7C, 0x00, 0x0F, 0x9E, 0x00,
    0x01, 0xEF, 0x80, 0x00, 0x7F, 0xC0, 0x00, 0x0F, 0xF0, 0x00, 0x03, 0xFC, 0x00, 0x00, 0xFF, 0x00,
    0x00, 0x3F, 0xC0, 0x00, 0x0F, 0xF0, 0x00, 0x03, 0xFC, 0x00, 0x00, 0xFF, 0x00, 0x00, 0x3F, 0xC0,
    0x00, 0x0F, 0xF0, 0x00, 0x03, 0xFE, 0x00, 0x01, 0xF7, 0x80, 0x00, 0x79, 0xF0, 0x00, 0x3E, 0x3E,
    0x00, 0x1F, 0x0F, 0xC7, 0x8F, 0xC1, 0xFF, 0xFF, 0xE0, 0x3F, 0xFF, 0xF0, 0x03, 0xFF, 0xF0, 0x00,
    0x3F, 0xF0, 0x00, 0x03, 0xF0, 0x00, 0x00, 0x78, 0x00, 0x00, 0xF0, 0x00, 0x07, 0xC0, 0x01, 0xFF,
    0xC0, 0x3F, 0xFF, 0x03, 0xFF, 0xFC, 0x3F, 0x79, 0xF1, 0xE0, 0x07, 0x9F, 0x00, 0x1E, 0xF0, 0x00,
    0xF7, 0x80, 0x07, 0xFC, 0x00, 0x1F, 0xE0, 0x00, 0xFF, 0x00, 0x07, 0xF8, 0x00, 0x3F, 0xC0, 0x03,
    0xFE, 0x00, 0x1F, 0xF0, 0x00, 0xF3, 0xC0, 0x07, 0x9F, 0x00, 0x7C, 0x7D, 0xE7, 0xC3, 0xFF, 0xFC,
    0x07, 0xFF, 0xC0, 0x1F, 0xFC, 0x00, 0x1F, 0x00, 0x00, 0xF0, 0x00, 0x00, 0x0F, 0xE0, 0x00, 0x00,
    0x07, 0xFF, 0x00, 0x00, 0x01, 0xFF, 0xF0, 0x00, 0x00, 0x73, 0xFC, 0x00, 0x00, 0x39, 0xDF, 0x00,
    0x00, 0x00, 0x78, 0x00, 0x00, 0x00, 0x1E, 0x00, 0x00, 0x00, 0x07, 0x80, 0x00, 0x00, 0x00, 0xE0,
    0x00, 0x00, 0x00, 0x70, 0x00, 0x00, 0x00, 0x3C, 0x00, 0x00, 0x00, 0x0C, 0x00, 0x00, 0x00, 0x00,
    0x00, 0x00, 0x00, 0xFF, 0x03, 0xFC, 0x00, 0xFF, 0xE1, 0xFF, 0xC0, 0x7F, 0xF8, 0x7F, 0xF8, 0x3F,
    0x0E, 0x1C, 0x3F, 0x0F, 0x80, 0x00, 0x07, 0xC7, 0xC0, 0x00, 0x00, 0xF9, 0xE0, 0x00, 0x00, 0x1E,
    0xF8, 0x00, 0x00, 0x07, 0xFC, 0x00, 0x00, 0x00, 0xFF, 0x00, 0x00, 0x00, 0x3F, 0xC0, 0x00, 0x00,
    0x0F, 0xF0, 0x00, 0x00, 0x03, 0xFC, 0x00, 0x00, 0x00, 0xFF, 0x00, 0x00, 0x00, 0x3F, 0xC0, 0x07,
    0x80, 0x0F, 0xF0, 0x01, 0xE0, 0x03, 0xFC, 0x00, 0x78, 0x00, 0xFF, 0x00, 0x1E, 0x00, 0x3F, 0xE0,
    0x07, 0x80, 0x1F, 0xF8, 0x01, 0xE0, 0x07, 0x9E, 0x00, 0x78, 0x01, 0xE7, 0xC0, 0x1E, 0x00, 0xF8,
    0xF8, 0x07, 0x80, 0x7C, 0x3F, 0x87, 0xF8, 0x7E, 0x07, 0xFF, 0xFF, 0xFF, 0x80, 0xFF, 0xF7, 0xFF,
    0x80, 0x0F, 0xF8, 0x7F, 0xC0, 0x00, 0x3E, 0x00, 0x00, 0x01, 0xFE, 0x00, 0x00, 0x0F, 0xFF, 0x00,
    0x00, 0x3D, 0xFF, 0x00, 0x00, 0xE1, 0xFC, 0x00, 0x03, 0x8E, 0xF0, 0x00, 0x00, 0x78, 0x00, 0x00,
    0x01, 0xE0, 0x00, 0x00, 0x03, 0x80, 0x00, 0x00, 0x0E, 0x00, 0x00, 0x00, 0x70, 0x00, 0x00, 0x03,
    0x80, 0x00, 0x00, 0x00, 0x00, 0x00, 0x00, 0x00, 0x00, 0x00, 0x7F, 0x83, 0xF8, 0x07, 0xFE, 0x1F,
    0xF8, 0x3F, 0xF8, 0x3F, 0xF1, 0xF8, 0xC0, 0xC7, 0xC7, 0x80, 0x00, 0x0F, 0xBE, 0x00, 0x00, 0x1E,
    0xF0, 0x00, 0x00, 0x7B, 0xC0, 0x00, 0x01, 0xFF, 0x00, 0x00, 0x03, 0xFC, 0x00, 0x00, 0x0F, 0xF0,
    0x07, 0x80, 0x3F, 0xC0, 0x1E, 0x00, 0xFF, 0x00, 0x78, 0x03, 0xFC, 0x01, 0xE0, 0x1F, 0xF8, 0x07,
    0x80, 0x7B, 0xE0, 0x1E, 0x01, 0xE7, 0xC0, 0x7C, 0x0F, 0x9F, 0x87, 0xF8, 0x7C, 0x3F, 0xFF, 0xFF,
    0xF0, 0x7F, 0xF3, 0xFF, 0x80, 0x7F, 0x87, 0xF8, 0x00, 0x00, 0x7F, 0xFF, 0x00, 0x00, 0x3F, 0xFF,
    0x80, 0x00, 0x1C, 0x71, 0xC0, 0x00, 0x06, 0x30, 0xC0, 0x00, 0x00, 0x00, 0x00, 0x00, 0x00, 0x00,
    0x00, 0x00, 0x00, 0x00, 0x00, 0x01, 0xE0, 0x07, 0x80, 0x0F, 0xF0, 0x03, 0xC0, 0x07, 0xF8, 0x01,
    0xE0, 0x03, 0xFC, 0x00, 0xF0, 0x01, 0xFE, 0x00, 0x78, 0x01, 0xFF, 0x00, 0x3C, 0x00, 0xFF, 0x80,
    0x1E, 0x00, 0x7B, 0xE0, 0x0F, 0x80, 0x3C, 0xF0, 0x07, 0xC0, 0x1E, 0x78, 0x03, 0xE0, 0x0F, 0x3C,
    0x03, 0xF0, 0x07, 0x9F, 0x01, 0xFC, 0x03, 0xC7, 0x80, 0xFE, 0x03, 0xC3, 0xC0, 0xFF, 0x01, 0xE1,
    0xE0, 0x7F, 0xC0, 0xF0, 0xF8, 0x3D, 0xE0, 0x78, 0x3C, 0x3C, 0xF0, 0x78, 0x1E, 0x1E, 0x7C, 0x3C,
    0x07, 0x8F, 0x1E, 0x1E, 0x03, 0xCF, 0x0F, 0x1E, 0x01, 0xF7, 0x83, 0xCF, 0x00, 0x7B, 0x81, 0xEF,
    0x80, 0x3F, 0xC0, 0xFF, 0x80, 0x0F, 0xE0, 0x3F, 0xC0, 0x07, 0xE0, 0x1F, 0xC0, 0x01, 0xF0, 0x07,
    0xE0, 0x00, 0xF8, 0x01, 0xE0, 0x00, 0x03, 0xFF, 0xF8, 0x00, 0x3F, 0xFF, 0x80, 0x01, 0x8E, 0x30,
    0x00, 0x10, 0x43, 0x00, 0x00, 0x00, 0x00, 0x00, 0x00, 0x00, 0x00, 0xF0, 0x1E, 0x00, 0xFF, 0x01,
    0xE0, 0x0F, 0xF0, 0x1E, 0x00, 0xFF, 0x01, 0xF0, 0x0F, 0xF0, 0x1F, 0x00, 0xFF, 0x00, 0xF0, 0x0F,
    0xF0, 0x0F, 0x01, 0xF7, 0x80, 0xF0, 0x1E, 0x78, 0x0F, 0x01, 0xE7, 0x81, 0xF8, 0x1E, 0x78, 0x1F,
    0x83, 0xE3, 0xC3, 0xF8, 0x3C, 0x3C, 0x3F, 0xC3, 0xC3, 0xC7, 0xBC, 0x78, 0x1E, 0x7B, 0xC7, 0x81,
    0xE7, 0x1E, 0xF0, 0x0F, 0xF1, 0xEF, 0x00, 0xFE, 0x0F, 0xE0, 0x07, 0xE0, 0xFE, 0x00, 0x7C, 0x07,
    0xC0, 0x03, 0xC0, 0x7C, 0x00, 0x00, 0xFF, 0xE0, 0x1F, 0xFF, 0xC3, 0xFF, 0xFE, 0x3F, 0x81, 0xE3,
    0xF0, 0x00, 0x1F, 0x00, 0x01, 0xF0, 0x00, 0x0F, 0x00, 0x00, 0xF8, 0x00, 0x07, 0x80, 0x00, 0x3C,
    0x00, 0x01, 0xE0, 0x00, 0x0F, 0x00, 0x00, 0x78, 0x00, 0x03, 0xC0, 0x00, 0x1E, 0x00, 0x00, 0xF0,
    0x00, 0x07, 0x80, 0x00, 0x3E, 0x00, 0x00, 0xF0, 0x00, 0x07, 0xC0, 0x00, 0x3E, 0x00, 0x00, 0xFC,
    0x00, 0x03, 0xF8, 0x00, 0x0F, 0xFF, 0x80, 0x3F, 0xFC, 0x00, 0x7F, 0xE0, 0x00, 0x0F, 0x00, 0x00,
    0x78, 0x00, 0x03, 0xC0, 0x00, 0x1E, 0x00, 0x00, 0xF0, 0x00, 0x07, 0x80, 0x00, 0x3C, 0x00, 0x01,
    0xE0, 0x00, 0x0F, 0x00, 0x07, 0xFE, 0x1F, 0xFE, 0x3F, 0xFE, 0x7E, 0x0E, 0x7C, 0x00, 0xF8, 0x00,
    0xF0, 0x00, 0xF0, 0x00, 0xF0, 0x00, 0xF0, 0x00, 0xF0, 0x00, 0xF0, 0x00, 0xF0, 0x00, 0xF0, 0x00,
    0xF0, 0x00, 0xF8, 0x00, 0x7C, 0x00, 0x7E, 0x08, 0x3F, 0xF8, 0x1F, 0xF8, 0x07, 0xF8, 0x00, 0x78,
    0x00, 0x78, 0x00, 0x78, 0x00, 0x78, 0x00, 0x78, 0x00, 0x78, 0x00, 0x78, 0x00, 0x78, 0x00, 0x78,
    0x00, 0x00, 0x00, 0x00, 0x1C, 0x00, 0x03, 0xC0, 0x10, 0x3C, 0x03, 0x87, 0x80, 0x3E, 0x70, 0x03,
    0xFF, 0x00, 0x0F, 0xE0, 0x00, 0x3F, 0x00, 0x03, 0xFC, 0x00, 0x3F, 0xE0, 0x07, 0x9F, 0x20, 0x78,
    0xF7, 0x8F, 0x02, 0x7C, 0xE0, 0x03, 0xFE, 0x00, 0x1F, 0xC0, 0x00, 0x7E, 0x00, 0x07, 0xF8, 0x00,
    0x7F, 0xE0, 0x0F, 0x3E, 0x00, 0xE0, 0xE0, 0x1E, 0x00, 0x01, 0xC0, 0x00, 0x1C, 0x00, 0x00, 0x00,
    0x00, 0x00, 0x38, 0x00, 0xFF, 0xFF, 0xFF, 0xFF, 0xF0, 0x03, 0x80, 0x00, 0x01, 0xF8, 0x1F, 0xFB,
    0xFF, 0xF7, 0xFC, 0xEF, 0xC0, 0xE0, 0xF7, 0xBD, 0xCE, 0x3C, 0x60, 0xF7, 0xBE, 0x67, 0x73, 0x00,
    0x7E, 0x03, 0xFF, 0x8F, 0xFF, 0xF9, 0xFF, 0xE0, 0xFC, 0x00, 0x00, 0x1F, 0x00, 0x00, 0x00, 0x00,
    0x07, 0xF0, 0x00, 0x00, 0x00, 0x01, 0xFF, 0x00, 0x00, 0x00, 0x00, 0x38, 0xE0, 0x00, 0x00, 0x00,
    0x06, 0x0E, 0x00, 0x00, 0x00, 0x00, 0x00, 0x00, 0x00, 0x00, 0x00, 0x00, 0x00, 0x00, 0x00, 0x1F,
    0x80, 0x00, 0x0F, 0xC0, 0x07, 0xF8, 0x00, 0x03, 0xFC, 0x01, 0xFF, 0x00, 0x00, 0x7F, 0xC0, 0x38,
    0x70, 0x00, 0x0C, 0x38, 0x06, 0x0E, 0x00, 0x01, 0x83, 0x00, 0x00, 0x00, 0x00, 0x00, 0x00, 0x00,
    0x00, 0x00, 0x00, 0x00, 0x00, 0x00, 0x00, 0x00, 0x00, 0x00, 0x00, 0x00, 0x00, 0x00, 0x00, 0x00,
    0x00, 0x00, 0x00, 0x00, 0x00, 0x00, 0x00, 0x00, 0x00, 0x00, 0xFC, 0x00, 0x00, 0x00, 0x7E, 0x3F,
    0xC0, 0x00, 0x00, 0x1F, 0xEF, 0xFC, 0x00, 0x00, 0x03, 0xFF, 0xC3, 0x80, 0x00, 0x00, 0x71, 0xF0,
    0x30, 0x00, 0x00, 0x0C, 0x18, 0x00, 0x00, 0x00, 0x00, 0x00, 0x00, 0x00, 0x00, 0x00, 0x00, 0x00,
    0x00, 0x00, 0x00, 0x00, 0x00, 0x00, 0x00, 0x00, 0x00, 0x00, 0x00, 0x00, 0x00, 0x00, 0x00, 0x00,
    0x00, 0x00, 0x00, 0x00, 0x00, 0x07, 0xE0, 0x00, 0x03, 0xF0, 0x01, 0xFE, 0x00, 0x00, 0xFF, 0x00,
    0x7F, 0xE0, 0x00, 0x1F, 0xF0, 0x0E, 0x1C, 0x00, 0x03, 0x0E, 0x01, 0x81, 0x80, 0x00, 0x60, 0xC0,
    0x00, 0x00, 0x00, 0x00, 0x00, 0x00, 0x00, 0x0F, 0x80, 0x00, 0x00, 0x00, 0x03, 0xF8, 0x00, 0x00,
    0x00, 0x00, 0xFF, 0x80, 0x00, 0x00, 0x00, 0x1C, 0x70, 0x00, 0x00, 0x00, 0x03, 0x07, 0x00, 0x00,
    0x00, 0x00, 0x0E, 0x00, 0x00, 0x00, 0x00, 0x07, 0x00, 0x00, 0x00, 0x00, 0x07, 0x80, 0x00, 0x00,
    0x00, 0x03, 0x80, 0x00, 0x00, 0x00, 0x01, 0xC0, 0x00, 0x00, 0x0C, 0x01, 0xE0, 0x00, 0x00, 0x0E,
    0x00, 0xF0, 0x00, 0x00, 0x07, 0x80, 0x78, 0x00, 0xE0, 0x01, 0xE0, 0x00, 0x01, 0xF8, 0x00, 0xF0,
    0x00, 0x03, 0xF0, 0x00, 0x3C, 0x00, 0x03, 0xF0, 0x00, 0x1E, 0x00, 0x01, 0xE0, 0x00, 0x07, 0x00,
    0x00, 0x60, 0x00, 0x03, 0x00, 0x00, 0x00, 0x00, 0x00, 0x00, 0x00, 0x00, 0x00, 0x00, 0x00, 0x00,
    0x00, 0x00, 0x00, 0x00, 0x00, 0x00, 0x00, 0x00, 0x00, 0x00, 0x00, 0x00, 0x20, 0x00, 0x00, 0x00,
    0x10, 0x1F, 0x80, 0x00, 0x00, 0x0F, 0x0F, 0xF0, 0x00, 0x00, 0x07, 0xF3, 0xF8, 0x00, 0x00, 0x03,
    0xFC, 0x3C, 0x00, 0x00, 0x00, 0xFE, 0x06, 0x00, 0x00, 0x00, 0x01, 0x00, 0x00, 0x00, 0x00, 0x00,
    0x00, 0x00, 0x00, 0x00, 0x00, 0x00, 0x00, 0x00, 0x00, 0x00, 0x00, 0x00, 0x00, 0x00, 0x00, 0x00,
    0x00, 0x00, 0x00, 0x00, 0x00, 0x00, 0x00, 0x00, 0x18, 0x00, 0x00, 0xC0, 0x00, 0x1C, 0x00, 0x01,
    0xF0, 0x00, 0x0F, 0x00, 0x01, 0xF8, 0x00, 0x07, 0x80, 0x03, 0xF8, 0x00, 0x01, 0xE0, 0x03, 0xF0,
    0x07, 0x80, 0xF0, 0x00, 0xE0, 0x03, 0xC0, 0x3C, 0x00, 0x00, 0x01, 0xE0, 0x0E, 0x00, 0x00, 0x00,
    0xE0, 0x06, 0x00, 0x00, 0x00, 0x70, 0x00, 0x00, 0x00, 0x00, 0x78, 0x00, 0x00, 0x00, 0x00, 0x38,
    0x00, 0x00, 0x00, 0x00, 0x1C, 0x00, 0x00, 0x00, 0x0E, 0x03, 0xC0, 0x03, 0xC0, 0xF0, 0x00, 0xF0,
    0x38, 0x00, 0x3F, 0x3E, 0x00, 0x07, 0xFF, 0x80, 0x00, 0xFF, 0xC0, 0x00, 0x1F, 0xC0, 0x00, 0x00,
    0x00, 0x00, 0x00, 0x00, 0x00, 0x3C, 0x00, 0x1F, 0x0F, 0x00, 0x0F, 0xC3, 0xC0, 0x07, 0xF0, 0xF0,
    0x01, 0xFC, 0x3C, 0x00, 0xFF, 0x0F, 0x00, 0x3F, 0xC3, 0xC0, 0x1E, 0xF0, 0xF0, 0x0F, 0xBC, 0x3C,
    0x03, 0xCF, 0x0F, 0x01, 0xE3, 0xC3, 0xC0, 0xF8, 0xF0, 0xF0, 0x3C, 0x3C, 0x3C, 0x1F, 0x0F, 0x0F,
    0x07, 0x83, 0xC3, 0xC3, 0xC0, 0xF0, 0xF1, 0xF0, 0x3C, 0x3C, 0x78, 0x0F, 0x0F, 0x3E, 0x03, 0xC3,
    0xCF, 0x00, 0xF0, 0xF7, 0x80, 0x3C, 0x3F, 0xE0, 0x0F, 0x0F, 0xF0, 0x03, 0xC3, 0xF8, 0x00, 0xF0,
    0xFE, 0x00, 0x3C, 0x3F, 0x00, 0x0F, 0xEF, 0xC0, 0x03, 0xFB, 0xE0, 0x00, 0xFE, 0x00, 0x00, 0x07,
    0x80, 0x00, 0x03, 0xC0, 0x00, 0x00, 0xF0, 0x00, 0x00, 0x7C, 0x00, 0x00, 0x1F, 0x00, 0x00, 0x0F,
    0x80, 0x00, 0x03, 0xE0, 0x3C, 0x07, 0x80, 0xF0, 0x3C, 0x01, 0xE1, 0xF0, 0x07, 0xFF, 0xC0, 0x0F,
    0xFE, 0x00, 0x1F, 0xF0, 0x00, 0x00, 0x00, 0x00, 0x00, 0x00, 0xF0, 0x07, 0xC3, 0xC0, 0x3F, 0x0F,
    0x00, 0xFC, 0x3C, 0x07, 0xF0, 0xF0, 0x3F, 0xC3, 0xC0, 0xFF, 0x0F, 0x07, 0xBC, 0x3C, 0x1E, 0xF0,
    0xF0, 0xF3, 0xC3, 0xC3, 0x8F, 0x0F, 0x1E, 0x3C, 0x3C, 0xF0, 0xF0, 0xF3, 0xC3, 0xC3, 0xDE, 0x0F,
    0x0F, 0x78, 0x3C, 0x3F, 0xC0, 0xF0, 0xFE, 0x03, 0xC3, 0xF8, 0x0F, 0x0F, 0xC0, 0x3F, 0xFF, 0x00,
    0xFE, 0xF8, 0x03, 0xF8, 0x00, 0x01, 0xE0, 0x00, 0x07, 0x80, 0x00, 0x1E, 0x00, 0x00, 0xF0, 0x00,
    0x03, 0xC0, 0x00, 0x0F, 0x00, 0x00, 0x7C, 0x3C, 0x00, 0x01, 0xE0, 0x00, 0x0F, 0x00, 0x01, 0xFF,
    0xE0, 0x0F, 0xFF, 0x00, 0x7F, 0xF8, 0x00, 0xF0, 0x00, 0x07, 0x80, 0x00, 0x3C, 0x00, 0x01, 0xE0,
    0x00, 0x0F, 0x00, 0x00, 0x7F, 0xFC, 0x03, 0xFF, 0xF8, 0x1F, 0xFF, 0xF0, 0xF0, 0x3F, 0xC7, 0x80,
    0x3E, 0x3C, 0x00, 0xF1, 0xE0, 0x07, 0xCF, 0x00, 0x1E, 0x78, 0x00, 0xF3, 0xC0, 0x0F, 0x9E, 0x00,
    0x7C, 0xF0, 0x07, 0xC7, 0x81, 0xFE, 0x3F, 0xFF, 0xE1, 0xFF, 0xFE, 0x0F, 0xFF, 0xC0, 0x3C, 0x00,
    0x03, 0xC0, 0x00, 0x3C, 0x00, 0x03, 0xC0, 0x00, 0xFF, 0xF0, 0x0F, 0xFF, 0x00, 0xFF, 0xF0, 0x03,
    0xC0, 0x00, 0x3C, 0x00, 0x03, 0xC0, 0x00, 0x3C, 0x00, 0x03, 0xC0, 0x00, 0x3C, 0x00, 0x03, 0xC0,
    0x00, 0x3C, 0x00, 0x03, 0xC0, 0x00, 0x3C, 0x00, 0x03, 0xFF, 0xF8, 0x3F, 0xFF, 0xE3, 0xFF, 0xFE,
    0x3C, 0x03, 0xF3, 0xC0, 0x0F, 0x3C, 0x00, 0xF3, 0xC0, 0x0F, 0x3C, 0x00, 0xF3, 0xC0, 0x3F, 0x3F,
    0xFF, 0xE3, 0xFF, 0xFC, 0x3F, 0xFF, 0x80, 0xFF, 0xF8, 0x3F, 0xFF, 0x8F, 0xFF, 0xF3, 0xC0, 0xFE,
    0xF0, 0x0F, 0xBC, 0x01, 0xFF, 0x00, 0x7F, 0xC0, 0x0F, 0xF0, 0x03, 0xFC, 0x31, 0xFF, 0x1E, 0x7B,
    0xC3, 0xFE, 0xF0, 0xFF, 0x3F, 0xFF, 0xCF, 0xFF, 0xC3, 0xFF, 0xF8, 0xF0, 0x1E, 0x3C, 0x03, 0xCF,
    0x00, 0x63, 0xC0, 0x00, 0xF0, 0x00, 0x3C, 0x00, 0x0F, 0x00, 0x03, 0xC0, 0x00, 0xF0, 0x00, 0x3C,
    0x00, 0x0F, 0x00, 0x00, 0xE3, 0xFC, 0x3B, 0xFF, 0x8F, 0xFF, 0xF3, 0xF8, 0x7E, 0xF8, 0x07, 0xBE,
    0x01, 0xFF, 0x00, 0x3F, 0xC0, 0x0F, 0xF0, 0x03, 0xFC, 0x00, 0xFF, 0x00, 0x3F, 0xC0, 0x0F, 0xF0,
    0x03, 0xFC, 0x08, 0xFF, 0x07, 0x3F, 0xE3, 0xDF, 0xF8, 0x7F, 0xBF, 0x8F, 0xEF, 0xFF, 0xF3, 0xFF,
    0xF8, 0xF3, 0xFF, 0x3C, 0x01, 0xEF, 0x00, 0x7B, 0xC0, 0x0C, 0xF0, 0x00, 0x3C, 0x00, 0x0F, 0x00,
    0x03, 0xC0, 0x00, 0xF0, 0x00, 0x3C, 0x00, 0x00, 0x00, 0x0F, 0x00, 0x0F, 0x00, 0x0F, 0x00, 0x0F,
    0x00, 0x0F, 0x00, 0x0F, 0xFF, 0xFF, 0xFF, 0xFF, 0xFF, 0xFF, 0xF0, 0x00, 0xF0, 0x00, 0xF0, 0x00,
    0xF0, 0x00, 0xF0, 0x00, 0xF0, 0x00, 0xF0, 0x00, 0xF0, 0x00, 0xF0, 0x00, 0xF0, 0x00, 0xF0, 0x00,
    0xF0, 0x00, 0xF0, 0x00, 0xF0, 0x00, 0xF0, 0x00, 0xF0, 0x00, 0xF0, 0x00, 0xF0, 0x00, 0xF0, 0x00,
    0xF0, 0x00, 0xF0, 0x00, 0xF0, 0x00, 0xF0, 0x00, 0xF0, 0x00, 0x00, 0x78, 0x03, 0xC0, 0x1E, 0x00,
    0xF0, 0x07, 0x80, 0x3F, 0xFF, 0xFF, 0xFF, 0xFF, 0xFF, 0x80, 0x3C, 0x01, 0xE0, 0x0F, 0x00, 0x78,
    0x03, 0xC0, 0x1E, 0x00, 0xF0, 0x07, 0x80, 0x3C, 0x01, 0xE0, 0x0F, 0x00, 0x78, 0x03, 0xC0, 0x1E,
    0x00, 0xF0, 0x07, 0x80, 0x3C, 0x00, 0x3F, 0xFF, 0xCF, 0xFF, 0xF3, 0xFF, 0xFC, 0xF0, 0x00, 0x3C,
    0x00, 0x0F, 0x00, 0x03, 0xC0, 0x00, 0xF0, 0x00, 0x3C, 0x00, 0x0F, 0x00, 0x03, 0xC0, 0x00, 0xF0,
    0x00, 0xFF, 0xFC, 0x3F, 0xFF, 0x0F, 0xFF, 0xC0, 0xF0, 0x00, 0x3C, 0x00, 0x0F, 0x00, 0x03, 0xC0,
    0x00, 0xF0, 0x00, 0x3C, 0x00, 0x0F, 0x00, 0x03, 0xC0, 0x00, 0xF0, 0x00, 0x3C, 0x00, 0x0F, 0x00,
    0x03, 0xC0, 0x00, 0x1F, 0xFE, 0x3F, 0xFC, 0x7F, 0xF8, 0xF0, 0x01, 0xE0, 0x03, 0xC0, 0x07, 0x80,
    0x0F, 0x00, 0x1E, 0x01, 0xFF, 0xE3, 0xFF, 0xC7, 0xFF, 0x81, 0xE0, 0x03, 0xC0, 0x07, 0x80, 0x0F,
    0x00, 0x1E, 0x00, 0x3C, 0x00, 0x78, 0x00, 0xF0, 0x01, 0xE0, 0x00, 0xFF, 0xFF, 0x0F, 0xFF, 0xF0,
    0xFF, 0xFF, 0x0F, 0x00, 0x00, 0xF0, 0x00, 0x0F, 0x00, 0x00, 0xF0, 0x00, 0x0F, 0x00, 0x00, 0xF0,
    0x00, 0x0F, 0x00, 0x00, 0xF0, 0x00, 0x0F, 0xFF, 0x00, 0xFF, 0xFC, 0x0F, 0xFF, 0xF0, 0xF8, 0x7F,
    0x8F, 0x00, 0xFC, 0xF0, 0x07, 0xCF, 0x00, 0x3E, 0xF0, 0x01, 0xEF, 0x00, 0x1E, 0xF0, 0x01, 0xFF,
    0x00, 0x1F, 0xF0, 0x00, 0xFF, 0x00, 0x0F, 0xF0, 0x00, 0xFF, 0x00, 0x0F, 0xF0, 0x01, 0xF0, 0x00,
    0x1F, 0x00, 0x01, 0xE0, 0x00, 0x1E, 0x00, 0x03, 0xE0, 0x00, 0x7C, 0x0C, 0x1F, 0x80, 0xFF, 0xF8,
    0x0F, 0xFF, 0x00, 0xFF, 0xC0, 0xFF, 0xF8, 0xFF, 0xF8, 0xFF, 0xF8, 0xF0, 0x00, 0xF0, 0x00, 0xF0,
    0x00, 0xF0, 0x00, 0xF0, 0x00, 0xF0, 0x00, 0xFF, 0xE0, 0xFF, 0xF8, 0xFF, 0xFC, 0xF0, 0xFE, 0xF0,
    0x3E, 0xF0, 0x1F, 0xF0, 0x0F, 0xF0, 0x0F, 0xF0, 0x0F, 0xF0, 0x0F, 0xF0, 0x0F, 0xF0, 0x0F, 0x00,
    0x0F, 0x00, 0x0F, 0x00, 0x0F, 0x00, 0x1F, 0x00, 0x1E, 0x18, 0x7E, 0x1F, 0xFC, 0x1F, 0xF8, 0x0F,
    0xF0, 0x7C, 0x01, 0xE0, 0x0F, 0x0F, 0x00, 0x78, 0x07, 0xC1, 0xE0, 0x1E, 0x03, 0xE0, 0x7C, 0x07,
    0x81, 0xF0, 0x0F, 0x81, 0xE0, 0x78, 0x01, 0xE0, 0x78, 0x3C, 0x00, 0x3C, 0x1E, 0x1F, 0x00, 0x0F,
    0x87, 0x8F, 0x80, 0x01, 0xF1, 0xE3, 0xC0, 0x00, 0x3E, 0x79, 0xE0, 0x00, 0x07, 0x9E, 0xF8, 0x00,
    0x00, 0xF7, 0xFC, 0x00, 0x00, 0x3F, 0xFE, 0x00, 0x00, 0x07, 0xFF, 0x80, 0x00, 0x03, 0xFF, 0xE0,
    0x00, 0x01, 0xF7, 0xBC, 0x00, 0x00, 0xF9, 0xEF, 0x80, 0x00, 0x3C, 0x79, 0xF0, 0x00, 0x1F, 0x1E,
    0x3C, 0x00, 0x0F, 0x87, 0x87, 0x80, 0x07, 0xC1, 0xE1, 0xF0, 0x03, 0xE0, 0x78, 0x3E, 0x00, 0xF0,
    0x1E, 0x07, 0x80, 0x7C, 0x07, 0x80, 0xF0, 0x3E, 0x01, 0xE0, 0x3F, 0xDF, 0x00, 0x78, 0x07, 0xF7,
    0x80, 0x1E, 0x00, 0xFC, 0x00, 0x00, 0x00, 0x0F, 0x00, 0x00, 0x00, 0x03, 0xC0, 0x00, 0x00, 0x00,
    0xF0, 0x00, 0x00, 0x00, 0x3C, 0x00, 0x00, 0x00, 0x0F, 0x00, 0x00, 0x00, 0x03, 0xC0, 0x00, 0x00,
    0x00, 0xF0, 0x7C, 0x07, 0x81, 0xF0, 0xF8, 0x1E, 0x07, 0x81, 0xE0, 0x78, 0x3C, 0x03, 0xC1, 0xE1,
    0xF0, 0x0F, 0x87, 0x8F, 0x80, 0x1F, 0x1E, 0x3C, 0x00, 0x3C, 0x79, 0xE0, 0x00, 0x79, 0xEF, 0x00,
    0x00, 0xF7, 0xFC, 0x00, 0x01, 0xFF, 0xE0, 0x00, 0x07, 0xFF, 0x00, 0x00, 0x3F, 0xFE, 0x00, 0x01,
    0xF7, 0xBC, 0x00, 0x0F, 0x9E, 0xF8, 0x00, 0x3C, 0x79, 0xF0, 0x01, 0xE1, 0xE3, 0xC0, 0x0F, 0x07,
    0x87, 0x80, 0x7C, 0x1E, 0x0F, 0x03, 0xE0, 0x78, 0x3F, 0xDF, 0x01, 0xE0, 0x7F, 0x78, 0x07, 0x80,
    0xFC, 0x00, 0x00, 0x00, 0xF0, 0x00, 0x00, 0x03, 0xC0, 0x00, 0x00, 0x0F, 0x00, 0x00, 0x00, 0x3C,
    0x00, 0x00, 0x00, 0xF0, 0x00, 0x00, 0x03, 0xC0, 0x00, 0x00, 0x0F, 0x3F, 0xF8, 0x3F, 0xFF, 0x8F,
    0xFF, 0xF1, 0xE0, 0xFE, 0x00, 0x0F, 0x80, 0x01, 0xE0, 0x00, 0x78, 0x00, 0x1E, 0x00, 0x07, 0x80,
    0x03, 0xC0, 0x07, 0xF0, 0x7F, 0xF8, 0x1F, 0xFC, 0x07, 0xFF, 0xC0, 0x03, 0xF8, 0x00, 0x1F, 0x00,
    0x03, 0xC0, 0x00, 0xF0, 0x00, 0x3C, 0x00, 0x0F, 0x00, 0x03, 0xC0, 0x01, 0xF0, 0x00, 0x7F, 0xC0,
    0xFE, 0xFF, 0xFF, 0x3F, 0xFF, 0x87, 0xFF, 0x80, 0x07, 0x00, 0x00, 0xE0, 0x00, 0x3C, 0x00, 0x07,
    0x00, 0x03, 0xC0, 0x07, 0xF0, 0x01, 0xFC, 0x00, 0x7E, 0x00, 0x3F, 0xF0, 0x7F, 0xFC, 0x7F, 0xFE,
    0x70, 0x3E, 0x00, 0x1E, 0x00, 0x1E, 0x00, 0x1E, 0x00, 0x7E, 0x1F, 0xFC, 0x1F, 0xF0, 0x1F, 0xFC,
    0x00, 0xFE, 0x00, 0x1E, 0x00, 0x1F, 0x00, 0x0F, 0x00, 0x0F, 0x00, 0x1F, 0xF0, 0x7E, 0xFF, 0xFE,
    0xFF, 0xFC, 0x7F, 0xF0, 0x03, 0x80, 0x01, 0xC0, 0x01, 0xE0, 0x00, 0xE0, 0x01, 0xE0, 0x0F, 0xE0,
    0x0F, 0xE0, 0x07, 0xC0, 0xF0, 0x03, 0xE7, 0x80, 0x3E, 0x3C, 0x03, 0xE1, 0xE0, 0x1E, 0x0F, 0x01,
    0xE0, 0x78, 0x1F, 0x03, 0xC1, 0xF0, 0x1E, 0x1F, 0x00, 0xF1, 0xF0, 0x07, 0x9F, 0x00, 0x3D, 0xF0,
    0x01, 0xFF, 0x00, 0x0F, 0xF8, 0x00, 0x7F, 0x80, 0x03, 0xFE, 0x00, 0x1E, 0xF8, 0x00, 0xF3, 0xE0,
    0x07, 0x8F, 0x80, 0x3C, 0x7C, 0x01, 0xE1, 0xF0, 0x0F, 0x07, 0xC0, 0x78, 0x1F, 0x03, 0xC0, 0x7C,
    0x1E, 0x01, 0xF0, 0xF0, 0x07, 0xFF, 0x80, 0x1F, 0xFC, 0x00, 0xFE, 0x00, 0x00, 0xF0, 0x00, 0x07,
    0x80, 0x00, 0x3C, 0x00, 0x01, 0xE0, 0x00, 0x0F, 0x00, 0x00, 0x78, 0x00, 0x03, 0xC0, 0xF0, 0x1F,
    0x3C, 0x0F, 0x8F, 0x07, 0xC3, 0xC1, 0xE0, 0xF0, 0xF0, 0x3C, 0x78, 0x0F, 0x3E, 0x03, 0xDF, 0x00,
    0xFF, 0x80, 0x3F, 0xC0, 0x0F, 0xF0, 0x03, 0xFE, 0x00, 0xF7, 0x80, 0x3C, 0xF0, 0x0F, 0x3E, 0x03,
    0xC7, 0xC0, 0xF0, 0xF8, 0x3C, 0x1F, 0x0F, 0x03, 0xFF, 0xC0, 0x7F, 0xF0, 0x0F, 0xC0, 0x00, 0xF0,
    0x00, 0x3C, 0x00, 0x0F, 0x00, 0x03, 0xC0, 0x00, 0xF0, 0x00, 0x3C, 0x00, 0x0F, 0xF0, 0x03, 0xEF,
    0x00, 0x7C, 0xF0, 0x07, 0x8F, 0x00, 0xF0, 0xF7, 0x1F, 0x0F, 0x73, 0xE0, 0xF7, 0x7C, 0x0F, 0x7F,
    0x80, 0xF7, 0xF0, 0x0F, 0x7E, 0x00, 0xF7, 0xC0, 0x0F, 0xF8, 0x00, 0xFF, 0x00, 0x0F, 0xF0, 0x00,
    0xFF, 0x80, 0x0F, 0x7C, 0x00, 0xF7, 0xE0, 0x0F, 0x7F, 0x00, 0xF7, 0xF8, 0x0F, 0x7F, 0xC0, 0xF7,
    0x7C, 0x0F, 0x73, 0xE0, 0xF0, 0x1F, 0x0F, 0x00, 0xF8, 0xF0, 0x07, 0xCF, 0x00, 0x3E, 0xF0, 0x01,
    0xF0, 0xF0, 0x1F, 0x78, 0x1F, 0x3D, 0xCF, 0x1E, 0xEF, 0x0F, 0x7F, 0x07, 0xBF, 0x83, 0xDF, 0x81,
    0xEF, 0x80, 0xF7, 0x80, 0x7F, 0x80, 0x3F, 0xC0, 0x1F, 0xF0, 0x0F, 0x7C, 0x07, 0xBE, 0x03, 0xDF,
    0x81, 0xEF, 0xE0, 0xF7, 0xF8, 0x7B, 0xBE, 0x3D, 0xCF, 0x9E, 0x03, 0xEF, 0x00, 0xF0, 0x1E, 0x00,
    0x7C, 0x3C, 0x00, 0xF0, 0x78, 0x03, 0xE7, 0xFF, 0x0F, 0x8F, 0xFE, 0x1E, 0x1F, 0xF8, 0x7C, 0x07,
    0x81, 0xF0, 0x0F, 0x03, 0xC0, 0x1E, 0x0F, 0x00, 0x3C, 0x3E, 0x00, 0x78, 0x78, 0x00, 0xFF, 0xE0,
    0x01, 0xFF, 0xC0, 0x03, 0xFF, 0x80, 0x07, 0x8F, 0x80, 0x0F, 0x0F, 0x80, 0x1E, 0x0F, 0x00, 0x3C,
    0x1F, 0x00, 0x78, 0x1F, 0x00, 0xF0, 0x1E, 0x01, 0xE0, 0x3E, 0x03, 0xC0, 0x3E, 0x07, 0x80, 0x7C,
    0x0F, 0x00, 0x7C, 0x1E, 0x00, 0x78, 0x3C, 0x00, 0xF8, 0x78, 0x00, 0xF8, 0x3C, 0x00, 0x03, 0xC0,
    0x00, 0x3C, 0x00, 0x0F, 0xFF, 0x80, 0xFF, 0xF8, 0x0F, 0xFF, 0x80, 0x3C, 0x00, 0x03, 0xC0, 0x00,
    0x3C, 0x03, 0xC3, 0xC0, 0x7C, 0x3C, 0x0F, 0x83, 0xC1, 0xF0, 0x3C, 0x3E, 0x03, 0xC3, 0xC0, 0x3C,
    0x78, 0x03, 0xCF, 0x00, 0x3D, 0xF0, 0x03, 0xFE, 0x00, 0x3F, 0xC0, 0x03, 0xDE, 0x00, 0x3D, 0xF0,
    0x03, 0xCF, 0x80, 0x3C, 0x7C, 0x03, 0xC3, 0xE0, 0x3C, 0x1F, 0x03, 0xC0, 0xF8, 0x3C, 0x07, 0x83,
    0xC0, 0x7C, 0x3C, 0x03, 0xE0, 0xFF, 0xC0, 0x0F, 0xBF, 0xF0, 0x07, 0xCF, 0xFC, 0x01, 0xE0, 0x0F,
    0x00, 0xF0, 0x03, 0xC0, 0x7C, 0x00, 0xF0, 0x3E, 0x00, 0x3C, 0x1F, 0x00, 0x0F, 0x0F, 0x80, 0x03,
    0xC7, 0xC0, 0x00, 0xF3, 0xE0, 0x00, 0x3D, 0xF0, 0x00, 0x0F, 0xF8, 0x00, 0x03, 0xFC, 0x00, 0x00,
    0xFF, 0x00, 0x00, 0x3F, 0xE0, 0x00, 0x0F, 0x7C, 0x00, 0x03, 0xCF, 0x80, 0x00, 0xF1, 0xF0, 0x00,
    0x3C, 0x3E, 0x00, 0x0F, 0x07, 0xC0, 0x03, 0xC1, 0xF0, 0x00, 0xF0, 0x3E, 0x00, 0x3C, 0x07, 0xC0,
    0x0F, 0x00, 0xF8, 0x03, 0xC0, 0x1F, 0x00, 0xF0, 0x03, 0xE0, 0x3C, 0x00, 0x7C, 0xFF, 0xE0, 0x3E,
    0xFF, 0xE0, 0x7C, 0xFF, 0xE0, 0x78, 0x01, 0xE0, 0xF0, 0x01, 0xE1, 0xE0, 0x01, 0xE3, 0xC0, 0x01,
    0xE7, 0xC0, 0x01, 0xEF, 0x80, 0x01, 0xFF, 0x00, 0x01, 0xFE, 0x00, 0x01, 0xFE, 0x00, 0x01, 0xFF,
    0x00, 0x01, 0xEF, 0x80, 0x01, 0xE7, 0x80, 0x01, 0xE3, 0xC0, 0x01, 0xE3, 0xE0, 0x01, 0xE1, 0xF0,
    0x01, 0xE0, 0xF8, 0x01, 0xE0, 0x7C, 0x01, 0xE0, 0x3E, 0x01, 0xE0, 0x1E, 0xF0, 0x00, 0x78, 0xF0,
    0x00, 0x78, 0xF0, 0x00, 0x78, 0xF0, 0x00, 0x78, 0xF0, 0x00, 0x78, 0xF0, 0x00, 0x78, 0xF0, 0x00,
    0x78, 0xF0, 0x00, 0x78, 0xF0, 0x00, 0x78, 0xF0, 0x00, 0x78, 0xF0, 0x00, 0x78, 0xFF, 0xFF, 0xF8,
    0xFF, 0xFF, 0xF8, 0xFF, 0xFF, 0xF8, 0xF0, 0x00, 0x78, 0xF0, 0x00, 0x78, 0xF0, 0x00, 0x78, 0xF0,
    0x00, 0x78, 0xF0, 0x00, 0x78, 0xF0, 0x00, 0x78, 0xF0, 0x00, 0x78, 0xF0, 0x00, 0x78, 0xF0, 0x00,
    0x78, 0xF0, 0x00, 0x78, 0xF0, 0x00, 0x7F, 0xF0, 0x00, 0x7F, 0xF0, 0x00, 0x7F, 0x00, 0x00, 0x0F,
    0x00, 0x00, 0x0F, 0x00, 0x00, 0x0F, 0x00, 0x00, 0x0F, 0x00, 0x00, 0x0F, 0x00, 0x00, 0x0F, 0x00,
    0x00, 0x0F, 0xF0, 0x03, 0xC7, 0x80, 0x1E, 0x3C, 0x00, 0xF1, 0xE0, 0x07, 0x8F, 0x00, 0x3C, 0x78,
    0x01, 0xE3, 0xC0, 0x0F, 0x1E, 0x00, 0x78, 0xF0, 0x03, 0xC7, 0xFF, 0xFE, 0x3F, 0xFF, 0xF1, 0xFF,
    0xFF, 0x8F, 0x00, 0x3C, 0x78, 0x01, 0xE3, 0xC0, 0x0F, 0x1E, 0x00, 0x78, 0xF0, 0x03, 0xC7, 0x80,
    0x1E, 0x3C, 0x00, 0xFF, 0xE0, 0x07, 0xFF, 0x00, 0x3F, 0x80, 0x00, 0x3C, 0x00, 0x01, 0xE0, 0x00,
    0x0F, 0x00, 0x00, 0x78, 0x00, 0x03, 0xC0, 0x00, 0x1E, 0x00, 0x00, 0xF0, 0xF0, 0x00, 0x7F, 0xFE,
    0x00, 0x0F, 0xFF, 0xC0, 0x01, 0xFF, 0xF8, 0x00, 0x3C, 0x0F, 0x00, 0x07, 0x81, 0xE0, 0x00, 0xF0,
    0x3C, 0x00, 0x1E, 0x07, 0x80, 0x03, 0xC0, 0xF0, 0x00, 0x78, 0x1E, 0x00, 0x0F, 0x03, 0xC0, 0x01,
    0xE0, 0x7F, 0xFF, 0xFC, 0x0F, 0xFF, 0xFF, 0x81, 0xFF, 0xFF, 0xF0, 0x3C, 0x00, 0x1E, 0x07, 0x80,
    0x03, 0xC0, 0xF0, 0x00, 0x78, 0x1E, 0x00, 0x0F, 0x03, 0xC0, 0x01, 0xE0, 0x78, 0x00, 0x3C, 0x0F,
    0x00, 0x07, 0x81, 0xE0, 0x00, 0xF0, 0x3C, 0x00, 0x1E, 0x07, 0x80, 0x03, 0xC0, 0xF0, 0x00, 0x78,
    0x1E, 0x00, 0x0F, 0x03, 0xC0, 0x01, 0xE0, 0x00, 0xF0, 0x03, 0xFF, 0xF0, 0x03, 0xFF, 0xF0, 0x03,
    0xFF, 0xF0, 0x03, 0xC0, 0xF0, 0x03, 0xC0, 0xF0, 0x03, 0xC0, 0xF0, 0x03, 0xC0, 0xF0, 0x03, 0xC0,
    0xF0, 0x03, 0xC0, 0xFF, 0xFF, 0xC0, 0xFF, 0xFF, 0xC0, 0xFF, 0xFF, 0xC0, 0xF0, 0x03, 0xC0, 0xF0,
    0x03, 0xC0, 0xF0, 0x03, 0xC0, 0xF0, 0x03, 0xC0, 0xF0, 0x03, 0xC0, 0xF0, 0x03, 0xC0, 0xF0, 0x03,
    0xC0, 0xF0, 0x03, 0xC0, 0xF0, 0x03, 0xC0, 0xFF, 0xFF, 0xE0, 0x00, 0x1F, 0xFF, 0xFC, 0x00, 0x03,
    0xFF, 0xFF, 0x80, 0x00, 0x78, 0x00, 0xF0, 0x00, 0x0F, 0x00, 0x1E, 0x00, 0x01, 0xE0, 0x03, 0xC0,
    0x00, 0x3C, 0x00, 0x78, 0x00, 0x07, 0x80, 0x0F, 0x00, 0x00, 0xF0, 0x01, 0xE0, 0x00, 0x1E, 0x00,
    0x3C, 0x00, 0x03, 0xC0, 0x07, 0x80, 0x00, 0x78, 0x00, 0xFF, 0xF0, 0x0F, 0x00, 0x1F, 0xFF, 0xC1,
    0xE0, 0x03, 0xFF, 0xFC, 0x3C, 0x00, 0x78, 0x3F, 0xC7, 0x80, 0x0F, 0x00, 0xFC, 0xF0, 0x01, 0xE0,
    0x0F, 0x9E, 0x00, 0x3C, 0x00, 0xFB, 0xC0, 0x07, 0x80, 0x0F, 0x78, 0x00, 0xF0, 0x01, 0xEF, 0x00,
    0x1E, 0x00, 0x3F, 0xE0, 0x03, 0xC0, 0x07, 0xFC, 0x00, 0x78, 0x00, 0x7F, 0x80, 0x0F, 0x00, 0x0F,
    0xF0, 0x01, 0xE0, 0x01, 0xFE, 0x00, 0x3C, 0x00, 0x3F, 0xC0, 0x07, 0x80, 0x0F, 0x80, 0x00, 0x00,
    0x01, 0xF0, 0x00, 0x00, 0x00, 0x3C, 0x00, 0x00, 0x00, 0x07, 0x80, 0x00, 0x00, 0x01, 0xF0, 0x00,
    0x00, 0x00, 0x7C, 0x00, 0x00, 0x18, 0x3F, 0x00, 0x00, 0x03, 0xFF, 0xE0, 0x00, 0x00, 0x7F, 0xF8,
    0x00, 0x00, 0x0F, 0xFC, 0x00, 0xFF, 0xFF, 0x80, 0x0F, 0xFF, 0xF8, 0x00, 0xFF, 0xFF, 0x80, 0x0F,
    0x00, 0x78, 0x00, 0xF0, 0x07, 0x80, 0x0F, 0x00, 0x78, 0x00, 0xF0, 0x07, 0x80, 0x0F, 0x00, 0x78,
    0x00, 0xF0, 0x07, 0x80, 0x0F, 0x00, 0x7F, 0xE0, 0xF0, 0x07, 0xFF, 0x8F, 0x00, 0x7F, 0xFC, 0xF0,
    0x07, 0x87, 0xEF, 0x00, 0x78, 0x3E, 0xF0, 0x07, 0x81, 0xFF, 0x00, 0x78, 0x0F, 0xF0, 0x07, 0x80,
    0xFF, 0x00, 0x78, 0x0F, 0xF0, 0x07, 0x80, 0xFF, 0x00, 0x78, 0x0F, 0xF0, 0x07, 0x80, 0xF0, 0x00,
    0x00, 0x0F, 0x00, 0x00, 0x00, 0xF0, 0x00, 0x00, 0x0F, 0x00, 0x00, 0x01, 0xF0, 0x00, 0x00, 0x1E,
    0x00, 0x00, 0xC3, 0xE0, 0x00, 0x0F, 0xFC, 0x00, 0x00, 0xFF, 0xC0, 0x00, 0x07, 0xF0, 0x01, 0xFF,
    0x00, 0x01, 0xFF, 0xC0, 0x01, 0xFF, 0xF0, 0x00, 0x7E, 0x00, 0x00, 0x3E, 0x01, 0xF8, 0x1F, 0x01,
    0xFF, 0x07, 0x80, 0xFF, 0xE1, 0xE0, 0x3E, 0xFC, 0xF8, 0x1F, 0x0F, 0x3C, 0x07, 0x83, 0xCF, 0x01,
    0xE0, 0xFB, 0xC0, 0x78, 0x3E, 0xF0, 0x1E, 0x07, 0xBC, 0x07, 0x81, 0xEF, 0x01, 0xE0, 0x7B, 0xC0,
    0x78, 0x1E, 0xF0, 0x1E, 0x0F, 0xBC, 0x07, 0x83, 0xCF, 0x81, 0xF0, 0xF1, 0xE0, 0x7C, 0x3C, 0x7C,
    0x0F, 0x1E, 0x1F, 0x03, 0xEF, 0x83, 0xF0, 0x7F, 0xC0, 0x7F, 0x1F, 0xF0, 0x0F, 0xFF, 0xF8, 0x01,
    0xFF, 0xFF, 0xF0, 0x1F, 0xFF, 0xFC, 0x00, 0x00, 0xFF, 0x07, 0xF0, 0x00, 0xFF, 0x80, 0x0F, 0xFC,
    0x00, 0xFC, 0x00, 0x07, 0x81, 0xF8, 0x7C, 0x1F, 0xF3, 0xC1, 0xFF, 0x9E, 0x0F, 0xBE, 0xF0, 0xF8,
    0xF7, 0x87, 0xC7, 0xBC, 0x3C, 0x3D, 0xE1, 0xE1, 0xEF, 0x0F, 0x0F, 0x78, 0x7C, 0x7B, 0xC1, 0xE7,
    0xCF, 0x0F, 0x3C, 0x7C, 0x3F, 0xE1, 0xF1, 0xFE, 0x0F, 0xFF, 0xE0, 0x3F, 0xFF, 0xF0, 0x7F, 0xFF,
    0x80, 0x00, 0xFC, 0x00, 0xFF, 0xC0, 0x3F, 0xFF, 0x83, 0xFF, 0xFC, 0x3F, 0x83, 0xC3, 0xF0, 0x00,
    0x1F, 0x00, 0x01, 0xF0, 0x00, 0x0F, 0x00, 0x00, 0xF8, 0x00, 0x07, 0x80, 0x00, 0x3C, 0x00, 0x01,
    0xE0, 0x00, 0x0F, 0x00, 0x00, 0x78, 0x00, 0x03, 0xC0, 0x00, 0x1E, 0x00, 0x00, 0xF0, 0x00, 0x07,
    0x80, 0x00, 0x3E, 0x00, 0x00, 0xF0, 0x00, 0x07, 0xC0, 0x00, 0x3E, 0x00, 0x00, 0xFC, 0x00, 0x03,
    0xF8, 0x1C, 0x0F, 0xFF, 0xE0, 0x3F, 0xFF, 0x00, 0x7F, 0xF8, 0x00, 0x70, 0x00, 0x01, 0xC0, 0x00,
    0x0F, 0x00, 0x00, 0x38, 0x00, 0x03, 0xC0, 0x00, 0xFE, 0x00, 0x07, 0xF0, 0x00, 0x3F, 0x00, 0x07,
    0xFC, 0x3F, 0xFC, 0xFF, 0xFB, 0xF0, 0x67, 0xC0, 0x1F, 0x00, 0x3C, 0x00, 0x78, 0x00, 0xF0, 0x01,
    0xE0, 0x03, 0xC0, 0x07, 0x80, 0x0F, 0x00, 0x1E, 0x00, 0x3C, 0x00, 0x7C, 0x00, 0x7C, 0x00, 0xFC,
    0x1C, 0xFF, 0xF8, 0xFF, 0xF0, 0x7F, 0xC0, 0x38, 0x00, 0x38, 0x00, 0x78, 0x00, 0x70, 0x01, 0xE0,
    0x0F, 0xC0, 0x1F, 0x80, 0x3E, 0x00, 0xFF, 0xFF, 0xFF, 0xFF, 0xFF, 0xFF, 0xFF, 0xF0, 0x0F, 0x00,
    0x00, 0xF0, 0x00, 0x0F, 0x00, 0x00, 0xF0, 0x00, 0x0F, 0x00, 0x00, 0xF0, 0x00, 0x0F, 0x00, 0x00,
    0xF0, 0x00, 0x0F, 0x00, 0x00, 0xF0, 0x00, 0x0F, 0x00, 0x00, 0xF0, 0x00, 0x0F, 0x00, 0x00, 0xF0,
    0x00, 0x0F, 0x00, 0x00, 0xF0, 0x00, 0x0F, 0x00, 0x00, 0xF0, 0x00, 0x0F, 0x00, 0x00, 0xF0, 0x00,
    0x0F, 0x00, 0x00, 0xFE, 0x00, 0x0F, 0xE0, 0x00, 0xFE, 0x00, 0x00, 0xE0, 0x00, 0x0E, 0x00, 0x00,
    0xE0, 0x00, 0x0E, 0x00, 0x00, 0xE0, 0x00, 0x0E, 0x00, 0x00, 0xE0, 0xFF, 0xFF, 0xFF, 0xFF, 0xFF,
    0xFF, 0x03, 0xC0, 0x03, 0xC0, 0x03, 0xC0, 0x03, 0xC0, 0x03, 0xC0, 0x03, 0xC0, 0x03, 0xC0, 0x03,
    0xC0, 0x03, 0xC0, 0x03, 0xC0, 0x03, 0xC0, 0x03, 0xC0, 0x03, 0xC0, 0x03, 0xC0, 0x03, 0xC0, 0x03,
    0xF8, 0x03, 0xF8, 0x03, 0xF8, 0x00, 0x78, 0x00, 0x78, 0x00, 0x78, 0x00, 0x78, 0x00, 0x78, 0x00,
    0x78, 0x00, 0x78, 0xF0, 0x00, 0x7F, 0xE0, 0x01, 0xE7, 0x80, 0x0F, 0x0F, 0x00, 0x3C, 0x3C, 0x01,
    0xE0, 0x78, 0x07, 0x81, 0xF0, 0x3C, 0x03, 0xC1, 0xF0, 0x0F, 0x87, 0x80, 0x1E, 0x3E, 0x00, 0x7C,
    0xF0, 0x00, 0xF7, 0xC0, 0x03, 0xFE, 0x00, 0x07, 0xF8, 0x00, 0x1F, 0xC0, 0x00, 0x3E, 0x00, 0x00,
    0x78, 0x00, 0x01, 0xE0, 0x00, 0x07, 0x80, 0x00, 0x1E, 0x00, 0x00, 0x78, 0x00, 0x01, 0xE0, 0x00,
    0x07, 0x80, 0x00, 0x1E, 0x00, 0x00, 0x78, 0x00, 0x01, 0xE0, 0x00, 0x07, 0x80, 0x00, 0xF0, 0x01,
    0xFF, 0x80, 0x1E, 0x78, 0x01, 0xE7, 0x80, 0x3C, 0x7C, 0x03, 0xC3, 0xC0, 0x7C, 0x3C, 0x07, 0x81,
    0xE0, 0x78, 0x1E, 0x0F, 0x81, 0xF0, 0xF0, 0x0F, 0x0F, 0x00, 0xF1, 0xE0, 0x0F, 0x9E, 0x00, 0x79,
    0xE0, 0x07, 0xBC, 0x00, 0x3F, 0xC0, 0x03, 0xF8, 0x00, 0x3F, 0x80, 0x01, 0xF8, 0x00, 0x1F, 0x00,
    0x00, 0xF0, 0x00, 0x0F, 0x00, 0x00, 0xF0, 0x00, 0x0F, 0x00, 0x00, 0xF0, 0x00, 0x0F, 0x00, 0x00,
    0xF0, 0x00, 0x0F, 0x00, 0x00, 0xF0, 0x00, 0x0F, 0x00, 0xF8, 0x00, 0x7D, 0xF0, 0x01, 0xE3, 0xC0,
    0x0F, 0x8F, 0x80, 0x3C, 0x1E, 0x01, 0xE0, 0x7C, 0x07, 0x80, 0xF0, 0x3C, 0x03, 0xE0, 0xF0, 0x07,
    0x87, 0x80, 0x1F, 0x1E, 0x00, 0x3C, 0xF0, 0x00, 0xFB, 0xC0, 0x01, 0xFE, 0x00, 0x03, 0xF8, 0x00,
    0x0F, 0xC0, 0x00, 0x1F, 0x00, 0x00, 0x78, 0x00, 0x3F, 0xFF, 0x00, 0xFF, 0xFC, 0x03, 0xFF, 0xF0,
    0x00, 0x78, 0x00, 0x01, 0xE0, 0x00, 0x07, 0x80, 0x00, 0x1E, 0x00, 0x00, 0x78, 0x00, 0x01, 0xE0,
    0x00, 0x07, 0x80, 0x00, 0xF0, 0x00, 0xFF, 0x80, 0x1F, 0x78, 0x01, 0xE7, 0x80, 0x1E, 0x3C, 0x03,
    0xC3, 0xC0, 0x3C, 0x3C, 0x07, 0xC1, 0xE0, 0x78, 0x1E, 0x07, 0x81, 0xE0, 0xF0, 0x0F, 0x0F, 0x00,
    0xF1, 0xF0, 0x0F, 0x9E, 0x00, 0x79, 0xE0, 0x07, 0xBC, 0x00, 0x3F, 0xC0, 0x03, 0xFC, 0x00, 0x3F,
    0x80, 0x01, 0xF8, 0x00, 0x1F, 0x80, 0x01, 0xF0, 0x01, 0xFF, 0xF8, 0x1F, 0xFF, 0x81, 0xFF, 0xF8,
    0x00, 0xF0, 0x00, 0x0F, 0x00, 0x00, 0xF0, 0x00, 0x0F, 0x00, 0x00, 0xF0, 0x00, 0x0F, 0x00, 0x78,
    0x00, 0x7C, 0x7C, 0x00, 0xF8, 0x3E, 0x00, 0xF0, 0x1E, 0x01, 0xF0, 0x1F, 0x01, 0xE0, 0x0F, 0x03,
    0xC0, 0x07, 0x87, 0xC0, 0x07, 0xC7, 0x80, 0x03, 0xCF, 0x00, 0x01, 0xFF, 0x00, 0x01, 0xFE, 0x00,
    0x00, 0xFC, 0x00, 0x00, 0xFC, 0x00, 0x00, 0xFC, 0x00, 0x00, 0xFC, 0x00, 0x01, 0xFE, 0x00, 0x03,
    0xFF, 0x00, 0x03, 0xCF, 0x00, 0x07, 0x87, 0x80, 0x07, 0x87, 0xC0, 0x0F, 0x03, 0xC0, 0x1F, 0x03,
    0xE0, 0x1E, 0x01, 0xE0, 0x3C, 0x00, 0xF0, 0x7C, 0x00, 0xFF, 0x78, 0x00, 0x7F, 0xF8, 0x00, 0x7F,
    0x00, 0x00, 0x0F, 0x00, 0x00, 0x0F, 0x00, 0x00, 0x0F, 0x00, 0x00, 0x0F, 0x00, 0x00, 0x0F, 0x00,
    0x00, 0x0F, 0x00, 0x00, 0x0F, 0x7C, 0x03, 0xE1, 0xE0, 0x1E, 0x0F, 0x81, 0xF0, 0x3E, 0x1F, 0x00,
    0xF0, 0xF0, 0x07, 0xCF, 0x80, 0x1F, 0x78, 0x00, 0x7F, 0x80, 0x03, 0xFC, 0x00, 0x0F, 0xC0, 0x00,
    0x7E, 0x00, 0x03, 0xF0, 0x00, 0x3F, 0xC0, 0x03, 0xFF, 0x00, 0x1E, 0x78, 0x01, 0xF1, 0xE0, 0x1F,
    0x0F, 0x80, 0xF0, 0x3C, 0x0F, 0x81, 0xFE, 0xF8, 0x07, 0xF7, 0x80, 0x1F, 0x80, 0x00, 0x3C, 0x00,
    0x01, 0xE0, 0x00, 0x0F, 0x00, 0x00, 0x78, 0x00, 0x03, 0xC0, 0x00, 0x1E, 0x00, 0x00, 0xF0, 0xFF,
    0xFF, 0xF0, 0xF0, 0xFF, 0xFF, 0xF0, 0xF0, 0xFF, 0xFF, 0xF0, 0xF0, 0x01, 0xE0, 0x00, 0xF0, 0x01,
    0xE0, 0x00, 0xF0, 0x01, 0xE0, 0x00, 0xF0, 0x01, 0xE0, 0x00, 0xF0, 0x01, 0xE0, 0x00, 0xF0, 0x01,
    0xE0, 0x00, 0xF0, 0x01, 0xE0, 0x00, 0xF0, 0x01, 0xE0, 0x00, 0xF0, 0x01, 0xE0, 0x00, 0xF0, 0x01,
    0xE0, 0x00, 0xF0, 0x01, 0xE0, 0x00, 0xF0, 0x01, 0xE0, 0x00, 0xF0, 0x01, 0xE0, 0x00, 0xF0, 0x01,
    0xE0, 0x00, 0xF0, 0x01, 0xE0, 0x00, 0xF0, 0x01, 0xE0, 0x00, 0xF0, 0x01, 0xE0, 0x00, 0xF0, 0x01,
    0xE0, 0x00, 0xF0, 0x01, 0xE0, 0x00, 0xF0, 0x01, 0xE0, 0x00, 0xF0, 0x01, 0xE0, 0x00, 0xF0, 0x01,
    0xFF, 0xFF, 0xFF, 0x01, 0xFF, 0xFF, 0xFF, 0x01, 0xFF, 0xFF, 0xFF, 0x00, 0x00, 0x00, 0x0F, 0x00,
    0x00, 0x00, 0x0F, 0x00, 0x00, 0x00, 0x0F, 0x00, 0x00, 0x00, 0x0F, 0x00, 0x00, 0x00, 0x0F, 0x00,
    0x00, 0x00, 0x0F, 0x00, 0x00, 0x00, 0x0F, 0xFF, 0xFF, 0x1E, 0x3F, 0xFF, 0xC7, 0x8F, 0xFF, 0xF1,
    0xE0, 0x1E, 0x00, 0x78, 0x07, 0x80, 0x1E, 0x01, 0xE0, 0x07, 0x80, 0x78, 0x01, 0xE0, 0x1E, 0x00,
    0x78, 0x07, 0x80, 0x1E, 0x01, 0xE0, 0x07, 0x80, 0x78, 0x01, 0xE0, 0x1E, 0x00, 0x78, 0x07, 0x80,
    0x1E, 0x01, 0xE0, 0x07, 0x80, 0x78, 0x01, 0xE0, 0x1E, 0x00, 0x78, 0x07, 0x80, 0x1E, 0x01, 0xE0,
    0x07, 0x80, 0x7F, 0xFF, 0xFC, 0x1F, 0xFF, 0xFF, 0x07, 0xFF, 0xFF, 0xC0, 0x00, 0x00, 0xF0, 0x00,
    0x00, 0x3C, 0x00, 0x00, 0x0F, 0x00, 0x00, 0x03, 0xC0, 0x00, 0x00, 0xF0, 0x00, 0x00, 0x3C, 0x00,
    0x00, 0x0F, 0x00, 0x00, 0x01, 0xC0, 0xF0, 0x00, 0xF1, 0xE0, 0x01, 0xE3, 0xC0, 0x03, 0xC7, 0x80,
    0x07, 0x8F, 0x00, 0x0F, 0x1E, 0x00, 0x1E, 0x3C, 0x00, 0x3C, 0x78, 0x00, 0x78, 0xF0, 0x00, 0xF1,
    0xE0, 0x01, 0xE3, 0xC0, 0x03, 0xC7, 0x80, 0x07, 0x8F, 0x80, 0x1F, 0x1F, 0x81, 0xFE, 0x1F, 0xFF,
    0xFC, 0x1F, 0xFF, 0xF8, 0x1F, 0xFC, 0xF0, 0x00, 0x01, 0xE0, 0x00, 0x03, 0xC0, 0x00, 0x07, 0x80,
    0x00, 0x0F, 0x00, 0x00, 0x1E, 0x00, 0x00, 0x3C, 0x00, 0x00, 0x78, 0x00, 0x00, 0xFE, 0x00, 0x01,
    0xFC, 0x00, 0x03, 0xF8, 0x00, 0x00, 0xF0, 0x00, 0x01, 0xE0, 0x00, 0x03, 0xC0, 0x00, 0x07, 0x80,
    0x00, 0x0F, 0x00, 0x00, 0x1E, 0x00, 0x00, 0x3C, 0xF0, 0x07, 0x8F, 0x00, 0x78, 0xF0, 0x07, 0x8F,
    0x00, 0x78, 0xF0, 0x07, 0x8F, 0x00, 0x78, 0xF0, 0x07, 0x8F, 0x00, 0x78, 0xF0, 0x07, 0x8F, 0x00,
    0xF8, 0xF8, 0x3F, 0x87, 0xFF, 0xF8, 0x7F, 0xFF, 0x81, 0xFE, 0x78, 0x00, 0x07, 0x80, 0x00, 0x78,
    0x00, 0x07, 0x80, 0x00, 0x78, 0x00, 0x07, 0xF0, 0x00, 0x7F, 0x00, 0x07, 0xF0, 0x00, 0x0F, 0x00,
    0x00, 0xF0, 0x00, 0x0F, 0x00, 0x00, 0xF0, 0x00, 0x0F, 0x00, 0x00, 0xF0, 0x00, 0x0F, 0xF0, 0x00,
    0xFF, 0x00, 0x0F, 0xF0, 0x00, 0xFF, 0x00, 0x0F, 0xF0, 0x00, 0xFF, 0x00, 0x0F, 0xF0, 0x00, 0xFF,
    0x00, 0x0F, 0xF0, 0xE0, 0xFF, 0x0E, 0x0F, 0xF0, 0xE0, 0xFF, 0x0E, 0x0F, 0xF8, 0xE0, 0xFF, 0xCE,
    0xFF, 0x7F, 0xFF, 0xF3, 0xFF, 0xFF, 0x0F, 0xFC, 0xF0, 0x0E, 0x0F, 0x00, 0xE0, 0xF0, 0x0E, 0x0F,
    0x00, 0xE0, 0xF0, 0x0E, 0x0F, 0x00, 0xE0, 0xF0, 0x00, 0x0F, 0x00, 0x00, 0xF0, 0x00, 0x0F, 0x00,
    0x00, 0xF0, 0xF0, 0x07, 0xF8, 0x03, 0xFC, 0x01, 0xFE, 0x00, 0xFF, 0x00, 0x7F, 0x80, 0x3F, 0xCE,
    0x1F, 0xE7, 0x0F, 0xF3, 0x87, 0xF9, 0xC7, 0xFE, 0xEF, 0xEF, 0xFF, 0xF7, 0xFF, 0xF8, 0xFF, 0x3C,
    0x0E, 0x1E, 0x07, 0x0F, 0x03, 0x87, 0x81, 0xC3, 0xC0, 0xE1, 0xE0, 0x00, 0xF0, 0x00, 0x78, 0xF0,
    0x00, 0x0F, 0x00, 0x00, 0xF0, 0x00, 0x0F, 0x00, 0x00, 0xF0, 0x00, 0x0F, 0x00, 0x00, 0xF0, 0x00,
    0x0F, 0x00, 0x00, 0xF0, 0x00, 0x0F, 0x1F, 0xF0, 0xFF, 0xFF, 0x8F, 0xFF, 0xFC, 0xFF, 0x87, 0xEF,
    0x80, 0x1E, 0xF0, 0x01, 0xFF, 0x00, 0x0F, 0xF0, 0x00, 0xFF, 0x00, 0x0F, 0xF0, 0x00, 0xFF, 0x00,
    0x0F, 0xF0, 0x00, 0xFF, 0x00, 0x0F, 0xF0, 0x00, 0xFF, 0x00, 0x0F, 0xF0, 0x00, 0xFF, 0x00, 0x0F,
    0xF0, 0x00, 0xF0, 0xF0, 0x00, 0x78, 0x00, 0x3C, 0x00, 0x1E, 0x00, 0x0F, 0x00, 0x07, 0x80, 0x03,
    0xC0, 0x01, 0xE0, 0x00, 0xF3, 0xFC, 0x7F, 0xFF, 0x3F, 0xFF, 0xDF, 0xC3, 0xFF, 0x80, 0xFF, 0xC0,
    0x3F, 0xC0, 0x1F, 0xE0, 0x0F, 0xF0, 0x07, 0xF8, 0x03, 0xFC, 0x01, 0xFE, 0x00, 0xFF, 0x00, 0x7F,
    0x80, 0x3F, 0xC0, 0x1F, 0xE0, 0x0F, 0xF0, 0x07, 0xF8, 0x03, 0xFC, 0x01, 0xFE, 0x00, 0xFF, 0x00,
    0x78, 0x00, 0x0F, 0xFC, 0x00, 0x01, 0xFF, 0xF8, 0x00, 0x1F, 0xFF, 0xF0, 0x01, 0xFC, 0x1F, 0x80,
    0x1F, 0x80, 0x3E, 0x00, 0xF0, 0x00, 0xF8, 0x0F, 0x80, 0x03, 0xDE, 0x78, 0x00, 0x1E, 0xF3, 0xC0,
    0x00, 0xFF, 0xBE, 0x00, 0x03, 0xFD, 0xE0, 0x00, 0x1F, 0xFF, 0xFF, 0xFF, 0xFF, 0xFF, 0xFF, 0xFF,
    0x9F, 0xFF, 0xFF, 0xFC, 0x1E, 0x00, 0x00, 0x00, 0xF0, 0x00, 0x00, 0x07, 0xC0, 0x00, 0x00, 0x3E,
    0x00, 0x00, 0x00, 0xF0, 0x00, 0x00, 0x07, 0x80, 0x00, 0x00, 0x3E, 0x00, 0x00, 0x00, 0xF8, 0x00,
    0x00, 0x03, 0xE0, 0x00, 0x80, 0x1F, 0xE0, 0x7C, 0x00, 0x7F, 0xFF, 0xE0, 0x00, 0xFF, 0xFF, 0x00,
    0x01, 0xFF, 0xE0, 0x00, 0x3F, 0xC0, 0x03, 0xFF, 0x80, 0x1F, 0xFF, 0x00, 0xFC, 0x3E, 0xE3, 0xC0,
    0x7B, 0x9F, 0x00, 0xFE, 0x78, 0x03, 0xFD, 0xE0, 0x0F, 0xFF, 0xFF, 0xFF, 0xFF, 0xFF, 0xF7, 0xFF,
    0xFF, 0xC1, 0xE0, 0x00, 0x07, 0x80, 0x00, 0x1E, 0x00, 0x00, 0x78, 0x00, 0x01, 0xF0, 0x00, 0x03,
    0xE0, 0x00, 0x0F, 0xC0, 0xE0, 0x1F, 0xFF, 0x80, 0x3F, 0xFE, 0x00, 0x3F, 0xF0, 0x00, 0x0F, 0xFE,
    0x00, 0x01, 0xFF, 0xF8, 0x00, 0x1F, 0xFF, 0xF0, 0x01, 0xFC, 0x1F, 0x80, 0x1F, 0x80, 0x3E, 0x00,
    0xF0, 0x00, 0xF8, 0x0F, 0x80, 0x03, 0xDE, 0x78, 0x00, 0x1E, 0xF3, 0xC0, 0x00, 0xFF, 0xBE, 0x00,
    0x03, 0xFD, 0xE0, 0x00, 0x1F, 0xFF, 0xFF, 0xFF, 0xFF, 0xFF, 0xFF, 0xFF, 0x9F, 0xFF, 0xFF, 0xFC,
    0x1E, 0x00, 0x00, 0x00, 0xF0, 0x00, 0x00, 0x07, 0xC0, 0x00, 0x00, 0x3E, 0x00, 0x00, 0x00, 0xF0,
    0x00, 0x00, 0x07, 0x80, 0x00, 0x00, 0x3E, 0x00, 0x00, 0x00, 0xF8, 0x00, 0x00, 0x03, 0xE0, 0x00,
    0x80, 0x1F, 0xE0, 0x7C, 0x00, 0x7F, 0xFF, 0xE0, 0x00, 0xFF, 0xFF, 0x00, 0x01, 0xFF, 0xF0, 0x00,
    0x01, 0xE0, 0x00, 0x00, 0x0F, 0x00, 0x00, 0x00, 0x78, 0x00, 0x00, 0x03, 0xC0, 0x00, 0x00, 0x1E,
    0x00, 0x00, 0x00, 0xF0, 0x00, 0x00, 0x07, 0x80, 0x00, 0x00, 0x3F, 0xC0, 0x03, 0xFF, 0x80, 0x1F,
    0xFF, 0x00, 0xFC, 0x3E, 0xE3, 0xC0, 0x7B, 0x9F, 0x00, 0xFE, 0x78, 0x03, 0xFD, 0xE0, 0x0F, 0xFF,
    0xFF, 0xFF, 0xFF, 0xFF, 0xF7, 0xFF, 0xFF, 0xC1, 0xE0, 0x00, 0x07, 0x80, 0x00, 0x1E, 0x00, 0x00,
    0x78, 0x00, 0x01, 0xF0, 0x00, 0x03, 0xE0, 0x00, 0x0F, 0xC0, 0xE0, 0x1F, 0xFF, 0x80, 0x3F, 0xFE,
    0x00, 0x3F, 0xF0, 0x00, 0x3C, 0x00, 0x00, 0xF0, 0x00, 0x03, 0xC0, 0x00, 0x0F, 0x00, 0x00, 0x3C,
    0x00, 0x00, 0xF0, 0x00, 0x03, 0xC0, 0xFF, 0xFF, 0xF7, 0xF8, 0x78, 0x1E, 0x07, 0x81, 0xE0, 0x78,
    0x1E, 0x07, 0x81, 0xE0, 0x78, 0x1E, 0x07, 0x81, 0xE0, 0x78, 0x1E, 0x07, 0x81, 0xE0, 0x78, 0x1E,
    0x07, 0x81, 0xE0, 0x78, 0x7F, 0xBF, 0xFF, 0xFC, 0x00, 0x1E, 0x0F, 0x00, 0x00, 0x03, 0xE3, 0xC0,
    0x00, 0x00, 0x3F, 0xF8, 0x00, 0x00, 0x07, 0xFE, 0x00, 0x00, 0x00, 0x3F, 0x80, 0x00, 0x00, 0x00,
    0x00, 0x00, 0x00, 0x00, 0x00, 0x00, 0x00, 0x00, 0x00, 0x00, 0x00, 0x78, 0x01, 0xE0, 0x07, 0xC7,
    0x80, 0x3C, 0x00, 0xF0, 0xF8, 0x07, 0x80, 0x3C, 0x0F, 0x00, 0xF0, 0x0F, 0x80, 0xF0, 0x1E, 0x01,
    0xE0, 0x1F, 0x03, 0xC0, 0x78, 0x01, 0xE0, 0x78, 0x1F, 0x00, 0x1E, 0x0F, 0x03, 0xC0, 0x03, 0xE1,
    0xE0, 0xF0, 0x00, 0x3C, 0x3C, 0x3E, 0x00, 0x03, 0xC7, 0x87, 0x80, 0x00, 0x7F, 0xFF, 0xE0, 0x00,
    0x07, 0xFF, 0xFC, 0x00, 0x01, 0xFF, 0xFF, 0x80, 0x00, 0x3C, 0x78, 0xF8, 0x00, 0x0F, 0x8F, 0x0F,
    0x80, 0x03, 0xE1, 0xE0, 0xF0, 0x00, 0x78, 0x3C, 0x1F, 0x00, 0x1F, 0x07, 0x81, 0xE0, 0x03, 0xC0,
    0xF0, 0x3E, 0x00, 0xF8, 0x1E, 0x03, 0xE0, 0x3E, 0x03, 0xC0, 0x3C, 0x07, 0x80, 0x78, 0x07, 0xC1,
    0xF0, 0x0F, 0x00, 0x78, 0x7C, 0x01, 0xE0, 0x0F, 0x8F, 0x00, 0x3C, 0x00, 0xFB, 0xE0, 0x07, 0x80,
    0x0F, 0x00, 0x00, 0x70, 0x78, 0x00, 0x03, 0x83, 0xC0, 0x00, 0x1E, 0x3C, 0x00, 0x00, 0xFF, 0xE0,
    0x00, 0x03, 0xFE, 0x00, 0x00, 0x0F, 0xE0, 0x00, 0x00, 0x00, 0x00, 0x00, 0x00, 0x00, 0x00, 0x78,
    0x07, 0x80, 0xF1, 0xE0, 0x3C, 0x0F, 0x8F, 0x81, 0xE0, 0x78, 0x3C, 0x0F, 0x07, 0x80, 0xF0, 0x78,
    0x7C, 0x07, 0xC3, 0xC3, 0xC0, 0x1E, 0x1E, 0x3C, 0x00, 0x78, 0xF1, 0xE0, 0x03, 0xC7, 0x9E, 0x00,
    0x0F, 0xFF, 0xF0, 0x00, 0x7F, 0xFF, 0x00, 0x07, 0xFF, 0xFC, 0x00, 0x3C, 0x79, 0xF0, 0x03, 0xE3,
    0xC7, 0x80, 0x3E, 0x1E, 0x3E, 0x01, 0xE0, 0xF0, 0xF8, 0x1F, 0x07, 0x83, 0xC0, 0xF0, 0x3C, 0x1F,
    0x0F, 0x01, 0xE0, 0x7C, 0xF8, 0x0F, 0x01, 0xE7, 0x80, 0x78, 0x0F, 0x80, 0xF0, 0x03, 0xE7, 0x80,
    0x3E, 0x3C, 0x03, 0xE1, 0xE0, 0x3E, 0x0F, 0x03, 0xE0, 0x78, 0x3E, 0x03, 0xC1, 0xE0, 0x1E, 0x1E,
    0x00, 0xF1, 0xE0, 0x07, 0x9E, 0x00, 0x3D, 0xF0, 0x01, 0xFF, 0x00, 0x0F, 0xFF, 0xC0, 0x7F, 0xFF,
    0x83, 0xFF, 0xFE, 0x1F, 0x07, 0xF8, 0xF0, 0x07, 0xE7, 0x80, 0x1F, 0xBC, 0x00, 0x7D, 0xE0, 0x01,
    0xEF, 0x00, 0x0F, 0xF8, 0x00, 0x7F, 0xC0, 0x01, 0xFE, 0x00, 0x0F, 0xF0, 0x00, 0x7F, 0x80, 0x03,
    0xFC, 0x00, 0x3E, 0x00, 0x01, 0xF0, 0x00, 0x0F, 0x00, 0x00, 0x78, 0x00, 0x07, 0xC0, 0x00, 0x7C,
    0x06, 0x0F, 0xC0, 0x3F, 0xFE, 0x01, 0xFF, 0xC0, 0x0F, 0xFC, 0x00, 0xF0, 0x1F, 0x78, 0x1F, 0x3C,
    0x1F, 0x1E, 0x1F, 0x0F, 0x1F, 0x07, 0x8F, 0x03, 0xCF, 0x01, 0xEF, 0x00, 0xFF, 0x00, 0x7F, 0xF8,
    0x3F, 0xFE, 0x1F, 0xFF, 0x8F, 0x07, 0xE7, 0x80, 0xFB, 0xC0, 0x3D, 0xE0, 0x1E, 0xF0, 0x0F, 0xF8,
    0x07, 0xFC, 0x01, 0xFE, 0x00, 0xFF, 0x00, 0x78, 0x00, 0x3C, 0x00, 0x3E, 0x00, 0x1E, 0x00, 0x0F,
    0x00, 0x0F, 0x83, 0x0F, 0x81, 0xFF, 0xC0, 0xFF, 0xC0, 0x3F, 0x80, 0x00, 0xFF, 0xFF, 0x00, 0x0F,
    0xFF, 0xF0, 0x00, 0xFF, 0xFF, 0x00, 0x0F, 0x00, 0xF0, 0x00, 0xF0, 0x0F, 0x00, 0x0F, 0x00, 0xF0,
    0x01, 0xE0, 0x0F, 0x00, 0x1E, 0x00, 0xF0, 0x01, 0xE0, 0x0F, 0x00, 0x1E, 0x00, 0xF0, 0x01, 0xE0,
    0x0F, 0x00, 0x1E, 0x00, 0xF0, 0x01, 0xE0, 0x0F, 0x00, 0x3C, 0x00, 0xF0, 0x03, 0xC0, 0x0F, 0x00,
    0x3C, 0x00, 0xF0, 0x03, 0xC0, 0x0F, 0x00, 0x3C, 0x00, 0xF0, 0x03, 0xC0, 0x0F, 0x00, 0x78, 0x00,
    0xF0, 0x07, 0x80, 0x0F, 0x00, 0x78, 0x00, 0xF0, 0x0F, 0x80, 0x0F, 0x00, 0xF0, 0x00, 0xF0, 0xFF,
    0x00, 0x0F, 0xEF, 0xE0, 0x00, 0xFE, 0xFC, 0x00, 0x0F, 0xE0, 0x00, 0x00, 0x1E, 0x00, 0x00, 0x03,
    0xC0, 0x00, 0x00, 0x3C, 0x00, 0x00, 0x03, 0xC0, 0x00, 0x00, 0x78, 0x00, 0x00, 0x07, 0x80, 0x00,
    0x00, 0xF8, 0x03, 0xFF, 0xE0, 0x0F, 0xFF, 0x80, 0x3F, 0xFE, 0x01, 0xE0, 0x78, 0x07, 0x81, 0xE0,
    0x1E, 0x07, 0x80, 0x78, 0x1E, 0x01, 0xE0, 0x78, 0x07, 0x81, 0xE0, 0x1E, 0x07, 0x80, 0x78, 0x1E,
    0x03, 0xE0, 0x78, 0x0F, 0x01, 0xE0, 0x3C, 0x07, 0x80, 0xF0, 0x1E, 0x07, 0xC0, 0x78, 0x1E, 0x01,
    0xE0, 0xF8, 0x07, 0x8F, 0xC0, 0x1F, 0xFF, 0x00, 0x7F, 0xF8, 0x01, 0xFC, 0x00, 0x00, 0xE0, 0x00,
    0x03, 0x80, 0x00, 0x1E, 0x00, 0x00, 0x78, 0x00, 0x01, 0xE0, 0x00, 0x0F, 0x00, 0x00, 0x3C, 0xF0,
    0x00, 0x7F, 0x80, 0x03, 0xFC, 0x00, 0x1F, 0xE0, 0x00, 0xFF, 0x00, 0x07, 0xF8, 0x00, 0x3F, 0xC0,
    0x01, 0xFE, 0x00, 0x0F, 0xF0, 0x00, 0x7F, 0x80, 0x03, 0xFC, 0x00, 0x1F, 0xFF, 0xFF, 0xFF, 0xFF,
    0xFF, 0xFF, 0xFF, 0xFF, 0xC0, 0x01, 0xFE, 0x00, 0x0F, 0xF0, 0x00, 0x7F, 0x80, 0x03, 0xFC, 0x00,
    0x1F, 0xE0, 0x00, 0xFF, 0x00, 0x07, 0xF8, 0x00, 0x3F, 0xC0, 0x01, 0xFE, 0x00, 0x0F, 0xF0, 0x00,
    0x7F, 0x80, 0x03, 0xFC, 0x00, 0x3E, 0x00, 0x01, 0xF0, 0x00, 0x0F, 0x00, 0x00, 0x78, 0x00, 0x07,
    0xC0, 0x00, 0x7C, 0x06, 0x0F, 0xE0, 0x3F, 0xFE, 0x01, 0xFF, 0xE0, 0x0F, 0xFC, 0x00, 0xF0, 0x03,
    0xFC, 0x00, 0xFF, 0x00, 0x3F, 0xC0, 0x0F, 0xF0, 0x03, 0xFC, 0x00, 0xFF, 0x00, 0x3F, 0xC0, 0x0F,
    0xFF, 0xFF, 0xFF, 0xFF, 0xFF, 0xFF, 0xFF, 0xC0, 0x0F, 0xF0, 0x03, 0xFC, 0x00, 0xFF, 0x00, 0x3F,
    0xC0, 0x0F, 0xF0, 0x03, 0xFC, 0x00, 0xFF, 0x00, 0x3F, 0xC0, 0x0F, 0xF0, 0x03, 0xC0, 0x00, 0xF0,
    0x00, 0x7C, 0x00, 0x1F, 0x00, 0x07, 0x80, 0x03, 0xE0, 0x31, 0xF0, 0x0F, 0xFC, 0x03, 0xFE, 0x00,
    0xFF, 0x00, 0xF0, 0x00, 0x78, 0x78, 0x00, 0x3C, 0x3C, 0x00, 0x1E, 0x1E, 0x00, 0x0F, 0x0F, 0x00,
    0x07, 0x87, 0x80, 0x03, 0xC3, 0xC0, 0x01, 0xE1, 0xE0, 0x00, 0xF0, 0xF0, 0x00, 0x78, 0x78, 0x00,
    0x3C, 0x3C, 0x00, 0x1E, 0x1F, 0xFF, 0xFF, 0x0F, 0xFF, 0xFF, 0x87, 0xFF, 0xFF, 0xC3, 0xC0, 0x01,
    0xE1, 0xE0, 0x00, 0xF0, 0xF0, 0x00, 0x78, 0x78, 0x00, 0x3C, 0x3C, 0x00, 0x1E, 0x1E, 0x00, 0x0F,
    0x0F, 0x00, 0x07, 0x87, 0x80, 0x03, 0xC3, 0xC0, 0x01, 0xE1, 0xE0, 0x00, 0xF0, 0xF0, 0x00, 0x7F,
    0x78, 0x00, 0x3F, 0xBC, 0x00, 0x1F, 0xC0, 0x00, 0x01, 0xE0, 0x00, 0x01, 0xE0, 0x00, 0x00, 0xF0,
    0x00, 0x00, 0x78, 0x00, 0x00, 0x78, 0x00, 0x00, 0x3C, 0x00, 0x00, 0x3E, 0x00, 0xF0, 0x03, 0xC7,
    0x80, 0x1E, 0x3C, 0x00, 0xF1, 0xE0, 0x07, 0x8F, 0x00, 0x3C, 0x78, 0x01, 0xE3, 0xC0, 0x0F, 0x1E,
    0x00, 0x78, 0xF0, 0x03, 0xC7, 0xFF, 0xFE, 0x3F, 0xFF, 0xF1, 0xFF, 0xFF, 0x8F, 0x00, 0x3C, 0x78,
    0x01, 0xE3, 0xC0, 0x0F, 0x1E, 0x00, 0x78, 0xF0, 0x03, 0xC7, 0x80, 0x1E, 0x3C, 0x00, 0xFF, 0xE0,
    0x07, 0xFF, 0x00, 0x3F, 0x80, 0x00, 0x38, 0x00, 0x01, 0xC0, 0x00, 0x1E, 0x00, 0x00, 0xF0, 0x00,
    0x07, 0x80, 0x00, 0x78, 0x00, 0x03, 0xC0, 0xF0, 0x00, 0xFF, 0x00, 0x0F, 0xF0, 0x00, 0xFF, 0x00,
    0x0F, 0xF0, 0x00, 0xFF, 0x00, 0x0F, 0xF0, 0x00, 0xFF, 0x00, 0x0F, 0xF0, 0x00, 0xFF, 0x00, 0x0F,
    0xF0, 0x00, 0xFF, 0x00, 0x0F, 0xF8, 0x01, 0xFF, 0xC0, 0xFF, 0x7F, 0xFF, 0xF3, 0xFF, 0xFF, 0x1F,
    0xFC, 0xF0, 0x00, 0x0F, 0x00, 0x00, 0xF0, 0x00, 0x0F, 0x00, 0x00, 0xF0, 0x00, 0x0F, 0x00, 0x00,
    0xF0, 0x00, 0x0F, 0x00, 0x07, 0xF0, 0x00, 0x7F, 0x00, 0x07, 0xF0, 0x00, 0x78, 0x00, 0x07, 0x80,
    0x00, 0x78, 0x00, 0x07, 0x80, 0x00, 0x78, 0x00, 0x07, 0x80, 0x00, 0x78, 0xF0, 0x07, 0xF8, 0x03,
    0xFC, 0x01, 0xFE, 0x00, 0xFF, 0x00, 0x7F, 0x80, 0x3F, 0xC0, 0x1F, 0xE0, 0x0F, 0xF0, 0x07, 0xF8,
    0x07, 0xFE, 0x0F, 0xEF, 0xFF, 0xF7, 0xFF, 0xF8, 0xFF, 0x3C, 0x00, 0x1E, 0x00, 0x0F, 0x00, 0x07,
    0x80, 0x03, 0xC0, 0x0F, 0xE0, 0x07, 0xF0, 0x03, 0xF8, 0x01, 0xE0, 0x00, 0xF0, 0x00, 0x78, 0x00,
    0x3C, 0x00, 0x1E, 0x00, 0x0F, 0x00, 0x07, 0x80, 0xFC, 0x00, 0x07, 0xE1, 0xF8, 0x00, 0x0F, 0xC3,
    0xF8, 0x00, 0x1F, 0x87, 0xF0, 0x00, 0x7F, 0x0F, 0xE0, 0x00, 0xFE, 0x1F, 0xE0, 0x03, 0xFC, 0x3F,
    0xC0, 0x07, 0xF8, 0x7B, 0xC0, 0x0E, 0xF0, 0xF7, 0x80, 0x3D, 0xE1, 0xE7, 0x00, 0x7B, 0xC3, 0xCF,
    0x00, 0xE7, 0x87, 0x9E, 0x03, 0xCF, 0x0F, 0x1C, 0x07, 0x1E, 0x1E, 0x3C, 0x1E, 0x3C, 0x3C, 0x78,
    0x3C, 0x78, 0x78, 0x70, 0x70, 0xF0, 0xF0, 0xF1, 0xE1, 0xE1, 0xE1, 0xE3, 0xC3, 0xC3, 0xC1, 0xE7,
    0x07, 0x87, 0x83, 0xDE, 0x0F, 0x0F, 0x07, 0xBC, 0x1E, 0x1E, 0x07, 0xF0, 0x3C, 0x3C, 0x0F, 0xE0,
    0x78, 0x78, 0x1F, 0x80, 0xF0, 0xF0, 0x1F, 0x01, 0xFF, 0xE0, 0x3E, 0x03, 0xFF, 0xC0, 0x38, 0x07,
    0xF0, 0x00, 0x00, 0x01, 0xE0, 0x00, 0x00, 0x03, 0xC0, 0x00, 0x00, 0x0F, 0x80, 0x00, 0x00, 0x1E,
    0x00, 0x00, 0x00, 0x3C, 0x00, 0x00, 0x00, 0xF8, 0x00, 0x00, 0x01, 0xE0, 0xF8, 0x00, 0x7C, 0x3F,
    0x00, 0x3F, 0x0F, 0xC0, 0x0F, 0xC3, 0xF8, 0x07, 0xF0, 0xFE, 0x01, 0xFC, 0x3F, 0x80, 0x7F, 0x0F,
    0xF0, 0x3F, 0xC3, 0xFC, 0x0F, 0xF0, 0xF7, 0x03, 0xBC, 0x3D, 0xE1, 0xEF, 0x0F, 0x78, 0x7B, 0xC3,
    0xCE, 0x1C, 0xF0, 0xF3, 0xCF, 0x3C, 0x3C, 0x73, 0x8F, 0x0F, 0x1F, 0xE3, 0xC3, 0xC7, 0xF8, 0xF0,
    0xF0, 0xFC, 0x3C, 0x3C, 0x3F, 0x0F, 0x0F, 0x0F, 0xC3, 0xFF, 0xC1, 0xE0, 0xFE, 0xF0, 0x78, 0x3F,
    0x80, 0x00, 0x01, 0xE0, 0x00, 0x00, 0x78, 0x00, 0x00, 0x1E, 0x00, 0x00, 0x0F, 0x00, 0x00, 0x03,
    0xC0, 0x00, 0x01, 0xF0, 0x00, 0x00, 0x7C, 0xFF, 0xFF, 0xF7, 0xF8, 0x78, 0x1E, 0x07, 0x81, 0xE0,
    0x78, 0x1E, 0x07, 0x81, 0xE0, 0x78, 0x1E, 0x07, 0x81, 0xE0, 0x78, 0x1E, 0x07, 0x81, 0xE0, 0x78,
    0x1E, 0x07, 0x81, 0xE0, 0x78, 0x7F, 0xBF, 0xFF, 0xFC, 0x03, 0x83, 0xC0, 0x03, 0xC3, 0xC0, 0x03,
    0xE7, 0xC0, 0x01, 0xFF, 0x80, 0x01, 0xFF, 0x00, 0x00, 0x7E, 0x00, 0x00, 0x00, 0x00, 0x00, 0x00,
    0x00, 0x00, 0x3C, 0x00, 0x00, 0x3C, 0x00, 0x00, 0x7E, 0x00, 0x00, 0x7E, 0x00, 0x00, 0xFF, 0x00,
    0x00, 0xFF, 0x00, 0x00, 0xE7, 0x00, 0x01, 0xE7, 0x80, 0x01, 0xE7, 0x80, 0x03, 0xC3, 0xC0, 0x03,
    0xC3, 0xC0, 0x03, 0xC3, 0xC0, 0x07, 0x81, 0xE0, 0x07, 0x81, 0xE0, 0x0F, 0x00, 0xE0, 0x0F, 0xFF,
    0xF0, 0x0F, 0xFF, 0xF0, 0x1F, 0xFF, 0xF8, 0x1E, 0x00, 0x78, 0x1C, 0x00, 0x78, 0x3C, 0x00, 0x3C,
    0x3C, 0x00, 0x3C, 0x78, 0x00, 0x3E, 0x78, 0x00, 0x1E, 0x78, 0x00, 0x1E, 0xF0, 0x00, 0x0F, 0xF0,
    0x00, 0x0F, 0x1E, 0x1E, 0x0F, 0x0F, 0x03, 0xCF, 0x81, 0xFF, 0x80, 0x7F, 0x80, 0x1F, 0x80, 0x00,
    0x00, 0x00, 0x00, 0x0F, 0xFC, 0x1F, 0xFF, 0x0F, 0xFF, 0xC3, 0x83, 0xE1, 0x00, 0xF8, 0x00, 0x7C,
    0x00, 0x1E, 0x00, 0x0F, 0x03, 0xFF, 0x8F, 0xFF, 0xCF, 0xFF, 0xEF, 0xE0, 0xFF, 0x80, 0x7F, 0x80,
    0x3F, 0xC0, 0x3F, 0xE0, 0x1F, 0xF0, 0x1F, 0xFC, 0x1F, 0xDF, 0xFF, 0xEF, 0xFE, 0xF1, 0xFC, 0x78,
    0x01, 0xC3, 0x80, 0x00, 0xF1, 0xE0, 0x00, 0x78, 0xF0, 0x00, 0x38, 0x70, 0x00, 0x00, 0x00, 0x00,
    0x00, 0x00, 0x00, 0x00, 0x00, 0x00, 0x00, 0x00, 0x00, 0x00, 0x3C, 0x00, 0x00, 0x1F, 0x00, 0x00,
    0x1F, 0x80, 0x00, 0x0F, 0xE0, 0x00, 0x07, 0xF0, 0x00, 0x07, 0xB8, 0x00, 0x03, 0xDE, 0x00, 0x01,
    0xCF, 0x00, 0x01, 0xE3, 0x80, 0x00, 0xF1, 0xE0, 0x00, 0xF0, 0xF0, 0x00, 0x78, 0x3C, 0x00, 0x38,
    0x1E, 0x00, 0x3C, 0x0F, 0x00, 0x1E, 0x03, 0xC0, 0x1F, 0xFF, 0xE0, 0x0F, 0xFF, 0xF8, 0x07, 0xFF,
    0xFC, 0x07, 0x80, 0x1E, 0x03, 0xC0, 0x07, 0x83, 0xC0, 0x03, 0xC1, 0xE0, 0x01, 0xE0, 0xF0, 0x00,
    0x78, 0xF0, 0x00, 0x3C, 0x78, 0x00, 0x1F, 0x3C, 0x00, 0x07, 0xBC, 0x00, 0x03, 0xC0, 0x0E, 0x1C,
    0x0F, 0x1E, 0x07, 0x8F, 0x01, 0xC3, 0x80, 0x00, 0x00, 0x00, 0x00, 0x3F, 0xF0, 0x7F, 0xFC, 0x3F,
    0xFF, 0x0E, 0x0F, 0x80, 0x03, 0xE0, 0x01, 0xF0, 0x00, 0x78, 0x00, 0x3C, 0x3F, 0xFE, 0x7F, 0xFF,
    0x7F, 0xFF, 0xFF, 0x83, 0xFE, 0x01, 0xFE, 0x00, 0xFF, 0x00, 0xFF, 0x80, 0x7F, 0xC0, 0x7F, 0xF0,
    0xFF, 0x7F, 0xFF, 0xBF, 0xFB, 0xC7, 0xF1, 0xE0, 0x00, 0x0F, 0xFF, 0xFE, 0x00, 0x1F, 0xFF, 0xFC,
    0x00, 0x7F, 0xFF, 0xF8, 0x00, 0xF3, 0xC0, 0x00, 0x03, 0xC7, 0x80, 0x00, 0x07, 0x8F, 0x00, 0x00,
    0x1E, 0x1E, 0x00, 0x00, 0x3C, 0x3C, 0x00, 0x00, 0xF8, 0x78, 0x00, 0x01, 0xE0, 0xF0, 0x00, 0x07,
    0xC1, 0xE0, 0x00, 0x0F, 0x03, 0xFF, 0xE0, 0x1E, 0x07, 0xFF, 0xC0, 0x78, 0x0F, 0xFF, 0x80, 0xF0,
    0x1E, 0x00, 0x03, 0xFF, 0xFC, 0x00, 0x07, 0xFF, 0xF8, 0x00, 0x1F, 0xFF, 0xF0, 0x00, 0x3C, 0x01,
    0xE0, 0x00, 0xF0, 0x03, 0xC0, 0x01, 0xE0, 0x07, 0x80, 0x07, 0x80, 0x0F, 0x00, 0x0F, 0x00, 0x1E,
    0x00, 0x3E, 0x00, 0x3C, 0x00, 0x78, 0x00, 0x7F, 0xFF, 0xF0, 0x00, 0xFF, 0xFF, 0xC0, 0x01, 0xFF,
    0xF8, 0x0F, 0xF8, 0x7F, 0x81, 0xFF, 0xE7, 0xFE, 0x0F, 0xFF, 0xFF, 0xF8, 0x78, 0x7F, 0xC3, 0xE0,
    0x00, 0xFC, 0x0F, 0x80, 0x07, 0xC0, 0x3C, 0x00, 0x3E, 0x01, 0xE0, 0x01, 0xE0, 0x0F, 0x0F, 0xFF,
    0xFF, 0xF9, 0xFF, 0xFF, 0xFF, 0xDF, 0xFF, 0xFF, 0xFF, 0xFE, 0x1E, 0x00, 0x0F, 0x80, 0xF0, 0x00,
    0x78, 0x07, 0xC0, 0x03, 0xC0, 0x3E, 0x00, 0x1E, 0x01, 0xF0, 0x00, 0xF0, 0x1F, 0xC0, 0x07, 0xC3,
    0xFF, 0x83, 0x9F, 0xFE, 0x7F, 0xFC, 0xFF, 0xE1, 0xFF, 0xE1, 0xFE, 0x03, 0xFE, 0x00, 0x38, 0x1C,
    0x78, 0x78, 0xF9, 0xF0, 0xFF, 0xC1, 0xFF, 0x80, 0xFC, 0x00, 0x00, 0x00, 0x00, 0xFF, 0xFF, 0xFF,
    0xFF, 0xFF, 0xFF, 0x80, 0x0F, 0x00, 0x1E, 0x00, 0x3C, 0x00, 0x78, 0x00, 0xF0, 0x01, 0xE0, 0x03,
    0xC0, 0x07, 0xFF, 0xFF, 0xFF, 0xFF, 0xFF, 0xFC, 0x00, 0x78, 0x00, 0xF0, 0x01, 0xE0, 0x03, 0xC0,
    0x07, 0x80, 0x0F, 0x00, 0x1E, 0x00, 0x3C, 0x00, 0x78, 0x00, 0xFF, 0xFF, 0xFF, 0xFF, 0xFF, 0xF8,
    0x1C, 0x1E, 0x0F, 0x0F, 0x07, 0xCF, 0x01, 0xFF, 0x80, 0x7F, 0x80, 0x1F, 0x80, 0x00, 0x00, 0x00,
    0x00, 0x07, 0xF8, 0x0F, 0xFE, 0x0F, 0xFF, 0x8F, 0xC3, 0xE7, 0x80, 0xF7, 0xC0, 0x3F, 0xC0, 0x1F,
    0xE0, 0x0F, 0xFF, 0xFF, 0xFF, 0xFF, 0xFF, 0xFF, 0xFE, 0x00, 0x0F, 0x00, 0x07, 0x80, 0x03, 0xC0,
    0x01, 0xF0, 0x00, 0x7C, 0x00, 0x3F, 0x83, 0x8F, 0xFF, 0xC3, 0xFF, 0xE0, 0x7F, 0xE0, 0x1F, 0xFF,
    0x00, 0xFF, 0xFF, 0x81, 0xFF, 0xFF, 0x83, 0xE0, 0x3F, 0x80, 0x00, 0x0F, 0x80, 0x00, 0x0F, 0x00,
    0x00, 0x0F, 0x00, 0x00, 0x1E, 0x00, 0x00, 0x1E, 0x00, 0x00, 0x3C, 0x00, 0x00, 0x78, 0x00, 0x00,
    0xFF, 0xFF, 0xFF, 0xFF, 0xFF, 0xFF, 0xFF, 0xFF, 0xFF, 0xF8, 0x00, 0x0F, 0xF0, 0x00, 0x1F, 0xE0,
    0x00, 0x3F, 0xC0, 0x00, 0x7F, 0x80, 0x01, 0xE7, 0x80, 0x03, 0xCF, 0x00, 0x0F, 0x8F, 0x00, 0x3E,
    0x1F, 0x81, 0xF8, 0x1F, 0xFF, 0xE0, 0x1F, 0xFF, 0x80, 0x0F, 0xFC, 0x00, 0x3F, 0xF0, 0x3F, 0xFE,
    0x1F, 0xFF, 0x8E, 0x0F, 0xE0, 0x01, 0xF0, 0x00, 0x7C, 0x00, 0x1E, 0x00, 0x0F, 0x00, 0x07, 0x80,
    0x03, 0xFF, 0xFF, 0xFF, 0xFF, 0xFF, 0xFF, 0xFF, 0x80, 0x3F, 0xC0, 0x1F, 0xE0, 0x1F, 0x78, 0x0F,
    0x3E, 0x1F, 0x8F, 0xFF, 0x83, 0xFF, 0x80, 0xFF, 0x00, 0x03, 0x87, 0x00, 0x0F, 0x1E, 0x00, 0x1E,
    0x3C, 0x00, 0x1C, 0x38, 0x00, 0x00, 0x00, 0x00, 0x00, 0x00, 0x00, 0x00, 0x00, 0x00, 0x00, 0x00,
    0x1F, 0xFF, 0x00, 0xFF, 0xFF, 0x81, 0xFF, 0xFF, 0x83, 0xE0, 0x3F, 0x80, 0x00, 0x0F, 0x80, 0x00,
    0x0F, 0x00, 0x00, 0x0F, 0x00, 0x00, 0x1E, 0x00, 0x00, 0x1E, 0x00, 0x00, 0x3C, 0x00, 0x00, 0x78,
    0x00, 0x00, 0xFF, 0xFF, 0xFF, 0xFF, 0xFF, 0xFF, 0xFF, 0xFF, 0xFF, 0xF8, 0x00, 0x0F, 0xF0, 0x00,
    0x1F, 0xE0, 0x00, 0x3F, 0xC0, 0x00, 0x7F, 0x80, 0x01, 0xE7, 0x80, 0x03, 0xCF, 0x00, 0x0F, 0x8F,
    0x00, 0x3E, 0x1F, 0x81, 0xF8, 0x1F, 0xFF, 0xE0, 0x1F, 0xFF, 0x80, 0x0F, 0xFC, 0x00, 0x1C, 0x38,
    0x0F, 0x1E, 0x07, 0x8F, 0x03, 0x87, 0x00, 0x00, 0x00, 0x00, 0x00, 0xFF, 0xC0, 0xFF, 0xF8, 0x7F,
    0xFE, 0x38, 0x3F, 0x80, 0x07, 0xC0, 0x01, 0xF0, 0x00, 0x78, 0x00, 0x3C, 0x00, 0x1E, 0x00, 0x0F,
    0xFF, 0xFF, 0xFF, 0xFF, 0xFF, 0xFF, 0xFE, 0x00, 0xFF, 0x00, 0x7F, 0x80, 0x7D, 0xE0, 0x3C, 0xF8,
    0x7E, 0x3F, 0xFE, 0x0F, 0xFE, 0x03, 0xFC, 0x00, 0x00, 0x0E, 0x1C, 0x00, 0x00, 0x01, 0xE3, 0xC0,
    0x00, 0x00, 0x3C, 0x78, 0x00, 0x00, 0x07, 0x0E, 0x00, 0x00, 0x00, 0x00, 0x00, 0x00, 0x00, 0x00,
    0x00, 0x00, 0x00, 0x00, 0x00, 0x00, 0x00, 0x00, 0x00, 0x00, 0x00, 0x78, 0x01, 0xE0, 0x07, 0xC7,
    0x80, 0x3C, 0x00, 0xF0, 0xF8, 0x07, 0x80, 0x3C, 0x0F, 0x00, 0xF0, 0x0F, 0x80, 0xF0, 0x1E, 0x01,
    0xE0, 0x1F, 0x03, 0xC0, 0x78, 0x01, 0xE0, 0x78, 0x1F, 0x00, 0x1E, 0x0F, 0x03, 0xC0, 0x03, 0xE1,
    0xE0, 0xF0, 0x00, 0x3C, 0x3C, 0x3E, 0x00, 0x03, 0xC7, 0x87, 0x80, 0x00, 0x7F, 0xFF, 0xE0, 0x00,
    0x07, 0xFF, 0xFC, 0x00, 0x01, 0xFF, 0xFF, 0x80, 0x00, 0x3C, 0x78, 0xF8, 0x00, 0x0F, 0x8F, 0x0F,
    0x80, 0x03, 0xE1, 0xE0, 0xF0, 0x00, 0x78, 0x3C, 0x1F, 0x00, 0x1F, 0x07, 0x81, 0xE0, 0x03, 0xC0,
    0xF0, 0x3E, 0x00, 0xF8, 0x1E, 0x03, 0xE0, 0x3E, 0x03, 0xC0, 0x3C, 0x07, 0x80, 0x78, 0x07, 0xC1,
    0xF0, 0x0F, 0x00, 0x78, 0x7C, 0x01, 0xE0, 0x0F, 0x8F, 0x00, 0x3C, 0x00, 0xFB, 0xE0, 0x07, 0x80,
    0x0F, 0x00, 0x00, 0x70, 0xE0, 0x00, 0x07, 0x8E, 0x00, 0x00, 0x78, 0xE0, 0x00, 0x07, 0x0E, 0x00,
    0x00, 0x00, 0x00, 0x00, 0x00, 0x00, 0x00, 0x78, 0x0F, 0x01, 0xE7, 0xC0, 0xF0, 0x3E, 0x3C, 0x0F,
    0x03, 0xC1, 0xE0, 0xF0, 0x78, 0x1E, 0x0F, 0x07, 0x80, 0xF0, 0xF0, 0xF0, 0x07, 0x8F, 0x1E, 0x00,
    0x78, 0xF1, 0xE0, 0x03, 0xCF, 0x3C, 0x00, 0x3F, 0xFF, 0xC0, 0x01, 0xFF, 0xF8, 0x00, 0x3F, 0xFF,
    0xC0, 0x07, 0xCF, 0x3E, 0x00, 0x78, 0xF1, 0xE0, 0x0F, 0x0F, 0x0F, 0x01, 0xF0, 0xF0, 0xF8, 0x1E,
    0x0F, 0x07, 0x83, 0xE0, 0xF0, 0x7C, 0x7C, 0x0F, 0x03, 0xE7, 0x80, 0xF0, 0x1E, 0xF8, 0x0F, 0x01,
    0xF0, 0x1C, 0x38, 0x07, 0x8F, 0x01, 0xE3, 0xC0, 0x70, 0xE0, 0x00, 0x00, 0x00, 0x00, 0x00, 0x00,
    0x00, 0x00, 0x00, 0x3F, 0xFC, 0x3F, 0xFF, 0x8F, 0xFF, 0xF9, 0xE0, 0x7E, 0x00, 0x07, 0xC0, 0x01,
    0xF0, 0x00, 0x3C, 0x00, 0x0F, 0x00, 0x07, 0x80, 0x03, 0xE0, 0x07, 0xF0, 0x7F, 0xF8, 0x1F, 0xFC,
    0x07, 0xFF, 0xC0, 0x03, 0xF8, 0x00, 0x1F, 0x00, 0x03, 0xC0, 0x00, 0xF0, 0x00, 0x3C, 0x00, 0x0F,
    0x00, 0x03, 0xC0, 0x01, 0xF0, 0x00, 0x7F, 0xC0, 0xFE, 0xFF, 0xFF, 0x3F, 0xFF, 0x87, 0xFF, 0x80,
    0x38, 0x70, 0x78, 0xF0, 0xF1, 0xE1, 0xC3, 0x80, 0x00, 0x00, 0x00, 0x0F, 0xFC, 0x7F, 0xFC, 0xFF,
    0xFC, 0xE0, 0xFC, 0x00, 0xF8, 0x00, 0xF0, 0x03, 0xE0, 0x0F, 0x8F, 0xFE, 0x1F, 0xF8, 0x3F, 0xF8,
    0x01, 0xF8, 0x00, 0xF8, 0x00, 0xF0, 0x01, 0xE0, 0x03, 0xC0, 0x07, 0xF0, 0x3F, 0xFF, 0xFD, 0xFF,
    0xF1, 0xFF, 0xC0, 0x7F, 0xFF, 0xCF, 0xFF, 0xF9, 0xFF, 0xFF, 0x00, 0x07, 0xC0, 0x01, 0xF0, 0x00,
    0x7C, 0x00, 0x1F, 0x00, 0x07, 0xC0, 0x01, 0xF0, 0x00, 0x7C, 0x00, 0x1F, 0x00, 0x07, 0xFE, 0x00,
    0xFF, 0xF0, 0x1F, 0xFF, 0x00, 0x07, 0xF0, 0x00, 0x3F, 0x00, 0x01, 0xE0, 0x00, 0x3C, 0x00, 0x07,
    0x80, 0x00, 0xF0, 0x00, 0x1E, 0x00, 0x07, 0xF0, 0x01, 0xF7, 0xC0, 0xFE, 0xFF, 0xFF, 0x9F, 0xFF,
    0xE0, 0xFF, 0xF0, 0x00, 0x7F, 0xFF, 0x1F, 0xFF, 0xC7, 0xFF, 0xF0, 0x00, 0x7C, 0x00, 0x1E, 0x00,
    0x0F, 0x00, 0x07, 0x80, 0x03, 0xC0, 0x01, 0xE0, 0x00, 0xF8, 0x00, 0x7C, 0x00, 0x3E, 0x00, 0x0F,
    0xF8, 0x03, 0xFF, 0x00, 0xFF, 0xE0, 0x01, 0xFC, 0x00, 0x0F, 0x80, 0x01, 0xE0, 0x00, 0x7C, 0x00,
    0x1F, 0x00, 0x03, 0xC0, 0x00, 0xF0, 0x00, 0x7C, 0x00, 0x1E, 0x00, 0x07, 0xA0, 0x03, 0xEF, 0x03,
    0xF3, 0xFF, 0xF8, 0xFF, 0xFC, 0x0F, 0xFC, 0x00, 0x07, 0xFF, 0x00, 0x3F, 0xF8, 0x01, 0xFF, 0xC0,
    0x00, 0x00, 0x00, 0x00, 0x00, 0x00, 0x00, 0x03, 0xC0, 0x03, 0xFE, 0x00, 0x1F, 0xF0, 0x01, 0xFF,
    0x80, 0x0F, 0xFC, 0x00, 0xFF, 0xE0, 0x0F, 0xFF, 0x00, 0x77, 0xF8, 0x07, 0xBF, 0xC0, 0x39, 0xFE,
    0x03, 0xCF, 0xF0, 0x3C, 0x7F, 0x81, 0xC3, 0xFC, 0x1E, 0x1F, 0xE0, 0xE0, 0xFF, 0x0F, 0x07, 0xF8,
    0xF0, 0x3F, 0xC7, 0x01, 0xFE, 0x78, 0x0F, 0xF3, 0x80, 0x7F, 0xBC, 0x03, 0xFF, 0xC0, 0x1F, 0xFC,
    0x00, 0xFF, 0xE0, 0x07, 0xFE, 0x00, 0x3F, 0xF0, 0x01, 0xFF, 0x00, 0x0F, 0xF0, 0x00, 0x78, 0x1F,
    0xFC, 0x0F, 0xFE, 0x07, 0xFF, 0x00, 0x00, 0x00, 0x00, 0x07, 0x80, 0x7F, 0xC0, 0x7F, 0xE0, 0x3F,
    0xF0, 0x3F, 0xF8, 0x1F, 0xFC, 0x1F, 0xFE, 0x0F, 0xFF, 0x0F, 0x7F, 0x87, 0xBF, 0xC7, 0x9F, 0xE3,
    0x8F, 0xF3, 0xC7, 0xF9, 0xC3, 0xFD, 0xE1, 0xFF, 0xE0, 0xFF, 0xF0, 0x7F, 0xF0, 0x3F, 0xF8, 0x1F,
    0xF8, 0x0F, 0xFC, 0x07, 0xFC, 0x03, 0xC0, 0x03, 0x87, 0x00, 0x3C, 0x78, 0x01, 0xE3, 0xC0, 0x07,
    0x0E, 0x00, 0x00, 0x00, 0x00, 0x00, 0x00, 0x00, 0x00, 0x00, 0x00, 0x00, 0xF0, 0x00, 0x7F, 0x80,
    0x07, 0xFC, 0x00, 0x7F, 0xE0, 0x03, 0xFF, 0x00, 0x3F, 0xF8, 0x01, 0xFF, 0xC0, 0x1D, 0xFE, 0x01,
    0xEF, 0xF0, 0x0E, 0x7F, 0x80, 0xF3, 0xFC, 0x07, 0x1F, 0xE0, 0x70, 0xFF, 0x07, 0x87, 0xF8, 0x38,
    0x3F, 0xC3, 0xC1, 0xFE, 0x3C, 0x0F, 0xF1, 0xC0, 0x7F, 0x9E, 0x03, 0xFC, 0xE0, 0x1F, 0xEF, 0x00,
    0xFF, 0xF0, 0x07, 0xFF, 0x80, 0x3F, 0xF8, 0x01, 0xFF, 0x80, 0x0F, 0xFC, 0x00, 0x7F, 0xC0, 0x03,
    0xFE, 0x00, 0x1E, 0x1C, 0x38, 0x0F, 0x1E, 0x07, 0x8F, 0x01, 0x87, 0x00, 0x00, 0x00, 0x00, 0x03,
    0xC0, 0x3F, 0xE0, 0x3F, 0xF0, 0x1F, 0xF8, 0x1F, 0xFC, 0x0F, 0xFE, 0x0F, 0xFF, 0x07, 0xFF, 0x87,
    0xBF, 0xC3, 0x9F, 0xE3, 0xCF, 0xF1, 0xC7, 0xF9, 0xE3, 0xFC, 0xE1, 0xFE, 0xF0, 0xFF, 0xF0, 0x7F,
    0xF8, 0x3F, 0xF8, 0x1F, 0xFC, 0x0F, 0xFC, 0x07, 0xFC, 0x03, 0xFE, 0x01, 0xE0, 0x01, 0xC3, 0x80,
    0x00, 0xF1, 0xE0, 0x00, 0x78, 0xF0, 0x00, 0x38, 0x70, 0x00, 0x00, 0x00, 0x00, 0x00, 0x00, 0x00,
    0x00, 0x00, 0x00, 0x00, 0x00, 0x00, 0x01, 0xFF, 0x80, 0x03, 0xFF, 0xF0, 0x03, 0xFF, 0xFE, 0x03,
    0xF8, 0x3F, 0x83, 0xE0, 0x07, 0xC3, 0xE0, 0x01, 0xF1, 0xE0, 0x00, 0x7C, 0xF0, 0x00, 0x1E, 0xF8,
    0x00, 0x0F, 0x78, 0x00, 0x07, 0xBC, 0x00, 0x03, 0xFE, 0x00, 0x00, 0xFF, 0x00, 0x00, 0x7F, 0x80,
    0x00, 0x3F, 0xC0, 0x00, 0x1F, 0xE0, 0x00, 0x0F, 0xF0, 0x00, 0x0F, 0xF8, 0x00, 0x07, 0xBE, 0x00,
    0x03, 0xCF, 0x00, 0x01, 0xE7, 0x80, 0x01, 0xF3, 0xE0, 0x01, 0xF0, 0xF8, 0x01, 0xF0, 0x3F, 0x83,
    0xF8, 0x0F, 0xFF, 0xF8, 0x03, 0xFF, 0xF0, 0x00, 0x7F, 0xE0, 0x00, 0x0E, 0x1C, 0x01, 0xE3, 0xC0,
    0x3C, 0x78, 0x07, 0x0E, 0x00, 0x00, 0x00, 0x00, 0x00, 0x01, 0xFE, 0x00, 0xFF, 0xF0, 0x3F, 0xFF,
    0x0F, 0xC3, 0xF1, 0xF0, 0x1F, 0x7C, 0x01, 0xEF, 0x00, 0x3D, 0xE0, 0x07, 0xFC, 0x00, 0xFF, 0x80,
    0x0F, 0xF0, 0x01, 0xFE, 0x00, 0x3F, 0xC0, 0x0F, 0xF8, 0x01, 0xFF, 0x00, 0x3C, 0xF0, 0x07, 0x9F,
    0x01, 0xF1, 0xF0, 0xFC, 0x3F, 0xFF, 0x03, 0xFF, 0xC0, 0x1F, 0xE0, 0x00, 0x01, 0xFF, 0x80, 0x03,
    0xFF, 0xF0, 0x03, 0xFF, 0xFE, 0x03, 0xF0, 0x3F, 0x83, 0xE0, 0x07, 0xC3, 0xE0, 0x00, 0xF1, 0xE0,
    0x00, 0x7C, 0xF0, 0x00, 0x1E, 0xF0, 0x00, 0x0F, 0x78, 0x00, 0x07, 0xBC, 0x00, 0x01, 0xFF, 0xFF,
    0xFF, 0xFF, 0xFF, 0xFF, 0xFF, 0xFF, 0xFF, 0xFF, 0xC0, 0x00, 0x1F, 0xE0, 0x00, 0x0F, 0xF0, 0x00,
    0x0F, 0xF8, 0x00, 0x07, 0xBE, 0x00, 0x03, 0xCF, 0x00, 0x01, 0xE7, 0x80, 0x01, 0xF3, 0xE0, 0x01,
    0xF0, 0xF8, 0x01, 0xF0, 0x3F, 0x83, 0xF8, 0x0F, 0xFF, 0xF8, 0x03, 0xFF, 0xF0, 0x00, 0x7F, 0xE0,
    0x00, 0x07, 0xF8, 0x03, 0xFF, 0xC0, 0xFF, 0xFC, 0x3F, 0x0F, 0xC7, 0x80, 0x7D, 0xF0, 0x07, 0xBC,
    0x00, 0xF7, 0x80, 0x1F, 0xF0, 0x01, 0xFF, 0xFF, 0xFF, 0xFF, 0xFF, 0xFF, 0xFF, 0xFF, 0x00, 0x1F,
    0xE0, 0x07, 0xFC, 0x00, 0xF7, 0xC0, 0x1E, 0x78, 0x07, 0xC7, 0xC3, 0xF0, 0xFF, 0xFC, 0x0F, 0xFF,
    0x00, 0x7F, 0x80, 0x01, 0xC3, 0x80, 0x00, 0xF1, 0xE0, 0x00, 0x78, 0xF0, 0x00, 0x38, 0x70, 0x00,
    0x00, 0x00, 0x00, 0x00, 0x00, 0x00, 0x00, 0x00, 0x00, 0x00, 0x00, 0x00, 0x01, 0xFF, 0x80, 0x03,
    0xFF, 0xF0, 0x03, 0xFF, 0xFE, 0x03, 0xF0, 0x3F, 0x83, 0xE0, 0x07, 0xC3, 0xE0, 0x00, 0xF1, 0xE0,
    0x00, 0x7C, 0xF0, 0x00, 0x1E, 0xF0, 0x00, 0x0F, 0x78, 0x00, 0x07, 0xBC, 0x00, 0x01, 0xFF, 0xFF,
    0xFF, 0xFF, 0xFF, 0xFF, 0xFF, 0xFF, 0xFF, 0xFF, 0xC0, 0x00, 0x1F, 0xE0, 0x00, 0x0F, 0xF0, 0x00,
    0x0F, 0xF8, 0x00, 0x07, 0xBE, 0x00, 0x03, 0xCF, 0x00, 0x01, 0xE7, 0x80, 0x01, 0xF3, 0xE0, 0x01,
    0xF0, 0xF8, 0x01, 0xF0, 0x3F, 0x83, 0xF8, 0x0F, 0xFF, 0xF8, 0x03, 0xFF, 0xF0, 0x00, 0x7F, 0xE0,
    0x00, 0x0E, 0x1C, 0x01, 0xE3, 0xC0, 0x3C, 0x78, 0x07, 0x0E, 0x00, 0x00, 0x00, 0x00, 0x00, 0x01,
    0xFE, 0x00, 0xFF, 0xF0, 0x3F, 0xFF, 0x0F, 0xC3, 0xF1, 0xE0, 0x1F, 0x7C, 0x01, 0xEF, 0x00, 0x3D,
    0xE0, 0x07, 0xFC, 0x00, 0x7F, 0xFF, 0xFF, 0xFF, 0xFF, 0xFF, 0xFF, 0xFF, 0xC0, 0x07, 0xF8, 0x01,
    0xFF, 0x00, 0x3D, 0xF0, 0x07, 0x9E, 0x01, 0xF1, 0xF0, 0xFC, 0x3F, 0xFF, 0x03, 0xFF, 0xC0, 0x1F,
    0xE0, 0x00, 0x1C, 0x38, 0x00, 0xF1, 0xE0, 0x07, 0x8F, 0x00, 0x38, 0x70, 0x00, 0x00, 0x00, 0x00,
    0x00, 0x00, 0x00, 0x00, 0x00, 0x00, 0x00, 0x3F, 0xF8, 0x07, 0xFF, 0xF0, 0x3F, 0xFF, 0xE0, 0xF0,
    0x7F, 0x80, 0x00, 0x7C, 0x00, 0x01, 0xF0, 0x00, 0x07, 0xC0, 0x00, 0x3E, 0x00, 0x00, 0xF0, 0x00,
    0x07, 0xC0, 0x00, 0x3E, 0x1F, 0xFF, 0xF0, 0xFF, 0xFF, 0x87, 0xFF, 0xFC, 0x00, 0x01, 0xE0, 0x00,
    0x0F, 0x00, 0x00, 0xF8, 0x00, 0x07, 0x80, 0x00, 0x3C, 0x00, 0x03, 0xE0, 0x00, 0x1E, 0x00, 0x01,
    0xF0, 0x00, 0x1F, 0x1E, 0x07, 0xF0, 0xFF, 0xFF, 0x07, 0xFF, 0xF0, 0x1F, 0xFE, 0x00, 0x70, 0xE0,
    0xF1, 0xE1, 0xE3, 0xC3, 0x87, 0x00, 0x00, 0x00, 0x00, 0x1F, 0xF0, 0x7F, 0xF8, 0xFF, 0xF9, 0xC3,
    0xF8, 0x01, 0xF0, 0x01, 0xF0, 0x03, 0xE0, 0x03, 0xC0, 0x07, 0xBF, 0xFF, 0x7F, 0xFE, 0xFF, 0xFC,
    0x00, 0x78, 0x00, 0xF0, 0x01, 0xE0, 0x07, 0xC0, 0x1F, 0x60, 0xFE, 0xFF, 0xF9, 0xFF, 0xE3, 0xFF,
    0x00, 0x03, 0xFF, 0x80, 0x07, 0xFF, 0x00, 0x0F, 0xFE, 0x00, 0x00, 0x00, 0x00, 0x00, 0x00, 0x00,
    0x00, 0x00, 0x3E, 0x00, 0x07, 0xBC, 0x00, 0x1F, 0x7C, 0x00, 0x3C, 0xF8, 0x00, 0xF8, 0xF0, 0x01,
    0xE1, 0xF0, 0x03, 0xC1, 0xE0, 0x0F, 0x03, 0xE0, 0x1E, 0x03, 0xC0, 0x78, 0x07, 0xC0, 0xF0, 0x07,
    0x83, 0xE0, 0x0F, 0x87, 0x80, 0x0F, 0x0F, 0x00, 0x1F, 0x3C, 0x00, 0x1E, 0x78, 0x00, 0x3F, 0xE0,
    0x00, 0x3F, 0xC0, 0x00, 0x7F, 0x00, 0x00, 0x7E, 0x00, 0x00, 0xFC, 0x00, 0x00, 0xF0, 0x00, 0x03,
    0xE0, 0x00, 0x0F, 0x80, 0x00, 0x3E, 0x00, 0x07, 0xFC, 0x00, 0x0F, 0xF0, 0x00, 0x1F, 0x80, 0x00,
    0x0F, 0xFE, 0x01, 0xFF, 0xC0, 0x3F, 0xF8, 0x00, 0x00, 0x00, 0x00, 0x01, 0xE0, 0x03, 0xFC, 0x00,
    0x7B, 0xC0, 0x1E, 0x78, 0x03, 0xCF, 0x80, 0x78, 0xF0, 0x1E, 0x1E, 0x03, 0xC1, 0xE0, 0xF8, 0x3C,
    0x1E, 0x07, 0x83, 0xC0, 0x78, 0xF8, 0x0F, 0x1E, 0x01, 0xE3, 0xC0, 0x1E, 0xF0, 0x03, 0xDE, 0x00,
    0x3B, 0xC0, 0x07, 0xF0, 0x00, 0xFE, 0x00, 0x0F, 0xC0, 0x01, 0xF0, 0x00, 0x3E, 0x00, 0x03, 0xC0,
    0x00, 0xF0, 0x00, 0x1E, 0x00, 0x07, 0x80, 0x00, 0xF0, 0x00, 0x7C, 0x00, 0xFF, 0x80, 0x1F, 0xE0,
    0x03, 0xF8, 0x00, 0x00, 0x01, 0xC3, 0x80, 0x01, 0xE3, 0xC0, 0x01, 0xE3, 0xC0, 0x01, 0xC3, 0x80,
    0x00, 0x00, 0x00, 0x00, 0x00, 0x00, 0x00, 0x00, 0x00, 0x00, 0x00, 0x00, 0x78, 0x00, 0x1F, 0x7C,
    0x00, 0x1E, 0x3C, 0x00, 0x1E, 0x3E, 0x00, 0x3C, 0x1E, 0x00, 0x3C, 0x1F, 0x00, 0x7C, 0x0F, 0x00,
    0x78, 0x0F, 0x80, 0xF8, 0x07, 0x80, 0xF0, 0x07, 0xC0, 0xF0, 0x03, 0xC1, 0xE0, 0x03, 0xE1, 0xE0,
    0x01, 0xE3, 0xC0, 0x01, 0xF3, 0xC0, 0x00, 0xF7, 0xC0, 0x00, 0xFF, 0x80, 0x00, 0x7F, 0x80, 0x00,
    0x7F, 0x00, 0x00, 0x3F, 0x00, 0x00, 0x3E, 0x00, 0x00, 0x3E, 0x00, 0x00, 0x3C, 0x00, 0x00, 0x7C,
    0x00, 0x00, 0xF8, 0x00, 0x1F, 0xF0, 0x00, 0x1F, 0xE0, 0x00, 0x1F, 0xC0, 0x00, 0x07, 0x0E, 0x00,
    0x78, 0xF0, 0x07, 0x8F, 0x00, 0x70, 0xE0, 0x00, 0x00, 0x00, 0x00, 0x00, 0xF8, 0x00, 0xF7, 0x80,
    0x1F, 0x78, 0x01, 0xE3, 0xC0, 0x1E, 0x3C, 0x03, 0xC3, 0xE0, 0x3C, 0x1E, 0x03, 0xC1, 0xE0, 0x78,
    0x1F, 0x07, 0x80, 0xF0, 0x78, 0x0F, 0x0F, 0x00, 0x78, 0xF0, 0x07, 0x8F, 0x00, 0x79, 0xE0, 0x03,
    0xDE, 0x00, 0x3D, 0xC0, 0x01, 0xFC, 0x00, 0x1F, 0xC0, 0x01, 0xF8, 0x00, 0x0F, 0x80, 0x00, 0xF8,
    0x00, 0x0F, 0x00, 0x00, 0xF0, 0x00, 0x1E, 0x00, 0x01, 0xE0, 0x00, 0x3E, 0x00, 0x07, 0xC0, 0x07,
    0xF8, 0x00, 0x7F, 0x80, 0x07, 0xE0, 0x00, 0x00, 0x3E, 0x78, 0x00, 0x3C, 0xF8, 0x00, 0x78, 0xF0,
    0x00, 0xF1, 0xE0, 0x00, 0xF3, 0xC0, 0x01, 0xE3, 0x80, 0x00, 0x00, 0x00, 0x00, 0x00, 0x00, 0x00,
    0x00, 0x00, 0x00, 0x00, 0x00, 0xF8, 0x00, 0x1E, 0x78, 0x00, 0x3E, 0x7C, 0x00, 0x3C, 0x3C, 0x00,
    0x3C, 0x3E, 0x00, 0x78, 0x1E, 0x00, 0x78, 0x1F, 0x00, 0xF8, 0x0F, 0x00, 0xF0, 0x0F, 0x81, 0xF0,
    0x07, 0x81, 0xE0, 0x07, 0x81, 0xE0, 0x03, 0xC3, 0xC0, 0x03, 0xC3, 0xC0, 0x01, 0xE7, 0x80, 0x01,
    0xE7, 0x80, 0x00, 0xFF, 0x00, 0x00, 0xFF, 0x00, 0x00, 0x7F, 0x00, 0x00, 0x7E, 0x00, 0x00, 0x3E,
    0x00, 0x00, 0x3C, 0x00, 0x00, 0x7C, 0x00, 0x00, 0x78, 0x00, 0x01, 0xF8, 0x00, 0x1F, 0xF0, 0x00,
    0x1F, 0xE0, 0x00, 0x1F, 0x80, 0x00, 0x00, 0xF9, 0xE0, 0x0F, 0x3E, 0x01, 0xE3, 0xC0, 0x3C, 0x78,
    0x03, 0x8F, 0x00, 0x70, 0xE0, 0x00, 0x00, 0x00, 0x00, 0x00, 0x00, 0x00, 0x0F, 0x80, 0x0F, 0x78,
    0x01, 0xF7, 0x80, 0x1E, 0x3C, 0x01, 0xE3, 0xC0, 0x3C, 0x3E, 0x03, 0xC1, 0xE0, 0x3C, 0x1E, 0x07,
    0x80, 0xF0, 0x78, 0x0F, 0x0F, 0x80, 0xF0, 0xF0, 0x07, 0x8F, 0x00, 0x79, 0xF0, 0x03, 0x9E, 0x00,
    0x3D, 0xE0, 0x03, 0xFC, 0x00, 0x1F, 0xC0, 0x01, 0xFC, 0x00, 0x1F, 0x80, 0x00, 0xF8, 0x00, 0x0F,
    0x80, 0x00, 0xF0, 0x00, 0x0F, 0x00, 0x01, 0xE0, 0x00, 0x1E, 0x00, 0x03, 0xE0, 0x00, 0x7C, 0x00,
    0x7F, 0x80, 0x07, 0xF8, 0x00, 0x7E, 0x00, 0x00, 0x0E, 0x1C, 0x01, 0xE3, 0xC0, 0x3C, 0x78, 0x07,
    0x0E, 0x00, 0x00, 0x00, 0x00, 0x00, 0x00, 0x00, 0x00, 0x00, 0x00, 0xF0, 0x01, 0xFE, 0x00, 0x3F,
    0xC0, 0x07, 0xF8, 0x00, 0xFF, 0x00, 0x1F, 0xE0, 0x03, 0xFC, 0x00, 0x7F, 0x80, 0x0F, 0xF0, 0x01,
    0xFE, 0x00, 0x3F, 0xC0, 0x07, 0xF8, 0x00, 0xFF, 0x80, 0x1E, 0xFE, 0x3F, 0xDF, 0xFF, 0xF9, 0xFF,
    0xFF, 0x0F, 0xFD, 0xE0, 0x00, 0x3C, 0x00, 0x07, 0x80, 0x00, 0xF0, 0x00, 0x1E, 0x00, 0x03, 0xC0,
    0x00, 0x78, 0x00, 0x0F, 0x00, 0x01, 0xE0, 0x00, 0x3C, 0x00, 0x07, 0x80, 0x1C, 0x38, 0x0F, 0x1E,
    0x07, 0x8F, 0x03, 0x87, 0x00, 0x00, 0x00, 0x00, 0x03, 0xC0, 0x1F, 0xE0, 0x0F, 0xF0, 0x07, 0xF8,
    0x03, 0xFC, 0x01, 0xFE, 0x00, 0xFF, 0x00, 0x7F, 0x80, 0x3F, 0xC0, 0x1F, 0xF0, 0x0F, 0xFC, 0x1F,
    0xBF, 0xFF, 0xCF, 0xFF, 0xE3, 0xFF, 0xF0, 0x00, 0x78, 0x00, 0x3C, 0x00, 0x1E, 0x00, 0x0F, 0x00,
    0x07, 0x80, 0x03, 0xC0, 0x01, 0xE0, 0xFF, 0xFF, 0xFF, 0xFF, 0xFF, 0xFF, 0xF0, 0x00, 0xF0, 0x00,
    0xF0, 0x00, 0xF0, 0x00, 0xF0, 0x00, 0xF0, 0x00, 0xF0, 0x00, 0xF0, 0x00, 0xF0, 0x00, 0xF0, 0x00,
    0xF0, 0x00, 0xF0, 0x00, 0xF0, 0x00, 0xF0, 0x00, 0xF0, 0x00, 0xF0, 0x00, 0xF0, 0x00, 0xF0, 0x00,
    0xF0, 0x00, 0xF0, 0x00, 0xF0, 0x00, 0xFE, 0x00, 0xFE, 0x00, 0xFE, 0x00, 0x1E, 0x00, 0x1E, 0x00,
    0x1E, 0x00, 0x1E, 0x00, 0x1E, 0x00, 0x1E, 0x00, 0x1E, 0x00, 0xFF, 0xFF, 0xFF, 0xFF, 0xFF, 0x00,
    0xF0, 0x0F, 0x00, 0xF0, 0x0F, 0x00, 0xF0, 0x0F, 0x00, 0xF0, 0x0F, 0x00, 0xF0, 0x0F, 0x00, 0xF0,
    0x0F, 0x00, 0xF0, 0x0F, 0x00, 0xFE, 0x0F, 0xE0, 0xFE, 0x01, 0xE0, 0x1E, 0x01, 0xE0, 0x1E, 0x01,
    0xE0, 0x1E, 0x01, 0xE0, 0x01, 0xC3, 0x80, 0x00, 0xF1, 0xE0, 0x00, 0x78, 0xF0, 0x00, 0x38, 0x70,
    0x00, 0x00, 0x00, 0x00, 0x00, 0x00, 0x00, 0x00, 0x00, 0x00, 0x00, 0x00, 0x00, 0xF0, 0x00, 0x07,
    0xF8, 0x00, 0x03, 0xFC, 0x00, 0x01, 0xFE, 0x00, 0x00, 0xFF, 0x00, 0x00, 0x7F, 0x80, 0x00, 0x3F,
    0xC0, 0x00, 0x1F, 0xE0, 0x00, 0x0F, 0xF0, 0x00, 0x07, 0xF8, 0x00, 0x03, 0xFF, 0xFC, 0x01, 0xFF,
    0xFF, 0x80, 0xFF, 0xFF, 0xE0, 0x7F, 0x83, 0xF8, 0x3F, 0xC0, 0x3E, 0x1F, 0xE0, 0x1F, 0x0F, 0xF0,
    0x07, 0x87, 0xF8, 0x03, 0xC3, 0xFC, 0x01, 0xE1, 0xFE, 0x00, 0xF0, 0xFF, 0x00, 0x78, 0x7F, 0x80,
    0x7C, 0x3F, 0xC0, 0x3E, 0x1F, 0xE0, 0xFE, 0x0F, 0xFF, 0xFE, 0x07, 0xFF, 0xFE, 0x03, 0xFF, 0xFC,
    0x01, 0xE0, 0x03, 0x87, 0x00, 0x0F, 0x1E, 0x00, 0x3C, 0x78, 0x00, 0xE1, 0xC0, 0x00, 0x00, 0x00,
    0x00, 0x00, 0x0F, 0x00, 0x03, 0xFC, 0x00, 0x0F, 0xF0, 0x00, 0x3F, 0xC0, 0x00, 0xFF, 0x00, 0x03,
    0xFC, 0x00, 0x0F, 0xF0, 0x00, 0x3F, 0xC0, 0x00, 0xFF, 0xFF, 0x03, 0xFF, 0xFF, 0x0F, 0xFF, 0xFE,
    0x3F, 0xC0, 0xF8, 0xFF, 0x01, 0xF3, 0xFC, 0x03, 0xCF, 0xF0, 0x0F, 0x3F, 0xC0, 0x7C, 0xFF, 0x01,
    0xF3, 0xFC, 0x0F, 0x8F, 0xFF, 0xFE, 0x3F, 0xFF, 0xF0, 0xFF, 0xFF, 0x03, 0xC0, 0x3F, 0xFF, 0xCF,
    0xFF, 0xF3, 0xFF, 0xFC, 0xF0, 0x00, 0x3C, 0x00, 0x0F, 0x00, 0x03, 0xC0, 0x00, 0xF0, 0x00, 0x3C,
    0x00, 0x0F, 0x00, 0x03, 0xC0, 0x00, 0xF0, 0x00, 0xFF, 0xFC, 0x3F, 0xFF, 0x0F, 0xFF, 0xC0, 0xF0,
    0x00, 0x3C, 0x00, 0x0F, 0x00, 0x03, 0xC0, 0x00, 0xF0, 0x00, 0x3C, 0x00, 0x0F, 0x00, 0x03, 0xC0,
    0x00, 0xF0, 0x00, 0x3F, 0xC0, 0x0F, 0xF0, 0x03, 0xFC, 0x00, 0x0F, 0x00, 0x03, 0xC0, 0x00, 0xF0,
    0x00, 0x3C, 0x00, 0x9F, 0x00, 0x3F, 0x80, 0x0F, 0xE0, 0x03, 0xF0, 0x00, 0x1F, 0xFE, 0x3F, 0xFC,
    0x7F, 0xF8, 0xF0, 0x01, 0xE0, 0x03, 0xC0, 0x07, 0x80, 0x0F, 0x00, 0x1E, 0x01, 0xFF, 0xE3, 0xFF,
    0xC7, 0xFF, 0x81, 0xE0, 0x03, 0xC0, 0x07, 0x80, 0x0F, 0x00, 0x1E, 0x00, 0x3C, 0x00, 0x7F, 0x00,
    0xFE, 0x01, 0xFC, 0x00, 0x78, 0x00, 0xF0, 0x01, 0xE0, 0x03, 0xC0, 0x4F, 0x80, 0xFE, 0x01, 0xFC,
    0x03, 0xF0, 0x00, 0x78, 0x00, 0x7C, 0x3C, 0x00, 0x78, 0x3E, 0x00, 0xF0, 0x1E, 0x01, 0xF0, 0x1F,
    0x01, 0xE0, 0x0F, 0x83, 0xC0, 0x07, 0x87, 0xC0, 0x07, 0xC7, 0x80, 0x03, 0xCF, 0x00, 0x01, 0xEF,
    0x00, 0x01, 0xFE, 0x00, 0x00, 0xFE, 0x00, 0x00, 0x7C, 0x00, 0x00, 0x7C, 0x00, 0x00, 0xFE, 0x00,
    0x01, 0xFE, 0x00, 0x01, 0xEF, 0x00, 0x03, 0xCF, 0x00, 0x07, 0xC7, 0x80, 0x07, 0x87, 0xC0, 0x0F,
    0x03, 0xC0, 0x0F, 0x01, 0xE0, 0x1E, 0x01, 0xF0, 0x3E, 0x00, 0xF0, 0x3C, 0x00, 0xFF, 0x78, 0x00,
    0x7F, 0xF8, 0x00, 0x3F, 0x00, 0x00, 0x0F, 0x00, 0x00, 0x0F, 0x00, 0x00, 0x0F, 0x00, 0x00, 0x0F,
    0x00, 0x00, 0x9F, 0x00, 0x00, 0xFE, 0x00, 0x00, 0xFE, 0x00, 0x00, 0xFC, 0x7C, 0x03, 0xE1, 0xE0,
    0x1E, 0x0F, 0x81, 0xF0, 0x3E, 0x1F, 0x00, 0xF0, 0xF0, 0x07, 0xCF, 0x80, 0x1F, 0x78, 0x00, 0x7F,
    0x80, 0x03, 0xFC, 0x00, 0x0F, 0xC0, 0x00, 0x7E, 0x00, 0x03, 0xF0, 0x00, 0x3F, 0xC0, 0x03, 0xFE,
    0x00, 0x1E, 0x78, 0x01, 0xF3, 0xE0, 0x1F, 0x0F, 0x00, 0xF0, 0x3C, 0x0F, 0x81, 0xFE, 0xF8, 0x07,
    0xF7, 0x80, 0x1F, 0x80, 0x00, 0x3C, 0x00, 0x01, 0xE0, 0x00, 0x0F, 0x00, 0x00, 0x78, 0x00, 0x27,
    0xC0, 0x01, 0xFC, 0x00, 0x0F, 0xE0, 0x00, 0x7E, 0x00, 0x7C, 0x00, 0x7C, 0x78, 0x00, 0xF0, 0x78,
    0x03, 0xC0, 0xF8, 0x0F, 0x80, 0xF0, 0x1E, 0x00, 0xF0, 0x78, 0x01, 0xF0, 0xF0, 0x01, 0xE3, 0xC0,
    0x03, 0xEF, 0x00, 0x03, 0xDE, 0x00, 0x03, 0xF8, 0x00, 0xFF, 0xFF, 0x81, 0xFF, 0xFF, 0x03, 0xFF,
    0xFE, 0x00, 0x3F, 0x80, 0x00, 0xFF, 0x80, 0x01, 0xEF, 0x00, 0x07, 0x9F, 0x00, 0x0F, 0x1E, 0x00,
    0x3C, 0x1E, 0x00, 0xF8, 0x3E, 0x01, 0xE0, 0x3C, 0x07, 0x80, 0x7C, 0x0F, 0x00, 0x78, 0x3C, 0x00,
    0x78, 0xF8, 0x00, 0xF9, 0xE0, 0x00, 0xF0, 0x78, 0x03, 0xE3, 0xC0, 0x3C, 0x3E, 0x07, 0xC1, 0xE0,
    0x78, 0x0F, 0x0F, 0x00, 0xF9, 0xF0, 0x07, 0x9E, 0x00, 0x3F, 0xC0, 0x03, 0xFC, 0x03, 0xFF, 0xFC,
    0x3F, 0xFF, 0xC3, 0xFF, 0xFC, 0x03, 0xFC, 0x00, 0x7F, 0xE0, 0x07, 0x9E, 0x00, 0xF9, 0xF0, 0x1F,
    0x0F, 0x81, 0xE0, 0x78, 0x3C, 0x07, 0xC7, 0xC0, 0x3E, 0xF8, 0x01, 0xE0, 0x7C, 0x00, 0x78, 0xF8,
    0x01, 0xE1, 0xF0, 0x07, 0x83, 0xE0, 0x1E, 0x0F, 0x80, 0x78, 0x1F, 0x01, 0xE0, 0x3E, 0x0F, 0x81,
    0xFC, 0x3C, 0x0F, 0xF1, 0xF0, 0x7F, 0xEF, 0x83, 0xE7, 0xFC, 0x0F, 0x0F, 0xE0, 0x3C, 0x1F, 0x01,
    0xF0, 0x7C, 0x07, 0x80, 0xF8, 0x1E, 0x01, 0xE0, 0x78, 0x07, 0xC1, 0xE0, 0x0F, 0x8F, 0x80, 0x1F,
    0x3E, 0x00, 0x7C, 0xF0, 0x00, 0xFB, 0xC0, 0x01, 0xE0, 0x3F, 0xF8, 0x07, 0xFF, 0xE0, 0x7F, 0xFF,
    0x00, 0x01, 0xF0, 0x00, 0x0F, 0x80, 0x00, 0xF8, 0x00, 0x07, 0x80, 0x00, 0x78, 0x00, 0x07, 0x80,
    0x00, 0x78, 0x00, 0x07, 0x80, 0x00, 0x78, 0x00, 0x07, 0x80, 0x00, 0x78, 0x00, 0x07, 0x80, 0x00,
    0x78, 0x00, 0x07, 0x80, 0x00, 0x78, 0x00, 0x07, 0x8F, 0xFF, 0xFF, 0xFF, 0xFF, 0xEF, 0xFF, 0xFE,
    0x1F, 0xC0, 0xFF, 0x83, 0xFE, 0x00, 0x7C, 0x01, 0xF0, 0x03, 0xC0, 0x0F, 0x00, 0x3C, 0x00, 0xF0,
    0x03, 0xC0, 0x0F, 0x00, 0x3C, 0x00, 0xF0, 0x03, 0xC0, 0x0F, 0x00, 0x7C, 0x03, 0xF0, 0x1F, 0xC1,
    0xF7, 0xBF, 0x9E, 0xFC, 0x7B, 0xE1, 0xE0, 0x00, 0x00, 0xFF, 0xFF, 0xDF, 0xFF, 0xFB, 0xFF, 0xFF,
    0x00, 0x0F, 0x00, 0x01, 0xE0, 0x00, 0x3C, 0x00, 0x07, 0x80, 0x00, 0xF0, 0x00, 0x1E, 0x00, 0x03,
    0xC0, 0x00, 0x78, 0x00, 0x0F, 0x00, 0x01, 0xE0, 0x00, 0x3C, 0x00, 0x07, 0x80, 0x00, 0xF0, 0x00,
    0x1E, 0x00, 0x03, 0xC0, 0x00, 0x78, 0x00, 0x0F, 0x00, 0x01, 0xE0, 0x00, 0x3C, 0x00, 0xFF, 0xFF,
    0x1F, 0xFF, 0xF3, 0xFF, 0xFF, 0x00, 0x03, 0xF0, 0x00, 0x1E, 0x00, 0x03, 0xC0, 0x00, 0x78, 0x00,
    0x0F, 0x00, 0x01, 0xEF, 0x00, 0x3D, 0xE0, 0x07, 0xBC, 0x00, 0xF7, 0x80, 0x1E, 0xF0, 0x03, 0xDE,
    0x00, 0x7B, 0xC0, 0x0F, 0x78, 0x01, 0xEF, 0x00, 0x3D, 0xE0, 0x07, 0xBC, 0x00, 0xF7, 0x80, 0x1E,
    0xF0, 0x03, 0xC0, 0x7F, 0xFF, 0xFF, 0x0F, 0x0F, 0x0F, 0x0F, 0x0F, 0x0F, 0x0F, 0x0F, 0x0F, 0x0F,
    0x0F, 0x0F, 0x0F, 0x0F, 0x0F, 0x0F, 0x0F, 0x0F, 0x0F, 0xFF, 0xDF, 0xFB, 0xFF, 0x07, 0xC1, 0xE0,
    0x3C, 0x0F, 0x01, 0xE0, 0x3C, 0x07, 0x80, 0xF0, 0x1E, 0x03, 0xC0, 0x78, 0x0F, 0x01, 0xE0, 0x3E,
    0x07, 0xC0, 0xF8, 0x0F, 0x01, 0xE0, 0x3C, 0x00, 0xFF, 0xFF, 0x87, 0xFF, 0xFF, 0x3F, 0xFF, 0xFC,
    0x78, 0x03, 0xE3, 0xC0, 0x0F, 0x9E, 0x00, 0x7C, 0xF0, 0x01, 0xE7, 0x80, 0x0F, 0x3C, 0x00, 0x79,
    0xE0, 0x03, 0xCF, 0x00, 0x1E, 0x78, 0x00, 0xF3, 0xC0, 0x07, 0x9E, 0x00, 0x3C, 0xF0, 0x01, 0xE7,
    0x80, 0x0F, 0x3C, 0x00, 0x79, 0xE0, 0x03, 0xCF, 0x00, 0x1E, 0x78, 0x00, 0xF3, 0xC0, 0x07, 0x9E,
    0x00, 0x3C, 0xF0, 0xFF, 0x0F, 0x0F, 0xF8, 0xF0, 0xFF, 0xCF, 0x00, 0x7E, 0xF0, 0x03, 0xEF, 0x00,
    0x1E, 0xF0, 0x01, 0xFF, 0x00, 0x1F, 0xF0, 0x00, 0xFF, 0x00, 0x0F, 0xF0, 0x00, 0xFF, 0x00, 0x0F,
    0xF0, 0x01, 0xFF, 0x00, 0x1F, 0xF0, 0x01, 0xEF, 0x80, 0x1E, 0x78, 0x03, 0xE7, 0xC0, 0x7C, 0x3F,
    0x1F, 0xC1, 0xFF, 0xF8, 0x0F, 0xFF, 0x00, 0x7F, 0xC0, 0x7F, 0xFF, 0xFF, 0x0F, 0x0F, 0x0F, 0x0F,
    0x0F, 0x0F, 0x0F, 0x0F, 0x0F, 0x0F, 0xFF, 0xF8, 0x7F, 0xFE, 0x3F, 0xFF, 0x80, 0x07, 0xE0, 0x00,
    0xF0, 0x00, 0x7C, 0x00, 0x3E, 0x00, 0x0F, 0x00, 0x07, 0x80, 0x03, 0xC0, 0x01, 0xE0, 0x00, 0xF0,
    0x00, 0x78, 0x00, 0x3C, 0x00, 0x1E, 0x00, 0x0F, 0x00, 0x07, 0x80, 0x03, 0xC0, 0x01, 0xE0, 0x00,
    0xF0, 0x00, 0x78, 0x00, 0x3C, 0x00, 0x1E, 0x00, 0x0F, 0x00, 0x07, 0x80, 0x03, 0xC0, 0x01, 0xE0,
    0x00, 0xF0, 0x00, 0x78, 0xFF, 0xE0, 0x7F, 0xFC, 0x3F, 0xFF, 0x00, 0x0F, 0xC0, 0x03, 0xE0, 0x00,
    0xF8, 0x00, 0x3C, 0x00, 0x1E, 0x00, 0x0F, 0x80, 0x03, 0xC0, 0x01, 0xE0, 0x00, 0xF0, 0x00, 0x78,
    0x00, 0x7C, 0x00, 0x3C, 0x00, 0x1E, 0x00, 0x1F, 0x00, 0x0F, 0x00, 0x1F, 0x9F, 0xFF, 0x8F, 0xFF,
    0x87, 0xFF, 0x00, 0x20, 0x00, 0x78, 0x00, 0x3C, 0x00, 0x1E, 0x00, 0x0F, 0x00, 0x07, 0x80, 0x03,
    0xC0, 0x01, 0xFF, 0xFF, 0xFF, 0xFF, 0xFF, 0xFF, 0xC0, 0x03, 0xE0, 0x01, 0xE0, 0x00, 0xF0, 0x00,
    0xF8, 0x00, 0x78, 0x00, 0x3C, 0x00, 0x3E, 0x00, 0x1E, 0x00, 0x0F, 0x00, 0x0F, 0x00, 0x07, 0x80,
    0x03, 0xC0, 0x03, 0xC0, 0x01, 0xE0, 0x00, 0xF0, 0x00, 0xF0, 0x00, 0x78, 0x00, 0x7C, 0x00, 0x3C,
    0x00, 0x7F, 0xFF, 0xC3, 0xFF, 0xFF, 0xCF, 0xFF, 0xFF, 0x87, 0x80, 0x3E, 0x1E, 0x00, 0x7C, 0x78,
    0x01, 0xF1, 0xE0, 0x03, 0xC7, 0x80, 0x0F, 0x1E, 0x00, 0x3C, 0x78, 0x00, 0xF1, 0xE0, 0x03, 0xC7,
    0x80, 0x0F, 0x1E, 0x00, 0x3C, 0x78, 0x00, 0xF1, 0xE0, 0x03, 0xC7, 0x80, 0x0F, 0x1E, 0x00, 0x3C,
    0x78, 0x00, 0xF1, 0xE0, 0x03, 0xC7, 0xFF, 0xFF, 0x1F, 0xFF, 0xFC, 0x7F, 0xFF, 0xF0, 0x78, 0x3F,
    0xC0, 0xF0, 0xFF, 0xC1, 0xE3, 0xFF, 0xC1, 0xEF, 0x8F, 0xC3, 0xDC, 0x07, 0xC7, 0xF0, 0x07, 0x87,
    0xE0, 0x0F, 0x0F, 0x80, 0x1F, 0x1F, 0x00, 0x1E, 0x1E, 0x00, 0x3C, 0x7C, 0x00, 0x78, 0xF0, 0x00,
    0xF1, 0xE0, 0x01, 0xE3, 0xC0, 0x07, 0xC7, 0x80, 0x0F, 0x1F, 0x00, 0x1E, 0x3C, 0x00, 0x7C, 0x78,
    0x01, 0xF0, 0xF0, 0x07, 0xE1, 0xE3, 0xFF, 0x87, 0xC7, 0xFE, 0x0F, 0x0F, 0xF0, 0x00, 0x7F, 0xFF,
    0xFF, 0x0F, 0x0F, 0x0F, 0x0F, 0x0F, 0x0F, 0x0F, 0x0F, 0x0F, 0x0F, 0x0F, 0x0F, 0x0F, 0x0F, 0x0F,
    0x0F, 0x0F, 0x0F, 0x0F, 0x0F, 0x0F, 0x0F, 0x0F, 0x0F, 0x0F, 0x0F, 0x7F, 0x1F, 0xE7, 0xF8, 0x1F,
    0x07, 0xC0, 0xF0, 0x3C, 0x0F, 0x03, 0xC0, 0xF0, 0x3C, 0x0F, 0x03, 0xC0, 0xF0, 0x3C, 0x0F, 0x03,
    0xC0, 0xF0, 0x3F, 0xFF, 0xFF, 0xFF, 0xF0, 0x7F, 0xFF, 0x81, 0xFF, 0xFF, 0x8F, 0xFF, 0xFF, 0x03,
    0xC0, 0x7C, 0x1E, 0x00, 0xF8, 0x78, 0x01, 0xE3, 0xC0, 0x07, 0x8F, 0x00, 0x1F, 0x3C, 0x00, 0x3C,
    0xF0, 0x00, 0xF3, 0xC0, 0x03, 0xCF, 0x00, 0x0F, 0x3C, 0x00, 0x7C, 0xF0, 0x01, 0xE3, 0xC0, 0x07,
    0x8F, 0x80, 0x1E, 0x3E, 0x00, 0xF8, 0x7C, 0x07, 0xC1, 0xFC, 0x7F, 0x03, 0xFF, 0xF8, 0x07, 0xFF,
    0xC0, 0x07, 0xFC, 0x00, 0x08, 0x00, 0x07, 0x80, 0x0F, 0x7C, 0x00, 0xF3, 0xC0, 0x0F, 0x3C, 0x00,
    0xF3, 0xC0, 0x0F, 0x3E, 0x00, 0xF1, 0xE0, 0x0F, 0x1E, 0x00, 0xF1, 0xE0, 0x0F, 0x1F, 0x01, 0xF0,
    0xF0, 0x1F, 0x0F, 0x01, 0xE0, 0xF0, 0x1E, 0x0F, 0x81, 0xE0, 0x78, 0x3E, 0x07, 0x83, 0xC0, 0x78,
    0x7C, 0x07, 0x9F, 0x80, 0x3F, 0xF0, 0x0F, 0xFE, 0x0F, 0xFF, 0x80, 0xFF, 0xE0, 0x0F, 0xE0, 0x00,
    0xE0, 0x00, 0x00, 0x0F, 0xF8, 0x07, 0xFF, 0xC1, 0xFF, 0xFC, 0x3F, 0x0F, 0xCF, 0x80, 0x7D, 0xE0,
    0x07, 0xBC, 0x00, 0xFF, 0x80, 0x0F, 0xF0, 0x01, 0xFE, 0x00, 0x3F, 0xE0, 0x07, 0xBF, 0x80, 0xF7,
    0xF0, 0x1E, 0x3E, 0x03, 0xC1, 0xC0, 0x78, 0x00, 0x0F, 0x00, 0x01, 0xE0, 0x00, 0x3C, 0x00, 0x07,
    0x80, 0x00, 0xF0, 0x00, 0x1E, 0x00, 0x03, 0xC0, 0x00, 0x78, 0x00, 0x0F, 0x00, 0x01, 0xE0, 0x00,
    0x3C, 0x00, 0x07, 0x80, 0x00, 0xF0, 0x00, 0x1E, 0x0F, 0xF8, 0x07, 0xFF, 0xC1, 0xFF, 0xFC, 0x3F,
    0x0F, 0xCF, 0x80, 0xF9, 0xE0, 0x0F, 0xBC, 0x00, 0xF7, 0x80, 0x1E, 0xF0, 0x03, 0xFE, 0x00, 0x3F,
    0xE0, 0x07, 0xBF, 0x80, 0xF3, 0xF0, 0x1E, 0x3E, 0x07, 0xC0, 0x80, 0xF0, 0x00, 0x1E, 0x00, 0x07,
    0xC0, 0x01, 0xF0, 0x00, 0xFC, 0x7F, 0xFF, 0x0F, 0xFF, 0xC1, 0xFF, 0xE0, 0x00, 0xF8, 0x07, 0xBE,
    0x01, 0xE7, 0x80, 0x79, 0xF0, 0x1E, 0x3C, 0x07, 0x8F, 0x83, 0xE1, 0xE0, 0xF0, 0x78, 0x3C, 0x1F,
    0x0F, 0x03, 0xC7, 0x80, 0xFB, 0xE0, 0x1F, 0xF0, 0x07, 0xF8, 0x01, 0xFC, 0x00, 0x3C, 0x00, 0x0F,
    0x00, 0x03, 0xE0, 0x00, 0x78, 0x00, 0x1E, 0x00, 0x07, 0xC0, 0x00, 0xF0, 0x00, 0x3C, 0x00, 0x0F,
    0x00, 0x03, 0xE0, 0x00, 0x78, 0x00, 0x1E, 0x00, 0x07, 0xC0, 0x01, 0xF0, 0x00, 0x3C, 0x00, 0xF8,
    0x03, 0xDE, 0x01, 0xF7, 0xC0, 0x7C, 0xF8, 0x1E, 0x1E, 0x07, 0x87, 0xC1, 0xE0, 0xF8, 0x78, 0x3E,
    0x3E, 0x07, 0xCF, 0x00, 0xF7, 0xC0, 0x3F, 0xE0, 0x07, 0xF0, 0x00, 0xF8, 0x00, 0x3E, 0x00, 0x07,
    0xC0, 0x00, 0xF0, 0x00, 0x3E, 0x00, 0x07, 0xC0, 0x00, 0xF3, 0xFF, 0xFE, 0xFF, 0xFF, 0xBF, 0xFF,
    0xE0, 0x7F, 0xFF, 0xFB, 0xFF, 0xFF, 0xDF, 0xFF, 0xFE, 0x00, 0x01, 0xE0, 0x00, 0x0F, 0x00, 0x00,
    0x78, 0x00, 0x07, 0x80, 0x00, 0x3C, 0x3C, 0x01, 0xE1, 0xE0, 0x1F, 0x0F, 0x00, 0xF0, 0x78, 0x07,
    0x83, 0xC0, 0x7C, 0x1E, 0x03, 0xC0, 0xF0, 0x1E, 0x07, 0x81, 0xF0, 0x3C, 0x0F, 0x01, 0xE0, 0x78,
    0x0F, 0x07, 0xC0, 0x78, 0x3C, 0x03, 0xC1, 0xE0, 0x1E, 0x0F, 0x00, 0xF0, 0x00, 0x07, 0x80, 0x00,
    0x3C, 0x00, 0x01, 0xE0, 0x00, 0x0F, 0x00, 0x00, 0x78, 0x00, 0x03, 0xC0, 0x00, 0x00, 0xFF, 0xF0,
    0xFF, 0xFC, 0xFF, 0xFE, 0x00, 0x3E, 0x00, 0x1F, 0x00, 0x1F, 0x00, 0x0F, 0x00, 0x0F, 0x00, 0x0F,
    0x00, 0x0F, 0x00, 0x0F, 0x00, 0x0F, 0x00, 0x0F, 0x00, 0x0F, 0x00, 0x0F, 0x00, 0x0F, 0x00, 0x0F,
    0x00, 0x0F, 0x00, 0x0F, 0x00, 0x0F, 0x00, 0x0F, 0x00, 0x0F, 0xF0, 0x78, 0x1F, 0xE0, 0xF0, 0x3F,
    0xC1, 0xE0, 0x7F, 0x83, 0xC0, 0xFF, 0x07, 0x81, 0xFE, 0x0F, 0x03, 0xFC, 0x1E, 0x07, 0xF8, 0x7C,
    0x0F, 0xF1, 0xF0, 0x1F, 0xE7, 0xE0, 0x3F, 0xFF, 0x80, 0x7F, 0xFE, 0x00, 0xFF, 0xF0, 0x03, 0xFE,
    0x00, 0x07, 0xBE, 0x00, 0x0F, 0x3C, 0x00, 0x3E, 0x7C, 0x00, 0x78, 0x7C, 0x01, 0xF0, 0xFE, 0x0F,
    0xC0, 0xFF, 0xFF, 0x00, 0xFF, 0xFC, 0x00, 0x7F, 0xE0, 0x00, 0x7F, 0xFF, 0xE0, 0xFF, 0xFF, 0xF1,
    0xFF, 0xFF, 0xF0, 0x3C, 0x03, 0xE0, 0x78, 0x03, 0xE0, 0xF0, 0x07, 0xC1, 0xE0, 0x07, 0x83, 0xC0,
    0x0F, 0x07, 0x80, 0x1E, 0x0F, 0x00, 0x3C, 0x1E, 0x00, 0x78, 0x3C, 0x00, 0xF0, 0x78, 0x01, 0xE0,
    0xF0, 0x03, 0xC1, 0xE0, 0x07, 0x83, 0xC0, 0x0F, 0x07, 0x80, 0x1E, 0x1F, 0x00, 0x3C, 0x3E, 0x00,
    0x7B, 0xF8, 0x00, 0xF7, 0xE0, 0x01, 0xFF, 0x80, 0x03, 0xC0, 0x00, 0x3E, 0x00, 0x00, 0x1F, 0x00,
    0x00, 0x1F, 0xC0, 0x00, 0x0F, 0xE0, 0x00, 0x0F, 0xF8, 0x00, 0x07, 0xFC, 0x00, 0x03, 0xDE, 0x00,
    0x03, 0xEF, 0x80, 0x01, 0xF7, 0xC0, 0x01, 0xF1, 0xF0, 0x00, 0xF8, 0xF8, 0x00, 0x78, 0x7C, 0x00,
    0x7C, 0x1F, 0x00, 0x3E, 0x0F, 0x80, 0x1E, 0x03, 0xE0, 0x1F, 0x01, 0xF0, 0x0F, 0xFF, 0xF8, 0x0F,
    0xFF, 0xFE, 0x07, 0xFF, 0xFF, 0x03, 0xFF, 0xFF, 0x83, 0xE0, 0x03, 0xE1, 0xF0, 0x01, 0xF1, 0xF0,
    0x00, 0x7C, 0xF8, 0x00, 0x3E, 0x78, 0x00, 0x1F, 0x7C, 0x00, 0x07, 0xC0, 0x00, 0x00, 0x00, 0x00,
    0x00, 0x00, 0x00, 0x00, 0x00, 0x01, 0xF0, 0x00, 0x00, 0xF8, 0x00, 0x00, 0x7C, 0x00, 0x00, 0x3E,
    0x00, 0x00, 0x1F, 0x00, 0x00, 0x07, 0xF8, 0xF0, 0xFF, 0xEF, 0x1F, 0xFF, 0xF3, 0xFF, 0xFF, 0x7E,
    0x07, 0xF7, 0xC0, 0x3F, 0xF8, 0x01, 0xFF, 0x80, 0x1F, 0xF0, 0x01, 0xFF, 0x00, 0x0F, 0xF0, 0x00,
    0xFF, 0x00, 0x1F, 0xF8, 0x01, 0xFF, 0x80, 0x1F, 0x7C, 0x03, 0xF7, 0xE0, 0x7F, 0x3F, 0xFF, 0xF1,
    0xFF, 0xFF, 0x0F, 0xFE, 0xF0, 0x7F, 0x8F, 0x00, 0x00, 0x00, 0x00, 0x00, 0x00, 0x00, 0x00, 0x0F,
    0x80, 0x00, 0xF8, 0x00, 0x0F, 0x80, 0x00, 0xF8, 0x00, 0x0F, 0x80, 0x00, 0x7E, 0x00, 0x00, 0x7F,
    0x80, 0x00, 0x1F, 0xC0, 0x00, 0x0C, 0xE0, 0x00, 0x00, 0xF0, 0x00, 0x00, 0xF0, 0x00, 0x00, 0x70,
    0x00, 0x00, 0x38, 0x00, 0x00, 0x00, 0x00, 0x00, 0x00, 0x00, 0x00, 0x0F, 0x80, 0x00, 0x0F, 0xC0,
    0x00, 0x07, 0xF0, 0x00, 0x03, 0xF8, 0x00, 0x03, 0xFE, 0x00, 0x01, 0xFF, 0x00, 0x01, 0xF7, 0x80,
    0x00, 0xFB, 0xE0, 0x00, 0x79, 0xF0, 0x00, 0x7C, 0x7C, 0x00, 0x3E, 0x3E, 0x00, 0x1E, 0x1F, 0x00,
    0x1F, 0x07, 0xC0, 0x0F, 0x83, 0xE0, 0x0F, 0x81, 0xF0, 0x07, 0xC0, 0x7C, 0x03, 0xFF, 0xFE, 0x03,
    0xFF, 0xFF, 0x81, 0xFF, 0xFF, 0xC1, 0xFF, 0xFF, 0xE0, 0xF8, 0x00, 0xF8, 0x78, 0x00, 0x7C, 0x7C,
    0x00, 0x1F, 0x3E, 0x00, 0x0F, 0xBE, 0x00, 0x07, 0xDF, 0x00, 0x01, 0xF0, 0x01, 0xF8, 0x00, 0x1F,
    0xC0, 0x01, 0xFE, 0x00, 0x19, 0xE0, 0x00, 0x3C, 0x00, 0x07, 0xC0, 0x00, 0x70, 0x00, 0x07, 0x00,
    0x00, 0x00, 0x00, 0x00, 0x00, 0x07, 0xF8, 0xF0, 0xFF, 0xEF, 0x1F, 0xFF, 0xF3, 0xFF, 0xFF, 0x7E,
    0x07, 0xF7, 0xC0, 0x3F, 0xF8, 0x01, 0xFF, 0x80, 0x1F, 0xF0, 0x01, 0xFF, 0x00, 0x0F, 0xF0, 0x00,
    0xFF, 0x00, 0x1F, 0xF8, 0x01, 0xFF, 0x80, 0x1F, 0x7C, 0x03, 0xF7, 0xE0, 0x7F, 0x3F, 0xFF, 0xF1,
    0xFF, 0xFF, 0x0F, 0xFE, 0xF0, 0x7F, 0x8F, 0x00, 0x00, 0x08, 0x00, 0x00, 0x07, 0x80, 0x00, 0x01,
    0xF0, 0x00, 0x00, 0xF8, 0x00, 0x00, 0x7C, 0x00, 0x00, 0x1E, 0x00, 0x01, 0xF3, 0x00, 0x01, 0xFE,
    0x00, 0x00, 0xFF, 0xC0, 0x00, 0x7C, 0xF8, 0x00, 0x0C, 0x0E, 0x00, 0x00, 0x00, 0x00, 0x00, 0x00,
    0x00, 0x00, 0x07, 0xC0, 0x00, 0x03, 0xF0, 0x00, 0x00, 0xFE, 0x00, 0x00, 0x7F, 0x80, 0x00, 0x1F,
    0xE0, 0x00, 0x07, 0xFC, 0x00, 0x03, 0xFF, 0x00, 0x00, 0xF3, 0xE0, 0x00, 0x7C, 0xF8, 0x00, 0x1F,
    0x3E, 0x00, 0x07, 0x87, 0xC0, 0x03, 0xE1, 0xF0, 0x00, 0xF8, 0x7C, 0x00, 0x7C, 0x0F, 0x80, 0x1F,
    0x03, 0xE0, 0x07, 0x80, 0x7C, 0x03, 0xFF, 0xFF, 0x00, 0xFF, 0xFF, 0xC0, 0x7F, 0xFF, 0xF8, 0x1F,
    0xFF, 0xFE, 0x07, 0xC0, 0x07, 0xC3, 0xE0, 0x01, 0xF0, 0xF8, 0x00, 0x7C, 0x3C, 0x00, 0x0F, 0x9F,
    0x00, 0x03, 0xE7, 0xC0, 0x00, 0xFC, 0x00, 0x00, 0x60, 0x00, 0x01, 0xE0, 0x00, 0x0F, 0xC0, 0x00,
    0x3E, 0x00, 0x01, 0xF0, 0x00, 0x07, 0x80, 0x0F, 0x8C, 0x00, 0x7F, 0x00, 0x03, 0xFE, 0x00, 0x1F,
    0xFC, 0x00, 0xF8, 0xF8, 0x01, 0x80, 0xC0, 0x00, 0x00, 0x00, 0x00, 0x00, 0x00, 0x00, 0x00, 0x01,
    0xFE, 0x3C, 0x0F, 0xFE, 0xF0, 0x7F, 0xFF, 0xC3, 0xFF, 0xFF, 0x1F, 0x81, 0xFC, 0x7C, 0x03, 0xF3,
    0xE0, 0x07, 0xCF, 0x80, 0x1F, 0x3C, 0x00, 0x7C, 0xF0, 0x00, 0xF3, 0xC0, 0x03, 0xCF, 0x00, 0x1F,
    0x3E, 0x00, 0x7C, 0xF8, 0x01, 0xF1, 0xF0, 0x0F, 0xC7, 0xE0, 0x7F, 0x0F, 0xFF, 0xFC, 0x1F, 0xFF,
    0xF0, 0x3F, 0xFB, 0xC0, 0x7F, 0x8F, 0x00, 0x00, 0x00, 0x60, 0x00, 0x00, 0x78, 0x00, 0x00, 0x1F,
    0x00, 0x00, 0x07, 0xC0, 0x00, 0x00, 0xF8, 0x00, 0x00, 0x1E, 0x00, 0x01, 0xF3, 0x00, 0x01, 0xFE,
    0x00, 0x00, 0xFF, 0xC0, 0x00, 0x7C, 0xF8, 0x00, 0x0C, 0x0E, 0x00, 0x00, 0x00, 0x00, 0x00, 0x00,
    0x00, 0x00, 0x07, 0xC0, 0x00, 0x03, 0xF0, 0x00, 0x00, 0xFE, 0x00, 0x00, 0x7F, 0x80, 0x00, 0x1F,
    0xE0, 0x00, 0x07, 0xFC, 0x00, 0x03, 0xFF, 0x00, 0x00, 0xF3, 0xE0, 0x00, 0x7C, 0xF8, 0x00, 0x1F,
    0x3E, 0x00, 0x07, 0x87, 0xC0, 0x03, 0xE1, 0xF0, 0x00, 0xF8, 0x7C, 0x00, 0x7C, 0x0F, 0x80, 0x1F,
    0x03, 0xE0, 0x07, 0x80, 0x7C, 0x03, 0xFF, 0xFF, 0x00, 0xFF, 0xFF, 0xC0, 0x7F, 0xFF, 0xF8, 0x1F,
    0xFF, 0xFE, 0x07, 0xC0, 0x07, 0xC3, 0xE0, 0x01, 0xF0, 0xF8, 0x00, 0x7C, 0x3C, 0x00, 0x0F, 0x9F,
    0x00, 0x03, 0xE7, 0xC0, 0x00, 0xFC, 0x00, 0x03, 0x00, 0x00, 0xF0, 0x00, 0x0F, 0x80, 0x00, 0x7C,
    0x00, 0x03, 0xC0, 0x00, 0x1C, 0x00, 0xF8, 0xC0, 0x1F, 0xC0, 0x03, 0xFE, 0x00, 0x7F, 0xF0, 0x0F,
    0x8F, 0x80, 0x60, 0x30, 0x00, 0x00, 0x00, 0x00, 0x00, 0x00, 0x00, 0x00, 0x7F, 0x8F, 0x0F, 0xFE,
    0xF1, 0xFF, 0xFF, 0x3F, 0xFF, 0xF7, 0xE0, 0x7F, 0x7C, 0x03, 0xFF, 0x80, 0x1F, 0xF8, 0x01, 0xFF,
    0x00, 0x1F, 0xF0, 0x00, 0xFF, 0x00, 0x0F, 0xF0, 0x01, 0xFF, 0x80, 0x1F, 0xF8, 0x01, 0xF7, 0xC0,
    0x3F, 0x7E, 0x07, 0xF3, 0xFF, 0xFF, 0x1F, 0xFF, 0xF0, 0xFF, 0xEF, 0x07, 0xF8, 0xF0, 0x00, 0x01,
    0xF8, 0x00, 0x01, 0xFE, 0x00, 0x00, 0x7F, 0x00, 0x00, 0x23, 0x80, 0x00, 0x07, 0xC0, 0x00, 0x03,
    0xC0, 0x00, 0xF9, 0xC0, 0x00, 0xFE, 0x00, 0x00, 0xFF, 0x80, 0x00, 0xFB, 0xF0, 0x00, 0x70, 0x70,
    0x00, 0x00, 0x00, 0x00, 0x00, 0x00, 0x00, 0x01, 0xF0, 0x00, 0x00, 0xFC, 0x00, 0x00, 0xFE, 0x00,
    0x00, 0x7F, 0x00, 0x00, 0x7F, 0xC0, 0x00, 0x3F, 0xE0, 0x00, 0x1E, 0xF8, 0x00, 0x1F, 0x7C, 0x00,
    0x0F, 0xBE, 0x00, 0x0F, 0x8F, 0x80, 0x07, 0xC7, 0xC0, 0x03, 0xC3, 0xE0, 0x03, 0xE0, 0xF8, 0x01,
    0xF0, 0x7C, 0x01, 0xF0, 0x1F, 0x00, 0xF8, 0x0F, 0x80, 0x7F, 0xFF, 0xC0, 0x7F, 0xFF, 0xF0, 0x3F,
    0xFF, 0xF8, 0x3F, 0xFF, 0xFE, 0x1F, 0x00, 0x1F, 0x0F, 0x80, 0x0F, 0x8F, 0x80, 0x03, 0xE7, 0xC0,
    0x01, 0xF3, 0xC0, 0x00, 0xFB, 0xE0, 0x00, 0x3E, 0x00, 0x07, 0xF0, 0x00, 0x3F, 0x80, 0x01, 0xFE,
    0x00, 0x04, 0xF0, 0x00, 0x0F, 0x80, 0x00, 0xF8, 0x01, 0xC7, 0x00, 0x1F, 0x18, 0x01, 0xFE, 0x00,
    0x1F, 0xF8, 0x01, 0xF7, 0xE0, 0x1E, 0x0F, 0x00, 0x00, 0x00, 0x00, 0x00, 0x00, 0x00, 0x00, 0x00,
    0xFF, 0x1E, 0x0F, 0xFE, 0xF0, 0xFF, 0xFF, 0x8F, 0xFF, 0xFC, 0xFC, 0x0F, 0xE7, 0xC0, 0x3F, 0x7C,
    0x00, 0xFB, 0xE0, 0x07, 0xDE, 0x00, 0x3E, 0xF0, 0x00, 0xF7, 0x80, 0x07, 0xBC, 0x00, 0x7D, 0xF0,
    0x03, 0xEF, 0x80, 0x1F, 0x3E, 0x01, 0xF9, 0xF8, 0x1F, 0xC7, 0xFF, 0xFE, 0x1F, 0xFF, 0xF0, 0x7F,
    0xF7, 0x81, 0xFE, 0x3C, 0x00, 0xFC, 0xE0, 0x00, 0x7F, 0xF8, 0x00, 0x1F, 0xFE, 0x00, 0x07, 0x3F,
    0x00, 0x00, 0x00, 0x00, 0x00, 0x03, 0x00, 0x00, 0x03, 0xF0, 0x00, 0x01, 0xFE, 0x00, 0x00, 0xFF,
    0xC0, 0x00, 0x7C, 0xF8, 0x00, 0x0C, 0x0C, 0x00, 0x00, 0x00, 0x00, 0x00, 0x00, 0x00, 0x00, 0x0F,
    0xC0, 0x00, 0x03, 0xF0, 0x00, 0x00, 0xFC, 0x00, 0x00, 0x7F, 0x80, 0x00, 0x1F, 0xE0, 0x00, 0x0F,
    0xFC, 0x00, 0x03, 0xFF, 0x00, 0x00, 0xF3, 0xC0, 0x00, 0x7C, 0xF8, 0x00, 0x1F, 0x3E, 0x00, 0x07,
    0x87, 0xC0, 0x03, 0xE1, 0xF0, 0x00, 0xF8, 0x7C, 0x00, 0x7C, 0x0F, 0x80, 0x1F, 0x03, 0xE0, 0x07,
    0x80, 0xFC, 0x03, 0xFF, 0xFF, 0x00, 0xFF, 0xFF, 0xC0, 0x7F, 0xFF, 0xF8, 0x1F, 0xFF, 0xFE, 0x07,
    0x80, 0x0F, 0x83, 0xE0, 0x01, 0xF0, 0xF8, 0x00, 0x7C, 0x7C, 0x00, 0x0F, 0x9F, 0x00, 0x03, 0xE7,
    0xC0, 0x00, 0xF8, 0x03, 0xC3, 0x80, 0x7F, 0x78, 0x0F, 0xFF, 0x80, 0xFF, 0xF0, 0x0E, 0x3F, 0x00,
    0x00, 0x00, 0x00, 0x00, 0x00, 0x0F, 0x80, 0x01, 0xFC, 0x00, 0x3F, 0xE0, 0x07, 0xDF, 0x80, 0xF0,
    0x78, 0x00, 0x01, 0x00, 0x00, 0x00, 0x00, 0x00, 0x00, 0x7F, 0x8F, 0x0F, 0xFE, 0xF1, 0xFF, 0xFF,
    0x3F, 0xFF, 0xF7, 0xE0, 0x7F, 0x7C, 0x03, 0xFF, 0x80, 0x1F, 0xF8, 0x01, 0xFF, 0x00, 0x1F, 0xF0,
    0x00, 0xFF, 0x00, 0x0F, 0xF0, 0x01, 0xFF, 0x80, 0x1F, 0xF8, 0x01, 0xF7, 0xC0, 0x3F, 0x7E, 0x07,
    0xF3, 0xFF, 0xFF, 0x1F, 0xFF, 0xF0, 0xFF, 0xEF, 0x07, 0xF8, 0xF0, 0x00, 0x3E, 0x00, 0x00, 0x3F,
    0x80, 0x00, 0x7F, 0xF0, 0x00, 0x7E, 0xFC, 0x00, 0x1C, 0x1C, 0x00, 0x00, 0x00, 0x00, 0x00, 0x00,
    0x00, 0x00, 0x7C, 0x00, 0x00, 0x3E, 0x00, 0x00, 0x3F, 0x80, 0x00, 0x1F, 0xC0, 0x00, 0x1F, 0xF0,
    0x00, 0x0F, 0xF8, 0x00, 0x07, 0xBC, 0x00, 0x07, 0xDF, 0x00, 0x03, 0xEF, 0x80, 0x03, 0xE3, 0xE0,
    0x01, 0xF1, 0xF0, 0x00, 0xF0, 0xF8, 0x00, 0xF8, 0x3E, 0x00, 0x7C, 0x1F, 0x00, 0x3C, 0x07, 0xC0,
    0x3E, 0x03, 0xE0, 0x1F, 0xFF, 0xF0, 0x1F, 0xFF, 0xFC, 0x0F, 0xFF, 0xFE, 0x07, 0xFF, 0xFF, 0x07,
    0xC0, 0x07, 0xC3, 0xE0, 0x03, 0xE3, 0xE0, 0x00, 0xF9, 0xF0, 0x00, 0x7C, 0xF0, 0x00, 0x3E, 0xF8,
    0x00, 0x0F, 0x80, 0x00, 0x00, 0x00, 0x00, 0x00, 0x00, 0x00, 0x00, 0x00, 0x03, 0xE0, 0x00, 0x01,
    0xF0, 0x00, 0x00, 0xF8, 0x00, 0x00, 0x7C, 0x00, 0x00, 0x3E, 0x00, 0x00, 0x00, 0xF8, 0x00, 0x1F,
    0xC0, 0x03, 0xFE, 0x00, 0x7F, 0xF0, 0x0F, 0x8F, 0x80, 0x60, 0x30, 0x00, 0x00, 0x00, 0x00, 0x00,
    0x07, 0xF8, 0xF0, 0xFF, 0xEF, 0x1F, 0xFF, 0xF3, 0xFF, 0xFF, 0x7E, 0x07, 0xF7, 0xC0, 0x3F, 0xF8,
    0x01, 0xFF, 0x80, 0x1F, 0xF0, 0x01, 0xFF, 0x00, 0x0F, 0xF0, 0x00, 0xFF, 0x00, 0x1F, 0xF8, 0x01,
    0xFF, 0x80, 0x1F, 0x7C, 0x03, 0xF7, 0xE0, 0x7F, 0x3F, 0xFF, 0xF1, 0xFF, 0xFF, 0x0F, 0xFE, 0xF0,
    0x7F, 0x8F, 0x00, 0x00, 0x00, 0x00, 0x00, 0x00, 0x00, 0x00, 0x0F, 0x80, 0x00, 0xF8, 0x00, 0x0F,
    0x80, 0x00, 0xF8, 0x00, 0x0F, 0x80, 0x00, 0x03, 0x00, 0x00, 0x01, 0xE0, 0x00, 0x00, 0x7C, 0x00,
    0x00, 0x3E, 0x00, 0x00, 0x0F, 0x00, 0x00, 0x07, 0x80, 0x00, 0x0C, 0xCC, 0x00, 0x07, 0x83, 0x80,
    0x01, 0xF3, 0xE0, 0x00, 0x3F, 0xF8, 0x00, 0x0F, 0xFC, 0x00, 0x00, 0xFC, 0x00, 0x00, 0x00, 0x00,
    0x00, 0x00, 0x00, 0x00, 0x01, 0xF0, 0x00, 0x00, 0xFC, 0x00, 0x00, 0x3F, 0x80, 0x00, 0x1F, 0xE0,
    0x00, 0x07, 0xF8, 0x00, 0x01, 0xFF, 0x00, 0x00, 0xFF, 0xC0, 0x00, 0x3C, 0xF8, 0x00, 0x1F, 0x3E,
    0x00, 0x07, 0xCF, 0x80, 0x01, 0xE1, 0xF0, 0x00, 0xF8, 0x7C, 0x00, 0x3E, 0x1F, 0x00, 0x1F, 0x03,
    0xE0, 0x07, 0xC0, 0xF8, 0x01, 0xE0, 0x1F, 0x00, 0xFF, 0xFF, 0xC0, 0x3F, 0xFF, 0xF0, 0x1F, 0xFF,
    0xFE, 0x07, 0xFF, 0xFF, 0x81, 0xF0, 0x01, 0xF0, 0xF8, 0x00, 0x7C, 0x3E, 0x00, 0x1F, 0x0F, 0x00,
    0x03, 0xE7, 0xC0, 0x00, 0xF9, 0xF0, 0x00, 0x3F, 0x00, 0x08, 0x00, 0x01, 0xC0, 0x00, 0x3E, 0x00,
    0x03, 0xE0, 0x00, 0x7C, 0x00, 0x07, 0x80, 0x00, 0x70, 0x00, 0x00, 0x00, 0x0F, 0x07, 0x80, 0xF8,
    0xF8, 0x07, 0xFF, 0x80, 0x7F, 0xF0, 0x03, 0xFE, 0x00, 0x1F, 0xC0, 0x00, 0x00, 0x00, 0x00, 0x00,
    0x07, 0xF8, 0xF0, 0xFF, 0xEF, 0x1F, 0xFF, 0xF3, 0xFF, 0xFF, 0x7E, 0x07, 0xF7, 0xC0, 0x3F, 0xF8,
    0x01, 0xFF, 0x80, 0x1F, 0xF0, 0x01, 0xFF, 0x00, 0x0F, 0xF0, 0x00, 0xFF, 0x00, 0x1F, 0xF8, 0x01,
    0xFF, 0x80, 0x1F, 0x7C, 0x03, 0xF7, 0xE0, 0x7F, 0x3F, 0xFF, 0xF1, 0xFF, 0xFF, 0x0F, 0xFE, 0xF0,
    0x7F, 0x8F, 0x00, 0x10, 0x00, 0x00, 0x1E, 0x00, 0x00, 0x0F, 0xC0, 0x00, 0x01, 0xF0, 0x00, 0x00,
    0x3E, 0x00, 0x00, 0x07, 0x80, 0x00, 0x0C, 0xCC, 0x00, 0x07, 0x83, 0x80, 0x01, 0xF3, 0xE0, 0x00,
    0x3F, 0xF8, 0x00, 0x0F, 0xFC, 0x00, 0x00, 0xFC, 0x00, 0x00, 0x00, 0x00, 0x00, 0x00, 0x00, 0x00,
    0x01, 0xF0, 0x00, 0x00, 0xFC, 0x00, 0x00, 0x3F, 0x80, 0x00, 0x1F, 0xE0, 0x00, 0x07, 0xF8, 0x00,
    0x01, 0xFF, 0x00, 0x00, 0xFF, 0xC0, 0x00, 0x3C, 0xF8, 0x00, 0x1F, 0x3E, 0x00, 0x07, 0xCF, 0x80,
    0x01, 0xE1, 0xF0, 0x00, 0xF8, 0x7C, 0x00, 0x3E, 0x1F, 0x00, 0x1F, 0x03, 0xE0, 0x07, 0xC0, 0xF8,
    0x01, 0xE0, 0x1F, 0x00, 0xFF, 0xFF, 0xC0, 0x3F, 0xFF, 0xF0, 0x1F, 0xFF, 0xFE, 0x07, 0xFF, 0xFF,
    0x81, 0xF0, 0x01, 0xF0, 0xF8, 0x00, 0x7C, 0x3E, 0x00, 0x1F, 0x0F, 0x00, 0x03, 0xE7, 0xC0, 0x00,
    0xF9, 0xF0, 0x00, 0x3F, 0x00, 0x40, 0x00, 0x1C, 0x00, 0x03, 0xE0, 0x00, 0x3F, 0x00, 0x01, 0xF0,
    0x00, 0x0F, 0x80, 0x00, 0x70, 0x00, 0x22, 0x20, 0x0F, 0x07, 0x80, 0xF8, 0xF8, 0x07, 0xFF, 0x00,
    0x7F, 0xF0, 0x03, 0xFE, 0x00, 0x1F, 0xC0, 0x00, 0x00, 0x00, 0x00, 0x00, 0x07, 0xF8, 0xF0, 0xFF,
    0xEF, 0x1F, 0xFF, 0xF3, 0xFF, 0xFF, 0x7E, 0x07, 0xF7, 0xC0, 0x3F, 0xF8, 0x01, 0xFF, 0x80, 0x1F,
    0xF0, 0x01, 0xFF, 0x00, 0x0F, 0xF0, 0x00, 0xFF, 0x00, 0x1F, 0xF8, 0x01, 0xFF, 0x80, 0x1F, 0x7C,
    0x03, 0xF7, 0xE0, 0x7F, 0x3F, 0xFF, 0xF1, 0xFF, 0xFF, 0x0F, 0xFE, 0xF0, 0x7F, 0x8F, 0x00, 0x7E,
    0x00, 0x00, 0x7F, 0x80, 0x00, 0x1F, 0xC0, 0x00, 0x08, 0xE0, 0x00, 0x01, 0xF0, 0x00, 0x00, 0xE0,
    0x00, 0x06, 0x76, 0x00, 0x07, 0x83, 0xC0, 0x03, 0xE3, 0xC0, 0x00, 0xFF, 0xE0, 0x00, 0x3F, 0xE0,
    0x00, 0x0F, 0xE0, 0x00, 0x00, 0x00, 0x00, 0x00, 0x00, 0x00, 0x00, 0xF8, 0x00, 0x00, 0xFC, 0x00,
    0x00, 0x7F, 0x00, 0x00, 0x3F, 0x80, 0x00, 0x3F, 0xE0, 0x00, 0x1F, 0xF0, 0x00, 0x1F, 0xF8, 0x00,
    0x0F, 0xBE, 0x00, 0x07, 0x9F, 0x00, 0x07, 0xCF, 0x80, 0x03, 0xE3, 0xE0, 0x03, 0xE1, 0xF0, 0x01,
    0xF0, 0x7C, 0x00, 0xF0, 0x3E, 0x00, 0xF8, 0x1F, 0x00, 0x7C, 0x07, 0xC0, 0x7F, 0xFF, 0xE0, 0x3F,
    0xFF, 0xF8, 0x1F, 0xFF, 0xFC, 0x1F, 0xFF, 0xFE, 0x0F, 0x80, 0x0F, 0x8F, 0x80, 0x07, 0xC7, 0xC0,
    0x03, 0xE3, 0xE0, 0x00, 0xFB, 0xE0, 0x00, 0x7D, 0xF0, 0x00, 0x1F, 0x01, 0xF8, 0x00, 0x1F, 0xC0,
    0x01, 0xFE, 0x00, 0x11, 0xE0, 0x00, 0x3C, 0x00, 0x07, 0x80, 0x00, 0x70, 0x00, 0x06, 0x20, 0x0F,
    0x07, 0x80, 0xF8, 0xF8, 0x07, 0xFF, 0x00, 0x7F, 0xF0, 0x03, 0xFE, 0x00, 0x1F, 0xC0, 0x00, 0x00,
    0x00, 0x00, 0x00, 0x07, 0xF8, 0xF0, 0xFF, 0xEF, 0x1F, 0xFF, 0xF3, 0xFF, 0xFF, 0x7E, 0x07, 0xF7,
    0xC0, 0x3F, 0xF8, 0x01, 0xFF, 0x80, 0x1F, 0xF0, 0x01, 0xFF, 0x00, 0x0F, 0xF0, 0x00, 0xFF, 0x00,
    0x1F, 0xF8, 0x01, 0xFF, 0x80, 0x1F, 0x7C, 0x03, 0xF7, 0xE0, 0x7F, 0x3F, 0xFF, 0xF1, 0xFF, 0xFF,
    0x0F, 0xFE, 0xF0, 0x7F, 0x8F, 0x00, 0xFC, 0xE0, 0x00, 0x7F, 0xF8, 0x00, 0x1F, 0xFE, 0x00, 0x07,
    0x3F, 0x00, 0x00, 0x00, 0x00, 0x00, 0x00, 0x00, 0x00, 0x1C, 0x0E, 0x00, 0x07, 0xCF, 0x80, 0x01,
    0xFF, 0xE0, 0x00, 0x3F, 0xF0, 0x00, 0x03, 0xF0, 0x00, 0x00, 0x00, 0x00, 0x00, 0x00, 0x00, 0x00,
    0x0F, 0xC0, 0x00, 0x03, 0xF0, 0x00, 0x00, 0xFC, 0x00, 0x00, 0x7F, 0x80, 0x00, 0x1F, 0xE0, 0x00,
    0x0F, 0xFC, 0x00, 0x03, 0xFF, 0x00, 0x00, 0xF3, 0xC0, 0x00, 0x7C, 0xF8, 0x00, 0x1F, 0x3E, 0x00,
    0x0F, 0x87, 0xC0, 0x03, 0xE1, 0xF0, 0x00, 0xF8, 0x7C, 0x00, 0x7C, 0x0F, 0x80, 0x1F, 0x03, 0xE0,
    0x07, 0x80, 0xF8, 0x03, 0xFF, 0xFF, 0x00, 0xFF, 0xFF, 0xC0, 0x7F, 0xFF, 0xF8, 0x1F, 0xFF, 0xFE,
    0x07, 0x80, 0x0F, 0x83, 0xE0, 0x01, 0xF0, 0xF8, 0x00, 0x7C, 0x7C, 0x00, 0x0F, 0x9F, 0x00, 0x03,
    0xE7, 0xC0, 0x00, 0xF8, 0x01, 0xC3, 0x00, 0x7F, 0x78, 0x07, 0xFF, 0x80, 0xFF, 0xF8, 0x0F, 0x7F,
    0x00, 0x00, 0x00, 0x00, 0x00, 0x00, 0x20, 0x20, 0x0F, 0x07, 0x80, 0xF8, 0xF8, 0x07, 0xFF, 0x00,
    0x7F, 0xF0, 0x03, 0xFE, 0x00, 0x1F, 0xC0, 0x00, 0x00, 0x00, 0x00, 0x00, 0x07, 0xF8, 0xF0, 0xFF,
    0xEF, 0x1F, 0xFF, 0xF3, 0xFF, 0xFF, 0x7E, 0x07, 0xF7, 0xC0, 0x3F, 0xF8, 0x01, 0xFF, 0x80, 0x1F,
    0xF0, 0x01, 0xFF, 0x00, 0x0F, 0xF0, 0x00, 0xFF, 0x00, 0x1F, 0xF8, 0x01, 0xFF, 0x80, 0x1F, 0x7C,
    0x03, 0xF7, 0xE0, 0x7F, 0x3F, 0xFF, 0xF1, 0xFF, 0xFF, 0x0F, 0xFE, 0xF0, 0x7F, 0x8F, 0x01, 0xC1,
    0xC0, 0x01, 0xE0, 0xF0, 0x00, 0x7D, 0xF0, 0x00, 0x3F, 0xF8, 0x00, 0x0F, 0xF8, 0x00, 0x03, 0xF8,
    0x00, 0x00, 0xF8, 0x00, 0x00, 0x00, 0x00, 0x00, 0x3E, 0x00, 0x00, 0x1F, 0x00, 0x00, 0x1F, 0xC0,
    0x00, 0x0F, 0xE0, 0x00, 0x0F, 0xF8, 0x00, 0x07, 0xFC, 0x00, 0x03, 0xDE, 0x00, 0x03, 0xEF, 0x80,
    0x01, 0xF7, 0xC0, 0x01, 0xF1, 0xF0, 0x00, 0xF8, 0xF8, 0x00, 0x78, 0x7C, 0x00, 0x7C, 0x1F, 0x00,
    0x3E, 0x0F, 0x80, 0x1E, 0x03, 0xE0, 0x1F, 0x01, 0xF0, 0x0F, 0xFF, 0xF8, 0x0F, 0xFF, 0xFE, 0x07,
    0xFF, 0xFF, 0x03, 0xFF, 0xFF, 0x83, 0xE0, 0x03, 0xE1, 0xF0, 0x01, 0xF1, 0xF0, 0x00, 0x7C, 0xF8,
    0x00, 0x3E, 0x78, 0x00, 0x1F, 0x7C, 0x00, 0x07, 0xC0, 0x00, 0x00, 0x00, 0x00, 0x00, 0x00, 0x00,
    0x00, 0x00, 0x01, 0xF0, 0x00, 0x00, 0xF8, 0x00, 0x00, 0x7C, 0x00, 0x00, 0x3E, 0x00, 0x00, 0x1F,
    0x00, 0x00, 0x00, 0x00, 0x00, 0xF0, 0x78, 0x0F, 0x87, 0x80, 0x7D, 0xF8, 0x07, 0xFF, 0x00, 0x3F,
    0xE0, 0x01, 0xFC, 0x00, 0x0F, 0x80, 0x00, 0x00, 0x00, 0x7F, 0x8F, 0x0F, 0xFE, 0xF1, 0xFF, 0xFF,
    0x3F, 0xFF, 0xF7, 0xE0, 0x7F, 0x7C, 0x03, 0xFF, 0x80, 0x1F, 0xF8, 0x01, 0xFF, 0x00, 0x1F, 0xF0,
    0x00, 0xFF, 0x00, 0x0F, 0xF0, 0x01, 0xFF, 0x80, 0x1F, 0xF8, 0x01, 0xF7, 0xC0, 0x3F, 0x7E, 0x07,
    0xF3, 0xFF, 0xFF, 0x1F, 0xFF, 0xF0, 0xFF, 0xEF, 0x07, 0xF8, 0xF0, 0x00, 0x00, 0x00, 0x00, 0x00,
    0x00, 0x00, 0x00, 0xF8, 0x00, 0x0F, 0x80, 0x00, 0xF8, 0x00, 0x0F, 0x80, 0x00, 0xF8, 0x00, 0xFF,
    0xFF, 0xFF, 0xFF, 0xFF, 0xFF, 0xFF, 0xFF, 0xFF, 0x00, 0x07, 0x80, 0x03, 0xC0, 0x01, 0xE0, 0x00,
    0xF0, 0x00, 0x78, 0x00, 0x3C, 0x00, 0x1F, 0xFF, 0xCF, 0xFF, 0xE7, 0xFF, 0xF3, 0xFF, 0xF9, 0xE0,
    0x00, 0xF0, 0x00, 0x78, 0x00, 0x3C, 0x00, 0x1E, 0x00, 0x0F, 0x00, 0x07, 0x80, 0x03, 0xFF, 0xFF,
    0xFF, 0xFF, 0xFF, 0xFF, 0xFF, 0xFF, 0xC0, 0x00, 0x00, 0x00, 0x00, 0x00, 0x00, 0x3E, 0x00, 0x1F,
    0x00, 0x0F, 0x80, 0x07, 0xC0, 0x03, 0xE0, 0x00, 0x03, 0xFC, 0x01, 0xFF, 0xE0, 0x7F, 0xFE, 0x1F,
    0xFF, 0xC7, 0xE0, 0x7C, 0xF8, 0x07, 0xFE, 0x00, 0xFF, 0xC0, 0x0F, 0xFF, 0xFF, 0xFF, 0xFF, 0xFF,
    0xFF, 0xFF, 0xFF, 0xFF, 0xFF, 0x80, 0x01, 0xF0, 0x00, 0x1F, 0x00, 0x23, 0xF8, 0x1C, 0x3F, 0xFF,
    0xC3, 0xFF, 0xF8, 0x3F, 0xFE, 0x01, 0xFF, 0x00, 0x00, 0x00, 0x00, 0x00, 0x00, 0x00, 0x00, 0x07,
    0xC0, 0x00, 0xF8, 0x00, 0x1F, 0x00, 0x03, 0xE0, 0x00, 0x7C, 0x00, 0x07, 0xE0, 0x07, 0xF8, 0x01,
    0xFC, 0x00, 0xCE, 0x00, 0x0F, 0x00, 0x0F, 0x00, 0x07, 0x00, 0x03, 0x80, 0x00, 0x00, 0x00, 0x00,
    0x3F, 0xFF, 0xFF, 0xFF, 0xFF, 0xFF, 0xFF, 0xFF, 0xFF, 0xC0, 0x01, 0xE0, 0x00, 0xF0, 0x00, 0x78,
    0x00, 0x3C, 0x00, 0x1E, 0x00, 0x0F, 0x00, 0x07, 0xFF, 0xF3, 0xFF, 0xF9, 0xFF, 0xFC, 0xFF, 0xFE,
    0x78, 0x00, 0x3C, 0x00, 0x1E, 0x00, 0x0F, 0x00, 0x07, 0x80, 0x03, 0xC0, 0x01, 0xE0, 0x00, 0xFF,
    0xFF, 0xFF, 0xFF, 0xFF, 0xFF, 0xFF, 0xFF, 0xF0, 0x01, 0xF8, 0x00, 0x7F, 0x80, 0x0F, 0xF0, 0x00,
    0x9E, 0x00, 0x07, 0xC0, 0x00, 0xF0, 0x00, 0x3C, 0x00, 0x03, 0x00, 0x00, 0x00, 0x00, 0x00, 0x00,
    0x0F, 0xF0, 0x07, 0xFF, 0x81, 0xFF, 0xF8, 0x7F, 0xFF, 0x9F, 0x81, 0xF3, 0xE0, 0x1F, 0xF8, 0x01,
    0xFF, 0xFF, 0xFF, 0xFF, 0xFF, 0xFF, 0xFF, 0xFF, 0xFF, 0xFF, 0xE0, 0x00, 0x3E, 0x00, 0x07, 0xC0,
    0x00, 0x7C, 0x01, 0x8F, 0xE0, 0x78, 0xFF, 0xFF, 0x0F, 0xFF, 0xE0, 0xFF, 0xF8, 0x07, 0xFC, 0x00,
    0x0F, 0xCE, 0x1F, 0xFF, 0x0F, 0xFF, 0x87, 0xBF, 0x80, 0x00, 0x00, 0x00, 0x00, 0x00, 0x01, 0xFF,
    0xFF, 0xFF, 0xFF, 0xFF, 0xFF, 0xFF, 0xFF, 0xFE, 0x00, 0x0F, 0x00, 0x07, 0x80, 0x03, 0xC0, 0x01,
    0xE0, 0x00, 0xF0, 0x00, 0x78, 0x00, 0x3F, 0xFF, 0x9F, 0xFF, 0xCF, 0xFF, 0xE7, 0xFF, 0xF3, 0xC0,
    0x01, 0xE0, 0x00, 0xF0, 0x00, 0x78, 0x00, 0x3C, 0x00, 0x1E, 0x00, 0x0F, 0x00, 0x07, 0xFF, 0xFF,
    0xFF, 0xFF, 0xFF, 0xFF, 0xFF, 0xFF, 0x80, 0x03, 0xC7, 0x00, 0xFE, 0xE0, 0x3F, 0xFC, 0x07, 0x3F,
    0x00, 0xE3, 0xC0, 0x00, 0x00, 0x00, 0x00, 0x00, 0x00, 0x00, 0x03, 0xFC, 0x01, 0xFF, 0xE0, 0x7F,
    0xFE, 0x1F, 0xFF, 0xE7, 0xE0, 0x7C, 0xF8, 0x07, 0xFE, 0x00, 0x7F, 0xFF, 0xFF, 0xFF, 0xFF, 0xFF,
    0xFF, 0xFF, 0xFF, 0xFF, 0xF8, 0x00, 0x0F, 0x80, 0x01, 0xF0, 0x00, 0x1F, 0x00, 0x63, 0xF8, 0x1E,
    0x3F, 0xFF, 0xC3, 0xFF, 0xF8, 0x3F, 0xFE, 0x01, 0xFF, 0x00, 0x00, 0x01, 0x80, 0x00, 0x38, 0x00,
    0x0F, 0x80, 0x03, 0xE0, 0x00, 0x7C, 0x00, 0x0F, 0x00, 0xF9, 0xC0, 0x3F, 0x80, 0x1F, 0xFC, 0x07,
    0xEF, 0xC0, 0x70, 0x70, 0x00, 0x00, 0x00, 0x00, 0x01, 0xFF, 0xFF, 0x3F, 0xFF, 0xE7, 0xFF, 0xFC,
    0xFF, 0xFF, 0x9E, 0x00, 0x03, 0xC0, 0x00, 0x78, 0x00, 0x0F, 0x00, 0x01, 0xE0, 0x00, 0x3C, 0x00,
    0x07, 0x80, 0x00, 0xFF, 0xFE, 0x1F, 0xFF, 0xC3, 0xFF, 0xF8, 0x7F, 0xFF, 0x0F, 0x00, 0x01, 0xE0,
    0x00, 0x3C, 0x00, 0x07, 0x80, 0x00, 0xF0, 0x00, 0x1E, 0x00, 0x03, 0xC0, 0x00, 0x7F, 0xFF, 0xCF,
    0xFF, 0xF9, 0xFF, 0xFF, 0x3F, 0xFF, 0xE0, 0x00, 0x00, 0x60, 0x00, 0x07, 0x80, 0x00, 0x3E, 0x00,
    0x03, 0xE0, 0x00, 0x1E, 0x00, 0x01, 0xE0, 0x03, 0xC6, 0x00, 0x3F, 0x00, 0x03, 0xFC, 0x00, 0x3F,
    0xF0, 0x03, 0xE7, 0xC0, 0x0C, 0x0E, 0x00, 0x00, 0x00, 0x00, 0x00, 0x00, 0x00, 0x00, 0x00, 0x7F,
    0x80, 0x0F, 0xFF, 0x00, 0xFF, 0xFC, 0x0F, 0xFF, 0xF0, 0xFC, 0x0F, 0x87, 0xC0, 0x3E, 0x7C, 0x00,
    0xF3, 0xFF, 0xFF, 0x9F, 0xFF, 0xFC, 0xFF, 0xFF, 0xE7, 0xFF, 0xFF, 0x3C, 0x00, 0x01, 0xF0, 0x00,
    0x0F, 0x80, 0x00, 0x3E, 0x00, 0xC1, 0xFC, 0x0F, 0x07, 0xFF, 0xF8, 0x1F, 0xFF, 0xC0, 0x7F, 0xFC,
    0x00, 0xFF, 0x80, 0x00, 0x0C, 0x00, 0x0F, 0x00, 0x0F, 0x80, 0x03, 0xE0, 0x00, 0xF0, 0x00, 0x3C,
    0x0F, 0x8C, 0x0F, 0xE0, 0x1F, 0xFC, 0x1F, 0xBF, 0x07, 0x07, 0x00, 0x00, 0x00, 0x00, 0x07, 0xFF,
    0xFF, 0xFF, 0xFF, 0xFF, 0xFF, 0xFF, 0xFF, 0xF8, 0x00, 0x3C, 0x00, 0x1E, 0x00, 0x0F, 0x00, 0x07,
    0x80, 0x03, 0xC0, 0x01, 0xE0, 0x00, 0xFF, 0xFE, 0x7F, 0xFF, 0x3F, 0xFF, 0x9F, 0xFF, 0xCF, 0x00,
    0x07, 0x80, 0x03, 0xC0, 0x01, 0xE0, 0x00, 0xF0, 0x00, 0x78, 0x00, 0x3C, 0x00, 0x1F, 0xFF, 0xFF,
    0xFF, 0xFF, 0xFF, 0xFF, 0xFF, 0xFE, 0x00, 0x06, 0x00, 0x01, 0xE0, 0x00, 0x7C, 0x00, 0x07, 0xC0,
    0x00, 0x78, 0x00, 0x07, 0x80, 0x3C, 0x60, 0x0F, 0xC0, 0x03, 0xFC, 0x00, 0xFF, 0xC0, 0x3E, 0x7C,
    0x03, 0x03, 0x80, 0x00, 0x00, 0x00, 0x00, 0x00, 0x00, 0x00, 0x1F, 0xE0, 0x0F, 0xFF, 0x03, 0xFF,
    0xF0, 0xFF, 0xFF, 0x3F, 0x03, 0xE7, 0xC0, 0x3F, 0xF0, 0x03, 0xFF, 0xFF, 0xFF, 0xFF, 0xFF, 0xFF,
    0xFF, 0xFF, 0xFF, 0xFF, 0xC0, 0x00, 0x7C, 0x00, 0x0F, 0x80, 0x00, 0xF8, 0x03, 0x1F, 0xC0, 0xF1,
    0xFF, 0xFE, 0x1F, 0xFF, 0xC1, 0xFF, 0xF0, 0x0F, 0xF8, 0x00, 0x00, 0x1F, 0x80, 0x0F, 0xF0, 0x01,
    0xFC, 0x00, 0x47, 0x00, 0x07, 0xC0, 0x01, 0xE0, 0x3E, 0x70, 0x1F, 0xC0, 0x0F, 0xF8, 0x0F, 0xDF,
    0x81, 0xC1, 0xC0, 0x00, 0x00, 0x00, 0x00, 0x3F, 0xFF, 0xEF, 0xFF, 0xFB, 0xFF, 0xFE, 0xFF, 0xFF,
    0xBC, 0x00, 0x0F, 0x00, 0x03, 0xC0, 0x00, 0xF0, 0x00, 0x3C, 0x00, 0x0F, 0x00, 0x03, 0xC0, 0x00,
    0xFF, 0xFE, 0x3F, 0xFF, 0x8F, 0xFF, 0xE3, 0xFF, 0xF8, 0xF0, 0x00, 0x3C, 0x00, 0x0F, 0x00, 0x03,
    0xC0, 0x00, 0xF0, 0x00, 0x3C, 0x00, 0x0F, 0x00, 0x03, 0xFF, 0xFE, 0xFF, 0xFF, 0xBF, 0xFF, 0xEF,
    0xFF, 0xF8, 0x00, 0x07, 0xE0, 0x00, 0xFF, 0x00, 0x07, 0xF0, 0x00, 0x47, 0x00, 0x00, 0xF0, 0x00,
    0x1E, 0x00, 0x71, 0xC0, 0x1F, 0x98, 0x03, 0xFC, 0x00, 0x7F, 0xE0, 0x0F, 0xFF, 0x00, 0xF0, 0xF0,
    0x04, 0x02, 0x00, 0x00, 0x00, 0x00, 0x00, 0x00, 0x3F, 0xC0, 0x0F, 0xFF, 0x01, 0xFF, 0xF8, 0x3F,
    0xFF, 0xC7, 0xE0, 0x7C, 0x7C, 0x03, 0xEF, 0x80, 0x1E, 0xFF, 0xFF, 0xEF, 0xFF, 0xFE, 0xFF, 0xFF,
    0xEF, 0xFF, 0xFE, 0xF0, 0x00, 0x0F, 0x80, 0x00, 0xF8, 0x00, 0x07, 0xC0, 0x18, 0x7F, 0x03, 0xC3,
    0xFF, 0xFC, 0x1F, 0xFF, 0xC0, 0xFF, 0xF8, 0x03, 0xFE, 0x00, 0x0F, 0xDE, 0x0F, 0xFF, 0x0F, 0xFF,
    0x07, 0x9F, 0x80, 0x00, 0x00, 0x0E, 0x00, 0x0F, 0x80, 0x0F, 0xF0, 0x1F, 0xFC, 0x1F, 0xBF, 0x07,
    0x07, 0x00, 0x00, 0x00, 0x00, 0x07, 0xFF, 0xFF, 0xFF, 0xFF, 0xFF, 0xFF, 0xFF, 0xFF, 0xF8, 0x00,
    0x3C, 0x00, 0x1E, 0x00, 0x0F, 0x00, 0x07, 0x80, 0x03, 0xC0, 0x01, 0xE0, 0x00, 0xFF, 0xFE, 0x7F,
    0xFF, 0x3F, 0xFF, 0x9F, 0xFF, 0xCF, 0x00, 0x07, 0x80, 0x03, 0xC0, 0x01, 0xE0, 0x00, 0xF0, 0x00,
    0x78, 0x00, 0x3C, 0x00, 0x1F, 0xFF, 0xFF, 0xFF, 0xFF, 0xFF, 0xFF, 0xFF, 0xFE, 0x07, 0xC7, 0x00,
    0xFE, 0xE0, 0x3F, 0xFC, 0x07, 0xFF, 0x80, 0xE3, 0xE0, 0x00, 0x00, 0x00, 0x00, 0x00, 0x0F, 0xC0,
    0x03, 0xFC, 0x00, 0xFF, 0xC0, 0x3F, 0xFC, 0x07, 0x87, 0x80, 0x40, 0x20, 0x00, 0x00, 0x00, 0x00,
    0x00, 0x1F, 0xE0, 0x0F, 0xFF, 0x03, 0xFF, 0xF0, 0xFF, 0xFF, 0x3F, 0x03, 0xE7, 0xC0, 0x3F, 0xF0,
    0x03, 0xFF, 0xFF, 0xFF, 0xFF, 0xFF, 0xFF, 0xFF, 0xFF, 0xFF, 0xFF, 0xC0, 0x00, 0x7C, 0x00, 0x0F,
    0x80, 0x00, 0xF8, 0x03, 0x1F, 0xC0, 0xF1, 0xFF, 0xFE, 0x1F, 0xFF, 0xC1, 0xFF, 0xF0, 0x0F, 0xF8,
    0x00, 0x03, 0xE0, 0x03, 0xF8, 0x07, 0xFF, 0x07, 0xEF, 0xC1, 0x81, 0xC0, 0x00, 0x00, 0x00, 0x01,
    0xFF, 0xFF, 0xFF, 0xFF, 0xFF, 0xFF, 0xFF, 0xFF, 0xFE, 0x00, 0x0F, 0x00, 0x07, 0x80, 0x03, 0xC0,
    0x01, 0xE0, 0x00, 0xF0, 0x00, 0x78, 0x00, 0x3F, 0xFF, 0x9F, 0xFF, 0xCF, 0xFF, 0xE7, 0xFF, 0xF3,
    0xC0, 0x01, 0xE0, 0x00, 0xF0, 0x00, 0x78, 0x00, 0x3C, 0x00, 0x1E, 0x00, 0x0F, 0x00, 0x07, 0xFF,
    0xFF, 0xFF, 0xFF, 0xFF, 0xFF, 0xFF, 0xFF, 0x80, 0x00, 0x00, 0x00, 0x00, 0x00, 0x00, 0x7C, 0x00,
    0x3E, 0x00, 0x1F, 0x00, 0x0F, 0x80, 0x07, 0xC0, 0x00, 0x00, 0xF8, 0x00, 0x3F, 0x80, 0x0F, 0xF8,
    0x03, 0xFF, 0x80, 0xF8, 0xF0, 0x0C, 0x04, 0x00, 0x00, 0x00, 0x00, 0x00, 0x03, 0xFC, 0x01, 0xFF,
    0xE0, 0x7F, 0xFE, 0x1F, 0xFF, 0xC7, 0xE0, 0x7C, 0xF8, 0x07, 0xFE, 0x00, 0xFF, 0xC0, 0x0F, 0xFF,
    0xFF, 0xFF, 0xFF, 0xFF, 0xFF, 0xFF, 0xFF, 0xFF, 0xFF, 0x80, 0x01, 0xF0, 0x00, 0x1F, 0x00, 0x23,
    0xF8, 0x1C, 0x3F, 0xFF, 0xC3, 0xFF, 0xF8, 0x3F, 0xFE, 0x01, 0xFF, 0x00, 0x00, 0x00, 0x00, 0x00,
    0x00, 0x00, 0x00, 0x07, 0xC0, 0x00, 0xF8, 0x00, 0x1F, 0x00, 0x03, 0xE0, 0x00, 0x7C, 0x00, 0x1F,
    0x81, 0xFE, 0x0F, 0xF0, 0x37, 0x80, 0x7C, 0x03, 0xC0, 0x38, 0x00, 0xC0, 0x00, 0x00, 0x00, 0x3F,
    0xFF, 0xFF, 0xFF, 0xFF, 0xFF, 0xFC, 0x3C, 0x01, 0xE0, 0x0F, 0x00, 0x78, 0x03, 0xC0, 0x1E, 0x00,
    0xF0, 0x07, 0x80, 0x3C, 0x01, 0xE0, 0x0F, 0x00, 0x78, 0x03, 0xC0, 0x1E, 0x00, 0xF0, 0x07, 0x80,
    0x3C, 0x01, 0xE0, 0xFF, 0xFF, 0xFF, 0xFF, 0xFF, 0xFF, 0xF0, 0x7C, 0xFE, 0xFF, 0xCF, 0x1F, 0x3E,
    0x38, 0x18, 0x00, 0x00, 0x3C, 0x3C, 0x3C, 0x3C, 0x3C, 0x3C, 0x3C, 0x3C, 0x3C, 0x3C, 0x3C, 0x3C,
    0x3C, 0x3C, 0x3C, 0x3C, 0x3C, 0x3C, 0x3C, 0x3C, 0xFF, 0xFF, 0xFF, 0xFF, 0xFF, 0xFF, 0xF0, 0xF0,
    0x07, 0x80, 0x3C, 0x01, 0xE0, 0x0F, 0x00, 0x78, 0x03, 0xC0, 0x1E, 0x00, 0xF0, 0x07, 0x80, 0x3C,
    0x01, 0xE0, 0x0F, 0x00, 0x78, 0x03, 0xC0, 0x1E, 0x00, 0xF0, 0x07, 0x83, 0xFF, 0xFF, 0xFF, 0xFF,
    0xFF, 0xFF, 0xC0, 0x00, 0x00, 0x00, 0x00, 0x07, 0xC0, 0x3E, 0x01, 0xF0, 0x0F, 0x80, 0x7C, 0x00,
    0xFF, 0xFF, 0xFF, 0x80, 0x00, 0x03, 0xDE, 0xF7, 0xBD, 0xEF, 0x7B, 0xDE, 0xF7, 0xBD, 0xEF, 0x7B,
    0xDE, 0xF7, 0x80, 0x00, 0xFF, 0xFF, 0xFF, 0x80, 0x00, 0xFF, 0xC0, 0x00, 0xFF, 0xFC, 0x00, 0x7F,
    0xFF, 0x80, 0x7F, 0xFF, 0xF0, 0x1F, 0xC0, 0xFE, 0x0F, 0xC0, 0x0F, 0xC7, 0xE0, 0x01, 0xF9, 0xF0,
    0x00, 0x3E, 0xF8, 0x00, 0x07, 0xFE, 0x00, 0x01, 0xFF, 0x80, 0x00, 0x7F, 0xC0, 0x00, 0x0F, 0xF0,
    0x00, 0x03, 0xFC, 0x00, 0x00, 0xFF, 0x00, 0x00, 0x3F, 0xE0, 0x00, 0x1F, 0xF8, 0x00, 0x07, 0xFE,
    0x00, 0x01, 0xF7, 0xC0, 0x00, 0xF9, 0xF8, 0x00, 0x7E, 0x3F, 0x00, 0x3F, 0x07, 0xF0, 0x3F, 0x81,
    0xFF, 0xFF, 0xC0, 0x1F, 0xFF, 0xE0, 0x03, 0xFF, 0xF0, 0x00, 0x3F, 0xF0, 0x00, 0x00, 0x00, 0x00,
    0x00, 0x00, 0x00, 0x00, 0x00, 0x00, 0x00, 0x0F, 0x80, 0x00, 0x03, 0xE0, 0x00, 0x00, 0xF8, 0x00,
    0x00, 0x3E, 0x00, 0x00, 0x0F, 0x80, 0x00, 0x03, 0xFC, 0x00, 0xFF, 0xF0, 0x1F, 0xFF, 0x83, 0xFF,
    0xFC, 0x7E, 0x07, 0xE7, 0xC0, 0x3E, 0xF8, 0x01, 0xFF, 0x80, 0x1F, 0xF0, 0x00, 0xFF, 0x00, 0x0F,
    0xF0, 0x00, 0xFF, 0x00, 0x0F, 0xF8, 0x01, 0xFF, 0x80, 0x1F, 0x7C, 0x03, 0xE7, 0xE0, 0x7E, 0x3F,
    0xFF, 0xC1, 0xFF, 0xF8, 0x0F, 0xFF, 0x00, 0x3F, 0xC0, 0x00, 0x00, 0x00, 0x00, 0x00, 0x00, 0x00,
    0x00, 0x0F, 0x80, 0x00, 0xF8, 0x00, 0x0F, 0x80, 0x00, 0xF8, 0x00, 0x0F, 0x80, 0x00, 0x7F, 0x00,
    0x00, 0x1F, 0xE0, 0x00, 0x07, 0xF8, 0x00, 0x01, 0x9E, 0x00, 0x00, 0x0F, 0x80, 0x00, 0x07, 0xC0,
    0x00, 0x01, 0xE0, 0x00, 0x00, 0x70, 0x00, 0x00, 0x00, 0x00, 0x00, 0x00, 0x00, 0x00, 0x0F, 0xFC,
    0x00, 0x0F, 0xFF, 0xC0, 0x07, 0xFF, 0xF8, 0x07, 0xFF, 0xFF, 0x01, 0xFC, 0x0F, 0xE0, 0xFC, 0x00,
    0xFC, 0x7E, 0x00, 0x1F, 0x9F, 0x00, 0x03, 0xEF, 0x80, 0x00, 0x7F, 0xE0, 0x00, 0x1F, 0xF8, 0x00,
    0x07, 0xFC, 0x00, 0x00, 0xFF, 0x00, 0x00, 0x3F, 0xC0, 0x00, 0x0F, 0xF0, 0x00, 0x03, 0xFE, 0x00,
    0x01, 0xFF, 0x80, 0x00, 0x7F, 0xE0, 0x00, 0x1F, 0x7C, 0x00, 0x0F, 0x9F, 0x80, 0x07, 0xE3, 0xF0,
    0x03, 0xF0, 0x7F, 0x03, 0xF8, 0x1F, 0xFF, 0xFC, 0x01, 0xFF, 0xFE, 0x00, 0x3F, 0xFF, 0x00, 0x03,
    0xFF, 0x00, 0x01, 0xF8, 0x00, 0x3F, 0xC0, 0x03, 0xFC, 0x00, 0x13, 0xC0, 0x00, 0x7C, 0x00, 0x0F,
    0x80, 0x00, 0xE0, 0x00, 0x06, 0x00, 0x00, 0x00, 0x00, 0x00, 0x00, 0x03, 0xFC, 0x00, 0xFF, 0xF0,
    0x1F, 0xFF, 0x83, 0xFF, 0xFC, 0x7E, 0x07, 0xE7, 0xC0, 0x3E, 0xF8, 0x01, 0xFF, 0x80, 0x1F, 0xF0,
    0x00, 0xFF, 0x00, 0x0F, 0xF0, 0x00, 0xFF, 0x00, 0x0F, 0xF8, 0x01, 0xFF, 0x80, 0x1F, 0x7C, 0x03,
    0xE7, 0xE0, 0x7E, 0x3F, 0xFF, 0xC1, 0xFF, 0xF8, 0x0F, 0xFF, 0x00, 0x3F, 0xC0, 0x00, 0x00, 0x08,
    0x00, 0x00, 0x07, 0x00, 0x00, 0x01, 0xF0, 0x00, 0x00, 0xFC, 0x00, 0x00, 0x3E, 0x00, 0x00, 0x1F,
    0x00, 0x01, 0xE7, 0x80, 0x00, 0xFC, 0x40, 0x00, 0xFF, 0x80, 0x00, 0x7F, 0xF8, 0x00, 0x1E, 0x3E,
    0x00, 0x02, 0x03, 0x80, 0x00, 0x00, 0x00, 0x00, 0x00, 0x00, 0x00, 0x0F, 0xFC, 0x00, 0x0F, 0xFF,
    0xC0, 0x07, 0xFF, 0xF8, 0x07, 0xFF, 0xFF, 0x01, 0xFC, 0x0F, 0xE0, 0xFC, 0x00, 0xFC, 0x7E, 0x00,
    0x1F, 0x9F, 0x00, 0x03, 0xEF, 0x80, 0x00, 0x7F, 0xE0, 0x00, 0x1F, 0xF8, 0x00, 0x07, 0xFC, 0x00,
    0x00, 0xFF, 0x00, 0x00, 0x3F, 0xC0, 0x00, 0x0F, 0xF0, 0x00, 0x03, 0xFE, 0x00, 0x01, 0xFF, 0x80,
    0x00, 0x7F, 0xE0, 0x00, 0x1F, 0x7C, 0x00, 0x0F, 0x9F, 0x80, 0x07, 0xE3, 0xF0, 0x03, 0xF0, 0x7F,
    0x03, 0xF8, 0x1F, 0xFF, 0xFC, 0x01, 0xFF, 0xFE, 0x00, 0x3F, 0xFF, 0x00, 0x03, 0xFF, 0x00, 0x00,
    0x00, 0x60, 0x00, 0x07, 0x80, 0x00, 0x3E, 0x00, 0x03, 0xE0, 0x00, 0x3E, 0x00, 0x01, 0xE0, 0x03,
    0xC6, 0x00, 0x3F, 0x00, 0x03, 0xFC, 0x00, 0x3F, 0xF0, 0x03, 0xE7, 0xC0, 0x0C, 0x0E, 0x00, 0x00,
    0x00, 0x00, 0x00, 0x00, 0x00, 0x00, 0x00, 0x7F, 0x80, 0x0F, 0xFF, 0x00, 0xFF, 0xFC, 0x0F, 0xFF,
    0xF0, 0xFC, 0x0F, 0xC7, 0xC0, 0x3E, 0x7C, 0x00, 0xFB, 0xE0, 0x07, 0xDE, 0x00, 0x1E, 0xF0, 0x00,
    0xF7, 0x80, 0x07, 0xBC, 0x00, 0x3D, 0xF0, 0x03, 0xEF, 0x80, 0x1F, 0x3E, 0x01, 0xF1, 0xF8, 0x1F,
    0x87, 0xFF, 0xF8, 0x1F, 0xFF, 0x80, 0x7F, 0xF8, 0x00, 0xFF, 0x00, 0x00, 0x00, 0x40, 0x00, 0x00,
    0x38, 0x00, 0x00, 0x1F, 0x00, 0x00, 0x07, 0xC0, 0x00, 0x00, 0xF8, 0x00, 0x00, 0x1E, 0x00, 0x01,
    0xE3, 0x80, 0x00, 0xFC, 0x40, 0x00, 0xFF, 0x80, 0x00, 0x7F, 0xF8, 0x00, 0x1E, 0x3E, 0x00, 0x02,
    0x03, 0x80, 0x00, 0x00, 0x00, 0x00, 0x00, 0x00, 0x00, 0x0F, 0xFC, 0x00, 0x0F, 0xFF, 0xC0, 0x07,
    0xFF, 0xF8, 0x07, 0xFF, 0xFF, 0x01, 0xFC, 0x0F, 0xE0, 0xFC, 0x00, 0xFC, 0x7E, 0x00, 0x1F, 0x9F,
    0x00, 0x03, 0xEF, 0x80, 0x00, 0x7F, 0xE0, 0x00, 0x1F, 0xF8, 0x00, 0x07, 0xFC, 0x00, 0x00, 0xFF,
    0x00, 0x00, 0x3F, 0xC0, 0x00, 0x0F, 0xF0, 0x00, 0x03, 0xFE, 0x00, 0x01, 0xFF, 0x80, 0x00, 0x7F,
    0xE0, 0x00, 0x1F, 0x7C, 0x00, 0x0F, 0x9F, 0x80, 0x07, 0xE3, 0xF0, 0x03, 0xF0, 0x7F, 0x03, 0xF8,
    0x1F, 0xFF, 0xFC, 0x01, 0xFF, 0xFE, 0x00, 0x3F, 0xFF, 0x00, 0x03, 0xFF, 0x00, 0x00, 0x06, 0x00,
    0x00, 0xF0, 0x00, 0x1F, 0x00, 0x00, 0xF8, 0x00, 0x07, 0x80, 0x00, 0x3C, 0x00, 0xF1, 0x80, 0x1F,
    0x80, 0x03, 0xFC, 0x00, 0x7F, 0xE0, 0x0F, 0x9F, 0x00, 0x60, 0x70, 0x00, 0x00, 0x00, 0x00, 0x00,
    0x00, 0x00, 0x00, 0x3F, 0xC0, 0x0F, 0xFF, 0x01, 0xFF, 0xF8, 0x3F, 0xFF, 0xC7, 0xE0, 0x7E, 0x7C,
    0x03, 0xEF, 0x80, 0x1F, 0xF8, 0x01, 0xFF, 0x00, 0x0F, 0xF0, 0x00, 0xFF, 0x00, 0x0F, 0xF0, 0x00,
    0xFF, 0x80, 0x1F, 0xF8, 0x01, 0xF7, 0xC0, 0x3E, 0x7E, 0x07, 0xE3, 0xFF, 0xFC, 0x1F, 0xFF, 0x80,
    0xFF, 0xF0, 0x03, 0xFC, 0x00, 0x00, 0x00, 0xFC, 0x00, 0x00, 0x7F, 0x80, 0x00, 0x1F, 0xE0, 0x00,
    0x07, 0x78, 0x00, 0x00, 0x3E, 0x00, 0x00, 0x1F, 0x00, 0x01, 0xE7, 0x80, 0x00, 0xFC, 0xC0, 0x00,
    0x7F, 0x80, 0x00, 0x3F, 0xF0, 0x00, 0x1F, 0x7E, 0x00, 0x07, 0x03, 0x80, 0x00, 0x00, 0x00, 0x00,
    0x00, 0x00, 0x00, 0x0F, 0xFC, 0x00, 0x0F, 0xFF, 0xC0, 0x07, 0xFF, 0xF8, 0x07, 0xFF, 0xFF, 0x01,
    0xFC, 0x0F, 0xE0, 0xFC, 0x00, 0xFC, 0x7E, 0x00, 0x1F, 0x9F, 0x00, 0x03, 0xEF, 0x80, 0x00, 0x7F,
    0xE0, 0x00, 0x1F, 0xF8, 0x00, 0x07, 0xFC, 0x00, 0x00, 0xFF, 0x00, 0x00, 0x3F, 0xC0, 0x00, 0x0F,
    0xF0, 0x00, 0x03, 0xFE, 0x00, 0x01, 0xFF, 0x80, 0x00, 0x7F, 0xE0, 0x00, 0x1F, 0x7C, 0x00, 0x0F,
    0x9F, 0x80, 0x07, 0xE3, 0xF0, 0x03, 0xF0, 0x7F, 0x03, 0xF8, 0x1F, 0xFF, 0xFC, 0x01, 0xFF, 0xFE,
    0x00, 0x3F, 0xFF, 0x00, 0x03, 0xFF, 0x00, 0x00, 0x07, 0xE0, 0x00, 0xFF, 0x00, 0x07, 0xF0, 0x00,
    0x47, 0x00, 0x01, 0xF0, 0x00, 0x1E, 0x00, 0x71, 0xC0, 0x1F, 0x98, 0x03, 0xFC, 0x00, 0x7F, 0xE0,
    0x0F, 0xFF, 0x00, 0xF0, 0xF0, 0x04, 0x02, 0x00, 0x00, 0x00, 0x00, 0x00, 0x00, 0x3F, 0xC0, 0x0F,
    0xFF, 0x01, 0xFF, 0xF8, 0x3F, 0xFF, 0xC7, 0xE0, 0x7E, 0x7C, 0x03, 0xEF, 0x80, 0x1F, 0xF8, 0x01,
    0xFF, 0x00, 0x0F, 0xF0, 0x00, 0xFF, 0x00, 0x0F, 0xF0, 0x00, 0xFF, 0x80, 0x1F, 0xF8, 0x01, 0xF7,
    0xC0, 0x3E, 0x7E, 0x07, 0xE3, 0xFF, 0xFC, 0x1F, 0xFF, 0x80, 0xFF, 0xF0, 0x03, 0xFC, 0x00, 0x00,
    0xF8, 0xE0, 0x00, 0x7F, 0xB8, 0x00, 0x1F, 0xFE, 0x00, 0x0F, 0x7F, 0x80, 0x01, 0xC7, 0xC0, 0x00,
    0x00, 0x00, 0x00, 0x01, 0xC0, 0x00, 0x00, 0xFC, 0x00, 0x00, 0x7F, 0x80, 0x00, 0x3F, 0xF0, 0x00,
    0x1F, 0x7E, 0x00, 0x07, 0x07, 0x80, 0x00, 0x00, 0x00, 0x00, 0x00, 0x00, 0x00, 0x0F, 0xFC, 0x00,
    0x0F, 0xFF, 0xC0, 0x07, 0xFF, 0xF8, 0x07, 0xFF, 0xFF, 0x01, 0xFC, 0x0F, 0xE0, 0xFC, 0x00, 0xFC,
    0x7E, 0x00, 0x1F, 0x9F, 0x00, 0x03, 0xEF, 0x80, 0x00, 0x7F, 0xE0, 0x00, 0x1F, 0xF8, 0x00, 0x07,
    0xFC, 0x00, 0x00, 0xFF, 0x00, 0x00, 0x3F, 0xC0, 0x00, 0x0F, 0xF0, 0x00, 0x03, 0xFE, 0x00, 0x01,
    0xFF, 0x80, 0x00, 0x7F, 0xE0, 0x00, 0x1F, 0x7C, 0x00, 0x0F, 0x9F, 0x80, 0x07, 0xE3, 0xF0, 0x03,
    0xF0, 0x7F, 0x03, 0xF8, 0x1F, 0xFF, 0xFC, 0x01, 0xFF, 0xFE, 0x00, 0x3F, 0xFF, 0x00, 0x03, 0xFF,
    0x00, 0x07, 0xC7, 0x00, 0x7F, 0x70, 0x0F, 0xFF, 0x00, 0xFF, 0xF0, 0x0E, 0x3E, 0x00, 0x00, 0x00,
    0x00, 0x00, 0x00, 0x1F, 0x80, 0x03, 0xFC, 0x00, 0x7F, 0xE0, 0x0F, 0xFF, 0x00, 0xF0, 0xF0, 0x04,
    0x02, 0x00, 0x00, 0x00, 0x00, 0x00, 0x00, 0x3F, 0xC0, 0x0F, 0xFF, 0x01, 0xFF, 0xF8, 0x3F, 0xFF,
    0xC7, 0xE0, 0x7E, 0x7C, 0x03, 0xEF, 0x80, 0x1F, 0xF8, 0x01, 0xFF, 0x00, 0x0F, 0xF0, 0x00, 0xFF,
    0x00, 0x0F, 0xF0, 0x00, 0xFF, 0x80, 0x1F, 0xF8, 0x01, 0xF7, 0xC0, 0x3E, 0x7E, 0x07, 0xE3, 0xFF,
    0xFC, 0x1F, 0xFF, 0x80, 0xFF, 0xF0, 0x03, 0xFC, 0x00, 0x00, 0x3E, 0x00, 0x00, 0x1F, 0xC0, 0x00,
    0x0F, 0xFC, 0x00, 0x0F, 0xDF, 0x80, 0x01, 0xC1, 0xE0, 0x00, 0x00, 0x00, 0x00, 0x00, 0x00, 0x00,
    0x03, 0xFF, 0x00, 0x03, 0xFF, 0xF0, 0x01, 0xFF, 0xFE, 0x01, 0xFF, 0xFF, 0xC0, 0x7F, 0x03, 0xF8,
    0x3F, 0x00, 0x3F, 0x1F, 0x80, 0x07, 0xE7, 0xC0, 0x00, 0xFB, 0xE0, 0x00, 0x1F, 0xF8, 0x00, 0x07,
    0xFE, 0x00, 0x01, 0xFF, 0x00, 0x00, 0x3F, 0xC0, 0x00, 0x0F, 0xF0, 0x00, 0x03, 0xFC, 0x00, 0x00,
    0xFF, 0x80, 0x00, 0x7F, 0xE0, 0x00, 0x1F, 0xF8, 0x00, 0x07, 0xDF, 0x00, 0x03, 0xE7, 0xE0, 0x01,
    0xF8, 0xFC, 0x00, 0xFC, 0x1F, 0xC0, 0xFE, 0x07, 0xFF, 0xFF, 0x00, 0x7F, 0xFF, 0x80, 0x0F, 0xFF,
    0xC0, 0x00, 0xFF, 0xC0, 0x00, 0x00, 0x00, 0x00, 0x00, 0x00, 0x00, 0x00, 0x00, 0x00, 0x00, 0x3E,
    0x00, 0x00, 0x0F, 0x80, 0x00, 0x03, 0xE0, 0x00, 0x00, 0xF8, 0x00, 0x00, 0x3E, 0x00, 0x00, 0x00,
    0xF8, 0x00, 0x1F, 0xC0, 0x03, 0xFE, 0x00, 0x7F, 0xF0, 0x0F, 0x8F, 0x00, 0x60, 0x20, 0x00, 0x00,
    0x00, 0x00, 0x00, 0x03, 0xFC, 0x00, 0xFF, 0xF0, 0x1F, 0xFF, 0x83, 0xFF, 0xFC, 0x7E, 0x07, 0xE7,
    0xC0, 0x3E, 0xF8, 0x01, 0xFF, 0x80, 0x1F, 0xF0, 0x00, 0xFF, 0x00, 0x0F, 0xF0, 0x00, 0xFF, 0x00,
    0x0F, 0xF8, 0x01, 0xFF, 0x80, 0x1F, 0x7C, 0x03, 0xE7, 0xE0, 0x7E, 0x3F, 0xFF, 0xC1, 0xFF, 0xF8,
    0x0F, 0xFF, 0x00, 0x3F, 0xC0, 0x00, 0x00, 0x00, 0x00, 0x00, 0x00, 0x00, 0x00, 0x0F, 0x80, 0x00,
    0xF8, 0x00, 0x0F, 0x80, 0x00, 0xF8, 0x00, 0x0F, 0x80, 0x00, 0x01, 0x80, 0x00, 0x01, 0xE0, 0x00,
    0x01, 0xFC, 0x00, 0x00, 0xFF, 0x00, 0x00, 0x7F, 0x07, 0x80, 0x1E, 0x01, 0xE0, 0x02, 0x00, 0xF8,
    0x00, 0x00, 0x3E, 0x00, 0x00, 0x1F, 0x00, 0x3F, 0xFF, 0xC0, 0x3F, 0xFF, 0xE0, 0x3F, 0xFF, 0xF0,
    0x1F, 0xFF, 0xFE, 0x0F, 0xF0, 0x3F, 0xC3, 0xF0, 0x03, 0xF1, 0xF8, 0x00, 0x7E, 0x7C, 0x00, 0x0F,
    0xBE, 0x00, 0x01, 0xFF, 0x80, 0x00, 0x7F, 0xE0, 0x00, 0x1F, 0xF0, 0x00, 0x03, 0xFC, 0x00, 0x00,
    0xFF, 0x00, 0x00, 0x3F, 0xC0, 0x00, 0x0F, 0xF8, 0x00, 0x07, 0xFE, 0x00, 0x01, 0xFF, 0x80, 0x00,
    0x79, 0xF0, 0x00, 0x3E, 0x7E, 0x00, 0x1F, 0x8F, 0xC0, 0x0F, 0xC1, 0xFC, 0x0F, 0xE0, 0x7F, 0xFF,
    0xF0, 0x07, 0xFF, 0xF8, 0x00, 0xFF, 0xFC, 0x00, 0x0F, 0xFC, 0x00, 0x00, 0x00, 0x00, 0x03, 0x80,
    0x00, 0x78, 0x00, 0x0F, 0xC0, 0x01, 0xF8, 0x00, 0x3E, 0x00, 0x01, 0xC0, 0x70, 0x00, 0x0F, 0x00,
    0x00, 0xF0, 0x00, 0x1F, 0x03, 0xFF, 0xE0, 0xFF, 0xFE, 0x1F, 0xFF, 0xC3, 0xFF, 0xFC, 0x7E, 0x07,
    0xE7, 0xC0, 0x3F, 0xF8, 0x01, 0xFF, 0x80, 0x1F, 0xF0, 0x00, 0xFF, 0x00, 0x0F, 0xF0, 0x00, 0xFF,
    0x00, 0x0F, 0xF8, 0x01, 0xFF, 0x80, 0x1F, 0x7C, 0x03, 0xE7, 0xE0, 0x7E, 0x3F, 0xFF, 0xC1, 0xFF,
    0xF8, 0x0F, 0xFF, 0x00, 0x3F, 0xC0, 0x00, 0x60, 0x00, 0x00, 0x1E, 0x00, 0x00, 0x0F, 0xC0, 0x00,
    0x03, 0xFC, 0x00, 0x00, 0x3F, 0x87, 0x80, 0x01, 0xE1, 0xE0, 0x00, 0x10, 0xF8, 0x00, 0x00, 0x3E,
    0x00, 0x00, 0x1F, 0x00, 0x3F, 0xFF, 0xC0, 0x3F, 0xFF, 0xE0, 0x3F, 0xFF, 0xF0, 0x1F, 0xFF, 0xFE,
    0x0F, 0xF0, 0x3F, 0xC3, 0xF0, 0x03, 0xF1, 0xF8, 0x00, 0x7E, 0x7C, 0x00, 0x0F, 0xBE, 0x00, 0x01,
    0xFF, 0x80, 0x00, 0x7F, 0xE0, 0x00, 0x1F, 0xF0, 0x00, 0x03, 0xFC, 0x00, 0x00, 0xFF, 0x00, 0x00,
    0x3F, 0xC0, 0x00, 0x0F, 0xF8, 0x00, 0x07, 0xFE, 0x00, 0x01, 0xFF, 0x80, 0x00, 0x79, 0xF0, 0x00,
    0x3E, 0x7E, 0x00, 0x1F, 0x8F, 0xC0, 0x0F, 0xC1, 0xFC, 0x0F, 0xE0, 0x7F, 0xFF, 0xF0, 0x07, 0xFF,
    0xF8, 0x00, 0xFF, 0xFC, 0x00, 0x0F, 0xFC, 0x00, 0x00, 0x00, 0x00, 0x18, 0x00, 0x03, 0xC0, 0x00,
    0x7F, 0x00, 0x03, 0xF8, 0x00, 0x0F, 0x80, 0x00, 0x38, 0x70, 0x00, 0x0F, 0x00, 0x00, 0xF0, 0x00,
    0x1F, 0x03, 0xFF, 0xE0, 0xFF, 0xFE, 0x1F, 0xFF, 0xC3, 0xFF, 0xFC, 0x7E, 0x07, 0xE7, 0xC0, 0x3F,
    0xF8, 0x01, 0xFF, 0x80, 0x1F, 0xF0, 0x00, 0xFF, 0x00, 0x0F, 0xF0, 0x00, 0xFF, 0x00, 0x0F, 0xF8,
    0x01, 0xFF, 0x80, 0x1F, 0x7C, 0x03, 0xE7, 0xE0, 0x7E, 0x3F, 0xFF, 0xC1, 0xFF, 0xF8, 0x0F, 0xFF,
    0x00, 0x3F, 0xC0, 0x00, 0x7E, 0x00, 0x00, 0x1F, 0xC0, 0x00, 0x07, 0xF8, 0x00, 0x01, 0x9E, 0x00,
    0x00, 0x0F, 0x80, 0x00, 0x07, 0xC1, 0xE0, 0x01, 0xC0, 0x78, 0x00, 0x70, 0x3E, 0x00, 0x00, 0x0F,
    0x80, 0x00, 0x07, 0xE0, 0x0F, 0xFF, 0xF0, 0x0F, 0xFF, 0xF8, 0x0F, 0xFF, 0xFC, 0x07, 0xFF, 0xFF,
    0x83, 0xFC, 0x0F, 0xF0, 0xFC, 0x00, 0xFC, 0x7E, 0x00, 0x1F, 0x9F, 0x00, 0x03, 0xEF, 0x80, 0x00,
    0x7F, 0xE0, 0x00, 0x1F, 0xF8, 0x00, 0x07, 0xFC, 0x00, 0x00, 0xFF, 0x00, 0x00, 0x3F, 0xC0, 0x00,
    0x0F, 0xF0, 0x00, 0x03, 0xFE, 0x00, 0x01, 0xFF, 0x80, 0x00, 0x7F, 0xE0, 0x00, 0x1E, 0x7C, 0x00,
    0x0F, 0x9F, 0x80, 0x07, 0xE3, 0xF0, 0x03, 0xF0, 0x7F, 0x03, 0xF8, 0x1F, 0xFF, 0xFC, 0x01, 0xFF,
    0xFE, 0x00, 0x3F, 0xFF, 0x00, 0x03, 0xFF, 0x00, 0x01, 0xF8, 0x00, 0x3F, 0xC0, 0x03, 0xFC, 0x00,
    0x13, 0xC0, 0x00, 0x7C, 0x00, 0x0F, 0x80, 0x00, 0xE0, 0x70, 0x06, 0x0F, 0x00, 0x00, 0xF0, 0x00,
    0x1F, 0x03, 0xFF, 0xE0, 0xFF, 0xFE, 0x1F, 0xFF, 0xC3, 0xFF, 0xFC, 0x7E, 0x07, 0xE7, 0xC0, 0x3F,
    0xF8, 0x01, 0xFF, 0x80, 0x1F, 0xF0, 0x00, 0xFF, 0x00, 0x0F, 0xF0, 0x00, 0xFF, 0x00, 0x0F, 0xF8,
    0x01, 0xFF, 0x80, 0x1F, 0x7C, 0x03, 0xE7, 0xE0, 0x7E, 0x3F, 0xFF, 0xC1, 0xFF, 0xF8, 0x0F, 0xFF,
    0x00, 0x3F, 0xC0, 0x00, 0xFC, 0xF0, 0x00, 0x7F, 0xF8, 0x00, 0x3F, 0xFE, 0x78, 0x0F, 0x3F, 0x1E,
    0x00, 0x00, 0x0F, 0x80, 0x00, 0x03, 0xE0, 0x00, 0x01, 0xF0, 0x03, 0xFF, 0xFC, 0x03, 0xFF, 0xFE,
    0x03, 0xFF, 0xFF, 0x01, 0xFF, 0xFF, 0xE0, 0xFF, 0x03, 0xFC, 0x3F, 0x00, 0x3F, 0x1F, 0x80, 0x07,
    0xE7, 0xC0, 0x00, 0xFB, 0xE0, 0x00, 0x1F, 0xF8, 0x00, 0x07, 0xFE, 0x00, 0x01, 0xFF, 0x00, 0x00,
    0x3F, 0xC0, 0x00, 0x0F, 0xF0, 0x00, 0x03, 0xFC, 0x00, 0x00, 0xFF, 0x80, 0x00, 0x7F, 0xE0, 0x00,
    0x1F, 0xF8, 0x00, 0x07, 0x9F, 0x00, 0x03, 0xE7, 0xE0, 0x01, 0xF8, 0xFC, 0x00, 0xFC, 0x1F, 0xC0,
    0xFE, 0x07, 0xFF, 0xFF, 0x00, 0x7F, 0xFF, 0x80, 0x0F, 0xFF, 0xC0, 0x00, 0xFF, 0xC0, 0x00, 0x07,
    0xC7, 0x00, 0x7F, 0xF0, 0x0F, 0xFF, 0x00, 0xE7, 0xE0, 0x0E, 0x3C, 0x70, 0x00, 0x0F, 0x00, 0x00,
    0xF0, 0x00, 0x1F, 0x03, 0xFF, 0xE0, 0xFF, 0xFE, 0x1F, 0xFF, 0xC3, 0xFF, 0xFC, 0x7E, 0x07, 0xE7,
    0xC0, 0x3F, 0xF8, 0x01, 0xFF, 0x80, 0x1F, 0xF0, 0x00, 0xFF, 0x00, 0x0F, 0xF0, 0x00, 0xFF, 0x00,
    0x0F, 0xF8, 0x01, 0xFF, 0x80, 0x1F, 0x7C, 0x03, 0xE7, 0xE0, 0x7E, 0x3F, 0xFF, 0xC1, 0xFF, 0xF8,
    0x0F, 0xFF, 0x00, 0x3F, 0xC0, 0x00, 0x00, 0x07, 0x80, 0x00, 0x03, 0xE0, 0x00, 0x00, 0xF8, 0x00,
    0x00, 0x7E, 0x00, 0xFF, 0xFF, 0x00, 0xFF, 0xFF, 0x80, 0xFF, 0xFF, 0xC0, 0x7F, 0xFF, 0xF8, 0x3F,
    0xC0, 0xFF, 0x0F, 0xC0, 0x0F, 0xC7, 0xE0, 0x01, 0xF9, 0xF0, 0x00, 0x3E, 0xF8, 0x00, 0x07, 0xFE,
    0x00, 0x01, 0xFF, 0x80, 0x00, 0x7F, 0xC0, 0x00, 0x0F, 0xF0, 0x00, 0x03, 0xFC, 0x00, 0x00, 0xFF,
    0x00, 0x00, 0x3F, 0xE0, 0x00, 0x1F, 0xF8, 0x00, 0x07, 0xFE, 0x00, 0x01, 0xE7, 0xC0, 0x00, 0xF9,
    0xF8, 0x00, 0x7E, 0x3F, 0x00, 0x3F, 0x07, 0xF0, 0x3F, 0x81, 0xFF, 0xFF, 0xC0, 0x1F, 0xFF, 0xE0,
    0x03, 0xFF, 0xF0, 0x00, 0x3F, 0xF0, 0x00, 0x00, 0x00, 0x00, 0x00, 0x00, 0x00, 0x00, 0x00, 0x00,
    0x00, 0x0F, 0x80, 0x00, 0x03, 0xE0, 0x00, 0x00, 0xF8, 0x00, 0x00, 0x3E, 0x00, 0x00, 0x0F, 0x80,
    0x00, 0x00, 0x00, 0x70, 0x00, 0x07, 0x00, 0x00, 0xF0, 0x00, 0x1F, 0x03, 0xFF, 0xE0, 0xFF, 0xFE,
    0x1F, 0xFF, 0xC3, 0xFF, 0xFC, 0x7E, 0x07, 0xE7, 0xC0, 0x3F, 0xF8, 0x01, 0xFF, 0x80, 0x1F, 0xF0,
    0x00, 0xFF, 0x00, 0x0F, 0xF0, 0x00, 0xFF, 0x00, 0x0F, 0xF8, 0x01, 0xFF, 0x80, 0x1F, 0x7C, 0x03,
    0xE7, 0xE0, 0x7E, 0x3F, 0xFF, 0xC1, 0xFF, 0xF8, 0x0F, 0xFF, 0x00, 0x3F, 0xC0, 0x00, 0x00, 0x00,
    0x00, 0x00, 0x00, 0x00, 0x00, 0x0F, 0x80, 0x00, 0xF8, 0x00, 0x0F, 0x80, 0x00, 0xF8, 0x00, 0x0F,
    0x80, 0xF0, 0x00, 0x7F, 0x80, 0x03, 0xFC, 0x00, 0x1F, 0xE0, 0x00, 0xFF, 0x00, 0x07, 0xF8, 0x00,
    0x3F, 0xC0, 0x01, 0xFE, 0x00, 0x0F, 0xF0, 0x00, 0x7F, 0x80, 0x03, 0xFC, 0x00, 0x1F, 0xE0, 0x00,
    0xFF, 0x00, 0x07, 0xF8, 0x00, 0x3F, 0xC0, 0x01, 0xFE, 0x00, 0x0F, 0xF0, 0x00, 0x7F, 0xC0, 0x07,
    0xFE, 0x00, 0x3F, 0xF0, 0x01, 0xF7, 0xC0, 0x1F, 0x3F, 0x83, 0xF8, 0xFF, 0xFF, 0x83, 0xFF, 0xF8,
    0x0F, 0xFF, 0x80, 0x1F, 0xF0, 0x00, 0x00, 0x00, 0x00, 0x00, 0x00, 0x00, 0x00, 0x00, 0x7C, 0x00,
    0x03, 0xE0, 0x00, 0x1F, 0x00, 0x00, 0xF8, 0x00, 0x07, 0xC0, 0x00, 0xF0, 0x07, 0xF8, 0x03, 0xFC,
    0x01, 0xFE, 0x00, 0xFF, 0x00, 0x7F, 0x80, 0x3F, 0xC0, 0x1F, 0xE0, 0x0F, 0xF0, 0x07, 0xF8, 0x03,
    0xFC, 0x01, 0xFE, 0x00, 0xFF, 0x00, 0x7F, 0xC0, 0x7F, 0xE0, 0x3F, 0xF8, 0x3F, 0x7F, 0xFF, 0xBF,
    0xFF, 0xCF, 0xFD, 0xE3, 0xF8, 0xF0, 0x00, 0x00, 0x00, 0x00, 0x00, 0x00, 0x07, 0xC0, 0x03, 0xE0,
    0x01, 0xF0, 0x00, 0xF8, 0x00, 0x7C, 0x00, 0x01, 0xF8, 0x00, 0x1F, 0xE0, 0x00, 0x7F, 0x00, 0x02,
    0x38, 0x00, 0x03, 0xC0, 0x00, 0x3C, 0x00, 0x01, 0xC0, 0x00, 0x0E, 0x00, 0x00, 0x00, 0x00, 0x00,
    0x00, 0x3C, 0x00, 0x1F, 0xE0, 0x00, 0xFF, 0x00, 0x07, 0xF8, 0x00, 0x3F, 0xC0, 0x01, 0xFE, 0x00,
    0x0F, 0xF0, 0x00, 0x7F, 0x80, 0x03, 0xFC, 0x00, 0x1F, 0xE0, 0x00, 0xFF, 0x00, 0x07, 0xF8, 0x00,
    0x3F, 0xC0, 0x01, 0xFE, 0x00, 0x0F, 0xF0, 0x00, 0x7F, 0x80, 0x03, 0xFC, 0x00, 0x1F, 0xF0, 0x01,
    0xFF, 0x80, 0x0F, 0xFC, 0x00, 0x7D, 0xF0, 0x07, 0xCF, 0xE0, 0xFE, 0x3F, 0xFF, 0xE0, 0xFF, 0xFE,
    0x03, 0xFF, 0xE0, 0x07, 0xFC, 0x00, 0x07, 0xE0, 0x03, 0xF8, 0x01, 0xFC, 0x00, 0xCE, 0x00, 0x0F,
    0x00, 0x0F, 0x00, 0x07, 0x00, 0x03, 0x00, 0x00, 0x00, 0x00, 0x00, 0x3C, 0x01, 0xFE, 0x00, 0xFF,
    0x00, 0x7F, 0x80, 0x3F, 0xC0, 0x1F, 0xE0, 0x0F, 0xF0, 0x07, 0xF8, 0x03, 0xFC, 0x01, 0xFE, 0x00,
    0xFF, 0x00, 0x7F, 0x80, 0x3F, 0xC0, 0x1F, 0xF0, 0x1F, 0xF8, 0x0F, 0xFE, 0x0F, 0xDF, 0xFF, 0xEF,
    0xFF, 0xF3, 0xFF, 0x78, 0xFE, 0x3C, 0x00, 0x04, 0x00, 0x00, 0x07, 0x80, 0x00, 0x03, 0xE0, 0x00,
    0x03, 0xFC, 0x00, 0x01, 0xFE, 0x03, 0xC0, 0x7C, 0x00, 0xF0, 0x18, 0x00, 0x7C, 0x00, 0x00, 0x1F,
    0x00, 0x00, 0x0F, 0xBC, 0x00, 0x1F, 0xEF, 0x00, 0x07, 0xF3, 0xC0, 0x01, 0xF0, 0xF0, 0x00, 0x78,
    0x3C, 0x00, 0x1E, 0x0F, 0x00, 0x07, 0x83, 0xC0, 0x01, 0xE0, 0xF0, 0x00, 0x78, 0x3C, 0x00, 0x1E,
    0x0F, 0x00, 0x07, 0x83, 0xC0, 0x01, 0xE0, 0xF0, 0x00, 0x78, 0x3C, 0x00, 0x1E, 0x0F, 0x00, 0x07,
    0x83, 0xC0, 0x01, 0xE0, 0xF0, 0x00, 0x78, 0x3C, 0x00, 0x1E, 0x0F, 0x80, 0x0F, 0x83, 0xE0, 0x03,
    0xE0, 0xF8, 0x00, 0xF8, 0x1F, 0x00, 0x7C, 0x07, 0xF0, 0x7F, 0x00, 0xFF, 0xFF, 0x80, 0x1F, 0xFF,
    0xC0, 0x03, 0xFF, 0xE0, 0x00, 0x3F, 0xE0, 0x00, 0x00, 0x00, 0x00, 0x0E, 0x00, 0x01, 0xF0, 0x00,
    0x3F, 0x00, 0x07, 0xF0, 0x00, 0x7C, 0x00, 0x07, 0x00, 0x70, 0x00, 0x0F, 0x00, 0x00, 0xF0, 0x00,
    0x3F, 0xF0, 0x07, 0xEF, 0x00, 0x7C, 0xF0, 0x07, 0x8F, 0x00, 0x78, 0xF0, 0x07, 0x8F, 0x00, 0x78,
    0xF0, 0x07, 0x8F, 0x00, 0x78, 0xF0, 0x07, 0x8F, 0x00, 0x78, 0xF0, 0x07, 0x8F, 0x00, 0x78, 0xF0,
    0x07, 0x8F, 0x80, 0xF8, 0xF8, 0x0F, 0x8F, 0xC1, 0xF8, 0x7F, 0xFF, 0x87, 0xFF, 0xF8, 0x3F, 0xF7,
    0x81, 0xFC, 0x78, 0x01, 0x00, 0x00, 0x00, 0x70, 0x00, 0x00, 0x3E, 0x00, 0x00, 0x0F, 0xE0, 0x00,
    0x03, 0xFC, 0x03, 0xC0, 0x1F, 0x00, 0xF0, 0x00, 0xC0, 0x7C, 0x00, 0x00, 0x1F, 0x00, 0x00, 0x0F,
    0xBC, 0x00, 0x1F, 0xEF, 0x00, 0x07, 0xF3, 0xC0, 0x01, 0xF0, 0xF0, 0x00, 0x78, 0x3C, 0x00, 0x1E,
    0x0F, 0x00, 0x07, 0x83, 0xC0, 0x01, 0xE0, 0xF0, 0x00, 0x78, 0x3C, 0x00, 0x1E, 0x0F, 0x00, 0x07,
    0x83, 0xC0, 0x01, 0xE0, 0xF0, 0x00, 0x78, 0x3C, 0x00, 0x1E, 0x0F, 0x00, 0x07, 0x83, 0xC0, 0x01,
    0xE0, 0xF0, 0x00, 0x78, 0x3C, 0x00, 0x1E, 0x0F, 0x80, 0x0F, 0x83, 0xE0, 0x03, 0xE0, 0xF8, 0x00,
    0xF8, 0x1F, 0x00, 0x7C, 0x07, 0xF0, 0x7F, 0x00, 0xFF, 0xFF, 0x80, 0x1F, 0xFF, 0xC0, 0x03, 0xFF,
    0xE0, 0x00, 0x3F, 0xE0, 0x00, 0x00, 0x00, 0x00, 0x70, 0x00, 0x07, 0x80, 0x00, 0xFC, 0x00, 0x07,
    0xE0, 0x00, 0x1F, 0x00, 0x00, 0xE0, 0x70, 0x00, 0x0F, 0x00, 0x00, 0xF0, 0x00, 0x3F, 0xF0, 0x07,
    0xEF, 0x00, 0x7C, 0xF0, 0x07, 0x8F, 0x00, 0x78, 0xF0, 0x07, 0x8F, 0x00, 0x78, 0xF0, 0x07, 0x8F,
    0x00, 0x78, 0xF0, 0x07, 0x8F, 0x00, 0x78, 0xF0, 0x07, 0x8F, 0x00, 0x78, 0xF0, 0x07, 0x8F, 0x80,
    0xF8, 0xF8, 0x0F, 0x8F, 0xC1, 0xF8, 0x7F, 0xFF, 0x87, 0xFF, 0xF8, 0x3F, 0xF7, 0x81, 0xFC, 0x78,
    0x01, 0xF8, 0x00, 0x00, 0xFF, 0x00, 0x00, 0x1F, 0xC0, 0x00, 0x04, 0x70, 0x00, 0x00, 0x3C, 0x00,
    0x00, 0x1E, 0x00, 0xF0, 0x07, 0x00, 0x3C, 0x01, 0xC0, 0x1F, 0x00, 0x00, 0x07, 0xC0, 0x00, 0x03,
    0xEF, 0x00, 0x07, 0xFB, 0xC0, 0x01, 0xFC, 0xF0, 0x00, 0x7E, 0x3C, 0x00, 0x1E, 0x0F, 0x00, 0x07,
    0x83, 0xC0, 0x01, 0xE0, 0xF0, 0x00, 0x78, 0x3C, 0x00, 0x1E, 0x0F, 0x00, 0x07, 0x83, 0xC0, 0x01,
    0xE0, 0xF0, 0x00, 0x78, 0x3C, 0x00, 0x1E, 0x0F, 0x00, 0x07, 0x83, 0xC0, 0x01, 0xE0, 0xF0, 0x00,
    0x78, 0x3C, 0x00, 0x1E, 0x0F, 0x00, 0x07, 0x83, 0xE0, 0x03, 0xE0, 0xF8, 0x00, 0xF8, 0x3E, 0x00,
    0x3E, 0x07, 0xC0, 0x1F, 0x01, 0xFC, 0x1F, 0xC0, 0x3F, 0xFF, 0xE0, 0x07, 0xFF, 0xF0, 0x00, 0xFF,
    0xF8, 0x00, 0x0F, 0xF8, 0x00, 0x07, 0xE0, 0x00, 0x7F, 0x00, 0x07, 0xF0, 0x00, 0x67, 0x00, 0x00,
    0xF0, 0x00, 0x1E, 0x07, 0x01, 0xC0, 0x70, 0x18, 0x0F, 0x00, 0x00, 0xF0, 0x00, 0x3F, 0xF0, 0x07,
    0xEF, 0x00, 0x7C, 0xF0, 0x07, 0x8F, 0x00, 0x78, 0xF0, 0x07, 0x8F, 0x00, 0x78, 0xF0, 0x07, 0x8F,
    0x00, 0x78, 0xF0, 0x07, 0x8F, 0x00, 0x78, 0xF0, 0x07, 0x8F, 0x00, 0x78, 0xF0, 0x07, 0x8F, 0x80,
    0xF8, 0xF8, 0x0F, 0x8F, 0xC1, 0xF8, 0x7F, 0xFF, 0x87, 0xFF, 0xF8, 0x3F, 0xF7, 0x81, 0xFC, 0x78,
    0x07, 0xF3, 0xC0, 0x03, 0xFF, 0xE0, 0x00, 0xFF, 0xF8, 0x3C, 0x39, 0xFC, 0x0F, 0x00, 0x00, 0x07,
    0xC0, 0x00, 0x01, 0xF0, 0x00, 0x00, 0xFB, 0xC0, 0x01, 0xFE, 0xF0, 0x00, 0x7F, 0x3C, 0x00, 0x1F,
    0x8F, 0x00, 0x07, 0x83, 0xC0, 0x01, 0xE0, 0xF0, 0x00, 0x78, 0x3C, 0x00, 0x1E, 0x0F, 0x00, 0x07,
    0x83, 0xC0, 0x01, 0xE0, 0xF0, 0x00, 0x78, 0x3C, 0x00, 0x1E, 0x0F, 0x00, 0x07, 0x83, 0xC0, 0x01,
    0xE0, 0xF0, 0x00, 0x78, 0x3C, 0x00, 0x1E, 0x0F, 0x00, 0x07, 0x83, 0xC0, 0x01, 0xE0, 0xF8, 0x00,
    0x78, 0x3E, 0x00, 0x3E, 0x0F, 0xC0, 0x0F, 0x81, 0xF0, 0x07, 0xC0, 0x7F, 0x07, 0xF0, 0x0F, 0xFF,
    0xF8, 0x01, 0xFF, 0xFC, 0x00, 0x3F, 0xFE, 0x00, 0x03, 0xFE, 0x00, 0x00, 0x0F, 0x9E, 0x01, 0xFD,
    0xE0, 0x1F, 0xFC, 0x03, 0xDF, 0xC0, 0x3C, 0xF8, 0x70, 0x00, 0x0F, 0x00, 0x00, 0xF0, 0x00, 0x3F,
    0xF0, 0x07, 0xEF, 0x00, 0x7C, 0xF0, 0x07, 0x8F, 0x00, 0x78, 0xF0, 0x07, 0x8F, 0x00, 0x78, 0xF0,
    0x07, 0x8F, 0x00, 0x78, 0xF0, 0x07, 0x8F, 0x00, 0x78, 0xF0, 0x07, 0x8F, 0x00, 0x78, 0xF0, 0x07,
    0x8F, 0x80, 0xF8, 0xF8, 0x0F, 0x8F, 0xC1, 0xF8, 0x7F, 0xFF, 0x87, 0xFF, 0xF8, 0x3F, 0xF7, 0x81,
    0xFC, 0x78, 0x00, 0x00, 0x03, 0xC0, 0x00, 0x01, 0xF0, 0x00, 0x00, 0x7C, 0x00, 0x00, 0x3F, 0xF0,
    0x00, 0x7F, 0xBC, 0x00, 0x1F, 0xCF, 0x00, 0x07, 0xE3, 0xC0, 0x01, 0xE0, 0xF0, 0x00, 0x78, 0x3C,
    0x00, 0x1E, 0x0F, 0x00, 0x07, 0x83, 0xC0, 0x01, 0xE0, 0xF0, 0x00, 0x78, 0x3C, 0x00, 0x1E, 0x0F,
    0x00, 0x07, 0x83, 0xC0, 0x01, 0xE0, 0xF0, 0x00, 0x78, 0x3C, 0x00, 0x1E, 0x0F, 0x00, 0x07, 0x83,
    0xC0, 0x01, 0xE0, 0xF0, 0x00, 0x78, 0x3E, 0x00, 0x3E, 0x0F, 0x80, 0x0F, 0x83, 0xE0, 0x03, 0xE0,
    0x7C, 0x01, 0xF0, 0x1F, 0xC1, 0xFC, 0x03, 0xFF, 0xFE, 0x00, 0x7F, 0xFF, 0x00, 0x0F, 0xFF, 0x80,
    0x00, 0xFF, 0x80, 0x00, 0x00, 0x00, 0x00, 0x00, 0x00, 0x00, 0x00, 0x00, 0x00, 0x00, 0x3E, 0x00,
    0x00, 0x0F, 0x80, 0x00, 0x03, 0xE0, 0x00, 0x00, 0xF8, 0x00, 0x00, 0x3E, 0x00, 0x00, 0x00, 0x00,
    0x70, 0x00, 0x07, 0x00, 0x00, 0xF0, 0x00, 0x3F, 0xF0, 0x07, 0xEF, 0x00, 0x7C, 0xF0, 0x07, 0x8F,
    0x00, 0x78, 0xF0, 0x07, 0x8F, 0x00, 0x78, 0xF0, 0x07, 0x8F, 0x00, 0x78, 0xF0, 0x07, 0x8F, 0x00,
    0x78, 0xF0, 0x07, 0x8F, 0x00, 0x78, 0xF0, 0x07, 0x8F, 0x80, 0xF8, 0xF8, 0x0F, 0x8F, 0xC1, 0xF8,
    0x7F, 0xFF, 0x87, 0xFF, 0xF8, 0x3F, 0xF7, 0x81, 0xFC, 0x78, 0x00, 0x00, 0x00, 0x00, 0x00, 0x00,
    0x00, 0x00, 0x3E, 0x00, 0x03, 0xE0, 0x00, 0x3E, 0x00, 0x03, 0xE0, 0x00, 0x3E, 0x00, 0x00, 0x00,
    0x00, 0x00, 0x38, 0x00, 0x00, 0x3E, 0x00, 0x00, 0x1F, 0xC0, 0x00, 0x0F, 0xF0, 0x00, 0x00, 0xFC,
    0x00, 0x00, 0x1C, 0x00, 0x00, 0x00, 0x00, 0x00, 0x00, 0x00, 0x3E, 0x00, 0x0F, 0xDF, 0x80, 0x0F,
    0xC7, 0xE0, 0x07, 0xC1, 0xF0, 0x07, 0xE0, 0xFC, 0x03, 0xE0, 0x3F, 0x03, 0xE0, 0x0F, 0x83, 0xF0,
    0x03, 0xE1, 0xF0, 0x01, 0xF9, 0xF0, 0x00, 0x7F, 0xF8, 0x00, 0x1F, 0xF8, 0x00, 0x0F, 0xF8, 0x00,
    0x03, 0xFC, 0x00, 0x00, 0xFC, 0x00, 0x00, 0x3C, 0x00, 0x00, 0x1E, 0x00, 0x00, 0x0F, 0x00, 0x00,
    0x07, 0x80, 0x00, 0x03, 0xC0, 0x00, 0x01, 0xE0, 0x00, 0x00, 0xF0, 0x00, 0x00, 0x78, 0x00, 0x00,
    0x3C, 0x00, 0x00, 0x1E, 0x00, 0x00, 0x0F, 0x00, 0x00, 0x07, 0x80, 0x00, 0x00, 0x80, 0x00, 0x07,
    0x80, 0x00, 0x1F, 0x00, 0x00, 0xFE, 0x00, 0x01, 0xFC, 0x00, 0x01, 0xF0, 0x00, 0x01, 0xC0, 0x00,
    0x00, 0x00, 0x00, 0x00, 0x00, 0x00, 0x00, 0x0F, 0x80, 0x0F, 0xFF, 0x00, 0x3E, 0x7C, 0x00, 0xF9,
    0xF8, 0x07, 0xE3, 0xE0, 0x1F, 0x0F, 0x80, 0x7C, 0x1F, 0x03, 0xE0, 0x7C, 0x0F, 0x80, 0xF8, 0x3C,
    0x03, 0xE1, 0xF0, 0x07, 0xC7, 0xC0, 0x1F, 0x3E, 0x00, 0x7C, 0xF8, 0x00, 0xFB, 0xC0, 0x03, 0xFF,
    0x00, 0x07, 0xFC, 0x00, 0x1F, 0xE0, 0x00, 0x3F, 0x80, 0x00, 0xFC, 0x00, 0x01, 0xF0, 0x00, 0x07,
    0xC0, 0x00, 0x3E, 0x00, 0x00, 0xF8, 0x00, 0x03, 0xC0, 0x00, 0x1F, 0x00, 0x00, 0x7C, 0x00, 0x03,
    0xE0, 0x00, 0x0F, 0x80, 0x00, 0x7C, 0x00, 0x1F, 0xBF, 0x00, 0x1F, 0x8F, 0xC0, 0x0F, 0x83, 0xE0,
    0x0F, 0xC1, 0xF8, 0x07, 0xC0, 0x7E, 0x07, 0xC0, 0x1F, 0x07, 0xE0, 0x07, 0xC3, 0xE0, 0x03, 0xF3,
    0xE0, 0x00, 0xFF, 0xF0, 0x00, 0x3F, 0xF0, 0x00, 0x1F, 0xF0, 0x00, 0x07, 0xF8, 0x00, 0x01, 0xF8,
    0x00, 0x00, 0x78, 0x00, 0x00, 0x3C, 0x00, 0x00, 0x1E, 0x00, 0x00, 0x0F, 0x00, 0x00, 0x07, 0x80,
    0x00, 0x03, 0xC0, 0x00, 0x01, 0xE0, 0x00, 0x00, 0xF0, 0x00, 0x00, 0x78, 0x00, 0x00, 0x3C, 0x00,
    0x00, 0x1E, 0x00, 0x00, 0x0F, 0x00, 0x00, 0x00, 0x00, 0x00, 0x00, 0x00, 0x00, 0x00, 0x00, 0x00,
    0x01, 0xF0, 0x00, 0x00, 0xF8, 0x00, 0x00, 0x7C, 0x00, 0x00, 0x3E, 0x00, 0x00, 0x1F, 0x00, 0x00,
    0xF8, 0x00, 0xFF, 0xF0, 0x03, 0xE7, 0xC0, 0x0F, 0x9F, 0x80, 0x7C, 0x3E, 0x01, 0xF0, 0xF8, 0x07,
    0xC1, 0xF0, 0x3E, 0x07, 0xC0, 0xF8, 0x1F, 0x83, 0xC0, 0x3E, 0x1F, 0x00, 0xF8, 0x7C, 0x01, 0xF1,
    0xE0, 0x07, 0xCF, 0x80, 0x0F, 0xBC, 0x00, 0x3F, 0xF0, 0x00, 0x7F, 0xC0, 0x01, 0xFE, 0x00, 0x07,
    0xF8, 0x00, 0x0F, 0xC0, 0x00, 0x3F, 0x00, 0x00, 0x7C, 0x00, 0x01, 0xE0, 0x00, 0x0F, 0x80, 0x00,
    0x3E, 0x7C, 0x00, 0xF1, 0xF0, 0x07, 0xC7, 0xC0, 0x1E, 0x1F, 0x00, 0xF8, 0x7C, 0x03, 0xE0, 0x00,
    0x00, 0x7E, 0x00, 0x00, 0x3F, 0x80, 0x00, 0x1F, 0xE0, 0x00, 0x0C, 0xF0, 0x00, 0x00, 0xF8, 0x00,
    0x00, 0xF8, 0x00, 0x00, 0x70, 0x00, 0x00, 0x38, 0x00, 0x00, 0x00, 0x00, 0x00, 0x00, 0x00, 0x1F,
    0x00, 0x07, 0xEF, 0xC0, 0x03, 0xE3, 0xF0, 0x03, 0xF0, 0xF8, 0x03, 0xF0, 0x7E, 0x01, 0xF0, 0x1F,
    0x81, 0xF8, 0x07, 0xC1, 0xF8, 0x01, 0xF0, 0xF8, 0x00, 0xFC, 0xF8, 0x00, 0x3F, 0xFC, 0x00, 0x0F,
    0xFC, 0x00, 0x07, 0xFC, 0x00, 0x01, 0xFE, 0x00, 0x00, 0x7E, 0x00, 0x00, 0x1E, 0x00, 0x00, 0x0F,
    0x00, 0x00, 0x07, 0x80, 0x00, 0x03, 0xC0, 0x00, 0x01, 0xE0, 0x00, 0x00, 0xF0, 0x00, 0x00, 0x78,
    0x00, 0x00, 0x3C, 0x00, 0x00, 0x1E, 0x00, 0x00, 0x0F, 0x00, 0x00, 0x07, 0x80, 0x00, 0x03, 0xC0,
    0x00, 0x00, 0xFC, 0x00, 0x03, 0xFC, 0x00, 0x03, 0xF8, 0x00, 0x04, 0x70, 0x00, 0x01, 0xE0, 0x00,
    0x07, 0x80, 0x00, 0x0E, 0x00, 0x00, 0x18, 0x00, 0x00, 0x00, 0x00, 0x00, 0x00, 0x01, 0xF0, 0x01,
    0xF3, 0xE0, 0x03, 0xE7, 0xE0, 0x0F, 0x87, 0xC0, 0x1F, 0x0F, 0xC0, 0x7E, 0x0F, 0x80, 0xF8, 0x1F,
    0x01, 0xF0, 0x1F, 0x07, 0xC0, 0x3E, 0x0F, 0x80, 0x3E, 0x1F, 0x00, 0x7C, 0x7C, 0x00, 0xFC, 0xF8,
    0x00, 0xF9, 0xE0, 0x01, 0xF7, 0xC0, 0x01, 0xFF, 0x00, 0x03, 0xFE, 0x00, 0x03, 0xFC, 0x00, 0x07,
    0xF0, 0x00, 0x07, 0xE0, 0x00, 0x0F, 0x80, 0x00, 0x1F, 0x00, 0x00, 0x3E, 0x00, 0x00, 0x78, 0x00,
    0x01, 0xF0, 0x00, 0x03, 0xC0, 0x00, 0x0F, 0x80, 0x00, 0x1F, 0x00, 0x00, 0x7C, 0x00, 0x00, 0x00,
    0xFC, 0xE0, 0x01, 0xFF, 0xF0, 0x00, 0xFF, 0xF8, 0x00, 0x7B, 0xF8, 0x00, 0x00, 0x00, 0x00, 0x00,
    0x00, 0x00, 0x00, 0x00, 0x01, 0xF8, 0x00, 0x3F, 0x7E, 0x00, 0x3F, 0x1F, 0x80, 0x1F, 0x07, 0xC0,
    0x1F, 0x83, 0xF0, 0x0F, 0x80, 0xFC, 0x0F, 0x80, 0x3E, 0x0F, 0xC0, 0x0F, 0x87, 0xC0, 0x07, 0xE7,
    0xC0, 0x01, 0xFF, 0xE0, 0x00, 0x7F, 0xE0, 0x00, 0x3F, 0xE0, 0x00, 0x0F, 0xF0, 0x00, 0x03, 0xF0,
    0x00, 0x00, 0xF0, 0x00, 0x00, 0x78, 0x00, 0x00, 0x3C, 0x00, 0x00, 0x1E, 0x00, 0x00, 0x0F, 0x00,
    0x00, 0x07, 0x80, 0x00, 0x03, 0xC0, 0x00, 0x01, 0xE0, 0x00, 0x00, 0xF0, 0x00, 0x00, 0x78, 0x00,
    0x00, 0x3C, 0x00, 0x00, 0x1E, 0x00, 0x00, 0x03, 0xE3, 0x80, 0x0F, 0xFE, 0x00, 0x7F, 0xF8, 0x01,
    0xDF, 0xC0, 0x07, 0x1E, 0x00, 0x00, 0x00, 0x00, 0x00, 0x00, 0x00, 0x00, 0x00, 0xF8, 0x00, 0x7D,
    0xF0, 0x03, 0xE7, 0xC0, 0x0F, 0x9F, 0x80, 0x7E, 0x3E, 0x01, 0xF0, 0xFC, 0x07, 0xC1, 0xF0, 0x3E,
    0x07, 0xC0, 0xF8, 0x0F, 0x83, 0xE0, 0x3E, 0x1F, 0x00, 0x7C, 0x7C, 0x01, 0xF3, 0xE0, 0x07, 0xEF,
    0x80, 0x0F, 0xBC, 0x00, 0x3F, 0xF0, 0x00, 0x7F, 0xC0, 0x01, 0xFE, 0x00, 0x03, 0xF8, 0x00, 0x0F,
    0xC0, 0x00, 0x1F, 0x00, 0x00, 0x7C, 0x00, 0x03, 0xE0, 0x00, 0x0F, 0x80, 0x00, 0x3C, 0x00, 0x01,
    0xF0, 0x00, 0x07, 0xC0, 0x00, 0x3E, 0x00, 0x00, 0xF8, 0x00, 0xFF, 0xFF, 0xFF, 0xFF, 0xFF, 0xFF,
    0xFF, 0x41, 0x71, 0x9D, 0x87, 0x81, 0xC1, 0xF1, 0xFD, 0xF6, 0x18, 0x0C, 0x06, 0x03, 0x01, 0x80,
    0xC0, 0x60, 0x30, 0x18, 0x0C, 0x06, 0x03, 0x01, 0x80, 0xC0, 0x60, 0x30, 0x18, 0x0C, 0x06, 0x03,
    0x00, 0x00, 0x03, 0x80, 0x70, 0x0E, 0xFF, 0xBF, 0xEC, 0x73, 0x38, 0xC4, 0x30, 0x0C, 0x03, 0x00,
    0xC0, 0x30, 0x0C, 0x03, 0x00, 0xC0, 0x30, 0x0C, 0x03, 0x00, 0xC0, 0x30, 0x0C, 0x03, 0x00, 0xC0,
    0x30, 0x0C, 0x03, 0x00, 0x40, 0x00, 0x00, 0x0E, 0x0E, 0x0E, 0x0F, 0xFB, 0xFC, 0xE6, 0x3B, 0x09,
    0x80, 0xC0, 0x60, 0x30, 0x18, 0x0C, 0x06, 0x03, 0x01, 0x80, 0xC0, 0x60, 0x30, 0x18, 0x0C, 0x06,
    0x03, 0x01, 0x80, 0xC0, 0x60, 0x30, 0x08, 0xFF, 0xFF, 0xFF, 0xFF, 0xFF, 0xF0, 0xFF, 0xFF, 0xFF,
    0xE0, 0xFF, 0xFF, 0xFF, 0xFF, 0xFF, 0xFF, 0xFF, 0xF0, 0xFF, 0xFF, 0xFF, 0xFF, 0xFF, 0xFF, 0xFF,
    0xF0, 0xFF, 0xFF, 0xFF, 0xFF, 0xFF, 0xFF, 0xFF, 0xFF, 0xFF, 0xFF, 0xFF, 0xFF, 0xFF, 0xFF, 0xF0,
    0xFF, 0xFF, 0xFF, 0xFF, 0xFF, 0xFF, 0xFF, 0xFF, 0xFF, 0xFF, 0xFF, 0xFF, 0xFF, 0xFF, 0xF0, 0xE0,
    0xFC, 0x1F, 0x83, 0xF0, 0x7E, 0x0F, 0xC1, 0xF8, 0x3F, 0x07, 0xE0, 0xFC, 0x1F, 0x83, 0xF0, 0x7E,
    0x0F, 0xC1, 0xF8, 0x3F, 0x07, 0xE0, 0xFC, 0x1F, 0x83, 0xF0, 0x7E, 0x0F, 0xC1, 0xF8, 0x3F, 0x07,
    0xE0, 0xFC, 0x1F, 0x83, 0xF0, 0x7E, 0x0F, 0xC1, 0xF8, 0x3F, 0x07, 0xE0, 0xFC, 0x1F, 0x83, 0xF0,
    0x7E, 0x0F, 0xC1, 0xC0, 0xFF, 0xFF, 0xFF, 0xFF, 0xFF, 0xFF, 0x00, 0x00, 0x00, 0x00, 0xFF, 0xFF,
    0xFF, 0xFF, 0xFF, 0xFF, 0x04, 0x3C, 0xFB, 0xEF, 0x9E, 0x3E, 0x7E, 0xFD, 0xF9, 0xF0, 0x3E, 0x7E,
    0x7F, 0x3F, 0x1F, 0x0F, 0x1F, 0x3E, 0x7C, 0x78, 0x20, 0x78, 0xF9, 0xFB, 0xF3, 0xE3, 0xCF, 0x1E,
    0x79, 0xF1, 0x80, 0x00, 0xF9, 0xF1, 0xE3, 0xC7, 0x87, 0x8F, 0x0E, 0x1C, 0x00, 0x00, 0x38, 0x78,
    0xF9, 0xFB, 0xE7, 0xCF, 0x9F, 0x1E, 0x3C, 0x3E, 0x7C, 0x7E, 0xFE, 0xFD, 0xFD, 0xF9, 0xF9, 0xF1,
    0xF0, 0x3E, 0x7C, 0xFC, 0xFD, 0xFD, 0xF9, 0xFB, 0xF1, 0xF3, 0xE1, 0xE3, 0xC7, 0xCF, 0x9F, 0x3E,
    0x7C, 0xF8, 0xF0, 0xE0, 0x80, 0x00, 0x78, 0x3C, 0xF8, 0xFD, 0xF9, 0xFB, 0xF1, 0xF3, 0xE3, 0xE3,
    0xC3, 0xCF, 0x07, 0x9E, 0x1F, 0x78, 0x7D, 0xF0, 0xF1, 0x81, 0xC0, 0x00, 0x00, 0xF9, 0xF3, 0xE7,
    0xC7, 0x8F, 0x1E, 0x3C, 0x78, 0xF0, 0xF1, 0xE3, 0xC7, 0x87, 0x0E, 0x1C, 0x38, 0x07, 0x80, 0x1E,
    0x00, 0x78, 0x01, 0xE0, 0x07, 0x83, 0xFF, 0xFF, 0xFF, 0xFF, 0xFF, 0xFF, 0xFC, 0x1E, 0x00, 0x78,
    0x01, 0xE0, 0x07, 0x80, 0x1E, 0x00, 0x78, 0x01, 0xE0, 0x07, 0x80, 0x1E, 0x00, 0x78, 0x01, 0xE0,
    0x0F, 0x00, 0xF0, 0x0F, 0x00, 0xF0, 0x0F, 0x0F, 0xFF, 0xFF, 0xFF, 0xFF, 0xFF, 0xF0, 0xF0, 0xFF,
    0xFF, 0xFF, 0xFF, 0xFF, 0xFF, 0x0F, 0x00, 0xF0, 0x0F, 0x00, 0xF0, 0x0F, 0x00, 0xF0, 0x0F, 0x00,
    0x3F, 0x1F, 0xEF, 0xFF, 0xFF, 0xFF, 0xFF, 0xFF, 0xFF, 0xFF, 0x7F, 0x8F, 0xC0, 0xC0, 0x38, 0x0F,
    0x83, 0xF8, 0xFF, 0x3F, 0xFF, 0xFB, 0xF8, 0xFC, 0x3C, 0x0C, 0x00, 0x00, 0xFF, 0xFF, 0xFF, 0x80,
    0xF8, 0x3F, 0xF0, 0x7F, 0xE0, 0xFF, 0xC1, 0xFF, 0x83, 0xE0, 0x78, 0xF1, 0xFF, 0x3E, 0x7F, 0xE7,
    0xCF, 0xFC, 0xF9, 0xFF, 0x9F, 0x3F, 0xE3, 0xC7, 0x80, 0xFF, 0xFF, 0xFF, 0x80, 0xFF, 0xFF, 0xF0,
    0x18, 0x0C, 0x06, 0x03, 0x01, 0x80, 0xC0, 0x60, 0x30, 0x18, 0x0C, 0x06, 0x03, 0x01, 0x80, 0xC0,
    0x60, 0x30, 0x18, 0x0C, 0x06, 0x03, 0x01, 0x80, 0xC0, 0x60, 0x30, 0x18, 0x0C, 0x00, 0xFF, 0xFF,
    0xC0, 0x60, 0x30, 0x18, 0x0C, 0x06, 0x03, 0x01, 0x80, 0xC0, 0x60, 0x30, 0x18, 0x0C, 0x06, 0x03,
    0x01, 0x80, 0xC0, 0x60, 0x30, 0x18, 0x0C, 0x06, 0x03, 0x01, 0x80, 0xC0, 0x60, 0x30, 0x18, 0xFF,
    0xFF, 0xFF, 0xFF, 0xFF, 0xFF, 0xFF, 0xFF, 0xFF, 0x18, 0x0C, 0x06, 0x03, 0x01, 0x80, 0xC0, 0x60,
    0x30, 0x18, 0x0C, 0x06, 0x03, 0x01, 0x80, 0xC0, 0x60, 0x30, 0x18, 0x0C, 0x06, 0x03, 0x01, 0x80,
    0xC0, 0x60, 0x30, 0xFF, 0xFF, 0xFC, 0x03, 0x00, 0xC0, 0x30, 0x0C, 0x03, 0xFF, 0x7F, 0x83, 0x00,
    0xC0, 0x30, 0x0C, 0x03, 0x00, 0xC0, 0x30, 0x0C, 0x03, 0x00, 0xC0, 0x30, 0x0C, 0x03, 0x00, 0xC0,
    0x30, 0x0C, 0x03, 0x00, 0xC0, 0x30, 0x0C, 0x03, 0x00, 0xC0, 0x30, 0xFF, 0xFF, 0xC0, 0x60, 0x30,
    0x18, 0x0C, 0x07, 0xFF, 0x7F, 0x86, 0x03, 0x01, 0x80, 0xC0, 0x60, 0x30, 0x18, 0x0C, 0x06, 0x03,
    0x01, 0x80, 0xC0, 0x60, 0x30, 0x18, 0x0C, 0x06, 0x03, 0x01, 0x80, 0xC0, 0x60, 0x30, 0x18, 0x1F,
    0x00, 0x07, 0x80, 0x00, 0x3F, 0xE0, 0x07, 0x80, 0x00, 0x1F, 0xF0, 0x07, 0xC0, 0x00, 0x1F, 0x7C,
    0x07, 0xC0, 0x00, 0x0F, 0x1E, 0x03, 0xC0, 0x00, 0x07, 0x8F, 0x03, 0xE0, 0x00, 0x03, 0x83, 0x83,
    0xE0, 0x00, 0x01, 0xC1, 0xC1, 0xE0, 0x00, 0x00, 0xF1, 0xE1, 0xF0, 0x00, 0x00, 0x78, 0xF1, 0xF0,
    0x00, 0x00, 0x3E, 0xF8, 0xF0, 0x00, 0x00, 0x0F, 0xF8, 0xF0, 0x00, 0x00, 0x03, 0xF8, 0xF8, 0xF8,
    0x07, 0xC0, 0xF8, 0x79, 0xFF, 0x0F, 0xF8, 0x00, 0x78, 0xFF, 0x87, 0xFC, 0x00, 0x7C, 0xFB, 0xE7,
    0xDF, 0x00, 0x3C, 0x78, 0xF3, 0xC7, 0x80, 0x3C, 0x3C, 0x79, 0xE3, 0xC0, 0x3E, 0x1C, 0x1C, 0xE0,
    0xE0, 0x1E, 0x0E, 0x0E, 0x70, 0x70, 0x1E, 0x07, 0x8F, 0x3C, 0x78, 0x1F, 0x03, 0xC7, 0x9E, 0x3C,
    0x1F, 0x01, 0xF7, 0xCF, 0xBE, 0x0F, 0x00, 0x7F, 0xC3, 0xFE, 0x0F, 0x80, 0x1F, 0xC0, 0xFE, 0x0F,
    0x80, 0x07, 0xC0, 0x3E, 0x00, 0x3F, 0x00, 0x0E, 0x00, 0x00, 0x00, 0x00, 0x7F, 0xC0, 0x1C, 0x00,
    0x00, 0x00, 0x00, 0x7F, 0xC0, 0x1C, 0x00, 0x00, 0x00, 0x00, 0xFB, 0xE0, 0x38, 0x00, 0x00, 0x00,
    0x00, 0xF1, 0xE0, 0x78, 0x00, 0x00, 0x00, 0x00, 0xF1, 0xE0, 0x70, 0x00, 0x00, 0x00, 0x00, 0xF1,
    0xE0, 0xF0, 0x00, 0x00, 0x00, 0x00, 0xF1, 0xE0, 0xE0, 0x00, 0x00, 0x00, 0x00, 0xF1, 0xE1, 0xC0,
    0x00, 0x00, 0x00, 0x00, 0xF1, 0xE1, 0xC0, 0x00, 0x00, 0x00, 0x00, 0xF1, 0xE3, 0x9F, 0xC0, 0xFE,
    0x03, 0xF0, 0xF1, 0xE7, 0xBF, 0xE1, 0xFF, 0x07, 0xFC, 0xFB, 0xE7, 0x7F, 0xE3, 0xFF, 0x0F, 0xFC,
    0x7F, 0xCE, 0x78, 0xF3, 0xC7, 0x9F, 0x1E, 0x7F, 0xCE, 0x78, 0xF3, 0xC7, 0x9E, 0x1E, 0x3F, 0x9C,
    0xF8, 0xFF, 0xC7, 0xDE, 0x1E, 0x00, 0x1C, 0xF0, 0x7F, 0x83, 0xDE, 0x0F, 0x00, 0x38, 0xF0, 0x7F,
    0x83, 0xDE, 0x0F, 0x00, 0x38, 0xF0, 0x7F, 0x83, 0xDE, 0x0F, 0x00, 0x70, 0xF0, 0x7F, 0x83, 0xDE,
    0x0F, 0x00, 0xE0, 0xF0, 0x7F, 0x83, 0xDE, 0x1F, 0x00, 0xE0, 0x78, 0xFB, 0xC7, 0xDE, 0x1F, 0x01,
    0xC0, 0x78, 0xF3, 0xC7, 0x9E, 0x1E, 0x01, 0xC0, 0x7D, 0xF3, 0xEF, 0x8F, 0x3E, 0x03, 0x80, 0x3F,
    0xE1, 0xFF, 0x0F, 0xFC, 0x03, 0x80, 0x3F, 0xE1, 0xFF, 0x07, 0xFC, 0x07, 0x00, 0x1F, 0xC0, 0xFE,
    0x03, 0xF8, 0x07, 0x87, 0x83, 0xC3, 0xC1, 0xC1, 0xE0, 0xE0, 0xF0, 0x70, 0x70, 0x00, 0x7C, 0x7D,
    0xF1, 0xE7, 0x8F, 0x9E, 0x3E, 0xF8, 0xF3, 0xC3, 0xCF, 0x0F, 0x3C, 0x3C, 0xE0, 0xE3, 0x83, 0x80,
    0x07, 0x9E, 0x3C, 0x3C, 0x79, 0xE0, 0xF3, 0xC7, 0x87, 0x8F, 0x3C, 0x1C, 0x78, 0xF0, 0xF1, 0xC7,
    0x83, 0x8F, 0x1C, 0x1E, 0x38, 0xF0, 0x71, 0xE3, 0x83, 0x87, 0x0E, 0x00, 0xF0, 0x3C, 0x1E, 0x07,
    0x03, 0xC0, 0xE0, 0x38, 0x1C, 0x07, 0x03, 0x80, 0xF3, 0xC0, 0xF3, 0xC1, 0xE7, 0x81, 0xC7, 0x83,
    0xCF, 0x03, 0x8F, 0x03, 0x8E, 0x07, 0x1E, 0x07, 0x1C, 0x0E, 0x38, 0xF3, 0xCF, 0x03, 0xCF, 0x3C,
    0x1E, 0x79, 0xE0, 0x71, 0xE7, 0x83, 0xCF, 0x1C, 0x0E, 0x3C, 0xF0, 0x38, 0xE3, 0x81, 0xC7, 0x9E,
    0x07, 0x1C, 0x70, 0x38, 0xE1, 0xC0, 0x03, 0x80, 0x07, 0x00, 0x1F, 0x00, 0x3E, 0x00, 0xFE, 0x01,
    0xDC, 0x07, 0x1C, 0x0E, 0x38, 0x1C, 0x70, 0x70, 0x70, 0xE0, 0xE3, 0x80, 0xE7, 0x01, 0xC0, 0x02,
    0x03, 0x83, 0xE1, 0xE1, 0xE1, 0xF1, 0xF0, 0xF0, 0xF8, 0x3E, 0x0F, 0x07, 0xC1, 0xF0, 0x7C, 0x1E,
    0x0E, 0x00, 0x00, 0x20, 0x38, 0x3E, 0x0F, 0x83, 0xC1, 0xF0, 0x7C, 0x1F, 0x0F, 0x87, 0x87, 0xC7,
    0xC7, 0xC3, 0xC3, 0xE0, 0xE0, 0x00, 0x00, 0x20, 0x0F, 0x00, 0x47, 0x00, 0xF0, 0x0E, 0xF8, 0x0F,
    0x01, 0xF7, 0xC0, 0xF0, 0x3E, 0x3F, 0x0F, 0x07, 0xC0, 0xF8, 0x01, 0xF8, 0x07, 0xC0, 0x3E, 0x00,
    0x3E, 0x07, 0xC0, 0x01, 0xF0, 0xF8, 0x00, 0x0F, 0xDF, 0x00, 0xF0, 0x3F, 0xE0, 0xFF, 0x01, 0xF8,
    0x0F, 0xF0, 0x0F, 0x80, 0xFF, 0x01, 0xF8, 0x0F, 0xF0, 0x3F, 0xC0, 0xF0, 0x07, 0xDE, 0x00, 0x00,
    0xF8, 0xF0, 0x00, 0x1F, 0x07, 0x80, 0x03, 0xE0, 0x3C, 0x00, 0x7C, 0x01, 0xE0, 0x0F, 0x80, 0x0F,
    0x01, 0xF0, 0x00, 0xF8, 0x3E, 0x0F, 0x07, 0xC7, 0xC0, 0xF0, 0x3E, 0xF8, 0x0F, 0x01, 0xF7, 0x00,
    0xF0, 0x0E, 0x00, 0x0F, 0x00, 0x40, 0xF0, 0x7F, 0x83, 0xFC, 0x1F, 0xE0, 0xFF, 0x07, 0xF8, 0x3F,
    0xC1, 0xFE, 0x0F, 0xF0, 0x7F, 0x83, 0xFC, 0x1F, 0xE0, 0xFF, 0x07, 0xF8, 0x3F, 0xC1, 0xFE, 0x0F,
    0xF0, 0x7F, 0x83, 0xFC, 0x1F, 0xE0, 0xF0, 0x00, 0x00, 0x03, 0xE3, 0xFF, 0x1F, 0xF8, 0xFF, 0xC7,
    0xFE, 0x3E, 0x1F, 0xF1, 0xFF, 0xF3, 0xFF, 0xF7, 0xFB, 0xF0, 0xF1, 0xE1, 0xE3, 0xC3, 0xC7, 0x87,
    0x8F, 0x0F, 0x1E, 0x1E, 0x7C, 0x3C, 0xF0, 0x7B, 0xC0, 0xFF, 0x01, 0xFC, 0x03, 0xF0, 0x07, 0xC0,
    0x0F, 0x00, 0x1E, 0x00, 0x3C, 0x00, 0x00, 0x00, 0x00, 0x00, 0x00, 0x03, 0xC0, 0x07, 0x80, 0x0F,
    0x00, 0x1E, 0x00, 0x3C, 0x00, 0xFF, 0xFF, 0xFF, 0xFF, 0xFF, 0xFF, 0xFF, 0x80, 0x00, 0x00, 0x01,
    0x80, 0x00, 0x37, 0x00, 0x01, 0xDE, 0x00, 0x0E, 0x3C, 0x00, 0x78, 0x78, 0x03, 0xC0, 0xFC, 0x7E,
    0x01, 0xFF, 0xF0, 0x01, 0xFF, 0x00, 0x01, 0xFF, 0x00, 0x1F, 0xFF, 0x00, 0xFC, 0x7E, 0x07, 0x80,
    0x3C, 0x3C, 0x00, 0x79, 0xC0, 0x00, 0xE7, 0x00, 0x01, 0xD8, 0x00, 0x03, 0x00, 0x00, 0x00, 0x00,
    0x1C, 0x00, 0xE0, 0x03, 0x80, 0x1C, 0x00, 0x70, 0x03, 0xC0, 0x0E, 0x00, 0x38, 0x01, 0xC0, 0x07,
    0x00, 0x38, 0x00, 0xE0, 0x07, 0x80, 0x1C, 0x00, 0x78, 0x03, 0xE0, 0x0F, 0x80, 0x77, 0x01, 0xDC,
    0x07, 0x38, 0x38, 0xE0, 0xE1, 0x87, 0x07, 0x1C, 0x1C, 0xF0, 0x38, 0x00, 0x00, 0x1E, 0x00, 0x00,
    0x00, 0x00, 0x07, 0x80, 0x00, 0x00, 0x00, 0x01, 0xE0, 0x00, 0x00, 0x00, 0x00, 0x78, 0x00, 0x00,
    0x00, 0x00, 0x1E, 0x00, 0x00, 0x00, 0x03, 0x87, 0x87, 0x00, 0x00, 0x00, 0xFD, 0xCF, 0xC0, 0x00,
    0x00, 0x3F, 0xFF, 0xF0, 0x00, 0x00, 0x0F, 0xFF, 0xFC, 0x00, 0x00, 0x00, 0x7F, 0xF8, 0x00, 0x00,
    0x00, 0x03, 0xF0, 0x00, 0x00, 0x00, 0x01, 0xFE, 0x00, 0x00, 0x00, 0x00, 0xFF, 0x80, 0x00, 0x00,
    0x00, 0x3C, 0xF0, 0x00, 0x00, 0x00, 0x1F, 0x3E, 0x00, 0x00, 0x00, 0x07, 0x87, 0x80, 0x00, 0x00,
    0x01, 0xE1, 0xE0, 0x00, 0x00, 0x78, 0x10, 0x20, 0xF8, 0x00, 0x1E, 0x00, 0x00, 0x3E, 0x00, 0x07,
    0x80, 0x00, 0x0F, 0x00, 0x01, 0xE0, 0x00, 0x01, 0xC0, 0x00, 0x78, 0x00, 0x00, 0x70, 0x00, 0x0E,
    0x00, 0x00, 0x1C, 0x01, 0xE3, 0x8F, 0x03, 0xC7, 0x1E, 0xFF, 0xFF, 0xC0, 0xFF, 0xFF, 0xBF, 0xFF,
    0xF0, 0x3F, 0xFF, 0xFF, 0xFF, 0xFC, 0x0F, 0xFF, 0xF8, 0x07, 0xC0, 0x00, 0x0F, 0x80, 0x03, 0xF8,
    0x00, 0x07, 0xF0, 0x01, 0xFF, 0x00, 0x03, 0xDE, 0x00, 0xFB, 0xC0, 0x00, 0xF7, 0x80, 0x3C, 0xF8,
    0x00, 0x78, 0xF0, 0x1F, 0x1F, 0x00, 0x3E, 0x3E, 0x07, 0x87, 0x80, 0x0F, 0x87, 0x80, 0x60, 0xC0,
    0x00, 0xC1, 0x80, 0xFF, 0xFF, 0xFF, 0xE0, 0x00, 0x00, 0x7C, 0x00, 0x01, 0xE0, 0x00, 0x0F, 0x80,
    0x00, 0x7C, 0x00, 0x01, 0xE0, 0x00, 0x0F, 0x80, 0x00, 0x7C, 0x00, 0x01, 0xE0, 0x00, 0x0F, 0x80,
    0x00, 0x7C, 0x00, 0x01, 0xE0, 0x00, 0x0F, 0x80, 0x00, 0x7C, 0x00, 0x01, 0xE0, 0x00, 0x0F, 0x80,
    0x00, 0x7C, 0x00, 0x01, 0xE0, 0x00, 0x0F, 0x80, 0x00, 0x7C, 0x00, 0x01, 0xE0, 0x00, 0x0F, 0x80,
    0x00, 0x7C, 0x00, 0x01, 0xE0, 0x00, 0x0F, 0x80, 0x00, 0x7C, 0x00, 0x01, 0xE0, 0x00, 0x00, 0xFF,
    0xFF, 0xFF, 0xFE, 0x0F, 0x07, 0x83, 0xC1, 0xE0, 0xF0, 0x78, 0x3C, 0x1E, 0x0F, 0x07, 0x83, 0xC1,
    0xFF, 0xFF, 0xFF, 0xFC, 0x1E, 0x0F, 0x07, 0x83, 0xC1, 0xE0, 0xF0, 0x78, 0x3C, 0x1E, 0x0F, 0x07,
    0x83, 0xC1, 0xFF, 0xFF, 0xFF, 0xC0, 0xFF, 0xFF, 0xFF, 0xE0, 0xF0, 0x78, 0x3C, 0x1E, 0x0F, 0x07,
    0x83, 0xC1, 0xE0, 0xF0, 0x78, 0x3C, 0x1F, 0xFF, 0xFF, 0xFF, 0xC1, 0xE0, 0xF0, 0x78, 0x3C, 0x1E,
    0x0F, 0x07, 0x83, 0xC1, 0xE0, 0xF0, 0x78, 0x3C, 0x1F, 0xFF, 0xFF, 0xFF, 0xC0, 0x3F, 0xF0, 0x3F,
    0xF1, 0xFF, 0xF1, 0xFF, 0xF3, 0xFF, 0xF3, 0xFF, 0xF7, 0x83, 0xF7, 0x83, 0xF4, 0x01, 0xE4, 0x01,
    0xE0, 0x03, 0xC0, 0x03, 0xC0, 0x07, 0x80, 0x07, 0x80, 0x0F, 0x00, 0x0F, 0x00, 0x1E, 0x00, 0x1E,
    0x00, 0x7C, 0x00, 0x7C, 0x01, 0xF0, 0x01, 0xF0, 0x07, 0xC0, 0x0F, 0xC0, 0x1F, 0x00, 0x3F, 0x00,
    0x7C, 0x00, 0xFC, 0x01, 0xF0, 0x01, 0xE0, 0x03, 0xC0, 0x07, 0x80, 0x07, 0x80, 0x0F, 0x00, 0x0E,
    0x00, 0x1C, 0x00, 0x1C, 0x00, 0x38, 0x00, 0x00, 0x00, 0x00, 0x00, 0x00, 0x00, 0x00, 0x00, 0x00,
    0x00, 0x00, 0x03, 0xE0, 0x03, 0xE0, 0x07, 0xC0, 0x07, 0xC0, 0x0F, 0x80, 0x0F, 0x80, 0x1F, 0x00,
    0x1F, 0x00, 0x3E, 0x00, 0x3E, 0x00, 0x3F, 0xF0, 0x3F, 0xFF, 0xE0, 0xFF, 0xFF, 0xC3, 0xFE, 0x1F,
    0x8F, 0x40, 0x1E, 0x3C, 0x00, 0x78, 0xF0, 0x01, 0xE3, 0xC0, 0x07, 0x8F, 0x00, 0x1E, 0x3C, 0x00,
    0xF8, 0xF0, 0x07, 0xC3, 0xC0, 0x3F, 0x0F, 0x01, 0xF8, 0x3C, 0x0F, 0xC0, 0xF0, 0x3E, 0x03, 0xC1,
    0xF0, 0x0F, 0x07, 0x80, 0x3C, 0x1C, 0x00, 0xF0, 0x70, 0x03, 0xC1, 0xC0, 0x0F, 0x00, 0x00, 0x00,
    0x00, 0x00, 0x00, 0xF8, 0x07, 0xC3, 0xE0, 0x1F, 0x0F, 0x80, 0x7C, 0x3E, 0x01, 0xF0, 0xF8, 0x07,
    0xC0, 0xF0, 0x7F, 0xE3, 0xC7, 0xFF, 0xCF, 0x1F, 0xFF, 0xBC, 0x3C, 0x3F, 0xF0, 0x80, 0x3F, 0xC0,
    0x00, 0xFF, 0x00, 0x03, 0xFC, 0x00, 0x0F, 0xF0, 0x00, 0x3F, 0xC0, 0x01, 0xFF, 0x00, 0x0F, 0xBC,
    0x00, 0x7E, 0xF0, 0x03, 0xF3, 0xC0, 0x1F, 0x8F, 0x00, 0x7C, 0x3C, 0x03, 0xE0, 0xF0, 0x0F, 0x03,
    0xC0, 0x38, 0x0F, 0x00, 0xE0, 0x3C, 0x03, 0x80, 0x00, 0x00, 0x00, 0x00, 0x00, 0x0F, 0x81, 0xF0,
    0x3E, 0x07, 0xC0, 0xF8, 0x1F, 0x03, 0xE0, 0x7C, 0x0F, 0x81, 0xF0, 0x00, 0xFF, 0xFF, 0xFF, 0xFF,
    0xFF, 0xFF, 0xFC, 0x00, 0x0F, 0x00, 0x07, 0x80, 0x01, 0xE0, 0x00, 0xF0, 0x00, 0x78, 0x00, 0x1E,
    0x00, 0x0F, 0x00, 0x07, 0xC0, 0x01, 0xE0, 0x00, 0xF0, 0x00, 0x3C, 0x00, 0x1E, 0x00, 0x0F, 0x80,
    0x03, 0xC0, 0x01, 0xF0, 0x00, 0x78, 0x00, 0x3C, 0x00, 0x1F, 0x00, 0x00, 0xFF, 0xFE, 0x1F, 0xFF,
    0xE3, 0xFF, 0xFE, 0x71, 0xFF, 0xEE, 0x3F, 0xFD, 0xC7, 0xFF, 0xB8, 0xFF, 0xFF, 0x1F, 0xFF, 0xE3,
    0xFF, 0xFC, 0x7F, 0xFF, 0x8F, 0xFF, 0xF1, 0xFF, 0xFE, 0x3F, 0xFF, 0xC7, 0xFF, 0xB8, 0xFF, 0xF7,
    0x1F, 0xFE, 0xE3, 0xFF, 0x9C, 0x7F, 0xE3, 0x8F, 0xF8, 0x71, 0xC0, 0x0E, 0x38, 0x01, 0xC7, 0x00,
    0x38, 0xE0, 0x07, 0x1C, 0x00, 0xE3, 0x80, 0x1C, 0x70, 0x03, 0x8E, 0x00, 0x71, 0xC0, 0x0E, 0x38,
    0x01, 0xC7, 0x00, 0x38, 0xE0, 0x07, 0x1C, 0x00, 0xE3, 0x80, 0x1C, 0x70, 0x03, 0x0C, 0x00, 0x00,
    0x0F, 0xFF, 0xE7, 0xFF, 0xFD, 0xFF, 0xFF, 0xBF, 0xFC, 0x7F, 0xFF, 0x8F, 0xFF, 0xF1, 0xFF, 0xFE,
    0x3F, 0xFF, 0xC7, 0xFF, 0xF8, 0xFF, 0xFF, 0x1F, 0xFF, 0xE3, 0xFF, 0xFC, 0x7F, 0xFF, 0x8F, 0xFF,
    0xF1, 0xFF, 0xFE, 0x3F, 0xFF, 0xC7, 0x7F, 0xF8, 0xE7, 0xFF, 0xFC, 0xFF, 0xFF, 0x87, 0xFF, 0xF0,
    0xFF, 0xFE, 0x1F, 0xFF, 0xF3, 0xFF, 0xFE, 0x71, 0xFF, 0xEE, 0x3F, 0xFF, 0xC7, 0xFF, 0xF8, 0xFF,
    0xFF, 0x1F, 0xFF, 0xE3, 0xFF, 0xFC, 0x7F, 0xFF, 0x8F, 0xFF, 0xF1, 0xFF, 0xFE, 0x3F, 0xFF, 0xC7,
    0xFF, 0xF8, 0xFF, 0xFF, 0x1F, 0xFF, 0xE3, 0xFF, 0xDF, 0xFF, 0xF3, 0xFF, 0xFC, 0x7F, 0xFF, 0x00,
    0x01, 0xE0, 0x00, 0x3C, 0x00, 0x07, 0x80, 0x00, 0xF0, 0x00, 0x0E, 0x00, 0xC1, 0xC1, 0x9F, 0x3B,
    0xF7, 0xFF, 0xFE, 0xFF, 0xFF, 0xC1, 0xFF, 0xC0, 0x0F, 0xC0, 0x03, 0xFC, 0x00, 0x7B, 0xC0, 0x1E,
    0x7C, 0x07, 0xC7, 0x80, 0xF0, 0xF8, 0x0E, 0x0E, 0x00, 0x00, 0x00, 0xF9, 0xF3, 0xE7, 0xCF, 0x80,
    0x00, 0x00, 0x00, 0x00, 0x00, 0x00, 0x00, 0x00, 0x00, 0x01, 0xF3, 0xE3, 0xC7, 0xCF, 0x8F, 0x1E,
    0x1C, 0x3C, 0x01, 0xFF, 0x00, 0x1F, 0xFF, 0x00, 0xFC, 0x7E, 0x07, 0x80, 0x3C, 0x3C, 0x00, 0x79,
    0xC0, 0x00, 0xE7, 0x00, 0x01, 0xD8, 0x00, 0x03, 0x00, 0x00, 0x00, 0x00, 0x00, 0x00, 0x00, 0x00,
    0x00, 0x00, 0x00, 0x00, 0x00, 0x00, 0x00, 0x00, 0x00, 0x00, 0x00, 0x00, 0x00, 0x00, 0x00, 0x00,
    0x00, 0x00, 0x00, 0x00, 0x00, 0x00, 0x00, 0x00, 0x00, 0x00, 0x00, 0x00, 0x00, 0x00, 0x00, 0x00,
    0x00, 0x00, 0x00, 0x00, 0x00, 0x00, 0x00, 0x00, 0x00, 0x00, 0x00, 0x00, 0x00, 0x00, 0x00, 0x00,
    0x00, 0x00, 0x00, 0x00, 0x00, 0x00, 0x00, 0x00, 0x00, 0x00, 0x60, 0x00, 0x0D, 0xC0, 0x00, 0x77,
    0x80, 0x03, 0x8F, 0x00, 0x1E, 0x1E, 0x00, 0xF0, 0x3F, 0x1F, 0x80, 0x7F, 0xFC, 0x00, 0x7F, 0xC0,
    0x01, 0xE0, 0x00, 0x3C, 0x00, 0x07, 0x80, 0x00, 0xF0, 0x00, 0x0E, 0x00, 0xC1, 0xC3, 0x9F, 0xBB,
    0xF7, 0xFF, 0xFE, 0xFF, 0xFF, 0xC1, 0xFF, 0x80, 0x0F, 0xC0, 0x03, 0xFC, 0x00, 0x7B, 0xC0, 0x1E,
    0x7C, 0x07, 0xC7, 0x80, 0xF0, 0xF8, 0x0E, 0x0C, 0x00, 0x00, 0x00, 0x00, 0x00, 0x00, 0xF0, 0x00,
    0x1E, 0x00, 0x03, 0xC0, 0x00, 0x78, 0x00, 0x0F, 0x00, 0x00, 0xE0, 0x0F, 0x1C, 0x7B, 0xFF, 0xFF,
    0x7F, 0xFF, 0xEF, 0xFF, 0xFC, 0x03, 0xE0, 0x00, 0xFE, 0x00, 0x3F, 0xC0, 0x0F, 0xBC, 0x01, 0xE7,
    0xC0, 0x7C, 0x7C, 0x0F, 0x0F, 0x00, 0x60, 0xC0, 0x78, 0x1D, 0xE0, 0xF7, 0x83, 0x9E, 0x0E, 0x78,
    0x78, 0x01, 0xC0, 0x0F, 0x00, 0x3C, 0x00, 0xE0, 0x07, 0x80, 0x1C, 0x00, 0x70, 0x03, 0xC0, 0x0E,
    0x00, 0x78, 0x01, 0xC0, 0x07, 0x00, 0x3C, 0x00, 0xE0, 0x07, 0x80, 0x1E, 0x00, 0x70, 0x03, 0xC3,
    0xCE, 0x0F, 0x38, 0x3D, 0xE0, 0xF7, 0x03, 0xC0, 0x0F, 0xFC, 0x00, 0x03, 0x8F, 0xFF, 0xE0, 0x03,
    0xCF, 0xFF, 0xFF, 0x83, 0xCF, 0x83, 0xFF, 0xFF, 0xE7, 0x00, 0x1F, 0xFF, 0xE3, 0x80, 0x00, 0xFF,
    0xC0, 0x01, 0xFF, 0x00, 0x1F, 0xFF, 0x00, 0xFC, 0x7E, 0x07, 0x80, 0x3C, 0x3C, 0x00, 0x79, 0xC0,
    0x00, 0xE7, 0x00, 0x01, 0xD8, 0x00, 0x03, 0x00, 0x00, 0x00, 0x00, 0xE0, 0x00, 0x1C, 0x00, 0x63,
    0x84, 0x1E, 0x71, 0xC3, 0xEE, 0x78, 0x3F, 0xDE, 0x03, 0xFF, 0x80, 0x3F, 0xE0, 0x03, 0xFC, 0x1F,
    0xFF, 0xFF, 0xFF, 0xFF, 0xFF, 0xFF, 0xF0, 0x3F, 0xC0, 0x0F, 0xFC, 0x03, 0xFB, 0xC0, 0xF7, 0x3C,
    0x3C, 0xE3, 0x83, 0x1C, 0x70, 0x03, 0x80, 0x00, 0x70, 0x00, 0x00, 0x1E, 0x00, 0x3C, 0x00, 0x78,
    0x00, 0xF0, 0x01, 0xE0, 0x00, 0x00, 0x00, 0x00, 0x00, 0x00, 0x00, 0x00, 0x03, 0xC0, 0x07, 0x80,
    0x0F, 0x00, 0x1E, 0x00, 0x3C, 0x00, 0x00, 0x00, 0x00, 0x00, 0x00, 0x00, 0x00, 0x00, 0x00, 0x00,
    0x00, 0x00, 0x00, 0x00, 0x07, 0x80, 0x0F, 0x00, 0x1E, 0x00, 0x3C, 0x00, 0x78, 0x07, 0x9E, 0x7C,
    0xF0, 0xF1, 0xE7, 0x9E, 0x0F, 0x3C, 0xF1, 0xE1, 0xE3, 0x8F, 0x3C, 0x1C, 0x79, 0xE3, 0x83, 0xC7,
    0x1E, 0x78, 0x38, 0xF1, 0xC7, 0x07, 0x8E, 0x38, 0xF0, 0x71, 0xC3, 0x8E, 0x0E, 0x1C, 0x71, 0xC0,
    0x00, 0x1E, 0x00, 0x00, 0x03, 0xC0, 0x00, 0x00, 0x78, 0x00, 0x00, 0x0F, 0x00, 0x00, 0x01, 0xE0,
    0x00, 0x00, 0x00, 0x00, 0x00, 0x00, 0x00, 0x00, 0x00, 0x00, 0x00, 0x00, 0x00, 0x00, 0x00, 0x00,
    0x00, 0x03, 0xC0, 0x00, 0x07, 0xF8, 0x00, 0x00, 0xFF, 0x00, 0x00, 0x1F, 0xE0, 0x00, 0x03, 0xFC,
    0x00, 0x00, 0x78, 0x00, 0x00, 0x00, 0x00, 0x00, 0x00, 0x00, 0x00, 0x00, 0x00, 0x00, 0x00, 0x00,
    0x00, 0x00, 0x00, 0x00, 0x00, 0x00, 0x00, 0x00, 0x00, 0x00, 0x00, 0x07, 0x80, 0x00, 0x00, 0xF0,
    0x00, 0x00, 0x1E, 0x00, 0x00, 0x03, 0xC0, 0x00, 0x00, 0x78, 0x00, 0x00, 0xF0, 0x00, 0x01, 0xFE,
    0x00, 0x00, 0x3F, 0xC0, 0x00, 0x07, 0xF8, 0x00, 0x00, 0xFF, 0x00, 0x00, 0x1E, 0x00, 0x00, 0x00,
    0x00, 0x00, 0x00, 0x00, 0x00, 0x00, 0x00, 0x00, 0x00, 0x00, 0x00, 0x00, 0x00, 0x00, 0x00, 0x78,
    0x00, 0x00, 0x0F, 0x00, 0x00, 0x01, 0xE0, 0x00, 0x00, 0x3C, 0x00, 0x00, 0x07, 0x80, 0x00, 0x00,
    0x00, 0x00, 0x00, 0x00, 0x00, 0x00, 0x00, 0x00, 0x00, 0x00, 0x00, 0x00, 0x00, 0x00, 0x00, 0x00,
    0x00, 0x00, 0x00, 0x00, 0x00, 0x00, 0x3C, 0x00, 0x00, 0x7F, 0x80, 0x00, 0x0F, 0xF0, 0x00, 0x01,
    0xFE, 0x00, 0x00, 0x3F, 0xC0, 0x00, 0x07, 0x80, 0xFF, 0xFF, 0xF0, 0x00, 0x00, 0x00, 0x00, 0x00,
    0x00, 0x00, 0x00, 0xFF, 0xFF, 0xF0, 0x00, 0xF0, 0x00, 0x0F, 0x00, 0x00, 0xF0, 0x00, 0x0F, 0x00,
    0x00, 0xF0, 0x00, 0x00, 0x00, 0x00, 0x00, 0x00, 0x00, 0x00, 0x00, 0x00, 0x00, 0x00, 0x00, 0x00,
    0x00, 0x00, 0x00, 0x00, 0xF0, 0x00, 0xFF, 0x00, 0x0F, 0xF0, 0x00, 0xFF, 0x00, 0x0F, 0xF0, 0x00,
    0xF0, 0x00, 0x00, 0x00, 0x00, 0x00, 0x00, 0x00, 0x00, 0x00, 0x00, 0x00, 0x00, 0x00, 0x00, 0x00,
    0x00, 0x00, 0x00, 0xF0, 0x00, 0x0F, 0x00, 0x00, 0xF0, 0x00, 0x0F, 0x00, 0x00, 0xF0, 0x00, 0x00,
    0x1E, 0x00, 0x00, 0x03, 0xC0, 0x00, 0x00, 0x78, 0x00, 0x0F, 0x0F, 0x07, 0x81, 0xE1, 0xE0, 0xF0,
    0x3C, 0x3C, 0x1E, 0x07, 0x87, 0x83, 0xC0, 0xF0, 0xF0, 0x78, 0x00, 0x1E, 0x00, 0x00, 0x03, 0xC0,
    0x00, 0x00, 0x78, 0x00, 0x00, 0x0F, 0x00, 0x00, 0x01, 0xE0, 0x01, 0xFF, 0xFF, 0xFF, 0xFF, 0xFF,
    0xFF, 0xFF, 0xFF, 0xFF, 0xFF, 0x00, 0x1E, 0x00, 0x00, 0x03, 0xC0, 0x00, 0x00, 0x78, 0x00, 0x00,
    0x0F, 0x00, 0x00, 0x01, 0xE0, 0x00, 0x3C, 0x3C, 0x1E, 0x07, 0x87, 0x83, 0xC0, 0xF0, 0xF0, 0x78,
    0x1E, 0x1E, 0x0F, 0x03, 0xC3, 0xC1, 0xE0, 0x00, 0x78, 0x00, 0x00, 0x0F, 0x00, 0x00, 0x01, 0xE0,
    0x00, 0xFF, 0xFF, 0xFF, 0x80, 0x00, 0x00, 0x01, 0xFF, 0xFF, 0xFF, 0x00, 0x00, 0x00, 0x03, 0xFF,
    0xFF, 0xFE, 0xFF, 0xFF, 0xFF, 0x83, 0xFF, 0xFF, 0xFE, 0x00, 0x03, 0xFF, 0xFF, 0xFE, 0x00, 0x03,
    0xFF, 0xFF, 0xFE, 0xFF, 0xFF, 0xC6, 0x03, 0x01, 0x80, 0xC0, 0x61, 0xFF, 0xFF, 0x8C, 0x06, 0x03,
    0x01, 0x80, 0xC0, 0x60, 0x30, 0x18, 0x0C, 0x06, 0x03, 0x01, 0x80, 0xC0, 0x60, 0x30, 0x18, 0x0C,
    0x06, 0x03, 0x01, 0x80, 0xC0, 0x60, 0x30, 0xFF, 0xFF, 0xF0, 0x78, 0x3C, 0x1E, 0x0F, 0x07, 0xFF,
    0x7F, 0x06, 0x03, 0x01, 0x80, 0xC0, 0x60, 0x30, 0x18, 0x0C, 0x06, 0x03, 0x01, 0x80, 0xC0, 0x60,
    0x30, 0x18, 0x0C, 0x06, 0x03, 0x01, 0x80, 0xC0, 0x60, 0x30, 0x18, 0xFF, 0xDF, 0xE7, 0xF8, 0xFC,
    0x3F, 0x07, 0x81, 0xE0, 0x30, 0x0C, 0x03, 0x00, 0xC0, 0x30, 0x0C, 0x03, 0x00, 0xC0, 0x30, 0x0C,
    0x03, 0x00, 0xC0, 0x30, 0x0C, 0x03, 0x00, 0xC0, 0x30, 0x0C, 0x03, 0x00, 0xC0, 0x30, 0x0C, 0x03,
    0x00, 0xC0, 0x30, 0x08, 0x03, 0x01, 0xE0, 0x78, 0x3F, 0x0F, 0xC7, 0xF9, 0xFE, 0xFF, 0xC3, 0x00,
    0xC0, 0x30, 0x0C, 0x03, 0x00, 0xC0, 0x30, 0x0C, 0x03, 0x00, 0xC0, 0x30, 0x0C, 0x03, 0x00, 0xC0,
    0x30, 0x0C, 0x03, 0x00, 0xC0, 0x30, 0x0C, 0x03, 0x00, 0xC0, 0x30, 0x0C, 0x07, 0x83, 0xF1, 0xCE,
    0xE1, 0xDC, 0xE3, 0xF0, 0x78, 0x0C, 0x03, 0x00, 0xC0, 0x30, 0x0C, 0x03, 0x00, 0xC0, 0x30, 0x0C,
    0x03, 0x00, 0xC0, 0x30, 0x0C, 0x03, 0x00, 0xC0, 0x30, 0x0C, 0x03, 0x00, 0xC0, 0x30, 0x0C, 0x03,
    0x00, 0xC0, 0x30, 0xF8, 0x7C, 0x06, 0x03, 0x01, 0x80, 0xC0, 0x61, 0xFF, 0xFF, 0x8C, 0x06, 0x03,
    0x01, 0x80, 0xC0, 0x60, 0x30, 0x18, 0x0C, 0x06, 0x03, 0x01, 0x80, 0xC0, 0x60, 0x30, 0x18, 0x0C,
    0x06, 0x03, 0x01, 0x80, 0xC0, 0x60, 0x30, 0x1F, 0x87, 0xFC, 0x7F, 0xCF, 0x9E, 0xF1, 0xEF, 0x0E,
    0xE0, 0xEE, 0x0E, 0xF1, 0xEF, 0x1E, 0xFF, 0xE7, 0xFC, 0x3F, 0x80, 0xE0, 0xDF, 0x01, 0xFF, 0xFF,
    0xFF, 0xFF, 0xE0, 0x07, 0x80, 0x78, 0x0F, 0x81, 0xF8, 0x3F, 0x87, 0xB8, 0xF3, 0x8F, 0xFE, 0xFF,
    0xEF, 0xFE, 0x03, 0x80, 0x38, 0x03, 0x80, 0x7F, 0xCF, 0xF9, 0xFF, 0x38, 0x07, 0xF0, 0xFF, 0x1F,
    0xF3, 0x9E, 0x01, 0xC0, 0x79, 0xFF, 0x7F, 0xEF, 0xF8, 0x7C, 0x00, 0x1F, 0x9F, 0xF7, 0xFB, 0xE0,
    0xFF, 0x3F, 0xEF, 0xFF, 0xCF, 0xF3, 0xFC, 0xFF, 0xFD, 0xFE, 0x3F, 0x87, 0x80, 0xFF, 0xFF, 0xFF,
    0xE0, 0xF0, 0xF0, 0x78, 0x78, 0x3C, 0x1C, 0x1E, 0x0E, 0x0F, 0x07, 0x00, 0x3F, 0x0F, 0xF3, 0xFF,
    0x79, 0xEF, 0x3D, 0xFF, 0x9F, 0xE7, 0xFE, 0xF3, 0xDE, 0x3B, 0xFF, 0x7F, 0xE7, 0xF8, 0x3C, 0x00,
    0x3F, 0x1F, 0xEF, 0xFF, 0xCF, 0xE1, 0xFC, 0xFF, 0xFD, 0xFF, 0x3F, 0xC0, 0xF7, 0xF9, 0xFE, 0x7F,
    0x0F, 0x00, 0x0C, 0x03, 0x00, 0xC3, 0xFF, 0xFF, 0xFF, 0xF0, 0xC0, 0x30, 0x0C, 0x03, 0x00, 0xFF,
    0xFF, 0xF0, 0xFF, 0xFF, 0xFF, 0xFC, 0x00, 0xFF, 0xFF, 0xFF, 0xFC, 0x1C, 0x78, 0xE3, 0x87, 0x1E,
    0x38, 0x70, 0xE1, 0xC3, 0x87, 0x0E, 0x1C, 0x3C, 0x38, 0x70, 0x70, 0xF0, 0xE0, 0xF0, 0xF0, 0xE1,
    0xE1, 0xC3, 0x87, 0x8F, 0x0E, 0x1C, 0x38, 0x71, 0xE3, 0xC7, 0x0E, 0x3C, 0x71, 0xE7, 0x80, 0xEF,
    0xDF, 0xFF, 0xC7, 0xF0, 0x7E, 0x0F, 0xC1, 0xF8, 0x3F, 0x07, 0xE0, 0xFC, 0x1F, 0x83, 0xF0, 0x70,
    0x1F, 0x03, 0xF8, 0x7F, 0xCF, 0xBE, 0xF1, 0xEF, 0x1E, 0xE0, 0xEE, 0x0E, 0xF0, 0xEF, 0x1E, 0xF9,
    0xE7, 0xFC, 0x3F, 0xC1, 0xF0, 0x3D, 0xFB, 0xF7, 0xE5, 0xC3, 0x87, 0x0E, 0x1C, 0x38, 0x70, 0xE1,
    0xC0, 0x1F, 0x07, 0xF9, 0xFF, 0x3D, 0xE7, 0x1C, 0x07, 0x81, 0xF0, 0x7C, 0x1F, 0x07, 0xC0, 0xF0,
    0x3F, 0xE7, 0xFC, 0xFF, 0x80, 0x7F, 0x8F, 0xF1, 0xFE, 0x07, 0xC1, 0xE0, 0x7E, 0x0F, 0xF1, 0xFE,
    0x33, 0xC0, 0x39, 0x8F, 0x3F, 0xE7, 0xF8, 0x7E, 0x00, 0x03, 0x80, 0x78, 0x0F, 0x81, 0xF8, 0x1F,
    0x83, 0xF8, 0x7B, 0x8F, 0x38, 0xFF, 0xEF, 0xFE, 0xFF, 0xE0, 0x38, 0x03, 0x80, 0x38, 0x7F, 0xCF,
    0xF9, 0xFF, 0x38, 0x07, 0xF8, 0xFF, 0x9F, 0xF1, 0x1E, 0x01, 0xCC, 0x79, 0xFF, 0x7F, 0xC7, 0xF0,
    0x1F, 0x0F, 0xF7, 0xFB, 0xE6, 0xF0, 0x3F, 0xEF, 0xFF, 0xFF, 0xF3, 0xF8, 0x7F, 0x3F, 0xFF, 0x7F,
    0x8F, 0xC0, 0xFF, 0xFF, 0xFF, 0xE0, 0xF0, 0xF0, 0x78, 0x78, 0x3C, 0x1C, 0x1E, 0x0E, 0x0F, 0x07,
    0x00, 0x3F, 0x0F, 0xF3, 0xFF, 0x79, 0xEF, 0x3D, 0xFF, 0x9F, 0xE3, 0xFC, 0xF3, 0xDC, 0x3B, 0xCF,
    0x7F, 0xE7, 0xF8, 0x7E, 0x00, 0x3F, 0x1F, 0xEF, 0xFF, 0xCF, 0xE1, 0xFC, 0xFF, 0xFF, 0xFF, 0x7F,
    0xC0, 0xF6, 0x7D, 0xFE, 0xFF, 0x1F, 0x80, 0x0C, 0x03, 0x00, 0xC0, 0x30, 0xFF, 0xFF, 0xFF, 0xFC,
    0x30, 0x0C, 0x03, 0x00, 0xC0, 0xFF, 0xFF, 0xF0, 0xFF, 0xFF, 0xFF, 0xFC, 0x00, 0xFF, 0xFF, 0xFF,
    0xFC, 0x1C, 0x78, 0xE3, 0xC7, 0x1E, 0x3C, 0x70, 0xE1, 0xC3, 0x87, 0x0E, 0x1C, 0x3C, 0x78, 0x70,
    0xF0, 0xE1, 0xE1, 0xC0, 0xF0, 0xE0, 0xE1, 0xE1, 0xC3, 0x87, 0x8F, 0x1E, 0x1C, 0x38, 0x71, 0xE3,
    0xC7, 0x8E, 0x1C, 0x78, 0xE3, 0x8F, 0x00, 0x3F, 0xCF, 0xFC, 0xC3, 0x80, 0x70, 0x0E, 0x7F, 0xDF,
    0xFF, 0xC7, 0xE0, 0xFC, 0x1F, 0x87, 0xFF, 0xF7, 0xF6, 0x1F, 0x87, 0xFC, 0x71, 0xEE, 0x0E, 0xE0,
    0x6F, 0xFF, 0xFF, 0xFE, 0x00, 0xE0, 0x0E, 0x00, 0x70, 0x67, 0xFE, 0x1F, 0xE0, 0x1F, 0x87, 0xFE,
    0x70, 0xEE, 0x07, 0xE0, 0x7E, 0x07, 0xE0, 0x7E, 0x07, 0xE0, 0x7E, 0x07, 0x70, 0xE7, 0xFE, 0x1F,
    0x80, 0x70, 0x73, 0xC7, 0x8E, 0x38, 0x3B, 0x81, 0xF8, 0x07, 0xC0, 0x1C, 0x01, 0xF0, 0x1F, 0xC0,
    0xEE, 0x0E, 0x38, 0xE0, 0xEF, 0x07, 0x80, 0x7F, 0x0F, 0xFC, 0xC1, 0xE0, 0x0E, 0x00, 0xE0, 0x07,
    0xFF, 0xFF, 0xFF, 0xE0, 0xEE, 0x0E, 0xF1, 0xE7, 0xFC, 0x3F, 0x80, 0xE0, 0x1C, 0x03, 0x80, 0x70,
    0x0E, 0x01, 0xDF, 0xBF, 0xFF, 0x8F, 0xF0, 0xFC, 0x1F, 0x83, 0xF0, 0x7E, 0x0F, 0xC1, 0xF8, 0x3F,
    0x07, 0xE0, 0xFC, 0x1C, 0xE0, 0x0E, 0x00, 0xE0, 0x0E, 0x00, 0xE0, 0x0E, 0x0E, 0xE1, 0xCE, 0x38,
    0xE7, 0x0E, 0xE0, 0xFC, 0x0F, 0xE0, 0xFF, 0x0E, 0x70, 0xE3, 0x8E, 0x3C, 0xE1, 0xEE, 0x0E, 0xFF,
    0xFF, 0xFF, 0xFF, 0xFF, 0xFF, 0xFC, 0xEF, 0x9F, 0x9F, 0xFF, 0xFB, 0xC7, 0xC7, 0xF8, 0xF8, 0xFE,
    0x0E, 0x0F, 0xC1, 0xC1, 0xF8, 0x38, 0x3F, 0x07, 0x07, 0xE0, 0xE0, 0xFC, 0x1C, 0x1F, 0x83, 0x83,
    0xF0, 0x70, 0x7E, 0x0E, 0x0E, 0xEF, 0xDF, 0xFF, 0xC7, 0xF8, 0x7E, 0x0F, 0xC1, 0xF8, 0x3F, 0x07,
    0xE0, 0xFC, 0x1F, 0x83, 0xF0, 0x7E, 0x0E, 0xEF, 0xCF, 0xFE, 0xF1, 0xEF, 0x0F, 0xE0, 0xFE, 0x07,
    0xE0, 0x7E, 0x07, 0xE0, 0xFF, 0x0F, 0xF9, 0xEF, 0xFE, 0xEF, 0xCE, 0x00, 0xE0, 0x0E, 0x00, 0xE0,
    0x0E, 0x00, 0x7F, 0xBF, 0xEE, 0x13, 0x00, 0xE0, 0x3F, 0x03, 0xF0, 0x3E, 0x03, 0x80, 0x6C, 0x3B,
    0xFE, 0xFF, 0x00, 0x30, 0x30, 0x70, 0xFF, 0xFF, 0x70, 0x70, 0x70, 0x70, 0x70, 0x70, 0x70, 0x70,
    0x78, 0x7F, 0x3F, 0x0F, 0xF0, 0x03, 0xFF, 0x00, 0xFF, 0xE0, 0x3F, 0x18, 0x07, 0x80, 0x01, 0xF0,
    0x00, 0x3C, 0x00, 0x07, 0x80, 0x00, 0xF0, 0xFF, 0xFE, 0x1F, 0xFF, 0xC3, 0xFF, 0xF8, 0x78, 0x0F,
    0x0F, 0x01, 0xE1, 0xE0, 0x3E, 0x3C, 0x03, 0xF7, 0x80, 0x3F, 0xFF, 0xC3, 0xFF, 0xF8, 0x3F, 0xFF,
    0x00, 0x78, 0x00, 0x0F, 0x00, 0x01, 0xE0, 0x00, 0x3C, 0x00, 0x07, 0x80, 0x00, 0xFF, 0xE0, 0x1F,
    0xFC, 0x03, 0xFF, 0x80, 0x00, 0x00, 0x80, 0x00, 0x00, 0xF1, 0x00, 0x00, 0x79, 0xE0, 0x00, 0x78,
    0xF0, 0x07, 0xFE, 0xF0, 0x0F, 0xFF, 0xF8, 0x0F, 0xFF, 0xF8, 0x1F, 0xFF, 0xFC, 0x0F, 0xCF, 0x7E,
    0x0F, 0xCF, 0x1E, 0x0F, 0xC7, 0x9E, 0x07, 0xC7, 0x8F, 0x07, 0xC3, 0xCF, 0x03, 0xE3, 0xC7, 0x81,
    0xF1, 0xE7, 0x80, 0xF1, 0xE3, 0xC0, 0x78, 0xF3, 0xC0, 0x3C, 0xF1, 0xE0, 0x1E, 0x79, 0xE0, 0x0F,
    0xF8, 0xF0, 0x07, 0xFC, 0xF0, 0x03, 0xFC, 0x78, 0x00, 0xFE, 0x78, 0x00, 0x7E, 0x3C, 0x00, 0x1F,
    0xBC, 0x1C, 0x0F, 0xFE, 0x3E, 0x07, 0xFF, 0xFF, 0x87, 0xFF, 0xFF, 0x83, 0xDF, 0xFF, 0x83, 0xE7,
    0xFF, 0x01, 0xE7, 0x80, 0x01, 0xF3, 0xC0, 0x00, 0xF3, 0xC0, 0x00, 0x19, 0xE0, 0x00, 0x00, 0x60,
    0x00, 0x00, 0x03, 0xFF, 0x00, 0xFF, 0xF8, 0x7F, 0xFF, 0x0F, 0xC1, 0xC3, 0xE0, 0x00, 0xF8, 0x00,
    0x1E, 0x00, 0x03, 0xC0, 0x00, 0xF0, 0x00, 0x1E, 0x1C, 0xFB, 0xC3, 0xBF, 0x78, 0x7F, 0xEF, 0x0F,
    0xE9, 0xE1, 0xF0, 0x3C, 0x3C, 0x07, 0x87, 0x80, 0xF0, 0xF0, 0x1E, 0x1E, 0x03, 0xC3, 0xC0, 0x7C,
    0x78, 0x07, 0x8F, 0x00, 0xF9, 0xE0, 0x0F, 0xBC, 0x01, 0xFF, 0x9C, 0x1F, 0xFF, 0x81, 0xFF, 0xF0,
    0x0F, 0xFC, 0x00, 0x1F, 0xFF, 0xF1, 0xFF, 0xFF, 0x1F, 0xFF, 0xF1, 0xFF, 0xFF, 0x1E, 0x00, 0x01,
    0xE0, 0x00, 0x1E, 0x00, 0x01, 0xE0, 0x00, 0x1E, 0x00, 0x01, 0xE0, 0x00, 0x1E, 0x00, 0x01, 0xFF,
    0xFE, 0x1F, 0xFF, 0xE1, 0xFF, 0xFE, 0x1F, 0xFF, 0xE1, 0xE0, 0x00, 0x1E, 0x00, 0x01, 0xE0, 0x00,
    0xFF, 0xE0, 0x0F, 0xFE, 0x00, 0xFF, 0xE0, 0x0F, 0xFE, 0x00, 0x1E, 0x00, 0x01, 0xE0, 0x00, 0x1E,
    0x00, 0x01, 0xE0, 0x00, 0x01, 0xFF, 0x00, 0x0F, 0xFF, 0x00, 0x7F, 0xFE, 0x03, 0xFF, 0xF8, 0x1F,
    0x81, 0xC0, 0x7C, 0x00, 0x01, 0xF0, 0x00, 0x07, 0x80, 0x00, 0x1E, 0x00, 0x00, 0x7C, 0x00, 0x07,
    0xFF, 0xF0, 0x1F, 0xFF, 0xC0, 0x7F, 0xFF, 0x01, 0xFF, 0xFC, 0x07, 0xFF, 0xF0, 0x1F, 0xFF, 0xC0,
    0x7F, 0xFF, 0x01, 0xFF, 0xFC, 0x00, 0x3C, 0x00, 0x01, 0xF0, 0x00, 0x07, 0x80, 0x00, 0xFF, 0xC0,
    0xCF, 0xFF, 0xFF, 0xBF, 0xFF, 0xFE, 0x7F, 0xFF, 0xF9, 0x80, 0xFF, 0x80, 0x00, 0x00, 0x38, 0x00,
    0x00, 0x01, 0xC0, 0x00, 0x00, 0x1C, 0x00, 0x00, 0x00, 0xE0, 0x00, 0x00, 0x0F, 0x00, 0x71, 0xFC,
    0x7F, 0xE3, 0xBF, 0xFF, 0xFF, 0x9F, 0xFF, 0xFF, 0xFE, 0xFE, 0x3F, 0xE1, 0xF7, 0xC0, 0x7E, 0x07,
    0xFE, 0x03, 0xE0, 0x1F, 0xE0, 0x1F, 0x00, 0xFF, 0x00, 0xF8, 0x07, 0xF8, 0x07, 0x80, 0x3F, 0xC0,
    0x3C, 0x01, 0xFE, 0x03, 0xE0, 0x0F, 0xF0, 0x1F, 0x00, 0x7F, 0x81, 0xF8, 0x03, 0xFC, 0x0F, 0xC0,
    0x1F, 0xE0, 0xFE, 0x00, 0xFF, 0x07, 0xF0, 0x07, 0xF8, 0x3F, 0x80, 0x3F, 0xC3, 0xBC, 0x01, 0xFE,
    0x1D, 0xE0, 0x0F, 0xF1, 0xEF, 0x00, 0x7F, 0x8E, 0x78, 0x03, 0xC0, 0xF0, 0x00, 0x00, 0x07, 0x00,
    0x00, 0x00, 0x78, 0x00, 0x00, 0x03, 0x80, 0x00, 0x00, 0x0F, 0x00, 0x03, 0xC0, 0x3E, 0x00, 0x0F,
    0x00, 0xFC, 0x00, 0x3C, 0x03, 0xF8, 0x00, 0xF0, 0x0F, 0xE0, 0x03, 0xC0, 0x3F, 0xC0, 0x0F, 0x00,
    0xFF, 0x80, 0x3C, 0x03, 0xFF, 0x00, 0xF0, 0x0F, 0x7C, 0x03, 0xC0, 0x3D, 0xF8, 0x0F, 0x00, 0xF3,
    0xF0, 0x3C, 0x3F, 0xFF, 0xFF, 0xFF, 0xFF, 0xFF, 0xFF, 0xFF, 0xFF, 0xFF, 0xFF, 0xFF, 0xF0, 0x7E,
    0x3F, 0xC3, 0xC0, 0xF8, 0xF0, 0x0F, 0x01, 0xF3, 0xC0, 0x3C, 0x07, 0xEF, 0x00, 0xF0, 0x0F, 0xFC,
    0x03, 0xC0, 0x1F, 0xF0, 0x0F, 0x00, 0x3F, 0xC0, 0x3C, 0x00, 0xFF, 0x00, 0xF0, 0x01, 0xFC, 0x03,
    0xC0, 0x03, 0xF0, 0x0F, 0x00, 0x07, 0xC0, 0x3C, 0x00, 0x0F, 0x00, 0x1F, 0xFF, 0x80, 0x1F, 0xFF,
    0xC0, 0x1F, 0xFF, 0xE0, 0x1F, 0xFF, 0xF0, 0x1E, 0x01, 0xF8, 0x1E, 0x00, 0xF8, 0xFF, 0xFF, 0xFF,
    0xFF, 0xFF, 0xFF, 0xFF, 0xFF, 0xFF, 0xFF, 0xFF, 0xFF, 0x1E, 0x00, 0xF8, 0x1E, 0x01, 0xF8, 0x1F,
    0xFF, 0xF0, 0x1F, 0xFF, 0xE0, 0x1F, 0xFF, 0xC0, 0x1F, 0xFF, 0x80, 0x1E, 0x00, 0x00, 0x1E, 0x00,
    0x00, 0x1E, 0x00, 0x00, 0x1E, 0x00, 0x00, 0x1E, 0x00, 0x00, 0x1E, 0x00, 0x00, 0x1E, 0x00, 0x00,
    0x1E, 0x00, 0x00, 0x1E, 0x00, 0x00, 0x1E, 0x00, 0x00, 0xFF, 0xC0, 0x00, 0x1F, 0xFE, 0x00, 0x03,
    0xFF, 0xC0, 0x00, 0x78, 0x7C, 0x00, 0x0F, 0x07, 0x80, 0x01, 0xE0, 0xF8, 0x00, 0x3C, 0x0F, 0x0F,
    0xF7, 0x81, 0xE3, 0xFF, 0xF0, 0x3C, 0xFF, 0xFE, 0x0F, 0x9E, 0x1B, 0xC1, 0xE7, 0xC0, 0x78, 0x7C,
    0xF0, 0x0F, 0xFF, 0x1F, 0x01, 0xFF, 0xC1, 0xF0, 0x3F, 0xF0, 0x3F, 0x07, 0x9E, 0x03, 0xF8, 0xF1,
    0xE0, 0x3F, 0x9E, 0x3C, 0x01, 0xFB, 0xC3, 0xC0, 0x1F, 0xF8, 0x78, 0x00, 0xFF, 0x0F, 0x80, 0x1F,
    0xE0, 0xF0, 0x03, 0xFC, 0x1E, 0x40, 0x7F, 0x83, 0xEE, 0x1F, 0xF0, 0x3D, 0xFF, 0xFE, 0x07, 0xFF,
    0xFB, 0xC0, 0x7B, 0xFE, 0x00, 0xF8, 0x00, 0x00, 0x01, 0xFF, 0x80, 0x00, 0x00, 0x1F, 0x7C, 0x00,
    0x00, 0x03, 0xE7, 0xC0, 0x00, 0x00, 0x3E, 0x7C, 0x00, 0xF0, 0x03, 0xE3, 0xE0, 0x1F, 0x80, 0x7C,
    0x3E, 0x01, 0xF8, 0x07, 0xC3, 0xE0, 0x1F, 0x80, 0x7C, 0x1F, 0x03, 0xFC, 0x0F, 0x81, 0xF0, 0x3F,
    0xC0, 0xF8, 0x7F, 0x07, 0xFE, 0x0F, 0xE7, 0xFF, 0xFF, 0xFF, 0xFE, 0x7F, 0xFF, 0xFF, 0xFF, 0xE7,
    0xFF, 0xFF, 0xFF, 0xFE, 0x0F, 0x8F, 0x1F, 0x1F, 0x00, 0x7D, 0xF0, 0xFB, 0xE0, 0x07, 0xDF, 0x0F,
    0xBE, 0x00, 0x7D, 0xE0, 0x7B, 0xE0, 0x03, 0xFE, 0x07, 0xFC, 0x00, 0x3F, 0xC0, 0x7F, 0xC0, 0x03,
    0xFC, 0x03, 0xFC, 0x00, 0x1F, 0xC0, 0x3F, 0x80, 0x01, 0xF8, 0x01, 0xF8, 0x00, 0x1F, 0x80, 0x1F,
    0x80, 0x00, 0xF0, 0x00, 0xF0, 0x00, 0x0F, 0x00, 0x0F, 0x00, 0xFF, 0xF8, 0x0F, 0xFF, 0xFC, 0x0F,
    0xFF, 0xFE, 0x0F, 0xF0, 0x1F, 0x0F, 0xF0, 0x07, 0x0F, 0xF0, 0x07, 0x0F, 0xF0, 0xC3, 0x0F, 0xF1,
    0xC3, 0x8F, 0xF1, 0xC3, 0x8F, 0xF1, 0xC3, 0x8F, 0xF1, 0xC3, 0x8F, 0xF1, 0xC3, 0x8F, 0xF1, 0xC3,
    0x8F, 0xF1, 0xC3, 0x8F, 0xF1, 0xC3, 0x8F, 0xF1, 0xC3, 0x8F, 0xF1, 0xC3, 0x1F, 0xF1, 0xC0, 0x1E,
    0xF1, 0xC0, 0x1E, 0xF1, 0xC0, 0x7E, 0xF1, 0xFF, 0xFC, 0xF1, 0xFF, 0xF8, 0xF1, 0xFF, 0xF0, 0x00,
    0x78, 0x00, 0x78, 0x00, 0x78, 0x03, 0xFF, 0x03, 0xFF, 0x03, 0xFF, 0x00, 0x78, 0x1F, 0x78, 0x3F,
    0xF8, 0x7F, 0xF8, 0xFF, 0xF8, 0xF8, 0xF8, 0xF8, 0xF8, 0xF0, 0x78, 0xF0, 0x78, 0xF8, 0xF8, 0xF8,
    0xF8, 0xFF, 0xF8, 0x7F, 0xF8, 0x3F, 0xF8, 0x1F, 0x78, 0x00, 0x00, 0xFF, 0xFE, 0xFF, 0xFE, 0xFF,
    0xFE, 0xFF, 0xFE, 0x00, 0x1F, 0xF0, 0x01, 0xFF, 0xF0, 0x1F, 0xFF, 0x80, 0xFF, 0xFE, 0x07, 0xF0,
    0x10, 0x1F, 0x80, 0x00, 0xFC, 0x00, 0x03, 0xE0, 0x00, 0xFF, 0xFE, 0x03, 0xFF, 0xF8, 0x0F, 0xFF,
    0xE0, 0x3F, 0xFF, 0x80, 0x1E, 0x00, 0x00, 0x78, 0x00, 0x0F, 0xFF, 0xE0, 0x3F, 0xFF, 0x80, 0xFF,
    0xFE, 0x03, 0xFF, 0xF8, 0x00, 0xF8, 0x00, 0x03, 0xE0, 0x00, 0x07, 0xE0, 0x00, 0x1F, 0xC0, 0xC0,
    0x3F, 0xFF, 0x80, 0x7F, 0xFE, 0x00, 0x7F, 0xFC, 0x00, 0x7F, 0xC0, 0x0F, 0x00, 0x0F, 0xC1, 0xE0,
    0x03, 0xF0, 0x3C, 0x00, 0xFC, 0x07, 0x80, 0x3F, 0x00, 0xF0, 0x0F, 0xC0, 0x1E, 0x03, 0xF0, 0x03,
    0xC0, 0xFC, 0x00, 0x78, 0x3F, 0x00, 0x0F, 0x0F, 0xC0, 0x01, 0xE3, 0xF0, 0x03, 0xFC, 0xFF, 0xF8,
    0x7F, 0xBF, 0xFF, 0x0F, 0xFF, 0xFF, 0xE1, 0xFF, 0xFF, 0xFC, 0x03, 0xFB, 0xF0, 0x00, 0x7E, 0x3F,
    0x00, 0x0F, 0x83, 0xE0, 0x01, 0xE0, 0x7E, 0x00, 0x3C, 0x07, 0xE0, 0x07, 0x80, 0x7E, 0x00, 0xF0,
    0x07, 0xE0, 0x1E, 0x00, 0xFC, 0x03, 0xC0, 0x0F, 0xC0, 0x78, 0x00, 0xFC, 0x0F, 0x00, 0x0F, 0xC1,
    0xE0, 0x01, 0xFC, 0xFF, 0xFF, 0xFF, 0xFF, 0xFF, 0xFF, 0xFF, 0xF0, 0x0F, 0x00, 0x00, 0xF0, 0x00,
    0x0F, 0x00, 0x00, 0xF1, 0x80, 0x0F, 0x3C, 0x00, 0xFF, 0x80, 0x0F, 0xF0, 0x00, 0xFE, 0x00, 0x1F,
    0x80, 0x03, 0xF0, 0x00, 0xFF, 0x18, 0x1F, 0xF7, 0xC1, 0xEF, 0xF8, 0x18, 0xFF, 0x00, 0x0F, 0xC0,
    0x01, 0xF8, 0x00, 0x7F, 0x00, 0x0F, 0xF0, 0x01, 0xFF, 0x00, 0x1E, 0xF0, 0x01, 0x8F, 0x00, 0x00,
    0xF0, 0x00, 0x0F, 0x00, 0x00, 0xF0, 0x00, 0x3F, 0xF8, 0x00, 0x00, 0x1F, 0xFF, 0xC0, 0x00, 0x03,
    0xFF, 0xFE, 0x00, 0x00, 0x3C, 0x0F, 0xE0, 0x00, 0x00, 0x00, 0x7E, 0x00, 0x00, 0x0F, 0x07, 0xC0,
    0x00, 0x01, 0xE0, 0x7C, 0x00, 0x00, 0x3C, 0x07, 0x80, 0x00, 0x07, 0x80, 0xF0, 0x00, 0x00, 0xE0,
    0x1F, 0x00, 0x00, 0x3C, 0x01, 0xE0, 0x00, 0x07, 0x80, 0x3C, 0x00, 0x00, 0xF0, 0x07, 0x80, 0x00,
    0x1E, 0x01, 0xF0, 0x00, 0x07, 0x80, 0x3E, 0x1F, 0xC0, 0xF0, 0x07, 0x87, 0xFC, 0x1E, 0x00, 0xF1,
    0xFF, 0xC3, 0xC0, 0x3E, 0x7C, 0x78, 0x78, 0x07, 0x8F, 0x0F, 0x9E, 0x01, 0xF3, 0xC0, 0xF3, 0xC0,
    0x7C, 0x78, 0x1E, 0x78, 0x1F, 0x8F, 0x07, 0xCF, 0x07, 0xE1, 0xE0, 0xF1, 0xE7, 0xF8, 0x3C, 0x7E,
    0x7F, 0xFE, 0x0F, 0xFF, 0x8F, 0xFF, 0x01, 0xFF, 0xE1, 0xFF, 0x80, 0x3F, 0xF8, 0x00, 0x00, 0x07,
    0x80, 0x00, 0x00, 0x00, 0xE0, 0x00, 0x00, 0x00, 0x3C, 0x00, 0x00, 0x00, 0x07, 0x80, 0x00, 0x00,
    0x00, 0xF0, 0x00, 0x00, 0x00, 0x1E, 0x00, 0x00, 0x00, 0x03, 0x80, 0x00, 0x00, 0x00, 0xF0, 0x00,
    0x00, 0x00, 0x1E, 0x00, 0x00, 0x00, 0x1F, 0x80, 0x03, 0xFE, 0x00, 0x7F, 0xE0, 0x07, 0xDF, 0x00,
    0x79, 0xF0, 0x07, 0x8F, 0x00, 0x78, 0xF0, 0x07, 0x8F, 0x00, 0x79, 0xE0, 0x07, 0x9E, 0x00, 0x79,
    0xE0, 0x03, 0x9C, 0x00, 0x3D, 0xC0, 0x03, 0xF8, 0x00, 0x1F, 0x80, 0x01, 0xF0, 0x00, 0x0F, 0x00,
    0x40, 0xF0, 0x06, 0x1F, 0x00, 0xF3, 0xF8, 0x0F, 0x3F, 0x81, 0xFF, 0xB8, 0x1F, 0xF3, 0xC3, 0xFF,
    0x3C, 0x79, 0xE1, 0xE7, 0x9E, 0x1E, 0xF0, 0xC1, 0xE0, 0x00, 0x1E, 0x00, 0x01, 0xF0, 0x00, 0x0F,
    0x00, 0x00, 0xF0, 0x00, 0x1F, 0x00, 0x11, 0xE0, 0x01, 0xFE, 0x00, 0x1F, 0xC0, 0x01, 0xF8, 0x0F,
    0xFF, 0xC0, 0x07, 0xFF, 0xF0, 0x03, 0xFF, 0xFC, 0x01, 0xFF, 0xFF, 0x0F, 0xF0, 0x0F, 0xFF, 0xFF,
    0xFF, 0xFF, 0xFF, 0xFF, 0xFE, 0x1E, 0x00, 0x78, 0xFF, 0x00, 0x3F, 0xFF, 0xFF, 0xFF, 0xFF, 0xFF,
    0xFF, 0xE1, 0xE0, 0x1F, 0x80, 0xFF, 0xFF, 0x80, 0x7F, 0xFF, 0x80, 0x3F, 0xFF, 0x80, 0x1F, 0xFF,
    0x80, 0x0F, 0x00, 0x00, 0x07, 0x80, 0x00, 0x03, 0xC0, 0x00, 0x01, 0xE0, 0x00, 0x00, 0xF0, 0x00,
    0x00, 0x78, 0x00, 0x00, 0x3C, 0x00, 0x00, 0x1E, 0x00, 0x00, 0x0F, 0x00, 0x00, 0x07, 0x80, 0x00,
    0x00, 0x00, 0x3C, 0x00, 0x00, 0x1E, 0x00, 0x00, 0x0F, 0x00, 0x00, 0x07, 0x80, 0x00, 0x07, 0xFE,
    0x00, 0x1F, 0xFF, 0xC0, 0x1F, 0xFF, 0xF0, 0x1F, 0xFF, 0xFC, 0x1F, 0xFC, 0x7E, 0x1F, 0x9E, 0x0E,
    0x1F, 0x8F, 0x03, 0x0F, 0x87, 0x80, 0x0F, 0x83, 0xC0, 0x07, 0xC1, 0xE0, 0x03, 0xE0, 0xF0, 0x01,
    0xE0, 0x78, 0x00, 0xF0, 0x3F, 0xFF, 0xF8, 0x1F, 0xFF, 0xFC, 0x0F, 0xFF, 0xFF, 0x07, 0xFF, 0xFF,
    0x83, 0xC0, 0x7F, 0xE1, 0xE0, 0x3D, 0xF0, 0xF0, 0x3E, 0xFC, 0x78, 0x1E, 0x3F, 0x3C, 0x1F, 0x0F,
    0xFE, 0x3F, 0x03, 0xFF, 0xFF, 0x00, 0xFF, 0xFF, 0x00, 0x3F, 0xFF, 0x00, 0x03, 0xFE, 0x00, 0x00,
    0xF0, 0x00, 0x00, 0x78, 0x00, 0x00, 0x3C, 0x00, 0x00, 0x1E, 0x00, 0x00, 0x0F, 0x00, 0x00, 0x00,
    0x3C, 0x00, 0x00, 0x7E, 0x00, 0x00, 0x7E, 0x00, 0x00, 0x7E, 0x00, 0x00, 0xFF, 0x00, 0x00, 0xFF,
    0x00, 0x01, 0xFF, 0x00, 0x01, 0xE7, 0x80, 0x01, 0xE7, 0x80, 0x03, 0xE7, 0xC0, 0x7F, 0xFF, 0xFE,
    0x7F, 0xFF, 0xFE, 0x7F, 0xFF, 0xFE, 0x07, 0x81, 0xE0, 0x07, 0x81, 0xE0, 0x7F, 0xFF, 0xFE, 0x7F,
    0xFF, 0xFE, 0x7F, 0xFF, 0xFE, 0x1E, 0x00, 0xF8, 0x1E, 0x00, 0x78, 0x1E, 0x00, 0x78, 0x3C, 0x00,
    0x3C, 0x3C, 0x00, 0x3C, 0x7C, 0x00, 0x3C, 0x78, 0x00, 0x1E, 0x78, 0x00, 0x1E, 0xF8, 0x00, 0x1F,
    0x07, 0xFE, 0x01, 0xFF, 0xF8, 0x1F, 0xFF, 0xC1, 0xE0, 0x7C, 0x00, 0x03, 0xE0, 0x00, 0x1E, 0x00,
    0x01, 0xE0, 0x00, 0x3C, 0xFF, 0xFF, 0xFF, 0xFF, 0xFF, 0xFF, 0xFF, 0xF0, 0x0F, 0xF0, 0x03, 0xFC,
    0x00, 0xFF, 0x00, 0xFF, 0xFF, 0xFF, 0xFF, 0xFF, 0xFF, 0xFF, 0xF3, 0xC0, 0x00, 0x78, 0x00, 0x07,
    0x80, 0x00, 0x78, 0x00, 0x07, 0xC0, 0x00, 0x3C, 0x00, 0x63, 0xF0, 0x3E, 0x1F, 0xFF, 0xE0, 0xFF,
    0xFE, 0x03, 0xFF, 0x80, 0x00, 0x3C, 0x00, 0x00, 0x78, 0x00, 0x00, 0xF0, 0x00, 0x01, 0xE0, 0x00,
    0x0F, 0xFC, 0x00, 0x7F, 0xFE, 0x01, 0xFF, 0xFE, 0x0F, 0xFF, 0xFE, 0x1F, 0xBD, 0xFC, 0x7E, 0x78,
    0xF1, 0xF8, 0xF0, 0xC3, 0xE1, 0xE0, 0x0F, 0x83, 0xC0, 0x1F, 0x07, 0x80, 0x3E, 0x0F, 0x00, 0x78,
    0x1E, 0x00, 0xF0, 0x3C, 0x01, 0xE0, 0x78, 0x03, 0xC0, 0xF0, 0x07, 0xC1, 0xE0, 0x0F, 0x83, 0xC0,
    0x1F, 0x07, 0x80, 0x1F, 0x0F, 0x00, 0x3F, 0x1E, 0x00, 0x3F, 0x3C, 0x30, 0x7F, 0x79, 0xF0, 0x7F,
    0xFF, 0xF0, 0x7F, 0xFF, 0xC0, 0x3F, 0xFF, 0x00, 0x1F, 0xF8, 0x00, 0x0F, 0x00, 0x00, 0x1E, 0x00,
    0x00, 0x3C, 0x00, 0x0E, 0x07, 0x00, 0x38, 0x3C, 0x01, 0xE0, 0xF0, 0x07, 0x83, 0xC0, 0x7F, 0xFF,
    0xFB, 0xFF, 0xFF, 0xEF, 0xFF, 0xFF, 0x87, 0x83, 0xC0, 0x1E, 0x0F, 0x00, 0x78, 0x3C, 0x01, 0xE0,
    0xF0, 0x07, 0x83, 0xC0, 0x1E, 0x0F, 0x00, 0x78, 0x3C, 0x01, 0xE0, 0xF0, 0x07, 0x83, 0xC0, 0x1E,
    0x0F, 0x00, 0x78, 0x3C, 0x01, 0xE0, 0xF0, 0x07, 0x83, 0xC0, 0x1E, 0x0F, 0x00, 0x78, 0x3E, 0x01,
    0xE0, 0xFF, 0xC7, 0x81, 0xFF, 0x1E, 0x03, 0xFC, 0x00, 0x0F, 0xFE, 0x00, 0x1F, 0xFF, 0xC0, 0x1F,
    0xFF, 0xC0, 0x1F, 0x81, 0xE0, 0x0F, 0x80, 0x00, 0x07, 0x80, 0x00, 0x03, 0xC0, 0x00, 0x01, 0xE0,
    0x00, 0x00, 0xF0, 0x00, 0x00, 0x7C, 0x00, 0x00, 0x1F, 0x80, 0x00, 0x0F, 0xF0, 0x00, 0x01, 0xFF,
    0x00, 0x00, 0x3F, 0xE0, 0x00, 0x07, 0xF8, 0x00, 0x00, 0x7E, 0x00, 0x00, 0x0F, 0x80, 0x00, 0x03,
    0xFC, 0xF9, 0xF1, 0xFF, 0xFF, 0xFC, 0xFF, 0xE7, 0xCE, 0x7F, 0xE1, 0xC3, 0x3F, 0xE0, 0xC1, 0xBE,
    0xFF, 0x60, 0xFE, 0x3F, 0xFF, 0xFE, 0x0F, 0xFF, 0xFE, 0x06, 0xFF, 0xFC, 0x03, 0x06, 0x0C, 0x01,
    0x83, 0x06, 0x00, 0xC1, 0x83, 0x00, 0xFF, 0xFF, 0xFF, 0xFF, 0xFF, 0xFF, 0xFF, 0x80, 0x00, 0x00,
    0x00, 0x00, 0x00, 0x00, 0x3F, 0xFF, 0xFF, 0xFF, 0xFF, 0xFF, 0xFF, 0xE0, 0x1E, 0x00, 0x03, 0xC0,
    0x00, 0x78, 0x00, 0x0F, 0x00, 0x01, 0xE0, 0x00, 0x3C, 0x00, 0x07, 0x80, 0x00, 0xF0, 0x00, 0x1E,
    0x00, 0x03, 0xC0, 0x00, 0x78, 0x00, 0x0F, 0x00, 0x01, 0xE0, 0x00, 0x3C, 0x00, 0x07, 0x80, 0x00,
    0xF0, 0x00, 0x1E, 0x00, 0x03, 0xC0, 0x00, 0x7F, 0xFF, 0xBF, 0xFF, 0xEF, 0xFF, 0xFB, 0xFF, 0xFE,
    0xFF, 0xFF, 0x80, 0x3F, 0x00, 0x07, 0xC0, 0x07, 0xFE, 0x01, 0xFF, 0xC0, 0x7F, 0xF0, 0x1F, 0xF8,
    0x01, 0xF0, 0x00, 0xFC, 0x0F, 0xFE, 0x03, 0xFF, 0x80, 0xFF, 0xC0, 0x1F, 0xC0, 0x03, 0xF0, 0x00,
    0x7C, 0x00, 0x1F, 0x80, 0x03, 0xF0, 0x00, 0x7C, 0x00, 0x1F, 0x80, 0x03, 0xF0, 0x00, 0x7E, 0x00,
    0x0F, 0x80, 0x03, 0xF0, 0x00, 0x00, 0x07, 0x80, 0x00, 0x3C, 0x00, 0x01, 0xE0, 0x00, 0x0F, 0x00,
    0x00, 0x79, 0xC0, 0x03, 0xFF, 0x00, 0x1F, 0xF8, 0x00, 0xFF, 0x00, 0x0F, 0xF0, 0x01, 0xFE, 0x00,
    0x3F, 0xE3, 0x81, 0xFF, 0x7E, 0x07, 0x7F, 0xF0, 0x23, 0xFE, 0x00, 0x3F, 0xC0, 0x07, 0xF8, 0x00,
    0x7F, 0x80, 0x03, 0xFC, 0x02, 0x0F, 0xE0, 0x3E, 0x0F, 0x03, 0xF0, 0x78, 0x3F, 0x03, 0xC7, 0xF0,
    0x1F, 0xFF, 0x00, 0xFF, 0xF0, 0x07, 0xFF, 0x00, 0x3F, 0xC0, 0x00, 0x3F, 0x00, 0x00, 0x07, 0xF8,
    0x00, 0x00, 0xFF, 0xC0, 0x00, 0x0E, 0x3C, 0x00, 0x00, 0xE1, 0xE0, 0x00, 0x0F, 0x1E, 0x00, 0x00,
    0xFF, 0xFF, 0xFF, 0x07, 0xFF, 0xFF, 0xFC, 0x3F, 0xFF, 0xFF, 0xE0, 0x1E, 0x00, 0x1F, 0x01, 0xE0,
    0x00, 0x70, 0x1E, 0x00, 0x07, 0x01, 0xE2, 0x18, 0x70, 0x1E, 0x73, 0x87, 0x01, 0xFF, 0xFC, 0x70,
    0x1F, 0xFF, 0xE7, 0x01, 0xFB, 0xFF, 0xF0, 0x1F, 0x1E, 0x7E, 0x01, 0xE0, 0xC3, 0xE0, 0x3F, 0x00,
    0x00, 0x07, 0xF0, 0x00, 0x00, 0xFF, 0x00, 0x00, 0x06, 0xF8, 0x00, 0x00, 0x07, 0xE0, 0x60, 0x00,
    0x3F, 0xFE, 0x00, 0x01, 0xFF, 0xE0, 0x00, 0x07, 0xFE, 0x00, 0x00, 0x78, 0x00, 0x03, 0xC0, 0x00,
    0x1E, 0x00, 0x00, 0xF0, 0x00, 0x3F, 0xE0, 0x07, 0xFF, 0xC0, 0x7F, 0xFF, 0x07, 0xFF, 0xFC, 0x7F,
    0x7F, 0xF3, 0xE3, 0xCF, 0xBE, 0x1E, 0x3F, 0xF0, 0xF1, 0xFF, 0x87, 0x8F, 0xF8, 0x3C, 0x3F, 0xC1,
    0xE1, 0xFE, 0x0F, 0x0F, 0xF0, 0x78, 0x7F, 0x83, 0xC3, 0xFC, 0x1E, 0x1F, 0xE0, 0xF0, 0xFF, 0x07,
    0x87, 0xF8, 0x00, 0x3F, 0xC0, 0x01, 0xFE, 0x00, 0x0F, 0xF0, 0x00, 0x7F, 0x80, 0x03, 0xFC, 0x00,
    0x1F, 0xE0, 0x00, 0xFF, 0x00, 0x07, 0xF8, 0x00, 0x3C, 0x0F, 0xFF, 0xC0, 0x3F, 0xFF, 0x80, 0xFF,
    0xFF, 0x03, 0xFF, 0xFE, 0x0F, 0x00, 0xFC, 0x3C, 0x01, 0xF0, 0xF0, 0x07, 0xC3, 0xC0, 0x0F, 0x0F,
    0x00, 0x3C, 0x3C, 0x01, 0xF0, 0xF0, 0x07, 0xC3, 0xC0, 0x3F, 0xFF, 0xFF, 0xFB, 0xFF, 0xFF, 0xCF,
    0xFF, 0xFE, 0x3F, 0xFF, 0xF0, 0x0F, 0x00, 0x00, 0x3C, 0x00, 0x0F, 0xFE, 0x00, 0x3F, 0xF8, 0x00,
    0xFF, 0xE0, 0x03, 0xFF, 0x80, 0x00, 0xF0, 0x00, 0x03, 0xC0, 0x00, 0x0F, 0x00, 0x00, 0x3C, 0x00,
    0x00, 0x00, 0xC3, 0x00, 0x00, 0xE7, 0x00, 0x00, 0xE7, 0x00, 0x01, 0xFF, 0x80, 0x07, 0xFF, 0xE0,
    0x0F, 0xFF, 0xF0, 0x1F, 0xE7, 0xF8, 0x3E, 0xE7, 0x7C, 0x7C, 0xE7, 0x3E, 0x78, 0xE7, 0x1E, 0xF8,
    0xE7, 0x1E, 0xF0, 0xE7, 0x1F, 0xF0, 0xE7, 0x0F, 0xF0, 0xE7, 0x0F, 0xF0, 0xE7, 0x0F, 0xF0, 0xE7,
    0x0F, 0xF0, 0xC3, 0x0F, 0xF0, 0x00, 0x00, 0xF0, 0x00, 0x00, 0xF0, 0x00, 0x00, 0xF0, 0x00, 0x00,
    0x78, 0x00, 0x00, 0x78, 0x00, 0x00, 0x7C, 0x00, 0x00, 0x3E, 0x00, 0x00, 0x1F, 0x00, 0x00, 0x0F,
    0xC0, 0x00, 0x3F, 0xFF, 0xFE, 0x3F, 0xFF, 0xFE, 0x3F, 0xFF, 0xFE, 0x0C, 0x60, 0x0E, 0x70, 0x07,
    0x38, 0x03, 0x9C, 0x01, 0xCE, 0x07, 0xFF, 0x83, 0xFF, 0xF1, 0xFF, 0xFC, 0xF0, 0xFE, 0x78, 0x0F,
    0xBC, 0x07, 0xDE, 0x01, 0xEF, 0x00, 0xF7, 0x80, 0xFB, 0xC0, 0x79, 0xE0, 0xFC, 0xFF, 0xFC, 0x7F,
    0xFC, 0x3F, 0xFF, 0x1E, 0x0F, 0xCF, 0x01, 0xF7, 0x80, 0x7B, 0xC0, 0x3F, 0xE0, 0x0F, 0xF0, 0x07,
    0xF8, 0x07, 0xFC, 0x03, 0xFE, 0x03, 0xEF, 0x03, 0xF7, 0xFF, 0xF3, 0xFF, 0xF1, 0xFF, 0xE0, 0x1C,
    0xE0, 0x0E, 0x70, 0x07, 0x38, 0x03, 0x9C, 0x00, 0x07, 0xFC, 0x3F, 0xFC, 0xFF, 0xF3, 0xF0, 0xE7,
    0xC0, 0x1F, 0x00, 0x3C, 0x00, 0x78, 0x00, 0xF0, 0x01, 0xE0, 0x03, 0xC0, 0x07, 0x80, 0x0F, 0x00,
    0x1E, 0x00, 0x3C, 0x00, 0x7C, 0x00, 0x78, 0x00, 0xFC, 0x18, 0xFF, 0xF0, 0xFF, 0xE0, 0x7F, 0xC0,
    0x00, 0x00, 0x00, 0x7F, 0xFE, 0xFF, 0xFD, 0xFF, 0xF8, 0x01, 0x80, 0x00, 0x1E, 0x00, 0x03, 0xF8,
    0x00, 0x3F, 0xC0, 0x00, 0xFE, 0x00, 0x03, 0xE0, 0x00, 0x1F, 0x00, 0x00, 0xF8, 0x03, 0xFF, 0x80,
    0xFF, 0xFC, 0x1F, 0xFF, 0xC3, 0xFF, 0xFE, 0x3E, 0x07, 0xE7, 0xC0, 0x3E, 0x78, 0x01, 0xFF, 0x80,
    0x1F, 0xF8, 0x00, 0xFF, 0x00, 0x0F, 0xF0, 0x00, 0xFF, 0x80, 0x0F, 0xF8, 0x01, 0xE7, 0x80, 0x1E,
    0x7C, 0x03, 0xE7, 0xE0, 0x7C, 0x3F, 0x9F, 0xC1, 0xFF, 0xF8, 0x0F, 0xFF, 0x00, 0x7F, 0xC0, 0x00,
    0xF0, 0x00, 0x01, 0xFE, 0x30, 0x1F, 0xFF, 0xE0, 0xFF, 0xFF, 0xC7, 0xFF, 0xFE, 0x3F, 0x03, 0xF0,
    0xF8, 0x1F, 0xC7, 0xC0, 0xFF, 0x9F, 0x07, 0xFE, 0x7C, 0x3F, 0x79, 0xE1, 0xF9, 0xE7, 0x8F, 0xC7,
    0x9E, 0x7E, 0x1E, 0x7F, 0xF0, 0xF9, 0xFF, 0x83, 0xE3, 0xFC, 0x1F, 0x8F, 0xE0, 0xFC, 0x3F, 0xCF,
    0xE1, 0xFF, 0xFF, 0x87, 0xFF, 0xFC, 0x0E, 0xFF, 0xC0, 0x10, 0xFC, 0x00, 0x00, 0x04, 0x00, 0x00,
    0x01, 0x80, 0x00, 0x00, 0x38, 0x00, 0x00, 0x0F, 0x00, 0x00, 0x01, 0xF0, 0x00, 0x00, 0x7E, 0x00,
    0x00, 0x0F, 0xE0, 0x00, 0x03, 0xFC, 0x00, 0x00, 0x7F, 0xC0, 0x00, 0x1F, 0x78, 0x00, 0x03, 0xCF,
    0x80, 0x00, 0x78, 0xF0, 0x00, 0x1E, 0x1F, 0x00, 0x03, 0xC1, 0xE0, 0x00, 0xF0, 0x3E, 0x00, 0x1E,
    0x03, 0xC0, 0x07, 0xC0, 0x7C, 0x00, 0xF0, 0x07, 0x80, 0x3E, 0x00, 0xF8, 0x07, 0x80, 0x0F, 0x01,
    0xF0, 0x01, 0xF0, 0x3C, 0x00, 0x1E, 0x0F, 0x80, 0x03, 0xE1, 0xE0, 0x00, 0x7C, 0x7F, 0xFF, 0xFF,
    0x8F, 0xFF, 0xFF, 0xFB, 0xFF, 0xFF, 0xFF, 0x00, 0xFF, 0xFF, 0xFF, 0xFF, 0xFF, 0xFF, 0xFF, 0xFF,
    0xFF, 0xFF, 0xFF, 0xFF, 0xFF, 0xFF, 0xFF, 0xF8, 0x78, 0x03, 0xC0, 0x3C, 0x01, 0xE0, 0x1E, 0x00,
    0xF0, 0x0F, 0x00, 0x78, 0x07, 0x80, 0x3C, 0x03, 0xC0, 0x1E, 0x01, 0xE0, 0x0F, 0x00, 0xF0, 0x07,
    0x80, 0x78, 0x03, 0xC0, 0x3C, 0x01, 0xE0, 0x1E, 0x00, 0xF0, 0x0F, 0x00, 0x78, 0x07, 0x80, 0x3C,
    0x03, 0xC0, 0x1E, 0x01, 0xE0, 0x0F, 0x00, 0xF0, 0x07, 0x80, 0x78, 0x03, 0xC0, 0x3C, 0x01, 0xE0,
    0x1E, 0x00, 0xF0, 0x0F, 0x00, 0x78, 0x07, 0x80, 0x3C, 0x03, 0xC0, 0x1E, 0x01, 0xE0, 0x0F, 0x00,
    0xF0, 0x07, 0x80, 0x78, 0x03, 0xC0, 0x3C, 0x01, 0xE0, 0x1E, 0x00, 0xF0, 0x0F, 0x00, 0x78, 0x07,
    0x80, 0x3C, 0x03, 0xC0, 0x1E, 0x00, 0x00, 0x00, 0x7F, 0xFF, 0x7F, 0xFF, 0xFF, 0xFF, 0xF8, 0x00,
    0x7C, 0x00, 0x7C, 0x00, 0x3E, 0x00, 0x1F, 0x00, 0x0F, 0x80, 0x07, 0xC0, 0x03, 0xE0, 0x01, 0xF0,
    0x01, 0xF0, 0x01, 0xE0, 0x03, 0xE0, 0x07, 0xC0, 0x0F, 0x80, 0x1F, 0x00, 0x3E, 0x00, 0x7C, 0x00,
    0xFC, 0x00, 0xF8, 0x00, 0xFF, 0xFF, 0x7F, 0xFF, 0x7F, 0xFF, 0xFF, 0xFF, 0xFF, 0xFF, 0xFF, 0xFF,
    0xFF, 0xFF, 0xFF, 0x00, 0x00, 0x70, 0x00, 0x0F, 0x00, 0x01, 0xE0, 0x00, 0x1E, 0x00, 0x03, 0xC0,
    0x00, 0x3C, 0x00, 0x07, 0x80, 0x00, 0x78, 0x00, 0x07, 0x00, 0x00, 0xF0, 0x00, 0x0E, 0x00, 0x01,
    0xE0, 0x00, 0x1C, 0x00, 0x03, 0xC0, 0x00, 0x38, 0x00, 0x07, 0x80, 0x00, 0x70, 0x00, 0x0F, 0x00,
    0x00, 0xE0, 0x00, 0x1E, 0x00, 0x01, 0xC0, 0x00, 0x3C, 0x00, 0x03, 0xC0, 0x00, 0x78, 0x00, 0x07,
    0x80, 0x00, 0xF0, 0x00, 0x0F, 0x00, 0x01, 0xE0, 0x00, 0x1E, 0x00, 0x03, 0xC0, 0x00, 0x3C, 0x00,
    0x07, 0x80, 0x00, 0x78, 0x00, 0x00, 0x00, 0x00, 0x3C, 0xF9, 0xFB, 0xF7, 0xC7, 0x00, 0x00, 0x00,
    0x7F, 0x80, 0x00, 0x3F, 0xC0, 0x00, 0x3F, 0xE0, 0x00, 0x1F, 0xF0, 0x00, 0x0F, 0x80, 0x00, 0x0F,
    0x80, 0x00, 0x07, 0xC0, 0x00, 0x03, 0xE0, 0x00, 0x03, 0xE0, 0x00, 0x01, 0xF0, 0x00, 0x00, 0xF0,
    0x00, 0x00, 0xF8, 0x00, 0x00, 0x7C, 0x00, 0x00, 0x3C, 0x03, 0xE0, 0x3E, 0x00, 0xF0, 0x1F, 0x00,
    0x7C, 0x0F, 0x00, 0x3E, 0x0F, 0x80, 0x0F, 0x07, 0xC0, 0x07, 0xC3, 0xC0, 0x01, 0xE3, 0xE0, 0x00,
    0xF1, 0xE0, 0x00, 0x7D, 0xF0, 0x00, 0x1E, 0xF8, 0x00, 0x0F, 0x78, 0x00, 0x03, 0xFC, 0x00, 0x01,
    0xFE, 0x00, 0x00, 0xFE, 0x00, 0x00, 0x3F, 0x00, 0x00, 0x1F, 0x80, 0x00, 0x07, 0x80, 0x00, 0x01,
    0x80, 0x00, 0x00, 0x00, 0x00, 0x00, 0x1F, 0xC0, 0x1F, 0xC0, 0x7F, 0xC0, 0x7F, 0xC1, 0xFF, 0xC3,
    0xFF, 0xC7, 0xEF, 0xCF, 0xCF, 0xCF, 0x03, 0xFE, 0x07, 0x9E, 0x03, 0xF8, 0x0F, 0x38, 0x03, 0xE0,
    0x0E, 0x70, 0x0F, 0xC0, 0x1C, 0xF0, 0x3F, 0xC0, 0x79, 0xE0, 0xFF, 0xC0, 0xF3, 0xF3, 0xE3, 0xE7,
    0xE3, 0xFF, 0x83, 0xFF, 0x87, 0xFE, 0x03, 0xFE, 0x03, 0xF8, 0x03, 0xF8, 0x00, 0x00, 0x00, 0x00,
    0x00, 0x07, 0xF0, 0x00, 0x3F, 0xE0, 0x01, 0xFF, 0x80, 0x07, 0xFE, 0x00, 0x3F, 0x30, 0x00, 0xF8,
    0x00, 0x03, 0xC0, 0x00, 0x0F, 0x00, 0x00, 0x3C, 0x00, 0x01, 0xF0, 0x00, 0x07, 0xC0, 0x00, 0x1F,
    0x00, 0x00, 0x78, 0x00, 0x01, 0xE0, 0x00, 0x0F, 0x80, 0x00, 0x3E, 0x00, 0x00, 0xF8, 0x00, 0x03,
    0xE0, 0x00, 0x0F, 0x00, 0x00, 0x3C, 0x00, 0x01, 0xF0, 0x00, 0x07, 0xC0, 0x00, 0x1F, 0x00, 0x00,
    0x7C, 0x00, 0x01, 0xE0, 0x00, 0x07, 0x80, 0x00, 0x3E, 0x00, 0x00, 0xF8, 0x00, 0x67, 0xC0, 0x01,
    0xFF, 0x00, 0x0F, 0xF8, 0x00, 0x3F, 0xE0, 0x00, 0x7E, 0x00, 0x00, 0x3E, 0x00, 0x3F, 0xC1, 0xFF,
    0xFC, 0xFF, 0xFF, 0xFE, 0x1F, 0xF0, 0x01, 0xF8, 0x00, 0x00, 0x7C, 0x00, 0x7F, 0x83, 0xFF, 0xF9,
    0xFF, 0xFF, 0xFC, 0x3F, 0xE0, 0x03, 0xF0, 0x00, 0x07, 0x00, 0x01, 0xE0, 0x00, 0x78, 0x00, 0x0F,
    0x00, 0x03, 0xC1, 0xFF, 0xFF, 0xFF, 0xFF, 0xFF, 0xFF, 0xFF, 0x7F, 0xFF, 0xE0, 0x1E, 0x00, 0x07,
    0x80, 0x00, 0xF0, 0x07, 0xFF, 0xFD, 0xFF, 0xFF, 0xFF, 0xFF, 0xFF, 0xFF, 0xFF, 0x0F, 0x00, 0x01,
    0xE0, 0x00, 0x78, 0x00, 0x0F, 0x00, 0x01, 0xC0, 0x00, 0x00, 0x00, 0x80, 0x00, 0xF0, 0x00, 0xFF,
    0x00, 0x7F, 0xE0, 0x7F, 0xF0, 0x7F, 0xF0, 0x3F, 0xF0, 0x07, 0xF8, 0x00, 0xFF, 0xC0, 0x0F, 0xFE,
    0x00, 0x3F, 0xF8, 0x01, 0xFF, 0xC0, 0x07, 0xFC, 0x00, 0x1F, 0x00, 0x00, 0x60, 0x00, 0x00, 0xFF,
    0xFF, 0xFF, 0xFF, 0xFF, 0xFF, 0xFF, 0xFF, 0xFF, 0xF0, 0x10, 0x00, 0x03, 0xC0, 0x00, 0x3F, 0x80,
    0x03, 0xFF, 0x00, 0x0F, 0xFE, 0x00, 0x3F, 0xF8, 0x00, 0x7F, 0xE0, 0x00, 0xFE, 0x00, 0x3F, 0xE0,
    0x1F, 0xFC, 0x0F, 0xFF, 0x03, 0xFF, 0x80, 0x3F, 0xC0, 0x03, 0xE0, 0x00, 0x38, 0x00, 0x00, 0x00,
    0x00, 0xFF, 0xFF, 0xEF, 0xFF, 0xFE, 0xFF, 0xFF, 0xEF, 0xFF, 0xFE, 0x01, 0xFC, 0x0F, 0xE0, 0x7F,
    0xC3, 0xFE, 0x0F, 0xFC, 0x7F, 0xE0, 0xF9, 0xC7, 0xCE, 0x0F, 0x00, 0x78, 0x01, 0xF0, 0x0F, 0x80,
    0x1E, 0x00, 0xF0, 0x01, 0xE0, 0x0F, 0x00, 0x1E, 0x00, 0xF0, 0x07, 0xFF, 0x3F, 0xF8, 0xFF, 0xF7,
    0xFF, 0x8F, 0xFF, 0x7F, 0xF8, 0x1E, 0x00, 0xF0, 0x01, 0xE0, 0x0F, 0x00, 0x1E, 0x00, 0xF0, 0x01,
    0xE0, 0x0F, 0x00, 0x1E, 0x00, 0xF0, 0x01, 0xE0, 0x0F, 0x00, 0x1E, 0x00, 0xF0, 0x01, 0xE0, 0x0F,
    0x00, 0x1E, 0x00, 0xF0, 0x01, 0xE0, 0x0F, 0x00, 0x1E, 0x00, 0xF0, 0x01, 0xE0, 0x0F, 0x00, 0x1E,
    0x00, 0xF0, 0x01, 0xE0, 0x0F, 0x00, 0x1E, 0x00, 0xF0, 0x01, 0xE0, 0x0F, 0x00, 0x1E, 0x00, 0xF0,
    0x01, 0xE0, 0x0F, 0x00, 0x00, 0x00, 0xF8, 0x0F, 0x07, 0xC1, 0xFE, 0x3E, 0x1F, 0xF1, 0xF1, 0xFF,
    0x8F, 0x8F, 0x98, 0x00, 0x78, 0x00, 0x03, 0xC0, 0x00, 0x1E, 0x00, 0x07, 0xFF, 0x87, 0xBF, 0xFC,
    0x3D, 0xFF, 0xE1, 0xEF, 0xFF, 0x0F, 0x0F, 0x00, 0x78, 0x78, 0x03, 0xC3, 0xC0, 0x1E, 0x1E, 0x00,
    0xF0, 0xF0, 0x07, 0x87, 0x80, 0x3C, 0x3C, 0x01, 0xE1, 0xE0, 0x0F, 0x0F, 0x00, 0x78, 0x78, 0x03,
    0xC3, 0xC0, 0x1E, 0x1E, 0x00, 0xF0, 0xF0, 0x07, 0x87, 0x80, 0x3C, 0x3C, 0x01, 0xE1, 0xE0, 0x0F,
    0x00, 0x03, 0xF0, 0xF0, 0xFF, 0x8F, 0x0F, 0xF8, 0xF1, 0xFF, 0x8F, 0x1F, 0x10, 0xF1, 0xE0, 0x0F,
    0x1E, 0x00, 0xF1, 0xE0, 0x0F, 0xFF, 0xF0, 0xFF, 0xFF, 0x0F, 0xFF, 0xF0, 0xFF, 0xFF, 0x0F, 0x1E,
    0x00, 0xF1, 0xE0, 0x0F, 0x1E, 0x00, 0xF1, 0xE0, 0x0F, 0x1E, 0x00, 0xF1, 0xE0, 0x0F, 0x1E, 0x00,
    0xF1, 0xE0, 0x0F, 0x1E, 0x00, 0xF1, 0xE0, 0x0F, 0x1E, 0x00, 0xF1, 0xE0, 0x0F, 0x1E, 0x00, 0xF1,
    0xE0, 0x0F, 0x1E, 0x00, 0xF1, 0xE0, 0x0F, 0x01, 0xFC, 0x0F, 0xE0, 0x07, 0xFC, 0x3F, 0xE7, 0x0F,
    0xFC, 0x7F, 0xEF, 0x0F, 0x88, 0x7C, 0x6F, 0x0F, 0x00, 0x78, 0x07, 0x1F, 0x00, 0xF8, 0x00, 0x1E,
    0x00, 0xF0, 0x00, 0x1E, 0x00, 0xF0, 0x00, 0x1E, 0x00, 0xF0, 0x00, 0x7F, 0xF3, 0xFF, 0x8F, 0xFF,
    0xF7, 0xFF, 0x8F, 0xFF, 0xF7, 0xFF, 0x8F, 0x1E, 0x00, 0xF0, 0x0F, 0x1E, 0x00, 0xF0, 0x0F, 0x1E,
    0x00, 0xF0, 0x0F, 0x1E, 0x00, 0xF0, 0x0F, 0x1E, 0x00, 0xF0, 0x0F, 0x1E, 0x00, 0xF0, 0x0F, 0x1E,
    0x00, 0xF0, 0x0F, 0x1E, 0x00, 0xF0, 0x0F, 0x1E, 0x00, 0xF0, 0x0F, 0x1E, 0x00, 0xF0, 0x0F, 0x1E,
    0x00, 0xF0, 0x0F, 0x1E, 0x00, 0xF0, 0x0F, 0x1E, 0x00, 0xF0, 0x0F, 0x1E, 0x00, 0xF0, 0x0F, 0x1E,
    0x00, 0xF0, 0x0F, 0x1E, 0x00, 0xF0, 0x0F, 0x1E, 0x00, 0xF0, 0x0F, 0x1E, 0x00, 0xF0, 0x0F, 0x03,
    0xFC, 0x1F, 0xEF, 0x07, 0xFC, 0x3F, 0xEF, 0x0F, 0xFC, 0x7F, 0xEF, 0x0F, 0x88, 0x7C, 0x4F, 0x1F,
    0x00, 0xF8, 0x0F, 0x1E, 0x00, 0xF0, 0x0F, 0x1E, 0x00, 0xF0, 0x0F, 0x1E, 0x00, 0xF0, 0x0F, 0x7F,
    0xF3, 0xFF, 0x8F, 0xFF, 0xF7, 0xFF, 0x8F, 0xFF, 0xF7, 0xFF, 0x8F, 0x1E, 0x00, 0xF0, 0x0F, 0x1E,
    0x00, 0xF0, 0x0F, 0x1E, 0x00, 0xF0, 0x0F, 0x1E, 0x00, 0xF0, 0x0F, 0x1E, 0x00, 0xF0, 0x0F, 0x1E,
    0x00, 0xF0, 0x0F, 0x1E, 0x00, 0xF0, 0x0F, 0x1E, 0x00, 0xF0, 0x0F, 0x1E, 0x00, 0xF0, 0x0F, 0x1E,
    0x00, 0xF0, 0x0F, 0x1E, 0x00, 0xF0, 0x0F, 0x1E, 0x00, 0xF0, 0x0F, 0x1E, 0x00, 0xF0, 0x0F, 0x1E,
    0x00, 0xF0, 0x0F, 0x1E, 0x00, 0xF0, 0x0F, 0x1E, 0x00, 0xF0, 0x0F, 0x1E, 0x00, 0xF0, 0x0F, 0x1E,
    0x00, 0xF0, 0x0F, 0x0F, 0xF0, 0x01, 0xFF, 0xE0, 0x1F, 0xFF, 0x80, 0xF8, 0xFC, 0x0F, 0x81, 0xF0,
    0x78, 0x07, 0x83, 0xC0, 0x3C, 0x1E, 0x01, 0xE0, 0xF0, 0x1F, 0x07, 0x83, 0xFF, 0xFC, 0x1F, 0xFF,
    0xE0, 0xFF, 0xFF, 0x00, 0xF0, 0x78, 0x07, 0x83, 0xC0, 0x3C, 0x1E, 0x01, 0xE0, 0xF0, 0x0F, 0x07,
    0x80, 0x78, 0x3C, 0x03, 0xC1, 0xE0, 0x1E, 0x0F, 0x00, 0xF0, 0x78, 0x07, 0x83, 0xC0, 0x3C, 0x1E,
    0x01, 0xE0, 0xF0, 0x0F, 0x07, 0x80, 0x78, 0x3C, 0x03, 0xE1, 0xE0, 0x1F, 0xFF, 0x00, 0x7F, 0xF8,
    0x01, 0xFC, 0x00, 0x07, 0xF0, 0x00, 0x00, 0xFF, 0xC0, 0x00, 0x0F, 0xFF, 0x00, 0x00, 0x7C, 0xFC,
    0x00, 0x07, 0xC1, 0xE0, 0x00, 0x3E, 0x0F, 0x00, 0x01, 0xE0, 0x78, 0x00, 0x0F, 0x03, 0xC0, 0x00,
    0x3C, 0x1E, 0x00, 0xFF, 0xE1, 0xFF, 0xDF, 0xFF, 0x1F, 0xFF, 0xFF, 0xF8, 0xFF, 0xFF, 0x83, 0xC1,
    0xE0, 0x78, 0x00, 0x0F, 0x03, 0xC0, 0x00, 0x78, 0x1E, 0x00, 0x03, 0xC0, 0xFC, 0x00, 0x1E, 0x03,
    0xF8, 0x00, 0xF0, 0x0F, 0xF0, 0x07, 0x80, 0x3F, 0xE0, 0x3C, 0x00, 0x3F, 0x81, 0xE0, 0x00, 0x7E,
    0x0F, 0x00, 0x00, 0xF8, 0x78, 0x00, 0x07, 0xC3, 0xC0, 0x00, 0x1E, 0x1E, 0x04, 0x01, 0xF0, 0xF8,
    0x3C, 0x1F, 0x03, 0xE1, 0xFF, 0xF8, 0x1F, 0xFF, 0xFF, 0x80, 0x7F, 0xBF, 0xF0, 0x01, 0xFC, 0x00,
    0x00, 0x00, 0x00, 0x00, 0x00, 0x1C, 0x00, 0x00, 0x00, 0x07, 0xC0, 0x00, 0x00, 0x01, 0xFC, 0x00,
    0x00, 0x00, 0x7F, 0xC0, 0x00, 0x00, 0x1F, 0xFC, 0x00, 0x00, 0x07, 0xFF, 0xC0, 0x00, 0x01, 0xFF,
    0xFC, 0x00, 0x00, 0x7F, 0x0F, 0xC0, 0x00, 0x1F, 0x00, 0x7C, 0x00, 0x07, 0xC0, 0x07, 0xC0, 0x01,
    0xFC, 0x70, 0xFC, 0x00, 0x7F, 0xFF, 0x0F, 0xC0, 0x1F, 0xFF, 0xE1, 0xFC, 0x07, 0xFF, 0xFC, 0x3F,
    0xC1, 0xFF, 0xFF, 0x8F, 0xFC, 0x7F, 0xFF, 0xE1, 0xFF, 0xDF, 0xFF, 0xF0, 0x7F, 0xFD, 0xFF, 0xFC,
    0x3F, 0xFF, 0x9F, 0xFF, 0x8F, 0xFF, 0xE1, 0xFF, 0xF1, 0xFF, 0xF8, 0x1F, 0xFC, 0x3F, 0xFE, 0x01,
    0xFF, 0xFF, 0xFF, 0x80, 0x1F, 0xFF, 0xFF, 0xE0, 0x01, 0xFF, 0xFF, 0xF8, 0x00, 0x1F, 0xE7, 0xFE,
    0x00, 0x01, 0xF8, 0x7F, 0x80, 0x00, 0x1F, 0x0F, 0xE0, 0x00, 0x01, 0xE1, 0xF8, 0x00, 0x00, 0x1E,
    0x7E, 0x00, 0x00, 0x01, 0xFF, 0x80, 0x00, 0x00, 0x1F, 0xE0, 0x00, 0x00, 0x01, 0xF8, 0x00, 0x00,
    0x00, 0x1E, 0x00, 0x00, 0x00, 0x01, 0x80, 0x00, 0x00, 0x00, 0x00, 0x00, 0x00,
};

static const EpdGlyph lexenddeca_18_regularGlyphs[] = {
    { 0, 0, 0, 0, 0, 0, 0 }, // U+0000
    { 0, 0, 166, 0, 0, 0, 0 }, // U+000D
    { 0, 0, 168, 0, 0, 0, 0 }, // U+0020
    { 5, 26, 142, 2, 26, 17, 0 }, // !
    { 14, 10, 247, 1, 26, 18, 17 }, // "
    { 23, 26, 407, 1, 26, 75, 35 }, // #
    { 20, 33, 374, 1, 30, 83, 110 }, // $
    { 28, 26, 503, 1, 26, 91, 193 }, // %
    { 26, 26, 443, 2, 26, 85, 284 }, // &
    { 6, 10, 123, 1, 26, 8, 369 }, // '
    { 12, 34, 220, 1, 27, 51, 377 }, // (
    { 12, 34, 220, 1, 27, 51, 428 }, // )
    { 12, 12, 232, 1, 26, 18, 479 }, // *
    { 20, 18, 355, 1, 20, 45, 497 }, // +
    { 7, 12, 160, 2, 4, 11, 542 }, // ,
    { 11, 4, 236, 2, 13, 6, 553 }, // -
    { 5, 6, 137, 2, 6, 4, 559 }, // .
    { 20, 31, 334, 0, 26, 78, 563 }, // /
    { 19, 26, 364, 2, 26, 62, 641 }, // 0
    { 14, 26, 300, 3, 26, 46, 703 }, // 1
    { 18, 26, 329, 1, 26, 59, 749 }, // 2
    { 18, 26, 317, 1, 26, 59, 808 }, // 3
    { 22, 26, 372, 0, 26, 72, 867 }, // 4
    { 18, 26, 341, 1, 26, 59, 939 }, // 5
    { 18, 26, 334, 1, 26, 59, 998 }, // 6
    { 17, 26, 325, 2, 26, 56, 1057 }, // 7
    { 18, 26, 347, 2, 26, 59, 1113 }, // 8
    { 18, 26, 331, 1, 26, 59, 1172 }, // 9
    { 5, 20, 137, 2, 20, 13, 1231 }, // :
    { 7, 28, 157, 1, 20, 25, 1244 }, // ;
    { 16, 19, 314, 2, 19, 38, 1269 }, // <
    { 17, 11, 340, 2, 16, 24, 1307 }, // =
    { 16, 19, 314, 2, 19, 38, 1331 }, // >
    { 18, 26, 307, 0, 26, 59, 1369 }, // ?
    { 33, 34, 579, 1, 26, 141, 1428 }, // @
    { 26, 26, 420, 0, 26, 85, 1569 }, // A
    { 20, 26, 409, 4, 26, 65, 1654 }, // B
    { 23, 26, 407, 2, 26, 75, 1719 }, // C
    { 23, 26, 449, 4, 26, 75, 1794 }, // D
    { 17, 26, 368, 4, 26, 56, 1869 }, // E
    { 17, 26, 361, 4, 26, 56, 1925 }, // F
    { 25, 26, 460, 2, 26, 82, 1981 }, // G
    { 21, 26, 457, 4, 26, 69, 2063 }, // H
    { 13, 26, 287, 3, 26, 43, 2132 }, // I
    { 21, 26, 385, 1, 26, 69, 2175 }, // J
    { 23, 26, 439, 4, 26, 75, 2244 }, // K
    { 17, 26, 359, 4, 26, 56, 2319 }, // L
    { 25, 26, 518, 4, 26, 82, 2375 }, // M
    { 22, 26, 476, 4, 26, 72, 2457 }, // N
    { 26, 26, 469, 2, 26, 85, 2529 }, // O
    { 18, 26, 380, 4, 26, 59, 2614 }, // P
    { 26, 30, 469, 2, 26, 98, 2673 }, // Q
    { 21, 26, 417, 4, 26, 69, 2771 }, // R
    { 20, 26, 374, 1, 26, 65, 2840 }, // S
    { 19, 26, 346, 1, 26, 62, 2905 }, // T
    { 21, 26, 444, 3, 26, 69, 2967 }, // U
    { 26, 26, 429, 0, 26, 85, 3036 }, // V
    { 37, 26, 598, 0, 26, 121, 3121 }, // W
    { 25, 26, 411, 0, 26, 82, 3242 }, // X
    { 25, 26, 396, 0, 26, 82, 3324 }, // Y
    { 20, 26, 395, 2, 26, 65, 3406 }, // Z
    { 10, 34, 242, 3, 26, 43, 3471 }, // [
    { 20, 30, 334, 1, 26, 75, 3514 }, // <backslash>
    { 10, 34, 242, 2, 26, 43, 3589 }, // ]
    { 20, 14, 347, 1, 28, 35, 3632 }, // ^
    { 22, 4, 414, 2, -2, 11, 3667 }, // _
    { 9, 8, 300, 5, 30, 9, 3678 }, // `
    { 20, 20, 380, 1, 20, 50, 3687 }, // a
    { 20, 28, 378, 3, 28, 70, 3737 }, // b
    { 18, 20, 321, 1, 20, 45, 3807 }, // c
    { 20, 28, 380, 1, 28, 70, 3852 }, // d
    { 19, 20, 352, 1, 20, 48, 3922 }, // e
    { 13, 28, 236, 2, 28, 46, 3970 }, // f
    { 20, 28, 389, 1, 20, 70, 4016 }, // g
    { 17, 28, 357, 3, 28, 60, 4086 }, // h
    { 5, 29, 167, 3, 29, 19, 4146 }, // i
    { 9, 36, 159, -1, 28, 41, 4165 }, // j
    { 19, 28, 341, 3, 28, 67, 4206 }, // k
    { 4, 28, 151, 3, 28, 14, 4273 }, // l
    { 30, 20, 553, 3, 20, 75, 4287 }, // m
    { 17, 20, 357, 3, 20, 43, 4362 }, // n
    { 20, 20, 369, 1, 20, 50, 4405 }, // o
    { 20, 28, 379, 3, 20, 70, 4455 }, // p
    { 19, 28, 378, 1, 20, 67, 4525 }, // q
    { 13, 20, 242, 3, 20, 33, 4592 }, // r
    { 16, 20, 287, 1, 20, 40, 4625 }, // s
    { 13, 25, 230, 1, 25, 41, 4665 }, // t
    { 17, 20, 363, 3, 20, 43, 4706 }, // u
    { 21, 20, 344, 0, 20, 53, 4749 }, // v
    { 30, 20, 480, 0, 20, 75, 4802 }, // w
    { 21, 20, 337, 0, 20, 53, 4877 }, // x
    { 22, 28, 349, 0, 20, 77, 4930 }, // y
    { 14, 20, 290, 2, 20, 35, 5007 }, // z
    { 14, 35, 247, 2, 27, 62, 5042 }, // {
    { 4, 35, 139, 3, 28, 18, 5104 }, // |
    { 14, 35, 247, 0, 27, 62, 5122 }, // }
    { 16, 6, 306, 1, 14, 12, 5184 }, // ~
    { 0, 0, 168, 0, 0, 0, 5196 }, // U+00A0
    { 5, 27, 142, 2, 20, 17, 5196 }, // U+00A1
    { 18, 26, 321, 1, 26, 59, 5213 }, // U+00A2
    { 22, 26, 366, 1, 26, 72, 5272 }, // U+00A3
    { 18, 18, 330, 2, 21, 41, 5344 }, // U+00A4
    { 25, 26, 396, -1, 26, 82, 5385 }, // U+00A5
    { 4, 35, 143, 3, 27, 18, 5467 }, // U+00A6
    { 18, 32, 329, 2, 26, 72, 5485 }, // U+00A7
    { 13, 5, 300, 3, 29, 9, 5557 }, // U+00A8
    { 27, 27, 472, 1, 27, 92, 5566 }, // U+00A9
    { 12, 12, 219, 1, 27, 18, 5658 }, // U+00AA
    { 17, 17, 292, 0, 18, 37, 5676 }, // U+00AB
    { 22, 11, 402, 1, 15, 31, 5713 }, // U+00AC
    { 11, 4, 236, 2, 13, 6, 5744 }, // U+00AD
    { 18, 17, 304, 1, 27, 39, 5750 }, // U+00AE
    { 11, 3, 254, 4, 27, 5, 5789 }, // U+00AF
    { 12, 12, 319, 4, 27, 18, 5794 }, // U+00B0
    { 18, 20, 349, 2, 20, 45, 5812 }, // U+00B1
    { 11, 13, 208, 1, 29, 18, 5857 }, // U+00B2
    { 11, 14, 205, 1, 29, 20, 5875 }, // U+00B3
    { 9, 8, 300, 5, 30, 9, 5895 }, // U+00B4
    { 17, 25, 352, 3, 20, 54, 5904 }, // U+00B5
    { 22, 26, 427, 1, 26, 72, 5958 }, // U+00B6
    { 5, 6, 137, 2, 15, 4, 6030 }, // U+00B7
    { 8, 10, 300, 5, 1, 10, 6034 }, // U+00B8
    { 7, 13, 169, 2, 29, 12, 6044 }, // U+00B9
    { 12, 12, 212, 1, 27, 18, 6056 }, // U+00BA
    { 17, 17, 295, 1, 18, 37, 6074 }, // U+00BB
    { 26, 26, 476, 2, 26, 85, 6111 }, // U+00BC
    { 26, 26, 471, 2, 26, 85, 6196 }, // U+00BD
    { 28, 26, 475, 0, 26, 91, 6281 }, // U+00BE
    { 18, 27, 307, 1, 20, 61, 6372 }, // U+00BF
    { 26, 35, 420, 0, 35, 114, 6433 }, // U+00C0
    { 26, 35, 420, 0, 35, 114, 6547 }, // U+00C1
    { 26, 34, 420, 0, 34, 111, 6661 }, // U+00C2
    { 25, 33, 420, 1, 33, 104, 6772 }, // U+00C3
    { 25, 33, 420, 1, 33, 104, 6876 }, // U+00C4
    { 26, 34, 420, 0, 34, 111, 6980 }, // U+00C5
    { 34, 26, 581, -1, 26, 111, 7091 }, // U+00C6
    { 23, 35, 407, 2, 26, 101, 7202 }, // U+00C7
    { 17, 35, 368, 4, 35, 75, 7303 }, // U+00C8
    { 17, 35, 368, 4, 35, 75, 7378 }, // U+00C9
    { 17, 34, 368, 4, 34, 73, 7453 }, // U+00CA
    { 17, 33, 368, 4, 33, 71, 7526 }, // U+00CB
    { 13, 35, 287, 3, 35, 57, 7597 }, // U+00CC
    { 13, 35, 287, 3, 35, 57, 7654 }, // U+00CD
    { 13, 34, 287, 3, 34, 56, 7711 }, // U+00CE
    { 13, 33, 287, 3, 33, 54, 7767 }, // U+00CF
    { 25, 26, 449, 2, 26, 82, 7821 }, // U+00D0
    { 22, 33, 476, 4, 33, 91, 7903 }, // U+00D1
    { 26, 34, 469, 2, 34, 111, 7994 }, // U+00D2
    { 26, 34, 469, 2, 34, 111, 8105 }, // U+00D3
    { 26, 34, 469, 2, 34, 111, 8216 }, // U+00D4
    { 26, 33, 469, 2, 33, 108, 8327 }, // U+00D5
    { 26, 34, 469, 2, 34, 111, 8435 }, // U+00D6
    { 16, 17, 290, 1, 19, 34, 8546 }, // U+00D7
    { 26, 30, 462, 2, 28, 98, 8580 }, // U+00D8
    { 21, 35, 444, 3, 35, 92, 8678 }, // U+00D9
    { 21, 35, 444, 3, 35, 92, 8770 }, // U+00DA
    { 21, 34, 444, 3, 34, 90, 8862 }, // U+00DB
    { 21, 33, 444, 3, 33, 87, 8952 }, // U+00DC
    { 25, 35, 396, 0, 35, 110, 9039 }, // U+00DD
    { 18, 26, 380, 4, 26, 59, 9149 }, // U+00DE
    { 22, 28, 398, 2, 28, 77, 9208 }, // U+00DF
    { 20, 30, 380, 1, 30, 75, 9285 }, // U+00E0
    { 20, 30, 380, 1, 30, 75, 9360 }, // U+00E1
    { 20, 29, 380, 1, 29, 73, 9435 }, // U+00E2
    { 20, 28, 380, 1, 28, 70, 9508 }, // U+00E3
    { 20, 29, 380, 1, 29, 73, 9578 }, // U+00E4
    { 20, 31, 380, 1, 31, 78, 9651 }, // U+00E5
    { 31, 20, 539, 1, 20, 78, 9729 }, // U+00E6
    { 18, 29, 321, 1, 20, 66, 9807 }, // U+00E7
    { 19, 30, 352, 1, 30, 72, 9873 }, // U+00E8
    { 19, 30, 352, 1, 30, 72, 9945 }, // U+00E9
    { 19, 29, 352, 1, 29, 69, 10017 }, // U+00EA
    { 19, 29, 352, 1, 29, 69, 10086 }, // U+00EB
    { 9, 30, 146, 0, 30, 34, 10155 }, // U+00EC
    { 9, 30, 146, 0, 30, 34, 10189 }, // U+00ED
    { 13, 28, 146, -2, 28, 46, 10223 }, // U+00EE
    { 13, 29, 146, -2, 29, 48, 10269 }, // U+00EF
    { 19, 28, 344, 1, 28, 67, 10317 }, // U+00F0
    { 17, 28, 357, 3, 28, 60, 10384 }, // U+00F1
    { 20, 30, 369, 1, 30, 75, 10444 }, // U+00F2
    { 20, 30, 369, 1, 30, 75, 10519 }, // U+00F3
    { 20, 29, 369, 1, 29, 73, 10594 }, // U+00F4
    { 20, 28, 369, 1, 28, 70, 10667 }, // U+00F5
    { 20, 29, 369, 1, 29, 73, 10737 }, // U+00F6
    { 19, 18, 358, 2, 19, 43, 10810 }, // U+00F7
    { 20, 22, 369, 1, 21, 55, 10853 }, // U+00F8
    { 17, 30, 363, 3, 30, 64, 10908 }, // U+00F9
    { 17, 30, 363, 3, 30, 64, 10972 }, // U+00FA
    { 17, 29, 363, 3, 29, 62, 11036 }, // U+00FB
    { 17, 29, 363, 3, 29, 62, 11098 }, // U+00FC
    { 22, 38, 349, 0, 30, 105, 11160 }, // U+00FD
    { 20, 36, 379, 3, 28, 90, 11265 }, // U+00FE
    { 23, 37, 349, 0, 29, 107, 11355 }, // U+00FF
    { 24, 32, 420, 1, 32, 96, 11462 }, // U+0100
    { 20, 27, 380, 1, 27, 68, 11558 }, // U+0101
    { 26, 34, 420, 0, 34, 111, 11626 }, // U+0102
    { 20, 29, 380, 1, 29, 73, 11737 }, // U+0103
    { 26, 34, 420, 1, 26, 111, 11810 }, // U+0104
    { 21, 28, 380, 1, 20, 74, 11921 }, // U+0105
    { 23, 34, 407, 2, 34, 98, 11995 }, // U+0106
    { 18, 30, 321, 1, 30, 68, 12093 }, // U+0107
    { 23, 34, 407, 2, 34, 98, 12161 }, // U+0108
    { 18, 29, 321, 1, 29, 66, 12259 }, // U+0109
    { 22, 34, 407, 2, 34, 94, 12325 }, // U+010A
    { 18, 29, 321, 1, 29, 66, 12419 }, // U+010B
    { 23, 34, 407, 2, 34, 98, 12485 }, // U+010C
    { 18, 29, 321, 1, 29, 66, 12583 }, // U+010D
    { 23, 34, 449, 4, 34, 98, 12649 }, // U+010E
    { 27, 28, 392, 1, 28, 95, 12747 }, // U+010F
    { 25, 26, 449, 2, 26, 82, 12842 }, // U+0110
    { 23, 28, 380, 1, 28, 81, 12924 }, // U+0111
    { 17, 32, 368, 4, 32, 68, 13005 }, // U+0112
    { 19, 27, 352, 1, 27, 65, 13073 }, // U+0113
    { 17, 34, 368, 4, 34, 73, 13138 }, // U+0114
    { 19, 29, 352, 1, 29, 69, 13211 }, // U+0115
    { 17, 33, 368, 4, 33, 71, 13280 }, // U+0116
    { 20, 29, 352, 1, 29, 73, 13351 }, // U+0117
    { 17, 34, 368, 4, 26, 73, 13424 }, // U+0118
    { 19, 28, 352, 1, 20, 67, 13497 }, // U+0119
    { 17, 34, 368, 4, 34, 73, 13564 }, // U+011A
    { 19, 29, 352, 1, 29, 69, 13637 }, // U+011B
    { 25, 34, 460, 2, 34, 107, 13706 }, // U+011C
    { 20, 37, 389, 1, 29, 93, 13813 }, // U+011D
    { 25, 34, 460, 2, 34, 107, 13906 }, // U+011E
    { 20, 37, 389, 1, 29, 93, 14013 }, // U+011F
    { 25, 34, 460, 2, 34, 107, 14106 }, // U+0120
    { 20, 37, 389, 1, 29, 93, 14213 }, // U+0121
    { 25, 35, 460, 2, 26, 110, 14306 }, // U+0122
    { 20, 39, 389, 1, 31, 98, 14416 }, // U+0123
    { 21, 34, 457, 4, 34, 90, 14514 }, // U+0124
    { 17, 35, 357, 3, 35, 75, 14604 }, // U+0125
    { 29, 26, 514, 2, 26, 95, 14679 }, // U+0126
    { 19, 28, 357, 1, 28, 67, 14774 }, // U+0127
    { 13, 33, 287, 2, 33, 54, 14841 }, // U+0128
    { 12, 28, 146, -1, 28, 42, 14895 }, // U+0129
    { 13, 32, 287, 3, 32, 52, 14937 }, // U+012A
    { 11, 27, 146, -1, 27, 38, 14989 }, // U+012B
    { 13, 34, 287, 3, 34, 56, 15027 }, // U+012C
    { 13, 29, 146, -2, 29, 48, 15083 }, // U+012D
    { 13, 34, 287, 3, 26, 56, 15131 }, // U+012E
    { 9, 36, 146, -1, 28, 41, 15187 }, // U+012F
    { 13, 33, 287, 3, 33, 54, 15228 }, // U+0130
    { 4, 20, 146, 3, 20, 10, 15282 }, // U+0131
    { 37, 26, 672, 3, 26, 121, 15292 }, // U+0132
    { 16, 36, 326, 3, 28, 72, 15413 }, // U+0133
    { 21, 34, 385, 1, 34, 90, 15485 }, // U+0134
    { 13, 36, 158, -2, 28, 59, 15575 }, // U+0135
    { 23, 35, 439, 4, 26, 101, 15634 }, // U+0136
    { 19, 37, 341, 3, 28, 88, 15735 }, // U+0137
    { 18, 20, 332, 3, 20, 45, 15823 }, // U+0138
    { 19, 35, 359, 2, 35, 84, 15868 }, // U+0139
    { 10, 37, 151, 1, 37, 47, 15952 }, // U+013A
    { 17, 35, 359, 4, 26, 75, 15999 }, // U+013B
    { 6, 37, 151, 1, 28, 28, 16074 }, // U+013C
    { 17, 26, 359, 4, 26, 56, 16102 }, // U+013D
    { 11, 28, 163, 3, 28, 39, 16158 }, // U+013E
    { 17, 26, 359, 4, 26, 56, 16197 }, // U+013F
    { 11, 28, 211, 3, 28, 39, 16253 }, // U+0140
    { 21, 26, 383, 1, 26, 69, 16292 }, // U+0141
    { 10, 28, 152, 0, 28, 35, 16361 }, // U+0142
    { 22, 35, 476, 4, 35, 97, 16396 }, // U+0143
    { 17, 30, 357, 3, 30, 64, 16493 }, // U+0144
    { 22, 35, 476, 4, 26, 97, 16557 }, // U+0145
    { 17, 29, 357, 3, 20, 62, 16654 }, // U+0146
    { 22, 34, 476, 4, 34, 94, 16716 }, // U+0147
    { 17, 29, 357, 3, 29, 62, 16810 }, // U+0148
    { 24, 26, 382, -3, 26, 78, 16872 }, // U+0149
    { 22, 34, 476, 4, 26, 94, 16950 }, // U+014A
    { 17, 28, 357, 3, 20, 60, 17044 }, // U+014B
    { 26, 33, 469, 2, 33, 108, 17104 }, // U+014C
    { 20, 27, 369, 1, 27, 68, 17212 }, // U+014D
    { 26, 34, 469, 2, 34, 111, 17280 }, // U+014E
    { 20, 29, 369, 1, 29, 73, 17391 }, // U+014F
    { 26, 35, 469, 2, 35, 114, 17464 }, // U+0150
    { 20, 30, 369, 1, 30, 75, 17578 }, // U+0151
    { 34, 26, 616, 2, 26, 111, 17653 }, // U+0152
    { 35, 20, 610, 1, 20, 88, 17764 }, // U+0153
    { 21, 35, 417, 4, 35, 92, 17852 }, // U+0154
    { 13, 30, 242, 3, 30, 49, 17944 }, // U+0155
    { 21, 35, 417, 4, 26, 92, 17993 }, // U+0156
    { 14, 29, 242, 1, 20, 51, 18085 }, // U+0157
    { 21, 34, 417, 4, 34, 90, 18136 }, // U+0158
    { 13, 29, 242, 3, 29, 48, 18226 }, // U+0159
    { 20, 34, 374, 1, 34, 85, 18274 }, // U+015A
    { 16, 30, 287, 1, 30, 60, 18359 }, // U+015B
    { 20, 34, 374, 1, 34, 85, 18419 }, // U+015C
    { 16, 29, 287, 1, 29, 58, 18504 }, // U+015D
    { 20, 35, 374, 1, 26, 88, 18562 }, // U+015E
    { 16, 29, 287, 1, 20, 58, 18650 }, // U+015F
    { 20, 34, 374, 1, 34, 85, 18708 }, // U+0160
    { 16, 29, 287, 1, 29, 58, 18793 }, // U+0161
    { 19, 36, 346, 1, 26, 86, 18851 }, // U+0162
    { 13, 35, 230, 1, 25, 57, 18937 }, // U+0163
    { 19, 34, 346, 1, 34, 81, 18994 }, // U+0164
    { 15, 30, 230, 1, 30, 57, 19075 }, // U+0165
    { 19, 26, 346, 1, 26, 62, 19132 }, // U+0166
    { 13, 25, 230, 1, 25, 41, 19194 }, // U+0167
    { 21, 33, 444, 3, 33, 87, 19235 }, // U+0168
    { 17, 28, 363, 3, 28, 60, 19322 }, // U+0169
    { 21, 32, 444, 3, 32, 84, 19382 }, // U+016A
    { 17, 27, 363, 3, 27, 58, 19466 }, // U+016B
    { 21, 34, 444, 3, 34, 90, 19524 }, // U+016C
    { 17, 29, 363, 3, 29, 62, 19614 }, // U+016D
    { 21, 34, 444, 3, 34, 90, 19676 }, // U+016E
    { 17, 31, 363, 3, 31, 66, 19766 }, // U+016F
    { 21, 35, 444, 3, 35, 92, 19832 }, // U+0170
    { 17, 30, 363, 3, 30, 64, 19924 }, // U+0171
    { 21, 34, 444, 3, 26, 90, 19988 }, // U+0172
    { 18, 28, 363, 3, 20, 63, 20078 }, // U+0173
    { 37, 34, 598, 0, 34, 158, 20141 }, // U+0174
    { 30, 28, 480, 0, 28, 105, 20299 }, // U+0175
    { 25, 34, 396, 0, 34, 107, 20404 }, // U+0176
    { 22, 37, 349, 0, 29, 102, 20511 }, // U+0177
    { 25, 33, 396, 0, 33, 104, 20613 }, // U+0178
    { 20, 35, 395, 2, 35, 88, 20717 }, // U+0179
    { 14, 30, 290, 2, 30, 53, 20805 }, // U+017A
    { 20, 33, 395, 2, 33, 83, 20858 }, // U+017B
    { 14, 29, 290, 2, 29, 51, 20941 }, // U+017C
    { 20, 34, 395, 2, 34, 85, 20992 }, // U+017D
    { 14, 29, 290, 2, 29, 51, 21077 }, // U+017E
    { 11, 30, 196, 3, 30, 42, 21128 }, // U+017F
    { 26, 31, 469, 2, 31, 101, 21170 }, // U+01A0
    { 20, 24, 369, 1, 24, 60, 21271 }, // U+01A1
    { 26, 31, 444, 3, 31, 101, 21331 }, // U+01AF
    { 20, 24, 363, 3, 24, 60, 21432 }, // U+01B0
    { 45, 34, 817, 4, 34, 192, 21492 }, // U+01C4
    { 40, 28, 739, 4, 28, 140, 21684 }, // U+01C5
    { 38, 29, 671, 1, 29, 138, 21824 }, // U+01C6
    { 41, 26, 745, 4, 26, 134, 21962 }, // U+01C7
    { 27, 36, 518, 4, 28, 122, 22096 }, // U+01C8
    { 14, 36, 301, 3, 28, 63, 22218 }, // U+01C9
    { 48, 26, 861, 4, 26, 156, 22281 }, // U+01CA
    { 34, 36, 635, 4, 28, 153, 22437 }, // U+01CB
    { 27, 36, 516, 3, 28, 122, 22590 }, // U+01CC
    { 26, 34, 420, 0, 34, 111, 22712 }, // U+01CD
    { 20, 29, 380, 1, 29, 73, 22823 }, // U+01CE
    { 13, 34, 287, 3, 34, 56, 22896 }, // U+01CF
    { 12, 29, 146, -1, 29, 44, 22952 }, // U+01D0
    { 26, 34, 469, 2, 34, 111, 22996 }, // U+01D1
    { 20, 29, 369, 1, 29, 73, 23107 }, // U+01D2
    { 21, 34, 444, 3, 34, 90, 23180 }, // U+01D3
    { 17, 29, 363, 3, 29, 62, 23270 }, // U+01D4
    { 21, 40, 439, 3, 40, 105, 23332 }, // U+01D5
    { 17, 33, 371, 3, 33, 71, 23437 }, // U+01D6
    { 21, 41, 439, 3, 41, 108, 23508 }, // U+01D7
    { 17, 34, 371, 3, 34, 73, 23616 }, // U+01D8
    { 21, 41, 439, 3, 41, 108, 23689 }, // U+01D9
    { 17, 35, 371, 3, 35, 75, 23797 }, // U+01DA
    { 21, 41, 439, 3, 41, 108, 23872 }, // U+01DB
    { 17, 34, 371, 3, 34, 73, 23980 }, // U+01DC
    { 17, 21, 338, 2, 21, 45, 24053 }, // U+01DD
    { 25, 39, 383, -1, 39, 122, 24098 }, // U+01DE
    { 17, 33, 337, 2, 33, 71, 24220 }, // U+01DF
    { 25, 39, 383, -1, 39, 122, 24291 }, // U+01E0
    { 17, 33, 337, 2, 33, 71, 24413 }, // U+01E1
    { 31, 33, 529, 0, 33, 128, 24484 }, // U+01E2
    { 29, 27, 518, 2, 27, 98, 24612 }, // U+01E3
    { 25, 27, 437, 2, 27, 85, 24710 }, // U+01E4
    { 20, 30, 369, 2, 21, 75, 24795 }, // U+01E5
    { 25, 34, 460, 2, 34, 107, 24870 }, // U+01E6
    { 20, 37, 389, 1, 29, 93, 24977 }, // U+01E7
    { 20, 37, 371, 4, 37, 93, 25070 }, // U+01E8
    { 22, 38, 320, -2, 38, 105, 25163 }, // U+01E9
    { 26, 34, 469, 2, 26, 111, 25268 }, // U+01EA
    { 20, 28, 369, 1, 20, 70, 25379 }, // U+01EB
    { 25, 41, 469, 2, 33, 129, 25449 }, // U+01EC
    { 19, 35, 363, 2, 27, 84, 25578 }, // U+01ED
    { 19, 37, 350, 1, 37, 88, 25662 }, // U+01EE
    { 18, 39, 299, 0, 30, 88, 25750 }, // U+01EF
    { 14, 39, 155, -2, 30, 69, 25838 }, // U+01F0
    { 45, 26, 817, 4, 26, 147, 25907 }, // U+01F1
    { 40, 26, 739, 4, 26, 130, 26054 }, // U+01F2
    { 37, 29, 651, 2, 29, 135, 26184 }, // U+01F3
    { 23, 37, 437, 2, 37, 107, 26319 }, // U+01F4
    { 18, 39, 369, 2, 30, 88, 26426 }, // U+01F5
    { 28, 27, 563, 4, 27, 95, 26514 }, // U+01F6
    { 19, 36, 397, 4, 27, 86, 26609 }, // U+01F7
    { 22, 37, 456, 4, 37, 102, 26695 }, // U+01F8
    { 17, 30, 371, 3, 30, 64, 26797 }, // U+01F9
    { 26, 41, 420, 0, 41, 134, 26861 }, // U+01FA
    { 20, 39, 380, 1, 39, 98, 26995 }, // U+01FB
    { 34, 35, 581, -1, 35, 149, 27093 }, // U+01FC
    { 31, 30, 539, 1, 30, 117, 27242 }, // U+01FD
    { 26, 36, 462, 2, 34, 117, 27359 }, // U+01FE
    { 20, 31, 369, 1, 30, 78, 27476 }, // U+01FF
    { 26, 35, 420, 0, 35, 114, 27554 }, // U+0200
    { 20, 30, 380, 1, 30, 75, 27668 }, // U+0201
    { 26, 34, 420, 0, 34, 111, 27743 }, // U+0202
    { 20, 29, 380, 1, 29, 73, 27854 }, // U+0203
    { 18, 35, 368, 3, 35, 79, 27927 }, // U+0204
    { 20, 30, 352, 0, 30, 75, 28006 }, // U+0205
    { 17, 34, 368, 4, 34, 73, 28081 }, // U+0206
    { 19, 29, 352, 1, 29, 69, 28154 }, // U+0207
    { 17, 35, 287, -1, 35, 75, 28223 }, // U+0208
    { 17, 30, 146, -6, 30, 64, 28298 }, // U+0209
    { 13, 34, 287, 3, 34, 56, 28362 }, // U+020A
    { 13, 29, 146, -2, 29, 48, 28418 }, // U+020B
    { 26, 35, 469, 2, 35, 114, 28466 }, // U+020C
    { 21, 30, 369, 0, 30, 79, 28580 }, // U+020D
    { 26, 34, 469, 2, 34, 111, 28659 }, // U+020E
    { 20, 29, 369, 1, 29, 73, 28770 }, // U+020F
    { 23, 35, 417, 2, 35, 101, 28843 }, // U+0210
    { 17, 30, 242, -1, 30, 64, 28944 }, // U+0211
    { 21, 34, 417, 4, 34, 90, 29008 }, // U+0212
    { 13, 29, 242, 3, 29, 48, 29098 }, // U+0213
    { 21, 35, 444, 3, 35, 92, 29146 }, // U+0214
    { 19, 30, 363, 1, 30, 72, 29238 }, // U+0215
    { 21, 34, 444, 3, 34, 90, 29310 }, // U+0216
    { 17, 29, 363, 3, 29, 62, 29400 }, // U+0217
    { 20, 35, 374, 1, 26, 88, 29462 }, // U+0218
    { 16, 29, 287, 1, 20, 58, 29550 }, // U+0219
    { 19, 35, 346, 1, 26, 84, 29608 }, // U+021A
    { 13, 34, 230, 1, 25, 56, 29692 }, // U+021B
    { 19, 35, 345, 0, 27, 84, 29748 }, // U+021C
    { 16, 31, 298, 1, 21, 62, 29832 }, // U+021D
    { 21, 37, 445, 4, 37, 98, 29894 }, // U+021E
    { 22, 38, 371, -2, 38, 105, 29992 }, // U+021F
    { 9, 8, 0, 5, 30, 9, 30097 }, // U+0300
    { 9, 8, 0, 5, 30, 9, 30106 }, // U+0301
    { 13, 6, 0, 3, 28, 10, 30115 }, // U+0302
    { 12, 5, 0, 3, 28, 8, 30125 }, // U+0303
    { 11, 3, 0, 4, 27, 5, 30133 }, // U+0304
    { 16, 3, 0, -8, 33, 6, 30138 }, // U+0305
    { 13, 7, 0, 3, 29, 12, 30144 }, // U+0306
    { 5, 5, 0, 7, 29, 4, 30156 }, // U+0307
    { 13, 5, 0, 3, 29, 9, 30160 }, // U+0308
    { 8, 8, 0, 5, 30, 8, 30169 }, // U+0309
    { 9, 8, 0, 5, 31, 9, 30177 }, // U+030A
    { 17, 8, 0, 1, 30, 17, 30186 }, // U+030B
    { 12, 6, 0, 3, 29, 9, 30203 }, // U+030C
    { 4, 6, 0, -1, 29, 3, 30212 }, // U+030D
    { 9, 6, 0, -4, 29, 7, 30215 }, // U+030E
    { 17, 8, 0, 1, 30, 17, 30222 }, // U+030F
    { 12, 9, 0, -6, 32, 14, 30239 }, // U+0310
    { 13, 8, 0, 3, 30, 13, 30253 }, // U+0311
    { 6, 8, 0, 7, 31, 6, 30266 }, // U+0312
    { 6, 9, 0, -3, 27, 7, 30272 }, // U+0313
    { 6, 9, 0, -3, 27, 7, 30279 }, // U+0314
    { 6, 9, 0, -3, 27, 7, 30286 }, // U+0315
    { 8, 6, 0, -4, -2, 6, 30293 }, // U+0316
    { 8, 6, 0, -4, -2, 6, 30299 }, // U+0317
    { 7, 7, 0, -3, -1, 7, 30305 }, // U+0318
    { 7, 7, 0, -3, -1, 7, 30312 }, // U+0319
    { 10, 10, 188, 1, 30, 13, 30319 }, // U+031A
    { 7, 7, 0, 5, 23, 7, 30332 }, // U+031B
    { 4, 8, 0, -2, -1, 4, 30339 }, // U+031C
    { 8, 6, 0, -4, -2, 6, 30343 }, // U+031D
    { 8, 7, 0, -4, -1, 7, 30349 }, // U+031E
    { 8, 8, 0, -4, -1, 8, 30356 }, // U+031F
    { 9, 3, 0, -4, -3, 4, 30364 }, // U+0320
    { 8, 11, 0, -7, 2, 11, 30368 }, // U+0321
    { 7, 11, 0, 0, 2, 10, 30379 }, // U+0322
    { 5, 5, 0, 7, -3, 4, 30389 }, // U+0323
    { 13, 5, 0, 3, -3, 9, 30393 }, // U+0324
    { 9, 8, 0, -4, -1, 9, 30402 }, // U+0325
    { 6, 8, 0, 6, -2, 6, 30411 }, // U+0326
    { 8, 10, 0, 5, 1, 10, 30417 }, // U+0327
    { 9, 9, 0, 5, 2, 11, 30427 }, // U+0328
    { 4, 6, 0, -1, -2, 3, 30438 }, // U+0329
    { 14, 7, 0, -7, -1, 13, 30441 }, // U+032A
    { 15, 5, 0, -7, -2, 10, 30454 }, // U+032B
    { 14, 6, 0, -7, -2, 11, 30464 }, // U+032C
    { 14, 6, 0, -7, -2, 11, 30475 }, // U+032D
    { 13, 7, 0, 3, -2, 12, 30486 }, // U+032E
    { 12, 6, 0, -6, -2, 9, 30498 }, // U+032F
    { 14, 5, 0, -7, -2, 9, 30507 }, // U+0330
    { 11, 3, 0, 4, -4, 5, 30516 }, // U+0331
    { 17, 3, 0, -8, -3, 7, 30521 }, // U+0332
    { 16, 8, 0, -8, -1, 16, 30528 }, // U+0333
    { 15, 5, 0, -7, 13, 10, 30544 }, // U+0334
    { 10, 4, 0, 4, 13, 5, 30554 }, // U+0335
    { 27, 3, 0, -13, 13, 11, 30559 }, // U+0336
    { 12, 9, 0, -6, 16, 14, 30570 }, // U+0337
    { 16, 32, 0, -8, 30, 64, 30584 }, // U+0338
    { 4, 8, 0, -2, -1, 4, 30648 }, // U+0339
    { 14, 7, 0, -7, -1, 13, 30652 }, // U+033A
    { 15, 8, 0, -7, -1, 15, 30665 }, // U+033B
    { 15, 5, 0, -7, -2, 10, 30680 }, // U+033C
    { 8, 9, 0, -4, 30, 9, 30690 }, // U+033D
    { 5, 11, 0, -2, 33, 7, 30699 }, // U+033E
    { 16, 8, 0, -8, 37, 16, 30706 }, // U+033F
    { 8, 6, 0, -6, 29, 6, 30722 }, // U+0340
    { 9, 6, 0, -2, 29, 7, 30728 }, // U+0341
    { 14, 5, 0, -7, 28, 9, 30735 }, // U+0342
    { 6, 8, 0, -3, 31, 6, 30744 }, // U+0343
    { 13, 7, 0, -6, 30, 12, 30750 }, // U+0344
    { 6, 6, 0, -1, -3, 5, 30762 }, // U+0345
    { 17, 7, 0, -8, 30, 15, 30767 }, // U+0346
    { 16, 8, 0, -8, -1, 16, 30782 }, // U+0347
    { 9, 6, 0, -4, -2, 7, 30798 }, // U+0348
    { 8, 8, 0, -4, -2, 8, 30805 }, // U+0349
    { 14, 9, 0, -7, 30, 16, 30813 }, // U+034A
    { 15, 13, 0, -8, 35, 25, 30829 }, // U+034B
    { 14, 10, 0, -7, 33, 18, 30854 }, // U+034C
    { 14, 9, 0, -7, 0, 16, 30872 }, // U+034D
    { 8, 9, 0, -4, 0, 9, 30888 }, // U+034E
    { 0, 0, 0, 0, 0, 0, 30897 }, // U+034F
    { 6, 8, 0, -3, 31, 6, 30897 }, // U+0350
    { 4, 8, 0, -2, 31, 4, 30903 }, // U+0351
    { 12, 9, 0, -6, 32, 14, 30907 }, // U+0352
    { 8, 8, 0, -4, -1, 8, 30921 }, // U+0353
    { 6, 8, 0, -3, -1, 6, 30929 }, // U+0354
    { 6, 8, 0, -3, -1, 6, 30935 }, // U+0355
    { 15, 8, 0, -7, -1, 15, 30941 }, // U+0356
    { 4, 8, 0, -2, 31, 4, 30956 }, // U+0357
    { 4, 4, 0, 5, 28, 2, 30960 }, // U+0358
    { 8, 8, 0, -4, -1, 8, 30962 }, // U+0359
    { 15, 8, 0, -7, -1, 15, 30970 }, // U+035A
    { 8, 8, 0, -4, 31, 8, 30985 }, // U+035B
    { 30, 7, 0, -15, -2, 27, 30993 }, // U+035C
    { 30, 7, 0, -15, 30, 27, 31020 }, // U+035D
    { 23, 2, 0, -11, 26, 6, 31047 }, // U+035E
    { 23, 2, 0, -11, -3, 6, 31053 }, // U+035F
    { 30, 5, 0, -15, 28, 19, 31059 }, // U+0360
    { 30, 8, 0, -15, 33, 30, 31078 }, // U+0361
    { 29, 9, 0, -14, 0, 33, 31108 }, // U+0362
    { 7, 8, 0, -3, 32, 7, 31141 }, // U+0363
    { 8, 8, 0, -3, 32, 8, 31148 }, // U+0364
    { 2, 11, 0, 0, 35, 3, 31156 }, // U+0365
    { 9, 8, 0, -4, 32, 9, 31159 }, // U+0366
    { 8, 8, 0, -3, 32, 8, 31168 }, // U+0367
    { 7, 8, 0, -3, 32, 7, 31176 }, // U+0368
    { 8, 12, 0, -4, 36, 12, 31183 }, // U+0369
    { 8, 12, 0, -4, 36, 12, 31195 }, // U+036A
    { 13, 8, 0, -6, 32, 13, 31207 }, // U+036B
    { 6, 8, 0, -2, 32, 6, 31220 }, // U+036C
    { 7, 11, 0, -3, 35, 10, 31226 }, // U+036D
    { 9, 8, 0, -4, 32, 9, 31236 }, // U+036E
    { 9, 8, 0, -4, 32, 9, 31245 }, // U+036F
    { 15, 37, 334, 4, 37, 70, 31254 }, // U+0400
    { 15, 35, 334, 4, 35, 66, 31324 }, // U+0401
    { 25, 27, 430, 1, 27, 85, 31390 }, // U+0402
    { 15, 37, 305, 4, 37, 70, 31475 }, // U+0403
    { 21, 27, 383, 2, 27, 71, 31545 }, // U+0404
    { 18, 27, 329, 1, 27, 61, 31616 }, // U+0405
    { 4, 27, 170, 4, 27, 14, 31677 }, // U+0406
    { 9, 35, 170, 1, 35, 40, 31691 }, // U+0407
    { 11, 35, 164, -3, 27, 49, 31731 }, // U+0408
    { 36, 27, 606, 1, 27, 122, 31780 }, // U+0409
    { 33, 27, 616, 4, 27, 112, 31902 }, // U+040A
    { 25, 27, 429, 1, 27, 85, 32014 }, // U+040B
    { 20, 37, 375, 4, 37, 93, 32099 }, // U+040C
    { 21, 37, 454, 4, 37, 98, 32192 }, // U+040D
    { 24, 35, 370, 0, 35, 105, 32290 }, // U+040E
    { 21, 33, 439, 4, 27, 87, 32395 }, // U+040F
    { 24, 27, 383, 0, 27, 81, 32482 }, // U+0410
    { 18, 27, 368, 4, 27, 61, 32563 }, // U+0411
    { 19, 27, 390, 4, 27, 65, 32624 }, // U+0412
    { 15, 27, 305, 4, 27, 51, 32689 }, // U+0413
    { 27, 34, 437, 1, 27, 115, 32740 }, // U+0414
    { 15, 27, 334, 4, 27, 51, 32855 }, // U+0415
    { 35, 27, 543, 0, 27, 119, 32906 }, // U+0416
    { 19, 27, 346, 1, 27, 65, 33025 }, // U+0417
    { 21, 27, 454, 4, 27, 71, 33090 }, // U+0418
    { 21, 35, 454, 4, 35, 92, 33161 }, // U+0419
    { 20, 27, 375, 4, 27, 68, 33253 }, // U+041A
    { 23, 27, 419, 1, 27, 78, 33321 }, // U+041B
    { 27, 27, 544, 4, 27, 92, 33399 }, // U+041C
    { 21, 27, 446, 4, 27, 71, 33491 }, // U+041D
    { 24, 27, 457, 2, 27, 81, 33562 }, // U+041E
    { 21, 27, 440, 4, 27, 71, 33643 }, // U+041F
    { 17, 27, 363, 4, 27, 58, 33714 }, // U+0420
    { 21, 27, 384, 2, 27, 71, 33772 }, // U+0421
    { 20, 27, 334, 1, 27, 68, 33843 }, // U+0422
    { 24, 27, 370, 0, 27, 81, 33911 }, // U+0423
    { 27, 28, 490, 2, 27, 95, 33992 }, // U+0424
    { 22, 27, 353, 0, 27, 75, 34087 }, // U+0425
    { 24, 33, 444, 4, 27, 99, 34162 }, // U+0426
    { 19, 27, 404, 3, 27, 65, 34261 }, // U+0427
    { 32, 27, 621, 4, 27, 108, 34326 }, // U+0428
    { 35, 33, 616, 4, 27, 145, 34434 }, // U+0429
    { 23, 27, 411, 1, 27, 78, 34579 }, // U+042A
    { 25, 27, 509, 4, 27, 85, 34657 }, // U+042B
    { 17, 27, 364, 4, 27, 58, 34742 }, // U+042C
    { 21, 27, 388, 1, 27, 71, 34800 }, // U+042D
    { 32, 27, 599, 4, 27, 108, 34871 }, // U+042E
    { 20, 27, 383, 1, 27, 68, 34979 }, // U+042F
    { 17, 21, 334, 2, 21, 45, 35047 }, // U+0430
    { 19, 31, 358, 2, 31, 74, 35092 }, // U+0431
    { 17, 21, 338, 3, 21, 45, 35166 }, // U+0432
    { 13, 21, 263, 3, 21, 35, 35211 }, // U+0433
    { 22, 27, 364, 1, 21, 75, 35246 }, // U+0434
    { 17, 21, 331, 2, 21, 45, 35321 }, // U+0435
    { 29, 21, 455, 0, 21, 77, 35366 }, // U+0436
    { 15, 21, 293, 1, 21, 40, 35443 }, // U+0437
    { 17, 21, 373, 3, 21, 45, 35483 }, // U+0438
    { 17, 29, 373, 3, 29, 62, 35528 }, // U+0439
    { 17, 21, 319, 3, 21, 45, 35590 }, // U+043A
    { 19, 21, 352, 0, 21, 50, 35635 }, // U+043B
    { 23, 21, 461, 3, 21, 61, 35685 }, // U+043C
    { 17, 21, 368, 3, 21, 45, 35746 }, // U+043D
    { 19, 21, 356, 2, 21, 50, 35791 }, // U+043E
    { 17, 21, 364, 3, 21, 45, 35841 }, // U+043F
    { 18, 30, 365, 3, 21, 68, 35886 }, // U+0440
    { 15, 21, 296, 2, 21, 40, 35954 }, // U+0441
    { 16, 21, 279, 1, 21, 42, 35994 }, // U+0442
    { 20, 30, 305, 0, 21, 75, 36036 }, // U+0443
    { 24, 39, 442, 2, 30, 117, 36111 }, // U+0444
    { 20, 21, 307, -1, 21, 53, 36228 }, // U+0445
    { 20, 27, 367, 3, 21, 68, 36281 }, // U+0446
    { 17, 21, 353, 2, 21, 45, 36349 }, // U+0447
    { 28, 21, 536, 3, 21, 74, 36394 }, // U+0448
    { 31, 27, 538, 3, 21, 105, 36468 }, // U+0449
    { 22, 21, 374, 0, 21, 58, 36573 }, // U+044A
    { 22, 21, 455, 3, 21, 58, 36631 }, // U+044B
    { 16, 21, 327, 3, 21, 42, 36689 }, // U+044C
    { 16, 21, 296, 2, 21, 42, 36731 }, // U+044D
    { 25, 21, 479, 3, 21, 66, 36773 }, // U+044E
    { 18, 21, 346, 1, 21, 48, 36839 }, // U+044F
    { 17, 30, 331, 2, 30, 64, 36887 }, // U+0450
    { 17, 27, 331, 2, 27, 58, 36951 }, // U+0451
    { 20, 38, 371, 1, 29, 95, 37009 }, // U+0452
    { 13, 30, 263, 3, 30, 49, 37104 }, // U+0453
    { 15, 21, 296, 2, 21, 40, 37153 }, // U+0454
    { 15, 21, 281, 1, 21, 40, 37193 }, // U+0455
    { 4, 27, 155, 3, 27, 14, 37233 }, // U+0456
    { 8, 27, 155, 1, 27, 27, 37247 }, // U+0457
    { 9, 36, 155, -2, 27, 41, 37274 }, // U+0458
    { 31, 21, 515, 0, 21, 82, 37315 }, // U+0459
    { 29, 21, 534, 3, 21, 77, 37397 }, // U+045A
    { 20, 29, 373, 1, 29, 73, 37474 }, // U+045B
    { 17, 30, 319, 3, 30, 64, 37547 }, // U+045C
    { 17, 30, 373, 3, 30, 64, 37611 }, // U+045D
    { 20, 38, 305, 0, 29, 95, 37675 }, // U+045E
    { 17, 27, 364, 3, 21, 58, 37770 }, // U+045F
    { 33, 27, 551, 1, 27, 112, 37828 }, // U+0460
    { 28, 21, 473, 1, 21, 74, 37940 }, // U+0461
    { 23, 27, 405, 1, 27, 78, 38014 }, // U+0462
    { 22, 25, 380, 1, 25, 69, 38092 }, // U+0463
    { 31, 27, 553, 4, 27, 105, 38161 }, // U+0464
    { 24, 21, 445, 3, 21, 63, 38266 }, // U+0465
    { 27, 27, 410, -1, 27, 92, 38329 }, // U+0466
    { 23, 21, 343, -1, 21, 61, 38421 }, // U+0467
    { 32, 27, 557, 4, 27, 108, 38482 }, // U+0468
    { 27, 21, 468, 3, 21, 71, 38590 }, // U+0469
    { 28, 27, 437, 0, 27, 95, 38661 }, // U+046A
    { 25, 21, 384, 0, 21, 66, 38756 }, // U+046B
    { 34, 27, 590, 4, 27, 115, 38822 }, // U+046C
    { 29, 21, 509, 3, 21, 77, 38937 }, // U+046D
    { 19, 41, 352, 1, 33, 98, 39014 }, // U+046E
    { 17, 34, 294, 1, 26, 73, 39112 }, // U+046F
    { 24, 27, 482, 3, 27, 81, 39185 }, // U+0470
    { 23, 39, 457, 3, 30, 113, 39266 }, // U+0471
    { 25, 27, 469, 2, 27, 85, 39379 }, // U+0472
    { 19, 21, 363, 2, 21, 50, 39464 }, // U+0473
    { 25, 27, 381, 0, 27, 85, 39514 }, // U+0474
    { 21, 21, 310, -1, 21, 56, 39599 }, // U+0475
    { 25, 36, 381, 0, 36, 113, 39655 }, // U+0476
    { 21, 29, 310, -1, 29, 77, 39768 }, // U+0477
    { 44, 36, 732, 2, 27, 198, 39845 }, // U+0478
    { 40, 30, 657, 2, 21, 150, 40043 }, // U+0479
    { 26, 32, 493, 2, 30, 104, 40193 }, // U+047A
    { 21, 25, 395, 2, 23, 66, 40297 }, // U+047B
    { 34, 40, 616, 2, 40, 170, 40363 }, // U+047C
    { 30, 35, 542, 2, 35, 132, 40533 }, // U+047D
    { 33, 34, 551, 1, 34, 141, 40665 }, // U+047E
    { 28, 27, 473, 1, 27, 95, 40806 }, // U+047F
    { 21, 36, 386, 2, 27, 95, 40901 }, // U+0480
    { 16, 30, 295, 2, 21, 60, 40996 }, // U+0481
    { 20, 26, 365, 1, 25, 65, 41056 }, // U+0482
    { 14, 6, 0, -17, 28, 11, 41121 }, // U+0483
    { 15, 5, 0, -18, 29, 10, 41132 }, // U+0484
    { 5, 7, 0, -13, 30, 5, 41142 }, // U+0485
    { 5, 7, 0, -13, 30, 5, 41147 }, // U+0486
    { 14, 5, 0, -7, 34, 9, 41152 }, // U+0487
    { 43, 40, 0, -22, 31, 215, 41161 }, // U+0488
    { 41, 42, 0, -21, 31, 216, 41376 }, // U+0489
    { 26, 43, 471, 4, 36, 140, 41592 }, // U+048A
    { 22, 36, 395, 3, 29, 99, 41732 }, // U+048B
    { 21, 27, 369, 1, 27, 71, 41831 }, // U+048C
    { 20, 29, 356, 1, 29, 73, 41902 }, // U+048D
    { 18, 27, 368, 4, 27, 61, 41975 }, // U+048E
    { 18, 30, 369, 3, 21, 68, 42036 }, // U+048F
    { 16, 33, 319, 4, 33, 66, 42104 }, // U+0490
    { 13, 27, 262, 3, 27, 44, 42170 }, // U+0491
    { 18, 27, 318, 1, 27, 61, 42214 }, // U+0492
    { 15, 21, 260, 1, 21, 40, 42275 }, // U+0493
    { 20, 36, 391, 4, 27, 90, 42315 }, // U+0494
    { 16, 30, 320, 3, 21, 60, 42405 }, // U+0495
    { 34, 34, 542, -1, 27, 145, 42465 }, // U+0496
    { 30, 28, 478, -1, 21, 105, 42610 }, // U+0497
    { 18, 35, 346, 1, 27, 79, 42715 }, // U+0498
    { 16, 29, 293, 1, 21, 58, 42794 }, // U+0499
    { 21, 34, 402, 4, 27, 90, 42852 }, // U+049A
    { 18, 28, 334, 3, 21, 63, 42942 }, // U+049B
    { 20, 27, 375, 4, 27, 68, 43005 }, // U+049C
    { 17, 21, 317, 3, 21, 45, 43073 }, // U+049D
    { 23, 27, 375, 1, 27, 78, 43118 }, // U+049E
    { 20, 29, 320, 1, 29, 73, 43196 }, // U+049F
    { 26, 27, 416, 1, 27, 88, 43269 }, // U+04A0
    { 24, 21, 374, 0, 21, 63, 43357 }, // U+04A1
    { 24, 34, 453, 4, 27, 102, 43420 }, // U+04A2
    { 21, 28, 394, 3, 21, 74, 43522 }, // U+04A3
    { 27, 27, 489, 4, 27, 92, 43596 }, // U+04A4
    { 24, 21, 443, 3, 21, 63, 43688 }, // U+04A5
    { 35, 36, 634, 4, 27, 158, 43751 }, // U+04A6
    { 28, 30, 518, 3, 21, 105, 43909 }, // U+04A7
    { 26, 28, 467, 2, 27, 91, 44014 }, // U+04A8
    { 21, 22, 385, 2, 21, 58, 44105 }, // U+04A9
    { 21, 35, 379, 2, 27, 92, 44163 }, // U+04AA
    { 15, 29, 288, 2, 21, 55, 44255 }, // U+04AB
    { 20, 34, 334, 1, 27, 85, 44310 }, // U+04AC
    { 16, 28, 285, 1, 21, 56, 44395 }, // U+04AD
    { 22, 27, 340, 0, 27, 75, 44451 }, // U+04AE
    { 20, 30, 305, 0, 21, 75, 44526 }, // U+04AF
    { 22, 27, 340, -1, 27, 75, 44601 }, // U+04B0
    { 20, 30, 305, 0, 21, 75, 44676 }, // U+04B1
    { 24, 34, 379, 0, 27, 102, 44751 }, // U+04B2
    { 21, 28, 331, 0, 21, 74, 44853 }, // U+04B3
    { 32, 34, 517, 1, 27, 136, 44927 }, // U+04B4
    { 26, 29, 434, 1, 21, 95, 45063 }, // U+04B5
    { 23, 34, 422, 3, 27, 98, 45158 }, // U+04B6
    { 20, 28, 373, 3, 21, 70, 45256 }, // U+04B7
    { 20, 27, 419, 3, 27, 68, 45326 }, // U+04B8
    { 17, 21, 364, 3, 21, 45, 45394 }, // U+04B9
    { 20, 27, 419, 4, 27, 68, 45439 }, // U+04BA
    { 17, 29, 371, 3, 29, 62, 45507 }, // U+04BB
    { 29, 27, 509, 1, 27, 98, 45569 }, // U+04BC
    { 22, 21, 399, 1, 21, 58, 45667 }, // U+04BD
    { 29, 34, 509, 1, 27, 124, 45725 }, // U+04BE
    { 22, 28, 399, 1, 21, 77, 45849 }, // U+04BF
    { 10, 27, 203, 1, 27, 34, 45926 }, // U+04C0
    { 35, 35, 543, 0, 35, 154, 45960 }, // U+04C1
    { 29, 29, 455, 0, 29, 106, 46114 }, // U+04C2
    { 21, 36, 418, 4, 27, 95, 46220 }, // U+04C3
    { 17, 30, 336, 3, 21, 64, 46315 }, // U+04C4
    { 28, 34, 431, 0, 27, 119, 46379 }, // U+04C5
    { 22, 28, 352, 1, 21, 77, 46498 }, // U+04C6
    { 21, 36, 439, 4, 27, 95, 46575 }, // U+04C7
    { 18, 30, 373, 3, 21, 68, 46670 }, // U+04C8
    { 25, 34, 454, 4, 27, 107, 46738 }, // U+04C9
    { 21, 28, 397, 3, 21, 74, 46845 }, // U+04CA
    { 20, 34, 419, 3, 27, 85, 46919 }, // U+04CB
    { 17, 28, 368, 3, 21, 60, 47004 }, // U+04CC
    { 31, 34, 550, 4, 27, 132, 47064 }, // U+04CD
    { 26, 28, 453, 3, 21, 91, 47196 }, // U+04CE
    { 10, 27, 203, 1, 27, 34, 47287 }, // U+04CF
    { 24, 35, 383, 0, 35, 105, 47321 }, // U+04D0
    { 17, 29, 337, 2, 29, 62, 47426 }, // U+04D1
    { 25, 35, 383, 0, 35, 110, 47488 }, // U+04D2
    { 17, 27, 337, 2, 27, 58, 47598 }, // U+04D3
    { 31, 27, 529, 0, 27, 105, 47656 }, // U+04D4
    { 29, 21, 518, 2, 21, 77, 47761 }, // U+04D5
    { 15, 35, 334, 4, 35, 66, 47838 }, // U+04D6
    { 17, 29, 338, 2, 29, 62, 47904 }, // U+04D7
    { 23, 27, 443, 2, 27, 78, 47966 }, // U+04D8
    { 17, 21, 338, 2, 21, 45, 48044 }, // U+04D9
    { 23, 35, 443, 2, 35, 101, 48089 }, // U+04DA
    { 17, 27, 338, 2, 27, 58, 48190 }, // U+04DB
    { 35, 35, 543, 0, 35, 154, 48248 }, // U+04DC
    { 28, 27, 455, 0, 27, 95, 48402 }, // U+04DD
    { 18, 35, 346, 1, 35, 79, 48497 }, // U+04DE
    { 15, 27, 293, 1, 27, 51, 48576 }, // U+04DF
    { 19, 27, 350, 1, 27, 65, 48627 }, // U+04E0
    { 18, 30, 299, 0, 21, 68, 48692 }, // U+04E1
    { 21, 33, 454, 4, 33, 87, 48760 }, // U+04E2
    { 17, 26, 373, 3, 26, 56, 48847 }, // U+04E3
    { 21, 35, 454, 4, 35, 92, 48903 }, // U+04E4
    { 17, 27, 373, 3, 27, 58, 48995 }, // U+04E5
    { 25, 35, 469, 2, 35, 110, 49053 }, // U+04E6
    { 19, 27, 363, 2, 27, 65, 49163 }, // U+04E7
    { 25, 27, 469, 2, 27, 85, 49228 }, // U+04E8
    { 19, 21, 363, 2, 21, 50, 49313 }, // U+04E9
    { 25, 35, 469, 2, 35, 110, 49363 }, // U+04EA
    { 19, 27, 363, 2, 27, 65, 49473 }, // U+04EB
    { 21, 35, 388, 1, 35, 92, 49538 }, // U+04EC
    { 15, 27, 296, 2, 27, 51, 49630 }, // U+04ED
    { 23, 33, 370, 0, 33, 95, 49681 }, // U+04EE
    { 19, 35, 305, 0, 26, 84, 49776 }, // U+04EF
    { 24, 35, 370, 0, 35, 105, 49860 }, // U+04F0
    { 20, 36, 305, 0, 27, 90, 49965 }, // U+04F1
    { 24, 37, 370, 0, 37, 111, 50055 }, // U+04F2
    { 20, 39, 306, -1, 30, 98, 50166 }, // U+04F3
    { 19, 35, 404, 3, 35, 84, 50264 }, // U+04F4
    { 17, 27, 353, 2, 27, 58, 50348 }, // U+04F5
    { 16, 34, 318, 4, 27, 68, 50406 }, // U+04F6
    { 12, 28, 260, 3, 21, 42, 50474 }, // U+04F7
    { 25, 35, 509, 4, 35, 110, 50516 }, // U+04F8
    { 22, 27, 455, 3, 27, 75, 50626 }, // U+04F9
    { 18, 35, 318, 1, 27, 79, 50701 }, // U+04FA
    { 15, 29, 260, 1, 21, 55, 50780 }, // U+04FB
    { 24, 35, 379, 0, 27, 105, 50835 }, // U+04FC
    { 21, 29, 330, 0, 21, 77, 50940 }, // U+04FD
    { 23, 27, 352, -1, 27, 78, 51017 }, // U+04FE
    { 20, 21, 317, 0, 21, 53, 51095 }, // U+04FF
    { 22, 22, 379, 1, 22, 61, 51148 }, // U+05D0
    { 20, 22, 343, 1, 22, 55, 51209 }, // U+05D1
    { 14, 23, 224, 0, 22, 41, 51264 }, // U+05D2
    { 19, 22, 325, 1, 22, 53, 51305 }, // U+05D3
    { 19, 22, 376, 2, 22, 53, 51358 }, // U+05D4
    { 8, 22, 181, 1, 22, 22, 51411 }, // U+05D5
    { 11, 22, 198, 1, 22, 31, 51433 }, // U+05D6
    { 21, 22, 397, 2, 22, 58, 51464 }, // U+05D7
    { 20, 22, 380, 2, 22, 55, 51522 }, // U+05D8
    { 8, 13, 177, 1, 22, 13, 51577 }, // U+05D9
    { 17, 29, 327, 2, 22, 62, 51590 }, // U+05DA
    { 17, 22, 309, 1, 22, 47, 51652 }, // U+05DB
    { 17, 29, 313, 1, 29, 62, 51699 }, // U+05DC
    { 22, 22, 410, 1, 22, 61, 51761 }, // U+05DD
    { 23, 22, 396, 1, 22, 64, 51822 }, // U+05DE
    { 8, 29, 197, 1, 22, 29, 51886 }, // U+05DF
    { 10, 22, 227, 2, 22, 28, 51915 }, // U+05E0
    { 22, 22, 386, 1, 22, 61, 51943 }, // U+05E1
    { 20, 25, 356, 1, 23, 63, 52004 }, // U+05E2
    { 19, 29, 372, 2, 22, 69, 52067 }, // U+05E3
    { 19, 22, 361, 2, 22, 53, 52136 }, // U+05E4
    { 18, 29, 317, 1, 22, 66, 52189 }, // U+05E5
    { 18, 22, 334, 2, 22, 50, 52255 }, // U+05E6
    { 21, 29, 376, 2, 22, 77, 52305 }, // U+05E7
    { 16, 22, 314, 1, 22, 44, 52382 }, // U+05E8
    { 23, 22, 438, 2, 22, 64, 52426 }, // U+05E9
    { 23, 22, 411, 1, 22, 64, 52490 }, // U+05EA
    { 25, 34, 420, 1, 26, 107, 52554 }, // U+1EA0
    { 20, 28, 380, 1, 20, 70, 52661 }, // U+1EA1
    { 25, 36, 420, 1, 36, 113, 52731 }, // U+1EA2
    { 20, 30, 380, 1, 30, 75, 52844 }, // U+1EA3
    { 26, 39, 420, 0, 39, 127, 52919 }, // U+1EA4
    { 22, 35, 380, 1, 35, 97, 53046 }, // U+1EA5
    { 26, 39, 420, 0, 39, 127, 53143 }, // U+1EA6
    { 20, 35, 380, 1, 35, 88, 53270 }, // U+1EA7
    { 25, 39, 420, 1, 39, 122, 53358 }, // U+1EA8
    { 21, 35, 380, 1, 35, 92, 53480 }, // U+1EA9
    { 26, 39, 420, 0, 39, 127, 53572 }, // U+1EAA
    { 20, 35, 380, 1, 35, 88, 53699 }, // U+1EAB
    { 25, 41, 420, 1, 33, 129, 53787 }, // U+1EAC
    { 20, 36, 380, 1, 28, 90, 53916 }, // U+1EAD
    { 26, 40, 420, 0, 40, 130, 54006 }, // U+1EAE
    { 20, 36, 380, 1, 36, 90, 54136 }, // U+1EAF
    { 26, 40, 420, 0, 40, 130, 54226 }, // U+1EB0
    { 20, 36, 380, 1, 36, 90, 54356 }, // U+1EB1
    { 25, 40, 420, 1, 40, 125, 54446 }, // U+1EB2
    { 20, 36, 380, 1, 36, 90, 54571 }, // U+1EB3
    { 26, 39, 420, 0, 39, 127, 54661 }, // U+1EB4
    { 20, 36, 380, 1, 36, 90, 54788 }, // U+1EB5
    { 25, 42, 420, 1, 34, 132, 54878 }, // U+1EB6
    { 20, 37, 380, 1, 29, 93, 55010 }, // U+1EB7
    { 17, 34, 368, 4, 26, 73, 55103 }, // U+1EB8
    { 19, 28, 352, 1, 20, 67, 55176 }, // U+1EB9
    { 17, 36, 368, 4, 36, 77, 55243 }, // U+1EBA
    { 19, 30, 352, 1, 30, 72, 55320 }, // U+1EBB
    { 17, 33, 368, 4, 33, 71, 55392 }, // U+1EBC
    { 19, 28, 352, 1, 28, 67, 55463 }, // U+1EBD
    { 19, 39, 368, 4, 39, 93, 55530 }, // U+1EBE
    { 21, 35, 352, 1, 35, 92, 55623 }, // U+1EBF
    { 17, 39, 368, 4, 39, 83, 55715 }, // U+1EC0
    { 19, 35, 352, 1, 35, 84, 55798 }, // U+1EC1
    { 18, 39, 368, 4, 39, 88, 55882 }, // U+1EC2
    { 20, 35, 352, 1, 35, 88, 55970 }, // U+1EC3
    { 17, 39, 368, 4, 39, 83, 56058 }, // U+1EC4
    { 19, 35, 352, 1, 35, 84, 56141 }, // U+1EC5
    { 17, 41, 368, 4, 33, 88, 56225 }, // U+1EC6
    { 19, 36, 352, 1, 28, 86, 56313 }, // U+1EC7
    { 13, 36, 287, 3, 36, 59, 56399 }, // U+1EC8
    { 8, 30, 146, 1, 30, 30, 56458 }, // U+1EC9
    { 13, 34, 287, 3, 26, 56, 56488 }, // U+1ECA
    { 5, 37, 167, 3, 29, 24, 56544 }, // U+1ECB
    { 26, 34, 469, 2, 26, 111, 56568 }, // U+1ECC
    { 20, 28, 369, 1, 20, 70, 56679 }, // U+1ECD
    { 26, 36, 469, 2, 36, 117, 56749 }, // U+1ECE
    { 20, 30, 369, 1, 30, 75, 56866 }, // U+1ECF
    { 26, 40, 469, 2, 40, 130, 56941 }, // U+1ED0
    { 21, 35, 369, 1, 35, 92, 57071 }, // U+1ED1
    { 26, 40, 469, 2, 40, 130, 57163 }, // U+1ED2
    { 20, 35, 369, 1, 35, 88, 57293 }, // U+1ED3
    { 26, 40, 469, 2, 40, 130, 57381 }, // U+1ED4
    { 20, 35, 369, 1, 35, 88, 57511 }, // U+1ED5
    { 26, 40, 469, 2, 40, 130, 57599 }, // U+1ED6
    { 20, 35, 369, 1, 35, 88, 57729 }, // U+1ED7
    { 26, 41, 469, 2, 33, 134, 57817 }, // U+1ED8
    { 20, 36, 369, 1, 28, 90, 57951 }, // U+1ED9
    { 26, 35, 469, 2, 35, 114, 58041 }, // U+1EDA
    { 20, 30, 369, 1, 30, 75, 58155 }, // U+1EDB
    { 26, 35, 469, 2, 35, 114, 58230 }, // U+1EDC
    { 20, 30, 369, 1, 30, 75, 58344 }, // U+1EDD
    { 26, 36, 469, 2, 36, 117, 58419 }, // U+1EDE
    { 20, 30, 369, 1, 30, 75, 58536 }, // U+1EDF
    { 26, 33, 469, 2, 33, 108, 58611 }, // U+1EE0
    { 20, 28, 369, 1, 28, 70, 58719 }, // U+1EE1
    { 26, 38, 469, 2, 30, 124, 58789 }, // U+1EE2
    { 20, 32, 369, 1, 24, 80, 58913 }, // U+1EE3
    { 21, 34, 444, 3, 26, 90, 58993 }, // U+1EE4
    { 17, 28, 363, 3, 20, 60, 59083 }, // U+1EE5
    { 21, 36, 444, 3, 36, 95, 59143 }, // U+1EE6
    { 17, 30, 363, 3, 30, 64, 59238 }, // U+1EE7
    { 26, 35, 444, 3, 35, 114, 59302 }, // U+1EE8
    { 20, 30, 363, 3, 30, 75, 59416 }, // U+1EE9
    { 26, 35, 444, 3, 35, 114, 59491 }, // U+1EEA
    { 20, 30, 363, 3, 30, 75, 59605 }, // U+1EEB
    { 26, 36, 444, 3, 36, 117, 59680 }, // U+1EEC
    { 20, 30, 363, 3, 30, 75, 59797 }, // U+1EED
    { 26, 33, 444, 3, 33, 108, 59872 }, // U+1EEE
    { 20, 28, 363, 3, 28, 70, 59980 }, // U+1EEF
    { 26, 38, 444, 3, 30, 124, 60050 }, // U+1EF0
    { 20, 32, 363, 3, 24, 80, 60174 }, // U+1EF1
    { 25, 35, 396, 0, 35, 110, 60254 }, // U+1EF2
    { 22, 38, 349, 0, 30, 105, 60364 }, // U+1EF3
    { 25, 34, 396, 0, 26, 107, 60469 }, // U+1EF4
    { 22, 29, 349, 0, 20, 80, 60576 }, // U+1EF5
    { 25, 36, 396, 0, 36, 113, 60656 }, // U+1EF6
    { 23, 38, 349, -1, 30, 110, 60769 }, // U+1EF7
    { 25, 33, 396, 0, 33, 104, 60879 }, // U+1EF8
    { 22, 36, 349, 0, 28, 99, 60983 }, // U+1EF9
    { 0, 0, 300, 0, 0, 0, 61082 }, // U+2000
    { 0, 0, 600, 0, 0, 0, 61082 }, // U+2001
    { 0, 0, 300, 0, 0, 0, 61082 }, // U+2002
    { 0, 0, 600, 0, 0, 0, 61082 }, // U+2003
    { 0, 0, 200, 0, 0, 0, 61082 }, // U+2004
    { 0, 0, 150, 0, 0, 0, 61082 }, // U+2005
    { 0, 0, 100, 0, 0, 0, 61082 }, // U+2006
    { 0, 0, 330, 0, 0, 0, 61082 }, // U+2007
    { 0, 0, 156, 0, 0, 0, 61082 }, // U+2008
    { 0, 0, 123, 0, 0, 0, 61082 }, // U+2009
    { 0, 0, 61, 0, 0, 0, 61082 }, // U+200A
    { 0, 0, 0, 0, 0, 0, 61082 }, // U+200B
    { 2, 28, 0, -1, 26, 7, 61082 }, // U+200C
    { 9, 28, 0, -4, 26, 32, 61089 }, // U+200D
    { 10, 29, 0, -1, 27, 37, 61121 }, // U+200E
    { 9, 29, 0, -8, 27, 33, 61158 }, // U+200F
    { 11, 4, 236, 2, 13, 6, 61191 }, // U+2010
    { 9, 3, 193, 1, 12, 4, 61197 }, // U+2011
    { 15, 4, 308, 2, 13, 8, 61201 }, // U+2012
    { 15, 4, 308, 2, 13, 8, 61209 }, // U+2013
    { 29, 4, 521, 2, 13, 15, 61217 }, // U+2014
    { 29, 4, 521, 2, 13, 15, 61232 }, // U+2015
    { 11, 38, 331, 5, 29, 53, 61247 }, // U+2016
    { 16, 8, 247, 0, -1, 16, 61300 }, // U+2017
    { 7, 11, 145, 1, 29, 10, 61316 }, // U+2018
    { 8, 11, 145, 0, 28, 11, 61326 }, // U+2019
    { 7, 12, 160, 2, 4, 11, 61337 }, // U+201A
    { 7, 9, 105, 0, 27, 8, 61348 }, // U+201B
    { 15, 11, 269, 1, 29, 21, 61356 }, // U+201C
    { 15, 11, 267, 0, 28, 21, 61377 }, // U+201D
    { 15, 12, 295, 2, 4, 23, 61398 }, // U+201E
    { 14, 9, 215, 0, 27, 16, 61421 }, // U+201F
    { 14, 20, 264, 1, 28, 35, 61437 }, // U+2020
    { 12, 21, 242, 2, 28, 32, 61472 }, // U+2021
    { 10, 10, 208, 1, 18, 13, 61504 }, // U+2022
    { 10, 12, 221, 3, 20, 15, 61517 }, // U+2023
    { 5, 5, 300, 7, 5, 4, 61532 }, // U+2024
    { 15, 5, 322, 3, 5, 10, 61536 }, // U+2025
    { 19, 6, 363, 2, 6, 15, 61546 }, // U+2026
    { 5, 5, 161, 3, 12, 4, 61561 }, // U+2027
    { 0, 0, 360, 0, 0, 0, 61565 }, // U+2028
    { 0, 0, 360, 0, 0, 0, 61565 }, // U+2029
    { 9, 29, 0, -1, 24, 33, 61565 }, // U+202A
    { 9, 29, 0, -8, 24, 33, 61598 }, // U+202B
    { 9, 32, 0, -4, 26, 36, 61631 }, // U+202C
    { 10, 32, 0, -5, 27, 40, 61667 }, // U+202D
    { 9, 32, 0, -5, 27, 36, 61707 }, // U+202E
    { 0, 0, 100, 0, 0, 0, 61743 }, // U+202F
    { 41, 26, 714, 1, 26, 134, 61743 }, // U+2030
    { 56, 27, 926, 2, 27, 189, 61877 }, // U+2031
    { 9, 10, 139, 1, 27, 12, 62066 }, // U+2032
    { 14, 10, 247, 1, 26, 18, 62078 }, // U+2033
    { 22, 10, 350, 1, 27, 28, 62096 }, // U+2034
    { 9, 10, 139, -1, 27, 12, 62124 }, // U+2035
    { 15, 10, 264, -1, 27, 19, 62136 }, // U+2036
    { 21, 10, 361, -1, 27, 27, 62155 }, // U+2037
    { 15, 13, 239, 0, 4, 25, 62182 }, // U+2038
    { 9, 17, 164, 0, 18, 20, 62207 }, // U+2039
    { 9, 17, 165, 1, 18, 20, 62227 }, // U+203A
    { 28, 27, 502, 2, 27, 95, 62247 }, // U+203B
    { 13, 27, 299, 3, 27, 44, 62342 }, // U+203C
    { 15, 27, 266, 1, 27, 51, 62386 }, // U+203D
    { 19, 3, 300, 0, 32, 8, 62437 }, // U+203E
    { 22, 9, 365, 0, 0, 25, 62445 }, // U+203F
    { 22, 9, 365, 0, 30, 25, 62470 }, // U+2040
    { 14, 25, 224, 0, 16, 44, 62495 }, // U+2041
    { 42, 35, 671, 0, 29, 184, 62539 }, // U+2042
    { 9, 3, 193, 1, 12, 4, 62723 }, // U+2043
    { 22, 26, 364, 0, 26, 72, 62727 }, // U+2044
    { 9, 34, 194, 3, 27, 39, 62799 }, // U+2045
    { 9, 34, 194, 1, 27, 39, 62838 }, // U+2046
    { 31, 27, 513, 0, 27, 105, 62877 }, // U+2047
    { 22, 27, 407, 0, 27, 75, 62982 }, // U+2048
    { 22, 27, 409, 3, 27, 75, 63057 }, // U+2049
    { 18, 21, 343, 1, 21, 48, 63132 }, // U+204A
    { 19, 35, 393, 4, 29, 84, 63180 }, // U+204B
    { 19, 20, 383, 2, 21, 48, 63264 }, // U+204C
    { 19, 20, 383, 3, 21, 48, 63312 }, // U+204D
    { 19, 18, 331, 1, 10, 43, 63360 }, // U+204E
    { 7, 26, 142, 2, 21, 23, 63403 }, // U+204F
    { 22, 40, 363, 0, 31, 110, 63426 }, // U+2050
    { 19, 37, 331, 1, 29, 88, 63536 }, // U+2051
    { 14, 27, 223, 0, 27, 48, 63624 }, // U+2052
    { 33, 6, 600, 2, 14, 25, 63672 }, // U+2053
    { 22, 9, 363, 0, -1, 25, 63697 }, // U+2054
    { 19, 20, 343, 1, 20, 48, 63722 }, // U+2055
    { 15, 27, 310, 2, 27, 51, 63770 }, // U+2056
    { 28, 10, 445, 1, 27, 35, 63821 }, // U+2057
    { 27, 27, 493, 2, 27, 92, 63856 }, // U+2058
    { 27, 27, 497, 2, 27, 92, 63948 }, // U+2059
    { 4, 27, 133, 2, 27, 14, 64040 }, // U+205A
    { 20, 29, 392, 2, 29, 73, 64054 }, // U+205B
    { 27, 29, 478, 1, 28, 98, 64127 }, // U+205C
    { 5, 27, 161, 3, 27, 17, 64225 }, // U+205D
    { 5, 27, 161, 3, 27, 17, 64242 }, // U+205E
    { 0, 0, 133, 0, 0, 0, 64259 }, // U+205F
    { 0, 0, 360, 0, 0, 0, 64259 }, // U+2060
    { 0, 0, 360, 0, 0, 0, 64259 }, // U+2061
    { 0, 0, 360, 0, 0, 0, 64259 }, // U+2062
    { 0, 0, 360, 0, 0, 0, 64259 }, // U+2063
    { 0, 0, 360, 0, 0, 0, 64259 }, // U+2064
    { 0, 0, 0, 0, 0, 0, 64259 }, // U+2066
    { 0, 0, 0, 0, 0, 0, 64259 }, // U+2067
    { 0, 0, 0, 0, 0, 0, 64259 }, // U+2068
    { 0, 0, 0, 0, 0, 0, 64259 }, // U+2069
    { 9, 32, 0, -4, 27, 36, 64259 }, // U+206A
    { 9, 32, 0, -5, 27, 36, 64295 }, // U+206B
    { 10, 32, 0, -5, 27, 40, 64331 }, // U+206C
    { 10, 32, 0, -5, 27, 40, 64371 }, // U+206D
    { 10, 32, 0, -5, 27, 40, 64411 }, // U+206E
    { 9, 32, 0, -4, 27, 36, 64451 }, // U+206F
    { 12, 14, 218, 1, 29, 21, 64487 }, // U+2070
    { 3, 17, 101, 2, 28, 7, 64508 }, // U+2071
    { 12, 13, 234, 2, 29, 20, 64515 }, // U+2074
    { 11, 14, 215, 1, 29, 20, 64535 }, // U+2075
    { 10, 14, 206, 1, 29, 18, 64555 }, // U+2076
    { 9, 13, 196, 2, 29, 15, 64573 }, // U+2077
    { 11, 14, 212, 2, 29, 20, 64588 }, // U+2078
    { 10, 14, 200, 1, 29, 18, 64608 }, // U+2079
    { 10, 10, 203, 1, 27, 13, 64626 }, // U+207A
    { 10, 2, 203, 1, 23, 3, 64639 }, // U+207B
    { 10, 7, 203, 1, 26, 9, 64642 }, // U+207C
    { 7, 20, 136, 2, 34, 18, 64651 }, // U+207D
    { 7, 20, 136, 0, 34, 18, 64669 }, // U+207E
    { 11, 12, 241, 2, 23, 17, 64687 }, // U+207F
    { 12, 14, 218, 1, 7, 21, 64704 }, // U+2080
    { 7, 13, 169, 2, 6, 12, 64725 }, // U+2081
    { 11, 14, 208, 1, 7, 20, 64737 }, // U+2082
    { 11, 14, 205, 1, 7, 20, 64757 }, // U+2083
    { 12, 14, 234, 2, 7, 21, 64777 }, // U+2084
    { 11, 13, 215, 1, 6, 18, 64798 }, // U+2085
    { 10, 14, 206, 1, 7, 18, 64816 }, // U+2086
    { 9, 13, 196, 2, 6, 15, 64834 }, // U+2087
    { 11, 14, 212, 2, 7, 20, 64849 }, // U+2088
    { 10, 14, 200, 1, 7, 18, 64869 }, // U+2089
    { 10, 11, 203, 1, 8, 14, 64887 }, // U+208A
    { 10, 2, 203, 1, 3, 3, 64901 }, // U+208B
    { 10, 7, 203, 1, 6, 9, 64904 }, // U+208C
    { 7, 21, 136, 2, 14, 19, 64913 }, // U+208D
    { 7, 21, 136, 0, 14, 19, 64932 }, // U+208E
    { 11, 13, 219, 1, 9, 18, 64951 }, // U+2090
    { 12, 13, 220, 1, 9, 20, 64969 }, // U+2091
    { 12, 13, 236, 1, 9, 20, 64989 }, // U+2092
    { 13, 13, 206, 0, 9, 22, 65009 }, // U+2093
    { 12, 13, 220, 1, 9, 20, 65031 }, // U+2094
    { 11, 18, 241, 2, 14, 25, 65051 }, // U+2095
    { 12, 18, 208, 2, 14, 27, 65076 }, // U+2096
    { 3, 18, 101, 2, 14, 7, 65103 }, // U+2097
    { 19, 13, 365, 2, 9, 31, 65110 }, // U+2098
    { 11, 13, 241, 2, 9, 18, 65141 }, // U+2099
    { 12, 18, 240, 2, 9, 27, 65159 }, // U+209A
    { 10, 13, 187, 1, 9, 17, 65186 }, // U+209B
    { 8, 16, 141, 1, 12, 16, 65203 }, // U+209C
    { 19, 27, 343, 1, 27, 65, 65219 }, // U+20A0
    { 25, 35, 407, 1, 30, 110, 65284 }, // U+20A1
    { 19, 27, 343, 2, 27, 65, 65394 }, // U+20A2
    { 20, 26, 361, 1, 26, 65, 65459 }, // U+20A3
    { 22, 26, 366, 1, 26, 72, 65524 }, // U+20A4
    { 29, 30, 561, 3, 26, 109, 65596 }, // U+20A5
    { 30, 26, 477, 0, 26, 98, 65705 }, // U+20A6
    { 24, 26, 475, 4, 26, 78, 65803 }, // U+20A7
    { 27, 27, 500, 3, 27, 92, 65881 }, // U+20A8
    { 36, 26, 598, 1, 26, 117, 65973 }, // U+20A9
    { 24, 23, 475, 3, 23, 69, 66090 }, // U+20AA
    { 16, 26, 295, 1, 26, 52, 66159 }, // U+20AB
    { 22, 26, 388, 1, 26, 72, 66211 }, // U+20AC
    { 27, 26, 455, 1, 26, 88, 66283 }, // U+20AD
    { 20, 27, 343, 1, 27, 68, 66371 }, // U+20AE
    { 35, 36, 582, 1, 27, 158, 66439 }, // U+20AF
    { 20, 36, 343, 0, 27, 90, 66597 }, // U+20B0
    { 25, 26, 477, 3, 26, 82, 66687 }, // U+20B1
    { 25, 35, 460, 2, 30, 110, 66769 }, // U+20B2
    { 24, 27, 365, 0, 27, 81, 66879 }, // U+20B3
    { 20, 27, 329, 1, 27, 68, 66960 }, // U+20B4
    { 23, 33, 407, 2, 30, 95, 67028 }, // U+20B5
    { 22, 25, 373, 1, 25, 69, 67123 }, // U+20B6
    { 25, 30, 436, 1, 27, 94, 67192 }, // U+20B7
    { 19, 27, 328, 1, 27, 65, 67286 }, // U+20B8
    { 18, 28, 324, 2, 27, 63, 67351 }, // U+20B9
    { 21, 26, 365, 1, 26, 69, 67414 }, // U+20BA
    { 28, 27, 469, 1, 27, 95, 67483 }, // U+20BB
    { 21, 30, 456, 4, 30, 79, 67578 }, // U+20BC
    { 22, 26, 436, 3, 26, 72, 67657 }, // U+20BD
    { 24, 30, 463, 2, 30, 90, 67729 }, // U+20BE
    { 17, 36, 343, 4, 32, 77, 67819 }, // U+20BF
    { 15, 26, 296, 2, 21, 49, 67896 }, // U+20C0
    { 20, 29, 354, 1, 28, 73, 67945 }, // U+2202
    { 22, 21, 369, 0, 20, 58, 68018 }, // U+2205
    { 27, 27, 427, 0, 27, 92, 68076 }, // U+2206
    { 25, 35, 425, 1, 27, 110, 68168 }, // U+220F
    { 16, 26, 314, 2, 26, 52, 68278 }, // U+2211
    { 18, 4, 348, 2, 13, 9, 68330 }, // U+2212
    { 20, 34, 331, 0, 29, 85, 68339 }, // U+2215
    { 7, 6, 146, 1, 14, 6, 68424 }, // U+2219
    { 25, 32, 410, 0, 26, 100, 68430 }, // U+221A
    { 31, 16, 520, 1, 17, 62, 68530 }, // U+221E
    { 22, 33, 332, 0, 28, 91, 68592 }, // U+222B
    { 17, 13, 335, 2, 17, 28, 68683 }, // U+2248
    { 19, 21, 340, 1, 21, 50, 68711 }, // U+2260
    { 19, 20, 376, 2, 20, 48, 68761 }, // U+2264
    { 20, 20, 376, 2, 20, 50, 68809 }, // U+2265
    { 28, 30, 413, 1, 30, 105, 68859 }, // U+FB00
    { 21, 29, 403, 2, 29, 77, 68964 }, // U+FB01
    { 20, 28, 386, 2, 28, 70, 69041 }, // U+FB02
    { 32, 30, 568, 1, 30, 120, 69111 }, // U+FB03
    { 32, 29, 568, 1, 29, 116, 69231 }, // U+FB04
    { 21, 30, 404, 3, 30, 79, 69347 }, // U+FB05
    { 29, 30, 504, 2, 30, 109, 69426 }, // U+FB06
    { 35, 36, 600, 1, 29, 158, 69535 }, // U+FFFD
};

static const EpdUnicodeInterval lexenddeca_18_regularIntervals[] = {
    { 0x0, 0x0, 0x0 },
    { 0xD, 0xD, 0x1 },
    { 0x20, 0x7E, 0x2 },
    { 0xA0, 0x17F, 0x61 },
    { 0x1A0, 0x1A1, 0x141 },
    { 0x1AF, 0x1B0, 0x143 },
    { 0x1C4, 0x21F, 0x145 },
    { 0x300, 0x36F, 0x1A1 },
    { 0x400, 0x4FF, 0x211 },
    { 0x5D0, 0x5EA, 0x311 },
    { 0x1EA0, 0x1EF9, 0x32C },
    { 0x2000, 0x2064, 0x386 },
    { 0x2066, 0x2071, 0x3EB },
    { 0x2074, 0x208E, 0x3F7 },
    { 0x2090, 0x209C, 0x412 },
    { 0x20A0, 0x20C0, 0x41F },
    { 0x2202, 0x2202, 0x440 },
    { 0x2205, 0x2206, 0x441 },
    { 0x220F, 0x220F, 0x443 },
    { 0x2211, 0x2212, 0x444 },
    { 0x2215, 0x2215, 0x446 },
    { 0x2219, 0x221A, 0x447 },
    { 0x221E, 0x221E, 0x449 },
    { 0x222B, 0x222B, 0x44A },
    { 0x2248, 0x2248, 0x44B },
    { 0x2260, 0x2260, 0x44C },
    { 0x2264, 0x2265, 0x44D },
    { 0xFB00, 0xFB06, 0x44F },
    { 0xFFFD, 0xFFFD, 0x456 },
};

static const EpdKernClassEntry lexenddeca_18_regularKernLeftClasses[] = {
    { 0x0026, 1 }, // &
    { 0x0028, 2 }, // (
    { 0x002A, 3 }, // *
    { 0x002C, 4 }, // ,
    { 0x002E, 5 }, // .
    { 0x002F, 6 }, // /
    { 0x0030, 7 }, // 0
    { 0x0031, 8 }, // 1
    { 0x0032, 9 }, // 2
    { 0x0033, 10 }, // 3
    { 0x0034, 11 }, // 4
    { 0x0035, 12 }, // 5
    { 0x0036, 13 }, // 6
    { 0x0037, 14 }, // 7
    { 0x0038, 15 }, // 8
    { 0x0039, 16 }, // 9
    { 0x003C, 17 }, // <
    { 0x003E, 18 }, // >
    { 0x003F, 19 }, // ?
    { 0x0040, 20 }, // @
    { 0x0041, 21 }, // A
    { 0x0042, 22 }, // B
    { 0x0043, 23 }, // C
    { 0x0044, 24 }, // D
    { 0x0045, 25 }, // E
    { 0x0046, 26 }, // F
    { 0x0047, 27 }, // G
    { 0x0049, 28 }, // I
    { 0x004A, 29 }, // J
    { 0x004B, 30 }, // K
    { 0x004C, 31 }, // L
    { 0x004F, 24 }, // O
    { 0x0050, 32 }, // P
    { 0x0051, 33 }, // Q
    { 0x0052, 34 }, // R
    { 0x0053, 35 }, // S
    { 0x0054, 36 }, // T
    { 0x0055, 37 }, // U
    { 0x0056, 38 }, // V
    { 0x0057, 39 }, // W
    { 0x0058, 40 }, // X
    { 0x0059, 41 }, // Y
    { 0x005A, 42 }, // Z
    { 0x005B, 43 }, // [
    { 0x005C, 44 }, // <backslash>
    { 0x005F, 45 }, // _
    { 0x0061, 46 }, // a
    { 0x0062, 47 }, // b
    { 0x0063, 48 }, // c
    { 0x0064, 49 }, // d
    { 0x0065, 50 }, // e
    { 0x0066, 51 }, // f
    { 0x0067, 52 }, // g
    { 0x0068, 53 }, // h
    { 0x0069, 54 }, // i
    { 0x006A, 55 }, // j
    { 0x006B, 56 }, // k
    { 0x006C, 57 }, // l
    { 0x006D, 53 }, // m
    { 0x006E, 53 }, // n
    { 0x006F, 47 }, // o
    { 0x0070, 47 }, // p
    { 0x0071, 58 }, // q
    { 0x0072, 59 }, // r
    { 0x0073, 60 }, // s
    { 0x0074, 61 }, // t
    { 0x0075, 62 }, // u
    { 0x0076, 63 }, // v
    { 0x0077, 64 }, // w
    { 0x0078, 65 }, // x
    { 0x0079, 66 }, // y
    { 0x007A, 67 }, // z
    { 0x007B, 68 }, // {
    { 0x007D, 69 }, // }
    { 0x00A1, 70 }, // U+00A1
    { 0x00A3, 71 }, // U+00A3
    { 0x00B7, 72 }, // U+00B7
    { 0x00BF, 73 }, // U+00BF
    { 0x00C0, 21 }, // U+00C0
    { 0x00C1, 21 }, // U+00C1
    { 0x00C2, 21 }, // U+00C2
    { 0x00C3, 21 }, // U+00C3
    { 0x00C4, 21 }, // U+00C4
    { 0x00C5, 21 }, // U+00C5
    { 0x00C6, 25 }, // U+00C6
    { 0x00C8, 25 }, // U+00C8
    { 0x00C9, 25 }, // U+00C9
    { 0x00CA, 25 }, // U+00CA
    { 0x00CB, 25 }, // U+00CB
    { 0x00D0, 24 }, // U+00D0
    { 0x00D2, 24 }, // U+00D2
    { 0x00D3, 24 }, // U+00D3
    { 0x00D4, 24 }, // U+00D4
    { 0x00D5, 24 }, // U+00D5
    { 0x00D6, 24 }, // U+00D6
    { 0x00D8, 24 }, // U+00D8
    { 0x00D9, 37 }, // U+00D9
    { 0x00DA, 37 }, // U+00DA
    { 0x00DB, 37 }, // U+00DB
    { 0x00DC, 37 }, // U+00DC
    { 0x00DD, 41 }, // U+00DD
    { 0x00DE, 74 }, // U+00DE
    { 0x00DF, 75 }, // U+00DF
    { 0x00E0, 46 }, // U+00E0
    { 0x00E1, 46 }, // U+00E1
    { 0x00E2, 46 }, // U+00E2
    { 0x00E3, 46 }, // U+00E3
    { 0x00E4, 46 }, // U+00E4
    { 0x00E5, 46 }, // U+00E5
    { 0x00E7, 48 }, // U+00E7
    { 0x00E8, 50 }, // U+00E8
    { 0x00E9, 50 }, // U+00E9
    { 0x00EA, 50 }, // U+00EA
    { 0x00EB, 50 }, // U+00EB
    { 0x00EC, 54 }, // U+00EC
    { 0x00ED, 54 }, // U+00ED
    { 0x00EE, 54 }, // U+00EE
    { 0x00EF, 54 }, // U+00EF
    { 0x00F0, 76 }, // U+00F0
    { 0x00F1, 53 }, // U+00F1
    { 0x00F2, 47 }, // U+00F2
    { 0x00F3, 47 }, // U+00F3
    { 0x00F4, 47 }, // U+00F4
    { 0x00F5, 47 }, // U+00F5
    { 0x00F6, 47 }, // U+00F6
    { 0x00F8, 47 }, // U+00F8
    { 0x00F9, 62 }, // U+00F9
    { 0x00FA, 62 }, // U+00FA
    { 0x00FB, 62 }, // U+00FB
    { 0x00FC, 62 }, // U+00FC
    { 0x00FD, 66 }, // U+00FD
    { 0x00FE, 47 }, // U+00FE
    { 0x00FF, 66 }, // U+00FF
    { 0x0100, 21 }, // U+0100
    { 0x0101, 46 }, // U+0101
    { 0x0102, 21 }, // U+0102
    { 0x0103, 46 }, // U+0103
    { 0x0104, 21 }, // U+0104
    { 0x0105, 46 }, // U+0105
    { 0x0107, 48 }, // U+0107
    { 0x0109, 48 }, // U+0109
    { 0x010B, 48 }, // U+010B
    { 0x010D, 48 }, // U+010D
    { 0x010E, 24 }, // U+010E
    { 0x010F, 77 }, // U+010F
    { 0x0110, 24 }, // U+0110
    { 0x0111, 49 }, // U+0111
    { 0x0112, 25 }, // U+0112
    { 0x0113, 50 }, // U+0113
    { 0x0114, 25 }, // U+0114
    { 0x0115, 50 }, // U+0115
    { 0x0116, 25 }, // U+0116
    { 0x0117, 50 }, // U+0117
    { 0x0118, 25 }, // U+0118
    { 0x0119, 50 }, // U+0119
    { 0x011A, 25 }, // U+011A
    { 0x011B, 50 }, // U+011B
    { 0x011C, 27 }, // U+011C
    { 0x011D, 78 }, // U+011D
    { 0x011E, 27 }, // U+011E
    { 0x011F, 78 }, // U+011F
    { 0x0120, 27 }, // U+0120
    { 0x0121, 78 }, // U+0121
    { 0x0122, 27 }, // U+0122
    { 0x0123, 78 }, // U+0123
    { 0x0125, 53 }, // U+0125
    { 0x0127, 53 }, // U+0127
    { 0x0129, 54 }, // U+0129
    { 0x012B, 54 }, // U+012B
    { 0x012D, 54 }, // U+012D
    { 0x012F, 54 }, // U+012F
    { 0x0131, 54 }, // U+0131
    { 0x0132, 29 }, // U+0132
    { 0x0133, 55 }, // U+0133
    { 0x0134, 29 }, // U+0134
    { 0x0135, 55 }, // U+0135
    { 0x0136, 30 }, // U+0136
    { 0x0137, 56 }, // U+0137
    { 0x0138, 56 }, // U+0138
    { 0x0139, 31 }, // U+0139
    { 0x013A, 57 }, // U+013A
    { 0x013B, 31 }, // U+013B
    { 0x013C, 57 }, // U+013C
    { 0x013D, 31 }, // U+013D
    { 0x013E, 77 }, // U+013E
    { 0x013F, 31 }, // U+013F
    { 0x0140, 57 }, // U+0140
    { 0x0141, 31 }, // U+0141
    { 0x0142, 57 }, // U+0142
    { 0x0144, 53 }, // U+0144
    { 0x0146, 53 }, // U+0146
    { 0x0148, 53 }, // U+0148
    { 0x0149, 53 }, // U+0149
    { 0x014B, 53 }, // U+014B
    { 0x014C, 24 }, // U+014C
    { 0x014D, 47 }, // U+014D
    { 0x014E, 24 }, // U+014E
    { 0x014F, 47 }, // U+014F
    { 0x0150, 24 }, // U+0150
    { 0x0151, 47 }, // U+0151
    { 0x0152, 25 }, // U+0152
    { 0x0153, 50 }, // U+0153
    { 0x0154, 79 }, // U+0154
    { 0x0155, 59 }, // U+0155
    { 0x0156, 79 }, // U+0156
    { 0x0157, 59 }, // U+0157
    { 0x0158, 79 }, // U+0158
    { 0x0159, 59 }, // U+0159
    { 0x015A, 35 }, // U+015A
    { 0x015B, 60 }, // U+015B
    { 0x015C, 35 }, // U+015C
    { 0x015D, 60 }, // U+015D
    { 0x015E, 35 }, // U+015E
    { 0x015F, 60 }, // U+015F
    { 0x0160, 35 }, // U+0160
    { 0x0161, 60 }, // U+0161
    { 0x0162, 36 }, // U+0162
    { 0x0163, 61 }, // U+0163
    { 0x0164, 36 }, // U+0164
    { 0x0165, 61 }, // U+0165
    { 0x0166, 36 }, // U+0166
    { 0x0167, 61 }, // U+0167
    { 0x0168, 37 }, // U+0168
    { 0x0169, 62 }, // U+0169
    { 0x016A, 37 }, // U+016A
    { 0x016B, 62 }, // U+016B
    { 0x016C, 37 }, // U+016C
    { 0x016D, 62 }, // U+016D
    { 0x016E, 37 }, // U+016E
    { 0x016F, 62 }, // U+016F
    { 0x0170, 37 }, // U+0170
    { 0x0171, 62 }, // U+0171
    { 0x0172, 37 }, // U+0172
    { 0x0173, 62 }, // U+0173
    { 0x0174, 39 }, // U+0174
    { 0x0175, 64 }, // U+0175
    { 0x0176, 41 }, // U+0176
    { 0x0177, 66 }, // U+0177
    { 0x0178, 41 }, // U+0178
    { 0x0179, 42 }, // U+0179
    { 0x017A, 67 }, // U+017A
    { 0x017B, 42 }, // U+017B
    { 0x017C, 67 }, // U+017C
    { 0x017D, 42 }, // U+017D
    { 0x017E, 67 }, // U+017E
    { 0x01A0, 24 }, // U+01A0
    { 0x01A1, 47 }, // U+01A1
    { 0x01AF, 37 }, // U+01AF
    { 0x01B0, 62 }, // U+01B0
    { 0x01C4, 42 }, // U+01C4
    { 0x01C5, 67 }, // U+01C5
    { 0x01C6, 67 }, // U+01C6
    { 0x01C7, 29 }, // U+01C7
    { 0x01C8, 55 }, // U+01C8
    { 0x01C9, 57 }, // U+01C9
    { 0x01CA, 29 }, // U+01CA
    { 0x01CB, 55 }, // U+01CB
    { 0x01CC, 55 }, // U+01CC
    { 0x01CD, 21 }, // U+01CD
    { 0x01CE, 46 }, // U+01CE
    { 0x01D0, 54 }, // U+01D0
    { 0x01D1, 24 }, // U+01D1
    { 0x01D2, 47 }, // U+01D2
    { 0x01D3, 37 }, // U+01D3
    { 0x01D4, 62 }, // U+01D4
    { 0x01E6, 27 }, // U+01E6
    { 0x01E7, 78 }, // U+01E7
    { 0x01EA, 24 }, // U+01EA
    { 0x01EB, 47 }, // U+01EB
    { 0x01F1, 42 }, // U+01F1
    { 0x01F2, 67 }, // U+01F2
    { 0x01FA, 21 }, // U+01FA
    { 0x01FB, 46 }, // U+01FB
    { 0x01FC, 25 }, // U+01FC
    { 0x01FE, 24 }, // U+01FE
    { 0x01FF, 47 }, // U+01FF
    { 0x0200, 21 }, // U+0200
    { 0x0201, 46 }, // U+0201
    { 0x0202, 21 }, // U+0202
    { 0x0203, 46 }, // U+0203
    { 0x0204, 25 }, // U+0204
    { 0x0205, 50 }, // U+0205
    { 0x0206, 25 }, // U+0206
    { 0x0207, 50 }, // U+0207
    { 0x0209, 54 }, // U+0209
    { 0x020B, 54 }, // U+020B
    { 0x020C, 24 }, // U+020C
    { 0x020D, 47 }, // U+020D
    { 0x020E, 24 }, // U+020E
    { 0x020F, 47 }, // U+020F
    { 0x0210, 79 }, // U+0210
    { 0x0211, 59 }, // U+0211
    { 0x0212, 79 }, // U+0212
    { 0x0213, 59 }, // U+0213
    { 0x0214, 37 }, // U+0214
    { 0x0215, 62 }, // U+0215
    { 0x0216, 37 }, // U+0216
    { 0x0217, 62 }, // U+0217
    { 0x0218, 35 }, // U+0218
    { 0x0219, 60 }, // U+0219
    { 0x021A, 36 }, // U+021A
    { 0x021B, 61 }, // U+021B
    { 0x0400, 80 }, // U+0400
    { 0x0401, 80 }, // U+0401
    { 0x0402, 81 }, // U+0402
    { 0x0403, 82 }, // U+0403
    { 0x0404, 83 }, // U+0404
    { 0x0405, 84 }, // U+0405
    { 0x0409, 85 }, // U+0409
    { 0x040A, 85 }, // U+040A
    { 0x040B, 81 }, // U+040B
    { 0x040C, 86 }, // U+040C
    { 0x040E, 87 }, // U+040E
    { 0x0410, 88 }, // U+0410
    { 0x0411, 89 }, // U+0411
    { 0x0412, 90 }, // U+0412
    { 0x0413, 82 }, // U+0413
    { 0x0414, 91 }, // U+0414
    { 0x0415, 80 }, // U+0415
    { 0x0416, 86 }, // U+0416
    { 0x0417, 90 }, // U+0417
    { 0x041A, 86 }, // U+041A
    { 0x041E, 92 }, // U+041E
    { 0x0420, 93 }, // U+0420
    { 0x0421, 83 }, // U+0421
    { 0x0422, 82 }, // U+0422
    { 0x0423, 87 }, // U+0423
    { 0x0424, 94 }, // U+0424
    { 0x0425, 86 }, // U+0425
    { 0x0426, 91 }, // U+0426
    { 0x0429, 91 }, // U+0429
    { 0x042A, 85 }, // U+042A
    { 0x042C, 85 }, // U+042C
    { 0x042D, 92 }, // U+042D
    { 0x042E, 92 }, // U+042E
    { 0x0430, 95 }, // U+0430
    { 0x0431, 96 }, // U+0431
    { 0x0432, 97 }, // U+0432
    { 0x0433, 98 }, // U+0433
    { 0x0434, 99 }, // U+0434
    { 0x0435, 100 }, // U+0435
    { 0x0436, 101 }, // U+0436
    { 0x0437, 97 }, // U+0437
    { 0x0438, 102 }, // U+0438
    { 0x0439, 102 }, // U+0439
    { 0x043A, 101 }, // U+043A
    { 0x043B, 102 }, // U+043B
    { 0x043C, 102 }, // U+043C
    { 0x043D, 102 }, // U+043D
    { 0x043E, 100 }, // U+043E
    { 0x043F, 102 }, // U+043F
    { 0x0440, 100 }, // U+0440
    { 0x0441, 103 }, // U+0441
    { 0x0442, 98 }, // U+0442
    { 0x0443, 104 }, // U+0443
    { 0x0444, 100 }, // U+0444
    { 0x0445, 101 }, // U+0445
    { 0x0446, 99 }, // U+0446
    { 0x0447, 102 }, // U+0447
    { 0x0448, 102 }, // U+0448
    { 0x0449, 99 }, // U+0449
    { 0x044A, 105 }, // U+044A
    { 0x044B, 102 }, // U+044B
    { 0x044C, 105 }, // U+044C
    { 0x044D, 100 }, // U+044D
    { 0x044E, 100 }, // U+044E
    { 0x044F, 102 }, // U+044F
    { 0x0450, 100 }, // U+0450
    { 0x0451, 100 }, // U+0451
    { 0x0452, 106 }, // U+0452
    { 0x0453, 98 }, // U+0453
    { 0x0454, 103 }, // U+0454
    { 0x0455, 107 }, // U+0455
    { 0x0457, 108 }, // U+0457
    { 0x0458, 109 }, // U+0458
    { 0x0459, 105 }, // U+0459
    { 0x045A, 105 }, // U+045A
    { 0x045B, 110 }, // U+045B
    { 0x045C, 101 }, // U+045C
    { 0x045D, 102 }, // U+045D
    { 0x045E, 104 }, // U+045E
    { 0x045F, 102 }, // U+045F
    { 0x0460, 92 }, // U+0460
    { 0x0461, 111 }, // U+0461
    { 0x0462, 112 }, // U+0462
    { 0x0463, 105 }, // U+0463
    { 0x0464, 83 }, // U+0464
    { 0x0465, 103 }, // U+0465
    { 0x0466, 88 }, // U+0466
    { 0x0467, 113 }, // U+0467
    { 0x0468, 88 }, // U+0468
    { 0x0469, 113 }, // U+0469
    { 0x046E, 114 }, // U+046E
    { 0x0471, 100 }, // U+0471
    { 0x0472, 92 }, // U+0472
    { 0x0473, 100 }, // U+0473
    { 0x0474, 87 }, // U+0474
    { 0x0475, 111 }, // U+0475
    { 0x0476, 87 }, // U+0476
    { 0x0477, 111 }, // U+0477
    { 0x0478, 104 }, // U+0478
    { 0x0479, 104 }, // U+0479
    { 0x047A, 92 }, // U+047A
    { 0x047B, 100 }, // U+047B
    { 0x047C, 92 }, // U+047C
    { 0x047D, 100 }, // U+047D
    { 0x047E, 92 }, // U+047E
    { 0x047F, 111 }, // U+047F
    { 0x0480, 83 }, // U+0480
    { 0x048A, 91 }, // U+048A
    { 0x048B, 99 }, // U+048B
    { 0x048C, 112 }, // U+048C
    { 0x048D, 105 }, // U+048D
    { 0x048E, 93 }, // U+048E
    { 0x048F, 100 }, // U+048F
    { 0x0490, 115 }, // U+0490
    { 0x0491, 116 }, // U+0491
    { 0x0492, 117 }, // U+0492
    { 0x0493, 118 }, // U+0493
    { 0x0496, 119 }, // U+0496
    { 0x0497, 120 }, // U+0497
    { 0x0498, 114 }, // U+0498
    { 0x0499, 97 }, // U+0499
    { 0x049A, 119 }, // U+049A
    { 0x049B, 120 }, // U+049B
    { 0x049C, 86 }, // U+049C
    { 0x049D, 101 }, // U+049D
    { 0x049E, 86 }, // U+049E
    { 0x049F, 101 }, // U+049F
    { 0x04A0, 86 }, // U+04A0
    { 0x04A1, 101 }, // U+04A1
    { 0x04A2, 91 }, // U+04A2
    { 0x04A3, 99 }, // U+04A3
    { 0x04A4, 117 }, // U+04A4
    { 0x04A5, 116 }, // U+04A5
    { 0x04A9, 100 }, // U+04A9
    { 0x04AA, 83 }, // U+04AA
    { 0x04AB, 103 }, // U+04AB
    { 0x04AC, 115 }, // U+04AC
    { 0x04AD, 116 }, // U+04AD
    { 0x04AE, 121 }, // U+04AE
    { 0x04AF, 122 }, // U+04AF
    { 0x04B0, 121 }, // U+04B0
    { 0x04B1, 122 }, // U+04B1
    { 0x04B2, 119 }, // U+04B2
    { 0x04B3, 120 }, // U+04B3
    { 0x04B4, 91 }, // U+04B4
    { 0x04B5, 99 }, // U+04B5
    { 0x04B6, 91 }, // U+04B6
    { 0x04B7, 99 }, // U+04B7
    { 0x04BC, 123 }, // U+04BC
    { 0x04BD, 124 }, // U+04BD
    { 0x04BE, 123 }, // U+04BE
    { 0x04BF, 124 }, // U+04BF
    { 0x04C1, 86 }, // U+04C1
    { 0x04C2, 101 }, // U+04C2
    { 0x04C5, 91 }, // U+04C5
    { 0x04C6, 99 }, // U+04C6
    { 0x04C9, 91 }, // U+04C9
    { 0x04CA, 99 }, // U+04CA
    { 0x04CD, 91 }, // U+04CD
    { 0x04CE, 99 }, // U+04CE
    { 0x04D0, 88 }, // U+04D0
    { 0x04D1, 95 }, // U+04D1
    { 0x04D2, 88 }, // U+04D2
    { 0x04D3, 95 }, // U+04D3
    { 0x04D4, 80 }, // U+04D4
    { 0x04D5, 124 }, // U+04D5
    { 0x04D6, 80 }, // U+04D6
    { 0x04D7, 124 }, // U+04D7
    { 0x04D8, 92 }, // U+04D8
    { 0x04D9, 100 }, // U+04D9
    { 0x04DA, 92 }, // U+04DA
    { 0x04DB, 100 }, // U+04DB
    { 0x04DC, 86 }, // U+04DC
    { 0x04DD, 101 }, // U+04DD
    { 0x04DE, 114 }, // U+04DE
    { 0x04DF, 97 }, // U+04DF
    { 0x04E3, 102 }, // U+04E3
    { 0x04E5, 102 }, // U+04E5
    { 0x04E6, 92 }, // U+04E6
    { 0x04E7, 100 }, // U+04E7
    { 0x04E8, 92 }, // U+04E8
    { 0x04E9, 100 }, // U+04E9
    { 0x04EA, 92 }, // U+04EA
    { 0x04EB, 100 }, // U+04EB
    { 0x04EC, 92 }, // U+04EC
    { 0x04ED, 100 }, // U+04ED
    { 0x04EE, 87 }, // U+04EE
    { 0x04EF, 104 }, // U+04EF
    { 0x04F0, 87 }, // U+04F0
    { 0x04F1, 104 }, // U+04F1
    { 0x04F2, 87 }, // U+04F2
    { 0x04F3, 104 }, // U+04F3
    { 0x04F5, 102 }, // U+04F5
    { 0x04F6, 115 }, // U+04F6
    { 0x04F7, 116 }, // U+04F7
    { 0x04F9, 102 }, // U+04F9
    { 0x04FA, 117 }, // U+04FA
    { 0x04FB, 118 }, // U+04FB
    { 0x04FC, 119 }, // U+04FC
    { 0x04FD, 120 }, // U+04FD
    { 0x04FE, 86 }, // U+04FE
    { 0x04FF, 120 }, // U+04FF
    { 0x05D0, 125 }, // U+05D0
    { 0x05D1, 126 }, // U+05D1
    { 0x05D2, 127 }, // U+05D2
    { 0x05D3, 128 }, // U+05D3
    { 0x05D5, 129 }, // U+05D5
    { 0x05D6, 130 }, // U+05D6
    { 0x05D8, 131 }, // U+05D8
    { 0x05D9, 132 }, // U+05D9
    { 0x05DB, 133 }, // U+05DB
    { 0x05DC, 134 }, // U+05DC
    { 0x05DE, 135 }, // U+05DE
    { 0x05E0, 136 }, // U+05E0
    { 0x05E1, 137 }, // U+05E1
    { 0x05E2, 138 }, // U+05E2
    { 0x05E4, 139 }, // U+05E4
    { 0x05E6, 140 }, // U+05E6
    { 0x05E8, 141 }, // U+05E8
    { 0x05E9, 142 }, // U+05E9
    { 0x05EA, 143 }, // U+05EA
    { 0x1EA0, 21 }, // U+1EA0
    { 0x1EA1, 46 }, // U+1EA1
    { 0x1EA2, 21 }, // U+1EA2
    { 0x1EA3, 46 }, // U+1EA3
    { 0x1EA4, 21 }, // U+1EA4
    { 0x1EA5, 46 }, // U+1EA5
    { 0x1EA6, 21 }, // U+1EA6
    { 0x1EA7, 46 }, // U+1EA7
    { 0x1EA8, 21 }, // U+1EA8
    { 0x1EA9, 46 }, // U+1EA9
    { 0x1EAA, 21 }, // U+1EAA
    { 0x1EAB, 46 }, // U+1EAB
    { 0x1EAC, 21 }, // U+1EAC
    { 0x1EAD, 46 }, // U+1EAD
    { 0x1EAE, 21 }, // U+1EAE
    { 0x1EAF, 46 }, // U+1EAF
    { 0x1EB0, 21 }, // U+1EB0
    { 0x1EB1, 46 }, // U+1EB1
    { 0x1EB2, 21 }, // U+1EB2
    { 0x1EB3, 46 }, // U+1EB3
    { 0x1EB4, 21 }, // U+1EB4
    { 0x1EB5, 46 }, // U+1EB5
    { 0x1EB6, 21 }, // U+1EB6
    { 0x1EB7, 46 }, // U+1EB7
    { 0x1EB8, 25 }, // U+1EB8
    { 0x1EB9, 50 }, // U+1EB9
    { 0x1EBA, 25 }, // U+1EBA
    { 0x1EBB, 50 }, // U+1EBB
    { 0x1EBC, 25 }, // U+1EBC
    { 0x1EBD, 50 }, // U+1EBD
    { 0x1EBE, 25 }, // U+1EBE
    { 0x1EBF, 50 }, // U+1EBF
    { 0x1EC0, 25 }, // U+1EC0
    { 0x1EC1, 50 }, // U+1EC1
    { 0x1EC2, 25 }, // U+1EC2
    { 0x1EC3, 50 }, // U+1EC3
    { 0x1EC4, 25 }, // U+1EC4
    { 0x1EC5, 50 }, // U+1EC5
    { 0x1EC6, 25 }, // U+1EC6
    { 0x1EC7, 50 }, // U+1EC7
    { 0x1EC9, 54 }, // U+1EC9
    { 0x1ECB, 54 }, // U+1ECB
    { 0x1ECC, 24 }, // U+1ECC
    { 0x1ECD, 47 }, // U+1ECD
    { 0x1ECE, 24 }, // U+1ECE
    { 0x1ECF, 47 }, // U+1ECF
    { 0x1ED0, 24 }, // U+1ED0
    { 0x1ED1, 47 }, // U+1ED1
    { 0x1ED2, 24 }, // U+1ED2
    { 0x1ED3, 47 }, // U+1ED3
    { 0x1ED4, 24 }, // U+1ED4
    { 0x1ED5, 47 }, // U+1ED5
    { 0x1ED6, 24 }, // U+1ED6
    { 0x1ED7, 47 }, // U+1ED7
    { 0x1ED8, 24 }, // U+1ED8
    { 0x1ED9, 47 }, // U+1ED9
    { 0x1EDA, 24 }, // U+1EDA
    { 0x1EDB, 47 }, // U+1EDB
    { 0x1EDC, 24 }, // U+1EDC
    { 0x1EDD, 47 }, // U+1EDD
    { 0x1EDE, 24 }, // U+1EDE
    { 0x1EDF, 47 }, // U+1EDF
    { 0x1EE0, 24 }, // U+1EE0
    { 0x1EE1, 47 }, // U+1EE1
    { 0x1EE2, 24 }, // U+1EE2
    { 0x1EE3, 47 }, // U+1EE3
    { 0x1EE4, 37 }, // U+1EE4
    { 0x1EE5, 62 }, // U+1EE5
    { 0x1EE6, 37 }, // U+1EE6
    { 0x1EE7, 62 }, // U+1EE7
    { 0x1EE8, 37 }, // U+1EE8
    { 0x1EE9, 62 }, // U+1EE9
    { 0x1EEA, 37 }, // U+1EEA
    { 0x1EEB, 62 }, // U+1EEB
    { 0x1EEC, 37 }, // U+1EEC
    { 0x1EED, 62 }, // U+1EED
    { 0x1EEE, 37 }, // U+1EEE
    { 0x1EEF, 62 }, // U+1EEF
    { 0x1EF0, 37 }, // U+1EF0
    { 0x1EF1, 62 }, // U+1EF1
    { 0x1EF2, 41 }, // U+1EF2
    { 0x1EF3, 66 }, // U+1EF3
    { 0x1EF4, 41 }, // U+1EF4
    { 0x1EF5, 66 }, // U+1EF5
    { 0x1EF6, 41 }, // U+1EF6
    { 0x1EF7, 66 }, // U+1EF7
    { 0x1EF8, 41 }, // U+1EF8
    { 0x1EF9, 66 }, // U+1EF9
    { 0x2018, 144 }, // U+2018
    { 0x2019, 145 }, // U+2019
    { 0x201C, 146 }, // U+201C
    { 0x201D, 147 }, // U+201D
    { 0x2022, 148 }, // U+2022
    { 0x2206, 149 }, // U+2206
    { 0x221E, 150 }, // U+221E
    { 0x222B, 151 }, // U+222B
    { 0xFB01, 54 }, // U+FB01
    { 0xFB02, 57 }, // U+FB02
};

static const EpdKernClassEntry lexenddeca_18_regularKernRightClasses[] = {
    { 0x0021, 1 }, // !
    { 0x0026, 2 }, // &
    { 0x0029, 3 }, // )
    { 0x002A, 4 }, // *
    { 0x002C, 5 }, // ,
    { 0x002D, 6 }, // -
    { 0x002E, 7 }, // .
    { 0x002F, 8 }, // /
    { 0x0030, 9 }, // 0
    { 0x0031, 10 }, // 1
    { 0x0032, 11 }, // 2
    { 0x0034, 12 }, // 4
    { 0x0036, 13 }, // 6
    { 0x0037, 14 }, // 7
    { 0x0038, 15 }, // 8
    { 0x0039, 16 }, // 9
    { 0x003C, 17 }, // <
    { 0x003F, 18 }, // ?
    { 0x0040, 19 }, // @
    { 0x0041, 20 }, // A
    { 0x0042, 21 }, // B
    { 0x0043, 22 }, // C
    { 0x0044, 21 }, // D
    { 0x0045, 21 }, // E
    { 0x0046, 21 }, // F
    { 0x0047, 22 }, // G
    { 0x0048, 21 }, // H
    { 0x0049, 23 }, // I
    { 0x004A, 24 }, // J
    { 0x004B, 21 }, // K
    { 0x004C, 21 }, // L
    { 0x004D, 21 }, // M
    { 0x004E, 21 }, // N
    { 0x004F, 22 }, // O
    { 0x0050, 21 }, // P
    { 0x0051, 22 }, // Q
    { 0x0052, 21 }, // R
    { 0x0053, 25 }, // S
    { 0x0054, 26 }, // T
    { 0x0055, 27 }, // U
    { 0x0056, 28 }, // V
    { 0x0057, 29 }, // W
    { 0x0058, 30 }, // X
    { 0x0059, 31 }, // Y
    { 0x005A, 32 }, // Z
    { 0x005B, 33 }, // [
    { 0x005C, 34 }, // <backslash>
    { 0x005D, 35 }, // ]
    { 0x005F, 36 }, // _
    { 0x0061, 37 }, // a
    { 0x0062, 38 }, // b
    { 0x0063, 37 }, // c
    { 0x0064, 37 }, // d
    { 0x0065, 37 }, // e
    { 0x0066, 39 }, // f
    { 0x0067, 40 }, // g
    { 0x0068, 38 }, // h
    { 0x006A, 41 }, // j
    { 0x006B, 38 }, // k
    { 0x006C, 38 }, // l
    { 0x006D, 42 }, // m
    { 0x006E, 42 }, // n
    { 0x006F, 37 }, // o
    { 0x0070, 43 }, // p
    { 0x0071, 37 }, // q
    { 0x0072, 42 }, // r
    { 0x0073, 44 }, // s
    { 0x0074, 45 }, // t
    { 0x0075, 46 }, // u
    { 0x0076, 47 }, // v
    { 0x0077, 48 }, // w
    { 0x0078, 49 }, // x
    { 0x0079, 50 }, // y
    { 0x007A, 51 }, // z
    { 0x007B, 33 }, // {
    { 0x007D, 52 }, // }
    { 0x00A1, 53 }, // U+00A1
    { 0x00B7, 54 }, // U+00B7
    { 0x00BF, 55 }, // U+00BF
    { 0x00C0, 56 }, // U+00C0
    { 0x00C1, 56 }, // U+00C1
    { 0x00C2, 56 }, // U+00C2
    { 0x00C3, 56 }, // U+00C3
    { 0x00C4, 56 }, // U+00C4
    { 0x00C5, 56 }, // U+00C5
    { 0x00C6, 57 }, // U+00C6
    { 0x00C7, 22 }, // U+00C7
    { 0x00C8, 21 }, // U+00C8
    { 0x00C9, 21 }, // U+00C9
    { 0x00CA, 21 }, // U+00CA
    { 0x00CB, 21 }, // U+00CB
    { 0x00D0, 21 }, // U+00D0
    { 0x00D1, 21 }, // U+00D1
    { 0x00D2, 22 }, // U+00D2
    { 0x00D3, 22 }, // U+00D3
    { 0x00D4, 22 }, // U+00D4
    { 0x00D5, 22 }, // U+00D5
    { 0x00D6, 22 }, // U+00D6
    { 0x00D8, 22 }, // U+00D8
    { 0x00D9, 27 }, // U+00D9
    { 0x00DA, 27 }, // U+00DA
    { 0x00DB, 27 }, // U+00DB
    { 0x00DC, 27 }, // U+00DC
    { 0x00DD, 58 }, // U+00DD
    { 0x00DE, 21 }, // U+00DE
    { 0x00DF, 59 }, // U+00DF
    { 0x00E0, 37 }, // U+00E0
    { 0x00E1, 37 }, // U+00E1
    { 0x00E2, 37 }, // U+00E2
    { 0x00E3, 37 }, // U+00E3
    { 0x00E4, 37 }, // U+00E4
    { 0x00E5, 37 }, // U+00E5
    { 0x00E7, 37 }, // U+00E7
    { 0x00E8, 37 }, // U+00E8
    { 0x00E9, 37 }, // U+00E9
    { 0x00EA, 37 }, // U+00EA
    { 0x00EB, 37 }, // U+00EB
    { 0x00F0, 60 }, // U+00F0
    { 0x00F1, 42 }, // U+00F1
    { 0x00F2, 37 }, // U+00F2
    { 0x00F3, 37 }, // U+00F3
    { 0x00F4, 37 }, // U+00F4
    { 0x00F5, 37 }, // U+00F5
    { 0x00F6, 37 }, // U+00F6
    { 0x00F8, 37 }, // U+00F8
    { 0x00F9, 46 }, // U+00F9
    { 0x00FA, 46 }, // U+00FA
    { 0x00FB, 46 }, // U+00FB
    { 0x00FC, 46 }, // U+00FC
    { 0x00FD, 50 }, // U+00FD
    { 0x00FE, 61 }, // U+00FE
    { 0x00FF, 50 }, // U+00FF
    { 0x0100, 56 }, // U+0100
    { 0x0101, 37 }, // U+0101
    { 0x0102, 56 }, // U+0102
    { 0x0103, 37 }, // U+0103
    { 0x0104, 56 }, // U+0104
    { 0x0105, 37 }, // U+0105
    { 0x0106, 22 }, // U+0106
    { 0x0107, 37 }, // U+0107
    { 0x0108, 22 }, // U+0108
    { 0x0109, 37 }, // U+0109
    { 0x010A, 22 }, // U+010A
    { 0x010B, 37 }, // U+010B
    { 0x010C, 22 }, // U+010C
    { 0x010D, 37 }, // U+010D
    { 0x010E, 21 }, // U+010E
    { 0x010F, 37 }, // U+010F
    { 0x0110, 21 }, // U+0110
    { 0x0111, 37 }, // U+0111
    { 0x0112, 21 }, // U+0112
    { 0x0113, 37 }, // U+0113
    { 0x0114, 21 }, // U+0114
    { 0x0115, 37 }, // U+0115
    { 0x0116, 21 }, // U+0116
    { 0x0117, 37 }, // U+0117
    { 0x0118, 21 }, // U+0118
    { 0x0119, 37 }, // U+0119
    { 0x011A, 21 }, // U+011A
    { 0x011B, 37 }, // U+011B
    { 0x011C, 22 }, // U+011C
    { 0x011D, 40 }, // U+011D
    { 0x011E, 22 }, // U+011E
    { 0x011F, 40 }, // U+011F
    { 0x0120, 22 }, // U+0120
    { 0x0121, 40 }, // U+0121
    { 0x0122, 22 }, // U+0122
    { 0x0123, 40 }, // U+0123
    { 0x0124, 21 }, // U+0124
    { 0x0125, 38 }, // U+0125
    { 0x0127, 38 }, // U+0127
    { 0x0134, 24 }, // U+0134
    { 0x0135, 41 }, // U+0135
    { 0x0136, 21 }, // U+0136
    { 0x0137, 38 }, // U+0137
    { 0x0138, 38 }, // U+0138
    { 0x0139, 21 }, // U+0139
    { 0x013A, 38 }, // U+013A
    { 0x013B, 21 }, // U+013B
    { 0x013C, 38 }, // U+013C
    { 0x013D, 21 }, // U+013D
    { 0x013E, 38 }, // U+013E
    { 0x013F, 21 }, // U+013F
    { 0x0140, 38 }, // U+0140
    { 0x0141, 21 }, // U+0141
    { 0x0142, 38 }, // U+0142
    { 0x0143, 21 }, // U+0143
    { 0x0144, 42 }, // U+0144
    { 0x0145, 21 }, // U+0145
    { 0x0146, 42 }, // U+0146
    { 0x0147, 21 }, // U+0147
    { 0x0148, 42 }, // U+0148
    { 0x014A, 21 }, // U+014A
    { 0x014B, 42 }, // U+014B
    { 0x014C, 22 }, // U+014C
    { 0x014D, 37 }, // U+014D
    { 0x014E, 22 }, // U+014E
    { 0x014F, 37 }, // U+014F
    { 0x0150, 22 }, // U+0150
    { 0x0151, 37 }, // U+0151
    { 0x0152, 22 }, // U+0152
    { 0x0153, 37 }, // U+0153
    { 0x0154, 21 }, // U+0154
    { 0x0155, 42 }, // U+0155
    { 0x0156, 21 }, // U+0156
    { 0x0157, 42 }, // U+0157
    { 0x0158, 21 }, // U+0158
    { 0x0159, 42 }, // U+0159
    { 0x015A, 25 }, // U+015A
    { 0x015B, 44 }, // U+015B
    { 0x015C, 25 }, // U+015C
    { 0x015D, 44 }, // U+015D
    { 0x015E, 25 }, // U+015E
    { 0x015F, 44 }, // U+015F
    { 0x0160, 25 }, // U+0160
    { 0x0161, 44 }, // U+0161
    { 0x0162, 62 }, // U+0162
    { 0x0163, 45 }, // U+0163
    { 0x0164, 62 }, // U+0164
    { 0x0165, 45 }, // U+0165
    { 0x0166, 62 }, // U+0166
    { 0x0167, 45 }, // U+0167
    { 0x0168, 27 }, // U+0168
    { 0x0169, 46 }, // U+0169
    { 0x016A, 27 }, // U+016A
    { 0x016B, 46 }, // U+016B
    { 0x016C, 27 }, // U+016C
    { 0x016D, 46 }, // U+016D
    { 0x016E, 27 }, // U+016E
    { 0x016F, 46 }, // U+016F
    { 0x0170, 27 }, // U+0170
    { 0x0171, 46 }, // U+0171
    { 0x0172, 27 }, // U+0172
    { 0x0173, 46 }, // U+0173
    { 0x0174, 63 }, // U+0174
    { 0x0175, 48 }, // U+0175
    { 0x0176, 58 }, // U+0176
    { 0x0177, 50 }, // U+0177
    { 0x0178, 58 }, // U+0178
    { 0x0179, 32 }, // U+0179
    { 0x017A, 51 }, // U+017A
    { 0x017B, 32 }, // U+017B
    { 0x017C, 51 }, // U+017C
    { 0x017D, 32 }, // U+017D
    { 0x017E, 51 }, // U+017E
    { 0x01A0, 22 }, // U+01A0
    { 0x01A1, 37 }, // U+01A1
    { 0x01AF, 27 }, // U+01AF
    { 0x01B0, 46 }, // U+01B0
    { 0x01C4, 21 }, // U+01C4
    { 0x01C5, 21 }, // U+01C5
    { 0x01C6, 37 }, // U+01C6
    { 0x01C7, 21 }, // U+01C7
    { 0x01C8, 21 }, // U+01C8
    { 0x01C9, 38 }, // U+01C9
    { 0x01CA, 21 }, // U+01CA
    { 0x01CB, 21 }, // U+01CB
    { 0x01CC, 42 }, // U+01CC
    { 0x01CD, 56 }, // U+01CD
    { 0x01CE, 37 }, // U+01CE
    { 0x01D1, 22 }, // U+01D1
    { 0x01D2, 37 }, // U+01D2
    { 0x01D3, 27 }, // U+01D3
    { 0x01D4, 46 }, // U+01D4
    { 0x01E6, 22 }, // U+01E6
    { 0x01E7, 40 }, // U+01E7
    { 0x01EA, 22 }, // U+01EA
    { 0x01EB, 37 }, // U+01EB
    { 0x01F1, 21 }, // U+01F1
    { 0x01F2, 21 }, // U+01F2
    { 0x01FA, 56 }, // U+01FA
    { 0x01FB, 37 }, // U+01FB
    { 0x01FC, 57 }, // U+01FC
    { 0x01FE, 22 }, // U+01FE
    { 0x01FF, 37 }, // U+01FF
    { 0x0200, 56 }, // U+0200
    { 0x0201, 37 }, // U+0201
    { 0x0202, 56 }, // U+0202
    { 0x0203, 37 }, // U+0203
    { 0x0204, 21 }, // U+0204
    { 0x0205, 37 }, // U+0205
    { 0x0206, 21 }, // U+0206
    { 0x0207, 37 }, // U+0207
    { 0x020C, 22 }, // U+020C
    { 0x020D, 37 }, // U+020D
    { 0x020E, 22 }, // U+020E
    { 0x020F, 37 }, // U+020F
    { 0x0210, 21 }, // U+0210
    { 0x0211, 42 }, // U+0211
    { 0x0212, 21 }, // U+0212
    { 0x0213, 42 }, // U+0213
    { 0x0214, 27 }, // U+0214
    { 0x0215, 46 }, // U+0215
    { 0x0216, 27 }, // U+0216
    { 0x0217, 46 }, // U+0217
    { 0x0218, 25 }, // U+0218
    { 0x0219, 44 }, // U+0219
    { 0x021A, 62 }, // U+021A
    { 0x021B, 45 }, // U+021B
    { 0x0402, 64 }, // U+0402
    { 0x0404, 65 }, // U+0404
    { 0x0405, 66 }, // U+0405
    { 0x0408, 67 }, // U+0408
    { 0x0409, 68 }, // U+0409
    { 0x040B, 64 }, // U+040B
    { 0x040E, 69 }, // U+040E
    { 0x0410, 70 }, // U+0410
    { 0x0414, 71 }, // U+0414
    { 0x0416, 72 }, // U+0416
    { 0x0417, 73 }, // U+0417
    { 0x041B, 68 }, // U+041B
    { 0x041E, 65 }, // U+041E
    { 0x0421, 65 }, // U+0421
    { 0x0422, 64 }, // U+0422
    { 0x0423, 69 }, // U+0423
    { 0x0424, 74 }, // U+0424
    { 0x0425, 72 }, // U+0425
    { 0x0427, 75 }, // U+0427
    { 0x042A, 64 }, // U+042A
    { 0x042D, 73 }, // U+042D
    { 0x042F, 76 }, // U+042F
    { 0x0430, 77 }, // U+0430
    { 0x0431, 78 }, // U+0431
    { 0x0432, 79 }, // U+0432
    { 0x0433, 79 }, // U+0433
    { 0x0434, 80 }, // U+0434
    { 0x0435, 81 }, // U+0435
    { 0x0436, 82 }, // U+0436
    { 0x0437, 83 }, // U+0437
    { 0x0438, 79 }, // U+0438
    { 0x0439, 79 }, // U+0439
    { 0x043A, 79 }, // U+043A
    { 0x043B, 84 }, // U+043B
    { 0x043C, 79 }, // U+043C
    { 0x043D, 79 }, // U+043D
    { 0x043E, 81 }, // U+043E
    { 0x043F, 79 }, // U+043F
    { 0x0440, 79 }, // U+0440
    { 0x0441, 81 }, // U+0441
    { 0x0442, 85 }, // U+0442
    { 0x0443, 86 }, // U+0443
    { 0x0444, 81 }, // U+0444
    { 0x0445, 82 }, // U+0445
    { 0x0446, 79 }, // U+0446
    { 0x0447, 87 }, // U+0447
    { 0x0448, 79 }, // U+0448
    { 0x0449, 79 }, // U+0449
    { 0x044A, 85 }, // U+044A
    { 0x044B, 79 }, // U+044B
    { 0x044C, 79 }, // U+044C
    { 0x044D, 83 }, // U+044D
    { 0x044E, 79 }, // U+044E
    { 0x044F, 88 }, // U+044F
    { 0x0450, 81 }, // U+0450
    { 0x0451, 81 }, // U+0451
    { 0x0452, 89 }, // U+0452
    { 0x0453, 79 }, // U+0453
    { 0x0454, 81 }, // U+0454
    { 0x0455, 90 }, // U+0455
    { 0x0457, 91 }, // U+0457
    { 0x0458, 92 }, // U+0458
    { 0x0459, 84 }, // U+0459
    { 0x045A, 79 }, // U+045A
    { 0x045B, 89 }, // U+045B
    { 0x045C, 79 }, // U+045C
    { 0x045D, 79 }, // U+045D
    { 0x045E, 86 }, // U+045E
    { 0x045F, 79 }, // U+045F
    { 0x0460, 93 }, // U+0460
    { 0x0461, 94 }, // U+0461
    { 0x0462, 95 }, // U+0462
    { 0x0465, 96 }, // U+0465
    { 0x0466, 70 }, // U+0466
    { 0x0467, 80 }, // U+0467
    { 0x0469, 96 }, // U+0469
    { 0x046D, 96 }, // U+046D
    { 0x046E, 73 }, // U+046E
    { 0x0470, 75 }, // U+0470
    { 0x0472, 93 }, // U+0472
    { 0x0473, 77 }, // U+0473
    { 0x0474, 97 }, // U+0474
    { 0x0475, 94 }, // U+0475
    { 0x0476, 97 }, // U+0476
    { 0x0477, 94 }, // U+0477
    { 0x0478, 93 }, // U+0478
    { 0x0479, 77 }, // U+0479
    { 0x047A, 93 }, // U+047A
    { 0x047B, 77 }, // U+047B
    { 0x047C, 93 }, // U+047C
    { 0x047D, 77 }, // U+047D
    { 0x047E, 93 }, // U+047E
    { 0x047F, 94 }, // U+047F
    { 0x0480, 93 }, // U+0480
    { 0x0481, 77 }, // U+0481
    { 0x048B, 96 }, // U+048B
    { 0x048C, 95 }, // U+048C
    { 0x048D, 89 }, // U+048D
    { 0x048F, 96 }, // U+048F
    { 0x0491, 96 }, // U+0491
    { 0x0492, 95 }, // U+0492
    { 0x0495, 96 }, // U+0495
    { 0x0496, 72 }, // U+0496
    { 0x0497, 82 }, // U+0497
    { 0x0498, 73 }, // U+0498
    { 0x0499, 83 }, // U+0499
    { 0x049B, 96 }, // U+049B
    { 0x049D, 96 }, // U+049D
    { 0x049F, 89 }, // U+049F
    { 0x04A0, 98 }, // U+04A0
    { 0x04A1, 85 }, // U+04A1
    { 0x04A3, 96 }, // U+04A3
    { 0x04A5, 96 }, // U+04A5
    { 0x04A7, 96 }, // U+04A7
    { 0x04A8, 93 }, // U+04A8
    { 0x04A9, 77 }, // U+04A9
    { 0x04AA, 93 }, // U+04AA
    { 0x04AB, 77 }, // U+04AB
    { 0x04AC, 64 }, // U+04AC
    { 0x04AD, 85 }, // U+04AD
    { 0x04AE, 99 }, // U+04AE
    { 0x04AF, 100 }, // U+04AF
    { 0x04B0, 99 }, // U+04B0
    { 0x04B1, 100 }, // U+04B1
    { 0x04B2, 72 }, // U+04B2
    { 0x04B3, 82 }, // U+04B3
    { 0x04B4, 98 }, // U+04B4
    { 0x04B5, 85 }, // U+04B5
    { 0x04B6, 75 }, // U+04B6
    { 0x04B7, 87 }, // U+04B7
    { 0x04B8, 75 }, // U+04B8
    { 0x04B9, 87 }, // U+04B9
    { 0x04BB, 96 }, // U+04BB
    { 0x04BC, 101 }, // U+04BC
    { 0x04BD, 102 }, // U+04BD
    { 0x04BE, 101 }, // U+04BE
    { 0x04BF, 102 }, // U+04BF
    { 0x04C1, 72 }, // U+04C1
    { 0x04C2, 82 }, // U+04C2
    { 0x04C4, 96 }, // U+04C4
    { 0x04C5, 103 }, // U+04C5
    { 0x04C6, 80 }, // U+04C6
    { 0x04C8, 96 }, // U+04C8
    { 0x04CA, 96 }, // U+04CA
    { 0x04CB, 75 }, // U+04CB
    { 0x04CC, 87 }, // U+04CC
    { 0x04CE, 96 }, // U+04CE
    { 0x04D0, 70 }, // U+04D0
    { 0x04D1, 104 }, // U+04D1
    { 0x04D2, 70 }, // U+04D2
    { 0x04D3, 104 }, // U+04D3
    { 0x04D4, 70 }, // U+04D4
    { 0x04D5, 104 }, // U+04D5
    { 0x04D7, 77 }, // U+04D7
    { 0x04D8, 105 }, // U+04D8
    { 0x04D9, 104 }, // U+04D9
    { 0x04DA, 105 }, // U+04DA
    { 0x04DB, 104 }, // U+04DB
    { 0x04DC, 72 }, // U+04DC
    { 0x04DD, 82 }, // U+04DD
    { 0x04DE, 73 }, // U+04DE
    { 0x04DF, 83 }, // U+04DF
    { 0x04E3, 79 }, // U+04E3
    { 0x04E5, 79 }, // U+04E5
    { 0x04E6, 93 }, // U+04E6
    { 0x04E7, 77 }, // U+04E7
    { 0x04E8, 93 }, // U+04E8
    { 0x04E9, 77 }, // U+04E9
    { 0x04EA, 93 }, // U+04EA
    { 0x04EB, 77 }, // U+04EB
    { 0x04EC, 73 }, // U+04EC
    { 0x04ED, 83 }, // U+04ED
    { 0x04EE, 69 }, // U+04EE
    { 0x04EF, 86 }, // U+04EF
    { 0x04F0, 69 }, // U+04F0
    { 0x04F1, 86 }, // U+04F1
    { 0x04F2, 69 }, // U+04F2
    { 0x04F3, 86 }, // U+04F3
    { 0x04F4, 75 }, // U+04F4
    { 0x04F5, 87 }, // U+04F5
    { 0x04F7, 96 }, // U+04F7
    { 0x04F9, 79 }, // U+04F9
    { 0x04FA, 95 }, // U+04FA
    { 0x04FC, 72 }, // U+04FC
    { 0x04FD, 82 }, // U+04FD
    { 0x04FE, 72 }, // U+04FE
    { 0x04FF, 82 }, // U+04FF
    { 0x05D0, 106 }, // U+05D0
    { 0x05D1, 107 }, // U+05D1
    { 0x05D2, 108 }, // U+05D2
    { 0x05D3, 109 }, // U+05D3
    { 0x05D4, 110 }, // U+05D4
    { 0x05D6, 111 }, // U+05D6
    { 0x05D7, 112 }, // U+05D7
    { 0x05D8, 113 }, // U+05D8
    { 0x05D9, 114 }, // U+05D9
    { 0x05DA, 115 }, // U+05DA
    { 0x05DB, 116 }, // U+05DB
    { 0x05DC, 117 }, // U+05DC
    { 0x05DD, 118 }, // U+05DD
    { 0x05DE, 119 }, // U+05DE
    { 0x05E1, 120 }, // U+05E1
    { 0x05E2, 121 }, // U+05E2
    { 0x05E3, 122 }, // U+05E3
    { 0x05E4, 123 }, // U+05E4
    { 0x05E5, 124 }, // U+05E5
    { 0x05E7, 125 }, // U+05E7
    { 0x05E8, 126 }, // U+05E8
    { 0x05E9, 127 }, // U+05E9
    { 0x05EA, 128 }, // U+05EA
    { 0x1EA0, 56 }, // U+1EA0
    { 0x1EA1, 37 }, // U+1EA1
    { 0x1EA2, 56 }, // U+1EA2
    { 0x1EA3, 37 }, // U+1EA3
    { 0x1EA4, 56 }, // U+1EA4
    { 0x1EA5, 37 }, // U+1EA5
    { 0x1EA6, 56 }, // U+1EA6
    { 0x1EA7, 37 }, // U+1EA7
    { 0x1EA8, 56 }, // U+1EA8
    { 0x1EA9, 37 }, // U+1EA9
    { 0x1EAA, 56 }, // U+1EAA
    { 0x1EAB, 37 }, // U+1EAB
    { 0x1EAC, 56 }, // U+1EAC
    { 0x1EAD, 37 }, // U+1EAD
    { 0x1EAE, 56 }, // U+1EAE
    { 0x1EAF, 37 }, // U+1EAF
    { 0x1EB0, 56 }, // U+1EB0
    { 0x1EB1, 37 }, // U+1EB1
    { 0x1EB2, 56 }, // U+1EB2
    { 0x1EB3, 37 }, // U+1EB3
    { 0x1EB4, 56 }, // U+1EB4
    { 0x1EB5, 37 }, // U+1EB5
    { 0x1EB6, 56 }, // U+1EB6
    { 0x1EB7, 37 }, // U+1EB7
    { 0x1EB8, 21 }, // U+1EB8
    { 0x1EB9, 37 }, // U+1EB9
    { 0x1EBA, 21 }, // U+1EBA
    { 0x1EBB, 37 }, // U+1EBB
    { 0x1EBC, 21 }, // U+1EBC
    { 0x1EBD, 37 }, // U+1EBD
    { 0x1EBE, 21 }, // U+1EBE
    { 0x1EBF, 37 }, // U+1EBF
    { 0x1EC0, 21 }, // U+1EC0
    { 0x1EC1, 37 }, // U+1EC1
    { 0x1EC2, 21 }, // U+1EC2
    { 0x1EC3, 37 }, // U+1EC3
    { 0x1EC4, 21 }, // U+1EC4
    { 0x1EC5, 37 }, // U+1EC5
    { 0x1EC6, 21 }, // U+1EC6
    { 0x1EC7, 37 }, // U+1EC7
    { 0x1ECC, 22 }, // U+1ECC
    { 0x1ECD, 37 }, // U+1ECD
    { 0x1ECE, 22 }, // U+1ECE
    { 0x1ECF, 37 }, // U+1ECF
    { 0x1ED0, 22 }, // U+1ED0
    { 0x1ED1, 37 }, // U+1ED1
    { 0x1ED2, 22 }, // U+1ED2
    { 0x1ED3, 37 }, // U+1ED3
    { 0x1ED4, 22 }, // U+1ED4
    { 0x1ED5, 37 }, // U+1ED5
    { 0x1ED6, 22 }, // U+1ED6
    { 0x1ED7, 37 }, // U+1ED7
    { 0x1ED8, 22 }, // U+1ED8
    { 0x1ED9, 37 }, // U+1ED9
    { 0x1EDA, 22 }, // U+1EDA
    { 0x1EDB, 37 }, // U+1EDB
    { 0x1EDC, 22 }, // U+1EDC
    { 0x1EDD, 37 }, // U+1EDD
    { 0x1EDE, 22 }, // U+1EDE
    { 0x1EDF, 37 }, // U+1EDF
    { 0x1EE0, 22 }, // U+1EE0
    { 0x1EE1, 37 }, // U+1EE1
    { 0x1EE2, 22 }, // U+1EE2
    { 0x1EE3, 37 }, // U+1EE3
    { 0x1EE4, 27 }, // U+1EE4
    { 0x1EE5, 46 }, // U+1EE5
    { 0x1EE6, 27 }, // U+1EE6
    { 0x1EE7, 46 }, // U+1EE7
    { 0x1EE8, 27 }, // U+1EE8
    { 0x1EE9, 46 }, // U+1EE9
    { 0x1EEA, 27 }, // U+1EEA
    { 0x1EEB, 46 }, // U+1EEB
    { 0x1EEC, 27 }, // U+1EEC
    { 0x1EED, 46 }, // U+1EED
    { 0x1EEE, 27 }, // U+1EEE
    { 0x1EEF, 46 }, // U+1EEF
    { 0x1EF0, 27 }, // U+1EF0
    { 0x1EF1, 46 }, // U+1EF1
    { 0x1EF2, 58 }, // U+1EF2
    { 0x1EF3, 50 }, // U+1EF3
    { 0x1EF4, 58 }, // U+1EF4
    { 0x1EF5, 50 }, // U+1EF5
    { 0x1EF6, 58 }, // U+1EF6
    { 0x1EF7, 50 }, // U+1EF7
    { 0x1EF8, 58 }, // U+1EF8
    { 0x1EF9, 50 }, // U+1EF9
    { 0x2013, 129 }, // U+2013
    { 0x2014, 130 }, // U+2014
    { 0x2018, 131 }, // U+2018
    { 0x2019, 132 }, // U+2019
    { 0x201C, 133 }, // U+201C
    { 0x201D, 134 }, // U+201D
    { 0x2022, 135 }, // U+2022
    { 0x2206, 136 }, // U+2206
    { 0x222B, 137 }, // U+222B
    { 0xFB01, 39 }, // U+FB01
    { 0xFB02, 39 }, // U+FB02
};

static const int8_t lexenddeca_18_regularKernMatrix[] = {
       0,    0,   -9,    0,    0,    0,    0,    0,    0,    0,    0,    0,    0,    0,    0,    0,    0,    0,    0,    0,    0,    0,    0,    0,    0,  -33,    0,  -36,  -24,    0,  -30,    0,    0,    0,    0,    0,    0,    0,    0,    0,    0,    0,    0,    0,    0,    0,  -18,  -18,    0,  -18,    0,    0,    0,    0,    0,    0,    0,  -30,    0,   -6,    0,  -33,  -24,    0,    0,    0,    0,    0,    0,    0,    0,    0,    0,    0,    0,    0,    0,    0,    0,    0,    0,    0,    0,    0,    0,    0,    0,    0,    0,    0,    0,    0,    0,    0,    0,    0,    0,    0,    0,    0,    0,    0,    0,    0,    0,    0,    0,    0,    0,    0,    0,    0,    0,    0,    0,    0,    0,    0,    0,    0,    0,    0,    0,    0,    0,    0,    0,    0,    0,    0,    0,    0,    0,    0,    0,    0,    0,
       0,    0,    0,    0,    0,    0,    0,    0,    0,    0,    0,    0,    0,    0,    0,    0,    0,    0,    0,    0,    0,  -18,    0,  -24,    0,    0,    0,    0,    0,    0,    0,    0,    0,    0,    0,    0,  -15,    0,    0,  -14,   18,    0,   18,    0,    0,    0,    0,    0,    0,    0,    0,    0,    0,    0,    0,    0,    0,    0,    0,  -15,    9,    0,    0,    0,    0,    0,    0,    0,    0,    0,    0,    0,    0,    0,    0,    0,    0,    0,    0,    0,    0,    0,    0,    0,    0,    0,    0,    0,    0,    0,    0,    0,    0,    0,    0,    0,    0,    0,    0,    0,    0,    0,    0,    0,    0,    0,    0,    0,    0,    0,    0,    0,    0,    0,    0,    0,    0,    0,    0,    0,    0,    0,    0,    0,    0,    0,    0,    0,    0,    0,    0,    0,    0,    0,    0,    0,    0,
       0,    0,    0,    0,    0,    0,    0,    0,    0,    0,    0,    0,    0,    0,    0,    0,    0,    0,    0,  -45,    0,    0,    0,    0,    0,    0,    0,    0,    0,    0,    0,    0,    0,    0,    0,    0,    0,    0,    0,    0,    0,    0,    0,    0,    0,    0,    4,    0,    0,    0,    0,    0,    0,    0,    0,  -45,    0,    0,    0,  -15,    0,    0,    0,    0,    0,    0,    0,    0,    0,    0,    0,    0,    0,    0,    0,    0,    0,    0,    0,    0,    0,    0,    0,    0,    0,    0,    0,    0,    0,    0,    0,    0,    0,    0,    0,    0,    0,    0,    0,    0,    0,    0,    0,    0,    0,    0,    0,    0,    0,    0,    0,    0,    0,    0,    0,    0,    0,    0,    0,    0,    0,    0,    0,    0,    0,    0,    0,    0,    0,    0,    0,    0,    0,    0,    0,    0,    0,
       0,    0,    0,    0,    0,    0,    0,    0,    0,    0,    0,  -15,    0,    0,    0,    0,    0,    0,    0,    0,    0,  -12,    0,    0,    0,  -60,    0,  -72,  -48,    0,  -72,    0,    0,    0,    0,    0,    0,    0,    0,    0,    0,    0,    0,    0,    0,    0,  -48,  -24,    0,  -24,    0,    0,    0,    0,    0,    0,    0,  -72,    0,    0,    0,  -60,  -48,    0,    0,    0,    0,    0,    0,    0,    0,    0,    0,    0,    0,    0,    0,    0,    0,    0,    0,    0,    0,    0,    0,    0,    0,    0,    0,    0,    0,    0,    0,    0,    0,    0,    0,    0,    0,    0,    0,    0,    0,    0,    0,    0,    0,    0,    0,    0,    0,    0,    0,    0,    0,    0,    0,    0,    0,    0,    0,    0,    0,    0,    0,    0,    0,    0,    0,    0,    0,    0,    0,    0,    0,    0,    0,
       0,    0,    0,    0,    0,    0,    0,    0,    0,    0,    0,  -15,    0,    0,    0,    0,    0,    0,    0,    0,    0,  -12,    0,    0,    0,  -60,    0,  -60,  -48,    0,  -72,    0,    0,    0,    0,    0,    0,    0,    0,    0,    0,    0,    0,    0,    0,    0,  -48,  -24,    0,  -24,    0,    0,    0,    0,    0,    0,    0,  -72,    0,    0,    0,  -60,  -48,    0,    0,    0,    0,    0,    0,    0,    0,    0,    0,    0,    0,    0,    0,    0,    0,    0,    0,    0,    0,    0,    0,    0,    0,    0,    0,    0,    0,    0,    0,    0,    0,    0,    0,    0,    0,    0,    0,    0,    0,    0,    0,    0,    0,    0,    0,    0,    0,    0,    0,    0,    0,    0,    0,    0,    0,    0,    0,    0,    0,    0,    0,    0,    0,    0,    0,    0,    0,    0,    0,    0,    0,    0,    0,
       0,    0,    0,    0,    0,    0,    0,  -55,  -30,  -18,  -18,  -36,  -30,    0,    0,    0,    0,    0,    0,  -60,    0,  -24,    0,  -30,    0,    0,    0,    0,    0,    0,    0,    0,    0,    0,    0,    0,  -30,    0,    0,  -30,    0,    0,    0,  -18,    0,    0,   -1,    0,   -4,    0,    0,    0,    0,    0,    0,  -60,    0,    0,   -7,  -19,    0,    0,    0,    0,    0,    0,    0,    0,    0,    0,    0,    0,    0,    0,    0,    0,    0,    0,    0,    0,    0,    0,    0,    0,    0,    0,    0,    0,    0,    0,    0,    0,    0,    0,    0,    0,    0,    0,    0,    0,    0,    0,    0,    0,    0,    0,    0,    0,    0,    0,    0,    0,    0,    0,    0,    0,    0,    0,    0,    0,    0,    0,    0,    0,    0,    0,    0,    0,    0,    0,    0,    0,    0,    0,    0,    0,    0,
       0,    0,    0,    0,    0,    0,    0,  -30,    0,    0,    0,    0,    0,    0,    0,    0,    0,    0,    0,    0,    0,    0,    0,    0,    0,    0,    0,    0,    0,    0,    0,    0,    0,    0,    0,    0,    0,    0,    0,    0,    0,    0,    0,    0,    0,    0,    0,    0,    0,    0,    0,    0,    0,    0,    0,    0,    0,    0,    0,    0,    0,    0,    0,    0,    0,    0,    0,    0,    0,    0,    0,    0,    0,    0,    0,    0,    0,    0,    0,    0,    0,    0,    0,    0,    0,    0,    0,    0,    0,    0,    0,    0,    0,    0,    0,    0,    0,    0,    0,    0,    0,    0,    0,    0,    0,    0,    0,    0,    0,    0,    0,    0,    0,    0,    0,    0,    0,    0,    0,    0,    0,    0,    0,    0,    0,    0,    0,    0,    0,    0,    0,    0,    0,    0,    0,  -30,    0,
       0,    0,    0,    0,    0,    0,    0,    0,    0,    0,    0,    0,    0,    0,    0,    0,  -24,    0,    0,    0,    0,    0,    0,    0,    0,    0,    0,    0,    0,    0,    0,    0,    0,    0,    0,    0,    0,    0,    0,    0,    0,    0,    0,    0,    0,    0,    0,    0,    0,    0,    0,    0,    0,    0,    0,    0,    0,    0,    0,    0,    0,    0,    0,    0,    0,    0,    0,    0,    0,    0,    0,    0,    0,    0,    0,    0,    0,    0,    0,    0,    0,    0,    0,    0,    0,    0,    0,    0,    0,    0,    0,    0,    0,    0,    0,    0,    0,    0,    0,    0,    0,    0,    0,    0,    0,    0,    0,    0,    0,    0,    0,    0,    0,    0,    0,    0,    0,    0,    0,    0,    0,    0,    0,    0,    0,    0,    0,    0,    0,    0,    0,    0,    0,    0,    0,    0,    0,
       0,    0,    0,    0,    0,    0,    0,    0,    0,    0,    0,  -12,    0,    0,    0,    0,    0,    0,    0,    0,    0,    0,    0,    0,    0,    0,    0,    0,    0,    0,    0,    0,    0,    0,    0,    0,    0,    0,    0,    0,    0,    0,    0,    0,    0,    0,    0,    0,    0,    0,    0,    6,    0,    0,    0,    0,    0,    0,    0,    0,    0,    0,    0,    0,    0,    0,    0,    0,    0,    0,    0,    0,    0,    0,    0,    0,    0,    0,    0,    0,    0,    0,    0,    0,    0,    0,    0,    0,    0,    0,    0,    0,    0,    0,    0,    0,    0,    0,    0,    0,    0,    0,    0,    0,    0,    0,    0,    0,    0,    0,    0,    0,    0,    0,    0,    0,    0,    0,    0,    0,    0,    0,    0,    0,    0,    0,    0,    0,    0,    0,    0,    0,    0,    0,    0,    0,    0,
       0,    0,    0,    0,    0,    0,    0,  -15,    0,    0,    0,    0,    0,    0,    0,    0,    0,    0,    0,    0,    0,    0,    0,    0,    0,    0,    0,    0,    0,    0,    0,    0,    0,    0,    0,    0,    0,    0,    0,    0,    0,    0,    0,    0,    0,    0,    0,    0,    0,    0,    0,    0,    0,    0,    0,    0,    0,    0,    0,    0,    0,    0,    0,    0,    0,    0,    0,    0,    0,    0,    0,    0,    0,    0,    0,    0,    0,    0,    0,    0,    0,    0,    0,    0,    0,    0,    0,    0,    0,    0,    0,    0,    0,    0,    0,    0,    0,    0,    0,    0,    0,    0,    0,    0,    0,    0,    0,    0,    0,    0,    0,    0,    0,    0,    0,    0,    0,    0,    0,    0,    0,    0,    0,    0,    0,    0,    0,    0,    0,    0,    0,    0,    0,    0,    0,  -18,    0,
       0,    0,    0,    0,    0,    0,    0,    0,    0,    0,  -12,    0,    0,  -12,    0,    0,    0,    0,    0,    0,    0,    0,    0,    0,    0,    0,    0,    0,    0,    0,    0,    0,    0,    0,    0,    0,    0,    0,    0,    0,    0,    0,    0,    0,    0,    0,    0,    0,    0,    0,    0,    0,    0,    0,    0,    0,    0,    0,    0,    0,    0,    0,    0,    0,    0,    0,    0,    0,    0,    0,    0,    0,    0,    0,    0,    0,    0,    0,    0,    0,    0,    0,    0,    0,    0,    0,    0,    0,    0,    0,    0,    0,    0,    0,    0,    0,    0,    0,    0,    0,    0,    0,    0,    0,    0,    0,    0,    0,    0,    0,    0,    0,    0,    0,    0,    0,    0,    0,    0,    0,    0,    0,    0,    0,    0,    0,    0,    0,    0,    0,    0,    0,    0,    0,    0,    0,  -36,
       0,    0,    0,    0,    0,    0,    0,  -24,    0,    0,    0,    0,    0,    0,    0,    0,    0,    0,    0,    0,    0,    0,    0,    0,    0,    0,    0,    0,    0,    0,    0,    0,    0,    0,    0,    0,    0,    0,    0,    0,    0,    0,    0,    0,    0,    0,    0,    0,    0,    0,    0,    0,    0,    0,    0,    0,    0,    0,    0,    0,    0,    0,    0,    0,    0,    0,    0,    0,    0,    0,    0,    0,    0,    0,    0,    0,    0,    0,    0,    0,    0,    0,    0,    0,    0,    0,    0,    0,    0,    0,    0,    0,    0,    0,    0,    0,    0,    0,    0,    0,    0,    0,    0,    0,    0,    0,    0,    0,    0,    0,    0,    0,    0,    0,    0,    0,    0,    0,    0,    0,    0,    0,    0,    0,    0,    0,    0,    0,    0,    0,    0,    0,    0,    0,    0,  -12,    0,
       0,    0,    0,    0,    0,    0,    0,    0,    0,    0,    0,    0,    0,    0,    0,    0,    0,    0,    0,    0,    0,    0,    0,    0,    0,    0,    0,    0,    0,    0,    0,    0,    0,    0,    0,    0,    0,    0,    0,    0,    0,    0,    0,    0,    0,    0,    0,    0,    0,    0,    0,    0,    0,    0,    0,    0,    0,    0,    0,    0,    0,    0,    0,    0,    0,    0,    0,    0,    0,    0,    0,    0,    0,    0,    0,    0,    0,    0,    0,    0,    0,    0,    0,    0,    0,    0,    0,    0,    0,    0,    0,    0,    0,    0,    0,    0,    0,    0,    0,    0,    0,    0,    0,    0,    0,    0,    0,    0,    0,    0,    0,    0,    0,    0,    0,    0,    0,    0,    0,    0,    0,    0,    0,    0,    0,    0,    0,    0,    0,    0,    0,    0,    0,    0,    0,  -12,    0,
       0,    0,    0,    0,  -60,    0,  -48,  -72,    0,   -9,  -12,  -15,  -12,    0,  -12,    0,  -30,    0,    0,    0,    0,    0,    0,    0,    0,    0,    0,    0,    0,    0,    0,    0,    0,    0,    0,    0,    0,    0,    0,    0,    0,    0,    0,    0,    0,    0,    0,    0,    0,    0,    0,    0,    0,    0,    0,    0,    0,    0,    0,    0,    0,    0,    0,    0,    0,    0,    0,    0,    0,    0,    0,    0,    0,    0,    0,    0,    0,    0,    0,    0,    0,    0,    0,    0,    0,    0,    0,    0,    0,    0,    0,    0,    0,    0,    0,    0,    0,    0,    0,    0,    0,    0,    0,    0,    0,    0,    0,    0,    0,    0,    0,    0,    0,    0,    0,    0,    0,    0,    0,    0,    0,    0,    0,    0,    0,    0,    0,    0,    0,    0,    0,    0,    0,    0,    0,  -54,    0,
       0,    0,    0,    0,    0,    0,    0,    0,    0,    0,    0,    0,    0,    0,    0,    0,    0,    0,    0,    0,    0,    0,    0,    0,    0,    0,    0,    0,    0,    0,    0,    0,    0,    0,    0,    0,    0,    0,    0,    0,    0,    0,    0,    0,    0,    0,    0,    0,    0,    0,    0,    0,    0,    0,    0,    0,    0,    0,    0,    0,    0,    0,    0,    0,    0,    0,    0,    0,    0,    0,    0,    0,    0,    0,    0,    0,    0,    0,    0,    0,    0,    0,    0,    0,    0,    0,    0,    0,    0,    0,    0,    0,    0,    0,    0,    0,    0,    0,    0,    0,    0,    0,    0,    0,    0,    0,    0,    0,    0,    0,    0,    0,    0,    0,    0,    0,    0,    0,    0,    0,    0,    0,    0,    0,    0,    0,    0,    0,    0,    0,    0,    0,    0,    0,    0,  -18,    0,
       0,    0,    0,    0,    0,    0,    0,  -30,    0,    0,    0,    0,    0,    0,    0,    0,    0,    0,    0,    0,    0,    0,    0,    0,    0,    0,    0,    0,    0,    0,    0,    0,    0,    0,    0,    0,    0,    0,    0,    0,    0,    0,    0,    0,    0,    0,    0,    0,    0,    0,    0,    0,    0,    0,    0,    0,    0,    0,    0,    0,    0,    0,    0,    0,    0,    0,    0,    0,    0,    0,    0,    0,    0,    0,    0,    0,    0,    0,    0,    0,    0,    0,    0,    0,    0,    0,    0,    0,    0,    0,    0,    0,    0,    0,    0,    0,    0,    0,    0,    0,    0,    0,    0,    0,    0,    0,    0,    0,    0,    0,    0,    0,    0,    0,    0,    0,    0,    0,    0,    0,    0,    0,    0,    0,    0,    0,    0,    0,    0,    0,    0,    0,    0,    0,    0,  -24,    0,
       0,    0,    0,    0,    0,    0,    0,    0,    0,  -12,    0,    0,    0,    0,    0,    0,    0,    0,    0,    0,    0,    0,    0,    0,    0,    0,    0,    0,    0,    0,    0,    0,    0,    0,    0,    0,    0,    0,    0,    0,    0,    0,    0,    0,    0,    0,    0,    0,    0,    0,    0,    0,    0,    0,    0,    0,    0,    0,    0,    0,    0,    0,    0,    0,    0,    0,    0,    0,    0,    0,    0,    0,    0,    0,    0,    0,    0,    0,    0,    0,    0,    0,    0,    0,    0,    0,    0,    0,    0,    0,    0,    0,    0,    0,    0,    0,    0,    0,    0,    0,    0,    0,    0,    0,    0,    0,    0,    0,    0,    0,    0,    0,    0,    0,    0,    0,    0,    0,    0,    0,    0,    0,    0,    0,    0,    0,    0,    0,    0,    0,    0,    0,    0,    0,    0,    0,    0,
       0,    0,    0,    0,    0,    0,    0,    0,    0,  -36,  -18,    0,    0,  -30,    0,    0,    0,    0,    0,    0,    0,    0,    0,    0,    0,    0,    0,    0,    0,    0,    0,    0,    0,    0,    0,    0,    0,    0,    0,    0,    0,    0,    0,    0,    0,    0,    0,    0,    0,    0,    0,    0,    0,    0,    0,    0,    0,    0,    0,    0,    0,    0,    0,    0,    0,    0,    0,    0,    0,    0,    0,    0,    0,    0,    0,    0,    0,    0,    0,    0,    0,    0,    0,    0,    0,    0,    0,    0,    0,    0,    0,    0,    0,    0,    0,    0,    0,    0,    0,    0,    0,    0,    0,    0,    0,    0,    0,    0,    0,    0,    0,    0,    0,    0,    0,    0,    0,    0,    0,    0,    0,    0,    0,    0,    0,    0,    0,    0,    0,    0,    0,    0,    0,    0,    0,    0,    0,
       0,    0,    0,    0,    0,    0,    0,    0,    0,    0,    0,    0,    0,    0,    0,    0,    0,    0,    0,  -24,    0,    0,    0,  -45,    0,    0,    0,    0,    0,    0,    0,    0,    0,    0,    0,    0,    0,    0,    0,    0,    0,    0,    0,    0,    0,    0,    0,    0,    0,    0,    0,    0,    0,    0,    0,  -24,    0,    0,    0,   -9,    0,    0,    0,    0,    0,    0,    0,    0,    0,    0,    0,    0,    0,    0,    0,    0,    0,    0,    0,    0,    0,    0,    0,    0,    0,    0,    0,    0,    0,    0,    0,    0,    0,    0,    0,    0,    0,    0,    0,    0,    0,    0,    0,    0,    0,    0,    0,    0,    0,    0,    0,    0,    0,    0,    0,    0,    0,    0,    0,    0,    0,    0,    0,    0,    0,    0,    0,    0,    0,    0,    0,    0,    0,    0,    0,    0,    0,
       0,    0,    0,    0,    0,    0,    0,    0,    0,    0,    0,    0,    0,    0,    0,    0,    0,    0,    0,    0,    0,    0,    0,    0,    0,    0,    0,   -4,    0,    0,    0,    0,    0,    0,    0,    0,    0,    0,    0,    0,    0,    0,    0,    0,    0,    0,    0,    0,   -2,    0,    0,    0,    0,    0,    0,    0,    0,    0,    0,    0,    0,    0,    0,    0,    0,    0,    0,    0,    0,    0,    0,    0,    0,    0,    0,    0,    0,    0,    0,    0,    0,    0,    0,    0,    0,    0,    0,    0,    0,    0,    0,    0,    0,    0,    0,    0,    0,    0,    0,    0,    0,    0,    0,    0,    0,    0,    0,    0,    0,    0,    0,    0,    0,    0,    0,    0,    0,    0,    0,    0,    0,    0,    0,    0,    0,    0,    0,    0,    0,    0,    0,    0,    0,    0,    0,    0,    0,
       0,    0,    0,  -45,    0,  -30,    0,    0,    0,    0,    0,    0,    0,    0,    0,    0,    0,    0,    0,    0,    0,  -12,    0,    0,    0,  -30,  -12,  -45,  -24,    0,  -48,    0,    0,  -60,    0,    0,  -12,    0,  -12,   -6,    0,    0,    0,    0,   -3,   -6,  -30,  -27,    0,  -15,    0,    0,    0,    0,    0,    0,    0,  -48,  -12,  -12,    0,  -30,  -24,    0,    0,    0,    0,    0,    0,    0,    0,    0,    0,    0,    0,    0,    0,    0,    0,    0,    0,    0,    0,    0,    0,    0,    0,    0,    0,    0,    0,    0,    0,    0,    0,    0,    0,    0,    0,    0,    0,    0,    0,    0,    0,    0,    0,    0,    0,    0,    0,    0,    0,    0,    0,    0,    0,    0,    0,    0,    0,    0,    0,    0,    0,    0,    0,    0,  -30,  -30,  -78,  -81,  -42,  -45,    0,    0,    0,
       0,    0,  -12,    0,    0,    0,    0,  -24,    0,    0,    0,    0,    0,    0,    0,    0,    0,    0,    0,    0,    0,    0,    0,    0,    0,   -9,    0,   -5,   -4,   -7,  -14,    0,    0,    0,    0,    0,   -1,   -2,    0,   -3,    0,    0,    0,    0,    0,    0,    0,    0,   -2,    0,    0,    0,    0,    0,    0,    0,    0,  -14,    0,   -1,   -2,   -9,   -4,    0,    0,    0,    0,    0,    0,    0,    0,    0,    0,    0,    0,    0,    0,    0,    0,    0,    0,    0,    0,    0,    0,    0,    0,    0,    0,    0,    0,    0,    0,    0,    0,    0,    0,    0,    0,    0,    0,    0,    0,    0,    0,    0,    0,    0,    0,    0,    0,    0,    0,    0,    0,    0,    0,    0,    0,    0,    0,    0,    0,    0,    0,    0,    0,    0,    0,    0,    0,    0,    0,    0,    0,    0,    0,
       0,    0,   12,    0,    0,    0,    0,    0,    0,    0,    0,    0,    0,    0,    0,    0,    0,    0,    0,    0,    0,    0,    0,    0,    0,    0,    0,    0,    0,    0,    0,    0,    0,    0,    0,    0,    0,    0,    0,    0,    0,    0,    0,    0,    0,    0,    0,    0,    0,    0,    0,    0,    0,    0,    0,    0,    0,    0,    0,    0,    0,    0,    0,    0,    0,    0,    0,    0,    0,    0,    0,    0,    0,    0,    0,    0,    0,    0,    0,    0,    0,    0,    0,    0,    0,    0,    0,    0,    0,    0,    0,    0,    0,    0,    0,    0,    0,    0,    0,    0,    0,    0,    0,    0,    0,    0,    0,    0,    0,    0,    0,    0,    0,    0,    0,    0,    0,    0,    0,    0,    0,    0,    0,    0,    0,    0,    0,    0,    0,    0,    0,   24,    0,   24,    0,    0,    0,
       0,    0,  -18,    0,    0,    0,  -12,  -24,    0,    0,    0,    0,    0,    0,    0,    0,    0,    0,    0,  -12,    0,    0,   -9,   -9,    0,  -18,    0,  -18,   -3,  -21,  -21,  -27,    0,  -30,    0,    0,    0,    0,    0,    0,    0,    0,    0,    0,    0,    0,    0,    0,   -6,    0,   -1,  -15,    0,    0,    0,  -12,    0,  -21,    0,    0,    0,  -18,   -3,    0,    0,    0,    0,    0,    0,    0,    0,    0,    0,    0,    0,    0,    0,    0,    0,    0,    0,    0,    0,    0,    0,    0,    0,    0,    0,    0,    0,    0,    0,    0,    0,    0,    0,    0,    0,    0,    0,    0,    0,    0,    0,    0,    0,    0,    0,    0,    0,    0,    0,    0,    0,    0,    0,    0,    0,    0,    0,    0,    0,    0,    0,    0,    0,    0,    0,    0,    0,    0,    0,    0,    0,    0,    0,
       0,    0,    0,    0,    0,    0,    0,    0,    0,    0,    0,    0,    0,    0,    0,    0,    0,    0,    0,    0,    0,    0,    0,   -6,    0,    0,    0,    0,    0,    0,    0,    0,    0,    0,    0,    0,   -3,    0,    0,   -6,    0,    0,    0,    0,    0,   -6,   -9,    0,    0,   -6,    0,    0,    0,    0,    0,    0,    0,    0,    0,   -3,    0,    0,    0,    0,    0,    0,    0,    0,    0,    0,    0,    0,    0,    0,    0,    0,    0,    0,    0,    0,    0,    0,    0,    0,    0,    0,    0,    0,    0,    0,    0,    0,    0,    0,    0,    0,    0,    0,    0,    0,    0,    0,    0,    0,    0,    0,    0,    0,    0,    0,    0,    0,    0,    0,    0,    0,    0,    0,    0,    0,    0,    0,    0,    0,    0,    0,    0,    0,    0,    0,    0,    0,    0,    0,    0,    0,    0,
       0,    0,    0,    0,  -48,    0,  -48,    0,    0,    0,    0,    0,    0,    0,    0,    0,    0,    0,    0,  -36,    0,   -5,    0,  -72,   -3,    9,    0,    0,    0,   -3,    0,    0,    0,    0,    0,    0,   -9,    0,    0,   -6,    0,   -5,   -5,   -6,    0,   -9,   -3,    0,   -9,    0,   -3,    0,    0,    0,    0,  -36,  -72,    0,    0,   -9,    0,    9,    0,    0,    0,    0,    0,    0,    0,    0,    0,    0,    0,    0,    0,    0,    0,    0,    0,    0,    0,    0,    0,    0,    0,    0,    0,    0,    0,    0,    0,    0,    0,    0,    0,    0,    0,    0,    0,    0,    0,    0,    0,    0,    0,    0,    0,    0,    0,    0,    0,    0,    0,    0,    0,    0,    0,    0,    0,    0,    0,    0,    0,    0,    0,    0,    0,    0,    0,    0,    0,    0,    0,    0,    0,    0,    0,
       0,    0,    0,    0,    0,    0,    0,  -24,    0,    0,    0,    0,    0,    0,    0,    0,    0,    0,    0,   -6,    0,    0,   -6,    0,    0,  -15,    0,   -9,   -6,    0,  -14,    0,    0,  -30,    0,    0,    0,    0,    0,    0,    0,    0,    0,    0,    0,    0,    0,    0,    0,    0,    0,    0,    0,    0,    0,   -6,    0,  -14,    0,    0,    0,  -15,   -6,    0,    0,    0,    0,    0,    0,    0,    0,    0,    0,    0,    0,    0,    0,    0,    0,    0,    0,    0,    0,    0,    0,    0,    0,    0,    0,    0,    0,    0,    0,    0,    0,    0,    0,    0,    0,    0,    0,    0,    0,    0,    0,    0,    0,    0,    0,    0,    0,    0,    0,    0,    0,    0,    0,    0,    0,    0,    0,    0,    0,    0,    0,    0,    0,    0,    0,    0,    0,    0,    0,    0,    0,    0,    0,
       0,    0,    0,    0,    0,    0,    0,    0,    0,    0,    0,    0,    0,    0,    0,    0,    0,    0,    0,    0,    0,   -9,    0,    0,    0,    0,    0,    0,    0,    0,    0,    0,    0,    0,    0,    0,    0,    0,    0,    0,    0,    0,    0,    0,    0,    0,    0,    0,    0,    0,    0,    0,    0,    0,    0,    0,    0,    0,    0,    0,    0,    0,    0,    0,    0,    0,    0,    0,    0,    0,    0,    0,    0,    0,    0,    0,    0,    0,    0,    0,    0,    0,    0,    0,    0,    0,    0,    0,    0,    0,    0,    0,    0,    0,    0,    0,    0,    0,    0,    0,    0,    0,    0,    0,    0,    0,    0,    0,    0,    0,    0,    0,    0,    0,    0,    0,    0,    0,    0,    0,    0,    0,    0,    0,    0,    0,    0,    0,    0,    0,    0,    0,    0,    0,    0,    0,    0,
       0,    0,   24,    0,  -42,    0,  -30,  -30,    0,    0,    0,    0,    0,    0,    0,    0,    0,    0,    0,  -45,    0,  -18,    0,  -30,    0,    0,    0,    0,    0,    0,    0,    0,    0,    0,   18,    0,  -30,    0,  -30,  -30,    0,  -24,  -24,  -24,    0,  -30,  -24,  -12,    0,  -24,  -12,   24,    0,    0,    0,  -45,    0,    0,  -30,  -30,    0,    0,    0,    0,    0,    0,    0,    0,    0,    0,    0,    0,    0,    0,    0,    0,    0,    0,    0,    0,    0,    0,    0,    0,    0,    0,    0,    0,    0,    0,    0,    0,    0,    0,    0,    0,    0,    0,    0,    0,    0,    0,    0,    0,    0,    0,    0,    0,    0,    0,    0,    0,    0,    0,    0,    0,    0,    0,    0,    0,    0,    0,    0,    0,    0,    0,    0,    0,    0,    0,   36,   48,   36,   48,    0,    0,    0,
       0,    0,    0,    0,    0,  -54,    0,    0,    0,    0,    0,    0,    0,    0,    0,    0,    0,    0,    0,    0,    0,  -27,    0,  -18,   -6,    0,   -9,   -3,   -3,    0,   12,    0,    0,    0,    0,    0,  -27,    0,    0,    0,    0,   -5,   -5,   -2,   -2,   -7,  -24,  -24,    0,  -24,    0,    0,    0,    0,    0,    0,    0,   12,    0,  -27,    0,    0,   -3,    0,    0,    0,    0,    0,    0,    0,    0,    0,    0,    0,    0,    0,    0,    0,    0,    0,    0,    0,    0,    0,    0,    0,    0,    0,    0,    0,    0,    0,    0,    0,    0,    0,    0,    0,    0,    0,    0,    0,    0,    0,    0,    0,    0,    0,    0,    0,    0,    0,    0,    0,    0,    0,    0,    0,    0,    0,    0,    0,    0,    0,    0,    0,    0,    0,  -54,  -54,    0,    0,    0,    0,    0,    0,    0,
       0,    0,    0,  -45,    0,  -36,    0,    0,    0,    0,    0,    0,    0,    0,    0,    0,    0,    0,    0,    0,    0,  -12,    0,    0,    0,  -50,  -12,  -45,  -45,    0,  -72,    0,    0,  -60,    0,    0,  -12,    0,    0,    0,    0,    0,    0,    0,   -3,    0,  -14,   -3,    0,  -24,   12,    0,    0,    0,    0,    0,    0,  -72,    0,  -12,    0,  -50,  -45,    0,    0,    0,    0,    0,    0,    0,    0,    0,    0,    0,    0,    0,    0,    0,    0,    0,    0,    0,    0,    0,    0,    0,    0,    0,    0,    0,    0,    0,    0,    0,    0,    0,    0,    0,    0,    0,    0,    0,    0,    0,    0,    0,    0,    0,    0,    0,    0,    0,    0,    0,    0,    0,    0,    0,    0,    0,    0,    0,    0,    0,    0,    0,    0,    0,  -36,  -36,  -72,  -60,  -72,  -60,    0,    0,    0,
       0,    0,    0,    0,  -77,    0,  -60,  -48,    0,    0,    0,    0,    0,    0,    0,    0,    0,    0,    0,  -39,    0,    0,    0,  -45,    0,    0,    0,    0,    5,   -9,    0,   -9,    0,  -30,    0,    0,   -6,    0,    5,   -6,    0,    0,    0,    0,    9,   -3,    6,    9,    0,    6,    0,    0,    0,    0,    0,  -39,    0,    0,    5,   -6,    0,    0,    5,    0,    0,    0,    0,    0,    0,    0,    0,    0,    0,    0,    0,    0,    0,    0,    0,    0,    0,    0,    0,    0,    0,    0,    0,    0,    0,    0,    0,    0,    0,    0,    0,    0,    0,    0,    0,    0,    0,    0,    0,    0,    0,    0,    0,    0,    0,    0,    0,    0,    0,    0,    0,    0,    0,    0,    0,    0,    0,    0,    0,    0,    0,    0,    0,    0,    0,    0,   18,   30,   18,   30,    0,    0,    0,
       0,    0,  -18,    0,    0,    0,  -12,  -24,    0,    0,    0,    0,    0,    0,    0,    0,    0,    0,    0,  -12,    0,    0,   -9,   -9,    0,  -18,    0,  -18,   -3,  -21,  -21,  -27,    0,  -30,    0,   -6,    0,    0,    0,    0,    0,    0,    0,    0,    0,    0,    0,    0,   -6,    0,   -1,  -15,    0,    0,    0,  -12,    0,  -21,    0,    0,    0,  -18,   -3,    0,    0,    0,    0,    0,    0,    0,    0,    0,    0,    0,    0,    0,    0,    0,    0,    0,    0,    0,    0,    0,    0,    0,    0,    0,    0,    0,    0,    0,    0,    0,    0,    0,    0,    0,    0,    0,    0,    0,    0,    0,    0,    0,    0,    0,    0,    0,    0,    0,    0,    0,    0,    0,    0,    0,    0,    0,    0,    0,    0,    0,    0,    0,    0,    0,    0,    0,    0,    0,    0,    0,    0,    0,    0,
       0,    0,    0,    0,    0,  -36,    0,    0,    0,    0,    0,    0,    0,    0,    0,    0,    0,    0,    0,    0,    0,   -6,    0,  -18,    0,  -12,   -3,  -18,   -1,    0,  -30,    0,    0,  -24,    0,    0,  -12,    0,    0,    0,    0,    0,    0,    0,    0,   -6,    0,    0,    0,    0,    0,    0,    0,    0,    0,    0,    0,  -30,    0,  -12,    0,  -12,   -1,    0,    0,    0,    0,    0,    0,    0,    0,    0,    0,    0,    0,    0,    0,    0,    0,    0,    0,    0,    0,    0,    0,    0,    0,    0,    0,    0,    0,    0,    0,    0,    0,    0,    0,    0,    0,    0,    0,    0,    0,    0,    0,    0,    0,    0,    0,    0,    0,    0,    0,    0,    0,    0,    0,    0,    0,    0,    0,    0,    0,    0,    0,    0,    0,    0,  -36,  -36,    0,    0,    0,    0,    0,    0,    0,
       0,    0,    0,    0,    0,    0,    0,    0,    0,    0,    0,    0,    0,    0,    0,    0,    0,    0,    0,    0,    0,    0,    0,    0,    0,    0,    0,    0,    0,   -9,   -9,    0,    0,    0,    0,    0,    0,    0,    0,    0,    0,    0,    0,    0,    0,    0,    0,    0,    0,    0,    0,    0,    0,    0,    0,    0,    0,   -9,    0,    0,    0,    0,    0,    0,    0,    0,    0,    0,    0,    0,    0,    0,    0,    0,    0,    0,    0,    0,    0,    0,    0,    0,    0,    0,    0,    0,    0,    0,    0,    0,    0,    0,    0,    0,    0,    0,    0,    0,    0,    0,    0,    0,    0,    0,    0,    0,    0,    0,    0,    0,    0,    0,    0,    0,    0,    0,    0,    0,    0,    0,    0,    0,    0,    0,    0,    0,    0,    0,    0,    0,    0,    0,    0,    0,    0,    0,    0,
       0,  -33,    0,    0,  -60,  -60,  -60,  -36,    0,    0,    0,    0,    0,    0,    0,    0,    0,    0,    0,  -30,    0,  -18,    0,  -48,    0,   18,    0,    6,    6,    0,    6,    0,    0,    0,    0,    0,  -60,    0,    0,  -27,    0,  -36,  -12,  -60,    0,  -60,   -6,  -42,   -9,  -30,  -42,    0,    0,    0,    0,  -30,  -66,    6,    0,  -60,    0,   18,    6,    0,    0,    0,    0,    0,    0,    0,    0,    0,    0,    0,    0,    0,    0,    0,    0,    0,    0,    0,    0,    0,    0,    0,    0,    0,    0,    0,    0,    0,    0,    0,    0,    0,    0,    0,    0,    0,    0,    0,    0,    0,    0,    0,    0,    0,    0,    0,    0,    0,    0,    0,    0,    0,    0,    0,    0,    0,    0,    0,    0,    0,    0,    0,    0,    0,  -60,  -60,    0,    0,    0,    0,    0,    0,    0,
       0,    0,    0,    0,    0,    0,    0,    0,    0,    0,    0,    0,    0,    0,    0,    0,    0,    0,    0,  -12,    0,    0,    0,   -6,   -6,    0,    0,    0,    0,   -6,   -6,    0,    0,    0,    0,    0,    0,    0,    0,    0,    0,    0,    0,    0,    0,    0,    0,    0,   -3,    0,    0,    0,    0,    0,    0,  -12,    0,   -6,    0,    0,    0,    0,    0,    0,    0,    0,    0,    0,    0,    0,    0,    0,    0,    0,    0,    0,    0,    0,    0,    0,    0,    0,    0,    0,    0,    0,    0,    0,    0,    0,    0,    0,    0,    0,    0,    0,    0,    0,    0,    0,    0,    0,    0,    0,    0,    0,    0,    0,    0,    0,    0,    0,    0,    0,    0,    0,    0,    0,    0,    0,    0,    0,    0,    0,    0,    0,    0,    0,    0,    0,    0,    0,    0,    0,    0,    0,    0,
       0,  -30,    0,    0,  -72,    0,  -60,  -48,    0,    0,    0,    0,    0,    0,    0,    0,    0,    4,   -4,  -45,    0,  -18,    0,  -60,   -6,    6,    0,    0,    0,    0,    0,    0,  -60,    0,    0,  -17,  -36,    0,    0,  -12,    0,  -12,   -8,   -9,    0,  -15,    0,    0,    0,    0,   -3,  -60,   -4,   -7,  -12,  -45,  -72,    0,    0,  -36,    0,    6,    0,    0,    0,    0,    0,    0,    0,    0,    0,    0,    0,    0,    0,    0,    0,    0,    0,    0,    0,    0,    0,    0,    0,    0,    0,    0,    0,    0,    0,    0,    0,    0,    0,    0,    0,    0,    0,    0,    0,    0,    0,    0,    0,    0,    0,    0,    0,    0,    0,    0,    0,    0,    0,    0,    0,    0,    0,    0,    0,    0,    0,    0,    0,    0,    0,    0,    0,  -60,    0,    0,    0,    0,   -5,    0,    0,
       0,  -18,    0,    0,  -48,    0,  -48,  -48,    0,    0,    0,    0,    0,    0,    0,    0,    0,    0,    0,  -24,    0,   -3,    0,  -48,   -6,    6,    0,    0,    0,    0,    0,    0,  -42,    0,    0,    0,  -15,    0,    0,  -12,    0,   -2,   -2,    0,    0,   -6,    0,    0,    0,    0,    0,  -42,    0,    0,    0,  -24,    0,    0,    0,  -15,    0,    6,    0,    0,    0,    0,    0,    0,    0,    0,    0,    0,    0,    0,    0,    0,    0,    0,    0,    0,    0,    0,    0,    0,    0,    0,    0,    0,    0,    0,    0,    0,    0,    0,    0,    0,    0,    0,    0,    0,    0,    0,    0,    0,    0,    0,    0,    0,    0,    0,    0,    0,    0,    0,    0,    0,    0,    0,    0,    0,    0,    0,    0,    0,    0,    0,    0,    0,    0,  -42,    0,    0,    0,    0,    0,    0,    0,
       0,    0,    0,    0,    0,    0,    0,    0,    0,    0,    0,    0,    0,    0,    0,    0,    0,    0,    0,    0,    0,  -21,    0,    0,   -9,    0,   -6,    0,    0,    0,    0,    0,  -48,    0,    0,    0,  -15,    0,    0,   -1,    0,    0,    0,    0,    0,   -6,  -16,  -10,    0,  -14,    0,  -48,    0,    0,    0,    0,    0,    0,    0,  -15,    0,    0,    0,    0,    0,    0,    0,    0,    0,    0,    0,    0,    0,    0,    0,    0,    0,    0,    0,    0,    0,    0,    0,    0,    0,    0,    0,    0,    0,    0,    0,    0,    0,    0,    0,    0,    0,    0,    0,    0,    0,    0,    0,    0,    0,    0,    0,    0,    0,    0,    0,    0,    0,    0,    0,    0,    0,    0,    0,    0,    0,    0,    0,    0,    0,    0,    0,    0,    0,  -48,    0,    0,    0,    0,    0,    0,    0,
       0,  -30,    0,    0,  -72,    0,  -72,  -72,    0,    0,    0,    0,    0,    0,    0,    0,    0,    0,    0,  -48,    0,  -21,    0,  -72,  -15,    6,   -6,    0,    0,    0,    0,    0,  -60,    0,    0,    0,  -48,    0,    0,  -48,    0,  -14,  -13,  -22,    0,  -12,   -6,   -6,  -12,   -6,   -6,  -60,    0,    0,    0,  -48,    0,    0,    0,  -48,    0,    6,    0,    0,    0,    0,    0,    0,    0,    0,    0,    0,    0,    0,    0,    0,    0,    0,    0,    0,    0,    0,    0,    0,    0,    0,    0,    0,    0,    0,    0,    0,    0,    0,    0,    0,    0,    0,    0,    0,    0,    0,    0,    0,    0,    0,    0,    0,    0,    0,    0,    0,    0,    0,    0,    0,    0,    0,    0,    0,    0,    0,    0,    0,    0,    0,    0,    0,    0,  -72,    0,    0,    0,    0,    0,    0,    0,
       0,    0,    0,    0,    0,    0,    0,    0,    0,    0,    0,    0,    0,    0,    0,    0,    0,    0,    0,    0,    0,   -3,    0,    0,    0,    0,    0,    0,    0,    0,    0,    0,    0,    0,    0,    0,   -3,    0,    0,    0,    0,    0,    0,    0,    0,   -3,   -3,    0,    0,    0,    0,    0,    0,    0,    0,    0,    0,    0,    0,   -3,    0,    0,    0,    0,    0,    0,    0,    0,    0,    0,    0,    0,    0,    0,    0,    0,    0,    0,    0,    0,    0,    0,    0,    0,    0,    0,    0,    0,    0,    0,    0,    0,    0,    0,    0,    0,    0,    0,    0,    0,    0,    0,    0,    0,    0,    0,    0,    0,    0,    0,    0,    0,    0,    0,    0,    0,    0,    0,    0,    0,    0,    0,    0,    0,    0,    0,    0,    0,    0,    0,    0,    0,    0,    0,    0,    0,    0,
       0,    0,    0,    0,    0,    0,    0,    0,    0,  -24,  -30,    0,    0,    0,    0,    0,    0,    0,    0,  -30,    0,    0,    0,  -66,    0,  -60,    0,  -60,  -42,  -48,  -72,    0,    0,    0,    0,    0,    0,    0,    0,    0,    0,    0,    0,    0,    0,    0,  -12,  -12,  -24,  -12,    0,    0,    0,    0,    0,    0,    0,    0,    0,    0,    0,    0,    0,    0,    0,    0,    0,    0,    0,    0,    0,    0,    0,    0,    0,    0,    0,    0,    0,    0,    0,    0,    0,    0,    0,    0,    0,    0,    0,    0,    0,    0,    0,    0,    0,    0,    0,    0,    0,    0,    0,    0,    0,    0,    0,    0,    0,    0,    0,    0,    0,    0,    0,    0,    0,    0,    0,    0,    0,    0,    0,    0,    0,    0,    0,    0,    0,    0,    0,    0,    0,    0,    0,    0,    0,    0,    0,
       0,    0,    0,    0,    0,    0,    0,    0,    0,    0,    0,    0,    0,    0,    0,    0,    0,    0,    0,    0,    0,  -30,    0,    0,    0,  -36,    0,  -24,  -24,    0,  -48,    0,    0,  -55,    0,    0,    0,    0,    0,    0,   36,    0,    0,    0,    0,    0,   -4,    0,   -1,    0,    0,    0,    0,    0,    0,    0,    0,  -48,   -4,  -13,    0,  -36,  -24,    0,    0,    0,    0,    0,    0,    0,    0,    0,    0,    0,    0,    0,    0,    0,    0,    0,    0,    0,    0,    0,    0,    0,    0,    0,    0,    0,    0,    0,    0,    0,    0,    0,    0,    0,    0,    0,    0,    0,    0,    0,    0,    0,    0,    0,    0,    0,    0,    0,    0,    0,    0,    0,    0,    0,    0,    0,    0,    0,    0,    0,    0,    0,    0,    0,    0,    0,    0,    0,    0,    0,    0,    0,    0,
       0,    0,    0,    0,    0,    0,    0,    0,    0,    0,    0,    0,    0,    0,    0,    0,    0,    0,    0,    0,    0,    0,    0,    0,    0,    0,    0,  -17,    0,    0,    0,    0,    0,    0,    0,    0,    0,    0,    0,    0,    0,    0,    0,    0,    0,    0,  -13,    0,    0,    0,    0,    0,    0,    0,    0,    0,    0,    0,    0,  -20,    5,    0,    0,    0,    0,    0,    0,    0,    0,    0,    0,    0,    0,    0,    0,    0,    0,    0,    0,    0,    0,    0,    0,    0,    0,    0,    0,    0,    0,    0,    0,    0,    0,    0,    0,    0,    0,    0,    0,    0,    0,    0,    0,    0,    0,    0,    0,    0,    0,    0,    0,    0,    0,    0,    0,    0,    0,    0,    0,    0,    0,    0,    0,    0,    0,    0,    0,    0,    0,    0,    0,    0,    0,    0,    0,    0,    0,
       0,    0,    0,    0,    0,    0,    0,    0,    0,    0,    0,    0,    0,    0,    0,    0,    0,    0,    0,   12,    0,  -12,    0,    0,    0,  -39,   -6,  -17,   -6,    0,  -32,    0,    0,  -18,    0,    0,    0,    0,    0,    0,    0,    0,    0,    0,    0,   -6,   -7,   -4,    0,   -7,    0,    0,    0,    0,    0,   12,    0,  -32,    0,    0,    0,  -39,   -6,    0,    0,    0,    0,    0,    0,    0,    0,    0,    0,    0,    0,    0,    0,    0,    0,    0,    0,    0,    0,    0,    0,    0,    0,    0,    0,    0,    0,    0,    0,    0,    0,    0,    0,    0,    0,    0,    0,    0,    0,    0,    0,    0,    0,    0,    0,    0,    0,    0,    0,    0,    0,    0,    0,    0,    0,    0,    0,    0,    0,    0,    0,    0,    0,    0,    0,    0,    0,    0,    0,    0,    0,    0,    0,
       0,    0,  -15,    0,    0,    0,    0,  -30,    0,    0,    0,    0,    0,    0,    0,    0,    0,    0,    0,    0,    0,    0,    0,    0,    0,  -29,    0,  -14,   -9,  -10,  -23,   -6,    0,  -30,    0,    0,    0,    0,  -12,    0,    0,    0,    0,    0,    0,    0,   -9,  -12,  -12,  -12,   -6,  -15,    0,    0,    0,    0,    0,  -23,  -12,    0,    0,  -29,   -9,    0,    0,    0,    0,    0,    0,    0,    0,    0,    0,    0,    0,    0,    0,    0,    0,    0,    0,    0,    0,    0,    0,    0,    0,    0,    0,    0,    0,    0,    0,    0,    0,    0,    0,    0,    0,    0,    0,    0,    0,    0,    0,    0,    0,    0,    0,    0,    0,    0,    0,    0,    0,    0,    0,    0,    0,    0,    0,    0,    0,    0,    0,    0,    0,    0,    0,    0,    0,    0,    0,    0,    0,    0,    0,
       0,    0,    0,    0,    0,    0,    0,    0,    0,    0,    0,    0,    0,    0,    0,    0,    0,    0,    0,    0,    0,    0,    0,    0,    0,  -18,    0,   -9,   -6,   -3,  -21,    0,    0,    0,    0,    0,    0,    0,    0,    0,    0,    0,    3,    0,    0,    0,    0,    0,    0,   -9,    0,    0,    0,    0,    0,    0,    0,  -21,    0,    0,    0,  -18,   -6,    0,    0,    0,    0,    0,    0,    0,    0,    0,    0,    0,    0,    0,    0,    0,    0,    0,    0,    0,    0,    0,    0,    0,    0,    0,    0,    0,    0,    0,    0,    0,    0,    0,    0,    0,    0,    0,    0,    0,    0,    0,    0,    0,    0,    0,    0,    0,    0,    0,    0,    0,    0,    0,    0,    0,    0,    0,    0,    0,    0,    0,    0,    0,    0,    0,    0,    0,    0,   18,    0,   18,    0,    0,    0,
       0,    0,    0,    0,    0,    0,    0,    0,    0,    0,    0,    0,    0,    0,    0,    0,    0,    0,    0,    0,    0,    0,    0,    0,    0,    0,    0,    0,    0,    0,    0,    0,    0,    0,    0,    0,    0,    0,    0,    0,    0,    0,    0,    0,    0,   10,    0,    0,    0,    0,    0,    0,    0,    0,    0,    0,    0,    0,    0,    0,    0,    0,    0,    0,    0,    0,    0,    0,    0,    0,    0,    0,    0,    0,    0,    0,    0,    0,    0,    0,    0,    0,    0,    0,    0,    0,    0,    0,    0,    0,    0,    0,    0,    0,    0,    0,    0,    0,    0,    0,    0,    0,    0,    0,    0,    0,    0,    0,    0,    0,    0,    0,    0,    0,    0,    0,    0,    0,    0,    0,    0,    0,    0,    0,    0,    0,    0,    0,    0,    0,    0,    0,    0,    0,    0,    0,    0,
       0,    0,    0,    0,    0,    0,    0,    0,    0,    0,    0,    0,    0,    0,    0,    0,    0,    0,    0,    0,    0,    0,    0,    0,    0,  -27,    0,  -12,   -6,   -6,  -21,    0,    0,  -24,    0,    0,    0,    0,    0,   -3,    0,    0,    0,    0,    0,    0,   -6,   -6,   -2,   -6,    0,    0,    0,    0,    0,    0,    0,  -21,    0,    0,    0,  -27,   -6,    0,    0,    0,    0,    0,    0,    0,    0,    0,    0,    0,    0,    0,    0,    0,    0,    0,    0,    0,    0,    0,    0,    0,    0,    0,    0,    0,    0,    0,    0,    0,    0,    0,    0,    0,    0,    0,    0,    0,    0,    0,    0,    0,    0,    0,    0,    0,    0,    0,    0,    0,    0,    0,    0,    0,    0,    0,    0,    0,    0,    0,    0,    0,    0,    0,    0,    0,    0,    0,    0,    0,    0,    0,    0,
       0,    0,   18,   18,    0,    0,    0,  -12,    0,    0,    0,    0,    0,    0,    0,    0,    0,    0,    0,  -12,    0,    0,    0,    0,    0,   36,    0,   33,   30,   30,   30,   30,    0,    0,   24,    0,  -12,    0,    0,    0,    0,    0,    0,    0,    2,    0,    6,    1,    0,    0,    2,    0,    0,    0,    0,  -12,    0,   30,    0,  -12,    0,   36,   30,    0,    0,    0,    0,    0,    0,    0,    0,    0,    0,    0,    0,    0,    0,    0,    0,    0,    0,    0,    0,    0,    0,    0,    0,    0,    0,    0,    0,    0,    0,    0,    0,    0,    0,    0,    0,    0,    0,    0,    0,    0,    0,    0,    0,    0,    0,    0,    0,    0,    0,    0,    0,    0,    0,    0,    0,    0,    0,    0,    0,    0,    0,    0,    0,    0,    0,    0,   18,   24,   18,   24,    0,    0,    0,
       0,    0,    0,    0,   -3,    0,    0,    0,    0,    0,    0,    0,    0,    0,    0,    0,    0,    0,    0,   -9,    0,   -6,    0,    0,   -3,    0,    0,    0,    0,    0,   -9,    0,    0,  -18,    0,    0,    0,    0,    0,    0,    6,    0,    0,   -6,    0,   -5,    0,    0,    0,    0,    0,    0,    0,    0,    0,   -9,    0,   -9,    0,    0,    0,    0,    0,    0,    0,    0,    0,    0,    0,    0,    0,    0,    0,    0,    0,    0,    0,    0,    0,    0,    0,    0,    0,    0,    0,    0,    0,    0,    0,    0,    0,    0,    0,    0,    0,    0,    0,    0,    0,    0,    0,    0,    0,    0,    0,    0,    0,    0,    0,    0,    0,    0,    0,    0,    0,    0,    0,    0,    0,    0,    0,    0,    0,    0,    0,    0,    0,    0,    0,    0,    0,    0,    0,    0,    0,    0,    0,
       0,    0,    0,    0,    0,    0,    0,    0,    0,    0,    0,    0,    0,    0,    0,    0,    0,    0,    0,    0,    0,    0,    0,    0,    0,  -18,    0,  -18,    0,    0,  -15,    0,    0,  -24,    0,    0,    0,    0,    0,    0,    0,    0,    0,    0,    0,    0,    0,    0,    0,   -3,    0,    0,    0,    0,    0,    0,    0,  -15,    0,    0,    0,  -18,    0,    0,    0,    0,    0,    0,    0,    0,    0,    0,    0,    0,    0,    0,    0,    0,    0,    0,    0,    0,    0,    0,    0,    0,    0,    0,    0,    0,    0,    0,    0,    0,    0,    0,    0,    0,    0,    0,    0,    0,    0,    0,    0,    0,    0,    0,    0,    0,    0,    0,    0,    0,    0,    0,    0,    0,    0,    0,    0,    0,    0,    0,    0,    0,    0,    0,    0,    0,    0,    0,    0,    0,    0,    0,    0,
       0,    0,    0,    0,    0,    0,    0,    0,    0,    0,    0,    0,    0,    0,    0,    0,    0,    0,    0,    0,    0,    0,    0,    0,    0,  -18,    0,    0,    0,    0,    0,    0,    0,    0,    0,    0,    0,    0,    0,    0,    0,    0,    0,    0,    0,    0,    0,    0,    0,    0,    0,    0,    0,    0,    0,    0,    0,    0,    0,    0,    0,  -18,    0,    0,    0,    0,    0,    0,    0,    0,    0,    0,    0,    0,    0,    0,    0,    0,    0,    0,    0,    0,    0,    0,    0,    0,    0,    0,    0,    0,    0,    0,    0,    0,    0,    0,    0,    0,    0,    0,    0,    0,    0,    0,    0,    0,    0,    0,    0,    0,    0,    0,    0,    0,    0,    0,    0,    0,    0,    0,    0,    0,    0,    0,    0,    0,    0,    0,    0,    0,    0,    0,    0,    0,    0,    0,    0,
       0,    0,    0,    0,    0,    0,    0,    0,    0,    0,    0,    0,    0,    0,    0,    0,    0,    0,    0,    0,    0,    0,    0,    0,    0,  -18,   -6,    0,    0,    0,    0,    0,    0,    0,    0,    0,    0,    0,    0,    0,    3,    0,    0,    0,    0,    0,    0,    0,    0,    0,    0,    0,    0,    0,    0,    0,    0,    0,    0,    0,    0,  -18,    0,    0,    0,    0,    0,    0,    0,    0,    0,    0,    0,    0,    0,    0,    0,    0,    0,    0,    0,    0,    0,    0,    0,    0,    0,    0,    0,    0,    0,    0,    0,    0,    0,    0,    0,    0,    0,    0,    0,    0,    0,    0,    0,    0,    0,    0,    0,    0,    0,    0,    0,    0,    0,    0,    0,    0,    0,    0,    0,    0,    0,    0,    0,    0,    0,    0,    0,    0,    0,    0,    0,    0,    0,    0,    0,
       0,    0,    0,    0,    0,    0,    0,    0,    0,    0,    0,    0,    0,    0,    0,    0,    0,    0,    0,    0,    0,   -6,    0,    0,    0,    0,    0,    0,    0,    0,  -12,    0,    0,  -24,    0,    0,  -13,   -3,    0,  -12,   -3,    0,    0,   -3,    0,   -3,    0,    0,    0,    0,    0,    0,    0,    0,    0,    0,    0,  -12,    0,  -13,   -3,    0,    0,    0,    0,    0,    0,    0,    0,    0,    0,    0,    0,    0,    0,    0,    0,    0,    0,    0,    0,    0,    0,    0,    0,    0,    0,    0,    0,    0,    0,    0,    0,    0,    0,    0,    0,    0,    0,    0,    0,    0,    0,    0,    0,    0,    0,    0,    0,    0,    0,    0,    0,    0,    0,    0,    0,    0,    0,    0,    0,    0,    0,    0,    0,    0,    0,    0,    0,    0,    0,    0,    0,    0,    0,    0,    0,
       0,    0,    0,    0,    0,    0,    0,    0,    0,    0,    0,    0,    0,    0,    0,    0,    0,    0,    0,    0,    0,  -12,    0,    0,    0,  -15,    0,  -18,  -12,    0,  -18,    0,    0,    0,    0,    0,   -6,    0,    0,   -6,   -8,    0,    0,    0,   -2,   -3,  -15,   -9,    0,   -9,    0,    0,    0,    0,    0,    0,    0,  -18,    0,   -6,    0,  -15,  -12,    0,    0,    0,    0,    0,    0,    0,    0,    0,    0,    0,    0,    0,    0,    0,    0,    0,    0,    0,    0,    0,    0,    0,    0,    0,    0,    0,    0,    0,    0,    0,    0,    0,    0,    0,    0,    0,    0,    0,    0,    0,    0,    0,    0,    0,    0,    0,    0,    0,    0,    0,    0,    0,    0,    0,    0,    0,    0,    0,    0,    0,    0,    0,    0,    0,    0,    0,    0,    0,    0,    0,    0,    0,    0,
       0,    0,   18,    0,    0,    0,    0,    0,    0,    0,    0,    0,    0,    0,    0,    0,    0,    0,    0,    0,    0,    0,    0,    0,    0,  -12,    0,  -10,    0,    0,   -9,    0,    0,   -4,    0,    1,    0,    0,    0,    0,   12,    0,    0,    0,    0,    0,    0,    0,    0,    0,    0,    0,    0,    0,    0,    0,    0,   -9,    0,    0,    0,  -12,    0,    0,    0,    0,    0,    0,    0,    0,    0,    0,    0,    0,    0,    0,    0,    0,    0,    0,    0,    0,    0,    0,    0,    0,    0,    0,    0,    0,    0,    0,    0,    0,    0,    0,    0,    0,    0,    0,    0,    0,    0,    0,    0,    0,    0,    0,    0,    0,    0,    0,    0,    0,    0,    0,    0,    0,    0,    0,    0,    0,    0,    0,    0,    0,    0,    0,    0,    0,    0,    0,    0,    0,    0,    0,    0,
       0,    0,    0,   12,  -42,    0,  -68,  -12,    0,    0,    0,    0,    0,    0,    0,    0,    0,    0,    0,  -18,    0,    0,    0,    0,    0,   -6,    0,    0,    0,   -9,    0,    0,  -18,    0,    0,    0,  -13,    0,    0,   -9,   -6,    0,    0,    0,   12,    0,   30,   30,    0,    0,    0,  -18,    0,    0,    0,  -18,    0,    0,    0,  -13,    0,   -6,    0,    0,    0,    0,    0,    0,    0,    0,    0,    0,    0,    0,    0,    0,    0,    0,    0,    0,    0,    0,    0,    0,    0,    0,    0,    0,    0,    0,    0,    0,    0,    0,    0,    0,    0,    0,    0,    0,    0,    0,    0,    0,    0,    0,    0,    0,    0,    0,    0,    0,    0,    0,    0,    0,    0,    0,    0,    0,    0,    0,    0,    0,    0,    0,    0,    0,    0,    0,    0,   30,    0,   30,    0,    0,    0,
       0,    0,    0,    0,    0,    0,    0,    0,    0,    0,    0,    0,    0,    0,    0,    0,    0,    0,    0,    0,    0,   -3,    0,    0,    0,  -27,    0,   -3,    0,   -3,  -12,    0,    0,    0,    0,    0,    0,    0,    0,    0,    0,    0,    0,    0,    0,    0,    0,    0,   -3,    0,    0,    0,    0,    0,    0,    0,    0,  -12,    0,    0,    0,  -27,    0,    0,    0,    0,    0,    0,    0,    0,    0,    0,    0,    0,    0,    0,    0,    0,    0,    0,    0,    0,    0,    0,    0,    0,    0,    0,    0,    0,    0,    0,    0,    0,    0,    0,    0,    0,    0,    0,    0,    0,    0,    0,    0,    0,    0,    0,    0,    0,    0,    0,    0,    0,    0,    0,    0,    0,    0,    0,    0,    0,    0,    0,    0,    0,    0,    0,    0,    0,    0,    0,    0,    0,    0,    0,    0,
       0,    0,    0,    0,  -12,    0,    0,    0,    0,    0,    0,    0,    0,    0,    0,    0,    0,    0,    0,    0,    0,    0,    0,    0,    0,    0,    0,    0,    0,    0,    0,    0,    0,    0,    0,    0,   -3,    0,  -15,   -3,    0,    0,    0,   12,    0,    0,    0,    0,    0,    0,    0,    0,    0,    0,    0,    0,    0,    0,  -15,   -3,    0,    0,    0,    0,    0,    0,    0,    0,    0,    0,    0,    0,    0,    0,    0,    0,    0,    0,    0,    0,    0,    0,    0,    0,    0,    0,    0,    0,    0,    0,    0,    0,    0,    0,    0,    0,    0,    0,    0,    0,    0,    0,    0,    0,    0,    0,    0,    0,    0,    0,    0,    0,    0,    0,    0,    0,    0,    0,    0,    0,    0,    0,    0,    0,    0,    0,    0,    0,    0,    0,    0,    0,    0,    0,    0,    0,    0,
       0,    0,    0,    0,    0,    0,    0,    0,    0,    0,    0,    0,    0,    0,    0,    0,    0,    0,    0,    0,    0,    0,    0,    0,    0,  -18,    0,   -6,   -6,    0,   -9,    0,    0,    0,    0,    0,    0,    0,    0,   -6,    0,    0,    0,    0,    0,    0,    0,    0,    0,    0,    0,    0,    0,    0,    0,    0,    0,   -9,    0,    0,    0,  -18,   -6,    0,    0,    0,    0,    0,    0,    0,    0,    0,    0,    0,    0,    0,    0,    0,    0,    0,    0,    0,    0,    0,    0,    0,    0,    0,    0,    0,    0,    0,    0,    0,    0,    0,    0,    0,    0,    0,    0,    0,    0,    0,    0,    0,    0,    0,    0,    0,    0,    0,    0,    0,    0,    0,    0,    0,    0,    0,    0,    0,    0,    0,    0,    0,    0,    0,    0,    0,    0,    0,    0,    0,    0,    0,    0,
       0,  -18,    0,    4,  -24,    0,  -24,  -12,    0,    0,    0,    0,    0,    0,    0,    0,    0,    2,    0,  -15,    0,    0,    0,    0,    0,   -6,    0,    0,    0,  -16,   -6,  -12,  -12,   -1,    0,  -13,   -9,    0,    0,   -6,    0,    0,    0,   -3,   30,    0,   30,    0,    0,    0,    0,  -12,    0,    0,   -7,  -15,    0,   -6,    0,  -11,    0,   -6,    0,    0,    0,    0,    0,    0,    0,    0,    0,    0,    0,    0,    0,    0,    0,    0,    0,    0,    0,    0,    0,    0,    0,    0,    0,    0,    0,    0,    0,    0,    0,    0,    0,    0,    0,    0,    0,    0,    0,    0,    0,    0,    0,    0,    0,    0,    0,    0,    0,    0,    0,    0,    0,    0,    0,    0,    0,    0,    0,    0,    0,    0,    0,    0,    0,    0,    0,    0,    0,    0,    0,    0,    0,    0,    0,
       0,  -18,    0,    0,  -24,    0,  -24,  -12,    0,    0,    0,    0,    0,    0,    0,    0,    0,    0,    0,   -3,    0,    0,    0,    0,    0,   -6,    0,    0,    0,  -10,   -6,   -3,  -12,    0,    0,    0,   -9,    0,    0,   -9,    0,    0,    0,   -3,   30,    0,   24,    0,    0,    0,    0,  -12,    0,    0,    0,   -3,    0,   -6,    0,   -9,    0,   -6,    0,    0,    0,    0,    0,    0,    0,    0,    0,    0,    0,    0,    0,    0,    0,    0,    0,    0,    0,    0,    0,    0,    0,    0,    0,    0,    0,    0,    0,    0,    0,    0,    0,    0,    0,    0,    0,    0,    0,    0,    0,    0,    0,    0,    0,    0,    0,    0,    0,    0,    0,    0,    0,    0,    0,    0,    0,    0,    0,    0,    0,    0,    0,    0,    0,    0,    0,    0,    0,    0,    0,    0,    0,    0,    0,
       0,   -2,    0,    0,    0,    0,    0,   -1,    0,    0,    0,    0,    0,    0,    0,    0,    0,    0,    0,    0,    0,   -6,    0,    0,    0,   -9,   -3,    0,    0,    0,  -12,    0,  -24,   -4,    0,    0,  -18,    0,    0,    0,    0,    0,    0,   -3,    0,   -3,    0,    0,    0,    0,    0,  -24,    0,   -4,    0,    0,    0,  -12,    0,  -20,    0,   -9,    0,    0,    0,    0,    0,    0,    0,    0,    0,    0,    0,    0,    0,    0,    0,    0,    0,    0,    0,    0,    0,    0,    0,    0,    0,    0,    0,    0,    0,    0,    0,    0,    0,    0,    0,    0,    0,    0,    0,    0,    0,    0,    0,    0,    0,    0,    0,    0,    0,    0,    0,    0,    0,    0,    0,    0,    0,    0,    0,    0,    0,    0,    0,    0,    0,    0,    0,    0,    0,    0,    0,    0,    0,    0,    0,
       0,  -18,    0,    0,    0,    0,  -24,  -12,    0,    0,    0,    0,    0,    0,    0,    0,    0,    0,    0,  -15,    0,    0,    0,    0,    0,   -6,    0,    0,    0,  -12,   -6,   -6,  -12,    0,    0,    0,   -6,    0,    0,   -9,    0,    0,    0,   -6,    0,    0,    0,    0,    0,    0,    0,  -12,    0,    0,    0,  -15,    0,   -6,    0,   -6,    0,   -6,    0,    0,    0,    0,    0,    0,    0,    0,    0,    0,    0,    0,    0,    0,    0,    0,    0,    0,    0,    0,    0,    0,    0,    0,    0,    0,    0,    0,    0,    0,    0,    0,    0,    0,    0,    0,    0,    0,    0,    0,    0,    0,    0,    0,    0,    0,    0,    0,    0,    0,    0,    0,    0,    0,    0,    0,    0,    0,    0,    0,    0,    0,    0,    0,    0,    0,    0,    0,    0,    0,    0,    0,    0,    0,    0,
       0,    0,    0,    0,    0,    0,    0,    0,    0,    0,    0,    0,    0,    0,    0,    0,    0,    0,    0,    0,    0,    0,    0,    0,    0,   -6,    0,    0,    0,    0,   -6,    0,    0,  -24,    0,    0,   -6,    0,    0,    0,    0,    0,    0,    0,    0,    0,    0,    0,    0,    0,    0,    0,    0,    0,    0,    0,    0,   -6,    0,   -6,    0,   -6,    0,    0,    0,    0,    0,    0,    0,    0,    0,    0,    0,    0,    0,    0,    0,    0,    0,    0,    0,    0,    0,    0,    0,    0,    0,    0,    0,    0,    0,    0,    0,    0,    0,    0,    0,    0,    0,    0,    0,    0,    0,    0,    0,    0,    0,    0,    0,    0,    0,    0,    0,    0,    0,    0,    0,    0,    0,    0,    0,    0,    0,    0,    0,    0,    0,    0,    0,    0,    0,    0,    0,    0,    0,    0,    0,
       0,    0,    0,    0,    0,    0,    0,    0,    0,  -24,  -30,    0,    0,    0,    0,    0,    0,    0,    0,  -30,    0,  -15,    0,  -60,    0,  -60,    0,  -60,  -42,  -48,  -72,    0,    0,    0,    0,    0,  -15,    0,    0,    0,    0,    0,    0,    0,    0,    0,  -12,  -12,  -24,  -12,    0,    0,    0,    0,    0,    0,    0,    0,    0,  -15,    0,    0,    0,    0,    0,    0,    0,    0,    0,    0,    0,    0,    0,    0,    0,    0,    0,    0,    0,    0,    0,    0,    0,    0,    0,    0,    0,    0,    0,    0,    0,    0,    0,    0,    0,    0,    0,    0,    0,    0,    0,    0,    0,    0,    0,    0,    0,    0,    0,    0,    0,    0,    0,    0,    0,    0,    0,    0,    0,    0,    0,    0,    0,    0,    0,    0,    0,    0,    0,    0,    0,    0,    0,    0,    0,    0,    0,
       0,    0,    0,    0,    0,    0,    0,    0,    0,  -24,  -30,    0,    0,    0,    0,    0,    0,    0,    0,  -30,    0,    0,    0,  -30,    0,  -60,    0,  -60,  -42,  -48,  -72,    0,    0,    0,    0,    0,    0,    0,    0,    0,    0,    0,    0,    0,    0,    0,  -12,  -12,  -24,  -12,    0,    0,    0,    0,    0,    0,    0,    0,    0,    0,    0,    0,    0,    0,    0,    0,    0,    0,    0,    0,    0,    0,    0,    0,    0,    0,    0,    0,    0,    0,    0,    0,    0,    0,    0,    0,    0,    0,    0,    0,    0,    0,    0,    0,    0,    0,    0,    0,    0,    0,    0,    0,    0,    0,    0,    0,    0,    0,    0,    0,    0,    0,    0,    0,    0,    0,    0,    0,    0,    0,    0,    0,    0,    0,    0,    0,    0,    0,    0,    0,    0,    0,    0,    0,    0,    0,    0,
       0,    0,    0,    0,    0,    0,    0,    0,    0,    0,    0,    0,    0,    0,    0,    0,    0,    0,    0,    0,    0,    0,    0,    0,    0,    0,    0,   -4,    0,    0,    0,    0,    0,    0,    0,    0,    0,    0,    0,    0,    0,    0,    0,    0,    0,    0,    0,    0,    0,    0,    0,    0,    0,    0,    0,    0,    0,    0,    0,    0,    0,    0,    0,    0,    0,    0,    0,    0,    0,    0,    0,    0,    0,    0,    0,    0,    0,    0,    0,    0,    0,    0,    0,    0,    0,    0,    0,    0,    0,    0,    0,    0,    0,    0,    0,    0,    0,    0,    0,    0,    0,    0,    0,    0,    0,    0,    0,    0,    0,    0,    0,    0,    0,    0,    0,    0,    0,    0,    0,    0,    0,    0,    0,    0,    0,    0,    0,    0,    0,    0,    0,    0,    0,    0,    0,    0,    0,
       0,    0,    0,    0,    0,    0,    0,    0,  -24,  -18,    0,  -18,    0,    0,    0,    0,    0,    0,    0,    0,    0,    0,    0,    0,    0,    0,    0,    0,    0,    0,    0,    0,    0,    0,    0,    0,    0,    0,    0,    0,    0,    0,    0,    0,    0,    0,    0,    0,    0,    0,    0,    0,    0,    0,    0,    0,    0,    0,    0,    0,    0,    0,    0,    0,    0,    0,    0,    0,    0,    0,    0,    0,    0,    0,    0,    0,    0,    0,    0,    0,    0,    0,    0,    0,    0,    0,    0,    0,    0,    0,    0,    0,    0,    0,    0,    0,    0,    0,    0,    0,    0,    0,    0,    0,    0,    0,    0,    0,    0,    0,    0,    0,    0,    0,    0,    0,    0,    0,    0,    0,    0,    0,    0,    0,    0,    0,    0,    0,    0,    0,    0,    0,    0,    0,    0,    0,    0,
       0,    0,    0,    0,    0,    0,    0,    0,    0,    0,    0,    0,    0,    0,    0,    0,    0,    0,    0,    0,    0,    0,    0,    0,    0,    0,    0,   -7,    0,    0,    0,    0,    0,    0,    0,    0,    0,    0,    0,    0,    0,    0,    0,    0,    0,    0,    0,    0,   -4,    0,    0,    0,    0,    0,    0,    0,    0,    0,    0,    6,    0,    0,    0,    0,    0,    0,    0,    0,    0,    0,    0,    0,    0,    0,    0,    0,    0,    0,    0,    0,    0,    0,    0,    0,    0,    0,    0,    0,    0,    0,    0,    0,    0,    0,    0,    0,    0,    0,    0,    0,    0,    0,    0,    0,    0,    0,    0,    0,    0,    0,    0,    0,    0,    0,    0,    0,    0,    0,    0,    0,    0,    0,    0,    0,    0,    0,    0,    0,    0,    0,    0,    0,    0,    0,    0,    0,    0,
       0,    0,    0,    0,    0,    0,    0,    0,    0,    0,    0,    0,    0,    0,    0,    0,    0,    0,    0,    0,    0,    0,    0,    0,    0,    0,    0,  -10,    0,    0,    0,    0,    0,    0,    0,    0,    0,    0,    0,    0,    0,    0,    0,    0,    0,    0,   -5,    0,    0,    0,    0,    0,    0,    0,    0,    0,    0,    0,    0,  -18,    0,    0,    0,    0,    0,    0,    0,    0,    0,    0,    0,    0,    0,    0,    0,    0,    0,    0,    0,    0,    0,    0,    0,    0,    0,    0,    0,    0,    0,    0,    0,    0,    0,    0,    0,    0,    0,    0,    0,    0,    0,    0,    0,    0,    0,    0,    0,    0,    0,    0,    0,    0,    0,    0,    0,    0,    0,    0,    0,    0,    0,    0,    0,    0,    0,    0,    0,    0,    0,    0,    0,    0,    0,    0,    0,    0,    0,
       6,    0,    0,   -3,  -77,    0,  -60,  -24,    0,    0,    0,    0,    0,    0,    0,    0,    0,    0,    0,  -39,    0,    0,    0,  -45,    0,    0,    0,    0,    5,   -9,    0,   -9,    0,  -12,    0,  -32,   -6,    0,    5,   -6,    0,    0,    0,    0,    9,   -3,    8,    9,   -2,    6,    0,    0,   12,   15,  -12,  -39,    0,    0,    5,   -6,    0,    0,    5,    0,    0,    0,    0,    0,    0,    0,    0,    0,    0,    0,    0,    0,    0,    0,    0,    0,    0,    0,    0,    0,    0,    0,    0,    0,    0,    0,    0,    0,    0,    0,    0,    0,    0,    0,    0,    0,    0,    0,    0,    0,    0,    0,    0,    0,    0,    0,    0,    0,    0,    0,    0,    0,    0,    0,    0,    0,    0,    0,    0,    0,    0,    0,    0,    0,    0,    0,   18,   30,   18,   30,    2,    0,    0,
       0,    0,  -15,  -12,    0,    0,    0,   -7,    0,    0,    0,    0,    0,    0,    0,    0,    0,    0,    0,    0,    0,    0,    0,    0,    0,  -29,    0,  -14,   -9,  -10,  -23,   -6,    0,   -3,    0,  -20,    0,    0,  -12,    0,    0,    0,    0,    0,    0,    0,  -11,  -12,  -14,  -12,   -6,  -15,    0,    6,    0,    0,    0,  -23,  -12,    0,    0,  -29,   -9,    0,    0,    0,    0,    0,    0,    0,    0,    0,    0,    0,    0,    0,    0,    0,    0,    0,    0,    0,    0,    0,    0,    0,    0,    0,    0,    0,    0,    0,    0,    0,    0,    0,    0,    0,    0,    0,    0,    0,    0,    0,    0,    0,    0,    0,    0,    0,    0,    0,    0,    0,    0,    0,    0,    0,    0,    0,    0,    0,    0,    0,    0,    0,    0,    0,    0,    0,    0,    0,    0,    0,    0,    0,    0,
       0,    0,  -18,   -9,    0,    0,  -12,  -17,    0,    0,    0,    0,    0,    0,    0,    0,    0,    0,    0,  -12,    0,    0,   -9,   -9,    0,  -18,    0,  -18,   -3,  -21,  -21,  -27,    0,  -30,    0,  -32,    0,    0,    0,    0,    0,    0,    0,    0,    0,    0,    0,    0,   -8,    0,   -1,  -15,    0,    6,  -12,  -12,    0,  -21,    0,    0,    0,  -18,   -3,    0,    0,    0,    0,    0,    0,    0,    0,    0,    0,    0,    0,    0,    0,    0,    0,    0,    0,    0,    0,    0,    0,    0,    0,    0,    0,    0,    0,    0,    0,    0,    0,    0,    0,    0,    0,    0,    0,    0,    0,    0,    0,    0,    0,    0,    0,    0,    0,    0,    0,    0,    0,    0,    0,    0,    0,    0,    0,    0,    0,    0,    0,    0,    0,    0,    0,    0,    0,    0,    0,    0,    0,    0,    0,
       0,    0,    0,    0,    0,    0,    0,    0,    0,    0,    0,    0,    0,    0,    0,    0,    0,    0,    0,    0,   36,    0,    0,    0,    0,    0,    0,    0,    0,    0,    0,    0,    0,    0,    0,    0,    0,   54,    0,    0,    0,    0,    0,    0,    0,    0,    0,    0,    0,    0,    0,    0,    0,    0,    0,    0,    0,    0,    0,    0,   54,    0,    0,    0,    0,    0,    0,    0,    0,    0,    0,    0,    0,    0,    0,    0,    0,    0,    0,    0,    0,    0,    0,    0,    0,    0,    0,    0,    0,    0,    0,    0,    0,    0,    0,    0,    0,    0,    0,    0,    0,    0,    0,    0,    0,    0,    0,    0,    0,    0,    0,    0,    0,    0,    0,    0,    0,    0,    0,    0,    0,    0,    0,    0,    0,    0,    0,    0,    0,    0,    0,    0,    0,    0,    0,    0,    0,
       0,    0,    0,    0,   -1,    0,    0,    0,    0,    0,    0,    0,    0,    0,    0,    0,    0,    0,    0,   -9,    0,   -6,    0,    0,   -3,    0,    0,    0,    0,    0,   -9,    0,    0,  -18,    0,    0,    0,    0,    0,    0,    6,    0,    0,   -6,    0,   -5,    0,    0,    0,    0,    0,    0,    0,    0,    0,   -9,    0,   -9,    0,    0,    0,    0,    0,    0,    0,    0,    0,    0,    0,    0,    0,    0,    0,    0,    0,    0,    0,    0,    0,    0,    0,    0,    0,    0,    0,    0,    0,    0,    0,    0,    0,    0,    0,    0,    0,    0,    0,    0,    0,    0,    0,    0,    0,    0,    0,    0,    0,    0,    0,    0,    0,    0,    0,    0,    0,    0,    0,    0,    0,    0,    0,    0,    0,    0,    0,    0,    0,    0,    0,    0,    0,    0,    0,    0,    0,    0,    0,
       0,    0,    0,    0,    0,  -36,    0,    0,    0,    0,    0,    0,    0,    0,    0,    0,    0,    0,    0,    0,    0,   -6,    0,  -18,    0,  -12,   -3,  -18,   -1,    0,  -30,    0,    0,  -24,    0,    0,  -12,    0,    0,    0,    0,    0,    0,    0,    0,   -6,    0,    0,    0,    0,    0,    0,    0,    0,    0,    0,    0,  -30,    0,  -12,    0,  -12,   -1,    0,    0,    0,    0,    0,    0,    0,    0,    0,    0,    0,    0,    0,    0,    0,    0,    0,    0,    0,    0,    0,    0,    0,    0,    0,    0,    0,    0,    0,    0,    0,    0,    0,    0,    0,    0,    0,    0,    0,    0,    0,    0,    0,    0,    0,    0,    0,    0,    0,    0,    0,    0,    0,    0,    0,    0,    0,    0,    0,    0,    0,    0,    0,    0,    0,    0,  -36,    0,    0,    0,    0,    0,    0,    0,
       0,    0,    0,    0,    0,    0,    0,    0,    0,    0,    0,    0,    0,    0,    0,    0,    0,    0,    0,    0,    0,    0,    0,    0,    0,    0,    0,    0,    0,    0,    0,    0,    0,    0,    0,    0,    0,    0,    0,    0,    0,    0,    0,    0,    0,    0,    0,    0,    0,    0,    0,    0,    0,    0,    0,    0,    0,    0,    0,    0,    0,    0,    0,    0,    0,    0,   30,    0,    0,    0,    0,    0,    0,    0,    0,    0,    0,    0,    0,    0,    0,    0,    0,    0,    0,    0,    0,    0,    0,    0,    0,    0,    0,    0,    0,    0,    0,    0,    0,    0,    0,    0,    0,    0,    0,    0,    0,    0,    0,    0,    0,    0,    0,    0,    0,    0,    0,    0,    0,    0,    0,    0,    0,    0,    0,    0,    0,    0,    0,    0,    0,    0,    0,    0,    0,    0,    0,
       0,    0,    0,    0,    0,    0,    0,    0,    0,    0,    0,    0,    0,    0,    0,    0,    0,    0,    0,    0,    0,    0,    0,    0,    0,    0,    0,    0,    0,    0,    0,    0,    0,    0,    0,    0,    0,    0,    0,    0,    0,    0,    0,    0,    0,    0,    0,    0,    0,    0,    0,    0,    0,    0,    0,    0,    0,    0,    0,    0,    0,    0,    0,  -30,    0,    0,    0,    0,  -12,    0,    0,    0,    0,    0,  -18,    0,    0,    0,    0,    0,    0,    0,    0,    0,  -12,  -12,  -12,    0,    0,    0,    0,    0,    0,    0,  -12,    0,  -24,  -36,  -30,  -12,    0,    0,    0,    0,    0,    0,    0,    0,    0,    0,    0,    0,    0,    0,    0,    0,    0,    0,    0,    0,    0,    0,    0,    0,    0,    0,    0,    0,    0,    0,    0,    0,    0,    0,    0,    0,    0,
       0,    0,    0,    0,    0,    0,    0,    0,    0,    0,    0,    0,    0,    0,    0,    0,    0,    0,    0,    0,    0,    0,    0,    0,    0,    0,    0,    0,    0,    0,    0,    0,    0,    0,    0,    0,    0,    0,    0,    0,    0,    0,    0,    0,    0,    0,    0,    0,    0,    0,    0,    0,    0,    0,    0,    0,    0,    0,    0,    0,    0,    0,    0,   12,  -12,    0,    0,  -15,    0,  -42,  -15,    0,    0,  -21,    0,    0,  -24,  -12,  -18,  -24,  -24,   -6,   -6,  -18,   -6,  -12,  -18,  -24,    0,  -12,    0,    0,    0,    0,    0,    0,    0,    6,    0,    0,    0,    0,    0,    0,    0,    0,    0,    0,    0,    0,    0,    0,    0,    0,    0,    0,    0,    0,    0,    0,    0,    0,    0,    0,    0,    0,    0,    0,    0,    0,    0,    0,    0,    0,    0,    0,    0,
       0,    0,    0,    0,    0,    0,    0,    0,    0,    0,    0,    0,    0,    0,    0,    0,    0,    0,    0,    0,    0,    0,    0,    0,    0,    0,    0,    0,    0,    0,    0,    0,    0,    0,    0,    0,    0,    0,    0,    0,    0,    0,    0,    0,    0,    0,    0,    0,    0,    0,    0,    0,    0,    0,    0,    0,    0,    0,    0,    0,    0,    0,    0,    0,  -12,    0,    0,    0,    0,    0,    0,    0,    0,  -18,    0,    0,    0,    0,    0,    0,    0,    0,    0,    0,    0,    0,  -12,    0,    0,    0,    0,    0,  -12,    0,    0,    0,    0,    0,    0,    0,  -12,    0,    0,    0,    0,    0,    0,    0,    0,    0,    0,    0,    0,    0,    0,    0,    0,    0,    0,    0,    0,    0,    0,    0,    0,    0,    0,    0,    0,    0,    0,    0,    0,    0,    0,    0,    0,
       0,    0,    0,    0,    0,    0,    0,    0,    0,    0,    0,    0,    0,    0,    0,    0,    0,    0,    0,    0,    0,    0,    0,    0,    0,    0,    0,    0,    0,    0,    0,    0,    0,    0,    0,    0,    0,    0,    0,    0,    0,    0,    0,    0,    0,    0,    0,    0,    0,    0,    0,    0,    0,    0,    0,    0,    0,    0,    0,    0,    0,    0,    0,    0,    0,    0,    0,    0,    0,    0,    0,    0,    0,   -6,    0,    0,    0,    0,    0,    0,    0,    0,    0,    0,    0,    0,    0,    0,    0,    0,    0,    0,    0,    0,    0,    0,    0,    0,    0,    0,    0,    0,    0,    0,    0,    0,    0,    0,    0,    0,    0,    0,    0,    0,    0,    0,    0,    0,    0,    0,    0,    0,    0,    0,    0,    0,    0,    0,    0,    0,    0,    0,    0,    0,    0,    0,    0,
       0,    0,    0,    0,    0,    0,    0,    0,    0,    0,    0,    0,    0,    0,    0,    0,    0,    0,    0,    0,    0,    0,    0,    0,    0,    0,    0,    0,    0,    0,    0,    0,    0,    0,    0,    0,    0,    0,    0,    0,    0,    0,    0,    0,    0,    0,    0,    0,    0,    0,    0,    0,    0,    0,    0,    0,    0,    0,    0,    0,    0,    0,    0,  -36,    0,    0,    0,    0,  -12,    0,    0,    0,    0,    0,  -18,    0,    0,    0,    0,    0,    0,  -12,    0,    0,  -12,  -12,    0,  -12,    0,    0,    0,    0,    0,    0,    0,    0,    0,  -18,    0,    0,    0,    0,    0,    0,    0,    0,    0,    0,    0,    0,    0,    0,    0,    0,    0,    0,    0,    0,    0,    0,    0,    0,    0,    0,    0,    0,    0,    0,    0,    0,    0,    0,    0,    0,    0,    0,    0,
       0,    0,    0,    0,    0,    0,    0,    0,    0,    0,    0,    0,    0,    0,    0,    0,    0,    0,    0,    0,    0,    0,    0,    0,    0,    0,    0,    0,    0,    0,    0,    0,    0,    0,    0,    0,    0,    0,    0,    0,    0,    0,    0,    0,    0,    0,    0,    0,    0,    0,    0,    0,    0,    0,    0,    0,    0,    0,    0,    0,    0,    0,    0,    0,  -12,    0,    0,    0,    0,    0,    0,    0,    0,  -24,   -6,    0,   -6,  -12,    0,    0,  -12,    0,    0,    0,   -6,   -6,  -12,    0,    0,    0,    0,    0,  -12,    0,    0,    0,    0,    0,    0,    0,  -30,    0,    0,    0,    0,    0,    0,    0,    0,    0,    0,    0,    0,    0,    0,    0,    0,    0,    0,    0,    0,    0,    0,    0,    0,    0,    0,    0,    0,    0,    0,    0,    0,    0,    0,    0,    0,
       0,    0,    0,    0,    0,    0,    0,    0,    0,    0,    0,    0,    0,    0,    0,    0,    0,    0,    0,    0,    0,    0,    0,    0,    0,    0,    0,    0,    0,    0,    0,    0,    0,    0,    0,    0,    0,    0,    0,    0,    0,    0,    0,    0,    0,    0,    0,    0,    0,    0,    0,    0,    0,    0,    0,    0,    0,    0,    0,    0,    0,    0,    0,    0,  -24,  -12,    0,  -54,    0,  -72,  -60,    0,    0,  -18,    0,  -18,  -30,  -24,   -6,  -60,  -36,  -18,  -12,  -30,    0,    0,  -12,  -30,   30,  -18,    0,    0,   -6,    0,    0,    0,    0,    0,    0,    0,  -12,  -18,  -30,    0,    0,    0,    0,    0,    0,    0,    0,    0,    0,    0,    0,    0,    0,    0,    0,    0,    0,    0,    0,    0,    0,    0,    0,    0,    0,    0,    0,    0,    0,    0,    0,    0,    0,
       0,    0,    0,    0,    0,    0,    0,    0,    0,    0,    0,    0,    0,    0,    0,    0,    0,    0,    0,    0,    0,    0,    0,    0,    0,    0,    0,    0,    0,    0,    0,    0,    0,    0,    0,    0,    0,    0,    0,    0,    0,    0,    0,    0,    0,    0,    0,    0,    0,    0,    0,    0,    0,    0,    0,    0,    0,    0,    0,    0,    0,    0,    0,  -42,  -12,    0,   30,    0,  -18,    0,    0,    0,    0,  -21,  -36,    0,    0,    0,    0,    0,   -6,    0,    0,    0,  -18,  -12,  -18,    0,    0,    0,    0,    0,    0,    0,  -12,    0,  -24,  -30,  -36,    0,  -30,    0,    0,    0,   -6,    0,    0,    0,    0,    0,    0,    0,    0,    0,    0,    0,    0,    0,    0,    0,    0,    0,    0,    0,    0,    0,    0,    0,    0,    0,    0,    0,    0,    0,    0,    0,    0,
       0,    0,    0,    0,    0,    0,    0,    0,    0,    0,    0,    0,    0,    0,    0,    0,    0,    0,    0,    0,    0,    0,    0,    0,    0,    0,    0,    0,    0,    0,    0,    0,    0,    0,    0,    0,    0,    0,    0,    0,    0,    0,    0,    0,    0,    0,    0,    0,    0,    0,    0,    0,    0,    0,    0,    0,    0,    0,    0,    0,    0,    0,    0,    0,    0,    0,    0,    0,    0,    0,    0,    0,    0,    0,    0,    0,    0,    0,    0,    0,    0,   -6,    0,    0,    0,   -6,    0,    0,    0,    0,    0,    0,    0,    0,    0,    0,    0,    0,    0,    0,    0,    0,    0,    0,    0,    0,    0,    0,    0,    0,    0,    0,    0,    0,    0,    0,    0,    0,    0,    0,    0,    0,    0,    0,    0,    0,    0,    0,    0,    0,    0,    0,    0,    0,    0,    0,    0,
       0,    0,    0,    0,    0,    0,    0,    0,    0,    0,    0,    0,    0,    0,    0,    0,    0,    0,    0,    0,    0,    0,    0,    0,    0,    0,    0,    0,    0,    0,    0,    0,    0,    0,    0,    0,    0,    0,    0,    0,    0,    0,    0,    0,    0,    0,    0,    0,    0,    0,    0,    0,    0,    0,    0,    0,    0,    0,    0,    0,    0,    0,    0,    0,    0,    0,    0,    0,    0,    0,    0,    0,    0,    0,    0,    0,    0,    0,    0,    0,    0,   -6,    0,    0,    0,    0,   -9,   -6,    0,    0,    0,    0,    0,    0,    0,    0,    0,    0,    0,    0,    0,    0,    0,    0,    0,    0,    0,    0,    0,    0,    0,    0,    0,    0,    0,    0,    0,    0,    0,    0,    0,    0,    0,    0,    0,    0,    0,    0,    0,    0,    0,    0,    0,    0,    0,    0,    0,
       0,    0,    0,    0,    0,    0,    0,    0,    0,    0,    0,    0,    0,    0,    0,    0,    0,    0,    0,    0,    0,    0,    0,    0,    0,    0,    0,    0,    0,    0,    0,    0,    0,    0,    0,    0,    0,    0,    0,    0,    0,    0,    0,    0,    0,    0,    0,    0,    0,    0,    0,    0,    0,    0,    0,    0,    0,    0,    0,    0,    0,    0,    0,    0,    0,    0,   54,   18,    0,    0,   24,    0,    0,   -6,  -15,    0,    0,    0,    0,   18,    0,    0,    0,   18,   -6,   18,  -12,    0,    0,    0,    0,   42,    0,    0,    0,    0,    0,    0,    0,    0,    0,    0,    0,    0,    0,    0,    0,    0,    0,    0,    0,    0,    0,    0,    0,    0,    0,    0,    0,    0,    0,    0,    0,    0,    0,    0,    0,    0,    0,    0,    0,    0,    0,    0,    0,    0,    0,
       0,    0,    0,    0,    0,    0,    0,    0,    0,    0,    0,    0,    0,    0,    0,    0,    0,    0,    0,    0,    0,    0,    0,    0,    0,    0,    0,    0,    0,    0,    0,    0,    0,    0,    0,    0,    0,    0,    0,    0,    0,    0,    0,    0,    0,    0,    0,    0,    0,    0,    0,    0,    0,    0,    0,    0,    0,    0,    0,    0,    0,    0,    0,  -12,    0,    0,    0,   -6,  -24,  -12,   -6,  -12,   -6,    0,    0,    0,    0,    0,    0,   -6,    0,   -9,    0,   -6,    0,    0,    0,   -6,    0,    0,    0,    0,    0,    0,    0,    0,   -6,   -6,   -6,    0,    0,    0,  -12,    0,    0,    0,    0,    0,    0,    0,    0,    0,    0,    0,    0,    0,    0,    0,    0,    0,    0,    0,    0,    0,    0,    0,    0,    0,    0,    0,    0,    0,    0,    0,    0,    0,    0,
       0,    0,    0,    0,    0,    0,    0,    0,    0,    0,    0,    0,    0,    0,    0,    0,    0,    0,    0,    0,    0,    0,    0,    0,    0,    0,    0,    0,    0,    0,    0,    0,    0,    0,    0,    0,    0,    0,    0,    0,    0,    0,    0,    0,    0,    0,    0,    0,    0,    0,    0,    0,    0,    0,    0,    0,    0,    0,    0,    0,    0,    0,    0,    0,    0,    0,    0,  -36,  -12,  -30,  -36,  -12,    0,   -6,    0,    0,  -15,    0,    0,  -30,   -6,    0,    0,  -24,    0,    0,    0,   -6,    0,    0,    0,    0,    0,    0,    0,    0,    0,    0,    0,    0,    0,    0,  -36,    0,    0,    0,    0,    0,    0,    0,    0,    0,    0,    0,    0,    0,    0,    0,    0,    0,    0,    0,    0,    0,    0,    0,    0,    0,    0,    0,    0,    0,    0,    0,    0,    0,    0,
       0,    0,    0,    0,    0,    0,    0,    0,    0,    0,    0,    0,    0,    0,    0,    0,    0,    0,    0,    0,    0,    0,    0,    0,    0,    0,    0,    0,    0,    0,    0,    0,    0,    0,    0,    0,    0,    0,    0,    0,    0,    0,    0,    0,    0,    0,    0,    0,    0,    0,    0,    0,    0,    0,    0,    0,    0,    0,    0,    0,    0,    0,    0,  -21,    0,   -6,    0,  -15,  -18,  -21,  -18,  -24,  -18,    0,    0,   -6,    0,    0,    0,  -15,    0,   -9,    0,   -9,    0,    0,    0,   -6,    0,    0,    0,    0,    0,    0,    0,    0,    0,  -12,    0,    0,    0,    0,    0,    0,    0,    0,    0,    0,    0,    0,    0,    0,    0,    0,    0,    0,    0,    0,    0,    0,    0,    0,    0,    0,    0,    0,    0,    0,    0,    0,    0,    0,    0,    0,    0,    0,    0,
       0,    0,    0,    0,    0,    0,    0,    0,    0,    0,    0,    0,    0,    0,    0,    0,    0,    0,    0,    0,    0,    0,    0,    0,    0,    0,    0,    0,    0,    0,    0,    0,    0,    0,    0,    0,    0,    0,    0,    0,    0,    0,    0,    0,    0,    0,    0,    0,    0,    0,    0,    0,    0,    0,    0,    0,    0,    0,    0,    0,    0,    0,    0,  -24,    0,    0,    0,    0,  -24,    0,    0,    0,    0,    0,    0,    0,    0,    0,    0,    0,    0,  -12,    0,    0,   -6,   -6,    0,    0,    0,    0,    0,    0,    0,    0,    0,    0,    0,    0,    0,    0,    0,    0,    0,    0,    0,    0,    0,    0,    0,    0,    0,    0,    0,    0,    0,    0,    0,    0,    0,    0,    0,    0,    0,    0,    0,    0,    0,    0,    0,    0,    0,    0,    0,    0,    0,    0,    0,
       0,    0,    0,    0,    0,    0,    0,    0,    0,    0,    0,    0,    0,    0,    0,    0,    0,    0,    0,    0,    0,    0,    0,    0,    0,    0,    0,    0,    0,    0,    0,    0,    0,    0,    0,    0,    0,    0,    0,    0,    0,    0,    0,    0,    0,    0,    0,    0,    0,    0,    0,    0,    0,    0,    0,    0,    0,    0,    0,    0,    0,    0,    0,  -36,    0,    0,    0,    0,  -24,   -6,    0,  -18,    0,    0,    0,  -12,    0,    0,    0,   -6,    0,  -12,    0,    0,   -6,  -18,   -6,   -6,    0,    0,    0,    0,    0,    0,    0,    0,    0,    0,    0,    0,    0,    0,    0,    0,    0,    0,    0,    0,    0,    0,    0,    0,    0,    0,    0,    0,    0,    0,    0,    0,    0,    0,    0,    0,    0,    0,    0,    0,    0,    0,    0,    0,    0,    0,    0,    0,    0,
       0,    0,    0,    0,    0,    0,    0,    0,    0,    0,    0,    0,    0,    0,    0,    0,    0,    0,    0,    0,    0,    0,    0,    0,    0,    0,    0,    0,    0,    0,    0,    0,    0,    0,    0,    0,    0,    0,    0,    0,    0,    0,    0,    0,    0,    0,    0,    0,    0,    0,    0,    0,    0,    0,    0,    0,    0,    0,    0,    0,    0,    0,    0,  -18,    0,    0,    0,    0,   -6,    0,    0,   -6,    0,    0,    0,   -6,    0,    0,    0,    0,    0,  -12,    0,    0,   -6,   -6,    0,    0,    0,    0,    0,    0,    0,    0,    0,    0,    0,    0,    0,    0,    0,    0,    0,    0,    0,    0,    0,    0,    0,    0,    0,    0,    0,    0,    0,    0,    0,    0,    0,    0,    0,    0,    0,    0,    0,    0,    0,    0,    0,    0,    0,    0,    0,    0,    0,    0,    0,
       0,    0,    0,    0,    0,    0,    0,    0,    0,    0,    0,    0,    0,    0,    0,    0,    0,    0,    0,    0,    0,    0,    0,    0,    0,    0,    0,    0,    0,    0,    0,    0,    0,    0,    0,    0,    0,    0,    0,    0,    0,    0,    0,    0,    0,    0,    0,    0,    0,    0,    0,    0,    0,    0,    0,    0,    0,    0,    0,    0,    0,    0,    0,    0,    0,    0,    0,  -12,    0,  -18,  -18,   -6,    0,    0,    0,    0,    0,    0,    0,  -24,   -6,    0,    0,  -18,    0,    0,    0,    0,    0,    0,    0,    0,    0,    0,    0,    0,    0,    0,    0,    0,    0,    0,    0,    0,    0,    0,    0,    0,    0,    0,    0,    0,    0,    0,    0,    0,    0,    0,    0,    0,    0,    0,    0,    0,    0,    0,    0,    0,    0,    0,    0,    0,    0,    0,    0,    0,    0,
       0,    0,    0,    0,    0,    0,    0,    0,    0,    0,    0,    0,    0,    0,    0,    0,    0,    0,    0,    0,    0,    0,    0,    0,    0,    0,    0,    0,    0,    0,    0,    0,    0,    0,    0,    0,    0,    0,    0,    0,    0,    0,    0,    0,    0,    0,    0,    0,    0,    0,    0,    0,    0,    0,    0,    0,    0,    0,    0,    0,    0,    0,    0,  -18,    0,    0,   60,   12,    0,    0,   18,    0,    0,    0,   -9,    0,    0,    0,    0,   12,    0,    0,    0,   15,   -9,    0,  -18,    0,    0,    0,    0,   36,    0,    0,    0,    0,    0,    0,    0,    0,    0,    0,    0,    0,    0,    0,    0,    0,    0,    0,    0,    0,    0,    0,    0,    0,    0,    0,    0,    0,    0,    0,    0,    0,    0,    0,    0,    0,    0,    0,    0,    0,    0,    0,    0,    0,    0,
       0,    0,    0,    0,    0,    0,    0,    0,    0,    0,    0,    0,    0,    0,    0,    0,    0,    0,    0,    0,    0,    0,    0,    0,    0,    0,    0,    0,    0,    0,    0,    0,    0,    0,    0,    0,    0,    0,    0,    0,    0,    0,    0,    0,    0,    0,    0,    0,    0,    0,    0,    0,    0,    0,    0,    0,    0,    0,    0,    0,    0,    0,    0,  -24,    0,    0,    0,    0,  -24,   -6,    0,  -12,    0,    0,    0,  -12,    0,    0,    0,   -6,    0,  -12,    0,    0,   -6,  -18,   -6,   -6,    0,    0,    0,    0,    0,    0,    0,    0,    0,    0,    0,    0,    0,    0,    0,    0,    0,    0,    0,    0,    0,    0,    0,    0,    0,    0,    0,    0,    0,    0,    0,    0,    0,    0,    0,    0,    0,    0,    0,    0,    0,    0,    0,    0,    0,    0,    0,    0,    0,
       0,    0,    0,    0,    0,    0,    0,    0,    0,    0,    0,    0,    0,    0,    0,    0,    0,    0,    0,    0,    0,    0,    0,    0,    0,    0,    0,    0,    0,    0,    0,    0,    0,    0,    0,    0,    0,    0,    0,    0,    0,    0,    0,    0,    0,    0,    0,    0,    0,    0,    0,    0,    0,    0,    0,    0,    0,    0,    0,    0,    0,    0,    0,   -6,   -9,    0,    0,    0,   -6,    0,    0,    0,    0,   -9,   -6,    0,  -12,    0,    0,    0,  -12,    0,    0,    0,    0,    0,  -12,   -6,    0,    0,    0,    0,    0,    0,    0,    0,    0,    0,    0,    0,    0,  -12,    0,    0,    0,    0,    0,    0,    0,    0,    0,    0,    0,    0,    0,    0,    0,    0,    0,    0,    0,    0,    0,    0,    0,    0,    0,    0,    0,    0,    0,    0,    0,    0,    0,    0,    0,
       0,    0,    0,    0,    0,    0,    0,    0,    0,    0,    0,    0,    0,    0,    0,    0,    0,    0,    0,    0,    0,    0,    0,    0,    0,    0,    0,    0,    0,    0,    0,    0,    0,    0,    0,    0,    0,    0,    0,    0,    0,    0,    0,    0,    0,    0,    0,    0,    0,    0,    0,    0,    0,    0,    0,    0,    0,    0,    0,    0,    0,    0,    0,  -18,    0,    0,    0,    0,    0,    0,    0,    0,    0,    0,    0,    0,    0,    0,    0,    0,    0,    0,    0,    0,    0,    0,    0,    0,   -3,    0,    0,    0,    0,    0,    0,    0,    0,    0,    0,    0,    0,    0,    0,    0,    0,    0,    0,    0,    0,    0,    0,    0,    0,    0,    0,    0,    0,    0,    0,    0,    0,    0,    0,    0,    0,    0,    0,    0,    0,    0,    0,    0,    0,    0,    0,    0,    0,
       0,    0,    0,    0,    0,    0,    0,    0,    0,    0,    0,    0,    0,    0,    0,    0,    0,    0,    0,    0,    0,    0,    0,    0,    0,    0,    0,    0,    0,    0,    0,    0,    0,    0,    0,    0,    0,    0,    0,    0,    0,    0,    0,    0,    0,    0,    0,    0,    0,    0,    0,    0,    0,    0,    0,    0,    0,    0,    0,    0,    0,    0,    0,  -12,    0,    0,    0,    0,    0,    0,    0,    0,    0,    0,    0,    0,    0,    0,    0,    0,   -6,    0,    0,    0,    0,    0,    0,   -6,    0,    0,    0,    0,    0,    0,    0,    0,    0,    0,    0,    0,    0,    0,    0,    0,    0,    0,    0,    0,    0,    0,    0,    0,    0,    0,    0,    0,    0,    0,    0,    0,    0,    0,    0,    0,    0,    0,    0,    0,    0,    0,    0,    0,    0,    0,    0,    0,    0,
       0,    0,    0,    0,    0,    0,    0,    0,    0,    0,    0,    0,    0,    0,    0,    0,    0,    0,    0,    0,    0,    0,    0,    0,    0,    0,    0,    0,    0,    0,    0,    0,    0,    0,    0,    0,    0,    0,    0,    0,    0,    0,    0,    0,    0,    0,    0,    0,    0,    0,    0,    0,    0,    0,    0,    0,    0,    0,    0,    0,    0,    0,    0,    0,    0,    0,    0,  -12,    0,  -12,  -18,   -6,    0,    0,    0,    0,   -6,    0,    0,  -30,  -18,    0,    0,  -30,    0,    0,    0,  -18,    0,    0,    0,    0,    0,    0,    0,    0,    0,    0,    0,    0,    0,    0,    0,    0,    0,    0,    0,    0,    0,    0,    0,    0,    0,    0,    0,    0,    0,    0,    0,    0,    0,    0,    0,    0,    0,    0,    0,    0,    0,    0,    0,    0,    0,    0,    0,    0,    0,
       0,    0,    0,    0,    0,    0,    0,    0,    0,    0,    0,    0,    0,    0,    0,    0,    0,    0,    0,    0,    0,    0,    0,    0,    0,    0,    0,    0,    0,    0,    0,    0,    0,    0,    0,    0,    0,    0,    0,    0,    0,    0,    0,    0,    0,    0,    0,    0,    0,    0,    0,    0,    0,    0,    0,    0,    0,    0,    0,    0,    0,    0,    0,  -36,    0,    0,    0,    0,  -12,   -6,    0,   -6,    0,   -6,  -42,  -12,    0,    0,    0,    0,    0,  -12,    0,    0,  -36,  -27,  -24,  -12,    0,    0,    0,    0,    0,  -12,    0,    0,    0,    0,    0,  -18,    0,  -12,    0,    0,    0,    0,    0,    0,    0,    0,    0,    0,    0,    0,    0,    0,    0,    0,    0,    0,    0,    0,    0,    0,    0,    0,    0,    0,    0,    0,    0,    0,    0,    0,    0,    0,    0,
       0,    0,    0,    0,    0,    0,    0,    0,    0,    0,    0,    0,    0,    0,    0,    0,    0,    0,    0,    0,    0,    0,    0,    0,    0,    0,    0,    0,    0,    0,    0,    0,    0,    0,    0,    0,    0,    0,    0,    0,    0,    0,    0,    0,    0,    0,    0,    0,    0,    0,    0,    0,    0,    0,    0,    0,    0,    0,    0,    0,    0,    0,    0,  -24,    0,    0,   48,    0,    0,    0,    0,    0,    0,    0,    0,    0,    0,    0,    0,    0,    0,    0,    0,    0,  -18,  -30,    0,    0,    0,    0,    0,   12,    0,    0,    0,    0,    0,    0,    0,    0,    0,    0,    0,    0,    0,    0,    0,    0,    0,    0,    0,    0,    0,    0,    0,    0,    0,    0,    0,    0,    0,    0,    0,    0,    0,    0,    0,    0,    0,    0,    0,    0,    0,    0,    0,    0,    0,
       0,    0,    0,    0,    0,    0,    0,    0,    0,    0,    0,    0,    0,    0,    0,    0,    0,    0,    0,    0,    0,    0,    0,    0,    0,    0,    0,    0,    0,    0,    0,    0,    0,    0,    0,    0,    0,    0,    0,    0,    0,    0,    0,    0,    0,    0,    0,    0,    0,    0,    0,    0,    0,    0,    0,    0,    0,    0,    0,    0,    0,    0,    0,  -12,    0,    0,    0,    0,  -18,    0,    0,    0,    0,    0,    0,   -6,    0,    0,    0,    0,    0,    0,    0,    0,    0,    0,    0,  -12,    0,    0,    0,    0,    0,    0,    0,    0,    0,    0,    0,    0,    0,    0,    0,    0,    0,    0,    0,    0,    0,    0,    0,    0,    0,    0,    0,    0,    0,    0,    0,    0,    0,    0,    0,    0,    0,    0,    0,    0,    0,    0,    0,    0,    0,    0,    0,    0,    0,
       0,    0,    0,    0,    0,    0,    0,    0,    0,    0,    0,    0,    0,    0,    0,    0,    0,    0,    0,    0,    0,    0,    0,    0,    0,    0,    0,    0,    0,    0,    0,    0,    0,    0,    0,    0,    0,    0,    0,    0,    0,    0,    0,    0,    0,    0,    0,    0,    0,    0,    0,    0,    0,    0,    0,    0,    0,    0,    0,    0,    0,    0,    0,   12,    0,    0,    0,    0,    0,    0,    0,    0,    0,    0,    0,    0,    0,    0,    0,    0,    0,    0,    0,    0,    0,    0,    0,    0,   18,    0,    6,    0,    0,    0,    0,    0,    0,    0,    0,    0,    0,    0,    0,    0,    0,    0,    0,    0,    0,    0,    0,    0,    0,    0,    0,    0,    0,    0,    0,    0,    0,    0,    0,    0,    0,    0,    0,    0,    0,    0,    0,    0,    0,    0,    0,    0,    0,
       0,    0,    0,    0,    0,    0,    0,    0,    0,    0,    0,    0,    0,    0,    0,    0,    0,    0,    0,    0,    0,    0,    0,    0,    0,    0,    0,    0,    0,    0,    0,    0,    0,    0,    0,    0,    0,    0,    0,    0,    0,    0,    0,    0,    0,    0,    0,    0,    0,    0,    0,    0,    0,    0,    0,    0,    0,    0,    0,    0,    0,    0,    0,    0,    0,    0,   18,    0,    0,    0,    0,    0,    0,    0,    0,    0,    0,    0,    0,    0,    0,    0,    0,    0,    0,    0,    0,    0,    0,    0,    0,   12,    0,    0,    0,    0,    0,    0,    0,    0,    0,    0,    0,    0,    0,    0,    0,    0,    0,    0,    0,    0,    0,    0,    0,    0,    0,    0,    0,    0,    0,    0,    0,    0,    0,    0,    0,    0,    0,    0,    0,    0,    0,    0,    0,    0,    0,
       0,    0,    0,    0,    0,    0,    0,    0,    0,    0,    0,    0,    0,    0,    0,    0,    0,    0,    0,    0,    0,    0,    0,    0,    0,    0,    0,    0,    0,    0,    0,    0,    0,    0,    0,    0,    0,    0,    0,    0,    0,    0,    0,    0,    0,    0,    0,    0,    0,    0,    0,    0,    0,    0,    0,    0,    0,    0,    0,    0,    0,    0,    0,  -24,    0,    0,   24,    0,    0,    0,    0,    0,    0,    0,    0,    0,    0,    0,    0,    0,    0,    0,    0,    0,  -18,  -30,    0,    0,    0,    0,    0,    0,    0,    0,    0,    0,    0,    0,    0,    0,    0,    0,    0,    0,    0,    0,    0,    0,    0,    0,    0,    0,    0,    0,    0,    0,    0,    0,    0,    0,    0,    0,    0,    0,    0,    0,    0,    0,    0,    0,    0,    0,    0,    0,    0,    0,    0,
       0,    0,    0,    0,    0,    0,    0,    0,    0,    0,    0,    0,    0,    0,    0,    0,    0,    0,    0,    0,    0,    0,    0,    0,    0,    0,    0,    0,    0,    0,    0,    0,    0,    0,    0,    0,    0,    0,    0,    0,    0,    0,    0,    0,    0,    0,    0,    0,    0,    0,    0,    0,    0,    0,    0,    0,    0,    0,    0,    0,    0,    0,    0,    0,    0,    0,    0,    0,    0,    0,    0,    0,    0,    0,    0,    0,    0,    0,    0,  -12,    0,    0,    0,    0,    0,    0,    0,    0,    0,    0,    0,    0,    0,    0,    0,    0,    0,    0,    0,    0,    0,    0,    0,    0,    0,    0,    0,    0,    0,    0,    0,    0,    0,    0,    0,    0,    0,    0,    0,    0,    0,    0,    0,    0,    0,    0,    0,    0,    0,    0,    0,    0,    0,    0,    0,    0,    0,
       0,    0,    0,    0,    0,    0,    0,    0,    0,    0,    0,    0,    0,    0,    0,    0,    0,    0,    0,    0,    0,    0,    0,    0,    0,    0,    0,    0,    0,    0,    0,    0,    0,    0,    0,    0,    0,    0,    0,    0,    0,    0,    0,    0,    0,    0,    0,    0,    0,    0,    0,    0,    0,    0,    0,    0,    0,    0,    0,    0,    0,    0,    0,  -24,    0,    0,    0,    0,    0,    0,    0,    0,    0,    0,  -24,    0,    0,    0,    0,    0,    0,    0,    0,    0,  -12,    0,    0,    0,    0,    0,    0,    0,    0,    0,    0,    0,  -18,  -12,  -18,    0,    0,    0,    0,    0,    0,    0,    0,    0,    0,    0,    0,    0,    0,    0,    0,    0,    0,    0,    0,    0,    0,    0,    0,    0,    0,    0,    0,    0,    0,    0,    0,    0,    0,    0,    0,    0,    0,
       0,    0,    0,    0,    0,    0,    0,    0,    0,    0,    0,    0,    0,    0,    0,    0,    0,    0,    0,    0,    0,    0,    0,    0,    0,    0,    0,    0,    0,    0,    0,    0,    0,    0,    0,    0,    0,    0,    0,    0,    0,    0,    0,    0,    0,    0,    0,    0,    0,    0,    0,    0,    0,    0,    0,    0,    0,    0,    0,    0,    0,    0,    0,    0,    0,    0,    0,    0,    0,    0,    0,    0,    0,    0,    0,    0,  -12,    0,    0,    0,    0,    0,    0,    0,  -30,  -18,  -18,    0,    0,    0,    0,    0,    0,  -12,    0,    0,    0,    0,    0,  -12,    0,  -12,    0,    0,    0,    0,    0,    0,    0,    0,    0,    0,    0,    0,    0,    0,    0,    0,    0,    0,    0,    0,    0,    0,    0,    0,    0,    0,    0,    0,    0,    0,    0,    0,    0,    0,    0,
       0,    0,    0,    0,    0,    0,    0,    0,    0,    0,    0,    0,    0,    0,    0,    0,    0,    0,    0,    0,    0,    0,    0,    0,    0,    0,    0,    0,    0,    0,    0,    0,    0,    0,    0,    0,    0,    0,    0,    0,    0,    0,    0,    0,    0,    0,    0,    0,    0,    0,    0,    0,    0,    0,    0,    0,    0,    0,    0,    0,    0,    0,    0,    0,    0,    0,    0,    0,    0,    0,    0,    0,    0,    0,    0,    0,    0,    0,    0,    0,    0,    0,    0,    0,    0,    0,    0,    0,    0,    0,    0,    0,    0,    0,    0,    0,   -6,    0,   -6,    0,    0,    0,    0,    0,    0,    0,    0,    0,    0,    0,    0,    0,    0,    0,    0,    0,    0,    0,    0,    0,    0,    0,    0,    0,    0,    0,    0,    0,    0,    0,    0,    0,    0,    0,    0,    0,    0,
       0,    0,    0,    0,    0,    0,    0,    0,    0,    0,    0,    0,    0,    0,    0,    0,    0,    0,    0,    0,    0,    0,    0,    0,    0,    0,    0,    0,    0,    0,    0,    0,    0,    0,    0,    0,    0,    0,    0,    0,    0,    0,    0,    0,    0,    0,    0,    0,    0,    0,    0,    0,    0,    0,    0,    0,    0,    0,    0,    0,    0,    0,    0,   12,  -12,    0,    0,  -24,    0,  -42,  -30,    0,    0,  -21,    0,    0,  -42,    0,    0,  -36,    0,  -12,  -12,    0,  -24,  -24,  -30,    0,    0,    0,    0,    0,  -12,  -12,    0,  -30,    0,    0,    0,  -24,  -30,  -42,  -30,  -48,    0,    0,    0,    0,    0,    0,    0,    0,    0,    0,    0,    0,    0,    0,    0,    0,    0,    0,    0,    0,    0,    0,    0,    0,    0,    0,    0,    0,    0,    0,    0,    0,    0,
       0,    0,    0,    0,    0,    0,    0,    0,    0,    0,    0,    0,    0,    0,    0,    0,    0,    0,    0,    0,    0,    0,    0,    0,    0,    0,    0,    0,    0,    0,    0,    0,    0,    0,    0,    0,    0,    0,    0,    0,    0,    0,    0,    0,    0,    0,    0,    0,    0,    0,    0,    0,    0,    0,    0,    0,    0,    0,    0,    0,    0,    0,    0,    0,    0,    0,    0,    0,    0,  -18,    0,    0,    0,    0,    0,    0,   -6,    0,    0,  -24,   -6,    0,    0,  -18,    0,    0,    0,    0,    0,    0,    0,    0,    0,    0,    0,    0,    0,    0,    0,    0,    0,    0,    0,    0,    0,    0,    0,    0,    0,    0,    0,    0,    0,    0,    0,    0,    0,    0,    0,    0,    0,    0,    0,    0,    0,    0,    0,    0,    0,    0,    0,    0,    0,    0,    0,    0,    0,
       0,    0,    0,    0,    0,    0,    0,    0,    0,    0,    0,    0,    0,    0,    0,    0,    0,    0,    0,    0,    0,    0,    0,    0,    0,    0,    0,    0,    0,    0,    0,    0,    0,    0,    0,    0,    0,    0,    0,    0,    0,    0,    0,    0,    0,    0,    0,    0,    0,    0,    0,    0,    0,    0,    0,    0,    0,    0,    0,    0,    0,    0,    0,   12,    0,    0,    0,    0,    0,  -36,    0,    0,    0,    0,    0,    0,  -24,    0,    0,  -30,    0,  -12,  -12,    0,    0,    0,  -30,    0,   12,    0,    0,    0,  -12,    0,    0,  -18,    0,   12,    0,    0,  -12,  -18,  -24,    0,    0,    0,    0,    0,    0,    0,    0,    0,    0,    0,    0,    0,    0,    0,    0,    0,    0,    0,    0,    0,    0,    0,    0,    0,    0,    0,    0,    0,    0,    0,    0,    0,    0,
       0,    0,    0,    0,    0,    0,    0,    0,    0,    0,    0,    0,    0,    0,    0,    0,    0,    0,    0,    0,    0,    0,    0,    0,    0,    0,    0,    0,    0,    0,    0,    0,    0,    0,    0,    0,    0,    0,    0,    0,    0,    0,    0,    0,    0,    0,    0,    0,    0,    0,    0,    0,    0,    0,    0,    0,    0,    0,    0,    0,    0,    0,    0,    0,    0,    0,    0,    0,    0,    0,    0,    0,    0,    0,    0,    0,  -12,    0,    0,  -18,    0,    0,    0,    0,    0,    0,    0,    0,    0,    0,    0,    0,    0,    0,    0,    0,    0,    0,    0,    0,    0,    0,    0,    0,    0,    0,    0,    0,    0,    0,    0,    0,    0,    0,    0,    0,    0,    0,    0,    0,    0,    0,    0,    0,    0,    0,    0,    0,    0,    0,    0,    0,    0,    0,    0,    0,    0,
       0,    0,    0,    0,    0,    0,    0,    0,    0,    0,    0,    0,    0,    0,    0,    0,    0,    0,    0,    0,    0,    0,    0,    0,    0,    0,    0,    0,    0,    0,    0,    0,    0,    0,    0,    0,    0,    0,    0,    0,    0,    0,    0,    0,    0,    0,    0,    0,    0,    0,    0,    0,    0,    0,    0,    0,    0,    0,    0,    0,    0,    0,    0,    0,    0,    0,    0,    0,    0,    0,    0,    0,    0,    0,    0,    0,    0,    0,    0,    0,    0,    0,    0,    0,  -12,    0,  -30,    0,    0,    0,    0,    0,  -12,    0,    0,    0,    0,    0,    0,    0,  -30,  -12,    0,    0,    0,    0,    0,    0,    0,    0,    0,    0,    0,    0,    0,    0,    0,    0,    0,    0,    0,    0,    0,    0,    0,    0,    0,    0,    0,    0,    0,    0,    0,    0,    0,    0,    0,
       0,    0,    0,    0,    0,    0,    0,    0,    0,    0,    0,    0,    0,    0,    0,    0,    0,    0,    0,    0,    0,    0,    0,    0,    0,    0,    0,    0,    0,    0,    0,    0,    0,    0,    0,    0,    0,    0,    0,    0,    0,    0,    0,    0,    0,    0,    0,    0,    0,    0,    0,    0,    0,    0,    0,    0,    0,    0,    0,    0,    0,    0,    0,    0,    0,    0,    0,    0,    0,    0,    0,    0,    0,    0,    0,    0,   -6,    0,    0,    0,    0,    0,    0,    0,    0,    0,   -6,    0,    0,    0,    0,    0,    0,    0,    0,    0,    0,    0,    0,    0,    0,    0,    0,    0,    0,    0,    0,    0,    0,    0,    0,    0,    0,    0,    0,    0,    0,    0,    0,    0,    0,    0,    0,    0,    0,    0,    0,    0,    0,    0,    0,    0,    0,    0,    0,    0,    0,
       0,    0,    0,    0,    0,    0,    0,    0,    0,    0,    0,    0,    0,    0,    0,    0,    0,    0,    0,    0,    0,    0,    0,    0,    0,    0,    0,    0,    0,    0,    0,    0,    0,    0,    0,    0,    0,    0,    0,    0,    0,    0,    0,    0,    0,    0,    0,    0,    0,    0,    0,    0,    0,    0,    0,    0,    0,    0,    0,    0,    0,    0,    0,    0,    0,    0,    0,    0,    0,  -36,    0,    0,    0,    0,    0,    0,  -30,    0,    0,  -30,    0,    0,    0,    0,    0,    0,  -24,    0,   12,    0,    0,    0,  -12,    0,    0,  -18,    0,    0,    0,    0,    0,  -24,  -24,  -24,   -6,    0,    0,    0,    0,    0,    0,    0,    0,    0,    0,    0,    0,    0,    0,    0,    0,    0,    0,    0,    0,    0,    0,    0,    0,    0,    0,    0,    0,    0,    0,    0,    0,
       0,    0,    0,    0,    0,    0,    0,    0,    0,    0,    0,    0,    0,    0,    0,    0,    0,    0,    0,    0,    0,    0,    0,    0,    0,    0,    0,    0,    0,    0,    0,    0,    0,    0,    0,    0,    0,    0,    0,    0,    0,    0,    0,    0,    0,    0,    0,    0,    0,    0,    0,    0,    0,    0,    0,    0,    0,    0,    0,    0,    0,    0,    0,    0,    0,    0,    0,    0,    0,    0,    0,    0,    0,    0,    0,    0,    0,    0,    0,   -6,    0,    0,    0,    0,    0,    0,    0,    0,    0,    0,    0,    0,    0,    0,    0,    0,    0,    0,    0,    0,    0,    0,    0,    0,    0,    0,    0,    0,    0,    0,    0,    0,    0,    0,    0,    0,    0,    0,    0,    0,    0,    0,    0,    0,    0,    0,    0,    0,    0,    0,    0,    0,    0,    0,    0,    0,    0,
       0,    0,    0,    0,    0,    0,    0,    0,    0,    0,    0,    0,    0,    0,    0,    0,    0,    0,    0,    0,    0,    0,    0,    0,    0,    0,    0,    0,    0,    0,    0,    0,    0,    0,    0,    0,    0,    0,    0,    0,    0,    0,    0,    0,    0,    0,    0,    0,    0,    0,    0,    0,    0,    0,    0,    0,    0,    0,    0,    0,    0,    0,    0,  -12,    0,    0,    0,    0,    0,    0,    0,    0,    0,    0,    0,    0,    0,    0,    0,    0,    0,    0,    0,    0,    0,    0,    0,    0,    0,    0,    0,    0,    0,    0,    0,    0,   -6,    0,   -6,    0,    0,    0,    0,    0,    0,    0,    0,    0,    0,    0,    0,    0,    0,    0,    0,    0,    0,    0,    0,    0,    0,    0,    0,    0,    0,    0,    0,    0,    0,    0,    0,    0,    0,    0,    0,    0,    0,
       0,    0,    0,    0,    0,    0,    0,    0,    0,    0,    0,    0,    0,    0,    0,    0,    0,    0,    0,    0,    0,    0,    0,    0,    0,    0,    0,    0,    0,    0,    0,    0,    0,    0,    0,    0,    0,    0,    0,    0,    0,    0,    0,    0,    0,    0,    0,    0,    0,    0,    0,    0,    0,    0,    0,    0,    0,    0,    0,    0,    0,    0,    0,    0,    0,    0,    0,    0,    0,    0,    0,    0,    0,    0,    0,    0,    0,    0,    0,    0,    0,  -12,    0,    0,    0,   -6,    0,    0,    0,    0,    0,    0,    0,    0,    0,    0,    0,    0,    0,    0,    0,    0,    0,    0,    0,    0,    0,    0,    0,    0,    0,    0,    0,    0,    0,    0,    0,    0,    0,    0,    0,    0,    0,    0,    0,    0,    0,    0,    0,    0,    0,    0,    0,    0,    0,    0,    0,
       0,    0,    0,    0,    0,    0,    0,    0,    0,    0,    0,    0,    0,    0,    0,    0,    0,    0,    0,    0,    0,    0,    0,    0,    0,    0,    0,    0,    0,    0,    0,    0,    0,    0,    0,    0,    0,    0,    0,    0,    0,    0,    0,    0,    0,    0,    0,    0,    0,    0,    0,    0,    0,    0,    0,    0,    0,    0,    0,    0,    0,    0,    0,    0,    0,    0,    0,    0,    0,    0,    0,    0,    0,    0,    0,    0,    0,    0,    0,    0,    0,    0,    0,    0,    0,    0,    0,    0,    0,    0,    0,    0,    0,    0,    0,    0,    0,    0,    0,    0,    0,    0,    0,    0,    0,    0,    0,    0,    0,    0,    0,    0,    0,  -12,    0,   -4,   -4,    0,    0,    0,    0,    0,  -12,    0,   -6,    0,  -12,    0,    0,    0,    0,    0,    0,    0,    0,    0,    0,
       0,    0,    0,    0,    0,    0,    0,    0,    0,    0,    0,    0,    0,    0,    0,    0,    0,    0,    0,    0,    0,    0,    0,    0,    0,    0,    0,    0,    0,    0,    0,    0,    0,    0,    0,    0,    0,    0,    0,    0,    0,    0,    0,    0,    0,    0,    0,    0,    0,    0,    0,    0,    0,    0,    0,    0,    0,    0,    0,    0,    0,    0,    0,    0,    0,    0,    0,    0,    0,    0,    0,    0,    0,    0,    0,    0,    0,    0,    0,    0,    0,    0,    0,    0,    0,    0,    0,    0,    0,    0,    0,    0,    0,    0,    0,    0,    0,    0,    0,    0,    0,    0,    0,    0,    0,    0,    0,    0,   -7,    0,    0,    0,    0,    0,  -11,    0,    0,    0,    0,  -19,    0,    0,  -19,    0,    0,  -15,    0,    0,    0,    0,    0,    0,    0,    0,    0,    0,    0,
       0,    0,    0,    0,    0,    0,    0,    0,    0,    0,    0,    0,    0,    0,    0,    0,    0,    0,    0,    0,    0,    0,    0,    0,    0,    0,    0,    0,    0,    0,    0,    0,    0,    0,    0,    0,    0,    0,    0,    0,    0,    0,    0,    0,    0,    0,    0,    0,    0,    0,    0,    0,    0,    0,    0,    0,    0,    0,    0,    0,    0,    0,    0,    0,    0,    0,    0,    0,    0,    0,    0,    0,    0,    0,    0,    0,    0,    0,    0,    0,    0,    0,    0,    0,    0,    0,    0,    0,    0,    0,    0,    0,    0,    0,    0,    0,    0,    0,    0,    0,    0,    0,    0,    0,    0,    0,    2,    0,    0,    0,    0,    0,  -11,  -19,    0,   -7,  -10,    0,  -13,    0,    0,    0,  -15,    0,    0,    0,    0,    0,    0,    0,    0,    0,    0,    0,    0,    0,    0,
       0,    0,    0,    0,    0,    0,    0,    0,    0,    0,    0,    0,    0,    0,    0,    0,    0,    0,    0,    0,    0,    0,    0,    0,    0,    0,    0,    0,    0,    0,    0,    0,    0,    0,    0,    0,    0,    0,    0,    0,    0,    0,    0,    0,    0,    0,    0,    0,    0,    0,    0,    0,    0,    0,    0,    0,    0,    0,    0,    0,    0,    0,    0,    0,    0,    0,    0,    0,    0,    0,    0,    0,    0,    0,    0,    0,    0,    0,    0,    0,    0,    0,    0,    0,    0,    0,    0,    0,    0,    0,    0,    0,    0,    0,    0,    0,    0,    0,    0,    0,    0,    0,    0,    0,    0,    0,  -24,    0,    0,  -12,    0,    0,  -11,    0,  -30,  -22,    0,  -15,   -7,  -19,    0,  -30,  -22,    0,    0,  -22,    0,    0,    0,    0,    0,    0,    0,    0,    0,    0,    0,
       0,    0,    0,    0,    0,    0,    0,    0,    0,    0,    0,    0,    0,    0,    0,    0,    0,    0,    0,    0,    0,    0,    0,    0,    0,    0,    0,    0,    0,    0,    0,    0,    0,    0,    0,    0,    0,    0,    0,    0,    0,    0,    0,    0,    0,    0,    0,    0,    0,    0,    0,    0,    0,    0,    0,    0,    0,    0,    0,    0,    0,    0,    0,    0,    0,    0,    0,    0,    0,    0,    0,    0,    0,    0,    0,    0,    0,    0,    0,    0,    0,    0,    0,    0,    0,    0,    0,    0,    0,    0,    0,    0,    0,    0,    0,    0,    0,    0,    0,    0,    0,    0,    0,    0,    0,    0,   -4,    0,    0,    0,    0,    0,  -10,    0,    0,    0,    0,   -6,    0,   -4,    0,    0,  -12,    0,    0,   -7,    0,    0,    0,    0,    0,    0,    0,    0,    0,    0,    0,
       0,    0,    0,    0,    0,    0,    0,    0,    0,    0,    0,    0,    0,    0,    0,    0,    0,    0,    0,    0,    0,    0,    0,    0,    0,    0,    0,    0,    0,    0,    0,    0,    0,    0,    0,    0,    0,    0,    0,    0,    0,    0,    0,    0,    0,    0,    0,    0,    0,    0,    0,    0,    0,    0,    0,    0,    0,    0,    0,    0,    0,    0,    0,    0,    0,    0,    0,    0,    0,    0,    0,    0,    0,    0,    0,    0,    0,    0,    0,    0,    0,    0,    0,    0,    0,    0,    0,    0,    0,    0,    0,    0,    0,    0,    0,    0,    0,    0,    0,    0,    0,    0,    0,    0,    0,    0,  -11,    0,    0,    0,    0,    0,    0,    0,    0,    0,    0,    0,    0,    0,    0,    0,    0,    0,    0,    0,    0,    0,    0,    0,    0,    0,    0,    0,    0,    0,    0,
       0,    0,    0,    0,    0,    0,    0,    0,    0,    0,    0,    0,    0,    0,    0,    0,    0,    0,    0,    0,    0,    0,    0,    0,    0,    0,    0,    0,    0,    0,    0,    0,    0,    0,    0,    0,    0,    0,    0,    0,    0,    0,    0,    0,    0,    0,    0,    0,    0,    0,    0,    0,    0,    0,    0,    0,    0,    0,    0,    0,    0,    0,    0,    0,    0,    0,    0,    0,    0,    0,    0,    0,    0,    0,    0,    0,    0,    0,    0,    0,    0,    0,    0,    0,    0,    0,    0,    0,    0,    0,    0,    0,    0,    0,    0,    0,    0,    0,    0,    0,    0,    0,    0,    0,    0,    0,    0,    0,   -7,    0,    0,    0,  -12,    0,  -11,   -4,    0,    0,    0,    0,    0,   -7,  -13,  -11,  -11,   -7,    0,    0,    0,    0,    0,    0,    0,    0,    0,    0,    0,
       0,    0,    0,    0,    0,    0,    0,    0,    0,    0,    0,    0,    0,    0,    0,    0,    0,    0,    0,    0,    0,    0,    0,    0,    0,    0,    0,    0,    0,    0,    0,    0,    0,    0,    0,    0,    0,    0,    0,    0,    0,    0,    0,    0,    0,    0,    0,    0,    0,    0,    0,    0,    0,    0,    0,    0,    0,    0,    0,    0,    0,    0,    0,    0,    0,    0,    0,    0,    0,    0,    0,    0,    0,    0,    0,    0,    0,    0,    0,    0,    0,    0,    0,    0,    0,    0,    0,    0,    0,    0,    0,    0,    0,    0,    0,    0,    0,    0,    0,    0,    0,    0,    0,    0,    0,    0,  -38,    0,    0,  -12,    0,   -4,   -4,    0,    0,   -4,    0,  -18,   -4,   -4,    0,    0,  -14,    0,    0,  -12,    0,  -12,    0,    0,    0,    0,    0,    0,    0,    0,    0,
       0,    0,    0,    0,    0,    0,    0,    0,    0,    0,    0,    0,    0,    0,    0,    0,    0,    0,    0,    0,    0,    0,    0,    0,    0,    0,    0,    0,    0,    0,    0,    0,    0,    0,    0,    0,    0,    0,    0,    0,    0,    0,    0,    0,    0,    0,    0,    0,    0,    0,    0,    0,    0,    0,    0,    0,    0,    0,    0,    0,    0,    0,    0,    0,    0,    0,    0,    0,    0,    0,    0,    0,    0,    0,    0,    0,    0,    0,    0,    0,    0,    0,    0,    0,    0,    0,    0,    0,    0,    0,    0,    0,    0,    0,    0,    0,    0,    0,    0,    0,    0,    0,    0,    0,    0,    0,    0,    0,    0,    0,    0,    0,  -11,    0,    0,   -7,    0,    0,  -10,  -10,    0,  -16,  -16,    0,    0,    0,    0,    0,    0,    0,    0,    0,    0,    0,    0,    0,    0,
       0,    0,    0,    0,    0,    0,    0,    0,    0,    0,    0,    0,    0,    0,    0,    0,    0,    0,    0,    0,    0,    0,    0,    0,    0,    0,    0,    0,    0,    0,    0,    0,    0,    0,    0,    0,    0,    0,    0,    0,    0,    0,    0,    0,    0,    0,    0,    0,    0,    0,    0,    0,    0,    0,    0,    0,    0,    0,    0,    0,    0,    0,    0,    0,    0,    0,    0,    0,    0,    0,    0,    0,    0,    0,    0,    0,    0,    0,    0,    0,    0,    0,    0,    0,    0,    0,    0,    0,    0,    0,    0,    0,    0,    0,    0,    0,    0,    0,    0,    0,    0,    0,    0,    0,    0,    0,  -24,   -2,    0,    0,    0,    0,  -11,    0,  -18,  -16,    0,    0,    0,  -11,    0,  -22,  -10,    0,    0,    0,   11,   -4,    0,    0,    0,    0,    0,    0,    0,    0,    0,
       0,    0,    0,    0,    0,    0,    0,    0,    0,    0,    0,    0,    0,    0,    0,    0,    0,    0,    0,    0,    0,    0,    0,    0,    0,    0,    0,    0,    0,    0,    0,    0,    0,    0,    0,    0,    0,    0,    0,    0,    0,    0,    0,    0,    0,    0,    0,    0,    0,    0,    0,    0,    0,    0,    0,    0,    0,    0,    0,    0,    0,    0,    0,    0,    0,    0,    0,    0,    0,    0,    0,    0,    0,    0,    0,    0,    0,    0,    0,    0,    0,    0,    0,    0,    0,    0,    0,    0,    0,    0,    0,    0,    0,    0,    0,    0,    0,    0,    0,    0,    0,    0,    0,    0,    0,    0,    0,    0,    0,    0,    0,    0,    0,    0,    0,  -12,    0,   -7,  -12,  -13,    0,    0,  -17,    0,    0,    0,    0,    0,    0,    0,    0,    0,    0,    0,    0,    0,    0,
       0,    0,    0,    0,    0,    0,    0,    0,    0,    0,    0,    0,    0,    0,    0,    0,    0,    0,    0,    0,    0,    0,    0,    0,    0,    0,    0,    0,    0,    0,    0,    0,    0,    0,    0,    0,    0,    0,    0,    0,    0,    0,    0,    0,    0,    0,    0,    0,    0,    0,    0,    0,    0,    0,    0,    0,    0,    0,    0,    0,    0,    0,    0,    0,    0,    0,    0,    0,    0,    0,    0,    0,    0,    0,    0,    0,    0,    0,    0,    0,    0,    0,    0,    0,    0,    0,    0,    0,    0,    0,    0,    0,    0,    0,    0,    0,    0,    0,    0,    0,    0,    0,    0,    0,    0,    0,    0,    0,    0,    0,    0,    0,  -10,   -8,    0,  -15,    0,    0,    0,    0,    0,    0,    0,    0,    0,    0,    0,    0,    0,    0,    0,    0,    0,    0,    0,    0,    0,
       0,    0,    0,    0,    0,    0,    0,    0,    0,    0,    0,    0,    0,    0,    0,    0,    0,    0,    0,    0,    0,    0,    0,    0,    0,    0,    0,    0,    0,    0,    0,    0,    0,    0,    0,    0,    0,    0,    0,    0,    0,    0,    0,    0,    0,    0,    0,    0,    0,    0,    0,    0,    0,    0,    0,    0,    0,    0,    0,    0,    0,    0,    0,    0,    0,    0,    0,    0,    0,    0,    0,    0,    0,    0,    0,    0,    0,    0,    0,    0,    0,    0,    0,    0,    0,    0,    0,    0,    0,    0,    0,    0,    0,    0,    0,    0,    0,    0,    0,    0,    0,    0,    0,    0,    0,    0,    0,    0,    0,    0,    0,    0,   -2,    0,  -18,    0,   -2,    0,    0,   -2,    0,  -19,   -7,    0,    0,   -7,    0,    0,    0,    0,    0,    0,    0,    0,    0,    0,    0,
       0,    0,    0,    0,    0,    0,    0,    0,    0,    0,    0,    0,    0,    0,    0,    0,    0,    0,    0,    0,    0,    0,    0,    0,    0,    0,    0,    0,    0,    0,    0,    0,    0,    0,    0,    0,    0,    0,    0,    0,    0,    0,    0,    0,    0,    0,    0,    0,    0,    0,    0,    0,    0,    0,    0,    0,    0,    0,    0,    0,    0,    0,    0,    0,    0,    0,    0,    0,    0,    0,    0,    0,    0,    0,    0,    0,    0,    0,    0,    0,    0,    0,    0,    0,    0,    0,    0,    0,    0,    0,    0,    0,    0,    0,    0,    0,    0,    0,    0,    0,    0,    0,    0,    0,    0,    0,    0,    0,    0,    0,    0,    0,   -4,    0,    0,    0,    0,    0,    0,  -15,    0,    0,    0,    0,    0,    0,    0,    0,    0,    0,    0,    0,    0,    0,    0,    0,    0,
       0,    0,    0,    0,    0,    0,    0,    0,    0,    0,    0,    0,    0,    0,    0,    0,    0,    0,    0,    0,    0,    0,    0,    0,    0,    0,    0,    0,    0,    0,    0,    0,    0,    0,    0,    0,    0,    0,    0,    0,    0,    0,    0,    0,    0,    0,    0,    0,    0,    0,    0,    0,    0,    0,    0,    0,    0,    0,    0,    0,    0,    0,    0,    0,    0,    0,    0,    0,    0,    0,    0,    0,    0,    0,    0,    0,    0,    0,    0,    0,    0,    0,    0,    0,    0,    0,    0,    0,    0,    0,    0,    0,    0,    0,    0,    0,    0,    0,    0,    0,    0,    0,    0,    0,    0,    0,    0,    0,    0,    0,    0,    0,    0,    0,   -4,  -12,   -4,    0,    0,   -4,    0,  -16,   -2,    0,    0,    0,   -4,    0,    0,    0,    0,    0,    0,    0,    0,    0,    0,
       0,    0,    0,    0,    0,    0,    0,    0,    0,    0,    0,    0,    0,    0,    0,    0,    0,    0,    0,    0,    0,    0,    0,    0,    0,    0,    0,    0,    0,    0,    0,    0,    0,    0,    0,    0,    0,    0,    0,    0,    0,    0,    0,    0,    0,    0,    0,    0,    0,    0,    0,    0,    0,    0,    0,    0,    0,    0,    0,    0,    0,    0,    0,    0,    0,    0,    0,    0,    0,    0,    0,    0,    0,    0,    0,    0,    0,    0,    0,    0,    0,    0,    0,    0,    0,    0,    0,    0,    0,    0,    0,    0,    0,    0,    0,    0,    0,    0,    0,    0,    0,    0,    0,    0,    0,   -7,  -15,    0,  -11,    0,    0,    0,    0,  -12,    0,    0,    0,  -15,    0,  -19,    0,    0,  -16,    0,    0,    0,    0,    0,    0,    0,    0,    0,    0,    0,    0,    0,    0,
       0,    0,    0,    0,    0,    0,    0,    0,    0,    0,    0,    0,    0,    0,    0,    0,    0,    0,    0,    0,    0,    0,    0,    0,    0,    0,    0,    0,    0,    0,    0,    0,    0,    0,    0,    0,    0,    0,    0,    0,    0,    0,    0,    0,    0,    0,    0,    0,    0,    0,    0,    0,    0,    0,    0,    0,    0,    0,    0,    0,    0,    0,    0,    0,    0,    0,    0,    0,    0,    0,    0,    0,    0,    0,    0,    0,    0,    0,    0,    0,    0,    0,    0,    0,    0,    0,    0,    0,    0,    0,    0,    0,    0,    0,    0,    0,    0,    0,    0,    0,    0,    0,    0,    0,    0,    0,  -24,    0,    0,    0,    0,    0,  -12,    0,   -9,  -11,    0,    0,   -4,   -7,    0,  -18,   -7,    0,    0,  -12,    0,  -13,    0,    0,    0,    0,    0,    0,    0,    0,    0,
       0,    0,    0,    0,    0,    0,    0,    0,    0,    0,    0,    0,    0,    0,    0,    0,    0,    0,    0,    0,    0,    0,    0,    0,    0,    0,    0,    0,    0,    0,    0,    0,    0,    0,    0,    0,    0,    0,    0,    0,    0,    0,    0,    0,    0,    0,    0,    0,    0,    0,    0,    0,    0,    0,    0,    0,    0,    0,    0,    0,    0,    0,    0,    0,    0,    0,    0,    0,    0,    0,    0,    0,    0,    0,    0,    0,    0,    0,    0,    0,    0,    0,    0,    0,    0,    0,    0,    0,    0,    0,    0,    0,    0,    0,    0,    0,    0,    0,    0,    0,    0,    0,    0,    0,    0,    0,  -14,    0,    0,    0,    0,    0,   -2,    0,    0,  -14,    0,   -4,    0,   -7,    0,    0,   -4,    0,    0,   -4,    0,    0,    0,    0,    0,    0,    0,    0,    0,    0,    0,
       0,    0,    0,    0,    0,    0,    0,    0,    0,    0,    0,    0,    0,    0,    0,    0,    0,    0,    0,    0,    0,    0,    0,    0,    0,    0,    0,    0,    0,    0,    0,    0,    0,    0,    0,    0,    0,    0,    0,    0,    0,    0,    0,    0,    0,    0,    0,    0,    0,    0,    0,    0,    0,    0,    0,    0,    0,    0,    0,    0,    0,    0,    0,    0,    0,    0,    0,    0,    0,    0,    0,    0,    0,    0,    0,    0,    0,    0,    0,    0,    0,    0,    0,    0,    0,    0,    0,    0,    0,    0,    0,    0,    0,    0,    0,    0,    0,    0,    0,    0,    0,    0,    0,    0,    0,    0,    0,    0,  -26,    0,  -30,    0,    0,   -8,    0,  -11,   -2,    0,  -20,  -24,  -24,    0,  -15,    0,    0,    0,  -12,    0,    0,    0,    0,    0,    0,    0,    0,    0,    0,
       0,    0,    0,    0,    0,    0,    0,    0,    0,    0,    0,    0,    0,    0,    0,    0,    0,    0,    0,  -81,    0,    0,    0, -128,    0,    0,    0,    0,    0,    0,    0,    0,    0,    0,    0,    0,    0,    0,    0,  -24,    0,    0,    0,  -24,    0,    0,    0,    0,    0,    0,    0,    0,    0,    0,    0,  -81,    0,    0,    0,    0,    0,    0,    0,    0,    0,    0,    0,    0,    0,    0,    0,    0,    0,    0,    0,    0,    0,    0,    0,    0,    0,    0,    0,    0,    0,    0,    0,    0,    0,    0,    0,    0,    0,    0,    0,    0,    0,    0,    0,    0,    0,    0,    0,    0,    0,    0,    0,    0,    0,    0,    0,    0,    0,    0,    0,    0,    0,    0,    0,    0,    0,    0,    0,    0,    0,    0,    0,    0,    0,    0,    0,    0,    0,    0,    0,    0,    0,
       0,    0,    0,    0,    0,    0,    0,    0,    0,    0,    0,    0,    0,    0,    0,    0,    0,    0,    0,  -36,    0,    0,    0,  -72,    0,    0,    0,    0,    0,    0,    0,    0,    0,    0,    0,    0,  -24,    0,    0,  -30,    0,  -18,    0,    0,    0,    0,    0,    0,    0,    0,    0,    0,    0,    0,    0,  -36,    0,    0,    0,  -24,    0,    0,    0,    0,    0,    0,    0,    0,    0,    0,    0,    0,    0,    0,    0,    0,    0,    0,    0,    0,    0,    0,    0,    0,    0,    0,    0,    0,    0,    0,    0,    0,    0,    0,    0,    0,    0,    0,    0,    0,    0,    0,    0,    0,    0,    0,    0,    0,    0,    0,    0,    0,    0,    0,    0,    0,    0,    0,    0,    0,    0,    0,    0,    0,    0,    0,    0,    0,    0,    0,    0,    0,    0,    0,    0,    0,    0,
       0,    0,    0,    0,    0,    0,    0,    0,    0,    0,    0,    0,    0,    0,    0,    0,    0,    0,    0,  -45,    0,    0,    0,  -72,    0,    0,    0,    0,    0,    0,    0,    0,    0,    0,    0,    0,    0,    0,    0,  -24,    0,    0,    0,  -24,    0,    0,    0,    0,    0,    0,    0,    0,    0,    0,    0,  -45,    0,    0,    0,    0,    0,    0,    0,    0,    0,    0,    0,    0,    0,    0,    0,    0,    0,    0,    0,    0,    0,    0,    0,    0,    0,    0,    0,    0,    0,    0,    0,    0,    0,    0,    0,    0,    0,    0,    0,    0,    0,    0,    0,    0,    0,    0,    0,    0,    0,    0,    0,    0,    0,    0,    0,    0,    0,    0,    0,    0,    0,    0,    0,    0,    0,    0,    0,    0,    0,    0,    0,    0,    0,    0,    0,    0,    0,    0,    0,    0,    0,
       0,    0,    0,    0,    0,    0,    0,    0,    0,    0,    0,    0,    0,    0,    0,    0,    0,    0,    0,  -45,    0,    0,    0,  -60,    0,    0,    0,    0,    0,    0,    0,    0,    0,    0,    0,    0,  -24,    0,    0,  -30,    0,    0,    0,    0,    0,    0,    0,    0,    0,    0,    0,    0,    0,    0,    0,  -45,    0,    0,    0,  -24,    0,    0,    0,    0,    0,    0,    0,    0,    0,    0,    0,    0,    0,    0,    0,    0,    0,    0,    0,    0,    0,    0,    0,    0,    0,    0,    0,    0,    0,    0,    0,    0,    0,    0,    0,    0,    0,    0,    0,    0,    0,    0,    0,    0,    0,    0,    0,    0,    0,    0,    0,    0,    0,    0,    0,    0,    0,    0,    0,    0,    0,    0,    0,    0,    0,    0,    0,    0,    0,    0,    0,    0,    0,    0,    0,    0,    0,
       0,    0,    0,    0,    0,    0,    0,    0,    0,    0,    0,    0,    0,    0,    0,    0,    0,    0,    0,    0,    0,    0,    0,    0,    0,    0,    0,   -5,    0,    0,    0,    0,    0,    0,    0,    0,    0,    0,    0,    0,    0,    0,    0,    0,    0,    0,    0,    0,    0,    0,    0,    0,    0,    0,    0,    0,    0,    0,    0,    0,    0,    0,    0,    0,    0,    0,    0,    0,    0,    0,    0,    0,    0,    0,    0,    0,    0,    0,    0,    0,    0,    0,    0,    0,    0,    0,    0,    0,    0,    0,    0,    0,    0,    0,    0,    0,    0,    0,    0,    0,    0,    0,    0,    0,    0,    0,    0,    0,    0,    0,    0,    0,    0,    0,    0,    0,    0,    0,    0,    0,    0,    0,    0,    0,    0,    0,    0,    0,    0,    0,    0,    0,    0,    0,    0,    0,    0,
       0,    0,    0,    0,    0,    0,    0,    0,  -30,    0,    0,    0,    0,    0,  -18,  -24,    0,    0,    0,    0,    0,    0,    0,    0,    0,    0,    0,    0,    0,    0,    0,    0,    0,    0,    0,    0,    0,    0,    0,    0,    0,    0,    0,    0,    0,    0,    0,    0,    0,    0,    0,    0,    0,    0,    0,    0,    0,    0,    0,    0,    0,    0,    0,    0,    0,    0,    0,    0,    0,    0,    0,    0,    0,    0,    0,    0,    0,    0,    0,    0,    0,    0,    0,    0,    0,    0,    0,    0,    0,    0,    0,    0,    0,    0,    0,    0,    0,    0,    0,    0,    0,    0,    0,    0,    0,    0,    0,    0,    0,    0,    0,    0,    0,    0,    0,    0,    0,    0,    0,    0,    0,    0,    0,    0,    0,    0,    0,    0,    0,    0,    0,    0,    0,    0,    0,    0,    0,
       0,    0,    0,    0,    0,    0,    0,    0,    0,  -24,    0,    0,    0,    0,    0,    0,    0,    0,    0,    0,    0,    0,    0,    0,    0,    0,    0,    0,    0,    0,    0,    0,    0,    0,    0,    0,    0,    0,    0,    0,    0,    0,    0,    0,    0,    0,    0,    0,    0,    0,    0,    0,    0,    0,    0,    0,    0,    0,    0,    0,    0,    0,    0,    0,    0,    0,    0,    0,    0,    0,    0,    0,    0,    0,    0,    0,    0,    0,    0,    0,    0,    0,    0,    0,    0,    0,    0,    0,    0,    0,    0,    0,    0,    0,    0,    0,    0,    0,    0,    0,    0,    0,    0,    0,    0,    0,    0,    0,    0,    0,    0,    0,    0,    0,    0,    0,    0,    0,    0,    0,    0,    0,    0,    0,    0,    0,    0,    0,    0,    0,    0,    0,    0,    0,    0,    0,    0,
       0,    0,    0,    0,    0,    0,    0,    0,    0,    0,    0,  -48,    0,    0,    0,    0,    0,    0,    0,    0,    0,    0,    0,    0,    0,    0,    0,    0,    0,    0,    0,    0,    0,    0,    0,    0,    0,    0,    0,    0,    0,    0,    0,    0,    0,    0,    0,    0,    0,    0,    0,    0,    0,    0,    0,    0,    0,    0,    0,    0,    0,    0,    0,    0,    0,    0,    0,    0,    0,    0,    0,    0,    0,    0,    0,    0,    0,    0,    0,    0,    0,    0,    0,    0,    0,    0,    0,    0,    0,    0,    0,    0,    0,    0,    0,    0,    0,    0,    0,    0,    0,    0,    0,    0,    0,    0,    0,    0,    0,    0,    0,    0,    0,    0,    0,    0,    0,    0,    0,    0,    0,    0,    0,    0,    0,    0,    0,    0,    0,    0,    0,    0,    0,    0,    0,    0,    0,
};

static const EpdLigaturePair lexenddeca_18_regularLigaturePairs[] = {
    { 0x00660066, 0xFB00 }, // f f -> U+FB00
    { 0x00660069, 0xFB01 }, // f i -> U+FB01
    { 0x0066006C, 0xFB02 }, // f l -> U+FB02
    { 0xFB000069, 0xFB03 }, // U+FB00 i -> U+FB03
    { 0xFB00006C, 0xFB04 }, // U+FB00 l -> U+FB04
};

static const EpdFontData lexenddeca_18_regular = {
    lexenddeca_18_regularBitmaps,
    lexenddeca_18_regularGlyphs,
    lexenddeca_18_regularIntervals,
    29,
    47,
    38,
    -10,
    false,
    nullptr,
    0,
    nullptr,
    lexenddeca_18_regularKernLeftClasses,
    lexenddeca_18_regularKernRightClasses,
    lexenddeca_18_regularKernMatrix,
    621,
    606,
    151,
    137,
    lexenddeca_18_regularLigaturePairs,
    5,
};
