/**
 * generated by fontconvert.py
 * name: lexenddeca_12_bold
 * size: 12
 * mode: 1-bit
 * Command used: fontconvert.py lexenddeca_12_bold 12 ../builtinFonts/source/LexendDeca/LexendDeca-Bold.ttf ../builtinFonts/source/NotoSansHebrew/NotoSansHebrew-Bold.ttf ../builtinFonts/source/NotoSans/NotoSans-Bold.ttf --additional-intervals 0x05D0,0x05EA --force-autohint
 */
#pragma once
#include "EpdFontData.h"

static const uint8_t lexenddeca_12_boldBitmaps[35665] = {
    0xF7, 0xBD, 0xEF, 0x7B, 0xDE, 0xF7, 0xBD, 0xE0, 0x7B, 0xDE, 0xF7, 0x80, 0xFB, 0xFF, 0x7B, 0xCF,
    0x79, 0xEF, 0x39, 0xC7, 0x39, 0xE0, 0x0F, 0x1E, 0x0F, 0x3E, 0x0F, 0x3C, 0x7F, 0xFF, 0x7F, 0xFF,
    0x7F, 0xFF, 0x7F, 0xFF, 0x1E, 0x7C, 0x1E, 0x78, 0x1E, 0x78, 0xFF, 0xFE, 0xFF, 0xFE, 0xFF, 0xFE,
    0xFF, 0xFE, 0x3C, 0xF0, 0x3C, 0xF0, 0x7C, 0xF0, 0x78, 0xF0, 0x01, 0x80, 0x07, 0x00, 0x0E, 0x00,
    0x7F, 0x83, 0xFF, 0x87, 0xFF, 0x9F, 0xFF, 0x3F, 0xDC, 0x7F, 0x88, 0xFF, 0x01, 0xFF, 0x81, 0xFF,
    0xC1, 0xFF, 0xC1, 0xFF, 0x80, 0xFF, 0x31, 0xFE, 0x7B, 0xFD, 0xFF, 0xFB, 0xFF, 0xF3, 0xFF, 0xC1,
    0xFE, 0x00, 0x70, 0x00, 0xE0, 0x00, 0x3E, 0x03, 0xE1, 0xFC, 0x1F, 0x0F, 0xF8, 0x78, 0x3D, 0xE3,
    0xE0, 0xE3, 0x9F, 0x03, 0xDE, 0x78, 0x0F, 0xFB, 0xE0, 0x1F, 0xDF, 0x00, 0x3E, 0x7D, 0xF0, 0x03,
    0xEF, 0xE0, 0x0F, 0x7F, 0xC0, 0x7D, 0xEF, 0x03, 0xE7, 0x1C, 0x0F, 0x1C, 0x70, 0x7C, 0x7B, 0xC3,
    0xE1, 0xFF, 0x0F, 0x83, 0xF8, 0x7C, 0x07, 0xC0, 0x07, 0xF0, 0x01, 0xFF, 0x00, 0x7F, 0xF0, 0x0F,
    0xFE, 0x01, 0xE3, 0x80, 0x3C, 0x00, 0x07, 0xC0, 0x01, 0xFC, 0x00, 0x7F, 0xC0, 0x1F, 0xFD, 0xF3,
    0xEF, 0xFC, 0x78, 0xFF, 0x8F, 0x9F, 0xF1, 0xF1, 0xFC, 0x3F, 0xFF, 0x83, 0xFF, 0xF8, 0x3F, 0xFF,
    0x83, 0xFD, 0xF8, 0xFF, 0xFD, 0xEF, 0x73, 0x80, 0x00, 0x03, 0x83, 0xE3, 0xF3, 0xE3, 0xF1, 0xF1,
    0xF0, 0xF8, 0x7C, 0x3E, 0x1E, 0x0F, 0x07, 0x83, 0xE1, 0xF0, 0xF8, 0x3E, 0x1F, 0x07, 0xC3, 0xF0,
    0xFC, 0x3C, 0x0C, 0x00, 0x0C, 0x07, 0x83, 0xF0, 0x3E, 0x0F, 0xC1, 0xF0, 0x3E, 0x0F, 0x83, 0xE0,
    0xF8, 0x1E, 0x07, 0x81, 0xE0, 0xF8, 0x3E, 0x0F, 0x87, 0xC1, 0xF0, 0xF8, 0x7E, 0x3F, 0x07, 0x80,
    0xC0, 0x0E, 0x0D, 0xD9, 0xFF, 0x7F, 0xF3, 0xF8, 0xFF, 0x3F, 0xFB, 0xFE, 0x6E, 0xC1, 0xC0, 0x07,
    0x80, 0x3C, 0x01, 0xE0, 0x0F, 0x0F, 0xFF, 0xFF, 0xFF, 0xFF, 0xFF, 0xFF, 0x07, 0x80, 0x3C, 0x01,
    0xE0, 0x0F, 0x00, 0x78, 0x00, 0x79, 0xF7, 0xDF, 0x3C, 0xE7, 0xBC, 0x60, 0xFF, 0xFF, 0xFF, 0xFF,
    0xF0, 0xF7, 0xBD, 0xEF, 0x00, 0x00, 0x3E, 0x00, 0xF8, 0x01, 0xF0, 0x03, 0xC0, 0x0F, 0x80, 0x1E,
    0x00, 0x7C, 0x00, 0xF0, 0x03, 0xE0, 0x07, 0x80, 0x1F, 0x00, 0x3C, 0x00, 0xF8, 0x01, 0xE0, 0x07,
    0xC0, 0x0F, 0x80, 0x3E, 0x00, 0x7C, 0x01, 0xF0, 0x03, 0xE0, 0x0F, 0x80, 0x1F, 0x00, 0x00, 0x0F,
    0xE0, 0x7F, 0xF1, 0xFF, 0xF3, 0xFF, 0xEF, 0xC7, 0xFF, 0x07, 0xFE, 0x0F, 0xFC, 0x1F, 0xF0, 0x1F,
    0xE0, 0x3F, 0xE0, 0xFF, 0xC1, 0xFF, 0x83, 0xFF, 0x8F, 0xDF, 0xFF, 0x3F, 0xFE, 0x3F, 0xF8, 0x1F,
    0xC0, 0x0F, 0x03, 0xF0, 0xFF, 0x0F, 0xF0, 0x7F, 0x07, 0xF0, 0x4F, 0x00, 0xF0, 0x0F, 0x00, 0xF0,
    0x0F, 0x00, 0xF0, 0x0F, 0x00, 0xF0, 0x7F, 0xF7, 0xFF, 0x7F, 0xF7, 0xFF, 0x0F, 0xE0, 0x7F, 0xC3,
    0xFF, 0x9F, 0xFE, 0x7C, 0xF8, 0xE1, 0xE0, 0x0F, 0x80, 0x3E, 0x01, 0xF0, 0x0F, 0xC0, 0x7E, 0x03,
    0xF0, 0x1F, 0x80, 0x7E, 0x03, 0xFF, 0xDF, 0xFF, 0x7F, 0xFD, 0xFF, 0xF0, 0x3F, 0xF8, 0x7F, 0xF8,
    0xFF, 0xE1, 0xFF, 0x80, 0x3E, 0x00, 0xF8, 0x03, 0xF8, 0x07, 0xFC, 0x0F, 0xF8, 0x1F, 0xF8, 0x01,
    0xF0, 0x01, 0xE3, 0x83, 0xCF, 0x8F, 0x9F, 0xFF, 0x3F, 0xFC, 0x3F, 0xF0, 0x1F, 0xC0, 0x00, 0x78,
    0x00, 0xF8, 0x01, 0xF8, 0x03, 0xF8, 0x07, 0xF8, 0x07, 0xF8, 0x0F, 0xF8, 0x1F, 0x78, 0x3F, 0x78,
    0x7E, 0x78, 0x7F, 0xFF, 0x7F, 0xFF, 0x7F, 0xFF, 0x3F, 0xFF, 0x00, 0x78, 0x00, 0x78, 0x00, 0x78,
    0x00, 0x78, 0x3F, 0xF9, 0xFF, 0xE7, 0xFF, 0x9F, 0xFC, 0x78, 0x01, 0xFE, 0x07, 0xFE, 0x1F, 0xFC,
    0x7F, 0xF8, 0xE7, 0xE0, 0x0F, 0x80, 0x1E, 0x20, 0x79, 0xC3, 0xEF, 0xFF, 0xBF, 0xFC, 0x7F, 0xE0,
    0x7F, 0x00, 0x07, 0x80, 0x3E, 0x01, 0xF0, 0x07, 0xC0, 0x3E, 0x00, 0xFF, 0x07, 0xFE, 0x1F, 0xFC,
    0xFF, 0xFB, 0xF7, 0xEF, 0x8F, 0xBC, 0x1E, 0xF8, 0x7B, 0xE3, 0xEF, 0xFF, 0x9F, 0xFC, 0x3F, 0xE0,
    0x7F, 0x00, 0xFF, 0xFF, 0xFF, 0xFF, 0xFF, 0xFF, 0x03, 0xE0, 0x3E, 0x07, 0xC0, 0x7C, 0x07, 0xC0,
    0xF8, 0x0F, 0x81, 0xF0, 0x1F, 0x03, 0xE0, 0x3E, 0x03, 0xE0, 0x7C, 0x07, 0xC0, 0x3F, 0xC3, 0xFF,
    0x3F, 0xFD, 0xFF, 0xEF, 0x9F, 0x7C, 0xFB, 0xFF, 0xCF, 0xFC, 0x7F, 0xF7, 0xFF, 0xFF, 0x7F, 0xF1,
    0xFF, 0x07, 0xFC, 0x7F, 0xFF, 0xEF, 0xFE, 0x7F, 0xF0, 0xFE, 0x00, 0x1F, 0xC1, 0xFF, 0x1F, 0xFD,
    0xFF, 0xFF, 0x8F, 0xF8, 0x3F, 0xC1, 0xFF, 0x1F, 0xFF, 0xFB, 0xFF, 0xDF, 0xFC, 0x7F, 0xE0, 0x1F,
    0x01, 0xF0, 0x0F, 0x80, 0xF8, 0x07, 0xC0, 0x7C, 0x00, 0xF7, 0xBD, 0xEF, 0x00, 0x00, 0x07, 0xBD,
    0xEF, 0x78, 0x79, 0xE7, 0x9E, 0x78, 0x00, 0x00, 0x00, 0x00, 0x1E, 0x7D, 0xF7, 0xCF, 0x39, 0xEF,
    0x18, 0x00, 0x40, 0x1E, 0x07, 0xE0, 0xFF, 0x3F, 0xEF, 0xF8, 0xFE, 0x0F, 0xC0, 0xFF, 0x07, 0xF8,
    0x1F, 0xE0, 0xFF, 0x03, 0xE0, 0x0E, 0x00, 0x00, 0xFF, 0xFF, 0xFF, 0xFF, 0xFF, 0xFF, 0x00, 0x0F,
    0xFF, 0xFF, 0xFF, 0xFF, 0xFF, 0xF0, 0x20, 0x07, 0x80, 0x7E, 0x0F, 0xF0, 0x7F, 0xC1, 0xFF, 0x07,
    0xF0, 0x3F, 0x07, 0xF1, 0xFE, 0x7F, 0x8F, 0xF0, 0x7C, 0x07, 0x00, 0x00, 0x00, 0x1F, 0xC1, 0xFF,
    0x1F, 0xFD, 0xFF, 0xE7, 0x8F, 0x18, 0x78, 0x07, 0xC0, 0xFE, 0x0F, 0xE0, 0x7E, 0x03, 0xC0, 0x0C,
    0x00, 0x00, 0x07, 0x80, 0x3C, 0x01, 0xE0, 0x0F, 0x00, 0x78, 0x00, 0x00, 0xFF, 0xC0, 0x07, 0xFF,
    0xC0, 0x3F, 0x87, 0xC0, 0xF8, 0x03, 0xC3, 0xCF, 0xBF, 0xC7, 0x3F, 0xFB, 0x9C, 0xFF, 0xE7, 0x39,
    0xFF, 0xC6, 0xE7, 0xE7, 0x8D, 0xCF, 0x8F, 0x1B, 0x9F, 0x1E, 0x77, 0x3C, 0x7C, 0xEC, 0x7C, 0xF1,
    0xDC, 0xFF, 0xE7, 0x39, 0xFF, 0xFE, 0x71, 0xFF, 0xF8, 0xE1, 0xE7, 0xE0, 0xE0, 0x00, 0x01, 0xE0,
    0x08, 0x01, 0xF8, 0xF8, 0x01, 0xFF, 0xF0, 0x00, 0xFF, 0x80, 0x00, 0x00, 0x00, 0x00, 0x01, 0xF0,
    0x00, 0x3E, 0x00, 0x07, 0xE0, 0x01, 0xFC, 0x00, 0x3F, 0xC0, 0x0F, 0xF8, 0x01, 0xFF, 0x00, 0x3D,
    0xF0, 0x0F, 0xBE, 0x01, 0xF3, 0xE0, 0x7C, 0x7C, 0x0F, 0xFF, 0x81, 0xFF, 0xF8, 0x7F, 0xFF, 0x0F,
    0xFF, 0xE1, 0xE0, 0x3E, 0x7C, 0x07, 0xCF, 0x80, 0x7C, 0xFF, 0xE1, 0xFF, 0xE3, 0xFF, 0xE7, 0xFF,
    0xCF, 0x0F, 0x9E, 0x0F, 0x3C, 0x3E, 0x7F, 0xF8, 0xFF, 0xF9, 0xFF, 0xFB, 0xFF, 0xF7, 0x83, 0xEF,
    0x03, 0xDE, 0x0F, 0xBF, 0xFF, 0x7F, 0xFE, 0xFF, 0xF9, 0xFF, 0xE0, 0x07, 0xF8, 0x1F, 0xFE, 0x3F,
    0xFF, 0x7F, 0xFE, 0x7E, 0x1C, 0xFC, 0x08, 0xF8, 0x00, 0xF8, 0x00, 0xF0, 0x00, 0xF0, 0x00, 0xF8,
    0x00, 0xF8, 0x00, 0xFC, 0x00, 0x7E, 0x0C, 0x7F, 0xFE, 0x3F, 0xFE, 0x1F, 0xFE, 0x07, 0xF8, 0xFF,
    0xE0, 0xFF, 0xF8, 0xFF, 0xFC, 0xFF, 0xFE, 0xF0, 0x7E, 0xF0, 0x1F, 0xF0, 0x1F, 0xF0, 0x1F, 0xF0,
    0x0F, 0xF0, 0x0F, 0xF0, 0x1F, 0xF0, 0x1F, 0xF0, 0x1F, 0xF0, 0x7E, 0xFF, 0xFE, 0xFF, 0xFC, 0xFF,
    0xF8, 0xFF, 0xE0, 0xFF, 0xF7, 0xFF, 0xBF, 0xFD, 0xFF, 0xEF, 0x00, 0x78, 0x03, 0xC0, 0x1F, 0xFC,
    0xFF, 0xE7, 0xFF, 0x3F, 0xF9, 0xE0, 0x0F, 0x00, 0x78, 0x03, 0xFF, 0xFF, 0xFF, 0xFF, 0xFF, 0xFF,
    0xC0, 0xFF, 0xFF, 0xFF, 0xFF, 0xFF, 0xFF, 0xF0, 0x0F, 0x00, 0xF0, 0x0F, 0xFE, 0xFF, 0xEF, 0xFE,
    0xFF, 0xEF, 0x00, 0xF0, 0x0F, 0x00, 0xF0, 0x0F, 0x00, 0xF0, 0x0F, 0x00, 0x07, 0xF8, 0x07, 0xFF,
    0x83, 0xFF, 0xF1, 0xFF, 0xFC, 0x7E, 0x0E, 0x3F, 0x00, 0x0F, 0x80, 0x03, 0xE3, 0xFE, 0xF0, 0xFF,
    0xBC, 0x3F, 0xEF, 0x8F, 0xFB, 0xE0, 0x1E, 0xFC, 0x0F, 0x9F, 0x87, 0xE7, 0xFF, 0xF0, 0xFF, 0xF8,
    0x1F, 0xFC, 0x01, 0xFE, 0x00, 0xF0, 0x1F, 0xE0, 0x3F, 0xC0, 0x7F, 0x80, 0xFF, 0x01, 0xFE, 0x03,
    0xFC, 0x07, 0xFF, 0xFF, 0xFF, 0xFF, 0xFF, 0xFF, 0xFF, 0xFF, 0x80, 0xFF, 0x01, 0xFE, 0x03, 0xFC,
    0x07, 0xF8, 0x0F, 0xF0, 0x1F, 0xE0, 0x3C, 0xFF, 0xFF, 0xFF, 0xFF, 0xFF, 0x1E, 0x07, 0x81, 0xE0,
    0x78, 0x1E, 0x07, 0x81, 0xE0, 0x78, 0x1E, 0x07, 0x8F, 0xFF, 0xFF, 0xFF, 0xFF, 0xF0, 0x0F, 0xFC,
    0x3F, 0xF0, 0xFF, 0xC3, 0xFF, 0x01, 0xE0, 0x07, 0x80, 0x1E, 0x00, 0x78, 0x01, 0xE0, 0x07, 0x80,
    0x1E, 0x00, 0x78, 0x21, 0xE1, 0xCF, 0x8F, 0xFE, 0x3F, 0xF8, 0x7F, 0xC0, 0xFE, 0x00, 0xF0, 0x3F,
    0xF0, 0x7E, 0xF0, 0xFC, 0xF1, 0xF8, 0xF3, 0xF0, 0xF7, 0xE0, 0xFF, 0xC0, 0xFF, 0x80, 0xFF, 0x80,
    0xFF, 0xC0, 0xFF, 0xE0, 0xFB, 0xE0, 0xF1, 0xF0, 0xF1, 0xF8, 0xF0, 0xFC, 0xF0, 0x7E, 0xF0, 0x7E,
    0xF0, 0x3F, 0xF0, 0x0F, 0x00, 0xF0, 0x0F, 0x00, 0xF0, 0x0F, 0x00, 0xF0, 0x0F, 0x00, 0xF0, 0x0F,
    0x00, 0xF0, 0x0F, 0x00, 0xF0, 0x0F, 0x00, 0xFF, 0xFF, 0xFF, 0xFF, 0xFF, 0xFF, 0xF8, 0x03, 0xFE,
    0x01, 0xFF, 0xC0, 0xFF, 0xF0, 0x3F, 0xFE, 0x1F, 0xFF, 0xCF, 0xFF, 0xF3, 0xFF, 0xFF, 0xFF, 0xFF,
    0xFF, 0xFD, 0xFE, 0xFF, 0x3F, 0x3F, 0xCF, 0xCF, 0xF1, 0xE3, 0xFC, 0x30, 0xFF, 0x00, 0x3F, 0xC0,
    0x0F, 0xF0, 0x03, 0xFC, 0x00, 0xF0, 0xF8, 0x0F, 0xF8, 0x0F, 0xFC, 0x0F, 0xFE, 0x0F, 0xFF, 0x0F,
    0xFF, 0x0F, 0xFF, 0x8F, 0xFF, 0xCF, 0xF7, 0xCF, 0xF7, 0xEF, 0xF3, 0xFF, 0xF1, 0xFF, 0xF0, 0xFF,
    0xF0, 0xFF, 0xF0, 0x7F, 0xF0, 0x3F, 0xF0, 0x1F, 0xF0, 0x1F, 0x07, 0xF8, 0x07, 0xFF, 0x83, 0xFF,
    0xF1, 0xFF, 0xFE, 0x7E, 0x1F, 0xBF, 0x03, 0xFF, 0x80, 0x7F, 0xE0, 0x1F, 0xF0, 0x03, 0xFC, 0x00,
    0xFF, 0x80, 0x7F, 0xE0, 0x1F, 0xFC, 0x0F, 0xDF, 0x87, 0xE7, 0xFF, 0xF8, 0xFF, 0xFC, 0x1F, 0xFE,
    0x01, 0xFE, 0x00, 0xFF, 0xE3, 0xFF, 0xCF, 0xFF, 0x3F, 0xFE, 0xF0, 0xFB, 0xC1, 0xEF, 0x07, 0xBC,
    0x3E, 0xFF, 0xFB, 0xFF, 0xCF, 0xFF, 0x3F, 0xF0, 0xF0, 0x03, 0xC0, 0x0F, 0x00, 0x3C, 0x00, 0xF0,
    0x03, 0xC0, 0x00, 0x07, 0xF8, 0x07, 0xFF, 0x83, 0xFF, 0xF1, 0xFF, 0xFE, 0x7E, 0x1F, 0xBF, 0x03,
    0xFF, 0x80, 0x7F, 0xE0, 0x1F, 0xF0, 0x03, 0xFC, 0x08, 0xFF, 0x8F, 0x7F, 0xE7, 0xFF, 0xFC, 0xFF,
    0xDF, 0xBF, 0xE7, 0xFF, 0xF8, 0xFF, 0xFC, 0x1F, 0xFF, 0x01, 0xFF, 0xE0, 0x00, 0xF8, 0x00, 0x1C,
    0x00, 0x02, 0x00, 0xFF, 0xE1, 0xFF, 0xF3, 0xFF, 0xE7, 0xFF, 0xEF, 0x07, 0xDE, 0x07, 0xBC, 0x1F,
    0x78, 0x7E, 0xFF, 0xFD, 0xFF, 0xF3, 0xFF, 0xC7, 0xFF, 0x8F, 0x1F, 0x1E, 0x3F, 0x3C, 0x3E, 0x78,
    0x7E, 0xF0, 0x7D, 0xE0, 0xFC, 0x0F, 0xF0, 0x7F, 0xF0, 0xFF, 0xF3, 0xFF, 0xE7, 0xC3, 0x8F, 0x82,
    0x1F, 0xC0, 0x3F, 0xF0, 0x3F, 0xF8, 0x3F, 0xF8, 0x3F, 0xF0, 0x07, 0xE7, 0x07, 0xCF, 0x0F, 0xBF,
    0xFF, 0x7F, 0xFE, 0x3F, 0xF8, 0x3F, 0xC0, 0xFF, 0xFF, 0xFF, 0xFF, 0xFF, 0xFF, 0xFF, 0xF0, 0x78,
    0x00, 0xF0, 0x01, 0xE0, 0x03, 0xC0, 0x07, 0x80, 0x0F, 0x00, 0x1E, 0x00, 0x3C, 0x00, 0x78, 0x00,
    0xF0, 0x01, 0xE0, 0x03, 0xC0, 0x07, 0x80, 0x0F, 0x00, 0xF0, 0x1F, 0xE0, 0x3F, 0xC0, 0x7F, 0x80,
    0xFF, 0x01, 0xFE, 0x03, 0xFC, 0x07, 0xF8, 0x0F, 0xF0, 0x1F, 0xE0, 0x3F, 0xC0, 0x7F, 0x80, 0xFF,
    0x83, 0xFF, 0x8F, 0xDF, 0xFF, 0x3F, 0xFE, 0x3F, 0xF8, 0x1F, 0xC0, 0xF8, 0x07, 0xFE, 0x03, 0xF7,
    0xC0, 0xF9, 0xF0, 0x3E, 0x7E, 0x1F, 0x0F, 0x87, 0xC3, 0xE1, 0xF0, 0x7C, 0xF8, 0x1F, 0x3E, 0x07,
    0xCF, 0x00, 0xFF, 0xC0, 0x3F, 0xF0, 0x07, 0xF8, 0x01, 0xFE, 0x00, 0x7F, 0x00, 0x0F, 0xC0, 0x03,
    0xF0, 0x00, 0x78, 0x00, 0x7C, 0x00, 0x07, 0xDF, 0x00, 0x03, 0xE7, 0xC1, 0xE0, 0xF9, 0xF0, 0x7C,
    0x3E, 0x3E, 0x3F, 0x0F, 0x0F, 0x8F, 0xC7, 0xC3, 0xE3, 0xF9, 0xF0, 0x7D, 0xFE, 0x7C, 0x1F, 0x7F,
    0xBE, 0x07, 0xFF, 0xFF, 0x81, 0xFF, 0xBF, 0xE0, 0x3F, 0xCF, 0xF0, 0x0F, 0xF3, 0xFC, 0x03, 0xF8,
    0x7F, 0x00, 0x7E, 0x1F, 0xC0, 0x1F, 0x83, 0xE0, 0x07, 0xC0, 0xF8, 0x00, 0xF0, 0x3E, 0x00, 0x7E,
    0x07, 0xE7, 0xE1, 0xF8, 0xFC, 0x7E, 0x0F, 0xCF, 0xC0, 0xFF, 0xF0, 0x0F, 0xFC, 0x01, 0xFF, 0x80,
    0x1F, 0xE0, 0x01, 0xF8, 0x00, 0x7F, 0x00, 0x0F, 0xF0, 0x03, 0xFF, 0x00, 0xFF, 0xE0, 0x1F, 0x7E,
    0x07, 0xE7, 0xE1, 0xF8, 0xFC, 0x3E, 0x0F, 0xCF, 0xC0, 0xFC, 0xFC, 0x0F, 0xDF, 0x07, 0xE7, 0xE1,
    0xF0, 0xFC, 0xFC, 0x1F, 0x3E, 0x07, 0xFF, 0x00, 0xFF, 0xC0, 0x1F, 0xE0, 0x03, 0xF0, 0x00, 0xFC,
    0x00, 0x1E, 0x00, 0x07, 0x80, 0x01, 0xE0, 0x00, 0x78, 0x00, 0x1E, 0x00, 0x07, 0x80, 0x01, 0xE0,
    0x00, 0x78, 0x00, 0x7F, 0xFD, 0xFF, 0xF7, 0xFF, 0xDF, 0xFF, 0x01, 0xF8, 0x07, 0xC0, 0x3F, 0x01,
    0xF8, 0x0F, 0xC0, 0x3F, 0x01, 0xF8, 0x0F, 0xC0, 0x3F, 0x01, 0xF8, 0x0F, 0xFF, 0xFF, 0xFF, 0xFF,
    0xFF, 0xFF, 0xF0, 0xFF, 0xFF, 0xFF, 0xFF, 0xF0, 0xF0, 0xF0, 0xF0, 0xF0, 0xF0, 0xF0, 0xF0, 0xF0,
    0xF0, 0xF0, 0xF0, 0xF0, 0xF0, 0xF0, 0xFF, 0xFF, 0xFF, 0xFF, 0xF8, 0x00, 0xF8, 0x01, 0xF0, 0x01,
    0xF0, 0x03, 0xE0, 0x03, 0xE0, 0x07, 0xC0, 0x07, 0x80, 0x0F, 0x80, 0x0F, 0x00, 0x1F, 0x00, 0x1E,
    0x00, 0x3E, 0x00, 0x3C, 0x00, 0x7C, 0x00, 0xF8, 0x00, 0xF8, 0x01, 0xF0, 0x01, 0xF0, 0x03, 0xE0,
    0x03, 0xE0, 0xFF, 0x7F, 0xBF, 0xDF, 0xE0, 0xF0, 0x78, 0x3C, 0x1E, 0x0F, 0x07, 0x83, 0xC1, 0xE0,
    0xF0, 0x78, 0x3C, 0x1E, 0x0F, 0x07, 0x83, 0xDF, 0xEF, 0xF7, 0xFB, 0xFC, 0x07, 0x80, 0x0F, 0x80,
    0x3F, 0x80, 0x7F, 0x01, 0xFF, 0x07, 0xDE, 0x0F, 0xBE, 0x3E, 0x3C, 0x7C, 0x7D, 0xF0, 0x7C, 0xFF,
    0xFF, 0xFF, 0xFF, 0xFF, 0xFF, 0xFF, 0xF0, 0x60, 0xE3, 0xE7, 0xE3, 0xE1, 0x80, 0x1F, 0xBC, 0xFF,
    0xF7, 0xFF, 0xFF, 0xFF, 0xF8, 0x7F, 0xE1, 0xFF, 0x03, 0xFC, 0x0F, 0xF8, 0x7F, 0xE1, 0xFF, 0xFF,
    0xDF, 0xFF, 0x3F, 0xFC, 0x7E, 0xF0, 0xF0, 0x03, 0xC0, 0x0F, 0x00, 0x3C, 0x00, 0xF0, 0x03, 0xDF,
    0x8F, 0xFF, 0x3F, 0xFE, 0xFF, 0xFF, 0xE1, 0xFF, 0x87, 0xFC, 0x0F, 0xF0, 0x3F, 0xE1, 0xFF, 0x87,
    0xFF, 0xFF, 0xFF, 0xFB, 0xFF, 0xCF, 0x7E, 0x00, 0x1F, 0xE1, 0xFF, 0x9F, 0xFF, 0xFF, 0xEF, 0x86,
    0x7C, 0x03, 0xC0, 0x1E, 0x00, 0xF8, 0x07, 0xE3, 0x3F, 0xFC, 0xFF, 0xF3, 0xFF, 0x0F, 0xF0, 0x00,
    0x3C, 0x00, 0xF0, 0x03, 0xC0, 0x0F, 0x00, 0x3C, 0x7E, 0xF3, 0xFF, 0xDF, 0xFF, 0xFF, 0xFF, 0xE1,
    0xFF, 0x87, 0xFC, 0x0F, 0xF0, 0x3F, 0xE1, 0xFF, 0x87, 0xFF, 0xFF, 0x7F, 0xFC, 0xFF, 0xF1, 0xFB,
    0xC0, 0x1F, 0xC1, 0xFF, 0x1F, 0xFD, 0xFF, 0xFF, 0x8F, 0xFF, 0xFF, 0xFF, 0xFF, 0xFF, 0xF8, 0x07,
    0xE1, 0x3F, 0xFC, 0xFF, 0xF3, 0xFF, 0x0F, 0xF0, 0x0F, 0xC7, 0xF3, 0xFC, 0xFE, 0x3E, 0x3F, 0xEF,
    0xFB, 0xFE, 0xFF, 0x8F, 0x03, 0xC0, 0xF0, 0x3C, 0x0F, 0x03, 0xC0, 0xF0, 0x3C, 0x0F, 0x03, 0xC0,
    0x1F, 0xBC, 0x7F, 0xF9, 0xFF, 0xF7, 0xFF, 0xEF, 0x87, 0xDF, 0x0F, 0xBC, 0x0F, 0x78, 0x1E, 0xF8,
    0x7D, 0xF0, 0xFB, 0xFF, 0xF3, 0xFF, 0xE3, 0xFF, 0xC3, 0xF7, 0x80, 0x1F, 0x18, 0x3E, 0x3F, 0xFC,
    0xFF, 0xF1, 0xFF, 0xC0, 0xFF, 0x00, 0xF0, 0x07, 0x80, 0x3C, 0x01, 0xE0, 0x0F, 0x00, 0x7B, 0xF3,
    0xFF, 0xDF, 0xFF, 0xFF, 0xFF, 0xC7, 0xFC, 0x1F, 0xE0, 0xFF, 0x07, 0xF8, 0x3F, 0xC1, 0xFE, 0x0F,
    0xF0, 0x7F, 0x83, 0xFC, 0x1E, 0xFF, 0xFF, 0xF0, 0x00, 0x1E, 0xF7, 0xBD, 0xEF, 0x7B, 0xDE, 0xF7,
    0xBD, 0xEF, 0x00, 0x1F, 0x1F, 0x1F, 0x1F, 0x00, 0x00, 0x1E, 0x1E, 0x1E, 0x1E, 0x1E, 0x1E, 0x1E,
    0x1E, 0x1E, 0x1E, 0x1E, 0x1E, 0x1E, 0x1E, 0x1E, 0x3E, 0xFE, 0xFE, 0x7C, 0x78, 0xF0, 0x03, 0xC0,
    0x0F, 0x00, 0x3C, 0x00, 0xF0, 0x03, 0xC3, 0xFF, 0x1F, 0xBC, 0xFC, 0xF7, 0xE3, 0xFF, 0x0F, 0xF8,
    0x3F, 0xE0, 0xFF, 0x83, 0xFF, 0x0F, 0xFE, 0x3C, 0xFC, 0xF1, 0xF3, 0xC7, 0xEF, 0x0F, 0xC0, 0xF7,
    0xBD, 0xEF, 0x7B, 0xDE, 0xF7, 0xBD, 0xEF, 0x7B, 0xDE, 0xF7, 0xBC, 0xF7, 0xC7, 0xC7, 0xFF, 0x7F,
    0x3F, 0xFF, 0xFD, 0xFF, 0xFF, 0xEF, 0x9F, 0x9F, 0x78, 0x78, 0x7B, 0xC3, 0xC3, 0xDE, 0x1E, 0x1E,
    0xF0, 0xF0, 0xF7, 0x87, 0x87, 0xBC, 0x3C, 0x3D, 0xE1, 0xE1, 0xEF, 0x0F, 0x0F, 0x78, 0x78, 0x78,
    0xF7, 0xE7, 0xFF, 0xBF, 0xFF, 0xFF, 0xFF, 0x8F, 0xF8, 0x3F, 0xC1, 0xFE, 0x0F, 0xF0, 0x7F, 0x83,
    0xFC, 0x1F, 0xE0, 0xFF, 0x07, 0xF8, 0x3C, 0x1F, 0xE0, 0x7F, 0xE1, 0xFF, 0xE7, 0xFF, 0xEF, 0x87,
    0xDF, 0x0F, 0xBC, 0x0F, 0x78, 0x1E, 0xF8, 0x7D, 0xF0, 0xFB, 0xFF, 0xF3, 0xFF, 0xC3, 0xFF, 0x03,
    0xFC, 0x00, 0xF7, 0xE3, 0xFF, 0xCF, 0xFF, 0xBF, 0xFF, 0xF8, 0x7F, 0xE1, 0xFF, 0x03, 0xFC, 0x0F,
    0xF8, 0x7F, 0xE1, 0xFF, 0xFF, 0xFF, 0xFE, 0xFF, 0xF3, 0xDF, 0x8F, 0x00, 0x3C, 0x00, 0xF0, 0x03,
    0xC0, 0x0F, 0x00, 0x3C, 0x00, 0x1F, 0xBC, 0xFF, 0xF7, 0xFF, 0xFF, 0xFF, 0xF8, 0x7F, 0xE1, 0xFF,
    0x03, 0xFC, 0x0F, 0xF8, 0x7F, 0xE1, 0xFF, 0xFF, 0xDF, 0xFF, 0x3F, 0xFC, 0x7E, 0xF0, 0x03, 0xC0,
    0x0F, 0x00, 0x3C, 0x00, 0xF0, 0x03, 0xC0, 0x0F, 0xF7, 0xFF, 0xFF, 0xFB, 0xFE, 0xFC, 0xBE, 0x0F,
    0x03, 0xC0, 0xF0, 0x3C, 0x0F, 0x03, 0xC0, 0xF0, 0x3C, 0x00, 0x1F, 0xC1, 0xFF, 0x1F, 0xFC, 0xFF,
    0xE7, 0x86, 0x3F, 0x00, 0xFF, 0x03, 0xFC, 0x03, 0xF1, 0x87, 0x9F, 0xFD, 0xFF, 0xE7, 0xFE, 0x0F,
    0xE0, 0x1E, 0x07, 0x81, 0xE3, 0xFF, 0xFF, 0xFF, 0xFF, 0xFC, 0x78, 0x1E, 0x07, 0x81, 0xE0, 0x78,
    0x1E, 0x07, 0x81, 0xE0, 0x78, 0x1E, 0x00, 0xF0, 0x7F, 0x83, 0xFC, 0x1F, 0xE0, 0xFF, 0x07, 0xF8,
    0x3F, 0xC1, 0xFE, 0x0F, 0xF0, 0x7F, 0xC7, 0xFF, 0xFF, 0xFF, 0xF7, 0xFF, 0x9F, 0xBC, 0xF8, 0x3E,
    0xF8, 0x7D, 0xF1, 0xF3, 0xE3, 0xE3, 0xE7, 0x87, 0xDF, 0x0F, 0xBE, 0x0F, 0x78, 0x1F, 0xF0, 0x1F,
    0xC0, 0x3F, 0x80, 0x7E, 0x00, 0x7C, 0x00, 0xF8, 0x00, 0xF8, 0x00, 0xFF, 0xC0, 0x07, 0x9F, 0x1C,
    0x7C, 0xF9, 0xF3, 0xE7, 0xCF, 0x9E, 0x1E, 0xFD, 0xF0, 0xFF, 0xFF, 0x87, 0xFF, 0xFC, 0x1F, 0xDF,
    0xC0, 0xFE, 0xFE, 0x07, 0xE7, 0xF0, 0x1F, 0x1F, 0x00, 0xF8, 0xF8, 0x07, 0x83, 0xC0, 0xFC, 0x7E,
    0xFC, 0xF8, 0xFB, 0xE0, 0xFF, 0xC1, 0xFF, 0x01, 0xFC, 0x01, 0xF8, 0x07, 0xF0, 0x0F, 0xE0, 0x3F,
    0xE0, 0xFF, 0xE1, 0xF7, 0xC7, 0xC7, 0xDF, 0x8F, 0xC0, 0xFC, 0x1F, 0x7C, 0x3F, 0x7E, 0x3E, 0x3E,
    0x3E, 0x3E, 0x7C, 0x1F, 0x7C, 0x1F, 0x7C, 0x1F, 0xF8, 0x0F, 0xF8, 0x0F, 0xF0, 0x07, 0xF0, 0x07,
    0xF0, 0x03, 0xE0, 0x03, 0xE0, 0x03, 0xC0, 0x07, 0xC0, 0x07, 0xC0, 0x07, 0x80, 0x0F, 0x80, 0x0F,
    0x00, 0xFF, 0xFF, 0xFF, 0xFF, 0xFF, 0xF0, 0x7C, 0x1F, 0x07, 0xE0, 0xF8, 0x3E, 0x0F, 0x83, 0xFF,
    0xFF, 0xFF, 0xFF, 0xFF, 0xC0, 0x03, 0x83, 0xE0, 0xF8, 0x7E, 0x1F, 0x07, 0x81, 0xE0, 0x78, 0x1E,
    0x0F, 0x8F, 0xE3, 0xF0, 0xF8, 0x3F, 0x03, 0xE0, 0xF8, 0x1E, 0x07, 0x81, 0xE0, 0x7C, 0x1F, 0x87,
    0xF0, 0xF8, 0x1E, 0x00, 0x00, 0xF7, 0xBD, 0xEF, 0x7B, 0xDE, 0xF7, 0xBD, 0xEF, 0x7B, 0xDE, 0xF7,
    0xBD, 0xEF, 0x7B, 0xDE, 0x70, 0x1F, 0x07, 0xE1, 0xF8, 0x3E, 0x07, 0x81, 0xE0, 0x78, 0x1E, 0x07,
    0xC1, 0xFC, 0x3F, 0x07, 0xC3, 0xF1, 0xF0, 0x7C, 0x1E, 0x07, 0x81, 0xE0, 0xF8, 0x7E, 0x3F, 0x87,
    0xC1, 0xE0, 0x00, 0x00, 0x7E, 0x7F, 0xFF, 0xFF, 0xFF, 0xFF, 0xEE, 0x3E, 0x00, 0xF7, 0xBD, 0xEF,
    0x00, 0x1E, 0xF7, 0xBD, 0xEF, 0x7B, 0xDE, 0xF7, 0xBC, 0x07, 0x00, 0x38, 0x07, 0xF0, 0x7F, 0xE7,
    0xFF, 0x7F, 0xFB, 0xED, 0x9F, 0x60, 0xF3, 0x07, 0x98, 0x3E, 0xC1, 0xF6, 0xCF, 0xFF, 0x3F, 0xF8,
    0xFF, 0xC3, 0xF8, 0x07, 0x00, 0x38, 0x00, 0x07, 0xF8, 0x1F, 0xFC, 0x3F, 0xFC, 0x3F, 0xF8, 0x3E,
    0x00, 0x3C, 0x00, 0x3C, 0x00, 0x7F, 0xF0, 0x7F, 0xF0, 0x7F, 0xF0, 0x1E, 0x00, 0x1E, 0x00, 0x0E,
    0x00, 0x1F, 0x00, 0xFF, 0xFE, 0xFF, 0xFF, 0x7F, 0xFF, 0x73, 0xFE, 0x30, 0x30, 0xFF, 0xC7, 0xFF,
    0x9F, 0xFE, 0x3F, 0xF0, 0xF3, 0xC3, 0x87, 0x0F, 0x3C, 0x3F, 0xF1, 0xFF, 0xE7, 0xFF, 0x9F, 0xFE,
    0x30, 0x30, 0x00, 0x00, 0xFC, 0x0F, 0xDF, 0x07, 0xE3, 0xE1, 0xF0, 0xFC, 0xFC, 0x1F, 0x3E, 0x07,
    0xFF, 0x00, 0xFF, 0xC0, 0x1F, 0xE0, 0x07, 0xF8, 0x00, 0xFC, 0x00, 0xFF, 0xE0, 0x3F, 0xF8, 0x01,
    0xE0, 0x03, 0xFF, 0x80, 0xFF, 0xE0, 0x07, 0x80, 0x01, 0xE0, 0x00, 0x78, 0x00, 0xF7, 0xBD, 0xEF,
    0x7B, 0xDE, 0xF7, 0x80, 0x00, 0x03, 0xDE, 0xF7, 0xBD, 0xEF, 0x7B, 0xDE, 0x1F, 0xE1, 0xFF, 0x9F,
    0xFE, 0xFF, 0xE7, 0xC6, 0x3E, 0x01, 0xFC, 0x07, 0xF8, 0x7F, 0xF7, 0xFF, 0xFE, 0x7F, 0xE1, 0xFF,
    0xCF, 0xFF, 0xFD, 0xFF, 0xC7, 0xFC, 0x07, 0xF0, 0x0F, 0x9C, 0x7D, 0xFF, 0xEF, 0xFF, 0x3F, 0xF0,
    0xFF, 0x00, 0xF3, 0xDE, 0x7B, 0xCF, 0x79, 0xE0, 0x07, 0xF8, 0x07, 0xFF, 0x83, 0xE1, 0xF0, 0xE0,
    0x1C, 0x71, 0xF3, 0xB8, 0xFE, 0x7E, 0x7F, 0x9F, 0x1F, 0xC3, 0xC7, 0x80, 0xF1, 0xC0, 0x3C, 0x78,
    0x0F, 0x1F, 0xC3, 0xE7, 0xF9, 0xF8, 0xFE, 0x77, 0x1F, 0x38, 0xE0, 0x1C, 0x3E, 0x1F, 0x07, 0xFF,
    0x00, 0x7F, 0x80, 0x7F, 0xFF, 0xFF, 0xE7, 0xE7, 0xFF, 0xFF, 0x7F, 0x08, 0x20, 0xF3, 0xCF, 0xBE,
    0xF9, 0xE7, 0x9E, 0x7D, 0xF3, 0xCF, 0x1F, 0x7C, 0x7D, 0xF1, 0xE7, 0x87, 0x9E, 0x38, 0xE0, 0x00,
    0x00, 0xFF, 0xFE, 0xFF, 0xFE, 0xFF, 0xFE, 0xFF, 0xFE, 0x00, 0x1E, 0x00, 0x1E, 0x00, 0x1E, 0x00,
    0x1E, 0x00, 0x1E, 0xFF, 0xFF, 0xFF, 0xFF, 0xF0, 0x1F, 0xC1, 0xFF, 0x1E, 0x3D, 0xDF, 0xEE, 0xFB,
    0xE7, 0xCF, 0x3E, 0x79, 0xF3, 0xED, 0xBF, 0x6F, 0xDE, 0x3C, 0x7F, 0xC1, 0xFC, 0x00, 0xFF, 0xFF,
    0xFF, 0x3E, 0x3F, 0xBF, 0xFE, 0xFE, 0x3F, 0x1F, 0xFE, 0xFE, 0x3E, 0x00, 0x0F, 0x00, 0x78, 0x03,
    0xC1, 0xFF, 0xFF, 0xFF, 0xFF, 0xFF, 0xFF, 0xE1, 0xE0, 0x0F, 0x00, 0x78, 0x00, 0x01, 0xFF, 0xFF,
    0xFF, 0xFF, 0xFF, 0xFF, 0xE0, 0x3E, 0x7F, 0xFF, 0x2F, 0x1E, 0x3C, 0x7F, 0x7F, 0x7F, 0x7E, 0x7E,
    0x7E, 0x3C, 0x3E, 0x3F, 0x7F, 0x7F, 0x7E, 0x08, 0x39, 0xF7, 0xEF, 0x8C, 0x00, 0xF0, 0xF7, 0x87,
    0xBC, 0x3D, 0xE1, 0xEF, 0x0F, 0x78, 0x7B, 0xC3, 0xDE, 0x1E, 0xF0, 0xF7, 0xCF, 0xBF, 0xFD, 0xFF,
    0xEF, 0xFF, 0x7F, 0x7B, 0xC0, 0x1E, 0x00, 0xF0, 0x07, 0x80, 0x00, 0x3F, 0xFF, 0x7F, 0xFF, 0xFF,
    0xFF, 0xFF, 0x8F, 0xFF, 0x8F, 0xFF, 0x8F, 0xFF, 0x8F, 0xFF, 0x8F, 0xFF, 0x8F, 0x7F, 0x8F, 0x3F,
    0x8F, 0x07, 0x8F, 0x07, 0x8F, 0x07, 0x8F, 0x07, 0x8F, 0x07, 0x8F, 0x07, 0x8F, 0x07, 0x8F, 0xF7,
    0xBD, 0xEF, 0x00, 0x39, 0xC7, 0xCF, 0x3F, 0xFF, 0x80, 0x3D, 0xF7, 0xDF, 0x1C, 0x71, 0xC7, 0x1C,
    0x3C, 0x7E, 0xFF, 0xFF, 0xE7, 0xE7, 0xFF, 0xFF, 0x7E, 0x20, 0x87, 0x9E, 0x3E, 0x78, 0xFB, 0xE3,
    0xCF, 0x1F, 0x7C, 0x79, 0xE7, 0xDF, 0x7D, 0xF3, 0xCF, 0x3C, 0xF0, 0xE3, 0x80, 0x00, 0x00, 0x3C,
    0x07, 0xC7, 0xC0, 0x7C, 0x7C, 0x0F, 0x87, 0xC1, 0xF0, 0x1C, 0x1F, 0x01, 0xC3, 0xE0, 0x1C, 0x7C,
    0x01, 0xC7, 0xC0, 0x1C, 0xF9, 0xC0, 0x0F, 0x3C, 0x01, 0xF7, 0xC0, 0x3E, 0x7C, 0x03, 0xCF, 0xC0,
    0x7D, 0xFC, 0x0F, 0x9F, 0xF0, 0xF3, 0xFF, 0x1F, 0x1F, 0xF1, 0xE0, 0x3C, 0x3C, 0x03, 0xC0, 0x3C,
    0x03, 0xC7, 0xC0, 0x7C, 0x7C, 0x0F, 0x87, 0xC0, 0xF0, 0x1C, 0x1F, 0x01, 0xC3, 0xE0, 0x1C, 0x3C,
    0x01, 0xC7, 0xC0, 0x1C, 0x78, 0x00, 0x0F, 0x1C, 0x01, 0xF7, 0xF0, 0x1E, 0xFF, 0x03, 0xC7, 0x70,
    0x7C, 0x2F, 0x07, 0x81, 0xE0, 0xF0, 0x3E, 0x1F, 0x07, 0xE1, 0xE0, 0xFF, 0x3C, 0x07, 0xF0, 0x7E,
    0x03, 0xE3, 0xF8, 0x1F, 0x0F, 0x81, 0xF0, 0x78, 0x1F, 0x03, 0xE0, 0xF8, 0x1F, 0x8F, 0x80, 0x1C,
    0x78, 0x0F, 0xE7, 0xC0, 0x7F, 0x7C, 0x03, 0xF3, 0xC7, 0x00, 0x3E, 0x78, 0x03, 0xE7, 0xC0, 0x1F,
    0x7E, 0x01, 0xF7, 0xF0, 0x0F, 0x3F, 0xE0, 0xF9, 0xFF, 0x0F, 0x8F, 0xF8, 0x78, 0x0F, 0x07, 0xC0,
    0x78, 0x0F, 0x00, 0xF0, 0x0F, 0x00, 0xF0, 0x0F, 0x00, 0x00, 0x02, 0x00, 0x70, 0x1F, 0x03, 0xF0,
    0x7F, 0x0F, 0xC0, 0xF8, 0x0F, 0x0C, 0xF9, 0xEF, 0xFF, 0xFF, 0xE7, 0xFC, 0x3F, 0x80, 0x00, 0x00,
    0x00, 0x38, 0x00, 0x07, 0xC0, 0x01, 0xFC, 0x00, 0x0F, 0x80, 0x00, 0x70, 0x00, 0x00, 0x00, 0x0F,
    0x80, 0x01, 0xF0, 0x00, 0x3F, 0x00, 0x0F, 0xE0, 0x01, 0xFE, 0x00, 0x7F, 0xC0, 0x0F, 0xF8, 0x01,
    0xEF, 0x80, 0x7D, 0xF0, 0x0F, 0x9F, 0x03, 0xE3, 0xE0, 0x7F, 0xFC, 0x0F, 0xFF, 0xC3, 0xFF, 0xF8,
    0x7F, 0xFF, 0x0F, 0x01, 0xF3, 0xE0, 0x3E, 0x7C, 0x03, 0xE0, 0x00, 0x00, 0x00, 0x06, 0x00, 0x03,
    0xE0, 0x01, 0xFC, 0x00, 0x1F, 0x00, 0x03, 0x00, 0x00, 0x00, 0x00, 0x0F, 0x80, 0x01, 0xF0, 0x00,
    0x3F, 0x00, 0x0F, 0xE0, 0x01, 0xFE, 0x00, 0x7F, 0xC0, 0x0F, 0xF8, 0x01, 0xEF, 0x80, 0x7D, 0xF0,
    0x0F, 0x9F, 0x03, 0xE3, 0xE0, 0x7F, 0xFC, 0x0F, 0xFF, 0xC3, 0xFF, 0xF8, 0x7F, 0xFF, 0x0F, 0x01,
    0xF3, 0xE0, 0x3E, 0x7C, 0x03, 0xE0, 0x00, 0xE0, 0x00, 0x3F, 0x00, 0x1F, 0xF0, 0x03, 0xDE, 0x00,
    0x20, 0x80, 0x00, 0x00, 0x00, 0x7C, 0x00, 0x0F, 0x80, 0x01, 0xF8, 0x00, 0x7F, 0x00, 0x0F, 0xF0,
    0x03, 0xFE, 0x00, 0x7F, 0xC0, 0x0F, 0x7C, 0x03, 0xEF, 0x80, 0x7C, 0xF8, 0x1F, 0x1F, 0x03, 0xFF,
    0xE0, 0x7F, 0xFE, 0x1F, 0xFF, 0xC3, 0xFF, 0xF8, 0x78, 0x0F, 0x9F, 0x01, 0xF3, 0xE0, 0x1F, 0x03,
    0x9C, 0x03, 0xFF, 0x00, 0xFF, 0x80, 0x3B, 0xE0, 0x00, 0x00, 0x00, 0x00, 0x00, 0x3E, 0x00, 0x0F,
    0xC0, 0x03, 0xF0, 0x01, 0xFC, 0x00, 0x7F, 0x80, 0x3F, 0xE0, 0x0F, 0xF8, 0x03, 0xDF, 0x01, 0xF7,
    0xC0, 0x7C, 0xF8, 0x1E, 0x3E, 0x0F, 0xFF, 0x83, 0xFF, 0xF1, 0xFF, 0xFC, 0x7F, 0xFF, 0x1F, 0x03,
    0xEF, 0x80, 0xFB, 0xE0, 0x1F, 0x0F, 0x3C, 0x03, 0xCF, 0x00, 0xF3, 0xC0, 0x3C, 0xF0, 0x00, 0x00,
    0x00, 0x00, 0x00, 0x1E, 0x00, 0x0F, 0xC0, 0x03, 0xF0, 0x00, 0xFE, 0x00, 0x7F, 0x80, 0x1F, 0xE0,
    0x0F, 0xFC, 0x03, 0xFF, 0x00, 0xF3, 0xC0, 0x7C, 0xF8, 0x1F, 0x3E, 0x07, 0xFF, 0xC3, 0xFF, 0xF0,
    0xFF, 0xFC, 0x7F, 0xFF, 0x9F, 0x03, 0xE7, 0xC0, 0xFB, 0xE0, 0x1F, 0x01, 0xE0, 0x00, 0xFC, 0x00,
    0x3F, 0x00, 0x0E, 0xE0, 0x03, 0xF0, 0x00, 0xFC, 0x00, 0x1E, 0x00, 0x07, 0xC0, 0x03, 0xF0, 0x00,
    0xFC, 0x00, 0x7F, 0x80, 0x1F, 0xE0, 0x07, 0xFC, 0x03, 0xFF, 0x00, 0xF3, 0xC0, 0x7C, 0xF8, 0x1F,
    0x3E, 0x07, 0xFF, 0x83, 0xFF, 0xF0, 0xFF, 0xFC, 0x3F, 0xFF, 0x9F, 0x03, 0xE7, 0xC0, 0xFB, 0xE0,
    0x1F, 0x00, 0x0F, 0xFF, 0xE0, 0x03, 0xFF, 0xFC, 0x00, 0x7F, 0xFF, 0x80, 0x1F, 0xFF, 0xF0, 0x07,
    0xFC, 0x00, 0x00, 0xFF, 0x80, 0x00, 0x3E, 0xF0, 0x00, 0x0F, 0xDF, 0xFC, 0x01, 0xF3, 0xFF, 0x80,
    0x7C, 0x7F, 0xF0, 0x1F, 0x8F, 0xFE, 0x03, 0xFF, 0xE0, 0x00, 0xFF, 0xFC, 0x00, 0x3F, 0xFF, 0x80,
    0x07, 0xFF, 0xFF, 0xF9, 0xF0, 0x1F, 0xFF, 0x7E, 0x03, 0xFF, 0xEF, 0x80, 0x7F, 0xFC, 0x07, 0xFC,
    0x0F, 0xFF, 0x0F, 0xFF, 0xCF, 0xFF, 0xE7, 0xE0, 0xE7, 0xE0, 0x23, 0xE0, 0x01, 0xF0, 0x00, 0xF0,
    0x00, 0x78, 0x00, 0x3E, 0x00, 0x1F, 0x00, 0x0F, 0xC0, 0x63, 0xFC, 0xF1, 0xFF, 0xFC, 0x7F, 0xFE,
    0x1F, 0xFE, 0x03, 0xFE, 0x00, 0x70, 0x00, 0x7E, 0x00, 0x1F, 0x00, 0x07, 0x80, 0x0F, 0xC0, 0x07,
    0xC0, 0x00, 0x00, 0x70, 0x07, 0xC0, 0x3F, 0x80, 0xFC, 0x00, 0xC0, 0x00, 0x1F, 0xFE, 0xFF, 0xF7,
    0xFF, 0xBF, 0xFD, 0xE0, 0x0F, 0x00, 0x78, 0x03, 0xFF, 0x9F, 0xFC, 0xFF, 0xE7, 0xFF, 0x3C, 0x01,
    0xE0, 0x0F, 0x00, 0x7F, 0xFF, 0xFF, 0xFF, 0xFF, 0xFF, 0xF8, 0x00, 0x00, 0x1C, 0x01, 0xF0, 0x3F,
    0x81, 0xF8, 0x06, 0x00, 0x00, 0x1F, 0xFE, 0xFF, 0xF7, 0xFF, 0xBF, 0xFD, 0xE0, 0x0F, 0x00, 0x78,
    0x03, 0xFF, 0x9F, 0xFC, 0xFF, 0xE7, 0xFF, 0x3C, 0x01, 0xE0, 0x0F, 0x00, 0x7F, 0xFF, 0xFF, 0xFF,
    0xFF, 0xFF, 0xF8, 0x07, 0x00, 0xFC, 0x0F, 0xF8, 0x73, 0xC1, 0x04, 0x00, 0x03, 0xFF, 0xDF, 0xFE,
    0xFF, 0xF7, 0xFF, 0xBC, 0x01, 0xE0, 0x0F, 0x00, 0x7F, 0xF3, 0xFF, 0x9F, 0xFC, 0xFF, 0xE7, 0x80,
    0x3C, 0x01, 0xE0, 0x0F, 0xFF, 0xFF, 0xFF, 0xFF, 0xFF, 0xFF, 0x79, 0xE3, 0xCF, 0x1E, 0x78, 0xF3,
    0xC0, 0x00, 0x00, 0x03, 0xFF, 0xDF, 0xFE, 0xFF, 0xF7, 0xFF, 0xBC, 0x01, 0xE0, 0x0F, 0x00, 0x7F,
    0xF3, 0xFF, 0x9F, 0xFC, 0xFF, 0xE7, 0x80, 0x3C, 0x01, 0xE0, 0x0F, 0xFF, 0xFF, 0xFF, 0xFF, 0xFF,
    0xFF, 0x00, 0x06, 0x03, 0xE0, 0xFC, 0x1F, 0x00, 0xC0, 0x03, 0xFF, 0xFF, 0xFF, 0xFF, 0xFC, 0x78,
    0x1E, 0x07, 0x81, 0xE0, 0x78, 0x1E, 0x07, 0x81, 0xE0, 0x78, 0x1E, 0x3F, 0xFF, 0xFF, 0xFF, 0xFF,
    0xC0, 0x00, 0x01, 0xC1, 0xF0, 0xFE, 0x3E, 0x0E, 0x00, 0x03, 0xFF, 0xFF, 0xFF, 0xFF, 0xFC, 0x78,
    0x1E, 0x07, 0x81, 0xE0, 0x78, 0x1E, 0x07, 0x81, 0xE0, 0x78, 0x1E, 0x3F, 0xFF, 0xFF, 0xFF, 0xFF,
    0xC0, 0x1E, 0x0F, 0xC7, 0xF9, 0xCE, 0x00, 0x80, 0x0F, 0xFF, 0xFF, 0xFF, 0xFF, 0xF1, 0xE0, 0x78,
    0x1E, 0x07, 0x81, 0xE0, 0x78, 0x1E, 0x07, 0x81, 0xE0, 0x78, 0xFF, 0xFF, 0xFF, 0xFF, 0xFF, 0xF3,
    0xDE, 0x7B, 0xCF, 0x79, 0xE0, 0x00, 0x00, 0x3F, 0xF7, 0xFE, 0xFF, 0xDF, 0xF8, 0x78, 0x0F, 0x01,
    0xE0, 0x3C, 0x07, 0x80, 0xF0, 0x1E, 0x03, 0xC0, 0x78, 0x0F, 0x0F, 0xFD, 0xFF, 0xBF, 0xF7, 0xFE,
    0x3F, 0xF8, 0x0F, 0xFF, 0x83, 0xFF, 0xF0, 0xFF, 0xFE, 0x3C, 0x1F, 0x8F, 0x01, 0xF3, 0xC0, 0x7F,
    0xFE, 0x1F, 0xFF, 0x83, 0xFF, 0xE0, 0xFF, 0xF8, 0x7C, 0xF0, 0x1F, 0x3C, 0x07, 0xCF, 0x07, 0xE3,
    0xFF, 0xF8, 0xFF, 0xFC, 0x3F, 0xFE, 0x0F, 0xFE, 0x00, 0x07, 0x38, 0x0F, 0xF8, 0x1F, 0xF8, 0x1D,
    0xF0, 0x00, 0x00, 0x00, 0x00, 0xF8, 0x0F, 0xF8, 0x0F, 0xFC, 0x0F, 0xFE, 0x0F, 0xFF, 0x0F, 0xFF,
    0x0F, 0xFF, 0x8F, 0xFF, 0xCF, 0xF7, 0xCF, 0xF7, 0xEF, 0xF3, 0xFF, 0xF1, 0xFF, 0xF0, 0xFF, 0xF0,
    0xFF, 0xF0, 0x7F, 0xF0, 0x3F, 0xF0, 0x1F, 0xF0, 0x1F, 0x03, 0x00, 0x00, 0xF0, 0x00, 0x3F, 0x00,
    0x0F, 0xE0, 0x00, 0xF0, 0x00, 0x00, 0x00, 0x7F, 0x80, 0x7F, 0xF8, 0x3F, 0xFF, 0x1F, 0xFF, 0xE7,
    0xE1, 0xFB, 0xF0, 0x3F, 0xF8, 0x07, 0xFE, 0x01, 0xFF, 0x00, 0x3F, 0xC0, 0x0F, 0xF8, 0x07, 0xFE,
    0x01, 0xFF, 0xC0, 0xFD, 0xF8, 0x7E, 0x7F, 0xFF, 0x8F, 0xFF, 0xC1, 0xFF, 0xE0, 0x1F, 0xE0, 0x00,
    0x30, 0x00, 0x3C, 0x00, 0x3F, 0x80, 0x0F, 0xE0, 0x03, 0xC0, 0x00, 0x00, 0x00, 0x7F, 0x80, 0x7F,
    0xF8, 0x3F, 0xFF, 0x1F, 0xFF, 0xE7, 0xE1, 0xFB, 0xF0, 0x3F, 0xF8, 0x07, 0xFE, 0x01, 0xFF, 0x00,
    0x3F, 0xC0, 0x0F, 0xF8, 0x07, 0xFE, 0x01, 0xFF, 0xC0, 0xFD, 0xF8, 0x7E, 0x7F, 0xFF, 0x8F, 0xFF,
    0xC1, 0xFF, 0xE0, 0x1F, 0xE0, 0x01, 0xE0, 0x01, 0xFE, 0x00, 0xFF, 0xC0, 0x3C, 0xF0, 0x04, 0x18,
    0x00, 0x00, 0x00, 0x7F, 0x80, 0x7F, 0xF8, 0x3F, 0xFF, 0x1F, 0xFF, 0xE7, 0xE1, 0xFB, 0xF0, 0x3F,
    0xF8, 0x07, 0xFE, 0x01, 0xFF, 0x00, 0x3F, 0xC0, 0x0F, 0xF8, 0x07, 0xFE, 0x01, 0xFF, 0xC0, 0xFD,
    0xF8, 0x7E, 0x7F, 0xFF, 0x8F, 0xFF, 0xC1, 0xFF, 0xE0, 0x1F, 0xE0, 0x03, 0x9C, 0x01, 0xFF, 0x00,
    0xFF, 0xC0, 0x3B, 0xE0, 0x00, 0x00, 0x00, 0x00, 0x00, 0x7F, 0x80, 0x7F, 0xF8, 0x3F, 0xFF, 0x1F,
    0xFF, 0xE7, 0xE1, 0xFB, 0xF0, 0x3F, 0xF8, 0x07, 0xFE, 0x01, 0xFF, 0x80, 0x3F, 0xE0, 0x0F, 0xF8,
    0x07, 0xFE, 0x01, 0xFF, 0xC0, 0xFD, 0xF8, 0x7E, 0x7F, 0xFF, 0x8F, 0xFF, 0xC1, 0xFF, 0xE0, 0x1F,
    0xE0, 0x0F, 0x3C, 0x03, 0xCF, 0x00, 0xF3, 0xC0, 0x3C, 0xF0, 0x00, 0x00, 0x00, 0x00, 0x00, 0x7F,
    0x80, 0x7F, 0xF8, 0x3F, 0xFF, 0x1F, 0xFF, 0xE7, 0xE1, 0xFB, 0xF0, 0x3F, 0xF8, 0x07, 0xFE, 0x01,
    0xFF, 0x00, 0x3F, 0xC0, 0x0F, 0xF8, 0x07, 0xFE, 0x01, 0xFF, 0xC0, 0xFD, 0xF8, 0x7E, 0x7F, 0xFF,
    0x8F, 0xFF, 0xC1, 0xFF, 0xE0, 0x1F, 0xE0, 0x00, 0x01, 0x83, 0x1E, 0x3C, 0xFB, 0xF3, 0xFF, 0x0F,
    0xF0, 0x3F, 0x03, 0xF8, 0x3F, 0xE3, 0xFF, 0x9F, 0x7C, 0x71, 0xE1, 0x06, 0x00, 0x00, 0x01, 0x01,
    0xFE, 0xE1, 0xFF, 0xF8, 0xFF, 0xFC, 0x7F, 0xFF, 0x9F, 0x87, 0xEF, 0xC3, 0xFF, 0xE1, 0xFF, 0xF8,
    0x77, 0xFC, 0x38, 0xFF, 0x1E, 0x3F, 0xEF, 0x1F, 0xFB, 0x87, 0xFF, 0xC3, 0xF7, 0xE1, 0xF9, 0xFF,
    0xFE, 0x3F, 0xFF, 0x0F, 0xFF, 0x87, 0x7F, 0x81, 0x80, 0x00, 0x00, 0x00, 0x00, 0x00, 0x00, 0x0E,
    0x00, 0x3F, 0x00, 0x7F, 0x00, 0x7E, 0x00, 0x1C, 0x00, 0x00, 0x78, 0x0F, 0xF0, 0x1F, 0xE0, 0x3F,
    0xC0, 0x7F, 0x80, 0xFF, 0x01, 0xFE, 0x03, 0xFC, 0x07, 0xF8, 0x0F, 0xF0, 0x1F, 0xE0, 0x3F, 0xC0,
    0x7F, 0xC1, 0xFF, 0xC7, 0xEF, 0xFF, 0x9F, 0xFF, 0x1F, 0xFC, 0x0F, 0xE0, 0x00, 0x00, 0x03, 0x80,
    0x0F, 0x80, 0x7F, 0x00, 0xFC, 0x00, 0xC0, 0x00, 0x00, 0x78, 0x0F, 0xF0, 0x1F, 0xE0, 0x3F, 0xC0,
    0x7F, 0x80, 0xFF, 0x01, 0xFE, 0x03, 0xFC, 0x07, 0xF8, 0x0F, 0xF0, 0x1F, 0xE0, 0x3F, 0xC0, 0x7F,
    0xC1, 0xFF, 0xC7, 0xEF, 0xFF, 0x9F, 0xFF, 0x1F, 0xFC, 0x0F, 0xE0, 0x07, 0xC0, 0x1F, 0xC0, 0x7F,
    0xC0, 0xF7, 0x80, 0x82, 0x00, 0x00, 0x3C, 0x07, 0xF8, 0x0F, 0xF0, 0x1F, 0xE0, 0x3F, 0xC0, 0x7F,
    0x80, 0xFF, 0x01, 0xFE, 0x03, 0xFC, 0x07, 0xF8, 0x0F, 0xF0, 0x1F, 0xE0, 0x3F, 0xE0, 0xFF, 0xE3,
    0xF7, 0xFF, 0xCF, 0xFF, 0x8F, 0xFE, 0x07, 0xF0, 0x3C, 0x78, 0x78, 0xF0, 0xF1, 0xE1, 0xE3, 0xC0,
    0x00, 0x00, 0x00, 0x3C, 0x07, 0xF8, 0x0F, 0xF0, 0x1F, 0xE0, 0x3F, 0xC0, 0x7F, 0x80, 0xFF, 0x01,
    0xFE, 0x03, 0xFC, 0x07, 0xF8, 0x0F, 0xF0, 0x1F, 0xE0, 0x3F, 0xE0, 0xFF, 0xE3, 0xF7, 0xFF, 0xCF,
    0xFF, 0x8F, 0xFE, 0x07, 0xF0, 0x00, 0x00, 0x00, 0x1C, 0x00, 0x1F, 0x00, 0x0F, 0xC0, 0x03, 0xE0,
    0x00, 0xC0, 0x00, 0x00, 0x03, 0xF0, 0x3F, 0x7C, 0x1F, 0x9F, 0x87, 0xC3, 0xF3, 0xF0, 0x7C, 0xF8,
    0x1F, 0xFC, 0x03, 0xFF, 0x00, 0x7F, 0x80, 0x0F, 0xC0, 0x03, 0xF0, 0x00, 0x78, 0x00, 0x1E, 0x00,
    0x07, 0x80, 0x01, 0xE0, 0x00, 0x78, 0x00, 0x1E, 0x00, 0x07, 0x80, 0x01, 0xE0, 0x00, 0xF0, 0x03,
    0xC0, 0x0F, 0x00, 0x3F, 0xF8, 0xFF, 0xF3, 0xFF, 0xEF, 0xFF, 0xBC, 0x3E, 0xF0, 0x7B, 0xC3, 0xEF,
    0x0F, 0xBF, 0xFE, 0xFF, 0xF3, 0xFF, 0x8F, 0xFC, 0x3C, 0x00, 0xF0, 0x03, 0xC0, 0x00, 0x07, 0xF0,
    0x1F, 0xF8, 0x1F, 0xFC, 0x3F, 0xFC, 0x3E, 0x7C, 0xFC, 0x7C, 0xFC, 0xF8, 0xFC, 0xFC, 0xFC, 0xFE,
    0x3C, 0x7F, 0x3C, 0x3F, 0x3C, 0x1F, 0x3C, 0x0F, 0x3C, 0x1F, 0x3C, 0xFF, 0x3D, 0xFF, 0x3D, 0xFE,
    0x3D, 0xFC, 0x06, 0x00, 0x3C, 0x00, 0xF8, 0x03, 0xF0, 0x03, 0xC0, 0x03, 0x00, 0x00, 0x07, 0xEF,
    0x3F, 0xFD, 0xFF, 0xFF, 0xFF, 0xFE, 0x1F, 0xF8, 0x7F, 0xC0, 0xFF, 0x03, 0xFE, 0x1F, 0xF8, 0x7F,
    0xFF, 0xF7, 0xFF, 0xCF, 0xFF, 0x1F, 0xBC, 0x00, 0x80, 0x07, 0x00, 0x7E, 0x03, 0xF0, 0x0F, 0x80,
    0x18, 0x00, 0x00, 0x07, 0xEF, 0x3F, 0xFD, 0xFF, 0xFF, 0xFF, 0xFE, 0x1F, 0xF8, 0x7F, 0xC0, 0xFF,
    0x03, 0xFE, 0x1F, 0xF8, 0x7F, 0xFF, 0xF7, 0xFF, 0xCF, 0xFF, 0x1F, 0xBC, 0x03, 0x80, 0x1F, 0x00,
    0xFE, 0x07, 0xFC, 0x1C, 0x70, 0x00, 0x80, 0x00, 0x07, 0xEF, 0x3F, 0xFD, 0xFF, 0xFF, 0xFF, 0xFE,
    0x1F, 0xF8, 0x7F, 0xC0, 0xFF, 0x03, 0xFE, 0x1F, 0xF8, 0x7F, 0xFF, 0xF7, 0xFF, 0xCF, 0xFF, 0x1F,
    0xBC, 0x0F, 0x70, 0x7F, 0xC1, 0xFF, 0x07, 0x7C, 0x1C, 0xE0, 0x00, 0x01, 0xFB, 0xCF, 0xFF, 0x7F,
    0xFF, 0xFF, 0xFF, 0x87, 0xFE, 0x1F, 0xF0, 0x3F, 0xC0, 0xFF, 0x87, 0xFE, 0x1F, 0xFF, 0xFD, 0xFF,
    0xF3, 0xFF, 0xC7, 0xEF, 0x3C, 0xF0, 0xF3, 0xC3, 0xCF, 0x0F, 0x3C, 0x00, 0x00, 0x00, 0x00, 0x00,
    0x07, 0xEF, 0x3F, 0xFD, 0xFF, 0xFF, 0xFF, 0xFE, 0x1F, 0xF8, 0x7F, 0xC0, 0xFF, 0x03, 0xFE, 0x1F,
    0xF8, 0x7F, 0xFF, 0xF7, 0xFF, 0xCF, 0xFF, 0x1F, 0xBC, 0x07, 0x80, 0x3F, 0x00, 0xFC, 0x03, 0xF0,
    0x0F, 0xC0, 0x1E, 0x00, 0x00, 0x00, 0x00, 0x1F, 0xBC, 0xFF, 0xF7, 0xFF, 0xFF, 0xFF, 0xF8, 0x7F,
    0xE1, 0xFF, 0x03, 0xFC, 0x0F, 0xF8, 0x7F, 0xE1, 0xFF, 0xFF, 0xDF, 0xFF, 0x3F, 0xFC, 0x7E, 0xF0,
    0x1F, 0xDF, 0xC3, 0xFF, 0xFF, 0x3F, 0xFF, 0xFC, 0xFF, 0xFF, 0xF3, 0x1F, 0x8F, 0x83, 0xFF, 0xFD,
    0xFF, 0xFF, 0xFF, 0xFF, 0xFF, 0xF8, 0xF8, 0x07, 0x87, 0xE1, 0xBF, 0xFF, 0xFD, 0xFF, 0xFF, 0xFF,
    0xFB, 0xFF, 0x1F, 0x8F, 0xF0, 0x1F, 0xC3, 0xFF, 0x7F, 0xFF, 0xFE, 0xF8, 0x6F, 0x80, 0xF0, 0x0F,
    0x00, 0xF8, 0x0F, 0x86, 0xFF, 0xE7, 0xFF, 0x3F, 0xF1, 0xFC, 0x06, 0x00, 0xF8, 0x07, 0x80, 0x78,
    0x0F, 0x80, 0xF0, 0x04, 0x00, 0x70, 0x07, 0xC0, 0x1F, 0x80, 0x7C, 0x00, 0xC0, 0x00, 0x03, 0xF8,
    0x3F, 0xE3, 0xFF, 0xBF, 0xFF, 0xF1, 0xFF, 0xFF, 0xFF, 0xFF, 0xFF, 0xFF, 0x00, 0xFC, 0x27, 0xFF,
    0x9F, 0xFE, 0x7F, 0xE1, 0xFE, 0x00, 0x01, 0x80, 0x1C, 0x01, 0xF0, 0x1F, 0x80, 0xF0, 0x06, 0x00,
    0x00, 0x03, 0xF8, 0x3F, 0xE3, 0xFF, 0xBF, 0xFF, 0xF1, 0xFF, 0xFF, 0xFF, 0xFF, 0xFF, 0xFF, 0x00,
    0xFC, 0x27, 0xFF, 0x9F, 0xFE, 0x7F, 0xE1, 0xFE, 0x00, 0x07, 0x80, 0x7E, 0x07, 0xF8, 0x7F, 0xE3,
    0xCF, 0x00, 0x10, 0x00, 0x03, 0xF8, 0x3F, 0xE3, 0xFF, 0xBF, 0xFF, 0xF1, 0xFF, 0xFF, 0xFF, 0xFF,
    0xFF, 0xFF, 0x00, 0xFC, 0x27, 0xFF, 0x9F, 0xFE, 0x7F, 0xE1, 0xFE, 0x00, 0x3C, 0xF1, 0xE7, 0x8F,
    0x3C, 0x79, 0xE0, 0x00, 0x00, 0x00, 0x00, 0x03, 0xF8, 0x3F, 0xE3, 0xFF, 0xBF, 0xFF, 0xF0, 0xFF,
    0xFF, 0xFF, 0xFF, 0xFF, 0xFF, 0x00, 0xFC, 0x27, 0xFF, 0x9F, 0xFE, 0x7F, 0xF1, 0xFE, 0x00, 0x00,
    0xC1, 0xE7, 0xE7, 0xE3, 0xC1, 0x00, 0x3C, 0x78, 0xF1, 0xE3, 0xC7, 0x8F, 0x1E, 0x3C, 0x78, 0xF1,
    0xE3, 0xC7, 0x80, 0x00, 0x0C, 0x1E, 0x3E, 0x7C, 0x78, 0x20, 0x00, 0x3C, 0x3C, 0x3C, 0x3C, 0x3C,
    0x3C, 0x3C, 0x3C, 0x3C, 0x3C, 0x3C, 0x3C, 0x3C, 0x3C, 0x1E, 0x1F, 0xEF, 0xFF, 0xCF, 0x00, 0x00,
    0x01, 0xE0, 0x78, 0x1E, 0x07, 0x81, 0xE0, 0x78, 0x1E, 0x07, 0x81, 0xE0, 0x78, 0x1E, 0x07, 0x81,
    0xE0, 0x78, 0xF3, 0xDE, 0x7B, 0xCF, 0x79, 0xE0, 0x00, 0x00, 0x00, 0x00, 0xF0, 0x1E, 0x03, 0xC0,
    0x78, 0x0F, 0x01, 0xE0, 0x3C, 0x07, 0x80, 0xF0, 0x1E, 0x03, 0xC0, 0x78, 0x0F, 0x01, 0xE0, 0x0E,
    0x00, 0x7C, 0x07, 0xFC, 0x1F, 0xE1, 0xFE, 0x0F, 0xF8, 0x7F, 0xC7, 0xFF, 0x7F, 0xFF, 0xFF, 0xFE,
    0x3F, 0xF1, 0xFF, 0x07, 0xF8, 0x3F, 0xE3, 0xFF, 0x1F, 0xFF, 0xF3, 0xFF, 0x8F, 0xF8, 0x3F, 0x80,
    0x1E, 0x70, 0xFB, 0x8F, 0xFC, 0x7F, 0xE1, 0x9E, 0x00, 0x03, 0xDF, 0x9F, 0xFE, 0xFF, 0xFF, 0xFF,
    0xFE, 0x3F, 0xE0, 0xFF, 0x07, 0xF8, 0x3F, 0xC1, 0xFE, 0x0F, 0xF0, 0x7F, 0x83, 0xFC, 0x1F, 0xE0,
    0xF0, 0x04, 0x00, 0x1C, 0x00, 0x7E, 0x00, 0x7E, 0x00, 0x3C, 0x00, 0x30, 0x00, 0x00, 0x0F, 0xF0,
    0x3F, 0xF0, 0xFF, 0xF3, 0xFF, 0xF7, 0xC3, 0xEF, 0x87, 0xDE, 0x07, 0xBC, 0x0F, 0x7C, 0x3E, 0xF8,
    0x7D, 0xFF, 0xF9, 0xFF, 0xE1, 0xFF, 0x81, 0xFE, 0x00, 0x01, 0x80, 0x07, 0x80, 0x1F, 0x00, 0x7E,
    0x00, 0xF0, 0x00, 0x80, 0x00, 0x00, 0x0F, 0xF0, 0x3F, 0xF0, 0xFF, 0xF3, 0xFF, 0xF7, 0xC3, 0xEF,
    0x87, 0xDE, 0x07, 0xBC, 0x0F, 0x7C, 0x3E, 0xF8, 0x7D, 0xFF, 0xF9, 0xFF, 0xE1, 0xFF, 0x81, 0xFE,
    0x00, 0x07, 0x80, 0x1F, 0x80, 0x7F, 0x81, 0xFF, 0x83, 0xCF, 0x00, 0x04, 0x00, 0x00, 0x0F, 0xF0,
    0x3F, 0xF0, 0xFF, 0xF3, 0xFF, 0xF7, 0xC3, 0xEF, 0x87, 0xDE, 0x07, 0xBC, 0x0F, 0x7C, 0x3E, 0xF8,
    0x7D, 0xFF, 0xF9, 0xFF, 0xE1, 0xFF, 0x81, 0xFE, 0x00, 0x1E, 0x70, 0x3F, 0xE0, 0xFF, 0xC1, 0xDF,
    0x01, 0x9C, 0x00, 0x00, 0x07, 0xF8, 0x1F, 0xF8, 0x7F, 0xF9, 0xFF, 0xFB, 0xE1, 0xF7, 0xC3, 0xEF,
    0x03, 0xDE, 0x07, 0xBE, 0x1F, 0x7C, 0x3E, 0xFF, 0xFC, 0xFF, 0xF0, 0xFF, 0xC0, 0xFF, 0x00, 0x3C,
    0xF0, 0x79, 0xE0, 0xF3, 0xC1, 0xE7, 0x80, 0x00, 0x00, 0x00, 0x00, 0x00, 0x0F, 0xF0, 0x3F, 0xF0,
    0xFF, 0xF3, 0xFF, 0xF7, 0xC3, 0xEF, 0x87, 0xDE, 0x07, 0xBC, 0x0F, 0x7C, 0x3E, 0xF8, 0x7D, 0xFF,
    0xF9, 0xFF, 0xE1, 0xFF, 0x81, 0xFE, 0x00, 0x0F, 0x00, 0x78, 0x03, 0xC0, 0x1E, 0x00, 0x00, 0x7F,
    0xFF, 0xFF, 0xFF, 0xFF, 0xFF, 0xF8, 0x00, 0x03, 0xC0, 0x1E, 0x00, 0xF0, 0x07, 0x80, 0x00, 0x10,
    0x3F, 0xF8, 0xFF, 0xE3, 0xFF, 0xCF, 0xFF, 0xDF, 0x3F, 0xBE, 0xFF, 0x79, 0xDE, 0xF7, 0x3D, 0xFE,
    0xFB, 0xF9, 0xF7, 0xFF, 0xE7, 0xFF, 0x8F, 0xFE, 0x3F, 0xF8, 0x30, 0x00, 0x00, 0x00, 0x60, 0x07,
    0x80, 0x3F, 0x00, 0xFC, 0x01, 0xC0, 0x06, 0x00, 0x00, 0xF0, 0x7F, 0x83, 0xFC, 0x1F, 0xE0, 0xFF,
    0x07, 0xF8, 0x3F, 0xC1, 0xFE, 0x0F, 0xF0, 0x7F, 0xC7, 0xFF, 0xFF, 0xFF, 0xF7, 0xFF, 0x9F, 0xBC,
    0x00, 0x00, 0x0C, 0x01, 0xF0, 0x1F, 0x81, 0xF8, 0x0F, 0x00, 0x20, 0x00, 0x00, 0xF0, 0x7F, 0x83,
    0xFC, 0x1F, 0xE0, 0xFF, 0x07, 0xF8, 0x3F, 0xC1, 0xFE, 0x0F, 0xF0, 0x7F, 0xC7, 0xFF, 0xFF, 0xFF,
    0xF7, 0xFF, 0x9F, 0xBC, 0x07, 0x00, 0x7C, 0x07, 0xF8, 0x7F, 0xE3, 0x8E, 0x00, 0x00, 0x00, 0x1E,
    0x0F, 0xF0, 0x7F, 0x83, 0xFC, 0x1F, 0xE0, 0xFF, 0x07, 0xF8, 0x3F, 0xC1, 0xFE, 0x0F, 0xF8, 0xFF,
    0xFF, 0xFF, 0xFE, 0xFF, 0xF3, 0xF7, 0x80, 0x79, 0xE3, 0xCF, 0x1E, 0x78, 0xF3, 0xC0, 0x00, 0x00,
    0x00, 0x00, 0x1E, 0x0F, 0xF0, 0x7F, 0x83, 0xFC, 0x1F, 0xE0, 0xFF, 0x07, 0xF8, 0x3F, 0xC1, 0xFE,
    0x0F, 0xF8, 0xFF, 0xFF, 0xFF, 0xFE, 0xFF, 0xF3, 0xF7, 0x80, 0x00, 0x00, 0x00, 0xC0, 0x01, 0xE0,
    0x03, 0xF0, 0x07, 0xE0, 0x07, 0x80, 0x02, 0x00, 0x00, 0x00, 0xFC, 0x1F, 0x7C, 0x3F, 0x7E, 0x3E,
    0x3E, 0x3E, 0x3E, 0x7C, 0x1F, 0x7C, 0x1F, 0x7C, 0x1F, 0xF8, 0x0F, 0xF8, 0x0F, 0xF0, 0x07, 0xF0,
    0x07, 0xF0, 0x03, 0xE0, 0x03, 0xE0, 0x03, 0xC0, 0x07, 0xC0, 0x07, 0xC0, 0x07, 0x80, 0x0F, 0x80,
    0x0F, 0x00, 0xF0, 0x03, 0xC0, 0x0F, 0x00, 0x3C, 0x00, 0xF0, 0x03, 0xDF, 0x8F, 0xFF, 0x3F, 0xFE,
    0xFF, 0xFF, 0xE1, 0xFF, 0x87, 0xFC, 0x0F, 0xF0, 0x3F, 0xE1, 0xFF, 0x87, 0xFF, 0xFF, 0xFF, 0xFB,
    0xFF, 0xCF, 0x7E, 0x3C, 0x00, 0xF0, 0x03, 0xC0, 0x0F, 0x00, 0x3C, 0x00, 0xF0, 0x00, 0x1E, 0x78,
    0x1E, 0x78, 0x1E, 0x78, 0x1E, 0x78, 0x00, 0x00, 0x00, 0x00, 0xFC, 0x1F, 0x7C, 0x3E, 0x7C, 0x3E,
    0x3E, 0x3C, 0x3E, 0x7C, 0x3E, 0x7C, 0x1F, 0x78, 0x1F, 0xF8, 0x0F, 0xF0, 0x0F, 0xF0, 0x07, 0xF0,
    0x07, 0xE0, 0x07, 0xE0, 0x03, 0xC0, 0x03, 0xC0, 0x07, 0xC0, 0x07, 0x80, 0x0F, 0x80, 0x0F, 0x80,
    0x0F, 0x00, 0x07, 0xFC, 0x00, 0xFF, 0x80, 0x1F, 0xF0, 0x00, 0x00, 0x00, 0x00, 0x00, 0x03, 0xE0,
    0x00, 0x7C, 0x00, 0x1F, 0xC0, 0x03, 0xF8, 0x00, 0x7F, 0x00, 0x1F, 0xF0, 0x03, 0xFE, 0x00, 0xFB,
    0xE0, 0x1F, 0x7C, 0x03, 0xCF, 0x80, 0xF8, 0xF8, 0x1F, 0xFF, 0x03, 0xFF, 0xF0, 0xFF, 0xFE, 0x1F,
    0xFF, 0xC7, 0xC0, 0x7C, 0xF8, 0x0F, 0x9F, 0x01, 0xF0, 0x1F, 0xE0, 0x7F, 0x81, 0xFE, 0x00, 0x00,
    0x00, 0x00, 0x00, 0x01, 0xFB, 0xCF, 0xFF, 0x7F, 0xFF, 0xFF, 0xFF, 0x87, 0xFE, 0x1F, 0xF0, 0x3F,
    0xC0, 0xFF, 0x87, 0xFE, 0x1F, 0xFF, 0xFD, 0xFF, 0xF3, 0xFF, 0xC7, 0xEF, 0x07, 0x1C, 0x00, 0xF7,
    0x80, 0x1F, 0xF0, 0x01, 0xFC, 0x00, 0x1F, 0x00, 0x00, 0x00, 0x00, 0x7C, 0x00, 0x0F, 0x80, 0x01,
    0xF8, 0x00, 0x7F, 0x00, 0x0F, 0xF0, 0x03, 0xFE, 0x00, 0x7F, 0xC0, 0x0F, 0x7C, 0x03, 0xEF, 0x80,
    0x7C, 0xF8, 0x1F, 0x1F, 0x03, 0xFF, 0xE0, 0x7F, 0xFE, 0x1F, 0xFF, 0xC3, 0xFF, 0xF8, 0x78, 0x0F,
    0x9F, 0x01, 0xF3, 0xE0, 0x1F, 0x1C, 0x70, 0x7B, 0xC1, 0xFF, 0x03, 0xF8, 0x07, 0xC0, 0x00, 0x01,
    0xFB, 0xCF, 0xFF, 0x7F, 0xFF, 0xFF, 0xFF, 0x87, 0xFE, 0x1F, 0xF0, 0x3F, 0xC0, 0xFF, 0x87, 0xFE,
    0x1F, 0xFF, 0xFD, 0xFF, 0xF3, 0xFF, 0xC7, 0xEF, 0x01, 0xF0, 0x00, 0x3E, 0x00, 0x0F, 0xE0, 0x01,
    0xFC, 0x00, 0x3F, 0x80, 0x0F, 0xF8, 0x01, 0xFF, 0x00, 0x7D, 0xF0, 0x0F, 0xBE, 0x01, 0xE7, 0xC0,
    0x7C, 0x7C, 0x0F, 0xFF, 0x81, 0xFF, 0xF8, 0x7F, 0xFF, 0x0F, 0xFF, 0xE3, 0xE0, 0x3E, 0x7C, 0x07,
    0xCF, 0x80, 0xF8, 0x00, 0x1E, 0x00, 0x07, 0x00, 0x00, 0xE8, 0x00, 0x1F, 0x80, 0x03, 0xF0, 0x00,
    0x3C, 0x1F, 0xBC, 0xFF, 0xF7, 0xFF, 0xFF, 0xFF, 0xF8, 0x7F, 0xE1, 0xFF, 0x03, 0xFC, 0x0F, 0xF8,
    0x7F, 0xE1, 0xFF, 0xFF, 0xDF, 0xFF, 0x3F, 0xFC, 0x7F, 0xF0, 0x0F, 0x00, 0x38, 0x00, 0xE8, 0x03,
    0xF0, 0x0F, 0xC0, 0x1E, 0x00, 0x30, 0x00, 0xF0, 0x03, 0xF0, 0x03, 0xF0, 0x03, 0x80, 0x00, 0x00,
    0x07, 0xF8, 0x1F, 0xFE, 0x3F, 0xFF, 0x7F, 0xFE, 0x7E, 0x1C, 0xFC, 0x08, 0xF8, 0x00, 0xF8, 0x00,
    0xF0, 0x00, 0xF0, 0x00, 0xF8, 0x00, 0xF8, 0x00, 0xFC, 0x00, 0x7E, 0x0C, 0x7F, 0xFE, 0x3F, 0xFE,
    0x1F, 0xFE, 0x07, 0xF8, 0x01, 0x80, 0x1C, 0x01, 0xF0, 0x1F, 0x80, 0xF0, 0x06, 0x00, 0x00, 0x03,
    0xFC, 0x3F, 0xF3, 0xFF, 0xFF, 0xFD, 0xF0, 0xCF, 0x80, 0x78, 0x03, 0xC0, 0x1F, 0x00, 0xFC, 0x67,
    0xFF, 0x9F, 0xFE, 0x7F, 0xE1, 0xFE, 0x00, 0x01, 0xE0, 0x07, 0xF0, 0x0F, 0xF8, 0x0F, 0x78, 0x04,
    0x18, 0x00, 0x00, 0x07, 0xF8, 0x1F, 0xFE, 0x3F, 0xFF, 0x7F, 0xFE, 0x7E, 0x1C, 0xFC, 0x08, 0xF8,
    0x00, 0xF8, 0x00, 0xF0, 0x00, 0xF0, 0x00, 0xF8, 0x00, 0xF8, 0x00, 0xFC, 0x00, 0x7E, 0x0C, 0x7F,
    0xFE, 0x3F, 0xFE, 0x1F, 0xFE, 0x07, 0xF8, 0x07, 0x80, 0x7E, 0x07, 0xF8, 0x7F, 0xE3, 0x8F, 0x00,
    0x10, 0x00, 0x03, 0xFC, 0x3F, 0xF3, 0xFF, 0xFF, 0xFD, 0xF0, 0xCF, 0x80, 0x78, 0x03, 0xC0, 0x1F,
    0x00, 0xFC, 0x67, 0xFF, 0x9F, 0xFE, 0x7F, 0xE1, 0xFE, 0x00, 0x01, 0xF0, 0x00, 0xF8, 0x00, 0x7C,
    0x00, 0x3E, 0x00, 0x00, 0x00, 0x00, 0x00, 0x1F, 0xF0, 0x3F, 0xFC, 0x3F, 0xFF, 0x3F, 0xFF, 0x9F,
    0x83, 0x9F, 0x80, 0x8F, 0x80, 0x07, 0xC0, 0x03, 0xC0, 0x01, 0xE0, 0x00, 0xF8, 0x00, 0x7C, 0x00,
    0x3F, 0x00, 0x0F, 0xC1, 0xC7, 0xFF, 0xF1, 0xFF, 0xF8, 0x7F, 0xFC, 0x0F, 0xF8, 0x0F, 0x80, 0x7C,
    0x03, 0xE0, 0x1F, 0x00, 0x00, 0x00, 0x00, 0x00, 0x03, 0xF8, 0x3F, 0xF3, 0xFF, 0xBF, 0xFD, 0xF0,
    0xCF, 0x80, 0x78, 0x03, 0xC0, 0x1F, 0x00, 0xF8, 0x67, 0xFF, 0x9F, 0xFC, 0x7F, 0xE1, 0xFC, 0x00,
    0x06, 0x18, 0x0F, 0xFC, 0x07, 0xF8, 0x03, 0xE0, 0x00, 0x00, 0x00, 0x00, 0x07, 0xF8, 0x1F, 0xFE,
    0x3F, 0xFF, 0x7F, 0xFE, 0x7E, 0x1C, 0xFC, 0x08, 0xF8, 0x00, 0xF8, 0x00, 0xF0, 0x00, 0xF0, 0x00,
    0xF8, 0x00, 0xF8, 0x00, 0xFC, 0x00, 0x7E, 0x0C, 0x7F, 0xFE, 0x3F, 0xFE, 0x1F, 0xFE, 0x07, 0xF8,
    0x18, 0x61, 0xEF, 0x87, 0xF8, 0x1F, 0x80, 0x78, 0x00, 0x00, 0x00, 0x03, 0xFC, 0x3F, 0xF3, 0xFF,
    0xFF, 0xFD, 0xF0, 0xCF, 0x80, 0x78, 0x03, 0xC0, 0x1F, 0x00, 0xFC, 0x67, 0xFF, 0x9F, 0xFE, 0x7F,
    0xE1, 0xFE, 0x00, 0x18, 0x70, 0x1F, 0xF0, 0x1F, 0xF0, 0x0F, 0xC0, 0x03, 0x80, 0x00, 0x00, 0xFF,
    0xE0, 0xFF, 0xF8, 0xFF, 0xFC, 0xFF, 0xFE, 0xF0, 0x7E, 0xF0, 0x1F, 0xF0, 0x1F, 0xF0, 0x1F, 0xF0,
    0x0F, 0xF0, 0x0F, 0xF0, 0x1F, 0xF0, 0x1F, 0xF0, 0x1F, 0xF0, 0x7E, 0xFF, 0xFE, 0xFF, 0xFC, 0xFF,
    0xF8, 0xFF, 0xE0, 0x00, 0x3C, 0xF0, 0x03, 0xCF, 0x00, 0x3C, 0xF0, 0x03, 0xC7, 0x00, 0x3C, 0xF1,
    0xFB, 0xCE, 0x3F, 0xFC, 0x87, 0xFF, 0xC0, 0xFF, 0xFC, 0x0F, 0x87, 0xC0, 0xF8, 0x7C, 0x0F, 0x03,
    0xC0, 0xF0, 0x3C, 0x0F, 0x87, 0xC0, 0xF8, 0x7C, 0x0F, 0xFF, 0xC0, 0x7F, 0xFC, 0x03, 0xFF, 0xC0,
    0x1F, 0xBC, 0x00, 0x3F, 0xF8, 0x0F, 0xFF, 0x83, 0xFF, 0xF0, 0xFF, 0xFE, 0x3C, 0x1F, 0x8F, 0x01,
    0xF3, 0xC0, 0x7F, 0xFE, 0x1F, 0xFF, 0x83, 0xFF, 0xE0, 0xFF, 0xF8, 0x7C, 0xF0, 0x1F, 0x3C, 0x07,
    0xCF, 0x07, 0xE3, 0xFF, 0xF8, 0xFF, 0xFC, 0x3F, 0xFE, 0x0F, 0xFE, 0x00, 0x00, 0x3C, 0x00, 0x78,
    0x07, 0xF8, 0x0F, 0xF0, 0x1F, 0xE0, 0x3F, 0xC7, 0xEF, 0x1F, 0xFE, 0x7F, 0xFD, 0xFF, 0xFB, 0xE1,
    0xF7, 0xC3, 0xEF, 0x03, 0xDE, 0x07, 0xBE, 0x1F, 0x7C, 0x3E, 0xFF, 0xFC, 0xFF, 0xF8, 0xFF, 0xF0,
    0xFD, 0xE0, 0x3F, 0xE1, 0xFF, 0x0F, 0xF8, 0x00, 0x00, 0x00, 0x7F, 0xFB, 0xFF, 0xDF, 0xFE, 0xFF,
    0xF7, 0x80, 0x3C, 0x01, 0xE0, 0x0F, 0xFE, 0x7F, 0xF3, 0xFF, 0x9F, 0xFC, 0xF0, 0x07, 0x80, 0x3C,
    0x01, 0xFF, 0xFF, 0xFF, 0xFF, 0xFF, 0xFF, 0xE0, 0x1F, 0xE0, 0xFF, 0x07, 0xF8, 0x00, 0x00, 0x00,
    0x00, 0x00, 0x7F, 0x07, 0xFC, 0x7F, 0xF7, 0xFF, 0xFE, 0x3F, 0xFF, 0xFF, 0xFF, 0xFF, 0xFF, 0xE0,
    0x1F, 0x84, 0xFF, 0xF3, 0xFF, 0xCF, 0xFC, 0x3F, 0xC0, 0x38, 0xE1, 0xEF, 0x0F, 0xF8, 0x3F, 0x80,
    0xF8, 0x00, 0x03, 0xFF, 0xDF, 0xFE, 0xFF, 0xF7, 0xFF, 0xBC, 0x01, 0xE0, 0x0F, 0x00, 0x7F, 0xF3,
    0xFF, 0x9F, 0xFC, 0xFF, 0xE7, 0x80, 0x3C, 0x01, 0xE0, 0x0F, 0xFF, 0xFF, 0xFF, 0xFF, 0xFF, 0xFF,
    0x3C, 0xE1, 0xEF, 0x07, 0xF8, 0x3F, 0x80, 0xF8, 0x00, 0x00, 0x7F, 0x07, 0xFC, 0x7F, 0xF7, 0xFF,
    0xFE, 0x3F, 0xFF, 0xFF, 0xFF, 0xFF, 0xFF, 0xE0, 0x1F, 0x84, 0xFF, 0xF3, 0xFF, 0xCF, 0xFC, 0x3F,
    0xC0, 0x0F, 0x80, 0x7C, 0x03, 0xE0, 0x1F, 0x00, 0x00, 0x00, 0x03, 0xFF, 0xDF, 0xFE, 0xFF, 0xF7,
    0xFF, 0xBC, 0x01, 0xE0, 0x0F, 0x00, 0x7F, 0xF3, 0xFF, 0x9F, 0xFC, 0xFF, 0xE7, 0x80, 0x3C, 0x01,
    0xE0, 0x0F, 0xFF, 0xFF, 0xFF, 0xFF, 0xFF, 0xFF, 0x0F, 0x80, 0x7C, 0x03, 0xE0, 0x1F, 0x00, 0x00,
    0x00, 0x00, 0x00, 0x03, 0xF8, 0x3F, 0xE3, 0xFF, 0xBF, 0xFF, 0xF1, 0xFF, 0xFF, 0xFF, 0xFF, 0xFF,
    0xFF, 0x00, 0xFC, 0x27, 0xFF, 0x9F, 0xFE, 0x7F, 0xE1, 0xFE, 0x00, 0xFF, 0xF7, 0xFF, 0xBF, 0xFD,
    0xFF, 0xEF, 0x00, 0x78, 0x03, 0xC0, 0x1F, 0xFC, 0xFF, 0xE7, 0xFF, 0x3F, 0xF9, 0xE0, 0x0F, 0x00,
    0x78, 0x03, 0xFF, 0xFF, 0xFF, 0xFF, 0xFF, 0xFF, 0xC0, 0x78, 0x07, 0x80, 0x3A, 0x01, 0xF8, 0x0F,
    0xC0, 0x3E, 0x1F, 0xC1, 0xFF, 0x1F, 0xFD, 0xFF, 0xEF, 0x8F, 0xFC, 0x3F, 0xFF, 0xFF, 0xFF, 0xFF,
    0xFF, 0xE0, 0x3F, 0xFC, 0xFF, 0xF3, 0xFF, 0x0F, 0xF0, 0x0F, 0x00, 0x70, 0x03, 0xA0, 0x1F, 0x80,
    0xFC, 0x03, 0xC0, 0x30, 0xC1, 0xFF, 0x0F, 0xF0, 0x3F, 0x00, 0x70, 0x00, 0x03, 0xFF, 0xDF, 0xFE,
    0xFF, 0xF7, 0xFF, 0xBC, 0x01, 0xE0, 0x0F, 0x00, 0x7F, 0xF3, 0xFF, 0x9F, 0xFC, 0xFF, 0xE7, 0x80,
    0x3C, 0x01, 0xE0, 0x0F, 0xFF, 0xFF, 0xFF, 0xFF, 0xFF, 0xFF, 0x18, 0x61, 0xEF, 0x87, 0xF8, 0x1F,
    0x80, 0x78, 0x00, 0x00, 0x00, 0x03, 0xF8, 0x3F, 0xE3, 0xFF, 0xBF, 0xFF, 0xF1, 0xFF, 0xFF, 0xFF,
    0xFF, 0xFF, 0xFF, 0x00, 0xFC, 0x27, 0xFF, 0x9F, 0xFE, 0x7F, 0xE1, 0xFE, 0x00, 0x01, 0xE0, 0x01,
    0xFC, 0x00, 0xFF, 0x80, 0x3D, 0xE0, 0x04, 0x18, 0x00, 0x00, 0x00, 0x7F, 0x80, 0x7F, 0xF8, 0x3F,
    0xFF, 0x1F, 0xFF, 0xC7, 0xE0, 0xE3, 0xF0, 0x00, 0xF8, 0x00, 0x3E, 0x3F, 0xEF, 0x0F, 0xFB, 0xC3,
    0xFE, 0xF8, 0xFF, 0xBE, 0x01, 0xEF, 0xC0, 0xF9, 0xF8, 0x7E, 0x7F, 0xFF, 0x0F, 0xFF, 0x81, 0xFF,
    0xC0, 0x1F, 0xE0, 0x07, 0xC0, 0x1F, 0xC0, 0x7F, 0xC0, 0xE3, 0x80, 0x02, 0x00, 0x00, 0x07, 0xEF,
    0x1F, 0xFE, 0x7F, 0xFD, 0xFF, 0xFB, 0xE1, 0xF7, 0xC3, 0xEF, 0x03, 0xDE, 0x07, 0xBE, 0x1F, 0x7C,
    0x3E, 0xFF, 0xFC, 0xFF, 0xF8, 0xFF, 0xF0, 0xFD, 0xE0, 0x07, 0xC6, 0x0F, 0x8F, 0xFF, 0x3F, 0xFC,
    0x7F, 0xF0, 0x3F, 0xC0, 0x06, 0x18, 0x03, 0xCF, 0x00, 0x7F, 0x80, 0x1F, 0xE0, 0x03, 0xF0, 0x00,
    0x00, 0x00, 0x00, 0x00, 0x1F, 0xE0, 0x1F, 0xFE, 0x0F, 0xFF, 0xC7, 0xFF, 0xF1, 0xF8, 0x38, 0xFC,
    0x00, 0x3E, 0x00, 0x0F, 0x8F, 0xFB, 0xC3, 0xFE, 0xF0, 0xFF, 0xBE, 0x3F, 0xEF, 0x80, 0x7B, 0xF0,
    0x3E, 0x7E, 0x1F, 0x9F, 0xFF, 0xC3, 0xFF, 0xE0, 0x7F, 0xF0, 0x07, 0xF8, 0x00, 0x1C, 0x70, 0x3D,
    0xE0, 0x7F, 0xC0, 0x7F, 0x00, 0x7C, 0x00, 0x00, 0x07, 0xEF, 0x1F, 0xFE, 0x7F, 0xFD, 0xFF, 0xFB,
    0xE1, 0xF7, 0xC3, 0xEF, 0x03, 0xDE, 0x07, 0xBE, 0x1F, 0x7C, 0x3E, 0xFF, 0xFC, 0xFF, 0xF8, 0xFF,
    0xF0, 0xFD, 0xE0, 0x07, 0xC6, 0x0F, 0x8F, 0xFF, 0x3F, 0xFC, 0x7F, 0xF0, 0x3F, 0xC0, 0x01, 0xF0,
    0x00, 0x7C, 0x00, 0x1F, 0x00, 0x07, 0xC0, 0x00, 0x00, 0x00, 0x00, 0x00, 0x7F, 0x80, 0x7F, 0xF8,
    0x3F, 0xFF, 0x1F, 0xFF, 0xC7, 0xE0, 0xE3, 0xF0, 0x00, 0xF8, 0x00, 0x3E, 0x1F, 0xEF, 0x07, 0xFB,
    0xC1, 0xFE, 0xF8, 0x7F, 0xBE, 0x01, 0xEF, 0xC0, 0xF9, 0xF8, 0x7E, 0x7F, 0xFF, 0x0F, 0xFF, 0x81,
    0xFF, 0xC0, 0x1F, 0xE0, 0x07, 0xC0, 0x0F, 0x80, 0x1F, 0x00, 0x3E, 0x00, 0x00, 0x00, 0x00, 0x00,
    0x00, 0x0F, 0xDE, 0x3F, 0xFC, 0xFF, 0xFB, 0xFF, 0xF7, 0xC3, 0xEF, 0x87, 0xDE, 0x07, 0xBC, 0x0F,
    0x7C, 0x3E, 0xF8, 0x7D, 0xFF, 0xF9, 0xFF, 0xF1, 0xFF, 0xE1, 0xFB, 0xC0, 0x0F, 0x8C, 0x1F, 0x1F,
    0xFE, 0x7F, 0xF8, 0xFF, 0xE0, 0x7F, 0x80, 0x07, 0xF8, 0x07, 0xFF, 0x83, 0xFF, 0xF1, 0xFF, 0xFC,
    0x7E, 0x0E, 0x3F, 0x00, 0x0F, 0x80, 0x03, 0xE1, 0xFE, 0xF0, 0x7F, 0xBC, 0x1F, 0xEF, 0x87, 0xFB,
    0xE0, 0x1E, 0xFC, 0x0F, 0x9F, 0x87, 0xE7, 0xFF, 0xF0, 0xFF, 0xF8, 0x1F, 0xFC, 0x01, 0xFE, 0x00,
    0x00, 0x00, 0x07, 0x80, 0x01, 0xE0, 0x00, 0x78, 0x00, 0x0E, 0x00, 0x07, 0x80, 0x01, 0xC0, 0x00,
    0x60, 0x00, 0x00, 0x00, 0x03, 0x00, 0x0F, 0x00, 0x38, 0x00, 0x78, 0x00, 0xF0, 0x01, 0xE0, 0x01,
    0x80, 0x00, 0x00, 0x3F, 0x78, 0xFF, 0xF3, 0xFF, 0xEF, 0xFF, 0xDF, 0x0F, 0xBE, 0x1F, 0x78, 0x1E,
    0xF0, 0x3D, 0xF0, 0xFB, 0xE1, 0xF7, 0xFF, 0xE7, 0xFF, 0xC7, 0xFF, 0x87, 0xEF, 0x00, 0x3E, 0x30,
    0x7C, 0x7F, 0xF9, 0xFF, 0xE3, 0xFF, 0x81, 0xFE, 0x00, 0x03, 0x80, 0x1F, 0xC0, 0x7F, 0xC0, 0xF7,
    0x80, 0x82, 0x00, 0x00, 0x3C, 0x07, 0xF8, 0x0F, 0xF0, 0x1F, 0xE0, 0x3F, 0xC0, 0x7F, 0x80, 0xFF,
    0x01, 0xFF, 0xFF, 0xFF, 0xFF, 0xFF, 0xFF, 0xFF, 0xFF, 0xE0, 0x3F, 0xC0, 0x7F, 0x80, 0xFF, 0x01,
    0xFE, 0x03, 0xFC, 0x07, 0xF8, 0x0F, 0x07, 0x00, 0xFE, 0x0F, 0xF8, 0x7B, 0xC1, 0x04, 0x00, 0x03,
    0xC0, 0x1E, 0x00, 0xF0, 0x07, 0x80, 0x3C, 0x01, 0xEF, 0xCF, 0xFF, 0x7F, 0xFF, 0xFF, 0xFF, 0x1F,
    0xF0, 0x7F, 0x83, 0xFC, 0x1F, 0xE0, 0xFF, 0x07, 0xF8, 0x3F, 0xC1, 0xFE, 0x0F, 0xF0, 0x78, 0x3C,
    0x07, 0x87, 0x80, 0xF3, 0xFF, 0xFF, 0xFF, 0xFF, 0xFF, 0xFF, 0xFF, 0xFF, 0xFF, 0xCF, 0x01, 0xE1,
    0xFF, 0xFC, 0x3F, 0xFF, 0x87, 0xFF, 0xF0, 0xFF, 0xFE, 0x1E, 0x03, 0xC3, 0xC0, 0x78, 0x78, 0x0F,
    0x0F, 0x01, 0xE1, 0xE0, 0x3C, 0x3C, 0x07, 0x87, 0x80, 0xF0, 0x00, 0x00, 0x78, 0x03, 0xFE, 0x07,
    0xFC, 0x0F, 0xF8, 0x1F, 0xF0, 0x0F, 0x7E, 0x1F, 0xFE, 0x3F, 0xFE, 0x7F, 0xFC, 0xF8, 0xF9, 0xE0,
    0xF3, 0xC1, 0xE7, 0x83, 0xCF, 0x07, 0x9E, 0x0F, 0x3C, 0x1E, 0x78, 0x3C, 0xF0, 0x79, 0xE0, 0xF0,
    0x39, 0xDF, 0xFF, 0xFF, 0xBE, 0x00, 0x00, 0x0F, 0xFF, 0xFF, 0xFF, 0xFF, 0xF1, 0xE0, 0x78, 0x1E,
    0x07, 0x81, 0xE0, 0x78, 0x1E, 0x07, 0x81, 0xE0, 0x78, 0xFF, 0xFF, 0xFF, 0xFF, 0xFF, 0x79, 0xDF,
    0x7F, 0xFF, 0xBE, 0x67, 0x00, 0x01, 0xE0, 0x78, 0x1E, 0x07, 0x81, 0xE0, 0x78, 0x1E, 0x07, 0x81,
    0xE0, 0x78, 0x1E, 0x07, 0x81, 0xE0, 0x78, 0x7F, 0xDF, 0xF7, 0xFC, 0x00, 0x00, 0x3F, 0xFF, 0xFF,
    0xFF, 0xFF, 0xC7, 0x81, 0xE0, 0x78, 0x1E, 0x07, 0x81, 0xE0, 0x78, 0x1E, 0x07, 0x81, 0xE3, 0xFF,
    0xFF, 0xFF, 0xFF, 0xFC, 0xFF, 0xFF, 0xFF, 0x00, 0x00, 0x3C, 0x3C, 0x3C, 0x3C, 0x3C, 0x3C, 0x3C,
    0x3C, 0x3C, 0x3C, 0x3C, 0x3C, 0x3C, 0x3C, 0x73, 0xBE, 0xF7, 0xF9, 0xFE, 0x1E, 0x00, 0x0F, 0xFF,
    0xFF, 0xFF, 0xFF, 0xF1, 0xE0, 0x78, 0x1E, 0x07, 0x81, 0xE0, 0x78, 0x1E, 0x07, 0x81, 0xE0, 0x78,
    0xFF, 0xFF, 0xFF, 0xFF, 0xFF, 0xF3, 0xFC, 0xF7, 0xF9, 0xFE, 0x1E, 0x00, 0x01, 0xE0, 0x78, 0x1E,
    0x07, 0x81, 0xE0, 0x78, 0x1E, 0x07, 0x81, 0xE0, 0x78, 0x1E, 0x07, 0x81, 0xE0, 0x78, 0xFF, 0xFF,
    0xFF, 0xFF, 0xFF, 0x1E, 0x07, 0x81, 0xE0, 0x78, 0x1E, 0x07, 0x81, 0xE0, 0x78, 0x1E, 0x07, 0x8F,
    0xFF, 0xFF, 0xFF, 0xFF, 0xF0, 0xF0, 0x70, 0x1D, 0x07, 0xE1, 0xF8, 0x3C, 0x7C, 0xF9, 0xF3, 0xE0,
    0x00, 0x0F, 0x1E, 0x3C, 0x78, 0xF1, 0xE3, 0xC7, 0x8F, 0x1E, 0x3C, 0x78, 0xF1, 0xE7, 0x9E, 0x3A,
    0x7E, 0xFC, 0xF0, 0x1F, 0x07, 0xC1, 0xF0, 0x7C, 0x00, 0x00, 0x0F, 0xFF, 0xFF, 0xFF, 0xFF, 0xF1,
    0xE0, 0x78, 0x1E, 0x07, 0x81, 0xE0, 0x78, 0x1E, 0x07, 0x81, 0xE0, 0x78, 0xFF, 0xFF, 0xFF, 0xFF,
    0xFF, 0xF7, 0xBD, 0xEF, 0x7B, 0xDE, 0xF7, 0xBD, 0xEF, 0x78, 0xFF, 0xC0, 0x7F, 0xFF, 0xF8, 0x0F,
    0xFF, 0xFF, 0x01, 0xFF, 0xFF, 0xE0, 0x3F, 0xF1, 0xE0, 0x00, 0xF0, 0x3C, 0x00, 0x1E, 0x07, 0x80,
    0x03, 0xC0, 0xF0, 0x00, 0x78, 0x1E, 0x00, 0x0F, 0x03, 0xC0, 0x01, 0xE0, 0x78, 0x00, 0x3C, 0x0F,
    0x00, 0x07, 0x81, 0xE0, 0x10, 0xF0, 0x3C, 0x07, 0x3E, 0x3F, 0xF1, 0xFF, 0xC7, 0xFE, 0x3F, 0xF8,
    0xFF, 0xC3, 0xFE, 0x1F, 0xF8, 0x3F, 0x80, 0xF8, 0xFF, 0xC7, 0xFE, 0x3F, 0xF1, 0xF0, 0x00, 0x00,
    0x03, 0xC3, 0xDE, 0x1E, 0xF0, 0xF7, 0x87, 0xBC, 0x3D, 0xE1, 0xEF, 0x0F, 0x78, 0x7B, 0xC3, 0xDE,
    0x1E, 0xF0, 0xF7, 0x87, 0xBC, 0x3D, 0xE1, 0xE0, 0x0F, 0x00, 0xF8, 0x1F, 0xC0, 0x7E, 0x03, 0xE0,
    0x1E, 0x00, 0x01, 0xE0, 0x0F, 0xE0, 0x7F, 0xC1, 0xCF, 0x00, 0x08, 0x00, 0x00, 0xFF, 0xC3, 0xFF,
    0x0F, 0xFC, 0x3F, 0xF0, 0x1E, 0x00, 0x78, 0x01, 0xE0, 0x07, 0x80, 0x1E, 0x00, 0x78, 0x01, 0xE0,
    0x07, 0x82, 0x1E, 0x1C, 0xF8, 0xFF, 0xE3, 0xFF, 0x87, 0xFC, 0x0F, 0xE0, 0x1E, 0x0F, 0xCF, 0xFF,
    0xC7, 0x00, 0x00, 0x01, 0xE0, 0x78, 0x1E, 0x07, 0x81, 0xE0, 0x78, 0x1E, 0x07, 0x81, 0xE0, 0x78,
    0x1E, 0x07, 0x81, 0xE0, 0x78, 0x1E, 0x0F, 0x8F, 0xE3, 0xF8, 0xFC, 0x1E, 0x00, 0xF0, 0x7E, 0xF0,
    0xFC, 0xF1, 0xF8, 0xF1, 0xF0, 0xF3, 0xE0, 0xFF, 0xC0, 0xFF, 0x80, 0xFF, 0x80, 0xFF, 0x80, 0xFF,
    0xC0, 0xFF, 0xE0, 0xFB, 0xE0, 0xF1, 0xF0, 0xF1, 0xF8, 0xF0, 0xFC, 0xF0, 0x7C, 0xF0, 0x7E, 0xF0,
    0x3F, 0x00, 0x00, 0x07, 0x80, 0x07, 0x80, 0x07, 0x80, 0x03, 0x80, 0x07, 0x80, 0x07, 0x00, 0x06,
    0x00, 0xF0, 0x03, 0xC0, 0x0F, 0x00, 0x3C, 0x00, 0xF0, 0x03, 0xC7, 0xEF, 0x3F, 0x3C, 0xFC, 0xF7,
    0xE3, 0xFF, 0x0F, 0xF8, 0x3F, 0xC0, 0xFF, 0x83, 0xFF, 0x0F, 0xFC, 0x3C, 0xF8, 0xF1, 0xF3, 0xC7,
    0xEF, 0x0F, 0x80, 0x00, 0x0F, 0x00, 0x3C, 0x00, 0xF0, 0x01, 0xC0, 0x0F, 0x00, 0x38, 0x00, 0xC0,
    0x00, 0xF0, 0xFF, 0xC7, 0xEF, 0x3F, 0x3D, 0xF8, 0xFF, 0xC3, 0xFE, 0x0F, 0xF8, 0x3F, 0xE0, 0xFF,
    0xC3, 0xEF, 0x8F, 0x3F, 0x3C, 0x7C, 0xF0, 0xFB, 0xC3, 0xF0, 0x00, 0x00, 0xE0, 0x1F, 0x01, 0xFC,
    0x0F, 0x80, 0x70, 0x00, 0x00, 0x0F, 0x00, 0x78, 0x03, 0xC0, 0x1E, 0x00, 0xF0, 0x07, 0x80, 0x3C,
    0x01, 0xE0, 0x0F, 0x00, 0x78, 0x03, 0xC0, 0x1E, 0x00, 0xF0, 0x07, 0x80, 0x3F, 0xFD, 0xFF, 0xEF,
    0xFF, 0x7F, 0xF8, 0x00, 0x0E, 0x3E, 0x7F, 0x7C, 0x70, 0x00, 0x3C, 0x3C, 0x3C, 0x3C, 0x3C, 0x3C,
    0x3C, 0x3C, 0x3C, 0x3C, 0x3C, 0x3C, 0x3C, 0x3C, 0x3C, 0x3C, 0x3C, 0x3C, 0x3C, 0xF0, 0x0F, 0x00,
    0xF0, 0x0F, 0x00, 0xF0, 0x0F, 0x00, 0xF0, 0x0F, 0x00, 0xF0, 0x0F, 0x00, 0xF0, 0x0F, 0x00, 0xF0,
    0x0F, 0x00, 0xFF, 0xFF, 0xFF, 0xFF, 0xFF, 0xFF, 0x00, 0x00, 0xF0, 0x0F, 0x00, 0xF0, 0x0F, 0x00,
    0xF0, 0x0E, 0x00, 0xC0, 0x79, 0xE7, 0x9E, 0x79, 0xE7, 0x9E, 0x79, 0xE7, 0x9E, 0x79, 0xE7, 0x9E,
    0x79, 0xE7, 0x80, 0x79, 0xE7, 0x8E, 0x7B, 0xC6, 0x00, 0xF1, 0xEF, 0x1E, 0xF1, 0xEF, 0x0E, 0xF1,
    0xEF, 0x1C, 0xF1, 0x8F, 0x00, 0xF0, 0x0F, 0x00, 0xF0, 0x0F, 0x00, 0xF0, 0x0F, 0x00, 0xFF, 0xFF,
    0xFF, 0xFF, 0xFF, 0xFF, 0xF3, 0xDE, 0x7B, 0xCF, 0x78, 0xEF, 0x3D, 0xE7, 0x3C, 0xC7, 0x80, 0xF0,
    0x1E, 0x03, 0xC0, 0x78, 0x0F, 0x01, 0xE0, 0x3C, 0x07, 0x80, 0xF0, 0x1E, 0x03, 0xC0, 0x00, 0xF0,
    0x0F, 0x00, 0xF0, 0x0F, 0x00, 0xF0, 0x0F, 0x0F, 0xF0, 0xFF, 0x0F, 0xF0, 0xFF, 0x0F, 0xF0, 0x0F,
    0x00, 0xF0, 0x0F, 0x00, 0xFF, 0xFF, 0xFF, 0xFF, 0xFF, 0xFF, 0xF0, 0x3C, 0x0F, 0x03, 0xC0, 0xF0,
    0x3C, 0x0F, 0x3F, 0xCF, 0xF3, 0xFC, 0xFF, 0x3F, 0xC0, 0xF0, 0x3C, 0x0F, 0x03, 0xC0, 0xF0, 0x3C,
    0x0F, 0x00, 0x1E, 0x00, 0x3C, 0x00, 0x78, 0x00, 0xF0, 0x01, 0xE0, 0x03, 0xF8, 0x07, 0xF0, 0x1F,
    0xE0, 0xFF, 0xC1, 0xFE, 0x03, 0xF8, 0x03, 0xF0, 0x01, 0xE0, 0x03, 0xC0, 0x07, 0xFF, 0x8F, 0xFF,
    0x1F, 0xFE, 0x3F, 0xFC, 0x1E, 0x07, 0x81, 0xE0, 0x78, 0x1E, 0x07, 0xA1, 0xF8, 0x7F, 0x7F, 0xFF,
    0xEF, 0xE1, 0xF8, 0x5E, 0x07, 0x81, 0xE0, 0x78, 0x1E, 0x07, 0x81, 0xE0, 0x00, 0x00, 0x00, 0xE0,
    0x03, 0xE0, 0x07, 0xF0, 0x07, 0xC0, 0x07, 0x00, 0x00, 0x00, 0xF8, 0x0F, 0xF8, 0x0F, 0xFC, 0x0F,
    0xFE, 0x0F, 0xFF, 0x0F, 0xFF, 0x0F, 0xFF, 0x8F, 0xFF, 0xCF, 0xF7, 0xCF, 0xF7, 0xEF, 0xF3, 0xFF,
    0xF1, 0xFF, 0xF0, 0xFF, 0xF0, 0xFF, 0xF0, 0x7F, 0xF0, 0x3F, 0xF0, 0x1F, 0xF0, 0x1F, 0x00, 0x80,
    0x1E, 0x01, 0xF8, 0x1F, 0x80, 0xF0, 0x02, 0x00, 0x00, 0x1E, 0xFC, 0xFF, 0xF7, 0xFF, 0xFF, 0xFF,
    0xF1, 0xFF, 0x07, 0xF8, 0x3F, 0xC1, 0xFE, 0x0F, 0xF0, 0x7F, 0x83, 0xFC, 0x1F, 0xE0, 0xFF, 0x07,
    0x80, 0xF8, 0x0F, 0xF8, 0x0F, 0xFC, 0x0F, 0xFE, 0x0F, 0xFF, 0x0F, 0xFF, 0x0F, 0xFF, 0x8F, 0xFF,
    0xCF, 0xF7, 0xCF, 0xF7, 0xEF, 0xF3, 0xFF, 0xF1, 0xFF, 0xF0, 0xFF, 0xF0, 0xFF, 0xF0, 0x7F, 0xF0,
    0x3F, 0xF0, 0x1F, 0xF0, 0x1F, 0x00, 0x00, 0x03, 0xC0, 0x03, 0xC0, 0x03, 0xC0, 0x01, 0xC0, 0x03,
    0xC0, 0x03, 0x80, 0x03, 0x00, 0xF7, 0xE7, 0xFF, 0xBF, 0xFF, 0xFF, 0xFF, 0x8F, 0xF8, 0x3F, 0xC1,
    0xFE, 0x0F, 0xF0, 0x7F, 0x83, 0xFC, 0x1F, 0xE0, 0xFF, 0x07, 0xF8, 0x3C, 0x00, 0x01, 0xE0, 0x0F,
    0x00, 0x78, 0x01, 0xC0, 0x1E, 0x00, 0xE0, 0x06, 0x00, 0x0C, 0x30, 0x1F, 0xF8, 0x0F, 0xF0, 0x07,
    0xE0, 0x03, 0xC0, 0x00, 0x00, 0xF8, 0x0F, 0xF8, 0x0F, 0xFC, 0x0F, 0xFE, 0x0F, 0xFF, 0x0F, 0xFF,
    0x0F, 0xFF, 0x8F, 0xFF, 0xCF, 0xF7, 0xCF, 0xF7, 0xEF, 0xF3, 0xFF, 0xF1, 0xFF, 0xF0, 0xFF, 0xF0,
    0xFF, 0xF0, 0x7F, 0xF0, 0x3F, 0xF0, 0x1F, 0xF0, 0x1F, 0x00, 0x01, 0xE3, 0x8F, 0xFC, 0x3F, 0xC0,
    0xFC, 0x01, 0xC0, 0x00, 0x1E, 0xFC, 0xFF, 0xF7, 0xFF, 0xFF, 0xFF, 0xF1, 0xFF, 0x07, 0xF8, 0x3F,
    0xC1, 0xFE, 0x0F, 0xF0, 0x7F, 0x83, 0xFC, 0x1F, 0xE0, 0xFF, 0x07, 0x80, 0xF8, 0x00, 0x3E, 0x00,
    0x0F, 0x00, 0x03, 0xC0, 0x00, 0xF7, 0xBF, 0x39, 0xFF, 0xEE, 0x7F, 0xFC, 0x1F, 0xFF, 0x07, 0xC7,
    0xC1, 0xE0, 0xF0, 0x78, 0x3C, 0x1E, 0x0F, 0x07, 0x83, 0xC1, 0xE0, 0xF0, 0x78, 0x3C, 0x1E, 0x0F,
    0x07, 0x83, 0xC1, 0xE0, 0xF0, 0xF8, 0x0F, 0xF8, 0x0F, 0xFC, 0x0F, 0xFE, 0x0F, 0xFF, 0x0F, 0xFF,
    0x0F, 0xFF, 0x8F, 0xFF, 0xCF, 0xF7, 0xCF, 0xF7, 0xEF, 0xF3, 0xFF, 0xF1, 0xFF, 0xF0, 0xFF, 0xF0,
    0xFF, 0xF0, 0x7F, 0xF0, 0x3F, 0xF0, 0x1F, 0xF0, 0x1F, 0x00, 0x0F, 0x00, 0x1F, 0x00, 0xFF, 0x00,
    0x7F, 0x00, 0x7E, 0x00, 0x3C, 0xF7, 0xC7, 0xFF, 0x3F, 0xFD, 0xFF, 0xEF, 0x9F, 0x78, 0x7B, 0xC3,
    0xDE, 0x1E, 0xF0, 0xF7, 0x87, 0xBC, 0x3D, 0xE1, 0xEF, 0x0F, 0x78, 0x78, 0x07, 0xC0, 0x3E, 0x07,
    0xF0, 0x3F, 0x80, 0xF8, 0x07, 0x80, 0x07, 0xFC, 0x01, 0xFF, 0x00, 0x7F, 0xC0, 0x00, 0x00, 0x00,
    0x00, 0x01, 0xFE, 0x01, 0xFF, 0xE0, 0xFF, 0xFC, 0x7F, 0xFF, 0x9F, 0x87, 0xEF, 0xC0, 0xFF, 0xE0,
    0x1F, 0xF8, 0x07, 0xFC, 0x00, 0xFF, 0x00, 0x3F, 0xE0, 0x1F, 0xF8, 0x07, 0xFF, 0x03, 0xF7, 0xE1,
    0xF9, 0xFF, 0xFE, 0x3F, 0xFF, 0x07, 0xFF, 0x80, 0x7F, 0x80, 0x1F, 0xE0, 0x3F, 0xC0, 0x7F, 0x80,
    0x00, 0x00, 0x00, 0x00, 0x00, 0x07, 0xF8, 0x1F, 0xF8, 0x7F, 0xF9, 0xFF, 0xFB, 0xE1, 0xF7, 0xC3,
    0xEF, 0x03, 0xDE, 0x07, 0xBE, 0x1F, 0x7C, 0x3E, 0xFF, 0xFC, 0xFF, 0xF0, 0xFF, 0xC0, 0xFF, 0x00,
    0x06, 0x18, 0x03, 0xCF, 0x00, 0xFF, 0xC0, 0x1F, 0xE0, 0x03, 0xF0, 0x00, 0x00, 0x00, 0x00, 0x00,
    0x1F, 0xE0, 0x1F, 0xFE, 0x0F, 0xFF, 0xC7, 0xFF, 0xF9, 0xF8, 0x7E, 0xFC, 0x0F, 0xFE, 0x01, 0xFF,
    0x80, 0x7F, 0xC0, 0x0F, 0xF0, 0x03, 0xFE, 0x01, 0xFF, 0x80, 0x7F, 0xF0, 0x3F, 0x7E, 0x1F, 0x9F,
    0xFF, 0xE3, 0xFF, 0xF0, 0x7F, 0xF8, 0x07, 0xF8, 0x00, 0x1C, 0xF0, 0x3D, 0xE0, 0x7F, 0x80, 0x7F,
    0x00, 0x78, 0x00, 0x00, 0x07, 0xF8, 0x1F, 0xF8, 0x7F, 0xF9, 0xFF, 0xFB, 0xE1, 0xF7, 0xC3, 0xEF,
    0x03, 0xDE, 0x07, 0xBE, 0x1F, 0x7C, 0x3E, 0xFF, 0xFC, 0xFF, 0xF0, 0xFF, 0xC0, 0xFF, 0x00, 0x00,
    0x82, 0x00, 0x71, 0x80, 0x3C, 0xF0, 0x1F, 0xFC, 0x0F, 0xBE, 0x01, 0x86, 0x00, 0x00, 0x00, 0x1F,
    0xE0, 0x1F, 0xFE, 0x0F, 0xFF, 0xC7, 0xFF, 0xF9, 0xF8, 0x7E, 0xFC, 0x0F, 0xFE, 0x01, 0xFF, 0x80,
    0x7F, 0xC0, 0x0F, 0xF0, 0x03, 0xFE, 0x01, 0xFF, 0x80, 0x7F, 0xF0, 0x3F, 0x7E, 0x1F, 0x9F, 0xFF,
    0xE3, 0xFF, 0xF0, 0x7F, 0xF8, 0x07, 0xF8, 0x00, 0x0C, 0x60, 0x3C, 0xE0, 0x7B, 0xE1, 0xEF, 0x87,
    0xBC, 0x06, 0x30, 0x00, 0x00, 0x0F, 0xF0, 0x3F, 0xF0, 0xFF, 0xF3, 0xFF, 0xF7, 0xC3, 0xEF, 0x87,
    0xDE, 0x07, 0xBC, 0x0F, 0x7C, 0x3E, 0xF8, 0x7D, 0xFF, 0xF9, 0xFF, 0xE1, 0xFF, 0x81, 0xFE, 0x00,
    0x07, 0xFF, 0xFF, 0x8F, 0xFF, 0xFF, 0xCF, 0xFF, 0xFF, 0xEF, 0xFF, 0xFF, 0xF7, 0xE0, 0xF0, 0x07,
    0xC0, 0x78, 0x03, 0xE0, 0x3C, 0x01, 0xF0, 0x1F, 0xFC, 0xF0, 0x0F, 0xFE, 0x78, 0x07, 0xFF, 0x3E,
    0x03, 0xFF, 0x9F, 0x01, 0xE0, 0x0F, 0x80, 0xF0, 0x03, 0xE0, 0x78, 0x01, 0xFF, 0xFF, 0xFE, 0x7F,
    0xFF, 0xFF, 0x1F, 0xFF, 0xFF, 0x87, 0xFF, 0xFF, 0xC0, 0x0F, 0xE3, 0xF8, 0x1F, 0xFB, 0xFE, 0x1F,
    0xFF, 0xFF, 0x9F, 0xFF, 0xFF, 0xEF, 0xC7, 0xF1, 0xF7, 0xC1, 0xFF, 0xFB, 0xC0, 0xFF, 0xFD, 0xE0,
    0x7F, 0xFE, 0xF8, 0x3F, 0x00, 0x7C, 0x3F, 0x82, 0x1F, 0xFF, 0xFF, 0x8F, 0xFF, 0xFF, 0xE3, 0xFF,
    0x7F, 0xE0, 0x7F, 0x1F, 0xE0, 0x00, 0x00, 0x07, 0x00, 0x3F, 0x00, 0xFE, 0x01, 0xF8, 0x03, 0x80,
    0x00, 0x00, 0x7F, 0xF0, 0xFF, 0xF9, 0xFF, 0xF3, 0xFF, 0xF7, 0x83, 0xEF, 0x03, 0xDE, 0x0F, 0xBC,
    0x3F, 0x7F, 0xFE, 0xFF, 0xF9, 0xFF, 0xE3, 0xFF, 0xC7, 0x8F, 0x8F, 0x1F, 0x9E, 0x1F, 0x3C, 0x3F,
    0x78, 0x3E, 0xF0, 0x7E, 0x06, 0x03, 0xC1, 0xF0, 0xFC, 0x3C, 0x0C, 0x00, 0x03, 0xDF, 0xFF, 0xFF,
    0xEF, 0xFB, 0xF2, 0xF8, 0x3C, 0x0F, 0x03, 0xC0, 0xF0, 0x3C, 0x0F, 0x03, 0xC0, 0xF0, 0x00, 0xFF,
    0xE1, 0xFF, 0xF3, 0xFF, 0xE7, 0xFF, 0xEF, 0x07, 0xDE, 0x07, 0xBC, 0x1F, 0x78, 0x7E, 0xFF, 0xFD,
    0xFF, 0xF3, 0xFF, 0xC7, 0xFF, 0x8F, 0x1F, 0x1E, 0x3F, 0x3C, 0x3E, 0x78, 0x7E, 0xF0, 0x7D, 0xE0,
    0xFC, 0x00, 0x00, 0x3C, 0x00, 0x78, 0x00, 0xF0, 0x00, 0xE0, 0x03, 0xC0, 0x0F, 0x00, 0x08, 0x00,
    0x7B, 0xCF, 0xF9, 0xFF, 0x3F, 0xE7, 0xE8, 0xF8, 0x1E, 0x03, 0xC0, 0x78, 0x0F, 0x01, 0xE0, 0x3C,
    0x07, 0x80, 0xF0, 0x00, 0x03, 0xC0, 0x78, 0x0F, 0x00, 0xE0, 0x3C, 0x07, 0x00, 0xC0, 0x00, 0x30,
    0xC0, 0xFF, 0xC0, 0xFF, 0x00, 0xFC, 0x00, 0xF0, 0x00, 0x00, 0x3F, 0xF8, 0x7F, 0xFC, 0xFF, 0xF9,
    0xFF, 0xFB, 0xC1, 0xF7, 0x81, 0xEF, 0x07, 0xDE, 0x1F, 0xBF, 0xFF, 0x7F, 0xFC, 0xFF, 0xF1, 0xFF,
    0xE3, 0xC7, 0xC7, 0x8F, 0xCF, 0x0F, 0x9E, 0x1F, 0xBC, 0x1F, 0x78, 0x3F, 0x00, 0x3C, 0xFF, 0xFD,
    0xFE, 0x3F, 0x07, 0x80, 0x03, 0xDF, 0xFF, 0xFF, 0xEF, 0xFB, 0xF2, 0xF8, 0x3C, 0x0F, 0x03, 0xC0,
    0xF0, 0x3C, 0x0F, 0x03, 0xC0, 0xF0, 0x00, 0x00, 0xC0, 0x03, 0xC0, 0x1F, 0x80, 0x7F, 0x00, 0x70,
    0x00, 0x00, 0x03, 0xFC, 0x1F, 0xFC, 0x3F, 0xFC, 0xFF, 0xF9, 0xF0, 0xE3, 0xE0, 0x87, 0xF0, 0x0F,
    0xFC, 0x0F, 0xFE, 0x0F, 0xFE, 0x0F, 0xFC, 0x01, 0xF9, 0xC1, 0xF3, 0xC3, 0xEF, 0xFF, 0xDF, 0xFF,
    0x8F, 0xFE, 0x0F, 0xF0, 0x01, 0x00, 0x3C, 0x03, 0xF0, 0x3F, 0x01, 0xE0, 0x06, 0x00, 0x00, 0x03,
    0xF8, 0x3F, 0xE3, 0xFF, 0x9F, 0xFC, 0xF0, 0xC7, 0xE0, 0x1F, 0xE0, 0x7F, 0x80, 0x7E, 0x30, 0xF3,
    0xFF, 0xBF, 0xFC, 0xFF, 0xC1, 0xFC, 0x00, 0x07, 0xC0, 0x1F, 0xC0, 0x7F, 0xC0, 0xF7, 0x80, 0x83,
    0x00, 0x00, 0x03, 0xFC, 0x1F, 0xFC, 0x3F, 0xFC, 0xFF, 0xF9, 0xF0, 0xE3, 0xE0, 0x87, 0xF0, 0x0F,
    0xFC, 0x0F, 0xFE, 0x0F, 0xFE, 0x0F, 0xFC, 0x01, 0xF9, 0xC1, 0xF3, 0xC3, 0xEF, 0xFF, 0xDF, 0xFF,
    0x8F, 0xFE, 0x0F, 0xF0, 0x07, 0x00, 0x7C, 0x07, 0xF0, 0x7F, 0xC3, 0x8E, 0x00, 0x20, 0x00, 0x03,
    0xF8, 0x3F, 0xE3, 0xFF, 0x9F, 0xFC, 0xF0, 0xC7, 0xE0, 0x1F, 0xE0, 0x7F, 0x80, 0x7E, 0x30, 0xF3,
    0xFF, 0xBF, 0xFC, 0xFF, 0xC1, 0xFC, 0x00, 0x0F, 0xF0, 0x7F, 0xF0, 0xFF, 0xF3, 0xFF, 0xE7, 0xC3,
    0x8F, 0x82, 0x1F, 0xC0, 0x3F, 0xF0, 0x3F, 0xF8, 0x3F, 0xF8, 0x3F, 0xF0, 0x07, 0xE7, 0x03, 0xDF,
    0x0F, 0xBF, 0xFF, 0x7F, 0xFE, 0x3F, 0xF8, 0x3F, 0xC0, 0x0E, 0x00, 0x3F, 0x00, 0x3E, 0x00, 0x7C,
    0x01, 0xF8, 0x03, 0xE0, 0x1F, 0xC3, 0xFE, 0x7F, 0xF7, 0xFE, 0x78, 0xE7, 0xE0, 0x7F, 0xC3, 0xFE,
    0x0F, 0xF0, 0x1F, 0x79, 0xFF, 0xFF, 0x7F, 0xE3, 0xFC, 0x0E, 0x00, 0xF8, 0x0F, 0x80, 0x78, 0x1F,
    0x81, 0xF0, 0x0C, 0x30, 0x3F, 0xE0, 0x3F, 0xC0, 0x3E, 0x00, 0x00, 0x00, 0x00, 0x03, 0xFC, 0x1F,
    0xFC, 0x3F, 0xFC, 0xFF, 0xF9, 0xF0, 0xE3, 0xE0, 0x87, 0xF0, 0x0F, 0xFC, 0x0F, 0xFE, 0x0F, 0xFE,
    0x0F, 0xFC, 0x01, 0xF9, 0xC1, 0xF3, 0xC3, 0xEF, 0xFF, 0xDF, 0xFF, 0x8F, 0xFE, 0x0F, 0xF0, 0x30,
    0x43, 0xEF, 0x0F, 0xF8, 0x3F, 0x80, 0xF8, 0x00, 0x00, 0x00, 0x03, 0xF8, 0x3F, 0xE3, 0xFF, 0x9F,
    0xFC, 0xF0, 0xC7, 0xE0, 0x1F, 0xE0, 0x7F, 0x80, 0x7E, 0x30, 0xF3, 0xFF, 0xBF, 0xFC, 0xFF, 0xC1,
    0xFC, 0x00, 0xFF, 0xFF, 0xFF, 0xFF, 0xFF, 0xFF, 0xFF, 0xF0, 0x78, 0x00, 0xF0, 0x01, 0xE0, 0x03,
    0xC0, 0x07, 0x80, 0x0F, 0x00, 0x1E, 0x00, 0x3C, 0x00, 0x78, 0x00, 0xF0, 0x01, 0xE0, 0x03, 0xC0,
    0x07, 0x80, 0x0F, 0x00, 0x1C, 0x00, 0x3E, 0x00, 0x7C, 0x00, 0x78, 0x03, 0xF0, 0x07, 0xC0, 0x1E,
    0x07, 0x81, 0xE3, 0xFF, 0xFF, 0xFF, 0xFF, 0xFC, 0x78, 0x1E, 0x07, 0x81, 0xE0, 0x78, 0x1E, 0x07,
    0x81, 0xE0, 0x78, 0x1E, 0x07, 0x03, 0xF0, 0x7C, 0x0F, 0x0F, 0xC3, 0xE0, 0x18, 0x60, 0x3F, 0xE0,
    0x7F, 0x80, 0x7E, 0x00, 0x78, 0x00, 0x00, 0x3F, 0xFF, 0xFF, 0xFF, 0xFF, 0xFF, 0xFF, 0xFC, 0x1E,
    0x00, 0x3C, 0x00, 0x78, 0x00, 0xF0, 0x01, 0xE0, 0x03, 0xC0, 0x07, 0x80, 0x0F, 0x00, 0x1E, 0x00,
    0x3C, 0x00, 0x78, 0x00, 0xF0, 0x01, 0xE0, 0x03, 0xC0, 0x00, 0x60, 0x07, 0x80, 0x3C, 0x01, 0xE0,
    0x07, 0x0F, 0x78, 0x7B, 0x83, 0xC0, 0xFF, 0xC7, 0xFE, 0x3F, 0xF1, 0xFF, 0x81, 0xE0, 0x0F, 0x00,
    0x78, 0x03, 0xC0, 0x1E, 0x00, 0xF0, 0x07, 0x80, 0x3C, 0x01, 0xE0, 0x0F, 0x00, 0xFF, 0xFF, 0xFF,
    0xFF, 0xFF, 0xFF, 0xFF, 0xF0, 0x78, 0x00, 0xF0, 0x01, 0xE0, 0x0F, 0xF8, 0x1F, 0xF0, 0x3F, 0xE0,
    0x7F, 0xC0, 0x3C, 0x00, 0x78, 0x00, 0xF0, 0x01, 0xE0, 0x03, 0xC0, 0x07, 0x80, 0x0F, 0x00, 0x1E,
    0x07, 0x81, 0xE3, 0xFF, 0xFF, 0xFF, 0xFF, 0xFC, 0x78, 0x7F, 0xBF, 0xEF, 0xFB, 0xFE, 0x1E, 0x07,
    0x81, 0xE0, 0x78, 0x1E, 0x00, 0x0F, 0x38, 0x3F, 0xF0, 0xFF, 0xC1, 0xFF, 0x00, 0x00, 0x00, 0x00,
    0x3C, 0x07, 0xF8, 0x0F, 0xF0, 0x1F, 0xE0, 0x3F, 0xC0, 0x7F, 0x80, 0xFF, 0x01, 0xFE, 0x03, 0xFC,
    0x07, 0xF8, 0x0F, 0xF0, 0x1F, 0xE0, 0x3F, 0xE0, 0xFF, 0xE3, 0xF7, 0xFF, 0xCF, 0xFF, 0x8F, 0xFE,
    0x07, 0xF0, 0x1E, 0x61, 0xFF, 0x8F, 0xF8, 0x77, 0xC3, 0x1C, 0x00, 0x03, 0xC1, 0xFE, 0x0F, 0xF0,
    0x7F, 0x83, 0xFC, 0x1F, 0xE0, 0xFF, 0x07, 0xF8, 0x3F, 0xC1, 0xFF, 0x1F, 0xFF, 0xFF, 0xFF, 0xDF,
    0xFE, 0x7E, 0xF0, 0x1F, 0xF0, 0x3F, 0xE0, 0x7F, 0xC0, 0x00, 0x00, 0x00, 0x1E, 0x03, 0xFC, 0x07,
    0xF8, 0x0F, 0xF0, 0x1F, 0xE0, 0x3F, 0xC0, 0x7F, 0x80, 0xFF, 0x01, 0xFE, 0x03, 0xFC, 0x07, 0xF8,
    0x0F, 0xF0, 0x1F, 0xF0, 0x7F, 0xF1, 0xFB, 0xFF, 0xE7, 0xFF, 0xC7, 0xFF, 0x03, 0xF8, 0x00, 0x3F,
    0xC1, 0xFE, 0x0F, 0xF0, 0x00, 0x00, 0x00, 0x00, 0x03, 0xC1, 0xFE, 0x0F, 0xF0, 0x7F, 0x83, 0xFC,
    0x1F, 0xE0, 0xFF, 0x07, 0xF8, 0x3F, 0xC1, 0xFF, 0x1F, 0xFF, 0xFF, 0xFF, 0xDF, 0xFE, 0x7C, 0xF0,
    0x1C, 0x70, 0x3D, 0xE0, 0x7F, 0xC0, 0x7F, 0x00, 0x7C, 0x00, 0x00, 0x00, 0x00, 0x78, 0x0F, 0xF0,
    0x1F, 0xE0, 0x3F, 0xC0, 0x7F, 0x80, 0xFF, 0x01, 0xFE, 0x03, 0xFC, 0x07, 0xF8, 0x0F, 0xF0, 0x1F,
    0xE0, 0x3F, 0xC0, 0x7F, 0xC1, 0xFF, 0xC7, 0xEF, 0xFF, 0x9F, 0xFF, 0x1F, 0xFC, 0x0F, 0xE0, 0x38,
    0xE1, 0xEF, 0x0F, 0xF8, 0x3F, 0x80, 0xF8, 0x00, 0x03, 0xC1, 0xFE, 0x0F, 0xF0, 0x7F, 0x83, 0xFC,
    0x1F, 0xE0, 0xFF, 0x07, 0xF8, 0x3F, 0xC1, 0xFF, 0x1F, 0xFF, 0xFF, 0xFF, 0xDF, 0xFE, 0x7E, 0xF0,
    0x07, 0xC0, 0x1F, 0xC0, 0x3F, 0x80, 0x77, 0x00, 0xFE, 0x00, 0xF8, 0x3C, 0x07, 0xF8, 0x0F, 0xF0,
    0x1F, 0xE0, 0x3F, 0xC0, 0x7F, 0x80, 0xFF, 0x01, 0xFE, 0x03, 0xFC, 0x07, 0xF8, 0x0F, 0xF0, 0x1F,
    0xE0, 0x3F, 0xE0, 0xFF, 0xE3, 0xF7, 0xFF, 0xCF, 0xFF, 0x8F, 0xFE, 0x07, 0xF0, 0x0F, 0x00, 0xFC,
    0x07, 0xE0, 0x3F, 0x01, 0xF8, 0x07, 0x80, 0x00, 0x00, 0x00, 0xF0, 0x7F, 0x83, 0xFC, 0x1F, 0xE0,
    0xFF, 0x07, 0xF8, 0x3F, 0xC1, 0xFE, 0x0F, 0xF0, 0x7F, 0xC7, 0xFF, 0xFF, 0xFF, 0xF7, 0xFF, 0x9F,
    0x3C, 0x03, 0x08, 0x0E, 0x38, 0x3E, 0xF8, 0xFB, 0xE1, 0xE7, 0x81, 0x0C, 0x00, 0x00, 0x78, 0x0F,
    0xF0, 0x1F, 0xE0, 0x3F, 0xC0, 0x7F, 0x80, 0xFF, 0x01, 0xFE, 0x03, 0xFC, 0x07, 0xF8, 0x0F, 0xF0,
    0x1F, 0xE0, 0x3F, 0xC0, 0x7F, 0xC1, 0xFF, 0xC7, 0xEF, 0xFF, 0x9F, 0xFF, 0x1F, 0xFC, 0x0F, 0xE0,
    0x00, 0x00, 0xE3, 0x07, 0xBC, 0x7F, 0xE7, 0xFE, 0x39, 0xE0, 0x84, 0x00, 0x00, 0xF0, 0x7F, 0x83,
    0xFC, 0x1F, 0xE0, 0xFF, 0x07, 0xF8, 0x3F, 0xC1, 0xFE, 0x0F, 0xF0, 0x7F, 0xC7, 0xFF, 0xFF, 0xFF,
    0xF7, 0xFF, 0x9F, 0xBC, 0xF0, 0x1F, 0xE0, 0x3F, 0xC0, 0x7F, 0x80, 0xFF, 0x01, 0xFE, 0x03, 0xFC,
    0x07, 0xF8, 0x0F, 0xF0, 0x1F, 0xE0, 0x3F, 0xC0, 0x7F, 0x80, 0xFF, 0x83, 0xFF, 0x8F, 0xDF, 0xFF,
    0x3F, 0xFE, 0x3F, 0xF8, 0x1F, 0xE0, 0x07, 0x00, 0x1E, 0x00, 0x3B, 0x00, 0x7F, 0x00, 0xFE, 0x00,
    0xF8, 0xF0, 0x7B, 0xC1, 0xEF, 0x07, 0xBC, 0x1E, 0xF0, 0x7B, 0xC1, 0xEF, 0x07, 0xBC, 0x1E, 0xF0,
    0x7B, 0xE3, 0xEF, 0xFF, 0xBF, 0xFE, 0x7F, 0xF8, 0xFF, 0xE0, 0x1F, 0x00, 0x78, 0x01, 0xD0, 0x07,
    0xE0, 0x1F, 0x80, 0x3C, 0x00, 0x1E, 0x00, 0x00, 0x0F, 0xC0, 0x00, 0x07, 0xFC, 0x00, 0x01, 0xCF,
    0x00, 0x00, 0x00, 0x80, 0x00, 0x00, 0x00, 0x07, 0xC0, 0x00, 0x7D, 0xF0, 0x00, 0x3E, 0x7C, 0x1E,
    0x0F, 0x9F, 0x07, 0xC3, 0xE3, 0xE3, 0xF0, 0xF0, 0xF8, 0xFC, 0x7C, 0x3E, 0x3F, 0x9F, 0x07, 0xDF,
    0xE7, 0xC1, 0xF7, 0xFB, 0xE0, 0x7F, 0xFF, 0xF8, 0x1F, 0xFB, 0xFE, 0x03, 0xFC, 0xFF, 0x00, 0xFF,
    0x3F, 0xC0, 0x3F, 0x87, 0xF0, 0x07, 0xE1, 0xFC, 0x01, 0xF8, 0x3E, 0x00, 0x7C, 0x0F, 0x80, 0x0F,
    0x03, 0xE0, 0x00, 0xF8, 0x00, 0x0F, 0xE0, 0x00, 0xFF, 0x80, 0x07, 0x1C, 0x00, 0x00, 0x00, 0x00,
    0x00, 0x03, 0xE0, 0x03, 0xFF, 0x00, 0x1E, 0x7C, 0x71, 0xF3, 0xE7, 0xCF, 0x9F, 0x3E, 0x78, 0x7B,
    0xF7, 0xC3, 0xFF, 0xFE, 0x1F, 0xFF, 0xF0, 0x7F, 0x7F, 0x03, 0xFB, 0xF8, 0x1F, 0x9F, 0xC0, 0x7C,
    0x7C, 0x03, 0xE3, 0xE0, 0x1E, 0x0F, 0x00, 0x01, 0xC0, 0x00, 0xFC, 0x00, 0x7F, 0x80, 0x3F, 0xE0,
    0x06, 0x18, 0x00, 0x00, 0x0F, 0xC0, 0xFD, 0xF0, 0x7E, 0x7E, 0x1F, 0x0F, 0xCF, 0xC1, 0xF3, 0xE0,
    0x7F, 0xF0, 0x0F, 0xFC, 0x01, 0xFE, 0x00, 0x7F, 0x00, 0x0F, 0xC0, 0x01, 0xE0, 0x00, 0x78, 0x00,
    0x1E, 0x00, 0x07, 0x80, 0x01, 0xE0, 0x00, 0x78, 0x00, 0x1E, 0x00, 0x07, 0x80, 0x03, 0xE0, 0x07,
    0xF0, 0x1F, 0xF8, 0x0E, 0x38, 0x00, 0x00, 0x00, 0x00, 0xFC, 0x1F, 0x7C, 0x3F, 0x7E, 0x3E, 0x3E,
    0x3E, 0x3E, 0x7C, 0x1F, 0x7C, 0x1F, 0x7C, 0x1F, 0xF8, 0x0F, 0xF8, 0x0F, 0xF0, 0x07, 0xF0, 0x07,
    0xF0, 0x03, 0xE0, 0x03, 0xE0, 0x03, 0xC0, 0x07, 0xC0, 0x07, 0xC0, 0x07, 0x80, 0x0F, 0x80, 0x0F,
    0x00, 0x0F, 0x3C, 0x03, 0xCF, 0x00, 0xF3, 0xC0, 0x3C, 0xF0, 0x00, 0x00, 0x00, 0x00, 0x0F, 0xC0,
    0xFD, 0xF8, 0x3E, 0x3E, 0x1F, 0x0F, 0xCF, 0xC1, 0xFB, 0xE0, 0x3F, 0xF0, 0x0F, 0xFC, 0x01, 0xFE,
    0x00, 0x3F, 0x80, 0x0F, 0xC0, 0x01, 0xE0, 0x00, 0x78, 0x00, 0x1E, 0x00, 0x07, 0x80, 0x01, 0xE0,
    0x00, 0x78, 0x00, 0x1E, 0x00, 0x07, 0x80, 0x00, 0x00, 0x07, 0x00, 0x3E, 0x03, 0xF8, 0x0F, 0xC0,
    0x18, 0x00, 0x00, 0x1F, 0xFF, 0x7F, 0xFD, 0xFF, 0xF7, 0xFF, 0xC0, 0x7E, 0x01, 0xF0, 0x0F, 0xC0,
    0x7E, 0x03, 0xF0, 0x0F, 0xC0, 0x7E, 0x03, 0xF0, 0x0F, 0xC0, 0x7E, 0x03, 0xFF, 0xFF, 0xFF, 0xFF,
    0xFF, 0xFF, 0xFC, 0x00, 0x00, 0x60, 0x3C, 0x0F, 0xC3, 0xF0, 0x38, 0x04, 0x00, 0x00, 0xFF, 0xFF,
    0xFF, 0xFF, 0xFF, 0xF0, 0x7C, 0x1F, 0x07, 0xE0, 0xF8, 0x3E, 0x0F, 0x83, 0xFF, 0xFF, 0xFF, 0xFF,
    0xFF, 0xC0, 0x07, 0xC0, 0x1F, 0x00, 0x7C, 0x01, 0xF0, 0x00, 0x00, 0x00, 0x07, 0xFF, 0xDF, 0xFF,
    0x7F, 0xFD, 0xFF, 0xF0, 0x0F, 0x80, 0x7C, 0x03, 0xF0, 0x1F, 0x80, 0x7C, 0x03, 0xF0, 0x1F, 0x80,
    0xFC, 0x03, 0xF0, 0x1F, 0x80, 0xFF, 0xFF, 0xFF, 0xFF, 0xFF, 0xFF, 0xFF, 0x1F, 0x03, 0xE0, 0x7C,
    0x0F, 0x80, 0x00, 0x00, 0x00, 0x07, 0xFF, 0xFF, 0xFF, 0xFF, 0xFF, 0x83, 0xE0, 0xF8, 0x3F, 0x07,
    0xC1, 0xF0, 0x7C, 0x1F, 0xFF, 0xFF, 0xFF, 0xFF, 0xFE, 0x18, 0x60, 0x7F, 0xC1, 0xFE, 0x03, 0xF0,
    0x03, 0x80, 0x00, 0x07, 0xFF, 0xDF, 0xFF, 0x7F, 0xFD, 0xFF, 0xF0, 0x1F, 0x80, 0x7C, 0x03, 0xF0,
    0x1F, 0x80, 0xFC, 0x03, 0xF0, 0x1F, 0x80, 0xFC, 0x03, 0xF0, 0x1F, 0x80, 0xFF, 0xFF, 0xFF, 0xFF,
    0xFF, 0xFF, 0xFF, 0x00, 0x0E, 0x39, 0xFF, 0x1F, 0xC1, 0xF0, 0x1C, 0x00, 0x07, 0xFF, 0xFF, 0xFF,
    0xFF, 0xFF, 0x83, 0xE0, 0xF8, 0x3F, 0x07, 0xC1, 0xF0, 0x7C, 0x1F, 0xFF, 0xFF, 0xFF, 0xFF, 0xFE,
    0x7F, 0xFF, 0xBF, 0xDF, 0x0F, 0x07, 0x83, 0xC1, 0xE0, 0xF0, 0x78, 0x3C, 0x1E, 0x0F, 0x07, 0x83,
    0xC1, 0xE0, 0xF0, 0x78, 0x3C, 0x00, 0x00, 0x01, 0xC0, 0x00, 0xF0, 0x00, 0x3C, 0x1F, 0xFF, 0x1F,
    0xFF, 0x8F, 0xFF, 0xC7, 0xFF, 0xF9, 0xF8, 0x7F, 0xFC, 0x0F, 0xFE, 0x01, 0xFF, 0x80, 0x7F, 0xC0,
    0x0F, 0xF0, 0x03, 0xFE, 0x01, 0xFF, 0x80, 0x7F, 0xF0, 0x3F, 0x7E, 0x1F, 0x9F, 0xFF, 0xE3, 0xFF,
    0xF0, 0x7F, 0xF8, 0x07, 0xF8, 0x00, 0x00, 0x0E, 0x00, 0x3C, 0x00, 0x78, 0x7F, 0xF3, 0xFF, 0xCF,
    0xFF, 0x1F, 0xFF, 0x7C, 0x3E, 0xF8, 0x7D, 0xE0, 0x7B, 0xC0, 0xF7, 0xC3, 0xEF, 0x87, 0xDF, 0xFF,
    0x9F, 0xFE, 0x1F, 0xF8, 0x1F, 0xE0, 0x00, 0x01, 0xC0, 0x00, 0x70, 0x00, 0x3C, 0x00, 0x1F, 0xF0,
    0x1F, 0xBC, 0x07, 0xCF, 0x01, 0xE3, 0xC0, 0x78, 0xF0, 0x1E, 0x3C, 0x07, 0x8F, 0x01, 0xE3, 0xC0,
    0x78, 0xF0, 0x1E, 0x3C, 0x07, 0x8F, 0x01, 0xE3, 0xC0, 0x78, 0xF8, 0x3E, 0x3F, 0x1F, 0x87, 0xFF,
    0xC1, 0xFF, 0xF0, 0x3F, 0xF8, 0x03, 0xF8, 0x00, 0x00, 0x0E, 0x00, 0x3C, 0x00, 0xFF, 0x83, 0xEF,
    0x07, 0xDE, 0x0F, 0x3C, 0x1E, 0x78, 0x3C, 0xF0, 0x79, 0xE0, 0xF3, 0xC1, 0xE7, 0x83, 0xCF, 0x8F,
    0x9F, 0xFF, 0x3F, 0xFE, 0x3F, 0xFC, 0x3F, 0x78, 0x00, 0x00, 0x0C, 0x30, 0x00, 0x00, 0x0F, 0xF8,
    0x00, 0x00, 0x0F, 0xF0, 0x00, 0x00, 0x07, 0xE0, 0x00, 0x00, 0x01, 0xC0, 0x00, 0x00, 0x00, 0x00,
    0xFF, 0xE0, 0x3F, 0xFE, 0xFF, 0xF8, 0x3F, 0xFE, 0xFF, 0xFC, 0x3F, 0xFE, 0xFF, 0xFE, 0x3F, 0xFE,
    0xF0, 0x7E, 0x00, 0x7C, 0xF0, 0x1F, 0x00, 0xF8, 0xF0, 0x1F, 0x01, 0xF8, 0xF0, 0x1F, 0x01, 0xF0,
    0xF0, 0x0F, 0x03, 0xE0, 0xF0, 0x0F, 0x07, 0xE0, 0xF0, 0x1F, 0x07, 0xC0, 0xF0, 0x1F, 0x0F, 0x80,
    0xF0, 0x1F, 0x1F, 0x80, 0xF0, 0x7E, 0x1F, 0x00, 0xFF, 0xFE, 0x3F, 0xFF, 0xFF, 0xFC, 0x3F, 0xFF,
    0xFF, 0xF8, 0x3F, 0xFF, 0xFF, 0xE0, 0x3F, 0xFF, 0x00, 0x00, 0x00, 0x00, 0x00, 0x00, 0xE3, 0x80,
    0x00, 0x07, 0xFD, 0xFF, 0xC0, 0x1F, 0xCF, 0xFF, 0x80, 0x7C, 0x7F, 0xFE, 0x01, 0xC3, 0xFF, 0xF8,
    0x00, 0x1E, 0x0F, 0xC7, 0xFF, 0xF0, 0x1F, 0x3F, 0xFF, 0x80, 0xF9, 0xFF, 0xFC, 0x07, 0xCF, 0xFF,
    0xE0, 0x1E, 0x03, 0xEF, 0x00, 0xF0, 0x3E, 0x78, 0x0F, 0x83, 0xF3, 0xC0, 0x7C, 0x1F, 0x1E, 0x03,
    0xE1, 0xF0, 0xF0, 0x7E, 0x1F, 0x07, 0xFF, 0xF1, 0xFF, 0xFF, 0xFF, 0x0F, 0xFF, 0xFF, 0xF0, 0x7F,
    0xFF, 0xFE, 0x03, 0xFF, 0x80, 0x00, 0x00, 0x00, 0x00, 0x00, 0x03, 0x8E, 0x00, 0x3C, 0x3F, 0xE0,
    0x03, 0xC1, 0xFC, 0x00, 0x3C, 0x0F, 0x80, 0x03, 0xC0, 0x70, 0x00, 0x3C, 0x00, 0x01, 0xFB, 0xC7,
    0xFF, 0x3F, 0xFC, 0x7F, 0xF7, 0xFF, 0xC7, 0xFF, 0xFF, 0xFC, 0x7F, 0xFF, 0x87, 0xC0, 0x3E, 0xF8,
    0x7C, 0x07, 0xCF, 0x03, 0xC0, 0xFC, 0xF0, 0x3C, 0x1F, 0x8F, 0x87, 0xC1, 0xF0, 0xF8, 0x7C, 0x3E,
    0x0F, 0xFF, 0xC7, 0xFF, 0x7F, 0xFC, 0x7F, 0xF3, 0xFF, 0xC7, 0xFF, 0x1F, 0xBC, 0x7F, 0xF0, 0xF0,
    0x00, 0x3F, 0xFF, 0x00, 0x03, 0xFF, 0xF0, 0x00, 0x3F, 0xFF, 0x00, 0x03, 0xFF, 0xF0, 0x00, 0x07,
    0x8F, 0x00, 0x00, 0x78, 0xF0, 0x00, 0x07, 0x8F, 0x00, 0x00, 0x78, 0xF0, 0x00, 0x07, 0x8F, 0x00,
    0x00, 0x78, 0xF0, 0x00, 0x07, 0x8F, 0x00, 0x00, 0x78, 0xF0, 0x00, 0x07, 0x8F, 0x00, 0x1C, 0xF8,
    0xFF, 0xF3, 0xFF, 0x8F, 0xFF, 0x3F, 0xF8, 0xFF, 0xF1, 0xFF, 0x0F, 0xFF, 0x0F, 0xE0, 0x00, 0x01,
    0xF0, 0x00, 0x1F, 0xF0, 0x01, 0xFF, 0x00, 0x1F, 0xF0, 0x00, 0x0F, 0x00, 0x00, 0xF0, 0x01, 0xEF,
    0x00, 0x1E, 0xF0, 0x01, 0xEF, 0x00, 0x1E, 0xF0, 0x01, 0xEF, 0x00, 0x1E, 0xF0, 0x01, 0xEF, 0x00,
    0x1E, 0xF0, 0x01, 0xEF, 0x00, 0x1E, 0xFF, 0xF1, 0xEF, 0xFF, 0x9E, 0xFF, 0xF9, 0xEF, 0xFF, 0x9E,
    0x00, 0x03, 0xE0, 0x00, 0x3E, 0x00, 0x0F, 0xE0, 0x00, 0xFE, 0x00, 0x07, 0xC0, 0x00, 0x78, 0x01,
    0xFF, 0x1F, 0xF1, 0xFF, 0x1F, 0xF0, 0x0F, 0x00, 0xF0, 0xFF, 0x0F, 0xF0, 0xFF, 0x0F, 0xF0, 0xFF,
    0x0F, 0xF0, 0xFF, 0x0F, 0xF0, 0xFF, 0x0F, 0xF0, 0xFF, 0x0F, 0xF0, 0xFF, 0x0F, 0x01, 0xF0, 0x1F,
    0x0F, 0xF0, 0x7F, 0x07, 0xE0, 0x7C, 0xF8, 0x0F, 0x01, 0xFF, 0xFC, 0x07, 0x80, 0xFF, 0xFF, 0x03,
    0xC0, 0x7F, 0xFF, 0xC1, 0xE0, 0x3F, 0xFF, 0xF0, 0xF0, 0x03, 0xC7, 0xF8, 0x78, 0x01, 0xE3, 0xFE,
    0x3C, 0x00, 0xF1, 0xFF, 0x9E, 0x00, 0x78, 0xF7, 0xCF, 0x00, 0x3C, 0x79, 0xF7, 0x80, 0x1E, 0x3C,
    0xFF, 0xC0, 0x0F, 0x1E, 0x3F, 0xE0, 0x07, 0x8F, 0x0F, 0xF0, 0x43, 0xC7, 0x87, 0xF8, 0x73, 0xE3,
    0xC1, 0xFC, 0x7F, 0xF1, 0xE0, 0x7E, 0x3F, 0xF8, 0xF0, 0x1F, 0x0F, 0xF8, 0x78, 0x0F, 0x83, 0xF8,
    0x00, 0x00, 0x00, 0x0F, 0x80, 0x00, 0x07, 0xFE, 0x03, 0xC3, 0xFF, 0x01, 0xE1, 0xFF, 0xC0, 0xF0,
    0x07, 0xF0, 0x78, 0x03, 0xFC, 0x3C, 0x3D, 0xFE, 0x1E, 0x1E, 0xFF, 0x8F, 0x0F, 0x7F, 0xE7, 0x87,
    0xBD, 0xFB, 0xC3, 0xDE, 0x7D, 0xE1, 0xEF, 0x3F, 0xF0, 0xF7, 0x8F, 0xF8, 0x7B, 0xC3, 0xFC, 0x3D,
    0xE1, 0xFE, 0x1E, 0xF0, 0x7F, 0x0F, 0x78, 0x1F, 0x87, 0xBC, 0x07, 0xC3, 0xDE, 0x03, 0xE1, 0xE0,
    0x00, 0x00, 0xF0, 0x00, 0x00, 0xF8, 0x00, 0x01, 0xFC, 0x00, 0x00, 0xFE, 0x00, 0x00, 0x3E, 0x00,
    0x00, 0x1E, 0x00, 0x00, 0x00, 0xF8, 0x00, 0x07, 0xC0, 0x00, 0x3E, 0x00, 0x01, 0xF0, 0x00, 0x00,
    0x00, 0x00, 0x03, 0xDF, 0x83, 0xDF, 0xFE, 0x1E, 0xFF, 0xF8, 0xF7, 0xFF, 0xC7, 0xBE, 0x3E, 0x3D,
    0xE0, 0xF1, 0xEF, 0x07, 0x8F, 0x78, 0x3C, 0x7B, 0xC1, 0xE3, 0xDE, 0x0F, 0x1E, 0xF0, 0x78, 0xF7,
    0x83, 0xC7, 0xBC, 0x1E, 0x3D, 0xE0, 0xF1, 0xE0, 0x00, 0x0F, 0x00, 0x00, 0xF8, 0x00, 0x1F, 0xC0,
    0x00, 0x7E, 0x00, 0x03, 0xE0, 0x00, 0x1E, 0x00, 0x03, 0x0C, 0x00, 0xFF, 0x80, 0x0F, 0xF0, 0x00,
    0xFC, 0x00, 0x0E, 0x00, 0x00, 0x00, 0x00, 0x7C, 0x00, 0x0F, 0x80, 0x01, 0xF8, 0x00, 0x7F, 0x00,
    0x0F, 0xF0, 0x03, 0xFE, 0x00, 0x7F, 0xC0, 0x0F, 0x7C, 0x03, 0xEF, 0x80, 0x7C, 0xF8, 0x1F, 0x1F,
    0x03, 0xFF, 0xE0, 0x7F, 0xFE, 0x1F, 0xFF, 0xC3, 0xFF, 0xF8, 0x78, 0x0F, 0x9F, 0x01, 0xF3, 0xE0,
    0x1F, 0x18, 0x30, 0x7B, 0xC1, 0xFF, 0x03, 0xF8, 0x07, 0xC0, 0x00, 0x00, 0x00, 0x07, 0xEF, 0x3F,
    0xFD, 0xFF, 0xFF, 0xFF, 0xFE, 0x1F, 0xF8, 0x7F, 0xC0, 0xFF, 0x03, 0xFE, 0x1F, 0xF8, 0x7F, 0xFF,
    0xF7, 0xFF, 0xCF, 0xFF, 0x1F, 0xBC, 0x61, 0xBF, 0xF7, 0xF8, 0xFC, 0x1E, 0x00, 0x0F, 0xFF, 0xFF,
    0xFF, 0xFF, 0xF1, 0xE0, 0x78, 0x1E, 0x07, 0x81, 0xE0, 0x78, 0x1E, 0x07, 0x81, 0xE0, 0x78, 0xFF,
    0xFF, 0xFF, 0xFF, 0xFF, 0x00, 0x3C, 0xFF, 0xFD, 0xFE, 0x3F, 0x07, 0x80, 0x00, 0x78, 0x1E, 0x07,
    0x81, 0xE0, 0x78, 0x1E, 0x07, 0x81, 0xE0, 0x78, 0x1E, 0x07, 0x81, 0xE0, 0x78, 0x1E, 0x00, 0x06,
    0x18, 0x03, 0xFF, 0x00, 0x7F, 0x80, 0x0F, 0xC0, 0x00, 0x00, 0x00, 0x00, 0x00, 0x7F, 0x80, 0x7F,
    0xF8, 0x3F, 0xFF, 0x1F, 0xFF, 0xE7, 0xE1, 0xFB, 0xF0, 0x3F, 0xF8, 0x07, 0xFE, 0x01, 0xFF, 0x00,
    0x3F, 0xC0, 0x0F, 0xF8, 0x07, 0xFE, 0x01, 0xFF, 0xC0, 0xFD, 0xF8, 0x7E, 0x7F, 0xFF, 0x8F, 0xFF,
    0xC1, 0xFF, 0xE0, 0x1F, 0xE0, 0x18, 0x60, 0x7D, 0xE0, 0x7F, 0x80, 0x7E, 0x00, 0x78, 0x00, 0x00,
    0x00, 0x00, 0x0F, 0xF0, 0x3F, 0xF0, 0xFF, 0xF3, 0xFF, 0xF7, 0xC3, 0xEF, 0x87, 0xDE, 0x07, 0xBC,
    0x0F, 0x7C, 0x3E, 0xF8, 0x7D, 0xFF, 0xF9, 0xFF, 0xE1, 0xFF, 0x81, 0xFE, 0x00, 0x18, 0x70, 0x3F,
    0xE0, 0x7F, 0xC0, 0x7E, 0x00, 0x38, 0x00, 0x00, 0x3C, 0x07, 0xF8, 0x0F, 0xF0, 0x1F, 0xE0, 0x3F,
    0xC0, 0x7F, 0x80, 0xFF, 0x01, 0xFE, 0x03, 0xFC, 0x07, 0xF8, 0x0F, 0xF0, 0x1F, 0xE0, 0x3F, 0xE0,
    0xFF, 0xE3, 0xF7, 0xFF, 0xCF, 0xFF, 0x8F, 0xFE, 0x07, 0xF0, 0x30, 0x61, 0xEF, 0x8F, 0xF8, 0x3F,
    0x80, 0xF8, 0x00, 0x00, 0x00, 0x1E, 0x0F, 0xF0, 0x7F, 0x83, 0xFC, 0x1F, 0xE0, 0xFF, 0x07, 0xF8,
    0x3F, 0xC1, 0xFE, 0x0F, 0xF8, 0xFF, 0xFF, 0xFF, 0xFE, 0xFF, 0xF3, 0xF7, 0x80, 0x1F, 0xF0, 0x3F,
    0xE0, 0x7F, 0xC0, 0xF7, 0x81, 0xEF, 0x03, 0xDE, 0x00, 0x00, 0x00, 0x00, 0xF0, 0x1F, 0xE0, 0x3F,
    0xC0, 0x7F, 0x80, 0xFF, 0x01, 0xFE, 0x03, 0xFC, 0x07, 0xF8, 0x0F, 0xF0, 0x1F, 0xE0, 0x3F, 0xC0,
    0x7F, 0x80, 0xFF, 0x03, 0xFF, 0x07, 0xFF, 0x1F, 0xBF, 0xFE, 0x3F, 0xF8, 0x3F, 0xE0, 0x3F, 0xE1,
    0xFF, 0x0F, 0xF8, 0x00, 0x03, 0xDE, 0x1E, 0xF0, 0xF7, 0x80, 0x00, 0xF0, 0x7F, 0x83, 0xFC, 0x1F,
    0xE0, 0xFF, 0x07, 0xF8, 0x3F, 0xC1, 0xFE, 0x0F, 0xF0, 0xFF, 0x87, 0xFE, 0x7F, 0xFF, 0xF7, 0xFF,
    0x9F, 0xBC, 0x01, 0xF0, 0x07, 0xC0, 0x0F, 0x00, 0x3C, 0x01, 0xCE, 0x03, 0x9C, 0x07, 0x38, 0x00,
    0x00, 0x00, 0x01, 0xE0, 0x3F, 0xC0, 0x7F, 0x80, 0xFF, 0x01, 0xFE, 0x03, 0xFC, 0x07, 0xF8, 0x0F,
    0xF0, 0x1F, 0xE0, 0x3F, 0xC0, 0x7F, 0x80, 0xFF, 0x01, 0xFE, 0x07, 0xFE, 0x0F, 0xFE, 0x3F, 0x7F,
    0xFC, 0x7F, 0xF0, 0x7F, 0xC0, 0x03, 0xE0, 0x1E, 0x01, 0xE0, 0x1E, 0x00, 0x00, 0x1C, 0xE0, 0xE7,
    0x07, 0x38, 0x00, 0x07, 0x83, 0xFC, 0x1F, 0xE0, 0xFF, 0x07, 0xF8, 0x3F, 0xC1, 0xFE, 0x0F, 0xF0,
    0x7F, 0x87, 0xFC, 0x3F, 0xF3, 0xFF, 0xFF, 0xBF, 0xFC, 0xFD, 0xE0, 0x38, 0x70, 0x3D, 0xC0, 0x3F,
    0x80, 0x3E, 0x01, 0xCE, 0x03, 0x9C, 0x07, 0x38, 0x00, 0x00, 0x00, 0x01, 0xE0, 0x3F, 0xC0, 0x7F,
    0x80, 0xFF, 0x01, 0xFE, 0x03, 0xFC, 0x07, 0xF8, 0x0F, 0xF0, 0x1F, 0xE0, 0x3F, 0xC0, 0x7F, 0x80,
    0xFF, 0x01, 0xFE, 0x07, 0xFE, 0x0F, 0xFE, 0x3F, 0x7F, 0xFC, 0x7F, 0xF0, 0x7F, 0xC0, 0x70, 0xE1,
    0xEE, 0x07, 0xF0, 0x1F, 0x00, 0x00, 0x1C, 0xE0, 0xE7, 0x07, 0x38, 0x00, 0x07, 0x83, 0xFC, 0x1F,
    0xE0, 0xFF, 0x07, 0xF8, 0x3F, 0xC1, 0xFE, 0x0F, 0xF0, 0x7F, 0x87, 0xFC, 0x3F, 0xF3, 0xFF, 0xFF,
    0xBF, 0xFC, 0xFD, 0xE0, 0x3E, 0x00, 0x3E, 0x00, 0x3C, 0x00, 0x3C, 0x01, 0xCE, 0x03, 0x9C, 0x07,
    0x38, 0x00, 0x00, 0x00, 0x01, 0xE0, 0x3F, 0xC0, 0x7F, 0x80, 0xFF, 0x01, 0xFE, 0x03, 0xFC, 0x07,
    0xF8, 0x0F, 0xF0, 0x1F, 0xE0, 0x3F, 0xC0, 0x7F, 0x80, 0xFF, 0x01, 0xFE, 0x07, 0xFE, 0x0F, 0xFE,
    0x3F, 0x7F, 0xFC, 0x7F, 0xF0, 0x7F, 0xC0, 0x7C, 0x01, 0xF0, 0x07, 0x80, 0x1E, 0x00, 0x00, 0x1C,
    0xE0, 0xE7, 0x07, 0x38, 0x00, 0x07, 0x83, 0xFC, 0x1F, 0xE0, 0xFF, 0x07, 0xF8, 0x3F, 0xC1, 0xFE,
    0x0F, 0xF0, 0x7F, 0x87, 0xFC, 0x3F, 0xF3, 0xFF, 0xFF, 0xBF, 0xFC, 0xFD, 0xE0, 0x7F, 0xC7, 0xFF,
    0x3F, 0xFD, 0xC3, 0xF0, 0x0F, 0x80, 0x3F, 0xFF, 0xFF, 0xFF, 0xFF, 0xFF, 0x87, 0xFE, 0x7E, 0xFF,
    0xE7, 0xFE, 0x0F, 0xE0, 0x07, 0xFC, 0x00, 0xFF, 0x80, 0x1F, 0xF0, 0x00, 0x00, 0x00, 0x73, 0xC0,
    0x0E, 0x78, 0x01, 0xCF, 0x00, 0x00, 0x00, 0x03, 0xF0, 0x00, 0x7F, 0x00, 0x1F, 0xE0, 0x03, 0xFC,
    0x00, 0x7F, 0xC0, 0x1F, 0xF8, 0x03, 0xEF, 0x00, 0x79, 0xF0, 0x1F, 0x3E, 0x03, 0xE3, 0xE0, 0x78,
    0x7C, 0x1F, 0xFF, 0x83, 0xFF, 0xF8, 0x7F, 0xFF, 0x1F, 0x01, 0xE3, 0xE0, 0x3E, 0x78, 0x07, 0xDF,
    0x00, 0x7C, 0x3F, 0xE3, 0xFE, 0x3F, 0xE0, 0x00, 0x3D, 0xE3, 0xDE, 0x3D, 0xE0, 0x00, 0x3F, 0xC7,
    0xFE, 0x7F, 0xF3, 0x1F, 0x00, 0xF3, 0xFF, 0x7F, 0xFF, 0xFF, 0xF0, 0xFF, 0x0F, 0xF9, 0xFF, 0xFF,
    0xFF, 0xF7, 0xE7, 0x07, 0xF8, 0x01, 0xFE, 0x00, 0x7F, 0x80, 0x00, 0x00, 0x01, 0xE0, 0x00, 0x78,
    0x00, 0x1E, 0x00, 0x00, 0x00, 0x03, 0xF0, 0x00, 0xFC, 0x00, 0x7F, 0x80, 0x1F, 0xE0, 0x07, 0xF8,
    0x03, 0xFF, 0x00, 0xFB, 0xC0, 0x3C, 0xF0, 0x1F, 0x3E, 0x07, 0xC7, 0x81, 0xE1, 0xE0, 0xFF, 0xFC,
    0x3F, 0xFF, 0x0F, 0xFF, 0xC7, 0xC0, 0xF9, 0xF0, 0x3E, 0x78, 0x07, 0xBE, 0x01, 0xF0, 0x1F, 0xE1,
    0xFE, 0x1F, 0xE0, 0x00, 0x0F, 0x00, 0xF0, 0x0F, 0x00, 0x00, 0x1F, 0xC3, 0xFE, 0x3F, 0xF1, 0x9F,
    0x00, 0xF3, 0xFF, 0x7F, 0xFF, 0xFF, 0xF0, 0xFF, 0x0F, 0xF9, 0xFF, 0xFF, 0xFF, 0xF7, 0xE7, 0x00,
    0x7F, 0x80, 0x00, 0xFF, 0x00, 0x01, 0xFE, 0x00, 0x00, 0x00, 0x00, 0x0F, 0xFF, 0xE0, 0x3F, 0xFF,
    0xC0, 0x7F, 0xFF, 0x80, 0xF7, 0x80, 0x03, 0xCF, 0x00, 0x07, 0x9E, 0x00, 0x1F, 0x3C, 0x00, 0x3C,
    0x7F, 0xF0, 0xF8, 0xFF, 0xE1, 0xF1, 0xFF, 0xC7, 0xC3, 0xC0, 0x0F, 0xFF, 0x80, 0x1F, 0xFF, 0x00,
    0x7F, 0xFE, 0x00, 0xF0, 0x3C, 0x03, 0xE0, 0x7F, 0xF7, 0x80, 0xFF, 0xFF, 0x01, 0xFF, 0xC0, 0x01,
    0xFE, 0x00, 0x0F, 0xF0, 0x00, 0x7F, 0x80, 0x00, 0x00, 0x03, 0xFD, 0xFC, 0x3F, 0xFF, 0xF8, 0xFF,
    0xFF, 0xC6, 0x3F, 0x9F, 0x00, 0xF8, 0x79, 0xFF, 0xFF, 0xDF, 0xFF, 0xFF, 0xFF, 0xFF, 0xFF, 0x0F,
    0x00, 0x78, 0x7C, 0x03, 0xE7, 0xF0, 0xFF, 0xFF, 0xFF, 0xFF, 0xBF, 0xFB, 0xF8, 0x7F, 0x80, 0x07,
    0xFC, 0x1F, 0xFE, 0x3F, 0xFE, 0x7F, 0x1C, 0x7C, 0x00, 0xF8, 0x00, 0xF8, 0x00, 0xF1, 0xFE, 0xF1,
    0xFE, 0xF1, 0xFE, 0xF0, 0x1E, 0xF8, 0xFF, 0xF8, 0xFF, 0xF8, 0xFF, 0x7E, 0x1E, 0x3F, 0xFE, 0x1F,
    0xFE, 0x0F, 0xFC, 0x3F, 0x79, 0xFF, 0xE7, 0xFF, 0xBE, 0x7E, 0xF8, 0xFB, 0xC1, 0xEF, 0x07, 0xBC,
    0x1E, 0xF8, 0xFB, 0xE3, 0xEF, 0xFF, 0x9F, 0xFE, 0x3F, 0x78, 0x01, 0xE0, 0x7F, 0xC1, 0xFF, 0x67,
    0xFF, 0xFF, 0xCF, 0xFF, 0x1F, 0xF0, 0x06, 0x18, 0x03, 0xFF, 0x00, 0x7F, 0x80, 0x0F, 0x80, 0x00,
    0x00, 0x00, 0x00, 0x00, 0x7F, 0x80, 0x7F, 0xF8, 0x3F, 0xFF, 0x1F, 0xFF, 0xC7, 0xE0, 0xE3, 0xF0,
    0x00, 0xF8, 0x00, 0x3E, 0x3F, 0xEF, 0x0F, 0xFB, 0xC3, 0xFE, 0xF8, 0xFF, 0xBE, 0x01, 0xEF, 0xC0,
    0xF9, 0xF8, 0x7E, 0x7F, 0xFF, 0x0F, 0xFF, 0x81, 0xFF, 0xC0, 0x1F, 0xE0, 0x00, 0x00, 0x38, 0xE0,
    0x7F, 0xC0, 0x7F, 0x00, 0x7C, 0x00, 0x70, 0x00, 0x00, 0x0F, 0xDE, 0x3F, 0xFC, 0xFF, 0xFB, 0xFF,
    0xF7, 0xC3, 0xEF, 0x87, 0xDE, 0x07, 0xBC, 0x0F, 0x7C, 0x3E, 0xF8, 0x7D, 0xFF, 0xF9, 0xFF, 0xF1,
    0xFF, 0xE1, 0xFB, 0xC0, 0x0F, 0x8C, 0x1F, 0x1F, 0xFE, 0x7F, 0xF8, 0xFF, 0xE0, 0x7F, 0x80, 0x78,
    0x78, 0x79, 0xE0, 0x7F, 0x80, 0x7E, 0x00, 0xFC, 0x00, 0x00, 0x3C, 0x1F, 0x78, 0x3E, 0xF0, 0xF9,
    0xE3, 0xE3, 0xCF, 0x87, 0xBF, 0x0F, 0x7C, 0x1F, 0xF0, 0x3F, 0xE0, 0x7F, 0xE0, 0xFF, 0xC1, 0xF7,
    0xC3, 0xCF, 0x87, 0x8F, 0x8F, 0x0F, 0x9E, 0x1F, 0x3C, 0x1F, 0x78, 0x3F, 0x70, 0xF0, 0x1E, 0x78,
    0x03, 0xFC, 0x00, 0x7F, 0x00, 0x1F, 0x80, 0x00, 0x00, 0x00, 0xF0, 0x00, 0x3C, 0x00, 0x0F, 0x00,
    0x03, 0xC0, 0x00, 0xF0, 0x00, 0x3C, 0x3E, 0x0F, 0x1F, 0x03, 0xCF, 0xC0, 0xF3, 0xE0, 0x3D, 0xF0,
    0x0F, 0xF8, 0x03, 0xFE, 0x00, 0xFF, 0x80, 0x3F, 0xF0, 0x0F, 0xBE, 0x03, 0xC7, 0xC0, 0xF1, 0xF0,
    0x3C, 0x3E, 0x0F, 0x07, 0xC0, 0x07, 0xF8, 0x07, 0xFF, 0x83, 0xFF, 0xF1, 0xFF, 0xFE, 0x7E, 0x1F,
    0xBF, 0x03, 0xFF, 0x80, 0x7F, 0xE0, 0x1F, 0xF0, 0x03, 0xFC, 0x00, 0xFF, 0x80, 0x7F, 0xE0, 0x1F,
    0xFC, 0x0F, 0xDF, 0x87, 0xE7, 0xFF, 0xF8, 0xFF, 0xFC, 0x1F, 0xFE, 0x01, 0xFF, 0x00, 0x07, 0x00,
    0x03, 0xC0, 0x00, 0xE8, 0x00, 0x3F, 0x80, 0x0F, 0xE0, 0x01, 0xF0, 0x1F, 0xE0, 0x7F, 0xE1, 0xFF,
    0xE7, 0xFF, 0xEF, 0x87, 0xDF, 0x0F, 0xBC, 0x0F, 0x78, 0x1E, 0xF8, 0x7D, 0xF0, 0xFB, 0xFF, 0xF3,
    0xFF, 0xC3, 0xFF, 0x03, 0xFC, 0x00, 0xF0, 0x01, 0xC0, 0x03, 0xE0, 0x07, 0xE0, 0x0F, 0xC0, 0x0F,
    0x00, 0x07, 0xF8, 0x03, 0xFC, 0x01, 0xFE, 0x00, 0x00, 0x00, 0xFF, 0x80, 0xFF, 0xE0, 0xFF, 0xF8,
    0xFC, 0x7E, 0xF8, 0x1F, 0x7C, 0x07, 0xFC, 0x03, 0xFE, 0x00, 0xFF, 0x00, 0x7F, 0x80, 0x3F, 0xC0,
    0x1F, 0xE0, 0x1F, 0xF8, 0x0F, 0xFC, 0x0F, 0x9F, 0x8F, 0xC7, 0xFF, 0xC1, 0xFF, 0xC0, 0x7F, 0xC0,
    0x07, 0x00, 0x07, 0x00, 0x03, 0x80, 0x01, 0xF0, 0x00, 0xF8, 0x00, 0x3C, 0x00, 0x1F, 0xE0, 0xFF,
    0x07, 0xF8, 0x00, 0x01, 0xFC, 0x1F, 0xF1, 0xFF, 0xDF, 0x1F, 0xF8, 0xFF, 0x83, 0xFC, 0x1F, 0xE0,
    0xFF, 0x07, 0xFC, 0x7F, 0xE3, 0xEF, 0xFE, 0x3F, 0xE0, 0xFE, 0x01, 0xC0, 0x1C, 0x00, 0xE0, 0x07,
    0xC0, 0x3E, 0x00, 0xF0, 0x7C, 0x78, 0xFB, 0xC1, 0xFE, 0x03, 0xF0, 0x07, 0xC0, 0x00, 0x07, 0xFF,
    0x9F, 0xFE, 0x7F, 0xF8, 0x07, 0xC0, 0x3E, 0x01, 0xF0, 0x1F, 0x80, 0x7F, 0x81, 0xFF, 0x87, 0xFE,
    0x01, 0xFC, 0x01, 0xF0, 0x03, 0xC0, 0x1F, 0xF0, 0xFF, 0xFF, 0xEF, 0xFF, 0x1F, 0xF8, 0x78, 0xF9,
    0xFF, 0x07, 0xF0, 0x1F, 0x00, 0x00, 0x3F, 0xFD, 0xFF, 0xEF, 0xFF, 0x01, 0xF0, 0x1F, 0x01, 0xF0,
    0x1F, 0x01, 0xF0, 0x0F, 0xF0, 0x7F, 0xC3, 0xFF, 0x00, 0xF8, 0x03, 0xC0, 0x1E, 0x00, 0xF0, 0x0F,
    0xF0, 0xFF, 0xFF, 0xDF, 0xFC, 0x7F, 0xC0, 0xF1, 0xEF, 0xF8, 0xFE, 0x1F, 0x80, 0x00, 0x3C, 0x07,
    0x80, 0xF0, 0x1E, 0x03, 0xC0, 0x78, 0x0F, 0x01, 0xE0, 0x3C, 0x07, 0x80, 0xF0, 0x1E, 0x03, 0xC0,
    0x78, 0x0F, 0x01, 0xE0, 0x7C, 0x3F, 0x87, 0xE0, 0xF8, 0x00, 0xFF, 0xE0, 0x3F, 0xFE, 0xFF, 0xF8,
    0x3F, 0xFE, 0xFF, 0xFC, 0x3F, 0xFE, 0xFF, 0xFE, 0x3F, 0xFE, 0xF0, 0x7E, 0x00, 0x7C, 0xF0, 0x1F,
    0x00, 0xF8, 0xF0, 0x1F, 0x01, 0xF8, 0xF0, 0x1F, 0x01, 0xF0, 0xF0, 0x0F, 0x03, 0xE0, 0xF0, 0x0F,
    0x07, 0xE0, 0xF0, 0x1F, 0x07, 0xC0, 0xF0, 0x1F, 0x0F, 0x80, 0xF0, 0x1F, 0x1F, 0x80, 0xF0, 0x7E,
    0x1F, 0x00, 0xFF, 0xFE, 0x3F, 0xFF, 0xFF, 0xFC, 0x3F, 0xFF, 0xFF, 0xF8, 0x3F, 0xFF, 0xFF, 0xE0,
    0x3F, 0xFF, 0xFF, 0xE0, 0x00, 0x07, 0xFF, 0xC0, 0x00, 0x3F, 0xFF, 0x00, 0x01, 0xFF, 0xFC, 0x00,
    0x0F, 0x07, 0xE3, 0xFF, 0xF8, 0x0F, 0x9F, 0xFF, 0xC0, 0x7C, 0xFF, 0xFE, 0x03, 0xE7, 0xFF, 0xF0,
    0x0F, 0x01, 0xF7, 0x80, 0x78, 0x1F, 0x3C, 0x07, 0xC1, 0xF9, 0xE0, 0x3E, 0x0F, 0x8F, 0x01, 0xF0,
    0xF8, 0x78, 0x3F, 0x0F, 0x83, 0xFF, 0xF8, 0xFF, 0xFF, 0xFF, 0x87, 0xFF, 0xFF, 0xF8, 0x3F, 0xFF,
    0xFF, 0x01, 0xFF, 0xC0, 0x00, 0x78, 0x00, 0x00, 0x1E, 0x00, 0x00, 0x07, 0x80, 0x00, 0x01, 0xE0,
    0x00, 0x00, 0x78, 0x00, 0x0F, 0xDE, 0x3F, 0xF7, 0xFF, 0x8F, 0xFD, 0xFF, 0xE3, 0xFF, 0xFC, 0xF8,
    0x07, 0xFE, 0x3E, 0x03, 0xEF, 0x07, 0x81, 0xF3, 0xC1, 0xE0, 0x7C, 0xF0, 0x78, 0x3E, 0x3C, 0x1E,
    0x1F, 0x0F, 0x87, 0x8F, 0xC3, 0xF3, 0xE7, 0xE0, 0x7F, 0xF9, 0xFF, 0xDF, 0xFE, 0x7F, 0xF3, 0xF7,
    0x9F, 0xFC, 0x00, 0xF8, 0x03, 0xE0, 0x07, 0x80, 0x1E, 0x00, 0x38, 0x00, 0x00, 0x01, 0xFF, 0x0F,
    0xFF, 0x3F, 0xFE, 0xFE, 0x39, 0xF0, 0x07, 0xC0, 0x0F, 0x80, 0x1E, 0x00, 0x3C, 0x7F, 0xF8, 0xFF,
    0xF1, 0xFF, 0xF0, 0x3F, 0xE0, 0x7F, 0xC0, 0xF7, 0xE1, 0xE7, 0xFF, 0xC7, 0xFF, 0x87, 0xFF, 0x01,
    0xF0, 0x1F, 0x01, 0xE0, 0x1E, 0x00, 0x00, 0x1F, 0xBD, 0xFF, 0xEF, 0xFF, 0xF8, 0xFF, 0xC7, 0xFC,
    0x1F, 0xE0, 0xFF, 0x07, 0xF8, 0x3F, 0xE1, 0xFF, 0x1F, 0x7F, 0xFB, 0xFF, 0xCF, 0xDE, 0x00, 0xF0,
    0x0F, 0xF0, 0xFF, 0xFF, 0xFF, 0xFE, 0x7F, 0xC0, 0xF0, 0x3C, 0x03, 0xC0, 0xF0, 0x0F, 0x03, 0xC0,
    0x3C, 0x0F, 0x00, 0xF0, 0x3C, 0x3F, 0xC0, 0xF0, 0xFF, 0x03, 0xC3, 0xFF, 0xFF, 0x0F, 0xFF, 0xFC,
    0x3F, 0xFF, 0xF0, 0xFF, 0x03, 0xC3, 0xFC, 0x0F, 0x0F, 0xF0, 0x3C, 0x3F, 0xC0, 0xF1, 0xFF, 0x03,
    0xE7, 0xFC, 0x0F, 0xFE, 0xF0, 0x1F, 0xFB, 0xC0, 0x3F, 0xC0, 0xE7, 0xE7, 0xFF, 0xBF, 0xFF, 0xF9,
    0xFF, 0x87, 0xFC, 0x3F, 0xC1, 0xFE, 0x0F, 0xF0, 0xFF, 0x87, 0xFC, 0x3F, 0xE3, 0xEF, 0x3F, 0x7B,
    0xF3, 0xFF, 0x1F, 0xF0, 0xFF, 0x07, 0xE0, 0x3C, 0x01, 0xE0, 0x0F, 0x00, 0x78, 0x03, 0xC0, 0x1E,
    0x00, 0x0F, 0x80, 0x07, 0x80, 0x03, 0xC0, 0x01, 0xE0, 0x00, 0xE0, 0x00, 0x00, 0xFC, 0x0F, 0xFC,
    0x0F, 0xFE, 0x0F, 0xFE, 0x0F, 0xFF, 0x0F, 0xFF, 0x0F, 0xF7, 0x8F, 0xF7, 0x8F, 0xF3, 0xCF, 0xF3,
    0xEF, 0xF1, 0xEF, 0xF1, 0xFF, 0xF0, 0xFF, 0xF0, 0xFF, 0xF0, 0x7F, 0xF0, 0x7F, 0xF0, 0x3F, 0xF0,
    0x3F, 0x3F, 0x00, 0xF8, 0x01, 0xE0, 0x07, 0x80, 0x00, 0x73, 0xF3, 0xFF, 0xDF, 0xFF, 0xFC, 0xFF,
    0xC7, 0xFC, 0x1F, 0xE0, 0xFF, 0x07, 0xF8, 0x3F, 0xC1, 0xFE, 0x0F, 0xF0, 0x7F, 0x83, 0xFC, 0x1E,
    0x00, 0x20, 0x00, 0x1C, 0x00, 0x1F, 0x00, 0x0F, 0xE0, 0x03, 0xE0, 0x00, 0x40, 0x00, 0x1E, 0x00,
    0x0F, 0xC0, 0x03, 0xF0, 0x00, 0xEE, 0x00, 0x3F, 0x00, 0x0F, 0xC0, 0x01, 0xE0, 0x00, 0x7C, 0x00,
    0x3F, 0x00, 0x0F, 0xC0, 0x07, 0xF8, 0x01, 0xFE, 0x00, 0x7F, 0xC0, 0x3F, 0xF0, 0x0F, 0x3C, 0x07,
    0xCF, 0x81, 0xF3, 0xE0, 0x7F, 0xF8, 0x3F, 0xFF, 0x0F, 0xFF, 0xC3, 0xFF, 0xF9, 0xF0, 0x3E, 0x7C,
    0x0F, 0xBE, 0x01, 0xF0, 0x00, 0x00, 0x06, 0x00, 0x3C, 0x01, 0xF0, 0x0F, 0x80, 0x38, 0x00, 0x40,
    0x01, 0xE0, 0x0F, 0xC0, 0x3F, 0x00, 0xFC, 0x03, 0xF0, 0x07, 0x80, 0x00, 0x00, 0x00, 0x07, 0xEF,
    0x3F, 0xFD, 0xFF, 0xFF, 0xFF, 0xFE, 0x1F, 0xF8, 0x7F, 0xC0, 0xFF, 0x03, 0xFE, 0x1F, 0xF8, 0x7F,
    0xFF, 0xF7, 0xFF, 0xCF, 0xFF, 0x1F, 0xBC, 0x00, 0x00, 0x00, 0x00, 0x00, 0x03, 0x80, 0x00, 0x01,
    0xF0, 0x00, 0x00, 0x7E, 0x00, 0x00, 0x0F, 0x80, 0x00, 0x01, 0x80, 0x00, 0x00, 0x00, 0x00, 0x00,
    0x7F, 0xFF, 0x00, 0x1F, 0xFF, 0xE0, 0x03, 0xFF, 0xFC, 0x00, 0xFF, 0xFF, 0x80, 0x3F, 0xE0, 0x00,
    0x07, 0xFC, 0x00, 0x01, 0xF7, 0x80, 0x00, 0x7E, 0xFF, 0xE0, 0x0F, 0x9F, 0xFC, 0x03, 0xE3, 0xFF,
    0x80, 0xFC, 0x7F, 0xF0, 0x1F, 0xFF, 0x00, 0x07, 0xFF, 0xE0, 0x01, 0xFF, 0xFC, 0x00, 0x3F, 0xFF,
    0xFF, 0xCF, 0x80, 0xFF, 0xFB, 0xF0, 0x1F, 0xFF, 0x7C, 0x03, 0xFF, 0xE0, 0x00, 0x18, 0x00, 0x01,
    0xE0, 0x00, 0x1F, 0x00, 0x03, 0xF8, 0x00, 0x1F, 0x00, 0x00, 0x60, 0x00, 0x00, 0x00, 0x03, 0xFB,
    0xF8, 0x7F, 0xFF, 0xE7, 0xFF, 0xFF, 0x9F, 0xFF, 0xFE, 0x63, 0xF1, 0xF0, 0x7F, 0xFF, 0xBF, 0xFF,
    0xFF, 0xFF, 0xFF, 0xFF, 0x1F, 0x00, 0xF0, 0xFC, 0x37, 0xFF, 0xFF, 0xBF, 0xFF, 0xFF, 0xFF, 0x7F,
    0xE3, 0xF1, 0xFE, 0x00, 0x00, 0x30, 0x00, 0x3C, 0x00, 0x3F, 0x80, 0x1F, 0xE0, 0x03, 0xC0, 0x00,
    0x00, 0x40, 0x7F, 0xB8, 0x7F, 0xFE, 0x3F, 0xFF, 0x1F, 0xFF, 0xE7, 0xE1, 0xFB, 0xF0, 0xFF, 0xF8,
    0x7F, 0xFE, 0x1D, 0xFF, 0x0E, 0x3F, 0xC7, 0x8F, 0xFB, 0xC7, 0xFE, 0xE1, 0xFF, 0xF0, 0xFD, 0xF8,
    0x7E, 0x7F, 0xFF, 0x8F, 0xFF, 0xC3, 0xFF, 0xE1, 0xDF, 0xE0, 0x60, 0x00, 0x00, 0x00, 0x00, 0x01,
    0x80, 0x07, 0x80, 0x1F, 0x00, 0x7E, 0x00, 0xF0, 0x00, 0x80, 0x00, 0x04, 0x0F, 0xFE, 0x3F, 0xF8,
    0xFF, 0xF3, 0xFF, 0xF7, 0xCF, 0xEF, 0xBF, 0xDE, 0x77, 0xBD, 0xCF, 0x7F, 0xBE, 0xFE, 0x7D, 0xFF,
    0xF9, 0xFF, 0xE3, 0xFF, 0x8F, 0xFE, 0x0C, 0x00, 0x00, 0x08, 0x20, 0x03, 0x8E, 0x00, 0x7B, 0xE0,
    0x0F, 0xBE, 0x00, 0xFB, 0xC0, 0x06, 0x18, 0x00, 0x00, 0x00, 0x0F, 0x80, 0x01, 0xF0, 0x00, 0x3F,
    0x00, 0x0F, 0xE0, 0x01, 0xFE, 0x00, 0x7F, 0xC0, 0x0F, 0xF8, 0x01, 0xEF, 0x80, 0x7D, 0xF0, 0x0F,
    0x9F, 0x03, 0xE3, 0xE0, 0x7F, 0xFC, 0x0F, 0xFF, 0xC3, 0xFF, 0xF8, 0x7F, 0xFF, 0x0F, 0x01, 0xF3,
    0xE0, 0x3E, 0x7C, 0x03, 0xE0, 0x21, 0x81, 0xCF, 0x0F, 0xBC, 0x1F, 0x78, 0x3E, 0xF0, 0x31, 0x80,
    0x00, 0x07, 0xEF, 0x3F, 0xFD, 0xFF, 0xFF, 0xFF, 0xFE, 0x1F, 0xF8, 0x7F, 0xC0, 0xFF, 0x03, 0xFE,
    0x1F, 0xF8, 0x7F, 0xFF, 0xF7, 0xFF, 0xCF, 0xFF, 0x1F, 0xBC, 0x01, 0xF0, 0x00, 0x7F, 0x00, 0x1F,
    0xF0, 0x03, 0xDE, 0x00, 0x71, 0xC0, 0x00, 0x00, 0x00, 0x7C, 0x00, 0x0F, 0x80, 0x01, 0xF8, 0x00,
    0x7F, 0x00, 0x0F, 0xF0, 0x03, 0xFE, 0x00, 0x7F, 0xC0, 0x0F, 0x7C, 0x03, 0xEF, 0x80, 0x7C, 0xF8,
    0x1F, 0x1F, 0x03, 0xFF, 0xE0, 0x7F, 0xFE, 0x1F, 0xFF, 0xC3, 0xFF, 0xF8, 0x78, 0x0F, 0x9F, 0x01,
    0xF3, 0xE0, 0x1F, 0x07, 0xC0, 0x3F, 0x81, 0xFF, 0x07, 0xBC, 0x1C, 0x70, 0x00, 0x00, 0x00, 0x07,
    0xEF, 0x3F, 0xFD, 0xFF, 0xFF, 0xFF, 0xFE, 0x1F, 0xF8, 0x7F, 0xC0, 0xFF, 0x03, 0xFE, 0x1F, 0xF8,
    0x7F, 0xFF, 0xF7, 0xFF, 0xCF, 0xFF, 0x1F, 0xBC, 0x20, 0x81, 0xC7, 0x0F, 0xBE, 0x1F, 0x7C, 0x3C,
    0xF0, 0x31, 0x80, 0x00, 0x1F, 0xFE, 0x7F, 0xF9, 0xFF, 0xE7, 0xFF, 0x9E, 0x00, 0x78, 0x01, 0xE0,
    0x07, 0xFF, 0x1F, 0xFC, 0x7F, 0xF1, 0xFF, 0xC7, 0x80, 0x1E, 0x00, 0x78, 0x01, 0xFF, 0xF7, 0xFF,
    0xDF, 0xFF, 0x7F, 0xFC, 0x31, 0x81, 0xEF, 0x0F, 0xFE, 0x1F, 0xFC, 0x1E, 0xF0, 0x31, 0x80, 0x00,
    0x03, 0xF8, 0x1F, 0xF0, 0xFF, 0xE7, 0xFF, 0xDF, 0x1F, 0x7F, 0xFD, 0xFF, 0xF7, 0xFF, 0xDF, 0x00,
    0x7E, 0x11, 0xFF, 0xE3, 0xFF, 0xC7, 0xFE, 0x0F, 0xF0, 0x0F, 0x80, 0xFE, 0x0F, 0xF8, 0x7B, 0xC3,
    0x8E, 0x00, 0x03, 0xFF, 0xDF, 0xFE, 0xFF, 0xF7, 0xFF, 0xBC, 0x01, 0xE0, 0x0F, 0x00, 0x7F, 0xF3,
    0xFF, 0x9F, 0xFC, 0xFF, 0xE7, 0x80, 0x3C, 0x01, 0xE0, 0x0F, 0xFF, 0xFF, 0xFF, 0xFF, 0xFF, 0xFF,
    0x0F, 0x80, 0xFE, 0x07, 0xF8, 0x7B, 0xC3, 0xCF, 0x00, 0x00, 0x00, 0x03, 0xF8, 0x3F, 0xE3, 0xFF,
    0xBF, 0xFF, 0xF1, 0xFF, 0xFF, 0xFF, 0xFF, 0xFF, 0xFF, 0x00, 0xFC, 0x27, 0xFF, 0x9F, 0xFE, 0x7F,
    0xE1, 0xFE, 0x00, 0x21, 0x87, 0x38, 0xFB, 0xCF, 0xFE, 0x3C, 0xF1, 0x86, 0x00, 0x03, 0xFF, 0x3F,
    0xF3, 0xFF, 0x3F, 0xF0, 0x78, 0x07, 0x80, 0x78, 0x07, 0x80, 0x78, 0x07, 0x80, 0x78, 0x07, 0x80,
    0x78, 0x07, 0x83, 0xFF, 0x3F, 0xF3, 0xFF, 0x3F, 0xF0, 0x00, 0x01, 0x8E, 0x1E, 0xF0, 0xFF, 0xC3,
    0xFF, 0x0F, 0x38, 0x10, 0x80, 0x00, 0x03, 0xC0, 0x1E, 0x00, 0xF0, 0x07, 0x80, 0x3C, 0x01, 0xE0,
    0x0F, 0x00, 0x78, 0x03, 0xC0, 0x1E, 0x00, 0xF0, 0x07, 0x80, 0x3C, 0x01, 0xE0, 0x1E, 0x1F, 0xE7,
    0xFB, 0xCF, 0x63, 0x80, 0x0F, 0xFF, 0xFF, 0xFF, 0xFF, 0xF1, 0xE0, 0x78, 0x1E, 0x07, 0x81, 0xE0,
    0x78, 0x1E, 0x07, 0x81, 0xE0, 0x78, 0xFF, 0xFF, 0xFF, 0xFF, 0xFF, 0x3F, 0x1F, 0xE7, 0xFB, 0xCF,
    0x61, 0x80, 0x01, 0xE0, 0x78, 0x1E, 0x07, 0x81, 0xE0, 0x78, 0x1E, 0x07, 0x81, 0xE0, 0x78, 0x1E,
    0x07, 0x81, 0xE0, 0x78, 0x00, 0x00, 0x06, 0x18, 0x03, 0xCF, 0x00, 0xFB, 0xE0, 0x1F, 0x7C, 0x01,
    0xCE, 0x00, 0x20, 0x00, 0x1F, 0xE0, 0x1F, 0xFE, 0x0F, 0xFF, 0xC7, 0xFF, 0xF9, 0xF8, 0x7E, 0xFC,
    0x0F, 0xFE, 0x01, 0xFF, 0x80, 0x7F, 0xC0, 0x0F, 0xF0, 0x03, 0xFE, 0x01, 0xFF, 0x80, 0x7F, 0xF0,
    0x3F, 0x7E, 0x1F, 0x9F, 0xFF, 0xE3, 0xFF, 0xF0, 0x7F, 0xF8, 0x07, 0xF8, 0x00, 0x30, 0x80, 0x79,
    0xC0, 0x7F, 0xE0, 0x3F, 0xF0, 0x1E, 0xF0, 0x0C, 0x60, 0x00, 0x00, 0x0F, 0xF0, 0x1F, 0xF8, 0x3F,
    0xFC, 0x7F, 0xFE, 0x7C, 0x3E, 0x7C, 0x3E, 0x78, 0x1E, 0x78, 0x1E, 0x7C, 0x3E, 0x7C, 0x3E, 0x7F,
    0xFE, 0x3F, 0xFC, 0x1F, 0xF8, 0x0F, 0xF0, 0x03, 0xF0, 0x01, 0xFE, 0x00, 0x7F, 0x80, 0x3C, 0xF0,
    0x0E, 0x1C, 0x00, 0x00, 0x00, 0x7F, 0x80, 0x7F, 0xF8, 0x3F, 0xFF, 0x1F, 0xFF, 0xE7, 0xE1, 0xFB,
    0xF0, 0x3F, 0xF8, 0x07, 0xFE, 0x01, 0xFF, 0x00, 0x3F, 0xC0, 0x0F, 0xF8, 0x07, 0xFE, 0x01, 0xFF,
    0xC0, 0xFD, 0xF8, 0x7E, 0x7F, 0xFF, 0x8F, 0xFF, 0xC1, 0xFF, 0xE0, 0x1F, 0xE0, 0x07, 0x80, 0x1F,
    0x80, 0x7F, 0x80, 0xFF, 0x03, 0xCF, 0x00, 0x00, 0x00, 0x00, 0x0F, 0xF0, 0x3F, 0xF0, 0xFF, 0xF3,
    0xFF, 0xF7, 0xC3, 0xEF, 0x87, 0xDE, 0x07, 0xBC, 0x0F, 0x7C, 0x3E, 0xF8, 0x7D, 0xFF, 0xF9, 0xFF,
    0xE1, 0xFF, 0x81, 0xFE, 0x00, 0x20, 0x80, 0x71, 0xC0, 0xFB, 0xE0, 0x7F, 0xF0, 0x3C, 0xF0, 0x18,
    0x60, 0x00, 0x00, 0x7F, 0xF0, 0x7F, 0xFC, 0x7F, 0xFC, 0x7F, 0xFE, 0x78, 0x3E, 0x78, 0x1E, 0x78,
    0x3E, 0x78, 0x7E, 0x7F, 0xFE, 0x7F, 0xFC, 0x7F, 0xF8, 0x7F, 0xF8, 0x78, 0xF8, 0x78, 0xFC, 0x78,
    0x7C, 0x78, 0x7E, 0x78, 0x3E, 0x78, 0x3F, 0x31, 0x83, 0xDE, 0x3F, 0xF8, 0x7B, 0xE1, 0xEF, 0x06,
    0x30, 0x00, 0x03, 0xDF, 0x1F, 0xF8, 0xFF, 0x87, 0xFC, 0x3F, 0x21, 0xF0, 0x0F, 0x00, 0x78, 0x03,
    0xC0, 0x1E, 0x00, 0xF0, 0x07, 0x80, 0x3C, 0x01, 0xE0, 0x00, 0x0F, 0x80, 0x3F, 0x80, 0xFF, 0x83,
    0xEF, 0x03, 0x8E, 0x00, 0x00, 0x3F, 0xF8, 0x7F, 0xFC, 0xFF, 0xF9, 0xFF, 0xFB, 0xC1, 0xF7, 0x81,
    0xEF, 0x07, 0xDE, 0x1F, 0xBF, 0xFF, 0x7F, 0xFC, 0xFF, 0xF1, 0xFF, 0xE3, 0xC7, 0xC7, 0x8F, 0xCF,
    0x0F, 0x9E, 0x1F, 0xBC, 0x1F, 0x78, 0x3F, 0x3F, 0x1F, 0xEF, 0xFB, 0xCF, 0x61, 0x80, 0x0F, 0x7F,
    0xFF, 0xFF, 0xBF, 0xEF, 0xCB, 0xE0, 0xF0, 0x3C, 0x0F, 0x03, 0xC0, 0xF0, 0x3C, 0x0F, 0x03, 0xC0,
    0x20, 0x80, 0xE3, 0x83, 0xEF, 0x83, 0xEF, 0x83, 0xCF, 0x01, 0x8C, 0x00, 0x00, 0x78, 0x0F, 0xF0,
    0x1F, 0xE0, 0x3F, 0xC0, 0x7F, 0x80, 0xFF, 0x01, 0xFE, 0x03, 0xFC, 0x07, 0xF8, 0x0F, 0xF0, 0x1F,
    0xE0, 0x3F, 0xC0, 0x7F, 0xC1, 0xFF, 0xC7, 0xEF, 0xFF, 0x9F, 0xFF, 0x1F, 0xFC, 0x0F, 0xE0, 0x00,
    0x01, 0xC6, 0x0F, 0x3C, 0x3E, 0xF8, 0x7D, 0xF0, 0x73, 0xC0, 0x86, 0x00, 0x00, 0x78, 0x3D, 0xE0,
    0xF7, 0x83, 0xDE, 0x0F, 0x78, 0x3D, 0xE0, 0xF7, 0x83, 0xDE, 0x0F, 0x78, 0x3D, 0xF1, 0xF7, 0xFF,
    0xDF, 0xFF, 0x3F, 0xFC, 0x7E, 0xF0, 0x07, 0xC0, 0x1F, 0xC0, 0x7F, 0xC0, 0xF7, 0x81, 0xC7, 0x00,
    0x00, 0x3C, 0x07, 0xF8, 0x0F, 0xF0, 0x1F, 0xE0, 0x3F, 0xC0, 0x7F, 0x80, 0xFF, 0x01, 0xFE, 0x03,
    0xFC, 0x07, 0xF8, 0x0F, 0xF0, 0x1F, 0xE0, 0x3F, 0xE0, 0xFF, 0xE3, 0xF7, 0xFF, 0xCF, 0xFF, 0x8F,
    0xFE, 0x07, 0xF0, 0x0F, 0x80, 0xFE, 0x0F, 0xF8, 0x7B, 0xC3, 0x8E, 0x00, 0x00, 0x00, 0x1E, 0x0F,
    0xF0, 0x7F, 0x83, 0xFC, 0x1F, 0xE0, 0xFF, 0x07, 0xF8, 0x3F, 0xC1, 0xFE, 0x0F, 0xF8, 0xFF, 0xFF,
    0xFF, 0xFE, 0xFF, 0xF3, 0xF7, 0x80, 0x0F, 0xF0, 0x7F, 0xF0, 0xFF, 0xF3, 0xFF, 0xE7, 0xC3, 0x8F,
    0x82, 0x1F, 0xC0, 0x3F, 0xF0, 0x3F, 0xF8, 0x3F, 0xF8, 0x3F, 0xF0, 0x07, 0xE7, 0x07, 0xCF, 0x0F,
    0xBF, 0xFF, 0x7F, 0xFE, 0x3F, 0xF8, 0x3F, 0xC0, 0x00, 0x00, 0x1E, 0x00, 0x3C, 0x00, 0x78, 0x00,
    0x70, 0x01, 0xE0, 0x07, 0x80, 0x06, 0x00, 0x1F, 0xC3, 0xFE, 0x7F, 0xF7, 0xFE, 0x78, 0xC7, 0xC0,
    0x3F, 0xC1, 0xFE, 0x03, 0xF3, 0x0F, 0x7F, 0xFF, 0xFF, 0x7F, 0xE1, 0xFC, 0x06, 0x00, 0xF0, 0x0F,
    0x00, 0xF0, 0x07, 0x00, 0xF0, 0x0C, 0x00, 0x00, 0xFF, 0xFF, 0xFF, 0xFF, 0xFF, 0xFF, 0xFF, 0xF0,
    0x78, 0x00, 0xF0, 0x01, 0xE0, 0x03, 0xC0, 0x07, 0x80, 0x0F, 0x00, 0x1E, 0x00, 0x3C, 0x00, 0x78,
    0x00, 0xF0, 0x01, 0xE0, 0x03, 0xC0, 0x07, 0x80, 0x0F, 0x00, 0x00, 0x00, 0x3C, 0x00, 0x78, 0x00,
    0xF0, 0x00, 0xE0, 0x03, 0xC0, 0x07, 0x00, 0x0C, 0x00, 0x1E, 0x07, 0x81, 0xE3, 0xFF, 0xFF, 0xFF,
    0xFF, 0xFC, 0x78, 0x1E, 0x07, 0x81, 0xE0, 0x78, 0x1E, 0x07, 0x81, 0xE0, 0x78, 0x1E, 0x00, 0x01,
    0xE0, 0x78, 0x1E, 0x03, 0x81, 0xE0, 0x70, 0x18, 0x00, 0x1F, 0xF1, 0xFF, 0xE7, 0xFF, 0xDE, 0x1F,
    0x20, 0x3C, 0x01, 0xF0, 0x0F, 0xC0, 0xFE, 0x1F, 0xF0, 0x7F, 0xE0, 0xF7, 0xC0, 0x1F, 0x00, 0x3C,
    0x00, 0xF0, 0x03, 0xC0, 0x1F, 0x00, 0xFC, 0x0F, 0xE1, 0xFF, 0x1F, 0xF8, 0x7F, 0x81, 0xF0, 0x06,
    0x00, 0x00, 0x7F, 0x9F, 0xFB, 0xFF, 0xB1, 0xF0, 0x1E, 0x07, 0xC1, 0xF9, 0xFE, 0x3F, 0xC7, 0xFC,
    0xCF, 0x80, 0xF0, 0x1E, 0x07, 0xC0, 0xF8, 0x7E, 0xFF, 0xDF, 0xE3, 0xF0, 0x70, 0x00, 0x38, 0x38,
    0x7D, 0xF0, 0x7F, 0xC0, 0x7F, 0x00, 0x7C, 0x00, 0x00, 0x3C, 0x07, 0xF8, 0x0F, 0xF0, 0x1F, 0xE0,
    0x3F, 0xC0, 0x7F, 0x80, 0xFF, 0x01, 0xFF, 0xFF, 0xFF, 0xFF, 0xFF, 0xFF, 0xF0, 0x1F, 0xE0, 0x3F,
    0xC0, 0x7F, 0x80, 0xFF, 0x01, 0xFE, 0x03, 0xFC, 0x07, 0xF8, 0x0F, 0x70, 0xF0, 0x3C, 0xF0, 0x0F,
    0xF8, 0x03, 0xF8, 0x00, 0xF8, 0x00, 0x00, 0x00, 0x3C, 0x00, 0x1E, 0x00, 0x0F, 0x00, 0x07, 0x80,
    0x03, 0xC0, 0x01, 0xEF, 0xC0, 0xFF, 0xF0, 0x7F, 0xFC, 0x3F, 0x3E, 0x1F, 0x1F, 0x0F, 0x07, 0x87,
    0x83, 0xC3, 0xC1, 0xE1, 0xE0, 0xF0, 0xF0, 0x78, 0x78, 0x3C, 0x3C, 0x1E, 0x1E, 0x0F, 0x0F, 0x07,
    0x80, 0x60, 0xE3, 0xE7, 0xE3, 0xE1, 0x80, 0x08, 0x39, 0xF7, 0xEF, 0x8C, 0x00, 0x0E, 0x07, 0xE1,
    0xFE, 0x7F, 0xE7, 0x1C, 0x00, 0x00, 0x7B, 0xFF, 0xFF, 0xFD, 0xE0, 0xFF, 0xFF, 0xFF, 0xFF, 0xFF,
    0xFF, 0xFC, 0x71, 0xDC, 0xF7, 0xFC, 0xFE, 0x1F, 0x00, 0xFF, 0xFF, 0xF0, 0xF3, 0xDE, 0x7B, 0xCF,
    0x79, 0xE0, 0x23, 0xFF, 0xF7, 0x3C, 0xE3, 0x00, 0x7B, 0xFF, 0xFF, 0xFD, 0xE0, 0x18, 0x41, 0xCE,
    0x3F, 0xF7, 0xFE, 0xFB, 0xC6, 0x38, 0x61, 0xBE, 0xF7, 0xFC, 0xFC, 0x1E, 0x00, 0xFF, 0xF0, 0xEF,
    0xDF, 0xBF, 0x70, 0x31, 0x87, 0x3C, 0xFB, 0xE7, 0xDE, 0x1E, 0xF0, 0xC6, 0x1C, 0x0E, 0x3F, 0x7E,
    0xF7, 0xF9, 0xF8, 0x1F, 0x0F, 0xE7, 0xF9, 0xEF, 0x71, 0xC0, 0x33, 0xBD, 0xCF, 0x7B, 0xC0, 0x7D,
    0xE7, 0x9E, 0x73, 0xC0, 0xF9, 0xE7, 0x9E, 0x38, 0xF0, 0x7D, 0xE7, 0x9E, 0x73, 0xC0, 0x7C, 0x1F,
    0x07, 0xC1, 0xE0, 0x1F, 0x3E, 0x7C, 0xF0, 0x18, 0xFF, 0xF1, 0x80, 0xC6, 0x3F, 0xFC, 0x00, 0xFF,
    0xFC, 0x18, 0x30, 0x60, 0xC1, 0x80, 0x1C, 0xF3, 0xFF, 0xFB, 0xC0, 0x6E, 0xEC, 0xE6, 0x31, 0xBF,
    0xF0, 0xFF, 0xCC, 0x63, 0x00, 0x31, 0xBF, 0xF3, 0x00, 0xFF, 0xC0, 0x1C, 0x71, 0xC7, 0x3F, 0xFF,
    0xFE, 0xE3, 0x8E, 0x38, 0xF3, 0xFF, 0xDF, 0xFF, 0xFF, 0xF0, 0xF3, 0xDE, 0x7B, 0xCF, 0x79, 0xE0,
    0x7B, 0xFF, 0xF3, 0xFD, 0xE0, 0x79, 0xE7, 0x8E, 0x79, 0xC6, 0x00, 0x39, 0xC7, 0xCF, 0x3F, 0xFF,
    0x80, 0x38, 0xF3, 0xC7, 0x4F, 0xDF, 0x9E, 0x00, 0xFF, 0xF0, 0xFF, 0xFF, 0xF0, 0x78, 0x3C, 0x18,
    0x44, 0xDB, 0xB7, 0xFC, 0x44, 0xF1, 0xEF, 0xF8, 0xFE, 0x1F, 0x80, 0x1F, 0x87, 0xF0, 0xFF, 0x3C,
    0xF0, 0x71, 0xDC, 0xF7, 0xFC, 0xFE, 0x1F, 0x00, 0x1F, 0x0F, 0xF1, 0xFF, 0x78, 0xEE, 0x0C, 0x3E,
    0x67, 0xFE, 0x7F, 0xE6, 0x7C, 0xFF, 0xFF, 0xFF, 0xFF, 0xFF, 0xFF, 0xFF, 0xFF, 0xFF, 0xF0, 0x03,
    0xFF, 0xFF, 0xC0, 0x7C, 0xFF, 0xFB, 0xFF, 0x77, 0xC0, 0xFF, 0xFF, 0xFF, 0xFF, 0xFF, 0xFF, 0xFF,
    0xFF, 0xFF, 0xFF, 0xFC, 0x00, 0x00, 0xE0, 0xFC, 0x7E, 0x7E, 0x3F, 0x07, 0x00, 0x00, 0x00, 0xE0,
    0x0E, 0x00, 0xE0, 0x1C, 0x01, 0xC0, 0x3C, 0x03, 0x80, 0x38, 0x07, 0x00, 0x70, 0x07, 0x00, 0xE0,
    0x0E, 0x01, 0xE0, 0x1C, 0x01, 0xC0, 0x38, 0x03, 0x80, 0x78, 0x07, 0x00, 0x70, 0x00, 0xEF, 0x73,
    0xFE, 0xC1, 0xE0, 0xF0, 0x7F, 0xFF, 0xF8, 0xFF, 0xFF, 0xFC, 0x0F, 0x03, 0xFF, 0xDF, 0xF0, 0x7F,
    0xDF, 0xF4, 0x4C, 0x4B, 0xF7, 0x9E, 0xFD, 0x20, 0x73, 0x98, 0xE3, 0x19, 0xC8, 0xFF, 0xFF, 0xF0,
    0x03, 0xFF, 0xFF, 0xC0, 0xFC, 0x7C, 0x1E, 0x0F, 0x1F, 0x3E, 0x7C, 0xF0, 0x7C, 0xFF, 0xFB, 0xFF,
    0x77, 0xC0, 0xFF, 0xDE, 0xF3, 0x00, 0xF7, 0xFF, 0xBF, 0xFF, 0xDE, 0x1C, 0x00, 0xE7, 0x3F, 0xFF,
    0x80, 0xFF, 0xFF, 0xFF, 0x01, 0xE0, 0x3C, 0x06, 0xFF, 0xFF, 0xF0, 0x03, 0xFF, 0xFF, 0xC0, 0xEF,
    0xDF, 0xBF, 0x70, 0xFF, 0xC6, 0x31, 0x80, 0x06, 0x1F, 0xFF, 0xFF, 0xFE, 0x18, 0x00, 0x00, 0x0E,
    0x03, 0x80, 0xE0, 0x41, 0x7F, 0xDF, 0xF6, 0xF8, 0x38, 0x0E, 0x03, 0x80, 0x7D, 0xDF, 0xEE, 0xF9,
    0xF7, 0x7F, 0xBB, 0xE0, 0x00, 0x0C, 0xC7, 0xF9, 0xFF, 0x33, 0x04, 0x80, 0x00, 0xC7, 0x8C, 0x30,
    0xC0, 0xCF, 0x7F, 0xC0, 0x6E, 0xEE, 0xE6, 0x00, 0x3F, 0xBF, 0xFE, 0x7D, 0xD8, 0xE0, 0x70, 0x01,
    0xE7, 0x9E, 0x7D, 0x20, 0x3F, 0xEF, 0x30, 0xCF, 0x7F, 0xC0, 0xC3, 0x3D, 0xC7, 0x7B, 0xFE, 0xCD,
    0xC0, 0x67, 0x77, 0x76, 0xFF, 0xFF, 0x33, 0xFF, 0xDE, 0x78, 0x00, 0x7F, 0xDB, 0xBC, 0xCD, 0xBB,
    0x7F, 0xC4, 0x40, 0x61, 0x8F, 0xDE, 0x18, 0xF0, 0x00, 0xF7, 0xE0, 0x7E, 0x7F, 0xFF, 0xE1, 0xFF,
    0xF8, 0x07, 0xFE, 0x00, 0xF0, 0x00, 0xF7, 0xE0, 0x7E, 0x7F, 0xFF, 0xE1, 0xFF, 0xF8, 0x07, 0xFE,
    0x00, 0xFF, 0xFF, 0xFF, 0xFC, 0xFF, 0xFF, 0xFF, 0xFC, 0x3F, 0xF0, 0x77, 0xFF, 0xFF, 0xFF, 0xFF,
    0xEE, 0x0F, 0xFC, 0x07, 0xFE, 0x01, 0xFF, 0xF8, 0x3F, 0xFF, 0xC7, 0xF0, 0xFE, 0xF0, 0x01, 0xFE,
    0x00, 0x07, 0x00, 0x00, 0x80, 0x00, 0x0C, 0xFF, 0xFF, 0xEF, 0xFF, 0xFF, 0x00, 0x00, 0xC0, 0x00,
    0x08, 0x01, 0xF5, 0xFF, 0xCF, 0xF7, 0xC0, 0x7B, 0xFF, 0xF0, 0xFD, 0xE0, 0xC3, 0xFF, 0x7B, 0xFC,
    0xF3, 0xFD, 0xE0, 0xCF, 0x3C, 0xF7, 0xFC, 0x00, 0x7B, 0xAC, 0x30, 0xE9, 0xE0, 0x0C, 0x3F, 0xFF,
    0xCF, 0x3F, 0xFF, 0xC3, 0x0C, 0x3F, 0xFF, 0x3C, 0xF3, 0xFF, 0xFF, 0xFC, 0xCF, 0x33, 0xCC, 0xC0,
    0xFF, 0xB1, 0x8C, 0x00, 0x63, 0x3E, 0xE6, 0x31, 0xE6, 0xCF, 0xD9, 0xB3, 0xE7, 0x87, 0x00, 0x76,
    0x3E, 0x3C, 0x3E, 0x76, 0x78, 0x0F, 0x80, 0xF8, 0x0F, 0x00, 0x70, 0x00, 0x3F, 0xFF, 0xFF, 0xFF,
    0xFE, 0x03, 0xC0, 0x78, 0x0F, 0x01, 0xFF, 0xBF, 0xF7, 0xFE, 0xF0, 0x1E, 0x03, 0xC0, 0x78, 0x0F,
    0x01, 0xFF, 0xFF, 0xFF, 0xFF, 0x7B, 0xCF, 0x79, 0xEF, 0x3D, 0xE0, 0x01, 0xFF, 0xFF, 0xFF, 0xFF,
    0xF0, 0x1E, 0x03, 0xC0, 0x78, 0x0F, 0xFD, 0xFF, 0xBF, 0xF7, 0x80, 0xF0, 0x1E, 0x03, 0xC0, 0x78,
    0x0F, 0xFF, 0xFF, 0xFF, 0xF8, 0xFF, 0xF8, 0x3F, 0xFE, 0x0F, 0xFF, 0x80, 0x3C, 0x00, 0x0F, 0x00,
    0x03, 0xC0, 0x00, 0xF0, 0x00, 0x3F, 0xF8, 0x0F, 0xFF, 0x83, 0xFF, 0xE0, 0xF8, 0xFC, 0x3C, 0x1F,
    0x0F, 0x03, 0xC3, 0xC1, 0xF0, 0xF0, 0x7C, 0x3D, 0xFF, 0x0F, 0x7F, 0x83, 0xDF, 0xC0, 0x03, 0xE0,
    0xF8, 0x1E, 0x07, 0x80, 0xE0, 0x00, 0x3F, 0xFF, 0xFF, 0xFF, 0xFE, 0x03, 0xC0, 0x78, 0x0F, 0x01,
    0xE0, 0x3C, 0x07, 0x80, 0xF0, 0x1E, 0x03, 0xC0, 0x78, 0x0F, 0x01, 0xE0, 0x3C, 0x07, 0x80, 0x0F,
    0xFC, 0x3F, 0xF8, 0xFF, 0xF3, 0xF0, 0xC7, 0x80, 0x1F, 0x00, 0x3C, 0x00, 0x7F, 0xF8, 0xFF, 0xF1,
    0xFF, 0xE3, 0xC0, 0x07, 0x80, 0x0F, 0x80, 0x1F, 0x00, 0x1F, 0x87, 0x1F, 0xFE, 0x1F, 0xFC, 0x1F,
    0xF0, 0x3F, 0xE7, 0xFF, 0xFF, 0xFF, 0x8E, 0xF0, 0x0F, 0x00, 0xFC, 0x0F, 0xF0, 0x7F, 0xC3, 0xFE,
    0x0F, 0xF0, 0x3F, 0x01, 0xF8, 0x0F, 0xE1, 0xFF, 0xFE, 0xFF, 0xEF, 0xF8, 0xFF, 0xFF, 0xFF, 0xFF,
    0xFF, 0xFF, 0xFF, 0xFF, 0xFF, 0xFF, 0xFF, 0xFF, 0xFF, 0x00, 0x00, 0x3C, 0x3C, 0x3C, 0x3C, 0x3C,
    0x3C, 0x3C, 0x3C, 0x3C, 0x3C, 0x3C, 0x3C, 0x3C, 0x3C, 0x3C, 0x3C, 0x3C, 0x3C, 0x0F, 0x0F, 0x0F,
    0x0F, 0x0F, 0x0F, 0x0F, 0x0F, 0x0F, 0x0F, 0x0F, 0x0F, 0x0F, 0x0F, 0x0F, 0x0F, 0x0F, 0x0F, 0x1F,
    0x1F, 0xFE, 0xFE, 0xFC, 0x0F, 0xFF, 0x00, 0x07, 0xFF, 0x80, 0x03, 0xFF, 0xC0, 0x01, 0xE1, 0xE0,
    0x00, 0xF0, 0xF0, 0x00, 0x78, 0x78, 0x00, 0x3C, 0x3F, 0xF0, 0x1E, 0x1F, 0xFC, 0x0F, 0x0F, 0xFF,
    0x0F, 0x87, 0x8F, 0xC7, 0xC3, 0xC3, 0xE3, 0xE1, 0xE0, 0xF1, 0xF0, 0xF0, 0x78, 0xF8, 0x78, 0x7C,
    0xFC, 0x3C, 0x7F, 0xFC, 0x1F, 0xFE, 0xFE, 0x0F, 0xFF, 0x7E, 0x07, 0xFE, 0x00, 0xF0, 0x3C, 0x01,
    0xE0, 0x78, 0x03, 0xC0, 0xF0, 0x07, 0x81, 0xE0, 0x0F, 0x03, 0xC0, 0x1E, 0x07, 0x80, 0x3C, 0x0F,
    0x00, 0x7F, 0xFF, 0xF8, 0xFF, 0xFF, 0xFD, 0xFF, 0xFF, 0xFF, 0xC0, 0xF0, 0xFF, 0x81, 0xE0, 0xFF,
    0x03, 0xC1, 0xFE, 0x07, 0x83, 0xFC, 0x0F, 0x1F, 0xF8, 0x1F, 0xFF, 0xF0, 0x3F, 0xFD, 0xE0, 0x7F,
    0xE0, 0xFF, 0xF8, 0x7F, 0xFC, 0x3F, 0xFE, 0x01, 0xE0, 0x00, 0xF0, 0x00, 0x78, 0x00, 0x3C, 0x00,
    0x1F, 0xFC, 0x0F, 0xFF, 0x07, 0xFF, 0xC3, 0xE3, 0xE1, 0xE0, 0xF0, 0xF0, 0x78, 0x78, 0x3C, 0x3C,
    0x1E, 0x1E, 0x0F, 0x0F, 0x07, 0x87, 0x83, 0xC0, 0x01, 0xF0, 0x03, 0xE0, 0x07, 0xC0, 0x07, 0x80,
    0x0F, 0x00, 0x00, 0x00, 0xF0, 0x3E, 0xF0, 0x7C, 0xF0, 0xF8, 0xF0, 0xF0, 0xF1, 0xF0, 0xF3, 0xE0,
    0xF7, 0xC0, 0xFF, 0xC0, 0xFF, 0x80, 0xFF, 0xC0, 0xF7, 0xC0, 0xF3, 0xE0, 0xF1, 0xF0, 0xF1, 0xF8,
    0xF0, 0xF8, 0xF0, 0x7C, 0xF0, 0x7E, 0xF0, 0x3E, 0x0F, 0x00, 0x1F, 0x00, 0x1F, 0x00, 0x1E, 0x00,
    0x1C, 0x00, 0x00, 0x3C, 0x0F, 0xF8, 0x3F, 0xF0, 0x7F, 0xE1, 0xFF, 0xC3, 0xFF, 0x8F, 0xFF, 0x1F,
    0xFE, 0x7B, 0xFC, 0xF7, 0xFB, 0xCF, 0xF7, 0x9F, 0xFE, 0x3F, 0xFC, 0x7F, 0xF0, 0xFF, 0xE1, 0xFF,
    0x83, 0xFF, 0x07, 0xFC, 0x0F, 0x0E, 0x3C, 0x07, 0x9E, 0x03, 0xFF, 0x00, 0xFF, 0x00, 0x08, 0x00,
    0x00, 0x03, 0xE0, 0x3E, 0xF8, 0x1E, 0x7C, 0x1F, 0x1E, 0x0F, 0x0F, 0x87, 0x83, 0xC7, 0xC1, 0xF3,
    0xC0, 0x7B, 0xE0, 0x3D, 0xE0, 0x0F, 0xF0, 0x07, 0xF0, 0x03, 0xF8, 0x00, 0xFC, 0x00, 0x7C, 0x00,
    0x7E, 0x01, 0xFE, 0x00, 0xFE, 0x00, 0x7E, 0x00, 0xF0, 0x1F, 0xE0, 0x3F, 0xC0, 0x7F, 0x80, 0xFF,
    0x01, 0xFE, 0x03, 0xFC, 0x07, 0xF8, 0x0F, 0xF0, 0x1F, 0xE0, 0x3F, 0xC0, 0x7F, 0x80, 0xFF, 0x01,
    0xFE, 0x03, 0xFC, 0x07, 0xFF, 0xFF, 0xFF, 0xFF, 0xFF, 0xFC, 0x1E, 0x00, 0x3C, 0x00, 0x78, 0x00,
    0xF0, 0x00, 0x03, 0xF0, 0x01, 0xFC, 0x00, 0x7F, 0x00, 0x1F, 0xE0, 0x0F, 0xF8, 0x03, 0xDE, 0x00,
    0xF7, 0xC0, 0x7D, 0xF0, 0x1F, 0x3C, 0x07, 0x8F, 0x83, 0xE3, 0xE0, 0xFF, 0xF8, 0x3F, 0xFF, 0x1F,
    0xFF, 0xC7, 0xC0, 0xF3, 0xE0, 0x3E, 0xF8, 0x0F, 0xBE, 0x01, 0xF0, 0xFF, 0xF7, 0xFF, 0xBF, 0xFD,
    0xE0, 0x0F, 0x00, 0x78, 0x03, 0xC0, 0x1F, 0xF8, 0xFF, 0xF7, 0xFF, 0xBC, 0x7F, 0xE1, 0xFF, 0x07,
    0xF8, 0x7F, 0xC7, 0xFF, 0xFE, 0xFF, 0xF7, 0xFE, 0x00, 0xFF, 0xE7, 0xFF, 0xBF, 0xFF, 0xE1, 0xFF,
    0x07, 0xF8, 0x3F, 0xC3, 0xFF, 0xFE, 0xFF, 0xE7, 0xFF, 0xBC, 0x7F, 0xE0, 0xFF, 0x07, 0xF8, 0x3F,
    0xC3, 0xFF, 0xFF, 0xFF, 0xF7, 0xFF, 0x00, 0xFF, 0xFF, 0xFF, 0xFF, 0xF8, 0x0F, 0x01, 0xE0, 0x3C,
    0x07, 0x80, 0xF0, 0x1E, 0x03, 0xC0, 0x78, 0x0F, 0x01, 0xE0, 0x3C, 0x07, 0x80, 0xF0, 0x1E, 0x00,
    0x0F, 0xFF, 0x81, 0xFF, 0xF0, 0x3F, 0xFE, 0x07, 0x83, 0xC0, 0xF0, 0x78, 0x1E, 0x0F, 0x03, 0xC1,
    0xE0, 0x78, 0x3C, 0x0F, 0x07, 0x81, 0xE0, 0xF0, 0x7C, 0x1E, 0x0F, 0x83, 0xC1, 0xE0, 0x78, 0x3C,
    0x0F, 0x0F, 0x81, 0xE7, 0xFF, 0xFF, 0xFF, 0xFF, 0xFF, 0xFF, 0xFF, 0xC0, 0x07, 0xF8, 0x00, 0xFF,
    0x00, 0x1F, 0xE0, 0x03, 0xF8, 0x00, 0x38, 0xFF, 0xFF, 0xFF, 0xFF, 0xF8, 0x0F, 0x01, 0xE0, 0x3C,
    0x07, 0xFE, 0xFF, 0xDF, 0xFB, 0xC0, 0x78, 0x0F, 0x01, 0xE0, 0x3C, 0x07, 0xFF, 0xFF, 0xFF, 0xFC,
    0x7C, 0x1E, 0x0F, 0x8F, 0x87, 0x87, 0xC1, 0xE1, 0xE1, 0xE0, 0x7C, 0x78, 0xF8, 0x0F, 0x9E, 0x7C,
    0x01, 0xE7, 0x9E, 0x00, 0x7D, 0xEF, 0x80, 0x0F, 0xFF, 0xC0, 0x03, 0xFF, 0xF0, 0x00, 0xFF, 0xFC,
    0x00, 0x7D, 0xEF, 0x80, 0x1E, 0x7B, 0xE0, 0x0F, 0x9E, 0x7C, 0x07, 0xC7, 0x8F, 0x81, 0xF1, 0xE3,
    0xE0, 0xF8, 0x78, 0x7C, 0x7C, 0x1E, 0x1F, 0x9F, 0x07, 0x83, 0xE0, 0x3F, 0xE3, 0xFF, 0x9F, 0xFE,
    0xE1, 0xF0, 0x07, 0x80, 0x7C, 0x07, 0xE3, 0xFE, 0x1F, 0xE0, 0xFF, 0x80, 0x7E, 0x00, 0xF0, 0x07,
    0x80, 0x3D, 0xC7, 0xEF, 0xFF, 0x7F, 0xF3, 0xFE, 0x00, 0xF0, 0x3F, 0xE0, 0xFF, 0xC1, 0xFF, 0x87,
    0xFF, 0x0F, 0xFE, 0x3F, 0xFC, 0x7F, 0xF9, 0xEF, 0xF3, 0xDF, 0xEF, 0x3F, 0xDE, 0x7F, 0xF8, 0xFF,
    0xF1, 0xFF, 0xC3, 0xFF, 0x87, 0xFE, 0x0F, 0xFC, 0x1F, 0xF0, 0x3C, 0x3C, 0x78, 0x3D, 0xE0, 0x7F,
    0xC0, 0x7F, 0x00, 0x10, 0x00, 0x00, 0x3C, 0x0F, 0xF8, 0x3F, 0xF0, 0x7F, 0xE1, 0xFF, 0xC3, 0xFF,
    0x8F, 0xFF, 0x1F, 0xFE, 0x7B, 0xFC, 0xF7, 0xFB, 0xCF, 0xF7, 0x9F, 0xFE, 0x3F, 0xFC, 0x7F, 0xF0,
    0xFF, 0xE1, 0xFF, 0x83, 0xFF, 0x07, 0xFC, 0x0F, 0xF0, 0x7D, 0xE0, 0xFB, 0xC3, 0xE7, 0x8F, 0x8F,
    0x1F, 0x1E, 0x7C, 0x3D, 0xF0, 0x7F, 0xE0, 0xFF, 0x81, 0xFF, 0x83, 0xDF, 0x07, 0x9F, 0x0F, 0x3F,
    0x1E, 0x3E, 0x3C, 0x3E, 0x78, 0x7E, 0xF0, 0x7D, 0xE0, 0x7C, 0x0F, 0xFF, 0x87, 0xFF, 0xC3, 0xFF,
    0xE1, 0xE0, 0xF0, 0xF0, 0x78, 0x78, 0x3C, 0x3C, 0x1E, 0x1E, 0x0F, 0x0F, 0x07, 0x87, 0x83, 0xC3,
    0xC1, 0xE3, 0xE0, 0xF1, 0xF0, 0x78, 0xF8, 0x3C, 0xFC, 0x1F, 0xFC, 0x0F, 0xFE, 0x07, 0xFE, 0x03,
    0xC0, 0xFC, 0x07, 0xFF, 0x80, 0xFF, 0xF8, 0x1F, 0xFF, 0x07, 0xFF, 0xE0, 0xFF, 0xFC, 0x1F, 0xFF,
    0xC7, 0xFF, 0xF8, 0xEF, 0xF7, 0x1D, 0xFE, 0xF7, 0xBF, 0xDE, 0xF7, 0xF9, 0xDC, 0xFF, 0x3F, 0x9F,
    0xE7, 0xF3, 0xFC, 0xFC, 0x7F, 0x8F, 0x8F, 0xF1, 0xF1, 0xFE, 0x3C, 0x3C, 0xF0, 0x1F, 0xE0, 0x3F,
    0xC0, 0x7F, 0x80, 0xFF, 0x01, 0xFE, 0x03, 0xFC, 0x07, 0xFF, 0xFF, 0xFF, 0xFF, 0xFF, 0xFF, 0xC0,
    0x7F, 0x80, 0xFF, 0x01, 0xFE, 0x03, 0xFC, 0x07, 0xF8, 0x0F, 0xF0, 0x1F, 0xE0, 0x3C, 0x0F, 0xF8,
    0x0F, 0xFE, 0x0F, 0xFF, 0x8F, 0xC7, 0xEF, 0x81, 0xF7, 0xC0, 0x7F, 0xC0, 0x3F, 0xE0, 0x0F, 0xF0,
    0x07, 0xF8, 0x03, 0xFC, 0x01, 0xFE, 0x01, 0xFF, 0x80, 0xFF, 0xC0, 0xF9, 0xF8, 0xFC, 0x7F, 0xFC,
    0x1F, 0xFC, 0x07, 0xFC, 0x00, 0xFF, 0xFF, 0xFF, 0xFF, 0xFF, 0xFF, 0x80, 0xFF, 0x01, 0xFE, 0x03,
    0xFC, 0x07, 0xF8, 0x0F, 0xF0, 0x1F, 0xE0, 0x3F, 0xC0, 0x7F, 0x80, 0xFF, 0x01, 0xFE, 0x03, 0xFC,
    0x07, 0xF8, 0x0F, 0xF0, 0x1F, 0xE0, 0x3C, 0xFF, 0xCF, 0xFE, 0xFF, 0xFF, 0x1F, 0xF0, 0xFF, 0x0F,
    0xF0, 0xFF, 0x0F, 0xF3, 0xFF, 0xFE, 0xFF, 0xEF, 0xF8, 0xF0, 0x0F, 0x00, 0xF0, 0x0F, 0x00, 0xF0,
    0x0F, 0x00, 0x0F, 0xFC, 0x3F, 0xF8, 0xFF, 0xF3, 0xF0, 0xC7, 0xC0, 0x1F, 0x00, 0x3C, 0x00, 0x78,
    0x00, 0xF0, 0x01, 0xE0, 0x03, 0xC0, 0x07, 0x80, 0x0F, 0x80, 0x1F, 0x80, 0x1F, 0x87, 0x1F, 0xFE,
    0x1F, 0xFC, 0x1F, 0xF8, 0xFF, 0xFF, 0xFF, 0xFF, 0xFE, 0x0F, 0x00, 0x78, 0x03, 0xC0, 0x1E, 0x00,
    0xF0, 0x07, 0x80, 0x3C, 0x01, 0xE0, 0x0F, 0x00, 0x78, 0x03, 0xC0, 0x1E, 0x00, 0xF0, 0x07, 0x80,
    0x3C, 0x00, 0xF8, 0x0F, 0xBE, 0x07, 0x9F, 0x07, 0xC7, 0x83, 0xC3, 0xE1, 0xE0, 0xF1, 0xF0, 0x7C,
    0xF0, 0x1E, 0xF8, 0x0F, 0x78, 0x03, 0xFC, 0x01, 0xFC, 0x00, 0xFE, 0x00, 0x3F, 0x00, 0x1F, 0x00,
    0x1F, 0x80, 0x7F, 0x80, 0x3F, 0x80, 0x1F, 0x80, 0x00, 0x00, 0xF0, 0x00, 0x0F, 0x00, 0x0F, 0xFF,
    0x03, 0xFF, 0xFC, 0x7F, 0xFF, 0xEF, 0xCF, 0x3E, 0xF8, 0xF1, 0xFF, 0x0F, 0x1F, 0xF0, 0xF0, 0xFF,
    0x0F, 0x0F, 0xF0, 0xF1, 0xFF, 0x8F, 0x1F, 0xFE, 0xF7, 0xE7, 0xFF, 0xFE, 0x3F, 0xFF, 0xC0, 0xFF,
    0xF0, 0x00, 0xF0, 0x00, 0x0F, 0x00, 0xF8, 0x0F, 0xBE, 0x0F, 0x8F, 0x87, 0x87, 0xC7, 0xC1, 0xF7,
    0xC0, 0x7B, 0xC0, 0x3F, 0xE0, 0x0F, 0xE0, 0x03, 0xF0, 0x03, 0xF8, 0x01, 0xFC, 0x01, 0xFF, 0x01,
    0xF7, 0xC0, 0xF3, 0xE0, 0xF8, 0xF8, 0xF8, 0x3E, 0x7C, 0x1F, 0x7C, 0x07, 0xC0, 0xF0, 0x1E, 0x78,
    0x0F, 0x3C, 0x07, 0x9E, 0x03, 0xCF, 0x01, 0xE7, 0x80, 0xF3, 0xC0, 0x79, 0xE0, 0x3C, 0xF0, 0x1E,
    0x78, 0x0F, 0x3C, 0x07, 0x9E, 0x03, 0xCF, 0x01, 0xE7, 0x80, 0xF3, 0xC0, 0x79, 0xFF, 0xFF, 0xFF,
    0xFF, 0xFF, 0xFF, 0xC0, 0x01, 0xE0, 0x00, 0xF0, 0x00, 0x78, 0x00, 0x3C, 0x00, 0x0E, 0xF0, 0x3F,
    0xC0, 0xFF, 0x03, 0xFC, 0x0F, 0xF0, 0x3F, 0xC0, 0xFF, 0x03, 0xFC, 0x0F, 0xFC, 0xFF, 0xFF, 0xF7,
    0xFF, 0xCF, 0xFF, 0x00, 0x3C, 0x00, 0xF0, 0x03, 0xC0, 0x0F, 0x00, 0x3C, 0x00, 0xF0, 0xF0, 0x78,
    0x3F, 0xE0, 0xF0, 0x7F, 0xC1, 0xE0, 0xFF, 0x83, 0xC1, 0xFF, 0x07, 0x83, 0xFE, 0x0F, 0x07, 0xFC,
    0x1E, 0x0F, 0xF8, 0x3C, 0x1F, 0xF0, 0x78, 0x3F, 0xE0, 0xF0, 0x7F, 0xC1, 0xE0, 0xFF, 0x83, 0xC1,
    0xFF, 0x07, 0x83, 0xFE, 0x0F, 0x07, 0xFC, 0x1E, 0x0F, 0xFF, 0xFF, 0xFF, 0xFF, 0xFF, 0xFF, 0xFF,
    0xFF, 0xFC, 0xF0, 0x78, 0x3C, 0x78, 0x3C, 0x1E, 0x3C, 0x1E, 0x0F, 0x1E, 0x0F, 0x07, 0x8F, 0x07,
    0x83, 0xC7, 0x83, 0xC1, 0xE3, 0xC1, 0xE0, 0xF1, 0xE0, 0xF0, 0x78, 0xF0, 0x78, 0x3C, 0x78, 0x3C,
    0x1E, 0x3C, 0x1E, 0x0F, 0x1E, 0x0F, 0x07, 0x8F, 0x07, 0x83, 0xC7, 0x83, 0xC1, 0xE3, 0xC1, 0xE0,
    0xF1, 0xFF, 0xFF, 0xFF, 0xFF, 0xFF, 0xFF, 0xFF, 0xFF, 0xFF, 0xC0, 0x00, 0x01, 0xE0, 0x00, 0x00,
    0xF0, 0x00, 0x00, 0x78, 0x00, 0x00, 0x3C, 0x00, 0x00, 0x1C, 0xFF, 0x80, 0x3F, 0xE0, 0x0F, 0xF8,
    0x00, 0x1E, 0x00, 0x07, 0x80, 0x01, 0xE0, 0x00, 0x7F, 0xE0, 0x1F, 0xFC, 0x07, 0xFF, 0x81, 0xE3,
    0xF0, 0x78, 0x7C, 0x1E, 0x0F, 0x07, 0x83, 0xC1, 0xE1, 0xF0, 0x78, 0xFC, 0x1F, 0xFE, 0x07, 0xFF,
    0x81, 0xFF, 0x80, 0xF0, 0x01, 0xFE, 0x00, 0x3F, 0xC0, 0x07, 0xF8, 0x00, 0xFF, 0x00, 0x1F, 0xE0,
    0x03, 0xFF, 0xF0, 0x7F, 0xFF, 0x0F, 0xFF, 0xF1, 0xFE, 0x3F, 0x3F, 0xC3, 0xE7, 0xF8, 0x3C, 0xFF,
    0x07, 0x9F, 0xE1, 0xF3, 0xFC, 0x7E, 0x7F, 0xFF, 0x8F, 0xFF, 0xF1, 0xFF, 0xF8, 0x3C, 0xF0, 0x07,
    0x80, 0x3C, 0x01, 0xE0, 0x0F, 0x00, 0x78, 0x03, 0xFF, 0x1F, 0xFC, 0xFF, 0xF7, 0x8F, 0xFC, 0x3F,
    0xE0, 0xFF, 0x07, 0xF8, 0x7F, 0xC7, 0xFF, 0xFE, 0xFF, 0xF7, 0xFE, 0x00, 0x7F, 0xE1, 0xFF, 0xE1,
    0xFF, 0xE3, 0x87, 0xE0, 0x03, 0xC0, 0x07, 0xC0, 0x0F, 0x8F, 0xFF, 0x1F, 0xFE, 0x3F, 0xFC, 0x00,
    0x78, 0x01, 0xF0, 0x03, 0xE0, 0x0F, 0x9C, 0x3F, 0x3F, 0xFC, 0x7F, 0xF0, 0xFF, 0xC0, 0xF0, 0x3F,
    0xC3, 0xC1, 0xFF, 0x8F, 0x0F, 0xFF, 0x3C, 0x7E, 0x7E, 0xF1, 0xE0, 0x7B, 0xCF, 0x81, 0xFF, 0x3C,
    0x07, 0xFF, 0xF0, 0x0F, 0xFF, 0xC0, 0x3F, 0xFF, 0x00, 0xFF, 0x3C, 0x03, 0xFC, 0xF0, 0x1F, 0xF3,
    0xE0, 0x7F, 0xC7, 0x81, 0xEF, 0x1F, 0x9F, 0xBC, 0x3F, 0xFC, 0xF0, 0x7F, 0xE3, 0xC0, 0xFF, 0x00,
    0x0F, 0xFE, 0x3F, 0xFC, 0xFF, 0xF9, 0xF0, 0xF3, 0xC1, 0xE7, 0x83, 0xCF, 0x07, 0x9F, 0x0F, 0x1F,
    0xFE, 0x1F, 0xFC, 0x1F, 0xF8, 0x7C, 0xF1, 0xF1, 0xE3, 0xE3, 0xCF, 0x87, 0x9F, 0x0F, 0x7C, 0x1F,
    0xF0, 0x3C, 0x3F, 0xC7, 0xFE, 0x7F, 0xF3, 0x1F, 0x00, 0xF3, 0xFF, 0x7F, 0xFF, 0xFF, 0xF0, 0xFF,
    0x0F, 0xF9, 0xFF, 0xFF, 0xFF, 0xF7, 0xE7, 0x00, 0x30, 0x3F, 0x87, 0xFC, 0x7F, 0xE7, 0xFE, 0x3E,
    0x03, 0xE0, 0x1E, 0xFC, 0xFF, 0xF7, 0xFF, 0xFE, 0x3F, 0xE0, 0xFF, 0x07, 0xF8, 0x3F, 0xC1, 0xFE,
    0x0F, 0xF8, 0xFB, 0xFF, 0x8F, 0xF8, 0x3F, 0x80, 0xFF, 0xCF, 0xFF, 0xFF, 0xFF, 0x1F, 0xF1, 0xFF,
    0xFE, 0xFF, 0xCF, 0xFF, 0xF1, 0xFF, 0x0F, 0xF1, 0xFF, 0xFF, 0xFF, 0xEF, 0xFC, 0xFF, 0xFF, 0xFF,
    0xFF, 0xC0, 0xF0, 0x3C, 0x0F, 0x03, 0xC0, 0xF0, 0x3C, 0x0F, 0x03, 0xC0, 0xF0, 0x3C, 0x00, 0x1F,
    0xFC, 0x1F, 0xFC, 0x1F, 0xFC, 0x1E, 0x3C, 0x1E, 0x3C, 0x1E, 0x3C, 0x1E, 0x3C, 0x1E, 0x3C, 0x3E,
    0x3C, 0x3E, 0x3C, 0x7C, 0x3C, 0xFF, 0xFF, 0xFF, 0xFF, 0xFF, 0xFF, 0xF0, 0x0F, 0xF0, 0x0F, 0xF0,
    0x0F, 0xE0, 0x0E, 0x1F, 0xC1, 0xFF, 0x9F, 0xFD, 0xF1, 0xFF, 0x07, 0xFF, 0xFF, 0xFF, 0xFF, 0xFF,
    0xF0, 0x07, 0xC0, 0x3F, 0x0C, 0xFF, 0xE3, 0xFF, 0x0F, 0xF8, 0x78, 0x78, 0xF9, 0xF1, 0xE3, 0xC3,
    0xE7, 0x9E, 0x07, 0x9E, 0xF8, 0x1F, 0x7B, 0xC0, 0x3F, 0xFE, 0x00, 0x7F, 0xF8, 0x03, 0xFF, 0xE0,
    0x1F, 0x7B, 0xC0, 0x7D, 0xEF, 0x83, 0xE7, 0x9E, 0x1F, 0x1E, 0x7C, 0x7C, 0x78, 0xFB, 0xE1, 0xE3,
    0xE0, 0x7F, 0xC7, 0xFF, 0x7F, 0xF3, 0x1F, 0x01, 0xF1, 0xFE, 0x1F, 0xC1, 0xFF, 0x01, 0xF0, 0x0F,
    0x61, 0xF7, 0xFF, 0x7F, 0xE7, 0xFC, 0xF0, 0xFF, 0x8F, 0xFC, 0x7F, 0xE7, 0xFF, 0x3F, 0xFB, 0xFF,
    0xDF, 0xFF, 0xEF, 0xFF, 0x7F, 0xF3, 0xFF, 0x9F, 0xF8, 0xFF, 0xC7, 0xFC, 0x3C, 0x78, 0xF3, 0xEF,
    0x8F, 0xF8, 0x7F, 0xC1, 0xFC, 0x00, 0x03, 0xC3, 0xFE, 0x3F, 0xF1, 0xFF, 0x9F, 0xFC, 0xFF, 0xEF,
    0xFF, 0x7F, 0xFF, 0xBF, 0xFD, 0xFF, 0xCF, 0xFE, 0x7F, 0xE3, 0xFF, 0x1F, 0xF0, 0xF0, 0xF0, 0xFB,
    0xC3, 0xCF, 0x1F, 0x3C, 0xF8, 0xF3, 0xC3, 0xDF, 0x0F, 0xF8, 0x3F, 0xE0, 0xFF, 0xC3, 0xDF, 0x8F,
    0x3E, 0x3C, 0x7C, 0xF0, 0xFB, 0xC3, 0xE0, 0x1F, 0xFC, 0x7F, 0xF1, 0xFF, 0xC7, 0x8F, 0x1E, 0x3C,
    0x78, 0xF1, 0xE3, 0xCF, 0x8F, 0x3E, 0x3C, 0xF8, 0xFF, 0xE3, 0xFF, 0x0F, 0xFC, 0x3F, 0xE0, 0xF0,
    0xFC, 0x1F, 0xFE, 0x0F, 0xFF, 0x8F, 0xFF, 0xC7, 0xFF, 0xE3, 0xFF, 0xF9, 0xFF, 0xFD, 0xFF, 0xEE,
    0xEF, 0xF7, 0xF7, 0xFB, 0xFB, 0xFC, 0xF9, 0xFE, 0x7C, 0xFF, 0x3E, 0x7F, 0x8E, 0x3C, 0xF0, 0x7F,
    0x83, 0xFC, 0x1F, 0xE0, 0xFF, 0x07, 0xF8, 0x3F, 0xFF, 0xFF, 0xFF, 0xFF, 0xFF, 0x83, 0xFC, 0x1F,
    0xE0, 0xFF, 0x07, 0xF8, 0x3C, 0x1F, 0xC1, 0xFF, 0x1F, 0xFD, 0xF1, 0xFF, 0x8F, 0xF8, 0x3F, 0xC1,
    0xFE, 0x0F, 0xF0, 0x7F, 0xC7, 0xFE, 0x3E, 0xFF, 0xE3, 0xFE, 0x0F, 0xE0, 0xFF, 0xFF, 0xFF, 0xFF,
    0xFF, 0x0F, 0xF0, 0xFF, 0x0F, 0xF0, 0xFF, 0x0F, 0xF0, 0xFF, 0x0F, 0xF0, 0xFF, 0x0F, 0xF0, 0xFF,
    0x0F, 0xF7, 0xE7, 0xFF, 0xBF, 0xFD, 0xF3, 0xFF, 0x0F, 0xF8, 0x3F, 0xC1, 0xFE, 0x0F, 0xF0, 0x7F,
    0xC7, 0xFE, 0x7F, 0xFF, 0xEF, 0xFF, 0x7B, 0xE3, 0xC0, 0x1E, 0x00, 0xF0, 0x07, 0x80, 0x3C, 0x01,
    0xE0, 0x00, 0x1F, 0xE7, 0xFD, 0xFF, 0xFE, 0x2F, 0x81, 0xE0, 0x3C, 0x07, 0x80, 0xF0, 0x1F, 0x03,
    0xF1, 0xBF, 0xF3, 0xFE, 0x3F, 0xC0, 0xFF, 0xFF, 0xFF, 0xFF, 0xF0, 0xF0, 0x0F, 0x00, 0xF0, 0x0F,
    0x00, 0xF0, 0x0F, 0x00, 0xF0, 0x0F, 0x00, 0xF0, 0x0F, 0x00, 0xF0, 0xF8, 0x3F, 0xF0, 0x7D, 0xF0,
    0xF3, 0xE3, 0xE3, 0xC7, 0x87, 0xCF, 0x0F, 0xBE, 0x0F, 0x78, 0x1F, 0xF0, 0x1F, 0xE0, 0x3F, 0x80,
    0x7F, 0x00, 0x7C, 0x00, 0xF8, 0x01, 0xF0, 0x03, 0xC0, 0x0F, 0x80, 0xFE, 0x01, 0xFC, 0x03, 0xE0,
    0x00, 0x01, 0xE0, 0x00, 0x78, 0x00, 0x1E, 0x00, 0x07, 0x80, 0x01, 0xE0, 0x03, 0xFF, 0x03, 0xFF,
    0xF1, 0xFF, 0xFE, 0xFD, 0xEF, 0xFE, 0x79, 0xFF, 0x1E, 0x3F, 0xC7, 0x8F, 0xF1, 0xE3, 0xFC, 0x78,
    0xFF, 0x9E, 0x7F, 0xF7, 0xBF, 0x7F, 0xFF, 0x8F, 0xFF, 0xC0, 0xFF, 0xC0, 0x07, 0x80, 0x01, 0xE0,
    0x00, 0x78, 0x00, 0x1E, 0x00, 0x07, 0x80, 0x01, 0xE0, 0x00, 0x7C, 0x3E, 0xF8, 0xF8, 0xFB, 0xE1,
    0xF7, 0xC1, 0xFF, 0x01, 0xFC, 0x03, 0xF8, 0x07, 0xF0, 0x0F, 0xE0, 0x3F, 0xE0, 0xFB, 0xE1, 0xE3,
    0xC7, 0xC7, 0xDF, 0x07, 0xC0, 0xF0, 0xF3, 0xC3, 0xCF, 0x0F, 0x3C, 0x3C, 0xF0, 0xF3, 0xC3, 0xCF,
    0x0F, 0x3C, 0x3C, 0xF0, 0xF3, 0xC3, 0xCF, 0x0F, 0x3F, 0xFF, 0xFF, 0xFF, 0xFF, 0xF0, 0x03, 0xC0,
    0x0F, 0x00, 0x3C, 0x00, 0x00, 0xF0, 0x7F, 0x83, 0xFC, 0x1F, 0xE0, 0xFF, 0x07, 0xF8, 0x3F, 0xE3,
    0xFF, 0xFF, 0x7F, 0xF9, 0xFF, 0xC0, 0x1E, 0x00, 0xF0, 0x07, 0x80, 0x3C, 0xF0, 0xF0, 0xFF, 0x0F,
    0x0F, 0xF0, 0xF0, 0xFF, 0x0F, 0x0F, 0xF0, 0xF0, 0xFF, 0x0F, 0x0F, 0xF0, 0xF0, 0xFF, 0x0F, 0x0F,
    0xF0, 0xF0, 0xFF, 0x0F, 0x0F, 0xF0, 0xF0, 0xFF, 0xFF, 0xFF, 0xFF, 0xFF, 0xFF, 0xFF, 0xFF, 0xF0,
    0xF0, 0xF3, 0xC3, 0xC3, 0xCF, 0x0F, 0x0F, 0x3C, 0x3C, 0x3C, 0xF0, 0xF0, 0xF3, 0xC3, 0xC3, 0xCF,
    0x0F, 0x0F, 0x3C, 0x3C, 0x3C, 0xF0, 0xF0, 0xF3, 0xC3, 0xC3, 0xCF, 0x0F, 0x0F, 0x3F, 0xFF, 0xFF,
    0xFF, 0xFF, 0xFF, 0xFF, 0xFF, 0xF0, 0x00, 0x03, 0xC0, 0x00, 0x0F, 0x00, 0x00, 0x3C, 0x00, 0x00,
    0xE0, 0xFF, 0x00, 0xFF, 0x00, 0xFF, 0x00, 0x0F, 0x00, 0x0F, 0x00, 0x0F, 0xFC, 0x0F, 0xFE, 0x0F,
    0xFF, 0x0F, 0x1F, 0x0F, 0x0F, 0x0F, 0x1F, 0x0F, 0xFF, 0x0F, 0xFE, 0x0F, 0xFC, 0xF0, 0x07, 0xF8,
    0x03, 0xFC, 0x01, 0xFE, 0x00, 0xFF, 0x00, 0x7F, 0xFE, 0x3F, 0xFF, 0x9F, 0xFF, 0xEF, 0xF1, 0xF7,
    0xF8, 0x7B, 0xFC, 0x7D, 0xFF, 0xFE, 0xFF, 0xFE, 0x7F, 0xFE, 0x3C, 0xF0, 0x0F, 0x00, 0xF0, 0x0F,
    0x00, 0xF0, 0x0F, 0xFC, 0xFF, 0xEF, 0xFF, 0xF1, 0xFF, 0x0F, 0xF1, 0xFF, 0xFF, 0xFF, 0xEF, 0xFC,
    0xFF, 0x8F, 0xFC, 0x7F, 0xE6, 0x3F, 0x01, 0xF3, 0xFF, 0x3F, 0xF3, 0xFF, 0x01, 0xF0, 0x1F, 0xC3,
    0xEF, 0xFE, 0xFF, 0xCF, 0xF8, 0xF0, 0xFE, 0x3C, 0x7F, 0xCF, 0x3F, 0xFB, 0xDF, 0x9F, 0xF7, 0xC7,
    0xFF, 0xE0, 0xFF, 0xF8, 0x3F, 0xFE, 0x0F, 0xF7, 0x83, 0xFD, 0xF1, 0xFF, 0x3E, 0x7F, 0xCF, 0xFE,
    0xF1, 0xFF, 0x3C, 0x3F, 0x80, 0x0F, 0xFC, 0x7F, 0xF3, 0xFF, 0xCF, 0x8F, 0x3C, 0x3C, 0xF8, 0xF3,
    0xFF, 0xC7, 0xFF, 0x0F, 0xFC, 0x7C, 0xF1, 0xF3, 0xCF, 0x8F, 0x7C, 0x3D, 0xF0, 0xF0, 0x3E, 0x01,
    0xF0, 0x07, 0xC0, 0x0F, 0x00, 0x38, 0x00, 0x00, 0x7F, 0x07, 0xFE, 0x7F, 0xF7, 0xC7, 0xFC, 0x1F,
    0xFF, 0xFF, 0xFF, 0xFF, 0xFF, 0xC0, 0x1F, 0x00, 0xFC, 0x33, 0xFF, 0x8F, 0xFC, 0x3F, 0xE0, 0x3D,
    0xE1, 0xEF, 0x0F, 0x78, 0x00, 0x00, 0x00, 0x0F, 0xE0, 0xFF, 0xCF, 0xFE, 0xF8, 0xFF, 0x83, 0xFF,
    0xFF, 0xFF, 0xFF, 0xFF, 0xF8, 0x03, 0xE0, 0x1F, 0x86, 0x7F, 0xF1, 0xFF, 0x87, 0xFC, 0x3C, 0x01,
    0xFF, 0x83, 0xFF, 0x07, 0xFE, 0x03, 0xC0, 0x07, 0x80, 0x0F, 0x7E, 0x1F, 0xFE, 0x3F, 0xFE, 0x7E,
    0x7C, 0xF8, 0xF9, 0xE0, 0xF3, 0xC1, 0xE7, 0x83, 0xCF, 0x07, 0x9E, 0x0F, 0x3C, 0x1E, 0x78, 0x3C,
    0xF0, 0x78, 0x00, 0xF0, 0x01, 0xE0, 0x07, 0xC0, 0x7F, 0x80, 0xFE, 0x01, 0xF8, 0x07, 0xC1, 0xF0,
    0xF8, 0x78, 0x1C, 0x00, 0x0F, 0xFF, 0xFF, 0xFF, 0xFC, 0x0F, 0x03, 0xC0, 0xF0, 0x3C, 0x0F, 0x03,
    0xC0, 0xF0, 0x3C, 0x0F, 0x03, 0xC0, 0x1F, 0xE7, 0xFD, 0xFF, 0xFE, 0x2F, 0x81, 0xFF, 0x3F, 0xE7,
    0xFC, 0xF0, 0x1F, 0x03, 0xF1, 0xBF, 0xF3, 0xFE, 0x3F, 0xC0, 0x3F, 0xDF, 0xFF, 0xFF, 0x78, 0xEF,
    0x81, 0xFC, 0x1F, 0xE1, 0xFE, 0x0F, 0xE0, 0x7F, 0x8F, 0xFF, 0xFF, 0xFD, 0xFF, 0x00, 0xFF, 0xFF,
    0x0F, 0xFF, 0xFF, 0xFF, 0xFF, 0xFF, 0xFF, 0xF0, 0xEF, 0xDF, 0xBF, 0x70, 0x0F, 0x1E, 0x3C, 0x78,
    0xF1, 0xE3, 0xC7, 0x8F, 0x1E, 0x3C, 0x78, 0xF1, 0xE0, 0x1E, 0x3C, 0x78, 0xF0, 0x03, 0xC7, 0x8F,
    0x1E, 0x3C, 0x78, 0xF1, 0xE3, 0xC7, 0x8F, 0x1E, 0x3C, 0x78, 0xF1, 0xE7, 0xFF, 0xFE, 0xF8, 0x1F,
    0xFC, 0x00, 0xFF, 0xE0, 0x07, 0xFF, 0x00, 0x3C, 0x78, 0x01, 0xE3, 0xFE, 0x0F, 0x1F, 0xF8, 0x78,
    0xFF, 0xE3, 0xC7, 0x9F, 0x1E, 0x3C, 0x79, 0xF1, 0xE3, 0xCF, 0x8F, 0x3F, 0xFC, 0x7F, 0xFF, 0xC3,
    0xFF, 0x7C, 0x1F, 0xF0, 0xF0, 0xF0, 0x0F, 0x0F, 0x00, 0xF0, 0xF0, 0x0F, 0x0F, 0x00, 0xF0, 0xF0,
    0x0F, 0xFF, 0xFC, 0xFF, 0xFF, 0xEF, 0xFF, 0xFF, 0xF0, 0xF1, 0xFF, 0x0F, 0x0F, 0xF0, 0xF1, 0xFF,
    0x0F, 0xFF, 0xF0, 0xFF, 0xEF, 0x0F, 0xFC, 0x3C, 0x01, 0xFF, 0x83, 0xFF, 0x07, 0xFE, 0x03, 0xC0,
    0x07, 0x80, 0x0F, 0x7E, 0x1F, 0xFE, 0x3F, 0xFE, 0x7E, 0x7C, 0xF8, 0xF9, 0xE0, 0xF3, 0xC1, 0xE7,
    0x83, 0xCF, 0x07, 0x9E, 0x0F, 0x3C, 0x1E, 0x78, 0x3C, 0xF0, 0x78, 0x01, 0xF0, 0x0F, 0x80, 0x7C,
    0x01, 0xE0, 0x0F, 0x00, 0x00, 0x0F, 0x0F, 0xBC, 0x3C, 0xF1, 0xF3, 0xCF, 0x8F, 0x3C, 0x3D, 0xF0,
    0xFF, 0x83, 0xFE, 0x0F, 0xFC, 0x3D, 0xF8, 0xF3, 0xE3, 0xC7, 0xCF, 0x0F, 0xBC, 0x3E, 0x3E, 0x01,
    0xF0, 0x03, 0xC0, 0x0F, 0x00, 0x38, 0x00, 0x03, 0xC3, 0xFE, 0x3F, 0xF1, 0xFF, 0x9F, 0xFC, 0xFF,
    0xEF, 0xFF, 0x7F, 0xFF, 0xBF, 0xFD, 0xFF, 0xCF, 0xFE, 0x7F, 0xE3, 0xFF, 0x1F, 0xF0, 0xF0, 0x1E,
    0x78, 0x3C, 0xF0, 0x7F, 0xE0, 0x7F, 0x80, 0x7E, 0x00, 0x00, 0x3E, 0x0F, 0xFC, 0x1F, 0x7C, 0x3C,
    0xF8, 0xF8, 0xF1, 0xE1, 0xF3, 0xC3, 0xEF, 0x83, 0xDE, 0x07, 0xFC, 0x07, 0xF8, 0x0F, 0xE0, 0x1F,
    0xC0, 0x1F, 0x00, 0x3E, 0x00, 0x7C, 0x00, 0xF0, 0x03, 0xE0, 0x3F, 0x80, 0x7F, 0x00, 0xF8, 0x00,
    0xF0, 0xFF, 0x0F, 0xF0, 0xFF, 0x0F, 0xF0, 0xFF, 0x0F, 0xF0, 0xFF, 0x0F, 0xF0, 0xFF, 0x0F, 0xF0,
    0xFF, 0xFF, 0xFF, 0xFF, 0xFF, 0x0F, 0x00, 0xF0, 0x0F, 0x00, 0xF0, 0xF0, 0x78, 0x1F, 0xE0, 0xF0,
    0x3F, 0xC1, 0xF0, 0x7F, 0x83, 0xE0, 0xFF, 0x87, 0xC3, 0xFF, 0x0F, 0x87, 0xFE, 0x1F, 0x0F, 0xBC,
    0x3E, 0x1F, 0x78, 0xFE, 0x3C, 0xF9, 0xFC, 0x79, 0xF3, 0xF9, 0xF1, 0xEF, 0xFB, 0xE3, 0xFF, 0xF7,
    0x83, 0xFD, 0xFF, 0x07, 0xF3, 0xFC, 0x0F, 0xE3, 0xF8, 0x0F, 0xC7, 0xE0, 0x1F, 0x87, 0xC0, 0xF0,
    0xF0, 0xFF, 0x87, 0x87, 0xFC, 0x3E, 0x3D, 0xE1, 0xF1, 0xEF, 0x8F, 0x8F, 0x7C, 0x7C, 0xF9, 0xE3,
    0xE7, 0xCF, 0x3F, 0xBC, 0x7D, 0xFD, 0xE1, 0xFF, 0xFF, 0x0F, 0xFF, 0xF0, 0x3F, 0x3F, 0x81, 0xF9,
    0xF8, 0x07, 0x87, 0xC0, 0x1E, 0x00, 0x1E, 0x00, 0xFF, 0xF0, 0xFF, 0xF0, 0xFF, 0xF0, 0x1E, 0x00,
    0x1E, 0x00, 0x1F, 0xF8, 0x1F, 0xFE, 0x1F, 0xFE, 0x1E, 0x3F, 0x1E, 0x1F, 0x1E, 0x0F, 0x1E, 0x1F,
    0x1E, 0x3F, 0x1F, 0xFE, 0x1F, 0xFE, 0x1F, 0xF8, 0x1E, 0x00, 0x1E, 0x00, 0x1E, 0x00, 0xFF, 0xE0,
    0xFF, 0xE0, 0xFF, 0xE0, 0x1E, 0x00, 0x1E, 0x00, 0x1F, 0xFC, 0x1F, 0xFE, 0x1F, 0xFF, 0x1E, 0x1F,
    0x1E, 0x0F, 0x1E, 0x1F, 0x1F, 0xFF, 0x1F, 0xFE, 0x1F, 0xFC, 0xF0, 0x1F, 0xF7, 0x83, 0xFF, 0xFC,
    0x3F, 0xFD, 0xE3, 0xF0, 0xEF, 0x1F, 0x00, 0x79, 0xF0, 0x03, 0xCF, 0x80, 0x1F, 0xFF, 0xF8, 0xFF,
    0xFF, 0xC7, 0xFF, 0xFE, 0x3C, 0xF8, 0x01, 0xE7, 0xC0, 0x0F, 0x3E, 0x00, 0x78, 0xF8, 0x03, 0xC7,
    0xF1, 0xDE, 0x1F, 0xFE, 0xF0, 0x7F, 0xF7, 0x80, 0xFF, 0x80, 0xF0, 0x7F, 0xBC, 0x3F, 0xFF, 0x1F,
    0xFB, 0xC7, 0xC6, 0xF3, 0xE0, 0x3F, 0xFF, 0xCF, 0xFF, 0xF3, 0xFF, 0xFC, 0xF3, 0xE0, 0x3C, 0xF8,
    0x0F, 0x1F, 0x1B, 0xC7, 0xFE, 0xF0, 0xFF, 0xBC, 0x1F, 0xE0, 0x01, 0xF8, 0x00, 0x3F, 0x80, 0x03,
    0xFC, 0x00, 0x3F, 0xC0, 0x07, 0xBE, 0x00, 0x79, 0xE0, 0x0F, 0x1E, 0x00, 0xFF, 0xF0, 0x0F, 0xFF,
    0x01, 0xFF, 0xF0, 0x1E, 0xF7, 0x81, 0xEF, 0x78, 0x3C, 0xF7, 0xC3, 0xCF, 0x3C, 0x7C, 0xF3, 0xC7,
    0x8F, 0x3E, 0x78, 0xF1, 0xEF, 0x8F, 0x1E, 0x03, 0xF0, 0x01, 0xFC, 0x00, 0x7F, 0x80, 0x1F, 0xE0,
    0x0F, 0x3C, 0x03, 0xCF, 0x01, 0xFF, 0xC0, 0x7F, 0xF8, 0x3F, 0xFE, 0x0F, 0x7B, 0xC3, 0xDE, 0xF1,
    0xE7, 0xBE, 0x79, 0xE7, 0xBE, 0x79, 0xE0, 0xF0, 0x1F, 0x80, 0xF0, 0x3F, 0x80, 0xF0, 0x3F, 0xC0,
    0xF0, 0x3F, 0xC0, 0xF0, 0x7B, 0xE0, 0xF0, 0x79, 0xE0, 0xF0, 0x71, 0xE0, 0xFF, 0xFF, 0xF0, 0xFF,
    0xFF, 0xF0, 0xFF, 0xFF, 0xF0, 0xF1, 0xEF, 0x78, 0xF1, 0xEF, 0x78, 0xF3, 0xCF, 0x7C, 0xF3, 0xCF,
    0x3C, 0xF3, 0xCF, 0x3C, 0xF7, 0x8F, 0x3E, 0xF7, 0x8F, 0x1E, 0xFF, 0x8F, 0x1E, 0xF0, 0x3F, 0x03,
    0xC1, 0xFC, 0x0F, 0x07, 0xF8, 0x3C, 0x1F, 0xE0, 0xF0, 0xF3, 0xC3, 0xFF, 0xCF, 0x0F, 0xFF, 0xFC,
    0x3F, 0xFF, 0xF8, 0xF1, 0xDF, 0xE3, 0xCF, 0x7B, 0xCF, 0x3D, 0xEF, 0x3C, 0xF7, 0xBE, 0xF7, 0x9E,
    0x7B, 0xDE, 0x79, 0xE0, 0x3F, 0xFF, 0xC3, 0xFF, 0xFC, 0x3F, 0xFF, 0xC1, 0xF0, 0xF8, 0x0F, 0x9F,
    0x00, 0x7B, 0xE0, 0x07, 0xFC, 0x00, 0x7F, 0xE0, 0x0F, 0xFF, 0x01, 0xFF, 0xF8, 0x3F, 0xFF, 0x83,
    0xEF, 0x7C, 0x3C, 0xF3, 0xC7, 0xCF, 0x3C, 0x7C, 0xF3, 0xE7, 0x8F, 0x1E, 0xF8, 0xF1, 0xEF, 0x8F,
    0x1F, 0x3F, 0xFE, 0x3F, 0xFE, 0x3F, 0xFE, 0x1E, 0x3C, 0x0F, 0x78, 0x07, 0xF8, 0x0F, 0xF8, 0x1F,
    0xFC, 0x1F, 0xFE, 0x3D, 0xFE, 0x3D, 0xEE, 0x79, 0xEF, 0x79, 0xEF, 0x79, 0xE7, 0xF1, 0xFF, 0xFE,
    0x78, 0xFF, 0xFF, 0x3C, 0x7F, 0xFF, 0x9E, 0x1F, 0x0F, 0x8F, 0x07, 0x8F, 0x87, 0x81, 0xE7, 0x83,
    0xC0, 0xFF, 0x81, 0xFF, 0xFF, 0xC0, 0xFF, 0xFF, 0xF8, 0x7F, 0xFF, 0xFE, 0x3C, 0x3F, 0xFF, 0x1E,
    0x3E, 0xF7, 0xCF, 0x1E, 0x79, 0xE7, 0x9F, 0x3C, 0xF3, 0xCF, 0x9E, 0x7D, 0xE7, 0x8F, 0x1E, 0xF7,
    0xC7, 0x8F, 0x7B, 0xE3, 0xC7, 0xC0, 0xF3, 0xFF, 0xEF, 0x3F, 0xFE, 0xF3, 0xFF, 0xEF, 0x1E, 0x7C,
    0xF0, 0xFF, 0x8F, 0xFF, 0xF0, 0xFF, 0xFF, 0x8F, 0xFF, 0xFC, 0xF3, 0xFF, 0xCF, 0x3B, 0xDE, 0xF3,
    0xBD, 0xEF, 0x7B, 0xCE, 0xF7, 0xBC, 0xFF, 0x73, 0xCF, 0x3C, 0x78, 0x7B, 0xE1, 0xFE, 0x03, 0xF0,
    0x3F, 0xF3, 0xFF, 0xEF, 0xFF, 0xDC, 0x1F, 0x00, 0x3C, 0x01, 0xF0, 0x1F, 0x87, 0xFE, 0x1F, 0xE0,
    0x7F, 0xE0, 0x1F, 0xC0, 0x1F, 0x00, 0x3C, 0x00, 0xF0, 0x0F, 0xCF, 0xFF, 0xFF, 0xFB, 0xFF, 0x8F,
    0x80, 0x3C, 0x00, 0xFF, 0xF3, 0xFF, 0xC7, 0xFF, 0x00, 0x04, 0x78, 0xF1, 0xEF, 0x87, 0xF0, 0xFF,
    0xCF, 0xFF, 0x3F, 0xF9, 0x83, 0xC0, 0x1E, 0x1F, 0xF0, 0xFF, 0x07, 0xFC, 0x03, 0xF0, 0x07, 0x80,
    0x7C, 0xFF, 0xEF, 0xFE, 0xFF, 0xE7, 0x80, 0x3C, 0x01, 0xFF, 0xCF, 0xFE, 0x3F, 0xF0, 0x00, 0x80,
    0xF1, 0xE3, 0xFC, 0x78, 0xFF, 0x1E, 0x3F, 0xC7, 0x8F, 0xF1, 0xE3, 0xFC, 0x78, 0xFF, 0x1E, 0x3F,
    0xC7, 0x8F, 0xF9, 0xE7, 0xFF, 0x7B, 0xE7, 0xFF, 0xF8, 0xFF, 0xFC, 0x1F, 0xFE, 0x00, 0x78, 0x00,
    0x1E, 0x00, 0x07, 0x80, 0x01, 0xE0, 0x00, 0x78, 0x00, 0x01, 0xE0, 0x00, 0x78, 0x00, 0x1E, 0x00,
    0x07, 0x80, 0x01, 0xE0, 0x3C, 0x79, 0xEF, 0x1E, 0x7F, 0xC7, 0x9F, 0xF1, 0xE7, 0xFC, 0x78, 0xFF,
    0x1E, 0x3F, 0xC7, 0x8F, 0xF1, 0xE3, 0xFC, 0x79, 0xFF, 0x9E, 0x7F, 0xF7, 0xFE, 0x7F, 0xFF, 0x9F,
    0xFF, 0xC1, 0xFF, 0xE0, 0x07, 0x80, 0x01, 0xE0, 0x00, 0x78, 0x00, 0x1E, 0x00, 0x07, 0x80, 0x01,
    0xE0, 0x00, 0x0F, 0xF8, 0x0F, 0xFE, 0x0F, 0xFF, 0x8F, 0xC7, 0xEF, 0x80, 0xFF, 0xC0, 0x7F, 0xC0,
    0x1F, 0xFF, 0xFF, 0xFF, 0xFF, 0xFF, 0xFF, 0xFC, 0x01, 0xFE, 0x00, 0xFF, 0x80, 0xFF, 0xC0, 0x7D,
    0xF8, 0xFC, 0x7F, 0xFC, 0x1F, 0xFC, 0x07, 0xFC, 0x00, 0x1F, 0xC1, 0xFF, 0x1F, 0xFD, 0xF1, 0xFF,
    0x07, 0xFF, 0xFF, 0xFF, 0xFF, 0xFF, 0xF0, 0x7F, 0xC7, 0xFE, 0x3E, 0xFF, 0xE3, 0xFE, 0x0F, 0xE0,
    0xF8, 0x07, 0xFE, 0x03, 0xF7, 0x80, 0xFD, 0xF0, 0x3C, 0x7C, 0x1F, 0x0F, 0x07, 0x83, 0xE1, 0xE0,
    0xF8, 0xF8, 0x1E, 0x3C, 0x07, 0xCF, 0x01, 0xF7, 0x80, 0x3D, 0xE0, 0x0F, 0x78, 0x03, 0xFC, 0x00,
    0x7F, 0x00, 0x1F, 0xC0, 0x03, 0xE0, 0x00, 0xF8, 0x00, 0x78, 0x0F, 0x7C, 0x1F, 0x3C, 0x3F, 0x3C,
    0x3F, 0x3E, 0x3C, 0x1E, 0x7C, 0x1E, 0x78, 0x1F, 0x78, 0x0F, 0xF0, 0x0F, 0xF0, 0x0F, 0xF0, 0x07,
    0xE0, 0x07, 0xE0, 0x03, 0xE0, 0x3D, 0xE0, 0x07, 0xFC, 0x01, 0xEF, 0x00, 0x3D, 0xE0, 0x00, 0x00,
    0x3E, 0x01, 0xFF, 0x80, 0xFD, 0xE0, 0x3F, 0x7C, 0x0F, 0x1F, 0x07, 0xC3, 0xC1, 0xE0, 0xF8, 0x78,
    0x3E, 0x3E, 0x07, 0x8F, 0x01, 0xF3, 0xC0, 0x7D, 0xE0, 0x0F, 0x78, 0x03, 0xDE, 0x00, 0xFF, 0x00,
    0x1F, 0xC0, 0x07, 0xF0, 0x00, 0xF8, 0x00, 0x3E, 0x00, 0x7F, 0xE0, 0x3D, 0xE0, 0x1E, 0xF0, 0x0F,
    0x70, 0x00, 0x00, 0x78, 0x0F, 0x7C, 0x1F, 0x3C, 0x3F, 0x3C, 0x3F, 0x3E, 0x3C, 0x1E, 0x7C, 0x1E,
    0x78, 0x1F, 0x78, 0x0F, 0xF0, 0x0F, 0xF0, 0x0F, 0xF0, 0x07, 0xE0, 0x07, 0xE0, 0x03, 0xE0, 0x0F,
    0xF0, 0x00, 0x00, 0x3F, 0xFC, 0x00, 0x00, 0x7F, 0xFE, 0x00, 0x00, 0x7C, 0x3E, 0x00, 0x00, 0xF8,
    0x1F, 0x7C, 0x1F, 0xF8, 0x1F, 0x7C, 0x1E, 0xF0, 0x0F, 0x3C, 0x3E, 0xF0, 0x0F, 0x3E, 0x3C, 0xF0,
    0x0F, 0x1E, 0x3C, 0xF0, 0x0F, 0x1E, 0x7C, 0xF0, 0x0F, 0x1F, 0x78, 0xF0, 0x0F, 0x0F, 0x78, 0xF8,
    0x1F, 0x0F, 0xF8, 0xF8, 0x1F, 0x07, 0xF0, 0x7C, 0x3E, 0x07, 0xF0, 0x7F, 0xFE, 0x07, 0xF0, 0x3F,
    0xFC, 0x03, 0xE0, 0x0F, 0xF0, 0x03, 0xE0, 0x00, 0x00, 0x03, 0xC0, 0x00, 0x00, 0x07, 0xC0, 0x00,
    0x00, 0x07, 0xC0, 0x00, 0x00, 0x3F, 0x80, 0x00, 0x00, 0x3F, 0x00, 0x00, 0x00, 0x3E, 0x00, 0x1F,
    0xC3, 0xE0, 0xF9, 0xFF, 0x1F, 0x07, 0x9F, 0xFC, 0x78, 0x7D, 0xF1, 0xF3, 0xE3, 0xCF, 0x8F, 0x9F,
    0x1E, 0x78, 0x3C, 0x79, 0xF3, 0xC1, 0xE3, 0xEF, 0x1E, 0x0F, 0x0F, 0x78, 0xF0, 0x78, 0x7F, 0xC7,
    0xC7, 0xC3, 0xFC, 0x3E, 0x3E, 0x0F, 0xE0, 0xFF, 0xE0, 0x7F, 0x03, 0xFE, 0x01, 0xF0, 0x0F, 0xE0,
    0x0F, 0x80, 0x00, 0x00, 0x78, 0x00, 0x00, 0x07, 0xC0, 0x00, 0x00, 0x7E, 0x00, 0x00, 0x0F, 0xE0,
    0x00, 0x00, 0x7E, 0x00, 0x00, 0x03, 0xE0, 0x00, 0x01, 0xE0, 0x01, 0xFE, 0x01, 0xFF, 0xE0, 0xFF,
    0xFC, 0x7F, 0xFF, 0x9F, 0x7F, 0xEF, 0x80, 0x7F, 0xE0, 0x1F, 0xF0, 0x07, 0xFC, 0x00, 0xFF, 0x00,
    0x3F, 0xC0, 0x0F, 0xF0, 0x07, 0xFE, 0x01, 0xFF, 0x80, 0x7D, 0xFF, 0xFE, 0x7F, 0xFF, 0x8F, 0xFF,
    0xC1, 0xFF, 0xE0, 0x1F, 0xE0, 0x01, 0xE0, 0x00, 0x03, 0x80, 0x1F, 0xC0, 0xFF, 0xE3, 0xFF, 0xE7,
    0xFF, 0xDF, 0x77, 0xFC, 0x0F, 0xF8, 0x0F, 0xF0, 0x1F, 0xE0, 0x3F, 0xC0, 0xFF, 0xDD, 0xF7, 0xFF,
    0xCF, 0xFF, 0x8F, 0xFE, 0x07, 0xF0, 0x03, 0x80, 0x00, 0xFE, 0x00, 0x01, 0xFF, 0x80, 0x01, 0xFF,
    0x80, 0x01, 0xDF, 0x80, 0x00, 0x3C, 0x00, 0x00, 0x3C, 0x00, 0x00, 0x1C, 0x00, 0x00, 0x3C, 0x00,
    0x00, 0x30, 0x00, 0x1F, 0xC3, 0xF8, 0x3F, 0xE7, 0xFC, 0x7F, 0xC3, 0xFE, 0x7C, 0xC3, 0x3E, 0xF8,
    0x00, 0x1F, 0xF8, 0x00, 0x1F, 0xF0, 0x00, 0x0F, 0xF0, 0x00, 0x0F, 0xF0, 0x00, 0x0F, 0xF0, 0x3C,
    0x0F, 0xF0, 0x3C, 0x0F, 0xF0, 0x3C, 0x0F, 0xF8, 0x3C, 0x1F, 0xF8, 0x3C, 0x1F, 0x7E, 0x7E, 0x7E,
    0x3F, 0xFF, 0xFC, 0x3F, 0xFF, 0xFC, 0x0F, 0xE7, 0xF0, 0x03, 0xFC, 0x00, 0x3F, 0xF8, 0x01, 0xFF,
    0xC0, 0x0F, 0xFE, 0x00, 0x0F, 0x00, 0x00, 0x78, 0x00, 0x03, 0xC0, 0x00, 0x1C, 0x00, 0x00, 0x00,
    0x00, 0xFE, 0x7E, 0x1F, 0xF3, 0xFC, 0xFF, 0x1F, 0xEF, 0x90, 0x4F, 0xFC, 0x00, 0x7F, 0xC0, 0x01,
    0xFE, 0x0F, 0x0F, 0xF0, 0x78, 0x7F, 0x83, 0xC3, 0xFE, 0x1E, 0x3F, 0xF1, 0xF9, 0xF7, 0xFF, 0xFF,
    0x3F, 0xFF, 0xF8, 0x7E, 0x3F, 0x80, 0x03, 0xFF, 0x00, 0x07, 0xFE, 0x00, 0x0E, 0xCC, 0x00, 0x08,
    0x90, 0x00, 0x00, 0x00, 0x1E, 0x0F, 0x03, 0xFC, 0x1E, 0x07, 0xF8, 0x3C, 0x0F, 0xF0, 0x7C, 0x3F,
    0xF0, 0xF8, 0x7F, 0xE1, 0xF0, 0xFF, 0xC3, 0xE1, 0xF7, 0x87, 0xC3, 0xEF, 0x1F, 0x87, 0x9F, 0x3F,
    0x8F, 0x3E, 0x7F, 0x3E, 0x3D, 0xFE, 0x78, 0x7F, 0xFE, 0xF0, 0xFF, 0xBF, 0xE0, 0xFE, 0x7F, 0x81,
    0xFC, 0x7F, 0x01, 0xF8, 0xFC, 0x03, 0xF0, 0xF8, 0x00, 0x07, 0xFE, 0x00, 0x3F, 0xF0, 0x01, 0x99,
    0x80, 0x04, 0x88, 0x00, 0x00, 0x00, 0x78, 0x78, 0x3F, 0xC3, 0xC1, 0xFE, 0x1F, 0x1F, 0xF0, 0xF8,
    0xFF, 0xC7, 0xC7, 0xFE, 0x3E, 0x3C, 0xF1, 0xF1, 0xE7, 0x9F, 0xDF, 0x3E, 0xFE, 0xF0, 0xFF, 0xF7,
    0x87, 0xFF, 0xFC, 0x1F, 0x9F, 0xC0, 0xFC, 0xFE, 0x03, 0xC3, 0xE0, 0x07, 0xFC, 0x3F, 0xFC, 0xFF,
    0xF3, 0xF0, 0xE7, 0xC0, 0x1F, 0x00, 0x3E, 0x00, 0x78, 0x00, 0xF0, 0x01, 0xE0, 0x03, 0xC0, 0x07,
    0x80, 0x0F, 0x80, 0x1F, 0x00, 0x1F, 0x82, 0x1F, 0xFC, 0x1F, 0xF8, 0x1F, 0xF0, 0x01, 0xE0, 0x03,
    0xC0, 0x07, 0x80, 0x0F, 0x00, 0x1E, 0x00, 0x3C, 0x1F, 0xE7, 0xFE, 0x7F, 0xEF, 0xCE, 0xF8, 0x0F,
    0x00, 0xF0, 0x0F, 0x00, 0xF0, 0x0F, 0x80, 0xFC, 0xC7, 0xFC, 0x3F, 0xC1, 0xFC, 0x03, 0xC0, 0x3C,
    0x03, 0xC0, 0x3C, 0x03, 0xC0, 0x3C, 0x00, 0x20, 0x03, 0x83, 0x38, 0x3F, 0xC0, 0x7C, 0x01, 0xF0,
    0x0F, 0xE0, 0x67, 0xE7, 0x17, 0xF0, 0x0F, 0x80, 0x3E, 0x01, 0xFC, 0x1C, 0xE0, 0xC0, 0x0E, 0x00,
    0x00, 0x00, 0x01, 0xFF, 0xFF, 0xFF, 0x80, 0x00, 0x00, 0x1F, 0xBF, 0xFF, 0xFF, 0xE7, 0xFF, 0xEF,
    0x70, 0xF7, 0x9C, 0xEE, 0x00, 0x7E, 0x3F, 0xFF, 0xFF, 0x9F, 0x00, 0x0F, 0x80, 0x00, 0x00, 0x7E,
    0x00, 0x00, 0x07, 0x30, 0x00, 0x00, 0x31, 0x80, 0x00, 0x00, 0x00, 0x00, 0x07, 0xC0, 0x03, 0xE0,
    0x7E, 0x00, 0x3F, 0x03, 0x18, 0x01, 0x8C, 0x00, 0x00, 0x00, 0x00, 0x00, 0x00, 0x00, 0x00, 0x00,
    0x00, 0x00, 0x00, 0x00, 0x00, 0x07, 0xC0, 0x00, 0x0F, 0x7F, 0x00, 0x00, 0xFF, 0x18, 0x00, 0x06,
    0x60, 0x00, 0x00, 0x00, 0x00, 0x00, 0x00, 0x00, 0x00, 0x00, 0x00, 0x00, 0x00, 0x00, 0x00, 0x1E,
    0x00, 0x0F, 0x01, 0xF8, 0x00, 0xFC, 0x0C, 0xE0, 0x06, 0x70, 0x00, 0x00, 0x00, 0x00, 0x01, 0xF0,
    0x00, 0x00, 0x0F, 0xC0, 0x00, 0x00, 0xE6, 0x00, 0x00, 0x06, 0x30, 0x00, 0x00, 0x06, 0x00, 0x00,
    0x00, 0xC0, 0x00, 0x00, 0x38, 0x00, 0x06, 0x07, 0x00, 0x00, 0xC0, 0xE0, 0x30, 0x1C, 0x00, 0x1E,
    0x01, 0xC0, 0x0F, 0x80, 0x38, 0x00, 0xE0, 0x02, 0x00, 0x00, 0x00, 0x00, 0x00, 0x00, 0x00, 0x00,
    0x00, 0x00, 0x00, 0x00, 0x0C, 0x00, 0x00, 0x31, 0xF0, 0x00, 0x07, 0x9E, 0x00, 0x00, 0xF8, 0xC0,
    0x00, 0x03, 0x00, 0x00, 0x00, 0x00, 0x00, 0x00, 0x00, 0x00, 0x00, 0x00, 0x00, 0x00, 0x00, 0x00,
    0x30, 0x01, 0xC0, 0x0F, 0x00, 0x38, 0x07, 0xC0, 0x03, 0x80, 0xE0, 0x70, 0x70, 0x00, 0x0E, 0x06,
    0x00, 0x01, 0xC0, 0x40, 0x00, 0x30, 0x00, 0x00, 0x06, 0x00, 0x00, 0x3C, 0x3C, 0x01, 0xE1, 0xE0,
    0x07, 0xFE, 0x00, 0x3F, 0xF0, 0x00, 0xFF, 0x00, 0x00, 0x00, 0x03, 0xC0, 0xFC, 0x1E, 0x07, 0xE0,
    0xF0, 0x7F, 0x07, 0x83, 0xF8, 0x3C, 0x3F, 0xC1, 0xE1, 0xFE, 0x0F, 0x1E, 0xF0, 0x79, 0xF7, 0x83,
    0xCF, 0x3C, 0x1E, 0xF9, 0xE0, 0xF7, 0x8F, 0x07, 0xFC, 0x78, 0x3F, 0xC3, 0xC1, 0xFE, 0x1E, 0x0F,
    0xE0, 0xFF, 0x7F, 0x07, 0xFB, 0xF0, 0x3F, 0xDF, 0x81, 0xFE, 0x00, 0x01, 0xE0, 0x00, 0x0F, 0x00,
    0x00, 0xF8, 0x00, 0x07, 0xC0, 0x00, 0x7C, 0x00, 0x78, 0x78, 0x1E, 0x1E, 0x07, 0xFF, 0x80, 0xFF,
    0xC0, 0x1F, 0xE0, 0x00, 0x00, 0x0F, 0x07, 0xC3, 0xC3, 0xF0, 0xF1, 0xFC, 0x3C, 0x7F, 0x0F, 0x3F,
    0xC3, 0xCF, 0xF0, 0xF7, 0xBC, 0x3F, 0xEF, 0x0F, 0xF3, 0xC3, 0xFC, 0xF0, 0xFE, 0x3C, 0x3F, 0x8F,
    0xFF, 0xC3, 0xFF, 0xE0, 0xFE, 0x00, 0x07, 0x80, 0x01, 0xE0, 0x00, 0x78, 0x00, 0x3E, 0x00, 0x0F,
    0x00, 0x3C, 0x00, 0xF0, 0x0F, 0xF8, 0x3F, 0xE0, 0xFF, 0x80, 0xF0, 0x03, 0xC0, 0x0F, 0xF8, 0x3F,
    0xF8, 0xFF, 0xF3, 0xC7, 0xCF, 0x0F, 0x3C, 0x3C, 0xF0, 0xF3, 0xC7, 0xCF, 0xFF, 0x3F, 0xF8, 0xFF,
    0x80, 0x3C, 0x00, 0x78, 0x03, 0xFF, 0x07, 0xFE, 0x0F, 0xFC, 0x07, 0x80, 0x0F, 0x00, 0x1E, 0x00,
    0x3C, 0x00, 0x78, 0x00, 0xFF, 0xE1, 0xFF, 0xE3, 0xFF, 0xE7, 0x87, 0xCF, 0x07, 0x9E, 0x1F, 0x3F,
    0xFE, 0x7F, 0xF8, 0xFF, 0xE0, 0xFF, 0xCF, 0xFE, 0xFF, 0xFF, 0x1F, 0xF0, 0xFF, 0x0F, 0xF6, 0xFF,
    0x7F, 0xF7, 0xFF, 0xFE, 0xFF, 0xEF, 0xFE, 0xF0, 0xEF, 0x0C, 0xF0, 0x0F, 0x00, 0xF0, 0x0F, 0x00,
    0xF7, 0xE7, 0xFF, 0xBF, 0xFD, 0xF3, 0xFF, 0x0F, 0xF8, 0x3F, 0xC1, 0xFE, 0x2F, 0xF3, 0xFF, 0xFF,
    0xFE, 0xFF, 0xFF, 0xEF, 0xFF, 0x7B, 0xFB, 0xC1, 0xDE, 0x04, 0xF0, 0x07, 0x80, 0x3C, 0x01, 0xE0,
    0x00, 0x00, 0xF0, 0x0F, 0x00, 0xF0, 0x0F, 0xFF, 0xFF, 0xFF, 0xFF, 0xFF, 0x00, 0xF0, 0x0F, 0x00,
    0xF0, 0x0F, 0x00, 0xF0, 0x0F, 0x00, 0xF0, 0x0F, 0x00, 0xF0, 0x0F, 0x00, 0xF0, 0x0F, 0x00, 0xF0,
    0x0F, 0x00, 0x03, 0xC0, 0xF0, 0x3C, 0x0F, 0xFF, 0xFF, 0xFF, 0xFF, 0xC0, 0xF0, 0x3C, 0x0F, 0x03,
    0xC0, 0xF0, 0x3C, 0x0F, 0x03, 0xC0, 0xF0, 0x3C, 0x00, 0x3F, 0xF9, 0xFF, 0xCF, 0xFE, 0x78, 0x03,
    0xC0, 0x1E, 0x00, 0xF0, 0x07, 0x80, 0xFF, 0xC7, 0xFE, 0x3F, 0xF0, 0x78, 0x03, 0xC0, 0x1E, 0x00,
    0xF0, 0x07, 0x80, 0x3C, 0x01, 0xE0, 0x00, 0x3F, 0xF3, 0xFF, 0x3F, 0xF3, 0xC0, 0x3C, 0x03, 0xC0,
    0xFF, 0x8F, 0xF8, 0xFF, 0x83, 0xC0, 0x3C, 0x03, 0xC0, 0x3C, 0x03, 0xC0, 0xFF, 0xF1, 0xFF, 0xE3,
    0xFF, 0xC7, 0x80, 0x0F, 0x00, 0x1E, 0x00, 0x3C, 0x00, 0x78, 0x00, 0xFF, 0xE1, 0xFF, 0xF3, 0xFF,
    0xF7, 0x87, 0xEF, 0x03, 0xFE, 0x07, 0xFC, 0x07, 0xF8, 0x0F, 0xF0, 0x1F, 0xE0, 0x3C, 0x00, 0xF8,
    0x01, 0xF0, 0x87, 0xC1, 0xFF, 0x83, 0xFE, 0x07, 0xF8, 0xFF, 0xCF, 0xFC, 0xFF, 0xCF, 0x00, 0xF0,
    0x0F, 0x00, 0xFF, 0x8F, 0xFC, 0xFF, 0xEF, 0x3F, 0xF1, 0xFF, 0x0F, 0xF0, 0xFF, 0x0F, 0x00, 0xF0,
    0x1F, 0x11, 0xF1, 0xFE, 0x1F, 0xE1, 0xF8, 0x7C, 0x1E, 0x1F, 0x0F, 0x87, 0x87, 0x81, 0xE1, 0xE3,
    0xE0, 0x7C, 0x78, 0xF0, 0x0F, 0x9E, 0x78, 0x01, 0xE7, 0xBE, 0x00, 0x7D, 0xEF, 0x00, 0x0F, 0x7F,
    0xC0, 0x01, 0xFF, 0xE0, 0x00, 0xFF, 0xF8, 0x00, 0x3D, 0xFF, 0x00, 0x1F, 0x7B, 0xC0, 0x0F, 0x9E,
    0xF8, 0x03, 0xC7, 0x9E, 0x01, 0xF1, 0xE3, 0xC0, 0xF8, 0x78, 0xFF, 0x3C, 0x1E, 0x1F, 0xDF, 0x07,
    0x83, 0xF0, 0x00, 0x00, 0x3C, 0x00, 0x00, 0x0F, 0x00, 0x00, 0x03, 0xC0, 0x00, 0x00, 0xF0, 0x00,
    0x00, 0x3C, 0x7C, 0x3C, 0x7C, 0x3E, 0x3C, 0x7C, 0x1E, 0x3C, 0xF8, 0x1F, 0x3C, 0xF0, 0x0F, 0xBD,
    0xE0, 0x07, 0xFF, 0xE0, 0x03, 0xFF, 0xC0, 0x07, 0xFF, 0xC0, 0x0F, 0xBF, 0xE0, 0x0F, 0xBD, 0xF0,
    0x1F, 0x3C, 0xF8, 0x3E, 0x3C, 0xFF, 0x7C, 0x3C, 0x7F, 0x7C, 0x3C, 0x3F, 0x00, 0x00, 0x0F, 0x00,
    0x00, 0x0F, 0x00, 0x00, 0x0F, 0x00, 0x00, 0x0F, 0x00, 0x00, 0x0F, 0x7F, 0xE7, 0xFF, 0x9F, 0xFE,
    0xE1, 0xF0, 0x07, 0x80, 0x3C, 0x07, 0xE7, 0xFE, 0x3F, 0xE1, 0xFF, 0x80, 0x7E, 0x00, 0xF0, 0x07,
    0x80, 0x3F, 0x87, 0xFF, 0xFF, 0xFF, 0xF3, 0xFE, 0x00, 0xE0, 0x07, 0x80, 0x1C, 0x07, 0xE0, 0x3F,
    0x01, 0xF0, 0x7F, 0x8F, 0xFE, 0x7F, 0xE6, 0x3E, 0x01, 0xE0, 0x3E, 0x3F, 0xC3, 0xFC, 0x3F, 0xF0,
    0x1F, 0xC1, 0xFF, 0xFF, 0xFF, 0xEF, 0xFC, 0x07, 0x00, 0x78, 0x03, 0x81, 0xF8, 0x1F, 0x81, 0xF0,
    0xF0, 0x7C, 0xF0, 0xF8, 0xF0, 0xF8, 0xF1, 0xF0, 0xF3, 0xE0, 0xF3, 0xC0, 0xF7, 0xC0, 0xFF, 0x80,
    0xFF, 0x00, 0xFF, 0x00, 0xFF, 0x80, 0xF7, 0xC0, 0xF3, 0xC0, 0xF3, 0xE0, 0xF1, 0xF0, 0xF0, 0xFF,
    0xF0, 0x7F, 0xF0, 0x7F, 0x00, 0x0F, 0x00, 0x0F, 0x00, 0x0F, 0x00, 0x0F, 0x00, 0x0F, 0xF0, 0xFD,
    0xE3, 0xF3, 0xC7, 0xC7, 0x9F, 0x0F, 0x7C, 0x1F, 0xF0, 0x3F, 0xC0, 0x7F, 0xC0, 0xF7, 0xC1, 0xEF,
    0xC3, 0xCF, 0x87, 0x8F, 0xFF, 0x0F, 0xFE, 0x0F, 0xC0, 0x07, 0x80, 0x0F, 0x00, 0x1E, 0x00, 0x3C,
    0x00, 0x78, 0xF0, 0x7D, 0xE0, 0xFB, 0xDB, 0xE7, 0xBF, 0x8F, 0x7E, 0x1E, 0xFC, 0x3D, 0xF0, 0x7F,
    0xC0, 0xFF, 0x81, 0xFF, 0x03, 0xFE, 0x07, 0xBE, 0x0F, 0x7E, 0x1E, 0xFE, 0x3D, 0xFC, 0x7B, 0x7C,
    0xF0, 0x7D, 0xE0, 0xFC, 0xF0, 0xFB, 0xC3, 0xEF, 0x7F, 0x3D, 0xF8, 0xF7, 0xC3, 0xDF, 0x0F, 0xF8,
    0x3F, 0xE0, 0xFF, 0x83, 0xDF, 0x0F, 0x7E, 0x3D, 0xFC, 0xF6, 0xFB, 0xC3, 0xF0, 0x3C, 0x0F, 0x8F,
    0x07, 0xCF, 0xF3, 0xE3, 0xFC, 0xF0, 0xFF, 0x7C, 0x0F, 0x3E, 0x03, 0xCF, 0x00, 0xFF, 0xC0, 0x3F,
    0xE0, 0x0F, 0xFC, 0x03, 0xCF, 0x00, 0xF3, 0xE0, 0x3C, 0x7C, 0x0F, 0x1F, 0x03, 0xC3, 0xE0, 0xF0,
    0x7C, 0x3C, 0x1F, 0x0F, 0x03, 0xE0, 0x3C, 0x00, 0x3C, 0x00, 0xFF, 0x80, 0xFF, 0x80, 0xFF, 0x80,
    0x3C, 0x3E, 0x3C, 0x7C, 0x3C, 0xF8, 0x3C, 0xF0, 0x3D, 0xF0, 0x3F, 0xE0, 0x3F, 0xC0, 0x3F, 0xE0,
    0x3D, 0xE0, 0x3D, 0xF0, 0x3C, 0xF8, 0x3C, 0x7C, 0x3C, 0x7E, 0x3C, 0x3E, 0xFF, 0x07, 0xDF, 0xE0,
    0xFB, 0xFC, 0x3E, 0x07, 0x8F, 0x80, 0xF3, 0xE0, 0x1E, 0x78, 0x03, 0xDF, 0x00, 0x7F, 0xC0, 0x0F,
    0xF0, 0x01, 0xFF, 0x00, 0x3D, 0xF0, 0x07, 0xBE, 0x00, 0xF3, 0xE0, 0x1E, 0x3E, 0x03, 0xC7, 0xE0,
    0x78, 0x7C, 0x0F, 0x07, 0xC1, 0xE0, 0xFC, 0xFF, 0x87, 0xDF, 0xF1, 0xF3, 0xFE, 0x3C, 0x03, 0xCF,
    0x80, 0x7B, 0xE0, 0x0F, 0xF8, 0x01, 0xFE, 0x00, 0x3F, 0xE0, 0x07, 0xBC, 0x00, 0xF7, 0xC0, 0x1E,
    0x7C, 0x03, 0xC7, 0xC0, 0x78, 0x7C, 0x0F, 0x07, 0x80, 0xF0, 0x1E, 0x3C, 0x07, 0x8F, 0x01, 0xE3,
    0xC0, 0x78, 0xF0, 0x1E, 0x3C, 0x07, 0x8F, 0x01, 0xE3, 0xFF, 0xF8, 0xFF, 0xFE, 0x3F, 0xFF, 0x8F,
    0x01, 0xE3, 0xC0, 0x78, 0xF0, 0x1E, 0x3C, 0x07, 0x8F, 0x01, 0xFF, 0xC0, 0x7F, 0xF0, 0x1F, 0xFC,
    0x07, 0xF0, 0x00, 0x3C, 0x00, 0x0F, 0x00, 0x03, 0xC0, 0x00, 0xF0, 0x00, 0x3C, 0xF0, 0x78, 0xF0,
    0x78, 0xF0, 0x78, 0xF0, 0x78, 0xF0, 0x78, 0xFF, 0xF8, 0xFF, 0xF8, 0xFF, 0xF8, 0xF0, 0x78, 0xF0,
    0x78, 0xF0, 0x78, 0xF0, 0x7F, 0xF0, 0x7F, 0xF0, 0x7F, 0x00, 0x0F, 0x00, 0x0F, 0x00, 0x0F, 0x00,
    0x0F, 0x00, 0x0F, 0xF0, 0x1F, 0xFE, 0x03, 0xFF, 0xC0, 0x7F, 0xF8, 0x0F, 0x0F, 0x01, 0xE1, 0xE0,
    0x3C, 0x3C, 0x07, 0x87, 0xFF, 0xF0, 0xFF, 0xFE, 0x1F, 0xFF, 0xC3, 0xC0, 0x78, 0x78, 0x0F, 0x0F,
    0x01, 0xE1, 0xE0, 0x3C, 0x3C, 0x07, 0x87, 0x80, 0xF0, 0xF0, 0x1E, 0x1E, 0x03, 0xC0, 0xF0, 0x7F,
    0xF8, 0x3F, 0xFC, 0x1F, 0xFE, 0x0F, 0x0F, 0x07, 0x87, 0xFF, 0xC3, 0xFF, 0xE1, 0xFF, 0xF0, 0xF0,
    0x78, 0x78, 0x3C, 0x3C, 0x1E, 0x1E, 0x0F, 0x0F, 0x07, 0x87, 0x83, 0xC0, 0xFF, 0xFC, 0x00, 0x7F,
    0xFE, 0x00, 0x3F, 0xFF, 0x00, 0x1E, 0x07, 0x80, 0x0F, 0x03, 0xC0, 0x07, 0x81, 0xE0, 0x03, 0xC0,
    0xF0, 0x01, 0xE0, 0x78, 0x00, 0xF0, 0x3F, 0xF8, 0x78, 0x1F, 0xFF, 0x3C, 0x0F, 0xFF, 0x9E, 0x07,
    0x87, 0xEF, 0x03, 0xC0, 0xFF, 0x81, 0xE0, 0x7F, 0xC0, 0xF0, 0x3F, 0xE0, 0x78, 0x0F, 0xF0, 0x3C,
    0x07, 0xF8, 0x1E, 0x07, 0xC0, 0x00, 0x03, 0xE0, 0x00, 0x01, 0xF0, 0x00, 0x21, 0xF0, 0x00, 0x1F,
    0xF8, 0x00, 0x0F, 0xF8, 0x00, 0x07, 0xF0, 0xFF, 0xF0, 0x0F, 0xFF, 0x00, 0xFF, 0xF0, 0x0F, 0x0F,
    0x00, 0xF0, 0xF0, 0x0F, 0x0F, 0x00, 0xF0, 0xFF, 0x0F, 0x0F, 0xFC, 0xF0, 0xFF, 0xEF, 0x0F, 0x7E,
    0xF0, 0xF1, 0xFF, 0x0F, 0x1F, 0xF0, 0xF0, 0xFF, 0x0F, 0x0F, 0x00, 0x01, 0xF0, 0x00, 0x1F, 0x00,
    0x23, 0xF0, 0x03, 0xFE, 0x00, 0x3F, 0xC0, 0x03, 0xF8, 0x0F, 0xE0, 0x1F, 0xF0, 0x1F, 0xF8, 0x0F,
    0xC0, 0x0F, 0x87, 0xE7, 0xC7, 0xFB, 0xC7, 0xFF, 0xE3, 0xFF, 0xF1, 0xE7, 0xF8, 0xF3, 0xFC, 0x79,
    0xFE, 0x3D, 0xFF, 0x9F, 0xFF, 0xC7, 0xF9, 0xFB, 0xFC, 0x7F, 0xFD, 0x1F, 0xFF, 0x87, 0xFF, 0xC0,
    0x03, 0xE0, 0x1F, 0x80, 0x7F, 0x01, 0xFE, 0x07, 0xCF, 0xCF, 0xBF, 0xDE, 0x7F, 0xBC, 0xFF, 0x79,
    0xCE, 0xF3, 0x9D, 0xF7, 0xFB, 0xEF, 0xF3, 0xFF, 0xC3, 0xFF, 0xE3, 0xFF, 0xC0, 0x0F, 0x80, 0x0F,
    0xF8, 0x7F, 0xF3, 0xFF, 0xDF, 0x8E, 0x7C, 0x03, 0xE0, 0x0F, 0x00, 0x3C, 0x00, 0xF0, 0x03, 0xC0,
    0x0F, 0x00, 0x3C, 0x00, 0xF8, 0x03, 0xE0, 0x07, 0xE1, 0x8F, 0xFE, 0x3F, 0xF8, 0x3F, 0xE0, 0x3C,
    0x00, 0x78, 0x00, 0xE0, 0x1F, 0x80, 0x7E, 0x01, 0xF0, 0x1F, 0xE7, 0xFD, 0xFF, 0xFE, 0x6F, 0x81,
    0xE0, 0x3C, 0x07, 0x80, 0xF0, 0x1F, 0x03, 0xF3, 0xBF, 0xF7, 0xFE, 0x3F, 0x81, 0xC0, 0x1C, 0x03,
    0x81, 0xF0, 0x3E, 0x07, 0x80, 0xFF, 0xFF, 0xFF, 0xFF, 0xFE, 0x0F, 0x00, 0x78, 0x03, 0xC0, 0x1E,
    0x00, 0xF0, 0x07, 0x80, 0x3C, 0x01, 0xE0, 0x0F, 0x00, 0x78, 0x03, 0xC0, 0x1F, 0xC0, 0xFE, 0x07,
    0xF0, 0x3F, 0x80, 0x3C, 0x01, 0xE0, 0x0F, 0x00, 0x78, 0x03, 0xC0, 0xFF, 0xFF, 0xFF, 0xFF, 0xFE,
    0x1E, 0x00, 0xF0, 0x07, 0x80, 0x3C, 0x01, 0xE0, 0x0F, 0x00, 0x78, 0x03, 0xC0, 0x1F, 0xE0, 0xFF,
    0x07, 0xF8, 0x03, 0xC0, 0x1E, 0x00, 0xF0, 0x07, 0x80, 0x3C, 0xF8, 0x1F, 0xF8, 0x3E, 0x7C, 0x3E,
    0x3C, 0x7C, 0x3E, 0x7C, 0x1E, 0xF8, 0x1F, 0xF8, 0x0F, 0xF0, 0x0F, 0xF0, 0x07, 0xE0, 0x07, 0xC0,
    0x03, 0xC0, 0x03, 0xC0, 0x03, 0xC0, 0x03, 0xC0, 0x03, 0xC0, 0x03, 0xC0, 0x03, 0xC0, 0x78, 0x3E,
    0x7C, 0x3E, 0x7C, 0x3E, 0x3C, 0x7C, 0x3E, 0x7C, 0x3E, 0x78, 0x1E, 0xF8, 0x1F, 0xF8, 0x0F, 0xF0,
    0x0F, 0xF0, 0x0F, 0xE0, 0x07, 0xE0, 0x07, 0xE0, 0x07, 0xC0, 0x03, 0xC0, 0x03, 0xC0, 0x03, 0xC0,
    0x03, 0xC0, 0x03, 0xC0, 0x03, 0xC0, 0x7C, 0x0F, 0x9F, 0x03, 0xE3, 0xE1, 0xF0, 0xF8, 0x7C, 0x1F,
    0x3E, 0x07, 0xCF, 0x00, 0xFF, 0xC0, 0x3F, 0xE0, 0x07, 0xF8, 0x01, 0xFC, 0x00, 0x3F, 0x00, 0x0F,
    0x80, 0x1F, 0xFE, 0x07, 0xFF, 0x81, 0xFF, 0xE0, 0x07, 0x80, 0x01, 0xE0, 0x00, 0x78, 0x00, 0xF8,
    0x3F, 0xF0, 0xFD, 0xE1, 0xF3, 0xE3, 0xE7, 0xCF, 0x87, 0x9F, 0x0F, 0xBC, 0x0F, 0xF8, 0x1F, 0xF0,
    0x3F, 0xC0, 0x3F, 0x80, 0x7E, 0x00, 0xFC, 0x00, 0xF8, 0x0F, 0xFE, 0x1F, 0xFC, 0x3F, 0xF8, 0x0F,
    0x00, 0x1E, 0x00, 0x3C, 0x00, 0x7C, 0x0F, 0x87, 0x83, 0xE0, 0xF8, 0x7C, 0x0F, 0x9F, 0x00, 0xF3,
    0xC0, 0x1F, 0xF8, 0x01, 0xFE, 0x00, 0x1F, 0x80, 0x03, 0xF0, 0x00, 0xFE, 0x00, 0x1F, 0xE0, 0x07,
    0xFE, 0x00, 0xF7, 0xC0, 0x3E, 0x7C, 0x0F, 0x87, 0xF9, 0xE0, 0xFF, 0x7C, 0x0F, 0xFF, 0x01, 0xFC,
    0x00, 0x07, 0x80, 0x00, 0xF0, 0x00, 0x1E, 0x00, 0x03, 0xC0, 0x00, 0x78, 0xF8, 0x7E, 0x7C, 0x7C,
    0x7E, 0xF8, 0x3F, 0xF0, 0x1F, 0xF0, 0x1F, 0xE0, 0x0F, 0xC0, 0x0F, 0xE0, 0x1F, 0xE0, 0x1F, 0xF0,
    0x3E, 0xF8, 0x7C, 0xFF, 0x7C, 0x7F, 0xF8, 0x7F, 0x00, 0x0F, 0x00, 0x0F, 0x00, 0x0F, 0x00, 0x0F,
    0x00, 0x0F, 0xFF, 0xF9, 0xE3, 0xFF, 0xE7, 0x8F, 0xFF, 0x9E, 0x03, 0xC0, 0x78, 0x0F, 0x01, 0xE0,
    0x3C, 0x07, 0x80, 0xF0, 0x1E, 0x03, 0xC0, 0x78, 0x0F, 0x01, 0xE0, 0x3C, 0x07, 0x80, 0xF0, 0x1E,
    0x03, 0xC0, 0x78, 0x0F, 0x01, 0xE0, 0x3C, 0x07, 0x80, 0xF0, 0x1E, 0x03, 0xFF, 0xFF, 0x0F, 0xFF,
    0xFC, 0x3F, 0xFF, 0xF0, 0x00, 0x03, 0xC0, 0x00, 0x0F, 0x00, 0x00, 0x3C, 0x00, 0x00, 0xF0, 0x00,
    0x03, 0xC0, 0x00, 0x07, 0xFF, 0xCF, 0x1F, 0xF9, 0xE3, 0xFF, 0x3C, 0x0F, 0x07, 0x81, 0xE0, 0xF0,
    0x3C, 0x1E, 0x07, 0x83, 0xC0, 0xF0, 0x78, 0x1E, 0x0F, 0x03, 0xC1, 0xE0, 0x78, 0x3C, 0x0F, 0xFF,
    0xF1, 0xFF, 0xFE, 0x3F, 0xFF, 0xC0, 0x00, 0x78, 0x00, 0x0F, 0x00, 0x01, 0xE0, 0x00, 0x3C, 0x00,
    0x07, 0x80, 0x00, 0x70, 0xF0, 0x1E, 0x3C, 0x07, 0x8F, 0x01, 0xE3, 0xC0, 0x78, 0xF0, 0x1E, 0x3C,
    0x07, 0x8F, 0x01, 0xE3, 0xC0, 0x78, 0xF8, 0x7E, 0x3F, 0xFF, 0x87, 0xFF, 0xE0, 0xFF, 0xF8, 0x00,
    0x1E, 0x00, 0x07, 0x80, 0x01, 0xFC, 0x00, 0x7F, 0x00, 0x1F, 0xC0, 0x07, 0xF0, 0x00, 0x3C, 0x00,
    0x0F, 0x00, 0x03, 0xC0, 0x00, 0xF0, 0x00, 0x3C, 0xF0, 0x78, 0x78, 0x3C, 0x3C, 0x1E, 0x1E, 0x0F,
    0x0F, 0x07, 0x87, 0x83, 0xC3, 0xE7, 0xE1, 0xFF, 0xF0, 0x7F, 0xF8, 0x1F, 0xBC, 0x00, 0x1E, 0x00,
    0x0F, 0xF0, 0x07, 0xF8, 0x03, 0xFC, 0x00, 0x1E, 0x00, 0x0F, 0x00, 0x07, 0x80, 0x03, 0xC0, 0x01,
    0xE0, 0xF0, 0x1F, 0xE0, 0x3F, 0xC0, 0x7F, 0x80, 0xFF, 0x01, 0xFE, 0x63, 0xFC, 0xC7, 0xF9, 0x8F,
    0xFB, 0x7F, 0xFF, 0xFD, 0xFF, 0xF9, 0xFF, 0xF0, 0x31, 0xE0, 0x63, 0xC0, 0xC7, 0x81, 0x8F, 0x00,
    0x1E, 0x00, 0x3C, 0xF0, 0x7F, 0x83, 0xFC, 0x1F, 0xE0, 0xFF, 0x37, 0xF9, 0xBF, 0xEF, 0xFF, 0xFF,
    0x7F, 0xF9, 0xFF, 0xC0, 0xDE, 0x06, 0xF0, 0x37, 0x80, 0x3C, 0xF0, 0x01, 0xE0, 0x03, 0xC0, 0x07,
    0x80, 0x0F, 0x00, 0x1E, 0x00, 0x3F, 0xFE, 0x7F, 0xFE, 0xFF, 0xFF, 0xF8, 0x7F, 0xC0, 0xFF, 0x80,
    0xFF, 0x01, 0xFE, 0x03, 0xFC, 0x07, 0xF8, 0x0F, 0xF0, 0x1F, 0xE0, 0x3C, 0xF0, 0x07, 0x80, 0x3C,
    0x01, 0xE0, 0x0F, 0x00, 0x7B, 0xF3, 0xFF, 0xDF, 0xFF, 0xFC, 0xFF, 0xC7, 0xFC, 0x1F, 0xE0, 0xFF,
    0x07, 0xF8, 0x3F, 0xC1, 0xFE, 0x0F, 0xF0, 0x7F, 0x83, 0xFC, 0x1E, 0x00, 0x7F, 0xC0, 0x07, 0xFF,
    0x80, 0x3F, 0xFF, 0x00, 0xFC, 0x7E, 0xF7, 0xC0, 0x7B, 0x9E, 0x01, 0xFF, 0xF8, 0x03, 0xFF, 0xFF,
    0xFF, 0xFF, 0xFF, 0xFD, 0xFF, 0xFF, 0xF0, 0xF8, 0x00, 0x01, 0xE0, 0x00, 0x07, 0xC0, 0x00, 0x1F,
    0x00, 0x60, 0x3F, 0x0F, 0x80, 0x7F, 0xFE, 0x00, 0xFF, 0xF8, 0x01, 0xFF, 0x80, 0x01, 0xFC, 0x01,
    0xFF, 0x81, 0xFF, 0xDD, 0xF1, 0xFE, 0xF0, 0xFF, 0xFF, 0xFF, 0xFF, 0xFE, 0xFF, 0xFF, 0x0F, 0x00,
    0x07, 0xC0, 0x03, 0xF0, 0xC0, 0xFF, 0xE0, 0x3F, 0xF0, 0x0F, 0xF8, 0x00, 0x7F, 0xC0, 0x07, 0xFF,
    0x80, 0x3F, 0xFF, 0x01, 0xF8, 0x7E, 0xF7, 0xC0, 0x7B, 0x9E, 0x01, 0xFF, 0xF8, 0x03, 0xFF, 0xFF,
    0xFF, 0xFF, 0xFF, 0xFD, 0xFF, 0xFF, 0xF0, 0xF8, 0x00, 0x03, 0xE0, 0x00, 0x07, 0x80, 0x00, 0x1F,
    0x00, 0x60, 0x3F, 0x1F, 0x80, 0xFF, 0xFE, 0x01, 0xFF, 0xF8, 0x01, 0xFF, 0x80, 0x01, 0xE0, 0x00,
    0x07, 0x80, 0x00, 0x1E, 0x00, 0x00, 0x78, 0x00, 0x01, 0xE0, 0x00, 0x01, 0xFC, 0x01, 0xFF, 0x81,
    0xFF, 0xDD, 0xF1, 0xFE, 0xF0, 0xFF, 0xFF, 0xFF, 0xFF, 0xFE, 0xFF, 0xFF, 0x0F, 0x00, 0x07, 0xC0,
    0x03, 0xF1, 0xC0, 0xFF, 0xE0, 0x3F, 0xF0, 0x0F, 0xF8, 0x01, 0xE0, 0x00, 0xF0, 0x00, 0x78, 0x00,
    0x3C, 0x00, 0x1E, 0x00, 0xFF, 0xFF, 0xFF, 0x3C, 0x3C, 0x3C, 0x3C, 0x3C, 0x3C, 0x3C, 0x3C, 0x3C,
    0x3C, 0x3C, 0x3C, 0xFF, 0xFF, 0xFF, 0x00, 0xF1, 0xC0, 0x00, 0x3E, 0xF0, 0x00, 0x07, 0xFC, 0x00,
    0x00, 0xFE, 0x00, 0x00, 0x04, 0x00, 0x00, 0x00, 0x00, 0x07, 0xC1, 0xE0, 0xF8, 0xF8, 0x78, 0x7C,
    0x1E, 0x1E, 0x1E, 0x07, 0xC7, 0x8F, 0x80, 0xF9, 0xE7, 0xC0, 0x1E, 0x79, 0xE0, 0x07, 0xDE, 0xF8,
    0x00, 0xFF, 0xFC, 0x00, 0x3F, 0xFF, 0x00, 0x0F, 0xFF, 0xC0, 0x07, 0xDE, 0xF8, 0x01, 0xE7, 0xBE,
    0x00, 0xF9, 0xE7, 0xC0, 0x7C, 0x78, 0xF8, 0x1F, 0x1E, 0x3E, 0x0F, 0x87, 0x87, 0xC7, 0xC1, 0xE1,
    0xF9, 0xF0, 0x78, 0x3E, 0x03, 0xCF, 0x00, 0x0F, 0x3C, 0x00, 0x3F, 0xE0, 0x00, 0x7F, 0x80, 0x00,
    0xFC, 0x00, 0x00, 0x00, 0x07, 0x87, 0x8F, 0x9F, 0x1E, 0x3C, 0x3E, 0x79, 0xE0, 0x79, 0xEF, 0x81,
    0xF7, 0xBC, 0x03, 0xFF, 0xE0, 0x07, 0xFF, 0x80, 0x3F, 0xFE, 0x01, 0xF7, 0xBC, 0x07, 0xDE, 0xF8,
    0x3E, 0x79, 0xE1, 0xF1, 0xE7, 0xC7, 0xC7, 0x8F, 0xBE, 0x1E, 0x3E, 0xF0, 0x3E, 0xF0, 0x7C, 0xF0,
    0xF8, 0xF1, 0xF0, 0xF3, 0xE0, 0xF3, 0xE0, 0xF7, 0xC0, 0xFF, 0x80, 0xFF, 0xE0, 0xFF, 0xF8, 0xFF,
    0xFC, 0xFF, 0xFE, 0xF0, 0x3F, 0xF0, 0x1F, 0xF0, 0x1F, 0xF0, 0x0F, 0xF0, 0x0F, 0xF0, 0x0F, 0x00,
    0x1F, 0x00, 0x1F, 0x04, 0x3E, 0x07, 0xFE, 0x07, 0xFC, 0x07, 0xF0, 0xF0, 0xFF, 0xC7, 0xEF, 0x3F,
    0x3C, 0xF8, 0xF7, 0xC3, 0xFE, 0x0F, 0xFC, 0x3F, 0xFC, 0xFF, 0xFB, 0xEF, 0xFF, 0x07, 0xFC, 0x1F,
    0xF0, 0x3F, 0xC0, 0xF0, 0x03, 0xC0, 0x1F, 0x08, 0xF8, 0x3F, 0xE0, 0xFF, 0x03, 0xF8, 0x07, 0xFF,
    0x80, 0x3F, 0xFC, 0x01, 0xFF, 0xE0, 0x0F, 0x0F, 0x00, 0xF8, 0x78, 0x07, 0xC3, 0xC0, 0x3E, 0x1E,
    0x01, 0xE0, 0xF0, 0x0F, 0x07, 0x80, 0x78, 0x3C, 0x03, 0xC1, 0xE0, 0x3E, 0x0F, 0x01, 0xF0, 0x78,
    0x0F, 0x03, 0xC2, 0xF8, 0x1F, 0xFF, 0xC0, 0xFF, 0xFC, 0x07, 0xFF, 0xC0, 0x3F, 0x80, 0x00, 0x3C,
    0x00, 0x01, 0xE0, 0x00, 0x1F, 0x00, 0x00, 0xF0, 0x00, 0x0F, 0x80, 0x0F, 0xFE, 0x01, 0xFF, 0xC0,
    0x3F, 0xF8, 0x07, 0x8F, 0x00, 0xF1, 0xE0, 0x1E, 0x3C, 0x07, 0xC7, 0x80, 0xF0, 0xF0, 0x1E, 0x1E,
    0x03, 0xC3, 0xC0, 0xF8, 0x78, 0x7E, 0x0F, 0xFF, 0xC1, 0xFF, 0xF0, 0x3F, 0x80, 0x00, 0xF0, 0x00,
    0x1E, 0x00, 0x03, 0xC0, 0x00, 0xF0, 0x00, 0x1E, 0x00, 0x01, 0x80, 0xF0, 0x1F, 0xE0, 0x3F, 0xC0,
    0x7F, 0x80, 0xFF, 0x01, 0xFE, 0x03, 0xFC, 0x07, 0xFF, 0xFF, 0xFF, 0xFF, 0xFF, 0xFF, 0xC0, 0x7F,
    0x80, 0xFF, 0x01, 0xFE, 0x03, 0xFC, 0x07, 0xF8, 0x0F, 0xF0, 0x1F, 0xE0, 0x3C, 0x00, 0xF8, 0x01,
    0xF0, 0x87, 0xC1, 0xFF, 0x83, 0xFE, 0x07, 0xF8, 0xF0, 0x7F, 0x83, 0xFC, 0x1F, 0xE0, 0xFF, 0x07,
    0xFF, 0xFF, 0xFF, 0xFF, 0xFF, 0xF0, 0x7F, 0x83, 0xFC, 0x1F, 0xE0, 0xFF, 0x07, 0xF8, 0x3C, 0x01,
    0xE0, 0x1F, 0x19, 0xF8, 0xFF, 0x87, 0xF8, 0x3F, 0x80, 0xF0, 0x1E, 0x1E, 0x03, 0xC3, 0xC0, 0x78,
    0x78, 0x0F, 0x0F, 0x01, 0xE1, 0xE0, 0x3C, 0x3C, 0x07, 0x87, 0xFF, 0xF0, 0xFF, 0xFE, 0x1F, 0xFF,
    0xC3, 0xC0, 0x78, 0x78, 0x0F, 0x0F, 0x01, 0xE1, 0xE0, 0x3C, 0x3C, 0x07, 0xFF, 0x80, 0xFF, 0xF0,
    0x1F, 0xFE, 0x03, 0xF8, 0x00, 0x0F, 0x00, 0x01, 0xE0, 0x00, 0x7C, 0x00, 0x0F, 0x00, 0x03, 0xE0,
    0xF0, 0x78, 0x78, 0x3C, 0x3C, 0x1E, 0x1E, 0x0F, 0x0F, 0x07, 0x87, 0xFF, 0xC3, 0xFF, 0xE1, 0xFF,
    0xF0, 0xF0, 0x78, 0x78, 0x3C, 0x3C, 0x1E, 0x1E, 0x0F, 0xFF, 0x07, 0xF7, 0x83, 0xF8, 0x00, 0x3C,
    0x00, 0x1E, 0x00, 0x0F, 0x00, 0x0F, 0x00, 0x07, 0x80, 0xF0, 0x1F, 0xE0, 0x3F, 0xC0, 0x7F, 0x80,
    0xFF, 0x01, 0xFE, 0x03, 0xFC, 0x07, 0xF8, 0x0F, 0xF8, 0x7F, 0xFF, 0xFD, 0xFF, 0xF9, 0xFF, 0xF0,
    0x01, 0xE0, 0x03, 0xC0, 0x07, 0x80, 0x7F, 0x00, 0xFE, 0x01, 0xFC, 0x03, 0xC0, 0x07, 0x80, 0x0F,
    0x00, 0x1E, 0x00, 0x3C, 0x00, 0xF0, 0x7F, 0x83, 0xFC, 0x1F, 0xE0, 0xFF, 0x07, 0xF8, 0x3F, 0xE7,
    0xFF, 0xFF, 0x7F, 0xF9, 0xFB, 0xC0, 0x1E, 0x07, 0xF0, 0x3F, 0x81, 0xFC, 0x0F, 0x00, 0x78, 0x03,
    0xC0, 0x1E, 0x00, 0xF0, 0xFC, 0x07, 0xE0, 0xFC, 0x07, 0xE0, 0xFE, 0x0F, 0xE0, 0xFE, 0x0F, 0xE0,
    0xFE, 0x0F, 0xE0, 0xFF, 0x0F, 0xE0, 0xFF, 0x1F, 0xE0, 0xFF, 0x1D, 0xE0, 0xF7, 0x1D, 0xE0, 0xF7,
    0xBD, 0xE0, 0xF7, 0xBD, 0xE0, 0xF3, 0xB9, 0xE0, 0xF3, 0xF9, 0xE0, 0xF3, 0xF9, 0xE0, 0xF3, 0xF1,
    0xFE, 0xF1, 0xF1, 0xFE, 0xF1, 0xF1, 0xFE, 0xF1, 0xE1, 0xFE, 0x00, 0x00, 0x3C, 0x00, 0x00, 0x3C,
    0x00, 0x00, 0x7C, 0x00, 0x00, 0x7C, 0x00, 0x00, 0xF8, 0xFC, 0x1F, 0x87, 0xE0, 0xFC, 0x3F, 0x87,
    0xE1, 0xFC, 0x7F, 0x0F, 0xE3, 0xF8, 0x7F, 0x9F, 0xC3, 0xFD, 0xFE, 0x1E, 0xEE, 0xF0, 0xF7, 0xF7,
    0x87, 0xBF, 0xBC, 0x3C, 0xF9, 0xE1, 0xE7, 0xCF, 0xFF, 0x3E, 0x7F, 0xF8, 0xE3, 0xF8, 0x00, 0x03,
    0xC0, 0x00, 0x1E, 0x00, 0x00, 0xF0, 0x00, 0x0F, 0x80, 0x00, 0x78, 0xFF, 0xFF, 0xFF, 0x3C, 0x3C,
    0x3C, 0x3C, 0x3C, 0x3C, 0x3C, 0x3C, 0x3C, 0x3C, 0x3C, 0x3C, 0xFF, 0xFF, 0xFF, 0x0E, 0x3C, 0x03,
    0xCF, 0x00, 0xFF, 0xC0, 0x1F, 0xE0, 0x00, 0xC0, 0x00, 0x00, 0x00, 0x3F, 0x00, 0x1F, 0xC0, 0x07,
    0xF0, 0x01, 0xFE, 0x00, 0xFF, 0x80, 0x3D, 0xE0, 0x0F, 0x7C, 0x07, 0xDF, 0x01, 0xF3, 0xC0, 0x78,
    0xF8, 0x3E, 0x3E, 0x0F, 0xFF, 0x83, 0xFF, 0xF1, 0xFF, 0xFC, 0x7C, 0x0F, 0x3E, 0x03, 0xEF, 0x80,
    0xFB, 0xE0, 0x1F, 0x3C, 0xF3, 0xDF, 0x3F, 0xE1, 0xFE, 0x03, 0x00, 0x00, 0x3F, 0xC7, 0xFE, 0x3F,
    0xF3, 0x1F, 0x00, 0xF3, 0xFF, 0x7F, 0xFF, 0xFF, 0xF0, 0xFF, 0x0F, 0xF9, 0xFF, 0xFF, 0xFF, 0xF7,
    0xE7, 0x07, 0xBC, 0x00, 0xF7, 0x80, 0x1E, 0xF0, 0x00, 0x00, 0x00, 0x00, 0x00, 0x03, 0xE0, 0x00,
    0xFE, 0x00, 0x1F, 0xC0, 0x03, 0xF8, 0x00, 0xFF, 0x80, 0x1E, 0xF0, 0x03, 0xDE, 0x00, 0xFB, 0xE0,
    0x1F, 0x3C, 0x07, 0xC7, 0xC0, 0xF8, 0xF8, 0x1F, 0xFF, 0x07, 0xFF, 0xF0, 0xFF, 0xFE, 0x1F, 0x07,
    0xC7, 0xC0, 0x7C, 0xF8, 0x0F, 0x9E, 0x00, 0xF0, 0x3D, 0xE3, 0xDE, 0x3D, 0xE0, 0x00, 0x00, 0x03,
    0xFC, 0x7F, 0xE3, 0xFF, 0x31, 0xF0, 0x0F, 0x3F, 0xF7, 0xFF, 0xFF, 0xFF, 0x0F, 0xF0, 0xFF, 0x9F,
    0xFF, 0xFF, 0xFF, 0x7E, 0x70, 0x00, 0xFF, 0xFE, 0x03, 0xFF, 0xFC, 0x07, 0xFF, 0xF8, 0x1F, 0x78,
    0x00, 0x3C, 0xF0, 0x00, 0xF9, 0xE0, 0x01, 0xE3, 0xC0, 0x03, 0xC7, 0xFE, 0x0F, 0x8F, 0xFC, 0x1E,
    0x1F, 0xF8, 0x7C, 0x3C, 0x00, 0xFF, 0xF8, 0x03, 0xFF, 0xF0, 0x07, 0xFF, 0xE0, 0x1F, 0x03, 0xC0,
    0x3E, 0x07, 0xFF, 0x78, 0x0F, 0xFF, 0xF0, 0x1F, 0xFC, 0x3F, 0xDF, 0xC3, 0xFF, 0xFF, 0x9F, 0xFF,
    0xFC, 0x63, 0xF9, 0xF0, 0x0F, 0x87, 0x9F, 0xFF, 0xFD, 0xFF, 0xFF, 0xFF, 0xFF, 0xFF, 0xF0, 0xF0,
    0x07, 0x87, 0xC0, 0x3E, 0x7F, 0x0F, 0xFF, 0xFF, 0xFF, 0xFB, 0xFF, 0xBF, 0x87, 0xF8, 0xF1, 0xFE,
    0x7B, 0xFF, 0x3F, 0xC0, 0x40, 0x00, 0x3F, 0xFF, 0xFF, 0xFF, 0xFE, 0x03, 0xC0, 0x78, 0x0F, 0x01,
    0xFF, 0xBF, 0xF7, 0xFE, 0xF0, 0x1E, 0x03, 0xC0, 0x78, 0x0F, 0x01, 0xFF, 0xFF, 0xFF, 0xFF, 0x38,
    0xF1, 0xEF, 0x8F, 0xF8, 0x3F, 0xC0, 0x70, 0x00, 0x00, 0x7F, 0x07, 0xFE, 0x7F, 0xF7, 0xC7, 0xFC,
    0x1F, 0xFF, 0xFF, 0xFF, 0xFF, 0xFF, 0xC0, 0x1F, 0x00, 0xFC, 0x33, 0xFF, 0x8F, 0xFC, 0x3F, 0xE0,
    0x1F, 0xF0, 0x3F, 0xFE, 0x1F, 0xFF, 0x8F, 0x87, 0xE6, 0x01, 0xF0, 0x00, 0x7C, 0x00, 0x3E, 0x00,
    0x0F, 0xFF, 0xFF, 0xFF, 0xFF, 0xFF, 0xFF, 0xFE, 0x00, 0xFF, 0x00, 0xFF, 0xC0, 0x79, 0xF0, 0xFC,
    0xFF, 0xFC, 0x3F, 0xFC, 0x07, 0xFC, 0x00, 0x7F, 0xC7, 0xFF, 0x3F, 0xFD, 0xC3, 0xF0, 0x0F, 0x80,
    0x3F, 0xFF, 0xFF, 0xFF, 0xFF, 0xFF, 0x87, 0xFE, 0x7E, 0xFF, 0xE7, 0xFE, 0x0F, 0xE0, 0x0F, 0x78,
    0x07, 0xBC, 0x03, 0xDE, 0x00, 0x00, 0x00, 0x00, 0x00, 0xFF, 0x81, 0xFF, 0xF0, 0xFF, 0xFC, 0x7C,
    0x3F, 0x30, 0x0F, 0x80, 0x03, 0xE0, 0x01, 0xF0, 0x00, 0x7F, 0xFF, 0xFF, 0xFF, 0xFF, 0xFF, 0xFF,
    0xF0, 0x07, 0xFC, 0x07, 0xFE, 0x03, 0xCF, 0xC7, 0xE7, 0xFF, 0xE1, 0xFF, 0xE0, 0x3F, 0xE0, 0x79,
    0xE3, 0xCF, 0x1E, 0x78, 0x00, 0x00, 0x00, 0x3F, 0xE3, 0xFF, 0x9F, 0xFE, 0xE1, 0xF8, 0x07, 0xC0,
    0x1F, 0xFF, 0xFF, 0xFF, 0xFF, 0xFF, 0xC3, 0xFF, 0x3F, 0x7F, 0xF3, 0xFF, 0x07, 0xF0, 0x00, 0xF7,
    0x80, 0x00, 0x7B, 0xC0, 0x00, 0x3D, 0xE0, 0x00, 0x00, 0x00, 0x00, 0x00, 0x00, 0x03, 0xC1, 0xE0,
    0x79, 0xF0, 0xF0, 0x7C, 0x7C, 0x78, 0x7C, 0x1E, 0x3C, 0x7C, 0x0F, 0x9E, 0x3E, 0x03, 0xCF, 0x3E,
    0x00, 0xF7, 0xBE, 0x00, 0x7F, 0xFF, 0x00, 0x1F, 0xFF, 0x00, 0x1F, 0xFF, 0xC0, 0x0F, 0x7B, 0xE0,
    0x0F, 0xBC, 0xF8, 0x0F, 0x9E, 0x7E, 0x07, 0xCF, 0x1F, 0x07, 0xC7, 0x87, 0xC7, 0xC3, 0xC3, 0xF3,
    0xE1, 0xE0, 0xFB, 0xE0, 0xF0, 0x3E, 0x01, 0xEF, 0x00, 0x03, 0xDE, 0x00, 0x07, 0xBC, 0x00, 0x00,
    0x00, 0x00, 0x00, 0x00, 0x0F, 0x8F, 0x0F, 0x8F, 0x1E, 0x3E, 0x0F, 0x3C, 0x78, 0x1F, 0x79, 0xF0,
    0x1E, 0xF7, 0xC0, 0x1F, 0xFF, 0x00, 0x3F, 0xFE, 0x00, 0x7F, 0xFC, 0x01, 0xEF, 0x7C, 0x07, 0xDE,
    0x7C, 0x0F, 0x3C, 0xF8, 0x3E, 0x78, 0xF8, 0xF8, 0xF0, 0xF9, 0xF1, 0xE1, 0xF0, 0x3D, 0xE1, 0xEF,
    0x0F, 0x78, 0x00, 0x00, 0x00, 0x3F, 0xE3, 0xFF, 0x8F, 0xFE, 0x71, 0xF0, 0x07, 0x80, 0x3C, 0x07,
    0xE3, 0xFE, 0x1F, 0xF0, 0xFF, 0xC0, 0x3F, 0x00, 0xF8, 0x03, 0xC0, 0x3F, 0xC3, 0xFF, 0xFF, 0x7F,
    0xF3, 0xFF, 0x00, 0x3D, 0xE3, 0xDE, 0x3D, 0xE0, 0x00, 0x00, 0x07, 0xFC, 0x7F, 0xF7, 0xFF, 0x31,
    0xF0, 0x1F, 0x1F, 0xE1, 0xFC, 0x1F, 0xF0, 0x1F, 0x00, 0xF6, 0x1F, 0x7F, 0xF7, 0xFE, 0x7F, 0xC0,
    0x7F, 0xF9, 0xFF, 0xE7, 0xFF, 0x80, 0x7C, 0x03, 0xE0, 0x3F, 0x01, 0xF8, 0x07, 0xF8, 0x1F, 0xF0,
    0x7F, 0xE0, 0x1F, 0xC0, 0x1F, 0x00, 0x3C, 0x01, 0xFF, 0x0F, 0xFF, 0xFE, 0xFF, 0xF1, 0xFF, 0x80,
    0x7F, 0xFB, 0xFF, 0xDF, 0xFE, 0x03, 0xE0, 0x3E, 0x03, 0xE0, 0x3E, 0x03, 0xE0, 0x1F, 0xE0, 0xFF,
    0x87, 0xFE, 0x01, 0xF0, 0x07, 0x80, 0x3C, 0x01, 0xE0, 0x1F, 0xE1, 0xFF, 0xFF, 0xBF, 0xF8, 0xFF,
    0x80, 0x0F, 0xF0, 0x1F, 0xE0, 0x3F, 0xC0, 0x00, 0x0F, 0x03, 0xFE, 0x0F, 0xFC, 0x1F, 0xF8, 0x7F,
    0xF0, 0xFF, 0xE3, 0xFF, 0xC7, 0xFF, 0x9E, 0xFF, 0x3D, 0xFE, 0xF3, 0xFD, 0xE7, 0xFB, 0x8F, 0xFF,
    0x1F, 0xFC, 0x3F, 0xF8, 0x7F, 0xE0, 0xFF, 0xC1, 0xFF, 0x83, 0xC0, 0x3F, 0xC1, 0xFE, 0x0F, 0xF0,
    0x00, 0x0F, 0x0F, 0xF8, 0xFF, 0xC7, 0xFE, 0x7F, 0xF3, 0xFF, 0xBF, 0xFD, 0xFF, 0xFE, 0xFF, 0xF7,
    0xFF, 0x3F, 0xF9, 0xFF, 0x8F, 0xFC, 0x7F, 0xC3, 0xC0, 0x1E, 0xF0, 0x3D, 0xE0, 0x7B, 0xC0, 0x00,
    0x00, 0x00, 0x1E, 0x07, 0xFC, 0x1F, 0xF8, 0x3F, 0xF0, 0xFF, 0xE1, 0xFF, 0xC7, 0xFF, 0x8F, 0xFF,
    0x3D, 0xFE, 0x7B, 0xFD, 0xE7, 0xFB, 0xCF, 0xFF, 0x1F, 0xFE, 0x3F, 0xF8, 0x7F, 0xF0, 0xFF, 0xC1,
    0xFF, 0x83, 0xFE, 0x07, 0x80, 0x3D, 0xE1, 0xEF, 0x0F, 0x78, 0x00, 0x00, 0x00, 0x78, 0x7F, 0xC7,
    0xFE, 0x3F, 0xF3, 0xFF, 0x9F, 0xFD, 0xFF, 0xEF, 0xFF, 0xF7, 0xFF, 0xBF, 0xF9, 0xFF, 0xCF, 0xFC,
    0x7F, 0xE3, 0xFE, 0x1E, 0x0F, 0x78, 0x07, 0xBC, 0x03, 0xDE, 0x00, 0x00, 0x00, 0x00, 0x00, 0x7F,
    0xC0, 0x7F, 0xF0, 0x7F, 0xFC, 0x7E, 0x3F, 0x7C, 0x0F, 0xBE, 0x03, 0xFE, 0x01, 0xFF, 0x00, 0x7F,
    0x80, 0x3F, 0xC0, 0x1F, 0xE0, 0x0F, 0xF0, 0x0F, 0xFC, 0x07, 0xFE, 0x07, 0xCF, 0xC7, 0xE3, 0xFF,
    0xE0, 0xFF, 0xE0, 0x3F, 0xE0, 0x3D, 0xE1, 0xEF, 0x0F, 0x78, 0x00, 0x00, 0x00, 0x0F, 0xE0, 0xFF,
    0x8F, 0xFE, 0xF8, 0xFF, 0xC7, 0xFC, 0x1F, 0xE0, 0xFF, 0x07, 0xF8, 0x3F, 0xE3, 0xFF, 0x1F, 0x7F,
    0xF1, 0xFF, 0x07, 0xF0, 0x0F, 0xF8, 0x0F, 0xFE, 0x0F, 0xFF, 0x8F, 0xC7, 0xEF, 0x80, 0xFF, 0xC0,
    0x7F, 0xC0, 0x1F, 0xFF, 0xFF, 0xFF, 0xFF, 0xFF, 0xFF, 0xFC, 0x01, 0xFE, 0x00, 0xFF, 0x80, 0xFF,
    0xC0, 0x7D, 0xF8, 0xFC, 0x7F, 0xFC, 0x1F, 0xFC, 0x07, 0xFC, 0x00, 0x1F, 0xC1, 0xFF, 0x1F, 0xFD,
    0xF1, 0xFF, 0x07, 0xFF, 0xFF, 0xFF, 0xFF, 0xFF, 0xF0, 0x7F, 0xC7, 0xFE, 0x3E, 0xFF, 0xE3, 0xFE,
    0x0F, 0xE0, 0x0F, 0x78, 0x07, 0xBC, 0x03, 0xDE, 0x00, 0x00, 0x00, 0x00, 0x00, 0x7F, 0xC0, 0x7F,
    0xF0, 0x7F, 0xFC, 0x7E, 0x3F, 0x7C, 0x07, 0xFE, 0x03, 0xFE, 0x00, 0xFF, 0xFF, 0xFF, 0xFF, 0xFF,
    0xFF, 0xFF, 0xE0, 0x0F, 0xF0, 0x07, 0xFC, 0x07, 0xFE, 0x03, 0xEF, 0xC7, 0xE3, 0xFF, 0xE0, 0xFF,
    0xE0, 0x3F, 0xE0, 0x3D, 0xE1, 0xEF, 0x0F, 0x78, 0x00, 0x00, 0x00, 0x0F, 0xE0, 0xFF, 0x8F, 0xFE,
    0xF8, 0xFF, 0x83, 0xFF, 0xFF, 0xFF, 0xFF, 0xFF, 0xF8, 0x3F, 0xE3, 0xFF, 0x1F, 0x7F, 0xF1, 0xFF,
    0x07, 0xF0, 0x3D, 0xE0, 0x7B, 0xC0, 0xF7, 0x80, 0x00, 0x00, 0x00, 0x0F, 0xFC, 0x3F, 0xFC, 0x3F,
    0xFC, 0x70, 0xFC, 0x00, 0x78, 0x00, 0xF8, 0x01, 0xF1, 0xFF, 0xE3, 0xFF, 0xC7, 0xFF, 0x80, 0x0F,
    0x00, 0x3E, 0x00, 0x7C, 0x01, 0xF3, 0x87, 0xE7, 0xFF, 0x8F, 0xFE, 0x1F, 0xF8, 0x00, 0x7B, 0xC7,
    0xBC, 0x7B, 0xC0, 0x00, 0x00, 0x0F, 0xF8, 0xFF, 0xC7, 0xFE, 0x63, 0xF0, 0x1F, 0x3F, 0xF3, 0xFF,
    0x3F, 0xF0, 0x1F, 0x01, 0xFC, 0x3E, 0xFF, 0xEF, 0xFC, 0xFF, 0x80, 0x0F, 0xF0, 0x0F, 0xF0, 0x0F,
    0xF0, 0x00, 0x00, 0xF8, 0x1F, 0xF8, 0x1F, 0x7C, 0x1E, 0x7C, 0x3E, 0x3C, 0x3C, 0x3E, 0x3C, 0x1E,
    0x78, 0x1F, 0x78, 0x0F, 0x78, 0x0F, 0xF0, 0x0F, 0xF0, 0x07, 0xE0, 0x07, 0xE0, 0x03, 0xC0, 0x07,
    0xC0, 0x7F, 0x80, 0x7F, 0x80, 0x7E, 0x00, 0x1F, 0xE0, 0x7F, 0x81, 0xFE, 0x00, 0x00, 0xF8, 0x3F,
    0xE1, 0xF7, 0x87, 0x9E, 0x1E, 0x7C, 0xF8, 0xF3, 0xC3, 0xCF, 0x07, 0xFC, 0x1F, 0xE0, 0x7F, 0x80,
    0xFE, 0x03, 0xF0, 0x0F, 0xC0, 0x1F, 0x00, 0x78, 0x03, 0xE0, 0x1F, 0x01, 0xFC, 0x07, 0xE0, 0x1F,
    0x00, 0x0F, 0x78, 0x07, 0xBC, 0x03, 0xDE, 0x00, 0x00, 0x00, 0x00, 0x07, 0xC0, 0x7D, 0xF0, 0x3C,
    0xF8, 0x3E, 0x3C, 0x1E, 0x1F, 0x0F, 0x07, 0x8F, 0x83, 0xE7, 0x80, 0xF7, 0xC0, 0x7B, 0xC0, 0x1F,
    0xE0, 0x0F, 0xE0, 0x03, 0xF0, 0x01, 0xF8, 0x00, 0xF8, 0x00, 0xFC, 0x03, 0xFC, 0x01, 0xFC, 0x00,
    0xFC, 0x00, 0x1E, 0xF0, 0x3D, 0xE0, 0x7B, 0xC0, 0x00, 0x00, 0x00, 0x1F, 0x07, 0xFE, 0x0F, 0xBE,
    0x1E, 0x7C, 0x7C, 0x78, 0xF0, 0xF9, 0xE0, 0xF7, 0xC1, 0xEF, 0x03, 0xDE, 0x03, 0xFC, 0x07, 0xF0,
    0x07, 0xE0, 0x0F, 0x80, 0x1F, 0x00, 0x1E, 0x00, 0x78, 0x01, 0xF0, 0x1F, 0xC0, 0x3F, 0x80, 0x7C,
    0x00, 0x01, 0xFF, 0x01, 0xFF, 0x80, 0xFF, 0x00, 0xE7, 0x00, 0x00, 0x00, 0x00, 0x03, 0xE0, 0x3E,
    0xF8, 0x1E, 0x7C, 0x1F, 0x1E, 0x0F, 0x0F, 0x87, 0x83, 0xC7, 0xC1, 0xF3, 0xC0, 0x7B, 0xE0, 0x3D,
    0xE0, 0x0F, 0xF0, 0x07, 0xF0, 0x03, 0xF8, 0x00, 0xFC, 0x00, 0x7C, 0x00, 0x7E, 0x01, 0xFE, 0x00,
    0xFE, 0x00, 0x7E, 0x00, 0x07, 0xBC, 0x1F, 0xF0, 0x7B, 0xC0, 0xE7, 0x00, 0x00, 0x1F, 0x07, 0xFE,
    0x0F, 0x3C, 0x3E, 0x7C, 0x78, 0xF8, 0xF0, 0xF3, 0xE1, 0xF7, 0x81, 0xEF, 0x03, 0xFE, 0x07, 0xF8,
    0x07, 0xF0, 0x0F, 0xE0, 0x0F, 0x80, 0x1F, 0x00, 0x3C, 0x00, 0xF8, 0x01, 0xF0, 0x1F, 0xC0, 0x3F,
    0x00, 0x7C, 0x00, 0x3C, 0xF0, 0xF3, 0xC3, 0xCF, 0x00, 0x00, 0x00, 0x03, 0xC0, 0xFF, 0x03, 0xFC,
    0x0F, 0xF0, 0x3F, 0xC0, 0xFF, 0x03, 0xFC, 0x0F, 0xF0, 0x3F, 0xF3, 0xFF, 0xFF, 0xDF, 0xFF, 0x1F,
    0xFC, 0x00, 0xF0, 0x03, 0xC0, 0x0F, 0x00, 0x3C, 0x00, 0xF0, 0x03, 0xC0, 0x79, 0xE3, 0xCF, 0x1E,
    0x78, 0x00, 0x00, 0x00, 0x78, 0x3F, 0xC1, 0xFE, 0x0F, 0xF0, 0x7F, 0x83, 0xFC, 0x1F, 0xF3, 0xFF,
    0xFF, 0xBF, 0xFC, 0xFF, 0xE0, 0x0F, 0x00, 0x78, 0x03, 0xC0, 0x1E, 0xFF, 0xFF, 0xFF, 0xFF, 0xFF,
    0x00, 0xF0, 0x0F, 0x00, 0xF0, 0x0F, 0x00, 0xF0, 0x0F, 0x00, 0xF0, 0x0F, 0x00, 0xF0, 0x0F, 0x00,
    0xFF, 0x0F, 0xF0, 0xFF, 0x0F, 0xF0, 0x0F, 0x00, 0xF0, 0x0F, 0x00, 0xF0, 0x0F, 0x00, 0xFF, 0xFF,
    0xFF, 0xFF, 0xC0, 0xF0, 0x3C, 0x0F, 0x03, 0xC0, 0xF0, 0x3C, 0x0F, 0x03, 0xF8, 0xFE, 0x3F, 0x81,
    0xE0, 0x78, 0x1E, 0x07, 0x81, 0xE0, 0x07, 0xBC, 0x00, 0xF7, 0x80, 0x1E, 0xF0, 0x00, 0x00, 0x00,
    0x00, 0x01, 0xE0, 0x03, 0xFC, 0x00, 0x7F, 0x80, 0x0F, 0xF0, 0x01, 0xFE, 0x00, 0x3F, 0xC0, 0x07,
    0xFF, 0xE0, 0xFF, 0xFE, 0x1F, 0xFF, 0xE3, 0xFC, 0x7E, 0x7F, 0x87, 0xCF, 0xF0, 0x79, 0xFE, 0x0F,
    0x3F, 0xC3, 0xE7, 0xF8, 0xFC, 0xFF, 0xFF, 0x1F, 0xFF, 0xE3, 0xFF, 0xF0, 0x78, 0x0F, 0x78, 0x07,
    0xBC, 0x03, 0xDE, 0x00, 0x00, 0x00, 0x00, 0x07, 0x80, 0x3F, 0xC0, 0x1F, 0xE0, 0x0F, 0xF0, 0x07,
    0xF8, 0x03, 0xFF, 0xF1, 0xFF, 0xFC, 0xFF, 0xFF, 0x7F, 0x8F, 0xBF, 0xC3, 0xDF, 0xE3, 0xEF, 0xFF,
    0xF7, 0xFF, 0xF3, 0xFF, 0xF1, 0xE0, 0x3F, 0xF9, 0xFF, 0xCF, 0xFE, 0x78, 0x03, 0xC0, 0x1E, 0x00,
    0xF0, 0x1F, 0xF8, 0xFF, 0xC7, 0xFE, 0x0F, 0x00, 0x78, 0x03, 0xC0, 0x1E, 0x00, 0xF0, 0x07, 0xF0,
    0x3F, 0x81, 0xFC, 0x01, 0xE0, 0x0F, 0x00, 0x78, 0x1F, 0xC0, 0xFE, 0x03, 0xE0, 0x3F, 0xF3, 0xFF,
    0x3F, 0xF3, 0xC0, 0x3C, 0x03, 0xC0, 0xFF, 0x8F, 0xF8, 0xFF, 0x83, 0xC0, 0x3C, 0x03, 0xF0, 0x3F,
    0x03, 0xF0, 0x07, 0x00, 0x70, 0x07, 0x01, 0xF0, 0x1F, 0x01, 0xE0, 0x7C, 0x0F, 0x87, 0xC1, 0xF0,
    0xF8, 0x7C, 0x0F, 0x9F, 0x00, 0xFB, 0xE0, 0x1F, 0xF8, 0x01, 0xFE, 0x00, 0x1F, 0xC0, 0x03, 0xF0,
    0x00, 0x7E, 0x00, 0x1F, 0xE0, 0x03, 0xFE, 0x00, 0xFF, 0xC0, 0x3E, 0x7C, 0x07, 0xC7, 0xF9, 0xF0,
    0xFF, 0x7E, 0x0F, 0xEF, 0x81, 0xFC, 0x00, 0x07, 0x80, 0x00, 0xF0, 0x00, 0x3E, 0x00, 0x1F, 0xC0,
    0x03, 0xF0, 0x00, 0x7C, 0x7C, 0x3E, 0x3E, 0x7C, 0x3E, 0x7C, 0x1F, 0xF8, 0x0F, 0xF0, 0x0F, 0xF0,
    0x07, 0xE0, 0x07, 0xE0, 0x0F, 0xF0, 0x1F, 0xF8, 0x1F, 0xF8, 0x3E, 0x7F, 0x7C, 0x3F, 0x7C, 0x3F,
    0x00, 0x07, 0x00, 0x07, 0x00, 0x07, 0x00, 0x3F, 0x00, 0x3F, 0x00, 0x3E, 0x7C, 0x0F, 0x8F, 0x87,
    0xC3, 0xE1, 0xF0, 0x7C, 0xF8, 0x0F, 0x3C, 0x03, 0xFF, 0x00, 0x7F, 0x80, 0xFF, 0xFC, 0x3F, 0xFF,
    0x0F, 0xFF, 0xC0, 0x7F, 0x80, 0x3F, 0xF0, 0x0F, 0xFC, 0x07, 0xCF, 0x83, 0xE3, 0xF0, 0xF8, 0x7C,
    0x7C, 0x0F, 0x9F, 0x03, 0xE0, 0x7C, 0x3E, 0x3E, 0x7C, 0x3E, 0x7C, 0x1F, 0xF8, 0x1F, 0xF8, 0x0F,
    0xF0, 0x3F, 0xFC, 0x3F, 0xFC, 0x3F, 0xFC, 0x0F, 0xF0, 0x1F, 0xF8, 0x3E, 0x7C, 0x7E, 0x7C, 0x7C,
    0x3E, 0x7E, 0x0F, 0x1F, 0x07, 0x87, 0xC3, 0xC3, 0xF3, 0xE0, 0xF9, 0xF0, 0x7E, 0xF0, 0x7F, 0xF8,
    0x7F, 0xF8, 0x3D, 0xF8, 0x3E, 0x7C, 0x1F, 0x1F, 0x0F, 0x0F, 0x87, 0x83, 0xE7, 0xC0, 0xFB, 0xE0,
    0x7C, 0x7F, 0xC1, 0xFF, 0x8F, 0xFF, 0x1F, 0xFC, 0x01, 0xF0, 0x03, 0xC0, 0x0F, 0x00, 0x3C, 0x00,
    0xF0, 0x03, 0xC0, 0x0F, 0x3F, 0xFE, 0xFF, 0xFF, 0xFF, 0xFF, 0xFF, 0xC0, 0x3E, 0x1F, 0xC7, 0xF8,
    0xFE, 0x07, 0x81, 0xE0, 0x78, 0x1E, 0x07, 0x81, 0xE0, 0xF9, 0xFE, 0xFF, 0xFE, 0xFF, 0x3C, 0x00,
    0xFF, 0xFF, 0xFF, 0xEF, 0xFF, 0x9F, 0xFC, 0x01, 0xE0, 0x07, 0x80, 0x1E, 0x00, 0x78, 0x01, 0xE0,
    0x07, 0x80, 0x1E, 0x00, 0x78, 0x01, 0xE0, 0x07, 0x80, 0x1E, 0x00, 0x7F, 0xF8, 0xFF, 0xFB, 0xFF,
    0xFB, 0xFF, 0xF0, 0x03, 0xE0, 0x03, 0xC0, 0x07, 0xBC, 0x0F, 0x78, 0x1E, 0xF0, 0x3D, 0xE0, 0x7B,
    0xC0, 0xF7, 0x81, 0xEF, 0x03, 0xDE, 0x07, 0x80, 0x7E, 0xFD, 0xFB, 0xF1, 0xE3, 0xC7, 0x8F, 0x1E,
    0x3C, 0x78, 0xF1, 0xE3, 0xC7, 0x80, 0xFF, 0xFF, 0xFF, 0xFF, 0x3C, 0x78, 0x78, 0x78, 0x78, 0x78,
    0x7C, 0x7C, 0x7C, 0x7C, 0x7C, 0x7F, 0xFC, 0x7F, 0xFE, 0xFF, 0xFF, 0x7F, 0xFF, 0x3C, 0x1F, 0x3C,
    0x0F, 0x3C, 0x0F, 0x3C, 0x0F, 0x3C, 0x0F, 0x3C, 0x0F, 0x3C, 0x0F, 0x3C, 0x0F, 0x3C, 0x0F, 0x3C,
    0x0F, 0x3C, 0x0F, 0xF3, 0xF3, 0xCF, 0xEF, 0x3F, 0xFC, 0xFF, 0xF0, 0x7F, 0xC0, 0xFF, 0x03, 0xFC,
    0x0F, 0xF0, 0x3F, 0xE1, 0xFF, 0x87, 0xDF, 0xFE, 0x7F, 0xF8, 0xFF, 0xC1, 0xFE, 0x00, 0x7E, 0xFD,
    0xFB, 0xF1, 0xE3, 0xC7, 0x8F, 0x1E, 0x7F, 0xC3, 0xFF, 0x9F, 0xFC, 0xFF, 0xF0, 0x0F, 0x80, 0x3C,
    0x01, 0xE0, 0x0F, 0x00, 0x78, 0x03, 0xC0, 0x1E, 0x00, 0xF0, 0x07, 0x80, 0x3C, 0x01, 0xE0, 0x0F,
    0x00, 0x78, 0x03, 0xC0, 0x1E, 0x00, 0xF0, 0xFF, 0x8F, 0xFC, 0xFF, 0xE7, 0xFE, 0x01, 0xF0, 0x1F,
    0x00, 0xF0, 0x0F, 0x00, 0xF0, 0x1F, 0x01, 0xF7, 0xFE, 0xFF, 0xEF, 0xFC, 0xFF, 0x80, 0xF0, 0x07,
    0x80, 0x3C, 0x01, 0xE0, 0x0F, 0xFF, 0xFF, 0xFF, 0xFF, 0xFF, 0xFE, 0x01, 0xF0, 0x0F, 0x00, 0xF8,
    0x07, 0xC0, 0x3C, 0x03, 0xE0, 0x1F, 0x00, 0xF0, 0x0F, 0x80, 0x7C, 0x03, 0xC0, 0x7F, 0xFC, 0xFF,
    0xFE, 0xFF, 0xFF, 0x7F, 0xFF, 0x3C, 0x1F, 0x3C, 0x0F, 0x3C, 0x0F, 0x3C, 0x0F, 0x3C, 0x0F, 0x3C,
    0x0F, 0x3C, 0x0F, 0x3F, 0xFF, 0x3F, 0xFF, 0x3F, 0xFF, 0x3F, 0xFF, 0x78, 0xFC, 0x3D, 0xFF, 0x1F,
    0xFF, 0xC7, 0xFF, 0xE3, 0xF0, 0xF9, 0xF0, 0x7C, 0xF8, 0x1E, 0x7C, 0x0F, 0x3E, 0x0F, 0x9E, 0x07,
    0xCF, 0x03, 0xEF, 0x9F, 0xE7, 0xDF, 0xF3, 0xEF, 0xF1, 0xF7, 0xE0, 0x7E, 0xFD, 0xFB, 0xF1, 0xE3,
    0xC7, 0x8F, 0x1E, 0x3C, 0x78, 0xF1, 0xE3, 0xC7, 0x8F, 0x1E, 0x3C, 0x78, 0xF0, 0x7E, 0x7E, 0x7F,
    0x3F, 0x0F, 0x0F, 0x0F, 0x0F, 0x0F, 0x0F, 0x0F, 0x7F, 0xFF, 0xFF, 0xFF, 0xFF, 0xF1, 0xFF, 0xFB,
    0xFF, 0xF3, 0xFF, 0xF7, 0xC3, 0xEF, 0x03, 0xDE, 0x07, 0xBC, 0x0F, 0x78, 0x1E, 0xF0, 0x7D, 0xF0,
    0xFB, 0xFF, 0xE3, 0xFF, 0xC3, 0xFF, 0x03, 0xFC, 0x00, 0x00, 0x03, 0xE0, 0xF7, 0x83, 0xDE, 0x0F,
    0x7C, 0x3D, 0xF0, 0xF7, 0xC3, 0xCF, 0x1F, 0x3C, 0x7C, 0xF1, 0xF3, 0xE7, 0x8F, 0xBE, 0x1F, 0xF3,
    0xFF, 0xCF, 0xFC, 0x3F, 0xC0, 0xF8, 0x00, 0x00, 0x00, 0x3F, 0xC1, 0xFF, 0xCF, 0xFF, 0xBF, 0xFE,
    0xF0, 0x7F, 0xC1, 0xFF, 0x87, 0xFF, 0x0F, 0x7C, 0x3C, 0xF0, 0xF0, 0xC3, 0xC0, 0x0F, 0x00, 0x3C,
    0x00, 0xF0, 0x03, 0xC0, 0x0F, 0x00, 0x3C, 0x00, 0xF0, 0x03, 0xC0, 0x0F, 0x3F, 0xC1, 0xFF, 0xCF,
    0xFF, 0xBF, 0xFE, 0xF0, 0x7F, 0xC1, 0xFF, 0x83, 0xFF, 0x0F, 0x7C, 0x3C, 0xF1, 0xF0, 0x07, 0xDF,
    0xFE, 0xFF, 0xFB, 0xFF, 0xCF, 0xFC, 0x00, 0xF8, 0x3D, 0xF0, 0xF7, 0xC7, 0xCF, 0x1F, 0x3E, 0x7C,
    0xF9, 0xE1, 0xEF, 0x87, 0xFC, 0x1F, 0xF0, 0x3F, 0x80, 0xF8, 0x03, 0xE0, 0x07, 0x80, 0x1F, 0x00,
    0x7C, 0x00, 0xF0, 0x03, 0xC0, 0x0F, 0x80, 0x3E, 0x00, 0x78, 0x7C, 0x3D, 0xF0, 0xF3, 0xE7, 0xCF,
    0xDF, 0x1F, 0x7C, 0x3F, 0xE0, 0xFF, 0x81, 0xFC, 0x03, 0xE0, 0x0F, 0x80, 0x1F, 0x1F, 0xFE, 0x7F,
    0xF9, 0xFF, 0xE7, 0xFF, 0x80, 0xFF, 0xFF, 0xFF, 0xFF, 0xFF, 0xFB, 0xFF, 0xF0, 0x03, 0xC0, 0x07,
    0x80, 0x1F, 0x3C, 0x3E, 0x78, 0x78, 0xF1, 0xF1, 0xE3, 0xE3, 0xC7, 0x87, 0x8F, 0x0F, 0x3E, 0x1E,
    0x78, 0x3C, 0x00, 0x78, 0x00, 0xF0, 0x01, 0xE0, 0x03, 0xC0, 0x00, 0x7F, 0xC7, 0xFE, 0xFF, 0xF7,
    0xFF, 0x01, 0xF0, 0x0F, 0x00, 0xF0, 0x0F, 0x00, 0xF0, 0x0F, 0x00, 0xF0, 0x0F, 0x00, 0xF0, 0x0F,
    0x00, 0xF0, 0xF3, 0xCF, 0xF9, 0xE7, 0xFC, 0xF3, 0xFE, 0x79, 0xFF, 0x3C, 0xFF, 0xBE, 0x7F, 0xFE,
    0x3F, 0xFE, 0x1E, 0xFE, 0x0F, 0x7C, 0x0F, 0xBE, 0x07, 0xCF, 0xFF, 0xC3, 0xFF, 0xE0, 0xFF, 0xE0,
    0x3F, 0xC0, 0x7F, 0xFC, 0x7F, 0xFE, 0xFF, 0xFF, 0x7F, 0xFF, 0x1E, 0x0F, 0x1E, 0x0F, 0x1E, 0x0F,
    0x1E, 0x0F, 0x1E, 0x0F, 0x1E, 0x0F, 0x1E, 0x0F, 0x7E, 0x0F, 0xFE, 0x0F, 0xFC, 0x0F, 0xF8, 0x0F,
    0x01, 0xF0, 0x00, 0x3E, 0x00, 0x0F, 0xE0, 0x01, 0xFC, 0x00, 0x3F, 0x80, 0x0F, 0xF8, 0x01, 0xFF,
    0x00, 0x7D, 0xF0, 0x0F, 0xBE, 0x01, 0xE7, 0xC0, 0x7C, 0x7C, 0x0F, 0xFF, 0x83, 0xFF, 0xF8, 0x7F,
    0xFF, 0x0F, 0xFF, 0xE3, 0xE0, 0x3E, 0x7C, 0x07, 0xCF, 0x80, 0xF8, 0x00, 0x00, 0x00, 0x00, 0x00,
    0x1F, 0x00, 0x03, 0xE0, 0x00, 0x7C, 0x00, 0x0F, 0x80, 0x1F, 0xBC, 0xFF, 0xF7, 0xFF, 0xFF, 0xFF,
    0xF8, 0x7F, 0xE1, 0xFF, 0x03, 0xFC, 0x0F, 0xF8, 0x7F, 0xE1, 0xFF, 0xFF, 0xDF, 0xFF, 0x3F, 0xFC,
    0x7E, 0xF0, 0x00, 0x00, 0x00, 0x07, 0xC0, 0x1F, 0x00, 0x7C, 0x01, 0xF0, 0x00, 0x80, 0x00, 0xFC,
    0x00, 0x3F, 0x00, 0x0D, 0xC0, 0x00, 0xF0, 0x00, 0x38, 0x00, 0x0C, 0x00, 0x00, 0x00, 0x01, 0xE0,
    0x00, 0xFC, 0x00, 0x3F, 0x00, 0x0F, 0xE0, 0x07, 0xF8, 0x01, 0xFE, 0x00, 0xFF, 0xC0, 0x3F, 0xF0,
    0x0F, 0x3C, 0x07, 0xCF, 0x81, 0xF3, 0xE0, 0x7F, 0xFC, 0x3F, 0xFF, 0x0F, 0xFF, 0xC7, 0xFF, 0xF9,
    0xF0, 0x3E, 0x7C, 0x0F, 0xBE, 0x01, 0xF0, 0x01, 0x00, 0x3F, 0x00, 0xFE, 0x01, 0x78, 0x03, 0xC0,
    0x0E, 0x00, 0x38, 0x00, 0x00, 0x1F, 0xBC, 0xFF, 0xF7, 0xFF, 0xFF, 0xFF, 0xF8, 0x7F, 0xE1, 0xFF,
    0x03, 0xFC, 0x0F, 0xF8, 0x7F, 0xE1, 0xFF, 0xFF, 0xDF, 0xFF, 0x3F, 0xFC, 0x7E, 0xF0, 0x00, 0x00,
    0x00, 0x00, 0x60, 0x00, 0x0F, 0x00, 0x03, 0xC0, 0x00, 0xF0, 0x01, 0xCC, 0x00, 0x7E, 0x00, 0x1F,
    0xE0, 0x07, 0xFC, 0x00, 0x61, 0x80, 0x00, 0x00, 0x00, 0xF8, 0x00, 0x1F, 0x00, 0x03, 0xF0, 0x00,
    0xFE, 0x00, 0x1F, 0xE0, 0x07, 0xFC, 0x00, 0xFF, 0x80, 0x1E, 0xF8, 0x07, 0xDF, 0x00, 0xF9, 0xF0,
    0x3E, 0x3E, 0x07, 0xFF, 0xC0, 0xFF, 0xFC, 0x3F, 0xFF, 0x87, 0xFF, 0xF0, 0xF0, 0x1F, 0x3E, 0x03,
    0xE7, 0xC0, 0x3E, 0x00, 0x00, 0x00, 0x0E, 0x00, 0x0F, 0x00, 0x1E, 0x00, 0x1C, 0x00, 0x18, 0x07,
    0xC0, 0x0F, 0xE0, 0x1F, 0xF0, 0x1E, 0xF0, 0x00, 0x20, 0x00, 0x00, 0x1F, 0xBC, 0x3F, 0xFC, 0x7F,
    0xFC, 0xFF, 0xFC, 0xF8, 0x7C, 0xF8, 0x7C, 0xF0, 0x3C, 0xF0, 0x3C, 0xF8, 0x7C, 0xF8, 0x7C, 0xFF,
    0xFC, 0x7F, 0xFC, 0x3F, 0xFC, 0x1F, 0xBC, 0x00, 0x00, 0x00, 0x01, 0x80, 0x00, 0xF0, 0x00, 0x0F,
    0x00, 0x00, 0xF0, 0x01, 0xCC, 0x00, 0x7E, 0x00, 0x1F, 0xE0, 0x07, 0xFC, 0x00, 0x61, 0x80, 0x00,
    0x00, 0x00, 0xF8, 0x00, 0x1F, 0x00, 0x03, 0xF0, 0x00, 0xFE, 0x00, 0x1F, 0xE0, 0x07, 0xFC, 0x00,
    0xFF, 0x80, 0x1E, 0xF8, 0x07, 0xDF, 0x00, 0xF9, 0xF0, 0x3E, 0x3E, 0x07, 0xFF, 0xC0, 0xFF, 0xFC,
    0x3F, 0xFF, 0x87, 0xFF, 0xF0, 0xF0, 0x1F, 0x3E, 0x03, 0xE7, 0xC0, 0x3E, 0x00, 0x00, 0x01, 0xC0,
    0x0F, 0x00, 0x1E, 0x00, 0x38, 0x00, 0x60, 0x7C, 0x03, 0xF8, 0x1F, 0xF0, 0x7B, 0xC0, 0x02, 0x00,
    0x00, 0x1F, 0xBC, 0xFF, 0xF7, 0xFF, 0xFF, 0xFF, 0xF8, 0x7F, 0xE1, 0xFF, 0x03, 0xFC, 0x0F, 0xF8,
    0x7F, 0xE1, 0xFF, 0xFF, 0xDF, 0xFF, 0x3F, 0xFC, 0x7E, 0xF0, 0x00, 0x04, 0x00, 0x03, 0xF0, 0x00,
    0x7E, 0x00, 0x0D, 0xC0, 0x00, 0x78, 0x01, 0xCE, 0x00, 0x7F, 0x00, 0x3F, 0xE0, 0x07, 0xFC, 0x00,
    0x41, 0x80, 0x00, 0x00, 0x00, 0xF8, 0x00, 0x1F, 0x00, 0x03, 0xF0, 0x00, 0xFE, 0x00, 0x1F, 0xE0,
    0x07, 0xFC, 0x00, 0xFF, 0x80, 0x1E, 0xF8, 0x07, 0xDF, 0x00, 0xF9, 0xF0, 0x3E, 0x3E, 0x07, 0xFF,
    0xC0, 0xFF, 0xFC, 0x3F, 0xFF, 0x87, 0xFF, 0xF0, 0xF0, 0x1F, 0x3E, 0x03, 0xE7, 0xC0, 0x3E, 0x00,
    0x10, 0x00, 0xFC, 0x01, 0xF8, 0x03, 0x70, 0x01, 0xE0, 0x03, 0x81, 0xF6, 0x07, 0xF0, 0x1F, 0xF0,
    0x3D, 0xE0, 0x20, 0x80, 0x00, 0x01, 0xFB, 0xC7, 0xFF, 0x9F, 0xFF, 0x7F, 0xFE, 0xF8, 0x7D, 0xF0,
    0xFB, 0xC0, 0xF7, 0x81, 0xEF, 0x87, 0xDF, 0x0F, 0xBF, 0xFF, 0x3F, 0xFE, 0x3F, 0xFC, 0x3F, 0x78,
    0x03, 0xFC, 0x00, 0xFF, 0x80, 0x1F, 0xF0, 0x03, 0x9C, 0x00, 0x0E, 0x00, 0x03, 0xE0, 0x00, 0xFE,
    0x00, 0x3F, 0xE0, 0x03, 0x18, 0x00, 0x00, 0x00, 0x07, 0xC0, 0x00, 0xF8, 0x00, 0x3F, 0x80, 0x07,
    0xF0, 0x00, 0xFE, 0x00, 0x3F, 0xE0, 0x07, 0xFC, 0x00, 0xF7, 0x80, 0x3E, 0xF8, 0x07, 0x9F, 0x01,
    0xF1, 0xF0, 0x3F, 0xFE, 0x07, 0xFF, 0xC1, 0xFF, 0xFC, 0x3F, 0xFF, 0x8F, 0x80, 0xF9, 0xF0, 0x1F,
    0x3E, 0x03, 0xE0, 0x0F, 0x70, 0x7F, 0xC1, 0xFF, 0x07, 0x78, 0x00, 0x00, 0x0E, 0x00, 0xFE, 0x07,
    0xFC, 0x1E, 0xF0, 0x20, 0x80, 0x00, 0x07, 0xEF, 0x3F, 0xFD, 0xFF, 0xFF, 0xFF, 0xFE, 0x1F, 0xF8,
    0x7F, 0xC0, 0xFF, 0x03, 0xFE, 0x1F, 0xF8, 0x7F, 0xFF, 0xF7, 0xFF, 0xCF, 0xFF, 0x1F, 0xBC, 0x00,
    0xE0, 0x00, 0x3E, 0x00, 0x1F, 0xF0, 0x03, 0xFE, 0x00, 0x70, 0xC0, 0x00, 0x00, 0x00, 0x7C, 0x00,
    0x0F, 0x80, 0x03, 0xF8, 0x00, 0x7F, 0x00, 0x0F, 0xE0, 0x03, 0xFE, 0x00, 0x7F, 0xC0, 0x1F, 0x7C,
    0x03, 0xEF, 0x80, 0x79, 0xF0, 0x1F, 0x1F, 0x03, 0xFF, 0xE0, 0xFF, 0xFE, 0x1F, 0xFF, 0xC3, 0xFF,
    0xF8, 0xF8, 0x0F, 0x9F, 0x01, 0xF3, 0xE0, 0x3E, 0x00, 0x00, 0x00, 0x00, 0x00, 0x07, 0xC0, 0x00,
    0xF8, 0x00, 0x1F, 0x00, 0x03, 0xE0, 0x00, 0x07, 0xC0, 0x3F, 0x81, 0xFF, 0x07, 0x1C, 0x00, 0x20,
    0x00, 0x01, 0xFB, 0xCF, 0xFF, 0x7F, 0xFF, 0xFF, 0xFF, 0x87, 0xFE, 0x1F, 0xF0, 0x3F, 0xC0, 0xFF,
    0x87, 0xFE, 0x1F, 0xFF, 0xFD, 0xFF, 0xF3, 0xFF, 0xC7, 0xEF, 0x00, 0x00, 0x00, 0x00, 0x7C, 0x01,
    0xF0, 0x07, 0xC0, 0x1F, 0x00, 0x00, 0x30, 0x00, 0x07, 0x00, 0x01, 0xE0, 0x00, 0x78, 0x00, 0x0E,
    0x00, 0x0E, 0xF8, 0x01, 0xFF, 0x00, 0x1F, 0xE0, 0x01, 0xF8, 0x00, 0x00, 0x00, 0x07, 0xC0, 0x00,
    0xF8, 0x00, 0x1F, 0x80, 0x07, 0xF0, 0x00, 0xFF, 0x00, 0x3F, 0xE0, 0x07, 0xFC, 0x00, 0xF7, 0xC0,
    0x3E, 0xF8, 0x07, 0xCF, 0x81, 0xF1, 0xF0, 0x3F, 0xFE, 0x07, 0xFF, 0xE1, 0xFF, 0xFC, 0x3F, 0xFF,
    0x87, 0x80, 0xF9, 0xF0, 0x1F, 0x3E, 0x01, 0xF0, 0x00, 0x80, 0x03, 0x00, 0x1E, 0x00, 0xF0, 0x03,
    0xC0, 0x0E, 0x01, 0xC7, 0x07, 0xBC, 0x1F, 0xF0, 0x3F, 0x80, 0x7C, 0x00, 0x00, 0x1F, 0xBC, 0xFF,
    0xF7, 0xFF, 0xFF, 0xFF, 0xF8, 0x7F, 0xE1, 0xFF, 0x03, 0xFC, 0x0F, 0xF8, 0x7F, 0xE1, 0xFF, 0xFF,
    0xDF, 0xFF, 0x3F, 0xFC, 0x7E, 0xF0, 0x00, 0x80, 0x00, 0x78, 0x00, 0x0F, 0x00, 0x00, 0xF0, 0x00,
    0x0E, 0x00, 0x0E, 0xB8, 0x01, 0xFF, 0x00, 0x1F, 0xE0, 0x01, 0xF8, 0x00, 0x00, 0x00, 0x07, 0xC0,
    0x00, 0xF8, 0x00, 0x1F, 0x80, 0x07, 0xF0, 0x00, 0xFF, 0x00, 0x3F, 0xE0, 0x07, 0xFC, 0x00, 0xF7,
    0xC0, 0x3E, 0xF8, 0x07, 0xCF, 0x81, 0xF1, 0xF0, 0x3F, 0xFE, 0x07, 0xFF, 0xE1, 0xFF, 0xFC, 0x3F,
    0xFF, 0x87, 0x80, 0xF9, 0xF0, 0x1F, 0x3E, 0x01, 0xF0, 0x02, 0x00, 0x1C, 0x00, 0xF0, 0x01, 0xE0,
    0x03, 0x80, 0x06, 0x01, 0xC7, 0x07, 0xBC, 0x1F, 0xF0, 0x3F, 0x80, 0x7C, 0x00, 0x00, 0x1F, 0xBC,
    0xFF, 0xF7, 0xFF, 0xFF, 0xFF, 0xF8, 0x7F, 0xE1, 0xFF, 0x03, 0xFC, 0x0F, 0xF8, 0x7F, 0xE1, 0xFF,
    0xFF, 0xDF, 0xFF, 0x3F, 0xFC, 0x7E, 0xF0, 0x00, 0x80, 0x00, 0xFC, 0x00, 0x3F, 0x00, 0x0D, 0xC0,
    0x00, 0xF0, 0x00, 0x38, 0x00, 0xFD, 0xC0, 0x1F, 0xF0, 0x07, 0xF8, 0x00, 0xFC, 0x00, 0x00, 0x00,
    0x07, 0xC0, 0x03, 0xF0, 0x00, 0xFC, 0x00, 0x3F, 0x80, 0x1F, 0xE0, 0x07, 0xF8, 0x03, 0xFF, 0x00,
    0xFF, 0xC0, 0x3C, 0xF8, 0x1F, 0x3E, 0x07, 0xCF, 0x81, 0xFF, 0xF0, 0xFF, 0xFC, 0x3F, 0xFF, 0x1F,
    0xFF, 0xE7, 0xC0, 0xF9, 0xF0, 0x1F, 0xF8, 0x07, 0xC0, 0x0F, 0xC0, 0x3F, 0x80, 0xFE, 0x00, 0x70,
    0x03, 0xC0, 0x0E, 0x01, 0xC7, 0x07, 0xBC, 0x1F, 0xF0, 0x3F, 0x80, 0x7C, 0x00, 0x00, 0x1F, 0xBC,
    0xFF, 0xF7, 0xFF, 0xFF, 0xFF, 0xF8, 0x7F, 0xE1, 0xFF, 0x03, 0xFC, 0x0F, 0xF8, 0x7F, 0xE1, 0xFF,
    0xFF, 0xDF, 0xFF, 0x3F, 0xFC, 0x7E, 0xF0, 0x00, 0x00, 0x00, 0x7B, 0x80, 0x1F, 0xF0, 0x03, 0xFE,
    0x00, 0x73, 0x80, 0x00, 0x00, 0x01, 0xC7, 0x00, 0x3F, 0xE0, 0x03, 0xF8, 0x00, 0x3E, 0x00, 0x00,
    0x00, 0x00, 0xF8, 0x00, 0x1F, 0x00, 0x07, 0xF0, 0x00, 0xFE, 0x00, 0x1F, 0xC0, 0x07, 0xFC, 0x00,
    0xFF, 0x80, 0x1E, 0xF0, 0x07, 0xDF, 0x00, 0xF3, 0xE0, 0x3E, 0x3E, 0x07, 0xFF, 0xC0, 0xFF, 0xF8,
    0x3F, 0xFF, 0x87, 0xFF, 0xF1, 0xF0, 0x1F, 0x3E, 0x03, 0xE7, 0xC0, 0x7C, 0x00, 0x00, 0x3D, 0xC1,
    0xFF, 0x07, 0xFC, 0x1D, 0xE0, 0x00, 0x01, 0xC7, 0x07, 0xBC, 0x1F, 0xF0, 0x3F, 0x80, 0x7C, 0x00,
    0x00, 0x1F, 0xBC, 0xFF, 0xF7, 0xFF, 0xFF, 0xFF, 0xF8, 0x7F, 0xE1, 0xFF, 0x03, 0xFC, 0x0F, 0xF8,
    0x7F, 0xE1, 0xFF, 0xFF, 0xDF, 0xFF, 0x3F, 0xFC, 0x7E, 0xF0, 0x07, 0x1C, 0x00, 0xF7, 0x80, 0x1F,
    0xF0, 0x01, 0xFC, 0x00, 0x1F, 0x00, 0x00, 0x00, 0x00, 0x7C, 0x00, 0x0F, 0x80, 0x03, 0xF8, 0x00,
    0x7F, 0x00, 0x0F, 0xE0, 0x03, 0xFE, 0x00, 0x7F, 0xC0, 0x1F, 0x7C, 0x03, 0xEF, 0x80, 0x79, 0xF0,
    0x1F, 0x1F, 0x03, 0xFF, 0xE0, 0xFF, 0xFE, 0x1F, 0xFF, 0xC3, 0xFF, 0xF8, 0xF8, 0x0F, 0x9F, 0x01,
    0xF3, 0xE0, 0x3E, 0x00, 0x00, 0x00, 0x00, 0x00, 0x07, 0xC0, 0x00, 0xF8, 0x00, 0x1F, 0x00, 0x03,
    0xE0, 0x00, 0x1C, 0x70, 0x7B, 0xC1, 0xFF, 0x03, 0xF8, 0x07, 0xC0, 0x00, 0x01, 0xFB, 0xCF, 0xFF,
    0x7F, 0xFF, 0xFF, 0xFF, 0x87, 0xFE, 0x1F, 0xF0, 0x3F, 0xC0, 0xFF, 0x87, 0xFE, 0x1F, 0xFF, 0xFD,
    0xFF, 0xF3, 0xFF, 0xC7, 0xEF, 0x00, 0x00, 0x00, 0x00, 0x7C, 0x01, 0xF0, 0x07, 0xC0, 0x1F, 0x00,
    0xFF, 0xF7, 0xFF, 0xBF, 0xFD, 0xFF, 0xEF, 0x00, 0x78, 0x03, 0xC0, 0x1F, 0xFC, 0xFF, 0xE7, 0xFF,
    0x3F, 0xF9, 0xE0, 0x0F, 0x00, 0x78, 0x03, 0xFF, 0xFF, 0xFF, 0xFF, 0xFF, 0xFF, 0xC0, 0x00, 0x00,
    0x01, 0xF0, 0x0F, 0x80, 0x7C, 0x03, 0xE0, 0x1F, 0xC1, 0xFF, 0x1F, 0xFD, 0xFF, 0xFF, 0x87, 0xFC,
    0x3F, 0xFF, 0xFF, 0xFF, 0xFF, 0xFF, 0xE1, 0x3F, 0xFC, 0xFF, 0xF3, 0xFF, 0x8F, 0xF0, 0x00, 0x00,
    0x00, 0x07, 0xC0, 0x3E, 0x01, 0xF0, 0x0F, 0x80, 0x02, 0x00, 0xFC, 0x07, 0xF0, 0x33, 0x80, 0x38,
    0x03, 0x80, 0x1C, 0x00, 0x00, 0xFF, 0xF7, 0xFF, 0xBF, 0xFD, 0xFF, 0xEF, 0x00, 0x78, 0x03, 0xC0,
    0x1F, 0xFC, 0xFF, 0xE7, 0xFF, 0x3F, 0xF9, 0xE0, 0x0F, 0x00, 0x78, 0x03, 0xFF, 0xFF, 0xFF, 0xFF,
    0xFF, 0xFF, 0xC0, 0x02, 0x00, 0x7E, 0x03, 0xF0, 0x13, 0x80, 0x3C, 0x03, 0xC0, 0x1C, 0x00, 0x00,
    0x1F, 0xC1, 0xFF, 0x1F, 0xFD, 0xFF, 0xFF, 0x8F, 0xFF, 0xFF, 0xFF, 0xFF, 0xFF, 0xF8, 0x07, 0xE1,
    0x3F, 0xFC, 0xFF, 0xF3, 0xFF, 0x0F, 0xF0, 0x1E, 0xE1, 0xFF, 0x1F, 0xF8, 0xFF, 0x80, 0x00, 0x00,
    0x03, 0xFF, 0xDF, 0xFE, 0xFF, 0xF7, 0xFF, 0xBC, 0x01, 0xE0, 0x0F, 0x00, 0x7F, 0xF3, 0xFF, 0x9F,
    0xFC, 0xFF, 0xE7, 0x80, 0x3C, 0x01, 0xE0, 0x0F, 0xFF, 0xFF, 0xFF, 0xFF, 0xFF, 0xFF, 0x1E, 0x70,
    0xFB, 0x8F, 0xFC, 0x77, 0xC3, 0x9C, 0x00, 0x00, 0x7F, 0x07, 0xFC, 0x7F, 0xF7, 0xFF, 0xFE, 0x1F,
    0xFF, 0xFF, 0xFF, 0xFF, 0xFF, 0xE0, 0x1F, 0x84, 0xFF, 0xF3, 0xFF, 0xCF, 0xFE, 0x3F, 0xC0, 0x00,
    0x00, 0x00, 0x30, 0x00, 0xF0, 0x01, 0xE0, 0x07, 0x80, 0xEE, 0x07, 0xE0, 0x1F, 0xE0, 0x3F, 0xE0,
    0x61, 0x80, 0x00, 0x07, 0xFF, 0x8F, 0xFF, 0x1F, 0xFE, 0x3F, 0xFC, 0x78, 0x00, 0xF0, 0x01, 0xE0,
    0x03, 0xFF, 0x87, 0xFF, 0x0F, 0xFE, 0x1F, 0xFC, 0x3C, 0x00, 0x78, 0x00, 0xF0, 0x01, 0xFF, 0xF3,
    0xFF, 0xE7, 0xFF, 0xCF, 0xFF, 0x80, 0x00, 0x00, 0x00, 0x18, 0x00, 0x78, 0x00, 0xF0, 0x03, 0xC0,
    0x07, 0x01, 0xE0, 0x07, 0xE0, 0x3F, 0xE0, 0x79, 0xC0, 0x00, 0x00, 0x00, 0x01, 0xFC, 0x07, 0xFC,
    0x1F, 0xFC, 0x7F, 0xFC, 0xF8, 0xF9, 0xFF, 0xF3, 0xFF, 0xE7, 0xFF, 0xCF, 0x80, 0x1F, 0x84, 0x3F,
    0xFC, 0x3F, 0xFC, 0x3F, 0xF0, 0x3F, 0xC0, 0x00, 0x00, 0x06, 0x00, 0x78, 0x03, 0xE0, 0x0F, 0x03,
    0xB8, 0x7E, 0x07, 0xF8, 0x3F, 0xE1, 0x86, 0x00, 0x01, 0xFF, 0xEF, 0xFF, 0x7F, 0xFB, 0xFF, 0xDE,
    0x00, 0xF0, 0x07, 0x80, 0x3F, 0xF9, 0xFF, 0xCF, 0xFE, 0x7F, 0xF3, 0xC0, 0x1E, 0x00, 0xF0, 0x07,
    0xFF, 0xFF, 0xFF, 0xFF, 0xFF, 0xFF, 0x80, 0x00, 0x00, 0x03, 0x00, 0x3C, 0x01, 0xE0, 0x07, 0x80,
    0x1C, 0x1E, 0x01, 0xF8, 0x3F, 0xE1, 0xE7, 0x00, 0x00, 0x00, 0x01, 0xFC, 0x1F, 0xF1, 0xFF, 0xDF,
    0xFF, 0xF8, 0xFF, 0xFF, 0xFF, 0xFF, 0xFF, 0xFF, 0x80, 0x7E, 0x13, 0xFF, 0xCF, 0xFF, 0x3F, 0xF0,
    0xFF, 0x00, 0x00, 0x20, 0x07, 0xE0, 0x1F, 0xC0, 0x2F, 0x00, 0x78, 0x1D, 0xC1, 0xFA, 0x0F, 0xF0,
    0x3F, 0xE0, 0xC3, 0x00, 0x00, 0x3F, 0xFC, 0xFF, 0xF3, 0xFF, 0xCF, 0xFF, 0x3C, 0x00, 0xF0, 0x03,
    0xC0, 0x0F, 0xFE, 0x3F, 0xF8, 0xFF, 0xE3, 0xFF, 0x8F, 0x00, 0x3C, 0x00, 0xF0, 0x03, 0xFF, 0xEF,
    0xFF, 0xBF, 0xFE, 0xFF, 0xF8, 0x00, 0x20, 0x03, 0xF0, 0x0F, 0xC0, 0x37, 0x00, 0x3C, 0x00, 0xE0,
    0x7B, 0x03, 0xF0, 0x3F, 0xE0, 0xF3, 0x81, 0x04, 0x00, 0x00, 0x1F, 0xC0, 0xFF, 0x87, 0xFF, 0x3F,
    0xFE, 0xF8, 0xFB, 0xFF, 0xEF, 0xFF, 0xBF, 0xFE, 0xF8, 0x03, 0xF0, 0x8F, 0xFF, 0x1F, 0xFC, 0x3F,
    0xF0, 0x7F, 0x80, 0x1F, 0xE1, 0xFF, 0x1F, 0xF8, 0xE3, 0x80, 0x70, 0x07, 0xC0, 0xFF, 0x07, 0xFC,
    0x30, 0xC0, 0x00, 0x3F, 0xFD, 0xFF, 0xEF, 0xFF, 0x7F, 0xFB, 0xC0, 0x1E, 0x00, 0xF0, 0x07, 0xFF,
    0x3F, 0xF9, 0xFF, 0xCF, 0xFE, 0x78, 0x03, 0xC0, 0x1E, 0x00, 0xFF, 0xFF, 0xFF, 0xFF, 0xFF, 0xFF,
    0xF0, 0x1F, 0x71, 0xFF, 0x8F, 0xF8, 0x73, 0xC0, 0x00, 0x03, 0xC0, 0x3F, 0x03, 0xFC, 0x3F, 0xF0,
    0xC1, 0x00, 0x00, 0x3F, 0x83, 0xFE, 0x3F, 0xFB, 0xFF, 0xFF, 0x0F, 0xFF, 0xFF, 0xFF, 0xFF, 0xFF,
    0xF0, 0x0F, 0xC2, 0x7F, 0xF9, 0xFF, 0xE7, 0xFF, 0x1F, 0xE0, 0x07, 0x00, 0xFC, 0x0F, 0xF0, 0xFF,
    0xC3, 0x0C, 0x00, 0x03, 0xFF, 0xDF, 0xFE, 0xFF, 0xF7, 0xFF, 0xBC, 0x01, 0xE0, 0x0F, 0x00, 0x7F,
    0xF3, 0xFF, 0x9F, 0xFC, 0xFF, 0xE7, 0x80, 0x3C, 0x01, 0xE0, 0x0F, 0xFF, 0xFF, 0xFF, 0xFF, 0xFF,
    0xFF, 0x00, 0x00, 0x00, 0x07, 0xC0, 0x3E, 0x01, 0xF0, 0x0F, 0x80, 0x07, 0x80, 0xFE, 0x0F, 0xFC,
    0x79, 0xE0, 0x02, 0x00, 0x00, 0x7F, 0x07, 0xFC, 0x7F, 0xF7, 0xFF, 0xFE, 0x1F, 0xF0, 0xFF, 0xFF,
    0xFF, 0xFF, 0xFF, 0xFF, 0x84, 0xFF, 0xF3, 0xFF, 0xCF, 0xFE, 0x3F, 0xC0, 0x00, 0x00, 0x00, 0x1F,
    0x00, 0xF8, 0x07, 0xC0, 0x3E, 0x00, 0x08, 0x0F, 0xC3, 0xF0, 0xDC, 0x0F, 0x03, 0x80, 0xC0, 0x00,
    0xFF, 0xFF, 0xFF, 0xFF, 0xFF, 0x1E, 0x07, 0x81, 0xE0, 0x78, 0x1E, 0x07, 0x81, 0xE0, 0x78, 0x1E,
    0x07, 0x8F, 0xFF, 0xFF, 0xFF, 0xFF, 0xF0, 0x10, 0xFD, 0xFB, 0x71, 0xE3, 0x86, 0x00, 0x3C, 0x78,
    0xF1, 0xE3, 0xC7, 0x8F, 0x1E, 0x3C, 0x78, 0xF1, 0xE3, 0xC7, 0x80, 0xFF, 0xFF, 0xFF, 0xFF, 0xFF,
    0x1E, 0x07, 0x81, 0xE0, 0x78, 0x1E, 0x07, 0x81, 0xE0, 0x78, 0x1E, 0x07, 0x8F, 0xFF, 0xFF, 0xFF,
    0xFF, 0xF0, 0x00, 0x00, 0x1F, 0x07, 0xC1, 0xF0, 0x7C, 0xFF, 0xFF, 0xF0, 0x03, 0xDE, 0xF7, 0xBD,
    0xEF, 0x7B, 0xDE, 0xF7, 0xBD, 0xE0, 0x03, 0xFF, 0xFF, 0xC0, 0x07, 0xF8, 0x07, 0xFF, 0x83, 0xFF,
    0xF1, 0xFF, 0xFE, 0x7E, 0x1F, 0xBF, 0x03, 0xFF, 0x80, 0x7F, 0xE0, 0x1F, 0xF0, 0x03, 0xFC, 0x00,
    0xFF, 0x80, 0x7F, 0xE0, 0x1F, 0xFC, 0x0F, 0xDF, 0x87, 0xE7, 0xFF, 0xF8, 0xFF, 0xFC, 0x1F, 0xFE,
    0x01, 0xFE, 0x00, 0x00, 0x00, 0x00, 0x00, 0x01, 0xF0, 0x00, 0x7C, 0x00, 0x1F, 0x00, 0x07, 0xC0,
    0x1F, 0xE0, 0x7F, 0xE1, 0xFF, 0xE7, 0xFF, 0xEF, 0x87, 0xDF, 0x0F, 0xBC, 0x0F, 0x78, 0x1E, 0xF8,
    0x7D, 0xF0, 0xFB, 0xFF, 0xF3, 0xFF, 0xC3, 0xFF, 0x03, 0xFC, 0x00, 0x00, 0x00, 0x00, 0x07, 0xC0,
    0x0F, 0x80, 0x1F, 0x00, 0x3E, 0x00, 0x00, 0x80, 0x00, 0xFC, 0x00, 0x3F, 0x00, 0x0D, 0xE0, 0x00,
    0xF0, 0x00, 0x38, 0x00, 0x0C, 0x00, 0x00, 0x00, 0x07, 0xF8, 0x07, 0xFF, 0x83, 0xFF, 0xF1, 0xFF,
    0xFE, 0x7E, 0x1F, 0xBF, 0x03, 0xFF, 0x80, 0x7F, 0xE0, 0x1F, 0xF0, 0x03, 0xFC, 0x00, 0xFF, 0x80,
    0x7F, 0xE0, 0x1F, 0xFC, 0x0F, 0xDF, 0x87, 0xE7, 0xFF, 0xF8, 0xFF, 0xFC, 0x1F, 0xFE, 0x01, 0xFE,
    0x00, 0x01, 0x00, 0x1F, 0x80, 0x3F, 0x00, 0x6E, 0x00, 0x3C, 0x00, 0x70, 0x00, 0xC0, 0x00, 0x00,
    0x1F, 0xE0, 0x7F, 0xE1, 0xFF, 0xE7, 0xFF, 0xEF, 0x87, 0xDF, 0x0F, 0xBC, 0x0F, 0x78, 0x1E, 0xF8,
    0x7D, 0xF0, 0xFB, 0xFF, 0xF3, 0xFF, 0xC3, 0xFF, 0x03, 0xFC, 0x00, 0x00, 0x00, 0x00, 0x00, 0xC0,
    0x00, 0x78, 0x00, 0x1E, 0x00, 0x0F, 0x00, 0x7B, 0x80, 0x3F, 0x00, 0x3F, 0xF0, 0x0F, 0x3C, 0x00,
    0x06, 0x00, 0x00, 0x00, 0x1F, 0xE0, 0x1F, 0xFE, 0x0F, 0xFF, 0xC7, 0xFF, 0xF9, 0xF8, 0x7E, 0xFC,
    0x0F, 0xFE, 0x01, 0xFF, 0x80, 0x7F, 0xC0, 0x0F, 0xF0, 0x03, 0xFE, 0x01, 0xFF, 0x80, 0x7F, 0xF0,
    0x3F, 0x7E, 0x1F, 0x9F, 0xFF, 0xE3, 0xFF, 0xF0, 0x7F, 0xF8, 0x07, 0xF8, 0x00, 0x00, 0x00, 0x00,
    0x18, 0x00, 0x78, 0x00, 0xF0, 0x03, 0xC0, 0x07, 0x01, 0xE0, 0x07, 0xE0, 0x1F, 0xE0, 0x39, 0xC0,
    0x00, 0x00, 0x00, 0x01, 0xFE, 0x07, 0xFE, 0x1F, 0xFE, 0x7F, 0xFE, 0xF8, 0x7D, 0xF0, 0xFB, 0xC0,
    0xF7, 0x81, 0xEF, 0x87, 0xDF, 0x0F, 0xBF, 0xFF, 0x3F, 0xFC, 0x3F, 0xF0, 0x3F, 0xC0, 0x00, 0x00,
    0x00, 0x06, 0x00, 0x03, 0xC0, 0x00, 0xF0, 0x00, 0x1E, 0x00, 0x7B, 0x80, 0x3F, 0x00, 0x3F, 0xF0,
    0x0F, 0x3C, 0x00, 0x06, 0x00, 0x00, 0x00, 0x1F, 0xE0, 0x1F, 0xFE, 0x0F, 0xFF, 0xC7, 0xFF, 0xF9,
    0xF8, 0x7E, 0xFC, 0x0F, 0xFE, 0x01, 0xFF, 0x80, 0x7F, 0xC0, 0x0F, 0xF0, 0x03, 0xFE, 0x01, 0xFF,
    0x80, 0x7F, 0xF0, 0x3F, 0x7E, 0x1F, 0x9F, 0xFF, 0xE3, 0xFF, 0xF0, 0x7F, 0xF8, 0x07, 0xF8, 0x00,
    0x00, 0x00, 0x00, 0xC0, 0x03, 0xC0, 0x07, 0x80, 0x07, 0x80, 0x07, 0x01, 0xE0, 0x07, 0xE0, 0x1F,
    0xE0, 0x39, 0xC0, 0x00, 0x80, 0x00, 0x01, 0xFE, 0x07, 0xFE, 0x1F, 0xFE, 0x7F, 0xFE, 0xF8, 0x7D,
    0xF0, 0xFB, 0xC0, 0xF7, 0x81, 0xEF, 0x87, 0xDF, 0x0F, 0xBF, 0xFF, 0x3F, 0xFC, 0x3F, 0xF0, 0x3F,
    0xC0, 0x00, 0x04, 0x00, 0x0F, 0xC0, 0x03, 0xF8, 0x00, 0xDE, 0x00, 0x0F, 0x00, 0x7B, 0x80, 0x3F,
    0x40, 0x1F, 0xE0, 0x0F, 0xFC, 0x01, 0x86, 0x00, 0x00, 0x00, 0x1F, 0xE0, 0x1F, 0xFE, 0x0F, 0xFF,
    0xC7, 0xFF, 0xF9, 0xF8, 0x7E, 0xFC, 0x0F, 0xFE, 0x01, 0xFF, 0x80, 0x7F, 0xC0, 0x0F, 0xF0, 0x03,
    0xFE, 0x01, 0xFF, 0x80, 0x7F, 0xF0, 0x3F, 0x7E, 0x1F, 0x9F, 0xFF, 0xE3, 0xFF, 0xF0, 0x7F, 0xF8,
    0x07, 0xF8, 0x00, 0x00, 0x10, 0x01, 0xF8, 0x03, 0xF8, 0x02, 0xF0, 0x03, 0xC0, 0x07, 0x01, 0xEC,
    0x07, 0xE0, 0x1F, 0xE0, 0x39, 0xC0, 0x00, 0x80, 0x00, 0x01, 0xFE, 0x07, 0xFE, 0x1F, 0xFE, 0x7F,
    0xFE, 0xF8, 0x7D, 0xF0, 0xFB, 0xC0, 0xF7, 0x81, 0xEF, 0x87, 0xDF, 0x0F, 0xBF, 0xFF, 0x3F, 0xFC,
    0x3F, 0xF0, 0x3F, 0xC0, 0x03, 0x9C, 0x01, 0xFF, 0x00, 0xFF, 0xC0, 0x3B, 0xE0, 0x00, 0x00, 0x00,
    0x78, 0x00, 0x3F, 0x00, 0x1F, 0xE0, 0x0F, 0xFC, 0x01, 0x86, 0x00, 0x00, 0x00, 0x1F, 0xE0, 0x1F,
    0xFE, 0x0F, 0xFF, 0xC7, 0xFF, 0xF9, 0xF8, 0x7E, 0xFC, 0x0F, 0xFE, 0x01, 0xFF, 0x80, 0x7F, 0xC0,
    0x0F, 0xF0, 0x03, 0xFE, 0x01, 0xFF, 0x80, 0x7F, 0xF0, 0x3F, 0x7E, 0x1F, 0x9F, 0xFF, 0xE3, 0xFF,
    0xF0, 0x7F, 0xF8, 0x07, 0xF8, 0x00, 0x1F, 0x70, 0x3F, 0xE0, 0xFF, 0x81, 0xCF, 0x00, 0x00, 0x00,
    0xF0, 0x03, 0xF0, 0x0F, 0xF0, 0x1F, 0xF0, 0x30, 0xC0, 0x00, 0x00, 0xFF, 0x03, 0xFF, 0x0F, 0xFF,
    0x3F, 0xFF, 0x7C, 0x3E, 0xF8, 0x7D, 0xE0, 0x7B, 0xC0, 0xF7, 0xC3, 0xEF, 0x87, 0xDF, 0xFF, 0x9F,
    0xFE, 0x1F, 0xF8, 0x1F, 0xE0, 0x00, 0xE0, 0x00, 0xFC, 0x00, 0x7F, 0x80, 0x3F, 0xF0, 0x06, 0x18,
    0x00, 0x00, 0x00, 0x7F, 0x80, 0x7F, 0xF8, 0x3F, 0xFF, 0x1F, 0xFF, 0xE7, 0xE1, 0xFB, 0xF0, 0x3F,
    0xF8, 0x07, 0xFE, 0x01, 0xFF, 0x00, 0x3F, 0xC0, 0x0F, 0xF8, 0x07, 0xFE, 0x01, 0xFF, 0xC0, 0xFD,
    0xF8, 0x7E, 0x7F, 0xFF, 0x8F, 0xFF, 0xC1, 0xFF, 0xE0, 0x1F, 0xE0, 0x00, 0x00, 0x00, 0x00, 0x00,
    0x1F, 0x00, 0x07, 0xC0, 0x01, 0xF0, 0x00, 0x7C, 0x00, 0x07, 0xC0, 0x1F, 0xC0, 0xFF, 0xC1, 0xE3,
    0x80, 0x02, 0x00, 0x00, 0x07, 0xF8, 0x1F, 0xF8, 0x7F, 0xF9, 0xFF, 0xFB, 0xE1, 0xF7, 0xC3, 0xEF,
    0x03, 0xDE, 0x07, 0xBE, 0x1F, 0x7C, 0x3E, 0xFF, 0xFC, 0xFF, 0xF0, 0xFF, 0xC0, 0xFF, 0x00, 0x00,
    0x00, 0x00, 0x01, 0xF0, 0x03, 0xE0, 0x07, 0xC0, 0x0F, 0x80, 0x00, 0x00, 0x00, 0x1C, 0x00, 0x0F,
    0x00, 0x0F, 0xE0, 0x03, 0xF1, 0xC0, 0xE0, 0xF0, 0x00, 0x3C, 0x1F, 0xFF, 0x1F, 0xFF, 0x8F, 0xFF,
    0xC7, 0xFF, 0xF9, 0xF8, 0x7F, 0xFC, 0x0F, 0xFE, 0x01, 0xFF, 0x80, 0x7F, 0xC0, 0x0F, 0xF0, 0x03,
    0xFE, 0x01, 0xFF, 0x80, 0x7F, 0xF0, 0x3F, 0x7E, 0x1F, 0x9F, 0xFF, 0xE3, 0xFF, 0xF0, 0x7F, 0xF8,
    0x07, 0xF8, 0x00, 0x00, 0x00, 0x03, 0x00, 0x0F, 0x00, 0x3E, 0x00, 0xF8, 0x01, 0xE1, 0xC1, 0x07,
    0x80, 0x0F, 0x0F, 0xFE, 0x7F, 0xF9, 0xFF, 0xE3, 0xFF, 0xEF, 0x87, 0xDF, 0x0F, 0xBC, 0x0F, 0x78,
    0x1E, 0xF8, 0x7D, 0xF0, 0xFB, 0xFF, 0xF3, 0xFF, 0xC3, 0xFF, 0x03, 0xFC, 0x00, 0x00, 0x00, 0x00,
    0xE0, 0x00, 0x3E, 0x00, 0x1F, 0xC0, 0x03, 0xF9, 0xC0, 0x1C, 0xF0, 0x00, 0x3C, 0x1F, 0xFF, 0x1F,
    0xFF, 0x8F, 0xFF, 0xC7, 0xFF, 0xF9, 0xF8, 0x7F, 0xFC, 0x0F, 0xFE, 0x01, 0xFF, 0x80, 0x7F, 0xC0,
    0x0F, 0xF0, 0x03, 0xFE, 0x01, 0xFF, 0x80, 0x7F, 0xF0, 0x3F, 0x7E, 0x1F, 0x9F, 0xFF, 0xE3, 0xFF,
    0xF0, 0x7F, 0xF8, 0x07, 0xF8, 0x00, 0x00, 0x00, 0x1C, 0x00, 0x3C, 0x00, 0xFC, 0x00, 0xFC, 0x00,
    0x71, 0xC0, 0x27, 0x80, 0x0F, 0x0F, 0xFE, 0x7F, 0xF9, 0xFF, 0xE3, 0xFF, 0xEF, 0x87, 0xDF, 0x0F,
    0xBC, 0x0F, 0x78, 0x1E, 0xF8, 0x7D, 0xF0, 0xFB, 0xFF, 0xF3, 0xFF, 0xC3, 0xFF, 0x03, 0xFC, 0x00,
    0x00, 0x80, 0x00, 0xFC, 0x00, 0x3F, 0x00, 0x0D, 0xE0, 0x00, 0xF0, 0x00, 0x38, 0x70, 0x0C, 0x3C,
    0x00, 0x0F, 0x07, 0xFF, 0xC7, 0xFF, 0xE3, 0xFF, 0xF1, 0xFF, 0xFE, 0x7E, 0x1F, 0xFF, 0x03, 0xFF,
    0x80, 0x7F, 0xE0, 0x1F, 0xF0, 0x03, 0xFC, 0x00, 0xFF, 0x80, 0x7F, 0xE0, 0x1F, 0xFC, 0x0F, 0xDF,
    0x87, 0xE7, 0xFF, 0xF8, 0xFF, 0xFC, 0x1F, 0xFE, 0x01, 0xFE, 0x00, 0x01, 0x00, 0x1F, 0x80, 0x3F,
    0x00, 0x6E, 0x00, 0x3C, 0x00, 0x71, 0xC0, 0xC7, 0x80, 0x0F, 0x0F, 0xFE, 0x7F, 0xF9, 0xFF, 0xE3,
    0xFF, 0xEF, 0x87, 0xDF, 0x0F, 0xBC, 0x0F, 0x78, 0x1E, 0xF8, 0x7D, 0xF0, 0xFB, 0xFF, 0xF3, 0xFF,
    0xC3, 0xFF, 0x03, 0xFC, 0x00, 0x03, 0x9C, 0x01, 0xFF, 0x00, 0xFF, 0xC0, 0x3B, 0xE7, 0x00, 0x03,
    0xC0, 0x00, 0xF0, 0x7F, 0xFC, 0x7F, 0xFE, 0x3F, 0xFF, 0x1F, 0xFF, 0xE7, 0xE1, 0xFF, 0xF0, 0x3F,
    0xF8, 0x07, 0xFE, 0x01, 0xFF, 0x80, 0x3F, 0xE0, 0x0F, 0xF8, 0x07, 0xFE, 0x01, 0xFF, 0xC0, 0xFD,
    0xF8, 0x7E, 0x7F, 0xFF, 0x8F, 0xFF, 0xC1, 0xFF, 0xE0, 0x1F, 0xE0, 0x1E, 0x70, 0x3F, 0xE0, 0xFF,
    0xC1, 0xDF, 0xF1, 0x9E, 0xE0, 0x03, 0xC3, 0xFF, 0x9F, 0xFE, 0x7F, 0xF8, 0xFF, 0xFB, 0xE1, 0xF7,
    0xC3, 0xEF, 0x03, 0xDE, 0x07, 0xBE, 0x1F, 0x7C, 0x3E, 0xFF, 0xFC, 0xFF, 0xF0, 0xFF, 0xC0, 0xFF,
    0x00, 0x00, 0x01, 0xC0, 0x00, 0xF0, 0x00, 0x3C, 0x1F, 0xFF, 0x1F, 0xFF, 0x8F, 0xFF, 0xC7, 0xFF,
    0xF9, 0xF8, 0x7F, 0xFC, 0x0F, 0xFE, 0x01, 0xFF, 0x80, 0x7F, 0xC0, 0x0F, 0xF0, 0x03, 0xFE, 0x01,
    0xFF, 0x80, 0x7F, 0xF0, 0x3F, 0x7E, 0x1F, 0x9F, 0xFF, 0xE3, 0xFF, 0xF0, 0x7F, 0xF8, 0x07, 0xF8,
    0x00, 0x00, 0x00, 0x00, 0x00, 0x07, 0xC0, 0x01, 0xF0, 0x00, 0x7C, 0x00, 0x1F, 0x00, 0x00, 0x0E,
    0x00, 0x3C, 0x00, 0x78, 0x7F, 0xF3, 0xFF, 0xCF, 0xFF, 0x1F, 0xFF, 0x7C, 0x3E, 0xF8, 0x7D, 0xE0,
    0x7B, 0xC0, 0xF7, 0xC3, 0xEF, 0x87, 0xDF, 0xFF, 0x9F, 0xFE, 0x1F, 0xF8, 0x1F, 0xE0, 0x00, 0x00,
    0x00, 0x00, 0x3E, 0x00, 0x7C, 0x00, 0xF8, 0x01, 0xF0, 0x00, 0xF0, 0x1F, 0xE0, 0x3F, 0xC0, 0x7F,
    0x80, 0xFF, 0x01, 0xFE, 0x03, 0xFC, 0x07, 0xF8, 0x0F, 0xF0, 0x1F, 0xE0, 0x3F, 0xC0, 0x7F, 0x80,
    0xFF, 0x83, 0xFF, 0x8F, 0xDF, 0xFF, 0x3F, 0xFE, 0x3F, 0xF8, 0x1F, 0xC0, 0x00, 0x00, 0x00, 0x00,
    0x7C, 0x00, 0xF8, 0x01, 0xF0, 0x03, 0xE0, 0xF0, 0x7F, 0x83, 0xFC, 0x1F, 0xE0, 0xFF, 0x07, 0xF8,
    0x3F, 0xC1, 0xFE, 0x0F, 0xF0, 0x7F, 0xC7, 0xFF, 0xFF, 0xFF, 0xF7, 0xFF, 0x9F, 0xBC, 0x00, 0x00,
    0x00, 0x0F, 0x80, 0x7C, 0x03, 0xE0, 0x1F, 0x00, 0x01, 0x00, 0x1F, 0x80, 0x3F, 0x80, 0x6F, 0x00,
    0x3E, 0x00, 0x70, 0x00, 0xE0, 0x00, 0x00, 0xF0, 0x1F, 0xE0, 0x3F, 0xC0, 0x7F, 0x80, 0xFF, 0x01,
    0xFE, 0x03, 0xFC, 0x07, 0xF8, 0x0F, 0xF0, 0x1F, 0xE0, 0x3F, 0xC0, 0x7F, 0x80, 0xFF, 0x83, 0xFF,
    0x8F, 0xDF, 0xFF, 0x3F, 0xFE, 0x3F, 0xF8, 0x1F, 0xC0, 0x02, 0x00, 0xFE, 0x07, 0xF0, 0x17, 0x80,
    0x7C, 0x03, 0x80, 0x1C, 0x00, 0x00, 0xF0, 0x7F, 0x83, 0xFC, 0x1F, 0xE0, 0xFF, 0x07, 0xF8, 0x3F,
    0xC1, 0xFE, 0x0F, 0xF0, 0x7F, 0xC7, 0xFF, 0xFF, 0xFF, 0xF7, 0xFF, 0x9F, 0xBC, 0x00, 0x40, 0x00,
    0x78, 0x00, 0x7E, 0x00, 0x3F, 0x87, 0x0F, 0x81, 0xC1, 0x00, 0xF0, 0x00, 0x7F, 0xC0, 0x7E, 0xF0,
    0x1F, 0x3C, 0x07, 0x8F, 0x01, 0xE3, 0xC0, 0x78, 0xF0, 0x1E, 0x3C, 0x07, 0x8F, 0x01, 0xE3, 0xC0,
    0x78, 0xF0, 0x1E, 0x3C, 0x07, 0x8F, 0x01, 0xE3, 0xE0, 0xF8, 0xFC, 0x7E, 0x1F, 0xFF, 0x07, 0xFF,
    0xC0, 0xFF, 0xE0, 0x0F, 0xE0, 0x00, 0x00, 0x00, 0x03, 0x00, 0x1E, 0x00, 0x7E, 0x01, 0xF8, 0x03,
    0xC1, 0xC2, 0x07, 0x80, 0x1F, 0xF0, 0x7D, 0xE0, 0xFB, 0xC1, 0xE7, 0x83, 0xCF, 0x07, 0x9E, 0x0F,
    0x3C, 0x1E, 0x78, 0x3C, 0xF0, 0x79, 0xF1, 0xF3, 0xFF, 0xE7, 0xFF, 0xC7, 0xFF, 0x87, 0xEF, 0x00,
    0x04, 0x00, 0x01, 0xC0, 0x00, 0xFC, 0x00, 0x3F, 0x87, 0x03, 0xE1, 0xC0, 0x10, 0xF0, 0x00, 0x7F,
    0xC0, 0x7E, 0xF0, 0x1F, 0x3C, 0x07, 0x8F, 0x01, 0xE3, 0xC0, 0x78, 0xF0, 0x1E, 0x3C, 0x07, 0x8F,
    0x01, 0xE3, 0xC0, 0x78, 0xF0, 0x1E, 0x3C, 0x07, 0x8F, 0x01, 0xE3, 0xE0, 0xF8, 0xFC, 0x7E, 0x1F,
    0xFF, 0x07, 0xFF, 0xC0, 0xFF, 0xE0, 0x0F, 0xE0, 0x00, 0x00, 0x00, 0x18, 0x00, 0x78, 0x00, 0xFC,
    0x00, 0xFC, 0x00, 0x71, 0xC0, 0x07, 0x80, 0x1F, 0xF0, 0x7D, 0xE0, 0xFB, 0xC1, 0xE7, 0x83, 0xCF,
    0x07, 0x9E, 0x0F, 0x3C, 0x1E, 0x78, 0x3C, 0xF0, 0x79, 0xF1, 0xF3, 0xFF, 0xE7, 0xFF, 0xC7, 0xFF,
    0x87, 0xEF, 0x00, 0x01, 0x00, 0x03, 0xF0, 0x00, 0xFE, 0x00, 0x37, 0x80, 0x03, 0xE1, 0xC0, 0xE0,
    0x70, 0x38, 0x3C, 0x00, 0x1F, 0xF0, 0x1F, 0xBC, 0x07, 0xEF, 0x01, 0xE3, 0xC0, 0x78, 0xF0, 0x1E,
    0x3C, 0x07, 0x8F, 0x01, 0xE3, 0xC0, 0x78, 0xF0, 0x1E, 0x3C, 0x07, 0x8F, 0x01, 0xE3, 0xC0, 0x78,
    0xF8, 0x3E, 0x3F, 0x1F, 0x87, 0xFF, 0xC1, 0xFF, 0xF0, 0x3F, 0xF8, 0x03, 0xF8, 0x00, 0x02, 0x00,
    0x3F, 0x00, 0x7F, 0x00, 0x5E, 0x00, 0x7C, 0x00, 0xE1, 0xC1, 0xC7, 0x80, 0x1F, 0xF0, 0x7D, 0xE0,
    0xFB, 0xC1, 0xE7, 0x83, 0xCF, 0x07, 0x9E, 0x0F, 0x3C, 0x1E, 0x78, 0x3C, 0xF0, 0x79, 0xF1, 0xF3,
    0xFF, 0xE7, 0xFF, 0xC7, 0xFF, 0x87, 0xEF, 0x00, 0x0F, 0x38, 0x07, 0xFE, 0x03, 0xFF, 0x1C, 0xFF,
    0xC7, 0x00, 0x03, 0xC0, 0x01, 0xFF, 0x01, 0xFB, 0xC0, 0x7E, 0xF0, 0x1E, 0x3C, 0x07, 0x8F, 0x01,
    0xE3, 0xC0, 0x78, 0xF0, 0x1E, 0x3C, 0x07, 0x8F, 0x01, 0xE3, 0xC0, 0x78, 0xF0, 0x1E, 0x3C, 0x07,
    0x8F, 0x83, 0xE3, 0xF1, 0xF8, 0x7F, 0xFC, 0x1F, 0xFF, 0x03, 0xFF, 0x80, 0x3F, 0x80, 0x1E, 0x60,
    0x7F, 0xC0, 0xFF, 0x81, 0xDF, 0x73, 0x1C, 0xE0, 0x07, 0xFC, 0x1F, 0xF8, 0x3E, 0xF0, 0x79, 0xE0,
    0xF3, 0xC1, 0xE7, 0x83, 0xCF, 0x07, 0x9E, 0x0F, 0x3C, 0x1E, 0x7C, 0x7C, 0xFF, 0xF9, 0xFF, 0xF1,
    0xFF, 0xE1, 0xFB, 0xC0, 0x00, 0x01, 0xC0, 0x00, 0xF0, 0x00, 0x7F, 0xC0, 0x7E, 0xF0, 0x1F, 0xBC,
    0x07, 0x8F, 0x01, 0xE3, 0xC0, 0x78, 0xF0, 0x1E, 0x3C, 0x07, 0x8F, 0x01, 0xE3, 0xC0, 0x78, 0xF0,
    0x1E, 0x3C, 0x07, 0x8F, 0x01, 0xE3, 0xE0, 0xF8, 0xFC, 0x7E, 0x1F, 0xFF, 0x07, 0xFF, 0xC0, 0xFF,
    0xE0, 0x0F, 0xE0, 0x00, 0x00, 0x00, 0x00, 0x00, 0x1F, 0x00, 0x07, 0xC0, 0x01, 0xF0, 0x00, 0x7C,
    0x00, 0x00, 0x0E, 0x00, 0x3C, 0x00, 0xFF, 0x83, 0xFF, 0x07, 0xDE, 0x0F, 0x3C, 0x1E, 0x78, 0x3C,
    0xF0, 0x79, 0xE0, 0xF3, 0xC1, 0xE7, 0x83, 0xCF, 0x8F, 0x9F, 0xFF, 0x3F, 0xFE, 0x3F, 0xFC, 0x3F,
    0x78, 0x00, 0x00, 0x00, 0x00, 0x7C, 0x00, 0xF8, 0x01, 0xF0, 0x03, 0xE0, 0x00, 0x00, 0x00, 0x00,
    0xE0, 0x00, 0x3E, 0x00, 0x1F, 0xC0, 0x01, 0xF0, 0x00, 0x1C, 0x00, 0x00, 0x03, 0xF0, 0x3F, 0x7C,
    0x1F, 0x9F, 0x87, 0xC3, 0xF3, 0xF0, 0x7C, 0xF8, 0x1F, 0xFC, 0x03, 0xFF, 0x00, 0x7F, 0x80, 0x0F,
    0xC0, 0x03, 0xF0, 0x00, 0x78, 0x00, 0x1E, 0x00, 0x07, 0x80, 0x01, 0xE0, 0x00, 0x78, 0x00, 0x1E,
    0x00, 0x07, 0x80, 0x01, 0xE0, 0x00, 0x00, 0x00, 0x03, 0x00, 0x07, 0x80, 0x0F, 0xC0, 0x07, 0xE0,
    0x01, 0xE0, 0x00, 0x40, 0x00, 0x00, 0xFC, 0x1F, 0x7C, 0x3F, 0x7E, 0x3E, 0x3E, 0x3E, 0x3E, 0x7C,
    0x1F, 0x7C, 0x1F, 0x7C, 0x1F, 0xF8, 0x0F, 0xF8, 0x0F, 0xF0, 0x07, 0xF0, 0x07, 0xF0, 0x03, 0xE0,
    0x03, 0xE0, 0x03, 0xC0, 0x07, 0xC0, 0x07, 0xC0, 0x07, 0x80, 0x0F, 0x80, 0x0F, 0x00, 0x7C, 0x07,
    0xEF, 0xC1, 0xF8, 0xFC, 0x3E, 0x0F, 0x8F, 0xC1, 0xF9, 0xF0, 0x1F, 0xFC, 0x01, 0xFF, 0x80, 0x1F,
    0xE0, 0x03, 0xF8, 0x00, 0x3F, 0x00, 0x03, 0xC0, 0x00, 0x78, 0x00, 0x0F, 0x00, 0x01, 0xE0, 0x00,
    0x3C, 0x00, 0x07, 0x80, 0x00, 0xF0, 0x00, 0x1E, 0x00, 0x00, 0x00, 0x00, 0x00, 0x00, 0x1F, 0x00,
    0x03, 0xE0, 0x00, 0x7C, 0x00, 0x0F, 0x80, 0xF8, 0x3E, 0xFC, 0x3E, 0x7C, 0x7E, 0x7C, 0x7C, 0x3E,
    0x7C, 0x3E, 0xF8, 0x1F, 0xF8, 0x1F, 0xF8, 0x0F, 0xF0, 0x0F, 0xF0, 0x0F, 0xE0, 0x07, 0xE0, 0x07,
    0xE0, 0x03, 0xC0, 0x07, 0xC0, 0x07, 0xBE, 0x0F, 0xBE, 0x0F, 0xBE, 0x0F, 0x3E, 0x1F, 0x3E, 0x00,
    0x80, 0x00, 0xFC, 0x00, 0x3F, 0x00, 0x0D, 0xC0, 0x00, 0xF0, 0x00, 0x78, 0x00, 0x0C, 0x00, 0x00,
    0x00, 0xFC, 0x0F, 0xDF, 0x03, 0xE7, 0xE1, 0xF0, 0xFC, 0xFC, 0x1F, 0x3E, 0x07, 0xFF, 0x00, 0xFF,
    0xC0, 0x1F, 0xE0, 0x03, 0xF0, 0x00, 0xFC, 0x00, 0x1E, 0x00, 0x07, 0x80, 0x01, 0xE0, 0x00, 0x78,
    0x00, 0x1E, 0x00, 0x07, 0x80, 0x01, 0xE0, 0x00, 0x78, 0x00, 0x00, 0x80, 0x03, 0xF0, 0x01, 0xFC,
    0x00, 0xDE, 0x00, 0x1E, 0x00, 0x0E, 0x00, 0x06, 0x00, 0x00, 0x00, 0xFC, 0x1F, 0x3E, 0x0F, 0x9F,
    0x8F, 0x87, 0xC7, 0xC3, 0xE3, 0xE0, 0xFB, 0xE0, 0x7D, 0xF0, 0x3F, 0xF0, 0x0F, 0xF8, 0x07, 0xF8,
    0x01, 0xFC, 0x00, 0xFE, 0x00, 0x3E, 0x00, 0x1F, 0x00, 0x0F, 0x00, 0x0F, 0x80, 0x07, 0xC0, 0x03,
    0xC0, 0x03, 0xE0, 0x01, 0xE0, 0x00, 0x03, 0x9C, 0x03, 0xFF, 0x00, 0xFF, 0x80, 0x3B, 0xE0, 0x00,
    0x00, 0x00, 0x00, 0x0F, 0xC0, 0xFD, 0xF0, 0x3E, 0x7E, 0x1F, 0x0F, 0xCF, 0xC1, 0xF3, 0xE0, 0x7F,
    0xF0, 0x0F, 0xFC, 0x01, 0xFE, 0x00, 0x7F, 0x00, 0x0F, 0xC0, 0x01, 0xE0, 0x00, 0x78, 0x00, 0x1E,
    0x00, 0x07, 0x80, 0x01, 0xE0, 0x00, 0x78, 0x00, 0x1E, 0x00, 0x07, 0x80, 0x07, 0x98, 0x07, 0xFC,
    0x03, 0xFE, 0x01, 0xDF, 0x00, 0xE7, 0x00, 0x00, 0x01, 0xF0, 0x7C, 0xFC, 0x3E, 0x3E, 0x3E, 0x1F,
    0x1F, 0x07, 0xCF, 0x83, 0xE7, 0x81, 0xFF, 0xC0, 0x7F, 0xE0, 0x3F, 0xE0, 0x0F, 0xF0, 0x07, 0xF0,
    0x01, 0xF8, 0x00, 0xFC, 0x00, 0x3C, 0x00, 0x3E, 0x00, 0x1E, 0x00, 0x1F, 0x00, 0x0F, 0x80, 0x0F,
    0x80, 0x07, 0xC0, 0x00, 0xFF, 0xFF, 0xC0, 0x00, 0xD9, 0xF1, 0xC7, 0xCF, 0x84, 0x08, 0x10, 0x20,
    0x40, 0x81, 0x02, 0x04, 0x08, 0x10, 0x20, 0x40, 0x00, 0xC1, 0xBF, 0x9A, 0xC8, 0x20, 0x82, 0x08,
    0x20, 0x82, 0x08, 0x20, 0x82, 0x08, 0x00, 0x00, 0xC6, 0x3F, 0x64, 0xD0, 0x41, 0x04, 0x10, 0x41,
    0x04, 0x10, 0x41, 0x04, 0x10, 0x40, 0xFF, 0xFF, 0xFF, 0xFF, 0xF0, 0xFF, 0xFF, 0xF8, 0xFF, 0xFF,
    0xFF, 0xFF, 0xFF, 0xFF, 0xFF, 0xFF, 0xFF, 0xFF, 0xFF, 0xFF, 0xFF, 0xFF, 0xFF, 0xFF, 0xFF, 0xFF,
    0xFF, 0xFF, 0xFF, 0xFF, 0xFF, 0xFF, 0xFF, 0xFF, 0xFF, 0xFF, 0xFF, 0xFF, 0xFF, 0xFF, 0xE3, 0xF1,
    0xF8, 0xFC, 0x7E, 0x3F, 0x1F, 0x8F, 0xC7, 0xE3, 0xF1, 0xF8, 0xFC, 0x7E, 0x3F, 0x1F, 0x8F, 0xC7,
    0xE3, 0xF1, 0xF8, 0xFC, 0x7E, 0x3F, 0x1F, 0x8F, 0xC7, 0xE3, 0x80, 0xFF, 0xFF, 0xF0, 0x03, 0xFF,
    0xFF, 0xC0, 0x10, 0xE7, 0xBC, 0xE3, 0xCF, 0xBE, 0x70, 0x79, 0xF7, 0xCF, 0x1C, 0xEF, 0x9C, 0x40,
    0x79, 0xF7, 0xDF, 0x3C, 0xE7, 0xBC, 0x60, 0xF3, 0xE7, 0x9E, 0x78, 0xE0, 0x10, 0x43, 0x8E, 0x79,
    0xEF, 0x3C, 0xE3, 0x8F, 0x3C, 0xFB, 0xEF, 0xBE, 0x71, 0xC0, 0x79, 0xE7, 0xFE, 0x7F, 0xF3, 0xDF,
    0x1C, 0xF3, 0x9E, 0xFB, 0xE7, 0x3C, 0x41, 0x00, 0x79, 0xCF, 0xFD, 0xFF, 0xBE, 0xF3, 0xCE, 0x71,
    0xDE, 0xF7, 0x9C, 0x61, 0x00, 0xF3, 0xDF, 0x79, 0xEF, 0x3C, 0xF7, 0x9E, 0x71, 0xC0, 0x1E, 0x07,
    0x81, 0xE3, 0xFF, 0xFF, 0xFF, 0xFF, 0xFC, 0x78, 0x1E, 0x07, 0x81, 0xE0, 0x78, 0x1E, 0x00, 0x1E,
    0x07, 0x81, 0xE3, 0xFF, 0xFF, 0xFF, 0xFF, 0xFF, 0xFF, 0xFF, 0xFF, 0xFF, 0xFC, 0x78, 0x1E, 0x07,
    0x81, 0xE0, 0x7D, 0xFF, 0xFF, 0xFF, 0xFF, 0xDF, 0x00, 0x00, 0xC0, 0xE0, 0xF8, 0xFE, 0xFF, 0xFE,
    0xF8, 0xF0, 0xC0, 0x00, 0xFF, 0xFF, 0xF0, 0xFF, 0x0F, 0xF0, 0xFF, 0x0F, 0xF3, 0xCF, 0x79, 0xE7,
    0xBC, 0xF3, 0xDE, 0x79, 0xEF, 0x3C, 0xF0, 0xFF, 0xFF, 0x7E, 0x81, 0x02, 0x04, 0x08, 0x10, 0x20,
    0x40, 0x81, 0x02, 0x04, 0x08, 0x10, 0x20, 0x40, 0x81, 0x00, 0xFC, 0x10, 0x41, 0x04, 0x10, 0x41,
    0x04, 0x10, 0x41, 0x04, 0x10, 0x41, 0x04, 0x10, 0x40, 0xFF, 0xFF, 0xFF, 0xFC, 0xC3, 0x0C, 0x30,
    0xC3, 0x0C, 0x30, 0xC3, 0x0C, 0x30, 0xC3, 0x0C, 0x10, 0xFF, 0x02, 0x04, 0x0F, 0xE6, 0x0C, 0x18,
    0x30, 0x60, 0xC1, 0x83, 0x06, 0x0C, 0x18, 0x30, 0x60, 0xC1, 0x81, 0x00, 0xFC, 0x10, 0x41, 0xFC,
    0xC3, 0x0C, 0x30, 0xC3, 0x0C, 0x30, 0xC3, 0x0C, 0x30, 0xC3, 0x0C, 0x10, 0x3E, 0x03, 0xE0, 0x00,
    0x7F, 0x07, 0xC0, 0x00, 0xFF, 0x87, 0xC0, 0x00, 0xF7, 0x8F, 0x80, 0x00, 0xE3, 0x9F, 0x00, 0x00,
    0xE3, 0x9F, 0x00, 0x00, 0xF7, 0xBE, 0x00, 0x00, 0xFF, 0xBC, 0x00, 0x00, 0x7F, 0x7D, 0xF0, 0x7C,
    0x3E, 0xFB, 0xF8, 0xFE, 0x00, 0xF7, 0xFD, 0xFF, 0x01, 0xF7, 0xBD, 0xEF, 0x03, 0xE7, 0x1D, 0xC7,
    0x03, 0xC7, 0x1D, 0xC7, 0x07, 0xC7, 0xBD, 0xEF, 0x0F, 0x87, 0xFD, 0xFF, 0x0F, 0x83, 0xF8, 0xFE,
    0x1F, 0x01, 0xF0, 0x7C, 0x3E, 0x03, 0x80, 0x00, 0x00, 0x7F, 0x07, 0x80, 0x00, 0x00, 0xFF, 0x87,
    0x00, 0x00, 0x00, 0xF7, 0x8F, 0x00, 0x00, 0x00, 0xE3, 0x9E, 0x00, 0x00, 0x00, 0xE3, 0x9E, 0x00,
    0x00, 0x00, 0xE3, 0xBC, 0x00, 0x00, 0x00, 0xF7, 0xBB, 0xE0, 0xF8, 0x7C, 0xFF, 0xFB, 0xF1, 0xFC,
    0x7E, 0x7F, 0x77, 0xFB, 0xFE, 0xFF, 0x3E, 0xF7, 0xFB, 0xDE, 0xFF, 0x00, 0xE7, 0x3B, 0x8E, 0xE7,
    0x01, 0xE7, 0x3B, 0x8E, 0xE7, 0x03, 0xC7, 0x3B, 0x8E, 0xE7, 0x03, 0xC7, 0xFB, 0xDE, 0xFF, 0x07,
    0x87, 0xFB, 0xFE, 0xFF, 0x07, 0x83, 0xF1, 0xFC, 0x7E, 0x0F, 0x01, 0xF0, 0xF8, 0x3E, 0x1E, 0x78,
    0xF3, 0xC7, 0x1E, 0x38, 0x00, 0xFB, 0xFF, 0x7B, 0xCF, 0x79, 0xEF, 0x39, 0xC7, 0x39, 0xE0, 0x1E,
    0xF3, 0xCF, 0x3D, 0xE3, 0x9E, 0x79, 0xE7, 0x3C, 0x73, 0xCE, 0x38, 0xE7, 0x00, 0xF0, 0xF1, 0xE1,
    0xE1, 0xC3, 0xC3, 0x80, 0xF3, 0xC3, 0xDE, 0x0E, 0x78, 0x79, 0xC1, 0xE7, 0x07, 0x3C, 0xF3, 0xDE,
    0x1E, 0xF3, 0xC3, 0x9E, 0x70, 0xF3, 0x9E, 0x1E, 0x73, 0xC3, 0x9E, 0x70, 0x0C, 0x07, 0x81, 0xE0,
    0xFC, 0x3F, 0x1C, 0xE7, 0x3B, 0x87, 0x08, 0x3C, 0xF9, 0xE7, 0x9F, 0x3C, 0x7C, 0x7C, 0x78, 0x78,
    0xE0, 0x00, 0x21, 0xE3, 0xE3, 0xE3, 0xC7, 0xC7, 0x9F, 0x7C, 0xF3, 0xC3, 0x80, 0x00, 0x21, 0xE0,
    0x8E, 0x3C, 0x3B, 0xE7, 0x8F, 0xBE, 0xF3, 0xE3, 0xE1, 0xF8, 0x3E, 0x7C, 0x03, 0xFF, 0x07, 0xBF,
    0xCF, 0xF3, 0xF1, 0xFE, 0x7E, 0x3F, 0xDF, 0xE7, 0x87, 0xFE, 0x01, 0xF3, 0xE0, 0x7C, 0x3F, 0x1F,
    0x79, 0xF7, 0xCF, 0x1E, 0x71, 0xE1, 0xC4, 0x3C, 0x10, 0xF1, 0xFE, 0x3F, 0xC7, 0xF8, 0xFF, 0x1F,
    0xE3, 0xFC, 0x7F, 0x8F, 0xF1, 0xFE, 0x3F, 0xC7, 0xF8, 0xF0, 0x00, 0x00, 0x3C, 0x7F, 0x8F, 0xF1,
    0xFE, 0x3C, 0x3F, 0xE3, 0xFF, 0x9F, 0xFE, 0x7D, 0xF0, 0xE7, 0x87, 0x7C, 0x3B, 0xE1, 0xFE, 0x0F,
    0xE0, 0x7C, 0x03, 0xC0, 0x1E, 0x00, 0x00, 0x00, 0x00, 0x3C, 0x01, 0xE0, 0x0F, 0x00, 0x78, 0x00,
    0xFF, 0xFF, 0xFF, 0xFF, 0xFE, 0x40, 0x05, 0xC0, 0x0D, 0xC0, 0x31, 0xE1, 0xE1, 0xFF, 0x81, 0xFC,
    0x00, 0x0F, 0xE0, 0x3F, 0xE0, 0xF1, 0xE3, 0x80, 0xEE, 0x00, 0xE8, 0x00, 0xC0, 0x00, 0xC0, 0x38,
    0x06, 0x01, 0xC0, 0x30, 0x0E, 0x01, 0x80, 0x70, 0x0C, 0x03, 0xC0, 0x78, 0x1F, 0x83, 0xB0, 0xE7,
    0x1C, 0xE7, 0x0E, 0x00, 0x0F, 0x00, 0x00, 0x00, 0xF0, 0x00, 0x00, 0x0F, 0x00, 0x00, 0x0E, 0xE7,
    0x00, 0x00, 0xFF, 0xF0, 0x00, 0x0F, 0xFF, 0x00, 0x00, 0xFF, 0xF0, 0x00, 0x01, 0xF8, 0x00, 0x00,
    0x3F, 0xC0, 0x00, 0x07, 0xFC, 0x00, 0x00, 0x79, 0xE0, 0x00, 0xF1, 0x98, 0xF0, 0x0F, 0x00, 0x0E,
    0x00, 0xF0, 0x00, 0xE0, 0xE7, 0x30, 0xCE, 0x7F, 0xFF, 0x1F, 0xFF, 0xFF, 0xF1, 0xFF, 0xFF, 0xFF,
    0x1F, 0xFF, 0x1F, 0x80, 0x1F, 0x83, 0xFC, 0x03, 0xF8, 0x3F, 0xE0, 0x7B, 0xC7, 0x9E, 0x07, 0xBC,
    0x19, 0x80, 0x11, 0x80, 0xFF, 0xFF, 0xF8, 0x00, 0x0F, 0x00, 0x0F, 0x80, 0x07, 0x80, 0x07, 0x80,
    0x07, 0xC0, 0x03, 0xC0, 0x03, 0xC0, 0x03, 0xE0, 0x01, 0xE0, 0x01, 0xE0, 0x01, 0xF0, 0x00, 0xF0,
    0x00, 0xF8, 0x00, 0xF8, 0x00, 0x78, 0x00, 0x7C, 0x00, 0x7C, 0x00, 0x3C, 0x00, 0x00, 0xFF, 0xFF,
    0xF8, 0xE3, 0x8E, 0x38, 0xE3, 0x8F, 0xFF, 0xFF, 0x8E, 0x38, 0xE3, 0x8E, 0x3F, 0xFF, 0xF0, 0xFF,
    0xFF, 0xF8, 0xF1, 0xE3, 0xC7, 0x8F, 0x1E, 0x3F, 0xFF, 0xFF, 0xE3, 0xC7, 0x8F, 0x1E, 0x3C, 0x7F,
    0xFF, 0xFF, 0xC0, 0x7F, 0xC7, 0xF9, 0xFF, 0xDF, 0xFB, 0xFF, 0xFF, 0xFB, 0x8F, 0xB9, 0xF0, 0x0F,
    0x01, 0xE0, 0x3E, 0x03, 0xC0, 0xFC, 0x0F, 0x83, 0xF0, 0x7E, 0x0F, 0xC1, 0xF8, 0x1F, 0x03, 0xE0,
    0x3C, 0x07, 0x80, 0x70, 0x0E, 0x00, 0x00, 0x00, 0x00, 0x00, 0x00, 0x07, 0x80, 0x78, 0x0F, 0x00,
    0xF0, 0x1E, 0x01, 0xE0, 0x3C, 0x03, 0xC0, 0x7F, 0xC7, 0xFF, 0xF3, 0xFF, 0xFD, 0xEE, 0x3E, 0xF0,
    0x0F, 0x78, 0x0F, 0xBC, 0x0F, 0xDE, 0x0F, 0xCF, 0x0F, 0xC7, 0x87, 0xC3, 0xC3, 0xC1, 0xE1, 0xC0,
    0xF0, 0x00, 0x00, 0x00, 0x00, 0x78, 0x1E, 0x3C, 0x0F, 0x1E, 0x07, 0x8F, 0x03, 0xC0, 0xF1, 0xFE,
    0x79, 0xFF, 0xBC, 0xFF, 0xFE, 0x39, 0xFF, 0x00, 0x7F, 0x80, 0x3F, 0xC0, 0x3F, 0xE0, 0x7E, 0xF0,
    0x7E, 0x78, 0x3E, 0x3C, 0x1E, 0x1E, 0x0E, 0x00, 0x00, 0x00, 0x00, 0x03, 0xC1, 0xE1, 0xE0, 0xF0,
    0xF0, 0x78, 0x78, 0x3C, 0x00, 0xFF, 0xFF, 0xFF, 0xFF, 0xF0, 0x0F, 0x01, 0xE0, 0x3C, 0x03, 0xC0,
    0x78, 0x07, 0x80, 0xF0, 0x1F, 0x01, 0xE0, 0x3E, 0x03, 0xC0, 0xFF, 0xE7, 0xFF, 0xBF, 0xFF, 0x9F,
    0xFC, 0xFF, 0xE7, 0xFF, 0x3F, 0xF9, 0xFF, 0xCF, 0xFE, 0x7F, 0xF3, 0xFD, 0x9F, 0xEC, 0xF8, 0x66,
    0x03, 0x30, 0x19, 0x80, 0xCC, 0x06, 0x60, 0x33, 0x01, 0x98, 0x0C, 0xC0, 0x66, 0x03, 0x30, 0x00,
    0x3F, 0xFB, 0xFF, 0xFF, 0xFF, 0xFF, 0x3F, 0xF9, 0xFF, 0xCF, 0xFE, 0x7F, 0xF3, 0xFF, 0x9F, 0xFC,
    0xFF, 0xFE, 0xFF, 0xF3, 0xFF, 0x80, 0xFF, 0xE7, 0xFF, 0xBF, 0xFF, 0x9F, 0xFC, 0xFF, 0xE7, 0xFF,
    0x3F, 0xF9, 0xFF, 0xCF, 0xFE, 0x7F, 0xFF, 0xFF, 0xFF, 0xEF, 0xFE, 0x00, 0x07, 0x80, 0x3C, 0x01,
    0xC0, 0xCE, 0x77, 0xFF, 0xFF, 0xFD, 0xFF, 0xE1, 0xF8, 0x1F, 0xE1, 0xEF, 0x0F, 0x3C, 0x19, 0x80,
    0xF7, 0xBD, 0xE0, 0x00, 0x00, 0x00, 0x01, 0xEF, 0x79, 0xCF, 0x78, 0x0F, 0xE0, 0x3F, 0xF0, 0xF0,
    0xF3, 0x80, 0x6E, 0x00, 0x68, 0x00, 0x80, 0x00, 0x00, 0x00, 0x00, 0x00, 0x00, 0x00, 0x00, 0x00,
    0x00, 0x00, 0x00, 0x00, 0x00, 0x00, 0x00, 0x00, 0x00, 0x00, 0x00, 0x00, 0x00, 0x00, 0x00, 0x00,
    0x04, 0x00, 0x5C, 0x00, 0xDC, 0x03, 0x1E, 0x1E, 0x1F, 0xF8, 0x1F, 0xC0, 0x07, 0x80, 0x3C, 0x01,
    0xC0, 0xEE, 0x77, 0xFF, 0xFF, 0xFD, 0xFF, 0xE1, 0xF8, 0x1F, 0xE1, 0xEF, 0x0F, 0x38, 0x11, 0x80,
    0x78, 0x03, 0xC0, 0x1E, 0x00, 0xE0, 0x7F, 0xFB, 0xFF, 0xFF, 0xFE, 0x1F, 0x81, 0xFC, 0x0F, 0xF0,
    0xF7, 0xC3, 0x9C, 0x00, 0x00, 0x78, 0xEF, 0x3D, 0xE7, 0x3D, 0xE0, 0x3C, 0x07, 0x01, 0xE0, 0x38,
    0x0F, 0x01, 0xE0, 0x38, 0x0F, 0x01, 0xC0, 0x78, 0x0E, 0x79, 0xCF, 0x79, 0xEE, 0x3C, 0x3F, 0xFE,
    0x0E, 0x7F, 0xFF, 0xFE, 0xFF, 0xFF, 0xFC, 0xE0, 0x1F, 0xF8, 0x0F, 0xE0, 0x3F, 0xE0, 0xF1, 0xE3,
    0x80, 0xEE, 0x00, 0xE8, 0x00, 0xC0, 0x07, 0x01, 0x3B, 0x1D, 0xFC, 0xFF, 0xE3, 0xFE, 0x7F, 0xFF,
    0xFF, 0xFF, 0xFF, 0x1F, 0xC1, 0xFF, 0x1D, 0xFC, 0x4E, 0xC0, 0x70, 0x00, 0x01, 0xE0, 0x3C, 0x07,
    0x80, 0xF0, 0x00, 0x00, 0x3C, 0x07, 0x80, 0xF0, 0x1E, 0x00, 0x00, 0x00, 0x00, 0x00, 0x00, 0x00,
    0x78, 0x0F, 0x01, 0xE0, 0x3C, 0x1E, 0xF7, 0xBE, 0x7B, 0xCF, 0x78, 0xE7, 0xBD, 0xE3, 0xDE, 0x73,
    0xC7, 0x39, 0xEF, 0x1C, 0xF3, 0x9C, 0x00, 0x01, 0xE0, 0x00, 0x78, 0x00, 0x1E, 0x00, 0x07, 0x80,
    0x00, 0x00, 0x00, 0x00, 0x0F, 0x00, 0x3F, 0xC0, 0x0F, 0xF0, 0x03, 0xFC, 0x00, 0xF0, 0x00, 0x00,
    0x00, 0x00, 0x00, 0x00, 0x00, 0x00, 0x00, 0x1E, 0x00, 0x07, 0x80, 0x01, 0xE0, 0x00, 0x78, 0x00,
    0xF0, 0x03, 0xFC, 0x00, 0xFF, 0x00, 0x3F, 0xC0, 0x0F, 0x00, 0x00, 0x00, 0x00, 0x00, 0x1E, 0x00,
    0x07, 0x80, 0x01, 0xE0, 0x00, 0x78, 0x00, 0x00, 0x00, 0x00, 0x00, 0x00, 0x00, 0x00, 0x00, 0x0F,
    0x00, 0x3F, 0xC0, 0x0F, 0xF0, 0x03, 0xFC, 0x00, 0xF0, 0xFF, 0xFF, 0x00, 0x00, 0x00, 0x00, 0x00,
    0xFF, 0xFF, 0x07, 0x80, 0x0F, 0x00, 0x1E, 0x00, 0x3C, 0x00, 0x00, 0x00, 0x00, 0x00, 0x00, 0x00,
    0x00, 0xF0, 0x3D, 0xE0, 0x7B, 0xC0, 0xF7, 0x81, 0xE0, 0x00, 0x00, 0x00, 0x00, 0x00, 0x00, 0x00,
    0x07, 0x80, 0x0F, 0x00, 0x1E, 0x00, 0x3C, 0x00, 0x00, 0xE0, 0x00, 0x1C, 0x00, 0xF3, 0x8F, 0x1E,
    0x71, 0xE3, 0xCE, 0x3C, 0x79, 0xC7, 0x80, 0x38, 0x00, 0x07, 0x00, 0x00, 0xE0, 0x1F, 0xFF, 0xFF,
    0xFF, 0xFF, 0xFF, 0xFF, 0xF0, 0x0E, 0x00, 0x01, 0xC0, 0x0F, 0x38, 0xF1, 0xE7, 0x1E, 0x3C, 0xE3,
    0xC7, 0x9C, 0x78, 0x03, 0x80, 0x00, 0x70, 0x00, 0xFF, 0xFF, 0x00, 0x0F, 0xFF, 0xF0, 0x00, 0x0F,
    0xFF, 0xF0, 0xFF, 0xFF, 0xFF, 0xFF, 0x0F, 0xFF, 0xF0, 0xFF, 0xFF, 0xFE, 0x60, 0xC1, 0x8F, 0xE6,
    0x0C, 0x18, 0x30, 0x60, 0xC1, 0x83, 0x06, 0x0C, 0x18, 0x30, 0x60, 0xC1, 0x81, 0x00, 0xFF, 0x0E,
    0x1C, 0x3F, 0xE6, 0x0C, 0x18, 0x30, 0x60, 0xC1, 0x83, 0x06, 0x0C, 0x18, 0x30, 0x60, 0xC1, 0x81,
    0x00, 0xFC, 0xF9, 0xE1, 0xC3, 0x06, 0x0C, 0x18, 0x30, 0x60, 0xC1, 0x83, 0x06, 0x0C, 0x18, 0x30,
    0x60, 0xC1, 0x83, 0x00, 0x10, 0x70, 0xE3, 0xE7, 0xDF, 0x8C, 0x18, 0x30, 0x60, 0xC1, 0x83, 0x06,
    0x0C, 0x18, 0x30, 0x60, 0xC1, 0x83, 0x00, 0x10, 0x73, 0xB3, 0x63, 0x86, 0x0C, 0x18, 0x30, 0x60,
    0xC1, 0x83, 0x06, 0x0C, 0x18, 0x30, 0x60, 0xC1, 0x83, 0x00, 0xF0, 0x60, 0xC1, 0x8F, 0xE6, 0x0C,
    0x18, 0x30, 0x60, 0xC1, 0x83, 0x06, 0x0C, 0x18, 0x30, 0x60, 0xC1, 0x81, 0x00, 0x3E, 0x3F, 0xBF,
    0xFC, 0xFE, 0x3F, 0x3F, 0xFE, 0xFE, 0x3E, 0x00, 0xFC, 0x7F, 0xFF, 0xFF, 0xF0, 0x0F, 0x0F, 0x8F,
    0xCF, 0xE7, 0x77, 0xFF, 0xFE, 0xFF, 0x0F, 0x00, 0x7F, 0x7F, 0x7F, 0x7E, 0x7F, 0x07, 0x7F, 0xFF,
    0x7E, 0x3E, 0x7F, 0xFE, 0xFE, 0xFF, 0xE7, 0xFF, 0xFF, 0x7E, 0xFF, 0xFF, 0xF8, 0xE3, 0xC7, 0x1E,
    0x38, 0xF0, 0x7E, 0xFF, 0xEF, 0xFF, 0xFE, 0xEF, 0xEF, 0xFF, 0x7E, 0x7E, 0xFE, 0xFF, 0xEF, 0xFF,
    0x7F, 0x7F, 0xFE, 0xFC, 0x18, 0x33, 0xFF, 0xF1, 0x83, 0x06, 0x00, 0xFF, 0xFC, 0xFF, 0xFC, 0x07,
    0xFF, 0xE0, 0x73, 0xB9, 0xCE, 0x73, 0x9C, 0xE7, 0x39, 0xC7, 0x38, 0x71, 0xC3, 0x8E, 0x38, 0x61,
    0xC7, 0x18, 0xE3, 0x8E, 0x71, 0xC0, 0xFE, 0xFF, 0xE7, 0xE7, 0xE7, 0xE7, 0xE7, 0xE7, 0x1C, 0x3F,
    0xBF, 0xDE, 0xFE, 0x3F, 0x1F, 0x9F, 0xFF, 0x7F, 0x1F, 0x00, 0x3D, 0xF7, 0xDF, 0x1C, 0x71, 0xC7,
    0x1C, 0x1C, 0x7F, 0x7F, 0x7F, 0x0F, 0x1E, 0x3C, 0x7F, 0x7F, 0x7F, 0x7E, 0x7E, 0x7E, 0x3C, 0x3E,
    0x3F, 0x7F, 0x7F, 0x7E, 0x0F, 0x0F, 0x8F, 0xCF, 0xE7, 0x77, 0xFF, 0xFE, 0xFF, 0x0F, 0x00, 0x7F,
    0x7F, 0x7F, 0x7E, 0x7F, 0x07, 0x7F, 0xFF, 0x7E, 0x1C, 0x7F, 0xFE, 0xF6, 0xFE, 0xFF, 0xE7, 0xFF,
    0xFF, 0x7E, 0xFF, 0xFF, 0xF8, 0xE3, 0xC7, 0x1E, 0x38, 0xF0, 0x3C, 0xFE, 0xFF, 0xEF, 0xFF, 0xFE,
    0xE7, 0xFF, 0xFF, 0x7E, 0x3C, 0x7E, 0xFF, 0xFF, 0xEF, 0xFF, 0x7F, 0x7F, 0xFE, 0xFC, 0x18, 0x33,
    0xFF, 0xF1, 0x83, 0x06, 0x00, 0xFF, 0xFC, 0xFF, 0xFC, 0x07, 0xFF, 0xE0, 0x73, 0xB9, 0xCE, 0x73,
    0x9C, 0xE7, 0x39, 0xC7, 0x38, 0x71, 0xC3, 0x8E, 0x38, 0x61, 0xC7, 0x18, 0xE3, 0x8E, 0x71, 0xC0,
    0x7E, 0x7F, 0x07, 0x7F, 0xFF, 0xE7, 0xFF, 0xFB, 0x7E, 0x7F, 0xB9, 0xFF, 0xFF, 0xFF, 0x03, 0xFC,
    0xFE, 0x7E, 0x7F, 0xB9, 0xFC, 0x7E, 0x3F, 0x3F, 0xFC, 0xFC, 0xF3, 0x9D, 0xE3, 0xF0, 0xF8, 0x3E,
    0x1F, 0xC7, 0x7B, 0xCE, 0xFE, 0xFF, 0x07, 0xFF, 0xFF, 0xE7, 0xFF, 0x7E, 0xE0, 0xE0, 0xE0, 0xFE,
    0xFF, 0xE7, 0xE7, 0xE7, 0xE7, 0xE7, 0xE7, 0xE0, 0x70, 0x38, 0x1C, 0xEE, 0xE7, 0xE3, 0xE1, 0xF8,
    0xFE, 0x77, 0xB9, 0xE0, 0xFF, 0xFF, 0xFF, 0xFF, 0x80, 0xFF, 0xFB, 0xFF, 0xFE, 0x79, 0xF9, 0xC7,
    0xE7, 0x1F, 0x9C, 0x7E, 0x71, 0xF9, 0xC7, 0xFE, 0xFF, 0xE7, 0xE7, 0xE7, 0xE7, 0xE7, 0xE7, 0xFF,
    0x3F, 0xEE, 0x7B, 0x8E, 0xE3, 0xB9, 0xEF, 0xFB, 0xFC, 0xE0, 0x38, 0x0E, 0x03, 0x80, 0x7E, 0xFE,
    0xE0, 0x7C, 0x3E, 0xC6, 0xFE, 0xFE, 0x71, 0xCF, 0xFF, 0x71, 0xC7, 0x1C, 0x7D, 0xF0, 0x1F, 0xC3,
    0xFE, 0x1F, 0xF1, 0xF9, 0x8F, 0x80, 0x79, 0xFF, 0xCF, 0xFE, 0x7F, 0xF3, 0xC7, 0xDE, 0x3F, 0xFE,
    0xFF, 0xF3, 0xFF, 0x81, 0xE0, 0x0F, 0x00, 0x7F, 0x03, 0xF8, 0x1F, 0xC0, 0x00, 0x1C, 0x00, 0x1C,
    0x07, 0xF8, 0x1F, 0xFE, 0x3F, 0xFF, 0x7F, 0xFE, 0x7E, 0x7C, 0xFC, 0xE8, 0xF8, 0xE0, 0xF8, 0xC0,
    0xF1, 0xC0, 0xF1, 0x80, 0xFB, 0x80, 0xFB, 0x80, 0xFF, 0x00, 0x7F, 0x0C, 0x7F, 0xFE, 0x3F, 0xFE,
    0x1F, 0xFE, 0x1F, 0xF8, 0x1C, 0x00, 0x18, 0x00, 0x08, 0x00, 0x0F, 0xF8, 0x7F, 0xE3, 0xFF, 0x9F,
    0x8C, 0x7C, 0x03, 0xE0, 0x0F, 0x80, 0x3C, 0xEE, 0xF3, 0xFB, 0xCF, 0xEF, 0x3E, 0x3C, 0xF0, 0xFB,
    0xC3, 0xEF, 0x07, 0xFC, 0x9F, 0xFE, 0x3F, 0xF8, 0x3F, 0xE0, 0x3F, 0xFC, 0xFF, 0xF3, 0xFF, 0xCF,
    0xFF, 0x3C, 0x00, 0xF0, 0x03, 0xC0, 0x0F, 0xFE, 0x3F, 0xF8, 0xFF, 0xE3, 0xFF, 0x8F, 0x00, 0xFF,
    0x83, 0xFE, 0x0F, 0xF8, 0x3F, 0xE0, 0x3C, 0x00, 0xF0, 0x00, 0x07, 0xF0, 0x1F, 0xFC, 0x3F, 0xFC,
    0x3F, 0xF8, 0x3E, 0x20, 0x3C, 0x00, 0x3C, 0x00, 0x7F, 0xF0, 0x7F, 0xF0, 0x1F, 0x00, 0x7F, 0xF0,
    0x7F, 0xF0, 0x0F, 0x00, 0x1F, 0x00, 0xFF, 0xFE, 0xFF, 0xFE, 0x7F, 0xFF, 0x73, 0xFC, 0x00, 0x0E,
    0x00, 0x00, 0x70, 0x00, 0x07, 0x01, 0xDF, 0xFF, 0xCF, 0xFF, 0xFF, 0x7F, 0xFF, 0xFB, 0xE7, 0xE7,
    0xDF, 0x1F, 0x1F, 0xF0, 0xF0, 0xFF, 0x87, 0x87, 0xFC, 0x3C, 0x3F, 0xE1, 0xE1, 0xFF, 0x1F, 0x0F,
    0xF8, 0xF8, 0x7F, 0xCF, 0xC3, 0xFE, 0x7E, 0x1F, 0xF7, 0xF0, 0xF8, 0x38, 0x00, 0x01, 0xC0, 0x00,
    0x1C, 0x00, 0x00, 0x1F, 0x01, 0xE0, 0xF8, 0x0F, 0x07, 0xE0, 0x78, 0x3F, 0x83, 0xC1, 0xFE, 0x1E,
    0x0F, 0xF0, 0xF0, 0x7F, 0xC7, 0x83, 0xFF, 0x3C, 0xFF, 0xFF, 0xFF, 0xFF, 0xFF, 0xC7, 0x9F, 0xF8,
    0x3C, 0x7F, 0xC1, 0xE1, 0xFE, 0x0F, 0x0F, 0xF0, 0x78, 0x3F, 0x83, 0xC0, 0xFC, 0x1E, 0x03, 0xE0,
    0xF0, 0x1F, 0x00, 0x3F, 0xF0, 0x1F, 0xFE, 0x0F, 0xFF, 0x07, 0xFF, 0xC3, 0xC3, 0xE7, 0xFF, 0xFF,
    0xFF, 0xFE, 0x78, 0x7C, 0x3F, 0xFE, 0x1F, 0xFE, 0x0F, 0xFF, 0x07, 0xFE, 0x03, 0xC0, 0x01, 0xE0,
    0x00, 0xF0, 0x00, 0x78, 0x00, 0x3C, 0x00, 0x1E, 0x00, 0x00, 0xFF, 0x80, 0x07, 0xFE, 0x00, 0x3F,
    0xF8, 0x01, 0xE7, 0xC0, 0x0F, 0x1E, 0x7F, 0x78, 0xF7, 0xFF, 0xCF, 0xFF, 0xDE, 0x7F, 0xE6, 0xFF,
    0xDF, 0x07, 0xFC, 0xFE, 0x3F, 0xE3, 0xF9, 0xEF, 0x0F, 0xFF, 0x78, 0x1F, 0xF9, 0xE0, 0x7F, 0xCF,
    0x63, 0xFE, 0x7F, 0xFF, 0xF1, 0xFF, 0xF7, 0x8F, 0xFF, 0x00, 0x7C, 0x00, 0x07, 0xDF, 0x00, 0x01,
    0xF7, 0xC1, 0xF0, 0xFD, 0xF8, 0x7C, 0x3E, 0x3E, 0x3F, 0x0F, 0x8F, 0x8F, 0xE3, 0xE3, 0xE3, 0xF9,
    0xF1, 0xFD, 0xFE, 0x7F, 0x7F, 0xFF, 0xFF, 0xDF, 0xFF, 0xFF, 0xF0, 0xFF, 0xBF, 0xE0, 0x3F, 0xCF,
    0xF8, 0x0F, 0xF1, 0xFE, 0x03, 0xFC, 0x7F, 0x00, 0x7E, 0x1F, 0xC0, 0x1F, 0x83, 0xF0, 0x07, 0xE0,
    0xF8, 0x00, 0xF0, 0x1E, 0x00, 0xFF, 0xE3, 0xFF, 0xFC, 0xFF, 0xFF, 0x3F, 0xC1, 0xCF, 0xF3, 0x73,
    0xFD, 0xDC, 0xFF, 0x77, 0x3F, 0xDD, 0xCF, 0xF7, 0x73, 0xFD, 0xDC, 0xFF, 0x73, 0x7F, 0xDC, 0x3F,
    0xF7, 0xFF, 0xBD, 0xFF, 0xEF, 0x7F, 0xE0, 0x03, 0xC0, 0xFF, 0x0F, 0xF0, 0xFF, 0x03, 0xC7, 0xFC,
    0x7F, 0xCF, 0xFC, 0xFF, 0xCF, 0x3C, 0xFF, 0xCF, 0xFC, 0x7F, 0xC3, 0xFC, 0x00, 0x0F, 0xFE, 0xFF,
    0xEF, 0xFE, 0x01, 0xFE, 0x07, 0xFF, 0x0F, 0xFE, 0x1F, 0xFE, 0x1F, 0x84, 0x3F, 0x00, 0xFF, 0xF0,
    0xFF, 0xF0, 0x3C, 0x00, 0xFF, 0xF0, 0xFF, 0xF0, 0x3E, 0x00, 0x3E, 0x00, 0x1F, 0x84, 0x1F, 0xFE,
    0x0F, 0xFE, 0x07, 0xFF, 0x01, 0xFE, 0x3C, 0x0F, 0xCF, 0x07, 0xE3, 0xC3, 0xF0, 0xF1, 0xF8, 0x3C,
    0xFC, 0x0F, 0x7E, 0x03, 0xFF, 0x03, 0xFF, 0xFC, 0xFF, 0xFF, 0x0F, 0xFC, 0x03, 0xFF, 0x80, 0xFB,
    0xF0, 0x3C, 0x7C, 0x0F, 0x1F, 0x83, 0xC3, 0xF0, 0xF0, 0x7E, 0x3C, 0x0F, 0x8F, 0x03, 0xF0, 0xFF,
    0xFF, 0xFF, 0xFF, 0xFE, 0x0F, 0x00, 0x7F, 0x03, 0xF8, 0x1F, 0x80, 0xF8, 0x0F, 0xA1, 0xFF, 0x8F,
    0xFC, 0x6F, 0x80, 0xF8, 0x0F, 0xC0, 0xFE, 0x07, 0xF0, 0x07, 0x80, 0x3C, 0x00, 0x7F, 0xE0, 0x00,
    0xFF, 0xF0, 0x00, 0x7F, 0xF8, 0x00, 0x60, 0xFC, 0x00, 0x1E, 0x7E, 0x00, 0x1E, 0x3E, 0x00, 0x3E,
    0x3E, 0x00, 0x3E, 0x1E, 0x00, 0x3C, 0x1E, 0x00, 0x3C, 0x3E, 0x7E, 0x3C, 0x3E, 0xFF, 0x7C, 0x3F,
    0xFF, 0x7C, 0x7D, 0xEF, 0x78, 0xFF, 0xC7, 0x79, 0xFB, 0xC7, 0x7F, 0xF3, 0xFF, 0xFF, 0xE3, 0xFE,
    0xFF, 0x83, 0xFC, 0x00, 0x07, 0x80, 0x00, 0x07, 0x80, 0x00, 0x07, 0x80, 0x00, 0x07, 0x80, 0x00,
    0x07, 0x80, 0x00, 0x0F, 0x00, 0x01, 0xF8, 0x0F, 0xF0, 0x7F, 0xC1, 0xEF, 0x07, 0x9C, 0x1E, 0x70,
    0x7B, 0xC1, 0xFF, 0x03, 0xF8, 0x0F, 0xE0, 0x1F, 0x06, 0x7C, 0x1D, 0xF0, 0xF7, 0xE3, 0xFF, 0x9F,
    0xFF, 0x7F, 0x7F, 0xDC, 0xF0, 0x23, 0xC0, 0x0F, 0x00, 0x3C, 0x03, 0xF0, 0x0F, 0xC0, 0x3E, 0x3F,
    0xF0, 0x1F, 0xFE, 0x0F, 0xFF, 0x07, 0xFF, 0xCF, 0xFF, 0xFF, 0xFF, 0xFF, 0xFF, 0xFE, 0x78, 0x7C,
    0x3F, 0xFE, 0x1F, 0xFE, 0x0F, 0xFF, 0x07, 0xFE, 0x03, 0xC0, 0x01, 0xE0, 0x00, 0xF0, 0x00, 0x78,
    0x00, 0x3C, 0x00, 0x1E, 0x00, 0x00, 0x00, 0xC0, 0x00, 0x30, 0x00, 0x0C, 0x00, 0x1F, 0xE0, 0x1F,
    0xFE, 0x0F, 0xFF, 0xC7, 0xFF, 0xF1, 0xFB, 0x38, 0xFC, 0xC0, 0x3E, 0x30, 0x0F, 0x8F, 0xFB, 0xC3,
    0xFE, 0xF0, 0xFF, 0xBE, 0x3F, 0xEF, 0x8C, 0x7B, 0xF3, 0x3E, 0x7E, 0xDF, 0x9F, 0xFF, 0xC3, 0xFF,
    0xE0, 0x7F, 0xF0, 0x07, 0xF8, 0x00, 0x30, 0x00, 0x0C, 0x00, 0x03, 0x00, 0x03, 0xF0, 0x00, 0xFC,
    0x00, 0x3F, 0x00, 0x1F, 0xE0, 0x07, 0xF8, 0x01, 0xFE, 0x00, 0xFF, 0xC1, 0xFF, 0xFE, 0x7F, 0xFF,
    0x87, 0xCF, 0x87, 0xFF, 0xF9, 0xFF, 0xFE, 0x3E, 0x1F, 0x0F, 0x03, 0xC3, 0xC0, 0xF1, 0xF0, 0x3E,
    0x78, 0x07, 0x9E, 0x01, 0xE0, 0x3F, 0xE1, 0xFF, 0xC7, 0xFF, 0x8E, 0x3E, 0x00, 0x78, 0x03, 0xEF,
    0xFF, 0xFF, 0xFF, 0x1F, 0xE0, 0xFF, 0x0F, 0xFF, 0xFF, 0xFF, 0x78, 0x01, 0xE0, 0x07, 0xC3, 0x9F,
    0xFE, 0x3F, 0xF8, 0x7F, 0xC0, 0x01, 0xC0, 0x01, 0xC0, 0x01, 0xC0, 0x07, 0xF8, 0x1F, 0xFE, 0x3F,
    0xFE, 0x7F, 0xFE, 0x7E, 0xDC, 0xFC, 0xC8, 0xF8, 0xC0, 0xF8, 0xC0, 0xF0, 0xC0, 0xF0, 0xC0, 0xF8,
    0xC0, 0xF8, 0xC0, 0xFC, 0xC0, 0x7E, 0xDC, 0x7F, 0xFE, 0x3F, 0xFE, 0x1F, 0xFE, 0x07, 0xF8, 0x01,
    0xC0, 0x01, 0xC0, 0x1C, 0x30, 0x1E, 0x38, 0x0F, 0x1C, 0x0F, 0xFF, 0xFF, 0xFF, 0xFF, 0xFF, 0xFC,
    0xF3, 0xC0, 0x79, 0xE0, 0x3C, 0xF0, 0x1E, 0x78, 0x0F, 0x3C, 0x07, 0x9E, 0x03, 0xCF, 0x01, 0xE7,
    0xC4, 0xF3, 0xFE, 0x78, 0xFF, 0x3C, 0x7F, 0x80, 0x00, 0xFF, 0x80, 0x7F, 0xF0, 0x3F, 0xF8, 0x0F,
    0x8E, 0x03, 0xC0, 0x00, 0xF8, 0x00, 0x3F, 0x00, 0x0F, 0xF0, 0x01, 0xFF, 0x00, 0x3F, 0xE0, 0x03,
    0xFC, 0x00, 0x3F, 0x7F, 0xFF, 0xFF, 0xFE, 0xFF, 0x99, 0xFD, 0xFE, 0x7F, 0x3F, 0xFF, 0x87, 0xFF,
    0x81, 0x99, 0x80, 0x66, 0x60, 0xFF, 0xFF, 0xFF, 0xFF, 0xFE, 0x00, 0x00, 0x00, 0x7F, 0xFF, 0xFF,
    0xFF, 0xFF, 0x07, 0x80, 0x3C, 0x01, 0xE0, 0x0F, 0x00, 0x78, 0x03, 0xC0, 0x1E, 0x00, 0xF0, 0x07,
    0x80, 0x3C, 0x00, 0xFF, 0xFB, 0xFF, 0xFF, 0xFF, 0xFF, 0xFF, 0xFF, 0xE0, 0x7F, 0xF1, 0xFF, 0xC7,
    0xFE, 0x7F, 0xE1, 0xFF, 0x07, 0xF8, 0x0F, 0xC0, 0x1F, 0x00, 0x7E, 0x00, 0xFC, 0x01, 0xF0, 0x07,
    0xE0, 0x0F, 0xC0, 0x1F, 0x00, 0x1E, 0x00, 0x1E, 0x00, 0x1E, 0x60, 0x1F, 0xE0, 0x1F, 0xE0, 0x1F,
    0x80, 0x3E, 0x20, 0xFE, 0xF0, 0xFF, 0xE0, 0x5F, 0x80, 0x1F, 0x00, 0x7E, 0x1C, 0xFE, 0x1E, 0x5E,
    0x7E, 0x1F, 0xFC, 0x1F, 0xFC, 0x1F, 0xF8, 0x1F, 0xE0, 0x7C, 0x00, 0x0F, 0xE0, 0x00, 0xC6, 0x00,
    0x0E, 0x70, 0x00, 0xFF, 0xFF, 0xCF, 0xFF, 0xFE, 0x7F, 0xFF, 0xF0, 0x70, 0x0F, 0x07, 0x64, 0x70,
    0x7F, 0xE3, 0x07, 0xFF, 0x70, 0x7F, 0xFF, 0x07, 0x19, 0xE1, 0xF8, 0x00, 0x1F, 0xC1, 0x00, 0xBF,
    0xF0, 0x01, 0xFF, 0x00, 0x07, 0xF0, 0x03, 0x00, 0x06, 0x00, 0x0C, 0x00, 0x7F, 0x03, 0xFF, 0x8F,
    0xFF, 0x9F, 0xFF, 0x7F, 0xBF, 0xFB, 0x3F, 0xE6, 0x3F, 0xCC, 0x7F, 0x98, 0xFF, 0x31, 0xFE, 0x63,
    0xFC, 0xC7, 0xF9, 0x8F, 0xF3, 0x1F, 0xE0, 0x3F, 0xC0, 0x7F, 0x80, 0xFF, 0x01, 0xE0, 0x3F, 0xF8,
    0x3F, 0xFC, 0x3F, 0xFC, 0x3F, 0xFE, 0x3C, 0x3E, 0x3C, 0x1E, 0x3C, 0x1E, 0x3C, 0x3E, 0x3F, 0xFE,
    0xFF, 0xFC, 0xFF, 0xFC, 0xFF, 0xF0, 0x3C, 0x00, 0xFF, 0x80, 0xFF, 0x80, 0x3C, 0x00, 0x3C, 0x00,
    0x3C, 0x00, 0x03, 0x60, 0x07, 0xFC, 0x07, 0xFF, 0x07, 0xFF, 0xC7, 0xF7, 0xF7, 0xDB, 0x7B, 0xED,
    0xBF, 0xE6, 0xCF, 0xF3, 0x67, 0xF9, 0xB3, 0xFC, 0xD9, 0xFE, 0x00, 0x0F, 0x80, 0x07, 0xC0, 0x01,
    0xF0, 0x00, 0x7E, 0x00, 0x7F, 0xFF, 0x3F, 0xFF, 0x9F, 0xFF, 0xC0, 0x33, 0x06, 0x63, 0xFE, 0x7F,
    0xEF, 0xFF, 0xE7, 0xFC, 0x7F, 0x8F, 0xF3, 0xFF, 0xFB, 0xFF, 0x7F, 0xFF, 0x3F, 0xE3, 0xFC, 0x7F,
    0x8F, 0xF3, 0xFF, 0xFF, 0xFF, 0x7F, 0xC3, 0x30, 0x66, 0x0C, 0xC0, 0x1F, 0xE3, 0xFF, 0x7F, 0xEF,
    0xC6, 0xF8, 0x0F, 0x00, 0xF0, 0x0F, 0x00, 0xF0, 0x0F, 0x80, 0xFC, 0x67, 0xFE, 0x3F, 0xE1, 0xFE,
    0x00, 0x00, 0x00, 0xFF, 0xEF, 0xFE, 0xFF, 0xE0, 0x06, 0x00, 0x3E, 0x00, 0xFC, 0x03, 0xF8, 0x07,
    0xF0, 0x07, 0xC1, 0xFF, 0x8F, 0xFE, 0x7F, 0xFF, 0xFF, 0xFF, 0x87, 0xFC, 0x0F, 0xF0, 0x3F, 0xC1,
    0xFF, 0x87, 0xFF, 0xFE, 0x7F, 0xF0, 0xFF, 0xC1, 0xFC, 0x00, 0x03, 0xC0, 0x0F, 0xFC, 0x3F, 0xFE,
    0x3F, 0xFC, 0x7E, 0x7E, 0x7C, 0xFE, 0x79, 0xFE, 0x7B, 0xDE, 0x7F, 0xBE, 0x7F, 0x3E, 0x7F, 0xFE,
    0x3F, 0xFC, 0x7F, 0xF8, 0x7F, 0xF0, 0x01, 0x80, 0x00, 0x00, 0x00, 0x0C, 0x00, 0x01, 0x80, 0x00,
    0x78, 0x00, 0x0F, 0x00, 0x03, 0xF0, 0x00, 0x7E, 0x00, 0x1F, 0xE0, 0x03, 0xFC, 0x00, 0xF7, 0xC0,
    0x1E, 0x78, 0x07, 0x8F, 0x80, 0xF0, 0xF0, 0x3E, 0x1F, 0x07, 0x81, 0xE1, 0xFF, 0xFE, 0x3F, 0xFF,
    0xCF, 0xFF, 0xFD, 0xFF, 0xFF, 0x80, 0x7F, 0xFF, 0xBF, 0xFF, 0xFF, 0xFF, 0xFF, 0xFF, 0xFF, 0x7F,
    0xFF, 0x87, 0x87, 0x81, 0xE1, 0xE0, 0x78, 0x78, 0x1E, 0x1E, 0x07, 0x87, 0x81, 0xE1, 0xE0, 0x78,
    0x78, 0x1E, 0x1E, 0x07, 0x87, 0x81, 0xE1, 0xE0, 0x78, 0x78, 0x1E, 0x1E, 0x07, 0x87, 0x81, 0xE1,
    0xE0, 0x78, 0x78, 0x1E, 0x1E, 0x07, 0x87, 0x81, 0xE1, 0xE0, 0x3F, 0xF3, 0xFF, 0xDF, 0xFE, 0xFF,
    0xF7, 0xFF, 0x1F, 0x00, 0x7C, 0x01, 0xF0, 0x07, 0xC0, 0x3E, 0x01, 0xF0, 0x1F, 0x01, 0xF0, 0x1F,
    0x01, 0xFF, 0xCF, 0xFF, 0x7F, 0xFB, 0xFF, 0xCF, 0xFC, 0x00, 0x07, 0xFF, 0xFF, 0xFF, 0xFF, 0xFF,
    0xFF, 0x80, 0x00, 0x3C, 0x00, 0xF8, 0x01, 0xE0, 0x03, 0xC0, 0x0F, 0x00, 0x1E, 0x00, 0x78, 0x00,
    0xF0, 0x03, 0xC0, 0x07, 0x80, 0x1E, 0x00, 0x3C, 0x00, 0xF0, 0x01, 0xE0, 0x07, 0x80, 0x0F, 0x00,
    0x3C, 0x00, 0x78, 0x01, 0xE0, 0x03, 0xC0, 0x0F, 0x80, 0x1E, 0x00, 0x00, 0x7B, 0xFF, 0xFF, 0xFD,
    0xE0, 0x00, 0x0F, 0xC0, 0x03, 0xFC, 0x00, 0x7F, 0x80, 0x0F, 0xF0, 0x03, 0xFE, 0x00, 0x7C, 0x00,
    0x0F, 0x80, 0x03, 0xE0, 0x00, 0x7C, 0x00, 0x0F, 0x03, 0xE3, 0xE0, 0x7C, 0x7C, 0x07, 0xCF, 0x00,
    0xFB, 0xE0, 0x0F, 0x7C, 0x01, 0xFF, 0x00, 0x3F, 0xE0, 0x03, 0xFC, 0x00, 0x7F, 0x00, 0x07, 0xE0,
    0x00, 0xF8, 0x00, 0x1F, 0x00, 0x00, 0x00, 0x00, 0x3F, 0x0F, 0xC3, 0xFC, 0xFF, 0x3F, 0xFF, 0xFD,
    0xFF, 0xFF, 0xEF, 0x1F, 0xCF, 0xF8, 0x7C, 0x3F, 0xC7, 0xE3, 0xFF, 0xFF, 0xFF, 0xFF, 0xFF, 0xF3,
    0xFC, 0xFF, 0x8F, 0xC3, 0xF8, 0x00, 0x00, 0x00, 0x00, 0x3F, 0x00, 0x1F, 0xE0, 0x0F, 0xF8, 0x03,
    0xFE, 0x00, 0xFB, 0x00, 0x3C, 0x00, 0x1F, 0x00, 0x07, 0xC0, 0x01, 0xF0, 0x00, 0x7C, 0x00, 0x1E,
    0x00, 0x0F, 0x80, 0x03, 0xE0, 0x00, 0xF8, 0x00, 0x3E, 0x00, 0x0F, 0x80, 0x07, 0xC0, 0x0D, 0xF0,
    0x07, 0xFC, 0x01, 0xFE, 0x00, 0xFF, 0x80, 0x1F, 0xC0, 0x01, 0xC0, 0x00, 0x3C, 0x13, 0xFB, 0xFF,
    0xFF, 0xFF, 0xEE, 0x1F, 0x1C, 0x01, 0xFC, 0xFF, 0xFF, 0xFF, 0xFF, 0x1F, 0x80, 0x00, 0xF0, 0x0F,
    0xBF, 0xFF, 0xFF, 0xFF, 0xFF, 0xFF, 0xFC, 0x1E, 0x01, 0xE0, 0xFF, 0xFF, 0xFF, 0xFF, 0xFF, 0xFF,
    0xF3, 0xC0, 0x3C, 0x00, 0x00, 0x00, 0x01, 0xC0, 0x3F, 0x87, 0xFE, 0x7F, 0xF3, 0xFC, 0x0F, 0xF8,
    0x1F, 0xFC, 0x1F, 0xF8, 0x0F, 0xE0, 0x07, 0x1F, 0xFE, 0xFF, 0xFB, 0xFF, 0xEF, 0xFF, 0x80, 0x00,
    0x01, 0xE0, 0x07, 0xE0, 0x1F, 0xF0, 0x3F, 0xF8, 0x1F, 0xE0, 0x7F, 0x8F, 0xFE, 0x7F, 0xC1, 0xF8,
    0x07, 0x00, 0x1F, 0xFE, 0xFF, 0xFB, 0xFF, 0xEF, 0xFF, 0x80, 0x1F, 0xE7, 0xF1, 0xFF, 0x7F, 0x8F,
    0xF3, 0xFC, 0x7C, 0x1F, 0x03, 0xC0, 0xF0, 0x7F, 0xDF, 0xF3, 0xFE, 0xFF, 0x9F, 0xF7, 0xFC, 0x3C,
    0x0F, 0x01, 0xE0, 0x78, 0x0F, 0x03, 0xC0, 0x78, 0x1E, 0x03, 0xC0, 0xF0, 0x1E, 0x07, 0x80, 0xF0,
    0x3C, 0x07, 0x81, 0xE0, 0x3C, 0x0F, 0x01, 0xE0, 0x78, 0x0F, 0x03, 0xC0, 0x00, 0x1F, 0x00, 0x1F,
    0x0F, 0xDF, 0x1F, 0xDF, 0x3F, 0xC0, 0x3F, 0x80, 0x3E, 0x00, 0xFF, 0x9E, 0xFF, 0x9E, 0xFF, 0x9E,
    0xFF, 0x9E, 0x3C, 0x1E, 0x3C, 0x1E, 0x3C, 0x1E, 0x3C, 0x1E, 0x3C, 0x1E, 0x3C, 0x1E, 0x3C, 0x1E,
    0x3C, 0x1E, 0x3C, 0x1E, 0x3C, 0x1E, 0x0F, 0x9E, 0x1F, 0xDE, 0x3F, 0x9E, 0x3F, 0x9E, 0x3C, 0x1E,
    0xFF, 0x9E, 0xFF, 0x9E, 0xFF, 0x9E, 0xFF, 0x9E, 0x3C, 0x1E, 0x3C, 0x1E, 0x3C, 0x1E, 0x3C, 0x1E,
    0x3C, 0x1E, 0x3C, 0x1E, 0x3C, 0x1E, 0x3C, 0x1E, 0x3C, 0x1E, 0x3C, 0x1E, 0x1F, 0xE7, 0xF7, 0x9F,
    0xF7, 0xFB, 0xCF, 0xF3, 0xFD, 0xE7, 0xC9, 0xF2, 0xF3, 0xC0, 0xF0, 0x07, 0xFD, 0xFF, 0x3F, 0xFE,
    0xFF, 0x9F, 0xFF, 0x7F, 0xCF, 0x3C, 0x0F, 0x07, 0x9E, 0x07, 0x83, 0xCF, 0x03, 0xC1, 0xE7, 0x81,
    0xE0, 0xF3, 0xC0, 0xF0, 0x79, 0xE0, 0x78, 0x3C, 0xF0, 0x3C, 0x1E, 0x78, 0x1E, 0x0F, 0x3C, 0x0F,
    0x07, 0x9E, 0x07, 0x83, 0xCF, 0x03, 0xC1, 0xE0, 0x1F, 0xE7, 0xF7, 0x9F, 0xF7, 0xFB, 0xCF, 0xF3,
    0xFD, 0xE7, 0xC1, 0xF0, 0xF3, 0xC0, 0xF0, 0x7F, 0xFD, 0xFF, 0x3F, 0xFE, 0xFF, 0x9F, 0xFF, 0x7F,
    0xCF, 0x3C, 0x0F, 0x07, 0x9E, 0x07, 0x83, 0xCF, 0x03, 0xC1, 0xE7, 0x81, 0xE0, 0xF3, 0xC0, 0xF0,
    0x79, 0xE0, 0x78, 0x3C, 0xF0, 0x3C, 0x1E, 0x78, 0x1E, 0x0F, 0x3C, 0x0F, 0x07, 0x9E, 0x07, 0x83,
    0xCF, 0x03, 0xC1, 0xE0, 0x3F, 0xE0, 0x7F, 0xF8, 0xFF, 0xF8, 0xF8, 0xF8, 0xF0, 0x78, 0xF0, 0xFF,
    0xF1, 0xFF, 0xF1, 0xFF, 0xF0, 0x78, 0xF0, 0x78, 0xF0, 0x78, 0xF0, 0x78, 0xF0, 0x78, 0xF0, 0x78,
    0xF0, 0x78, 0xF0, 0x7D, 0xF0, 0x7F, 0xF0, 0x7F, 0xF0, 0x3F, 0x00, 0xFE, 0x00, 0x1F, 0xFC, 0x00,
    0xFF, 0xE0, 0x07, 0x8F, 0x00, 0x38, 0x78, 0x3F, 0xE7, 0xFF, 0xFF, 0x3F, 0xFF, 0xF9, 0xFF, 0xF1,
    0xC7, 0x87, 0xC0, 0x3C, 0x3F, 0x81, 0xE0, 0xFF, 0x0F, 0x03, 0xFC, 0x78, 0x07, 0xE3, 0xC0, 0x0F,
    0x1E, 0x18, 0xF8, 0xF9, 0xFF, 0xC7, 0xFF, 0xFE, 0x1F, 0xFF, 0xC0, 0xFE, 0x00, 0x10, 0x00, 0x00,
    0x70, 0x00, 0x01, 0xF0, 0x00, 0x07, 0xF0, 0x00, 0x1F, 0xF0, 0x00, 0x7F, 0xF0, 0x01, 0xC0, 0xF0,
    0x07, 0x88, 0xF0, 0x1F, 0xF9, 0xF0, 0x7F, 0xF3, 0xF1, 0xFF, 0xE7, 0xF7, 0xFF, 0x9F, 0xFF, 0xFE,
    0x7F, 0xEF, 0xF9, 0xFF, 0x8F, 0xF3, 0xFE, 0x0F, 0xFF, 0xF8, 0x0F, 0xFF, 0xE0, 0x0F, 0x9F, 0x80,
    0x0F, 0x3E, 0x00, 0x0E, 0x78, 0x00, 0x0F, 0xE0, 0x00, 0x0F, 0x80, 0x00, 0x0E, 0x00, 0x00, 0x08,
    0x00,
};

static const EpdGlyph lexenddeca_12_boldGlyphs[] = {
    { 0, 0, 0, 0, 0, 0, 0 }, // U+0000
    { 0, 0, 111, 0, 0, 0, 0 }, // U+000D
    { 0, 0, 128, 0, 0, 0, 0 }, // U+0020
    { 5, 18, 124, 2, 18, 12, 0 }, // !
    { 11, 7, 191, 1, 18, 10, 12 }, // "
    { 16, 18, 294, 1, 18, 36, 22 }, // #
    { 15, 23, 254, 0, 21, 44, 58 }, // $
    { 22, 18, 387, 1, 18, 50, 102 }, // %
    { 19, 18, 310, 1, 18, 43, 152 }, // &
    { 5, 7, 101, 1, 18, 5, 195 }, // '
    { 9, 24, 156, 1, 19, 27, 200 }, // (
    { 10, 24, 156, 0, 19, 30, 227 }, // )
    { 11, 10, 176, 0, 19, 14, 257 }, // *
    { 13, 13, 239, 1, 14, 22, 271 }, // +
    { 6, 9, 115, 1, 3, 7, 293 }, // ,
    { 9, 4, 179, 1, 10, 5, 300 }, // -
    { 5, 5, 103, 1, 5, 4, 305 }, // .
    { 15, 22, 238, 0, 18, 42, 309 }, // /
    { 15, 18, 270, 1, 18, 34, 351 }, // 0
    { 12, 18, 224, 1, 18, 27, 385 }, // 1
    { 14, 18, 219, 0, 18, 32, 412 }, // 2
    { 15, 18, 236, 0, 18, 34, 444 }, // 3
    { 16, 18, 265, 0, 18, 36, 478 }, // 4
    { 14, 18, 238, 1, 18, 32, 514 }, // 5
    { 14, 18, 232, 1, 18, 32, 546 }, // 6
    { 12, 18, 221, 1, 18, 27, 578 }, // 7
    { 13, 18, 240, 1, 18, 30, 605 }, // 8
    { 13, 18, 231, 1, 18, 30, 635 }, // 9
    { 5, 14, 103, 1, 14, 9, 665 }, // :
    { 6, 20, 116, 1, 14, 15, 674 }, // ;
    { 12, 15, 210, 1, 14, 23, 689 }, // <
    { 12, 9, 249, 2, 12, 14, 712 }, // =
    { 12, 15, 210, 0, 14, 23, 726 }, // >
    { 13, 18, 214, 0, 18, 30, 749 }, // ?
    { 23, 23, 386, 1, 18, 67, 779 }, // @
    { 19, 18, 278, -1, 18, 43, 846 }, // A
    { 15, 18, 280, 2, 18, 34, 889 }, // B
    { 16, 18, 278, 1, 18, 36, 923 }, // C
    { 16, 18, 309, 2, 18, 36, 959 }, // D
    { 13, 18, 258, 2, 18, 30, 995 }, // E
    { 12, 18, 247, 2, 18, 27, 1025 }, // F
    { 18, 18, 313, 1, 18, 41, 1052 }, // G
    { 15, 18, 312, 2, 18, 34, 1093 }, // H
    { 10, 18, 222, 2, 18, 23, 1127 }, // I
    { 14, 18, 266, 1, 18, 32, 1150 }, // J
    { 16, 18, 296, 2, 18, 36, 1182 }, // K
    { 12, 18, 244, 2, 18, 27, 1218 }, // L
    { 18, 18, 351, 2, 18, 41, 1245 }, // M
    { 16, 18, 323, 2, 18, 36, 1286 }, // N
    { 18, 18, 325, 1, 18, 41, 1322 }, // O
    { 14, 18, 265, 2, 18, 32, 1363 }, // P
    { 18, 21, 325, 1, 18, 48, 1395 }, // Q
    { 15, 18, 281, 2, 18, 34, 1443 }, // R
    { 15, 18, 254, 0, 18, 34, 1477 }, // S
    { 15, 18, 262, 1, 18, 34, 1511 }, // T
    { 15, 18, 306, 2, 18, 34, 1545 }, // U
    { 18, 18, 285, 0, 18, 41, 1579 }, // V
    { 26, 18, 397, -1, 18, 59, 1620 }, // W
    { 19, 18, 282, -1, 18, 43, 1679 }, // X
    { 18, 18, 276, 0, 18, 41, 1722 }, // Y
    { 14, 18, 273, 1, 18, 32, 1763 }, // Z
    { 8, 23, 168, 2, 18, 23, 1795 }, // [
    { 15, 21, 234, 0, 18, 40, 1818 }, // <backslash>
    { 9, 23, 168, 1, 18, 26, 1858 }, // ]
    { 15, 10, 237, 0, 19, 19, 1884 }, // ^
    { 15, 4, 275, 1, -1, 8, 1903 }, // _
    { 7, 6, 200, 3, 21, 6, 1911 }, // `
    { 14, 14, 264, 1, 14, 25, 1917 }, // a
    { 14, 19, 263, 2, 19, 34, 1942 }, // b
    { 13, 14, 218, 1, 14, 23, 1976 }, // c
    { 14, 19, 262, 1, 19, 34, 1999 }, // d
    { 13, 14, 234, 1, 14, 23, 2033 }, // e
    { 10, 19, 157, 1, 19, 24, 2056 }, // f
    { 15, 20, 268, 1, 14, 38, 2080 }, // g
    { 13, 19, 254, 2, 19, 31, 2118 }, // h
    { 5, 21, 128, 2, 21, 14, 2149 }, // i
    { 8, 26, 126, -1, 20, 26, 2163 }, // j
    { 14, 19, 250, 2, 19, 34, 2189 }, // k
    { 5, 19, 122, 2, 19, 12, 2223 }, // l
    { 21, 14, 385, 2, 14, 37, 2235 }, // m
    { 13, 14, 254, 2, 14, 23, 2272 }, // n
    { 15, 14, 256, 1, 14, 27, 2295 }, // o
    { 14, 20, 264, 2, 14, 35, 2322 }, // p
    { 14, 20, 263, 1, 14, 35, 2357 }, // q
    { 10, 14, 182, 2, 14, 18, 2392 }, // r
    { 13, 14, 198, 0, 14, 23, 2410 }, // s
    { 10, 17, 159, 0, 17, 22, 2433 }, // t
    { 13, 14, 257, 2, 14, 23, 2455 }, // u
    { 15, 14, 242, 0, 14, 27, 2478 }, // v
    { 21, 14, 334, 0, 14, 37, 2505 }, // w
    { 15, 14, 242, 0, 14, 27, 2542 }, // x
    { 16, 20, 248, 0, 14, 40, 2569 }, // y
    { 11, 14, 220, 1, 14, 20, 2609 }, // z
    { 10, 25, 171, 1, 19, 32, 2629 }, // {
    { 5, 24, 127, 2, 19, 15, 2661 }, // |
    { 10, 25, 171, 0, 19, 32, 2676 }, // }
    { 13, 5, 223, 1, 10, 9, 2708 }, // ~
    { 0, 0, 128, 0, 0, 0, 2717 }, // U+00A0
    { 5, 19, 124, 2, 14, 12, 2717 }, // U+00A1
    { 13, 18, 225, 1, 18, 30, 2729 }, // U+00A2
    { 16, 18, 255, 0, 18, 36, 2759 }, // U+00A3
    { 14, 14, 224, 0, 15, 25, 2795 }, // U+00A4
    { 18, 18, 276, 0, 18, 41, 2820 }, // U+00A5
    { 5, 24, 130, 2, 18, 15, 2861 }, // U+00A6
    { 13, 23, 230, 1, 18, 38, 2876 }, // U+00A7
    { 11, 4, 200, 1, 20, 6, 2914 }, // U+00A8
    { 18, 19, 316, 1, 19, 43, 2920 }, // U+00A9
    { 8, 8, 156, 1, 18, 8, 2963 }, // U+00AA
    { 13, 13, 225, 1, 13, 22, 2971 }, // U+00AB
    { 16, 9, 268, 1, 11, 18, 2993 }, // U+00AC
    { 9, 4, 182, 1, 10, 5, 3011 }, // U+00AD
    { 13, 13, 203, 1, 19, 22, 3016 }, // U+00AE
    { 8, 3, 170, 2, 19, 3, 3038 }, // U+00AF
    { 9, 9, 213, 2, 19, 11, 3041 }, // U+00B0
    { 13, 15, 256, 2, 15, 25, 3052 }, // U+00B1
    { 8, 9, 146, 0, 20, 9, 3077 }, // U+00B2
    { 8, 9, 142, 0, 20, 9, 3086 }, // U+00B3
    { 7, 6, 200, 3, 21, 6, 3095 }, // U+00B4
    { 13, 18, 256, 2, 14, 30, 3101 }, // U+00B5
    { 16, 18, 305, 1, 18, 36, 3131 }, // U+00B6
    { 5, 5, 103, 1, 12, 4, 3167 }, // U+00B7
    { 6, 7, 200, 3, 1, 6, 3171 }, // U+00B8
    { 6, 9, 116, 0, 20, 7, 3177 }, // U+00B9
    { 8, 9, 160, 1, 20, 9, 3184 }, // U+00BA
    { 13, 13, 226, 1, 13, 22, 3193 }, // U+00BB
    { 20, 19, 328, 0, 19, 48, 3215 }, // U+00BC
    { 20, 19, 331, 0, 19, 48, 3263 }, // U+00BD
    { 21, 19, 340, 0, 19, 50, 3311 }, // U+00BE
    { 12, 19, 214, 1, 14, 29, 3361 }, // U+00BF
    { 19, 25, 278, -1, 25, 60, 3390 }, // U+00C0
    { 19, 25, 278, -1, 25, 60, 3450 }, // U+00C1
    { 19, 24, 278, -1, 24, 57, 3510 }, // U+00C2
    { 18, 24, 278, 0, 24, 54, 3567 }, // U+00C3
    { 18, 24, 278, -1, 24, 54, 3621 }, // U+00C4
    { 18, 24, 278, -1, 24, 54, 3675 }, // U+00C5
    { 27, 18, 430, -1, 18, 61, 3729 }, // U+00C6
    { 17, 24, 278, 1, 18, 51, 3790 }, // U+00C7
    { 13, 25, 258, 2, 25, 41, 3841 }, // U+00C8
    { 13, 25, 258, 2, 25, 41, 3882 }, // U+00C9
    { 13, 24, 258, 2, 24, 39, 3923 }, // U+00CA
    { 13, 24, 258, 2, 24, 39, 3962 }, // U+00CB
    { 10, 25, 222, 2, 25, 32, 4001 }, // U+00CC
    { 10, 25, 222, 2, 25, 32, 4033 }, // U+00CD
    { 10, 24, 222, 2, 24, 30, 4065 }, // U+00CE
    { 11, 24, 222, 2, 24, 33, 4095 }, // U+00CF
    { 18, 18, 309, 0, 18, 41, 4128 }, // U+00D0
    { 16, 24, 323, 2, 24, 48, 4169 }, // U+00D1
    { 18, 24, 325, 1, 24, 54, 4217 }, // U+00D2
    { 18, 24, 325, 1, 24, 54, 4271 }, // U+00D3
    { 18, 24, 325, 1, 24, 54, 4325 }, // U+00D4
    { 18, 24, 325, 1, 24, 54, 4379 }, // U+00D5
    { 18, 24, 325, 1, 24, 54, 4433 }, // U+00D6
    { 13, 13, 213, 0, 14, 22, 4487 }, // U+00D7
    { 18, 21, 323, 1, 19, 48, 4509 }, // U+00D8
    { 15, 25, 306, 2, 25, 47, 4557 }, // U+00D9
    { 15, 25, 306, 2, 25, 47, 4604 }, // U+00DA
    { 15, 24, 306, 2, 24, 45, 4651 }, // U+00DB
    { 15, 24, 306, 2, 24, 45, 4696 }, // U+00DC
    { 18, 25, 276, 0, 25, 57, 4741 }, // U+00DD
    { 14, 18, 265, 2, 18, 32, 4798 }, // U+00DE
    { 16, 18, 267, 1, 18, 36, 4830 }, // U+00DF
    { 14, 21, 264, 1, 21, 37, 4866 }, // U+00E0
    { 14, 21, 264, 1, 21, 37, 4903 }, // U+00E1
    { 14, 21, 264, 1, 21, 37, 4940 }, // U+00E2
    { 14, 20, 264, 1, 20, 35, 4977 }, // U+00E3
    { 14, 21, 264, 1, 21, 37, 5012 }, // U+00E4
    { 14, 22, 264, 1, 22, 39, 5049 }, // U+00E5
    { 21, 14, 360, 1, 14, 37, 5088 }, // U+00E6
    { 12, 20, 218, 1, 14, 30, 5125 }, // U+00E7
    { 13, 21, 234, 1, 21, 35, 5155 }, // U+00E8
    { 13, 21, 234, 1, 21, 35, 5190 }, // U+00E9
    { 13, 21, 234, 1, 21, 35, 5225 }, // U+00EA
    { 13, 21, 234, 1, 21, 35, 5260 }, // U+00EB
    { 7, 22, 116, 0, 22, 20, 5295 }, // U+00EC
    { 8, 22, 116, 0, 22, 22, 5315 }, // U+00ED
    { 10, 20, 116, -1, 20, 25, 5337 }, // U+00EE
    { 11, 21, 116, -1, 21, 29, 5362 }, // U+00EF
    { 13, 20, 239, 1, 20, 33, 5391 }, // U+00F0
    { 13, 20, 254, 2, 20, 33, 5424 }, // U+00F1
    { 15, 21, 256, 1, 21, 40, 5457 }, // U+00F2
    { 15, 21, 256, 1, 21, 40, 5497 }, // U+00F3
    { 15, 21, 256, 1, 21, 40, 5537 }, // U+00F4
    { 15, 20, 256, 1, 20, 38, 5577 }, // U+00F5
    { 15, 21, 256, 1, 21, 40, 5615 }, // U+00F6
    { 13, 14, 239, 1, 14, 23, 5655 }, // U+00F7
    { 15, 16, 256, 1, 15, 30, 5678 }, // U+00F8
    { 13, 22, 257, 2, 22, 36, 5708 }, // U+00F9
    { 13, 22, 257, 2, 22, 36, 5744 }, // U+00FA
    { 13, 21, 257, 2, 21, 35, 5780 }, // U+00FB
    { 13, 21, 257, 2, 21, 35, 5815 }, // U+00FC
    { 16, 28, 248, 0, 22, 56, 5850 }, // U+00FD
    { 14, 25, 264, 2, 19, 44, 5906 }, // U+00FE
    { 16, 26, 248, 0, 20, 52, 5950 }, // U+00FF
    { 19, 23, 278, -1, 23, 55, 6002 }, // U+0100
    { 14, 20, 264, 1, 20, 35, 6057 }, // U+0101
    { 19, 24, 278, -1, 24, 57, 6092 }, // U+0102
    { 14, 20, 264, 1, 20, 35, 6149 }, // U+0103
    { 19, 24, 278, -1, 18, 57, 6184 }, // U+0104
    { 14, 20, 264, 1, 14, 35, 6241 }, // U+0105
    { 16, 24, 278, 1, 24, 48, 6276 }, // U+0106
    { 13, 21, 218, 1, 21, 35, 6324 }, // U+0107
    { 16, 24, 278, 1, 24, 48, 6359 }, // U+0108
    { 13, 21, 218, 1, 21, 35, 6407 }, // U+0109
    { 17, 24, 278, 1, 24, 51, 6442 }, // U+010A
    { 13, 21, 218, 1, 21, 35, 6493 }, // U+010B
    { 16, 24, 278, 1, 24, 48, 6528 }, // U+010C
    { 13, 21, 218, 1, 21, 35, 6576 }, // U+010D
    { 16, 24, 309, 2, 24, 48, 6611 }, // U+010E
    { 20, 19, 302, 1, 19, 48, 6659 }, // U+010F
    { 18, 18, 309, 0, 18, 41, 6707 }, // U+0110
    { 15, 20, 262, 1, 20, 38, 6748 }, // U+0111
    { 13, 23, 258, 2, 23, 38, 6786 }, // U+0112
    { 13, 20, 234, 1, 20, 33, 6824 }, // U+0113
    { 13, 24, 258, 2, 24, 39, 6857 }, // U+0114
    { 13, 20, 234, 1, 20, 33, 6896 }, // U+0115
    { 13, 24, 258, 2, 24, 39, 6929 }, // U+0116
    { 13, 21, 234, 1, 21, 35, 6968 }, // U+0117
    { 13, 24, 258, 2, 18, 39, 7003 }, // U+0118
    { 13, 20, 234, 1, 14, 33, 7042 }, // U+0119
    { 13, 24, 258, 2, 24, 39, 7075 }, // U+011A
    { 13, 21, 234, 1, 21, 35, 7114 }, // U+011B
    { 18, 24, 313, 1, 24, 54, 7149 }, // U+011C
    { 15, 26, 268, 1, 20, 49, 7203 }, // U+011D
    { 18, 25, 313, 1, 25, 57, 7252 }, // U+011E
    { 15, 26, 268, 1, 20, 49, 7309 }, // U+011F
    { 18, 24, 313, 1, 24, 54, 7358 }, // U+0120
    { 15, 27, 268, 1, 21, 51, 7412 }, // U+0121
    { 18, 26, 313, 1, 18, 59, 7463 }, // U+0122
    { 15, 29, 268, 1, 23, 55, 7522 }, // U+0123
    { 15, 24, 312, 2, 24, 45, 7577 }, // U+0124
    { 13, 25, 254, 2, 25, 41, 7622 }, // U+0125
    { 19, 18, 328, 1, 18, 43, 7663 }, // U+0126
    { 15, 20, 254, 0, 20, 38, 7706 }, // U+0127
    { 10, 24, 222, 2, 24, 30, 7744 }, // U+0128
    { 10, 20, 116, -1, 20, 25, 7774 }, // U+0129
    { 10, 23, 222, 2, 23, 29, 7799 }, // U+012A
    { 8, 19, 116, 0, 19, 19, 7828 }, // U+012B
    { 10, 24, 222, 2, 24, 30, 7847 }, // U+012C
    { 10, 20, 116, -1, 20, 25, 7877 }, // U+012D
    { 10, 24, 222, 2, 18, 30, 7902 }, // U+012E
    { 7, 26, 116, 1, 20, 23, 7932 }, // U+012F
    { 10, 24, 222, 2, 24, 30, 7955 }, // U+0130
    { 5, 14, 116, 2, 14, 9, 7985 }, // U+0131
    { 27, 18, 488, 2, 18, 61, 7994 }, // U+0132
    { 13, 26, 254, 2, 20, 43, 8055 }, // U+0133
    { 14, 24, 266, 1, 24, 42, 8098 }, // U+0134
    { 10, 26, 126, -1, 20, 33, 8140 }, // U+0135
    { 16, 26, 296, 2, 18, 52, 8173 }, // U+0136
    { 14, 27, 250, 2, 19, 48, 8225 }, // U+0137
    { 14, 14, 252, 2, 14, 25, 8273 }, // U+0138
    { 13, 25, 244, 1, 25, 41, 8298 }, // U+0139
    { 8, 26, 122, 0, 26, 26, 8339 }, // U+013A
    { 12, 26, 244, 2, 18, 39, 8365 }, // U+013B
    { 6, 27, 122, 1, 19, 21, 8404 }, // U+013C
    { 12, 18, 244, 2, 18, 27, 8425 }, // U+013D
    { 11, 19, 162, 2, 19, 27, 8452 }, // U+013E
    { 12, 18, 244, 2, 18, 27, 8479 }, // U+013F
    { 10, 19, 179, 2, 19, 24, 8506 }, // U+0140
    { 15, 18, 250, 0, 18, 34, 8530 }, // U+0141
    { 10, 19, 151, 0, 19, 24, 8564 }, // U+0142
    { 16, 25, 323, 2, 25, 50, 8588 }, // U+0143
    { 13, 21, 254, 2, 21, 35, 8638 }, // U+0144
    { 16, 26, 323, 2, 18, 52, 8673 }, // U+0145
    { 13, 22, 254, 2, 14, 36, 8725 }, // U+0146
    { 16, 24, 323, 2, 24, 48, 8761 }, // U+0147
    { 13, 21, 254, 2, 21, 35, 8809 }, // U+0148
    { 18, 18, 268, -2, 18, 41, 8844 }, // U+0149
    { 16, 24, 323, 2, 18, 48, 8885 }, // U+014A
    { 13, 20, 254, 2, 14, 33, 8933 }, // U+014B
    { 18, 23, 325, 1, 23, 52, 8966 }, // U+014C
    { 15, 20, 256, 1, 20, 38, 9018 }, // U+014D
    { 18, 25, 325, 1, 25, 57, 9056 }, // U+014E
    { 15, 20, 256, 1, 20, 38, 9113 }, // U+014F
    { 18, 25, 325, 1, 25, 57, 9151 }, // U+0150
    { 15, 21, 256, 1, 21, 40, 9208 }, // U+0151
    { 25, 18, 432, 1, 18, 57, 9248 }, // U+0152
    { 25, 14, 401, 1, 14, 44, 9305 }, // U+0153
    { 15, 25, 281, 2, 25, 47, 9349 }, // U+0154
    { 10, 21, 182, 2, 21, 27, 9396 }, // U+0155
    { 15, 26, 281, 2, 18, 49, 9423 }, // U+0156
    { 11, 22, 182, 1, 14, 31, 9472 }, // U+0157
    { 15, 24, 281, 2, 24, 45, 9503 }, // U+0158
    { 10, 21, 182, 2, 21, 27, 9548 }, // U+0159
    { 15, 24, 254, 0, 24, 45, 9575 }, // U+015A
    { 13, 21, 198, 0, 21, 35, 9620 }, // U+015B
    { 15, 24, 254, 0, 24, 45, 9655 }, // U+015C
    { 13, 21, 198, 0, 21, 35, 9700 }, // U+015D
    { 15, 24, 254, 0, 18, 45, 9735 }, // U+015E
    { 12, 20, 198, 0, 14, 30, 9780 }, // U+015F
    { 15, 24, 254, 0, 24, 45, 9810 }, // U+0160
    { 13, 21, 198, 0, 21, 35, 9855 }, // U+0161
    { 15, 24, 262, 1, 18, 45, 9890 }, // U+0162
    { 10, 23, 159, 0, 17, 29, 9935 }, // U+0163
    { 15, 24, 262, 1, 24, 45, 9964 }, // U+0164
    { 13, 22, 159, 0, 22, 36, 10009 }, // U+0165
    { 15, 18, 262, 1, 18, 34, 10045 }, // U+0166
    { 10, 17, 159, 0, 17, 22, 10079 }, // U+0167
    { 15, 24, 306, 2, 24, 45, 10101 }, // U+0168
    { 13, 20, 257, 2, 20, 33, 10146 }, // U+0169
    { 15, 23, 306, 2, 23, 44, 10179 }, // U+016A
    { 13, 20, 257, 2, 20, 33, 10223 }, // U+016B
    { 15, 25, 306, 2, 25, 47, 10256 }, // U+016C
    { 13, 20, 257, 2, 20, 33, 10303 }, // U+016D
    { 15, 24, 306, 2, 24, 45, 10336 }, // U+016E
    { 13, 22, 257, 2, 22, 36, 10381 }, // U+016F
    { 15, 25, 306, 2, 25, 47, 10417 }, // U+0170
    { 13, 22, 257, 2, 22, 36, 10464 }, // U+0171
    { 15, 24, 306, 2, 18, 45, 10500 }, // U+0172
    { 14, 20, 257, 2, 14, 35, 10545 }, // U+0173
    { 26, 24, 397, -1, 24, 78, 10580 }, // U+0174
    { 21, 20, 334, 0, 20, 53, 10658 }, // U+0175
    { 18, 24, 276, 0, 24, 54, 10711 }, // U+0176
    { 16, 26, 248, 0, 20, 52, 10765 }, // U+0177
    { 18, 24, 276, -1, 24, 54, 10817 }, // U+0178
    { 14, 25, 273, 1, 25, 44, 10871 }, // U+0179
    { 11, 22, 220, 1, 22, 31, 10915 }, // U+017A
    { 14, 24, 273, 1, 24, 42, 10946 }, // U+017B
    { 11, 21, 220, 1, 21, 29, 10988 }, // U+017C
    { 14, 24, 273, 1, 24, 42, 11017 }, // U+017D
    { 11, 21, 220, 1, 21, 29, 11059 }, // U+017E
    { 9, 19, 153, 2, 19, 22, 11088 }, // U+017F
    { 18, 21, 325, 1, 21, 48, 11110 }, // U+01A0
    { 15, 17, 256, 1, 17, 32, 11158 }, // U+01A1
    { 18, 22, 306, 2, 22, 50, 11190 }, // U+01AF
    { 15, 17, 257, 2, 17, 32, 11240 }, // U+01B0
    { 32, 24, 564, 2, 24, 96, 11272 }, // U+01C4
    { 29, 21, 528, 2, 21, 77, 11368 }, // U+01C5
    { 28, 21, 482, 1, 21, 74, 11445 }, // U+01C6
    { 28, 18, 510, 2, 18, 63, 11519 }, // U+01C7
    { 20, 26, 370, 2, 20, 65, 11582 }, // U+01C8
    { 12, 26, 242, 2, 20, 39, 11647 }, // U+01C9
    { 33, 18, 589, 2, 18, 75, 11686 }, // U+01CA
    { 25, 26, 449, 2, 20, 82, 11761 }, // U+01CB
    { 21, 26, 380, 2, 20, 69, 11843 }, // U+01CC
    { 19, 24, 278, -1, 24, 57, 11912 }, // U+01CD
    { 14, 21, 264, 1, 21, 37, 11969 }, // U+01CE
    { 10, 24, 222, 2, 24, 30, 12006 }, // U+01CF
    { 10, 21, 116, -1, 21, 27, 12036 }, // U+01D0
    { 18, 24, 325, 1, 24, 54, 12063 }, // U+01D1
    { 15, 21, 256, 1, 21, 40, 12117 }, // U+01D2
    { 15, 24, 306, 2, 24, 45, 12157 }, // U+01D3
    { 13, 21, 257, 2, 21, 35, 12202 }, // U+01D4
    { 15, 26, 302, 2, 26, 49, 12237 }, // U+01D5
    { 13, 22, 260, 2, 22, 36, 12286 }, // U+01D6
    { 15, 27, 302, 2, 27, 51, 12322 }, // U+01D7
    { 13, 23, 260, 2, 23, 38, 12373 }, // U+01D8
    { 15, 27, 302, 2, 27, 51, 12411 }, // U+01D9
    { 13, 23, 260, 2, 23, 38, 12462 }, // U+01DA
    { 15, 27, 302, 2, 27, 51, 12500 }, // U+01DB
    { 13, 23, 260, 2, 23, 38, 12551 }, // U+01DC
    { 13, 14, 239, 1, 14, 23, 12589 }, // U+01DD
    { 19, 26, 277, 0, 26, 62, 12612 }, // U+01DE
    { 12, 22, 240, 1, 22, 33, 12674 }, // U+01DF
    { 18, 26, 277, -1, 26, 59, 12707 }, // U+01E0
    { 12, 22, 240, 1, 22, 33, 12766 }, // U+01E1
    { 23, 22, 381, -1, 22, 64, 12799 }, // U+01E2
    { 21, 18, 367, 1, 18, 48, 12863 }, // U+01E3
    { 16, 18, 290, 1, 18, 36, 12911 }, // U+01E4
    { 14, 20, 254, 1, 14, 35, 12947 }, // U+01E5
    { 18, 24, 313, 1, 24, 54, 12982 }, // U+01E6
    { 15, 27, 268, 1, 21, 51, 13036 }, // U+01E7
    { 15, 24, 264, 2, 24, 45, 13087 }, // U+01E8
    { 18, 25, 248, -2, 25, 57, 13132 }, // U+01E9
    { 18, 24, 325, 1, 18, 54, 13189 }, // U+01EA
    { 15, 20, 256, 1, 14, 38, 13243 }, // U+01EB
    { 17, 28, 316, 1, 22, 60, 13281 }, // U+01EC
    { 13, 24, 250, 1, 18, 39, 13341 }, // U+01ED
    { 14, 24, 236, 0, 24, 42, 13380 }, // U+01EE
    { 13, 25, 232, 0, 19, 41, 13422 }, // U+01EF
    { 11, 25, 119, -1, 19, 35, 13463 }, // U+01F0
    { 32, 18, 564, 2, 18, 72, 13498 }, // U+01F1
    { 29, 18, 528, 2, 18, 66, 13570 }, // U+01F2
    { 26, 19, 450, 1, 19, 62, 13636 }, // U+01F3
    { 15, 24, 290, 1, 24, 45, 13698 }, // U+01F4
    { 13, 25, 253, 1, 19, 41, 13743 }, // U+01F5
    { 22, 18, 419, 2, 18, 50, 13784 }, // U+01F6
    { 13, 24, 270, 2, 18, 39, 13834 }, // U+01F7
    { 16, 24, 322, 2, 24, 48, 13873 }, // U+01F8
    { 13, 19, 260, 2, 19, 31, 13921 }, // U+01F9
    { 18, 30, 278, -1, 30, 68, 13952 }, // U+01FA
    { 14, 29, 264, 1, 29, 51, 14020 }, // U+01FB
    { 27, 25, 430, -1, 25, 85, 14071 }, // U+01FC
    { 21, 21, 360, 1, 21, 56, 14156 }, // U+01FD
    { 18, 26, 323, 1, 24, 59, 14212 }, // U+01FE
    { 15, 22, 256, 1, 21, 42, 14271 }, // U+01FF
    { 19, 25, 278, -1, 25, 60, 14313 }, // U+0200
    { 14, 21, 264, 1, 21, 37, 14373 }, // U+0201
    { 19, 24, 278, -1, 24, 57, 14410 }, // U+0202
    { 14, 21, 264, 1, 21, 37, 14467 }, // U+0203
    { 14, 25, 258, 1, 25, 44, 14504 }, // U+0204
    { 14, 21, 234, 0, 21, 37, 14548 }, // U+0205
    { 13, 24, 258, 2, 24, 39, 14585 }, // U+0206
    { 13, 21, 234, 1, 21, 35, 14624 }, // U+0207
    { 12, 25, 222, 0, 25, 38, 14659 }, // U+0208
    { 13, 22, 116, -4, 22, 36, 14697 }, // U+0209
    { 10, 24, 222, 2, 24, 30, 14733 }, // U+020A
    { 10, 20, 116, -1, 20, 25, 14763 }, // U+020B
    { 18, 25, 325, 1, 25, 57, 14788 }, // U+020C
    { 16, 21, 256, 0, 21, 42, 14845 }, // U+020D
    { 18, 24, 325, 1, 24, 54, 14887 }, // U+020E
    { 15, 21, 256, 1, 21, 40, 14941 }, // U+020F
    { 16, 25, 281, 1, 25, 50, 14981 }, // U+0210
    { 13, 21, 182, -1, 21, 35, 15031 }, // U+0211
    { 15, 24, 281, 2, 24, 45, 15066 }, // U+0212
    { 10, 20, 182, 2, 20, 25, 15111 }, // U+0213
    { 15, 25, 306, 2, 25, 47, 15136 }, // U+0214
    { 14, 22, 257, 1, 22, 39, 15183 }, // U+0215
    { 15, 24, 306, 2, 24, 45, 15222 }, // U+0216
    { 13, 21, 257, 2, 21, 35, 15267 }, // U+0217
    { 15, 26, 254, 0, 18, 49, 15302 }, // U+0218
    { 12, 22, 198, 0, 14, 33, 15351 }, // U+0219
    { 15, 26, 262, 1, 18, 49, 15384 }, // U+021A
    { 10, 25, 159, 0, 17, 32, 15433 }, // U+021B
    { 14, 23, 252, 0, 18, 41, 15465 }, // U+021C
    { 11, 20, 202, 1, 14, 28, 15506 }, // U+021D
    { 15, 24, 306, 2, 24, 45, 15534 }, // U+021E
    { 17, 25, 260, -2, 25, 54, 15579 }, // U+021F
    { 7, 6, 0, 3, 21, 6, 15633 }, // U+0300
    { 7, 6, 0, 3, 21, 6, 15639 }, // U+0301
    { 11, 6, 0, 1, 21, 9, 15645 }, // U+0302
    { 9, 4, 0, 2, 20, 5, 15654 }, // U+0303
    { 8, 3, 0, 2, 19, 3, 15659 }, // U+0304
    { 10, 3, 0, -5, 22, 4, 15662 }, // U+0305
    { 10, 5, 0, 1, 20, 7, 15666 }, // U+0306
    { 5, 4, 0, 4, 20, 3, 15673 }, // U+0307
    { 11, 4, 0, 1, 20, 6, 15676 }, // U+0308
    { 6, 7, 0, 3, 22, 6, 15682 }, // U+0309
    { 6, 6, 0, 3, 21, 5, 15688 }, // U+030A
    { 12, 6, 0, 0, 21, 9, 15693 }, // U+030B
    { 10, 5, 0, 1, 21, 7, 15702 }, // U+030C
    { 3, 4, 0, -1, 19, 2, 15709 }, // U+030D
    { 7, 4, 0, -3, 19, 4, 15711 }, // U+030E
    { 12, 6, 0, 0, 21, 9, 15715 }, // U+030F
    { 9, 6, 0, -5, 21, 7, 15724 }, // U+0310
    { 10, 5, 0, 1, 20, 7, 15731 }, // U+0311
    { 5, 7, 0, 4, 22, 5, 15738 }, // U+0312
    { 6, 6, 0, -3, 18, 5, 15743 }, // U+0313
    { 6, 6, 0, -3, 18, 5, 15748 }, // U+0314
    { 6, 6, 0, -3, 18, 5, 15753 }, // U+0315
    { 9, 4, 0, -5, -1, 5, 15758 }, // U+0316
    { 8, 4, 0, -4, -1, 4, 15763 }, // U+0317
    { 5, 5, 0, -3, 0, 4, 15767 }, // U+0318
    { 5, 5, 0, -2, 0, 4, 15771 }, // U+0319
    { 7, 7, 120, 0, 20, 7, 15775 }, // U+031A
    { 6, 6, 0, 3, 18, 5, 15782 }, // U+031B
    { 4, 6, 0, -1, 0, 3, 15787 }, // U+031C
    { 5, 4, 0, -3, -1, 3, 15790 }, // U+031D
    { 5, 5, 0, -3, -1, 4, 15793 }, // U+031E
    { 5, 5, 0, -3, -1, 4, 15797 }, // U+031F
    { 5, 2, 0, -3, -2, 2, 15801 }, // U+0320
    { 6, 8, 0, -6, 2, 6, 15803 }, // U+0321
    { 6, 8, 0, 0, 2, 6, 15809 }, // U+0322
    { 5, 4, 0, 4, -2, 3, 15815 }, // U+0323
    { 11, 4, 0, 1, -2, 6, 15818 }, // U+0324
    { 6, 6, 0, -3, 0, 5, 15824 }, // U+0325
    { 6, 7, 0, 3, -1, 6, 15829 }, // U+0326
    { 6, 7, 0, 3, 1, 6, 15835 }, // U+0327
    { 7, 7, 0, 3, 2, 7, 15841 }, // U+0328
    { 3, 4, 0, -1, -1, 2, 15848 }, // U+0329
    { 9, 5, 0, -4, -1, 6, 15850 }, // U+032A
    { 10, 4, 0, -5, -1, 5, 15856 }, // U+032B
    { 11, 4, 0, -5, -1, 6, 15861 }, // U+032C
    { 11, 4, 0, -6, -1, 6, 15867 }, // U+032D
    { 10, 5, 0, 1, -1, 7, 15873 }, // U+032E
    { 11, 5, 0, -5, -1, 7, 15880 }, // U+032F
    { 12, 4, 0, -6, -1, 6, 15887 }, // U+0330
    { 8, 4, 0, 2, -1, 4, 15893 }, // U+0331
    { 12, 2, 0, -6, -2, 3, 15897 }, // U+0332
    { 10, 5, 0, -6, -1, 7, 15900 }, // U+0333
    { 11, 4, 0, -5, 9, 6, 15907 }, // U+0334
    { 8, 4, 0, 2, 10, 4, 15913 }, // U+0335
    { 18, 3, 0, -9, 9, 7, 15917 }, // U+0336
    { 10, 8, 0, -5, 11, 10, 15924 }, // U+0337
    { 12, 21, 0, -6, 20, 32, 15934 }, // U+0338
    { 4, 6, 0, -2, 0, 3, 15966 }, // U+0339
    { 9, 5, 0, -4, 0, 6, 15969 }, // U+033A
    { 10, 6, 0, -5, 0, 8, 15975 }, // U+033B
    { 10, 3, 0, -5, -2, 4, 15983 }, // U+033C
    { 6, 6, 0, -3, 20, 5, 15987 }, // U+033D
    { 5, 8, 0, -2, 22, 5, 15992 }, // U+033E
    { 10, 5, 0, -6, 24, 7, 15997 }, // U+033F
    { 8, 4, 0, -6, 19, 4, 16004 }, // U+0340
    { 8, 4, 0, -2, 19, 4, 16008 }, // U+0341
    { 11, 4, 0, -5, 19, 6, 16012 }, // U+0342
    { 5, 5, 0, -3, 20, 4, 16018 }, // U+0343
    { 13, 4, 0, -5, 19, 7, 16022 }, // U+0344
    { 5, 5, 0, -1, -1, 4, 16029 }, // U+0345
    { 11, 5, 0, -5, 20, 7, 16033 }, // U+0346
    { 10, 5, 0, -6, -1, 7, 16040 }, // U+0347
    { 7, 4, 0, -3, -1, 4, 16047 }, // U+0348
    { 5, 5, 0, -2, -1, 4, 16051 }, // U+0349
    { 10, 6, 0, -5, 19, 8, 16055 }, // U+034A
    { 10, 10, 0, -5, 24, 13, 16063 }, // U+034B
    { 10, 6, 0, -5, 21, 8, 16076 }, // U+034C
    { 10, 6, 0, -5, 0, 8, 16084 }, // U+034D
    { 6, 6, 0, -3, 0, 5, 16092 }, // U+034E
    { 0, 0, 0, 0, 0, 0, 16097 }, // U+034F
    { 4, 5, 0, -2, 20, 3, 16097 }, // U+0350
    { 4, 6, 0, -1, 21, 3, 16100 }, // U+0351
    { 9, 7, 0, -4, 22, 8, 16103 }, // U+0352
    { 6, 6, 0, -3, 0, 5, 16111 }, // U+0353
    { 4, 5, 0, -2, -1, 3, 16116 }, // U+0354
    { 4, 5, 0, -2, -1, 3, 16119 }, // U+0355
    { 10, 5, 0, -4, -1, 7, 16122 }, // U+0356
    { 4, 6, 0, -2, 21, 3, 16129 }, // U+0357
    { 4, 4, 0, 2, 19, 2, 16132 }, // U+0358
    { 6, 6, 0, -3, -1, 5, 16134 }, // U+0359
    { 10, 6, 0, -6, -1, 8, 16139 }, // U+035A
    { 6, 5, 0, -3, 20, 4, 16147 }, // U+035B
    { 20, 5, 0, -10, -1, 13, 16151 }, // U+035C
    { 20, 5, 0, -10, 20, 13, 16164 }, // U+035D
    { 15, 2, 0, -7, 17, 4, 16177 }, // U+035E
    { 15, 2, 0, -7, -1, 4, 16181 }, // U+035F
    { 20, 4, 0, -10, 19, 10, 16185 }, // U+0360
    { 20, 6, 0, -10, 22, 15, 16195 }, // U+0361
    { 20, 6, 0, -9, 0, 15, 16210 }, // U+0362
    { 6, 7, 0, -3, 22, 6, 16225 }, // U+0363
    { 6, 6, 0, -2, 21, 5, 16231 }, // U+0364
    { 2, 8, 0, 0, 24, 2, 16236 }, // U+0365
    { 6, 6, 0, -3, 22, 5, 16238 }, // U+0366
    { 6, 6, 0, -3, 21, 5, 16243 }, // U+0367
    { 6, 6, 0, -2, 22, 5, 16248 }, // U+0368
    { 6, 8, 0, -3, 24, 6, 16253 }, // U+0369
    { 6, 8, 0, -2, 24, 6, 16259 }, // U+036A
    { 10, 5, 0, -4, 21, 7, 16265 }, // U+036B
    { 5, 5, 0, -1, 21, 4, 16272 }, // U+036C
    { 5, 8, 0, -2, 23, 5, 16276 }, // U+036D
    { 7, 6, 0, -3, 22, 6, 16281 }, // U+036E
    { 8, 5, 0, -4, 21, 5, 16287 }, // U+036F
    { 11, 24, 224, 2, 24, 33, 16292 }, // U+0400
    { 11, 23, 224, 2, 23, 32, 16325 }, // U+0401
    { 18, 18, 306, 1, 18, 41, 16357 }, // U+0402
    { 11, 24, 225, 2, 24, 33, 16398 }, // U+0403
    { 15, 18, 260, 1, 18, 34, 16431 }, // U+0404
    { 12, 18, 219, 1, 18, 27, 16465 }, // U+0405
    { 4, 18, 129, 2, 18, 9, 16492 }, // U+0406
    { 8, 24, 132, 1, 24, 24, 16501 }, // U+0407
    { 8, 23, 132, -2, 18, 23, 16525 }, // U+0408
    { 25, 18, 414, 1, 18, 57, 16548 }, // U+0409
    { 23, 18, 425, 2, 18, 52, 16605 }, // U+040A
    { 17, 18, 311, 1, 18, 39, 16657 }, // U+040B
    { 16, 24, 274, 2, 24, 48, 16696 }, // U+040C
    { 15, 24, 316, 2, 24, 45, 16744 }, // U+040D
    { 17, 24, 258, 0, 24, 51, 16789 }, // U+040E
    { 15, 22, 306, 2, 18, 42, 16840 }, // U+040F
    { 18, 18, 277, 0, 18, 41, 16882 }, // U+0410
    { 13, 18, 260, 2, 18, 30, 16923 }, // U+0411
    { 13, 18, 265, 2, 18, 30, 16953 }, // U+0412
    { 11, 18, 225, 2, 18, 25, 16983 }, // U+0413
    { 19, 23, 310, 1, 18, 55, 17008 }, // U+0414
    { 11, 18, 224, 2, 18, 25, 17063 }, // U+0415
    { 26, 18, 399, -1, 18, 59, 17088 }, // U+0416
    { 13, 18, 237, 0, 18, 30, 17147 }, // U+0417
    { 15, 18, 316, 2, 18, 34, 17177 }, // U+0418
    { 15, 24, 316, 2, 24, 45, 17211 }, // U+0419
    { 15, 18, 277, 2, 18, 34, 17256 }, // U+041A
    { 17, 18, 293, 0, 18, 39, 17290 }, // U+041B
    { 19, 18, 377, 2, 18, 43, 17329 }, // U+041C
    { 15, 18, 308, 2, 18, 34, 17372 }, // U+041D
    { 17, 18, 311, 1, 18, 39, 17406 }, // U+041E
    { 15, 18, 305, 2, 18, 34, 17445 }, // U+041F
    { 12, 18, 249, 2, 18, 27, 17479 }, // U+0420
    { 15, 18, 258, 1, 18, 34, 17506 }, // U+0421
    { 13, 18, 231, 1, 18, 30, 17540 }, // U+0422
    { 17, 18, 258, 0, 18, 39, 17570 }, // U+0423
    { 20, 18, 361, 1, 18, 45, 17609 }, // U+0424
    { 17, 18, 267, 0, 18, 39, 17654 }, // U+0425
    { 17, 23, 310, 2, 18, 49, 17693 }, // U+0426
    { 14, 18, 288, 2, 18, 32, 17742 }, // U+0427
    { 23, 18, 427, 2, 18, 52, 17774 }, // U+0428
    { 25, 23, 430, 2, 18, 72, 17826 }, // U+0429
    { 18, 18, 302, 0, 18, 41, 17898 }, // U+042A
    { 19, 18, 368, 2, 18, 43, 17939 }, // U+042B
    { 13, 18, 258, 2, 18, 30, 17982 }, // U+042C
    { 15, 18, 262, 0, 18, 34, 18012 }, // U+042D
    { 22, 18, 407, 2, 18, 50, 18046 }, // U+042E
    { 15, 18, 272, 0, 18, 34, 18096 }, // U+042F
    { 12, 14, 238, 1, 14, 21, 18130 }, // U+0430
    { 13, 20, 250, 1, 20, 33, 18151 }, // U+0431
    { 12, 14, 238, 2, 14, 21, 18184 }, // U+0432
    { 10, 14, 190, 2, 14, 18, 18205 }, // U+0433
    { 16, 18, 255, 1, 14, 36, 18223 }, // U+0434
    { 13, 14, 234, 1, 14, 23, 18259 }, // U+0435
    { 22, 14, 346, 0, 14, 39, 18282 }, // U+0436
    { 12, 14, 206, 0, 14, 21, 18321 }, // U+0437
    { 13, 14, 270, 2, 14, 23, 18342 }, // U+0438
    { 13, 20, 270, 2, 20, 33, 18365 }, // U+0439
    { 14, 14, 246, 2, 14, 25, 18398 }, // U+043A
    { 14, 14, 249, 1, 14, 25, 18423 }, // U+043B
    { 17, 14, 335, 2, 14, 30, 18448 }, // U+043C
    { 13, 14, 262, 2, 14, 23, 18478 }, // U+043D
    { 13, 14, 248, 1, 14, 23, 18501 }, // U+043E
    { 12, 14, 260, 2, 14, 21, 18524 }, // U+043F
    { 13, 20, 254, 2, 14, 33, 18545 }, // U+0440
    { 11, 14, 210, 1, 14, 20, 18578 }, // U+0441
    { 12, 14, 202, 1, 14, 21, 18598 }, // U+0442
    { 15, 20, 228, 0, 14, 38, 18619 }, // U+0443
    { 18, 25, 324, 1, 19, 57, 18657 }, // U+0444
    { 15, 14, 231, 0, 14, 27, 18714 }, // U+0445
    { 14, 18, 260, 2, 14, 32, 18741 }, // U+0446
    { 13, 14, 255, 1, 14, 23, 18773 }, // U+0447
    { 20, 14, 381, 2, 14, 35, 18796 }, // U+0448
    { 22, 18, 382, 2, 14, 50, 18831 }, // U+0449
    { 16, 14, 268, 0, 14, 28, 18881 }, // U+044A
    { 17, 14, 342, 2, 14, 30, 18909 }, // U+044B
    { 12, 14, 236, 2, 14, 21, 18939 }, // U+044C
    { 12, 14, 210, 0, 14, 21, 18960 }, // U+044D
    { 18, 14, 340, 2, 14, 32, 18981 }, // U+044E
    { 14, 14, 242, -1, 14, 25, 19013 }, // U+044F
    { 13, 20, 234, 1, 20, 33, 19038 }, // U+0450
    { 13, 19, 234, 1, 19, 31, 19071 }, // U+0451
    { 15, 25, 261, 0, 19, 47, 19102 }, // U+0452
    { 10, 20, 192, 2, 20, 25, 19149 }, // U+0453
    { 11, 14, 210, 1, 14, 20, 19174 }, // U+0454
    { 11, 14, 199, 1, 14, 20, 19194 }, // U+0455
    { 4, 19, 123, 2, 19, 10, 19214 }, // U+0456
    { 7, 19, 120, 1, 19, 17, 19224 }, // U+0457
    { 7, 25, 119, -1, 19, 22, 19241 }, // U+0458
    { 21, 14, 359, 1, 14, 37, 19263 }, // U+0459
    { 20, 14, 370, 2, 14, 35, 19300 }, // U+045A
    { 15, 19, 261, 0, 19, 36, 19335 }, // U+045B
    { 14, 20, 246, 2, 20, 35, 19371 }, // U+045C
    { 13, 20, 270, 2, 20, 33, 19406 }, // U+045D
    { 15, 26, 228, 0, 20, 49, 19439 }, // U+045E
    { 12, 18, 260, 2, 14, 27, 19488 }, // U+045F
    { 23, 18, 381, 1, 18, 52, 19515 }, // U+0460
    { 21, 14, 354, 1, 14, 37, 19567 }, // U+0461
    { 16, 18, 269, 0, 18, 36, 19604 }, // U+0462
    { 16, 17, 266, 1, 17, 34, 19640 }, // U+0463
    { 21, 18, 380, 2, 18, 48, 19674 }, // U+0464
    { 18, 14, 321, 2, 14, 32, 19722 }, // U+0465
    { 20, 18, 292, -1, 18, 45, 19754 }, // U+0466
    { 18, 14, 256, -1, 14, 32, 19799 }, // U+0467
    { 24, 18, 402, 2, 18, 54, 19831 }, // U+0468
    { 22, 14, 361, 2, 14, 39, 19885 }, // U+0469
    { 20, 18, 322, 0, 18, 45, 19924 }, // U+046A
    { 16, 14, 249, -1, 14, 28, 19969 }, // U+046B
    { 25, 18, 429, 2, 18, 57, 19997 }, // U+046C
    { 20, 14, 352, 2, 14, 35, 20054 }, // U+046D
    { 14, 28, 253, 1, 22, 49, 20089 }, // U+046E
    { 13, 23, 222, 1, 17, 38, 20138 }, // U+046F
    { 18, 18, 352, 2, 18, 41, 20176 }, // U+0470
    { 18, 25, 337, 2, 19, 57, 20217 }, // U+0471
    { 17, 18, 316, 1, 18, 39, 20274 }, // U+0472
    { 13, 14, 248, 1, 14, 23, 20313 }, // U+0473
    { 18, 18, 287, 0, 18, 41, 20336 }, // U+0474
    { 16, 14, 242, -1, 14, 28, 20377 }, // U+0475
    { 18, 23, 287, 0, 23, 52, 20405 }, // U+0476
    { 16, 19, 242, -1, 19, 38, 20457 }, // U+0477
    { 32, 24, 528, 1, 18, 96, 20495 }, // U+0478
    { 29, 20, 470, 1, 14, 73, 20591 }, // U+0479
    { 18, 21, 332, 1, 19, 48, 20664 }, // U+047A
    { 15, 17, 274, 1, 16, 32, 20712 }, // U+047B
    { 24, 27, 435, 1, 27, 81, 20744 }, // U+047C
    { 21, 23, 383, 1, 23, 61, 20825 }, // U+047D
    { 23, 23, 382, 1, 23, 67, 20886 }, // U+047E
    { 21, 19, 354, 1, 19, 50, 20953 }, // U+047F
    { 15, 24, 271, 1, 18, 45, 21003 }, // U+0480
    { 12, 20, 210, 1, 14, 30, 21048 }, // U+0481
    { 13, 17, 244, 1, 16, 28, 21078 }, // U+0482
    { 10, 5, 0, -12, 18, 7, 21106 }, // U+0483
    { 10, 4, 0, -12, 19, 5, 21113 }, // U+0484
    { 4, 5, 0, -8, 20, 3, 21118 }, // U+0485
    { 5, 5, 0, -9, 20, 4, 21121 }, // U+0486
    { 10, 4, 0, -5, 23, 5, 21125 }, // U+0487
    { 29, 27, 0, -15, 20, 98, 21130 }, // U+0488
    { 27, 28, 0, -14, 21, 95, 21228 }, // U+0489
    { 21, 29, 366, 2, 24, 77, 21323 }, // U+048A
    { 18, 25, 321, 2, 20, 57, 21400 }, // U+048B
    { 14, 18, 255, 1, 18, 32, 21457 }, // U+048C
    { 15, 19, 246, 1, 19, 36, 21489 }, // U+048D
    { 12, 18, 251, 2, 18, 27, 21525 }, // U+048E
    { 13, 20, 253, 2, 14, 33, 21552 }, // U+048F
    { 12, 22, 231, 2, 22, 33, 21585 }, // U+0490
    { 10, 18, 205, 2, 18, 23, 21618 }, // U+0491
    { 13, 18, 224, 1, 18, 30, 21641 }, // U+0492
    { 12, 14, 196, 1, 14, 21, 21671 }, // U+0493
    { 15, 24, 294, 2, 18, 45, 21692 }, // U+0494
    { 12, 20, 241, 2, 14, 30, 21737 }, // U+0495
    { 26, 23, 412, -1, 18, 75, 21767 }, // U+0496
    { 24, 19, 374, -1, 14, 57, 21842 }, // U+0497
    { 13, 24, 237, 1, 18, 39, 21899 }, // U+0498
    { 12, 20, 206, 0, 14, 30, 21938 }, // U+0499
    { 16, 23, 302, 2, 18, 46, 21968 }, // U+049A
    { 15, 19, 263, 2, 14, 36, 22014 }, // U+049B
    { 15, 18, 268, 2, 18, 34, 22050 }, // U+049C
    { 14, 14, 248, 2, 14, 25, 22084 }, // U+049D
    { 18, 18, 277, 0, 18, 41, 22109 }, // U+049E
    { 16, 19, 251, 1, 19, 38, 22150 }, // U+049F
    { 19, 18, 293, 0, 18, 43, 22188 }, // U+04A0
    { 19, 14, 278, 0, 14, 34, 22231 }, // U+04A1
    { 18, 23, 336, 2, 18, 52, 22265 }, // U+04A2
    { 16, 19, 297, 2, 14, 38, 22317 }, // U+04A3
    { 19, 18, 334, 2, 18, 43, 22355 }, // U+04A4
    { 17, 14, 303, 2, 14, 30, 22398 }, // U+04A5
    { 25, 24, 450, 2, 18, 75, 22428 }, // U+04A6
    { 20, 20, 356, 2, 14, 50, 22503 }, // U+04A7
    { 17, 19, 311, 1, 18, 41, 22553 }, // U+04A8
    { 15, 15, 262, 1, 14, 29, 22594 }, // U+04A9
    { 14, 24, 257, 1, 18, 42, 22623 }, // U+04AA
    { 11, 20, 206, 1, 14, 28, 22665 }, // U+04AB
    { 13, 23, 232, 1, 18, 38, 22693 }, // U+04AC
    { 13, 19, 220, 1, 14, 31, 22731 }, // U+04AD
    { 16, 18, 250, 0, 18, 36, 22762 }, // U+04AE
    { 16, 20, 230, -1, 14, 40, 22798 }, // U+04AF
    { 18, 18, 250, -1, 18, 41, 22838 }, // U+04B0
    { 15, 20, 230, 0, 14, 38, 22879 }, // U+04B1
    { 19, 23, 297, -1, 18, 55, 22917 }, // U+04B2
    { 16, 19, 254, 0, 14, 38, 22972 }, // U+04B3
    { 22, 24, 372, 1, 18, 66, 23010 }, // U+04B4
    { 19, 20, 316, 1, 14, 48, 23076 }, // U+04B5
    { 18, 23, 322, 1, 18, 52, 23124 }, // U+04B6
    { 17, 19, 290, 1, 14, 41, 23176 }, // U+04B7
    { 15, 18, 294, 2, 18, 34, 23217 }, // U+04B8
    { 13, 14, 264, 1, 14, 23, 23251 }, // U+04B9
    { 15, 18, 294, 2, 18, 34, 23274 }, // U+04BA
    { 13, 19, 260, 2, 19, 31, 23308 }, // U+04BB
    { 22, 18, 379, 0, 18, 50, 23339 }, // U+04BC
    { 17, 14, 283, 0, 14, 30, 23389 }, // U+04BD
    { 22, 23, 379, 0, 18, 64, 23419 }, // U+04BE
    { 17, 19, 283, 0, 14, 41, 23483 }, // U+04BF
    { 8, 18, 156, 1, 18, 18, 23524 }, // U+04C0
    { 26, 24, 400, -1, 24, 78, 23542 }, // U+04C1
    { 22, 20, 346, 0, 20, 55, 23620 }, // U+04C2
    { 16, 24, 304, 2, 18, 48, 23675 }, // U+04C3
    { 14, 20, 261, 2, 14, 35, 23723 }, // U+04C4
    { 21, 23, 335, 0, 18, 61, 23758 }, // U+04C5
    { 19, 20, 291, 0, 14, 48, 23819 }, // U+04C6
    { 15, 24, 306, 2, 18, 45, 23867 }, // U+04C7
    { 13, 20, 265, 2, 14, 33, 23912 }, // U+04C8
    { 19, 23, 343, 2, 18, 55, 23945 }, // U+04C9
    { 17, 19, 298, 2, 14, 41, 24000 }, // U+04CA
    { 15, 23, 294, 2, 18, 44, 24041 }, // U+04CB
    { 13, 19, 262, 1, 14, 31, 24085 }, // U+04CC
    { 24, 23, 414, 2, 18, 69, 24116 }, // U+04CD
    { 21, 19, 370, 2, 14, 50, 24185 }, // U+04CE
    { 8, 18, 156, 1, 18, 18, 24235 }, // U+04CF
    { 18, 24, 277, 0, 24, 54, 24253 }, // U+04D0
    { 12, 20, 240, 1, 20, 30, 24307 }, // U+04D1
    { 19, 23, 277, -1, 23, 55, 24337 }, // U+04D2
    { 12, 19, 240, 1, 19, 29, 24392 }, // U+04D3
    { 23, 18, 381, 0, 18, 52, 24421 }, // U+04D4
    { 21, 14, 367, 1, 14, 37, 24473 }, // U+04D5
    { 11, 24, 224, 2, 24, 33, 24510 }, // U+04D6
    { 13, 20, 239, 1, 20, 33, 24543 }, // U+04D7
    { 17, 18, 327, 2, 18, 39, 24576 }, // U+04D8
    { 13, 14, 239, 1, 14, 23, 24615 }, // U+04D9
    { 17, 23, 327, 2, 23, 49, 24638 }, // U+04DA
    { 13, 19, 239, 1, 19, 31, 24687 }, // U+04DB
    { 25, 23, 400, 0, 23, 72, 24718 }, // U+04DC
    { 23, 19, 346, -1, 19, 55, 24790 }, // U+04DD
    { 13, 23, 237, 1, 23, 38, 24845 }, // U+04DE
    { 12, 19, 206, 0, 19, 29, 24883 }, // U+04DF
    { 14, 18, 236, 0, 18, 32, 24912 }, // U+04E0
    { 13, 20, 232, 0, 14, 33, 24944 }, // U+04E1
    { 15, 22, 316, 2, 22, 42, 24977 }, // U+04E2
    { 13, 18, 270, 2, 18, 30, 25019 }, // U+04E3
    { 15, 23, 316, 2, 23, 44, 25049 }, // U+04E4
    { 13, 19, 270, 2, 19, 31, 25093 }, // U+04E5
    { 17, 23, 316, 1, 23, 49, 25124 }, // U+04E6
    { 13, 19, 250, 1, 19, 31, 25173 }, // U+04E7
    { 17, 18, 316, 1, 18, 39, 25204 }, // U+04E8
    { 13, 14, 250, 1, 14, 23, 25243 }, // U+04E9
    { 17, 23, 316, 1, 23, 49, 25266 }, // U+04EA
    { 13, 19, 250, 1, 19, 31, 25315 }, // U+04EB
    { 15, 23, 261, 0, 23, 44, 25346 }, // U+04EC
    { 12, 19, 210, 0, 19, 29, 25390 }, // U+04ED
    { 16, 22, 258, 0, 22, 44, 25419 }, // U+04EE
    { 14, 24, 228, 0, 18, 42, 25463 }, // U+04EF
    { 17, 23, 258, 0, 23, 49, 25505 }, // U+04F0
    { 15, 25, 228, 0, 19, 47, 25554 }, // U+04F1
    { 17, 24, 258, 0, 24, 51, 25601 }, // U+04F2
    { 15, 25, 228, 0, 19, 47, 25652 }, // U+04F3
    { 14, 23, 288, 2, 23, 41, 25699 }, // U+04F4
    { 13, 19, 255, 1, 19, 31, 25740 }, // U+04F5
    { 12, 23, 224, 2, 18, 35, 25771 }, // U+04F6
    { 10, 19, 191, 2, 14, 24, 25806 }, // U+04F7
    { 19, 23, 368, 2, 23, 55, 25830 }, // U+04F8
    { 17, 19, 342, 2, 19, 41, 25885 }, // U+04F9
    { 13, 24, 224, 1, 18, 39, 25926 }, // U+04FA
    { 12, 20, 196, 1, 14, 30, 25965 }, // U+04FB
    { 19, 24, 292, -1, 18, 57, 25995 }, // U+04FC
    { 16, 20, 258, -1, 14, 40, 26052 }, // U+04FD
    { 18, 18, 268, -1, 18, 41, 26092 }, // U+04FE
    { 16, 14, 231, -1, 14, 28, 26133 }, // U+04FF
    { 17, 15, 270, 0, 15, 32, 26161 }, // U+05D0
    { 14, 15, 238, 1, 15, 27, 26193 }, // U+05D1
    { 10, 16, 165, 0, 15, 20, 26220 }, // U+05D2
    { 14, 15, 228, 0, 15, 27, 26240 }, // U+05D3
    { 15, 15, 263, 1, 15, 29, 26267 }, // U+05D4
    { 7, 15, 135, 0, 15, 14, 26296 }, // U+05D5
    { 8, 15, 148, 1, 15, 15, 26310 }, // U+05D6
    { 16, 15, 275, 0, 15, 30, 26325 }, // U+05D7
    { 14, 15, 264, 1, 15, 27, 26355 }, // U+05D8
    { 7, 9, 133, 0, 15, 8, 26382 }, // U+05D9
    { 13, 20, 228, 0, 15, 33, 26390 }, // U+05DA
    { 12, 15, 211, 0, 15, 23, 26423 }, // U+05DB
    { 13, 19, 222, 1, 19, 31, 26446 }, // U+05DC
    { 16, 15, 281, 0, 15, 30, 26477 }, // U+05DD
    { 17, 15, 281, 0, 15, 32, 26507 }, // U+05DE
    { 7, 20, 142, 0, 15, 18, 26539 }, // U+05DF
    { 8, 15, 162, 0, 15, 15, 26557 }, // U+05E0
    { 15, 15, 272, 1, 15, 29, 26572 }, // U+05E1
    { 14, 18, 252, 1, 16, 32, 26601 }, // U+05E2
    { 14, 20, 262, 1, 15, 35, 26633 }, // U+05E3
    { 14, 15, 251, 1, 15, 27, 26668 }, // U+05E4
    { 14, 20, 235, 0, 15, 35, 26695 }, // U+05E5
    { 14, 15, 237, 0, 15, 27, 26730 }, // U+05E6
    { 15, 20, 262, 1, 15, 38, 26757 }, // U+05E7
    { 12, 15, 217, 0, 15, 23, 26795 }, // U+05E8
    { 17, 15, 315, 1, 15, 32, 26818 }, // U+05E9
    { 16, 15, 289, 1, 15, 30, 26850 }, // U+05EA
    { 19, 24, 278, -1, 18, 57, 26880 }, // U+1EA0
    { 14, 20, 264, 1, 14, 35, 26937 }, // U+1EA1
    { 18, 26, 278, 0, 26, 59, 26972 }, // U+1EA2
    { 14, 22, 264, 1, 22, 39, 27031 }, // U+1EA3
    { 19, 29, 278, -1, 29, 69, 27070 }, // U+1EA4
    { 16, 26, 264, 1, 26, 52, 27139 }, // U+1EA5
    { 19, 29, 278, -1, 29, 69, 27191 }, // U+1EA6
    { 14, 26, 264, 1, 26, 46, 27260 }, // U+1EA7
    { 19, 29, 278, -1, 29, 69, 27306 }, // U+1EA8
    { 15, 26, 264, 1, 26, 49, 27375 }, // U+1EA9
    { 19, 28, 278, -1, 28, 67, 27424 }, // U+1EAA
    { 14, 25, 264, 1, 25, 44, 27491 }, // U+1EAB
    { 19, 30, 278, -1, 24, 72, 27535 }, // U+1EAC
    { 14, 26, 264, 1, 20, 46, 27607 }, // U+1EAD
    { 19, 28, 278, -1, 28, 67, 27653 }, // U+1EAE
    { 14, 26, 264, 1, 26, 46, 27720 }, // U+1EAF
    { 19, 28, 278, -1, 28, 67, 27766 }, // U+1EB0
    { 14, 26, 264, 1, 26, 46, 27833 }, // U+1EB1
    { 18, 29, 278, 0, 29, 66, 27879 }, // U+1EB2
    { 14, 26, 264, 1, 26, 46, 27945 }, // U+1EB3
    { 19, 29, 278, -1, 29, 69, 27991 }, // U+1EB4
    { 14, 26, 264, 1, 26, 46, 28060 }, // U+1EB5
    { 19, 30, 278, -1, 24, 72, 28106 }, // U+1EB6
    { 14, 26, 264, 1, 20, 46, 28178 }, // U+1EB7
    { 13, 24, 258, 2, 18, 39, 28224 }, // U+1EB8
    { 13, 20, 234, 1, 14, 33, 28263 }, // U+1EB9
    { 13, 26, 258, 2, 26, 43, 28296 }, // U+1EBA
    { 13, 22, 234, 1, 22, 36, 28339 }, // U+1EBB
    { 13, 24, 258, 2, 24, 39, 28375 }, // U+1EBC
    { 13, 20, 234, 1, 20, 33, 28414 }, // U+1EBD
    { 15, 29, 258, 2, 29, 55, 28447 }, // U+1EBE
    { 15, 26, 234, 1, 26, 49, 28502 }, // U+1EBF
    { 13, 29, 258, 2, 29, 48, 28551 }, // U+1EC0
    { 13, 26, 234, 1, 26, 43, 28599 }, // U+1EC1
    { 14, 29, 258, 2, 29, 51, 28642 }, // U+1EC2
    { 14, 26, 234, 1, 26, 46, 28693 }, // U+1EC3
    { 13, 28, 258, 2, 28, 46, 28739 }, // U+1EC4
    { 13, 25, 234, 1, 25, 41, 28785 }, // U+1EC5
    { 13, 30, 258, 2, 24, 49, 28826 }, // U+1EC6
    { 13, 26, 234, 1, 20, 43, 28875 }, // U+1EC7
    { 10, 26, 222, 2, 26, 33, 28918 }, // U+1EC8
    { 7, 22, 116, 0, 22, 20, 28951 }, // U+1EC9
    { 10, 24, 222, 2, 18, 30, 28971 }, // U+1ECA
    { 5, 26, 128, 2, 20, 17, 29001 }, // U+1ECB
    { 18, 24, 325, 1, 18, 54, 29018 }, // U+1ECC
    { 15, 20, 256, 1, 14, 38, 29072 }, // U+1ECD
    { 18, 26, 325, 1, 26, 59, 29110 }, // U+1ECE
    { 15, 22, 256, 1, 22, 42, 29169 }, // U+1ECF
    { 18, 29, 325, 1, 29, 66, 29211 }, // U+1ED0
    { 15, 26, 256, 1, 26, 49, 29277 }, // U+1ED1
    { 18, 29, 325, 1, 29, 66, 29326 }, // U+1ED2
    { 15, 26, 256, 1, 26, 49, 29392 }, // U+1ED3
    { 18, 29, 325, 1, 29, 66, 29441 }, // U+1ED4
    { 15, 26, 256, 1, 26, 49, 29507 }, // U+1ED5
    { 18, 29, 325, 1, 29, 66, 29556 }, // U+1ED6
    { 15, 25, 256, 1, 25, 47, 29622 }, // U+1ED7
    { 18, 30, 325, 1, 24, 68, 29669 }, // U+1ED8
    { 15, 26, 256, 1, 20, 49, 29737 }, // U+1ED9
    { 18, 25, 325, 1, 25, 57, 29786 }, // U+1EDA
    { 15, 22, 256, 1, 22, 42, 29843 }, // U+1EDB
    { 18, 25, 325, 1, 25, 57, 29885 }, // U+1EDC
    { 15, 22, 256, 1, 22, 42, 29942 }, // U+1EDD
    { 18, 26, 325, 1, 26, 59, 29984 }, // U+1EDE
    { 15, 22, 256, 1, 22, 42, 30043 }, // U+1EDF
    { 18, 24, 325, 1, 24, 54, 30085 }, // U+1EE0
    { 15, 20, 256, 1, 20, 38, 30139 }, // U+1EE1
    { 18, 27, 325, 1, 21, 61, 30177 }, // U+1EE2
    { 15, 23, 256, 1, 17, 44, 30238 }, // U+1EE3
    { 15, 24, 306, 2, 18, 45, 30282 }, // U+1EE4
    { 13, 20, 257, 2, 14, 33, 30327 }, // U+1EE5
    { 15, 26, 306, 2, 26, 49, 30360 }, // U+1EE6
    { 13, 22, 257, 2, 22, 36, 30409 }, // U+1EE7
    { 18, 25, 306, 2, 25, 57, 30445 }, // U+1EE8
    { 15, 22, 257, 2, 22, 42, 30502 }, // U+1EE9
    { 18, 25, 306, 2, 25, 57, 30544 }, // U+1EEA
    { 15, 22, 257, 2, 22, 42, 30601 }, // U+1EEB
    { 18, 26, 306, 2, 26, 59, 30643 }, // U+1EEC
    { 15, 22, 257, 2, 22, 42, 30702 }, // U+1EED
    { 18, 24, 306, 2, 24, 54, 30744 }, // U+1EEE
    { 15, 20, 257, 2, 20, 38, 30798 }, // U+1EEF
    { 18, 27, 306, 2, 21, 61, 30836 }, // U+1EF0
    { 15, 23, 257, 2, 17, 44, 30897 }, // U+1EF1
    { 18, 25, 276, 0, 25, 57, 30941 }, // U+1EF2
    { 16, 28, 248, 0, 22, 56, 30998 }, // U+1EF3
    { 19, 24, 276, -1, 18, 57, 31054 }, // U+1EF4
    { 16, 20, 248, 0, 14, 40, 31111 }, // U+1EF5
    { 18, 26, 276, 0, 26, 59, 31151 }, // U+1EF6
    { 17, 28, 248, -1, 22, 60, 31210 }, // U+1EF7
    { 18, 24, 276, 0, 24, 54, 31270 }, // U+1EF8
    { 17, 26, 248, -1, 20, 56, 31324 }, // U+1EF9
    { 0, 0, 200, 0, 0, 0, 31380 }, // U+2000
    { 0, 0, 400, 0, 0, 0, 31380 }, // U+2001
    { 0, 0, 200, 0, 0, 0, 31380 }, // U+2002
    { 0, 0, 400, 0, 0, 0, 31380 }, // U+2003
    { 0, 0, 133, 0, 0, 0, 31380 }, // U+2004
    { 0, 0, 100, 0, 0, 0, 31380 }, // U+2005
    { 0, 0, 67, 0, 0, 0, 31380 }, // U+2006
    { 0, 0, 220, 0, 0, 0, 31380 }, // U+2007
    { 0, 0, 104, 0, 0, 0, 31380 }, // U+2008
    { 0, 0, 82, 0, 0, 0, 31380 }, // U+2009
    { 0, 0, 41, 0, 0, 0, 31380 }, // U+200A
    { 0, 0, 0, 0, 0, 0, 31380 }, // U+200B
    { 1, 18, 0, 0, 17, 3, 31380 }, // U+200C
    { 7, 19, 0, -3, 18, 17, 31383 }, // U+200D
    { 6, 19, 0, 0, 18, 15, 31400 }, // U+200E
    { 6, 19, 0, -5, 18, 15, 31415 }, // U+200F
    { 9, 4, 179, 1, 10, 5, 31430 }, // U+2010
    { 7, 3, 128, 1, 8, 3, 31435 }, // U+2011
    { 12, 4, 233, 1, 10, 6, 31438 }, // U+2012
    { 12, 4, 238, 1, 10, 6, 31444 }, // U+2013
    { 20, 4, 373, 1, 10, 10, 31450 }, // U+2014
    { 20, 4, 369, 1, 10, 10, 31460 }, // U+2015
    { 9, 25, 220, 2, 19, 29, 31470 }, // U+2016
    { 10, 5, 164, 0, -1, 7, 31499 }, // U+2017
    { 6, 9, 110, 1, 20, 7, 31506 }, // U+2018
    { 6, 9, 110, 0, 19, 7, 31513 }, // U+2019
    { 6, 9, 115, 1, 3, 7, 31520 }, // U+201A
    { 6, 6, 87, 0, 18, 5, 31527 }, // U+201B
    { 12, 9, 202, 1, 20, 14, 31532 }, // U+201C
    { 12, 9, 202, 0, 19, 14, 31546 }, // U+201D
    { 11, 9, 205, 1, 3, 13, 31560 }, // U+201E
    { 11, 6, 178, 0, 18, 9, 31573 }, // U+201F
    { 10, 13, 176, 0, 19, 17, 31582 }, // U+2020
    { 10, 15, 170, 0, 19, 19, 31599 }, // U+2021
    { 7, 7, 138, 1, 13, 7, 31618 }, // U+2022
    { 8, 11, 150, 1, 15, 11, 31625 }, // U+2023
    { 4, 4, 200, 4, 4, 2, 31636 }, // U+2024
    { 12, 4, 230, 1, 4, 6, 31638 }, // U+2025
    { 17, 5, 294, 1, 5, 11, 31644 }, // U+2026
    { 4, 4, 112, 1, 9, 2, 31655 }, // U+2027
    { 0, 0, 240, 0, 0, 0, 31657 }, // U+2028
    { 0, 0, 240, 0, 0, 0, 31657 }, // U+2029
    { 7, 19, 0, -1, 15, 17, 31657 }, // U+202A
    { 6, 19, 0, -5, 15, 15, 31674 }, // U+202B
    { 6, 21, 0, -3, 17, 16, 31689 }, // U+202C
    { 7, 21, 0, -3, 17, 19, 31705 }, // U+202D
    { 6, 21, 0, -3, 17, 16, 31724 }, // U+202E
    { 0, 0, 66, 0, 0, 0, 31740 }, // U+202F
    { 32, 18, 540, 1, 18, 72, 31740 }, // U+2030
    { 40, 18, 667, 1, 18, 90, 31812 }, // U+2031
    { 7, 7, 121, 1, 18, 7, 31902 }, // U+2032
    { 11, 7, 198, 1, 18, 10, 31909 }, // U+2033
    { 18, 6, 298, 1, 18, 14, 31919 }, // U+2034
    { 7, 7, 169, 1, 18, 7, 31933 }, // U+2035
    { 13, 6, 257, 1, 18, 10, 31940 }, // U+2036
    { 18, 6, 346, 1, 18, 14, 31950 }, // U+2037
    { 10, 8, 163, 0, 2, 10, 31964 }, // U+2038
    { 7, 13, 126, 0, 13, 12, 31974 }, // U+2039
    { 7, 13, 126, 1, 13, 12, 31986 }, // U+203A
    { 19, 18, 340, 1, 18, 43, 31998 }, // U+203B
    { 11, 18, 228, 1, 18, 25, 32041 }, // U+203C
    { 13, 18, 191, -1, 18, 30, 32066 }, // U+203D
    { 13, 3, 200, 0, 22, 5, 32096 }, // U+203E
    { 15, 6, 244, 0, 0, 12, 32101 }, // U+203F
    { 15, 6, 244, 0, 20, 12, 32113 }, // U+2040
    { 11, 16, 170, 0, 10, 22, 32125 }, // U+2041
    { 28, 23, 448, 0, 19, 81, 32147 }, // U+2042
    { 7, 3, 128, 1, 8, 3, 32228 }, // U+2043
    { 17, 18, 242, -1, 18, 39, 32231 }, // U+2044
    { 6, 22, 132, 2, 18, 17, 32270 }, // U+2045
    { 7, 22, 132, 0, 18, 20, 32287 }, // U+2046
    { 23, 18, 380, 0, 18, 52, 32307 }, // U+2047
    { 17, 18, 305, 0, 18, 39, 32359 }, // U+2048
    { 17, 18, 305, 1, 18, 39, 32398 }, // U+2049
    { 12, 14, 235, 1, 14, 21, 32437 }, // U+204A
    { 13, 23, 259, 2, 19, 38, 32458 }, // U+204B
    { 13, 13, 262, 1, 14, 22, 32496 }, // U+204C
    { 13, 13, 262, 2, 14, 22, 32518 }, // U+204D
    { 13, 12, 217, 0, 7, 20, 32540 }, // U+204E
    { 5, 17, 114, 1, 14, 11, 32560 }, // U+204F
    { 15, 26, 240, 0, 20, 49, 32571 }, // U+2050
    { 13, 25, 217, 0, 19, 41, 32620 }, // U+2051
    { 11, 18, 169, 0, 18, 25, 32661 }, // U+2052
    { 24, 4, 400, 1, 9, 12, 32686 }, // U+2053
    { 15, 6, 240, 0, 0, 12, 32698 }, // U+2054
    { 13, 13, 224, 1, 13, 22, 32710 }, // U+2055
    { 11, 18, 232, 1, 18, 25, 32732 }, // U+2056
    { 23, 6, 374, 1, 18, 18, 32757 }, // U+2057
    { 18, 18, 349, 1, 18, 41, 32775 }, // U+2058
    { 18, 18, 349, 1, 18, 41, 32816 }, // U+2059
    { 4, 18, 114, 1, 18, 9, 32857 }, // U+205A
    { 15, 20, 277, 1, 20, 38, 32866 }, // U+205B
    { 19, 20, 341, 1, 19, 48, 32904 }, // U+205C
    { 4, 19, 112, 1, 19, 10, 32952 }, // U+205D
    { 4, 18, 114, 1, 18, 9, 32962 }, // U+205E
    { 0, 0, 89, 0, 0, 0, 32971 }, // U+205F
    { 0, 0, 240, 0, 0, 0, 32971 }, // U+2060
    { 0, 0, 240, 0, 0, 0, 32971 }, // U+2061
    { 0, 0, 240, 0, 0, 0, 32971 }, // U+2062
    { 0, 0, 240, 0, 0, 0, 32971 }, // U+2063
    { 0, 0, 240, 0, 0, 0, 32971 }, // U+2064
    { 0, 0, 0, 0, 0, 0, 32971 }, // U+2066
    { 0, 0, 0, 0, 0, 0, 32971 }, // U+2067
    { 0, 0, 0, 0, 0, 0, 32971 }, // U+2068
    { 0, 0, 0, 0, 0, 0, 32971 }, // U+2069
    { 7, 21, 0, -3, 17, 19, 32971 }, // U+206A
    { 7, 21, 0, -3, 17, 19, 32990 }, // U+206B
    { 7, 21, 0, -3, 18, 19, 33009 }, // U+206C
    { 7, 21, 0, -3, 18, 19, 33028 }, // U+206D
    { 7, 21, 0, -3, 18, 19, 33047 }, // U+206E
    { 7, 21, 0, -3, 17, 19, 33066 }, // U+206F
    { 9, 9, 164, 1, 20, 11, 33085 }, // U+2070
    { 3, 12, 78, 1, 19, 5, 33096 }, // U+2071
    { 9, 9, 163, 0, 20, 11, 33101 }, // U+2074
    { 8, 9, 147, 0, 20, 9, 33112 }, // U+2075
    { 8, 9, 151, 1, 20, 9, 33121 }, // U+2076
    { 7, 9, 132, 1, 20, 8, 33130 }, // U+2077
    { 8, 9, 154, 1, 20, 9, 33138 }, // U+2078
    { 8, 9, 147, 1, 20, 9, 33147 }, // U+2079
    { 7, 7, 144, 1, 18, 7, 33156 }, // U+207A
    { 7, 2, 144, 1, 16, 2, 33163 }, // U+207B
    { 7, 5, 144, 1, 18, 5, 33165 }, // U+207C
    { 5, 14, 97, 2, 23, 9, 33170 }, // U+207D
    { 6, 14, 97, -1, 23, 11, 33179 }, // U+207E
    { 8, 8, 169, 1, 15, 8, 33190 }, // U+207F
    { 9, 10, 164, 1, 5, 12, 33198 }, // U+2080
    { 6, 9, 116, 0, 4, 7, 33210 }, // U+2081
    { 8, 10, 146, 0, 5, 10, 33217 }, // U+2082
    { 8, 9, 142, 0, 4, 9, 33227 }, // U+2083
    { 9, 9, 163, 0, 4, 11, 33236 }, // U+2084
    { 8, 9, 147, 0, 4, 9, 33247 }, // U+2085
    { 8, 10, 151, 1, 5, 10, 33256 }, // U+2086
    { 7, 9, 132, 1, 4, 8, 33266 }, // U+2087
    { 8, 10, 154, 1, 5, 10, 33274 }, // U+2088
    { 8, 10, 147, 1, 5, 10, 33284 }, // U+2089
    { 7, 7, 144, 1, 6, 7, 33294 }, // U+208A
    { 7, 2, 144, 1, 3, 2, 33301 }, // U+208B
    { 7, 5, 144, 1, 5, 5, 33303 }, // U+208C
    { 5, 14, 97, 2, 9, 9, 33308 }, // U+208D
    { 6, 14, 97, -1, 9, 11, 33317 }, // U+208E
    { 8, 8, 156, 1, 6, 8, 33328 }, // U+2090
    { 9, 8, 155, 1, 6, 9, 33336 }, // U+2091
    { 9, 8, 162, 1, 6, 9, 33345 }, // U+2092
    { 10, 8, 150, 0, 6, 10, 33354 }, // U+2093
    { 8, 8, 155, 1, 6, 8, 33364 }, // U+2094
    { 8, 11, 169, 1, 9, 11, 33372 }, // U+2095
    { 9, 11, 158, 1, 9, 13, 33383 }, // U+2096
    { 3, 11, 78, 1, 9, 5, 33396 }, // U+2097
    { 14, 8, 254, 1, 6, 14, 33401 }, // U+2098
    { 8, 8, 169, 1, 6, 8, 33415 }, // U+2099
    { 10, 12, 164, 1, 6, 15, 33423 }, // U+209A
    { 8, 8, 130, 0, 6, 8, 33438 }, // U+209B
    { 6, 10, 110, 1, 8, 8, 33446 }, // U+209C
    { 13, 18, 229, 1, 18, 30, 33454 }, // U+20A0
    { 16, 23, 278, 1, 20, 46, 33484 }, // U+20A1
    { 14, 18, 229, 1, 18, 32, 33530 }, // U+20A2
    { 14, 18, 247, 0, 18, 32, 33562 }, // U+20A3
    { 16, 18, 254, 0, 18, 36, 33594 }, // U+20A4
    { 21, 20, 390, 2, 17, 53, 33630 }, // U+20A5
    { 21, 18, 342, 0, 18, 48, 33683 }, // U+20A6
    { 17, 18, 314, 1, 18, 39, 33731 }, // U+20A7
    { 21, 18, 367, 2, 18, 48, 33770 }, // U+20A8
    { 26, 18, 404, 0, 18, 59, 33818 }, // U+20A9
    { 18, 15, 346, 2, 15, 34, 33877 }, // U+20AA
    { 12, 18, 218, 1, 18, 27, 33911 }, // U+20AB
    { 16, 18, 272, 1, 18, 36, 33938 }, // U+20AC
    { 18, 18, 306, 1, 18, 41, 33974 }, // U+20AD
    { 13, 18, 229, 1, 18, 30, 34015 }, // U+20AE
    { 24, 24, 404, 0, 18, 72, 34045 }, // U+20AF
    { 14, 24, 244, 0, 18, 42, 34117 }, // U+20B0
    { 17, 18, 312, 1, 18, 39, 34159 }, // U+20B1
    { 18, 24, 313, 1, 21, 54, 34198 }, // U+20B2
    { 18, 18, 260, 0, 18, 41, 34252 }, // U+20B3
    { 14, 18, 229, 1, 18, 32, 34293 }, // U+20B4
    { 16, 23, 278, 1, 21, 46, 34325 }, // U+20B5
    { 17, 17, 278, 1, 17, 37, 34371 }, // U+20B6
    { 18, 20, 292, 0, 18, 45, 34408 }, // U+20B7
    { 13, 18, 229, 1, 18, 30, 34453 }, // U+20B8
    { 14, 19, 241, 1, 18, 34, 34483 }, // U+20B9
    { 16, 18, 250, 0, 18, 36, 34517 }, // U+20BA
    { 20, 18, 325, 1, 18, 45, 34553 }, // U+20BB
    { 15, 21, 310, 2, 21, 40, 34598 }, // U+20BC
    { 16, 18, 284, 1, 18, 36, 34638 }, // U+20BD
    { 17, 19, 316, 1, 19, 41, 34674 }, // U+20BE
    { 11, 23, 229, 2, 20, 32, 34715 }, // U+20BF
    { 12, 19, 210, 1, 14, 29, 34747 }, // U+20C0
    { 14, 19, 244, 1, 19, 34, 34776 }, // U+2202
    { 16, 15, 256, 0, 14, 30, 34810 }, // U+2205
    { 19, 19, 284, -1, 19, 46, 34840 }, // U+2206
    { 18, 23, 296, 0, 18, 52, 34886 }, // U+220F
    { 13, 19, 209, 0, 18, 31, 34938 }, // U+2211
    { 13, 5, 232, 1, 10, 9, 34969 }, // U+2212
    { 15, 22, 227, 0, 19, 42, 34978 }, // U+2215
    { 6, 6, 138, 1, 11, 5, 35020 }, // U+2219
    { 19, 23, 296, 0, 18, 55, 35025 }, // U+221A
    { 21, 12, 363, 1, 12, 32, 35080 }, // U+221E
    { 18, 23, 247, -1, 19, 52, 35112 }, // U+222B
    { 13, 10, 243, 1, 12, 17, 35164 }, // U+2248
    { 13, 14, 254, 1, 14, 23, 35181 }, // U+2260
    { 14, 15, 251, 1, 15, 27, 35204 }, // U+2264
    { 14, 15, 251, 1, 15, 27, 35231 }, // U+2265
    { 21, 19, 309, 1, 19, 50, 35258 }, // U+FB00
    { 16, 21, 285, 1, 21, 42, 35308 }, // U+FB01
    { 16, 19, 279, 1, 19, 38, 35350 }, // U+FB02
    { 25, 19, 428, 1, 19, 60, 35388 }, // U+FB03
    { 25, 19, 432, 1, 19, 60, 35448 }, // U+FB04
    { 16, 19, 313, 2, 19, 38, 35508 }, // U+FB05
    { 21, 19, 372, 1, 19, 50, 35546 }, // U+FB06
    { 23, 24, 400, 1, 20, 69, 35596 }, // U+FFFD
};

static const EpdUnicodeInterval lexenddeca_12_boldIntervals[] = {
    { 0x0, 0x0, 0x0 },
    { 0xD, 0xD, 0x1 },
    { 0x20, 0x7E, 0x2 },
    { 0xA0, 0x17F, 0x61 },
    { 0x1A0, 0x1A1, 0x141 },
    { 0x1AF, 0x1B0, 0x143 },
    { 0x1C4, 0x21F, 0x145 },
    { 0x300, 0x36F, 0x1A1 },
    { 0x400, 0x4FF, 0x211 },
    { 0x5D0, 0x5EA, 0x311 },
    { 0x1EA0, 0x1EF9, 0x32C },
    { 0x2000, 0x2064, 0x386 },
    { 0x2066, 0x2071, 0x3EB },
    { 0x2074, 0x208E, 0x3F7 },
    { 0x2090, 0x209C, 0x412 },
    { 0x20A0, 0x20C0, 0x41F },
    { 0x2202, 0x2202, 0x440 },
    { 0x2205, 0x2206, 0x441 },
    { 0x220F, 0x220F, 0x443 },
    { 0x2211, 0x2212, 0x444 },
    { 0x2215, 0x2215, 0x446 },
    { 0x2219, 0x221A, 0x447 },
    { 0x221E, 0x221E, 0x449 },
    { 0x222B, 0x222B, 0x44A },
    { 0x2248, 0x2248, 0x44B },
    { 0x2260, 0x2260, 0x44C },
    { 0x2264, 0x2265, 0x44D },
    { 0xFB00, 0xFB06, 0x44F },
    { 0xFFFD, 0xFFFD, 0x456 },
};

static const EpdKernClassEntry lexenddeca_12_boldKernLeftClasses[] = {
    { 0x0026, 1 }, // &
    { 0x0028, 2 }, // (
    { 0x002A, 3 }, // *
    { 0x002C, 4 }, // ,
    { 0x002E, 5 }, // .
    { 0x002F, 6 }, // /
    { 0x0030, 7 }, // 0
    { 0x0031, 8 }, // 1
    { 0x0032, 9 }, // 2
    { 0x0033, 10 }, // 3
    { 0x0034, 11 }, // 4
    { 0x0035, 12 }, // 5
    { 0x0036, 13 }, // 6
    { 0x0037, 14 }, // 7
    { 0x0038, 15 }, // 8
    { 0x0039, 16 }, // 9
    { 0x003C, 17 }, // <
    { 0x003E, 18 }, // >
    { 0x003F, 19 }, // ?
    { 0x0040, 20 }, // @
    { 0x0041, 21 }, // A
    { 0x0042, 22 }, // B
    { 0x0043, 23 }, // C
    { 0x0044, 24 }, // D
    { 0x0045, 25 }, // E
    { 0x0046, 26 }, // F
    { 0x0047, 27 }, // G
    { 0x0049, 28 }, // I
    { 0x004A, 29 }, // J
    { 0x004B, 30 }, // K
    { 0x004C, 31 }, // L
    { 0x004F, 24 }, // O
    { 0x0050, 32 }, // P
    { 0x0051, 33 }, // Q
    { 0x0052, 34 }, // R
    { 0x0053, 35 }, // S
    { 0x0054, 36 }, // T
    { 0x0055, 37 }, // U
    { 0x0056, 38 }, // V
    { 0x0057, 39 }, // W
    { 0x0058, 40 }, // X
    { 0x0059, 41 }, // Y
    { 0x005A, 42 }, // Z
    { 0x005B, 43 }, // [
    { 0x005C, 44 }, // <backslash>
    { 0x005F, 45 }, // _
    { 0x0061, 46 }, // a
    { 0x0062, 47 }, // b
    { 0x0063, 48 }, // c
    { 0x0064, 49 }, // d
    { 0x0065, 50 }, // e
    { 0x0066, 51 }, // f
    { 0x0067, 52 }, // g
    { 0x0068, 53 }, // h
    { 0x0069, 54 }, // i
    { 0x006A, 55 }, // j
    { 0x006B, 56 }, // k
    { 0x006C, 57 }, // l
    { 0x006D, 53 }, // m
    { 0x006E, 53 }, // n
    { 0x006F, 47 }, // o
    { 0x0070, 47 }, // p
    { 0x0071, 58 }, // q
    { 0x0072, 59 }, // r
    { 0x0073, 60 }, // s
    { 0x0074, 61 }, // t
    { 0x0075, 62 }, // u
    { 0x0076, 63 }, // v
    { 0x0077, 64 }, // w
    { 0x0078, 65 }, // x
    { 0x0079, 66 }, // y
    { 0x007A, 67 }, // z
    { 0x007B, 68 }, // {
    { 0x007D, 69 }, // }
    { 0x00A1, 70 }, // U+00A1
    { 0x00A3, 71 }, // U+00A3
    { 0x00B7, 72 }, // U+00B7
    { 0x00BF, 73 }, // U+00BF
    { 0x00C0, 21 }, // U+00C0
    { 0x00C1, 21 }, // U+00C1
    { 0x00C2, 21 }, // U+00C2
    { 0x00C3, 21 }, // U+00C3
    { 0x00C4, 21 }, // U+00C4
    { 0x00C5, 21 }, // U+00C5
    { 0x00C6, 25 }, // U+00C6
    { 0x00C8, 25 }, // U+00C8
    { 0x00C9, 25 }, // U+00C9
    { 0x00CA, 25 }, // U+00CA
    { 0x00CB, 25 }, // U+00CB
    { 0x00D0, 24 }, // U+00D0
    { 0x00D2, 24 }, // U+00D2
    { 0x00D3, 24 }, // U+00D3
    { 0x00D4, 24 }, // U+00D4
    { 0x00D5, 24 }, // U+00D5
    { 0x00D6, 24 }, // U+00D6
    { 0x00D8, 24 }, // U+00D8
    { 0x00D9, 37 }, // U+00D9
    { 0x00DA, 37 }, // U+00DA
    { 0x00DB, 37 }, // U+00DB
    { 0x00DC, 37 }, // U+00DC
    { 0x00DD, 41 }, // U+00DD
    { 0x00DE, 74 }, // U+00DE
    { 0x00DF, 75 }, // U+00DF
    { 0x00E0, 46 }, // U+00E0
    { 0x00E1, 46 }, // U+00E1
    { 0x00E2, 46 }, // U+00E2
    { 0x00E3, 46 }, // U+00E3
    { 0x00E4, 46 }, // U+00E4
    { 0x00E5, 46 }, // U+00E5
    { 0x00E7, 48 }, // U+00E7
    { 0x00E8, 50 }, // U+00E8
    { 0x00E9, 50 }, // U+00E9
    { 0x00EA, 50 }, // U+00EA
    { 0x00EB, 50 }, // U+00EB
    { 0x00EC, 54 }, // U+00EC
    { 0x00ED, 54 }, // U+00ED
    { 0x00EE, 54 }, // U+00EE
    { 0x00EF, 54 }, // U+00EF
    { 0x00F0, 76 }, // U+00F0
    { 0x00F1, 53 }, // U+00F1
    { 0x00F2, 47 }, // U+00F2
    { 0x00F3, 47 }, // U+00F3
    { 0x00F4, 47 }, // U+00F4
    { 0x00F5, 47 }, // U+00F5
    { 0x00F6, 47 }, // U+00F6
    { 0x00F8, 47 }, // U+00F8
    { 0x00F9, 62 }, // U+00F9
    { 0x00FA, 62 }, // U+00FA
    { 0x00FB, 62 }, // U+00FB
    { 0x00FC, 62 }, // U+00FC
    { 0x00FD, 66 }, // U+00FD
    { 0x00FE, 47 }, // U+00FE
    { 0x00FF, 66 }, // U+00FF
    { 0x0100, 21 }, // U+0100
    { 0x0101, 46 }, // U+0101
    { 0x0102, 21 }, // U+0102
    { 0x0103, 46 }, // U+0103
    { 0x0104, 21 }, // U+0104
    { 0x0105, 46 }, // U+0105
    { 0x0107, 48 }, // U+0107
    { 0x0109, 48 }, // U+0109
    { 0x010B, 48 }, // U+010B
    { 0x010D, 48 }, // U+010D
    { 0x010E, 24 }, // U+010E
    { 0x010F, 77 }, // U+010F
    { 0x0110, 24 }, // U+0110
    { 0x0111, 49 }, // U+0111
    { 0x0112, 25 }, // U+0112
    { 0x0113, 50 }, // U+0113
    { 0x0114, 25 }, // U+0114
    { 0x0115, 50 }, // U+0115
    { 0x0116, 25 }, // U+0116
    { 0x0117, 50 }, // U+0117
    { 0x0118, 25 }, // U+0118
    { 0x0119, 50 }, // U+0119
    { 0x011A, 25 }, // U+011A
    { 0x011B, 50 }, // U+011B
    { 0x011C, 27 }, // U+011C
    { 0x011D, 78 }, // U+011D
    { 0x011E, 27 }, // U+011E
    { 0x011F, 78 }, // U+011F
    { 0x0120, 27 }, // U+0120
    { 0x0121, 78 }, // U+0121
    { 0x0122, 27 }, // U+0122
    { 0x0123, 78 }, // U+0123
    { 0x0125, 53 }, // U+0125
    { 0x0127, 53 }, // U+0127
    { 0x0129, 54 }, // U+0129
    { 0x012B, 54 }, // U+012B
    { 0x012D, 54 }, // U+012D
    { 0x012F, 54 }, // U+012F
    { 0x0131, 54 }, // U+0131
    { 0x0132, 29 }, // U+0132
    { 0x0133, 55 }, // U+0133
    { 0x0134, 29 }, // U+0134
    { 0x0135, 55 }, // U+0135
    { 0x0136, 30 }, // U+0136
    { 0x0137, 56 }, // U+0137
    { 0x0138, 56 }, // U+0138
    { 0x0139, 31 }, // U+0139
    { 0x013A, 57 }, // U+013A
    { 0x013B, 31 }, // U+013B
    { 0x013C, 57 }, // U+013C
    { 0x013D, 31 }, // U+013D
    { 0x013E, 77 }, // U+013E
    { 0x013F, 31 }, // U+013F
    { 0x0140, 57 }, // U+0140
    { 0x0141, 31 }, // U+0141
    { 0x0142, 57 }, // U+0142
    { 0x0144, 53 }, // U+0144
    { 0x0146, 53 }, // U+0146
    { 0x0148, 53 }, // U+0148
    { 0x0149, 53 }, // U+0149
    { 0x014B, 53 }, // U+014B
    { 0x014C, 24 }, // U+014C
    { 0x014D, 47 }, // U+014D
    { 0x014E, 24 }, // U+014E
    { 0x014F, 47 }, // U+014F
    { 0x0150, 24 }, // U+0150
    { 0x0151, 47 }, // U+0151
    { 0x0152, 25 }, // U+0152
    { 0x0153, 50 }, // U+0153
    { 0x0154, 79 }, // U+0154
    { 0x0155, 59 }, // U+0155
    { 0x0156, 79 }, // U+0156
    { 0x0157, 59 }, // U+0157
    { 0x0158, 79 }, // U+0158
    { 0x0159, 59 }, // U+0159
    { 0x015A, 35 }, // U+015A
    { 0x015B, 60 }, // U+015B
    { 0x015C, 35 }, // U+015C
    { 0x015D, 60 }, // U+015D
    { 0x015E, 35 }, // U+015E
    { 0x015F, 60 }, // U+015F
    { 0x0160, 35 }, // U+0160
    { 0x0161, 60 }, // U+0161
    { 0x0162, 36 }, // U+0162
    { 0x0163, 61 }, // U+0163
    { 0x0164, 36 }, // U+0164
    { 0x0165, 61 }, // U+0165
    { 0x0166, 36 }, // U+0166
    { 0x0167, 61 }, // U+0167
    { 0x0168, 37 }, // U+0168
    { 0x0169, 62 }, // U+0169
    { 0x016A, 37 }, // U+016A
    { 0x016B, 62 }, // U+016B
    { 0x016C, 37 }, // U+016C
    { 0x016D, 62 }, // U+016D
    { 0x016E, 37 }, // U+016E
    { 0x016F, 62 }, // U+016F
    { 0x0170, 37 }, // U+0170
    { 0x0171, 62 }, // U+0171
    { 0x0172, 37 }, // U+0172
    { 0x0173, 62 }, // U+0173
    { 0x0174, 39 }, // U+0174
    { 0x0175, 64 }, // U+0175
    { 0x0176, 41 }, // U+0176
    { 0x0177, 66 }, // U+0177
    { 0x0178, 41 }, // U+0178
    { 0x0179, 42 }, // U+0179
    { 0x017A, 67 }, // U+017A
    { 0x017B, 42 }, // U+017B
    { 0x017C, 67 }, // U+017C
    { 0x017D, 42 }, // U+017D
    { 0x017E, 67 }, // U+017E
    { 0x01A0, 24 }, // U+01A0
    { 0x01A1, 47 }, // U+01A1
    { 0x01AF, 37 }, // U+01AF
    { 0x01B0, 62 }, // U+01B0
    { 0x01C4, 42 }, // U+01C4
    { 0x01C5, 67 }, // U+01C5
    { 0x01C6, 67 }, // U+01C6
    { 0x01C7, 29 }, // U+01C7
    { 0x01C8, 55 }, // U+01C8
    { 0x01C9, 57 }, // U+01C9
    { 0x01CA, 29 }, // U+01CA
    { 0x01CB, 55 }, // U+01CB
    { 0x01CC, 55 }, // U+01CC
    { 0x01CD, 21 }, // U+01CD
    { 0x01CE, 46 }, // U+01CE
    { 0x01D0, 54 }, // U+01D0
    { 0x01D1, 24 }, // U+01D1
    { 0x01D2, 47 }, // U+01D2
    { 0x01D3, 37 }, // U+01D3
    { 0x01D4, 62 }, // U+01D4
    { 0x01E6, 27 }, // U+01E6
    { 0x01E7, 78 }, // U+01E7
    { 0x01EA, 24 }, // U+01EA
    { 0x01EB, 47 }, // U+01EB
    { 0x01F1, 42 }, // U+01F1
    { 0x01F2, 67 }, // U+01F2
    { 0x01FA, 21 }, // U+01FA
    { 0x01FB, 46 }, // U+01FB
    { 0x01FC, 25 }, // U+01FC
    { 0x01FE, 24 }, // U+01FE
    { 0x01FF, 47 }, // U+01FF
    { 0x0200, 21 }, // U+0200
    { 0x0201, 46 }, // U+0201
    { 0x0202, 21 }, // U+0202
    { 0x0203, 46 }, // U+0203
    { 0x0204, 25 }, // U+0204
    { 0x0205, 50 }, // U+0205
    { 0x0206, 25 }, // U+0206
    { 0x0207, 50 }, // U+0207
    { 0x0209, 54 }, // U+0209
    { 0x020B, 54 }, // U+020B
    { 0x020C, 24 }, // U+020C
    { 0x020D, 47 }, // U+020D
    { 0x020E, 24 }, // U+020E
    { 0x020F, 47 }, // U+020F
    { 0x0210, 79 }, // U+0210
    { 0x0211, 59 }, // U+0211
    { 0x0212, 79 }, // U+0212
    { 0x0213, 59 }, // U+0213
    { 0x0214, 37 }, // U+0214
    { 0x0215, 62 }, // U+0215
    { 0x0216, 37 }, // U+0216
    { 0x0217, 62 }, // U+0217
    { 0x0218, 35 }, // U+0218
    { 0x0219, 60 }, // U+0219
    { 0x021A, 36 }, // U+021A
    { 0x021B, 61 }, // U+021B
    { 0x0400, 80 }, // U+0400
    { 0x0401, 80 }, // U+0401
    { 0x0402, 81 }, // U+0402
    { 0x0403, 82 }, // U+0403
    { 0x0404, 83 }, // U+0404
    { 0x0405, 84 }, // U+0405
    { 0x0409, 85 }, // U+0409
    { 0x040A, 85 }, // U+040A
    { 0x040B, 81 }, // U+040B
    { 0x040C, 86 }, // U+040C
    { 0x040E, 87 }, // U+040E
    { 0x0410, 88 }, // U+0410
    { 0x0411, 89 }, // U+0411
    { 0x0412, 90 }, // U+0412
    { 0x0413, 82 }, // U+0413
    { 0x0414, 91 }, // U+0414
    { 0x0415, 80 }, // U+0415
    { 0x0416, 86 }, // U+0416
    { 0x0417, 90 }, // U+0417
    { 0x041A, 86 }, // U+041A
    { 0x041E, 92 }, // U+041E
    { 0x0420, 93 }, // U+0420
    { 0x0421, 83 }, // U+0421
    { 0x0422, 82 }, // U+0422
    { 0x0423, 87 }, // U+0423
    { 0x0424, 94 }, // U+0424
    { 0x0425, 86 }, // U+0425
    { 0x0426, 91 }, // U+0426
    { 0x0429, 91 }, // U+0429
    { 0x042A, 85 }, // U+042A
    { 0x042C, 85 }, // U+042C
    { 0x042D, 92 }, // U+042D
    { 0x042E, 92 }, // U+042E
    { 0x0430, 95 }, // U+0430
    { 0x0431, 96 }, // U+0431
    { 0x0432, 97 }, // U+0432
    { 0x0433, 98 }, // U+0433
    { 0x0434, 99 }, // U+0434
    { 0x0435, 100 }, // U+0435
    { 0x0436, 101 }, // U+0436
    { 0x0437, 97 }, // U+0437
    { 0x0438, 102 }, // U+0438
    { 0x0439, 102 }, // U+0439
    { 0x043A, 101 }, // U+043A
    { 0x043B, 102 }, // U+043B
    { 0x043C, 102 }, // U+043C
    { 0x043D, 102 }, // U+043D
    { 0x043E, 100 }, // U+043E
    { 0x043F, 102 }, // U+043F
    { 0x0440, 100 }, // U+0440
    { 0x0441, 103 }, // U+0441
    { 0x0442, 98 }, // U+0442
    { 0x0443, 104 }, // U+0443
    { 0x0444, 100 }, // U+0444
    { 0x0445, 101 }, // U+0445
    { 0x0446, 99 }, // U+0446
    { 0x0447, 102 }, // U+0447
    { 0x0448, 102 }, // U+0448
    { 0x0449, 99 }, // U+0449
    { 0x044A, 105 }, // U+044A
    { 0x044B, 102 }, // U+044B
    { 0x044C, 105 }, // U+044C
    { 0x044D, 100 }, // U+044D
    { 0x044E, 100 }, // U+044E
    { 0x044F, 102 }, // U+044F
    { 0x0450, 100 }, // U+0450
    { 0x0451, 100 }, // U+0451
    { 0x0452, 106 }, // U+0452
    { 0x0453, 107 }, // U+0453
    { 0x0454, 103 }, // U+0454
    { 0x0455, 108 }, // U+0455
    { 0x0457, 109 }, // U+0457
    { 0x0458, 110 }, // U+0458
    { 0x0459, 105 }, // U+0459
    { 0x045A, 105 }, // U+045A
    { 0x045B, 111 }, // U+045B
    { 0x045C, 101 }, // U+045C
    { 0x045D, 102 }, // U+045D
    { 0x045E, 104 }, // U+045E
    { 0x045F, 102 }, // U+045F
    { 0x0460, 92 }, // U+0460
    { 0x0461, 112 }, // U+0461
    { 0x0462, 113 }, // U+0462
    { 0x0463, 105 }, // U+0463
    { 0x0464, 83 }, // U+0464
    { 0x0465, 103 }, // U+0465
    { 0x0466, 88 }, // U+0466
    { 0x0467, 114 }, // U+0467
    { 0x0468, 88 }, // U+0468
    { 0x0469, 114 }, // U+0469
    { 0x046E, 115 }, // U+046E
    { 0x0471, 100 }, // U+0471
    { 0x0472, 92 }, // U+0472
    { 0x0473, 100 }, // U+0473
    { 0x0474, 87 }, // U+0474
    { 0x0475, 112 }, // U+0475
    { 0x0476, 87 }, // U+0476
    { 0x0477, 112 }, // U+0477
    { 0x0478, 104 }, // U+0478
    { 0x0479, 104 }, // U+0479
    { 0x047A, 92 }, // U+047A
    { 0x047B, 100 }, // U+047B
    { 0x047C, 92 }, // U+047C
    { 0x047D, 100 }, // U+047D
    { 0x047E, 92 }, // U+047E
    { 0x047F, 112 }, // U+047F
    { 0x0480, 83 }, // U+0480
    { 0x048A, 91 }, // U+048A
    { 0x048B, 99 }, // U+048B
    { 0x048C, 113 }, // U+048C
    { 0x048D, 105 }, // U+048D
    { 0x048E, 93 }, // U+048E
    { 0x048F, 100 }, // U+048F
    { 0x0490, 116 }, // U+0490
    { 0x0491, 117 }, // U+0491
    { 0x0492, 118 }, // U+0492
    { 0x0493, 119 }, // U+0493
    { 0x0496, 120 }, // U+0496
    { 0x0497, 121 }, // U+0497
    { 0x0498, 115 }, // U+0498
    { 0x0499, 97 }, // U+0499
    { 0x049A, 120 }, // U+049A
    { 0x049B, 121 }, // U+049B
    { 0x049C, 86 }, // U+049C
    { 0x049D, 101 }, // U+049D
    { 0x049E, 86 }, // U+049E
    { 0x049F, 101 }, // U+049F
    { 0x04A0, 86 }, // U+04A0
    { 0x04A1, 101 }, // U+04A1
    { 0x04A2, 91 }, // U+04A2
    { 0x04A3, 99 }, // U+04A3
    { 0x04A4, 118 }, // U+04A4
    { 0x04A5, 117 }, // U+04A5
    { 0x04A9, 100 }, // U+04A9
    { 0x04AA, 83 }, // U+04AA
    { 0x04AB, 103 }, // U+04AB
    { 0x04AC, 116 }, // U+04AC
    { 0x04AD, 117 }, // U+04AD
    { 0x04AE, 122 }, // U+04AE
    { 0x04AF, 123 }, // U+04AF
    { 0x04B0, 122 }, // U+04B0
    { 0x04B1, 123 }, // U+04B1
    { 0x04B2, 120 }, // U+04B2
    { 0x04B3, 121 }, // U+04B3
    { 0x04B4, 91 }, // U+04B4
    { 0x04B5, 99 }, // U+04B5
    { 0x04B6, 91 }, // U+04B6
    { 0x04B7, 99 }, // U+04B7
    { 0x04BC, 124 }, // U+04BC
    { 0x04BD, 125 }, // U+04BD
    { 0x04BE, 124 }, // U+04BE
    { 0x04BF, 125 }, // U+04BF
    { 0x04C1, 86 }, // U+04C1
    { 0x04C2, 101 }, // U+04C2
    { 0x04C5, 91 }, // U+04C5
    { 0x04C6, 99 }, // U+04C6
    { 0x04C9, 91 }, // U+04C9
    { 0x04CA, 99 }, // U+04CA
    { 0x04CD, 91 }, // U+04CD
    { 0x04CE, 99 }, // U+04CE
    { 0x04D0, 88 }, // U+04D0
    { 0x04D1, 95 }, // U+04D1
    { 0x04D2, 88 }, // U+04D2
    { 0x04D3, 95 }, // U+04D3
    { 0x04D4, 80 }, // U+04D4
    { 0x04D5, 125 }, // U+04D5
    { 0x04D6, 80 }, // U+04D6
    { 0x04D7, 125 }, // U+04D7
    { 0x04D8, 92 }, // U+04D8
    { 0x04D9, 100 }, // U+04D9
    { 0x04DA, 92 }, // U+04DA
    { 0x04DB, 100 }, // U+04DB
    { 0x04DC, 86 }, // U+04DC
    { 0x04DD, 101 }, // U+04DD
    { 0x04DE, 115 }, // U+04DE
    { 0x04DF, 97 }, // U+04DF
    { 0x04E3, 102 }, // U+04E3
    { 0x04E5, 102 }, // U+04E5
    { 0x04E6, 92 }, // U+04E6
    { 0x04E7, 100 }, // U+04E7
    { 0x04E8, 92 }, // U+04E8
    { 0x04E9, 100 }, // U+04E9
    { 0x04EA, 92 }, // U+04EA
    { 0x04EB, 100 }, // U+04EB
    { 0x04EC, 92 }, // U+04EC
    { 0x04ED, 100 }, // U+04ED
    { 0x04EE, 87 }, // U+04EE
    { 0x04EF, 104 }, // U+04EF
    { 0x04F0, 87 }, // U+04F0
    { 0x04F1, 104 }, // U+04F1
    { 0x04F2, 87 }, // U+04F2
    { 0x04F3, 104 }, // U+04F3
    { 0x04F5, 102 }, // U+04F5
    { 0x04F6, 116 }, // U+04F6
    { 0x04F7, 117 }, // U+04F7
    { 0x04F9, 102 }, // U+04F9
    { 0x04FA, 118 }, // U+04FA
    { 0x04FB, 119 }, // U+04FB
    { 0x04FC, 120 }, // U+04FC
    { 0x04FD, 121 }, // U+04FD
    { 0x04FE, 86 }, // U+04FE
    { 0x04FF, 121 }, // U+04FF
    { 0x05D0, 126 }, // U+05D0
    { 0x05D1, 127 }, // U+05D1
    { 0x05D2, 128 }, // U+05D2
    { 0x05D3, 129 }, // U+05D3
    { 0x05D5, 130 }, // U+05D5
    { 0x05D6, 131 }, // U+05D6
    { 0x05D8, 132 }, // U+05D8
    { 0x05D9, 133 }, // U+05D9
    { 0x05DB, 134 }, // U+05DB
    { 0x05DC, 135 }, // U+05DC
    { 0x05DE, 136 }, // U+05DE
    { 0x05E0, 137 }, // U+05E0
    { 0x05E1, 138 }, // U+05E1
    { 0x05E2, 139 }, // U+05E2
    { 0x05E4, 140 }, // U+05E4
    { 0x05E6, 141 }, // U+05E6
    { 0x05E8, 142 }, // U+05E8
    { 0x05E9, 143 }, // U+05E9
    { 0x05EA, 144 }, // U+05EA
    { 0x1EA0, 21 }, // U+1EA0
    { 0x1EA1, 46 }, // U+1EA1
    { 0x1EA2, 21 }, // U+1EA2
    { 0x1EA3, 46 }, // U+1EA3
    { 0x1EA4, 21 }, // U+1EA4
    { 0x1EA5, 46 }, // U+1EA5
    { 0x1EA6, 21 }, // U+1EA6
    { 0x1EA7, 46 }, // U+1EA7
    { 0x1EA8, 21 }, // U+1EA8
    { 0x1EA9, 46 }, // U+1EA9
    { 0x1EAA, 21 }, // U+1EAA
    { 0x1EAB, 46 }, // U+1EAB
    { 0x1EAC, 21 }, // U+1EAC
    { 0x1EAD, 46 }, // U+1EAD
    { 0x1EAE, 21 }, // U+1EAE
    { 0x1EAF, 46 }, // U+1EAF
    { 0x1EB0, 21 }, // U+1EB0
    { 0x1EB1, 46 }, // U+1EB1
    { 0x1EB2, 21 }, // U+1EB2
    { 0x1EB3, 46 }, // U+1EB3
    { 0x1EB4, 21 }, // U+1EB4
    { 0x1EB5, 46 }, // U+1EB5
    { 0x1EB6, 21 }, // U+1EB6
    { 0x1EB7, 46 }, // U+1EB7
    { 0x1EB8, 25 }, // U+1EB8
    { 0x1EB9, 50 }, // U+1EB9
    { 0x1EBA, 25 }, // U+1EBA
    { 0x1EBB, 50 }, // U+1EBB
    { 0x1EBC, 25 }, // U+1EBC
    { 0x1EBD, 50 }, // U+1EBD
    { 0x1EBE, 25 }, // U+1EBE
    { 0x1EBF, 50 }, // U+1EBF
    { 0x1EC0, 25 }, // U+1EC0
    { 0x1EC1, 50 }, // U+1EC1
    { 0x1EC2, 25 }, // U+1EC2
    { 0x1EC3, 50 }, // U+1EC3
    { 0x1EC4, 25 }, // U+1EC4
    { 0x1EC5, 50 }, // U+1EC5
    { 0x1EC6, 25 }, // U+1EC6
    { 0x1EC7, 50 }, // U+1EC7
    { 0x1EC9, 54 }, // U+1EC9
    { 0x1ECB, 54 }, // U+1ECB
    { 0x1ECC, 24 }, // U+1ECC
    { 0x1ECD, 47 }, // U+1ECD
    { 0x1ECE, 24 }, // U+1ECE
    { 0x1ECF, 47 }, // U+1ECF
    { 0x1ED0, 24 }, // U+1ED0
    { 0x1ED1, 47 }, // U+1ED1
    { 0x1ED2, 24 }, // U+1ED2
    { 0x1ED3, 47 }, // U+1ED3
    { 0x1ED4, 24 }, // U+1ED4
    { 0x1ED5, 47 }, // U+1ED5
    { 0x1ED6, 24 }, // U+1ED6
    { 0x1ED7, 47 }, // U+1ED7
    { 0x1ED8, 24 }, // U+1ED8
    { 0x1ED9, 47 }, // U+1ED9
    { 0x1EDA, 24 }, // U+1EDA
    { 0x1EDB, 47 }, // U+1EDB
    { 0x1EDC, 24 }, // U+1EDC
    { 0x1EDD, 47 }, // U+1EDD
    { 0x1EDE, 24 }, // U+1EDE
    { 0x1EDF, 47 }, // U+1EDF
    { 0x1EE0, 24 }, // U+1EE0
    { 0x1EE1, 47 }, // U+1EE1
    { 0x1EE2, 24 }, // U+1EE2
    { 0x1EE3, 47 }, // U+1EE3
    { 0x1EE4, 37 }, // U+1EE4
    { 0x1EE5, 62 }, // U+1EE5
    { 0x1EE6, 37 }, // U+1EE6
    { 0x1EE7, 62 }, // U+1EE7
    { 0x1EE8, 37 }, // U+1EE8
    { 0x1EE9, 62 }, // U+1EE9
    { 0x1EEA, 37 }, // U+1EEA
    { 0x1EEB, 62 }, // U+1EEB
    { 0x1EEC, 37 }, // U+1EEC
    { 0x1EED, 62 }, // U+1EED
    { 0x1EEE, 37 }, // U+1EEE
    { 0x1EEF, 62 }, // U+1EEF
    { 0x1EF0, 37 }, // U+1EF0
    { 0x1EF1, 62 }, // U+1EF1
    { 0x1EF2, 41 }, // U+1EF2
    { 0x1EF3, 66 }, // U+1EF3
    { 0x1EF4, 41 }, // U+1EF4
    { 0x1EF5, 66 }, // U+1EF5
    { 0x1EF6, 41 }, // U+1EF6
    { 0x1EF7, 66 }, // U+1EF7
    { 0x1EF8, 41 }, // U+1EF8
    { 0x1EF9, 66 }, // U+1EF9
    { 0x2018, 145 }, // U+2018
    { 0x2019, 146 }, // U+2019
    { 0x201C, 147 }, // U+201C
    { 0x201D, 148 }, // U+201D
    { 0x2022, 149 }, // U+2022
    { 0x2206, 150 }, // U+2206
    { 0x221E, 151 }, // U+221E
    { 0x222B, 152 }, // U+222B
    { 0xFB01, 54 }, // U+FB01
    { 0xFB02, 57 }, // U+FB02
};

static const EpdKernClassEntry lexenddeca_12_boldKernRightClasses[] = {
    { 0x0021, 1 }, // !
    { 0x0026, 2 }, // &
    { 0x0029, 3 }, // )
    { 0x002A, 4 }, // *
    { 0x002C, 5 }, // ,
    { 0x002D, 6 }, // -
    { 0x002E, 7 }, // .
    { 0x002F, 8 }, // /
    { 0x0030, 9 }, // 0
    { 0x0031, 10 }, // 1
    { 0x0032, 11 }, // 2
    { 0x0034, 12 }, // 4
    { 0x0036, 13 }, // 6
    { 0x0037, 14 }, // 7
    { 0x0038, 15 }, // 8
    { 0x0039, 16 }, // 9
    { 0x003C, 17 }, // <
    { 0x003F, 18 }, // ?
    { 0x0040, 19 }, // @
    { 0x0041, 20 }, // A
    { 0x0042, 21 }, // B
    { 0x0043, 22 }, // C
    { 0x0044, 21 }, // D
    { 0x0045, 21 }, // E
    { 0x0046, 21 }, // F
    { 0x0047, 22 }, // G
    { 0x0048, 21 }, // H
    { 0x0049, 23 }, // I
    { 0x004A, 24 }, // J
    { 0x004B, 21 }, // K
    { 0x004C, 21 }, // L
    { 0x004D, 21 }, // M
    { 0x004E, 21 }, // N
    { 0x004F, 22 }, // O
    { 0x0050, 21 }, // P
    { 0x0051, 22 }, // Q
    { 0x0052, 21 }, // R
    { 0x0053, 25 }, // S
    { 0x0054, 26 }, // T
    { 0x0055, 27 }, // U
    { 0x0056, 28 }, // V
    { 0x0057, 29 }, // W
    { 0x0058, 30 }, // X
    { 0x0059, 31 }, // Y
    { 0x005A, 32 }, // Z
    { 0x005B, 33 }, // [
    { 0x005C, 34 }, // <backslash>
    { 0x005D, 35 }, // ]
    { 0x005F, 36 }, // _
    { 0x0061, 37 }, // a
    { 0x0062, 38 }, // b
    { 0x0063, 37 }, // c
    { 0x0064, 37 }, // d
    { 0x0065, 37 }, // e
    { 0x0066, 39 }, // f
    { 0x0067, 40 }, // g
    { 0x0068, 38 }, // h
    { 0x006A, 41 }, // j
    { 0x006B, 38 }, // k
    { 0x006C, 38 }, // l
    { 0x006D, 42 }, // m
    { 0x006E, 42 }, // n
    { 0x006F, 37 }, // o
    { 0x0070, 43 }, // p
    { 0x0071, 37 }, // q
    { 0x0072, 42 }, // r
    { 0x0073, 44 }, // s
    { 0x0074, 45 }, // t
    { 0x0075, 46 }, // u
    { 0x0076, 47 }, // v
    { 0x0077, 48 }, // w
    { 0x0078, 49 }, // x
    { 0x0079, 50 }, // y
    { 0x007A, 51 }, // z
    { 0x007B, 33 }, // {
    { 0x007D, 52 }, // }
    { 0x00A1, 53 }, // U+00A1
    { 0x00B7, 54 }, // U+00B7
    { 0x00BF, 55 }, // U+00BF
    { 0x00C0, 56 }, // U+00C0
    { 0x00C1, 56 }, // U+00C1
    { 0x00C2, 56 }, // U+00C2
    { 0x00C3, 56 }, // U+00C3
    { 0x00C4, 56 }, // U+00C4
    { 0x00C5, 56 }, // U+00C5
    { 0x00C6, 57 }, // U+00C6
    { 0x00C7, 22 }, // U+00C7
    { 0x00C8, 21 }, // U+00C8
    { 0x00C9, 21 }, // U+00C9
    { 0x00CA, 21 }, // U+00CA
    { 0x00CB, 21 }, // U+00CB
    { 0x00D0, 21 }, // U+00D0
    { 0x00D1, 21 }, // U+00D1
    { 0x00D2, 22 }, // U+00D2
    { 0x00D3, 22 }, // U+00D3
    { 0x00D4, 22 }, // U+00D4
    { 0x00D5, 22 }, // U+00D5
    { 0x00D6, 22 }, // U+00D6
    { 0x00D8, 22 }, // U+00D8
    { 0x00D9, 27 }, // U+00D9
    { 0x00DA, 27 }, // U+00DA
    { 0x00DB, 27 }, // U+00DB
    { 0x00DC, 27 }, // U+00DC
    { 0x00DD, 58 }, // U+00DD
    { 0x00DE, 21 }, // U+00DE
    { 0x00DF, 59 }, // U+00DF
    { 0x00E0, 37 }, // U+00E0
    { 0x00E1, 37 }, // U+00E1
    { 0x00E2, 37 }, // U+00E2
    { 0x00E3, 37 }, // U+00E3
    { 0x00E4, 37 }, // U+00E4
    { 0x00E5, 37 }, // U+00E5
    { 0x00E7, 37 }, // U+00E7
    { 0x00E8, 37 }, // U+00E8
    { 0x00E9, 37 }, // U+00E9
    { 0x00EA, 37 }, // U+00EA
    { 0x00EB, 37 }, // U+00EB
    { 0x00F0, 60 }, // U+00F0
    { 0x00F1, 42 }, // U+00F1
    { 0x00F2, 37 }, // U+00F2
    { 0x00F3, 37 }, // U+00F3
    { 0x00F4, 37 }, // U+00F4
    { 0x00F5, 37 }, // U+00F5
    { 0x00F6, 37 }, // U+00F6
    { 0x00F8, 37 }, // U+00F8
    { 0x00F9, 46 }, // U+00F9
    { 0x00FA, 46 }, // U+00FA
    { 0x00FB, 46 }, // U+00FB
    { 0x00FC, 46 }, // U+00FC
    { 0x00FD, 50 }, // U+00FD
    { 0x00FE, 61 }, // U+00FE
    { 0x00FF, 50 }, // U+00FF
    { 0x0100, 56 }, // U+0100
    { 0x0101, 37 }, // U+0101
    { 0x0102, 56 }, // U+0102
    { 0x0103, 37 }, // U+0103
    { 0x0104, 56 }, // U+0104
    { 0x0105, 37 }, // U+0105
    { 0x0106, 22 }, // U+0106
    { 0x0107, 37 }, // U+0107
    { 0x0108, 22 }, // U+0108
    { 0x0109, 37 }, // U+0109
    { 0x010A, 22 }, // U+010A
    { 0x010B, 37 }, // U+010B
    { 0x010C, 22 }, // U+010C
    { 0x010D, 37 }, // U+010D
    { 0x010E, 21 }, // U+010E
    { 0x010F, 37 }, // U+010F
    { 0x0110, 21 }, // U+0110
    { 0x0111, 37 }, // U+0111
    { 0x0112, 21 }, // U+0112
    { 0x0113, 37 }, // U+0113
    { 0x0114, 21 }, // U+0114
    { 0x0115, 37 }, // U+0115
    { 0x0116, 21 }, // U+0116
    { 0x0117, 37 }, // U+0117
    { 0x0118, 21 }, // U+0118
    { 0x0119, 37 }, // U+0119
    { 0x011A, 21 }, // U+011A
    { 0x011B, 37 }, // U+011B
    { 0x011C, 22 }, // U+011C
    { 0x011D, 40 }, // U+011D
    { 0x011E, 22 }, // U+011E
    { 0x011F, 40 }, // U+011F
    { 0x0120, 22 }, // U+0120
    { 0x0121, 40 }, // U+0121
    { 0x0122, 22 }, // U+0122
    { 0x0123, 40 }, // U+0123
    { 0x0124, 21 }, // U+0124
    { 0x0125, 38 }, // U+0125
    { 0x0127, 38 }, // U+0127
    { 0x0134, 24 }, // U+0134
    { 0x0135, 41 }, // U+0135
    { 0x0136, 21 }, // U+0136
    { 0x0137, 38 }, // U+0137
    { 0x0138, 38 }, // U+0138
    { 0x0139, 21 }, // U+0139
    { 0x013A, 38 }, // U+013A
    { 0x013B, 21 }, // U+013B
    { 0x013C, 38 }, // U+013C
    { 0x013D, 21 }, // U+013D
    { 0x013E, 38 }, // U+013E
    { 0x013F, 21 }, // U+013F
    { 0x0140, 38 }, // U+0140
    { 0x0141, 21 }, // U+0141
    { 0x0142, 38 }, // U+0142
    { 0x0143, 21 }, // U+0143
    { 0x0144, 42 }, // U+0144
    { 0x0145, 21 }, // U+0145
    { 0x0146, 42 }, // U+0146
    { 0x0147, 21 }, // U+0147
    { 0x0148, 42 }, // U+0148
    { 0x014A, 21 }, // U+014A
    { 0x014B, 42 }, // U+014B
    { 0x014C, 22 }, // U+014C
    { 0x014D, 37 }, // U+014D
    { 0x014E, 22 }, // U+014E
    { 0x014F, 37 }, // U+014F
    { 0x0150, 22 }, // U+0150
    { 0x0151, 37 }, // U+0151
    { 0x0152, 22 }, // U+0152
    { 0x0153, 37 }, // U+0153
    { 0x0154, 21 }, // U+0154
    { 0x0155, 42 }, // U+0155
    { 0x0156, 21 }, // U+0156
    { 0x0157, 42 }, // U+0157
    { 0x0158, 21 }, // U+0158
    { 0x0159, 42 }, // U+0159
    { 0x015A, 25 }, // U+015A
    { 0x015B, 44 }, // U+015B
    { 0x015C, 25 }, // U+015C
    { 0x015D, 44 }, // U+015D
    { 0x015E, 25 }, // U+015E
    { 0x015F, 44 }, // U+015F
    { 0x0160, 25 }, // U+0160
    { 0x0161, 44 }, // U+0161
    { 0x0162, 62 }, // U+0162
    { 0x0163, 45 }, // U+0163
    { 0x0164, 62 }, // U+0164
    { 0x0165, 45 }, // U+0165
    { 0x0166, 62 }, // U+0166
    { 0x0167, 45 }, // U+0167
    { 0x0168, 27 }, // U+0168
    { 0x0169, 46 }, // U+0169
    { 0x016A, 27 }, // U+016A
    { 0x016B, 46 }, // U+016B
    { 0x016C, 27 }, // U+016C
    { 0x016D, 46 }, // U+016D
    { 0x016E, 27 }, // U+016E
    { 0x016F, 46 }, // U+016F
    { 0x0170, 27 }, // U+0170
    { 0x0171, 46 }, // U+0171
    { 0x0172, 27 }, // U+0172
    { 0x0173, 46 }, // U+0173
    { 0x0174, 63 }, // U+0174
    { 0x0175, 48 }, // U+0175
    { 0x0176, 58 }, // U+0176
    { 0x0177, 50 }, // U+0177
    { 0x0178, 58 }, // U+0178
    { 0x0179, 32 }, // U+0179
    { 0x017A, 51 }, // U+017A
    { 0x017B, 32 }, // U+017B
    { 0x017C, 51 }, // U+017C
    { 0x017D, 32 }, // U+017D
    { 0x017E, 51 }, // U+017E
    { 0x01A0, 22 }, // U+01A0
    { 0x01A1, 37 }, // U+01A1
    { 0x01AF, 27 }, // U+01AF
    { 0x01B0, 46 }, // U+01B0
    { 0x01C4, 21 }, // U+01C4
    { 0x01C5, 21 }, // U+01C5
    { 0x01C6, 37 }, // U+01C6
    { 0x01C7, 21 }, // U+01C7
    { 0x01C8, 21 }, // U+01C8
    { 0x01C9, 38 }, // U+01C9
    { 0x01CA, 21 }, // U+01CA
    { 0x01CB, 21 }, // U+01CB
    { 0x01CC, 42 }, // U+01CC
    { 0x01CD, 56 }, // U+01CD
    { 0x01CE, 37 }, // U+01CE
    { 0x01D1, 22 }, // U+01D1
    { 0x01D2, 37 }, // U+01D2
    { 0x01D3, 27 }, // U+01D3
    { 0x01D4, 46 }, // U+01D4
    { 0x01E6, 22 }, // U+01E6
    { 0x01E7, 40 }, // U+01E7
    { 0x01EA, 22 }, // U+01EA
    { 0x01EB, 37 }, // U+01EB
    { 0x01F1, 21 }, // U+01F1
    { 0x01F2, 21 }, // U+01F2
    { 0x01FA, 56 }, // U+01FA
    { 0x01FB, 37 }, // U+01FB
    { 0x01FC, 57 }, // U+01FC
    { 0x01FE, 22 }, // U+01FE
    { 0x01FF, 37 }, // U+01FF
    { 0x0200, 56 }, // U+0200
    { 0x0201, 37 }, // U+0201
    { 0x0202, 56 }, // U+0202
    { 0x0203, 37 }, // U+0203
    { 0x0204, 21 }, // U+0204
    { 0x0205, 37 }, // U+0205
    { 0x0206, 21 }, // U+0206
    { 0x0207, 37 }, // U+0207
    { 0x020C, 22 }, // U+020C
    { 0x020D, 37 }, // U+020D
    { 0x020E, 22 }, // U+020E
    { 0x020F, 37 }, // U+020F
    { 0x0210, 21 }, // U+0210
    { 0x0211, 42 }, // U+0211
    { 0x0212, 21 }, // U+0212
    { 0x0213, 42 }, // U+0213
    { 0x0214, 27 }, // U+0214
    { 0x0215, 46 }, // U+0215
    { 0x0216, 27 }, // U+0216
    { 0x0217, 46 }, // U+0217
    { 0x0218, 25 }, // U+0218
    { 0x0219, 44 }, // U+0219
    { 0x021A, 62 }, // U+021A
    { 0x021B, 45 }, // U+021B
    { 0x0402, 64 }, // U+0402
    { 0x0404, 65 }, // U+0404
    { 0x0405, 66 }, // U+0405
    { 0x0408, 67 }, // U+0408
    { 0x0409, 68 }, // U+0409
    { 0x040B, 64 }, // U+040B
    { 0x040E, 69 }, // U+040E
    { 0x0410, 70 }, // U+0410
    { 0x0414, 71 }, // U+0414
    { 0x0416, 72 }, // U+0416
    { 0x0417, 73 }, // U+0417
    { 0x041B, 68 }, // U+041B
    { 0x041E, 65 }, // U+041E
    { 0x0421, 65 }, // U+0421
    { 0x0422, 64 }, // U+0422
    { 0x0423, 69 }, // U+0423
    { 0x0424, 74 }, // U+0424
    { 0x0425, 72 }, // U+0425
    { 0x0427, 75 }, // U+0427
    { 0x042A, 64 }, // U+042A
    { 0x042D, 73 }, // U+042D
    { 0x042F, 76 }, // U+042F
    { 0x0430, 77 }, // U+0430
    { 0x0431, 78 }, // U+0431
    { 0x0432, 79 }, // U+0432
    { 0x0433, 79 }, // U+0433
    { 0x0434, 80 }, // U+0434
    { 0x0435, 81 }, // U+0435
    { 0x0436, 82 }, // U+0436
    { 0x0437, 83 }, // U+0437
    { 0x0438, 79 }, // U+0438
    { 0x0439, 79 }, // U+0439
    { 0x043A, 79 }, // U+043A
    { 0x043B, 84 }, // U+043B
    { 0x043C, 79 }, // U+043C
    { 0x043D, 79 }, // U+043D
    { 0x043E, 81 }, // U+043E
    { 0x043F, 79 }, // U+043F
    { 0x0440, 79 }, // U+0440
    { 0x0441, 81 }, // U+0441
    { 0x0442, 85 }, // U+0442
    { 0x0443, 86 }, // U+0443
    { 0x0444, 81 }, // U+0444
    { 0x0445, 82 }, // U+0445
    { 0x0446, 79 }, // U+0446
    { 0x0447, 87 }, // U+0447
    { 0x0448, 79 }, // U+0448
    { 0x0449, 79 }, // U+0449
    { 0x044A, 85 }, // U+044A
    { 0x044B, 79 }, // U+044B
    { 0x044C, 79 }, // U+044C
    { 0x044D, 83 }, // U+044D
    { 0x044E, 79 }, // U+044E
    { 0x044F, 88 }, // U+044F
    { 0x0450, 81 }, // U+0450
    { 0x0451, 81 }, // U+0451
    { 0x0452, 89 }, // U+0452
    { 0x0453, 79 }, // U+0453
    { 0x0454, 81 }, // U+0454
    { 0x0455, 90 }, // U+0455
    { 0x0457, 91 }, // U+0457
    { 0x0458, 92 }, // U+0458
    { 0x0459, 84 }, // U+0459
    { 0x045A, 79 }, // U+045A
    { 0x045B, 89 }, // U+045B
    { 0x045C, 79 }, // U+045C
    { 0x045D, 79 }, // U+045D
    { 0x045E, 86 }, // U+045E
    { 0x045F, 79 }, // U+045F
    { 0x0460, 93 }, // U+0460
    { 0x0461, 94 }, // U+0461
    { 0x0462, 95 }, // U+0462
    { 0x0465, 96 }, // U+0465
    { 0x0466, 70 }, // U+0466
    { 0x0467, 80 }, // U+0467
    { 0x0469, 96 }, // U+0469
    { 0x046D, 96 }, // U+046D
    { 0x046E, 73 }, // U+046E
    { 0x0470, 75 }, // U+0470
    { 0x0472, 93 }, // U+0472
    { 0x0473, 77 }, // U+0473
    { 0x0474, 97 }, // U+0474
    { 0x0475, 94 }, // U+0475
    { 0x0476, 97 }, // U+0476
    { 0x0477, 94 }, // U+0477
    { 0x0478, 93 }, // U+0478
    { 0x0479, 77 }, // U+0479
    { 0x047A, 93 }, // U+047A
    { 0x047B, 77 }, // U+047B
    { 0x047C, 93 }, // U+047C
    { 0x047D, 77 }, // U+047D
    { 0x047E, 93 }, // U+047E
    { 0x047F, 94 }, // U+047F
    { 0x0480, 93 }, // U+0480
    { 0x0481, 77 }, // U+0481
    { 0x048B, 96 }, // U+048B
    { 0x048C, 95 }, // U+048C
    { 0x048D, 89 }, // U+048D
    { 0x048F, 96 }, // U+048F
    { 0x0491, 96 }, // U+0491
    { 0x0492, 95 }, // U+0492
    { 0x0495, 96 }, // U+0495
    { 0x0496, 72 }, // U+0496
    { 0x0497, 82 }, // U+0497
    { 0x0498, 73 }, // U+0498
    { 0x0499, 83 }, // U+0499
    { 0x049B, 96 }, // U+049B
    { 0x049D, 96 }, // U+049D
    { 0x049F, 89 }, // U+049F
    { 0x04A0, 98 }, // U+04A0
    { 0x04A1, 85 }, // U+04A1
    { 0x04A3, 96 }, // U+04A3
    { 0x04A5, 96 }, // U+04A5
    { 0x04A7, 96 }, // U+04A7
    { 0x04A8, 93 }, // U+04A8
    { 0x04A9, 77 }, // U+04A9
    { 0x04AA, 93 }, // U+04AA
    { 0x04AB, 77 }, // U+04AB
    { 0x04AC, 64 }, // U+04AC
    { 0x04AD, 85 }, // U+04AD
    { 0x04AE, 99 }, // U+04AE
    { 0x04AF, 100 }, // U+04AF
    { 0x04B0, 99 }, // U+04B0
    { 0x04B1, 100 }, // U+04B1
    { 0x04B2, 72 }, // U+04B2
    { 0x04B3, 82 }, // U+04B3
    { 0x04B4, 98 }, // U+04B4
    { 0x04B5, 85 }, // U+04B5
    { 0x04B6, 75 }, // U+04B6
    { 0x04B7, 87 }, // U+04B7
    { 0x04B8, 75 }, // U+04B8
    { 0x04B9, 87 }, // U+04B9
    { 0x04BB, 96 }, // U+04BB
    { 0x04BC, 101 }, // U+04BC
    { 0x04BD, 102 }, // U+04BD
    { 0x04BE, 101 }, // U+04BE
    { 0x04BF, 102 }, // U+04BF
    { 0x04C1, 72 }, // U+04C1
    { 0x04C2, 82 }, // U+04C2
    { 0x04C4, 96 }, // U+04C4
    { 0x04C5, 103 }, // U+04C5
    { 0x04C6, 80 }, // U+04C6
    { 0x04C8, 96 }, // U+04C8
    { 0x04CA, 96 }, // U+04CA
    { 0x04CB, 75 }, // U+04CB
    { 0x04CC, 87 }, // U+04CC
    { 0x04CE, 96 }, // U+04CE
    { 0x04D0, 70 }, // U+04D0
    { 0x04D1, 104 }, // U+04D1
    { 0x04D2, 70 }, // U+04D2
    { 0x04D3, 104 }, // U+04D3
    { 0x04D4, 70 }, // U+04D4
    { 0x04D5, 104 }, // U+04D5
    { 0x04D7, 77 }, // U+04D7
    { 0x04D8, 105 }, // U+04D8
    { 0x04D9, 104 }, // U+04D9
    { 0x04DA, 105 }, // U+04DA
    { 0x04DB, 104 }, // U+04DB
    { 0x04DC, 72 }, // U+04DC
    { 0x04DD, 82 }, // U+04DD
    { 0x04DE, 73 }, // U+04DE
    { 0x04DF, 83 }, // U+04DF
    { 0x04E3, 79 }, // U+04E3
    { 0x04E5, 79 }, // U+04E5
    { 0x04E6, 93 }, // U+04E6
    { 0x04E7, 77 }, // U+04E7
    { 0x04E8, 93 }, // U+04E8
    { 0x04E9, 77 }, // U+04E9
    { 0x04EA, 93 }, // U+04EA
    { 0x04EB, 77 }, // U+04EB
    { 0x04EC, 73 }, // U+04EC
    { 0x04ED, 83 }, // U+04ED
    { 0x04EE, 69 }, // U+04EE
    { 0x04EF, 86 }, // U+04EF
    { 0x04F0, 69 }, // U+04F0
    { 0x04F1, 86 }, // U+04F1
    { 0x04F2, 69 }, // U+04F2
    { 0x04F3, 86 }, // U+04F3
    { 0x04F4, 75 }, // U+04F4
    { 0x04F5, 87 }, // U+04F5
    { 0x04F7, 96 }, // U+04F7
    { 0x04F9, 79 }, // U+04F9
    { 0x04FA, 95 }, // U+04FA
    { 0x04FC, 72 }, // U+04FC
    { 0x04FD, 82 }, // U+04FD
    { 0x04FE, 72 }, // U+04FE
    { 0x04FF, 82 }, // U+04FF
    { 0x05D0, 106 }, // U+05D0
    { 0x05D1, 107 }, // U+05D1
    { 0x05D2, 108 }, // U+05D2
    { 0x05D3, 109 }, // U+05D3
    { 0x05D4, 110 }, // U+05D4
    { 0x05D6, 111 }, // U+05D6
    { 0x05D7, 112 }, // U+05D7
    { 0x05D8, 113 }, // U+05D8
    { 0x05D9, 114 }, // U+05D9
    { 0x05DA, 115 }, // U+05DA
    { 0x05DB, 116 }, // U+05DB
    { 0x05DC, 117 }, // U+05DC
    { 0x05DD, 118 }, // U+05DD
    { 0x05DE, 119 }, // U+05DE
    { 0x05E1, 120 }, // U+05E1
    { 0x05E2, 121 }, // U+05E2
    { 0x05E3, 122 }, // U+05E3
    { 0x05E4, 123 }, // U+05E4
    { 0x05E5, 124 }, // U+05E5
    { 0x05E7, 125 }, // U+05E7
    { 0x05E8, 126 }, // U+05E8
    { 0x05E9, 127 }, // U+05E9
    { 0x05EA, 128 }, // U+05EA
    { 0x1EA0, 56 }, // U+1EA0
    { 0x1EA1, 37 }, // U+1EA1
    { 0x1EA2, 56 }, // U+1EA2
    { 0x1EA3, 37 }, // U+1EA3
    { 0x1EA4, 56 }, // U+1EA4
    { 0x1EA5, 37 }, // U+1EA5
    { 0x1EA6, 56 }, // U+1EA6
    { 0x1EA7, 37 }, // U+1EA7
    { 0x1EA8, 56 }, // U+1EA8
    { 0x1EA9, 37 }, // U+1EA9
    { 0x1EAA, 56 }, // U+1EAA
    { 0x1EAB, 37 }, // U+1EAB
    { 0x1EAC, 56 }, // U+1EAC
    { 0x1EAD, 37 }, // U+1EAD
    { 0x1EAE, 56 }, // U+1EAE
    { 0x1EAF, 37 }, // U+1EAF
    { 0x1EB0, 56 }, // U+1EB0
    { 0x1EB1, 37 }, // U+1EB1
    { 0x1EB2, 56 }, // U+1EB2
    { 0x1EB3, 37 }, // U+1EB3
    { 0x1EB4, 56 }, // U+1EB4
    { 0x1EB5, 37 }, // U+1EB5
    { 0x1EB6, 56 }, // U+1EB6
    { 0x1EB7, 37 }, // U+1EB7
    { 0x1EB8, 21 }, // U+1EB8
    { 0x1EB9, 37 }, // U+1EB9
    { 0x1EBA, 21 }, // U+1EBA
    { 0x1EBB, 37 }, // U+1EBB
    { 0x1EBC, 21 }, // U+1EBC
    { 0x1EBD, 37 }, // U+1EBD
    { 0x1EBE, 21 }, // U+1EBE
    { 0x1EBF, 37 }, // U+1EBF
    { 0x1EC0, 21 }, // U+1EC0
    { 0x1EC1, 37 }, // U+1EC1
    { 0x1EC2, 21 }, // U+1EC2
    { 0x1EC3, 37 }, // U+1EC3
    { 0x1EC4, 21 }, // U+1EC4
    { 0x1EC5, 37 }, // U+1EC5
    { 0x1EC6, 21 }, // U+1EC6
    { 0x1EC7, 37 }, // U+1EC7
    { 0x1ECC, 22 }, // U+1ECC
    { 0x1ECD, 37 }, // U+1ECD
    { 0x1ECE, 22 }, // U+1ECE
    { 0x1ECF, 37 }, // U+1ECF
    { 0x1ED0, 22 }, // U+1ED0
    { 0x1ED1, 37 }, // U+1ED1
    { 0x1ED2, 22 }, // U+1ED2
    { 0x1ED3, 37 }, // U+1ED3
    { 0x1ED4, 22 }, // U+1ED4
    { 0x1ED5, 37 }, // U+1ED5
    { 0x1ED6, 22 }, // U+1ED6
    { 0x1ED7, 37 }, // U+1ED7
    { 0x1ED8, 22 }, // U+1ED8
    { 0x1ED9, 37 }, // U+1ED9
    { 0x1EDA, 22 }, // U+1EDA
    { 0x1EDB, 37 }, // U+1EDB
    { 0x1EDC, 22 }, // U+1EDC
    { 0x1EDD, 37 }, // U+1EDD
    { 0x1EDE, 22 }, // U+1EDE
    { 0x1EDF, 37 }, // U+1EDF
    { 0x1EE0, 22 }, // U+1EE0
    { 0x1EE1, 37 }, // U+1EE1
    { 0x1EE2, 22 }, // U+1EE2
    { 0x1EE3, 37 }, // U+1EE3
    { 0x1EE4, 27 }, // U+1EE4
    { 0x1EE5, 46 }, // U+1EE5
    { 0x1EE6, 27 }, // U+1EE6
    { 0x1EE7, 46 }, // U+1EE7
    { 0x1EE8, 27 }, // U+1EE8
    { 0x1EE9, 46 }, // U+1EE9
    { 0x1EEA, 27 }, // U+1EEA
    { 0x1EEB, 46 }, // U+1EEB
    { 0x1EEC, 27 }, // U+1EEC
    { 0x1EED, 46 }, // U+1EED
    { 0x1EEE, 27 }, // U+1EEE
    { 0x1EEF, 46 }, // U+1EEF
    { 0x1EF0, 27 }, // U+1EF0
    { 0x1EF1, 46 }, // U+1EF1
    { 0x1EF2, 58 }, // U+1EF2
    { 0x1EF3, 50 }, // U+1EF3
    { 0x1EF4, 58 }, // U+1EF4
    { 0x1EF5, 50 }, // U+1EF5
    { 0x1EF6, 58 }, // U+1EF6
    { 0x1EF7, 50 }, // U+1EF7
    { 0x1EF8, 58 }, // U+1EF8
    { 0x1EF9, 50 }, // U+1EF9
    { 0x2013, 129 }, // U+2013
    { 0x2014, 130 }, // U+2014
    { 0x2018, 131 }, // U+2018
    { 0x2019, 132 }, // U+2019
    { 0x201C, 133 }, // U+201C
    { 0x201D, 134 }, // U+201D
    { 0x2022, 135 }, // U+2022
    { 0x2206, 136 }, // U+2206
    { 0x222B, 137 }, // U+222B
    { 0xFB01, 39 }, // U+FB01
    { 0xFB02, 39 }, // U+FB02
};

static const int8_t lexenddeca_12_boldKernMatrix[] = {
       0,    0,   -6,    0,    0,    0,    0,    0,    0,    0,    0,    0,    0,    0,    0,    0,    0,    0,    0,    0,    0,    0,    0,    0,    0,  -22,    0,  -24,  -16,    0,  -20,    0,    0,    0,    0,    0,    0,    0,    0,    0,    0,    0,    0,    0,    0,    0,  -12,  -12,    0,  -12,    0,    0,    0,    0,    0,    0,    0,  -20,    0,   -4,    0,  -22,  -16,    0,    0,    0,    0,    0,    0,    0,    0,    0,    0,    0,    0,    0,    0,    0,    0,    0,    0,    0,    0,    0,    0,    0,    0,    0,    0,    0,    0,    0,    0,    0,    0,    0,    0,    0,    0,    0,    0,    0,    0,    0,    0,    0,    0,    0,    0,    0,    0,    0,    0,    0,    0,    0,    0,    0,    0,    0,    0,    0,    0,    0,    0,    0,    0,    0,    0,    0,    0,    0,    0,    0,    0,    0,    0,
       0,    0,    0,    0,    0,    0,    0,    0,    0,    0,    0,    0,    0,    0,    0,    0,    0,    0,    0,    0,    0,  -12,    0,  -16,    0,    0,    0,    0,    0,    0,    0,    0,    0,    0,    0,    0,  -10,    0,    0,  -10,   12,    0,   12,    0,    0,    0,    0,    0,    0,    0,    0,    0,    0,    0,    0,    0,    0,    0,    0,  -10,    6,    0,    0,    0,    0,    0,    0,    0,    0,    0,    0,    0,    0,    0,    0,    0,    0,    0,    0,    0,    0,    0,    0,    0,    0,    0,    0,    0,    0,    0,    0,    0,    0,    0,    0,    0,    0,    0,    0,    0,    0,    0,    0,    0,    0,    0,    0,    0,    0,    0,    0,    0,    0,    0,    0,    0,    0,    0,    0,    0,    0,    0,    0,    0,    0,    0,    0,    0,    0,    0,    0,    0,    0,    0,    0,    0,    0,
       0,    0,    0,    0,    0,    0,    0,    0,    0,    0,    0,    0,    0,    0,    0,    0,    0,    0,    0,  -30,    0,    0,    0,    0,    0,    0,    0,    0,    0,    0,    0,    0,    0,    0,    0,    0,    0,    0,    0,    0,    0,    0,    0,    0,    0,    0,    2,    0,    0,    0,    0,    0,    0,    0,    0,  -30,    0,    0,    0,  -10,    0,    0,    0,    0,    0,    0,    0,    0,    0,    0,    0,    0,    0,    0,    0,    0,    0,    0,    0,    0,    0,    0,    0,    0,    0,    0,    0,    0,    0,    0,    0,    0,    0,    0,    0,    0,    0,    0,    0,    0,    0,    0,    0,    0,    0,    0,    0,    0,    0,    0,    0,    0,    0,    0,    0,    0,    0,    0,    0,    0,    0,    0,    0,    0,    0,    0,    0,    0,    0,    0,    0,    0,    0,    0,    0,    0,    0,
       0,    0,    0,    0,    0,    0,    0,    0,    0,    0,    0,  -10,    0,    0,    0,    0,    0,    0,    0,    0,    0,   -8,    0,    0,    0,  -40,    0,  -48,  -32,    0,  -48,    0,    0,    0,    0,    0,    0,    0,    0,    0,    0,    0,    0,    0,    0,    0,  -32,  -16,    0,  -16,    0,    0,    0,    0,    0,    0,    0,  -48,    0,    0,    0,  -40,  -32,    0,    0,    0,    0,    0,    0,    0,    0,    0,    0,    0,    0,    0,    0,    0,    0,    0,    0,    0,    0,    0,    0,    0,    0,    0,    0,    0,    0,    0,    0,    0,    0,    0,    0,    0,    0,    0,    0,    0,    0,    0,    0,    0,    0,    0,    0,    0,    0,    0,    0,    0,    0,    0,    0,    0,    0,    0,    0,    0,    0,    0,    0,    0,    0,    0,    0,    0,    0,    0,    0,    0,    0,    0,    0,
       0,    0,    0,    0,    0,    0,    0,    0,    0,    0,    0,  -10,    0,    0,    0,    0,    0,    0,    0,    0,    0,   -8,    0,    0,    0,  -40,    0,  -40,  -32,    0,  -48,    0,    0,    0,    0,    0,    0,    0,    0,    0,    0,    0,    0,    0,    0,    0,  -32,  -16,    0,  -16,    0,    0,    0,    0,    0,    0,    0,  -48,    0,    0,    0,  -40,  -32,    0,    0,    0,    0,    0,    0,    0,    0,    0,    0,    0,    0,    0,    0,    0,    0,    0,    0,    0,    0,    0,    0,    0,    0,    0,    0,    0,    0,    0,    0,    0,    0,    0,    0,    0,    0,    0,    0,    0,    0,    0,    0,    0,    0,    0,    0,    0,    0,    0,    0,    0,    0,    0,    0,    0,    0,    0,    0,    0,    0,    0,    0,    0,    0,    0,    0,    0,    0,    0,    0,    0,    0,    0,    0,
       0,    0,    0,    0,    0,    0,    0,  -37,  -20,  -12,  -12,  -24,  -20,    0,    0,    0,    0,    0,    0,  -40,    0,  -16,    0,  -20,    0,    0,    0,    0,    0,    0,    0,    0,    0,    0,    0,    0,  -20,    0,    0,  -20,    0,    0,    0,  -12,    0,    0,    0,    0,   -2,    0,    0,    0,    0,    0,    0,  -40,    0,    0,   -5,  -13,    0,    0,    0,    0,    0,    0,    0,    0,    0,    0,    0,    0,    0,    0,    0,    0,    0,    0,    0,    0,    0,    0,    0,    0,    0,    0,    0,    0,    0,    0,    0,    0,    0,    0,    0,    0,    0,    0,    0,    0,    0,    0,    0,    0,    0,    0,    0,    0,    0,    0,    0,    0,    0,    0,    0,    0,    0,    0,    0,    0,    0,    0,    0,    0,    0,    0,    0,    0,    0,    0,    0,    0,    0,    0,    0,    0,    0,
       0,    0,    0,    0,    0,    0,    0,  -20,    0,    0,    0,    0,    0,    0,    0,    0,    0,    0,    0,    0,    0,    0,    0,    0,    0,    0,    0,    0,    0,    0,    0,    0,    0,    0,    0,    0,    0,    0,    0,    0,    0,    0,    0,    0,    0,    0,    0,    0,    0,    0,    0,    0,    0,    0,    0,    0,    0,    0,    0,    0,    0,    0,    0,    0,    0,    0,    0,    0,    0,    0,    0,    0,    0,    0,    0,    0,    0,    0,    0,    0,    0,    0,    0,    0,    0,    0,    0,    0,    0,    0,    0,    0,    0,    0,    0,    0,    0,    0,    0,    0,    0,    0,    0,    0,    0,    0,    0,    0,    0,    0,    0,    0,    0,    0,    0,    0,    0,    0,    0,    0,    0,    0,    0,    0,    0,    0,    0,    0,    0,    0,    0,    0,    0,    0,    0,  -20,    0,
       0,    0,    0,    0,    0,    0,    0,    0,    0,    0,    0,    0,    0,    0,    0,    0,  -16,    0,    0,    0,    0,    0,    0,    0,    0,    0,    0,    0,    0,    0,    0,    0,    0,    0,    0,    0,    0,    0,    0,    0,    0,    0,    0,    0,    0,    0,    0,    0,    0,    0,    0,    0,    0,    0,    0,    0,    0,    0,    0,    0,    0,    0,    0,    0,    0,    0,    0,    0,    0,    0,    0,    0,    0,    0,    0,    0,    0,    0,    0,    0,    0,    0,    0,    0,    0,    0,    0,    0,    0,    0,    0,    0,    0,    0,    0,    0,    0,    0,    0,    0,    0,    0,    0,    0,    0,    0,    0,    0,    0,    0,    0,    0,    0,    0,    0,    0,    0,    0,    0,    0,    0,    0,    0,    0,    0,    0,    0,    0,    0,    0,    0,    0,    0,    0,    0,    0,    0,
       0,    0,    0,    0,    0,    0,    0,    0,    0,    0,    0,   -8,    0,    0,    0,    0,    0,    0,    0,    0,    0,    0,    0,    0,    0,    0,    0,    0,    0,    0,    0,    0,    0,    0,    0,    0,    0,    0,    0,    0,    0,    0,    0,    0,    0,    0,    0,    0,    0,    0,    0,    4,    0,    0,    0,    0,    0,    0,    0,    0,    0,    0,    0,    0,    0,    0,    0,    0,    0,    0,    0,    0,    0,    0,    0,    0,    0,    0,    0,    0,    0,    0,    0,    0,    0,    0,    0,    0,    0,    0,    0,    0,    0,    0,    0,    0,    0,    0,    0,    0,    0,    0,    0,    0,    0,    0,    0,    0,    0,    0,    0,    0,    0,    0,    0,    0,    0,    0,    0,    0,    0,    0,    0,    0,    0,    0,    0,    0,    0,    0,    0,    0,    0,    0,    0,    0,    0,
       0,    0,    0,    0,    0,    0,    0,  -10,    0,    0,    0,    0,    0,    0,    0,    0,    0,    0,    0,    0,    0,    0,    0,    0,    0,    0,    0,    0,    0,    0,    0,    0,    0,    0,    0,    0,    0,    0,    0,    0,    0,    0,    0,    0,    0,    0,    0,    0,    0,    0,    0,    0,    0,    0,    0,    0,    0,    0,    0,    0,    0,    0,    0,    0,    0,    0,    0,    0,    0,    0,    0,    0,    0,    0,    0,    0,    0,    0,    0,    0,    0,    0,    0,    0,    0,    0,    0,    0,    0,    0,    0,    0,    0,    0,    0,    0,    0,    0,    0,    0,    0,    0,    0,    0,    0,    0,    0,    0,    0,    0,    0,    0,    0,    0,    0,    0,    0,    0,    0,    0,    0,    0,    0,    0,    0,    0,    0,    0,    0,    0,    0,    0,    0,    0,    0,  -12,    0,
       0,    0,    0,    0,    0,    0,    0,    0,    0,    0,   -8,    0,    0,   -8,    0,    0,    0,    0,    0,    0,    0,    0,    0,    0,    0,    0,    0,    0,    0,    0,    0,    0,    0,    0,    0,    0,    0,    0,    0,    0,    0,    0,    0,    0,    0,    0,    0,    0,    0,    0,    0,    0,    0,    0,    0,    0,    0,    0,    0,    0,    0,    0,    0,    0,    0,    0,    0,    0,    0,    0,    0,    0,    0,    0,    0,    0,    0,    0,    0,    0,    0,    0,    0,    0,    0,    0,    0,    0,    0,    0,    0,    0,    0,    0,    0,    0,    0,    0,    0,    0,    0,    0,    0,    0,    0,    0,    0,    0,    0,    0,    0,    0,    0,    0,    0,    0,    0,    0,    0,    0,    0,    0,    0,    0,    0,    0,    0,    0,    0,    0,    0,    0,    0,    0,    0,    0,  -24,
       0,    0,    0,    0,    0,    0,    0,  -16,    0,    0,    0,    0,    0,    0,    0,    0,    0,    0,    0,    0,    0,    0,    0,    0,    0,    0,    0,    0,    0,    0,    0,    0,    0,    0,    0,    0,    0,    0,    0,    0,    0,    0,    0,    0,    0,    0,    0,    0,    0,    0,    0,    0,    0,    0,    0,    0,    0,    0,    0,    0,    0,    0,    0,    0,    0,    0,    0,    0,    0,    0,    0,    0,    0,    0,    0,    0,    0,    0,    0,    0,    0,    0,    0,    0,    0,    0,    0,    0,    0,    0,    0,    0,    0,    0,    0,    0,    0,    0,    0,    0,    0,    0,    0,    0,    0,    0,    0,    0,    0,    0,    0,    0,    0,    0,    0,    0,    0,    0,    0,    0,    0,    0,    0,    0,    0,    0,    0,    0,    0,    0,    0,    0,    0,    0,    0,   -8,    0,
       0,    0,    0,    0,    0,    0,    0,    0,    0,    0,    0,    0,    0,    0,    0,    0,    0,    0,    0,    0,    0,    0,    0,    0,    0,    0,    0,    0,    0,    0,    0,    0,    0,    0,    0,    0,    0,    0,    0,    0,    0,    0,    0,    0,    0,    0,    0,    0,    0,    0,    0,    0,    0,    0,    0,    0,    0,    0,    0,    0,    0,    0,    0,    0,    0,    0,    0,    0,    0,    0,    0,    0,    0,    0,    0,    0,    0,    0,    0,    0,    0,    0,    0,    0,    0,    0,    0,    0,    0,    0,    0,    0,    0,    0,    0,    0,    0,    0,    0,    0,    0,    0,    0,    0,    0,    0,    0,    0,    0,    0,    0,    0,    0,    0,    0,    0,    0,    0,    0,    0,    0,    0,    0,    0,    0,    0,    0,    0,    0,    0,    0,    0,    0,    0,    0,   -8,    0,
       0,    0,    0,    0,  -40,    0,  -32,  -48,    0,   -6,   -8,  -10,   -8,    0,   -8,    0,  -20,    0,    0,    0,    0,    0,    0,    0,    0,    0,    0,    0,    0,    0,    0,    0,    0,    0,    0,    0,    0,    0,    0,    0,    0,    0,    0,    0,    0,    0,    0,    0,    0,    0,    0,    0,    0,    0,    0,    0,    0,    0,    0,    0,    0,    0,    0,    0,    0,    0,    0,    0,    0,    0,    0,    0,    0,    0,    0,    0,    0,    0,    0,    0,    0,    0,    0,    0,    0,    0,    0,    0,    0,    0,    0,    0,    0,    0,    0,    0,    0,    0,    0,    0,    0,    0,    0,    0,    0,    0,    0,    0,    0,    0,    0,    0,    0,    0,    0,    0,    0,    0,    0,    0,    0,    0,    0,    0,    0,    0,    0,    0,    0,    0,    0,    0,    0,    0,    0,  -36,    0,
       0,    0,    0,    0,    0,    0,    0,    0,    0,    0,    0,    0,    0,    0,    0,    0,    0,    0,    0,    0,    0,    0,    0,    0,    0,    0,    0,    0,    0,    0,    0,    0,    0,    0,    0,    0,    0,    0,    0,    0,    0,    0,    0,    0,    0,    0,    0,    0,    0,    0,    0,    0,    0,    0,    0,    0,    0,    0,    0,    0,    0,    0,    0,    0,    0,    0,    0,    0,    0,    0,    0,    0,    0,    0,    0,    0,    0,    0,    0,    0,    0,    0,    0,    0,    0,    0,    0,    0,    0,    0,    0,    0,    0,    0,    0,    0,    0,    0,    0,    0,    0,    0,    0,    0,    0,    0,    0,    0,    0,    0,    0,    0,    0,    0,    0,    0,    0,    0,    0,    0,    0,    0,    0,    0,    0,    0,    0,    0,    0,    0,    0,    0,    0,    0,    0,  -12,    0,
       0,    0,    0,    0,    0,    0,    0,  -20,    0,    0,    0,    0,    0,    0,    0,    0,    0,    0,    0,    0,    0,    0,    0,    0,    0,    0,    0,    0,    0,    0,    0,    0,    0,    0,    0,    0,    0,    0,    0,    0,    0,    0,    0,    0,    0,    0,    0,    0,    0,    0,    0,    0,    0,    0,    0,    0,    0,    0,    0,    0,    0,    0,    0,    0,    0,    0,    0,    0,    0,    0,    0,    0,    0,    0,    0,    0,    0,    0,    0,    0,    0,    0,    0,    0,    0,    0,    0,    0,    0,    0,    0,    0,    0,    0,    0,    0,    0,    0,    0,    0,    0,    0,    0,    0,    0,    0,    0,    0,    0,    0,    0,    0,    0,    0,    0,    0,    0,    0,    0,    0,    0,    0,    0,    0,    0,    0,    0,    0,    0,    0,    0,    0,    0,    0,    0,  -16,    0,
       0,    0,    0,    0,    0,    0,    0,    0,    0,   -8,    0,    0,    0,    0,    0,    0,    0,    0,    0,    0,    0,    0,    0,    0,    0,    0,    0,    0,    0,    0,    0,    0,    0,    0,    0,    0,    0,    0,    0,    0,    0,    0,    0,    0,    0,    0,    0,    0,    0,    0,    0,    0,    0,    0,    0,    0,    0,    0,    0,    0,    0,    0,    0,    0,    0,    0,    0,    0,    0,    0,    0,    0,    0,    0,    0,    0,    0,    0,    0,    0,    0,    0,    0,    0,    0,    0,    0,    0,    0,    0,    0,    0,    0,    0,    0,    0,    0,    0,    0,    0,    0,    0,    0,    0,    0,    0,    0,    0,    0,    0,    0,    0,    0,    0,    0,    0,    0,    0,    0,    0,    0,    0,    0,    0,    0,    0,    0,    0,    0,    0,    0,    0,    0,    0,    0,    0,    0,
       0,    0,    0,    0,    0,    0,    0,    0,    0,  -24,  -12,    0,    0,  -20,    0,    0,    0,    0,    0,    0,    0,    0,    0,    0,    0,    0,    0,    0,    0,    0,    0,    0,    0,    0,    0,    0,    0,    0,    0,    0,    0,    0,    0,    0,    0,    0,    0,    0,    0,    0,    0,    0,    0,    0,    0,    0,    0,    0,    0,    0,    0,    0,    0,    0,    0,    0,    0,    0,    0,    0,    0,    0,    0,    0,    0,    0,    0,    0,    0,    0,    0,    0,    0,    0,    0,    0,    0,    0,    0,    0,    0,    0,    0,    0,    0,    0,    0,    0,    0,    0,    0,    0,    0,    0,    0,    0,    0,    0,    0,    0,    0,    0,    0,    0,    0,    0,    0,    0,    0,    0,    0,    0,    0,    0,    0,    0,    0,    0,    0,    0,    0,    0,    0,    0,    0,    0,    0,
       0,    0,    0,    0,    0,    0,    0,    0,    0,    0,    0,    0,    0,    0,    0,    0,    0,    0,    0,  -16,    0,    0,    0,  -30,    0,    0,    0,    0,    0,    0,    0,    0,    0,    0,    0,    0,    0,    0,    0,    0,    0,    0,    0,    0,    0,    0,    0,    0,    0,    0,    0,    0,    0,    0,    0,  -16,    0,    0,    0,   -6,    0,    0,    0,    0,    0,    0,    0,    0,    0,    0,    0,    0,    0,    0,    0,    0,    0,    0,    0,    0,    0,    0,    0,    0,    0,    0,    0,    0,    0,    0,    0,    0,    0,    0,    0,    0,    0,    0,    0,    0,    0,    0,    0,    0,    0,    0,    0,    0,    0,    0,    0,    0,    0,    0,    0,    0,    0,    0,    0,    0,    0,    0,    0,    0,    0,    0,    0,    0,    0,    0,    0,    0,    0,    0,    0,    0,    0,
       0,    0,    0,    0,    0,    0,    0,    0,    0,    0,    0,    0,    0,    0,    0,    0,    0,    0,    0,    0,    0,    0,    0,    0,    0,    0,    0,   -2,    0,    0,    0,    0,    0,    0,    0,    0,    0,    0,    0,    0,    0,    0,    0,    0,    0,    0,    0,    0,   -1,    0,    0,    0,    0,    0,    0,    0,    0,    0,    0,    0,    0,    0,    0,    0,    0,    0,    0,    0,    0,    0,    0,    0,    0,    0,    0,    0,    0,    0,    0,    0,    0,    0,    0,    0,    0,    0,    0,    0,    0,    0,    0,    0,    0,    0,    0,    0,    0,    0,    0,    0,    0,    0,    0,    0,    0,    0,    0,    0,    0,    0,    0,    0,    0,    0,    0,    0,    0,    0,    0,    0,    0,    0,    0,    0,    0,    0,    0,    0,    0,    0,    0,    0,    0,    0,    0,    0,    0,
       0,    0,    0,  -30,    0,  -20,    0,    0,    0,    0,    0,    0,    0,    0,    0,    0,    0,    0,    0,    0,    0,   -8,    0,    0,    0,  -20,   -8,  -30,  -16,    0,  -32,    0,    0,  -40,    0,    0,   -8,    0,   -8,   -4,    0,    0,    0,    0,   -2,   -4,  -20,  -18,    0,  -10,    0,    0,    0,    0,    0,    0,    0,  -32,   -8,   -8,    0,  -20,  -16,    0,    0,    0,    0,    0,    0,    0,    0,    0,    0,    0,    0,    0,    0,    0,    0,    0,    0,    0,    0,    0,    0,    0,    0,    0,    0,    0,    0,    0,    0,    0,    0,    0,    0,    0,    0,    0,    0,    0,    0,    0,    0,    0,    0,    0,    0,    0,    0,    0,    0,    0,    0,    0,    0,    0,    0,    0,    0,    0,    0,    0,    0,    0,    0,    0,  -20,  -20,  -52,  -54,  -28,  -30,    0,    0,    0,
       0,    0,   -8,    0,    0,    0,    0,  -16,    0,    0,    0,    0,    0,    0,    0,    0,    0,    0,    0,    0,    0,    0,    0,    0,    0,   -6,    0,   -3,   -2,   -5,   -9,    0,    0,    0,    0,    0,    0,   -1,    0,   -2,    0,    0,    0,    0,    0,    0,    0,    0,   -1,    0,    0,    0,    0,    0,    0,    0,    0,   -9,    0,    0,   -1,   -6,   -2,    0,    0,    0,    0,    0,    0,    0,    0,    0,    0,    0,    0,    0,    0,    0,    0,    0,    0,    0,    0,    0,    0,    0,    0,    0,    0,    0,    0,    0,    0,    0,    0,    0,    0,    0,    0,    0,    0,    0,    0,    0,    0,    0,    0,    0,    0,    0,    0,    0,    0,    0,    0,    0,    0,    0,    0,    0,    0,    0,    0,    0,    0,    0,    0,    0,    0,    0,    0,    0,    0,    0,    0,    0,    0,
       0,    0,    8,    0,    0,    0,    0,    0,    0,    0,    0,    0,    0,    0,    0,    0,    0,    0,    0,    0,    0,    0,    0,    0,    0,    0,    0,    0,    0,    0,    0,    0,    0,    0,    0,    0,    0,    0,    0,    0,    0,    0,    0,    0,    0,    0,    0,    0,    0,    0,    0,    0,    0,    0,    0,    0,    0,    0,    0,    0,    0,    0,    0,    0,    0,    0,    0,    0,    0,    0,    0,    0,    0,    0,    0,    0,    0,    0,    0,    0,    0,    0,    0,    0,    0,    0,    0,    0,    0,    0,    0,    0,    0,    0,    0,    0,    0,    0,    0,    0,    0,    0,    0,    0,    0,    0,    0,    0,    0,    0,    0,    0,    0,    0,    0,    0,    0,    0,    0,    0,    0,    0,    0,    0,    0,    0,    0,    0,    0,    0,    0,   16,    0,   16,    0,    0,    0,
       0,    0,  -12,    0,    0,    0,   -8,  -16,    0,    0,    0,    0,    0,    0,    0,    0,    0,    0,    0,   -8,    0,    0,   -6,   -6,    0,  -12,    0,  -12,   -2,  -14,  -14,  -18,    0,  -20,    0,    0,    0,    0,    0,    0,    0,    0,    0,    0,    0,    0,    0,    0,   -4,    0,    0,  -10,    0,    0,    0,   -8,    0,  -14,    0,    0,    0,  -12,   -2,    0,    0,    0,    0,    0,    0,    0,    0,    0,    0,    0,    0,    0,    0,    0,    0,    0,    0,    0,    0,    0,    0,    0,    0,    0,    0,    0,    0,    0,    0,    0,    0,    0,    0,    0,    0,    0,    0,    0,    0,    0,    0,    0,    0,    0,    0,    0,    0,    0,    0,    0,    0,    0,    0,    0,    0,    0,    0,    0,    0,    0,    0,    0,    0,    0,    0,    0,    0,    0,    0,    0,    0,    0,    0,
       0,    0,    0,    0,    0,    0,    0,    0,    0,    0,    0,    0,    0,    0,    0,    0,    0,    0,    0,    0,    0,    0,    0,   -4,    0,    0,    0,    0,    0,    0,    0,    0,    0,    0,    0,    0,   -2,    0,    0,   -4,    0,    0,    0,    0,    0,   -4,   -6,    0,    0,   -4,    0,    0,    0,    0,    0,    0,    0,    0,    0,   -2,    0,    0,    0,    0,    0,    0,    0,    0,    0,    0,    0,    0,    0,    0,    0,    0,    0,    0,    0,    0,    0,    0,    0,    0,    0,    0,    0,    0,    0,    0,    0,    0,    0,    0,    0,    0,    0,    0,    0,    0,    0,    0,    0,    0,    0,    0,    0,    0,    0,    0,    0,    0,    0,    0,    0,    0,    0,    0,    0,    0,    0,    0,    0,    0,    0,    0,    0,    0,    0,    0,    0,    0,    0,    0,    0,    0,    0,
       0,    0,    0,    0,  -32,    0,  -32,    0,    0,    0,    0,    0,    0,    0,    0,    0,    0,    0,    0,  -24,    0,   -4,    0,  -48,   -2,    6,    0,    0,    0,   -2,    0,    0,    0,    0,    0,    0,   -6,    0,    0,   -4,    0,   -4,   -4,   -4,    0,   -6,   -2,    0,   -6,    0,   -2,    0,    0,    0,    0,  -24,  -44,    0,    0,   -6,    0,    6,    0,    0,    0,    0,    0,    0,    0,    0,    0,    0,    0,    0,    0,    0,    0,    0,    0,    0,    0,    0,    0,    0,    0,    0,    0,    0,    0,    0,    0,    0,    0,    0,    0,    0,    0,    0,    0,    0,    0,    0,    0,    0,    0,    0,    0,    0,    0,    0,    0,    0,    0,    0,    0,    0,    0,    0,    0,    0,    0,    0,    0,    0,    0,    0,    0,    0,    0,    0,    0,    0,    0,    0,    0,    0,    0,
       0,    0,    0,    0,    0,    0,    0,  -16,    0,    0,    0,    0,    0,    0,    0,    0,    0,    0,    0,   -4,    0,    0,   -4,    0,    0,  -10,    0,   -6,   -4,    0,  -10,    0,    0,  -20,    0,    0,    0,    0,    0,    0,    0,    0,    0,    0,    0,    0,    0,    0,    0,    0,    0,    0,    0,    0,    0,   -4,    0,  -10,    0,    0,    0,  -10,   -4,    0,    0,    0,    0,    0,    0,    0,    0,    0,    0,    0,    0,    0,    0,    0,    0,    0,    0,    0,    0,    0,    0,    0,    0,    0,    0,    0,    0,    0,    0,    0,    0,    0,    0,    0,    0,    0,    0,    0,    0,    0,    0,    0,    0,    0,    0,    0,    0,    0,    0,    0,    0,    0,    0,    0,    0,    0,    0,    0,    0,    0,    0,    0,    0,    0,    0,    0,    0,    0,    0,    0,    0,    0,    0,
       0,    0,    0,    0,    0,    0,    0,    0,    0,    0,    0,    0,    0,    0,    0,    0,    0,    0,    0,    0,    0,   -6,    0,    0,    0,    0,    0,    0,    0,    0,    0,    0,    0,    0,    0,    0,    0,    0,    0,    0,    0,    0,    0,    0,    0,    0,    0,    0,    0,    0,    0,    0,    0,    0,    0,    0,    0,    0,    0,    0,    0,    0,    0,    0,    0,    0,    0,    0,    0,    0,    0,    0,    0,    0,    0,    0,    0,    0,    0,    0,    0,    0,    0,    0,    0,    0,    0,    0,    0,    0,    0,    0,    0,    0,    0,    0,    0,    0,    0,    0,    0,    0,    0,    0,    0,    0,    0,    0,    0,    0,    0,    0,    0,    0,    0,    0,    0,    0,    0,    0,    0,    0,    0,    0,    0,    0,    0,    0,    0,    0,    0,    0,    0,    0,    0,    0,    0,
       0,    0,   16,    0,  -28,    0,  -20,  -20,    0,    0,    0,    0,    0,    0,    0,    0,    0,    0,    0,  -30,    0,  -12,    0,  -20,    0,    0,    0,    0,    0,    0,    0,    0,    0,    0,   12,    0,  -20,    0,  -20,  -20,    0,  -16,  -16,  -16,    0,  -20,  -16,   -8,    0,  -16,   -8,   16,    0,    0,    0,  -30,    0,    0,  -20,  -20,    0,    0,    0,    0,    0,    0,    0,    0,    0,    0,    0,    0,    0,    0,    0,    0,    0,    0,    0,    0,    0,    0,    0,    0,    0,    0,    0,    0,    0,    0,    0,    0,    0,    0,    0,    0,    0,    0,    0,    0,    0,    0,    0,    0,    0,    0,    0,    0,    0,    0,    0,    0,    0,    0,    0,    0,    0,    0,    0,    0,    0,    0,    0,    0,    0,    0,    0,    0,    0,    0,   24,   32,   24,   32,    0,    0,    0,
       0,    0,    0,    0,    0,  -36,    0,    0,    0,    0,    0,    0,    0,    0,    0,    0,    0,    0,    0,    0,    0,  -18,    0,  -12,   -4,    0,   -6,   -2,   -2,    0,    8,    0,    0,    0,    0,    0,  -18,    0,    0,    0,    0,   -3,   -3,   -2,   -1,   -5,  -16,  -16,    0,  -16,    0,    0,    0,    0,    0,    0,    0,    8,    0,  -18,    0,    0,   -2,    0,    0,    0,    0,    0,    0,    0,    0,    0,    0,    0,    0,    0,    0,    0,    0,    0,    0,    0,    0,    0,    0,    0,    0,    0,    0,    0,    0,    0,    0,    0,    0,    0,    0,    0,    0,    0,    0,    0,    0,    0,    0,    0,    0,    0,    0,    0,    0,    0,    0,    0,    0,    0,    0,    0,    0,    0,    0,    0,    0,    0,    0,    0,    0,    0,  -36,  -36,    0,    0,    0,    0,    0,    0,    0,
       0,    0,    0,  -30,    0,  -24,    0,    0,    0,    0,    0,    0,    0,    0,    0,    0,    0,    0,    0,    0,    0,   -8,    0,    0,    0,  -34,   -8,  -30,  -30,    0,  -48,    0,    0,  -40,    0,    0,   -8,    0,    0,    0,    0,    0,    0,    0,   -2,    0,  -10,   -2,    0,  -16,    8,    0,    0,    0,    0,    0,    0,  -48,    0,   -8,    0,  -34,  -30,    0,    0,    0,    0,    0,    0,    0,    0,    0,    0,    0,    0,    0,    0,    0,    0,    0,    0,    0,    0,    0,    0,    0,    0,    0,    0,    0,    0,    0,    0,    0,    0,    0,    0,    0,    0,    0,    0,    0,    0,    0,    0,    0,    0,    0,    0,    0,    0,    0,    0,    0,    0,    0,    0,    0,    0,    0,    0,    0,    0,    0,    0,    0,    0,    0,  -24,  -24,  -48,  -40,  -48,  -40,    0,    0,    0,
       0,    0,    0,    0,  -52,    0,  -40,  -32,    0,    0,    0,    0,    0,    0,    0,    0,    0,    0,    0,  -26,    0,    0,    0,  -30,    0,    0,    0,    0,    3,   -6,    0,   -6,    0,  -20,    0,    0,   -4,    0,    3,   -4,    0,    0,    0,    0,    6,   -2,    4,    6,    0,    4,    0,    0,    0,    0,    0,  -26,    0,    0,    3,   -4,    0,    0,    3,    0,    0,    0,    0,    0,    0,    0,    0,    0,    0,    0,    0,    0,    0,    0,    0,    0,    0,    0,    0,    0,    0,    0,    0,    0,    0,    0,    0,    0,    0,    0,    0,    0,    0,    0,    0,    0,    0,    0,    0,    0,    0,    0,    0,    0,    0,    0,    0,    0,    0,    0,    0,    0,    0,    0,    0,    0,    0,    0,    0,    0,    0,    0,    0,    0,    0,    0,   12,   20,   12,   20,    0,    0,    0,
       0,    0,  -12,    0,    0,    0,   -8,  -16,    0,    0,    0,    0,    0,    0,    0,    0,    0,    0,    0,   -8,    0,    0,   -6,   -6,    0,  -12,    0,  -12,   -2,  -14,  -14,  -18,    0,  -20,    0,   -4,    0,    0,    0,    0,    0,    0,    0,    0,    0,    0,    0,    0,   -4,    0,    0,  -10,    0,    0,    0,   -8,    0,  -14,    0,    0,    0,  -12,   -2,    0,    0,    0,    0,    0,    0,    0,    0,    0,    0,    0,    0,    0,    0,    0,    0,    0,    0,    0,    0,    0,    0,    0,    0,    0,    0,    0,    0,    0,    0,    0,    0,    0,    0,    0,    0,    0,    0,    0,    0,    0,    0,    0,    0,    0,    0,    0,    0,    0,    0,    0,    0,    0,    0,    0,    0,    0,    0,    0,    0,    0,    0,    0,    0,    0,    0,    0,    0,    0,    0,    0,    0,    0,    0,
       0,    0,    0,    0,    0,  -24,    0,    0,    0,    0,    0,    0,    0,    0,    0,    0,    0,    0,    0,    0,    0,   -4,    0,  -12,    0,   -8,   -2,  -12,    0,    0,  -20,    0,    0,  -16,    0,    0,   -8,    0,    0,    0,    0,    0,    0,    0,    0,   -4,    0,    0,    0,    0,    0,    0,    0,    0,    0,    0,    0,  -20,    0,   -8,    0,   -8,    0,    0,    0,    0,    0,    0,    0,    0,    0,    0,    0,    0,    0,    0,    0,    0,    0,    0,    0,    0,    0,    0,    0,    0,    0,    0,    0,    0,    0,    0,    0,    0,    0,    0,    0,    0,    0,    0,    0,    0,    0,    0,    0,    0,    0,    0,    0,    0,    0,    0,    0,    0,    0,    0,    0,    0,    0,    0,    0,    0,    0,    0,    0,    0,    0,    0,  -24,  -24,    0,    0,    0,    0,    0,    0,    0,
       0,    0,    0,    0,    0,    0,    0,    0,    0,    0,    0,    0,    0,    0,    0,    0,    0,    0,    0,    0,    0,    0,    0,    0,    0,    0,    0,    0,    0,   -6,   -6,    0,    0,    0,    0,    0,    0,    0,    0,    0,    0,    0,    0,    0,    0,    0,    0,    0,    0,    0,    0,    0,    0,    0,    0,    0,    0,   -6,    0,    0,    0,    0,    0,    0,    0,    0,    0,    0,    0,    0,    0,    0,    0,    0,    0,    0,    0,    0,    0,    0,    0,    0,    0,    0,    0,    0,    0,    0,    0,    0,    0,    0,    0,    0,    0,    0,    0,    0,    0,    0,    0,    0,    0,    0,    0,    0,    0,    0,    0,    0,    0,    0,    0,    0,    0,    0,    0,    0,    0,    0,    0,    0,    0,    0,    0,    0,    0,    0,    0,    0,    0,    0,    0,    0,    0,    0,    0,
       0,  -22,    0,    0,  -40,  -40,  -40,  -24,    0,    0,    0,    0,    0,    0,    0,    0,    0,    0,    0,  -20,    0,  -12,    0,  -32,    0,   12,    0,    4,    4,    0,    4,    0,    0,    0,    0,    0,  -40,    0,    0,  -18,    0,  -24,   -8,  -40,    0,  -40,   -4,  -28,   -6,  -20,  -28,    0,    0,    0,    0,  -20,  -46,    4,    0,  -40,    0,   12,    4,    0,    0,    0,    0,    0,    0,    0,    0,    0,    0,    0,    0,    0,    0,    0,    0,    0,    0,    0,    0,    0,    0,    0,    0,    0,    0,    0,    0,    0,    0,    0,    0,    0,    0,    0,    0,    0,    0,    0,    0,    0,    0,    0,    0,    0,    0,    0,    0,    0,    0,    0,    0,    0,    0,    0,    0,    0,    0,    0,    0,    0,    0,    0,    0,    0,  -40,  -40,    0,    0,    0,    0,    0,    0,    0,
       0,    0,    0,    0,    0,    0,    0,    0,    0,    0,    0,    0,    0,    0,    0,    0,    0,    0,    0,   -8,    0,    0,    0,   -4,   -4,    0,    0,    0,    0,   -4,   -4,    0,    0,    0,    0,    0,    0,    0,    0,    0,    0,    0,    0,    0,    0,    0,    0,    0,   -2,    0,    0,    0,    0,    0,    0,   -8,    0,   -4,    0,    0,    0,    0,    0,    0,    0,    0,    0,    0,    0,    0,    0,    0,    0,    0,    0,    0,    0,    0,    0,    0,    0,    0,    0,    0,    0,    0,    0,    0,    0,    0,    0,    0,    0,    0,    0,    0,    0,    0,    0,    0,    0,    0,    0,    0,    0,    0,    0,    0,    0,    0,    0,    0,    0,    0,    0,    0,    0,    0,    0,    0,    0,    0,    0,    0,    0,    0,    0,    0,    0,    0,    0,    0,    0,    0,    0,    0,    0,
       0,  -20,    0,    0,  -48,    0,  -40,  -32,    0,    0,    0,    0,    0,    0,    0,    0,    0,    3,   -2,  -30,    0,  -12,    0,  -40,   -4,    4,    0,    0,    0,    0,    0,    0,  -40,    0,    0,  -12,  -24,    0,    0,   -8,    0,   -8,   -5,   -6,    0,  -10,    0,    0,    0,    0,   -2,  -40,   -2,   -5,   -8,  -30,  -52,    0,    0,  -24,    0,    4,    0,    0,    0,    0,    0,    0,    0,    0,    0,    0,    0,    0,    0,    0,    0,    0,    0,    0,    0,    0,    0,    0,    0,    0,    0,    0,    0,    0,    0,    0,    0,    0,    0,    0,    0,    0,    0,    0,    0,    0,    0,    0,    0,    0,    0,    0,    0,    0,    0,    0,    0,    0,    0,    0,    0,    0,    0,    0,    0,    0,    0,    0,    0,    0,    0,    0,    0,  -40,    0,    0,    0,    0,   -3,    0,    0,
       0,  -12,    0,    0,  -32,    0,  -32,  -32,    0,    0,    0,    0,    0,    0,    0,    0,    0,    0,    0,  -16,    0,   -2,    0,  -32,   -4,    4,    0,    0,    0,    0,    0,    0,  -28,    0,    0,    0,  -10,    0,    0,   -8,    0,   -1,   -1,    0,    0,   -4,    0,    0,    0,    0,    0,  -28,    0,    0,    0,  -16,    0,    0,    0,  -10,    0,    4,    0,    0,    0,    0,    0,    0,    0,    0,    0,    0,    0,    0,    0,    0,    0,    0,    0,    0,    0,    0,    0,    0,    0,    0,    0,    0,    0,    0,    0,    0,    0,    0,    0,    0,    0,    0,    0,    0,    0,    0,    0,    0,    0,    0,    0,    0,    0,    0,    0,    0,    0,    0,    0,    0,    0,    0,    0,    0,    0,    0,    0,    0,    0,    0,    0,    0,    0,  -28,    0,    0,    0,    0,    0,    0,    0,
       0,    0,    0,    0,    0,    0,    0,    0,    0,    0,    0,    0,    0,    0,    0,    0,    0,    0,    0,    0,    0,  -14,    0,    0,   -6,    0,   -4,    0,    0,    0,    0,    0,  -32,    0,    0,    0,  -10,    0,    0,   -1,    0,    0,    0,    0,    0,   -4,  -10,   -7,    0,  -10,    0,  -32,    0,    0,    0,    0,    0,    0,    0,  -10,    0,    0,    0,    0,    0,    0,    0,    0,    0,    0,    0,    0,    0,    0,    0,    0,    0,    0,    0,    0,    0,    0,    0,    0,    0,    0,    0,    0,    0,    0,    0,    0,    0,    0,    0,    0,    0,    0,    0,    0,    0,    0,    0,    0,    0,    0,    0,    0,    0,    0,    0,    0,    0,    0,    0,    0,    0,    0,    0,    0,    0,    0,    0,    0,    0,    0,    0,    0,    0,  -32,    0,    0,    0,    0,    0,    0,    0,
       0,  -20,    0,    0,  -48,    0,  -48,  -48,    0,    0,    0,    0,    0,    0,    0,    0,    0,    0,    0,  -32,    0,  -14,    0,  -48,  -10,    4,   -4,    0,    0,    0,    0,    0,  -40,    0,    0,    0,  -32,    0,    0,  -32,    0,   -9,   -8,  -14,    0,   -8,   -4,   -4,   -8,   -4,   -4,  -40,    0,    0,    0,  -32,    0,    0,    0,  -32,    0,    4,    0,    0,    0,    0,    0,    0,    0,    0,    0,    0,    0,    0,    0,    0,    0,    0,    0,    0,    0,    0,    0,    0,    0,    0,    0,    0,    0,    0,    0,    0,    0,    0,    0,    0,    0,    0,    0,    0,    0,    0,    0,    0,    0,    0,    0,    0,    0,    0,    0,    0,    0,    0,    0,    0,    0,    0,    0,    0,    0,    0,    0,    0,    0,    0,    0,    0,    0,  -48,    0,    0,    0,    0,    0,    0,    0,
       0,    0,    0,    0,    0,    0,    0,    0,    0,    0,    0,    0,    0,    0,    0,    0,    0,    0,    0,    0,    0,   -2,    0,    0,    0,    0,    0,    0,    0,    0,    0,    0,    0,    0,    0,    0,   -2,    0,    0,    0,    0,    0,    0,    0,    0,   -2,   -2,    0,    0,    0,    0,    0,    0,    0,    0,    0,    0,    0,    0,   -2,    0,    0,    0,    0,    0,    0,    0,    0,    0,    0,    0,    0,    0,    0,    0,    0,    0,    0,    0,    0,    0,    0,    0,    0,    0,    0,    0,    0,    0,    0,    0,    0,    0,    0,    0,    0,    0,    0,    0,    0,    0,    0,    0,    0,    0,    0,    0,    0,    0,    0,    0,    0,    0,    0,    0,    0,    0,    0,    0,    0,    0,    0,    0,    0,    0,    0,    0,    0,    0,    0,    0,    0,    0,    0,    0,    0,    0,
       0,    0,    0,    0,    0,    0,    0,    0,    0,  -16,  -20,    0,    0,    0,    0,    0,    0,    0,    0,  -20,    0,    0,    0,  -44,    0,  -40,    0,  -40,  -28,  -32,  -48,    0,    0,    0,    0,    0,    0,    0,    0,    0,    0,    0,    0,    0,    0,    0,   -8,   -8,  -16,   -8,    0,    0,    0,    0,    0,    0,    0,    0,    0,    0,    0,    0,    0,    0,    0,    0,    0,    0,    0,    0,    0,    0,    0,    0,    0,    0,    0,    0,    0,    0,    0,    0,    0,    0,    0,    0,    0,    0,    0,    0,    0,    0,    0,    0,    0,    0,    0,    0,    0,    0,    0,    0,    0,    0,    0,    0,    0,    0,    0,    0,    0,    0,    0,    0,    0,    0,    0,    0,    0,    0,    0,    0,    0,    0,    0,    0,    0,    0,    0,    0,    0,    0,    0,    0,    0,    0,    0,
       0,    0,    0,    0,    0,    0,    0,    0,    0,    0,    0,    0,    0,    0,    0,    0,    0,    0,    0,    0,    0,  -20,    0,    0,    0,  -24,    0,  -16,  -16,    0,  -32,    0,    0,  -37,    0,    0,    0,    0,    0,    0,   24,    0,    0,    0,    0,    0,   -3,    0,    0,    0,    0,    0,    0,    0,    0,    0,    0,  -32,   -2,   -9,    0,  -24,  -16,    0,    0,    0,    0,    0,    0,    0,    0,    0,    0,    0,    0,    0,    0,    0,    0,    0,    0,    0,    0,    0,    0,    0,    0,    0,    0,    0,    0,    0,    0,    0,    0,    0,    0,    0,    0,    0,    0,    0,    0,    0,    0,    0,    0,    0,    0,    0,    0,    0,    0,    0,    0,    0,    0,    0,    0,    0,    0,    0,    0,    0,    0,    0,    0,    0,    0,    0,    0,    0,    0,    0,    0,    0,    0,
       0,    0,    0,    0,    0,    0,    0,    0,    0,    0,    0,    0,    0,    0,    0,    0,    0,    0,    0,    0,    0,    0,    0,    0,    0,    0,    0,  -12,    0,    0,    0,    0,    0,    0,    0,    0,    0,    0,    0,    0,    0,    0,    0,    0,    0,    0,   -8,    0,    0,    0,    0,    0,    0,    0,    0,    0,    0,    0,    0,  -14,    3,    0,    0,    0,    0,    0,    0,    0,    0,    0,    0,    0,    0,    0,    0,    0,    0,    0,    0,    0,    0,    0,    0,    0,    0,    0,    0,    0,    0,    0,    0,    0,    0,    0,    0,    0,    0,    0,    0,    0,    0,    0,    0,    0,    0,    0,    0,    0,    0,    0,    0,    0,    0,    0,    0,    0,    0,    0,    0,    0,    0,    0,    0,    0,    0,    0,    0,    0,    0,    0,    0,    0,    0,    0,    0,    0,    0,
       0,    0,    0,    0,    0,    0,    0,    0,    0,    0,    0,    0,    0,    0,    0,    0,    0,    0,    0,    8,    0,   -8,    0,    0,    0,  -26,   -4,  -11,   -4,    0,  -21,    0,    0,  -12,    0,    0,    0,    0,    0,    0,    0,    0,    0,    0,    0,   -4,   -5,   -2,    0,   -5,    0,    0,    0,    0,    0,    8,    0,  -21,    0,    0,    0,  -26,   -4,    0,    0,    0,    0,    0,    0,    0,    0,    0,    0,    0,    0,    0,    0,    0,    0,    0,    0,    0,    0,    0,    0,    0,    0,    0,    0,    0,    0,    0,    0,    0,    0,    0,    0,    0,    0,    0,    0,    0,    0,    0,    0,    0,    0,    0,    0,    0,    0,    0,    0,    0,    0,    0,    0,    0,    0,    0,    0,    0,    0,    0,    0,    0,    0,    0,    0,    0,    0,    0,    0,    0,    0,    0,    0,
       0,    0,  -10,    0,    0,    0,    0,  -20,    0,    0,    0,    0,    0,    0,    0,    0,    0,    0,    0,    0,    0,    0,    0,    0,    0,  -19,    0,   -9,   -6,   -6,  -16,   -4,    0,  -20,    0,    0,    0,    0,   -8,    0,    0,    0,    0,    0,    0,    0,   -6,   -8,   -8,   -8,   -4,  -10,    0,    0,    0,    0,    0,  -16,   -8,    0,    0,  -19,   -6,    0,    0,    0,    0,    0,    0,    0,    0,    0,    0,    0,    0,    0,    0,    0,    0,    0,    0,    0,    0,    0,    0,    0,    0,    0,    0,    0,    0,    0,    0,    0,    0,    0,    0,    0,    0,    0,    0,    0,    0,    0,    0,    0,    0,    0,    0,    0,    0,    0,    0,    0,    0,    0,    0,    0,    0,    0,    0,    0,    0,    0,    0,    0,    0,    0,    0,    0,    0,    0,    0,    0,    0,    0,    0,
       0,    0,    0,    0,    0,    0,    0,    0,    0,    0,    0,    0,    0,    0,    0,    0,    0,    0,    0,    0,    0,    0,    0,    0,    0,  -12,    0,   -6,   -4,   -2,  -14,    0,    0,    0,    0,    0,    0,    0,    0,    0,    0,    0,    2,    0,    0,    0,    0,    0,    0,   -6,    0,    0,    0,    0,    0,    0,    0,  -14,    0,    0,    0,  -12,   -4,    0,    0,    0,    0,    0,    0,    0,    0,    0,    0,    0,    0,    0,    0,    0,    0,    0,    0,    0,    0,    0,    0,    0,    0,    0,    0,    0,    0,    0,    0,    0,    0,    0,    0,    0,    0,    0,    0,    0,    0,    0,    0,    0,    0,    0,    0,    0,    0,    0,    0,    0,    0,    0,    0,    0,    0,    0,    0,    0,    0,    0,    0,    0,    0,    0,    0,    0,    0,   12,    0,   12,    0,    0,    0,
       0,    0,    0,    0,    0,    0,    0,    0,    0,    0,    0,    0,    0,    0,    0,    0,    0,    0,    0,    0,    0,    0,    0,    0,    0,    0,    0,    0,    0,    0,    0,    0,    0,    0,    0,    0,    0,    0,    0,    0,    0,    0,    0,    0,    0,    6,    0,    0,    0,    0,    0,    0,    0,    0,    0,    0,    0,    0,    0,    0,    0,    0,    0,    0,    0,    0,    0,    0,    0,    0,    0,    0,    0,    0,    0,    0,    0,    0,    0,    0,    0,    0,    0,    0,    0,    0,    0,    0,    0,    0,    0,    0,    0,    0,    0,    0,    0,    0,    0,    0,    0,    0,    0,    0,    0,    0,    0,    0,    0,    0,    0,    0,    0,    0,    0,    0,    0,    0,    0,    0,    0,    0,    0,    0,    0,    0,    0,    0,    0,    0,    0,    0,    0,    0,    0,    0,    0,
       0,    0,    0,    0,    0,    0,    0,    0,    0,    0,    0,    0,    0,    0,    0,    0,    0,    0,    0,    0,    0,    0,    0,    0,    0,  -18,    0,   -8,   -4,   -4,  -14,    0,    0,  -16,    0,    0,    0,    0,    0,   -2,    0,    0,    0,    0,    0,    0,   -4,   -4,   -1,   -4,    0,    0,    0,    0,    0,    0,    0,  -14,    0,    0,    0,  -18,   -4,    0,    0,    0,    0,    0,    0,    0,    0,    0,    0,    0,    0,    0,    0,    0,    0,    0,    0,    0,    0,    0,    0,    0,    0,    0,    0,    0,    0,    0,    0,    0,    0,    0,    0,    0,    0,    0,    0,    0,    0,    0,    0,    0,    0,    0,    0,    0,    0,    0,    0,    0,    0,    0,    0,    0,    0,    0,    0,    0,    0,    0,    0,    0,    0,    0,    0,    0,    0,    0,    0,    0,    0,    0,    0,
       0,    0,   12,   12,    0,    0,    0,   -8,    0,    0,    0,    0,    0,    0,    0,    0,    0,    0,    0,   -8,    0,    0,    0,    0,    0,   24,    0,   22,   20,   20,   20,   20,    0,    0,   16,    0,   -8,    0,    0,    0,    0,    0,    0,    0,    1,    0,    4,    1,    0,    0,    2,    0,    0,    0,    0,   -8,    0,   20,    0,   -8,    0,   24,   20,    0,    0,    0,    0,    0,    0,    0,    0,    0,    0,    0,    0,    0,    0,    0,    0,    0,    0,    0,    0,    0,    0,    0,    0,    0,    0,    0,    0,    0,    0,    0,    0,    0,    0,    0,    0,    0,    0,    0,    0,    0,    0,    0,    0,    0,    0,    0,    0,    0,    0,    0,    0,    0,    0,    0,    0,    0,    0,    0,    0,    0,    0,    0,    0,    0,    0,    0,   12,   16,   12,   16,    0,    0,    0,
       0,    0,    0,    0,   -2,    0,    0,    0,    0,    0,    0,    0,    0,    0,    0,    0,    0,    0,    0,   -6,    0,   -4,    0,    0,   -2,    0,    0,    0,    0,    0,   -6,    0,    0,  -12,    0,    0,    0,    0,    0,    0,    4,    0,    0,   -4,    0,   -3,    0,    0,    0,    0,    0,    0,    0,    0,    0,   -6,    0,   -6,    0,    0,    0,    0,    0,    0,    0,    0,    0,    0,    0,    0,    0,    0,    0,    0,    0,    0,    0,    0,    0,    0,    0,    0,    0,    0,    0,    0,    0,    0,    0,    0,    0,    0,    0,    0,    0,    0,    0,    0,    0,    0,    0,    0,    0,    0,    0,    0,    0,    0,    0,    0,    0,    0,    0,    0,    0,    0,    0,    0,    0,    0,    0,    0,    0,    0,    0,    0,    0,    0,    0,    0,    0,    0,    0,    0,    0,    0,    0,
       0,    0,    0,    0,    0,    0,    0,    0,    0,    0,    0,    0,    0,    0,    0,    0,    0,    0,    0,    0,    0,    0,    0,    0,    0,  -12,    0,  -12,    0,    0,  -10,    0,    0,  -16,    0,    0,    0,    0,    0,    0,    0,    0,    0,    0,    0,    0,    0,    0,    0,   -2,    0,    0,    0,    0,    0,    0,    0,  -10,    0,    0,    0,  -12,    0,    0,    0,    0,    0,    0,    0,    0,    0,    0,    0,    0,    0,    0,    0,    0,    0,    0,    0,    0,    0,    0,    0,    0,    0,    0,    0,    0,    0,    0,    0,    0,    0,    0,    0,    0,    0,    0,    0,    0,    0,    0,    0,    0,    0,    0,    0,    0,    0,    0,    0,    0,    0,    0,    0,    0,    0,    0,    0,    0,    0,    0,    0,    0,    0,    0,    0,    0,    0,    0,    0,    0,    0,    0,    0,
       0,    0,    0,    0,    0,    0,    0,    0,    0,    0,    0,    0,    0,    0,    0,    0,    0,    0,    0,    0,    0,    0,    0,    0,    0,  -12,    0,    0,    0,    0,    0,    0,    0,    0,    0,    0,    0,    0,    0,    0,    0,    0,    0,    0,    0,    0,    0,    0,    0,    0,    0,    0,    0,    0,    0,    0,    0,    0,    0,    0,    0,  -12,    0,    0,    0,    0,    0,    0,    0,    0,    0,    0,    0,    0,    0,    0,    0,    0,    0,    0,    0,    0,    0,    0,    0,    0,    0,    0,    0,    0,    0,    0,    0,    0,    0,    0,    0,    0,    0,    0,    0,    0,    0,    0,    0,    0,    0,    0,    0,    0,    0,    0,    0,    0,    0,    0,    0,    0,    0,    0,    0,    0,    0,    0,    0,    0,    0,    0,    0,    0,    0,    0,    0,    0,    0,    0,    0,
       0,    0,    0,    0,    0,    0,    0,    0,    0,    0,    0,    0,    0,    0,    0,    0,    0,    0,    0,    0,    0,    0,    0,    0,    0,  -12,   -4,    0,    0,    0,    0,    0,    0,    0,    0,    0,    0,    0,    0,    0,    2,    0,    0,    0,    0,    0,    0,    0,    0,    0,    0,    0,    0,    0,    0,    0,    0,    0,    0,    0,    0,  -12,    0,    0,    0,    0,    0,    0,    0,    0,    0,    0,    0,    0,    0,    0,    0,    0,    0,    0,    0,    0,    0,    0,    0,    0,    0,    0,    0,    0,    0,    0,    0,    0,    0,    0,    0,    0,    0,    0,    0,    0,    0,    0,    0,    0,    0,    0,    0,    0,    0,    0,    0,    0,    0,    0,    0,    0,    0,    0,    0,    0,    0,    0,    0,    0,    0,    0,    0,    0,    0,    0,    0,    0,    0,    0,    0,
       0,    0,    0,    0,    0,    0,    0,    0,    0,    0,    0,    0,    0,    0,    0,    0,    0,    0,    0,    0,    0,   -4,    0,    0,    0,    0,    0,    0,    0,    0,   -8,    0,    0,  -16,    0,    0,   -9,   -2,    0,   -8,   -2,    0,    0,   -2,    0,   -2,    0,    0,    0,    0,    0,    0,    0,    0,    0,    0,    0,   -8,    0,   -9,   -2,    0,    0,    0,    0,    0,    0,    0,    0,    0,    0,    0,    0,    0,    0,    0,    0,    0,    0,    0,    0,    0,    0,    0,    0,    0,    0,    0,    0,    0,    0,    0,    0,    0,    0,    0,    0,    0,    0,    0,    0,    0,    0,    0,    0,    0,    0,    0,    0,    0,    0,    0,    0,    0,    0,    0,    0,    0,    0,    0,    0,    0,    0,    0,    0,    0,    0,    0,    0,    0,    0,    0,    0,    0,    0,    0,    0,
       0,    0,    0,    0,    0,    0,    0,    0,    0,    0,    0,    0,    0,    0,    0,    0,    0,    0,    0,    0,    0,   -8,    0,    0,    0,  -10,    0,  -12,   -8,    0,  -12,    0,    0,    0,    0,    0,   -4,    0,    0,   -4,   -6,    0,    0,    0,   -1,   -2,  -10,   -6,    0,   -6,    0,    0,    0,    0,    0,    0,    0,  -12,    0,   -4,    0,  -10,   -8,    0,    0,    0,    0,    0,    0,    0,    0,    0,    0,    0,    0,    0,    0,    0,    0,    0,    0,    0,    0,    0,    0,    0,    0,    0,    0,    0,    0,    0,    0,    0,    0,    0,    0,    0,    0,    0,    0,    0,    0,    0,    0,    0,    0,    0,    0,    0,    0,    0,    0,    0,    0,    0,    0,    0,    0,    0,    0,    0,    0,    0,    0,    0,    0,    0,    0,    0,    0,    0,    0,    0,    0,    0,    0,
       0,    0,   12,    0,    0,    0,    0,    0,    0,    0,    0,    0,    0,    0,    0,    0,    0,    0,    0,    0,    0,    0,    0,    0,    0,   -8,    0,   -7,    0,    0,   -6,    0,    0,   -2,    0,    0,    0,    0,    0,    0,    8,    0,    0,    0,    0,    0,    0,    0,    0,    0,    0,    0,    0,    0,    0,    0,    0,   -6,    0,    0,    0,   -8,    0,    0,    0,    0,    0,    0,    0,    0,    0,    0,    0,    0,    0,    0,    0,    0,    0,    0,    0,    0,    0,    0,    0,    0,    0,    0,    0,    0,    0,    0,    0,    0,    0,    0,    0,    0,    0,    0,    0,    0,    0,    0,    0,    0,    0,    0,    0,    0,    0,    0,    0,    0,    0,    0,    0,    0,    0,    0,    0,    0,    0,    0,    0,    0,    0,    0,    0,    0,    0,    0,    0,    0,    0,    0,    0,
       0,    0,    0,    8,  -28,    0,  -46,   -8,    0,    0,    0,    0,    0,    0,    0,    0,    0,    0,    0,  -12,    0,    0,    0,    0,    0,   -4,    0,    0,    0,   -6,    0,    0,  -12,    0,    0,    0,   -9,    0,    0,   -6,   -4,    0,    0,    0,    8,    0,   20,   20,    0,    0,    0,  -12,    0,    0,    0,  -12,    0,    0,    0,   -9,    0,   -4,    0,    0,    0,    0,    0,    0,    0,    0,    0,    0,    0,    0,    0,    0,    0,    0,    0,    0,    0,    0,    0,    0,    0,    0,    0,    0,    0,    0,    0,    0,    0,    0,    0,    0,    0,    0,    0,    0,    0,    0,    0,    0,    0,    0,    0,    0,    0,    0,    0,    0,    0,    0,    0,    0,    0,    0,    0,    0,    0,    0,    0,    0,    0,    0,    0,    0,    0,    0,    0,   20,    0,   20,    0,    0,    0,
       0,    0,    0,    0,    0,    0,    0,    0,    0,    0,    0,    0,    0,    0,    0,    0,    0,    0,    0,    0,    0,   -2,    0,    0,    0,  -18,    0,   -2,    0,   -2,   -8,    0,    0,    0,    0,    0,    0,    0,    0,    0,    0,    0,    0,    0,    0,    0,    0,    0,   -2,    0,    0,    0,    0,    0,    0,    0,    0,   -8,    0,    0,    0,  -18,    0,    0,    0,    0,    0,    0,    0,    0,    0,    0,    0,    0,    0,    0,    0,    0,    0,    0,    0,    0,    0,    0,    0,    0,    0,    0,    0,    0,    0,    0,    0,    0,    0,    0,    0,    0,    0,    0,    0,    0,    0,    0,    0,    0,    0,    0,    0,    0,    0,    0,    0,    0,    0,    0,    0,    0,    0,    0,    0,    0,    0,    0,    0,    0,    0,    0,    0,    0,    0,    0,    0,    0,    0,    0,    0,
       0,    0,    0,    0,   -8,    0,    0,    0,    0,    0,    0,    0,    0,    0,    0,    0,    0,    0,    0,    0,    0,    0,    0,    0,    0,    0,    0,    0,    0,    0,    0,    0,    0,    0,    0,    0,   -2,    0,  -10,   -2,    0,    0,    0,    8,    0,    0,    0,    0,    0,    0,    0,    0,    0,    0,    0,    0,    0,    0,  -10,   -2,    0,    0,    0,    0,    0,    0,    0,    0,    0,    0,    0,    0,    0,    0,    0,    0,    0,    0,    0,    0,    0,    0,    0,    0,    0,    0,    0,    0,    0,    0,    0,    0,    0,    0,    0,    0,    0,    0,    0,    0,    0,    0,    0,    0,    0,    0,    0,    0,    0,    0,    0,    0,    0,    0,    0,    0,    0,    0,    0,    0,    0,    0,    0,    0,    0,    0,    0,    0,    0,    0,    0,    0,    0,    0,    0,    0,    0,
       0,    0,    0,    0,    0,    0,    0,    0,    0,    0,    0,    0,    0,    0,    0,    0,    0,    0,    0,    0,    0,    0,    0,    0,    0,  -12,    0,   -4,   -4,    0,   -6,    0,    0,    0,    0,    0,    0,    0,    0,   -4,    0,    0,    0,    0,    0,    0,    0,    0,    0,    0,    0,    0,    0,    0,    0,    0,    0,   -6,    0,    0,    0,  -12,   -4,    0,    0,    0,    0,    0,    0,    0,    0,    0,    0,    0,    0,    0,    0,    0,    0,    0,    0,    0,    0,    0,    0,    0,    0,    0,    0,    0,    0,    0,    0,    0,    0,    0,    0,    0,    0,    0,    0,    0,    0,    0,    0,    0,    0,    0,    0,    0,    0,    0,    0,    0,    0,    0,    0,    0,    0,    0,    0,    0,    0,    0,    0,    0,    0,    0,    0,    0,    0,    0,    0,    0,    0,    0,    0,
       0,  -12,    0,    2,  -16,    0,  -16,   -8,    0,    0,    0,    0,    0,    0,    0,    0,    0,    2,    0,  -10,    0,    0,    0,    0,    0,   -4,    0,    0,    0,  -10,   -4,   -8,   -8,    0,    0,   -8,   -6,    0,    0,   -4,    0,    0,    0,   -2,   20,    0,   20,    0,    0,    0,    0,   -8,    0,    0,   -5,  -10,    0,   -4,    0,   -8,    0,   -4,    0,    0,    0,    0,    0,    0,    0,    0,    0,    0,    0,    0,    0,    0,    0,    0,    0,    0,    0,    0,    0,    0,    0,    0,    0,    0,    0,    0,    0,    0,    0,    0,    0,    0,    0,    0,    0,    0,    0,    0,    0,    0,    0,    0,    0,    0,    0,    0,    0,    0,    0,    0,    0,    0,    0,    0,    0,    0,    0,    0,    0,    0,    0,    0,    0,    0,    0,    0,    0,    0,    0,    0,    0,    0,    0,
       0,  -12,    0,    0,  -16,    0,  -16,   -8,    0,    0,    0,    0,    0,    0,    0,    0,    0,    0,    0,   -2,    0,    0,    0,    0,    0,   -4,    0,    0,    0,   -7,   -4,   -2,   -8,    0,    0,    0,   -6,    0,    0,   -6,    0,    0,    0,   -2,   20,    0,   16,    0,    0,    0,    0,   -8,    0,    0,    0,   -2,    0,   -4,    0,   -6,    0,   -4,    0,    0,    0,    0,    0,    0,    0,    0,    0,    0,    0,    0,    0,    0,    0,    0,    0,    0,    0,    0,    0,    0,    0,    0,    0,    0,    0,    0,    0,    0,    0,    0,    0,    0,    0,    0,    0,    0,    0,    0,    0,    0,    0,    0,    0,    0,    0,    0,    0,    0,    0,    0,    0,    0,    0,    0,    0,    0,    0,    0,    0,    0,    0,    0,    0,    0,    0,    0,    0,    0,    0,    0,    0,    0,    0,
       0,   -1,    0,    0,    0,    0,    0,    0,    0,    0,    0,    0,    0,    0,    0,    0,    0,    0,    0,    0,    0,   -4,    0,    0,    0,   -6,   -2,    0,    0,    0,   -8,    0,  -16,   -2,    0,    0,  -12,    0,    0,    0,    0,    0,    0,   -2,    0,   -2,    0,    0,    0,    0,    0,  -16,    0,   -2,    0,    0,    0,   -8,    0,  -13,    0,   -6,    0,    0,    0,    0,    0,    0,    0,    0,    0,    0,    0,    0,    0,    0,    0,    0,    0,    0,    0,    0,    0,    0,    0,    0,    0,    0,    0,    0,    0,    0,    0,    0,    0,    0,    0,    0,    0,    0,    0,    0,    0,    0,    0,    0,    0,    0,    0,    0,    0,    0,    0,    0,    0,    0,    0,    0,    0,    0,    0,    0,    0,    0,    0,    0,    0,    0,    0,    0,    0,    0,    0,    0,    0,    0,    0,
       0,  -12,    0,    0,    0,    0,  -16,   -8,    0,    0,    0,    0,    0,    0,    0,    0,    0,    0,    0,  -10,    0,    0,    0,    0,    0,   -4,    0,    0,    0,   -8,   -4,   -4,   -8,    0,    0,    0,   -4,    0,    0,   -6,    0,    0,    0,   -4,    0,    0,    0,    0,    0,    0,    0,   -8,    0,    0,    0,  -10,    0,   -4,    0,   -4,    0,   -4,    0,    0,    0,    0,    0,    0,    0,    0,    0,    0,    0,    0,    0,    0,    0,    0,    0,    0,    0,    0,    0,    0,    0,    0,    0,    0,    0,    0,    0,    0,    0,    0,    0,    0,    0,    0,    0,    0,    0,    0,    0,    0,    0,    0,    0,    0,    0,    0,    0,    0,    0,    0,    0,    0,    0,    0,    0,    0,    0,    0,    0,    0,    0,    0,    0,    0,    0,    0,    0,    0,    0,    0,    0,    0,    0,
       0,    0,    0,    0,    0,    0,    0,    0,    0,    0,    0,    0,    0,    0,    0,    0,    0,    0,    0,    0,    0,    0,    0,    0,    0,   -4,    0,    0,    0,    0,   -4,    0,    0,  -16,    0,    0,   -4,    0,    0,    0,    0,    0,    0,    0,    0,    0,    0,    0,    0,    0,    0,    0,    0,    0,    0,    0,    0,   -4,    0,   -4,    0,   -4,    0,    0,    0,    0,    0,    0,    0,    0,    0,    0,    0,    0,    0,    0,    0,    0,    0,    0,    0,    0,    0,    0,    0,    0,    0,    0,    0,    0,    0,    0,    0,    0,    0,    0,    0,    0,    0,    0,    0,    0,    0,    0,    0,    0,    0,    0,    0,    0,    0,    0,    0,    0,    0,    0,    0,    0,    0,    0,    0,    0,    0,    0,    0,    0,    0,    0,    0,    0,    0,    0,    0,    0,    0,    0,    0,
       0,    0,    0,    0,    0,    0,    0,    0,    0,  -16,  -20,    0,    0,    0,    0,    0,    0,    0,    0,  -20,    0,  -10,    0,  -40,    0,  -40,    0,  -40,  -28,  -32,  -48,    0,    0,    0,    0,    0,  -10,    0,    0,    0,    0,    0,    0,    0,    0,    0,   -8,   -8,  -16,   -8,    0,    0,    0,    0,    0,    0,    0,    0,    0,  -10,    0,    0,    0,    0,    0,    0,    0,    0,    0,    0,    0,    0,    0,    0,    0,    0,    0,    0,    0,    0,    0,    0,    0,    0,    0,    0,    0,    0,    0,    0,    0,    0,    0,    0,    0,    0,    0,    0,    0,    0,    0,    0,    0,    0,    0,    0,    0,    0,    0,    0,    0,    0,    0,    0,    0,    0,    0,    0,    0,    0,    0,    0,    0,    0,    0,    0,    0,    0,    0,    0,    0,    0,    0,    0,    0,    0,    0,
       0,    0,    0,    0,    0,    0,    0,    0,    0,  -16,  -20,    0,    0,    0,    0,    0,    0,    0,    0,  -20,    0,    0,    0,  -20,    0,  -40,    0,  -40,  -28,  -32,  -48,    0,    0,    0,    0,    0,    0,    0,    0,    0,    0,    0,    0,    0,    0,    0,   -8,   -8,  -16,   -8,    0,    0,    0,    0,    0,    0,    0,    0,    0,    0,    0,    0,    0,    0,    0,    0,    0,    0,    0,    0,    0,    0,    0,    0,    0,    0,    0,    0,    0,    0,    0,    0,    0,    0,    0,    0,    0,    0,    0,    0,    0,    0,    0,    0,    0,    0,    0,    0,    0,    0,    0,    0,    0,    0,    0,    0,    0,    0,    0,    0,    0,    0,    0,    0,    0,    0,    0,    0,    0,    0,    0,    0,    0,    0,    0,    0,    0,    0,    0,    0,    0,    0,    0,    0,    0,    0,    0,
       0,    0,    0,    0,    0,    0,    0,    0,    0,    0,    0,    0,    0,    0,    0,    0,    0,    0,    0,    0,    0,    0,    0,    0,    0,    0,    0,   -2,    0,    0,    0,    0,    0,    0,    0,    0,    0,    0,    0,    0,    0,    0,    0,    0,    0,    0,    0,    0,    0,    0,    0,    0,    0,    0,    0,    0,    0,    0,    0,    0,    0,    0,    0,    0,    0,    0,    0,    0,    0,    0,    0,    0,    0,    0,    0,    0,    0,    0,    0,    0,    0,    0,    0,    0,    0,    0,    0,    0,    0,    0,    0,    0,    0,    0,    0,    0,    0,    0,    0,    0,    0,    0,    0,    0,    0,    0,    0,    0,    0,    0,    0,    0,    0,    0,    0,    0,    0,    0,    0,    0,    0,    0,    0,    0,    0,    0,    0,    0,    0,    0,    0,    0,    0,    0,    0,    0,    0,
       0,    0,    0,    0,    0,    0,    0,    0,  -16,  -12,    0,  -12,    0,    0,    0,    0,    0,    0,    0,    0,    0,    0,    0,    0,    0,    0,    0,    0,    0,    0,    0,    0,    0,    0,    0,    0,    0,    0,    0,    0,    0,    0,    0,    0,    0,    0,    0,    0,    0,    0,    0,    0,    0,    0,    0,    0,    0,    0,    0,    0,    0,    0,    0,    0,    0,    0,    0,    0,    0,    0,    0,    0,    0,    0,    0,    0,    0,    0,    0,    0,    0,    0,    0,    0,    0,    0,    0,    0,    0,    0,    0,    0,    0,    0,    0,    0,    0,    0,    0,    0,    0,    0,    0,    0,    0,    0,    0,    0,    0,    0,    0,    0,    0,    0,    0,    0,    0,    0,    0,    0,    0,    0,    0,    0,    0,    0,    0,    0,    0,    0,    0,    0,    0,    0,    0,    0,    0,
       0,    0,    0,    0,    0,    0,    0,    0,    0,    0,    0,    0,    0,    0,    0,    0,    0,    0,    0,    0,    0,    0,    0,    0,    0,    0,    0,   -5,    0,    0,    0,    0,    0,    0,    0,    0,    0,    0,    0,    0,    0,    0,    0,    0,    0,    0,    0,    0,   -2,    0,    0,    0,    0,    0,    0,    0,    0,    0,    0,    4,    0,    0,    0,    0,    0,    0,    0,    0,    0,    0,    0,    0,    0,    0,    0,    0,    0,    0,    0,    0,    0,    0,    0,    0,    0,    0,    0,    0,    0,    0,    0,    0,    0,    0,    0,    0,    0,    0,    0,    0,    0,    0,    0,    0,    0,    0,    0,    0,    0,    0,    0,    0,    0,    0,    0,    0,    0,    0,    0,    0,    0,    0,    0,    0,    0,    0,    0,    0,    0,    0,    0,    0,    0,    0,    0,    0,    0,
       0,    0,    0,    0,    0,    0,    0,    0,    0,    0,    0,    0,    0,    0,    0,    0,    0,    0,    0,    0,    0,    0,    0,    0,    0,    0,    0,   -7,    0,    0,    0,    0,    0,    0,    0,    0,    0,    0,    0,    0,    0,    0,    0,    0,    0,    0,   -4,    0,    0,    0,    0,    0,    0,    0,    0,    0,    0,    0,    0,  -12,    0,    0,    0,    0,    0,    0,    0,    0,    0,    0,    0,    0,    0,    0,    0,    0,    0,    0,    0,    0,    0,    0,    0,    0,    0,    0,    0,    0,    0,    0,    0,    0,    0,    0,    0,    0,    0,    0,    0,    0,    0,    0,    0,    0,    0,    0,    0,    0,    0,    0,    0,    0,    0,    0,    0,    0,    0,    0,    0,    0,    0,    0,    0,    0,    0,    0,    0,    0,    0,    0,    0,    0,    0,    0,    0,    0,    0,
       4,    0,    0,   -2,  -52,    0,  -40,  -16,    0,    0,    0,    0,    0,    0,    0,    0,    0,    0,    0,  -26,    0,    0,    0,  -30,    0,    0,    0,    0,    3,   -6,    0,   -6,    0,   -8,    0,  -22,   -4,    0,    3,   -4,    0,    0,    0,    0,    6,   -2,    5,    6,   -1,    4,    0,    0,    8,   10,   -8,  -26,    0,    0,    3,   -4,    0,    0,    3,    0,    0,    0,    0,    0,    0,    0,    0,    0,    0,    0,    0,    0,    0,    0,    0,    0,    0,    0,    0,    0,    0,    0,    0,    0,    0,    0,    0,    0,    0,    0,    0,    0,    0,    0,    0,    0,    0,    0,    0,    0,    0,    0,    0,    0,    0,    0,    0,    0,    0,    0,    0,    0,    0,    0,    0,    0,    0,    0,    0,    0,    0,    0,    0,    0,    0,    0,   12,   20,   12,   20,    2,    0,    0,
       0,    0,  -10,   -8,    0,    0,    0,   -5,    0,    0,    0,    0,    0,    0,    0,    0,    0,    0,    0,    0,    0,    0,    0,    0,    0,  -19,    0,   -9,   -6,   -6,  -16,   -4,    0,   -2,    0,  -14,    0,    0,   -8,    0,    0,    0,    0,    0,    0,    0,   -7,   -8,   -9,   -8,   -4,  -10,    0,    4,    0,    0,    0,  -16,   -8,    0,    0,  -19,   -6,    0,    0,    0,    0,    0,    0,    0,    0,    0,    0,    0,    0,    0,    0,    0,    0,    0,    0,    0,    0,    0,    0,    0,    0,    0,    0,    0,    0,    0,    0,    0,    0,    0,    0,    0,    0,    0,    0,    0,    0,    0,    0,    0,    0,    0,    0,    0,    0,    0,    0,    0,    0,    0,    0,    0,    0,    0,    0,    0,    0,    0,    0,    0,    0,    0,    0,    0,    0,    0,    0,    0,    0,    0,    0,
       0,    0,  -12,   -6,    0,    0,   -8,  -12,    0,    0,    0,    0,    0,    0,    0,    0,    0,    0,    0,   -8,    0,    0,   -6,   -6,    0,  -12,    0,  -12,   -2,  -14,  -14,  -18,    0,  -20,    0,  -22,    0,    0,    0,    0,    0,    0,    0,    0,    0,    0,    0,    0,   -5,    0,    0,  -10,    0,    4,   -8,   -8,    0,  -14,    0,    0,    0,  -12,   -2,    0,    0,    0,    0,    0,    0,    0,    0,    0,    0,    0,    0,    0,    0,    0,    0,    0,    0,    0,    0,    0,    0,    0,    0,    0,    0,    0,    0,    0,    0,    0,    0,    0,    0,    0,    0,    0,    0,    0,    0,    0,    0,    0,    0,    0,    0,    0,    0,    0,    0,    0,    0,    0,    0,    0,    0,    0,    0,    0,    0,    0,    0,    0,    0,    0,    0,    0,    0,    0,    0,    0,    0,    0,    0,
       0,    0,    0,    0,    0,    0,    0,    0,    0,    0,    0,    0,    0,    0,    0,    0,    0,    0,    0,    0,   26,    0,    0,    0,    0,    0,    0,    0,    0,    0,    0,    0,    0,    0,    0,    0,    0,   32,    0,    0,    0,    0,    0,    0,   14,    0,    0,    0,    0,    0,    0,    0,    0,    0,    0,    0,    0,    0,    0,    0,   32,    0,    0,    0,    0,    0,    0,    0,    0,    0,    0,    0,    0,    0,    0,    0,    0,    0,    0,    0,    0,    0,    0,    0,    0,    0,    0,    0,    0,    0,    0,    0,    0,    0,    0,    0,    0,    0,    0,    0,    0,    0,    0,    0,    0,    0,    0,    0,    0,    0,    0,    0,    0,    0,    0,    0,    0,    0,    0,    0,    0,    0,    0,    0,    0,    0,    0,    0,    0,    0,    0,    0,    0,    0,    0,    0,    0,
       0,    0,    0,    0,   -1,    0,    0,    0,    0,    0,    0,    0,    0,    0,    0,    0,    0,    0,    0,   -6,    0,   -4,    0,    0,   -2,    0,    0,    0,    0,    0,   -6,    0,    0,  -12,    0,    0,    0,    0,    0,    0,    4,    0,    0,   -4,    0,   -3,    0,    0,    0,    0,    0,    0,    0,    0,    0,   -6,    0,   -6,    0,    0,    0,    0,    0,    0,    0,    0,    0,    0,    0,    0,    0,    0,    0,    0,    0,    0,    0,    0,    0,    0,    0,    0,    0,    0,    0,    0,    0,    0,    0,    0,    0,    0,    0,    0,    0,    0,    0,    0,    0,    0,    0,    0,    0,    0,    0,    0,    0,    0,    0,    0,    0,    0,    0,    0,    0,    0,    0,    0,    0,    0,    0,    0,    0,    0,    0,    0,    0,    0,    0,    0,    0,    0,    0,    0,    0,    0,    0,
       0,    0,    0,    0,    0,  -24,    0,    0,    0,    0,    0,    0,    0,    0,    0,    0,    0,    0,    0,    0,    0,   -4,    0,  -12,    0,   -8,   -2,  -12,    0,    0,  -20,    0,    0,  -16,    0,    0,   -8,    0,    0,    0,    0,    0,    0,    0,    0,   -4,    0,    0,    0,    0,    0,    0,    0,    0,    0,    0,    0,  -20,    0,   -8,    0,   -8,    0,    0,    0,    0,    0,    0,    0,    0,    0,    0,    0,    0,    0,    0,    0,    0,    0,    0,    0,    0,    0,    0,    0,    0,    0,    0,    0,    0,    0,    0,    0,    0,    0,    0,    0,    0,    0,    0,    0,    0,    0,    0,    0,    0,    0,    0,    0,    0,    0,    0,    0,    0,    0,    0,    0,    0,    0,    0,    0,    0,    0,    0,    0,    0,    0,    0,    0,  -24,    0,    0,    0,    0,    0,    0,    0,
       0,    0,    0,    0,    0,    0,    0,    0,    0,    0,    0,    0,    0,    0,    0,    0,    0,    0,    0,    0,    0,    0,    0,    0,    0,    0,    0,    0,    0,    0,    0,    0,    0,    0,    0,    0,    0,    0,    0,    0,    0,    0,    0,    0,    0,    0,    0,    0,    0,    0,    0,    0,    0,    0,    0,    0,    0,    0,    0,    0,    0,    0,    0,    0,    0,    0,   20,    0,    0,    0,    0,    0,    0,    0,    0,    0,    0,    0,    0,    0,    0,    0,    0,    0,    0,    0,    0,    0,    0,    0,    0,    0,    0,    0,    0,    0,    0,    0,    0,    0,    0,    0,    0,    0,    0,    0,    0,    0,    0,    0,    0,    0,    0,    0,    0,    0,    0,    0,    0,    0,    0,    0,    0,    0,    0,    0,    0,    0,    0,    0,    0,    0,    0,    0,    0,    0,    0,
       0,    0,    0,    0,    0,    0,    0,    0,    0,    0,    0,    0,    0,    0,    0,    0,    0,    0,    0,    0,    0,    0,    0,    0,    0,    0,    0,    0,    0,    0,    0,    0,    0,    0,    0,    0,    0,    0,    0,    0,    0,    0,    0,    0,    0,    0,    0,    0,    0,    0,    0,    0,    0,    0,    0,    0,    0,    0,    0,    0,    0,    0,    0,  -20,    0,    0,    0,    0,   -8,    0,    0,    0,    0,    0,  -12,    0,    0,    0,    0,    0,    0,    0,    0,    0,   -8,   -8,   -8,    0,    0,    0,    0,    0,    0,    0,   -8,    0,  -16,  -24,  -20,   -8,    0,    0,    0,    0,    0,    0,    0,    0,    0,    0,    0,    0,    0,    0,    0,    0,    0,    0,    0,    0,    0,    0,    0,    0,    0,    0,    0,    0,    0,    0,    0,    0,    0,    0,    0,    0,    0,
       0,    0,    0,    0,    0,    0,    0,    0,    0,    0,    0,    0,    0,    0,    0,    0,    0,    0,    0,    0,    0,    0,    0,    0,    0,    0,    0,    0,    0,    0,    0,    0,    0,    0,    0,    0,    0,    0,    0,    0,    0,    0,    0,    0,    0,    0,    0,    0,    0,    0,    0,    0,    0,    0,    0,    0,    0,    0,    0,    0,    0,    0,    0,    8,   -8,    0,    0,  -10,    0,  -28,  -10,    0,    0,  -14,    0,    0,  -16,   -8,  -12,  -16,  -16,   -4,   -4,  -12,   -4,   -3,  -12,  -16,    0,   -8,    0,    0,    0,    0,    0,    0,    0,    4,    0,    0,    0,    0,    0,    0,    0,    0,    0,    0,    0,    0,    0,    0,    0,    0,    0,    0,    0,    0,    0,    0,    0,    0,    0,    0,    0,    0,    0,    0,    0,    0,    0,    0,    0,    0,    0,    0,    0,
       0,    0,    0,    0,    0,    0,    0,    0,    0,    0,    0,    0,    0,    0,    0,    0,    0,    0,    0,    0,    0,    0,    0,    0,    0,    0,    0,    0,    0,    0,    0,    0,    0,    0,    0,    0,    0,    0,    0,    0,    0,    0,    0,    0,    0,    0,    0,    0,    0,    0,    0,    0,    0,    0,    0,    0,    0,    0,    0,    0,    0,    0,    0,    0,   -8,    0,    0,    0,    0,    0,    0,    0,    0,  -12,    0,    0,    0,    0,    0,    0,    0,    0,    0,    0,    0,    0,   -8,    0,    0,    0,    0,    0,   -8,    0,    0,    0,    0,    0,    0,    0,   -8,    0,    0,    0,    0,    0,    0,    0,    0,    0,    0,    0,    0,    0,    0,    0,    0,    0,    0,    0,    0,    0,    0,    0,    0,    0,    0,    0,    0,    0,    0,    0,    0,    0,    0,    0,    0,
       0,    0,    0,    0,    0,    0,    0,    0,    0,    0,    0,    0,    0,    0,    0,    0,    0,    0,    0,    0,    0,    0,    0,    0,    0,    0,    0,    0,    0,    0,    0,    0,    0,    0,    0,    0,    0,    0,    0,    0,    0,    0,    0,    0,    0,    0,    0,    0,    0,    0,    0,    0,    0,    0,    0,    0,    0,    0,    0,    0,    0,    0,    0,    0,    0,    0,    0,    0,    0,    0,    0,    0,    0,   -4,    0,    0,    0,    0,    0,    0,    0,    0,    0,    0,    0,    0,    0,    0,    0,    0,    0,    0,    0,    0,    0,    0,    0,    0,    0,    0,    0,    0,    0,    0,    0,    0,    0,    0,    0,    0,    0,    0,    0,    0,    0,    0,    0,    0,    0,    0,    0,    0,    0,    0,    0,    0,    0,    0,    0,    0,    0,    0,    0,    0,    0,    0,    0,
       0,    0,    0,    0,    0,    0,    0,    0,    0,    0,    0,    0,    0,    0,    0,    0,    0,    0,    0,    0,    0,    0,    0,    0,    0,    0,    0,    0,    0,    0,    0,    0,    0,    0,    0,    0,    0,    0,    0,    0,    0,    0,    0,    0,    0,    0,    0,    0,    0,    0,    0,    0,    0,    0,    0,    0,    0,    0,    0,    0,    0,    0,    0,  -24,    0,    0,    0,    0,   -8,    0,    0,    0,    0,    0,  -12,    0,    0,    0,    0,    0,    0,   -8,    0,    0,   -8,   -8,    0,   -8,    0,    0,    0,    0,    0,    0,    0,    0,    0,  -12,    0,    0,    0,    0,    0,    0,    0,    0,    0,    0,    0,    0,    0,    0,    0,    0,    0,    0,    0,    0,    0,    0,    0,    0,    0,    0,    0,    0,    0,    0,    0,    0,    0,    0,    0,    0,    0,    0,    0,
       0,    0,    0,    0,    0,    0,    0,    0,    0,    0,    0,    0,    0,    0,    0,    0,    0,    0,    0,    0,    0,    0,    0,    0,    0,    0,    0,    0,    0,    0,    0,    0,    0,    0,    0,    0,    0,    0,    0,    0,    0,    0,    0,    0,    0,    0,    0,    0,    0,    0,    0,    0,    0,    0,    0,    0,    0,    0,    0,    0,    0,    0,    0,    0,   -8,    0,    0,    0,    0,    0,    0,    0,    0,  -16,   -4,    0,   -4,   -8,    0,    0,   -8,    0,    0,    0,   -4,   -4,   -8,    0,    0,    0,    0,    0,   -8,    0,    0,    0,    0,    0,    0,    0,  -20,    0,    0,    0,    0,    0,    0,    0,    0,    0,    0,    0,    0,    0,    0,    0,    0,    0,    0,    0,    0,    0,    0,    0,    0,    0,    0,    0,    0,    0,    0,    0,    0,    0,    0,    0,    0,
       0,    0,    0,    0,    0,    0,    0,    0,    0,    0,    0,    0,    0,    0,    0,    0,    0,    0,    0,    0,    0,    0,    0,    0,    0,    0,    0,    0,    0,    0,    0,    0,    0,    0,    0,    0,    0,    0,    0,    0,    0,    0,    0,    0,    0,    0,    0,    0,    0,    0,    0,    0,    0,    0,    0,    0,    0,    0,    0,    0,    0,    0,    0,    0,  -16,   -8,    0,  -31,    0,  -48,  -42,    0,    0,  -12,    0,  -14,  -20,  -16,   -4,  -38,  -29,  -12,   -8,  -20,    0,    0,   -8,  -20,   20,  -12,    0,    0,   -4,    0,    0,    0,    0,    0,    0,    0,   -8,  -12,  -20,    0,    0,    0,    0,    0,    0,    0,    0,    0,    0,    0,    0,    0,    0,    0,    0,    0,    0,    0,    0,    0,    0,    0,    0,    0,    0,    0,    0,    0,    0,    0,    0,    0,    0,
       0,    0,    0,    0,    0,    0,    0,    0,    0,    0,    0,    0,    0,    0,    0,    0,    0,    0,    0,    0,    0,    0,    0,    0,    0,    0,    0,    0,    0,    0,    0,    0,    0,    0,    0,    0,    0,    0,    0,    0,    0,    0,    0,    0,    0,    0,    0,    0,    0,    0,    0,    0,    0,    0,    0,    0,    0,    0,    0,    0,    0,    0,    0,  -28,   -8,    0,   20,    0,   -7,    0,    0,    0,    0,  -14,  -24,    0,    0,    0,    0,    0,   -4,    0,    0,    0,  -12,   -8,  -12,    0,    0,    0,    0,    0,    0,    0,   -8,    0,  -16,  -20,  -24,    0,  -20,    0,    0,    0,   -4,    0,    0,    0,    0,    0,    0,    0,    0,    0,    0,    0,    0,    0,    0,    0,    0,    0,    0,    0,    0,    0,    0,    0,    0,    0,    0,    0,    0,    0,    0,    0,    0,
       0,    0,    0,    0,    0,    0,    0,    0,    0,    0,    0,    0,    0,    0,    0,    0,    0,    0,    0,    0,    0,    0,    0,    0,    0,    0,    0,    0,    0,    0,    0,    0,    0,    0,    0,    0,    0,    0,    0,    0,    0,    0,    0,    0,    0,    0,    0,    0,    0,    0,    0,    0,    0,    0,    0,    0,    0,    0,    0,    0,    0,    0,    0,    0,    0,    0,    0,    0,    0,    0,    0,    0,    0,    0,    0,    0,    0,    0,    0,    0,    0,   -4,    0,    0,    0,   -4,    0,    0,    0,    0,    0,    0,    0,    0,    0,    0,    0,    0,    0,    0,    0,    0,    0,    0,    0,    0,    0,    0,    0,    0,    0,    0,    0,    0,    0,    0,    0,    0,    0,    0,    0,    0,    0,    0,    0,    0,    0,    0,    0,    0,    0,    0,    0,    0,    0,    0,    0,
       0,    0,    0,    0,    0,    0,    0,    0,    0,    0,    0,    0,    0,    0,    0,    0,    0,    0,    0,    0,    0,    0,    0,    0,    0,    0,    0,    0,    0,    0,    0,    0,    0,    0,    0,    0,    0,    0,    0,    0,    0,    0,    0,    0,    0,    0,    0,    0,    0,    0,    0,    0,    0,    0,    0,    0,    0,    0,    0,    0,    0,    0,    0,    0,    0,    0,    0,    0,    0,    0,    0,    0,    0,    0,    0,    0,    0,    0,    0,    0,    0,   -4,    0,    0,    0,    0,   -6,   -4,    0,    0,    0,    0,    0,    0,    0,    0,    0,    0,    0,    0,    0,    0,    0,    0,    0,    0,    0,    0,    0,    0,    0,    0,    0,    0,    0,    0,    0,    0,    0,    0,    0,    0,    0,    0,    0,    0,    0,    0,    0,    0,    0,    0,    0,    0,    0,    0,    0,
       0,    0,    0,    0,    0,    0,    0,    0,    0,    0,    0,    0,    0,    0,    0,    0,    0,    0,    0,    0,    0,    0,    0,    0,    0,    0,    0,    0,    0,    0,    0,    0,    0,    0,    0,    0,    0,    0,    0,    0,    0,    0,    0,    0,    0,    0,    0,    0,    0,    0,    0,    0,    0,    0,    0,    0,    0,    0,    0,    0,    0,    0,    0,    0,    0,    0,   36,   12,    0,    0,   16,    0,    0,   -4,  -10,    0,    0,    0,    0,   12,    0,    0,    0,   12,   -4,   12,   -8,    0,    0,    0,    0,   28,    0,    0,    0,    0,    0,    0,    0,    0,    0,    0,    0,    0,    0,    0,    0,    0,    0,    0,    0,    0,    0,    0,    0,    0,    0,    0,    0,    0,    0,    0,    0,    0,    0,    0,    0,    0,    0,    0,    0,    0,    0,    0,    0,    0,    0,
       0,    0,    0,    0,    0,    0,    0,    0,    0,    0,    0,    0,    0,    0,    0,    0,    0,    0,    0,    0,    0,    0,    0,    0,    0,    0,    0,    0,    0,    0,    0,    0,    0,    0,    0,    0,    0,    0,    0,    0,    0,    0,    0,    0,    0,    0,    0,    0,    0,    0,    0,    0,    0,    0,    0,    0,    0,    0,    0,    0,    0,    0,    0,   -8,    0,    0,    0,   -4,  -16,   -8,   -4,   -8,   -4,    0,    0,    0,    0,    0,    0,   -4,    0,   -6,    0,   -4,    0,    0,    0,   -4,    0,    0,    0,    0,    0,    0,    0,    0,   -4,   -4,   -4,    0,    0,    0,   -8,    0,    0,    0,    0,    0,    0,    0,    0,    0,    0,    0,    0,    0,    0,    0,    0,    0,    0,    0,    0,    0,    0,    0,    0,    0,    0,    0,    0,    0,    0,    0,    0,    0,    0,
       0,    0,    0,    0,    0,    0,    0,    0,    0,    0,    0,    0,    0,    0,    0,    0,    0,    0,    0,    0,    0,    0,    0,    0,    0,    0,    0,    0,    0,    0,    0,    0,    0,    0,    0,    0,    0,    0,    0,    0,    0,    0,    0,    0,    0,    0,    0,    0,    0,    0,    0,    0,    0,    0,    0,    0,    0,    0,    0,    0,    0,    0,    0,    0,    0,    0,    0,  -24,   -8,  -20,  -24,   -8,    0,   -4,    0,    0,  -10,    0,    0,  -20,   -4,    0,    0,  -16,    0,    0,    0,   -4,    0,    0,    0,    0,    0,    0,    0,    0,    0,    0,    0,    0,    0,    0,  -24,    0,    0,    0,    0,    0,    0,    0,    0,    0,    0,    0,    0,    0,    0,    0,    0,    0,    0,    0,    0,    0,    0,    0,    0,    0,    0,    0,    0,    0,    0,    0,    0,    0,    0,
       0,    0,    0,    0,    0,    0,    0,    0,    0,    0,    0,    0,    0,    0,    0,    0,    0,    0,    0,    0,    0,    0,    0,    0,    0,    0,    0,    0,    0,    0,    0,    0,    0,    0,    0,    0,    0,    0,    0,    0,    0,    0,    0,    0,    0,    0,    0,    0,    0,    0,    0,    0,    0,    0,    0,    0,    0,    0,    0,    0,    0,    0,    0,  -14,    0,   -4,    0,   -8,  -12,  -14,  -12,  -16,  -12,    0,    0,   -4,    0,    0,    0,  -10,    0,   -6,    0,   -6,    0,    0,    0,   -4,    0,    0,    0,    0,    0,    0,    0,    0,    0,   -8,    0,    0,    0,    0,    0,    0,    0,    0,    0,    0,    0,    0,    0,    0,    0,    0,    0,    0,    0,    0,    0,    0,    0,    0,    0,    0,    0,    0,    0,    0,    0,    0,    0,    0,    0,    0,    0,    0,    0,
       0,    0,    0,    0,    0,    0,    0,    0,    0,    0,    0,    0,    0,    0,    0,    0,    0,    0,    0,    0,    0,    0,    0,    0,    0,    0,    0,    0,    0,    0,    0,    0,    0,    0,    0,    0,    0,    0,    0,    0,    0,    0,    0,    0,    0,    0,    0,    0,    0,    0,    0,    0,    0,    0,    0,    0,    0,    0,    0,    0,    0,    0,    0,  -16,    0,    0,    0,    0,  -14,    0,    0,    0,    0,    0,    0,    0,    0,    0,    0,    0,    0,   -8,    0,    0,   -4,   -4,    0,    0,    0,    0,    0,    0,    0,    0,    0,    0,    0,    0,    0,    0,    0,    0,    0,    0,    0,    0,    0,    0,    0,    0,    0,    0,    0,    0,    0,    0,    0,    0,    0,    0,    0,    0,    0,    0,    0,    0,    0,    0,    0,    0,    0,    0,    0,    0,    0,    0,    0,
       0,    0,    0,    0,    0,    0,    0,    0,    0,    0,    0,    0,    0,    0,    0,    0,    0,    0,    0,    0,    0,    0,    0,    0,    0,    0,    0,    0,    0,    0,    0,    0,    0,    0,    0,    0,    0,    0,    0,    0,    0,    0,    0,    0,    0,    0,    0,    0,    0,    0,    0,    0,    0,    0,    0,    0,    0,    0,    0,    0,    0,    0,    0,  -24,    0,    0,    0,    0,  -15,   -4,    0,  -12,    0,    0,    0,   -8,    0,    0,    0,   -4,    0,   -8,    0,    0,   -4,  -12,   -4,   -4,    0,    0,    0,    0,    0,    0,    0,    0,    0,    0,    0,    0,    0,    0,    0,    0,    0,    0,    0,    0,    0,    0,    0,    0,    0,    0,    0,    0,    0,    0,    0,    0,    0,    0,    0,    0,    0,    0,    0,    0,    0,    0,    0,    0,    0,    0,    0,    0,    0,
       0,    0,    0,    0,    0,    0,    0,    0,    0,    0,    0,    0,    0,    0,    0,    0,    0,    0,    0,    0,    0,    0,    0,    0,    0,    0,    0,    0,    0,    0,    0,    0,    0,    0,    0,    0,    0,    0,    0,    0,    0,    0,    0,    0,    0,    0,    0,    0,    0,    0,    0,    0,    0,    0,    0,    0,    0,    0,    0,    0,    0,    0,    0,  -12,    0,    0,    0,    0,   -4,    0,    0,   -4,    0,    0,    0,   -4,    0,    0,    0,    0,    0,   -8,    0,    0,   -4,   -4,    0,    0,    0,    0,    0,    0,    0,    0,    0,    0,    0,    0,    0,    0,    0,    0,    0,    0,    0,    0,    0,    0,    0,    0,    0,    0,    0,    0,    0,    0,    0,    0,    0,    0,    0,    0,    0,    0,    0,    0,    0,    0,    0,    0,    0,    0,    0,    0,    0,    0,    0,
       0,    0,    0,    0,    0,    0,    0,    0,    0,    0,    0,    0,    0,    0,    0,    0,    0,    0,    0,    0,    0,    0,    0,    0,    0,    0,    0,    0,    0,    0,    0,    0,    0,    0,    0,    0,    0,    0,    0,    0,    0,    0,    0,    0,    0,    0,    0,    0,    0,    0,    0,    0,    0,    0,    0,    0,    0,    0,    0,    0,    0,    0,    0,    0,    0,    0,    0,   -8,    0,  -12,  -12,   -4,    0,    0,    0,    0,    0,    0,    0,  -16,   -4,    0,    0,  -12,    0,    0,    0,    0,    0,    0,    0,    0,    0,    0,    0,    0,    0,    0,    0,    0,    0,    0,    0,    0,    0,    0,    0,    0,    0,    0,    0,    0,    0,    0,    0,    0,    0,    0,    0,    0,    0,    0,    0,    0,    0,    0,    0,    0,    0,    0,    0,    0,    0,    0,    0,    0,    0,
       0,    0,    0,    0,    0,    0,    0,    0,    0,    0,    0,    0,    0,    0,    0,    0,    0,    0,    0,    0,    0,    0,    0,    0,    0,    0,    0,    0,    0,    0,    0,    0,    0,    0,    0,    0,    0,    0,    0,    0,    0,    0,    0,    0,    0,    0,    0,    0,    0,    0,    0,    0,    0,    0,    0,    0,    0,    0,    0,    0,    0,    0,    0,  -12,    0,    0,   40,    8,    0,    0,   12,    0,    0,    0,   -6,    0,    0,    0,    0,    8,    0,    0,    0,   10,   -6,    0,  -12,    0,    0,    0,    0,   24,    0,    0,    0,    0,    0,    0,    0,    0,    0,    0,    0,    0,    0,    0,    0,    0,    0,    0,    0,    0,    0,    0,    0,    0,    0,    0,    0,    0,    0,    0,    0,    0,    0,    0,    0,    0,    0,    0,    0,    0,    0,    0,    0,    0,    0,
       0,    0,    0,    0,    0,    0,    0,    0,    0,    0,    0,    0,    0,    0,    0,    0,    0,    0,    0,    0,    0,    0,    0,    0,    0,    0,    0,    0,    0,    0,    0,    0,    0,    0,    0,    0,    0,    0,    0,    0,    0,    0,    0,    0,    0,    0,    0,    0,    0,    0,    0,    0,    0,    0,    0,    0,    0,    0,    0,    0,    0,    0,    0,  -16,    0,    0,    0,    0,  -15,   -4,    0,   -8,    0,    0,    0,   -8,    0,    0,    0,   -4,    0,   -8,    0,    0,   -4,  -12,   -4,   -4,    0,    0,    0,    0,    0,    0,    0,    0,    0,    0,    0,    0,    0,    0,    0,    0,    0,    0,    0,    0,    0,    0,    0,    0,    0,    0,    0,    0,    0,    0,    0,    0,    0,    0,    0,    0,    0,    0,    0,    0,    0,    0,    0,    0,    0,    0,    0,    0,    0,
       0,    0,    0,    0,    0,    0,    0,    0,    0,    0,    0,    0,    0,    0,    0,    0,    0,    0,    0,    0,    0,    0,    0,    0,    0,    0,    0,    0,    0,    0,    0,    0,    0,    0,    0,    0,    0,    0,    0,    0,    0,    0,    0,    0,    0,    0,    0,    0,    0,    0,    0,    0,    0,    0,    0,    0,    0,    0,    0,    0,    0,    0,    0,   -4,   -6,    0,    0,    0,   -4,    0,    0,    0,    0,   -6,   -4,    0,   -8,    0,    0,    0,   -8,    0,    0,    0,    0,    0,   -8,   -4,    0,    0,    0,    0,    0,    0,    0,    0,    0,    0,    0,    0,    0,   -8,    0,    0,    0,    0,    0,    0,    0,    0,    0,    0,    0,    0,    0,    0,    0,    0,    0,    0,    0,    0,    0,    0,    0,    0,    0,    0,    0,    0,    0,    0,    0,    0,    0,    0,    0,
       0,    0,    0,    0,    0,    0,    0,    0,    0,    0,    0,    0,    0,    0,    0,    0,    0,    0,    0,    0,    0,    0,    0,    0,    0,    0,    0,    0,    0,    0,    0,    0,    0,    0,    0,    0,    0,    0,    0,    0,    0,    0,    0,    0,    0,    0,    0,    0,    0,    0,    0,    0,    0,    0,    0,    0,    0,    0,    0,    0,    0,    0,    0,  -12,    0,    0,    0,    0,    0,    0,    0,    0,    0,    0,    0,    0,    0,    0,    0,    0,    0,    0,    0,    0,    0,    0,    0,    0,   -1,    0,    0,    0,    0,    0,    0,    0,    0,    0,    0,    0,    0,    0,    0,    0,    0,    0,    0,    0,    0,    0,    0,    0,    0,    0,    0,    0,    0,    0,    0,    0,    0,    0,    0,    0,    0,    0,    0,    0,    0,    0,    0,    0,    0,    0,    0,    0,    0,
       0,    0,    0,    0,    0,    0,    0,    0,    0,    0,    0,    0,    0,    0,    0,    0,    0,    0,    0,    0,    0,    0,    0,    0,    0,    0,    0,    0,    0,    0,    0,    0,    0,    0,    0,    0,    0,    0,    0,    0,    0,    0,    0,    0,    0,    0,    0,    0,    0,    0,    0,    0,    0,    0,    0,    0,    0,    0,    0,    0,    0,    0,    0,   -8,    0,    0,    0,    0,    0,    0,    0,    0,    0,    0,    0,    0,    0,    0,    0,    0,   -4,    0,    0,    0,    0,    0,    0,   -4,    0,    0,    0,    0,    0,    0,    0,    0,    0,    0,    0,    0,    0,    0,    0,    0,    0,    0,    0,    0,    0,    0,    0,    0,    0,    0,    0,    0,    0,    0,    0,    0,    0,    0,    0,    0,    0,    0,    0,    0,    0,    0,    0,    0,    0,    0,    0,    0,    0,
       0,    0,    0,    0,    0,    0,    0,    0,    0,    0,    0,    0,    0,    0,    0,    0,    0,    0,    0,    0,    0,    0,    0,    0,    0,    0,    0,    0,    0,    0,    0,    0,    0,    0,    0,    0,    0,    0,    0,    0,    0,    0,    0,    0,    0,    0,    0,    0,    0,    0,    0,    0,    0,    0,    0,    0,    0,    0,    0,    0,    0,    0,    0,    0,    0,    0,    0,   -8,    0,   -8,  -12,   -4,    0,    0,    0,    0,   -4,    0,    0,  -20,  -12,    0,    0,  -20,    0,    0,    0,  -12,    0,    0,    0,    0,    0,    0,    0,    0,    0,    0,    0,    0,    0,    0,    0,    0,    0,    0,    0,    0,    0,    0,    0,    0,    0,    0,    0,    0,    0,    0,    0,    0,    0,    0,    0,    0,    0,    0,    0,    0,    0,    0,    0,    0,    0,    0,    0,    0,    0,
       0,    0,    0,    0,    0,    0,    0,    0,    0,    0,    0,    0,    0,    0,    0,    0,    0,    0,    0,    0,    0,    0,    0,    0,    0,    0,    0,    0,    0,    0,    0,    0,    0,    0,    0,    0,    0,    0,    0,    0,    0,    0,    0,    0,    0,    0,    0,    0,    0,    0,    0,    0,    0,    0,    0,    0,    0,    0,    0,    0,    0,    0,    0,  -24,    0,    0,    0,    0,   -8,   -4,    0,   -4,    0,   -4,  -28,   -8,    0,    0,    0,    0,    0,   -8,    0,    0,  -24,  -18,  -16,   -8,    0,    0,    0,    0,    0,   -8,    0,    0,    0,    0,    0,  -12,    0,   -8,    0,    0,    0,    0,    0,    0,    0,    0,    0,    0,    0,    0,    0,    0,    0,    0,    0,    0,    0,    0,    0,    0,    0,    0,    0,    0,    0,    0,    0,    0,    0,    0,    0,    0,    0,
       0,    0,    0,    0,    0,    0,    0,    0,    0,    0,    0,    0,    0,    0,    0,    0,    0,    0,    0,    0,    0,    0,    0,    0,    0,    0,    0,    0,    0,    0,    0,    0,    0,    0,    0,    0,    0,    0,    0,    0,    0,    0,    0,    0,    0,    0,    0,    0,    0,    0,    0,    0,    0,    0,    0,    0,    0,    0,    0,    0,    0,    0,    0,  -16,    0,    0,   32,    0,    0,    0,    0,    0,    0,    0,    0,    0,    0,    0,    0,    0,    0,    0,    0,    0,  -12,  -20,    0,    0,    0,    0,    0,    8,    0,    0,    0,    0,    0,    0,    0,    0,    0,    0,    0,    0,    0,    0,    0,    0,    0,    0,    0,    0,    0,    0,    0,    0,    0,    0,    0,    0,    0,    0,    0,    0,    0,    0,    0,    0,    0,    0,    0,    0,    0,    0,    0,    0,    0,
       0,    0,    0,    0,    0,    0,    0,    0,    0,    0,    0,    0,    0,    0,    0,    0,    0,    0,    0,    0,    0,    0,    0,    0,    0,    0,    0,    0,    0,    0,    0,    0,    0,    0,    0,    0,    0,    0,    0,    0,    0,    0,    0,    0,    0,    0,    0,    0,    0,    0,    0,    0,    0,    0,    0,    0,    0,    0,    0,    0,    0,    0,    0,    0,    0,    0,    0,   -8,   10,  -12,  -12,   -4,    0,    0,    0,    0,    0,    0,    0,  -16,   -4,    0,    0,  -12,    0,    0,    0,    0,   10,    0,   10,    0,    0,    0,    0,    0,    0,    0,    0,    0,    0,    0,    0,    0,    0,    0,    0,    0,    0,    0,    0,    0,    0,    0,    0,    0,    0,    0,    0,    0,    0,    0,    0,    0,    0,    0,    0,    0,    0,    0,    0,    0,    0,    0,    0,    0,    0,
       0,    0,    0,    0,    0,    0,    0,    0,    0,    0,    0,    0,    0,    0,    0,    0,    0,    0,    0,    0,    0,    0,    0,    0,    0,    0,    0,    0,    0,    0,    0,    0,    0,    0,    0,    0,    0,    0,    0,    0,    0,    0,    0,    0,    0,    0,    0,    0,    0,    0,    0,    0,    0,    0,    0,    0,    0,    0,    0,    0,    0,    0,    0,   -8,    0,    0,    0,    0,  -12,    0,    0,    0,    0,    0,    0,   -4,    0,    0,    0,    0,    0,    0,    0,    0,    0,    0,    0,   -8,    0,    0,    0,    0,    0,    0,    0,    0,    0,    0,    0,    0,    0,    0,    0,    0,    0,    0,    0,    0,    0,    0,    0,    0,    0,    0,    0,    0,    0,    0,    0,    0,    0,    0,    0,    0,    0,    0,    0,    0,    0,    0,    0,    0,    0,    0,    0,    0,    0,
       0,    0,    0,    0,    0,    0,    0,    0,    0,    0,    0,    0,    0,    0,    0,    0,    0,    0,    0,    0,    0,    0,    0,    0,    0,    0,    0,    0,    0,    0,    0,    0,    0,    0,    0,    0,    0,    0,    0,    0,    0,    0,    0,    0,    0,    0,    0,    0,    0,    0,    0,    0,    0,    0,    0,    0,    0,    0,    0,    0,    0,    0,    0,    8,    0,    0,    0,    0,    0,    0,    0,    0,    0,    0,    0,    0,    0,    0,    0,    0,    0,    0,    0,    0,    0,    0,    0,    0,   17,    0,    6,    0,    0,    0,    0,    0,    0,    0,    0,    0,    0,    0,    0,    0,    0,    0,    0,    0,    0,    0,    0,    0,    0,    0,    0,    0,    0,    0,    0,    0,    0,    0,    0,    0,    0,    0,    0,    0,    0,    0,    0,    0,    0,    0,    0,    0,    0,
       0,    0,    0,    0,    0,    0,    0,    0,    0,    0,    0,    0,    0,    0,    0,    0,    0,    0,    0,    0,    0,    0,    0,    0,    0,    0,    0,    0,    0,    0,    0,    0,    0,    0,    0,    0,    0,    0,    0,    0,    0,    0,    0,    0,    0,    0,    0,    0,    0,    0,    0,    0,    0,    0,    0,    0,    0,    0,    0,    0,    0,    0,    0,    0,    0,    0,   12,    0,    0,    0,    0,    0,    0,    0,    0,    0,    0,    0,    0,    0,    0,    0,    0,    0,    0,    0,    0,    0,    0,    0,    0,    8,    0,    0,    0,    0,    0,    0,    0,    0,    0,    0,    0,    0,    0,    0,    0,    0,    0,    0,    0,    0,    0,    0,    0,    0,    0,    0,    0,    0,    0,    0,    0,    0,    0,    0,    0,    0,    0,    0,    0,    0,    0,    0,    0,    0,    0,
       0,    0,    0,    0,    0,    0,    0,    0,    0,    0,    0,    0,    0,    0,    0,    0,    0,    0,    0,    0,    0,    0,    0,    0,    0,    0,    0,    0,    0,    0,    0,    0,    0,    0,    0,    0,    0,    0,    0,    0,    0,    0,    0,    0,    0,    0,    0,    0,    0,    0,    0,    0,    0,    0,    0,    0,    0,    0,    0,    0,    0,    0,    0,  -16,    0,    0,   16,    0,    0,    0,    0,    0,    0,    0,    0,    0,    0,    0,    0,    0,    0,    0,    0,    0,  -12,  -20,    0,    0,    0,    0,    0,    0,    0,    0,    0,    0,    0,    0,    0,    0,    0,    0,    0,    0,    0,    0,    0,    0,    0,    0,    0,    0,    0,    0,    0,    0,    0,    0,    0,    0,    0,    0,    0,    0,    0,    0,    0,    0,    0,    0,    0,    0,    0,    0,    0,    0,    0,
       0,    0,    0,    0,    0,    0,    0,    0,    0,    0,    0,    0,    0,    0,    0,    0,    0,    0,    0,    0,    0,    0,    0,    0,    0,    0,    0,    0,    0,    0,    0,    0,    0,    0,    0,    0,    0,    0,    0,    0,    0,    0,    0,    0,    0,    0,    0,    0,    0,    0,    0,    0,    0,    0,    0,    0,    0,    0,    0,    0,    0,    0,    0,    0,    0,    0,    0,    0,    0,    0,    0,    0,    0,    0,    0,    0,    0,    0,    0,   -8,    0,    0,    0,    0,    0,    0,    0,    0,    0,    0,    0,    0,    0,    0,    0,    0,    0,    0,    0,    0,    0,    0,    0,    0,    0,    0,    0,    0,    0,    0,    0,    0,    0,    0,    0,    0,    0,    0,    0,    0,    0,    0,    0,    0,    0,    0,    0,    0,    0,    0,    0,    0,    0,    0,    0,    0,    0,
       0,    0,    0,    0,    0,    0,    0,    0,    0,    0,    0,    0,    0,    0,    0,    0,    0,    0,    0,    0,    0,    0,    0,    0,    0,    0,    0,    0,    0,    0,    0,    0,    0,    0,    0,    0,    0,    0,    0,    0,    0,    0,    0,    0,    0,    0,    0,    0,    0,    0,    0,    0,    0,    0,    0,    0,    0,    0,    0,    0,    0,    0,    0,  -16,    0,    0,    0,    0,    0,    0,    0,    0,    0,    0,  -16,    0,    0,    0,    0,    0,    0,    0,    0,    0,   -8,    0,    0,    0,    0,    0,    0,    0,    0,    0,    0,    0,  -12,   -8,  -12,    0,    0,    0,    0,    0,    0,    0,    0,    0,    0,    0,    0,    0,    0,    0,    0,    0,    0,    0,    0,    0,    0,    0,    0,    0,    0,    0,    0,    0,    0,    0,    0,    0,    0,    0,    0,    0,    0,
       0,    0,    0,    0,    0,    0,    0,    0,    0,    0,    0,    0,    0,    0,    0,    0,    0,    0,    0,    0,    0,    0,    0,    0,    0,    0,    0,    0,    0,    0,    0,    0,    0,    0,    0,    0,    0,    0,    0,    0,    0,    0,    0,    0,    0,    0,    0,    0,    0,    0,    0,    0,    0,    0,    0,    0,    0,    0,    0,    0,    0,    0,    0,    0,    0,    0,    0,    0,    0,    0,    0,    0,    0,    0,    0,    0,   -8,    0,    0,    0,    0,    0,    0,    0,  -20,  -12,  -12,    0,    0,    0,    0,    0,    0,   -8,    0,    0,    0,    0,    0,   -8,    0,   -8,    0,    0,    0,    0,    0,    0,    0,    0,    0,    0,    0,    0,    0,    0,    0,    0,    0,    0,    0,    0,    0,    0,    0,    0,    0,    0,    0,    0,    0,    0,    0,    0,    0,    0,    0,
       0,    0,    0,    0,    0,    0,    0,    0,    0,    0,    0,    0,    0,    0,    0,    0,    0,    0,    0,    0,    0,    0,    0,    0,    0,    0,    0,    0,    0,    0,    0,    0,    0,    0,    0,    0,    0,    0,    0,    0,    0,    0,    0,    0,    0,    0,    0,    0,    0,    0,    0,    0,    0,    0,    0,    0,    0,    0,    0,    0,    0,    0,    0,    0,    0,    0,    0,    0,    0,    0,    0,    0,    0,    0,    0,    0,    0,    0,    0,    0,    0,    0,    0,    0,    0,    0,    0,    0,    0,    0,    0,    0,    0,    0,    0,    0,   -4,    0,   -4,    0,    0,    0,    0,    0,    0,    0,    0,    0,    0,    0,    0,    0,    0,    0,    0,    0,    0,    0,    0,    0,    0,    0,    0,    0,    0,    0,    0,    0,    0,    0,    0,    0,    0,    0,    0,    0,    0,
       0,    0,    0,    0,    0,    0,    0,    0,    0,    0,    0,    0,    0,    0,    0,    0,    0,    0,    0,    0,    0,    0,    0,    0,    0,    0,    0,    0,    0,    0,    0,    0,    0,    0,    0,    0,    0,    0,    0,    0,    0,    0,    0,    0,    0,    0,    0,    0,    0,    0,    0,    0,    0,    0,    0,    0,    0,    0,    0,    0,    0,    0,    0,    8,   -8,    0,    0,  -16,    0,  -28,  -20,    0,    0,  -12,    0,    0,  -28,    0,    0,  -24,    0,   -8,   -8,    0,  -16,  -16,  -20,    0,    0,    0,    0,    0,   -8,   -8,    0,  -20,    0,    0,    0,  -16,  -20,  -28,  -20,  -32,    0,    0,    0,    0,    0,    0,    0,    0,    0,    0,    0,    0,    0,    0,    0,    0,    0,    0,    0,    0,    0,    0,    0,    0,    0,    0,    0,    0,    0,    0,    0,    0,    0,
       0,    0,    0,    0,    0,    0,    0,    0,    0,    0,    0,    0,    0,    0,    0,    0,    0,    0,    0,    0,    0,    0,    0,    0,    0,    0,    0,    0,    0,    0,    0,    0,    0,    0,    0,    0,    0,    0,    0,    0,    0,    0,    0,    0,    0,    0,    0,    0,    0,    0,    0,    0,    0,    0,    0,    0,    0,    0,    0,    0,    0,    0,    0,    0,    0,    0,    0,    0,    0,  -12,    0,    0,    0,    0,    0,    0,   -4,    0,    0,  -16,   -4,    0,    0,  -12,    0,    0,    0,    0,    0,    0,    0,    0,    0,    0,    0,    0,    0,    0,    0,    0,    0,    0,    0,    0,    0,    0,    0,    0,    0,    0,    0,    0,    0,    0,    0,    0,    0,    0,    0,    0,    0,    0,    0,    0,    0,    0,    0,    0,    0,    0,    0,    0,    0,    0,    0,    0,    0,
       0,    0,    0,    0,    0,    0,    0,    0,    0,    0,    0,    0,    0,    0,    0,    0,    0,    0,    0,    0,    0,    0,    0,    0,    0,    0,    0,    0,    0,    0,    0,    0,    0,    0,    0,    0,    0,    0,    0,    0,    0,    0,    0,    0,    0,    0,    0,    0,    0,    0,    0,    0,    0,    0,    0,    0,    0,    0,    0,    0,    0,    0,    0,    8,    0,    0,    0,    0,    0,  -24,    0,    0,    0,    0,    0,    0,  -16,    0,    0,  -20,    0,   -8,   -8,    0,    0,    0,  -20,    0,    8,    0,    0,    0,   -8,    0,    0,  -12,    0,    8,    0,    0,   -8,  -12,  -16,    0,    0,    0,    0,    0,    0,    0,    0,    0,    0,    0,    0,    0,    0,    0,    0,    0,    0,    0,    0,    0,    0,    0,    0,    0,    0,    0,    0,    0,    0,    0,    0,    0,    0,
       0,    0,    0,    0,    0,    0,    0,    0,    0,    0,    0,    0,    0,    0,    0,    0,    0,    0,    0,    0,    0,    0,    0,    0,    0,    0,    0,    0,    0,    0,    0,    0,    0,    0,    0,    0,    0,    0,    0,    0,    0,    0,    0,    0,    0,    0,    0,    0,    0,    0,    0,    0,    0,    0,    0,    0,    0,    0,    0,    0,    0,    0,    0,    0,    0,    0,    0,    0,    0,    0,    0,    0,    0,    0,    0,    0,   -8,    0,    0,  -12,    0,    0,    0,    0,    0,    0,    0,    0,    0,    0,    0,    0,    0,    0,    0,    0,    0,    0,    0,    0,    0,    0,    0,    0,    0,    0,    0,    0,    0,    0,    0,    0,    0,    0,    0,    0,    0,    0,    0,    0,    0,    0,    0,    0,    0,    0,    0,    0,    0,    0,    0,    0,    0,    0,    0,    0,    0,
       0,    0,    0,    0,    0,    0,    0,    0,    0,    0,    0,    0,    0,    0,    0,    0,    0,    0,    0,    0,    0,    0,    0,    0,    0,    0,    0,    0,    0,    0,    0,    0,    0,    0,    0,    0,    0,    0,    0,    0,    0,    0,    0,    0,    0,    0,    0,    0,    0,    0,    0,    0,    0,    0,    0,    0,    0,    0,    0,    0,    0,    0,    0,    0,    0,    0,    0,    0,    0,    0,    0,    0,    0,    0,    0,    0,    0,    0,    0,    0,    0,    0,    0,    0,   -8,    0,  -20,    0,    0,    0,    0,    0,   -8,    0,    0,    0,    0,    0,    0,    0,  -20,   -8,    0,    0,    0,    0,    0,    0,    0,    0,    0,    0,    0,    0,    0,    0,    0,    0,    0,    0,    0,    0,    0,    0,    0,    0,    0,    0,    0,    0,    0,    0,    0,    0,    0,    0,    0,
       0,    0,    0,    0,    0,    0,    0,    0,    0,    0,    0,    0,    0,    0,    0,    0,    0,    0,    0,    0,    0,    0,    0,    0,    0,    0,    0,    0,    0,    0,    0,    0,    0,    0,    0,    0,    0,    0,    0,    0,    0,    0,    0,    0,    0,    0,    0,    0,    0,    0,    0,    0,    0,    0,    0,    0,    0,    0,    0,    0,    0,    0,    0,    0,    0,    0,    0,    0,    0,    0,    0,    0,    0,    0,    0,    0,   -4,    0,    0,    0,    0,    0,    0,    0,    0,    0,   -4,    0,    0,    0,    0,    0,    0,    0,    0,    0,    0,    0,    0,    0,    0,    0,    0,    0,    0,    0,    0,    0,    0,    0,    0,    0,    0,    0,    0,    0,    0,    0,    0,    0,    0,    0,    0,    0,    0,    0,    0,    0,    0,    0,    0,    0,    0,    0,    0,    0,    0,
       0,    0,    0,    0,    0,    0,    0,    0,    0,    0,    0,    0,    0,    0,    0,    0,    0,    0,    0,    0,    0,    0,    0,    0,    0,    0,    0,    0,    0,    0,    0,    0,    0,    0,    0,    0,    0,    0,    0,    0,    0,    0,    0,    0,    0,    0,    0,    0,    0,    0,    0,    0,    0,    0,    0,    0,    0,    0,    0,    0,    0,    0,    0,    0,    0,    0,    0,    0,    0,  -24,    0,    0,    0,    0,    0,    0,  -20,    0,    0,  -20,    0,    0,    0,    0,    0,    0,  -16,    0,    8,    0,    0,    0,   -8,    0,    0,  -12,    0,    0,    0,    0,    0,  -16,  -16,  -16,   -4,    0,    0,    0,    0,    0,    0,    0,    0,    0,    0,    0,    0,    0,    0,    0,    0,    0,    0,    0,    0,    0,    0,    0,    0,    0,    0,    0,    0,    0,    0,    0,    0,
       0,    0,    0,    0,    0,    0,    0,    0,    0,    0,    0,    0,    0,    0,    0,    0,    0,    0,    0,    0,    0,    0,    0,    0,    0,    0,    0,    0,    0,    0,    0,    0,    0,    0,    0,    0,    0,    0,    0,    0,    0,    0,    0,    0,    0,    0,    0,    0,    0,    0,    0,    0,    0,    0,    0,    0,    0,    0,    0,    0,    0,    0,    0,    0,    0,    0,    0,    0,    0,    0,    0,    0,    0,    0,    0,    0,    0,    0,    0,   -4,    0,    0,    0,    0,    0,    0,    0,    0,    0,    0,    0,    0,    0,    0,    0,    0,    0,    0,    0,    0,    0,    0,    0,    0,    0,    0,    0,    0,    0,    0,    0,    0,    0,    0,    0,    0,    0,    0,    0,    0,    0,    0,    0,    0,    0,    0,    0,    0,    0,    0,    0,    0,    0,    0,    0,    0,    0,
       0,    0,    0,    0,    0,    0,    0,    0,    0,    0,    0,    0,    0,    0,    0,    0,    0,    0,    0,    0,    0,    0,    0,    0,    0,    0,    0,    0,    0,    0,    0,    0,    0,    0,    0,    0,    0,    0,    0,    0,    0,    0,    0,    0,    0,    0,    0,    0,    0,    0,    0,    0,    0,    0,    0,    0,    0,    0,    0,    0,    0,    0,    0,   -8,    0,    0,    0,    0,    0,    0,    0,    0,    0,    0,    0,    0,    0,    0,    0,    0,    0,    0,    0,    0,    0,    0,    0,    0,    0,    0,    0,    0,    0,    0,    0,    0,   -4,    0,   -4,    0,    0,    0,    0,    0,    0,    0,    0,    0,    0,    0,    0,    0,    0,    0,    0,    0,    0,    0,    0,    0,    0,    0,    0,    0,    0,    0,    0,    0,    0,    0,    0,    0,    0,    0,    0,    0,    0,
       0,    0,    0,    0,    0,    0,    0,    0,    0,    0,    0,    0,    0,    0,    0,    0,    0,    0,    0,    0,    0,    0,    0,    0,    0,    0,    0,    0,    0,    0,    0,    0,    0,    0,    0,    0,    0,    0,    0,    0,    0,    0,    0,    0,    0,    0,    0,    0,    0,    0,    0,    0,    0,    0,    0,    0,    0,    0,    0,    0,    0,    0,    0,    0,    0,    0,    0,    0,    0,    0,    0,    0,    0,    0,    0,    0,    0,    0,    0,    0,    0,   -8,    0,    0,    0,   -4,    0,    0,    0,    0,    0,    0,    0,    0,    0,    0,    0,    0,    0,    0,    0,    0,    0,    0,    0,    0,    0,    0,    0,    0,    0,    0,    0,    0,    0,    0,    0,    0,    0,    0,    0,    0,    0,    0,    0,    0,    0,    0,    0,    0,    0,    0,    0,    0,    0,    0,    0,
       0,    0,    0,    0,    0,    0,    0,    0,    0,    0,    0,    0,    0,    0,    0,    0,    0,    0,    0,    0,    0,    0,    0,    0,    0,    0,    0,    0,    0,    0,    0,    0,    0,    0,    0,    0,    0,    0,    0,    0,    0,    0,    0,    0,    0,    0,    0,    0,    0,    0,    0,    0,    0,    0,    0,    0,    0,    0,    0,    0,    0,    0,    0,    0,    0,    0,    0,    0,    0,    0,    0,    0,    0,    0,    0,    0,    0,    0,    0,    0,    0,    0,    0,    0,    0,    0,    0,    0,    0,    0,    0,    0,    0,    0,    0,    0,    0,    0,    0,    0,    0,    0,    0,    0,    0,    0,    0,    0,    0,    0,    0,    0,    0,   -8,    0,   -4,   -1,    0,    0,    0,    0,    0,   -8,    0,   -4,    0,   -8,    0,    0,    0,    0,    0,    0,    0,    0,    0,    0,
       0,    0,    0,    0,    0,    0,    0,    0,    0,    0,    0,    0,    0,    0,    0,    0,    0,    0,    0,    0,    0,    0,    0,    0,    0,    0,    0,    0,    0,    0,    0,    0,    0,    0,    0,    0,    0,    0,    0,    0,    0,    0,    0,    0,    0,    0,    0,    0,    0,    0,    0,    0,    0,    0,    0,    0,    0,    0,    0,    0,    0,    0,    0,    0,    0,    0,    0,    0,    0,    0,    0,    0,    0,    0,    0,    0,    0,    0,    0,    0,    0,    0,    0,    0,    0,    0,    0,    0,    0,    0,    0,    0,    0,    0,    0,    0,    0,    0,    0,    0,    0,    0,    0,    0,    0,    0,    0,    0,   -2,    0,    0,    0,    0,    0,   -3,    0,    0,    0,    0,  -10,    0,    0,  -10,    0,    0,   -4,    0,    0,    0,    0,    0,    0,    0,    0,    0,    0,    0,
       0,    0,    0,    0,    0,    0,    0,    0,    0,    0,    0,    0,    0,    0,    0,    0,    0,    0,    0,    0,    0,    0,    0,    0,    0,    0,    0,    0,    0,    0,    0,    0,    0,    0,    0,    0,    0,    0,    0,    0,    0,    0,    0,    0,    0,    0,    0,    0,    0,    0,    0,    0,    0,    0,    0,    0,    0,    0,    0,    0,    0,    0,    0,    0,    0,    0,    0,    0,    0,    0,    0,    0,    0,    0,    0,    0,    0,    0,    0,    0,    0,    0,    0,    0,    0,    0,    0,    0,    0,    0,    0,    0,    0,    0,    0,    0,    0,    0,    0,    0,    0,    0,    0,    0,    0,    0,    3,    0,    0,    0,    0,    0,   -3,  -10,    0,   -2,   -5,    0,   -6,    0,    0,    0,   -4,    0,    0,    0,    0,    0,    0,    0,    0,    0,    0,    0,    0,    0,    0,
       0,    0,    0,    0,    0,    0,    0,    0,    0,    0,    0,    0,    0,    0,    0,    0,    0,    0,    0,    0,    0,    0,    0,    0,    0,    0,    0,    0,    0,    0,    0,    0,    0,    0,    0,    0,    0,    0,    0,    0,    0,    0,    0,    0,    0,    0,    0,    0,    0,    0,    0,    0,    0,    0,    0,    0,    0,    0,    0,    0,    0,    0,    0,    0,    0,    0,    0,    0,    0,    0,    0,    0,    0,    0,    0,    0,    0,    0,    0,    0,    0,    0,    0,    0,    0,    0,    0,    0,    0,    0,    0,    0,    0,    0,    0,    0,    0,    0,    0,    0,    0,    0,    0,    0,    0,    0,  -16,    0,    0,   -8,    0,    0,   -3,    0,  -20,  -13,    0,   -4,   -2,  -10,    0,  -20,  -13,    0,    0,  -13,    0,    0,    0,    0,    0,    0,    0,    0,    0,    0,    0,
       0,    0,    0,    0,    0,    0,    0,    0,    0,    0,    0,    0,    0,    0,    0,    0,    0,    0,    0,    0,    0,    0,    0,    0,    0,    0,    0,    0,    0,    0,    0,    0,    0,    0,    0,    0,    0,    0,    0,    0,    0,    0,    0,    0,    0,    0,    0,    0,    0,    0,    0,    0,    0,    0,    0,    0,    0,    0,    0,    0,    0,    0,    0,    0,    0,    0,    0,    0,    0,    0,    0,    0,    0,    0,    0,    0,    0,    0,    0,    0,    0,    0,    0,    0,    0,    0,    0,    0,    0,    0,    0,    0,    0,    0,    0,    0,    0,    0,    0,    0,    0,    0,    0,    0,    0,    0,   -4,    0,    0,    0,    0,    0,   -5,    0,    0,    0,    0,   -4,    0,   -6,    0,    0,   -8,    0,    0,   -9,    0,    0,    0,    0,    0,    0,    0,    0,    0,    0,    0,
       0,    0,    0,    0,    0,    0,    0,    0,    0,    0,    0,    0,    0,    0,    0,    0,    0,    0,    0,    0,    0,    0,    0,    0,    0,    0,    0,    0,    0,    0,    0,    0,    0,    0,    0,    0,    0,    0,    0,    0,    0,    0,    0,    0,    0,    0,    0,    0,    0,    0,    0,    0,    0,    0,    0,    0,    0,    0,    0,    0,    0,    0,    0,    0,    0,    0,    0,    0,    0,    0,    0,    0,    0,    0,    0,    0,    0,    0,    0,    0,    0,    0,    0,    0,    0,    0,    0,    0,    0,    0,    0,    0,    0,    0,    0,    0,    0,    0,    0,    0,    0,    0,    0,    0,    0,    0,   -3,    0,    0,    0,    0,    0,    0,    0,    0,    0,    0,    0,    0,    0,    0,    0,    0,    0,    0,    0,    0,    0,    0,    0,    0,    0,    0,    0,    0,    0,    0,
       0,    0,    0,    0,    0,    0,    0,    0,    0,    0,    0,    0,    0,    0,    0,    0,    0,    0,    0,    0,    0,    0,    0,    0,    0,    0,    0,    0,    0,    0,    0,    0,    0,    0,    0,    0,    0,    0,    0,    0,    0,    0,    0,    0,    0,    0,    0,    0,    0,    0,    0,    0,    0,    0,    0,    0,    0,    0,    0,    0,    0,    0,    0,    0,    0,    0,    0,    0,    0,    0,    0,    0,    0,    0,    0,    0,    0,    0,    0,    0,    0,    0,    0,    0,    0,    0,    0,    0,    0,    0,    0,    0,    0,    0,    0,    0,    0,    0,    0,    0,    0,    0,    0,    0,    0,    0,    0,    0,   -2,    0,    0,    0,   -8,    0,  -15,   -1,    0,    0,    0,    0,    0,   -9,   -6,   -3,   -3,   -2,    0,    0,    0,    0,    0,    0,    0,    0,    0,    0,    0,
       0,    0,    0,    0,    0,    0,    0,    0,    0,    0,    0,    0,    0,    0,    0,    0,    0,    0,    0,    0,    0,    0,    0,    0,    0,    0,    0,    0,    0,    0,    0,    0,    0,    0,    0,    0,    0,    0,    0,    0,    0,    0,    0,    0,    0,    0,    0,    0,    0,    0,    0,    0,    0,    0,    0,    0,    0,    0,    0,    0,    0,    0,    0,    0,    0,    0,    0,    0,    0,    0,    0,    0,    0,    0,    0,    0,    0,    0,    0,    0,    0,    0,    0,    0,    0,    0,    0,    0,    0,    0,    0,    0,    0,    0,    0,    0,    0,    0,    0,    0,    0,    0,    0,    0,    0,    0,  -24,    0,    0,   -8,    0,   -6,   -6,    0,    0,   -6,    0,  -12,   -6,   -6,    0,    0,   -8,    0,    0,   -8,    0,   -8,    0,    0,    0,    0,    0,    0,    0,    0,    0,
       0,    0,    0,    0,    0,    0,    0,    0,    0,    0,    0,    0,    0,    0,    0,    0,    0,    0,    0,    0,    0,    0,    0,    0,    0,    0,    0,    0,    0,    0,    0,    0,    0,    0,    0,    0,    0,    0,    0,    0,    0,    0,    0,    0,    0,    0,    0,    0,    0,    0,    0,    0,    0,    0,    0,    0,    0,    0,    0,    0,    0,    0,    0,    0,    0,    0,    0,    0,    0,    0,    0,    0,    0,    0,    0,    0,    0,    0,    0,    0,    0,    0,    0,    0,    0,    0,    0,    0,    0,    0,    0,    0,    0,    0,    0,    0,    0,    0,    0,    0,    0,    0,    0,    0,    0,    0,    0,    0,    0,    0,    0,    0,   -3,    0,    0,   -2,    0,    0,   -5,   -5,    0,   -9,   -9,    0,    0,    0,    0,    0,    0,    0,    0,    0,    0,    0,    0,    0,    0,
       0,    0,    0,    0,    0,    0,    0,    0,    0,    0,    0,    0,    0,    0,    0,    0,    0,    0,    0,    0,    0,    0,    0,    0,    0,    0,    0,    0,    0,    0,    0,    0,    0,    0,    0,    0,    0,    0,    0,    0,    0,    0,    0,    0,    0,    0,    0,    0,    0,    0,    0,    0,    0,    0,    0,    0,    0,    0,    0,    0,    0,    0,    0,    0,    0,    0,    0,    0,    0,    0,    0,    0,    0,    0,    0,    0,    0,    0,    0,    0,    0,    0,    0,    0,    0,    0,    0,    0,    0,    0,    0,    0,    0,    0,    0,    0,    0,    0,    0,    0,    0,    0,    0,    0,    0,    0,  -16,   -3,    0,    0,    0,    0,   -3,    0,  -12,   -9,    0,    0,    0,   -3,    0,  -18,   -5,    0,    0,    0,    3,   -1,    0,    0,    0,    0,    0,    0,    0,    0,    0,
       0,    0,    0,    0,    0,    0,    0,    0,    0,    0,    0,    0,    0,    0,    0,    0,    0,    0,    0,    0,    0,    0,    0,    0,    0,    0,    0,    0,    0,    0,    0,    0,    0,    0,    0,    0,    0,    0,    0,    0,    0,    0,    0,    0,    0,    0,    0,    0,    0,    0,    0,    0,    0,    0,    0,    0,    0,    0,    0,    0,    0,    0,    0,    0,    0,    0,    0,    0,    0,    0,    0,    0,    0,    0,    0,    0,    0,    0,    0,    0,    0,    0,    0,    0,    0,    0,    0,    0,    0,    0,    0,    0,    0,    0,    0,    0,    0,    0,    0,    0,    0,    0,    0,    0,    0,    0,    0,    0,    0,    0,    0,    0,    0,    0,    0,   -8,    0,   -2,   -8,  -10,    0,    0,  -10,    0,    0,    0,    0,    0,    0,    0,    0,    0,    0,    0,    0,    0,    0,
       0,    0,    0,    0,    0,    0,    0,    0,    0,    0,    0,    0,    0,    0,    0,    0,    0,    0,    0,    0,    0,    0,    0,    0,    0,    0,    0,    0,    0,    0,    0,    0,    0,    0,    0,    0,    0,    0,    0,    0,    0,    0,    0,    0,    0,    0,    0,    0,    0,    0,    0,    0,    0,    0,    0,    0,    0,    0,    0,    0,    0,    0,    0,    0,    0,    0,    0,    0,    0,    0,    0,    0,    0,    0,    0,    0,    0,    0,    0,    0,    0,    0,    0,    0,    0,    0,    0,    0,    0,    0,    0,    0,    0,    0,    0,    0,    0,    0,    0,    0,    0,    0,    0,    0,    0,    0,    0,    0,    0,    0,    0,    0,   -5,   -7,    0,   -4,    0,    0,    0,    0,    0,    0,    0,    0,    0,    0,    0,    0,    0,    0,    0,    0,    0,    0,    0,    0,    0,
       0,    0,    0,    0,    0,    0,    0,    0,    0,    0,    0,    0,    0,    0,    0,    0,    0,    0,    0,    0,    0,    0,    0,    0,    0,    0,    0,    0,    0,    0,    0,    0,    0,    0,    0,    0,    0,    0,    0,    0,    0,    0,    0,    0,    0,    0,    0,    0,    0,    0,    0,    0,    0,    0,    0,    0,    0,    0,    0,    0,    0,    0,    0,    0,    0,    0,    0,    0,    0,    0,    0,    0,    0,    0,    0,    0,    0,    0,    0,    0,    0,    0,    0,    0,    0,    0,    0,    0,    0,    0,    0,    0,    0,    0,    0,    0,    0,    0,    0,    0,    0,    0,    0,    0,    0,    0,    0,    0,    0,    0,    0,    0,   -3,    0,  -12,    0,   -3,    0,    0,   -3,    0,   -5,   -2,    0,    0,   -9,    0,    0,    0,    0,    0,    0,    0,    0,    0,    0,    0,
       0,    0,    0,    0,    0,    0,    0,    0,    0,    0,    0,    0,    0,    0,    0,    0,    0,    0,    0,    0,    0,    0,    0,    0,    0,    0,    0,    0,    0,    0,    0,    0,    0,    0,    0,    0,    0,    0,    0,    0,    0,    0,    0,    0,    0,    0,    0,    0,    0,    0,    0,    0,    0,    0,    0,    0,    0,    0,    0,    0,    0,    0,    0,    0,    0,    0,    0,    0,    0,    0,    0,    0,    0,    0,    0,    0,    0,    0,    0,    0,    0,    0,    0,    0,    0,    0,    0,    0,    0,    0,    0,    0,    0,    0,    0,    0,    0,    0,    0,    0,    0,    0,    0,    0,    0,    0,    0,    0,    0,    0,    0,    0,   -6,    0,    0,    0,    0,    0,    0,   -4,    0,    0,    0,    0,    0,    0,    0,    0,    0,    0,    0,    0,    0,    0,    0,    0,    0,
       0,    0,    0,    0,    0,    0,    0,    0,    0,    0,    0,    0,    0,    0,    0,    0,    0,    0,    0,    0,    0,    0,    0,    0,    0,    0,    0,    0,    0,    0,    0,    0,    0,    0,    0,    0,    0,    0,    0,    0,    0,    0,    0,    0,    0,    0,    0,    0,    0,    0,    0,    0,    0,    0,    0,    0,    0,    0,    0,    0,    0,    0,    0,    0,    0,    0,    0,    0,    0,    0,    0,    0,    0,    0,    0,    0,    0,    0,    0,    0,    0,    0,    0,    0,    0,    0,    0,    0,    0,    0,    0,    0,    0,    0,    0,    0,    0,    0,    0,    0,    0,    0,    0,    0,    0,    0,    0,    0,    0,    0,    0,    0,    0,    0,   -6,   -8,   -6,    0,    0,   -6,    0,  -14,   -3,    0,    0,    0,   -6,    0,    0,    0,    0,    0,    0,    0,    0,    0,    0,
       0,    0,    0,    0,    0,    0,    0,    0,    0,    0,    0,    0,    0,    0,    0,    0,    0,    0,    0,    0,    0,    0,    0,    0,    0,    0,    0,    0,    0,    0,    0,    0,    0,    0,    0,    0,    0,    0,    0,    0,    0,    0,    0,    0,    0,    0,    0,    0,    0,    0,    0,    0,    0,    0,    0,    0,    0,    0,    0,    0,    0,    0,    0,    0,    0,    0,    0,    0,    0,    0,    0,    0,    0,    0,    0,    0,    0,    0,    0,    0,    0,    0,    0,    0,    0,    0,    0,    0,    0,    0,    0,    0,    0,    0,    0,    0,    0,    0,    0,    0,    0,    0,    0,    0,    0,   -2,   -4,    0,   -3,    0,    0,    0,    0,   -8,    0,    0,    0,   -4,    0,  -10,    0,    0,   -9,    0,    0,    0,    0,    0,    0,    0,    0,    0,    0,    0,    0,    0,    0,
       0,    0,    0,    0,    0,    0,    0,    0,    0,    0,    0,    0,    0,    0,    0,    0,    0,    0,    0,    0,    0,    0,    0,    0,    0,    0,    0,    0,    0,    0,    0,    0,    0,    0,    0,    0,    0,    0,    0,    0,    0,    0,    0,    0,    0,    0,    0,    0,    0,    0,    0,    0,    0,    0,    0,    0,    0,    0,    0,    0,    0,    0,    0,    0,    0,    0,    0,    0,    0,    0,    0,    0,    0,    0,    0,    0,    0,    0,    0,    0,    0,    0,    0,    0,    0,    0,    0,    0,    0,    0,    0,    0,    0,    0,    0,    0,    0,    0,    0,    0,    0,    0,    0,    0,    0,    0,  -16,    0,    0,    0,    0,    0,   -8,    0,  -12,   -3,    0,    0,   -6,   -9,    0,  -12,   -9,    0,    0,   -8,    0,  -10,    0,    0,    0,    0,    0,    0,    0,    0,    0,
       0,    0,    0,    0,    0,    0,    0,    0,    0,    0,    0,    0,    0,    0,    0,    0,    0,    0,    0,    0,    0,    0,    0,    0,    0,    0,    0,    0,    0,    0,    0,    0,    0,    0,    0,    0,    0,    0,    0,    0,    0,    0,    0,    0,    0,    0,    0,    0,    0,    0,    0,    0,    0,    0,    0,    0,    0,    0,    0,    0,    0,    0,    0,    0,    0,    0,    0,    0,    0,    0,    0,    0,    0,    0,    0,    0,    0,    0,    0,    0,    0,    0,    0,    0,    0,    0,    0,    0,    0,    0,    0,    0,    0,    0,    0,    0,    0,    0,    0,    0,    0,    0,    0,    0,    0,    0,  -11,    0,    0,    0,    0,    0,   -3,    0,    0,  -11,    0,   -6,    0,   -9,    0,    0,   -6,    0,    0,   -6,    0,    0,    0,    0,    0,    0,    0,    0,    0,    0,    0,
       0,    0,    0,    0,    0,    0,    0,    0,    0,    0,    0,    0,    0,    0,    0,    0,    0,    0,    0,    0,    0,    0,    0,    0,    0,    0,    0,    0,    0,    0,    0,    0,    0,    0,    0,    0,    0,    0,    0,    0,    0,    0,    0,    0,    0,    0,    0,    0,    0,    0,    0,    0,    0,    0,    0,    0,    0,    0,    0,    0,    0,    0,    0,    0,    0,    0,    0,    0,    0,    0,    0,    0,    0,    0,    0,    0,    0,    0,    0,    0,    0,    0,    0,    0,    0,    0,    0,    0,    0,    0,    0,    0,    0,    0,    0,    0,    0,    0,    0,    0,    0,    0,    0,    0,    0,    0,    0,    0,  -19,    0,  -20,    0,    0,   -7,    0,   -3,   -3,    0,  -15,  -16,  -16,    0,   -4,    0,    0,    0,   -8,    0,    0,    0,    0,    0,    0,    0,    0,    0,    0,
       0,    0,    0,    0,    0,    0,    0,    0,    0,    0,    0,    0,    0,    0,    0,    0,    0,    0,    0,  -54,    0,    0,    0,  -96,    0,    0,    0,    0,    0,    0,    0,    0,    0,    0,    0,    0,    0,    0,    0,  -16,    0,    0,    0,  -16,    0,    0,    0,    0,    0,    0,    0,    0,    0,    0,    0,  -54,    0,    0,    0,    0,    0,    0,    0,    0,    0,    0,    0,    0,    0,    0,    0,    0,    0,    0,    0,    0,    0,    0,    0,    0,    0,    0,    0,    0,    0,    0,    0,    0,    0,    0,    0,    0,    0,    0,    0,    0,    0,    0,    0,    0,    0,    0,    0,    0,    0,    0,    0,    0,    0,    0,    0,    0,    0,    0,    0,    0,    0,    0,    0,    0,    0,    0,    0,    0,    0,    0,    0,    0,    0,    0,    0,    0,    0,    0,    0,    0,    0,
       0,    0,    0,    0,    0,    0,    0,    0,    0,    0,    0,    0,    0,    0,    0,    0,    0,    0,    0,  -24,    0,    0,    0,  -48,    0,    0,    0,    0,    0,    0,    0,    0,    0,    0,    0,    0,  -16,    0,    0,  -20,    0,  -12,    0,    0,    0,    0,    0,    0,    0,    0,    0,    0,    0,    0,    0,  -24,    0,    0,    0,  -16,    0,    0,    0,    0,    0,    0,    0,    0,    0,    0,    0,    0,    0,    0,    0,    0,    0,    0,    0,    0,    0,    0,    0,    0,    0,    0,    0,    0,    0,    0,    0,    0,    0,    0,    0,    0,    0,    0,    0,    0,    0,    0,    0,    0,    0,    0,    0,    0,    0,    0,    0,    0,    0,    0,    0,    0,    0,    0,    0,    0,    0,    0,    0,    0,    0,    0,    0,    0,    0,    0,    0,    0,    0,    0,    0,    0,    0,
       0,    0,    0,    0,    0,    0,    0,    0,    0,    0,    0,    0,    0,    0,    0,    0,    0,    0,    0,  -30,    0,    0,    0,  -48,    0,    0,    0,    0,    0,    0,    0,    0,    0,    0,    0,    0,    0,    0,    0,  -16,    0,    0,    0,  -16,    0,    0,    0,    0,    0,    0,    0,    0,    0,    0,    0,  -30,    0,    0,    0,    0,    0,    0,    0,    0,    0,    0,    0,    0,    0,    0,    0,    0,    0,    0,    0,    0,    0,    0,    0,    0,    0,    0,    0,    0,    0,    0,    0,    0,    0,    0,    0,    0,    0,    0,    0,    0,    0,    0,    0,    0,    0,    0,    0,    0,    0,    0,    0,    0,    0,    0,    0,    0,    0,    0,    0,    0,    0,    0,    0,    0,    0,    0,    0,    0,    0,    0,    0,    0,    0,    0,    0,    0,    0,    0,    0,    0,    0,
       0,    0,    0,    0,    0,    0,    0,    0,    0,    0,    0,    0,    0,    0,    0,    0,    0,    0,    0,  -30,    0,    0,    0,  -40,    0,    0,    0,    0,    0,    0,    0,    0,    0,    0,    0,    0,  -16,    0,    0,  -20,    0,    0,    0,    0,    0,    0,    0,    0,    0,    0,    0,    0,    0,    0,    0,  -30,    0,    0,    0,  -16,    0,    0,    0,    0,    0,    0,    0,    0,    0,    0,    0,    0,    0,    0,    0,    0,    0,    0,    0,    0,    0,    0,    0,    0,    0,    0,    0,    0,    0,    0,    0,    0,    0,    0,    0,    0,    0,    0,    0,    0,    0,    0,    0,    0,    0,    0,    0,    0,    0,    0,    0,    0,    0,    0,    0,    0,    0,    0,    0,    0,    0,    0,    0,    0,    0,    0,    0,    0,    0,    0,    0,    0,    0,    0,    0,    0,    0,
       0,    0,    0,    0,    0,    0,    0,    0,    0,    0,    0,    0,    0,    0,    0,    0,    0,    0,    0,    0,    0,    0,    0,    0,    0,    0,    0,   -3,    0,    0,    0,    0,    0,    0,    0,    0,    0,    0,    0,    0,    0,    0,    0,    0,    0,    0,    0,    0,    0,    0,    0,    0,    0,    0,    0,    0,    0,    0,    0,    0,    0,    0,    0,    0,    0,    0,    0,    0,    0,    0,    0,    0,    0,    0,    0,    0,    0,    0,    0,    0,    0,    0,    0,    0,    0,    0,    0,    0,    0,    0,    0,    0,    0,    0,    0,    0,    0,    0,    0,    0,    0,    0,    0,    0,    0,    0,    0,    0,    0,    0,    0,    0,    0,    0,    0,    0,    0,    0,    0,    0,    0,    0,    0,    0,    0,    0,    0,    0,    0,    0,    0,    0,    0,    0,    0,    0,    0,
       0,    0,    0,    0,    0,    0,    0,    0,  -20,    0,    0,    0,    0,    0,  -12,  -16,    0,    0,    0,    0,    0,    0,    0,    0,    0,    0,    0,    0,    0,    0,    0,    0,    0,    0,    0,    0,    0,    0,    0,    0,    0,    0,    0,    0,    0,    0,    0,    0,    0,    0,    0,    0,    0,    0,    0,    0,    0,    0,    0,    0,    0,    0,    0,    0,    0,    0,    0,    0,    0,    0,    0,    0,    0,    0,    0,    0,    0,    0,    0,    0,    0,    0,    0,    0,    0,    0,    0,    0,    0,    0,    0,    0,    0,    0,    0,    0,    0,    0,    0,    0,    0,    0,    0,    0,    0,    0,    0,    0,    0,    0,    0,    0,    0,    0,    0,    0,    0,    0,    0,    0,    0,    0,    0,    0,    0,    0,    0,    0,    0,    0,    0,    0,    0,    0,    0,    0,    0,
       0,    0,    0,    0,    0,    0,    0,    0,    0,  -16,    0,    0,    0,    0,    0,    0,    0,    0,    0,    0,    0,    0,    0,    0,    0,    0,    0,    0,    0,    0,    0,    0,    0,    0,    0,    0,    0,    0,    0,    0,    0,    0,    0,    0,    0,    0,    0,    0,    0,    0,    0,    0,    0,    0,    0,    0,    0,    0,    0,    0,    0,    0,    0,    0,    0,    0,    0,    0,    0,    0,    0,    0,    0,    0,    0,    0,    0,    0,    0,    0,    0,    0,    0,    0,    0,    0,    0,    0,    0,    0,    0,    0,    0,    0,    0,    0,    0,    0,    0,    0,    0,    0,    0,    0,    0,    0,    0,    0,    0,    0,    0,    0,    0,    0,    0,    0,    0,    0,    0,    0,    0,    0,    0,    0,    0,    0,    0,    0,    0,    0,    0,    0,    0,    0,    0,    0,    0,
       0,    0,    0,    0,    0,    0,    0,    0,    0,    0,    0,  -32,    0,    0,    0,    0,    0,    0,    0,    0,    0,    0,    0,    0,    0,    0,    0,    0,    0,    0,    0,    0,    0,    0,    0,    0,    0,    0,    0,    0,    0,    0,    0,    0,    0,    0,    0,    0,    0,    0,    0,    0,    0,    0,    0,    0,    0,    0,    0,    0,    0,    0,    0,    0,    0,    0,    0,    0,    0,    0,    0,    0,    0,    0,    0,    0,    0,    0,    0,    0,    0,    0,    0,    0,    0,    0,    0,    0,    0,    0,    0,    0,    0,    0,    0,    0,    0,    0,    0,    0,    0,    0,    0,    0,    0,    0,    0,    0,    0,    0,    0,    0,    0,    0,    0,    0,    0,    0,    0,    0,    0,    0,    0,    0,    0,    0,    0,    0,    0,    0,    0,    0,    0,    0,    0,    0,    0,
};

static const EpdLigaturePair lexenddeca_12_boldLigaturePairs[] = {
    { 0x00660066, 0xFB00 }, // f f -> U+FB00
    { 0x00660069, 0xFB01 }, // f i -> U+FB01
    { 0x0066006C, 0xFB02 }, // f l -> U+FB02
    { 0xFB000069, 0xFB03 }, // U+FB00 i -> U+FB03
    { 0xFB00006C, 0xFB04 }, // U+FB00 l -> U+FB04
};

static const EpdFontData lexenddeca_12_bold = {
    lexenddeca_12_boldBitmaps,
    lexenddeca_12_boldGlyphs,
    lexenddeca_12_boldIntervals,
    29,
    31,
    25,
    -7,
    false,
    nullptr,
    0,
    nullptr,
    lexenddeca_12_boldKernLeftClasses,
    lexenddeca_12_boldKernRightClasses,
    lexenddeca_12_boldKernMatrix,
    621,
    606,
    152,
    137,
    lexenddeca_12_boldLigaturePairs,
    5,
};
