/**
 * generated by fontconvert.py
 * name: lexenddeca_18_bold
 * size: 18
 * mode: 1-bit
 * Command used: fontconvert.py lexenddeca_18_bold 18 ../builtinFonts/source/LexendDeca/LexendDeca-Bold.ttf ../builtinFonts/source/NotoSansHebrew/NotoSansHebrew-Bold.ttf ../builtinFonts/source/NotoSans/NotoSans-Bold.ttf --additional-intervals 0x05D0,0x05EA --force-autohint
 */
#pragma once
#include "EpdFontData.h"

static const uint8_t lexenddeca_18_boldBitmaps[77003] = {
    0xFD, 0xFB, 0xF7, 0xEF, 0xDF, 0xBF, 0x7E, 0xFD, 0xFB, 0xF7, 0xEF, 0xDF, 0x9F, 0x3C, 0x78, 0x00,
    0x03, 0xCF, 0xDF, 0xBF, 0x7E, 0xFC, 0xF0, 0x7F, 0x7F, 0x3F, 0x3F, 0x9F, 0x9F, 0xCF, 0xCF, 0xC7,
    0xE7, 0xE3, 0xE3, 0xF1, 0xF1, 0xF1, 0xF8, 0xF8, 0xF8, 0x7C, 0x7C, 0x3C, 0x00, 0x03, 0xF0, 0xFC,
    0x03, 0xF0, 0xFC, 0x03, 0xF0, 0xFC, 0x07, 0xF0, 0xFC, 0x07, 0xF1, 0xFC, 0x7F, 0xFF, 0xFF, 0x7F,
    0xFF, 0xFF, 0x7F, 0xFF, 0xFF, 0x7F, 0xFF, 0xFF, 0x7F, 0xFF, 0xFF, 0x0F, 0xC3, 0xF8, 0x0F, 0xC3,
    0xF0, 0x0F, 0xC3, 0xF0, 0x0F, 0xC3, 0xF0, 0x1F, 0xC3, 0xF0, 0x1F, 0xC3, 0xF0, 0xFF, 0xFF, 0xFE,
    0xFF, 0xFF, 0xFE, 0xFF, 0xFF, 0xFE, 0xFF, 0xFF, 0xFE, 0xFF, 0xFF, 0xFE, 0x3F, 0x8F, 0xE0, 0x3F,
    0x0F, 0xE0, 0x3F, 0x0F, 0xC0, 0x3F, 0x0F, 0xC0, 0x7F, 0x0F, 0xC0, 0x00, 0x1C, 0x00, 0x00, 0x70,
    0x00, 0x01, 0xC0, 0x00, 0x1F, 0xC0, 0x03, 0xFF, 0xE0, 0x1F, 0xFF, 0xC0, 0xFF, 0xFF, 0xC7, 0xFF,
    0xFF, 0x3F, 0xFF, 0xFC, 0xFE, 0x77, 0xE3, 0xF9, 0xC7, 0x0F, 0xE7, 0x04, 0x3F, 0xDC, 0x00, 0xFF,
    0xF0, 0x03, 0xFF, 0xF8, 0x07, 0xFF, 0xF8, 0x0F, 0xFF, 0xF0, 0x1F, 0xFF, 0xE0, 0x3F, 0xFF, 0xC0,
    0x1F, 0xFF, 0x00, 0x3F, 0xFC, 0x60, 0xE7, 0xF1, 0xC3, 0x8F, 0xCF, 0xCE, 0x7F, 0x7F, 0xFF, 0xFD,
    0xFF, 0xFF, 0xE7, 0xFF, 0xFF, 0x8F, 0xFF, 0xFC, 0x0F, 0xFF, 0xE0, 0x0F, 0xFE, 0x00, 0x03, 0x80,
    0x00, 0x0E, 0x00, 0x00, 0x38, 0x00, 0x0F, 0x80, 0x00, 0x00, 0x1F, 0xF0, 0x01, 0xF8, 0x1F, 0xFC,
    0x01, 0xF8, 0x0F, 0xFE, 0x01, 0xF8, 0x0F, 0xFF, 0x80, 0xFC, 0x07, 0xEF, 0xC0, 0xFC, 0x03, 0xE3,
    0xE0, 0xFC, 0x01, 0xF1, 0xF0, 0x7E, 0x00, 0xF8, 0xF8, 0x7E, 0x00, 0x7E, 0xFC, 0x7E, 0x00, 0x3F,
    0x7E, 0x3E, 0x00, 0x1F, 0xFF, 0x3F, 0x00, 0x07, 0xFF, 0x3F, 0x1F, 0xC1, 0xFF, 0x1F, 0x1F, 0xF0,
    0x7F, 0x1F, 0x9F, 0xFC, 0x00, 0x1F, 0x9F, 0xFF, 0x00, 0x0F, 0x8F, 0xDF, 0x80, 0x0F, 0xC7, 0xEF,
    0xC0, 0x0F, 0xC3, 0xE3, 0xE0, 0x07, 0xC1, 0xF1, 0xF0, 0x07, 0xE0, 0xF8, 0xF8, 0x07, 0xE0, 0x7E,
    0xFC, 0x03, 0xE0, 0x3F, 0x7E, 0x03, 0xF0, 0x0F, 0xFE, 0x03, 0xF0, 0x07, 0xFF, 0x01, 0xF0, 0x01,
    0xFF, 0x01, 0xF8, 0x00, 0x7F, 0x00, 0x00, 0x3E, 0x00, 0x00, 0x3F, 0xF8, 0x00, 0x0F, 0xFF, 0x80,
    0x03, 0xFF, 0xF8, 0x00, 0xFF, 0xFF, 0x00, 0x1F, 0xFF, 0xF0, 0x03, 0xF8, 0xF8, 0x00, 0x7E, 0x0E,
    0x00, 0x0F, 0xE0, 0x00, 0x01, 0xFC, 0x00, 0x00, 0x3F, 0xC0, 0x00, 0x07, 0xF8, 0x00, 0x03, 0xFF,
    0x80, 0x00, 0x7F, 0xF8, 0x00, 0x1F, 0xFF, 0x8F, 0xC7, 0xFF, 0xF9, 0xF8, 0xFE, 0x7F, 0xFF, 0x1F,
    0xC7, 0xFF, 0xC3, 0xF0, 0x7F, 0xF8, 0x7F, 0x07, 0xFF, 0x0F, 0xE0, 0x7F, 0xC1, 0xFF, 0x9F, 0xF8,
    0x1F, 0xFF, 0xFF, 0x83, 0xFF, 0xFF, 0xF8, 0x3F, 0xFF, 0xFF, 0x81, 0xFF, 0xF7, 0xF8, 0x1F, 0xF8,
    0x7F, 0x80, 0x7F, 0x7E, 0x7E, 0x7E, 0x7E, 0x7C, 0x7C, 0xFC, 0xF8, 0xF8, 0x00, 0xE0, 0x0F, 0x80,
    0xFE, 0x0F, 0xF0, 0xFF, 0x0F, 0xF0, 0xFF, 0x07, 0xF0, 0x7F, 0x03, 0xF8, 0x1F, 0xC1, 0xFC, 0x0F,
    0xE0, 0x7F, 0x03, 0xF8, 0x1F, 0x80, 0xFC, 0x07, 0xE0, 0x3F, 0x81, 0xFC, 0x0F, 0xE0, 0x7F, 0x01,
    0xFC, 0x0F, 0xE0, 0x7F, 0x81, 0xFC, 0x0F, 0xF0, 0x3F, 0xC0, 0xFF, 0x03, 0xFC, 0x0F, 0xE0, 0x3E,
    0x00, 0xC0, 0x18, 0x00, 0xF0, 0x0F, 0xE0, 0x3F, 0xC0, 0x7F, 0x80, 0xFF, 0x01, 0xFE, 0x03, 0xF8,
    0x07, 0xF0, 0x1F, 0xC0, 0x3F, 0x80, 0xFE, 0x03, 0xF8, 0x0F, 0xE0, 0x1F, 0x80, 0x7E, 0x01, 0xF8,
    0x07, 0xE0, 0x3F, 0x80, 0xFE, 0x03, 0xF8, 0x0F, 0xE0, 0x3F, 0x81, 0xFC, 0x07, 0xF0, 0x3F, 0x81,
    0xFE, 0x0F, 0xF0, 0x7F, 0x83, 0xFC, 0x07, 0xE0, 0x0F, 0x00, 0x18, 0x00, 0x00, 0x00, 0x03, 0xE0,
    0x23, 0xE4, 0x3B, 0xEE, 0x7F, 0xFE, 0xFF, 0xFF, 0x7F, 0xFE, 0x1F, 0xF8, 0x1F, 0xF8, 0x7F, 0xFF,
    0x7F, 0xFF, 0x7F, 0xFE, 0x33, 0xEE, 0x03, 0xE0, 0x03, 0xE0, 0x01, 0xF0, 0x00, 0x3E, 0x00, 0x07,
    0xC0, 0x00, 0xF8, 0x00, 0x1F, 0x00, 0x03, 0xE0, 0x00, 0x7C, 0x07, 0xFF, 0xFF, 0xFF, 0xFF, 0xFF,
    0xFF, 0xFF, 0xFF, 0xFF, 0xFF, 0xFF, 0xF0, 0x1F, 0x00, 0x03, 0xE0, 0x00, 0x7C, 0x00, 0x0F, 0x80,
    0x01, 0xF0, 0x00, 0x3E, 0x00, 0x3E, 0x7E, 0x7F, 0x7F, 0x7F, 0x3F, 0x1F, 0x1F, 0x3E, 0x7C, 0xFC,
    0x70, 0x00, 0x00, 0x07, 0xFF, 0xFF, 0xFF, 0xFF, 0xFF, 0xFF, 0xFF, 0xFC, 0x79, 0xFB, 0xF7, 0xEF,
    0xDF, 0x9E, 0x00, 0x00, 0x01, 0xFC, 0x00, 0x07, 0xF0, 0x00, 0x3F, 0x80, 0x00, 0xFE, 0x00, 0x07,
    0xF0, 0x00, 0x1F, 0xC0, 0x00, 0xFE, 0x00, 0x03, 0xF8, 0x00, 0x1F, 0xC0, 0x00, 0x7F, 0x00, 0x03,
    0xF8, 0x00, 0x0F, 0xE0, 0x00, 0x7F, 0x00, 0x01, 0xFC, 0x00, 0x0F, 0xE0, 0x00, 0x3F, 0x80, 0x01,
    0xFC, 0x00, 0x07, 0xF0, 0x00, 0x3F, 0x80, 0x00, 0xFE, 0x00, 0x07, 0xF0, 0x00, 0x1F, 0x80, 0x00,
    0xFE, 0x00, 0x03, 0xF0, 0x00, 0x1F, 0xC0, 0x00, 0x7E, 0x00, 0x03, 0xF8, 0x00, 0x0F, 0xC0, 0x00,
    0x7F, 0x00, 0x01, 0xF8, 0x00, 0x0F, 0xE0, 0x00, 0x00, 0x00, 0xFC, 0x00, 0x0F, 0xFF, 0x00, 0x3F,
    0xFF, 0x00, 0xFF, 0xFF, 0x03, 0xFF, 0xFF, 0x0F, 0xFF, 0xFF, 0x1F, 0xE1, 0xFE, 0x3F, 0x81, 0xFC,
    0xFE, 0x01, 0xFD, 0xFC, 0x03, 0xFB, 0xF8, 0x07, 0xF7, 0xF0, 0x0F, 0xEF, 0xC0, 0x0F, 0xDF, 0x80,
    0x1F, 0xBF, 0x00, 0x3F, 0x7F, 0x00, 0x7E, 0xFE, 0x01, 0xFD, 0xFC, 0x03, 0xFB, 0xF8, 0x07, 0xF7,
    0xF8, 0x1F, 0xE7, 0xF0, 0x3F, 0x8F, 0xF9, 0xFF, 0x0F, 0xFF, 0xFC, 0x1F, 0xFF, 0xF8, 0x1F, 0xFF,
    0xE0, 0x0F, 0xFF, 0x80, 0x0F, 0xFC, 0x00, 0x03, 0xF0, 0x07, 0xF8, 0x0F, 0xFC, 0x1F, 0xFE, 0x0F,
    0xFF, 0x07, 0xFF, 0x81, 0xFF, 0xC0, 0xFF, 0xE0, 0x73, 0xF0, 0x01, 0xF8, 0x00, 0xFC, 0x00, 0x7E,
    0x00, 0x3F, 0x00, 0x1F, 0x80, 0x0F, 0xC0, 0x07, 0xE0, 0x03, 0xF0, 0x01, 0xF8, 0x00, 0xFC, 0x00,
    0x7E, 0x00, 0x3F, 0x83, 0xFF, 0xFD, 0xFF, 0xFE, 0xFF, 0xFF, 0x7F, 0xFF, 0xBF, 0xFF, 0xC0, 0x00,
    0xF8, 0x00, 0x3F, 0xF0, 0x0F, 0xFF, 0x81, 0xFF, 0xFC, 0x3F, 0xFF, 0xE3, 0xFF, 0xFE, 0x7F, 0xFF,
    0xE7, 0xF0, 0xFE, 0x7E, 0x07, 0xE1, 0xE0, 0x7E, 0x04, 0x0F, 0xE0, 0x00, 0xFE, 0x00, 0x1F, 0xC0,
    0x03, 0xFC, 0x00, 0x7F, 0x80, 0x0F, 0xF0, 0x01, 0xFF, 0x00, 0x1F, 0xE0, 0x03, 0xFC, 0x00, 0x7F,
    0x80, 0x0F, 0xF0, 0x01, 0xFE, 0x00, 0x3F, 0xFF, 0xF7, 0xFF, 0xFF, 0x7F, 0xFF, 0xF7, 0xFF, 0xFF,
    0x3F, 0xFF, 0xF0, 0x3F, 0xFF, 0xE1, 0xFF, 0xFF, 0x0F, 0xFF, 0xF8, 0x7F, 0xFF, 0xC3, 0xFF, 0xFC,
    0x00, 0x3F, 0xC0, 0x01, 0xFC, 0x00, 0x1F, 0xC0, 0x01, 0xFC, 0x00, 0x1F, 0xF0, 0x01, 0xFF, 0xE0,
    0x0F, 0xFF, 0x80, 0x7F, 0xFE, 0x03, 0xFF, 0xF8, 0x0E, 0x7F, 0xC0, 0x00, 0xFE, 0x00, 0x03, 0xF0,
    0x40, 0x1F, 0x8F, 0x01, 0xFC, 0xFC, 0x0F, 0xEF, 0xF9, 0xFF, 0x3F, 0xFF, 0xF1, 0xFF, 0xFF, 0x87,
    0xFF, 0xF8, 0x1F, 0xFF, 0x00, 0x3F, 0xF0, 0x00, 0x00, 0x07, 0xE0, 0x00, 0x0F, 0xE0, 0x00, 0x1F,
    0xE0, 0x00, 0x1F, 0xE0, 0x00, 0x3F, 0xE0, 0x00, 0x7F, 0xE0, 0x00, 0xFF, 0xE0, 0x01, 0xFF, 0xE0,
    0x01, 0xFF, 0xE0, 0x03, 0xFF, 0xE0, 0x07, 0xFF, 0xE0, 0x0F, 0xF7, 0xE0, 0x1F, 0xE7, 0xE0, 0x3F,
    0xC7, 0xE0, 0x3F, 0x87, 0xE0, 0x7F, 0x87, 0xF0, 0xFF, 0xFF, 0xFF, 0x7F, 0xFF, 0xFF, 0x7F, 0xFF,
    0xFF, 0x3F, 0xFF, 0xFF, 0x3F, 0xFF, 0xFF, 0x00, 0x07, 0xE0, 0x00, 0x07, 0xE0, 0x00, 0x07, 0xE0,
    0x00, 0x07, 0xE0, 0x00, 0x07, 0xE0, 0x1F, 0xFF, 0xE0, 0xFF, 0xFF, 0x07, 0xFF, 0xF8, 0x3F, 0xFF,
    0xC1, 0xFF, 0xFE, 0x1F, 0x80, 0x00, 0xFC, 0x00, 0x07, 0xE0, 0x00, 0x3F, 0xFE, 0x01, 0xFF, 0xFC,
    0x0F, 0xFF, 0xF0, 0x7F, 0xFF, 0xC1, 0xFF, 0xFE, 0x0F, 0xCF, 0xF8, 0x30, 0x1F, 0xC0, 0x00, 0xFE,
    0x00, 0x03, 0xF0, 0x00, 0x1F, 0x86, 0x01, 0xFC, 0x78, 0x0F, 0xE7, 0xF9, 0xFF, 0x7F, 0xFF, 0xF1,
    0xFF, 0xFF, 0x07, 0xFF, 0xF8, 0x1F, 0xFF, 0x00, 0x3F, 0xF0, 0x00, 0x01, 0xFC, 0x00, 0x0F, 0xE0,
    0x00, 0xFE, 0x00, 0x0F, 0xE0, 0x00, 0x7F, 0x00, 0x07, 0xF0, 0x00, 0x3F, 0x80, 0x03, 0xF8, 0x00,
    0x3F, 0xFE, 0x01, 0xFF, 0xFC, 0x1F, 0xFF, 0xF0, 0xFF, 0xFF, 0xCF, 0xFF, 0xFE, 0x7F, 0xCF, 0xFB,
    0xF8, 0x1F, 0xDF, 0xC0, 0xFE, 0xFC, 0x03, 0xF7, 0xF0, 0x1F, 0xBF, 0x81, 0xFD, 0xFC, 0x0F, 0xEF,
    0xF9, 0xFF, 0x3F, 0xFF, 0xF0, 0xFF, 0xFF, 0x03, 0xFF, 0xF0, 0x0F, 0xFF, 0x00, 0x1F, 0xE0, 0x00,
    0xFF, 0xFF, 0xFF, 0xFF, 0xFF, 0xFF, 0xFF, 0xFF, 0xFF, 0xFF, 0xFF, 0x80, 0x0F, 0xE0, 0x03, 0xF8,
    0x01, 0xFC, 0x00, 0x7F, 0x00, 0x3F, 0x80, 0x0F, 0xE0, 0x07, 0xF0, 0x01, 0xFC, 0x00, 0x7F, 0x00,
    0x3F, 0x80, 0x0F, 0xE0, 0x07, 0xF0, 0x01, 0xFC, 0x00, 0xFE, 0x00, 0x3F, 0x80, 0x1F, 0xE0, 0x07,
    0xF0, 0x01, 0xFC, 0x00, 0xFE, 0x00, 0x3F, 0x80, 0x1F, 0xC0, 0x00, 0x01, 0xF8, 0x00, 0x7F, 0xE0,
    0x1F, 0xFF, 0x83, 0xFF, 0xFC, 0x7F, 0xFF, 0xE7, 0xFF, 0xFE, 0x7F, 0x0F, 0xE7, 0xF0, 0xFE, 0x7E,
    0x07, 0xE7, 0xF0, 0xFE, 0x7F, 0x9F, 0xE3, 0xFF, 0xFC, 0x1F, 0xFF, 0x81, 0xFF, 0xF0, 0x7F, 0xFF,
    0xC7, 0xFF, 0xFC, 0xFF, 0x9F, 0xEF, 0xE0, 0xFE, 0xFE, 0x07, 0xEF, 0xE0, 0x7E, 0xFE, 0x0F, 0xEF,
    0xFB, 0xFE, 0xFF, 0xFF, 0xE7, 0xFF, 0xFC, 0x3F, 0xFF, 0x81, 0xFF, 0xF0, 0x07, 0xFC, 0x00, 0x01,
    0xF0, 0x00, 0xFF, 0xE0, 0x1F, 0xFF, 0x03, 0xFF, 0xF8, 0x7F, 0xFF, 0xC7, 0xFF, 0xFC, 0xFF, 0x1F,
    0xEF, 0xE0, 0xFE, 0xFE, 0x07, 0xEF, 0xC0, 0x7E, 0xFE, 0x0F, 0xEF, 0xE0, 0xFE, 0xFF, 0xBF, 0xEF,
    0xFF, 0xFE, 0x7F, 0xFF, 0xE3, 0xFF, 0xFC, 0x1F, 0xFF, 0xC0, 0xFF, 0xF8, 0x00, 0x3F, 0x80, 0x03,
    0xF0, 0x00, 0x7F, 0x00, 0x07, 0xE0, 0x00, 0xFE, 0x00, 0x0F, 0xC0, 0x01, 0xFC, 0x00, 0x1F, 0x80,
    0x01, 0xF8, 0x00, 0x79, 0xFB, 0xF7, 0xEF, 0xDF, 0x9E, 0x00, 0x00, 0x00, 0x00, 0x00, 0x0F, 0x3F,
    0x7E, 0xFD, 0xFB, 0xF3, 0xC0, 0x3C, 0x7E, 0x7E, 0x7E, 0x7E, 0x7E, 0x3C, 0x00, 0x00, 0x00, 0x00,
    0x00, 0x00, 0x00, 0x00, 0x1C, 0x7E, 0x7F, 0x7F, 0x7F, 0x3F, 0x1F, 0x1F, 0x1F, 0x3E, 0xFC, 0x78,
    0x20, 0x00, 0x02, 0x00, 0x03, 0xC0, 0x03, 0xF0, 0x01, 0xFE, 0x01, 0xFF, 0x81, 0xFF, 0xE1, 0xFF,
    0xF1, 0xFF, 0xF0, 0xFF, 0xF0, 0x3F, 0xF0, 0x0F, 0xF0, 0x03, 0xFF, 0x00, 0xFF, 0xF0, 0x1F, 0xFF,
    0x01, 0xFF, 0xE0, 0x1F, 0xFE, 0x01, 0xFF, 0x80, 0x1F, 0xE0, 0x03, 0xF0, 0x00, 0x3C, 0x00, 0x02,
    0x00, 0xFF, 0xFF, 0xFF, 0xFF, 0xFF, 0xFF, 0xFF, 0xFF, 0xFF, 0xFF, 0xFF, 0xC0, 0x00, 0x00, 0x00,
    0x00, 0x00, 0x00, 0xFF, 0xFF, 0xFF, 0xFF, 0xFF, 0xFF, 0xFF, 0xFF, 0xFF, 0xFF, 0xFF, 0xC0, 0x20,
    0x00, 0x0E, 0x00, 0x07, 0xE0, 0x01, 0xFE, 0x00, 0xFF, 0xE0, 0x3F, 0xFC, 0x03, 0xFF, 0xC0, 0x3F,
    0xFC, 0x03, 0xFF, 0xC0, 0x3F, 0xF0, 0x03, 0xFC, 0x03, 0xFF, 0x03, 0xFF, 0xC3, 0xFF, 0xC3, 0xFF,
    0xC3, 0xFF, 0xC0, 0xFF, 0xE0, 0x1F, 0xE0, 0x07, 0xE0, 0x00, 0xE0, 0x00, 0x20, 0x00, 0x00, 0x01,
    0xF8, 0x00, 0xFF, 0xC0, 0x7F, 0xFE, 0x1F, 0xFF, 0xE7, 0xFF, 0xFE, 0xFF, 0xFF, 0xCF, 0xC3, 0xF8,
    0xF0, 0x7F, 0x0C, 0x0F, 0xE0, 0x01, 0xFC, 0x00, 0x7F, 0x80, 0x3F, 0xE0, 0x3F, 0xF8, 0x07, 0xFE,
    0x00, 0xFF, 0x80, 0x1F, 0xC0, 0x01, 0xE0, 0x00, 0x3C, 0x00, 0x00, 0x00, 0x00, 0x00, 0x00, 0x1E,
    0x00, 0x07, 0xE0, 0x00, 0xFC, 0x00, 0x1F, 0x80, 0x03, 0xF0, 0x00, 0x7E, 0x00, 0x07, 0x80, 0x00,
    0x00, 0x00, 0xFF, 0x00, 0x00, 0x07, 0xFF, 0xF0, 0x00, 0x1F, 0xFF, 0xFE, 0x00, 0x1F, 0xFF, 0xFF,
    0x80, 0x3F, 0xC0, 0x07, 0xE0, 0x3F, 0x00, 0x00, 0xF8, 0x3E, 0x00, 0x00, 0x3C, 0x3E, 0x0F, 0xDF,
    0x8F, 0x1E, 0x1F, 0xFF, 0xC7, 0x9E, 0x1F, 0xFF, 0xE3, 0xDE, 0x1F, 0xFF, 0xF0, 0xEF, 0x1F, 0xE7,
    0xF8, 0x77, 0x0F, 0xE1, 0xF8, 0x3F, 0x8F, 0xE0, 0xFC, 0x3F, 0xC7, 0xF0, 0x7E, 0x1F, 0xE3, 0xF8,
    0x3F, 0x0F, 0xE1, 0xF8, 0x3F, 0x87, 0xF0, 0xFE, 0x3F, 0x87, 0xB8, 0x7F, 0xBF, 0xC7, 0xDC, 0x3F,
    0xFF, 0xF7, 0xCF, 0x1F, 0xFF, 0xFF, 0xE7, 0x87, 0xFF, 0xFF, 0xE3, 0xC1, 0xFF, 0x7F, 0xE1, 0xE0,
    0x7E, 0x1F, 0xC0, 0x78, 0x00, 0x00, 0x00, 0x3E, 0x00, 0x00, 0x00, 0x0F, 0x80, 0x00, 0x00, 0x03,
    0xE0, 0x01, 0xC0, 0x01, 0xFF, 0x07, 0xF0, 0x00, 0x3F, 0xFF, 0xF8, 0x00, 0x0F, 0xFF, 0xF0, 0x00,
    0x01, 0xFF, 0xC0, 0x00, 0x00, 0x1F, 0x80, 0x00, 0x03, 0xFC, 0x00, 0x00, 0x3F, 0xC0, 0x00, 0x03,
    0xFE, 0x00, 0x00, 0x7F, 0xE0, 0x00, 0x07, 0xFE, 0x00, 0x00, 0xFF, 0xF0, 0x00, 0x0F, 0xFF, 0x00,
    0x00, 0xFF, 0xF8, 0x00, 0x1F, 0xFF, 0x80, 0x01, 0xFB, 0xF8, 0x00, 0x3F, 0x9F, 0xC0, 0x03, 0xF9,
    0xFC, 0x00, 0x3F, 0x0F, 0xC0, 0x07, 0xF0, 0xFE, 0x00, 0x7F, 0x0F, 0xE0, 0x0F, 0xFF, 0xFF, 0x00,
    0xFF, 0xFF, 0xF0, 0x0F, 0xFF, 0xFF, 0x01, 0xFF, 0xFF, 0xF8, 0x1F, 0xFF, 0xFF, 0x83, 0xF8, 0x03,
    0xFC, 0x3F, 0x80, 0x1F, 0xC3, 0xF8, 0x01, 0xFC, 0x7F, 0x00, 0x0F, 0xE7, 0xF0, 0x00, 0xFE, 0xFF,
    0xFF, 0x83, 0xFF, 0xFF, 0x0F, 0xFF, 0xFE, 0x3F, 0xFF, 0xFC, 0xFF, 0xFF, 0xF3, 0xF0, 0x7F, 0xCF,
    0xC0, 0x7F, 0x3F, 0x00, 0xFC, 0xFC, 0x07, 0xF3, 0xF0, 0x3F, 0xCF, 0xFF, 0xFE, 0x3F, 0xFF, 0xF0,
    0xFF, 0xFF, 0xE3, 0xFF, 0xFF, 0xCF, 0xFF, 0xFF, 0xBF, 0x01, 0xFE, 0xFC, 0x03, 0xFB, 0xF0, 0x07,
    0xEF, 0xC0, 0x1F, 0xBF, 0x00, 0xFE, 0xFC, 0x07, 0xFB, 0xFF, 0xFF, 0xEF, 0xFF, 0xFF, 0x3F, 0xFF,
    0xF8, 0xFF, 0xFF, 0xC3, 0xFF, 0xFE, 0x00, 0x00, 0x3F, 0x80, 0x01, 0xFF, 0xF0, 0x07, 0xFF, 0xF8,
    0x0F, 0xFF, 0xFC, 0x1F, 0xFF, 0xFE, 0x3F, 0xFF, 0xFE, 0x3F, 0xFF, 0xFC, 0x7F, 0xC0, 0xF8, 0x7F,
    0x80, 0x30, 0xFF, 0x00, 0x00, 0xFE, 0x00, 0x00, 0xFE, 0x00, 0x00, 0xFE, 0x00, 0x00, 0xFC, 0x00,
    0x00, 0xFC, 0x00, 0x00, 0xFE, 0x00, 0x00, 0xFE, 0x00, 0x00, 0xFE, 0x00, 0x00, 0xFF, 0x00, 0x10,
    0x7F, 0x80, 0x38, 0x7F, 0xF1, 0xF8, 0x3F, 0xFF, 0xFC, 0x1F, 0xFF, 0xFE, 0x1F, 0xFF, 0xFE, 0x07,
    0xFF, 0xFC, 0x03, 0xFF, 0xF8, 0x00, 0xFF, 0xC0, 0xFF, 0xFF, 0x00, 0xFF, 0xFF, 0xC0, 0xFF, 0xFF,
    0xF0, 0xFF, 0xFF, 0xF8, 0xFF, 0xFF, 0xFC, 0xFE, 0x0F, 0xFC, 0xFC, 0x01, 0xFE, 0xFC, 0x00, 0xFE,
    0xFC, 0x00, 0xFF, 0xFC, 0x00, 0x7F, 0xFC, 0x00, 0x7F, 0xFC, 0x00, 0x7F, 0xFC, 0x00, 0x3F, 0xFC,
    0x00, 0x3F, 0xFC, 0x00, 0x7F, 0xFC, 0x00, 0x7F, 0xFC, 0x00, 0x7F, 0xFC, 0x00, 0xFF, 0xFC, 0x00,
    0xFE, 0xFC, 0x01, 0xFE, 0xFE, 0x0F, 0xFC, 0xFF, 0xFF, 0xFC, 0xFF, 0xFF, 0xF8, 0xFF, 0xFF, 0xF0,
    0xFF, 0xFF, 0xC0, 0xFF, 0xFF, 0x00, 0xFF, 0xFF, 0xFF, 0xFF, 0xFF, 0xFF, 0xFF, 0xFF, 0xFF, 0xFF,
    0xFF, 0xFF, 0xF8, 0x00, 0x3F, 0x00, 0x07, 0xE0, 0x00, 0xFC, 0x00, 0x1F, 0x80, 0x03, 0xFF, 0xFE,
    0x7F, 0xFF, 0xCF, 0xFF, 0xF9, 0xFF, 0xFF, 0x3F, 0xFF, 0xE7, 0xF0, 0x00, 0xFC, 0x00, 0x1F, 0x80,
    0x03, 0xF0, 0x00, 0x7E, 0x00, 0x0F, 0xC0, 0x01, 0xFF, 0xFF, 0xFF, 0xFF, 0xFF, 0xFF, 0xFF, 0xFF,
    0xFF, 0xFF, 0xFF, 0xFC, 0xFF, 0xFF, 0xFF, 0xFF, 0xFF, 0xFF, 0xFF, 0xFF, 0xFF, 0xFF, 0xFF, 0xFF,
    0x80, 0x0F, 0xC0, 0x03, 0xF0, 0x00, 0xFC, 0x00, 0x3F, 0x00, 0x0F, 0xE0, 0x03, 0xFF, 0xFE, 0xFF,
    0xFF, 0xBF, 0xFF, 0xEF, 0xFF, 0xFB, 0xFF, 0xFE, 0xFC, 0x00, 0x3F, 0x00, 0x0F, 0xC0, 0x03, 0xF0,
    0x00, 0xFC, 0x00, 0x3F, 0x00, 0x0F, 0xC0, 0x03, 0xF0, 0x00, 0xFC, 0x00, 0x3F, 0x00, 0x00, 0x00,
    0x1F, 0xC0, 0x00, 0x1F, 0xFF, 0x00, 0x0F, 0xFF, 0xF8, 0x07, 0xFF, 0xFF, 0x81, 0xFF, 0xFF, 0xF8,
    0x7F, 0xFF, 0xFE, 0x0F, 0xF8, 0x1F, 0x83, 0xFC, 0x00, 0xE0, 0x7F, 0x00, 0x08, 0x1F, 0xE0, 0x00,
    0x03, 0xF8, 0x00, 0x00, 0x7F, 0x00, 0x00, 0x0F, 0xE0, 0x7F, 0xFD, 0xF8, 0x0F, 0xFF, 0xBF, 0x01,
    0xFF, 0xF7, 0xF0, 0x3F, 0xFE, 0xFE, 0x07, 0xFF, 0xDF, 0xC0, 0x01, 0xFB, 0xFC, 0x00, 0x7F, 0x3F,
    0xC0, 0x0F, 0xE7, 0xFC, 0x03, 0xF8, 0x7F, 0xF3, 0xFF, 0x07, 0xFF, 0xFF, 0xC0, 0x7F, 0xFF, 0xF0,
    0x07, 0xFF, 0xFC, 0x00, 0x7F, 0xFF, 0x00, 0x03, 0xFF, 0x80, 0x00, 0xFC, 0x00, 0xFD, 0xF8, 0x01,
    0xFB, 0xF0, 0x03, 0xF7, 0xE0, 0x07, 0xEF, 0xC0, 0x0F, 0xDF, 0x80, 0x1F, 0xBF, 0x00, 0x3F, 0x7E,
    0x00, 0x7E, 0xFC, 0x00, 0xFD, 0xF8, 0x01, 0xFB, 0xF8, 0x03, 0xF7, 0xFF, 0xFF, 0xEF, 0xFF, 0xFF,
    0xDF, 0xFF, 0xFF, 0xBF, 0xFF, 0xFF, 0x7F, 0xFF, 0xFE, 0xFC, 0x00, 0xFD, 0xF8, 0x01, 0xFB, 0xF0,
    0x03, 0xF7, 0xE0, 0x07, 0xEF, 0xC0, 0x0F, 0xDF, 0x80, 0x1F, 0xBF, 0x00, 0x3F, 0x7E, 0x00, 0x7E,
    0xFC, 0x00, 0xFD, 0xF8, 0x01, 0xF8, 0xFF, 0xFF, 0xFF, 0xFF, 0xFF, 0xFF, 0xFF, 0xFF, 0xFF, 0xE0,
    0xFC, 0x01, 0xF8, 0x03, 0xF0, 0x07, 0xE0, 0x0F, 0xC0, 0x1F, 0x80, 0x3F, 0x00, 0x7E, 0x00, 0xFC,
    0x01, 0xF8, 0x03, 0xF0, 0x07, 0xE0, 0x0F, 0xC0, 0x1F, 0x80, 0x3F, 0x00, 0x7E, 0x1F, 0xFF, 0xFF,
    0xFF, 0xFF, 0xFF, 0xFF, 0xFF, 0xFF, 0xFC, 0x03, 0xFF, 0xF8, 0x1F, 0xFF, 0xC0, 0xFF, 0xFE, 0x07,
    0xFF, 0xF0, 0x3F, 0xFF, 0x80, 0x0F, 0xC0, 0x00, 0x7E, 0x00, 0x03, 0xF0, 0x00, 0x1F, 0x80, 0x00,
    0xFC, 0x00, 0x07, 0xE0, 0x00, 0x3F, 0x00, 0x01, 0xF8, 0x00, 0x0F, 0xC0, 0x00, 0x7E, 0x00, 0x03,
    0xF0, 0x00, 0x1F, 0x80, 0x00, 0xFC, 0x04, 0x0F, 0xE0, 0x70, 0x7F, 0x07, 0xEF, 0xF8, 0x7F, 0xFF,
    0xC3, 0xFF, 0xFC, 0x0F, 0xFF, 0xC0, 0x3F, 0xFC, 0x00, 0x7F, 0xC0, 0x00, 0xFC, 0x01, 0xFE, 0xFC,
    0x03, 0xFC, 0xFC, 0x07, 0xF8, 0xFC, 0x0F, 0xF0, 0xFC, 0x1F, 0xE0, 0xFC, 0x3F, 0xC0, 0xFC, 0x7F,
    0x80, 0xFC, 0xFF, 0x00, 0xFD, 0xFE, 0x00, 0xFF, 0xFC, 0x00, 0xFF, 0xF8, 0x00, 0xFF, 0xF8, 0x00,
    0xFF, 0xFC, 0x00, 0xFF, 0xFE, 0x00, 0xFF, 0xFE, 0x00, 0xFF, 0xFF, 0x00, 0xFE, 0x7F, 0x80, 0xFC,
    0x3F, 0xC0, 0xFC, 0x3F, 0xE0, 0xFC, 0x1F, 0xE0, 0xFC, 0x0F, 0xF0, 0xFC, 0x07, 0xF8, 0xFC, 0x07,
    0xFC, 0xFC, 0x03, 0xFC, 0xFC, 0x01, 0xFE, 0xFC, 0x00, 0xFF, 0xFC, 0x00, 0x3F, 0x00, 0x0F, 0xC0,
    0x03, 0xF0, 0x00, 0xFC, 0x00, 0x3F, 0x00, 0x0F, 0xC0, 0x03, 0xF0, 0x00, 0xFC, 0x00, 0x3F, 0x00,
    0x0F, 0xC0, 0x03, 0xF0, 0x00, 0xFC, 0x00, 0x3F, 0x00, 0x0F, 0xC0, 0x03, 0xF0, 0x00, 0xFC, 0x00,
    0x3F, 0x00, 0x0F, 0xC0, 0x03, 0xF0, 0x00, 0xFC, 0x00, 0x3F, 0xFF, 0xFF, 0xFF, 0xFF, 0xFF, 0xFF,
    0xFF, 0xFF, 0xFF, 0xFF, 0xF0, 0xFC, 0x00, 0x0F, 0xDF, 0xC0, 0x03, 0xFB, 0xFC, 0x00, 0x7F, 0x7F,
    0x80, 0x1F, 0xEF, 0xF8, 0x07, 0xFD, 0xFF, 0x80, 0xFF, 0xBF, 0xF0, 0x3F, 0xF7, 0xFF, 0x07, 0xFE,
    0xFF, 0xE1, 0xFF, 0xDF, 0xFE, 0x7F, 0xFB, 0xFF, 0xEF, 0xFF, 0x7F, 0xFF, 0xFF, 0xEF, 0xDF, 0xFE,
    0xFD, 0xFB, 0xFF, 0xDF, 0xBF, 0x3F, 0xF3, 0xF7, 0xE3, 0xFC, 0x7E, 0xFC, 0x7F, 0x8F, 0xDF, 0x87,
    0xE1, 0xFB, 0xF0, 0x78, 0x3F, 0x7E, 0x0F, 0x07, 0xEF, 0xC0, 0x00, 0xFD, 0xF8, 0x00, 0x1F, 0xBF,
    0x00, 0x03, 0xF7, 0xE0, 0x00, 0x7E, 0xFC, 0x00, 0x0F, 0xDF, 0x80, 0x01, 0xF8, 0xFC, 0x00, 0x3F,
    0xFE, 0x00, 0x3F, 0xFF, 0x00, 0x3F, 0xFF, 0x80, 0x3F, 0xFF, 0xC0, 0x3F, 0xFF, 0xC0, 0x3F, 0xFF,
    0xE0, 0x3F, 0xFF, 0xF0, 0x3F, 0xFF, 0xF8, 0x3F, 0xFF, 0xF8, 0x3F, 0xFF, 0xFC, 0x3F, 0xFD, 0xFE,
    0x3F, 0xFD, 0xFF, 0x3F, 0xFC, 0xFF, 0x3F, 0xFC, 0x7F, 0xBF, 0xFC, 0x3F, 0xFF, 0xFC, 0x3F, 0xFF,
    0xFC, 0x1F, 0xFF, 0xFC, 0x0F, 0xFF, 0xFC, 0x07, 0xFF, 0xFC, 0x03, 0xFF, 0xFC, 0x03, 0xFF, 0xFC,
    0x01, 0xFF, 0xFC, 0x00, 0xFF, 0xFC, 0x00, 0x7F, 0xFC, 0x00, 0x7F, 0x00, 0x3F, 0x80, 0x00, 0x3F,
    0xFE, 0x00, 0x1F, 0xFF, 0xF0, 0x07, 0xFF, 0xFF, 0x01, 0xFF, 0xFF, 0xF0, 0x7F, 0xFF, 0xFF, 0x0F,
    0xFF, 0xFF, 0xE3, 0xFE, 0x03, 0xFE, 0x7F, 0x80, 0x3F, 0xDF, 0xE0, 0x03, 0xFF, 0xF8, 0x00, 0x3F,
    0xFF, 0x00, 0x07, 0xFF, 0xE0, 0x00, 0xFF, 0xF8, 0x00, 0x0F, 0xFF, 0x00, 0x01, 0xFF, 0xF0, 0x00,
    0x7F, 0xFE, 0x00, 0x0F, 0xFF, 0xC0, 0x01, 0xFF, 0xFC, 0x00, 0x7F, 0xBF, 0xC0, 0x1F, 0xE7, 0xFF,
    0x1F, 0xFC, 0x7F, 0xFF, 0xFF, 0x07, 0xFF, 0xFF, 0xC0, 0x7F, 0xFF, 0xF0, 0x07, 0xFF, 0xFC, 0x00,
    0x7F, 0xFF, 0x00, 0x03, 0xFF, 0x80, 0x00, 0xFF, 0xFE, 0x0F, 0xFF, 0xF8, 0xFF, 0xFF, 0xCF, 0xFF,
    0xFE, 0xFF, 0xFF, 0xEF, 0xC1, 0xFF, 0xFC, 0x07, 0xFF, 0xC0, 0x7F, 0xFC, 0x03, 0xFF, 0xC0, 0x7F,
    0xFC, 0x07, 0xFF, 0xC1, 0xFF, 0xFF, 0xFF, 0xEF, 0xFF, 0xFE, 0xFF, 0xFF, 0xCF, 0xFF, 0xF8, 0xFF,
    0xFE, 0x0F, 0xC0, 0x00, 0xFC, 0x00, 0x0F, 0xC0, 0x00, 0xFC, 0x00, 0x0F, 0xC0, 0x00, 0xFC, 0x00,
    0x0F, 0xC0, 0x00, 0xFC, 0x00, 0x0F, 0xC0, 0x00, 0x00, 0x3F, 0x80, 0x00, 0x3F, 0xFE, 0x00, 0x1F,
    0xFF, 0xF0, 0x07, 0xFF, 0xFF, 0x01, 0xFF, 0xFF, 0xF0, 0x7F, 0xFF, 0xFF, 0x0F, 0xFF, 0xFF, 0xE3,
    0xFE, 0x03, 0xFE, 0x7F, 0x80, 0x3F, 0xDF, 0xE0, 0x03, 0xFF, 0xF8, 0x00, 0x3F, 0xFF, 0x00, 0x07,
    0xFF, 0xE0, 0x00, 0xFF, 0xF8, 0x00, 0x0F, 0xFF, 0x00, 0x61, 0xFF, 0xF0, 0x3C, 0x7F, 0xFE, 0x0F,
    0xCF, 0xFF, 0xC3, 0xFD, 0xFF, 0xFC, 0x3F, 0xFF, 0xBF, 0xC7, 0xFF, 0xE7, 0xFF, 0x7F, 0xFC, 0x7F,
    0xFF, 0xFF, 0x07, 0xFF, 0xFF, 0xC0, 0x7F, 0xFF, 0xF8, 0x07, 0xFF, 0xFF, 0x00, 0x7F, 0xFF, 0xF0,
    0x03, 0xFF, 0xFF, 0x00, 0x00, 0x1F, 0xE0, 0x00, 0x01, 0xF8, 0x00, 0x00, 0x1E, 0x00, 0x00, 0x01,
    0x00, 0xFF, 0xFF, 0x01, 0xFF, 0xFF, 0x83, 0xFF, 0xFF, 0x87, 0xFF, 0xFF, 0x8F, 0xFF, 0xFF, 0x1F,
    0x81, 0xFF, 0x3F, 0x00, 0xFE, 0x7E, 0x01, 0xFC, 0xFC, 0x01, 0xF9, 0xF8, 0x07, 0xF3, 0xF0, 0x0F,
    0xE7, 0xE0, 0x7F, 0xCF, 0xFF, 0xFF, 0x1F, 0xFF, 0xFE, 0x3F, 0xFF, 0xF8, 0x7F, 0xFF, 0xE0, 0xFF,
    0xFF, 0x81, 0xF8, 0xFF, 0x83, 0xF0, 0xFF, 0x07, 0xE0, 0xFF, 0x0F, 0xC1, 0xFE, 0x1F, 0x81, 0xFE,
    0x3F, 0x03, 0xFC, 0x7E, 0x03, 0xFC, 0xFC, 0x03, 0xFD, 0xF8, 0x07, 0xF8, 0x00, 0x7F, 0x00, 0x0F,
    0xFF, 0x00, 0x7F, 0xFF, 0x03, 0xFF, 0xFE, 0x1F, 0xFF, 0xFC, 0xFF, 0xFF, 0xE3, 0xF8, 0x1F, 0x0F,
    0xE0, 0x38, 0x3F, 0x80, 0x40, 0xFF, 0x00, 0x03, 0xFF, 0xC0, 0x0F, 0xFF, 0xE0, 0x1F, 0xFF, 0xE0,
    0x3F, 0xFF, 0xC0, 0x7F, 0xFF, 0x80, 0xFF, 0xFF, 0x00, 0x7F, 0xFC, 0x00, 0x1F, 0xF1, 0x80, 0x1F,
    0xCF, 0x00, 0x3F, 0x3F, 0x01, 0xFD, 0xFF, 0x9F, 0xF7, 0xFF, 0xFF, 0x9F, 0xFF, 0xFE, 0x1F, 0xFF,
    0xF0, 0x3F, 0xFF, 0x80, 0x3F, 0xF8, 0x00, 0xFF, 0xFF, 0xFF, 0xFF, 0xFF, 0xFF, 0xFF, 0xFF, 0xFF,
    0xFF, 0xFF, 0xFF, 0xFF, 0xFC, 0x03, 0xF0, 0x00, 0x0F, 0xC0, 0x00, 0x3F, 0x00, 0x00, 0xFC, 0x00,
    0x03, 0xF0, 0x00, 0x0F, 0xC0, 0x00, 0x3F, 0x00, 0x00, 0xFC, 0x00, 0x03, 0xF0, 0x00, 0x0F, 0xC0,
    0x00, 0x3F, 0x00, 0x00, 0xFC, 0x00, 0x03, 0xF0, 0x00, 0x0F, 0xC0, 0x00, 0x3F, 0x00, 0x00, 0xFC,
    0x00, 0x03, 0xF0, 0x00, 0x0F, 0xC0, 0x00, 0x3F, 0x00, 0x00, 0xFC, 0x00, 0x03, 0xF0, 0x00, 0xFC,
    0x00, 0xFD, 0xF8, 0x01, 0xFB, 0xF0, 0x03, 0xF7, 0xE0, 0x07, 0xEF, 0xC0, 0x0F, 0xDF, 0x80, 0x1F,
    0xBF, 0x00, 0x3F, 0x7E, 0x00, 0x7E, 0xFC, 0x00, 0xFD, 0xF8, 0x01, 0xFB, 0xF0, 0x03, 0xF7, 0xE0,
    0x07, 0xEF, 0xC0, 0x0F, 0xDF, 0x80, 0x1F, 0xBF, 0x00, 0x3F, 0x7E, 0x00, 0x7E, 0xFE, 0x00, 0xFD,
    0xFC, 0x03, 0xFB, 0xF8, 0x07, 0xF7, 0xF8, 0x1F, 0xE7, 0xFC, 0xFF, 0x8F, 0xFF, 0xFF, 0x0F, 0xFF,
    0xFC, 0x0F, 0xFF, 0xF0, 0x0F, 0xFF, 0xC0, 0x07, 0xFE, 0x00, 0xFE, 0x00, 0x1F, 0xFF, 0xE0, 0x03,
    0xF9, 0xFC, 0x00, 0x7F, 0x3F, 0xC0, 0x1F, 0xE3, 0xF8, 0x03, 0xF8, 0x7F, 0x00, 0x7F, 0x0F, 0xF0,
    0x1F, 0xC0, 0xFE, 0x03, 0xF8, 0x1F, 0xC0, 0x7E, 0x01, 0xFC, 0x1F, 0xC0, 0x3F, 0x83, 0xF8, 0x07,
    0xF8, 0xFE, 0x00, 0x7F, 0x1F, 0xC0, 0x0F, 0xE3, 0xF0, 0x00, 0xFE, 0xFE, 0x00, 0x1F, 0xDF, 0xC0,
    0x03, 0xFF, 0xF0, 0x00, 0x3F, 0xFE, 0x00, 0x07, 0xFF, 0x80, 0x00, 0x7F, 0xF0, 0x00, 0x0F, 0xFE,
    0x00, 0x01, 0xFF, 0x80, 0x00, 0x1F, 0xF0, 0x00, 0x03, 0xFC, 0x00, 0x00, 0x3F, 0x80, 0x00, 0x07,
    0xF0, 0x00, 0xFE, 0x00, 0x00, 0x03, 0xFB, 0xF8, 0x00, 0x00, 0x0F, 0xE7, 0xF0, 0x00, 0x00, 0x3F,
    0x9F, 0xC0, 0x3F, 0x01, 0xFC, 0x7F, 0x01, 0xFC, 0x07, 0xF1, 0xFE, 0x07, 0xF0, 0x1F, 0xC3, 0xF8,
    0x1F, 0xE0, 0x7F, 0x0F, 0xE0, 0xFF, 0x83, 0xF8, 0x3F, 0xC3, 0xFF, 0x0F, 0xE0, 0x7F, 0x0F, 0xFC,
    0x3F, 0x81, 0xFC, 0x7F, 0xF1, 0xFC, 0x07, 0xF1, 0xFF, 0xE7, 0xF0, 0x0F, 0xEF, 0xFF, 0x9F, 0xC0,
    0x3F, 0xBF, 0x7E, 0xFE, 0x00, 0xFE, 0xFD, 0xFF, 0xF8, 0x01, 0xFF, 0xF3, 0xFF, 0xE0, 0x07, 0xFF,
    0x8F, 0xFF, 0x00, 0x1F, 0xFE, 0x3F, 0xFC, 0x00, 0x7F, 0xF0, 0x7F, 0xF0, 0x00, 0xFF, 0xC1, 0xFF,
    0xC0, 0x03, 0xFF, 0x03, 0xFE, 0x00, 0x0F, 0xF8, 0x0F, 0xF8, 0x00, 0x1F, 0xE0, 0x3F, 0xE0, 0x00,
    0x7F, 0x00, 0x7F, 0x00, 0x01, 0xFC, 0x01, 0xFC, 0x00, 0x03, 0xF0, 0x03, 0xF0, 0x00, 0x7F, 0xC0,
    0x1F, 0xE3, 0xFC, 0x03, 0xFC, 0x1F, 0xE0, 0x3F, 0xC1, 0xFF, 0x07, 0xF8, 0x0F, 0xF0, 0xFF, 0x00,
    0x7F, 0x8F, 0xF0, 0x07, 0xFD, 0xFE, 0x00, 0x3F, 0xFF, 0xC0, 0x01, 0xFF, 0xFC, 0x00, 0x0F, 0xFF,
    0x80, 0x00, 0xFF, 0xF0, 0x00, 0x07, 0xFF, 0x00, 0x00, 0x3F, 0xE0, 0x00, 0x07, 0xFE, 0x00, 0x00,
    0x7F, 0xE0, 0x00, 0x0F, 0xFF, 0x00, 0x01, 0xFF, 0xF8, 0x00, 0x1F, 0xFF, 0xC0, 0x03, 0xFF, 0xFC,
    0x00, 0x7F, 0x9F, 0xE0, 0x0F, 0xF9, 0xFF, 0x00, 0xFF, 0x0F, 0xF8, 0x1F, 0xE0, 0x7F, 0x83, 0xFE,
    0x03, 0xFC, 0x3F, 0xC0, 0x3F, 0xE7, 0xF8, 0x01, 0xFF, 0x7F, 0x80, 0x1F, 0xEF, 0xF0, 0x07, 0xF8,
    0xFF, 0x00, 0xFE, 0x0F, 0xF0, 0x3F, 0xC1, 0xFE, 0x0F, 0xF0, 0x1F, 0xE1, 0xFC, 0x01, 0xFE, 0x7F,
    0x80, 0x1F, 0xCF, 0xE0, 0x03, 0xFF, 0xF8, 0x00, 0x3F, 0xFF, 0x00, 0x03, 0xFF, 0xC0, 0x00, 0x7F,
    0xF0, 0x00, 0x07, 0xFE, 0x00, 0x00, 0x7F, 0x80, 0x00, 0x07, 0xF0, 0x00, 0x00, 0xFC, 0x00, 0x00,
    0x1F, 0x80, 0x00, 0x03, 0xF0, 0x00, 0x00, 0x7E, 0x00, 0x00, 0x0F, 0xC0, 0x00, 0x01, 0xF8, 0x00,
    0x00, 0x3F, 0x00, 0x00, 0x07, 0xE0, 0x00, 0x00, 0xFC, 0x00, 0x00, 0x1F, 0x80, 0x00, 0x03, 0xF0,
    0x00, 0x7F, 0xFF, 0xFB, 0xFF, 0xFF, 0xDF, 0xFF, 0xFE, 0xFF, 0xFF, 0xF7, 0xFF, 0xFF, 0xBF, 0xFF,
    0xFC, 0x00, 0x7F, 0xC0, 0x03, 0xFC, 0x00, 0x3F, 0xC0, 0x03, 0xFE, 0x00, 0x3F, 0xE0, 0x01, 0xFE,
    0x00, 0x1F, 0xE0, 0x01, 0xFE, 0x00, 0x1F, 0xF0, 0x00, 0xFF, 0x00, 0x0F, 0xF0, 0x00, 0xFF, 0x00,
    0x0F, 0xF8, 0x00, 0x7F, 0x80, 0x07, 0xF8, 0x00, 0x7F, 0xFF, 0xFF, 0xFF, 0xFF, 0xFF, 0xFF, 0xFF,
    0xFF, 0xFF, 0xFF, 0xFF, 0xFF, 0xC0, 0xFF, 0xFF, 0xFF, 0xFF, 0xFF, 0xFF, 0xFF, 0xFC, 0x3F, 0x07,
    0xE0, 0xFC, 0x1F, 0x83, 0xF0, 0x7E, 0x0F, 0xC1, 0xF8, 0x3F, 0x07, 0xE0, 0xFC, 0x1F, 0x83, 0xF0,
    0x7E, 0x0F, 0xC1, 0xF8, 0x3F, 0x07, 0xE0, 0xFC, 0x1F, 0x83, 0xF0, 0x7F, 0x0F, 0xFF, 0xFF, 0xFF,
    0xFF, 0xFF, 0xFF, 0xE0, 0x7E, 0x00, 0x01, 0xFC, 0x00, 0x03, 0xF0, 0x00, 0x0F, 0xE0, 0x00, 0x1F,
    0x80, 0x00, 0x7F, 0x00, 0x00, 0xFC, 0x00, 0x03, 0xF8, 0x00, 0x07, 0xE0, 0x00, 0x1F, 0xC0, 0x00,
    0x3F, 0x00, 0x00, 0xFE, 0x00, 0x01, 0xF8, 0x00, 0x07, 0xF0, 0x00, 0x0F, 0xC0, 0x00, 0x3F, 0x80,
    0x00, 0x7E, 0x00, 0x01, 0xFC, 0x00, 0x03, 0xF0, 0x00, 0x0F, 0xE0, 0x00, 0x1F, 0x80, 0x00, 0x7F,
    0x00, 0x00, 0xFC, 0x00, 0x03, 0xF8, 0x00, 0x07, 0xE0, 0x00, 0x1F, 0xC0, 0x00, 0x3F, 0x00, 0x00,
    0xFE, 0x00, 0x01, 0xF8, 0x00, 0x07, 0xF0, 0xFF, 0xF7, 0xFF, 0xBF, 0xFD, 0xFF, 0xEF, 0xFF, 0x01,
    0xF8, 0x0F, 0xC0, 0x7E, 0x03, 0xF0, 0x1F, 0x80, 0xFC, 0x07, 0xE0, 0x3F, 0x01, 0xF8, 0x0F, 0xC0,
    0x7E, 0x03, 0xF0, 0x1F, 0x80, 0xFC, 0x07, 0xE0, 0x3F, 0x01, 0xF8, 0x0F, 0xC0, 0x7E, 0x03, 0xF0,
    0x1F, 0x80, 0xFC, 0x07, 0xEF, 0xFF, 0x7F, 0xFB, 0xFF, 0xDF, 0xFE, 0xFF, 0xF0, 0x00, 0xFC, 0x00,
    0x03, 0xF8, 0x00, 0x1F, 0xE0, 0x00, 0xFF, 0xC0, 0x03, 0xFF, 0x00, 0x1F, 0xFE, 0x00, 0x7F, 0xFC,
    0x03, 0xFF, 0xF0, 0x1F, 0xCF, 0xE0, 0x7F, 0x1F, 0x83, 0xF8, 0x7F, 0x0F, 0xC0, 0xFE, 0x7F, 0x03,
    0xFB, 0xF8, 0x07, 0xF0, 0x00, 0x00, 0x01, 0xFF, 0xFF, 0xFF, 0xFF, 0xFF, 0xFF, 0xFF, 0xFF, 0xFF,
    0xFF, 0xFF, 0xFF, 0xFF, 0xFF, 0xC0, 0x10, 0x07, 0x00, 0xF0, 0x3F, 0x87, 0xF8, 0x7F, 0x83, 0xF0,
    0x1C, 0x00, 0x80, 0x07, 0xF9, 0xF8, 0xFF, 0xEF, 0xCF, 0xFF, 0xFE, 0x7F, 0xFF, 0xF7, 0xFF, 0xFF,
    0xFF, 0xEF, 0xFF, 0xFC, 0x1F, 0xFF, 0xC0, 0x7F, 0xFE, 0x03, 0xFF, 0xE0, 0x0F, 0xFF, 0x00, 0x7F,
    0xFC, 0x07, 0xFF, 0xE0, 0x3F, 0xFF, 0x83, 0xFF, 0xFF, 0x7F, 0xEF, 0xFF, 0xFF, 0x3F, 0xFF, 0xF9,
    0xFF, 0xFF, 0xC7, 0xFF, 0x7E, 0x0F, 0xF3, 0xF0, 0xFC, 0x00, 0x07, 0xE0, 0x00, 0x3F, 0x00, 0x01,
    0xF8, 0x00, 0x0F, 0xC0, 0x00, 0x7E, 0x00, 0x03, 0xF0, 0x00, 0x1F, 0x9F, 0xE0, 0xFF, 0xFF, 0x87,
    0xFF, 0xFF, 0x3F, 0xFF, 0xF9, 0xFF, 0xFF, 0xEF, 0xFD, 0xFF, 0xFF, 0x83, 0xFF, 0xF8, 0x0F, 0xFF,
    0xC0, 0x7F, 0xFC, 0x01, 0xFF, 0xE0, 0x0F, 0xFF, 0x80, 0xFF, 0xFC, 0x07, 0xFF, 0xF0, 0x7F, 0xFF,
    0xEF, 0xFF, 0xFF, 0xFF, 0xDF, 0xFF, 0xFC, 0xFF, 0xFF, 0xE7, 0xFF, 0xFE, 0x3F, 0x3F, 0xC0, 0x03,
    0xFE, 0x01, 0xFF, 0xF0, 0x7F, 0xFF, 0x1F, 0xFF, 0xF7, 0xFF, 0xFC, 0xFF, 0x9F, 0x3F, 0xC0, 0xE7,
    0xF0, 0x00, 0xFE, 0x00, 0x1F, 0x80, 0x03, 0xF0, 0x00, 0x7F, 0x00, 0x0F, 0xE0, 0x01, 0xFE, 0x07,
    0x1F, 0xF3, 0xE3, 0xFF, 0xFE, 0x3F, 0xFF, 0xE3, 0xFF, 0xF8, 0x3F, 0xFE, 0x01, 0xFF, 0x00, 0x00,
    0x01, 0xF8, 0x00, 0x0F, 0xC0, 0x00, 0x7E, 0x00, 0x03, 0xF0, 0x00, 0x1F, 0x80, 0x00, 0xFC, 0x00,
    0x07, 0xE0, 0xFF, 0x3F, 0x0F, 0xFF, 0xF9, 0xFF, 0xFF, 0xCF, 0xFF, 0xFE, 0xFF, 0xFF, 0xFF, 0xFD,
    0xFF, 0xFF, 0x83, 0xFF, 0xF8, 0x0F, 0xFF, 0xC0, 0x7F, 0xFC, 0x01, 0xFF, 0xE0, 0x0F, 0xFF, 0x80,
    0xFF, 0xFC, 0x07, 0xFF, 0xF0, 0x7F, 0xFF, 0xEF, 0xFD, 0xFF, 0xFF, 0xE7, 0xFF, 0xFF, 0x3F, 0xFF,
    0xF8, 0xFF, 0xFF, 0xC1, 0xFE, 0x7E, 0x03, 0xFE, 0x00, 0xFF, 0xF0, 0x1F, 0xFF, 0xC3, 0xFF, 0xFC,
    0x7F, 0xFF, 0xE7, 0xFD, 0xFF, 0xFE, 0x07, 0xFF, 0xE0, 0x7F, 0xFF, 0xFF, 0xFF, 0xFF, 0xFF, 0xFF,
    0xFF, 0xFF, 0xE0, 0x00, 0xFE, 0x00, 0x0F, 0xF0, 0x18, 0x7F, 0xE7, 0x87, 0xFF, 0xFC, 0x3F, 0xFF,
    0xE1, 0xFF, 0xFE, 0x0F, 0xFF, 0xC0, 0x3F, 0xF0, 0x00, 0x00, 0x07, 0xF8, 0x1F, 0xF8, 0x7F, 0xE1,
    0xFF, 0xC3, 0xFF, 0x07, 0xF2, 0x0F, 0xE0, 0x1F, 0xC1, 0xFF, 0xF3, 0xFF, 0xE7, 0xFF, 0xCF, 0xFF,
    0x9F, 0xFF, 0x07, 0xE0, 0x0F, 0xC0, 0x1F, 0x80, 0x3F, 0x00, 0x7E, 0x00, 0xFC, 0x01, 0xF8, 0x03,
    0xF0, 0x07, 0xE0, 0x0F, 0xC0, 0x1F, 0x80, 0x3F, 0x00, 0x7E, 0x00, 0xFC, 0x00, 0x07, 0xF9, 0xF8,
    0x3F, 0xFF, 0xE3, 0xFF, 0xFF, 0x8F, 0xFF, 0xFE, 0x7F, 0xFF, 0xF9, 0xFF, 0x7F, 0xEF, 0xF0, 0x7F,
    0xBF, 0x80, 0xFE, 0xFE, 0x03, 0xFB, 0xF0, 0x07, 0xEF, 0xC0, 0x1F, 0xBF, 0x80, 0xFE, 0xFE, 0x03,
    0xFB, 0xFC, 0x1F, 0xEF, 0xFD, 0xFF, 0x9F, 0xFF, 0xFE, 0x3F, 0xFF, 0xF8, 0xFF, 0xFF, 0xE0, 0xFF,
    0xDF, 0x81, 0xFE, 0x7E, 0x00, 0x03, 0xF8, 0x00, 0x0F, 0xE1, 0x80, 0x7F, 0x87, 0xE7, 0xFE, 0x3F,
    0xFF, 0xF0, 0xFF, 0xFF, 0x83, 0xFF, 0xFE, 0x07, 0xFF, 0xE0, 0x07, 0xFE, 0x00, 0xFC, 0x00, 0x1F,
    0x80, 0x03, 0xF0, 0x00, 0x7E, 0x00, 0x0F, 0xC0, 0x01, 0xF8, 0x00, 0x3F, 0x00, 0x07, 0xE7, 0xF8,
    0xFD, 0xFF, 0x9F, 0xFF, 0xFB, 0xFF, 0xFF, 0xFF, 0xFF, 0xFF, 0xF9, 0xFF, 0xFC, 0x1F, 0xFF, 0x83,
    0xFF, 0xE0, 0x3F, 0xFC, 0x07, 0xFF, 0x80, 0xFF, 0xF0, 0x1F, 0xFE, 0x03, 0xFF, 0xC0, 0x7F, 0xF8,
    0x0F, 0xFF, 0x01, 0xFF, 0xE0, 0x3F, 0xFC, 0x07, 0xFF, 0x80, 0xFF, 0xF0, 0x1F, 0x80, 0x7D, 0xFF,
    0xFF, 0xFF, 0xEF, 0x80, 0x00, 0x00, 0x01, 0xFB, 0xF7, 0xEF, 0xDF, 0xBF, 0x7E, 0xFD, 0xFB, 0xF7,
    0xEF, 0xDF, 0xBF, 0x7E, 0xFD, 0xFB, 0xF7, 0xEF, 0xC0, 0x03, 0xE0, 0x7F, 0x07, 0xF0, 0x7F, 0x07,
    0xF0, 0x3E, 0x00, 0x00, 0x00, 0x00, 0x00, 0x7E, 0x07, 0xE0, 0x7E, 0x07, 0xE0, 0x7E, 0x07, 0xE0,
    0x7E, 0x07, 0xE0, 0x7E, 0x07, 0xE0, 0x7E, 0x07, 0xE0, 0x7E, 0x07, 0xE0, 0x7E, 0x07, 0xE0, 0x7E,
    0x07, 0xE0, 0x7E, 0x07, 0xE0, 0xFE, 0x0F, 0xE1, 0xFE, 0x7F, 0xE7, 0xFE, 0x3F, 0xC3, 0xF8, 0x1F,
    0x00, 0xFC, 0x00, 0x07, 0xE0, 0x00, 0x3F, 0x00, 0x01, 0xF8, 0x00, 0x0F, 0xC0, 0x00, 0x7E, 0x00,
    0x03, 0xF0, 0x00, 0x1F, 0x81, 0xFF, 0xFC, 0x1F, 0xF7, 0xE1, 0xFF, 0x3F, 0x1F, 0xF1, 0xF9, 0xFF,
    0x0F, 0xDF, 0xE0, 0x7F, 0xFE, 0x03, 0xFF, 0xE0, 0x1F, 0xFE, 0x00, 0xFF, 0xF8, 0x07, 0xFF, 0xE0,
    0x3F, 0xFF, 0x01, 0xFF, 0xFC, 0x0F, 0xEF, 0xF0, 0x7E, 0x3F, 0xC3, 0xF0, 0xFF, 0x1F, 0x87, 0xF8,
    0xFC, 0x1F, 0xE7, 0xE0, 0x7F, 0xBF, 0x01, 0xFE, 0xFD, 0xFB, 0xF7, 0xEF, 0xDF, 0xBF, 0x7E, 0xFD,
    0xFB, 0xF7, 0xEF, 0xDF, 0xBF, 0x7E, 0xFD, 0xFB, 0xF7, 0xEF, 0xDF, 0xBF, 0x7E, 0xFD, 0xFB, 0xF0,
    0xFC, 0xFF, 0x07, 0xF0, 0xFD, 0xFF, 0x9F, 0xF8, 0xFF, 0xFF, 0xFF, 0xFC, 0xFF, 0xFF, 0xFF, 0xFE,
    0xFF, 0xFF, 0xFF, 0xFE, 0xFF, 0x9F, 0xFD, 0xFE, 0xFE, 0x0F, 0xF0, 0xFE, 0xFE, 0x0F, 0xE0, 0x7E,
    0xFC, 0x07, 0xE0, 0x7E, 0xFC, 0x07, 0xE0, 0x7E, 0xFC, 0x07, 0xE0, 0x7E, 0xFC, 0x07, 0xE0, 0x7E,
    0xFC, 0x07, 0xE0, 0x7E, 0xFC, 0x07, 0xE0, 0x7E, 0xFC, 0x07, 0xE0, 0x7E, 0xFC, 0x07, 0xE0, 0x7E,
    0xFC, 0x07, 0xE0, 0x7E, 0xFC, 0x07, 0xE0, 0x7E, 0xFC, 0x07, 0xE0, 0x7E, 0xFC, 0x07, 0xE0, 0x7E,
    0xFC, 0x7F, 0x1F, 0xBF, 0xF3, 0xFF, 0xFF, 0x7F, 0xFF, 0xFF, 0xFF, 0xFF, 0xFF, 0x3F, 0xFF, 0x83,
    0xFF, 0xF0, 0x7F, 0xFC, 0x07, 0xFF, 0x80, 0xFF, 0xF0, 0x1F, 0xFE, 0x03, 0xFF, 0xC0, 0x7F, 0xF8,
    0x0F, 0xFF, 0x01, 0xFF, 0xE0, 0x3F, 0xFC, 0x07, 0xFF, 0x80, 0xFF, 0xF0, 0x1F, 0xFE, 0x03, 0xF0,
    0x03, 0xFE, 0x00, 0x3F, 0xFE, 0x01, 0xFF, 0xFC, 0x0F, 0xFF, 0xF8, 0x7F, 0xFF, 0xF1, 0xFF, 0x7F,
    0xCF, 0xF0, 0x7F, 0xBF, 0x80, 0xFE, 0xFE, 0x03, 0xFB, 0xF0, 0x07, 0xEF, 0xC0, 0x1F, 0xBF, 0x80,
    0xFE, 0xFE, 0x03, 0xFB, 0xFC, 0x1F, 0xE7, 0xFD, 0xFF, 0x1F, 0xFF, 0xFC, 0x3F, 0xFF, 0xE0, 0x7F,
    0xFF, 0x00, 0xFF, 0xF8, 0x00, 0xFF, 0x80, 0xFC, 0xFF, 0x07, 0xFF, 0xFE, 0x3F, 0xFF, 0xF9, 0xFF,
    0xFF, 0xCF, 0xFF, 0xFF, 0x7F, 0xEF, 0xFF, 0xFC, 0x1F, 0xFF, 0xC0, 0x7F, 0xFE, 0x03, 0xFF, 0xE0,
    0x0F, 0xFF, 0x00, 0x7F, 0xFC, 0x07, 0xFF, 0xE0, 0x3F, 0xFF, 0x83, 0xFF, 0xFF, 0x7F, 0xFF, 0xFF,
    0xFE, 0xFF, 0xFF, 0xE7, 0xFF, 0xFF, 0x3F, 0xFF, 0xF1, 0xF9, 0xFE, 0x0F, 0xC0, 0x00, 0x7E, 0x00,
    0x03, 0xF0, 0x00, 0x1F, 0x80, 0x00, 0xFC, 0x00, 0x07, 0xE0, 0x00, 0x3F, 0x00, 0x01, 0xF8, 0x00,
    0x00, 0x07, 0xF9, 0xF8, 0xFF, 0xFF, 0xCF, 0xFF, 0xFE, 0x7F, 0xFF, 0xF7, 0xFF, 0xFF, 0xFF, 0xEF,
    0xFF, 0xFC, 0x1F, 0xFF, 0xC0, 0x7F, 0xFE, 0x03, 0xFF, 0xE0, 0x0F, 0xFF, 0x00, 0x7F, 0xFC, 0x07,
    0xFF, 0xE0, 0x3F, 0xFF, 0x83, 0xFF, 0xFF, 0x7F, 0xEF, 0xFF, 0xFF, 0x3F, 0xFF, 0xF9, 0xFF, 0xFF,
    0xC7, 0xFF, 0xFE, 0x0F, 0xF3, 0xF0, 0x00, 0x1F, 0x80, 0x00, 0xFC, 0x00, 0x07, 0xE0, 0x00, 0x3F,
    0x00, 0x01, 0xF8, 0x00, 0x0F, 0xC0, 0x00, 0x7E, 0x00, 0x03, 0xF0, 0xFC, 0x7F, 0xFB, 0xFB, 0xFF,
    0xF7, 0xFF, 0xEF, 0xFF, 0xDF, 0xFF, 0x3F, 0xE6, 0x7F, 0x00, 0xFE, 0x01, 0xF8, 0x03, 0xF0, 0x07,
    0xE0, 0x0F, 0xC0, 0x1F, 0x80, 0x3F, 0x00, 0x7E, 0x00, 0xFC, 0x01, 0xF8, 0x03, 0xF0, 0x07, 0xE0,
    0x00, 0x07, 0xFC, 0x0F, 0xFF, 0x8F, 0xFF, 0xEF, 0xFF, 0xF7, 0xF3, 0xF3, 0xF0, 0x71, 0xFC, 0x00,
    0xFF, 0xC0, 0x7F, 0xFC, 0x1F, 0xFF, 0x07, 0xFF, 0xC1, 0xFF, 0xF0, 0x1F, 0xF8, 0x01, 0xFC, 0x60,
    0x7E, 0xFE, 0x7F, 0xFF, 0xFF, 0xFF, 0xFF, 0x8F, 0xFF, 0x81, 0xFF, 0x00, 0x0F, 0xC0, 0x3F, 0x00,
    0xFC, 0x03, 0xF0, 0x0F, 0xC3, 0xFF, 0xFF, 0xFF, 0xFF, 0xFF, 0xFF, 0xFF, 0xFF, 0xF0, 0xFE, 0x03,
    0xF0, 0x0F, 0xC0, 0x3F, 0x00, 0xFC, 0x03, 0xF0, 0x0F, 0xC0, 0x3F, 0x00, 0xFC, 0x03, 0xF0, 0x0F,
    0xC0, 0x3F, 0x00, 0xFC, 0x03, 0xF0, 0x0F, 0xC0, 0xFC, 0x07, 0xFF, 0x80, 0xFF, 0xF0, 0x1F, 0xFE,
    0x03, 0xFF, 0xC0, 0x7F, 0xF8, 0x0F, 0xFF, 0x01, 0xFF, 0xE0, 0x3F, 0xFC, 0x07, 0xFF, 0x80, 0xFF,
    0xF0, 0x1F, 0xFE, 0x03, 0xFF, 0xE0, 0xFF, 0xFC, 0x1F, 0xFF, 0xEF, 0xFF, 0xFF, 0xFF, 0x7F, 0xFF,
    0xEF, 0xFF, 0xFC, 0xFF, 0xDF, 0x8F, 0xF3, 0xF0, 0xFF, 0x01, 0xFC, 0xFE, 0x03, 0xF9, 0xFC, 0x0F,
    0xF1, 0xFC, 0x1F, 0xC3, 0xF8, 0x3F, 0x87, 0xF0, 0xFE, 0x07, 0xF1, 0xFC, 0x0F, 0xE3, 0xF0, 0x0F,
    0xCF, 0xE0, 0x1F, 0xDF, 0x80, 0x3F, 0xBF, 0x00, 0x3F, 0xFE, 0x00, 0x7F, 0xF8, 0x00, 0x7F, 0xF0,
    0x00, 0xFF, 0xC0, 0x00, 0xFF, 0x80, 0x01, 0xFE, 0x00, 0x03, 0xFC, 0x00, 0x03, 0xF8, 0x00, 0x07,
    0xE0, 0x00, 0xFE, 0x00, 0x00, 0xFE, 0xFE, 0x00, 0x01, 0xFD, 0xFC, 0x0E, 0x07, 0xF3, 0xF8, 0x3E,
    0x0F, 0xE3, 0xF0, 0x7C, 0x1F, 0xC7, 0xF1, 0xFC, 0x3F, 0x0F, 0xE3, 0xF8, 0xFE, 0x0F, 0xCF, 0xF9,
    0xFC, 0x1F, 0xDF, 0xF3, 0xF0, 0x3F, 0xBF, 0xFF, 0xE0, 0x3F, 0xFF, 0xFF, 0xC0, 0x7F, 0xF7, 0xFF,
    0x00, 0xFF, 0xEF, 0xFE, 0x00, 0xFF, 0x8F, 0xFC, 0x01, 0xFF, 0x1F, 0xF0, 0x03, 0xFE, 0x3F, 0xE0,
    0x07, 0xF8, 0x3F, 0xC0, 0x07, 0xF0, 0x7F, 0x00, 0x0F, 0xC0, 0x7E, 0x00, 0x1F, 0x80, 0xFC, 0x00,
    0x7F, 0x83, 0xFC, 0x7F, 0x0F, 0xF0, 0xFF, 0x1F, 0xC0, 0xFF, 0x7F, 0x80, 0xFE, 0xFE, 0x01, 0xFF,
    0xF8, 0x01, 0xFF, 0xF0, 0x01, 0xFF, 0xC0, 0x01, 0xFF, 0x00, 0x03, 0xFC, 0x00, 0x07, 0xFC, 0x00,
    0x1F, 0xF8, 0x00, 0x3F, 0xF8, 0x00, 0xFF, 0xF8, 0x03, 0xFF, 0xF8, 0x0F, 0xF7, 0xF0, 0x1F, 0xCF,
    0xF0, 0x7F, 0x8F, 0xF1, 0xFE, 0x0F, 0xE3, 0xF8, 0x1F, 0xE0, 0xFF, 0x00, 0xFE, 0x7F, 0x00, 0xFE,
    0x7F, 0x81, 0xFE, 0x3F, 0x81, 0xFC, 0x3F, 0xC1, 0xFC, 0x1F, 0xC3, 0xF8, 0x1F, 0xC3, 0xF8, 0x0F,
    0xE7, 0xF0, 0x0F, 0xE7, 0xF0, 0x0F, 0xF7, 0xF0, 0x07, 0xFF, 0xE0, 0x07, 0xFF, 0xE0, 0x03, 0xFF,
    0xC0, 0x03, 0xFF, 0xC0, 0x01, 0xFF, 0x80, 0x01, 0xFF, 0x80, 0x00, 0xFF, 0x80, 0x00, 0xFF, 0x00,
    0x00, 0x7F, 0x00, 0x00, 0x7E, 0x00, 0x00, 0xFE, 0x00, 0x00, 0xFC, 0x00, 0x01, 0xFC, 0x00, 0x01,
    0xFC, 0x00, 0x01, 0xF8, 0x00, 0x03, 0xF8, 0x00, 0x03, 0xF0, 0x00, 0x07, 0xF0, 0x00, 0xFF, 0xFF,
    0xFF, 0xFF, 0xFF, 0xFF, 0xFF, 0xFF, 0xFF, 0xFF, 0xF8, 0x07, 0xF8, 0x03, 0xF8, 0x03, 0xF8, 0x03,
    0xF8, 0x03, 0xFC, 0x03, 0xFC, 0x01, 0xFC, 0x01, 0xFC, 0x01, 0xFE, 0x01, 0xFE, 0x01, 0xFF, 0xFF,
    0xFF, 0xFF, 0xFF, 0xFF, 0xFF, 0xFF, 0xFF, 0xFF, 0xF0, 0x00, 0x10, 0x03, 0xE0, 0x1F, 0x80, 0xFE,
    0x07, 0xFC, 0x1F, 0xC0, 0x7E, 0x01, 0xF0, 0x07, 0xC0, 0x1F, 0x00, 0x7C, 0x01, 0xF0, 0x07, 0xC0,
    0x3F, 0x01, 0xFC, 0x3F, 0xE0, 0xFF, 0x03, 0xF8, 0x0F, 0xF0, 0x3F, 0xE0, 0x1F, 0xC0, 0x3F, 0x00,
    0x7C, 0x01, 0xF0, 0x07, 0xC0, 0x1F, 0x00, 0x7C, 0x01, 0xF8, 0x07, 0xE0, 0x1F, 0xE0, 0x7F, 0xC0,
    0xFE, 0x01, 0xF8, 0x03, 0xE0, 0x01, 0x00, 0xFD, 0xFB, 0xF7, 0xEF, 0xDF, 0xBF, 0x7E, 0xFD, 0xFB,
    0xF7, 0xEF, 0xDF, 0xBF, 0x7E, 0xFD, 0xFB, 0xF7, 0xEF, 0xDF, 0xBF, 0x7E, 0xFD, 0xFB, 0xF7, 0xEF,
    0xDF, 0xBF, 0x7E, 0xFD, 0xF8, 0x30, 0x01, 0xF0, 0x07, 0xE0, 0x1F, 0xC0, 0xFF, 0x81, 0xFE, 0x01,
    0xF8, 0x07, 0xE0, 0x0F, 0x80, 0x3E, 0x00, 0xF8, 0x03, 0xE0, 0x0F, 0xC0, 0x3F, 0x00, 0xFF, 0x01,
    0xFF, 0x03, 0xFC, 0x07, 0xF0, 0x3F, 0xC1, 0xFF, 0x0F, 0xE0, 0x3F, 0x00, 0xF8, 0x03, 0xE0, 0x0F,
    0x80, 0x3E, 0x00, 0xF8, 0x07, 0xE0, 0x1F, 0x81, 0xFE, 0x0F, 0xF8, 0x1F, 0xC0, 0x7E, 0x01, 0xF0,
    0x02, 0x00, 0x00, 0x00, 0x00, 0x07, 0xF0, 0x7D, 0xFF, 0xDF, 0xBF, 0xFF, 0xFF, 0xFF, 0xFD, 0xFF,
    0xFF, 0xBE, 0xFF, 0xE7, 0x83, 0xF8, 0x79, 0xFB, 0xF7, 0xEF, 0xDF, 0x9E, 0x00, 0x00, 0x01, 0xE3,
    0xC7, 0xDF, 0xBF, 0x7E, 0xFD, 0xFB, 0xF7, 0xEF, 0xDF, 0xBF, 0x7E, 0xFD, 0xFB, 0xF0, 0x00, 0xF8,
    0x00, 0x0F, 0x80, 0x00, 0xF8, 0x00, 0x3F, 0xF0, 0x0F, 0xFF, 0x81, 0xFF, 0xFE, 0x3F, 0xFF, 0xE7,
    0xFF, 0xFE, 0x7F, 0xFF, 0xCF, 0xF7, 0x38, 0xFE, 0x70, 0x0F, 0xE7, 0x00, 0xFC, 0x70, 0x0F, 0xC7,
    0x00, 0xFE, 0x70, 0x0F, 0xE7, 0x00, 0xFF, 0x71, 0x87, 0xFF, 0xFC, 0x7F, 0xFF, 0xC3, 0xFF, 0xFE,
    0x1F, 0xFF, 0xE0, 0xFF, 0xF8, 0x03, 0xFE, 0x00, 0x0F, 0x80, 0x00, 0xF8, 0x00, 0x0F, 0x80, 0x00,
    0x7F, 0x00, 0x03, 0xFF, 0x80, 0x1F, 0xFF, 0xC0, 0x7F, 0xFF, 0x80, 0xFF, 0xFF, 0x03, 0xFF, 0xF8,
    0x07, 0xF8, 0x60, 0x0F, 0xE0, 0x00, 0x1F, 0x80, 0x00, 0x3F, 0x00, 0x00, 0x7F, 0x00, 0x00, 0xFE,
    0x00, 0x07, 0xFF, 0xF8, 0x0F, 0xFF, 0xF0, 0x1F, 0xFF, 0xE0, 0x03, 0xF0, 0x00, 0x07, 0xE0, 0x00,
    0x0F, 0xC0, 0x00, 0x0F, 0x80, 0x00, 0x1F, 0x00, 0x01, 0xFF, 0x01, 0x0F, 0xFF, 0xCF, 0x3F, 0xFF,
    0xFF, 0x7F, 0xFF, 0xFE, 0x7F, 0xFF, 0xFE, 0xF9, 0xFF, 0xF8, 0x80, 0x3F, 0xC0, 0x18, 0x01, 0x83,
    0xC0, 0x3C, 0x7F, 0xFF, 0xEF, 0xFF, 0xFF, 0x7F, 0xFF, 0xE3, 0xFF, 0xFC, 0x3F, 0x9F, 0xC3, 0xF0,
    0xFC, 0x3E, 0x07, 0xC3, 0xE0, 0x7C, 0x3F, 0x0F, 0xC3, 0xF9, 0xFC, 0x3F, 0xFF, 0xC7, 0xFF, 0xFE,
    0xFF, 0xFF, 0xF7, 0xFF, 0xFE, 0x3C, 0x03, 0xC1, 0x80, 0x18, 0xFF, 0x80, 0x1F, 0xEF, 0xF0, 0x07,
    0xF8, 0xFF, 0x00, 0xFF, 0x1F, 0xF0, 0x3F, 0xC1, 0xFE, 0x07, 0xF0, 0x1F, 0xE1, 0xFE, 0x01, 0xFE,
    0x7F, 0x80, 0x3F, 0xCF, 0xE0, 0x03, 0xFF, 0xFC, 0x00, 0x3F, 0xFF, 0x00, 0x03, 0xFF, 0xC0, 0x00,
    0x7F, 0xF8, 0x00, 0x07, 0xFE, 0x00, 0x00, 0x7F, 0x80, 0x00, 0xFF, 0xFF, 0x80, 0x1F, 0xFF, 0xF0,
    0x03, 0xFF, 0xFE, 0x00, 0x03, 0xF0, 0x00, 0x00, 0x7E, 0x00, 0x01, 0xFF, 0xFF, 0x00, 0x3F, 0xFF,
    0xE0, 0x07, 0xFF, 0xFC, 0x00, 0x07, 0xE0, 0x00, 0x00, 0xFC, 0x00, 0x00, 0x1F, 0x80, 0x00, 0x03,
    0xF0, 0x00, 0xFD, 0xFB, 0xF7, 0xEF, 0xDF, 0xBF, 0x7E, 0xFD, 0xFB, 0xF7, 0xEF, 0xDF, 0xBF, 0x00,
    0x00, 0x00, 0x00, 0x0F, 0xDF, 0xBF, 0x7E, 0xFD, 0xFB, 0xF7, 0xEF, 0xDF, 0xBF, 0x7E, 0xFD, 0xFB,
    0xF0, 0x01, 0xFC, 0x00, 0x7F, 0xF0, 0x1F, 0xFF, 0xC1, 0xFF, 0xFE, 0x3F, 0xFF, 0xE3, 0xFF, 0xFC,
    0x3F, 0x87, 0x83, 0xF0, 0x10, 0x3F, 0x80, 0x03, 0xFE, 0x00, 0x3F, 0xF8, 0x01, 0xFF, 0xE0, 0x3F,
    0xFF, 0x87, 0xFF, 0xFC, 0xFF, 0xFF, 0xEF, 0xE7, 0xFE, 0xFE, 0x0F, 0xEF, 0xE0, 0x7E, 0xFF, 0x0F,
    0xEF, 0xFF, 0xFE, 0x7F, 0xFF, 0xE7, 0xFF, 0xFC, 0x1F, 0xFF, 0x80, 0x7F, 0xFC, 0x01, 0xFF, 0xC0,
    0x03, 0xFC, 0x10, 0x1F, 0xC3, 0x80, 0xFC, 0x7F, 0x3F, 0xCF, 0xFF, 0xFC, 0xFF, 0xFF, 0x83, 0xFF,
    0xF0, 0x0F, 0xFC, 0x00, 0x78, 0x3C, 0xFC, 0x7E, 0xFC, 0x7E, 0xFC, 0x7E, 0xFC, 0x7E, 0x78, 0x3C,
    0x00, 0x7F, 0xE0, 0x00, 0x1F, 0xFF, 0x80, 0x07, 0xFF, 0xFE, 0x00, 0xFE, 0x0F, 0xF0, 0x1F, 0x80,
    0x1F, 0x83, 0xE0, 0x00, 0x7C, 0x3C, 0x1F, 0xC3, 0xC7, 0x83, 0xFF, 0x1E, 0x78, 0x7F, 0xF1, 0xEF,
    0x0F, 0xFE, 0x0F, 0xF1, 0xFF, 0xE0, 0xFE, 0x1F, 0xCE, 0x0F, 0xE1, 0xF8, 0x00, 0x7E, 0x1F, 0x00,
    0x07, 0xE1, 0xF8, 0x00, 0x7E, 0x1F, 0xCE, 0x0F, 0xF1, 0xFF, 0xE0, 0xFF, 0x0F, 0xFF, 0x0F, 0x78,
    0xFF, 0xF1, 0xE7, 0x87, 0xFF, 0x1E, 0x3C, 0x1F, 0xC3, 0xC3, 0xE0, 0x00, 0x7C, 0x1F, 0x80, 0x1F,
    0x80, 0xFE, 0x0F, 0xF0, 0x07, 0xFF, 0xFE, 0x00, 0x1F, 0xFF, 0x80, 0x00, 0x7F, 0xE0, 0x00, 0x3E,
    0x03, 0xFF, 0xDF, 0xFF, 0xFF, 0xFF, 0x9F, 0xFC, 0xFF, 0xE3, 0xFF, 0x3F, 0xF9, 0xFF, 0xFF, 0xFF,
    0xFE, 0xFF, 0xF3, 0xEF, 0x80, 0x00, 0x00, 0x00, 0x30, 0x18, 0x07, 0xC3, 0xE0, 0xFC, 0x7E, 0x1F,
    0xC7, 0xE1, 0xF8, 0xFC, 0x3F, 0x1F, 0x87, 0xF3, 0xF8, 0xFE, 0x3F, 0x0F, 0xC7, 0xE0, 0xFE, 0x3F,
    0x07, 0xF3, 0xF8, 0x3F, 0x1F, 0x81, 0xF8, 0xFC, 0x1F, 0xC7, 0xE0, 0xFC, 0x7E, 0x07, 0xC3, 0xE0,
    0x30, 0x18, 0x00, 0x00, 0x00, 0x00, 0x00, 0x00, 0xFF, 0xFF, 0xFE, 0xFF, 0xFF, 0xFE, 0xFF, 0xFF,
    0xFE, 0xFF, 0xFF, 0xFE, 0xFF, 0xFF, 0xFE, 0x00, 0x00, 0x7E, 0x00, 0x00, 0x7E, 0x00, 0x00, 0x7E,
    0x00, 0x00, 0x7E, 0x00, 0x00, 0x7E, 0x00, 0x00, 0x7E, 0x00, 0x00, 0x7E, 0x00, 0x07, 0xFF, 0xFF,
    0xFF, 0xFF, 0xFF, 0xFF, 0xFF, 0xFC, 0x00, 0x40, 0x00, 0xFF, 0x80, 0x7F, 0xFC, 0x1F, 0x8F, 0xC7,
    0xC0, 0x7C, 0xE7, 0xF3, 0xBC, 0xFF, 0x7F, 0x1F, 0xE7, 0xE3, 0xBC, 0xFC, 0x7F, 0x9F, 0x8F, 0xE3,
    0xF1, 0xDC, 0x7E, 0x3B, 0xCF, 0xE7, 0x7B, 0xDC, 0xE7, 0xF1, 0xE0, 0x3C, 0x3F, 0xFF, 0x81, 0xFF,
    0xC0, 0x1F, 0xF0, 0x00, 0xFF, 0xFF, 0xFF, 0xFF, 0xFF, 0xFF, 0xF0, 0x1F, 0xC1, 0xFF, 0x1F, 0xFD,
    0xFF, 0xFF, 0xDF, 0xF8, 0x3F, 0xC1, 0xFF, 0xBF, 0xFF, 0xFB, 0xFF, 0x8F, 0xF8, 0x3F, 0x80, 0x03,
    0xF0, 0x00, 0x7E, 0x00, 0x0F, 0xC0, 0x01, 0xF8, 0x00, 0x3F, 0x01, 0xFF, 0xFF, 0xFF, 0xFF, 0xFF,
    0xFF, 0xFF, 0xFF, 0xFF, 0xFF, 0xFF, 0xFC, 0x1F, 0xC0, 0x01, 0xF8, 0x00, 0x3F, 0x00, 0x07, 0xE0,
    0x00, 0xFC, 0x00, 0x00, 0x00, 0x00, 0x00, 0x1F, 0xFF, 0xFF, 0xFF, 0xFF, 0xFF, 0xFF, 0xFF, 0xFF,
    0xFF, 0xFF, 0xFF, 0xC0, 0x1F, 0xC3, 0xFE, 0x7F, 0xEF, 0xFE, 0x79, 0xE1, 0x3E, 0x03, 0xE0, 0xFC,
    0x1F, 0x87, 0xF0, 0x7F, 0xF7, 0xFF, 0x7F, 0xF7, 0xFF, 0x7F, 0xC7, 0xFC, 0x7F, 0xE7, 0xFE, 0x0F,
    0xC1, 0xF0, 0x3F, 0xC3, 0xFE, 0x1F, 0xE0, 0x1E, 0x3F, 0xE7, 0xFE, 0xFF, 0xE7, 0xFC, 0x1F, 0x00,
    0x01, 0x00, 0x60, 0x3E, 0x0F, 0xE3, 0xFC, 0xFF, 0x1F, 0x83, 0xC0, 0x20, 0x00, 0xFC, 0x07, 0xFF,
    0x80, 0xFF, 0xF0, 0x1F, 0xFE, 0x03, 0xFF, 0xC0, 0x7F, 0xF8, 0x0F, 0xFF, 0x01, 0xFF, 0xE0, 0x3F,
    0xFC, 0x07, 0xFF, 0x80, 0xFF, 0xF0, 0x1F, 0xFE, 0x03, 0xFF, 0xE0, 0xFF, 0xFC, 0x1F, 0xFF, 0xEF,
    0xFF, 0xFF, 0xFF, 0xFF, 0xFF, 0xFF, 0xFF, 0xFF, 0xFF, 0xDF, 0xFF, 0xF3, 0xFF, 0xC0, 0x01, 0xF8,
    0x00, 0x3F, 0x00, 0x07, 0xE0, 0x00, 0xFC, 0x00, 0x1F, 0x80, 0x00, 0x07, 0xFF, 0xFF, 0x1F, 0xFF,
    0xFF, 0x3F, 0xFF, 0xFF, 0x7F, 0xFF, 0xFF, 0x7F, 0xFC, 0x3F, 0xFF, 0xFC, 0x3F, 0xFF, 0xFC, 0x3F,
    0xFF, 0xFC, 0x3F, 0xFF, 0xFC, 0x3F, 0xFF, 0xFC, 0x3F, 0xFF, 0xFC, 0x3F, 0x7F, 0xFC, 0x3F, 0x7F,
    0xFC, 0x3F, 0x3F, 0xFC, 0x3F, 0x1F, 0xFC, 0x3F, 0x0F, 0xFC, 0x3F, 0x00, 0xFC, 0x3F, 0x00, 0xFC,
    0x3F, 0x00, 0xFC, 0x3F, 0x00, 0xFC, 0x3F, 0x00, 0xFC, 0x3F, 0x00, 0xFC, 0x3F, 0x00, 0xFC, 0x3F,
    0x00, 0xFC, 0x3F, 0x00, 0xFC, 0x3F, 0x00, 0xFC, 0x3F, 0x79, 0xFB, 0xF7, 0xEF, 0xDF, 0x9E, 0x00,
    0x1E, 0x1E, 0x1F, 0x8F, 0xE7, 0xF8, 0x7C, 0xFF, 0xFF, 0xFF, 0x7E, 0x00, 0x1F, 0x9F, 0xFF, 0xEF,
    0xF7, 0xF9, 0xFC, 0x3E, 0x1F, 0x0F, 0x87, 0xC3, 0xE1, 0xF0, 0xF8, 0x7C, 0x1F, 0xC1, 0xFF, 0x1F,
    0xFD, 0xFF, 0xFF, 0xDF, 0xFC, 0x7F, 0xE3, 0xFF, 0x1F, 0xF8, 0xFF, 0xEF, 0xDF, 0xFC, 0x7F, 0xC1,
    0xFC, 0x00, 0x00, 0x00, 0x03, 0x80, 0xC0, 0x7C, 0x3E, 0x0F, 0xE3, 0xF0, 0x7E, 0x3F, 0x83, 0xF1,
    0xF8, 0x3F, 0x8F, 0xC1, 0xFC, 0xFE, 0x0F, 0xC7, 0xF0, 0xFE, 0x3F, 0x1F, 0xC7, 0xE1, 0xF8, 0xFC,
    0x3F, 0x8F, 0xC7, 0xF1, 0xF8, 0x7E, 0x3F, 0x0F, 0xC3, 0xE0, 0x78, 0x3E, 0x01, 0x80, 0xC0, 0x1F,
    0x00, 0x00, 0x01, 0xF8, 0x00, 0x7E, 0x3F, 0xC0, 0x07, 0xE0, 0xFE, 0x00, 0x7E, 0x07, 0xF0, 0x07,
    0xF0, 0x1F, 0x80, 0x3F, 0x00, 0x3C, 0x03, 0xF0, 0x01, 0xE0, 0x3F, 0x80, 0x0F, 0x01, 0xF8, 0x00,
    0x78, 0x1F, 0x80, 0x03, 0xC1, 0xF8, 0x00, 0x1E, 0x0F, 0xC0, 0x00, 0xF0, 0xFC, 0x00, 0x07, 0x8F,
    0xC0, 0xF0, 0x00, 0x7E, 0x0F, 0x80, 0x07, 0xE0, 0xFC, 0x00, 0x7E, 0x0F, 0xE0, 0x07, 0xF0, 0xFF,
    0x00, 0x3F, 0x0F, 0xF8, 0x03, 0xF0, 0xFB, 0xC0, 0x3F, 0x0F, 0x9E, 0x01, 0xF8, 0x7F, 0xFC, 0x1F,
    0x83, 0xFF, 0xE1, 0xF8, 0x1F, 0xFF, 0x0F, 0xC0, 0x03, 0xE0, 0xFC, 0x00, 0x1F, 0x07, 0xC0, 0x00,
    0xF8, 0x1F, 0x00, 0x00, 0x01, 0xF8, 0x00, 0x7E, 0x3F, 0xC0, 0x07, 0xE0, 0xFE, 0x00, 0x7F, 0x07,
    0xF0, 0x03, 0xF0, 0x17, 0x80, 0x3F, 0x00, 0x3C, 0x03, 0xF8, 0x01, 0xE0, 0x1F, 0x80, 0x0F, 0x01,
    0xF8, 0x00, 0x78, 0x1F, 0xC0, 0x03, 0xC1, 0xFC, 0x00, 0x1E, 0x0F, 0xC0, 0x00, 0xF0, 0xFC, 0x00,
    0x07, 0x8F, 0xE3, 0xF0, 0x00, 0x7E, 0x3F, 0xC0, 0x07, 0xE3, 0xFF, 0x00, 0x7F, 0x3F, 0xF8, 0x03,
    0xF1, 0xF7, 0xC0, 0x3F, 0x03, 0x1E, 0x03, 0xF0, 0x01, 0xF0, 0x1F, 0x80, 0x1F, 0x01, 0xF8, 0x03,
    0xF0, 0x1F, 0x80, 0x3F, 0x00, 0xFC, 0x03, 0xF0, 0x0F, 0xC0, 0x3F, 0xF8, 0xFC, 0x01, 0xFF, 0xC7,
    0xE0, 0x07, 0xFE, 0x7F, 0xC0, 0x07, 0xF0, 0xFF, 0x80, 0x0F, 0xE1, 0xFF, 0x80, 0x3F, 0x80, 0x3E,
    0x00, 0xFE, 0x01, 0xF8, 0x01, 0xF8, 0x07, 0xF0, 0x07, 0xF0, 0x0F, 0xF0, 0x1F, 0xC0, 0x1F, 0xF0,
    0x3F, 0x00, 0x13, 0xE0, 0xFE, 0x00, 0x03, 0xC3, 0xF8, 0x00, 0xCF, 0x87, 0xE0, 0x03, 0xFF, 0x1F,
    0xC0, 0x0F, 0xFC, 0x7F, 0x00, 0x0F, 0xF0, 0xFC, 0x3E, 0x00, 0x03, 0xF8, 0xFC, 0x00, 0x0F, 0xE3,
    0xF8, 0x00, 0x1F, 0x87, 0xF0, 0x00, 0x7E, 0x1F, 0xE0, 0x01, 0xFC, 0x7F, 0xC0, 0x03, 0xF1, 0xF7,
    0x80, 0x0F, 0xC7, 0xCF, 0x00, 0x3F, 0x8F, 0xFF, 0xC0, 0x7E, 0x1F, 0xFF, 0x81, 0xF8, 0x3F, 0xFF,
    0x07, 0xF0, 0x01, 0xF0, 0x0F, 0xC0, 0x03, 0xE0, 0x3F, 0x00, 0x07, 0xC0, 0x01, 0xE0, 0x00, 0xFC,
    0x00, 0x3F, 0x00, 0x0F, 0xC0, 0x03, 0xF0, 0x00, 0xFC, 0x00, 0x1E, 0x00, 0x00, 0x00, 0x00, 0x00,
    0x00, 0x38, 0x00, 0x1E, 0x00, 0x1F, 0xC0, 0x0F, 0xF0, 0x07, 0xFC, 0x03, 0xFF, 0x01, 0xFF, 0x00,
    0xFF, 0x00, 0x3F, 0x80, 0x0F, 0xE0, 0x43, 0xF0, 0x38, 0xFE, 0x1F, 0x3F, 0xDF, 0xEF, 0xFF, 0xF9,
    0xFF, 0xFC, 0x3F, 0xFE, 0x07, 0xFF, 0x00, 0xFF, 0x00, 0x00, 0x18, 0x00, 0x00, 0x03, 0xE0, 0x00,
    0x00, 0x3F, 0x80, 0x00, 0x07, 0xFC, 0x00, 0x00, 0x7F, 0xE0, 0x00, 0x01, 0xFE, 0x00, 0x00, 0x03,
    0xC0, 0x00, 0x00, 0x00, 0x00, 0x00, 0x00, 0x00, 0x00, 0x01, 0xF8, 0x00, 0x00, 0x3F, 0xC0, 0x00,
    0x03, 0xFC, 0x00, 0x00, 0x3F, 0xE0, 0x00, 0x07, 0xFE, 0x00, 0x00, 0x7F, 0xE0, 0x00, 0x0F, 0xFF,
    0x00, 0x00, 0xFF, 0xF0, 0x00, 0x0F, 0xFF, 0x80, 0x01, 0xFF, 0xF8, 0x00, 0x1F, 0xBF, 0x80, 0x03,
    0xF9, 0xFC, 0x00, 0x3F, 0x9F, 0xC0, 0x03, 0xF0, 0xFC, 0x00, 0x7F, 0x0F, 0xE0, 0x07, 0xF0, 0xFE,
    0x00, 0xFF, 0xFF, 0xF0, 0x0F, 0xFF, 0xFF, 0x00, 0xFF, 0xFF, 0xF0, 0x1F, 0xFF, 0xFF, 0x81, 0xFF,
    0xFF, 0xF8, 0x3F, 0x80, 0x3F, 0xC3, 0xF8, 0x01, 0xFC, 0x3F, 0x80, 0x1F, 0xC7, 0xF0, 0x00, 0xFE,
    0x7F, 0x00, 0x0F, 0xE0, 0x00, 0x00, 0xC0, 0x00, 0x00, 0x3C, 0x00, 0x00, 0x0F, 0xE0, 0x00, 0x03,
    0xFE, 0x00, 0x00, 0x7F, 0xE0, 0x00, 0x07, 0xF8, 0x00, 0x00, 0x3C, 0x00, 0x00, 0x00, 0x00, 0x00,
    0x00, 0x00, 0x00, 0x00, 0x01, 0xF8, 0x00, 0x00, 0x3F, 0xC0, 0x00, 0x03, 0xFC, 0x00, 0x00, 0x3F,
    0xE0, 0x00, 0x07, 0xFE, 0x00, 0x00, 0x7F, 0xE0, 0x00, 0x0F, 0xFF, 0x00, 0x00, 0xFF, 0xF0, 0x00,
    0x0F, 0xFF, 0x80, 0x01, 0xFF, 0xF8, 0x00, 0x1F, 0xBF, 0x80, 0x03, 0xF9, 0xFC, 0x00, 0x3F, 0x9F,
    0xC0, 0x03, 0xF0, 0xFC, 0x00, 0x7F, 0x0F, 0xE0, 0x07, 0xF0, 0xFE, 0x00, 0xFF, 0xFF, 0xF0, 0x0F,
    0xFF, 0xFF, 0x00, 0xFF, 0xFF, 0xF0, 0x1F, 0xFF, 0xFF, 0x81, 0xFF, 0xFF, 0xF8, 0x3F, 0x80, 0x3F,
    0xC3, 0xF8, 0x01, 0xFC, 0x3F, 0x80, 0x1F, 0xC7, 0xF0, 0x00, 0xFE, 0x7F, 0x00, 0x0F, 0xE0, 0x00,
    0x1F, 0x80, 0x00, 0x03, 0xFC, 0x00, 0x00, 0x7F, 0xE0, 0x00, 0x1F, 0xFF, 0x80, 0x01, 0xF9, 0xF8,
    0x00, 0x0E, 0x07, 0x00, 0x00, 0x00, 0x00, 0x00, 0x00, 0x00, 0x00, 0x00, 0x1F, 0x80, 0x00, 0x03,
    0xFC, 0x00, 0x00, 0x3F, 0xC0, 0x00, 0x03, 0xFE, 0x00, 0x00, 0x7F, 0xE0, 0x00, 0x07, 0xFE, 0x00,
    0x00, 0xFF, 0xF0, 0x00, 0x0F, 0xFF, 0x00, 0x00, 0xFF, 0xF8, 0x00, 0x1F, 0xFF, 0x80, 0x01, 0xFB,
    0xF8, 0x00, 0x3F, 0x9F, 0xC0, 0x03, 0xF9, 0xFC, 0x00, 0x3F, 0x0F, 0xC0, 0x07, 0xF0, 0xFE, 0x00,
    0x7F, 0x0F, 0xE0, 0x0F, 0xFF, 0xFF, 0x00, 0xFF, 0xFF, 0xF0, 0x0F, 0xFF, 0xFF, 0x01, 0xFF, 0xFF,
    0xF8, 0x1F, 0xFF, 0xFF, 0x83, 0xF8, 0x03, 0xFC, 0x3F, 0x80, 0x1F, 0xC3, 0xF8, 0x01, 0xFC, 0x7F,
    0x00, 0x0F, 0xE7, 0xF0, 0x00, 0xFE, 0x00, 0x00, 0x00, 0x00, 0x3F, 0x7C, 0x00, 0x1F, 0xFF, 0x00,
    0x0F, 0xFF, 0xC0, 0x03, 0xFF, 0xE0, 0x00, 0xF1, 0xF0, 0x00, 0x00, 0x00, 0x00, 0x00, 0x00, 0x00,
    0x00, 0x3F, 0x00, 0x00, 0x0F, 0xC0, 0x00, 0x07, 0xF8, 0x00, 0x01, 0xFE, 0x00, 0x00, 0xFF, 0xC0,
    0x00, 0x3F, 0xF0, 0x00, 0x0F, 0xFC, 0x00, 0x07, 0xFF, 0x80, 0x01, 0xFF, 0xE0, 0x00, 0xFF, 0xFC,
    0x00, 0x3F, 0x3F, 0x00, 0x0F, 0xCF, 0xC0, 0x07, 0xF3, 0xF8, 0x01, 0xF8, 0x7E, 0x00, 0xFE, 0x1F,
    0xC0, 0x3F, 0x87, 0xF0, 0x0F, 0xFF, 0xFC, 0x07, 0xFF, 0xFF, 0x81, 0xFF, 0xFF, 0xE0, 0xFF, 0xFF,
    0xFC, 0x3F, 0xFF, 0xFF, 0x0F, 0xE0, 0x1F, 0xC7, 0xF0, 0x03, 0xF9, 0xFC, 0x00, 0xFE, 0xFE, 0x00,
    0x1F, 0xFF, 0x80, 0x07, 0xF0, 0x01, 0xE0, 0xF0, 0x00, 0x7E, 0x3F, 0x00, 0x0F, 0xC7, 0xE0, 0x01,
    0xF8, 0xFC, 0x00, 0x3F, 0x1F, 0x80, 0x03, 0xC1, 0xE0, 0x00, 0x00, 0x00, 0x00, 0x00, 0x00, 0x00,
    0x00, 0x3F, 0x80, 0x00, 0x07, 0xF0, 0x00, 0x01, 0xFF, 0x00, 0x00, 0x3F, 0xE0, 0x00, 0x07, 0xFC,
    0x00, 0x01, 0xFF, 0xC0, 0x00, 0x3F, 0xF8, 0x00, 0x07, 0xFF, 0x80, 0x01, 0xFF, 0xF0, 0x00, 0x3F,
    0x7E, 0x00, 0x0F, 0xEF, 0xE0, 0x01, 0xFD, 0xFC, 0x00, 0x3F, 0x1F, 0xC0, 0x0F, 0xE3, 0xF8, 0x01,
    0xFC, 0x7F, 0x00, 0x7F, 0x07, 0xF0, 0x0F, 0xFF, 0xFE, 0x01, 0xFF, 0xFF, 0xC0, 0x7F, 0xFF, 0xFC,
    0x0F, 0xFF, 0xFF, 0x83, 0xFF, 0xFF, 0xF8, 0x7F, 0x00, 0x7F, 0x0F, 0xE0, 0x0F, 0xE3, 0xF8, 0x00,
    0xFE, 0x7F, 0x00, 0x1F, 0xCF, 0xE0, 0x03, 0xF8, 0x00, 0x1F, 0x80, 0x00, 0x03, 0xFC, 0x00, 0x00,
    0x7F, 0xE0, 0x00, 0x07, 0x9E, 0x00, 0x00, 0x70, 0xE0, 0x00, 0x07, 0x9E, 0x00, 0x00, 0x7F, 0xE0,
    0x00, 0x03, 0xFC, 0x00, 0x00, 0x3F, 0xC0, 0x00, 0x03, 0xFC, 0x00, 0x00, 0x3F, 0xC0, 0x00, 0x07,
    0xFE, 0x00, 0x00, 0x7F, 0xE0, 0x00, 0x0F, 0xFF, 0x00, 0x00, 0xFF, 0xF0, 0x00, 0x0F, 0xFF, 0x00,
    0x01, 0xFF, 0xF8, 0x00, 0x1F, 0xFF, 0x80, 0x01, 0xFF, 0xF8, 0x00, 0x3F, 0x9F, 0xC0, 0x03, 0xF9,
    0xFC, 0x00, 0x7F, 0x1F, 0xE0, 0x07, 0xF0, 0xFE, 0x00, 0x7F, 0x0F, 0xE0, 0x0F, 0xFF, 0xFF, 0x00,
    0xFF, 0xFF, 0xF0, 0x1F, 0xFF, 0xFF, 0x81, 0xFF, 0xFF, 0xF8, 0x1F, 0xFF, 0xFF, 0x83, 0xF8, 0x03,
    0xFC, 0x3F, 0x80, 0x1F, 0xC3, 0xF8, 0x01, 0xFE, 0x7F, 0x00, 0x0F, 0xE7, 0xF0, 0x00, 0xFE, 0x00,
    0x00, 0x3F, 0xFF, 0xFF, 0x00, 0x00, 0x3F, 0xFF, 0xFF, 0x00, 0x00, 0x7F, 0xFF, 0xFF, 0x00, 0x00,
    0xFF, 0xFF, 0xFF, 0x00, 0x00, 0xFF, 0xFF, 0xFF, 0x00, 0x01, 0xFF, 0xE0, 0x00, 0x00, 0x03, 0xFF,
    0xE0, 0x00, 0x00, 0x03, 0xFF, 0xE0, 0x00, 0x00, 0x07, 0xF7, 0xE0, 0x00, 0x00, 0x0F, 0xF7, 0xE0,
    0x00, 0x00, 0x1F, 0xE7, 0xFF, 0xFC, 0x00, 0x1F, 0xC7, 0xFF, 0xFC, 0x00, 0x3F, 0xC7, 0xFF, 0xFC,
    0x00, 0x7F, 0x87, 0xFF, 0xFC, 0x00, 0x7F, 0x07, 0xFF, 0xFC, 0x00, 0xFF, 0x07, 0xE0, 0x00, 0x01,
    0xFF, 0xFF, 0xE0, 0x00, 0x03, 0xFF, 0xFF, 0xE0, 0x00, 0x03, 0xFF, 0xFF, 0xE0, 0x00, 0x07, 0xFF,
    0xFF, 0xE0, 0x00, 0x0F, 0xFF, 0xFF, 0xE0, 0x00, 0x0F, 0xE0, 0x07, 0xFF, 0xFF, 0x1F, 0xE0, 0x07,
    0xFF, 0xFF, 0x3F, 0xC0, 0x07, 0xFF, 0xFF, 0x3F, 0x80, 0x07, 0xFF, 0xFF, 0x7F, 0x80, 0x07, 0xFF,
    0xFF, 0x00, 0x3F, 0x80, 0x01, 0xFF, 0xF0, 0x03, 0xFF, 0xF8, 0x0F, 0xFF, 0xFE, 0x1F, 0xFF, 0xFE,
    0x3F, 0xFF, 0xFE, 0x3F, 0xFF, 0xFC, 0x7F, 0xC0, 0xF8, 0x7F, 0x80, 0x30, 0xFF, 0x00, 0x00, 0xFE,
    0x00, 0x00, 0xFE, 0x00, 0x00, 0xFE, 0x00, 0x00, 0xFC, 0x00, 0x00, 0xFC, 0x00, 0x00, 0xFE, 0x00,
    0x00, 0xFE, 0x00, 0x00, 0xFE, 0x00, 0x00, 0xFF, 0x00, 0x00, 0x7F, 0x80, 0x38, 0x7F, 0xE0, 0xFC,
    0x3F, 0xFF, 0xFC, 0x1F, 0xFF, 0xFE, 0x0F, 0xFF, 0xFE, 0x07, 0xFF, 0xFC, 0x03, 0xFF, 0xF8, 0x00,
    0xFF, 0xE0, 0x00, 0x3C, 0x00, 0x00, 0x3F, 0x00, 0x00, 0x7F, 0x80, 0x00, 0x3F, 0x80, 0x00, 0x07,
    0x80, 0x00, 0x3F, 0x80, 0x00, 0x7F, 0x80, 0x00, 0x7F, 0x00, 0x00, 0x7C, 0x00, 0x03, 0x00, 0x00,
    0x78, 0x00, 0x1F, 0xC0, 0x03, 0xFE, 0x00, 0x7F, 0xE0, 0x03, 0xF8, 0x00, 0x0F, 0x00, 0x00, 0x00,
    0x00, 0x00, 0x1F, 0xFF, 0xFF, 0xFF, 0xFF, 0xFF, 0xFF, 0xFF, 0xFF, 0xFF, 0xFF, 0xFF, 0xFF, 0x00,
    0x07, 0xE0, 0x00, 0xFC, 0x00, 0x1F, 0x80, 0x03, 0xF0, 0x00, 0x7F, 0xFF, 0xCF, 0xFF, 0xF9, 0xFF,
    0xFF, 0x3F, 0xFF, 0xE7, 0xFF, 0xFC, 0xFE, 0x00, 0x1F, 0x80, 0x03, 0xF0, 0x00, 0x7E, 0x00, 0x0F,
    0xC0, 0x01, 0xF8, 0x00, 0x3F, 0xFF, 0xFF, 0xFF, 0xFF, 0xFF, 0xFF, 0xFF, 0xFF, 0xFF, 0xFF, 0xFF,
    0x80, 0x00, 0x18, 0x00, 0x0F, 0x80, 0x07, 0xF0, 0x03, 0xFF, 0x00, 0x7F, 0xE0, 0x0F, 0xE0, 0x01,
    0xE0, 0x00, 0x00, 0x00, 0x00, 0x00, 0x1F, 0xFF, 0xFF, 0xFF, 0xFF, 0xFF, 0xFF, 0xFF, 0xFF, 0xFF,
    0xFF, 0xFF, 0xFF, 0x00, 0x07, 0xE0, 0x00, 0xFC, 0x00, 0x1F, 0x80, 0x03, 0xF0, 0x00, 0x7F, 0xFF,
    0xCF, 0xFF, 0xF9, 0xFF, 0xFF, 0x3F, 0xFF, 0xE7, 0xFF, 0xFC, 0xFE, 0x00, 0x1F, 0x80, 0x03, 0xF0,
    0x00, 0x7E, 0x00, 0x0F, 0xC0, 0x01, 0xF8, 0x00, 0x3F, 0xFF, 0xFF, 0xFF, 0xFF, 0xFF, 0xFF, 0xFF,
    0xFF, 0xFF, 0xFF, 0xFF, 0x80, 0x01, 0xF0, 0x00, 0xFF, 0x80, 0x3F, 0xF8, 0x0F, 0xFF, 0x81, 0xFB,
    0xF0, 0x1C, 0x1C, 0x00, 0x00, 0x00, 0x00, 0x00, 0xFF, 0xFF, 0xFF, 0xFF, 0xFF, 0xFF, 0xFF, 0xFF,
    0xFF, 0xFF, 0xFF, 0xFF, 0xF8, 0x00, 0x3F, 0x00, 0x07, 0xE0, 0x00, 0xFC, 0x00, 0x1F, 0x80, 0x03,
    0xFF, 0xFE, 0x7F, 0xFF, 0xCF, 0xFF, 0xF9, 0xFF, 0xFF, 0x3F, 0xFF, 0xE7, 0xF0, 0x00, 0xFC, 0x00,
    0x1F, 0x80, 0x03, 0xF0, 0x00, 0x7E, 0x00, 0x0F, 0xC0, 0x01, 0xFF, 0xFF, 0xFF, 0xFF, 0xFF, 0xFF,
    0xFF, 0xFF, 0xFF, 0xFF, 0xFF, 0xFC, 0x1E, 0x0F, 0x07, 0xE3, 0xF0, 0xFC, 0x7E, 0x1F, 0x8F, 0xC3,
    0xF1, 0xF8, 0x3C, 0x1E, 0x00, 0x00, 0x00, 0x00, 0x00, 0xFF, 0xFF, 0xFF, 0xFF, 0xFF, 0xFF, 0xFF,
    0xFF, 0xFF, 0xFF, 0xFF, 0xFF, 0xF8, 0x00, 0x3F, 0x00, 0x07, 0xE0, 0x00, 0xFC, 0x00, 0x1F, 0x80,
    0x03, 0xFF, 0xFE, 0x7F, 0xFF, 0xCF, 0xFF, 0xF9, 0xFF, 0xFF, 0x3F, 0xFF, 0xE7, 0xF0, 0x00, 0xFC,
    0x00, 0x1F, 0x80, 0x03, 0xF0, 0x00, 0x7E, 0x00, 0x0F, 0xC0, 0x01, 0xFF, 0xFF, 0xFF, 0xFF, 0xFF,
    0xFF, 0xFF, 0xFF, 0xFF, 0xFF, 0xFF, 0xFC, 0x06, 0x00, 0x1F, 0x00, 0x3F, 0x00, 0xFF, 0x81, 0xFF,
    0x80, 0xFF, 0x00, 0x3C, 0x00, 0x00, 0x00, 0x01, 0xFF, 0xFF, 0xFF, 0xFF, 0xFF, 0xFF, 0xFF, 0xFF,
    0xFF, 0xC1, 0xF8, 0x03, 0xF0, 0x07, 0xE0, 0x0F, 0xC0, 0x1F, 0x80, 0x3F, 0x00, 0x7E, 0x00, 0xFC,
    0x01, 0xF8, 0x03, 0xF0, 0x07, 0xE0, 0x0F, 0xC0, 0x1F, 0x80, 0x3F, 0x00, 0x7E, 0x00, 0xFC, 0x3F,
    0xFF, 0xFF, 0xFF, 0xFF, 0xFF, 0xFF, 0xFF, 0xFF, 0xF8, 0x00, 0x70, 0x01, 0xE0, 0x0F, 0xC0, 0x7F,
    0xC1, 0xFF, 0x83, 0xFC, 0x03, 0xC0, 0x00, 0x00, 0x00, 0x01, 0xFF, 0xFF, 0xFF, 0xFF, 0xFF, 0xFF,
    0xFF, 0xFF, 0xFF, 0xC1, 0xF8, 0x03, 0xF0, 0x07, 0xE0, 0x0F, 0xC0, 0x1F, 0x80, 0x3F, 0x00, 0x7E,
    0x00, 0xFC, 0x01, 0xF8, 0x03, 0xF0, 0x07, 0xE0, 0x0F, 0xC0, 0x1F, 0x80, 0x3F, 0x00, 0x7E, 0x00,
    0xFC, 0x3F, 0xFF, 0xFF, 0xFF, 0xFF, 0xFF, 0xFF, 0xFF, 0xFF, 0xF8, 0x07, 0xE0, 0x1F, 0xE0, 0xFF,
    0xE3, 0xFF, 0xE7, 0xE7, 0xC7, 0x03, 0x00, 0x00, 0x00, 0x00, 0xFF, 0xFF, 0xFF, 0xFF, 0xFF, 0xFF,
    0xFF, 0xFF, 0xFF, 0xE0, 0xFC, 0x01, 0xF8, 0x03, 0xF0, 0x07, 0xE0, 0x0F, 0xC0, 0x1F, 0x80, 0x3F,
    0x00, 0x7E, 0x00, 0xFC, 0x01, 0xF8, 0x03, 0xF0, 0x07, 0xE0, 0x0F, 0xC0, 0x1F, 0x80, 0x3F, 0x00,
    0x7E, 0x1F, 0xFF, 0xFF, 0xFF, 0xFF, 0xFF, 0xFF, 0xFF, 0xFF, 0xFC, 0x78, 0x3C, 0xFC, 0x7E, 0xFC,
    0x7E, 0xFC, 0x7E, 0xFC, 0x7E, 0x78, 0x3C, 0x00, 0x00, 0x00, 0x00, 0xFF, 0xFE, 0xFF, 0xFE, 0xFF,
    0xFE, 0xFF, 0xFE, 0xFF, 0xFE, 0x07, 0xE0, 0x07, 0xE0, 0x07, 0xE0, 0x07, 0xE0, 0x07, 0xE0, 0x07,
    0xE0, 0x07, 0xE0, 0x07, 0xE0, 0x07, 0xE0, 0x07, 0xE0, 0x07, 0xE0, 0x07, 0xE0, 0x07, 0xE0, 0x07,
    0xE0, 0x07, 0xE0, 0x07, 0xE0, 0xFF, 0xFE, 0xFF, 0xFE, 0xFF, 0xFE, 0xFF, 0xFE, 0xFF, 0xFE, 0x3F,
    0xFF, 0xC0, 0x0F, 0xFF, 0xFC, 0x03, 0xFF, 0xFF, 0xC0, 0xFF, 0xFF, 0xF8, 0x3F, 0xFF, 0xFF, 0x0F,
    0xE0, 0xFF, 0xC3, 0xF0, 0x07, 0xF8, 0xFC, 0x00, 0xFE, 0x3F, 0x00, 0x3F, 0xCF, 0xC0, 0x07, 0xF3,
    0xF0, 0x01, 0xFF, 0xFF, 0xE0, 0x7F, 0xFF, 0xF8, 0x0F, 0xFF, 0xFE, 0x03, 0xFF, 0xFF, 0x81, 0xFC,
    0xFC, 0x00, 0x7F, 0x3F, 0x00, 0x1F, 0xCF, 0xC0, 0x0F, 0xF3, 0xF0, 0x03, 0xF8, 0xFC, 0x01, 0xFE,
    0x3F, 0x83, 0xFF, 0x0F, 0xFF, 0xFF, 0xC3, 0xFF, 0xFF, 0xE0, 0xFF, 0xFF, 0xF0, 0x3F, 0xFF, 0xF0,
    0x0F, 0xFF, 0xF0, 0x00, 0x00, 0x00, 0x00, 0x01, 0xFB, 0xE0, 0x03, 0xFF, 0xE0, 0x07, 0xFF, 0xE0,
    0x07, 0xFF, 0xC0, 0x07, 0x8F, 0x80, 0x00, 0x00, 0x00, 0x00, 0x00, 0x00, 0xFE, 0x00, 0x3F, 0xFE,
    0x00, 0x3F, 0xFF, 0x00, 0x3F, 0xFF, 0x80, 0x3F, 0xFF, 0xC0, 0x3F, 0xFF, 0xC0, 0x3F, 0xFF, 0xE0,
    0x3F, 0xFF, 0xF0, 0x3F, 0xFF, 0xF8, 0x3F, 0xFF, 0xF8, 0x3F, 0xFF, 0xFC, 0x3F, 0xFD, 0xFE, 0x3F,
    0xFC, 0xFE, 0x3F, 0xFC, 0xFF, 0x3F, 0xFC, 0x7F, 0xBF, 0xFC, 0x3F, 0xFF, 0xFC, 0x1F, 0xFF, 0xFC,
    0x1F, 0xFF, 0xFC, 0x0F, 0xFF, 0xFC, 0x07, 0xFF, 0xFC, 0x03, 0xFF, 0xFC, 0x03, 0xFF, 0xFC, 0x01,
    0xFF, 0xFC, 0x00, 0xFF, 0xFC, 0x00, 0x7F, 0xFC, 0x00, 0x7F, 0x00, 0x30, 0x00, 0x00, 0x07, 0x80,
    0x00, 0x01, 0xFC, 0x00, 0x00, 0x3F, 0xE0, 0x00, 0x0F, 0xFE, 0x00, 0x00, 0x3F, 0xC0, 0x00, 0x00,
    0xF0, 0x00, 0x00, 0x00, 0x00, 0x00, 0x3F, 0x80, 0x00, 0x3F, 0xFE, 0x00, 0x1F, 0xFF, 0xF0, 0x07,
    0xFF, 0xFF, 0x01, 0xFF, 0xFF, 0xF0, 0x7F, 0xFF, 0xFF, 0x0F, 0xFF, 0xFF, 0xE3, 0xFE, 0x03, 0xFE,
    0x7F, 0x80, 0x3F, 0xDF, 0xE0, 0x03, 0xFF, 0xF8, 0x00, 0x3F, 0xFF, 0x00, 0x07, 0xFF, 0xE0, 0x00,
    0xFF, 0xF8, 0x00, 0x0F, 0xFF, 0x00, 0x01, 0xFF, 0xF0, 0x00, 0x7F, 0xFE, 0x00, 0x0F, 0xFF, 0xC0,
    0x01, 0xFF, 0xFC, 0x00, 0x7F, 0xBF, 0xC0, 0x1F, 0xE7, 0xFF, 0x1F, 0xFC, 0x7F, 0xFF, 0xFF, 0x07,
    0xFF, 0xFF, 0xC0, 0x7F, 0xFF, 0xF0, 0x07, 0xFF, 0xFC, 0x00, 0x7F, 0xFF, 0x00, 0x03, 0xFF, 0x80,
    0x00, 0x00, 0x01, 0x80, 0x00, 0x00, 0xF8, 0x00, 0x00, 0x7F, 0x00, 0x00, 0x3F, 0xF0, 0x00, 0x0F,
    0xFE, 0x00, 0x00, 0xFF, 0x00, 0x00, 0x1F, 0x00, 0x00, 0x01, 0x00, 0x00, 0x00, 0x3F, 0x80, 0x00,
    0x3F, 0xFE, 0x00, 0x1F, 0xFF, 0xF0, 0x07, 0xFF, 0xFF, 0x01, 0xFF, 0xFF, 0xF0, 0x7F, 0xFF, 0xFF,
    0x0F, 0xFF, 0xFF, 0xE3, 0xFE, 0x03, 0xFE, 0x7F, 0x80, 0x3F, 0xDF, 0xE0, 0x03, 0xFF, 0xF8, 0x00,
    0x3F, 0xFF, 0x00, 0x07, 0xFF, 0xE0, 0x00, 0xFF, 0xF8, 0x00, 0x0F, 0xFF, 0x00, 0x01, 0xFF, 0xF0,
    0x00, 0x7F, 0xFE, 0x00, 0x0F, 0xFF, 0xC0, 0x01, 0xFF, 0xFC, 0x00, 0x7F, 0xBF, 0xC0, 0x1F, 0xE7,
    0xFF, 0x1F, 0xFC, 0x7F, 0xFF, 0xFF, 0x07, 0xFF, 0xFF, 0xC0, 0x7F, 0xFF, 0xF0, 0x07, 0xFF, 0xFC,
    0x00, 0x7F, 0xFF, 0x00, 0x03, 0xFF, 0x80, 0x00, 0x00, 0x3F, 0x80, 0x00, 0x0F, 0xF8, 0x00, 0x07,
    0xFF, 0xC0, 0x01, 0xFF, 0xFC, 0x00, 0x1F, 0x1F, 0x00, 0x01, 0x80, 0xC0, 0x00, 0x00, 0x00, 0x00,
    0x01, 0xFC, 0x00, 0x01, 0xFF, 0xF0, 0x00, 0xFF, 0xFF, 0x80, 0x3F, 0xFF, 0xF8, 0x0F, 0xFF, 0xFF,
    0x83, 0xFF, 0xFF, 0xF8, 0x7F, 0xFF, 0xFF, 0x1F, 0xF0, 0x1F, 0xF3, 0xFC, 0x01, 0xFE, 0xFF, 0x00,
    0x1F, 0xFF, 0xC0, 0x01, 0xFF, 0xF8, 0x00, 0x3F, 0xFF, 0x00, 0x07, 0xFF, 0xC0, 0x00, 0x7F, 0xF8,
    0x00, 0x0F, 0xFF, 0x80, 0x03, 0xFF, 0xF0, 0x00, 0x7F, 0xFE, 0x00, 0x0F, 0xFF, 0xE0, 0x03, 0xFD,
    0xFE, 0x00, 0xFF, 0x3F, 0xF8, 0xFF, 0xE3, 0xFF, 0xFF, 0xF8, 0x3F, 0xFF, 0xFE, 0x03, 0xFF, 0xFF,
    0x80, 0x3F, 0xFF, 0xE0, 0x03, 0xFF, 0xF8, 0x00, 0x1F, 0xFC, 0x00, 0x00, 0x00, 0x00, 0x00, 0x1F,
    0xDF, 0x00, 0x07, 0xFF, 0xE0, 0x01, 0xFF, 0xFC, 0x00, 0x3F, 0xFF, 0x00, 0x07, 0x8F, 0xC0, 0x00,
    0x00, 0x00, 0x00, 0x00, 0x00, 0x00, 0x00, 0x3F, 0x80, 0x00, 0x3F, 0xFE, 0x00, 0x1F, 0xFF, 0xF0,
    0x07, 0xFF, 0xFF, 0x01, 0xFF, 0xFF, 0xF0, 0x7F, 0xFF, 0xFF, 0x0F, 0xFF, 0xFF, 0xE3, 0xFE, 0x03,
    0xFE, 0x7F, 0x80, 0x3F, 0xDF, 0xE0, 0x03, 0xFF, 0xF8, 0x00, 0x3F, 0xFF, 0x00, 0x07, 0xFF, 0xE0,
    0x00, 0xFF, 0xF8, 0x00, 0x0F, 0xFF, 0x00, 0x01, 0xFF, 0xF0, 0x00, 0x7F, 0xFE, 0x00, 0x0F, 0xFF,
    0xC0, 0x01, 0xFF, 0xFC, 0x00, 0x7F, 0xBF, 0xC0, 0x1F, 0xE7, 0xFF, 0x1F, 0xFC, 0x7F, 0xFF, 0xFF,
    0x07, 0xFF, 0xFF, 0xC0, 0x7F, 0xFF, 0xF0, 0x07, 0xFF, 0xFC, 0x00, 0x7F, 0xFF, 0x00, 0x03, 0xFF,
    0x80, 0x00, 0x01, 0xE0, 0xF0, 0x00, 0x7E, 0x3F, 0x00, 0x0F, 0xC7, 0xE0, 0x01, 0xF8, 0xFC, 0x00,
    0x3F, 0x1F, 0x80, 0x03, 0xC1, 0xE0, 0x00, 0x00, 0x00, 0x00, 0x01, 0xFC, 0x00, 0x01, 0xFF, 0xF0,
    0x00, 0xFF, 0xFF, 0x80, 0x3F, 0xFF, 0xF8, 0x0F, 0xFF, 0xFF, 0x83, 0xFF, 0xFF, 0xF8, 0x7F, 0xFF,
    0xFF, 0x1F, 0xF0, 0x1F, 0xF3, 0xFC, 0x01, 0xFE, 0xFF, 0x00, 0x1F, 0xFF, 0xC0, 0x01, 0xFF, 0xF8,
    0x00, 0x3F, 0xFF, 0x00, 0x07, 0xFF, 0xC0, 0x00, 0x7F, 0xF8, 0x00, 0x0F, 0xFF, 0x80, 0x03, 0xFF,
    0xF0, 0x00, 0x7F, 0xFE, 0x00, 0x0F, 0xFF, 0xE0, 0x03, 0xFD, 0xFE, 0x00, 0xFF, 0x3F, 0xF8, 0xFF,
    0xE3, 0xFF, 0xFF, 0xF8, 0x3F, 0xFF, 0xFE, 0x03, 0xFF, 0xFF, 0x80, 0x3F, 0xFF, 0xE0, 0x03, 0xFF,
    0xF8, 0x00, 0x1F, 0xFC, 0x00, 0x18, 0x06, 0x0F, 0x03, 0xC7, 0xE1, 0xFB, 0xFC, 0xFF, 0x7F, 0xFF,
    0x8F, 0xFF, 0xC1, 0xFF, 0xE0, 0x3F, 0xF0, 0x07, 0xF8, 0x03, 0xFF, 0x01, 0xFF, 0xE0, 0xFF, 0xFC,
    0x7F, 0xFF, 0xBF, 0xCF, 0xF7, 0xE1, 0xF8, 0xF0, 0x3C, 0x18, 0x06, 0x00, 0x00, 0x00, 0x00, 0x00,
    0x01, 0x00, 0x07, 0xF0, 0x70, 0x07, 0xFF, 0xDF, 0x03, 0xFF, 0xFF, 0xC0, 0xFF, 0xFF, 0xF0, 0x3F,
    0xFF, 0xFE, 0x0F, 0xFF, 0xFF, 0xE1, 0xFF, 0xFF, 0xFC, 0x7F, 0xC0, 0xFF, 0xCF, 0xF0, 0x1F, 0xFB,
    0xFC, 0x07, 0xFF, 0xFF, 0x01, 0xF7, 0xFF, 0xE0, 0x7C, 0xFF, 0xFC, 0x1F, 0x1F, 0xFF, 0x07, 0xC1,
    0xFF, 0xE0, 0xF0, 0x3F, 0xFE, 0x3E, 0x0F, 0xFF, 0xCF, 0x81, 0xFF, 0xFB, 0xE0, 0x3F, 0xFF, 0xF8,
    0x0F, 0xF7, 0xFE, 0x03, 0xFC, 0xFF, 0xE3, 0xFF, 0x8F, 0xFF, 0xFF, 0xE0, 0xFF, 0xFF, 0xF8, 0x1F,
    0xFF, 0xFE, 0x07, 0xFF, 0xFF, 0x81, 0xFF, 0xFF, 0xE0, 0x3C, 0x7F, 0xF0, 0x03, 0x80, 0x00, 0x00,
    0x00, 0x00, 0x00, 0x00, 0x00, 0xC0, 0x00, 0x03, 0xE0, 0x00, 0x07, 0xE0, 0x00, 0x1F, 0xF0, 0x00,
    0x3F, 0xF0, 0x00, 0x1F, 0xE0, 0x00, 0x07, 0x80, 0x00, 0x00, 0x00, 0x00, 0x00, 0x01, 0xF8, 0x01,
    0xFB, 0xF0, 0x03, 0xF7, 0xE0, 0x07, 0xEF, 0xC0, 0x0F, 0xDF, 0x80, 0x1F, 0xBF, 0x00, 0x3F, 0x7E,
    0x00, 0x7E, 0xFC, 0x00, 0xFD, 0xF8, 0x01, 0xFB, 0xF0, 0x03, 0xF7, 0xE0, 0x07, 0xEF, 0xC0, 0x0F,
    0xDF, 0x80, 0x1F, 0xBF, 0x00, 0x3F, 0x7E, 0x00, 0x7E, 0xFC, 0x00, 0xFD, 0xFC, 0x01, 0xFB, 0xF8,
    0x07, 0xF7, 0xF0, 0x0F, 0xEF, 0xF0, 0x3F, 0xCF, 0xF9, 0xFF, 0x1F, 0xFF, 0xFE, 0x1F, 0xFF, 0xF8,
    0x1F, 0xFF, 0xE0, 0x1F, 0xFF, 0x80, 0x0F, 0xFC, 0x00, 0x00, 0x0E, 0x00, 0x00, 0x3C, 0x00, 0x01,
    0xFC, 0x00, 0x0F, 0xF8, 0x00, 0x3F, 0xF0, 0x00, 0x7F, 0x80, 0x00, 0x78, 0x00, 0x00, 0x00, 0x00,
    0x00, 0x00, 0x01, 0xF8, 0x01, 0xFB, 0xF0, 0x03, 0xF7, 0xE0, 0x07, 0xEF, 0xC0, 0x0F, 0xDF, 0x80,
    0x1F, 0xBF, 0x00, 0x3F, 0x7E, 0x00, 0x7E, 0xFC, 0x00, 0xFD, 0xF8, 0x01, 0xFB, 0xF0, 0x03, 0xF7,
    0xE0, 0x07, 0xEF, 0xC0, 0x0F, 0xDF, 0x80, 0x1F, 0xBF, 0x00, 0x3F, 0x7E, 0x00, 0x7E, 0xFC, 0x00,
    0xFD, 0xFC, 0x01, 0xFB, 0xF8, 0x07, 0xF7, 0xF0, 0x0F, 0xEF, 0xF0, 0x3F, 0xCF, 0xF9, 0xFF, 0x1F,
    0xFF, 0xFE, 0x1F, 0xFF, 0xF8, 0x1F, 0xFF, 0xE0, 0x1F, 0xFF, 0x80, 0x0F, 0xFC, 0x00, 0x00, 0xFC,
    0x00, 0x03, 0xFC, 0x00, 0x1F, 0xFC, 0x00, 0x7F, 0xFE, 0x00, 0xFC, 0xFC, 0x00, 0xE0, 0x70, 0x00,
    0x00, 0x00, 0x00, 0x00, 0x00, 0xFC, 0x00, 0xFD, 0xF8, 0x01, 0xFB, 0xF0, 0x03, 0xF7, 0xE0, 0x07,
    0xEF, 0xC0, 0x0F, 0xDF, 0x80, 0x1F, 0xBF, 0x00, 0x3F, 0x7E, 0x00, 0x7E, 0xFC, 0x00, 0xFD, 0xF8,
    0x01, 0xFB, 0xF0, 0x03, 0xF7, 0xE0, 0x07, 0xEF, 0xC0, 0x0F, 0xDF, 0x80, 0x1F, 0xBF, 0x00, 0x3F,
    0x7E, 0x00, 0x7E, 0xFE, 0x00, 0xFD, 0xFC, 0x03, 0xFB, 0xF8, 0x07, 0xF7, 0xF8, 0x1F, 0xE7, 0xFC,
    0xFF, 0x8F, 0xFF, 0xFF, 0x0F, 0xFF, 0xFC, 0x0F, 0xFF, 0xF0, 0x0F, 0xFF, 0xC0, 0x07, 0xFE, 0x00,
    0x07, 0x83, 0xC0, 0x1F, 0x8F, 0xC0, 0x3F, 0x1F, 0x80, 0x7E, 0x3F, 0x00, 0xFC, 0x7E, 0x00, 0xF0,
    0x78, 0x00, 0x00, 0x00, 0x00, 0x00, 0x00, 0xFC, 0x00, 0xFD, 0xF8, 0x01, 0xFB, 0xF0, 0x03, 0xF7,
    0xE0, 0x07, 0xEF, 0xC0, 0x0F, 0xDF, 0x80, 0x1F, 0xBF, 0x00, 0x3F, 0x7E, 0x00, 0x7E, 0xFC, 0x00,
    0xFD, 0xF8, 0x01, 0xFB, 0xF0, 0x03, 0xF7, 0xE0, 0x07, 0xEF, 0xC0, 0x0F, 0xDF, 0x80, 0x1F, 0xBF,
    0x00, 0x3F, 0x7E, 0x00, 0x7E, 0xFE, 0x00, 0xFD, 0xFC, 0x03, 0xFB, 0xF8, 0x07, 0xF7, 0xF8, 0x1F,
    0xE7, 0xFC, 0xFF, 0x8F, 0xFF, 0xFF, 0x0F, 0xFF, 0xFC, 0x0F, 0xFF, 0xF0, 0x0F, 0xFF, 0xC0, 0x07,
    0xFE, 0x00, 0x00, 0x01, 0x80, 0x00, 0x00, 0xF8, 0x00, 0x00, 0x3F, 0x00, 0x00, 0x1F, 0xF0, 0x00,
    0x07, 0xFE, 0x00, 0x00, 0xFF, 0x00, 0x00, 0x0F, 0x00, 0x00, 0x00, 0x00, 0x00, 0x00, 0x00, 0x00,
    0x0F, 0xF0, 0x03, 0xFD, 0xFE, 0x00, 0xFF, 0x1F, 0xE0, 0x1F, 0xC1, 0xFE, 0x07, 0xF8, 0x3F, 0xC1,
    0xFE, 0x03, 0xFC, 0x3F, 0x80, 0x3F, 0xCF, 0xF0, 0x03, 0xF9, 0xFC, 0x00, 0x7F, 0xFF, 0x00, 0x07,
    0xFF, 0xE0, 0x00, 0x7F, 0xF8, 0x00, 0x0F, 0xFE, 0x00, 0x00, 0xFF, 0xC0, 0x00, 0x0F, 0xF0, 0x00,
    0x00, 0xFE, 0x00, 0x00, 0x1F, 0x80, 0x00, 0x03, 0xF0, 0x00, 0x00, 0x7E, 0x00, 0x00, 0x0F, 0xC0,
    0x00, 0x01, 0xF8, 0x00, 0x00, 0x3F, 0x00, 0x00, 0x07, 0xE0, 0x00, 0x00, 0xFC, 0x00, 0x00, 0x1F,
    0x80, 0x00, 0x03, 0xF0, 0x00, 0x00, 0x7E, 0x00, 0x00, 0xFC, 0x00, 0x0F, 0xC0, 0x00, 0xFC, 0x00,
    0x0F, 0xC0, 0x00, 0xFC, 0x00, 0x0F, 0xFF, 0xE0, 0xFF, 0xFF, 0x8F, 0xFF, 0xFC, 0xFF, 0xFF, 0xEF,
    0xFF, 0xFF, 0xFC, 0x0F, 0xFF, 0xC0, 0x7F, 0xFC, 0x07, 0xFF, 0xC0, 0x7F, 0xFC, 0x07, 0xFF, 0xC1,
    0xFF, 0xFF, 0xFF, 0xFF, 0xFF, 0xFE, 0xFF, 0xFF, 0xCF, 0xFF, 0xF8, 0xFF, 0xFE, 0x0F, 0xC0, 0x00,
    0xFC, 0x00, 0x0F, 0xC0, 0x00, 0xFC, 0x00, 0x0F, 0xC0, 0x00, 0x00, 0x00, 0x00, 0x00, 0xFF, 0x80,
    0x03, 0xFF, 0xE0, 0x07, 0xFF, 0xF0, 0x0F, 0xFF, 0xF8, 0x0F, 0xFF, 0xF8, 0x1F, 0xE7, 0xF8, 0x1F,
    0xC3, 0xF8, 0x1F, 0xC1, 0xF8, 0xFF, 0x83, 0xF8, 0xFF, 0x87, 0xF0, 0xFF, 0x8F, 0xE0, 0xFF, 0x8F,
    0xE0, 0xFF, 0x8F, 0xF8, 0x1F, 0x8F, 0xF8, 0x1F, 0x87, 0xFC, 0x1F, 0x81, 0xFE, 0x1F, 0x80, 0xFE,
    0x1F, 0x80, 0xFE, 0x1F, 0x80, 0x7E, 0x1F, 0x80, 0x7E, 0x1F, 0x80, 0xFE, 0x1F, 0x8D, 0xFE, 0x1F,
    0x9F, 0xFE, 0x1F, 0x9F, 0xFC, 0x1F, 0xBF, 0xF8, 0x1F, 0xBF, 0xF0, 0x1F, 0x9F, 0xE0, 0x00, 0x80,
    0x00, 0x0F, 0x00, 0x00, 0x7C, 0x00, 0x07, 0xF0, 0x00, 0x3F, 0xC0, 0x00, 0x7F, 0x00, 0x01, 0xF8,
    0x00, 0x03, 0x80, 0x00, 0x00, 0x00, 0x00, 0x00, 0x01, 0xFE, 0x7E, 0x3F, 0xFB, 0xF3, 0xFF, 0xFF,
    0x9F, 0xFF, 0xFD, 0xFF, 0xFF, 0xFF, 0xFB, 0xFF, 0xFF, 0x07, 0xFF, 0xF0, 0x1F, 0xFF, 0x80, 0xFF,
    0xF8, 0x03, 0xFF, 0xC0, 0x1F, 0xFF, 0x01, 0xFF, 0xF8, 0x0F, 0xFF, 0xE0, 0xFF, 0xFF, 0xDF, 0xFB,
    0xFF, 0xFF, 0xCF, 0xFF, 0xFE, 0x7F, 0xFF, 0xF1, 0xFF, 0xDF, 0x83, 0xFC, 0xFC, 0x00, 0x0C, 0x00,
    0x00, 0xE0, 0x00, 0x0F, 0x80, 0x00, 0xFE, 0x00, 0x1F, 0xF0, 0x01, 0xFE, 0x00, 0x07, 0xC0, 0x00,
    0x38, 0x00, 0x00, 0x00, 0x00, 0x00, 0x00, 0x01, 0xFE, 0x7E, 0x3F, 0xFB, 0xF3, 0xFF, 0xFF, 0x9F,
    0xFF, 0xFD, 0xFF, 0xFF, 0xFF, 0xFB, 0xFF, 0xFF, 0x07, 0xFF, 0xF0, 0x1F, 0xFF, 0x80, 0xFF, 0xF8,
    0x03, 0xFF, 0xC0, 0x1F, 0xFF, 0x01, 0xFF, 0xF8, 0x0F, 0xFF, 0xE0, 0xFF, 0xFF, 0xDF, 0xFB, 0xFF,
    0xFF, 0xCF, 0xFF, 0xFE, 0x7F, 0xFF, 0xF1, 0xFF, 0xDF, 0x83, 0xFC, 0xFC, 0x00, 0xFC, 0x00, 0x0F,
    0xF0, 0x00, 0xFF, 0xE0, 0x0F, 0xFF, 0x80, 0xFC, 0xFE, 0x03, 0x81, 0xE0, 0x08, 0x06, 0x00, 0x00,
    0x00, 0x00, 0x00, 0x00, 0x3F, 0xCF, 0xC7, 0xFF, 0x7E, 0x7F, 0xFF, 0xF3, 0xFF, 0xFF, 0xBF, 0xFF,
    0xFF, 0xFF, 0x7F, 0xFF, 0xE0, 0xFF, 0xFE, 0x03, 0xFF, 0xF0, 0x1F, 0xFF, 0x00, 0x7F, 0xF8, 0x03,
    0xFF, 0xE0, 0x3F, 0xFF, 0x01, 0xFF, 0xFC, 0x1F, 0xFF, 0xFB, 0xFF, 0x7F, 0xFF, 0xF9, 0xFF, 0xFF,
    0xCF, 0xFF, 0xFE, 0x3F, 0xFB, 0xF0, 0x7F, 0x9F, 0x80, 0x03, 0xE3, 0xC0, 0x3F, 0x9E, 0x01, 0xFF,
    0xF0, 0x1F, 0xFF, 0x80, 0xFB, 0xF8, 0x07, 0x8F, 0xC0, 0x04, 0x38, 0x00, 0x00, 0x00, 0x00, 0x00,
    0x00, 0x3F, 0xCF, 0xC7, 0xFF, 0x7E, 0x7F, 0xFF, 0xF3, 0xFF, 0xFF, 0xBF, 0xFF, 0xFF, 0xFF, 0x7F,
    0xFF, 0xE0, 0xFF, 0xFE, 0x03, 0xFF, 0xF0, 0x1F, 0xFF, 0x00, 0x7F, 0xF8, 0x03, 0xFF, 0xE0, 0x3F,
    0xFF, 0x01, 0xFF, 0xFC, 0x1F, 0xFF, 0xFB, 0xFF, 0x7F, 0xFF, 0xF9, 0xFF, 0xFF, 0xCF, 0xFF, 0xFE,
    0x3F, 0xFB, 0xF0, 0x7F, 0x9F, 0x80, 0x07, 0x83, 0xC0, 0x7E, 0x3F, 0x03, 0xF1, 0xF8, 0x1F, 0x8F,
    0xC0, 0xFC, 0x7E, 0x03, 0xC1, 0xE0, 0x00, 0x00, 0x00, 0x00, 0x00, 0x00, 0x00, 0x00, 0x00, 0x00,
    0x01, 0xFE, 0x7E, 0x3F, 0xFB, 0xF3, 0xFF, 0xFF, 0x9F, 0xFF, 0xFD, 0xFF, 0xFF, 0xFF, 0xFB, 0xFF,
    0xFF, 0x07, 0xFF, 0xF0, 0x1F, 0xFF, 0x80, 0xFF, 0xF8, 0x03, 0xFF, 0xC0, 0x1F, 0xFF, 0x01, 0xFF,
    0xF8, 0x0F, 0xFF, 0xE0, 0xFF, 0xFF, 0xDF, 0xFB, 0xFF, 0xFF, 0xCF, 0xFF, 0xFE, 0x7F, 0xFF, 0xF1,
    0xFF, 0xDF, 0x83, 0xFC, 0xFC, 0x00, 0x7C, 0x00, 0x07, 0xF0, 0x00, 0x7F, 0xC0, 0x03, 0xDE, 0x00,
    0x1E, 0xF0, 0x00, 0xFF, 0x80, 0x03, 0xF8, 0x00, 0x0F, 0x80, 0x00, 0x00, 0x00, 0x00, 0x00, 0x00,
    0x00, 0x00, 0x0F, 0xF3, 0xF0, 0xFF, 0xFF, 0x9F, 0xFF, 0xFC, 0xFF, 0xFF, 0xEF, 0xFF, 0xFF, 0xFF,
    0xDF, 0xFF, 0xF8, 0x3F, 0xFF, 0x80, 0xFF, 0xFC, 0x07, 0xFF, 0xC0, 0x1F, 0xFE, 0x00, 0xFF, 0xF8,
    0x0F, 0xFF, 0xC0, 0x7F, 0xFF, 0x07, 0xFF, 0xFE, 0xFF, 0xDF, 0xFF, 0xFE, 0x7F, 0xFF, 0xF3, 0xFF,
    0xFF, 0x8F, 0xFF, 0xFC, 0x1F, 0xE7, 0xE0, 0x07, 0xFC, 0x3F, 0xE0, 0x0F, 0xFF, 0x7F, 0xFC, 0x0F,
    0xFF, 0xFF, 0xFF, 0x0F, 0xFF, 0xFF, 0xFF, 0xC7, 0xFF, 0xFF, 0xFF, 0xE1, 0xF9, 0xFF, 0xCF, 0xF8,
    0x60, 0x7F, 0x81, 0xFC, 0x00, 0x1F, 0x80, 0x7E, 0x1F, 0xFF, 0xFF, 0xFF, 0x1F, 0xFF, 0xFF, 0xFF,
    0x9F, 0xFF, 0xFF, 0xFF, 0xDF, 0xE1, 0xF8, 0x00, 0x0F, 0xE0, 0xFC, 0x00, 0x07, 0xE0, 0x7F, 0x00,
    0x43, 0xF8, 0x7F, 0xF1, 0xF1, 0xFE, 0xFF, 0xFF, 0xFC, 0xFF, 0xFF, 0xFF, 0xFE, 0x3F, 0xFE, 0xFF,
    0xFF, 0x8F, 0xFE, 0x3F, 0xFF, 0x03, 0xFC, 0x07, 0xFE, 0x00, 0x03, 0xFE, 0x01, 0xFF, 0xF0, 0x7F,
    0xFF, 0x1F, 0xFF, 0xF7, 0xFF, 0xFC, 0xFF, 0x9F, 0x3F, 0xC0, 0xC7, 0xF0, 0x00, 0xFE, 0x00, 0x1F,
    0x80, 0x03, 0xF0, 0x00, 0x7F, 0x00, 0x0F, 0xE0, 0x01, 0xFE, 0x06, 0x1F, 0xF7, 0xE3, 0xFF, 0xFE,
    0x3F, 0xFF, 0xC3, 0xFF, 0xF8, 0x3F, 0xFE, 0x01, 0xFF, 0x00, 0x1E, 0x00, 0x03, 0xE0, 0x00, 0xFE,
    0x00, 0x0F, 0xE0, 0x00, 0x7C, 0x00, 0x3F, 0x80, 0x0F, 0xF0, 0x01, 0xFC, 0x00, 0x3E, 0x00, 0x01,
    0x00, 0x00, 0x3C, 0x00, 0x03, 0xE0, 0x00, 0x7F, 0x00, 0x07, 0xF8, 0x00, 0x1F, 0xC0, 0x00, 0xFC,
    0x00, 0x03, 0x80, 0x00, 0x00, 0x00, 0x00, 0x00, 0x03, 0xFE, 0x00, 0xFF, 0xF0, 0x1F, 0xFF, 0xC3,
    0xFF, 0xFC, 0x7F, 0xFF, 0xE7, 0xFD, 0xFF, 0xFE, 0x07, 0xFF, 0xE0, 0x7F, 0xFF, 0xFF, 0xFF, 0xFF,
    0xFF, 0xFF, 0xFF, 0xFF, 0xE0, 0x00, 0xFE, 0x00, 0x0F, 0xF0, 0x18, 0x7F, 0xE7, 0x87, 0xFF, 0xFC,
    0x3F, 0xFF, 0xE1, 0xFF, 0xFE, 0x0F, 0xFF, 0xC0, 0x3F, 0xF0, 0x00, 0x18, 0x00, 0x03, 0x80, 0x00,
    0x7C, 0x00, 0x0F, 0xE0, 0x01, 0xFE, 0x00, 0x3F, 0x80, 0x03, 0xE0, 0x00, 0x1C, 0x00, 0x00, 0x00,
    0x00, 0x00, 0x00, 0x03, 0xFE, 0x00, 0xFF, 0xF0, 0x1F, 0xFF, 0xC3, 0xFF, 0xFC, 0x7F, 0xFF, 0xE7,
    0xFD, 0xFF, 0xFE, 0x07, 0xFF, 0xE0, 0x7F, 0xFF, 0xFF, 0xFF, 0xFF, 0xFF, 0xFF, 0xFF, 0xFF, 0xE0,
    0x00, 0xFE, 0x00, 0x0F, 0xF0, 0x18, 0x7F, 0xE7, 0x87, 0xFF, 0xFC, 0x3F, 0xFF, 0xE1, 0xFF, 0xFE,
    0x0F, 0xFF, 0xC0, 0x3F, 0xF0, 0x01, 0xF8, 0x00, 0x3F, 0xC0, 0x07, 0xFF, 0x00, 0xFF, 0xF8, 0x1F,
    0x9F, 0xC0, 0xE0, 0x78, 0x04, 0x03, 0x00, 0x00, 0x00, 0x00, 0x00, 0x00, 0x3F, 0xE0, 0x0F, 0xFF,
    0x01, 0xFF, 0xFC, 0x3F, 0xFF, 0xC7, 0xFF, 0xFE, 0x7F, 0xDF, 0xFF, 0xE0, 0x7F, 0xFE, 0x07, 0xFF,
    0xFF, 0xFF, 0xFF, 0xFF, 0xFF, 0xFF, 0xFF, 0xFE, 0x00, 0x0F, 0xE0, 0x00, 0xFF, 0x01, 0x87, 0xFE,
    0x78, 0x7F, 0xFF, 0xC3, 0xFF, 0xFE, 0x1F, 0xFF, 0xE0, 0xFF, 0xFC, 0x03, 0xFF, 0x00, 0x0F, 0x07,
    0x81, 0xF8, 0xFC, 0x1F, 0x8F, 0xC1, 0xF8, 0xFC, 0x1F, 0x8F, 0xC0, 0xF0, 0x78, 0x00, 0x00, 0x00,
    0x00, 0x00, 0x00, 0x00, 0x00, 0x00, 0x00, 0x03, 0xFE, 0x00, 0xFF, 0xF0, 0x1F, 0xFF, 0xC3, 0xFF,
    0xFC, 0x7F, 0xFF, 0xE7, 0xFD, 0xFF, 0xFE, 0x07, 0xFF, 0xE0, 0x7F, 0xFF, 0xFF, 0xFF, 0xFF, 0xFF,
    0xFF, 0xFF, 0xFF, 0xE0, 0x00, 0xFE, 0x00, 0x0F, 0xF0, 0x18, 0x7F, 0xE7, 0x87, 0xFF, 0xFC, 0x3F,
    0xFF, 0xE1, 0xFF, 0xFE, 0x0F, 0xFF, 0xC0, 0x3F, 0xF0, 0x00, 0x07, 0x00, 0xF0, 0x3F, 0x0F, 0xF0,
    0xFF, 0x87, 0xF0, 0x3E, 0x01, 0x80, 0x00, 0x00, 0x0F, 0xC1, 0xF8, 0x3F, 0x07, 0xE0, 0xFC, 0x1F,
    0x83, 0xF0, 0x7E, 0x0F, 0xC1, 0xF8, 0x3F, 0x07, 0xE0, 0xFC, 0x1F, 0x83, 0xF0, 0x7E, 0x0F, 0xC1,
    0xF8, 0x3F, 0x07, 0xE0, 0x00, 0x00, 0xC0, 0xF8, 0x7E, 0x3F, 0xDF, 0xEF, 0xE1, 0xE0, 0x60, 0x00,
    0x00, 0x00, 0xFC, 0x3F, 0x0F, 0xC3, 0xF0, 0xFC, 0x3F, 0x0F, 0xC3, 0xF0, 0xFC, 0x3F, 0x0F, 0xC3,
    0xF0, 0xFC, 0x3F, 0x0F, 0xC3, 0xF0, 0xFC, 0x3F, 0x0F, 0xC3, 0xF0, 0x07, 0xE0, 0x0F, 0xF0, 0x1F,
    0xF8, 0x7F, 0xFE, 0x7E, 0x7E, 0x38, 0x1E, 0x00, 0x00, 0x00, 0x00, 0x00, 0x00, 0x07, 0xE0, 0x07,
    0xE0, 0x07, 0xE0, 0x07, 0xE0, 0x07, 0xE0, 0x07, 0xE0, 0x07, 0xE0, 0x07, 0xE0, 0x07, 0xE0, 0x07,
    0xE0, 0x07, 0xE0, 0x07, 0xE0, 0x07, 0xE0, 0x07, 0xE0, 0x07, 0xE0, 0x07, 0xE0, 0x07, 0xE0, 0x07,
    0xE0, 0x07, 0xE0, 0x07, 0xE0, 0x78, 0x3C, 0xFC, 0x7E, 0xFC, 0x7E, 0xFC, 0x7E, 0xFC, 0x7E, 0x78,
    0x3C, 0x00, 0x00, 0x00, 0x00, 0x00, 0x00, 0x07, 0xE0, 0x07, 0xE0, 0x07, 0xE0, 0x07, 0xE0, 0x07,
    0xE0, 0x07, 0xE0, 0x07, 0xE0, 0x07, 0xE0, 0x07, 0xE0, 0x07, 0xE0, 0x07, 0xE0, 0x07, 0xE0, 0x07,
    0xE0, 0x07, 0xE0, 0x07, 0xE0, 0x07, 0xE0, 0x07, 0xE0, 0x07, 0xE0, 0x07, 0xE0, 0x07, 0xE0, 0x01,
    0x80, 0x00, 0x1F, 0x00, 0x00, 0xFE, 0x00, 0x0F, 0xFF, 0x80, 0x7F, 0xFC, 0x00, 0xFF, 0xE0, 0x3F,
    0xFE, 0x01, 0xFF, 0xF8, 0x0F, 0x1F, 0xC0, 0x1F, 0xFF, 0x03, 0xFF, 0xF8, 0x3F, 0xFF, 0xE3, 0xFF,
    0xFF, 0x3F, 0xFF, 0xF9, 0xFE, 0x7F, 0xDF, 0xE1, 0xFE, 0xFE, 0x07, 0xF7, 0xF0, 0x3F, 0xBF, 0x00,
    0xFD, 0xF8, 0x07, 0xEF, 0xE0, 0x7F, 0x7F, 0x03, 0xFB, 0xFC, 0x3F, 0xCF, 0xF3, 0xFC, 0x7F, 0xFF,
    0xE1, 0xFF, 0xFE, 0x07, 0xFF, 0xE0, 0x1F, 0xFE, 0x00, 0x3F, 0xC0, 0x00, 0x07, 0xE3, 0xC1, 0xFF,
    0xF8, 0x3F, 0xFE, 0x07, 0xFF, 0xC1, 0xF7, 0xF0, 0x0C, 0x3C, 0x00, 0x00, 0x00, 0x00, 0x00, 0xFC,
    0x7F, 0x1F, 0xBF, 0xF3, 0xFF, 0xFF, 0x7F, 0xFF, 0xFF, 0xFF, 0xFF, 0xFF, 0x3F, 0xFF, 0x83, 0xFF,
    0xF0, 0x7F, 0xFC, 0x07, 0xFF, 0x80, 0xFF, 0xF0, 0x1F, 0xFE, 0x03, 0xFF, 0xC0, 0x7F, 0xF8, 0x0F,
    0xFF, 0x01, 0xFF, 0xE0, 0x3F, 0xFC, 0x07, 0xFF, 0x80, 0xFF, 0xF0, 0x1F, 0xFE, 0x03, 0xF0, 0x01,
    0x80, 0x00, 0x07, 0x00, 0x00, 0x3E, 0x00, 0x01, 0xFC, 0x00, 0x07, 0xFC, 0x00, 0x07, 0xF8, 0x00,
    0x07, 0xC0, 0x00, 0x07, 0x00, 0x00, 0x00, 0x00, 0x00, 0x00, 0x00, 0x3F, 0xE0, 0x03, 0xFF, 0xE0,
    0x1F, 0xFF, 0xC0, 0xFF, 0xFF, 0x87, 0xFF, 0xFF, 0x1F, 0xF7, 0xFC, 0xFF, 0x07, 0xFB, 0xF8, 0x0F,
    0xEF, 0xE0, 0x3F, 0xBF, 0x00, 0x7E, 0xFC, 0x01, 0xFB, 0xF8, 0x0F, 0xEF, 0xE0, 0x3F, 0xBF, 0xC1,
    0xFE, 0x7F, 0xDF, 0xF1, 0xFF, 0xFF, 0xC3, 0xFF, 0xFE, 0x07, 0xFF, 0xF0, 0x0F, 0xFF, 0x80, 0x0F,
    0xF8, 0x00, 0x00, 0x08, 0x00, 0x00, 0x70, 0x00, 0x07, 0xC0, 0x00, 0x3F, 0x80, 0x01, 0xFE, 0x00,
    0x0F, 0xE0, 0x00, 0x3F, 0x00, 0x00, 0x70, 0x00, 0x00, 0x00, 0x00, 0x00, 0x00, 0x00, 0x3F, 0xE0,
    0x03, 0xFF, 0xE0, 0x1F, 0xFF, 0xC0, 0xFF, 0xFF, 0x87, 0xFF, 0xFF, 0x1F, 0xF7, 0xFC, 0xFF, 0x07,
    0xFB, 0xF8, 0x0F, 0xEF, 0xE0, 0x3F, 0xBF, 0x00, 0x7E, 0xFC, 0x01, 0xFB, 0xF8, 0x0F, 0xEF, 0xE0,
    0x3F, 0xBF, 0xC1, 0xFE, 0x7F, 0xDF, 0xF1, 0xFF, 0xFF, 0xC3, 0xFF, 0xFE, 0x07, 0xFF, 0xF0, 0x0F,
    0xFF, 0x80, 0x0F, 0xF8, 0x00, 0x00, 0xF8, 0x00, 0x07, 0xF8, 0x00, 0x7F, 0xF0, 0x03, 0xFF, 0xE0,
    0x1F, 0x8F, 0xC0, 0x3C, 0x1E, 0x00, 0x40, 0x10, 0x00, 0x00, 0x00, 0x00, 0x00, 0x00, 0x0F, 0xF8,
    0x00, 0xFF, 0xF8, 0x07, 0xFF, 0xF0, 0x3F, 0xFF, 0xE1, 0xFF, 0xFF, 0xC7, 0xFD, 0xFF, 0x3F, 0xC1,
    0xFE, 0xFE, 0x03, 0xFB, 0xF8, 0x0F, 0xEF, 0xC0, 0x1F, 0xBF, 0x00, 0x7E, 0xFE, 0x03, 0xFB, 0xF8,
    0x0F, 0xEF, 0xF0, 0x7F, 0x9F, 0xF7, 0xFC, 0x7F, 0xFF, 0xF0, 0xFF, 0xFF, 0x81, 0xFF, 0xFC, 0x03,
    0xFF, 0xE0, 0x03, 0xFE, 0x00, 0x03, 0xC7, 0x80, 0x1F, 0xDE, 0x00, 0xFF, 0xF8, 0x03, 0xFF, 0xE0,
    0x0F, 0x7F, 0x80, 0x3C, 0xFC, 0x00, 0x20, 0xE0, 0x00, 0x00, 0x00, 0x00, 0x00, 0x00, 0x0F, 0xF8,
    0x00, 0xFF, 0xF8, 0x07, 0xFF, 0xF0, 0x3F, 0xFF, 0xE1, 0xFF, 0xFF, 0xC7, 0xFD, 0xFF, 0x3F, 0xC1,
    0xFE, 0xFE, 0x03, 0xFB, 0xF8, 0x0F, 0xEF, 0xC0, 0x1F, 0xBF, 0x00, 0x7E, 0xFE, 0x03, 0xFB, 0xF8,
    0x0F, 0xEF, 0xF0, 0x7F, 0x9F, 0xF7, 0xFC, 0x7F, 0xFF, 0xF0, 0xFF, 0xFF, 0x81, 0xFF, 0xFC, 0x03,
    0xFF, 0xE0, 0x03, 0xFE, 0x00, 0x0F, 0x07, 0x80, 0x7E, 0x3F, 0x01, 0xF8, 0xFC, 0x07, 0xE3, 0xF0,
    0x1F, 0x8F, 0xC0, 0x3C, 0x1E, 0x00, 0x00, 0x00, 0x00, 0x00, 0x00, 0x00, 0x00, 0x00, 0x00, 0x00,
    0x00, 0x3F, 0xE0, 0x03, 0xFF, 0xE0, 0x1F, 0xFF, 0xC0, 0xFF, 0xFF, 0x87, 0xFF, 0xFF, 0x1F, 0xF7,
    0xFC, 0xFF, 0x07, 0xFB, 0xF8, 0x0F, 0xEF, 0xE0, 0x3F, 0xBF, 0x00, 0x7E, 0xFC, 0x01, 0xFB, 0xF8,
    0x0F, 0xEF, 0xE0, 0x3F, 0xBF, 0xC1, 0xFE, 0x7F, 0xDF, 0xF1, 0xFF, 0xFF, 0xC3, 0xFF, 0xFE, 0x07,
    0xFF, 0xF0, 0x0F, 0xFF, 0x80, 0x0F, 0xF8, 0x00, 0x01, 0xF0, 0x00, 0x7F, 0x00, 0x0F, 0xE0, 0x01,
    0xFC, 0x00, 0x3F, 0x80, 0x03, 0xE0, 0x00, 0x00, 0x07, 0xFF, 0xFF, 0xFF, 0xFF, 0xFF, 0xFF, 0xFF,
    0xFF, 0xFF, 0xFF, 0xFF, 0xF0, 0x00, 0x00, 0x00, 0x00, 0x00, 0x7C, 0x00, 0x1F, 0xC0, 0x03, 0xF8,
    0x00, 0x7F, 0x00, 0x0F, 0xE0, 0x00, 0xF8, 0x00, 0x00, 0x00, 0x60, 0x0F, 0xFB, 0xC0, 0xFF, 0xFF,
    0x07, 0xFF, 0xF8, 0x3F, 0xFF, 0xE1, 0xFF, 0xFF, 0xC7, 0xFD, 0xFF, 0x3F, 0xC7, 0xFE, 0xFE, 0x3F,
    0xFB, 0xF9, 0xFF, 0xEF, 0xC7, 0x9F, 0xBF, 0x3E, 0x7E, 0xFF, 0xF3, 0xFB, 0xFF, 0x8F, 0xEF, 0xFC,
    0x7F, 0x9F, 0xF7, 0xFC, 0x7F, 0xFF, 0xF0, 0xFF, 0xFF, 0x83, 0xFF, 0xFC, 0x1F, 0xFF, 0xE0, 0x7B,
    0xFE, 0x00, 0xC0, 0x00, 0x00, 0x00, 0x00, 0x00, 0x60, 0x00, 0x1E, 0x00, 0x03, 0xF0, 0x00, 0xFF,
    0x00, 0x0F, 0xF0, 0x00, 0x7F, 0x00, 0x03, 0xC0, 0x00, 0x30, 0x00, 0x00, 0x00, 0x00, 0x00, 0x7E,
    0x03, 0xFF, 0xC0, 0x7F, 0xF8, 0x0F, 0xFF, 0x01, 0xFF, 0xE0, 0x3F, 0xFC, 0x07, 0xFF, 0x80, 0xFF,
    0xF0, 0x1F, 0xFE, 0x03, 0xFF, 0xC0, 0x7F, 0xF8, 0x0F, 0xFF, 0x01, 0xFF, 0xF0, 0x7F, 0xFE, 0x0F,
    0xFF, 0xF7, 0xFF, 0xFF, 0xFF, 0xBF, 0xFF, 0xF7, 0xFF, 0xFE, 0x7F, 0xEF, 0xC7, 0xF9, 0xF8, 0x00,
    0x00, 0x00, 0x06, 0x00, 0x01, 0xE0, 0x00, 0x7E, 0x00, 0x3F, 0xE0, 0x0F, 0xF8, 0x01, 0xFC, 0x00,
    0x3E, 0x00, 0x03, 0x00, 0x00, 0x00, 0x00, 0x00, 0x00, 0x7E, 0x03, 0xFF, 0xC0, 0x7F, 0xF8, 0x0F,
    0xFF, 0x01, 0xFF, 0xE0, 0x3F, 0xFC, 0x07, 0xFF, 0x80, 0xFF, 0xF0, 0x1F, 0xFE, 0x03, 0xFF, 0xC0,
    0x7F, 0xF8, 0x0F, 0xFF, 0x01, 0xFF, 0xF0, 0x7F, 0xFE, 0x0F, 0xFF, 0xF7, 0xFF, 0xFF, 0xFF, 0xBF,
    0xFF, 0xF7, 0xFF, 0xFE, 0x7F, 0xEF, 0xC7, 0xF9, 0xF8, 0x01, 0xF8, 0x00, 0xFF, 0x80, 0x3F, 0xF8,
    0x0F, 0xFF, 0x83, 0xF1, 0xF8, 0x3C, 0x0E, 0x00, 0x00, 0x80, 0x00, 0x00, 0x00, 0x00, 0x1F, 0x80,
    0xFF, 0xF0, 0x1F, 0xFE, 0x03, 0xFF, 0xC0, 0x7F, 0xF8, 0x0F, 0xFF, 0x01, 0xFF, 0xE0, 0x3F, 0xFC,
    0x07, 0xFF, 0x80, 0xFF, 0xF0, 0x1F, 0xFE, 0x03, 0xFF, 0xC0, 0x7F, 0xFC, 0x1F, 0xFF, 0x83, 0xFF,
    0xFD, 0xFF, 0xFF, 0xFF, 0xEF, 0xFF, 0xFD, 0xFF, 0xFF, 0x9F, 0xFB, 0xF1, 0xFE, 0x7E, 0x1E, 0x0F,
    0x07, 0xE3, 0xF0, 0xFC, 0x7E, 0x1F, 0x8F, 0xC3, 0xF1, 0xF8, 0x3C, 0x1E, 0x00, 0x00, 0x00, 0x00,
    0x00, 0x00, 0x00, 0x00, 0x00, 0x03, 0xF0, 0x1F, 0xFE, 0x03, 0xFF, 0xC0, 0x7F, 0xF8, 0x0F, 0xFF,
    0x01, 0xFF, 0xE0, 0x3F, 0xFC, 0x07, 0xFF, 0x80, 0xFF, 0xF0, 0x1F, 0xFE, 0x03, 0xFF, 0xC0, 0x7F,
    0xF8, 0x0F, 0xFF, 0x83, 0xFF, 0xF0, 0x7F, 0xFF, 0xBF, 0xFF, 0xFF, 0xFD, 0xFF, 0xFF, 0xBF, 0xFF,
    0xF3, 0xFF, 0x7E, 0x3F, 0xCF, 0xC0, 0x00, 0x00, 0x00, 0x00, 0x06, 0x00, 0x00, 0x1E, 0x00, 0x00,
    0x3F, 0x00, 0x00, 0x7F, 0x80, 0x01, 0xFF, 0x00, 0x01, 0xFC, 0x00, 0x00, 0xF0, 0x00, 0x00, 0xC0,
    0x00, 0x00, 0x00, 0x00, 0x00, 0x00, 0x00, 0xFF, 0x00, 0xFE, 0x7F, 0x00, 0xFE, 0x7F, 0x81, 0xFE,
    0x3F, 0x81, 0xFC, 0x3F, 0xC1, 0xFC, 0x1F, 0xC3, 0xF8, 0x1F, 0xC3, 0xF8, 0x0F, 0xE7, 0xF0, 0x0F,
    0xE7, 0xF0, 0x0F, 0xF7, 0xF0, 0x07, 0xFF, 0xE0, 0x07, 0xFF, 0xE0, 0x03, 0xFF, 0xC0, 0x03, 0xFF,
    0xC0, 0x01, 0xFF, 0x80, 0x01, 0xFF, 0x80, 0x00, 0xFF, 0x80, 0x00, 0xFF, 0x00, 0x00, 0x7F, 0x00,
    0x00, 0x7E, 0x00, 0x00, 0xFE, 0x00, 0x00, 0xFC, 0x00, 0x01, 0xFC, 0x00, 0x01, 0xFC, 0x00, 0x01,
    0xF8, 0x00, 0x03, 0xF8, 0x00, 0x03, 0xF0, 0x00, 0x07, 0xF0, 0x00, 0xFC, 0x00, 0x07, 0xE0, 0x00,
    0x3F, 0x00, 0x01, 0xF8, 0x00, 0x0F, 0xC0, 0x00, 0x7E, 0x00, 0x03, 0xF0, 0x00, 0x1F, 0x9F, 0xE0,
    0xFF, 0xFF, 0xC7, 0xFF, 0xFF, 0x3F, 0xFF, 0xF9, 0xFF, 0xFF, 0xEF, 0xFD, 0xFF, 0xFF, 0x83, 0xFF,
    0xF8, 0x0F, 0xFF, 0xC0, 0x7F, 0xFC, 0x01, 0xFF, 0xE0, 0x0F, 0xFF, 0x80, 0xFF, 0xFC, 0x07, 0xFF,
    0xF0, 0x7F, 0xFF, 0xEF, 0xFF, 0xFF, 0xFF, 0xDF, 0xFF, 0xFC, 0xFF, 0xFF, 0xE7, 0xFF, 0xFE, 0x3F,
    0x3F, 0xC1, 0xF8, 0x00, 0x0F, 0xC0, 0x00, 0x7E, 0x00, 0x03, 0xF0, 0x00, 0x1F, 0x80, 0x00, 0xFC,
    0x00, 0x07, 0xE0, 0x00, 0x3F, 0x00, 0x00, 0x07, 0x83, 0xC0, 0x1F, 0x8F, 0xC0, 0x3F, 0x1F, 0x80,
    0x7E, 0x3F, 0x00, 0xFC, 0x7E, 0x00, 0xF0, 0x78, 0x00, 0x00, 0x00, 0x00, 0x00, 0x00, 0x00, 0x00,
    0x00, 0x00, 0x00, 0x03, 0xFC, 0x03, 0xFB, 0xF8, 0x0F, 0xE7, 0xF0, 0x1F, 0xCF, 0xF0, 0x7F, 0x8F,
    0xE0, 0xFE, 0x1F, 0xE1, 0xFC, 0x1F, 0xC7, 0xF0, 0x3F, 0x8F, 0xE0, 0x3F, 0x9F, 0x80, 0x7F, 0x7F,
    0x00, 0x7F, 0xFE, 0x00, 0xFF, 0xF8, 0x00, 0xFF, 0xF0, 0x01, 0xFF, 0xC0, 0x03, 0xFF, 0x80, 0x03,
    0xFF, 0x00, 0x07, 0xFC, 0x00, 0x07, 0xF8, 0x00, 0x0F, 0xE0, 0x00, 0x1F, 0xC0, 0x00, 0x3F, 0x00,
    0x00, 0xFE, 0x00, 0x01, 0xFC, 0x00, 0x03, 0xF0, 0x00, 0x0F, 0xE0, 0x00, 0x1F, 0x80, 0x00, 0x7F,
    0x00, 0x00, 0xFE, 0x00, 0x00, 0x01, 0xFF, 0xF0, 0x00, 0x3F, 0xFE, 0x00, 0x07, 0xFF, 0xC0, 0x00,
    0xFF, 0xF8, 0x00, 0x00, 0x00, 0x00, 0x00, 0x00, 0x00, 0x00, 0x00, 0x00, 0x00, 0x01, 0xFC, 0x00,
    0x00, 0x3F, 0x80, 0x00, 0x07, 0xF8, 0x00, 0x01, 0xFF, 0x00, 0x00, 0x3F, 0xE0, 0x00, 0x0F, 0xFE,
    0x00, 0x01, 0xFF, 0xC0, 0x00, 0x3F, 0xF8, 0x00, 0x0F, 0xFF, 0x80, 0x01, 0xFB, 0xF0, 0x00, 0x7F,
    0x7F, 0x00, 0x0F, 0xEF, 0xE0, 0x01, 0xF8, 0xFC, 0x00, 0x7F, 0x1F, 0xC0, 0x0F, 0xE3, 0xF8, 0x03,
    0xF8, 0x3F, 0x80, 0x7F, 0xFF, 0xF0, 0x0F, 0xFF, 0xFE, 0x03, 0xFF, 0xFF, 0xE0, 0x7F, 0xFF, 0xFC,
    0x1F, 0xFF, 0xFF, 0xC3, 0xF8, 0x03, 0xF8, 0x7F, 0x00, 0x7F, 0x1F, 0xC0, 0x07, 0xF3, 0xF8, 0x00,
    0xFE, 0x7F, 0x00, 0x1F, 0xE0, 0x07, 0xFF, 0xC0, 0x3F, 0xFE, 0x01, 0xFF, 0xF0, 0x0F, 0xFF, 0x80,
    0x00, 0x00, 0x00, 0x00, 0x00, 0x00, 0x00, 0x00, 0x00, 0x00, 0x07, 0xF9, 0xF8, 0x7F, 0xFF, 0xCF,
    0xFF, 0xFE, 0x7F, 0xFF, 0xF7, 0xFF, 0xFF, 0xFF, 0xEF, 0xFF, 0xFC, 0x1F, 0xFF, 0xC0, 0x7F, 0xFE,
    0x03, 0xFF, 0xE0, 0x0F, 0xFF, 0x00, 0x7F, 0xFC, 0x07, 0xFF, 0xE0, 0x3F, 0xFF, 0x83, 0xFF, 0xFF,
    0x7F, 0xEF, 0xFF, 0xFF, 0x3F, 0xFF, 0xF9, 0xFF, 0xFF, 0xC7, 0xFF, 0xFE, 0x0F, 0xF3, 0xF0, 0x00,
    0x20, 0x40, 0x00, 0x1F, 0x0F, 0x80, 0x01, 0xF9, 0xF8, 0x00, 0x0F, 0xFF, 0x00, 0x00, 0xFF, 0xF0,
    0x00, 0x07, 0xFE, 0x00, 0x00, 0x1F, 0x80, 0x00, 0x00, 0x00, 0x00, 0x00, 0x00, 0x00, 0x00, 0x01,
    0xF8, 0x00, 0x00, 0x3F, 0xC0, 0x00, 0x03, 0xFC, 0x00, 0x00, 0x3F, 0xE0, 0x00, 0x07, 0xFE, 0x00,
    0x00, 0x7F, 0xE0, 0x00, 0x0F, 0xFF, 0x00, 0x00, 0xFF, 0xF0, 0x00, 0x0F, 0xFF, 0x80, 0x01, 0xFF,
    0xF8, 0x00, 0x1F, 0xBF, 0x80, 0x03, 0xF9, 0xFC, 0x00, 0x3F, 0x9F, 0xC0, 0x03, 0xF0, 0xFC, 0x00,
    0x7F, 0x0F, 0xE0, 0x07, 0xF0, 0xFE, 0x00, 0xFF, 0xFF, 0xF0, 0x0F, 0xFF, 0xFF, 0x00, 0xFF, 0xFF,
    0xF0, 0x1F, 0xFF, 0xFF, 0x81, 0xFF, 0xFF, 0xF8, 0x3F, 0x80, 0x3F, 0xC3, 0xF8, 0x01, 0xFC, 0x3F,
    0x80, 0x1F, 0xC7, 0xF0, 0x00, 0xFE, 0x7F, 0x00, 0x0F, 0xE0, 0x07, 0x83, 0x80, 0x7C, 0x3E, 0x01,
    0xFB, 0xF0, 0x0F, 0xFF, 0x00, 0x3F, 0xF8, 0x01, 0xFF, 0x80, 0x03, 0xF8, 0x00, 0x00, 0x00, 0x00,
    0x00, 0x00, 0x3F, 0xCF, 0xC7, 0xFF, 0x7E, 0x7F, 0xFF, 0xF3, 0xFF, 0xFF, 0xBF, 0xFF, 0xFF, 0xFF,
    0x7F, 0xFF, 0xE0, 0xFF, 0xFE, 0x03, 0xFF, 0xF0, 0x1F, 0xFF, 0x00, 0x7F, 0xF8, 0x03, 0xFF, 0xE0,
    0x3F, 0xFF, 0x01, 0xFF, 0xFC, 0x1F, 0xFF, 0xFB, 0xFF, 0x7F, 0xFF, 0xF9, 0xFF, 0xFF, 0xCF, 0xFF,
    0xFE, 0x3F, 0xFB, 0xF0, 0x7F, 0x9F, 0x80, 0x00, 0x3F, 0x80, 0x00, 0x07, 0xF0, 0x00, 0x01, 0xFE,
    0x00, 0x00, 0x3F, 0xE0, 0x00, 0x0F, 0xFC, 0x00, 0x01, 0xFF, 0xC0, 0x00, 0x3F, 0xF8, 0x00, 0x0F,
    0xFF, 0x00, 0x01, 0xFF, 0xF0, 0x00, 0x7F, 0xFE, 0x00, 0x0F, 0xEF, 0xC0, 0x01, 0xF9, 0xFC, 0x00,
    0x7F, 0x3F, 0x80, 0x0F, 0xE3, 0xF8, 0x03, 0xF8, 0x7F, 0x00, 0x7F, 0x0F, 0xE0, 0x0F, 0xFF, 0xFE,
    0x03, 0xFF, 0xFF, 0xC0, 0x7F, 0xFF, 0xFC, 0x1F, 0xFF, 0xFF, 0x83, 0xFF, 0xFF, 0xF0, 0x7F, 0x00,
    0x7F, 0x1F, 0xC0, 0x0F, 0xE3, 0xF8, 0x01, 0xFE, 0xFE, 0x00, 0x1F, 0xDF, 0xC0, 0x03, 0xF8, 0x00,
    0x00, 0xFC, 0x00, 0x00, 0x3E, 0x00, 0x00, 0x07, 0x80, 0x00, 0x00, 0xFE, 0x00, 0x00, 0x1F, 0xF0,
    0x00, 0x03, 0xFE, 0x00, 0x00, 0x7F, 0x80, 0x00, 0x07, 0xE0, 0x07, 0xF9, 0xF8, 0xFF, 0xEF, 0xCF,
    0xFF, 0xFE, 0x7F, 0xFF, 0xF7, 0xFF, 0xFF, 0xFF, 0xEF, 0xFF, 0xFC, 0x1F, 0xFF, 0xC0, 0x7F, 0xFE,
    0x03, 0xFF, 0xE0, 0x0F, 0xFF, 0x00, 0x7F, 0xFC, 0x07, 0xFF, 0xE0, 0x3F, 0xFF, 0x83, 0xFF, 0xFF,
    0x7F, 0xEF, 0xFF, 0xFF, 0x3F, 0xFF, 0xF9, 0xFF, 0xFF, 0xC7, 0xFF, 0x7E, 0x0F, 0xF7, 0xF0, 0x00,
    0x7E, 0x00, 0x07, 0xC0, 0x00, 0x3C, 0x00, 0x01, 0xFC, 0x00, 0x0F, 0xF8, 0x00, 0x7F, 0xC0, 0x01,
    0xFC, 0x00, 0x07, 0xC0, 0x00, 0x01, 0x80, 0x00, 0x07, 0xC0, 0x00, 0x1F, 0xC0, 0x00, 0x7F, 0xC0,
    0x00, 0xFF, 0xE0, 0x00, 0x7F, 0x00, 0x00, 0x78, 0x00, 0x00, 0x00, 0x00, 0x00, 0x3F, 0x80, 0x01,
    0xFF, 0xF0, 0x07, 0xFF, 0xF8, 0x0F, 0xFF, 0xFC, 0x1F, 0xFF, 0xFE, 0x3F, 0xFF, 0xFE, 0x3F, 0xFF,
    0xFC, 0x7F, 0xC0, 0xF8, 0x7F, 0x80, 0x30, 0xFF, 0x00, 0x00, 0xFE, 0x00, 0x00, 0xFE, 0x00, 0x00,
    0xFE, 0x00, 0x00, 0xFC, 0x00, 0x00, 0xFC, 0x00, 0x00, 0xFE, 0x00, 0x00, 0xFE, 0x00, 0x00, 0xFE,
    0x00, 0x00, 0xFF, 0x00, 0x10, 0x7F, 0x80, 0x38, 0x7F, 0xF1, 0xF8, 0x3F, 0xFF, 0xFC, 0x1F, 0xFF,
    0xFE, 0x1F, 0xFF, 0xFE, 0x07, 0xFF, 0xFC, 0x03, 0xFF, 0xF8, 0x00, 0xFF, 0xC0, 0x00, 0x08, 0x00,
    0x07, 0x80, 0x01, 0xF0, 0x00, 0x7F, 0x00, 0x3F, 0xE0, 0x0F, 0xF0, 0x00, 0xF8, 0x00, 0x1E, 0x00,
    0x00, 0x00, 0x00, 0x00, 0x00, 0x0F, 0xF8, 0x07, 0xFF, 0xC1, 0xFF, 0xFC, 0x7F, 0xFF, 0xDF, 0xFF,
    0xF3, 0xFE, 0x7C, 0xFF, 0x03, 0x9F, 0xC0, 0x03, 0xF8, 0x00, 0x7E, 0x00, 0x0F, 0xC0, 0x01, 0xFC,
    0x00, 0x3F, 0x80, 0x07, 0xF8, 0x1C, 0x7F, 0xCF, 0x8F, 0xFF, 0xF8, 0xFF, 0xFF, 0x8F, 0xFF, 0xE0,
    0xFF, 0xF8, 0x07, 0xFC, 0x00, 0x00, 0x3F, 0x00, 0x00, 0x7F, 0xC0, 0x01, 0xFF, 0xE0, 0x03, 0xFF,
    0xF0, 0x01, 0xF1, 0xF0, 0x00, 0xC0, 0x60, 0x00, 0x00, 0x00, 0x00, 0x3F, 0x80, 0x01, 0xFF, 0xF0,
    0x07, 0xFF, 0xF8, 0x0F, 0xFF, 0xFC, 0x1F, 0xFF, 0xFE, 0x3F, 0xFF, 0xFE, 0x3F, 0xFF, 0xFC, 0x7F,
    0xC0, 0xF8, 0x7F, 0x80, 0x30, 0xFF, 0x00, 0x00, 0xFE, 0x00, 0x00, 0xFE, 0x00, 0x00, 0xFE, 0x00,
    0x00, 0xFC, 0x00, 0x00, 0xFC, 0x00, 0x00, 0xFE, 0x00, 0x00, 0xFE, 0x00, 0x00, 0xFE, 0x00, 0x00,
    0xFF, 0x00, 0x10, 0x7F, 0x80, 0x38, 0x7F, 0xF1, 0xF8, 0x3F, 0xFF, 0xFC, 0x1F, 0xFF, 0xFE, 0x1F,
    0xFF, 0xFE, 0x07, 0xFF, 0xFC, 0x03, 0xFF, 0xF8, 0x00, 0xFF, 0xC0, 0x01, 0xF8, 0x00, 0x7F, 0x80,
    0x1F, 0xFC, 0x07, 0xFF, 0xC1, 0xF9, 0xFC, 0x1C, 0x0F, 0x01, 0x00, 0x40, 0x00, 0x00, 0x00, 0x00,
    0x00, 0x7F, 0xC0, 0x3F, 0xFE, 0x0F, 0xFF, 0xE3, 0xFF, 0xFE, 0xFF, 0xFF, 0x9F, 0xF3, 0xE7, 0xF8,
    0x1C, 0xFE, 0x00, 0x1F, 0xC0, 0x03, 0xF0, 0x00, 0x7E, 0x00, 0x0F, 0xE0, 0x01, 0xFC, 0x00, 0x3F,
    0xC0, 0xE3, 0xFE, 0x7C, 0x7F, 0xFF, 0xC7, 0xFF, 0xFC, 0x7F, 0xFF, 0x07, 0xFF, 0xC0, 0x3F, 0xE0,
    0x00, 0x1F, 0x00, 0x00, 0x3F, 0x80, 0x00, 0x3F, 0x80, 0x00, 0x3F, 0x80, 0x00, 0x3F, 0x80, 0x00,
    0x1F, 0x00, 0x00, 0x00, 0x00, 0x00, 0x3F, 0x80, 0x01, 0xFF, 0xF0, 0x03, 0xFF, 0xF8, 0x0F, 0xFF,
    0xFE, 0x1F, 0xFF, 0xFE, 0x3F, 0xFF, 0xFE, 0x3F, 0xFF, 0xFC, 0x7F, 0xC0, 0xF8, 0x7F, 0x80, 0x30,
    0xFF, 0x00, 0x00, 0xFE, 0x00, 0x00, 0xFE, 0x00, 0x00, 0xFE, 0x00, 0x00, 0xFC, 0x00, 0x00, 0xFC,
    0x00, 0x00, 0xFE, 0x00, 0x00, 0xFE, 0x00, 0x00, 0xFE, 0x00, 0x00, 0xFF, 0x00, 0x10, 0x7F, 0x80,
    0x38, 0x7F, 0xF1, 0xFC, 0x3F, 0xFF, 0xFC, 0x1F, 0xFF, 0xFE, 0x1F, 0xFF, 0xFE, 0x07, 0xFF, 0xFC,
    0x03, 0xFF, 0xF8, 0x00, 0xFF, 0xC0, 0x00, 0xF8, 0x00, 0x3F, 0x80, 0x07, 0xF0, 0x00, 0xFE, 0x00,
    0x1F, 0xC0, 0x01, 0xF0, 0x00, 0x00, 0x00, 0x00, 0x00, 0x00, 0x00, 0x00, 0x00, 0x00, 0x0F, 0xF8,
    0x07, 0xFF, 0xC1, 0xFF, 0xFC, 0x7F, 0xFF, 0xDF, 0xFF, 0xF3, 0xFE, 0x7E, 0xFF, 0x03, 0x9F, 0xC0,
    0x03, 0xF8, 0x00, 0x7E, 0x00, 0x0F, 0xC0, 0x01, 0xFC, 0x00, 0x3F, 0x80, 0x07, 0xF8, 0x1C, 0x7F,
    0xCF, 0x8F, 0xFF, 0xF8, 0xFF, 0xFF, 0x8F, 0xFF, 0xF0, 0xFF, 0xF8, 0x07, 0xFC, 0x00, 0x00, 0x00,
    0x00, 0x01, 0xC0, 0xE0, 0x03, 0xFB, 0xF0, 0x01, 0xFF, 0xF0, 0x00, 0xFF, 0xE0, 0x00, 0x7F, 0xC0,
    0x00, 0x3F, 0x00, 0x00, 0x00, 0x00, 0x00, 0x3F, 0x80, 0x01, 0xFF, 0xF0, 0x07, 0xFF, 0xF8, 0x0F,
    0xFF, 0xFC, 0x1F, 0xFF, 0xFE, 0x3F, 0xFF, 0xFE, 0x3F, 0xFF, 0xFC, 0x7F, 0xC0, 0xF8, 0x7F, 0x80,
    0x30, 0xFF, 0x00, 0x00, 0xFE, 0x00, 0x00, 0xFE, 0x00, 0x00, 0xFE, 0x00, 0x00, 0xFC, 0x00, 0x00,
    0xFC, 0x00, 0x00, 0xFE, 0x00, 0x00, 0xFE, 0x00, 0x00, 0xFE, 0x00, 0x00, 0xFF, 0x00, 0x10, 0x7F,
    0x80, 0x38, 0x7F, 0xF1, 0xF8, 0x3F, 0xFF, 0xFC, 0x1F, 0xFF, 0xFE, 0x1F, 0xFF, 0xFE, 0x07, 0xFF,
    0xFC, 0x03, 0xFF, 0xF8, 0x00, 0xFF, 0xC0, 0x00, 0x00, 0x01, 0xC0, 0xF0, 0x7E, 0x3E, 0x07, 0xFF,
    0xC0, 0x7F, 0xF0, 0x07, 0xF8, 0x00, 0x7E, 0x00, 0x00, 0x00, 0x00, 0x00, 0x00, 0x00, 0x00, 0x0F,
    0xF8, 0x07, 0xFF, 0xC1, 0xFF, 0xFC, 0x7F, 0xFF, 0xDF, 0xFF, 0xF3, 0xFE, 0x7C, 0xFF, 0x03, 0x9F,
    0xC0, 0x03, 0xF8, 0x00, 0x7E, 0x00, 0x0F, 0xC0, 0x01, 0xFC, 0x00, 0x3F, 0x80, 0x07, 0xF8, 0x1C,
    0x7F, 0xCF, 0x8F, 0xFF, 0xF8, 0xFF, 0xFF, 0x8F, 0xFF, 0xE0, 0xFF, 0xF8, 0x07, 0xFC, 0x00, 0x00,
    0x00, 0x00, 0x07, 0x03, 0x80, 0x0F, 0xCF, 0xC0, 0x0F, 0xFF, 0xC0, 0x07, 0xFF, 0x80, 0x01, 0xFF,
    0x00, 0x00, 0xFC, 0x00, 0x00, 0x00, 0x00, 0x00, 0x00, 0x00, 0xFF, 0xFF, 0x00, 0xFF, 0xFF, 0xC0,
    0xFF, 0xFF, 0xF0, 0xFF, 0xFF, 0xF8, 0xFF, 0xFF, 0xFC, 0xFE, 0x0F, 0xFC, 0xFC, 0x01, 0xFE, 0xFC,
    0x00, 0xFE, 0xFC, 0x00, 0xFF, 0xFC, 0x00, 0x7F, 0xFC, 0x00, 0x7F, 0xFC, 0x00, 0x7F, 0xFC, 0x00,
    0x3F, 0xFC, 0x00, 0x3F, 0xFC, 0x00, 0x7F, 0xFC, 0x00, 0x7F, 0xFC, 0x00, 0x7F, 0xFC, 0x00, 0xFF,
    0xFC, 0x00, 0xFE, 0xFC, 0x01, 0xFE, 0xFE, 0x0F, 0xFC, 0xFF, 0xFF, 0xFC, 0xFF, 0xFF, 0xF8, 0xFF,
    0xFF, 0xF0, 0xFF, 0xFF, 0xC0, 0xFF, 0xFF, 0x00, 0x00, 0x01, 0xF9, 0xF8, 0x00, 0x07, 0xE7, 0xF0,
    0x00, 0x1F, 0x9F, 0xC0, 0x00, 0x7E, 0x7F, 0x00, 0x01, 0xF8, 0xFC, 0x00, 0x07, 0xE1, 0xF0, 0x00,
    0x1F, 0x9F, 0x81, 0xFE, 0x7E, 0x7C, 0x0F, 0xFF, 0xF9, 0xE0, 0xFF, 0xFF, 0xE0, 0x03, 0xFF, 0xFF,
    0x80, 0x1F, 0xFF, 0xFE, 0x00, 0xFF, 0xDF, 0xF8, 0x03, 0xFC, 0x1F, 0xE0, 0x0F, 0xE0, 0x3F, 0x80,
    0x3F, 0x80, 0xFE, 0x00, 0xFC, 0x01, 0xF8, 0x03, 0xF0, 0x07, 0xE0, 0x0F, 0xE0, 0x3F, 0x80, 0x3F,
    0x80, 0xFE, 0x00, 0xFF, 0x07, 0xF8, 0x03, 0xFF, 0x7F, 0xE0, 0x07, 0xFF, 0xFF, 0x80, 0x0F, 0xFF,
    0xFE, 0x00, 0x3F, 0xFF, 0xF8, 0x00, 0x7F, 0xFF, 0xE0, 0x00, 0x7F, 0x9F, 0x80, 0x00, 0x3F, 0xFF,
    0xC0, 0x0F, 0xFF, 0xFC, 0x03, 0xFF, 0xFF, 0xC0, 0xFF, 0xFF, 0xF8, 0x3F, 0xFF, 0xFF, 0x0F, 0xE0,
    0xFF, 0xC3, 0xF0, 0x07, 0xF8, 0xFC, 0x00, 0xFE, 0x3F, 0x00, 0x3F, 0xCF, 0xC0, 0x07, 0xF3, 0xF0,
    0x01, 0xFF, 0xFF, 0xE0, 0x7F, 0xFF, 0xF8, 0x0F, 0xFF, 0xFE, 0x03, 0xFF, 0xFF, 0x81, 0xFC, 0xFC,
    0x00, 0x7F, 0x3F, 0x00, 0x1F, 0xCF, 0xC0, 0x0F, 0xF3, 0xF0, 0x03, 0xF8, 0xFC, 0x01, 0xFE, 0x3F,
    0x83, 0xFF, 0x0F, 0xFF, 0xFF, 0xC3, 0xFF, 0xFF, 0xE0, 0xFF, 0xFF, 0xF0, 0x3F, 0xFF, 0xF0, 0x0F,
    0xFF, 0xF0, 0x00, 0x00, 0x01, 0xF8, 0x00, 0x03, 0xF0, 0x00, 0xFF, 0xF8, 0x01, 0xFF, 0xF0, 0x03,
    0xFF, 0xE0, 0x07, 0xFF, 0xC0, 0x00, 0x7E, 0x00, 0x00, 0xFC, 0x07, 0xF9, 0xF8, 0x1F, 0xFF, 0xF0,
    0xFF, 0xFF, 0xE1, 0xFF, 0xFF, 0xC7, 0xFF, 0xFF, 0x9F, 0xFB, 0xFF, 0x3F, 0xC1, 0xFE, 0x7F, 0x01,
    0xFC, 0xFE, 0x03, 0xF9, 0xF8, 0x03, 0xF3, 0xF0, 0x07, 0xE7, 0xF0, 0x1F, 0xCF, 0xE0, 0x3F, 0x9F,
    0xE0, 0xFF, 0x3F, 0xF7, 0xFE, 0x3F, 0xFF, 0xFC, 0x3F, 0xFF, 0xF8, 0x7F, 0xFF, 0xF0, 0x7F, 0xFF,
    0xE0, 0x3F, 0xCF, 0xC0, 0x1F, 0xFF, 0x03, 0xFF, 0xE0, 0x7F, 0xFC, 0x0F, 0xFF, 0x80, 0x00, 0x00,
    0x00, 0x00, 0x00, 0x00, 0x07, 0xFF, 0xFF, 0xFF, 0xFF, 0xFF, 0xFF, 0xFF, 0xFF, 0xFF, 0xFF, 0xFF,
    0xFF, 0xC0, 0x01, 0xF8, 0x00, 0x3F, 0x00, 0x07, 0xE0, 0x00, 0xFC, 0x00, 0x1F, 0xFF, 0xF3, 0xFF,
    0xFE, 0x7F, 0xFF, 0xCF, 0xFF, 0xF9, 0xFF, 0xFF, 0x3F, 0x80, 0x07, 0xE0, 0x00, 0xFC, 0x00, 0x1F,
    0x80, 0x03, 0xF0, 0x00, 0x7E, 0x00, 0x0F, 0xFF, 0xFF, 0xFF, 0xFF, 0xFF, 0xFF, 0xFF, 0xFF, 0xFF,
    0xFF, 0xFF, 0xE0, 0x0F, 0xFF, 0x80, 0xFF, 0xF8, 0x0F, 0xFF, 0x80, 0xFF, 0xF8, 0x00, 0x00, 0x00,
    0x00, 0x00, 0x00, 0x00, 0x00, 0x00, 0x00, 0x03, 0xFE, 0x00, 0xFF, 0xF0, 0x1F, 0xFF, 0xC3, 0xFF,
    0xFC, 0x7F, 0xFF, 0xE7, 0xFD, 0xFF, 0xFE, 0x07, 0xFF, 0xE0, 0x7F, 0xFF, 0xFF, 0xFF, 0xFF, 0xFF,
    0xFF, 0xFF, 0xFF, 0xE0, 0x00, 0xFE, 0x00, 0x0F, 0xF0, 0x18, 0x7F, 0xE7, 0xC7, 0xFF, 0xFC, 0x3F,
    0xFF, 0xE1, 0xFF, 0xFE, 0x0F, 0xFF, 0xC0, 0x3F, 0xF0, 0x00, 0x08, 0x03, 0xC1, 0xE0, 0x7E, 0xFC,
    0x0F, 0xFF, 0x80, 0xFF, 0xE0, 0x0F, 0xF8, 0x00, 0xFE, 0x00, 0x00, 0x00, 0x00, 0x00, 0x1F, 0xFF,
    0xFF, 0xFF, 0xFF, 0xFF, 0xFF, 0xFF, 0xFF, 0xFF, 0xFF, 0xFF, 0xFF, 0x00, 0x07, 0xE0, 0x00, 0xFC,
    0x00, 0x1F, 0x80, 0x03, 0xF0, 0x00, 0x7F, 0xFF, 0xCF, 0xFF, 0xF9, 0xFF, 0xFF, 0x3F, 0xFF, 0xE7,
    0xFF, 0xFC, 0xFE, 0x00, 0x1F, 0x80, 0x03, 0xF0, 0x00, 0x7E, 0x00, 0x0F, 0xC0, 0x01, 0xF8, 0x00,
    0x3F, 0xFF, 0xFF, 0xFF, 0xFF, 0xFF, 0xFF, 0xFF, 0xFF, 0xFF, 0xFF, 0xFF, 0x80, 0x0F, 0x07, 0x01,
    0xF0, 0xF8, 0x0F, 0xDF, 0x80, 0xFF, 0xF8, 0x07, 0xFF, 0x00, 0x3F, 0xE0, 0x01, 0xFC, 0x00, 0x00,
    0x00, 0x00, 0x00, 0x00, 0x3F, 0xE0, 0x0F, 0xFF, 0x01, 0xFF, 0xFC, 0x3F, 0xFF, 0xC7, 0xFF, 0xFE,
    0x7F, 0xDF, 0xFF, 0xE0, 0x7F, 0xFE, 0x07, 0xFF, 0xFF, 0xFF, 0xFF, 0xFF, 0xFF, 0xFF, 0xFF, 0xFE,
    0x00, 0x0F, 0xE0, 0x00, 0xFF, 0x01, 0x87, 0xFE, 0x78, 0x7F, 0xFF, 0xC3, 0xFF, 0xFE, 0x1F, 0xFF,
    0xE0, 0xFF, 0xFC, 0x03, 0xFF, 0x00, 0x01, 0xF0, 0x00, 0x7F, 0x00, 0x0F, 0xE0, 0x01, 0xFC, 0x00,
    0x3F, 0x80, 0x03, 0xE0, 0x00, 0x00, 0x00, 0x00, 0x00, 0xFF, 0xFF, 0xFF, 0xFF, 0xFF, 0xFF, 0xFF,
    0xFF, 0xFF, 0xFF, 0xFF, 0xFF, 0xF8, 0x00, 0x3F, 0x00, 0x07, 0xE0, 0x00, 0xFC, 0x00, 0x1F, 0x80,
    0x03, 0xFF, 0xFE, 0x7F, 0xFF, 0xCF, 0xFF, 0xF9, 0xFF, 0xFF, 0x3F, 0xFF, 0xE7, 0xF0, 0x00, 0xFC,
    0x00, 0x1F, 0x80, 0x03, 0xF0, 0x00, 0x7E, 0x00, 0x0F, 0xC0, 0x01, 0xFF, 0xFF, 0xFF, 0xFF, 0xFF,
    0xFF, 0xFF, 0xFF, 0xFF, 0xFF, 0xFF, 0xFC, 0x00, 0xF8, 0x00, 0x1F, 0xC0, 0x01, 0xFC, 0x00, 0x1F,
    0xC0, 0x01, 0xFC, 0x00, 0x0F, 0x80, 0x00, 0x00, 0x00, 0x00, 0x00, 0x00, 0x00, 0x00, 0x00, 0x00,
    0x03, 0xFE, 0x00, 0xFF, 0xF0, 0x1F, 0xFF, 0xC3, 0xFF, 0xFC, 0x7F, 0xFF, 0xE7, 0xFD, 0xFF, 0xFE,
    0x07, 0xFF, 0xE0, 0x3F, 0xFF, 0xFF, 0xFF, 0xFF, 0xFF, 0xFF, 0xFF, 0xFF, 0xE0, 0x00, 0xFE, 0x00,
    0x0F, 0xF0, 0x18, 0x7F, 0xE7, 0xC7, 0xFF, 0xFC, 0x3F, 0xFF, 0xE1, 0xFF, 0xFE, 0x0F, 0xFF, 0xC0,
    0x3F, 0xF0, 0xFF, 0xFF, 0xFF, 0xFF, 0xFF, 0xFF, 0xFF, 0xFF, 0xFF, 0xFF, 0xFF, 0xFF, 0xF8, 0x00,
    0x3F, 0x00, 0x07, 0xE0, 0x00, 0xFC, 0x00, 0x1F, 0x80, 0x03, 0xF8, 0x00, 0x7F, 0xFF, 0xCF, 0xFF,
    0xF9, 0xFF, 0xFF, 0x3F, 0xFF, 0xE7, 0xFF, 0xFC, 0xFC, 0x00, 0x1F, 0x80, 0x03, 0xF0, 0x00, 0x7E,
    0x00, 0x0F, 0xC0, 0x01, 0xFF, 0xFF, 0xFF, 0xFF, 0xFF, 0xFF, 0xFF, 0xFF, 0xFF, 0xFF, 0xFF, 0xFC,
    0x00, 0x7E, 0x00, 0x1F, 0x00, 0x03, 0xC0, 0x00, 0x7F, 0x00, 0x0F, 0xF0, 0x01, 0xFF, 0x00, 0x3F,
    0xC0, 0x03, 0xF0, 0x03, 0xFC, 0x00, 0xFF, 0xF0, 0x1F, 0xFF, 0x83, 0xFF, 0xFC, 0x7F, 0xFF, 0xE7,
    0xFD, 0xFE, 0xFE, 0x07, 0xFF, 0xE0, 0x7F, 0xFE, 0x07, 0xFF, 0xFF, 0xFF, 0xFF, 0xFF, 0xFF, 0xFF,
    0xFF, 0xFE, 0x00, 0x0F, 0xF0, 0x00, 0x7F, 0xE7, 0x87, 0xFF, 0xFC, 0x3F, 0xFF, 0xE1, 0xFF, 0xFE,
    0x0F, 0xFF, 0xC0, 0x3F, 0xF0, 0x00, 0x3E, 0x00, 0x07, 0xC0, 0x00, 0x78, 0x00, 0x07, 0xF8, 0x00,
    0x7F, 0xC0, 0x07, 0xFC, 0x00, 0x7F, 0xC0, 0x03, 0xF0, 0x00, 0x00, 0x01, 0xC1, 0xC0, 0x7E, 0xFC,
    0x0F, 0xFF, 0x80, 0xFF, 0xE0, 0x0F, 0xF8, 0x00, 0xFC, 0x00, 0x00, 0x00, 0x00, 0x00, 0x1F, 0xFF,
    0xFF, 0xFF, 0xFF, 0xFF, 0xFF, 0xFF, 0xFF, 0xFF, 0xFF, 0xFF, 0xFF, 0x00, 0x07, 0xE0, 0x00, 0xFC,
    0x00, 0x1F, 0x80, 0x03, 0xF0, 0x00, 0x7F, 0xFF, 0xCF, 0xFF, 0xF9, 0xFF, 0xFF, 0x3F, 0xFF, 0xE7,
    0xFF, 0xFC, 0xFE, 0x00, 0x1F, 0x80, 0x03, 0xF0, 0x00, 0x7E, 0x00, 0x0F, 0xC0, 0x01, 0xF8, 0x00,
    0x3F, 0xFF, 0xFF, 0xFF, 0xFF, 0xFF, 0xFF, 0xFF, 0xFF, 0xFF, 0xFF, 0xFF, 0x80, 0x00, 0x00, 0x00,
    0xE0, 0x70, 0x1F, 0x8F, 0xC0, 0xFF, 0xF8, 0x07, 0xFF, 0x00, 0x3F, 0xC0, 0x01, 0xF8, 0x00, 0x00,
    0x00, 0x00, 0x00, 0x00, 0x00, 0x00, 0x03, 0xFE, 0x00, 0xFF, 0xF0, 0x1F, 0xFF, 0xC3, 0xFF, 0xFC,
    0x7F, 0xFF, 0xE7, 0xFD, 0xFF, 0xFE, 0x07, 0xFF, 0xE0, 0x7F, 0xFF, 0xFF, 0xFF, 0xFF, 0xFF, 0xFF,
    0xFF, 0xFF, 0xE0, 0x00, 0xFE, 0x00, 0x0F, 0xF0, 0x18, 0x7F, 0xE7, 0x87, 0xFF, 0xFC, 0x3F, 0xFF,
    0xE1, 0xFF, 0xFE, 0x0F, 0xFF, 0xC0, 0x3F, 0xF0, 0x00, 0x3F, 0x80, 0x00, 0x0F, 0xF8, 0x00, 0x07,
    0xFF, 0xC0, 0x01, 0xFF, 0xFC, 0x00, 0x1F, 0x1F, 0x00, 0x01, 0x80, 0xC0, 0x00, 0x00, 0x00, 0x00,
    0x00, 0xFE, 0x00, 0x00, 0xFF, 0xF8, 0x00, 0x7F, 0xFF, 0xC0, 0x3F, 0xFF, 0xFC, 0x0F, 0xFF, 0xFF,
    0xC3, 0xFF, 0xFF, 0xF0, 0x7F, 0xC0, 0xFC, 0x1F, 0xE0, 0x07, 0x03, 0xF8, 0x00, 0x40, 0xFF, 0x00,
    0x00, 0x1F, 0xC0, 0x00, 0x03, 0xF8, 0x00, 0x00, 0x7F, 0x03, 0xFF, 0xEF, 0xC0, 0x7F, 0xFD, 0xF8,
    0x0F, 0xFF, 0xBF, 0x81, 0xFF, 0xF7, 0xF0, 0x3F, 0xFE, 0xFE, 0x00, 0x0F, 0xDF, 0xE0, 0x03, 0xF9,
    0xFE, 0x00, 0x7F, 0x3F, 0xE0, 0x1F, 0xC3, 0xFF, 0x9F, 0xF8, 0x3F, 0xFF, 0xFE, 0x03, 0xFF, 0xFF,
    0x80, 0x3F, 0xFF, 0xE0, 0x03, 0xFF, 0xF8, 0x00, 0x1F, 0xFC, 0x00, 0x00, 0x7C, 0x00, 0x03, 0xF8,
    0x00, 0x3F, 0xF0, 0x01, 0xFF, 0xF0, 0x0F, 0xCF, 0xC0, 0x1C, 0x0F, 0x00, 0x20, 0x18, 0x00, 0x00,
    0x00, 0x00, 0x00, 0x00, 0x1F, 0xE7, 0xE0, 0xFF, 0xFF, 0x8F, 0xFF, 0xFE, 0x3F, 0xFF, 0xF9, 0xFF,
    0xFF, 0xE7, 0xFD, 0xFF, 0xBF, 0xC1, 0xFE, 0xFE, 0x03, 0xFB, 0xF8, 0x0F, 0xEF, 0xC0, 0x1F, 0xBF,
    0x00, 0x7E, 0xFE, 0x03, 0xFB, 0xF8, 0x0F, 0xEF, 0xF0, 0x7F, 0xBF, 0xF7, 0xFE, 0x7F, 0xFF, 0xF8,
    0xFF, 0xFF, 0xE3, 0xFF, 0xFF, 0x83, 0xFF, 0x7E, 0x07, 0xF9, 0xF8, 0x00, 0x0F, 0xE0, 0x00, 0x3F,
    0x86, 0x01, 0xFE, 0x1F, 0x9F, 0xF8, 0xFF, 0xFF, 0xC3, 0xFF, 0xFE, 0x0F, 0xFF, 0xF8, 0x1F, 0xFF,
    0x80, 0x1F, 0xF8, 0x00, 0x00, 0x00, 0x00, 0x00, 0x7C, 0x1F, 0x00, 0x07, 0xEF, 0xE0, 0x00, 0xFF,
    0xF8, 0x00, 0x0F, 0xFE, 0x00, 0x00, 0xFF, 0xC0, 0x00, 0x0F, 0xE0, 0x00, 0x00, 0x00, 0x00, 0x00,
    0x1F, 0xC0, 0x00, 0x1F, 0xFF, 0x00, 0x0F, 0xFF, 0xF8, 0x07, 0xFF, 0xFF, 0x81, 0xFF, 0xFF, 0xF8,
    0x7F, 0xFF, 0xFE, 0x0F, 0xF8, 0x1F, 0x83, 0xFC, 0x00, 0xE0, 0x7F, 0x00, 0x08, 0x1F, 0xE0, 0x00,
    0x03, 0xF8, 0x00, 0x00, 0x7F, 0x00, 0x00, 0x0F, 0xE0, 0x7F, 0xFD, 0xF8, 0x0F, 0xFF, 0xBF, 0x01,
    0xFF, 0xF7, 0xF0, 0x3F, 0xFE, 0xFE, 0x07, 0xFF, 0xDF, 0xC0, 0x01, 0xFB, 0xFC, 0x00, 0x7F, 0x3F,
    0xC0, 0x0F, 0xE7, 0xFC, 0x03, 0xF8, 0x7F, 0xF3, 0xFF, 0x07, 0xFF, 0xFF, 0xC0, 0x7F, 0xFF, 0xF0,
    0x07, 0xFF, 0xFC, 0x00, 0x7F, 0xFF, 0x00, 0x03, 0xFF, 0x80, 0x00, 0x07, 0x83, 0x80, 0x3E, 0x1F,
    0x00, 0x7E, 0xFC, 0x01, 0xFF, 0xE0, 0x03, 0xFF, 0x80, 0x07, 0xFC, 0x00, 0x0F, 0xE0, 0x00, 0x00,
    0x00, 0x00, 0x00, 0x00, 0x1F, 0xE7, 0xE0, 0xFF, 0xFF, 0x8F, 0xFF, 0xFE, 0x3F, 0xFF, 0xF9, 0xFF,
    0xFF, 0xE7, 0xFD, 0xFF, 0xBF, 0xC1, 0xFE, 0xFE, 0x03, 0xFB, 0xF8, 0x0F, 0xEF, 0xC0, 0x1F, 0xBF,
    0x00, 0x7E, 0xFE, 0x03, 0xFB, 0xF8, 0x0F, 0xEF, 0xF0, 0x7F, 0xBF, 0xF7, 0xFE, 0x7F, 0xFF, 0xF8,
    0xFF, 0xFF, 0xE3, 0xFF, 0xFF, 0x83, 0xFF, 0x7E, 0x07, 0xF9, 0xF8, 0x00, 0x0F, 0xE0, 0x00, 0x3F,
    0x86, 0x01, 0xFE, 0x1F, 0x9F, 0xF8, 0xFF, 0xFF, 0xC3, 0xFF, 0xFE, 0x0F, 0xFF, 0xF8, 0x1F, 0xFF,
    0x80, 0x1F, 0xF8, 0x00, 0x00, 0x1F, 0x00, 0x00, 0x07, 0xF0, 0x00, 0x00, 0xFE, 0x00, 0x00, 0x1F,
    0xC0, 0x00, 0x03, 0xF8, 0x00, 0x00, 0x3E, 0x00, 0x00, 0x00, 0x00, 0x00, 0x00, 0xFE, 0x00, 0x00,
    0xFF, 0xF8, 0x00, 0x7F, 0xFF, 0xC0, 0x3F, 0xFF, 0xFC, 0x0F, 0xFF, 0xFF, 0xC3, 0xFF, 0xFF, 0xF0,
    0x7F, 0xC0, 0xFC, 0x1F, 0xE0, 0x07, 0x03, 0xF8, 0x00, 0x40, 0xFF, 0x00, 0x00, 0x1F, 0xC0, 0x00,
    0x03, 0xF8, 0x00, 0x00, 0x7F, 0x03, 0xFF, 0xEF, 0xC0, 0x7F, 0xFD, 0xF8, 0x0F, 0xFF, 0xBF, 0x81,
    0xFF, 0xF7, 0xF0, 0x3F, 0xFE, 0xFE, 0x00, 0x0F, 0xDF, 0xE0, 0x03, 0xF9, 0xFE, 0x00, 0x7F, 0x3F,
    0xE0, 0x1F, 0xC3, 0xFF, 0x9F, 0xF8, 0x3F, 0xFF, 0xFE, 0x03, 0xFF, 0xFF, 0x80, 0x3F, 0xFF, 0xE0,
    0x03, 0xFF, 0xF8, 0x00, 0x1F, 0xFC, 0x00, 0x00, 0x7C, 0x00, 0x03, 0xF8, 0x00, 0x0F, 0xE0, 0x00,
    0x3F, 0x80, 0x00, 0xFE, 0x00, 0x01, 0xF0, 0x00, 0x00, 0x00, 0x00, 0x00, 0x00, 0x00, 0x00, 0x00,
    0x1F, 0xE7, 0xE0, 0xFF, 0xFF, 0x8F, 0xFF, 0xFE, 0x3F, 0xFF, 0xF9, 0xFF, 0xFF, 0xE7, 0xFD, 0xFF,
    0xBF, 0xC1, 0xFE, 0xFE, 0x03, 0xFB, 0xF8, 0x0F, 0xEF, 0xC0, 0x1F, 0xBF, 0x00, 0x7E, 0xFE, 0x03,
    0xFB, 0xF8, 0x0F, 0xEF, 0xF0, 0x7F, 0xBF, 0xF7, 0xFE, 0x7F, 0xFF, 0xF8, 0xFF, 0xFF, 0xE3, 0xFF,
    0xFF, 0x83, 0xFF, 0x7E, 0x07, 0xF9, 0xF8, 0x00, 0x0F, 0xE0, 0x00, 0x3F, 0x86, 0x01, 0xFE, 0x1F,
    0x9F, 0xF8, 0xFF, 0xFF, 0xC3, 0xFF, 0xFE, 0x0F, 0xFF, 0xF8, 0x1F, 0xFF, 0x80, 0x1F, 0xF8, 0x00,
    0x00, 0x1F, 0xC0, 0x00, 0x1F, 0xFF, 0x00, 0x0F, 0xFF, 0xF8, 0x07, 0xFF, 0xFF, 0x81, 0xFF, 0xFF,
    0xF8, 0x7F, 0xFF, 0xFE, 0x0F, 0xF8, 0x1F, 0x83, 0xFC, 0x00, 0xE0, 0x7F, 0x00, 0x08, 0x1F, 0xE0,
    0x00, 0x03, 0xF8, 0x00, 0x00, 0x7F, 0x00, 0x00, 0x0F, 0xE0, 0x3F, 0xFD, 0xF8, 0x07, 0xFF, 0xBF,
    0x00, 0xFF, 0xF7, 0xF0, 0x1F, 0xFE, 0xFE, 0x03, 0xFF, 0xDF, 0xC0, 0x01, 0xFB, 0xFC, 0x00, 0x7F,
    0x3F, 0xC0, 0x0F, 0xE7, 0xFC, 0x03, 0xF8, 0x7F, 0xF3, 0xFF, 0x07, 0xFF, 0xFF, 0xC0, 0x7F, 0xFF,
    0xF0, 0x07, 0xFF, 0xFC, 0x00, 0x7F, 0xFF, 0x00, 0x03, 0xFF, 0x80, 0x00, 0x00, 0x00, 0x00, 0x03,
    0xF0, 0x00, 0x00, 0x7F, 0x00, 0x00, 0x0F, 0xE0, 0x00, 0x01, 0xFC, 0x00, 0x00, 0x1F, 0x80, 0x00,
    0x01, 0xF0, 0x00, 0x00, 0x7C, 0x00, 0x00, 0x3F, 0x80, 0x00, 0x03, 0xC0, 0x00, 0x00, 0x20, 0x00,
    0x00, 0x00, 0x04, 0x00, 0x00, 0x78, 0x00, 0x03, 0xE0, 0x00, 0x1F, 0x00, 0x00, 0xF8, 0x00, 0x03,
    0xF0, 0x00, 0x0F, 0xE0, 0x00, 0x3F, 0x80, 0x00, 0xFE, 0x00, 0x01, 0xF0, 0x00, 0x00, 0x00, 0x00,
    0x00, 0x00, 0x07, 0xF9, 0xF8, 0x3F, 0xFF, 0xE3, 0xFF, 0xFF, 0x8F, 0xFF, 0xFE, 0x7F, 0xFF, 0xF9,
    0xFF, 0x7F, 0xEF, 0xF0, 0x7F, 0xBF, 0x80, 0xFE, 0xFE, 0x03, 0xFB, 0xF0, 0x07, 0xEF, 0xC0, 0x1F,
    0xBF, 0x80, 0xFE, 0xFE, 0x03, 0xFB, 0xFC, 0x1F, 0xEF, 0xFD, 0xFF, 0x9F, 0xFF, 0xFE, 0x3F, 0xFF,
    0xF8, 0xFF, 0xFF, 0xE0, 0xFF, 0xDF, 0x81, 0xFE, 0x7E, 0x00, 0x03, 0xF8, 0x00, 0x0F, 0xE1, 0x80,
    0x7F, 0x87, 0xE7, 0xFE, 0x3F, 0xFF, 0xF0, 0xFF, 0xFF, 0x83, 0xFF, 0xFE, 0x07, 0xFF, 0xE0, 0x07,
    0xFE, 0x00, 0x00, 0xFC, 0x00, 0x03, 0xFC, 0x00, 0x0F, 0xFC, 0x00, 0x7F, 0xFE, 0x00, 0xFC, 0xFC,
    0x00, 0xE0, 0x70, 0x00, 0x00, 0x00, 0x00, 0x00, 0x00, 0xFC, 0x00, 0xFD, 0xF8, 0x01, 0xFB, 0xF0,
    0x03, 0xF7, 0xE0, 0x07, 0xEF, 0xC0, 0x0F, 0xDF, 0x80, 0x1F, 0xBF, 0x00, 0x3F, 0x7E, 0x00, 0x7E,
    0xFC, 0x00, 0xFD, 0xF8, 0x01, 0xFB, 0xF8, 0x03, 0xF7, 0xFF, 0xFF, 0xEF, 0xFF, 0xFF, 0xDF, 0xFF,
    0xFF, 0xBF, 0xFF, 0xFF, 0x7F, 0xFF, 0xFE, 0xFC, 0x00, 0xFD, 0xF8, 0x01, 0xFB, 0xF0, 0x03, 0xF7,
    0xE0, 0x07, 0xEF, 0xC0, 0x0F, 0xDF, 0x80, 0x1F, 0xBF, 0x00, 0x3F, 0x7E, 0x00, 0x7E, 0xFC, 0x00,
    0xFD, 0xF8, 0x01, 0xF8, 0x01, 0xF0, 0x00, 0x7F, 0x00, 0x1F, 0xF0, 0x0F, 0xFF, 0x03, 0xFF, 0xF0,
    0x3E, 0x3E, 0x03, 0x01, 0x80, 0x00, 0x00, 0x00, 0x00, 0x1F, 0x80, 0x03, 0xF0, 0x00, 0x7E, 0x00,
    0x0F, 0xC0, 0x01, 0xF8, 0x00, 0x3F, 0x00, 0x07, 0xE0, 0x00, 0xFC, 0xFF, 0x1F, 0xBF, 0xF3, 0xFF,
    0xFF, 0x7F, 0xFF, 0xFF, 0xFF, 0xFF, 0xFF, 0x3F, 0xFF, 0x83, 0xFF, 0xF0, 0x7F, 0xFC, 0x07, 0xFF,
    0x80, 0xFF, 0xF0, 0x1F, 0xFE, 0x03, 0xFF, 0xC0, 0x7F, 0xF8, 0x0F, 0xFF, 0x01, 0xFF, 0xE0, 0x3F,
    0xFC, 0x07, 0xFF, 0x80, 0xFF, 0xF0, 0x1F, 0xFE, 0x03, 0xF0, 0x1F, 0x80, 0x1F, 0x80, 0xFC, 0x00,
    0xFC, 0x07, 0xE0, 0x07, 0xE1, 0xFF, 0x00, 0x3F, 0xFF, 0xFF, 0xFF, 0xFF, 0xFF, 0xFF, 0xFF, 0xFF,
    0xFF, 0xFF, 0xFF, 0xFF, 0xFF, 0xFF, 0xFF, 0x1F, 0x80, 0x1F, 0xC0, 0xFC, 0x00, 0xFC, 0x07, 0xF0,
    0x07, 0xE0, 0x3F, 0xFF, 0xFF, 0x01, 0xFF, 0xFF, 0xF8, 0x0F, 0xFF, 0xFF, 0xC0, 0x7F, 0xFF, 0xFE,
    0x03, 0xFF, 0xFF, 0xF0, 0x1F, 0x80, 0x1F, 0x80, 0xFC, 0x00, 0xFC, 0x07, 0xE0, 0x07, 0xE0, 0x3F,
    0x00, 0x3F, 0x01, 0xF8, 0x01, 0xF8, 0x0F, 0xC0, 0x0F, 0xC0, 0x7E, 0x00, 0x7E, 0x03, 0xF0, 0x03,
    0xF0, 0x1F, 0x80, 0x1F, 0x80, 0xFC, 0x00, 0xFC, 0x00, 0x3F, 0x00, 0x01, 0xF8, 0x00, 0x3F, 0xFE,
    0x01, 0xFF, 0xF0, 0x0F, 0xFF, 0x80, 0x7F, 0xFC, 0x00, 0xFC, 0x00, 0x07, 0xE0, 0x00, 0x3F, 0x3F,
    0xC1, 0xFB, 0xFF, 0x0F, 0xFF, 0xFC, 0x7F, 0xFF, 0xF3, 0xFF, 0xFF, 0x9F, 0xF3, 0xFC, 0xFE, 0x0F,
    0xE7, 0xF0, 0x7F, 0x3F, 0x01, 0xF9, 0xF8, 0x0F, 0xCF, 0xC0, 0x7E, 0x7E, 0x03, 0xF3, 0xF0, 0x1F,
    0x9F, 0x80, 0xFC, 0xFC, 0x07, 0xE7, 0xE0, 0x3F, 0x3F, 0x01, 0xF9, 0xF8, 0x0F, 0xCF, 0xC0, 0x7E,
    0x7E, 0x03, 0xF0, 0x00, 0x00, 0x7F, 0x7D, 0xFF, 0xFF, 0xFF, 0xFF, 0xFF, 0xDE, 0x3F, 0x00, 0x00,
    0x00, 0x00, 0xFF, 0xFF, 0xFF, 0xFF, 0xFF, 0xFF, 0xFF, 0xFF, 0xFF, 0xE0, 0xFC, 0x01, 0xF8, 0x03,
    0xF0, 0x07, 0xE0, 0x0F, 0xC0, 0x1F, 0x80, 0x3F, 0x00, 0x7E, 0x00, 0xFC, 0x01, 0xF8, 0x03, 0xF0,
    0x07, 0xE0, 0x0F, 0xC0, 0x1F, 0x80, 0x3F, 0x00, 0x7E, 0x1F, 0xFF, 0xFF, 0xFF, 0xFF, 0xFF, 0xFF,
    0xFF, 0xFF, 0xFC, 0x3F, 0x3D, 0xFF, 0xFF, 0xFF, 0xFF, 0xFF, 0xFB, 0xF9, 0xC3, 0x80, 0x00, 0x00,
    0x00, 0x0F, 0xC0, 0x3F, 0x00, 0xFC, 0x03, 0xF0, 0x0F, 0xC0, 0x3F, 0x00, 0xFC, 0x03, 0xF0, 0x0F,
    0xC0, 0x3F, 0x00, 0xFC, 0x03, 0xF0, 0x0F, 0xC0, 0x3F, 0x00, 0xFC, 0x03, 0xF0, 0x0F, 0xC0, 0x3F,
    0x00, 0xFC, 0x03, 0xF0, 0x7F, 0xFC, 0xFF, 0xF9, 0xFF, 0xF3, 0xFF, 0xE0, 0x00, 0x00, 0x00, 0x00,
    0x00, 0x7F, 0xFF, 0xFF, 0xFF, 0xFF, 0xFF, 0xFF, 0xFF, 0xFF, 0xF0, 0x7E, 0x00, 0xFC, 0x01, 0xF8,
    0x03, 0xF0, 0x07, 0xE0, 0x0F, 0xC0, 0x1F, 0x80, 0x3F, 0x00, 0x7E, 0x00, 0xFC, 0x01, 0xF8, 0x03,
    0xF0, 0x07, 0xE0, 0x0F, 0xC0, 0x1F, 0x80, 0x3F, 0x0F, 0xFF, 0xFF, 0xFF, 0xFF, 0xFF, 0xFF, 0xFF,
    0xFF, 0xFE, 0xFF, 0xFF, 0xFF, 0xFF, 0xFF, 0xFF, 0xF0, 0x00, 0x00, 0x00, 0x00, 0x03, 0xF0, 0x1F,
    0x80, 0xFC, 0x07, 0xE0, 0x3F, 0x01, 0xF8, 0x0F, 0xC0, 0x7E, 0x03, 0xF0, 0x1F, 0x80, 0xFC, 0x07,
    0xE0, 0x3F, 0x01, 0xF8, 0x0F, 0xC0, 0x7E, 0x03, 0xF0, 0x1F, 0x80, 0xFC, 0x07, 0xE0, 0x08, 0x00,
    0xF8, 0x79, 0xF9, 0xF3, 0xFF, 0xE3, 0xFF, 0x83, 0xFE, 0x03, 0xF8, 0x00, 0x00, 0x00, 0x01, 0xFF,
    0xFF, 0xFF, 0xFF, 0xFF, 0xFF, 0xFF, 0xFF, 0xFF, 0xC1, 0xF8, 0x03, 0xF0, 0x07, 0xE0, 0x0F, 0xC0,
    0x1F, 0x80, 0x3F, 0x00, 0x7E, 0x00, 0xFC, 0x01, 0xF8, 0x03, 0xF0, 0x07, 0xE0, 0x0F, 0xC0, 0x1F,
    0x80, 0x3F, 0x00, 0x7E, 0x00, 0xFC, 0x3F, 0xFF, 0xFF, 0xFF, 0xFF, 0xFF, 0xFF, 0xFF, 0xFF, 0xF8,
    0x70, 0x3B, 0xE1, 0xFF, 0xCF, 0xDF, 0xFE, 0x7F, 0xF8, 0xFF, 0xC0, 0xFC, 0x00, 0x00, 0x00, 0x00,
    0x3F, 0x00, 0xFC, 0x03, 0xF0, 0x0F, 0xC0, 0x3F, 0x00, 0xFC, 0x03, 0xF0, 0x0F, 0xC0, 0x3F, 0x00,
    0xFC, 0x03, 0xF0, 0x0F, 0xC0, 0x3F, 0x00, 0xFC, 0x03, 0xF0, 0x0F, 0xC0, 0x3F, 0x00, 0xFC, 0x03,
    0xF0, 0x0F, 0xC0, 0xFF, 0xFF, 0xFF, 0xFF, 0xFF, 0xFF, 0xFF, 0xFF, 0xFF, 0xE0, 0xFC, 0x01, 0xF8,
    0x03, 0xF0, 0x07, 0xE0, 0x0F, 0xC0, 0x1F, 0x80, 0x3F, 0x00, 0x7E, 0x00, 0xFC, 0x01, 0xF8, 0x03,
    0xF0, 0x07, 0xE0, 0x0F, 0xC0, 0x1F, 0x80, 0x3F, 0x00, 0x7E, 0x1F, 0xFF, 0xFF, 0xFF, 0xFF, 0xFF,
    0xFF, 0xFF, 0xFF, 0xFC, 0x0F, 0xC0, 0x3E, 0x00, 0x78, 0x00, 0xFE, 0x01, 0xFE, 0x03, 0xFE, 0x07,
    0xF8, 0x07, 0xE0, 0x1F, 0x0F, 0xE3, 0xF8, 0xFE, 0x3F, 0x87, 0xC0, 0x00, 0x00, 0x00, 0x0F, 0xC3,
    0xF0, 0xFC, 0x3F, 0x0F, 0xC3, 0xF0, 0xFC, 0x3F, 0x0F, 0xC3, 0xF0, 0xFC, 0x3F, 0x0F, 0xC3, 0xF0,
    0xFC, 0x3F, 0x0F, 0xC3, 0xF0, 0xFC, 0x3F, 0x1F, 0x8F, 0x83, 0xC0, 0xFE, 0x3F, 0xEF, 0xF9, 0xFE,
    0x3E, 0x00, 0x07, 0xC0, 0x1F, 0xC0, 0x3F, 0x80, 0x7F, 0x00, 0xFE, 0x00, 0xF8, 0x00, 0x00, 0x00,
    0x00, 0xFF, 0xFF, 0xFF, 0xFF, 0xFF, 0xFF, 0xFF, 0xFF, 0xFF, 0xE0, 0xFC, 0x01, 0xF8, 0x03, 0xF0,
    0x07, 0xE0, 0x0F, 0xC0, 0x1F, 0x80, 0x3F, 0x00, 0x7E, 0x00, 0xFC, 0x01, 0xF8, 0x03, 0xF0, 0x07,
    0xE0, 0x0F, 0xC0, 0x1F, 0x80, 0x3F, 0x00, 0x7E, 0x1F, 0xFF, 0xFF, 0xFF, 0xFF, 0xFF, 0xFF, 0xFF,
    0xFF, 0xFC, 0xFD, 0xFB, 0xF7, 0xEF, 0xDF, 0xBF, 0x7E, 0xFD, 0xFB, 0xF7, 0xEF, 0xDF, 0xBF, 0x7E,
    0xFD, 0xFB, 0xF7, 0xE0, 0xFF, 0xFE, 0x00, 0x7F, 0xFF, 0xFF, 0xFE, 0x00, 0x7F, 0xFF, 0xFF, 0xFE,
    0x00, 0x7F, 0xFF, 0xFF, 0xFE, 0x00, 0x7F, 0xFF, 0xFF, 0xFE, 0x00, 0x7F, 0xFF, 0x07, 0xE0, 0x00,
    0x03, 0xF0, 0x07, 0xE0, 0x00, 0x03, 0xF0, 0x07, 0xE0, 0x00, 0x03, 0xF0, 0x07, 0xE0, 0x00, 0x03,
    0xF0, 0x07, 0xE0, 0x00, 0x03, 0xF0, 0x07, 0xE0, 0x00, 0x03, 0xF0, 0x07, 0xE0, 0x00, 0x03, 0xF0,
    0x07, 0xE0, 0x00, 0x03, 0xF0, 0x07, 0xE0, 0x00, 0x03, 0xF0, 0x07, 0xE0, 0x00, 0x03, 0xF0, 0x07,
    0xE0, 0x00, 0x03, 0xF0, 0x07, 0xE0, 0x00, 0x03, 0xF0, 0x07, 0xE0, 0x00, 0x03, 0xF0, 0x07, 0xE0,
    0x03, 0x07, 0xF0, 0x07, 0xE0, 0x07, 0x07, 0xF0, 0x07, 0xE0, 0x0F, 0xCF, 0xF0, 0xFF, 0xFE, 0x1F,
    0xFF, 0xF0, 0xFF, 0xFE, 0x1F, 0xFF, 0xE0, 0xFF, 0xFE, 0x0F, 0xFF, 0xC0, 0xFF, 0xFE, 0x07, 0xFF,
    0x80, 0xFF, 0xFE, 0x01, 0xFF, 0x00, 0x7C, 0x07, 0xDF, 0xC1, 0xFF, 0xF8, 0x3F, 0xFF, 0x07, 0xFF,
    0xE0, 0xFE, 0xF8, 0x0F, 0x80, 0x00, 0x00, 0x00, 0x00, 0x00, 0x00, 0x0F, 0xC0, 0xFD, 0xF8, 0x1F,
    0xBF, 0x03, 0xF7, 0xE0, 0x7E, 0xFC, 0x0F, 0xDF, 0x81, 0xFB, 0xF0, 0x3F, 0x7E, 0x07, 0xEF, 0xC0,
    0xFD, 0xF8, 0x1F, 0xBF, 0x03, 0xF7, 0xE0, 0x7E, 0xFC, 0x0F, 0xDF, 0x81, 0xFB, 0xF0, 0x3F, 0x7E,
    0x07, 0xEF, 0xC0, 0xFD, 0xF8, 0x1F, 0xBF, 0x03, 0xF7, 0xE0, 0xFE, 0x00, 0x1F, 0xC0, 0x03, 0xF8,
    0x00, 0xFF, 0x00, 0xFF, 0xE0, 0x1F, 0xF8, 0x01, 0xFF, 0x00, 0x3F, 0xC0, 0x03, 0xE0, 0x00, 0x1F,
    0x80, 0x03, 0xFE, 0x00, 0x3F, 0xFC, 0x03, 0xFF, 0xF0, 0x1F, 0x1F, 0x00, 0x60, 0x30, 0x00, 0x00,
    0x00, 0x00, 0x00, 0x03, 0xFF, 0xF8, 0x1F, 0xFF, 0xC0, 0xFF, 0xFE, 0x07, 0xFF, 0xF0, 0x3F, 0xFF,
    0x80, 0x0F, 0xC0, 0x00, 0x7E, 0x00, 0x03, 0xF0, 0x00, 0x1F, 0x80, 0x00, 0xFC, 0x00, 0x07, 0xE0,
    0x00, 0x3F, 0x00, 0x01, 0xF8, 0x00, 0x0F, 0xC0, 0x00, 0x7E, 0x00, 0x03, 0xF0, 0x00, 0x1F, 0x80,
    0x00, 0xFC, 0x04, 0x0F, 0xE0, 0x70, 0x7F, 0x07, 0xEF, 0xF8, 0x7F, 0xFF, 0xC3, 0xFF, 0xFC, 0x0F,
    0xFF, 0xC0, 0x3F, 0xFC, 0x00, 0x7F, 0xC0, 0x00, 0x03, 0xE0, 0x0F, 0xF0, 0x1F, 0xF8, 0x3F, 0xFE,
    0x7E, 0x7E, 0x38, 0x1E, 0x00, 0x00, 0x00, 0x00, 0x00, 0x00, 0x07, 0xE0, 0x07, 0xE0, 0x07, 0xE0,
    0x07, 0xE0, 0x07, 0xE0, 0x07, 0xE0, 0x07, 0xE0, 0x07, 0xE0, 0x07, 0xE0, 0x07, 0xE0, 0x07, 0xE0,
    0x07, 0xE0, 0x07, 0xE0, 0x07, 0xE0, 0x07, 0xE0, 0x07, 0xE0, 0x07, 0xE0, 0x07, 0xE0, 0x07, 0xE0,
    0x07, 0xE0, 0x0F, 0xE0, 0x0F, 0xE0, 0x1F, 0xE0, 0xFF, 0xE0, 0x7F, 0xC0, 0x7F, 0xC0, 0x3F, 0x80,
    0x3E, 0x00, 0xFC, 0x01, 0xFE, 0x7E, 0x01, 0xFE, 0x3F, 0x01, 0xFE, 0x1F, 0x81, 0xFE, 0x0F, 0xC1,
    0xFE, 0x07, 0xE1, 0xFE, 0x03, 0xF1, 0xFE, 0x01, 0xF9, 0xFE, 0x00, 0xFD, 0xFE, 0x00, 0x7F, 0xFE,
    0x00, 0x3F, 0xFE, 0x00, 0x1F, 0xFF, 0x00, 0x0F, 0xFF, 0xC0, 0x07, 0xFF, 0xF0, 0x03, 0xFF, 0xFC,
    0x01, 0xFF, 0xFE, 0x00, 0xFE, 0x7F, 0x80, 0x7E, 0x1F, 0xE0, 0x3F, 0x0F, 0xF8, 0x1F, 0x83, 0xFC,
    0x0F, 0xC0, 0xFF, 0x07, 0xE0, 0x3F, 0xC3, 0xF0, 0x0F, 0xF1, 0xF8, 0x07, 0xFC, 0xFC, 0x01, 0xFE,
    0x7E, 0x00, 0x7F, 0x80, 0x00, 0x00, 0x00, 0x1E, 0x00, 0x00, 0x1F, 0x80, 0x00, 0x0F, 0xE0, 0x00,
    0x07, 0xF0, 0x00, 0x03, 0xF8, 0x00, 0x00, 0x7C, 0x00, 0x00, 0x7E, 0x00, 0x00, 0x7E, 0x00, 0x00,
    0x3E, 0x00, 0x00, 0x1C, 0x00, 0x00, 0xFC, 0x00, 0x03, 0xF0, 0x00, 0x0F, 0xC0, 0x00, 0x3F, 0x00,
    0x00, 0xFC, 0x00, 0x03, 0xF0, 0x00, 0x0F, 0xC0, 0x00, 0x3F, 0x03, 0xFE, 0xFC, 0x1F, 0xF3, 0xF0,
    0xFF, 0x8F, 0xC7, 0xFC, 0x3F, 0x3F, 0xE0, 0xFD, 0xFF, 0x03, 0xFF, 0xF8, 0x0F, 0xFF, 0xC0, 0x3F,
    0xFC, 0x00, 0xFF, 0xF8, 0x03, 0xFF, 0xF0, 0x0F, 0xFF, 0xE0, 0x3F, 0xFF, 0x80, 0xFE, 0xFF, 0x03,
    0xF1, 0xFE, 0x0F, 0xC3, 0xFC, 0x3F, 0x07, 0xF8, 0xFC, 0x1F, 0xE3, 0xF0, 0x3F, 0xCF, 0xC0, 0x7F,
    0x80, 0x00, 0x00, 0x01, 0xE0, 0x00, 0x0F, 0xC0, 0x00, 0x3F, 0x80, 0x00, 0xFE, 0x00, 0x03, 0xF8,
    0x00, 0x03, 0xE0, 0x00, 0x1F, 0x80, 0x00, 0xFC, 0x00, 0x03, 0xE0, 0x00, 0x0E, 0x00, 0x00, 0xFC,
    0x0F, 0xFF, 0xE0, 0xFF, 0xBF, 0x0F, 0xF9, 0xF8, 0xFF, 0x8F, 0xCF, 0xF8, 0x7E, 0x7F, 0x83, 0xF7,
    0xF8, 0x1F, 0xFF, 0x80, 0xFF, 0xF8, 0x07, 0xFF, 0xC0, 0x3F, 0xFF, 0x01, 0xFF, 0xF8, 0x0F, 0xFF,
    0xE0, 0x7F, 0xFF, 0x83, 0xF9, 0xFE, 0x1F, 0x87, 0xF0, 0xFC, 0x1F, 0xC7, 0xE0, 0xFF, 0x3F, 0x03,
    0xFD, 0xF8, 0x0F, 0xE0, 0x01, 0x80, 0x00, 0x78, 0x00, 0x1F, 0xC0, 0x07, 0xFC, 0x00, 0xFF, 0xC0,
    0x07, 0xF0, 0x00, 0x78, 0x00, 0x00, 0x00, 0x00, 0x00, 0x00, 0x03, 0xF0, 0x00, 0x3F, 0x00, 0x03,
    0xF0, 0x00, 0x3F, 0x00, 0x03, 0xF0, 0x00, 0x3F, 0x00, 0x03, 0xF0, 0x00, 0x3F, 0x00, 0x03, 0xF0,
    0x00, 0x3F, 0x00, 0x03, 0xF0, 0x00, 0x3F, 0x00, 0x03, 0xF0, 0x00, 0x3F, 0x00, 0x03, 0xF0, 0x00,
    0x3F, 0x00, 0x03, 0xF0, 0x00, 0x3F, 0x00, 0x03, 0xF0, 0x00, 0x3F, 0x00, 0x03, 0xF0, 0x00, 0x3F,
    0xFF, 0xF3, 0xFF, 0xFF, 0x3F, 0xFF, 0xF3, 0xFF, 0xFF, 0x3F, 0xFF, 0xF0, 0x01, 0x80, 0xF0, 0x7F,
    0x3F, 0xEF, 0xFC, 0xFE, 0x1E, 0x00, 0x00, 0x00, 0x07, 0xE0, 0xFC, 0x1F, 0x83, 0xF0, 0x7E, 0x0F,
    0xC1, 0xF8, 0x3F, 0x07, 0xE0, 0xFC, 0x1F, 0x83, 0xF0, 0x7E, 0x0F, 0xC1, 0xF8, 0x3F, 0x07, 0xE0,
    0xFC, 0x1F, 0x83, 0xF0, 0x7E, 0x0F, 0xC1, 0xF8, 0x3F, 0x07, 0xE0, 0xFC, 0x1F, 0x80, 0xFC, 0x00,
    0x3F, 0x00, 0x0F, 0xC0, 0x03, 0xF0, 0x00, 0xFC, 0x00, 0x3F, 0x00, 0x0F, 0xC0, 0x03, 0xF0, 0x00,
    0xFC, 0x00, 0x3F, 0x00, 0x0F, 0xC0, 0x03, 0xF0, 0x00, 0xFC, 0x00, 0x3F, 0x00, 0x0F, 0xC0, 0x03,
    0xF0, 0x00, 0xFC, 0x00, 0x3F, 0x00, 0x0F, 0xC0, 0x03, 0xF0, 0x00, 0xFC, 0x00, 0x3F, 0xFF, 0xFF,
    0xFF, 0xFF, 0xFF, 0xFF, 0xFF, 0xFF, 0xFF, 0xFF, 0xF0, 0x00, 0x00, 0x0F, 0x00, 0x07, 0xE0, 0x01,
    0xFC, 0x00, 0x7F, 0x00, 0x1F, 0xC0, 0x01, 0xF0, 0x00, 0xFC, 0x00, 0x7E, 0x00, 0x1F, 0x00, 0x07,
    0x00, 0x00, 0x7E, 0x7E, 0x7E, 0x7E, 0x7E, 0x7E, 0x7E, 0x7E, 0x7E, 0x7E, 0x7E, 0x7E, 0x7E, 0x7E,
    0x7E, 0x7E, 0x7E, 0x7E, 0x7E, 0x7E, 0x7E, 0x7E, 0x7E, 0x7E, 0x7E, 0x7E, 0x7E, 0x00, 0x38, 0x7E,
    0x7E, 0x7E, 0x7E, 0x1E, 0x3E, 0xFC, 0xF8, 0x70, 0xFC, 0x1F, 0x3F, 0x0F, 0xEF, 0xC3, 0xFB, 0xF0,
    0xFE, 0xFC, 0x1F, 0xBF, 0x03, 0xEF, 0xC1, 0xFB, 0xF0, 0xFC, 0xFC, 0x3E, 0x3F, 0x06, 0x0F, 0xC0,
    0x03, 0xF0, 0x00, 0xFC, 0x00, 0x3F, 0x00, 0x0F, 0xC0, 0x03, 0xF0, 0x00, 0xFC, 0x00, 0x3F, 0x00,
    0x0F, 0xC0, 0x03, 0xF0, 0x00, 0xFC, 0x00, 0x3F, 0xFF, 0xFF, 0xFF, 0xFF, 0xFF, 0xFF, 0xFF, 0xFF,
    0xFF, 0xFF, 0xF0, 0xFC, 0x7E, 0xFC, 0x7F, 0xFC, 0x7F, 0xFC, 0x7F, 0xFC, 0x3F, 0xFC, 0x1F, 0xFC,
    0x3E, 0xFC, 0x7E, 0xFC, 0x78, 0xFC, 0x20, 0xFC, 0x00, 0xFC, 0x00, 0xFC, 0x00, 0xFC, 0x00, 0xFC,
    0x00, 0xFC, 0x00, 0xFC, 0x00, 0xFC, 0x00, 0xFC, 0x00, 0xFC, 0x00, 0xFC, 0x00, 0xFC, 0x00, 0xFC,
    0x00, 0xFC, 0x00, 0xFC, 0x00, 0xFC, 0x00, 0xFC, 0x00, 0xFC, 0x00, 0x3F, 0x00, 0x0F, 0xC0, 0x03,
    0xF0, 0x00, 0xFC, 0x00, 0x3F, 0x00, 0x0F, 0xC0, 0x03, 0xF0, 0x00, 0xFC, 0x07, 0xBF, 0x03, 0xFF,
    0xC0, 0xFF, 0xF0, 0x3F, 0xFC, 0x0F, 0xFF, 0x03, 0xFF, 0xC0, 0x7B, 0xF0, 0x00, 0xFC, 0x00, 0x3F,
    0x00, 0x0F, 0xC0, 0x03, 0xF0, 0x00, 0xFC, 0x00, 0x3F, 0xFF, 0xFF, 0xFF, 0xFF, 0xFF, 0xFF, 0xFF,
    0xFF, 0xFF, 0xFF, 0xF0, 0xFC, 0x01, 0xF8, 0x03, 0xF0, 0x07, 0xE0, 0x0F, 0xC0, 0x1F, 0x80, 0x3F,
    0x00, 0x7E, 0x00, 0xFC, 0x01, 0xF8, 0xF3, 0xF3, 0xF7, 0xE7, 0xEF, 0xCF, 0xDF, 0x9F, 0xBF, 0x3F,
    0x7E, 0x3C, 0xFC, 0x01, 0xF8, 0x03, 0xF0, 0x07, 0xE0, 0x0F, 0xC0, 0x1F, 0x80, 0x3F, 0x00, 0x7E,
    0x00, 0xFC, 0x01, 0xF8, 0x03, 0xF0, 0x00, 0x07, 0xE0, 0x00, 0x0F, 0xC0, 0x00, 0x1F, 0x80, 0x00,
    0x3F, 0x00, 0x00, 0x7E, 0x00, 0x00, 0xFC, 0x00, 0x01, 0xF8, 0x00, 0x03, 0xFF, 0x00, 0x07, 0xFE,
    0x00, 0x0F, 0xFC, 0x00, 0x1F, 0xFC, 0x00, 0xFF, 0xF8, 0x07, 0xFF, 0xE0, 0x0F, 0xFF, 0x00, 0x1F,
    0xF8, 0x00, 0x3F, 0xF0, 0x00, 0x3F, 0xE0, 0x00, 0x4F, 0xC0, 0x00, 0x1F, 0x80, 0x00, 0x3F, 0x00,
    0x00, 0x7E, 0x00, 0x00, 0xFF, 0xFF, 0xC1, 0xFF, 0xFF, 0x83, 0xFF, 0xFF, 0x07, 0xFF, 0xFE, 0x0F,
    0xFF, 0xFC, 0x07, 0xE0, 0x07, 0xE0, 0x07, 0xE0, 0x07, 0xE0, 0x07, 0xE0, 0x07, 0xE0, 0x07, 0xE0,
    0x07, 0xE0, 0x07, 0xFC, 0x07, 0xFC, 0x07, 0xFE, 0x0F, 0xFE, 0x3F, 0xFE, 0x7F, 0xFC, 0x7F, 0xF0,
    0x7F, 0xE0, 0x3F, 0xE0, 0x37, 0xE0, 0x07, 0xE0, 0x07, 0xE0, 0x07, 0xE0, 0x07, 0xE0, 0x07, 0xE0,
    0x07, 0xE0, 0x07, 0xE0, 0x07, 0xE0, 0x07, 0xE0, 0x00, 0x03, 0x00, 0x00, 0x0F, 0x00, 0x00, 0x3F,
    0x80, 0x00, 0xFF, 0x80, 0x01, 0xFF, 0x80, 0x01, 0xFE, 0x00, 0x00, 0xF0, 0x00, 0x00, 0x00, 0x00,
    0x00, 0x00, 0x00, 0xFC, 0x00, 0x3F, 0xFE, 0x00, 0x3F, 0xFF, 0x00, 0x3F, 0xFF, 0x80, 0x3F, 0xFF,
    0xC0, 0x3F, 0xFF, 0xC0, 0x3F, 0xFF, 0xE0, 0x3F, 0xFF, 0xF0, 0x3F, 0xFF, 0xF8, 0x3F, 0xFF, 0xF8,
    0x3F, 0xFF, 0xFC, 0x3F, 0xFD, 0xFE, 0x3F, 0xFD, 0xFF, 0x3F, 0xFC, 0xFF, 0x3F, 0xFC, 0x7F, 0xBF,
    0xFC, 0x3F, 0xFF, 0xFC, 0x3F, 0xFF, 0xFC, 0x1F, 0xFF, 0xFC, 0x0F, 0xFF, 0xFC, 0x07, 0xFF, 0xFC,
    0x03, 0xFF, 0xFC, 0x03, 0xFF, 0xFC, 0x01, 0xFF, 0xFC, 0x00, 0xFF, 0xFC, 0x00, 0x7F, 0xFC, 0x00,
    0x7F, 0x00, 0x08, 0x00, 0x03, 0x80, 0x01, 0xF8, 0x00, 0x7F, 0x00, 0x1F, 0xE0, 0x07, 0xF8, 0x00,
    0xFC, 0x00, 0x0E, 0x00, 0x00, 0x00, 0x00, 0x00, 0x03, 0xF1, 0xFC, 0x7E, 0xFF, 0xCF, 0xFF, 0xFD,
    0xFF, 0xFF, 0xFF, 0xFF, 0xFF, 0xFC, 0xFF, 0xFE, 0x0F, 0xFF, 0xC1, 0xFF, 0xF0, 0x1F, 0xFE, 0x03,
    0xFF, 0xC0, 0x7F, 0xF8, 0x0F, 0xFF, 0x01, 0xFF, 0xE0, 0x3F, 0xFC, 0x07, 0xFF, 0x80, 0xFF, 0xF0,
    0x1F, 0xFE, 0x03, 0xFF, 0xC0, 0x7F, 0xF8, 0x0F, 0xC0, 0xFC, 0x00, 0x3F, 0xFE, 0x00, 0x3F, 0xFF,
    0x00, 0x3F, 0xFF, 0x80, 0x3F, 0xFF, 0xC0, 0x3F, 0xFF, 0xC0, 0x3F, 0xFF, 0xE0, 0x3F, 0xFF, 0xF0,
    0x3F, 0xFF, 0xF8, 0x3F, 0xFF, 0xF8, 0x3F, 0xFF, 0xFC, 0x3F, 0xFD, 0xFE, 0x3F, 0xFD, 0xFF, 0x3F,
    0xFC, 0xFF, 0x3F, 0xFC, 0x7F, 0xBF, 0xFC, 0x3F, 0xFF, 0xFC, 0x3F, 0xFF, 0xFC, 0x1F, 0xFF, 0xFC,
    0x0F, 0xFF, 0xFC, 0x07, 0xFF, 0xFC, 0x03, 0xFF, 0xFC, 0x03, 0xFF, 0xFC, 0x01, 0xFF, 0xFC, 0x00,
    0xFF, 0xFC, 0x00, 0x7F, 0xFC, 0x00, 0x7F, 0x00, 0x00, 0x00, 0x00, 0x3C, 0x00, 0x00, 0x7E, 0x00,
    0x00, 0x7F, 0x00, 0x00, 0x7F, 0x00, 0x00, 0x7F, 0x00, 0x00, 0x1F, 0x00, 0x00, 0x3F, 0x00, 0x00,
    0x7E, 0x00, 0x00, 0x7C, 0x00, 0x00, 0x70, 0x00, 0xFC, 0x7F, 0x1F, 0xBF, 0xF3, 0xFF, 0xFF, 0x7F,
    0xFF, 0xFF, 0xFF, 0xFF, 0xFF, 0x3F, 0xFF, 0x83, 0xFF, 0xF0, 0x7F, 0xFC, 0x07, 0xFF, 0x80, 0xFF,
    0xF0, 0x1F, 0xFE, 0x03, 0xFF, 0xC0, 0x7F, 0xF8, 0x0F, 0xFF, 0x01, 0xFF, 0xE0, 0x3F, 0xFC, 0x07,
    0xFF, 0x80, 0xFF, 0xF0, 0x1F, 0xFE, 0x03, 0xF0, 0x00, 0x00, 0x03, 0xC0, 0x00, 0xFC, 0x00, 0x1F,
    0xC0, 0x03, 0xF8, 0x00, 0x7F, 0x00, 0x03, 0xE0, 0x00, 0x7C, 0x00, 0x3F, 0x00, 0x07, 0xC0, 0x00,
    0x60, 0x00, 0x00, 0x00, 0x00, 0x03, 0x81, 0xC0, 0x07, 0xE7, 0xE0, 0x07, 0xFF, 0xE0, 0x03, 0xFF,
    0xC0, 0x00, 0xFF, 0x00, 0x00, 0x7E, 0x00, 0x00, 0x00, 0x00, 0x00, 0x00, 0x00, 0xFC, 0x00, 0x3F,
    0xFE, 0x00, 0x3F, 0xFF, 0x00, 0x3F, 0xFF, 0x80, 0x3F, 0xFF, 0xC0, 0x3F, 0xFF, 0xC0, 0x3F, 0xFF,
    0xE0, 0x3F, 0xFF, 0xF0, 0x3F, 0xFF, 0xF8, 0x3F, 0xFF, 0xF8, 0x3F, 0xFF, 0xFC, 0x3F, 0xFD, 0xFE,
    0x3F, 0xFD, 0xFF, 0x3F, 0xFC, 0xFF, 0x3F, 0xFC, 0x7F, 0xBF, 0xFC, 0x3F, 0xFF, 0xFC, 0x3F, 0xFF,
    0xFC, 0x1F, 0xFF, 0xFC, 0x0F, 0xFF, 0xFC, 0x07, 0xFF, 0xFC, 0x03, 0xFF, 0xFC, 0x03, 0xFF, 0xFC,
    0x01, 0xFF, 0xFC, 0x00, 0xFF, 0xFC, 0x00, 0x7F, 0xFC, 0x00, 0x7F, 0x00, 0x00, 0x01, 0xE0, 0x70,
    0x7E, 0x3F, 0x07, 0xFF, 0xC0, 0x7F, 0xF0, 0x07, 0xFC, 0x00, 0x7F, 0x00, 0x07, 0xC0, 0x00, 0x00,
    0x00, 0x00, 0x03, 0xF1, 0xFC, 0x7E, 0xFF, 0xCF, 0xFF, 0xFD, 0xFF, 0xFF, 0xFF, 0xFF, 0xFF, 0xFC,
    0xFF, 0xFE, 0x0F, 0xFF, 0xC1, 0xFF, 0xF0, 0x1F, 0xFE, 0x03, 0xFF, 0xC0, 0x7F, 0xF8, 0x0F, 0xFF,
    0x01, 0xFF, 0xE0, 0x3F, 0xFC, 0x07, 0xFF, 0x80, 0xFF, 0xF0, 0x1F, 0xFE, 0x03, 0xFF, 0xC0, 0x7F,
    0xF8, 0x0F, 0xC0, 0x7F, 0x00, 0x00, 0x0F, 0xC0, 0x00, 0x01, 0xF8, 0x00, 0x00, 0x3F, 0x00, 0x00,
    0x07, 0xC0, 0x00, 0x00, 0xF8, 0x00, 0x00, 0x3F, 0x3F, 0x1F, 0xC7, 0xC7, 0xEF, 0xFC, 0xF8, 0xFF,
    0xFF, 0xDF, 0x1F, 0xFF, 0xFC, 0x03, 0xFF, 0xFF, 0x80, 0x7F, 0xCF, 0xF0, 0x0F, 0xE0, 0xFE, 0x01,
    0xFC, 0x1F, 0xC0, 0x3F, 0x01, 0xF8, 0x07, 0xE0, 0x3F, 0x00, 0xFC, 0x07, 0xE0, 0x1F, 0x80, 0xFC,
    0x03, 0xF0, 0x1F, 0x80, 0x7E, 0x03, 0xF0, 0x0F, 0xC0, 0x7E, 0x01, 0xF8, 0x0F, 0xC0, 0x3F, 0x01,
    0xF8, 0x07, 0xE0, 0x3F, 0x00, 0xFC, 0x07, 0xE0, 0x1F, 0x80, 0xFC, 0xFC, 0x00, 0x3F, 0xFE, 0x00,
    0x3F, 0xFF, 0x00, 0x3F, 0xFF, 0x80, 0x3F, 0xFF, 0xC0, 0x3F, 0xFF, 0xC0, 0x3F, 0xFF, 0xE0, 0x3F,
    0xFF, 0xF0, 0x3F, 0xFF, 0xF8, 0x3F, 0xFF, 0xF8, 0x3F, 0xFF, 0xFC, 0x3F, 0xFD, 0xFE, 0x3F, 0xFD,
    0xFF, 0x3F, 0xFC, 0xFF, 0x3F, 0xFC, 0x7F, 0xBF, 0xFC, 0x3F, 0xFF, 0xFC, 0x3F, 0xFF, 0xFC, 0x1F,
    0xFF, 0xFC, 0x0F, 0xFF, 0xFC, 0x07, 0xFF, 0xFC, 0x03, 0xFF, 0xFC, 0x03, 0xFF, 0xFC, 0x01, 0xFF,
    0xFC, 0x00, 0xFF, 0xFC, 0x00, 0x7F, 0xFC, 0x00, 0x7F, 0x00, 0x00, 0x7F, 0x00, 0x00, 0x7F, 0x00,
    0x01, 0xFF, 0x00, 0x07, 0xFF, 0x00, 0x07, 0xFF, 0x00, 0x03, 0xFE, 0x00, 0x03, 0xFC, 0x00, 0x01,
    0xF0, 0xFC, 0xFF, 0x1F, 0xFF, 0xF3, 0xFF, 0xFF, 0x7F, 0xFF, 0xFF, 0xFF, 0xFF, 0xFE, 0x1F, 0xFF,
    0x83, 0xFF, 0xF0, 0x7F, 0xFC, 0x07, 0xFF, 0x80, 0xFF, 0xF0, 0x1F, 0xFE, 0x03, 0xFF, 0xC0, 0x7F,
    0xF8, 0x0F, 0xFF, 0x01, 0xFF, 0xE0, 0x3F, 0xFC, 0x07, 0xFF, 0x80, 0xFF, 0xF0, 0x1F, 0xFE, 0x07,
    0xF0, 0x00, 0xFE, 0x00, 0x1F, 0xC0, 0x1F, 0xF8, 0x07, 0xFF, 0x00, 0x7F, 0xE0, 0x0F, 0xF8, 0x00,
    0xFE, 0x00, 0x1F, 0x00, 0x01, 0xFF, 0xF0, 0x00, 0x3F, 0xFE, 0x00, 0x07, 0xFF, 0xC0, 0x00, 0xFF,
    0xF8, 0x00, 0x00, 0x00, 0x00, 0x00, 0x00, 0x00, 0x00, 0x0F, 0xE0, 0x00, 0x0F, 0xFF, 0x80, 0x07,
    0xFF, 0xFC, 0x01, 0xFF, 0xFF, 0xC0, 0x7F, 0xFF, 0xFC, 0x1F, 0xFF, 0xFF, 0xC3, 0xFF, 0xFF, 0xF8,
    0xFF, 0x80, 0xFF, 0x9F, 0xE0, 0x0F, 0xF7, 0xF8, 0x00, 0xFF, 0xFE, 0x00, 0x0F, 0xFF, 0xC0, 0x01,
    0xFF, 0xF8, 0x00, 0x3F, 0xFE, 0x00, 0x03, 0xFF, 0xC0, 0x00, 0x7F, 0xFC, 0x00, 0x1F, 0xFF, 0x80,
    0x03, 0xFF, 0xF0, 0x00, 0x7F, 0xFF, 0x00, 0x1F, 0xEF, 0xF0, 0x07, 0xF9, 0xFF, 0xC7, 0xFF, 0x1F,
    0xFF, 0xFF, 0xC1, 0xFF, 0xFF, 0xF0, 0x1F, 0xFF, 0xFC, 0x01, 0xFF, 0xFF, 0x00, 0x1F, 0xFF, 0xC0,
    0x00, 0xFF, 0xE0, 0x00, 0x0F, 0xFF, 0x80, 0x3F, 0xFE, 0x00, 0xFF, 0xF8, 0x03, 0xFF, 0xE0, 0x00,
    0x00, 0x00, 0x00, 0x00, 0x00, 0x00, 0x00, 0x00, 0x00, 0x00, 0x03, 0xFE, 0x00, 0x3F, 0xFE, 0x01,
    0xFF, 0xFC, 0x0F, 0xFF, 0xF8, 0x7F, 0xFF, 0xF1, 0xFF, 0x7F, 0xCF, 0xF0, 0x7F, 0xBF, 0x80, 0xFE,
    0xFE, 0x03, 0xFB, 0xF0, 0x07, 0xEF, 0xC0, 0x1F, 0xBF, 0x80, 0xFE, 0xFE, 0x03, 0xFB, 0xFC, 0x1F,
    0xE7, 0xFD, 0xFF, 0x1F, 0xFF, 0xFC, 0x3F, 0xFF, 0xE0, 0x7F, 0xFF, 0x00, 0xFF, 0xF8, 0x00, 0xFF,
    0x80, 0x00, 0x00, 0x00, 0x00, 0x7C, 0x1F, 0x00, 0x0F, 0xEF, 0xE0, 0x00, 0xFF, 0xF8, 0x00, 0x0F,
    0xFE, 0x00, 0x00, 0xFF, 0x80, 0x00, 0x0F, 0xE0, 0x00, 0x00, 0x00, 0x00, 0x00, 0x3F, 0x80, 0x00,
    0x3F, 0xFE, 0x00, 0x1F, 0xFF, 0xF0, 0x07, 0xFF, 0xFF, 0x01, 0xFF, 0xFF, 0xF0, 0x7F, 0xFF, 0xFF,
    0x0F, 0xFF, 0xFF, 0xE3, 0xFE, 0x03, 0xFE, 0x7F, 0x80, 0x3F, 0xDF, 0xE0, 0x03, 0xFF, 0xF8, 0x00,
    0x3F, 0xFF, 0x00, 0x07, 0xFF, 0xE0, 0x00, 0xFF, 0xF8, 0x00, 0x0F, 0xFF, 0x00, 0x01, 0xFF, 0xF0,
    0x00, 0x7F, 0xFE, 0x00, 0x0F, 0xFF, 0xC0, 0x01, 0xFF, 0xFC, 0x00, 0x7F, 0xBF, 0xC0, 0x1F, 0xE7,
    0xFF, 0x1F, 0xFC, 0x7F, 0xFF, 0xFF, 0x07, 0xFF, 0xFF, 0xC0, 0x7F, 0xFF, 0xF0, 0x07, 0xFF, 0xFC,
    0x00, 0x7F, 0xFF, 0x00, 0x03, 0xFF, 0x80, 0x00, 0x07, 0x07, 0x80, 0x3E, 0x3E, 0x00, 0xFD, 0xF8,
    0x03, 0xFF, 0xE0, 0x07, 0xFF, 0x00, 0x0F, 0xF8, 0x00, 0x1F, 0xC0, 0x00, 0x00, 0x00, 0x00, 0x00,
    0x00, 0x0F, 0xF8, 0x00, 0xFF, 0xF8, 0x07, 0xFF, 0xF0, 0x3F, 0xFF, 0xE1, 0xFF, 0xFF, 0xC7, 0xFD,
    0xFF, 0x3F, 0xC1, 0xFE, 0xFE, 0x03, 0xFB, 0xF8, 0x0F, 0xEF, 0xC0, 0x1F, 0xBF, 0x00, 0x7E, 0xFE,
    0x03, 0xFB, 0xF8, 0x0F, 0xEF, 0xF0, 0x7F, 0x9F, 0xF7, 0xFC, 0x7F, 0xFF, 0xF0, 0xFF, 0xFF, 0x81,
    0xFF, 0xFC, 0x03, 0xFF, 0xE0, 0x03, 0xFE, 0x00, 0x00, 0x08, 0x04, 0x00, 0x03, 0x81, 0xC0, 0x00,
    0xF8, 0x7C, 0x00, 0x7F, 0xBF, 0x80, 0x1F, 0xEF, 0xF0, 0x03, 0xFB, 0xFC, 0x00, 0x7C, 0x3E, 0x00,
    0x06, 0x07, 0x00, 0x00, 0x00, 0x00, 0x00, 0x07, 0xF0, 0x00, 0x07, 0xFF, 0xC0, 0x03, 0xFF, 0xFE,
    0x00, 0xFF, 0xFF, 0xE0, 0x3F, 0xFF, 0xFE, 0x0F, 0xFF, 0xFF, 0xE1, 0xFF, 0xFF, 0xFC, 0x7F, 0xC0,
    0x7F, 0xCF, 0xF0, 0x07, 0xFB, 0xFC, 0x00, 0x7F, 0xFF, 0x00, 0x07, 0xFF, 0xE0, 0x00, 0xFF, 0xFC,
    0x00, 0x1F, 0xFF, 0x00, 0x01, 0xFF, 0xE0, 0x00, 0x3F, 0xFE, 0x00, 0x0F, 0xFF, 0xC0, 0x01, 0xFF,
    0xF8, 0x00, 0x3F, 0xFF, 0x80, 0x0F, 0xF7, 0xF8, 0x03, 0xFC, 0xFF, 0xE3, 0xFF, 0x8F, 0xFF, 0xFF,
    0xE0, 0xFF, 0xFF, 0xF8, 0x0F, 0xFF, 0xFE, 0x00, 0xFF, 0xFF, 0x80, 0x0F, 0xFF, 0xE0, 0x00, 0x7F,
    0xF0, 0x00, 0x01, 0x81, 0x00, 0x0F, 0x0E, 0x00, 0x7E, 0x7C, 0x03, 0xFB, 0xF8, 0x0F, 0xDF, 0xC0,
    0x7E, 0xFE, 0x03, 0xF3, 0xE0, 0x07, 0x07, 0x00, 0x08, 0x00, 0x00, 0x00, 0x00, 0x00, 0x3F, 0xE0,
    0x03, 0xFF, 0xE0, 0x1F, 0xFF, 0xC0, 0xFF, 0xFF, 0x87, 0xFF, 0xFF, 0x1F, 0xF7, 0xFC, 0xFF, 0x07,
    0xFB, 0xF8, 0x0F, 0xEF, 0xE0, 0x3F, 0xBF, 0x00, 0x7E, 0xFC, 0x01, 0xFB, 0xF8, 0x0F, 0xEF, 0xE0,
    0x3F, 0xBF, 0xC1, 0xFE, 0x7F, 0xDF, 0xF1, 0xFF, 0xFF, 0xC3, 0xFF, 0xFE, 0x07, 0xFF, 0xF0, 0x0F,
    0xFF, 0x80, 0x0F, 0xF8, 0x00, 0x00, 0xFF, 0xFF, 0xFF, 0xF8, 0x1F, 0xFF, 0xFF, 0xFF, 0xC3, 0xFF,
    0xFF, 0xFF, 0xFE, 0x3F, 0xFF, 0xFF, 0xFF, 0xF3, 0xFF, 0xFF, 0xFF, 0xFF, 0x9F, 0xF8, 0x1F, 0x80,
    0x01, 0xFE, 0x00, 0xFC, 0x00, 0x0F, 0xE0, 0x07, 0xE0, 0x00, 0xFF, 0x00, 0x3F, 0x00, 0x07, 0xF0,
    0x01, 0xF8, 0x00, 0x3F, 0x80, 0x0F, 0xFF, 0xF9, 0xFC, 0x00, 0x7F, 0xFF, 0xCF, 0xC0, 0x03, 0xFF,
    0xFE, 0x7E, 0x00, 0x1F, 0xFF, 0xF3, 0xF8, 0x00, 0xFF, 0xFF, 0x9F, 0xC0, 0x07, 0xE0, 0x00, 0xFE,
    0x00, 0x3F, 0x00, 0x07, 0xF0, 0x01, 0xF8, 0x00, 0x1F, 0xC0, 0x0F, 0xC0, 0x00, 0xFF, 0x00, 0x7E,
    0x00, 0x03, 0xFF, 0x03, 0xF0, 0x00, 0x1F, 0xFF, 0xFF, 0xFF, 0xFC, 0x7F, 0xFF, 0xFF, 0xFF, 0xE1,
    0xFF, 0xFF, 0xFF, 0xFF, 0x07, 0xFF, 0xFF, 0xFF, 0xF8, 0x0F, 0xFF, 0xFF, 0xFF, 0xC0, 0x03, 0xFE,
    0x03, 0xFC, 0x01, 0xFF, 0xF1, 0xFF, 0xE0, 0x7F, 0xFF, 0x7F, 0xFE, 0x1F, 0xFF, 0xFF, 0xFF, 0xE7,
    0xFF, 0xFF, 0xFF, 0xFC, 0xFF, 0x9F, 0xFF, 0x7F, 0xFF, 0xC0, 0xFF, 0x83, 0xFF, 0xF0, 0x1F, 0xF0,
    0x7F, 0xFE, 0x01, 0xFF, 0xFF, 0xFF, 0x80, 0x3F, 0xFF, 0xFF, 0xF0, 0x07, 0xFF, 0xFF, 0xFF, 0x00,
    0xFF, 0x00, 0x0F, 0xE0, 0x3F, 0xE0, 0x01, 0xFE, 0x07, 0xFE, 0x06, 0x1F, 0xF3, 0xFF, 0xF3, 0xC3,
    0xFF, 0xFF, 0xFF, 0xFC, 0x3F, 0xFF, 0xFF, 0xFF, 0xC3, 0xFF, 0xFF, 0xFF, 0xF8, 0x3F, 0xFE, 0x3F,
    0xFE, 0x01, 0xFF, 0x01, 0xFF, 0x00, 0x00, 0x18, 0x00, 0x00, 0xF8, 0x00, 0x07, 0xF0, 0x00, 0x3F,
    0xF0, 0x00, 0xFF, 0xE0, 0x00, 0xFE, 0x00, 0x01, 0xE0, 0x00, 0x00, 0x00, 0x00, 0x00, 0x00, 0x01,
    0xFF, 0xFE, 0x03, 0xFF, 0xFF, 0x07, 0xFF, 0xFF, 0x0F, 0xFF, 0xFF, 0x1F, 0xFF, 0xFE, 0x3F, 0x03,
    0xFE, 0x7E, 0x01, 0xFC, 0xFC, 0x03, 0xF9, 0xF8, 0x03, 0xF3, 0xF0, 0x0F, 0xE7, 0xE0, 0x1F, 0xCF,
    0xC0, 0xFF, 0x9F, 0xFF, 0xFE, 0x3F, 0xFF, 0xFC, 0x7F, 0xFF, 0xF0, 0xFF, 0xFF, 0xC1, 0xFF, 0xFF,
    0x03, 0xF1, 0xFF, 0x07, 0xE1, 0xFE, 0x0F, 0xC1, 0xFE, 0x1F, 0x83, 0xFC, 0x3F, 0x03, 0xFC, 0x7E,
    0x07, 0xF8, 0xFC, 0x07, 0xF9, 0xF8, 0x07, 0xFB, 0xF0, 0x0F, 0xF0, 0x00, 0x40, 0x03, 0xC0, 0x0F,
    0x80, 0x3F, 0x81, 0xFF, 0x07, 0xF8, 0x07, 0xE0, 0x0F, 0x00, 0x00, 0x00, 0x00, 0x03, 0xF1, 0xFF,
    0xEF, 0xEF, 0xFF, 0xDF, 0xFF, 0xBF, 0xFF, 0x7F, 0xFC, 0xFF, 0x99, 0xFC, 0x03, 0xF8, 0x07, 0xE0,
    0x0F, 0xC0, 0x1F, 0x80, 0x3F, 0x00, 0x7E, 0x00, 0xFC, 0x01, 0xF8, 0x03, 0xF0, 0x07, 0xE0, 0x0F,
    0xC0, 0x1F, 0x80, 0x00, 0xFF, 0xFF, 0x01, 0xFF, 0xFF, 0x83, 0xFF, 0xFF, 0x87, 0xFF, 0xFF, 0x8F,
    0xFF, 0xFF, 0x1F, 0x81, 0xFF, 0x3F, 0x00, 0xFE, 0x7E, 0x01, 0xFC, 0xFC, 0x01, 0xF9, 0xF8, 0x07,
    0xF3, 0xF0, 0x0F, 0xE7, 0xE0, 0x7F, 0xCF, 0xFF, 0xFF, 0x1F, 0xFF, 0xFE, 0x3F, 0xFF, 0xF8, 0x7F,
    0xFF, 0xE0, 0xFF, 0xFF, 0x81, 0xF8, 0x7F, 0x83, 0xF0, 0xFF, 0x07, 0xE0, 0xFF, 0x0F, 0xC1, 0xFE,
    0x1F, 0x81, 0xFE, 0x3F, 0x01, 0xFE, 0x7E, 0x03, 0xFC, 0xFC, 0x03, 0xFD, 0xF8, 0x07, 0xF8, 0x00,
    0x00, 0x00, 0x07, 0x80, 0x00, 0x1F, 0x80, 0x00, 0x3F, 0x80, 0x00, 0x7F, 0x00, 0x00, 0xFE, 0x00,
    0x00, 0x7C, 0x00, 0x01, 0xF8, 0x00, 0x0F, 0xE0, 0x00, 0x0F, 0x80, 0x00, 0x1C, 0x00, 0x00, 0x7E,
    0x3F, 0x7E, 0xFF, 0x7F, 0xFE, 0x7F, 0xFE, 0x7F, 0xFE, 0x7F, 0xFE, 0x7F, 0xCC, 0x7F, 0x00, 0x7F,
    0x00, 0x7E, 0x00, 0x7E, 0x00, 0x7E, 0x00, 0x7E, 0x00, 0x7E, 0x00, 0x7E, 0x00, 0x7E, 0x00, 0x7E,
    0x00, 0x7E, 0x00, 0x7E, 0x00, 0x7E, 0x00, 0x00, 0x00, 0x3C, 0x00, 0x7E, 0x00, 0x7F, 0x00, 0x7F,
    0x00, 0x7F, 0x00, 0x1F, 0x00, 0x3F, 0x00, 0x7E, 0x00, 0x7C, 0x00, 0x70, 0x00, 0x00, 0x00, 0x00,
    0x38, 0x1E, 0x00, 0xFE, 0xFC, 0x01, 0xFF, 0xF8, 0x00, 0xFF, 0xE0, 0x00, 0xFF, 0x80, 0x00, 0xFC,
    0x00, 0x00, 0x00, 0x00, 0x00, 0x00, 0x01, 0xFF, 0xFE, 0x03, 0xFF, 0xFF, 0x07, 0xFF, 0xFF, 0x0F,
    0xFF, 0xFF, 0x1F, 0xFF, 0xFE, 0x3F, 0x03, 0xFE, 0x7E, 0x01, 0xFC, 0xFC, 0x03, 0xF9, 0xF8, 0x03,
    0xF3, 0xF0, 0x0F, 0xE7, 0xE0, 0x1F, 0xCF, 0xC0, 0xFF, 0x9F, 0xFF, 0xFE, 0x3F, 0xFF, 0xFC, 0x7F,
    0xFF, 0xF0, 0xFF, 0xFF, 0xC1, 0xFF, 0xFF, 0x03, 0xF1, 0xFF, 0x07, 0xE1, 0xFE, 0x0F, 0xC1, 0xFE,
    0x1F, 0x83, 0xFC, 0x3F, 0x03, 0xFC, 0x7E, 0x07, 0xF8, 0xFC, 0x07, 0xF9, 0xF8, 0x07, 0xFB, 0xF0,
    0x0F, 0xF0, 0x00, 0x00, 0xE0, 0x7B, 0xF1, 0xFB, 0xFF, 0xE3, 0xFF, 0x83, 0xFE, 0x03, 0xF8, 0x03,
    0xE0, 0x00, 0x00, 0x00, 0x03, 0xF1, 0xFF, 0xEF, 0xEF, 0xFF, 0xDF, 0xFF, 0xBF, 0xFF, 0x7F, 0xFC,
    0xFF, 0x99, 0xFC, 0x03, 0xF8, 0x07, 0xE0, 0x0F, 0xC0, 0x1F, 0x80, 0x3F, 0x00, 0x7E, 0x00, 0xFC,
    0x01, 0xF8, 0x03, 0xF0, 0x07, 0xE0, 0x0F, 0xC0, 0x1F, 0x80, 0x00, 0x00, 0x03, 0x00, 0x00, 0x3E,
    0x00, 0x03, 0xF8, 0x00, 0x3F, 0xF0, 0x01, 0xFF, 0xC0, 0x07, 0xFC, 0x00, 0x0F, 0x00, 0x00, 0x00,
    0x00, 0x00, 0x7F, 0x00, 0x0F, 0xFF, 0x00, 0x7F, 0xFF, 0x03, 0xFF, 0xFE, 0x1F, 0xFF, 0xFC, 0xFF,
    0xFF, 0xE3, 0xF8, 0x1F, 0x0F, 0xE0, 0x38, 0x3F, 0x80, 0x40, 0xFF, 0x00, 0x03, 0xFF, 0xC0, 0x0F,
    0xFF, 0xE0, 0x1F, 0xFF, 0xE0, 0x3F, 0xFF, 0xC0, 0x7F, 0xFF, 0x80, 0xFF, 0xFF, 0x00, 0x7F, 0xFC,
    0x00, 0x1F, 0xF1, 0x80, 0x1F, 0xCF, 0x00, 0x3F, 0x3F, 0x01, 0xFD, 0xFF, 0x9F, 0xF7, 0xFF, 0xFF,
    0x9F, 0xFF, 0xFE, 0x1F, 0xFF, 0xF0, 0x3F, 0xFF, 0x80, 0x3F, 0xF8, 0x00, 0x00, 0x20, 0x00, 0x38,
    0x00, 0x7C, 0x00, 0x7F, 0x00, 0x7F, 0x80, 0x7F, 0x80, 0x1F, 0x00, 0x0E, 0x00, 0x00, 0x00, 0x00,
    0x00, 0x01, 0xFF, 0x03, 0xFF, 0xE3, 0xFF, 0xFB, 0xFF, 0xFD, 0xFC, 0xFC, 0xFC, 0x1C, 0x7F, 0x00,
    0x3F, 0xF0, 0x1F, 0xFF, 0x07, 0xFF, 0xC1, 0xFF, 0xF0, 0x7F, 0xFC, 0x07, 0xFE, 0x00, 0x7F, 0x18,
    0x1F, 0xBF, 0x9F, 0xFF, 0xFF, 0xFF, 0xFF, 0xE3, 0xFF, 0xE0, 0x7F, 0xC0, 0x00, 0x7E, 0x00, 0x03,
    0xFE, 0x00, 0x3F, 0xFC, 0x01, 0xFF, 0xF8, 0x03, 0xE3, 0xE0, 0x04, 0x03, 0x00, 0x00, 0x00, 0x00,
    0x1F, 0xC0, 0x03, 0xFF, 0xC0, 0x1F, 0xFF, 0xC0, 0xFF, 0xFF, 0x87, 0xFF, 0xFF, 0x3F, 0xFF, 0xF8,
    0xFE, 0x07, 0xC3, 0xF8, 0x0E, 0x0F, 0xE0, 0x10, 0x3F, 0xC0, 0x00, 0xFF, 0xF0, 0x03, 0xFF, 0xF8,
    0x07, 0xFF, 0xF8, 0x0F, 0xFF, 0xF0, 0x1F, 0xFF, 0xE0, 0x3F, 0xFF, 0xC0, 0x1F, 0xFF, 0x00, 0x07,
    0xFC, 0x60, 0x07, 0xF3, 0xC0, 0x0F, 0xCF, 0xC0, 0x7F, 0x7F, 0xE7, 0xFD, 0xFF, 0xFF, 0xE7, 0xFF,
    0xFF, 0x87, 0xFF, 0xFC, 0x0F, 0xFF, 0xE0, 0x0F, 0xFE, 0x00, 0x03, 0xE0, 0x03, 0xFC, 0x03, 0xFF,
    0x07, 0xFF, 0xC3, 0xF3, 0xF1, 0xE0, 0xF0, 0x00, 0x10, 0x00, 0x00, 0x00, 0x00, 0x03, 0xFE, 0x07,
    0xFF, 0xC7, 0xFF, 0xF7, 0xFF, 0xFB, 0xF9, 0xF9, 0xF8, 0x38, 0xFE, 0x00, 0x7F, 0xE0, 0x3F, 0xFE,
    0x0F, 0xFF, 0x83, 0xFF, 0xE0, 0xFF, 0xF8, 0x0F, 0xFC, 0x00, 0xFE, 0x30, 0x3F, 0x7F, 0x3F, 0xFF,
    0xFF, 0xFF, 0xFF, 0xC7, 0xFF, 0xC0, 0xFF, 0x80, 0x00, 0x7F, 0x00, 0x0F, 0xFF, 0x00, 0x7F, 0xFF,
    0x03, 0xFF, 0xFE, 0x1F, 0xFF, 0xFC, 0xFF, 0xFF, 0xE3, 0xF8, 0x3F, 0x0F, 0xE0, 0x38, 0x3F, 0x80,
    0x40, 0xFF, 0x00, 0x03, 0xFF, 0xC0, 0x0F, 0xFF, 0xE0, 0x1F, 0xFF, 0xE0, 0x3F, 0xFF, 0xC0, 0x7F,
    0xFF, 0x80, 0x7F, 0xFF, 0x00, 0x3F, 0xFC, 0x20, 0x0F, 0xF1, 0xC0, 0x1F, 0xCF, 0x80, 0x3F, 0x7F,
    0x01, 0xFD, 0xFF, 0xFF, 0xF7, 0xFF, 0xFF, 0x8F, 0xFF, 0xFE, 0x1F, 0xFF, 0xF0, 0x3F, 0xFF, 0x80,
    0x3F, 0xF8, 0x00, 0x0F, 0x00, 0x00, 0x7E, 0x00, 0x03, 0xFC, 0x00, 0x07, 0xF0, 0x00, 0x03, 0xC0,
    0x00, 0x7F, 0x00, 0x03, 0xFC, 0x00, 0x0F, 0xE0, 0x00, 0x3E, 0x00, 0x07, 0xFC, 0x0F, 0xFF, 0x8F,
    0xFF, 0xEF, 0xFF, 0xF7, 0xF3, 0xF3, 0xF0, 0x71, 0xFC, 0x00, 0xFF, 0xC0, 0x7F, 0xFC, 0x1F, 0xFF,
    0x07, 0xFF, 0xC0, 0xFF, 0xF0, 0x1F, 0xF8, 0x41, 0xFC, 0xF0, 0xFE, 0xFF, 0xFF, 0xFF, 0xFF, 0xBF,
    0xFF, 0x8F, 0xFF, 0x81, 0xFF, 0x00, 0x3C, 0x00, 0x1F, 0x00, 0x1F, 0xC0, 0x07, 0xF0, 0x00, 0xF8,
    0x01, 0xFC, 0x01, 0xFE, 0x00, 0xFE, 0x00, 0x7C, 0x00, 0x00, 0x00, 0x00, 0x0E, 0x07, 0x00, 0x7F,
    0x7E, 0x01, 0xFF, 0xF8, 0x01, 0xFF, 0xC0, 0x03, 0xFE, 0x00, 0x07, 0xE0, 0x00, 0x00, 0x00, 0x00,
    0x7F, 0x00, 0x0F, 0xFF, 0x00, 0x7F, 0xFF, 0x03, 0xFF, 0xFE, 0x1F, 0xFF, 0xFC, 0xFF, 0xFF, 0xE3,
    0xF8, 0x1F, 0x0F, 0xE0, 0x38, 0x3F, 0x80, 0x40, 0xFF, 0x00, 0x03, 0xFF, 0xC0, 0x0F, 0xFF, 0xE0,
    0x1F, 0xFF, 0xE0, 0x3F, 0xFF, 0xC0, 0x7F, 0xFF, 0x80, 0xFF, 0xFF, 0x00, 0x7F, 0xFC, 0x00, 0x1F,
    0xF1, 0x80, 0x1F, 0xCF, 0x00, 0x3F, 0x3F, 0x01, 0xFD, 0xFF, 0x9F, 0xF7, 0xFF, 0xFF, 0x9F, 0xFF,
    0xFE, 0x1F, 0xFF, 0xF0, 0x3F, 0xFF, 0x80, 0x3F, 0xF8, 0x00, 0x00, 0x00, 0x0E, 0x07, 0x0F, 0xCF,
    0xC7, 0xFF, 0xC0, 0xFF, 0xC0, 0x3F, 0xC0, 0x0F, 0x80, 0x00, 0x00, 0x00, 0x00, 0x00, 0x00, 0x01,
    0xFF, 0x03, 0xFF, 0xE3, 0xFF, 0xFB, 0xFF, 0xFD, 0xFC, 0xFC, 0xFC, 0x1C, 0x7F, 0x00, 0x3F, 0xF0,
    0x1F, 0xFF, 0x07, 0xFF, 0xC1, 0xFF, 0xF0, 0x7F, 0xFC, 0x07, 0xFE, 0x00, 0x7F, 0x18, 0x1F, 0xBF,
    0x9F, 0xFF, 0xFF, 0xFF, 0xFF, 0xE3, 0xFF, 0xE0, 0x7F, 0xC0, 0xFF, 0xFF, 0xFF, 0xFF, 0xFF, 0xFF,
    0xFF, 0xFF, 0xFF, 0xFF, 0xFF, 0xFF, 0xFF, 0xFC, 0x03, 0xF0, 0x00, 0x0F, 0xC0, 0x00, 0x3F, 0x00,
    0x00, 0xFC, 0x00, 0x03, 0xF0, 0x00, 0x0F, 0xC0, 0x00, 0x3F, 0x00, 0x00, 0xFC, 0x00, 0x03, 0xF0,
    0x00, 0x0F, 0xC0, 0x00, 0x3F, 0x00, 0x00, 0xFC, 0x00, 0x03, 0xF0, 0x00, 0x0F, 0xC0, 0x00, 0x3F,
    0x00, 0x00, 0xFC, 0x00, 0x03, 0xF0, 0x00, 0x0F, 0xC0, 0x00, 0x3F, 0x00, 0x00, 0xFC, 0x00, 0x03,
    0xF0, 0x00, 0x07, 0x80, 0x00, 0x3E, 0x00, 0x01, 0xFC, 0x00, 0x07, 0xF8, 0x00, 0x01, 0xE0, 0x00,
    0x1F, 0x80, 0x01, 0xFE, 0x00, 0x07, 0xF0, 0x00, 0x1F, 0x80, 0x00, 0x0F, 0xC0, 0x3F, 0x00, 0xFC,
    0x03, 0xF0, 0x0F, 0xC3, 0xFF, 0xFF, 0xFF, 0xFF, 0xFF, 0xFF, 0xFF, 0xFF, 0xF0, 0xFE, 0x03, 0xF0,
    0x0F, 0xC0, 0x3F, 0x00, 0xFC, 0x03, 0xF0, 0x0F, 0xC0, 0x3F, 0x00, 0xFC, 0x03, 0xF0, 0x0F, 0xC0,
    0x3F, 0x00, 0xFC, 0x03, 0xF0, 0x0F, 0xC0, 0x3C, 0x00, 0xF0, 0x07, 0xF0, 0x1F, 0xE0, 0x0F, 0x80,
    0x7E, 0x07, 0xF8, 0x1F, 0xC0, 0x7E, 0x00, 0x00, 0x00, 0x00, 0x1C, 0x0E, 0x00, 0xFC, 0xFC, 0x03,
    0xFF, 0xF0, 0x03, 0xFF, 0x00, 0x07, 0xF8, 0x00, 0x0F, 0xC0, 0x00, 0x00, 0x00, 0x00, 0x00, 0x03,
    0xFF, 0xFF, 0xFF, 0xFF, 0xFF, 0xFF, 0xFF, 0xFF, 0xFF, 0xFF, 0xFF, 0xFF, 0xFF, 0xF0, 0x0F, 0xC0,
    0x00, 0x3F, 0x00, 0x00, 0xFC, 0x00, 0x03, 0xF0, 0x00, 0x0F, 0xC0, 0x00, 0x3F, 0x00, 0x00, 0xFC,
    0x00, 0x03, 0xF0, 0x00, 0x0F, 0xC0, 0x00, 0x3F, 0x00, 0x00, 0xFC, 0x00, 0x03, 0xF0, 0x00, 0x0F,
    0xC0, 0x00, 0x3F, 0x00, 0x00, 0xFC, 0x00, 0x03, 0xF0, 0x00, 0x0F, 0xC0, 0x00, 0x3F, 0x00, 0x00,
    0xFC, 0x00, 0x03, 0xF0, 0x00, 0x0F, 0xC0, 0x00, 0x00, 0x07, 0x80, 0x01, 0xFC, 0x00, 0x3F, 0x80,
    0x07, 0xF0, 0x00, 0xFE, 0x00, 0x07, 0xC3, 0xF1, 0xF8, 0x7E, 0x7E, 0x0F, 0xCF, 0x81, 0xF8, 0xC0,
    0x3F, 0x00, 0x7F, 0xFF, 0x0F, 0xFF, 0xE1, 0xFF, 0xFC, 0x3F, 0xFF, 0x87, 0xFF, 0xF0, 0x0F, 0xE0,
    0x01, 0xF8, 0x00, 0x3F, 0x00, 0x07, 0xE0, 0x00, 0xFC, 0x00, 0x1F, 0x80, 0x03, 0xF0, 0x00, 0x7E,
    0x00, 0x0F, 0xC0, 0x01, 0xF8, 0x00, 0x3F, 0x00, 0x07, 0xE0, 0x00, 0xFC, 0x00, 0x1F, 0x80, 0x03,
    0xF0, 0x00, 0xFF, 0xFF, 0xFF, 0xFF, 0xFF, 0xFF, 0xFF, 0xFF, 0xFF, 0xFF, 0xFF, 0xFF, 0xFF, 0xFC,
    0x03, 0xF0, 0x00, 0x0F, 0xC0, 0x00, 0x3F, 0x00, 0x00, 0xFC, 0x00, 0x03, 0xF0, 0x00, 0x0F, 0xC0,
    0x01, 0xFF, 0xF0, 0x07, 0xFF, 0xC0, 0x1F, 0xFF, 0x00, 0x7F, 0xFC, 0x00, 0x3F, 0x00, 0x00, 0xFC,
    0x00, 0x03, 0xF0, 0x00, 0x0F, 0xC0, 0x00, 0x3F, 0x00, 0x00, 0xFC, 0x00, 0x03, 0xF0, 0x00, 0x0F,
    0xC0, 0x00, 0x3F, 0x00, 0x00, 0xFC, 0x00, 0x03, 0xF0, 0x00, 0x0F, 0xC0, 0x3F, 0x00, 0xFC, 0x03,
    0xF0, 0x0F, 0xC3, 0xFF, 0xFF, 0xFF, 0xFF, 0xFF, 0xFF, 0xFF, 0xFF, 0xF0, 0xFE, 0x03, 0xF0, 0x0F,
    0xC0, 0x3F, 0x07, 0xFF, 0x9F, 0xFE, 0x7F, 0xF9, 0xFF, 0xE0, 0xFC, 0x03, 0xF0, 0x0F, 0xC0, 0x3F,
    0x00, 0xFC, 0x03, 0xF0, 0x0F, 0xC0, 0x00, 0x00, 0x00, 0x07, 0xF7, 0xC0, 0x1F, 0xFF, 0x80, 0x7F,
    0xFF, 0x00, 0xFF, 0xFC, 0x01, 0xE3, 0xF0, 0x00, 0x00, 0x00, 0x00, 0x00, 0x00, 0xFC, 0x00, 0xFD,
    0xF8, 0x01, 0xFB, 0xF0, 0x03, 0xF7, 0xE0, 0x07, 0xEF, 0xC0, 0x0F, 0xDF, 0x80, 0x1F, 0xBF, 0x00,
    0x3F, 0x7E, 0x00, 0x7E, 0xFC, 0x00, 0xFD, 0xF8, 0x01, 0xFB, 0xF0, 0x03, 0xF7, 0xE0, 0x07, 0xEF,
    0xC0, 0x0F, 0xDF, 0x80, 0x1F, 0xBF, 0x00, 0x3F, 0x7E, 0x00, 0x7E, 0xFE, 0x00, 0xFD, 0xFC, 0x03,
    0xFB, 0xF8, 0x07, 0xF7, 0xF8, 0x1F, 0xE7, 0xFC, 0xFF, 0x8F, 0xFF, 0xFF, 0x0F, 0xFF, 0xFC, 0x0F,
    0xFF, 0xF0, 0x0F, 0xFF, 0xC0, 0x07, 0xFE, 0x00, 0x07, 0x87, 0x01, 0xFD, 0xF0, 0x7F, 0xFE, 0x0F,
    0xFF, 0x81, 0xEF, 0xF0, 0x3C, 0xFC, 0x01, 0x07, 0x00, 0x00, 0x00, 0x00, 0x00, 0x1F, 0x80, 0xFF,
    0xF0, 0x1F, 0xFE, 0x03, 0xFF, 0xC0, 0x7F, 0xF8, 0x0F, 0xFF, 0x01, 0xFF, 0xE0, 0x3F, 0xFC, 0x07,
    0xFF, 0x80, 0xFF, 0xF0, 0x1F, 0xFE, 0x03, 0xFF, 0xC0, 0x7F, 0xFC, 0x1F, 0xFF, 0x83, 0xFF, 0xFD,
    0xFF, 0xFF, 0xFF, 0xEF, 0xFF, 0xFD, 0xFF, 0xFF, 0x9F, 0xFB, 0xF1, 0xFE, 0x7E, 0x07, 0xFF, 0xC0,
    0x0F, 0xFF, 0x80, 0x1F, 0xFF, 0x00, 0x3F, 0xFE, 0x00, 0x00, 0x00, 0x00, 0x00, 0x00, 0x00, 0x00,
    0x00, 0x7E, 0x00, 0x7E, 0xFC, 0x00, 0xFD, 0xF8, 0x01, 0xFB, 0xF0, 0x03, 0xF7, 0xE0, 0x07, 0xEF,
    0xC0, 0x0F, 0xDF, 0x80, 0x1F, 0xBF, 0x00, 0x3F, 0x7E, 0x00, 0x7E, 0xFC, 0x00, 0xFD, 0xF8, 0x01,
    0xFB, 0xF0, 0x03, 0xF7, 0xE0, 0x07, 0xEF, 0xC0, 0x0F, 0xDF, 0x80, 0x1F, 0xBF, 0x00, 0x3F, 0x7F,
    0x00, 0x7E, 0xFE, 0x01, 0xFD, 0xFC, 0x03, 0xFB, 0xFC, 0x0F, 0xF3, 0xFE, 0x7F, 0xC7, 0xFF, 0xFF,
    0x87, 0xFF, 0xFE, 0x07, 0xFF, 0xF8, 0x07, 0xFF, 0xE0, 0x03, 0xFF, 0x00, 0x1F, 0xFF, 0x03, 0xFF,
    0xE0, 0x7F, 0xFC, 0x0F, 0xFF, 0x80, 0x00, 0x00, 0x00, 0x00, 0x00, 0x00, 0x00, 0x00, 0x00, 0xFC,
    0x07, 0xFF, 0x80, 0xFF, 0xF0, 0x1F, 0xFE, 0x03, 0xFF, 0xC0, 0x7F, 0xF8, 0x0F, 0xFF, 0x01, 0xFF,
    0xE0, 0x3F, 0xFC, 0x07, 0xFF, 0x80, 0xFF, 0xF0, 0x1F, 0xFE, 0x03, 0xFF, 0xE0, 0xFF, 0xFC, 0x1F,
    0xFF, 0xEF, 0xFF, 0xFF, 0xFF, 0x7F, 0xFF, 0xEF, 0xFF, 0xFC, 0xFF, 0xDF, 0x8F, 0xF3, 0xF0, 0x01,
    0x02, 0x00, 0x1F, 0x0F, 0x80, 0x3F, 0x3F, 0x00, 0x3F, 0xFC, 0x00, 0x7F, 0xF8, 0x00, 0x7F, 0xE0,
    0x00, 0x3F, 0x00, 0x00, 0x00, 0x00, 0x00, 0x00, 0x01, 0xF8, 0x01, 0xFB, 0xF0, 0x03, 0xF7, 0xE0,
    0x07, 0xEF, 0xC0, 0x0F, 0xDF, 0x80, 0x1F, 0xBF, 0x00, 0x3F, 0x7E, 0x00, 0x7E, 0xFC, 0x00, 0xFD,
    0xF8, 0x01, 0xFB, 0xF0, 0x03, 0xF7, 0xE0, 0x07, 0xEF, 0xC0, 0x0F, 0xDF, 0x80, 0x1F, 0xBF, 0x00,
    0x3F, 0x7E, 0x00, 0x7E, 0xFC, 0x00, 0xFD, 0xFC, 0x01, 0xFB, 0xF8, 0x07, 0xF7, 0xF0, 0x0F, 0xEF,
    0xF0, 0x3F, 0xCF, 0xF9, 0xFF, 0x1F, 0xFF, 0xFE, 0x1F, 0xFF, 0xF8, 0x1F, 0xFF, 0xE0, 0x1F, 0xFF,
    0x80, 0x0F, 0xFC, 0x00, 0x1E, 0x0F, 0x03, 0xE1, 0xF0, 0x7E, 0xFC, 0x0F, 0xFF, 0x80, 0xFF, 0xE0,
    0x0F, 0xF8, 0x00, 0xFE, 0x00, 0x00, 0x00, 0x00, 0x00, 0x1F, 0x80, 0xFF, 0xF0, 0x1F, 0xFE, 0x03,
    0xFF, 0xC0, 0x7F, 0xF8, 0x0F, 0xFF, 0x01, 0xFF, 0xE0, 0x3F, 0xFC, 0x07, 0xFF, 0x80, 0xFF, 0xF0,
    0x1F, 0xFE, 0x03, 0xFF, 0xC0, 0x7F, 0xFC, 0x1F, 0xFF, 0x83, 0xFF, 0xFD, 0xFF, 0xFF, 0xFF, 0xEF,
    0xFF, 0xFD, 0xFF, 0xFF, 0x9F, 0xFB, 0xF1, 0xFE, 0x7E, 0x00, 0xFC, 0x00, 0x03, 0xFC, 0x00, 0x0F,
    0xFC, 0x00, 0x1E, 0x78, 0x00, 0x38, 0x70, 0x00, 0x79, 0xE0, 0x00, 0xFF, 0xC0, 0x00, 0xFF, 0x00,
    0xFC, 0xFC, 0xFD, 0xF8, 0x01, 0xFB, 0xF0, 0x03, 0xF7, 0xE0, 0x07, 0xEF, 0xC0, 0x0F, 0xDF, 0x80,
    0x1F, 0xBF, 0x00, 0x3F, 0x7E, 0x00, 0x7E, 0xFC, 0x00, 0xFD, 0xF8, 0x01, 0xFB, 0xF0, 0x03, 0xF7,
    0xE0, 0x07, 0xEF, 0xC0, 0x0F, 0xDF, 0x80, 0x1F, 0xBF, 0x00, 0x3F, 0x7E, 0x00, 0x7E, 0xFE, 0x00,
    0xFD, 0xFC, 0x03, 0xFB, 0xF8, 0x07, 0xF7, 0xF8, 0x1F, 0xE7, 0xFC, 0xFF, 0x8F, 0xFF, 0xFF, 0x0F,
    0xFF, 0xFC, 0x0F, 0xFF, 0xF0, 0x0F, 0xFF, 0xC0, 0x07, 0xFE, 0x00, 0x01, 0xF0, 0x00, 0x7F, 0x00,
    0x1F, 0xF0, 0x03, 0xDE, 0x00, 0x7B, 0xC0, 0x0F, 0xF8, 0x00, 0xFE, 0x00, 0x0F, 0x80, 0x00, 0x00,
    0x00, 0x00, 0x00, 0x00, 0x00, 0x7E, 0x03, 0xFF, 0xC0, 0x7F, 0xF8, 0x0F, 0xFF, 0x01, 0xFF, 0xE0,
    0x3F, 0xFC, 0x07, 0xFF, 0x80, 0xFF, 0xF0, 0x1F, 0xFE, 0x03, 0xFF, 0xC0, 0x7F, 0xF8, 0x0F, 0xFF,
    0x01, 0xFF, 0xF0, 0x7F, 0xFE, 0x0F, 0xFF, 0xF7, 0xFF, 0xFF, 0xFF, 0xBF, 0xFF, 0xF7, 0xFF, 0xFE,
    0x7F, 0xEF, 0xC7, 0xF1, 0xF8, 0x00, 0x60, 0x20, 0x01, 0xE0, 0xE0, 0x07, 0xC3, 0xE0, 0x1F, 0xCF,
    0xE0, 0x7F, 0xFF, 0x81, 0xFC, 0xFE, 0x01, 0xE1, 0xF0, 0x01, 0x81, 0x80, 0x00, 0x00, 0x00, 0x00,
    0x00, 0x03, 0xF0, 0x03, 0xF7, 0xE0, 0x07, 0xEF, 0xC0, 0x0F, 0xDF, 0x80, 0x1F, 0xBF, 0x00, 0x3F,
    0x7E, 0x00, 0x7E, 0xFC, 0x00, 0xFD, 0xF8, 0x01, 0xFB, 0xF0, 0x03, 0xF7, 0xE0, 0x07, 0xEF, 0xC0,
    0x0F, 0xDF, 0x80, 0x1F, 0xBF, 0x00, 0x3F, 0x7E, 0x00, 0x7E, 0xFC, 0x00, 0xFD, 0xF8, 0x01, 0xFB,
    0xF8, 0x03, 0xF7, 0xF0, 0x0F, 0xEF, 0xE0, 0x1F, 0xDF, 0xE0, 0x7F, 0x9F, 0xF3, 0xFE, 0x3F, 0xFF,
    0xFC, 0x3F, 0xFF, 0xF0, 0x3F, 0xFF, 0xC0, 0x3F, 0xFF, 0x00, 0x1F, 0xF8, 0x00, 0x00, 0x00, 0x00,
    0xE0, 0x60, 0x1E, 0x1E, 0x07, 0xE7, 0xE1, 0xFD, 0xFC, 0x7E, 0x7F, 0x1F, 0x9F, 0x83, 0xE3, 0xE0,
    0x38, 0x30, 0x00, 0x00, 0x00, 0x00, 0x00, 0x7E, 0x03, 0xFF, 0xC0, 0x7F, 0xF8, 0x0F, 0xFF, 0x01,
    0xFF, 0xE0, 0x3F, 0xFC, 0x07, 0xFF, 0x80, 0xFF, 0xF0, 0x1F, 0xFE, 0x03, 0xFF, 0xC0, 0x7F, 0xF8,
    0x0F, 0xFF, 0x01, 0xFF, 0xF0, 0x7F, 0xFE, 0x0F, 0xFF, 0xF7, 0xFF, 0xFF, 0xFF, 0xBF, 0xFF, 0xF7,
    0xFF, 0xFE, 0x7F, 0xEF, 0xC7, 0xF9, 0xF8, 0xFC, 0x00, 0xFD, 0xF8, 0x01, 0xFB, 0xF0, 0x03, 0xF7,
    0xE0, 0x07, 0xEF, 0xC0, 0x0F, 0xDF, 0x80, 0x1F, 0xBF, 0x00, 0x3F, 0x7E, 0x00, 0x7E, 0xFC, 0x00,
    0xFD, 0xF8, 0x01, 0xFB, 0xF0, 0x03, 0xF7, 0xE0, 0x07, 0xEF, 0xC0, 0x0F, 0xDF, 0x80, 0x1F, 0xBF,
    0x00, 0x3F, 0x7E, 0x00, 0x7E, 0xFE, 0x00, 0xFD, 0xFC, 0x03, 0xFB, 0xF8, 0x07, 0xF7, 0xF8, 0x1F,
    0xE7, 0xFC, 0xFF, 0x8F, 0xFF, 0xFF, 0x0F, 0xFF, 0xFC, 0x0F, 0xFF, 0xF0, 0x0F, 0xFF, 0xC0, 0x07,
    0xFF, 0x00, 0x00, 0x7C, 0x00, 0x01, 0xF0, 0x00, 0x03, 0xC0, 0x00, 0x07, 0xF0, 0x00, 0x0F, 0xF0,
    0x00, 0x1F, 0xF0, 0x00, 0x3F, 0xC0, 0x00, 0x3F, 0x00, 0xFC, 0x07, 0xEF, 0xC0, 0x7E, 0xFC, 0x07,
    0xEF, 0xC0, 0x7E, 0xFC, 0x07, 0xEF, 0xC0, 0x7E, 0xFC, 0x07, 0xEF, 0xC0, 0x7E, 0xFC, 0x07, 0xEF,
    0xC0, 0x7E, 0xFC, 0x07, 0xEF, 0xC0, 0x7E, 0xFE, 0x0F, 0xEF, 0xE0, 0xFE, 0xFF, 0xBF, 0xEF, 0xFF,
    0xFE, 0x7F, 0xFF, 0xE7, 0xFF, 0xFE, 0x3F, 0xF7, 0xE1, 0xFC, 0xFE, 0x00, 0x1F, 0xC0, 0x03, 0xE0,
    0x00, 0x3C, 0x00, 0x03, 0xEC, 0x00, 0x3F, 0xE0, 0x03, 0xFE, 0x00, 0x1F, 0xE0, 0x00, 0xF8, 0x00,
    0x00, 0xFC, 0x00, 0x00, 0x00, 0x0F, 0xF8, 0x00, 0x00, 0x00, 0x7F, 0xF0, 0x00, 0x00, 0x03, 0xFF,
    0xE0, 0x00, 0x00, 0x0F, 0xDF, 0x80, 0x00, 0x00, 0x1C, 0x0E, 0x00, 0x00, 0x00, 0x00, 0x00, 0x00,
    0x00, 0x00, 0x00, 0x00, 0x00, 0xFE, 0x00, 0x00, 0x03, 0xFB, 0xF8, 0x00, 0x00, 0x0F, 0xE7, 0xF0,
    0x00, 0x00, 0x3F, 0x9F, 0xC0, 0x3F, 0x01, 0xFC, 0x7F, 0x01, 0xFC, 0x07, 0xF1, 0xFE, 0x07, 0xF0,
    0x1F, 0xC3, 0xF8, 0x1F, 0xE0, 0x7F, 0x0F, 0xE0, 0xFF, 0x83, 0xF8, 0x3F, 0xC3, 0xFF, 0x0F, 0xE0,
    0x7F, 0x0F, 0xFC, 0x3F, 0x81, 0xFC, 0x7F, 0xF1, 0xFC, 0x07, 0xF1, 0xFF, 0xE7, 0xF0, 0x0F, 0xEF,
    0xFF, 0x9F, 0xC0, 0x3F, 0xBF, 0x7E, 0xFE, 0x00, 0xFE, 0xFD, 0xFF, 0xF8, 0x01, 0xFF, 0xF3, 0xFF,
    0xE0, 0x07, 0xFF, 0x8F, 0xFF, 0x00, 0x1F, 0xFE, 0x3F, 0xFC, 0x00, 0x7F, 0xF0, 0x7F, 0xF0, 0x00,
    0xFF, 0xC1, 0xFF, 0xC0, 0x03, 0xFF, 0x03, 0xFE, 0x00, 0x0F, 0xF8, 0x0F, 0xF8, 0x00, 0x1F, 0xE0,
    0x3F, 0xE0, 0x00, 0x7F, 0x00, 0x7F, 0x00, 0x01, 0xFC, 0x01, 0xFC, 0x00, 0x03, 0xF0, 0x03, 0xF0,
    0x00, 0x00, 0x07, 0xE0, 0x00, 0x00, 0x3F, 0xE0, 0x00, 0x00, 0xFF, 0xE0, 0x00, 0x03, 0xFF, 0xE0,
    0x00, 0x0F, 0xC7, 0xE0, 0x00, 0x0F, 0x03, 0x80, 0x00, 0x00, 0x02, 0x00, 0x00, 0x00, 0x00, 0x00,
    0x00, 0x00, 0x00, 0x01, 0xFC, 0x00, 0x01, 0xFD, 0xFC, 0x00, 0x03, 0xFB, 0xF8, 0x1C, 0x0F, 0xE7,
    0xF0, 0x7C, 0x1F, 0xC7, 0xE0, 0xF8, 0x3F, 0x8F, 0xE3, 0xF8, 0x7E, 0x1F, 0xC7, 0xF1, 0xFC, 0x1F,
    0x9F, 0xF3, 0xF8, 0x3F, 0xBF, 0xE7, 0xE0, 0x7F, 0x7F, 0xFF, 0xC0, 0x7F, 0xFF, 0xFF, 0x80, 0xFF,
    0xEF, 0xFE, 0x01, 0xFF, 0xDF, 0xFC, 0x01, 0xFF, 0x1F, 0xF8, 0x03, 0xFE, 0x3F, 0xE0, 0x07, 0xFC,
    0x7F, 0xC0, 0x0F, 0xF0, 0x7F, 0x80, 0x0F, 0xE0, 0xFE, 0x00, 0x1F, 0x80, 0xFC, 0x00, 0x3F, 0x01,
    0xF8, 0x00, 0x00, 0x1F, 0x00, 0x00, 0x07, 0xF0, 0x00, 0x01, 0xFF, 0x80, 0x00, 0x7F, 0xF8, 0x00,
    0x1F, 0xFF, 0x00, 0x03, 0xE1, 0xE0, 0x00, 0x30, 0x00, 0x00, 0x00, 0x00, 0x00, 0x7F, 0x80, 0x1F,
    0xEF, 0xF0, 0x07, 0xF8, 0xFF, 0x00, 0xFE, 0x0F, 0xF0, 0x3F, 0xC1, 0xFE, 0x07, 0xF0, 0x1F, 0xE1,
    0xFE, 0x01, 0xFE, 0x7F, 0x80, 0x3F, 0xCF, 0xE0, 0x03, 0xFF, 0xFC, 0x00, 0x3F, 0xFF, 0x00, 0x07,
    0xFF, 0xC0, 0x00, 0x7F, 0xF8, 0x00, 0x07, 0xFE, 0x00, 0x00, 0x7F, 0x80, 0x00, 0x0F, 0xF0, 0x00,
    0x00, 0xFC, 0x00, 0x00, 0x1F, 0x80, 0x00, 0x03, 0xF0, 0x00, 0x00, 0x7E, 0x00, 0x00, 0x0F, 0xC0,
    0x00, 0x01, 0xF8, 0x00, 0x00, 0x3F, 0x00, 0x00, 0x07, 0xE0, 0x00, 0x00, 0xFC, 0x00, 0x00, 0x1F,
    0x80, 0x00, 0x03, 0xF0, 0x00, 0x00, 0x3C, 0x00, 0x00, 0xFE, 0x00, 0x01, 0xFF, 0x00, 0x03, 0xFF,
    0xC0, 0x07, 0xFF, 0xE0, 0x07, 0xE7, 0xE0, 0x07, 0x81, 0xC0, 0x00, 0x00, 0x00, 0x00, 0x00, 0x00,
    0x00, 0x00, 0x00, 0xFF, 0x00, 0xFE, 0x7F, 0x00, 0xFE, 0x7F, 0x81, 0xFE, 0x3F, 0x81, 0xFC, 0x3F,
    0xC1, 0xFC, 0x1F, 0xC3, 0xF8, 0x1F, 0xC3, 0xF8, 0x0F, 0xE7, 0xF0, 0x0F, 0xE7, 0xF0, 0x0F, 0xF7,
    0xF0, 0x07, 0xFF, 0xE0, 0x07, 0xFF, 0xE0, 0x03, 0xFF, 0xC0, 0x03, 0xFF, 0xC0, 0x01, 0xFF, 0x80,
    0x01, 0xFF, 0x80, 0x00, 0xFF, 0x80, 0x00, 0xFF, 0x00, 0x00, 0x7F, 0x00, 0x00, 0x7E, 0x00, 0x00,
    0xFE, 0x00, 0x00, 0xFC, 0x00, 0x01, 0xFC, 0x00, 0x01, 0xFC, 0x00, 0x01, 0xF8, 0x00, 0x03, 0xF8,
    0x00, 0x03, 0xF0, 0x00, 0x07, 0xF0, 0x00, 0x01, 0xE0, 0xF0, 0x00, 0x7E, 0x3F, 0x00, 0x0F, 0xC7,
    0xE0, 0x01, 0xF8, 0xFC, 0x00, 0x3F, 0x1F, 0x80, 0x03, 0xC1, 0xE0, 0x00, 0x00, 0x00, 0x00, 0x00,
    0x00, 0x00, 0x7F, 0x80, 0x1F, 0xEF, 0xF0, 0x07, 0xF8, 0xFF, 0x00, 0xFE, 0x0F, 0xF0, 0x3F, 0xC1,
    0xFE, 0x0F, 0xF0, 0x1F, 0xE1, 0xFC, 0x01, 0xFE, 0x7F, 0x80, 0x1F, 0xDF, 0xE0, 0x03, 0xFF, 0xF8,
    0x00, 0x3F, 0xFF, 0x00, 0x03, 0xFF, 0xC0, 0x00, 0x7F, 0xF0, 0x00, 0x07, 0xFE, 0x00, 0x00, 0x7F,
    0x80, 0x00, 0x0F, 0xF0, 0x00, 0x00, 0xFC, 0x00, 0x00, 0x1F, 0x80, 0x00, 0x03, 0xF0, 0x00, 0x00,
    0x7E, 0x00, 0x00, 0x0F, 0xC0, 0x00, 0x01, 0xF8, 0x00, 0x00, 0x3F, 0x00, 0x00, 0x07, 0xE0, 0x00,
    0x00, 0xFC, 0x00, 0x00, 0x1F, 0x80, 0x00, 0x03, 0xF0, 0x00, 0x00, 0x0C, 0x00, 0x01, 0xF0, 0x00,
    0x1F, 0x80, 0x03, 0xFE, 0x00, 0x3F, 0xF0, 0x01, 0xFE, 0x00, 0x07, 0x80, 0x00, 0x00, 0x00, 0x00,
    0x00, 0x03, 0xFF, 0xFF, 0xDF, 0xFF, 0xFE, 0xFF, 0xFF, 0xF7, 0xFF, 0xFF, 0xBF, 0xFF, 0xFD, 0xFF,
    0xFF, 0xE0, 0x03, 0xFE, 0x00, 0x1F, 0xE0, 0x01, 0xFE, 0x00, 0x1F, 0xF0, 0x01, 0xFF, 0x00, 0x0F,
    0xF0, 0x00, 0xFF, 0x00, 0x0F, 0xF0, 0x00, 0xFF, 0x80, 0x07, 0xF8, 0x00, 0x7F, 0x80, 0x07, 0xF8,
    0x00, 0x7F, 0xC0, 0x03, 0xFC, 0x00, 0x3F, 0xC0, 0x03, 0xFF, 0xFF, 0xFF, 0xFF, 0xFF, 0xFF, 0xFF,
    0xFF, 0xFF, 0xFF, 0xFF, 0xFF, 0xFE, 0x00, 0x00, 0x00, 0x38, 0x00, 0x3C, 0x00, 0x3F, 0x00, 0x7F,
    0xC0, 0x7F, 0xC0, 0x3F, 0x80, 0x1F, 0x00, 0x06, 0x00, 0x00, 0x00, 0x00, 0x00, 0x1F, 0xFF, 0xFF,
    0xFF, 0xFF, 0xFF, 0xFF, 0xFF, 0xFF, 0xFF, 0xFF, 0x00, 0xFF, 0x00, 0x7F, 0x00, 0x7F, 0x00, 0x7F,
    0x00, 0x7F, 0x80, 0x7F, 0x80, 0x3F, 0x80, 0x3F, 0x80, 0x3F, 0xC0, 0x3F, 0xC0, 0x3F, 0xFF, 0xFF,
    0xFF, 0xFF, 0xFF, 0xFF, 0xFF, 0xFF, 0xFF, 0xFE, 0x00, 0xF8, 0x00, 0x0F, 0xE0, 0x00, 0x7F, 0x00,
    0x03, 0xF8, 0x00, 0x1F, 0xC0, 0x00, 0x7C, 0x00, 0x00, 0x00, 0x00, 0x00, 0x00, 0x7F, 0xFF, 0xFB,
    0xFF, 0xFF, 0xDF, 0xFF, 0xFE, 0xFF, 0xFF, 0xF7, 0xFF, 0xFF, 0xBF, 0xFF, 0xFC, 0x00, 0x7F, 0xC0,
    0x07, 0xFC, 0x00, 0x3F, 0xC0, 0x03, 0xFC, 0x00, 0x3F, 0xE0, 0x03, 0xFE, 0x00, 0x1F, 0xE0, 0x01,
    0xFE, 0x00, 0x1F, 0xF0, 0x00, 0xFF, 0x00, 0x0F, 0xF0, 0x00, 0xFF, 0x00, 0x0F, 0xF8, 0x00, 0x7F,
    0x80, 0x07, 0xF8, 0x00, 0x7F, 0xFF, 0xFF, 0xFF, 0xFF, 0xFF, 0xFF, 0xFF, 0xFF, 0xFF, 0xFF, 0xFF,
    0xFF, 0xC0, 0x03, 0xE0, 0x03, 0xF8, 0x01, 0xFC, 0x00, 0xFE, 0x00, 0x7F, 0x00, 0x1F, 0x00, 0x00,
    0x00, 0x00, 0x00, 0x00, 0x00, 0x00, 0x00, 0x3F, 0xFF, 0xFF, 0xFF, 0xFF, 0xFF, 0xFF, 0xFF, 0xFF,
    0xFF, 0xFE, 0x01, 0xFE, 0x00, 0xFE, 0x00, 0xFE, 0x00, 0xFE, 0x00, 0xFF, 0x00, 0xFF, 0x00, 0x7F,
    0x00, 0x7F, 0x00, 0x7F, 0x80, 0x7F, 0x80, 0x7F, 0xFF, 0xFF, 0xFF, 0xFF, 0xFF, 0xFF, 0xFF, 0xFF,
    0xFF, 0xFC, 0x00, 0x00, 0x00, 0x38, 0x1C, 0x03, 0xF7, 0xF0, 0x1F, 0xFF, 0x80, 0x7F, 0xF0, 0x01,
    0xFF, 0x00, 0x03, 0xF0, 0x00, 0x00, 0x00, 0x00, 0x00, 0x03, 0xFF, 0xFF, 0xDF, 0xFF, 0xFE, 0xFF,
    0xFF, 0xF7, 0xFF, 0xFF, 0xBF, 0xFF, 0xFD, 0xFF, 0xFF, 0xE0, 0x03, 0xFE, 0x00, 0x1F, 0xE0, 0x01,
    0xFE, 0x00, 0x1F, 0xF0, 0x01, 0xFF, 0x00, 0x0F, 0xF0, 0x00, 0xFF, 0x00, 0x0F, 0xF0, 0x00, 0xFF,
    0x80, 0x07, 0xF8, 0x00, 0x7F, 0x80, 0x07, 0xF8, 0x00, 0x7F, 0xC0, 0x03, 0xFC, 0x00, 0x3F, 0xC0,
    0x03, 0xFF, 0xFF, 0xFF, 0xFF, 0xFF, 0xFF, 0xFF, 0xFF, 0xFF, 0xFF, 0xFF, 0xFF, 0xFE, 0x00, 0x00,
    0x1E, 0x07, 0x1F, 0x8F, 0xC7, 0xFF, 0xC1, 0xFF, 0xC0, 0x7F, 0xC0, 0x1F, 0xC0, 0x07, 0xC0, 0x00,
    0x00, 0x00, 0x00, 0x3F, 0xFF, 0xFF, 0xFF, 0xFF, 0xFF, 0xFF, 0xFF, 0xFF, 0xFF, 0xFE, 0x01, 0xFE,
    0x00, 0xFE, 0x00, 0xFE, 0x00, 0xFE, 0x00, 0xFF, 0x00, 0xFF, 0x00, 0x7F, 0x00, 0x7F, 0x00, 0x7F,
    0x80, 0x7F, 0x80, 0x7F, 0xFF, 0xFF, 0xFF, 0xFF, 0xFF, 0xFF, 0xFF, 0xFF, 0xFF, 0xFC, 0x1F, 0xF3,
    0xFF, 0xDF, 0xFD, 0xFF, 0xEF, 0xFF, 0x7E, 0x03, 0xF0, 0x1F, 0x80, 0xFC, 0x07, 0xE0, 0x3F, 0x01,
    0xF8, 0x0F, 0xC0, 0x7E, 0x03, 0xF0, 0x1F, 0x80, 0xFC, 0x07, 0xE0, 0x3F, 0x01, 0xF8, 0x0F, 0xC0,
    0x7E, 0x03, 0xF0, 0x1F, 0x80, 0xFC, 0x07, 0xE0, 0x3F, 0x01, 0xF8, 0x0F, 0xC0, 0x00, 0x00, 0x00,
    0x03, 0xE0, 0x00, 0x00, 0x7C, 0x00, 0x00, 0x1F, 0x80, 0x00, 0x03, 0xF0, 0x03, 0xF8, 0xFE, 0x03,
    0xFF, 0xFF, 0x81, 0xFF, 0xFF, 0xF0, 0x7F, 0xFF, 0xF8, 0x1F, 0xFF, 0xFF, 0x07, 0xFF, 0xFF, 0xF0,
    0xFF, 0xFF, 0xFE, 0x3F, 0xE0, 0x3F, 0xE7, 0xF8, 0x03, 0xFD, 0xFE, 0x00, 0x3F, 0xFF, 0x80, 0x03,
    0xFF, 0xF0, 0x00, 0x7F, 0xFE, 0x00, 0x0F, 0xFF, 0x80, 0x00, 0xFF, 0xF0, 0x00, 0x1F, 0xFF, 0x00,
    0x07, 0xFF, 0xE0, 0x00, 0xFF, 0xFC, 0x00, 0x1F, 0xFF, 0xC0, 0x07, 0xFB, 0xFC, 0x01, 0xFE, 0x7F,
    0xF1, 0xFF, 0xC7, 0xFF, 0xFF, 0xF0, 0x7F, 0xFF, 0xFC, 0x07, 0xFF, 0xFF, 0x00, 0x7F, 0xFF, 0xC0,
    0x07, 0xFF, 0xF0, 0x00, 0x3F, 0xF8, 0x00, 0x00, 0x00, 0x7C, 0x00, 0x03, 0xF0, 0x00, 0x0F, 0xC0,
    0x00, 0x7F, 0x03, 0xFF, 0xF8, 0x3F, 0xFF, 0xC1, 0xFF, 0xFE, 0x0F, 0xFF, 0xF8, 0x7F, 0xFF, 0xF1,
    0xFF, 0x7F, 0xCF, 0xF0, 0x7F, 0xBF, 0x80, 0xFE, 0xFE, 0x03, 0xFB, 0xF0, 0x07, 0xEF, 0xC0, 0x1F,
    0xBF, 0x80, 0xFE, 0xFE, 0x03, 0xFB, 0xFC, 0x1F, 0xE7, 0xFD, 0xFF, 0x1F, 0xFF, 0xFC, 0x3F, 0xFF,
    0xE0, 0x7F, 0xFF, 0x00, 0xFF, 0xF8, 0x00, 0xFF, 0x80, 0x00, 0x00, 0x03, 0xE0, 0x00, 0x00, 0x7C,
    0x00, 0x00, 0x1F, 0x80, 0x00, 0x03, 0xF0, 0x00, 0x00, 0xFF, 0xF8, 0x01, 0xFF, 0xBF, 0x00, 0x3F,
    0xE7, 0xE0, 0x07, 0xF8, 0xFC, 0x00, 0xFC, 0x1F, 0x80, 0x1F, 0x83, 0xF0, 0x03, 0xF0, 0x7E, 0x00,
    0x7E, 0x0F, 0xC0, 0x0F, 0xC1, 0xF8, 0x01, 0xF8, 0x3F, 0x00, 0x3F, 0x07, 0xE0, 0x07, 0xE0, 0xFC,
    0x00, 0xFC, 0x1F, 0x80, 0x1F, 0x83, 0xF0, 0x03, 0xF0, 0x7E, 0x00, 0x7E, 0x0F, 0xC0, 0x0F, 0xC1,
    0xFC, 0x01, 0xF8, 0x3F, 0x80, 0x7F, 0x07, 0xF0, 0x0F, 0xE0, 0xFF, 0x03, 0xFC, 0x0F, 0xF9, 0xFF,
    0x01, 0xFF, 0xFF, 0xE0, 0x1F, 0xFF, 0xF8, 0x01, 0xFF, 0xFE, 0x00, 0x1F, 0xFF, 0x80, 0x00, 0xFF,
    0xC0, 0x00, 0x00, 0x00, 0x3E, 0x00, 0x00, 0xFC, 0x00, 0x01, 0xF8, 0x00, 0x0F, 0xFF, 0xC0, 0x7F,
    0xDF, 0x80, 0xFF, 0x3F, 0x01, 0xFC, 0x7E, 0x03, 0xF0, 0xFC, 0x07, 0xE1, 0xF8, 0x0F, 0xC3, 0xF0,
    0x1F, 0x87, 0xE0, 0x3F, 0x0F, 0xC0, 0x7E, 0x1F, 0x80, 0xFC, 0x3F, 0x01, 0xF8, 0x7E, 0x03, 0xF0,
    0xFE, 0x0F, 0xE1, 0xFC, 0x1F, 0xC3, 0xFE, 0xFF, 0x87, 0xFF, 0xFF, 0x07, 0xFF, 0xFE, 0x0F, 0xFF,
    0xFC, 0x0F, 0xFD, 0xF8, 0x0F, 0xF3, 0xF0, 0x00, 0x00, 0x00, 0x00, 0x00, 0x00, 0x00, 0x00, 0x00,
    0x03, 0x81, 0xC0, 0x00, 0x00, 0x00, 0x0F, 0xDF, 0xC0, 0x00, 0x00, 0x00, 0x1F, 0xFF, 0x80, 0x00,
    0x00, 0x00, 0x1F, 0xFC, 0x00, 0x00, 0x00, 0x00, 0x1F, 0xF0, 0x00, 0x00, 0x00, 0x00, 0x0F, 0xC0,
    0x00, 0x00, 0x00, 0x00, 0x00, 0x00, 0x00, 0x00, 0x00, 0x00, 0x00, 0x01, 0xFF, 0xFE, 0x00, 0x3F,
    0xFF, 0xFF, 0xFF, 0xFF, 0x00, 0x7F, 0xFF, 0xFF, 0xFF, 0xFF, 0x80, 0xFF, 0xFF, 0xFF, 0xFF, 0xFF,
    0x81, 0xFF, 0xFF, 0xFF, 0xFF, 0xFF, 0x83, 0xFF, 0xFF, 0xFF, 0x83, 0xFF, 0x00, 0x00, 0xFF, 0x7E,
    0x00, 0xFF, 0x00, 0x03, 0xFC, 0xFC, 0x00, 0xFE, 0x00, 0x0F, 0xF9, 0xF8, 0x01, 0xFE, 0x00, 0x1F,
    0xE3, 0xF0, 0x01, 0xFC, 0x00, 0x7F, 0x87, 0xE0, 0x03, 0xF8, 0x01, 0xFF, 0x0F, 0xC0, 0x07, 0xF0,
    0x07, 0xFC, 0x1F, 0x80, 0x07, 0xE0, 0x0F, 0xF0, 0x3F, 0x00, 0x0F, 0xC0, 0x3F, 0xC0, 0x7E, 0x00,
    0x3F, 0x80, 0xFF, 0x80, 0xFC, 0x00, 0x7F, 0x01, 0xFE, 0x01, 0xF8, 0x00, 0xFE, 0x07, 0xF8, 0x03,
    0xF0, 0x03, 0xFC, 0x1F, 0xE0, 0x07, 0xE0, 0x07, 0xF0, 0x7F, 0xC0, 0x0F, 0xC0, 0x1F, 0xE0, 0xFF,
    0x00, 0x1F, 0xC1, 0xFF, 0x83, 0xFC, 0x00, 0x3F, 0xFF, 0xFF, 0x0F, 0xFF, 0xFF, 0xFF, 0xFF, 0xFC,
    0x1F, 0xFF, 0xFF, 0xFF, 0xFF, 0xF0, 0x3F, 0xFF, 0xFF, 0xFF, 0xFF, 0x80, 0x7F, 0xFF, 0xFF, 0xFF,
    0xFC, 0x00, 0xFF, 0xFF, 0xF8, 0x00, 0x00, 0x00, 0x00, 0x00, 0x00, 0x00, 0x00, 0x00, 0x3C, 0x0E,
    0x00, 0x00, 0x00, 0x03, 0xF1, 0xF8, 0x00, 0x00, 0x00, 0x0F, 0xFF, 0x8F, 0xFF, 0xF0, 0x00, 0x3F,
    0xF8, 0x7F, 0xFF, 0xE0, 0x00, 0xFF, 0x83, 0xFF, 0xFF, 0xC0, 0x01, 0xF8, 0x1F, 0xFF, 0xFF, 0x00,
    0x07, 0x00, 0xFF, 0xFF, 0xFC, 0x00, 0x00, 0x07, 0xF0, 0x7F, 0xE0, 0x00, 0x00, 0x3F, 0x00, 0x7F,
    0x87, 0xFF, 0xFD, 0xF8, 0x01, 0xFC, 0x3F, 0xFF, 0xEF, 0xC0, 0x0F, 0xF1, 0xFF, 0xFF, 0x7E, 0x00,
    0x3F, 0x8F, 0xFF, 0xFB, 0xF0, 0x01, 0xFC, 0x7F, 0xFF, 0xDF, 0x80, 0x0F, 0xE0, 0x03, 0xFC, 0xFC,
    0x00, 0x3F, 0x00, 0x1F, 0xC7, 0xE0, 0x01, 0xF8, 0x01, 0xFC, 0x3F, 0x00, 0x1F, 0xC0, 0x1F, 0xE1,
    0xF8, 0x00, 0xFE, 0x01, 0xFE, 0x0F, 0xC0, 0x07, 0xF0, 0x1F, 0xE0, 0x7E, 0x00, 0x7F, 0x80, 0xFE,
    0x03, 0xF0, 0x03, 0xF8, 0x0F, 0xF0, 0x1F, 0x80, 0x3F, 0xC0, 0xFF, 0x00, 0xFE, 0x0F, 0xFC, 0x0F,
    0xF0, 0x07, 0xFF, 0xFF, 0xE0, 0xFF, 0xFF, 0xFF, 0xFF, 0xFE, 0x07, 0xFF, 0xFF, 0xFF, 0xFF, 0xE0,
    0x3F, 0xFF, 0xFF, 0xFF, 0xFC, 0x01, 0xFF, 0xFF, 0xFF, 0xFF, 0x80, 0x0F, 0xFF, 0xFC, 0x00, 0x00,
    0x00, 0x0C, 0x02, 0x00, 0x00, 0x00, 0x07, 0xC3, 0xE0, 0x00, 0x1F, 0x83, 0xFB, 0xF8, 0x00, 0x07,
    0xE0, 0x3F, 0xFC, 0x00, 0x01, 0xF8, 0x07, 0xFE, 0x00, 0x00, 0x7E, 0x00, 0xFF, 0x00, 0x00, 0x1F,
    0x80, 0x1F, 0x00, 0x00, 0x07, 0xE0, 0x00, 0x00, 0x00, 0x01, 0xF8, 0x00, 0x00, 0x01, 0xFE, 0x7E,
    0x1F, 0xFF, 0xF0, 0xFF, 0xFF, 0x87, 0xFF, 0xFC, 0xFF, 0xFF, 0xE1, 0xFF, 0xFF, 0x3F, 0xFF, 0xF8,
    0x7F, 0xFF, 0xDF, 0xFF, 0xFE, 0x1F, 0xFF, 0xFF, 0xFD, 0xFF, 0x80, 0x07, 0xFB, 0xFC, 0x1F, 0xE0,
    0x01, 0xFC, 0xFE, 0x03, 0xF8, 0x00, 0xFE, 0x3F, 0x80, 0xFE, 0x00, 0x7F, 0x8F, 0xC0, 0x1F, 0x80,
    0x3F, 0xC3, 0xF0, 0x07, 0xE0, 0x1F, 0xE0, 0xFE, 0x03, 0xF8, 0x07, 0xF0, 0x3F, 0x80, 0xFE, 0x03,
    0xF8, 0x0F, 0xF0, 0x7F, 0x81, 0xFE, 0x03, 0xFF, 0x7F, 0xE0, 0xFF, 0x00, 0x7F, 0xFF, 0xF8, 0x7F,
    0xFF, 0xCF, 0xFF, 0xFE, 0x1F, 0xFF, 0xF3, 0xFF, 0xFF, 0x87, 0xFF, 0xFC, 0x7F, 0xFF, 0xE1, 0xFF,
    0xFF, 0x07, 0xF9, 0xF8, 0x7F, 0xFF, 0xC0, 0xFC, 0x00, 0x00, 0x1F, 0xFF, 0xFF, 0x00, 0x00, 0x07,
    0xFF, 0xFF, 0xC0, 0x00, 0x01, 0xFF, 0xFF, 0xF0, 0x00, 0x00, 0x7F, 0xFF, 0xFC, 0x00, 0x00, 0x1F,
    0xFF, 0xFF, 0x00, 0x00, 0x00, 0x3F, 0x0F, 0xC0, 0x00, 0x00, 0x0F, 0xC3, 0xF0, 0x00, 0x00, 0x03,
    0xF0, 0xFC, 0x00, 0x00, 0x00, 0xFC, 0x3F, 0x00, 0x00, 0x00, 0x3F, 0x0F, 0xC0, 0x00, 0x00, 0x0F,
    0xC3, 0xF0, 0x00, 0x00, 0x03, 0xF0, 0xFC, 0x00, 0x00, 0x00, 0xFC, 0x3F, 0x00, 0x00, 0x00, 0x3F,
    0x0F, 0xC0, 0x00, 0x00, 0x0F, 0xC3, 0xF0, 0x00, 0x00, 0x03, 0xF0, 0xFC, 0x00, 0x00, 0x00, 0xFC,
    0x3F, 0x00, 0x00, 0x00, 0x3F, 0x0F, 0xC0, 0x00, 0x08, 0x1F, 0xC3, 0xF0, 0x00, 0x07, 0x07, 0xF0,
    0xFC, 0x00, 0x03, 0xF7, 0xFC, 0x3F, 0xFF, 0xF1, 0xFF, 0xFF, 0x0F, 0xFF, 0xFC, 0x7F, 0xFF, 0x83,
    0xFF, 0xFF, 0x0F, 0xFF, 0xC0, 0xFF, 0xFF, 0xC1, 0xFF, 0xE0, 0x3F, 0xFF, 0xF0, 0x1F, 0xE0, 0x00,
    0x00, 0x00, 0x01, 0xF0, 0x00, 0x00, 0x1F, 0xC0, 0x00, 0x00, 0xFF, 0xF8, 0x00, 0x07, 0xFF, 0xC0,
    0x00, 0x3F, 0xFE, 0x00, 0x00, 0xFB, 0xF0, 0x00, 0x00, 0x1F, 0x80, 0x00, 0x00, 0xFC, 0x00, 0x00,
    0x07, 0xE0, 0x00, 0x0F, 0xFF, 0x00, 0x00, 0x7F, 0xF8, 0x00, 0x03, 0xFF, 0xC0, 0x00, 0x1F, 0xFE,
    0x00, 0x00, 0xFF, 0xF0, 0x00, 0x07, 0xFF, 0x80, 0x00, 0x3F, 0xFC, 0x00, 0x01, 0xFF, 0xE0, 0x00,
    0x0F, 0xFF, 0x00, 0x00, 0x7F, 0xF8, 0x00, 0x03, 0xFF, 0xC0, 0x00, 0x1F, 0xFE, 0x00, 0x00, 0xFF,
    0xF0, 0x00, 0x07, 0xFF, 0x80, 0x00, 0x3F, 0xFF, 0xFF, 0xC1, 0xFF, 0xFF, 0xFE, 0x0F, 0xFF, 0xFF,
    0xF0, 0x7F, 0xFF, 0xFF, 0x83, 0xFF, 0xFF, 0xFC, 0x3F, 0x80, 0x00, 0x01, 0xFC, 0x00, 0x00, 0x0F,
    0xE0, 0x00, 0x00, 0xFF, 0x00, 0x00, 0x3F, 0xF8, 0x00, 0x01, 0xFF, 0x80, 0x00, 0x07, 0xFC, 0x00,
    0x00, 0x3F, 0xC0, 0x00, 0x00, 0xF8, 0x00, 0x00, 0x0F, 0x80, 0x07, 0xFF, 0xC1, 0xFF, 0xF0, 0x7F,
    0xFC, 0x1F, 0xFF, 0x03, 0xEF, 0xC0, 0x03, 0xF0, 0x00, 0xFC, 0x00, 0x3F, 0x07, 0xEF, 0xC1, 0xFB,
    0xF0, 0x7E, 0xFC, 0x1F, 0xBF, 0x07, 0xEF, 0xC1, 0xFB, 0xF0, 0x7E, 0xFC, 0x1F, 0xBF, 0x07, 0xEF,
    0xC1, 0xFB, 0xF0, 0x7E, 0xFC, 0x1F, 0xBF, 0x07, 0xEF, 0xC1, 0xFB, 0xF0, 0x7E, 0xFC, 0x1F, 0xBF,
    0x07, 0xEF, 0xC1, 0xFB, 0xF0, 0x7E, 0xFC, 0x1F, 0x80, 0x0F, 0xE0, 0x03, 0xF8, 0x01, 0xFE, 0x01,
    0xFF, 0x80, 0x7F, 0xE0, 0x0F, 0xF0, 0x03, 0xF8, 0x00, 0x7C, 0x00, 0xFC, 0x00, 0x3F, 0x00, 0x3F,
    0xFF, 0xFF, 0x00, 0x1F, 0x80, 0x1F, 0xFF, 0xFF, 0xC0, 0x0F, 0xC0, 0x0F, 0xFF, 0xFF, 0xF0, 0x07,
    0xE0, 0x07, 0xFF, 0xFF, 0xFC, 0x03, 0xF0, 0x03, 0xFF, 0xFF, 0xFE, 0x01, 0xF8, 0x00, 0x0F, 0xC3,
    0xFF, 0x80, 0xFC, 0x00, 0x07, 0xE1, 0xFF, 0xE0, 0x7E, 0x00, 0x03, 0xF0, 0xFF, 0xF8, 0x3F, 0x00,
    0x01, 0xF8, 0x7F, 0xFC, 0x1F, 0x80, 0x00, 0xFC, 0x3F, 0xFF, 0x0F, 0xC0, 0x00, 0x7E, 0x1F, 0xBF,
    0xC7, 0xE0, 0x00, 0x3F, 0x0F, 0xCF, 0xF3, 0xF0, 0x00, 0x1F, 0x87, 0xE7, 0xF9, 0xF8, 0x00, 0x0F,
    0xC3, 0xF1, 0xFE, 0xFC, 0x00, 0x07, 0xE1, 0xF8, 0x7F, 0xFE, 0x00, 0x03, 0xF0, 0xFC, 0x1F, 0xFF,
    0x00, 0x01, 0xF8, 0x7E, 0x0F, 0xFF, 0x80, 0x00, 0xFC, 0x3F, 0x03, 0xFF, 0xC0, 0x60, 0x7E, 0x1F,
    0x80, 0xFF, 0xE0, 0x78, 0x7F, 0x0F, 0xC0, 0x3F, 0xF0, 0x7E, 0x7F, 0x87, 0xE0, 0x1F, 0xF8, 0x7F,
    0xFF, 0xC3, 0xF0, 0x07, 0xFC, 0x3F, 0xFF, 0xC1, 0xF8, 0x01, 0xFE, 0x0F, 0xFF, 0xC0, 0xFC, 0x00,
    0x7F, 0x03, 0xFF, 0xC0, 0x7E, 0x00, 0x3F, 0x80, 0x7F, 0xC0, 0x00, 0x00, 0x00, 0x00, 0x01, 0xF0,
    0x00, 0x00, 0x00, 0x1F, 0xC0, 0x00, 0x00, 0x00, 0xFF, 0xFC, 0x00, 0x7E, 0x07, 0xFF, 0xE0, 0x03,
    0xF0, 0x3F, 0xFF, 0x80, 0x1F, 0x80, 0xFB, 0xFE, 0x00, 0xFC, 0x00, 0x1F, 0xF8, 0x07, 0xE0, 0x00,
    0xFF, 0xC0, 0x3F, 0x00, 0x07, 0xFF, 0x01, 0xF8, 0x1F, 0xBF, 0xFC, 0x0F, 0xC0, 0xFD, 0xFF, 0xF0,
    0x7E, 0x07, 0xEF, 0xFF, 0x83, 0xF0, 0x3F, 0x7F, 0xFE, 0x1F, 0x81, 0xFB, 0xF7, 0xF8, 0xFC, 0x0F,
    0xDF, 0x9F, 0xE7, 0xE0, 0x7E, 0xFC, 0xFF, 0x3F, 0x03, 0xF7, 0xE3, 0xFD, 0xF8, 0x1F, 0xBF, 0x0F,
    0xFF, 0xC0, 0xFD, 0xF8, 0x3F, 0xFE, 0x07, 0xEF, 0xC1, 0xFF, 0xF0, 0x3F, 0x7E, 0x07, 0xFF, 0x81,
    0xFB, 0xF0, 0x1F, 0xFC, 0x0F, 0xDF, 0x80, 0x7F, 0xE0, 0x7E, 0xFC, 0x03, 0xFF, 0x03, 0xF7, 0xE0,
    0x0F, 0xF8, 0x1F, 0xBF, 0x00, 0x3F, 0xC0, 0xFD, 0xF8, 0x00, 0xFE, 0x07, 0xEF, 0xC0, 0x07, 0xF0,
    0x3F, 0x00, 0x00, 0x00, 0x03, 0xF8, 0x00, 0x00, 0x00, 0x1F, 0xC0, 0x00, 0x00, 0x01, 0xFE, 0x00,
    0x00, 0x00, 0x3F, 0xF0, 0x00, 0x00, 0x01, 0xFF, 0x80, 0x00, 0x00, 0x07, 0xF8, 0x00, 0x00, 0x00,
    0x3F, 0x80, 0x00, 0x00, 0x00, 0xF8, 0x00, 0x00, 0x00, 0x00, 0x7C, 0x00, 0x00, 0x01, 0xFC, 0x00,
    0x00, 0x03, 0xF8, 0x00, 0x00, 0x07, 0xF0, 0x00, 0x00, 0x0F, 0xE0, 0x00, 0x00, 0x0F, 0x80, 0x00,
    0x00, 0x00, 0x00, 0x00, 0x00, 0x00, 0x00, 0x00, 0x00, 0x01, 0xF8, 0xFE, 0x01, 0xFB, 0xF7, 0xFE,
    0x03, 0xF7, 0xFF, 0xFE, 0x07, 0xEF, 0xFF, 0xFE, 0x0F, 0xDF, 0xFF, 0xFC, 0x1F, 0xBF, 0xE7, 0xF8,
    0x3F, 0x7F, 0x07, 0xF0, 0x7E, 0xFE, 0x0F, 0xE0, 0xFD, 0xF8, 0x0F, 0xC1, 0xFB, 0xF0, 0x1F, 0x83,
    0xF7, 0xE0, 0x3F, 0x07, 0xEF, 0xC0, 0x7E, 0x0F, 0xDF, 0x80, 0xFC, 0x1F, 0xBF, 0x01, 0xF8, 0x3F,
    0x7E, 0x03, 0xF0, 0x7E, 0xFC, 0x07, 0xE0, 0xFD, 0xF8, 0x0F, 0xC1, 0xFB, 0xF0, 0x1F, 0x83, 0xF7,
    0xE0, 0x3F, 0x07, 0xEF, 0xC0, 0x7E, 0x0F, 0xC0, 0x00, 0x00, 0x3F, 0x80, 0x00, 0x00, 0x7F, 0x00,
    0x00, 0x01, 0xFE, 0x00, 0x00, 0x0F, 0xFC, 0x00, 0x00, 0x1F, 0xF8, 0x00, 0x00, 0x1F, 0xE0, 0x00,
    0x00, 0x3F, 0x80, 0x00, 0x00, 0x3E, 0x00, 0x00, 0x00, 0x00, 0x00, 0x0E, 0x07, 0x00, 0x01, 0xF9,
    0xF8, 0x00, 0x1F, 0xFF, 0x80, 0x00, 0x7F, 0xF0, 0x00, 0x03, 0xFC, 0x00, 0x00, 0x1F, 0x80, 0x00,
    0x00, 0x00, 0x00, 0x00, 0x00, 0x00, 0x00, 0x01, 0xF8, 0x00, 0x00, 0x3F, 0xC0, 0x00, 0x03, 0xFC,
    0x00, 0x00, 0x3F, 0xE0, 0x00, 0x07, 0xFE, 0x00, 0x00, 0x7F, 0xE0, 0x00, 0x0F, 0xFF, 0x00, 0x00,
    0xFF, 0xF0, 0x00, 0x0F, 0xFF, 0x80, 0x01, 0xFF, 0xF8, 0x00, 0x1F, 0xBF, 0x80, 0x03, 0xF9, 0xFC,
    0x00, 0x3F, 0x9F, 0xC0, 0x03, 0xF0, 0xFC, 0x00, 0x7F, 0x0F, 0xE0, 0x07, 0xF0, 0xFE, 0x00, 0xFF,
    0xFF, 0xF0, 0x0F, 0xFF, 0xFF, 0x00, 0xFF, 0xFF, 0xF0, 0x1F, 0xFF, 0xFF, 0x81, 0xFF, 0xFF, 0xF8,
    0x3F, 0x80, 0x3F, 0xC3, 0xF8, 0x01, 0xFC, 0x3F, 0x80, 0x1F, 0xC7, 0xF0, 0x00, 0xFE, 0x7F, 0x00,
    0x0F, 0xE0, 0x00, 0x00, 0x00, 0x38, 0x1C, 0x03, 0xF1, 0xF0, 0x0F, 0xFF, 0x80, 0x3F, 0xF8, 0x00,
    0xFF, 0x80, 0x03, 0xF8, 0x00, 0x0F, 0x80, 0x00, 0x00, 0x00, 0x00, 0x00, 0x01, 0xFE, 0x7E, 0x3F,
    0xFB, 0xF3, 0xFF, 0xFF, 0x9F, 0xFF, 0xFD, 0xFF, 0xFF, 0xFF, 0xFB, 0xFF, 0xFF, 0x07, 0xFF, 0xF0,
    0x1F, 0xFF, 0x80, 0xFF, 0xF8, 0x03, 0xFF, 0xC0, 0x1F, 0xFF, 0x01, 0xFF, 0xF8, 0x0F, 0xFF, 0xE0,
    0xFF, 0xFF, 0xDF, 0xFB, 0xFF, 0xFF, 0xCF, 0xFF, 0xFE, 0x7F, 0xFF, 0xF1, 0xFF, 0xDF, 0x83, 0xFC,
    0xFC, 0x00, 0x00, 0x70, 0x39, 0xF9, 0xF3, 0xFF, 0xE3, 0xFF, 0x81, 0xFE, 0x01, 0xF8, 0x00, 0x00,
    0x00, 0x01, 0xFF, 0xFF, 0xFF, 0xFF, 0xFF, 0xFF, 0xFF, 0xFF, 0xFF, 0xC1, 0xF8, 0x03, 0xF0, 0x07,
    0xE0, 0x0F, 0xC0, 0x1F, 0x80, 0x3F, 0x00, 0x7E, 0x00, 0xFC, 0x01, 0xF8, 0x03, 0xF0, 0x07, 0xE0,
    0x0F, 0xC0, 0x1F, 0x80, 0x3F, 0x00, 0x7E, 0x00, 0xFC, 0x3F, 0xFF, 0xFF, 0xFF, 0xFF, 0xFF, 0xFF,
    0xFF, 0xFF, 0xF8, 0x00, 0x00, 0x38, 0x1C, 0x7E, 0x7E, 0x7F, 0xFE, 0x3F, 0xFC, 0x1F, 0xF8, 0x07,
    0xE0, 0x03, 0xC0, 0x00, 0x00, 0x00, 0x00, 0x07, 0xE0, 0x07, 0xE0, 0x07, 0xE0, 0x07, 0xE0, 0x07,
    0xE0, 0x07, 0xE0, 0x07, 0xE0, 0x07, 0xE0, 0x07, 0xE0, 0x07, 0xE0, 0x07, 0xE0, 0x07, 0xE0, 0x07,
    0xE0, 0x07, 0xE0, 0x07, 0xE0, 0x07, 0xE0, 0x07, 0xE0, 0x07, 0xE0, 0x07, 0xE0, 0x07, 0xE0, 0x00,
    0x00, 0x00, 0x00, 0x3C, 0x1E, 0x00, 0x0F, 0xEF, 0xE0, 0x01, 0xFF, 0xFC, 0x00, 0x0F, 0xFE, 0x00,
    0x00, 0xFF, 0x80, 0x00, 0x0F, 0xE0, 0x00, 0x00, 0x00, 0x00, 0x00, 0x3F, 0x80, 0x00, 0x3F, 0xFE,
    0x00, 0x1F, 0xFF, 0xF0, 0x07, 0xFF, 0xFF, 0x01, 0xFF, 0xFF, 0xF0, 0x7F, 0xFF, 0xFF, 0x0F, 0xFF,
    0xFF, 0xE3, 0xFE, 0x03, 0xFE, 0x7F, 0x80, 0x3F, 0xDF, 0xE0, 0x03, 0xFF, 0xF8, 0x00, 0x3F, 0xFF,
    0x00, 0x07, 0xFF, 0xE0, 0x00, 0xFF, 0xF8, 0x00, 0x0F, 0xFF, 0x00, 0x01, 0xFF, 0xF0, 0x00, 0x7F,
    0xFE, 0x00, 0x0F, 0xFF, 0xC0, 0x01, 0xFF, 0xFC, 0x00, 0x7F, 0xBF, 0xC0, 0x1F, 0xE7, 0xFF, 0x1F,
    0xFC, 0x7F, 0xFF, 0xFF, 0x07, 0xFF, 0xFF, 0xC0, 0x7F, 0xFF, 0xF0, 0x07, 0xFF, 0xFC, 0x00, 0x7F,
    0xFF, 0x00, 0x03, 0xFF, 0x80, 0x00, 0x00, 0x00, 0x00, 0x1C, 0x1E, 0x00, 0xF8, 0xFC, 0x03, 0xFF,
    0xE0, 0x07, 0xFF, 0x00, 0x07, 0xF8, 0x00, 0x0F, 0x80, 0x00, 0x00, 0x00, 0x00, 0x00, 0x00, 0x00,
    0x00, 0x00, 0x3F, 0xE0, 0x03, 0xFF, 0xE0, 0x1F, 0xFF, 0xC0, 0xFF, 0xFF, 0x87, 0xFF, 0xFF, 0x1F,
    0xF7, 0xFC, 0xFF, 0x07, 0xFB, 0xF8, 0x0F, 0xEF, 0xE0, 0x3F, 0xBF, 0x00, 0x7E, 0xFC, 0x01, 0xFB,
    0xF8, 0x0F, 0xEF, 0xE0, 0x3F, 0xBF, 0xC1, 0xFE, 0x7F, 0xDF, 0xF1, 0xFF, 0xFF, 0xC3, 0xFF, 0xFE,
    0x07, 0xFF, 0xF0, 0x0F, 0xFF, 0x80, 0x0F, 0xF8, 0x00, 0x00, 0x00, 0x00, 0x0E, 0x07, 0x00, 0x3F,
    0x3F, 0x00, 0x7F, 0xFE, 0x00, 0x7F, 0xF0, 0x00, 0x3F, 0xC0, 0x00, 0x3F, 0x00, 0x00, 0x00, 0x00,
    0x00, 0x00, 0x01, 0xF8, 0x01, 0xFB, 0xF0, 0x03, 0xF7, 0xE0, 0x07, 0xEF, 0xC0, 0x0F, 0xDF, 0x80,
    0x1F, 0xBF, 0x00, 0x3F, 0x7E, 0x00, 0x7E, 0xFC, 0x00, 0xFD, 0xF8, 0x01, 0xFB, 0xF0, 0x03, 0xF7,
    0xE0, 0x07, 0xEF, 0xC0, 0x0F, 0xDF, 0x80, 0x1F, 0xBF, 0x00, 0x3F, 0x7E, 0x00, 0x7E, 0xFC, 0x00,
    0xFD, 0xFC, 0x01, 0xFB, 0xF8, 0x07, 0xF7, 0xF0, 0x0F, 0xEF, 0xF0, 0x3F, 0xCF, 0xF9, 0xFF, 0x1F,
    0xFF, 0xFE, 0x1F, 0xFF, 0xF8, 0x1F, 0xFF, 0xE0, 0x1F, 0xFF, 0x80, 0x0F, 0xFC, 0x00, 0x00, 0x00,
    0x03, 0xC0, 0xE0, 0xFC, 0x7E, 0x0F, 0xFF, 0x80, 0xFF, 0xE0, 0x0F, 0xF8, 0x00, 0x7E, 0x00, 0x00,
    0x00, 0x00, 0x00, 0x00, 0x00, 0x03, 0xF0, 0x1F, 0xFE, 0x03, 0xFF, 0xC0, 0x7F, 0xF8, 0x0F, 0xFF,
    0x01, 0xFF, 0xE0, 0x3F, 0xFC, 0x07, 0xFF, 0x80, 0xFF, 0xF0, 0x1F, 0xFE, 0x03, 0xFF, 0xC0, 0x7F,
    0xF8, 0x0F, 0xFF, 0x83, 0xFF, 0xF0, 0x7F, 0xFF, 0xBF, 0xFF, 0xFF, 0xFD, 0xFF, 0xFF, 0xBF, 0xFF,
    0xF3, 0xFF, 0x7E, 0x3F, 0xCF, 0xC0, 0x07, 0xFF, 0x80, 0x1F, 0xFE, 0x00, 0x7F, 0xF8, 0x01, 0xFF,
    0xE0, 0x00, 0x00, 0x00, 0x1F, 0x3E, 0x00, 0x7C, 0xF8, 0x01, 0xF3, 0xE0, 0x07, 0xCF, 0x80, 0x0E,
    0x1C, 0x00, 0x00, 0x00, 0x00, 0x00, 0x00, 0xFC, 0x00, 0xFF, 0xF0, 0x03, 0xFF, 0xC0, 0x0F, 0xFF,
    0x00, 0x3F, 0xFC, 0x00, 0xFF, 0xF0, 0x03, 0xFF, 0xC0, 0x0F, 0xFF, 0x00, 0x3F, 0xFC, 0x00, 0xFF,
    0xF0, 0x03, 0xFF, 0xC0, 0x0F, 0xFF, 0x00, 0x3F, 0xFC, 0x00, 0xFF, 0xF0, 0x03, 0xFF, 0xC0, 0x0F,
    0xFF, 0x00, 0x3F, 0xFC, 0x00, 0xFF, 0xF0, 0x03, 0xFF, 0xC0, 0x0F, 0xFF, 0x80, 0x7F, 0xFE, 0x01,
    0xFF, 0xFC, 0x0F, 0xF7, 0xFF, 0xFF, 0x8F, 0xFF, 0xFC, 0x3F, 0xFF, 0xE0, 0x3F, 0xFF, 0x00, 0x3F,
    0xF0, 0x00, 0x1F, 0xFF, 0x03, 0xFF, 0xE0, 0x7F, 0xFC, 0x0F, 0xFF, 0x80, 0x00, 0x00, 0x00, 0x00,
    0x07, 0xC7, 0xC0, 0xF8, 0xF8, 0x1F, 0x1F, 0x03, 0xE3, 0xE0, 0x38, 0x38, 0x00, 0x00, 0x0F, 0xC0,
    0x7F, 0xF8, 0x0F, 0xFF, 0x01, 0xFF, 0xE0, 0x3F, 0xFC, 0x07, 0xFF, 0x80, 0xFF, 0xF0, 0x1F, 0xFE,
    0x03, 0xFF, 0xC0, 0x7F, 0xF8, 0x0F, 0xFF, 0x01, 0xFF, 0xE0, 0x3F, 0xFC, 0x07, 0xFF, 0x81, 0xFF,
    0xF0, 0x3F, 0xFF, 0x0F, 0xFF, 0xFF, 0xFF, 0xFF, 0xFF, 0xDF, 0xFF, 0xF9, 0xFF, 0xDF, 0x1F, 0xE3,
    0xE0, 0x00, 0x1F, 0xC0, 0x00, 0x7E, 0x00, 0x03, 0xF0, 0x00, 0x1F, 0x80, 0x00, 0x78, 0x00, 0x00,
    0x00, 0x00, 0x7C, 0xF8, 0x01, 0xF3, 0xE0, 0x07, 0xCF, 0x80, 0x1F, 0x3E, 0x00, 0x38, 0x70, 0x00,
    0x00, 0x00, 0x00, 0x00, 0x03, 0xF0, 0x03, 0xFF, 0xC0, 0x0F, 0xFF, 0x00, 0x3F, 0xFC, 0x00, 0xFF,
    0xF0, 0x03, 0xFF, 0xC0, 0x0F, 0xFF, 0x00, 0x3F, 0xFC, 0x00, 0xFF, 0xF0, 0x03, 0xFF, 0xC0, 0x0F,
    0xFF, 0x00, 0x3F, 0xFC, 0x00, 0xFF, 0xF0, 0x03, 0xFF, 0xC0, 0x0F, 0xFF, 0x00, 0x3F, 0xFC, 0x00,
    0xFF, 0xF0, 0x03, 0xFF, 0xC0, 0x0F, 0xFF, 0x00, 0x3F, 0xFE, 0x01, 0xFF, 0xF8, 0x07, 0xFF, 0xF0,
    0x3F, 0xDF, 0xFF, 0xFE, 0x3F, 0xFF, 0xF0, 0xFF, 0xFF, 0x80, 0xFF, 0xFC, 0x00, 0xFF, 0xC0, 0x00,
    0x3F, 0x80, 0x0F, 0xE0, 0x03, 0xF8, 0x00, 0x7E, 0x00, 0x1F, 0x00, 0x00, 0x00, 0x07, 0xC7, 0xC0,
    0xF8, 0xF8, 0x1F, 0x1F, 0x03, 0xE3, 0xE0, 0x38, 0x38, 0x00, 0x00, 0x0F, 0xC0, 0x7F, 0xF8, 0x0F,
    0xFF, 0x01, 0xFF, 0xE0, 0x3F, 0xFC, 0x07, 0xFF, 0x80, 0xFF, 0xF0, 0x1F, 0xFE, 0x03, 0xFF, 0xC0,
    0x7F, 0xF8, 0x0F, 0xFF, 0x01, 0xFF, 0xE0, 0x3F, 0xFC, 0x07, 0xFF, 0x81, 0xFF, 0xF0, 0x3F, 0xFF,
    0x0F, 0xFF, 0xFF, 0xFF, 0xFF, 0xFF, 0xDF, 0xFF, 0xF9, 0xFF, 0xDF, 0x1F, 0xE3, 0xE0, 0x0F, 0x87,
    0xC0, 0x1F, 0x3E, 0x00, 0x3F, 0xF0, 0x00, 0x7F, 0x80, 0x00, 0xFC, 0x00, 0x00, 0x00, 0x00, 0x7C,
    0xF8, 0x01, 0xF3, 0xE0, 0x07, 0xCF, 0x80, 0x1F, 0x3E, 0x00, 0x38, 0x70, 0x00, 0x00, 0x00, 0x00,
    0x00, 0x03, 0xF0, 0x03, 0xFF, 0xC0, 0x0F, 0xFF, 0x00, 0x3F, 0xFC, 0x00, 0xFF, 0xF0, 0x03, 0xFF,
    0xC0, 0x0F, 0xFF, 0x00, 0x3F, 0xFC, 0x00, 0xFF, 0xF0, 0x03, 0xFF, 0xC0, 0x0F, 0xFF, 0x00, 0x3F,
    0xFC, 0x00, 0xFF, 0xF0, 0x03, 0xFF, 0xC0, 0x0F, 0xFF, 0x00, 0x3F, 0xFC, 0x00, 0xFF, 0xF0, 0x03,
    0xFF, 0xC0, 0x0F, 0xFF, 0x00, 0x3F, 0xFE, 0x01, 0xFF, 0xF8, 0x07, 0xFF, 0xF0, 0x3F, 0xDF, 0xFF,
    0xFE, 0x3F, 0xFF, 0xF0, 0xFF, 0xFF, 0x80, 0xFF, 0xFC, 0x00, 0xFF, 0xC0, 0x3C, 0x07, 0x87, 0xE3,
    0xF0, 0x3E, 0xF8, 0x03, 0xFE, 0x00, 0x3F, 0x80, 0x07, 0xF0, 0x00, 0x00, 0x00, 0xF8, 0xF8, 0x1F,
    0x1F, 0x03, 0xE3, 0xE0, 0x7C, 0x7C, 0x07, 0x07, 0x00, 0x00, 0x01, 0xF8, 0x0F, 0xFF, 0x01, 0xFF,
    0xE0, 0x3F, 0xFC, 0x07, 0xFF, 0x80, 0xFF, 0xF0, 0x1F, 0xFE, 0x03, 0xFF, 0xC0, 0x7F, 0xF8, 0x0F,
    0xFF, 0x01, 0xFF, 0xE0, 0x3F, 0xFC, 0x07, 0xFF, 0x80, 0xFF, 0xF0, 0x3F, 0xFE, 0x07, 0xFF, 0xE1,
    0xFF, 0xFF, 0xFF, 0xFF, 0xFF, 0xFB, 0xFF, 0xFF, 0x3F, 0xFB, 0xE3, 0xFC, 0x7C, 0x0F, 0xE0, 0x00,
    0x1F, 0x80, 0x00, 0x3F, 0x00, 0x00, 0x7E, 0x00, 0x00, 0x78, 0x00, 0x00, 0x00, 0x00, 0x7C, 0xF8,
    0x01, 0xF3, 0xE0, 0x07, 0xCF, 0x80, 0x1F, 0x3E, 0x00, 0x38, 0x70, 0x00, 0x00, 0x00, 0x00, 0x00,
    0x03, 0xF0, 0x03, 0xFF, 0xC0, 0x0F, 0xFF, 0x00, 0x3F, 0xFC, 0x00, 0xFF, 0xF0, 0x03, 0xFF, 0xC0,
    0x0F, 0xFF, 0x00, 0x3F, 0xFC, 0x00, 0xFF, 0xF0, 0x03, 0xFF, 0xC0, 0x0F, 0xFF, 0x00, 0x3F, 0xFC,
    0x00, 0xFF, 0xF0, 0x03, 0xFF, 0xC0, 0x0F, 0xFF, 0x00, 0x3F, 0xFC, 0x00, 0xFF, 0xF0, 0x03, 0xFF,
    0xC0, 0x0F, 0xFF, 0x00, 0x3F, 0xFE, 0x01, 0xFF, 0xF8, 0x07, 0xFF, 0xF0, 0x3F, 0xDF, 0xFF, 0xFE,
    0x3F, 0xFF, 0xF0, 0xFF, 0xFF, 0x80, 0xFF, 0xFC, 0x00, 0xFF, 0xC0, 0x3F, 0x80, 0x03, 0xF8, 0x00,
    0x3F, 0x80, 0x03, 0xF8, 0x00, 0x1F, 0x00, 0x00, 0x00, 0x07, 0xC7, 0xC0, 0xF8, 0xF8, 0x1F, 0x1F,
    0x03, 0xE3, 0xE0, 0x38, 0x38, 0x00, 0x00, 0x0F, 0xC0, 0x7F, 0xF8, 0x0F, 0xFF, 0x01, 0xFF, 0xE0,
    0x3F, 0xFC, 0x07, 0xFF, 0x80, 0xFF, 0xF0, 0x1F, 0xFE, 0x03, 0xFF, 0xC0, 0x7F, 0xF8, 0x0F, 0xFF,
    0x01, 0xFF, 0xE0, 0x3F, 0xFC, 0x07, 0xFF, 0x81, 0xFF, 0xF0, 0x3F, 0xFF, 0x0F, 0xFF, 0xFF, 0xFF,
    0xFF, 0xFF, 0xDF, 0xFF, 0xF9, 0xFF, 0xDF, 0x1F, 0xE3, 0xE0, 0x1F, 0xF8, 0x0F, 0xFF, 0xC1, 0xFF,
    0xFE, 0x3F, 0xFF, 0xC7, 0xFF, 0xFC, 0xC0, 0x3F, 0xC0, 0x03, 0xF8, 0x00, 0x3F, 0xFF, 0xFF, 0xFF,
    0xFF, 0xFF, 0xFF, 0xFF, 0xFF, 0xFF, 0xFF, 0xFF, 0xFF, 0xF8, 0x0F, 0xFF, 0x03, 0xFF, 0xF0, 0x7E,
    0x7F, 0xFF, 0xCF, 0xFF, 0xF0, 0xFF, 0xFE, 0x0F, 0xFF, 0x80, 0x7F, 0xC0, 0x01, 0xFF, 0xE0, 0x00,
    0x7F, 0xF8, 0x00, 0x1F, 0xFE, 0x00, 0x07, 0xFF, 0x80, 0x00, 0x00, 0x00, 0x00, 0x38, 0x70, 0x00,
    0x1F, 0x3E, 0x00, 0x07, 0xCF, 0x80, 0x01, 0xF3, 0xE0, 0x00, 0x7C, 0xF8, 0x00, 0x00, 0x00, 0x00,
    0x00, 0x00, 0x00, 0x00, 0x7F, 0x80, 0x00, 0x1F, 0xE0, 0x00, 0x0F, 0xF8, 0x00, 0x03, 0xFF, 0x00,
    0x00, 0xFF, 0xC0, 0x00, 0x7F, 0xF8, 0x00, 0x1F, 0xFE, 0x00, 0x07, 0xFF, 0x80, 0x03, 0xF3, 0xF0,
    0x00, 0xFC, 0xFC, 0x00, 0x3F, 0x3F, 0x00, 0x1F, 0xCF, 0xE0, 0x07, 0xE1, 0xF8, 0x01, 0xF8, 0x7E,
    0x00, 0xFE, 0x1F, 0xC0, 0x3F, 0x03, 0xF0, 0x0F, 0xFF, 0xFC, 0x07, 0xFF, 0xFF, 0x81, 0xFF, 0xFF,
    0xE0, 0xFF, 0xFF, 0xF8, 0x3F, 0xFF, 0xFF, 0x0F, 0xE0, 0x1F, 0xC7, 0xF0, 0x03, 0xF9, 0xFC, 0x00,
    0xFE, 0x7F, 0x00, 0x3F, 0xBF, 0x80, 0x07, 0xFF, 0xE0, 0x01, 0xFC, 0x1F, 0xFF, 0x07, 0xFF, 0xC1,
    0xFF, 0xF0, 0x7F, 0xFC, 0x00, 0x00, 0x00, 0x00, 0x01, 0xF1, 0xF0, 0x7C, 0x7C, 0x1F, 0x1F, 0x07,
    0xC7, 0xC0, 0xE0, 0xE0, 0x00, 0x00, 0x0F, 0xFE, 0x0F, 0xFF, 0xC3, 0xFF, 0xF8, 0xFF, 0xFF, 0x3F,
    0xFF, 0xC6, 0x07, 0xF0, 0x00, 0xFC, 0x00, 0x3F, 0x0F, 0xFF, 0xCF, 0xFF, 0xF7, 0xFF, 0xFF, 0xFE,
    0x3F, 0xFE, 0x0F, 0xFF, 0x03, 0xFF, 0xC1, 0xFF, 0xF8, 0x7F, 0xFF, 0xFF, 0xFF, 0xFF, 0xF7, 0xFF,
    0xFD, 0xFF, 0xDF, 0x1F, 0xC3, 0xC0, 0x01, 0xFF, 0xE0, 0x00, 0x7F, 0xF8, 0x00, 0x1F, 0xFE, 0x00,
    0x07, 0xFF, 0x80, 0x00, 0x00, 0x00, 0x00, 0x03, 0x80, 0x00, 0x01, 0xF0, 0x00, 0x00, 0x7C, 0x00,
    0x00, 0x1F, 0x00, 0x00, 0x07, 0xC0, 0x00, 0x00, 0x00, 0x00, 0x00, 0x00, 0x00, 0x00, 0x7F, 0x80,
    0x00, 0x1F, 0xF0, 0x00, 0x07, 0xFC, 0x00, 0x03, 0xFF, 0x00, 0x00, 0xFF, 0xE0, 0x00, 0x3F, 0xF8,
    0x00, 0x1F, 0xBE, 0x00, 0x07, 0xEF, 0xC0, 0x03, 0xFB, 0xF0, 0x00, 0xFE, 0xFC, 0x00, 0x3F, 0x1F,
    0x80, 0x1F, 0xC7, 0xE0, 0x07, 0xF1, 0xF8, 0x01, 0xF8, 0x3F, 0x00, 0xFE, 0x0F, 0xC0, 0x3F, 0x83,
    0xF0, 0x0F, 0xFF, 0xFE, 0x07, 0xFF, 0xFF, 0x81, 0xFF, 0xFF, 0xE0, 0x7F, 0xFF, 0xFC, 0x3F, 0xFF,
    0xFF, 0x0F, 0xE0, 0x0F, 0xC7, 0xF0, 0x03, 0xF9, 0xFC, 0x00, 0xFE, 0x7F, 0x00, 0x1F, 0xBF, 0x80,
    0x07, 0xFF, 0xE0, 0x01, 0xFC, 0x0F, 0xFF, 0x03, 0xFF, 0xC0, 0xFF, 0xF0, 0x3F, 0xFC, 0x00, 0x00,
    0x00, 0x00, 0x00, 0x1F, 0x00, 0x07, 0xC0, 0x01, 0xF0, 0x00, 0x7C, 0x00, 0x0E, 0x00, 0x00, 0x00,
    0x07, 0xFE, 0x0F, 0xFF, 0xC3, 0xFF, 0xF8, 0x7F, 0xFF, 0x1F, 0xFF, 0xC3, 0x07, 0xF0, 0x00, 0xFC,
    0x00, 0x3F, 0x0F, 0xFF, 0xCF, 0xFF, 0xF7, 0xFF, 0xFF, 0xFE, 0x3F, 0xFE, 0x0F, 0xFF, 0x03, 0xFF,
    0xC1, 0xFF, 0xF8, 0x7F, 0xFF, 0xFF, 0xFF, 0xFF, 0xF7, 0xFF, 0xFD, 0xFF, 0xDF, 0x1F, 0xC3, 0xC0,
    0x00, 0x07, 0xFF, 0x80, 0x00, 0x01, 0xFF, 0xE0, 0x00, 0x00, 0x7F, 0xF8, 0x00, 0x00, 0x1F, 0xFE,
    0x00, 0x00, 0x00, 0x00, 0x00, 0x00, 0x00, 0x00, 0x00, 0x00, 0x00, 0xFF, 0xFF, 0xFC, 0x00, 0x7F,
    0xFF, 0xFF, 0x00, 0x1F, 0xFF, 0xFF, 0xC0, 0x0F, 0xFF, 0xFF, 0xF0, 0x03, 0xFF, 0xFF, 0xFC, 0x01,
    0xF8, 0xFC, 0x00, 0x00, 0x7E, 0x3F, 0x00, 0x00, 0x1F, 0x8F, 0xC0, 0x00, 0x0F, 0xC3, 0xF0, 0x00,
    0x03, 0xF0, 0xFC, 0x00, 0x01, 0xF8, 0x3F, 0xFF, 0x80, 0x7E, 0x0F, 0xFF, 0xE0, 0x3F, 0x83, 0xFF,
    0xF8, 0x0F, 0xC0, 0xFF, 0xFE, 0x07, 0xF0, 0x3F, 0xFF, 0x81, 0xF8, 0x0F, 0xC0, 0x00, 0x7F, 0xFF,
    0xF0, 0x00, 0x3F, 0xFF, 0xFC, 0x00, 0x0F, 0xFF, 0xFF, 0x00, 0x07, 0xFF, 0xFF, 0xC0, 0x01, 0xFF,
    0xFF, 0xF0, 0x00, 0xFE, 0x00, 0xFC, 0x00, 0x3F, 0x00, 0x3F, 0xFF, 0xDF, 0xC0, 0x0F, 0xFF, 0xF7,
    0xE0, 0x03, 0xFF, 0xFD, 0xF8, 0x00, 0xFF, 0xFF, 0xFE, 0x00, 0x3F, 0xFF, 0xC0, 0x00, 0x3F, 0xFC,
    0x00, 0x00, 0x3F, 0xFC, 0x00, 0x00, 0x3F, 0xFC, 0x00, 0x00, 0x3F, 0xFC, 0x00, 0x00, 0x00, 0x00,
    0x00, 0x00, 0x00, 0x00, 0x00, 0x0F, 0xFC, 0x3F, 0xE0, 0x3F, 0xFE, 0xFF, 0xF8, 0x3F, 0xFF, 0xFF,
    0xFC, 0x3F, 0xFF, 0xFF, 0xFE, 0x1F, 0xFF, 0xFF, 0xFE, 0x18, 0x0F, 0xF0, 0x7F, 0x00, 0x0F, 0xE0,
    0x7F, 0x03, 0xFF, 0xFF, 0xFF, 0x1F, 0xFF, 0xFF, 0xFF, 0x7F, 0xFF, 0xFF, 0xFF, 0x7F, 0xFF, 0xFF,
    0xFF, 0xFF, 0x0F, 0xFF, 0xFF, 0xFE, 0x0F, 0xC0, 0x00, 0xFC, 0x0F, 0xE0, 0x00, 0xFC, 0x1F, 0xE0,
    0x00, 0xFC, 0x1F, 0xF0, 0x06, 0xFF, 0xFF, 0xFF, 0xFE, 0xFF, 0xFF, 0xFF, 0xFE, 0x7F, 0xFD, 0xFF,
    0xFE, 0x3F, 0xF8, 0x7F, 0xFE, 0x1F, 0xE0, 0x3F, 0xF8, 0x00, 0xFF, 0xF0, 0x01, 0xFF, 0xFE, 0x03,
    0xFF, 0xFF, 0x03, 0xFF, 0xFF, 0x03, 0xFF, 0xFF, 0x81, 0xFE, 0x01, 0xC1, 0xFE, 0x00, 0x00, 0xFE,
    0x00, 0x00, 0xFE, 0x00, 0x00, 0x7F, 0x00, 0x00, 0x3F, 0x07, 0xFF, 0x1F, 0x83, 0xFF, 0x8F, 0xC1,
    0xFF, 0xC7, 0xE0, 0xFF, 0xE3, 0xF0, 0x7F, 0xF1, 0xF8, 0x01, 0xF8, 0xFC, 0x00, 0xFC, 0x7F, 0x07,
    0xFF, 0xFF, 0x83, 0xFF, 0xEF, 0xC1, 0xFF, 0xF7, 0xF0, 0xFF, 0xFB, 0xFC, 0x07, 0xE0, 0xFF, 0xFF,
    0xF0, 0x3F, 0xFF, 0xF8, 0x0F, 0xFF, 0xFC, 0x03, 0xFF, 0xFE, 0x00, 0x7F, 0xFC, 0x00, 0x0F, 0xF3,
    0xE0, 0xFF, 0xFF, 0x0F, 0xFF, 0xF8, 0xFF, 0xFF, 0xC7, 0xFF, 0xFE, 0x7F, 0x07, 0xF3, 0xF8, 0x1F,
    0x9F, 0x80, 0xFC, 0xFC, 0x07, 0xE7, 0xE0, 0x3F, 0x3F, 0x01, 0xF9, 0xF8, 0x0F, 0xCF, 0xE0, 0x7E,
    0x7F, 0x07, 0xF3, 0xFE, 0x7F, 0x8F, 0xFF, 0xFC, 0x7F, 0xFF, 0xE1, 0xFF, 0xFF, 0x07, 0xFD, 0xF8,
    0x07, 0x0F, 0xC0, 0x00, 0x7E, 0x00, 0xFF, 0xFC, 0x07, 0xFF, 0xE0, 0x3F, 0xFF, 0x60, 0x0F, 0xE3,
    0xFF, 0xFE, 0x1F, 0xFF, 0xF0, 0xFF, 0xFF, 0x07, 0xFF, 0xF0, 0x0F, 0xFE, 0x00, 0x00, 0x00, 0x00,
    0x00, 0x3C, 0x0E, 0x00, 0x07, 0xEF, 0xE0, 0x00, 0xFF, 0xFC, 0x00, 0x0F, 0xFE, 0x00, 0x00, 0xFF,
    0x80, 0x00, 0x07, 0xE0, 0x00, 0x00, 0x00, 0x00, 0x00, 0x1F, 0xC0, 0x00, 0x1F, 0xFF, 0x00, 0x0F,
    0xFF, 0xF8, 0x07, 0xFF, 0xFF, 0x81, 0xFF, 0xFF, 0xF8, 0x7F, 0xFF, 0xFE, 0x0F, 0xF8, 0x1F, 0x83,
    0xFC, 0x00, 0xE0, 0x7F, 0x00, 0x08, 0x1F, 0xE0, 0x00, 0x03, 0xF8, 0x00, 0x00, 0x7F, 0x00, 0x00,
    0x0F, 0xE0, 0x7F, 0xFD, 0xF8, 0x0F, 0xFF, 0xBF, 0x01, 0xFF, 0xF7, 0xF0, 0x3F, 0xFE, 0xFE, 0x07,
    0xFF, 0xDF, 0xC0, 0x01, 0xFB, 0xFC, 0x00, 0x7F, 0x3F, 0xC0, 0x0F, 0xE7, 0xFC, 0x03, 0xF8, 0x7F,
    0xF3, 0xFF, 0x07, 0xFF, 0xFF, 0xC0, 0x7F, 0xFF, 0xF0, 0x07, 0xFF, 0xFC, 0x00, 0x7F, 0xFF, 0x00,
    0x03, 0xFF, 0x80, 0x00, 0x02, 0x01, 0x80, 0x1E, 0x1F, 0x00, 0xFE, 0xFC, 0x01, 0xFF, 0xE0, 0x01,
    0xFF, 0x00, 0x03, 0xF8, 0x00, 0x07, 0x80, 0x00, 0x00, 0x00, 0x00, 0x00, 0x00, 0x1F, 0xE7, 0xE0,
    0xFF, 0xFF, 0x8F, 0xFF, 0xFE, 0x3F, 0xFF, 0xF9, 0xFF, 0xFF, 0xE7, 0xFD, 0xFF, 0xBF, 0xC1, 0xFE,
    0xFE, 0x03, 0xFB, 0xF8, 0x0F, 0xEF, 0xC0, 0x1F, 0xBF, 0x00, 0x7E, 0xFE, 0x03, 0xFB, 0xF8, 0x0F,
    0xEF, 0xF0, 0x7F, 0xBF, 0xF7, 0xFE, 0x7F, 0xFF, 0xF8, 0xFF, 0xFF, 0xE3, 0xFF, 0xFF, 0x83, 0xFF,
    0x7E, 0x07, 0xF9, 0xF8, 0x00, 0x0F, 0xE0, 0x00, 0x3F, 0x86, 0x01, 0xFE, 0x1F, 0x9F, 0xF8, 0xFF,
    0xFF, 0xC3, 0xFF, 0xFE, 0x0F, 0xFF, 0xF8, 0x1F, 0xFF, 0x80, 0x1F, 0xF8, 0x00, 0x3E, 0x03, 0xE0,
    0x7C, 0x1F, 0x01, 0xFD, 0xF8, 0x03, 0xFF, 0xE0, 0x07, 0xFF, 0x00, 0x0F, 0xF8, 0x00, 0x1F, 0xC0,
    0x00, 0x00, 0x00, 0x00, 0x00, 0x03, 0xF0, 0x0F, 0xFF, 0xC0, 0x3F, 0xBF, 0x01, 0xFC, 0xFC, 0x0F,
    0xE3, 0xF0, 0x7F, 0x8F, 0xC3, 0xFC, 0x3F, 0x0F, 0xE0, 0xFC, 0x7F, 0x03, 0xF3, 0xF8, 0x0F, 0xDF,
    0xE0, 0x3F, 0x7F, 0x00, 0xFF, 0xF8, 0x03, 0xFF, 0xE0, 0x0F, 0xFF, 0xC0, 0x3F, 0xFF, 0x00, 0xFF,
    0xFE, 0x03, 0xFF, 0xF8, 0x0F, 0xC7, 0xF0, 0x3F, 0x0F, 0xE0, 0xFC, 0x3F, 0x83, 0xF0, 0x7F, 0x0F,
    0xC1, 0xFE, 0x3F, 0x03, 0xF8, 0xFC, 0x07, 0xF3, 0xF0, 0x1F, 0xEF, 0xC0, 0x3F, 0xBF, 0x00, 0xFF,
    0xF8, 0x1F, 0x80, 0x1F, 0x8F, 0xC0, 0x03, 0xFF, 0xE0, 0x00, 0xFF, 0xF0, 0x00, 0x1F, 0xF8, 0x00,
    0x03, 0xFC, 0x00, 0x00, 0x00, 0x00, 0x00, 0x00, 0x00, 0x00, 0x07, 0xE0, 0x00, 0x01, 0xF8, 0x00,
    0x00, 0x7E, 0x00, 0x00, 0x1F, 0x80, 0x00, 0x07, 0xE0, 0x00, 0x01, 0xF8, 0x00, 0x00, 0x7E, 0x00,
    0x00, 0x1F, 0x80, 0x00, 0x07, 0xE0, 0x3F, 0x81, 0xF8, 0x1F, 0xC0, 0x7E, 0x0F, 0xE0, 0x1F, 0x87,
    0xF0, 0x07, 0xE3, 0xF8, 0x01, 0xF9, 0xFE, 0x00, 0x7E, 0xFF, 0x00, 0x1F, 0xBF, 0x80, 0x07, 0xFF,
    0xC0, 0x01, 0xFF, 0xF0, 0x00, 0x7F, 0xFC, 0x00, 0x1F, 0xFF, 0x80, 0x07, 0xFF, 0xF0, 0x01, 0xFF,
    0xFE, 0x00, 0x7E, 0x3F, 0x80, 0x1F, 0x87, 0xF0, 0x07, 0xE0, 0xFE, 0x01, 0xF8, 0x3F, 0x80, 0x7E,
    0x07, 0xF0, 0x1F, 0x80, 0xFE, 0x07, 0xE0, 0x3F, 0xC0, 0x00, 0x3F, 0x80, 0x00, 0x3F, 0xFE, 0x00,
    0x1F, 0xFF, 0xF0, 0x07, 0xFF, 0xFF, 0x01, 0xFF, 0xFF, 0xF0, 0x7F, 0xFF, 0xFF, 0x0F, 0xFF, 0xFF,
    0xE3, 0xFE, 0x03, 0xFE, 0x7F, 0x80, 0x3F, 0xDF, 0xE0, 0x03, 0xFF, 0xF8, 0x00, 0x3F, 0xFF, 0x00,
    0x07, 0xFF, 0xE0, 0x00, 0xFF, 0xF8, 0x00, 0x0F, 0xFF, 0x00, 0x01, 0xFF, 0xF0, 0x00, 0x7F, 0xFE,
    0x00, 0x0F, 0xFF, 0xC0, 0x01, 0xFF, 0xFC, 0x00, 0x7F, 0xBF, 0xC0, 0x1F, 0xE7, 0xFF, 0x1F, 0xFC,
    0x7F, 0xFF, 0xFF, 0x07, 0xFF, 0xFF, 0xC0, 0x7F, 0xFF, 0xF0, 0x07, 0xFF, 0xFC, 0x00, 0x7F, 0xFF,
    0x00, 0x03, 0xFF, 0xC0, 0x00, 0x01, 0xE0, 0x00, 0x00, 0x7C, 0x00, 0x00, 0x0F, 0x00, 0x00, 0x01,
    0xFE, 0x00, 0x00, 0x3F, 0xE0, 0x00, 0x07, 0xFC, 0x00, 0x00, 0xFF, 0x00, 0x00, 0x07, 0xC0, 0x00,
    0x03, 0xFE, 0x00, 0x3F, 0xFE, 0x01, 0xFF, 0xFC, 0x0F, 0xFF, 0xF8, 0x7F, 0xFF, 0xF1, 0xFF, 0x7F,
    0xCF, 0xF0, 0x7F, 0xBF, 0x80, 0xFE, 0xFE, 0x03, 0xFB, 0xF0, 0x07, 0xEF, 0xC0, 0x1F, 0xBF, 0x80,
    0xFE, 0xFE, 0x03, 0xFB, 0xFC, 0x1F, 0xE7, 0xFD, 0xFF, 0x1F, 0xFF, 0xFC, 0x3F, 0xFF, 0xE0, 0x7F,
    0xFF, 0x00, 0xFF, 0xF8, 0x00, 0xFF, 0xC0, 0x00, 0x3C, 0x00, 0x01, 0xF0, 0x00, 0x07, 0x80, 0x00,
    0x1F, 0xC0, 0x00, 0x7F, 0x80, 0x01, 0xFF, 0x00, 0x07, 0xF8, 0x00, 0x0F, 0xC0, 0x01, 0xFF, 0xE0,
    0x00, 0xFF, 0xF0, 0x00, 0x7F, 0xF8, 0x00, 0x3F, 0xFC, 0x00, 0x00, 0x00, 0x00, 0x00, 0x00, 0x00,
    0x07, 0xFF, 0x00, 0x0F, 0xFF, 0xE0, 0x0F, 0xFF, 0xF8, 0x0F, 0xFF, 0xFE, 0x0F, 0xFF, 0xFF, 0x8F,
    0xF0, 0x1F, 0xC7, 0xF0, 0x07, 0xF3, 0xF0, 0x03, 0xFB, 0xF8, 0x00, 0xFF, 0xFC, 0x00, 0x7F, 0xFC,
    0x00, 0x3F, 0xFE, 0x00, 0x0F, 0xFF, 0x00, 0x07, 0xFF, 0x80, 0x03, 0xFF, 0xC0, 0x01, 0xFF, 0xE0,
    0x00, 0xFF, 0xF0, 0x00, 0xFF, 0xFC, 0x00, 0x7F, 0xFE, 0x00, 0x3F, 0xBF, 0x00, 0x3F, 0x9F, 0xC0,
    0x1F, 0xCF, 0xF0, 0x1F, 0xC3, 0xFF, 0xFF, 0xE0, 0xFF, 0xFF, 0xE0, 0x3F, 0xFF, 0xE0, 0x0F, 0xFF,
    0xE0, 0x01, 0xFF, 0xC0, 0x00, 0x0F, 0x00, 0x00, 0x0F, 0x00, 0x00, 0x0F, 0x00, 0x00, 0x07, 0x80,
    0x00, 0x03, 0xC0, 0x00, 0x01, 0xF4, 0x00, 0x00, 0xFE, 0x00, 0x00, 0x7F, 0x00, 0x00, 0x1F, 0x80,
    0x00, 0x0F, 0xFF, 0x00, 0xFF, 0xF0, 0x0F, 0xFF, 0x00, 0xFF, 0xF0, 0x00, 0x00, 0x00, 0x00, 0x00,
    0x07, 0xFC, 0x01, 0xFF, 0xF0, 0x3F, 0xFF, 0x83, 0xFF, 0xFC, 0x7F, 0xFF, 0xEF, 0xF0, 0xFE, 0xFE,
    0x07, 0xFF, 0xC0, 0x7F, 0xFC, 0x07, 0xFF, 0xC0, 0x3F, 0xFC, 0x03, 0xFF, 0xC0, 0x3F, 0xFC, 0x07,
    0xFF, 0xE0, 0x7F, 0xFE, 0x07, 0xF7, 0xF0, 0xFE, 0x7F, 0xFF, 0xE3, 0xFF, 0xFC, 0x1F, 0xFF, 0x80,
    0xFF, 0xF0, 0x07, 0xFC, 0x00, 0x1F, 0x00, 0x01, 0xE0, 0x00, 0x3C, 0x00, 0x03, 0xC0, 0x00, 0x3C,
    0x00, 0x03, 0xE8, 0x00, 0x3F, 0x80, 0x03, 0xF8, 0x00, 0x1F, 0x80, 0x3C, 0x07, 0xE3, 0xF0, 0xFC,
    0x1F, 0x9F, 0x80, 0xFF, 0xF0, 0x07, 0xFE, 0x00, 0x3F, 0xC0, 0x03, 0xFC, 0x00, 0x00, 0x00, 0x00,
    0x00, 0x07, 0xFF, 0xFE, 0x7F, 0xFF, 0xE7, 0xFF, 0xFE, 0x7F, 0xFF, 0xE7, 0xFF, 0xFC, 0x00, 0x7F,
    0x80, 0x0F, 0xF0, 0x01, 0xFE, 0x00, 0x3F, 0xC0, 0x07, 0xF8, 0x00, 0xFF, 0x00, 0x0F, 0xFE, 0x00,
    0xFF, 0xF8, 0x0F, 0xFF, 0xC0, 0xFF, 0xFE, 0x00, 0x3F, 0xF0, 0x00, 0x7F, 0x00, 0x07, 0xF0, 0x00,
    0x3F, 0x00, 0x03, 0xF0, 0x00, 0x7F, 0xE0, 0x0F, 0xFF, 0xFF, 0xFE, 0xFF, 0xFF, 0xEF, 0xFF, 0xFC,
    0xFF, 0xFF, 0x03, 0xFF, 0xC0, 0x3E, 0x07, 0xE1, 0xF9, 0xFC, 0x0F, 0xFF, 0x80, 0xFF, 0xF0, 0x07,
    0xFE, 0x00, 0x3F, 0xC0, 0x00, 0x00, 0x00, 0x00, 0x00, 0x7F, 0xFF, 0xE7, 0xFF, 0xFE, 0x7F, 0xFF,
    0xE7, 0xFF, 0xFE, 0x7F, 0xFF, 0xE0, 0x03, 0xFC, 0x00, 0x7F, 0x80, 0x0F, 0xE0, 0x01, 0xFC, 0x00,
    0x3F, 0x80, 0x07, 0xF0, 0x00, 0xFF, 0x80, 0x0F, 0xFF, 0x00, 0xFF, 0xF8, 0x0F, 0xFF, 0xC0, 0xFF,
    0xFE, 0x00, 0x3F, 0xE0, 0x00, 0xFF, 0x00, 0x07, 0xF0, 0x00, 0x7F, 0x00, 0x03, 0xF0, 0x00, 0x3F,
    0x00, 0x07, 0xF0, 0x00, 0x7F, 0xE0, 0x0F, 0xEF, 0xFF, 0xFE, 0xFF, 0xFF, 0xCF, 0xFF, 0xF8, 0xFF,
    0xFF, 0x03, 0xFF, 0xC0, 0xFC, 0x1F, 0xBF, 0x1F, 0x8F, 0xFF, 0x83, 0xFF, 0x80, 0xFF, 0x80, 0x7F,
    0x80, 0x00, 0x00, 0x00, 0x00, 0x07, 0xE0, 0x03, 0xF0, 0x01, 0xF8, 0x00, 0xFC, 0x00, 0x7E, 0x00,
    0x3F, 0x00, 0x1F, 0x80, 0x0F, 0xC0, 0x07, 0xE0, 0x03, 0xF0, 0x01, 0xF8, 0x00, 0xFC, 0x00, 0x7E,
    0x00, 0x3F, 0x00, 0x1F, 0x80, 0x0F, 0xC0, 0x07, 0xE0, 0x03, 0xF0, 0x01, 0xF8, 0x00, 0xFC, 0x00,
    0x7E, 0x00, 0x3F, 0x00, 0x1F, 0x80, 0x0F, 0xC0, 0x0F, 0xE0, 0x7F, 0xF0, 0x3F, 0xF8, 0x1F, 0xF8,
    0x0F, 0xF8, 0x07, 0xF8, 0x00, 0xFF, 0xFF, 0x00, 0x1F, 0xFF, 0xFF, 0xFF, 0xFF, 0x80, 0x3F, 0xFF,
    0xFF, 0xFF, 0xFF, 0xC0, 0x7F, 0xFF, 0xFF, 0xFF, 0xFF, 0xC0, 0xFF, 0xFF, 0xFF, 0xFF, 0xFF, 0xC1,
    0xFF, 0xFF, 0xFF, 0xC1, 0xFF, 0x80, 0x00, 0x7F, 0xBF, 0x00, 0x7F, 0x80, 0x01, 0xFE, 0x7E, 0x00,
    0x7F, 0x00, 0x07, 0xFC, 0xFC, 0x00, 0xFF, 0x00, 0x0F, 0xF1, 0xF8, 0x00, 0xFE, 0x00, 0x3F, 0xC3,
    0xF0, 0x01, 0xFC, 0x00, 0xFF, 0x87, 0xE0, 0x03, 0xF8, 0x03, 0xFE, 0x0F, 0xC0, 0x03, 0xF0, 0x07,
    0xF8, 0x1F, 0x80, 0x07, 0xE0, 0x1F, 0xE0, 0x3F, 0x00, 0x1F, 0xC0, 0x7F, 0xC0, 0x7E, 0x00, 0x3F,
    0x80, 0xFF, 0x00, 0xFC, 0x00, 0x7F, 0x03, 0xFC, 0x01, 0xF8, 0x01, 0xFE, 0x0F, 0xF0, 0x03, 0xF0,
    0x03, 0xF8, 0x3F, 0xE0, 0x07, 0xE0, 0x0F, 0xF0, 0x7F, 0x80, 0x0F, 0xE0, 0xFF, 0xC1, 0xFE, 0x00,
    0x1F, 0xFF, 0xFF, 0x87, 0xFF, 0xFF, 0xFF, 0xFF, 0xFE, 0x0F, 0xFF, 0xFF, 0xFF, 0xFF, 0xF8, 0x1F,
    0xFF, 0xFF, 0xFF, 0xFF, 0xC0, 0x3F, 0xFF, 0xFF, 0xFF, 0xFE, 0x00, 0x7F, 0xFF, 0xFC, 0xFF, 0xFF,
    0x00, 0x00, 0x00, 0x07, 0xFF, 0xFE, 0x00, 0x00, 0x00, 0x3F, 0xFF, 0xFC, 0x00, 0x00, 0x01, 0xFF,
    0xFF, 0xF0, 0x00, 0x00, 0x0F, 0xFF, 0xFF, 0xC0, 0x00, 0x00, 0x7F, 0x07, 0xFE, 0x00, 0x00, 0x03,
    0xF0, 0x07, 0xF8, 0x7F, 0xFF, 0xDF, 0x80, 0x1F, 0xC3, 0xFF, 0xFE, 0xFC, 0x00, 0xFF, 0x1F, 0xFF,
    0xF7, 0xE0, 0x03, 0xF8, 0xFF, 0xFF, 0xBF, 0x00, 0x1F, 0xC7, 0xFF, 0xFD, 0xF8, 0x00, 0xFE, 0x00,
    0x3F, 0xCF, 0xC0, 0x03, 0xF0, 0x01, 0xFC, 0x7E, 0x00, 0x1F, 0x80, 0x1F, 0xC3, 0xF0, 0x01, 0xFC,
    0x01, 0xFE, 0x1F, 0x80, 0x0F, 0xE0, 0x1F, 0xE0, 0xFC, 0x00, 0x7F, 0x01, 0xFE, 0x07, 0xE0, 0x07,
    0xF8, 0x0F, 0xE0, 0x3F, 0x00, 0x3F, 0x80, 0xFF, 0x01, 0xF8, 0x03, 0xFC, 0x0F, 0xF0, 0x0F, 0xE0,
    0xFF, 0xC0, 0xFF, 0x00, 0x7F, 0xFF, 0xFE, 0x0F, 0xFF, 0xFF, 0xFF, 0xFF, 0xE0, 0x7F, 0xFF, 0xFF,
    0xFF, 0xFE, 0x03, 0xFF, 0xFF, 0xFF, 0xFF, 0xC0, 0x1F, 0xFF, 0xFF, 0xFF, 0xF8, 0x00, 0xFF, 0xFF,
    0xC0, 0x00, 0x07, 0xE0, 0x00, 0x00, 0x00, 0x0F, 0xC0, 0x00, 0x00, 0x00, 0x1F, 0x80, 0x00, 0x00,
    0x00, 0x3F, 0x00, 0x00, 0x00, 0x00, 0x7E, 0x00, 0x00, 0x00, 0x00, 0xFC, 0x00, 0x00, 0x00, 0x01,
    0xF8, 0x00, 0x00, 0x00, 0x03, 0xF0, 0x00, 0x00, 0x0F, 0xE7, 0xE0, 0xFF, 0xFE, 0x3F, 0xFF, 0xC1,
    0xFF, 0xFC, 0xFF, 0xFF, 0x83, 0xFF, 0xFB, 0xFF, 0xFF, 0x07, 0xFF, 0xF7, 0xFF, 0xFE, 0x0F, 0xFF,
    0xFF, 0xE1, 0xFC, 0x00, 0x3F, 0xBF, 0x81, 0xF8, 0x00, 0x7F, 0x7F, 0x03, 0xF0, 0x01, 0xFC, 0xFC,
    0x07, 0xE0, 0x07, 0xF1, 0xF8, 0x0F, 0xC0, 0x1F, 0xC3, 0xF0, 0x1F, 0x80, 0x3F, 0x87, 0xE0, 0x3F,
    0x00, 0xFE, 0x0F, 0xC0, 0x7E, 0x03, 0xF8, 0x1F, 0x80, 0xFC, 0x07, 0xF0, 0x3F, 0x81, 0xF8, 0x1F,
    0xC0, 0x7F, 0x87, 0xF0, 0x7F, 0x00, 0x7F, 0xFF, 0xE1, 0xFF, 0xFE, 0xFF, 0xFF, 0xC3, 0xFF, 0xFC,
    0xFF, 0xFF, 0x87, 0xFF, 0xF8, 0xFF, 0xDF, 0x0F, 0xFF, 0xF0, 0xFE, 0x3E, 0x1F, 0xFF, 0xE0, 0x00,
    0x07, 0xF0, 0x00, 0x3F, 0x80, 0x01, 0xFC, 0x00, 0x0F, 0xE0, 0x00, 0x3F, 0x00, 0x01, 0xF0, 0x00,
    0x0F, 0x80, 0x00, 0x00, 0x00, 0x00, 0x00, 0x00, 0x03, 0xFF, 0xC0, 0x3F, 0xFF, 0xC3, 0xFF, 0xFF,
    0x1F, 0xFF, 0xF8, 0xFF, 0xFF, 0xE3, 0xFC, 0x03, 0x9F, 0xE0, 0x00, 0x7F, 0x00, 0x03, 0xF8, 0x00,
    0x0F, 0xE0, 0x00, 0x3F, 0x80, 0x00, 0xFC, 0x1F, 0xFF, 0xF0, 0x7F, 0xFF, 0xC1, 0xFF, 0xFF, 0x07,
    0xFF, 0xFC, 0x1F, 0xFF, 0xF0, 0x03, 0xFF, 0xE0, 0x0F, 0xFF, 0x80, 0x3F, 0x7E, 0x00, 0xFD, 0xFC,
    0x03, 0xF7, 0xF8, 0x0F, 0xCF, 0xFF, 0xFF, 0x1F, 0xFF, 0xFC, 0x3F, 0xFF, 0xF0, 0x7F, 0xFF, 0xC0,
    0x7F, 0xFC, 0x00, 0x3F, 0xC0, 0x03, 0xF8, 0x00, 0x7F, 0x00, 0x0F, 0xE0, 0x01, 0xF8, 0x00, 0x3F,
    0x00, 0x00, 0x00, 0x00, 0x00, 0x00, 0x0F, 0xF3, 0xF1, 0xFF, 0xBF, 0x3F, 0xFF, 0xF7, 0xFF, 0xFF,
    0x7F, 0xFF, 0xFF, 0xF0, 0xFF, 0xFE, 0x07, 0xFF, 0xE0, 0x7F, 0xFC, 0x03, 0xFF, 0xC0, 0x3F, 0xFC,
    0x03, 0xFF, 0xC0, 0x3F, 0xFC, 0x03, 0xFF, 0xC0, 0x7F, 0xFE, 0x07, 0xFF, 0xF0, 0xFF, 0x7F, 0xFF,
    0xF7, 0xFF, 0xFF, 0x3F, 0xFF, 0xF1, 0xFF, 0xFF, 0x0F, 0xF7, 0xF0, 0x00, 0x7F, 0x00, 0x07, 0xF0,
    0x00, 0x7F, 0x70, 0x0F, 0xF7, 0xFF, 0xFE, 0x7F, 0xFF, 0xE7, 0xFF, 0xFC, 0x7F, 0xFF, 0x83, 0xFF,
    0xE0, 0xFC, 0x03, 0xF0, 0x00, 0x7E, 0x01, 0xF8, 0x00, 0x3F, 0x00, 0xFC, 0x00, 0x1F, 0x80, 0x7E,
    0x00, 0x0F, 0xC0, 0x3F, 0x00, 0x07, 0xE0, 0x1F, 0x80, 0x03, 0xF0, 0x0F, 0xC0, 0x7F, 0xF8, 0x07,
    0xE0, 0x3F, 0xFC, 0x03, 0xF0, 0x1F, 0xFE, 0x01, 0xF8, 0x0F, 0xFF, 0xFF, 0xFC, 0x07, 0xFF, 0xFF,
    0xFE, 0x03, 0xFF, 0xFF, 0xFF, 0x01, 0xFF, 0xFF, 0xFF, 0x80, 0xFF, 0xFF, 0xFF, 0xC0, 0x7F, 0xF8,
    0x07, 0xE0, 0x3F, 0xFC, 0x03, 0xF0, 0x1F, 0xFE, 0x01, 0xF8, 0x0F, 0xFF, 0x00, 0xFC, 0x07, 0xFF,
    0x80, 0x7E, 0x07, 0xFF, 0xC0, 0x3F, 0x83, 0xFF, 0xE0, 0x1F, 0xC1, 0xFF, 0xF0, 0x0F, 0xFF, 0xFD,
    0xF8, 0x03, 0xFF, 0xFE, 0xFC, 0x00, 0xFF, 0xFE, 0x7E, 0x00, 0x3F, 0xFE, 0x3F, 0x00, 0x0F, 0xFC,
    0x00, 0xF8, 0x7F, 0x0F, 0x9F, 0xF8, 0xFB, 0xFF, 0xCF, 0xFF, 0xFE, 0xFF, 0xFF, 0xEF, 0xF0, 0x7F,
    0xFE, 0x07, 0xFF, 0xE0, 0x3F, 0xFE, 0x03, 0xFF, 0xC0, 0x3F, 0xFC, 0x03, 0xFF, 0xC0, 0x3F, 0xFC,
    0x07, 0xFF, 0xC0, 0x7F, 0xFC, 0x07, 0xFF, 0xC0, 0xFE, 0xFC, 0x0F, 0xEF, 0xC1, 0xFC, 0xFC, 0x3F,
    0xCF, 0xC7, 0xF8, 0xFD, 0xFF, 0x0F, 0xFF, 0xF0, 0xFF, 0xFC, 0x0F, 0xFF, 0x80, 0xFF, 0xF0, 0x0F,
    0xFC, 0x00, 0xFF, 0x00, 0x0F, 0xC0, 0x00, 0xFC, 0x00, 0x0F, 0xC0, 0x00, 0xFC, 0x00, 0x0F, 0xC0,
    0x00, 0xFC, 0x00, 0x0F, 0xC0, 0x00, 0xFC, 0x00, 0x0F, 0xC0, 0x00, 0x03, 0xF8, 0x00, 0x03, 0xFC,
    0x00, 0x01, 0xFC, 0x00, 0x00, 0x7E, 0x00, 0x00, 0x3F, 0x00, 0x00, 0x1F, 0x80, 0x00, 0x0F, 0x80,
    0x00, 0x00, 0x00, 0x00, 0x00, 0x00, 0xFF, 0x00, 0x1F, 0xFF, 0x80, 0x1F, 0xFF, 0x80, 0x1F, 0xFF,
    0xC0, 0x1F, 0xFF, 0xC0, 0x1F, 0xFF, 0xE0, 0x1F, 0xFF, 0xE0, 0x1F, 0xFF, 0xF0, 0x1F, 0xFB, 0xF8,
    0x1F, 0xFB, 0xF8, 0x1F, 0xF9, 0xFC, 0x1F, 0xF9, 0xFC, 0x1F, 0xF8, 0xFE, 0x1F, 0xF8, 0x7F, 0x1F,
    0xF8, 0x7F, 0x1F, 0xF8, 0x3F, 0x9F, 0xF8, 0x3F, 0x9F, 0xF8, 0x1F, 0xDF, 0xF8, 0x1F, 0xDF, 0xF8,
    0x0F, 0xFF, 0xF8, 0x07, 0xFF, 0xF8, 0x07, 0xFF, 0xF8, 0x03, 0xFF, 0xF8, 0x03, 0xFF, 0xF8, 0x01,
    0xFF, 0xF8, 0x01, 0xFF, 0xF8, 0x00, 0xFF, 0x1F, 0xE0, 0x01, 0xFC, 0x00, 0x0F, 0xC0, 0x00, 0xFC,
    0x00, 0x0F, 0xC0, 0x00, 0xFC, 0x00, 0x00, 0x00, 0x00, 0x00, 0xF8, 0xFF, 0x1F, 0x7F, 0xF3, 0xFF,
    0xFF, 0x7F, 0xFF, 0xFF, 0xFF, 0xFF, 0xFE, 0x1F, 0xFF, 0x81, 0xFF, 0xF0, 0x3F, 0xFC, 0x07, 0xFF,
    0x80, 0xFF, 0xF0, 0x1F, 0xFE, 0x03, 0xFF, 0xC0, 0x7F, 0xF8, 0x0F, 0xFF, 0x01, 0xFF, 0xE0, 0x3F,
    0xFC, 0x07, 0xFF, 0x80, 0xFF, 0xF0, 0x1F, 0xFE, 0x03, 0xFF, 0xC0, 0x7E, 0x00, 0x00, 0xC0, 0x00,
    0x00, 0x3C, 0x00, 0x00, 0x0F, 0xE0, 0x00, 0x03, 0xFE, 0x00, 0x00, 0x7F, 0xE0, 0x00, 0x07, 0xF8,
    0x00, 0x00, 0x3C, 0x00, 0x00, 0x02, 0x00, 0x00, 0x00, 0x1F, 0x80, 0x00, 0x03, 0xFC, 0x00, 0x00,
    0x7F, 0xE0, 0x00, 0x07, 0x9E, 0x00, 0x00, 0x70, 0xE0, 0x00, 0x07, 0x9E, 0x00, 0x00, 0x7F, 0xE0,
    0x00, 0x03, 0xFC, 0x00, 0x00, 0x3F, 0xC0, 0x00, 0x03, 0xFC, 0x00, 0x00, 0x3F, 0xC0, 0x00, 0x07,
    0xFE, 0x00, 0x00, 0x7F, 0xE0, 0x00, 0x0F, 0xFF, 0x00, 0x00, 0xFF, 0xF0, 0x00, 0x0F, 0xFF, 0x00,
    0x01, 0xFF, 0xF8, 0x00, 0x1F, 0xFF, 0x80, 0x01, 0xFF, 0xF8, 0x00, 0x3F, 0x9F, 0xC0, 0x03, 0xF9,
    0xFC, 0x00, 0x7F, 0x1F, 0xE0, 0x07, 0xF0, 0xFE, 0x00, 0x7F, 0x0F, 0xE0, 0x0F, 0xFF, 0xFF, 0x00,
    0xFF, 0xFF, 0xF0, 0x1F, 0xFF, 0xFF, 0x81, 0xFF, 0xFF, 0xF8, 0x1F, 0xFF, 0xFF, 0x83, 0xF8, 0x03,
    0xFC, 0x3F, 0x80, 0x1F, 0xC3, 0xF8, 0x01, 0xFE, 0x7F, 0x00, 0x0F, 0xE7, 0xF0, 0x00, 0xFE, 0x00,
    0x0C, 0x00, 0x00, 0xF0, 0x00, 0x0F, 0xC0, 0x00, 0xFE, 0x00, 0x1F, 0xF0, 0x00, 0xFE, 0x00, 0x07,
    0xC0, 0x00, 0x18, 0x00, 0x00, 0x00, 0x00, 0x03, 0xE0, 0x00, 0x3F, 0x80, 0x03, 0xFE, 0x00, 0x1E,
    0xF0, 0x00, 0xF7, 0x80, 0x07, 0xFC, 0x00, 0x1F, 0xC0, 0x00, 0x7C, 0x00, 0x00, 0x00, 0x00, 0x00,
    0x00, 0x00, 0x00, 0x00, 0x7F, 0x9F, 0x87, 0xFF, 0xFC, 0xFF, 0xFF, 0xE7, 0xFF, 0xFF, 0x7F, 0xFF,
    0xFF, 0xFE, 0xFF, 0xFF, 0xC1, 0xFF, 0xFC, 0x07, 0xFF, 0xE0, 0x3F, 0xFE, 0x00, 0xFF, 0xF0, 0x07,
    0xFF, 0xC0, 0x7F, 0xFE, 0x03, 0xFF, 0xF8, 0x3F, 0xFF, 0xF7, 0xFE, 0xFF, 0xFF, 0xF3, 0xFF, 0xFF,
    0x9F, 0xFF, 0xFC, 0x7F, 0xFF, 0xE0, 0xFF, 0x3F, 0x00, 0x00, 0x00, 0x03, 0x00, 0x00, 0x00, 0x00,
    0x0F, 0x00, 0x00, 0x00, 0x00, 0x3F, 0x80, 0x00, 0x00, 0x00, 0xFF, 0x80, 0x00, 0x00, 0x01, 0xFF,
    0x80, 0x00, 0x00, 0x00, 0xFE, 0x00, 0x00, 0x00, 0x00, 0xF0, 0x00, 0x00, 0x00, 0x00, 0x00, 0x00,
    0x00, 0x00, 0x00, 0x00, 0x00, 0x00, 0x00, 0x3F, 0xFF, 0xFF, 0x00, 0x00, 0x3F, 0xFF, 0xFF, 0x00,
    0x00, 0x7F, 0xFF, 0xFF, 0x00, 0x00, 0xFF, 0xFF, 0xFF, 0x00, 0x00, 0xFF, 0xFF, 0xFF, 0x00, 0x01,
    0xFF, 0xE0, 0x00, 0x00, 0x03, 0xFF, 0xE0, 0x00, 0x00, 0x03, 0xFF, 0xE0, 0x00, 0x00, 0x07, 0xF7,
    0xE0, 0x00, 0x00, 0x0F, 0xF7, 0xE0, 0x00, 0x00, 0x1F, 0xE7, 0xFF, 0xFC, 0x00, 0x1F, 0xC7, 0xFF,
    0xFC, 0x00, 0x3F, 0xC7, 0xFF, 0xFC, 0x00, 0x7F, 0x87, 0xFF, 0xFC, 0x00, 0x7F, 0x07, 0xFF, 0xFC,
    0x00, 0xFF, 0x07, 0xE0, 0x00, 0x01, 0xFF, 0xFF, 0xE0, 0x00, 0x03, 0xFF, 0xFF, 0xE0, 0x00, 0x03,
    0xFF, 0xFF, 0xE0, 0x00, 0x07, 0xFF, 0xFF, 0xE0, 0x00, 0x0F, 0xFF, 0xFF, 0xE0, 0x00, 0x0F, 0xE0,
    0x07, 0xFF, 0xFF, 0x1F, 0xE0, 0x07, 0xFF, 0xFF, 0x3F, 0xC0, 0x07, 0xFF, 0xFF, 0x3F, 0x80, 0x07,
    0xFF, 0xFF, 0x7F, 0x80, 0x07, 0xFF, 0xFF, 0x00, 0x00, 0x40, 0x00, 0x00, 0x00, 0xF0, 0x00, 0x00,
    0x00, 0xFC, 0x00, 0x00, 0x00, 0xFE, 0x00, 0x00, 0x00, 0xFF, 0x00, 0x00, 0x00, 0xFF, 0x00, 0x00,
    0x00, 0x7E, 0x00, 0x00, 0x00, 0x1C, 0x00, 0x00, 0x00, 0x00, 0x00, 0x00, 0x00, 0x00, 0x00, 0x00,
    0x01, 0xFF, 0x0F, 0xF8, 0x03, 0xFF, 0xDF, 0xFF, 0x03, 0xFF, 0xFF, 0xFF, 0xC3, 0xFF, 0xFF, 0xFF,
    0xF1, 0xFF, 0xFF, 0xFF, 0xF8, 0x7E, 0x7F, 0xF3, 0xFE, 0x18, 0x1F, 0xE0, 0x7F, 0x00, 0x07, 0xE0,
    0x1F, 0x87, 0xFF, 0xFF, 0xFF, 0xC7, 0xFF, 0xFF, 0xFF, 0xE7, 0xFF, 0xFF, 0xFF, 0xF7, 0xF8, 0x7E,
    0x00, 0x03, 0xF8, 0x3F, 0x00, 0x01, 0xF8, 0x1F, 0xC0, 0x10, 0xFE, 0x1F, 0xFC, 0x7C, 0x7F, 0xBF,
    0xFF, 0xFF, 0x3F, 0xFF, 0xFF, 0xFF, 0x8F, 0xFF, 0xBF, 0xFF, 0xE3, 0xFF, 0x8F, 0xFF, 0xC0, 0xFF,
    0x01, 0xFF, 0x80, 0x00, 0x01, 0x80, 0x00, 0x00, 0xF8, 0x00, 0x00, 0x7F, 0x00, 0x00, 0x3F, 0xF0,
    0x00, 0x0F, 0xFE, 0x00, 0x00, 0xFF, 0x00, 0x00, 0x1F, 0x00, 0x00, 0x01, 0x00, 0x08, 0x00, 0x3F,
    0x83, 0x80, 0x3F, 0xFE, 0xF8, 0x1F, 0xFF, 0xFE, 0x07, 0xFF, 0xFF, 0x81, 0xFF, 0xFF, 0xF0, 0x7F,
    0xFF, 0xFF, 0x0F, 0xFF, 0xFF, 0xE3, 0xFE, 0x07, 0xFE, 0x7F, 0x80, 0xFF, 0xDF, 0xE0, 0x3F, 0xFF,
    0xF8, 0x0F, 0xBF, 0xFF, 0x03, 0xE7, 0xFF, 0xE0, 0xF8, 0xFF, 0xF8, 0x3E, 0x0F, 0xFF, 0x07, 0x81,
    0xFF, 0xF1, 0xF0, 0x7F, 0xFE, 0x7C, 0x0F, 0xFF, 0xDF, 0x01, 0xFF, 0xFF, 0xC0, 0x7F, 0xBF, 0xF0,
    0x1F, 0xE7, 0xFF, 0x1F, 0xFC, 0x7F, 0xFF, 0xFF, 0x07, 0xFF, 0xFF, 0xC0, 0xFF, 0xFF, 0xF0, 0x3F,
    0xFF, 0xFC, 0x0F, 0xFF, 0xFF, 0x01, 0xE3, 0xFF, 0x80, 0x1C, 0x00, 0x00, 0x00, 0x00, 0x00, 0x00,
    0x00, 0x08, 0x00, 0x00, 0x70, 0x00, 0x07, 0xC0, 0x00, 0x3F, 0x80, 0x01, 0xFE, 0x00, 0x0F, 0xE0,
    0x00, 0x3F, 0x00, 0x00, 0x70, 0x00, 0x00, 0x00, 0x00, 0x00, 0x01, 0x80, 0x3F, 0xEF, 0x03, 0xFF,
    0xFC, 0x1F, 0xFF, 0xE0, 0xFF, 0xFF, 0x87, 0xFF, 0xFF, 0x1F, 0xF7, 0xFC, 0xFF, 0x1F, 0xFB, 0xF8,
    0xFF, 0xEF, 0xE7, 0xFF, 0xBF, 0x1E, 0x7E, 0xFC, 0xF9, 0xFB, 0xFF, 0xCF, 0xEF, 0xFE, 0x3F, 0xBF,
    0xF1, 0xFE, 0x7F, 0xDF, 0xF1, 0xFF, 0xFF, 0xC3, 0xFF, 0xFE, 0x0F, 0xFF, 0xF0, 0x7F, 0xFF, 0x81,
    0xEF, 0xF8, 0x03, 0x00, 0x00, 0x00, 0x02, 0x01, 0x00, 0x00, 0x70, 0x38, 0x00, 0x07, 0x87, 0xC0,
    0x00, 0xFC, 0xFE, 0x00, 0x0F, 0xE7, 0xF0, 0x00, 0x7F, 0x3F, 0x80, 0x01, 0xF1, 0xF8, 0x00, 0x0F,
    0x07, 0x00, 0x00, 0x20, 0x20, 0x00, 0x00, 0x00, 0x00, 0x00, 0x1F, 0x80, 0x00, 0x03, 0xFC, 0x00,
    0x00, 0x3F, 0xC0, 0x00, 0x03, 0xFE, 0x00, 0x00, 0x7F, 0xE0, 0x00, 0x07, 0xFE, 0x00, 0x00, 0xFF,
    0xF0, 0x00, 0x0F, 0xFF, 0x00, 0x00, 0xFF, 0xF8, 0x00, 0x1F, 0xFF, 0x80, 0x01, 0xFB, 0xF8, 0x00,
    0x3F, 0x9F, 0xC0, 0x03, 0xF9, 0xFC, 0x00, 0x3F, 0x0F, 0xC0, 0x07, 0xF0, 0xFE, 0x00, 0x7F, 0x0F,
    0xE0, 0x0F, 0xFF, 0xFF, 0x00, 0xFF, 0xFF, 0xF0, 0x0F, 0xFF, 0xFF, 0x01, 0xFF, 0xFF, 0xF8, 0x1F,
    0xFF, 0xFF, 0x83, 0xF8, 0x03, 0xFC, 0x3F, 0x80, 0x1F, 0xC3, 0xF8, 0x01, 0xFC, 0x7F, 0x00, 0x0F,
    0xE7, 0xF0, 0x00, 0xFE, 0x18, 0x18, 0x01, 0xE1, 0xE0, 0x1F, 0x1F, 0x01, 0xFD, 0xFC, 0x07, 0xF3,
    0xF0, 0x0F, 0xCF, 0xC0, 0x3F, 0x3F, 0x00, 0xF0, 0xF0, 0x00, 0x00, 0x00, 0x00, 0x00, 0x01, 0xFE,
    0x7E, 0x3F, 0xFB, 0xF3, 0xFF, 0xFF, 0x9F, 0xFF, 0xFD, 0xFF, 0xFF, 0xFF, 0xFB, 0xFF, 0xFF, 0x07,
    0xFF, 0xF0, 0x1F, 0xFF, 0x80, 0xFF, 0xF8, 0x03, 0xFF, 0xC0, 0x1F, 0xFF, 0x01, 0xFF, 0xF8, 0x0F,
    0xFF, 0xE0, 0xFF, 0xFF, 0xDF, 0xFB, 0xFF, 0xFF, 0xCF, 0xFF, 0xFE, 0x7F, 0xFF, 0xF1, 0xFF, 0xDF,
    0x83, 0xFC, 0xFC, 0x00, 0x1F, 0x80, 0x00, 0x07, 0xFE, 0x00, 0x00, 0xFF, 0xF0, 0x00, 0x0F, 0xFF,
    0x00, 0x01, 0xF9, 0xF8, 0x00, 0x1F, 0x0F, 0x80, 0x00, 0x00, 0x00, 0x00, 0x00, 0x00, 0x00, 0x00,
    0x1F, 0x80, 0x00, 0x03, 0xFC, 0x00, 0x00, 0x3F, 0xC0, 0x00, 0x03, 0xFE, 0x00, 0x00, 0x7F, 0xE0,
    0x00, 0x07, 0xFE, 0x00, 0x00, 0xFF, 0xF0, 0x00, 0x0F, 0xFF, 0x00, 0x00, 0xFF, 0xF8, 0x00, 0x1F,
    0xFF, 0x80, 0x01, 0xFB, 0xF8, 0x00, 0x3F, 0x9F, 0xC0, 0x03, 0xF9, 0xFC, 0x00, 0x3F, 0x0F, 0xC0,
    0x07, 0xF0, 0xFE, 0x00, 0x7F, 0x0F, 0xE0, 0x0F, 0xFF, 0xFF, 0x00, 0xFF, 0xFF, 0xF0, 0x0F, 0xFF,
    0xFF, 0x01, 0xFF, 0xFF, 0xF8, 0x1F, 0xFF, 0xFF, 0x83, 0xF8, 0x03, 0xFC, 0x3F, 0x80, 0x1F, 0xC3,
    0xF8, 0x01, 0xFC, 0x7F, 0x00, 0x0F, 0xE7, 0xF0, 0x00, 0xFE, 0x00, 0xFE, 0x00, 0x1F, 0xF8, 0x00,
    0xFF, 0xE0, 0x0F, 0xFF, 0x00, 0x7E, 0xFC, 0x07, 0xC3, 0xE0, 0x1E, 0x0E, 0x00, 0x00, 0x00, 0x00,
    0x00, 0x00, 0x3F, 0xCF, 0xC7, 0xFF, 0x7E, 0x7F, 0xFF, 0xF3, 0xFF, 0xFF, 0xBF, 0xFF, 0xFF, 0xFF,
    0x7F, 0xFF, 0xE0, 0xFF, 0xFE, 0x03, 0xFF, 0xF0, 0x1F, 0xFF, 0x00, 0x7F, 0xF8, 0x03, 0xFF, 0xE0,
    0x3F, 0xFF, 0x01, 0xFF, 0xFC, 0x1F, 0xFF, 0xFB, 0xFF, 0x7F, 0xFF, 0xF9, 0xFF, 0xFF, 0xCF, 0xFF,
    0xFE, 0x3F, 0xFB, 0xF0, 0x7F, 0x9F, 0x80, 0x10, 0x10, 0x03, 0x83, 0x80, 0x7C, 0x7C, 0x0F, 0xE7,
    0xE0, 0xFF, 0x7F, 0x03, 0xFB, 0xF8, 0x1F, 0x8F, 0x80, 0x70, 0x70, 0x02, 0x00, 0x00, 0x00, 0x00,
    0x7F, 0xFF, 0xF7, 0xFF, 0xFF, 0x7F, 0xFF, 0xF7, 0xFF, 0xFF, 0x7F, 0xFF, 0xF7, 0xE0, 0x00, 0x7E,
    0x00, 0x07, 0xE0, 0x00, 0x7E, 0x00, 0x07, 0xE0, 0x00, 0x7F, 0xFF, 0xC7, 0xFF, 0xFC, 0x7F, 0xFF,
    0xC7, 0xFF, 0xFC, 0x7F, 0xFF, 0xC7, 0xF0, 0x00, 0x7E, 0x00, 0x07, 0xE0, 0x00, 0x7E, 0x00, 0x07,
    0xE0, 0x00, 0x7E, 0x00, 0x07, 0xFF, 0xFF, 0x7F, 0xFF, 0xF7, 0xFF, 0xFF, 0x7F, 0xFF, 0xF7, 0xFF,
    0xFF, 0x18, 0x18, 0x01, 0xE1, 0xE0, 0x1F, 0x9F, 0x81, 0xFE, 0xFC, 0x07, 0xF3, 0xF0, 0x0F, 0xCF,
    0xC0, 0x3F, 0x3F, 0x00, 0x70, 0xF0, 0x00, 0x00, 0x00, 0x00, 0x00, 0x00, 0x7F, 0xC0, 0x0F, 0xFF,
    0x00, 0xFF, 0xFE, 0x0F, 0xFF, 0xF0, 0xFF, 0xFF, 0xC7, 0xFD, 0xFF, 0x7F, 0x03, 0xFB, 0xF8, 0x1F,
    0xDF, 0xFF, 0xFE, 0xFF, 0xFF, 0xF7, 0xFF, 0xFF, 0xBF, 0x80, 0x01, 0xFC, 0x00, 0x0F, 0xF0, 0x18,
    0x3F, 0xF3, 0xC1, 0xFF, 0xFF, 0x07, 0xFF, 0xFC, 0x1F, 0xFF, 0xE0, 0x7F, 0xFE, 0x00, 0xFF, 0xC0,
    0x03, 0xF8, 0x00, 0xFF, 0x80, 0x3F, 0xF8, 0x0F, 0xFF, 0x81, 0xFB, 0xF0, 0x3C, 0x1E, 0x00, 0x00,
    0x00, 0x00, 0x00, 0xFF, 0xFF, 0xFF, 0xFF, 0xFF, 0xFF, 0xFF, 0xFF, 0xFF, 0xFF, 0xFF, 0xFF, 0xF8,
    0x00, 0x3F, 0x00, 0x07, 0xE0, 0x00, 0xFC, 0x00, 0x1F, 0x80, 0x03, 0xFF, 0xFE, 0x7F, 0xFF, 0xCF,
    0xFF, 0xF9, 0xFF, 0xFF, 0x3F, 0xFF, 0xE7, 0xF0, 0x00, 0xFC, 0x00, 0x1F, 0x80, 0x03, 0xF0, 0x00,
    0x7E, 0x00, 0x0F, 0xC0, 0x01, 0xFF, 0xFF, 0xFF, 0xFF, 0xFF, 0xFF, 0xFF, 0xFF, 0xFF, 0xFF, 0xFF,
    0xFC, 0x01, 0xFC, 0x00, 0x3F, 0xE0, 0x07, 0xFF, 0x00, 0xFF, 0xF8, 0x0F, 0xDF, 0x81, 0xF0, 0xF8,
    0x0F, 0x07, 0x00, 0x00, 0x00, 0x00, 0x00, 0x00, 0x3F, 0xE0, 0x0F, 0xFF, 0x01, 0xFF, 0xFC, 0x3F,
    0xFF, 0xC7, 0xFF, 0xFE, 0x7F, 0xDF, 0xFF, 0xE0, 0x7F, 0xFE, 0x07, 0xFF, 0xFF, 0xFF, 0xFF, 0xFF,
    0xFF, 0xFF, 0xFF, 0xFE, 0x00, 0x0F, 0xE0, 0x00, 0xFF, 0x01, 0x87, 0xFE, 0x78, 0x7F, 0xFF, 0xC3,
    0xFF, 0xFE, 0x1F, 0xFF, 0xE0, 0xFF, 0xFC, 0x03, 0xFF, 0x00, 0x10, 0x08, 0x0E, 0x07, 0x07, 0xC3,
    0xE3, 0xF9, 0xF8, 0xFF, 0x3F, 0x0F, 0xE7, 0xE1, 0xF8, 0xF8, 0x1E, 0x1C, 0x01, 0x01, 0x00, 0x00,
    0x01, 0xFF, 0xFC, 0x7F, 0xFF, 0x1F, 0xFF, 0xC7, 0xFF, 0xF1, 0xFF, 0xFC, 0x03, 0xF0, 0x00, 0xFC,
    0x00, 0x3F, 0x00, 0x0F, 0xC0, 0x03, 0xF0, 0x00, 0xFC, 0x00, 0x3F, 0x00, 0x0F, 0xC0, 0x03, 0xF0,
    0x00, 0xFC, 0x00, 0x3F, 0x00, 0x0F, 0xC0, 0x03, 0xF0, 0x00, 0xFC, 0x00, 0x3F, 0x00, 0x0F, 0xC0,
    0x7F, 0xFF, 0x1F, 0xFF, 0xC7, 0xFF, 0xF1, 0xFF, 0xFC, 0x7F, 0xFF, 0x00, 0x00, 0x0E, 0x0E, 0x07,
    0xC7, 0xC3, 0xFB, 0xF8, 0xFF, 0x7E, 0x0F, 0xCF, 0xC1, 0xF9, 0xF8, 0x3E, 0x3E, 0x03, 0x03, 0x00,
    0x00, 0x00, 0x00, 0x00, 0x03, 0xF0, 0x00, 0xFC, 0x00, 0x3F, 0x00, 0x0F, 0xC0, 0x03, 0xF0, 0x00,
    0xFC, 0x00, 0x3F, 0x00, 0x0F, 0xC0, 0x03, 0xF0, 0x00, 0xFC, 0x00, 0x3F, 0x00, 0x0F, 0xC0, 0x03,
    0xF0, 0x00, 0xFC, 0x00, 0x3F, 0x00, 0x0F, 0xC0, 0x03, 0xF0, 0x00, 0xFC, 0x00, 0x3F, 0x00, 0x0F,
    0xC0, 0x0F, 0xE0, 0x3F, 0xE0, 0xFF, 0xE3, 0xFF, 0xE7, 0xE7, 0xCF, 0x87, 0x80, 0x00, 0x00, 0x00,
    0xFF, 0xFF, 0xFF, 0xFF, 0xFF, 0xFF, 0xFF, 0xFF, 0xFF, 0xE0, 0xFC, 0x01, 0xF8, 0x03, 0xF0, 0x07,
    0xE0, 0x0F, 0xC0, 0x1F, 0x80, 0x3F, 0x00, 0x7E, 0x00, 0xFC, 0x01, 0xF8, 0x03, 0xF0, 0x07, 0xE0,
    0x0F, 0xC0, 0x1F, 0x80, 0x3F, 0x00, 0x7E, 0x1F, 0xFF, 0xFF, 0xFF, 0xFF, 0xFF, 0xFF, 0xFF, 0xFF,
    0xFC, 0x0F, 0xE0, 0xFF, 0xC7, 0xFF, 0x9F, 0xFE, 0xFC, 0xFF, 0xE1, 0xF3, 0x03, 0x00, 0x00, 0x00,
    0x00, 0x3F, 0x00, 0xFC, 0x03, 0xF0, 0x0F, 0xC0, 0x3F, 0x00, 0xFC, 0x03, 0xF0, 0x0F, 0xC0, 0x3F,
    0x00, 0xFC, 0x03, 0xF0, 0x0F, 0xC0, 0x3F, 0x00, 0xFC, 0x03, 0xF0, 0x0F, 0xC0, 0x3F, 0x00, 0xFC,
    0x03, 0xF0, 0x0F, 0xC0, 0x00, 0x02, 0x00, 0x00, 0xC0, 0xE0, 0x00, 0x3C, 0x1E, 0x00, 0x0F, 0xC7,
    0xE0, 0x01, 0xFE, 0xFE, 0x00, 0x1F, 0xEF, 0xE0, 0x00, 0xFC, 0x7E, 0x00, 0x0F, 0x07, 0x80, 0x00,
    0x40, 0x20, 0x00, 0x07, 0xF0, 0x00, 0x07, 0xFF, 0xC0, 0x03, 0xFF, 0xFE, 0x00, 0xFF, 0xFF, 0xE0,
    0x3F, 0xFF, 0xFE, 0x0F, 0xFF, 0xFF, 0xE1, 0xFF, 0xFF, 0xFC, 0x7F, 0xC0, 0x7F, 0xCF, 0xF0, 0x07,
    0xFB, 0xFC, 0x00, 0x7F, 0xFF, 0x00, 0x07, 0xFF, 0xE0, 0x00, 0xFF, 0xFC, 0x00, 0x1F, 0xFF, 0x00,
    0x01, 0xFF, 0xE0, 0x00, 0x3F, 0xFE, 0x00, 0x0F, 0xFF, 0xC0, 0x01, 0xFF, 0xF8, 0x00, 0x3F, 0xFF,
    0x80, 0x0F, 0xF7, 0xF8, 0x03, 0xFC, 0xFF, 0xE3, 0xFF, 0x8F, 0xFF, 0xFF, 0xE0, 0xFF, 0xFF, 0xF8,
    0x0F, 0xFF, 0xFE, 0x00, 0xFF, 0xFF, 0x80, 0x0F, 0xFF, 0xE0, 0x00, 0x7F, 0xF0, 0x00, 0x18, 0x18,
    0x00, 0x78, 0x78, 0x01, 0xF9, 0xF8, 0x03, 0xFB, 0xF0, 0x03, 0xFB, 0xF0, 0x03, 0xFB, 0xF0, 0x01,
    0xF3, 0xF0, 0x01, 0xC1, 0xC0, 0x00, 0x00, 0x00, 0x00, 0x00, 0x00, 0x07, 0xFC, 0x00, 0x3F, 0xFE,
    0x00, 0xFF, 0xFE, 0x03, 0xFF, 0xFE, 0x0F, 0xFF, 0xFE, 0x1F, 0xF7, 0xFC, 0x7F, 0x83, 0xFC, 0xFE,
    0x03, 0xF9, 0xFC, 0x07, 0xF3, 0xF0, 0x07, 0xE7, 0xE0, 0x0F, 0xCF, 0xE0, 0x3F, 0x9F, 0xC0, 0x7F,
    0x3F, 0xC1, 0xFE, 0x3F, 0xEF, 0xF8, 0x7F, 0xFF, 0xF0, 0x7F, 0xFF, 0xC0, 0x7F, 0xFF, 0x00, 0x7F,
    0xFC, 0x00, 0x3F, 0xE0, 0x00, 0x00, 0x3F, 0x80, 0x00, 0x1F, 0xFC, 0x00, 0x03, 0xFF, 0x80, 0x00,
    0xFF, 0xF8, 0x00, 0x3F, 0xBF, 0x80, 0x07, 0xC1, 0xF0, 0x00, 0x00, 0x00, 0x00, 0x01, 0xFC, 0x00,
    0x01, 0xFF, 0xF0, 0x00, 0xFF, 0xFF, 0x80, 0x3F, 0xFF, 0xF8, 0x0F, 0xFF, 0xFF, 0x83, 0xFF, 0xFF,
    0xF8, 0x7F, 0xFF, 0xFF, 0x1F, 0xF0, 0x1F, 0xF3, 0xFC, 0x01, 0xFE, 0xFF, 0x00, 0x1F, 0xFF, 0xC0,
    0x01, 0xFF, 0xF8, 0x00, 0x3F, 0xFF, 0x00, 0x07, 0xFF, 0xC0, 0x00, 0x7F, 0xF8, 0x00, 0x0F, 0xFF,
    0x80, 0x03, 0xFF, 0xF0, 0x00, 0x7F, 0xFE, 0x00, 0x0F, 0xFF, 0xE0, 0x03, 0xFD, 0xFE, 0x00, 0xFF,
    0x3F, 0xF8, 0xFF, 0xE3, 0xFF, 0xFF, 0xF8, 0x3F, 0xFF, 0xFE, 0x03, 0xFF, 0xFF, 0x80, 0x3F, 0xFF,
    0xE0, 0x03, 0xFF, 0xF8, 0x00, 0x1F, 0xFC, 0x00, 0x01, 0xFC, 0x00, 0x0F, 0xF8, 0x00, 0x7F, 0xF0,
    0x03, 0xFF, 0xE0, 0x0F, 0xDF, 0x80, 0x3E, 0x3E, 0x00, 0x70, 0x70, 0x00, 0x00, 0x00, 0x00, 0x00,
    0x00, 0x0F, 0xF8, 0x00, 0xFF, 0xF8, 0x07, 0xFF, 0xF0, 0x3F, 0xFF, 0xE1, 0xFF, 0xFF, 0xC7, 0xFD,
    0xFF, 0x3F, 0xC1, 0xFE, 0xFE, 0x03, 0xFB, 0xF8, 0x0F, 0xEF, 0xC0, 0x1F, 0xBF, 0x00, 0x7E, 0xFE,
    0x03, 0xFB, 0xF8, 0x0F, 0xEF, 0xF0, 0x7F, 0x9F, 0xF7, 0xFC, 0x7F, 0xFF, 0xF0, 0xFF, 0xFF, 0x81,
    0xFF, 0xFC, 0x03, 0xFF, 0xE0, 0x03, 0xFE, 0x00, 0x10, 0x08, 0x00, 0x0C, 0x0E, 0x00, 0x0F, 0x0F,
    0x80, 0x0F, 0xEF, 0xE0, 0x07, 0xFB, 0xF8, 0x01, 0xFE, 0xFE, 0x00, 0x3F, 0x1F, 0x00, 0x0F, 0x07,
    0x00, 0x01, 0x00, 0x80, 0x00, 0x00, 0x00, 0x0F, 0xFF, 0xF0, 0x07, 0xFF, 0xFE, 0x03, 0xFF, 0xFF,
    0x81, 0xFF, 0xFF, 0xE0, 0xFF, 0xFF, 0xF0, 0x7E, 0x07, 0xFC, 0x3F, 0x00, 0xFE, 0x1F, 0x80, 0x7F,
    0x0F, 0xC0, 0x1F, 0x87, 0xE0, 0x1F, 0xC3, 0xF0, 0x0F, 0xE1, 0xF8, 0x1F, 0xF0, 0xFF, 0xFF, 0xF0,
    0x7F, 0xFF, 0xF8, 0x3F, 0xFF, 0xF8, 0x1F, 0xFF, 0xF8, 0x0F, 0xFF, 0xF8, 0x07, 0xE3, 0xFE, 0x03,
    0xF0, 0xFF, 0x01, 0xF8, 0x3F, 0xC0, 0xFC, 0x1F, 0xE0, 0x7E, 0x07, 0xF8, 0x3F, 0x03, 0xFC, 0x1F,
    0x80, 0xFF, 0x0F, 0xC0, 0x3F, 0xC7, 0xE0, 0x1F, 0xE0, 0x18, 0x18, 0x07, 0x87, 0x81, 0xF9, 0xF8,
    0x7F, 0xBF, 0x87, 0xF3, 0xF0, 0x3F, 0x3F, 0x03, 0xF3, 0xF0, 0x1C, 0x3C, 0x00, 0x00, 0x00, 0x00,
    0x00, 0x3F, 0x1F, 0x87, 0xEF, 0xE0, 0xFF, 0xFC, 0x1F, 0xFF, 0x83, 0xFF, 0xF0, 0x7F, 0xFC, 0x0F,
    0xF9, 0x81, 0xFC, 0x00, 0x3F, 0x80, 0x07, 0xE0, 0x00, 0xFC, 0x00, 0x1F, 0x80, 0x03, 0xF0, 0x00,
    0x7E, 0x00, 0x0F, 0xC0, 0x01, 0xF8, 0x00, 0x3F, 0x00, 0x07, 0xE0, 0x00, 0xFC, 0x00, 0x1F, 0x80,
    0x00, 0x03, 0xF8, 0x00, 0x1F, 0xF8, 0x00, 0x3F, 0xF8, 0x00, 0xFF, 0xF8, 0x03, 0xFB, 0xF0, 0x07,
    0xC1, 0xF0, 0x00, 0x00, 0x00, 0x00, 0x00, 0x00, 0xFF, 0xFF, 0x01, 0xFF, 0xFF, 0x83, 0xFF, 0xFF,
    0x87, 0xFF, 0xFF, 0x8F, 0xFF, 0xFF, 0x1F, 0x81, 0xFF, 0x3F, 0x00, 0xFE, 0x7E, 0x01, 0xFC, 0xFC,
    0x01, 0xF9, 0xF8, 0x07, 0xF3, 0xF0, 0x0F, 0xE7, 0xE0, 0x7F, 0xCF, 0xFF, 0xFF, 0x1F, 0xFF, 0xFE,
    0x3F, 0xFF, 0xF8, 0x7F, 0xFF, 0xE0, 0xFF, 0xFF, 0x81, 0xF8, 0xFF, 0x83, 0xF0, 0xFF, 0x07, 0xE0,
    0xFF, 0x0F, 0xC1, 0xFE, 0x1F, 0x81, 0xFE, 0x3F, 0x03, 0xFC, 0x7E, 0x03, 0xFC, 0xFC, 0x03, 0xFD,
    0xF8, 0x07, 0xF8, 0x0F, 0xE0, 0x7F, 0xE0, 0xFF, 0xE3, 0xFF, 0xE7, 0xEF, 0xDF, 0x0F, 0x9E, 0x0F,
    0x00, 0x00, 0x00, 0x01, 0xF8, 0xFF, 0xF7, 0xF7, 0xFF, 0xEF, 0xFF, 0xDF, 0xFF, 0xBF, 0xFE, 0x7F,
    0xCC, 0xFE, 0x01, 0xFC, 0x03, 0xF0, 0x07, 0xE0, 0x0F, 0xC0, 0x1F, 0x80, 0x3F, 0x00, 0x7E, 0x00,
    0xFC, 0x01, 0xF8, 0x03, 0xF0, 0x07, 0xE0, 0x0F, 0xC0, 0x00, 0x10, 0x08, 0x00, 0x70, 0x38, 0x00,
    0xF0, 0xF8, 0x03, 0xF3, 0xF8, 0x07, 0xF7, 0xF8, 0x07, 0xF3, 0xF8, 0x03, 0xE3, 0xF0, 0x03, 0xC1,
    0xC0, 0x01, 0x01, 0x00, 0x00, 0x00, 0x03, 0xF0, 0x03, 0xF7, 0xE0, 0x07, 0xEF, 0xC0, 0x0F, 0xDF,
    0x80, 0x1F, 0xBF, 0x00, 0x3F, 0x7E, 0x00, 0x7E, 0xFC, 0x00, 0xFD, 0xF8, 0x01, 0xFB, 0xF0, 0x03,
    0xF7, 0xE0, 0x07, 0xEF, 0xC0, 0x0F, 0xDF, 0x80, 0x1F, 0xBF, 0x00, 0x3F, 0x7E, 0x00, 0x7E, 0xFC,
    0x00, 0xFD, 0xF8, 0x01, 0xFB, 0xF8, 0x03, 0xF7, 0xF0, 0x0F, 0xEF, 0xE0, 0x1F, 0xDF, 0xE0, 0x7F,
    0x9F, 0xF3, 0xFE, 0x3F, 0xFF, 0xFC, 0x3F, 0xFF, 0xF0, 0x3F, 0xFF, 0xC0, 0x3F, 0xFF, 0x00, 0x1F,
    0xF8, 0x00, 0x00, 0x00, 0x00, 0xC0, 0xE0, 0x0F, 0x0F, 0x00, 0xFC, 0xFC, 0x07, 0xF7, 0xF0, 0x1F,
    0xDF, 0xC0, 0x3F, 0x3F, 0x00, 0xF8, 0xF8, 0x03, 0x83, 0x80, 0x00, 0x00, 0x00, 0x00, 0x00, 0x7E,
    0x03, 0xF3, 0xF0, 0x1F, 0x9F, 0x80, 0xFC, 0xFC, 0x07, 0xE7, 0xE0, 0x3F, 0x3F, 0x01, 0xF9, 0xF8,
    0x0F, 0xCF, 0xC0, 0x7E, 0x7E, 0x03, 0xF3, 0xF0, 0x1F, 0x9F, 0x80, 0xFC, 0xFC, 0x07, 0xE7, 0xF0,
    0x7F, 0x3F, 0x83, 0xF9, 0xFF, 0x7F, 0xCF, 0xFF, 0xFE, 0x3F, 0xFF, 0xF1, 0xFF, 0xFF, 0x87, 0xFE,
    0xFC, 0x1F, 0xE7, 0xE0, 0x00, 0xFC, 0x00, 0x07, 0xFE, 0x00, 0x1F, 0xFE, 0x00, 0x3F, 0xFC, 0x00,
    0xFC, 0xFC, 0x01, 0xF0, 0xF8, 0x00, 0x00, 0x00, 0x00, 0x00, 0x00, 0xFC, 0x00, 0xFD, 0xF8, 0x01,
    0xFB, 0xF0, 0x03, 0xF7, 0xE0, 0x07, 0xEF, 0xC0, 0x0F, 0xDF, 0x80, 0x1F, 0xBF, 0x00, 0x3F, 0x7E,
    0x00, 0x7E, 0xFC, 0x00, 0xFD, 0xF8, 0x01, 0xFB, 0xF0, 0x03, 0xF7, 0xE0, 0x07, 0xEF, 0xC0, 0x0F,
    0xDF, 0x80, 0x1F, 0xBF, 0x00, 0x3F, 0x7E, 0x00, 0x7E, 0xFE, 0x00, 0xFD, 0xFC, 0x03, 0xFB, 0xF8,
    0x07, 0xF7, 0xF8, 0x1F, 0xE7, 0xFC, 0xFF, 0x8F, 0xFF, 0xFF, 0x0F, 0xFF, 0xFC, 0x0F, 0xFF, 0xF0,
    0x0F, 0xFF, 0xC0, 0x07, 0xFE, 0x00, 0x03, 0xF8, 0x00, 0xFF, 0x80, 0x3F, 0xF8, 0x0F, 0xFF, 0x81,
    0xFB, 0xF0, 0x3E, 0x1F, 0x01, 0x83, 0x00, 0x00, 0x00, 0x00, 0x00, 0x1F, 0x80, 0xFF, 0xF0, 0x1F,
    0xFE, 0x03, 0xFF, 0xC0, 0x7F, 0xF8, 0x0F, 0xFF, 0x01, 0xFF, 0xE0, 0x3F, 0xFC, 0x07, 0xFF, 0x80,
    0xFF, 0xF0, 0x1F, 0xFE, 0x03, 0xFF, 0xC0, 0x7F, 0xFC, 0x1F, 0xFF, 0x83, 0xFF, 0xFD, 0xFF, 0xFF,
    0xFF, 0xEF, 0xFF, 0xFD, 0xFF, 0xFF, 0x9F, 0xFB, 0xF1, 0xFE, 0x7E, 0x00, 0x7F, 0x00, 0x0F, 0xFF,
    0x00, 0x7F, 0xFF, 0x03, 0xFF, 0xFE, 0x1F, 0xFF, 0xFC, 0xFF, 0xFF, 0xE3, 0xF8, 0x1F, 0x0F, 0xE0,
    0x38, 0x3F, 0x80, 0x40, 0xFF, 0x00, 0x03, 0xFF, 0xC0, 0x0F, 0xFF, 0xE0, 0x1F, 0xFF, 0xE0, 0x3F,
    0xFF, 0xC0, 0x7F, 0xFF, 0x80, 0xFF, 0xFF, 0x00, 0x7F, 0xFC, 0x00, 0x1F, 0xF1, 0x80, 0x1F, 0xCF,
    0x00, 0x3F, 0x3F, 0x01, 0xFD, 0xFF, 0x9F, 0xF7, 0xFF, 0xFF, 0x9F, 0xFF, 0xFE, 0x1F, 0xFF, 0xF0,
    0x3F, 0xFF, 0x80, 0x3F, 0xF8, 0x00, 0x00, 0x00, 0x00, 0x7E, 0x00, 0x01, 0xFC, 0x00, 0x07, 0xF0,
    0x00, 0x1F, 0xC0, 0x00, 0x3F, 0x00, 0x00, 0x7C, 0x00, 0x03, 0xE0, 0x00, 0x1F, 0x80, 0x00, 0x78,
    0x00, 0x00, 0x80, 0x00, 0x07, 0xFC, 0x0F, 0xFF, 0x8F, 0xFF, 0xEF, 0xFF, 0xF7, 0xF3, 0xF3, 0xF0,
    0x31, 0xFC, 0x00, 0xFF, 0xC0, 0x7F, 0xFC, 0x1F, 0xFF, 0x07, 0xFF, 0xC1, 0xFF, 0xF0, 0x1F, 0xF8,
    0x01, 0xFC, 0x60, 0x7E, 0xFE, 0x7F, 0xFF, 0xFF, 0xFF, 0xFF, 0x8F, 0xFF, 0x81, 0xFF, 0x00, 0x00,
    0x00, 0x0F, 0x80, 0x0F, 0xE0, 0x07, 0xF0, 0x03, 0xF8, 0x00, 0xFC, 0x00, 0x3E, 0x00, 0x3E, 0x00,
    0x3E, 0x00, 0x1E, 0x00, 0x04, 0x00, 0xFF, 0xFF, 0xFF, 0xFF, 0xFF, 0xFF, 0xFF, 0xFF, 0xFF, 0xFF,
    0xFF, 0xFF, 0xFF, 0xFC, 0x03, 0xF0, 0x00, 0x0F, 0xC0, 0x00, 0x3F, 0x00, 0x00, 0xFC, 0x00, 0x03,
    0xF0, 0x00, 0x0F, 0xC0, 0x00, 0x3F, 0x00, 0x00, 0xFC, 0x00, 0x03, 0xF0, 0x00, 0x0F, 0xC0, 0x00,
    0x3F, 0x00, 0x00, 0xFC, 0x00, 0x03, 0xF0, 0x00, 0x0F, 0xC0, 0x00, 0x3F, 0x00, 0x00, 0xFC, 0x00,
    0x03, 0xF0, 0x00, 0x0F, 0xC0, 0x00, 0x3F, 0x00, 0x00, 0xFC, 0x00, 0x03, 0xF0, 0x00, 0x00, 0x00,
    0x00, 0x1E, 0x00, 0x00, 0xFC, 0x00, 0x03, 0xF8, 0x00, 0x0F, 0xE0, 0x00, 0x3F, 0x80, 0x00, 0x3E,
    0x00, 0x01, 0xF8, 0x00, 0x0F, 0xC0, 0x00, 0x3E, 0x00, 0x00, 0xE0, 0x00, 0x0F, 0xC0, 0x3F, 0x00,
    0xFC, 0x03, 0xF0, 0x0F, 0xC3, 0xFF, 0xFF, 0xFF, 0xFF, 0xFF, 0xFF, 0xFF, 0xFF, 0xF0, 0xFE, 0x03,
    0xF0, 0x0F, 0xC0, 0x3F, 0x00, 0xFC, 0x03, 0xF0, 0x0F, 0xC0, 0x3F, 0x00, 0xFC, 0x03, 0xF0, 0x0F,
    0xC0, 0x3F, 0x00, 0xFC, 0x03, 0xF0, 0x0F, 0xC0, 0x00, 0x00, 0x78, 0x03, 0xF0, 0x0F, 0xE0, 0x3F,
    0x80, 0xFE, 0x00, 0xF8, 0x07, 0xE0, 0x3F, 0x00, 0xF8, 0x03, 0x80, 0x07, 0xFF, 0x81, 0xFF, 0xFE,
    0x3F, 0xFF, 0xF8, 0xFF, 0xFF, 0xE7, 0xFF, 0xFF, 0x9E, 0x01, 0xFC, 0x40, 0x0F, 0xE0, 0x00, 0x3F,
    0x00, 0x03, 0xF8, 0x00, 0x3F, 0xC0, 0x07, 0xFC, 0x01, 0xFF, 0xC0, 0x7F, 0xFC, 0x03, 0xFF, 0xE0,
    0x1F, 0xFF, 0x80, 0xFE, 0xFE, 0x07, 0x03, 0xF8, 0x00, 0x1F, 0xC0, 0x00, 0x7E, 0x00, 0x03, 0xF0,
    0x00, 0x1F, 0x80, 0x00, 0xFC, 0x00, 0x0F, 0xE0, 0x00, 0xFF, 0x00, 0x0F, 0xF0, 0x00, 0xFF, 0x80,
    0x1F, 0xF8, 0x07, 0xFF, 0x83, 0xFF, 0xF8, 0x3F, 0xFF, 0x01, 0xFF, 0xE0, 0x0F, 0xFC, 0x00, 0x7F,
    0x00, 0x03, 0x80, 0x00, 0x00, 0x3F, 0xF8, 0x7F, 0xFF, 0x3F, 0xFF, 0xCF, 0xFF, 0xE7, 0xFF, 0xF9,
    0x81, 0xFC, 0x00, 0x7E, 0x00, 0x3F, 0x00, 0x3F, 0x80, 0x3F, 0x80, 0xFF, 0xC3, 0xFF, 0xC1, 0xFF,
    0xE0, 0xFF, 0xF8, 0x3F, 0xFC, 0x18, 0x7F, 0x00, 0x1F, 0x80, 0x0F, 0xC0, 0x07, 0xE0, 0x03, 0xF0,
    0x03, 0xF8, 0x03, 0xFC, 0x03, 0xFC, 0x07, 0xFE, 0x3F, 0xFE, 0x7F, 0xFE, 0x3F, 0xFC, 0x1F, 0xF8,
    0x0F, 0xE0, 0x07, 0x00, 0x00, 0x1F, 0x01, 0xE0, 0x7E, 0x1F, 0x80, 0xFC, 0xFC, 0x01, 0xFF, 0xE0,
    0x03, 0xFF, 0x00, 0x07, 0xFC, 0x00, 0x0F, 0xE0, 0x00, 0x00, 0x00, 0x00, 0x00, 0x03, 0xF0, 0x03,
    0xFF, 0xC0, 0x0F, 0xFF, 0x00, 0x3F, 0xFC, 0x00, 0xFF, 0xF0, 0x03, 0xFF, 0xC0, 0x0F, 0xFF, 0x00,
    0x3F, 0xFC, 0x00, 0xFF, 0xF0, 0x03, 0xFF, 0xC0, 0x0F, 0xFF, 0xFF, 0xFF, 0xFF, 0xFF, 0xFF, 0xFF,
    0xFF, 0xFF, 0xFF, 0xFF, 0xFF, 0xFF, 0xFF, 0xFC, 0x00, 0xFF, 0xF0, 0x03, 0xFF, 0xC0, 0x0F, 0xFF,
    0x00, 0x3F, 0xFC, 0x00, 0xFF, 0xF0, 0x03, 0xFF, 0xC0, 0x0F, 0xFF, 0x00, 0x3F, 0xFC, 0x00, 0xFF,
    0xF0, 0x03, 0xFF, 0xC0, 0x0F, 0xFF, 0x00, 0x3F, 0xFC, 0x1F, 0x80, 0x7E, 0x3F, 0x00, 0x3F, 0x7E,
    0x00, 0x1F, 0xFC, 0x00, 0x0F, 0xF8, 0x00, 0x0F, 0xF0, 0x00, 0x00, 0x00, 0x00, 0x00, 0x00, 0x00,
    0x07, 0xE0, 0x00, 0x07, 0xE0, 0x00, 0x07, 0xE0, 0x00, 0x07, 0xE0, 0x00, 0x07, 0xE0, 0x00, 0x07,
    0xE0, 0x00, 0x07, 0xE0, 0x00, 0x07, 0xE0, 0x00, 0x07, 0xE7, 0xF8, 0x07, 0xFF, 0xFC, 0x07, 0xFF,
    0xFE, 0x07, 0xFF, 0xFF, 0x07, 0xFF, 0xFF, 0x07, 0xF8, 0x7F, 0x07, 0xF0, 0x3F, 0x07, 0xF0, 0x3F,
    0x07, 0xE0, 0x3F, 0x07, 0xE0, 0x3F, 0x07, 0xE0, 0x3F, 0x07, 0xE0, 0x3F, 0x07, 0xE0, 0x3F, 0x07,
    0xE0, 0x3F, 0x07, 0xE0, 0x3F, 0x07, 0xE0, 0x3F, 0x07, 0xE0, 0x3F, 0x07, 0xE0, 0x3F, 0x07, 0xE0,
    0x3F, 0x07, 0xE0, 0x3F, 0x07, 0xE0, 0x3F, 0x10, 0x07, 0x00, 0xF0, 0x3F, 0x87, 0xF8, 0x7F, 0x83,
    0xF0, 0x1C, 0x00, 0x80, 0x01, 0x00, 0x60, 0x3E, 0x0F, 0xE3, 0xFC, 0xFF, 0x1F, 0x83, 0xC0, 0x20,
    0x00, 0x07, 0xC0, 0x1F, 0xC0, 0x7F, 0xC1, 0xFF, 0xC7, 0xFF, 0xDF, 0x8F, 0xDC, 0x0F, 0x00, 0x00,
    0x3E, 0x3D, 0xFD, 0xFF, 0xFF, 0xFF, 0xFE, 0xF7, 0xFB, 0xC7, 0xC0, 0xFF, 0xFF, 0xFF, 0xFF, 0xFF,
    0xFF, 0xF0, 0xFF, 0xFF, 0xFF, 0xFF, 0xFF, 0xFF, 0xFF, 0xFF, 0xFF, 0xFF, 0x78, 0x3D, 0xF0, 0xF9,
    0xFB, 0xF3, 0xFF, 0xE3, 0xFF, 0x83, 0xFE, 0x03, 0xF8, 0x00, 0x7D, 0xFF, 0xFF, 0xFF, 0xEF, 0x80,
    0x78, 0x3C, 0xFC, 0x7E, 0xFC, 0x7E, 0xFC, 0x7E, 0xFC, 0x7E, 0x78, 0x3C, 0x7F, 0xBF, 0xF7, 0xFD,
    0xDF, 0x07, 0xC3, 0xE1, 0xF0, 0x78, 0x00, 0x00, 0x3E, 0x3F, 0xBF, 0xFE, 0xFE, 0x3F, 0xBF, 0xFE,
    0xFE, 0x3E, 0x00, 0x02, 0x02, 0x01, 0xC1, 0xC0, 0xF8, 0xF8, 0x7F, 0x7F, 0x3F, 0xBF, 0x8F, 0xDF,
    0xC7, 0xE7, 0xC1, 0xE1, 0xE0, 0x10, 0x10, 0x00, 0x30, 0x18, 0xF0, 0x7B, 0xFB, 0xFB, 0xFF, 0xE3,
    0xFF, 0x03, 0xFC, 0x01, 0xF0, 0x00, 0xFF, 0xFF, 0xFF, 0xF0, 0xF3, 0xFC, 0xFF, 0x3F, 0xCF, 0xF3,
    0xFC, 0xFF, 0x3C, 0x08, 0x08, 0x07, 0x07, 0x03, 0xE7, 0xE1, 0xFD, 0xFC, 0x7F, 0xBF, 0x07, 0xF7,
    0xE0, 0xFC, 0xFC, 0x0E, 0x1E, 0x01, 0x01, 0x00, 0x07, 0x00, 0x7C, 0x03, 0xE1, 0xDF, 0x7E, 0xFB,
    0xF8, 0x3F, 0xE3, 0xEF, 0xFE, 0x7F, 0xE0, 0xFE, 0x00, 0x0F, 0xE0, 0x3F, 0xE0, 0xFF, 0xE3, 0xFF,
    0xE7, 0xEF, 0xDF, 0x0F, 0x9E, 0x0F, 0x00, 0x04, 0x1E, 0x3E, 0x7C, 0xF8, 0xFC, 0xFE, 0xFE, 0xFE,
    0x7C, 0x3F, 0x3F, 0x7E, 0x7E, 0x7E, 0x7C, 0x7C, 0xF8, 0xF8, 0xFC, 0xFC, 0x7E, 0x7E, 0x7E, 0x3E,
    0x3E, 0x1F, 0x1F, 0x3F, 0x3F, 0x7E, 0x7E, 0x7E, 0x7C, 0x7C, 0xF8, 0xF8, 0x7F, 0x03, 0xF8, 0x1F,
    0xC0, 0xFC, 0x07, 0xE0, 0x1F, 0x0F, 0xF0, 0xFE, 0x1F, 0xC3, 0xF0, 0x7E, 0x0F, 0xC0, 0x0E, 0x1F,
    0xFF, 0xFF, 0xE1, 0xC3, 0x80, 0xE1, 0xC3, 0xFF, 0xFF, 0xDC, 0x38, 0x00, 0x7F, 0xBF, 0xFF, 0xFC,
    0x07, 0x01, 0xC0, 0x70, 0x1C, 0x07, 0x01, 0xC0, 0x70, 0x0F, 0x8F, 0xC7, 0xE7, 0xFF, 0xF7, 0xFB,
    0xF9, 0xF0, 0x3B, 0xFF, 0xEE, 0x7B, 0xEF, 0x38, 0x38, 0x38, 0x38, 0xFF, 0xFF, 0xFF, 0xFF, 0xFF,
    0xFF, 0x38, 0x38, 0x38, 0x38, 0x38, 0x38, 0x38, 0xFF, 0xFF, 0xFF, 0x38, 0x38, 0xFF, 0xFF, 0xFF,
    0x0F, 0x87, 0xC3, 0xE1, 0xF0, 0xF8, 0xFF, 0xFF, 0xFF, 0xFF, 0xFF, 0xBF, 0x80, 0xF8, 0x7C, 0x3E,
    0x1F, 0x0F, 0x87, 0xE3, 0xFF, 0xFF, 0xFF, 0xBF, 0xCF, 0xE0, 0x7D, 0xFF, 0xFF, 0xFF, 0xEF, 0x80,
    0x78, 0x3C, 0xFC, 0x7E, 0xFC, 0x7E, 0xFC, 0x7E, 0xFC, 0x7E, 0x78, 0x3C, 0x3E, 0x3F, 0xBF, 0xFE,
    0xFE, 0x3F, 0xBF, 0xFF, 0xFE, 0x7E, 0x00, 0x3E, 0x7F, 0x7F, 0x7F, 0x3F, 0x1F, 0x3E, 0x7C, 0x78,
    0x20, 0x1E, 0x1E, 0x1F, 0x8F, 0xE7, 0xF8, 0x7C, 0xFF, 0xFF, 0xFF, 0x7E, 0x00, 0x06, 0x1F, 0x9F,
    0xDF, 0x0F, 0x07, 0xF3, 0xFF, 0xFF, 0x7F, 0x1F, 0x00, 0xFF, 0xFF, 0xFF, 0xF0, 0xFF, 0xFB, 0xFF,
    0xFF, 0xFF, 0xF8, 0x07, 0xE0, 0x1F, 0x80, 0x7E, 0x01, 0xC0, 0xC3, 0x0D, 0xC6, 0x1B, 0x9E, 0x77,
    0xFF, 0xE7, 0xFF, 0x80, 0xFC, 0x1F, 0xBF, 0x1F, 0x8F, 0xDF, 0x83, 0xFF, 0x80, 0xFF, 0x80, 0x7F,
    0x80, 0x0F, 0xF0, 0x0F, 0xF0, 0x1F, 0xF8, 0x3F, 0xFC, 0x7E, 0x7E, 0xF8, 0x3F, 0x78, 0x3D, 0xF0,
    0xF9, 0xFB, 0xF3, 0xFF, 0xE3, 0xFF, 0x83, 0xFE, 0x03, 0xF8, 0x00, 0x03, 0xC0, 0x1F, 0xE0, 0x7F,
    0xF1, 0xFF, 0xE7, 0xFF, 0xEF, 0xC7, 0xDE, 0x07, 0xB8, 0x07, 0x1F, 0x0F, 0x3F, 0xFF, 0x7F, 0xFF,
    0x7F, 0xFE, 0xFF, 0xFC, 0xF0, 0xF8, 0xFF, 0xFF, 0xFF, 0xFF, 0xFF, 0xF0, 0xFF, 0xFF, 0xFF, 0xFF,
    0xFF, 0xFF, 0xFC, 0xFF, 0xFF, 0xFF, 0xFF, 0xFF, 0xFF, 0x00, 0x00, 0x00, 0x00, 0xFF, 0xFF, 0xFF,
    0xFF, 0xFF, 0xFF, 0x1F, 0x87, 0x3F, 0xFF, 0x7F, 0xFF, 0x7F, 0xFE, 0x7F, 0xFE, 0xF0, 0xFC, 0xFF,
    0xFF, 0xFF, 0xFF, 0xFF, 0xFF, 0xFF, 0xFF, 0xFF, 0xFF, 0xFF, 0xFF, 0xFF, 0xFF, 0xFF, 0xFF, 0xFF,
    0xFF, 0xFF, 0xFF, 0xFF, 0xFF, 0xFE, 0x00, 0x10, 0x01, 0xE0, 0x1F, 0x80, 0xFF, 0x0F, 0xF8, 0xFF,
    0x87, 0xFC, 0x3F, 0xC0, 0x7C, 0x01, 0xE0, 0x02, 0x00, 0x00, 0x00, 0x0F, 0x00, 0x1F, 0x00, 0x1E,
    0x00, 0x3E, 0x00, 0x3C, 0x00, 0x3C, 0x00, 0x7C, 0x00, 0x78, 0x00, 0x78, 0x00, 0xF8, 0x00, 0xF0,
    0x01, 0xF0, 0x01, 0xE0, 0x01, 0xE0, 0x03, 0xE0, 0x03, 0xC0, 0x07, 0xC0, 0x07, 0x80, 0x07, 0x80,
    0x0F, 0x80, 0x0F, 0x00, 0x0F, 0x00, 0x1E, 0x00, 0x1E, 0x00, 0x3E, 0x00, 0x3C, 0x00, 0x3C, 0x00,
    0x7C, 0x00, 0x78, 0x00, 0xF8, 0x00, 0xF0, 0x00, 0xE7, 0xBE, 0xF3, 0xBF, 0xFE, 0xE0, 0xC0, 0x1B,
    0x80, 0x7E, 0x01, 0xF8, 0x07, 0xFF, 0xFF, 0xFF, 0xFF, 0xFF, 0xC0, 0xFF, 0xFD, 0xFF, 0xFB, 0x00,
    0x36, 0x00, 0x6C, 0x00, 0xD8, 0x01, 0xBF, 0xFF, 0x7F, 0xFE, 0x7E, 0xF9, 0xFF, 0xFB, 0x9E, 0x77,
    0x1C, 0x6C, 0x30, 0xC0, 0x00, 0xE6, 0xFF, 0x7E, 0x3C, 0x7E, 0xFF, 0xE7, 0x42, 0x7F, 0xFD, 0xCF,
    0x79, 0xE7, 0x7F, 0xFC, 0xFF, 0xFF, 0xFF, 0xFF, 0xFF, 0xFF, 0x00, 0x00, 0x00, 0x00, 0xFF, 0xFF,
    0xFF, 0xFF, 0xFF, 0xFF, 0x7F, 0x07, 0xF8, 0x1F, 0x80, 0xFC, 0x07, 0xE0, 0x3F, 0x0F, 0xF0, 0xFE,
    0x1F, 0xC3, 0xF0, 0x7E, 0x07, 0xC0, 0x1F, 0x8F, 0x3F, 0xFF, 0x7F, 0xFF, 0x7F, 0xFE, 0xFF, 0xFE,
    0xF0, 0xFC, 0xFD, 0xFF, 0xF9, 0xF1, 0xE7, 0xCF, 0x00, 0x71, 0xFC, 0xCF, 0x9F, 0xFF, 0xF9, 0xFB,
    0xFF, 0xBF, 0x3F, 0xFB, 0xE1, 0xE0, 0x3E, 0x00, 0xF1, 0xE3, 0xC7, 0xFF, 0xFF, 0xDF, 0x80, 0xFF,
    0xFF, 0x7F, 0xFF, 0xFF, 0xFF, 0xFC, 0x00, 0x7E, 0x00, 0x3F, 0x00, 0x1F, 0x80, 0x0E, 0xFF, 0xFF,
    0xFF, 0xFF, 0xFF, 0xFF, 0x00, 0x00, 0x00, 0x00, 0xFF, 0xFF, 0xFF, 0xFF, 0xFF, 0xFF, 0xF3, 0xFC,
    0xFF, 0x3F, 0xCF, 0xF3, 0xFC, 0xFF, 0x3C, 0x7E, 0xFF, 0xFF, 0x07, 0x07, 0x07, 0x07, 0x06, 0x00,
    0x00, 0x07, 0x03, 0xFD, 0xDF, 0xE7, 0xFF, 0xFF, 0xDF, 0xEE, 0xFF, 0x03, 0x80, 0x04, 0x00, 0x03,
    0x80, 0x0F, 0x80, 0x1F, 0x00, 0x3E, 0x00, 0x7C, 0x07, 0xC3, 0xDF, 0xF7, 0xFF, 0xFE, 0xF7, 0xFD,
    0xC3, 0xF0, 0x0E, 0x00, 0x3E, 0x00, 0x7C, 0x00, 0xF8, 0x01, 0xF0, 0x00, 0x3E, 0x1D, 0xFE, 0xF7,
    0xFF, 0xBD, 0xFE, 0xE1, 0xF0, 0x00, 0x03, 0xF1, 0xDF, 0xFF, 0x7F, 0xFB, 0xCF, 0xC0, 0x08, 0x40,
    0x61, 0x83, 0xFF, 0x3F, 0xFF, 0xFF, 0xFC, 0xE1, 0xC1, 0x86, 0x00, 0x00, 0x00, 0x18, 0x3C, 0x7E,
    0x7E, 0x1C, 0x1C, 0x1C, 0x1C, 0xC3, 0xCF, 0xCF, 0x3F, 0xFF, 0x30, 0x3B, 0xFF, 0xEE, 0x7B, 0xEF,
    0x38, 0x1F, 0xC3, 0xFF, 0x9F, 0xFD, 0xF1, 0xFF, 0x77, 0xF7, 0xDF, 0x3E, 0x61, 0xF0, 0x0F, 0x80,
    0x64, 0xFE, 0x7F, 0x3E, 0x7E, 0xFF, 0x76, 0x20, 0x0C, 0xFF, 0xFC, 0xF3, 0xF3, 0xC3, 0xC3, 0xCF,
    0xCF, 0x3F, 0xFF, 0x30, 0xC0, 0x71, 0xF1, 0xE1, 0xF3, 0xE1, 0xE7, 0xC7, 0xDF, 0x9F, 0x3B, 0xB0,
    0xE7, 0x00, 0xE7, 0xBE, 0xF3, 0xBF, 0xFE, 0xE0, 0xFB, 0xFF, 0xFF, 0xFF, 0xE0, 0x3C, 0xDB, 0xFF,
    0xFF, 0x3C, 0x7E, 0x7E, 0x24, 0x7F, 0xF9, 0xFF, 0xFB, 0x9E, 0x76, 0x18, 0x6C, 0x30, 0xDC, 0xF3,
    0xBF, 0xFF, 0x3F, 0xFC, 0x70, 0x70, 0x60, 0xFF, 0xFF, 0x06, 0x0E, 0x0E, 0xF0, 0x00, 0x00, 0x3F,
    0xF0, 0x00, 0x03, 0xF7, 0xF8, 0x00, 0x3F, 0x8F, 0xFF, 0xFF, 0xFC, 0x1F, 0xFF, 0xFF, 0xE0, 0x3F,
    0xFF, 0xFF, 0x00, 0x3F, 0xFF, 0xF0, 0x00, 0x3F, 0xFF, 0x00, 0xF0, 0x00, 0x00, 0x3F, 0xF0, 0x00,
    0x03, 0xF7, 0xF8, 0x00, 0x3F, 0x8F, 0xFF, 0xFF, 0xFC, 0x1F, 0xFF, 0xFF, 0xE0, 0x3F, 0xFF, 0xFF,
    0x00, 0x3F, 0xFF, 0xF0, 0x00, 0x3F, 0xFF, 0x00, 0xFF, 0xFF, 0xFF, 0xFF, 0xFF, 0xFF, 0xFF, 0xFF,
    0xF8, 0xFF, 0xFF, 0xFF, 0xFF, 0xFF, 0xFF, 0xFF, 0xFF, 0xF8, 0x1F, 0xFF, 0x00, 0x3C, 0xFF, 0xFF,
    0xFF, 0xF7, 0xFF, 0xFF, 0xFF, 0xFF, 0xFF, 0xFF, 0xFE, 0xFF, 0xFF, 0xFF, 0xF3, 0xC0, 0x0F, 0xFF,
    0x80, 0x00, 0x0F, 0xE0, 0x00, 0x07, 0xFF, 0xF8, 0x00, 0x7F, 0xFF, 0xF8, 0x03, 0xFF, 0xFF, 0xF8,
    0x3F, 0xFF, 0xFF, 0xF0, 0xFF, 0xC0, 0xFF, 0xE7, 0xF0, 0x00, 0x3F, 0xBF, 0x00, 0x00, 0x3F, 0xF0,
    0x00, 0x00, 0x3C, 0x00, 0x00, 0x00, 0x80, 0x00, 0x00, 0x03, 0x00, 0x00, 0x00, 0x0F, 0x3F, 0xFF,
    0xFF, 0xFE, 0xFF, 0xFF, 0xFF, 0xFF, 0xFF, 0xFF, 0xFF, 0xE0, 0x00, 0x00, 0x0F, 0x00, 0x00, 0x00,
    0x38, 0x00, 0x00, 0x00, 0x80, 0x1C, 0x7F, 0x7F, 0x07, 0x7F, 0xFF, 0xE7, 0xFF, 0xFF, 0x33, 0x7E,
    0x7F, 0xB8, 0xFF, 0xFF, 0xFF, 0x03, 0xFC, 0xFE, 0x3E, 0x00, 0x5F, 0x8F, 0xFF, 0xFF, 0xF0, 0x3E,
    0x3F, 0xBD, 0xFC, 0x7E, 0x3F, 0x1F, 0xDE, 0xFF, 0x3F, 0x00, 0xE3, 0xF1, 0xF8, 0xFC, 0x7E, 0x3F,
    0x3F, 0xFE, 0xFF, 0x3E, 0x7E, 0xF6, 0xE0, 0xE0, 0xE0, 0xF2, 0xFE, 0x7E, 0x03, 0x81, 0xC0, 0xEF,
    0xFF, 0xFF, 0xBF, 0x8F, 0xC7, 0xE3, 0xFB, 0xFF, 0xEF, 0xF0, 0xE0, 0x70, 0x38, 0x1F, 0xEF, 0xFF,
    0xBF, 0x8F, 0xC7, 0xE3, 0xF1, 0xF8, 0xE0, 0xFF, 0xFB, 0xFF, 0xEF, 0x7B, 0xF9, 0xCF, 0xE7, 0x3F,
    0x9C, 0xFE, 0x73, 0xF9, 0xCF, 0x03, 0xFF, 0xFC, 0xE3, 0x8E, 0x38, 0xE0, 0x73, 0xFF, 0xDC, 0x71,
    0xC7, 0x1C, 0x7D, 0xF0, 0xF1, 0xCE, 0x39, 0xEF, 0x1D, 0xC3, 0xF8, 0x3E, 0x07, 0xC0, 0xF0, 0x73,
    0xCF, 0x70, 0xFC, 0x0F, 0x81, 0xF0, 0x7F, 0x1E, 0xE7, 0x9E, 0x7F, 0x00, 0x3F, 0x80, 0x1F, 0xC0,
    0x0F, 0xC0, 0x07, 0xE0, 0x03, 0xF0, 0x01, 0xF0, 0x00, 0x00, 0x00, 0x00, 0xFF, 0xFF, 0xFF, 0xFF,
    0xFF, 0xFF, 0xFF, 0xFF, 0xFF, 0xFF, 0xFC, 0x00, 0xFC, 0x00, 0xFC, 0x00, 0xFC, 0x00, 0xFC, 0x00,
    0xFC, 0x00, 0xFF, 0xFE, 0xFF, 0xFE, 0xFF, 0xFE, 0xFF, 0xFE, 0xFF, 0xFE, 0xFC, 0x00, 0xFC, 0x00,
    0xFC, 0x00, 0xFC, 0x00, 0xFC, 0x00, 0xFC, 0x00, 0xFF, 0xFF, 0xFF, 0xFF, 0xFF, 0xFF, 0xFF, 0xFF,
    0xFF, 0xFF, 0x3E, 0x7C, 0x7E, 0x7E, 0x7E, 0x7E, 0x7E, 0x7E, 0x3E, 0x7C, 0x00, 0x00, 0x00, 0x00,
    0x00, 0x00, 0xFF, 0xFF, 0xFF, 0xFF, 0xFF, 0xFF, 0xFF, 0xFF, 0xFF, 0xFF, 0xFC, 0x00, 0xFC, 0x00,
    0xFC, 0x00, 0xFC, 0x00, 0xFC, 0x00, 0xFC, 0x00, 0xFF, 0xFE, 0xFF, 0xFE, 0xFF, 0xFE, 0xFF, 0xFE,
    0xFF, 0xFE, 0xFC, 0x00, 0xFC, 0x00, 0xFC, 0x00, 0xFC, 0x00, 0xFC, 0x00, 0xFC, 0x00, 0xFF, 0xFF,
    0xFF, 0xFF, 0xFF, 0xFF, 0xFF, 0xFF, 0xFF, 0xFF, 0xFF, 0xFF, 0xF0, 0x3F, 0xFF, 0xFC, 0x0F, 0xFF,
    0xFF, 0x03, 0xFF, 0xFF, 0xC0, 0xFF, 0xFF, 0xF0, 0x00, 0xFC, 0x00, 0x00, 0x3F, 0x00, 0x00, 0x0F,
    0xC0, 0x00, 0x03, 0xF0, 0x00, 0x00, 0xFC, 0x00, 0x00, 0x3F, 0xFF, 0xC0, 0x0F, 0xFF, 0xF8, 0x03,
    0xFF, 0xFF, 0x00, 0xFF, 0xFF, 0xE0, 0x3F, 0xFF, 0xFC, 0x0F, 0xC0, 0x7F, 0x03, 0xF0, 0x0F, 0xC0,
    0xFC, 0x03, 0xF0, 0x3F, 0x00, 0xFC, 0x0F, 0xC0, 0x3F, 0x03, 0xF0, 0x0F, 0xC0, 0xFC, 0x07, 0xF0,
    0x3F, 0x1F, 0xFC, 0x0F, 0xC7, 0xFE, 0x03, 0xF1, 0xFF, 0x80, 0xFC, 0x7F, 0xC0, 0x3F, 0x1F, 0xC0,
    0x00, 0x7F, 0x00, 0x3F, 0x80, 0x3F, 0x80, 0x3F, 0x80, 0x1F, 0x00, 0x1F, 0x00, 0x0F, 0x00, 0x00,
    0x00, 0x00, 0x00, 0x7F, 0xFF, 0xFF, 0xFF, 0xFF, 0xFF, 0xFF, 0xFF, 0xFF, 0xFF, 0xFF, 0xF0, 0x01,
    0xF8, 0x00, 0xFC, 0x00, 0x7E, 0x00, 0x3F, 0x00, 0x1F, 0x80, 0x0F, 0xC0, 0x07, 0xE0, 0x03, 0xF0,
    0x01, 0xF8, 0x00, 0xFC, 0x00, 0x7E, 0x00, 0x3F, 0x00, 0x1F, 0x80, 0x0F, 0xC0, 0x07, 0xE0, 0x03,
    0xF0, 0x01, 0xF8, 0x00, 0xFC, 0x00, 0x7E, 0x00, 0x3F, 0x00, 0x1F, 0x80, 0x00, 0x00, 0xFF, 0xE0,
    0x1F, 0xFF, 0xC3, 0xFF, 0xFE, 0x3F, 0xFF, 0xF3, 0xFF, 0xFF, 0x1F, 0xC0, 0x39, 0xFC, 0x00, 0x0F,
    0xC0, 0x00, 0xFE, 0x00, 0x07, 0xE0, 0x00, 0x3F, 0xFF, 0xF1, 0xFF, 0xFF, 0x8F, 0xFF, 0xFC, 0x7F,
    0xFF, 0xE3, 0xFF, 0xFF, 0x1F, 0x80, 0x00, 0xFC, 0x00, 0x07, 0xF0, 0x00, 0x3F, 0x80, 0x00, 0xFC,
    0x00, 0x07, 0xF0, 0x00, 0x3F, 0xE0, 0x18, 0xFF, 0xFF, 0xC3, 0xFF, 0xFE, 0x0F, 0xFF, 0xF0, 0x3F,
    0xFF, 0x80, 0x7F, 0xF8, 0x07, 0xFF, 0x07, 0xFF, 0xF3, 0xFF, 0xFC, 0xFF, 0xFE, 0x7F, 0xFF, 0x9F,
    0xC0, 0xE7, 0xE0, 0x01, 0xF8, 0x00, 0x7F, 0x00, 0x1F, 0xE0, 0x07, 0xFE, 0x00, 0xFF, 0xE0, 0x3F,
    0xFE, 0x07, 0xFF, 0xC0, 0x7F, 0xF8, 0x0F, 0xFF, 0x00, 0xFF, 0xC0, 0x0F, 0xF0, 0x01, 0xFC, 0x00,
    0x3F, 0x80, 0x0F, 0xFC, 0x07, 0xFF, 0xFF, 0xFF, 0xFF, 0xFE, 0xFF, 0xFF, 0x3F, 0xFF, 0x83, 0xFF,
    0x80, 0xFF, 0xFF, 0xFF, 0xFF, 0xFF, 0xFF, 0xFF, 0xFF, 0xFF, 0xFF, 0xFF, 0xFF, 0xFF, 0xFF, 0xFF,
    0xFF, 0xFF, 0xFF, 0xFF, 0xFF, 0xC0, 0xFB, 0xFF, 0x7F, 0xEF, 0xFD, 0xFF, 0xBE, 0x00, 0x00, 0x00,
    0x00, 0x1F, 0x83, 0xF0, 0x7E, 0x0F, 0xC1, 0xF8, 0x3F, 0x07, 0xE0, 0xFC, 0x1F, 0x83, 0xF0, 0x7E,
    0x0F, 0xC1, 0xF8, 0x3F, 0x07, 0xE0, 0xFC, 0x1F, 0x83, 0xF0, 0x7E, 0x0F, 0xC1, 0xF8, 0x3F, 0x07,
    0xE0, 0xFC, 0x1F, 0x83, 0xF0, 0x7E, 0x00, 0x03, 0xF0, 0x3F, 0x03, 0xF0, 0x3F, 0x03, 0xF0, 0x3F,
    0x03, 0xF0, 0x3F, 0x03, 0xF0, 0x3F, 0x03, 0xF0, 0x3F, 0x03, 0xF0, 0x3F, 0x03, 0xF0, 0x3F, 0x03,
    0xF0, 0x3F, 0x03, 0xF0, 0x3F, 0x03, 0xF0, 0x3F, 0x03, 0xF0, 0x3F, 0x03, 0xF0, 0x3F, 0x03, 0xF0,
    0x3F, 0x07, 0xF0, 0x7F, 0xFF, 0xEF, 0xFE, 0xFF, 0xCF, 0xF8, 0xFF, 0x00, 0x03, 0xFF, 0xFF, 0x00,
    0x00, 0x1F, 0xFF, 0xF8, 0x00, 0x00, 0xFF, 0xFF, 0xC0, 0x00, 0x07, 0xFF, 0xFE, 0x00, 0x00, 0x3F,
    0xFF, 0xF0, 0x00, 0x01, 0xF0, 0x1F, 0x80, 0x00, 0x0F, 0x80, 0xFC, 0x00, 0x00, 0x7C, 0x07, 0xE0,
    0x00, 0x03, 0xE0, 0x3F, 0x00, 0x00, 0x1F, 0x01, 0xFF, 0xF8, 0x00, 0xF8, 0x0F, 0xFF, 0xF0, 0x07,
    0xC0, 0x7F, 0xFF, 0xC0, 0x3E, 0x03, 0xFF, 0xFF, 0x03, 0xF0, 0x1F, 0xFF, 0xF8, 0x1F, 0x80, 0xFC,
    0x0F, 0xE0, 0xFC, 0x07, 0xE0, 0x7F, 0x07, 0xE0, 0x3F, 0x01, 0xF8, 0x3F, 0x01, 0xF8, 0x0F, 0xC1,
    0xF8, 0x0F, 0xC0, 0x7E, 0x0F, 0xC0, 0x7E, 0x03, 0xF0, 0x7E, 0x03, 0xF0, 0x3F, 0x87, 0xF0, 0x1F,
    0x81, 0xFF, 0xFF, 0x00, 0xFF, 0xFF, 0xDF, 0xF8, 0x07, 0xFF, 0xFE, 0xFF, 0xC0, 0x3F, 0xFF, 0xE7,
    0xFC, 0x01, 0xFF, 0xFE, 0x3F, 0x80, 0x0F, 0xFF, 0xC0, 0xFC, 0x00, 0xFC, 0x00, 0x1F, 0x80, 0x1F,
    0x80, 0x03, 0xF0, 0x03, 0xF0, 0x00, 0x7E, 0x00, 0x7E, 0x00, 0x0F, 0xC0, 0x0F, 0xC0, 0x01, 0xF8,
    0x01, 0xF8, 0x00, 0x3F, 0x00, 0x3F, 0x00, 0x07, 0xE0, 0x07, 0xE0, 0x00, 0xFC, 0x00, 0xFC, 0x00,
    0x1F, 0x80, 0x1F, 0x80, 0x03, 0xFF, 0xFF, 0xFF, 0x80, 0x7F, 0xFF, 0xFF, 0xFF, 0x0F, 0xFF, 0xFF,
    0xFF, 0xF1, 0xFF, 0xFF, 0xFF, 0xFF, 0x3F, 0xFF, 0xFF, 0xFF, 0xF7, 0xE0, 0x07, 0xE1, 0xFE, 0xFC,
    0x00, 0xFC, 0x0F, 0xFF, 0x80, 0x1F, 0x81, 0xFF, 0xF0, 0x03, 0xF0, 0x1F, 0xFE, 0x00, 0x7E, 0x03,
    0xFF, 0xC0, 0x0F, 0xC0, 0xFF, 0xF8, 0x01, 0xF8, 0x3F, 0xFF, 0x00, 0x3F, 0xFF, 0xF7, 0xE0, 0x07,
    0xFF, 0xFE, 0xFC, 0x00, 0xFF, 0xFF, 0x9F, 0x80, 0x1F, 0xFF, 0xE3, 0xF0, 0x03, 0xFF, 0xF0, 0x00,
    0xFF, 0xFF, 0xF0, 0x3F, 0xFF, 0xFC, 0x0F, 0xFF, 0xFF, 0x03, 0xFF, 0xFF, 0xC0, 0xFF, 0xFF, 0xF0,
    0x00, 0xFC, 0x00, 0x00, 0x3F, 0x00, 0x00, 0x0F, 0xC0, 0x00, 0x03, 0xF0, 0x00, 0x00, 0xFC, 0x00,
    0x00, 0x3F, 0x1F, 0x00, 0x0F, 0xFF, 0xF8, 0x03, 0xFF, 0xFF, 0x00, 0xFF, 0xFF, 0xE0, 0x3F, 0xFF,
    0xF8, 0x0F, 0xF9, 0xFF, 0x03, 0xF0, 0x1F, 0xC0, 0xFC, 0x03, 0xF0, 0x3F, 0x00, 0xFC, 0x0F, 0xC0,
    0x3F, 0x03, 0xF0, 0x0F, 0xC0, 0xFC, 0x03, 0xF0, 0x3F, 0x00, 0xFC, 0x0F, 0xC0, 0x3F, 0x03, 0xF0,
    0x0F, 0xC0, 0xFC, 0x03, 0xF0, 0x3F, 0x00, 0xFC, 0x00, 0x3F, 0x80, 0x00, 0xFF, 0x00, 0x01, 0xFC,
    0x00, 0x07, 0xE0, 0x00, 0x0F, 0x80, 0x00, 0x3E, 0x00, 0x00, 0x78, 0x00, 0x00, 0x00, 0x00, 0x00,
    0x00, 0x01, 0xF8, 0x03, 0xFB, 0xF0, 0x0F, 0xE7, 0xE0, 0x3F, 0x8F, 0xC0, 0x7F, 0x1F, 0x81, 0xFC,
    0x3F, 0x07, 0xF0, 0x7E, 0x0F, 0xE0, 0xFC, 0x3F, 0x81, 0xF8, 0xFE, 0x03, 0xF1, 0xF8, 0x07, 0xFF,
    0xF0, 0x0F, 0xFF, 0xC0, 0x1F, 0xFF, 0x00, 0x3F, 0xFF, 0x00, 0x7F, 0xFF, 0x00, 0xFC, 0xFE, 0x01,
    0xF8, 0xFE, 0x03, 0xF1, 0xFE, 0x07, 0xE1, 0xFC, 0x0F, 0xC1, 0xFC, 0x1F, 0x83, 0xFC, 0x3F, 0x03,
    0xF8, 0x7E, 0x03, 0xF8, 0xFC, 0x07, 0xF9, 0xF8, 0x07, 0xF3, 0xF0, 0x07, 0xF7, 0xE0, 0x0F, 0xF0,
    0x07, 0xF0, 0x00, 0x07, 0xF0, 0x00, 0x07, 0xF0, 0x00, 0x07, 0xE0, 0x00, 0x07, 0xE0, 0x00, 0x07,
    0xE0, 0x00, 0x07, 0xC0, 0x00, 0x00, 0x00, 0x00, 0x00, 0x01, 0xF8, 0x03, 0xFF, 0xF0, 0x0F, 0xFF,
    0xE0, 0x1F, 0xFF, 0xC0, 0x7F, 0xFF, 0x80, 0xFF, 0xFF, 0x01, 0xFF, 0xFE, 0x07, 0xFF, 0xFC, 0x0F,
    0xFF, 0xF8, 0x3E, 0xFF, 0xF0, 0x7D, 0xFF, 0xE1, 0xFB, 0xFF, 0xC3, 0xE7, 0xFF, 0x8F, 0xCF, 0xFF,
    0x1F, 0x1F, 0xFE, 0x7E, 0x3F, 0xFC, 0xF8, 0x7F, 0xFB, 0xF0, 0xFF, 0xF7, 0xC1, 0xFF, 0xFF, 0x83,
    0xFF, 0xFE, 0x07, 0xFF, 0xFC, 0x0F, 0xFF, 0xF0, 0x1F, 0xFF, 0xE0, 0x3F, 0xFF, 0x80, 0x7F, 0xFF,
    0x00, 0xFF, 0xFC, 0x01, 0xFF, 0xF8, 0x03, 0xF0, 0x03, 0xE0, 0xF8, 0x01, 0xF0, 0xFC, 0x00, 0xFC,
    0xFE, 0x00, 0x7F, 0xFE, 0x00, 0x1F, 0xFE, 0x00, 0x03, 0xFE, 0x00, 0x00, 0x00, 0x00, 0x00, 0x00,
    0x00, 0x00, 0x00, 0x00, 0x3F, 0x80, 0x1F, 0xDF, 0xC0, 0x0F, 0xE7, 0xE0, 0x07, 0xE3, 0xF8, 0x07,
    0xF0, 0xFC, 0x03, 0xF0, 0x7F, 0x01, 0xF8, 0x3F, 0x81, 0xF8, 0x0F, 0xC0, 0xFC, 0x07, 0xF0, 0xFE,
    0x01, 0xF8, 0x7E, 0x00, 0xFE, 0x3F, 0x00, 0x3F, 0x3F, 0x00, 0x1F, 0x9F, 0x80, 0x07, 0xEF, 0x80,
    0x03, 0xFF, 0xC0, 0x00, 0xFF, 0xE0, 0x00, 0x7F, 0xE0, 0x00, 0x1F, 0xF0, 0x00, 0x0F, 0xF0, 0x00,
    0x07, 0xF8, 0x00, 0x03, 0xF8, 0x00, 0x01, 0xFC, 0x00, 0x3F, 0xFC, 0x00, 0x1F, 0xFE, 0x00, 0x0F,
    0xFE, 0x00, 0x07, 0xFE, 0x00, 0x03, 0xFC, 0x00, 0x00, 0xFC, 0x00, 0xFF, 0xF0, 0x03, 0xFF, 0xC0,
    0x0F, 0xFF, 0x00, 0x3F, 0xFC, 0x00, 0xFF, 0xF0, 0x03, 0xFF, 0xC0, 0x0F, 0xFF, 0x00, 0x3F, 0xFC,
    0x00, 0xFF, 0xF0, 0x03, 0xFF, 0xC0, 0x0F, 0xFF, 0x00, 0x3F, 0xFC, 0x00, 0xFF, 0xF0, 0x03, 0xFF,
    0xC0, 0x0F, 0xFF, 0x00, 0x3F, 0xFC, 0x00, 0xFF, 0xF0, 0x03, 0xFF, 0xC0, 0x0F, 0xFF, 0x00, 0x3F,
    0xFC, 0x00, 0xFF, 0xF0, 0x03, 0xFF, 0xFF, 0xFF, 0xFF, 0xFF, 0xFF, 0xFF, 0xFF, 0xFF, 0xFF, 0xFF,
    0xFF, 0xFF, 0xFF, 0xC0, 0x3F, 0x00, 0x00, 0xFC, 0x00, 0x03, 0xF0, 0x00, 0x0F, 0xC0, 0x00, 0x3F,
    0x00, 0x00, 0xFC, 0x00, 0x00, 0x7F, 0x80, 0x00, 0x1F, 0xE0, 0x00, 0x0F, 0xFC, 0x00, 0x03, 0xFF,
    0x00, 0x01, 0xFF, 0xC0, 0x00, 0x7F, 0xF8, 0x00, 0x1F, 0xFE, 0x00, 0x0F, 0xFF, 0x80, 0x03, 0xF3,
    0xF0, 0x00, 0xFC, 0xFC, 0x00, 0x7F, 0x3F, 0x80, 0x1F, 0x87, 0xE0, 0x07, 0xE1, 0xF8, 0x03, 0xF8,
    0x7F, 0x00, 0xFC, 0x0F, 0xC0, 0x3F, 0x03, 0xF0, 0x1F, 0xFF, 0xFE, 0x07, 0xFF, 0xFF, 0x81, 0xFF,
    0xFF, 0xE0, 0xFF, 0xFF, 0xFC, 0x3F, 0xFF, 0xFF, 0x0F, 0xC0, 0x0F, 0xC7, 0xF0, 0x03, 0xF9, 0xFC,
    0x00, 0xFE, 0xFE, 0x00, 0x1F, 0xBF, 0x80, 0x07, 0xFF, 0xE0, 0x01, 0xFC, 0xFF, 0xFF, 0xDF, 0xFF,
    0xFB, 0xFF, 0xFF, 0x7F, 0xFF, 0xEF, 0xFF, 0xF9, 0xF8, 0x00, 0x3F, 0x00, 0x07, 0xE0, 0x00, 0xFC,
    0x00, 0x1F, 0x80, 0x03, 0xFF, 0xC0, 0x7F, 0xFF, 0x0F, 0xFF, 0xF9, 0xFF, 0xFF, 0xBF, 0xFF, 0xF7,
    0xE1, 0xFF, 0xFC, 0x0F, 0xFF, 0x80, 0xFF, 0xF0, 0x1F, 0xFE, 0x03, 0xFF, 0xC0, 0x7F, 0xF8, 0x1F,
    0xFF, 0xFF, 0xFF, 0xFF, 0xFE, 0xFF, 0xFF, 0x9F, 0xFF, 0xE3, 0xFF, 0xF0, 0x00, 0xFF, 0xFE, 0x0F,
    0xFF, 0xF8, 0xFF, 0xFF, 0xCF, 0xFF, 0xFE, 0xFF, 0xFF, 0xEF, 0xC0, 0xFE, 0xFC, 0x07, 0xEF, 0xC0,
    0x7E, 0xFC, 0x07, 0xEF, 0xC0, 0xFE, 0xFC, 0x3F, 0xCF, 0xFF, 0xFC, 0xFF, 0xFF, 0x0F, 0xFF, 0xF8,
    0xFF, 0xFF, 0xCF, 0xFF, 0xFE, 0xFC, 0x07, 0xFF, 0xC0, 0x7F, 0xFC, 0x03, 0xFF, 0xC0, 0x3F, 0xFC,
    0x07, 0xFF, 0xC0, 0x7F, 0xFF, 0xFF, 0xEF, 0xFF, 0xFE, 0xFF, 0xFF, 0xCF, 0xFF, 0xF8, 0xFF, 0xFE,
    0x00, 0xFF, 0xFF, 0xFF, 0xFF, 0xFF, 0xFF, 0xFF, 0xFF, 0xFF, 0xFF, 0xFF, 0xE0, 0x03, 0xF0, 0x01,
    0xF8, 0x00, 0xFC, 0x00, 0x7E, 0x00, 0x3F, 0x00, 0x1F, 0x80, 0x0F, 0xC0, 0x07, 0xE0, 0x03, 0xF0,
    0x01, 0xF8, 0x00, 0xFC, 0x00, 0x7E, 0x00, 0x3F, 0x00, 0x1F, 0x80, 0x0F, 0xC0, 0x07, 0xE0, 0x03,
    0xF0, 0x01, 0xF8, 0x00, 0xFC, 0x00, 0x7E, 0x00, 0x3F, 0x00, 0x00, 0x03, 0xFF, 0xFF, 0x80, 0x1F,
    0xFF, 0xFC, 0x00, 0xFF, 0xFF, 0xE0, 0x07, 0xFF, 0xFF, 0x00, 0x3F, 0xFF, 0xF8, 0x01, 0xF8, 0x0F,
    0xC0, 0x0F, 0xC0, 0x7E, 0x00, 0x7E, 0x03, 0xF0, 0x03, 0xF0, 0x1F, 0x80, 0x1F, 0x80, 0xFC, 0x00,
    0xFC, 0x07, 0xE0, 0x07, 0xE0, 0x3F, 0x00, 0x3F, 0x01, 0xF8, 0x01, 0xF8, 0x0F, 0xC0, 0x1F, 0xC0,
    0x7E, 0x00, 0xFE, 0x03, 0xF0, 0x07, 0xE0, 0x1F, 0x80, 0x3F, 0x00, 0xFC, 0x01, 0xF8, 0x07, 0xE0,
    0x1F, 0xC0, 0x3F, 0x00, 0xFC, 0x01, 0xF8, 0x0F, 0xE0, 0x0F, 0xC3, 0xFF, 0xFF, 0xFF, 0xFF, 0xFF,
    0xFF, 0xFF, 0xFF, 0xFF, 0xFF, 0xFF, 0xFF, 0xFF, 0xFF, 0xFF, 0xFF, 0xFF, 0xFF, 0xF8, 0x00, 0x03,
    0xFF, 0xC0, 0x00, 0x1F, 0xFE, 0x00, 0x00, 0xFF, 0xF0, 0x00, 0x07, 0xFF, 0x80, 0x00, 0x3F, 0xFC,
    0x00, 0x01, 0xF8, 0xFF, 0xFF, 0xFF, 0xFF, 0xFF, 0xFF, 0xFF, 0xFF, 0xFF, 0xFF, 0xFC, 0x00, 0xFC,
    0x00, 0xFC, 0x00, 0xFC, 0x00, 0xFC, 0x00, 0xFC, 0x00, 0xFF, 0xFE, 0xFF, 0xFE, 0xFF, 0xFE, 0xFF,
    0xFE, 0xFF, 0xFE, 0xFC, 0x00, 0xFC, 0x00, 0xFC, 0x00, 0xFC, 0x00, 0xFC, 0x00, 0xFC, 0x00, 0xFF,
    0xFF, 0xFF, 0xFF, 0xFF, 0xFF, 0xFF, 0xFF, 0xFF, 0xFF, 0x7F, 0x00, 0xFC, 0x03, 0xF0, 0xFE, 0x03,
    0xF0, 0x1F, 0xC1, 0xF8, 0x0F, 0xC0, 0xFE, 0x07, 0xF0, 0x3F, 0x03, 0xF0, 0x0F, 0xE0, 0xFC, 0x1F,
    0xC0, 0x3F, 0x83, 0xF0, 0xFE, 0x00, 0x7F, 0x0F, 0xC3, 0xF0, 0x00, 0xFC, 0x3F, 0x1F, 0xC0, 0x03,
    0xF8, 0xFC, 0x7E, 0x00, 0x07, 0xF3, 0xF3, 0xF0, 0x00, 0x0F, 0xFF, 0xFF, 0xC0, 0x00, 0x3F, 0xFF,
    0xFE, 0x00, 0x00, 0x7F, 0xFF, 0xF0, 0x00, 0x01, 0xFF, 0xFF, 0xE0, 0x00, 0x0F, 0xFF, 0xFF, 0xC0,
    0x00, 0x7F, 0x3F, 0x7F, 0x00, 0x01, 0xFC, 0xFC, 0xFE, 0x00, 0x0F, 0xE3, 0xF1, 0xF8, 0x00, 0x7F,
    0x8F, 0xC7, 0xF0, 0x01, 0xFC, 0x3F, 0x0F, 0xE0, 0x0F, 0xE0, 0xFC, 0x3F, 0x80, 0x3F, 0x83, 0xF0,
    0x7F, 0x01, 0xFC, 0x0F, 0xC0, 0xFE, 0x0F, 0xE0, 0x3F, 0x03, 0xF8, 0x3F, 0x80, 0xFC, 0x07, 0xF1,
    0xFC, 0x03, 0xF0, 0x1F, 0xEF, 0xF0, 0x0F, 0xC0, 0x3F, 0x80, 0x1F, 0xFE, 0x1F, 0xFF, 0xE3, 0xFF,
    0xFF, 0x3F, 0xFF, 0xE7, 0xFF, 0xFE, 0xE0, 0x1F, 0xC0, 0x01, 0xF8, 0x00, 0x3F, 0x00, 0x0F, 0xE0,
    0x03, 0xF8, 0x3F, 0xFF, 0x0F, 0xFF, 0xC1, 0xFF, 0xE0, 0x3F, 0xFF, 0x07, 0xFF, 0xF0, 0x03, 0xFE,
    0x00, 0x0F, 0xE0, 0x00, 0xFC, 0x00, 0x1F, 0x80, 0x03, 0xF0, 0x00, 0xFF, 0xC0, 0x3F, 0xFF, 0xFF,
    0xFF, 0xFF, 0xFE, 0xFF, 0xFF, 0x9F, 0xFF, 0xE0, 0xFF, 0xF0, 0x00, 0xFC, 0x01, 0xFF, 0xF8, 0x07,
    0xFF, 0xF0, 0x0F, 0xFF, 0xE0, 0x3F, 0xFF, 0xC0, 0x7F, 0xFF, 0x81, 0xFF, 0xFF, 0x03, 0xFF, 0xFE,
    0x07, 0xFF, 0xFC, 0x1F, 0x7F, 0xF8, 0x3E, 0xFF, 0xF0, 0xFD, 0xFF, 0xE1, 0xF3, 0xFF, 0xC7, 0xE7,
    0xFF, 0x8F, 0x8F, 0xFF, 0x3F, 0x1F, 0xFE, 0x7C, 0x3F, 0xFD, 0xF8, 0x7F, 0xFB, 0xE0, 0xFF, 0xFF,
    0xC1, 0xFF, 0xFF, 0x03, 0xFF, 0xFE, 0x07, 0xFF, 0xF8, 0x0F, 0xFF, 0xF0, 0x1F, 0xFF, 0xC0, 0x3F,
    0xFF, 0x80, 0x7F, 0xFE, 0x00, 0xFF, 0xFC, 0x01, 0xF8, 0x0F, 0x83, 0xE0, 0x1F, 0x0F, 0xC0, 0x3F,
    0x1F, 0x80, 0x7F, 0x7E, 0x00, 0x7F, 0xFC, 0x00, 0x7F, 0xF0, 0x00, 0x7F, 0x80, 0x00, 0x00, 0x00,
    0x00, 0x00, 0x01, 0xF8, 0x03, 0xFF, 0xF0, 0x0F, 0xFF, 0xE0, 0x1F, 0xFF, 0xC0, 0x7F, 0xFF, 0x80,
    0xFF, 0xFF, 0x03, 0xFF, 0xFE, 0x07, 0xFF, 0xFC, 0x0F, 0xFF, 0xF8, 0x3E, 0xFF, 0xF0, 0x7D, 0xFF,
    0xE1, 0xFB, 0xFF, 0xC3, 0xE7, 0xFF, 0x8F, 0xCF, 0xFF, 0x1F, 0x1F, 0xFE, 0x7E, 0x3F, 0xFC, 0xF8,
    0x7F, 0xFB, 0xF0, 0xFF, 0xF7, 0xC1, 0xFF, 0xFF, 0x83, 0xFF, 0xFE, 0x07, 0xFF, 0xFC, 0x0F, 0xFF,
    0xF0, 0x1F, 0xFF, 0xE0, 0x3F, 0xFF, 0x80, 0x7F, 0xFF, 0x00, 0xFF, 0xFC, 0x01, 0xFF, 0xF8, 0x03,
    0xF0, 0xFC, 0x01, 0xFD, 0xF8, 0x07, 0xF3, 0xF0, 0x1F, 0xC7, 0xE0, 0x3F, 0x8F, 0xC0, 0xFE, 0x1F,
    0x83, 0xF8, 0x3F, 0x07, 0xF0, 0x7E, 0x1F, 0xC0, 0xFC, 0x7F, 0x01, 0xF8, 0xFC, 0x03, 0xFF, 0xF8,
    0x07, 0xFF, 0xE0, 0x0F, 0xFF, 0x80, 0x1F, 0xFF, 0x80, 0x3F, 0xFF, 0x80, 0x7E, 0x7F, 0x00, 0xFC,
    0x7F, 0x01, 0xF8, 0xFF, 0x03, 0xF0, 0xFE, 0x07, 0xE0, 0xFE, 0x0F, 0xC1, 0xFE, 0x1F, 0x81, 0xFC,
    0x3F, 0x01, 0xFC, 0x7E, 0x03, 0xFC, 0xFC, 0x03, 0xF9, 0xF8, 0x03, 0xFB, 0xF0, 0x07, 0xF8, 0x03,
    0xFF, 0xFF, 0x81, 0xFF, 0xFF, 0xC0, 0xFF, 0xFF, 0xE0, 0x7F, 0xFF, 0xF0, 0x3F, 0xFF, 0xF8, 0x1F,
    0x80, 0xFC, 0x0F, 0xC0, 0x7E, 0x07, 0xE0, 0x3F, 0x03, 0xF0, 0x1F, 0x81, 0xF8, 0x0F, 0xC0, 0xFC,
    0x07, 0xE0, 0x7E, 0x03, 0xF0, 0x3F, 0x01, 0xF8, 0x1F, 0x80, 0xFC, 0x0F, 0xC0, 0x7E, 0x07, 0xE0,
    0x3F, 0x07, 0xF0, 0x1F, 0x83, 0xF8, 0x0F, 0xC1, 0xFC, 0x07, 0xE0, 0xFE, 0x03, 0xF0, 0xFE, 0x01,
    0xF8, 0xFF, 0x00, 0xFF, 0xFF, 0x80, 0x7F, 0xFF, 0x80, 0x3F, 0xFF, 0xC0, 0x1F, 0xFF, 0xC0, 0x0F,
    0xFF, 0xC0, 0x07, 0xE0, 0xFF, 0x00, 0x0F, 0xFF, 0xFC, 0x00, 0x7F, 0xFF, 0xE0, 0x03, 0xFF, 0xFF,
    0x00, 0x3F, 0xFF, 0xFC, 0x01, 0xFF, 0xFF, 0xE0, 0x0F, 0xFF, 0xFF, 0x00, 0xFF, 0xFF, 0xF8, 0x07,
    0xFF, 0xFF, 0xE0, 0x3F, 0xFF, 0xDF, 0x03, 0xEF, 0xFE, 0xF8, 0x1F, 0x7F, 0xF7, 0xE0, 0xFB, 0xFF,
    0x9F, 0x0F, 0x9F, 0xFC, 0xF8, 0x7C, 0xFF, 0xE7, 0xE3, 0xE7, 0xFF, 0x3F, 0x3E, 0x3F, 0xF8, 0xF9,
    0xF1, 0xFF, 0xC7, 0xCF, 0x8F, 0xFE, 0x3F, 0xFC, 0x7F, 0xF0, 0xFF, 0xC3, 0xFF, 0x87, 0xFE, 0x1F,
    0xFC, 0x3F, 0xF0, 0xFF, 0xE0, 0xFF, 0x07, 0xFF, 0x07, 0xF8, 0x3F, 0xF8, 0x3F, 0xC1, 0xFF, 0xC0,
    0xFC, 0x0F, 0xFE, 0x07, 0xE0, 0x7E, 0xFC, 0x00, 0xFF, 0xF0, 0x03, 0xFF, 0xC0, 0x0F, 0xFF, 0x00,
    0x3F, 0xFC, 0x00, 0xFF, 0xF0, 0x03, 0xFF, 0xC0, 0x0F, 0xFF, 0x00, 0x3F, 0xFC, 0x00, 0xFF, 0xF0,
    0x03, 0xFF, 0xFF, 0xFF, 0xFF, 0xFF, 0xFF, 0xFF, 0xFF, 0xFF, 0xFF, 0xFF, 0xFF, 0xFF, 0xFF, 0xFF,
    0x00, 0x3F, 0xFC, 0x00, 0xFF, 0xF0, 0x03, 0xFF, 0xC0, 0x0F, 0xFF, 0x00, 0x3F, 0xFC, 0x00, 0xFF,
    0xF0, 0x03, 0xFF, 0xC0, 0x0F, 0xFF, 0x00, 0x3F, 0xFC, 0x00, 0xFF, 0xF0, 0x03, 0xFF, 0xC0, 0x0F,
    0xC0, 0x01, 0xFF, 0xC0, 0x03, 0xFF, 0xF8, 0x03, 0xFF, 0xFE, 0x03, 0xFF, 0xFF, 0x83, 0xFF, 0xFF,
    0xE3, 0xFC, 0x07, 0xF9, 0xFC, 0x01, 0xFC, 0xFC, 0x00, 0x7E, 0xFE, 0x00, 0x3F, 0xFF, 0x00, 0x1F,
    0xFF, 0x00, 0x07, 0xFF, 0x80, 0x03, 0xFF, 0xC0, 0x01, 0xFF, 0xE0, 0x00, 0xFF, 0xF0, 0x00, 0x7F,
    0xF8, 0x00, 0x3F, 0xFC, 0x00, 0x1F, 0xFF, 0x00, 0x1F, 0xFF, 0x80, 0x0F, 0xEF, 0xC0, 0x07, 0xE7,
    0xF0, 0x07, 0xF3, 0xFC, 0x07, 0xF8, 0xFF, 0xFF, 0xF8, 0x3F, 0xFF, 0xF8, 0x0F, 0xFF, 0xF8, 0x03,
    0xFF, 0xF8, 0x00, 0x7F, 0xF0, 0x00, 0xFF, 0xFF, 0xFF, 0xFF, 0xFF, 0xFF, 0xFF, 0xFF, 0xFF, 0xFF,
    0xFF, 0xFF, 0xFF, 0xFF, 0xF0, 0x03, 0xFF, 0xC0, 0x0F, 0xFF, 0x00, 0x3F, 0xFC, 0x00, 0xFF, 0xF0,
    0x03, 0xFF, 0xC0, 0x0F, 0xFF, 0x00, 0x3F, 0xFC, 0x00, 0xFF, 0xF0, 0x03, 0xFF, 0xC0, 0x0F, 0xFF,
    0x00, 0x3F, 0xFC, 0x00, 0xFF, 0xF0, 0x03, 0xFF, 0xC0, 0x0F, 0xFF, 0x00, 0x3F, 0xFC, 0x00, 0xFF,
    0xF0, 0x03, 0xFF, 0xC0, 0x0F, 0xFF, 0x00, 0x3F, 0xFC, 0x00, 0xFF, 0xF0, 0x03, 0xFF, 0xC0, 0x0F,
    0xC0, 0xFF, 0xFC, 0x1F, 0xFF, 0xE3, 0xFF, 0xFE, 0x7F, 0xFF, 0xEF, 0xFF, 0xFD, 0xF8, 0x3F, 0xFF,
    0x03, 0xFF, 0xE0, 0x3F, 0xFC, 0x07, 0xFF, 0x80, 0xFF, 0xF0, 0x3F, 0xFE, 0x07, 0xFF, 0xC7, 0xFD,
    0xFF, 0xFF, 0xBF, 0xFF, 0xE7, 0xFF, 0xF8, 0xFF, 0xFC, 0x1F, 0xFC, 0x03, 0xF0, 0x00, 0x7E, 0x00,
    0x0F, 0xC0, 0x01, 0xF8, 0x00, 0x3F, 0x00, 0x07, 0xE0, 0x00, 0xFC, 0x00, 0x1F, 0x80, 0x03, 0xF0,
    0x00, 0x00, 0x00, 0xFF, 0xE0, 0x1F, 0xFF, 0xC3, 0xFF, 0xFE, 0x3F, 0xFF, 0xE3, 0xFF, 0xFF, 0x1F,
    0xE0, 0x31, 0xFC, 0x00, 0x0F, 0xE0, 0x00, 0xFE, 0x00, 0x07, 0xF0, 0x00, 0x3F, 0x00, 0x01, 0xF8,
    0x00, 0x0F, 0xC0, 0x00, 0x7E, 0x00, 0x03, 0xF0, 0x00, 0x1F, 0x80, 0x00, 0xFC, 0x00, 0x07, 0xF0,
    0x00, 0x3F, 0x80, 0x00, 0xFC, 0x00, 0x07, 0xF0, 0x00, 0x3F, 0xE0, 0x18, 0xFF, 0xFF, 0xC3, 0xFF,
    0xFE, 0x0F, 0xFF, 0xF0, 0x3F, 0xFF, 0x80, 0x7F, 0xF8, 0xFF, 0xFF, 0xFF, 0xFF, 0xFF, 0xFF, 0xFF,
    0xFF, 0xFF, 0xFF, 0xFF, 0xFF, 0xF0, 0x1F, 0x80, 0x01, 0xF8, 0x00, 0x1F, 0x80, 0x01, 0xF8, 0x00,
    0x1F, 0x80, 0x01, 0xF8, 0x00, 0x1F, 0x80, 0x01, 0xF8, 0x00, 0x1F, 0x80, 0x01, 0xF8, 0x00, 0x1F,
    0x80, 0x01, 0xF8, 0x00, 0x1F, 0x80, 0x01, 0xF8, 0x00, 0x1F, 0x80, 0x01, 0xF8, 0x00, 0x1F, 0x80,
    0x01, 0xF8, 0x00, 0x1F, 0x80, 0x01, 0xF8, 0x00, 0x1F, 0x80, 0x01, 0xF8, 0x00, 0x7F, 0x00, 0x3F,
    0xBF, 0x80, 0x1F, 0xCF, 0xC0, 0x0F, 0xC7, 0xF0, 0x0F, 0xE1, 0xF8, 0x07, 0xE0, 0xFE, 0x03, 0xF0,
    0x7F, 0x03, 0xF0, 0x1F, 0x81, 0xF8, 0x0F, 0xE1, 0xFC, 0x03, 0xF0, 0xFC, 0x01, 0xFC, 0x7E, 0x00,
    0x7E, 0x7E, 0x00, 0x3F, 0x3F, 0x00, 0x0F, 0xDF, 0x00, 0x07, 0xFF, 0x80, 0x01, 0xFF, 0xC0, 0x00,
    0xFF, 0xC0, 0x00, 0x3F, 0xE0, 0x00, 0x1F, 0xE0, 0x00, 0x0F, 0xF0, 0x00, 0x07, 0xF0, 0x00, 0x03,
    0xF8, 0x00, 0x7F, 0xF8, 0x00, 0x3F, 0xFC, 0x00, 0x1F, 0xFC, 0x00, 0x0F, 0xFC, 0x00, 0x07, 0xF8,
    0x00, 0x00, 0x00, 0x0F, 0xC0, 0x00, 0x00, 0x3F, 0x00, 0x00, 0x00, 0xFC, 0x00, 0x00, 0x1F, 0xFC,
    0x00, 0x03, 0xFF, 0xFF, 0x00, 0x3F, 0xFF, 0xFF, 0x01, 0xFF, 0xFF, 0xFE, 0x0F, 0xFF, 0xFF, 0xFC,
    0x7F, 0xCF, 0xDF, 0xF9, 0xFC, 0x3F, 0x0F, 0xEF, 0xE0, 0xFC, 0x1F, 0xFF, 0x03, 0xF0, 0x7F, 0xFC,
    0x0F, 0xC1, 0xFF, 0xF0, 0x3F, 0x03, 0xFF, 0xC0, 0xFC, 0x0F, 0xFF, 0x03, 0xF0, 0x7F, 0xFC, 0x0F,
    0xC1, 0xFF, 0xF8, 0x3F, 0x07, 0xFF, 0xF0, 0xFC, 0x3F, 0x9F, 0xF3, 0xF7, 0xFE, 0x3F, 0xFF, 0xFF,
    0xF0, 0x7F, 0xFF, 0xFF, 0x80, 0xFF, 0xFF, 0xFC, 0x00, 0xFF, 0xFF, 0xC0, 0x00, 0x7F, 0xF0, 0x00,
    0x00, 0x3F, 0x00, 0x00, 0x00, 0xFC, 0x00, 0x00, 0x03, 0xF0, 0x00, 0x7F, 0x00, 0x3F, 0x8F, 0xE0,
    0x0F, 0xE3, 0xF8, 0x07, 0xF0, 0x7F, 0x01, 0xF8, 0x0F, 0xE0, 0xFE, 0x03, 0xF8, 0x7F, 0x00, 0x7F,
    0x1F, 0xC0, 0x0F, 0xEF, 0xE0, 0x03, 0xFB, 0xF0, 0x00, 0x7F, 0xFC, 0x00, 0x0F, 0xFE, 0x00, 0x03,
    0xFF, 0x00, 0x00, 0x7F, 0xC0, 0x00, 0x1F, 0xE0, 0x00, 0x0F, 0xFC, 0x00, 0x03, 0xFF, 0x80, 0x01,
    0xFF, 0xE0, 0x00, 0xFF, 0xFC, 0x00, 0x3F, 0x3F, 0x80, 0x1F, 0xCF, 0xE0, 0x0F, 0xE1, 0xFC, 0x03,
    0xF8, 0x3F, 0x81, 0xFC, 0x0F, 0xE0, 0x7E, 0x01, 0xFC, 0x3F, 0x80, 0x7F, 0x9F, 0xC0, 0x0F, 0xE7,
    0xF0, 0x01, 0xFC, 0xFC, 0x00, 0xFC, 0x3F, 0x00, 0x3F, 0x0F, 0xC0, 0x0F, 0xC3, 0xF0, 0x03, 0xF0,
    0xFC, 0x00, 0xFC, 0x3F, 0x00, 0x3F, 0x0F, 0xC0, 0x0F, 0xC3, 0xF0, 0x03, 0xF0, 0xFC, 0x00, 0xFC,
    0x3F, 0x00, 0x3F, 0x0F, 0xC0, 0x0F, 0xC3, 0xF0, 0x03, 0xF0, 0xFC, 0x00, 0xFC, 0x3F, 0x00, 0x3F,
    0x0F, 0xC0, 0x0F, 0xC3, 0xF0, 0x03, 0xF0, 0xFC, 0x00, 0xFC, 0x3F, 0x00, 0x3F, 0x0F, 0xC0, 0x0F,
    0xC3, 0xF0, 0x03, 0xF0, 0xFC, 0x00, 0xFC, 0x3F, 0x00, 0x3F, 0x0F, 0xFF, 0xFF, 0xFF, 0xFF, 0xFF,
    0xFF, 0xFF, 0xFF, 0xFF, 0xFF, 0xFF, 0xFF, 0xFF, 0xFF, 0xFF, 0xFC, 0x00, 0x00, 0x3F, 0x00, 0x00,
    0x0F, 0xC0, 0x00, 0x03, 0xF0, 0x00, 0x00, 0xFC, 0x00, 0x00, 0x3F, 0x00, 0x00, 0x0F, 0xC0, 0xFC,
    0x01, 0xFF, 0xE0, 0x0F, 0xFF, 0x00, 0x7F, 0xF8, 0x03, 0xFF, 0xC0, 0x1F, 0xFE, 0x00, 0xFF, 0xF0,
    0x07, 0xFF, 0x80, 0x3F, 0xFC, 0x01, 0xFF, 0xE0, 0x0F, 0xFF, 0x00, 0x7F, 0xFC, 0x03, 0xFF, 0xF8,
    0xFF, 0xBF, 0xFF, 0xFD, 0xFF, 0xFF, 0xE7, 0xFF, 0xFF, 0x0F, 0xFF, 0xF8, 0x0F, 0x8F, 0xC0, 0x00,
    0x7E, 0x00, 0x03, 0xF0, 0x00, 0x1F, 0x80, 0x00, 0xFC, 0x00, 0x07, 0xE0, 0x00, 0x3F, 0x00, 0x01,
    0xF8, 0x00, 0x0F, 0xC0, 0x00, 0x7E, 0xFC, 0x03, 0xF0, 0x0F, 0xFF, 0x00, 0xFC, 0x03, 0xFF, 0xC0,
    0x3F, 0x00, 0xFF, 0xF0, 0x0F, 0xC0, 0x3F, 0xFC, 0x03, 0xF0, 0x0F, 0xFF, 0x00, 0xFC, 0x03, 0xFF,
    0xC0, 0x3F, 0x00, 0xFF, 0xF0, 0x0F, 0xC0, 0x3F, 0xFC, 0x03, 0xF0, 0x0F, 0xFF, 0x00, 0xFC, 0x03,
    0xFF, 0xC0, 0x3F, 0x00, 0xFF, 0xF0, 0x0F, 0xC0, 0x3F, 0xFC, 0x03, 0xF0, 0x0F, 0xFF, 0x00, 0xFC,
    0x03, 0xFF, 0xC0, 0x3F, 0x00, 0xFF, 0xF0, 0x0F, 0xC0, 0x3F, 0xFC, 0x03, 0xF0, 0x0F, 0xFF, 0x00,
    0xFC, 0x03, 0xFF, 0xC0, 0x3F, 0x00, 0xFF, 0xF0, 0x0F, 0xC0, 0x3F, 0xFC, 0x03, 0xF0, 0x0F, 0xFF,
    0x00, 0xFC, 0x03, 0xFF, 0xFF, 0xFF, 0xFF, 0xFF, 0xFF, 0xFF, 0xFF, 0xFF, 0xFF, 0xFF, 0xFF, 0xFF,
    0xFF, 0xFF, 0xFF, 0xFF, 0xFF, 0xFF, 0xFF, 0xFF, 0xFC, 0xFC, 0x03, 0xF0, 0x1F, 0x87, 0xE0, 0x1F,
    0x80, 0xFC, 0x3F, 0x00, 0xFC, 0x07, 0xE1, 0xF8, 0x07, 0xE0, 0x3F, 0x0F, 0xC0, 0x3F, 0x01, 0xF8,
    0x7E, 0x01, 0xF8, 0x0F, 0xC3, 0xF0, 0x0F, 0xC0, 0x7E, 0x1F, 0x80, 0x7E, 0x03, 0xF0, 0xFC, 0x03,
    0xF0, 0x1F, 0x87, 0xE0, 0x1F, 0x80, 0xFC, 0x3F, 0x00, 0xFC, 0x07, 0xE1, 0xF8, 0x07, 0xE0, 0x3F,
    0x0F, 0xC0, 0x3F, 0x01, 0xF8, 0x7E, 0x01, 0xF8, 0x0F, 0xC3, 0xF0, 0x0F, 0xC0, 0x7E, 0x1F, 0x80,
    0x7E, 0x03, 0xF0, 0xFC, 0x03, 0xF0, 0x1F, 0x87, 0xE0, 0x1F, 0x80, 0xFC, 0x3F, 0x00, 0xFC, 0x07,
    0xE1, 0xF8, 0x07, 0xE0, 0x3F, 0x0F, 0xC0, 0x3F, 0x01, 0xF8, 0x7E, 0x01, 0xF8, 0x0F, 0xC3, 0xFF,
    0xFF, 0xFF, 0xFF, 0xFF, 0xFF, 0xFF, 0xFF, 0xFF, 0xFF, 0xFF, 0xFF, 0xFF, 0xFF, 0xFF, 0xFF, 0xFF,
    0xFF, 0xFF, 0xFF, 0xFF, 0xFF, 0xFE, 0x00, 0x00, 0x00, 0x03, 0xF0, 0x00, 0x00, 0x00, 0x1F, 0x80,
    0x00, 0x00, 0x00, 0xFC, 0x00, 0x00, 0x00, 0x07, 0xE0, 0x00, 0x00, 0x00, 0x3F, 0x00, 0x00, 0x00,
    0x01, 0xF8, 0x00, 0x00, 0x00, 0x0F, 0xC0, 0xFF, 0xF8, 0x00, 0x3F, 0xFE, 0x00, 0x0F, 0xFF, 0x80,
    0x03, 0xFF, 0xE0, 0x00, 0xFF, 0xF8, 0x00, 0x00, 0x7E, 0x00, 0x00, 0x1F, 0x80, 0x00, 0x07, 0xE0,
    0x00, 0x01, 0xF8, 0x00, 0x00, 0x7F, 0xF0, 0x00, 0x1F, 0xFF, 0xC0, 0x07, 0xFF, 0xFC, 0x01, 0xFF,
    0xFF, 0x80, 0x7F, 0xFF, 0xE0, 0x1F, 0x87, 0xFC, 0x07, 0xE0, 0x7F, 0x01, 0xF8, 0x0F, 0xC0, 0x7E,
    0x03, 0xF0, 0x1F, 0x80, 0xFC, 0x07, 0xE0, 0x3F, 0x01, 0xF8, 0x1F, 0xC0, 0x7E, 0x07, 0xF0, 0x1F,
    0xFF, 0xFC, 0x07, 0xFF, 0xFE, 0x01, 0xFF, 0xFF, 0x00, 0x7F, 0xFF, 0x80, 0x1F, 0xFF, 0x80, 0xFC,
    0x00, 0x03, 0xFF, 0xC0, 0x00, 0x3F, 0xFC, 0x00, 0x03, 0xFF, 0xC0, 0x00, 0x3F, 0xFC, 0x00, 0x03,
    0xFF, 0xC0, 0x00, 0x3F, 0xFC, 0x00, 0x03, 0xFF, 0xC0, 0x00, 0x3F, 0xFC, 0x00, 0x03, 0xFF, 0xFE,
    0x00, 0x3F, 0xFF, 0xFE, 0x03, 0xFF, 0xFF, 0xF0, 0x3F, 0xFF, 0xFF, 0x83, 0xFF, 0xFF, 0xFC, 0x3F,
    0xFC, 0x3F, 0xE3, 0xFF, 0xC0, 0xFE, 0x3F, 0xFC, 0x07, 0xE3, 0xFF, 0xC0, 0x7E, 0x3F, 0xFC, 0x07,
    0xE3, 0xFF, 0xC0, 0x7E, 0x3F, 0xFC, 0x0F, 0xE3, 0xFF, 0xC0, 0xFE, 0x3F, 0xFF, 0xFF, 0xE3, 0xFF,
    0xFF, 0xFC, 0x3F, 0xFF, 0xFF, 0x83, 0xFF, 0xFF, 0xF0, 0x3F, 0xFF, 0xFC, 0x03, 0xF0, 0xFC, 0x00,
    0x1F, 0x80, 0x03, 0xF0, 0x00, 0x7E, 0x00, 0x0F, 0xC0, 0x01, 0xF8, 0x00, 0x3F, 0x00, 0x07, 0xE0,
    0x00, 0xFC, 0x00, 0x1F, 0xFC, 0x03, 0xFF, 0xF8, 0x7F, 0xFF, 0x8F, 0xFF, 0xF9, 0xFF, 0xFF, 0xBF,
    0x0F, 0xFF, 0xE0, 0x7F, 0xFC, 0x07, 0xFF, 0x80, 0xFF, 0xF0, 0x1F, 0xFE, 0x03, 0xFF, 0xC0, 0xFF,
    0xF8, 0x1F, 0xFF, 0xFF, 0xFF, 0xFF, 0xFE, 0xFF, 0xFF, 0x9F, 0xFF, 0xE3, 0xFF, 0xF0, 0x00, 0x1F,
    0xFC, 0x07, 0xFF, 0xF8, 0x3F, 0xFF, 0xE1, 0xFF, 0xFF, 0x87, 0xFF, 0xFE, 0x38, 0x07, 0xF0, 0x00,
    0x1F, 0xC0, 0x00, 0x7E, 0x00, 0x03, 0xF0, 0x00, 0x1F, 0xC7, 0xFF, 0xFE, 0x3F, 0xFF, 0xF1, 0xFF,
    0xFF, 0x8F, 0xFF, 0xFC, 0x7F, 0xFF, 0xE0, 0x00, 0x3F, 0x00, 0x03, 0xF8, 0x00, 0x1F, 0xC0, 0x00,
    0xFC, 0x00, 0x0F, 0xE0, 0x00, 0x7F, 0x70, 0x0F, 0xF3, 0xFF, 0xFF, 0x9F, 0xFF, 0xF8, 0xFF, 0xFF,
    0x87, 0xFF, 0xF8, 0x0F, 0xFE, 0x00, 0xFC, 0x00, 0xFF, 0xC0, 0x7E, 0x01, 0xFF, 0xF8, 0x3F, 0x01,
    0xFF, 0xFE, 0x1F, 0x81, 0xFF, 0xFF, 0x8F, 0xC1, 0xFF, 0xFF, 0xE7, 0xE0, 0xFE, 0x07, 0xF3, 0xF0,
    0xFE, 0x01, 0xFD, 0xF8, 0x7E, 0x00, 0x7E, 0xFC, 0x7F, 0x00, 0x3F, 0xFE, 0x3F, 0x80, 0x1F, 0xFF,
    0xFF, 0x80, 0x0F, 0xFF, 0xFF, 0xC0, 0x03, 0xFF, 0xFF, 0xE0, 0x01, 0xFF, 0xFF, 0xF0, 0x00, 0xFF,
    0xFF, 0xF8, 0x00, 0x7F, 0xF8, 0xFC, 0x00, 0x3F, 0xFC, 0x7E, 0x00, 0x3F, 0xFE, 0x3F, 0x80, 0x1F,
    0xFF, 0x0F, 0xC0, 0x0F, 0xFF, 0x87, 0xE0, 0x07, 0xEF, 0xC3, 0xF8, 0x07, 0xF7, 0xE0, 0xFE, 0x07,
    0xF3, 0xF0, 0x7F, 0xFF, 0xF9, 0xF8, 0x1F, 0xFF, 0xF8, 0xFC, 0x07, 0xFF, 0xF8, 0x7E, 0x01, 0xFF,
    0xF8, 0x3F, 0x00, 0x3F, 0xF0, 0x00, 0x00, 0xFF, 0xFC, 0x0F, 0xFF, 0xF0, 0x7F, 0xFF, 0xC3, 0xFF,
    0xFF, 0x1F, 0xFF, 0xFC, 0x7F, 0x03, 0xF1, 0xF8, 0x0F, 0xC7, 0xE0, 0x3F, 0x1F, 0x80, 0xFC, 0x7E,
    0x03, 0xF1, 0xF8, 0x0F, 0xC7, 0xF0, 0x3F, 0x0F, 0xFF, 0xFC, 0x3F, 0xFF, 0xF0, 0x7F, 0xFF, 0xC0,
    0x7F, 0xFF, 0x01, 0xFF, 0xFC, 0x0F, 0xE3, 0xF0, 0x3F, 0x8F, 0xC1, 0xFC, 0x3F, 0x07, 0xE0, 0xFC,
    0x3F, 0x83, 0xF1, 0xFC, 0x0F, 0xC7, 0xF0, 0x3F, 0x3F, 0x80, 0xFD, 0xFC, 0x03, 0xF7, 0xF0, 0x0F,
    0xC0, 0x0F, 0xFC, 0x1F, 0xFF, 0xC7, 0xFF, 0xF8, 0xFF, 0xFF, 0x3F, 0xFF, 0xC4, 0x07, 0xF0, 0x00,
    0xFC, 0x00, 0x3F, 0x0F, 0xFF, 0xCF, 0xFF, 0xF7, 0xFF, 0xFF, 0xFE, 0x3F, 0xFE, 0x0F, 0xFF, 0x03,
    0xFF, 0xC0, 0xFF, 0xF0, 0x7F, 0xFF, 0xFF, 0xFF, 0xFF, 0xF7, 0xFF, 0xFD, 0xFF, 0xDF, 0x1F, 0xC7,
    0xC0, 0x00, 0x01, 0xC0, 0x07, 0xFC, 0x03, 0xFF, 0xC0, 0x7F, 0xFC, 0x0F, 0xFF, 0xE1, 0xFF, 0xFC,
    0x3F, 0xF8, 0x07, 0xF8, 0x00, 0x7E, 0x00, 0x07, 0xE0, 0x00, 0xFC, 0xFF, 0x0F, 0xFF, 0xF8, 0xFF,
    0xFF, 0xCF, 0xFF, 0xFE, 0xFF, 0xFF, 0xEF, 0xE0, 0x7F, 0xFE, 0x07, 0xFF, 0xC0, 0x3F, 0xFC, 0x03,
    0xFF, 0xC0, 0x3F, 0xFC, 0x03, 0xFF, 0xC0, 0x3F, 0xFC, 0x03, 0xFF, 0xE0, 0x7F, 0x7E, 0x07, 0xE7,
    0xFF, 0xFE, 0x3F, 0xFF, 0xC1, 0xFF, 0xFC, 0x0F, 0xFF, 0x00, 0x3F, 0xE0, 0xFF, 0xFE, 0x3F, 0xFF,
    0xCF, 0xFF, 0xFB, 0xFF, 0xFF, 0xFF, 0xFF, 0xFF, 0x07, 0xFF, 0xC0, 0xFF, 0xF0, 0xFF, 0xFF, 0xFF,
    0xBF, 0xFF, 0xCF, 0xFF, 0xF3, 0xFF, 0xFE, 0xFF, 0xFF, 0xFF, 0x03, 0xFF, 0xC0, 0xFF, 0xF0, 0x3F,
    0xFF, 0xFF, 0xFF, 0xFF, 0xFF, 0xFF, 0xFB, 0xFF, 0xFC, 0xFF, 0xFC, 0x00, 0xFF, 0xFF, 0xFF, 0xFF,
    0xFF, 0xFF, 0xFF, 0xFF, 0xFF, 0xF0, 0x0F, 0xC0, 0x3F, 0x00, 0xFC, 0x03, 0xF0, 0x0F, 0xC0, 0x3F,
    0x00, 0xFC, 0x03, 0xF0, 0x0F, 0xC0, 0x3F, 0x00, 0xFC, 0x03, 0xF0, 0x0F, 0xC0, 0x3F, 0x00, 0xFC,
    0x00, 0x07, 0xFF, 0xF8, 0x07, 0xFF, 0xF8, 0x07, 0xFF, 0xF8, 0x07, 0xFF, 0xF8, 0x07, 0xFF, 0xF8,
    0x07, 0xC1, 0xF8, 0x07, 0xC1, 0xF8, 0x07, 0xC1, 0xF8, 0x07, 0xC1, 0xF8, 0x07, 0xC1, 0xF8, 0x07,
    0xC1, 0xF8, 0x0F, 0xC1, 0xF8, 0x0F, 0xC1, 0xF8, 0x0F, 0xC1, 0xF8, 0x0F, 0xC1, 0xF8, 0x1F, 0x81,
    0xF8, 0xFF, 0xFF, 0xFF, 0xFF, 0xFF, 0xFF, 0xFF, 0xFF, 0xFF, 0xFF, 0xFF, 0xFF, 0xFF, 0xFF, 0xFF,
    0xFC, 0x00, 0x3F, 0xFC, 0x00, 0x3F, 0xFC, 0x00, 0x3F, 0xFC, 0x00, 0x3F, 0xFC, 0x00, 0x3F, 0xFC,
    0x00, 0x3F, 0x07, 0xFC, 0x01, 0xFF, 0xE0, 0xFF, 0xFE, 0x1F, 0xFF, 0xE7, 0xFF, 0xFC, 0xFC, 0x1F,
    0xFF, 0x01, 0xFF, 0xFF, 0xFF, 0xFF, 0xFF, 0xFF, 0xFF, 0xFF, 0xFF, 0xFF, 0xFF, 0xFF, 0xFF, 0xC0,
    0x01, 0xF8, 0x00, 0x3F, 0x80, 0x03, 0xF8, 0x06, 0x7F, 0xFF, 0xC7, 0xFF, 0xF8, 0x7F, 0xFF, 0x07,
    0xFF, 0xE0, 0x3F, 0xF0, 0x7F, 0x03, 0xF0, 0x3F, 0x1F, 0x81, 0xF8, 0x3F, 0x87, 0xE0, 0xFC, 0x3F,
    0x83, 0xF8, 0x7E, 0x1F, 0x80, 0xFC, 0x3F, 0x1F, 0xC0, 0x3F, 0x1F, 0x8F, 0xC0, 0x1F, 0xCF, 0xCF,
    0xC0, 0x07, 0xE7, 0xEF, 0xE0, 0x01, 0xFF, 0xFF, 0xE0, 0x00, 0xFF, 0xFF, 0xE0, 0x00, 0x7F, 0xFF,
    0xF0, 0x00, 0x7F, 0xFF, 0xFC, 0x00, 0x3F, 0xFF, 0xFF, 0x00, 0x3F, 0x9F, 0x9F, 0x80, 0x3F, 0x8F,
    0xCF, 0xE0, 0x1F, 0xC7, 0xE3, 0xF8, 0x1F, 0xC3, 0xF1, 0xFC, 0x1F, 0xE1, 0xF8, 0x7F, 0x0F, 0xE0,
    0xFC, 0x1F, 0xCF, 0xE0, 0x7E, 0x0F, 0xEF, 0xF0, 0x3F, 0x03, 0xF8, 0x3F, 0xFC, 0x7F, 0xFF, 0x3F,
    0xFF, 0xCF, 0xFF, 0xF7, 0xFF, 0xF9, 0x00, 0xFC, 0x00, 0xFE, 0x1F, 0xFE, 0x1F, 0xFF, 0x0F, 0xFE,
    0x07, 0xFF, 0x83, 0xFF, 0xE0, 0x07, 0xF8, 0x00, 0xFC, 0x00, 0x7F, 0x80, 0x7F, 0xFF, 0xFF, 0xFF,
    0xFF, 0xFF, 0xFF, 0xDF, 0xFF, 0xC7, 0xFF, 0x80, 0xFC, 0x0F, 0xFF, 0xC0, 0xFF, 0xFC, 0x1F, 0xFF,
    0xC1, 0xFF, 0xFC, 0x3F, 0xFF, 0xC3, 0xFF, 0xFC, 0x7F, 0xFF, 0xC7, 0xFF, 0xFC, 0xFB, 0xFF, 0xCF,
    0xBF, 0xFD, 0xF3, 0xFF, 0xDF, 0x3F, 0xFF, 0xE3, 0xFF, 0xFE, 0x3F, 0xFF, 0xC3, 0xFF, 0xFC, 0x3F,
    0xFF, 0x83, 0xFF, 0xF8, 0x3F, 0xFF, 0x03, 0xFF, 0xF0, 0x3F, 0xFE, 0x03, 0xF0, 0x3F, 0x0F, 0x83,
    0xF1, 0xF8, 0x1F, 0xBF, 0x81, 0xFF, 0xF0, 0x0F, 0xFE, 0x00, 0x7F, 0xC0, 0x00, 0x00, 0x00, 0x00,
    0x00, 0xFC, 0x0F, 0xFF, 0xC0, 0xFF, 0xFC, 0x1F, 0xFF, 0xC1, 0xFF, 0xFC, 0x3F, 0xFF, 0xC3, 0xFF,
    0xFC, 0x7F, 0xFF, 0xC7, 0xFF, 0xFC, 0xFB, 0xFF, 0xCF, 0xBF, 0xFD, 0xF3, 0xFF, 0xDF, 0x3F, 0xFF,
    0xE3, 0xFF, 0xFE, 0x3F, 0xFF, 0xC3, 0xFF, 0xFC, 0x3F, 0xFF, 0x83, 0xFF, 0xF8, 0x3F, 0xFF, 0x03,
    0xFF, 0xF0, 0x3F, 0xFE, 0x03, 0xF0, 0xFC, 0x07, 0xF7, 0xE0, 0x7F, 0x3F, 0x03, 0xF1, 0xF8, 0x3F,
    0x0F, 0xC3, 0xF8, 0x7E, 0x3F, 0x83, 0xF1, 0xF8, 0x1F, 0x9F, 0xC0, 0xFF, 0xFC, 0x07, 0xFF, 0xC0,
    0x3F, 0xFE, 0x01, 0xFF, 0xF8, 0x0F, 0xFF, 0xE0, 0x7E, 0x7F, 0x03, 0xF1, 0xFC, 0x1F, 0x87, 0xF0,
    0xFC, 0x3F, 0x87, 0xE0, 0xFE, 0x3F, 0x03, 0xF9, 0xF8, 0x1F, 0xEF, 0xC0, 0x7F, 0x00, 0x07, 0xFF,
    0xF8, 0x3F, 0xFF, 0xC1, 0xFF, 0xFE, 0x0F, 0xFF, 0xF0, 0x7F, 0xFF, 0x83, 0xE0, 0xFC, 0x1F, 0x07,
    0xE0, 0xF8, 0x3F, 0x07, 0xC1, 0xF8, 0x3E, 0x0F, 0xC1, 0xF0, 0x7E, 0x1F, 0x83, 0xF0, 0xFC, 0x1F,
    0x87, 0xE0, 0xFC, 0x3F, 0x07, 0xE1, 0xF8, 0x3F, 0xFF, 0xC1, 0xFF, 0xFC, 0x0F, 0xFF, 0xE0, 0x7F,
    0xFE, 0x03, 0xFF, 0xE0, 0x1F, 0x80, 0xFF, 0x00, 0x7F, 0xFF, 0xE0, 0x1F, 0xFF, 0xF8, 0x0F, 0xFF,
    0xFE, 0x03, 0xFF, 0xFF, 0xC0, 0xFF, 0xFF, 0xF0, 0x7F, 0xFF, 0xFC, 0x1F, 0xFF, 0xFF, 0x87, 0xFF,
    0xFB, 0xE3, 0xEF, 0xFE, 0xF8, 0xFB, 0xFF, 0x9F, 0x3E, 0xFF, 0xE7, 0xDF, 0x3F, 0xF9, 0xF7, 0xCF,
    0xFE, 0x3F, 0xF3, 0xFF, 0x8F, 0xF8, 0xFF, 0xE3, 0xFE, 0x3F, 0xF8, 0x7F, 0x8F, 0xFE, 0x1F, 0xC3,
    0xFF, 0x87, 0xF0, 0xFF, 0xE0, 0xFC, 0x3F, 0xF8, 0x3E, 0x0F, 0xC0, 0xFC, 0x07, 0xFF, 0x80, 0xFF,
    0xF0, 0x1F, 0xFE, 0x03, 0xFF, 0xC0, 0x7F, 0xF8, 0x0F, 0xFF, 0x01, 0xFF, 0xE0, 0x3F, 0xFF, 0xFF,
    0xFF, 0xFF, 0xFF, 0xFF, 0xFF, 0xFF, 0xFF, 0xFF, 0xFF, 0xFF, 0xF8, 0x0F, 0xFF, 0x01, 0xFF, 0xE0,
    0x3F, 0xFC, 0x07, 0xFF, 0x80, 0xFF, 0xF0, 0x1F, 0xFE, 0x03, 0xFF, 0xC0, 0x7E, 0x07, 0xFE, 0x00,
    0xFF, 0xF0, 0x3F, 0xFF, 0xC3, 0xFF, 0xFC, 0x7F, 0xFF, 0xE7, 0xE0, 0x7E, 0xFE, 0x07, 0xFF, 0xC0,
    0x3F, 0xFC, 0x03, 0xFF, 0xC0, 0x3F, 0xFC, 0x03, 0xFF, 0xC0, 0x3F, 0xFC, 0x03, 0xFF, 0xC0, 0x3F,
    0xFE, 0x07, 0xF7, 0xF0, 0x7E, 0x7F, 0xFF, 0xE3, 0xFF, 0xFC, 0x3F, 0xFF, 0xC0, 0xFF, 0xF0, 0x07,
    0xFE, 0x00, 0xFF, 0xFF, 0xFF, 0xFF, 0xFF, 0xFF, 0xFF, 0xFF, 0xFF, 0xFF, 0xFF, 0xFF, 0xF8, 0x0F,
    0xFF, 0x01, 0xFF, 0xE0, 0x3F, 0xFC, 0x07, 0xFF, 0x80, 0xFF, 0xF0, 0x1F, 0xFE, 0x03, 0xFF, 0xC0,
    0x7F, 0xF8, 0x0F, 0xFF, 0x01, 0xFF, 0xE0, 0x3F, 0xFC, 0x07, 0xFF, 0x80, 0xFF, 0xF0, 0x1F, 0xFE,
    0x03, 0xFF, 0xC0, 0x7E, 0xF8, 0xFE, 0x1F, 0x7F, 0xE3, 0xFF, 0xFE, 0x7F, 0xFF, 0xEF, 0xFF, 0xFD,
    0xFC, 0x1F, 0xFF, 0x83, 0xFF, 0xE0, 0x3F, 0xFC, 0x07, 0xFF, 0x80, 0xFF, 0xF0, 0x1F, 0xFE, 0x03,
    0xFF, 0xC0, 0x7F, 0xF8, 0x0F, 0xFF, 0x83, 0xFF, 0xF0, 0x7F, 0xFF, 0xFF, 0xDF, 0xFF, 0xFB, 0xFF,
    0xFE, 0x7F, 0xFF, 0x8F, 0xCF, 0xE1, 0xF8, 0x00, 0x3F, 0x00, 0x07, 0xE0, 0x00, 0xFC, 0x00, 0x1F,
    0x80, 0x03, 0xF0, 0x00, 0x7E, 0x00, 0x0F, 0xC0, 0x01, 0xF8, 0x00, 0x00, 0x03, 0xFF, 0x07, 0xFF,
    0xC7, 0xFF, 0xE7, 0xFF, 0xE7, 0xFF, 0xF3, 0xF8, 0x13, 0xF8, 0x01, 0xFC, 0x00, 0xFC, 0x00, 0x7E,
    0x00, 0x3F, 0x00, 0x1F, 0x80, 0x0F, 0xC0, 0x07, 0xE0, 0x03, 0xF8, 0x01, 0xFE, 0x02, 0x7F, 0xFF,
    0x3F, 0xFF, 0x8F, 0xFF, 0xC3, 0xFF, 0xE0, 0x7F, 0xE0, 0xFF, 0xFF, 0xFF, 0xFF, 0xFF, 0xFF, 0xFF,
    0xFF, 0xFF, 0xFF, 0xFF, 0xC0, 0xFC, 0x00, 0x3F, 0x00, 0x0F, 0xC0, 0x03, 0xF0, 0x00, 0xFC, 0x00,
    0x3F, 0x00, 0x0F, 0xC0, 0x03, 0xF0, 0x00, 0xFC, 0x00, 0x3F, 0x00, 0x0F, 0xC0, 0x03, 0xF0, 0x00,
    0xFC, 0x00, 0x3F, 0x00, 0x0F, 0xC0, 0x03, 0xF0, 0x00, 0x7E, 0x00, 0xFC, 0xFE, 0x01, 0xF9, 0xFC,
    0x07, 0xF1, 0xF8, 0x0F, 0xC3, 0xF8, 0x1F, 0x83, 0xF0, 0x7F, 0x07, 0xE0, 0xFC, 0x0F, 0xE1, 0xF8,
    0x0F, 0xC7, 0xE0, 0x1F, 0x8F, 0xC0, 0x1F, 0x9F, 0x80, 0x3F, 0x7E, 0x00, 0x7E, 0xFC, 0x00, 0x7D,
    0xF8, 0x00, 0xFF, 0xE0, 0x01, 0xFF, 0xC0, 0x01, 0xFF, 0x80, 0x03, 0xFE, 0x00, 0x03, 0xFC, 0x00,
    0x07, 0xF0, 0x00, 0x0F, 0xE0, 0x00, 0x0F, 0xC0, 0x00, 0x3F, 0x00, 0x00, 0x7E, 0x00, 0x01, 0xF8,
    0x00, 0x7F, 0xF0, 0x00, 0xFF, 0xC0, 0x01, 0xFF, 0x80, 0x03, 0xFE, 0x00, 0x07, 0xF0, 0x00, 0x00,
    0x00, 0x1F, 0x80, 0x00, 0x03, 0xF0, 0x00, 0x00, 0x7E, 0x00, 0x00, 0x0F, 0xC0, 0x00, 0x01, 0xF8,
    0x00, 0x00, 0x3F, 0x00, 0x00, 0x07, 0xE0, 0x00, 0x00, 0xFC, 0x00, 0x03, 0xFF, 0xF8, 0x01, 0xFF,
    0xFF, 0xC0, 0x7F, 0xFF, 0xFC, 0x1F, 0xFF, 0xFF, 0xC7, 0xFF, 0xFF, 0xFC, 0xFE, 0x3F, 0x3F, 0xBF,
    0x87, 0xE3, 0xFF, 0xF0, 0xFC, 0x7F, 0xFC, 0x1F, 0x87, 0xFF, 0x83, 0xF0, 0xFF, 0xF0, 0x7E, 0x1F,
    0xFE, 0x0F, 0xC3, 0xFF, 0xC1, 0xF8, 0x7F, 0xFC, 0x3F, 0x1F, 0xFF, 0x87, 0xE3, 0xFB, 0xF8, 0xFC,
    0xFE, 0x7F, 0xFF, 0xFF, 0xC7, 0xFF, 0xFF, 0xF0, 0x7F, 0xFF, 0xFC, 0x07, 0xFF, 0xFF, 0x00, 0x1F,
    0xFF, 0x80, 0x00, 0x3F, 0x00, 0x00, 0x07, 0xE0, 0x00, 0x00, 0xFC, 0x00, 0x00, 0x1F, 0x80, 0x00,
    0x03, 0xF0, 0x00, 0x00, 0x7E, 0x00, 0x00, 0x0F, 0xC0, 0x00, 0x01, 0xF8, 0x00, 0x00, 0x3F, 0x00,
    0x00, 0x7F, 0x01, 0xFC, 0xFE, 0x0F, 0xE3, 0xF8, 0x3F, 0x07, 0xF1, 0xFC, 0x1F, 0xCF, 0xE0, 0x3F,
    0xBF, 0x80, 0x7F, 0xFC, 0x01, 0xFF, 0xE0, 0x03, 0xFF, 0x80, 0x07, 0xFC, 0x00, 0x1F, 0xF0, 0x00,
    0xFF, 0xC0, 0x03, 0xFF, 0x80, 0x1F, 0xFF, 0x00, 0xFF, 0xFC, 0x03, 0xFB, 0xF8, 0x1F, 0xC7, 0xE0,
    0xFE, 0x1F, 0xC3, 0xF8, 0x3F, 0x9F, 0xC0, 0xFE, 0x7F, 0x01, 0xFC, 0xFC, 0x07, 0xE3, 0xF0, 0x1F,
    0x8F, 0xC0, 0x7E, 0x3F, 0x01, 0xF8, 0xFC, 0x07, 0xE3, 0xF0, 0x1F, 0x8F, 0xC0, 0x7E, 0x3F, 0x01,
    0xF8, 0xFC, 0x07, 0xE3, 0xF0, 0x1F, 0x8F, 0xC0, 0x7E, 0x3F, 0x01, 0xF8, 0xFC, 0x07, 0xE3, 0xF0,
    0x1F, 0x8F, 0xC0, 0x7E, 0x3F, 0x01, 0xF8, 0xFF, 0xFF, 0xFF, 0xFF, 0xFF, 0xFF, 0xFF, 0xFF, 0xFF,
    0xFF, 0xFF, 0xFF, 0xFF, 0xFC, 0x00, 0x03, 0xF0, 0x00, 0x0F, 0xC0, 0x00, 0x3F, 0x00, 0x00, 0xFC,
    0x00, 0x03, 0xF0, 0x00, 0x0F, 0xC0, 0xFC, 0x07, 0xFF, 0x80, 0xFF, 0xF0, 0x1F, 0xFE, 0x03, 0xFF,
    0xC0, 0x7F, 0xF8, 0x0F, 0xFF, 0x01, 0xFF, 0xE0, 0x3F, 0xFE, 0x07, 0xFF, 0xE3, 0xFF, 0xFF, 0xFF,
    0xBF, 0xFF, 0xF7, 0xFF, 0xFE, 0x3F, 0xFF, 0xC1, 0xF1, 0xF8, 0x00, 0x3F, 0x00, 0x07, 0xE0, 0x00,
    0xFC, 0x00, 0x1F, 0x80, 0x03, 0xF0, 0x00, 0x7E, 0xFC, 0x0F, 0xC0, 0xFF, 0xF0, 0x3F, 0x03, 0xFF,
    0xC0, 0xFC, 0x0F, 0xFF, 0x03, 0xF0, 0x3F, 0xFC, 0x0F, 0xC0, 0xFF, 0xF0, 0x3F, 0x03, 0xFF, 0xC0,
    0xFC, 0x0F, 0xFF, 0x03, 0xF0, 0x3F, 0xFC, 0x0F, 0xC0, 0xFF, 0xF0, 0x3F, 0x03, 0xFF, 0xC0, 0xFC,
    0x0F, 0xFF, 0x03, 0xF0, 0x3F, 0xFC, 0x0F, 0xC0, 0xFF, 0xF0, 0x3F, 0x03, 0xFF, 0xC0, 0xFC, 0x0F,
    0xFF, 0x03, 0xF0, 0x3F, 0xFF, 0xFF, 0xFF, 0xFF, 0xFF, 0xFF, 0xFF, 0xFF, 0xFF, 0xFF, 0xFF, 0xFF,
    0xFF, 0xFF, 0xFF, 0xFF, 0xFF, 0xFF, 0xFC, 0xFC, 0x0F, 0xC0, 0xFC, 0x7E, 0x07, 0xE0, 0x7E, 0x3F,
    0x03, 0xF0, 0x3F, 0x1F, 0x81, 0xF8, 0x1F, 0x8F, 0xC0, 0xFC, 0x0F, 0xC7, 0xE0, 0x7E, 0x07, 0xE3,
    0xF0, 0x3F, 0x03, 0xF1, 0xF8, 0x1F, 0x81, 0xF8, 0xFC, 0x0F, 0xC0, 0xFC, 0x7E, 0x07, 0xE0, 0x7E,
    0x3F, 0x03, 0xF0, 0x3F, 0x1F, 0x81, 0xF8, 0x1F, 0x8F, 0xC0, 0xFC, 0x0F, 0xC7, 0xE0, 0x7E, 0x07,
    0xE3, 0xF0, 0x3F, 0x03, 0xF1, 0xF8, 0x1F, 0x81, 0xF8, 0xFF, 0xFF, 0xFF, 0xFF, 0xFF, 0xFF, 0xFF,
    0xFF, 0xFF, 0xFF, 0xFF, 0xFF, 0xFF, 0xFF, 0xFF, 0xFF, 0xFF, 0xFF, 0xFF, 0xFF, 0xF8, 0x00, 0x00,
    0x00, 0xFC, 0x00, 0x00, 0x00, 0x7E, 0x00, 0x00, 0x00, 0x3F, 0x00, 0x00, 0x00, 0x1F, 0x80, 0x00,
    0x00, 0x0F, 0xC0, 0x00, 0x00, 0x07, 0xE0, 0xFF, 0xF0, 0x00, 0xFF, 0xF0, 0x00, 0xFF, 0xF0, 0x00,
    0xFF, 0xF0, 0x00, 0xFF, 0xF0, 0x00, 0x03, 0xF0, 0x00, 0x03, 0xF0, 0x00, 0x03, 0xFF, 0xF0, 0x03,
    0xFF, 0xFC, 0x03, 0xFF, 0xFE, 0x03, 0xFF, 0xFE, 0x03, 0xFF, 0xFF, 0x03, 0xF0, 0x7F, 0x03, 0xF0,
    0x3F, 0x03, 0xF0, 0x3F, 0x03, 0xF0, 0x7F, 0x03, 0xFF, 0xFF, 0x03, 0xFF, 0xFE, 0x03, 0xFF, 0xFE,
    0x03, 0xFF, 0xFC, 0x03, 0xFF, 0xF0, 0xFC, 0x00, 0x0F, 0xFF, 0x00, 0x03, 0xFF, 0xC0, 0x00, 0xFF,
    0xF0, 0x00, 0x3F, 0xFC, 0x00, 0x0F, 0xFF, 0x00, 0x03, 0xFF, 0xFE, 0x00, 0xFF, 0xFF, 0xF0, 0x3F,
    0xFF, 0xFF, 0x0F, 0xFF, 0xFF, 0xE3, 0xFF, 0xFF, 0xF8, 0xFF, 0xF0, 0xFF, 0x3F, 0xFC, 0x1F, 0xCF,
    0xFF, 0x03, 0xF3, 0xFF, 0xC0, 0xFC, 0xFF, 0xF0, 0x7F, 0x3F, 0xFF, 0xFF, 0xCF, 0xFF, 0xFF, 0xE3,
    0xFF, 0xFF, 0xF8, 0xFF, 0xFF, 0xFC, 0x3F, 0xFF, 0xFC, 0x0F, 0xC0, 0xFC, 0x00, 0x3F, 0x00, 0x0F,
    0xC0, 0x03, 0xF0, 0x00, 0xFC, 0x00, 0x3F, 0x00, 0x0F, 0xC0, 0x03, 0xFF, 0xF0, 0xFF, 0xFF, 0x3F,
    0xFF, 0xEF, 0xFF, 0xFB, 0xFF, 0xFF, 0xFC, 0x1F, 0xFF, 0x03, 0xFF, 0xC0, 0xFF, 0xF0, 0x7F, 0xFF,
    0xFF, 0xFF, 0xFF, 0xEF, 0xFF, 0xFB, 0xFF, 0xFC, 0xFF, 0xFC, 0x00, 0x3F, 0xF0, 0x1F, 0xFF, 0x07,
    0xFF, 0xE1, 0xFF, 0xFC, 0x3F, 0xFF, 0x80, 0x0F, 0xE0, 0x01, 0xFC, 0x00, 0x7F, 0x1F, 0xFF, 0xC7,
    0xFF, 0xF1, 0xFF, 0xFC, 0x7F, 0xFF, 0x0F, 0xFF, 0xC0, 0x07, 0xF0, 0x01, 0xFD, 0x00, 0xFE, 0x7F,
    0xFF, 0x9F, 0xFF, 0xC7, 0xFF, 0xE1, 0xFF, 0xF0, 0x3F, 0xF0, 0x00, 0xFC, 0x07, 0xFC, 0x1F, 0x81,
    0xFF, 0xE3, 0xF0, 0xFF, 0xFE, 0x7E, 0x1F, 0xFF, 0xCF, 0xC7, 0xFF, 0xFD, 0xF8, 0xFE, 0x1F, 0xFF,
    0x3F, 0x83, 0xFF, 0xE7, 0xF0, 0x3F, 0xFF, 0xFC, 0x07, 0xFF, 0xFF, 0x80, 0xFF, 0xFF, 0xF0, 0x1F,
    0xFF, 0xFE, 0x03, 0xFF, 0xFF, 0xC0, 0x7F, 0xF9, 0xFC, 0x0F, 0xFF, 0x3F, 0x83, 0xFF, 0xE3, 0xF8,
    0x7F, 0xFC, 0x7F, 0xFF, 0xDF, 0x87, 0xFF, 0xFB, 0xF0, 0x7F, 0xFE, 0x7E, 0x07, 0xFF, 0x8F, 0xC0,
    0x7F, 0xC0, 0x03, 0xFF, 0xF0, 0xFF, 0xFF, 0x1F, 0xFF, 0xF3, 0xFF, 0xFF, 0x3F, 0xFF, 0xF3, 0xF8,
    0x3F, 0x3F, 0x03, 0xF3, 0xF0, 0x3F, 0x3F, 0x83, 0xF3, 0xFF, 0xFF, 0x3F, 0xFF, 0xF1, 0xFF, 0xFF,
    0x0F, 0xFF, 0xF0, 0x7F, 0xFF, 0x0F, 0xF3, 0xF0, 0xFE, 0x3F, 0x1F, 0xC3, 0xF3, 0xFC, 0x3F, 0x3F,
    0x83, 0xF7, 0xF0, 0x3F, 0xFE, 0x03, 0xF0, 0x1F, 0xC0, 0x03, 0xF8, 0x00, 0x3F, 0x80, 0x03, 0xF8,
    0x00, 0x1F, 0x00, 0x01, 0xF0, 0x00, 0x1E, 0x00, 0x00, 0x00, 0x00, 0x00, 0x00, 0xFF, 0x80, 0x3F,
    0xFC, 0x1F, 0xFF, 0xC3, 0xFF, 0xFC, 0xFF, 0xFF, 0x9F, 0x83, 0xFF, 0xE0, 0x3F, 0xFF, 0xFF, 0xFF,
    0xFF, 0xFF, 0xFF, 0xFF, 0xFF, 0xFF, 0xFF, 0xFF, 0xFF, 0xF8, 0x00, 0x3F, 0x00, 0x07, 0xF0, 0x00,
    0x7F, 0x00, 0xCF, 0xFF, 0xF8, 0xFF, 0xFF, 0x0F, 0xFF, 0xE0, 0xFF, 0xFC, 0x07, 0xFE, 0x00, 0x1F,
    0x1F, 0x03, 0xF3, 0xF0, 0x7E, 0x7E, 0x0F, 0xCF, 0xC1, 0xF1, 0xF0, 0x00, 0x00, 0x00, 0x00, 0x00,
    0x00, 0x00, 0x07, 0xFC, 0x01, 0xFF, 0xE0, 0xFF, 0xFE, 0x1F, 0xFF, 0xE7, 0xFF, 0xFC, 0xFC, 0x1F,
    0xFF, 0x01, 0xFF, 0xFF, 0xFF, 0xFF, 0xFF, 0xFF, 0xFF, 0xFF, 0xFF, 0xFF, 0xFF, 0xFF, 0xFF, 0xC0,
    0x01, 0xF8, 0x00, 0x3F, 0x80, 0x03, 0xF8, 0x06, 0x7F, 0xFF, 0xC7, 0xFF, 0xF8, 0x7F, 0xFF, 0x07,
    0xFF, 0xE0, 0x3F, 0xF0, 0x1F, 0x80, 0x00, 0x7E, 0x00, 0x0F, 0xFF, 0xE0, 0x3F, 0xFF, 0x80, 0xFF,
    0xFE, 0x03, 0xFF, 0xF8, 0x0F, 0xFF, 0xE0, 0x07, 0xE0, 0x00, 0x1F, 0x80, 0x00, 0x7E, 0x1E, 0x01,
    0xFB, 0xFE, 0x07, 0xFF, 0xFC, 0x1F, 0xFF, 0xF8, 0x7F, 0xFF, 0xE1, 0xFF, 0x3F, 0xC7, 0xF0, 0x7F,
    0x1F, 0xC1, 0xFC, 0x7E, 0x03, 0xF1, 0xF8, 0x0F, 0xC7, 0xE0, 0x3F, 0x1F, 0x80, 0xFC, 0x7E, 0x03,
    0xF1, 0xF8, 0x0F, 0xC7, 0xE0, 0x3F, 0x1F, 0x80, 0xFC, 0x7E, 0x03, 0xF1, 0xF8, 0x0F, 0xC7, 0xE0,
    0x3F, 0x1F, 0x80, 0xFC, 0x00, 0x03, 0xF0, 0x00, 0x0F, 0xC0, 0x00, 0x7F, 0x00, 0x01, 0xFC, 0x00,
    0xFF, 0xF0, 0x03, 0xFF, 0x80, 0x0F, 0xFE, 0x00, 0x3F, 0xF0, 0x00, 0xFF, 0x00, 0x00, 0xFE, 0x03,
    0xF8, 0x0F, 0xE0, 0x1F, 0x80, 0x7E, 0x01, 0xF8, 0x00, 0x00, 0x00, 0x00, 0xFF, 0xFD, 0xFF, 0xFB,
    0xFF, 0xF7, 0xFF, 0xEF, 0xFF, 0xDF, 0x80, 0x3F, 0x00, 0x7E, 0x00, 0xFC, 0x01, 0xF8, 0x03, 0xF0,
    0x07, 0xE0, 0x0F, 0xC0, 0x1F, 0x80, 0x3F, 0x00, 0x7E, 0x00, 0xFC, 0x01, 0xF8, 0x03, 0xF0, 0x07,
    0xE0, 0x0F, 0xC0, 0x00, 0x03, 0xFF, 0x07, 0xFF, 0xC7, 0xFF, 0xE7, 0xFF, 0xE7, 0xFF, 0xF3, 0xF8,
    0x03, 0xF8, 0x01, 0xFC, 0x00, 0xFF, 0xFC, 0x7F, 0xFE, 0x3F, 0xFF, 0x1F, 0xFF, 0x8F, 0xFF, 0xC7,
    0xE0, 0x03, 0xF8, 0x01, 0xFE, 0x02, 0x7F, 0xFF, 0x3F, 0xFF, 0x8F, 0xFF, 0xC3, 0xFF, 0xE0, 0x7F,
    0xE0, 0x1F, 0xFC, 0x3F, 0xFF, 0x7F, 0xFE, 0xFF, 0xFE, 0xFF, 0xFE, 0xFC, 0x0C, 0xFC, 0x00, 0xFF,
    0x00, 0xFF, 0xE0, 0x7F, 0xF8, 0x3F, 0xFC, 0x0F, 0xFE, 0x03, 0xFF, 0x00, 0xFF, 0x00, 0x3F, 0xC0,
    0x7F, 0xFF, 0xFF, 0xFF, 0xFE, 0xFF, 0xFE, 0xFF, 0xFC, 0x7F, 0xF0, 0xFB, 0xFF, 0xFF, 0xFF, 0xE0,
    0x00, 0xFF, 0xFF, 0xFF, 0xFF, 0xFF, 0xFF, 0xFF, 0xFF, 0xFF, 0xFF, 0xFF, 0xFF, 0xFF, 0xFF, 0xFF,
    0xFC, 0xF3, 0xFC, 0xFF, 0x3F, 0xCF, 0xF3, 0xFC, 0xF0, 0x00, 0x00, 0x3F, 0x0F, 0xC3, 0xF0, 0xFC,
    0x3F, 0x0F, 0xC3, 0xF0, 0xFC, 0x3F, 0x0F, 0xC3, 0xF0, 0xFC, 0x3F, 0x0F, 0xC3, 0xF0, 0xFC, 0x3F,
    0x0F, 0xC3, 0xF0, 0xFC, 0x3F, 0x00, 0x07, 0xC0, 0xFC, 0x1F, 0x83, 0xF0, 0x7E, 0x0F, 0x80, 0x00,
    0x00, 0x07, 0xE0, 0xFC, 0x1F, 0x83, 0xF0, 0x7E, 0x0F, 0xC1, 0xF8, 0x3F, 0x07, 0xE0, 0xFC, 0x1F,
    0x83, 0xF0, 0x7E, 0x0F, 0xC1, 0xF8, 0x3F, 0x07, 0xE0, 0xFC, 0x1F, 0x83, 0xF0, 0x7E, 0x0F, 0xC1,
    0xF8, 0x3F, 0x0F, 0xFF, 0xFF, 0xFF, 0x7F, 0xEF, 0xF9, 0xFE, 0x00, 0x07, 0xFF, 0xF8, 0x00, 0x03,
    0xFF, 0xFC, 0x00, 0x01, 0xFF, 0xFE, 0x00, 0x00, 0xFF, 0xFF, 0x00, 0x00, 0x7F, 0xFF, 0x80, 0x00,
    0x3E, 0x0F, 0xC0, 0x00, 0x1F, 0x07, 0xFF, 0x00, 0x0F, 0x83, 0xFF, 0xF8, 0x07, 0xC1, 0xFF, 0xFE,
    0x03, 0xE0, 0xFF, 0xFF, 0x81, 0xF0, 0x7F, 0xFF, 0xC0, 0xF8, 0x3F, 0x1F, 0xF0, 0x7C, 0x1F, 0x83,
    0xF8, 0x3E, 0x0F, 0xC0, 0xFC, 0x3F, 0x07, 0xE0, 0x7E, 0x1F, 0x83, 0xF0, 0x7F, 0xFF, 0xC1, 0xFF,
    0xFF, 0xFF, 0xC0, 0xFF, 0xFF, 0xBF, 0xE0, 0x7F, 0xFF, 0x9F, 0xE0, 0x3F, 0xFF, 0x8F, 0xE0, 0x1F,
    0xFF, 0x80, 0xFC, 0x0F, 0xC0, 0x03, 0xF0, 0x3F, 0x00, 0x0F, 0xC0, 0xFC, 0x00, 0x3F, 0x03, 0xF0,
    0x00, 0xFC, 0x0F, 0xC0, 0x03, 0xF0, 0x3F, 0x00, 0x0F, 0xC0, 0xFC, 0x00, 0x3F, 0xFF, 0xFF, 0xC0,
    0xFF, 0xFF, 0xFF, 0xE3, 0xFF, 0xFF, 0xFF, 0xEF, 0xFF, 0xFF, 0xFF, 0xBF, 0xFF, 0xFF, 0xFF, 0xFC,
    0x0F, 0xC3, 0xFF, 0xF0, 0x3F, 0x03, 0xFF, 0xC0, 0xFC, 0x0F, 0xFF, 0x03, 0xF0, 0x3F, 0xFC, 0x0F,
    0xFF, 0xFF, 0xF0, 0x3F, 0xFF, 0xFF, 0xC0, 0xFF, 0xFF, 0xBF, 0x03, 0xFF, 0xFC, 0xFC, 0x0F, 0xFF,
    0xC0, 0x1F, 0x80, 0x00, 0x7E, 0x00, 0x0F, 0xFF, 0xE0, 0x3F, 0xFF, 0x80, 0xFF, 0xFE, 0x03, 0xFF,
    0xF8, 0x0F, 0xFF, 0xE0, 0x07, 0xE0, 0x00, 0x1F, 0x80, 0x00, 0x7E, 0x1E, 0x01, 0xFB, 0xFE, 0x07,
    0xFF, 0xFC, 0x1F, 0xFF, 0xF8, 0x7F, 0xFF, 0xE1, 0xFF, 0x3F, 0xC7, 0xF0, 0x7F, 0x1F, 0xC1, 0xFC,
    0x7E, 0x03, 0xF1, 0xF8, 0x0F, 0xC7, 0xE0, 0x3F, 0x1F, 0x80, 0xFC, 0x7E, 0x03, 0xF1, 0xF8, 0x0F,
    0xC7, 0xE0, 0x3F, 0x1F, 0x80, 0xFC, 0x7E, 0x03, 0xF1, 0xF8, 0x0F, 0xC7, 0xE0, 0x3F, 0x1F, 0x80,
    0xFC, 0x00, 0x3F, 0x80, 0x07, 0xF0, 0x00, 0x7E, 0x00, 0x0F, 0xC0, 0x01, 0xF8, 0x00, 0x1F, 0x00,
    0x00, 0x00, 0x00, 0x00, 0x00, 0xFC, 0x07, 0xEF, 0xC0, 0xFE, 0xFC, 0x1F, 0xCF, 0xC1, 0xF8, 0xFC,
    0x3F, 0x8F, 0xC7, 0xF0, 0xFC, 0xFE, 0x0F, 0xCF, 0xC0, 0xFF, 0xFC, 0x0F, 0xFF, 0x80, 0xFF, 0xF8,
    0x0F, 0xFF, 0xC0, 0xFF, 0xFE, 0x0F, 0xCF, 0xE0, 0xFC, 0x7F, 0x0F, 0xC7, 0xF8, 0xFC, 0x3F, 0x8F,
    0xC1, 0xFC, 0xFC, 0x1F, 0xEF, 0xC0, 0xFE, 0xFC, 0x07, 0xF0, 0x1F, 0xC0, 0x00, 0xFE, 0x00, 0x07,
    0xF0, 0x00, 0x3F, 0x00, 0x01, 0xF8, 0x00, 0x07, 0xC0, 0x00, 0x00, 0x00, 0x00, 0x00, 0xFC, 0x0F,
    0xFF, 0xC0, 0xFF, 0xFC, 0x1F, 0xFF, 0xC1, 0xFF, 0xFC, 0x3F, 0xFF, 0xC3, 0xFF, 0xFC, 0x7F, 0xFF,
    0xC7, 0xFF, 0xFC, 0xFB, 0xFF, 0xCF, 0xBF, 0xFD, 0xF3, 0xFF, 0xDF, 0x3F, 0xFF, 0xE3, 0xFF, 0xFE,
    0x3F, 0xFF, 0xC3, 0xFF, 0xFC, 0x3F, 0xFF, 0x83, 0xFF, 0xF8, 0x3F, 0xFF, 0x03, 0xFF, 0xF0, 0x3F,
    0xFE, 0x03, 0xF0, 0x07, 0xC3, 0xF0, 0x0F, 0x87, 0xC0, 0x1F, 0x9F, 0x80, 0x1F, 0xFF, 0x00, 0x3F,
    0xFC, 0x00, 0x1F, 0xE0, 0x00, 0x00, 0x00, 0x00, 0x00, 0x00, 0x7E, 0x00, 0xFC, 0xFE, 0x01, 0xF9,
    0xFC, 0x07, 0xF1, 0xF8, 0x0F, 0xC3, 0xF8, 0x1F, 0x83, 0xF0, 0x7F, 0x07, 0xE0, 0xFC, 0x0F, 0xE1,
    0xF8, 0x0F, 0xC7, 0xE0, 0x1F, 0x8F, 0xC0, 0x1F, 0x9F, 0x80, 0x3F, 0x7E, 0x00, 0x7E, 0xFC, 0x00,
    0x7D, 0xF8, 0x00, 0xFF, 0xE0, 0x01, 0xFF, 0xC0, 0x01, 0xFF, 0x80, 0x03, 0xFE, 0x00, 0x03, 0xFC,
    0x00, 0x07, 0xF0, 0x00, 0x0F, 0xE0, 0x00, 0x0F, 0xC0, 0x00, 0x3F, 0x00, 0x00, 0x7E, 0x00, 0x01,
    0xF8, 0x00, 0x7F, 0xF0, 0x00, 0xFF, 0xC0, 0x01, 0xFF, 0x80, 0x03, 0xFE, 0x00, 0x07, 0xF0, 0x00,
    0x00, 0xFC, 0x07, 0xFF, 0x80, 0xFF, 0xF0, 0x1F, 0xFE, 0x03, 0xFF, 0xC0, 0x7F, 0xF8, 0x0F, 0xFF,
    0x01, 0xFF, 0xE0, 0x3F, 0xFC, 0x07, 0xFF, 0x80, 0xFF, 0xF0, 0x1F, 0xFE, 0x03, 0xFF, 0xC0, 0x7F,
    0xF8, 0x0F, 0xFF, 0x01, 0xFF, 0xE0, 0x3F, 0xFF, 0xFF, 0xFF, 0xFF, 0xFF, 0xFF, 0xFF, 0xFF, 0xFF,
    0xFF, 0xFF, 0xFE, 0x07, 0xE0, 0x00, 0xFC, 0x00, 0x1F, 0x80, 0x03, 0xF0, 0x00, 0x7E, 0x00, 0x0F,
    0xC0, 0x00, 0xFC, 0x03, 0xF0, 0x0F, 0xFF, 0x00, 0xFC, 0x03, 0xFF, 0xC0, 0x3F, 0x00, 0xFF, 0xF0,
    0x0F, 0xC0, 0x3F, 0xFC, 0x03, 0xF0, 0x0F, 0xFF, 0x00, 0xFC, 0x03, 0xFF, 0xE0, 0x3F, 0x80, 0xFF,
    0xF8, 0x0F, 0xE0, 0x3F, 0xFE, 0x03, 0xF8, 0x0F, 0xDF, 0x80, 0xFE, 0x07, 0xF7, 0xE0, 0x3F, 0x81,
    0xFD, 0xFC, 0x1F, 0xF0, 0x7E, 0x7F, 0x07, 0xFC, 0x1F, 0x8F, 0xC1, 0xFF, 0x07, 0xE3, 0xF0, 0xFF,
    0xC1, 0xF8, 0xFE, 0x3F, 0xF8, 0xFC, 0x1F, 0x8F, 0xFE, 0x3F, 0x07, 0xE7, 0xFF, 0x8F, 0xC1, 0xFD,
    0xFF, 0xF7, 0xF0, 0x3F, 0x7C, 0xFD, 0xF8, 0x0F, 0xFF, 0x3F, 0x7E, 0x01, 0xFF, 0xCF, 0xFF, 0x00,
    0x7F, 0xE1, 0xFF, 0xC0, 0x1F, 0xF8, 0x7F, 0xE0, 0x03, 0xFE, 0x0F, 0xF8, 0x00, 0x7F, 0x83, 0xFC,
    0x00, 0x1F, 0xC0, 0x7F, 0x00, 0xFC, 0x07, 0xE0, 0x7F, 0xF8, 0x0F, 0xC0, 0xFF, 0xF0, 0x1F, 0x81,
    0xFF, 0xE0, 0x3F, 0x03, 0xFF, 0xC0, 0x7E, 0x07, 0xFF, 0xC0, 0xFC, 0x0F, 0xFF, 0x81, 0xFC, 0x3F,
    0xBF, 0x01, 0xF8, 0x7F, 0x7E, 0x07, 0xF0, 0xFC, 0xFC, 0x0F, 0xE1, 0xF9, 0xFC, 0x3F, 0xE3, 0xF1,
    0xF8, 0x7F, 0xCF, 0xC3, 0xF1, 0xFF, 0x9F, 0x83, 0xF3, 0xFF, 0x3F, 0x07, 0xEF, 0xFF, 0xFC, 0x0F,
    0xFF, 0x7F, 0xF8, 0x0F, 0xFE, 0x7F, 0xE0, 0x1F, 0xF8, 0xFF, 0xC0, 0x1F, 0xF0, 0xFF, 0x00, 0x3F,
    0xC1, 0xFE, 0x00, 0x3F, 0x81, 0xF8, 0x00, 0x07, 0xE0, 0x00, 0x07, 0xE0, 0x00, 0x07, 0xE0, 0x00,
    0xFF, 0xFF, 0x80, 0xFF, 0xFF, 0x80, 0xFF, 0xFF, 0x80, 0xFF, 0xFF, 0x80, 0xFF, 0xFF, 0x80, 0x07,
    0xE0, 0x00, 0x07, 0xE0, 0x00, 0x07, 0xFF, 0x00, 0x07, 0xFF, 0xE0, 0x07, 0xFF, 0xF8, 0x07, 0xFF,
    0xFC, 0x07, 0xFF, 0xFE, 0x07, 0xE3, 0xFE, 0x07, 0xE0, 0x7F, 0x07, 0xE0, 0x7F, 0x07, 0xE0, 0x3F,
    0x07, 0xE0, 0x3F, 0x07, 0xE0, 0x7F, 0x07, 0xE0, 0xFF, 0x07, 0xFF, 0xFE, 0x07, 0xFF, 0xFE, 0x07,
    0xFF, 0xFC, 0x07, 0xFF, 0xF8, 0x07, 0xFF, 0xE0, 0x0F, 0xC0, 0x00, 0x1F, 0x80, 0x00, 0x3F, 0x00,
    0x00, 0x7E, 0x00, 0x0F, 0xFF, 0xF8, 0x1F, 0xFF, 0xF0, 0x3F, 0xFF, 0xE0, 0x7F, 0xFF, 0xC0, 0xFF,
    0xFF, 0x80, 0x1F, 0x80, 0x00, 0x3F, 0x00, 0x00, 0x7E, 0x00, 0x00, 0xFF, 0xFE, 0x01, 0xFF, 0xFF,
    0x03, 0xFF, 0xFF, 0x07, 0xFF, 0xFF, 0x0F, 0xFF, 0xFE, 0x1F, 0x80, 0xFC, 0x3F, 0x01, 0xF8, 0x7E,
    0x03, 0xF0, 0xFF, 0xFF, 0xE1, 0xFF, 0xFF, 0xC3, 0xFF, 0xFF, 0x07, 0xFF, 0xFC, 0x0F, 0xFF, 0xE0,
    0xFC, 0x00, 0x7F, 0xF8, 0xFC, 0x01, 0xFF, 0xFE, 0xFC, 0x03, 0xFF, 0xFE, 0xFC, 0x07, 0xFF, 0xFE,
    0xFC, 0x0F, 0xFF, 0xFC, 0xFC, 0x1F, 0xE0, 0x1C, 0xFC, 0x1F, 0xC0, 0x00, 0xFC, 0x3F, 0x80, 0x00,
    0xFC, 0x3F, 0x00, 0x00, 0xFC, 0x7F, 0x00, 0x00, 0xFF, 0xFF, 0xFF, 0xE0, 0xFF, 0xFF, 0xFF, 0xE0,
    0xFF, 0xFF, 0xFF, 0xE0, 0xFF, 0xFF, 0xFF, 0xE0, 0xFF, 0xFF, 0xFF, 0xE0, 0xFC, 0x7F, 0x00, 0x00,
    0xFC, 0x7F, 0x00, 0x00, 0xFC, 0x7F, 0x00, 0x00, 0xFC, 0x3F, 0x80, 0x00, 0xFC, 0x3F, 0x80, 0x00,
    0xFC, 0x3F, 0xC0, 0x00, 0xFC, 0x1F, 0xE0, 0x0C, 0xFC, 0x0F, 0xFF, 0xFC, 0xFC, 0x0F, 0xFF, 0xFC,
    0xFC, 0x07, 0xFF, 0xFC, 0xFC, 0x01, 0xFF, 0xFC, 0xFC, 0x00, 0x7F, 0xFC, 0xFC, 0x01, 0xFF, 0x9F,
    0x80, 0xFF, 0xFB, 0xF0, 0x3F, 0xFF, 0x7E, 0x0F, 0xFF, 0xEF, 0xC3, 0xFF, 0xF9, 0xF8, 0x7F, 0x01,
    0x3F, 0x0F, 0xC0, 0x07, 0xE3, 0xF8, 0x00, 0xFF, 0xFF, 0xFE, 0x1F, 0xFF, 0xFF, 0xC3, 0xFF, 0xFF,
    0xF8, 0x7F, 0xFF, 0xFF, 0x0F, 0xFF, 0xFF, 0xE1, 0xF8, 0xFE, 0x00, 0x3F, 0x0F, 0xC0, 0x07, 0xE1,
    0xFC, 0x06, 0xFC, 0x3F, 0xFF, 0xDF, 0x83, 0xFF, 0xFB, 0xF0, 0x3F, 0xFF, 0x7E, 0x03, 0xFF, 0xEF,
    0xC0, 0x1F, 0xF8, 0x00, 0x3F, 0xE0, 0x00, 0x01, 0xFF, 0x00, 0x00, 0x0F, 0xF8, 0x00, 0x00, 0xFF,
    0xE0, 0x00, 0x07, 0xFF, 0x00, 0x00, 0x3E, 0xF8, 0x00, 0x03, 0xF7, 0xE0, 0x00, 0x1F, 0x1F, 0x00,
    0x01, 0xF8, 0xFC, 0x00, 0x0F, 0xC7, 0xE0, 0x00, 0x7C, 0x1F, 0x00, 0x07, 0xFF, 0xFC, 0x00, 0x3F,
    0xFF, 0xE0, 0x03, 0xFF, 0xFF, 0x00, 0x1F, 0xFF, 0xFC, 0x00, 0xFF, 0xFF, 0xE0, 0x0F, 0xCF, 0x9F,
    0x80, 0x7E, 0x7C, 0xFC, 0x03, 0xE3, 0xE7, 0xE0, 0x3F, 0x1F, 0x1F, 0x81, 0xF8, 0xF8, 0xFC, 0x1F,
    0x87, 0xC7, 0xE0, 0xFC, 0x3E, 0x1F, 0x87, 0xE1, 0xF0, 0xFC, 0x7F, 0x0F, 0x87, 0xF3, 0xF0, 0x7C,
    0x1F, 0x9F, 0x83, 0xE0, 0xFC, 0x00, 0xFF, 0x00, 0x00, 0x7F, 0xC0, 0x00, 0x3F, 0xE0, 0x00, 0x3F,
    0xF8, 0x00, 0x1F, 0x7C, 0x00, 0x1F, 0xBF, 0x00, 0x0F, 0x9F, 0x80, 0x07, 0xC7, 0xC0, 0x07, 0xE3,
    0xF0, 0x03, 0xFF, 0xF8, 0x03, 0xFF, 0xFE, 0x01, 0xFF, 0xFF, 0x00, 0xFF, 0xFF, 0x80, 0xFD, 0xF7,
    0xE0, 0x7C, 0xF9, 0xF0, 0x7E, 0x7C, 0xFC, 0x3F, 0x3E, 0x7E, 0x3F, 0x1F, 0x1F, 0x9F, 0x8F, 0x8F,
    0xCF, 0xC7, 0xC7, 0xEF, 0xC3, 0xE1, 0xF8, 0xFC, 0x00, 0xFF, 0x80, 0x1F, 0x80, 0x1F, 0xF0, 0x03,
    0xF0, 0x03, 0xFE, 0x00, 0x7E, 0x00, 0xFF, 0xE0, 0x0F, 0xC0, 0x1F, 0xFC, 0x01, 0xF8, 0x03, 0xEF,
    0x80, 0x3F, 0x00, 0xFD, 0xF8, 0x07, 0xE0, 0x1F, 0x1F, 0x00, 0xFC, 0x03, 0xE3, 0xF0, 0x1F, 0x80,
    0xFC, 0x7E, 0x03, 0xF0, 0x1F, 0x07, 0xC0, 0x7F, 0xFF, 0xFF, 0xFC, 0x0F, 0xFF, 0xFF, 0xFF, 0x81,
    0xFF, 0xFF, 0xFF, 0xF0, 0x3F, 0xFF, 0xFF, 0xFF, 0x07, 0xFF, 0xFF, 0xFF, 0xE0, 0xFC, 0x3F, 0x3E,
    0x7E, 0x1F, 0x87, 0xE7, 0xCF, 0xC3, 0xF0, 0xFC, 0xF9, 0xF8, 0x7E, 0x3F, 0x1F, 0x1F, 0x8F, 0xC7,
    0xE3, 0xE3, 0xF1, 0xF8, 0xFC, 0x7C, 0x7E, 0x3F, 0x3F, 0x0F, 0x87, 0xE7, 0xE7, 0xE1, 0xF0, 0xFC,
    0xFD, 0xFC, 0x3E, 0x1F, 0xDF, 0xBF, 0x07, 0xC1, 0xFB, 0xF7, 0xE0, 0xF8, 0x3F, 0x00, 0xF8, 0x03,
    0xFC, 0x01, 0xF0, 0x07, 0xFC, 0x03, 0xE0, 0x0F, 0xF8, 0x07, 0xC0, 0x3F, 0xF8, 0x0F, 0x80, 0x7D,
    0xF0, 0x1F, 0x01, 0xFB, 0xF0, 0x3E, 0x03, 0xF7, 0xE0, 0x7F, 0xFF, 0xC7, 0xC0, 0xFF, 0xFF, 0x8F,
    0xC1, 0xFF, 0xFF, 0xFF, 0x83, 0xFF, 0xFF, 0xFF, 0x87, 0xFF, 0xFF, 0xFF, 0x0F, 0x83, 0xEF, 0xBE,
    0x1F, 0x0F, 0xDF, 0x7E, 0x3E, 0x1F, 0x3E, 0x7C, 0x7C, 0x3E, 0x7C, 0xFC, 0xF8, 0xFC, 0xF9, 0xF9,
    0xF1, 0xF1, 0xF1, 0xFB, 0xE3, 0xE3, 0xE3, 0xF7, 0xCF, 0xC7, 0xC7, 0xEF, 0x9F, 0x8F, 0x87, 0xE0,
    0x1F, 0xFF, 0xFF, 0xE0, 0x7F, 0xFF, 0xFF, 0x81, 0xFF, 0xFF, 0xFE, 0x07, 0xFF, 0xFF, 0xF0, 0x0F,
    0xFF, 0xFF, 0xC0, 0x1F, 0xC0, 0xFE, 0x00, 0x3F, 0x07, 0xF0, 0x00, 0x7E, 0x1F, 0x80, 0x01, 0xFC,
    0xFC, 0x00, 0x03, 0xFF, 0xE0, 0x00, 0x07, 0xFF, 0x80, 0x00, 0x3F, 0xFF, 0x00, 0x03, 0xFF, 0xFF,
    0x00, 0x1F, 0xFF, 0xFC, 0x00, 0x7F, 0xFF, 0xF8, 0x03, 0xFF, 0xFF, 0xF0, 0x0F, 0xCF, 0xDF, 0xC0,
    0x7F, 0x3F, 0x3F, 0x81, 0xF8, 0xFC, 0xFE, 0x07, 0xE3, 0xF1, 0xF8, 0x3F, 0x8F, 0xC7, 0xF0, 0xFC,
    0x3F, 0x1F, 0xC3, 0xF0, 0xFC, 0x3F, 0x1F, 0xC3, 0xF0, 0xFE, 0x7E, 0x0F, 0xC3, 0xF9, 0xF8, 0x3F,
    0x07, 0xEF, 0xE0, 0xFC, 0x1F, 0xC0, 0x3F, 0xFF, 0xFC, 0x3F, 0xFF, 0xFC, 0x3F, 0xFF, 0xFC, 0x3F,
    0xFF, 0xF8, 0x1F, 0xFF, 0xF8, 0x0F, 0xC7, 0xF0, 0x07, 0xC7, 0xE0, 0x07, 0xEF, 0xC0, 0x03, 0xFF,
    0x80, 0x03, 0xFF, 0xC0, 0x0F, 0xFF, 0xE0, 0x0F, 0xFF, 0xF0, 0x1F, 0xFF, 0xF8, 0x1F, 0x7D, 0xF8,
    0x3E, 0x7C, 0xF8, 0x3E, 0x7C, 0xFC, 0x3E, 0x7C, 0xFC, 0x7C, 0x7C, 0x7E, 0x7C, 0x7C, 0x7E, 0x7C,
    0x7C, 0x3E, 0xFC, 0x7C, 0x3F, 0xFC, 0x3F, 0xFF, 0xFF, 0xC7, 0xE1, 0xFF, 0xFF, 0xFE, 0x3F, 0x0F,
    0xFF, 0xFF, 0xF1, 0xF8, 0x7F, 0xFF, 0xFF, 0x8F, 0xC1, 0xFF, 0xFF, 0xF8, 0x7E, 0x07, 0xE0, 0x3F,
    0x83, 0xF0, 0x1F, 0x83, 0xF8, 0x1F, 0x80, 0xFE, 0x1F, 0x80, 0xFC, 0x03, 0xF9, 0xFC, 0x07, 0xE0,
    0x0F, 0xDF, 0xC0, 0x3F, 0xFF, 0xFF, 0xFC, 0x01, 0xFF, 0xFF, 0xFF, 0xF0, 0x0F, 0xFF, 0xFF, 0xFF,
    0xC0, 0x7F, 0xFF, 0xFF, 0xFF, 0x03, 0xFF, 0xFF, 0xFF, 0xFC, 0x1F, 0x83, 0xFF, 0xFF, 0xF0, 0xFC,
    0x1F, 0x9F, 0xBF, 0x87, 0xE1, 0xFC, 0xFC, 0xFE, 0x3F, 0x0F, 0xC7, 0xE3, 0xF1, 0xF8, 0x7E, 0x3F,
    0x1F, 0x8F, 0xC7, 0xF1, 0xF8, 0xFE, 0x7E, 0x3F, 0x0F, 0xC7, 0xF3, 0xF1, 0xF8, 0x7E, 0x1F, 0x9F,
    0x9F, 0xC3, 0xF0, 0xFE, 0xFC, 0xFC, 0x1F, 0x87, 0xF7, 0xE7, 0xE0, 0xFC, 0x1F, 0xBF, 0x7F, 0x07,
    0xE0, 0xFE, 0xF8, 0xFF, 0xFF, 0xF3, 0xE3, 0xFF, 0xFF, 0xCF, 0x8F, 0xFF, 0xFF, 0x3E, 0x1F, 0xFF,
    0xF8, 0xF8, 0x3F, 0xFF, 0xE3, 0xE0, 0xFE, 0x3F, 0x0F, 0x81, 0xFD, 0xF8, 0x3E, 0x03, 0xFF, 0xC0,
    0xFF, 0xFF, 0xFF, 0x03, 0xFF, 0xFF, 0xFE, 0x0F, 0xFF, 0xFF, 0xFC, 0x3F, 0xFF, 0xFF, 0xF0, 0xFF,
    0xFF, 0xFF, 0xE3, 0xE1, 0xFB, 0xEF, 0x8F, 0x8F, 0xCF, 0x9F, 0x3E, 0x3F, 0x3E, 0x7C, 0xF8, 0xF8,
    0xF9, 0xF3, 0xE7, 0xE3, 0xE7, 0xEF, 0x9F, 0x8F, 0x8F, 0xBE, 0x7C, 0x3E, 0x3E, 0xF9, 0xF0, 0xF8,
    0xFC, 0x1F, 0x03, 0xF0, 0x7E, 0x1F, 0xC0, 0xFC, 0xFF, 0x01, 0xFF, 0xE0, 0x03, 0xFE, 0x00, 0x0F,
    0xF8, 0x01, 0xFF, 0xF8, 0x1F, 0xFF, 0xF8, 0xFF, 0xFF, 0xF1, 0xFF, 0xFF, 0xC7, 0xF9, 0xFF, 0x8E,
    0x00, 0xFE, 0x00, 0x01, 0xF8, 0x00, 0x07, 0xE0, 0x00, 0x3F, 0x80, 0x01, 0xFC, 0x07, 0xFF, 0xE0,
    0x3F, 0xFF, 0x00, 0xFF, 0xF0, 0x03, 0xFF, 0xF0, 0x0F, 0xFF, 0xF0, 0x00, 0xFF, 0xE0, 0x00, 0x3F,
    0xC0, 0x00, 0x7F, 0x00, 0x00, 0xFC, 0x00, 0x03, 0xF0, 0x00, 0x1F, 0xC0, 0x00, 0xFF, 0x03, 0xFF,
    0xF8, 0x7F, 0xFF, 0xE7, 0xFF, 0xFF, 0x3F, 0xFF, 0xF0, 0xFF, 0xFF, 0x03, 0xFC, 0x00, 0x0F, 0xC0,
    0x00, 0x3F, 0x80, 0x00, 0xFF, 0xFF, 0xC3, 0xFF, 0xFF, 0x07, 0xFF, 0xFC, 0x0F, 0xFF, 0xF0, 0x07,
    0xFF, 0xC0, 0x3C, 0x07, 0xC7, 0xE1, 0xF8, 0x7E, 0x7F, 0x07, 0xFF, 0x00, 0x7F, 0xC0, 0x7F, 0xFC,
    0x1F, 0xFF, 0xE3, 0xFF, 0xFE, 0x3F, 0xFF, 0xC7, 0x01, 0xF8, 0x00, 0x1F, 0x00, 0x07, 0xE0, 0x7F,
    0xFC, 0x0F, 0xFF, 0x01, 0xFF, 0x80, 0x3F, 0xFC, 0x07, 0xFF, 0xC0, 0x07, 0xFC, 0x00, 0x3F, 0x80,
    0x03, 0xF0, 0x00, 0xFE, 0x07, 0xFF, 0xCF, 0xFF, 0xF3, 0xFF, 0xFE, 0xFF, 0xFF, 0x9F, 0xFF, 0xC3,
    0xF8, 0x00, 0x7C, 0x00, 0x0F, 0xC0, 0x01, 0xFF, 0xFE, 0x3F, 0xFF, 0xC3, 0xFF, 0xF8, 0x3F, 0xFF,
    0x01, 0xFF, 0xE0, 0xFC, 0x3F, 0x07, 0xFF, 0x87, 0xE0, 0xFF, 0xF0, 0xFC, 0x1F, 0xFE, 0x1F, 0x83,
    0xFF, 0xC3, 0xF0, 0x7F, 0xF8, 0x7E, 0x0F, 0xFF, 0x0F, 0xC1, 0xFF, 0xE1, 0xF8, 0x3F, 0xFC, 0x3F,
    0x07, 0xFF, 0x87, 0xE0, 0xFF, 0xF0, 0xFC, 0x1F, 0xFE, 0x1F, 0x87, 0xFF, 0xC3, 0xF0, 0xFF, 0xFC,
    0x7E, 0x1F, 0x9F, 0xCF, 0xC7, 0xF3, 0xFF, 0xFF, 0xFE, 0x3F, 0xFF, 0xFF, 0x87, 0xFF, 0xFF, 0xE0,
    0x3F, 0xFF, 0xF8, 0x01, 0xFF, 0xFC, 0x00, 0x03, 0xF0, 0x00, 0x00, 0x7E, 0x00, 0x00, 0x0F, 0xC0,
    0x00, 0x01, 0xF8, 0x00, 0x00, 0x3F, 0x00, 0x00, 0x07, 0xE0, 0x00, 0x00, 0xFC, 0x00, 0x00, 0x00,
    0x3F, 0x00, 0x00, 0x0F, 0xC0, 0x00, 0x03, 0xF0, 0x00, 0x00, 0xFC, 0x00, 0x00, 0x3F, 0x00, 0x00,
    0x0F, 0xC0, 0x00, 0x03, 0xF0, 0x00, 0x00, 0xFC, 0x00, 0xFC, 0x3F, 0x1F, 0xBF, 0x0F, 0xC7, 0xEF,
    0xC3, 0xF1, 0xFB, 0xF0, 0xFC, 0x7F, 0xFC, 0x3F, 0x1F, 0xFF, 0x0F, 0xC3, 0xFF, 0xC3, 0xF0, 0xFF,
    0xF0, 0xFC, 0x3F, 0xFC, 0x3F, 0x0F, 0xFF, 0x0F, 0xC3, 0xFF, 0xC3, 0xF0, 0xFF, 0xF0, 0xFC, 0x3F,
    0xFC, 0x3F, 0x0F, 0xFF, 0x0F, 0xC7, 0xFF, 0xE3, 0xF1, 0xFF, 0xFC, 0xFC, 0xFE, 0x7F, 0xFF, 0xFF,
    0x9F, 0xFF, 0xFF, 0xC3, 0xFF, 0xFF, 0xF0, 0x7F, 0xFF, 0xF0, 0x07, 0xFF, 0xF8, 0x00, 0x0F, 0xC0,
    0x00, 0x03, 0xF0, 0x00, 0x00, 0xFC, 0x00, 0x00, 0x3F, 0x00, 0x00, 0x0F, 0xC0, 0x00, 0x03, 0xF0,
    0x00, 0x00, 0xFC, 0x00, 0x00, 0x3F, 0x00, 0x00, 0x0F, 0xC0, 0x00, 0x01, 0xFF, 0xC0, 0x01, 0xFF,
    0xFE, 0x00, 0xFF, 0xFF, 0xC0, 0x7F, 0xFF, 0xF8, 0x3F, 0xFF, 0xFF, 0x1F, 0xE0, 0x1F, 0xC7, 0xF0,
    0x03, 0xF9, 0xF8, 0x00, 0x7E, 0xFE, 0x00, 0x1F, 0xBF, 0x00, 0x07, 0xFF, 0xFF, 0xFF, 0xFF, 0xFF,
    0xFF, 0xFF, 0xFF, 0xFF, 0xFF, 0xFF, 0xFF, 0xFF, 0xFF, 0xFF, 0xFF, 0xFF, 0xF0, 0x00, 0x3F, 0xFC,
    0x00, 0x0F, 0xFF, 0x00, 0x07, 0xFF, 0xE0, 0x01, 0xF9, 0xF8, 0x00, 0x7E, 0x7F, 0x00, 0x3F, 0x9F,
    0xE0, 0x1F, 0xC3, 0xFF, 0xFF, 0xF0, 0x7F, 0xFF, 0xF8, 0x0F, 0xFF, 0xFC, 0x01, 0xFF, 0xFC, 0x00,
    0x1F, 0xFC, 0x00, 0x07, 0xFE, 0x00, 0xFF, 0xF0, 0x3F, 0xFF, 0x83, 0xFF, 0xFC, 0x7F, 0xFF, 0xEF,
    0xE0, 0x7E, 0xFE, 0x07, 0xFF, 0xC0, 0x3F, 0xFF, 0xFF, 0xFF, 0xFF, 0xFF, 0xFF, 0xFF, 0xFF, 0xFF,
    0xFF, 0xFF, 0xFF, 0xFF, 0xC0, 0x3F, 0xFE, 0x07, 0xF7, 0xF0, 0xFE, 0x7F, 0xFF, 0xE3, 0xFF, 0xFC,
    0x1F, 0xFF, 0xC0, 0xFF, 0xF0, 0x07, 0xFE, 0x00, 0xFE, 0x00, 0x07, 0xEF, 0xC0, 0x03, 0xFD, 0xF8,
    0x00, 0x7F, 0xBF, 0x80, 0x1F, 0xF3, 0xF0, 0x03, 0xFE, 0x7E, 0x00, 0xFE, 0x0F, 0xE0, 0x1F, 0x80,
    0xFC, 0x03, 0xF0, 0x1F, 0x80, 0xFE, 0x03, 0xF8, 0x1F, 0x80, 0x3F, 0x03, 0xF0, 0x07, 0xE0, 0xFE,
    0x00, 0xFE, 0x1F, 0x80, 0x0F, 0xC3, 0xF0, 0x01, 0xF8, 0xFC, 0x00, 0x3F, 0x9F, 0x80, 0x03, 0xF3,
    0xF0, 0x00, 0x7E, 0xFC, 0x00, 0x0F, 0xDF, 0x80, 0x00, 0xFF, 0xF0, 0x00, 0x1F, 0xFC, 0x00, 0x03,
    0xFF, 0x80, 0x00, 0x3F, 0xF0, 0x00, 0x07, 0xFC, 0x00, 0x00, 0xFF, 0x80, 0x00, 0x0F, 0xF0, 0x00,
    0x01, 0xFC, 0x00, 0x00, 0xFE, 0x00, 0x7E, 0xFC, 0x01, 0xFD, 0xF8, 0x07, 0xFB, 0xF8, 0x0F, 0xF3,
    0xF0, 0x3F, 0xE7, 0xE0, 0x7E, 0x0F, 0xE0, 0xFC, 0x0F, 0xC3, 0xF8, 0x1F, 0x87, 0xE0, 0x1F, 0x8F,
    0xC0, 0x3F, 0x3F, 0x00, 0x7E, 0x7E, 0x00, 0x7E, 0xFC, 0x00, 0xFF, 0xF0, 0x01, 0xFF, 0xE0, 0x01,
    0xFF, 0x80, 0x03, 0xFF, 0x00, 0x03, 0xFE, 0x00, 0x07, 0xF8, 0x00, 0x0F, 0xF0, 0x00, 0x0F, 0xE0,
    0x00, 0x1F, 0xBF, 0x00, 0x03, 0xF3, 0xF0, 0x00, 0x3F, 0x3E, 0x00, 0x03, 0xF3, 0xE0, 0x00, 0x3E,
    0x3C, 0x00, 0x03, 0xE3, 0xC0, 0x00, 0x00, 0x00, 0x00, 0x00, 0x00, 0x00, 0xFE, 0x00, 0x07, 0xEF,
    0xC0, 0x03, 0xFD, 0xF8, 0x00, 0x7F, 0xBF, 0x80, 0x1F, 0xF3, 0xF0, 0x03, 0xFE, 0x7E, 0x00, 0xFE,
    0x0F, 0xE0, 0x1F, 0x80, 0xFC, 0x03, 0xF0, 0x1F, 0x80, 0xFE, 0x03, 0xF8, 0x1F, 0x80, 0x3F, 0x03,
    0xF0, 0x07, 0xE0, 0xFE, 0x00, 0xFE, 0x1F, 0x80, 0x0F, 0xC3, 0xF0, 0x01, 0xF8, 0xFC, 0x00, 0x3F,
    0x9F, 0x80, 0x03, 0xF3, 0xF0, 0x00, 0x7E, 0xFC, 0x00, 0x0F, 0xDF, 0x80, 0x00, 0xFF, 0xF0, 0x00,
    0x1F, 0xFC, 0x00, 0x03, 0xFF, 0x80, 0x00, 0x3F, 0xF0, 0x00, 0x07, 0xFC, 0x00, 0x00, 0xFF, 0x80,
    0x00, 0x0F, 0xF0, 0x00, 0x01, 0xFC, 0x00, 0x00, 0x7E, 0x7E, 0x00, 0x7E, 0xFC, 0x00, 0x7C, 0xFC,
    0x00, 0x7C, 0xF8, 0x00, 0x7C, 0xF8, 0x00, 0x78, 0xF8, 0x00, 0x00, 0x00, 0x00, 0x00, 0x00, 0xFE,
    0x00, 0x7E, 0xFC, 0x01, 0xFD, 0xF8, 0x07, 0xFB, 0xF8, 0x0F, 0xF3, 0xF0, 0x3F, 0xE7, 0xE0, 0x7E,
    0x0F, 0xE0, 0xFC, 0x0F, 0xC3, 0xF8, 0x1F, 0x87, 0xE0, 0x1F, 0x8F, 0xC0, 0x3F, 0x3F, 0x00, 0x7E,
    0x7E, 0x00, 0x7E, 0xFC, 0x00, 0xFF, 0xF0, 0x01, 0xFF, 0xE0, 0x01, 0xFF, 0x80, 0x03, 0xFF, 0x00,
    0x03, 0xFE, 0x00, 0x07, 0xF8, 0x00, 0x0F, 0xF0, 0x00, 0x0F, 0xE0, 0x00, 0x01, 0xFF, 0x80, 0x00,
    0x00, 0x00, 0x07, 0xFF, 0xE0, 0x00, 0x00, 0x00, 0x1F, 0xFF, 0xF8, 0x00, 0x00, 0x00, 0x3F, 0xFF,
    0xFC, 0x00, 0x00, 0x00, 0x3F, 0xFF, 0xFC, 0x00, 0x00, 0x00, 0x7F, 0x81, 0xFE, 0x00, 0x00, 0x00,
    0x7F, 0x00, 0xFE, 0x3F, 0x00, 0x7E, 0xFE, 0x00, 0x7F, 0x3F, 0x80, 0xFE, 0xFE, 0x00, 0x7F, 0x3F,
    0x80, 0xFE, 0xFC, 0x00, 0x3F, 0x1F, 0x80, 0xFC, 0xFC, 0x00, 0x3F, 0x1F, 0xC1, 0xFC, 0xFC, 0x00,
    0x3F, 0x0F, 0xC1, 0xFC, 0xFC, 0x00, 0x3F, 0x0F, 0xC1, 0xF8, 0xFC, 0x00, 0x3F, 0x0F, 0xE3, 0xF8,
    0xFC, 0x00, 0x3F, 0x07, 0xE3, 0xF0, 0xFC, 0x00, 0x3F, 0x07, 0xE3, 0xF0, 0xFC, 0x00, 0x3F, 0x03,
    0xF7, 0xF0, 0xFC, 0x00, 0x3F, 0x03, 0xF7, 0xE0, 0xFE, 0x00, 0x7F, 0x03, 0xF7, 0xE0, 0xFE, 0x00,
    0x7F, 0x01, 0xFF, 0xE0, 0x7F, 0x00, 0xFE, 0x01, 0xFF, 0xC0, 0x7F, 0x81, 0xFE, 0x00, 0xFF, 0xC0,
    0x3F, 0xFF, 0xFC, 0x00, 0xFF, 0x80, 0x1F, 0xFF, 0xF8, 0x00, 0xFF, 0x80, 0x1F, 0xFF, 0xF8, 0x00,
    0x7F, 0x80, 0x07, 0xFF, 0xE0, 0x00, 0x7F, 0x00, 0x01, 0xFF, 0x80, 0x00, 0x3F, 0x00, 0x00, 0x00,
    0x00, 0x00, 0x7F, 0x00, 0x00, 0x00, 0x00, 0x00, 0x7E, 0x00, 0x00, 0x00, 0x00, 0x00, 0xFE, 0x00,
    0x00, 0x00, 0x00, 0x00, 0xFC, 0x00, 0x00, 0x00, 0x00, 0x1F, 0xFC, 0x00, 0x00, 0x00, 0x00, 0x1F,
    0xF8, 0x00, 0x00, 0x00, 0x00, 0x1F, 0xF8, 0x00, 0x00, 0x00, 0x00, 0x1F, 0xE0, 0x00, 0x00, 0x00,
    0x00, 0x1F, 0xC0, 0x00, 0x07, 0xFC, 0x07, 0xE0, 0x0F, 0xC3, 0xFF, 0xE0, 0xFE, 0x03, 0xF8, 0xFF,
    0xFE, 0x1F, 0xC0, 0x7F, 0x1F, 0xFF, 0xE1, 0xF8, 0x0F, 0xC7, 0xFF, 0xFE, 0x3F, 0x83, 0xF9, 0xFC,
    0x1F, 0xC3, 0xF0, 0x7E, 0x3F, 0x81, 0xFC, 0x7E, 0x0F, 0xC7, 0xE0, 0x3F, 0x8F, 0xC3, 0xF8, 0xFC,
    0x07, 0xF0, 0xFC, 0x7E, 0x1F, 0x80, 0x7E, 0x1F, 0x8F, 0xC3, 0xF0, 0x0F, 0xC3, 0xF1, 0xF8, 0x7E,
    0x01, 0xF8, 0x3F, 0x7E, 0x0F, 0xC0, 0x7F, 0x07, 0xEF, 0xC1, 0xF8, 0x0F, 0xE0, 0x7D, 0xF0, 0x3F,
    0x81, 0xFC, 0x0F, 0xFE, 0x03, 0xF8, 0x7F, 0x01, 0xFF, 0xC0, 0x7F, 0xFF, 0xE0, 0x1F, 0xF0, 0x07,
    0xFF, 0xF8, 0x03, 0xFE, 0x00, 0x7F, 0xFE, 0x00, 0x3F, 0xC0, 0x07, 0xFF, 0x80, 0x07, 0xF0, 0x00,
    0x7F, 0xC0, 0x00, 0xFE, 0x00, 0x00, 0x00, 0x00, 0x1F, 0xC0, 0x00, 0x00, 0x00, 0x03, 0xF0, 0x00,
    0x00, 0x00, 0x00, 0xFE, 0x00, 0x00, 0x00, 0x00, 0x3F, 0x80, 0x00, 0x00, 0x00, 0x7F, 0xF0, 0x00,
    0x00, 0x00, 0x0F, 0xFC, 0x00, 0x00, 0x00, 0x01, 0xFF, 0x80, 0x00, 0x00, 0x00, 0x3F, 0xE0, 0x00,
    0x00, 0x00, 0x07, 0xF0, 0x00, 0x00, 0x00, 0x1F, 0x00, 0x00, 0x03, 0xE0, 0x00, 0x07, 0xFF, 0x80,
    0x03, 0xFF, 0xFC, 0x00, 0xFF, 0xFF, 0xE0, 0x3F, 0xFF, 0xFE, 0x0F, 0xFF, 0xFF, 0xC1, 0xFF, 0xFF,
    0xFC, 0x7F, 0x9F, 0x3F, 0xCF, 0xE0, 0x03, 0xFB, 0xF8, 0x00, 0x3F, 0x7F, 0x00, 0x07, 0xFF, 0xC0,
    0x00, 0xFF, 0xF8, 0x00, 0x1F, 0xFF, 0x00, 0x01, 0xFF, 0xE0, 0x00, 0x3F, 0xFC, 0x00, 0x07, 0xFF,
    0x80, 0x00, 0xFF, 0xF0, 0x00, 0x3F, 0xFF, 0x00, 0x07, 0xFF, 0xE0, 0x00, 0xFF, 0xFC, 0x00, 0x3F,
    0x9F, 0xC0, 0x07, 0xF3, 0xFC, 0xF9, 0xFE, 0x3F, 0xFF, 0xFF, 0x87, 0xFF, 0xFF, 0xE0, 0x7F, 0xFF,
    0xFC, 0x07, 0xFF, 0xFF, 0x00, 0x3F, 0xFF, 0x80, 0x01, 0xFF, 0xC0, 0x00, 0x07, 0xC0, 0x00, 0x00,
    0xF8, 0x00, 0x00, 0x78, 0x00, 0x03, 0xF0, 0x00, 0x3F, 0xF0, 0x03, 0xFF, 0xF0, 0x1F, 0xFF, 0xE0,
    0xFF, 0xFF, 0xC7, 0xFF, 0xFF, 0x9F, 0x9E, 0x7E, 0xFE, 0x01, 0xFF, 0xF0, 0x03, 0xFF, 0xC0, 0x0F,
    0xFF, 0x00, 0x3F, 0xFC, 0x00, 0xFF, 0xF0, 0x03, 0xFF, 0xC0, 0x0F, 0xFF, 0x00, 0x3F, 0xFE, 0x01,
    0xFD, 0xF9, 0xE7, 0xE7, 0xFF, 0xFF, 0x8F, 0xFF, 0xFC, 0x1F, 0xFF, 0xE0, 0x3F, 0xFF, 0x00, 0x3F,
    0xF0, 0x00, 0x3F, 0x00, 0x00, 0x78, 0x00, 0x00, 0x07, 0xF0, 0x00, 0x00, 0x00, 0x7F, 0xF8, 0x00,
    0x00, 0x07, 0xFF, 0xF0, 0x00, 0x00, 0x3F, 0xFF, 0x80, 0x00, 0x01, 0xFF, 0xFC, 0x00, 0x00, 0x0F,
    0x7F, 0xE0, 0x00, 0x00, 0x07, 0xE0, 0x00, 0x00, 0x00, 0x3F, 0x00, 0x00, 0x00, 0x01, 0xF8, 0x00,
    0x00, 0x00, 0x03, 0xC0, 0x00, 0x00, 0x00, 0x1E, 0x00, 0x00, 0x00, 0x01, 0xE0, 0x00, 0x00, 0x00,
    0x1E, 0x00, 0x00, 0x00, 0x00, 0xE0, 0x00, 0x00, 0x0F, 0xF0, 0x0F, 0xF8, 0x01, 0xFF, 0xE1, 0xFF,
    0xF0, 0x1F, 0xFF, 0x0F, 0xFF, 0xC1, 0xFF, 0xF8, 0x3F, 0xFF, 0x0F, 0xFF, 0x81, 0xFF, 0xF8, 0xFE,
    0x0C, 0x04, 0x1F, 0xE7, 0xE0, 0x00, 0x00, 0x7F, 0x7F, 0x00, 0x00, 0x01, 0xFB, 0xF8, 0x00, 0x00,
    0x0F, 0xFF, 0x80, 0x00, 0x00, 0x7F, 0xFC, 0x00, 0x00, 0x03, 0xFF, 0xE0, 0x00, 0x00, 0x0F, 0xFF,
    0x00, 0x00, 0x00, 0x7F, 0xF8, 0x03, 0xF0, 0x03, 0xFF, 0xC0, 0x1F, 0x80, 0x1F, 0xFE, 0x00, 0xFC,
    0x01, 0xFF, 0xF0, 0x07, 0xE0, 0x0F, 0xFF, 0xC0, 0x3F, 0x00, 0x7F, 0xFE, 0x01, 0xF8, 0x03, 0xF3,
    0xF8, 0x0F, 0xC0, 0x3F, 0x9F, 0xE0, 0x7E, 0x03, 0xFC, 0xFF, 0xCF, 0xFC, 0x7F, 0xC3, 0xFF, 0xFF,
    0xFF, 0xFE, 0x0F, 0xFF, 0xFF, 0xFF, 0xE0, 0x3F, 0xFF, 0xFF, 0xFE, 0x00, 0xFF, 0xF3, 0xFF, 0xE0,
    0x01, 0xFF, 0x07, 0xFC, 0x00, 0x00, 0x3F, 0x80, 0x00, 0x00, 0x7F, 0xF8, 0x00, 0x00, 0xFF, 0xFE,
    0x00, 0x00, 0xFF, 0xFE, 0x00, 0x00, 0xFF, 0xFE, 0x00, 0x00, 0xF0, 0x7E, 0x00, 0x00, 0x0F, 0x80,
    0x00, 0x00, 0x0F, 0xC0, 0x00, 0x00, 0x0F, 0xC0, 0x00, 0x00, 0x03, 0xC0, 0x00, 0x00, 0x07, 0xC0,
    0x00, 0x00, 0x0F, 0x80, 0x00, 0x00, 0x0F, 0x00, 0x00, 0x00, 0x00, 0x00, 0x00, 0x07, 0xF8, 0x1F,
    0xE0, 0x1F, 0xFC, 0x7F, 0xF8, 0x3F, 0xFC, 0x3F, 0xFC, 0x7F, 0xF8, 0x3F, 0xFC, 0x7F, 0xF8, 0x1F,
    0xFE, 0xFE, 0x00, 0x00, 0xFE, 0xFE, 0x00, 0x00, 0x7F, 0xFC, 0x00, 0x00, 0x7F, 0xFC, 0x00, 0x00,
    0x7F, 0xFC, 0x07, 0xC0, 0x3F, 0xFC, 0x07, 0xE0, 0x3F, 0xFC, 0x07, 0xE0, 0x3F, 0xFC, 0x07, 0xE0,
    0x7F, 0xFC, 0x07, 0xE0, 0x7F, 0xFE, 0x07, 0xE0, 0x7F, 0xFE, 0x0F, 0xF0, 0xFE, 0x7F, 0xFF, 0xFF,
    0xFE, 0x7F, 0xFF, 0xFF, 0xFC, 0x3F, 0xFF, 0xFF, 0xFC, 0x1F, 0xFE, 0x7F, 0xF8, 0x07, 0xF8, 0x3F,
    0xE0, 0x00, 0x3F, 0xFF, 0x80, 0x00, 0x0F, 0xFF, 0xE0, 0x00, 0x03, 0xFF, 0xF8, 0x00, 0x00, 0xE3,
    0x9C, 0x00, 0x00, 0x18, 0xC3, 0x00, 0x00, 0x00, 0x00, 0x00, 0x00, 0x00, 0x00, 0x00, 0x03, 0xF0,
    0x0F, 0xC0, 0x3F, 0xFC, 0x03, 0xF0, 0x0F, 0xFF, 0x00, 0xFC, 0x03, 0xFF, 0xC0, 0x3F, 0x00, 0xFF,
    0xF0, 0x0F, 0xC0, 0x3F, 0xFC, 0x03, 0xF0, 0x0F, 0xFF, 0x80, 0xFE, 0x03, 0xFF, 0xE0, 0x3F, 0x80,
    0xFD, 0xF8, 0x0F, 0xE0, 0x3F, 0x7E, 0x03, 0xF8, 0x1F, 0xDF, 0xC0, 0xFE, 0x07, 0xF7, 0xF0, 0x7F,
    0xC1, 0xF9, 0xFC, 0x1F, 0xF0, 0x7E, 0x3F, 0x07, 0xFC, 0x1F, 0x8F, 0xE3, 0xFF, 0x07, 0xE3, 0xF8,
    0xFF, 0xE3, 0xF8, 0x7E, 0x3F, 0xF8, 0xFC, 0x1F, 0xCF, 0xFE, 0x3F, 0x07, 0xF7, 0xFF, 0xCF, 0xC0,
    0xFF, 0xF3, 0xF7, 0xE0, 0x3F, 0xFC, 0xFF, 0xF8, 0x07, 0xFF, 0x1F, 0xFC, 0x01, 0xFF, 0x87, 0xFF,
    0x00, 0x3F, 0xE1, 0xFF, 0xC0, 0x0F, 0xF8, 0x3F, 0xE0, 0x01, 0xFE, 0x07, 0xF8, 0x00, 0x7F, 0x01,
    0xFC, 0x00, 0x00, 0xFF, 0xFE, 0x00, 0x01, 0xFF, 0xFC, 0x00, 0x03, 0xFF, 0xF8, 0x00, 0x07, 0x9C,
    0x70, 0x00, 0x06, 0x18, 0xC0, 0x00, 0x00, 0x00, 0x00, 0x00, 0x00, 0x00, 0x00, 0x7E, 0x03, 0xF0,
    0x3F, 0xFC, 0x07, 0xE0, 0x7F, 0xF8, 0x0F, 0xC0, 0xFF, 0xF0, 0x1F, 0x81, 0xFF, 0xE0, 0x3F, 0x03,
    0xFF, 0xE0, 0x7E, 0x07, 0xFF, 0xC0, 0xFE, 0x1F, 0xDF, 0x80, 0xFC, 0x3F, 0xBF, 0x03, 0xF8, 0x7E,
    0x7E, 0x07, 0xF0, 0xFC, 0x7E, 0x1F, 0xF1, 0xF8, 0xFC, 0x3F, 0xE7, 0xE1, 0xF8, 0xFF, 0xCF, 0xC1,
    0xF9, 0xFF, 0x9F, 0x83, 0xF7, 0xFF, 0xFE, 0x03, 0xFF, 0xBF, 0xFC, 0x07, 0xFF, 0x3F, 0xF0, 0x0F,
    0xFC, 0x7F, 0xE0, 0x0F, 0xF8, 0x7F, 0x80, 0x0F, 0xE0, 0xFF, 0x00, 0x1F, 0xC0, 0xFC, 0x00, 0x00,
    0xFF, 0xE0, 0x0F, 0xFF, 0xF0, 0xFF, 0xFF, 0xC7, 0xFF, 0xFE, 0x3F, 0xFF, 0xF8, 0xFF, 0x01, 0xE7,
    0xF0, 0x00, 0x1F, 0xC0, 0x00, 0xFE, 0x00, 0x03, 0xF8, 0x00, 0x0F, 0xC0, 0x00, 0x3F, 0x00, 0x00,
    0xFC, 0x00, 0x03, 0xF0, 0x00, 0x0F, 0xC0, 0x00, 0x3F, 0x00, 0x00, 0xFC, 0x00, 0x03, 0xF8, 0x00,
    0x0F, 0xE0, 0x00, 0x1F, 0x80, 0x00, 0x7F, 0x00, 0x01, 0xFE, 0x00, 0x03, 0xFF, 0xFE, 0x07, 0xFF,
    0xF8, 0x0F, 0xFF, 0xE0, 0x1F, 0xFF, 0x80, 0x0F, 0xFE, 0x00, 0x01, 0xF8, 0x00, 0x07, 0xE0, 0x00,
    0x1F, 0x80, 0x00, 0x7E, 0x00, 0x01, 0xF8, 0x00, 0x07, 0xE0, 0x00, 0x1F, 0x80, 0x00, 0x7E, 0x00,
    0x01, 0xF8, 0x07, 0xFF, 0x0F, 0xFF, 0xCF, 0xFF, 0xEF, 0xFF, 0xE7, 0xFF, 0xF7, 0xF8, 0x1B, 0xF8,
    0x01, 0xF8, 0x00, 0xFC, 0x00, 0x7E, 0x00, 0x3F, 0x00, 0x1F, 0x80, 0x0F, 0xC0, 0x07, 0xE0, 0x03,
    0xF8, 0x01, 0xFE, 0x00, 0x7F, 0x8E, 0x3F, 0xFF, 0x0F, 0xFF, 0x83, 0xFF, 0xC0, 0x7F, 0xE0, 0x0F,
    0xF0, 0x01, 0xF8, 0x00, 0xFC, 0x00, 0x7E, 0x00, 0x3F, 0x00, 0x1F, 0x80, 0x0F, 0xC0, 0x07, 0xE0,
    0x03, 0xF0, 0x00, 0x01, 0x80, 0x00, 0x1C, 0x00, 0x03, 0xC0, 0x38, 0x78, 0x03, 0xE7, 0x80, 0x3F,
    0xF0, 0x01, 0xFF, 0x00, 0x07, 0xF0, 0x00, 0x3F, 0x80, 0x03, 0xFE, 0x00, 0x7B, 0xF2, 0x07, 0x8F,
    0x70, 0xF0, 0x27, 0xCF, 0x00, 0x7F, 0xE0, 0x01, 0xFC, 0x00, 0x07, 0xE0, 0x00, 0x7F, 0x80, 0x07,
    0xFE, 0x00, 0xF3, 0xE0, 0x0F, 0x1E, 0x01, 0xE0, 0x40, 0x1C, 0x00, 0x01, 0xC0, 0x00, 0x00, 0x00,
    0x00, 0x00, 0x1C, 0x00, 0x7F, 0xFF, 0xFF, 0xFF, 0xFF, 0xFF, 0xDE, 0x00, 0x18, 0x00, 0x00, 0x03,
    0xFC, 0x7F, 0xFB, 0xFF, 0xFF, 0xFF, 0xFF, 0xFF, 0xFF, 0xC3, 0xC0, 0x7F, 0xFF, 0xFE, 0xF9, 0xF3,
    0xC0, 0xFB, 0xFF, 0xDF, 0x7F, 0xEF, 0x00, 0x7F, 0x80, 0xFF, 0xF3, 0xFF, 0xFF, 0xFF, 0xFF, 0xFF,
    0xFE, 0x1F, 0xC0, 0x00, 0x00, 0x3F, 0x80, 0x00, 0x00, 0x00, 0x0F, 0xF8, 0x00, 0x00, 0x00, 0x01,
    0xFF, 0x00, 0x00, 0x00, 0x00, 0x30, 0x70, 0x00, 0x00, 0x00, 0x06, 0x0E, 0x00, 0x00, 0x00, 0x00,
    0x00, 0x00, 0x00, 0x00, 0x30, 0x00, 0x00, 0x08, 0x00, 0x1F, 0x80, 0x00, 0x0F, 0xE0, 0x07, 0xF8,
    0x00, 0x03, 0xFE, 0x01, 0xE7, 0x80, 0x00, 0x73, 0xC0, 0x38, 0x70, 0x00, 0x1C, 0x18, 0x00, 0x00,
    0x00, 0x00, 0x00, 0x00, 0x00, 0x00, 0x00, 0x00, 0x00, 0x00, 0x00, 0x00, 0x00, 0x00, 0x00, 0x00,
    0x00, 0x00, 0x00, 0x00, 0x00, 0x00, 0x00, 0x00, 0x00, 0x00, 0x00, 0x00, 0x00, 0x00, 0x01, 0x80,
    0x00, 0x00, 0x00, 0x40, 0xFC, 0x00, 0x00, 0x00, 0x7F, 0x3F, 0xC0, 0x00, 0x00, 0x1F, 0xFF, 0x3C,
    0x00, 0x00, 0x03, 0x8F, 0xC3, 0x80, 0x00, 0x00, 0x60, 0xC0, 0x00, 0x00, 0x00, 0x00, 0x00, 0x00,
    0x00, 0x00, 0x00, 0x00, 0x00, 0x00, 0x00, 0x00, 0x00, 0x00, 0x00, 0x00, 0x00, 0x00, 0x00, 0x00,
    0x00, 0x00, 0x00, 0x00, 0x00, 0x00, 0x00, 0x00, 0x00, 0x00, 0x0C, 0x00, 0x00, 0x02, 0x00, 0x07,
    0xE0, 0x00, 0x03, 0xF8, 0x01, 0xFE, 0x00, 0x00, 0xFF, 0x80, 0x71, 0xE0, 0x00, 0x1C, 0xF0, 0x0E,
    0x1C, 0x00, 0x07, 0x06, 0x00, 0x00, 0x00, 0x00, 0x00, 0x00, 0x00, 0x00, 0x10, 0x00, 0x00, 0x00,
    0x00, 0x1F, 0xC0, 0x00, 0x00, 0x00, 0x07, 0xFC, 0x00, 0x00, 0x00, 0x00, 0xE3, 0x80, 0x00, 0x00,
    0x00, 0x18, 0x38, 0x00, 0x00, 0x00, 0x00, 0x0E, 0x00, 0x00, 0x00, 0x00, 0x07, 0x00, 0x00, 0x00,
    0x00, 0x07, 0x80, 0x00, 0x00, 0x00, 0x03, 0x80, 0x00, 0x00, 0x00, 0x01, 0xC0, 0x00, 0x00, 0x0C,
    0x01, 0xE0, 0x00, 0x00, 0x0E, 0x00, 0xF0, 0x00, 0x00, 0x07, 0x80, 0x78, 0x00, 0xE0, 0x01, 0xE0,
    0x00, 0x01, 0xF8, 0x00, 0xF0, 0x00, 0x03, 0xF8, 0x00, 0x3C, 0x00, 0x03, 0xF0, 0x00, 0x1E, 0x00,
    0x01, 0xE0, 0x00, 0x07, 0x00, 0x00, 0x60, 0x00, 0x03, 0x00, 0x00, 0x00, 0x00, 0x00, 0x00, 0x00,
    0x00, 0x00, 0x00, 0x00, 0x00, 0x00, 0x00, 0x00, 0x00, 0x00, 0x00, 0x00, 0x00, 0x00, 0x00, 0x00,
    0x00, 0x20, 0x00, 0x00, 0x00, 0x10, 0x1F, 0x80, 0x00, 0x00, 0x0F, 0x0F, 0xF0, 0x00, 0x00, 0x07,
    0xF3, 0xF8, 0x00, 0x00, 0x03, 0xFC, 0x3C, 0x00, 0x00, 0x00, 0xFE, 0x06, 0x00, 0x00, 0x00, 0x01,
    0x00, 0x00, 0x00, 0x00, 0x00, 0x00, 0x00, 0x00, 0x00, 0x00, 0x00, 0x00, 0x00, 0x00, 0x00, 0x00,
    0x00, 0x00, 0x00, 0x00, 0x00, 0x00, 0x00, 0x00, 0x00, 0x00, 0x00, 0x00, 0x00, 0x18, 0x00, 0x00,
    0xC0, 0x00, 0x1C, 0x00, 0x01, 0xF0, 0x00, 0x0F, 0x00, 0x01, 0xF8, 0x00, 0x07, 0x80, 0x03, 0xF8,
    0x00, 0x01, 0xE0, 0x03, 0xF0, 0x07, 0x80, 0xF0, 0x00, 0xE0, 0x03, 0xC0, 0x3C, 0x00, 0x00, 0x01,
    0xE0, 0x0E, 0x00, 0x00, 0x00, 0xE0, 0x06, 0x00, 0x00, 0x00, 0x70, 0x00, 0x00, 0x00, 0x00, 0x78,
    0x00, 0x00, 0x00, 0x00, 0x38, 0x00, 0x00, 0x00, 0x00, 0x1C, 0x00, 0x00, 0x00, 0x1F, 0x01, 0xF8,
    0x00, 0x3F, 0x03, 0xF0, 0x00, 0x7E, 0x07, 0xE0, 0x00, 0xFF, 0x3F, 0x80, 0x00, 0xFF, 0xFF, 0x00,
    0x00, 0xFF, 0xFC, 0x00, 0x00, 0xFF, 0xE0, 0x00, 0x00, 0x00, 0x00, 0x00, 0x00, 0x00, 0x00, 0x01,
    0xF0, 0x01, 0xFE, 0x03, 0xE0, 0x03, 0xFC, 0x07, 0xC0, 0x0F, 0xF8, 0x0F, 0x80, 0x1F, 0xF0, 0x1F,
    0x00, 0x7F, 0xE0, 0x3E, 0x01, 0xFF, 0xC0, 0x7C, 0x03, 0xFF, 0x80, 0xF8, 0x0F, 0xFF, 0x01, 0xF0,
    0x1F, 0xBE, 0x03, 0xE0, 0x7F, 0x7C, 0x07, 0xC1, 0xFC, 0xF8, 0x0F, 0x83, 0xF1, 0xF0, 0x1F, 0x0F,
    0xE3, 0xE0, 0x3E, 0x1F, 0x87, 0xC0, 0x7C, 0x7F, 0x0F, 0x80, 0xF9, 0xFC, 0x1F, 0x01, 0xF3, 0xF0,
    0x3E, 0x03, 0xEF, 0xE0, 0x7C, 0x07, 0xDF, 0x80, 0xF8, 0x0F, 0xFF, 0x01, 0xF0, 0x1F, 0xFC, 0x03,
    0xE0, 0x3F, 0xF0, 0x07, 0xC0, 0x7F, 0xE0, 0x0F, 0xFE, 0xFF, 0x80, 0x1F, 0xFD, 0xFF, 0x00, 0x3F,
    0xFB, 0xFC, 0x00, 0x7F, 0xF7, 0xF0, 0x00, 0xFF, 0xC0, 0x00, 0x00, 0x1F, 0x80, 0x00, 0x00, 0x3F,
    0x00, 0x00, 0x00, 0x7E, 0x00, 0x00, 0x01, 0xF8, 0x00, 0x00, 0x03, 0xF0, 0x00, 0x00, 0x0F, 0xE0,
    0x00, 0x00, 0x1F, 0xC0, 0x00, 0x00, 0x7F, 0x00, 0x3E, 0x03, 0xE0, 0x07, 0xC0, 0x7C, 0x00, 0xFC,
    0x1F, 0x80, 0x1F, 0xC7, 0xF0, 0x01, 0xFF, 0xFC, 0x00, 0x1F, 0xFF, 0x00, 0x01, 0xFF, 0xC0, 0x00,
    0x00, 0x00, 0x00, 0x00, 0x00, 0x00, 0x1F, 0x80, 0xFF, 0x03, 0xF0, 0x1F, 0xE0, 0x7E, 0x07, 0xFC,
    0x0F, 0xC0, 0xFF, 0x81, 0xF8, 0x3F, 0xF0, 0x3F, 0x0F, 0xFE, 0x07, 0xE1, 0xFF, 0xC0, 0xFC, 0x7F,
    0xF8, 0x1F, 0x8F, 0xFF, 0x03, 0xF3, 0xF7, 0xE0, 0x7E, 0x7E, 0xFC, 0x0F, 0xDF, 0x9F, 0x81, 0xFF,
    0xE3, 0xF0, 0x3F, 0xFC, 0x7E, 0x07, 0xFF, 0x0F, 0xC0, 0xFF, 0xE1, 0xF8, 0x1F, 0xF8, 0x3F, 0x03,
    0xFE, 0x07, 0xFF, 0xFF, 0xC0, 0xFF, 0xFF, 0xF0, 0x1F, 0xFD, 0xFE, 0x03, 0xFF, 0x80, 0x00, 0x03,
    0xF0, 0x00, 0x00, 0x7E, 0x00, 0x00, 0x0F, 0x80, 0x00, 0x03, 0xF0, 0x00, 0x00, 0x7E, 0x00, 0x00,
    0x0F, 0xC0, 0x00, 0x03, 0xF8, 0x00, 0x00, 0x7E, 0x00, 0x3F, 0x00, 0x00, 0xFC, 0x00, 0x03, 0xF0,
    0x00, 0x3F, 0xFF, 0x00, 0xFF, 0xFC, 0x03, 0xFF, 0xF0, 0x0F, 0xFF, 0xC0, 0x3F, 0xFF, 0x00, 0x3F,
    0x00, 0x00, 0xFC, 0x00, 0x03, 0xFF, 0x80, 0x0F, 0xFF, 0xE0, 0x3F, 0xFF, 0xE0, 0xFF, 0xFF, 0xC3,
    0xFF, 0xFF, 0x8F, 0xC3, 0xFE, 0x3F, 0x01, 0xFC, 0xFC, 0x07, 0xF3, 0xF0, 0x0F, 0xCF, 0xC0, 0x3F,
    0x3F, 0x01, 0xFC, 0xFC, 0x0F, 0xF3, 0xFF, 0xFF, 0x8F, 0xFF, 0xFE, 0x3F, 0xFF, 0xF0, 0xFF, 0xFF,
    0x83, 0xFF, 0xF8, 0x00, 0x1F, 0x80, 0x00, 0x7E, 0x00, 0x01, 0xF8, 0x00, 0x07, 0xE0, 0x00, 0xFF,
    0xFE, 0x03, 0xFF, 0xF8, 0x0F, 0xFF, 0xE0, 0x3F, 0xFF, 0x80, 0x1F, 0x80, 0x00, 0x7E, 0x00, 0x01,
    0xF8, 0x00, 0x07, 0xE0, 0x00, 0x1F, 0x80, 0x00, 0x7E, 0x00, 0x01, 0xF8, 0x00, 0x07, 0xE0, 0x00,
    0x1F, 0xFF, 0xC0, 0x7F, 0xFF, 0xC1, 0xFF, 0xFF, 0x87, 0xFF, 0xFF, 0x1F, 0xFF, 0xFC, 0x7E, 0x07,
    0xF1, 0xF8, 0x0F, 0xC7, 0xE0, 0x7F, 0x1F, 0xFF, 0xFC, 0x7F, 0xFF, 0xE1, 0xFF, 0xFF, 0x87, 0xFF,
    0xFC, 0x1F, 0xFF, 0xC0, 0xFF, 0xFC, 0x1F, 0xFF, 0xE3, 0xFF, 0xFE, 0x7F, 0xFF, 0xEF, 0xFF, 0xFD,
    0xF8, 0x3F, 0xFF, 0x03, 0xFF, 0xE0, 0x3F, 0xFC, 0x27, 0xFF, 0x8C, 0xFF, 0xF7, 0xFF, 0xFE, 0xFF,
    0xFF, 0xCF, 0xFD, 0xFF, 0xFF, 0xBF, 0xFF, 0xE7, 0xFF, 0xF8, 0xFF, 0xFF, 0x1F, 0xFD, 0xF3, 0xF0,
    0x1E, 0x7E, 0x03, 0x0F, 0xC0, 0x01, 0xF8, 0x00, 0x3F, 0x00, 0x07, 0xE0, 0x00, 0xFC, 0x00, 0x1F,
    0x80, 0x03, 0xF0, 0x00, 0x00, 0xF8, 0xFE, 0x1F, 0x7F, 0xE3, 0xFF, 0xFE, 0x7F, 0xFF, 0xEF, 0xFF,
    0xFD, 0xFC, 0x1F, 0xFF, 0x83, 0xFF, 0xE0, 0x3F, 0xFC, 0x07, 0xFF, 0x80, 0xFF, 0xF0, 0x1F, 0xFE,
    0x1B, 0xFF, 0xC7, 0x7F, 0xF9, 0xFF, 0xFF, 0xBF, 0xFF, 0xF3, 0xFF, 0xFF, 0xFF, 0xDF, 0xFF, 0xFB,
    0xFF, 0xFE, 0x7F, 0xFF, 0xCF, 0xCF, 0xFD, 0xF8, 0x0F, 0xBF, 0x00, 0xE7, 0xE0, 0x00, 0xFC, 0x00,
    0x1F, 0x80, 0x03, 0xF0, 0x00, 0x7E, 0x00, 0x0F, 0xC0, 0x01, 0xF8, 0x00, 0x00, 0x00, 0x0F, 0xC0,
    0x03, 0xF0, 0x00, 0xFC, 0x00, 0x3F, 0x00, 0x0F, 0xC0, 0x03, 0xFF, 0xFF, 0xFF, 0xFF, 0xFF, 0xFF,
    0xFF, 0xFF, 0xFF, 0xFF, 0xFF, 0xFF, 0xF0, 0x00, 0xFC, 0x00, 0x3F, 0x00, 0x0F, 0xC0, 0x03, 0xF0,
    0x00, 0xFC, 0x00, 0x3F, 0x00, 0x0F, 0xC0, 0x03, 0xF0, 0x00, 0xFC, 0x00, 0x3F, 0x00, 0x0F, 0xC0,
    0x03, 0xF0, 0x00, 0xFC, 0x00, 0x3F, 0x00, 0x0F, 0xC0, 0x03, 0xF0, 0x00, 0xFC, 0x00, 0x3F, 0x00,
    0x0F, 0xC0, 0x03, 0xF0, 0x00, 0xFC, 0x00, 0x00, 0x00, 0x3E, 0x00, 0x7C, 0x00, 0xF8, 0x01, 0xF0,
    0x03, 0xE0, 0x07, 0xFF, 0xFF, 0xFF, 0xFF, 0xFF, 0xFF, 0xFF, 0xFF, 0xFF, 0xFF, 0xE0, 0x0F, 0xC0,
    0x1F, 0x80, 0x3F, 0x00, 0x7E, 0x00, 0xFC, 0x01, 0xF8, 0x03, 0xF0, 0x07, 0xE0, 0x0F, 0xC0, 0x1F,
    0x80, 0x3F, 0x00, 0x7E, 0x00, 0xFC, 0x01, 0xF8, 0x03, 0xF0, 0x00, 0x3F, 0xFF, 0xF3, 0xFF, 0xFF,
    0x3F, 0xFF, 0xF3, 0xFF, 0xFF, 0x3F, 0xFF, 0xF3, 0xF0, 0x00, 0x3F, 0x00, 0x03, 0xF0, 0x00, 0x3F,
    0x00, 0x03, 0xF0, 0x00, 0x3F, 0x00, 0x0F, 0xFF, 0xF0, 0xFF, 0xFF, 0x0F, 0xFF, 0xF0, 0xFF, 0xFF,
    0x0F, 0xFF, 0xF0, 0x3F, 0x00, 0x03, 0xF0, 0x00, 0x3F, 0x00, 0x03, 0xF0, 0x00, 0x3F, 0x00, 0x03,
    0xF0, 0x00, 0x3F, 0x00, 0x03, 0xF0, 0x00, 0x3F, 0x00, 0x03, 0xF0, 0x00, 0x3F, 0x00, 0x00, 0x3F,
    0xFF, 0xCF, 0xFF, 0xF3, 0xFF, 0xFC, 0xFF, 0xFF, 0x3F, 0xFF, 0xCF, 0xC0, 0x03, 0xF0, 0x00, 0xFC,
    0x00, 0x3F, 0x00, 0x3F, 0xFF, 0x0F, 0xFF, 0xC3, 0xFF, 0xF0, 0xFF, 0xFC, 0x3F, 0xFF, 0x03, 0xF0,
    0x00, 0xFC, 0x00, 0x3F, 0x00, 0x0F, 0xC0, 0x03, 0xF0, 0x00, 0xFC, 0x00, 0x3F, 0x00, 0x00, 0xFF,
    0xFF, 0xC1, 0xFF, 0xFF, 0x83, 0xFF, 0xFF, 0x07, 0xFF, 0xFE, 0x0F, 0xFF, 0xF8, 0x1F, 0x80, 0x00,
    0x3F, 0x00, 0x00, 0x7E, 0x00, 0x00, 0xFC, 0x00, 0x01, 0xF8, 0x00, 0x03, 0xF0, 0x00, 0x07, 0xE0,
    0x00, 0x0F, 0xFF, 0xE0, 0x1F, 0xFF, 0xF8, 0x3F, 0xFF, 0xF8, 0x7F, 0xFF, 0xF8, 0xFF, 0xFF, 0xF9,
    0xFC, 0x3F, 0xFB, 0xF0, 0x0F, 0xF7, 0xE0, 0x0F, 0xEF, 0xC0, 0x0F, 0xFF, 0x80, 0x1F, 0xFF, 0x00,
    0x3F, 0xFE, 0x00, 0x3F, 0xFC, 0x00, 0x7F, 0xF8, 0x00, 0xFF, 0xF0, 0x03, 0xF8, 0x00, 0x07, 0xF0,
    0x00, 0x0F, 0xE0, 0x00, 0x3F, 0x80, 0xF1, 0xFF, 0x01, 0xFF, 0xFC, 0x03, 0xFF, 0xF8, 0x07, 0xFF,
    0xE0, 0x0F, 0xFF, 0x00, 0x0F, 0xFC, 0x00, 0xFF, 0xFE, 0x1F, 0xFF, 0xC3, 0xFF, 0xF8, 0x7F, 0xFF,
    0x0F, 0xFF, 0xE1, 0xF8, 0x00, 0x3F, 0x00, 0x07, 0xE0, 0x00, 0xFC, 0x00, 0x1F, 0xFF, 0x03, 0xFF,
    0xF8, 0x7F, 0xFF, 0x8F, 0xFF, 0xF9, 0xFF, 0xFF, 0xBF, 0x07, 0xF7, 0xE0, 0x7E, 0xFC, 0x0F, 0xFF,
    0x81, 0xFF, 0xF0, 0x1F, 0xFE, 0x03, 0xFF, 0xC0, 0x7E, 0x00, 0x1F, 0xC0, 0x03, 0xF8, 0x00, 0x7F,
    0x00, 0x1F, 0xC1, 0xFF, 0xF8, 0x3F, 0xFE, 0x07, 0xFF, 0x80, 0xFF, 0xE0, 0x0F, 0xF8, 0x00, 0x7F,
    0x00, 0xFC, 0x07, 0xF0, 0x7F, 0x01, 0xF8, 0x0F, 0xC0, 0x7E, 0x03, 0xF0, 0x3F, 0x80, 0xFE, 0x07,
    0xE0, 0xFE, 0x00, 0xFE, 0x0F, 0xC1, 0xF8, 0x00, 0xFC, 0x1F, 0x87, 0xF0, 0x01, 0xFC, 0x3F, 0x0F,
    0xC0, 0x01, 0xFC, 0x7E, 0x3F, 0x00, 0x01, 0xF8, 0xFC, 0xFE, 0x00, 0x03, 0xF9, 0xF9, 0xF8, 0x00,
    0x03, 0xFB, 0xF7, 0xE0, 0x00, 0x03, 0xF7, 0xFF, 0xC0, 0x00, 0x03, 0xFF, 0xFF, 0x00, 0x00, 0x07,
    0xFF, 0xFE, 0x00, 0x00, 0x1F, 0xFF, 0xFC, 0x00, 0x00, 0x3F, 0x7F, 0xFC, 0x00, 0x00, 0xFE, 0xFD,
    0xF8, 0x00, 0x03, 0xF9, 0xF9, 0xF8, 0x00, 0x0F, 0xE3, 0xF3, 0xF8, 0x00, 0x1F, 0xC7, 0xE3, 0xF0,
    0x00, 0x7F, 0x0F, 0xC3, 0xF0, 0x01, 0xFC, 0x1F, 0x87, 0xF0, 0x03, 0xF8, 0x3F, 0x07, 0xFF, 0x8F,
    0xE0, 0x7E, 0x07, 0xFF, 0x3F, 0x80, 0xFC, 0x0F, 0xFE, 0x7E, 0x01, 0xF8, 0x0F, 0xFD, 0xFC, 0x03,
    0xF0, 0x0F, 0xF8, 0x00, 0x00, 0x00, 0x03, 0xF0, 0x00, 0x00, 0x00, 0x07, 0xE0, 0x00, 0x00, 0x00,
    0x0F, 0xC0, 0x00, 0x00, 0x00, 0x1F, 0x80, 0x00, 0x00, 0x00, 0x3F, 0x00, 0x00, 0x00, 0x00, 0x7E,
    0x00, 0x00, 0x00, 0x00, 0xFC, 0x00, 0x00, 0x00, 0x01, 0xF8, 0x7F, 0x03, 0xF0, 0x3F, 0x8F, 0xE0,
    0x7E, 0x0F, 0xE0, 0xFE, 0x0F, 0xC1, 0xFC, 0x0F, 0xE1, 0xF8, 0x7F, 0x00, 0xFC, 0x3F, 0x1F, 0xC0,
    0x1F, 0xC7, 0xE3, 0xF0, 0x01, 0xFC, 0xFC, 0xFE, 0x00, 0x1F, 0x9F, 0xBF, 0x80, 0x01, 0xFB, 0xF7,
    0xE0, 0x00, 0x3F, 0xFF, 0xF8, 0x00, 0x03, 0xFF, 0xFF, 0x00, 0x00, 0xFF, 0xFF, 0xF0, 0x00, 0x3F,
    0xBF, 0x7F, 0x00, 0x0F, 0xE7, 0xEF, 0xE0, 0x01, 0xFC, 0xFC, 0xFE, 0x00, 0x7F, 0x1F, 0x8F, 0xE0,
    0x1F, 0xC3, 0xF0, 0xFC, 0x07, 0xF0, 0x7E, 0x1F, 0xFC, 0xFE, 0x0F, 0xC1, 0xFF, 0xBF, 0x81, 0xF8,
    0x1F, 0xFF, 0xE0, 0x3F, 0x01, 0xFE, 0x00, 0x00, 0x00, 0x07, 0xC0, 0x00, 0x00, 0x00, 0xF8, 0x00,
    0x00, 0x00, 0x1F, 0x00, 0x00, 0x00, 0x03, 0xE0, 0x00, 0x00, 0x00, 0x7C, 0x00, 0x00, 0x00, 0x0F,
    0x80, 0x00, 0x00, 0x01, 0xF0, 0x00, 0x00, 0x00, 0x3E, 0x1F, 0xFC, 0x1F, 0xFF, 0xE3, 0xFF, 0xFE,
    0x3F, 0xFF, 0xE7, 0xFF, 0xFE, 0xE0, 0x1F, 0xC0, 0x03, 0xF8, 0x00, 0x3F, 0x00, 0x0F, 0xE0, 0x01,
    0xF8, 0x01, 0xFF, 0x0F, 0xFF, 0xC1, 0xFF, 0xE0, 0x3F, 0xFE, 0x07, 0xFF, 0xE0, 0x7F, 0xFE, 0x00,
    0x0F, 0xE0, 0x00, 0xFC, 0x00, 0x1F, 0x80, 0x03, 0xF0, 0x00, 0x7F, 0xC0, 0x1F, 0xFF, 0xFF, 0xFF,
    0xFF, 0xFE, 0xFF, 0xFF, 0x9F, 0xFF, 0xE0, 0xFF, 0xF0, 0x00, 0x78, 0x00, 0x07, 0x80, 0x00, 0xF8,
    0x00, 0x0F, 0x00, 0x01, 0xE0, 0x02, 0x7C, 0x00, 0x7F, 0x80, 0x0F, 0xF0, 0x01, 0xF8, 0x00, 0x1F,
    0xF8, 0x3F, 0xFF, 0x1F, 0xFF, 0xCF, 0xFF, 0xF3, 0xFF, 0xF9, 0x81, 0xFC, 0x00, 0x7E, 0x00, 0x7F,
    0x00, 0x7F, 0x07, 0xFF, 0x83, 0xFF, 0x01, 0xFF, 0xC0, 0xFF, 0xF0, 0x7F, 0xFC, 0x00, 0x7E, 0x00,
    0x3F, 0x7F, 0xFF, 0xBF, 0xFF, 0xDF, 0xFF, 0xCF, 0xFF, 0xC3, 0xFF, 0xC0, 0x0F, 0x00, 0x03, 0xC0,
    0x01, 0xF0, 0x00, 0x78, 0x00, 0x3C, 0x01, 0xBE, 0x00, 0xFF, 0x00, 0x7F, 0x80, 0x3F, 0x00, 0xFC,
    0x03, 0xF8, 0xFC, 0x07, 0xF0, 0xFC, 0x07, 0xF0, 0xFC, 0x0F, 0xE0, 0xFC, 0x1F, 0xC0, 0xFC, 0x1F,
    0x80, 0xFC, 0x3F, 0x80, 0xFC, 0x7F, 0x00, 0xFC, 0x7E, 0x00, 0xFC, 0xFE, 0x00, 0xFD, 0xFC, 0x00,
    0xFD, 0xF8, 0x00, 0xFF, 0xF0, 0x00, 0xFF, 0xF0, 0x00, 0xFF, 0xF8, 0x00, 0xFD, 0xF8, 0x00, 0xFD,
    0xFC, 0x00, 0xFC, 0xFE, 0x00, 0xFC, 0x7E, 0x00, 0xFC, 0x7F, 0x00, 0xFC, 0x3F, 0x80, 0xFC, 0x1F,
    0x80, 0xFC, 0x1F, 0xFF, 0xFC, 0x0F, 0xFF, 0xFC, 0x07, 0xFF, 0xFC, 0x03, 0xFF, 0xFC, 0x03, 0xFF,
    0x00, 0x00, 0x3F, 0x00, 0x00, 0x3F, 0x00, 0x00, 0x3F, 0x00, 0x00, 0x3F, 0x00, 0x00, 0x3F, 0x00,
    0x00, 0x3F, 0x00, 0x00, 0x3F, 0x00, 0x00, 0x3F, 0xFC, 0x0F, 0xE7, 0xE0, 0x7F, 0x3F, 0x07, 0xF1,
    0xF8, 0x7F, 0x0F, 0xC3, 0xF0, 0x7E, 0x3F, 0x83, 0xF3, 0xF8, 0x1F, 0xBF, 0x80, 0xFD, 0xF8, 0x07,
    0xFF, 0xC0, 0x3F, 0xFC, 0x01, 0xFF, 0xF0, 0x0F, 0xDF, 0xC0, 0x7E, 0xFE, 0x03, 0xF3, 0xF8, 0x1F,
    0x8F, 0xE0, 0xFC, 0x3F, 0x87, 0xE0, 0xFF, 0xFF, 0x07, 0xFF, 0xF8, 0x1F, 0xFF, 0xC0, 0x7F, 0x80,
    0x00, 0x7C, 0x00, 0x03, 0xE0, 0x00, 0x1F, 0x00, 0x00, 0xF8, 0x00, 0x07, 0xC0, 0x00, 0x3E, 0x00,
    0x01, 0xF0, 0x00, 0x0F, 0x80, 0xFC, 0x01, 0xFD, 0xF8, 0x07, 0xF3, 0xF0, 0x1F, 0xC7, 0xE7, 0x7F,
    0x8F, 0xCE, 0xFE, 0x1F, 0x9F, 0xF8, 0x3F, 0x3F, 0xE0, 0x7E, 0x7F, 0xC0, 0xFC, 0xFF, 0x01, 0xF9,
    0xFC, 0x03, 0xF7, 0xF8, 0x07, 0xEF, 0xE0, 0x0F, 0xFF, 0x80, 0x1F, 0xFF, 0x00, 0x3F, 0xFE, 0x00,
    0x7E, 0xFE, 0x00, 0xFD, 0xFE, 0x01, 0xF9, 0xFE, 0x03, 0xF3, 0xFC, 0x07, 0xE7, 0xFC, 0x0F, 0xCF,
    0xFC, 0x1F, 0x9F, 0xFC, 0x3F, 0x3B, 0xF8, 0x7E, 0x73, 0xF8, 0xFC, 0x07, 0xF9, 0xF8, 0x07, 0xFB,
    0xF0, 0x07, 0xF0, 0xFC, 0x07, 0xF7, 0xE0, 0x7F, 0x3F, 0x77, 0xF1, 0xFB, 0xFF, 0x0F, 0xDF, 0xF0,
    0x7E, 0xFF, 0x83, 0xF7, 0xF8, 0x1F, 0xBF, 0x80, 0xFD, 0xF8, 0x07, 0xFF, 0x80, 0x3F, 0xFC, 0x01,
    0xFF, 0xF0, 0x0F, 0xDF, 0xC0, 0x7E, 0xFF, 0x03, 0xF7, 0xF8, 0x1F, 0xBF, 0xE0, 0xFD, 0xFF, 0x87,
    0xEE, 0xFE, 0x3F, 0x77, 0xF9, 0xF8, 0x1F, 0xCF, 0xC0, 0x7F, 0x00, 0x3F, 0x00, 0x7F, 0x1F, 0x80,
    0x7F, 0x3F, 0xF8, 0x7F, 0x1F, 0xFC, 0x3F, 0x8F, 0xFE, 0x3F, 0x87, 0xFF, 0x3F, 0x83, 0xFF, 0x9F,
    0xC0, 0x7E, 0x1F, 0xC0, 0x3F, 0x1F, 0xC0, 0x1F, 0x8F, 0xC0, 0x0F, 0xFF, 0xE0, 0x07, 0xFF, 0xE0,
    0x03, 0xFF, 0xE0, 0x01, 0xFF, 0xF8, 0x00, 0xFF, 0xFE, 0x00, 0x7E, 0x7F, 0x00, 0x3F, 0x1F, 0xC0,
    0x1F, 0x8F, 0xF0, 0x0F, 0xC3, 0xF8, 0x07, 0xE0, 0xFE, 0x03, 0xF0, 0x7F, 0x81, 0xF8, 0x1F, 0xC0,
    0xFC, 0x07, 0xF0, 0x7E, 0x03, 0xFC, 0x3F, 0x00, 0xFE, 0x1F, 0x80, 0x3F, 0x8F, 0xC0, 0x1F, 0xE0,
    0x1F, 0x80, 0x00, 0x1F, 0x80, 0x00, 0x1F, 0x80, 0x00, 0xFF, 0xFC, 0x00, 0xFF, 0xFC, 0x00, 0xFF,
    0xFC, 0x00, 0xFF, 0xFC, 0x00, 0x1F, 0x80, 0x00, 0x1F, 0x80, 0xFE, 0x1F, 0x81, 0xFC, 0x1F, 0x83,
    0xF8, 0x1F, 0x87, 0xF0, 0x1F, 0x87, 0xF0, 0x1F, 0x8F, 0xE0, 0x1F, 0x9F, 0xC0, 0x1F, 0xBF, 0x80,
    0x1F, 0xBF, 0x00, 0x1F, 0xFF, 0x00, 0x1F, 0xFF, 0x00, 0x1F, 0xFF, 0x00, 0x1F, 0xBF, 0x80, 0x1F,
    0x9F, 0xC0, 0x1F, 0x9F, 0xE0, 0x1F, 0x8F, 0xF0, 0x1F, 0x87, 0xF0, 0x1F, 0x83, 0xF8, 0x1F, 0x81,
    0xFC, 0x1F, 0x81, 0xFE, 0x1F, 0x80, 0xFF, 0xFF, 0xF0, 0x0F, 0xEF, 0xFF, 0x00, 0xFE, 0xFF, 0xF0,
    0x1F, 0xCF, 0xFF, 0x03, 0xF8, 0xFF, 0xF0, 0x7F, 0x00, 0x3F, 0x07, 0xF0, 0x03, 0xF0, 0xFE, 0x00,
    0x3F, 0x1F, 0xC0, 0x03, 0xF3, 0xF8, 0x00, 0x3F, 0x3F, 0x00, 0x03, 0xF7, 0xF0, 0x00, 0x3F, 0xFE,
    0x00, 0x03, 0xFF, 0xC0, 0x00, 0x3F, 0xFE, 0x00, 0x03, 0xFF, 0xE0, 0x00, 0x3F, 0x7F, 0x00, 0x03,
    0xF3, 0xF8, 0x00, 0x3F, 0x3F, 0x80, 0x03, 0xF1, 0xFC, 0x00, 0x3F, 0x0F, 0xE0, 0x03, 0xF0, 0xFF,
    0x00, 0x3F, 0x07, 0xF0, 0x03, 0xF0, 0x3F, 0x80, 0x3F, 0x01, 0xFC, 0x03, 0xF0, 0x1F, 0xE0, 0x3F,
    0x00, 0xFE, 0x03, 0xF0, 0x07, 0xF0, 0xFF, 0xF8, 0x0F, 0xCF, 0xFF, 0x81, 0xFC, 0xFF, 0xF8, 0x3F,
    0x8F, 0xFF, 0x87, 0xF0, 0xFF, 0xF8, 0x7E, 0x00, 0x1F, 0x8F, 0xC0, 0x01, 0xF9, 0xFC, 0x00, 0x1F,
    0xBF, 0x80, 0x01, 0xFB, 0xF0, 0x00, 0x1F, 0xFE, 0x00, 0x01, 0xFF, 0xE0, 0x00, 0x1F, 0xFF, 0x00,
    0x01, 0xFB, 0xF8, 0x00, 0x1F, 0x9F, 0x80, 0x01, 0xF8, 0xFC, 0x00, 0x1F, 0x8F, 0xE0, 0x01, 0xF8,
    0x7F, 0x00, 0x1F, 0x83, 0xF8, 0x01, 0xF8, 0x1F, 0x80, 0x1F, 0x81, 0xFC, 0x01, 0xF8, 0x0F, 0xE0,
    0xFC, 0x00, 0xFC, 0x0F, 0xC0, 0x0F, 0xC0, 0xFC, 0x00, 0xFC, 0x0F, 0xC0, 0x0F, 0xC0, 0xFC, 0x00,
    0xFC, 0x0F, 0xC0, 0x0F, 0xC0, 0xFC, 0x00, 0xFC, 0x0F, 0xC0, 0x0F, 0xC0, 0xFC, 0x00, 0xFC, 0x0F,
    0xC0, 0x0F, 0xC0, 0xFF, 0xFF, 0xFC, 0x0F, 0xFF, 0xFF, 0xC0, 0xFF, 0xFF, 0xFC, 0x0F, 0xFF, 0xFF,
    0xC0, 0xFF, 0xFF, 0xFC, 0x0F, 0xC0, 0x0F, 0xC0, 0xFC, 0x00, 0xFC, 0x0F, 0xC0, 0x0F, 0xC0, 0xFC,
    0x00, 0xFC, 0x0F, 0xC0, 0x0F, 0xC0, 0xFC, 0x00, 0xFC, 0x0F, 0xC0, 0x0F, 0xC0, 0xFC, 0x00, 0xFF,
    0xFF, 0xC0, 0x0F, 0xFF, 0xFC, 0x00, 0xFF, 0xFF, 0xC0, 0x0F, 0xFF, 0xFC, 0x00, 0xFF, 0xF0, 0x00,
    0x00, 0x3F, 0x00, 0x00, 0x03, 0xF0, 0x00, 0x00, 0x3F, 0x00, 0x00, 0x03, 0xF0, 0x00, 0x00, 0x3F,
    0x00, 0x00, 0x03, 0xF0, 0x00, 0x00, 0x3F, 0x00, 0x00, 0x03, 0xF0, 0xFC, 0x07, 0xE0, 0xFC, 0x07,
    0xE0, 0xFC, 0x07, 0xE0, 0xFC, 0x07, 0xE0, 0xFC, 0x07, 0xE0, 0xFC, 0x07, 0xE0, 0xFC, 0x07, 0xE0,
    0xFC, 0x07, 0xE0, 0xFF, 0xFF, 0xE0, 0xFF, 0xFF, 0xE0, 0xFF, 0xFF, 0xE0, 0xFF, 0xFF, 0xE0, 0xFF,
    0xFF, 0xE0, 0xFC, 0x07, 0xE0, 0xFC, 0x07, 0xE0, 0xFC, 0x07, 0xE0, 0xFC, 0x07, 0xE0, 0xFC, 0x07,
    0xFF, 0xFC, 0x07, 0xFF, 0xFC, 0x07, 0xFF, 0xFC, 0x07, 0xFF, 0x00, 0x00, 0x1F, 0x00, 0x00, 0x1F,
    0x00, 0x00, 0x1F, 0x00, 0x00, 0x1F, 0x00, 0x00, 0x1F, 0x00, 0x00, 0x1F, 0x00, 0x00, 0x1F, 0x00,
    0x00, 0x1F, 0xFC, 0x00, 0xFF, 0xFF, 0xC0, 0x0F, 0xFF, 0xFC, 0x00, 0xFF, 0xFF, 0xC0, 0x0F, 0xFF,
    0xFC, 0x00, 0xFF, 0xFF, 0xC0, 0x0F, 0xC0, 0xFC, 0x00, 0xFC, 0x0F, 0xC0, 0x0F, 0xC0, 0xFC, 0x00,
    0xFC, 0x0F, 0xC0, 0x0F, 0xC0, 0xFF, 0xFF, 0xFC, 0x0F, 0xFF, 0xFF, 0xC0, 0xFF, 0xFF, 0xFC, 0x0F,
    0xFF, 0xFF, 0xC0, 0xFF, 0xFF, 0xFC, 0x0F, 0xC0, 0x0F, 0xC0, 0xFC, 0x00, 0xFC, 0x0F, 0xC0, 0x0F,
    0xC0, 0xFC, 0x00, 0xFC, 0x0F, 0xC0, 0x0F, 0xC0, 0xFC, 0x00, 0xFC, 0x0F, 0xC0, 0x0F, 0xC0, 0xFC,
    0x00, 0xFC, 0x0F, 0xC0, 0x0F, 0xC0, 0xFC, 0x00, 0xFC, 0x0F, 0xC0, 0x0F, 0xC0, 0xFC, 0x00, 0xFC,
    0x00, 0xFC, 0x07, 0xFF, 0xFF, 0x01, 0xFF, 0xFF, 0xC0, 0x7F, 0xFF, 0xF0, 0x1F, 0xFF, 0xFC, 0x07,
    0xFF, 0xFF, 0x01, 0xF8, 0x0F, 0xC0, 0x7E, 0x03, 0xF0, 0x1F, 0x80, 0xFF, 0xFF, 0xE0, 0x3F, 0xFF,
    0xF8, 0x0F, 0xFF, 0xFE, 0x03, 0xFF, 0xFF, 0x80, 0xFF, 0xFF, 0xE0, 0x3F, 0x01, 0xF8, 0x0F, 0xC0,
    0x7E, 0x03, 0xF0, 0x1F, 0x80, 0xFC, 0x07, 0xE0, 0x3F, 0x01, 0xF8, 0x0F, 0xC0, 0x7E, 0x03, 0xF0,
    0x1F, 0x80, 0xFC, 0x07, 0xE0, 0x00, 0xFF, 0xFF, 0xF8, 0x00, 0x07, 0xFF, 0xFF, 0xC0, 0x00, 0x3F,
    0xFF, 0xFE, 0x00, 0x01, 0xFF, 0xFF, 0xF0, 0x00, 0x0F, 0xFF, 0xFF, 0x80, 0x00, 0x7E, 0x00, 0xFC,
    0x00, 0x03, 0xF0, 0x07, 0xE0, 0x00, 0x1F, 0x80, 0x3F, 0x00, 0x00, 0xFC, 0x01, 0xF8, 0x00, 0x07,
    0xE0, 0x0F, 0xC0, 0x00, 0x3F, 0x00, 0x7E, 0x00, 0x01, 0xF8, 0x03, 0xF0, 0x00, 0x0F, 0xC0, 0x1F,
    0xFF, 0xC0, 0x7E, 0x00, 0xFF, 0xFF, 0x83, 0xF0, 0x07, 0xFF, 0xFF, 0x1F, 0x80, 0x3F, 0xFF, 0xFC,
    0xFC, 0x01, 0xFF, 0xFF, 0xE7, 0xE0, 0x0F, 0xE3, 0xFF, 0xBF, 0x00, 0x7E, 0x03, 0xFD, 0xF8, 0x03,
    0xF0, 0x07, 0xFF, 0xC0, 0x1F, 0x80, 0x3F, 0xFE, 0x00, 0xFC, 0x00, 0xFF, 0xF0, 0x07, 0xE0, 0x07,
    0xFF, 0x80, 0x3F, 0x00, 0x3F, 0xFC, 0x01, 0xF8, 0x01, 0xFF, 0xE0, 0x0F, 0xC0, 0x0F, 0xFF, 0x00,
    0x7E, 0x00, 0x7E, 0x00, 0x00, 0x00, 0x07, 0xF0, 0x00, 0x00, 0x00, 0x3F, 0x80, 0x00, 0x00, 0x03,
    0xFC, 0x00, 0x00, 0x1C, 0x7F, 0xC0, 0x00, 0x00, 0xFF, 0xFE, 0x00, 0x00, 0x07, 0xFF, 0xE0, 0x00,
    0x00, 0x3F, 0xFE, 0x00, 0x00, 0x01, 0xFF, 0xE0, 0x00, 0x00, 0x0F, 0xFC, 0x00, 0xFF, 0xFF, 0xC0,
    0x07, 0xFF, 0xFE, 0x00, 0x3F, 0xFF, 0xF0, 0x01, 0xFF, 0xFF, 0x80, 0x0F, 0xFF, 0xFC, 0x00, 0x7E,
    0x07, 0xE0, 0x03, 0xF0, 0x3F, 0x00, 0x1F, 0x81, 0xF8, 0x00, 0xFC, 0x0F, 0xC0, 0x07, 0xE0, 0x7F,
    0xF8, 0x3F, 0x03, 0xFF, 0xE1, 0xF8, 0x1F, 0xFF, 0xCF, 0xC0, 0xFF, 0xFE, 0x7E, 0x07, 0xFF, 0xFB,
    0xF0, 0x3F, 0x1F, 0xDF, 0x81, 0xF8, 0x7F, 0xFC, 0x0F, 0xC3, 0xFF, 0xE0, 0x7E, 0x0F, 0xFF, 0x03,
    0xF0, 0x7F, 0xF8, 0x1F, 0x83, 0xFF, 0xC0, 0xFC, 0x1F, 0x80, 0x00, 0x00, 0xFC, 0x00, 0x00, 0x07,
    0xE0, 0x00, 0x00, 0x7F, 0x00, 0x00, 0x07, 0xF8, 0x00, 0x0F, 0xFF, 0x80, 0x00, 0x7F, 0xFC, 0x00,
    0x03, 0xFF, 0xC0, 0x00, 0x1F, 0xFC, 0x00, 0x00, 0xFF, 0x80, 0x01, 0xFF, 0x80, 0x01, 0xFF, 0xE0,
    0x00, 0xFF, 0xF0, 0x00, 0x7F, 0xFC, 0x00, 0x3F, 0xFF, 0x00, 0x1F, 0xE0, 0x00, 0x07, 0xF0, 0x3F,
    0x81, 0xF8, 0x3F, 0xF8, 0xFE, 0x1F, 0xFF, 0x3F, 0x87, 0xFF, 0xCF, 0xC3, 0xFF, 0xFB, 0xF0, 0xFE,
    0x7E, 0xFC, 0x3F, 0x9F, 0xBF, 0x0F, 0xC3, 0xEF, 0xC3, 0xF0, 0xFB, 0xF0, 0xFC, 0x3E, 0xFC, 0x3F,
    0x1F, 0xBF, 0x8F, 0xE7, 0xEF, 0xE1, 0xF9, 0xF9, 0xF8, 0x7E, 0xFC, 0x7F, 0x1F, 0xFF, 0x1F, 0xE3,
    0xFF, 0x83, 0xFF, 0xFF, 0xE0, 0x7F, 0xFF, 0xFF, 0x0F, 0xFF, 0xFF, 0xC1, 0xFF, 0xFF, 0xF0, 0x1F,
    0xFF, 0xFC, 0x00, 0x00, 0xFF, 0x07, 0xF8, 0x00, 0x7F, 0xE0, 0x03, 0xFF, 0x80, 0x1F, 0xFE, 0x00,
    0x7F, 0xF7, 0x83, 0xF8, 0x7F, 0x8F, 0xE3, 0xFF, 0x3F, 0x1F, 0xFE, 0xFC, 0x7F, 0xFB, 0xF1, 0xF3,
    0xEF, 0xC7, 0x87, 0xBF, 0x1E, 0x1E, 0xFC, 0x78, 0x7B, 0xF1, 0xF3, 0xEF, 0xE7, 0xDF, 0xBF, 0x9F,
    0xFC, 0x7F, 0xFF, 0xF0, 0xFF, 0xFF, 0xF3, 0xFF, 0xFF, 0xC7, 0xFF, 0xFF, 0x07, 0xFF, 0xFC, 0x00,
    0x07, 0xF0, 0x00, 0xFF, 0xE0, 0x0F, 0xFF, 0xE0, 0xFF, 0xFF, 0x87, 0xFF, 0xFE, 0x3F, 0xFF, 0xF0,
    0xFF, 0x01, 0xC7, 0xF0, 0x00, 0x1F, 0xC0, 0x00, 0xFE, 0x00, 0x03, 0xF8, 0x00, 0x0F, 0xC0, 0x00,
    0x3F, 0x00, 0x00, 0xFC, 0x00, 0x03, 0xF0, 0x00, 0x0F, 0xC0, 0x00, 0x3F, 0x00, 0x00, 0xFC, 0x00,
    0x03, 0xF8, 0x00, 0x0F, 0xE0, 0x00, 0x1F, 0x80, 0x00, 0x7F, 0x00, 0x01, 0xFE, 0x00, 0xC3, 0xFF,
    0xFF, 0x07, 0xFF, 0xFC, 0x0F, 0xFF, 0xF0, 0x1F, 0xFF, 0xC0, 0x1F, 0xFE, 0x00, 0x0F, 0x00, 0x00,
    0x3E, 0x00, 0x00, 0x7C, 0x00, 0x00, 0xF0, 0x00, 0x03, 0xC0, 0x00, 0x9F, 0x00, 0x03, 0xFC, 0x00,
    0x0F, 0xE0, 0x00, 0x3F, 0x00, 0x03, 0xFF, 0x07, 0xFF, 0xCF, 0xFF, 0xC7, 0xFF, 0xE7, 0xFF, 0xF7,
    0xF8, 0x13, 0xF8, 0x01, 0xF8, 0x00, 0xFC, 0x00, 0x7E, 0x00, 0x3F, 0x00, 0x1F, 0x80, 0x0F, 0xC0,
    0x07, 0xF0, 0x03, 0xF8, 0x01, 0xFE, 0x06, 0x7F, 0xFF, 0x3F, 0xFF, 0x8F, 0xFF, 0xC3, 0xFF, 0xE0,
    0x7F, 0xE0, 0x0F, 0x00, 0x03, 0xC0, 0x01, 0xF0, 0x00, 0x78, 0x00, 0x3C, 0x00, 0xBE, 0x00, 0x7F,
    0x00, 0x3F, 0x80, 0x1F, 0x80, 0xFF, 0xFF, 0xFF, 0xFF, 0xFF, 0xFF, 0xFF, 0xFF, 0xFF, 0xFF, 0xFF,
    0xFF, 0xF0, 0x1F, 0x80, 0x01, 0xF8, 0x00, 0x1F, 0x80, 0x01, 0xF8, 0x00, 0x1F, 0x80, 0x01, 0xF8,
    0x00, 0x1F, 0x80, 0x01, 0xF8, 0x00, 0x1F, 0x80, 0x01, 0xF8, 0x00, 0x1F, 0x80, 0x01, 0xF8, 0x00,
    0x1F, 0x80, 0x01, 0xF8, 0x00, 0x1F, 0x80, 0x01, 0xF8, 0x00, 0x1F, 0x80, 0x01, 0xFF, 0xE0, 0x1F,
    0xFE, 0x01, 0xFF, 0xE0, 0x1F, 0xFE, 0x01, 0xFF, 0xE0, 0x00, 0x7E, 0x00, 0x07, 0xE0, 0x00, 0x7E,
    0x00, 0x07, 0xE0, 0x00, 0x7E, 0x00, 0x07, 0xE0, 0x00, 0x7E, 0x00, 0x07, 0xE0, 0xFF, 0xFF, 0xFF,
    0xFF, 0xFF, 0xFF, 0xFF, 0xFF, 0xFF, 0xFF, 0xFF, 0xFE, 0x03, 0xF0, 0x00, 0x7E, 0x00, 0x0F, 0xC0,
    0x01, 0xF8, 0x00, 0x3F, 0x00, 0x07, 0xE0, 0x00, 0xFC, 0x00, 0x1F, 0x80, 0x03, 0xF0, 0x00, 0x7E,
    0x00, 0x0F, 0xC0, 0x01, 0xF8, 0x00, 0x3F, 0xF0, 0x07, 0xFE, 0x00, 0xFF, 0xC0, 0x1F, 0xF8, 0x00,
    0x1F, 0x00, 0x03, 0xE0, 0x00, 0x7C, 0x00, 0x0F, 0x80, 0x01, 0xF0, 0x00, 0x3E, 0x00, 0x07, 0xC0,
    0x00, 0xF8, 0xFE, 0x00, 0x7F, 0x7E, 0x00, 0xFE, 0x7F, 0x00, 0xFE, 0x3F, 0x01, 0xFC, 0x3F, 0x81,
    0xFC, 0x1F, 0x83, 0xF8, 0x1F, 0xC3, 0xF0, 0x0F, 0xC7, 0xF0, 0x0F, 0xE7, 0xE0, 0x07, 0xEF, 0xE0,
    0x07, 0xFF, 0xC0, 0x03, 0xFF, 0xC0, 0x03, 0xFF, 0x80, 0x01, 0xFF, 0x80, 0x01, 0xFF, 0x00, 0x00,
    0xFF, 0x00, 0x00, 0x7E, 0x00, 0x00, 0x7E, 0x00, 0x00, 0x7E, 0x00, 0x00, 0x7E, 0x00, 0x00, 0x7E,
    0x00, 0x00, 0x7E, 0x00, 0x00, 0x7E, 0x00, 0x00, 0x7E, 0x00, 0x00, 0x7E, 0x00, 0x00, 0x7E, 0x00,
    0x00, 0x7E, 0x00, 0xFE, 0x01, 0xFF, 0xF8, 0x07, 0xE7, 0xE0, 0x3F, 0x9F, 0xC0, 0xFE, 0x7F, 0x03,
    0xF0, 0xFC, 0x1F, 0xC3, 0xF8, 0x7F, 0x07, 0xE1, 0xF8, 0x1F, 0xCF, 0xE0, 0x7F, 0x3F, 0x00, 0xFC,
    0xFC, 0x03, 0xF7, 0xF0, 0x0F, 0xFF, 0x80, 0x1F, 0xFE, 0x00, 0x7F, 0xF8, 0x00, 0xFF, 0xC0, 0x03,
    0xFF, 0x00, 0x0F, 0xF8, 0x00, 0x1F, 0xE0, 0x00, 0x7F, 0x80, 0x01, 0xFC, 0x00, 0x03, 0xF0, 0x00,
    0x0F, 0xC0, 0x00, 0x3F, 0x00, 0x00, 0xFC, 0x00, 0x03, 0xF0, 0x00, 0x0F, 0xC0, 0x00, 0x3F, 0x00,
    0x00, 0xFC, 0x00, 0x03, 0xF0, 0x00, 0x7F, 0x00, 0x7F, 0x3F, 0x80, 0x3F, 0x8F, 0xE0, 0x1F, 0x87,
    0xF0, 0x1F, 0xC1, 0xFC, 0x0F, 0xC0, 0xFE, 0x0F, 0xE0, 0x3F, 0x87, 0xE0, 0x0F, 0xC7, 0xF0, 0x07,
    0xF3, 0xF0, 0x01, 0xFB, 0xF8, 0x00, 0xFF, 0xF8, 0x00, 0x3F, 0xFC, 0x00, 0x1F, 0xFC, 0x00, 0x07,
    0xFE, 0x00, 0x03, 0xFE, 0x00, 0x00, 0xFF, 0x00, 0x00, 0x7F, 0x00, 0x07, 0xFF, 0xFC, 0x03, 0xFF,
    0xFE, 0x01, 0xFF, 0xFF, 0x00, 0xFF, 0xFF, 0x80, 0x7F, 0xFF, 0xC0, 0x00, 0xFC, 0x00, 0x00, 0x7E,
    0x00, 0x00, 0x3F, 0x00, 0x00, 0x1F, 0x80, 0x00, 0x0F, 0xC0, 0x00, 0xFE, 0x01, 0xFD, 0xF8, 0x07,
    0xE7, 0xF0, 0x3F, 0x9F, 0xC0, 0xFE, 0x3F, 0x03, 0xF0, 0xFE, 0x1F, 0xC3, 0xF8, 0x7F, 0x07, 0xE1,
    0xF8, 0x1F, 0xCF, 0xE0, 0x3F, 0x3F, 0x80, 0xFC, 0xFC, 0x03, 0xFB, 0xF0, 0x07, 0xFF, 0x80, 0x1F,
    0xFE, 0x00, 0x7F, 0xF8, 0x00, 0xFF, 0xC0, 0x03, 0xFF, 0x00, 0x07, 0xFC, 0x00, 0x1F, 0xE0, 0x00,
    0x7F, 0x80, 0x00, 0xFE, 0x00, 0x7F, 0xFF, 0x81, 0xFF, 0xFE, 0x07, 0xFF, 0xF8, 0x1F, 0xFF, 0xE0,
    0x7F, 0xFF, 0x80, 0x0F, 0xC0, 0x00, 0x3F, 0x00, 0x00, 0xFC, 0x00, 0x03, 0xF0, 0x00, 0x7F, 0x00,
    0x3F, 0x87, 0xF0, 0x07, 0xF0, 0x3F, 0x80, 0x7F, 0x01, 0xFC, 0x0F, 0xE0, 0x1F, 0xC0, 0xFC, 0x00,
    0xFE, 0x1F, 0xC0, 0x07, 0xE3, 0xF8, 0x00, 0x7F, 0x3F, 0x00, 0x03, 0xFF, 0xF0, 0x00, 0x1F, 0xFE,
    0x00, 0x01, 0xFF, 0xE0, 0x00, 0x0F, 0xFC, 0x00, 0x00, 0xFF, 0x80, 0x00, 0x07, 0xF8, 0x00, 0x00,
    0xFF, 0xC0, 0x00, 0x1F, 0xFC, 0x00, 0x01, 0xFF, 0xE0, 0x00, 0x3F, 0xFF, 0x00, 0x07, 0xF7, 0xF0,
    0x00, 0x7E, 0x3F, 0x80, 0x0F, 0xE1, 0xFC, 0x01, 0xFC, 0x1F, 0xC0, 0x1F, 0xC0, 0xFF, 0xF3, 0xF8,
    0x0F, 0xFF, 0x3F, 0x00, 0x7F, 0xF7, 0xF0, 0x03, 0xFF, 0xFE, 0x00, 0x3F, 0xF0, 0x00, 0x00, 0x3F,
    0x00, 0x00, 0x03, 0xF0, 0x00, 0x00, 0x3F, 0x00, 0x00, 0x03, 0xF0, 0x00, 0x00, 0x3F, 0x00, 0x00,
    0x03, 0xF0, 0x00, 0x00, 0x3F, 0x00, 0x00, 0x03, 0xF0, 0xFF, 0x03, 0xF8, 0xFE, 0x07, 0xF0, 0xFE,
    0x1F, 0xC1, 0xFC, 0x7F, 0x01, 0xFC, 0xFE, 0x01, 0xFF, 0xF8, 0x03, 0xFF, 0xF0, 0x03, 0xFF, 0xC0,
    0x07, 0xFF, 0x00, 0x07, 0xFE, 0x00, 0x07, 0xF8, 0x00, 0x1F, 0xF8, 0x00, 0x7F, 0xF0, 0x00, 0xFF,
    0xF0, 0x03, 0xFF, 0xF0, 0x0F, 0xEF, 0xE0, 0x1F, 0xCF, 0xE0, 0x7F, 0x0F, 0xFD, 0xFE, 0x1F, 0xFB,
    0xF8, 0x1F, 0xFF, 0xE0, 0x3F, 0xE0, 0x00, 0x07, 0xC0, 0x00, 0x0F, 0x80, 0x00, 0x1F, 0x00, 0x00,
    0x3E, 0x00, 0x00, 0x7C, 0x00, 0x00, 0xF8, 0x00, 0x01, 0xF0, 0x00, 0x03, 0xE0, 0xFF, 0xFF, 0xF3,
    0xF0, 0x3F, 0xFF, 0xFC, 0xFC, 0x0F, 0xFF, 0xFF, 0x3F, 0x03, 0xFF, 0xFF, 0xCF, 0xC0, 0xFF, 0xFF,
    0xF3, 0xF0, 0x00, 0x7E, 0x00, 0xFC, 0x00, 0x1F, 0x80, 0x3F, 0x00, 0x07, 0xE0, 0x0F, 0xC0, 0x01,
    0xF8, 0x03, 0xF0, 0x00, 0x7E, 0x00, 0xFC, 0x00, 0x1F, 0x80, 0x3F, 0x00, 0x07, 0xE0, 0x0F, 0xC0,
    0x01, 0xF8, 0x03, 0xF0, 0x00, 0x7E, 0x00, 0xFC, 0x00, 0x1F, 0x80, 0x3F, 0x00, 0x07, 0xE0, 0x0F,
    0xC0, 0x01, 0xF8, 0x03, 0xF0, 0x00, 0x7E, 0x00, 0xFC, 0x00, 0x1F, 0x80, 0x3F, 0x00, 0x07, 0xE0,
    0x0F, 0xC0, 0x01, 0xF8, 0x03, 0xF0, 0x00, 0x7E, 0x00, 0xFC, 0x00, 0x1F, 0xFF, 0xFF, 0xFC, 0x07,
    0xFF, 0xFF, 0xFF, 0x01, 0xFF, 0xFF, 0xFF, 0xC0, 0x7F, 0xFF, 0xFF, 0xF0, 0x1F, 0xFF, 0xFF, 0xFC,
    0x00, 0x00, 0x00, 0x3F, 0x00, 0x00, 0x00, 0x0F, 0xC0, 0x00, 0x00, 0x03, 0xF0, 0x00, 0x00, 0x00,
    0xFC, 0x00, 0x00, 0x00, 0x3F, 0x00, 0x00, 0x00, 0x0F, 0xC0, 0x00, 0x00, 0x03, 0xF0, 0x00, 0x00,
    0x00, 0xFC, 0x00, 0x00, 0x00, 0x3F, 0xFF, 0xFF, 0x7E, 0x0F, 0xFF, 0xF7, 0xE0, 0xFF, 0xFF, 0x7E,
    0x0F, 0xFF, 0xF7, 0xE0, 0xFF, 0xFF, 0x7E, 0x00, 0xFC, 0x07, 0xE0, 0x0F, 0xC0, 0x7E, 0x00, 0xFC,
    0x07, 0xE0, 0x0F, 0xC0, 0x7E, 0x00, 0xFC, 0x07, 0xE0, 0x0F, 0xC0, 0x7E, 0x00, 0xFC, 0x07, 0xE0,
    0x0F, 0xC0, 0x7E, 0x00, 0xFC, 0x07, 0xE0, 0x0F, 0xC0, 0x7E, 0x00, 0xFC, 0x07, 0xE0, 0x0F, 0xFF,
    0xFF, 0xF0, 0xFF, 0xFF, 0xFF, 0x0F, 0xFF, 0xFF, 0xF0, 0xFF, 0xFF, 0xFF, 0x0F, 0xFF, 0xFF, 0xF0,
    0x00, 0x00, 0x1F, 0x00, 0x00, 0x01, 0xF0, 0x00, 0x00, 0x1F, 0x00, 0x00, 0x01, 0xF0, 0x00, 0x00,
    0x1F, 0x00, 0x00, 0x01, 0xF0, 0x00, 0x00, 0x1F, 0x00, 0x00, 0x01, 0xF0, 0xFC, 0x00, 0xFC, 0x0F,
    0xC0, 0x0F, 0xC0, 0xFC, 0x00, 0xFC, 0x0F, 0xC0, 0x0F, 0xC0, 0xFC, 0x00, 0xFC, 0x0F, 0xC0, 0x0F,
    0xC0, 0xFC, 0x00, 0xFC, 0x0F, 0xC0, 0x0F, 0xC0, 0xFC, 0x00, 0xFC, 0x0F, 0xC0, 0x0F, 0xC0, 0xFC,
    0x00, 0xFC, 0x0F, 0xC0, 0x0F, 0xC0, 0xFE, 0x01, 0xFC, 0x0F, 0xFF, 0xFF, 0xC0, 0xFF, 0xFF, 0xFC,
    0x07, 0xFF, 0xFF, 0xC0, 0x3F, 0xFF, 0xFC, 0x00, 0xFF, 0xCF, 0xC0, 0x00, 0x00, 0xFC, 0x00, 0x00,
    0x0F, 0xC0, 0x00, 0x00, 0xFC, 0x00, 0x00, 0x0F, 0xC0, 0x00, 0x00, 0xFF, 0xF0, 0x00, 0x0F, 0xFF,
    0x00, 0x00, 0xFF, 0xF0, 0x00, 0x0F, 0xFF, 0x00, 0x00, 0xFF, 0xF0, 0x00, 0x00, 0x3F, 0x00, 0x00,
    0x03, 0xF0, 0x00, 0x00, 0x3F, 0x00, 0x00, 0x03, 0xF0, 0x00, 0x00, 0x3F, 0x00, 0x00, 0x03, 0xF0,
    0x00, 0x00, 0x3F, 0x00, 0x00, 0x03, 0xF0, 0xFC, 0x03, 0xF0, 0xFC, 0x03, 0xF0, 0xFC, 0x03, 0xF0,
    0xFC, 0x03, 0xF0, 0xFC, 0x03, 0xF0, 0xFC, 0x03, 0xF0, 0xFC, 0x03, 0xF0, 0xFC, 0x03, 0xF0, 0xFC,
    0x03, 0xF0, 0xFC, 0x07, 0xF0, 0xFF, 0xFF, 0xF0, 0xFF, 0xFF, 0xF0, 0x7F, 0xFF, 0xF0, 0x3F, 0xFF,
    0xF0, 0x1F, 0xF3, 0xF0, 0x00, 0x03, 0xF0, 0x00, 0x03, 0xF0, 0x00, 0x03, 0xFF, 0x00, 0x03, 0xFF,
    0x00, 0x03, 0xFF, 0x00, 0x03, 0xFF, 0x00, 0x00, 0x1F, 0x00, 0x00, 0x1F, 0x00, 0x00, 0x1F, 0x00,
    0x00, 0x1F, 0x00, 0x00, 0x1F, 0x00, 0x00, 0x1F, 0x00, 0x00, 0x1F, 0x00, 0x00, 0x1F, 0xFC, 0x00,
    0xFF, 0xF0, 0x03, 0xFF, 0xC0, 0x0F, 0xFF, 0x00, 0x3F, 0xFC, 0x00, 0xFF, 0xF0, 0x03, 0xFF, 0xC0,
    0x0F, 0xFF, 0x1C, 0x3F, 0xFC, 0x70, 0xFF, 0xF1, 0xC3, 0xFF, 0xC7, 0x0F, 0xFF, 0x1C, 0x3F, 0xFE,
    0x73, 0xFF, 0xFF, 0xFF, 0xFF, 0xFF, 0xFF, 0xDF, 0xFF, 0xFF, 0x3F, 0xFF, 0xFC, 0x3F, 0xF3, 0xF0,
    0x07, 0x0F, 0xC0, 0x1C, 0x3F, 0x00, 0x70, 0xFC, 0x01, 0xC3, 0xF0, 0x07, 0x0F, 0xC0, 0x1C, 0x3F,
    0x00, 0x00, 0xFC, 0x00, 0x03, 0xF0, 0x00, 0x0F, 0xC0, 0xFC, 0x03, 0xFF, 0xC0, 0x3F, 0xFC, 0x03,
    0xFF, 0xC0, 0x3F, 0xFC, 0x03, 0xFF, 0xC0, 0x3F, 0xFC, 0xE3, 0xFF, 0xCE, 0x3F, 0xFC, 0xE3, 0xFF,
    0xCE, 0x7F, 0xFF, 0xFF, 0xFF, 0xFF, 0xFF, 0x7F, 0xFF, 0xF3, 0xFF, 0xFF, 0x1F, 0xF3, 0xF0, 0x0E,
    0x3F, 0x00, 0xE3, 0xF0, 0x0E, 0x3F, 0x00, 0xE3, 0xF0, 0x00, 0x3F, 0x00, 0x03, 0xF0, 0xFC, 0x00,
    0x03, 0xF0, 0x00, 0x0F, 0xC0, 0x00, 0x3F, 0x00, 0x00, 0xFC, 0x00, 0x03, 0xF0, 0x00, 0x0F, 0xC0,
    0x00, 0x3F, 0x00, 0x00, 0xFC, 0x00, 0x03, 0xF3, 0xFF, 0x8F, 0xFF, 0xFF, 0x3F, 0xFF, 0xFE, 0xFF,
    0xFF, 0xFF, 0xFF, 0xFF, 0xFF, 0xE0, 0x1F, 0xFF, 0x00, 0x3F, 0xFC, 0x00, 0xFF, 0xF0, 0x03, 0xFF,
    0xC0, 0x0F, 0xFF, 0x00, 0x3F, 0xFC, 0x00, 0xFF, 0xF0, 0x03, 0xFF, 0xC0, 0x0F, 0xFF, 0x00, 0x3F,
    0xFC, 0x00, 0xFF, 0xF0, 0x03, 0xFF, 0xC0, 0x0F, 0xC0, 0xFC, 0x00, 0x1F, 0x80, 0x03, 0xF0, 0x00,
    0x7E, 0x00, 0x0F, 0xC0, 0x01, 0xF8, 0x00, 0x3F, 0x00, 0x07, 0xE0, 0x00, 0xFC, 0xFF, 0x1F, 0xFF,
    0xF3, 0xFF, 0xFF, 0x7F, 0xFF, 0xFF, 0xFF, 0xFF, 0xFE, 0x1F, 0xFF, 0x81, 0xFF, 0xE0, 0x3F, 0xFC,
    0x07, 0xFF, 0x80, 0xFF, 0xF0, 0x1F, 0xFE, 0x03, 0xFF, 0xC0, 0x7F, 0xF8, 0x0F, 0xFF, 0x01, 0xFF,
    0xE0, 0x3F, 0xFC, 0x07, 0xFF, 0x80, 0xFF, 0xF0, 0x1F, 0xFE, 0x03, 0xFF, 0xC0, 0x7E, 0x00, 0x01,
    0xFF, 0xC0, 0x00, 0x03, 0xFF, 0xF8, 0x00, 0x07, 0xFF, 0xFE, 0x00, 0x07, 0xFF, 0xFF, 0x80, 0x07,
    0xFF, 0xFF, 0xE0, 0x03, 0xFC, 0x07, 0xF3, 0xF3, 0xF8, 0x01, 0xFD, 0xF1, 0xFC, 0x00, 0x7E, 0xF8,
    0xFC, 0x00, 0x3F, 0x7E, 0xFE, 0x00, 0x0F, 0xFF, 0xFF, 0xFF, 0xFF, 0xFF, 0xFF, 0xFF, 0xFF, 0xFF,
    0xFF, 0xFF, 0xFF, 0xFB, 0xFF, 0xFF, 0xFF, 0xFC, 0xFF, 0xFF, 0xFF, 0xFE, 0x03, 0xF8, 0x00, 0x00,
    0x01, 0xFC, 0x00, 0x00, 0x00, 0xFE, 0x00, 0x00, 0x00, 0x3F, 0x00, 0x00, 0x00, 0x1F, 0xC0, 0x00,
    0x20, 0x07, 0xF0, 0x00, 0x70, 0x03, 0xFC, 0x01, 0xF8, 0x00, 0xFF, 0xFF, 0xFC, 0x00, 0x3F, 0xFF,
    0xFE, 0x00, 0x0F, 0xFF, 0xFF, 0x00, 0x03, 0xFF, 0xFE, 0x00, 0x00, 0x7F, 0xFC, 0x00, 0x00, 0x1F,
    0xF0, 0x00, 0x3F, 0xFE, 0x00, 0x3F, 0xFF, 0x80, 0x3F, 0xFF, 0xE0, 0x1F, 0xFF, 0xF7, 0xDF, 0xC1,
    0xFF, 0xCF, 0xC0, 0x7F, 0xFF, 0xFF, 0xFF, 0xFF, 0xFF, 0xFF, 0xFF, 0xFF, 0xFF, 0xFF, 0xFF, 0xFF,
    0xEF, 0xFF, 0xFF, 0xF0, 0x3F, 0x00, 0x00, 0x1F, 0x80, 0x00, 0x0F, 0xE0, 0x00, 0x07, 0xF8, 0x06,
    0x01, 0xFF, 0xFF, 0x00, 0xFF, 0xFF, 0x80, 0x3F, 0xFF, 0xC0, 0x07, 0xFF, 0xE0, 0x01, 0xFF, 0xC0,
    0x00, 0x01, 0xFF, 0xC0, 0x00, 0x07, 0xFF, 0xF8, 0x00, 0x07, 0xFF, 0xFE, 0x00, 0x07, 0xFF, 0xFF,
    0x80, 0x07, 0xFF, 0xFF, 0xE0, 0x07, 0xF8, 0x07, 0xF3, 0xF3, 0xF8, 0x00, 0xFD, 0xF1, 0xF8, 0x00,
    0x7E, 0xF9, 0xFC, 0x00, 0x3F, 0xFE, 0xFC, 0x00, 0x0F, 0xFF, 0xFF, 0xFF, 0xFF, 0xFF, 0xFF, 0xFF,
    0xFF, 0xF7, 0xFF, 0xFF, 0xFF, 0xF9, 0xFF, 0xFF, 0xFF, 0xFC, 0x3F, 0xFF, 0xFF, 0xFE, 0x03, 0xF0,
    0x00, 0x00, 0x01, 0xFC, 0x00, 0x00, 0x00, 0xFE, 0x00, 0x00, 0x00, 0x3F, 0x00, 0x00, 0x00, 0x1F,
    0xC0, 0x00, 0xE0, 0x07, 0xF0, 0x01, 0xF0, 0x03, 0xFF, 0x0F, 0xF8, 0x00, 0xFF, 0xFF, 0xFC, 0x00,
    0x3F, 0xFF, 0xFE, 0x00, 0x0F, 0xFF, 0xFE, 0x00, 0x03, 0xFF, 0xFC, 0x00, 0x00, 0x3F, 0xF0, 0x00,
    0x00, 0x0F, 0xC0, 0x00, 0x00, 0x07, 0xE0, 0x00, 0x00, 0x03, 0xF0, 0x00, 0x00, 0x01, 0xF8, 0x00,
    0x00, 0x00, 0xFC, 0x00, 0x00, 0x00, 0x7E, 0x00, 0x00, 0x00, 0x3F, 0x00, 0x00, 0x00, 0x1F, 0xF0,
    0x00, 0x1F, 0xFE, 0x00, 0x3F, 0xFF, 0x80, 0x1F, 0xFF, 0xE0, 0x1F, 0xFF, 0xF7, 0xCF, 0xC1, 0xFF,
    0xCF, 0xC0, 0xFF, 0xE7, 0xE0, 0x3F, 0xFB, 0xF0, 0x1F, 0xFF, 0xFF, 0xFF, 0xFF, 0xFF, 0xFF, 0xFF,
    0xFF, 0xFF, 0xF7, 0xFF, 0xFF, 0xF8, 0x7F, 0xFF, 0xFC, 0x0F, 0xC0, 0x00, 0x07, 0xE0, 0x00, 0x03,
    0xF8, 0x01, 0x00, 0xFF, 0x0F, 0x80, 0x7F, 0xFF, 0xC0, 0x1F, 0xFF, 0xE0, 0x07, 0xFF, 0xF0, 0x00,
    0xFF, 0xF0, 0x00, 0x1F, 0x80, 0x00, 0x0F, 0xC0, 0x00, 0x07, 0xE0, 0x00, 0x03, 0xF0, 0x00, 0x01,
    0xF8, 0x00, 0x00, 0xFC, 0x00, 0x00, 0x7E, 0x00, 0xFF, 0xFF, 0xFF, 0xFF, 0xFF, 0xFF, 0x3F, 0xC1,
    0xF8, 0x1F, 0x81, 0xF8, 0x1F, 0x81, 0xF8, 0x1F, 0x81, 0xF8, 0x1F, 0x81, 0xF8, 0x1F, 0x81, 0xF8,
    0x1F, 0x81, 0xF8, 0x1F, 0x81, 0xF8, 0x1F, 0x81, 0xF8, 0x3F, 0xCF, 0xFF, 0xFF, 0xFF, 0xFF, 0xFF,
    0xF0, 0x00, 0x0F, 0x83, 0xE0, 0x00, 0x00, 0x3E, 0x0F, 0x80, 0x00, 0x00, 0xFE, 0xFE, 0x00, 0x00,
    0x03, 0xFF, 0xF0, 0x00, 0x00, 0x07, 0xFF, 0x80, 0x00, 0x00, 0x07, 0xFC, 0x00, 0x00, 0x00, 0x00,
    0x00, 0x00, 0x00, 0x00, 0x00, 0x00, 0x00, 0x00, 0x00, 0x00, 0x00, 0x01, 0xFC, 0x03, 0xF0, 0x0F,
    0xC3, 0xF8, 0x0F, 0xC0, 0x7F, 0x07, 0xE0, 0x3F, 0x03, 0xF8, 0x1F, 0xC0, 0xFC, 0x0F, 0xC0, 0x3F,
    0x83, 0xF0, 0x7F, 0x00, 0xFE, 0x0F, 0xC3, 0xF8, 0x01, 0xFC, 0x3F, 0x0F, 0xC0, 0x03, 0xF0, 0xFC,
    0x7F, 0x00, 0x0F, 0xE3, 0xF1, 0xF8, 0x00, 0x1F, 0xCF, 0xCF, 0xC0, 0x00, 0x3F, 0xFF, 0xFF, 0x00,
    0x00, 0xFF, 0xFF, 0xF8, 0x00, 0x01, 0xFF, 0xFF, 0xC0, 0x00, 0x07, 0xFF, 0xFF, 0x80, 0x00, 0x3F,
    0xFF, 0xFF, 0x00, 0x01, 0xFC, 0xFD, 0xFC, 0x00, 0x07, 0xF3, 0xF3, 0xF8, 0x00, 0x3F, 0x8F, 0xC7,
    0xE0, 0x01, 0xFE, 0x3F, 0x1F, 0xC0, 0x07, 0xF0, 0xFC, 0x3F, 0x80, 0x3F, 0x83, 0xF0, 0xFE, 0x00,
    0xFE, 0x0F, 0xC1, 0xFC, 0x07, 0xF0, 0x3F, 0x03, 0xF8, 0x3F, 0x80, 0xFC, 0x0F, 0xE0, 0xFE, 0x03,
    0xF0, 0x1F, 0xC7, 0xF0, 0x0F, 0xC0, 0x7F, 0xBF, 0xC0, 0x3F, 0x00, 0xFE, 0x00, 0x7E, 0x1F, 0x00,
    0x00, 0x3F, 0x0F, 0x80, 0x00, 0x0F, 0xCF, 0xC0, 0x00, 0x07, 0xFF, 0xC0, 0x00, 0x01, 0xFF, 0xC0,
    0x00, 0x00, 0x7F, 0xC0, 0x00, 0x00, 0x00, 0x00, 0x00, 0x00, 0x00, 0x00, 0x00, 0x7F, 0x03, 0xF0,
    0x3F, 0x1F, 0x81, 0xF8, 0x3F, 0x87, 0xE0, 0xFC, 0x3F, 0x83, 0xF8, 0x7E, 0x1F, 0x80, 0xFC, 0x3F,
    0x1F, 0xC0, 0x3F, 0x1F, 0x8F, 0xC0, 0x1F, 0xCF, 0xCF, 0xC0, 0x07, 0xE7, 0xEF, 0xE0, 0x01, 0xFF,
    0xFF, 0xE0, 0x00, 0xFF, 0xFF, 0xE0, 0x00, 0x7F, 0xFF, 0xF0, 0x00, 0x7F, 0xFF, 0xFC, 0x00, 0x3F,
    0xFF, 0xFF, 0x00, 0x3F, 0x9F, 0x9F, 0x80, 0x3F, 0x8F, 0xCF, 0xE0, 0x1F, 0xC7, 0xE3, 0xF8, 0x1F,
    0xC3, 0xF1, 0xFC, 0x1F, 0xE1, 0xF8, 0x7F, 0x0F, 0xE0, 0xFC, 0x1F, 0xCF, 0xE0, 0x7E, 0x0F, 0xEF,
    0xF0, 0x3F, 0x03, 0xF8, 0xFC, 0x03, 0xFD, 0xF8, 0x07, 0xF3, 0xF0, 0x1F, 0xC7, 0xE0, 0x7F, 0x0F,
    0xC1, 0xFC, 0x1F, 0x83, 0xF0, 0x3F, 0x0F, 0xE0, 0x7E, 0x3F, 0x80, 0xFC, 0xFE, 0x01, 0xF9, 0xF8,
    0x03, 0xF7, 0xE0, 0x07, 0xFF, 0xC0, 0x0F, 0xFF, 0x80, 0x1F, 0xFF, 0xF0, 0x3F, 0xFF, 0xF8, 0x7F,
    0xFF, 0xF8, 0xFF, 0xFF, 0xF9, 0xFE, 0x7F, 0xFB, 0xF0, 0x0F, 0xF7, 0xE0, 0x0F, 0xFF, 0xC0, 0x0F,
    0xFF, 0x80, 0x0F, 0xFF, 0x00, 0x1F, 0xFE, 0x00, 0x3F, 0xFC, 0x00, 0x7F, 0xF8, 0x00, 0xFF, 0xF0,
    0x01, 0xF8, 0x00, 0x07, 0xF0, 0x00, 0x0F, 0xE0, 0x00, 0x3F, 0xC0, 0x71, 0xFF, 0x00, 0xFF, 0xFE,
    0x01, 0xFF, 0xF8, 0x03, 0xFF, 0xE0, 0x07, 0xFF, 0x80, 0x0F, 0xFC, 0x00, 0xFC, 0x0F, 0xF7, 0xE0,
    0xFF, 0x3F, 0x07, 0xF1, 0xF8, 0x7F, 0x0F, 0xC7, 0xF0, 0x7E, 0x7F, 0x03, 0xF7, 0xF0, 0x1F, 0xBF,
    0x00, 0xFF, 0xF0, 0x07, 0xFF, 0xE0, 0x3F, 0xFF, 0xC1, 0xFF, 0xFF, 0x0F, 0xFF, 0xFC, 0x7F, 0xFF,
    0xF3, 0xF0, 0x7F, 0xDF, 0x80, 0xFE, 0xFC, 0x07, 0xF7, 0xE0, 0x1F, 0xBF, 0x00, 0xFD, 0xF8, 0x07,
    0xEF, 0xC0, 0x3F, 0x00, 0x01, 0xF8, 0x00, 0x0F, 0xC0, 0x00, 0xFE, 0x00, 0x0F, 0xF0, 0x1F, 0xFF,
    0x00, 0xFF, 0xF0, 0x07, 0xFF, 0x80, 0x3F, 0xF8, 0x00, 0xFF, 0x00, 0x01, 0xFF, 0xFF, 0x80, 0x03,
    0xFF, 0xFF, 0x00, 0x07, 0xFF, 0xFE, 0x00, 0x0F, 0xFF, 0xFC, 0x00, 0x1F, 0xFF, 0xF8, 0x00, 0x3F,
    0x03, 0xF0, 0x00, 0x7E, 0x07, 0xE0, 0x01, 0xF8, 0x0F, 0xC0, 0x03, 0xF0, 0x1F, 0x80, 0x07, 0xE0,
    0x3F, 0x00, 0x0F, 0xC0, 0x7E, 0x00, 0x1F, 0x80, 0xFC, 0x00, 0x3F, 0x01, 0xF8, 0x00, 0x7E, 0x03,
    0xF0, 0x01, 0xFC, 0x07, 0xE0, 0x03, 0xF0, 0x0F, 0xC0, 0x07, 0xE0, 0x1F, 0x80, 0x0F, 0xC0, 0x3F,
    0x00, 0x1F, 0x80, 0x7E, 0x00, 0x7F, 0x00, 0xFC, 0x00, 0xFC, 0x01, 0xF8, 0x01, 0xF8, 0x03, 0xF0,
    0x3F, 0xF0, 0x07, 0xFF, 0xFF, 0xC0, 0x0F, 0xFF, 0xFF, 0x80, 0x1F, 0xFF, 0xFE, 0x00, 0x3F, 0xFB,
    0xF8, 0x00, 0x7F, 0xF0, 0x00, 0x00, 0x07, 0xE0, 0x00, 0x00, 0x0F, 0xC0, 0x00, 0x00, 0x3F, 0x00,
    0x00, 0x00, 0x7E, 0x00, 0x00, 0x01, 0xFC, 0x00, 0x00, 0x03, 0xF8, 0x00, 0x00, 0x0F, 0xE0, 0x00,
    0x00, 0x1F, 0xC0, 0x03, 0xFF, 0xFC, 0x00, 0x3F, 0xFF, 0xC0, 0x03, 0xFF, 0xFC, 0x00, 0x3F, 0xFF,
    0xC0, 0x03, 0xFF, 0xFC, 0x00, 0x3E, 0x0F, 0xC0, 0x07, 0xE0, 0xFC, 0x00, 0x7E, 0x0F, 0xC0, 0x07,
    0xE0, 0xFC, 0x00, 0x7E, 0x0F, 0xC0, 0x07, 0xE0, 0xFC, 0x00, 0x7C, 0x0F, 0xC0, 0x0F, 0xC0, 0xFC,
    0x00, 0xFC, 0x0F, 0xC0, 0x0F, 0xC0, 0xFC, 0x01, 0xFC, 0x0F, 0xC0, 0xFF, 0x80, 0xFF, 0xEF, 0xF8,
    0x0F, 0xFE, 0xFF, 0x00, 0xFF, 0xEF, 0xF0, 0x0F, 0xFE, 0xFE, 0x00, 0xFF, 0xE0, 0x00, 0x00, 0x7C,
    0x00, 0x00, 0x07, 0xC0, 0x00, 0x00, 0xFC, 0x00, 0x00, 0x0F, 0xC0, 0x00, 0x00, 0xFC, 0x00, 0x00,
    0x1F, 0x80, 0x00, 0x01, 0xF8, 0x00, 0x00, 0x1F, 0x80, 0xFC, 0x00, 0xFF, 0xF0, 0x03, 0xFF, 0xC0,
    0x0F, 0xFF, 0x00, 0x3F, 0xFC, 0x00, 0xFF, 0xF0, 0x03, 0xFF, 0xC0, 0x0F, 0xFF, 0x00, 0x3F, 0xFC,
    0x00, 0xFF, 0xF0, 0x03, 0xFF, 0xFF, 0xFF, 0xFF, 0xFF, 0xFF, 0xFF, 0xFF, 0xFF, 0xFF, 0xFF, 0xFF,
    0xFF, 0xFF, 0xFF, 0x00, 0x3F, 0xFC, 0x00, 0xFF, 0xF0, 0x03, 0xFF, 0xC0, 0x0F, 0xFF, 0x00, 0x3F,
    0xFC, 0x00, 0xFF, 0xF0, 0x03, 0xFF, 0xC0, 0x0F, 0xFF, 0x00, 0x3F, 0xFC, 0x00, 0xFF, 0xF0, 0x03,
    0xFF, 0xC0, 0x0F, 0xC0, 0x00, 0x7F, 0x00, 0x01, 0xFC, 0x00, 0x0F, 0xF0, 0x38, 0xFF, 0x80, 0xFF,
    0xFE, 0x03, 0xFF, 0xF0, 0x0F, 0xFF, 0x80, 0x3F, 0xFC, 0x00, 0xFF, 0xC0, 0xFC, 0x07, 0xFF, 0x80,
    0xFF, 0xF0, 0x1F, 0xFE, 0x03, 0xFF, 0xC0, 0x7F, 0xF8, 0x0F, 0xFF, 0x01, 0xFF, 0xE0, 0x3F, 0xFF,
    0xFF, 0xFF, 0xFF, 0xFF, 0xFF, 0xFF, 0xFF, 0xFF, 0xFF, 0xFF, 0xFF, 0xF8, 0x0F, 0xFF, 0x01, 0xFF,
    0xE0, 0x3F, 0xFC, 0x07, 0xFF, 0x80, 0xFF, 0xF0, 0x1F, 0xFE, 0x03, 0xFF, 0xC0, 0x7E, 0x00, 0x0F,
    0xC0, 0x01, 0xF8, 0x00, 0x7F, 0x04, 0x0F, 0xE0, 0xFF, 0xF8, 0x1F, 0xFF, 0x03, 0xFF, 0xC0, 0x7F,
    0xF0, 0x0F, 0xF8, 0x00, 0xFC, 0x00, 0xFC, 0x07, 0xE0, 0x07, 0xE0, 0x3F, 0x00, 0x3F, 0x01, 0xF8,
    0x01, 0xF8, 0x0F, 0xC0, 0x0F, 0xC0, 0x7E, 0x00, 0x7E, 0x03, 0xF0, 0x03, 0xF0, 0x1F, 0x80, 0x1F,
    0x80, 0xFC, 0x00, 0xFC, 0x07, 0xE0, 0x07, 0xE0, 0x3F, 0xFF, 0xFF, 0x01, 0xFF, 0xFF, 0xF8, 0x0F,
    0xFF, 0xFF, 0xC0, 0x7F, 0xFF, 0xFE, 0x03, 0xFF, 0xFF, 0xF0, 0x1F, 0x80, 0x1F, 0x80, 0xFC, 0x00,
    0xFC, 0x07, 0xE0, 0x07, 0xE0, 0x3F, 0x00, 0x3F, 0x01, 0xF8, 0x01, 0xF8, 0x0F, 0xC0, 0x0F, 0xC0,
    0x7E, 0x00, 0x7E, 0x03, 0xF0, 0x03, 0xFF, 0xDF, 0x80, 0x1F, 0xFE, 0xFC, 0x00, 0xFF, 0xF7, 0xE0,
    0x07, 0xFF, 0xBF, 0x00, 0x3F, 0xF8, 0x00, 0x00, 0x0F, 0xC0, 0x00, 0x00, 0x7E, 0x00, 0x00, 0x03,
    0xF0, 0x00, 0x00, 0x3F, 0x00, 0x00, 0x01, 0xF8, 0x00, 0x00, 0x1F, 0xC0, 0x00, 0x00, 0xFE, 0x00,
    0x00, 0x0F, 0xE0, 0xFC, 0x07, 0xE0, 0x7E, 0x03, 0xF0, 0x3F, 0x01, 0xF8, 0x1F, 0x80, 0xFC, 0x0F,
    0xC0, 0x7E, 0x07, 0xE0, 0x3F, 0x03, 0xF0, 0x1F, 0x81, 0xF8, 0x0F, 0xC0, 0xFF, 0xFF, 0xE0, 0x7F,
    0xFF, 0xF0, 0x3F, 0xFF, 0xF8, 0x1F, 0xFF, 0xFC, 0x0F, 0xFF, 0xFE, 0x07, 0xE0, 0x3F, 0x03, 0xF0,
    0x1F, 0x81, 0xF8, 0x0F, 0xC0, 0xFC, 0x07, 0xE0, 0x7E, 0x03, 0xFF, 0xFF, 0x01, 0xFF, 0xFF, 0x80,
    0xFF, 0xEF, 0xC0, 0x7F, 0xF0, 0x00, 0x01, 0xF8, 0x00, 0x00, 0xFC, 0x00, 0x00, 0x7C, 0x00, 0x00,
    0x3E, 0x00, 0x00, 0x3F, 0x00, 0x00, 0x1F, 0x80, 0x00, 0x0F, 0xC0, 0x00, 0x0F, 0xC0, 0xFC, 0x00,
    0xFF, 0xF0, 0x03, 0xFF, 0xC0, 0x0F, 0xFF, 0x00, 0x3F, 0xFC, 0x00, 0xFF, 0xF0, 0x03, 0xFF, 0xC0,
    0x0F, 0xFF, 0x00, 0x3F, 0xFC, 0x00, 0xFF, 0xF0, 0x03, 0xFF, 0xC0, 0x0F, 0xFF, 0x00, 0x3F, 0xFE,
    0x01, 0xFF, 0xFF, 0xFF, 0xFF, 0xFF, 0xFF, 0xDF, 0xFF, 0xFF, 0x3F, 0xFF, 0xFC, 0x3F, 0xF3, 0xF0,
    0x00, 0x0F, 0xC0, 0x00, 0x3F, 0x00, 0x00, 0xFC, 0x00, 0x03, 0xF0, 0x01, 0xFF, 0xC0, 0x07, 0xFF,
    0x00, 0x1F, 0xFC, 0x00, 0x7F, 0xF0, 0x01, 0xFF, 0xC0, 0x07, 0xE0, 0x00, 0x1F, 0x80, 0x00, 0x7E,
    0x00, 0x01, 0xF8, 0x00, 0x07, 0xE0, 0x00, 0x1F, 0x80, 0x00, 0x7E, 0x00, 0x01, 0xF8, 0x00, 0xFC,
    0x03, 0xFF, 0xC0, 0x3F, 0xFC, 0x03, 0xFF, 0xC0, 0x3F, 0xFC, 0x03, 0xFF, 0xC0, 0x3F, 0xFC, 0x03,
    0xFF, 0xC0, 0x3F, 0xFC, 0x03, 0xFF, 0xC0, 0x7F, 0xFF, 0xFF, 0xFF, 0xFF, 0xFF, 0x7F, 0xFF, 0xF3,
    0xFF, 0xFF, 0x1F, 0xF3, 0xF0, 0x00, 0x3F, 0x00, 0x03, 0xF0, 0x03, 0xFF, 0x00, 0x3F, 0xF0, 0x03,
    0xFF, 0x00, 0x3F, 0xF0, 0x03, 0xE0, 0x00, 0x3E, 0x00, 0x03, 0xE0, 0x00, 0x3E, 0x00, 0x03, 0xE0,
    0x00, 0x3E, 0x00, 0x03, 0xE0, 0x00, 0x3E, 0x00, 0xFF, 0x00, 0x0F, 0xF8, 0x0F, 0xF8, 0x00, 0xFF,
    0x80, 0xFF, 0x80, 0x0F, 0xF8, 0x0F, 0xF8, 0x01, 0xFF, 0x80, 0xFF, 0xC0, 0x1F, 0xF8, 0x0F, 0xFC,
    0x01, 0xFF, 0x80, 0xFF, 0xC0, 0x3F, 0xF8, 0x0F, 0xFC, 0x03, 0xFF, 0x80, 0xFF, 0xE0, 0x3F, 0xF8,
    0x0F, 0xBE, 0x07, 0xDF, 0x80, 0xFB, 0xE0, 0x7D, 0xF8, 0x0F, 0xBF, 0x07, 0xDF, 0x80, 0xF9, 0xF0,
    0xF9, 0xF8, 0x0F, 0x9F, 0x0F, 0x9F, 0x80, 0xF9, 0xF8, 0xF9, 0xF8, 0x0F, 0x8F, 0x9F, 0x9F, 0x80,
    0xF8, 0xF9, 0xF1, 0xF8, 0x0F, 0x8F, 0x9F, 0x1F, 0x80, 0xF8, 0xFF, 0xF1, 0xF8, 0x0F, 0x87, 0xFE,
    0x1F, 0x80, 0xF8, 0x7F, 0xE1, 0xF8, 0x0F, 0x87, 0xFE, 0x1F, 0x80, 0xF8, 0x3F, 0xC1, 0xFF, 0xEF,
    0x83, 0xFC, 0x1F, 0xFE, 0xF8, 0x3F, 0xC1, 0xFF, 0xEF, 0x81, 0xF8, 0x1F, 0xFE, 0xF8, 0x1F, 0x81,
    0xFF, 0xC0, 0x00, 0x00, 0x00, 0xFC, 0x00, 0x00, 0x00, 0x0F, 0xC0, 0x00, 0x00, 0x01, 0xFC, 0x00,
    0x00, 0x00, 0x1F, 0x80, 0x00, 0x00, 0x03, 0xF8, 0x00, 0x00, 0x00, 0x3F, 0x80, 0x00, 0x00, 0x03,
    0xF8, 0x00, 0x00, 0x00, 0x7F, 0x00, 0xFF, 0x00, 0x7F, 0xC0, 0xFF, 0x80, 0x7F, 0xC0, 0xFF, 0x80,
    0x7F, 0xC0, 0xFF, 0x80, 0xFF, 0xC0, 0xFF, 0xC0, 0xFF, 0xC0, 0xFF, 0xC0, 0xFF, 0xC0, 0xFF, 0xC1,
    0xFF, 0xC0, 0xFB, 0xE1, 0xFF, 0xC0, 0xFB, 0xE1, 0xFF, 0xC0, 0xFB, 0xE3, 0xEF, 0xC0, 0xF9, 0xF3,
    0xEF, 0xC0, 0xF9, 0xF7, 0xEF, 0xC0, 0xF9, 0xFF, 0xCF, 0xC0, 0xF8, 0xFF, 0xCF, 0xC0, 0xF8, 0xFF,
    0x8F, 0xC0, 0xF8, 0xFF, 0x8F, 0xC0, 0xF8, 0x7F, 0x8F, 0xC0, 0xF8, 0x7F, 0x0F, 0xFF, 0xF8, 0x7F,
    0x0F, 0xFF, 0xF8, 0x3F, 0x0F, 0xFE, 0xF8, 0x3E, 0x0F, 0xFE, 0x00, 0x00, 0x00, 0x7E, 0x00, 0x00,
    0x00, 0x7E, 0x00, 0x00, 0x00, 0x7C, 0x00, 0x00, 0x00, 0xFC, 0x00, 0x00, 0x00, 0xFC, 0x00, 0x00,
    0x00, 0xFC, 0x00, 0x00, 0x01, 0xFC, 0x00, 0x00, 0x01, 0xF8, 0xFF, 0xFF, 0xFF, 0xFF, 0xFF, 0xFF,
    0x3F, 0xC1, 0xF8, 0x1F, 0x81, 0xF8, 0x1F, 0x81, 0xF8, 0x1F, 0x81, 0xF8, 0x1F, 0x81, 0xF8, 0x1F,
    0x81, 0xF8, 0x1F, 0x81, 0xF8, 0x1F, 0x81, 0xF8, 0x1F, 0x81, 0xF8, 0x3F, 0xCF, 0xFF, 0xFF, 0xFF,
    0xFF, 0xFF, 0xF0, 0x03, 0xE0, 0xF8, 0x00, 0xF8, 0x3E, 0x00, 0x3F, 0x1F, 0x80, 0x0F, 0xEF, 0xC0,
    0x01, 0xFF, 0xF0, 0x00, 0x3F, 0xF8, 0x00, 0x07, 0xFC, 0x00, 0x00, 0x00, 0x00, 0x00, 0x00, 0x00,
    0x00, 0x1F, 0xE0, 0x00, 0x07, 0xF8, 0x00, 0x03, 0xFF, 0x00, 0x00, 0xFF, 0xC0, 0x00, 0x7F, 0xF0,
    0x00, 0x1F, 0xFE, 0x00, 0x07, 0xFF, 0x80, 0x03, 0xFF, 0xE0, 0x00, 0xFC, 0xFC, 0x00, 0x3F, 0x3F,
    0x00, 0x1F, 0xCF, 0xE0, 0x07, 0xE1, 0xF8, 0x01, 0xF8, 0x7E, 0x00, 0xFE, 0x1F, 0xC0, 0x3F, 0x03,
    0xF0, 0x0F, 0xC0, 0xFC, 0x07, 0xFF, 0xFF, 0x81, 0xFF, 0xFF, 0xE0, 0x7F, 0xFF, 0xF8, 0x3F, 0xFF,
    0xFF, 0x0F, 0xFF, 0xFF, 0xC3, 0xF0, 0x03, 0xF1, 0xFC, 0x00, 0xFE, 0x7F, 0x00, 0x3F, 0xBF, 0x80,
    0x07, 0xEF, 0xE0, 0x01, 0xFF, 0xF8, 0x00, 0x7F, 0x1F, 0x0F, 0xC7, 0xE3, 0xF1, 0xF8, 0xF8, 0x3F,
    0x7E, 0x0F, 0xFF, 0x81, 0xFF, 0xC0, 0x3F, 0xC0, 0x00, 0x00, 0x00, 0x00, 0x03, 0xFF, 0x83, 0xFF,
    0xF0, 0xFF, 0xFE, 0x3F, 0xFF, 0xC7, 0xFF, 0xF1, 0x81, 0xFC, 0x00, 0x3F, 0x00, 0x0F, 0xC3, 0xFF,
    0xF3, 0xFF, 0xFD, 0xFF, 0xFF, 0xFF, 0x8F, 0xFF, 0x83, 0xFF, 0xC0, 0xFF, 0xF0, 0x3F, 0xFC, 0x1F,
    0xFF, 0xFF, 0xFF, 0xFF, 0xFD, 0xFF, 0xFF, 0x7F, 0xF7, 0xC7, 0xF1, 0xF0, 0x01, 0xF1, 0xF0, 0x00,
    0x1F, 0x9F, 0x80, 0x01, 0xF9, 0xF8, 0x00, 0x1F, 0x9F, 0x80, 0x01, 0xF1, 0xF0, 0x00, 0x00, 0x00,
    0x00, 0x00, 0x00, 0x00, 0x00, 0x00, 0x00, 0x00, 0x00, 0x3F, 0xC0, 0x00, 0x03, 0xFC, 0x00, 0x00,
    0x7F, 0xE0, 0x00, 0x07, 0xFE, 0x00, 0x00, 0xFF, 0xE0, 0x00, 0x0F, 0xFF, 0x00, 0x00, 0xFF, 0xF0,
    0x00, 0x1F, 0xBF, 0x00, 0x01, 0xF9, 0xF8, 0x00, 0x1F, 0x9F, 0x80, 0x03, 0xF9, 0xF8, 0x00, 0x3F,
    0x1F, 0xC0, 0x03, 0xF0, 0xFC, 0x00, 0x7F, 0x0F, 0xE0, 0x07, 0xE0, 0xFE, 0x00, 0xFE, 0x07, 0xE0,
    0x0F, 0xFF, 0xFF, 0x00, 0xFF, 0xFF, 0xF0, 0x1F, 0xFF, 0xFF, 0x01, 0xFF, 0xFF, 0xF8, 0x1F, 0xFF,
    0xFF, 0x83, 0xF8, 0x01, 0xF8, 0x3F, 0x80, 0x1F, 0xC3, 0xF0, 0x01, 0xFC, 0x7F, 0x00, 0x0F, 0xE7,
    0xF0, 0x00, 0xFE, 0x7E, 0x00, 0x0F, 0xE0, 0x1F, 0x1F, 0x07, 0xE7, 0xE1, 0xF9, 0xF8, 0x7E, 0x7E,
    0x1F, 0x1F, 0x00, 0x00, 0x00, 0x00, 0x00, 0x00, 0x00, 0x0F, 0xFE, 0x0F, 0xFF, 0xC3, 0xFF, 0xF8,
    0xFF, 0xFF, 0x1F, 0xFF, 0xC6, 0x07, 0xF0, 0x00, 0xFC, 0x00, 0x3F, 0x0F, 0xFF, 0xCF, 0xFF, 0xF7,
    0xFF, 0xFF, 0xFE, 0x3F, 0xFE, 0x0F, 0xFF, 0x03, 0xFF, 0xC0, 0xFF, 0xF0, 0x7F, 0xFF, 0xFF, 0xFF,
    0xFF, 0xF7, 0xFF, 0xFD, 0xFF, 0xDF, 0x1F, 0xC3, 0xC0, 0x00, 0x0F, 0xFF, 0xFF, 0xC0, 0x07, 0xFF,
    0xFF, 0xF0, 0x01, 0xFF, 0xFF, 0xFC, 0x00, 0x7F, 0xFF, 0xFF, 0x00, 0x3F, 0xFF, 0xFF, 0xC0, 0x0F,
    0xCF, 0xC0, 0x00, 0x07, 0xE3, 0xF0, 0x00, 0x01, 0xF8, 0xFC, 0x00, 0x00, 0xFC, 0x3F, 0x00, 0x00,
    0x3F, 0x0F, 0xC0, 0x00, 0x1F, 0xC3, 0xFF, 0xFC, 0x07, 0xE0, 0xFF, 0xFF, 0x01, 0xF8, 0x3F, 0xFF,
    0xC0, 0xFC, 0x0F, 0xFF, 0xF0, 0x3F, 0x03, 0xFF, 0xFC, 0x1F, 0xC0, 0xFC, 0x00, 0x07, 0xFF, 0xFF,
    0x00, 0x03, 0xFF, 0xFF, 0xC0, 0x00, 0xFF, 0xFF, 0xF0, 0x00, 0x7F, 0xFF, 0xFC, 0x00, 0x1F, 0xFF,
    0xFF, 0x00, 0x07, 0xE0, 0x0F, 0xC0, 0x03, 0xF0, 0x03, 0xFF, 0xFC, 0xFC, 0x00, 0xFF, 0xFF, 0x7F,
    0x00, 0x3F, 0xFF, 0xDF, 0x80, 0x0F, 0xFF, 0xFF, 0xE0, 0x03, 0xFF, 0xFC, 0x0F, 0xFC, 0x3F, 0xE0,
    0x3F, 0xFE, 0xFF, 0xF8, 0x3F, 0xFF, 0xFF, 0xFC, 0x3F, 0xFF, 0xFF, 0xFE, 0x1F, 0xFF, 0xFF, 0xFE,
    0x18, 0x0F, 0xF0, 0x7E, 0x00, 0x0F, 0xE0, 0x7F, 0x03, 0xFF, 0xFF, 0xFF, 0x1F, 0xFF, 0xFF, 0xFF,
    0x3F, 0xFF, 0xFF, 0xFF, 0x7F, 0xFF, 0xFF, 0xFF, 0xFF, 0x0F, 0xFF, 0xFF, 0xFC, 0x0F, 0xC0, 0x00,
    0xFC, 0x0F, 0xE0, 0x00, 0xFC, 0x1F, 0xE0, 0x00, 0xFC, 0x1F, 0xF0, 0x06, 0xFF, 0xFF, 0xFF, 0xFE,
    0xFF, 0xFF, 0xFF, 0xFE, 0x7F, 0xFC, 0xFF, 0xFE, 0x3F, 0xF8, 0x7F, 0xFE, 0x1F, 0xE0, 0x3F, 0xF8,
    0xF8, 0x3E, 0xFC, 0x3E, 0xFC, 0x7E, 0x7E, 0xFE, 0x7F, 0xFC, 0x3F, 0xF8, 0x1F, 0xF0, 0x00, 0x00,
    0x00, 0x00, 0xFF, 0xFF, 0xFF, 0xFF, 0xFF, 0xFF, 0xFF, 0xFF, 0xFF, 0xFF, 0xFC, 0x00, 0xFC, 0x00,
    0xFC, 0x00, 0xFC, 0x00, 0xFC, 0x00, 0xFF, 0xFE, 0xFF, 0xFE, 0xFF, 0xFE, 0xFF, 0xFE, 0xFF, 0xFE,
    0xFC, 0x00, 0xFC, 0x00, 0xFC, 0x00, 0xFC, 0x00, 0xFC, 0x00, 0xFC, 0x00, 0xFC, 0x00, 0xFF, 0xFF,
    0xFF, 0xFF, 0xFF, 0xFF, 0xFF, 0xFF, 0xFF, 0xFF, 0x1F, 0x0F, 0xC3, 0xE1, 0xF8, 0x7C, 0x7E, 0x0F,
    0xCF, 0xC0, 0xFF, 0xF0, 0x0F, 0xFE, 0x00, 0xFF, 0x00, 0x00, 0x00, 0x00, 0x00, 0x00, 0xFF, 0x80,
    0x7F, 0xFC, 0x1F, 0xFF, 0xC3, 0xFF, 0xFC, 0xFF, 0xFF, 0xBF, 0x83, 0xFF, 0xE0, 0x3F, 0xFF, 0xFF,
    0xFF, 0xFF, 0xFF, 0xFF, 0xFF, 0xFF, 0xFF, 0xFF, 0xFF, 0xFF, 0xF8, 0x00, 0x3F, 0x00, 0x07, 0xF0,
    0x00, 0xFF, 0x00, 0xCF, 0xFF, 0xF8, 0xFF, 0xFF, 0x1F, 0xFF, 0xE0, 0xFF, 0xFC, 0x07, 0xFE, 0x00,
    0x07, 0xFF, 0x80, 0x0F, 0xFF, 0xF0, 0x1F, 0xFF, 0xFE, 0x0F, 0xFF, 0xFF, 0x87, 0xFF, 0xFF, 0xE3,
    0xE0, 0x07, 0xF1, 0xC0, 0x01, 0xFC, 0x00, 0x00, 0x7E, 0x00, 0x00, 0x3F, 0x80, 0x00, 0x0F, 0xC0,
    0x00, 0x07, 0xFF, 0xFF, 0xFF, 0xFF, 0xFF, 0xFF, 0xFF, 0xFF, 0xFF, 0xFF, 0xFF, 0xFF, 0xFF, 0xFF,
    0xFF, 0xFF, 0xFC, 0x00, 0x1F, 0xFE, 0x00, 0x0F, 0xFF, 0x00, 0x0F, 0xEF, 0xC0, 0x07, 0xE7, 0xE0,
    0x07, 0xF3, 0xFC, 0x07, 0xF8, 0xFF, 0xFF, 0xF8, 0x3F, 0xFF, 0xF8, 0x0F, 0xFF, 0xF8, 0x03, 0xFF,
    0xF8, 0x00, 0x7F, 0xF0, 0x00, 0x1F, 0xF8, 0x0F, 0xFF, 0xC1, 0xFF, 0xFE, 0x3F, 0xFF, 0xC7, 0xFF,
    0xFC, 0xC0, 0x3F, 0xC0, 0x03, 0xF8, 0x00, 0x3F, 0xFF, 0xFF, 0xFF, 0xFF, 0xFF, 0xFF, 0xFF, 0xFF,
    0xFF, 0xFF, 0xFF, 0xFF, 0xF8, 0x0F, 0xFF, 0x03, 0xFF, 0xF0, 0x7E, 0x7F, 0xFF, 0xCF, 0xFF, 0xF0,
    0xFF, 0xFE, 0x0F, 0xFF, 0x80, 0x7F, 0xC0, 0x03, 0xE3, 0xE0, 0x03, 0xF3, 0xF0, 0x01, 0xF9, 0xF8,
    0x00, 0xFC, 0xFC, 0x00, 0x3E, 0x3E, 0x00, 0x00, 0x00, 0x00, 0x00, 0x00, 0x00, 0x00, 0x00, 0x00,
    0x07, 0xFF, 0x80, 0x0F, 0xFF, 0xF0, 0x1F, 0xFF, 0xFE, 0x0F, 0xFF, 0xFF, 0x87, 0xFF, 0xFF, 0xE3,
    0xE0, 0x07, 0xF1, 0xC0, 0x01, 0xFC, 0x00, 0x00, 0x7E, 0x00, 0x00, 0x3F, 0x80, 0x00, 0x0F, 0xC0,
    0x00, 0x07, 0xFF, 0xFF, 0xFF, 0xFF, 0xFF, 0xFF, 0xFF, 0xFF, 0xFF, 0xFF, 0xFF, 0xFF, 0xFF, 0xFF,
    0xFF, 0xFF, 0xFC, 0x00, 0x1F, 0xFE, 0x00, 0x0F, 0xFF, 0x00, 0x0F, 0xEF, 0xC0, 0x07, 0xE7, 0xE0,
    0x07, 0xF3, 0xFC, 0x07, 0xF8, 0xFF, 0xFF, 0xF8, 0x3F, 0xFF, 0xF8, 0x0F, 0xFF, 0xF8, 0x03, 0xFF,
    0xF8, 0x00, 0x7F, 0xF0, 0x00, 0x1F, 0x1F, 0x07, 0xE7, 0xE0, 0xFC, 0xFC, 0x1F, 0x9F, 0x81, 0xF1,
    0xF0, 0x00, 0x00, 0x00, 0x00, 0x00, 0x00, 0x00, 0x1F, 0xF8, 0x0F, 0xFF, 0xC1, 0xFF, 0xFE, 0x3F,
    0xFF, 0xC7, 0xFF, 0xFC, 0x80, 0x3F, 0xC0, 0x03, 0xF8, 0x00, 0x3F, 0xFF, 0xFF, 0xFF, 0xFF, 0xFF,
    0xFF, 0xFF, 0xFF, 0xFF, 0xFF, 0xFF, 0xFF, 0xF8, 0x0F, 0xFF, 0x03, 0xFF, 0xF0, 0x7E, 0x7F, 0xFF,
    0xCF, 0xFF, 0xF0, 0xFF, 0xFE, 0x0F, 0xFF, 0x80, 0x7F, 0xC0, 0x00, 0x0F, 0x8F, 0x80, 0x00, 0x00,
    0x3F, 0x3F, 0x00, 0x00, 0x00, 0xFC, 0xFC, 0x00, 0x00, 0x03, 0xF3, 0xF0, 0x00, 0x00, 0x0F, 0x8F,
    0x80, 0x00, 0x00, 0x00, 0x00, 0x00, 0x00, 0x00, 0x00, 0x00, 0x00, 0x00, 0x00, 0x00, 0x00, 0x00,
    0x7F, 0x00, 0xFC, 0x03, 0xF0, 0xFE, 0x03, 0xF0, 0x1F, 0xC1, 0xF8, 0x0F, 0xC0, 0xFE, 0x07, 0xF0,
    0x3F, 0x03, 0xF0, 0x0F, 0xE0, 0xFC, 0x1F, 0xC0, 0x3F, 0x83, 0xF0, 0xFE, 0x00, 0x7F, 0x0F, 0xC3,
    0xF0, 0x00, 0xFC, 0x3F, 0x1F, 0xC0, 0x03, 0xF8, 0xFC, 0x7E, 0x00, 0x07, 0xF3, 0xF3, 0xF0, 0x00,
    0x0F, 0xFF, 0xFF, 0xC0, 0x00, 0x3F, 0xFF, 0xFE, 0x00, 0x00, 0x7F, 0xFF, 0xF0, 0x00, 0x01, 0xFF,
    0xFF, 0xE0, 0x00, 0x0F, 0xFF, 0xFF, 0xC0, 0x00, 0x7F, 0x3F, 0x7F, 0x00, 0x01, 0xFC, 0xFC, 0xFE,
    0x00, 0x0F, 0xE3, 0xF3, 0xF8, 0x00, 0x7F, 0x8F, 0xC7, 0xF0, 0x01, 0xFC, 0x3F, 0x0F, 0xE0, 0x0F,
    0xE0, 0xFC, 0x3F, 0x80, 0x3F, 0x83, 0xF0, 0x7F, 0x01, 0xFC, 0x0F, 0xC1, 0xFE, 0x0F, 0xE0, 0x3F,
    0x03, 0xF8, 0x3F, 0x80, 0xFC, 0x07, 0xF1, 0xFC, 0x03, 0xF0, 0x1F, 0xEF, 0xF0, 0x0F, 0xC0, 0x3F,
    0x80, 0x00, 0x3E, 0x3E, 0x00, 0x00, 0x1F, 0x9F, 0x80, 0x00, 0x0F, 0xCF, 0xC0, 0x00, 0x07, 0xE7,
    0xE0, 0x00, 0x03, 0xE3, 0xE0, 0x00, 0x00, 0x00, 0x00, 0x00, 0x00, 0x00, 0x00, 0x00, 0xFE, 0x07,
    0xE0, 0x7E, 0x3F, 0x03, 0xF0, 0x7F, 0x0F, 0xC1, 0xF8, 0x7F, 0x07, 0xF0, 0xFC, 0x3F, 0x01, 0xF8,
    0x7E, 0x3F, 0x80, 0x7E, 0x3F, 0x1F, 0x80, 0x3F, 0x9F, 0x9F, 0x80, 0x0F, 0xCF, 0xDF, 0xC0, 0x03,
    0xFF, 0xFF, 0xC0, 0x01, 0xFF, 0xFF, 0xC0, 0x00, 0xFF, 0xFF, 0xE0, 0x00, 0xFF, 0xFF, 0xF8, 0x00,
    0x7F, 0xFF, 0xFE, 0x00, 0x7F, 0x3F, 0x3F, 0x00, 0x7F, 0x1F, 0x9F, 0xC0, 0x3F, 0x8F, 0xC7, 0xF0,
    0x3F, 0x87, 0xE3, 0xF8, 0x3F, 0xC3, 0xF0, 0xFE, 0x1F, 0xC1, 0xF8, 0x3F, 0x9F, 0xC0, 0xFC, 0x1F,
    0xDF, 0xE0, 0x7E, 0x07, 0xF0, 0x1F, 0x1F, 0x03, 0xF3, 0xF0, 0x7E, 0x7E, 0x0F, 0xCF, 0xC1, 0xF1,
    0xF0, 0x00, 0x00, 0x00, 0x00, 0x00, 0x00, 0x00, 0x1F, 0xFE, 0x1F, 0xFF, 0xE3, 0xFF, 0xFF, 0x3F,
    0xFF, 0xE7, 0xFF, 0xFE, 0x60, 0x1F, 0xC0, 0x01, 0xF8, 0x00, 0x3F, 0x00, 0x0F, 0xE0, 0x03, 0xF8,
    0x3F, 0xFF, 0x07, 0xFF, 0xC0, 0xFF, 0xE0, 0x1F, 0xFF, 0x03, 0xFF, 0xF0, 0x03, 0xFE, 0x00, 0x0F,
    0xE0, 0x00, 0xFC, 0x00, 0x1F, 0x80, 0x03, 0xF0, 0x00, 0xFF, 0xC0, 0x3F, 0xFF, 0xFF, 0xFF, 0xFF,
    0xFE, 0xFF, 0xFF, 0x9F, 0xFF, 0xE0, 0xFF, 0xF0, 0x00, 0x3E, 0x3E, 0x1F, 0x9F, 0x8F, 0xCF, 0xC7,
    0xE7, 0xE3, 0xE3, 0xE0, 0x00, 0x00, 0x00, 0x00, 0x00, 0x00, 0x3F, 0xFC, 0x7F, 0xFF, 0x3F, 0xFF,
    0xCF, 0xFF, 0xF7, 0xFF, 0xF9, 0x00, 0xFC, 0x00, 0xFE, 0x1F, 0xFE, 0x0F, 0xFF, 0x07, 0xFE, 0x03,
    0xFF, 0x81, 0xFF, 0xE0, 0x07, 0xF8, 0x00, 0xFC, 0x00, 0x7F, 0x80, 0x7F, 0xFF, 0xFF, 0xFF, 0xFF,
    0xFF, 0xFF, 0xDF, 0xFF, 0xC7, 0xFF, 0x80, 0x7F, 0xFF, 0xE7, 0xFF, 0xFE, 0x7F, 0xFF, 0xE7, 0xFF,
    0xFE, 0x7F, 0xFF, 0xC0, 0x07, 0xF8, 0x00, 0xFF, 0x00, 0x1F, 0xE0, 0x03, 0xFC, 0x00, 0x7F, 0x80,
    0x0F, 0xF0, 0x00, 0xFF, 0xE0, 0x0F, 0xFF, 0x80, 0xFF, 0xFC, 0x0F, 0xFF, 0xE0, 0x03, 0xFE, 0x00,
    0x07, 0xF0, 0x00, 0x7F, 0x00, 0x03, 0xF0, 0x00, 0x3F, 0x00, 0x07, 0xFE, 0x00, 0xFF, 0xFF, 0xFF,
    0xEF, 0xFF, 0xFE, 0xFF, 0xFF, 0xCF, 0xFF, 0xF0, 0x3F, 0xFC, 0x00, 0x7F, 0xFF, 0xE7, 0xFF, 0xFE,
    0x7F, 0xFF, 0xE7, 0xFF, 0xFE, 0x7F, 0xFF, 0xE0, 0x03, 0xFC, 0x00, 0x7F, 0x80, 0x0F, 0xE0, 0x01,
    0xFC, 0x00, 0x3F, 0x80, 0x07, 0xF0, 0x00, 0xFF, 0x80, 0x0F, 0xFF, 0x00, 0xFF, 0xF8, 0x0F, 0xFF,
    0xC0, 0xFF, 0xFE, 0x00, 0x3F, 0xE0, 0x00, 0xFF, 0x00, 0x07, 0xF0, 0x00, 0x7F, 0x00, 0x03, 0xF0,
    0x00, 0x3F, 0x00, 0x07, 0xF0, 0x00, 0x7F, 0xE0, 0x0F, 0xEF, 0xFF, 0xFE, 0xFF, 0xFF, 0xCF, 0xFF,
    0xF8, 0xFF, 0xFF, 0x03, 0xFF, 0xC0, 0x07, 0xFF, 0x80, 0x0F, 0xFF, 0x00, 0x1F, 0xFE, 0x00, 0x3F,
    0xFC, 0x00, 0x00, 0x00, 0x00, 0x00, 0x00, 0x3F, 0x00, 0x7F, 0xFE, 0x01, 0xFF, 0xFC, 0x03, 0xFF,
    0xF8, 0x0F, 0xFF, 0xF0, 0x1F, 0xFF, 0xE0, 0x7F, 0xFF, 0xC0, 0xFF, 0xFF, 0x81, 0xFF, 0xFF, 0x07,
    0xDF, 0xFE, 0x0F, 0xBF, 0xFC, 0x3F, 0x7F, 0xF8, 0x7C, 0xFF, 0xF1, 0xF9, 0xFF, 0xE3, 0xE3, 0xFF,
    0xCF, 0xC7, 0xFF, 0x9F, 0x0F, 0xFF, 0x7E, 0x1F, 0xFE, 0xF8, 0x3F, 0xFF, 0xF0, 0x7F, 0xFF, 0xC0,
    0xFF, 0xFF, 0x81, 0xFF, 0xFE, 0x03, 0xFF, 0xFC, 0x07, 0xFF, 0xF0, 0x0F, 0xFF, 0xE0, 0x1F, 0xFF,
    0x80, 0x3F, 0xFF, 0x00, 0x7E, 0x0F, 0xFF, 0x00, 0xFF, 0xF0, 0x0F, 0xFF, 0x00, 0xFF, 0xF0, 0x0F,
    0xFF, 0x00, 0x00, 0x00, 0xFC, 0x0F, 0xFF, 0xC0, 0xFF, 0xFC, 0x1F, 0xFF, 0xC1, 0xFF, 0xFC, 0x3F,
    0xFF, 0xC3, 0xFF, 0xFC, 0x7F, 0xFF, 0xC7, 0xFF, 0xFC, 0xFB, 0xFF, 0xCF, 0xBF, 0xFD, 0xF3, 0xFF,
    0xDF, 0x3F, 0xFF, 0xE3, 0xFF, 0xFE, 0x3F, 0xFF, 0xC3, 0xFF, 0xFC, 0x3F, 0xFF, 0x83, 0xFF, 0xF8,
    0x3F, 0xFF, 0x03, 0xFF, 0xF0, 0x3F, 0xFE, 0x03, 0xF0, 0x07, 0xC7, 0xC0, 0x1F, 0x9F, 0x80, 0x3F,
    0x3F, 0x00, 0x7E, 0x7E, 0x00, 0x7C, 0x7C, 0x00, 0x00, 0x00, 0x00, 0x00, 0x00, 0x00, 0x00, 0x00,
    0xFC, 0x01, 0xFF, 0xF8, 0x07, 0xFF, 0xF0, 0x0F, 0xFF, 0xE0, 0x3F, 0xFF, 0xC0, 0x7F, 0xFF, 0x81,
    0xFF, 0xFF, 0x03, 0xFF, 0xFE, 0x0F, 0xFF, 0xFC, 0x1F, 0x7F, 0xF8, 0x7E, 0xFF, 0xF0, 0xFD, 0xFF,
    0xE1, 0xF3, 0xFF, 0xC7, 0xE7, 0xFF, 0x8F, 0x8F, 0xFF, 0x3F, 0x1F, 0xFE, 0x7C, 0x3F, 0xFD, 0xF8,
    0x7F, 0xFB, 0xE0, 0xFF, 0xFF, 0xC1, 0xFF, 0xFF, 0x03, 0xFF, 0xFE, 0x07, 0xFF, 0xF8, 0x0F, 0xFF,
    0xF0, 0x1F, 0xFF, 0xC0, 0x3F, 0xFF, 0x80, 0x7F, 0xFE, 0x00, 0xFF, 0xFC, 0x01, 0xF8, 0x1F, 0x1F,
    0x01, 0xF9, 0xF8, 0x1F, 0x9F, 0x81, 0xF9, 0xF8, 0x1F, 0x1F, 0x00, 0x00, 0x00, 0x00, 0x00, 0x0F,
    0xC0, 0xFF, 0xFC, 0x0F, 0xFF, 0xC1, 0xFF, 0xFC, 0x1F, 0xFF, 0xC3, 0xFF, 0xFC, 0x3F, 0xFF, 0xC7,
    0xFF, 0xFC, 0x7F, 0xFF, 0xCF, 0xBF, 0xFC, 0xFB, 0xFF, 0xDF, 0x3F, 0xFD, 0xF3, 0xFF, 0xFE, 0x3F,
    0xFF, 0xE3, 0xFF, 0xFC, 0x3F, 0xFF, 0xC3, 0xFF, 0xF8, 0x3F, 0xFF, 0x83, 0xFF, 0xF0, 0x3F, 0xFF,
    0x03, 0xFF, 0xE0, 0x3F, 0x03, 0xE3, 0xE0, 0x01, 0xF9, 0xF8, 0x00, 0xFC, 0xFC, 0x00, 0x7E, 0x7E,
    0x00, 0x3E, 0x3E, 0x00, 0x00, 0x00, 0x00, 0x00, 0x00, 0x00, 0x00, 0x00, 0x00, 0x01, 0xFF, 0xC0,
    0x03, 0xFF, 0xF8, 0x03, 0xFF, 0xFE, 0x03, 0xFF, 0xFF, 0x83, 0xFF, 0xFF, 0xE3, 0xFC, 0x07, 0xF1,
    0xFC, 0x01, 0xFC, 0xFC, 0x00, 0x7E, 0xFE, 0x00, 0x1F, 0x7F, 0x00, 0x0F, 0xFF, 0x00, 0x07, 0xFF,
    0x80, 0x03, 0xFF, 0xC0, 0x01, 0xFF, 0xE0, 0x00, 0xFF, 0xF0, 0x00, 0x7F, 0xF8, 0x00, 0x3F, 0xFC,
    0x00, 0x1F, 0xFF, 0x00, 0x0F, 0xFF, 0x80, 0x07, 0xCF, 0xC0, 0x07, 0xE7, 0xF0, 0x07, 0xF3, 0xFC,
    0x07, 0xF0, 0xFF, 0xFF, 0xF8, 0x3F, 0xFF, 0xF8, 0x0F, 0xFF, 0xF8, 0x03, 0xFF, 0xF8, 0x00, 0x7F,
    0xF0, 0x00, 0x1F, 0x0F, 0x81, 0xF9, 0xF8, 0x1F, 0x9F, 0x81, 0xF9, 0xF8, 0x1F, 0x0F, 0x80, 0x00,
    0x00, 0x00, 0x00, 0x00, 0x00, 0x00, 0x07, 0xFC, 0x01, 0xFF, 0xF0, 0x3F, 0xFF, 0x83, 0xFF, 0xFC,
    0x7F, 0xFF, 0xEF, 0xE0, 0xFE, 0xFE, 0x07, 0xFF, 0xC0, 0x7F, 0xFC, 0x07, 0xFF, 0xC0, 0x3F, 0xFC,
    0x03, 0xFF, 0xC0, 0x3F, 0xFC, 0x07, 0xFF, 0xC0, 0x7F, 0xFE, 0x07, 0xF7, 0xF0, 0xFE, 0x7F, 0xFF,
    0xE3, 0xFF, 0xFC, 0x1F, 0xFF, 0x80, 0xFF, 0xF0, 0x07, 0xFC, 0x00, 0x01, 0xFF, 0xC0, 0x01, 0xFF,
    0xFE, 0x00, 0xFF, 0xFF, 0xC0, 0x7F, 0xFF, 0xF8, 0x3F, 0xFF, 0xFF, 0x1F, 0xE0, 0x1F, 0xC7, 0xF0,
    0x03, 0xF9, 0xF8, 0x00, 0x7E, 0xFE, 0x00, 0x1F, 0xBF, 0x00, 0x07, 0xFF, 0xFF, 0xFF, 0xFF, 0xFF,
    0xFF, 0xFF, 0xFF, 0xFF, 0xFF, 0xFF, 0xFF, 0xFF, 0xFF, 0xFF, 0xFF, 0xFF, 0xF0, 0x00, 0x3F, 0xFC,
    0x00, 0x0F, 0xFF, 0x00, 0x07, 0xFF, 0xE0, 0x01, 0xF9, 0xF8, 0x00, 0x7E, 0x7F, 0x00, 0x3F, 0x9F,
    0xE0, 0x1F, 0xC3, 0xFF, 0xFF, 0xF0, 0x7F, 0xFF, 0xF8, 0x0F, 0xFF, 0xFC, 0x01, 0xFF, 0xFC, 0x00,
    0x1F, 0xFC, 0x00, 0x07, 0xFE, 0x00, 0xFF, 0xF0, 0x3F, 0xFF, 0x83, 0xFF, 0xFC, 0x7F, 0xFF, 0xEF,
    0xE0, 0x7E, 0xFE, 0x07, 0xFF, 0xC0, 0x3F, 0xFF, 0xFF, 0xFF, 0xFF, 0xFF, 0xFF, 0xFF, 0xFF, 0xFF,
    0xFF, 0xFF, 0xFF, 0xFF, 0xC0, 0x3F, 0xFE, 0x07, 0xF7, 0xF0, 0xFE, 0x7F, 0xFF, 0xE3, 0xFF, 0xFC,
    0x1F, 0xFF, 0xC0, 0xFF, 0xF0, 0x07, 0xFE, 0x00, 0x03, 0xE3, 0xE0, 0x00, 0xFC, 0xFC, 0x00, 0x3F,
    0x3F, 0x00, 0x0F, 0xCF, 0xC0, 0x03, 0xE3, 0xE0, 0x00, 0x00, 0x00, 0x00, 0x00, 0x00, 0x00, 0x00,
    0x00, 0x00, 0x01, 0xFF, 0xC0, 0x01, 0xFF, 0xFE, 0x00, 0xFF, 0xFF, 0xC0, 0x7F, 0xFF, 0xF8, 0x3F,
    0xFF, 0xFF, 0x1F, 0xE0, 0x1F, 0xC7, 0xF0, 0x03, 0xF9, 0xF8, 0x00, 0x7E, 0xFE, 0x00, 0x1F, 0xBF,
    0x00, 0x07, 0xFF, 0xFF, 0xFF, 0xFF, 0xFF, 0xFF, 0xFF, 0xFF, 0xFF, 0xFF, 0xFF, 0xFF, 0xFF, 0xFF,
    0xFF, 0xFF, 0xFF, 0xF0, 0x00, 0x3F, 0xFC, 0x00, 0x0F, 0xFF, 0x00, 0x07, 0xFF, 0xE0, 0x01, 0xF9,
    0xF8, 0x00, 0x7E, 0x7F, 0x00, 0x3F, 0x9F, 0xE0, 0x1F, 0xC3, 0xFF, 0xFF, 0xF0, 0x7F, 0xFF, 0xF8,
    0x0F, 0xFF, 0xFC, 0x01, 0xFF, 0xFC, 0x00, 0x1F, 0xFC, 0x00, 0x1F, 0x0F, 0x81, 0xF9, 0xF8, 0x1F,
    0x9F, 0x81, 0xF9, 0xF8, 0x1F, 0x0F, 0x80, 0x00, 0x00, 0x00, 0x00, 0x00, 0x00, 0x00, 0x07, 0xFE,
    0x00, 0xFF, 0xF0, 0x3F, 0xFF, 0x83, 0xFF, 0xFC, 0x7F, 0xFF, 0xEF, 0xE0, 0x7E, 0xFC, 0x07, 0xFF,
    0xC0, 0x3F, 0xFF, 0xFF, 0xFF, 0xFF, 0xFF, 0xFF, 0xFF, 0xFF, 0xFF, 0xFF, 0xFF, 0xFF, 0xFF, 0xC0,
    0x3F, 0xFE, 0x07, 0xF7, 0xE0, 0xFE, 0x7F, 0xFF, 0xE3, 0xFF, 0xFC, 0x1F, 0xFF, 0xC0, 0xFF, 0xF0,
    0x07, 0xFE, 0x00, 0x3E, 0x3E, 0x01, 0xF9, 0xF8, 0x0F, 0xCF, 0xC0, 0x7E, 0x7E, 0x03, 0xE3, 0xE0,
    0x00, 0x00, 0x00, 0x00, 0x00, 0x00, 0x00, 0x00, 0x1F, 0xFC, 0x07, 0xFF, 0xF8, 0x3F, 0xFF, 0xE1,
    0xFF, 0xFF, 0x87, 0xFF, 0xFE, 0x38, 0x07, 0xF0, 0x00, 0x1F, 0xC0, 0x00, 0x7E, 0x00, 0x03, 0xF0,
    0x00, 0x1F, 0xC7, 0xFF, 0xFE, 0x3F, 0xFF, 0xF1, 0xFF, 0xFF, 0x8F, 0xFF, 0xFC, 0x7F, 0xFF, 0xE0,
    0x00, 0x3F, 0x00, 0x03, 0xF8, 0x00, 0x1F, 0xC0, 0x00, 0xFC, 0x00, 0x0F, 0xE0, 0x00, 0x7F, 0x70,
    0x0F, 0xF3, 0xFF, 0xFF, 0x9F, 0xFF, 0xF8, 0xFF, 0xFF, 0x87, 0xFF, 0xF8, 0x0F, 0xFE, 0x00, 0x7C,
    0x7C, 0x3F, 0x3F, 0x1F, 0x9F, 0x8F, 0xCF, 0xC7, 0xC7, 0xC0, 0x00, 0x00, 0x00, 0x00, 0x00, 0x00,
    0x3F, 0xF0, 0x7F, 0xFE, 0x3F, 0xFF, 0x8F, 0xFF, 0xE7, 0xFF, 0xF0, 0x03, 0xFC, 0x00, 0xFE, 0x00,
    0x3F, 0x1F, 0xFF, 0x8F, 0xFF, 0xC7, 0xFF, 0xE3, 0xFF, 0xF1, 0xFF, 0xF8, 0x01, 0xFC, 0x00, 0xFF,
    0x00, 0xFE, 0xFF, 0xFF, 0x7F, 0xFF, 0x3F, 0xFF, 0x9F, 0xFF, 0x07, 0xFF, 0x00, 0x03, 0xFF, 0xC0,
    0x03, 0xFF, 0xC0, 0x03, 0xFF, 0xC0, 0x03, 0xFF, 0xC0, 0x00, 0x00, 0x00, 0x00, 0x00, 0x00, 0xFE,
    0x00, 0x7F, 0x7E, 0x00, 0x7E, 0x7F, 0x00, 0x7E, 0x3F, 0x00, 0xFE, 0x3F, 0x00, 0xFC, 0x3F, 0x80,
    0xFC, 0x1F, 0x81, 0xF8, 0x1F, 0xC1, 0xF8, 0x0F, 0xC3, 0xF8, 0x0F, 0xC3, 0xF0, 0x07, 0xE3, 0xF0,
    0x07, 0xE7, 0xE0, 0x03, 0xF7, 0xE0, 0x03, 0xF7, 0xC0, 0x03, 0xFF, 0xC0, 0x01, 0xFF, 0xC0, 0x01,
    0xFF, 0x80, 0x00, 0xFF, 0x80, 0x00, 0xFF, 0x00, 0x00, 0x7F, 0x00, 0x00, 0x7E, 0x00, 0x00, 0xFE,
    0x00, 0x3F, 0xFC, 0x00, 0x3F, 0xFC, 0x00, 0x3F, 0xF8, 0x00, 0x3F, 0xF0, 0x00, 0x3F, 0xC0, 0x00,
    0x07, 0xFF, 0x80, 0x1F, 0xFE, 0x00, 0x7F, 0xF8, 0x01, 0xFF, 0xE0, 0x07, 0xFF, 0x80, 0x00, 0x00,
    0x0F, 0xE0, 0x1F, 0xFF, 0x80, 0x7E, 0x7F, 0x01, 0xF9, 0xFC, 0x0F, 0xE3, 0xF0, 0x3F, 0x0F, 0xE0,
    0xFC, 0x3F, 0x87, 0xF0, 0x7E, 0x1F, 0x81, 0xFC, 0x7E, 0x03, 0xF3, 0xF0, 0x0F, 0xCF, 0xC0, 0x3F,
    0x3F, 0x00, 0x7E, 0xF8, 0x01, 0xFF, 0xE0, 0x03, 0xFF, 0x80, 0x0F, 0xFC, 0x00, 0x3F, 0xF0, 0x00,
    0x7F, 0x80, 0x01, 0xFE, 0x00, 0x03, 0xF8, 0x00, 0x0F, 0xC0, 0x00, 0x3F, 0x00, 0x00, 0xFC, 0x00,
    0x07, 0xE0, 0x00, 0x3F, 0x80, 0x1F, 0xFC, 0x00, 0x7F, 0xF0, 0x01, 0xFF, 0x80, 0x07, 0xFC, 0x00,
    0x1F, 0xE0, 0x00, 0x03, 0xE3, 0xE0, 0x00, 0xFC, 0xFC, 0x00, 0x3F, 0x3F, 0x00, 0x0F, 0xCF, 0xC0,
    0x03, 0xE3, 0xE0, 0x00, 0x00, 0x00, 0x00, 0x00, 0x00, 0x00, 0x00, 0x00, 0x00, 0x7F, 0x00, 0x1F,
    0x9F, 0xC0, 0x0F, 0xE3, 0xF0, 0x03, 0xF0, 0xFE, 0x00, 0xFC, 0x1F, 0x80, 0x7F, 0x07, 0xF0, 0x1F,
    0x80, 0xFC, 0x0F, 0xE0, 0x3F, 0x03, 0xF0, 0x07, 0xE0, 0xFC, 0x01, 0xF8, 0x7E, 0x00, 0x7F, 0x1F,
    0x80, 0x0F, 0xCF, 0xC0, 0x03, 0xF3, 0xF0, 0x00, 0x7E, 0xFC, 0x00, 0x1F, 0xFE, 0x00, 0x03, 0xFF,
    0x80, 0x00, 0xFF, 0xC0, 0x00, 0x1F, 0xF0, 0x00, 0x07, 0xF8, 0x00, 0x00, 0xFE, 0x00, 0x00, 0x3F,
    0x00, 0x00, 0x1F, 0xC0, 0x01, 0xFF, 0xE0, 0x00, 0x7F, 0xF8, 0x00, 0x1F, 0xFC, 0x00, 0x07, 0xFE,
    0x00, 0x01, 0xFE, 0x00, 0x00, 0x07, 0xC7, 0xC0, 0x0F, 0xCF, 0xC0, 0x1F, 0x9F, 0x80, 0x3F, 0x3F,
    0x00, 0x7C, 0x7C, 0x00, 0x00, 0x00, 0x00, 0x00, 0x00, 0x00, 0x00, 0x00, 0x7F, 0x00, 0xFE, 0xFE,
    0x01, 0xFD, 0xFC, 0x03, 0xF1, 0xFC, 0x0F, 0xE3, 0xF8, 0x1F, 0x83, 0xF0, 0x3F, 0x07, 0xF0, 0xFE,
    0x07, 0xE1, 0xF8, 0x0F, 0xC3, 0xF0, 0x1F, 0xCF, 0xE0, 0x1F, 0x9F, 0x80, 0x3F, 0x3F, 0x00, 0x3F,
    0xFC, 0x00, 0x7F, 0xF8, 0x00, 0x7F, 0xF0, 0x00, 0xFF, 0xC0, 0x01, 0xFF, 0x80, 0x01, 0xFF, 0x00,
    0x03, 0xFC, 0x00, 0x03, 0xF8, 0x00, 0x07, 0xE0, 0x00, 0x0F, 0xC0, 0x00, 0x1F, 0x80, 0x00, 0x7E,
    0x00, 0x01, 0xFC, 0x00, 0x7F, 0xF0, 0x00, 0xFF, 0xE0, 0x01, 0xFF, 0x80, 0x03, 0xFE, 0x00, 0x07,
    0xF0, 0x00, 0x00, 0x00, 0x1F, 0xBF, 0x00, 0x1F, 0xFF, 0x80, 0x1F, 0xDF, 0x80, 0x0F, 0x9F, 0x80,
    0x0F, 0x9F, 0x80, 0x07, 0x8F, 0x00, 0x00, 0x00, 0x00, 0x00, 0x00, 0x00, 0x00, 0x00, 0x00, 0x3F,
    0x80, 0x1F, 0xDF, 0xC0, 0x0F, 0xE7, 0xE0, 0x07, 0xE3, 0xF8, 0x07, 0xF0, 0xFC, 0x03, 0xF0, 0x7F,
    0x01, 0xF8, 0x3F, 0x81, 0xF8, 0x0F, 0xC0, 0xFC, 0x07, 0xF0, 0xFE, 0x01, 0xF8, 0x7E, 0x00, 0xFE,
    0x3F, 0x00, 0x3F, 0x3F, 0x00, 0x1F, 0x9F, 0x80, 0x07, 0xEF, 0x80, 0x03, 0xFF, 0xC0, 0x00, 0xFF,
    0xE0, 0x00, 0x7F, 0xE0, 0x00, 0x1F, 0xF0, 0x00, 0x0F, 0xF0, 0x00, 0x07, 0xF8, 0x00, 0x03, 0xF8,
    0x00, 0x01, 0xFC, 0x00, 0x3F, 0xFC, 0x00, 0x1F, 0xFE, 0x00, 0x0F, 0xFE, 0x00, 0x07, 0xFE, 0x00,
    0x03, 0xFC, 0x00, 0x00, 0x00, 0xFD, 0xFC, 0x03, 0xFB, 0xF0, 0x07, 0xEF, 0xC0, 0x1F, 0xBF, 0x00,
    0x7C, 0x7C, 0x00, 0xF1, 0xF0, 0x00, 0x00, 0x00, 0x00, 0x00, 0x00, 0xFE, 0x00, 0xFC, 0xFE, 0x03,
    0xF9, 0xFC, 0x07, 0xF1, 0xF8, 0x0F, 0xC3, 0xF0, 0x3F, 0x87, 0xF0, 0x7E, 0x07, 0xE0, 0xFC, 0x0F,
    0xC1, 0xF8, 0x0F, 0xC7, 0xE0, 0x1F, 0x8F, 0xC0, 0x3F, 0x1F, 0x80, 0x3F, 0x7E, 0x00, 0x7E, 0xFC,
    0x00, 0x7D, 0xF0, 0x00, 0xFF, 0xE0, 0x01, 0xFF, 0xC0, 0x01, 0xFF, 0x00, 0x03, 0xFE, 0x00, 0x07,
    0xFC, 0x00, 0x07, 0xF0, 0x00, 0x0F, 0xE0, 0x00, 0x1F, 0xC0, 0x00, 0x3F, 0x00, 0x00, 0xFE, 0x00,
    0x01, 0xF8, 0x00, 0x7F, 0xF0, 0x00, 0xFF, 0xC0, 0x01, 0xFF, 0x80, 0x03, 0xFE, 0x00, 0x07, 0xF0,
    0x00, 0x00, 0x0F, 0x8F, 0x80, 0xFC, 0x7E, 0x07, 0xE3, 0xF0, 0x3F, 0x1F, 0x80, 0xF8, 0xF8, 0x00,
    0x00, 0x00, 0x00, 0x00, 0x00, 0x00, 0x00, 0xFC, 0x01, 0xFF, 0xE0, 0x0F, 0xFF, 0x00, 0x7F, 0xF8,
    0x03, 0xFF, 0xC0, 0x1F, 0xFE, 0x00, 0xFF, 0xF0, 0x07, 0xFF, 0x80, 0x3F, 0xFC, 0x01, 0xFF, 0xE0,
    0x0F, 0xFF, 0x00, 0x7F, 0xFC, 0x03, 0xFF, 0xF8, 0xFF, 0xBF, 0xFF, 0xFD, 0xFF, 0xFF, 0xE7, 0xFF,
    0xFF, 0x0F, 0xFF, 0xF8, 0x0F, 0x8F, 0xC0, 0x00, 0x7E, 0x00, 0x03, 0xF0, 0x00, 0x1F, 0x80, 0x00,
    0xFC, 0x00, 0x07, 0xE0, 0x00, 0x3F, 0x00, 0x01, 0xF8, 0x00, 0x0F, 0xC0, 0x00, 0x7E, 0x1F, 0x1F,
    0x07, 0xE7, 0xE0, 0xFC, 0xFC, 0x1F, 0x9F, 0x81, 0xF1, 0xF0, 0x00, 0x00, 0x00, 0x00, 0x07, 0xE0,
    0x3F, 0xFC, 0x07, 0xFF, 0x80, 0xFF, 0xF0, 0x1F, 0xFE, 0x03, 0xFF, 0xC0, 0x7F, 0xF8, 0x0F, 0xFF,
    0x01, 0xFF, 0xF0, 0x3F, 0xFF, 0x1F, 0xFF, 0xFF, 0xFD, 0xFF, 0xFF, 0xBF, 0xFF, 0xF1, 0xFF, 0xFE,
    0x07, 0x8F, 0xC0, 0x01, 0xF8, 0x00, 0x3F, 0x00, 0x07, 0xE0, 0x00, 0xFC, 0x00, 0x1F, 0x80, 0x03,
    0xF0, 0xFF, 0xFF, 0xFF, 0xFF, 0xFF, 0xFF, 0xFF, 0xFF, 0xFF, 0xFF, 0xFF, 0xE0, 0x03, 0xF0, 0x01,
    0xF8, 0x00, 0xFC, 0x00, 0x7E, 0x00, 0x3F, 0x00, 0x1F, 0x80, 0x0F, 0xC0, 0x07, 0xE0, 0x03, 0xF0,
    0x01, 0xF8, 0x00, 0xFC, 0x00, 0x7E, 0x00, 0x3F, 0x00, 0x1F, 0x80, 0x0F, 0xC0, 0x07, 0xE0, 0x03,
    0xFF, 0x81, 0xFF, 0xC0, 0xFF, 0xE0, 0x7F, 0xF0, 0x3F, 0xF8, 0x00, 0xFC, 0x00, 0x7E, 0x00, 0x3F,
    0x00, 0x1F, 0x80, 0x0F, 0xC0, 0x07, 0xE0, 0x03, 0xF0, 0x01, 0xF8, 0x00, 0xFF, 0xFF, 0xFF, 0xFF,
    0xFF, 0xFF, 0xFF, 0xFF, 0xFF, 0xF0, 0x0F, 0xC0, 0x3F, 0x00, 0xFC, 0x03, 0xF0, 0x0F, 0xC0, 0x3F,
    0x00, 0xFC, 0x03, 0xF0, 0x0F, 0xC0, 0x3F, 0x00, 0xFC, 0x03, 0xFF, 0x8F, 0xFE, 0x3F, 0xF8, 0xFF,
    0xE0, 0x0F, 0x80, 0x3E, 0x00, 0xF8, 0x03, 0xE0, 0x0F, 0x80, 0x3E, 0x00, 0xF8, 0x03, 0xE0, 0x01,
    0xF1, 0xF0, 0x00, 0x1F, 0x9F, 0x80, 0x01, 0xF9, 0xF8, 0x00, 0x1F, 0x9F, 0x80, 0x01, 0xF1, 0xF0,
    0x00, 0x00, 0x00, 0x00, 0x00, 0x00, 0x00, 0x00, 0x00, 0x00, 0x00, 0xFC, 0x00, 0x03, 0xFF, 0xC0,
    0x00, 0x3F, 0xFC, 0x00, 0x03, 0xFF, 0xC0, 0x00, 0x3F, 0xFC, 0x00, 0x03, 0xFF, 0xC0, 0x00, 0x3F,
    0xFC, 0x00, 0x03, 0xFF, 0xC0, 0x00, 0x3F, 0xFC, 0x00, 0x03, 0xFF, 0xFE, 0x00, 0x3F, 0xFF, 0xFE,
    0x03, 0xFF, 0xFF, 0xF0, 0x3F, 0xFF, 0xFF, 0x83, 0xFF, 0xFF, 0xFC, 0x3F, 0xFC, 0x3F, 0xE3, 0xFF,
    0xC0, 0xFE, 0x3F, 0xFC, 0x07, 0xE3, 0xFF, 0xC0, 0x7E, 0x3F, 0xFC, 0x07, 0xE3, 0xFF, 0xC0, 0x7E,
    0x3F, 0xFC, 0x0F, 0xE3, 0xFF, 0xC0, 0xFE, 0x3F, 0xFF, 0xFF, 0xE3, 0xFF, 0xFF, 0xFC, 0x3F, 0xFF,
    0xFF, 0x83, 0xFF, 0xFF, 0xF0, 0x3F, 0xFF, 0xFC, 0x03, 0xF0, 0x03, 0xE1, 0xF0, 0x00, 0xFC, 0xFC,
    0x00, 0x3F, 0x3F, 0x00, 0x0F, 0xCF, 0xC0, 0x03, 0xE1, 0xF0, 0x00, 0x00, 0x00, 0x00, 0x00, 0x00,
    0x03, 0xF0, 0x00, 0x3F, 0xFC, 0x00, 0x0F, 0xFF, 0x00, 0x03, 0xFF, 0xC0, 0x00, 0xFF, 0xF0, 0x00,
    0x3F, 0xFC, 0x00, 0x0F, 0xFF, 0xF8, 0x03, 0xFF, 0xFF, 0xC0, 0xFF, 0xFF, 0xFC, 0x3F, 0xFF, 0xFF,
    0x8F, 0xFF, 0xFF, 0xE3, 0xFF, 0xC3, 0xFC, 0xFF, 0xF0, 0x7F, 0x3F, 0xFC, 0x0F, 0xCF, 0xFF, 0x03,
    0xF3, 0xFF, 0xC1, 0xFC, 0xFF, 0xFF, 0xFF, 0x3F, 0xFF, 0xFF, 0x8F, 0xFF, 0xFF, 0xE3, 0xFF, 0xFF,
    0xF0, 0xFF, 0xFF, 0xF0, 0x3F, 0x3F, 0xFF, 0xF3, 0xFF, 0xFF, 0x3F, 0xFF, 0xF3, 0xFF, 0xFF, 0x3F,
    0xFF, 0xF3, 0xF0, 0x00, 0x3F, 0x00, 0x03, 0xF0, 0x00, 0x3F, 0x00, 0x03, 0xF0, 0x00, 0x3F, 0x00,
    0x0F, 0xFF, 0xF0, 0xFF, 0xFF, 0x0F, 0xFF, 0xF0, 0xFF, 0xFF, 0x0F, 0xFF, 0xF0, 0x3F, 0x00, 0x03,
    0xF0, 0x00, 0x3F, 0x00, 0x03, 0xF0, 0x00, 0x3F, 0x00, 0x03, 0xF0, 0x00, 0x3F, 0xFC, 0x03, 0xFF,
    0xC0, 0x3F, 0xFC, 0x03, 0xFF, 0xC0, 0x3F, 0xFC, 0x00, 0x0F, 0xC0, 0x00, 0xFC, 0x00, 0x0F, 0xC0,
    0x00, 0xFC, 0x00, 0xFF, 0xC0, 0x1F, 0xFC, 0x01, 0xFF, 0x80, 0x1F, 0xF0, 0x00, 0xFE, 0x00, 0x3F,
    0xFF, 0xCF, 0xFF, 0xF3, 0xFF, 0xFC, 0xFF, 0xFF, 0x3F, 0xFF, 0xCF, 0xC0, 0x03, 0xF0, 0x00, 0xFC,
    0x00, 0x3F, 0x00, 0x3F, 0xFF, 0x0F, 0xFF, 0xC3, 0xFF, 0xF0, 0xFF, 0xFC, 0x3F, 0xFF, 0x03, 0xF0,
    0x00, 0xFC, 0x00, 0x3F, 0x00, 0x0F, 0xFE, 0x03, 0xFF, 0x80, 0xFF, 0xE0, 0x3F, 0xF8, 0x00, 0x3E,
    0x00, 0x0F, 0x80, 0x03, 0xE0, 0x01, 0xF8, 0x03, 0xFE, 0x00, 0xFF, 0x80, 0x3F, 0xE0, 0x0F, 0xF0,
    0x03, 0xF8, 0x00, 0x7F, 0x80, 0x3F, 0x83, 0xF8, 0x07, 0xF8, 0x1F, 0xC0, 0x7F, 0x01, 0xFC, 0x0F,
    0xF0, 0x0F, 0xE0, 0xFE, 0x00, 0x7F, 0x1F, 0xC0, 0x07, 0xF1, 0xFC, 0x00, 0x3F, 0xBF, 0x80, 0x03,
    0xFF, 0xF0, 0x00, 0x1F, 0xFF, 0x00, 0x00, 0xFF, 0xE0, 0x00, 0x0F, 0xFC, 0x00, 0x00, 0x7F, 0xC0,
    0x00, 0x07, 0xF8, 0x00, 0x00, 0xFF, 0xC0, 0x00, 0x0F, 0xFE, 0x00, 0x01, 0xFF, 0xE0, 0x00, 0x1F,
    0xFF, 0x00, 0x03, 0xFB, 0xF8, 0x00, 0x7F, 0x3F, 0x80, 0x07, 0xF1, 0xFC, 0x00, 0xFE, 0x1F, 0xE0,
    0x1F, 0xC0, 0xFF, 0xF1, 0xFC, 0x07, 0xFF, 0x3F, 0x80, 0x7F, 0xF7, 0xF8, 0x03, 0xFF, 0x7F, 0x00,
    0x3F, 0xF0, 0x00, 0x00, 0x3F, 0x00, 0x00, 0x03, 0xF0, 0x00, 0x00, 0x3F, 0x00, 0x00, 0x07, 0xF0,
    0x00, 0x07, 0xFF, 0x00, 0x00, 0x7F, 0xE0, 0x00, 0x07, 0xFE, 0x00, 0x00, 0x7F, 0xC0, 0x00, 0x07,
    0xF8, 0xFE, 0x03, 0xF8, 0xFE, 0x0F, 0xF0, 0xFE, 0x1F, 0xC1, 0xFC, 0x7F, 0x01, 0xFC, 0xFE, 0x01,
    0xFB, 0xF8, 0x03, 0xFF, 0xE0, 0x03, 0xFF, 0xC0, 0x07, 0xFF, 0x00, 0x07, 0xFC, 0x00, 0x0F, 0xF8,
    0x00, 0x1F, 0xF8, 0x00, 0x7F, 0xF0, 0x00, 0xFF, 0xF0, 0x03, 0xFF, 0xF0, 0x0F, 0xEF, 0xE0, 0x1F,
    0xCF, 0xFE, 0x7F, 0x0F, 0xFD, 0xFC, 0x1F, 0xFB, 0xF8, 0x1F, 0xFF, 0xE0, 0x3F, 0xE0, 0x00, 0x07,
    0xC0, 0x00, 0x0F, 0x80, 0x00, 0x1F, 0x00, 0x00, 0x7E, 0x00, 0x07, 0xFC, 0x00, 0x0F, 0xF8, 0x00,
    0x1F, 0xF0, 0x00, 0x3F, 0xC0, 0x00, 0x7F, 0x00, 0xFF, 0x00, 0x7F, 0x1F, 0xC0, 0x1F, 0xC3, 0xF8,
    0x0F, 0xE0, 0xFE, 0x07, 0xF8, 0x1F, 0xC1, 0xFC, 0x03, 0xF8, 0xFE, 0x00, 0xFE, 0x3F, 0x80, 0x1F,
    0xDF, 0xC0, 0x03, 0xFF, 0xF0, 0x00, 0xFF, 0xF8, 0x00, 0x1F, 0xFC, 0x00, 0xFF, 0xFF, 0xF8, 0x3F,
    0xFF, 0xFE, 0x0F, 0xFF, 0xFF, 0x83, 0xFF, 0xFF, 0xE0, 0xFF, 0xFF, 0xF8, 0x03, 0xFF, 0xE0, 0x00,
    0xFF, 0xF8, 0x00, 0x7F, 0x7F, 0x00, 0x3F, 0x8F, 0xE0, 0x0F, 0xE3, 0xF8, 0x07, 0xF0, 0x7F, 0x03,
    0xFC, 0x1F, 0xE0, 0xFE, 0x03, 0xF8, 0x7F, 0x00, 0xFF, 0x1F, 0xC0, 0x1F, 0xCF, 0xE0, 0x03, 0xF8,
    0x7F, 0x03, 0xF9, 0xFC, 0x0F, 0xE3, 0xF8, 0x7F, 0x0F, 0xE1, 0xFC, 0x1F, 0xCF, 0xE0, 0x3F, 0xFF,
    0x00, 0xFF, 0xFC, 0x01, 0xFF, 0xE0, 0x3F, 0xFF, 0xF0, 0xFF, 0xFF, 0xC3, 0xFF, 0xFF, 0x0F, 0xFF,
    0xFC, 0x3F, 0xFF, 0xF0, 0x1F, 0xFE, 0x00, 0xFF, 0xFC, 0x03, 0xFF, 0xF0, 0x1F, 0xCF, 0xE0, 0xFE,
    0x1F, 0xC3, 0xF8, 0x7F, 0x1F, 0xC0, 0xFE, 0xFE, 0x01, 0xFC, 0x3F, 0x80, 0x3F, 0x9F, 0xE0, 0x1F,
    0x87, 0xF8, 0x0F, 0xC1, 0xFE, 0x07, 0xE0, 0x7F, 0x03, 0xF0, 0x3F, 0xC3, 0xF8, 0x0F, 0xF1, 0xFC,
    0x03, 0xF8, 0xFC, 0x03, 0xFE, 0xFE, 0x03, 0xFF, 0xFF, 0x03, 0xFF, 0xFF, 0x03, 0xFF, 0xFF, 0x01,
    0xF9, 0xFF, 0x01, 0xFC, 0xFE, 0x00, 0xFC, 0x3F, 0x80, 0x7E, 0x0F, 0xE0, 0x3F, 0x07, 0xF8, 0x3F,
    0x81, 0xFC, 0x1F, 0xC0, 0x7F, 0x0F, 0xE0, 0x3F, 0xC7, 0xE0, 0x0F, 0xE3, 0xF0, 0x07, 0xF9, 0xF8,
    0x01, 0xFC, 0x3F, 0xFC, 0x01, 0xFF, 0xF0, 0x0F, 0xFF, 0xC0, 0xFF, 0xFF, 0x07, 0xFF, 0xFC, 0x00,
    0x1F, 0xE0, 0x00, 0x7F, 0x00, 0x01, 0xF8, 0x00, 0x0F, 0xC0, 0x00, 0x7E, 0x00, 0x03, 0xF0, 0x00,
    0x1F, 0x80, 0x00, 0xFC, 0x00, 0x07, 0xE0, 0x00, 0x3F, 0x00, 0x01, 0xF8, 0x00, 0x0F, 0xC0, 0x00,
    0x7E, 0x3F, 0xFF, 0xFF, 0xFF, 0xFF, 0xFF, 0xFF, 0xFF, 0xFF, 0xFF, 0xFB, 0xFF, 0xFF, 0xC0, 0x3F,
    0xC0, 0xFF, 0x83, 0xFF, 0x0F, 0xFC, 0x7F, 0xF8, 0x0F, 0xE0, 0x1F, 0x80, 0x7E, 0x01, 0xF8, 0x07,
    0xE0, 0x1F, 0x80, 0x7E, 0x01, 0xF8, 0x07, 0xE0, 0x1F, 0x80, 0xFE, 0x07, 0xF8, 0x7F, 0xEF, 0xFF,
    0xFF, 0xBF, 0xFE, 0xFF, 0xF3, 0xFF, 0x8F, 0xC0, 0x00, 0xFF, 0xFF, 0xFF, 0xFF, 0xFF, 0xFF, 0xFF,
    0xEF, 0xFF, 0xFE, 0xFF, 0xFF, 0xE0, 0x03, 0xF0, 0x00, 0x3F, 0x00, 0x03, 0xF0, 0x00, 0x3F, 0x00,
    0x03, 0xF0, 0x00, 0x3F, 0x00, 0x03, 0xF0, 0x00, 0x3F, 0x00, 0x03, 0xF0, 0x00, 0x3F, 0x00, 0x03,
    0xF0, 0x00, 0x3F, 0x00, 0x03, 0xF0, 0x00, 0x3F, 0x00, 0x03, 0xF0, 0x00, 0x3F, 0x00, 0x03, 0xF0,
    0x00, 0x3F, 0x00, 0x7F, 0xFF, 0x83, 0xFF, 0xFF, 0x3F, 0xFF, 0xFD, 0xFF, 0xFF, 0xEF, 0xFF, 0xFF,
    0x80, 0x01, 0xFC, 0x00, 0x07, 0xE0, 0x00, 0x3F, 0x00, 0x01, 0xF8, 0x00, 0x0F, 0xC0, 0x00, 0x7E,
    0xFC, 0x03, 0xF7, 0xE0, 0x1F, 0xBF, 0x00, 0xFD, 0xF8, 0x07, 0xEF, 0xC0, 0x3F, 0x7E, 0x01, 0xFB,
    0xF0, 0x0F, 0xDF, 0x80, 0x7E, 0xFC, 0x03, 0xF7, 0xE0, 0x1F, 0xBF, 0x00, 0xFD, 0xF8, 0x07, 0xE0,
    0x7F, 0xDF, 0xF7, 0xFD, 0xFF, 0x7F, 0xC3, 0xF0, 0xFC, 0x3F, 0x0F, 0xC3, 0xF0, 0xFC, 0x3F, 0x0F,
    0xC3, 0xF0, 0xFC, 0x3F, 0x0F, 0xC3, 0xF0, 0xFC, 0x3F, 0x0F, 0xC3, 0xF0, 0xFC, 0xFF, 0xFF, 0xFF,
    0xFF, 0xFF, 0xFF, 0xEF, 0xFF, 0x07, 0xF0, 0x7E, 0x03, 0xF0, 0x3F, 0x01, 0xF8, 0x0F, 0xC0, 0x7E,
    0x03, 0xF0, 0x1F, 0x80, 0xFC, 0x07, 0xF0, 0x3F, 0x81, 0xFC, 0x0F, 0xE0, 0x7F, 0x01, 0xF8, 0x0F,
    0xE0, 0x7F, 0x00, 0xFF, 0xFF, 0xC3, 0xFF, 0xFF, 0xCF, 0xFF, 0xFF, 0xBF, 0xFF, 0xFE, 0xFF, 0xFF,
    0xFC, 0xFC, 0x07, 0xF3, 0xF0, 0x0F, 0xCF, 0xC0, 0x3F, 0x3F, 0x00, 0xFC, 0xFC, 0x03, 0xF3, 0xF0,
    0x0F, 0xCF, 0xC0, 0x3F, 0x3F, 0x00, 0xFC, 0xFC, 0x03, 0xF3, 0xF0, 0x0F, 0xCF, 0xC0, 0x3F, 0x3F,
    0x00, 0xFC, 0xFC, 0x03, 0xF3, 0xF0, 0x0F, 0xCF, 0xC0, 0x3F, 0x3F, 0x00, 0xFC, 0xFC, 0x03, 0xF3,
    0xF0, 0x0F, 0xC0, 0xFC, 0x7F, 0xC3, 0xF1, 0xFF, 0x8F, 0xC7, 0xFF, 0x3F, 0x1F, 0xFE, 0xFC, 0x7F,
    0xFB, 0xF0, 0x0F, 0xEF, 0xC0, 0x1F, 0xFF, 0x00, 0x7F, 0xFC, 0x01, 0xFF, 0xF0, 0x03, 0xFF, 0xC0,
    0x0F, 0xFF, 0x00, 0x3F, 0xFC, 0x01, 0xFF, 0xF0, 0x07, 0xFF, 0xE0, 0x1F, 0xFF, 0x80, 0x7E, 0x7F,
    0x03, 0xF9, 0xFE, 0x1F, 0xE7, 0xFF, 0xFF, 0x0F, 0xFF, 0xFC, 0x1F, 0xFF, 0xE0, 0x3F, 0xFE, 0x00,
    0x3F, 0xF0, 0x00, 0x7F, 0xDF, 0xF7, 0xFD, 0xFF, 0x7F, 0xC3, 0xF0, 0xFC, 0x3F, 0x0F, 0xC3, 0xF0,
    0xFC, 0x3F, 0x0F, 0xC3, 0xF0, 0x7F, 0xFC, 0x0F, 0xFF, 0xE1, 0xFF, 0xFE, 0x3F, 0xFF, 0xEF, 0xFF,
    0xFC, 0x00, 0x3F, 0xC0, 0x03, 0xF8, 0x00, 0x7F, 0x00, 0x07, 0xE0, 0x00, 0xFC, 0x00, 0x1F, 0x80,
    0x03, 0xF0, 0x00, 0x7E, 0x00, 0x0F, 0xC0, 0x01, 0xF8, 0x00, 0x3F, 0x00, 0x07, 0xE0, 0x00, 0xFC,
    0x00, 0x1F, 0x80, 0x03, 0xF0, 0x00, 0x7E, 0x00, 0x0F, 0xC0, 0x01, 0xF8, 0x00, 0x3F, 0x00, 0x07,
    0xE0, 0x00, 0xFC, 0x00, 0x1F, 0x80, 0x03, 0xF0, 0x00, 0x7E, 0x00, 0x0F, 0xC0, 0x7F, 0xF0, 0x1F,
    0xFF, 0x0F, 0xFF, 0xE3, 0xFF, 0xFC, 0xFF, 0xFF, 0x00, 0x1F, 0xE0, 0x03, 0xF8, 0x00, 0x7F, 0x00,
    0x1F, 0xC0, 0x07, 0xF0, 0x00, 0xFC, 0x00, 0x3F, 0x00, 0x0F, 0xC0, 0x07, 0xF0, 0x01, 0xFC, 0x00,
    0x7F, 0x00, 0x3F, 0x80, 0x1F, 0xEF, 0xFF, 0xFB, 0xFF, 0xFC, 0xFF, 0xFE, 0x3F, 0xFF, 0x0F, 0xFF,
    0x00, 0xFC, 0x00, 0x1F, 0x80, 0x03, 0xF0, 0x00, 0x7E, 0x00, 0x0F, 0xC0, 0x01, 0xF8, 0x00, 0x3F,
    0xFF, 0xFF, 0xFF, 0xFF, 0xFF, 0xFF, 0xFF, 0xFF, 0xFF, 0xFF, 0xFF, 0x00, 0x0F, 0xE0, 0x01, 0xFC,
    0x00, 0x3F, 0x00, 0x0F, 0xE0, 0x01, 0xFC, 0x00, 0x3F, 0x00, 0x0F, 0xE0, 0x01, 0xFC, 0x00, 0x3F,
    0x00, 0x0F, 0xE0, 0x01, 0xFC, 0x00, 0x3F, 0x00, 0x0F, 0xE0, 0x01, 0xFC, 0x00, 0x3F, 0x00, 0x0F,
    0xE0, 0x01, 0xFC, 0x00, 0x7F, 0x00, 0x7F, 0xFF, 0xF0, 0x7F, 0xFF, 0xF8, 0x7F, 0xFF, 0xFC, 0x7F,
    0xFF, 0xFE, 0x7F, 0xFF, 0xFE, 0x1F, 0x80, 0xFF, 0x1F, 0x80, 0x7F, 0x1F, 0x80, 0x3F, 0x1F, 0x80,
    0x3F, 0x1F, 0x80, 0x3F, 0x1F, 0x80, 0x3F, 0x1F, 0x80, 0x3F, 0x1F, 0x80, 0x3F, 0x1F, 0x80, 0x3F,
    0x1F, 0x80, 0x3F, 0x1F, 0x80, 0x3F, 0x1F, 0x80, 0x3F, 0x1F, 0x80, 0x3F, 0x1F, 0xFF, 0xFF, 0x1F,
    0xFF, 0xFF, 0x1F, 0xFF, 0xFF, 0x1F, 0xFF, 0xFF, 0x1F, 0xFF, 0xFF, 0xFE, 0x0F, 0xF0, 0x3F, 0x1F,
    0xFC, 0x1F, 0x9F, 0xFF, 0x0F, 0xFF, 0xFF, 0xC3, 0xFF, 0xFF, 0xF1, 0xFF, 0x87, 0xF8, 0xFF, 0x81,
    0xFC, 0x3F, 0xC0, 0x7F, 0x1F, 0xC0, 0x3F, 0x8F, 0xE0, 0x0F, 0xC7, 0xF0, 0x07, 0xE3, 0xF8, 0x03,
    0xF1, 0xF8, 0x01, 0xF8, 0xFC, 0x01, 0xFC, 0x7E, 0x00, 0xFE, 0x7F, 0x00, 0x7F, 0x3F, 0x80, 0x7F,
    0x1F, 0xC0, 0x7F, 0x8F, 0xC7, 0xFF, 0x87, 0xE3, 0xFF, 0xC7, 0xF1, 0xFF, 0xC3, 0xF8, 0xFF, 0xC1,
    0xFC, 0xFF, 0x80, 0x7F, 0xDF, 0xF7, 0xFD, 0xFF, 0x7F, 0xC3, 0xF0, 0xFC, 0x3F, 0x0F, 0xC3, 0xF0,
    0xFC, 0x3F, 0x0F, 0xC3, 0xF0, 0xFC, 0x3F, 0x0F, 0xC3, 0xF0, 0xFC, 0x3F, 0x0F, 0xC3, 0xF0, 0xFC,
    0x3F, 0x0F, 0xC3, 0xF0, 0xFC, 0x3F, 0x0F, 0xC3, 0xF0, 0x3F, 0x87, 0xFC, 0x7F, 0xE7, 0xFF, 0x7F,
    0xF0, 0x7F, 0x03, 0xF0, 0x3F, 0x03, 0xF0, 0x3F, 0x03, 0xF0, 0x3F, 0x03, 0xF0, 0x3F, 0x03, 0xF0,
    0x3F, 0x03, 0xF0, 0x3F, 0xFF, 0xFF, 0xFF, 0xFF, 0xFF, 0xFF, 0xFF, 0xF0, 0xFF, 0xFF, 0xC1, 0xFF,
    0xFF, 0xC3, 0xFF, 0xFF, 0xC7, 0xFF, 0xFF, 0xCF, 0xFF, 0xFF, 0xC3, 0xE0, 0x3F, 0x8F, 0xC0, 0x3F,
    0x9F, 0x00, 0x7F, 0x7E, 0x00, 0xFE, 0xFC, 0x00, 0xFD, 0xF8, 0x01, 0xFB, 0xF0, 0x03, 0xF7, 0xE0,
    0x07, 0xEF, 0xC0, 0x1F, 0xDF, 0x80, 0x3F, 0xBF, 0x80, 0x7E, 0x7F, 0x01, 0xFC, 0x7F, 0x87, 0xF8,
    0xFF, 0xFF, 0xE0, 0xFF, 0xFF, 0xC1, 0xFF, 0xFF, 0x00, 0xFF, 0xFC, 0x00, 0x7F, 0xE0, 0x00, 0x02,
    0x00, 0x01, 0xFC, 0x03, 0xF3, 0xF0, 0x0F, 0xCF, 0xC0, 0x3F, 0x3F, 0x00, 0xFC, 0xFE, 0x03, 0xF3,
    0xF8, 0x0F, 0xC7, 0xE0, 0x3F, 0x1F, 0x80, 0xFC, 0x7E, 0x07, 0xF1, 0xFC, 0x1F, 0xC7, 0xF0, 0x7F,
    0x0F, 0xC1, 0xFC, 0x3F, 0x07, 0xE0, 0xFE, 0x3F, 0x83, 0xF8, 0xFE, 0x0F, 0xE7, 0xF0, 0x1F, 0xBF,
    0xC0, 0x7F, 0xFE, 0x07, 0xFF, 0xF0, 0xFF, 0xFF, 0x83, 0xFF, 0xFC, 0x0F, 0xFF, 0xC0, 0x3F, 0xF0,
    0x00, 0xF8, 0x00, 0x00, 0x00, 0x00, 0x00, 0x07, 0xFE, 0x00, 0xFF, 0xF8, 0x0F, 0xFF, 0xF0, 0xFF,
    0xFF, 0xCF, 0xFF, 0xFE, 0x7F, 0x87, 0xFB, 0xF8, 0x1F, 0xDF, 0x80, 0x7F, 0xFC, 0x03, 0xFF, 0xE0,
    0x1F, 0xFF, 0xC0, 0x7F, 0xFF, 0x03, 0xF7, 0xF8, 0x1F, 0x9F, 0xC0, 0xFC, 0x7E, 0x07, 0xE0, 0x70,
    0x3F, 0x00, 0x01, 0xF8, 0x00, 0x0F, 0xC0, 0x00, 0x7E, 0x00, 0x03, 0xF0, 0x00, 0x1F, 0x80, 0x00,
    0xFC, 0x00, 0x07, 0xE0, 0x00, 0x3F, 0x00, 0x01, 0xF8, 0x00, 0x0F, 0xC0, 0x00, 0x7E, 0x00, 0x03,
    0xF0, 0x00, 0x1F, 0x80, 0x00, 0xFC, 0x07, 0xFE, 0x00, 0xFF, 0xF8, 0x0F, 0xFF, 0xF0, 0xFF, 0xFF,
    0xCF, 0xFF, 0xFE, 0x7F, 0x87, 0xFB, 0xF8, 0x1F, 0xDF, 0x80, 0x7F, 0xFC, 0x03, 0xFF, 0xE0, 0x1F,
    0xFF, 0xC0, 0x7F, 0xFF, 0x03, 0xF7, 0xF8, 0x1F, 0x9F, 0xC1, 0xFC, 0x7E, 0x0F, 0xE0, 0x70, 0x7E,
    0x00, 0x07, 0xF0, 0x00, 0xFF, 0xBF, 0xFF, 0xF9, 0xFF, 0xFF, 0x8F, 0xFF, 0xF8, 0x7F, 0xFF, 0x83,
    0xFF, 0xF0, 0x00, 0x7F, 0x01, 0xFB, 0xF8, 0x0F, 0xDF, 0xC0, 0xFE, 0x7F, 0x07, 0xF3, 0xF8, 0x3F,
    0x8F, 0xC1, 0xF8, 0x7F, 0x0F, 0xC3, 0xF8, 0x7E, 0x0F, 0xE7, 0xF0, 0x7F, 0x3F, 0x01, 0xFB, 0xF8,
    0x0F, 0xFF, 0x80, 0x7F, 0xFC, 0x01, 0xFF, 0xC0, 0x0F, 0xFC, 0x00, 0x7F, 0x80, 0x01, 0xF8, 0x00,
    0x0F, 0xE0, 0x00, 0x7F, 0x00, 0x01, 0xF8, 0x00, 0x0F, 0xC0, 0x00, 0x7F, 0x00, 0x03, 0xF8, 0x00,
    0x0F, 0xC0, 0x00, 0x7E, 0x00, 0x03, 0xF8, 0x00, 0x1F, 0xC0, 0x00, 0x7E, 0x00, 0x03, 0xF0, 0x00,
    0x1F, 0xC0, 0xFF, 0x03, 0xFB, 0xF8, 0x1F, 0xCF, 0xE0, 0xFC, 0x7F, 0x87, 0xE1, 0xFC, 0x3F, 0x0F,
    0xF1, 0xF8, 0x3F, 0x9F, 0xC0, 0xFE, 0xFE, 0x07, 0xFF, 0xE0, 0x1F, 0xFF, 0x00, 0x7F, 0xF0, 0x03,
    0xFF, 0x00, 0x0F, 0xF0, 0x00, 0x7F, 0x80, 0x01, 0xFC, 0x00, 0x07, 0xF0, 0x00, 0x3F, 0xC0, 0x00,
    0xFE, 0x1F, 0xFF, 0xF8, 0xFF, 0xFF, 0xC7, 0xFF, 0xFE, 0x3F, 0xFF, 0xF1, 0xFF, 0xFF, 0x80, 0xFF,
    0xFF, 0xFF, 0xFF, 0xFF, 0xFF, 0xFF, 0xFF, 0xFF, 0xFF, 0xFF, 0xFF, 0xFF, 0xFC, 0x00, 0x07, 0xE0,
    0x00, 0x1F, 0x80, 0x00, 0xFE, 0x00, 0x03, 0xF0, 0x00, 0x0F, 0xC7, 0xE0, 0x7F, 0x1F, 0x81, 0xFC,
    0x7E, 0x07, 0xE1, 0xF8, 0x1F, 0x87, 0xE0, 0xFE, 0x1F, 0x83, 0xF0, 0x7E, 0x0F, 0xC1, 0xF8, 0x7F,
    0x07, 0xE1, 0xFC, 0x1F, 0x87, 0xE0, 0x7E, 0x1F, 0x81, 0xF8, 0xFE, 0x07, 0xE3, 0xF0, 0x1F, 0x80,
    0x00, 0x7E, 0x00, 0x01, 0xF8, 0x00, 0x07, 0xE0, 0x00, 0x1F, 0x80, 0x00, 0x7E, 0x00, 0x01, 0xF8,
    0x00, 0x00, 0xFF, 0xF8, 0x7F, 0xFE, 0x3F, 0xFF, 0x9F, 0xFF, 0xEF, 0xFF, 0xF0, 0x03, 0xFC, 0x00,
    0xFE, 0x00, 0x3F, 0x00, 0x1F, 0x80, 0x0F, 0xC0, 0x07, 0xE0, 0x03, 0xF0, 0x01, 0xF8, 0x00, 0xFC,
    0x00, 0x7E, 0x00, 0x3F, 0x00, 0x1F, 0x80, 0x0F, 0xC0, 0x07, 0xE0, 0x03, 0xF0, 0x01, 0xF8, 0x00,
    0xFC, 0x00, 0x7E, 0xFC, 0x3F, 0x1F, 0xFE, 0x1F, 0x8F, 0xFF, 0x0F, 0xC7, 0xFF, 0x87, 0xE3, 0xFF,
    0xC3, 0xF1, 0xFF, 0xE3, 0xF8, 0xFF, 0xF1, 0xFC, 0x7F, 0xF8, 0xFC, 0x3F, 0xFC, 0xFE, 0x1F, 0xFF,
    0xFF, 0x0F, 0xFF, 0xFF, 0x07, 0xFF, 0xFF, 0x03, 0xFF, 0xFF, 0x01, 0xFF, 0xFC, 0x01, 0xFF, 0xF8,
    0x00, 0xFE, 0xFC, 0x00, 0x7E, 0x7F, 0x00, 0x7F, 0x3F, 0xE0, 0xFF, 0x8F, 0xFF, 0xFF, 0x83, 0xFF,
    0xFF, 0x80, 0xFF, 0xFF, 0x80, 0x3F, 0xFF, 0x80, 0x07, 0xFF, 0x00, 0x3F, 0xFF, 0xF8, 0x1F, 0xFF,
    0xFE, 0x1F, 0xFF, 0xFF, 0x8F, 0xFF, 0xFF, 0xE7, 0xFF, 0xFF, 0xF0, 0x3F, 0x03, 0xFC, 0x1F, 0x80,
    0xFE, 0x0F, 0xC0, 0x3F, 0x07, 0xE0, 0x1F, 0x83, 0xF0, 0x0F, 0xC1, 0xF8, 0x07, 0xE0, 0xFC, 0x03,
    0xF0, 0x7E, 0x01, 0xF8, 0x3F, 0x00, 0xFC, 0x1F, 0x80, 0x7E, 0x0F, 0xC0, 0x3F, 0x07, 0xE0, 0x1F,
    0x87, 0xF0, 0x0F, 0xDF, 0xF8, 0x07, 0xEF, 0xF8, 0x03, 0xF7, 0xFC, 0x01, 0xFB, 0xFC, 0x00, 0xFD,
    0xFC, 0x00, 0x7E, 0x00, 0x3F, 0x80, 0x00, 0x07, 0xF0, 0x00, 0x00, 0xFE, 0x00, 0x00, 0x3F, 0xE0,
    0x00, 0x07, 0xFC, 0x00, 0x01, 0xFF, 0xC0, 0x00, 0x3F, 0xF8, 0x00, 0x07, 0xFF, 0x00, 0x01, 0xFF,
    0xF0, 0x00, 0x3F, 0x7E, 0x00, 0x0F, 0xEF, 0xE0, 0x01, 0xFD, 0xFC, 0x00, 0x3F, 0x1F, 0x80, 0x0F,
    0xE3, 0xF8, 0x01, 0xFC, 0x7F, 0x00, 0x7F, 0x07, 0xF0, 0x0F, 0xFF, 0xFE, 0x01, 0xFF, 0xFF, 0xC0,
    0x7F, 0xFF, 0xFC, 0x0F, 0xFF, 0xFF, 0x83, 0xFF, 0xFF, 0xF8, 0x7F, 0x00, 0x7F, 0x0F, 0xE0, 0x0F,
    0xE3, 0xF8, 0x00, 0xFE, 0x7F, 0x00, 0x1F, 0xDF, 0xC0, 0x03, 0xFC, 0x00, 0x00, 0x00, 0x00, 0x00,
    0x00, 0x00, 0x01, 0xF0, 0x00, 0x00, 0x7F, 0x00, 0x00, 0x0F, 0xE0, 0x00, 0x01, 0xFC, 0x00, 0x00,
    0x3F, 0x80, 0x00, 0x03, 0xE0, 0x00, 0x07, 0xFC, 0xFC, 0x3F, 0xFB, 0xF1, 0xFF, 0xFF, 0xCF, 0xFF,
    0xFF, 0x7F, 0xFF, 0xFD, 0xFF, 0x3F, 0xFF, 0xF0, 0x3F, 0xFF, 0x80, 0x7F, 0xFE, 0x01, 0xFF, 0xF0,
    0x03, 0xFF, 0xC0, 0x0F, 0xFF, 0x80, 0x7F, 0xFE, 0x01, 0xFF, 0xFC, 0x0F, 0xF7, 0xFC, 0xFF, 0xDF,
    0xFF, 0xFF, 0x3F, 0xFF, 0xFC, 0x7F, 0xFF, 0xF0, 0xFF, 0xEF, 0xC1, 0xFE, 0x3F, 0x00, 0x00, 0x00,
    0x00, 0x00, 0x00, 0x07, 0xC0, 0x00, 0x3F, 0x80, 0x00, 0xFE, 0x00, 0x03, 0xF8, 0x00, 0x0F, 0xE0,
    0x00, 0x1F, 0x00, 0x00, 0x7F, 0x80, 0x00, 0x1F, 0xF8, 0x00, 0x01, 0xFF, 0x00, 0x00, 0x3B, 0xE0,
    0x00, 0x00, 0x7C, 0x00, 0x00, 0x1F, 0x00, 0x00, 0x07, 0xC0, 0x00, 0x00, 0xF0, 0x00, 0x00, 0x08,
    0x00, 0x00, 0x00, 0x00, 0x00, 0x00, 0xFE, 0x00, 0x00, 0x3F, 0xC0, 0x00, 0x07, 0xF8, 0x00, 0x00,
    0xFF, 0x80, 0x00, 0x3F, 0xF0, 0x00, 0x07, 0xFF, 0x00, 0x00, 0xFF, 0xE0, 0x00, 0x3F, 0xFC, 0x00,
    0x07, 0xFF, 0xC0, 0x01, 0xFF, 0xF8, 0x00, 0x3F, 0xBF, 0x80, 0x07, 0xE7, 0xF0, 0x01, 0xFC, 0xFE,
    0x00, 0x3F, 0x8F, 0xE0, 0x0F, 0xE1, 0xFC, 0x01, 0xFC, 0x1F, 0xC0, 0x3F, 0xFF, 0xF8, 0x0F, 0xFF,
    0xFF, 0x01, 0xFF, 0xFF, 0xF0, 0x7F, 0xFF, 0xFE, 0x0F, 0xFF, 0xFF, 0xE1, 0xFC, 0x01, 0xFC, 0x7F,
    0x00, 0x3F, 0x8F, 0xE0, 0x03, 0xFB, 0xF8, 0x00, 0x7F, 0x7F, 0x00, 0x0F, 0xF0, 0x01, 0xFE, 0x00,
    0x1F, 0xF8, 0x00, 0x7F, 0xC0, 0x03, 0xBE, 0x00, 0x01, 0xF0, 0x00, 0x1F, 0x80, 0x01, 0xF8, 0x00,
    0x0F, 0x00, 0x00, 0x38, 0x00, 0x00, 0x00, 0x00, 0x00, 0x00, 0x0F, 0xF3, 0xF0, 0xFF, 0xFF, 0x9F,
    0xFF, 0xFC, 0xFF, 0xFF, 0xEF, 0xFF, 0xFF, 0xFF, 0xDF, 0xFF, 0xF8, 0x3F, 0xFF, 0x80, 0xFF, 0xFC,
    0x07, 0xFF, 0xC0, 0x1F, 0xFE, 0x00, 0xFF, 0xF8, 0x0F, 0xFF, 0xC0, 0x7F, 0xFF, 0x07, 0xFF, 0xFE,
    0xFF, 0xDF, 0xFF, 0xFE, 0x7F, 0xFF, 0xF3, 0xFF, 0xFF, 0x8F, 0xFF, 0xFC, 0x1F, 0xE7, 0xE0, 0x00,
    0x00, 0x00, 0x00, 0x00, 0x00, 0x70, 0x00, 0x00, 0x07, 0x80, 0x00, 0x00, 0xFC, 0x00, 0x00, 0x1F,
    0x80, 0x00, 0x01, 0xF0, 0x00, 0x00, 0x3E, 0x00, 0x00, 0xF1, 0xC0, 0x00, 0x3F, 0xC8, 0x00, 0x07,
    0xFE, 0x00, 0x00, 0xFF, 0xF0, 0x00, 0x1F, 0xFF, 0x80, 0x00, 0xF0, 0xF0, 0x00, 0x04, 0x00, 0x00,
    0x00, 0x00, 0x00, 0x00, 0x01, 0xF8, 0x00, 0x00, 0x3F, 0xC0, 0x00, 0x03, 0xFC, 0x00, 0x00, 0x3F,
    0xE0, 0x00, 0x07, 0xFE, 0x00, 0x00, 0x7F, 0xE0, 0x00, 0x0F, 0xFF, 0x00, 0x00, 0xFF, 0xF0, 0x00,
    0x0F, 0xFF, 0x80, 0x01, 0xFF, 0xF8, 0x00, 0x1F, 0xBF, 0x80, 0x03, 0xF9, 0xFC, 0x00, 0x3F, 0x9F,
    0xC0, 0x03, 0xF0, 0xFC, 0x00, 0x7F, 0x0F, 0xE0, 0x07, 0xF0, 0xFE, 0x00, 0xFF, 0xFF, 0xF0, 0x0F,
    0xFF, 0xFF, 0x00, 0xFF, 0xFF, 0xF0, 0x1F, 0xFF, 0xFF, 0x81, 0xFF, 0xFF, 0xF8, 0x3F, 0x80, 0x3F,
    0xC3, 0xF8, 0x01, 0xFC, 0x3F, 0x80, 0x1F, 0xC7, 0xF0, 0x00, 0xFE, 0x7F, 0x00, 0x0F, 0xE0, 0x00,
    0x00, 0x18, 0x00, 0x00, 0x3C, 0x00, 0x00, 0x3F, 0x00, 0x00, 0x7E, 0x00, 0x00, 0x7C, 0x00, 0x00,
    0xF8, 0x00, 0x00, 0xF0, 0x00, 0x7C, 0x60, 0x00, 0xFE, 0x00, 0x03, 0xFF, 0x00, 0x07, 0xFF, 0x80,
    0x0F, 0xFF, 0xC0, 0x07, 0x87, 0xC0, 0x02, 0x01, 0x80, 0x00, 0x00, 0x00, 0x00, 0x00, 0x00, 0x07,
    0xF9, 0xF8, 0x1F, 0xFD, 0xF8, 0x3F, 0xFF, 0xF8, 0x3F, 0xFF, 0xF8, 0x7F, 0xFF, 0xF8, 0xFF, 0xDF,
    0xF8, 0xFF, 0x07, 0xF8, 0xFE, 0x03, 0xF8, 0xFE, 0x03, 0xF8, 0xFC, 0x01, 0xF8, 0xFC, 0x01, 0xF8,
    0xFE, 0x03, 0xF8, 0xFE, 0x03, 0xF8, 0xFF, 0x07, 0xF8, 0xFF, 0xDF, 0xF8, 0x7F, 0xFF, 0xF8, 0x3F,
    0xFF, 0xF8, 0x3F, 0xFF, 0xF8, 0x1F, 0xFD, 0xF8, 0x07, 0xF9, 0xF8, 0x00, 0x00, 0x00, 0x00, 0x00,
    0x07, 0x00, 0x00, 0x00, 0xF8, 0x00, 0x00, 0x1F, 0x80, 0x00, 0x00, 0xFC, 0x00, 0x00, 0x07, 0xC0,
    0x00, 0x00, 0x3E, 0x00, 0x00, 0xF1, 0xC0, 0x00, 0x3F, 0xC8, 0x00, 0x07, 0xFE, 0x00, 0x00, 0xFF,
    0xF0, 0x00, 0x1F, 0xFF, 0x80, 0x00, 0xF0, 0xF0, 0x00, 0x04, 0x00, 0x00, 0x00, 0x00, 0x00, 0x00,
    0x01, 0xF8, 0x00, 0x00, 0x3F, 0xC0, 0x00, 0x03, 0xFC, 0x00, 0x00, 0x3F, 0xE0, 0x00, 0x07, 0xFE,
    0x00, 0x00, 0x7F, 0xE0, 0x00, 0x0F, 0xFF, 0x00, 0x00, 0xFF, 0xF0, 0x00, 0x0F, 0xFF, 0x80, 0x01,
    0xFF, 0xF8, 0x00, 0x1F, 0xBF, 0x80, 0x03, 0xF9, 0xFC, 0x00, 0x3F, 0x9F, 0xC0, 0x03, 0xF0, 0xFC,
    0x00, 0x7F, 0x0F, 0xE0, 0x07, 0xF0, 0xFE, 0x00, 0xFF, 0xFF, 0xF0, 0x0F, 0xFF, 0xFF, 0x00, 0xFF,
    0xFF, 0xF0, 0x1F, 0xFF, 0xFF, 0x81, 0xFF, 0xFF, 0xF8, 0x3F, 0x80, 0x3F, 0xC3, 0xF8, 0x01, 0xFC,
    0x3F, 0x80, 0x1F, 0xC7, 0xF0, 0x00, 0xFE, 0x7F, 0x00, 0x0F, 0xE0, 0x00, 0x01, 0x80, 0x00, 0x1E,
    0x00, 0x03, 0xF0, 0x00, 0x0F, 0xC0, 0x00, 0x3E, 0x00, 0x00, 0xF8, 0x00, 0x03, 0xC0, 0x0F, 0x8C,
    0x00, 0xFE, 0x00, 0x1F, 0xF8, 0x01, 0xFF, 0xE0, 0x1F, 0xFF, 0x80, 0x78, 0x7C, 0x01, 0x00, 0xC0,
    0x00, 0x00, 0x00, 0x00, 0x00, 0x07, 0xF9, 0xF8, 0xFF, 0xEF, 0xCF, 0xFF, 0xFE, 0x7F, 0xFF, 0xF7,
    0xFF, 0xFF, 0xFF, 0xEF, 0xFF, 0xFC, 0x1F, 0xFF, 0xC0, 0x7F, 0xFE, 0x03, 0xFF, 0xE0, 0x0F, 0xFF,
    0x00, 0x7F, 0xFC, 0x07, 0xFF, 0xE0, 0x3F, 0xFF, 0x83, 0xFF, 0xFF, 0x7F, 0xEF, 0xFF, 0xFF, 0x3F,
    0xFF, 0xF9, 0xFF, 0xFF, 0xC7, 0xFF, 0x7E, 0x0F, 0xF3, 0xF0, 0x00, 0x00, 0xFF, 0x00, 0x00, 0x0F,
    0xF8, 0x00, 0x00, 0xFF, 0x80, 0x00, 0x0E, 0xF8, 0x00, 0x00, 0x0F, 0x80, 0x00, 0x01, 0xF0, 0x00,
    0x0F, 0x1C, 0x00, 0x03, 0xFD, 0xC0, 0x00, 0x7F, 0xE0, 0x00, 0x0F, 0xFF, 0x00, 0x01, 0xFF, 0xF8,
    0x00, 0x0F, 0x07, 0x00, 0x00, 0x00, 0x00, 0x00, 0x00, 0x00, 0x00, 0x00, 0x1F, 0x80, 0x00, 0x03,
    0xFC, 0x00, 0x00, 0x3F, 0xC0, 0x00, 0x03, 0xFE, 0x00, 0x00, 0x7F, 0xE0, 0x00, 0x07, 0xFE, 0x00,
    0x00, 0xFF, 0xF0, 0x00, 0x0F, 0xFF, 0x00, 0x00, 0xFF, 0xF8, 0x00, 0x1F, 0xFF, 0x80, 0x01, 0xFB,
    0xF8, 0x00, 0x3F, 0x9F, 0xC0, 0x03, 0xF9, 0xFC, 0x00, 0x3F, 0x0F, 0xE0, 0x07, 0xF0, 0xFE, 0x00,
    0x7F, 0x0F, 0xE0, 0x0F, 0xFF, 0xFF, 0x00, 0xFF, 0xFF, 0xF0, 0x0F, 0xFF, 0xFF, 0x01, 0xFF, 0xFF,
    0xF8, 0x1F, 0xFF, 0xFF, 0x83, 0xF8, 0x03, 0xFC, 0x3F, 0x80, 0x1F, 0xC3, 0xF8, 0x01, 0xFC, 0x7F,
    0x00, 0x0F, 0xE7, 0xF0, 0x00, 0xFE, 0x00, 0x07, 0xF8, 0x00, 0x1F, 0xF0, 0x00, 0x7F, 0xC0, 0x00,
    0xDF, 0x00, 0x00, 0x7C, 0x00, 0x03, 0xE0, 0x00, 0x0F, 0x00, 0x1F, 0x38, 0x00, 0xFE, 0x00, 0x0F,
    0xFC, 0x00, 0x7F, 0xF8, 0x03, 0xFF, 0xF0, 0x07, 0x87, 0x80, 0x08, 0x06, 0x00, 0x00, 0x00, 0x00,
    0x00, 0x00, 0x07, 0xF9, 0xF8, 0x7F, 0xF7, 0xE3, 0xFF, 0xFF, 0x8F, 0xFF, 0xFE, 0x7F, 0xFF, 0xFB,
    0xFF, 0x7F, 0xEF, 0xF0, 0x7F, 0xBF, 0x80, 0xFE, 0xFE, 0x03, 0xFB, 0xF0, 0x07, 0xEF, 0xC0, 0x1F,
    0xBF, 0x80, 0xFE, 0xFE, 0x03, 0xFB, 0xFC, 0x1F, 0xEF, 0xFD, 0xFF, 0x9F, 0xFF, 0xFE, 0x3F, 0xFF,
    0xF8, 0xFF, 0xFF, 0xE1, 0xFF, 0xDF, 0x81, 0xFC, 0x7E, 0x00, 0x00, 0x00, 0x00, 0x07, 0xE7, 0x80,
    0x00, 0xFF, 0xF8, 0x00, 0x1F, 0xFF, 0x80, 0x01, 0xFF, 0xF0, 0x00, 0x1E, 0x3E, 0x00, 0x00, 0x00,
    0x00, 0x00, 0x00, 0xF0, 0x00, 0x00, 0x3F, 0x80, 0x00, 0x07, 0xFE, 0x00, 0x00, 0xFF, 0xF0, 0x00,
    0x1F, 0xFF, 0x80, 0x00, 0xF0, 0xF0, 0x00, 0x00, 0x00, 0x00, 0x00, 0x00, 0x00, 0x00, 0x01, 0xF8,
    0x00, 0x00, 0x3F, 0xC0, 0x00, 0x03, 0xFC, 0x00, 0x00, 0x7F, 0xE0, 0x00, 0x07, 0xFE, 0x00, 0x00,
    0x7F, 0xE0, 0x00, 0x0F, 0xFF, 0x00, 0x00, 0xFF, 0xF0, 0x00, 0x1F, 0xFF, 0x80, 0x01, 0xFF, 0xF8,
    0x00, 0x1F, 0xBF, 0x80, 0x03, 0xF9, 0xFC, 0x00, 0x3F, 0x9F, 0xC0, 0x07, 0xF0, 0xFE, 0x00, 0x7F,
    0x0F, 0xE0, 0x07, 0xF0, 0xFE, 0x00, 0xFF, 0xFF, 0xF0, 0x0F, 0xFF, 0xFF, 0x01, 0xFF, 0xFF, 0xF8,
    0x1F, 0xFF, 0xFF, 0x81, 0xFF, 0xFF, 0xF8, 0x3F, 0x80, 0x1F, 0xC3, 0xF8, 0x01, 0xFC, 0x7F, 0x00,
    0x1F, 0xC7, 0xF0, 0x00, 0xFE, 0x7F, 0x00, 0x0F, 0xE0, 0x03, 0xF3, 0xC0, 0x3F, 0xFE, 0x03, 0xFF,
    0xF0, 0x1F, 0xFF, 0x00, 0xFB, 0xF8, 0x00, 0x00, 0x00, 0x00, 0x00, 0x00, 0x0F, 0x80, 0x00, 0xFE,
    0x00, 0x1F, 0xF8, 0x01, 0xFF, 0xE0, 0x1F, 0xFF, 0x80, 0x78, 0x7C, 0x01, 0x00, 0xC0, 0x00, 0x00,
    0x00, 0x00, 0x00, 0x07, 0xF9, 0xF8, 0xFF, 0xEF, 0xCF, 0xFF, 0xFE, 0x7F, 0xFF, 0xF7, 0xFF, 0xFF,
    0xFF, 0xEF, 0xFF, 0xFC, 0x1F, 0xFF, 0xC0, 0x7F, 0xFE, 0x03, 0xFF, 0xE0, 0x0F, 0xFF, 0x00, 0x7F,
    0xFC, 0x07, 0xFF, 0xE0, 0x3F, 0xFF, 0x83, 0xFF, 0xFF, 0x7F, 0xEF, 0xFF, 0xFF, 0x3F, 0xFF, 0xF9,
    0xFF, 0xFF, 0xC7, 0xFF, 0x7E, 0x0F, 0xF3, 0xF0, 0x00, 0x1F, 0x00, 0x00, 0x0F, 0xF8, 0x00, 0x03,
    0xFF, 0x80, 0x00, 0xFF, 0xF8, 0x00, 0x1F, 0xBF, 0x00, 0x01, 0xC1, 0xC0, 0x00, 0x00, 0x00, 0x00,
    0x00, 0x00, 0x00, 0x00, 0x3F, 0x80, 0x00, 0x07, 0xF0, 0x00, 0x00, 0xFE, 0x00, 0x00, 0x3F, 0xE0,
    0x00, 0x07, 0xFC, 0x00, 0x01, 0xFF, 0xC0, 0x00, 0x3F, 0xF8, 0x00, 0x07, 0xFF, 0x00, 0x01, 0xFF,
    0xF0, 0x00, 0x3F, 0x7E, 0x00, 0x0F, 0xEF, 0xE0, 0x01, 0xFD, 0xFC, 0x00, 0x3F, 0x1F, 0x80, 0x0F,
    0xE3, 0xF8, 0x01, 0xFC, 0x7F, 0x00, 0x7F, 0x07, 0xF0, 0x0F, 0xFF, 0xFE, 0x01, 0xFF, 0xFF, 0xC0,
    0x7F, 0xFF, 0xFC, 0x0F, 0xFF, 0xFF, 0x83, 0xFF, 0xFF, 0xF8, 0x7F, 0x00, 0x7F, 0x0F, 0xE0, 0x0F,
    0xE3, 0xF8, 0x00, 0xFE, 0x7F, 0x00, 0x1F, 0xDF, 0xC0, 0x03, 0xFC, 0x00, 0x00, 0x00, 0x00, 0x00,
    0x00, 0x00, 0x01, 0xF0, 0x00, 0x00, 0x7F, 0x00, 0x00, 0x0F, 0xE0, 0x00, 0x01, 0xFC, 0x00, 0x00,
    0x3F, 0x80, 0x00, 0x03, 0xE0, 0x00, 0x00, 0x7E, 0x00, 0x07, 0xFC, 0x00, 0x3F, 0xF8, 0x01, 0xFF,
    0xF8, 0x0F, 0xC7, 0xF0, 0x1C, 0x07, 0x80, 0x20, 0x0C, 0x00, 0x00, 0x00, 0x00, 0x00, 0x00, 0x1F,
    0xF3, 0xF0, 0xFF, 0xEF, 0xC7, 0xFF, 0xFF, 0x3F, 0xFF, 0xFD, 0xFF, 0xFF, 0xF7, 0xFC, 0xFF, 0xFF,
    0xC0, 0xFF, 0xFE, 0x01, 0xFF, 0xF8, 0x07, 0xFF, 0xC0, 0x0F, 0xFF, 0x00, 0x3F, 0xFE, 0x01, 0xFF,
    0xF8, 0x07, 0xFF, 0xF0, 0x3F, 0xDF, 0xF3, 0xFF, 0x7F, 0xFF, 0xFC, 0xFF, 0xFF, 0xF1, 0xFF, 0xFF,
    0xC3, 0xFF, 0xBF, 0x07, 0xF8, 0xFC, 0x00, 0x00, 0x00, 0x00, 0x00, 0x00, 0x1F, 0x00, 0x00, 0xFE,
    0x00, 0x03, 0xF8, 0x00, 0x0F, 0xE0, 0x00, 0x3F, 0x80, 0x00, 0x7C, 0x00, 0x00, 0x01, 0x00, 0x00,
    0x00, 0x1C, 0x00, 0x00, 0x03, 0xE0, 0x00, 0x00, 0x7E, 0x00, 0x00, 0x07, 0xE0, 0x00, 0x00, 0xFC,
    0x00, 0x00, 0x0F, 0x80, 0x00, 0x00, 0x70, 0x00, 0x01, 0xF0, 0xF8, 0x00, 0x1F, 0x9F, 0x80, 0x00,
    0xFF, 0xF0, 0x00, 0x0F, 0xFF, 0x00, 0x00, 0x7F, 0xE0, 0x00, 0x01, 0xFC, 0x00, 0x00, 0x00, 0x00,
    0x00, 0x01, 0xF8, 0x00, 0x00, 0x3F, 0xC0, 0x00, 0x03, 0xFC, 0x00, 0x00, 0x3F, 0xE0, 0x00, 0x07,
    0xFE, 0x00, 0x00, 0x7F, 0xE0, 0x00, 0x0F, 0xFF, 0x00, 0x00, 0xFF, 0xF0, 0x00, 0x0F, 0xFF, 0x80,
    0x01, 0xFF, 0xF8, 0x00, 0x1F, 0xBF, 0x80, 0x03, 0xF9, 0xFC, 0x00, 0x3F, 0x9F, 0xC0, 0x03, 0xF0,
    0xFC, 0x00, 0x7F, 0x0F, 0xE0, 0x07, 0xF0, 0xFE, 0x00, 0xFF, 0xFF, 0xF0, 0x0F, 0xFF, 0xFF, 0x00,
    0xFF, 0xFF, 0xF0, 0x1F, 0xFF, 0xFF, 0x81, 0xFF, 0xFF, 0xF8, 0x3F, 0x80, 0x3F, 0xC3, 0xF8, 0x01,
    0xFC, 0x3F, 0x80, 0x1F, 0xC7, 0xF0, 0x00, 0xFE, 0x7F, 0x00, 0x0F, 0xE0, 0x00, 0x08, 0x00, 0x00,
    0x70, 0x00, 0x07, 0xC0, 0x00, 0x7F, 0x00, 0x03, 0xF0, 0x00, 0x3F, 0x00, 0x01, 0xF0, 0x00, 0x07,
    0x00, 0x00, 0x00, 0x00, 0x7C, 0x1E, 0x03, 0xF3, 0xF0, 0x0F, 0xFF, 0x80, 0x7F, 0xF8, 0x01, 0xFF,
    0x80, 0x03, 0xF8, 0x00, 0x00, 0x00, 0x00, 0x00, 0x00, 0x3F, 0xCF, 0xC7, 0xFF, 0x7E, 0x7F, 0xFF,
    0xF3, 0xFF, 0xFF, 0xBF, 0xFF, 0xFF, 0xFF, 0x7F, 0xFF, 0xE0, 0xFF, 0xFE, 0x03, 0xFF, 0xF0, 0x1F,
    0xFF, 0x00, 0x7F, 0xF8, 0x03, 0xFF, 0xE0, 0x3F, 0xFF, 0x01, 0xFF, 0xFC, 0x1F, 0xFF, 0xFB, 0xFF,
    0x7F, 0xFF, 0xF9, 0xFF, 0xFF, 0xCF, 0xFF, 0xFE, 0x3F, 0xFB, 0xF0, 0x7F, 0x9F, 0x80, 0x00, 0x08,
    0x00, 0x00, 0x01, 0xC0, 0x00, 0x00, 0x7C, 0x00, 0x00, 0x07, 0xE0, 0x00, 0x00, 0x3E, 0x00, 0x00,
    0x01, 0xF0, 0x00, 0x00, 0x0F, 0x00, 0x00, 0x00, 0x70, 0x00, 0x01, 0xF0, 0xF8, 0x00, 0x1F, 0x9F,
    0x80, 0x00, 0xFF, 0xF0, 0x00, 0x0F, 0xFF, 0x00, 0x00, 0x7F, 0xE0, 0x00, 0x03, 0xFC, 0x00, 0x00,
    0x00, 0x00, 0x00, 0x01, 0xF8, 0x00, 0x00, 0x3F, 0xC0, 0x00, 0x03, 0xFC, 0x00, 0x00, 0x3F, 0xE0,
    0x00, 0x07, 0xFE, 0x00, 0x00, 0x7F, 0xE0, 0x00, 0x0F, 0xFF, 0x00, 0x00, 0xFF, 0xF0, 0x00, 0x0F,
    0xFF, 0x80, 0x01, 0xFF, 0xF8, 0x00, 0x1F, 0xBF, 0x80, 0x03, 0xF9, 0xFC, 0x00, 0x3F, 0x9F, 0xC0,
    0x03, 0xF0, 0xFC, 0x00, 0x7F, 0x0F, 0xE0, 0x07, 0xF0, 0xFE, 0x00, 0xFF, 0xFF, 0xF0, 0x0F, 0xFF,
    0xFF, 0x00, 0xFF, 0xFF, 0xF0, 0x1F, 0xFF, 0xFF, 0x81, 0xFF, 0xFF, 0xF8, 0x3F, 0x80, 0x3F, 0xC3,
    0xF8, 0x01, 0xFC, 0x3F, 0x80, 0x1F, 0xC7, 0xF0, 0x00, 0xFE, 0x7F, 0x00, 0x0F, 0xE0, 0x00, 0x40,
    0x00, 0x07, 0x00, 0x00, 0xFC, 0x00, 0x07, 0xE0, 0x00, 0x1F, 0x80, 0x00, 0x7C, 0x00, 0x01, 0xF0,
    0x00, 0x07, 0x00, 0x01, 0x02, 0x00, 0x7C, 0x3E, 0x03, 0xF3, 0xF0, 0x0F, 0xFF, 0x80, 0x7F, 0xF8,
    0x01, 0xFF, 0x80, 0x03, 0xF8, 0x00, 0x00, 0x00, 0x00, 0x00, 0x00, 0x3F, 0xCF, 0xC7, 0xFF, 0x7E,
    0x7F, 0xFF, 0xF3, 0xFF, 0xFF, 0xBF, 0xFF, 0xFF, 0xFF, 0x7F, 0xFF, 0xE0, 0xFF, 0xFE, 0x03, 0xFF,
    0xF0, 0x1F, 0xFF, 0x00, 0x7F, 0xF8, 0x03, 0xFF, 0xE0, 0x3F, 0xFF, 0x01, 0xFF, 0xFC, 0x1F, 0xFF,
    0xFB, 0xFF, 0x7F, 0xFF, 0xF9, 0xFF, 0xFF, 0xCF, 0xFF, 0xFE, 0x3F, 0xFB, 0xF0, 0x7F, 0x9F, 0x80,
    0x00, 0x7F, 0x80, 0x00, 0x0F, 0xF8, 0x00, 0x01, 0xFF, 0x00, 0x00, 0x3B, 0xE0, 0x00, 0x00, 0x7C,
    0x00, 0x00, 0x1F, 0x00, 0x00, 0x03, 0x80, 0x00, 0x0F, 0x67, 0xC0, 0x01, 0xF9, 0xF0, 0x00, 0x3F,
    0xFE, 0x00, 0x03, 0xFF, 0x80, 0x00, 0x3F, 0xF0, 0x00, 0x03, 0xF8, 0x00, 0x00, 0x00, 0x00, 0x00,
    0x0F, 0xE0, 0x00, 0x01, 0xFC, 0x00, 0x00, 0x3F, 0xC0, 0x00, 0x0F, 0xF8, 0x00, 0x01, 0xFF, 0x80,
    0x00, 0x7F, 0xF0, 0x00, 0x0F, 0xFE, 0x00, 0x01, 0xFF, 0xE0, 0x00, 0x7F, 0xFC, 0x00, 0x0F, 0xDF,
    0xC0, 0x03, 0xFB, 0xF8, 0x00, 0x7F, 0x3F, 0x00, 0x0F, 0xC7, 0xF0, 0x03, 0xF8, 0xFE, 0x00, 0x7F,
    0x0F, 0xE0, 0x1F, 0xC1, 0xFC, 0x03, 0xFF, 0xFF, 0x80, 0x7F, 0xFF, 0xF8, 0x1F, 0xFF, 0xFF, 0x03,
    0xFF, 0xFF, 0xF0, 0xFF, 0xFF, 0xFE, 0x1F, 0xC0, 0x1F, 0xC3, 0xF8, 0x01, 0xFC, 0xFE, 0x00, 0x3F,
    0x9F, 0xC0, 0x07, 0xFF, 0xF8, 0x00, 0x7F, 0x03, 0xFC, 0x00, 0x1F, 0xF0, 0x00, 0xFF, 0x80, 0x03,
    0x7C, 0x00, 0x03, 0xE0, 0x00, 0x3F, 0x00, 0x01, 0xE0, 0x00, 0x0E, 0x00, 0x03, 0x03, 0x00, 0x7C,
    0x3E, 0x01, 0xF3, 0xF0, 0x0F, 0xFF, 0x00, 0x7F, 0xF8, 0x01, 0xFF, 0x80, 0x03, 0xF8, 0x00, 0x00,
    0x00, 0x00, 0x00, 0x00, 0x3F, 0x8F, 0xC7, 0xFF, 0x7E, 0x7F, 0xFF, 0xF3, 0xFF, 0xFF, 0xBF, 0xFF,
    0xFF, 0xFF, 0x7F, 0xFF, 0xE0, 0xFF, 0xFE, 0x03, 0xFF, 0xF0, 0x1F, 0xFF, 0x00, 0x7F, 0xF8, 0x03,
    0xFF, 0xE0, 0x3F, 0xFF, 0x01, 0xFF, 0xFC, 0x1F, 0xFF, 0xFB, 0xFF, 0x7F, 0xFF, 0xF9, 0xFF, 0xFF,
    0xCF, 0xFF, 0xFE, 0x3F, 0xFB, 0xF0, 0x7F, 0x1F, 0x80, 0x00, 0x00, 0x00, 0x00, 0x07, 0xF7, 0x80,
    0x00, 0xFF, 0xF8, 0x00, 0x1F, 0xFF, 0x80, 0x01, 0xFF, 0xF0, 0x00, 0x1E, 0x3E, 0x00, 0x00, 0x00,
    0x00, 0x00, 0x00, 0x00, 0x00, 0x01, 0xF0, 0xF8, 0x00, 0x1F, 0x9F, 0x80, 0x01, 0xFF, 0xF0, 0x00,
    0x0F, 0xFF, 0x00, 0x00, 0x7F, 0xE0, 0x00, 0x03, 0xFC, 0x00, 0x00, 0x00, 0x00, 0x00, 0x01, 0xF8,
    0x00, 0x00, 0x3F, 0xC0, 0x00, 0x03, 0xFC, 0x00, 0x00, 0x7F, 0xE0, 0x00, 0x07, 0xFE, 0x00, 0x00,
    0x7F, 0xE0, 0x00, 0x0F, 0xFF, 0x00, 0x00, 0xFF, 0xF0, 0x00, 0x1F, 0xFF, 0x80, 0x01, 0xFF, 0xF8,
    0x00, 0x1F, 0xBF, 0x80, 0x03, 0xF9, 0xFC, 0x00, 0x3F, 0x9F, 0xC0, 0x07, 0xF0, 0xFE, 0x00, 0x7F,
    0x0F, 0xE0, 0x07, 0xF0, 0xFE, 0x00, 0xFF, 0xFF, 0xF0, 0x0F, 0xFF, 0xFF, 0x01, 0xFF, 0xFF, 0xF8,
    0x1F, 0xFF, 0xFF, 0x81, 0xFF, 0xFF, 0xF8, 0x3F, 0x80, 0x1F, 0xC3, 0xF8, 0x01, 0xFC, 0x7F, 0x00,
    0x1F, 0xC7, 0xF0, 0x00, 0xFE, 0x7F, 0x00, 0x0F, 0xE0, 0x00, 0x00, 0x00, 0x1F, 0x9E, 0x01, 0xFF,
    0xF0, 0x1F, 0xFF, 0x80, 0xFF, 0xF8, 0x07, 0xDF, 0xC0, 0x00, 0x00, 0x00, 0x00, 0x00, 0x00, 0x02,
    0x00, 0x7C, 0x3E, 0x03, 0xF3, 0xF0, 0x0F, 0xFF, 0x80, 0x7F, 0xF8, 0x01, 0xFF, 0x80, 0x03, 0xF8,
    0x00, 0x00, 0x00, 0x00, 0x00, 0x00, 0x3F, 0xCF, 0xC7, 0xFF, 0x7E, 0x7F, 0xFF, 0xF3, 0xFF, 0xFF,
    0xBF, 0xFF, 0xFF, 0xFF, 0x7F, 0xFF, 0xE0, 0xFF, 0xFE, 0x03, 0xFF, 0xF0, 0x1F, 0xFF, 0x00, 0x7F,
    0xF8, 0x03, 0xFF, 0xE0, 0x3F, 0xFF, 0x01, 0xFF, 0xFC, 0x1F, 0xFF, 0xFB, 0xFF, 0x7F, 0xFF, 0xF9,
    0xFF, 0xFF, 0xCF, 0xFF, 0xFE, 0x3F, 0xFB, 0xF0, 0x7F, 0x9F, 0x80, 0x00, 0x20, 0x80, 0x00, 0x3E,
    0x3E, 0x00, 0x07, 0xEF, 0xC0, 0x00, 0xFF, 0xF8, 0x00, 0x0F, 0xFE, 0x00, 0x00, 0xFF, 0x80, 0x00,
    0x0F, 0xE0, 0x00, 0x00, 0x00, 0x00, 0x00, 0x00, 0x00, 0x00, 0x07, 0xF0, 0x00, 0x00, 0xFE, 0x00,
    0x00, 0x1F, 0xC0, 0x00, 0x07, 0xFC, 0x00, 0x00, 0xFF, 0x80, 0x00, 0x3F, 0xF8, 0x00, 0x07, 0xFF,
    0x00, 0x00, 0xFF, 0xE0, 0x00, 0x3F, 0xFE, 0x00, 0x07, 0xEF, 0xC0, 0x01, 0xFD, 0xFC, 0x00, 0x3F,
    0xBF, 0x80, 0x07, 0xE3, 0xF0, 0x01, 0xFC, 0x7F, 0x00, 0x3F, 0x8F, 0xE0, 0x0F, 0xE0, 0xFE, 0x01,
    0xFF, 0xFF, 0xC0, 0x3F, 0xFF, 0xF8, 0x0F, 0xFF, 0xFF, 0x81, 0xFF, 0xFF, 0xF0, 0x7F, 0xFF, 0xFF,
    0x0F, 0xE0, 0x0F, 0xE1, 0xFC, 0x01, 0xFC, 0x7F, 0x00, 0x1F, 0xCF, 0xE0, 0x03, 0xFB, 0xF8, 0x00,
    0x7F, 0x80, 0x00, 0x00, 0x00, 0x00, 0x00, 0x00, 0x00, 0x3E, 0x00, 0x00, 0x0F, 0xE0, 0x00, 0x01,
    0xFC, 0x00, 0x00, 0x3F, 0x80, 0x00, 0x07, 0xF0, 0x00, 0x00, 0x7C, 0x00, 0x00, 0x07, 0x83, 0xC0,
    0x3F, 0x1F, 0x80, 0x7E, 0xFE, 0x01, 0xFF, 0xF0, 0x03, 0xFF, 0xC0, 0x07, 0xFE, 0x00, 0x0F, 0xE0,
    0x00, 0x00, 0x00, 0x00, 0x00, 0x00, 0x1F, 0xF3, 0xF0, 0xFF, 0xEF, 0xC7, 0xFF, 0xFF, 0x3F, 0xFF,
    0xFD, 0xFF, 0xFF, 0xF7, 0xFC, 0xFF, 0xFF, 0xC0, 0xFF, 0xFE, 0x01, 0xFF, 0xF8, 0x07, 0xFF, 0xC0,
    0x0F, 0xFF, 0x00, 0x3F, 0xFE, 0x01, 0xFF, 0xF8, 0x07, 0xFF, 0xF0, 0x3F, 0xDF, 0xF3, 0xFF, 0x7F,
    0xFF, 0xFC, 0xFF, 0xFF, 0xF1, 0xFF, 0xFF, 0xC3, 0xFF, 0xBF, 0x07, 0xF8, 0xFC, 0x00, 0x00, 0x00,
    0x00, 0x00, 0x00, 0x1F, 0x00, 0x00, 0xFE, 0x00, 0x03, 0xF8, 0x00, 0x0F, 0xE0, 0x00, 0x3F, 0x80,
    0x00, 0x7C, 0x00, 0xFF, 0xFF, 0xFF, 0xFF, 0xFF, 0xFF, 0xFF, 0xFF, 0xFF, 0xFF, 0xFF, 0xFF, 0xF8,
    0x00, 0x3F, 0x00, 0x07, 0xE0, 0x00, 0xFC, 0x00, 0x1F, 0x80, 0x03, 0xFF, 0xFE, 0x7F, 0xFF, 0xCF,
    0xFF, 0xF9, 0xFF, 0xFF, 0x3F, 0xFF, 0xE7, 0xF0, 0x00, 0xFC, 0x00, 0x1F, 0x80, 0x03, 0xF0, 0x00,
    0x7E, 0x00, 0x0F, 0xC0, 0x01, 0xFF, 0xFF, 0xFF, 0xFF, 0xFF, 0xFF, 0xFF, 0xFF, 0xFF, 0xFF, 0xFF,
    0xFC, 0x00, 0x00, 0x00, 0x00, 0x00, 0x3E, 0x00, 0x0F, 0xE0, 0x01, 0xFC, 0x00, 0x3F, 0x80, 0x07,
    0xF0, 0x00, 0x7C, 0x00, 0x03, 0xFE, 0x00, 0xFF, 0xF0, 0x1F, 0xFF, 0xC3, 0xFF, 0xFC, 0x7F, 0xFF,
    0xE7, 0xFD, 0xFF, 0xFE, 0x07, 0xFF, 0xE0, 0x7F, 0xFF, 0xFF, 0xFF, 0xFF, 0xFF, 0xFF, 0xFF, 0xFF,
    0xE0, 0x00, 0xFE, 0x00, 0x0F, 0xF0, 0x10, 0x7F, 0xEF, 0x87, 0xFF, 0xFC, 0x3F, 0xFF, 0xE1, 0xFF,
    0xFE, 0x0F, 0xFF, 0xC0, 0x3F, 0xF0, 0x00, 0x00, 0x00, 0x00, 0x00, 0x00, 0xF8, 0x00, 0x1F, 0xC0,
    0x01, 0xFC, 0x00, 0x1F, 0xC0, 0x01, 0xFC, 0x00, 0x0F, 0x80, 0x07, 0xF8, 0x00, 0xFF, 0x80, 0x1F,
    0xF0, 0x03, 0xBE, 0x00, 0x07, 0xC0, 0x01, 0xF0, 0x00, 0x7C, 0x00, 0x07, 0x00, 0x00, 0x80, 0x00,
    0x00, 0x03, 0xFF, 0xFF, 0xFF, 0xFF, 0xFF, 0xFF, 0xFF, 0xFF, 0xFF, 0xFF, 0xFF, 0xFF, 0xE0, 0x00,
    0xFC, 0x00, 0x1F, 0x80, 0x03, 0xF0, 0x00, 0x7E, 0x00, 0x0F, 0xFF, 0xF9, 0xFF, 0xFF, 0x3F, 0xFF,
    0xE7, 0xFF, 0xFC, 0xFF, 0xFF, 0x9F, 0xC0, 0x03, 0xF0, 0x00, 0x7E, 0x00, 0x0F, 0xC0, 0x01, 0xF8,
    0x00, 0x3F, 0x00, 0x07, 0xFF, 0xFF, 0xFF, 0xFF, 0xFF, 0xFF, 0xFF, 0xFF, 0xFF, 0xFF, 0xFF, 0xF0,
    0x03, 0xFC, 0x00, 0x3F, 0xE0, 0x03, 0xFE, 0x00, 0x3B, 0xE0, 0x00, 0x3E, 0x00, 0x07, 0xE0, 0x00,
    0x7C, 0x00, 0x0F, 0x00, 0x00, 0x70, 0x00, 0x00, 0x00, 0x00, 0x00, 0x00, 0x3F, 0xE0, 0x0F, 0xFF,
    0x01, 0xFF, 0xFC, 0x3F, 0xFF, 0xC7, 0xFF, 0xFE, 0x7F, 0xDF, 0xFF, 0xE0, 0x7F, 0xFE, 0x07, 0xFF,
    0xFF, 0xFF, 0xFF, 0xFF, 0xFF, 0xFF, 0xFF, 0xFE, 0x00, 0x0F, 0xE0, 0x00, 0xFF, 0x01, 0x87, 0xFE,
    0x7C, 0x7F, 0xFF, 0xC3, 0xFF, 0xFE, 0x1F, 0xFF, 0xE0, 0xFF, 0xFC, 0x03, 0xFF, 0x00, 0x00, 0x00,
    0x01, 0xFD, 0xF0, 0x7F, 0xFE, 0x1F, 0xFF, 0xC3, 0xFF, 0xF0, 0x78, 0xFC, 0x00, 0x00, 0x00, 0x00,
    0x00, 0xFF, 0xFF, 0xFF, 0xFF, 0xFF, 0xFF, 0xFF, 0xFF, 0xFF, 0xFF, 0xFF, 0xFF, 0xF8, 0x00, 0x3F,
    0x00, 0x07, 0xE0, 0x00, 0xFC, 0x00, 0x1F, 0x80, 0x03, 0xFF, 0xFE, 0x7F, 0xFF, 0xCF, 0xFF, 0xF9,
    0xFF, 0xFF, 0x3F, 0xFF, 0xE7, 0xE0, 0x00, 0xFC, 0x00, 0x1F, 0x80, 0x03, 0xF0, 0x00, 0x7E, 0x00,
    0x0F, 0xC0, 0x01, 0xFF, 0xFF, 0xFF, 0xFF, 0xFF, 0xFF, 0xFF, 0xFF, 0xFF, 0xFF, 0xFF, 0xFC, 0x07,
    0xC7, 0x80, 0xFE, 0x78, 0x0F, 0xFF, 0x80, 0xFF, 0xF8, 0x1F, 0x7F, 0x81, 0xF3, 0xF0, 0x02, 0x1E,
    0x00, 0x00, 0x00, 0x00, 0x00, 0x00, 0x3F, 0xE0, 0x0F, 0xFF, 0x01, 0xFF, 0xFC, 0x3F, 0xFF, 0xC7,
    0xFF, 0xFE, 0x7F, 0xDF, 0xFF, 0xE0, 0x7F, 0xFE, 0x07, 0xFF, 0xFF, 0xFF, 0xFF, 0xFF, 0xFF, 0xFF,
    0xFF, 0xFE, 0x00, 0x0F, 0xE0, 0x00, 0xFF, 0x01, 0x87, 0xFE, 0x78, 0x7F, 0xFF, 0xC3, 0xFF, 0xFE,
    0x1F, 0xFF, 0xE0, 0xFF, 0xFC, 0x03, 0xFF, 0x00, 0x00, 0x00, 0x00, 0x00, 0x01, 0x80, 0x00, 0x0F,
    0x00, 0x00, 0x7E, 0x00, 0x01, 0xF8, 0x00, 0x0F, 0xC0, 0x00, 0x3E, 0x00, 0x7C, 0xF0, 0x03, 0xF8,
    0x80, 0x1F, 0xF0, 0x01, 0xFF, 0xF0, 0x07, 0xFF, 0xC0, 0x1E, 0x0F, 0x00, 0x20, 0x00, 0x00, 0x00,
    0x00, 0x3F, 0xFF, 0xF8, 0xFF, 0xFF, 0xE3, 0xFF, 0xFF, 0x8F, 0xFF, 0xFE, 0x3F, 0xFF, 0xF8, 0xFC,
    0x00, 0x03, 0xF0, 0x00, 0x0F, 0xC0, 0x00, 0x3F, 0x00, 0x00, 0xFC, 0x00, 0x03, 0xFF, 0xFE, 0x0F,
    0xFF, 0xF8, 0x3F, 0xFF, 0xE0, 0xFF, 0xFF, 0x83, 0xFF, 0xFE, 0x0F, 0xE0, 0x00, 0x3F, 0x00, 0x00,
    0xFC, 0x00, 0x03, 0xF0, 0x00, 0x0F, 0xC0, 0x00, 0x3F, 0x00, 0x00, 0xFF, 0xFF, 0xE3, 0xFF, 0xFF,
    0x8F, 0xFF, 0xFE, 0x3F, 0xFF, 0xF8, 0xFF, 0xFF, 0xE0, 0x00, 0x00, 0x30, 0x00, 0x00, 0x78, 0x00,
    0x01, 0xF8, 0x00, 0x07, 0xE0, 0x00, 0x0F, 0x80, 0x00, 0x3E, 0x00, 0x00, 0x78, 0x00, 0x7C, 0x60,
    0x01, 0xFC, 0x00, 0x07, 0xFC, 0x00, 0x3F, 0xFC, 0x00, 0xFF, 0xFC, 0x00, 0xF0, 0xF8, 0x00, 0x80,
    0x60, 0x00, 0x00, 0x00, 0x00, 0x00, 0x00, 0x03, 0xFE, 0x00, 0x1F, 0xFE, 0x00, 0x7F, 0xFF, 0x01,
    0xFF, 0xFE, 0x07, 0xFF, 0xFE, 0x0F, 0xFB, 0xFE, 0x3F, 0x81, 0xFC, 0x7F, 0x03, 0xF8, 0xFF, 0xFF,
    0xF1, 0xFF, 0xFF, 0xE3, 0xFF, 0xFF, 0xC7, 0xF0, 0x00, 0x0F, 0xE0, 0x00, 0x1F, 0xE0, 0x30, 0x1F,
    0xF9, 0xE0, 0x3F, 0xFF, 0xE0, 0x3F, 0xFF, 0xE0, 0x3F, 0xFF, 0xC0, 0x3F, 0xFF, 0x00, 0x1F, 0xF8,
    0x00, 0x00, 0x00, 0x00, 0x00, 0xC0, 0x00, 0x7C, 0x00, 0x0F, 0xC0, 0x01, 0xF8, 0x00, 0x1F, 0x80,
    0x01, 0xF8, 0x0F, 0x9E, 0x03, 0xF9, 0x80, 0xFF, 0x80, 0x7F, 0xFC, 0x0F, 0xFF, 0x81, 0xE0, 0xF0,
    0x10, 0x00, 0x00, 0x00, 0x07, 0xFF, 0xFF, 0xFF, 0xFF, 0xFF, 0xFF, 0xFF, 0xFF, 0xFF, 0xFF, 0xFF,
    0xFF, 0xC0, 0x01, 0xF8, 0x00, 0x3F, 0x00, 0x07, 0xE0, 0x00, 0xFC, 0x00, 0x1F, 0xFF, 0xF3, 0xFF,
    0xFE, 0x7F, 0xFF, 0xCF, 0xFF, 0xF9, 0xFF, 0xFF, 0x3F, 0x80, 0x07, 0xE0, 0x00, 0xFC, 0x00, 0x1F,
    0x80, 0x03, 0xF0, 0x00, 0x7E, 0x00, 0x0F, 0xFF, 0xFF, 0xFF, 0xFF, 0xFF, 0xFF, 0xFF, 0xFF, 0xFF,
    0xFF, 0xFF, 0xE0, 0x00, 0x03, 0x00, 0x00, 0x78, 0x00, 0x1F, 0x80, 0x00, 0xFC, 0x00, 0x07, 0xE0,
    0x00, 0x3E, 0x00, 0x01, 0xE0, 0x0F, 0x8C, 0x01, 0xFC, 0x00, 0x3F, 0xE0, 0x0F, 0xFF, 0x01, 0xFF,
    0xF8, 0x0F, 0x0F, 0x80, 0x40, 0x30, 0x00, 0x00, 0x00, 0x00, 0x00, 0x03, 0xFE, 0x00, 0xFF, 0xF0,
    0x1F, 0xFF, 0xC3, 0xFF, 0xFC, 0x7F, 0xFF, 0xE7, 0xFD, 0xFF, 0xFE, 0x07, 0xFF, 0xE0, 0x7F, 0xFF,
    0xFF, 0xFF, 0xFF, 0xFF, 0xFF, 0xFF, 0xFF, 0xE0, 0x00, 0xFE, 0x00, 0x0F, 0xF0, 0x18, 0x7F, 0xE7,
    0x87, 0xFF, 0xFC, 0x3F, 0xFF, 0xE1, 0xFF, 0xFE, 0x0F, 0xFF, 0xC0, 0x3F, 0xF0, 0x00, 0x0F, 0xF0,
    0x00, 0xFF, 0xC0, 0x03, 0xFE, 0x00, 0x1D, 0xF0, 0x00, 0x0F, 0x80, 0x00, 0xF8, 0x07, 0xC7, 0x00,
    0x7F, 0xB8, 0x0F, 0xFE, 0x00, 0xFF, 0xF8, 0x07, 0xFF, 0xE0, 0x3C, 0x1E, 0x00, 0x00, 0x00, 0x00,
    0x00, 0x03, 0xFF, 0xFF, 0x9F, 0xFF, 0xFC, 0xFF, 0xFF, 0xE7, 0xFF, 0xFF, 0x3F, 0xFF, 0xF9, 0xF8,
    0x00, 0x0F, 0xC0, 0x00, 0x7E, 0x00, 0x03, 0xF0, 0x00, 0x1F, 0x80, 0x00, 0xFF, 0xFF, 0x87, 0xFF,
    0xFC, 0x3F, 0xFF, 0xE1, 0xFF, 0xFF, 0x0F, 0xFF, 0xF8, 0x7F, 0x00, 0x03, 0xF0, 0x00, 0x1F, 0x80,
    0x00, 0xFC, 0x00, 0x07, 0xE0, 0x00, 0x3F, 0x00, 0x01, 0xFF, 0xFF, 0xEF, 0xFF, 0xFF, 0x7F, 0xFF,
    0xFB, 0xFF, 0xFF, 0xDF, 0xFF, 0xFE, 0x00, 0x0F, 0xF0, 0x00, 0x7F, 0xC0, 0x03, 0xFE, 0x00, 0x1D,
    0xF0, 0x00, 0x0F, 0x80, 0x00, 0xF8, 0x00, 0x07, 0x80, 0x1F, 0x38, 0x01, 0xFC, 0x00, 0x1F, 0xF0,
    0x03, 0xFF, 0xC0, 0x3F, 0xFF, 0x00, 0xF0, 0xF0, 0x02, 0x01, 0x80, 0x00, 0x00, 0x00, 0x00, 0x00,
    0x03, 0xFE, 0x00, 0x7F, 0xF8, 0x07, 0xFF, 0xF0, 0x7F, 0xFF, 0x87, 0xFF, 0xFE, 0x3F, 0xEF, 0xFB,
    0xF8, 0x1F, 0xDF, 0xC0, 0xFE, 0xFF, 0xFF, 0xF7, 0xFF, 0xFF, 0xBF, 0xFF, 0xFD, 0xFC, 0x00, 0x0F,
    0xE0, 0x00, 0x7F, 0x80, 0x81, 0xFF, 0x9E, 0x0F, 0xFF, 0xF8, 0x3F, 0xFF, 0xE0, 0xFF, 0xFF, 0x03,
    0xFF, 0xF0, 0x07, 0xFE, 0x00, 0x00, 0x00, 0x01, 0xF9, 0xF0, 0x7F, 0xFE, 0x0F, 0xFF, 0x83, 0xFF,
    0xF0, 0x7C, 0xFC, 0x00, 0x00, 0x00, 0x0F, 0x00, 0x03, 0xF8, 0x00, 0xFF, 0x80, 0x7F, 0xFC, 0x0F,
    0xFF, 0x81, 0xE0, 0xF0, 0x10, 0x00, 0x00, 0x00, 0x07, 0xFF, 0xFF, 0xFF, 0xFF, 0xFF, 0xFF, 0xFF,
    0xFF, 0xFF, 0xFF, 0xFF, 0xFF, 0xC0, 0x01, 0xF8, 0x00, 0x3F, 0x00, 0x07, 0xE0, 0x00, 0xFC, 0x00,
    0x1F, 0xFF, 0xF3, 0xFF, 0xFE, 0x7F, 0xFF, 0xCF, 0xFF, 0xF9, 0xFF, 0xFF, 0x3F, 0x80, 0x07, 0xE0,
    0x00, 0xFC, 0x00, 0x1F, 0x80, 0x03, 0xF0, 0x00, 0x7E, 0x00, 0x0F, 0xFF, 0xFF, 0xFF, 0xFF, 0xFF,
    0xFF, 0xFF, 0xFF, 0xFF, 0xFF, 0xFF, 0xE0, 0x07, 0xE7, 0x80, 0xFF, 0xF8, 0x0F, 0xFF, 0x81, 0xFF,
    0xF8, 0x1F, 0x7F, 0x00, 0x00, 0x00, 0x00, 0x00, 0x00, 0x0F, 0x80, 0x01, 0xFC, 0x00, 0x3F, 0xE0,
    0x0F, 0xFF, 0x01, 0xFF, 0xF8, 0x0F, 0x8F, 0x80, 0x40, 0x30, 0x00, 0x00, 0x00, 0x00, 0x00, 0x03,
    0xFE, 0x00, 0xFF, 0xF0, 0x1F, 0xFF, 0xC3, 0xFF, 0xFC, 0x7F, 0xFF, 0xE7, 0xFD, 0xFF, 0xFE, 0x07,
    0xFF, 0xE0, 0x7F, 0xFF, 0xFF, 0xFF, 0xFF, 0xFF, 0xFF, 0xFF, 0xFF, 0xE0, 0x00, 0xFE, 0x00, 0x0F,
    0xF0, 0x18, 0x7F, 0xE7, 0x87, 0xFF, 0xFC, 0x3F, 0xFF, 0xE1, 0xFF, 0xFE, 0x0F, 0xFF, 0xC0, 0x3F,
    0xF0, 0x03, 0xF0, 0x00, 0xFF, 0x00, 0x3F, 0xF8, 0x0F, 0xFF, 0x81, 0xFB, 0xF0, 0x38, 0x1C, 0x00,
    0x00, 0x00, 0x00, 0x00, 0xFF, 0xFF, 0xFF, 0xFF, 0xFF, 0xFF, 0xFF, 0xFF, 0xFF, 0xFF, 0xFF, 0xFF,
    0xF8, 0x00, 0x3F, 0x00, 0x07, 0xE0, 0x00, 0xFC, 0x00, 0x1F, 0x80, 0x03, 0xFF, 0xFE, 0x7F, 0xFF,
    0xCF, 0xFF, 0xF9, 0xFF, 0xFF, 0x3F, 0xFF, 0xE7, 0xF0, 0x00, 0xFC, 0x00, 0x1F, 0x80, 0x03, 0xF0,
    0x00, 0x7E, 0x00, 0x0F, 0xC0, 0x01, 0xFF, 0xFF, 0xFF, 0xFF, 0xFF, 0xFF, 0xFF, 0xFF, 0xFF, 0xFF,
    0xFF, 0xFC, 0x00, 0x00, 0x00, 0x00, 0x00, 0x3E, 0x00, 0x0F, 0xE0, 0x01, 0xFC, 0x00, 0x3F, 0x80,
    0x07, 0xF0, 0x00, 0x7C, 0x00, 0x01, 0xF8, 0x00, 0x3F, 0xC0, 0x07, 0xFE, 0x00, 0xFF, 0xF8, 0x1F,
    0x9F, 0x80, 0xE0, 0xF8, 0x04, 0x02, 0x00, 0x00, 0x00, 0x00, 0x00, 0x00, 0x3F, 0xE0, 0x0F, 0xFF,
    0x01, 0xFF, 0xFC, 0x3F, 0xFF, 0xC7, 0xFF, 0xFE, 0x7F, 0xDF, 0xFF, 0xE0, 0x7F, 0xFE, 0x07, 0xFF,
    0xFF, 0xFF, 0xFF, 0xFF, 0xFF, 0xFF, 0xFF, 0xFE, 0x00, 0x0F, 0xE0, 0x00, 0xFF, 0x01, 0x07, 0xFE,
    0xF8, 0x7F, 0xFF, 0xC3, 0xFF, 0xFE, 0x1F, 0xFF, 0xE0, 0xFF, 0xFC, 0x03, 0xFF, 0x00, 0x00, 0x00,
    0x00, 0x00, 0x00, 0x0F, 0x80, 0x01, 0xFC, 0x00, 0x1F, 0xC0, 0x01, 0xFC, 0x00, 0x1F, 0xC0, 0x00,
    0xF8, 0x00, 0x0F, 0xE0, 0x3F, 0xE0, 0x3F, 0xC0, 0x6F, 0x80, 0x1F, 0x00, 0x7C, 0x00, 0xF0, 0x01,
    0xC0, 0x00, 0x00, 0x00, 0x03, 0xFF, 0xFF, 0xFF, 0xFF, 0xFF, 0xFF, 0xFF, 0xFF, 0xFF, 0x83, 0xF0,
    0x07, 0xE0, 0x0F, 0xC0, 0x1F, 0x80, 0x3F, 0x00, 0x7E, 0x00, 0xFC, 0x01, 0xF8, 0x03, 0xF0, 0x07,
    0xE0, 0x0F, 0xC0, 0x1F, 0x80, 0x3F, 0x00, 0x7E, 0x00, 0xFC, 0x01, 0xF8, 0x7F, 0xFF, 0xFF, 0xFF,
    0xFF, 0xFF, 0xFF, 0xFF, 0xFF, 0xF0, 0x7F, 0xBF, 0xF7, 0xFD, 0xDF, 0x07, 0xC7, 0xE1, 0xF0, 0x78,
    0x00, 0x00, 0x03, 0xF0, 0xFC, 0x3F, 0x0F, 0xC3, 0xF0, 0xFC, 0x3F, 0x0F, 0xC3, 0xF0, 0xFC, 0x3F,
    0x0F, 0xC3, 0xF0, 0xFC, 0x3F, 0x0F, 0xC3, 0xF0, 0xFC, 0x3F, 0x0F, 0xC0, 0xFF, 0xFF, 0xFF, 0xFF,
    0xFF, 0xFF, 0xFF, 0xFF, 0xFF, 0xE0, 0xFC, 0x01, 0xF8, 0x03, 0xF0, 0x07, 0xE0, 0x0F, 0xC0, 0x1F,
    0x80, 0x3F, 0x00, 0x7E, 0x00, 0xFC, 0x01, 0xF8, 0x03, 0xF0, 0x07, 0xE0, 0x0F, 0xC0, 0x1F, 0x80,
    0x3F, 0x00, 0x7E, 0x1F, 0xFF, 0xFF, 0xFF, 0xFF, 0xFF, 0xFF, 0xFF, 0xFF, 0xFC, 0x00, 0x00, 0x00,
    0x00, 0x7C, 0x01, 0xFC, 0x03, 0xF8, 0x07, 0xF0, 0x0F, 0xE0, 0x0F, 0x80, 0x7D, 0xFF, 0xFF, 0xFF,
    0xEF, 0x80, 0x00, 0x00, 0x01, 0xFB, 0xF7, 0xEF, 0xDF, 0xBF, 0x7E, 0xFD, 0xFB, 0xF7, 0xEF, 0xDF,
    0xBF, 0x7E, 0xFD, 0xFB, 0xF7, 0xEF, 0xC0, 0x00, 0x7D, 0xFF, 0xFF, 0xFF, 0xEF, 0x80, 0x00, 0x3F,
    0x80, 0x00, 0x3F, 0xFE, 0x00, 0x1F, 0xFF, 0xF0, 0x07, 0xFF, 0xFF, 0x01, 0xFF, 0xFF, 0xF0, 0x7F,
    0xFF, 0xFF, 0x0F, 0xFF, 0xFF, 0xE3, 0xFE, 0x03, 0xFE, 0x7F, 0x80, 0x3F, 0xDF, 0xE0, 0x03, 0xFF,
    0xF8, 0x00, 0x3F, 0xFF, 0x00, 0x07, 0xFF, 0xE0, 0x00, 0xFF, 0xF8, 0x00, 0x0F, 0xFF, 0x00, 0x01,
    0xFF, 0xF0, 0x00, 0x7F, 0xFE, 0x00, 0x0F, 0xFF, 0xC0, 0x01, 0xFF, 0xFC, 0x00, 0x7F, 0xBF, 0xC0,
    0x1F, 0xE7, 0xFF, 0x1F, 0xFC, 0x7F, 0xFF, 0xFF, 0x07, 0xFF, 0xFF, 0xC0, 0x7F, 0xFF, 0xF0, 0x07,
    0xFF, 0xFC, 0x00, 0x7F, 0xFF, 0x00, 0x03, 0xFF, 0x80, 0x00, 0x00, 0x00, 0x00, 0x00, 0x00, 0x00,
    0x00, 0x3E, 0x00, 0x00, 0x0F, 0xE0, 0x00, 0x01, 0xFC, 0x00, 0x00, 0x3F, 0x80, 0x00, 0x07, 0xF0,
    0x00, 0x00, 0x7C, 0x00, 0x00, 0x03, 0xFE, 0x00, 0x3F, 0xFE, 0x01, 0xFF, 0xFC, 0x0F, 0xFF, 0xF8,
    0x7F, 0xFF, 0xF1, 0xFF, 0x7F, 0xCF, 0xF0, 0x7F, 0xBF, 0x80, 0xFE, 0xFE, 0x03, 0xFB, 0xF0, 0x07,
    0xEF, 0xC0, 0x1F, 0xBF, 0x80, 0xFE, 0xFE, 0x03, 0xFB, 0xFC, 0x1F, 0xE7, 0xFD, 0xFF, 0x1F, 0xFF,
    0xFC, 0x3F, 0xFF, 0xE0, 0x7F, 0xFF, 0x00, 0xFF, 0xF8, 0x00, 0xFF, 0x80, 0x00, 0x00, 0x00, 0x00,
    0x00, 0x00, 0x0F, 0x80, 0x00, 0x7F, 0x00, 0x01, 0xFC, 0x00, 0x07, 0xF0, 0x00, 0x1F, 0xC0, 0x00,
    0x3E, 0x00, 0x00, 0x7F, 0x80, 0x00, 0x1F, 0xF8, 0x00, 0x01, 0xFF, 0x00, 0x00, 0x3B, 0xE0, 0x00,
    0x00, 0x7C, 0x00, 0x00, 0x1F, 0x00, 0x00, 0x07, 0xC0, 0x00, 0x00, 0xF0, 0x00, 0x00, 0x08, 0x00,
    0x00, 0x07, 0xF0, 0x00, 0x07, 0xFF, 0xC0, 0x03, 0xFF, 0xFE, 0x00, 0xFF, 0xFF, 0xE0, 0x3F, 0xFF,
    0xFE, 0x0F, 0xFF, 0xFF, 0xE1, 0xFF, 0xFF, 0xFC, 0x7F, 0xC0, 0x7F, 0xCF, 0xF0, 0x07, 0xFB, 0xFC,
    0x00, 0x7F, 0xFF, 0x00, 0x07, 0xFF, 0xE0, 0x00, 0xFF, 0xFC, 0x00, 0x1F, 0xFF, 0x00, 0x01, 0xFF,
    0xE0, 0x00, 0x3F, 0xFE, 0x00, 0x0F, 0xFF, 0xC0, 0x01, 0xFF, 0xF8, 0x00, 0x3F, 0xFF, 0x80, 0x0F,
    0xF7, 0xF8, 0x03, 0xFC, 0xFF, 0xE3, 0xFF, 0x8F, 0xFF, 0xFF, 0xE0, 0xFF, 0xFF, 0xF8, 0x0F, 0xFF,
    0xFE, 0x00, 0xFF, 0xFF, 0x80, 0x0F, 0xFF, 0xE0, 0x00, 0x7F, 0xF0, 0x00, 0x03, 0xFC, 0x00, 0x0F,
    0xF8, 0x00, 0x3F, 0xE0, 0x00, 0xEF, 0x80, 0x00, 0x3E, 0x00, 0x01, 0xF8, 0x00, 0x07, 0xC0, 0x00,
    0x1C, 0x00, 0x00, 0x70, 0x00, 0x00, 0x00, 0x00, 0x00, 0x00, 0x00, 0xFF, 0x80, 0x0F, 0xFF, 0x80,
    0x7F, 0xFF, 0x03, 0xFF, 0xFE, 0x1F, 0xFF, 0xFC, 0x7F, 0xDF, 0xF3, 0xFC, 0x1F, 0xEF, 0xE0, 0x3F,
    0xBF, 0x80, 0xFE, 0xFC, 0x01, 0xFB, 0xF0, 0x07, 0xEF, 0xE0, 0x3F, 0xBF, 0x80, 0xFE, 0xFF, 0x07,
    0xF9, 0xFF, 0x7F, 0xC7, 0xFF, 0xFF, 0x0F, 0xFF, 0xF8, 0x1F, 0xFF, 0xC0, 0x3F, 0xFE, 0x00, 0x3F,
    0xE0, 0x00, 0x00, 0x00, 0x06, 0x00, 0x00, 0x00, 0xE0, 0x00, 0x00, 0x3E, 0x00, 0x00, 0x0F, 0xC0,
    0x00, 0x01, 0xF0, 0x00, 0x00, 0x7C, 0x00, 0x00, 0x0F, 0x00, 0x01, 0xFC, 0xC0, 0x00, 0x7F, 0xC0,
    0x00, 0x1F, 0xFC, 0x00, 0x0F, 0xFF, 0xE0, 0x00, 0xFD, 0xFC, 0x00, 0x1C, 0x0F, 0x00, 0x00, 0x00,
    0x00, 0x00, 0x0F, 0xE0, 0x00, 0x0F, 0xFF, 0x80, 0x07, 0xFF, 0xFC, 0x01, 0xFF, 0xFF, 0xC0, 0x7F,
    0xFF, 0xFC, 0x1F, 0xFF, 0xFF, 0xC3, 0xFF, 0xFF, 0xF8, 0xFF, 0x80, 0xFF, 0x9F, 0xE0, 0x0F, 0xF7,
    0xF8, 0x00, 0xFF, 0xFE, 0x00, 0x0F, 0xFF, 0xC0, 0x01, 0xFF, 0xF8, 0x00, 0x3F, 0xFE, 0x00, 0x03,
    0xFF, 0xC0, 0x00, 0x7F, 0xFC, 0x00, 0x1F, 0xFF, 0x80, 0x03, 0xFF, 0xF0, 0x00, 0x7F, 0xFF, 0x00,
    0x1F, 0xEF, 0xF0, 0x07, 0xF9, 0xFF, 0xC7, 0xFF, 0x1F, 0xFF, 0xFF, 0xC1, 0xFF, 0xFF, 0xF0, 0x1F,
    0xFF, 0xFC, 0x01, 0xFF, 0xFF, 0x00, 0x1F, 0xFF, 0xC0, 0x00, 0xFF, 0xE0, 0x00, 0x00, 0x00, 0x30,
    0x00, 0x00, 0x70, 0x00, 0x01, 0xF8, 0x00, 0x07, 0xE0, 0x00, 0x0F, 0x80, 0x00, 0x3E, 0x00, 0x00,
    0x78, 0x00, 0x7C, 0x60, 0x01, 0xFC, 0x00, 0x07, 0xFC, 0x00, 0x1F, 0xFC, 0x00, 0x7F, 0xFC, 0x00,
    0xF8, 0xF8, 0x00, 0xC0, 0x60, 0x00, 0x00, 0x00, 0x00, 0x00, 0x00, 0x03, 0xFE, 0x00, 0x1F, 0xFF,
    0x00, 0x7F, 0xFF, 0x01, 0xFF, 0xFF, 0x07, 0xFF, 0xFF, 0x0F, 0xFB, 0xFE, 0x3F, 0xC1, 0xFE, 0x7F,
    0x01, 0xFC, 0xFE, 0x03, 0xF9, 0xF8, 0x03, 0xF3, 0xF0, 0x07, 0xE7, 0xF0, 0x1F, 0xCF, 0xE0, 0x3F,
    0x9F, 0xE0, 0xFF, 0x1F, 0xF7, 0xFC, 0x3F, 0xFF, 0xF8, 0x3F, 0xFF, 0xE0, 0x3F, 0xFF, 0x80, 0x3F,
    0xFE, 0x00, 0x1F, 0xF0, 0x00, 0x00, 0x00, 0x20, 0x00, 0x00, 0x1E, 0x00, 0x00, 0x07, 0xE0, 0x00,
    0x00, 0xFC, 0x00, 0x00, 0x0F, 0xC0, 0x00, 0x00, 0xF8, 0x00, 0x00, 0x0F, 0x80, 0x01, 0xFC, 0xC0,
    0x00, 0x7F, 0xC0, 0x00, 0x1F, 0xFC, 0x00, 0x0F, 0xFF, 0xE0, 0x00, 0xFD, 0xFC, 0x00, 0x1C, 0x0F,
    0x00, 0x00, 0x00, 0x00, 0x00, 0x0F, 0xE0, 0x00, 0x0F, 0xFF, 0x80, 0x07, 0xFF, 0xFC, 0x01, 0xFF,
    0xFF, 0xC0, 0x7F, 0xFF, 0xFC, 0x1F, 0xFF, 0xFF, 0xC3, 0xFF, 0xFF, 0xF8, 0xFF, 0x80, 0xFF, 0x9F,
    0xE0, 0x0F, 0xF7, 0xF8, 0x00, 0xFF, 0xFE, 0x00, 0x0F, 0xFF, 0xC0, 0x01, 0xFF, 0xF8, 0x00, 0x3F,
    0xFE, 0x00, 0x03, 0xFF, 0xC0, 0x00, 0x7F, 0xFC, 0x00, 0x1F, 0xFF, 0x80, 0x03, 0xFF, 0xF0, 0x00,
    0x7F, 0xFF, 0x00, 0x1F, 0xEF, 0xF0, 0x07, 0xF9, 0xFF, 0xC7, 0xFF, 0x1F, 0xFF, 0xFF, 0xC1, 0xFF,
    0xFF, 0xF0, 0x1F, 0xFF, 0xFC, 0x01, 0xFF, 0xFF, 0x00, 0x1F, 0xFF, 0xC0, 0x00, 0xFF, 0xE0, 0x00,
    0x00, 0x03, 0x00, 0x00, 0x1E, 0x00, 0x00, 0xF8, 0x00, 0x03, 0xF0, 0x00, 0x07, 0xC0, 0x00, 0x0F,
    0x80, 0x00, 0x1E, 0x00, 0x3E, 0x30, 0x01, 0xFC, 0x00, 0x0F, 0xF8, 0x00, 0x7F, 0xF0, 0x03, 0xFF,
    0xE0, 0x0F, 0x8F, 0x80, 0x18, 0x0C, 0x00, 0x00, 0x00, 0x00, 0x00, 0x00, 0x03, 0xFE, 0x00, 0x3F,
    0xFE, 0x01, 0xFF, 0xFC, 0x0F, 0xFF, 0xF8, 0x7F, 0xFF, 0xF1, 0xFF, 0x7F, 0xCF, 0xF0, 0x7F, 0xBF,
    0x80, 0xFE, 0xFE, 0x03, 0xFB, 0xF0, 0x07, 0xEF, 0xC0, 0x1F, 0xBF, 0x80, 0xFE, 0xFE, 0x03, 0xFB,
    0xFC, 0x1F, 0xE7, 0xFD, 0xFF, 0x1F, 0xFF, 0xFC, 0x3F, 0xFF, 0xE0, 0x7F, 0xFF, 0x00, 0xFF, 0xF8,
    0x00, 0xFF, 0x80, 0x00, 0x00, 0xFF, 0x00, 0x00, 0x1F, 0xF8, 0x00, 0x00, 0xFF, 0x80, 0x00, 0x0E,
    0xF8, 0x00, 0x00, 0x0F, 0x80, 0x00, 0x01, 0xF0, 0x00, 0x0E, 0x3E, 0x00, 0x03, 0xF9, 0xC0, 0x00,
    0x7F, 0xC0, 0x00, 0x0F, 0xFE, 0x00, 0x03, 0xFF, 0xF8, 0x00, 0x3F, 0xBF, 0x80, 0x01, 0xC0, 0x70,
    0x00, 0x00, 0x00, 0x00, 0x00, 0x3F, 0x80, 0x00, 0x1F, 0xFF, 0x00, 0x07, 0xFF, 0xFC, 0x00, 0xFF,
    0xFF, 0xE0, 0x1F, 0xFF, 0xFF, 0x03, 0xFF, 0xFF, 0xF8, 0x3F, 0xFF, 0xFF, 0x87, 0xFC, 0x07, 0xFC,
    0x7F, 0x80, 0x3F, 0xCF, 0xF0, 0x01, 0xFE, 0xFE, 0x00, 0x0F, 0xEF, 0xE0, 0x00, 0xFE, 0xFE, 0x00,
    0x07, 0xEF, 0xC0, 0x00, 0x7E, 0xFC, 0x00, 0x07, 0xEF, 0xE0, 0x00, 0xFE, 0xFE, 0x00, 0x0F, 0xEF,
    0xE0, 0x00, 0xFE, 0xFF, 0x00, 0x1F, 0xE7, 0xF8, 0x03, 0xFC, 0x7F, 0xF1, 0xFF, 0xC3, 0xFF, 0xFF,
    0xF8, 0x1F, 0xFF, 0xFF, 0x00, 0xFF, 0xFF, 0xE0, 0x07, 0xFF, 0xFC, 0x00, 0x3F, 0xFF, 0x80, 0x00,
    0xFF, 0xE0, 0x00, 0x00, 0x07, 0xF8, 0x00, 0x3F, 0xF0, 0x00, 0x7F, 0xC0, 0x01, 0xDF, 0x00, 0x00,
    0x7C, 0x00, 0x03, 0xE0, 0x00, 0x1F, 0x00, 0x3E, 0x38, 0x01, 0xFC, 0x00, 0x0F, 0xF8, 0x00, 0x7F,
    0xF8, 0x03, 0xFF, 0xF0, 0x0F, 0x8F, 0x80, 0x18, 0x0C, 0x00, 0x00, 0x00, 0x00, 0x00, 0x00, 0x03,
    0xFE, 0x00, 0x3F, 0xFE, 0x01, 0xFF, 0xFC, 0x0F, 0xFF, 0xF8, 0x7F, 0xFF, 0xF1, 0xFF, 0x7F, 0xCF,
    0xF0, 0x7F, 0xBF, 0x80, 0xFE, 0xFE, 0x03, 0xFB, 0xF0, 0x07, 0xEF, 0xC0, 0x1F, 0xBF, 0x80, 0xFE,
    0xFE, 0x03, 0xFB, 0xFC, 0x1F, 0xE7, 0xFD, 0xFF, 0x1F, 0xFF, 0xFC, 0x3F, 0xFF, 0xE0, 0x7F, 0xFF,
    0x00, 0xFF, 0xF8, 0x00, 0xFF, 0x80, 0x00, 0x00, 0x00, 0x00, 0x1F, 0x8F, 0x00, 0x07, 0xFF, 0xE0,
    0x01, 0xFF, 0xFC, 0x00, 0x3F, 0xFF, 0x00, 0x07, 0x8F, 0xC0, 0x00, 0x00, 0x00, 0x00, 0x00, 0x70,
    0x00, 0x00, 0x3F, 0x80, 0x00, 0x0F, 0xF8, 0x00, 0x03, 0xFF, 0x80, 0x01, 0xFF, 0xFC, 0x00, 0x3F,
    0xBF, 0x80, 0x03, 0x81, 0xE0, 0x00, 0x00, 0x00, 0x00, 0x01, 0xFC, 0x00, 0x01, 0xFF, 0xF0, 0x00,
    0xFF, 0xFF, 0x80, 0x3F, 0xFF, 0xF8, 0x0F, 0xFF, 0xFF, 0x83, 0xFF, 0xFF, 0xF8, 0x7F, 0xFF, 0xFF,
    0x1F, 0xF0, 0x1F, 0xF3, 0xFC, 0x01, 0xFE, 0xFF, 0x00, 0x1F, 0xFF, 0xC0, 0x01, 0xFF, 0xF8, 0x00,
    0x3F, 0xFF, 0x00, 0x07, 0xFF, 0xC0, 0x00, 0x7F, 0xF8, 0x00, 0x0F, 0xFF, 0x80, 0x03, 0xFF, 0xF0,
    0x00, 0x7F, 0xFE, 0x00, 0x0F, 0xFF, 0xE0, 0x03, 0xFD, 0xFE, 0x00, 0xFF, 0x3F, 0xF8, 0xFF, 0xE3,
    0xFF, 0xFF, 0xF8, 0x3F, 0xFF, 0xFE, 0x03, 0xFF, 0xFF, 0x80, 0x3F, 0xFF, 0xE0, 0x03, 0xFF, 0xF8,
    0x00, 0x1F, 0xFC, 0x00, 0x07, 0xF7, 0x80, 0x1F, 0xFE, 0x00, 0xFF, 0xF8, 0x03, 0xFF, 0xE0, 0x0F,
    0x7F, 0x00, 0x00, 0x00, 0x00, 0x00, 0x00, 0x00, 0x3E, 0x00, 0x01, 0xFC, 0x00, 0x0F, 0xF8, 0x00,
    0x7F, 0xF0, 0x03, 0xFF, 0xE0, 0x0F, 0x8F, 0x80, 0x18, 0x0C, 0x00, 0x00, 0x00, 0x00, 0x00, 0x00,
    0x03, 0xFE, 0x00, 0x3F, 0xFE, 0x01, 0xFF, 0xFC, 0x0F, 0xFF, 0xF8, 0x7F, 0xFF, 0xF1, 0xFF, 0x7F,
    0xCF, 0xF0, 0x7F, 0xBF, 0x80, 0xFE, 0xFE, 0x03, 0xFB, 0xF0, 0x07, 0xEF, 0xC0, 0x1F, 0xBF, 0x80,
    0xFE, 0xFE, 0x03, 0xFB, 0xFC, 0x1F, 0xE7, 0xFD, 0xFF, 0x1F, 0xFF, 0xFC, 0x3F, 0xFF, 0xE0, 0x7F,
    0xFF, 0x00, 0xFF, 0xF8, 0x00, 0xFF, 0x80, 0x00, 0x1F, 0x00, 0x00, 0x0F, 0xF8, 0x00, 0x03, 0xFF,
    0x80, 0x00, 0xFF, 0xF8, 0x00, 0x3F, 0xBF, 0x80, 0x03, 0xC1, 0xE0, 0x00, 0x00, 0x00, 0x00, 0x01,
    0xFC, 0x00, 0x01, 0xFF, 0xF0, 0x00, 0xFF, 0xFF, 0x80, 0x3F, 0xFF, 0xF8, 0x0F, 0xFF, 0xFF, 0x83,
    0xFF, 0xFF, 0xF8, 0x7F, 0xFF, 0xFF, 0x1F, 0xF0, 0x1F, 0xF3, 0xFC, 0x01, 0xFE, 0xFF, 0x00, 0x1F,
    0xFF, 0xC0, 0x01, 0xFF, 0xF8, 0x00, 0x3F, 0xFF, 0x00, 0x07, 0xFF, 0xC0, 0x00, 0x7F, 0xF8, 0x00,
    0x0F, 0xFF, 0x80, 0x03, 0xFF, 0xF0, 0x00, 0x7F, 0xFE, 0x00, 0x0F, 0xFF, 0xE0, 0x03, 0xFD, 0xFE,
    0x00, 0xFF, 0x3F, 0xF8, 0xFF, 0xE3, 0xFF, 0xFF, 0xF8, 0x3F, 0xFF, 0xFE, 0x03, 0xFF, 0xFF, 0x80,
    0x3F, 0xFF, 0xE0, 0x03, 0xFF, 0xF8, 0x00, 0x1F, 0xFC, 0x00, 0x00, 0x00, 0x00, 0x00, 0x00, 0x00,
    0x00, 0x01, 0xF0, 0x00, 0x00, 0x7F, 0x00, 0x00, 0x0F, 0xE0, 0x00, 0x01, 0xFC, 0x00, 0x00, 0x3F,
    0x80, 0x00, 0x03, 0xE0, 0x00, 0x00, 0xF8, 0x00, 0x0F, 0xF8, 0x00, 0x7F, 0xF0, 0x03, 0xFF, 0xE0,
    0x1F, 0x8F, 0xC0, 0x3C, 0x1E, 0x00, 0x40, 0x10, 0x00, 0x00, 0x00, 0x00, 0x00, 0x00, 0x0F, 0xF8,
    0x00, 0xFF, 0xF8, 0x07, 0xFF, 0xF0, 0x3F, 0xFF, 0xE1, 0xFF, 0xFF, 0xC7, 0xFD, 0xFF, 0x3F, 0xC1,
    0xFE, 0xFE, 0x03, 0xFB, 0xF8, 0x0F, 0xEF, 0xC0, 0x1F, 0xBF, 0x00, 0x7E, 0xFE, 0x03, 0xFB, 0xF8,
    0x0F, 0xEF, 0xF0, 0x7F, 0x9F, 0xF7, 0xFC, 0x7F, 0xFF, 0xF0, 0xFF, 0xFF, 0x81, 0xFF, 0xFC, 0x03,
    0xFF, 0xE0, 0x03, 0xFE, 0x00, 0x00, 0x00, 0x00, 0x00, 0x00, 0x00, 0x3E, 0x00, 0x01, 0xFC, 0x00,
    0x07, 0xF0, 0x00, 0x1F, 0xC0, 0x00, 0x7F, 0x00, 0x00, 0xF8, 0x00, 0x00, 0x00, 0x80, 0x00, 0x00,
    0x78, 0x00, 0x00, 0x3F, 0x00, 0x00, 0x1F, 0xF0, 0x00, 0x07, 0xFE, 0x00, 0x01, 0xFF, 0x87, 0xC0,
    0x1F, 0x80, 0xF8, 0x03, 0x80, 0x3F, 0x00, 0x00, 0x07, 0xE0, 0x07, 0xF1, 0xFC, 0x07, 0xFF, 0xFF,
    0x03, 0xFF, 0xFF, 0xE0, 0xFF, 0xFF, 0xF0, 0x3F, 0xFF, 0xFE, 0x0F, 0xFF, 0xFF, 0xE1, 0xFF, 0xFF,
    0xFC, 0x7F, 0xC0, 0x7F, 0xCF, 0xF0, 0x07, 0xFB, 0xFC, 0x00, 0x7F, 0xFF, 0x00, 0x07, 0xFF, 0xE0,
    0x00, 0xFF, 0xFC, 0x00, 0x1F, 0xFF, 0x00, 0x01, 0xFF, 0xE0, 0x00, 0x3F, 0xFE, 0x00, 0x0F, 0xFF,
    0xC0, 0x01, 0xFF, 0xF8, 0x00, 0x3F, 0xFF, 0x80, 0x0F, 0xF7, 0xF8, 0x03, 0xFC, 0xFF, 0xE3, 0xFF,
    0x8F, 0xFF, 0xFF, 0xE0, 0xFF, 0xFF, 0xF8, 0x0F, 0xFF, 0xFE, 0x00, 0xFF, 0xFF, 0x80, 0x0F, 0xFF,
    0xE0, 0x00, 0x7F, 0xF0, 0x00, 0x00, 0x18, 0x00, 0x00, 0xF0, 0x00, 0x07, 0xE0, 0x00, 0x3F, 0x80,
    0x01, 0xFE, 0x00, 0x0F, 0xE0, 0x00, 0x3E, 0x07, 0xC0, 0x60, 0x3F, 0x00, 0x00, 0xFC, 0x00, 0x07,
    0xF0, 0x3F, 0xFF, 0x83, 0xFF, 0xFC, 0x1F, 0xFF, 0xE0, 0xFF, 0xFF, 0x87, 0xFF, 0xFF, 0x1F, 0xF7,
    0xFC, 0xFF, 0x07, 0xFB, 0xF8, 0x0F, 0xEF, 0xE0, 0x3F, 0xBF, 0x00, 0x7E, 0xFC, 0x01, 0xFB, 0xF8,
    0x0F, 0xEF, 0xE0, 0x3F, 0xBF, 0xC1, 0xFE, 0x7F, 0xDF, 0xF1, 0xFF, 0xFF, 0xC3, 0xFF, 0xFE, 0x07,
    0xFF, 0xF0, 0x0F, 0xFF, 0x80, 0x0F, 0xF8, 0x00, 0x00, 0x20, 0x00, 0x00, 0x07, 0x00, 0x00, 0x01,
    0xF8, 0x00, 0x00, 0x3F, 0xC0, 0x00, 0x0F, 0xFE, 0x00, 0x00, 0xFF, 0xC7, 0xC0, 0x03, 0xF0, 0xF8,
    0x00, 0x0E, 0x3F, 0x00, 0x00, 0x07, 0xE0, 0x07, 0xF1, 0xFC, 0x07, 0xFF, 0xFF, 0x03, 0xFF, 0xFF,
    0xE0, 0xFF, 0xFF, 0xF0, 0x3F, 0xFF, 0xFE, 0x0F, 0xFF, 0xFF, 0xE1, 0xFF, 0xFF, 0xFC, 0x7F, 0xC0,
    0x7F, 0xCF, 0xF0, 0x07, 0xFB, 0xFC, 0x00, 0x7F, 0xFF, 0x00, 0x07, 0xFF, 0xE0, 0x00, 0xFF, 0xFC,
    0x00, 0x1F, 0xFF, 0x00, 0x01, 0xFF, 0xE0, 0x00, 0x3F, 0xFE, 0x00, 0x0F, 0xFF, 0xC0, 0x01, 0xFF,
    0xF8, 0x00, 0x3F, 0xFF, 0x80, 0x0F, 0xF7, 0xF8, 0x03, 0xFC, 0xFF, 0xE3, 0xFF, 0x8F, 0xFF, 0xFF,
    0xE0, 0xFF, 0xFF, 0xF8, 0x0F, 0xFF, 0xFE, 0x00, 0xFF, 0xFF, 0x80, 0x0F, 0xFF, 0xE0, 0x00, 0x7F,
    0xF0, 0x00, 0x01, 0x80, 0x00, 0x07, 0x00, 0x00, 0x3E, 0x00, 0x01, 0xFE, 0x00, 0x03, 0xFC, 0x00,
    0x07, 0xF8, 0x00, 0x07, 0xC7, 0xC0, 0x06, 0x3F, 0x00, 0x00, 0xFC, 0x00, 0x07, 0xF0, 0x3F, 0xFF,
    0x83, 0xFF, 0xFC, 0x1F, 0xFF, 0xE0, 0xFF, 0xFF, 0x87, 0xFF, 0xFF, 0x1F, 0xF7, 0xFC, 0xFF, 0x07,
    0xFB, 0xF8, 0x0F, 0xEF, 0xE0, 0x3F, 0xBF, 0x00, 0x7E, 0xFC, 0x01, 0xFB, 0xF8, 0x0F, 0xEF, 0xE0,
    0x3F, 0xBF, 0xC1, 0xFE, 0x7F, 0xDF, 0xF1, 0xFF, 0xFF, 0xC3, 0xFF, 0xFE, 0x07, 0xFF, 0xF0, 0x0F,
    0xFF, 0x80, 0x0F, 0xF8, 0x00, 0x00, 0x7F, 0x80, 0x00, 0x1F, 0xF8, 0x00, 0x01, 0xFF, 0x00, 0x00,
    0x3B, 0xE0, 0x00, 0x00, 0x7C, 0x00, 0x00, 0x1F, 0x07, 0xC0, 0x07, 0xC0, 0xF8, 0x00, 0x70, 0x3F,
    0x00, 0x00, 0x07, 0xE0, 0x07, 0xF1, 0xFC, 0x07, 0xFF, 0xFF, 0x03, 0xFF, 0xFF, 0xE0, 0xFF, 0xFF,
    0xF0, 0x3F, 0xFF, 0xFE, 0x0F, 0xFF, 0xFF, 0xE1, 0xFF, 0xFF, 0xFC, 0x7F, 0xC0, 0x7F, 0xCF, 0xF0,
    0x07, 0xFB, 0xFC, 0x00, 0x7F, 0xFF, 0x00, 0x07, 0xFF, 0xE0, 0x00, 0xFF, 0xFC, 0x00, 0x1F, 0xFF,
    0x00, 0x01, 0xFF, 0xE0, 0x00, 0x3F, 0xFE, 0x00, 0x0F, 0xFF, 0xC0, 0x01, 0xFF, 0xF8, 0x00, 0x3F,
    0xFF, 0x80, 0x0F, 0xF7, 0xF8, 0x03, 0xFC, 0xFF, 0xE3, 0xFF, 0x8F, 0xFF, 0xFF, 0xE0, 0xFF, 0xFF,
    0xF8, 0x0F, 0xFF, 0xFE, 0x00, 0xFF, 0xFF, 0x80, 0x0F, 0xFF, 0xE0, 0x00, 0x7F, 0xF0, 0x00, 0x03,
    0xFC, 0x00, 0x0F, 0xF8, 0x00, 0x3F, 0xE0, 0x00, 0xEF, 0x80, 0x00, 0x3E, 0x00, 0x01, 0xF8, 0x00,
    0x07, 0xC7, 0xC0, 0x1C, 0x1F, 0x00, 0x70, 0xFC, 0x00, 0x03, 0xF0, 0x00, 0x1F, 0xC0, 0xFF, 0xFE,
    0x0F, 0xFF, 0xF0, 0x7F, 0xFF, 0x83, 0xFF, 0xFE, 0x1F, 0xFF, 0xFC, 0x7F, 0xDF, 0xF3, 0xFC, 0x1F,
    0xEF, 0xE0, 0x3F, 0xBF, 0x80, 0xFE, 0xFC, 0x01, 0xFB, 0xF0, 0x07, 0xEF, 0xE0, 0x3F, 0xBF, 0x80,
    0xFE, 0xFF, 0x07, 0xF9, 0xFF, 0x7F, 0xC7, 0xFF, 0xFF, 0x0F, 0xFF, 0xF8, 0x1F, 0xFF, 0xC0, 0x3F,
    0xFE, 0x00, 0x3F, 0xE0, 0x00, 0x00, 0x00, 0x00, 0x00, 0x1F, 0xDF, 0x00, 0x07, 0xFF, 0xE0, 0x01,
    0xFF, 0xFC, 0x00, 0x3F, 0xFF, 0x3E, 0x07, 0x8F, 0xC7, 0xC0, 0x00, 0x01, 0xF8, 0x00, 0x00, 0x3F,
    0x00, 0x3F, 0x8F, 0xE0, 0x3F, 0xFF, 0xF8, 0x1F, 0xFF, 0xFF, 0x07, 0xFF, 0xFF, 0xC1, 0xFF, 0xFF,
    0xF0, 0x7F, 0xFF, 0xFF, 0x0F, 0xFF, 0xFF, 0xE3, 0xFE, 0x03, 0xFE, 0x7F, 0x80, 0x3F, 0xDF, 0xE0,
    0x03, 0xFF, 0xF8, 0x00, 0x3F, 0xFF, 0x00, 0x07, 0xFF, 0xE0, 0x00, 0xFF, 0xF8, 0x00, 0x0F, 0xFF,
    0x00, 0x01, 0xFF, 0xF0, 0x00, 0x7F, 0xFE, 0x00, 0x0F, 0xFF, 0xC0, 0x01, 0xFF, 0xFC, 0x00, 0x7F,
    0xBF, 0xC0, 0x1F, 0xE7, 0xFF, 0x1F, 0xFC, 0x7F, 0xFF, 0xFF, 0x07, 0xFF, 0xFF, 0xC0, 0x7F, 0xFF,
    0xF0, 0x07, 0xFF, 0xFC, 0x00, 0x7F, 0xFF, 0x00, 0x03, 0xFF, 0x80, 0x00, 0x03, 0xC7, 0xC0, 0x1F,
    0xDF, 0x00, 0xFF, 0xFC, 0x03, 0xFF, 0xF0, 0x0F, 0x7F, 0x80, 0x3C, 0xFD, 0xF0, 0x20, 0xE7, 0xC0,
    0x00, 0x1F, 0x00, 0x00, 0xFC, 0x0F, 0xFF, 0xE0, 0xFF, 0xFF, 0x87, 0xFF, 0xFC, 0x3F, 0xFF, 0xF1,
    0xFF, 0xFF, 0xC7, 0xFD, 0xFF, 0xBF, 0xC1, 0xFE, 0xFE, 0x03, 0xFB, 0xF8, 0x0F, 0xEF, 0xC0, 0x1F,
    0xBF, 0x00, 0x7E, 0xFE, 0x03, 0xFB, 0xF8, 0x0F, 0xEF, 0xF0, 0x7F, 0x9F, 0xF7, 0xFC, 0x7F, 0xFF,
    0xF0, 0xFF, 0xFF, 0x81, 0xFF, 0xFC, 0x03, 0xFF, 0xE0, 0x03, 0xFE, 0x00, 0x00, 0x00, 0x03, 0xE0,
    0x00, 0x00, 0x7C, 0x00, 0x00, 0x1F, 0x80, 0x00, 0x03, 0xF0, 0x03, 0xF8, 0xFE, 0x03, 0xFF, 0xFF,
    0x81, 0xFF, 0xFF, 0xF0, 0x7F, 0xFF, 0xF8, 0x1F, 0xFF, 0xFF, 0x07, 0xFF, 0xFF, 0xF0, 0xFF, 0xFF,
    0xFE, 0x3F, 0xE0, 0x3F, 0xE7, 0xF8, 0x03, 0xFD, 0xFE, 0x00, 0x3F, 0xFF, 0x80, 0x03, 0xFF, 0xF0,
    0x00, 0x7F, 0xFE, 0x00, 0x0F, 0xFF, 0x80, 0x00, 0xFF, 0xF0, 0x00, 0x1F, 0xFF, 0x00, 0x07, 0xFF,
    0xE0, 0x00, 0xFF, 0xFC, 0x00, 0x1F, 0xFF, 0xC0, 0x07, 0xFB, 0xFC, 0x01, 0xFE, 0x7F, 0xF1, 0xFF,
    0xC7, 0xFF, 0xFF, 0xF0, 0x7F, 0xFF, 0xFC, 0x07, 0xFF, 0xFF, 0x00, 0x7F, 0xFF, 0xC0, 0x07, 0xFF,
    0xF0, 0x00, 0x3F, 0xF8, 0x00, 0x00, 0x00, 0x00, 0x00, 0x00, 0x00, 0x00, 0x03, 0xE0, 0x00, 0x00,
    0xFE, 0x00, 0x00, 0x1F, 0xC0, 0x00, 0x03, 0xF8, 0x00, 0x00, 0x7F, 0x00, 0x00, 0x07, 0xC0, 0x00,
    0x00, 0x00, 0x7C, 0x00, 0x03, 0xF0, 0x00, 0x0F, 0xC0, 0x00, 0x7F, 0x03, 0xFF, 0xF8, 0x3F, 0xFF,
    0xC1, 0xFF, 0xFE, 0x0F, 0xFF, 0xF8, 0x7F, 0xFF, 0xF1, 0xFF, 0x7F, 0xCF, 0xF0, 0x7F, 0xBF, 0x80,
    0xFE, 0xFE, 0x03, 0xFB, 0xF0, 0x07, 0xEF, 0xC0, 0x1F, 0xBF, 0x80, 0xFE, 0xFE, 0x03, 0xFB, 0xFC,
    0x1F, 0xE7, 0xFD, 0xFF, 0x1F, 0xFF, 0xFC, 0x3F, 0xFF, 0xE0, 0x7F, 0xFF, 0x00, 0xFF, 0xF8, 0x00,
    0xFF, 0x80, 0x00, 0x00, 0x00, 0x00, 0x00, 0x00, 0x0F, 0x80, 0x00, 0x7F, 0x00, 0x01, 0xFC, 0x00,
    0x07, 0xF0, 0x00, 0x1F, 0xC0, 0x00, 0x3E, 0x00, 0xFC, 0x00, 0xFD, 0xF8, 0x01, 0xFB, 0xF0, 0x03,
    0xF7, 0xE0, 0x07, 0xEF, 0xC0, 0x0F, 0xDF, 0x80, 0x1F, 0xBF, 0x00, 0x3F, 0x7E, 0x00, 0x7E, 0xFC,
    0x00, 0xFD, 0xF8, 0x01, 0xFB, 0xF0, 0x03, 0xF7, 0xE0, 0x07, 0xEF, 0xC0, 0x0F, 0xDF, 0x80, 0x1F,
    0xBF, 0x00, 0x3F, 0x7E, 0x00, 0x7E, 0xFE, 0x00, 0xFD, 0xFC, 0x03, 0xFB, 0xF8, 0x07, 0xF7, 0xF8,
    0x1F, 0xE7, 0xFC, 0xFF, 0x8F, 0xFF, 0xFF, 0x0F, 0xFF, 0xFC, 0x0F, 0xFF, 0xF0, 0x0F, 0xFF, 0xC0,
    0x07, 0xFE, 0x00, 0x00, 0x00, 0x00, 0x00, 0x00, 0x00, 0x07, 0xC0, 0x00, 0x1F, 0xC0, 0x00, 0x3F,
    0x80, 0x00, 0x7F, 0x00, 0x00, 0xFE, 0x00, 0x00, 0xF8, 0x00, 0xFC, 0x07, 0xFF, 0x80, 0xFF, 0xF0,
    0x1F, 0xFE, 0x03, 0xFF, 0xC0, 0x7F, 0xF8, 0x0F, 0xFF, 0x01, 0xFF, 0xE0, 0x3F, 0xFC, 0x07, 0xFF,
    0x80, 0xFF, 0xF0, 0x1F, 0xFE, 0x03, 0xFF, 0xE0, 0xFF, 0xFC, 0x1F, 0xFF, 0xEF, 0xFF, 0xFF, 0xFF,
    0x7F, 0xFF, 0xEF, 0xFF, 0xFC, 0xFF, 0xDF, 0x8F, 0xE3, 0xF0, 0x00, 0x00, 0x00, 0x00, 0x00, 0x7C,
    0x00, 0x1F, 0xC0, 0x03, 0xF8, 0x00, 0x7F, 0x00, 0x0F, 0xE0, 0x00, 0xF8, 0x00, 0x03, 0xFE, 0x00,
    0x07, 0xFE, 0x00, 0x0F, 0xFC, 0x00, 0x0E, 0xF8, 0x00, 0x01, 0xF0, 0x00, 0x07, 0xC0, 0x00, 0x1F,
    0x00, 0x00, 0x3C, 0x00, 0x00, 0x20, 0x00, 0x00, 0x00, 0x03, 0xF0, 0x03, 0xF7, 0xE0, 0x07, 0xEF,
    0xC0, 0x0F, 0xDF, 0x80, 0x1F, 0xBF, 0x00, 0x3F, 0x7E, 0x00, 0x7E, 0xFC, 0x00, 0xFD, 0xF8, 0x01,
    0xFB, 0xF0, 0x03, 0xF7, 0xE0, 0x07, 0xEF, 0xC0, 0x0F, 0xDF, 0x80, 0x1F, 0xBF, 0x00, 0x3F, 0x7E,
    0x00, 0x7E, 0xFC, 0x00, 0xFD, 0xF8, 0x01, 0xFB, 0xF8, 0x03, 0xF7, 0xF0, 0x0F, 0xEF, 0xE0, 0x1F,
    0xDF, 0xE0, 0x7F, 0x9F, 0xF3, 0xFE, 0x3F, 0xFF, 0xFC, 0x3F, 0xFF, 0xF0, 0x3F, 0xFF, 0xC0, 0x3F,
    0xFF, 0x00, 0x1F, 0xF8, 0x00, 0x07, 0xF8, 0x00, 0xFF, 0x80, 0x1F, 0xF0, 0x03, 0xBE, 0x00, 0x07,
    0xC0, 0x01, 0xF8, 0x00, 0x3C, 0x00, 0x07, 0x00, 0x00, 0xC0, 0x00, 0x00, 0x00, 0x00, 0x00, 0x7E,
    0x03, 0xFF, 0xC0, 0x7F, 0xF8, 0x0F, 0xFF, 0x01, 0xFF, 0xE0, 0x3F, 0xFC, 0x07, 0xFF, 0x80, 0xFF,
    0xF0, 0x1F, 0xFE, 0x03, 0xFF, 0xC0, 0x7F, 0xF8, 0x0F, 0xFF, 0x01, 0xFF, 0xF0, 0x7F, 0xFE, 0x0F,
    0xFF, 0xF7, 0xFF, 0xFF, 0xFF, 0xBF, 0xFF, 0xF7, 0xFF, 0xFE, 0x7F, 0xEF, 0xC7, 0xF1, 0xF8, 0x00,
    0x06, 0x00, 0x00, 0x03, 0xC0, 0x00, 0x01, 0xFC, 0x00, 0x00, 0xFF, 0x80, 0x00, 0x3F, 0xF0, 0x3E,
    0x07, 0xF8, 0x07, 0xC0, 0x78, 0x01, 0xF8, 0x08, 0x00, 0x3F, 0x00, 0x00, 0x0F, 0xFF, 0x80, 0x1F,
    0xFB, 0xF0, 0x03, 0xFE, 0x7E, 0x00, 0x7F, 0x8F, 0xC0, 0x0F, 0xC1, 0xF8, 0x01, 0xF8, 0x3F, 0x00,
    0x3F, 0x07, 0xE0, 0x07, 0xE0, 0xFC, 0x00, 0xFC, 0x1F, 0x80, 0x1F, 0x83, 0xF0, 0x03, 0xF0, 0x7E,
    0x00, 0x7E, 0x0F, 0xC0, 0x0F, 0xC1, 0xF8, 0x01, 0xF8, 0x3F, 0x00, 0x3F, 0x07, 0xE0, 0x07, 0xE0,
    0xFC, 0x00, 0xFC, 0x1F, 0xC0, 0x1F, 0x83, 0xF8, 0x07, 0xF0, 0x7F, 0x00, 0xFE, 0x0F, 0xF0, 0x3F,
    0xC0, 0xFF, 0x9F, 0xF0, 0x1F, 0xFF, 0xFE, 0x01, 0xFF, 0xFF, 0x80, 0x1F, 0xFF, 0xE0, 0x01, 0xFF,
    0xF8, 0x00, 0x0F, 0xFC, 0x00, 0x00, 0x00, 0x10, 0x00, 0x00, 0xF0, 0x00, 0x03, 0xF0, 0x00, 0x0F,
    0xE0, 0x00, 0x7F, 0xC0, 0x00, 0xFE, 0x00, 0x01, 0xF0, 0x0F, 0x81, 0x80, 0x3F, 0x00, 0x00, 0x7E,
    0x00, 0x03, 0xFF, 0xF0, 0x1F, 0xF7, 0xE0, 0x3F, 0xCF, 0xC0, 0x7F, 0x1F, 0x80, 0xFC, 0x3F, 0x01,
    0xF8, 0x7E, 0x03, 0xF0, 0xFC, 0x07, 0xE1, 0xF8, 0x0F, 0xC3, 0xF0, 0x1F, 0x87, 0xE0, 0x3F, 0x0F,
    0xC0, 0x7E, 0x1F, 0x80, 0xFC, 0x3F, 0x83, 0xF8, 0x7F, 0x07, 0xF0, 0xFF, 0xBF, 0xE1, 0xFF, 0xFF,
    0xC1, 0xFF, 0xFF, 0x83, 0xFF, 0xFF, 0x03, 0xFF, 0x7E, 0x03, 0xFC, 0xFC, 0x00, 0x00, 0xC0, 0x00,
    0x00, 0x3C, 0x00, 0x00, 0x07, 0xE0, 0x00, 0x01, 0xFF, 0x00, 0x00, 0x3F, 0xF0, 0x3E, 0x01, 0xFE,
    0x07, 0xC0, 0x07, 0x81, 0xF8, 0x00, 0x10, 0x3F, 0x00, 0x00, 0x0F, 0xFF, 0x80, 0x1F, 0xFB, 0xF0,
    0x03, 0xFE, 0x7E, 0x00, 0x7F, 0x8F, 0xC0, 0x0F, 0xC1, 0xF8, 0x01, 0xF8, 0x3F, 0x00, 0x3F, 0x07,
    0xE0, 0x07, 0xE0, 0xFC, 0x00, 0xFC, 0x1F, 0x80, 0x1F, 0x83, 0xF0, 0x03, 0xF0, 0x7E, 0x00, 0x7E,
    0x0F, 0xC0, 0x0F, 0xC1, 0xF8, 0x01, 0xF8, 0x3F, 0x00, 0x3F, 0x07, 0xE0, 0x07, 0xE0, 0xFC, 0x00,
    0xFC, 0x1F, 0xC0, 0x1F, 0x83, 0xF8, 0x07, 0xF0, 0x7F, 0x00, 0xFE, 0x0F, 0xF0, 0x3F, 0xC0, 0xFF,
    0x9F, 0xF0, 0x1F, 0xFF, 0xFE, 0x01, 0xFF, 0xFF, 0x80, 0x1F, 0xFF, 0xE0, 0x01, 0xFF, 0xF8, 0x00,
    0x0F, 0xFC, 0x00, 0x00, 0x03, 0x00, 0x00, 0x0F, 0x00, 0x00, 0x1F, 0x00, 0x00, 0x7F, 0x80, 0x00,
    0xFF, 0x80, 0x00, 0x7F, 0x80, 0x00, 0x3E, 0x0F, 0x80, 0x1C, 0x3F, 0x00, 0x00, 0x7E, 0x00, 0x03,
    0xFF, 0xF0, 0x1F, 0xF7, 0xE0, 0x3F, 0xCF, 0xC0, 0x7F, 0x1F, 0x80, 0xFC, 0x3F, 0x01, 0xF8, 0x7E,
    0x03, 0xF0, 0xFC, 0x07, 0xE1, 0xF8, 0x0F, 0xC3, 0xF0, 0x1F, 0x87, 0xE0, 0x3F, 0x0F, 0xC0, 0x7E,
    0x1F, 0x80, 0xFC, 0x3F, 0x83, 0xF8, 0x7F, 0x07, 0xF0, 0xFF, 0xBF, 0xE1, 0xFF, 0xFF, 0xC1, 0xFF,
    0xFF, 0x83, 0xFF, 0xFF, 0x03, 0xFF, 0x7E, 0x03, 0xFC, 0xFC, 0x00, 0x03, 0xFE, 0x00, 0x00, 0x7F,
    0xE0, 0x00, 0x0F, 0xFC, 0x00, 0x00, 0xEF, 0x80, 0x00, 0x01, 0xF0, 0x00, 0x00, 0x7C, 0x07, 0xC0,
    0x1F, 0x00, 0xF8, 0x03, 0xC0, 0x3F, 0x00, 0x20, 0x07, 0xE0, 0x00, 0x03, 0xFF, 0xF0, 0x03, 0xFF,
    0x7E, 0x00, 0x7F, 0xCF, 0xC0, 0x0F, 0xF1, 0xF8, 0x01, 0xF8, 0x3F, 0x00, 0x3F, 0x07, 0xE0, 0x07,
    0xE0, 0xFC, 0x00, 0xFC, 0x1F, 0x80, 0x1F, 0x83, 0xF0, 0x03, 0xF0, 0x7E, 0x00, 0x7E, 0x0F, 0xC0,
    0x0F, 0xC1, 0xF8, 0x01, 0xF8, 0x3F, 0x00, 0x3F, 0x07, 0xE0, 0x07, 0xE0, 0xFC, 0x00, 0xFC, 0x1F,
    0x80, 0x1F, 0x83, 0xF8, 0x03, 0xF0, 0x7F, 0x00, 0xFE, 0x0F, 0xE0, 0x1F, 0xC1, 0xFE, 0x07, 0xF8,
    0x1F, 0xF3, 0xFE, 0x03, 0xFF, 0xFF, 0xC0, 0x3F, 0xFF, 0xF0, 0x03, 0xFF, 0xFC, 0x00, 0x3F, 0xFF,
    0x00, 0x01, 0xFF, 0x80, 0x00, 0x07, 0xF8, 0x00, 0x0F, 0xF8, 0x00, 0x1F, 0xF0, 0x00, 0x3B, 0xE0,
    0x00, 0x07, 0xC0, 0x00, 0x1F, 0x80, 0x00, 0x3C, 0x0F, 0x80, 0x70, 0x1F, 0x00, 0xC0, 0x7E, 0x00,
    0x00, 0xFC, 0x00, 0x07, 0xFF, 0xE0, 0x3F, 0xEF, 0xC0, 0x7F, 0x9F, 0x80, 0xFC, 0x3F, 0x01, 0xF8,
    0x7E, 0x03, 0xF0, 0xFC, 0x07, 0xE1, 0xF8, 0x0F, 0xC3, 0xF0, 0x1F, 0x87, 0xE0, 0x3F, 0x0F, 0xC0,
    0x7E, 0x1F, 0x80, 0xFC, 0x3F, 0x01, 0xF8, 0x7F, 0x07, 0xF0, 0xFE, 0x0F, 0xE1, 0xFF, 0x7F, 0xC3,
    0xFF, 0xFF, 0x83, 0xFF, 0xFF, 0x07, 0xFF, 0xFE, 0x07, 0xFE, 0xFC, 0x07, 0xF9, 0xF8, 0x00, 0x00,
    0x00, 0x00, 0x00, 0x7F, 0x7C, 0x00, 0x1F, 0xFF, 0x80, 0x07, 0xFF, 0xF1, 0xF0, 0xFF, 0xFC, 0x3E,
    0x1E, 0x3F, 0x0F, 0xC0, 0x00, 0x01, 0xF8, 0x00, 0x00, 0x7F, 0xFC, 0x00, 0xFF, 0xDF, 0x80, 0x1F,
    0xF3, 0xF0, 0x03, 0xFC, 0x7E, 0x00, 0x7E, 0x0F, 0xC0, 0x0F, 0xC1, 0xF8, 0x01, 0xF8, 0x3F, 0x00,
    0x3F, 0x07, 0xE0, 0x07, 0xE0, 0xFC, 0x00, 0xFC, 0x1F, 0x80, 0x1F, 0x83, 0xF0, 0x03, 0xF0, 0x7E,
    0x00, 0x7E, 0x0F, 0xC0, 0x0F, 0xC1, 0xF8, 0x01, 0xF8, 0x3F, 0x00, 0x3F, 0x07, 0xE0, 0x07, 0xE0,
    0xFE, 0x00, 0xFC, 0x1F, 0xC0, 0x3F, 0x83, 0xF8, 0x07, 0xF0, 0x7F, 0x81, 0xFE, 0x07, 0xFC, 0xFF,
    0x80, 0xFF, 0xFF, 0xF0, 0x0F, 0xFF, 0xFC, 0x00, 0xFF, 0xFF, 0x00, 0x0F, 0xFF, 0xC0, 0x00, 0x7F,
    0xE0, 0x00, 0x07, 0x87, 0x00, 0x1F, 0xDF, 0x00, 0x7F, 0xFE, 0x00, 0xFF, 0xF8, 0x01, 0xEF, 0xF0,
    0x03, 0xCF, 0xC7, 0xC1, 0x07, 0x1F, 0x80, 0x00, 0x3F, 0x00, 0x01, 0xFF, 0xF8, 0x0F, 0xFB, 0xF0,
    0x1F, 0xE7, 0xE0, 0x3F, 0x8F, 0xC0, 0x7E, 0x1F, 0x80, 0xFC, 0x3F, 0x01, 0xF8, 0x7E, 0x03, 0xF0,
    0xFC, 0x07, 0xE1, 0xF8, 0x0F, 0xC3, 0xF0, 0x1F, 0x87, 0xE0, 0x3F, 0x0F, 0xC0, 0x7E, 0x1F, 0xC1,
    0xFC, 0x3F, 0x83, 0xF8, 0x7F, 0xDF, 0xF0, 0xFF, 0xFF, 0xE0, 0xFF, 0xFF, 0xC1, 0xFF, 0xFF, 0x81,
    0xFF, 0xBF, 0x01, 0xFE, 0x7E, 0x00, 0x00, 0x00, 0x03, 0xE0, 0x00, 0x00, 0x7C, 0x00, 0x00, 0x1F,
    0x80, 0x00, 0x03, 0xF0, 0x00, 0x00, 0xFF, 0xF8, 0x01, 0xFF, 0xBF, 0x00, 0x3F, 0xE7, 0xE0, 0x07,
    0xF8, 0xFC, 0x00, 0xFC, 0x1F, 0x80, 0x1F, 0x83, 0xF0, 0x03, 0xF0, 0x7E, 0x00, 0x7E, 0x0F, 0xC0,
    0x0F, 0xC1, 0xF8, 0x01, 0xF8, 0x3F, 0x00, 0x3F, 0x07, 0xE0, 0x07, 0xE0, 0xFC, 0x00, 0xFC, 0x1F,
    0x80, 0x1F, 0x83, 0xF0, 0x03, 0xF0, 0x7E, 0x00, 0x7E, 0x0F, 0xC0, 0x0F, 0xC1, 0xFC, 0x01, 0xF8,
    0x3F, 0x80, 0x7F, 0x07, 0xF0, 0x0F, 0xE0, 0xFF, 0x03, 0xFC, 0x0F, 0xF9, 0xFF, 0x01, 0xFF, 0xFF,
    0xE0, 0x1F, 0xFF, 0xF8, 0x01, 0xFF, 0xFE, 0x00, 0x1F, 0xFF, 0x80, 0x00, 0xFF, 0xC0, 0x00, 0x00,
    0x00, 0x00, 0x00, 0x00, 0x00, 0x00, 0x0F, 0x80, 0x00, 0x03, 0xF8, 0x00, 0x00, 0x7F, 0x00, 0x00,
    0x0F, 0xE0, 0x00, 0x01, 0xFC, 0x00, 0x00, 0x1F, 0x00, 0x00, 0x00, 0x00, 0x3E, 0x00, 0x00, 0xFC,
    0x00, 0x01, 0xF8, 0x00, 0x0F, 0xFF, 0xC0, 0x7F, 0xDF, 0x80, 0xFF, 0x3F, 0x01, 0xFC, 0x7E, 0x03,
    0xF0, 0xFC, 0x07, 0xE1, 0xF8, 0x0F, 0xC3, 0xF0, 0x1F, 0x87, 0xE0, 0x3F, 0x0F, 0xC0, 0x7E, 0x1F,
    0x80, 0xFC, 0x3F, 0x01, 0xF8, 0x7E, 0x03, 0xF0, 0xFE, 0x0F, 0xE1, 0xFC, 0x1F, 0xC3, 0xFE, 0xFF,
    0x87, 0xFF, 0xFF, 0x07, 0xFF, 0xFE, 0x0F, 0xFF, 0xFC, 0x0F, 0xFD, 0xF8, 0x0F, 0xE3, 0xF0, 0x00,
    0x00, 0x00, 0x00, 0x00, 0x00, 0x07, 0xC0, 0x00, 0x1F, 0xC0, 0x00, 0x3F, 0x80, 0x00, 0x7F, 0x00,
    0x00, 0xFE, 0x00, 0x00, 0xF8, 0x00, 0x00, 0x38, 0x00, 0x00, 0x07, 0x80, 0x00, 0x01, 0xFC, 0x00,
    0x00, 0x3F, 0xE0, 0x00, 0x07, 0xFE, 0x00, 0x00, 0x3F, 0x80, 0x00, 0x00, 0xF0, 0x00, 0x00, 0x00,
    0x00, 0x00, 0x00, 0x00, 0x0F, 0xF0, 0x03, 0xFD, 0xFE, 0x00, 0xFF, 0x1F, 0xE0, 0x1F, 0xC1, 0xFE,
    0x07, 0xF8, 0x3F, 0xC1, 0xFE, 0x03, 0xFC, 0x3F, 0x80, 0x3F, 0xCF, 0xF0, 0x03, 0xF9, 0xFC, 0x00,
    0x7F, 0xFF, 0x00, 0x07, 0xFF, 0xE0, 0x00, 0x7F, 0xF8, 0x00, 0x0F, 0xFE, 0x00, 0x00, 0xFF, 0xC0,
    0x00, 0x0F, 0xF0, 0x00, 0x00, 0xFE, 0x00, 0x00, 0x1F, 0x80, 0x00, 0x03, 0xF0, 0x00, 0x00, 0x7E,
    0x00, 0x00, 0x0F, 0xC0, 0x00, 0x01, 0xF8, 0x00, 0x00, 0x3F, 0x00, 0x00, 0x07, 0xE0, 0x00, 0x00,
    0xFC, 0x00, 0x00, 0x1F, 0x80, 0x00, 0x03, 0xF0, 0x00, 0x00, 0x7E, 0x00, 0x00, 0x00, 0x00, 0x00,
    0x00, 0xC0, 0x00, 0x00, 0xF0, 0x00, 0x01, 0xF8, 0x00, 0x03, 0xFC, 0x00, 0x01, 0xFF, 0x00, 0x00,
    0x7F, 0x00, 0x00, 0x1E, 0x00, 0x00, 0x06, 0x00, 0x00, 0x00, 0x00, 0x00, 0x00, 0x00, 0xFF, 0x00,
    0xFE, 0x7F, 0x00, 0xFE, 0x7F, 0x81, 0xFE, 0x3F, 0x81, 0xFC, 0x3F, 0xC1, 0xFC, 0x1F, 0xC3, 0xF8,
    0x1F, 0xC3, 0xF8, 0x0F, 0xE7, 0xF0, 0x0F, 0xE7, 0xF0, 0x0F, 0xF7, 0xF0, 0x07, 0xFF, 0xE0, 0x07,
    0xFF, 0xE0, 0x03, 0xFF, 0xC0, 0x03, 0xFF, 0xC0, 0x01, 0xFF, 0x80, 0x01, 0xFF, 0x80, 0x00, 0xFF,
    0x80, 0x00, 0xFF, 0x00, 0x00, 0x7F, 0x00, 0x00, 0x7E, 0x00, 0x00, 0xFE, 0x00, 0x00, 0xFC, 0x00,
    0x01, 0xFC, 0x00, 0x01, 0xFC, 0x00, 0x01, 0xF8, 0x00, 0x03, 0xF8, 0x00, 0x03, 0xF0, 0x00, 0x07,
    0xF0, 0x00, 0xFF, 0x80, 0x1F, 0xEF, 0xF0, 0x07, 0xF8, 0xFF, 0x00, 0xFE, 0x0F, 0xF0, 0x3F, 0xC1,
    0xFE, 0x0F, 0xF0, 0x1F, 0xE1, 0xFC, 0x01, 0xFE, 0x7F, 0x80, 0x3F, 0xCF, 0xE0, 0x03, 0xFF, 0xF8,
    0x00, 0x3F, 0xFF, 0x00, 0x03, 0xFF, 0xC0, 0x00, 0x7F, 0xF0, 0x00, 0x07, 0xFE, 0x00, 0x00, 0x7F,
    0x80, 0x00, 0x07, 0xF0, 0x00, 0x00, 0xFC, 0x00, 0x00, 0x1F, 0x80, 0x00, 0x03, 0xF0, 0x00, 0x00,
    0x7E, 0x00, 0x00, 0x0F, 0xC0, 0x00, 0x01, 0xF8, 0x00, 0x00, 0x3F, 0x00, 0x00, 0x07, 0xE0, 0x00,
    0x00, 0xFC, 0x00, 0x00, 0x1F, 0x80, 0x00, 0x03, 0xF0, 0x00, 0x00, 0x00, 0x00, 0x00, 0x00, 0x00,
    0x00, 0x01, 0xF0, 0x00, 0x00, 0x7F, 0x00, 0x00, 0x0F, 0xE0, 0x00, 0x01, 0xFC, 0x00, 0x00, 0x3F,
    0x80, 0x00, 0x03, 0xE0, 0x00, 0x7F, 0x00, 0xFF, 0x7F, 0x80, 0xFE, 0x3F, 0x80, 0xFE, 0x3F, 0xC1,
    0xFC, 0x1F, 0xC1, 0xFC, 0x1F, 0xC1, 0xF8, 0x0F, 0xE3, 0xF8, 0x0F, 0xE3, 0xF8, 0x0F, 0xF3, 0xF0,
    0x07, 0xF7, 0xF0, 0x07, 0xF7, 0xE0, 0x03, 0xFF, 0xE0, 0x03, 0xFF, 0xE0, 0x01, 0xFF, 0xC0, 0x01,
    0xFF, 0xC0, 0x00, 0xFF, 0x80, 0x00, 0xFF, 0x80, 0x00, 0x7F, 0x00, 0x00, 0x7F, 0x00, 0x00, 0x7F,
    0x00, 0x00, 0x7E, 0x00, 0x00, 0xFE, 0x00, 0x00, 0xFC, 0x7C, 0x00, 0xFC, 0xFE, 0x01, 0xFC, 0xFE,
    0x01, 0xF8, 0xFE, 0x03, 0xF8, 0xFE, 0x03, 0xF0, 0x7C, 0x00, 0x7F, 0x80, 0x00, 0x0F, 0xF8, 0x00,
    0x01, 0xFF, 0x00, 0x00, 0x1B, 0xE0, 0x00, 0x00, 0x7C, 0x00, 0x00, 0x1F, 0x00, 0x00, 0x03, 0xC0,
    0x00, 0x00, 0x70, 0x00, 0x00, 0x00, 0x00, 0x00, 0x00, 0x00, 0x01, 0xFE, 0x00, 0x7F, 0xBF, 0xC0,
    0x1F, 0xE3, 0xFC, 0x03, 0xF8, 0x3F, 0xC0, 0xFF, 0x07, 0xF8, 0x3F, 0xC0, 0x7F, 0x87, 0xF0, 0x07,
    0xF9, 0xFE, 0x00, 0x7F, 0x3F, 0x80, 0x0F, 0xFF, 0xE0, 0x00, 0xFF, 0xFC, 0x00, 0x0F, 0xFF, 0x00,
    0x01, 0xFF, 0xC0, 0x00, 0x1F, 0xF8, 0x00, 0x01, 0xFE, 0x00, 0x00, 0x1F, 0xC0, 0x00, 0x03, 0xF0,
    0x00, 0x00, 0x7E, 0x00, 0x00, 0x0F, 0xC0, 0x00, 0x01, 0xF8, 0x00, 0x00, 0x3F, 0x00, 0x00, 0x07,
    0xE0, 0x00, 0x00, 0xFC, 0x00, 0x00, 0x1F, 0x80, 0x00, 0x03, 0xF0, 0x00, 0x00, 0x7E, 0x00, 0x00,
    0x0F, 0xC0, 0x00, 0x00, 0xFF, 0x00, 0x00, 0xFF, 0x80, 0x00, 0xFF, 0x80, 0x00, 0xEF, 0x80, 0x00,
    0x0F, 0x80, 0x00, 0x1F, 0x80, 0x00, 0x3E, 0x00, 0x00, 0x3C, 0x00, 0x00, 0x18, 0x00, 0x00, 0x00,
    0x00, 0x00, 0x00, 0x00, 0x7F, 0x00, 0xFF, 0x7F, 0x80, 0xFF, 0x3F, 0x80, 0xFE, 0x3F, 0xC1, 0xFE,
    0x1F, 0xC1, 0xFC, 0x1F, 0xC1, 0xFC, 0x0F, 0xE3, 0xF8, 0x0F, 0xE3, 0xF8, 0x07, 0xF3, 0xF8, 0x07,
    0xF7, 0xF0, 0x07, 0xFF, 0xF0, 0x03, 0xFF, 0xE0, 0x03, 0xFF, 0xE0, 0x01, 0xFF, 0xC0, 0x01, 0xFF,
    0xC0, 0x00, 0xFF, 0x80, 0x00, 0xFF, 0x80, 0x00, 0x7F, 0x80, 0x00, 0x7F, 0x00, 0x00, 0x7F, 0x00,
    0x00, 0x7E, 0x00, 0x00, 0xFE, 0x00, 0x00, 0xFE, 0x00, 0x01, 0xFC, 0x00, 0x01, 0xFC, 0x00, 0x01,
    0xF8, 0x00, 0x03, 0xF8, 0x00, 0x03, 0xF0, 0x00, 0x00, 0x00, 0x00, 0x00, 0x1F, 0xBE, 0x00, 0x07,
    0xFF, 0xC0, 0x01, 0xFF, 0xF8, 0x00, 0x3F, 0xFE, 0x00, 0x07, 0x8F, 0x80, 0x00, 0x00, 0x00, 0x00,
    0x00, 0x00, 0x00, 0xFF, 0x00, 0x3F, 0xCF, 0xF0, 0x07, 0xF1, 0xFE, 0x01, 0xFE, 0x1F, 0xE0, 0x3F,
    0x81, 0xFE, 0x0F, 0xE0, 0x1F, 0xC3, 0xFC, 0x03, 0xFC, 0x7F, 0x00, 0x3F, 0xDF, 0xC0, 0x03, 0xFB,
    0xF8, 0x00, 0x3F, 0xFE, 0x00, 0x07, 0xFF, 0x80, 0x00, 0x7F, 0xF0, 0x00, 0x07, 0xFC, 0x00, 0x00,
    0x7F, 0x00, 0x00, 0x0F, 0xE0, 0x00, 0x00, 0xFC, 0x00, 0x00, 0x1F, 0x80, 0x00, 0x03, 0xF0, 0x00,
    0x00, 0x7E, 0x00, 0x00, 0x0F, 0xC0, 0x00, 0x01, 0xF8, 0x00, 0x00, 0x3F, 0x00, 0x00, 0x07, 0xE0,
    0x00, 0x00, 0xFC, 0x00, 0x00, 0x1F, 0x80, 0x00, 0x03, 0xF0, 0x00, 0x01, 0xF1, 0xC0, 0x03, 0xF9,
    0xE0, 0x07, 0xFF, 0xE0, 0x07, 0xFF, 0xC0, 0x07, 0xBF, 0xC0, 0x07, 0x9F, 0x80, 0x00, 0x07, 0x00,
    0x00, 0x00, 0x00, 0x00, 0x00, 0x00, 0xFF, 0x00, 0xFE, 0x7F, 0x01, 0xFE, 0x7F, 0x81, 0xFC, 0x3F,
    0x81, 0xFC, 0x3F, 0x83, 0xFC, 0x1F, 0xC3, 0xF8, 0x1F, 0xC3, 0xF8, 0x1F, 0xE7, 0xF0, 0x0F, 0xE7,
    0xF0, 0x0F, 0xF7, 0xE0, 0x07, 0xFF, 0xE0, 0x07, 0xFF, 0xE0, 0x03, 0xFF, 0xC0, 0x03, 0xFF, 0xC0,
    0x01, 0xFF, 0x80, 0x01, 0xFF, 0x80, 0x00, 0xFF, 0x00, 0x00, 0xFF, 0x00, 0x00, 0x7F, 0x00, 0x00,
    0x7E, 0x00, 0x00, 0xFE, 0x00, 0x00, 0xFC, 0x00, 0x01, 0xFC, 0x00, 0x01, 0xFC, 0x00, 0x01, 0xF8,
    0x00, 0x03, 0xF8, 0x00, 0x03, 0xF0, 0x00, 0x07, 0xF0, 0x00, 0xFF, 0xFF, 0xFF, 0xFF, 0xFF, 0xFF,
    0xFC, 0x00, 0x71, 0x9D, 0xC7, 0xC1, 0xC1, 0xE1, 0xFD, 0xF6, 0x59, 0x0C, 0x06, 0x03, 0x01, 0x80,
    0xC0, 0x60, 0x30, 0x18, 0x0C, 0x06, 0x03, 0x01, 0x80, 0xC0, 0x60, 0x30, 0x18, 0x0C, 0x06, 0x03,
    0x00, 0x00, 0x03, 0x80, 0x70, 0x0E, 0xFF, 0xBF, 0xEC, 0x73, 0x38, 0xC4, 0x30, 0x0C, 0x03, 0x00,
    0xC0, 0x30, 0x0C, 0x03, 0x00, 0xC0, 0x30, 0x0C, 0x03, 0x00, 0xC0, 0x30, 0x0C, 0x03, 0x00, 0xC0,
    0x30, 0x0C, 0x01, 0x00, 0x00, 0x0E, 0x0E, 0x0E, 0x0F, 0xFB, 0xFC, 0xE6, 0x3B, 0x09, 0x80, 0xC0,
    0x60, 0x30, 0x18, 0x0C, 0x06, 0x03, 0x01, 0x80, 0xC0, 0x60, 0x30, 0x18, 0x0C, 0x06, 0x03, 0x01,
    0x80, 0xC0, 0x60, 0x10, 0x00, 0x07, 0xFF, 0xFF, 0xFF, 0xFF, 0xFF, 0xFF, 0xFF, 0xFC, 0xFF, 0xFF,
    0xFF, 0xFF, 0xFF, 0xFF, 0xC0, 0x00, 0x00, 0x3F, 0xFF, 0xFF, 0xFF, 0xFF, 0xFF, 0xFF, 0xFF, 0xFF,
    0xFF, 0xFF, 0xF0, 0x00, 0x00, 0x3F, 0xFF, 0xFF, 0xFF, 0xFF, 0xFF, 0xFF, 0xFF, 0xFF, 0xFF, 0xFF,
    0xF0, 0x00, 0x00, 0x00, 0x01, 0xFF, 0xFF, 0xFF, 0xFF, 0xFF, 0xFF, 0xFF, 0xFF, 0xFF, 0xFF, 0xFF,
    0xFF, 0xFF, 0xFF, 0xFF, 0xFF, 0xFF, 0xFF, 0xFF, 0xC0, 0x00, 0x00, 0x00, 0x01, 0xFF, 0xFF, 0xFF,
    0xFF, 0xFF, 0xFF, 0xFF, 0xFF, 0xFF, 0xFF, 0xFF, 0xFF, 0xFF, 0xFF, 0xFF, 0xFF, 0xFF, 0xFF, 0xFF,
    0xC0, 0xF0, 0x3F, 0xC0, 0xFF, 0x03, 0xFC, 0x0F, 0xF0, 0x3F, 0xC0, 0xFF, 0x03, 0xFC, 0x0F, 0xF0,
    0x3F, 0xC0, 0xFF, 0x03, 0xFC, 0x0F, 0xF0, 0x3F, 0xC0, 0xFF, 0x03, 0xFC, 0x0F, 0xF0, 0x3F, 0xC0,
    0xFF, 0x03, 0xFC, 0x0F, 0xF0, 0x3F, 0xC0, 0xFF, 0x03, 0xFC, 0x0F, 0xF0, 0x3F, 0xC0, 0xFF, 0x03,
    0xFC, 0x0F, 0xF0, 0x3F, 0xC0, 0xFF, 0x03, 0xFC, 0x0F, 0xF0, 0x3F, 0xC0, 0xFF, 0x03, 0xFC, 0x0F,
    0xF0, 0x3F, 0xC0, 0xF0, 0xFF, 0xFF, 0xFF, 0xFF, 0xFF, 0xFF, 0x00, 0x00, 0x00, 0x00, 0xFF, 0xFF,
    0xFF, 0xFF, 0xFF, 0xFF, 0x0E, 0x1F, 0x3F, 0x7C, 0xF8, 0xF8, 0xF8, 0xFE, 0xFE, 0xFE, 0x7E, 0x7C,
    0x3E, 0x7E, 0x7F, 0x7F, 0x7F, 0x1F, 0x1F, 0x1F, 0x3E, 0xFC, 0xF8, 0x70, 0x3E, 0x7E, 0x7F, 0x7F,
    0x7F, 0x3F, 0x1F, 0x1F, 0x3E, 0x7C, 0xFC, 0x70, 0x00, 0xFC, 0xFC, 0x7E, 0x7E, 0x7E, 0x3E, 0x3E,
    0x1F, 0x1F, 0x0E, 0x06, 0x0F, 0x8F, 0x8F, 0xCF, 0xCF, 0x8F, 0xCF, 0x87, 0xC7, 0xC7, 0xC3, 0xE3,
    0xF1, 0xFD, 0xFC, 0xFE, 0xFF, 0x7F, 0x3F, 0x9F, 0x9F, 0xCF, 0x87, 0xC0, 0x3E, 0x3E, 0x3F, 0x3F,
    0x9F, 0xDF, 0xCF, 0xEF, 0xF7, 0xF3, 0xF8, 0xF8, 0xFC, 0x7C, 0x3E, 0x3E, 0x1E, 0x3E, 0x3F, 0x7E,
    0x3F, 0x3E, 0x1F, 0x0E, 0x06, 0x00, 0x3E, 0x3E, 0x3F, 0x3F, 0x9F, 0xDF, 0xCF, 0xEF, 0xF7, 0xF3,
    0xF9, 0xF8, 0xFC, 0x7C, 0x3E, 0x3E, 0x3E, 0x3E, 0x3F, 0x3E, 0x3F, 0x3F, 0x1F, 0x0E, 0x0F, 0x00,
    0x00, 0x00, 0xFC, 0x7E, 0x7E, 0x3F, 0x1F, 0x9F, 0x8F, 0xC7, 0xC7, 0xE3, 0xF1, 0xF1, 0xF8, 0xF8,
    0x7C, 0x3E, 0x3E, 0x1F, 0x0F, 0x00, 0x0F, 0xC0, 0x3F, 0x00, 0xFC, 0x03, 0xF0, 0x0F, 0xE3, 0xFF,
    0xFF, 0xFF, 0xFF, 0xFF, 0xFF, 0xFF, 0xFF, 0xF0, 0xFC, 0x03, 0xF0, 0x0F, 0xC0, 0x3F, 0x00, 0xFC,
    0x03, 0xF0, 0x0F, 0xC0, 0x3F, 0x00, 0xFC, 0x00, 0x0F, 0xC0, 0x3F, 0x00, 0xFC, 0x03, 0xF0, 0xFF,
    0xFF, 0xFF, 0xFF, 0xFF, 0xFF, 0xFF, 0xFF, 0xFC, 0x3F, 0x8F, 0xFF, 0xFF, 0xFF, 0xFF, 0xFF, 0xFF,
    0xFF, 0xFF, 0xC3, 0xF0, 0x0F, 0xC0, 0x3F, 0x00, 0xFC, 0x03, 0xF0, 0x0F, 0xC0, 0x3F, 0x1F, 0xEF,
    0xFF, 0xFF, 0xFF, 0xFF, 0xFF, 0xFF, 0xFF, 0x7F, 0x8F, 0xC0, 0x00, 0x0C, 0x00, 0xE0, 0x0F, 0x80,
    0xFE, 0x0F, 0xF0, 0xFF, 0xCF, 0xFF, 0xFF, 0xEF, 0xFC, 0xFF, 0x0F, 0xC0, 0xF8, 0x0E, 0x00, 0x80,
    0x00, 0x7B, 0xFF, 0xFF, 0xFD, 0xE0, 0x78, 0x0F, 0x7E, 0x0F, 0xFF, 0x07, 0xFF, 0x83, 0xFF, 0xC1,
    0xFB, 0xC0, 0x78, 0x78, 0x3C, 0x1E, 0x7E, 0x3F, 0x1F, 0xBF, 0x1F, 0x8F, 0xDF, 0x8F, 0xC7, 0xEF,
    0xC7, 0xE3, 0xF7, 0xE3, 0xF1, 0xF9, 0xE0, 0xF0, 0x78, 0x7B, 0xFF, 0xFF, 0xFD, 0xE0, 0xFF, 0xFF,
    0xB0, 0x18, 0x0C, 0x06, 0x03, 0x01, 0x80, 0xC0, 0x60, 0x30, 0x18, 0x0C, 0x06, 0x03, 0x01, 0x80,
    0xC0, 0x60, 0x30, 0x18, 0x0C, 0x06, 0x03, 0x01, 0x80, 0xC0, 0x60, 0x30, 0x18, 0x00, 0xFF, 0xFF,
    0xC0, 0x60, 0x30, 0x18, 0x0C, 0x06, 0x03, 0x01, 0x80, 0xC0, 0x60, 0x30, 0x18, 0x0C, 0x06, 0x03,
    0x01, 0x80, 0xC0, 0x60, 0x30, 0x18, 0x0C, 0x06, 0x03, 0x01, 0x80, 0xC0, 0x60, 0x30, 0xFF, 0xFF,
    0xFF, 0xFF, 0xFF, 0xFF, 0xFF, 0xFF, 0xFF, 0x18, 0x0C, 0x06, 0x03, 0x01, 0x80, 0xC0, 0x60, 0x30,
    0x18, 0x0C, 0x06, 0x03, 0x01, 0x80, 0xC0, 0x60, 0x30, 0x18, 0x0C, 0x06, 0x03, 0x01, 0x80, 0xC0,
    0x60, 0xFF, 0xFF, 0xEC, 0x03, 0x00, 0xC0, 0x30, 0x0C, 0x03, 0xFF, 0x7F, 0x83, 0x00, 0xC0, 0x30,
    0x0C, 0x03, 0x00, 0xC0, 0x30, 0x0C, 0x03, 0x00, 0xC0, 0x30, 0x0C, 0x03, 0x00, 0xC0, 0x30, 0x0C,
    0x03, 0x00, 0xC0, 0x30, 0x0C, 0x03, 0x00, 0xC0, 0x30, 0xFF, 0xBF, 0xC0, 0x60, 0x30, 0x18, 0x0C,
    0x07, 0xFF, 0x7F, 0x86, 0x03, 0x01, 0x80, 0xC0, 0x60, 0x30, 0x18, 0x0C, 0x06, 0x03, 0x01, 0x80,
    0xC0, 0x60, 0x30, 0x18, 0x0C, 0x06, 0x03, 0x01, 0x80, 0xC0, 0x60, 0x30, 0x18, 0x0F, 0x80, 0x00,
    0x00, 0x00, 0x00, 0x3F, 0xE0, 0x07, 0xF0, 0x00, 0x00, 0x7F, 0xF0, 0x07, 0xE0, 0x00, 0x00, 0x7F,
    0xF0, 0x0F, 0xC0, 0x00, 0x00, 0xFF, 0xF8, 0x1F, 0xC0, 0x00, 0x00, 0xFD, 0xF8, 0x1F, 0x80, 0x00,
    0x00, 0xF8, 0xF8, 0x3F, 0x00, 0x00, 0x00, 0xF8, 0xF8, 0x7F, 0x00, 0x00, 0x00, 0xF8, 0xF8, 0x7E,
    0x00, 0x00, 0x00, 0xFD, 0xF8, 0xFC, 0x00, 0x00, 0x00, 0xFD, 0xF9, 0xFC, 0x00, 0x00, 0x00, 0xFF,
    0xF1, 0xF8, 0x00, 0x00, 0x00, 0x7F, 0xF3, 0xF3, 0xFC, 0x03, 0xF8, 0x3F, 0xE7, 0xF7, 0xFE, 0x0F,
    0xFC, 0x1F, 0xC7, 0xEF, 0xFF, 0x1F, 0xFE, 0x00, 0x0F, 0xCF, 0xFF, 0x1F, 0xFE, 0x00, 0x0F, 0xDF,
    0xDF, 0xBF, 0xBF, 0x00, 0x1F, 0x9F, 0x9F, 0xBF, 0x3F, 0x00, 0x3F, 0x1F, 0x0F, 0xBE, 0x1F, 0x00,
    0x3F, 0x1F, 0x0F, 0xBE, 0x1F, 0x00, 0x7E, 0x1F, 0x0F, 0xBE, 0x1F, 0x00, 0xFC, 0x1F, 0x9F, 0xBF,
    0x3F, 0x00, 0xF8, 0x1F, 0xDF, 0xBF, 0xBF, 0x01, 0xF8, 0x0F, 0xFF, 0x1F, 0xFE, 0x03, 0xF0, 0x0F,
    0xFF, 0x1F, 0xFE, 0x03, 0xE0, 0x07, 0xFE, 0x0F, 0xFC, 0x07, 0xE0, 0x01, 0xF8, 0x03, 0xF0, 0x1F,
    0xC0, 0x07, 0xC0, 0x00, 0x00, 0x00, 0x01, 0xFF, 0x00, 0x7C, 0x00, 0x00, 0x00, 0x00, 0x1F, 0xFC,
    0x03, 0xE0, 0x00, 0x00, 0x00, 0x01, 0xFF, 0xE0, 0x3E, 0x00, 0x00, 0x00, 0x00, 0x0F, 0xDF, 0x83,
    0xE0, 0x00, 0x00, 0x00, 0x00, 0x7E, 0xFC, 0x1F, 0x00, 0x00, 0x00, 0x00, 0x03, 0xE3, 0xE1, 0xF0,
    0x00, 0x00, 0x00, 0x00, 0x1F, 0x1F, 0x0F, 0x80, 0x00, 0x00, 0x00, 0x00, 0xF8, 0xF8, 0xF8, 0x00,
    0x00, 0x00, 0x00, 0x07, 0xC7, 0xC7, 0xC7, 0x00, 0x1C, 0x00, 0x78, 0x3F, 0x7E, 0x7C, 0xFE, 0x03,
    0xF8, 0x0F, 0xF1, 0xFB, 0xF3, 0xEF, 0xF8, 0x3F, 0xE0, 0xFF, 0xCF, 0xFF, 0xBE, 0xFF, 0xE3, 0xFF,
    0x8F, 0xFF, 0x3F, 0xFB, 0xEF, 0xFF, 0xBF, 0xFE, 0xFF, 0xF8, 0xFF, 0x9F, 0x7E, 0xFD, 0xFB, 0xF7,
    0xEF, 0xE3, 0xF9, 0xF3, 0xF7, 0xEF, 0xDF, 0xBF, 0x3F, 0x00, 0x0F, 0x9F, 0x1F, 0x7C, 0x7D, 0xF9,
    0xF8, 0x00, 0xF8, 0xF8, 0xFB, 0xE3, 0xEF, 0x87, 0xC0, 0x07, 0xC7, 0xC7, 0xDF, 0x1F, 0x7C, 0x3E,
    0x00, 0x7C, 0x3E, 0x3E, 0xF8, 0xFB, 0xE1, 0xF0, 0x03, 0xE1, 0xF1, 0xF7, 0xC7, 0xDF, 0x9F, 0x80,
    0x3E, 0x0F, 0xDF, 0xBF, 0x7E, 0xFC, 0xFC, 0x03, 0xE0, 0x7E, 0xFD, 0xFB, 0xF7, 0xEF, 0xE0, 0x1F,
    0x01, 0xFF, 0xC7, 0xFF, 0x1F, 0xFE, 0x01, 0xF0, 0x0F, 0xFE, 0x3F, 0xF8, 0xFF, 0xF0, 0x0F, 0x80,
    0x3F, 0xE0, 0xFF, 0x83, 0xFF, 0x00, 0xF8, 0x00, 0xFE, 0x03, 0xF8, 0x0F, 0xF0, 0x07, 0xE1, 0xF8,
    0x3E, 0x0F, 0xC1, 0xF0, 0x7C, 0x0F, 0x83, 0xE0, 0x78, 0x0F, 0x00, 0x7F, 0x7F, 0x3F, 0x3F, 0x9F,
    0x9F, 0xCF, 0xCF, 0xC7, 0xE7, 0xE3, 0xE3, 0xF1, 0xF1, 0xF1, 0xF8, 0xF8, 0xF8, 0x7C, 0x7C, 0x3C,
    0x00, 0x07, 0xE7, 0xE3, 0xE0, 0xFC, 0x7C, 0x7E, 0x0F, 0x8F, 0xC7, 0xC1, 0xF8, 0xF8, 0xF8, 0x1F,
    0x1F, 0x8F, 0x81, 0xF1, 0xF1, 0xF0, 0x3E, 0x3E, 0x1F, 0x03, 0xC3, 0xE3, 0xE0, 0x7C, 0x7C, 0x3C,
    0x07, 0x87, 0x87, 0xC0, 0x7E, 0x0F, 0xC0, 0xFC, 0x0F, 0x81, 0xF8, 0x1F, 0x01, 0xF0, 0x3E, 0x03,
    0xE0, 0x3C, 0x7E, 0x7E, 0x07, 0xE3, 0xE0, 0x3F, 0x3F, 0x01, 0xF1, 0xF0, 0x1F, 0x8F, 0x80, 0xF8,
    0xF8, 0x07, 0xC7, 0xC0, 0x7C, 0x3C, 0x03, 0xE3, 0xE0, 0x1E, 0x1E, 0x7E, 0x7E, 0x7E, 0x07, 0xE3,
    0xE3, 0xF0, 0x3F, 0x3F, 0x1F, 0x01, 0xF1, 0xF1, 0xF8, 0x1F, 0x8F, 0x8F, 0x80, 0xF8, 0xF8, 0x7C,
    0x07, 0xC7, 0xC7, 0xC0, 0x7C, 0x3C, 0x3E, 0x03, 0xE3, 0xE3, 0xE0, 0x1E, 0x1E, 0x1F, 0x03, 0x80,
    0x0F, 0x80, 0x1F, 0x00, 0x7F, 0x00, 0xFE, 0x03, 0xDE, 0x07, 0xBC, 0x1E, 0x3C, 0x3C, 0x78, 0x70,
    0x79, 0xE0, 0xF3, 0x80, 0xF0, 0x00, 0x00, 0x60, 0x1F, 0x07, 0xE1, 0xFC, 0x3F, 0x0F, 0xC3, 0xF8,
    0xFE, 0x1F, 0x83, 0xF8, 0x3F, 0x83, 0xF0, 0x3F, 0x07, 0xF0, 0x7E, 0x07, 0xC0, 0x60, 0x00, 0x00,
    0x00, 0x07, 0x01, 0xF0, 0x7F, 0x07, 0xE0, 0x7E, 0x0F, 0xE0, 0xFE, 0x0F, 0xC1, 0xFC, 0x7F, 0x0F,
    0xC3, 0xF8, 0xFE, 0x1F, 0x87, 0xE0, 0x78, 0x03, 0x00, 0x00, 0x0F, 0x00, 0x03, 0x81, 0xF8, 0x1C,
    0x7C, 0x1F, 0x83, 0xE7, 0xE1, 0xF8, 0x7E, 0x7F, 0x1F, 0x8F, 0xE3, 0xFC, 0xF1, 0xFC, 0x1F, 0xE0,
    0x7F, 0x80, 0x7F, 0x0F, 0xF0, 0x03, 0xF9, 0xFC, 0x00, 0x1F, 0xFF, 0x80, 0x78, 0xFF, 0xF1, 0xEF,
    0xC7, 0xFE, 0x3F, 0xFC, 0x3F, 0xC3, 0xFF, 0xC3, 0xFC, 0x3F, 0xFC, 0x7F, 0xE3, 0xF7, 0x8F, 0xFF,
    0x1E, 0x01, 0xFF, 0xF8, 0x00, 0x3F, 0x9F, 0xC0, 0x07, 0xF0, 0xFE, 0x00, 0xFE, 0x07, 0xF0, 0x1F,
    0xC0, 0x3F, 0x83, 0xF8, 0xF1, 0xFC, 0x7F, 0x1F, 0x8F, 0xE7, 0xE1, 0xF8, 0x7E, 0x3C, 0x1F, 0x83,
    0xE1, 0x81, 0xF8, 0x1C, 0x00, 0x0F, 0x00, 0x00, 0xFC, 0x1F, 0xFE, 0x0F, 0xFF, 0x07, 0xFF, 0x83,
    0xFF, 0xC1, 0xFF, 0xE0, 0xFF, 0xF0, 0x7F, 0xF8, 0x3F, 0xFC, 0x1F, 0xFE, 0x0F, 0xFF, 0x07, 0xFF,
    0x83, 0xFF, 0xC1, 0xFF, 0xE0, 0xFF, 0xF0, 0x7F, 0xF8, 0x3F, 0xFC, 0x1F, 0xFE, 0x0F, 0xC0, 0x00,
    0x00, 0x00, 0x00, 0x00, 0x03, 0xC0, 0x7B, 0xF0, 0x7F, 0xF8, 0x3F, 0xFC, 0x1F, 0xFE, 0x0F, 0xDE,
    0x03, 0xC0, 0x0F, 0xF8, 0x3F, 0xFF, 0x3F, 0xFF, 0xCF, 0xFF, 0xF7, 0xFF, 0xF9, 0xFC, 0xFC, 0x1E,
    0x3E, 0x0F, 0x1F, 0x07, 0x9F, 0x83, 0xDF, 0xC1, 0xFF, 0xC0, 0xFF, 0xC0, 0x7F, 0xC0, 0x3F, 0xC0,
    0x1F, 0x80, 0x0F, 0x80, 0x07, 0xC0, 0x03, 0xE0, 0x00, 0x00, 0x00, 0x00, 0x00, 0x00, 0x00, 0x1E,
    0x00, 0x1F, 0x80, 0x0F, 0xC0, 0x07, 0xE0, 0x03, 0xF0, 0x00, 0xF0, 0x00, 0xFF, 0xFF, 0xFF, 0xFF,
    0xFF, 0xFF, 0xFF, 0xFF, 0xFF, 0xFF, 0xFF, 0xFE, 0x60, 0x00, 0x0C, 0xE0, 0x00, 0x39, 0xC0, 0x00,
    0xF1, 0xC0, 0x03, 0xC1, 0xE0, 0x0F, 0x01, 0xFF, 0xFC, 0x01, 0xFF, 0xF0, 0x00, 0xFF, 0x80, 0x00,
    0x10, 0x00, 0x07, 0xFE, 0x00, 0x1F, 0xFF, 0x00, 0xFE, 0x3F, 0x03, 0xE0, 0x0F, 0x07, 0x00, 0x07,
    0x1C, 0x00, 0x07, 0x30, 0x00, 0x0E, 0x60, 0x00, 0x08, 0x00, 0x0E, 0x00, 0x1E, 0x00, 0x1C, 0x00,
    0x3C, 0x00, 0x38, 0x00, 0x78, 0x00, 0x70, 0x00, 0xF0, 0x00, 0xF0, 0x01, 0xE0, 0x01, 0xE0, 0x03,
    0xC0, 0x03, 0xC0, 0x07, 0x80, 0x07, 0xC0, 0x0F, 0xC0, 0x0F, 0xE0, 0x0E, 0xE0, 0x1E, 0xF0, 0x1C,
    0x70, 0x3C, 0x78, 0x38, 0x38, 0x78, 0x3C, 0x70, 0x1C, 0x00, 0x00, 0x3F, 0x00, 0x00, 0x00, 0x00,
    0x0F, 0x80, 0x00, 0x00, 0x00, 0x03, 0xE0, 0x00, 0x00, 0x00, 0x00, 0xF8, 0x00, 0x00, 0x00, 0x00,
    0x1E, 0x00, 0x00, 0x00, 0x03, 0xC7, 0x8F, 0x00, 0x00, 0x00, 0xFF, 0xFF, 0xC0, 0x00, 0x00, 0x3F,
    0xFF, 0xF0, 0x00, 0x00, 0x0F, 0xFF, 0xFC, 0x00, 0x00, 0x03, 0xFF, 0xFF, 0x00, 0x00, 0x00, 0x07,
    0xF8, 0x00, 0x00, 0x00, 0x03, 0xFE, 0x00, 0x00, 0x00, 0x00, 0xFF, 0xC0, 0x00, 0x00, 0x00, 0x7D,
    0xF8, 0x00, 0x00, 0x00, 0x3F, 0x3F, 0x00, 0x00, 0x00, 0x0F, 0xCF, 0xC0, 0x00, 0x01, 0xF1, 0xE1,
    0xC3, 0xE0, 0x00, 0xFC, 0x18, 0x40, 0xF8, 0x00, 0x1F, 0x00, 0x00, 0x3E, 0x00, 0x07, 0xC0, 0x00,
    0x0F, 0x80, 0x01, 0xF0, 0x00, 0x03, 0xE0, 0x38, 0x78, 0x30, 0x30, 0xF8, 0x6F, 0xDE, 0xFC, 0x1F,
    0xBE, 0xFB, 0xFF, 0xFF, 0x07, 0xFF, 0xFF, 0xFF, 0xFF, 0xC1, 0xFF, 0xFF, 0xFF, 0xFF, 0xF8, 0x7F,
    0xFF, 0xF3, 0xFF, 0xF8, 0x07, 0xFF, 0xF0, 0x1F, 0xE0, 0x00, 0x3F, 0xC0, 0x0F, 0xFC, 0x00, 0x0F,
    0xF8, 0x03, 0xFF, 0x80, 0x07, 0xFF, 0x01, 0xFB, 0xE0, 0x03, 0xF7, 0xE0, 0xFC, 0xFC, 0x01, 0xF9,
    0xF8, 0x1F, 0x1F, 0x00, 0x3E, 0x3E, 0x03, 0x87, 0x00, 0x03, 0x0E, 0x00, 0x00, 0x00, 0x00, 0x00,
    0x00, 0xFF, 0xFF, 0xFF, 0xFF, 0xFF, 0xFF, 0xC0, 0x00, 0x00, 0x3F, 0x00, 0x00, 0x7E, 0x00, 0x00,
    0xFE, 0x00, 0x00, 0xFC, 0x00, 0x01, 0xF8, 0x00, 0x03, 0xF8, 0x00, 0x03, 0xF0, 0x00, 0x07, 0xE0,
    0x00, 0x0F, 0xE0, 0x00, 0x0F, 0xC0, 0x00, 0x1F, 0x80, 0x00, 0x3F, 0x80, 0x00, 0x3F, 0x00, 0x00,
    0x7E, 0x00, 0x00, 0xFC, 0x00, 0x00, 0xFC, 0x00, 0x01, 0xF8, 0x00, 0x03, 0xF0, 0x00, 0x03, 0xF0,
    0x00, 0x07, 0xE0, 0x00, 0x0F, 0xC0, 0x00, 0x1F, 0xC0, 0x00, 0x1F, 0x80, 0x00, 0x3F, 0x00, 0x00,
    0x7F, 0x00, 0x00, 0x7E, 0x00, 0x00, 0xFF, 0xFF, 0xFF, 0xFF, 0xFF, 0xFF, 0xC3, 0xE1, 0xF0, 0xF8,
    0x7C, 0x3E, 0x1F, 0x0F, 0x87, 0xC3, 0xFF, 0xFF, 0xFF, 0xFF, 0xFF, 0xFF, 0x0F, 0x87, 0xC3, 0xE1,
    0xF0, 0xF8, 0x7C, 0x3E, 0x1F, 0x0F, 0x87, 0xFF, 0xFF, 0xFF, 0xFF, 0xFF, 0xC0, 0xFF, 0xFF, 0xFF,
    0xFF, 0xFF, 0xF8, 0x7C, 0x3E, 0x1F, 0x0F, 0x87, 0xC3, 0xE1, 0xF0, 0xF8, 0x7F, 0xFF, 0xFF, 0xFF,
    0xFF, 0xFF, 0xE1, 0xF0, 0xF8, 0x7C, 0x3E, 0x1F, 0x0F, 0x87, 0xC3, 0xE1, 0xF0, 0xFF, 0xFF, 0xFF,
    0xFF, 0xFF, 0xFF, 0xC0, 0x0F, 0xFC, 0x03, 0xFF, 0x07, 0xFF, 0xF1, 0xFF, 0xFC, 0xFF, 0xFF, 0xBF,
    0xFF, 0xE7, 0xFF, 0xF9, 0xFF, 0xFE, 0x7F, 0xFF, 0xDF, 0xFF, 0xF3, 0x81, 0xFC, 0xE0, 0x7F, 0x00,
    0x0F, 0xC0, 0x03, 0xF0, 0x00, 0xFC, 0x00, 0x3F, 0x00, 0x1F, 0xC0, 0x07, 0xF0, 0x03, 0xFC, 0x00,
    0xFF, 0x00, 0x7F, 0x80, 0x1F, 0xE0, 0x0F, 0xF0, 0x03, 0xFC, 0x01, 0xFE, 0x00, 0x7F, 0x80, 0x3F,
    0xC0, 0x0F, 0xF0, 0x03, 0xF0, 0x00, 0xFC, 0x00, 0x3E, 0x00, 0x0F, 0x80, 0x03, 0xC0, 0x00, 0xF0,
    0x00, 0x3C, 0x00, 0x0F, 0x00, 0x00, 0x00, 0x00, 0x00, 0x00, 0x00, 0x00, 0x00, 0x00, 0x00, 0x00,
    0x00, 0x00, 0x00, 0x3C, 0x00, 0x0F, 0x00, 0x07, 0xE0, 0x01, 0xF8, 0x00, 0x7E, 0x00, 0x1F, 0x80,
    0x07, 0xE0, 0x01, 0xF8, 0x00, 0x7E, 0x00, 0x1F, 0x80, 0x03, 0xC0, 0x00, 0xF0, 0x00, 0x0F, 0xFC,
    0x07, 0xEF, 0xFF, 0xE0, 0xFD, 0xFF, 0xFE, 0x1F, 0xBF, 0xFF, 0xC3, 0xF7, 0xFF, 0xFC, 0x7E, 0x70,
    0x3F, 0x8F, 0xC0, 0x03, 0xF1, 0xF8, 0x00, 0x7E, 0x3F, 0x00, 0x1F, 0xC7, 0xE0, 0x07, 0xF0, 0xFC,
    0x01, 0xFE, 0x1F, 0x80, 0x7F, 0x83, 0xF0, 0x1F, 0xE0, 0x7E, 0x07, 0xF8, 0x0F, 0xC0, 0xFC, 0x01,
    0xF8, 0x1F, 0x00, 0x3F, 0x03, 0xC0, 0x07, 0xE0, 0x78, 0x00, 0xFC, 0x00, 0x00, 0x00, 0x00, 0x00,
    0x00, 0x00, 0x00, 0x00, 0x00, 0x07, 0x80, 0x0F, 0x81, 0xF8, 0x03, 0xF8, 0x3F, 0x00, 0x7F, 0x07,
    0xE0, 0x0F, 0xE0, 0xFC, 0x01, 0xFC, 0x0F, 0x00, 0x1F, 0x00, 0xFC, 0x1F, 0xFC, 0x3F, 0x1F, 0xFF,
    0xCF, 0xCF, 0xFF, 0xFB, 0xF1, 0xFF, 0xFF, 0xFC, 0x7F, 0xFF, 0xFF, 0x0E, 0x07, 0xFF, 0xC0, 0x00,
    0xFF, 0xF0, 0x00, 0x3F, 0xFC, 0x00, 0x1F, 0xFF, 0x00, 0x0F, 0xFF, 0xC0, 0x07, 0xFB, 0xF0, 0x03,
    0xFC, 0xFC, 0x01, 0xFE, 0x3F, 0x00, 0xFF, 0x0F, 0xC0, 0x3F, 0x03, 0xF0, 0x0F, 0x80, 0xFC, 0x03,
    0xC0, 0x3F, 0x00, 0xF0, 0x00, 0x00, 0x00, 0x00, 0x00, 0x00, 0x00, 0x00, 0x00, 0x00, 0x1E, 0x00,
    0xF0, 0x0F, 0xC0, 0x7E, 0x03, 0xF0, 0x1F, 0x80, 0xFC, 0x07, 0xE0, 0x3F, 0x01, 0xF8, 0x07, 0x80,
    0x3C, 0x00, 0xFF, 0xFF, 0xFF, 0xFF, 0xFF, 0xFF, 0xFF, 0xFF, 0xFF, 0xFF, 0xFF, 0xC0, 0x07, 0xE0,
    0x01, 0xF0, 0x00, 0xFC, 0x00, 0x3E, 0x00, 0x1F, 0x80, 0x0F, 0xC0, 0x03, 0xF0, 0x01, 0xF8, 0x00,
    0x7E, 0x00, 0x3F, 0x00, 0x1F, 0x80, 0x07, 0xE0, 0x03, 0xF0, 0x00, 0xFC, 0x00, 0x7E, 0x00, 0x3F,
    0x80, 0x00, 0xFF, 0xFF, 0x0F, 0xFF, 0xF8, 0xFF, 0xFF, 0xCE, 0x3F, 0xFE, 0xE3, 0xFF, 0xEE, 0x3F,
    0xFE, 0xE3, 0xFF, 0xFE, 0x3F, 0xFF, 0xE3, 0xFF, 0xFE, 0x3F, 0xFF, 0xE3, 0xFF, 0xFE, 0x3F, 0xFF,
    0xE3, 0xFF, 0xFE, 0x3F, 0xFE, 0xE3, 0xFF, 0xEE, 0x3F, 0xFC, 0xE3, 0xFF, 0xCE, 0x3F, 0xF0, 0xE3,
    0xB8, 0x0E, 0x38, 0x00, 0xE3, 0x80, 0x0E, 0x38, 0x00, 0xE3, 0x80, 0x0E, 0x38, 0x00, 0xE3, 0x80,
    0x0E, 0x38, 0x00, 0xE3, 0x80, 0x0E, 0x38, 0x00, 0xE3, 0x80, 0x0E, 0x38, 0x00, 0xE3, 0x80, 0x0E,
    0x38, 0x00, 0xE3, 0x80, 0x00, 0x0F, 0xFF, 0xE7, 0xFF, 0xFD, 0xFF, 0xFF, 0xBF, 0xFF, 0xFF, 0xFF,
    0x8F, 0xFF, 0xF1, 0xFF, 0xFE, 0x3F, 0xFF, 0xC7, 0xFF, 0xF8, 0xFF, 0xFF, 0x1F, 0xFF, 0xE3, 0xFF,
    0xFC, 0x7F, 0xFF, 0x8F, 0xFF, 0xF1, 0xFF, 0xFE, 0x3B, 0xFF, 0xFF, 0x7F, 0xFF, 0xE7, 0xFF, 0xFC,
    0x3F, 0xFF, 0x80, 0xFF, 0xFE, 0x1F, 0xFF, 0xF3, 0xFF, 0xFF, 0x7F, 0xFF, 0xEE, 0x3F, 0xFF, 0xC7,
    0xFF, 0xF8, 0xFF, 0xFF, 0x1F, 0xFF, 0xE3, 0xFF, 0xFC, 0x7F, 0xFF, 0x8F, 0xFF, 0xF1, 0xFF, 0xFE,
    0x3F, 0xFF, 0xC7, 0xFF, 0xF8, 0xFF, 0xFF, 0xFF, 0xFE, 0xFF, 0xFF, 0xDF, 0xFF, 0xF3, 0xFF, 0xF8,
    0x00, 0x03, 0xF0, 0x00, 0x3E, 0x00, 0x07, 0xC0, 0x00, 0xF8, 0x00, 0x1E, 0x01, 0xE3, 0xC7, 0xBF,
    0xFF, 0xF7, 0xFF, 0xFE, 0xFF, 0xFF, 0xDF, 0xFF, 0xF8, 0x1F, 0xE0, 0x03, 0xFE, 0x00, 0xFF, 0xC0,
    0x3F, 0xFC, 0x0F, 0xCF, 0xC1, 0xF9, 0xF8, 0x1E, 0x1E, 0x00, 0xC3, 0x00, 0x79, 0xFB, 0xF7, 0xEF,
    0xCF, 0x00, 0x00, 0x00, 0x00, 0x00, 0x00, 0x00, 0x00, 0x00, 0xFD, 0xFB, 0xF3, 0xE7, 0xCF, 0xCF,
    0x9F, 0x1E, 0x01, 0xFF, 0x00, 0x0F, 0xFF, 0x80, 0x3F, 0xFF, 0x80, 0xF0, 0x07, 0x83, 0x80, 0x07,
    0x8E, 0x00, 0x07, 0x9C, 0x00, 0x07, 0x30, 0x00, 0x06, 0x00, 0x00, 0x00, 0x00, 0x00, 0x00, 0x00,
    0x00, 0x00, 0x00, 0x00, 0x00, 0x00, 0x00, 0x00, 0x00, 0x00, 0x00, 0x00, 0x00, 0x00, 0x00, 0x00,
    0x00, 0x00, 0x00, 0x00, 0x00, 0x00, 0x00, 0x00, 0x00, 0x00, 0x00, 0x00, 0x00, 0x00, 0x00, 0x00,
    0x00, 0x00, 0x00, 0x00, 0x00, 0x00, 0x00, 0x00, 0x00, 0x00, 0x00, 0x00, 0x00, 0x00, 0x00, 0x00,
    0x00, 0x00, 0x00, 0x00, 0x00, 0x00, 0x00, 0x00, 0x00, 0x00, 0x00, 0x30, 0x00, 0x06, 0x70, 0x00,
    0x1C, 0xE0, 0x00, 0x78, 0xE0, 0x01, 0xE0, 0xF0, 0x07, 0x80, 0xFF, 0xFE, 0x00, 0xFF, 0xF8, 0x00,
    0x7F, 0xC0, 0x00, 0x03, 0xF0, 0x00, 0x3E, 0x00, 0x07, 0xC0, 0x00, 0xF8, 0x00, 0x1E, 0x01, 0xE3,
    0xC7, 0xBF, 0xFF, 0xF7, 0xFF, 0xFE, 0xFF, 0xFF, 0xDF, 0xFF, 0xF8, 0x1F, 0xE0, 0x03, 0xFE, 0x00,
    0xFF, 0xC0, 0x3F, 0xFC, 0x0F, 0xCF, 0xC1, 0xF9, 0xF8, 0x0E, 0x1E, 0x00, 0x43, 0x00, 0x00, 0x00,
    0x01, 0xF8, 0x00, 0x1F, 0x00, 0x03, 0xE0, 0x00, 0x7C, 0x00, 0x0F, 0x00, 0xF1, 0xE3, 0xDF, 0xFF,
    0xFB, 0xFF, 0xFF, 0x7F, 0xFF, 0xEF, 0xFF, 0xFC, 0x0F, 0xF0, 0x01, 0xFF, 0x00, 0x7F, 0xE0, 0x1F,
    0xFE, 0x07, 0xE7, 0xE0, 0xFC, 0xFC, 0x0F, 0x0F, 0x00, 0x61, 0x80, 0x3C, 0x1F, 0x7E, 0x1F, 0x7E,
    0x3E, 0x7E, 0x3E, 0x7E, 0x3C, 0x3C, 0x7C, 0x00, 0x7C, 0x00, 0xF8, 0x00, 0xF8, 0x00, 0xF0, 0x01,
    0xF0, 0x01, 0xF0, 0x03, 0xE0, 0x03, 0xE0, 0x03, 0xC0, 0x07, 0xC0, 0x07, 0xC0, 0x0F, 0x80, 0x0F,
    0x80, 0x0F, 0x00, 0x1F, 0x00, 0x1F, 0x1E, 0x3E, 0x3F, 0x3E, 0x3F, 0x3C, 0x3F, 0x7C, 0x3F, 0x7C,
    0x1E, 0x01, 0xF0, 0x00, 0x00, 0x00, 0xFF, 0xF8, 0x00, 0x0F, 0x1F, 0xFF, 0xFC, 0x01, 0xE3, 0xFF,
    0xFF, 0xFF, 0xFE, 0x7F, 0xFF, 0xFF, 0xFF, 0xC7, 0xE3, 0xFF, 0xFF, 0xFC, 0xF0, 0x00, 0xFF, 0xFF,
    0x8F, 0x00, 0x00, 0xFF, 0xE0, 0x00, 0x10, 0x00, 0x07, 0xFE, 0x00, 0x1F, 0xFF, 0x00, 0xFE, 0x3F,
    0x03, 0xE0, 0x0F, 0x07, 0x00, 0x07, 0x1C, 0x00, 0x07, 0x30, 0x00, 0x0E, 0x60, 0x00, 0x08, 0x00,
    0xE0, 0x00, 0x1C, 0x00, 0x63, 0x8C, 0x1E, 0x73, 0xC3, 0xEE, 0xF8, 0x3F, 0xFE, 0x03, 0xFF, 0x80,
    0x3F, 0xE0, 0xFF, 0xFF, 0xFF, 0xFF, 0xFF, 0xFF, 0xFF, 0x83, 0xFE, 0x00, 0xFF, 0xE0, 0x3F, 0xFE,
    0x0F, 0xBB, 0xE1, 0xE7, 0x3C, 0x18, 0xE3, 0x00, 0x1C, 0x00, 0x03, 0x80, 0x00, 0x00, 0x0F, 0x00,
    0x0F, 0xC0, 0x07, 0xE0, 0x03, 0xF0, 0x01, 0xF8, 0x00, 0x78, 0x00, 0x00, 0x00, 0x00, 0x00, 0x00,
    0x00, 0x00, 0x00, 0x00, 0x0F, 0x00, 0x0F, 0xC0, 0x07, 0xE0, 0x03, 0xF0, 0x01, 0xF8, 0x00, 0x78,
    0x00, 0x00, 0x00, 0x00, 0x00, 0x00, 0x00, 0x00, 0x00, 0x00, 0x00, 0x00, 0x00, 0x00, 0x00, 0x1E,
    0x00, 0x1F, 0x80, 0x0F, 0xC0, 0x07, 0xE0, 0x03, 0xF0, 0x00, 0xF0, 0x07, 0xE7, 0xE7, 0xE7, 0xC1,
    0xF9, 0xF9, 0xF9, 0xF8, 0x3E, 0x3E, 0x3E, 0x3E, 0x0F, 0xCF, 0xCF, 0xCF, 0xC1, 0xF1, 0xF1, 0xF1,
    0xF0, 0x3E, 0x7E, 0x7C, 0x7C, 0x0F, 0x8F, 0x8F, 0x8F, 0x81, 0xE3, 0xE3, 0xE3, 0xE0, 0x7C, 0x7C,
    0x7C, 0x78, 0x0F, 0x1F, 0x1F, 0x1F, 0x00, 0x00, 0x0F, 0x00, 0x00, 0x01, 0xF8, 0x00, 0x00, 0x1F,
    0x80, 0x00, 0x01, 0xF8, 0x00, 0x00, 0x1F, 0x80, 0x00, 0x00, 0xF0, 0x00, 0x00, 0x00, 0x00, 0x00,
    0x00, 0x00, 0x00, 0x00, 0x00, 0x00, 0x00, 0x00, 0x00, 0x00, 0x00, 0x00, 0x00, 0x07, 0x80, 0x00,
    0x1E, 0xFC, 0x00, 0x03, 0xFF, 0xC0, 0x00, 0x3F, 0xFC, 0x00, 0x03, 0xFF, 0xC0, 0x00, 0x3F, 0x78,
    0x00, 0x01, 0xE0, 0x00, 0x00, 0x00, 0x00, 0x00, 0x00, 0x00, 0x00, 0x00, 0x00, 0x00, 0x00, 0x00,
    0x00, 0x00, 0x00, 0x00, 0x00, 0x00, 0x00, 0x00, 0x00, 0xF0, 0x00, 0x00, 0x1F, 0x80, 0x00, 0x01,
    0xF8, 0x00, 0x00, 0x1F, 0x80, 0x00, 0x01, 0xF8, 0x00, 0x00, 0x0F, 0x00, 0x00, 0x78, 0x00, 0x01,
    0xEF, 0xC0, 0x00, 0x3F, 0xFC, 0x00, 0x03, 0xFF, 0xC0, 0x00, 0x3F, 0xFC, 0x00, 0x03, 0xF7, 0x80,
    0x00, 0x1E, 0x00, 0x00, 0x00, 0x00, 0x00, 0x00, 0x00, 0x00, 0x00, 0x00, 0x00, 0x00, 0x00, 0x00,
    0x00, 0x00, 0x00, 0x00, 0x00, 0xF0, 0x00, 0x00, 0x1F, 0x80, 0x00, 0x01, 0xF8, 0x00, 0x00, 0x1F,
    0x80, 0x00, 0x01, 0xF8, 0x00, 0x00, 0x0F, 0x00, 0x00, 0x00, 0x00, 0x00, 0x00, 0x00, 0x00, 0x00,
    0x00, 0x00, 0x00, 0x00, 0x00, 0x00, 0x00, 0x00, 0x00, 0x00, 0x00, 0x00, 0x00, 0x07, 0x80, 0x00,
    0x1E, 0xFC, 0x00, 0x03, 0xFF, 0xC0, 0x00, 0x3F, 0xFC, 0x00, 0x03, 0xFF, 0xC0, 0x00, 0x3F, 0x78,
    0x00, 0x01, 0xE0, 0x7B, 0xFF, 0xFF, 0xFD, 0xE0, 0x00, 0x00, 0x00, 0x00, 0x00, 0x00, 0x00, 0x00,
    0x00, 0x00, 0x01, 0xEF, 0xFF, 0xFF, 0xF7, 0x80, 0x00, 0x78, 0x00, 0x03, 0xF0, 0x00, 0x0F, 0xC0,
    0x00, 0x3F, 0x00, 0x00, 0xFC, 0x00, 0x01, 0xE0, 0x00, 0x00, 0x00, 0x00, 0x00, 0x00, 0x00, 0x00,
    0x00, 0x00, 0x00, 0x00, 0x00, 0x00, 0x00, 0x00, 0x00, 0x78, 0x00, 0x7B, 0xF0, 0x03, 0xFF, 0xC0,
    0x0F, 0xFF, 0x00, 0x3F, 0xFC, 0x00, 0xFD, 0xE0, 0x01, 0xE0, 0x00, 0x00, 0x00, 0x00, 0x00, 0x00,
    0x00, 0x00, 0x00, 0x00, 0x00, 0x00, 0x00, 0x00, 0x00, 0x00, 0x00, 0x78, 0x00, 0x03, 0xF0, 0x00,
    0x0F, 0xC0, 0x00, 0x3F, 0x00, 0x00, 0xFC, 0x00, 0x01, 0xE0, 0x00, 0x00, 0x07, 0x80, 0x00, 0x00,
    0x3C, 0x00, 0x07, 0x81, 0xE0, 0xF0, 0x7E, 0x0F, 0x0F, 0xC3, 0xF0, 0x78, 0x7E, 0x1F, 0x83, 0xC3,
    0xF0, 0xFC, 0x1E, 0x1F, 0x83, 0xC0, 0xF0, 0x78, 0x00, 0x07, 0x80, 0x00, 0x00, 0x3C, 0x00, 0x00,
    0x01, 0xE0, 0x00, 0x00, 0x0F, 0x00, 0x0F, 0xFF, 0xFF, 0xFF, 0xFF, 0xFF, 0xFF, 0xFF, 0xFF, 0xFF,
    0xFF, 0xFF, 0xFF, 0xFF, 0xFF, 0xFF, 0xFF, 0xFF, 0xF8, 0x00, 0x3C, 0x00, 0x00, 0x01, 0xE0, 0x00,
    0x00, 0x0F, 0x00, 0x00, 0x00, 0x78, 0x00, 0x0F, 0x03, 0xC1, 0xE0, 0xFC, 0x1E, 0x1F, 0x87, 0xE0,
    0xF0, 0xFC, 0x3F, 0x07, 0x87, 0xE1, 0xF8, 0x3C, 0x3F, 0x07, 0x81, 0xE0, 0xF0, 0x00, 0x0F, 0x00,
    0x00, 0x00, 0x78, 0x00, 0x00, 0x7B, 0xFF, 0xFF, 0xFD, 0xE0, 0x00, 0x00, 0x00, 0x1E, 0xFF, 0xFF,
    0xFF, 0x78, 0x00, 0x00, 0x00, 0x00, 0x1E, 0xFF, 0xFF, 0xFF, 0x78, 0x7B, 0xFF, 0xFF, 0xFD, 0xE7,
    0xBF, 0xFF, 0xFF, 0xDE, 0x00, 0x07, 0xBF, 0xFF, 0xFF, 0xDE, 0x01, 0xEF, 0xFF, 0xFF, 0xF7, 0x80,
    0xFF, 0xFF, 0xC6, 0x03, 0x01, 0x80, 0xC0, 0x61, 0xFF, 0xFF, 0x8C, 0x06, 0x03, 0x01, 0x80, 0xC0,
    0x60, 0x30, 0x18, 0x0C, 0x06, 0x03, 0x01, 0x80, 0xC0, 0x60, 0x30, 0x18, 0x0C, 0x06, 0x03, 0x01,
    0x80, 0xC0, 0x60, 0x30, 0xFF, 0xFF, 0xF0, 0x78, 0x3C, 0x1E, 0x0F, 0x07, 0xFF, 0x7F, 0x06, 0x03,
    0x01, 0x80, 0xC0, 0x60, 0x30, 0x18, 0x0C, 0x06, 0x03, 0x01, 0x80, 0xC0, 0x60, 0x30, 0x18, 0x0C,
    0x06, 0x03, 0x01, 0x80, 0xC0, 0x60, 0x30, 0x18, 0xFF, 0xDF, 0xE7, 0xF8, 0xFC, 0x3E, 0x07, 0x81,
    0xC0, 0x30, 0x0C, 0x03, 0x00, 0xC0, 0x30, 0x0C, 0x03, 0x00, 0xC0, 0x30, 0x0C, 0x03, 0x00, 0xC0,
    0x30, 0x0C, 0x03, 0x00, 0xC0, 0x30, 0x0C, 0x03, 0x00, 0xC0, 0x30, 0x0C, 0x03, 0x00, 0xC0, 0x00,
    0x03, 0x00, 0xC0, 0x78, 0x3E, 0x0F, 0xC7, 0xF1, 0xFE, 0xFF, 0xC3, 0x00, 0xC0, 0x30, 0x0C, 0x03,
    0x00, 0xC0, 0x30, 0x0C, 0x03, 0x00, 0xC0, 0x30, 0x0C, 0x03, 0x00, 0xC0, 0x30, 0x0C, 0x03, 0x00,
    0xC0, 0x30, 0x0C, 0x03, 0x00, 0xC0, 0x30, 0x00, 0x03, 0x01, 0xE1, 0xFC, 0xF3, 0xBC, 0xE3, 0xF0,
    0x78, 0x0C, 0x03, 0x00, 0xC0, 0x30, 0x0C, 0x03, 0x00, 0xC0, 0x30, 0x0C, 0x03, 0x00, 0xC0, 0x30,
    0x0C, 0x03, 0x00, 0xC0, 0x30, 0x0C, 0x03, 0x00, 0xC0, 0x30, 0x0C, 0x03, 0x00, 0xC0, 0x30, 0xF8,
    0x7C, 0x06, 0x03, 0x01, 0x80, 0xC0, 0x61, 0xFF, 0xFF, 0x8C, 0x06, 0x03, 0x01, 0x80, 0xC0, 0x60,
    0x30, 0x18, 0x0C, 0x06, 0x03, 0x01, 0x80, 0xC0, 0x60, 0x30, 0x18, 0x0C, 0x06, 0x03, 0x01, 0x80,
    0xC0, 0x60, 0x30, 0x1F, 0xC1, 0xFF, 0x1F, 0xFD, 0xFF, 0xFF, 0xCF, 0xFC, 0x7F, 0xE3, 0xFF, 0x1F,
    0xF8, 0xFF, 0xC7, 0xFF, 0xFE, 0xFF, 0xE7, 0xFF, 0x1F, 0xF0, 0x3E, 0x00, 0xFF, 0xF0, 0x0F, 0xFF,
    0xFF, 0xFF, 0xFF, 0xFF, 0xF0, 0x03, 0xF0, 0x3F, 0x81, 0xFC, 0x1F, 0xE1, 0xFF, 0x1F, 0xF9, 0xF7,
    0xCF, 0x3E, 0xFF, 0xFF, 0xFF, 0xFF, 0xFF, 0xFF, 0xF0, 0x3F, 0x01, 0xF8, 0x7F, 0xE7, 0xFE, 0x7F,
    0xE7, 0xFE, 0x78, 0x07, 0xF8, 0xFF, 0xC7, 0xFE, 0x33, 0xE0, 0x1E, 0x7F, 0xE7, 0xFE, 0xFF, 0xCF,
    0xF8, 0x1E, 0x00, 0x1F, 0xC7, 0xFD, 0xFF, 0x3F, 0xEF, 0xC9, 0xFF, 0x3F, 0xF7, 0xFF, 0xFB, 0xFF,
    0x7F, 0xEF, 0xFF, 0xF7, 0xFC, 0x7F, 0x83, 0xC0, 0xFF, 0xDF, 0xFB, 0xFF, 0xFF, 0xE0, 0x7C, 0x1F,
    0x03, 0xE0, 0xFC, 0x1F, 0x07, 0xE0, 0xF8, 0x1F, 0x07, 0xC0, 0xF8, 0x00, 0x3F, 0x83, 0xFE, 0x3F,
    0xF9, 0xF3, 0xCF, 0x9E, 0x7F, 0xF1, 0xFF, 0x0F, 0xFC, 0xF9, 0xF7, 0xC7, 0xBE, 0x7D, 0xFF, 0xE7,
    0xFF, 0x1F, 0xF0, 0x3E, 0x00, 0x3F, 0x87, 0xFC, 0xFF, 0xEF, 0xBE, 0xF9, 0xEF, 0xBE, 0xFF, 0xE7,
    0xFE, 0x3F, 0xE0, 0x3E, 0x7F, 0xE7, 0xFC, 0xFF, 0xC7, 0xF8, 0x3E, 0x00, 0x0E, 0x01, 0xC0, 0x38,
    0x07, 0x0F, 0xFF, 0xFF, 0xFF, 0xF8, 0x70, 0x0E, 0x01, 0xC0, 0x38, 0x00, 0xFF, 0xFF, 0xFF, 0xFF,
    0x80, 0xFF, 0xFF, 0xFF, 0xFF, 0x80, 0x0F, 0xFF, 0xFF, 0xFF, 0xF8, 0x3C, 0x79, 0xE3, 0xCF, 0x1E,
    0x3C, 0x78, 0xE1, 0xC3, 0x87, 0x0E, 0x1E, 0x3C, 0x78, 0xF0, 0xF1, 0xE1, 0xE3, 0xC0, 0x78, 0xF0,
    0xF1, 0xE1, 0xE3, 0xC7, 0x8F, 0x0E, 0x1C, 0x38, 0x70, 0xE3, 0xC7, 0x8F, 0x1E, 0x78, 0xF3, 0xC7,
    0x80, 0xF7, 0xEF, 0xFF, 0xFF, 0xFF, 0x9F, 0xF8, 0xFF, 0x0F, 0xF0, 0xFF, 0x0F, 0xF0, 0xFF, 0x0F,
    0xF0, 0xFF, 0x0F, 0xF0, 0xF0, 0x0F, 0xC1, 0xFF, 0x1F, 0xFC, 0xFF, 0xEF, 0xDF, 0xFC, 0x7F, 0xE3,
    0xFF, 0x1F, 0xF8, 0xFF, 0xC7, 0xFF, 0x7E, 0xFF, 0xF7, 0xFF, 0x1F, 0xF0, 0x7F, 0x00, 0x1F, 0x9F,
    0xFF, 0xEF, 0xF7, 0xF9, 0xFC, 0x3E, 0x1F, 0x0F, 0x87, 0xC3, 0xE1, 0xF0, 0xF8, 0x7C, 0x1F, 0xC3,
    0xFE, 0x7F, 0xEF, 0xFE, 0x79, 0xE1, 0x3E, 0x03, 0xE0, 0xFC, 0x1F, 0x87, 0xF0, 0x7F, 0xF7, 0xFF,
    0x7F, 0xF7, 0xFF, 0x7F, 0xC7, 0xFC, 0x7F, 0xE7, 0xFE, 0x0F, 0xC3, 0xF0, 0x3F, 0xC3, 0xFE, 0x03,
    0xE2, 0x3E, 0x7F, 0xE7, 0xFE, 0xFF, 0xC3, 0xF8, 0x03, 0xF0, 0x3F, 0x81, 0xFC, 0x1F, 0xE1, 0xFF,
    0x1F, 0xF9, 0xF7, 0xCF, 0x3E, 0xFF, 0xFF, 0xFF, 0xFF, 0xFF, 0xFF, 0xF0, 0x3F, 0x01, 0xF8, 0x7F,
    0xE7, 0xFE, 0x7F, 0xE7, 0xFE, 0x78, 0x07, 0xF8, 0xFF, 0xE7, 0xFE, 0x23, 0xE2, 0x3E, 0x7F, 0xEF,
    0xFE, 0xFF, 0xC7, 0xF8, 0x1F, 0x87, 0xFD, 0xFF, 0xBF, 0xEF, 0xD9, 0xF0, 0x3F, 0xE7, 0xFE, 0xFF,
    0xFF, 0x7F, 0xEF, 0xFD, 0xF7, 0xFE, 0xFF, 0x87, 0xE0, 0xFF, 0xDF, 0xFB, 0xFF, 0xFF, 0xE0, 0x7C,
    0x1F, 0x83, 0xE0, 0xFC, 0x1F, 0x07, 0xE0, 0xF8, 0x1F, 0x07, 0xC0, 0xF8, 0x00, 0x3F, 0x83, 0xFE,
    0x3F, 0xF9, 0xF3, 0xCF, 0x8E, 0x7C, 0xF3, 0xFF, 0x8F, 0xF8, 0xFF, 0xF7, 0xCF, 0xBE, 0x3D, 0xF3,
    0xEF, 0xFF, 0x3F, 0xF0, 0xFF, 0x00, 0x3F, 0x87, 0xFC, 0xFF, 0xEF, 0xBE, 0xF9, 0xEF, 0xBE, 0xFF,
    0xE7, 0xFE, 0x3F, 0xE2, 0x3E, 0x7F, 0xE7, 0xFC, 0xFF, 0x87, 0xF0, 0x0E, 0x01, 0xC0, 0x38, 0x07,
    0x0F, 0xFF, 0xFF, 0xFF, 0xF8, 0x70, 0x0E, 0x01, 0xC0, 0x38, 0x00, 0xFF, 0xFF, 0xFF, 0xFF, 0x80,
    0xFF, 0xFF, 0xFF, 0xFF, 0x80, 0x0F, 0xFF, 0xFF, 0xFF, 0xF8, 0x3C, 0x79, 0xE3, 0xCF, 0x1E, 0x3C,
    0x78, 0xE1, 0xC3, 0x87, 0x0E, 0x1E, 0x3C, 0x78, 0xF0, 0xF1, 0xE1, 0xE3, 0xC0, 0x78, 0xF0, 0xF1,
    0xE1, 0xE3, 0xC7, 0x8F, 0x0E, 0x1C, 0x38, 0x70, 0xE3, 0xC7, 0x8F, 0x1E, 0x78, 0xF3, 0xC7, 0x80,
    0x3F, 0xC7, 0xFE, 0x3F, 0xF3, 0x0F, 0x00, 0xF3, 0xFF, 0x7F, 0xFF, 0x8F, 0xF0, 0xFF, 0x1F, 0xFF,
    0xFF, 0xFF, 0x7F, 0x70, 0x1F, 0xC3, 0xFF, 0x9F, 0xFD, 0xF1, 0xFF, 0x07, 0xFF, 0xFF, 0xFF, 0xFF,
    0xFF, 0xF0, 0x07, 0xC0, 0x9F, 0xFC, 0x7F, 0xE1, 0xFF, 0x00, 0x1F, 0xC3, 0xFF, 0x1F, 0xFD, 0xF1,
    0xFF, 0x07, 0xF8, 0x3F, 0xC1, 0xFE, 0x0F, 0xF0, 0x7F, 0xC7, 0xDF, 0xFC, 0x7F, 0xE1, 0xFC, 0x00,
    0xF8, 0x7D, 0xF3, 0xE3, 0xCF, 0x8F, 0xFC, 0x1F, 0xE0, 0x3F, 0x00, 0xFC, 0x07, 0xF8, 0x1F, 0xE0,
    0xFF, 0xC7, 0xCF, 0x9F, 0x3E, 0xF8, 0x7C, 0x7F, 0x8F, 0xFE, 0xFF, 0xE4, 0x1F, 0x00, 0xFF, 0xFF,
    0xFF, 0xFF, 0xFF, 0xF0, 0xFF, 0x9F, 0xFF, 0xE7, 0xFE, 0x3F, 0x80, 0xF0, 0x0F, 0x00, 0xF0, 0x0F,
    0x00, 0xF0, 0x0F, 0x7E, 0xFF, 0xFF, 0xFF, 0xF9, 0xFF, 0x8F, 0xF0, 0xFF, 0x0F, 0xF0, 0xFF, 0x0F,
    0xF0, 0xFF, 0x0F, 0xF0, 0xFF, 0x0F, 0xF0, 0x03, 0xC0, 0x0F, 0x00, 0x3C, 0x00, 0xF0, 0x03, 0xC3,
    0xEF, 0x1F, 0x3C, 0xF8, 0xF7, 0xC3, 0xFF, 0x0F, 0xF8, 0x3F, 0xE0, 0xFF, 0xC3, 0xEF, 0x8F, 0x3E,
    0x3C, 0x7C, 0xF0, 0xFB, 0xC1, 0xF0, 0xFF, 0xFF, 0xFF, 0xFF, 0xFF, 0xFF, 0xFF, 0xFF, 0xFF, 0xF7,
    0xE7, 0xEF, 0xFF, 0xFF, 0xFF, 0xFF, 0xFF, 0x9F, 0x9F, 0xF8, 0xF8, 0xFF, 0x0F, 0x0F, 0xF0, 0xF0,
    0xFF, 0x0F, 0x0F, 0xF0, 0xF0, 0xFF, 0x0F, 0x0F, 0xF0, 0xF0, 0xFF, 0x0F, 0x0F, 0xF0, 0xF0, 0xF0,
    0xF7, 0xEF, 0xFF, 0xFF, 0xFF, 0x9F, 0xF8, 0xFF, 0x0F, 0xF0, 0xFF, 0x0F, 0xF0, 0xFF, 0x0F, 0xF0,
    0xFF, 0x0F, 0xF0, 0xF0, 0xF7, 0xE7, 0xFF, 0xBF, 0xFF, 0xF1, 0xFF, 0x8F, 0xF8, 0x3F, 0xC1, 0xFE,
    0x0F, 0xF8, 0xFF, 0xC7, 0xFF, 0xFF, 0xFF, 0xEF, 0x7E, 0x78, 0x03, 0xC0, 0x1E, 0x00, 0xF0, 0x07,
    0x80, 0x00, 0x7F, 0xFF, 0xFF, 0xFB, 0xC0, 0xFC, 0x3F, 0xC7, 0xFC, 0x7F, 0x07, 0xF1, 0xFF, 0xFF,
    0xFF, 0xFF, 0x00, 0x1C, 0x0E, 0x0F, 0x0F, 0xFF, 0xFF, 0xFC, 0xF0, 0x78, 0x3C, 0x1E, 0x0F, 0x07,
    0x83, 0xE1, 0xFC, 0xFE, 0x3F, 0x07, 0xFC, 0x01, 0xFF, 0xE0, 0x3F, 0xFE, 0x07, 0xFF, 0xC0, 0x7F,
    0xFC, 0x0F, 0xE0, 0x00, 0xFE, 0x00, 0x0F, 0xC0, 0x00, 0xFC, 0x7F, 0xFF, 0xC7, 0xFF, 0xFC, 0x7F,
    0xFF, 0xC7, 0xFF, 0xFC, 0x7F, 0xFF, 0xE7, 0xC0, 0xFF, 0x7C, 0x07, 0xFF, 0xFF, 0x7F, 0xFF, 0xF3,
    0xFF, 0xFF, 0x0F, 0xFF, 0xF0, 0x3F, 0xFF, 0x00, 0x7C, 0x00, 0x07, 0xC0, 0x00, 0x7F, 0xF0, 0x07,
    0xFF, 0x00, 0x7F, 0xF0, 0x07, 0xFF, 0x00, 0x7F, 0xF0, 0x00, 0x00, 0x00, 0x00, 0x00, 0x70, 0x00,
    0x00, 0x70, 0x00, 0x3F, 0xF0, 0x01, 0xFF, 0xF0, 0x07, 0xFF, 0xF8, 0x0F, 0xFF, 0xFC, 0x1F, 0xFF,
    0xFE, 0x3F, 0xFF, 0xFE, 0x3F, 0xFF, 0xFC, 0x7F, 0xC7, 0xF8, 0x7F, 0x87, 0xB0, 0xFF, 0x07, 0x00,
    0xFE, 0x0F, 0x00, 0xFE, 0x0E, 0x00, 0xFE, 0x1E, 0x00, 0xFC, 0x1C, 0x00, 0xFC, 0x3C, 0x00, 0xFE,
    0x3C, 0x00, 0xFE, 0x38, 0x00, 0xFE, 0x78, 0x00, 0xFF, 0x70, 0x10, 0x7F, 0xF0, 0x38, 0x7F, 0xF1,
    0xF8, 0x3F, 0xFF, 0xFC, 0x1F, 0xFF, 0xFE, 0x1F, 0xFF, 0xFE, 0x07, 0xFF, 0xFC, 0x03, 0xFF, 0xF8,
    0x07, 0xFF, 0xC0, 0x07, 0x80, 0x00, 0x07, 0x00, 0x00, 0x07, 0x00, 0x00, 0x02, 0x00, 0x00, 0x01,
    0xFF, 0xC0, 0x7F, 0xFE, 0x0F, 0xFF, 0xE1, 0xFF, 0xFE, 0x3F, 0xFF, 0xC3, 0xF8, 0x0C, 0x7F, 0x00,
    0x07, 0xE0, 0x00, 0xFE, 0x00, 0x0F, 0xE0, 0x00, 0xFC, 0x79, 0xEF, 0xC7, 0xBE, 0xFC, 0x7F, 0xEF,
    0xC7, 0xFE, 0xFC, 0x7F, 0xEF, 0xC7, 0xE0, 0xFC, 0x7E, 0x0F, 0xE7, 0xC0, 0xFE, 0x7C, 0x0F, 0xE7,
    0xC0, 0x7F, 0x7C, 0x07, 0xFF, 0xCE, 0x3F, 0xFF, 0xE3, 0xFF, 0xFE, 0x1F, 0xFF, 0xE0, 0xFF, 0xFE,
    0x03, 0xFF, 0x80, 0x3F, 0xFF, 0xF3, 0xFF, 0xFF, 0x3F, 0xFF, 0xF3, 0xFF, 0xFF, 0x3F, 0xFF, 0xF3,
    0xF8, 0x00, 0x3F, 0x00, 0x03, 0xF0, 0x00, 0x3F, 0x00, 0x03, 0xF0, 0x00, 0x3F, 0x80, 0x03, 0xFF,
    0xFE, 0x3F, 0xFF, 0xE3, 0xFF, 0xFE, 0x3F, 0xFF, 0xE3, 0xFF, 0xFE, 0x3F, 0x00, 0x03, 0xF0, 0x00,
    0x3F, 0x00, 0x0F, 0xFF, 0x00, 0xFF, 0xF0, 0x0F, 0xFF, 0x00, 0xFF, 0xF0, 0x03, 0xF0, 0x00, 0x3F,
    0x00, 0x03, 0xF0, 0x00, 0x00, 0x3E, 0x00, 0x03, 0xFF, 0x80, 0x0F, 0xFF, 0x80, 0x3F, 0xFF, 0x80,
    0x7F, 0xFE, 0x01, 0xFF, 0xF8, 0x03, 0xF8, 0xC0, 0x07, 0xE0, 0x00, 0x0F, 0x80, 0x00, 0x1F, 0x00,
    0x00, 0x3F, 0x00, 0x03, 0xFF, 0xFC, 0x07, 0xFF, 0xF8, 0x0F, 0xFF, 0xF0, 0x01, 0xF8, 0x00, 0x3F,
    0xFF, 0xC0, 0x7F, 0xFF, 0x80, 0xFF, 0xFF, 0x00, 0x0F, 0x80, 0x00, 0x1F, 0x00, 0x01, 0xFE, 0x01,
    0x0F, 0xFF, 0x9F, 0x3F, 0xFF, 0xFE, 0x7F, 0xFF, 0xFE, 0x7F, 0xFF, 0xFC, 0xFC, 0xFF, 0xF0, 0xC0,
    0x3F, 0xC0, 0x00, 0x00, 0x0F, 0x00, 0x00, 0x00, 0x1F, 0x00, 0x00, 0x00, 0x1E, 0x00, 0x00, 0x00,
    0x3E, 0x00, 0xF8, 0xFF, 0x3F, 0xF8, 0xFB, 0xFF, 0xFF, 0xFC, 0xFF, 0xFF, 0xFF, 0xFE, 0xFF, 0xFF,
    0xFF, 0xFE, 0xFF, 0xFF, 0xFF, 0xFF, 0xFF, 0x0F, 0xF8, 0x7F, 0xFE, 0x0F, 0xF0, 0x7F, 0xFE, 0x07,
    0xE0, 0x3F, 0xFC, 0x07, 0xE0, 0x3F, 0xFC, 0x07, 0xE0, 0x3F, 0xFC, 0x07, 0xE0, 0x3F, 0xFC, 0x07,
    0xE0, 0x3F, 0xFC, 0x0F, 0xE0, 0x3F, 0xFC, 0x0F, 0xE0, 0x3F, 0xFC, 0x1F, 0xE0, 0x3F, 0xFC, 0x1F,
    0xE0, 0x3F, 0xFC, 0x3F, 0xE0, 0x3F, 0xFC, 0x3F, 0xE0, 0x3F, 0xFC, 0x7F, 0xE0, 0x3F, 0xFC, 0x7F,
    0xE0, 0x3F, 0xFC, 0xFF, 0xE0, 0x3F, 0x00, 0xF0, 0x00, 0x00, 0x01, 0xF0, 0x00, 0x00, 0x01, 0xE0,
    0x00, 0x00, 0x03, 0xE0, 0x00, 0x00, 0x0F, 0xC0, 0x03, 0xF0, 0x1F, 0xC0, 0x07, 0xE0, 0x3F, 0xC0,
    0x0F, 0xC0, 0x7F, 0xC0, 0x1F, 0x80, 0xFF, 0x80, 0x3F, 0x01, 0xFF, 0x80, 0x7E, 0x03, 0xFF, 0x80,
    0xFC, 0x07, 0xFF, 0x81, 0xF8, 0x0F, 0xFF, 0x03, 0xF0, 0x1F, 0xFF, 0x07, 0xE0, 0x3F, 0xFF, 0x0F,
    0xC0, 0x7E, 0xFF, 0x1F, 0x8F, 0xFF, 0xFF, 0xFF, 0xFF, 0xFF, 0xFF, 0xFF, 0xFF, 0xF1, 0xFE, 0xFF,
    0x87, 0xE1, 0xFF, 0xF8, 0x0F, 0xC3, 0xFF, 0xF0, 0x1F, 0x83, 0xFF, 0xE0, 0x3F, 0x03, 0xFF, 0xC0,
    0x7E, 0x03, 0xFF, 0x80, 0xFC, 0x03, 0xFF, 0x01, 0xF8, 0x07, 0xFE, 0x03, 0xF0, 0x07, 0xFC, 0x07,
    0xE0, 0x07, 0xF8, 0x0F, 0xC0, 0x07, 0xF0, 0x1F, 0x80, 0x0F, 0xE0, 0x0F, 0xFF, 0xE0, 0x01, 0xFF,
    0xFF, 0x00, 0x3F, 0xFF, 0xF0, 0x07, 0xFF, 0xFF, 0x00, 0xFF, 0xFF, 0xE0, 0x1F, 0x83, 0xFE, 0x03,
    0xF0, 0x1F, 0xC7, 0xFF, 0xFF, 0xFF, 0xFF, 0xFF, 0xFF, 0xFF, 0xFF, 0xFF, 0xFC, 0x3F, 0x01, 0xFC,
    0x07, 0xE0, 0xFF, 0x80, 0xFF, 0xFF, 0xE0, 0x1F, 0xFF, 0xFC, 0x03, 0xFF, 0xFF, 0x00, 0x7F, 0xFF,
    0xC0, 0x0F, 0xFF, 0xE0, 0x01, 0xF8, 0x00, 0x00, 0x3F, 0x00, 0x00, 0x07, 0xE0, 0x00, 0x00, 0xFC,
    0x00, 0x00, 0x1F, 0x80, 0x00, 0x03, 0xF0, 0x00, 0x00, 0x7E, 0x00, 0x00, 0x0F, 0xC0, 0x00, 0x01,
    0xF8, 0x00, 0x00, 0xFF, 0xF0, 0x00, 0x03, 0xFF, 0xF0, 0x00, 0x0F, 0xFF, 0xE0, 0x00, 0x3F, 0xFF,
    0x80, 0x00, 0xFF, 0xFF, 0x00, 0x03, 0xF1, 0xFC, 0x00, 0x0F, 0xC7, 0xF0, 0xFF, 0x3F, 0x0F, 0xCF,
    0xFF, 0xFC, 0x3F, 0x3F, 0xFF, 0xF1, 0xFD, 0xFF, 0xEF, 0xC7, 0xF7, 0xFF, 0xBF, 0xFF, 0x9F, 0x00,
    0xFF, 0xFE, 0x7E, 0x03, 0xFF, 0xF1, 0xFC, 0x0F, 0xFF, 0x07, 0xFC, 0x3F, 0xFC, 0x0F, 0xF8, 0xFD,
    0xF8, 0x1F, 0xFB, 0xF7, 0xE0, 0x1F, 0xFF, 0xCF, 0xC0, 0x3F, 0xFF, 0x3F, 0x00, 0x3F, 0xFC, 0xFE,
    0x00, 0x7F, 0xF1, 0xF9, 0x83, 0xFF, 0xC7, 0xE7, 0xFF, 0xFF, 0x0F, 0xDF, 0xFF, 0xFC, 0x3F, 0x7F,
    0xFB, 0xF0, 0xFF, 0xFF, 0xCF, 0xC1, 0xFF, 0xFE, 0x00, 0x7F, 0x00, 0x00, 0x01, 0xFD, 0xFC, 0x00,
    0x00, 0x07, 0xF7, 0xF0, 0x00, 0x00, 0x3F, 0x9F, 0xE0, 0x3F, 0x00, 0xFE, 0x3F, 0x80, 0xFE, 0x03,
    0xF8, 0xFE, 0x03, 0xF8, 0x1F, 0xE3, 0xFC, 0x1F, 0xE0, 0x7F, 0x07, 0xF0, 0x7F, 0xC1, 0xFC, 0x1F,
    0xC1, 0xFF, 0x07, 0xF0, 0x7F, 0x0F, 0xFE, 0x3F, 0x80, 0xFE, 0x3F, 0xF8, 0xFE, 0x1F, 0xFF, 0xFF,
    0xFF, 0xFF, 0x7F, 0xFF, 0xFF, 0xFF, 0xFD, 0xFF, 0xFF, 0xFF, 0xFF, 0xF0, 0x7F, 0xFE, 0xFD, 0xFC,
    0x01, 0xFF, 0xF3, 0xFF, 0xE0, 0x07, 0xFF, 0xC7, 0xFF, 0x80, 0x0F, 0xFE, 0x1F, 0xFE, 0x00, 0x3F,
    0xF8, 0x7F, 0xF8, 0x00, 0xFF, 0xE0, 0xFF, 0xC0, 0x01, 0xFF, 0x03, 0xFF, 0x00, 0x07, 0xFC, 0x07,
    0xFC, 0x00, 0x1F, 0xE0, 0x1F, 0xE0, 0x00, 0x7F, 0x80, 0x3F, 0x80, 0x00, 0xFE, 0x00, 0xFE, 0x00,
    0x03, 0xF0, 0x03, 0xF0, 0x00, 0xFF, 0xF8, 0x07, 0xFF, 0xFF, 0xE0, 0xFF, 0xFF, 0xFE, 0x1F, 0xFF,
    0xFF, 0xE3, 0xFF, 0xFF, 0xFC, 0x7F, 0xF8, 0x1F, 0x8F, 0xFF, 0x01, 0xF1, 0xFF, 0xE0, 0x1E, 0x3F,
    0xFC, 0xF3, 0xC7, 0xFF, 0x9E, 0x78, 0xFF, 0xF3, 0xCF, 0x1F, 0xFE, 0x79, 0xE3, 0xFF, 0xCF, 0x3C,
    0x7F, 0xF9, 0xE7, 0x8F, 0xFF, 0x3C, 0xF1, 0xFF, 0xE7, 0x9E, 0x7F, 0xFC, 0xF0, 0x0F, 0xFF, 0x9E,
    0x03, 0xFB, 0xF3, 0xFF, 0xFF, 0x7E, 0x7F, 0xFF, 0xEF, 0xCF, 0xFF, 0xF9, 0xF9, 0xFF, 0xFE, 0x3F,
    0x3F, 0xFF, 0x00, 0x00, 0x3E, 0x00, 0x0F, 0x80, 0x3F, 0xFC, 0x0F, 0xFF, 0x03, 0xFF, 0xC0, 0xFF,
    0xF0, 0x03, 0xE0, 0x7E, 0xF8, 0x3F, 0xFE, 0x1F, 0xFF, 0x8F, 0xFF, 0xE3, 0xFB, 0xF8, 0xFC, 0x7E,
    0x3E, 0x0F, 0x8F, 0xC7, 0xE3, 0xFB, 0xF8, 0xFF, 0xFE, 0x1F, 0xFF, 0x83, 0xFF, 0xE0, 0x7E, 0xF8,
    0x00, 0x00, 0x00, 0x00, 0x0F, 0xFF, 0xF3, 0xFF, 0xFC, 0xFF, 0xFF, 0x3F, 0xFF, 0xC0, 0x00, 0x07,
    0xF0, 0x00, 0x3F, 0xFE, 0x00, 0x7F, 0xFF, 0x01, 0xFF, 0xFF, 0x03, 0xFF, 0xFE, 0x07, 0xFF, 0xFC,
    0x07, 0xFC, 0x1C, 0x0F, 0xF0, 0x00, 0x0F, 0xE0, 0x00, 0x1F, 0xC0, 0x00, 0xFF, 0xFF, 0xC0, 0xFF,
    0xFF, 0xC0, 0xFF, 0xFF, 0xC0, 0x1F, 0x80, 0x00, 0x1F, 0x80, 0x00, 0xFF, 0xFF, 0xC0, 0xFF, 0xFF,
    0xC0, 0xFF, 0xFF, 0xC0, 0x1F, 0xE0, 0x00, 0x0F, 0xE0, 0x00, 0x0F, 0xF8, 0x08, 0x07, 0xFE, 0x3C,
    0x03, 0xFF, 0xFC, 0x01, 0xFF, 0xFE, 0x00, 0xFF, 0xFF, 0x00, 0x7F, 0xFF, 0x00, 0x0F, 0xFC, 0x1F,
    0x80, 0x1F, 0xE0, 0xFC, 0x01, 0xFE, 0x07, 0xE0, 0x1F, 0xE0, 0x3F, 0x01, 0xFE, 0x01, 0xF8, 0x1F,
    0xE0, 0x0F, 0xC1, 0xFE, 0x00, 0x7E, 0x1F, 0xE0, 0x03, 0xF1, 0xFE, 0x00, 0x1F, 0xBF, 0xE0, 0x00,
    0xFF, 0xFE, 0x00, 0x07, 0xFF, 0xE0, 0x01, 0xFF, 0xFF, 0xFF, 0x0F, 0xFF, 0xFF, 0xF8, 0x7F, 0xFF,
    0xFF, 0xC0, 0x7F, 0xFF, 0x80, 0x03, 0xFF, 0xFE, 0x00, 0x1F, 0xCF, 0xF8, 0x00, 0xFE, 0x3F, 0xE0,
    0x07, 0xE0, 0xFF, 0x00, 0x3F, 0x03, 0xFC, 0x01, 0xF8, 0x1F, 0xF0, 0x0F, 0xC0, 0x7F, 0xC0, 0x7E,
    0x01, 0xFF, 0x03, 0xF0, 0x07, 0xF8, 0x1F, 0x80, 0x1F, 0xE0, 0xFC, 0x00, 0x7F, 0x80, 0xFF, 0xFF,
    0xFF, 0xFF, 0xFF, 0xFF, 0xFF, 0xFF, 0xFF, 0xFF, 0xFF, 0xFF, 0xF0, 0x1F, 0x80, 0x01, 0xFB, 0x80,
    0x1F, 0xFC, 0x01, 0xFF, 0xC0, 0x1F, 0xF0, 0x01, 0xFE, 0x00, 0x1F, 0x80, 0x03, 0xF8, 0x80, 0xFF,
    0xB8, 0x1F, 0xFF, 0xC3, 0xFF, 0xFC, 0x1D, 0xFF, 0x01, 0x9F, 0xE0, 0x01, 0xF8, 0x00, 0x3F, 0x80,
    0x0F, 0xF8, 0x01, 0xFF, 0x80, 0x3F, 0xF8, 0x01, 0xDF, 0x80, 0x19, 0xF8, 0x00, 0x1F, 0x80, 0x01,
    0xF8, 0x00, 0x3F, 0xFC, 0x00, 0x00, 0x0F, 0xFF, 0xF8, 0x00, 0x00, 0xFF, 0xFF, 0xC0, 0x00, 0x0F,
    0xFF, 0xFE, 0x00, 0x00, 0x7F, 0xFF, 0xF0, 0x00, 0x00, 0x00, 0xFF, 0x80, 0x00, 0x0F, 0xC3, 0xF8,
    0x00, 0x00, 0xFC, 0x1F, 0xC0, 0x00, 0x0F, 0xC1, 0xFC, 0x00, 0x01, 0xFC, 0x1F, 0xC0, 0x00, 0x1F,
    0x80, 0xFC, 0x00, 0x01, 0xF8, 0x0F, 0xC0, 0x00, 0x1F, 0x80, 0xFC, 0x00, 0x01, 0xF8, 0x1F, 0xC0,
    0x00, 0x3F, 0x81, 0xFC, 0x3F, 0x83, 0xF0, 0x1F, 0xCF, 0xFE, 0x3F, 0x01, 0xFD, 0xFF, 0xE3, 0xF0,
    0x3F, 0x9F, 0xBF, 0x3F, 0x03, 0xFB, 0xF1, 0xF7, 0xF0, 0x7F, 0x3E, 0x0F, 0x7E, 0x0F, 0xF7, 0xE0,
    0xF7, 0xE1, 0xFE, 0x7E, 0x1F, 0x7F, 0xFF, 0xC7, 0xE1, 0xF7, 0xFF, 0xF8, 0x7F, 0x3F, 0xFF, 0xFF,
    0x07, 0xFF, 0xEF, 0xFF, 0xE0, 0xFF, 0xFC, 0xFF, 0xF0, 0x0F, 0xFF, 0x80, 0x00, 0x00, 0xFC, 0x00,
    0x00, 0x00, 0x0F, 0x80, 0x00, 0x00, 0x00, 0xF8, 0x00, 0x00, 0x00, 0x1F, 0x80, 0x00, 0x00, 0x01,
    0xF8, 0x00, 0x00, 0x00, 0x1F, 0x80, 0x00, 0x00, 0x01, 0xF0, 0x00, 0x00, 0x00, 0x3F, 0x00, 0x00,
    0x00, 0x03, 0xF0, 0x00, 0x00, 0x3F, 0xC0, 0x03, 0xFF, 0x00, 0x3F, 0xFC, 0x03, 0xFF, 0xF0, 0x1F,
    0xFF, 0x80, 0xFC, 0xFC, 0x07, 0xE7, 0xE0, 0x3F, 0x3F, 0x01, 0xF9, 0xF8, 0x0F, 0xCF, 0xC0, 0x7F,
    0x7E, 0x03, 0xFB, 0xE0, 0x0F, 0xFF, 0x00, 0x7F, 0xF0, 0x01, 0xFF, 0x80, 0x0F, 0xF8, 0x04, 0x3F,
    0x80, 0x30, 0xFC, 0x03, 0x87, 0xF0, 0x1E, 0x7F, 0x81, 0xFF, 0xFE, 0x0F, 0xFF, 0xF0, 0xFF, 0xFF,
    0xC7, 0xFE, 0xFE, 0x7F, 0xF3, 0xF7, 0xCF, 0x1F, 0xFE, 0x30, 0xFE, 0x01, 0x87, 0xF0, 0x00, 0x1F,
    0x80, 0x00, 0xFC, 0x00, 0x0F, 0xE0, 0x03, 0xFF, 0x00, 0x1F, 0xF8, 0x00, 0xFF, 0x80, 0x07, 0xF8,
    0x00, 0x3F, 0x80, 0x0F, 0xFF, 0xE0, 0x01, 0xFF, 0xFF, 0x00, 0x3F, 0xFF, 0xF0, 0x07, 0xFF, 0xFF,
    0x00, 0xFF, 0xFF, 0xE0, 0x1F, 0x83, 0xFE, 0x3F, 0xF0, 0x1F, 0xFF, 0xFF, 0xFF, 0xFF, 0xFF, 0xFF,
    0xFF, 0xFF, 0xFF, 0xFF, 0xFC, 0x3F, 0x01, 0xFC, 0x07, 0xE0, 0xFF, 0x80, 0xFF, 0xFF, 0xE0, 0x1F,
    0xFF, 0xFC, 0x03, 0xFF, 0xFF, 0x00, 0x7F, 0xFF, 0xC0, 0x0F, 0xFF, 0xE0, 0x01, 0xF8, 0x00, 0x00,
    0x3F, 0x00, 0x00, 0x07, 0xE0, 0x00, 0x00, 0xFC, 0x00, 0x00, 0x1F, 0x80, 0x00, 0x03, 0xF0, 0x00,
    0x00, 0x7E, 0x00, 0x00, 0x0F, 0xC0, 0x00, 0x01, 0xF8, 0x00, 0x00, 0x00, 0x0E, 0x00, 0x00, 0x01,
    0xC0, 0x00, 0x00, 0x38, 0x00, 0x00, 0x0F, 0xE0, 0x00, 0x0F, 0xFF, 0x80, 0x07, 0xFF, 0xFC, 0x03,
    0xFF, 0xFF, 0xC0, 0xFF, 0xFF, 0xFC, 0x3F, 0xFF, 0xFF, 0x07, 0xFD, 0xCF, 0xC1, 0xFE, 0x38, 0x70,
    0x3F, 0x87, 0x04, 0x0F, 0xF0, 0xE0, 0x01, 0xFC, 0x1C, 0x00, 0x3F, 0x83, 0x80, 0x07, 0xF0, 0x7F,
    0xFE, 0xFC, 0x0F, 0xFF, 0xDF, 0x81, 0xFF, 0xFB, 0xF8, 0x3F, 0xFF, 0x7F, 0x07, 0xFF, 0xEF, 0xE0,
    0xE0, 0xFD, 0xFE, 0x1C, 0x3F, 0x9F, 0xE3, 0x87, 0xF3, 0xFE, 0x71, 0xFC, 0x3F, 0xFF, 0xFF, 0x83,
    0xFF, 0xFF, 0xE0, 0x3F, 0xFF, 0xF8, 0x03, 0xFF, 0xFE, 0x00, 0x3F, 0xFF, 0x80, 0x01, 0xFF, 0xC0,
    0x00, 0x03, 0x80, 0x00, 0x00, 0x70, 0x00, 0x00, 0x0E, 0x00, 0x00, 0x01, 0xC0, 0x00, 0x00, 0x38,
    0x00, 0x00, 0x00, 0x7F, 0x80, 0x00, 0x1F, 0xE0, 0x00, 0x07, 0xF8, 0x00, 0x03, 0xFF, 0x00, 0x00,
    0xFF, 0xC0, 0x00, 0x3F, 0xF0, 0x00, 0x1F, 0xFE, 0x00, 0x07, 0xFF, 0x80, 0x01, 0xFF, 0xE0, 0x00,
    0xFC, 0xFC, 0x07, 0xFF, 0xFF, 0xF9, 0xFF, 0xFF, 0xFE, 0x7F, 0xFF, 0xFF, 0x81, 0xF8, 0x7E, 0x00,
    0x7E, 0x1F, 0x80, 0x3F, 0x83, 0xF0, 0x7F, 0xFF, 0xFF, 0x9F, 0xFF, 0xFF, 0xE7, 0xFF, 0xFF, 0xF8,
    0x7E, 0x01, 0xF8, 0x1F, 0x80, 0x7E, 0x0F, 0xE0, 0x1F, 0xC3, 0xF0, 0x03, 0xF1, 0xFC, 0x00, 0xFC,
    0x7F, 0x00, 0x3F, 0x9F, 0x80, 0x07, 0xEF, 0xE0, 0x01, 0xFC, 0x0F, 0xFE, 0x01, 0xFF, 0xFC, 0x0F,
    0xFF, 0xF0, 0x7F, 0xFF, 0xC3, 0xFF, 0xFE, 0x0C, 0x07, 0xF0, 0x00, 0x1F, 0x80, 0x00, 0xFC, 0x00,
    0x0F, 0xE7, 0xFF, 0xFF, 0xFF, 0xFF, 0xFF, 0xFF, 0xFF, 0xF0, 0x7F, 0xF8, 0x0F, 0xFF, 0x03, 0xFF,
    0xFF, 0xFF, 0xFF, 0xFF, 0xFF, 0xFF, 0xFB, 0xF8, 0x00, 0x1F, 0x80, 0x00, 0xFC, 0x00, 0x07, 0xF0,
    0x00, 0x3F, 0x80, 0x71, 0xFF, 0xFF, 0x87, 0xFF, 0xFC, 0x1F, 0xFF, 0xE0, 0x7F, 0xFF, 0x00, 0xFF,
    0xE0, 0x00, 0x1F, 0x00, 0x00, 0x1F, 0x00, 0x00, 0x1F, 0x00, 0x00, 0x1F, 0x80, 0x00, 0xFF, 0xF0,
    0x03, 0xFF, 0xFC, 0x0F, 0xFF, 0xFE, 0x1F, 0xFF, 0xFF, 0x3F, 0xFF, 0xFF, 0x3F, 0xFF, 0xFE, 0x7F,
    0xEE, 0x7C, 0x7F, 0x8E, 0x18, 0xFF, 0x0E, 0x00, 0xFE, 0x0E, 0x00, 0xFE, 0x0E, 0x00, 0xFE, 0x0E,
    0x00, 0xFC, 0x0E, 0x00, 0xFC, 0x0E, 0x00, 0xFE, 0x0E, 0x00, 0xFE, 0x0E, 0x00, 0xFE, 0x0E, 0x00,
    0xFF, 0x0E, 0x08, 0x7F, 0xCE, 0x1C, 0x7F, 0xFE, 0xFC, 0x3F, 0xFF, 0xFE, 0x1F, 0xFF, 0xFF, 0x0F,
    0xFF, 0xFF, 0x07, 0xFF, 0xFE, 0x03, 0xFF, 0xF8, 0x00, 0x7F, 0xE0, 0x00, 0x1F, 0x00, 0x00, 0x1F,
    0x00, 0x00, 0x1F, 0x00, 0x07, 0x81, 0xE0, 0x07, 0xC1, 0xF0, 0x03, 0xE0, 0xF8, 0x03, 0xF0, 0xFC,
    0x03, 0xFF, 0xFF, 0xFB, 0xFF, 0xFF, 0xFF, 0xFF, 0xFF, 0xFF, 0xFF, 0xFF, 0xFF, 0xFF, 0xFF, 0xFF,
    0x8F, 0xC3, 0xF0, 0x07, 0xE1, 0xF8, 0x03, 0xF0, 0xFC, 0x01, 0xF8, 0x7E, 0x00, 0xFC, 0x3F, 0x00,
    0x7E, 0x1F, 0x80, 0x3F, 0x0F, 0xC0, 0x1F, 0x87, 0xE0, 0x0F, 0xC3, 0xF0, 0x07, 0xE1, 0xF8, 0x03,
    0xF0, 0xFC, 0x01, 0xF8, 0x7F, 0xF8, 0xFC, 0x3F, 0xFC, 0x7E, 0x0F, 0xFE, 0x3F, 0x07, 0xFF, 0x1F,
    0x80, 0xFF, 0x80, 0x00, 0x07, 0xFE, 0x00, 0x07, 0xFF, 0xF0, 0x03, 0xFF, 0xFC, 0x01, 0xFF, 0xFE,
    0x00, 0xFF, 0xFF, 0x80, 0x3F, 0x80, 0xE0, 0x0F, 0xC0, 0x00, 0x03, 0xF0, 0x00, 0x00, 0xFE, 0x00,
    0x00, 0x3F, 0xC0, 0x00, 0x0F, 0xFC, 0x00, 0x01, 0xFF, 0xE0, 0x00, 0x3F, 0xFC, 0x00, 0x07, 0xFF,
    0xC0, 0x00, 0xFF, 0xF8, 0x00, 0x07, 0xFE, 0x00, 0x00, 0x7F, 0xC0, 0x00, 0x07, 0xF7, 0xDF, 0x7C,
    0xFF, 0xFF, 0xFF, 0xBF, 0xFF, 0xFF, 0xE7, 0xFB, 0x8F, 0x3B, 0xF7, 0xE3, 0x8E, 0xFD, 0xFF, 0xE3,
    0xFE, 0x1F, 0xFF, 0xFF, 0x03, 0xFF, 0xFF, 0x80, 0xEF, 0xFF, 0x80, 0x38, 0xE3, 0x80, 0x0E, 0x38,
    0xE0, 0x03, 0x8E, 0x38, 0x00, 0xFF, 0xFF, 0xFF, 0xFF, 0xFF, 0xFF, 0xFF, 0xFF, 0xFF, 0xFF, 0xFF,
    0xFF, 0xF0, 0x00, 0x00, 0x00, 0x00, 0x0F, 0xFF, 0xFF, 0xFF, 0xFF, 0xFF, 0xFF, 0xFF, 0xFF, 0xFF,
    0xFF, 0xFF, 0xFF, 0x01, 0xF8, 0x00, 0x1F, 0x80, 0x01, 0xF8, 0x00, 0x1F, 0x80, 0x01, 0xF8, 0x00,
    0x1F, 0x80, 0x01, 0xF8, 0x00, 0x1F, 0x80, 0x01, 0xF8, 0x00, 0x1F, 0x80, 0x01, 0xF8, 0x00, 0x1F,
    0x80, 0x01, 0xF8, 0x00, 0x1F, 0x80, 0x01, 0xF8, 0x00, 0x00, 0x00, 0x07, 0xFF, 0xFF, 0xFF, 0xFF,
    0xFF, 0xFF, 0xFF, 0xFF, 0xFF, 0xFF, 0xFF, 0xFF, 0xFF, 0xFF, 0xFE, 0x00, 0x0F, 0xF0, 0x03, 0xFF,
    0xF8, 0x3F, 0xFF, 0xC1, 0xFF, 0xFE, 0x00, 0x7F, 0x00, 0x07, 0xF8, 0x1F, 0xFF, 0x80, 0xFF, 0xFC,
    0x03, 0xFF, 0xC0, 0x1F, 0xF8, 0x00, 0x7F, 0x80, 0x01, 0xFE, 0x00, 0x0F, 0xF0, 0x00, 0x3F, 0xC0,
    0x00, 0xFF, 0x00, 0x07, 0xF8, 0x00, 0x1F, 0xE0, 0x00, 0x7F, 0x80, 0x03, 0xFC, 0x00, 0x0F, 0xF0,
    0x00, 0x3F, 0x80, 0x07, 0xE0, 0x00, 0x07, 0xE0, 0x00, 0x07, 0xE0, 0x00, 0x07, 0xE1, 0x80, 0x07,
    0xE7, 0x80, 0x07, 0xFF, 0xC0, 0x07, 0xFF, 0x00, 0x07, 0xFC, 0x00, 0x07, 0xF8, 0x00, 0x0F, 0xE1,
    0x80, 0x3F, 0xE7, 0xC0, 0x7F, 0xFF, 0xC0, 0x7F, 0xFF, 0x00, 0x27, 0xFE, 0x00, 0x07, 0xF8, 0x00,
    0x0F, 0xE0, 0x00, 0x3F, 0xE0, 0x30, 0x7F, 0xE0, 0x7E, 0x7F, 0xE0, 0xFE, 0x37, 0xE1, 0xFE, 0x07,
    0xFF, 0xFC, 0x07, 0xFF, 0xFC, 0x07, 0xFF, 0xF8, 0x07, 0xFF, 0xF0, 0x07, 0xFF, 0xC0, 0x07, 0xFF,
    0x00, 0x3F, 0x80, 0x00, 0x03, 0xFE, 0x00, 0x00, 0x3C, 0xF8, 0x00, 0x01, 0xC7, 0xC0, 0x00, 0x0E,
    0x1E, 0x00, 0x00, 0x78, 0xF0, 0x00, 0x03, 0xFF, 0xFF, 0xFE, 0x1F, 0xFF, 0xFF, 0xFC, 0x7F, 0xFF,
    0xFF, 0xF1, 0xFF, 0xFF, 0xFF, 0xC3, 0xFF, 0xFF, 0xFE, 0x03, 0xC0, 0x00, 0xF0, 0x1E, 0x30, 0x83,
    0x80, 0xF3, 0xCE, 0x1C, 0x07, 0xBF, 0xF8, 0xE0, 0x3F, 0xFF, 0xEF, 0x01, 0xFF, 0xFF, 0xF8, 0x0F,
    0xC7, 0xBF, 0x80, 0x7C, 0x38, 0xF8, 0x07, 0xE0, 0x00, 0x00, 0x7F, 0x80, 0x00, 0x07, 0xFE, 0x00,
    0x00, 0x19, 0xFF, 0xFC, 0x00, 0x0F, 0xFF, 0xE0, 0x00, 0x3F, 0xFF, 0x00, 0x00, 0x7F, 0xF8, 0x00,
    0x00, 0xFF, 0xC0, 0x00, 0x38, 0x00, 0x00, 0x70, 0x00, 0x00, 0xE0, 0x00, 0x01, 0xC0, 0x00, 0x3F,
    0xF0, 0x01, 0xFF, 0xF8, 0x07, 0xFF, 0xF8, 0x1F, 0xFF, 0xF8, 0x7F, 0xFF, 0xF8, 0xFF, 0xFF, 0xF3,
    0xFC, 0xEF, 0xF7, 0xF1, 0xCF, 0xEF, 0xE3, 0x9F, 0xDF, 0xC7, 0x1F, 0xBF, 0x0E, 0x3F, 0x7E, 0x1C,
    0x7E, 0xFC, 0x38, 0xFD, 0xF8, 0x71, 0xFB, 0xF0, 0xE3, 0xF7, 0xE1, 0xC7, 0xEF, 0xC3, 0x8F, 0xDF,
    0x87, 0x1F, 0xBF, 0x0E, 0x3F, 0x7E, 0x1C, 0x7E, 0xFC, 0x00, 0xFD, 0xF8, 0x01, 0xFB, 0xF0, 0x03,
    0xF7, 0xE0, 0x07, 0xEF, 0xC0, 0x0F, 0xDF, 0x80, 0x1F, 0x80, 0x1F, 0xFF, 0xC0, 0x3F, 0xFF, 0xE0,
    0x7F, 0xFF, 0xE0, 0xFF, 0xFF, 0xE1, 0xFF, 0xFF, 0xC3, 0xF8, 0x7F, 0xC7, 0xE0, 0x3F, 0x8F, 0xC0,
    0x7F, 0x1F, 0x80, 0x7E, 0x3F, 0x00, 0xFC, 0x7E, 0x03, 0xF8, 0xFC, 0x07, 0xF1, 0xFC, 0x3F, 0xE3,
    0xFF, 0xFF, 0xBF, 0xFF, 0xFF, 0x7F, 0xFF, 0xFC, 0xFF, 0xFF, 0xF1, 0xFF, 0xFF, 0x80, 0x7E, 0x00,
    0x07, 0xFF, 0xC0, 0x0F, 0xFF, 0x80, 0x1F, 0xFF, 0x00, 0x07, 0xE0, 0x00, 0x0F, 0xC0, 0x00, 0x1F,
    0x80, 0x00, 0x3F, 0x00, 0x00, 0x00, 0x73, 0x80, 0x00, 0x1C, 0xE0, 0x00, 0x0F, 0xFC, 0x00, 0x1F,
    0xFF, 0xC0, 0x0F, 0xFF, 0xFC, 0x07, 0xFF, 0xFF, 0x83, 0xFF, 0xFF, 0xF1, 0xFF, 0xCF, 0xFC, 0x7F,
    0x73, 0xBF, 0xBF, 0x9C, 0xEF, 0xEF, 0xE7, 0x39, 0xFB, 0xF9, 0xCE, 0x7F, 0xFC, 0x73, 0x9F, 0xFF,
    0x1C, 0xE7, 0xFF, 0xC7, 0x38, 0xFF, 0xF1, 0xCE, 0x3F, 0xFC, 0x00, 0x00, 0x3F, 0x00, 0x00, 0x0F,
    0xE0, 0x00, 0x03, 0xF8, 0x00, 0x00, 0x7E, 0x00, 0x00, 0x1F, 0xC0, 0x00, 0x03, 0xF8, 0x00, 0x00,
    0x7F, 0x00, 0x00, 0x0F, 0xFF, 0xFF, 0x1F, 0xFF, 0xFF, 0xC7, 0xFF, 0xFF, 0xF1, 0xFF, 0xFF, 0xFC,
    0x7F, 0xFF, 0xFF, 0x00, 0x0E, 0x70, 0x07, 0x38, 0x03, 0x9C, 0x01, 0xCE, 0x0F, 0xFF, 0x07, 0xFF,
    0xE3, 0xFF, 0xF9, 0xFF, 0xFE, 0xFF, 0xFF, 0x7E, 0x3F, 0xBF, 0x0F, 0xDF, 0x87, 0xEF, 0xC3, 0xF7,
    0xE3, 0xFB, 0xFF, 0xFD, 0xFF, 0xFC, 0xFF, 0xFC, 0x7F, 0xFF, 0x3F, 0xFF, 0xDF, 0x8F, 0xFF, 0xC3,
    0xFF, 0xE0, 0xFF, 0xF0, 0x7F, 0xF8, 0x3F, 0xFC, 0x3F, 0xFE, 0x1F, 0xFF, 0xFF, 0xFF, 0xFF, 0xEF,
    0xFF, 0xE7, 0xFF, 0xE3, 0xFF, 0xE0, 0x1C, 0xE0, 0x0E, 0x70, 0x07, 0x38, 0x03, 0x9C, 0x00, 0x07,
    0xFE, 0x07, 0xFF, 0x8F, 0xFF, 0xC7, 0xFF, 0xE7, 0xFF, 0xE7, 0xF8, 0x13, 0xF8, 0x01, 0xFC, 0x00,
    0xFC, 0x00, 0x7E, 0x00, 0x3F, 0x00, 0x1F, 0x80, 0x0F, 0xC0, 0x07, 0xF0, 0x03, 0xF8, 0x01, 0xFE,
    0x06, 0x7F, 0xFF, 0x3F, 0xFF, 0x8F, 0xFF, 0xC3, 0xFF, 0xE0, 0x7F, 0xE0, 0x00, 0x00, 0x00, 0x00,
    0x00, 0x00, 0xFF, 0xFF, 0x7F, 0xFF, 0xBF, 0xFF, 0xDF, 0xFF, 0xE0, 0x00, 0x00, 0x00, 0x0F, 0x00,
    0x00, 0x7E, 0x00, 0x03, 0xF8, 0x00, 0x3F, 0xE0, 0x01, 0xFF, 0x80, 0x07, 0xFE, 0x00, 0x07, 0xF8,
    0x00, 0x1F, 0xE0, 0x0F, 0xFF, 0x01, 0xFF, 0xFC, 0x1F, 0xFF, 0xE1, 0xFF, 0xFF, 0x9F, 0xFF, 0xFD,
    0xFF, 0x3F, 0xEF, 0xE0, 0x7F, 0xFE, 0x03, 0xFF, 0xF0, 0x0F, 0xFF, 0x00, 0x7F, 0xF8, 0x03, 0xFF,
    0xE0, 0x1F, 0xFF, 0x01, 0xFD, 0xFC, 0x0F, 0xEF, 0xF9, 0xFE, 0x3F, 0xFF, 0xF1, 0xFF, 0xFF, 0x07,
    0xFF, 0xF0, 0x1F, 0xFF, 0x00, 0x3F, 0xE0, 0x00, 0x38, 0x00, 0x00, 0x20, 0x00, 0x0F, 0xF9, 0x80,
    0xFF, 0xFF, 0x07, 0xFF, 0xFE, 0x3F, 0xFF, 0xF1, 0xFF, 0xFF, 0xC7, 0xFC, 0xFF, 0xBF, 0xC7, 0xFE,
    0xFE, 0x3F, 0xFB, 0xF9, 0xFF, 0xEF, 0xEF, 0xDF, 0xBF, 0x7E, 0x7E, 0xFF, 0xF3, 0xFB, 0xFF, 0x8F,
    0xEF, 0xFC, 0x7F, 0x9F, 0xF3, 0xFE, 0x7F, 0xFF, 0xF1, 0xFF, 0xFF, 0x8F, 0xFF, 0xFC, 0x3F, 0xFF,
    0xE0, 0x73, 0xFE, 0x00, 0x01, 0xC0, 0x00, 0x00, 0x02, 0x00, 0x00, 0x00, 0x60, 0x00, 0x00, 0x07,
    0x00, 0x00, 0x00, 0xF0, 0x00, 0x00, 0x0F, 0x80, 0x00, 0x01, 0xF8, 0x00, 0x00, 0x1F, 0xC0, 0x00,
    0x03, 0xFC, 0x00, 0x00, 0x3F, 0xE0, 0x00, 0x03, 0xFE, 0x00, 0x00, 0x7F, 0xF0, 0x00, 0x07, 0xFF,
    0x00, 0x00, 0xFF, 0xF8, 0x00, 0x0F, 0xDF, 0x80, 0x01, 0xF9, 0xFC, 0x00, 0x1F, 0x8F, 0xC0, 0x03,
    0xF0, 0xFE, 0x00, 0x3F, 0x07, 0xE0, 0x07, 0xE0, 0x7F, 0x00, 0x7E, 0x03, 0xF0, 0x0F, 0xC0, 0x3F,
    0x80, 0xFC, 0x01, 0xF8, 0x1F, 0x80, 0x1F, 0xC1, 0xFF, 0xFF, 0xFC, 0x3F, 0xFF, 0xFF, 0xE3, 0xFF,
    0xFF, 0xFE, 0x7F, 0xFF, 0xFF, 0xF7, 0xFF, 0xFF, 0xFF, 0xFF, 0xFF, 0xFF, 0xFF, 0xFF, 0xFF, 0xFF,
    0xFF, 0xFF, 0xFF, 0xFF, 0xFF, 0xFF, 0xFF, 0xFF, 0xFF, 0xFF, 0xFF, 0xFF, 0xFF, 0xC3, 0xF0, 0x1F,
    0x80, 0x7E, 0x03, 0xF0, 0x0F, 0xC0, 0x7E, 0x01, 0xF8, 0x0F, 0xC0, 0x3F, 0x01, 0xF8, 0x07, 0xE0,
    0x3F, 0x00, 0xFC, 0x07, 0xE0, 0x1F, 0x80, 0xFC, 0x03, 0xF0, 0x1F, 0x80, 0x7E, 0x03, 0xF0, 0x0F,
    0xC0, 0x7E, 0x01, 0xF8, 0x0F, 0xC0, 0x3F, 0x01, 0xF8, 0x07, 0xE0, 0x3F, 0x00, 0xFC, 0x07, 0xE0,
    0x1F, 0x80, 0xFC, 0x03, 0xF0, 0x1F, 0x80, 0x7E, 0x03, 0xF0, 0x0F, 0xC0, 0x7E, 0x01, 0xF8, 0x0F,
    0xC0, 0x3F, 0x01, 0xF8, 0x07, 0xE0, 0x3F, 0x00, 0xFC, 0x07, 0xE0, 0x1F, 0x80, 0xFC, 0x03, 0xF0,
    0x1F, 0x80, 0x7E, 0x03, 0xF0, 0x0F, 0xC0, 0x7E, 0x01, 0xF8, 0x0F, 0xC0, 0x3F, 0x01, 0xF8, 0x00,
    0x7F, 0xFF, 0xDF, 0xFF, 0xFF, 0xFF, 0xFF, 0xFF, 0xFF, 0xFF, 0xFF, 0xDF, 0xFF, 0xE3, 0xF8, 0x00,
    0x7F, 0x00, 0x0F, 0xE0, 0x03, 0xFC, 0x00, 0x7F, 0x00, 0x0F, 0xE0, 0x01, 0xFC, 0x00, 0x7F, 0x00,
    0x3F, 0x80, 0x1F, 0xC0, 0x0F, 0xF0, 0x03, 0xF8, 0x01, 0xFC, 0x00, 0xFE, 0x00, 0x7F, 0x80, 0x3F,
    0xFF, 0xFF, 0xFF, 0xFF, 0xFF, 0xFF, 0x7F, 0xFF, 0xDF, 0xFF, 0xF3, 0xFF, 0xF8, 0xFF, 0xFF, 0xFF,
    0xFF, 0xFF, 0xFF, 0xFF, 0xFF, 0xFF, 0xFF, 0xFF, 0xFE, 0x00, 0x00, 0x00, 0x00, 0x00, 0xF8, 0x00,
    0x07, 0xE0, 0x00, 0x1F, 0x80, 0x00, 0xFC, 0x00, 0x03, 0xF0, 0x00, 0x1F, 0x80, 0x00, 0x7E, 0x00,
    0x03, 0xF0, 0x00, 0x0F, 0xC0, 0x00, 0x7E, 0x00, 0x01, 0xF8, 0x00, 0x0F, 0xC0, 0x00, 0x3F, 0x00,
    0x01, 0xF8, 0x00, 0x07, 0xE0, 0x00, 0x3F, 0x00, 0x00, 0xFC, 0x00, 0x07, 0xE0, 0x00, 0x1F, 0x80,
    0x00, 0xFC, 0x00, 0x03, 0xF0, 0x00, 0x1F, 0x80, 0x00, 0x7E, 0x00, 0x03, 0xF0, 0x00, 0x0F, 0xC0,
    0x00, 0x7E, 0x00, 0x01, 0xF8, 0x00, 0x0F, 0xC0, 0x00, 0x3F, 0x00, 0x01, 0xF8, 0x00, 0x07, 0xE0,
    0x00, 0x3F, 0x00, 0x00, 0xFC, 0x00, 0x00, 0x00, 0x00, 0x00, 0x3E, 0x3F, 0xBF, 0xFF, 0xFF, 0xFF,
    0xFF, 0xFE, 0xFE, 0x3E, 0x00, 0x00, 0x00, 0x3F, 0xF0, 0x00, 0x07, 0xFF, 0x00, 0x00, 0x7F, 0xF0,
    0x00, 0x07, 0xFF, 0x00, 0x00, 0xFF, 0xF0, 0x00, 0x0F, 0xFF, 0x00, 0x00, 0xFF, 0xF0, 0x00, 0x1F,
    0xC0, 0x00, 0x01, 0xFC, 0x00, 0x00, 0x1F, 0xC0, 0x00, 0x03, 0xF8, 0x00, 0x00, 0x3F, 0x80, 0x00,
    0x03, 0xF0, 0x00, 0x00, 0x7F, 0x00, 0xFE, 0x07, 0xF0, 0x0F, 0xE0, 0xFE, 0x00, 0x7F, 0x0F, 0xE0,
    0x07, 0xF0, 0xFE, 0x00, 0x7F, 0x1F, 0xC0, 0x03, 0xF9, 0xFC, 0x00, 0x3F, 0x9F, 0xC0, 0x01, 0xFB,
    0xF8, 0x00, 0x1F, 0xBF, 0x80, 0x01, 0xFF, 0xF0, 0x00, 0x0F, 0xFF, 0x00, 0x00, 0xFF, 0xF0, 0x00,
    0x07, 0xFE, 0x00, 0x00, 0x7F, 0xE0, 0x00, 0x07, 0xFE, 0x00, 0x00, 0x3F, 0xC0, 0x00, 0x03, 0xFC,
    0x00, 0x00, 0x1F, 0xC0, 0x00, 0x01, 0xF8, 0x00, 0x00, 0x07, 0xF0, 0x07, 0xF0, 0x1F, 0xFC, 0x1F,
    0xFC, 0x3F, 0xFE, 0x3F, 0xFE, 0x3F, 0xFF, 0x7F, 0xFE, 0x7F, 0xFF, 0xFF, 0xFF, 0x7F, 0xFF, 0xFF,
    0xFF, 0x7E, 0x1F, 0xFC, 0x3F, 0x7C, 0x0F, 0xF8, 0x3F, 0x7C, 0x07, 0xF0, 0x1F, 0x7C, 0x0F, 0xF8,
    0x3F, 0x7E, 0x1F, 0xFC, 0x3F, 0x7F, 0xFF, 0xFF, 0xFF, 0x7F, 0xFF, 0xFF, 0xFF, 0x3F, 0xFF, 0x7F,
    0xFE, 0x3F, 0xFE, 0x3F, 0xFE, 0x1F, 0xFC, 0x0F, 0xFC, 0x07, 0xF0, 0x07, 0xF0, 0x00, 0x01, 0xFE,
    0x00, 0x00, 0xFF, 0xE0, 0x00, 0x7F, 0xF8, 0x00, 0x3F, 0xFE, 0x00, 0x0F, 0xFF, 0x00, 0x03, 0xFF,
    0xC0, 0x01, 0xFE, 0x70, 0x00, 0x7F, 0x00, 0x00, 0x1F, 0xC0, 0x00, 0x07, 0xE0, 0x00, 0x01, 0xF8,
    0x00, 0x00, 0xFE, 0x00, 0x00, 0x3F, 0x80, 0x00, 0x0F, 0xE0, 0x00, 0x03, 0xF8, 0x00, 0x00, 0xFC,
    0x00, 0x00, 0x7F, 0x00, 0x00, 0x1F, 0xC0, 0x00, 0x07, 0xF0, 0x00, 0x01, 0xFC, 0x00, 0x00, 0x7F,
    0x00, 0x00, 0x3F, 0x80, 0x00, 0x0F, 0xE0, 0x00, 0x03, 0xF8, 0x00, 0x00, 0xFE, 0x00, 0x04, 0x7F,
    0x80, 0x03, 0xFF, 0xC0, 0x00, 0xFF, 0xF0, 0x00, 0x7F, 0xFC, 0x00, 0x3F, 0xFE, 0x00, 0x0F, 0xFF,
    0x00, 0x01, 0xFF, 0x80, 0x00, 0x1F, 0xC0, 0x00, 0x00, 0x1E, 0x00, 0x07, 0xF8, 0x3D, 0xFF, 0xEF,
    0xFF, 0xFF, 0xFF, 0xFF, 0xFF, 0xF3, 0xFF, 0xBC, 0x0F, 0xF0, 0x00, 0x30, 0x1E, 0x00, 0x07, 0xF8,
    0x3D, 0xFF, 0xEF, 0xFF, 0xFF, 0xFF, 0xFF, 0xFF, 0xF3, 0xFF, 0xBC, 0x0F, 0xF0, 0x00, 0x38, 0x00,
    0x0F, 0x80, 0x01, 0xF8, 0x00, 0x1F, 0x80, 0x03, 0xF0, 0xFF, 0xFF, 0xFF, 0xFF, 0xFF, 0xFF, 0xFF,
    0xFF, 0xFF, 0xFF, 0xFF, 0xFF, 0xF0, 0x1F, 0x80, 0x01, 0xF0, 0x00, 0x3F, 0x00, 0xFF, 0xFF, 0xFF,
    0xFF, 0xFF, 0xFF, 0xFF, 0xFF, 0xFF, 0xFF, 0xFF, 0xFF, 0xF1, 0xF8, 0x00, 0x3F, 0x00, 0x03, 0xF0,
    0x00, 0x3E, 0x00, 0x00, 0x00, 0x00, 0x00, 0x00, 0x78, 0x00, 0x7F, 0x00, 0x3F, 0xE0, 0x3F, 0xFC,
    0x3F, 0xFF, 0xBF, 0xFF, 0x87, 0xFF, 0x80, 0xFF, 0xC0, 0x1F, 0xFF, 0x03, 0xFF, 0xFC, 0x0F, 0xFF,
    0xE0, 0x3F, 0xFC, 0x00, 0xFF, 0x80, 0x03, 0xF0, 0x00, 0x0E, 0x00, 0x00, 0x1F, 0xFF, 0xFF, 0xFF,
    0xFF, 0xFF, 0xFF, 0xFF, 0xFF, 0xFF, 0xFF, 0xFF, 0xC0, 0x00, 0x00, 0x07, 0x00, 0x01, 0xFC, 0x00,
    0x3F, 0xF0, 0x07, 0xFF, 0xC0, 0xFF, 0xFF, 0x03, 0xFF, 0xF8, 0x0F, 0xFF, 0x00, 0x3F, 0xE0, 0x3F,
    0xFC, 0x3F, 0xFF, 0xBF, 0xFF, 0xC7, 0xFF, 0xC0, 0xFF, 0xC0, 0x1F, 0xC0, 0x01, 0xC0, 0x00, 0x00,
    0x00, 0x1F, 0xFF, 0xFF, 0xFF, 0xFF, 0xFF, 0xFF, 0xFF, 0xFF, 0xFF, 0xFF, 0xFF, 0xC0, 0x03, 0xFE,
    0x0F, 0xFC, 0x3F, 0xF8, 0x7F, 0xF0, 0xFF, 0xE3, 0xFF, 0xC7, 0xFF, 0x9F, 0xFE, 0x1F, 0xFC, 0x7F,
    0xF8, 0x7E, 0x01, 0xFC, 0x01, 0xF8, 0x07, 0xE0, 0x07, 0xE0, 0x1F, 0x80, 0x7F, 0xFD, 0xFF, 0xF3,
    0xFF, 0xFF, 0xFF, 0xCF, 0xFF, 0xFF, 0xFF, 0x3F, 0xFF, 0xFF, 0xFC, 0xFF, 0xFF, 0xFF, 0xF0, 0x7E,
    0x01, 0xF8, 0x01, 0xF8, 0x07, 0xE0, 0x07, 0xE0, 0x1F, 0x80, 0x1F, 0x80, 0x7E, 0x00, 0x7E, 0x01,
    0xF8, 0x01, 0xF8, 0x07, 0xE0, 0x07, 0xE0, 0x1F, 0x80, 0x1F, 0x80, 0x7E, 0x00, 0x7E, 0x01, 0xF8,
    0x01, 0xF8, 0x07, 0xE0, 0x07, 0xE0, 0x1F, 0x80, 0x1F, 0x80, 0x7E, 0x00, 0x7E, 0x01, 0xF8, 0x01,
    0xF8, 0x07, 0xE0, 0x07, 0xE0, 0x1F, 0x80, 0x1F, 0x80, 0x7E, 0x00, 0x00, 0x00, 0x7C, 0x00, 0x01,
    0xFC, 0x00, 0x03, 0xF8, 0x1F, 0xE7, 0xF0, 0x7F, 0xEF, 0xE1, 0xFF, 0x8F, 0x87, 0xFF, 0x00, 0x0F,
    0xFC, 0x00, 0x1F, 0xC8, 0x00, 0x3F, 0x80, 0x00, 0x7F, 0x01, 0xFF, 0xFF, 0xC3, 0xFF, 0xFF, 0x87,
    0xFF, 0xFF, 0x0F, 0xFF, 0xFE, 0x1F, 0xFF, 0xFC, 0x3F, 0x1F, 0x80, 0x7E, 0x3F, 0x00, 0xFC, 0x7E,
    0x01, 0xF8, 0xFC, 0x03, 0xF1, 0xF8, 0x07, 0xE3, 0xF0, 0x0F, 0xC7, 0xE0, 0x1F, 0x8F, 0xC0, 0x3F,
    0x1F, 0x80, 0x7E, 0x3F, 0x00, 0xFC, 0x7E, 0x01, 0xF8, 0xFC, 0x03, 0xF1, 0xF8, 0x07, 0xE3, 0xF0,
    0x0F, 0xC0, 0x03, 0xFC, 0x7E, 0x0F, 0xFC, 0xFC, 0x3F, 0xF9, 0xF8, 0xFF, 0xE3, 0xF1, 0xFF, 0xC7,
    0xE3, 0xFD, 0x0F, 0xC7, 0xF0, 0x1F, 0x8F, 0xE0, 0x3F, 0xFF, 0xFC, 0x7F, 0xFF, 0xF8, 0xFF, 0xFF,
    0xF1, 0xFF, 0xFF, 0xE3, 0xFF, 0xFF, 0xC7, 0xE3, 0xF0, 0x0F, 0xC7, 0xE0, 0x1F, 0x8F, 0xC0, 0x3F,
    0x1F, 0x80, 0x7E, 0x3F, 0x00, 0xFC, 0x7E, 0x01, 0xF8, 0xFC, 0x03, 0xF1, 0xF8, 0x07, 0xE3, 0xF0,
    0x0F, 0xC7, 0xE0, 0x1F, 0x8F, 0xC0, 0x3F, 0x1F, 0x80, 0x7E, 0x3F, 0x00, 0xFC, 0x7E, 0x01, 0xF8,
    0x03, 0xFE, 0x0F, 0xFD, 0xF0, 0x7F, 0xF0, 0xFF, 0xEF, 0xC3, 0xFF, 0x8F, 0xFF, 0x7E, 0x3F, 0xFC,
    0xFF, 0xF3, 0xF1, 0xFF, 0xE7, 0xFF, 0x9F, 0x8F, 0xC0, 0x3F, 0x80, 0xF8, 0x7E, 0x01, 0xF8, 0x00,
    0x03, 0xF0, 0x0F, 0xC0, 0x00, 0x7F, 0xFD, 0xFF, 0xF1, 0xFF, 0xFF, 0xFF, 0xFF, 0x8F, 0xFF, 0xFF,
    0xFF, 0xFC, 0x7F, 0xFF, 0xFF, 0xFF, 0xE3, 0xFF, 0xFF, 0xFF, 0xFF, 0x1F, 0x8F, 0xC0, 0x3F, 0x00,
    0xFC, 0x7E, 0x01, 0xF8, 0x07, 0xE3, 0xF0, 0x0F, 0xC0, 0x3F, 0x1F, 0x80, 0x7E, 0x01, 0xF8, 0xFC,
    0x03, 0xF0, 0x0F, 0xC7, 0xE0, 0x1F, 0x80, 0x7E, 0x3F, 0x00, 0xFC, 0x03, 0xF1, 0xF8, 0x07, 0xE0,
    0x1F, 0x8F, 0xC0, 0x3F, 0x00, 0xFC, 0x7E, 0x01, 0xF8, 0x07, 0xE3, 0xF0, 0x0F, 0xC0, 0x3F, 0x1F,
    0x80, 0x7E, 0x01, 0xF8, 0xFC, 0x03, 0xF0, 0x0F, 0xC7, 0xE0, 0x1F, 0x80, 0x7E, 0x3F, 0x00, 0xFC,
    0x03, 0xF1, 0xF8, 0x07, 0xE0, 0x1F, 0x80, 0x03, 0xFE, 0x0F, 0xFD, 0xF8, 0x7F, 0xF0, 0xFF, 0xEF,
    0xC7, 0xFF, 0x8F, 0xFF, 0x7E, 0x3F, 0xFC, 0xFF, 0xF3, 0xF1, 0xFF, 0xC7, 0xFF, 0x9F, 0x8F, 0xC0,
    0x3F, 0x80, 0xFC, 0x7E, 0x01, 0xF8, 0x07, 0xE3, 0xF0, 0x0F, 0xC0, 0x3F, 0x7F, 0xFD, 0xFF, 0xF1,
    0xFF, 0xFF, 0xFF, 0xFF, 0x8F, 0xFF, 0xFF, 0xFF, 0xFC, 0x7F, 0xFF, 0xFF, 0xFF, 0xE3, 0xFF, 0xFF,
    0xFF, 0xFF, 0x1F, 0x8F, 0xC0, 0x3F, 0x00, 0xFC, 0x7E, 0x01, 0xF8, 0x07, 0xE3, 0xF0, 0x0F, 0xC0,
    0x3F, 0x1F, 0x80, 0x7E, 0x01, 0xF8, 0xFC, 0x03, 0xF0, 0x0F, 0xC7, 0xE0, 0x1F, 0x80, 0x7E, 0x3F,
    0x00, 0xFC, 0x03, 0xF1, 0xF8, 0x07, 0xE0, 0x1F, 0x8F, 0xC0, 0x3F, 0x00, 0xFC, 0x7E, 0x01, 0xF8,
    0x07, 0xE3, 0xF0, 0x0F, 0xC0, 0x3F, 0x1F, 0x80, 0x7E, 0x01, 0xF8, 0xFC, 0x03, 0xF0, 0x0F, 0xC7,
    0xE0, 0x1F, 0x80, 0x7E, 0x3F, 0x00, 0xFC, 0x03, 0xF1, 0xF8, 0x07, 0xE0, 0x1F, 0x80, 0x07, 0xFE,
    0x00, 0x0F, 0xFF, 0xE0, 0x0F, 0xFF, 0xF8, 0x0F, 0xFF, 0xFC, 0x0F, 0xFF, 0xFE, 0x07, 0xF0, 0x3F,
    0x03, 0xF0, 0x1F, 0x81, 0xF8, 0x0F, 0xC0, 0xFC, 0x0F, 0xFF, 0xFE, 0x0F, 0xFF, 0xFF, 0x07, 0xFF,
    0xFF, 0x83, 0xFF, 0xFF, 0xC1, 0xFF, 0xFF, 0xE0, 0x3F, 0x03, 0xF0, 0x1F, 0x81, 0xF8, 0x0F, 0xC0,
    0xFC, 0x07, 0xE0, 0x7E, 0x03, 0xF0, 0x3F, 0x01, 0xF8, 0x1F, 0x80, 0xFC, 0x0F, 0xC0, 0x7E, 0x07,
    0xE0, 0x3F, 0x03, 0xF0, 0x1F, 0x81, 0xF8, 0x0F, 0xE0, 0xFC, 0x07, 0xFF, 0xFE, 0x03, 0xFF, 0xFF,
    0x00, 0xFF, 0xFF, 0x80, 0x3F, 0xFF, 0xC0, 0x0F, 0xF8, 0x00, 0x0F, 0xFC, 0x00, 0x00, 0x3F, 0xFF,
    0x80, 0x00, 0x7F, 0xFF, 0xC0, 0x00, 0xFF, 0xFF, 0xC0, 0x00, 0xFF, 0xFF, 0xC0, 0x00, 0xFC, 0x0F,
    0xC0, 0x00, 0xF8, 0x0F, 0xC0, 0x00, 0xFC, 0x0F, 0xC0, 0x1F, 0xFC, 0x1F, 0xFF, 0x7F, 0xFF, 0x3F,
    0xFF, 0x7F, 0xFE, 0x3F, 0xFF, 0xFF, 0xFE, 0x3F, 0xFF, 0xFF, 0xFC, 0x3F, 0xFF, 0xFC, 0x04, 0x0F,
    0xC0, 0xFE, 0x00, 0x0F, 0xC0, 0xFF, 0x80, 0x0F, 0xC0, 0xFF, 0xE0, 0x0F, 0xC0, 0x7F, 0xF8, 0x0F,
    0xC0, 0x3F, 0xFC, 0x0F, 0xC0, 0x0F, 0xFE, 0x0F, 0xC0, 0x03, 0xFF, 0x0F, 0xC0, 0x00, 0xFF, 0x0F,
    0xC0, 0x00, 0x3F, 0x0F, 0xC0, 0xC0, 0x7F, 0x0F, 0xE0, 0xFF, 0xFF, 0x0F, 0xFF, 0xFF, 0xFF, 0x0F,
    0xFF, 0xFF, 0xFE, 0x07, 0xFF, 0xFF, 0xFC, 0x03, 0xFF, 0x7F, 0xF0, 0x01, 0xFF, 0x00, 0x00, 0x00,
    0x00, 0x00, 0x00, 0x1C, 0x00, 0x00, 0x00, 0x07, 0xC0, 0x00, 0x00, 0x01, 0xFC, 0x00, 0x00, 0x00,
    0x7F, 0xC0, 0x00, 0x00, 0x1F, 0xFC, 0x00, 0x00, 0x07, 0xFF, 0xC0, 0x00, 0x01, 0xFF, 0xFC, 0x00,
    0x00, 0x7F, 0x0F, 0xC0, 0x00, 0x1F, 0x00, 0x7C, 0x00, 0x07, 0xC0, 0x07, 0xC0, 0x01, 0xFC, 0xF0,
    0xFC, 0x00, 0x7F, 0xFF, 0x0F, 0xC0, 0x1F, 0xFF, 0xE1, 0xFC, 0x07, 0xFF, 0xFC, 0x3F, 0xC1, 0xFF,
    0xFF, 0x8F, 0xFC, 0x7F, 0xFF, 0xE1, 0xFF, 0xDF, 0xFF, 0xF0, 0x7F, 0xFD, 0xFF, 0xFC, 0x3F, 0xFF,
    0x9F, 0xFF, 0x8F, 0xFF, 0xE1, 0xFF, 0xF1, 0xFF, 0xF8, 0x1F, 0xFC, 0x3F, 0xFE, 0x01, 0xFF, 0xFF,
    0xFF, 0x80, 0x1F, 0xFF, 0xFF, 0xE0, 0x01, 0xFF, 0xFF, 0xF8, 0x00, 0x1F, 0xE7, 0xFE, 0x00, 0x01,
    0xF8, 0x7F, 0x80, 0x00, 0x1F, 0x0F, 0xE0, 0x00, 0x01, 0xE1, 0xF8, 0x00, 0x00, 0x1E, 0x7E, 0x00,
    0x00, 0x01, 0xFF, 0x80, 0x00, 0x00, 0x1F, 0xE0, 0x00, 0x00, 0x01, 0xF8, 0x00, 0x00, 0x00, 0x1E,
    0x00, 0x00, 0x00, 0x01, 0x80, 0x00, 0x00, 0x00, 0x00, 0x00, 0x00,
};

static const EpdGlyph lexenddeca_18_boldGlyphs[] = {
    { 0, 0, 0, 0, 0, 0, 0 }, // U+0000
    { 0, 0, 166, 0, 0, 0, 0 }, // U+000D
    { 0, 0, 192, 0, 0, 0, 0 }, // U+0020
    { 7, 26, 185, 3, 26, 23, 0 }, // !
    { 17, 10, 286, 1, 26, 22, 23 }, // "
    { 24, 26, 440, 2, 26, 78, 45 }, // #
    { 22, 33, 380, 0, 30, 91, 123 }, // $
    { 33, 27, 581, 1, 27, 112, 214 }, // %
    { 27, 27, 466, 2, 27, 92, 326 }, // &
    { 8, 10, 151, 1, 26, 10, 418 }, // '
    { 13, 33, 234, 1, 26, 54, 428 }, // (
    { 14, 33, 234, 0, 26, 58, 482 }, // )
    { 16, 15, 264, 0, 28, 30, 540 }, // *
    { 19, 18, 358, 1, 20, 43, 570 }, // +
    { 8, 13, 172, 1, 5, 13, 613 }, // ,
    { 13, 6, 269, 2, 14, 10, 626 }, // -
    { 7, 7, 154, 2, 7, 7, 636 }, // .
    { 22, 31, 357, 0, 26, 86, 643 }, // /
    { 23, 27, 405, 1, 27, 78, 729 }, // 0
    { 17, 26, 337, 2, 26, 56, 807 }, // 1
    { 20, 27, 329, 0, 27, 68, 863 }, // 2
    { 21, 26, 355, 1, 26, 69, 931 }, // 3
    { 24, 26, 397, 0, 26, 78, 1000 }, // 4
    { 21, 26, 358, 1, 26, 69, 1078 }, // 5
    { 21, 26, 347, 1, 26, 69, 1147 }, // 6
    { 18, 26, 332, 2, 26, 59, 1216 }, // 7
    { 20, 27, 359, 1, 27, 68, 1275 }, // 8
    { 20, 27, 346, 1, 27, 68, 1343 }, // 9
    { 7, 20, 154, 2, 20, 18, 1411 }, // :
    { 8, 28, 175, 1, 20, 28, 1429 }, // ;
    { 18, 21, 315, 2, 20, 48, 1457 }, // <
    { 18, 13, 374, 3, 17, 30, 1505 }, // =
    { 18, 21, 316, 1, 20, 48, 1535 }, // >
    { 19, 27, 322, 0, 27, 65, 1583 }, // ?
    { 33, 32, 579, 1, 27, 132, 1648 }, // @
    { 28, 26, 416, -1, 26, 91, 1780 }, // A
    { 22, 26, 421, 3, 26, 72, 1871 }, // B
    { 24, 27, 416, 2, 27, 81, 1943 }, // C
    { 24, 26, 463, 3, 26, 78, 2024 }, // D
    { 19, 26, 387, 3, 26, 62, 2102 }, // E
    { 18, 26, 371, 3, 26, 59, 2164 }, // F
    { 27, 27, 469, 2, 27, 92, 2223 }, // G
    { 23, 26, 467, 3, 26, 75, 2315 }, // H
    { 15, 26, 333, 3, 26, 49, 2390 }, // I
    { 21, 26, 399, 1, 26, 69, 2439 }, // J
    { 24, 26, 443, 3, 26, 78, 2508 }, // K
    { 18, 26, 365, 3, 26, 59, 2586 }, // L
    { 27, 26, 527, 3, 26, 88, 2645 }, // M
    { 24, 26, 484, 3, 26, 78, 2733 }, // N
    { 27, 27, 487, 2, 27, 92, 2811 }, // O
    { 20, 26, 397, 3, 26, 65, 2903 }, // P
    { 27, 31, 487, 2, 27, 105, 2968 }, // Q
    { 23, 26, 421, 3, 26, 75, 3073 }, // R
    { 22, 27, 380, 0, 27, 75, 3148 }, // S
    { 22, 26, 393, 1, 26, 72, 3223 }, // T
    { 23, 26, 459, 3, 26, 75, 3295 }, // U
    { 27, 26, 427, 0, 26, 88, 3370 }, // V
    { 38, 26, 596, 0, 26, 124, 3458 }, // W
    { 28, 26, 423, -1, 26, 91, 3582 }, // X
    { 27, 26, 413, -1, 26, 88, 3673 }, // Y
    { 21, 26, 410, 2, 26, 69, 3761 }, // Z
    { 11, 33, 252, 3, 26, 46, 3830 }, // [
    { 22, 30, 350, 0, 26, 83, 3876 }, // <backslash>
    { 13, 33, 252, 1, 26, 54, 3959 }, // ]
    { 22, 14, 355, 0, 27, 39, 4013 }, // ^
    { 23, 6, 412, 1, -1, 18, 4052 }, // _
    { 11, 9, 300, 4, 30, 13, 4070 }, // `
    { 21, 20, 395, 1, 20, 53, 4083 }, // a
    { 21, 27, 395, 3, 27, 71, 4136 }, // b
    { 19, 20, 327, 1, 20, 48, 4207 }, // c
    { 21, 27, 392, 1, 27, 71, 4255 }, // d
    { 20, 20, 352, 1, 20, 50, 4326 }, // e
    { 15, 28, 236, 1, 28, 53, 4376 }, // f
    { 22, 29, 401, 1, 20, 80, 4429 }, // g
    { 19, 27, 381, 3, 27, 65, 4509 }, // h
    { 7, 30, 191, 2, 30, 27, 4574 }, // i
    { 12, 37, 190, -2, 29, 56, 4601 }, // j
    { 21, 27, 376, 3, 27, 71, 4657 }, // k
    { 7, 27, 182, 3, 27, 24, 4728 }, // l
    { 32, 20, 577, 3, 20, 80, 4752 }, // m
    { 19, 20, 381, 3, 20, 48, 4832 }, // n
    { 22, 20, 385, 1, 20, 55, 4880 }, // o
    { 21, 28, 395, 3, 20, 74, 4935 }, // p
    { 21, 28, 395, 1, 20, 74, 5009 }, // q
    { 15, 20, 273, 3, 20, 38, 5083 }, // r
    { 17, 20, 297, 0, 20, 43, 5121 }, // s
    { 14, 25, 239, 0, 25, 44, 5164 }, // t
    { 19, 20, 385, 2, 20, 48, 5208 }, // u
    { 23, 20, 363, 0, 20, 58, 5256 }, // v
    { 31, 20, 500, 0, 20, 78, 5314 }, // w
    { 23, 20, 364, 0, 20, 58, 5392 }, // x
    { 24, 28, 372, 0, 20, 84, 5450 }, // y
    { 17, 20, 330, 2, 20, 43, 5534 }, // z
    { 14, 35, 256, 1, 27, 62, 5577 }, // {
    { 7, 34, 191, 3, 27, 30, 5639 }, // |
    { 14, 35, 256, 0, 27, 62, 5669 }, // }
    { 19, 8, 335, 1, 15, 19, 5731 }, // ~
    { 0, 0, 192, 0, 0, 0, 5750 }, // U+00A0
    { 7, 27, 185, 3, 20, 24, 5750 }, // U+00A1
    { 20, 26, 338, 2, 26, 65, 5774 }, // U+00A2
    { 23, 27, 383, 1, 27, 78, 5839 }, // U+00A3
    { 20, 18, 336, 1, 20, 45, 5917 }, // U+00A4
    { 27, 26, 413, -1, 26, 88, 5962 }, // U+00A5
    { 7, 35, 194, 3, 27, 31, 6050 }, // U+00A6
    { 20, 33, 345, 1, 27, 83, 6081 }, // U+00A7
    { 16, 6, 300, 2, 29, 12, 6164 }, // U+00A8
    { 28, 27, 475, 1, 26, 95, 6176 }, // U+00A9
    { 13, 13, 235, 1, 28, 22, 6271 }, // U+00AA
    { 20, 19, 337, 1, 19, 48, 6293 }, // U+00AB
    { 24, 13, 402, 1, 16, 39, 6341 }, // U+00AC
    { 13, 6, 272, 2, 14, 10, 6380 }, // U+00AD
    { 19, 19, 304, 1, 28, 46, 6390 }, // U+00AE
    { 13, 4, 254, 3, 27, 7, 6436 }, // U+00AF
    { 13, 12, 319, 4, 27, 20, 6443 }, // U+00B0
    { 19, 22, 385, 3, 22, 53, 6463 }, // U+00B1
    { 12, 14, 218, 1, 30, 21, 6516 }, // U+00B2
    { 12, 15, 214, 1, 30, 23, 6537 }, // U+00B3
    { 11, 9, 300, 4, 30, 13, 6560 }, // U+00B4
    { 19, 26, 383, 3, 20, 62, 6573 }, // U+00B5
    { 24, 26, 458, 1, 26, 78, 6635 }, // U+00B6
    { 7, 7, 154, 2, 16, 7, 6713 }, // U+00B7
    { 9, 10, 300, 5, 1, 12, 6720 }, // U+00B8
    { 9, 14, 175, 0, 30, 16, 6732 }, // U+00B9
    { 13, 13, 240, 1, 28, 22, 6748 }, // U+00BA
    { 20, 18, 339, 1, 19, 45, 6770 }, // U+00BB
    { 29, 27, 493, 1, 27, 98, 6815 }, // U+00BC
    { 29, 27, 496, 1, 27, 98, 6913 }, // U+00BD
    { 31, 27, 510, 0, 27, 105, 7011 }, // U+00BE
    { 18, 27, 322, 1, 20, 61, 7116 }, // U+00BF
    { 28, 35, 416, -1, 35, 123, 7177 }, // U+00C0
    { 28, 35, 416, -1, 35, 123, 7300 }, // U+00C1
    { 28, 34, 416, -1, 34, 119, 7423 }, // U+00C2
    { 26, 34, 416, 0, 34, 111, 7542 }, // U+00C3
    { 27, 34, 416, -1, 34, 115, 7653 }, // U+00C4
    { 28, 34, 416, -1, 34, 119, 7768 }, // U+00C5
    { 40, 26, 645, -1, 26, 130, 7887 }, // U+00C6
    { 24, 36, 416, 2, 27, 108, 8017 }, // U+00C7
    { 19, 35, 387, 3, 35, 84, 8125 }, // U+00C8
    { 19, 35, 387, 3, 35, 84, 8209 }, // U+00C9
    { 19, 34, 387, 3, 34, 81, 8293 }, // U+00CA
    { 19, 34, 387, 3, 34, 81, 8374 }, // U+00CB
    { 15, 35, 333, 3, 35, 66, 8455 }, // U+00CC
    { 15, 35, 333, 3, 35, 66, 8521 }, // U+00CD
    { 15, 34, 333, 3, 34, 64, 8587 }, // U+00CE
    { 16, 34, 333, 3, 34, 68, 8651 }, // U+00CF
    { 26, 26, 463, 1, 26, 85, 8719 }, // U+00D0
    { 24, 34, 484, 3, 34, 102, 8804 }, // U+00D1
    { 27, 35, 487, 2, 35, 119, 8906 }, // U+00D2
    { 27, 35, 487, 2, 35, 119, 9025 }, // U+00D3
    { 27, 34, 487, 2, 34, 115, 9144 }, // U+00D4
    { 27, 35, 487, 2, 35, 119, 9259 }, // U+00D5
    { 27, 34, 487, 2, 34, 115, 9378 }, // U+00D6
    { 18, 18, 319, 1, 19, 41, 9493 }, // U+00D7
    { 27, 30, 484, 2, 28, 102, 9534 }, // U+00D8
    { 23, 35, 459, 3, 35, 101, 9636 }, // U+00D9
    { 23, 35, 459, 3, 35, 101, 9737 }, // U+00DA
    { 23, 34, 459, 3, 34, 98, 9838 }, // U+00DB
    { 23, 34, 459, 3, 34, 98, 9936 }, // U+00DC
    { 27, 35, 413, -1, 35, 119, 10034 }, // U+00DD
    { 20, 26, 397, 3, 26, 65, 10153 }, // U+00DE
    { 24, 28, 400, 1, 28, 84, 10218 }, // U+00DF
    { 21, 30, 395, 1, 30, 79, 10302 }, // U+00E0
    { 21, 30, 395, 1, 30, 79, 10381 }, // U+00E1
    { 21, 29, 395, 1, 29, 77, 10460 }, // U+00E2
    { 21, 29, 395, 1, 29, 77, 10537 }, // U+00E3
    { 21, 30, 395, 1, 30, 79, 10614 }, // U+00E4
    { 21, 31, 395, 1, 31, 82, 10693 }, // U+00E5
    { 33, 20, 540, 1, 20, 83, 10775 }, // U+00E6
    { 19, 29, 327, 1, 20, 69, 10858 }, // U+00E7
    { 20, 30, 352, 1, 30, 75, 10927 }, // U+00E8
    { 20, 30, 352, 1, 30, 75, 11002 }, // U+00E9
    { 20, 29, 352, 1, 29, 73, 11077 }, // U+00EA
    { 20, 30, 352, 1, 30, 75, 11150 }, // U+00EB
    { 11, 31, 173, -1, 31, 43, 11225 }, // U+00EC
    { 10, 31, 173, 0, 31, 39, 11268 }, // U+00ED
    { 16, 29, 173, -3, 29, 58, 11307 }, // U+00EE
    { 16, 29, 173, -2, 29, 58, 11365 }, // U+00EF
    { 21, 29, 358, 1, 29, 77, 11423 }, // U+00F0
    { 19, 28, 381, 3, 28, 67, 11500 }, // U+00F1
    { 22, 30, 385, 1, 30, 83, 11567 }, // U+00F2
    { 22, 30, 385, 1, 30, 83, 11650 }, // U+00F3
    { 22, 29, 385, 1, 29, 80, 11733 }, // U+00F4
    { 22, 29, 385, 1, 29, 80, 11813 }, // U+00F5
    { 22, 30, 385, 1, 30, 83, 11893 }, // U+00F6
    { 19, 20, 358, 2, 20, 48, 11976 }, // U+00F7
    { 22, 22, 385, 1, 21, 61, 12024 }, // U+00F8
    { 19, 31, 385, 2, 31, 74, 12085 }, // U+00F9
    { 19, 31, 385, 2, 31, 74, 12159 }, // U+00FA
    { 19, 29, 385, 2, 29, 69, 12233 }, // U+00FB
    { 19, 30, 385, 2, 30, 72, 12302 }, // U+00FC
    { 24, 39, 372, 0, 31, 117, 12374 }, // U+00FD
    { 21, 35, 395, 3, 27, 92, 12491 }, // U+00FE
    { 23, 38, 372, 0, 30, 110, 12583 }, // U+00FF
    { 27, 33, 416, -1, 33, 112, 12693 }, // U+0100
    { 21, 28, 395, 1, 28, 74, 12805 }, // U+0101
    { 28, 35, 416, -1, 35, 123, 12879 }, // U+0102
    { 21, 29, 395, 1, 29, 77, 13002 }, // U+0103
    { 27, 34, 416, 0, 26, 115, 13079 }, // U+0104
    { 21, 28, 395, 1, 20, 74, 13194 }, // U+0105
    { 24, 35, 416, 2, 35, 105, 13268 }, // U+0106
    { 19, 30, 327, 1, 30, 72, 13373 }, // U+0107
    { 24, 34, 416, 2, 34, 102, 13445 }, // U+0108
    { 19, 29, 327, 1, 29, 69, 13547 }, // U+0109
    { 24, 34, 416, 2, 34, 102, 13616 }, // U+010A
    { 19, 30, 327, 1, 30, 72, 13718 }, // U+010B
    { 24, 35, 416, 2, 35, 105, 13790 }, // U+010C
    { 19, 30, 327, 1, 30, 72, 13895 }, // U+010D
    { 24, 35, 463, 3, 35, 105, 13967 }, // U+010E
    { 30, 27, 452, 1, 27, 102, 14072 }, // U+010F
    { 26, 26, 463, 1, 26, 85, 14174 }, // U+0110
    { 23, 28, 392, 1, 28, 81, 14259 }, // U+0111
    { 19, 33, 387, 3, 33, 79, 14340 }, // U+0112
    { 20, 28, 352, 1, 28, 70, 14419 }, // U+0113
    { 19, 35, 387, 3, 35, 84, 14489 }, // U+0114
    { 20, 29, 352, 1, 29, 73, 14573 }, // U+0115
    { 19, 34, 387, 3, 34, 81, 14646 }, // U+0116
    { 20, 30, 352, 1, 30, 75, 14727 }, // U+0117
    { 19, 34, 387, 3, 26, 81, 14802 }, // U+0118
    { 20, 28, 352, 1, 20, 70, 14883 }, // U+0119
    { 19, 35, 387, 3, 35, 84, 14953 }, // U+011A
    { 20, 30, 352, 1, 30, 75, 15037 }, // U+011B
    { 27, 34, 469, 2, 34, 115, 15112 }, // U+011C
    { 22, 38, 401, 1, 29, 105, 15227 }, // U+011D
    { 27, 35, 469, 2, 35, 119, 15332 }, // U+011E
    { 22, 38, 401, 1, 29, 105, 15451 }, // U+011F
    { 27, 34, 469, 2, 34, 115, 15556 }, // U+0120
    { 22, 38, 401, 1, 29, 105, 15671 }, // U+0121
    { 27, 38, 469, 2, 27, 129, 15776 }, // U+0122
    { 22, 41, 401, 1, 32, 113, 15905 }, // U+0123
    { 23, 34, 467, 3, 34, 98, 16018 }, // U+0124
    { 19, 36, 381, 3, 36, 86, 16116 }, // U+0125
    { 29, 26, 492, 1, 26, 95, 16202 }, // U+0126
    { 21, 28, 381, 1, 28, 74, 16297 }, // U+0127
    { 15, 34, 333, 3, 34, 64, 16371 }, // U+0128
    { 14, 28, 173, -1, 28, 49, 16435 }, // U+0129
    { 15, 33, 333, 3, 33, 62, 16484 }, // U+012A
    { 13, 27, 173, -1, 27, 44, 16546 }, // U+012B
    { 15, 35, 333, 3, 35, 66, 16590 }, // U+012C
    { 14, 29, 173, -2, 29, 51, 16656 }, // U+012D
    { 15, 34, 333, 3, 26, 64, 16707 }, // U+012E
    { 10, 37, 173, 1, 29, 47, 16771 }, // U+012F
    { 15, 34, 333, 3, 34, 64, 16818 }, // U+0130
    { 7, 20, 173, 2, 20, 18, 16882 }, // U+0131
    { 40, 26, 732, 3, 26, 130, 16900 }, // U+0132
    { 19, 37, 381, 2, 29, 88, 17030 }, // U+0133
    { 21, 34, 399, 1, 34, 90, 17118 }, // U+0134
    { 16, 37, 189, -2, 29, 74, 17208 }, // U+0135
    { 25, 37, 443, 3, 26, 116, 17282 }, // U+0136
    { 22, 38, 376, 3, 27, 105, 17398 }, // U+0137
    { 21, 20, 377, 3, 20, 53, 17503 }, // U+0138
    { 20, 35, 365, 1, 35, 88, 17556 }, // U+0139
    { 11, 36, 182, 1, 36, 50, 17644 }, // U+013A
    { 18, 37, 365, 3, 26, 84, 17694 }, // U+013B
    { 8, 38, 182, 2, 27, 38, 17778 }, // U+013C
    { 18, 26, 365, 3, 26, 59, 17816 }, // U+013D
    { 16, 27, 242, 3, 27, 54, 17875 }, // U+013E
    { 18, 26, 365, 3, 26, 59, 17929 }, // U+013F
    { 15, 27, 269, 3, 27, 51, 17988 }, // U+0140
    { 23, 26, 375, -1, 26, 75, 18039 }, // U+0141
    { 16, 27, 226, -1, 27, 54, 18114 }, // U+0142
    { 24, 35, 484, 3, 35, 105, 18168 }, // U+0143
    { 19, 30, 381, 3, 30, 72, 18273 }, // U+0144
    { 24, 37, 484, 3, 26, 111, 18345 }, // U+0145
    { 19, 31, 381, 3, 20, 74, 18456 }, // U+0146
    { 24, 35, 484, 3, 35, 105, 18530 }, // U+0147
    { 19, 30, 381, 3, 30, 72, 18635 }, // U+0148
    { 27, 26, 402, -4, 26, 88, 18707 }, // U+0149
    { 24, 34, 484, 3, 26, 102, 18795 }, // U+014A
    { 19, 28, 381, 3, 20, 67, 18897 }, // U+014B
    { 27, 33, 487, 2, 33, 112, 18964 }, // U+014C
    { 22, 28, 385, 1, 28, 77, 19076 }, // U+014D
    { 27, 35, 487, 2, 35, 119, 19153 }, // U+014E
    { 22, 29, 385, 1, 29, 80, 19272 }, // U+014F
    { 27, 36, 487, 2, 36, 122, 19352 }, // U+0150
    { 22, 30, 385, 1, 30, 83, 19474 }, // U+0151
    { 37, 26, 647, 2, 26, 121, 19557 }, // U+0152
    { 35, 20, 602, 1, 20, 88, 19678 }, // U+0153
    { 23, 35, 421, 3, 35, 101, 19766 }, // U+0154
    { 15, 30, 273, 3, 30, 57, 19867 }, // U+0155
    { 23, 37, 421, 3, 26, 107, 19924 }, // U+0156
    { 16, 31, 273, 1, 20, 62, 20031 }, // U+0157
    { 23, 35, 421, 3, 35, 101, 20093 }, // U+0158
    { 15, 30, 273, 3, 30, 57, 20194 }, // U+0159
    { 22, 35, 380, 0, 35, 97, 20251 }, // U+015A
    { 17, 30, 297, 0, 30, 64, 20348 }, // U+015B
    { 22, 34, 380, 0, 34, 94, 20412 }, // U+015C
    { 17, 29, 297, 0, 29, 62, 20506 }, // U+015D
    { 22, 36, 380, 0, 27, 99, 20568 }, // U+015E
    { 17, 29, 297, 0, 20, 62, 20667 }, // U+015F
    { 22, 35, 380, 0, 35, 97, 20729 }, // U+0160
    { 17, 30, 297, 0, 30, 64, 20826 }, // U+0161
    { 22, 35, 393, 1, 26, 97, 20890 }, // U+0162
    { 14, 34, 239, 0, 25, 60, 20987 }, // U+0163
    { 22, 35, 393, 1, 35, 97, 21047 }, // U+0164
    { 19, 31, 239, 0, 31, 74, 21144 }, // U+0165
    { 22, 26, 393, 1, 26, 72, 21218 }, // U+0166
    { 14, 25, 239, 0, 25, 44, 21290 }, // U+0167
    { 23, 34, 459, 3, 34, 98, 21334 }, // U+0168
    { 19, 29, 385, 2, 29, 69, 21432 }, // U+0169
    { 23, 33, 459, 3, 33, 95, 21501 }, // U+016A
    { 19, 28, 385, 2, 28, 67, 21596 }, // U+016B
    { 23, 35, 459, 3, 35, 101, 21663 }, // U+016C
    { 19, 29, 385, 2, 29, 69, 21764 }, // U+016D
    { 23, 34, 459, 3, 34, 98, 21833 }, // U+016E
    { 19, 31, 385, 2, 31, 74, 21931 }, // U+016F
    { 23, 36, 459, 3, 36, 104, 22005 }, // U+0170
    { 19, 31, 385, 2, 31, 74, 22109 }, // U+0171
    { 23, 34, 459, 3, 26, 98, 22183 }, // U+0172
    { 20, 28, 385, 2, 20, 70, 22281 }, // U+0173
    { 38, 34, 596, 0, 34, 162, 22351 }, // U+0174
    { 31, 29, 500, 0, 29, 113, 22513 }, // U+0175
    { 27, 34, 413, -1, 34, 115, 22626 }, // U+0176
    { 24, 38, 372, 0, 30, 114, 22741 }, // U+0177
    { 27, 34, 413, -1, 34, 115, 22855 }, // U+0178
    { 21, 35, 410, 2, 35, 92, 22970 }, // U+0179
    { 17, 31, 330, 2, 31, 66, 23062 }, // U+017A
    { 21, 34, 410, 2, 34, 90, 23128 }, // U+017B
    { 17, 30, 330, 2, 30, 64, 23218 }, // U+017C
    { 21, 35, 410, 2, 35, 92, 23282 }, // U+017D
    { 17, 30, 330, 2, 30, 64, 23374 }, // U+017E
    { 13, 29, 230, 3, 29, 48, 23438 }, // U+017F
    { 27, 31, 487, 2, 31, 105, 23486 }, // U+01A0
    { 22, 24, 385, 1, 24, 66, 23591 }, // U+01A1
    { 27, 31, 459, 3, 31, 105, 23657 }, // U+01AF
    { 23, 24, 385, 2, 24, 69, 23762 }, // U+01B0
    { 47, 35, 846, 3, 35, 206, 23831 }, // U+01C4
    { 45, 30, 793, 3, 30, 169, 24037 }, // U+01C5
    { 42, 29, 722, 1, 29, 153, 24206 }, // U+01C6
    { 42, 26, 764, 3, 26, 137, 24359 }, // U+01C7
    { 29, 37, 554, 3, 29, 135, 24496 }, // U+01C8
    { 18, 37, 363, 3, 29, 84, 24631 }, // U+01C9
    { 49, 26, 883, 3, 26, 160, 24715 }, // U+01CA
    { 37, 37, 673, 3, 29, 172, 24875 }, // U+01CB
    { 31, 37, 571, 3, 29, 144, 25047 }, // U+01CC
    { 28, 35, 416, -1, 35, 123, 25191 }, // U+01CD
    { 21, 30, 395, 1, 30, 79, 25314 }, // U+01CE
    { 15, 35, 333, 3, 35, 66, 25393 }, // U+01CF
    { 16, 30, 173, -3, 30, 60, 25459 }, // U+01D0
    { 27, 35, 487, 2, 35, 119, 25519 }, // U+01D1
    { 22, 30, 385, 1, 30, 83, 25638 }, // U+01D2
    { 23, 35, 459, 3, 35, 101, 25721 }, // U+01D3
    { 19, 30, 385, 2, 30, 72, 25822 }, // U+01D4
    { 22, 39, 454, 3, 39, 108, 25894 }, // U+01D5
    { 19, 33, 390, 3, 33, 79, 26002 }, // U+01D6
    { 22, 40, 454, 3, 40, 110, 26081 }, // U+01D7
    { 19, 33, 390, 3, 33, 79, 26191 }, // U+01D8
    { 22, 40, 454, 3, 40, 110, 26270 }, // U+01D9
    { 19, 34, 390, 3, 34, 81, 26380 }, // U+01DA
    { 22, 40, 454, 3, 40, 110, 26461 }, // U+01DB
    { 19, 33, 390, 3, 33, 79, 26571 }, // U+01DC
    { 19, 21, 358, 2, 21, 50, 26650 }, // U+01DD
    { 26, 39, 415, 0, 39, 127, 26700 }, // U+01DE
    { 18, 33, 359, 1, 33, 75, 26827 }, // U+01DF
    { 26, 39, 415, 0, 39, 127, 26902 }, // U+01E0
    { 18, 33, 359, 1, 33, 75, 27029 }, // U+01E1
    { 34, 33, 571, 0, 33, 141, 27104 }, // U+01E2
    { 32, 27, 550, 2, 27, 108, 27245 }, // U+01E3
    { 25, 27, 434, 2, 27, 85, 27353 }, // U+01E4
    { 21, 30, 382, 2, 21, 79, 27438 }, // U+01E5
    { 27, 35, 469, 2, 35, 119, 27517 }, // U+01E6
    { 22, 38, 401, 1, 29, 105, 27636 }, // U+01E7
    { 22, 36, 396, 3, 36, 99, 27741 }, // U+01E8
    { 26, 37, 372, -2, 37, 121, 27840 }, // U+01E9
    { 27, 35, 487, 2, 27, 119, 27961 }, // U+01EA
    { 22, 28, 385, 1, 20, 77, 28080 }, // U+01EB
    { 25, 42, 475, 2, 33, 132, 28157 }, // U+01EC
    { 20, 36, 375, 2, 27, 90, 28289 }, // U+01ED
    { 20, 36, 355, 1, 36, 90, 28379 }, // U+01EE
    { 20, 38, 349, 1, 29, 95, 28469 }, // U+01EF
    { 17, 38, 179, -2, 29, 81, 28564 }, // U+01F0
    { 47, 26, 846, 3, 26, 153, 28645 }, // U+01F1
    { 45, 26, 793, 3, 26, 147, 28798 }, // U+01F2
    { 39, 29, 675, 2, 29, 142, 28945 }, // U+01F3
    { 22, 36, 434, 2, 36, 99, 29087 }, // U+01F4
    { 20, 38, 379, 2, 29, 95, 29186 }, // U+01F5
    { 33, 27, 629, 3, 27, 112, 29281 }, // U+01F6
    { 20, 36, 406, 3, 27, 90, 29393 }, // U+01F7
    { 24, 36, 483, 3, 36, 108, 29483 }, // U+01F8
    { 19, 29, 390, 3, 29, 69, 29591 }, // U+01F9
    { 28, 42, 416, -1, 42, 147, 29660 }, // U+01FA
    { 21, 40, 395, 1, 40, 105, 29807 }, // U+01FB
    { 40, 35, 645, -1, 35, 175, 29912 }, // U+01FC
    { 33, 30, 540, 1, 30, 124, 30087 }, // U+01FD
    { 27, 37, 484, 2, 35, 125, 30211 }, // U+01FE
    { 22, 31, 385, 1, 30, 86, 30336 }, // U+01FF
    { 28, 36, 416, -1, 36, 126, 30422 }, // U+0200
    { 21, 30, 395, 1, 30, 79, 30548 }, // U+0201
    { 28, 34, 416, -1, 34, 119, 30627 }, // U+0202
    { 21, 29, 395, 1, 29, 77, 30746 }, // U+0203
    { 20, 36, 387, 2, 36, 90, 30823 }, // U+0204
    { 21, 30, 352, 0, 30, 79, 30913 }, // U+0205
    { 19, 34, 387, 3, 34, 81, 30992 }, // U+0206
    { 20, 29, 352, 1, 29, 73, 31073 }, // U+0207
    { 18, 36, 333, 0, 36, 81, 31146 }, // U+0208
    { 18, 31, 173, -6, 31, 70, 31227 }, // U+0209
    { 15, 34, 333, 3, 34, 64, 31297 }, // U+020A
    { 14, 29, 173, -2, 29, 51, 31361 }, // U+020B
    { 27, 36, 487, 2, 36, 122, 31412 }, // U+020C
    { 23, 30, 385, 0, 30, 87, 31534 }, // U+020D
    { 27, 34, 487, 2, 34, 115, 31621 }, // U+020E
    { 22, 29, 385, 1, 29, 80, 31736 }, // U+020F
    { 25, 36, 421, 1, 36, 113, 31816 }, // U+0210
    { 19, 30, 273, -1, 30, 72, 31929 }, // U+0211
    { 23, 34, 421, 3, 34, 98, 32001 }, // U+0212
    { 15, 29, 273, 3, 29, 55, 32099 }, // U+0213
    { 23, 36, 459, 3, 36, 104, 32154 }, // U+0214
    { 21, 31, 385, 0, 31, 82, 32258 }, // U+0215
    { 23, 34, 459, 3, 34, 98, 32340 }, // U+0216
    { 19, 29, 385, 2, 29, 69, 32438 }, // U+0217
    { 22, 38, 380, 0, 27, 105, 32507 }, // U+0218
    { 17, 31, 297, 0, 20, 66, 32612 }, // U+0219
    { 22, 37, 393, 1, 26, 102, 32678 }, // U+021A
    { 14, 36, 239, 0, 25, 63, 32780 }, // U+021B
    { 21, 34, 377, 1, 27, 90, 32843 }, // U+021C
    { 17, 30, 304, 1, 21, 64, 32933 }, // U+021D
    { 22, 36, 459, 3, 36, 99, 32997 }, // U+021E
    { 24, 37, 390, -2, 37, 111, 33096 }, // U+021F
    { 11, 9, 0, 4, 30, 13, 33207 }, // U+0300
    { 11, 9, 0, 4, 30, 13, 33220 }, // U+0301
    { 15, 8, 0, 2, 29, 15, 33233 }, // U+0302
    { 14, 6, 0, 3, 28, 11, 33248 }, // U+0303
    { 13, 4, 0, 3, 27, 7, 33259 }, // U+0304
    { 16, 5, 0, -8, 33, 10, 33266 }, // U+0305
    { 15, 7, 0, 2, 29, 14, 33276 }, // U+0306
    { 7, 6, 0, 6, 29, 6, 33290 }, // U+0307
    { 16, 6, 0, 2, 29, 12, 33296 }, // U+0308
    { 10, 9, 0, 4, 30, 12, 33308 }, // U+0309
    { 9, 9, 0, 5, 31, 11, 33320 }, // U+030A
    { 18, 9, 0, 0, 30, 21, 33331 }, // U+030B
    { 15, 7, 0, 2, 29, 14, 33352 }, // U+030C
    { 4, 7, 0, -2, 30, 4, 33366 }, // U+030D
    { 10, 7, 0, -5, 30, 9, 33370 }, // U+030E
    { 18, 9, 0, 0, 30, 21, 33379 }, // U+030F
    { 13, 10, 0, -6, 33, 17, 33400 }, // U+0310
    { 15, 7, 0, 2, 29, 14, 33417 }, // U+0311
    { 8, 10, 0, 6, 32, 10, 33431 }, // U+0312
    { 8, 9, 0, -4, 27, 9, 33441 }, // U+0313
    { 8, 9, 0, -4, 27, 9, 33450 }, // U+0314
    { 8, 9, 0, -4, 27, 9, 33459 }, // U+0315
    { 12, 6, 0, -7, -2, 9, 33468 }, // U+0316
    { 12, 6, 0, -6, -2, 9, 33477 }, // U+0317
    { 7, 7, 0, -3, -1, 7, 33486 }, // U+0318
    { 7, 7, 0, -3, -1, 7, 33493 }, // U+0319
    { 10, 10, 180, 0, 29, 13, 33500 }, // U+031A
    { 9, 8, 0, 5, 25, 9, 33513 }, // U+031B
    { 5, 9, 0, -2, 0, 6, 33522 }, // U+031C
    { 8, 6, 0, -4, -2, 6, 33528 }, // U+031D
    { 8, 7, 0, -4, -1, 7, 33534 }, // U+031E
    { 8, 8, 0, -4, -1, 8, 33541 }, // U+031F
    { 8, 3, 0, -4, -3, 3, 33549 }, // U+0320
    { 9, 11, 0, -9, 2, 13, 33552 }, // U+0321
    { 9, 11, 0, 0, 2, 13, 33565 }, // U+0322
    { 7, 6, 0, 6, -2, 6, 33578 }, // U+0323
    { 16, 6, 0, 2, -2, 12, 33584 }, // U+0324
    { 9, 9, 0, -5, 0, 11, 33596 }, // U+0325
    { 8, 10, 0, 5, -1, 10, 33607 }, // U+0326
    { 9, 10, 0, 5, 1, 12, 33617 }, // U+0327
    { 9, 10, 0, 5, 2, 12, 33629 }, // U+0328
    { 4, 7, 0, -2, -1, 4, 33641 }, // U+0329
    { 14, 7, 0, -7, -1, 13, 33645 }, // U+032A
    { 15, 5, 0, -7, -2, 10, 33658 }, // U+032B
    { 17, 6, 0, -8, -2, 13, 33668 }, // U+032C
    { 16, 6, 0, -8, -2, 12, 33681 }, // U+032D
    { 15, 7, 0, 2, -2, 14, 33693 }, // U+032E
    { 15, 8, 0, -8, -1, 15, 33707 }, // U+032F
    { 16, 6, 0, -8, -2, 12, 33722 }, // U+0330
    { 11, 4, 0, 4, -3, 6, 33734 }, // U+0331
    { 18, 3, 0, -9, -3, 7, 33740 }, // U+0332
    { 16, 8, 0, -9, -1, 16, 33747 }, // U+0333
    { 16, 6, 0, -8, 14, 12, 33763 }, // U+0334
    { 12, 4, 0, 3, 13, 6, 33775 }, // U+0335
    { 27, 5, 0, -14, 13, 17, 33781 }, // U+0336
    { 14, 11, 0, -7, 16, 20, 33798 }, // U+0337
    { 16, 31, 0, -8, 29, 62, 33818 }, // U+0338
    { 5, 9, 0, -2, 0, 6, 33880 }, // U+0339
    { 14, 7, 0, -7, -1, 13, 33886 }, // U+033A
    { 15, 8, 0, -7, -1, 15, 33899 }, // U+033B
    { 15, 5, 0, -7, -2, 10, 33914 }, // U+033C
    { 8, 9, 0, -4, 30, 9, 33924 }, // U+033D
    { 5, 11, 0, -2, 33, 7, 33933 }, // U+033E
    { 16, 8, 0, -9, 37, 16, 33940 }, // U+033F
    { 12, 6, 0, -9, 29, 9, 33956 }, // U+0340
    { 12, 6, 0, -3, 29, 9, 33965 }, // U+0341
    { 16, 6, 0, -8, 29, 12, 33974 }, // U+0342
    { 7, 8, 0, -4, 30, 7, 33986 }, // U+0343
    { 20, 6, 0, -8, 29, 15, 33993 }, // U+0344
    { 7, 7, 0, -1, -2, 7, 34008 }, // U+0345
    { 17, 7, 0, -8, 30, 15, 34015 }, // U+0346
    { 16, 8, 0, -9, -1, 16, 34030 }, // U+0347
    { 10, 7, 0, -5, -1, 9, 34046 }, // U+0348
    { 8, 8, 0, -4, -2, 8, 34055 }, // U+0349
    { 14, 9, 0, -7, 30, 16, 34063 }, // U+034A
    { 15, 15, 0, -7, 36, 29, 34079 }, // U+034B
    { 14, 10, 0, -7, 33, 18, 34108 }, // U+034C
    { 14, 8, 0, -7, -1, 14, 34126 }, // U+034D
    { 8, 9, 0, -4, 0, 9, 34140 }, // U+034E
    { 0, 0, 0, 0, 0, 0, 34149 }, // U+034F
    { 6, 8, 0, -3, 30, 6, 34149 }, // U+0350
    { 5, 9, 0, -2, 31, 6, 34155 }, // U+0351
    { 13, 9, 0, -6, 32, 15, 34161 }, // U+0352
    { 8, 8, 0, -4, -1, 8, 34176 }, // U+0353
    { 6, 8, 0, -3, -1, 6, 34184 }, // U+0354
    { 6, 8, 0, -3, -1, 6, 34190 }, // U+0355
    { 15, 7, 0, -7, -2, 14, 34196 }, // U+0356
    { 5, 9, 0, -2, 31, 6, 34210 }, // U+0357
    { 6, 6, 0, 4, 29, 5, 34216 }, // U+0358
    { 8, 8, 0, -4, -1, 8, 34221 }, // U+0359
    { 15, 8, 0, -7, -1, 15, 34229 }, // U+035A
    { 8, 8, 0, -4, 30, 8, 34244 }, // U+035B
    { 30, 8, 0, -15, -1, 30, 34252 }, // U+035C
    { 30, 8, 0, -15, 30, 30, 34282 }, // U+035D
    { 23, 3, 0, -11, 26, 9, 34312 }, // U+035E
    { 23, 3, 0, -11, -2, 9, 34321 }, // U+035F
    { 30, 6, 0, -15, 29, 23, 34330 }, // U+0360
    { 30, 9, 0, -15, 34, 34, 34353 }, // U+0361
    { 30, 9, 0, -14, 0, 34, 34387 }, // U+0362
    { 8, 10, 0, -4, 32, 10, 34421 }, // U+0363
    { 9, 9, 0, -4, 32, 11, 34431 }, // U+0364
    { 3, 12, 0, -1, 35, 5, 34442 }, // U+0365
    { 9, 9, 0, -4, 32, 11, 34447 }, // U+0366
    { 9, 8, 0, -4, 31, 9, 34458 }, // U+0367
    { 8, 9, 0, -3, 32, 9, 34467 }, // U+0368
    { 9, 12, 0, -4, 35, 14, 34476 }, // U+0369
    { 9, 11, 0, -4, 34, 13, 34490 }, // U+036A
    { 14, 8, 0, -6, 31, 14, 34503 }, // U+036B
    { 6, 9, 0, -2, 32, 7, 34517 }, // U+036C
    { 6, 10, 0, -3, 33, 8, 34524 }, // U+036D
    { 11, 8, 0, -5, 31, 11, 34532 }, // U+036E
    { 11, 8, 0, -5, 31, 11, 34543 }, // U+036F
    { 16, 36, 337, 3, 36, 72, 34554 }, // U+0400
    { 16, 35, 337, 3, 35, 70, 34626 }, // U+0401
    { 26, 27, 459, 1, 27, 88, 34696 }, // U+0402
    { 17, 36, 338, 3, 36, 77, 34784 }, // U+0403
    { 21, 27, 391, 2, 27, 71, 34861 }, // U+0404
    { 18, 27, 328, 1, 27, 61, 34932 }, // U+0405
    { 6, 27, 194, 3, 27, 21, 34993 }, // U+0406
    { 11, 35, 199, 1, 35, 49, 35014 }, // U+0407
    { 12, 35, 199, -3, 27, 53, 35063 }, // U+0408
    { 37, 27, 620, 0, 27, 125, 35116 }, // U+0409
    { 35, 27, 638, 3, 27, 119, 35241 }, // U+040A
    { 26, 27, 467, 1, 27, 88, 35360 }, // U+040B
    { 23, 36, 410, 3, 36, 104, 35448 }, // U+040C
    { 23, 36, 475, 3, 36, 104, 35552 }, // U+040D
    { 25, 36, 387, -1, 36, 113, 35656 }, // U+040E
    { 22, 33, 460, 3, 27, 91, 35769 }, // U+040F
    { 26, 27, 415, 0, 27, 88, 35860 }, // U+0410
    { 19, 27, 389, 3, 27, 65, 35948 }, // U+0411
    { 20, 27, 397, 3, 27, 68, 36013 }, // U+0412
    { 17, 27, 338, 3, 27, 58, 36081 }, // U+0413
    { 29, 33, 466, 1, 27, 120, 36139 }, // U+0414
    { 16, 27, 337, 3, 27, 54, 36259 }, // U+0415
    { 38, 27, 598, 0, 27, 129, 36313 }, // U+0416
    { 19, 27, 356, 1, 27, 65, 36442 }, // U+0417
    { 23, 27, 475, 3, 27, 78, 36507 }, // U+0418
    { 23, 36, 475, 3, 36, 104, 36585 }, // U+0419
    { 23, 27, 416, 3, 27, 78, 36689 }, // U+041A
    { 25, 27, 440, 0, 27, 85, 36767 }, // U+041B
    { 29, 27, 566, 3, 27, 98, 36852 }, // U+041C
    { 22, 27, 462, 3, 27, 75, 36950 }, // U+041D
    { 25, 27, 466, 2, 27, 85, 37025 }, // U+041E
    { 22, 27, 457, 3, 27, 75, 37110 }, // U+041F
    { 19, 27, 374, 3, 27, 65, 37185 }, // U+0420
    { 21, 27, 387, 2, 27, 71, 37250 }, // U+0421
    { 20, 27, 346, 1, 27, 68, 37321 }, // U+0422
    { 25, 27, 387, -1, 27, 85, 37389 }, // U+0423
    { 30, 28, 541, 2, 27, 105, 37474 }, // U+0424
    { 26, 27, 400, -1, 27, 88, 37579 }, // U+0425
    { 26, 33, 466, 3, 27, 108, 37667 }, // U+0426
    { 21, 27, 431, 3, 27, 71, 37775 }, // U+0427
    { 34, 27, 640, 3, 27, 115, 37846 }, // U+0428
    { 37, 34, 644, 3, 27, 158, 37961 }, // U+0429
    { 26, 27, 452, 0, 27, 88, 38119 }, // U+042A
    { 28, 27, 552, 3, 27, 95, 38207 }, // U+042B
    { 19, 27, 387, 3, 27, 65, 38302 }, // U+042C
    { 21, 27, 394, 1, 27, 71, 38367 }, // U+042D
    { 33, 27, 610, 3, 27, 112, 38438 }, // U+042E
    { 22, 27, 409, 0, 27, 75, 38550 }, // U+042F
    { 18, 21, 358, 1, 21, 48, 38625 }, // U+0430
    { 20, 30, 374, 2, 30, 75, 38673 }, // U+0431
    { 18, 21, 358, 3, 21, 48, 38748 }, // U+0432
    { 14, 21, 285, 3, 21, 37, 38796 }, // U+0433
    { 24, 27, 382, 1, 21, 81, 38833 }, // U+0434
    { 19, 21, 350, 2, 21, 50, 38914 }, // U+0435
    { 33, 21, 520, 0, 21, 87, 38964 }, // U+0436
    { 17, 21, 309, 1, 21, 45, 39051 }, // U+0437
    { 20, 21, 404, 3, 21, 53, 39096 }, // U+0438
    { 20, 29, 404, 3, 29, 73, 39149 }, // U+0439
    { 21, 21, 370, 3, 21, 56, 39222 }, // U+043A
    { 21, 21, 374, 0, 21, 56, 39278 }, // U+043B
    { 26, 21, 502, 3, 21, 69, 39334 }, // U+043C
    { 19, 21, 394, 3, 21, 50, 39403 }, // U+043D
    { 20, 21, 373, 2, 21, 53, 39453 }, // U+043E
    { 19, 21, 390, 3, 21, 50, 39506 }, // U+043F
    { 19, 30, 381, 3, 21, 72, 39556 }, // U+0440
    { 17, 21, 314, 2, 21, 45, 39628 }, // U+0441
    { 18, 21, 303, 1, 21, 48, 39673 }, // U+0442
    { 23, 30, 343, -1, 21, 87, 39721 }, // U+0443
    { 27, 38, 486, 2, 29, 129, 39808 }, // U+0444
    { 22, 21, 346, 0, 21, 58, 39937 }, // U+0445
    { 22, 27, 390, 3, 21, 75, 39995 }, // U+0446
    { 19, 21, 382, 2, 21, 50, 40070 }, // U+0447
    { 30, 21, 572, 3, 21, 79, 40120 }, // U+0448
    { 33, 27, 572, 3, 21, 112, 40199 }, // U+0449
    { 24, 21, 403, 0, 21, 63, 40311 }, // U+044A
    { 26, 21, 512, 3, 21, 69, 40374 }, // U+044B
    { 18, 21, 355, 3, 21, 48, 40443 }, // U+044C
    { 18, 21, 314, 0, 21, 48, 40491 }, // U+044D
    { 27, 21, 511, 3, 21, 71, 40539 }, // U+044E
    { 20, 21, 363, 0, 21, 53, 40610 }, // U+044F
    { 19, 30, 350, 2, 30, 72, 40663 }, // U+0450
    { 19, 29, 350, 2, 29, 69, 40735 }, // U+0451
    { 22, 38, 392, 0, 29, 105, 40804 }, // U+0452
    { 15, 29, 288, 3, 29, 55, 40909 }, // U+0453
    { 17, 21, 314, 2, 21, 45, 40964 }, // U+0454
    { 16, 21, 299, 2, 21, 42, 41009 }, // U+0455
    { 6, 29, 185, 3, 29, 22, 41051 }, // U+0456
    { 10, 29, 179, 1, 29, 37, 41073 }, // U+0457
    { 11, 38, 179, -2, 29, 53, 41110 }, // U+0458
    { 33, 21, 538, 0, 21, 87, 41163 }, // U+0459
    { 30, 21, 556, 3, 21, 79, 41250 }, // U+045A
    { 22, 29, 392, 0, 29, 80, 41329 }, // U+045B
    { 20, 29, 370, 3, 29, 73, 41409 }, // U+045C
    { 20, 29, 404, 3, 29, 73, 41482 }, // U+045D
    { 23, 38, 343, -1, 29, 110, 41555 }, // U+045E
    { 19, 27, 390, 3, 21, 65, 41665 }, // U+045F
    { 34, 27, 572, 1, 27, 115, 41730 }, // U+0460
    { 31, 21, 531, 1, 21, 82, 41845 }, // U+0461
    { 24, 27, 404, 0, 27, 81, 41927 }, // U+0462
    { 23, 25, 400, 1, 25, 72, 42008 }, // U+0463
    { 32, 27, 570, 3, 27, 108, 42080 }, // U+0464
    { 27, 21, 482, 3, 21, 71, 42188 }, // U+0465
    { 29, 27, 438, -1, 27, 98, 42259 }, // U+0466
    { 25, 21, 384, 0, 21, 66, 42357 }, // U+0467
    { 35, 27, 603, 3, 27, 119, 42423 }, // U+0468
    { 31, 21, 541, 3, 21, 82, 42542 }, // U+0469
    { 30, 27, 482, 0, 27, 102, 42624 }, // U+046A
    { 24, 21, 374, 0, 21, 63, 42726 }, // U+046B
    { 37, 27, 644, 3, 27, 125, 42789 }, // U+046C
    { 30, 21, 528, 3, 21, 79, 42914 }, // U+046D
    { 22, 41, 379, 1, 33, 113, 42993 }, // U+046E
    { 19, 34, 333, 1, 26, 81, 43106 }, // U+046F
    { 27, 27, 529, 3, 27, 92, 43187 }, // U+0470
    { 26, 38, 505, 3, 29, 124, 43279 }, // U+0471
    { 26, 27, 475, 2, 27, 88, 43403 }, // U+0472
    { 20, 21, 371, 2, 21, 53, 43491 }, // U+0473
    { 27, 27, 430, -1, 27, 92, 43544 }, // U+0474
    { 23, 21, 363, 0, 21, 61, 43636 }, // U+0475
    { 27, 35, 430, -1, 35, 119, 43697 }, // U+0476
    { 23, 29, 363, 0, 29, 84, 43816 }, // U+0477
    { 48, 36, 791, 2, 27, 216, 43900 }, // U+0478
    { 43, 30, 706, 2, 21, 162, 44116 }, // U+0479
    { 27, 32, 499, 2, 30, 108, 44278 }, // U+047A
    { 22, 25, 411, 2, 23, 69, 44386 }, // U+047B
    { 37, 41, 653, 2, 41, 190, 44455 }, // U+047C
    { 32, 35, 575, 2, 35, 140, 44645 }, // U+047D
    { 34, 34, 574, 1, 34, 145, 44785 }, // U+047E
    { 31, 28, 531, 1, 28, 109, 44930 }, // U+047F
    { 22, 36, 406, 2, 27, 99, 45039 }, // U+0480
    { 17, 30, 314, 2, 21, 64, 45138 }, // U+0481
    { 20, 25, 365, 1, 24, 63, 45202 }, // U+0482
    { 15, 7, 0, -17, 28, 14, 45265 }, // U+0483
    { 15, 6, 0, -18, 29, 12, 45279 }, // U+0484
    { 6, 7, 0, -13, 30, 6, 45291 }, // U+0485
    { 6, 7, 0, -13, 30, 6, 45297 }, // U+0486
    { 15, 6, 0, -7, 35, 12, 45303 }, // U+0487
    { 43, 39, 0, -22, 30, 210, 45315 }, // U+0488
    { 41, 42, 0, -21, 31, 216, 45525 }, // U+0489
    { 31, 44, 550, 3, 36, 171, 45741 }, // U+048A
    { 27, 38, 481, 3, 30, 129, 45912 }, // U+048B
    { 22, 27, 383, 1, 27, 75, 46041 }, // U+048C
    { 22, 29, 368, 1, 29, 80, 46116 }, // U+048D
    { 19, 27, 377, 3, 27, 65, 46196 }, // U+048E
    { 19, 30, 380, 3, 21, 72, 46261 }, // U+048F
    { 18, 33, 347, 3, 33, 75, 46333 }, // U+0490
    { 15, 27, 307, 3, 27, 51, 46408 }, // U+0491
    { 20, 27, 335, 1, 27, 68, 46459 }, // U+0492
    { 18, 21, 295, 1, 21, 48, 46527 }, // U+0493
    { 23, 36, 440, 3, 27, 104, 46575 }, // U+0494
    { 19, 30, 361, 3, 21, 72, 46679 }, // U+0495
    { 39, 35, 617, -1, 27, 171, 46751 }, // U+0496
    { 35, 29, 562, 0, 21, 127, 46922 }, // U+0497
    { 19, 36, 356, 1, 27, 86, 47049 }, // U+0498
    { 17, 30, 309, 0, 21, 64, 47135 }, // U+0499
    { 24, 35, 454, 3, 27, 105, 47199 }, // U+049A
    { 21, 29, 395, 3, 21, 77, 47304 }, // U+049B
    { 23, 27, 401, 3, 27, 78, 47381 }, // U+049C
    { 21, 21, 371, 3, 21, 56, 47459 }, // U+049D
    { 25, 27, 416, 2, 27, 85, 47515 }, // U+049E
    { 24, 29, 376, 1, 29, 87, 47600 }, // U+049F
    { 28, 27, 440, 0, 27, 95, 47687 }, // U+04A0
    { 28, 21, 417, 0, 21, 74, 47782 }, // U+04A1
    { 28, 35, 505, 3, 27, 123, 47856 }, // U+04A2
    { 24, 29, 446, 3, 21, 87, 47979 }, // U+04A3
    { 28, 27, 500, 3, 27, 95, 48066 }, // U+04A4
    { 26, 21, 455, 3, 21, 69, 48161 }, // U+04A5
    { 37, 36, 675, 3, 27, 167, 48230 }, // U+04A6
    { 29, 30, 533, 3, 21, 109, 48397 }, // U+04A7
    { 26, 28, 466, 2, 27, 91, 48506 }, // U+04A8
    { 22, 22, 394, 2, 21, 61, 48597 }, // U+04A9
    { 22, 36, 385, 2, 27, 99, 48658 }, // U+04AA
    { 17, 30, 310, 2, 21, 64, 48757 }, // U+04AB
    { 20, 35, 347, 1, 27, 88, 48821 }, // U+04AC
    { 19, 29, 330, 1, 21, 69, 48909 }, // U+04AD
    { 24, 27, 376, 0, 27, 81, 48978 }, // U+04AE
    { 22, 30, 344, 0, 21, 83, 49059 }, // U+04AF
    { 25, 27, 376, -1, 27, 85, 49142 }, // U+04B0
    { 22, 30, 344, 0, 21, 83, 49227 }, // U+04B1
    { 28, 35, 446, 0, 27, 123, 49310 }, // U+04B2
    { 23, 29, 380, 0, 21, 84, 49433 }, // U+04B3
    { 34, 36, 558, 1, 27, 153, 49517 }, // U+04B4
    { 28, 29, 475, 1, 21, 102, 49670 }, // U+04B5
    { 28, 35, 482, 2, 27, 123, 49772 }, // U+04B6
    { 24, 29, 436, 2, 21, 87, 49895 }, // U+04B7
    { 22, 27, 441, 2, 27, 75, 49982 }, // U+04B8
    { 20, 21, 395, 2, 21, 53, 50057 }, // U+04B9
    { 22, 27, 441, 3, 27, 75, 50110 }, // U+04BA
    { 19, 29, 390, 3, 29, 69, 50185 }, // U+04BB
    { 33, 27, 569, 0, 27, 112, 50254 }, // U+04BC
    { 25, 21, 425, 0, 21, 66, 50366 }, // U+04BD
    { 33, 34, 569, 0, 27, 141, 50432 }, // U+04BE
    { 25, 29, 425, 0, 21, 91, 50573 }, // U+04BF
    { 12, 27, 233, 1, 27, 41, 50664 }, // U+04C0
    { 38, 36, 600, 0, 36, 171, 50705 }, // U+04C1
    { 33, 29, 520, 0, 29, 120, 50876 }, // U+04C2
    { 23, 36, 456, 3, 27, 104, 50996 }, // U+04C3
    { 21, 30, 392, 3, 21, 79, 51100 }, // U+04C4
    { 31, 35, 503, 0, 27, 136, 51179 }, // U+04C5
    { 28, 29, 436, 0, 21, 102, 51315 }, // U+04C6
    { 22, 36, 459, 3, 27, 99, 51417 }, // U+04C7
    { 19, 30, 397, 3, 21, 72, 51516 }, // U+04C8
    { 29, 35, 515, 3, 27, 127, 51588 }, // U+04C9
    { 25, 29, 446, 3, 21, 91, 51715 }, // U+04CA
    { 22, 35, 441, 2, 27, 97, 51806 }, // U+04CB
    { 20, 29, 394, 2, 21, 73, 51903 }, // U+04CC
    { 36, 35, 622, 3, 27, 158, 51976 }, // U+04CD
    { 32, 29, 556, 3, 21, 116, 52134 }, // U+04CE
    { 12, 27, 233, 1, 27, 41, 52250 }, // U+04CF
    { 26, 36, 415, 0, 36, 117, 52291 }, // U+04D0
    { 18, 30, 359, 1, 30, 68, 52408 }, // U+04D1
    { 28, 35, 415, -1, 35, 123, 52476 }, // U+04D2
    { 18, 29, 359, 1, 29, 66, 52599 }, // U+04D3
    { 34, 27, 571, 0, 27, 115, 52665 }, // U+04D4
    { 32, 21, 550, 2, 21, 84, 52780 }, // U+04D5
    { 16, 36, 336, 3, 36, 72, 52864 }, // U+04D6
    { 19, 30, 358, 2, 30, 72, 52936 }, // U+04D7
    { 25, 27, 490, 3, 27, 85, 53008 }, // U+04D8
    { 19, 21, 358, 2, 21, 50, 53093 }, // U+04D9
    { 25, 35, 490, 3, 35, 110, 53143 }, // U+04DA
    { 19, 29, 358, 2, 29, 69, 53253 }, // U+04DB
    { 38, 35, 600, 0, 35, 167, 53322 }, // U+04DC
    { 33, 28, 520, 0, 28, 116, 53489 }, // U+04DD
    { 19, 35, 356, 1, 35, 84, 53605 }, // U+04DE
    { 17, 29, 309, 1, 29, 62, 53689 }, // U+04DF
    { 20, 27, 355, 1, 27, 68, 53751 }, // U+04E0
    { 20, 30, 349, 1, 21, 75, 53819 }, // U+04E1
    { 23, 33, 475, 3, 33, 95, 53894 }, // U+04E2
    { 20, 27, 404, 3, 27, 68, 53989 }, // U+04E3
    { 23, 35, 475, 3, 35, 101, 54057 }, // U+04E4
    { 20, 28, 404, 3, 28, 70, 54158 }, // U+04E5
    { 25, 35, 475, 2, 35, 110, 54228 }, // U+04E6
    { 20, 29, 375, 2, 29, 73, 54338 }, // U+04E7
    { 26, 27, 475, 2, 27, 88, 54411 }, // U+04E8
    { 20, 21, 375, 2, 21, 53, 54499 }, // U+04E9
    { 26, 35, 475, 2, 35, 114, 54552 }, // U+04EA
    { 20, 29, 375, 2, 29, 73, 54666 }, // U+04EB
    { 21, 35, 391, 1, 35, 92, 54739 }, // U+04EC
    { 17, 29, 314, 1, 29, 62, 54831 }, // U+04ED
    { 24, 33, 387, 0, 33, 99, 54893 }, // U+04EE
    { 22, 36, 343, 0, 27, 99, 54992 }, // U+04EF
    { 26, 35, 387, -1, 35, 114, 55091 }, // U+04F0
    { 23, 38, 343, -1, 29, 110, 55205 }, // U+04F1
    { 25, 36, 387, -1, 36, 113, 55315 }, // U+04F2
    { 23, 38, 343, -1, 29, 110, 55428 }, // U+04F3
    { 21, 35, 432, 3, 35, 92, 55538 }, // U+04F4
    { 19, 28, 382, 2, 28, 67, 55630 }, // U+04F5
    { 17, 35, 337, 3, 27, 75, 55697 }, // U+04F6
    { 14, 29, 287, 3, 21, 51, 55772 }, // U+04F7
    { 28, 35, 552, 3, 35, 123, 55823 }, // U+04F8
    { 26, 28, 512, 3, 28, 91, 55946 }, // U+04F9
    { 20, 36, 335, 1, 27, 90, 56037 }, // U+04FA
    { 18, 30, 295, 1, 21, 68, 56127 }, // U+04FB
    { 28, 36, 438, -1, 27, 126, 56195 }, // U+04FC
    { 23, 30, 387, 0, 21, 87, 56321 }, // U+04FD
    { 26, 27, 402, 0, 27, 88, 56408 }, // U+04FE
    { 22, 21, 347, 0, 21, 58, 56496 }, // U+04FF
    { 25, 23, 406, 0, 23, 72, 56554 }, // U+05D0
    { 21, 23, 356, 1, 23, 61, 56626 }, // U+05D1
    { 14, 24, 247, 1, 23, 42, 56687 }, // U+05D2
    { 20, 23, 343, 1, 23, 58, 56729 }, // U+05D3
    { 21, 23, 395, 1, 23, 61, 56787 }, // U+05D4
    { 10, 23, 203, 0, 23, 29, 56848 }, // U+05D5
    { 13, 23, 223, 1, 23, 38, 56877 }, // U+05D6
    { 22, 23, 412, 1, 23, 64, 56915 }, // U+05D7
    { 22, 23, 396, 2, 23, 64, 56979 }, // U+05D8
    { 10, 14, 199, 0, 23, 18, 57043 }, // U+05D9
    { 19, 30, 342, 1, 23, 72, 57061 }, // U+05DA
    { 18, 23, 317, 1, 23, 52, 57133 }, // U+05DB
    { 19, 29, 334, 1, 29, 69, 57185 }, // U+05DC
    { 24, 23, 421, 1, 23, 69, 57254 }, // U+05DD
    { 25, 23, 421, 1, 23, 72, 57323 }, // U+05DE
    { 10, 30, 213, 0, 23, 38, 57395 }, // U+05DF
    { 12, 23, 242, 1, 23, 35, 57433 }, // U+05E0
    { 23, 23, 408, 1, 23, 67, 57468 }, // U+05E1
    { 22, 26, 378, 1, 24, 72, 57535 }, // U+05E2
    { 21, 30, 392, 1, 23, 79, 57607 }, // U+05E3
    { 21, 23, 377, 1, 23, 61, 57686 }, // U+05E4
    { 21, 30, 352, 0, 23, 79, 57747 }, // U+05E5
    { 21, 23, 355, 1, 23, 61, 57826 }, // U+05E6
    { 22, 30, 392, 2, 23, 83, 57887 }, // U+05E7
    { 17, 23, 325, 1, 23, 49, 57970 }, // U+05E8
    { 25, 23, 472, 2, 23, 72, 58019 }, // U+05E9
    { 25, 23, 433, 0, 23, 72, 58091 }, // U+05EA
    { 27, 34, 416, -1, 26, 115, 58163 }, // U+1EA0
    { 22, 28, 395, 1, 20, 77, 58278 }, // U+1EA1
    { 27, 36, 416, 0, 36, 122, 58355 }, // U+1EA2
    { 21, 31, 395, 1, 31, 82, 58477 }, // U+1EA3
    { 28, 41, 416, -1, 41, 144, 58559 }, // U+1EA4
    { 24, 36, 395, 1, 36, 108, 58703 }, // U+1EA5
    { 28, 41, 416, -1, 41, 144, 58811 }, // U+1EA6
    { 21, 36, 395, 1, 36, 95, 58955 }, // U+1EA7
    { 28, 40, 416, -1, 40, 140, 59050 }, // U+1EA8
    { 22, 36, 395, 1, 36, 99, 59190 }, // U+1EA9
    { 28, 41, 416, -1, 41, 144, 59289 }, // U+1EAA
    { 21, 36, 395, 1, 36, 95, 59433 }, // U+1EAB
    { 27, 42, 416, -1, 34, 142, 59528 }, // U+1EAC
    { 22, 37, 395, 1, 29, 102, 59670 }, // U+1EAD
    { 28, 41, 416, -1, 41, 144, 59772 }, // U+1EAE
    { 21, 37, 395, 1, 37, 98, 59916 }, // U+1EAF
    { 28, 41, 416, -1, 41, 144, 60014 }, // U+1EB0
    { 21, 37, 395, 1, 37, 98, 60158 }, // U+1EB1
    { 27, 40, 416, -1, 40, 135, 60256 }, // U+1EB2
    { 21, 37, 395, 1, 37, 98, 60391 }, // U+1EB3
    { 28, 41, 416, -1, 41, 144, 60489 }, // U+1EB4
    { 21, 37, 395, 1, 37, 98, 60633 }, // U+1EB5
    { 27, 43, 416, -1, 35, 146, 60731 }, // U+1EB6
    { 22, 37, 395, 1, 29, 102, 60877 }, // U+1EB7
    { 19, 34, 387, 3, 26, 81, 60979 }, // U+1EB8
    { 20, 28, 352, 1, 20, 70, 61060 }, // U+1EB9
    { 19, 36, 387, 3, 36, 86, 61130 }, // U+1EBA
    { 20, 31, 352, 1, 31, 78, 61216 }, // U+1EBB
    { 19, 34, 387, 3, 34, 81, 61294 }, // U+1EBC
    { 20, 29, 352, 1, 29, 73, 61375 }, // U+1EBD
    { 22, 41, 387, 3, 41, 113, 61448 }, // U+1EBE
    { 23, 36, 352, 1, 36, 104, 61561 }, // U+1EBF
    { 19, 41, 387, 3, 41, 98, 61665 }, // U+1EC0
    { 20, 36, 352, 1, 36, 90, 61763 }, // U+1EC1
    { 21, 40, 387, 3, 40, 105, 61853 }, // U+1EC2
    { 21, 36, 352, 1, 36, 95, 61958 }, // U+1EC3
    { 19, 41, 387, 3, 41, 98, 62053 }, // U+1EC4
    { 20, 36, 352, 1, 36, 90, 62151 }, // U+1EC5
    { 19, 42, 387, 3, 34, 100, 62241 }, // U+1EC6
    { 20, 37, 352, 1, 29, 93, 62341 }, // U+1EC7
    { 15, 36, 333, 3, 36, 68, 62434 }, // U+1EC8
    { 10, 30, 173, 0, 30, 38, 62502 }, // U+1EC9
    { 15, 34, 333, 3, 26, 64, 62540 }, // U+1ECA
    { 7, 38, 191, 2, 30, 34, 62604 }, // U+1ECB
    { 27, 35, 487, 2, 27, 119, 62638 }, // U+1ECC
    { 22, 28, 385, 1, 20, 77, 62757 }, // U+1ECD
    { 27, 36, 487, 2, 36, 122, 62834 }, // U+1ECE
    { 22, 31, 385, 1, 31, 86, 62956 }, // U+1ECF
    { 27, 41, 487, 2, 41, 139, 63042 }, // U+1ED0
    { 23, 36, 385, 1, 36, 104, 63181 }, // U+1ED1
    { 27, 41, 487, 2, 41, 139, 63285 }, // U+1ED2
    { 22, 36, 385, 1, 36, 99, 63424 }, // U+1ED3
    { 28, 41, 487, 2, 41, 144, 63523 }, // U+1ED4
    { 22, 36, 385, 1, 36, 99, 63667 }, // U+1ED5
    { 27, 42, 487, 2, 42, 142, 63766 }, // U+1ED6
    { 22, 36, 385, 1, 36, 99, 63908 }, // U+1ED7
    { 27, 42, 487, 2, 34, 142, 64007 }, // U+1ED8
    { 22, 37, 385, 1, 29, 102, 64149 }, // U+1ED9
    { 27, 36, 487, 2, 36, 122, 64251 }, // U+1EDA
    { 22, 30, 385, 1, 30, 83, 64373 }, // U+1EDB
    { 27, 36, 487, 2, 36, 122, 64456 }, // U+1EDC
    { 22, 30, 385, 1, 30, 83, 64578 }, // U+1EDD
    { 27, 36, 487, 2, 36, 122, 64661 }, // U+1EDE
    { 22, 31, 385, 1, 31, 86, 64783 }, // U+1EDF
    { 27, 35, 487, 2, 35, 119, 64869 }, // U+1EE0
    { 22, 29, 385, 1, 29, 80, 64988 }, // U+1EE1
    { 27, 39, 487, 2, 31, 132, 65068 }, // U+1EE2
    { 22, 32, 385, 1, 24, 88, 65200 }, // U+1EE3
    { 23, 34, 459, 3, 26, 98, 65288 }, // U+1EE4
    { 19, 28, 385, 2, 20, 67, 65386 }, // U+1EE5
    { 23, 36, 459, 3, 36, 104, 65453 }, // U+1EE6
    { 19, 31, 385, 2, 31, 74, 65557 }, // U+1EE7
    { 27, 35, 459, 3, 35, 119, 65631 }, // U+1EE8
    { 23, 30, 385, 2, 30, 87, 65750 }, // U+1EE9
    { 27, 35, 459, 3, 35, 119, 65837 }, // U+1EEA
    { 23, 30, 385, 2, 30, 87, 65956 }, // U+1EEB
    { 27, 36, 459, 3, 36, 122, 66043 }, // U+1EEC
    { 23, 31, 385, 2, 31, 90, 66165 }, // U+1EED
    { 27, 34, 459, 3, 34, 115, 66255 }, // U+1EEE
    { 23, 29, 385, 2, 29, 84, 66370 }, // U+1EEF
    { 27, 39, 459, 3, 31, 132, 66454 }, // U+1EF0
    { 23, 32, 385, 2, 24, 92, 66586 }, // U+1EF1
    { 27, 35, 413, -1, 35, 119, 66678 }, // U+1EF2
    { 24, 39, 372, 0, 31, 117, 66797 }, // U+1EF3
    { 27, 34, 413, -1, 26, 115, 66914 }, // U+1EF4
    { 24, 28, 372, -1, 20, 84, 67029 }, // U+1EF5
    { 27, 36, 413, -1, 36, 122, 67113 }, // U+1EF6
    { 24, 39, 372, -1, 31, 117, 67235 }, // U+1EF7
    { 27, 34, 413, 0, 34, 115, 67352 }, // U+1EF8
    { 24, 37, 372, 0, 29, 111, 67467 }, // U+1EF9
    { 0, 0, 300, 0, 0, 0, 67578 }, // U+2000
    { 0, 0, 600, 0, 0, 0, 67578 }, // U+2001
    { 0, 0, 300, 0, 0, 0, 67578 }, // U+2002
    { 0, 0, 600, 0, 0, 0, 67578 }, // U+2003
    { 0, 0, 200, 0, 0, 0, 67578 }, // U+2004
    { 0, 0, 150, 0, 0, 0, 67578 }, // U+2005
    { 0, 0, 100, 0, 0, 0, 67578 }, // U+2006
    { 0, 0, 330, 0, 0, 0, 67578 }, // U+2007
    { 0, 0, 156, 0, 0, 0, 67578 }, // U+2008
    { 0, 0, 123, 0, 0, 0, 67578 }, // U+2009
    { 0, 0, 61, 0, 0, 0, 67578 }, // U+200A
    { 0, 0, 0, 0, 0, 0, 67578 }, // U+200B
    { 2, 27, 0, -1, 25, 7, 67578 }, // U+200C
    { 9, 28, 0, -4, 26, 32, 67585 }, // U+200D
    { 10, 28, 0, -1, 26, 35, 67617 }, // U+200E
    { 9, 28, 0, -8, 26, 32, 67652 }, // U+200F
    { 13, 6, 269, 2, 14, 10, 67684 }, // U+2010
    { 10, 5, 192, 1, 13, 7, 67694 }, // U+2011
    { 18, 6, 350, 2, 14, 14, 67701 }, // U+2012
    { 18, 6, 357, 2, 14, 14, 67715 }, // U+2013
    { 31, 6, 560, 2, 14, 24, 67729 }, // U+2014
    { 31, 6, 553, 2, 14, 24, 67753 }, // U+2015
    { 14, 38, 331, 3, 29, 67, 67777 }, // U+2016
    { 16, 8, 247, 0, -1, 16, 67844 }, // U+2017
    { 8, 12, 166, 1, 28, 12, 67860 }, // U+2018
    { 8, 12, 166, 1, 28, 12, 67872 }, // U+2019
    { 8, 13, 172, 1, 5, 13, 67884 }, // U+201A
    { 8, 9, 130, 0, 27, 9, 67897 }, // U+201B
    { 17, 12, 304, 1, 28, 26, 67906 }, // U+201C
    { 17, 12, 303, 1, 28, 26, 67932 }, // U+201D
    { 17, 13, 307, 1, 5, 28, 67958 }, // U+201E
    { 17, 9, 267, 0, 27, 20, 67986 }, // U+201F
    { 14, 19, 264, 1, 26, 34, 68006 }, // U+2020
    { 14, 21, 255, 1, 27, 37, 68040 }, // U+2021
    { 10, 10, 208, 1, 18, 13, 68077 }, // U+2022
    { 12, 15, 226, 2, 22, 23, 68090 }, // U+2023
    { 6, 6, 300, 6, 6, 5, 68113 }, // U+2024
    { 17, 6, 345, 2, 6, 13, 68118 }, // U+2025
    { 25, 7, 442, 2, 7, 22, 68131 }, // U+2026
    { 6, 6, 169, 2, 13, 5, 68153 }, // U+2027
    { 0, 0, 360, 0, 0, 0, 68158 }, // U+2028
    { 0, 0, 360, 0, 0, 0, 68158 }, // U+2029
    { 9, 28, 0, -1, 23, 32, 68158 }, // U+202A
    { 9, 28, 0, -8, 23, 32, 68190 }, // U+202B
    { 9, 31, 0, -4, 26, 35, 68222 }, // U+202C
    { 10, 32, 0, -5, 26, 40, 68257 }, // U+202D
    { 9, 32, 0, -5, 26, 36, 68297 }, // U+202E
    { 0, 0, 100, 0, 0, 0, 68333 }, // U+202F
    { 48, 27, 810, 1, 27, 162, 68333 }, // U+2030
    { 61, 27, 1000, 1, 27, 206, 68495 }, // U+2031
    { 11, 10, 182, 1, 27, 14, 68701 }, // U+2032
    { 17, 10, 297, 1, 26, 22, 68715 }, // U+2033
    { 28, 10, 447, 1, 27, 35, 68737 }, // U+2034
    { 11, 10, 253, 1, 27, 14, 68772 }, // U+2035
    { 20, 10, 386, 1, 27, 25, 68786 }, // U+2036
    { 28, 10, 518, 1, 27, 35, 68811 }, // U+2037
    { 15, 12, 245, 0, 3, 23, 68846 }, // U+2038
    { 11, 19, 189, 1, 19, 27, 68869 }, // U+2039
    { 11, 18, 190, 1, 19, 25, 68896 }, // U+203A
    { 28, 27, 510, 2, 27, 95, 68921 }, // U+203B
    { 17, 27, 342, 2, 27, 58, 69016 }, // U+203C
    { 17, 27, 286, 0, 27, 58, 69074 }, // U+203D
    { 19, 5, 300, 0, 34, 12, 69132 }, // U+203E
    { 23, 8, 365, 0, -1, 23, 69144 }, // U+203F
    { 23, 9, 365, 0, 30, 26, 69167 }, // U+2040
    { 16, 24, 254, 0, 15, 48, 69193 }, // U+2041
    { 42, 35, 671, 0, 29, 184, 69241 }, // U+2042
    { 10, 5, 192, 2, 13, 7, 69425 }, // U+2043
    { 24, 26, 364, -1, 26, 78, 69432 }, // U+2044
    { 9, 34, 199, 3, 27, 39, 69510 }, // U+2045
    { 9, 34, 199, 1, 27, 39, 69549 }, // U+2046
    { 36, 27, 569, 0, 27, 122, 69588 }, // U+2047
    { 27, 27, 458, 0, 27, 92, 69710 }, // U+2048
    { 26, 27, 458, 2, 27, 88, 69802 }, // U+2049
    { 18, 21, 353, 2, 21, 48, 69890 }, // U+204A
    { 20, 33, 389, 3, 29, 83, 69938 }, // U+204B
    { 19, 19, 393, 2, 21, 46, 70021 }, // U+204C
    { 19, 19, 393, 3, 21, 46, 70067 }, // U+204D
    { 19, 18, 325, 1, 10, 43, 70113 }, // U+204E
    { 7, 25, 171, 2, 21, 22, 70156 }, // U+204F
    { 23, 39, 360, 0, 30, 113, 70178 }, // U+2050
    { 19, 37, 325, 1, 29, 88, 70291 }, // U+2051
    { 16, 27, 253, 0, 27, 54, 70379 }, // U+2052
    { 36, 8, 600, 1, 16, 36, 70433 }, // U+2053
    { 23, 9, 360, 0, 0, 26, 70469 }, // U+2054
    { 19, 19, 336, 1, 19, 46, 70495 }, // U+2055
    { 17, 29, 347, 2, 27, 62, 70541 }, // U+2056
    { 35, 10, 561, 1, 27, 44, 70603 }, // U+2057
    { 28, 29, 524, 2, 27, 102, 70647 }, // U+2058
    { 28, 29, 524, 2, 27, 102, 70749 }, // U+2059
    { 6, 27, 171, 2, 27, 21, 70851 }, // U+205A
    { 22, 30, 416, 2, 30, 83, 70872 }, // U+205B
    { 29, 29, 512, 1, 28, 106, 70955 }, // U+205C
    { 6, 29, 169, 2, 29, 22, 71061 }, // U+205D
    { 6, 27, 171, 2, 27, 21, 71083 }, // U+205E
    { 0, 0, 133, 0, 0, 0, 71104 }, // U+205F
    { 0, 0, 360, 0, 0, 0, 71104 }, // U+2060
    { 0, 0, 360, 0, 0, 0, 71104 }, // U+2061
    { 0, 0, 360, 0, 0, 0, 71104 }, // U+2062
    { 0, 0, 360, 0, 0, 0, 71104 }, // U+2063
    { 0, 0, 360, 0, 0, 0, 71104 }, // U+2064
    { 0, 0, 0, 0, 0, 0, 71104 }, // U+2066
    { 0, 0, 0, 0, 0, 0, 71104 }, // U+2067
    { 0, 0, 0, 0, 0, 0, 71104 }, // U+2068
    { 0, 0, 0, 0, 0, 0, 71104 }, // U+2069
    { 9, 32, 0, -4, 26, 36, 71104 }, // U+206A
    { 9, 32, 0, -5, 26, 36, 71140 }, // U+206B
    { 10, 31, 0, -5, 26, 39, 71176 }, // U+206C
    { 10, 32, 0, -5, 27, 40, 71215 }, // U+206D
    { 10, 32, 0, -5, 27, 40, 71255 }, // U+206E
    { 9, 32, 0, -4, 26, 36, 71295 }, // U+206F
    { 13, 15, 246, 1, 30, 25, 71331 }, // U+2070
    { 4, 17, 116, 2, 28, 9, 71356 }, // U+2071
    { 13, 14, 245, 1, 30, 23, 71365 }, // U+2074
    { 12, 15, 221, 1, 30, 23, 71388 }, // U+2075
    { 11, 15, 226, 1, 30, 21, 71411 }, // U+2076
    { 11, 14, 198, 1, 30, 20, 71432 }, // U+2077
    { 13, 15, 230, 2, 30, 25, 71452 }, // U+2078
    { 12, 15, 220, 1, 30, 23, 71477 }, // U+2079
    { 11, 11, 215, 1, 28, 16, 71500 }, // U+207A
    { 11, 3, 215, 1, 24, 5, 71516 }, // U+207B
    { 11, 7, 215, 1, 26, 10, 71521 }, // U+207C
    { 7, 21, 145, 2, 34, 19, 71531 }, // U+207D
    { 7, 21, 145, -1, 34, 19, 71550 }, // U+207E
    { 12, 13, 254, 2, 24, 20, 71569 }, // U+207F
    { 13, 15, 246, 1, 8, 25, 71589 }, // U+2080
    { 9, 14, 175, 0, 7, 16, 71614 }, // U+2081
    { 12, 14, 218, 1, 7, 21, 71630 }, // U+2082
    { 12, 14, 214, 1, 7, 21, 71651 }, // U+2083
    { 13, 14, 245, 1, 7, 23, 71672 }, // U+2084
    { 12, 14, 221, 1, 7, 21, 71695 }, // U+2085
    { 11, 15, 226, 1, 8, 21, 71716 }, // U+2086
    { 11, 14, 198, 1, 7, 20, 71737 }, // U+2087
    { 13, 15, 230, 2, 8, 25, 71757 }, // U+2088
    { 12, 14, 220, 1, 7, 21, 71782 }, // U+2089
    { 11, 11, 215, 1, 9, 16, 71803 }, // U+208A
    { 11, 3, 215, 1, 5, 5, 71819 }, // U+208B
    { 11, 7, 215, 1, 7, 10, 71824 }, // U+208C
    { 7, 21, 145, 2, 14, 19, 71834 }, // U+208D
    { 7, 21, 145, -1, 14, 19, 71853 }, // U+208E
    { 12, 13, 233, 1, 9, 20, 71872 }, // U+2090
    { 13, 13, 233, 1, 9, 22, 71892 }, // U+2091
    { 13, 13, 244, 1, 9, 22, 71914 }, // U+2092
    { 14, 13, 226, 0, 9, 23, 71936 }, // U+2093
    { 12, 13, 233, 1, 9, 20, 71959 }, // U+2094
    { 12, 18, 254, 2, 14, 27, 71979 }, // U+2095
    { 14, 18, 238, 2, 14, 32, 72006 }, // U+2096
    { 4, 18, 116, 2, 14, 9, 72038 }, // U+2097
    { 20, 13, 380, 2, 9, 33, 72047 }, // U+2098
    { 12, 13, 254, 2, 9, 20, 72080 }, // U+2099
    { 13, 18, 247, 2, 9, 30, 72100 }, // U+209A
    { 10, 13, 196, 1, 9, 17, 72130 }, // U+209B
    { 9, 16, 164, 1, 12, 18, 72147 }, // U+209C
    { 20, 27, 343, 1, 27, 68, 72165 }, // U+20A0
    { 24, 34, 416, 2, 30, 102, 72233 }, // U+20A1
    { 20, 27, 343, 1, 27, 68, 72335 }, // U+20A2
    { 20, 26, 371, 1, 26, 65, 72403 }, // U+20A3
    { 23, 27, 382, 1, 27, 78, 72468 }, // U+20A4
    { 32, 29, 585, 3, 25, 116, 72546 }, // U+20A5
    { 31, 26, 512, 0, 26, 101, 72662 }, // U+20A6
    { 27, 26, 470, 1, 26, 88, 72763 }, // U+20A7
    { 30, 27, 550, 3, 27, 102, 72851 }, // U+20A8
    { 38, 26, 605, 0, 26, 124, 72953 }, // U+20A9
    { 27, 23, 518, 3, 23, 78, 73077 }, // U+20AA
    { 18, 26, 328, 1, 26, 59, 73155 }, // U+20AB
    { 24, 27, 407, 0, 27, 81, 73214 }, // U+20AC
    { 29, 26, 460, 1, 26, 95, 73295 }, // U+20AD
    { 20, 27, 343, 1, 27, 68, 73390 }, // U+20AE
    { 36, 36, 606, 1, 27, 162, 73458 }, // U+20AF
    { 21, 36, 366, 0, 27, 95, 73620 }, // U+20B0
    { 27, 26, 467, 1, 26, 88, 73715 }, // U+20B1
    { 27, 35, 469, 2, 30, 119, 73803 }, // U+20B2
    { 26, 27, 390, 0, 27, 88, 73922 }, // U+20B3
    { 21, 27, 343, 1, 27, 71, 74010 }, // U+20B4
    { 24, 33, 416, 2, 30, 99, 74081 }, // U+20B5
    { 25, 25, 418, 0, 25, 79, 74180 }, // U+20B6
    { 26, 30, 439, 0, 27, 98, 74259 }, // U+20B7
    { 20, 27, 344, 1, 27, 68, 74357 }, // U+20B8
    { 21, 28, 361, 1, 27, 74, 74425 }, // U+20B9
    { 24, 26, 375, 0, 26, 78, 74499 }, // U+20BA
    { 29, 27, 487, 1, 27, 98, 74577 }, // U+20BB
    { 23, 30, 464, 3, 30, 87, 74675 }, // U+20BC
    { 23, 26, 425, 2, 26, 75, 74762 }, // U+20BD
    { 26, 29, 473, 2, 29, 95, 74837 }, // U+20BE
    { 17, 35, 343, 3, 31, 75, 74932 }, // U+20BF
    { 17, 28, 314, 2, 21, 60, 75007 }, // U+20C0
    { 21, 30, 366, 1, 29, 79, 75067 }, // U+2202
    { 22, 22, 385, 1, 21, 61, 75146 }, // U+2205
    { 28, 28, 427, -1, 28, 98, 75207 }, // U+2206
    { 27, 35, 444, 1, 27, 119, 75305 }, // U+220F
    { 18, 27, 314, 1, 26, 61, 75424 }, // U+2211
    { 19, 6, 348, 1, 14, 15, 75485 }, // U+2212
    { 22, 34, 340, 0, 29, 94, 75500 }, // U+2215
    { 9, 9, 206, 2, 16, 11, 75594 }, // U+2219
    { 28, 33, 443, 0, 27, 116, 75605 }, // U+221A
    { 32, 17, 544, 1, 18, 68, 75721 }, // U+221E
    { 26, 33, 371, -1, 28, 108, 75789 }, // U+222B
    { 19, 16, 365, 2, 18, 38, 75897 }, // U+2248
    { 20, 21, 381, 2, 21, 53, 75935 }, // U+2260
    { 19, 22, 376, 2, 22, 53, 75988 }, // U+2264
    { 19, 22, 376, 2, 22, 53, 76041 }, // U+2265
    { 30, 29, 463, 1, 29, 109, 76094 }, // U+FB00
    { 23, 30, 427, 1, 30, 87, 76203 }, // U+FB01
    { 23, 27, 418, 1, 27, 78, 76290 }, // U+FB02
    { 37, 29, 643, 1, 29, 135, 76368 }, // U+FB03
    { 37, 29, 647, 1, 29, 135, 76503 }, // U+FB04
    { 25, 29, 469, 3, 29, 91, 76638 }, // U+FB05
    { 32, 29, 559, 2, 29, 116, 76729 }, // U+FB06
    { 35, 36, 600, 1, 29, 158, 76845 }, // U+FFFD
};

static const EpdUnicodeInterval lexenddeca_18_boldIntervals[] = {
    { 0x0, 0x0, 0x0 },
    { 0xD, 0xD, 0x1 },
    { 0x20, 0x7E, 0x2 },
    { 0xA0, 0x17F, 0x61 },
    { 0x1A0, 0x1A1, 0x141 },
    { 0x1AF, 0x1B0, 0x143 },
    { 0x1C4, 0x21F, 0x145 },
    { 0x300, 0x36F, 0x1A1 },
    { 0x400, 0x4FF, 0x211 },
    { 0x5D0, 0x5EA, 0x311 },
    { 0x1EA0, 0x1EF9, 0x32C },
    { 0x2000, 0x2064, 0x386 },
    { 0x2066, 0x2071, 0x3EB },
    { 0x2074, 0x208E, 0x3F7 },
    { 0x2090, 0x209C, 0x412 },
    { 0x20A0, 0x20C0, 0x41F },
    { 0x2202, 0x2202, 0x440 },
    { 0x2205, 0x2206, 0x441 },
    { 0x220F, 0x220F, 0x443 },
    { 0x2211, 0x2212, 0x444 },
    { 0x2215, 0x2215, 0x446 },
    { 0x2219, 0x221A, 0x447 },
    { 0x221E, 0x221E, 0x449 },
    { 0x222B, 0x222B, 0x44A },
    { 0x2248, 0x2248, 0x44B },
    { 0x2260, 0x2260, 0x44C },
    { 0x2264, 0x2265, 0x44D },
    { 0xFB00, 0xFB06, 0x44F },
    { 0xFFFD, 0xFFFD, 0x456 },
};

static const EpdKernClassEntry lexenddeca_18_boldKernLeftClasses[] = {
    { 0x0026, 1 }, // &
    { 0x0028, 2 }, // (
    { 0x002A, 3 }, // *
    { 0x002C, 4 }, // ,
    { 0x002E, 5 }, // .
    { 0x002F, 6 }, // /
    { 0x0030, 7 }, // 0
    { 0x0031, 8 }, // 1
    { 0x0032, 9 }, // 2
    { 0x0033, 10 }, // 3
    { 0x0034, 11 }, // 4
    { 0x0035, 12 }, // 5
    { 0x0036, 13 }, // 6
    { 0x0037, 14 }, // 7
    { 0x0038, 15 }, // 8
    { 0x0039, 16 }, // 9
    { 0x003C, 17 }, // <
    { 0x003E, 18 }, // >
    { 0x003F, 19 }, // ?
    { 0x0040, 20 }, // @
    { 0x0041, 21 }, // A
    { 0x0042, 22 }, // B
    { 0x0043, 23 }, // C
    { 0x0044, 24 }, // D
    { 0x0045, 25 }, // E
    { 0x0046, 26 }, // F
    { 0x0047, 27 }, // G
    { 0x0049, 28 }, // I
    { 0x004A, 29 }, // J
    { 0x004B, 30 }, // K
    { 0x004C, 31 }, // L
    { 0x004F, 24 }, // O
    { 0x0050, 32 }, // P
    { 0x0051, 33 }, // Q
    { 0x0052, 34 }, // R
    { 0x0053, 35 }, // S
    { 0x0054, 36 }, // T
    { 0x0055, 37 }, // U
    { 0x0056, 38 }, // V
    { 0x0057, 39 }, // W
    { 0x0058, 40 }, // X
    { 0x0059, 41 }, // Y
    { 0x005A, 42 }, // Z
    { 0x005B, 43 }, // [
    { 0x005C, 44 }, // <backslash>
    { 0x005F, 45 }, // _
    { 0x0061, 46 }, // a
    { 0x0062, 47 }, // b
    { 0x0063, 48 }, // c
    { 0x0064, 49 }, // d
    { 0x0065, 50 }, // e
    { 0x0066, 51 }, // f
    { 0x0067, 52 }, // g
    { 0x0068, 53 }, // h
    { 0x0069, 54 }, // i
    { 0x006A, 55 }, // j
    { 0x006B, 56 }, // k
    { 0x006C, 57 }, // l
    { 0x006D, 53 }, // m
    { 0x006E, 53 }, // n
    { 0x006F, 47 }, // o
    { 0x0070, 47 }, // p
    { 0x0071, 58 }, // q
    { 0x0072, 59 }, // r
    { 0x0073, 60 }, // s
    { 0x0074, 61 }, // t
    { 0x0075, 62 }, // u
    { 0x0076, 63 }, // v
    { 0x0077, 64 }, // w
    { 0x0078, 65 }, // x
    { 0x0079, 66 }, // y
    { 0x007A, 67 }, // z
    { 0x007B, 68 }, // {
    { 0x007D, 69 }, // }
    { 0x00A1, 70 }, // U+00A1
    { 0x00A3, 71 }, // U+00A3
    { 0x00B7, 72 }, // U+00B7
    { 0x00BF, 73 }, // U+00BF
    { 0x00C0, 21 }, // U+00C0
    { 0x00C1, 21 }, // U+00C1
    { 0x00C2, 21 }, // U+00C2
    { 0x00C3, 21 }, // U+00C3
    { 0x00C4, 21 }, // U+00C4
    { 0x00C5, 21 }, // U+00C5
    { 0x00C6, 25 }, // U+00C6
    { 0x00C8, 25 }, // U+00C8
    { 0x00C9, 25 }, // U+00C9
    { 0x00CA, 25 }, // U+00CA
    { 0x00CB, 25 }, // U+00CB
    { 0x00D0, 24 }, // U+00D0
    { 0x00D2, 24 }, // U+00D2
    { 0x00D3, 24 }, // U+00D3
    { 0x00D4, 24 }, // U+00D4
    { 0x00D5, 24 }, // U+00D5
    { 0x00D6, 24 }, // U+00D6
    { 0x00D8, 24 }, // U+00D8
    { 0x00D9, 37 }, // U+00D9
    { 0x00DA, 37 }, // U+00DA
    { 0x00DB, 37 }, // U+00DB
    { 0x00DC, 37 }, // U+00DC
    { 0x00DD, 41 }, // U+00DD
    { 0x00DE, 74 }, // U+00DE
    { 0x00DF, 75 }, // U+00DF
    { 0x00E0, 46 }, // U+00E0
    { 0x00E1, 46 }, // U+00E1
    { 0x00E2, 46 }, // U+00E2
    { 0x00E3, 46 }, // U+00E3
    { 0x00E4, 46 }, // U+00E4
    { 0x00E5, 46 }, // U+00E5
    { 0x00E7, 48 }, // U+00E7
    { 0x00E8, 50 }, // U+00E8
    { 0x00E9, 50 }, // U+00E9
    { 0x00EA, 50 }, // U+00EA
    { 0x00EB, 50 }, // U+00EB
    { 0x00EC, 54 }, // U+00EC
    { 0x00ED, 54 }, // U+00ED
    { 0x00EE, 54 }, // U+00EE
    { 0x00EF, 54 }, // U+00EF
    { 0x00F0, 76 }, // U+00F0
    { 0x00F1, 53 }, // U+00F1
    { 0x00F2, 47 }, // U+00F2
    { 0x00F3, 47 }, // U+00F3
    { 0x00F4, 47 }, // U+00F4
    { 0x00F5, 47 }, // U+00F5
    { 0x00F6, 47 }, // U+00F6
    { 0x00F8, 47 }, // U+00F8
    { 0x00F9, 62 }, // U+00F9
    { 0x00FA, 62 }, // U+00FA
    { 0x00FB, 62 }, // U+00FB
    { 0x00FC, 62 }, // U+00FC
    { 0x00FD, 66 }, // U+00FD
    { 0x00FE, 47 }, // U+00FE
    { 0x00FF, 66 }, // U+00FF
    { 0x0100, 21 }, // U+0100
    { 0x0101, 46 }, // U+0101
    { 0x0102, 21 }, // U+0102
    { 0x0103, 46 }, // U+0103
    { 0x0104, 21 }, // U+0104
    { 0x0105, 46 }, // U+0105
    { 0x0107, 48 }, // U+0107
    { 0x0109, 48 }, // U+0109
    { 0x010B, 48 }, // U+010B
    { 0x010D, 48 }, // U+010D
    { 0x010E, 24 }, // U+010E
    { 0x010F, 77 }, // U+010F
    { 0x0110, 24 }, // U+0110
    { 0x0111, 49 }, // U+0111
    { 0x0112, 25 }, // U+0112
    { 0x0113, 50 }, // U+0113
    { 0x0114, 25 }, // U+0114
    { 0x0115, 50 }, // U+0115
    { 0x0116, 25 }, // U+0116
    { 0x0117, 50 }, // U+0117
    { 0x0118, 25 }, // U+0118
    { 0x0119, 50 }, // U+0119
    { 0x011A, 25 }, // U+011A
    { 0x011B, 50 }, // U+011B
    { 0x011C, 27 }, // U+011C
    { 0x011D, 78 }, // U+011D
    { 0x011E, 27 }, // U+011E
    { 0x011F, 78 }, // U+011F
    { 0x0120, 27 }, // U+0120
    { 0x0121, 78 }, // U+0121
    { 0x0122, 27 }, // U+0122
    { 0x0123, 78 }, // U+0123
    { 0x0125, 53 }, // U+0125
    { 0x0127, 53 }, // U+0127
    { 0x0129, 54 }, // U+0129
    { 0x012B, 54 }, // U+012B
    { 0x012D, 54 }, // U+012D
    { 0x012F, 54 }, // U+012F
    { 0x0131, 54 }, // U+0131
    { 0x0132, 29 }, // U+0132
    { 0x0133, 55 }, // U+0133
    { 0x0134, 29 }, // U+0134
    { 0x0135, 55 }, // U+0135
    { 0x0136, 30 }, // U+0136
    { 0x0137, 56 }, // U+0137
    { 0x0138, 56 }, // U+0138
    { 0x0139, 31 }, // U+0139
    { 0x013A, 57 }, // U+013A
    { 0x013B, 31 }, // U+013B
    { 0x013C, 57 }, // U+013C
    { 0x013D, 31 }, // U+013D
    { 0x013E, 77 }, // U+013E
    { 0x013F, 31 }, // U+013F
    { 0x0140, 57 }, // U+0140
    { 0x0141, 31 }, // U+0141
    { 0x0142, 57 }, // U+0142
    { 0x0144, 53 }, // U+0144
    { 0x0146, 53 }, // U+0146
    { 0x0148, 53 }, // U+0148
    { 0x0149, 53 }, // U+0149
    { 0x014B, 53 }, // U+014B
    { 0x014C, 24 }, // U+014C
    { 0x014D, 47 }, // U+014D
    { 0x014E, 24 }, // U+014E
    { 0x014F, 47 }, // U+014F
    { 0x0150, 24 }, // U+0150
    { 0x0151, 47 }, // U+0151
    { 0x0152, 25 }, // U+0152
    { 0x0153, 50 }, // U+0153
    { 0x0154, 79 }, // U+0154
    { 0x0155, 59 }, // U+0155
    { 0x0156, 79 }, // U+0156
    { 0x0157, 59 }, // U+0157
    { 0x0158, 79 }, // U+0158
    { 0x0159, 59 }, // U+0159
    { 0x015A, 35 }, // U+015A
    { 0x015B, 60 }, // U+015B
    { 0x015C, 35 }, // U+015C
    { 0x015D, 60 }, // U+015D
    { 0x015E, 35 }, // U+015E
    { 0x015F, 60 }, // U+015F
    { 0x0160, 35 }, // U+0160
    { 0x0161, 60 }, // U+0161
    { 0x0162, 36 }, // U+0162
    { 0x0163, 61 }, // U+0163
    { 0x0164, 36 }, // U+0164
    { 0x0165, 61 }, // U+0165
    { 0x0166, 36 }, // U+0166
    { 0x0167, 61 }, // U+0167
    { 0x0168, 37 }, // U+0168
    { 0x0169, 62 }, // U+0169
    { 0x016A, 37 }, // U+016A
    { 0x016B, 62 }, // U+016B
    { 0x016C, 37 }, // U+016C
    { 0x016D, 62 }, // U+016D
    { 0x016E, 37 }, // U+016E
    { 0x016F, 62 }, // U+016F
    { 0x0170, 37 }, // U+0170
    { 0x0171, 62 }, // U+0171
    { 0x0172, 37 }, // U+0172
    { 0x0173, 62 }, // U+0173
    { 0x0174, 39 }, // U+0174
    { 0x0175, 64 }, // U+0175
    { 0x0176, 41 }, // U+0176
    { 0x0177, 66 }, // U+0177
    { 0x0178, 41 }, // U+0178
    { 0x0179, 42 }, // U+0179
    { 0x017A, 67 }, // U+017A
    { 0x017B, 42 }, // U+017B
    { 0x017C, 67 }, // U+017C
    { 0x017D, 42 }, // U+017D
    { 0x017E, 67 }, // U+017E
    { 0x01A0, 24 }, // U+01A0
    { 0x01A1, 47 }, // U+01A1
    { 0x01AF, 37 }, // U+01AF
    { 0x01B0, 62 }, // U+01B0
    { 0x01C4, 42 }, // U+01C4
    { 0x01C5, 67 }, // U+01C5
    { 0x01C6, 67 }, // U+01C6
    { 0x01C7, 29 }, // U+01C7
    { 0x01C8, 55 }, // U+01C8
    { 0x01C9, 57 }, // U+01C9
    { 0x01CA, 29 }, // U+01CA
    { 0x01CB, 55 }, // U+01CB
    { 0x01CC, 55 }, // U+01CC
    { 0x01CD, 21 }, // U+01CD
    { 0x01CE, 46 }, // U+01CE
    { 0x01D0, 54 }, // U+01D0
    { 0x01D1, 24 }, // U+01D1
    { 0x01D2, 47 }, // U+01D2
    { 0x01D3, 37 }, // U+01D3
    { 0x01D4, 62 }, // U+01D4
    { 0x01E6, 27 }, // U+01E6
    { 0x01E7, 78 }, // U+01E7
    { 0x01EA, 24 }, // U+01EA
    { 0x01EB, 47 }, // U+01EB
    { 0x01F1, 42 }, // U+01F1
    { 0x01F2, 67 }, // U+01F2
    { 0x01FA, 21 }, // U+01FA
    { 0x01FB, 46 }, // U+01FB
    { 0x01FC, 25 }, // U+01FC
    { 0x01FE, 24 }, // U+01FE
    { 0x01FF, 47 }, // U+01FF
    { 0x0200, 21 }, // U+0200
    { 0x0201, 46 }, // U+0201
    { 0x0202, 21 }, // U+0202
    { 0x0203, 46 }, // U+0203
    { 0x0204, 25 }, // U+0204
    { 0x0205, 50 }, // U+0205
    { 0x0206, 25 }, // U+0206
    { 0x0207, 50 }, // U+0207
    { 0x0209, 54 }, // U+0209
    { 0x020B, 54 }, // U+020B
    { 0x020C, 24 }, // U+020C
    { 0x020D, 47 }, // U+020D
    { 0x020E, 24 }, // U+020E
    { 0x020F, 47 }, // U+020F
    { 0x0210, 79 }, // U+0210
    { 0x0211, 59 }, // U+0211
    { 0x0212, 79 }, // U+0212
    { 0x0213, 59 }, // U+0213
    { 0x0214, 37 }, // U+0214
    { 0x0215, 62 }, // U+0215
    { 0x0216, 37 }, // U+0216
    { 0x0217, 62 }, // U+0217
    { 0x0218, 35 }, // U+0218
    { 0x0219, 60 }, // U+0219
    { 0x021A, 36 }, // U+021A
    { 0x021B, 61 }, // U+021B
    { 0x0400, 80 }, // U+0400
    { 0x0401, 80 }, // U+0401
    { 0x0402, 81 }, // U+0402
    { 0x0403, 82 }, // U+0403
    { 0x0404, 83 }, // U+0404
    { 0x0405, 84 }, // U+0405
    { 0x0409, 85 }, // U+0409
    { 0x040A, 85 }, // U+040A
    { 0x040B, 81 }, // U+040B
    { 0x040C, 86 }, // U+040C
    { 0x040E, 87 }, // U+040E
    { 0x0410, 88 }, // U+0410
    { 0x0411, 89 }, // U+0411
    { 0x0412, 90 }, // U+0412
    { 0x0413, 82 }, // U+0413
    { 0x0414, 91 }, // U+0414
    { 0x0415, 80 }, // U+0415
    { 0x0416, 86 }, // U+0416
    { 0x0417, 90 }, // U+0417
    { 0x041A, 86 }, // U+041A
    { 0x041E, 92 }, // U+041E
    { 0x0420, 93 }, // U+0420
    { 0x0421, 83 }, // U+0421
    { 0x0422, 82 }, // U+0422
    { 0x0423, 87 }, // U+0423
    { 0x0424, 94 }, // U+0424
    { 0x0425, 86 }, // U+0425
    { 0x0426, 91 }, // U+0426
    { 0x0429, 91 }, // U+0429
    { 0x042A, 85 }, // U+042A
    { 0x042C, 85 }, // U+042C
    { 0x042D, 92 }, // U+042D
    { 0x042E, 92 }, // U+042E
    { 0x0430, 95 }, // U+0430
    { 0x0431, 96 }, // U+0431
    { 0x0432, 97 }, // U+0432
    { 0x0433, 98 }, // U+0433
    { 0x0434, 99 }, // U+0434
    { 0x0435, 100 }, // U+0435
    { 0x0436, 101 }, // U+0436
    { 0x0437, 97 }, // U+0437
    { 0x0438, 102 }, // U+0438
    { 0x0439, 102 }, // U+0439
    { 0x043A, 101 }, // U+043A
    { 0x043B, 102 }, // U+043B
    { 0x043C, 102 }, // U+043C
    { 0x043D, 102 }, // U+043D
    { 0x043E, 100 }, // U+043E
    { 0x043F, 102 }, // U+043F
    { 0x0440, 100 }, // U+0440
    { 0x0441, 103 }, // U+0441
    { 0x0442, 98 }, // U+0442
    { 0x0443, 104 }, // U+0443
    { 0x0444, 100 }, // U+0444
    { 0x0445, 101 }, // U+0445
    { 0x0446, 99 }, // U+0446
    { 0x0447, 102 }, // U+0447
    { 0x0448, 102 }, // U+0448
    { 0x0449, 99 }, // U+0449
    { 0x044A, 105 }, // U+044A
    { 0x044B, 102 }, // U+044B
    { 0x044C, 105 }, // U+044C
    { 0x044D, 100 }, // U+044D
    { 0x044E, 100 }, // U+044E
    { 0x044F, 102 }, // U+044F
    { 0x0450, 100 }, // U+0450
    { 0x0451, 100 }, // U+0451
    { 0x0452, 106 }, // U+0452
    { 0x0453, 107 }, // U+0453
    { 0x0454, 103 }, // U+0454
    { 0x0455, 108 }, // U+0455
    { 0x0457, 109 }, // U+0457
    { 0x0458, 110 }, // U+0458
    { 0x0459, 105 }, // U+0459
    { 0x045A, 105 }, // U+045A
    { 0x045B, 111 }, // U+045B
    { 0x045C, 101 }, // U+045C
    { 0x045D, 102 }, // U+045D
    { 0x045E, 104 }, // U+045E
    { 0x045F, 102 }, // U+045F
    { 0x0460, 92 }, // U+0460
    { 0x0461, 112 }, // U+0461
    { 0x0462, 113 }, // U+0462
    { 0x0463, 105 }, // U+0463
    { 0x0464, 83 }, // U+0464
    { 0x0465, 103 }, // U+0465
    { 0x0466, 88 }, // U+0466
    { 0x0467, 114 }, // U+0467
    { 0x0468, 88 }, // U+0468
    { 0x0469, 114 }, // U+0469
    { 0x046E, 115 }, // U+046E
    { 0x0471, 100 }, // U+0471
    { 0x0472, 92 }, // U+0472
    { 0x0473, 100 }, // U+0473
    { 0x0474, 87 }, // U+0474
    { 0x0475, 112 }, // U+0475
    { 0x0476, 87 }, // U+0476
    { 0x0477, 112 }, // U+0477
    { 0x0478, 104 }, // U+0478
    { 0x0479, 104 }, // U+0479
    { 0x047A, 92 }, // U+047A
    { 0x047B, 100 }, // U+047B
    { 0x047C, 92 }, // U+047C
    { 0x047D, 100 }, // U+047D
    { 0x047E, 92 }, // U+047E
    { 0x047F, 112 }, // U+047F
    { 0x0480, 83 }, // U+0480
    { 0x048A, 91 }, // U+048A
    { 0x048B, 99 }, // U+048B
    { 0x048C, 113 }, // U+048C
    { 0x048D, 105 }, // U+048D
    { 0x048E, 93 }, // U+048E
    { 0x048F, 100 }, // U+048F
    { 0x0490, 116 }, // U+0490
    { 0x0491, 117 }, // U+0491
    { 0x0492, 118 }, // U+0492
    { 0x0493, 119 }, // U+0493
    { 0x0496, 120 }, // U+0496
    { 0x0497, 121 }, // U+0497
    { 0x0498, 115 }, // U+0498
    { 0x0499, 97 }, // U+0499
    { 0x049A, 120 }, // U+049A
    { 0x049B, 121 }, // U+049B
    { 0x049C, 86 }, // U+049C
    { 0x049D, 101 }, // U+049D
    { 0x049E, 86 }, // U+049E
    { 0x049F, 101 }, // U+049F
    { 0x04A0, 86 }, // U+04A0
    { 0x04A1, 101 }, // U+04A1
    { 0x04A2, 91 }, // U+04A2
    { 0x04A3, 99 }, // U+04A3
    { 0x04A4, 118 }, // U+04A4
    { 0x04A5, 117 }, // U+04A5
    { 0x04A9, 100 }, // U+04A9
    { 0x04AA, 83 }, // U+04AA
    { 0x04AB, 103 }, // U+04AB
    { 0x04AC, 116 }, // U+04AC
    { 0x04AD, 117 }, // U+04AD
    { 0x04AE, 122 }, // U+04AE
    { 0x04AF, 123 }, // U+04AF
    { 0x04B0, 122 }, // U+04B0
    { 0x04B1, 123 }, // U+04B1
    { 0x04B2, 120 }, // U+04B2
    { 0x04B3, 121 }, // U+04B3
    { 0x04B4, 91 }, // U+04B4
    { 0x04B5, 99 }, // U+04B5
    { 0x04B6, 91 }, // U+04B6
    { 0x04B7, 99 }, // U+04B7
    { 0x04BC, 124 }, // U+04BC
    { 0x04BD, 125 }, // U+04BD
    { 0x04BE, 124 }, // U+04BE
    { 0x04BF, 125 }, // U+04BF
    { 0x04C1, 86 }, // U+04C1
    { 0x04C2, 101 }, // U+04C2
    { 0x04C5, 91 }, // U+04C5
    { 0x04C6, 99 }, // U+04C6
    { 0x04C9, 91 }, // U+04C9
    { 0x04CA, 99 }, // U+04CA
    { 0x04CD, 91 }, // U+04CD
    { 0x04CE, 99 }, // U+04CE
    { 0x04D0, 88 }, // U+04D0
    { 0x04D1, 95 }, // U+04D1
    { 0x04D2, 88 }, // U+04D2
    { 0x04D3, 95 }, // U+04D3
    { 0x04D4, 80 }, // U+04D4
    { 0x04D5, 125 }, // U+04D5
    { 0x04D6, 80 }, // U+04D6
    { 0x04D7, 125 }, // U+04D7
    { 0x04D8, 92 }, // U+04D8
    { 0x04D9, 100 }, // U+04D9
    { 0x04DA, 92 }, // U+04DA
    { 0x04DB, 100 }, // U+04DB
    { 0x04DC, 86 }, // U+04DC
    { 0x04DD, 101 }, // U+04DD
    { 0x04DE, 115 }, // U+04DE
    { 0x04DF, 97 }, // U+04DF
    { 0x04E3, 102 }, // U+04E3
    { 0x04E5, 102 }, // U+04E5
    { 0x04E6, 92 }, // U+04E6
    { 0x04E7, 100 }, // U+04E7
    { 0x04E8, 92 }, // U+04E8
    { 0x04E9, 100 }, // U+04E9
    { 0x04EA, 92 }, // U+04EA
    { 0x04EB, 100 }, // U+04EB
    { 0x04EC, 92 }, // U+04EC
    { 0x04ED, 100 }, // U+04ED
    { 0x04EE, 87 }, // U+04EE
    { 0x04EF, 104 }, // U+04EF
    { 0x04F0, 87 }, // U+04F0
    { 0x04F1, 104 }, // U+04F1
    { 0x04F2, 87 }, // U+04F2
    { 0x04F3, 104 }, // U+04F3
    { 0x04F5, 102 }, // U+04F5
    { 0x04F6, 116 }, // U+04F6
    { 0x04F7, 117 }, // U+04F7
    { 0x04F9, 102 }, // U+04F9
    { 0x04FA, 118 }, // U+04FA
    { 0x04FB, 119 }, // U+04FB
    { 0x04FC, 120 }, // U+04FC
    { 0x04FD, 121 }, // U+04FD
    { 0x04FE, 86 }, // U+04FE
    { 0x04FF, 121 }, // U+04FF
    { 0x05D0, 126 }, // U+05D0
    { 0x05D1, 127 }, // U+05D1
    { 0x05D2, 128 }, // U+05D2
    { 0x05D3, 129 }, // U+05D3
    { 0x05D5, 130 }, // U+05D5
    { 0x05D6, 131 }, // U+05D6
    { 0x05D8, 132 }, // U+05D8
    { 0x05D9, 133 }, // U+05D9
    { 0x05DB, 134 }, // U+05DB
    { 0x05DC, 135 }, // U+05DC
    { 0x05DE, 136 }, // U+05DE
    { 0x05E0, 137 }, // U+05E0
    { 0x05E1, 138 }, // U+05E1
    { 0x05E2, 139 }, // U+05E2
    { 0x05E4, 140 }, // U+05E4
    { 0x05E6, 141 }, // U+05E6
    { 0x05E8, 142 }, // U+05E8
    { 0x05E9, 143 }, // U+05E9
    { 0x05EA, 144 }, // U+05EA
    { 0x1EA0, 21 }, // U+1EA0
    { 0x1EA1, 46 }, // U+1EA1
    { 0x1EA2, 21 }, // U+1EA2
    { 0x1EA3, 46 }, // U+1EA3
    { 0x1EA4, 21 }, // U+1EA4
    { 0x1EA5, 46 }, // U+1EA5
    { 0x1EA6, 21 }, // U+1EA6
    { 0x1EA7, 46 }, // U+1EA7
    { 0x1EA8, 21 }, // U+1EA8
    { 0x1EA9, 46 }, // U+1EA9
    { 0x1EAA, 21 }, // U+1EAA
    { 0x1EAB, 46 }, // U+1EAB
    { 0x1EAC, 21 }, // U+1EAC
    { 0x1EAD, 46 }, // U+1EAD
    { 0x1EAE, 21 }, // U+1EAE
    { 0x1EAF, 46 }, // U+1EAF
    { 0x1EB0, 21 }, // U+1EB0
    { 0x1EB1, 46 }, // U+1EB1
    { 0x1EB2, 21 }, // U+1EB2
    { 0x1EB3, 46 }, // U+1EB3
    { 0x1EB4, 21 }, // U+1EB4
    { 0x1EB5, 46 }, // U+1EB5
    { 0x1EB6, 21 }, // U+1EB6
    { 0x1EB7, 46 }, // U+1EB7
    { 0x1EB8, 25 }, // U+1EB8
    { 0x1EB9, 50 }, // U+1EB9
    { 0x1EBA, 25 }, // U+1EBA
    { 0x1EBB, 50 }, // U+1EBB
    { 0x1EBC, 25 }, // U+1EBC
    { 0x1EBD, 50 }, // U+1EBD
    { 0x1EBE, 25 }, // U+1EBE
    { 0x1EBF, 50 }, // U+1EBF
    { 0x1EC0, 25 }, // U+1EC0
    { 0x1EC1, 50 }, // U+1EC1
    { 0x1EC2, 25 }, // U+1EC2
    { 0x1EC3, 50 }, // U+1EC3
    { 0x1EC4, 25 }, // U+1EC4
    { 0x1EC5, 50 }, // U+1EC5
    { 0x1EC6, 25 }, // U+1EC6
    { 0x1EC7, 50 }, // U+1EC7
    { 0x1EC9, 54 }, // U+1EC9
    { 0x1ECB, 54 }, // U+1ECB
    { 0x1ECC, 24 }, // U+1ECC
    { 0x1ECD, 47 }, // U+1ECD
    { 0x1ECE, 24 }, // U+1ECE
    { 0x1ECF, 47 }, // U+1ECF
    { 0x1ED0, 24 }, // U+1ED0
    { 0x1ED1, 47 }, // U+1ED1
    { 0x1ED2, 24 }, // U+1ED2
    { 0x1ED3, 47 }, // U+1ED3
    { 0x1ED4, 24 }, // U+1ED4
    { 0x1ED5, 47 }, // U+1ED5
    { 0x1ED6, 24 }, // U+1ED6
    { 0x1ED7, 47 }, // U+1ED7
    { 0x1ED8, 24 }, // U+1ED8
    { 0x1ED9, 47 }, // U+1ED9
    { 0x1EDA, 24 }, // U+1EDA
    { 0x1EDB, 47 }, // U+1EDB
    { 0x1EDC, 24 }, // U+1EDC
    { 0x1EDD, 47 }, // U+1EDD
    { 0x1EDE, 24 }, // U+1EDE
    { 0x1EDF, 47 }, // U+1EDF
    { 0x1EE0, 24 }, // U+1EE0
    { 0x1EE1, 47 }, // U+1EE1
    { 0x1EE2, 24 }, // U+1EE2
    { 0x1EE3, 47 }, // U+1EE3
    { 0x1EE4, 37 }, // U+1EE4
    { 0x1EE5, 62 }, // U+1EE5
    { 0x1EE6, 37 }, // U+1EE6
    { 0x1EE7, 62 }, // U+1EE7
    { 0x1EE8, 37 }, // U+1EE8
    { 0x1EE9, 62 }, // U+1EE9
    { 0x1EEA, 37 }, // U+1EEA
    { 0x1EEB, 62 }, // U+1EEB
    { 0x1EEC, 37 }, // U+1EEC
    { 0x1EED, 62 }, // U+1EED
    { 0x1EEE, 37 }, // U+1EEE
    { 0x1EEF, 62 }, // U+1EEF
    { 0x1EF0, 37 }, // U+1EF0
    { 0x1EF1, 62 }, // U+1EF1
    { 0x1EF2, 41 }, // U+1EF2
    { 0x1EF3, 66 }, // U+1EF3
    { 0x1EF4, 41 }, // U+1EF4
    { 0x1EF5, 66 }, // U+1EF5
    { 0x1EF6, 41 }, // U+1EF6
    { 0x1EF7, 66 }, // U+1EF7
    { 0x1EF8, 41 }, // U+1EF8
    { 0x1EF9, 66 }, // U+1EF9
    { 0x2018, 145 }, // U+2018
    { 0x2019, 146 }, // U+2019
    { 0x201C, 147 }, // U+201C
    { 0x201D, 148 }, // U+201D
    { 0x2022, 149 }, // U+2022
    { 0x2206, 150 }, // U+2206
    { 0x221E, 151 }, // U+221E
    { 0x222B, 152 }, // U+222B
    { 0xFB01, 54 }, // U+FB01
    { 0xFB02, 57 }, // U+FB02
};

static const EpdKernClassEntry lexenddeca_18_boldKernRightClasses[] = {
    { 0x0021, 1 }, // !
    { 0x0026, 2 }, // &
    { 0x0029, 3 }, // )
    { 0x002A, 4 }, // *
    { 0x002C, 5 }, // ,
    { 0x002D, 6 }, // -
    { 0x002E, 7 }, // .
    { 0x002F, 8 }, // /
    { 0x0030, 9 }, // 0
    { 0x0031, 10 }, // 1
    { 0x0032, 11 }, // 2
    { 0x0034, 12 }, // 4
    { 0x0036, 13 }, // 6
    { 0x0037, 14 }, // 7
    { 0x0038, 15 }, // 8
    { 0x0039, 16 }, // 9
    { 0x003C, 17 }, // <
    { 0x003F, 18 }, // ?
    { 0x0040, 19 }, // @
    { 0x0041, 20 }, // A
    { 0x0042, 21 }, // B
    { 0x0043, 22 }, // C
    { 0x0044, 21 }, // D
    { 0x0045, 21 }, // E
    { 0x0046, 21 }, // F
    { 0x0047, 22 }, // G
    { 0x0048, 21 }, // H
    { 0x0049, 23 }, // I
    { 0x004A, 24 }, // J
    { 0x004B, 21 }, // K
    { 0x004C, 21 }, // L
    { 0x004D, 21 }, // M
    { 0x004E, 21 }, // N
    { 0x004F, 22 }, // O
    { 0x0050, 21 }, // P
    { 0x0051, 22 }, // Q
    { 0x0052, 21 }, // R
    { 0x0053, 25 }, // S
    { 0x0054, 26 }, // T
    { 0x0055, 27 }, // U
    { 0x0056, 28 }, // V
    { 0x0057, 29 }, // W
    { 0x0058, 30 }, // X
    { 0x0059, 31 }, // Y
    { 0x005A, 32 }, // Z
    { 0x005B, 33 }, // [
    { 0x005C, 34 }, // <backslash>
    { 0x005D, 35 }, // ]
    { 0x005F, 36 }, // _
    { 0x0061, 37 }, // a
    { 0x0062, 38 }, // b
    { 0x0063, 37 }, // c
    { 0x0064, 37 }, // d
    { 0x0065, 37 }, // e
    { 0x0066, 39 }, // f
    { 0x0067, 40 }, // g
    { 0x0068, 38 }, // h
    { 0x006A, 41 }, // j
    { 0x006B, 38 }, // k
    { 0x006C, 38 }, // l
    { 0x006D, 42 }, // m
    { 0x006E, 42 }, // n
    { 0x006F, 37 }, // o
    { 0x0070, 43 }, // p
    { 0x0071, 37 }, // q
    { 0x0072, 42 }, // r
    { 0x0073, 44 }, // s
    { 0x0074, 45 }, // t
    { 0x0075, 46 }, // u
    { 0x0076, 47 }, // v
    { 0x0077, 48 }, // w
    { 0x0078, 49 }, // x
    { 0x0079, 50 }, // y
    { 0x007A, 51 }, // z
    { 0x007B, 33 }, // {
    { 0x007D, 52 }, // }
    { 0x00A1, 53 }, // U+00A1
    { 0x00B7, 54 }, // U+00B7
    { 0x00BF, 55 }, // U+00BF
    { 0x00C0, 56 }, // U+00C0
    { 0x00C1, 56 }, // U+00C1
    { 0x00C2, 56 }, // U+00C2
    { 0x00C3, 56 }, // U+00C3
    { 0x00C4, 56 }, // U+00C4
    { 0x00C5, 56 }, // U+00C5
    { 0x00C6, 57 }, // U+00C6
    { 0x00C7, 22 }, // U+00C7
    { 0x00C8, 21 }, // U+00C8
    { 0x00C9, 21 }, // U+00C9
    { 0x00CA, 21 }, // U+00CA
    { 0x00CB, 21 }, // U+00CB
    { 0x00D0, 21 }, // U+00D0
    { 0x00D1, 21 }, // U+00D1
    { 0x00D2, 22 }, // U+00D2
    { 0x00D3, 22 }, // U+00D3
    { 0x00D4, 22 }, // U+00D4
    { 0x00D5, 22 }, // U+00D5
    { 0x00D6, 22 }, // U+00D6
    { 0x00D8, 22 }, // U+00D8
    { 0x00D9, 27 }, // U+00D9
    { 0x00DA, 27 }, // U+00DA
    { 0x00DB, 27 }, // U+00DB
    { 0x00DC, 27 }, // U+00DC
    { 0x00DD, 58 }, // U+00DD
    { 0x00DE, 21 }, // U+00DE
    { 0x00DF, 59 }, // U+00DF
    { 0x00E0, 37 }, // U+00E0
    { 0x00E1, 37 }, // U+00E1
    { 0x00E2, 37 }, // U+00E2
    { 0x00E3, 37 }, // U+00E3
    { 0x00E4, 37 }, // U+00E4
    { 0x00E5, 37 }, // U+00E5
    { 0x00E7, 37 }, // U+00E7
    { 0x00E8, 37 }, // U+00E8
    { 0x00E9, 37 }, // U+00E9
    { 0x00EA, 37 }, // U+00EA
    { 0x00EB, 37 }, // U+00EB
    { 0x00F0, 60 }, // U+00F0
    { 0x00F1, 42 }, // U+00F1
    { 0x00F2, 37 }, // U+00F2
    { 0x00F3, 37 }, // U+00F3
    { 0x00F4, 37 }, // U+00F4
    { 0x00F5, 37 }, // U+00F5
    { 0x00F6, 37 }, // U+00F6
    { 0x00F8, 37 }, // U+00F8
    { 0x00F9, 46 }, // U+00F9
    { 0x00FA, 46 }, // U+00FA
    { 0x00FB, 46 }, // U+00FB
    { 0x00FC, 46 }, // U+00FC
    { 0x00FD, 50 }, // U+00FD
    { 0x00FE, 61 }, // U+00FE
    { 0x00FF, 50 }, // U+00FF
    { 0x0100, 56 }, // U+0100
    { 0x0101, 37 }, // U+0101
    { 0x0102, 56 }, // U+0102
    { 0x0103, 37 }, // U+0103
    { 0x0104, 56 }, // U+0104
    { 0x0105, 37 }, // U+0105
    { 0x0106, 22 }, // U+0106
    { 0x0107, 37 }, // U+0107
    { 0x0108, 22 }, // U+0108
    { 0x0109, 37 }, // U+0109
    { 0x010A, 22 }, // U+010A
    { 0x010B, 37 }, // U+010B
    { 0x010C, 22 }, // U+010C
    { 0x010D, 37 }, // U+010D
    { 0x010E, 21 }, // U+010E
    { 0x010F, 37 }, // U+010F
    { 0x0110, 21 }, // U+0110
    { 0x0111, 37 }, // U+0111
    { 0x0112, 21 }, // U+0112
    { 0x0113, 37 }, // U+0113
    { 0x0114, 21 }, // U+0114
    { 0x0115, 37 }, // U+0115
    { 0x0116, 21 }, // U+0116
    { 0x0117, 37 }, // U+0117
    { 0x0118, 21 }, // U+0118
    { 0x0119, 37 }, // U+0119
    { 0x011A, 21 }, // U+011A
    { 0x011B, 37 }, // U+011B
    { 0x011C, 22 }, // U+011C
    { 0x011D, 40 }, // U+011D
    { 0x011E, 22 }, // U+011E
    { 0x011F, 40 }, // U+011F
    { 0x0120, 22 }, // U+0120
    { 0x0121, 40 }, // U+0121
    { 0x0122, 22 }, // U+0122
    { 0x0123, 40 }, // U+0123
    { 0x0124, 21 }, // U+0124
    { 0x0125, 38 }, // U+0125
    { 0x0127, 38 }, // U+0127
    { 0x0134, 24 }, // U+0134
    { 0x0135, 41 }, // U+0135
    { 0x0136, 21 }, // U+0136
    { 0x0137, 38 }, // U+0137
    { 0x0138, 38 }, // U+0138
    { 0x0139, 21 }, // U+0139
    { 0x013A, 38 }, // U+013A
    { 0x013B, 21 }, // U+013B
    { 0x013C, 38 }, // U+013C
    { 0x013D, 21 }, // U+013D
    { 0x013E, 38 }, // U+013E
    { 0x013F, 21 }, // U+013F
    { 0x0140, 38 }, // U+0140
    { 0x0141, 21 }, // U+0141
    { 0x0142, 38 }, // U+0142
    { 0x0143, 21 }, // U+0143
    { 0x0144, 42 }, // U+0144
    { 0x0145, 21 }, // U+0145
    { 0x0146, 42 }, // U+0146
    { 0x0147, 21 }, // U+0147
    { 0x0148, 42 }, // U+0148
    { 0x014A, 21 }, // U+014A
    { 0x014B, 42 }, // U+014B
    { 0x014C, 22 }, // U+014C
    { 0x014D, 37 }, // U+014D
    { 0x014E, 22 }, // U+014E
    { 0x014F, 37 }, // U+014F
    { 0x0150, 22 }, // U+0150
    { 0x0151, 37 }, // U+0151
    { 0x0152, 22 }, // U+0152
    { 0x0153, 37 }, // U+0153
    { 0x0154, 21 }, // U+0154
    { 0x0155, 42 }, // U+0155
    { 0x0156, 21 }, // U+0156
    { 0x0157, 42 }, // U+0157
    { 0x0158, 21 }, // U+0158
    { 0x0159, 42 }, // U+0159
    { 0x015A, 25 }, // U+015A
    { 0x015B, 44 }, // U+015B
    { 0x015C, 25 }, // U+015C
    { 0x015D, 44 }, // U+015D
    { 0x015E, 25 }, // U+015E
    { 0x015F, 44 }, // U+015F
    { 0x0160, 25 }, // U+0160
    { 0x0161, 44 }, // U+0161
    { 0x0162, 62 }, // U+0162
    { 0x0163, 45 }, // U+0163
    { 0x0164, 62 }, // U+0164
    { 0x0165, 45 }, // U+0165
    { 0x0166, 62 }, // U+0166
    { 0x0167, 45 }, // U+0167
    { 0x0168, 27 }, // U+0168
    { 0x0169, 46 }, // U+0169
    { 0x016A, 27 }, // U+016A
    { 0x016B, 46 }, // U+016B
    { 0x016C, 27 }, // U+016C
    { 0x016D, 46 }, // U+016D
    { 0x016E, 27 }, // U+016E
    { 0x016F, 46 }, // U+016F
    { 0x0170, 27 }, // U+0170
    { 0x0171, 46 }, // U+0171
    { 0x0172, 27 }, // U+0172
    { 0x0173, 46 }, // U+0173
    { 0x0174, 63 }, // U+0174
    { 0x0175, 48 }, // U+0175
    { 0x0176, 58 }, // U+0176
    { 0x0177, 50 }, // U+0177
    { 0x0178, 58 }, // U+0178
    { 0x0179, 32 }, // U+0179
    { 0x017A, 51 }, // U+017A
    { 0x017B, 32 }, // U+017B
    { 0x017C, 51 }, // U+017C
    { 0x017D, 32 }, // U+017D
    { 0x017E, 51 }, // U+017E
    { 0x01A0, 22 }, // U+01A0
    { 0x01A1, 37 }, // U+01A1
    { 0x01AF, 27 }, // U+01AF
    { 0x01B0, 46 }, // U+01B0
    { 0x01C4, 21 }, // U+01C4
    { 0x01C5, 21 }, // U+01C5
    { 0x01C6, 37 }, // U+01C6
    { 0x01C7, 21 }, // U+01C7
    { 0x01C8, 21 }, // U+01C8
    { 0x01C9, 38 }, // U+01C9
    { 0x01CA, 21 }, // U+01CA
    { 0x01CB, 21 }, // U+01CB
    { 0x01CC, 42 }, // U+01CC
    { 0x01CD, 56 }, // U+01CD
    { 0x01CE, 37 }, // U+01CE
    { 0x01D1, 22 }, // U+01D1
    { 0x01D2, 37 }, // U+01D2
    { 0x01D3, 27 }, // U+01D3
    { 0x01D4, 46 }, // U+01D4
    { 0x01E6, 22 }, // U+01E6
    { 0x01E7, 40 }, // U+01E7
    { 0x01EA, 22 }, // U+01EA
    { 0x01EB, 37 }, // U+01EB
    { 0x01F1, 21 }, // U+01F1
    { 0x01F2, 21 }, // U+01F2
    { 0x01FA, 56 }, // U+01FA
    { 0x01FB, 37 }, // U+01FB
    { 0x01FC, 57 }, // U+01FC
    { 0x01FE, 22 }, // U+01FE
    { 0x01FF, 37 }, // U+01FF
    { 0x0200, 56 }, // U+0200
    { 0x0201, 37 }, // U+0201
    { 0x0202, 56 }, // U+0202
    { 0x0203, 37 }, // U+0203
    { 0x0204, 21 }, // U+0204
    { 0x0205, 37 }, // U+0205
    { 0x0206, 21 }, // U+0206
    { 0x0207, 37 }, // U+0207
    { 0x020C, 22 }, // U+020C
    { 0x020D, 37 }, // U+020D
    { 0x020E, 22 }, // U+020E
    { 0x020F, 37 }, // U+020F
    { 0x0210, 21 }, // U+0210
    { 0x0211, 42 }, // U+0211
    { 0x0212, 21 }, // U+0212
    { 0x0213, 42 }, // U+0213
    { 0x0214, 27 }, // U+0214
    { 0x0215, 46 }, // U+0215
    { 0x0216, 27 }, // U+0216
    { 0x0217, 46 }, // U+0217
    { 0x0218, 25 }, // U+0218
    { 0x0219, 44 }, // U+0219
    { 0x021A, 62 }, // U+021A
    { 0x021B, 45 }, // U+021B
    { 0x0402, 64 }, // U+0402
    { 0x0404, 65 }, // U+0404
    { 0x0405, 66 }, // U+0405
    { 0x0408, 67 }, // U+0408
    { 0x0409, 68 }, // U+0409
    { 0x040B, 64 }, // U+040B
    { 0x040E, 69 }, // U+040E
    { 0x0410, 70 }, // U+0410
    { 0x0414, 71 }, // U+0414
    { 0x0416, 72 }, // U+0416
    { 0x0417, 73 }, // U+0417
    { 0x041B, 68 }, // U+041B
    { 0x041E, 65 }, // U+041E
    { 0x0421, 65 }, // U+0421
    { 0x0422, 64 }, // U+0422
    { 0x0423, 69 }, // U+0423
    { 0x0424, 74 }, // U+0424
    { 0x0425, 72 }, // U+0425
    { 0x0427, 75 }, // U+0427
    { 0x042A, 64 }, // U+042A
    { 0x042D, 73 }, // U+042D
    { 0x042F, 76 }, // U+042F
    { 0x0430, 77 }, // U+0430
    { 0x0431, 78 }, // U+0431
    { 0x0432, 79 }, // U+0432
    { 0x0433, 79 }, // U+0433
    { 0x0434, 80 }, // U+0434
    { 0x0435, 81 }, // U+0435
    { 0x0436, 82 }, // U+0436
    { 0x0437, 83 }, // U+0437
    { 0x0438, 79 }, // U+0438
    { 0x0439, 79 }, // U+0439
    { 0x043A, 79 }, // U+043A
    { 0x043B, 84 }, // U+043B
    { 0x043C, 79 }, // U+043C
    { 0x043D, 79 }, // U+043D
    { 0x043E, 81 }, // U+043E
    { 0x043F, 79 }, // U+043F
    { 0x0440, 79 }, // U+0440
    { 0x0441, 81 }, // U+0441
    { 0x0442, 85 }, // U+0442
    { 0x0443, 86 }, // U+0443
    { 0x0444, 81 }, // U+0444
    { 0x0445, 82 }, // U+0445
    { 0x0446, 79 }, // U+0446
    { 0x0447, 87 }, // U+0447
    { 0x0448, 79 }, // U+0448
    { 0x0449, 79 }, // U+0449
    { 0x044A, 85 }, // U+044A
    { 0x044B, 79 }, // U+044B
    { 0x044C, 79 }, // U+044C
    { 0x044D, 83 }, // U+044D
    { 0x044E, 79 }, // U+044E
    { 0x044F, 88 }, // U+044F
    { 0x0450, 81 }, // U+0450
    { 0x0451, 81 }, // U+0451
    { 0x0452, 89 }, // U+0452
    { 0x0453, 79 }, // U+0453
    { 0x0454, 81 }, // U+0454
    { 0x0455, 90 }, // U+0455
    { 0x0457, 91 }, // U+0457
    { 0x0458, 92 }, // U+0458
    { 0x0459, 84 }, // U+0459
    { 0x045A, 79 }, // U+045A
    { 0x045B, 89 }, // U+045B
    { 0x045C, 79 }, // U+045C
    { 0x045D, 79 }, // U+045D
    { 0x045E, 86 }, // U+045E
    { 0x045F, 79 }, // U+045F
    { 0x0460, 93 }, // U+0460
    { 0x0461, 94 }, // U+0461
    { 0x0462, 95 }, // U+0462
    { 0x0465, 96 }, // U+0465
    { 0x0466, 70 }, // U+0466
    { 0x0467, 80 }, // U+0467
    { 0x0469, 96 }, // U+0469
    { 0x046D, 96 }, // U+046D
    { 0x046E, 73 }, // U+046E
    { 0x0470, 75 }, // U+0470
    { 0x0472, 93 }, // U+0472
    { 0x0473, 77 }, // U+0473
    { 0x0474, 97 }, // U+0474
    { 0x0475, 94 }, // U+0475
    { 0x0476, 97 }, // U+0476
    { 0x0477, 94 }, // U+0477
    { 0x0478, 93 }, // U+0478
    { 0x0479, 77 }, // U+0479
    { 0x047A, 93 }, // U+047A
    { 0x047B, 77 }, // U+047B
    { 0x047C, 93 }, // U+047C
    { 0x047D, 77 }, // U+047D
    { 0x047E, 93 }, // U+047E
    { 0x047F, 94 }, // U+047F
    { 0x0480, 93 }, // U+0480
    { 0x0481, 77 }, // U+0481
    { 0x048B, 96 }, // U+048B
    { 0x048C, 95 }, // U+048C
    { 0x048D, 89 }, // U+048D
    { 0x048F, 96 }, // U+048F
    { 0x0491, 96 }, // U+0491
    { 0x0492, 95 }, // U+0492
    { 0x0495, 96 }, // U+0495
    { 0x0496, 72 }, // U+0496
    { 0x0497, 82 }, // U+0497
    { 0x0498, 73 }, // U+0498
    { 0x0499, 83 }, // U+0499
    { 0x049B, 96 }, // U+049B
    { 0x049D, 96 }, // U+049D
    { 0x049F, 89 }, // U+049F
    { 0x04A0, 98 }, // U+04A0
    { 0x04A1, 85 }, // U+04A1
    { 0x04A3, 96 }, // U+04A3
    { 0x04A5, 96 }, // U+04A5
    { 0x04A7, 96 }, // U+04A7
    { 0x04A8, 93 }, // U+04A8
    { 0x04A9, 77 }, // U+04A9
    { 0x04AA, 93 }, // U+04AA
    { 0x04AB, 77 }, // U+04AB
    { 0x04AC, 64 }, // U+04AC
    { 0x04AD, 85 }, // U+04AD
    { 0x04AE, 99 }, // U+04AE
    { 0x04AF, 100 }, // U+04AF
    { 0x04B0, 99 }, // U+04B0
    { 0x04B1, 100 }, // U+04B1
    { 0x04B2, 72 }, // U+04B2
    { 0x04B3, 82 }, // U+04B3
    { 0x04B4, 98 }, // U+04B4
    { 0x04B5, 85 }, // U+04B5
    { 0x04B6, 75 }, // U+04B6
    { 0x04B7, 87 }, // U+04B7
    { 0x04B8, 75 }, // U+04B8
    { 0x04B9, 87 }, // U+04B9
    { 0x04BB, 96 }, // U+04BB
    { 0x04BC, 101 }, // U+04BC
    { 0x04BD, 102 }, // U+04BD
    { 0x04BE, 101 }, // U+04BE
    { 0x04BF, 102 }, // U+04BF
    { 0x04C1, 72 }, // U+04C1
    { 0x04C2, 82 }, // U+04C2
    { 0x04C4, 96 }, // U+04C4
    { 0x04C5, 103 }, // U+04C5
    { 0x04C6, 80 }, // U+04C6
    { 0x04C8, 96 }, // U+04C8
    { 0x04CA, 96 }, // U+04CA
    { 0x04CB, 75 }, // U+04CB
    { 0x04CC, 87 }, // U+04CC
    { 0x04CE, 96 }, // U+04CE
    { 0x04D0, 70 }, // U+04D0
    { 0x04D1, 104 }, // U+04D1
    { 0x04D2, 70 }, // U+04D2
    { 0x04D3, 104 }, // U+04D3
    { 0x04D4, 70 }, // U+04D4
    { 0x04D5, 104 }, // U+04D5
    { 0x04D7, 77 }, // U+04D7
    { 0x04D8, 105 }, // U+04D8
    { 0x04D9, 104 }, // U+04D9
    { 0x04DA, 105 }, // U+04DA
    { 0x04DB, 104 }, // U+04DB
    { 0x04DC, 72 }, // U+04DC
    { 0x04DD, 82 }, // U+04DD
    { 0x04DE, 73 }, // U+04DE
    { 0x04DF, 83 }, // U+04DF
    { 0x04E3, 79 }, // U+04E3
    { 0x04E5, 79 }, // U+04E5
    { 0x04E6, 93 }, // U+04E6
    { 0x04E7, 77 }, // U+04E7
    { 0x04E8, 93 }, // U+04E8
    { 0x04E9, 77 }, // U+04E9
    { 0x04EA, 93 }, // U+04EA
    { 0x04EB, 77 }, // U+04EB
    { 0x04EC, 73 }, // U+04EC
    { 0x04ED, 83 }, // U+04ED
    { 0x04EE, 69 }, // U+04EE
    { 0x04EF, 86 }, // U+04EF
    { 0x04F0, 69 }, // U+04F0
    { 0x04F1, 86 }, // U+04F1
    { 0x04F2, 69 }, // U+04F2
    { 0x04F3, 86 }, // U+04F3
    { 0x04F4, 75 }, // U+04F4
    { 0x04F5, 87 }, // U+04F5
    { 0x04F7, 96 }, // U+04F7
    { 0x04F9, 79 }, // U+04F9
    { 0x04FA, 95 }, // U+04FA
    { 0x04FC, 72 }, // U+04FC
    { 0x04FD, 82 }, // U+04FD
    { 0x04FE, 72 }, // U+04FE
    { 0x04FF, 82 }, // U+04FF
    { 0x05D0, 106 }, // U+05D0
    { 0x05D1, 107 }, // U+05D1
    { 0x05D2, 108 }, // U+05D2
    { 0x05D3, 109 }, // U+05D3
    { 0x05D4, 110 }, // U+05D4
    { 0x05D6, 111 }, // U+05D6
    { 0x05D7, 112 }, // U+05D7
    { 0x05D8, 113 }, // U+05D8
    { 0x05D9, 114 }, // U+05D9
    { 0x05DA, 115 }, // U+05DA
    { 0x05DB, 116 }, // U+05DB
    { 0x05DC, 117 }, // U+05DC
    { 0x05DD, 118 }, // U+05DD
    { 0x05DE, 119 }, // U+05DE
    { 0x05E1, 120 }, // U+05E1
    { 0x05E2, 121 }, // U+05E2
    { 0x05E3, 122 }, // U+05E3
    { 0x05E4, 123 }, // U+05E4
    { 0x05E5, 124 }, // U+05E5
    { 0x05E7, 125 }, // U+05E7
    { 0x05E8, 126 }, // U+05E8
    { 0x05E9, 127 }, // U+05E9
    { 0x05EA, 128 }, // U+05EA
    { 0x1EA0, 56 }, // U+1EA0
    { 0x1EA1, 37 }, // U+1EA1
    { 0x1EA2, 56 }, // U+1EA2
    { 0x1EA3, 37 }, // U+1EA3
    { 0x1EA4, 56 }, // U+1EA4
    { 0x1EA5, 37 }, // U+1EA5
    { 0x1EA6, 56 }, // U+1EA6
    { 0x1EA7, 37 }, // U+1EA7
    { 0x1EA8, 56 }, // U+1EA8
    { 0x1EA9, 37 }, // U+1EA9
    { 0x1EAA, 56 }, // U+1EAA
    { 0x1EAB, 37 }, // U+1EAB
    { 0x1EAC, 56 }, // U+1EAC
    { 0x1EAD, 37 }, // U+1EAD
    { 0x1EAE, 56 }, // U+1EAE
    { 0x1EAF, 37 }, // U+1EAF
    { 0x1EB0, 56 }, // U+1EB0
    { 0x1EB1, 37 }, // U+1EB1
    { 0x1EB2, 56 }, // U+1EB2
    { 0x1EB3, 37 }, // U+1EB3
    { 0x1EB4, 56 }, // U+1EB4
    { 0x1EB5, 37 }, // U+1EB5
    { 0x1EB6, 56 }, // U+1EB6
    { 0x1EB7, 37 }, // U+1EB7
    { 0x1EB8, 21 }, // U+1EB8
    { 0x1EB9, 37 }, // U+1EB9
    { 0x1EBA, 21 }, // U+1EBA
    { 0x1EBB, 37 }, // U+1EBB
    { 0x1EBC, 21 }, // U+1EBC
    { 0x1EBD, 37 }, // U+1EBD
    { 0x1EBE, 21 }, // U+1EBE
    { 0x1EBF, 37 }, // U+1EBF
    { 0x1EC0, 21 }, // U+1EC0
    { 0x1EC1, 37 }, // U+1EC1
    { 0x1EC2, 21 }, // U+1EC2
    { 0x1EC3, 37 }, // U+1EC3
    { 0x1EC4, 21 }, // U+1EC4
    { 0x1EC5, 37 }, // U+1EC5
    { 0x1EC6, 21 }, // U+1EC6
    { 0x1EC7, 37 }, // U+1EC7
    { 0x1ECC, 22 }, // U+1ECC
    { 0x1ECD, 37 }, // U+1ECD
    { 0x1ECE, 22 }, // U+1ECE
    { 0x1ECF, 37 }, // U+1ECF
    { 0x1ED0, 22 }, // U+1ED0
    { 0x1ED1, 37 }, // U+1ED1
    { 0x1ED2, 22 }, // U+1ED2
    { 0x1ED3, 37 }, // U+1ED3
    { 0x1ED4, 22 }, // U+1ED4
    { 0x1ED5, 37 }, // U+1ED5
    { 0x1ED6, 22 }, // U+1ED6
    { 0x1ED7, 37 }, // U+1ED7
    { 0x1ED8, 22 }, // U+1ED8
    { 0x1ED9, 37 }, // U+1ED9
    { 0x1EDA, 22 }, // U+1EDA
    { 0x1EDB, 37 }, // U+1EDB
    { 0x1EDC, 22 }, // U+1EDC
    { 0x1EDD, 37 }, // U+1EDD
    { 0x1EDE, 22 }, // U+1EDE
    { 0x1EDF, 37 }, // U+1EDF
    { 0x1EE0, 22 }, // U+1EE0
    { 0x1EE1, 37 }, // U+1EE1
    { 0x1EE2, 22 }, // U+1EE2
    { 0x1EE3, 37 }, // U+1EE3
    { 0x1EE4, 27 }, // U+1EE4
    { 0x1EE5, 46 }, // U+1EE5
    { 0x1EE6, 27 }, // U+1EE6
    { 0x1EE7, 46 }, // U+1EE7
    { 0x1EE8, 27 }, // U+1EE8
    { 0x1EE9, 46 }, // U+1EE9
    { 0x1EEA, 27 }, // U+1EEA
    { 0x1EEB, 46 }, // U+1EEB
    { 0x1EEC, 27 }, // U+1EEC
    { 0x1EED, 46 }, // U+1EED
    { 0x1EEE, 27 }, // U+1EEE
    { 0x1EEF, 46 }, // U+1EEF
    { 0x1EF0, 27 }, // U+1EF0
    { 0x1EF1, 46 }, // U+1EF1
    { 0x1EF2, 58 }, // U+1EF2
    { 0x1EF3, 50 }, // U+1EF3
    { 0x1EF4, 58 }, // U+1EF4
    { 0x1EF5, 50 }, // U+1EF5
    { 0x1EF6, 58 }, // U+1EF6
    { 0x1EF7, 50 }, // U+1EF7
    { 0x1EF8, 58 }, // U+1EF8
    { 0x1EF9, 50 }, // U+1EF9
    { 0x2013, 129 }, // U+2013
    { 0x2014, 130 }, // U+2014
    { 0x2018, 131 }, // U+2018
    { 0x2019, 132 }, // U+2019
    { 0x201C, 133 }, // U+201C
    { 0x201D, 134 }, // U+201D
    { 0x2022, 135 }, // U+2022
    { 0x2206, 136 }, // U+2206
    { 0x222B, 137 }, // U+222B
    { 0xFB01, 39 }, // U+FB01
    { 0xFB02, 39 }, // U+FB02
};

static const int8_t lexenddeca_18_boldKernMatrix[] = {
       0,    0,   -9,    0,    0,    0,    0,    0,    0,    0,    0,    0,    0,    0,    0,    0,    0,    0,    0,    0,    0,    0,    0,    0,    0,  -33,    0,  -36,  -24,    0,  -30,    0,    0,    0,    0,    0,    0,    0,    0,    0,    0,    0,    0,    0,    0,    0,  -18,  -18,    0,  -18,    0,    0,    0,    0,    0,    0,    0,  -30,    0,   -6,    0,  -33,  -24,    0,    0,    0,    0,    0,    0,    0,    0,    0,    0,    0,    0,    0,    0,    0,    0,    0,    0,    0,    0,    0,    0,    0,    0,    0,    0,    0,    0,    0,    0,    0,    0,    0,    0,    0,    0,    0,    0,    0,    0,    0,    0,    0,    0,    0,    0,    0,    0,    0,    0,    0,    0,    0,    0,    0,    0,    0,    0,    0,    0,    0,    0,    0,    0,    0,    0,    0,    0,    0,    0,    0,    0,    0,    0,
       0,    0,    0,    0,    0,    0,    0,    0,    0,    0,    0,    0,    0,    0,    0,    0,    0,    0,    0,    0,    0,  -18,    0,  -24,    0,    0,    0,    0,    0,    0,    0,    0,    0,    0,    0,    0,  -15,    0,    0,  -14,   18,    0,   18,    0,    0,    0,    0,    0,    0,    0,    0,    0,    0,    0,    0,    0,    0,    0,    0,  -15,    9,    0,    0,    0,    0,    0,    0,    0,    0,    0,    0,    0,    0,    0,    0,    0,    0,    0,    0,    0,    0,    0,    0,    0,    0,    0,    0,    0,    0,    0,    0,    0,    0,    0,    0,    0,    0,    0,    0,    0,    0,    0,    0,    0,    0,    0,    0,    0,    0,    0,    0,    0,    0,    0,    0,    0,    0,    0,    0,    0,    0,    0,    0,    0,    0,    0,    0,    0,    0,    0,    0,    0,    0,    0,    0,    0,    0,
       0,    0,    0,    0,    0,    0,    0,    0,    0,    0,    0,    0,    0,    0,    0,    0,    0,    0,    0,  -45,    0,    0,    0,    0,    0,    0,    0,    0,    0,    0,    0,    0,    0,    0,    0,    0,    0,    0,    0,    0,    0,    0,    0,    0,    0,    0,    4,    0,    0,    0,    0,    0,    0,    0,    0,  -45,    0,    0,    0,  -15,    0,    0,    0,    0,    0,    0,    0,    0,    0,    0,    0,    0,    0,    0,    0,    0,    0,    0,    0,    0,    0,    0,    0,    0,    0,    0,    0,    0,    0,    0,    0,    0,    0,    0,    0,    0,    0,    0,    0,    0,    0,    0,    0,    0,    0,    0,    0,    0,    0,    0,    0,    0,    0,    0,    0,    0,    0,    0,    0,    0,    0,    0,    0,    0,    0,    0,    0,    0,    0,    0,    0,    0,    0,    0,    0,    0,    0,
       0,    0,    0,    0,    0,    0,    0,    0,    0,    0,    0,  -15,    0,    0,    0,    0,    0,    0,    0,    0,    0,  -12,    0,    0,    0,  -60,    0,  -72,  -48,    0,  -72,    0,    0,    0,    0,    0,    0,    0,    0,    0,    0,    0,    0,    0,    0,    0,  -48,  -24,    0,  -24,    0,    0,    0,    0,    0,    0,    0,  -72,    0,    0,    0,  -60,  -48,    0,    0,    0,    0,    0,    0,    0,    0,    0,    0,    0,    0,    0,    0,    0,    0,    0,    0,    0,    0,    0,    0,    0,    0,    0,    0,    0,    0,    0,    0,    0,    0,    0,    0,    0,    0,    0,    0,    0,    0,    0,    0,    0,    0,    0,    0,    0,    0,    0,    0,    0,    0,    0,    0,    0,    0,    0,    0,    0,    0,    0,    0,    0,    0,    0,    0,    0,    0,    0,    0,    0,    0,    0,    0,
       0,    0,    0,    0,    0,    0,    0,    0,    0,    0,    0,  -15,    0,    0,    0,    0,    0,    0,    0,    0,    0,  -12,    0,    0,    0,  -60,    0,  -60,  -48,    0,  -72,    0,    0,    0,    0,    0,    0,    0,    0,    0,    0,    0,    0,    0,    0,    0,  -48,  -24,    0,  -24,    0,    0,    0,    0,    0,    0,    0,  -72,    0,    0,    0,  -60,  -48,    0,    0,    0,    0,    0,    0,    0,    0,    0,    0,    0,    0,    0,    0,    0,    0,    0,    0,    0,    0,    0,    0,    0,    0,    0,    0,    0,    0,    0,    0,    0,    0,    0,    0,    0,    0,    0,    0,    0,    0,    0,    0,    0,    0,    0,    0,    0,    0,    0,    0,    0,    0,    0,    0,    0,    0,    0,    0,    0,    0,    0,    0,    0,    0,    0,    0,    0,    0,    0,    0,    0,    0,    0,    0,
       0,    0,    0,    0,    0,    0,    0,  -55,  -30,  -18,  -18,  -36,  -30,    0,    0,    0,    0,    0,    0,  -60,    0,  -24,    0,  -30,    0,    0,    0,    0,    0,    0,    0,    0,    0,    0,    0,    0,  -30,    0,    0,  -30,    0,    0,    0,  -18,    0,    0,   -1,    0,   -4,    0,    0,    0,    0,    0,    0,  -60,    0,    0,   -7,  -19,    0,    0,    0,    0,    0,    0,    0,    0,    0,    0,    0,    0,    0,    0,    0,    0,    0,    0,    0,    0,    0,    0,    0,    0,    0,    0,    0,    0,    0,    0,    0,    0,    0,    0,    0,    0,    0,    0,    0,    0,    0,    0,    0,    0,    0,    0,    0,    0,    0,    0,    0,    0,    0,    0,    0,    0,    0,    0,    0,    0,    0,    0,    0,    0,    0,    0,    0,    0,    0,    0,    0,    0,    0,    0,    0,    0,    0,
       0,    0,    0,    0,    0,    0,    0,  -30,    0,    0,    0,    0,    0,    0,    0,    0,    0,    0,    0,    0,    0,    0,    0,    0,    0,    0,    0,    0,    0,    0,    0,    0,    0,    0,    0,    0,    0,    0,    0,    0,    0,    0,    0,    0,    0,    0,    0,    0,    0,    0,    0,    0,    0,    0,    0,    0,    0,    0,    0,    0,    0,    0,    0,    0,    0,    0,    0,    0,    0,    0,    0,    0,    0,    0,    0,    0,    0,    0,    0,    0,    0,    0,    0,    0,    0,    0,    0,    0,    0,    0,    0,    0,    0,    0,    0,    0,    0,    0,    0,    0,    0,    0,    0,    0,    0,    0,    0,    0,    0,    0,    0,    0,    0,    0,    0,    0,    0,    0,    0,    0,    0,    0,    0,    0,    0,    0,    0,    0,    0,    0,    0,    0,    0,    0,    0,  -30,    0,
       0,    0,    0,    0,    0,    0,    0,    0,    0,    0,    0,    0,    0,    0,    0,    0,  -24,    0,    0,    0,    0,    0,    0,    0,    0,    0,    0,    0,    0,    0,    0,    0,    0,    0,    0,    0,    0,    0,    0,    0,    0,    0,    0,    0,    0,    0,    0,    0,    0,    0,    0,    0,    0,    0,    0,    0,    0,    0,    0,    0,    0,    0,    0,    0,    0,    0,    0,    0,    0,    0,    0,    0,    0,    0,    0,    0,    0,    0,    0,    0,    0,    0,    0,    0,    0,    0,    0,    0,    0,    0,    0,    0,    0,    0,    0,    0,    0,    0,    0,    0,    0,    0,    0,    0,    0,    0,    0,    0,    0,    0,    0,    0,    0,    0,    0,    0,    0,    0,    0,    0,    0,    0,    0,    0,    0,    0,    0,    0,    0,    0,    0,    0,    0,    0,    0,    0,    0,
       0,    0,    0,    0,    0,    0,    0,    0,    0,    0,    0,  -12,    0,    0,    0,    0,    0,    0,    0,    0,    0,    0,    0,    0,    0,    0,    0,    0,    0,    0,    0,    0,    0,    0,    0,    0,    0,    0,    0,    0,    0,    0,    0,    0,    0,    0,    0,    0,    0,    0,    0,    6,    0,    0,    0,    0,    0,    0,    0,    0,    0,    0,    0,    0,    0,    0,    0,    0,    0,    0,    0,    0,    0,    0,    0,    0,    0,    0,    0,    0,    0,    0,    0,    0,    0,    0,    0,    0,    0,    0,    0,    0,    0,    0,    0,    0,    0,    0,    0,    0,    0,    0,    0,    0,    0,    0,    0,    0,    0,    0,    0,    0,    0,    0,    0,    0,    0,    0,    0,    0,    0,    0,    0,    0,    0,    0,    0,    0,    0,    0,    0,    0,    0,    0,    0,    0,    0,
       0,    0,    0,    0,    0,    0,    0,  -15,    0,    0,    0,    0,    0,    0,    0,    0,    0,    0,    0,    0,    0,    0,    0,    0,    0,    0,    0,    0,    0,    0,    0,    0,    0,    0,    0,    0,    0,    0,    0,    0,    0,    0,    0,    0,    0,    0,    0,    0,    0,    0,    0,    0,    0,    0,    0,    0,    0,    0,    0,    0,    0,    0,    0,    0,    0,    0,    0,    0,    0,    0,    0,    0,    0,    0,    0,    0,    0,    0,    0,    0,    0,    0,    0,    0,    0,    0,    0,    0,    0,    0,    0,    0,    0,    0,    0,    0,    0,    0,    0,    0,    0,    0,    0,    0,    0,    0,    0,    0,    0,    0,    0,    0,    0,    0,    0,    0,    0,    0,    0,    0,    0,    0,    0,    0,    0,    0,    0,    0,    0,    0,    0,    0,    0,    0,    0,  -18,    0,
       0,    0,    0,    0,    0,    0,    0,    0,    0,    0,  -12,    0,    0,  -12,    0,    0,    0,    0,    0,    0,    0,    0,    0,    0,    0,    0,    0,    0,    0,    0,    0,    0,    0,    0,    0,    0,    0,    0,    0,    0,    0,    0,    0,    0,    0,    0,    0,    0,    0,    0,    0,    0,    0,    0,    0,    0,    0,    0,    0,    0,    0,    0,    0,    0,    0,    0,    0,    0,    0,    0,    0,    0,    0,    0,    0,    0,    0,    0,    0,    0,    0,    0,    0,    0,    0,    0,    0,    0,    0,    0,    0,    0,    0,    0,    0,    0,    0,    0,    0,    0,    0,    0,    0,    0,    0,    0,    0,    0,    0,    0,    0,    0,    0,    0,    0,    0,    0,    0,    0,    0,    0,    0,    0,    0,    0,    0,    0,    0,    0,    0,    0,    0,    0,    0,    0,    0,  -36,
       0,    0,    0,    0,    0,    0,    0,  -24,    0,    0,    0,    0,    0,    0,    0,    0,    0,    0,    0,    0,    0,    0,    0,    0,    0,    0,    0,    0,    0,    0,    0,    0,    0,    0,    0,    0,    0,    0,    0,    0,    0,    0,    0,    0,    0,    0,    0,    0,    0,    0,    0,    0,    0,    0,    0,    0,    0,    0,    0,    0,    0,    0,    0,    0,    0,    0,    0,    0,    0,    0,    0,    0,    0,    0,    0,    0,    0,    0,    0,    0,    0,    0,    0,    0,    0,    0,    0,    0,    0,    0,    0,    0,    0,    0,    0,    0,    0,    0,    0,    0,    0,    0,    0,    0,    0,    0,    0,    0,    0,    0,    0,    0,    0,    0,    0,    0,    0,    0,    0,    0,    0,    0,    0,    0,    0,    0,    0,    0,    0,    0,    0,    0,    0,    0,    0,  -12,    0,
       0,    0,    0,    0,    0,    0,    0,    0,    0,    0,    0,    0,    0,    0,    0,    0,    0,    0,    0,    0,    0,    0,    0,    0,    0,    0,    0,    0,    0,    0,    0,    0,    0,    0,    0,    0,    0,    0,    0,    0,    0,    0,    0,    0,    0,    0,    0,    0,    0,    0,    0,    0,    0,    0,    0,    0,    0,    0,    0,    0,    0,    0,    0,    0,    0,    0,    0,    0,    0,    0,    0,    0,    0,    0,    0,    0,    0,    0,    0,    0,    0,    0,    0,    0,    0,    0,    0,    0,    0,    0,    0,    0,    0,    0,    0,    0,    0,    0,    0,    0,    0,    0,    0,    0,    0,    0,    0,    0,    0,    0,    0,    0,    0,    0,    0,    0,    0,    0,    0,    0,    0,    0,    0,    0,    0,    0,    0,    0,    0,    0,    0,    0,    0,    0,    0,  -12,    0,
       0,    0,    0,    0,  -60,    0,  -48,  -72,    0,   -9,  -12,  -15,  -12,    0,  -12,    0,  -30,    0,    0,    0,    0,    0,    0,    0,    0,    0,    0,    0,    0,    0,    0,    0,    0,    0,    0,    0,    0,    0,    0,    0,    0,    0,    0,    0,    0,    0,    0,    0,    0,    0,    0,    0,    0,    0,    0,    0,    0,    0,    0,    0,    0,    0,    0,    0,    0,    0,    0,    0,    0,    0,    0,    0,    0,    0,    0,    0,    0,    0,    0,    0,    0,    0,    0,    0,    0,    0,    0,    0,    0,    0,    0,    0,    0,    0,    0,    0,    0,    0,    0,    0,    0,    0,    0,    0,    0,    0,    0,    0,    0,    0,    0,    0,    0,    0,    0,    0,    0,    0,    0,    0,    0,    0,    0,    0,    0,    0,    0,    0,    0,    0,    0,    0,    0,    0,    0,  -54,    0,
       0,    0,    0,    0,    0,    0,    0,    0,    0,    0,    0,    0,    0,    0,    0,    0,    0,    0,    0,    0,    0,    0,    0,    0,    0,    0,    0,    0,    0,    0,    0,    0,    0,    0,    0,    0,    0,    0,    0,    0,    0,    0,    0,    0,    0,    0,    0,    0,    0,    0,    0,    0,    0,    0,    0,    0,    0,    0,    0,    0,    0,    0,    0,    0,    0,    0,    0,    0,    0,    0,    0,    0,    0,    0,    0,    0,    0,    0,    0,    0,    0,    0,    0,    0,    0,    0,    0,    0,    0,    0,    0,    0,    0,    0,    0,    0,    0,    0,    0,    0,    0,    0,    0,    0,    0,    0,    0,    0,    0,    0,    0,    0,    0,    0,    0,    0,    0,    0,    0,    0,    0,    0,    0,    0,    0,    0,    0,    0,    0,    0,    0,    0,    0,    0,    0,  -18,    0,
       0,    0,    0,    0,    0,    0,    0,  -30,    0,    0,    0,    0,    0,    0,    0,    0,    0,    0,    0,    0,    0,    0,    0,    0,    0,    0,    0,    0,    0,    0,    0,    0,    0,    0,    0,    0,    0,    0,    0,    0,    0,    0,    0,    0,    0,    0,    0,    0,    0,    0,    0,    0,    0,    0,    0,    0,    0,    0,    0,    0,    0,    0,    0,    0,    0,    0,    0,    0,    0,    0,    0,    0,    0,    0,    0,    0,    0,    0,    0,    0,    0,    0,    0,    0,    0,    0,    0,    0,    0,    0,    0,    0,    0,    0,    0,    0,    0,    0,    0,    0,    0,    0,    0,    0,    0,    0,    0,    0,    0,    0,    0,    0,    0,    0,    0,    0,    0,    0,    0,    0,    0,    0,    0,    0,    0,    0,    0,    0,    0,    0,    0,    0,    0,    0,    0,  -24,    0,
       0,    0,    0,    0,    0,    0,    0,    0,    0,  -12,    0,    0,    0,    0,    0,    0,    0,    0,    0,    0,    0,    0,    0,    0,    0,    0,    0,    0,    0,    0,    0,    0,    0,    0,    0,    0,    0,    0,    0,    0,    0,    0,    0,    0,    0,    0,    0,    0,    0,    0,    0,    0,    0,    0,    0,    0,    0,    0,    0,    0,    0,    0,    0,    0,    0,    0,    0,    0,    0,    0,    0,    0,    0,    0,    0,    0,    0,    0,    0,    0,    0,    0,    0,    0,    0,    0,    0,    0,    0,    0,    0,    0,    0,    0,    0,    0,    0,    0,    0,    0,    0,    0,    0,    0,    0,    0,    0,    0,    0,    0,    0,    0,    0,    0,    0,    0,    0,    0,    0,    0,    0,    0,    0,    0,    0,    0,    0,    0,    0,    0,    0,    0,    0,    0,    0,    0,    0,
       0,    0,    0,    0,    0,    0,    0,    0,    0,  -36,  -18,    0,    0,  -30,    0,    0,    0,    0,    0,    0,    0,    0,    0,    0,    0,    0,    0,    0,    0,    0,    0,    0,    0,    0,    0,    0,    0,    0,    0,    0,    0,    0,    0,    0,    0,    0,    0,    0,    0,    0,    0,    0,    0,    0,    0,    0,    0,    0,    0,    0,    0,    0,    0,    0,    0,    0,    0,    0,    0,    0,    0,    0,    0,    0,    0,    0,    0,    0,    0,    0,    0,    0,    0,    0,    0,    0,    0,    0,    0,    0,    0,    0,    0,    0,    0,    0,    0,    0,    0,    0,    0,    0,    0,    0,    0,    0,    0,    0,    0,    0,    0,    0,    0,    0,    0,    0,    0,    0,    0,    0,    0,    0,    0,    0,    0,    0,    0,    0,    0,    0,    0,    0,    0,    0,    0,    0,    0,
       0,    0,    0,    0,    0,    0,    0,    0,    0,    0,    0,    0,    0,    0,    0,    0,    0,    0,    0,  -24,    0,    0,    0,  -45,    0,    0,    0,    0,    0,    0,    0,    0,    0,    0,    0,    0,    0,    0,    0,    0,    0,    0,    0,    0,    0,    0,    0,    0,    0,    0,    0,    0,    0,    0,    0,  -24,    0,    0,    0,   -9,    0,    0,    0,    0,    0,    0,    0,    0,    0,    0,    0,    0,    0,    0,    0,    0,    0,    0,    0,    0,    0,    0,    0,    0,    0,    0,    0,    0,    0,    0,    0,    0,    0,    0,    0,    0,    0,    0,    0,    0,    0,    0,    0,    0,    0,    0,    0,    0,    0,    0,    0,    0,    0,    0,    0,    0,    0,    0,    0,    0,    0,    0,    0,    0,    0,    0,    0,    0,    0,    0,    0,    0,    0,    0,    0,    0,    0,
       0,    0,    0,    0,    0,    0,    0,    0,    0,    0,    0,    0,    0,    0,    0,    0,    0,    0,    0,    0,    0,    0,    0,    0,    0,    0,    0,   -4,    0,    0,    0,    0,    0,    0,    0,    0,    0,    0,    0,    0,    0,    0,    0,    0,    0,    0,    0,    0,   -2,    0,    0,    0,    0,    0,    0,    0,    0,    0,    0,    0,    0,    0,    0,    0,    0,    0,    0,    0,    0,    0,    0,    0,    0,    0,    0,    0,    0,    0,    0,    0,    0,    0,    0,    0,    0,    0,    0,    0,    0,    0,    0,    0,    0,    0,    0,    0,    0,    0,    0,    0,    0,    0,    0,    0,    0,    0,    0,    0,    0,    0,    0,    0,    0,    0,    0,    0,    0,    0,    0,    0,    0,    0,    0,    0,    0,    0,    0,    0,    0,    0,    0,    0,    0,    0,    0,    0,    0,
       0,    0,    0,  -45,    0,  -30,    0,    0,    0,    0,    0,    0,    0,    0,    0,    0,    0,    0,    0,    0,    0,  -12,    0,    0,    0,  -30,  -12,  -45,  -24,    0,  -48,    0,    0,  -60,    0,    0,  -12,    0,  -12,   -6,    0,    0,    0,    0,   -3,   -6,  -30,  -27,    0,  -15,    0,    0,    0,    0,    0,    0,    0,  -48,  -12,  -12,    0,  -30,  -24,    0,    0,    0,    0,    0,    0,    0,    0,    0,    0,    0,    0,    0,    0,    0,    0,    0,    0,    0,    0,    0,    0,    0,    0,    0,    0,    0,    0,    0,    0,    0,    0,    0,    0,    0,    0,    0,    0,    0,    0,    0,    0,    0,    0,    0,    0,    0,    0,    0,    0,    0,    0,    0,    0,    0,    0,    0,    0,    0,    0,    0,    0,    0,    0,    0,  -30,  -30,  -78,  -81,  -42,  -45,    0,    0,    0,
       0,    0,  -12,    0,    0,    0,    0,  -24,    0,    0,    0,    0,    0,    0,    0,    0,    0,    0,    0,    0,    0,    0,    0,    0,    0,   -9,    0,   -5,   -4,   -7,  -14,    0,    0,    0,    0,    0,   -1,   -2,    0,   -3,    0,    0,    0,    0,    0,    0,    0,    0,   -2,    0,    0,    0,    0,    0,    0,    0,    0,  -14,    0,   -1,   -2,   -9,   -4,    0,    0,    0,    0,    0,    0,    0,    0,    0,    0,    0,    0,    0,    0,    0,    0,    0,    0,    0,    0,    0,    0,    0,    0,    0,    0,    0,    0,    0,    0,    0,    0,    0,    0,    0,    0,    0,    0,    0,    0,    0,    0,    0,    0,    0,    0,    0,    0,    0,    0,    0,    0,    0,    0,    0,    0,    0,    0,    0,    0,    0,    0,    0,    0,    0,    0,    0,    0,    0,    0,    0,    0,    0,    0,
       0,    0,   12,    0,    0,    0,    0,    0,    0,    0,    0,    0,    0,    0,    0,    0,    0,    0,    0,    0,    0,    0,    0,    0,    0,    0,    0,    0,    0,    0,    0,    0,    0,    0,    0,    0,    0,    0,    0,    0,    0,    0,    0,    0,    0,    0,    0,    0,    0,    0,    0,    0,    0,    0,    0,    0,    0,    0,    0,    0,    0,    0,    0,    0,    0,    0,    0,    0,    0,    0,    0,    0,    0,    0,    0,    0,    0,    0,    0,    0,    0,    0,    0,    0,    0,    0,    0,    0,    0,    0,    0,    0,    0,    0,    0,    0,    0,    0,    0,    0,    0,    0,    0,    0,    0,    0,    0,    0,    0,    0,    0,    0,    0,    0,    0,    0,    0,    0,    0,    0,    0,    0,    0,    0,    0,    0,    0,    0,    0,    0,    0,   24,    0,   24,    0,    0,    0,
       0,    0,  -18,    0,    0,    0,  -12,  -24,    0,    0,    0,    0,    0,    0,    0,    0,    0,    0,    0,  -12,    0,    0,   -9,   -9,    0,  -18,    0,  -18,   -3,  -21,  -21,  -27,    0,  -30,    0,    0,    0,    0,    0,    0,    0,    0,    0,    0,    0,    0,    0,    0,   -6,    0,   -1,  -15,    0,    0,    0,  -12,    0,  -21,    0,    0,    0,  -18,   -3,    0,    0,    0,    0,    0,    0,    0,    0,    0,    0,    0,    0,    0,    0,    0,    0,    0,    0,    0,    0,    0,    0,    0,    0,    0,    0,    0,    0,    0,    0,    0,    0,    0,    0,    0,    0,    0,    0,    0,    0,    0,    0,    0,    0,    0,    0,    0,    0,    0,    0,    0,    0,    0,    0,    0,    0,    0,    0,    0,    0,    0,    0,    0,    0,    0,    0,    0,    0,    0,    0,    0,    0,    0,    0,
       0,    0,    0,    0,    0,    0,    0,    0,    0,    0,    0,    0,    0,    0,    0,    0,    0,    0,    0,    0,    0,    0,    0,   -6,    0,    0,    0,    0,    0,    0,    0,    0,    0,    0,    0,    0,   -3,    0,    0,   -6,    0,    0,    0,    0,    0,   -6,   -9,    0,    0,   -6,    0,    0,    0,    0,    0,    0,    0,    0,    0,   -3,    0,    0,    0,    0,    0,    0,    0,    0,    0,    0,    0,    0,    0,    0,    0,    0,    0,    0,    0,    0,    0,    0,    0,    0,    0,    0,    0,    0,    0,    0,    0,    0,    0,    0,    0,    0,    0,    0,    0,    0,    0,    0,    0,    0,    0,    0,    0,    0,    0,    0,    0,    0,    0,    0,    0,    0,    0,    0,    0,    0,    0,    0,    0,    0,    0,    0,    0,    0,    0,    0,    0,    0,    0,    0,    0,    0,    0,
       0,    0,    0,    0,  -48,    0,  -48,    0,    0,    0,    0,    0,    0,    0,    0,    0,    0,    0,    0,  -36,    0,   -5,    0,  -72,   -3,    9,    0,    0,    0,   -3,    0,    0,    0,    0,    0,    0,   -9,    0,    0,   -6,    0,   -5,   -5,   -6,    0,   -9,   -3,    0,   -9,    0,   -3,    0,    0,    0,    0,  -36,  -65,    0,    0,   -9,    0,    9,    0,    0,    0,    0,    0,    0,    0,    0,    0,    0,    0,    0,    0,    0,    0,    0,    0,    0,    0,    0,    0,    0,    0,    0,    0,    0,    0,    0,    0,    0,    0,    0,    0,    0,    0,    0,    0,    0,    0,    0,    0,    0,    0,    0,    0,    0,    0,    0,    0,    0,    0,    0,    0,    0,    0,    0,    0,    0,    0,    0,    0,    0,    0,    0,    0,    0,    0,    0,    0,    0,    0,    0,    0,    0,    0,
       0,    0,    0,    0,    0,    0,    0,  -24,    0,    0,    0,    0,    0,    0,    0,    0,    0,    0,    0,   -6,    0,    0,   -6,    0,    0,  -15,    0,   -9,   -6,    0,  -14,    0,    0,  -30,    0,    0,    0,    0,    0,    0,    0,    0,    0,    0,    0,    0,    0,    0,    0,    0,    0,    0,    0,    0,    0,   -6,    0,  -14,    0,    0,    0,  -15,   -6,    0,    0,    0,    0,    0,    0,    0,    0,    0,    0,    0,    0,    0,    0,    0,    0,    0,    0,    0,    0,    0,    0,    0,    0,    0,    0,    0,    0,    0,    0,    0,    0,    0,    0,    0,    0,    0,    0,    0,    0,    0,    0,    0,    0,    0,    0,    0,    0,    0,    0,    0,    0,    0,    0,    0,    0,    0,    0,    0,    0,    0,    0,    0,    0,    0,    0,    0,    0,    0,    0,    0,    0,    0,    0,
       0,    0,    0,    0,    0,    0,    0,    0,    0,    0,    0,    0,    0,    0,    0,    0,    0,    0,    0,    0,    0,   -9,    0,    0,    0,    0,    0,    0,    0,    0,    0,    0,    0,    0,    0,    0,    0,    0,    0,    0,    0,    0,    0,    0,    0,    0,    0,    0,    0,    0,    0,    0,    0,    0,    0,    0,    0,    0,    0,    0,    0,    0,    0,    0,    0,    0,    0,    0,    0,    0,    0,    0,    0,    0,    0,    0,    0,    0,    0,    0,    0,    0,    0,    0,    0,    0,    0,    0,    0,    0,    0,    0,    0,    0,    0,    0,    0,    0,    0,    0,    0,    0,    0,    0,    0,    0,    0,    0,    0,    0,    0,    0,    0,    0,    0,    0,    0,    0,    0,    0,    0,    0,    0,    0,    0,    0,    0,    0,    0,    0,    0,    0,    0,    0,    0,    0,    0,
       0,    0,   24,    0,  -42,    0,  -30,  -30,    0,    0,    0,    0,    0,    0,    0,    0,    0,    0,    0,  -45,    0,  -18,    0,  -30,    0,    0,    0,    0,    0,    0,    0,    0,    0,    0,   18,    0,  -30,    0,  -30,  -30,    0,  -24,  -24,  -24,    0,  -30,  -24,  -12,    0,  -24,  -12,   24,    0,    0,    0,  -45,    0,    0,  -30,  -30,    0,    0,    0,    0,    0,    0,    0,    0,    0,    0,    0,    0,    0,    0,    0,    0,    0,    0,    0,    0,    0,    0,    0,    0,    0,    0,    0,    0,    0,    0,    0,    0,    0,    0,    0,    0,    0,    0,    0,    0,    0,    0,    0,    0,    0,    0,    0,    0,    0,    0,    0,    0,    0,    0,    0,    0,    0,    0,    0,    0,    0,    0,    0,    0,    0,    0,    0,    0,    0,    0,   36,   48,   36,   48,    0,    0,    0,
       0,    0,    0,    0,    0,  -54,    0,    0,    0,    0,    0,    0,    0,    0,    0,    0,    0,    0,    0,    0,    0,  -27,    0,  -18,   -6,    0,   -9,   -3,   -3,    0,   12,    0,    0,    0,    0,    0,  -27,    0,    0,    0,    0,   -5,   -5,   -2,   -2,   -7,  -24,  -24,    0,  -24,    0,    0,    0,    0,    0,    0,    0,   12,    0,  -27,    0,    0,   -3,    0,    0,    0,    0,    0,    0,    0,    0,    0,    0,    0,    0,    0,    0,    0,    0,    0,    0,    0,    0,    0,    0,    0,    0,    0,    0,    0,    0,    0,    0,    0,    0,    0,    0,    0,    0,    0,    0,    0,    0,    0,    0,    0,    0,    0,    0,    0,    0,    0,    0,    0,    0,    0,    0,    0,    0,    0,    0,    0,    0,    0,    0,    0,    0,    0,  -54,  -54,    0,    0,    0,    0,    0,    0,    0,
       0,    0,    0,  -45,    0,  -36,    0,    0,    0,    0,    0,    0,    0,    0,    0,    0,    0,    0,    0,    0,    0,  -12,    0,    0,    0,  -50,  -12,  -45,  -45,    0,  -72,    0,    0,  -60,    0,    0,  -12,    0,    0,    0,    0,    0,    0,    0,   -3,    0,  -14,   -3,    0,  -24,   12,    0,    0,    0,    0,    0,    0,  -72,    0,  -12,    0,  -50,  -45,    0,    0,    0,    0,    0,    0,    0,    0,    0,    0,    0,    0,    0,    0,    0,    0,    0,    0,    0,    0,    0,    0,    0,    0,    0,    0,    0,    0,    0,    0,    0,    0,    0,    0,    0,    0,    0,    0,    0,    0,    0,    0,    0,    0,    0,    0,    0,    0,    0,    0,    0,    0,    0,    0,    0,    0,    0,    0,    0,    0,    0,    0,    0,    0,    0,  -36,  -36,  -72,  -60,  -72,  -60,    0,    0,    0,
       0,    0,    0,    0,  -77,    0,  -60,  -48,    0,    0,    0,    0,    0,    0,    0,    0,    0,    0,    0,  -39,    0,    0,    0,  -45,    0,    0,    0,    0,    5,   -9,    0,   -9,    0,  -30,    0,    0,   -6,    0,    5,   -6,    0,    0,    0,    0,    9,   -3,    6,    9,    0,    6,    0,    0,    0,    0,    0,  -39,    0,    0,    5,   -6,    0,    0,    5,    0,    0,    0,    0,    0,    0,    0,    0,    0,    0,    0,    0,    0,    0,    0,    0,    0,    0,    0,    0,    0,    0,    0,    0,    0,    0,    0,    0,    0,    0,    0,    0,    0,    0,    0,    0,    0,    0,    0,    0,    0,    0,    0,    0,    0,    0,    0,    0,    0,    0,    0,    0,    0,    0,    0,    0,    0,    0,    0,    0,    0,    0,    0,    0,    0,    0,    0,   18,   30,   18,   30,    0,    0,    0,
       0,    0,  -18,    0,    0,    0,  -12,  -24,    0,    0,    0,    0,    0,    0,    0,    0,    0,    0,    0,  -12,    0,    0,   -9,   -9,    0,  -18,    0,  -18,   -3,  -21,  -21,  -27,    0,  -30,    0,   -6,    0,    0,    0,    0,    0,    0,    0,    0,    0,    0,    0,    0,   -6,    0,   -1,  -15,    0,    0,    0,  -12,    0,  -21,    0,    0,    0,  -18,   -3,    0,    0,    0,    0,    0,    0,    0,    0,    0,    0,    0,    0,    0,    0,    0,    0,    0,    0,    0,    0,    0,    0,    0,    0,    0,    0,    0,    0,    0,    0,    0,    0,    0,    0,    0,    0,    0,    0,    0,    0,    0,    0,    0,    0,    0,    0,    0,    0,    0,    0,    0,    0,    0,    0,    0,    0,    0,    0,    0,    0,    0,    0,    0,    0,    0,    0,    0,    0,    0,    0,    0,    0,    0,    0,
       0,    0,    0,    0,    0,  -36,    0,    0,    0,    0,    0,    0,    0,    0,    0,    0,    0,    0,    0,    0,    0,   -6,    0,  -18,    0,  -12,   -3,  -18,   -1,    0,  -30,    0,    0,  -24,    0,    0,  -12,    0,    0,    0,    0,    0,    0,    0,    0,   -6,    0,    0,    0,    0,    0,    0,    0,    0,    0,    0,    0,  -30,    0,  -12,    0,  -12,   -1,    0,    0,    0,    0,    0,    0,    0,    0,    0,    0,    0,    0,    0,    0,    0,    0,    0,    0,    0,    0,    0,    0,    0,    0,    0,    0,    0,    0,    0,    0,    0,    0,    0,    0,    0,    0,    0,    0,    0,    0,    0,    0,    0,    0,    0,    0,    0,    0,    0,    0,    0,    0,    0,    0,    0,    0,    0,    0,    0,    0,    0,    0,    0,    0,    0,  -36,  -36,    0,    0,    0,    0,    0,    0,    0,
       0,    0,    0,    0,    0,    0,    0,    0,    0,    0,    0,    0,    0,    0,    0,    0,    0,    0,    0,    0,    0,    0,    0,    0,    0,    0,    0,    0,    0,   -9,   -9,    0,    0,    0,    0,    0,    0,    0,    0,    0,    0,    0,    0,    0,    0,    0,    0,    0,    0,    0,    0,    0,    0,    0,    0,    0,    0,   -9,    0,    0,    0,    0,    0,    0,    0,    0,    0,    0,    0,    0,    0,    0,    0,    0,    0,    0,    0,    0,    0,    0,    0,    0,    0,    0,    0,    0,    0,    0,    0,    0,    0,    0,    0,    0,    0,    0,    0,    0,    0,    0,    0,    0,    0,    0,    0,    0,    0,    0,    0,    0,    0,    0,    0,    0,    0,    0,    0,    0,    0,    0,    0,    0,    0,    0,    0,    0,    0,    0,    0,    0,    0,    0,    0,    0,    0,    0,    0,
       0,  -33,    0,    0,  -60,  -60,  -60,  -36,    0,    0,    0,    0,    0,    0,    0,    0,    0,    0,    0,  -30,    0,  -18,    0,  -48,    0,   18,    0,    6,    6,    0,    6,    0,    0,    0,    0,    0,  -60,    0,    0,  -27,    0,  -36,  -12,  -60,    0,  -60,   -6,  -42,   -9,  -30,  -42,    0,    0,    0,    0,  -30,  -70,    6,    0,  -60,    0,   18,    6,    0,    0,    0,    0,    0,    0,    0,    0,    0,    0,    0,    0,    0,    0,    0,    0,    0,    0,    0,    0,    0,    0,    0,    0,    0,    0,    0,    0,    0,    0,    0,    0,    0,    0,    0,    0,    0,    0,    0,    0,    0,    0,    0,    0,    0,    0,    0,    0,    0,    0,    0,    0,    0,    0,    0,    0,    0,    0,    0,    0,    0,    0,    0,    0,    0,  -60,  -60,    0,    0,    0,    0,    0,    0,    0,
       0,    0,    0,    0,    0,    0,    0,    0,    0,    0,    0,    0,    0,    0,    0,    0,    0,    0,    0,  -12,    0,    0,    0,   -6,   -6,    0,    0,    0,    0,   -6,   -6,    0,    0,    0,    0,    0,    0,    0,    0,    0,    0,    0,    0,    0,    0,    0,    0,    0,   -3,    0,    0,    0,    0,    0,    0,  -12,    0,   -6,    0,    0,    0,    0,    0,    0,    0,    0,    0,    0,    0,    0,    0,    0,    0,    0,    0,    0,    0,    0,    0,    0,    0,    0,    0,    0,    0,    0,    0,    0,    0,    0,    0,    0,    0,    0,    0,    0,    0,    0,    0,    0,    0,    0,    0,    0,    0,    0,    0,    0,    0,    0,    0,    0,    0,    0,    0,    0,    0,    0,    0,    0,    0,    0,    0,    0,    0,    0,    0,    0,    0,    0,    0,    0,    0,    0,    0,    0,    0,
       0,  -30,    0,    0,  -72,    0,  -60,  -48,    0,    0,    0,    0,    0,    0,    0,    0,    0,    4,   -4,  -45,    0,  -18,    0,  -60,   -6,    6,    0,    0,    0,    0,    0,    0,  -60,    0,    0,  -17,  -36,    0,    0,  -12,    0,  -12,   -8,   -9,    0,  -15,    0,    0,    0,    0,   -3,  -60,   -4,   -7,  -12,  -45,  -79,    0,    0,  -36,    0,    6,    0,    0,    0,    0,    0,    0,    0,    0,    0,    0,    0,    0,    0,    0,    0,    0,    0,    0,    0,    0,    0,    0,    0,    0,    0,    0,    0,    0,    0,    0,    0,    0,    0,    0,    0,    0,    0,    0,    0,    0,    0,    0,    0,    0,    0,    0,    0,    0,    0,    0,    0,    0,    0,    0,    0,    0,    0,    0,    0,    0,    0,    0,    0,    0,    0,    0,    0,  -60,    0,    0,    0,    0,   -5,    0,    0,
       0,  -18,    0,    0,  -48,    0,  -48,  -48,    0,    0,    0,    0,    0,    0,    0,    0,    0,    0,    0,  -24,    0,   -3,    0,  -48,   -6,    6,    0,    0,    0,    0,    0,    0,  -42,    0,    0,    0,  -15,    0,    0,  -12,    0,   -2,   -2,    0,    0,   -6,    0,    0,    0,    0,    0,  -42,    0,    0,    0,  -24,    0,    0,    0,  -15,    0,    6,    0,    0,    0,    0,    0,    0,    0,    0,    0,    0,    0,    0,    0,    0,    0,    0,    0,    0,    0,    0,    0,    0,    0,    0,    0,    0,    0,    0,    0,    0,    0,    0,    0,    0,    0,    0,    0,    0,    0,    0,    0,    0,    0,    0,    0,    0,    0,    0,    0,    0,    0,    0,    0,    0,    0,    0,    0,    0,    0,    0,    0,    0,    0,    0,    0,    0,    0,  -42,    0,    0,    0,    0,    0,    0,    0,
       0,    0,    0,    0,    0,    0,    0,    0,    0,    0,    0,    0,    0,    0,    0,    0,    0,    0,    0,    0,    0,  -21,    0,    0,   -9,    0,   -6,    0,    0,    0,    0,    0,  -48,    0,    0,    0,  -15,    0,    0,   -1,    0,    0,    0,    0,    0,   -6,  -16,  -10,    0,  -14,    0,  -48,    0,    0,    0,    0,    0,    0,    0,  -15,    0,    0,    0,    0,    0,    0,    0,    0,    0,    0,    0,    0,    0,    0,    0,    0,    0,    0,    0,    0,    0,    0,    0,    0,    0,    0,    0,    0,    0,    0,    0,    0,    0,    0,    0,    0,    0,    0,    0,    0,    0,    0,    0,    0,    0,    0,    0,    0,    0,    0,    0,    0,    0,    0,    0,    0,    0,    0,    0,    0,    0,    0,    0,    0,    0,    0,    0,    0,    0,  -48,    0,    0,    0,    0,    0,    0,    0,
       0,  -30,    0,    0,  -72,    0,  -72,  -72,    0,    0,    0,    0,    0,    0,    0,    0,    0,    0,    0,  -48,    0,  -21,    0,  -72,  -15,    6,   -6,    0,    0,    0,    0,    0,  -60,    0,    0,    0,  -48,    0,    0,  -48,    0,  -14,  -13,  -22,    0,  -12,   -6,   -6,  -12,   -6,   -6,  -60,    0,    0,    0,  -48,    0,    0,    0,  -48,    0,    6,    0,    0,    0,    0,    0,    0,    0,    0,    0,    0,    0,    0,    0,    0,    0,    0,    0,    0,    0,    0,    0,    0,    0,    0,    0,    0,    0,    0,    0,    0,    0,    0,    0,    0,    0,    0,    0,    0,    0,    0,    0,    0,    0,    0,    0,    0,    0,    0,    0,    0,    0,    0,    0,    0,    0,    0,    0,    0,    0,    0,    0,    0,    0,    0,    0,    0,    0,  -72,    0,    0,    0,    0,    0,    0,    0,
       0,    0,    0,    0,    0,    0,    0,    0,    0,    0,    0,    0,    0,    0,    0,    0,    0,    0,    0,    0,    0,   -3,    0,    0,    0,    0,    0,    0,    0,    0,    0,    0,    0,    0,    0,    0,   -3,    0,    0,    0,    0,    0,    0,    0,    0,   -3,   -3,    0,    0,    0,    0,    0,    0,    0,    0,    0,    0,    0,    0,   -3,    0,    0,    0,    0,    0,    0,    0,    0,    0,    0,    0,    0,    0,    0,    0,    0,    0,    0,    0,    0,    0,    0,    0,    0,    0,    0,    0,    0,    0,    0,    0,    0,    0,    0,    0,    0,    0,    0,    0,    0,    0,    0,    0,    0,    0,    0,    0,    0,    0,    0,    0,    0,    0,    0,    0,    0,    0,    0,    0,    0,    0,    0,    0,    0,    0,    0,    0,    0,    0,    0,    0,    0,    0,    0,    0,    0,    0,
       0,    0,    0,    0,    0,    0,    0,    0,    0,  -24,  -30,    0,    0,    0,    0,    0,    0,    0,    0,  -30,    0,    0,    0,  -66,    0,  -60,    0,  -60,  -42,  -48,  -72,    0,    0,    0,    0,    0,    0,    0,    0,    0,    0,    0,    0,    0,    0,    0,  -12,  -12,  -24,  -12,    0,    0,    0,    0,    0,    0,    0,    0,    0,    0,    0,    0,    0,    0,    0,    0,    0,    0,    0,    0,    0,    0,    0,    0,    0,    0,    0,    0,    0,    0,    0,    0,    0,    0,    0,    0,    0,    0,    0,    0,    0,    0,    0,    0,    0,    0,    0,    0,    0,    0,    0,    0,    0,    0,    0,    0,    0,    0,    0,    0,    0,    0,    0,    0,    0,    0,    0,    0,    0,    0,    0,    0,    0,    0,    0,    0,    0,    0,    0,    0,    0,    0,    0,    0,    0,    0,    0,
       0,    0,    0,    0,    0,    0,    0,    0,    0,    0,    0,    0,    0,    0,    0,    0,    0,    0,    0,    0,    0,  -30,    0,    0,    0,  -36,    0,  -24,  -24,    0,  -48,    0,    0,  -55,    0,    0,    0,    0,    0,    0,   36,    0,    0,    0,    0,    0,   -4,    0,   -1,    0,    0,    0,    0,    0,    0,    0,    0,  -48,   -4,  -13,    0,  -36,  -24,    0,    0,    0,    0,    0,    0,    0,    0,    0,    0,    0,    0,    0,    0,    0,    0,    0,    0,    0,    0,    0,    0,    0,    0,    0,    0,    0,    0,    0,    0,    0,    0,    0,    0,    0,    0,    0,    0,    0,    0,    0,    0,    0,    0,    0,    0,    0,    0,    0,    0,    0,    0,    0,    0,    0,    0,    0,    0,    0,    0,    0,    0,    0,    0,    0,    0,    0,    0,    0,    0,    0,    0,    0,    0,
       0,    0,    0,    0,    0,    0,    0,    0,    0,    0,    0,    0,    0,    0,    0,    0,    0,    0,    0,    0,    0,    0,    0,    0,    0,    0,    0,  -17,    0,    0,    0,    0,    0,    0,    0,    0,    0,    0,    0,    0,    0,    0,    0,    0,    0,    0,  -13,    0,    0,    0,    0,    0,    0,    0,    0,    0,    0,    0,    0,  -20,    5,    0,    0,    0,    0,    0,    0,    0,    0,    0,    0,    0,    0,    0,    0,    0,    0,    0,    0,    0,    0,    0,    0,    0,    0,    0,    0,    0,    0,    0,    0,    0,    0,    0,    0,    0,    0,    0,    0,    0,    0,    0,    0,    0,    0,    0,    0,    0,    0,    0,    0,    0,    0,    0,    0,    0,    0,    0,    0,    0,    0,    0,    0,    0,    0,    0,    0,    0,    0,    0,    0,    0,    0,    0,    0,    0,    0,
       0,    0,    0,    0,    0,    0,    0,    0,    0,    0,    0,    0,    0,    0,    0,    0,    0,    0,    0,   12,    0,  -12,    0,    0,    0,  -39,   -6,  -17,   -6,    0,  -32,    0,    0,  -18,    0,    0,    0,    0,    0,    0,    0,    0,    0,    0,    0,   -6,   -7,   -4,    0,   -7,    0,    0,    0,    0,    0,   12,    0,  -32,    0,    0,    0,  -39,   -6,    0,    0,    0,    0,    0,    0,    0,    0,    0,    0,    0,    0,    0,    0,    0,    0,    0,    0,    0,    0,    0,    0,    0,    0,    0,    0,    0,    0,    0,    0,    0,    0,    0,    0,    0,    0,    0,    0,    0,    0,    0,    0,    0,    0,    0,    0,    0,    0,    0,    0,    0,    0,    0,    0,    0,    0,    0,    0,    0,    0,    0,    0,    0,    0,    0,    0,    0,    0,    0,    0,    0,    0,    0,    0,
       0,    0,  -15,    0,    0,    0,    0,  -30,    0,    0,    0,    0,    0,    0,    0,    0,    0,    0,    0,    0,    0,    0,    0,    0,    0,  -29,    0,  -14,   -9,  -10,  -23,   -6,    0,  -30,    0,    0,    0,    0,  -12,    0,    0,    0,    0,    0,    0,    0,   -9,  -12,  -12,  -12,   -6,  -15,    0,    0,    0,    0,    0,  -23,  -12,    0,    0,  -29,   -9,    0,    0,    0,    0,    0,    0,    0,    0,    0,    0,    0,    0,    0,    0,    0,    0,    0,    0,    0,    0,    0,    0,    0,    0,    0,    0,    0,    0,    0,    0,    0,    0,    0,    0,    0,    0,    0,    0,    0,    0,    0,    0,    0,    0,    0,    0,    0,    0,    0,    0,    0,    0,    0,    0,    0,    0,    0,    0,    0,    0,    0,    0,    0,    0,    0,    0,    0,    0,    0,    0,    0,    0,    0,    0,
       0,    0,    0,    0,    0,    0,    0,    0,    0,    0,    0,    0,    0,    0,    0,    0,    0,    0,    0,    0,    0,    0,    0,    0,    0,  -18,    0,   -9,   -6,   -3,  -21,    0,    0,    0,    0,    0,    0,    0,    0,    0,    0,    0,    3,    0,    0,    0,    0,    0,    0,   -9,    0,    0,    0,    0,    0,    0,    0,  -21,    0,    0,    0,  -18,   -6,    0,    0,    0,    0,    0,    0,    0,    0,    0,    0,    0,    0,    0,    0,    0,    0,    0,    0,    0,    0,    0,    0,    0,    0,    0,    0,    0,    0,    0,    0,    0,    0,    0,    0,    0,    0,    0,    0,    0,    0,    0,    0,    0,    0,    0,    0,    0,    0,    0,    0,    0,    0,    0,    0,    0,    0,    0,    0,    0,    0,    0,    0,    0,    0,    0,    0,    0,    0,   18,    0,   18,    0,    0,    0,
       0,    0,    0,    0,    0,    0,    0,    0,    0,    0,    0,    0,    0,    0,    0,    0,    0,    0,    0,    0,    0,    0,    0,    0,    0,    0,    0,    0,    0,    0,    0,    0,    0,    0,    0,    0,    0,    0,    0,    0,    0,    0,    0,    0,    0,   10,    0,    0,    0,    0,    0,    0,    0,    0,    0,    0,    0,    0,    0,    0,    0,    0,    0,    0,    0,    0,    0,    0,    0,    0,    0,    0,    0,    0,    0,    0,    0,    0,    0,    0,    0,    0,    0,    0,    0,    0,    0,    0,    0,    0,    0,    0,    0,    0,    0,    0,    0,    0,    0,    0,    0,    0,    0,    0,    0,    0,    0,    0,    0,    0,    0,    0,    0,    0,    0,    0,    0,    0,    0,    0,    0,    0,    0,    0,    0,    0,    0,    0,    0,    0,    0,    0,    0,    0,    0,    0,    0,
       0,    0,    0,    0,    0,    0,    0,    0,    0,    0,    0,    0,    0,    0,    0,    0,    0,    0,    0,    0,    0,    0,    0,    0,    0,  -27,    0,  -12,   -6,   -6,  -21,    0,    0,  -24,    0,    0,    0,    0,    0,   -3,    0,    0,    0,    0,    0,    0,   -6,   -6,   -2,   -6,    0,    0,    0,    0,    0,    0,    0,  -21,    0,    0,    0,  -27,   -6,    0,    0,    0,    0,    0,    0,    0,    0,    0,    0,    0,    0,    0,    0,    0,    0,    0,    0,    0,    0,    0,    0,    0,    0,    0,    0,    0,    0,    0,    0,    0,    0,    0,    0,    0,    0,    0,    0,    0,    0,    0,    0,    0,    0,    0,    0,    0,    0,    0,    0,    0,    0,    0,    0,    0,    0,    0,    0,    0,    0,    0,    0,    0,    0,    0,    0,    0,    0,    0,    0,    0,    0,    0,    0,
       0,    0,   18,   18,    0,    0,    0,  -12,    0,    0,    0,    0,    0,    0,    0,    0,    0,    0,    0,  -12,    0,    0,    0,    0,    0,   36,    0,   33,   30,   30,   30,   30,    0,    0,   24,    0,  -12,    0,    0,    0,    0,    0,    0,    0,    2,    0,    6,    1,    0,    0,    2,    0,    0,    0,    0,  -12,    0,   30,    0,  -12,    0,   36,   30,    0,    0,    0,    0,    0,    0,    0,    0,    0,    0,    0,    0,    0,    0,    0,    0,    0,    0,    0,    0,    0,    0,    0,    0,    0,    0,    0,    0,    0,    0,    0,    0,    0,    0,    0,    0,    0,    0,    0,    0,    0,    0,    0,    0,    0,    0,    0,    0,    0,    0,    0,    0,    0,    0,    0,    0,    0,    0,    0,    0,    0,    0,    0,    0,    0,    0,    0,   18,   24,   18,   24,    0,    0,    0,
       0,    0,    0,    0,   -3,    0,    0,    0,    0,    0,    0,    0,    0,    0,    0,    0,    0,    0,    0,   -9,    0,   -6,    0,    0,   -3,    0,    0,    0,    0,    0,   -9,    0,    0,  -18,    0,    0,    0,    0,    0,    0,    6,    0,    0,   -6,    0,   -5,    0,    0,    0,    0,    0,    0,    0,    0,    0,   -9,    0,   -9,    0,    0,    0,    0,    0,    0,    0,    0,    0,    0,    0,    0,    0,    0,    0,    0,    0,    0,    0,    0,    0,    0,    0,    0,    0,    0,    0,    0,    0,    0,    0,    0,    0,    0,    0,    0,    0,    0,    0,    0,    0,    0,    0,    0,    0,    0,    0,    0,    0,    0,    0,    0,    0,    0,    0,    0,    0,    0,    0,    0,    0,    0,    0,    0,    0,    0,    0,    0,    0,    0,    0,    0,    0,    0,    0,    0,    0,    0,    0,
       0,    0,    0,    0,    0,    0,    0,    0,    0,    0,    0,    0,    0,    0,    0,    0,    0,    0,    0,    0,    0,    0,    0,    0,    0,  -18,    0,  -18,    0,    0,  -15,    0,    0,  -24,    0,    0,    0,    0,    0,    0,    0,    0,    0,    0,    0,    0,    0,    0,    0,   -3,    0,    0,    0,    0,    0,    0,    0,  -15,    0,    0,    0,  -18,    0,    0,    0,    0,    0,    0,    0,    0,    0,    0,    0,    0,    0,    0,    0,    0,    0,    0,    0,    0,    0,    0,    0,    0,    0,    0,    0,    0,    0,    0,    0,    0,    0,    0,    0,    0,    0,    0,    0,    0,    0,    0,    0,    0,    0,    0,    0,    0,    0,    0,    0,    0,    0,    0,    0,    0,    0,    0,    0,    0,    0,    0,    0,    0,    0,    0,    0,    0,    0,    0,    0,    0,    0,    0,    0,
       0,    0,    0,    0,    0,    0,    0,    0,    0,    0,    0,    0,    0,    0,    0,    0,    0,    0,    0,    0,    0,    0,    0,    0,    0,  -18,    0,    0,    0,    0,    0,    0,    0,    0,    0,    0,    0,    0,    0,    0,    0,    0,    0,    0,    0,    0,    0,    0,    0,    0,    0,    0,    0,    0,    0,    0,    0,    0,    0,    0,    0,  -18,    0,    0,    0,    0,    0,    0,    0,    0,    0,    0,    0,    0,    0,    0,    0,    0,    0,    0,    0,    0,    0,    0,    0,    0,    0,    0,    0,    0,    0,    0,    0,    0,    0,    0,    0,    0,    0,    0,    0,    0,    0,    0,    0,    0,    0,    0,    0,    0,    0,    0,    0,    0,    0,    0,    0,    0,    0,    0,    0,    0,    0,    0,    0,    0,    0,    0,    0,    0,    0,    0,    0,    0,    0,    0,    0,
       0,    0,    0,    0,    0,    0,    0,    0,    0,    0,    0,    0,    0,    0,    0,    0,    0,    0,    0,    0,    0,    0,    0,    0,    0,  -18,   -6,    0,    0,    0,    0,    0,    0,    0,    0,    0,    0,    0,    0,    0,    3,    0,    0,    0,    0,    0,    0,    0,    0,    0,    0,    0,    0,    0,    0,    0,    0,    0,    0,    0,    0,  -18,    0,    0,    0,    0,    0,    0,    0,    0,    0,    0,    0,    0,    0,    0,    0,    0,    0,    0,    0,    0,    0,    0,    0,    0,    0,    0,    0,    0,    0,    0,    0,    0,    0,    0,    0,    0,    0,    0,    0,    0,    0,    0,    0,    0,    0,    0,    0,    0,    0,    0,    0,    0,    0,    0,    0,    0,    0,    0,    0,    0,    0,    0,    0,    0,    0,    0,    0,    0,    0,    0,    0,    0,    0,    0,    0,
       0,    0,    0,    0,    0,    0,    0,    0,    0,    0,    0,    0,    0,    0,    0,    0,    0,    0,    0,    0,    0,   -6,    0,    0,    0,    0,    0,    0,    0,    0,  -12,    0,    0,  -24,    0,    0,  -13,   -3,    0,  -12,   -3,    0,    0,   -3,    0,   -3,    0,    0,    0,    0,    0,    0,    0,    0,    0,    0,    0,  -12,    0,  -13,   -3,    0,    0,    0,    0,    0,    0,    0,    0,    0,    0,    0,    0,    0,    0,    0,    0,    0,    0,    0,    0,    0,    0,    0,    0,    0,    0,    0,    0,    0,    0,    0,    0,    0,    0,    0,    0,    0,    0,    0,    0,    0,    0,    0,    0,    0,    0,    0,    0,    0,    0,    0,    0,    0,    0,    0,    0,    0,    0,    0,    0,    0,    0,    0,    0,    0,    0,    0,    0,    0,    0,    0,    0,    0,    0,    0,    0,
       0,    0,    0,    0,    0,    0,    0,    0,    0,    0,    0,    0,    0,    0,    0,    0,    0,    0,    0,    0,    0,  -12,    0,    0,    0,  -15,    0,  -18,  -12,    0,  -18,    0,    0,    0,    0,    0,   -6,    0,    0,   -6,   -8,    0,    0,    0,   -2,   -3,  -15,   -9,    0,   -9,    0,    0,    0,    0,    0,    0,    0,  -18,    0,   -6,    0,  -15,  -12,    0,    0,    0,    0,    0,    0,    0,    0,    0,    0,    0,    0,    0,    0,    0,    0,    0,    0,    0,    0,    0,    0,    0,    0,    0,    0,    0,    0,    0,    0,    0,    0,    0,    0,    0,    0,    0,    0,    0,    0,    0,    0,    0,    0,    0,    0,    0,    0,    0,    0,    0,    0,    0,    0,    0,    0,    0,    0,    0,    0,    0,    0,    0,    0,    0,    0,    0,    0,    0,    0,    0,    0,    0,    0,
       0,    0,   18,    0,    0,    0,    0,    0,    0,    0,    0,    0,    0,    0,    0,    0,    0,    0,    0,    0,    0,    0,    0,    0,    0,  -12,    0,  -10,    0,    0,   -9,    0,    0,   -4,    0,    1,    0,    0,    0,    0,   12,    0,    0,    0,    0,    0,    0,    0,    0,    0,    0,    0,    0,    0,    0,    0,    0,   -9,    0,    0,    0,  -12,    0,    0,    0,    0,    0,    0,    0,    0,    0,    0,    0,    0,    0,    0,    0,    0,    0,    0,    0,    0,    0,    0,    0,    0,    0,    0,    0,    0,    0,    0,    0,    0,    0,    0,    0,    0,    0,    0,    0,    0,    0,    0,    0,    0,    0,    0,    0,    0,    0,    0,    0,    0,    0,    0,    0,    0,    0,    0,    0,    0,    0,    0,    0,    0,    0,    0,    0,    0,    0,    0,    0,    0,    0,    0,    0,
       0,    0,    0,   12,  -42,    0,  -68,  -12,    0,    0,    0,    0,    0,    0,    0,    0,    0,    0,    0,  -18,    0,    0,    0,    0,    0,   -6,    0,    0,    0,   -9,    0,    0,  -18,    0,    0,    0,  -13,    0,    0,   -9,   -6,    0,    0,    0,   12,    0,   30,   30,    0,    0,    0,  -18,    0,    0,    0,  -18,    0,    0,    0,  -13,    0,   -6,    0,    0,    0,    0,    0,    0,    0,    0,    0,    0,    0,    0,    0,    0,    0,    0,    0,    0,    0,    0,    0,    0,    0,    0,    0,    0,    0,    0,    0,    0,    0,    0,    0,    0,    0,    0,    0,    0,    0,    0,    0,    0,    0,    0,    0,    0,    0,    0,    0,    0,    0,    0,    0,    0,    0,    0,    0,    0,    0,    0,    0,    0,    0,    0,    0,    0,    0,    0,    0,   30,    0,   30,    0,    0,    0,
       0,    0,    0,    0,    0,    0,    0,    0,    0,    0,    0,    0,    0,    0,    0,    0,    0,    0,    0,    0,    0,   -3,    0,    0,    0,  -27,    0,   -3,    0,   -3,  -12,    0,    0,    0,    0,    0,    0,    0,    0,    0,    0,    0,    0,    0,    0,    0,    0,    0,   -3,    0,    0,    0,    0,    0,    0,    0,    0,  -12,    0,    0,    0,  -27,    0,    0,    0,    0,    0,    0,    0,    0,    0,    0,    0,    0,    0,    0,    0,    0,    0,    0,    0,    0,    0,    0,    0,    0,    0,    0,    0,    0,    0,    0,    0,    0,    0,    0,    0,    0,    0,    0,    0,    0,    0,    0,    0,    0,    0,    0,    0,    0,    0,    0,    0,    0,    0,    0,    0,    0,    0,    0,    0,    0,    0,    0,    0,    0,    0,    0,    0,    0,    0,    0,    0,    0,    0,    0,    0,
       0,    0,    0,    0,  -12,    0,    0,    0,    0,    0,    0,    0,    0,    0,    0,    0,    0,    0,    0,    0,    0,    0,    0,    0,    0,    0,    0,    0,    0,    0,    0,    0,    0,    0,    0,    0,   -3,    0,  -15,   -3,    0,    0,    0,   12,    0,    0,    0,    0,    0,    0,    0,    0,    0,    0,    0,    0,    0,    0,  -15,   -3,    0,    0,    0,    0,    0,    0,    0,    0,    0,    0,    0,    0,    0,    0,    0,    0,    0,    0,    0,    0,    0,    0,    0,    0,    0,    0,    0,    0,    0,    0,    0,    0,    0,    0,    0,    0,    0,    0,    0,    0,    0,    0,    0,    0,    0,    0,    0,    0,    0,    0,    0,    0,    0,    0,    0,    0,    0,    0,    0,    0,    0,    0,    0,    0,    0,    0,    0,    0,    0,    0,    0,    0,    0,    0,    0,    0,    0,
       0,    0,    0,    0,    0,    0,    0,    0,    0,    0,    0,    0,    0,    0,    0,    0,    0,    0,    0,    0,    0,    0,    0,    0,    0,  -18,    0,   -6,   -6,    0,   -9,    0,    0,    0,    0,    0,    0,    0,    0,   -6,    0,    0,    0,    0,    0,    0,    0,    0,    0,    0,    0,    0,    0,    0,    0,    0,    0,   -9,    0,    0,    0,  -18,   -6,    0,    0,    0,    0,    0,    0,    0,    0,    0,    0,    0,    0,    0,    0,    0,    0,    0,    0,    0,    0,    0,    0,    0,    0,    0,    0,    0,    0,    0,    0,    0,    0,    0,    0,    0,    0,    0,    0,    0,    0,    0,    0,    0,    0,    0,    0,    0,    0,    0,    0,    0,    0,    0,    0,    0,    0,    0,    0,    0,    0,    0,    0,    0,    0,    0,    0,    0,    0,    0,    0,    0,    0,    0,    0,
       0,  -18,    0,    4,  -24,    0,  -24,  -12,    0,    0,    0,    0,    0,    0,    0,    0,    0,    2,    0,  -15,    0,    0,    0,    0,    0,   -6,    0,    0,    0,  -16,   -6,  -12,  -12,   -1,    0,  -13,   -9,    0,    0,   -6,    0,    0,    0,   -3,   30,    0,   30,    0,    0,    0,    0,  -12,    0,    0,   -7,  -15,    0,   -6,    0,  -11,    0,   -6,    0,    0,    0,    0,    0,    0,    0,    0,    0,    0,    0,    0,    0,    0,    0,    0,    0,    0,    0,    0,    0,    0,    0,    0,    0,    0,    0,    0,    0,    0,    0,    0,    0,    0,    0,    0,    0,    0,    0,    0,    0,    0,    0,    0,    0,    0,    0,    0,    0,    0,    0,    0,    0,    0,    0,    0,    0,    0,    0,    0,    0,    0,    0,    0,    0,    0,    0,    0,    0,    0,    0,    0,    0,    0,    0,
       0,  -18,    0,    0,  -24,    0,  -24,  -12,    0,    0,    0,    0,    0,    0,    0,    0,    0,    0,    0,   -3,    0,    0,    0,    0,    0,   -6,    0,    0,    0,  -10,   -6,   -3,  -12,    0,    0,    0,   -9,    0,    0,   -9,    0,    0,    0,   -3,   30,    0,   24,    0,    0,    0,    0,  -12,    0,    0,    0,   -3,    0,   -6,    0,   -9,    0,   -6,    0,    0,    0,    0,    0,    0,    0,    0,    0,    0,    0,    0,    0,    0,    0,    0,    0,    0,    0,    0,    0,    0,    0,    0,    0,    0,    0,    0,    0,    0,    0,    0,    0,    0,    0,    0,    0,    0,    0,    0,    0,    0,    0,    0,    0,    0,    0,    0,    0,    0,    0,    0,    0,    0,    0,    0,    0,    0,    0,    0,    0,    0,    0,    0,    0,    0,    0,    0,    0,    0,    0,    0,    0,    0,    0,
       0,   -2,    0,    0,    0,    0,    0,   -1,    0,    0,    0,    0,    0,    0,    0,    0,    0,    0,    0,    0,    0,   -6,    0,    0,    0,   -9,   -3,    0,    0,    0,  -12,    0,  -24,   -4,    0,    0,  -18,    0,    0,    0,    0,    0,    0,   -3,    0,   -3,    0,    0,    0,    0,    0,  -24,    0,   -4,    0,    0,    0,  -12,    0,  -20,    0,   -9,    0,    0,    0,    0,    0,    0,    0,    0,    0,    0,    0,    0,    0,    0,    0,    0,    0,    0,    0,    0,    0,    0,    0,    0,    0,    0,    0,    0,    0,    0,    0,    0,    0,    0,    0,    0,    0,    0,    0,    0,    0,    0,    0,    0,    0,    0,    0,    0,    0,    0,    0,    0,    0,    0,    0,    0,    0,    0,    0,    0,    0,    0,    0,    0,    0,    0,    0,    0,    0,    0,    0,    0,    0,    0,    0,
       0,  -18,    0,    0,    0,    0,  -24,  -12,    0,    0,    0,    0,    0,    0,    0,    0,    0,    0,    0,  -15,    0,    0,    0,    0,    0,   -6,    0,    0,    0,  -12,   -6,   -6,  -12,    0,    0,    0,   -6,    0,    0,   -9,    0,    0,    0,   -6,    0,    0,    0,    0,    0,    0,    0,  -12,    0,    0,    0,  -15,    0,   -6,    0,   -6,    0,   -6,    0,    0,    0,    0,    0,    0,    0,    0,    0,    0,    0,    0,    0,    0,    0,    0,    0,    0,    0,    0,    0,    0,    0,    0,    0,    0,    0,    0,    0,    0,    0,    0,    0,    0,    0,    0,    0,    0,    0,    0,    0,    0,    0,    0,    0,    0,    0,    0,    0,    0,    0,    0,    0,    0,    0,    0,    0,    0,    0,    0,    0,    0,    0,    0,    0,    0,    0,    0,    0,    0,    0,    0,    0,    0,    0,
       0,    0,    0,    0,    0,    0,    0,    0,    0,    0,    0,    0,    0,    0,    0,    0,    0,    0,    0,    0,    0,    0,    0,    0,    0,   -6,    0,    0,    0,    0,   -6,    0,    0,  -24,    0,    0,   -6,    0,    0,    0,    0,    0,    0,    0,    0,    0,    0,    0,    0,    0,    0,    0,    0,    0,    0,    0,    0,   -6,    0,   -6,    0,   -6,    0,    0,    0,    0,    0,    0,    0,    0,    0,    0,    0,    0,    0,    0,    0,    0,    0,    0,    0,    0,    0,    0,    0,    0,    0,    0,    0,    0,    0,    0,    0,    0,    0,    0,    0,    0,    0,    0,    0,    0,    0,    0,    0,    0,    0,    0,    0,    0,    0,    0,    0,    0,    0,    0,    0,    0,    0,    0,    0,    0,    0,    0,    0,    0,    0,    0,    0,    0,    0,    0,    0,    0,    0,    0,    0,
       0,    0,    0,    0,    0,    0,    0,    0,    0,  -24,  -30,    0,    0,    0,    0,    0,    0,    0,    0,  -30,    0,  -15,    0,  -60,    0,  -60,    0,  -60,  -42,  -48,  -72,    0,    0,    0,    0,    0,  -15,    0,    0,    0,    0,    0,    0,    0,    0,    0,  -12,  -12,  -24,  -12,    0,    0,    0,    0,    0,    0,    0,    0,    0,  -15,    0,    0,    0,    0,    0,    0,    0,    0,    0,    0,    0,    0,    0,    0,    0,    0,    0,    0,    0,    0,    0,    0,    0,    0,    0,    0,    0,    0,    0,    0,    0,    0,    0,    0,    0,    0,    0,    0,    0,    0,    0,    0,    0,    0,    0,    0,    0,    0,    0,    0,    0,    0,    0,    0,    0,    0,    0,    0,    0,    0,    0,    0,    0,    0,    0,    0,    0,    0,    0,    0,    0,    0,    0,    0,    0,    0,    0,
       0,    0,    0,    0,    0,    0,    0,    0,    0,  -24,  -30,    0,    0,    0,    0,    0,    0,    0,    0,  -30,    0,    0,    0,  -30,    0,  -60,    0,  -60,  -42,  -48,  -72,    0,    0,    0,    0,    0,    0,    0,    0,    0,    0,    0,    0,    0,    0,    0,  -12,  -12,  -24,  -12,    0,    0,    0,    0,    0,    0,    0,    0,    0,    0,    0,    0,    0,    0,    0,    0,    0,    0,    0,    0,    0,    0,    0,    0,    0,    0,    0,    0,    0,    0,    0,    0,    0,    0,    0,    0,    0,    0,    0,    0,    0,    0,    0,    0,    0,    0,    0,    0,    0,    0,    0,    0,    0,    0,    0,    0,    0,    0,    0,    0,    0,    0,    0,    0,    0,    0,    0,    0,    0,    0,    0,    0,    0,    0,    0,    0,    0,    0,    0,    0,    0,    0,    0,    0,    0,    0,    0,
       0,    0,    0,    0,    0,    0,    0,    0,    0,    0,    0,    0,    0,    0,    0,    0,    0,    0,    0,    0,    0,    0,    0,    0,    0,    0,    0,   -4,    0,    0,    0,    0,    0,    0,    0,    0,    0,    0,    0,    0,    0,    0,    0,    0,    0,    0,    0,    0,    0,    0,    0,    0,    0,    0,    0,    0,    0,    0,    0,    0,    0,    0,    0,    0,    0,    0,    0,    0,    0,    0,    0,    0,    0,    0,    0,    0,    0,    0,    0,    0,    0,    0,    0,    0,    0,    0,    0,    0,    0,    0,    0,    0,    0,    0,    0,    0,    0,    0,    0,    0,    0,    0,    0,    0,    0,    0,    0,    0,    0,    0,    0,    0,    0,    0,    0,    0,    0,    0,    0,    0,    0,    0,    0,    0,    0,    0,    0,    0,    0,    0,    0,    0,    0,    0,    0,    0,    0,
       0,    0,    0,    0,    0,    0,    0,    0,  -24,  -18,    0,  -18,    0,    0,    0,    0,    0,    0,    0,    0,    0,    0,    0,    0,    0,    0,    0,    0,    0,    0,    0,    0,    0,    0,    0,    0,    0,    0,    0,    0,    0,    0,    0,    0,    0,    0,    0,    0,    0,    0,    0,    0,    0,    0,    0,    0,    0,    0,    0,    0,    0,    0,    0,    0,    0,    0,    0,    0,    0,    0,    0,    0,    0,    0,    0,    0,    0,    0,    0,    0,    0,    0,    0,    0,    0,    0,    0,    0,    0,    0,    0,    0,    0,    0,    0,    0,    0,    0,    0,    0,    0,    0,    0,    0,    0,    0,    0,    0,    0,    0,    0,    0,    0,    0,    0,    0,    0,    0,    0,    0,    0,    0,    0,    0,    0,    0,    0,    0,    0,    0,    0,    0,    0,    0,    0,    0,    0,
       0,    0,    0,    0,    0,    0,    0,    0,    0,    0,    0,    0,    0,    0,    0,    0,    0,    0,    0,    0,    0,    0,    0,    0,    0,    0,    0,   -7,    0,    0,    0,    0,    0,    0,    0,    0,    0,    0,    0,    0,    0,    0,    0,    0,    0,    0,    0,    0,   -4,    0,    0,    0,    0,    0,    0,    0,    0,    0,    0,    6,    0,    0,    0,    0,    0,    0,    0,    0,    0,    0,    0,    0,    0,    0,    0,    0,    0,    0,    0,    0,    0,    0,    0,    0,    0,    0,    0,    0,    0,    0,    0,    0,    0,    0,    0,    0,    0,    0,    0,    0,    0,    0,    0,    0,    0,    0,    0,    0,    0,    0,    0,    0,    0,    0,    0,    0,    0,    0,    0,    0,    0,    0,    0,    0,    0,    0,    0,    0,    0,    0,    0,    0,    0,    0,    0,    0,    0,
       0,    0,    0,    0,    0,    0,    0,    0,    0,    0,    0,    0,    0,    0,    0,    0,    0,    0,    0,    0,    0,    0,    0,    0,    0,    0,    0,  -10,    0,    0,    0,    0,    0,    0,    0,    0,    0,    0,    0,    0,    0,    0,    0,    0,    0,    0,   -5,    0,    0,    0,    0,    0,    0,    0,    0,    0,    0,    0,    0,  -18,    0,    0,    0,    0,    0,    0,    0,    0,    0,    0,    0,    0,    0,    0,    0,    0,    0,    0,    0,    0,    0,    0,    0,    0,    0,    0,    0,    0,    0,    0,    0,    0,    0,    0,    0,    0,    0,    0,    0,    0,    0,    0,    0,    0,    0,    0,    0,    0,    0,    0,    0,    0,    0,    0,    0,    0,    0,    0,    0,    0,    0,    0,    0,    0,    0,    0,    0,    0,    0,    0,    0,    0,    0,    0,    0,    0,    0,
       6,    0,    0,   -3,  -77,    0,  -60,  -24,    0,    0,    0,    0,    0,    0,    0,    0,    0,    0,    0,  -39,    0,    0,    0,  -45,    0,    0,    0,    0,    5,   -9,    0,   -9,    0,  -12,    0,  -32,   -6,    0,    5,   -6,    0,    0,    0,    0,    9,   -3,    8,    9,   -2,    6,    0,    0,   12,   15,  -12,  -39,    0,    0,    5,   -6,    0,    0,    5,    0,    0,    0,    0,    0,    0,    0,    0,    0,    0,    0,    0,    0,    0,    0,    0,    0,    0,    0,    0,    0,    0,    0,    0,    0,    0,    0,    0,    0,    0,    0,    0,    0,    0,    0,    0,    0,    0,    0,    0,    0,    0,    0,    0,    0,    0,    0,    0,    0,    0,    0,    0,    0,    0,    0,    0,    0,    0,    0,    0,    0,    0,    0,    0,    0,    0,    0,   18,   30,   18,   30,    2,    0,    0,
       0,    0,  -15,  -12,    0,    0,    0,   -7,    0,    0,    0,    0,    0,    0,    0,    0,    0,    0,    0,    0,    0,    0,    0,    0,    0,  -29,    0,  -14,   -9,  -10,  -23,   -6,    0,   -3,    0,  -20,    0,    0,  -12,    0,    0,    0,    0,    0,    0,    0,  -11,  -12,  -14,  -12,   -6,  -15,    0,    6,    0,    0,    0,  -23,  -12,    0,    0,  -29,   -9,    0,    0,    0,    0,    0,    0,    0,    0,    0,    0,    0,    0,    0,    0,    0,    0,    0,    0,    0,    0,    0,    0,    0,    0,    0,    0,    0,    0,    0,    0,    0,    0,    0,    0,    0,    0,    0,    0,    0,    0,    0,    0,    0,    0,    0,    0,    0,    0,    0,    0,    0,    0,    0,    0,    0,    0,    0,    0,    0,    0,    0,    0,    0,    0,    0,    0,    0,    0,    0,    0,    0,    0,    0,    0,
       0,    0,  -18,   -9,    0,    0,  -12,  -17,    0,    0,    0,    0,    0,    0,    0,    0,    0,    0,    0,  -12,    0,    0,   -9,   -9,    0,  -18,    0,  -18,   -3,  -21,  -21,  -27,    0,  -30,    0,  -32,    0,    0,    0,    0,    0,    0,    0,    0,    0,    0,    0,    0,   -8,    0,   -1,  -15,    0,    6,  -12,  -12,    0,  -21,    0,    0,    0,  -18,   -3,    0,    0,    0,    0,    0,    0,    0,    0,    0,    0,    0,    0,    0,    0,    0,    0,    0,    0,    0,    0,    0,    0,    0,    0,    0,    0,    0,    0,    0,    0,    0,    0,    0,    0,    0,    0,    0,    0,    0,    0,    0,    0,    0,    0,    0,    0,    0,    0,    0,    0,    0,    0,    0,    0,    0,    0,    0,    0,    0,    0,    0,    0,    0,    0,    0,    0,    0,    0,    0,    0,    0,    0,    0,    0,
       0,    0,    0,    0,    0,    0,    0,    0,    0,    0,    0,    0,    0,    0,    0,    0,    0,    0,    0,    0,   40,    0,    0,    0,    0,    0,    0,    0,    0,    0,    0,    0,    0,    0,    0,    0,    0,   47,    0,    0,    0,    0,    0,    0,   20,    0,    0,    0,    0,    0,    0,    0,    0,    0,    0,    0,    0,    0,    0,    0,   47,    0,    0,    0,    0,    0,    0,    0,    0,    0,    0,    0,    0,    0,    0,    0,    0,    0,    0,    0,    0,    0,    0,    0,    0,    0,    0,    0,    0,    0,    0,    0,    0,    0,    0,    0,    0,    0,    0,    0,    0,    0,    0,    0,    0,    0,    0,    0,    0,    0,    0,    0,    0,    0,    0,    0,    0,    0,    0,    0,    0,    0,    0,    0,    0,    0,    0,    0,    0,    0,    0,    0,    0,    0,    0,    0,    0,
       0,    0,    0,    0,   -1,    0,    0,    0,    0,    0,    0,    0,    0,    0,    0,    0,    0,    0,    0,   -9,    0,   -6,    0,    0,   -3,    0,    0,    0,    0,    0,   -9,    0,    0,  -18,    0,    0,    0,    0,    0,    0,    6,    0,    0,   -6,    0,   -5,    0,    0,    0,    0,    0,    0,    0,    0,    0,   -9,    0,   -9,    0,    0,    0,    0,    0,    0,    0,    0,    0,    0,    0,    0,    0,    0,    0,    0,    0,    0,    0,    0,    0,    0,    0,    0,    0,    0,    0,    0,    0,    0,    0,    0,    0,    0,    0,    0,    0,    0,    0,    0,    0,    0,    0,    0,    0,    0,    0,    0,    0,    0,    0,    0,    0,    0,    0,    0,    0,    0,    0,    0,    0,    0,    0,    0,    0,    0,    0,    0,    0,    0,    0,    0,    0,    0,    0,    0,    0,    0,    0,
       0,    0,    0,    0,    0,  -36,    0,    0,    0,    0,    0,    0,    0,    0,    0,    0,    0,    0,    0,    0,    0,   -6,    0,  -18,    0,  -12,   -3,  -18,   -1,    0,  -30,    0,    0,  -24,    0,    0,  -12,    0,    0,    0,    0,    0,    0,    0,    0,   -6,    0,    0,    0,    0,    0,    0,    0,    0,    0,    0,    0,  -30,    0,  -12,    0,  -12,   -1,    0,    0,    0,    0,    0,    0,    0,    0,    0,    0,    0,    0,    0,    0,    0,    0,    0,    0,    0,    0,    0,    0,    0,    0,    0,    0,    0,    0,    0,    0,    0,    0,    0,    0,    0,    0,    0,    0,    0,    0,    0,    0,    0,    0,    0,    0,    0,    0,    0,    0,    0,    0,    0,    0,    0,    0,    0,    0,    0,    0,    0,    0,    0,    0,    0,    0,  -36,    0,    0,    0,    0,    0,    0,    0,
       0,    0,    0,    0,    0,    0,    0,    0,    0,    0,    0,    0,    0,    0,    0,    0,    0,    0,    0,    0,    0,    0,    0,    0,    0,    0,    0,    0,    0,    0,    0,    0,    0,    0,    0,    0,    0,    0,    0,    0,    0,    0,    0,    0,    0,    0,    0,    0,    0,    0,    0,    0,    0,    0,    0,    0,    0,    0,    0,    0,    0,    0,    0,    0,    0,    0,   30,    0,    0,    0,    0,    0,    0,    0,    0,    0,    0,    0,    0,    0,    0,    0,    0,    0,    0,    0,    0,    0,    0,    0,    0,    0,    0,    0,    0,    0,    0,    0,    0,    0,    0,    0,    0,    0,    0,    0,    0,    0,    0,    0,    0,    0,    0,    0,    0,    0,    0,    0,    0,    0,    0,    0,    0,    0,    0,    0,    0,    0,    0,    0,    0,    0,    0,    0,    0,    0,    0,
       0,    0,    0,    0,    0,    0,    0,    0,    0,    0,    0,    0,    0,    0,    0,    0,    0,    0,    0,    0,    0,    0,    0,    0,    0,    0,    0,    0,    0,    0,    0,    0,    0,    0,    0,    0,    0,    0,    0,    0,    0,    0,    0,    0,    0,    0,    0,    0,    0,    0,    0,    0,    0,    0,    0,    0,    0,    0,    0,    0,    0,    0,    0,  -30,    0,    0,    0,    0,  -12,    0,    0,    0,    0,    0,  -18,    0,    0,    0,    0,    0,    0,    0,    0,    0,  -12,  -12,  -12,    0,    0,    0,    0,    0,    0,    0,  -12,    0,  -24,  -36,  -30,  -12,    0,    0,    0,    0,    0,    0,    0,    0,    0,    0,    0,    0,    0,    0,    0,    0,    0,    0,    0,    0,    0,    0,    0,    0,    0,    0,    0,    0,    0,    0,    0,    0,    0,    0,    0,    0,    0,
       0,    0,    0,    0,    0,    0,    0,    0,    0,    0,    0,    0,    0,    0,    0,    0,    0,    0,    0,    0,    0,    0,    0,    0,    0,    0,    0,    0,    0,    0,    0,    0,    0,    0,    0,    0,    0,    0,    0,    0,    0,    0,    0,    0,    0,    0,    0,    0,    0,    0,    0,    0,    0,    0,    0,    0,    0,    0,    0,    0,    0,    0,    0,   12,  -12,    0,    0,  -15,    0,  -42,  -15,    0,    0,  -21,    0,    0,  -24,  -12,  -18,  -24,  -24,   -6,   -6,  -18,   -6,   -5,  -18,  -24,    0,  -12,    0,    0,    0,    0,    0,    0,    0,    6,    0,    0,    0,    0,    0,    0,    0,    0,    0,    0,    0,    0,    0,    0,    0,    0,    0,    0,    0,    0,    0,    0,    0,    0,    0,    0,    0,    0,    0,    0,    0,    0,    0,    0,    0,    0,    0,    0,    0,
       0,    0,    0,    0,    0,    0,    0,    0,    0,    0,    0,    0,    0,    0,    0,    0,    0,    0,    0,    0,    0,    0,    0,    0,    0,    0,    0,    0,    0,    0,    0,    0,    0,    0,    0,    0,    0,    0,    0,    0,    0,    0,    0,    0,    0,    0,    0,    0,    0,    0,    0,    0,    0,    0,    0,    0,    0,    0,    0,    0,    0,    0,    0,    0,  -12,    0,    0,    0,    0,    0,    0,    0,    0,  -18,    0,    0,    0,    0,    0,    0,    0,    0,    0,    0,    0,    0,  -12,    0,    0,    0,    0,    0,  -12,    0,    0,    0,    0,    0,    0,    0,  -12,    0,    0,    0,    0,    0,    0,    0,    0,    0,    0,    0,    0,    0,    0,    0,    0,    0,    0,    0,    0,    0,    0,    0,    0,    0,    0,    0,    0,    0,    0,    0,    0,    0,    0,    0,    0,
       0,    0,    0,    0,    0,    0,    0,    0,    0,    0,    0,    0,    0,    0,    0,    0,    0,    0,    0,    0,    0,    0,    0,    0,    0,    0,    0,    0,    0,    0,    0,    0,    0,    0,    0,    0,    0,    0,    0,    0,    0,    0,    0,    0,    0,    0,    0,    0,    0,    0,    0,    0,    0,    0,    0,    0,    0,    0,    0,    0,    0,    0,    0,    0,    0,    0,    0,    0,    0,    0,    0,    0,    0,   -6,    0,    0,    0,    0,    0,    0,    0,    0,    0,    0,    0,    0,    0,    0,    0,    0,    0,    0,    0,    0,    0,    0,    0,    0,    0,    0,    0,    0,    0,    0,    0,    0,    0,    0,    0,    0,    0,    0,    0,    0,    0,    0,    0,    0,    0,    0,    0,    0,    0,    0,    0,    0,    0,    0,    0,    0,    0,    0,    0,    0,    0,    0,    0,
       0,    0,    0,    0,    0,    0,    0,    0,    0,    0,    0,    0,    0,    0,    0,    0,    0,    0,    0,    0,    0,    0,    0,    0,    0,    0,    0,    0,    0,    0,    0,    0,    0,    0,    0,    0,    0,    0,    0,    0,    0,    0,    0,    0,    0,    0,    0,    0,    0,    0,    0,    0,    0,    0,    0,    0,    0,    0,    0,    0,    0,    0,    0,  -36,    0,    0,    0,    0,  -12,    0,    0,    0,    0,    0,  -18,    0,    0,    0,    0,    0,    0,  -12,    0,    0,  -12,  -12,    0,  -12,    0,    0,    0,    0,    0,    0,    0,    0,    0,  -18,    0,    0,    0,    0,    0,    0,    0,    0,    0,    0,    0,    0,    0,    0,    0,    0,    0,    0,    0,    0,    0,    0,    0,    0,    0,    0,    0,    0,    0,    0,    0,    0,    0,    0,    0,    0,    0,    0,    0,
       0,    0,    0,    0,    0,    0,    0,    0,    0,    0,    0,    0,    0,    0,    0,    0,    0,    0,    0,    0,    0,    0,    0,    0,    0,    0,    0,    0,    0,    0,    0,    0,    0,    0,    0,    0,    0,    0,    0,    0,    0,    0,    0,    0,    0,    0,    0,    0,    0,    0,    0,    0,    0,    0,    0,    0,    0,    0,    0,    0,    0,    0,    0,    0,  -12,    0,    0,    0,    0,    0,    0,    0,    0,  -24,   -6,    0,   -6,  -12,    0,    0,  -12,    0,    0,    0,   -6,   -6,  -12,    0,    0,    0,    0,    0,  -12,    0,    0,    0,    0,    0,    0,    0,  -30,    0,    0,    0,    0,    0,    0,    0,    0,    0,    0,    0,    0,    0,    0,    0,    0,    0,    0,    0,    0,    0,    0,    0,    0,    0,    0,    0,    0,    0,    0,    0,    0,    0,    0,    0,    0,
       0,    0,    0,    0,    0,    0,    0,    0,    0,    0,    0,    0,    0,    0,    0,    0,    0,    0,    0,    0,    0,    0,    0,    0,    0,    0,    0,    0,    0,    0,    0,    0,    0,    0,    0,    0,    0,    0,    0,    0,    0,    0,    0,    0,    0,    0,    0,    0,    0,    0,    0,    0,    0,    0,    0,    0,    0,    0,    0,    0,    0,    0,    0,    0,  -24,  -12,    0,  -47,    0,  -72,  -64,    0,    0,  -18,    0,  -22,  -30,  -24,   -6,  -56,  -43,  -18,  -12,  -30,    0,    0,  -12,  -30,   30,  -18,    0,    0,   -6,    0,    0,    0,    0,    0,    0,    0,  -12,  -18,  -30,    0,    0,    0,    0,    0,    0,    0,    0,    0,    0,    0,    0,    0,    0,    0,    0,    0,    0,    0,    0,    0,    0,    0,    0,    0,    0,    0,    0,    0,    0,    0,    0,    0,    0,
       0,    0,    0,    0,    0,    0,    0,    0,    0,    0,    0,    0,    0,    0,    0,    0,    0,    0,    0,    0,    0,    0,    0,    0,    0,    0,    0,    0,    0,    0,    0,    0,    0,    0,    0,    0,    0,    0,    0,    0,    0,    0,    0,    0,    0,    0,    0,    0,    0,    0,    0,    0,    0,    0,    0,    0,    0,    0,    0,    0,    0,    0,    0,  -42,  -12,    0,   30,    0,  -11,    0,    0,    0,    0,  -21,  -36,    0,    0,    0,    0,    0,   -6,    0,    0,    0,  -18,  -12,  -18,    0,    0,    0,    0,    0,    0,    0,  -12,    0,  -24,  -30,  -36,    0,  -30,    0,    0,    0,   -6,    0,    0,    0,    0,    0,    0,    0,    0,    0,    0,    0,    0,    0,    0,    0,    0,    0,    0,    0,    0,    0,    0,    0,    0,    0,    0,    0,    0,    0,    0,    0,    0,
       0,    0,    0,    0,    0,    0,    0,    0,    0,    0,    0,    0,    0,    0,    0,    0,    0,    0,    0,    0,    0,    0,    0,    0,    0,    0,    0,    0,    0,    0,    0,    0,    0,    0,    0,    0,    0,    0,    0,    0,    0,    0,    0,    0,    0,    0,    0,    0,    0,    0,    0,    0,    0,    0,    0,    0,    0,    0,    0,    0,    0,    0,    0,    0,    0,    0,    0,    0,    0,    0,    0,    0,    0,    0,    0,    0,    0,    0,    0,    0,    0,   -6,    0,    0,    0,   -6,    0,    0,    0,    0,    0,    0,    0,    0,    0,    0,    0,    0,    0,    0,    0,    0,    0,    0,    0,    0,    0,    0,    0,    0,    0,    0,    0,    0,    0,    0,    0,    0,    0,    0,    0,    0,    0,    0,    0,    0,    0,    0,    0,    0,    0,    0,    0,    0,    0,    0,    0,
       0,    0,    0,    0,    0,    0,    0,    0,    0,    0,    0,    0,    0,    0,    0,    0,    0,    0,    0,    0,    0,    0,    0,    0,    0,    0,    0,    0,    0,    0,    0,    0,    0,    0,    0,    0,    0,    0,    0,    0,    0,    0,    0,    0,    0,    0,    0,    0,    0,    0,    0,    0,    0,    0,    0,    0,    0,    0,    0,    0,    0,    0,    0,    0,    0,    0,    0,    0,    0,    0,    0,    0,    0,    0,    0,    0,    0,    0,    0,    0,    0,   -6,    0,    0,    0,    0,   -9,   -6,    0,    0,    0,    0,    0,    0,    0,    0,    0,    0,    0,    0,    0,    0,    0,    0,    0,    0,    0,    0,    0,    0,    0,    0,    0,    0,    0,    0,    0,    0,    0,    0,    0,    0,    0,    0,    0,    0,    0,    0,    0,    0,    0,    0,    0,    0,    0,    0,    0,
       0,    0,    0,    0,    0,    0,    0,    0,    0,    0,    0,    0,    0,    0,    0,    0,    0,    0,    0,    0,    0,    0,    0,    0,    0,    0,    0,    0,    0,    0,    0,    0,    0,    0,    0,    0,    0,    0,    0,    0,    0,    0,    0,    0,    0,    0,    0,    0,    0,    0,    0,    0,    0,    0,    0,    0,    0,    0,    0,    0,    0,    0,    0,    0,    0,    0,   54,   18,    0,    0,   24,    0,    0,   -6,  -15,    0,    0,    0,    0,   18,    0,    0,    0,   18,   -6,   18,  -12,    0,    0,    0,    0,   42,    0,    0,    0,    0,    0,    0,    0,    0,    0,    0,    0,    0,    0,    0,    0,    0,    0,    0,    0,    0,    0,    0,    0,    0,    0,    0,    0,    0,    0,    0,    0,    0,    0,    0,    0,    0,    0,    0,    0,    0,    0,    0,    0,    0,    0,
       0,    0,    0,    0,    0,    0,    0,    0,    0,    0,    0,    0,    0,    0,    0,    0,    0,    0,    0,    0,    0,    0,    0,    0,    0,    0,    0,    0,    0,    0,    0,    0,    0,    0,    0,    0,    0,    0,    0,    0,    0,    0,    0,    0,    0,    0,    0,    0,    0,    0,    0,    0,    0,    0,    0,    0,    0,    0,    0,    0,    0,    0,    0,  -12,    0,    0,    0,   -6,  -24,  -12,   -6,  -12,   -6,    0,    0,    0,    0,    0,    0,   -6,    0,   -9,    0,   -6,    0,    0,    0,   -6,    0,    0,    0,    0,    0,    0,    0,    0,   -6,   -6,   -6,    0,    0,    0,  -12,    0,    0,    0,    0,    0,    0,    0,    0,    0,    0,    0,    0,    0,    0,    0,    0,    0,    0,    0,    0,    0,    0,    0,    0,    0,    0,    0,    0,    0,    0,    0,    0,    0,    0,
       0,    0,    0,    0,    0,    0,    0,    0,    0,    0,    0,    0,    0,    0,    0,    0,    0,    0,    0,    0,    0,    0,    0,    0,    0,    0,    0,    0,    0,    0,    0,    0,    0,    0,    0,    0,    0,    0,    0,    0,    0,    0,    0,    0,    0,    0,    0,    0,    0,    0,    0,    0,    0,    0,    0,    0,    0,    0,    0,    0,    0,    0,    0,    0,    0,    0,    0,  -36,  -12,  -30,  -36,  -12,    0,   -6,    0,    0,  -15,    0,    0,  -30,   -6,    0,    0,  -24,    0,    0,    0,   -6,    0,    0,    0,    0,    0,    0,    0,    0,    0,    0,    0,    0,    0,    0,  -36,    0,    0,    0,    0,    0,    0,    0,    0,    0,    0,    0,    0,    0,    0,    0,    0,    0,    0,    0,    0,    0,    0,    0,    0,    0,    0,    0,    0,    0,    0,    0,    0,    0,    0,
       0,    0,    0,    0,    0,    0,    0,    0,    0,    0,    0,    0,    0,    0,    0,    0,    0,    0,    0,    0,    0,    0,    0,    0,    0,    0,    0,    0,    0,    0,    0,    0,    0,    0,    0,    0,    0,    0,    0,    0,    0,    0,    0,    0,    0,    0,    0,    0,    0,    0,    0,    0,    0,    0,    0,    0,    0,    0,    0,    0,    0,    0,    0,  -21,    0,   -6,    0,  -11,  -18,  -21,  -18,  -24,  -18,    0,    0,   -6,    0,    0,    0,  -15,    0,   -9,    0,   -9,    0,    0,    0,   -6,    0,    0,    0,    0,    0,    0,    0,    0,    0,  -12,    0,    0,    0,    0,    0,    0,    0,    0,    0,    0,    0,    0,    0,    0,    0,    0,    0,    0,    0,    0,    0,    0,    0,    0,    0,    0,    0,    0,    0,    0,    0,    0,    0,    0,    0,    0,    0,    0,    0,
       0,    0,    0,    0,    0,    0,    0,    0,    0,    0,    0,    0,    0,    0,    0,    0,    0,    0,    0,    0,    0,    0,    0,    0,    0,    0,    0,    0,    0,    0,    0,    0,    0,    0,    0,    0,    0,    0,    0,    0,    0,    0,    0,    0,    0,    0,    0,    0,    0,    0,    0,    0,    0,    0,    0,    0,    0,    0,    0,    0,    0,    0,    0,  -24,    0,    0,    0,    0,  -20,    0,    0,    0,    0,    0,    0,    0,    0,    0,    0,    0,    0,  -12,    0,    0,   -6,   -6,    0,    0,    0,    0,    0,    0,    0,    0,    0,    0,    0,    0,    0,    0,    0,    0,    0,    0,    0,    0,    0,    0,    0,    0,    0,    0,    0,    0,    0,    0,    0,    0,    0,    0,    0,    0,    0,    0,    0,    0,    0,    0,    0,    0,    0,    0,    0,    0,    0,    0,    0,
       0,    0,    0,    0,    0,    0,    0,    0,    0,    0,    0,    0,    0,    0,    0,    0,    0,    0,    0,    0,    0,    0,    0,    0,    0,    0,    0,    0,    0,    0,    0,    0,    0,    0,    0,    0,    0,    0,    0,    0,    0,    0,    0,    0,    0,    0,    0,    0,    0,    0,    0,    0,    0,    0,    0,    0,    0,    0,    0,    0,    0,    0,    0,  -36,    0,    0,    0,    0,  -22,   -6,    0,  -18,    0,    0,    0,  -12,    0,    0,    0,   -6,    0,  -12,    0,    0,   -6,  -18,   -6,   -6,    0,    0,    0,    0,    0,    0,    0,    0,    0,    0,    0,    0,    0,    0,    0,    0,    0,    0,    0,    0,    0,    0,    0,    0,    0,    0,    0,    0,    0,    0,    0,    0,    0,    0,    0,    0,    0,    0,    0,    0,    0,    0,    0,    0,    0,    0,    0,    0,    0,
       0,    0,    0,    0,    0,    0,    0,    0,    0,    0,    0,    0,    0,    0,    0,    0,    0,    0,    0,    0,    0,    0,    0,    0,    0,    0,    0,    0,    0,    0,    0,    0,    0,    0,    0,    0,    0,    0,    0,    0,    0,    0,    0,    0,    0,    0,    0,    0,    0,    0,    0,    0,    0,    0,    0,    0,    0,    0,    0,    0,    0,    0,    0,  -18,    0,    0,    0,    0,   -6,    0,    0,   -6,    0,    0,    0,   -6,    0,    0,    0,    0,    0,  -12,    0,    0,   -6,   -6,    0,    0,    0,    0,    0,    0,    0,    0,    0,    0,    0,    0,    0,    0,    0,    0,    0,    0,    0,    0,    0,    0,    0,    0,    0,    0,    0,    0,    0,    0,    0,    0,    0,    0,    0,    0,    0,    0,    0,    0,    0,    0,    0,    0,    0,    0,    0,    0,    0,    0,    0,
       0,    0,    0,    0,    0,    0,    0,    0,    0,    0,    0,    0,    0,    0,    0,    0,    0,    0,    0,    0,    0,    0,    0,    0,    0,    0,    0,    0,    0,    0,    0,    0,    0,    0,    0,    0,    0,    0,    0,    0,    0,    0,    0,    0,    0,    0,    0,    0,    0,    0,    0,    0,    0,    0,    0,    0,    0,    0,    0,    0,    0,    0,    0,    0,    0,    0,    0,  -12,    0,  -18,  -18,   -6,    0,    0,    0,    0,    0,    0,    0,  -24,   -6,    0,    0,  -18,    0,    0,    0,    0,    0,    0,    0,    0,    0,    0,    0,    0,    0,    0,    0,    0,    0,    0,    0,    0,    0,    0,    0,    0,    0,    0,    0,    0,    0,    0,    0,    0,    0,    0,    0,    0,    0,    0,    0,    0,    0,    0,    0,    0,    0,    0,    0,    0,    0,    0,    0,    0,    0,
       0,    0,    0,    0,    0,    0,    0,    0,    0,    0,    0,    0,    0,    0,    0,    0,    0,    0,    0,    0,    0,    0,    0,    0,    0,    0,    0,    0,    0,    0,    0,    0,    0,    0,    0,    0,    0,    0,    0,    0,    0,    0,    0,    0,    0,    0,    0,    0,    0,    0,    0,    0,    0,    0,    0,    0,    0,    0,    0,    0,    0,    0,    0,  -18,    0,    0,   60,   12,    0,    0,   18,    0,    0,    0,   -9,    0,    0,    0,    0,   12,    0,    0,    0,   15,   -9,    0,  -18,    0,    0,    0,    0,   36,    0,    0,    0,    0,    0,    0,    0,    0,    0,    0,    0,    0,    0,    0,    0,    0,    0,    0,    0,    0,    0,    0,    0,    0,    0,    0,    0,    0,    0,    0,    0,    0,    0,    0,    0,    0,    0,    0,    0,    0,    0,    0,    0,    0,    0,
       0,    0,    0,    0,    0,    0,    0,    0,    0,    0,    0,    0,    0,    0,    0,    0,    0,    0,    0,    0,    0,    0,    0,    0,    0,    0,    0,    0,    0,    0,    0,    0,    0,    0,    0,    0,    0,    0,    0,    0,    0,    0,    0,    0,    0,    0,    0,    0,    0,    0,    0,    0,    0,    0,    0,    0,    0,    0,    0,    0,    0,    0,    0,  -24,    0,    0,    0,    0,  -22,   -6,    0,  -12,    0,    0,    0,  -12,    0,    0,    0,   -6,    0,  -12,    0,    0,   -6,  -18,   -6,   -6,    0,    0,    0,    0,    0,    0,    0,    0,    0,    0,    0,    0,    0,    0,    0,    0,    0,    0,    0,    0,    0,    0,    0,    0,    0,    0,    0,    0,    0,    0,    0,    0,    0,    0,    0,    0,    0,    0,    0,    0,    0,    0,    0,    0,    0,    0,    0,    0,    0,
       0,    0,    0,    0,    0,    0,    0,    0,    0,    0,    0,    0,    0,    0,    0,    0,    0,    0,    0,    0,    0,    0,    0,    0,    0,    0,    0,    0,    0,    0,    0,    0,    0,    0,    0,    0,    0,    0,    0,    0,    0,    0,    0,    0,    0,    0,    0,    0,    0,    0,    0,    0,    0,    0,    0,    0,    0,    0,    0,    0,    0,    0,    0,   -6,   -9,    0,    0,    0,   -6,    0,    0,    0,    0,   -9,   -6,    0,  -12,    0,    0,    0,  -12,    0,    0,    0,    0,    0,  -12,   -6,    0,    0,    0,    0,    0,    0,    0,    0,    0,    0,    0,    0,    0,  -12,    0,    0,    0,    0,    0,    0,    0,    0,    0,    0,    0,    0,    0,    0,    0,    0,    0,    0,    0,    0,    0,    0,    0,    0,    0,    0,    0,    0,    0,    0,    0,    0,    0,    0,    0,
       0,    0,    0,    0,    0,    0,    0,    0,    0,    0,    0,    0,    0,    0,    0,    0,    0,    0,    0,    0,    0,    0,    0,    0,    0,    0,    0,    0,    0,    0,    0,    0,    0,    0,    0,    0,    0,    0,    0,    0,    0,    0,    0,    0,    0,    0,    0,    0,    0,    0,    0,    0,    0,    0,    0,    0,    0,    0,    0,    0,    0,    0,    0,  -18,    0,    0,    0,    0,    0,    0,    0,    0,    0,    0,    0,    0,    0,    0,    0,    0,    0,    0,    0,    0,    0,    0,    0,    0,   -1,    0,    0,    0,    0,    0,    0,    0,    0,    0,    0,    0,    0,    0,    0,    0,    0,    0,    0,    0,    0,    0,    0,    0,    0,    0,    0,    0,    0,    0,    0,    0,    0,    0,    0,    0,    0,    0,    0,    0,    0,    0,    0,    0,    0,    0,    0,    0,    0,
       0,    0,    0,    0,    0,    0,    0,    0,    0,    0,    0,    0,    0,    0,    0,    0,    0,    0,    0,    0,    0,    0,    0,    0,    0,    0,    0,    0,    0,    0,    0,    0,    0,    0,    0,    0,    0,    0,    0,    0,    0,    0,    0,    0,    0,    0,    0,    0,    0,    0,    0,    0,    0,    0,    0,    0,    0,    0,    0,    0,    0,    0,    0,  -12,    0,    0,    0,    0,    0,    0,    0,    0,    0,    0,    0,    0,    0,    0,    0,    0,   -6,    0,    0,    0,    0,    0,    0,   -6,    0,    0,    0,    0,    0,    0,    0,    0,    0,    0,    0,    0,    0,    0,    0,    0,    0,    0,    0,    0,    0,    0,    0,    0,    0,    0,    0,    0,    0,    0,    0,    0,    0,    0,    0,    0,    0,    0,    0,    0,    0,    0,    0,    0,    0,    0,    0,    0,    0,
       0,    0,    0,    0,    0,    0,    0,    0,    0,    0,    0,    0,    0,    0,    0,    0,    0,    0,    0,    0,    0,    0,    0,    0,    0,    0,    0,    0,    0,    0,    0,    0,    0,    0,    0,    0,    0,    0,    0,    0,    0,    0,    0,    0,    0,    0,    0,    0,    0,    0,    0,    0,    0,    0,    0,    0,    0,    0,    0,    0,    0,    0,    0,    0,    0,    0,    0,  -12,    0,  -12,  -18,   -6,    0,    0,    0,    0,   -6,    0,    0,  -30,  -18,    0,    0,  -30,    0,    0,    0,  -18,    0,    0,    0,    0,    0,    0,    0,    0,    0,    0,    0,    0,    0,    0,    0,    0,    0,    0,    0,    0,    0,    0,    0,    0,    0,    0,    0,    0,    0,    0,    0,    0,    0,    0,    0,    0,    0,    0,    0,    0,    0,    0,    0,    0,    0,    0,    0,    0,    0,
       0,    0,    0,    0,    0,    0,    0,    0,    0,    0,    0,    0,    0,    0,    0,    0,    0,    0,    0,    0,    0,    0,    0,    0,    0,    0,    0,    0,    0,    0,    0,    0,    0,    0,    0,    0,    0,    0,    0,    0,    0,    0,    0,    0,    0,    0,    0,    0,    0,    0,    0,    0,    0,    0,    0,    0,    0,    0,    0,    0,    0,    0,    0,  -36,    0,    0,    0,    0,  -12,   -6,    0,   -6,    0,   -6,  -42,  -12,    0,    0,    0,    0,    0,  -12,    0,    0,  -36,  -27,  -24,  -12,    0,    0,    0,    0,    0,  -12,    0,    0,    0,    0,    0,  -18,    0,  -12,    0,    0,    0,    0,    0,    0,    0,    0,    0,    0,    0,    0,    0,    0,    0,    0,    0,    0,    0,    0,    0,    0,    0,    0,    0,    0,    0,    0,    0,    0,    0,    0,    0,    0,    0,
       0,    0,    0,    0,    0,    0,    0,    0,    0,    0,    0,    0,    0,    0,    0,    0,    0,    0,    0,    0,    0,    0,    0,    0,    0,    0,    0,    0,    0,    0,    0,    0,    0,    0,    0,    0,    0,    0,    0,    0,    0,    0,    0,    0,    0,    0,    0,    0,    0,    0,    0,    0,    0,    0,    0,    0,    0,    0,    0,    0,    0,    0,    0,  -24,    0,    0,   48,    0,    0,    0,    0,    0,    0,    0,    0,    0,    0,    0,    0,    0,    0,    0,    0,    0,  -18,  -30,    0,    0,    0,    0,    0,   12,    0,    0,    0,    0,    0,    0,    0,    0,    0,    0,    0,    0,    0,    0,    0,    0,    0,    0,    0,    0,    0,    0,    0,    0,    0,    0,    0,    0,    0,    0,    0,    0,    0,    0,    0,    0,    0,    0,    0,    0,    0,    0,    0,    0,    0,
       0,    0,    0,    0,    0,    0,    0,    0,    0,    0,    0,    0,    0,    0,    0,    0,    0,    0,    0,    0,    0,    0,    0,    0,    0,    0,    0,    0,    0,    0,    0,    0,    0,    0,    0,    0,    0,    0,    0,    0,    0,    0,    0,    0,    0,    0,    0,    0,    0,    0,    0,    0,    0,    0,    0,    0,    0,    0,    0,    0,    0,    0,    0,    0,    0,    0,    0,  -12,   14,  -18,  -18,   -6,    0,    0,    0,    0,    0,    0,    0,  -24,   -6,    0,    0,  -18,    0,    0,    0,    0,   14,    0,   14,    0,    0,    0,    0,    0,    0,    0,    0,    0,    0,    0,    0,    0,    0,    0,    0,    0,    0,    0,    0,    0,    0,    0,    0,    0,    0,    0,    0,    0,    0,    0,    0,    0,    0,    0,    0,    0,    0,    0,    0,    0,    0,    0,    0,    0,    0,
       0,    0,    0,    0,    0,    0,    0,    0,    0,    0,    0,    0,    0,    0,    0,    0,    0,    0,    0,    0,    0,    0,    0,    0,    0,    0,    0,    0,    0,    0,    0,    0,    0,    0,    0,    0,    0,    0,    0,    0,    0,    0,    0,    0,    0,    0,    0,    0,    0,    0,    0,    0,    0,    0,    0,    0,    0,    0,    0,    0,    0,    0,    0,  -12,    0,    0,    0,    0,  -18,    0,    0,    0,    0,    0,    0,   -6,    0,    0,    0,    0,    0,    0,    0,    0,    0,    0,    0,  -12,    0,    0,    0,    0,    0,    0,    0,    0,    0,    0,    0,    0,    0,    0,    0,    0,    0,    0,    0,    0,    0,    0,    0,    0,    0,    0,    0,    0,    0,    0,    0,    0,    0,    0,    0,    0,    0,    0,    0,    0,    0,    0,    0,    0,    0,    0,    0,    0,    0,
       0,    0,    0,    0,    0,    0,    0,    0,    0,    0,    0,    0,    0,    0,    0,    0,    0,    0,    0,    0,    0,    0,    0,    0,    0,    0,    0,    0,    0,    0,    0,    0,    0,    0,    0,    0,    0,    0,    0,    0,    0,    0,    0,    0,    0,    0,    0,    0,    0,    0,    0,    0,    0,    0,    0,    0,    0,    0,    0,    0,    0,    0,    0,   12,    0,    0,    0,    0,    0,    0,    0,    0,    0,    0,    0,    0,    0,    0,    0,    0,    0,    0,    0,    0,    0,    0,    0,    0,   25,    0,   10,    0,    0,    0,    0,    0,    0,    0,    0,    0,    0,    0,    0,    0,    0,    0,    0,    0,    0,    0,    0,    0,    0,    0,    0,    0,    0,    0,    0,    0,    0,    0,    0,    0,    0,    0,    0,    0,    0,    0,    0,    0,    0,    0,    0,    0,    0,
       0,    0,    0,    0,    0,    0,    0,    0,    0,    0,    0,    0,    0,    0,    0,    0,    0,    0,    0,    0,    0,    0,    0,    0,    0,    0,    0,    0,    0,    0,    0,    0,    0,    0,    0,    0,    0,    0,    0,    0,    0,    0,    0,    0,    0,    0,    0,    0,    0,    0,    0,    0,    0,    0,    0,    0,    0,    0,    0,    0,    0,    0,    0,    0,    0,    0,   18,    0,    0,    0,    0,    0,    0,    0,    0,    0,    0,    0,    0,    0,    0,    0,    0,    0,    0,    0,    0,    0,    0,    0,    0,   12,    0,    0,    0,    0,    0,    0,    0,    0,    0,    0,    0,    0,    0,    0,    0,    0,    0,    0,    0,    0,    0,    0,    0,    0,    0,    0,    0,    0,    0,    0,    0,    0,    0,    0,    0,    0,    0,    0,    0,    0,    0,    0,    0,    0,    0,
       0,    0,    0,    0,    0,    0,    0,    0,    0,    0,    0,    0,    0,    0,    0,    0,    0,    0,    0,    0,    0,    0,    0,    0,    0,    0,    0,    0,    0,    0,    0,    0,    0,    0,    0,    0,    0,    0,    0,    0,    0,    0,    0,    0,    0,    0,    0,    0,    0,    0,    0,    0,    0,    0,    0,    0,    0,    0,    0,    0,    0,    0,    0,  -24,    0,    0,   24,    0,    0,    0,    0,    0,    0,    0,    0,    0,    0,    0,    0,    0,    0,    0,    0,    0,  -18,  -30,    0,    0,    0,    0,    0,    0,    0,    0,    0,    0,    0,    0,    0,    0,    0,    0,    0,    0,    0,    0,    0,    0,    0,    0,    0,    0,    0,    0,    0,    0,    0,    0,    0,    0,    0,    0,    0,    0,    0,    0,    0,    0,    0,    0,    0,    0,    0,    0,    0,    0,    0,
       0,    0,    0,    0,    0,    0,    0,    0,    0,    0,    0,    0,    0,    0,    0,    0,    0,    0,    0,    0,    0,    0,    0,    0,    0,    0,    0,    0,    0,    0,    0,    0,    0,    0,    0,    0,    0,    0,    0,    0,    0,    0,    0,    0,    0,    0,    0,    0,    0,    0,    0,    0,    0,    0,    0,    0,    0,    0,    0,    0,    0,    0,    0,    0,    0,    0,    0,    0,    0,    0,    0,    0,    0,    0,    0,    0,    0,    0,    0,  -12,    0,    0,    0,    0,    0,    0,    0,    0,    0,    0,    0,    0,    0,    0,    0,    0,    0,    0,    0,    0,    0,    0,    0,    0,    0,    0,    0,    0,    0,    0,    0,    0,    0,    0,    0,    0,    0,    0,    0,    0,    0,    0,    0,    0,    0,    0,    0,    0,    0,    0,    0,    0,    0,    0,    0,    0,    0,
       0,    0,    0,    0,    0,    0,    0,    0,    0,    0,    0,    0,    0,    0,    0,    0,    0,    0,    0,    0,    0,    0,    0,    0,    0,    0,    0,    0,    0,    0,    0,    0,    0,    0,    0,    0,    0,    0,    0,    0,    0,    0,    0,    0,    0,    0,    0,    0,    0,    0,    0,    0,    0,    0,    0,    0,    0,    0,    0,    0,    0,    0,    0,  -24,    0,    0,    0,    0,    0,    0,    0,    0,    0,    0,  -24,    0,    0,    0,    0,    0,    0,    0,    0,    0,  -12,    0,    0,    0,    0,    0,    0,    0,    0,    0,    0,    0,  -18,  -12,  -18,    0,    0,    0,    0,    0,    0,    0,    0,    0,    0,    0,    0,    0,    0,    0,    0,    0,    0,    0,    0,    0,    0,    0,    0,    0,    0,    0,    0,    0,    0,    0,    0,    0,    0,    0,    0,    0,    0,
       0,    0,    0,    0,    0,    0,    0,    0,    0,    0,    0,    0,    0,    0,    0,    0,    0,    0,    0,    0,    0,    0,    0,    0,    0,    0,    0,    0,    0,    0,    0,    0,    0,    0,    0,    0,    0,    0,    0,    0,    0,    0,    0,    0,    0,    0,    0,    0,    0,    0,    0,    0,    0,    0,    0,    0,    0,    0,    0,    0,    0,    0,    0,    0,    0,    0,    0,    0,    0,    0,    0,    0,    0,    0,    0,    0,  -12,    0,    0,    0,    0,    0,    0,    0,  -30,  -18,  -18,    0,    0,    0,    0,    0,    0,  -12,    0,    0,    0,    0,    0,  -12,    0,  -12,    0,    0,    0,    0,    0,    0,    0,    0,    0,    0,    0,    0,    0,    0,    0,    0,    0,    0,    0,    0,    0,    0,    0,    0,    0,    0,    0,    0,    0,    0,    0,    0,    0,    0,    0,
       0,    0,    0,    0,    0,    0,    0,    0,    0,    0,    0,    0,    0,    0,    0,    0,    0,    0,    0,    0,    0,    0,    0,    0,    0,    0,    0,    0,    0,    0,    0,    0,    0,    0,    0,    0,    0,    0,    0,    0,    0,    0,    0,    0,    0,    0,    0,    0,    0,    0,    0,    0,    0,    0,    0,    0,    0,    0,    0,    0,    0,    0,    0,    0,    0,    0,    0,    0,    0,    0,    0,    0,    0,    0,    0,    0,    0,    0,    0,    0,    0,    0,    0,    0,    0,    0,    0,    0,    0,    0,    0,    0,    0,    0,    0,    0,   -6,    0,   -6,    0,    0,    0,    0,    0,    0,    0,    0,    0,    0,    0,    0,    0,    0,    0,    0,    0,    0,    0,    0,    0,    0,    0,    0,    0,    0,    0,    0,    0,    0,    0,    0,    0,    0,    0,    0,    0,    0,
       0,    0,    0,    0,    0,    0,    0,    0,    0,    0,    0,    0,    0,    0,    0,    0,    0,    0,    0,    0,    0,    0,    0,    0,    0,    0,    0,    0,    0,    0,    0,    0,    0,    0,    0,    0,    0,    0,    0,    0,    0,    0,    0,    0,    0,    0,    0,    0,    0,    0,    0,    0,    0,    0,    0,    0,    0,    0,    0,    0,    0,    0,    0,   12,  -12,    0,    0,  -24,    0,  -42,  -30,    0,    0,  -17,    0,    0,  -42,    0,    0,  -36,    0,  -12,  -12,    0,  -24,  -24,  -30,    0,    0,    0,    0,    0,  -12,  -12,    0,  -30,    0,    0,    0,  -24,  -30,  -42,  -30,  -48,    0,    0,    0,    0,    0,    0,    0,    0,    0,    0,    0,    0,    0,    0,    0,    0,    0,    0,    0,    0,    0,    0,    0,    0,    0,    0,    0,    0,    0,    0,    0,    0,    0,
       0,    0,    0,    0,    0,    0,    0,    0,    0,    0,    0,    0,    0,    0,    0,    0,    0,    0,    0,    0,    0,    0,    0,    0,    0,    0,    0,    0,    0,    0,    0,    0,    0,    0,    0,    0,    0,    0,    0,    0,    0,    0,    0,    0,    0,    0,    0,    0,    0,    0,    0,    0,    0,    0,    0,    0,    0,    0,    0,    0,    0,    0,    0,    0,    0,    0,    0,    0,    0,  -18,    0,    0,    0,    0,    0,    0,   -6,    0,    0,  -24,   -6,    0,    0,  -18,    0,    0,    0,    0,    0,    0,    0,    0,    0,    0,    0,    0,    0,    0,    0,    0,    0,    0,    0,    0,    0,    0,    0,    0,    0,    0,    0,    0,    0,    0,    0,    0,    0,    0,    0,    0,    0,    0,    0,    0,    0,    0,    0,    0,    0,    0,    0,    0,    0,    0,    0,    0,    0,
       0,    0,    0,    0,    0,    0,    0,    0,    0,    0,    0,    0,    0,    0,    0,    0,    0,    0,    0,    0,    0,    0,    0,    0,    0,    0,    0,    0,    0,    0,    0,    0,    0,    0,    0,    0,    0,    0,    0,    0,    0,    0,    0,    0,    0,    0,    0,    0,    0,    0,    0,    0,    0,    0,    0,    0,    0,    0,    0,    0,    0,    0,    0,   12,    0,    0,    0,    0,    0,  -36,    0,    0,    0,    0,    0,    0,  -24,    0,    0,  -30,    0,  -12,  -12,    0,    0,    0,  -30,    0,   12,    0,    0,    0,  -12,    0,    0,  -18,    0,   12,    0,    0,  -12,  -18,  -24,    0,    0,    0,    0,    0,    0,    0,    0,    0,    0,    0,    0,    0,    0,    0,    0,    0,    0,    0,    0,    0,    0,    0,    0,    0,    0,    0,    0,    0,    0,    0,    0,    0,    0,
       0,    0,    0,    0,    0,    0,    0,    0,    0,    0,    0,    0,    0,    0,    0,    0,    0,    0,    0,    0,    0,    0,    0,    0,    0,    0,    0,    0,    0,    0,    0,    0,    0,    0,    0,    0,    0,    0,    0,    0,    0,    0,    0,    0,    0,    0,    0,    0,    0,    0,    0,    0,    0,    0,    0,    0,    0,    0,    0,    0,    0,    0,    0,    0,    0,    0,    0,    0,    0,    0,    0,    0,    0,    0,    0,    0,  -12,    0,    0,  -18,    0,    0,    0,    0,    0,    0,    0,    0,    0,    0,    0,    0,    0,    0,    0,    0,    0,    0,    0,    0,    0,    0,    0,    0,    0,    0,    0,    0,    0,    0,    0,    0,    0,    0,    0,    0,    0,    0,    0,    0,    0,    0,    0,    0,    0,    0,    0,    0,    0,    0,    0,    0,    0,    0,    0,    0,    0,
       0,    0,    0,    0,    0,    0,    0,    0,    0,    0,    0,    0,    0,    0,    0,    0,    0,    0,    0,    0,    0,    0,    0,    0,    0,    0,    0,    0,    0,    0,    0,    0,    0,    0,    0,    0,    0,    0,    0,    0,    0,    0,    0,    0,    0,    0,    0,    0,    0,    0,    0,    0,    0,    0,    0,    0,    0,    0,    0,    0,    0,    0,    0,    0,    0,    0,    0,    0,    0,    0,    0,    0,    0,    0,    0,    0,    0,    0,    0,    0,    0,    0,    0,    0,  -12,    0,  -30,    0,    0,    0,    0,    0,  -12,    0,    0,    0,    0,    0,    0,    0,  -30,  -12,    0,    0,    0,    0,    0,    0,    0,    0,    0,    0,    0,    0,    0,    0,    0,    0,    0,    0,    0,    0,    0,    0,    0,    0,    0,    0,    0,    0,    0,    0,    0,    0,    0,    0,    0,
       0,    0,    0,    0,    0,    0,    0,    0,    0,    0,    0,    0,    0,    0,    0,    0,    0,    0,    0,    0,    0,    0,    0,    0,    0,    0,    0,    0,    0,    0,    0,    0,    0,    0,    0,    0,    0,    0,    0,    0,    0,    0,    0,    0,    0,    0,    0,    0,    0,    0,    0,    0,    0,    0,    0,    0,    0,    0,    0,    0,    0,    0,    0,    0,    0,    0,    0,    0,    0,    0,    0,    0,    0,    0,    0,    0,   -6,    0,    0,    0,    0,    0,    0,    0,    0,    0,   -6,    0,    0,    0,    0,    0,    0,    0,    0,    0,    0,    0,    0,    0,    0,    0,    0,    0,    0,    0,    0,    0,    0,    0,    0,    0,    0,    0,    0,    0,    0,    0,    0,    0,    0,    0,    0,    0,    0,    0,    0,    0,    0,    0,    0,    0,    0,    0,    0,    0,    0,
       0,    0,    0,    0,    0,    0,    0,    0,    0,    0,    0,    0,    0,    0,    0,    0,    0,    0,    0,    0,    0,    0,    0,    0,    0,    0,    0,    0,    0,    0,    0,    0,    0,    0,    0,    0,    0,    0,    0,    0,    0,    0,    0,    0,    0,    0,    0,    0,    0,    0,    0,    0,    0,    0,    0,    0,    0,    0,    0,    0,    0,    0,    0,    0,    0,    0,    0,    0,    0,  -36,    0,    0,    0,    0,    0,    0,  -30,    0,    0,  -30,    0,    0,    0,    0,    0,    0,  -24,    0,   12,    0,    0,    0,  -12,    0,    0,  -18,    0,    0,    0,    0,    0,  -24,  -24,  -24,   -6,    0,    0,    0,    0,    0,    0,    0,    0,    0,    0,    0,    0,    0,    0,    0,    0,    0,    0,    0,    0,    0,    0,    0,    0,    0,    0,    0,    0,    0,    0,    0,    0,
       0,    0,    0,    0,    0,    0,    0,    0,    0,    0,    0,    0,    0,    0,    0,    0,    0,    0,    0,    0,    0,    0,    0,    0,    0,    0,    0,    0,    0,    0,    0,    0,    0,    0,    0,    0,    0,    0,    0,    0,    0,    0,    0,    0,    0,    0,    0,    0,    0,    0,    0,    0,    0,    0,    0,    0,    0,    0,    0,    0,    0,    0,    0,    0,    0,    0,    0,    0,    0,    0,    0,    0,    0,    0,    0,    0,    0,    0,    0,   -6,    0,    0,    0,    0,    0,    0,    0,    0,    0,    0,    0,    0,    0,    0,    0,    0,    0,    0,    0,    0,    0,    0,    0,    0,    0,    0,    0,    0,    0,    0,    0,    0,    0,    0,    0,    0,    0,    0,    0,    0,    0,    0,    0,    0,    0,    0,    0,    0,    0,    0,    0,    0,    0,    0,    0,    0,    0,
       0,    0,    0,    0,    0,    0,    0,    0,    0,    0,    0,    0,    0,    0,    0,    0,    0,    0,    0,    0,    0,    0,    0,    0,    0,    0,    0,    0,    0,    0,    0,    0,    0,    0,    0,    0,    0,    0,    0,    0,    0,    0,    0,    0,    0,    0,    0,    0,    0,    0,    0,    0,    0,    0,    0,    0,    0,    0,    0,    0,    0,    0,    0,  -12,    0,    0,    0,    0,    0,    0,    0,    0,    0,    0,    0,    0,    0,    0,    0,    0,    0,    0,    0,    0,    0,    0,    0,    0,    0,    0,    0,    0,    0,    0,    0,    0,   -6,    0,   -6,    0,    0,    0,    0,    0,    0,    0,    0,    0,    0,    0,    0,    0,    0,    0,    0,    0,    0,    0,    0,    0,    0,    0,    0,    0,    0,    0,    0,    0,    0,    0,    0,    0,    0,    0,    0,    0,    0,
       0,    0,    0,    0,    0,    0,    0,    0,    0,    0,    0,    0,    0,    0,    0,    0,    0,    0,    0,    0,    0,    0,    0,    0,    0,    0,    0,    0,    0,    0,    0,    0,    0,    0,    0,    0,    0,    0,    0,    0,    0,    0,    0,    0,    0,    0,    0,    0,    0,    0,    0,    0,    0,    0,    0,    0,    0,    0,    0,    0,    0,    0,    0,    0,    0,    0,    0,    0,    0,    0,    0,    0,    0,    0,    0,    0,    0,    0,    0,    0,    0,  -12,    0,    0,    0,   -6,    0,    0,    0,    0,    0,    0,    0,    0,    0,    0,    0,    0,    0,    0,    0,    0,    0,    0,    0,    0,    0,    0,    0,    0,    0,    0,    0,    0,    0,    0,    0,    0,    0,    0,    0,    0,    0,    0,    0,    0,    0,    0,    0,    0,    0,    0,    0,    0,    0,    0,    0,
       0,    0,    0,    0,    0,    0,    0,    0,    0,    0,    0,    0,    0,    0,    0,    0,    0,    0,    0,    0,    0,    0,    0,    0,    0,    0,    0,    0,    0,    0,    0,    0,    0,    0,    0,    0,    0,    0,    0,    0,    0,    0,    0,    0,    0,    0,    0,    0,    0,    0,    0,    0,    0,    0,    0,    0,    0,    0,    0,    0,    0,    0,    0,    0,    0,    0,    0,    0,    0,    0,    0,    0,    0,    0,    0,    0,    0,    0,    0,    0,    0,    0,    0,    0,    0,    0,    0,    0,    0,    0,    0,    0,    0,    0,    0,    0,    0,    0,    0,    0,    0,    0,    0,    0,    0,    0,    0,    0,    0,    0,    0,    0,    0,  -12,    0,   -7,   -1,    0,    0,    0,    0,    0,  -12,    0,   -6,    0,  -12,    0,    0,    0,    0,    0,    0,    0,    0,    0,    0,
       0,    0,    0,    0,    0,    0,    0,    0,    0,    0,    0,    0,    0,    0,    0,    0,    0,    0,    0,    0,    0,    0,    0,    0,    0,    0,    0,    0,    0,    0,    0,    0,    0,    0,    0,    0,    0,    0,    0,    0,    0,    0,    0,    0,    0,    0,    0,    0,    0,    0,    0,    0,    0,    0,    0,    0,    0,    0,    0,    0,    0,    0,    0,    0,    0,    0,    0,    0,    0,    0,    0,    0,    0,    0,    0,    0,    0,    0,    0,    0,    0,    0,    0,    0,    0,    0,    0,    0,    0,    0,    0,    0,    0,    0,    0,    0,    0,    0,    0,    0,    0,    0,    0,    0,    0,    0,    0,    0,   -3,    0,    0,    0,    0,    0,   -4,    0,    0,    0,    0,  -15,    0,    0,  -15,    0,    0,   -6,    0,    0,    0,    0,    0,    0,    0,    0,    0,    0,    0,
       0,    0,    0,    0,    0,    0,    0,    0,    0,    0,    0,    0,    0,    0,    0,    0,    0,    0,    0,    0,    0,    0,    0,    0,    0,    0,    0,    0,    0,    0,    0,    0,    0,    0,    0,    0,    0,    0,    0,    0,    0,    0,    0,    0,    0,    0,    0,    0,    0,    0,    0,    0,    0,    0,    0,    0,    0,    0,    0,    0,    0,    0,    0,    0,    0,    0,    0,    0,    0,    0,    0,    0,    0,    0,    0,    0,    0,    0,    0,    0,    0,    0,    0,    0,    0,    0,    0,    0,    0,    0,    0,    0,    0,    0,    0,    0,    0,    0,    0,    0,    0,    0,    0,    0,    0,    0,    5,    0,    0,    0,    0,    0,   -4,  -15,    0,   -3,   -7,    0,   -9,    0,    0,    0,   -6,    0,    0,    0,    0,    0,    0,    0,    0,    0,    0,    0,    0,    0,    0,
       0,    0,    0,    0,    0,    0,    0,    0,    0,    0,    0,    0,    0,    0,    0,    0,    0,    0,    0,    0,    0,    0,    0,    0,    0,    0,    0,    0,    0,    0,    0,    0,    0,    0,    0,    0,    0,    0,    0,    0,    0,    0,    0,    0,    0,    0,    0,    0,    0,    0,    0,    0,    0,    0,    0,    0,    0,    0,    0,    0,    0,    0,    0,    0,    0,    0,    0,    0,    0,    0,    0,    0,    0,    0,    0,    0,    0,    0,    0,    0,    0,    0,    0,    0,    0,    0,    0,    0,    0,    0,    0,    0,    0,    0,    0,    0,    0,    0,    0,    0,    0,    0,    0,    0,    0,    0,  -24,    0,    0,  -12,    0,    0,   -4,    0,  -30,  -19,    0,   -6,   -3,  -15,    0,  -30,  -19,    0,    0,  -19,    0,    0,    0,    0,    0,    0,    0,    0,    0,    0,    0,
       0,    0,    0,    0,    0,    0,    0,    0,    0,    0,    0,    0,    0,    0,    0,    0,    0,    0,    0,    0,    0,    0,    0,    0,    0,    0,    0,    0,    0,    0,    0,    0,    0,    0,    0,    0,    0,    0,    0,    0,    0,    0,    0,    0,    0,    0,    0,    0,    0,    0,    0,    0,    0,    0,    0,    0,    0,    0,    0,    0,    0,    0,    0,    0,    0,    0,    0,    0,    0,    0,    0,    0,    0,    0,    0,    0,    0,    0,    0,    0,    0,    0,    0,    0,    0,    0,    0,    0,    0,    0,    0,    0,    0,    0,    0,    0,    0,    0,    0,    0,    0,    0,    0,    0,    0,    0,   -7,    0,    0,    0,    0,    0,   -7,    0,    0,    0,    0,   -6,    0,   -9,    0,    0,  -12,    0,    0,  -13,    0,    0,    0,    0,    0,    0,    0,    0,    0,    0,    0,
       0,    0,    0,    0,    0,    0,    0,    0,    0,    0,    0,    0,    0,    0,    0,    0,    0,    0,    0,    0,    0,    0,    0,    0,    0,    0,    0,    0,    0,    0,    0,    0,    0,    0,    0,    0,    0,    0,    0,    0,    0,    0,    0,    0,    0,    0,    0,    0,    0,    0,    0,    0,    0,    0,    0,    0,    0,    0,    0,    0,    0,    0,    0,    0,    0,    0,    0,    0,    0,    0,    0,    0,    0,    0,    0,    0,    0,    0,    0,    0,    0,    0,    0,    0,    0,    0,    0,    0,    0,    0,    0,    0,    0,    0,    0,    0,    0,    0,    0,    0,    0,    0,    0,    0,    0,    0,   -4,    0,    0,    0,    0,    0,    0,    0,    0,    0,    0,    0,    0,    0,    0,    0,    0,    0,    0,    0,    0,    0,    0,    0,    0,    0,    0,    0,    0,    0,    0,
       0,    0,    0,    0,    0,    0,    0,    0,    0,    0,    0,    0,    0,    0,    0,    0,    0,    0,    0,    0,    0,    0,    0,    0,    0,    0,    0,    0,    0,    0,    0,    0,    0,    0,    0,    0,    0,    0,    0,    0,    0,    0,    0,    0,    0,    0,    0,    0,    0,    0,    0,    0,    0,    0,    0,    0,    0,    0,    0,    0,    0,    0,    0,    0,    0,    0,    0,    0,    0,    0,    0,    0,    0,    0,    0,    0,    0,    0,    0,    0,    0,    0,    0,    0,    0,    0,    0,    0,    0,    0,    0,    0,    0,    0,    0,    0,    0,    0,    0,    0,    0,    0,    0,    0,    0,    0,    0,    0,   -3,    0,    0,    0,  -12,    0,  -22,   -1,    0,    0,    0,    0,    0,  -13,   -9,   -4,   -4,   -3,    0,    0,    0,    0,    0,    0,    0,    0,    0,    0,    0,
       0,    0,    0,    0,    0,    0,    0,    0,    0,    0,    0,    0,    0,    0,    0,    0,    0,    0,    0,    0,    0,    0,    0,    0,    0,    0,    0,    0,    0,    0,    0,    0,    0,    0,    0,    0,    0,    0,    0,    0,    0,    0,    0,    0,    0,    0,    0,    0,    0,    0,    0,    0,    0,    0,    0,    0,    0,    0,    0,    0,    0,    0,    0,    0,    0,    0,    0,    0,    0,    0,    0,    0,    0,    0,    0,    0,    0,    0,    0,    0,    0,    0,    0,    0,    0,    0,    0,    0,    0,    0,    0,    0,    0,    0,    0,    0,    0,    0,    0,    0,    0,    0,    0,    0,    0,    0,  -35,    0,    0,  -12,    0,   -9,   -9,    0,    0,   -9,    0,  -18,   -9,   -9,    0,    0,  -13,    0,    0,  -12,    0,  -12,    0,    0,    0,    0,    0,    0,    0,    0,    0,
       0,    0,    0,    0,    0,    0,    0,    0,    0,    0,    0,    0,    0,    0,    0,    0,    0,    0,    0,    0,    0,    0,    0,    0,    0,    0,    0,    0,    0,    0,    0,    0,    0,    0,    0,    0,    0,    0,    0,    0,    0,    0,    0,    0,    0,    0,    0,    0,    0,    0,    0,    0,    0,    0,    0,    0,    0,    0,    0,    0,    0,    0,    0,    0,    0,    0,    0,    0,    0,    0,    0,    0,    0,    0,    0,    0,    0,    0,    0,    0,    0,    0,    0,    0,    0,    0,    0,    0,    0,    0,    0,    0,    0,    0,    0,    0,    0,    0,    0,    0,    0,    0,    0,    0,    0,    0,    0,    0,    0,    0,    0,    0,   -4,    0,    0,   -3,    0,    0,   -7,   -7,    0,  -13,  -13,    0,    0,    0,    0,    0,    0,    0,    0,    0,    0,    0,    0,    0,    0,
       0,    0,    0,    0,    0,    0,    0,    0,    0,    0,    0,    0,    0,    0,    0,    0,    0,    0,    0,    0,    0,    0,    0,    0,    0,    0,    0,    0,    0,    0,    0,    0,    0,    0,    0,    0,    0,    0,    0,    0,    0,    0,    0,    0,    0,    0,    0,    0,    0,    0,    0,    0,    0,    0,    0,    0,    0,    0,    0,    0,    0,    0,    0,    0,    0,    0,    0,    0,    0,    0,    0,    0,    0,    0,    0,    0,    0,    0,    0,    0,    0,    0,    0,    0,    0,    0,    0,    0,    0,    0,    0,    0,    0,    0,    0,    0,    0,    0,    0,    0,    0,    0,    0,    0,    0,    0,  -24,   -4,    0,    0,    0,    0,   -4,    0,  -18,  -13,    0,    0,    0,   -4,    0,  -27,   -7,    0,    0,    0,    5,   -1,    0,    0,    0,    0,    0,    0,    0,    0,    0,
       0,    0,    0,    0,    0,    0,    0,    0,    0,    0,    0,    0,    0,    0,    0,    0,    0,    0,    0,    0,    0,    0,    0,    0,    0,    0,    0,    0,    0,    0,    0,    0,    0,    0,    0,    0,    0,    0,    0,    0,    0,    0,    0,    0,    0,    0,    0,    0,    0,    0,    0,    0,    0,    0,    0,    0,    0,    0,    0,    0,    0,    0,    0,    0,    0,    0,    0,    0,    0,    0,    0,    0,    0,    0,    0,    0,    0,    0,    0,    0,    0,    0,    0,    0,    0,    0,    0,    0,    0,    0,    0,    0,    0,    0,    0,    0,    0,    0,    0,    0,    0,    0,    0,    0,    0,    0,    0,    0,    0,    0,    0,    0,    0,    0,    0,  -12,    0,   -3,  -12,  -14,    0,    0,  -16,    0,    0,    0,    0,    0,    0,    0,    0,    0,    0,    0,    0,    0,    0,
       0,    0,    0,    0,    0,    0,    0,    0,    0,    0,    0,    0,    0,    0,    0,    0,    0,    0,    0,    0,    0,    0,    0,    0,    0,    0,    0,    0,    0,    0,    0,    0,    0,    0,    0,    0,    0,    0,    0,    0,    0,    0,    0,    0,    0,    0,    0,    0,    0,    0,    0,    0,    0,    0,    0,    0,    0,    0,    0,    0,    0,    0,    0,    0,    0,    0,    0,    0,    0,    0,    0,    0,    0,    0,    0,    0,    0,    0,    0,    0,    0,    0,    0,    0,    0,    0,    0,    0,    0,    0,    0,    0,    0,    0,    0,    0,    0,    0,    0,    0,    0,    0,    0,    0,    0,    0,    0,    0,    0,    0,    0,    0,   -7,  -10,    0,   -6,    0,    0,    0,    0,    0,    0,    0,    0,    0,    0,    0,    0,    0,    0,    0,    0,    0,    0,    0,    0,    0,
       0,    0,    0,    0,    0,    0,    0,    0,    0,    0,    0,    0,    0,    0,    0,    0,    0,    0,    0,    0,    0,    0,    0,    0,    0,    0,    0,    0,    0,    0,    0,    0,    0,    0,    0,    0,    0,    0,    0,    0,    0,    0,    0,    0,    0,    0,    0,    0,    0,    0,    0,    0,    0,    0,    0,    0,    0,    0,    0,    0,    0,    0,    0,    0,    0,    0,    0,    0,    0,    0,    0,    0,    0,    0,    0,    0,    0,    0,    0,    0,    0,    0,    0,    0,    0,    0,    0,    0,    0,    0,    0,    0,    0,    0,    0,    0,    0,    0,    0,    0,    0,    0,    0,    0,    0,    0,    0,    0,    0,    0,    0,    0,   -4,    0,  -18,    0,   -4,    0,    0,   -4,    0,   -7,   -3,    0,    0,  -13,    0,    0,    0,    0,    0,    0,    0,    0,    0,    0,    0,
       0,    0,    0,    0,    0,    0,    0,    0,    0,    0,    0,    0,    0,    0,    0,    0,    0,    0,    0,    0,    0,    0,    0,    0,    0,    0,    0,    0,    0,    0,    0,    0,    0,    0,    0,    0,    0,    0,    0,    0,    0,    0,    0,    0,    0,    0,    0,    0,    0,    0,    0,    0,    0,    0,    0,    0,    0,    0,    0,    0,    0,    0,    0,    0,    0,    0,    0,    0,    0,    0,    0,    0,    0,    0,    0,    0,    0,    0,    0,    0,    0,    0,    0,    0,    0,    0,    0,    0,    0,    0,    0,    0,    0,    0,    0,    0,    0,    0,    0,    0,    0,    0,    0,    0,    0,    0,    0,    0,    0,    0,    0,    0,   -9,    0,    0,    0,    0,    0,    0,   -6,    0,    0,    0,    0,    0,    0,    0,    0,    0,    0,    0,    0,    0,    0,    0,    0,    0,
       0,    0,    0,    0,    0,    0,    0,    0,    0,    0,    0,    0,    0,    0,    0,    0,    0,    0,    0,    0,    0,    0,    0,    0,    0,    0,    0,    0,    0,    0,    0,    0,    0,    0,    0,    0,    0,    0,    0,    0,    0,    0,    0,    0,    0,    0,    0,    0,    0,    0,    0,    0,    0,    0,    0,    0,    0,    0,    0,    0,    0,    0,    0,    0,    0,    0,    0,    0,    0,    0,    0,    0,    0,    0,    0,    0,    0,    0,    0,    0,    0,    0,    0,    0,    0,    0,    0,    0,    0,    0,    0,    0,    0,    0,    0,    0,    0,    0,    0,    0,    0,    0,    0,    0,    0,    0,    0,    0,    0,    0,    0,    0,    0,    0,   -9,  -12,   -9,    0,    0,   -9,    0,  -21,   -4,    0,    0,    0,   -9,    0,    0,    0,    0,    0,    0,    0,    0,    0,    0,
       0,    0,    0,    0,    0,    0,    0,    0,    0,    0,    0,    0,    0,    0,    0,    0,    0,    0,    0,    0,    0,    0,    0,    0,    0,    0,    0,    0,    0,    0,    0,    0,    0,    0,    0,    0,    0,    0,    0,    0,    0,    0,    0,    0,    0,    0,    0,    0,    0,    0,    0,    0,    0,    0,    0,    0,    0,    0,    0,    0,    0,    0,    0,    0,    0,    0,    0,    0,    0,    0,    0,    0,    0,    0,    0,    0,    0,    0,    0,    0,    0,    0,    0,    0,    0,    0,    0,    0,    0,    0,    0,    0,    0,    0,    0,    0,    0,    0,    0,    0,    0,    0,    0,    0,    0,   -3,   -6,    0,   -4,    0,    0,    0,    0,  -12,    0,    0,    0,   -6,    0,  -15,    0,    0,  -13,    0,    0,    0,    0,    0,    0,    0,    0,    0,    0,    0,    0,    0,    0,
       0,    0,    0,    0,    0,    0,    0,    0,    0,    0,    0,    0,    0,    0,    0,    0,    0,    0,    0,    0,    0,    0,    0,    0,    0,    0,    0,    0,    0,    0,    0,    0,    0,    0,    0,    0,    0,    0,    0,    0,    0,    0,    0,    0,    0,    0,    0,    0,    0,    0,    0,    0,    0,    0,    0,    0,    0,    0,    0,    0,    0,    0,    0,    0,    0,    0,    0,    0,    0,    0,    0,    0,    0,    0,    0,    0,    0,    0,    0,    0,    0,    0,    0,    0,    0,    0,    0,    0,    0,    0,    0,    0,    0,    0,    0,    0,    0,    0,    0,    0,    0,    0,    0,    0,    0,    0,  -24,    0,    0,    0,    0,    0,  -12,    0,  -18,   -4,    0,    0,   -9,  -13,    0,  -18,  -13,    0,    0,  -12,    0,  -14,    0,    0,    0,    0,    0,    0,    0,    0,    0,
       0,    0,    0,    0,    0,    0,    0,    0,    0,    0,    0,    0,    0,    0,    0,    0,    0,    0,    0,    0,    0,    0,    0,    0,    0,    0,    0,    0,    0,    0,    0,    0,    0,    0,    0,    0,    0,    0,    0,    0,    0,    0,    0,    0,    0,    0,    0,    0,    0,    0,    0,    0,    0,    0,    0,    0,    0,    0,    0,    0,    0,    0,    0,    0,    0,    0,    0,    0,    0,    0,    0,    0,    0,    0,    0,    0,    0,    0,    0,    0,    0,    0,    0,    0,    0,    0,    0,    0,    0,    0,    0,    0,    0,    0,    0,    0,    0,    0,    0,    0,    0,    0,    0,    0,    0,    0,  -16,    0,    0,    0,    0,    0,   -4,    0,    0,  -16,    0,   -9,    0,  -13,    0,    0,   -9,    0,    0,   -9,    0,    0,    0,    0,    0,    0,    0,    0,    0,    0,    0,
       0,    0,    0,    0,    0,    0,    0,    0,    0,    0,    0,    0,    0,    0,    0,    0,    0,    0,    0,    0,    0,    0,    0,    0,    0,    0,    0,    0,    0,    0,    0,    0,    0,    0,    0,    0,    0,    0,    0,    0,    0,    0,    0,    0,    0,    0,    0,    0,    0,    0,    0,    0,    0,    0,    0,    0,    0,    0,    0,    0,    0,    0,    0,    0,    0,    0,    0,    0,    0,    0,    0,    0,    0,    0,    0,    0,    0,    0,    0,    0,    0,    0,    0,    0,    0,    0,    0,    0,    0,    0,    0,    0,    0,    0,    0,    0,    0,    0,    0,    0,    0,    0,    0,    0,    0,    0,    0,    0,  -28,    0,  -30,    0,    0,  -10,    0,   -4,   -4,    0,  -22,  -24,  -24,    0,   -6,    0,    0,    0,  -12,    0,    0,    0,    0,    0,    0,    0,    0,    0,    0,
       0,    0,    0,    0,    0,    0,    0,    0,    0,    0,    0,    0,    0,    0,    0,    0,    0,    0,    0,  -81,    0,    0,    0, -128,    0,    0,    0,    0,    0,    0,    0,    0,    0,    0,    0,    0,    0,    0,    0,  -24,    0,    0,    0,  -24,    0,    0,    0,    0,    0,    0,    0,    0,    0,    0,    0,  -81,    0,    0,    0,    0,    0,    0,    0,    0,    0,    0,    0,    0,    0,    0,    0,    0,    0,    0,    0,    0,    0,    0,    0,    0,    0,    0,    0,    0,    0,    0,    0,    0,    0,    0,    0,    0,    0,    0,    0,    0,    0,    0,    0,    0,    0,    0,    0,    0,    0,    0,    0,    0,    0,    0,    0,    0,    0,    0,    0,    0,    0,    0,    0,    0,    0,    0,    0,    0,    0,    0,    0,    0,    0,    0,    0,    0,    0,    0,    0,    0,    0,
       0,    0,    0,    0,    0,    0,    0,    0,    0,    0,    0,    0,    0,    0,    0,    0,    0,    0,    0,  -36,    0,    0,    0,  -72,    0,    0,    0,    0,    0,    0,    0,    0,    0,    0,    0,    0,  -24,    0,    0,  -30,    0,  -18,    0,    0,    0,    0,    0,    0,    0,    0,    0,    0,    0,    0,    0,  -36,    0,    0,    0,  -24,    0,    0,    0,    0,    0,    0,    0,    0,    0,    0,    0,    0,    0,    0,    0,    0,    0,    0,    0,    0,    0,    0,    0,    0,    0,    0,    0,    0,    0,    0,    0,    0,    0,    0,    0,    0,    0,    0,    0,    0,    0,    0,    0,    0,    0,    0,    0,    0,    0,    0,    0,    0,    0,    0,    0,    0,    0,    0,    0,    0,    0,    0,    0,    0,    0,    0,    0,    0,    0,    0,    0,    0,    0,    0,    0,    0,    0,
       0,    0,    0,    0,    0,    0,    0,    0,    0,    0,    0,    0,    0,    0,    0,    0,    0,    0,    0,  -45,    0,    0,    0,  -72,    0,    0,    0,    0,    0,    0,    0,    0,    0,    0,    0,    0,    0,    0,    0,  -24,    0,    0,    0,  -24,    0,    0,    0,    0,    0,    0,    0,    0,    0,    0,    0,  -45,    0,    0,    0,    0,    0,    0,    0,    0,    0,    0,    0,    0,    0,    0,    0,    0,    0,    0,    0,    0,    0,    0,    0,    0,    0,    0,    0,    0,    0,    0,    0,    0,    0,    0,    0,    0,    0,    0,    0,    0,    0,    0,    0,    0,    0,    0,    0,    0,    0,    0,    0,    0,    0,    0,    0,    0,    0,    0,    0,    0,    0,    0,    0,    0,    0,    0,    0,    0,    0,    0,    0,    0,    0,    0,    0,    0,    0,    0,    0,    0,    0,
       0,    0,    0,    0,    0,    0,    0,    0,    0,    0,    0,    0,    0,    0,    0,    0,    0,    0,    0,  -45,    0,    0,    0,  -60,    0,    0,    0,    0,    0,    0,    0,    0,    0,    0,    0,    0,  -24,    0,    0,  -30,    0,    0,    0,    0,    0,    0,    0,    0,    0,    0,    0,    0,    0,    0,    0,  -45,    0,    0,    0,  -24,    0,    0,    0,    0,    0,    0,    0,    0,    0,    0,    0,    0,    0,    0,    0,    0,    0,    0,    0,    0,    0,    0,    0,    0,    0,    0,    0,    0,    0,    0,    0,    0,    0,    0,    0,    0,    0,    0,    0,    0,    0,    0,    0,    0,    0,    0,    0,    0,    0,    0,    0,    0,    0,    0,    0,    0,    0,    0,    0,    0,    0,    0,    0,    0,    0,    0,    0,    0,    0,    0,    0,    0,    0,    0,    0,    0,    0,
       0,    0,    0,    0,    0,    0,    0,    0,    0,    0,    0,    0,    0,    0,    0,    0,    0,    0,    0,    0,    0,    0,    0,    0,    0,    0,    0,   -5,    0,    0,    0,    0,    0,    0,    0,    0,    0,    0,    0,    0,    0,    0,    0,    0,    0,    0,    0,    0,    0,    0,    0,    0,    0,    0,    0,    0,    0,    0,    0,    0,    0,    0,    0,    0,    0,    0,    0,    0,    0,    0,    0,    0,    0,    0,    0,    0,    0,    0,    0,    0,    0,    0,    0,    0,    0,    0,    0,    0,    0,    0,    0,    0,    0,    0,    0,    0,    0,    0,    0,    0,    0,    0,    0,    0,    0,    0,    0,    0,    0,    0,    0,    0,    0,    0,    0,    0,    0,    0,    0,    0,    0,    0,    0,    0,    0,    0,    0,    0,    0,    0,    0,    0,    0,    0,    0,    0,    0,
       0,    0,    0,    0,    0,    0,    0,    0,  -30,    0,    0,    0,    0,    0,  -18,  -24,    0,    0,    0,    0,    0,    0,    0,    0,    0,    0,    0,    0,    0,    0,    0,    0,    0,    0,    0,    0,    0,    0,    0,    0,    0,    0,    0,    0,    0,    0,    0,    0,    0,    0,    0,    0,    0,    0,    0,    0,    0,    0,    0,    0,    0,    0,    0,    0,    0,    0,    0,    0,    0,    0,    0,    0,    0,    0,    0,    0,    0,    0,    0,    0,    0,    0,    0,    0,    0,    0,    0,    0,    0,    0,    0,    0,    0,    0,    0,    0,    0,    0,    0,    0,    0,    0,    0,    0,    0,    0,    0,    0,    0,    0,    0,    0,    0,    0,    0,    0,    0,    0,    0,    0,    0,    0,    0,    0,    0,    0,    0,    0,    0,    0,    0,    0,    0,    0,    0,    0,    0,
       0,    0,    0,    0,    0,    0,    0,    0,    0,  -24,    0,    0,    0,    0,    0,    0,    0,    0,    0,    0,    0,    0,    0,    0,    0,    0,    0,    0,    0,    0,    0,    0,    0,    0,    0,    0,    0,    0,    0,    0,    0,    0,    0,    0,    0,    0,    0,    0,    0,    0,    0,    0,    0,    0,    0,    0,    0,    0,    0,    0,    0,    0,    0,    0,    0,    0,    0,    0,    0,    0,    0,    0,    0,    0,    0,    0,    0,    0,    0,    0,    0,    0,    0,    0,    0,    0,    0,    0,    0,    0,    0,    0,    0,    0,    0,    0,    0,    0,    0,    0,    0,    0,    0,    0,    0,    0,    0,    0,    0,    0,    0,    0,    0,    0,    0,    0,    0,    0,    0,    0,    0,    0,    0,    0,    0,    0,    0,    0,    0,    0,    0,    0,    0,    0,    0,    0,    0,
       0,    0,    0,    0,    0,    0,    0,    0,    0,    0,    0,  -48,    0,    0,    0,    0,    0,    0,    0,    0,    0,    0,    0,    0,    0,    0,    0,    0,    0,    0,    0,    0,    0,    0,    0,    0,    0,    0,    0,    0,    0,    0,    0,    0,    0,    0,    0,    0,    0,    0,    0,    0,    0,    0,    0,    0,    0,    0,    0,    0,    0,    0,    0,    0,    0,    0,    0,    0,    0,    0,    0,    0,    0,    0,    0,    0,    0,    0,    0,    0,    0,    0,    0,    0,    0,    0,    0,    0,    0,    0,    0,    0,    0,    0,    0,    0,    0,    0,    0,    0,    0,    0,    0,    0,    0,    0,    0,    0,    0,    0,    0,    0,    0,    0,    0,    0,    0,    0,    0,    0,    0,    0,    0,    0,    0,    0,    0,    0,    0,    0,    0,    0,    0,    0,    0,    0,    0,
};

static const EpdLigaturePair lexenddeca_18_boldLigaturePairs[] = {
    { 0x00660066, 0xFB00 }, // f f -> U+FB00
    { 0x00660069, 0xFB01 }, // f i -> U+FB01
    { 0x0066006C, 0xFB02 }, // f l -> U+FB02
    { 0xFB000069, 0xFB03 }, // U+FB00 i -> U+FB03
    { 0xFB00006C, 0xFB04 }, // U+FB00 l -> U+FB04
};

static const EpdFontData lexenddeca_18_bold = {
    lexenddeca_18_boldBitmaps,
    lexenddeca_18_boldGlyphs,
    lexenddeca_18_boldIntervals,
    29,
    47,
    38,
    -10,
    false,
    nullptr,
    0,
    nullptr,
    lexenddeca_18_boldKernLeftClasses,
    lexenddeca_18_boldKernRightClasses,
    lexenddeca_18_boldKernMatrix,
    621,
    606,
    152,
    137,
    lexenddeca_18_boldLigaturePairs,
    5,
};
