/**
 * generated by fontconvert.py
 * name: lexenddeca_14_bold
 * size: 14
 * mode: 2-bit
 * Command used: fontconvert.py lexenddeca_14_bold 14 ..\builtinFonts\source\LexendDeca\LexendDeca-Bold.ttf ..\builtinFonts\source\NotoSansHebrew\NotoSansHebrew-Bold.ttf ..\builtinFonts\source\NotoSans\NotoSans-Bold.ttf --additional-intervals 0x05D0,0x05EA --2bit --force-autohint
 */
#pragma once
#include "EpdFontData.h"

static const uint8_t lexenddeca_14_boldBitmaps[94585] = {
    0xFF, 0xBF, 0xEF, 0xFB, 0xFE, 0xFF, 0xBF, 0xEF, 0xFA, 0xFD, 0xBF, 0x6F, 0xC7, 0xF1, 0xFC, 0x3F,
    0x00, 0x00, 0x00, 0x00, 0x3E, 0x3F, 0xEF, 0xFB, 0xFE, 0x3E, 0x00, 0x3F, 0xE2, 0xFF, 0x0F, 0xF0,
    0xBF, 0xC7, 0xFC, 0x2F, 0xD1, 0xFE, 0x0F, 0xF0, 0x7F, 0x43, 0xFC, 0x2F, 0xC0, 0xFE, 0x0B, 0xE0,
    0x3F, 0x42, 0xF4, 0x0F, 0xC0, 0x00, 0x3F, 0xD0, 0x3F, 0xD0, 0x00, 0xFF, 0x00, 0xFF, 0x00, 0x03,
    0xFC, 0x07, 0xFC, 0x00, 0x1F, 0xF0, 0x1F, 0xF0, 0x3F, 0xFF, 0xFF, 0xFF, 0xFC, 0xFF, 0xFF, 0xFF,
    0xFF, 0xF3, 0xFF, 0xFF, 0xFF, 0xFF, 0xCF, 0xFF, 0xFF, 0xFF, 0xFF, 0x01, 0xFF, 0x01, 0xFF, 0x00,
    0x07, 0xFC, 0x0B, 0xF8, 0x00, 0x2F, 0xE0, 0x2F, 0xE0, 0x00, 0xFF, 0x40, 0xFF, 0x40, 0x03, 0xFD,
    0x03, 0xFD, 0x03, 0xFF, 0xFF, 0xFF, 0xFF, 0xCF, 0xFF, 0xFF, 0xFF, 0xFF, 0x3F, 0xFF, 0xFF, 0xFF,
    0xFC, 0xFF, 0xFF, 0xFF, 0xFF, 0xF0, 0x3F, 0xD0, 0x3F, 0xD0, 0x00, 0xFF, 0x40, 0xFF, 0x00, 0x03,
    0xFC, 0x03, 0xFC, 0x00, 0x1F, 0xF0, 0x1F, 0xF0, 0x00, 0x00, 0x00, 0xA4, 0x00, 0x00, 0x00, 0x3F,
    0x00, 0x00, 0x00, 0x0F, 0xC0, 0x00, 0x00, 0x6F, 0xF9, 0x00, 0x01, 0xFF, 0xFF, 0xF8, 0x01, 0xFF,
    0xFF, 0xFF, 0xC0, 0xFF, 0xFF, 0xFF, 0xF4, 0xBF, 0xE3, 0xFB, 0xFC, 0x3F, 0xF0, 0xFC, 0x1C, 0x0F,
    0xFC, 0x3F, 0x00, 0x03, 0xFF, 0xDF, 0xC0, 0x00, 0xBF, 0xFF, 0xF4, 0x00, 0x0F, 0xFF, 0xFF, 0xE0,
    0x00, 0xFF, 0xFF, 0xFF, 0x00, 0x0B, 0xFF, 0xFF, 0xF0, 0x00, 0x1F, 0xFF, 0xFD, 0x00, 0x03, 0xF7,
    0xFF, 0x83, 0x00, 0xFC, 0x3F, 0xE2, 0xF4, 0x3F, 0x0F, 0xF8, 0xFF, 0xDF, 0xCB, 0xFD, 0xBF, 0xFF,
    0xFF, 0xFF, 0x0F, 0xFF, 0xFF, 0xFF, 0x40, 0xBF, 0xFF, 0xFF, 0x00, 0x01, 0xBF, 0xF9, 0x00, 0x00,
    0x03, 0xF0, 0x00, 0x00, 0x00, 0xFC, 0x00, 0x00, 0x00, 0x29, 0x00, 0x00, 0x07, 0xFD, 0x00, 0x00,
    0x7F, 0xC0, 0x02, 0xFF, 0xF8, 0x00, 0x0F, 0xF4, 0x00, 0x7F, 0xFF, 0xD0, 0x02, 0xFF, 0x00, 0x0B,
    0xF5, 0xFE, 0x00, 0x3F, 0xC0, 0x00, 0xFF, 0x0F, 0xF0, 0x0B, 0xF4, 0x00, 0x0F, 0xF0, 0xFF, 0x01,
    0xFF, 0x00, 0x00, 0xFF, 0x0F, 0xF0, 0x3F, 0xC0, 0x00, 0x0B, 0xF5, 0xFE, 0x0B, 0xF8, 0x00, 0x00,
    0x7F, 0xFF, 0xC0, 0xFF, 0x00, 0x00, 0x02, 0xFF, 0xF4, 0x3F, 0xC0, 0xBF, 0x80, 0x07, 0xFD, 0x07,
    0xF8, 0x7F, 0xFF, 0x40, 0x00, 0x00, 0xFF, 0x0F, 0xFF, 0xFC, 0x00, 0x00, 0x2F, 0xC2, 0xFE, 0x2F,
    0xE0, 0x00, 0x07, 0xF8, 0x3F, 0xC0, 0xFF, 0x00, 0x00, 0xFF, 0x03, 0xFC, 0x0F, 0xF0, 0x00, 0x1F,
    0xC0, 0x3F, 0xC0, 0xFF, 0x00, 0x03, 0xF8, 0x03, 0xFC, 0x0F, 0xF0, 0x00, 0xBF, 0x00, 0x2F, 0xE2,
    0xFE, 0x00, 0x1F, 0xC0, 0x00, 0xFF, 0xFF, 0xC0, 0x03, 0xF8, 0x00, 0x07, 0xFF, 0xF0, 0x00, 0xBF,
    0x00, 0x00, 0x0B, 0xF8, 0x00, 0x00, 0x06, 0xFF, 0x80, 0x00, 0x00, 0x02, 0xFF, 0xFF, 0x40, 0x00,
    0x00, 0xBF, 0xFF, 0xFD, 0x00, 0x00, 0x1F, 0xFF, 0xFF, 0xF0, 0x00, 0x02, 0xFF, 0x82, 0xFD, 0x00,
    0x00, 0x2F, 0xF0, 0x0E, 0x00, 0x00, 0x02, 0xFF, 0x00, 0x00, 0x00, 0x00, 0x1F, 0xF8, 0x00, 0x00,
    0x00, 0x00, 0xFF, 0xD0, 0x00, 0x00, 0x00, 0x7F, 0xFF, 0x00, 0x00, 0x00, 0x1F, 0xFF, 0xFC, 0x00,
    0x00, 0x03, 0xFF, 0xFF, 0xF0, 0xBF, 0x80, 0xBF, 0xC3, 0xFF, 0xCF, 0xF4, 0x0F, 0xFC, 0x0F, 0xFF,
    0xFF, 0x00, 0xFF, 0xC0, 0x3F, 0xFF, 0xF0, 0x0F, 0xFC, 0x00, 0xFF, 0xFD, 0x00, 0xBF, 0xF4, 0x0B,
    0xFF, 0xC0, 0x03, 0xFF, 0xFF, 0xFF, 0xFF, 0x00, 0x1F, 0xFF, 0xFF, 0xFF, 0xFC, 0x00, 0x7F, 0xFF,
    0xFE, 0xFF, 0xE0, 0x00, 0x6F, 0xF9, 0x03, 0xFF, 0x80, 0x3F, 0xE3, 0xFC, 0x7F, 0xC7, 0xF8, 0x7F,
    0x4B, 0xF0, 0xBE, 0x0B, 0xD0, 0x00, 0x02, 0x00, 0x00, 0x7E, 0x00, 0x07, 0xFE, 0x00, 0x7F, 0xF0,
    0x03, 0xFF, 0x00, 0x3F, 0xF0, 0x01, 0xFF, 0x80, 0x0F, 0xFC, 0x00, 0x3F, 0xE0, 0x02, 0xFF, 0x40,
    0x0B, 0xFC, 0x00, 0x3F, 0xF0, 0x00, 0xFF, 0xC0, 0x03, 0xFE, 0x00, 0x0F, 0xFC, 0x00, 0x3F, 0xF0,
    0x00, 0xBF, 0xC0, 0x01, 0xFF, 0x40, 0x03, 0xFE, 0x00, 0x0F, 0xFC, 0x00, 0x1F, 0xF8, 0x00, 0x2F,
    0xF4, 0x00, 0x3F, 0xF4, 0x00, 0x7F, 0xF4, 0x00, 0x7F, 0xD0, 0x00, 0x3D, 0x00, 0x00, 0x10, 0x00,
    0x02, 0x00, 0x00, 0x3F, 0x00, 0x03, 0xFF, 0x00, 0x07, 0xFF, 0x00, 0x07, 0xFF, 0x00, 0x07, 0xFE,
    0x00, 0x0F, 0xFC, 0x00, 0x1F, 0xF8, 0x00, 0x3F, 0xF0, 0x00, 0xBF, 0xD0, 0x01, 0xFF, 0x40, 0x03,
    0xFE, 0x00, 0x0F, 0xF8, 0x00, 0x3F, 0xE0, 0x00, 0xFF, 0x80, 0x03, 0xFE, 0x00, 0x1F, 0xF4, 0x00,
    0xBF, 0xC0, 0x03, 0xFF, 0x00, 0x1F, 0xF4, 0x00, 0xFF, 0xC0, 0x0B, 0xFD, 0x00, 0xBF, 0xE0, 0x0B,
    0xFF, 0x00, 0x2F, 0xF0, 0x00, 0x2E, 0x00, 0x00, 0x10, 0x00, 0x00, 0x00, 0x00, 0x00, 0x00, 0x0F,
    0xC0, 0x00, 0x43, 0xF0, 0x40, 0xB8, 0xFC, 0xF8, 0x7F, 0xFF, 0xFF, 0x07, 0xFF, 0xFE, 0x40, 0x1F,
    0xFD, 0x00, 0xBF, 0xFF, 0xF4, 0x3F, 0xFF, 0xFF, 0x0B, 0x8F, 0xCB, 0x40, 0x43, 0xF0, 0x40, 0x00,
    0xFC, 0x00, 0x00, 0x3F, 0xE0, 0x00, 0x00, 0xFF, 0x80, 0x00, 0x03, 0xFE, 0x00, 0x00, 0x0F, 0xF8,
    0x00, 0x00, 0x3F, 0xE0, 0x03, 0xFF, 0xFF, 0xFF, 0xEF, 0xFF, 0xFF, 0xFF, 0xBF, 0xFF, 0xFF, 0xFE,
    0xFF, 0xFF, 0xFF, 0xF8, 0x00, 0xFF, 0x80, 0x00, 0x03, 0xFE, 0x00, 0x00, 0x0F, 0xF8, 0x00, 0x00,
    0x3F, 0xE0, 0x00, 0x00, 0xFF, 0x80, 0x00, 0x02, 0xA9, 0x00, 0x00, 0x1F, 0xC0, 0xFF, 0xC3, 0xFF,
    0x47, 0xFD, 0x07, 0xF4, 0x0F, 0xC0, 0xBE, 0x0B, 0xF0, 0x7F, 0x00, 0x50, 0x00, 0x00, 0x00, 0x0F,
    0xFF, 0xFF, 0xFF, 0xFF, 0xFF, 0xFF, 0xFF, 0xFF, 0xFF, 0xF0, 0x3E, 0x3F, 0xEF, 0xFB, 0xFE, 0x7E,
    0x00, 0x00, 0x00, 0x00, 0xFF, 0xC0, 0x00, 0x00, 0x7F, 0xD0, 0x00, 0x00, 0x3F, 0xF0, 0x00, 0x00,
    0x1F, 0xF4, 0x00, 0x00, 0x0F, 0xFC, 0x00, 0x00, 0x07, 0xFD, 0x00, 0x00, 0x03, 0xFF, 0x00, 0x00,
    0x01, 0xFF, 0x40, 0x00, 0x00, 0xFF, 0xC0, 0x00, 0x00, 0x3F, 0xD0, 0x00, 0x00, 0x2F, 0xF0, 0x00,
    0x00, 0x0F, 0xF4, 0x00, 0x00, 0x0B, 0xFC, 0x00, 0x00, 0x03, 0xFD, 0x00, 0x00, 0x02, 0xFF, 0x00,
    0x00, 0x00, 0xFF, 0x80, 0x00, 0x00, 0xBF, 0xC0, 0x00, 0x00, 0x3F, 0xE0, 0x00, 0x00, 0x2F, 0xF0,
    0x00, 0x00, 0x0F, 0xF8, 0x00, 0x00, 0x0B, 0xFC, 0x00, 0x00, 0x03, 0xFE, 0x00, 0x00, 0x02, 0xFF,
    0x00, 0x00, 0x00, 0xFF, 0x80, 0x00, 0x00, 0xBF, 0xC0, 0x00, 0x00, 0x00, 0x00, 0x2F, 0xFE, 0x00,
    0x00, 0x7F, 0xFF, 0xF4, 0x00, 0xBF, 0xFF, 0xFF, 0x80, 0x7F, 0xFF, 0xFF, 0xF4, 0x3F, 0xFC, 0x0F,
    0xFF, 0x0F, 0xFC, 0x00, 0xFF, 0xCB, 0xFD, 0x00, 0x1F, 0xFB, 0xFF, 0x00, 0x03, 0xFE, 0xFF, 0xC0,
    0x00, 0xFF, 0xFF, 0xF0, 0x00, 0x3F, 0xFF, 0xF8, 0x00, 0x0B, 0xFF, 0xFE, 0x00, 0x02, 0xFF, 0xFF,
    0xC0, 0x00, 0xFF, 0xFF, 0xF0, 0x00, 0x3F, 0xEB, 0xFD, 0x00, 0x1F, 0xF8, 0xFF, 0xC0, 0x0F, 0xFC,
    0x3F, 0xFC, 0x0B, 0xFF, 0x07, 0xFF, 0xFF, 0xFF, 0x40, 0xBF, 0xFF, 0xFF, 0x80, 0x07, 0xFF, 0xFF,
    0x40, 0x00, 0x2F, 0xFE, 0x00, 0x00, 0x00, 0x7F, 0x80, 0x01, 0xFF, 0xE0, 0x07, 0xFF, 0xF8, 0x03,
    0xFF, 0xFE, 0x00, 0xBF, 0xFF, 0x80, 0x1F, 0xFF, 0xE0, 0x07, 0x8F, 0xF8, 0x00, 0x03, 0xFE, 0x00,
    0x00, 0xFF, 0x80, 0x00, 0x3F, 0xE0, 0x00, 0x0F, 0xF8, 0x00, 0x03, 0xFE, 0x00, 0x00, 0xFF, 0x80,
    0x00, 0x3F, 0xE0, 0x00, 0x0F, 0xF8, 0x00, 0x03, 0xFE, 0x00, 0x00, 0xFF, 0x80, 0x2F, 0xFF, 0xFF,
    0xEB, 0xFF, 0xFF, 0xFA, 0xFF, 0xFF, 0xFE, 0xBF, 0xFF, 0xFF, 0x80, 0x00, 0x2F, 0xF8, 0x00, 0x01,
    0xFF, 0xFF, 0x80, 0x0B, 0xFF, 0xFF, 0xE0, 0x1F, 0xFF, 0xFF, 0xF0, 0x3F, 0xF4, 0x2F, 0xF8, 0x3F,
    0xD0, 0x0F, 0xF8, 0x07, 0x80, 0x0F, 0xF8, 0x00, 0x00, 0x1F, 0xF8, 0x00, 0x00, 0x3F, 0xF0, 0x00,
    0x00, 0xBF, 0xF0, 0x00, 0x01, 0xFF, 0xC0, 0x00, 0x07, 0xFF, 0x80, 0x00, 0x0F, 0xFF, 0x00, 0x00,
    0x3F, 0xFC, 0x00, 0x00, 0xFF, 0xF0, 0x00, 0x02, 0xFF, 0xC0, 0x00, 0x0B, 0xFF, 0x40, 0x00, 0x2F,
    0xFF, 0xFF, 0xFE, 0x3F, 0xFF, 0xFF, 0xFE, 0x3F, 0xFF, 0xFF, 0xFE, 0x2F, 0xFF, 0xFF, 0xFE, 0x2F,
    0xFF, 0xFF, 0xF4, 0x2F, 0xFF, 0xFF, 0xFC, 0x2F, 0xFF, 0xFF, 0xF4, 0x2F, 0xFF, 0xFF, 0xD0, 0x00,
    0x01, 0xFF, 0x40, 0x00, 0x07, 0xFD, 0x00, 0x00, 0x0F, 0xF4, 0x00, 0x00, 0x3F, 0xFD, 0x00, 0x00,
    0xFF, 0xFF, 0xD0, 0x00, 0xFF, 0xFF, 0xF0, 0x00, 0xBF, 0xFF, 0xFC, 0x00, 0x64, 0x1F, 0xFD, 0x00,
    0x00, 0x07, 0xFE, 0x00, 0x00, 0x03, 0xFE, 0x02, 0x00, 0x03, 0xFE, 0x2F, 0x80, 0x07, 0xFD, 0xBF,
    0xF4, 0x1F, 0xFC, 0x3F, 0xFF, 0xFF, 0xF8, 0x1F, 0xFF, 0xFF, 0xF0, 0x07, 0xFF, 0xFF, 0x80, 0x00,
    0x6F, 0xF8, 0x00, 0x00, 0x00, 0x0B, 0xF8, 0x00, 0x00, 0x01, 0xFF, 0x80, 0x00, 0x00, 0x3F, 0xF8,
    0x00, 0x00, 0x0F, 0xFF, 0x80, 0x00, 0x03, 0xFF, 0xF8, 0x00, 0x00, 0xBF, 0xFF, 0x80, 0x00, 0x1F,
    0xFF, 0xF8, 0x00, 0x03, 0xFF, 0xFF, 0x80, 0x00, 0xFF, 0xDF, 0xF8, 0x00, 0x2F, 0xF8, 0xFF, 0x80,
    0x07, 0xFF, 0x0F, 0xF8, 0x01, 0xFF, 0xC0, 0xFF, 0x80, 0x3F, 0xF4, 0x0F, 0xF8, 0x07, 0xFF, 0xFF,
    0xFF, 0xFF, 0x3F, 0xFF, 0xFF, 0xFF, 0xF1, 0xFF, 0xFF, 0xFF, 0xFF, 0x0F, 0xFF, 0xFF, 0xFF, 0xF0,
    0x00, 0x00, 0xFF, 0x80, 0x00, 0x00, 0x0F, 0xF8, 0x00, 0x00, 0x00, 0xFF, 0x80, 0x00, 0x00, 0x0F,
    0xF8, 0x00, 0x03, 0xFF, 0xFF, 0xF8, 0x07, 0xFF, 0xFF, 0xF8, 0x07, 0xFF, 0xFF, 0xF8, 0x0B, 0xFF,
    0xFF, 0xF8, 0x0B, 0xF4, 0x00, 0x00, 0x0F, 0xF0, 0x00, 0x00, 0x0F, 0xF0, 0x00, 0x00, 0x0F, 0xFB,
    0xFE, 0x00, 0x0F, 0xFF, 0xFF, 0xD0, 0x0F, 0xFF, 0xFF, 0xF4, 0x0B, 0xFF, 0xFF, 0xFC, 0x03, 0xD0,
    0x1F, 0xFD, 0x00, 0x00, 0x07, 0xFE, 0x00, 0x00, 0x03, 0xFE, 0x00, 0x00, 0x03, 0xFE, 0x07, 0x00,
    0x07, 0xFE, 0x1F, 0xE0, 0x1F, 0xFC, 0x3F, 0xFF, 0xFF, 0xF8, 0x2F, 0xFF, 0xFF, 0xF0, 0x07, 0xFF,
    0xFF, 0x80, 0x00, 0x6F, 0xF9, 0x00, 0x00, 0x0F, 0xF0, 0x00, 0x00, 0xBF, 0x80, 0x00, 0x07, 0xFC,
    0x00, 0x00, 0x3F, 0xD0, 0x00, 0x02, 0xFF, 0x00, 0x00, 0x0F, 0xF4, 0x00, 0x00, 0xBF, 0xFF, 0xD0,
    0x03, 0xFF, 0xFF, 0xE0, 0x2F, 0xFF, 0xFF, 0xE0, 0xFF, 0xFF, 0xFF, 0xCB, 0xFF, 0x47, 0xFF, 0xBF,
    0xF0, 0x03, 0xFF, 0xFF, 0xC0, 0x0F, 0xFF, 0xFE, 0x00, 0x2F, 0xFF, 0xFC, 0x00, 0xFF, 0xEF, 0xF0,
    0x03, 0xFE, 0x7F, 0xF4, 0x7F, 0xF4, 0xFF, 0xFF, 0xFF, 0xC0, 0xFF, 0xFF, 0xFC, 0x00, 0xFF, 0xFF,
    0xC0, 0x00, 0x6F, 0xE4, 0x00, 0xFF, 0xFF, 0xFF, 0xDF, 0xFF, 0xFF, 0xFE, 0xFF, 0xFF, 0xFF, 0xEF,
    0xFF, 0xFF, 0xFD, 0x00, 0x00, 0xFF, 0xC0, 0x00, 0x1F, 0xF4, 0x00, 0x02, 0xFF, 0x00, 0x00, 0x3F,
    0xE0, 0x00, 0x0B, 0xFC, 0x00, 0x00, 0xFF, 0xC0, 0x00, 0x1F, 0xF4, 0x00, 0x03, 0xFF, 0x00, 0x00,
    0x7F, 0xE0, 0x00, 0x0B, 0xFC, 0x00, 0x00, 0xFF, 0xC0, 0x00, 0x2F, 0xF4, 0x00, 0x03, 0xFF, 0x00,
    0x00, 0x7F, 0xE0, 0x00, 0x0F, 0xFC, 0x00, 0x01, 0xFF, 0x80, 0x00, 0x2F, 0xF4, 0x00, 0x00, 0x00,
    0xBF, 0xF8, 0x00, 0x2F, 0xFF, 0xFD, 0x02, 0xFF, 0xFF, 0xFE, 0x0F, 0xFF, 0xFF, 0xFC, 0xBF, 0xF0,
    0x3F, 0xFA, 0xFF, 0x00, 0x3F, 0xEB, 0xFC, 0x00, 0xFF, 0x9F, 0xFC, 0x0F, 0xFD, 0x2F, 0xFF, 0xFF,
    0xE0, 0x1F, 0xFF, 0xFD, 0x01, 0xFF, 0xFF, 0xFC, 0x0F, 0xFF, 0xFF, 0xFC, 0xBF, 0xF0, 0x2F, 0xFB,
    0xFF, 0x00, 0x3F, 0xFF, 0xF8, 0x00, 0xBF, 0xFF, 0xF0, 0x03, 0xFF, 0xBF, 0xF0, 0x3F, 0xFD, 0xFF,
    0xFF, 0xFF, 0xD2, 0xFF, 0xFF, 0xFE, 0x01, 0xFF, 0xFF, 0xD0, 0x00, 0x7F, 0xF4, 0x00, 0x00, 0x6F,
    0xE4, 0x00, 0x0F, 0xFF, 0xFC, 0x00, 0xFF, 0xFF, 0xFC, 0x0F, 0xFF, 0xFF, 0xFC, 0x7F, 0xF0, 0x7F,
    0xF6, 0xFF, 0x00, 0x3F, 0xFF, 0xFC, 0x00, 0xFF, 0xFF, 0xF0, 0x03, 0xFF, 0xFF, 0xC0, 0x0F, 0xFE,
    0xFF, 0xC0, 0xFF, 0xE7, 0xFF, 0xFF, 0xFF, 0x4B, 0xFF, 0xFF, 0xFC, 0x0B, 0xFF, 0xFF, 0xF0, 0x07,
    0xFF, 0xFF, 0x40, 0x00, 0x0F, 0xFC, 0x00, 0x00, 0x7F, 0xD0, 0x00, 0x03, 0xFF, 0x00, 0x00, 0x0F,
    0xF4, 0x00, 0x00, 0xBF, 0xC0, 0x00, 0x03, 0xFD, 0x00, 0x00, 0x2F, 0xF0, 0x00, 0x3E, 0x3F, 0xEF,
    0xFB, 0xFE, 0x7E, 0x00, 0x00, 0x00, 0x00, 0x00, 0x00, 0x00, 0x00, 0xF8, 0xFF, 0xBF, 0xEF, 0xF9,
    0xF8, 0x0F, 0x80, 0xFF, 0x83, 0xFE, 0x0F, 0xF8, 0x1F, 0x80, 0x00, 0x00, 0x00, 0x00, 0x00, 0x00,
    0x00, 0x00, 0x00, 0x00, 0x00, 0x00, 0x1F, 0xC0, 0xFF, 0xC3, 0xFF, 0x47, 0xFD, 0x07, 0xF4, 0x0F,
    0xC0, 0xBE, 0x0B, 0xF0, 0x7F, 0x00, 0x50, 0x00, 0x00, 0x00, 0x01, 0x00, 0x00, 0x01, 0xF0, 0x00,
    0x01, 0xFF, 0x80, 0x00, 0xBF, 0xFC, 0x00, 0xBF, 0xFF, 0x80, 0x7F, 0xFF, 0x80, 0x7F, 0xFF, 0xC0,
    0x0F, 0xFF, 0xD0, 0x00, 0xFF, 0xF0, 0x00, 0x0F, 0xFF, 0xD0, 0x00, 0x2F, 0xFF, 0xD0, 0x00, 0x7F,
    0xFF, 0xD0, 0x00, 0x7F, 0xFF, 0xC0, 0x00, 0xBF, 0xFC, 0x00, 0x00, 0xBF, 0x40, 0x00, 0x01, 0xF0,
    0x00, 0x00, 0x00, 0x00, 0x00, 0x00, 0x00, 0x0F, 0xFF, 0xFF, 0xFF, 0xFF, 0xFF, 0xFF, 0xFF, 0xFF,
    0xFF, 0xFF, 0xFF, 0xFF, 0xFF, 0xF0, 0x00, 0x00, 0x00, 0x00, 0x00, 0x00, 0x0F, 0xFF, 0xFF, 0xFF,
    0xFF, 0xFF, 0xFF, 0xFF, 0xFF, 0xFF, 0xFF, 0xFF, 0xFF, 0xFF, 0xF0, 0x04, 0x00, 0x00, 0x02, 0xE0,
    0x00, 0x00, 0x3F, 0xE0, 0x00, 0x0B, 0xFF, 0xD0, 0x00, 0x7F, 0xFF, 0xD0, 0x00, 0x7F, 0xFF, 0x80,
    0x00, 0x7F, 0xFF, 0x80, 0x00, 0xBF, 0xFE, 0x00, 0x01, 0xFF, 0xE0, 0x00, 0xFF, 0xFD, 0x00, 0xBF,
    0xFF, 0x40, 0xBF, 0xFF, 0x80, 0x7F, 0xFF, 0x80, 0x07, 0xFF, 0xD0, 0x00, 0x3F, 0xD0, 0x00, 0x01,
    0xE0, 0x00, 0x00, 0x00, 0x00, 0x00, 0x00, 0x00, 0xBF, 0xE4, 0x00, 0x7F, 0xFF, 0xE0, 0x2F, 0xFF,
    0xFF, 0xCB, 0xFF, 0xFF, 0xFD, 0x7F, 0xD0, 0xBF, 0xF1, 0xF4, 0x03, 0xFF, 0x06, 0x00, 0x3F, 0xF0,
    0x00, 0x07, 0xFE, 0x00, 0x01, 0xFF, 0xD0, 0x01, 0xFF, 0xF8, 0x00, 0xFF, 0xFE, 0x00, 0x0B, 0xFF,
    0x40, 0x00, 0x7F, 0x40, 0x00, 0x03, 0xD0, 0x00, 0x00, 0x00, 0x00, 0x00, 0x00, 0x00, 0x00, 0x00,
    0x3E, 0x00, 0x00, 0x0F, 0xF8, 0x00, 0x00, 0xFF, 0x80, 0x00, 0x0F, 0xF8, 0x00, 0x00, 0x7E, 0x00,
    0x00, 0x00, 0x00, 0x06, 0xBF, 0xF9, 0x00, 0x00, 0x00, 0x0B, 0xFF, 0xFF, 0xFE, 0x00, 0x00, 0x0B,
    0xFE, 0x50, 0x17, 0xFD, 0x00, 0x03, 0xF8, 0x00, 0x00, 0x03, 0xF0, 0x00, 0xFC, 0x00, 0x00, 0x00,
    0x0F, 0xC0, 0x3E, 0x00, 0xBF, 0x8A, 0xA4, 0x3D, 0x0B, 0x80, 0x7F, 0xFE, 0xFF, 0x42, 0xE1, 0xF0,
    0x1F, 0xFF, 0xFF, 0xF0, 0x1F, 0x3D, 0x03, 0xFF, 0x07, 0xFF, 0x00, 0xF3, 0xC0, 0xBF, 0xC0, 0x3F,
    0xF0, 0x0F, 0xB8, 0x0F, 0xF4, 0x03, 0xFE, 0x01, 0xFB, 0x41, 0xFF, 0x00, 0x3F, 0xD0, 0x1E, 0xF4,
    0x2F, 0xF0, 0x07, 0xFC, 0x02, 0xDF, 0x02, 0xFF, 0x00, 0xFF, 0xC0, 0x3C, 0xF0, 0x2F, 0xF8, 0x7F,
    0xFC, 0x0B, 0x8F, 0x01, 0xFF, 0xFF, 0xFF, 0xC2, 0xF0, 0xF4, 0x0F, 0xFF, 0xFB, 0xFF, 0xFD, 0x0B,
    0x80, 0x3F, 0xFE, 0x2F, 0xFF, 0x40, 0x7C, 0x00, 0xBE, 0x40, 0xBF, 0x80, 0x03, 0xE0, 0x00, 0x00,
    0x00, 0x00, 0x00, 0x1F, 0x40, 0x00, 0x00, 0x00, 0x00, 0x00, 0xBE, 0x00, 0x00, 0x06, 0x00, 0x00,
    0x02, 0xFE, 0x40, 0x1B, 0xF4, 0x00, 0x00, 0x07, 0xFF, 0xFF, 0xFE, 0x00, 0x00, 0x00, 0x06, 0xFF,
    0xF9, 0x00, 0x00, 0x00, 0x00, 0x00, 0x3F, 0xD0, 0x00, 0x00, 0x00, 0x0B, 0xFF, 0x00, 0x00, 0x00,
    0x00, 0xFF, 0xF0, 0x00, 0x00, 0x00, 0x1F, 0xFF, 0x80, 0x00, 0x00, 0x02, 0xFF, 0xFC, 0x00, 0x00,
    0x00, 0x3F, 0xFF, 0xD0, 0x00, 0x00, 0x07, 0xFF, 0xFE, 0x00, 0x00, 0x00, 0xFF, 0xEF, 0xF0, 0x00,
    0x00, 0x0F, 0xF5, 0xFF, 0x80, 0x00, 0x02, 0xFF, 0x0F, 0xFC, 0x00, 0x00, 0x3F, 0xF0, 0xBF, 0xD0,
    0x00, 0x07, 0xFD, 0x07, 0xFE, 0x00, 0x00, 0xFF, 0xC0, 0x3F, 0xF0, 0x00, 0x0F, 0xFF, 0xFF, 0xFF,
    0x40, 0x02, 0xFF, 0xFF, 0xFF, 0xFC, 0x00, 0x3F, 0xFF, 0xFF, 0xFF, 0xC0, 0x07, 0xFF, 0xFF, 0xFF,
    0xFE, 0x00, 0xBF, 0xC0, 0x00, 0x3F, 0xF0, 0x0F, 0xFC, 0x00, 0x02, 0xFF, 0x41, 0xFF, 0x40, 0x00,
    0x1F, 0xF8, 0x3F, 0xF0, 0x00, 0x00, 0xFF, 0xC0, 0xFF, 0xFF, 0xFF, 0x40, 0x3F, 0xFF, 0xFF, 0xFD,
    0x0F, 0xFF, 0xFF, 0xFF, 0xC3, 0xFF, 0xFF, 0xFF, 0xF8, 0xFF, 0x80, 0x0B, 0xFE, 0x3F, 0xE0, 0x00,
    0xFF, 0x8F, 0xF8, 0x00, 0x3F, 0xD3, 0xFE, 0x00, 0x2F, 0xF0, 0xFF, 0xFF, 0xFF, 0xF4, 0x3F, 0xFF,
    0xFF, 0xFC, 0x0F, 0xFF, 0xFF, 0xFF, 0xD3, 0xFF, 0xFF, 0xFF, 0xFC, 0xFF, 0x80, 0x03, 0xFF, 0x7F,
    0xE0, 0x00, 0x3F, 0xEF, 0xF8, 0x00, 0x0F, 0xFB, 0xFE, 0x00, 0x03, 0xFE, 0xFF, 0x80, 0x07, 0xFF,
    0x7F, 0xFF, 0xFF, 0xFF, 0xCF, 0xFF, 0xFF, 0xFF, 0xD3, 0xFF, 0xFF, 0xFF, 0xD0, 0xFF, 0xFF, 0xFF,
    0x80, 0x00, 0x00, 0x06, 0xFF, 0xE0, 0x00, 0x03, 0xFF, 0xFF, 0xE0, 0x01, 0xFF, 0xFF, 0xFF, 0xC0,
    0x7F, 0xFF, 0xFF, 0xFF, 0x0F, 0xFF, 0xFF, 0xFF, 0xC3, 0xFF, 0xE4, 0x07, 0xF4, 0x7F, 0xF4, 0x00,
    0x09, 0x0B, 0xFE, 0x00, 0x00, 0x00, 0xFF, 0xC0, 0x00, 0x00, 0x0F, 0xFC, 0x00, 0x00, 0x00, 0xFF,
    0x80, 0x00, 0x00, 0x0F, 0xFC, 0x00, 0x00, 0x00, 0xFF, 0xC0, 0x00, 0x00, 0x0B, 0xFE, 0x00, 0x00,
    0x00, 0x7F, 0xF4, 0x00, 0x02, 0x03, 0xFF, 0xE4, 0x02, 0xF4, 0x1F, 0xFF, 0xFF, 0xFF, 0xC0, 0xBF,
    0xFF, 0xFF, 0xFD, 0x02, 0xFF, 0xFF, 0xFF, 0xD0, 0x07, 0xFF, 0xFF, 0xE0, 0x00, 0x06, 0xFF, 0xE0,
    0x00, 0xFF, 0xFF, 0xFE, 0x40, 0x03, 0xFF, 0xFF, 0xFF, 0xC0, 0x0F, 0xFF, 0xFF, 0xFF, 0xD0, 0x3F,
    0xFF, 0xFF, 0xFF, 0xD0, 0xFF, 0x80, 0x07, 0xFF, 0xC3, 0xFE, 0x00, 0x03, 0xFF, 0x8F, 0xF8, 0x00,
    0x03, 0xFF, 0x3F, 0xE0, 0x00, 0x0B, 0xFD, 0xFF, 0x80, 0x00, 0x0F, 0xFB, 0xFE, 0x00, 0x00, 0x3F,
    0xEF, 0xF8, 0x00, 0x00, 0xFF, 0xBF, 0xE0, 0x00, 0x03, 0xFE, 0xFF, 0x80, 0x00, 0x0F, 0xFB, 0xFE,
    0x00, 0x00, 0xBF, 0xDF, 0xF8, 0x00, 0x03, 0xFF, 0x3F, 0xE0, 0x00, 0x3F, 0xF8, 0xFF, 0x80, 0x07,
    0xFF, 0xC3, 0xFF, 0xFF, 0xFF, 0xFD, 0x0F, 0xFF, 0xFF, 0xFF, 0xD0, 0x3F, 0xFF, 0xFF, 0xFC, 0x00,
    0xFF, 0xFF, 0xFE, 0x40, 0x00, 0xFF, 0xFF, 0xFF, 0xF3, 0xFF, 0xFF, 0xFF, 0xCF, 0xFF, 0xFF, 0xFF,
    0x3F, 0xFF, 0xFF, 0xFC, 0xFF, 0x80, 0x00, 0x03, 0xFE, 0x00, 0x00, 0x0F, 0xF8, 0x00, 0x00, 0x3F,
    0xE0, 0x00, 0x00, 0xFF, 0xFF, 0xFF, 0xC3, 0xFF, 0xFF, 0xFF, 0x0F, 0xFF, 0xFF, 0xFC, 0x3F, 0xFF,
    0xFF, 0xF0, 0xFF, 0x80, 0x00, 0x03, 0xFE, 0x00, 0x00, 0x0F, 0xF8, 0x00, 0x00, 0x3F, 0xE0, 0x00,
    0x00, 0xFF, 0x80, 0x00, 0x03, 0xFF, 0xFF, 0xFF, 0xEF, 0xFF, 0xFF, 0xFF, 0xBF, 0xFF, 0xFF, 0xFE,
    0xFF, 0xFF, 0xFF, 0xF8, 0xFF, 0xFF, 0xFF, 0xFF, 0xFF, 0xFF, 0xFF, 0xFF, 0xFF, 0xFF, 0xFF, 0xFF,
    0xFF, 0xFF, 0xFF, 0x80, 0x00, 0x0F, 0xF8, 0x00, 0x00, 0xFF, 0x80, 0x00, 0x0F, 0xF8, 0x00, 0x00,
    0xFF, 0x80, 0x00, 0x0F, 0xFF, 0xFF, 0xFC, 0xFF, 0xFF, 0xFF, 0xCF, 0xFF, 0xFF, 0xFC, 0xFF, 0xFF,
    0xFF, 0xCF, 0xF8, 0x00, 0x00, 0xFF, 0x80, 0x00, 0x0F, 0xF8, 0x00, 0x00, 0xFF, 0x80, 0x00, 0x0F,
    0xF8, 0x00, 0x00, 0xFF, 0x80, 0x00, 0x0F, 0xF8, 0x00, 0x00, 0xFF, 0x80, 0x00, 0x00, 0x00, 0x02,
    0xFF, 0xE4, 0x00, 0x00, 0x3F, 0xFF, 0xFF, 0x80, 0x01, 0xFF, 0xFF, 0xFF, 0xF0, 0x07, 0xFF, 0xFF,
    0xFF, 0xF4, 0x0F, 0xFF, 0x40, 0x6F, 0xD0, 0x3F, 0xFC, 0x00, 0x07, 0x40, 0x7F, 0xF0, 0x00, 0x00,
    0x00, 0xBF, 0xD0, 0x00, 0x00, 0x00, 0xFF, 0xC0, 0x00, 0x00, 0x00, 0xFF, 0xC0, 0x0F, 0xFF, 0xFF,
    0xFF, 0x80, 0x0F, 0xFF, 0xFF, 0xFF, 0xC0, 0x0F, 0xFF, 0xFF, 0xFF, 0xC0, 0x0F, 0xFF, 0xFF, 0xBF,
    0xD0, 0x00, 0x03, 0xFF, 0x7F, 0xF0, 0x00, 0x03, 0xFE, 0x3F, 0xFC, 0x00, 0x0F, 0xFD, 0x1F, 0xFF,
    0x80, 0x7F, 0xFC, 0x0B, 0xFF, 0xFF, 0xFF, 0xF0, 0x02, 0xFF, 0xFF, 0xFF, 0xD0, 0x00, 0x7F, 0xFF,
    0xFF, 0x00, 0x00, 0x06, 0xFF, 0xE0, 0x00, 0xFF, 0x80, 0x00, 0x3F, 0xEF, 0xF8, 0x00, 0x03, 0xFE,
    0xFF, 0x80, 0x00, 0x3F, 0xEF, 0xF8, 0x00, 0x03, 0xFE, 0xFF, 0x80, 0x00, 0x3F, 0xEF, 0xF8, 0x00,
    0x03, 0xFE, 0xFF, 0x80, 0x00, 0x3F, 0xEF, 0xF8, 0x00, 0x03, 0xFE, 0xFF, 0x80, 0x00, 0x3F, 0xEF,
    0xFF, 0xFF, 0xFF, 0xFE, 0xFF, 0xFF, 0xFF, 0xFF, 0xEF, 0xFF, 0xFF, 0xFF, 0xFE, 0xFF, 0xFF, 0xFF,
    0xFF, 0xEF, 0xF8, 0x00, 0x03, 0xFE, 0xFF, 0x80, 0x00, 0x3F, 0xEF, 0xF8, 0x00, 0x03, 0xFE, 0xFF,
    0x80, 0x00, 0x3F, 0xEF, 0xF8, 0x00, 0x03, 0xFE, 0xFF, 0x80, 0x00, 0x3F, 0xEF, 0xF8, 0x00, 0x03,
    0xFE, 0xFF, 0x80, 0x00, 0x3F, 0xE0, 0xFF, 0xFF, 0xFF, 0xFF, 0xFF, 0xFF, 0xFF, 0xFF, 0xFF, 0xFF,
    0xFF, 0xFF, 0x02, 0xFF, 0x00, 0x02, 0xFF, 0x00, 0x02, 0xFF, 0x00, 0x02, 0xFF, 0x00, 0x02, 0xFF,
    0x00, 0x02, 0xFF, 0x00, 0x02, 0xFF, 0x00, 0x02, 0xFF, 0x00, 0x02, 0xFF, 0x00, 0x02, 0xFF, 0x00,
    0x02, 0xFF, 0x00, 0x02, 0xFF, 0x00, 0x02, 0xFF, 0x00, 0xFF, 0xFF, 0xFF, 0xFF, 0xFF, 0xFF, 0xFF,
    0xFF, 0xFF, 0xFF, 0xFF, 0xFF, 0x00, 0x3F, 0xFF, 0xFF, 0xC0, 0x0F, 0xFF, 0xFF, 0xF0, 0x03, 0xFF,
    0xFF, 0xFC, 0x00, 0xFF, 0xFF, 0xFF, 0x00, 0x00, 0x3F, 0xE0, 0x00, 0x00, 0x0F, 0xF8, 0x00, 0x00,
    0x03, 0xFE, 0x00, 0x00, 0x00, 0xFF, 0x80, 0x00, 0x00, 0x3F, 0xE0, 0x00, 0x00, 0x0F, 0xF8, 0x00,
    0x00, 0x03, 0xFE, 0x00, 0x00, 0x00, 0xFF, 0x80, 0x00, 0x00, 0x3F, 0xE0, 0x00, 0x00, 0x0F, 0xF8,
    0x00, 0x00, 0x03, 0xFE, 0x00, 0x2C, 0x01, 0xFF, 0x80, 0x1F, 0xD1, 0xFF, 0xD0, 0x1F, 0xFF, 0xFF,
    0xF0, 0x03, 0xFF, 0xFF, 0xF4, 0x00, 0x3F, 0xFF, 0xF4, 0x00, 0x01, 0xBF, 0xE0, 0x00, 0x00, 0xFF,
    0x80, 0x01, 0xFF, 0xE3, 0xFE, 0x00, 0x1F, 0xFE, 0x0F, 0xF8, 0x01, 0xFF, 0xE0, 0x3F, 0xE0, 0x0F,
    0xFE, 0x00, 0xFF, 0x80, 0xFF, 0xE0, 0x03, 0xFE, 0x0F, 0xFE, 0x00, 0x0F, 0xF8, 0xFF, 0xE0, 0x00,
    0x3F, 0xFF, 0xFE, 0x00, 0x00, 0xFF, 0xFF, 0xE0, 0x00, 0x03, 0xFF, 0xFF, 0xC0, 0x00, 0x0F, 0xFF,
    0xFF, 0x80, 0x00, 0x3F, 0xFF, 0xFF, 0x40, 0x00, 0xFF, 0xE7, 0xFF, 0x00, 0x03, 0xFF, 0x0B, 0xFF,
    0x00, 0x0F, 0xF8, 0x0F, 0xFE, 0x00, 0x3F, 0xE0, 0x0F, 0xFD, 0x00, 0xFF, 0x80, 0x1F, 0xFC, 0x03,
    0xFE, 0x00, 0x2F, 0xFC, 0x0F, 0xF8, 0x00, 0x3F, 0xF8, 0x3F, 0xE0, 0x00, 0x7F, 0xF4, 0xFF, 0x80,
    0x00, 0xBF, 0xF4, 0xFF, 0x80, 0x00, 0x0F, 0xF8, 0x00, 0x00, 0xFF, 0x80, 0x00, 0x0F, 0xF8, 0x00,
    0x00, 0xFF, 0x80, 0x00, 0x0F, 0xF8, 0x00, 0x00, 0xFF, 0x80, 0x00, 0x0F, 0xF8, 0x00, 0x00, 0xFF,
    0x80, 0x00, 0x0F, 0xF8, 0x00, 0x00, 0xFF, 0x80, 0x00, 0x0F, 0xF8, 0x00, 0x00, 0xFF, 0x80, 0x00,
    0x0F, 0xF8, 0x00, 0x00, 0xFF, 0x80, 0x00, 0x0F, 0xF8, 0x00, 0x00, 0xFF, 0x80, 0x00, 0x0F, 0xFF,
    0xFF, 0xFF, 0xFF, 0xFF, 0xFF, 0xFF, 0xFF, 0xFF, 0xFF, 0xFF, 0xFF, 0xFF, 0xF0, 0xFF, 0xC0, 0x00,
    0x00, 0xFF, 0xBF, 0xF4, 0x00, 0x00, 0x7F, 0xEF, 0xFF, 0x00, 0x00, 0x3F, 0xFB, 0xFF, 0xE0, 0x00,
    0x2F, 0xFE, 0xFF, 0xFC, 0x00, 0x1F, 0xFF, 0xBF, 0xFF, 0xC0, 0x0F, 0xFF, 0xEF, 0xFF, 0xF4, 0x0B,
    0xFF, 0xFB, 0xFF, 0xFF, 0x03, 0xFF, 0xFE, 0xFF, 0xFF, 0xE3, 0xFF, 0xFF, 0xBF, 0xEB, 0xFE, 0xFF,
    0x7F, 0xEF, 0xF8, 0xFF, 0xFF, 0x8F, 0xFB, 0xFE, 0x1F, 0xFF, 0xC3, 0xFE, 0xFF, 0x83, 0xFF, 0xD0,
    0xFF, 0xBF, 0xE0, 0x3F, 0xF0, 0x3F, 0xEF, 0xF8, 0x0B, 0xF0, 0x0F, 0xFB, 0xFE, 0x00, 0xF8, 0x03,
    0xFE, 0xFF, 0x80, 0x00, 0x00, 0xFF, 0xBF, 0xE0, 0x00, 0x00, 0x3F, 0xEF, 0xF8, 0x00, 0x00, 0x0F,
    0xFB, 0xFE, 0x00, 0x00, 0x03, 0xFE, 0xFF, 0x80, 0x00, 0x00, 0xFF, 0x80, 0xFF, 0xC0, 0x00, 0x0F,
    0xFB, 0xFF, 0x80, 0x00, 0x3F, 0xEF, 0xFF, 0x40, 0x00, 0xFF, 0xBF, 0xFF, 0x00, 0x03, 0xFE, 0xFF,
    0xFE, 0x00, 0x0F, 0xFB, 0xFF, 0xFD, 0x00, 0x3F, 0xEF, 0xFF, 0xFC, 0x00, 0xFF, 0xBF, 0xFF, 0xFC,
    0x03, 0xFE, 0xFF, 0xBF, 0xF8, 0x0F, 0xFB, 0xFE, 0x7F, 0xF4, 0x3F, 0xEF, 0xF8, 0xBF, 0xF0, 0xFF,
    0xBF, 0xE0, 0xFF, 0xF3, 0xFE, 0xFF, 0x80, 0xFF, 0xEF, 0xFB, 0xFE, 0x01, 0xFF, 0xFF, 0xEF, 0xF8,
    0x02, 0xFF, 0xFF, 0xBF, 0xE0, 0x03, 0xFF, 0xFE, 0xFF, 0x80, 0x03, 0xFF, 0xFB, 0xFE, 0x00, 0x07,
    0xFF, 0xEF, 0xF8, 0x00, 0x0B, 0xFF, 0xBF, 0xE0, 0x00, 0x0F, 0xFE, 0xFF, 0x80, 0x00, 0x0F, 0xF8,
    0x00, 0x06, 0xFF, 0xE4, 0x00, 0x00, 0x0F, 0xFF, 0xFF, 0xD0, 0x00, 0x1F, 0xFF, 0xFF, 0xFE, 0x00,
    0x1F, 0xFF, 0xFF, 0xFF, 0xE0, 0x1F, 0xFF, 0xFF, 0xFF, 0xFD, 0x0F, 0xFF, 0x90, 0x1B, 0xFF, 0xC7,
    0xFF, 0x40, 0x00, 0x7F, 0xF6, 0xFF, 0x80, 0x00, 0x0B, 0xFE, 0xFF, 0xC0, 0x00, 0x00, 0xFF, 0xFF,
    0xF0, 0x00, 0x00, 0x3F, 0xFF, 0xF8, 0x00, 0x00, 0x0B, 0xFF, 0xFF, 0x00, 0x00, 0x03, 0xFF, 0xFF,
    0xC0, 0x00, 0x00, 0xFF, 0xEF, 0xF8, 0x00, 0x00, 0xBF, 0xE7, 0xFF, 0x40, 0x00, 0x7F, 0xF4, 0xFF,
    0xF9, 0x01, 0xBF, 0xFC, 0x1F, 0xFF, 0xFF, 0xFF, 0xFD, 0x01, 0xFF, 0xFF, 0xFF, 0xFE, 0x00, 0x1F,
    0xFF, 0xFF, 0xFE, 0x00, 0x01, 0xFF, 0xFF, 0xFD, 0x00, 0x00, 0x06, 0xFF, 0xE4, 0x00, 0x00, 0xFF,
    0xFF, 0xF8, 0x03, 0xFF, 0xFF, 0xFD, 0x0F, 0xFF, 0xFF, 0xFD, 0x3F, 0xFF, 0xFF, 0xFC, 0xFF, 0x80,
    0x3F, 0xF7, 0xFE, 0x00, 0x7F, 0xEF, 0xF8, 0x00, 0xFF, 0xBF, 0xE0, 0x03, 0xFE, 0xFF, 0x80, 0x1F,
    0xFB, 0xFE, 0x00, 0xFF, 0xDF, 0xFF, 0xFF, 0xFF, 0x3F, 0xFF, 0xFF, 0xF4, 0xFF, 0xFF, 0xFF, 0x43,
    0xFF, 0xFF, 0xE0, 0x0F, 0xF8, 0x00, 0x00, 0x3F, 0xE0, 0x00, 0x00, 0xFF, 0x80, 0x00, 0x03, 0xFE,
    0x00, 0x00, 0x0F, 0xF8, 0x00, 0x00, 0x3F, 0xE0, 0x00, 0x00, 0xFF, 0x80, 0x00, 0x00, 0x00, 0x06,
    0xFF, 0xE4, 0x00, 0x00, 0x0F, 0xFF, 0xFF, 0xD0, 0x00, 0x1F, 0xFF, 0xFF, 0xFE, 0x00, 0x1F, 0xFF,
    0xFF, 0xFF, 0xE0, 0x1F, 0xFF, 0xFF, 0xFF, 0xFD, 0x0F, 0xFF, 0x90, 0x1B, 0xFF, 0xC7, 0xFF, 0x40,
    0x00, 0x7F, 0xF6, 0xFF, 0x80, 0x00, 0x0B, 0xFE, 0xFF, 0xC0, 0x00, 0x00, 0xFF, 0xFF, 0xF0, 0x00,
    0x00, 0x3F, 0xFF, 0xF8, 0x00, 0x00, 0x0B, 0xFF, 0xFF, 0x00, 0x0B, 0x03, 0xFF, 0xFF, 0xC0, 0x1F,
    0xE0, 0xFF, 0xEF, 0xF8, 0x0F, 0xFD, 0xBF, 0xE7, 0xFF, 0x41, 0xFF, 0xFF, 0xF4, 0xFF, 0xF9, 0x2F,
    0xFF, 0xFC, 0x1F, 0xFF, 0xFF, 0xFF, 0xFD, 0x01, 0xFF, 0xFF, 0xFF, 0xFE, 0x00, 0x1F, 0xFF, 0xFF,
    0xFF, 0x00, 0x01, 0xFF, 0xFF, 0xFF, 0xF0, 0x00, 0x06, 0xFF, 0xEF, 0xFE, 0x00, 0x00, 0x00, 0x00,
    0xFF, 0xC0, 0x00, 0x00, 0x00, 0x2F, 0x80, 0x00, 0x00, 0x00, 0x02, 0x40, 0xFF, 0xFF, 0xFE, 0x00,
    0x3F, 0xFF, 0xFF, 0xF8, 0x0F, 0xFF, 0xFF, 0xFF, 0x83, 0xFF, 0xFF, 0xFF, 0xF0, 0xFF, 0x80, 0x0F,
    0xFE, 0x3F, 0xE0, 0x00, 0xFF, 0xCF, 0xF8, 0x00, 0x3F, 0xF3, 0xFE, 0x00, 0x0F, 0xFC, 0xFF, 0x80,
    0x03, 0xFF, 0x3F, 0xE0, 0x02, 0xFF, 0x8F, 0xFF, 0xFF, 0xFF, 0xC3, 0xFF, 0xFF, 0xFF, 0xD0, 0xFF,
    0xFF, 0xFF, 0xD0, 0x3F, 0xFF, 0xFF, 0xE0, 0x0F, 0xF8, 0x1F, 0xFC, 0x03, 0xFE, 0x03, 0xFF, 0x80,
    0xFF, 0x80, 0x3F, 0xF4, 0x3F, 0xE0, 0x0B, 0xFF, 0x0F, 0xF8, 0x00, 0xFF, 0xD3, 0xFE, 0x00, 0x2F,
    0xFC, 0xFF, 0x80, 0x03, 0xFF, 0x80, 0x00, 0x06, 0xFF, 0x90, 0x00, 0x07, 0xFF, 0xFF, 0xE0, 0x01,
    0xFF, 0xFF, 0xFF, 0x80, 0x3F, 0xFF, 0xFF, 0xFC, 0x0B, 0xFE, 0x01, 0xBF, 0x40, 0xFF, 0xC0, 0x01,
    0xD0, 0x0F, 0xFC, 0x00, 0x00, 0x00, 0xFF, 0xF4, 0x00, 0x00, 0x0B, 0xFF, 0xFE, 0x40, 0x00, 0x3F,
    0xFF, 0xFF, 0x80, 0x00, 0xFF, 0xFF, 0xFF, 0x00, 0x02, 0xFF, 0xFF, 0xFC, 0x00, 0x01, 0xBF, 0xFF,
    0xD0, 0x00, 0x00, 0x1F, 0xFE, 0x03, 0x80, 0x00, 0x3F, 0xE0, 0xBE, 0x00, 0x03, 0xFE, 0x2F, 0xFE,
    0x00, 0xBF, 0xD2, 0xFF, 0xFF, 0xFF, 0xFC, 0x0B, 0xFF, 0xFF, 0xFF, 0x40, 0x1F, 0xFF, 0xFF, 0xC0,
    0x00, 0x1B, 0xFF, 0x90, 0x00, 0xFF, 0xFF, 0xFF, 0xFF, 0xFF, 0xFF, 0xFF, 0xFF, 0xFF, 0xFF, 0xFF,
    0xFF, 0xFF, 0xFF, 0xFF, 0xFF, 0xFF, 0x00, 0x0B, 0xFC, 0x00, 0x00, 0x02, 0xFF, 0x00, 0x00, 0x00,
    0xBF, 0xC0, 0x00, 0x00, 0x2F, 0xF0, 0x00, 0x00, 0x0B, 0xFC, 0x00, 0x00, 0x02, 0xFF, 0x00, 0x00,
    0x00, 0xBF, 0xC0, 0x00, 0x00, 0x2F, 0xF0, 0x00, 0x00, 0x0B, 0xFC, 0x00, 0x00, 0x02, 0xFF, 0x00,
    0x00, 0x00, 0xBF, 0xC0, 0x00, 0x00, 0x2F, 0xF0, 0x00, 0x00, 0x0B, 0xFC, 0x00, 0x00, 0x02, 0xFF,
    0x00, 0x00, 0x00, 0xBF, 0xC0, 0x00, 0x00, 0x2F, 0xF0, 0x00, 0x00, 0x0B, 0xFC, 0x00, 0x00, 0xFF,
    0x80, 0x00, 0x3F, 0xEF, 0xF8, 0x00, 0x03, 0xFE, 0xFF, 0x80, 0x00, 0x3F, 0xEF, 0xF8, 0x00, 0x03,
    0xFE, 0xFF, 0x80, 0x00, 0x3F, 0xEF, 0xF8, 0x00, 0x03, 0xFE, 0xFF, 0x80, 0x00, 0x3F, 0xEF, 0xF8,
    0x00, 0x03, 0xFE, 0xFF, 0x80, 0x00, 0x3F, 0xEF, 0xF8, 0x00, 0x03, 0xFE, 0xFF, 0x80, 0x00, 0x3F,
    0xEF, 0xF8, 0x00, 0x03, 0xFE, 0xFF, 0x80, 0x00, 0x3F, 0xEF, 0xFC, 0x00, 0x03, 0xFE, 0xFF, 0xC0,
    0x00, 0x7F, 0xEB, 0xFE, 0x00, 0x0F, 0xFD, 0x3F, 0xF9, 0x07, 0xFF, 0xC2, 0xFF, 0xFF, 0xFF, 0xF4,
    0x0B, 0xFF, 0xFF, 0xFD, 0x00, 0x1F, 0xFF, 0xFF, 0x40, 0x00, 0x1B, 0xFE, 0x40, 0x00, 0xBF, 0xD0,
    0x00, 0x02, 0xFF, 0x5F, 0xFC, 0x00, 0x00, 0xFF, 0xC3, 0xFF, 0x00, 0x00, 0x7F, 0xE0, 0xBF, 0xE0,
    0x00, 0x2F, 0xF4, 0x0F, 0xFC, 0x00, 0x0F, 0xFC, 0x03, 0xFF, 0x40, 0x07, 0xFE, 0x00, 0x7F, 0xE0,
    0x02, 0xFF, 0x00, 0x0F, 0xFC, 0x00, 0xFF, 0x80, 0x02, 0xFF, 0x40, 0x7F, 0xD0, 0x00, 0x3F, 0xF0,
    0x3F, 0xF0, 0x00, 0x0F, 0xFC, 0x0F, 0xF8, 0x00, 0x01, 0xFF, 0x8B, 0xFC, 0x00, 0x00, 0x3F, 0xF3,
    0xFF, 0x00, 0x00, 0x0B, 0xFD, 0xFF, 0x40, 0x00, 0x01, 0xFF, 0xFF, 0xC0, 0x00, 0x00, 0x3F, 0xFF,
    0xE0, 0x00, 0x00, 0x07, 0xFF, 0xF0, 0x00, 0x00, 0x00, 0xFF, 0xFC, 0x00, 0x00, 0x00, 0x2F, 0xFD,
    0x00, 0x00, 0x00, 0x07, 0xFF, 0x00, 0x00, 0x00, 0x00, 0xFF, 0x80, 0x00, 0x00, 0x3F, 0xF0, 0x00,
    0x00, 0x00, 0x00, 0x7F, 0xD2, 0xFF, 0x40, 0x00, 0x00, 0x00, 0x0B, 0xFC, 0x1F, 0xF8, 0x00, 0x05,
    0x40, 0x00, 0xFF, 0xC0, 0xFF, 0xC0, 0x03, 0xFE, 0x00, 0x1F, 0xF8, 0x0F, 0xFC, 0x00, 0x7F, 0xF0,
    0x02, 0xFF, 0x40, 0x7F, 0xD0, 0x0B, 0xFF, 0x40, 0x3F, 0xF0, 0x03, 0xFF, 0x00, 0xFF, 0xF8, 0x03,
    0xFE, 0x00, 0x3F, 0xF0, 0x1F, 0xFF, 0xC0, 0x7F, 0xD0, 0x02, 0xFF, 0x42, 0xFF, 0xFD, 0x0B, 0xFC,
    0x00, 0x1F, 0xF8, 0x3F, 0xFF, 0xF0, 0xFF, 0xC0, 0x00, 0xFF, 0xC7, 0xFD, 0xFF, 0x0F, 0xF8, 0x00,
    0x0B, 0xFC, 0xFF, 0x4F, 0xF5, 0xFF, 0x40, 0x00, 0x7F, 0xDF, 0xF0, 0xBF, 0xEF, 0xF0, 0x00, 0x03,
    0xFF, 0xFF, 0x07, 0xFF, 0xFE, 0x00, 0x00, 0x3F, 0xFF, 0xD0, 0x3F, 0xFF, 0xD0, 0x00, 0x02, 0xFF,
    0xFC, 0x01, 0xFF, 0xFC, 0x00, 0x00, 0x1F, 0xFF, 0x80, 0x0F, 0xFF, 0xC0, 0x00, 0x00, 0xFF, 0xF4,
    0x00, 0xBF, 0xF8, 0x00, 0x00, 0x0B, 0xFF, 0x00, 0x07, 0xFF, 0x00, 0x00, 0x00, 0x7F, 0xE0, 0x00,
    0x3F, 0xF0, 0x00, 0x00, 0x03, 0xFC, 0x00, 0x01, 0xFE, 0x00, 0x00, 0x2F, 0xFD, 0x00, 0x03, 0xFF,
    0xC0, 0xFF, 0xF0, 0x00, 0x7F, 0xF4, 0x03, 0xFF, 0xC0, 0x0F, 0xFE, 0x00, 0x1F, 0xFD, 0x02, 0xFF,
    0xC0, 0x00, 0xBF, 0xF0, 0x7F, 0xF4, 0x00, 0x03, 0xFF, 0xCF, 0xFE, 0x00, 0x00, 0x1F, 0xFF, 0xFF,
    0xC0, 0x00, 0x00, 0xBF, 0xFF, 0xF4, 0x00, 0x00, 0x03, 0xFF, 0xFE, 0x00, 0x00, 0x00, 0x1F, 0xFF,
    0xC0, 0x00, 0x00, 0x00, 0xFF, 0xF4, 0x00, 0x00, 0x00, 0x2F, 0xFF, 0xC0, 0x00, 0x00, 0x03, 0xFF,
    0xFE, 0x00, 0x00, 0x00, 0xFF, 0xFF, 0xF4, 0x00, 0x00, 0x2F, 0xFF, 0xFF, 0xC0, 0x00, 0x07, 0xFF,
    0x4F, 0xFE, 0x00, 0x00, 0xFF, 0xE0, 0x7F, 0xF4, 0x00, 0x2F, 0xFC, 0x03, 0xFF, 0xC0, 0x07, 0xFF,
    0x40, 0x0F, 0xFF, 0x00, 0xFF, 0xE0, 0x00, 0x7F, 0xF8, 0x2F, 0xFC, 0x00, 0x03, 0xFF, 0xD0, 0x2F,
    0xFC, 0x00, 0x02, 0xFF, 0xC0, 0xFF, 0xE0, 0x00, 0x3F, 0xF0, 0x07, 0xFF, 0x00, 0x0F, 0xFE, 0x00,
    0x2F, 0xFC, 0x01, 0xFF, 0xC0, 0x00, 0xFF, 0xE0, 0x3F, 0xF4, 0x00, 0x07, 0xFF, 0x0B, 0xFE, 0x00,
    0x00, 0x2F, 0xFC, 0xFF, 0xC0, 0x00, 0x00, 0xFF, 0xFF, 0xF4, 0x00, 0x00, 0x03, 0xFF, 0xFF, 0x00,
    0x00, 0x00, 0x2F, 0xFF, 0xC0, 0x00, 0x00, 0x00, 0xFF, 0xF4, 0x00, 0x00, 0x00, 0x03, 0xFF, 0x00,
    0x00, 0x00, 0x00, 0x3F, 0xE0, 0x00, 0x00, 0x00, 0x03, 0xFE, 0x00, 0x00, 0x00, 0x00, 0x3F, 0xE0,
    0x00, 0x00, 0x00, 0x03, 0xFE, 0x00, 0x00, 0x00, 0x00, 0x3F, 0xE0, 0x00, 0x00, 0x00, 0x03, 0xFE,
    0x00, 0x00, 0x00, 0x00, 0x3F, 0xE0, 0x00, 0x00, 0x00, 0x03, 0xFE, 0x00, 0x00, 0x00, 0x00, 0x3F,
    0xE0, 0x00, 0x00, 0x3F, 0xFF, 0xFF, 0xFF, 0x3F, 0xFF, 0xFF, 0xFF, 0x3F, 0xFF, 0xFF, 0xFF, 0x3F,
    0xFF, 0xFF, 0xFE, 0x00, 0x00, 0x2F, 0xFC, 0x00, 0x00, 0x7F, 0xF4, 0x00, 0x00, 0xFF, 0xE0, 0x00,
    0x02, 0xFF, 0xC0, 0x00, 0x07, 0xFF, 0x00, 0x00, 0x0F, 0xFE, 0x00, 0x00, 0x3F, 0xFC, 0x00, 0x00,
    0xBF, 0xF0, 0x00, 0x00, 0xFF, 0xE0, 0x00, 0x03, 0xFF, 0xC0, 0x00, 0x0B, 0xFF, 0x00, 0x00, 0x1F,
    0xFD, 0x00, 0x00, 0x3F, 0xFC, 0x00, 0x00, 0xBF, 0xFF, 0xFF, 0xFF, 0xFF, 0xFF, 0xFF, 0xFF, 0xFF,
    0xFF, 0xFF, 0xFF, 0xFF, 0xFF, 0xFF, 0xFF, 0xFF, 0xFF, 0xBF, 0xFF, 0xEF, 0xFF, 0xFB, 0xFF, 0xFE,
    0xFF, 0x80, 0x3F, 0xE0, 0x0F, 0xF8, 0x03, 0xFE, 0x00, 0xFF, 0x80, 0x3F, 0xE0, 0x0F, 0xF8, 0x03,
    0xFE, 0x00, 0xFF, 0x80, 0x3F, 0xE0, 0x0F, 0xF8, 0x03, 0xFE, 0x00, 0xFF, 0x80, 0x3F, 0xE0, 0x0F,
    0xF8, 0x03, 0xFE, 0x00, 0xFF, 0x80, 0x3F, 0xE0, 0x0F, 0xFF, 0xFB, 0xFF, 0xFE, 0xFF, 0xFF, 0xBF,
    0xFF, 0xE0, 0x00, 0x00, 0x3F, 0xD0, 0x00, 0x00, 0x0B, 0xFC, 0x00, 0x00, 0x00, 0xFF, 0x40, 0x00,
    0x00, 0x2F, 0xF0, 0x00, 0x00, 0x03, 0xFD, 0x00, 0x00, 0x00, 0xFF, 0xC0, 0x00, 0x00, 0x1F, 0xF4,
    0x00, 0x00, 0x03, 0xFF, 0x00, 0x00, 0x00, 0x7F, 0xD0, 0x00, 0x00, 0x0F, 0xFC, 0x00, 0x00, 0x01,
    0xFF, 0x40, 0x00, 0x00, 0x3F, 0xF0, 0x00, 0x00, 0x07, 0xFD, 0x00, 0x00, 0x00, 0xFF, 0xC0, 0x00,
    0x00, 0x1F, 0xF4, 0x00, 0x00, 0x03, 0xFF, 0x00, 0x00, 0x00, 0x7F, 0xD0, 0x00, 0x00, 0x0F, 0xFC,
    0x00, 0x00, 0x01, 0xFF, 0x00, 0x00, 0x00, 0x3F, 0xE0, 0x00, 0x00, 0x0B, 0xFC, 0x00, 0x00, 0x00,
    0xFF, 0x80, 0x00, 0x00, 0x2F, 0xF0, 0x00, 0x00, 0x03, 0xFE, 0xFF, 0xFF, 0xBF, 0xFF, 0xEF, 0xFF,
    0xFB, 0xFF, 0xFE, 0x00, 0xFF, 0x80, 0x3F, 0xE0, 0x0F, 0xF8, 0x03, 0xFE, 0x00, 0xFF, 0x80, 0x3F,
    0xE0, 0x0F, 0xF8, 0x03, 0xFE, 0x00, 0xFF, 0x80, 0x3F, 0xE0, 0x0F, 0xF8, 0x03, 0xFE, 0x00, 0xFF,
    0x80, 0x3F, 0xE0, 0x0F, 0xF8, 0x03, 0xFE, 0x00, 0xFF, 0x80, 0x3F, 0xEF, 0xFF, 0xFB, 0xFF, 0xFE,
    0xFF, 0xFF, 0xBF, 0xFF, 0xE0, 0x00, 0x00, 0x00, 0x0B, 0xFC, 0x00, 0x00, 0x03, 0xFF, 0x40, 0x00,
    0x02, 0xFF, 0xF0, 0x00, 0x01, 0xFF, 0xFE, 0x00, 0x00, 0xFF, 0xFF, 0xC0, 0x00, 0x7F, 0xCF, 0xF8,
    0x00, 0x3F, 0xE1, 0xFF, 0x40, 0x2F, 0xF0, 0x3F, 0xF0, 0x0F, 0xF4, 0x03, 0xFD, 0x0F, 0xFC, 0x00,
    0xBF, 0xC7, 0xFD, 0x00, 0x0F, 0xF8, 0x00, 0x00, 0x00, 0x00, 0x0F, 0xFF, 0xFF, 0xFF, 0xFF, 0xFF,
    0xFF, 0xFF, 0xFF, 0xFF, 0xFF, 0xFF, 0xFF, 0xFF, 0xFF, 0xFF, 0xFF, 0xFF, 0xF0, 0x00, 0x00, 0x0F,
    0x00, 0x2F, 0xD0, 0x3F, 0xF8, 0x0B, 0xFE, 0x00, 0xBD, 0x00, 0x08, 0x00, 0xBF, 0xD2, 0xFF, 0x07,
    0xFF, 0xFA, 0xFF, 0x1F, 0xFF, 0xFF, 0xFF, 0x3F, 0xFF, 0xFF, 0xFF, 0x7F, 0xF4, 0x1F, 0xFF, 0xBF,
    0xD0, 0x07, 0xFF, 0xFF, 0xC0, 0x03, 0xFF, 0xFF, 0x80, 0x02, 0xFF, 0xFF, 0x80, 0x02, 0xFF, 0xFF,
    0xC0, 0x03, 0xFF, 0xBF, 0xD0, 0x07, 0xFF, 0x7F, 0xF4, 0x1F, 0xFF, 0x3F, 0xFF, 0xFF, 0xFF, 0x1F,
    0xFF, 0xFF, 0xFF, 0x07, 0xFF, 0xFA, 0xFF, 0x00, 0xBF, 0x92, 0xFF, 0xFF, 0x80, 0x00, 0x00, 0xFF,
    0x80, 0x00, 0x00, 0xFF, 0x80, 0x00, 0x00, 0xFF, 0x80, 0x00, 0x00, 0xFF, 0x80, 0x00, 0x00, 0xFF,
    0x80, 0x00, 0x00, 0xFF, 0x87, 0xFE, 0x00, 0xFF, 0xEF, 0xFF, 0xD0, 0xFF, 0xFF, 0xFF, 0xF0, 0xFF,
    0xFF, 0xFF, 0xFC, 0xFF, 0xF4, 0x1F, 0xFD, 0xFF, 0xD0, 0x07, 0xFE, 0xFF, 0xC0, 0x03, 0xFF, 0xFF,
    0x80, 0x02, 0xFF, 0xFF, 0xC0, 0x03, 0xFF, 0xFF, 0xC0, 0x03, 0xFF, 0xFF, 0xD0, 0x07, 0xFE, 0xFF,
    0xF4, 0x1F, 0xFD, 0xFF, 0xFF, 0xFF, 0xFC, 0xFF, 0xFF, 0xFF, 0xF4, 0xFF, 0xBF, 0xFF, 0xD0, 0xFF,
    0x47, 0xFE, 0x00, 0x00, 0x6F, 0xF9, 0x00, 0x0B, 0xFF, 0xFF, 0x40, 0xFF, 0xFF, 0xFF, 0x4B, 0xFF,
    0xFF, 0xFC, 0x7F, 0xF8, 0x0B, 0xC2, 0xFF, 0x40, 0x05, 0x0F, 0xFC, 0x00, 0x00, 0x3F, 0xF0, 0x00,
    0x00, 0xFF, 0xC0, 0x00, 0x03, 0xFF, 0x00, 0x00, 0x0B, 0xFE, 0x00, 0x00, 0x1F, 0xFE, 0x02, 0xF0,
    0x2F, 0xFF, 0xFF, 0xF0, 0x3F, 0xFF, 0xFF, 0xD0, 0x2F, 0xFF, 0xFD, 0x00, 0x1B, 0xFE, 0x40, 0x00,
    0x00, 0x02, 0xFF, 0x00, 0x00, 0x02, 0xFF, 0x00, 0x00, 0x02, 0xFF, 0x00, 0x00, 0x02, 0xFF, 0x00,
    0x00, 0x02, 0xFF, 0x00, 0x00, 0x02, 0xFF, 0x00, 0xBF, 0xD2, 0xFF, 0x07, 0xFF, 0xFF, 0xFF, 0x0F,
    0xFF, 0xFF, 0xFF, 0x3F, 0xFF, 0xFF, 0xFF, 0x7F, 0xF4, 0x1F, 0xFF, 0xBF, 0xD0, 0x07, 0xFF, 0xFF,
    0xC0, 0x03, 0xFF, 0xFF, 0x80, 0x02, 0xFF, 0xFF, 0x80, 0x02, 0xFF, 0xFF, 0xC0, 0x03, 0xFF, 0xBF,
    0xD0, 0x07, 0xFF, 0x7F, 0xF4, 0x1F, 0xFF, 0x3F, 0xFF, 0xFF, 0xFF, 0x1F, 0xFF, 0xFF, 0xFF, 0x07,
    0xFF, 0xFE, 0xFF, 0x00, 0xBF, 0xD1, 0xFF, 0x00, 0x6F, 0xF4, 0x00, 0x0F, 0xFF, 0xFD, 0x00, 0xFF,
    0xFF, 0xFD, 0x0B, 0xFF, 0xFF, 0xFC, 0x7F, 0xF4, 0x1F, 0xF6, 0xFF, 0x40, 0x1F, 0xEF, 0xFF, 0xFF,
    0xFF, 0xFF, 0xFF, 0xFF, 0xFF, 0xFF, 0xFF, 0xFF, 0xFF, 0xFF, 0x00, 0x00, 0x0B, 0xFE, 0x00, 0x00,
    0x1F, 0xFE, 0x41, 0xB0, 0x2F, 0xFF, 0xFF, 0xE0, 0x3F, 0xFF, 0xFF, 0xC0, 0x2F, 0xFF, 0xFD, 0x00,
    0x0B, 0xFE, 0x40, 0x00, 0x2F, 0xE0, 0x01, 0xFF, 0xFC, 0x03, 0xFF, 0xF8, 0x0B, 0xFF, 0xF0, 0x0F,
    0xFC, 0x00, 0x0F, 0xF8, 0x00, 0xFF, 0xFF, 0xF0, 0xFF, 0xFF, 0xF0, 0xFF, 0xFF, 0xF0, 0xFF, 0xFF,
    0xF0, 0x0F, 0xF8, 0x00, 0x0F, 0xF8, 0x00, 0x0F, 0xF8, 0x00, 0x0F, 0xF8, 0x00, 0x0F, 0xF8, 0x00,
    0x0F, 0xF8, 0x00, 0x0F, 0xF8, 0x00, 0x0F, 0xF8, 0x00, 0x0F, 0xF8, 0x00, 0x0F, 0xF8, 0x00, 0x0F,
    0xF8, 0x00, 0x0F, 0xF8, 0x00, 0x00, 0x7F, 0xE0, 0xFF, 0x80, 0xFF, 0xFF, 0xBF, 0xE0, 0xFF, 0xFF,
    0xFF, 0xF8, 0xFF, 0xFF, 0xFF, 0xFE, 0x7F, 0xF8, 0x0B, 0xFF, 0xAF, 0xF4, 0x00, 0xBF, 0xEF, 0xFC,
    0x00, 0x0F, 0xFB, 0xFF, 0x00, 0x03, 0xFE, 0xFF, 0xC0, 0x00, 0xFF, 0xBF, 0xF0, 0x00, 0x3F, 0xEB,
    0xFD, 0x00, 0x2F, 0xF9, 0xFF, 0xE0, 0x2F, 0xFE, 0x3F, 0xFF, 0xFF, 0xFF, 0x83, 0xFF, 0xFF, 0xFF,
    0xE0, 0x3F, 0xFF, 0xDF, 0xF8, 0x01, 0xFF, 0x83, 0xFE, 0x00, 0x00, 0x02, 0xFF, 0x40, 0xD0, 0x06,
    0xFF, 0xC0, 0xFF, 0xFF, 0xFF, 0xE0, 0x7F, 0xFF, 0xFF, 0xF0, 0x0B, 0xFF, 0xFF, 0xE0, 0x00, 0x1B,
    0xFF, 0x80, 0x00, 0xFF, 0x80, 0x00, 0x03, 0xFE, 0x00, 0x00, 0x0F, 0xF8, 0x00, 0x00, 0x3F, 0xE0,
    0x00, 0x00, 0xFF, 0x80, 0x00, 0x03, 0xFE, 0x00, 0x00, 0x0F, 0xF8, 0x6F, 0xE0, 0x3F, 0xEB, 0xFF,
    0xF0, 0xFF, 0xFF, 0xFF, 0xF3, 0xFF, 0xFF, 0xFF, 0xDF, 0xFF, 0x43, 0xFF, 0xBF, 0xF0, 0x03, 0xFE,
    0xFF, 0x80, 0x0F, 0xFB, 0xFE, 0x00, 0x3F, 0xEF, 0xF8, 0x00, 0xFF, 0xBF, 0xE0, 0x03, 0xFE, 0xFF,
    0x80, 0x0F, 0xFB, 0xFE, 0x00, 0x3F, 0xEF, 0xF8, 0x00, 0xFF, 0xBF, 0xE0, 0x03, 0xFE, 0xFF, 0x80,
    0x0F, 0xFB, 0xFE, 0x00, 0x3F, 0xE0, 0x2F, 0x8F, 0xFF, 0xFF, 0xFF, 0xFF, 0x2F, 0x80, 0x00, 0x00,
    0x00, 0x00, 0xBF, 0xCB, 0xFC, 0xBF, 0xCB, 0xFC, 0xBF, 0xCB, 0xFC, 0xBF, 0xCB, 0xFC, 0xBF, 0xCB,
    0xFC, 0xBF, 0xCB, 0xFC, 0xBF, 0xCB, 0xFC, 0xBF, 0xCB, 0xFC, 0x00, 0x2F, 0x80, 0x0F, 0xFF, 0x00,
    0xFF, 0xF0, 0x0F, 0xFF, 0x00, 0x2F, 0x80, 0x00, 0x00, 0x00, 0x00, 0x00, 0x00, 0x00, 0x00, 0xBF,
    0xC0, 0x0B, 0xFC, 0x00, 0xBF, 0xC0, 0x0B, 0xFC, 0x00, 0xBF, 0xC0, 0x0B, 0xFC, 0x00, 0xBF, 0xC0,
    0x0B, 0xFC, 0x00, 0xBF, 0xC0, 0x0B, 0xFC, 0x00, 0xBF, 0xC0, 0x0B, 0xFC, 0x00, 0xBF, 0xC0, 0x0B,
    0xFC, 0x00, 0xBF, 0xC0, 0x0F, 0xFC, 0x00, 0xFF, 0xC0, 0x2F, 0xFC, 0x2F, 0xFF, 0x82, 0xFF, 0xF0,
    0x0F, 0xFD, 0x00, 0xBE, 0x00, 0xFF, 0x80, 0x00, 0x00, 0x3F, 0xE0, 0x00, 0x00, 0x0F, 0xF8, 0x00,
    0x00, 0x03, 0xFE, 0x00, 0x00, 0x00, 0xFF, 0x80, 0x00, 0x00, 0x3F, 0xE0, 0x00, 0x00, 0x0F, 0xF8,
    0x01, 0xFF, 0xE3, 0xFE, 0x01, 0xFF, 0xE0, 0xFF, 0x81, 0xFF, 0xE0, 0x3F, 0xE1, 0xFF, 0xE0, 0x0F,
    0xF8, 0xFF, 0xE0, 0x03, 0xFF, 0xFF, 0xD0, 0x00, 0xFF, 0xFF, 0xD0, 0x00, 0x3F, 0xFF, 0xF8, 0x00,
    0x0F, 0xFF, 0xFF, 0x40, 0x03, 0xFF, 0xFF, 0xF0, 0x00, 0xFF, 0xDB, 0xFF, 0x00, 0x3F, 0xE0, 0xFF,
    0xE0, 0x0F, 0xF8, 0x0F, 0xFD, 0x03, 0xFE, 0x01, 0xFF, 0xC0, 0xFF, 0x80, 0x2F, 0xFC, 0x3F, 0xE0,
    0x03, 0xFF, 0x80, 0xFF, 0xBF, 0xEF, 0xFB, 0xFE, 0xFF, 0xBF, 0xEF, 0xFB, 0xFE, 0xFF, 0xBF, 0xEF,
    0xFB, 0xFE, 0xFF, 0xBF, 0xEF, 0xFB, 0xFE, 0xFF, 0xBF, 0xEF, 0xFB, 0xFE, 0xFF, 0xBF, 0xE0, 0xFF,
    0x86, 0xFE, 0x00, 0x7F, 0xE0, 0x3F, 0xFB, 0xFF, 0xF1, 0xFF, 0xFF, 0x0F, 0xFF, 0xFF, 0xFF, 0xFF,
    0xFF, 0xF3, 0xFF, 0xFB, 0xFF, 0xFF, 0xBF, 0xFD, 0xFF, 0xE0, 0x2F, 0xFE, 0x02, 0xFF, 0xBF, 0xF0,
    0x03, 0xFF, 0x00, 0x3F, 0xEF, 0xF8, 0x00, 0xFF, 0x80, 0x0F, 0xFB, 0xFE, 0x00, 0x3F, 0xE0, 0x03,
    0xFE, 0xFF, 0x80, 0x0F, 0xF8, 0x00, 0xFF, 0xBF, 0xE0, 0x03, 0xFE, 0x00, 0x3F, 0xEF, 0xF8, 0x00,
    0xFF, 0x80, 0x0F, 0xFB, 0xFE, 0x00, 0x3F, 0xE0, 0x03, 0xFE, 0xFF, 0x80, 0x0F, 0xF8, 0x00, 0xFF,
    0xBF, 0xE0, 0x03, 0xFE, 0x00, 0x3F, 0xEF, 0xF8, 0x00, 0xFF, 0x80, 0x0F, 0xFB, 0xFE, 0x00, 0x3F,
    0xE0, 0x03, 0xFE, 0xFF, 0x82, 0xFE, 0x03, 0xFE, 0xBF, 0xFF, 0x4F, 0xFF, 0xFF, 0xFF, 0x3F, 0xFF,
    0xFF, 0xFD, 0xFF, 0xF4, 0x3F, 0xFB, 0xFF, 0x00, 0x3F, 0xEF, 0xF8, 0x00, 0xFF, 0xBF, 0xE0, 0x03,
    0xFE, 0xFF, 0x80, 0x0F, 0xFB, 0xFE, 0x00, 0x3F, 0xEF, 0xF8, 0x00, 0xFF, 0xBF, 0xE0, 0x03, 0xFE,
    0xFF, 0x80, 0x0F, 0xFB, 0xFE, 0x00, 0x3F, 0xEF, 0xF8, 0x00, 0xFF, 0xBF, 0xE0, 0x03, 0xFE, 0x00,
    0x2F, 0xFD, 0x00, 0x00, 0xBF, 0xFF, 0xF4, 0x00, 0xFF, 0xFF, 0xFF, 0x80, 0xBF, 0xFF, 0xFF, 0xF4,
    0x3F, 0xF8, 0x0F, 0xFF, 0x2F, 0xF8, 0x00, 0xFF, 0xDF, 0xFC, 0x00, 0x1F, 0xFB, 0xFF, 0x00, 0x03,
    0xFE, 0xFF, 0xC0, 0x00, 0xFF, 0xBF, 0xF0, 0x00, 0x7F, 0xEB, 0xFE, 0x00, 0x3F, 0xF4, 0xFF, 0xE0,
    0x3F, 0xFC, 0x2F, 0xFF, 0xFF, 0xFD, 0x03, 0xFF, 0xFF, 0xFE, 0x00, 0x2F, 0xFF, 0xFD, 0x00, 0x00,
    0xBF, 0xF4, 0x00, 0xFF, 0x86, 0xFE, 0x00, 0xFF, 0xFF, 0xFF, 0xD0, 0xFF, 0xFF, 0xFF, 0xF4, 0xFF,
    0xFF, 0xFF, 0xFC, 0xFF, 0xF4, 0x1F, 0xFD, 0xFF, 0xD0, 0x07, 0xFE, 0xFF, 0xC0, 0x03, 0xFF, 0xFF,
    0x80, 0x02, 0xFF, 0xFF, 0x80, 0x02, 0xFF, 0xFF, 0xC0, 0x03, 0xFF, 0xFF, 0xD0, 0x07, 0xFE, 0xFF,
    0xF4, 0x1F, 0xFD, 0xFF, 0xFF, 0xFF, 0xFC, 0xFF, 0xFF, 0xFF, 0xF4, 0xFF, 0xEF, 0xFF, 0xD0, 0xFF,
    0x86, 0xFE, 0x00, 0xFF, 0x80, 0x00, 0x00, 0xFF, 0x80, 0x00, 0x00, 0xFF, 0x80, 0x00, 0x00, 0xFF,
    0x80, 0x00, 0x00, 0xFF, 0x80, 0x00, 0x00, 0xFF, 0x80, 0x00, 0x00, 0x00, 0xBF, 0xD2, 0xFF, 0x07,
    0xFF, 0xFF, 0xFF, 0x1F, 0xFF, 0xFF, 0xFF, 0x3F, 0xFF, 0xFF, 0xFF, 0x7F, 0xF4, 0x1F, 0xFF, 0xBF,
    0xD0, 0x07, 0xFF, 0xFF, 0xC0, 0x03, 0xFF, 0xFF, 0x80, 0x02, 0xFF, 0xFF, 0x80, 0x02, 0xFF, 0xFF,
    0xC0, 0x03, 0xFF, 0xBF, 0xD0, 0x07, 0xFF, 0x7F, 0xF4, 0x1F, 0xFF, 0x3F, 0xFF, 0xFF, 0xFF, 0x0F,
    0xFF, 0xFF, 0xFF, 0x07, 0xFF, 0xFF, 0xFF, 0x00, 0xBF, 0xD2, 0xFF, 0x00, 0x00, 0x02, 0xFF, 0x00,
    0x00, 0x02, 0xFF, 0x00, 0x00, 0x02, 0xFF, 0x00, 0x00, 0x02, 0xFF, 0x00, 0x00, 0x02, 0xFF, 0x00,
    0x00, 0x02, 0xFF, 0xFF, 0x82, 0xFC, 0xFF, 0x9F, 0xFC, 0xFF, 0xFF, 0xF8, 0xFF, 0xFF, 0xF4, 0xFF,
    0xFF, 0xF0, 0xFF, 0xF4, 0x10, 0xFF, 0xC0, 0x00, 0xFF, 0xC0, 0x00, 0xFF, 0x80, 0x00, 0xFF, 0x80,
    0x00, 0xFF, 0x80, 0x00, 0xFF, 0x80, 0x00, 0xFF, 0x80, 0x00, 0xFF, 0x80, 0x00, 0xFF, 0x80, 0x00,
    0xFF, 0x80, 0x00, 0x00, 0xBF, 0xF4, 0x00, 0x7F, 0xFF, 0xF8, 0x0F, 0xFF, 0xFF, 0xD2, 0xFF, 0x02,
    0xF4, 0x3F, 0xF0, 0x05, 0x03, 0xFF, 0x90, 0x00, 0x2F, 0xFF, 0xE4, 0x00, 0xFF, 0xFF, 0xF0, 0x07,
    0xFF, 0xFF, 0xC0, 0x07, 0xFF, 0xFE, 0x00, 0x01, 0xFF, 0xE0, 0x20, 0x03, 0xFE, 0x1F, 0xD0, 0x7F,
    0xD3, 0xFF, 0xFF, 0xFC, 0x1F, 0xFF, 0xFF, 0x00, 0x1B, 0xFE, 0x40, 0x02, 0xA9, 0x00, 0x0F, 0xF8,
    0x00, 0x3F, 0xE0, 0x00, 0xFF, 0x80, 0xBF, 0xFF, 0xFA, 0xFF, 0xFF, 0xEB, 0xFF, 0xFF, 0xAF, 0xFF,
    0xFE, 0x03, 0xFE, 0x00, 0x0F, 0xF8, 0x00, 0x3F, 0xE0, 0x00, 0xFF, 0x80, 0x03, 0xFE, 0x00, 0x0F,
    0xF8, 0x00, 0x3F, 0xE0, 0x00, 0xFF, 0x80, 0x03, 0xFE, 0x00, 0x0F, 0xF8, 0x00, 0x3F, 0xE0, 0x00,
    0xFF, 0x80, 0xFF, 0x80, 0x0F, 0xFB, 0xFE, 0x00, 0x3F, 0xEF, 0xF8, 0x00, 0xFF, 0xBF, 0xE0, 0x03,
    0xFE, 0xFF, 0x80, 0x0F, 0xFB, 0xFE, 0x00, 0x3F, 0xEF, 0xF8, 0x00, 0xFF, 0xBF, 0xE0, 0x03, 0xFE,
    0xFF, 0x80, 0x0F, 0xFB, 0xFF, 0x00, 0x3F, 0xEF, 0xFC, 0x01, 0xFF, 0xBF, 0xF8, 0x1F, 0xFE, 0xBF,
    0xFF, 0xFF, 0xF8, 0xFF, 0xFF, 0xFF, 0xE1, 0xFF, 0xFD, 0xFF, 0x80, 0xBF, 0x83, 0xFE, 0x7F, 0xE0,
    0x00, 0xFF, 0xC3, 0xFF, 0x00, 0x1F, 0xF8, 0x2F, 0xF4, 0x02, 0xFF, 0x00, 0xFF, 0x80, 0x3F, 0xF0,
    0x0F, 0xFC, 0x07, 0xFD, 0x00, 0x7F, 0xD0, 0xBF, 0xC0, 0x03, 0xFE, 0x0F, 0xF8, 0x00, 0x2F, 0xF1,
    0xFF, 0x00, 0x00, 0xFF, 0x2F, 0xE0, 0x00, 0x0F, 0xFB, 0xFD, 0x00, 0x00, 0x7F, 0xFF, 0xC0, 0x00,
    0x03, 0xFF, 0xF4, 0x00, 0x00, 0x2F, 0xFF, 0x00, 0x00, 0x00, 0xFF, 0xE0, 0x00, 0x00, 0x0F, 0xFC,
    0x00, 0x00, 0x00, 0x7F, 0x80, 0x00, 0x7F, 0xD0, 0x00, 0x00, 0x03, 0xFF, 0x3F, 0xE0, 0x00, 0x00,
    0x07, 0xFD, 0x3F, 0xF0, 0x07, 0xE0, 0x0B, 0xFC, 0x2F, 0xF0, 0x0F, 0xF0, 0x0F, 0xFC, 0x0F, 0xF8,
    0x0F, 0xF4, 0x0F, 0xF8, 0x0F, 0xFC, 0x2F, 0xFC, 0x1F, 0xF0, 0x0B, 0xFC, 0x3F, 0xFD, 0x2F, 0xF0,
    0x07, 0xFD, 0x7F, 0xFE, 0x3F, 0xE0, 0x03, 0xFE, 0xFF, 0xBF, 0x7F, 0xC0, 0x02, 0xFF, 0xFD, 0x7F,
    0xFF, 0xC0, 0x01, 0xFF, 0xFC, 0x3F, 0xFF, 0x80, 0x00, 0xFF, 0xF8, 0x2F, 0xFF, 0x00, 0x00, 0xBF,
    0xF4, 0x0F, 0xFF, 0x00, 0x00, 0x7F, 0xF0, 0x0B, 0xFE, 0x00, 0x00, 0x3F, 0xD0, 0x07, 0xFC, 0x00,
    0x00, 0x2F, 0xC0, 0x03, 0xFC, 0x00, 0x3F, 0xF8, 0x03, 0xFF, 0x81, 0xFF, 0xC0, 0x7F, 0xF0, 0x0B,
    0xFF, 0x0F, 0xFC, 0x00, 0x3F, 0xF9, 0xFF, 0x40, 0x00, 0xFF, 0xFF, 0xF0, 0x00, 0x07, 0xFF, 0xFC,
    0x00, 0x00, 0x2F, 0xFF, 0x40, 0x00, 0x00, 0xFF, 0xF0, 0x00, 0x00, 0x1F, 0xFF, 0x00, 0x00, 0x03,
    0xFF, 0xF8, 0x00, 0x00, 0xBF, 0xFF, 0xD0, 0x00, 0x1F, 0xFB, 0xFF, 0x00, 0x03, 0xFF, 0x2F, 0xF8,
    0x00, 0xBF, 0xD0, 0xFF, 0xD0, 0x1F, 0xFC, 0x07, 0xFF, 0x03, 0xFF, 0x40, 0x2F, 0xFC, 0x3F, 0xF0,
    0x00, 0x3F, 0xF0, 0xBF, 0xD0, 0x01, 0xFF, 0x81, 0xFF, 0xC0, 0x0F, 0xFD, 0x03, 0xFF, 0x40, 0x3F,
    0xF0, 0x07, 0xFE, 0x02, 0xFF, 0x40, 0x0F, 0xFC, 0x0F, 0xFC, 0x00, 0x1F, 0xF8, 0x3F, 0xE0, 0x00,
    0x3F, 0xF2, 0xFF, 0x00, 0x00, 0xBF, 0xDF, 0xF8, 0x00, 0x00, 0xFF, 0xFF, 0xD0, 0x00, 0x02, 0xFF,
    0xFF, 0x00, 0x00, 0x03, 0xFF, 0xF4, 0x00, 0x00, 0x0B, 0xFF, 0xC0, 0x00, 0x00, 0x0F, 0xFE, 0x00,
    0x00, 0x00, 0x3F, 0xF0, 0x00, 0x00, 0x00, 0xBF, 0x80, 0x00, 0x00, 0x03, 0xFD, 0x00, 0x00, 0x00,
    0x2F, 0xF0, 0x00, 0x00, 0x00, 0xFF, 0x80, 0x00, 0x00, 0x07, 0xFC, 0x00, 0x00, 0x00, 0x3F, 0xE0,
    0x00, 0x00, 0x01, 0xFF, 0x40, 0x00, 0x00, 0xFF, 0xFF, 0xFF, 0xCF, 0xFF, 0xFF, 0xFC, 0xFF, 0xFF,
    0xFF, 0xCF, 0xFF, 0xFF, 0xF8, 0x00, 0x0B, 0xFF, 0x00, 0x01, 0xFF, 0xC0, 0x00, 0x3F, 0xF4, 0x00,
    0x0F, 0xFD, 0x00, 0x02, 0xFF, 0x80, 0x00, 0x7F, 0xF0, 0x00, 0x0F, 0xFC, 0x00, 0x03, 0xFF, 0x40,
    0x00, 0xBF, 0xFF, 0xFF, 0xDF, 0xFF, 0xFF, 0xFD, 0xFF, 0xFF, 0xFF, 0xDF, 0xFF, 0xFF, 0xFD, 0x00,
    0x00, 0x14, 0x00, 0x07, 0xF8, 0x00, 0x2F, 0xFC, 0x00, 0x7F, 0xFC, 0x00, 0xFF, 0xE0, 0x00, 0xFF,
    0xC0, 0x00, 0xFF, 0x80, 0x00, 0xFF, 0x80, 0x00, 0xFF, 0x80, 0x00, 0xFF, 0x80, 0x00, 0xFF, 0x80,
    0x03, 0xFF, 0x40, 0xBF, 0xFD, 0x00, 0xBF, 0xE0, 0x00, 0xBF, 0xF4, 0x00, 0xBF, 0xFE, 0x00, 0x03,
    0xFF, 0x40, 0x00, 0xFF, 0x80, 0x00, 0xFF, 0x80, 0x00, 0xFF, 0x80, 0x00, 0xFF, 0x80, 0x00, 0xFF,
    0xC0, 0x00, 0xFF, 0xC0, 0x00, 0xFF, 0xF4, 0x00, 0x7F, 0xFC, 0x00, 0x2F, 0xFC, 0x00, 0x06, 0xF8,
    0x00, 0x00, 0x10, 0xFF, 0xBF, 0xEF, 0xFB, 0xFE, 0xFF, 0xBF, 0xEF, 0xFB, 0xFE, 0xFF, 0xBF, 0xEF,
    0xFB, 0xFE, 0xFF, 0xBF, 0xEF, 0xFB, 0xFE, 0xFF, 0xBF, 0xEF, 0xFB, 0xFE, 0xFF, 0xBF, 0xEF, 0xFB,
    0xFE, 0xFF, 0xBF, 0xEF, 0xFB, 0xFE, 0x14, 0x00, 0x00, 0xFE, 0x00, 0x03, 0xFF, 0x40, 0x2F, 0xFF,
    0x00, 0x1F, 0xFD, 0x00, 0x1F, 0xF8, 0x00, 0x3F, 0xE0, 0x00, 0xFF, 0x80, 0x03, 0xFE, 0x00, 0x0F,
    0xF8, 0x00, 0x3F, 0xF0, 0x00, 0xBF, 0xE0, 0x00, 0xBF, 0xFC, 0x00, 0x7F, 0xF0, 0x01, 0xFF, 0xC0,
    0x3F, 0xFF, 0x02, 0xFF, 0x80, 0x0F, 0xFC, 0x00, 0x3F, 0xE0, 0x00, 0xFF, 0x80, 0x03, 0xFE, 0x00,
    0x0F, 0xF8, 0x00, 0x7F, 0xE0, 0x07, 0xFF, 0x40, 0xBF, 0xFC, 0x00, 0xFF, 0xC0, 0x03, 0xF8, 0x00,
    0x05, 0x00, 0x00, 0x0B, 0xF4, 0x03, 0xF4, 0xFF, 0xFD, 0x1F, 0xD7, 0xFF, 0xFF, 0xFF, 0x2F, 0xFF,
    0xFF, 0xFC, 0xFD, 0x1F, 0xFF, 0xD3, 0xF0, 0x06, 0xFD, 0x00, 0x3E, 0x3F, 0xEF, 0xFB, 0xFE, 0x3E,
    0x00, 0x00, 0x00, 0x00, 0x3F, 0x0F, 0xC7, 0xF1, 0xFC, 0xBF, 0x6F, 0xDF, 0xFB, 0xFE, 0xFF, 0xBF,
    0xEF, 0xFB, 0xFE, 0xFF, 0x80, 0x00, 0x0F, 0xF0, 0x00, 0x00, 0x3F, 0xC0, 0x00, 0x02, 0xFF, 0x90,
    0x00, 0xBF, 0xFF, 0xF4, 0x0B, 0xFF, 0xFF, 0xF4, 0xBF, 0xFF, 0xFF, 0xC3, 0xFF, 0xBD, 0xBD, 0x2F,
    0xF8, 0xF0, 0x60, 0xFF, 0xC3, 0xC0, 0x03, 0xFF, 0x0F, 0x00, 0x0F, 0xF8, 0x3C, 0x00, 0x3F, 0xF0,
    0xF0, 0x00, 0xFF, 0xC3, 0xC0, 0x02, 0xFF, 0x8F, 0x05, 0x03, 0xFF, 0xBD, 0x7D, 0x0B, 0xFF, 0xFF,
    0xFC, 0x0B, 0xFF, 0xFF, 0xF4, 0x0B, 0xFF, 0xFF, 0x40, 0x02, 0xFF, 0x90, 0x00, 0x03, 0xFC, 0x00,
    0x00, 0x0F, 0xF0, 0x00, 0x00, 0x07, 0xFF, 0x80, 0x00, 0x07, 0xFF, 0xFF, 0x80, 0x01, 0xFF, 0xFF,
    0xFD, 0x00, 0x3F, 0xFF, 0xFF, 0x40, 0x07, 0xFF, 0x42, 0xC0, 0x00, 0xBF, 0xD0, 0x00, 0x00, 0x0B,
    0xFC, 0x00, 0x00, 0x00, 0xBF, 0xC0, 0x00, 0x00, 0x07, 0xFD, 0x00, 0x00, 0x03, 0xFF, 0xFF, 0xFC,
    0x00, 0x3F, 0xFF, 0xFF, 0xC0, 0x03, 0xFF, 0xFF, 0xFC, 0x00, 0x00, 0xBF, 0xC0, 0x00, 0x00, 0x03,
    0xFC, 0x00, 0x00, 0x00, 0x3F, 0xC0, 0x00, 0x00, 0x03, 0xF8, 0x00, 0x00, 0x0B, 0xFF, 0xE4, 0x05,
    0x07, 0xFF, 0xFF, 0xFF, 0xF0, 0x3F, 0xFF, 0xFF, 0xFF, 0xC3, 0xFF, 0xFF, 0xFF, 0xFC, 0x19, 0x00,
    0x6F, 0xF9, 0x00, 0x00, 0x00, 0x00, 0x40, 0x07, 0x40, 0x02, 0xD0, 0x0F, 0xEF, 0xFB, 0xF4, 0x3F,
    0xFF, 0xFF, 0xFC, 0x2F, 0xFF, 0xFF, 0xF4, 0x0B, 0xFF, 0xFF, 0xE0, 0x0F, 0xF8, 0x2F, 0xF0, 0x0F,
    0xF0, 0x0F, 0xF0, 0x0F, 0xF0, 0x0F, 0xF0, 0x0F, 0xF8, 0x2F, 0xF0, 0x0B, 0xFF, 0xFF, 0xF0, 0x2F,
    0xFF, 0xFF, 0xF8, 0x3F, 0xFF, 0xFF, 0xFC, 0x0F, 0xEF, 0xFB, 0xF0, 0x03, 0x40, 0x01, 0xC0, 0x00,
    0x00, 0x00, 0x00, 0xBF, 0xF0, 0x00, 0x07, 0xFF, 0x0F, 0xFE, 0x00, 0x03, 0xFF, 0x80, 0xFF, 0xD0,
    0x02, 0xFF, 0xC0, 0x2F, 0xFC, 0x00, 0xFF, 0xC0, 0x03, 0xFF, 0x80, 0xFF, 0xE0, 0x00, 0x7F, 0xF0,
    0x7F, 0xF0, 0x00, 0x0B, 0xFF, 0x3F, 0xF4, 0x00, 0x00, 0xFF, 0xFF, 0xF8, 0x00, 0x00, 0x1F, 0xFF,
    0xFC, 0x00, 0x00, 0x02, 0xFF, 0xFD, 0x00, 0x00, 0x00, 0x3F, 0xFE, 0x00, 0x00, 0x00, 0x07, 0xFF,
    0x00, 0x00, 0x00, 0xBF, 0xFF, 0xFF, 0xC0, 0x00, 0x2F, 0xFF, 0xFF, 0xF0, 0x00, 0x00, 0x0F, 0xF8,
    0x00, 0x00, 0x02, 0xFF, 0xFF, 0xFF, 0x00, 0x00, 0xBF, 0xFF, 0xFF, 0xC0, 0x00, 0x00, 0x3F, 0xF0,
    0x00, 0x00, 0x00, 0x0F, 0xF8, 0x00, 0x00, 0x00, 0x03, 0xFE, 0x00, 0x00, 0x00, 0x00, 0xFF, 0x80,
    0x00, 0x00, 0xFF, 0xBF, 0xEF, 0xFB, 0xFE, 0xFF, 0xBF, 0xEF, 0xFB, 0xFE, 0xFF, 0xBF, 0xEF, 0xFB,
    0xFE, 0x00, 0x00, 0x00, 0x00, 0x00, 0xFF, 0xBF, 0xEF, 0xFB, 0xFE, 0xFF, 0xBF, 0xEF, 0xFB, 0xFE,
    0xFF, 0xBF, 0xEF, 0xFB, 0xFE, 0x00, 0x6F, 0xF9, 0x00, 0x0F, 0xFF, 0xFF, 0x00, 0xFF, 0xFF, 0xFF,
    0x07, 0xFF, 0xFF, 0xFC, 0x2F, 0xF8, 0x1B, 0xC0, 0xBF, 0xC0, 0x05, 0x02, 0xFF, 0x80, 0x00, 0x03,
    0xFF, 0xD0, 0x00, 0x07, 0xFF, 0xF9, 0x00, 0x2F, 0xFF, 0xFF, 0x03, 0xFF, 0xFF, 0xFF, 0x2F, 0xF4,
    0x6F, 0xFE, 0xFF, 0xC0, 0x0F, 0xFF, 0xFF, 0x00, 0x3F, 0xFB, 0xFF, 0x41, 0xFF, 0x8F, 0xFF, 0xFF,
    0xFC, 0x1F, 0xFF, 0xFF, 0xC0, 0x07, 0xFF, 0xFD, 0x00, 0x01, 0xBF, 0xFC, 0x00, 0x00, 0x2F, 0xF8,
    0x08, 0x00, 0x3F, 0xE0, 0xFE, 0x01, 0xFF, 0x8B, 0xFF, 0xFF, 0xFD, 0x1F, 0xFF, 0xFF, 0xF0, 0x1F,
    0xFF, 0xFF, 0x00, 0x06, 0xFF, 0xD0, 0x00, 0x00, 0x00, 0x00, 0x00, 0x3E, 0x00, 0xBC, 0xFF, 0x82,
    0xFF, 0xFF, 0x82, 0xFF, 0xFF, 0x82, 0xFF, 0x7E, 0x00, 0xBC, 0x00, 0x02, 0xFF, 0xE0, 0x00, 0x00,
    0x02, 0xFF, 0xFF, 0xF0, 0x00, 0x01, 0xFF, 0x40, 0x6F, 0xD0, 0x00, 0x3F, 0x40, 0x00, 0x3F, 0x40,
    0x0F, 0xC0, 0x00, 0x00, 0xBC, 0x02, 0xF0, 0x07, 0xFD, 0x03, 0xF0, 0x3D, 0x03, 0xFF, 0xF8, 0x0F,
    0x07, 0xC0, 0xFF, 0xFF, 0x80, 0xB8, 0xB4, 0x1F, 0xFF, 0xF0, 0x07, 0xCF, 0x43, 0xFF, 0x01, 0x00,
    0x3C, 0xF0, 0x3F, 0xC0, 0x00, 0x03, 0xCF, 0x03, 0xFC, 0x00, 0x00, 0x3C, 0xF4, 0x3F, 0xF0, 0x10,
    0x03, 0xCB, 0x81, 0xFF, 0xFF, 0x00, 0x7C, 0x7C, 0x0F, 0xFF, 0xF8, 0x0B, 0x83, 0xD0, 0x3F, 0xFF,
    0xC0, 0xF0, 0x2F, 0x00, 0x7F, 0xD0, 0x3E, 0x00, 0xFC, 0x00, 0x00, 0x0B, 0xC0, 0x03, 0xF4, 0x00,
    0x03, 0xF4, 0x00, 0x0F, 0xF4, 0x06, 0xFD, 0x00, 0x00, 0x2F, 0xFF, 0xFF, 0x00, 0x00, 0x00, 0x2F,
    0xFE, 0x00, 0x00, 0x0B, 0xE7, 0xF3, 0xFF, 0xFF, 0xBF, 0xFF, 0xFF, 0xE0, 0xBF, 0xFD, 0x07, 0xFF,
    0xD0, 0x7F, 0xFE, 0x0F, 0xFB, 0xFF, 0xFF, 0x3F, 0xFF, 0xF0, 0xFE, 0x00, 0x00, 0x00, 0x00, 0x40,
    0x00, 0xF4, 0x01, 0xE0, 0x02, 0xFD, 0x07, 0xFC, 0x07, 0xFC, 0x0F, 0xF4, 0x0F, 0xF0, 0x3F, 0xE0,
    0x3F, 0xE0, 0xBF, 0xC0, 0xBF, 0xC1, 0xFF, 0x40, 0xFF, 0x83, 0xFF, 0x00, 0x7F, 0xC1, 0xFF, 0x80,
    0x2F, 0xF0, 0x7F, 0xC0, 0x0F, 0xF4, 0x2F, 0xF0, 0x03, 0xFC, 0x0F, 0xF8, 0x01, 0xFD, 0x03, 0xF8,
    0x00, 0xB0, 0x01, 0xD0, 0x00, 0x00, 0x00, 0x00, 0x00, 0x00, 0x00, 0x00, 0x0B, 0xFF, 0xFF, 0xFF,
    0xFE, 0xBF, 0xFF, 0xFF, 0xFF, 0xEB, 0xFF, 0xFF, 0xFF, 0xFE, 0xBF, 0xFF, 0xFF, 0xFF, 0xE0, 0x00,
    0x00, 0x03, 0xFE, 0x00, 0x00, 0x00, 0x3F, 0xE0, 0x00, 0x00, 0x03, 0xFE, 0x00, 0x00, 0x00, 0x3F,
    0xE0, 0x00, 0x00, 0x03, 0xFE, 0x00, 0x00, 0x0F, 0xFF, 0xFF, 0xFF, 0xFF, 0xFF, 0xFF, 0xFF, 0xFF,
    0xFF, 0xF0, 0x00, 0x2F, 0xE0, 0x00, 0x0B, 0xFF, 0xF8, 0x00, 0xFD, 0x01, 0xFC, 0x0F, 0x80, 0x00,
    0xB8, 0x7C, 0x3F, 0xF0, 0xF2, 0xD0, 0xFB, 0xE1, 0xEF, 0x03, 0xDF, 0x83, 0xFC, 0x0F, 0xFC, 0x0F,
    0xF0, 0x3D, 0xF0, 0x3E, 0xC0, 0xF3, 0xD1, 0xE7, 0x83, 0xCB, 0xCF, 0x4F, 0x80, 0x00, 0xBC, 0x0F,
    0x80, 0x1F, 0xC0, 0x0F, 0xFF, 0xFC, 0x00, 0x06, 0xFE, 0x40, 0x00, 0xFF, 0xFF, 0xFF, 0xFF, 0xFF,
    0xFF, 0xFF, 0xF0, 0x02, 0xF8, 0x02, 0xFF, 0xF8, 0x7F, 0xFF, 0xDF, 0xE0, 0xBF, 0xFC, 0x03, 0xFF,
    0xC0, 0x3F, 0xFE, 0x0B, 0xF7, 0xFF, 0xFD, 0x2F, 0xFF, 0x80, 0x7F, 0xD0, 0x00, 0x3F, 0xE0, 0x00,
    0x00, 0xFF, 0x80, 0x00, 0x03, 0xFE, 0x00, 0x00, 0x0F, 0xF8, 0x00, 0xFF, 0xFF, 0xFF, 0xFF, 0xFF,
    0xFF, 0xFF, 0xFF, 0xFF, 0xFF, 0xFF, 0xFF, 0xFF, 0xFF, 0xFF, 0x00, 0x3F, 0xE0, 0x00, 0x00, 0xFF,
    0x80, 0x00, 0x03, 0xFE, 0x00, 0x00, 0x05, 0x54, 0x00, 0x00, 0x00, 0x00, 0x03, 0xFF, 0xFF, 0xFF,
    0xFF, 0xFF, 0xFF, 0xFF, 0xFF, 0xFF, 0xFF, 0xFF, 0xFF, 0xFF, 0xFF, 0xFC, 0x02, 0xFE, 0x00, 0xFF,
    0xFC, 0x3F, 0xFF, 0xC0, 0xB0, 0xFC, 0x00, 0x2F, 0x80, 0x0F, 0xE0, 0x0B, 0xF4, 0x03, 0xFF, 0xFD,
    0x2F, 0xFF, 0xE2, 0xFF, 0xFE, 0x3F, 0xFD, 0x0F, 0xFF, 0x43, 0xFF, 0xD0, 0x0B, 0xD0, 0x1F, 0xE4,
    0x07, 0xFF, 0x80, 0x03, 0xF0, 0x51, 0xFC, 0x3F, 0xFF, 0x1F, 0xFF, 0x00, 0x55, 0x00, 0x00, 0x10,
    0x00, 0x78, 0x02, 0xFD, 0x0F, 0xFE, 0x3F, 0xF4, 0x3F, 0x40, 0x08, 0x00, 0xFF, 0x80, 0x0F, 0xFB,
    0xFE, 0x00, 0x3F, 0xEF, 0xF8, 0x00, 0xFF, 0xBF, 0xE0, 0x03, 0xFE, 0xFF, 0x80, 0x0F, 0xFB, 0xFE,
    0x00, 0x3F, 0xEF, 0xF8, 0x00, 0xFF, 0xBF, 0xE0, 0x03, 0xFE, 0xFF, 0x80, 0x0F, 0xFB, 0xFE, 0x00,
    0x3F, 0xEF, 0xFC, 0x01, 0xFF, 0xBF, 0xF8, 0x1F, 0xFE, 0xFF, 0xFF, 0xFF, 0xFB, 0xFF, 0xFF, 0xFF,
    0xEF, 0xFF, 0xFD, 0xFF, 0xBF, 0xFF, 0x93, 0xFE, 0xFF, 0x80, 0x00, 0x03, 0xFE, 0x00, 0x00, 0x0F,
    0xF8, 0x00, 0x00, 0x3F, 0xE0, 0x00, 0x00, 0x01, 0xBF, 0xFF, 0xFF, 0xF8, 0x3F, 0xFF, 0xFF, 0xFF,
    0xE3, 0xFF, 0xFF, 0xFF, 0xFF, 0x9F, 0xFF, 0xFE, 0x03, 0xFE, 0xBF, 0xFF, 0xF8, 0x0F, 0xFB, 0xFF,
    0xFF, 0xE0, 0x3F, 0xEF, 0xFF, 0xFF, 0x80, 0xFF, 0xBF, 0xFF, 0xFE, 0x03, 0xFE, 0xBF, 0xFF, 0xF8,
    0x0F, 0xF9, 0xFF, 0xFF, 0xE0, 0x3F, 0xE3, 0xFF, 0xFF, 0x80, 0xFF, 0x83, 0xFF, 0xFE, 0x03, 0xFE,
    0x01, 0xAF, 0xF8, 0x0F, 0xF8, 0x00, 0x3F, 0xE0, 0x3F, 0xE0, 0x00, 0xFF, 0x80, 0xFF, 0x80, 0x03,
    0xFE, 0x03, 0xFE, 0x00, 0x0F, 0xF8, 0x0F, 0xF8, 0x00, 0x3F, 0xE0, 0x3F, 0xE0, 0x00, 0xFF, 0x80,
    0xFF, 0x80, 0x03, 0xFE, 0x03, 0xFE, 0x00, 0x0F, 0xF8, 0x0F, 0xF8, 0x3E, 0x3F, 0xEF, 0xFB, 0xFE,
    0x7E, 0x00, 0x0F, 0x80, 0xBC, 0x03, 0xFE, 0x0B, 0xFE, 0x03, 0xFC, 0x7F, 0xFB, 0xFF, 0x2F, 0x90,
    0x07, 0xF0, 0xBF, 0xC7, 0xFF, 0x0A, 0xFC, 0x03, 0xF0, 0x0F, 0xC0, 0x3F, 0x00, 0xFC, 0x03, 0xF0,
    0x0F, 0xC0, 0x06, 0xF9, 0x02, 0xFF, 0xF8, 0x7F, 0xFF, 0xDF, 0xF0, 0xBF, 0xFD, 0x07, 0xFF, 0xD0,
    0x7F, 0xFE, 0x0F, 0xF7, 0xFF, 0xFD, 0x2F, 0xFF, 0x80, 0x7F, 0xD0, 0x00, 0x00, 0x04, 0x00, 0x1F,
    0x00, 0x7D, 0x00, 0x7F, 0x80, 0xFF, 0x00, 0x3F, 0xD0, 0xBF, 0xC0, 0x0F, 0xF0, 0x3F, 0xE0, 0x07,
    0xFC, 0x0F, 0xF4, 0x03, 0xFE, 0x07, 0xFC, 0x02, 0xFF, 0x03, 0xFD, 0x03, 0xFC, 0x0B, 0xF8, 0x0F,
    0xF4, 0x1F, 0xF0, 0x1F, 0xE0, 0x3F, 0xC0, 0x3F, 0xC0, 0xFF, 0x40, 0x3F, 0x40, 0xFE, 0x00, 0x0A,
    0x00, 0x2C, 0x00, 0x00, 0x00, 0x00, 0x00, 0x03, 0xF0, 0x00, 0x00, 0x00, 0x00, 0xBF, 0xC0, 0x00,
    0x0B, 0xF4, 0x07, 0xFF, 0x00, 0x00, 0x7F, 0x80, 0x0F, 0xFC, 0x00, 0x03, 0xFC, 0x00, 0x13, 0xF0,
    0x00, 0x2F, 0xC0, 0x00, 0x0F, 0xC0, 0x01, 0xFE, 0x00, 0x00, 0x3F, 0x00, 0x0F, 0xF0, 0x00, 0x00,
    0xFC, 0x00, 0xBF, 0x00, 0x00, 0x03, 0xF0, 0x07, 0xF4, 0x00, 0x00, 0x0F, 0xC0, 0x3F, 0xC0, 0x00,
    0x00, 0x3F, 0x03, 0xFC, 0x00, 0x54, 0x00, 0x00, 0x1F, 0xD0, 0x0B, 0xF0, 0x00, 0x00, 0xFE, 0x00,
    0xBF, 0xC0, 0x00, 0x0F, 0xF0, 0x0B, 0xFF, 0x00, 0x00, 0xBF, 0x40, 0xBD, 0xFC, 0x00, 0x07, 0xF8,
    0x07, 0xE3, 0xF0, 0x00, 0x3F, 0xC0, 0x7F, 0xFF, 0xF0, 0x02, 0xFD, 0x01, 0xFF, 0xFF, 0xC0, 0x1F,
    0xE0, 0x03, 0xFF, 0xFF, 0x00, 0xFF, 0x00, 0x00, 0x0B, 0xF0, 0x0B, 0xF0, 0x00, 0x00, 0x2F, 0xC0,
    0x03, 0xF0, 0x00, 0x00, 0x00, 0x00, 0xBF, 0xC0, 0x00, 0x0F, 0xF4, 0x07, 0xFF, 0x00, 0x00, 0xBF,
    0x80, 0x0F, 0xFC, 0x00, 0x03, 0xFC, 0x00, 0x17, 0xF0, 0x00, 0x3F, 0xD0, 0x00, 0x0F, 0xC0, 0x01,
    0xFE, 0x00, 0x00, 0x3F, 0x00, 0x0F, 0xF0, 0x00, 0x00, 0xFC, 0x00, 0xFF, 0x40, 0x00, 0x03, 0xF0,
    0x07, 0xF8, 0x00, 0x00, 0x0F, 0xC0, 0x3F, 0xC0, 0x00, 0x00, 0x3F, 0x02, 0xFD, 0x00, 0x00, 0x00,
    0x00, 0x1F, 0xF0, 0x2F, 0xD0, 0x00, 0x00, 0xFF, 0x03, 0xFF, 0xD0, 0x00, 0x0B, 0xF4, 0x3F, 0xFF,
    0xC0, 0x00, 0x3F, 0xC0, 0x7C, 0x3F, 0x00, 0x03, 0xFC, 0x00, 0x01, 0xF8, 0x00, 0x2F, 0xD0, 0x00,
    0x1F, 0xC0, 0x00, 0xFF, 0x00, 0x02, 0xFD, 0x00, 0x0F, 0xF0, 0x00, 0x3F, 0xC0, 0x00, 0x7F, 0x40,
    0x03, 0xFF, 0xFD, 0x03, 0xFC, 0x00, 0x0F, 0xFF, 0xF8, 0x2F, 0xC0, 0x00, 0x2F, 0xFF, 0xE0, 0x3F,
    0xFC, 0x00, 0x00, 0x55, 0x40, 0x3F, 0xFD, 0x00, 0x01, 0xFF, 0x00, 0x3F, 0xFD, 0x00, 0x03, 0xFE,
    0x00, 0x02, 0xF4, 0x00, 0x0B, 0xFC, 0x00, 0x1F, 0xE0, 0x00, 0x1F, 0xF0, 0x00, 0x1F, 0xFD, 0x00,
    0x3F, 0xE0, 0x00, 0x05, 0xBF, 0x00, 0xBF, 0xC0, 0x00, 0x00, 0x3F, 0x00, 0xFF, 0x00, 0x00, 0x3E,
    0xFF, 0x03, 0xFD, 0x00, 0x00, 0x7F, 0xFD, 0x0B, 0xFC, 0x00, 0x00, 0x2F, 0xF4, 0x0F, 0xF0, 0x1F,
    0xC0, 0x00, 0x00, 0x3F, 0xD0, 0x3F, 0xC0, 0x00, 0x00, 0x7F, 0xC0, 0xFF, 0xC0, 0x00, 0x00, 0xFF,
    0x02, 0xFF, 0xC0, 0x00, 0x02, 0xFD, 0x0B, 0xEF, 0xC0, 0x00, 0x07, 0xFC, 0x1F, 0x8F, 0xC0, 0x00,
    0x0F, 0xF0, 0x3F, 0xFF, 0xFC, 0x00, 0x2F, 0xD0, 0x3F, 0xFF, 0xFC, 0x00, 0x7F, 0xC0, 0x3F, 0xFF,
    0xFC, 0x00, 0xFF, 0x00, 0x00, 0x2F, 0xC0, 0x02, 0xFD, 0x00, 0x00, 0x2F, 0xC0, 0x00, 0x0F, 0x80,
    0x00, 0x03, 0xFE, 0x00, 0x00, 0x3F, 0xE0, 0x00, 0x03, 0xFE, 0x00, 0x00, 0x0F, 0x80, 0x00, 0x00,
    0x00, 0x00, 0x00, 0x00, 0x00, 0x00, 0x00, 0xB8, 0x00, 0x00, 0x2F, 0xC0, 0x00, 0x2F, 0xFD, 0x00,
    0x0F, 0xFF, 0xD0, 0x02, 0xFF, 0xF4, 0x00, 0x7F, 0xF4, 0x00, 0x0F, 0xFC, 0x00, 0x00, 0xFF, 0xC0,
    0x08, 0x0F, 0xFC, 0x02, 0xF0, 0xFF, 0xD0, 0xBF, 0xC7, 0xFF, 0xFF, 0xFD, 0x3F, 0xFF, 0xFF, 0x40,
    0xBF, 0xFF, 0xD0, 0x01, 0xBF, 0xD0, 0x00, 0x00, 0x00, 0x00, 0x00, 0x00, 0x00, 0x00, 0x07, 0x40,
    0x00, 0x00, 0x00, 0x00, 0xFF, 0x00, 0x00, 0x00, 0x00, 0x1F, 0xFE, 0x00, 0x00, 0x00, 0x00, 0xBF,
    0xFC, 0x00, 0x00, 0x00, 0x00, 0x6F, 0x40, 0x00, 0x00, 0x00, 0x00, 0x10, 0x00, 0x00, 0x00, 0x00,
    0x00, 0x00, 0x00, 0x00, 0x00, 0x3F, 0xD0, 0x00, 0x00, 0x00, 0x0B, 0xFF, 0x00, 0x00, 0x00, 0x00,
    0xFF, 0xF0, 0x00, 0x00, 0x00, 0x1F, 0xFF, 0x80, 0x00, 0x00, 0x02, 0xFF, 0xFC, 0x00, 0x00, 0x00,
    0x3F, 0xFF, 0xD0, 0x00, 0x00, 0x07, 0xFF, 0xFE, 0x00, 0x00, 0x00, 0xFF, 0xEF, 0xF0, 0x00, 0x00,
    0x0F, 0xF5, 0xFF, 0x80, 0x00, 0x02, 0xFF, 0x0F, 0xFC, 0x00, 0x00, 0x3F, 0xF0, 0xBF, 0xD0, 0x00,
    0x07, 0xFD, 0x07, 0xFE, 0x00, 0x00, 0xFF, 0xC0, 0x3F, 0xF0, 0x00, 0x0F, 0xFF, 0xFF, 0xFF, 0x40,
    0x02, 0xFF, 0xFF, 0xFF, 0xFC, 0x00, 0x3F, 0xFF, 0xFF, 0xFF, 0xC0, 0x07, 0xFF, 0xFF, 0xFF, 0xFE,
    0x00, 0xBF, 0xC0, 0x00, 0x3F, 0xF0, 0x0F, 0xFC, 0x00, 0x02, 0xFF, 0x41, 0xFF, 0x40, 0x00, 0x1F,
    0xF8, 0x3F, 0xF0, 0x00, 0x00, 0xFF, 0xC0, 0x00, 0x00, 0x00, 0x00, 0x00, 0x00, 0x00, 0x00, 0x0B,
    0x00, 0x00, 0x00, 0x00, 0x07, 0xF4, 0x00, 0x00, 0x00, 0x07, 0xFF, 0xC0, 0x00, 0x00, 0x01, 0xFF,
    0xF8, 0x00, 0x00, 0x00, 0x0F, 0xE0, 0x00, 0x00, 0x00, 0x00, 0x40, 0x00, 0x00, 0x00, 0x00, 0x00,
    0x00, 0x00, 0x00, 0x00, 0x00, 0x3F, 0xD0, 0x00, 0x00, 0x00, 0x0B, 0xFF, 0x00, 0x00, 0x00, 0x00,
    0xFF, 0xF0, 0x00, 0x00, 0x00, 0x1F, 0xFF, 0x80, 0x00, 0x00, 0x02, 0xFF, 0xFC, 0x00, 0x00, 0x00,
    0x3F, 0xFF, 0xD0, 0x00, 0x00, 0x07, 0xFF, 0xFE, 0x00, 0x00, 0x00, 0xFF, 0xEF, 0xF0, 0x00, 0x00,
    0x0F, 0xF5, 0xFF, 0x80, 0x00, 0x02, 0xFF, 0x0F, 0xFC, 0x00, 0x00, 0x3F, 0xF0, 0xBF, 0xD0, 0x00,
    0x07, 0xFD, 0x07, 0xFE, 0x00, 0x00, 0xFF, 0xC0, 0x3F, 0xF0, 0x00, 0x0F, 0xFF, 0xFF, 0xFF, 0x40,
    0x02, 0xFF, 0xFF, 0xFF, 0xFC, 0x00, 0x3F, 0xFF, 0xFF, 0xFF, 0xC0, 0x07, 0xFF, 0xFF, 0xFF, 0xFE,
    0x00, 0xBF, 0xC0, 0x00, 0x3F, 0xF0, 0x0F, 0xFC, 0x00, 0x02, 0xFF, 0x41, 0xFF, 0x40, 0x00, 0x1F,
    0xF8, 0x3F, 0xF0, 0x00, 0x00, 0xFF, 0xC0, 0x00, 0x00, 0x3F, 0xC0, 0x00, 0x00, 0x00, 0x1F, 0xFF,
    0x80, 0x00, 0x00, 0x0B, 0xFF, 0xFF, 0x00, 0x00, 0x00, 0xBE, 0x07, 0xF0, 0x00, 0x00, 0x01, 0x00,
    0x04, 0x00, 0x00, 0x00, 0x00, 0x00, 0x00, 0x00, 0x00, 0x00, 0x3F, 0xD0, 0x00, 0x00, 0x00, 0x0B,
    0xFF, 0x00, 0x00, 0x00, 0x00, 0xFF, 0xF0, 0x00, 0x00, 0x00, 0x1F, 0xFF, 0x80, 0x00, 0x00, 0x02,
    0xFF, 0xFC, 0x00, 0x00, 0x00, 0x3F, 0xFF, 0xD0, 0x00, 0x00, 0x07, 0xFF, 0xFE, 0x00, 0x00, 0x00,
    0xFF, 0xEF, 0xF0, 0x00, 0x00, 0x0F, 0xF5, 0xFF, 0x80, 0x00, 0x02, 0xFF, 0x0F, 0xFC, 0x00, 0x00,
    0x3F, 0xF0, 0xBF, 0xD0, 0x00, 0x07, 0xFD, 0x07, 0xFE, 0x00, 0x00, 0xFF, 0xC0, 0x3F, 0xF0, 0x00,
    0x0F, 0xFF, 0xFF, 0xFF, 0x40, 0x02, 0xFF, 0xFF, 0xFF, 0xFC, 0x00, 0x3F, 0xFF, 0xFF, 0xFF, 0xC0,
    0x07, 0xFF, 0xFF, 0xFF, 0xFE, 0x00, 0xBF, 0xC0, 0x00, 0x3F, 0xF0, 0x0F, 0xFC, 0x00, 0x02, 0xFF,
    0x41, 0xFF, 0x40, 0x00, 0x1F, 0xF8, 0x3F, 0xF0, 0x00, 0x00, 0xFF, 0xC0, 0x00, 0x00, 0x00, 0x00,
    0x00, 0x00, 0x01, 0xFE, 0x0F, 0xC0, 0x00, 0x01, 0xFF, 0xFF, 0xF0, 0x00, 0x00, 0xFF, 0xFF, 0xF4,
    0x00, 0x00, 0x3F, 0x07, 0xF4, 0x00, 0x00, 0x00, 0x00, 0x00, 0x00, 0x00, 0x00, 0x00, 0x00, 0x00,
    0x00, 0x00, 0x02, 0xFF, 0x00, 0x00, 0x00, 0x00, 0xFF, 0xC0, 0x00, 0x00, 0x00, 0x7F, 0xF8, 0x00,
    0x00, 0x00, 0x3F, 0xFF, 0x00, 0x00, 0x00, 0x1F, 0xFF, 0xD0, 0x00, 0x00, 0x0B, 0xFF, 0xF8, 0x00,
    0x00, 0x03, 0xFF, 0xFF, 0x00, 0x00, 0x01, 0xFF, 0x7F, 0xD0, 0x00, 0x00, 0xFF, 0xCF, 0xFC, 0x00,
    0x00, 0x3F, 0xE2, 0xFF, 0x00, 0x00, 0x2F, 0xF0, 0x7F, 0xE0, 0x00, 0x0F, 0xFC, 0x0F, 0xFC, 0x00,
    0x07, 0xFD, 0x02, 0xFF, 0x40, 0x02, 0xFF, 0xFF, 0xFF, 0xF0, 0x00, 0xFF, 0xFF, 0xFF, 0xFC, 0x00,
    0x7F, 0xFF, 0xFF, 0xFF, 0x80, 0x3F, 0xFF, 0xFF, 0xFF, 0xF0, 0x0F, 0xF8, 0x00, 0x0B, 0xFD, 0x0B,
    0xFC, 0x00, 0x01, 0xFF, 0x83, 0xFF, 0x00, 0x00, 0x3F, 0xF1, 0xFF, 0x80, 0x00, 0x0B, 0xFD, 0x00,
    0x0F, 0x80, 0x2F, 0x00, 0x00, 0x03, 0xFE, 0x0B, 0xFC, 0x00, 0x00, 0x3F, 0xE0, 0xBF, 0xC0, 0x00,
    0x03, 0xFE, 0x0B, 0xFC, 0x00, 0x00, 0x1F, 0x80, 0x3F, 0x00, 0x00, 0x00, 0x00, 0x00, 0x00, 0x00,
    0x00, 0x00, 0x7F, 0xE0, 0x00, 0x00, 0x00, 0x0F, 0xFF, 0x00, 0x00, 0x00, 0x00, 0xFF, 0xF0, 0x00,
    0x00, 0x00, 0x2F, 0xFF, 0x80, 0x00, 0x00, 0x03, 0xFF, 0xFC, 0x00, 0x00, 0x00, 0x7F, 0xFF, 0xD0,
    0x00, 0x00, 0x0B, 0xFF, 0xFE, 0x00, 0x00, 0x00, 0xFF, 0xFF, 0xF0, 0x00, 0x00, 0x1F, 0xF6, 0xFF,
    0x40, 0x00, 0x03, 0xFF, 0x0F, 0xFC, 0x00, 0x00, 0x3F, 0xE0, 0xFF, 0xC0, 0x00, 0x0B, 0xFD, 0x07,
    0xFE, 0x00, 0x00, 0xFF, 0xC0, 0x3F, 0xF0, 0x00, 0x1F, 0xFF, 0xFF, 0xFF, 0x40, 0x02, 0xFF, 0xFF,
    0xFF, 0xF8, 0x00, 0x3F, 0xFF, 0xFF, 0xFF, 0xC0, 0x07, 0xFF, 0xFF, 0xFF, 0xFD, 0x00, 0xFF, 0xC0,
    0x00, 0x3F, 0xF0, 0x0F, 0xF8, 0x00, 0x03, 0xFF, 0x02, 0xFF, 0x40, 0x00, 0x1F, 0xF8, 0x3F, 0xF0,
    0x00, 0x00, 0xFF, 0xC0, 0x00, 0x00, 0x2F, 0x80, 0x00, 0x00, 0x00, 0x1F, 0xFF, 0x00, 0x00, 0x00,
    0x03, 0xFF, 0xF8, 0x00, 0x00, 0x00, 0x3F, 0x0F, 0xC0, 0x00, 0x00, 0x03, 0xF5, 0xF8, 0x00, 0x00,
    0x00, 0x0F, 0xFF, 0x00, 0x00, 0x00, 0x00, 0x7F, 0xD0, 0x00, 0x00, 0x00, 0x0B, 0xFE, 0x00, 0x00,
    0x00, 0x00, 0xFF, 0xF0, 0x00, 0x00, 0x00, 0x1F, 0xFF, 0x40, 0x00, 0x00, 0x03, 0xFF, 0xFC, 0x00,
    0x00, 0x00, 0x3F, 0xFF, 0xC0, 0x00, 0x00, 0x0B, 0xFF, 0xFE, 0x00, 0x00, 0x00, 0xFF, 0xBF, 0xF0,
    0x00, 0x00, 0x1F, 0xF1, 0xFF, 0x40, 0x00, 0x03, 0xFF, 0x0F, 0xF8, 0x00, 0x00, 0x3F, 0xE0, 0xFF,
    0xC0, 0x00, 0x0B, 0xFC, 0x07, 0xFD, 0x00, 0x00, 0xFF, 0xC0, 0x3F, 0xF0, 0x00, 0x1F, 0xFF, 0xFF,
    0xFF, 0x00, 0x02, 0xFF, 0xFF, 0xFF, 0xF8, 0x00, 0x3F, 0xFF, 0xFF, 0xFF, 0xC0, 0x0B, 0xFF, 0xFF,
    0xFF, 0xFD, 0x00, 0xFF, 0xC0, 0x00, 0x3F, 0xF0, 0x1F, 0xF8, 0x00, 0x03, 0xFF, 0x02, 0xFF, 0x00,
    0x00, 0x1F, 0xF8, 0x3F, 0xF0, 0x00, 0x00, 0xFF, 0xC0, 0x00, 0x00, 0x00, 0x0B, 0xFF, 0xFF, 0xFF,
    0xF8, 0x00, 0x00, 0x00, 0x7F, 0xFF, 0xFF, 0xFF, 0xE0, 0x00, 0x00, 0x03, 0xFF, 0xFF, 0xFF, 0xFF,
    0x80, 0x00, 0x00, 0x2F, 0xFF, 0xFF, 0xFF, 0xFE, 0x00, 0x00, 0x01, 0xFF, 0xFF, 0x80, 0x00, 0x00,
    0x00, 0x00, 0x0F, 0xFF, 0xFE, 0x00, 0x00, 0x00, 0x00, 0x00, 0xFF, 0xDF, 0xF8, 0x00, 0x00, 0x00,
    0x00, 0x07, 0xFE, 0x3F, 0xE0, 0x00, 0x00, 0x00, 0x00, 0x3F, 0xF0, 0xFF, 0x80, 0x00, 0x00, 0x00,
    0x03, 0xFF, 0x43, 0xFF, 0xFF, 0xFF, 0x00, 0x00, 0x1F, 0xF8, 0x0F, 0xFF, 0xFF, 0xFC, 0x00, 0x00,
    0xFF, 0xC0, 0x3F, 0xFF, 0xFF, 0xF0, 0x00, 0x0F, 0xFD, 0x00, 0xFF, 0xFF, 0xFF, 0xC0, 0x00, 0xBF,
    0xFF, 0xFF, 0xFE, 0x00, 0x00, 0x00, 0x03, 0xFF, 0xFF, 0xFF, 0xF8, 0x00, 0x00, 0x00, 0x3F, 0xFF,
    0xFF, 0xFF, 0xE0, 0x00, 0x00, 0x02, 0xFF, 0xFF, 0xFF, 0xFF, 0x80, 0x00, 0x00, 0x0F, 0xFC, 0x00,
    0x03, 0xFF, 0xFF, 0xFF, 0xE0, 0xFF, 0xD0, 0x00, 0x0F, 0xFF, 0xFF, 0xFF, 0x8B, 0xFF, 0x00, 0x00,
    0x3F, 0xFF, 0xFF, 0xFE, 0x7F, 0xF0, 0x00, 0x00, 0xFF, 0xFF, 0xFF, 0xF8, 0x00, 0x06, 0xFF, 0xE0,
    0x00, 0x03, 0xFF, 0xFF, 0xE0, 0x01, 0xFF, 0xFF, 0xFF, 0xC0, 0x7F, 0xFF, 0xFF, 0xFE, 0x0F, 0xFF,
    0xFF, 0xFF, 0xC3, 0xFF, 0xE4, 0x07, 0xF0, 0x7F, 0xF4, 0x00, 0x09, 0x0B, 0xFE, 0x00, 0x00, 0x00,
    0xFF, 0xC0, 0x00, 0x00, 0x0F, 0xFC, 0x00, 0x00, 0x00, 0xFF, 0x80, 0x00, 0x00, 0x0F, 0xFC, 0x00,
    0x00, 0x00, 0xFF, 0xC0, 0x00, 0x00, 0x0B, 0xFD, 0x00, 0x00, 0x00, 0x7F, 0xF0, 0x00, 0x00, 0x03,
    0xFF, 0xC0, 0x00, 0xF0, 0x1F, 0xFF, 0xEA, 0xFF, 0x80, 0xBF, 0xFF, 0xFF, 0xFC, 0x02, 0xFF, 0xFF,
    0xFF, 0xD0, 0x07, 0xFF, 0xFF, 0xF0, 0x00, 0x06, 0xFF, 0xE0, 0x00, 0x00, 0x0B, 0x80, 0x00, 0x00,
    0x01, 0xFE, 0x00, 0x00, 0x00, 0x1B, 0xF8, 0x00, 0x00, 0x00, 0x0F, 0xC0, 0x00, 0x00, 0x07, 0xFC,
    0x00, 0x00, 0x03, 0xFF, 0x40, 0x00, 0x00, 0x3F, 0x80, 0x00, 0x00, 0x00, 0x00, 0x00, 0x00, 0xD0,
    0x00, 0x00, 0x0B, 0xF4, 0x00, 0x00, 0x3F, 0xFD, 0x00, 0x00, 0xBF, 0xFC, 0x00, 0x00, 0x1B, 0xF0,
    0x00, 0x00, 0x01, 0x40, 0x00, 0x00, 0x00, 0x00, 0xFF, 0xFF, 0xFF, 0xF3, 0xFF, 0xFF, 0xFF, 0xCF,
    0xFF, 0xFF, 0xFF, 0x3F, 0xFF, 0xFF, 0xFC, 0xFF, 0x80, 0x00, 0x03, 0xFE, 0x00, 0x00, 0x0F, 0xF8,
    0x00, 0x00, 0x3F, 0xE0, 0x00, 0x00, 0xFF, 0xFF, 0xFF, 0xC3, 0xFF, 0xFF, 0xFF, 0x0F, 0xFF, 0xFF,
    0xFC, 0x3F, 0xFF, 0xFF, 0xF0, 0xFF, 0x80, 0x00, 0x03, 0xFE, 0x00, 0x00, 0x0F, 0xF8, 0x00, 0x00,
    0x3F, 0xE0, 0x00, 0x00, 0xFF, 0x80, 0x00, 0x03, 0xFF, 0xFF, 0xFF, 0xEF, 0xFF, 0xFF, 0xFF, 0xBF,
    0xFF, 0xFF, 0xFE, 0xFF, 0xFF, 0xFF, 0xF8, 0x00, 0x00, 0x00, 0x00, 0x00, 0x01, 0xC0, 0x00, 0x00,
    0x7F, 0x80, 0x00, 0x0F, 0xFF, 0x00, 0x00, 0xFF, 0xF8, 0x00, 0x02, 0xF9, 0x00, 0x00, 0x01, 0x00,
    0x00, 0x00, 0x00, 0x00, 0x00, 0xFF, 0xFF, 0xFF, 0xF3, 0xFF, 0xFF, 0xFF, 0xCF, 0xFF, 0xFF, 0xFF,
    0x3F, 0xFF, 0xFF, 0xFC, 0xFF, 0x80, 0x00, 0x03, 0xFE, 0x00, 0x00, 0x0F, 0xF8, 0x00, 0x00, 0x3F,
    0xE0, 0x00, 0x00, 0xFF, 0xFF, 0xFF, 0xC3, 0xFF, 0xFF, 0xFF, 0x0F, 0xFF, 0xFF, 0xFC, 0x3F, 0xFF,
    0xFF, 0xF0, 0xFF, 0x80, 0x00, 0x03, 0xFE, 0x00, 0x00, 0x0F, 0xF8, 0x00, 0x00, 0x3F, 0xE0, 0x00,
    0x00, 0xFF, 0x80, 0x00, 0x03, 0xFF, 0xFF, 0xFF, 0xEF, 0xFF, 0xFF, 0xFF, 0xBF, 0xFF, 0xFF, 0xFE,
    0xFF, 0xFF, 0xFF, 0xF8, 0x00, 0x2F, 0xD0, 0x00, 0x03, 0xFF, 0xE0, 0x00, 0x7F, 0xFF, 0xF4, 0x01,
    0xF8, 0x0B, 0xC0, 0x01, 0x00, 0x00, 0x00, 0x00, 0x00, 0x00, 0x0F, 0xFF, 0xFF, 0xFF, 0x3F, 0xFF,
    0xFF, 0xFC, 0xFF, 0xFF, 0xFF, 0xF3, 0xFF, 0xFF, 0xFF, 0xCF, 0xF8, 0x00, 0x00, 0x3F, 0xE0, 0x00,
    0x00, 0xFF, 0x80, 0x00, 0x03, 0xFE, 0x00, 0x00, 0x0F, 0xFF, 0xFF, 0xFC, 0x3F, 0xFF, 0xFF, 0xF0,
    0xFF, 0xFF, 0xFF, 0xC3, 0xFF, 0xFF, 0xFF, 0x0F, 0xF8, 0x00, 0x00, 0x3F, 0xE0, 0x00, 0x00, 0xFF,
    0x80, 0x00, 0x03, 0xFE, 0x00, 0x00, 0x0F, 0xF8, 0x00, 0x00, 0x3F, 0xFF, 0xFF, 0xFE, 0xFF, 0xFF,
    0xFF, 0xFB, 0xFF, 0xFF, 0xFF, 0xEF, 0xFF, 0xFF, 0xFF, 0x80, 0x0B, 0xD0, 0x3E, 0x00, 0xBF, 0xC3,
    0xFE, 0x02, 0xFF, 0x0F, 0xF8, 0x0B, 0xFC, 0x3F, 0xE0, 0x0F, 0xC0, 0x7E, 0x00, 0x00, 0x00, 0x00,
    0x0F, 0xFF, 0xFF, 0xFF, 0x3F, 0xFF, 0xFF, 0xFC, 0xFF, 0xFF, 0xFF, 0xF3, 0xFF, 0xFF, 0xFF, 0xCF,
    0xF8, 0x00, 0x00, 0x3F, 0xE0, 0x00, 0x00, 0xFF, 0x80, 0x00, 0x03, 0xFE, 0x00, 0x00, 0x0F, 0xFF,
    0xFF, 0xF0, 0x3F, 0xFF, 0xFF, 0xC0, 0xFF, 0xFF, 0xFF, 0x03, 0xFF, 0xFF, 0xFC, 0x0F, 0xF8, 0x00,
    0x00, 0x3F, 0xE0, 0x00, 0x00, 0xFF, 0x80, 0x00, 0x03, 0xFE, 0x00, 0x00, 0x0F, 0xF8, 0x00, 0x00,
    0x3F, 0xFF, 0xFF, 0xFE, 0xFF, 0xFF, 0xFF, 0xFB, 0xFF, 0xFF, 0xFF, 0xEF, 0xFF, 0xFF, 0xFF, 0x80,
    0x00, 0x00, 0x00, 0x02, 0x80, 0x00, 0x03, 0xF8, 0x00, 0x0B, 0xFF, 0x40, 0x07, 0xFF, 0xE0, 0x00,
    0x1F, 0xC0, 0x00, 0x00, 0x40, 0x00, 0x00, 0x00, 0xFF, 0xFF, 0xFF, 0xFF, 0xFF, 0xFF, 0xFF, 0xFF,
    0xFF, 0xFF, 0xFF, 0xFF, 0x02, 0xFF, 0x00, 0x02, 0xFF, 0x00, 0x02, 0xFF, 0x00, 0x02, 0xFF, 0x00,
    0x02, 0xFF, 0x00, 0x02, 0xFF, 0x00, 0x02, 0xFF, 0x00, 0x02, 0xFF, 0x00, 0x02, 0xFF, 0x00, 0x02,
    0xFF, 0x00, 0x02, 0xFF, 0x00, 0x02, 0xFF, 0x00, 0x02, 0xFF, 0x00, 0xFF, 0xFF, 0xFF, 0xFF, 0xFF,
    0xFF, 0xFF, 0xFF, 0xFF, 0xFF, 0xFF, 0xFF, 0x00, 0x00, 0x00, 0x00, 0x07, 0x40, 0x00, 0x2F, 0xC0,
    0x02, 0xFF, 0xD0, 0x0B, 0xFF, 0x90, 0x07, 0xF4, 0x00, 0x01, 0x00, 0x00, 0x00, 0x00, 0x00, 0xFF,
    0xFF, 0xFF, 0xFF, 0xFF, 0xFF, 0xFF, 0xFF, 0xFF, 0xFF, 0xFF, 0xFF, 0x02, 0xFF, 0x00, 0x02, 0xFF,
    0x00, 0x02, 0xFF, 0x00, 0x02, 0xFF, 0x00, 0x02, 0xFF, 0x00, 0x02, 0xFF, 0x00, 0x02, 0xFF, 0x00,
    0x02, 0xFF, 0x00, 0x02, 0xFF, 0x00, 0x02, 0xFF, 0x00, 0x02, 0xFF, 0x00, 0x02, 0xFF, 0x00, 0x02,
    0xFF, 0x00, 0xFF, 0xFF, 0xFF, 0xFF, 0xFF, 0xFF, 0xFF, 0xFF, 0xFF, 0xFF, 0xFF, 0xFF, 0x01, 0xFE,
    0x00, 0x0B, 0xFF, 0xD0, 0x3F, 0xFF, 0xF8, 0x3F, 0x42, 0xF8, 0x04, 0x00, 0x10, 0x00, 0x00, 0x00,
    0xFF, 0xFF, 0xFF, 0xFF, 0xFF, 0xFF, 0xFF, 0xFF, 0xFF, 0xFF, 0xFF, 0xFF, 0x02, 0xFF, 0x00, 0x02,
    0xFF, 0x00, 0x02, 0xFF, 0x00, 0x02, 0xFF, 0x00, 0x02, 0xFF, 0x00, 0x02, 0xFF, 0x00, 0x02, 0xFF,
    0x00, 0x02, 0xFF, 0x00, 0x02, 0xFF, 0x00, 0x02, 0xFF, 0x00, 0x02, 0xFF, 0x00, 0x02, 0xFF, 0x00,
    0x02, 0xFF, 0x00, 0xFF, 0xFF, 0xFF, 0xFF, 0xFF, 0xFF, 0xFF, 0xFF, 0xFF, 0xFF, 0xFF, 0xFF, 0x3F,
    0x00, 0xF8, 0xFF, 0x83, 0xFE, 0xFF, 0x83, 0xFE, 0xFF, 0x83, 0xFE, 0x7E, 0x01, 0xF8, 0x00, 0x00,
    0x00, 0xFF, 0xFF, 0xFE, 0xFF, 0xFF, 0xFE, 0xFF, 0xFF, 0xFE, 0xFF, 0xFF, 0xFE, 0x02, 0xFF, 0x00,
    0x02, 0xFF, 0x00, 0x02, 0xFF, 0x00, 0x02, 0xFF, 0x00, 0x02, 0xFF, 0x00, 0x02, 0xFF, 0x00, 0x02,
    0xFF, 0x00, 0x02, 0xFF, 0x00, 0x02, 0xFF, 0x00, 0x02, 0xFF, 0x00, 0x02, 0xFF, 0x00, 0x02, 0xFF,
    0x00, 0x02, 0xFF, 0x00, 0xFF, 0xFF, 0xFE, 0xFF, 0xFF, 0xFE, 0xFF, 0xFF, 0xFE, 0xFF, 0xFF, 0xFE,
    0x0F, 0xFF, 0xFF, 0xE4, 0x00, 0x03, 0xFF, 0xFF, 0xFF, 0xC0, 0x00, 0xFF, 0xFF, 0xFF, 0xFD, 0x00,
    0x3F, 0xFF, 0xFF, 0xFF, 0xD0, 0x0F, 0xF8, 0x00, 0x7F, 0xFC, 0x03, 0xFE, 0x00, 0x03, 0xFF, 0x80,
    0xFF, 0x80, 0x00, 0x3F, 0xF0, 0x3F, 0xE0, 0x00, 0x0B, 0xFD, 0x0F, 0xF8, 0x00, 0x00, 0xFF, 0xAF,
    0xFF, 0xFC, 0x00, 0x3F, 0xEB, 0xFF, 0xFF, 0x00, 0x0F, 0xFA, 0xFF, 0xFF, 0xC0, 0x03, 0xFE, 0xBF,
    0xFF, 0xF0, 0x00, 0xFF, 0x83, 0xFE, 0x00, 0x00, 0xBF, 0xD0, 0xFF, 0x80, 0x00, 0x3F, 0xF0, 0x3F,
    0xE0, 0x00, 0x3F, 0xF8, 0x0F, 0xF8, 0x00, 0x7F, 0xFC, 0x03, 0xFF, 0xFF, 0xFF, 0xFD, 0x00, 0xFF,
    0xFF, 0xFF, 0xFD, 0x00, 0x3F, 0xFF, 0xFF, 0xFC, 0x00, 0x0F, 0xFF, 0xFF, 0xE4, 0x00, 0x00, 0x00,
    0x00, 0x00, 0x00, 0x00, 0x00, 0xBF, 0x83, 0xF0, 0x00, 0x0B, 0xFF, 0xFF, 0xC0, 0x00, 0x3F, 0xFF,
    0xFD, 0x00, 0x01, 0xF8, 0x1F, 0xD0, 0x00, 0x00, 0x00, 0x00, 0x00, 0x00, 0x00, 0x00, 0x00, 0x00,
    0x3F, 0xF0, 0x00, 0x03, 0xFE, 0xFF, 0xE0, 0x00, 0x0F, 0xFB, 0xFF, 0xD0, 0x00, 0x3F, 0xEF, 0xFF,
    0xC0, 0x00, 0xFF, 0xBF, 0xFF, 0x80, 0x03, 0xFE, 0xFF, 0xFF, 0x40, 0x0F, 0xFB, 0xFF, 0xFF, 0x00,
    0x3F, 0xEF, 0xFF, 0xFF, 0x00, 0xFF, 0xBF, 0xEF, 0xFE, 0x03, 0xFE, 0xFF, 0x9F, 0xFD, 0x0F, 0xFB,
    0xFE, 0x2F, 0xFC, 0x3F, 0xEF, 0xF8, 0x3F, 0xFC, 0xFF, 0xBF, 0xE0, 0x3F, 0xFB, 0xFE, 0xFF, 0x80,
    0x7F, 0xFF, 0xFB, 0xFE, 0x00, 0xBF, 0xFF, 0xEF, 0xF8, 0x00, 0xFF, 0xFF, 0xBF, 0xE0, 0x00, 0xFF,
    0xFE, 0xFF, 0x80, 0x01, 0xFF, 0xFB, 0xFE, 0x00, 0x02, 0xFF, 0xEF, 0xF8, 0x00, 0x03, 0xFF, 0xBF,
    0xE0, 0x00, 0x03, 0xFE, 0x00, 0x00, 0x40, 0x00, 0x00, 0x00, 0x00, 0x7D, 0x00, 0x00, 0x00, 0x00,
    0x3F, 0xF4, 0x00, 0x00, 0x00, 0x0F, 0xFF, 0xD0, 0x00, 0x00, 0x00, 0x6F, 0xF0, 0x00, 0x00, 0x00,
    0x00, 0x6C, 0x00, 0x00, 0x00, 0x00, 0x00, 0x00, 0x00, 0x00, 0x1B, 0xFF, 0x90, 0x00, 0x00, 0x3F,
    0xFF, 0xFF, 0x40, 0x00, 0x7F, 0xFF, 0xFF, 0xF8, 0x00, 0x7F, 0xFF, 0xFF, 0xFF, 0x80, 0x7F, 0xFF,
    0xFF, 0xFF, 0xF4, 0x3F, 0xFE, 0x40, 0x6F, 0xFF, 0x1F, 0xFD, 0x00, 0x01, 0xFF, 0xDB, 0xFE, 0x00,
    0x00, 0x2F, 0xFB, 0xFF, 0x00, 0x00, 0x03, 0xFF, 0xFF, 0xC0, 0x00, 0x00, 0xFF, 0xFF, 0xE0, 0x00,
    0x00, 0x2F, 0xFF, 0xFC, 0x00, 0x00, 0x0F, 0xFF, 0xFF, 0x00, 0x00, 0x03, 0xFF, 0xBF, 0xE0, 0x00,
    0x02, 0xFF, 0x9F, 0xFD, 0x00, 0x01, 0xFF, 0xD3, 0xFF, 0xE4, 0x06, 0xFF, 0xF0, 0x7F, 0xFF, 0xFF,
    0xFF, 0xF4, 0x07, 0xFF, 0xFF, 0xFF, 0xF8, 0x00, 0x7F, 0xFF, 0xFF, 0xF8, 0x00, 0x07, 0xFF, 0xFF,
    0xF4, 0x00, 0x00, 0x1B, 0xFF, 0x90, 0x00, 0x00, 0x00, 0x00, 0x40, 0x00, 0x00, 0x00, 0x01, 0xF8,
    0x00, 0x00, 0x00, 0x07, 0xFF, 0x00, 0x00, 0x00, 0x0F, 0xFF, 0xD0, 0x00, 0x00, 0x03, 0xFF, 0x80,
    0x00, 0x00, 0x00, 0xB4, 0x00, 0x00, 0x00, 0x00, 0x00, 0x00, 0x00, 0x00, 0x00, 0x1B, 0xFF, 0x90,
    0x00, 0x00, 0x3F, 0xFF, 0xFF, 0x40, 0x00, 0x7F, 0xFF, 0xFF, 0xF8, 0x00, 0x7F, 0xFF, 0xFF, 0xFF,
    0x80, 0x7F, 0xFF, 0xFF, 0xFF, 0xF4, 0x3F, 0xFE, 0x40, 0x6F, 0xFF, 0x1F, 0xFD, 0x00, 0x01, 0xFF,
    0xDB, 0xFE, 0x00, 0x00, 0x2F, 0xFB, 0xFF, 0x00, 0x00, 0x03, 0xFF, 0xFF, 0xC0, 0x00, 0x00, 0xFF,
    0xFF, 0xE0, 0x00, 0x00, 0x2F, 0xFF, 0xFC, 0x00, 0x00, 0x0F, 0xFF, 0xFF, 0x00, 0x00, 0x03, 0xFF,
    0xBF, 0xE0, 0x00, 0x02, 0xFF, 0x9F, 0xFD, 0x00, 0x01, 0xFF, 0xD3, 0xFF, 0xE4, 0x06, 0xFF, 0xF0,
    0x7F, 0xFF, 0xFF, 0xFF, 0xF4, 0x07, 0xFF, 0xFF, 0xFF, 0xF8, 0x00, 0x7F, 0xFF, 0xFF, 0xF8, 0x00,
    0x07, 0xFF, 0xFF, 0xF4, 0x00, 0x00, 0x1B, 0xFF, 0x90, 0x00, 0x00, 0x00, 0x19, 0x00, 0x00, 0x00,
    0x00, 0x3F, 0xF0, 0x00, 0x00, 0x00, 0x7F, 0xFF, 0x40, 0x00, 0x00, 0x7F, 0xFF, 0xF4, 0x00, 0x00,
    0x2F, 0x80, 0xFE, 0x00, 0x00, 0x01, 0x00, 0x06, 0x00, 0x00, 0x00, 0x00, 0x00, 0x00, 0x00, 0x00,
    0x1B, 0xFF, 0x90, 0x00, 0x00, 0x3F, 0xFF, 0xFF, 0x40, 0x00, 0x7F, 0xFF, 0xFF, 0xF8, 0x00, 0x7F,
    0xFF, 0xFF, 0xFF, 0x80, 0x7F, 0xFF, 0xFF, 0xFF, 0xF4, 0x3F, 0xFE, 0x40, 0x6F, 0xFF, 0x1F, 0xFD,
    0x00, 0x01, 0xFF, 0xDB, 0xFE, 0x00, 0x00, 0x2F, 0xFB, 0xFF, 0x00, 0x00, 0x03, 0xFF, 0xFF, 0xC0,
    0x00, 0x00, 0xFF, 0xFF, 0xE0, 0x00, 0x00, 0x2F, 0xFF, 0xFC, 0x00, 0x00, 0x0F, 0xFF, 0xFF, 0x00,
    0x00, 0x03, 0xFF, 0xBF, 0xE0, 0x00, 0x02, 0xFF, 0x9F, 0xFD, 0x00, 0x01, 0xFF, 0xD3, 0xFF, 0xE4,
    0x06, 0xFF, 0xF0, 0x7F, 0xFF, 0xFF, 0xFF, 0xF4, 0x07, 0xFF, 0xFF, 0xFF, 0xF8, 0x00, 0x7F, 0xFF,
    0xFF, 0xF8, 0x00, 0x07, 0xFF, 0xFF, 0xF4, 0x00, 0x00, 0x1B, 0xFF, 0x90, 0x00, 0x00, 0x00, 0x00,
    0x00, 0x00, 0x00, 0x00, 0xFE, 0x4B, 0xD0, 0x00, 0x00, 0xFF, 0xFF, 0xF0, 0x00, 0x00, 0xBF, 0xFF,
    0xF8, 0x00, 0x00, 0x3F, 0x06, 0xF8, 0x00, 0x00, 0x00, 0x00, 0x00, 0x00, 0x00, 0x00, 0x00, 0x00,
    0x00, 0x00, 0x00, 0x1B, 0xFF, 0x90, 0x00, 0x00, 0x3F, 0xFF, 0xFF, 0x40, 0x00, 0x7F, 0xFF, 0xFF,
    0xF8, 0x00, 0x7F, 0xFF, 0xFF, 0xFF, 0x80, 0x7F, 0xFF, 0xFF, 0xFF, 0xF4, 0x3F, 0xFF, 0x40, 0x6F,
    0xFF, 0x1F, 0xFF, 0x00, 0x01, 0xFF, 0xDB, 0xFF, 0x00, 0x00, 0x2F, 0xFB, 0xFF, 0x80, 0x00, 0x03,
    0xFF, 0xFF, 0xD0, 0x00, 0x00, 0xFF, 0xFF, 0xF4, 0x00, 0x00, 0x2F, 0xFF, 0xFD, 0x00, 0x00, 0x0F,
    0xFF, 0xFF, 0x80, 0x00, 0x03, 0xFF, 0xBF, 0xF0, 0x00, 0x02, 0xFF, 0x9F, 0xFF, 0x00, 0x01, 0xFF,
    0xD3, 0xFF, 0xF4, 0x06, 0xFF, 0xF0, 0x7F, 0xFF, 0xFF, 0xFF, 0xF4, 0x07, 0xFF, 0xFF, 0xFF, 0xF8,
    0x00, 0x7F, 0xFF, 0xFF, 0xF8, 0x00, 0x07, 0xFF, 0xFF, 0xF4, 0x00, 0x00, 0x1B, 0xFF, 0x90, 0x00,
    0x00, 0x0F, 0xC0, 0x3E, 0x00, 0x00, 0x0F, 0xF8, 0x3F, 0xE0, 0x00, 0x03, 0xFE, 0x0F, 0xF8, 0x00,
    0x00, 0xFF, 0x83, 0xFE, 0x00, 0x00, 0x1F, 0x80, 0x7E, 0x00, 0x00, 0x00, 0x00, 0x00, 0x00, 0x00,
    0x00, 0x00, 0x00, 0x00, 0x00, 0x00, 0x1B, 0xFF, 0x90, 0x00, 0x00, 0x3F, 0xFF, 0xFF, 0x40, 0x00,
    0x7F, 0xFF, 0xFF, 0xF8, 0x00, 0x7F, 0xFF, 0xFF, 0xFF, 0x80, 0x7F, 0xFF, 0xFF, 0xFF, 0xF4, 0x3F,
    0xFF, 0x40, 0x6F, 0xFF, 0x1F, 0xFE, 0x00, 0x01, 0xFF, 0xDB, 0xFF, 0x00, 0x00, 0x2F, 0xFB, 0xFF,
    0x40, 0x00, 0x03, 0xFF, 0xFF, 0xC0, 0x00, 0x00, 0xFF, 0xFF, 0xF0, 0x00, 0x00, 0x2F, 0xFF, 0xFC,
    0x00, 0x00, 0x0F, 0xFF, 0xFF, 0x40, 0x00, 0x03, 0xFF, 0xBF, 0xF0, 0x00, 0x02, 0xFF, 0x9F, 0xFE,
    0x00, 0x01, 0xFF, 0xD3, 0xFF, 0xF4, 0x06, 0xFF, 0xF0, 0x7F, 0xFF, 0xFF, 0xFF, 0xF4, 0x07, 0xFF,
    0xFF, 0xFF, 0xF8, 0x00, 0x7F, 0xFF, 0xFF, 0xF8, 0x00, 0x07, 0xFF, 0xFF, 0xF4, 0x00, 0x00, 0x1B,
    0xFF, 0x90, 0x00, 0x09, 0x00, 0x08, 0x02, 0xF4, 0x03, 0xF0, 0xBF, 0xD0, 0xFF, 0xC7, 0xFF, 0x6F,
    0xFC, 0x1F, 0xFF, 0xFF, 0x00, 0x7F, 0xFF, 0xC0, 0x01, 0xFF, 0xF0, 0x00, 0x2F, 0xFF, 0x40, 0x0B,
    0xFF, 0xFD, 0x02, 0xFF, 0xFF, 0xF4, 0xBF, 0xF1, 0xFF, 0xC3, 0xFC, 0x07, 0xF8, 0x0F, 0x00, 0x1E,
    0x00, 0x00, 0x00, 0x00, 0x00, 0x00, 0x00, 0x00, 0x04, 0x00, 0x01, 0xBF, 0xF9, 0x0F, 0x80, 0x07,
    0xFF, 0xFF, 0xFB, 0xD0, 0x0B, 0xFF, 0xFF, 0xFF, 0xE0, 0x0B, 0xFF, 0xFF, 0xFF, 0xF8, 0x07, 0xFF,
    0xFF, 0xFF, 0xFF, 0x43, 0xFF, 0xE4, 0x07, 0xFF, 0xF1, 0xFF, 0xD0, 0x02, 0xFF, 0xFD, 0xBF, 0xE0,
    0x01, 0xFA, 0xFF, 0xBF, 0xF0, 0x01, 0xFC, 0x3F, 0xFF, 0xFC, 0x00, 0xFC, 0x0F, 0xFF, 0xFE, 0x00,
    0xFC, 0x02, 0xFF, 0xFF, 0xC0, 0xBD, 0x00, 0xFF, 0xFF, 0xF0, 0x7E, 0x00, 0x3F, 0xFB, 0xFE, 0x7F,
    0x00, 0x2F, 0xF9, 0xFF, 0xFF, 0x00, 0x1F, 0xFD, 0x3F, 0xFF, 0x80, 0x6F, 0xFF, 0x07, 0xFF, 0xFF,
    0xFF, 0xFF, 0x40, 0xBF, 0xFF, 0xFF, 0xFF, 0x80, 0x1F, 0xFF, 0xFF, 0xFF, 0x80, 0x0F, 0xFF, 0xFF,
    0xFF, 0x40, 0x0F, 0xC1, 0xBF, 0xF9, 0x00, 0x00, 0xD0, 0x00, 0x00, 0x00, 0x00, 0x00, 0x00, 0x00,
    0x00, 0x00, 0x00, 0x00, 0x00, 0x00, 0x00, 0x00, 0xE0, 0x00, 0x00, 0x00, 0x1F, 0xE0, 0x00, 0x00,
    0x03, 0xFF, 0xE0, 0x00, 0x00, 0x2F, 0xFF, 0xC0, 0x00, 0x00, 0x07, 0xF4, 0x00, 0x00, 0x00, 0x01,
    0x00, 0x00, 0x00, 0x00, 0x00, 0x00, 0xFF, 0x80, 0x00, 0x3F, 0xEF, 0xF8, 0x00, 0x03, 0xFE, 0xFF,
    0x80, 0x00, 0x3F, 0xEF, 0xF8, 0x00, 0x03, 0xFE, 0xFF, 0x80, 0x00, 0x3F, 0xEF, 0xF8, 0x00, 0x03,
    0xFE, 0xFF, 0x80, 0x00, 0x3F, 0xEF, 0xF8, 0x00, 0x03, 0xFE, 0xFF, 0x80, 0x00, 0x3F, 0xEF, 0xF8,
    0x00, 0x03, 0xFE, 0xFF, 0x80, 0x00, 0x3F, 0xEF, 0xF8, 0x00, 0x03, 0xFE, 0xFF, 0x80, 0x00, 0x3F,
    0xEF, 0xFC, 0x00, 0x03, 0xFE, 0xFF, 0xC0, 0x00, 0x7F, 0xEB, 0xFE, 0x00, 0x0F, 0xFD, 0x3F, 0xF9,
    0x07, 0xFF, 0xC2, 0xFF, 0xFF, 0xFF, 0xF4, 0x0B, 0xFF, 0xFF, 0xFD, 0x00, 0x1F, 0xFF, 0xFF, 0x40,
    0x00, 0x1B, 0xFE, 0x40, 0x00, 0x00, 0x00, 0x00, 0x00, 0x00, 0x00, 0x00, 0xB0, 0x00, 0x00, 0x00,
    0xBF, 0x40, 0x00, 0x00, 0xBF, 0xFC, 0x00, 0x00, 0x3F, 0xFF, 0x40, 0x00, 0x02, 0xFD, 0x00, 0x00,
    0x00, 0x04, 0x00, 0x00, 0x00, 0x00, 0x00, 0x00, 0x00, 0xFF, 0x80, 0x00, 0x3F, 0xEF, 0xF8, 0x00,
    0x03, 0xFE, 0xFF, 0x80, 0x00, 0x3F, 0xEF, 0xF8, 0x00, 0x03, 0xFE, 0xFF, 0x80, 0x00, 0x3F, 0xEF,
    0xF8, 0x00, 0x03, 0xFE, 0xFF, 0x80, 0x00, 0x3F, 0xEF, 0xF8, 0x00, 0x03, 0xFE, 0xFF, 0x80, 0x00,
    0x3F, 0xEF, 0xF8, 0x00, 0x03, 0xFE, 0xFF, 0x80, 0x00, 0x3F, 0xEF, 0xF8, 0x00, 0x03, 0xFE, 0xFF,
    0x80, 0x00, 0x3F, 0xEF, 0xFC, 0x00, 0x03, 0xFE, 0xFF, 0xC0, 0x00, 0x7F, 0xEB, 0xFE, 0x00, 0x0F,
    0xFD, 0x3F, 0xF9, 0x07, 0xFF, 0xC2, 0xFF, 0xFF, 0xFF, 0xF4, 0x0B, 0xFF, 0xFF, 0xFD, 0x00, 0x1F,
    0xFF, 0xFF, 0x40, 0x00, 0x1B, 0xFE, 0x40, 0x00, 0x00, 0x07, 0xFC, 0x00, 0x00, 0x02, 0xFF, 0xF4,
    0x00, 0x01, 0xFF, 0xFF, 0xE0, 0x00, 0x1F, 0xD0, 0x7F, 0x00, 0x00, 0x40, 0x00, 0x40, 0x00, 0x00,
    0x00, 0x00, 0x00, 0xFF, 0x80, 0x00, 0x3F, 0xEF, 0xF8, 0x00, 0x03, 0xFE, 0xFF, 0x80, 0x00, 0x3F,
    0xEF, 0xF8, 0x00, 0x03, 0xFE, 0xFF, 0x80, 0x00, 0x3F, 0xEF, 0xF8, 0x00, 0x03, 0xFE, 0xFF, 0x80,
    0x00, 0x3F, 0xEF, 0xF8, 0x00, 0x03, 0xFE, 0xFF, 0x80, 0x00, 0x3F, 0xEF, 0xF8, 0x00, 0x03, 0xFE,
    0xFF, 0x80, 0x00, 0x3F, 0xEF, 0xF8, 0x00, 0x03, 0xFE, 0xFF, 0x80, 0x00, 0x3F, 0xEF, 0xFC, 0x00,
    0x03, 0xFE, 0xFF, 0xC0, 0x00, 0x7F, 0xEB, 0xFE, 0x00, 0x0F, 0xFD, 0x3F, 0xF9, 0x07, 0xFF, 0xC2,
    0xFF, 0xFF, 0xFF, 0xF4, 0x0B, 0xFF, 0xFF, 0xFD, 0x00, 0x1F, 0xFF, 0xFF, 0x40, 0x00, 0x1B, 0xFE,
    0x40, 0x00, 0x00, 0xFC, 0x03, 0xE0, 0x00, 0x3F, 0xE0, 0xFF, 0x80, 0x03, 0xFE, 0x0F, 0xF8, 0x00,
    0x3F, 0xE0, 0xFF, 0x80, 0x01, 0xF8, 0x07, 0xE0, 0x00, 0x00, 0x00, 0x00, 0x00, 0xFF, 0x80, 0x00,
    0x3F, 0xEF, 0xF8, 0x00, 0x03, 0xFE, 0xFF, 0x80, 0x00, 0x3F, 0xEF, 0xF8, 0x00, 0x03, 0xFE, 0xFF,
    0x80, 0x00, 0x3F, 0xEF, 0xF8, 0x00, 0x03, 0xFE, 0xFF, 0x80, 0x00, 0x3F, 0xEF, 0xF8, 0x00, 0x03,
    0xFE, 0xFF, 0x80, 0x00, 0x3F, 0xEF, 0xF8, 0x00, 0x03, 0xFE, 0xFF, 0x80, 0x00, 0x3F, 0xEF, 0xF8,
    0x00, 0x03, 0xFE, 0xFF, 0x80, 0x00, 0x3F, 0xEF, 0xFC, 0x00, 0x03, 0xFE, 0xFF, 0xC0, 0x00, 0x7F,
    0xEB, 0xFE, 0x00, 0x0F, 0xFD, 0x3F, 0xF9, 0x07, 0xFF, 0xC2, 0xFF, 0xFF, 0xFF, 0xF4, 0x0B, 0xFF,
    0xFF, 0xFD, 0x00, 0x1F, 0xFF, 0xFF, 0x40, 0x00, 0x1B, 0xFE, 0x40, 0x00, 0x00, 0x00, 0x00, 0x00,
    0x00, 0x00, 0x00, 0x00, 0x0A, 0x00, 0x00, 0x00, 0x00, 0x07, 0xF0, 0x00, 0x00, 0x00, 0x07, 0xFF,
    0x80, 0x00, 0x00, 0x01, 0xFF, 0xF4, 0x00, 0x00, 0x00, 0x0F, 0xE0, 0x00, 0x00, 0x00, 0x00, 0x50,
    0x00, 0x00, 0x00, 0x00, 0x00, 0x00, 0x00, 0x00, 0x2F, 0xFC, 0x00, 0x02, 0xFF, 0xC0, 0xFF, 0xE0,
    0x00, 0x3F, 0xF0, 0x07, 0xFF, 0x00, 0x0F, 0xFE, 0x00, 0x2F, 0xFC, 0x01, 0xFF, 0xC0, 0x00, 0xFF,
    0xE0, 0x3F, 0xF4, 0x00, 0x07, 0xFF, 0x0B, 0xFE, 0x00, 0x00, 0x2F, 0xFC, 0xFF, 0xC0, 0x00, 0x00,
    0xFF, 0xFF, 0xF4, 0x00, 0x00, 0x03, 0xFF, 0xFF, 0x00, 0x00, 0x00, 0x2F, 0xFF, 0xC0, 0x00, 0x00,
    0x00, 0xFF, 0xF4, 0x00, 0x00, 0x00, 0x03, 0xFF, 0x00, 0x00, 0x00, 0x00, 0x3F, 0xE0, 0x00, 0x00,
    0x00, 0x03, 0xFE, 0x00, 0x00, 0x00, 0x00, 0x3F, 0xE0, 0x00, 0x00, 0x00, 0x03, 0xFE, 0x00, 0x00,
    0x00, 0x00, 0x3F, 0xE0, 0x00, 0x00, 0x00, 0x03, 0xFE, 0x00, 0x00, 0x00, 0x00, 0x3F, 0xE0, 0x00,
    0x00, 0x00, 0x03, 0xFE, 0x00, 0x00, 0x00, 0x00, 0x3F, 0xE0, 0x00, 0x00, 0xFF, 0x80, 0x00, 0x03,
    0xFE, 0x00, 0x00, 0x0F, 0xF8, 0x00, 0x00, 0x3F, 0xE0, 0x00, 0x00, 0xFF, 0xFF, 0xF8, 0x03, 0xFF,
    0xFF, 0xFE, 0x0F, 0xFF, 0xFF, 0xFD, 0x3F, 0xFF, 0xFF, 0xFC, 0xFF, 0x80, 0x3F, 0xF7, 0xFE, 0x00,
    0x3F, 0xEF, 0xF8, 0x00, 0xFF, 0xBF, 0xE0, 0x03, 0xFE, 0xFF, 0x80, 0x3F, 0xF7, 0xFF, 0xFF, 0xFF,
    0xCF, 0xFF, 0xFF, 0xFD, 0x3F, 0xFF, 0xFF, 0xD0, 0xFF, 0xFF, 0xF8, 0x03, 0xFE, 0x00, 0x00, 0x0F,
    0xF8, 0x00, 0x00, 0x3F, 0xE0, 0x00, 0x00, 0xFF, 0x80, 0x00, 0x00, 0x00, 0x0B, 0xFE, 0x40, 0x00,
    0x0B, 0xFF, 0xFF, 0x00, 0x02, 0xFF, 0xFF, 0xFC, 0x00, 0x3F, 0xFF, 0xFF, 0xD0, 0x0B, 0xFE, 0x0B,
    0xFE, 0x00, 0xFF, 0xC0, 0x3F, 0xE0, 0x0F, 0xF8, 0x03, 0xFD, 0x0F, 0xFF, 0x80, 0x7F, 0xC0, 0xFF,
    0xF8, 0x1F, 0xF0, 0x0F, 0xFF, 0x83, 0xFE, 0x00, 0xFF, 0xF8, 0x3F, 0xFD, 0x00, 0xFF, 0x82, 0xFF,
    0xF0, 0x0F, 0xF8, 0x03, 0xFF, 0xC0, 0xFF, 0x80, 0x0F, 0xFD, 0x0F, 0xF8, 0x00, 0x3F, 0xE0, 0xFF,
    0x80, 0x03, 0xFE, 0x0F, 0xF8, 0x00, 0x3F, 0xE0, 0xFF, 0x82, 0x0B, 0xFD, 0x0F, 0xF8, 0x7F, 0xFF,
    0xC0, 0xFF, 0x8F, 0xFF, 0xF8, 0x0F, 0xF8, 0xFF, 0xFE, 0x00, 0xFF, 0x86, 0xFE, 0x40, 0x00, 0x04,
    0x00, 0x00, 0x00, 0x1F, 0x00, 0x00, 0x00, 0x3F, 0xC0, 0x00, 0x00, 0x3F, 0xF4, 0x00, 0x00, 0x07,
    0xFC, 0x00, 0x00, 0x00, 0xBC, 0x00, 0x00, 0x00, 0x00, 0x00, 0x00, 0x00, 0x00, 0x00, 0x00, 0xBF,
    0xD2, 0xFF, 0x07, 0xFF, 0xFA, 0xFF, 0x1F, 0xFF, 0xFF, 0xFF, 0x3F, 0xFF, 0xFF, 0xFF, 0x7F, 0xF4,
    0x1F, 0xFF, 0xBF, 0xD0, 0x07, 0xFF, 0xFF, 0xC0, 0x03, 0xFF, 0xFF, 0x80, 0x02, 0xFF, 0xFF, 0x80,
    0x02, 0xFF, 0xFF, 0xC0, 0x03, 0xFF, 0xBF, 0xD0, 0x07, 0xFF, 0x7F, 0xF4, 0x1F, 0xFF, 0x3F, 0xFF,
    0xFF, 0xFF, 0x1F, 0xFF, 0xFF, 0xFF, 0x07, 0xFF, 0xFA, 0xFF, 0x00, 0xBF, 0x92, 0xFF, 0x00, 0x00,
    0x10, 0x00, 0x00, 0x00, 0x7C, 0x00, 0x00, 0x02, 0xFD, 0x00, 0x00, 0x0F, 0xFE, 0x00, 0x00, 0x2F,
    0xF0, 0x00, 0x00, 0x1F, 0x40, 0x00, 0x00, 0x04, 0x00, 0x00, 0x00, 0x00, 0x00, 0x00, 0x00, 0xBF,
    0xD2, 0xFF, 0x07, 0xFF, 0xFA, 0xFF, 0x1F, 0xFF, 0xFF, 0xFF, 0x3F, 0xFF, 0xFF, 0xFF, 0x7F, 0xF4,
    0x1F, 0xFF, 0xBF, 0xD0, 0x07, 0xFF, 0xFF, 0xC0, 0x03, 0xFF, 0xFF, 0x80, 0x02, 0xFF, 0xFF, 0x80,
    0x02, 0xFF, 0xFF, 0xC0, 0x03, 0xFF, 0xBF, 0xD0, 0x07, 0xFF, 0x7F, 0xF4, 0x1F, 0xFF, 0x3F, 0xFF,
    0xFF, 0xFF, 0x1F, 0xFF, 0xFF, 0xFF, 0x07, 0xFF, 0xFA, 0xFF, 0x00, 0xBF, 0x92, 0xFF, 0x00, 0x01,
    0x90, 0x00, 0x00, 0x0F, 0xFC, 0x00, 0x00, 0x3F, 0xFF, 0x00, 0x00, 0xFF, 0x7F, 0xD0, 0x02, 0xF8,
    0x0B, 0xE0, 0x00, 0x40, 0x01, 0x80, 0x00, 0x00, 0x00, 0x00, 0x00, 0x00, 0x00, 0x00, 0x00, 0xBF,
    0xD2, 0xFF, 0x07, 0xFF, 0xFA, 0xFF, 0x1F, 0xFF, 0xFF, 0xFF, 0x3F, 0xFF, 0xFF, 0xFF, 0x7F, 0xF4,
    0x1F, 0xFF, 0xBF, 0xD0, 0x07, 0xFF, 0xFF, 0xC0, 0x03, 0xFF, 0xFF, 0x80, 0x02, 0xFF, 0xFF, 0x80,
    0x02, 0xFF, 0xFF, 0xC0, 0x03, 0xFF, 0xBF, 0xD0, 0x07, 0xFF, 0x7F, 0xF4, 0x1F, 0xFF, 0x3F, 0xFF,
    0xFF, 0xFF, 0x1F, 0xFF, 0xFF, 0xFF, 0x07, 0xFF, 0xFA, 0xFF, 0x00, 0xBF, 0x92, 0xFF, 0x00, 0x2F,
    0x02, 0x90, 0x00, 0xFF, 0xD7, 0xE0, 0x01, 0xFF, 0xFF, 0xD0, 0x01, 0xF4, 0xFF, 0xC0, 0x00, 0xA0,
    0x2F, 0x00, 0x00, 0x00, 0x00, 0x00, 0x00, 0x00, 0x00, 0x00, 0x00, 0xBF, 0xD2, 0xFF, 0x07, 0xFF,
    0xFA, 0xFF, 0x1F, 0xFF, 0xFF, 0xFF, 0x3F, 0xFF, 0xFF, 0xFF, 0x7F, 0xF4, 0x1F, 0xFF, 0xBF, 0xD0,
    0x07, 0xFF, 0xFF, 0xC0, 0x03, 0xFF, 0xFF, 0x80, 0x02, 0xFF, 0xFF, 0x80, 0x02, 0xFF, 0xFF, 0xC0,
    0x03, 0xFF, 0xBF, 0xD0, 0x07, 0xFF, 0x7F, 0xF4, 0x1F, 0xFF, 0x3F, 0xFF, 0xFF, 0xFF, 0x1F, 0xFF,
    0xFF, 0xFF, 0x07, 0xFF, 0xFA, 0xFF, 0x00, 0xBF, 0x92, 0xFF, 0x00, 0xF8, 0x03, 0xE0, 0x03, 0xFE,
    0x0F, 0xF8, 0x03, 0xFE, 0x0F, 0xF8, 0x03, 0xFE, 0x0F, 0xF8, 0x01, 0xF8, 0x03, 0xE0, 0x00, 0x00,
    0x00, 0x00, 0x00, 0x00, 0x00, 0x00, 0x00, 0x00, 0x00, 0x00, 0x00, 0xBF, 0xD2, 0xFF, 0x07, 0xFF,
    0xFA, 0xFF, 0x1F, 0xFF, 0xFF, 0xFF, 0x3F, 0xFF, 0xFF, 0xFF, 0x7F, 0xF4, 0x1F, 0xFF, 0xBF, 0xD0,
    0x07, 0xFF, 0xFF, 0xC0, 0x03, 0xFF, 0xFF, 0x80, 0x02, 0xFF, 0xFF, 0x80, 0x02, 0xFF, 0xFF, 0xC0,
    0x03, 0xFF, 0xBF, 0xD0, 0x07, 0xFF, 0x7F, 0xF4, 0x1F, 0xFF, 0x3F, 0xFF, 0xFF, 0xFF, 0x1F, 0xFF,
    0xFF, 0xFF, 0x07, 0xFF, 0xFA, 0xFF, 0x00, 0xBF, 0x92, 0xFF, 0x00, 0x07, 0xF4, 0x00, 0x00, 0x1F,
    0xFD, 0x00, 0x00, 0x3E, 0x2F, 0x00, 0x00, 0x3D, 0x1F, 0x00, 0x00, 0x2F, 0xFE, 0x00, 0x00, 0x0B,
    0xF8, 0x00, 0x00, 0x00, 0x00, 0x00, 0x00, 0x00, 0x00, 0x00, 0x00, 0x00, 0x00, 0x00, 0x00, 0xBF,
    0xD2, 0xFF, 0x07, 0xFF, 0xFA, 0xFF, 0x1F, 0xFF, 0xFF, 0xFF, 0x3F, 0xFF, 0xFF, 0xFF, 0x7F, 0xF4,
    0x1F, 0xFF, 0xBF, 0xD0, 0x07, 0xFF, 0xFF, 0xC0, 0x03, 0xFF, 0xFF, 0x80, 0x02, 0xFF, 0xFF, 0x80,
    0x02, 0xFF, 0xFF, 0xC0, 0x03, 0xFF, 0xBF, 0xD0, 0x07, 0xFF, 0x7F, 0xF4, 0x1F, 0xFF, 0x3F, 0xFF,
    0xFF, 0xFF, 0x1F, 0xFF, 0xFF, 0xFF, 0x07, 0xFF, 0xFA, 0xFF, 0x00, 0xBF, 0x92, 0xFF, 0x00, 0xBF,
    0xF8, 0x06, 0xFE, 0x40, 0x02, 0xFF, 0xFF, 0xEF, 0xFF, 0xF8, 0x03, 0xFF, 0xFF, 0xFF, 0xFF, 0xFF,
    0xC0, 0xFF, 0xFF, 0xFF, 0xFF, 0xFF, 0xF4, 0x0B, 0x80, 0x3F, 0xFE, 0x02, 0xFF, 0x00, 0x00, 0x03,
    0xFE, 0x00, 0x3F, 0xC0, 0x1B, 0xFF, 0xFF, 0xFF, 0xFF, 0xF4, 0x7F, 0xFF, 0xFF, 0xFF, 0xFF, 0xFD,
    0x7F, 0xFF, 0xFF, 0xFF, 0xFF, 0xFF, 0xAF, 0xF4, 0x03, 0xFD, 0x00, 0x00, 0x0F, 0xFC, 0x00, 0xFF,
    0xC0, 0x00, 0x03, 0xFF, 0x41, 0xFF, 0xFD, 0x01, 0xF0, 0xFF, 0xFF, 0xFF, 0xFF, 0xFF, 0xFE, 0x1F,
    0xFF, 0xFF, 0x7F, 0xFF, 0xFF, 0xC2, 0xFF, 0xFF, 0x03, 0xFF, 0xFF, 0x80, 0x1B, 0xF9, 0x00, 0x1B,
    0xFE, 0x00, 0x00, 0x6F, 0xF9, 0x00, 0x0B, 0xFF, 0xFF, 0x00, 0xFF, 0xFF, 0xFF, 0x0B, 0xFF, 0xFF,
    0xF8, 0x7F, 0xF8, 0x0B, 0xC2, 0xFF, 0x40, 0x04, 0x0F, 0xFC, 0x00, 0x00, 0x3F, 0xF0, 0x00, 0x00,
    0xFF, 0xC0, 0x00, 0x03, 0xFF, 0x00, 0x00, 0x0B, 0xFE, 0x00, 0x10, 0x1F, 0xFE, 0x02, 0xF0, 0x2F,
    0xFF, 0xFF, 0xE0, 0x3F, 0xFF, 0xFF, 0xC0, 0x2F, 0xFF, 0xFC, 0x00, 0x1B, 0xFE, 0x40, 0x00, 0x0F,
    0x00, 0x00, 0x00, 0xBF, 0x40, 0x00, 0x02, 0xFF, 0x80, 0x00, 0x00, 0xFF, 0x00, 0x00, 0x0B, 0xFC,
    0x00, 0x00, 0xFF, 0xD0, 0x00, 0x03, 0xF4, 0x00, 0x00, 0x00, 0x04, 0x00, 0x00, 0x00, 0xF4, 0x00,
    0x00, 0x0B, 0xF8, 0x00, 0x00, 0x2F, 0xFC, 0x00, 0x00, 0x0F, 0xFC, 0x00, 0x00, 0x07, 0xD0, 0x00,
    0x00, 0x01, 0x00, 0x00, 0x00, 0x00, 0x00, 0x00, 0x6F, 0xF4, 0x00, 0x0F, 0xFF, 0xFD, 0x00, 0xFF,
    0xFF, 0xFD, 0x0B, 0xFF, 0xFF, 0xFC, 0x7F, 0xF4, 0x1F, 0xF6, 0xFF, 0x40, 0x1F, 0xEF, 0xFF, 0xFF,
    0xFF, 0xFF, 0xFF, 0xFF, 0xFF, 0xFF, 0xFF, 0xFF, 0xFF, 0xFF, 0x00, 0x00, 0x0B, 0xFE, 0x00, 0x00,
    0x1F, 0xFE, 0x41, 0xB0, 0x2F, 0xFF, 0xFF, 0xE0, 0x3F, 0xFF, 0xFF, 0xC0, 0x2F, 0xFF, 0xFD, 0x00,
    0x0B, 0xFE, 0x40, 0x00, 0x00, 0x10, 0x00, 0x00, 0x03, 0xD0, 0x00, 0x00, 0x3F, 0xC0, 0x00, 0x07,
    0xFF, 0x00, 0x00, 0x7F, 0xE0, 0x00, 0x00, 0xF8, 0x00, 0x00, 0x00, 0x00, 0x00, 0x00, 0x00, 0x00,
    0x00, 0x00, 0x6F, 0xF4, 0x00, 0x0F, 0xFF, 0xFD, 0x00, 0xFF, 0xFF, 0xFD, 0x0B, 0xFF, 0xFF, 0xFC,
    0x7F, 0xF4, 0x1F, 0xF6, 0xFF, 0x40, 0x1F, 0xEF, 0xFF, 0xFF, 0xFF, 0xFF, 0xFF, 0xFF, 0xFF, 0xFF,
    0xFF, 0xFF, 0xFF, 0xFF, 0x00, 0x00, 0x0B, 0xFE, 0x00, 0x00, 0x1F, 0xFE, 0x41, 0xB0, 0x2F, 0xFF,
    0xFF, 0xE0, 0x3F, 0xFF, 0xFF, 0xC0, 0x2F, 0xFF, 0xFD, 0x00, 0x0B, 0xFE, 0x40, 0x00, 0x06, 0x90,
    0x00, 0x00, 0x7F, 0xD0, 0x00, 0x0B, 0xFF, 0xE0, 0x00, 0xBF, 0xAF, 0xE0, 0x03, 0xF0, 0x1F, 0xC0,
    0x01, 0x00, 0x08, 0x00, 0x00, 0x00, 0x00, 0x00, 0x00, 0x00, 0x00, 0x00, 0x6F, 0xF4, 0x00, 0x0F,
    0xFF, 0xFD, 0x00, 0xFF, 0xFF, 0xFD, 0x0B, 0xFF, 0xFF, 0xFC, 0x7F, 0xF4, 0x1F, 0xF6, 0xFF, 0x40,
    0x1F, 0xEF, 0xFF, 0xFF, 0xFF, 0xFF, 0xFF, 0xFF, 0xFF, 0xFF, 0xFF, 0xFF, 0xFF, 0xFF, 0x00, 0x00,
    0x0B, 0xFE, 0x00, 0x00, 0x1F, 0xFE, 0x41, 0xB0, 0x2F, 0xFF, 0xFF, 0xE0, 0x3F, 0xFF, 0xFF, 0xC0,
    0x2F, 0xFF, 0xFD, 0x00, 0x0B, 0xFE, 0x40, 0x03, 0xE0, 0x0F, 0x80, 0x3F, 0xE0, 0xFF, 0x80, 0xFF,
    0x83, 0xFE, 0x03, 0xFE, 0x0F, 0xF8, 0x07, 0xE0, 0x0F, 0x80, 0x00, 0x00, 0x00, 0x00, 0x00, 0x00,
    0x00, 0x00, 0x00, 0x00, 0x00, 0x00, 0x6F, 0xF4, 0x00, 0x0F, 0xFF, 0xFD, 0x00, 0xFF, 0xFF, 0xFD,
    0x0B, 0xFF, 0xFF, 0xFC, 0x7F, 0xF4, 0x1F, 0xF6, 0xFF, 0x40, 0x1F, 0xEF, 0xFF, 0xFF, 0xFF, 0xFF,
    0xFF, 0xFF, 0xFF, 0xFF, 0xFF, 0xFF, 0xFF, 0xFF, 0x00, 0x00, 0x0B, 0xFE, 0x00, 0x00, 0x1F, 0xFE,
    0x41, 0xB0, 0x2F, 0xFF, 0xFF, 0xE0, 0x3F, 0xFF, 0xFF, 0xC0, 0x2F, 0xFF, 0xFD, 0x00, 0x0B, 0xFE,
    0x40, 0x00, 0x00, 0x0C, 0x00, 0x3F, 0x00, 0xBF, 0xD0, 0x3F, 0xF8, 0x07, 0xFC, 0x00, 0x78, 0x00,
    0x00, 0x00, 0x00, 0x0F, 0xF8, 0x0F, 0xF8, 0x0F, 0xF8, 0x0F, 0xF8, 0x0F, 0xF8, 0x0F, 0xF8, 0x0F,
    0xF8, 0x0F, 0xF8, 0x0F, 0xF8, 0x0F, 0xF8, 0x0F, 0xF8, 0x0F, 0xF8, 0x0F, 0xF8, 0x0F, 0xF8, 0x0F,
    0xF8, 0x0F, 0xF8, 0x00, 0x00, 0x00, 0x09, 0x00, 0x0F, 0xC0, 0x1F, 0xF8, 0x2F, 0xFD, 0x0F, 0xF4,
    0x01, 0xD0, 0x00, 0x00, 0x00, 0x00, 0x00, 0x03, 0xFE, 0x00, 0xFF, 0x80, 0x3F, 0xE0, 0x0F, 0xF8,
    0x03, 0xFE, 0x00, 0xFF, 0x80, 0x3F, 0xE0, 0x0F, 0xF8, 0x03, 0xFE, 0x00, 0xFF, 0x80, 0x3F, 0xE0,
    0x0F, 0xF8, 0x03, 0xFE, 0x00, 0xFF, 0x80, 0x3F, 0xE0, 0x0F, 0xF8, 0x00, 0x00, 0xBF, 0x40, 0x03,
    0xFF, 0xE0, 0x1F, 0xF7, 0xFC, 0x3F, 0x40, 0xBE, 0x04, 0x00, 0x14, 0x00, 0x00, 0x00, 0x00, 0x00,
    0x00, 0x00, 0xFF, 0x80, 0x00, 0xFF, 0x80, 0x00, 0xFF, 0x80, 0x00, 0xFF, 0x80, 0x00, 0xFF, 0x80,
    0x00, 0xFF, 0x80, 0x00, 0xFF, 0x80, 0x00, 0xFF, 0x80, 0x00, 0xFF, 0x80, 0x00, 0xFF, 0x80, 0x00,
    0xFF, 0x80, 0x00, 0xFF, 0x80, 0x00, 0xFF, 0x80, 0x00, 0xFF, 0x80, 0x00, 0xFF, 0x80, 0x00, 0xFF,
    0x80, 0x3E, 0x00, 0xBC, 0xFF, 0x82, 0xFF, 0xFF, 0x82, 0xFF, 0xFF, 0x82, 0xFF, 0x7E, 0x00, 0xBC,
    0x00, 0x00, 0x00, 0x00, 0x00, 0x00, 0x00, 0x00, 0x00, 0x00, 0xFF, 0x80, 0x00, 0xFF, 0x80, 0x00,
    0xFF, 0x80, 0x00, 0xFF, 0x80, 0x00, 0xFF, 0x80, 0x00, 0xFF, 0x80, 0x00, 0xFF, 0x80, 0x00, 0xFF,
    0x80, 0x00, 0xFF, 0x80, 0x00, 0xFF, 0x80, 0x00, 0xFF, 0x80, 0x00, 0xFF, 0x80, 0x00, 0xFF, 0x80,
    0x00, 0xFF, 0x80, 0x00, 0xFF, 0x80, 0x00, 0xFF, 0x80, 0x00, 0x18, 0x00, 0x00, 0x00, 0x3F, 0x80,
    0x00, 0x00, 0x7F, 0xF9, 0xA0, 0x00, 0x6F, 0xFF, 0xF0, 0x00, 0x1F, 0xFF, 0xC0, 0x02, 0xFF, 0xFF,
    0xD0, 0x01, 0xE4, 0x3F, 0xF0, 0x00, 0x6F, 0xFF, 0xF4, 0x02, 0xFF, 0xFF, 0xFC, 0x0F, 0xFF, 0xFF,
    0xFC, 0x2F, 0xFF, 0xFF, 0xFD, 0x3F, 0xF4, 0x2F, 0xFE, 0xBF, 0xD0, 0x0B, 0xFE, 0xFF, 0xC0, 0x03,
    0xFE, 0xFF, 0xC0, 0x03, 0xFE, 0xFF, 0xC0, 0x03, 0xFE, 0xFF, 0xC0, 0x03, 0xFD, 0xBF, 0xD0, 0x0B,
    0xFC, 0x7F, 0xF4, 0x2F, 0xFC, 0x2F, 0xFF, 0xFF, 0xF4, 0x0F, 0xFF, 0xFF, 0xE0, 0x02, 0xFF, 0xFF,
    0x40, 0x00, 0x6F, 0xF8, 0x00, 0x00, 0x7E, 0x02, 0x40, 0x07, 0xFF, 0x2F, 0x40, 0x3F, 0xFF, 0xFC,
    0x00, 0xFC, 0x7F, 0xE0, 0x01, 0x90, 0x7E, 0x00, 0x00, 0x00, 0x00, 0x00, 0x00, 0x00, 0x00, 0x3F,
    0xE0, 0xBF, 0x80, 0xFF, 0xAF, 0xFF, 0xD3, 0xFF, 0xFF, 0xFF, 0xCF, 0xFF, 0xFF, 0xFF, 0x7F, 0xFD,
    0x0F, 0xFE, 0xFF, 0xC0, 0x0F, 0xFB, 0xFE, 0x00, 0x3F, 0xEF, 0xF8, 0x00, 0xFF, 0xBF, 0xE0, 0x03,
    0xFE, 0xFF, 0x80, 0x0F, 0xFB, 0xFE, 0x00, 0x3F, 0xEF, 0xF8, 0x00, 0xFF, 0xBF, 0xE0, 0x03, 0xFE,
    0xFF, 0x80, 0x0F, 0xFB, 0xFE, 0x00, 0x3F, 0xEF, 0xF8, 0x00, 0xFF, 0x80, 0x00, 0x04, 0x00, 0x00,
    0x00, 0x0B, 0x80, 0x00, 0x00, 0x07, 0xFC, 0x00, 0x00, 0x01, 0xFF, 0xD0, 0x00, 0x00, 0x0B, 0xFD,
    0x00, 0x00, 0x00, 0x2F, 0x00, 0x00, 0x00, 0x01, 0x00, 0x00, 0x00, 0x00, 0x00, 0x00, 0x00, 0x2F,
    0xFD, 0x00, 0x00, 0xBF, 0xFF, 0xF4, 0x00, 0xFF, 0xFF, 0xFF, 0x80, 0xBF, 0xFF, 0xFF, 0xF4, 0x3F,
    0xF8, 0x0F, 0xFF, 0x2F, 0xF8, 0x00, 0xFF, 0xDF, 0xFC, 0x00, 0x1F, 0xFB, 0xFF, 0x00, 0x03, 0xFE,
    0xFF, 0xC0, 0x00, 0xFF, 0xBF, 0xF0, 0x00, 0x7F, 0xEB, 0xFE, 0x00, 0x3F, 0xF4, 0xFF, 0xE0, 0x3F,
    0xFC, 0x2F, 0xFF, 0xFF, 0xFD, 0x03, 0xFF, 0xFF, 0xFE, 0x00, 0x2F, 0xFF, 0xFD, 0x00, 0x00, 0xBF,
    0xF4, 0x00, 0x00, 0x00, 0x10, 0x00, 0x00, 0x00, 0x2F, 0x00, 0x00, 0x00, 0x3F, 0xD0, 0x00, 0x00,
    0x3F, 0xF8, 0x00, 0x00, 0x3F, 0xF0, 0x00, 0x00, 0x0B, 0xD0, 0x00, 0x00, 0x00, 0x40, 0x00, 0x00,
    0x00, 0x00, 0x00, 0x00, 0x00, 0x2F, 0xFD, 0x00, 0x00, 0xBF, 0xFF, 0xF4, 0x00, 0xFF, 0xFF, 0xFF,
    0x80, 0xBF, 0xFF, 0xFF, 0xF4, 0x3F, 0xF8, 0x0F, 0xFF, 0x2F, 0xF8, 0x00, 0xFF, 0xDF, 0xFC, 0x00,
    0x1F, 0xFB, 0xFF, 0x00, 0x03, 0xFE, 0xFF, 0xC0, 0x00, 0xFF, 0xBF, 0xF0, 0x00, 0x7F, 0xEB, 0xFE,
    0x00, 0x3F, 0xF4, 0xFF, 0xE0, 0x3F, 0xFC, 0x2F, 0xFF, 0xFF, 0xFD, 0x03, 0xFF, 0xFF, 0xFE, 0x00,
    0x2F, 0xFF, 0xFD, 0x00, 0x00, 0xBF, 0xF4, 0x00, 0x00, 0x02, 0x90, 0x00, 0x00, 0x03, 0xFF, 0x00,
    0x00, 0x07, 0xFF, 0xF0, 0x00, 0x07, 0xFD, 0xFF, 0x00, 0x03, 0xF4, 0x0B, 0xE0, 0x00, 0x20, 0x00,
    0x60, 0x00, 0x00, 0x00, 0x00, 0x00, 0x00, 0x00, 0x00, 0x00, 0x00, 0x2F, 0xFD, 0x00, 0x00, 0xBF,
    0xFF, 0xF4, 0x00, 0xFF, 0xFF, 0xFF, 0x80, 0xBF, 0xFF, 0xFF, 0xF4, 0x3F, 0xF8, 0x0F, 0xFF, 0x2F,
    0xF8, 0x00, 0xFF, 0xDF, 0xFC, 0x00, 0x1F, 0xFB, 0xFF, 0x00, 0x03, 0xFE, 0xFF, 0xC0, 0x00, 0xFF,
    0xBF, 0xF0, 0x00, 0x7F, 0xEB, 0xFE, 0x00, 0x3F, 0xF4, 0xFF, 0xE0, 0x3F, 0xFC, 0x2F, 0xFF, 0xFF,
    0xFD, 0x03, 0xFF, 0xFF, 0xFE, 0x00, 0x2F, 0xFF, 0xFD, 0x00, 0x00, 0xBF, 0xF4, 0x00, 0x00, 0x7E,
    0x02, 0x80, 0x00, 0x3F, 0xF1, 0xF8, 0x00, 0x2F, 0xFF, 0xFD, 0x00, 0x0F, 0xC7, 0xFF, 0x00, 0x01,
    0xA0, 0x3E, 0x00, 0x00, 0x00, 0x00, 0x00, 0x00, 0x00, 0x00, 0x00, 0x00, 0x00, 0xBF, 0xF4, 0x00,
    0x02, 0xFF, 0xFF, 0xD0, 0x03, 0xFF, 0xFF, 0xFE, 0x02, 0xFF, 0xFF, 0xFF, 0xD0, 0xFF, 0xE0, 0x3F,
    0xFC, 0xBF, 0xE0, 0x03, 0xFF, 0x7F, 0xF0, 0x00, 0x7F, 0xEF, 0xFC, 0x00, 0x0F, 0xFB, 0xFF, 0x00,
    0x03, 0xFE, 0xFF, 0xC0, 0x01, 0xFF, 0xAF, 0xF8, 0x00, 0xFF, 0xD3, 0xFF, 0x80, 0xFF, 0xF0, 0xBF,
    0xFF, 0xFF, 0xF4, 0x0F, 0xFF, 0xFF, 0xF8, 0x00, 0xBF, 0xFF, 0xF4, 0x00, 0x02, 0xFF, 0xD0, 0x00,
    0x02, 0xF4, 0x0B, 0xC0, 0x02, 0xFF, 0x0B, 0xFC, 0x00, 0xBF, 0xC2, 0xFF, 0x00, 0x2F, 0xF0, 0xBF,
    0xC0, 0x03, 0xF0, 0x0B, 0xC0, 0x00, 0x00, 0x00, 0x00, 0x00, 0x00, 0x00, 0x00, 0x00, 0x00, 0x00,
    0x00, 0x00, 0x00, 0x2F, 0xFD, 0x00, 0x00, 0xBF, 0xFF, 0xF4, 0x00, 0xFF, 0xFF, 0xFF, 0x80, 0xBF,
    0xFF, 0xFF, 0xF4, 0x3F, 0xF8, 0x0F, 0xFF, 0x2F, 0xF8, 0x00, 0xFF, 0xDF, 0xFC, 0x00, 0x1F, 0xFB,
    0xFF, 0x00, 0x03, 0xFE, 0xFF, 0xC0, 0x00, 0xFF, 0xBF, 0xF0, 0x00, 0x7F, 0xEB, 0xFE, 0x00, 0x3F,
    0xF4, 0xFF, 0xE0, 0x3F, 0xFC, 0x2F, 0xFF, 0xFF, 0xFD, 0x03, 0xFF, 0xFF, 0xFE, 0x00, 0x2F, 0xFF,
    0xFD, 0x00, 0x00, 0xBF, 0xF4, 0x00, 0x00, 0x0F, 0x80, 0x00, 0x00, 0xFF, 0x80, 0x00, 0x03, 0xFE,
    0x00, 0x00, 0x0F, 0xF8, 0x00, 0x00, 0x0F, 0x80, 0x00, 0x00, 0x00, 0x00, 0x0F, 0xFF, 0xFF, 0xFF,
    0xFF, 0xFF, 0xFF, 0xFF, 0xFF, 0xFF, 0xFF, 0xFF, 0xFF, 0xFF, 0xFF, 0xF0, 0x00, 0x00, 0x00, 0x00,
    0x03, 0xE0, 0x00, 0x00, 0x3F, 0xE0, 0x00, 0x00, 0xFF, 0x80, 0x00, 0x03, 0xFE, 0x00, 0x00, 0x03,
    0xE0, 0x00, 0x00, 0x00, 0x00, 0x00, 0x00, 0x0B, 0xFF, 0x4F, 0x40, 0x2F, 0xFF, 0xFF, 0xE0, 0x3F,
    0xFF, 0xFF, 0xF0, 0x2F, 0xFF, 0xFF, 0xFD, 0x0F, 0xFE, 0x07, 0xFF, 0xCB, 0xFE, 0x03, 0xFF, 0xF7,
    0xFF, 0x03, 0xFB, 0xFE, 0xFF, 0xC2, 0xF4, 0xFF, 0xBF, 0xF2, 0xF8, 0x3F, 0xEF, 0xFD, 0xF8, 0x1F,
    0xFA, 0xFF, 0xFC, 0x0F, 0xFD, 0x3F, 0xFD, 0x0F, 0xFF, 0x0B, 0xFF, 0xFF, 0xFF, 0x40, 0xFF, 0xFF,
    0xFF, 0x80, 0xBF, 0xFF, 0xFF, 0x40, 0x3E, 0x2F, 0xFD, 0x00, 0x02, 0x00, 0x00, 0x00, 0x00, 0x00,
    0x00, 0x00, 0x00, 0x00, 0xC0, 0x00, 0x00, 0x0B, 0xD0, 0x00, 0x00, 0x7F, 0xE0, 0x00, 0x00, 0xBF,
    0xE0, 0x00, 0x00, 0x7F, 0xD0, 0x00, 0x00, 0x1E, 0x00, 0x00, 0x00, 0x00, 0x00, 0x00, 0x00, 0x00,
    0x03, 0xFE, 0x00, 0x3F, 0xEF, 0xF8, 0x00, 0xFF, 0xBF, 0xE0, 0x03, 0xFE, 0xFF, 0x80, 0x0F, 0xFB,
    0xFE, 0x00, 0x3F, 0xEF, 0xF8, 0x00, 0xFF, 0xBF, 0xE0, 0x03, 0xFE, 0xFF, 0x80, 0x0F, 0xFB, 0xFE,
    0x00, 0x3F, 0xEF, 0xFC, 0x00, 0xFF, 0xBF, 0xF0, 0x07, 0xFE, 0xFF, 0xE0, 0x7F, 0xFA, 0xFF, 0xFF,
    0xFF, 0xE3, 0xFF, 0xFF, 0xFF, 0x87, 0xFF, 0xF7, 0xFE, 0x02, 0xFE, 0x0F, 0xF8, 0x00, 0x00, 0x00,
    0x00, 0x00, 0x02, 0x40, 0x00, 0x00, 0x3F, 0x00, 0x00, 0x07, 0xFE, 0x00, 0x00, 0x7F, 0xF4, 0x00,
    0x03, 0xFD, 0x00, 0x00, 0x07, 0x80, 0x00, 0x00, 0x00, 0x00, 0x00, 0x00, 0x00, 0x00, 0x03, 0xFE,
    0x00, 0x3F, 0xEF, 0xF8, 0x00, 0xFF, 0xBF, 0xE0, 0x03, 0xFE, 0xFF, 0x80, 0x0F, 0xFB, 0xFE, 0x00,
    0x3F, 0xEF, 0xF8, 0x00, 0xFF, 0xBF, 0xE0, 0x03, 0xFE, 0xFF, 0x80, 0x0F, 0xFB, 0xFE, 0x00, 0x3F,
    0xEF, 0xFC, 0x00, 0xFF, 0xBF, 0xF0, 0x07, 0xFE, 0xFF, 0xE0, 0x7F, 0xFA, 0xFF, 0xFF, 0xFF, 0xE3,
    0xFF, 0xFF, 0xFF, 0x87, 0xFF, 0xF7, 0xFE, 0x02, 0xFE, 0x0F, 0xF8, 0x00, 0x06, 0x40, 0x00, 0x00,
    0xFF, 0xC0, 0x00, 0x1F, 0xFF, 0xC0, 0x01, 0xFF, 0x7F, 0xD0, 0x0B, 0xD0, 0x2F, 0x80, 0x04, 0x00,
    0x08, 0x00, 0x00, 0x00, 0x00, 0x00, 0x00, 0x00, 0x00, 0xFF, 0x80, 0x0F, 0xFB, 0xFE, 0x00, 0x3F,
    0xEF, 0xF8, 0x00, 0xFF, 0xBF, 0xE0, 0x03, 0xFE, 0xFF, 0x80, 0x0F, 0xFB, 0xFE, 0x00, 0x3F, 0xEF,
    0xF8, 0x00, 0xFF, 0xBF, 0xE0, 0x03, 0xFE, 0xFF, 0x80, 0x0F, 0xFB, 0xFF, 0x00, 0x3F, 0xEF, 0xFC,
    0x01, 0xFF, 0xBF, 0xF8, 0x1F, 0xFE, 0xBF, 0xFF, 0xFF, 0xF8, 0xFF, 0xFF, 0xFF, 0xE1, 0xFF, 0xFD,
    0xFF, 0x80, 0xBF, 0x83, 0xFE, 0x0F, 0x80, 0x3E, 0x00, 0xFF, 0x83, 0xFE, 0x03, 0xFE, 0x0F, 0xF8,
    0x0F, 0xF8, 0x3F, 0xE0, 0x1F, 0x80, 0x3E, 0x00, 0x00, 0x00, 0x00, 0x00, 0x00, 0x00, 0x00, 0x00,
    0x00, 0x00, 0x00, 0xFF, 0x80, 0x0F, 0xFB, 0xFE, 0x00, 0x3F, 0xEF, 0xF8, 0x00, 0xFF, 0xBF, 0xE0,
    0x03, 0xFE, 0xFF, 0x80, 0x0F, 0xFB, 0xFE, 0x00, 0x3F, 0xEF, 0xF8, 0x00, 0xFF, 0xBF, 0xE0, 0x03,
    0xFE, 0xFF, 0x80, 0x0F, 0xFB, 0xFF, 0x00, 0x3F, 0xEF, 0xFC, 0x01, 0xFF, 0xBF, 0xF8, 0x1F, 0xFE,
    0xBF, 0xFF, 0xFF, 0xF8, 0xFF, 0xFF, 0xFF, 0xE1, 0xFF, 0xFC, 0xFF, 0x80, 0xBF, 0x83, 0xFE, 0x00,
    0x00, 0x00, 0x00, 0x00, 0x00, 0x00, 0x24, 0x00, 0x00, 0x00, 0x03, 0xF0, 0x00, 0x00, 0x00, 0x3F,
    0xF0, 0x00, 0x00, 0x07, 0xFF, 0x40, 0x00, 0x00, 0x3F, 0xD0, 0x00, 0x00, 0x00, 0x78, 0x00, 0x00,
    0x00, 0x00, 0x00, 0x00, 0x00, 0x00, 0x00, 0x00, 0x00, 0x00, 0xFF, 0xC0, 0x00, 0xFF, 0xC2, 0xFF,
    0x40, 0x07, 0xFE, 0x07, 0xFF, 0x00, 0x3F, 0xF4, 0x0F, 0xFD, 0x00, 0xFF, 0xC0, 0x1F, 0xF8, 0x0B,
    0xFD, 0x00, 0x3F, 0xF0, 0x3F, 0xF0, 0x00, 0x7F, 0xE0, 0xFF, 0x80, 0x00, 0xFF, 0xCB, 0xFC, 0x00,
    0x02, 0xFF, 0x7F, 0xE0, 0x00, 0x03, 0xFF, 0xFF, 0x40, 0x00, 0x0B, 0xFF, 0xFC, 0x00, 0x00, 0x0F,
    0xFF, 0xD0, 0x00, 0x00, 0x2F, 0xFF, 0x00, 0x00, 0x00, 0x3F, 0xF8, 0x00, 0x00, 0x00, 0xFF, 0xC0,
    0x00, 0x00, 0x02, 0xFE, 0x00, 0x00, 0x00, 0x0F, 0xF4, 0x00, 0x00, 0x00, 0xBF, 0xC0, 0x00, 0x00,
    0x03, 0xFE, 0x00, 0x00, 0x00, 0x1F, 0xF0, 0x00, 0x00, 0x00, 0xFF, 0x80, 0x00, 0x00, 0x07, 0xFD,
    0x00, 0x00, 0x00, 0xFF, 0x80, 0x00, 0x00, 0xFF, 0x80, 0x00, 0x00, 0xFF, 0x80, 0x00, 0x00, 0xFF,
    0x80, 0x00, 0x00, 0xFF, 0x80, 0x00, 0x00, 0xFF, 0x80, 0x00, 0x00, 0xFF, 0x87, 0xFE, 0x00, 0xFF,
    0xFF, 0xFF, 0xD0, 0xFF, 0xFF, 0xFF, 0xF4, 0xFF, 0xFF, 0xFF, 0xFC, 0xFF, 0xF4, 0x1F, 0xFD, 0xFF,
    0xD0, 0x07, 0xFE, 0xFF, 0xC0, 0x03, 0xFF, 0xFF, 0x80, 0x02, 0xFF, 0xFF, 0x80, 0x02, 0xFF, 0xFF,
    0xC0, 0x03, 0xFF, 0xFF, 0xD0, 0x07, 0xFE, 0xFF, 0xF4, 0x1F, 0xFD, 0xFF, 0xFF, 0xFF, 0xFC, 0xFF,
    0xFF, 0xFF, 0xF4, 0xFF, 0xFF, 0xFF, 0xD0, 0xFF, 0x87, 0xFE, 0x00, 0xFF, 0x80, 0x00, 0x00, 0xFF,
    0x80, 0x00, 0x00, 0xFF, 0x80, 0x00, 0x00, 0xFF, 0x80, 0x00, 0x00, 0xFF, 0x80, 0x00, 0x00, 0xFF,
    0x80, 0x00, 0x00, 0x00, 0xF8, 0x02, 0xF0, 0x00, 0x3F, 0xE0, 0xBF, 0xC0, 0x03, 0xFE, 0x0B, 0xFC,
    0x00, 0x3F, 0xE0, 0xBF, 0xC0, 0x01, 0xF8, 0x02, 0xF0, 0x00, 0x00, 0x00, 0x00, 0x00, 0x00, 0x00,
    0x00, 0x00, 0x00, 0x00, 0x00, 0x00, 0x00, 0xBF, 0xD0, 0x00, 0x7F, 0xE3, 0xFF, 0x00, 0x0F, 0xFC,
    0x3F, 0xF4, 0x00, 0xFF, 0xC1, 0xFF, 0xC0, 0x2F, 0xF4, 0x0F, 0xFC, 0x03, 0xFF, 0x00, 0x7F, 0xE0,
    0x7F, 0xD0, 0x03, 0xFF, 0x0B, 0xFC, 0x00, 0x2F, 0xF4, 0xFF, 0x80, 0x00, 0xFF, 0xDF, 0xF0, 0x00,
    0x0B, 0xFF, 0xFE, 0x00, 0x00, 0x3F, 0xFF, 0xD0, 0x00, 0x03, 0xFF, 0xFC, 0x00, 0x00, 0x1F, 0xFF,
    0x40, 0x00, 0x00, 0xFF, 0xF0, 0x00, 0x00, 0x07, 0xFE, 0x00, 0x00, 0x00, 0x7F, 0xC0, 0x00, 0x00,
    0x0F, 0xF8, 0x00, 0x00, 0x00, 0xFF, 0x40, 0x00, 0x00, 0x2F, 0xF0, 0x00, 0x00, 0x03, 0xFE, 0x00,
    0x00, 0x00, 0x7F, 0xC0, 0x00, 0x00, 0x0F, 0xF8, 0x00, 0x00, 0x00, 0x3F, 0xFF, 0xFC, 0x00, 0x00,
    0x3F, 0xFF, 0xFC, 0x00, 0x00, 0x3F, 0xFF, 0xFC, 0x00, 0x00, 0x00, 0x00, 0x00, 0x00, 0x00, 0x00,
    0x00, 0x00, 0x00, 0x00, 0x00, 0xFF, 0x00, 0x00, 0x00, 0x02, 0xFF, 0x80, 0x00, 0x00, 0x03, 0xFF,
    0xC0, 0x00, 0x00, 0x07, 0xFF, 0xD0, 0x00, 0x00, 0x0B, 0xFF, 0xE0, 0x00, 0x00, 0x0F, 0xFF, 0xF0,
    0x00, 0x00, 0x1F, 0xFF, 0xF4, 0x00, 0x00, 0x3F, 0xEF, 0xFC, 0x00, 0x00, 0x3F, 0xD7, 0xFC, 0x00,
    0x00, 0xBF, 0xC3, 0xFE, 0x00, 0x00, 0xFF, 0x83, 0xFF, 0x00, 0x01, 0xFF, 0x41, 0xFF, 0x40, 0x02,
    0xFF, 0x00, 0xFF, 0xC0, 0x03, 0xFF, 0xFF, 0xFF, 0xC0, 0x07, 0xFF, 0xFF, 0xFF, 0xE0, 0x0F, 0xFF,
    0xFF, 0xFF, 0xF0, 0x0F, 0xFF, 0xFF, 0xFF, 0xF4, 0x2F, 0xF4, 0x00, 0x1F, 0xF8, 0x3F, 0xF0, 0x00,
    0x0F, 0xFC, 0x7F, 0xE0, 0x00, 0x0B, 0xFD, 0xBF, 0xC0, 0x00, 0x07, 0xFF, 0x00, 0xFF, 0xFF, 0xF0,
    0x00, 0xFF, 0xFF, 0xF0, 0x00, 0xFF, 0xFF, 0xF0, 0x00, 0x00, 0x00, 0x00, 0x00, 0x00, 0x00, 0x00,
    0x00, 0x00, 0x00, 0x00, 0x00, 0xBF, 0xD2, 0xFF, 0x07, 0xFF, 0xFF, 0xFF, 0x0F, 0xFF, 0xFF, 0xFF,
    0x3F, 0xFF, 0xFF, 0xFF, 0x7F, 0xF4, 0x1F, 0xFF, 0xBF, 0xD0, 0x07, 0xFF, 0xFF, 0xC0, 0x03, 0xFF,
    0xFF, 0x80, 0x02, 0xFF, 0xFF, 0x80, 0x02, 0xFF, 0xFF, 0xC0, 0x03, 0xFF, 0xBF, 0xD0, 0x07, 0xFF,
    0x7F, 0xF4, 0x1F, 0xFF, 0x3F, 0xFF, 0xFF, 0xFF, 0x0F, 0xFF, 0xFF, 0xFF, 0x07, 0xFF, 0xFF, 0xFF,
    0x00, 0xBF, 0xD2, 0xFF, 0x00, 0x06, 0x80, 0x2A, 0x00, 0x00, 0x00, 0xFE, 0x0B, 0xF0, 0x00, 0x00,
    0x07, 0xFF, 0xFE, 0x00, 0x00, 0x00, 0x2F, 0xFF, 0x80, 0x00, 0x00, 0x00, 0x7F, 0xD0, 0x00, 0x00,
    0x00, 0x00, 0x00, 0x00, 0x00, 0x00, 0x00, 0x3F, 0xD0, 0x00, 0x00, 0x00, 0x0B, 0xFF, 0x00, 0x00,
    0x00, 0x00, 0xFF, 0xF0, 0x00, 0x00, 0x00, 0x1F, 0xFF, 0x80, 0x00, 0x00, 0x02, 0xFF, 0xFC, 0x00,
    0x00, 0x00, 0x3F, 0xFF, 0xD0, 0x00, 0x00, 0x07, 0xFF, 0xFE, 0x00, 0x00, 0x00, 0xFF, 0xEF, 0xF0,
    0x00, 0x00, 0x0F, 0xF5, 0xFF, 0x80, 0x00, 0x02, 0xFF, 0x0F, 0xFC, 0x00, 0x00, 0x3F, 0xF0, 0xBF,
    0xD0, 0x00, 0x07, 0xFD, 0x07, 0xFE, 0x00, 0x00, 0xFF, 0xC0, 0x3F, 0xF0, 0x00, 0x0F, 0xFF, 0xFF,
    0xFF, 0x40, 0x02, 0xFF, 0xFF, 0xFF, 0xFC, 0x00, 0x3F, 0xFF, 0xFF, 0xFF, 0xC0, 0x07, 0xFF, 0xFF,
    0xFF, 0xFE, 0x00, 0xBF, 0xC0, 0x00, 0x3F, 0xF0, 0x0F, 0xFC, 0x00, 0x02, 0xFF, 0x41, 0xFF, 0x40,
    0x00, 0x1F, 0xF8, 0x3F, 0xF0, 0x00, 0x00, 0xFF, 0xC0, 0x01, 0xF8, 0x0B, 0xD0, 0x00, 0xFD, 0x1F,
    0xD0, 0x00, 0xBF, 0xFF, 0xC0, 0x00, 0x3F, 0xFF, 0x00, 0x00, 0x0B, 0xF8, 0x00, 0x00, 0x00, 0x00,
    0x00, 0x00, 0x00, 0x00, 0x00, 0x00, 0xBF, 0xD2, 0xFF, 0x07, 0xFF, 0xFA, 0xFF, 0x1F, 0xFF, 0xFF,
    0xFF, 0x3F, 0xFF, 0xFF, 0xFF, 0x7F, 0xF4, 0x1F, 0xFF, 0xBF, 0xD0, 0x07, 0xFF, 0xFF, 0xC0, 0x03,
    0xFF, 0xFF, 0x80, 0x02, 0xFF, 0xFF, 0x80, 0x02, 0xFF, 0xFF, 0xC0, 0x03, 0xFF, 0xBF, 0xD0, 0x07,
    0xFF, 0x7F, 0xF4, 0x1F, 0xFF, 0x3F, 0xFF, 0xFF, 0xFF, 0x1F, 0xFF, 0xFF, 0xFF, 0x07, 0xFF, 0xFA,
    0xFF, 0x00, 0xBF, 0x92, 0xFF, 0x00, 0x00, 0x3F, 0xD0, 0x00, 0x00, 0x00, 0x2F, 0xFC, 0x00, 0x00,
    0x00, 0x0F, 0xFF, 0x00, 0x00, 0x00, 0x07, 0xFF, 0xE0, 0x00, 0x00, 0x02, 0xFF, 0xFC, 0x00, 0x00,
    0x00, 0xFF, 0xFF, 0x40, 0x00, 0x00, 0xBF, 0xFF, 0xE0, 0x00, 0x00, 0x3F, 0xFB, 0xFC, 0x00, 0x00,
    0x1F, 0xF5, 0xFF, 0x40, 0x00, 0x0B, 0xFC, 0x3F, 0xE0, 0x00, 0x03, 0xFE, 0x0B, 0xFC, 0x00, 0x01,
    0xFF, 0x41, 0xFF, 0x40, 0x00, 0xFF, 0xC0, 0x3F, 0xF0, 0x00, 0x3F, 0xFF, 0xFF, 0xFC, 0x00, 0x2F,
    0xFF, 0xFF, 0xFF, 0x80, 0x0F, 0xFF, 0xFF, 0xFF, 0xF0, 0x07, 0xFF, 0xFF, 0xFF, 0xFD, 0x02, 0xFF,
    0x00, 0x00, 0xFF, 0x80, 0xFF, 0xC0, 0x00, 0x3F, 0xF0, 0xBF, 0xD0, 0x00, 0x07, 0xFD, 0x3F, 0xF0,
    0x00, 0x00, 0xFF, 0xC0, 0x00, 0x00, 0x00, 0xFD, 0x00, 0x00, 0x00, 0x00, 0xBC, 0x00, 0x00, 0x00,
    0x00, 0x3F, 0x10, 0x00, 0x00, 0x00, 0x0F, 0xFF, 0x40, 0x00, 0x00, 0x02, 0xFF, 0xD0, 0x00, 0x00,
    0x00, 0x2F, 0xD0, 0x00, 0xBF, 0x92, 0xFF, 0x07, 0xFF, 0xFA, 0xFF, 0x1F, 0xFF, 0xFF, 0xFF, 0x3F,
    0xFF, 0xFF, 0xFF, 0x7F, 0xF4, 0x1F, 0xFF, 0xBF, 0xD0, 0x07, 0xFF, 0xFF, 0xC0, 0x03, 0xFF, 0xFF,
    0x80, 0x02, 0xFF, 0xFF, 0x80, 0x02, 0xFF, 0xFF, 0xC0, 0x03, 0xFF, 0xBF, 0xD0, 0x07, 0xFF, 0x7F,
    0xF4, 0x1F, 0xFF, 0x3F, 0xFF, 0xFF, 0xFF, 0x1F, 0xFF, 0xFF, 0xFF, 0x07, 0xFF, 0xFA, 0xFF, 0x00,
    0xBF, 0x83, 0xFF, 0x00, 0x00, 0x0F, 0xE0, 0x00, 0x00, 0x2F, 0x40, 0x00, 0x00, 0x3F, 0x10, 0x00,
    0x00, 0x3F, 0xFD, 0x00, 0x00, 0x1F, 0xFD, 0x00, 0x00, 0x07, 0xF4, 0x00, 0x00, 0x00, 0x80, 0x00,
    0x00, 0x00, 0x7D, 0x00, 0x00, 0x00, 0x7F, 0xF0, 0x00, 0x00, 0x3F, 0xFF, 0x00, 0x00, 0x03, 0xFE,
    0x40, 0x00, 0x00, 0x19, 0x00, 0x00, 0x00, 0x00, 0x00, 0x00, 0x00, 0x00, 0x6F, 0xFE, 0x00, 0x00,
    0x3F, 0xFF, 0xFE, 0x00, 0x1F, 0xFF, 0xFF, 0xFC, 0x07, 0xFF, 0xFF, 0xFF, 0xF0, 0xFF, 0xFF, 0xFF,
    0xFC, 0x3F, 0xFE, 0x40, 0x7F, 0x47, 0xFF, 0x40, 0x00, 0x90, 0xBF, 0xE0, 0x00, 0x00, 0x0F, 0xFC,
    0x00, 0x00, 0x00, 0xFF, 0xC0, 0x00, 0x00, 0x0F, 0xF8, 0x00, 0x00, 0x00, 0xFF, 0xC0, 0x00, 0x00,
    0x0F, 0xFC, 0x00, 0x00, 0x00, 0xBF, 0xE0, 0x00, 0x00, 0x07, 0xFF, 0x40, 0x00, 0x20, 0x3F, 0xFE,
    0x40, 0x2F, 0x41, 0xFF, 0xFF, 0xFF, 0xFC, 0x0B, 0xFF, 0xFF, 0xFF, 0xD0, 0x2F, 0xFF, 0xFF, 0xFD,
    0x00, 0x7F, 0xFF, 0xFE, 0x00, 0x00, 0x6F, 0xFE, 0x00, 0x00, 0x00, 0x10, 0x00, 0x00, 0x03, 0xD0,
    0x00, 0x00, 0x7F, 0xC0, 0x00, 0x07, 0xFF, 0x40, 0x00, 0x7F, 0xE0, 0x00, 0x00, 0xF8, 0x00, 0x00,
    0x01, 0x00, 0x00, 0x00, 0x00, 0x00, 0x00, 0x00, 0x6F, 0xF9, 0x00, 0x0B, 0xFF, 0xFF, 0x40, 0xFF,
    0xFF, 0xFF, 0x4B, 0xFF, 0xFF, 0xFC, 0x7F, 0xF8, 0x0B, 0xC2, 0xFF, 0x40, 0x05, 0x0F, 0xFC, 0x00,
    0x00, 0x3F, 0xF0, 0x00, 0x00, 0xFF, 0xC0, 0x00, 0x03, 0xFF, 0x00, 0x00, 0x0B, 0xFE, 0x00, 0x00,
    0x1F, 0xFE, 0x02, 0xF0, 0x2F, 0xFF, 0xFF, 0xF0, 0x3F, 0xFF, 0xFF, 0xD0, 0x2F, 0xFF, 0xFD, 0x00,
    0x1B, 0xFE, 0x40, 0x00, 0x00, 0x29, 0x00, 0x00, 0x00, 0x0F, 0xF8, 0x00, 0x00, 0x07, 0xFF, 0xF0,
    0x00, 0x01, 0xFF, 0xFF, 0xC0, 0x00, 0x1F, 0x81, 0xFC, 0x00, 0x00, 0x40, 0x01, 0x40, 0x00, 0x00,
    0x00, 0x00, 0x00, 0x00, 0x6F, 0xFE, 0x00, 0x00, 0x3F, 0xFF, 0xFE, 0x00, 0x1F, 0xFF, 0xFF, 0xFC,
    0x07, 0xFF, 0xFF, 0xFF, 0xF0, 0xFF, 0xFF, 0xFF, 0xFC, 0x3F, 0xFE, 0x40, 0x7F, 0x47, 0xFF, 0x40,
    0x00, 0x90, 0xBF, 0xE0, 0x00, 0x00, 0x0F, 0xFC, 0x00, 0x00, 0x00, 0xFF, 0xC0, 0x00, 0x00, 0x0F,
    0xF8, 0x00, 0x00, 0x00, 0xFF, 0xC0, 0x00, 0x00, 0x0F, 0xFC, 0x00, 0x00, 0x00, 0xBF, 0xE0, 0x00,
    0x00, 0x07, 0xFF, 0x40, 0x00, 0x20, 0x3F, 0xFE, 0x40, 0x2F, 0x41, 0xFF, 0xFF, 0xFF, 0xFC, 0x0B,
    0xFF, 0xFF, 0xFF, 0xD0, 0x2F, 0xFF, 0xFF, 0xFD, 0x00, 0x7F, 0xFF, 0xFE, 0x00, 0x00, 0x6F, 0xFE,
    0x00, 0x00, 0x06, 0x90, 0x00, 0x00, 0xBF, 0xE0, 0x00, 0x0B, 0xFF, 0xE0, 0x00, 0xFF, 0xAF, 0xE0,
    0x07, 0xF0, 0x1F, 0xD0, 0x05, 0x00, 0x09, 0x00, 0x00, 0x00, 0x00, 0x00, 0x00, 0x00, 0x00, 0x00,
    0x6F, 0xF9, 0x00, 0x0B, 0xFF, 0xFF, 0x40, 0xFF, 0xFF, 0xFF, 0x4B, 0xFF, 0xFF, 0xFC, 0x7F, 0xF8,
    0x0B, 0xC2, 0xFF, 0x40, 0x05, 0x0F, 0xFC, 0x00, 0x00, 0x3F, 0xF0, 0x00, 0x00, 0xFF, 0xC0, 0x00,
    0x03, 0xFF, 0x00, 0x00, 0x0B, 0xFE, 0x00, 0x00, 0x1F, 0xFE, 0x02, 0xF0, 0x2F, 0xFF, 0xFF, 0xF0,
    0x3F, 0xFF, 0xFF, 0xD0, 0x2F, 0xFF, 0xFD, 0x00, 0x1B, 0xFE, 0x40, 0x00, 0x00, 0x2F, 0x80, 0x00,
    0x00, 0x03, 0xFF, 0xC0, 0x00, 0x00, 0x0F, 0xFF, 0x00, 0x00, 0x00, 0x3F, 0xFC, 0x00, 0x00, 0x00,
    0x2F, 0x80, 0x00, 0x00, 0x00, 0x00, 0x00, 0x00, 0x00, 0x00, 0x00, 0x00, 0x00, 0x00, 0x6F, 0xF9,
    0x00, 0x00, 0x2F, 0xFF, 0xFF, 0x40, 0x07, 0xFF, 0xFF, 0xFF, 0xC0, 0x7F, 0xFF, 0xFF, 0xFF, 0x83,
    0xFF, 0xFF, 0xFF, 0xFC, 0x3F, 0xFF, 0x40, 0x2F, 0xC0, 0xFF, 0xE0, 0x00, 0x08, 0x0B, 0xFE, 0x00,
    0x00, 0x00, 0x3F, 0xF0, 0x00, 0x00, 0x00, 0xFF, 0xC0, 0x00, 0x00, 0x03, 0xFE, 0x00, 0x00, 0x00,
    0x0F, 0xFC, 0x00, 0x00, 0x00, 0x3F, 0xF0, 0x00, 0x00, 0x00, 0xBF, 0xE0, 0x00, 0x00, 0x01, 0xFF,
    0xE0, 0x00, 0x05, 0x03, 0xFF, 0xF4, 0x01, 0xBC, 0x03, 0xFF, 0xFF, 0xFF, 0xF8, 0x07, 0xFF, 0xFF,
    0xFF, 0xF4, 0x07, 0xFF, 0xFF, 0xFF, 0xC0, 0x03, 0xFF, 0xFF, 0xF8, 0x00, 0x00, 0xBF, 0xF9, 0x00,
    0x00, 0x0B, 0xE0, 0x00, 0x00, 0xFF, 0xF0, 0x00, 0x03, 0xFF, 0xC0, 0x00, 0x0F, 0xFF, 0x00, 0x00,
    0x0B, 0xE0, 0x00, 0x00, 0x00, 0x00, 0x00, 0x00, 0x00, 0x00, 0x00, 0x00, 0x00, 0x00, 0x00, 0x2F,
    0xF9, 0x00, 0x0B, 0xFF, 0xFF, 0x40, 0xFF, 0xFF, 0xFF, 0x4B, 0xFF, 0xFF, 0xFC, 0x3F, 0xF8, 0x07,
    0xD2, 0xFF, 0x80, 0x01, 0x0F, 0xFC, 0x00, 0x00, 0x3F, 0xF0, 0x00, 0x00, 0xFF, 0xC0, 0x00, 0x03,
    0xFF, 0x00, 0x00, 0x0B, 0xFE, 0x00, 0x04, 0x0F, 0xFE, 0x01, 0xF4, 0x2F, 0xFF, 0xFF, 0xF0, 0x3F,
    0xFF, 0xFF, 0xD0, 0x2F, 0xFF, 0xFD, 0x00, 0x0B, 0xFE, 0x40, 0x00, 0x04, 0x00, 0x00, 0x00, 0x01,
    0xF8, 0x1B, 0xC0, 0x00, 0x1F, 0xFF, 0xFC, 0x00, 0x00, 0x7F, 0xFF, 0x00, 0x00, 0x01, 0xFF, 0xC0,
    0x00, 0x00, 0x02, 0x90, 0x00, 0x00, 0x00, 0x00, 0x00, 0x00, 0x00, 0x6F, 0xFE, 0x00, 0x00, 0x3F,
    0xFF, 0xFE, 0x00, 0x1F, 0xFF, 0xFF, 0xFC, 0x07, 0xFF, 0xFF, 0xFF, 0xF0, 0xFF, 0xFF, 0xFF, 0xFC,
    0x3F, 0xFE, 0x40, 0x7F, 0x47, 0xFF, 0x40, 0x00, 0x90, 0xBF, 0xE0, 0x00, 0x00, 0x0F, 0xFC, 0x00,
    0x00, 0x00, 0xFF, 0xC0, 0x00, 0x00, 0x0F, 0xF8, 0x00, 0x00, 0x00, 0xFF, 0xC0, 0x00, 0x00, 0x0F,
    0xFC, 0x00, 0x00, 0x00, 0xBF, 0xE0, 0x00, 0x00, 0x07, 0xFF, 0x40, 0x00, 0x20, 0x3F, 0xFE, 0x40,
    0x2F, 0x41, 0xFF, 0xFF, 0xFF, 0xFC, 0x0B, 0xFF, 0xFF, 0xFF, 0xD0, 0x2F, 0xFF, 0xFF, 0xFD, 0x00,
    0x7F, 0xFF, 0xFE, 0x00, 0x00, 0x6F, 0xFE, 0x00, 0x00, 0x40, 0x01, 0x00, 0x0F, 0xC0, 0x3F, 0x00,
    0x3F, 0xEB, 0xFC, 0x00, 0x3F, 0xFF, 0xC0, 0x00, 0x3F, 0xFC, 0x00, 0x00, 0x3F, 0xC0, 0x00, 0x00,
    0x00, 0x00, 0x00, 0x00, 0x00, 0x00, 0x00, 0x6F, 0xF9, 0x00, 0x0B, 0xFF, 0xFF, 0x40, 0xFF, 0xFF,
    0xFF, 0x4B, 0xFF, 0xFF, 0xFC, 0x7F, 0xF8, 0x0B, 0xC2, 0xFF, 0x40, 0x05, 0x0F, 0xFC, 0x00, 0x00,
    0x3F, 0xF0, 0x00, 0x00, 0xFF, 0xC0, 0x00, 0x03, 0xFF, 0x00, 0x00, 0x0B, 0xFE, 0x00, 0x00, 0x1F,
    0xFE, 0x02, 0xF0, 0x2F, 0xFF, 0xFF, 0xF0, 0x3F, 0xFF, 0xFF, 0xD0, 0x2F, 0xFF, 0xFD, 0x00, 0x1B,
    0xFE, 0x40, 0x00, 0x00, 0x00, 0x00, 0x00, 0x03, 0x80, 0x07, 0x40, 0x00, 0x2F, 0xF6, 0xFF, 0x00,
    0x00, 0x2F, 0xFF, 0xF0, 0x00, 0x00, 0x1F, 0xFE, 0x00, 0x00, 0x00, 0x06, 0x90, 0x00, 0x00, 0x00,
    0x00, 0x00, 0x00, 0x3F, 0xFF, 0xFF, 0x90, 0x00, 0xFF, 0xFF, 0xFF, 0xF0, 0x03, 0xFF, 0xFF, 0xFF,
    0xF4, 0x0F, 0xFF, 0xFF, 0xFF, 0xF4, 0x3F, 0xE0, 0x01, 0xFF, 0xF0, 0xFF, 0x80, 0x00, 0xFF, 0xE3,
    0xFE, 0x00, 0x00, 0xFF, 0xCF, 0xF8, 0x00, 0x02, 0xFF, 0x7F, 0xE0, 0x00, 0x03, 0xFE, 0xFF, 0x80,
    0x00, 0x0F, 0xFB, 0xFE, 0x00, 0x00, 0x3F, 0xEF, 0xF8, 0x00, 0x00, 0xFF, 0xBF, 0xE0, 0x00, 0x03,
    0xFE, 0xFF, 0x80, 0x00, 0x2F, 0xF7, 0xFE, 0x00, 0x00, 0xFF, 0xCF, 0xF8, 0x00, 0x0F, 0xFE, 0x3F,
    0xE0, 0x01, 0xFF, 0xF0, 0xFF, 0xFF, 0xFF, 0xFF, 0x43, 0xFF, 0xFF, 0xFF, 0xF4, 0x0F, 0xFF, 0xFF,
    0xFF, 0x00, 0x3F, 0xFF, 0xFF, 0x90, 0x00, 0x00, 0x00, 0x02, 0xFF, 0x03, 0xE0, 0x00, 0x00, 0x0B,
    0xFC, 0x2F, 0xE0, 0x00, 0x00, 0x2F, 0xF0, 0xBF, 0xC0, 0x00, 0x00, 0xBF, 0xC0, 0xBF, 0x00, 0x00,
    0x02, 0xFF, 0x00, 0xF8, 0x00, 0x00, 0x0B, 0xFC, 0x0F, 0xC0, 0x0B, 0xFD, 0x2F, 0xF0, 0xBD, 0x01,
    0xFF, 0xFF, 0xFF, 0xC0, 0x40, 0x0F, 0xFF, 0xFF, 0xFF, 0x00, 0x00, 0xFF, 0xFF, 0xFF, 0xFC, 0x00,
    0x07, 0xFF, 0x41, 0xFF, 0xF0, 0x00, 0x2F, 0xF4, 0x01, 0xFF, 0xC0, 0x00, 0xFF, 0xC0, 0x03, 0xFF,
    0x00, 0x03, 0xFE, 0x00, 0x0B, 0xFC, 0x00, 0x0F, 0xF8, 0x00, 0x2F, 0xF0, 0x00, 0x3F, 0xF0, 0x00,
    0xFF, 0xC0, 0x00, 0xBF, 0xD0, 0x07, 0xFF, 0x00, 0x01, 0xFF, 0xD0, 0x7F, 0xFC, 0x00, 0x03, 0xFF,
    0xFF, 0xFF, 0xF0, 0x00, 0x07, 0xFF, 0xFF, 0xFF, 0xC0, 0x00, 0x07, 0xFF, 0xFE, 0xFF, 0x00, 0x00,
    0x02, 0xFF, 0x47, 0xFC, 0x00, 0x00, 0x0F, 0xFF, 0xFF, 0xE4, 0x00, 0x03, 0xFF, 0xFF, 0xFF, 0xC0,
    0x00, 0xFF, 0xFF, 0xFF, 0xFD, 0x00, 0x3F, 0xFF, 0xFF, 0xFF, 0xD0, 0x0F, 0xF8, 0x00, 0x7F, 0xFC,
    0x03, 0xFE, 0x00, 0x03, 0xFF, 0x80, 0xFF, 0x80, 0x00, 0x3F, 0xF0, 0x3F, 0xE0, 0x00, 0x0B, 0xFD,
    0x0F, 0xF8, 0x00, 0x00, 0xFF, 0xAF, 0xFF, 0xFC, 0x00, 0x3F, 0xEB, 0xFF, 0xFF, 0x00, 0x0F, 0xFA,
    0xFF, 0xFF, 0xC0, 0x03, 0xFE, 0xBF, 0xFF, 0xF0, 0x00, 0xFF, 0x83, 0xFE, 0x00, 0x00, 0xBF, 0xD0,
    0xFF, 0x80, 0x00, 0x3F, 0xF0, 0x3F, 0xE0, 0x00, 0x3F, 0xF8, 0x0F, 0xF8, 0x00, 0x7F, 0xFC, 0x03,
    0xFF, 0xFF, 0xFF, 0xFD, 0x00, 0xFF, 0xFF, 0xFF, 0xFD, 0x00, 0x3F, 0xFF, 0xFF, 0xFC, 0x00, 0x0F,
    0xFF, 0xFF, 0xE4, 0x00, 0x00, 0x00, 0x00, 0x02, 0xFF, 0x00, 0x00, 0x0F, 0xFF, 0xFF, 0x00, 0x00,
    0xFF, 0xFF, 0xF0, 0x00, 0x0F, 0xFF, 0xFF, 0x00, 0x00, 0xFF, 0xFF, 0xF0, 0x00, 0x00, 0x2F, 0xF0,
    0x00, 0xBF, 0xD2, 0xFF, 0x00, 0x7F, 0xFF, 0xFF, 0xF0, 0x0F, 0xFF, 0xFF, 0xFF, 0x03, 0xFF, 0xFF,
    0xFF, 0xF0, 0x7F, 0xF4, 0x1F, 0xFF, 0x0B, 0xFD, 0x00, 0x7F, 0xF0, 0xFF, 0xC0, 0x03, 0xFF, 0x0F,
    0xF8, 0x00, 0x2F, 0xF0, 0xFF, 0x80, 0x02, 0xFF, 0x0F, 0xFC, 0x00, 0x3F, 0xF0, 0xBF, 0xD0, 0x07,
    0xFF, 0x07, 0xFF, 0x41, 0xFF, 0xF0, 0x3F, 0xFF, 0xFF, 0xFF, 0x01, 0xFF, 0xFF, 0xFF, 0xF0, 0x07,
    0xFF, 0xFE, 0xFF, 0x00, 0x0B, 0xFD, 0x1F, 0xF0, 0x03, 0xFF, 0xFF, 0xC0, 0x0F, 0xFF, 0xFF, 0x00,
    0x3F, 0xFF, 0xFC, 0x00, 0x00, 0x00, 0x00, 0x00, 0x00, 0x00, 0x03, 0xFF, 0xFF, 0xFF, 0xCF, 0xFF,
    0xFF, 0xFF, 0x3F, 0xFF, 0xFF, 0xFC, 0xFF, 0xFF, 0xFF, 0xF3, 0xFE, 0x00, 0x00, 0x0F, 0xF8, 0x00,
    0x00, 0x3F, 0xE0, 0x00, 0x00, 0xFF, 0x80, 0x00, 0x03, 0xFF, 0xFF, 0xFF, 0x0F, 0xFF, 0xFF, 0xFC,
    0x3F, 0xFF, 0xFF, 0xF0, 0xFF, 0xFF, 0xFF, 0xC3, 0xFE, 0x00, 0x00, 0x0F, 0xF8, 0x00, 0x00, 0x3F,
    0xE0, 0x00, 0x00, 0xFF, 0x80, 0x00, 0x03, 0xFE, 0x00, 0x00, 0x0F, 0xFF, 0xFF, 0xFF, 0xBF, 0xFF,
    0xFF, 0xFE, 0xFF, 0xFF, 0xFF, 0xFB, 0xFF, 0xFF, 0xFF, 0xE0, 0x03, 0xFF, 0xFF, 0xC0, 0x0F, 0xFF,
    0xFF, 0x00, 0x3F, 0xFF, 0xFC, 0x00, 0x00, 0x00, 0x00, 0x00, 0x00, 0x00, 0x00, 0x00, 0x00, 0x00,
    0x00, 0x06, 0xFF, 0x40, 0x00, 0xFF, 0xFF, 0xD0, 0x0F, 0xFF, 0xFF, 0xD0, 0xBF, 0xFF, 0xFF, 0xC7,
    0xFF, 0x41, 0xFF, 0x6F, 0xF4, 0x00, 0xFE, 0xFF, 0xFF, 0xFF, 0xFF, 0xFF, 0xFF, 0xFF, 0xFF, 0xFF,
    0xFF, 0xFF, 0xFF, 0xF0, 0x00, 0x00, 0xBF, 0xE0, 0x00, 0x01, 0xFF, 0xE4, 0x0B, 0x02, 0xFF, 0xFF,
    0xFE, 0x03, 0xFF, 0xFF, 0xFD, 0x02, 0xFF, 0xFF, 0xD0, 0x00, 0xBF, 0xE4, 0x00, 0x06, 0x80, 0x1A,
    0x40, 0x2F, 0xC1, 0xFD, 0x00, 0x3F, 0xFF, 0xF0, 0x00, 0x7F, 0xFF, 0x00, 0x00, 0x2F, 0xE0, 0x00,
    0x00, 0x00, 0x00, 0x0F, 0xFF, 0xFF, 0xFF, 0x3F, 0xFF, 0xFF, 0xFC, 0xFF, 0xFF, 0xFF, 0xF3, 0xFF,
    0xFF, 0xFF, 0xCF, 0xF8, 0x00, 0x00, 0x3F, 0xE0, 0x00, 0x00, 0xFF, 0x80, 0x00, 0x03, 0xFE, 0x00,
    0x00, 0x0F, 0xFF, 0xFF, 0xFC, 0x3F, 0xFF, 0xFF, 0xF0, 0xFF, 0xFF, 0xFF, 0xC3, 0xFF, 0xFF, 0xFF,
    0x0F, 0xF8, 0x00, 0x00, 0x3F, 0xE0, 0x00, 0x00, 0xFF, 0x80, 0x00, 0x03, 0xFE, 0x00, 0x00, 0x0F,
    0xF8, 0x00, 0x00, 0x3F, 0xFF, 0xFF, 0xFE, 0xFF, 0xFF, 0xFF, 0xFB, 0xFF, 0xFF, 0xFF, 0xEF, 0xFF,
    0xFF, 0xFF, 0x80, 0x02, 0xF0, 0x0F, 0x80, 0x0F, 0xF0, 0xBE, 0x00, 0x1F, 0xFF, 0xF0, 0x00, 0x2F,
    0xFF, 0x40, 0x00, 0x1F, 0xF4, 0x00, 0x00, 0x00, 0x00, 0x00, 0x00, 0x00, 0x00, 0x00, 0x1B, 0xFD,
    0x00, 0x03, 0xFF, 0xFF, 0x40, 0x3F, 0xFF, 0xFF, 0x42, 0xFF, 0xFF, 0xFF, 0x1F, 0xFD, 0x07, 0xFD,
    0xBF, 0xD0, 0x07, 0xFB, 0xFF, 0xFF, 0xFF, 0xFF, 0xFF, 0xFF, 0xFF, 0xFF, 0xFF, 0xFF, 0xFF, 0xFF,
    0xC0, 0x00, 0x02, 0xFF, 0x80, 0x00, 0x07, 0xFF, 0x90, 0x6C, 0x0B, 0xFF, 0xFF, 0xF8, 0x0F, 0xFF,
    0xFF, 0xF0, 0x0B, 0xFF, 0xFF, 0x40, 0x02, 0xFF, 0x90, 0x00, 0x00, 0x2F, 0x80, 0x00, 0x03, 0xFF,
    0xC0, 0x00, 0x0F, 0xFF, 0x00, 0x00, 0x3F, 0xFC, 0x00, 0x00, 0x2F, 0x80, 0x00, 0x00, 0x00, 0x00,
    0x0F, 0xFF, 0xFF, 0xFF, 0x3F, 0xFF, 0xFF, 0xFC, 0xFF, 0xFF, 0xFF, 0xF3, 0xFF, 0xFF, 0xFF, 0xCF,
    0xF8, 0x00, 0x00, 0x3F, 0xE0, 0x00, 0x00, 0xFF, 0x80, 0x00, 0x03, 0xFE, 0x00, 0x00, 0x0F, 0xFF,
    0xFF, 0xFC, 0x3F, 0xFF, 0xFF, 0xF0, 0xFF, 0xFF, 0xFF, 0xC3, 0xFF, 0xFF, 0xFF, 0x0F, 0xF8, 0x00,
    0x00, 0x3F, 0xE0, 0x00, 0x00, 0xFF, 0x80, 0x00, 0x03, 0xFE, 0x00, 0x00, 0x0F, 0xF8, 0x00, 0x00,
    0x3F, 0xFF, 0xFF, 0xFE, 0xFF, 0xFF, 0xFF, 0xFB, 0xFF, 0xFF, 0xFF, 0xEF, 0xFF, 0xFF, 0xFF, 0x80,
    0x00, 0x0B, 0xE0, 0x00, 0x00, 0xFF, 0xF0, 0x00, 0x03, 0xFF, 0xC0, 0x00, 0x0F, 0xFF, 0x00, 0x00,
    0x0B, 0xE0, 0x00, 0x00, 0x00, 0x00, 0x00, 0x00, 0x00, 0x00, 0x00, 0x00, 0x00, 0x00, 0x00, 0x6F,
    0xF4, 0x00, 0x0F, 0xFF, 0xFD, 0x00, 0xFF, 0xFF, 0xFD, 0x0B, 0xFF, 0xFF, 0xFC, 0x7F, 0xF4, 0x1F,
    0xF6, 0xFF, 0x40, 0x0F, 0xEF, 0xFF, 0xFF, 0xFF, 0xFF, 0xFF, 0xFF, 0xFF, 0xFF, 0xFF, 0xFF, 0xFF,
    0xFF, 0x00, 0x00, 0x0B, 0xFE, 0x00, 0x00, 0x1F, 0xFE, 0x40, 0xB0, 0x2F, 0xFF, 0xFF, 0xE0, 0x3F,
    0xFF, 0xFF, 0xD0, 0x2F, 0xFF, 0xFD, 0x00, 0x0B, 0xFE, 0x40, 0xFF, 0xFF, 0xFF, 0xF3, 0xFF, 0xFF,
    0xFF, 0xCF, 0xFF, 0xFF, 0xFF, 0x3F, 0xFF, 0xFF, 0xFC, 0xFF, 0x80, 0x00, 0x03, 0xFE, 0x00, 0x00,
    0x0F, 0xF8, 0x00, 0x00, 0x3F, 0xE0, 0x00, 0x00, 0xFF, 0xFF, 0xFF, 0xC3, 0xFF, 0xFF, 0xFF, 0x0F,
    0xFF, 0xFF, 0xFC, 0x3F, 0xFF, 0xFF, 0xF0, 0xFF, 0x80, 0x00, 0x03, 0xFE, 0x00, 0x00, 0x0F, 0xF8,
    0x00, 0x00, 0x3F, 0xE0, 0x00, 0x00, 0xFF, 0x80, 0x00, 0x03, 0xFF, 0xFF, 0xFF, 0xEF, 0xFF, 0xFF,
    0xFF, 0xBF, 0xFF, 0xFF, 0xFE, 0xFF, 0xFF, 0xFF, 0xF8, 0x00, 0x00, 0xFD, 0x00, 0x00, 0x0B, 0xC0,
    0x00, 0x00, 0x3F, 0x10, 0x00, 0x00, 0xFF, 0xF0, 0x00, 0x02, 0xFF, 0xC0, 0x00, 0x02, 0xF8, 0x00,
    0x00, 0x6F, 0xF4, 0x00, 0x0F, 0xFF, 0xFD, 0x00, 0xFF, 0xFF, 0xFD, 0x0B, 0xFF, 0xFF, 0xFC, 0x7F,
    0xF4, 0x1F, 0xF6, 0xFF, 0x40, 0x1F, 0xEF, 0xFF, 0xFF, 0xFF, 0xFF, 0xFF, 0xFF, 0xFF, 0xFF, 0xFF,
    0xFF, 0xFF, 0xFF, 0x00, 0x00, 0x0B, 0xFE, 0x00, 0x00, 0x1F, 0xFE, 0x41, 0xF0, 0x2F, 0xFF, 0xFF,
    0xE0, 0x3F, 0xFF, 0xFF, 0xC0, 0x2F, 0xFF, 0xFD, 0x00, 0x0B, 0xFF, 0xC0, 0x00, 0x00, 0xF8, 0x00,
    0x00, 0x0F, 0xC0, 0x00, 0x00, 0x3F, 0x14, 0x00, 0x00, 0xFF, 0xF4, 0x00, 0x02, 0xFF, 0xD0, 0x00,
    0x02, 0xFC, 0x00, 0x00, 0x00, 0x00, 0x00, 0x0E, 0x00, 0x2C, 0x00, 0xBF, 0x9B, 0xF8, 0x00, 0xBF,
    0xFF, 0x80, 0x00, 0x7F, 0xF4, 0x00, 0x00, 0x29, 0x00, 0x00, 0x00, 0x00, 0x00, 0x3F, 0xFF, 0xFF,
    0xFC, 0xFF, 0xFF, 0xFF, 0xF3, 0xFF, 0xFF, 0xFF, 0xCF, 0xFF, 0xFF, 0xFF, 0x3F, 0xE0, 0x00, 0x00,
    0xFF, 0x80, 0x00, 0x03, 0xFE, 0x00, 0x00, 0x0F, 0xF8, 0x00, 0x00, 0x3F, 0xFF, 0xFF, 0xF0, 0xFF,
    0xFF, 0xFF, 0xC3, 0xFF, 0xFF, 0xFF, 0x0F, 0xFF, 0xFF, 0xFC, 0x3F, 0xE0, 0x00, 0x00, 0xFF, 0x80,
    0x00, 0x03, 0xFE, 0x00, 0x00, 0x0F, 0xF8, 0x00, 0x00, 0x3F, 0xE0, 0x00, 0x00, 0xFF, 0xFF, 0xFF,
    0xFB, 0xFF, 0xFF, 0xFF, 0xEF, 0xFF, 0xFF, 0xFF, 0xBF, 0xFF, 0xFF, 0xFE, 0x00, 0x40, 0x01, 0x00,
    0x0F, 0xC0, 0x3E, 0x00, 0x3F, 0xEB, 0xF8, 0x00, 0x3F, 0xFF, 0x80, 0x00, 0x3F, 0xFC, 0x00, 0x00,
    0x2F, 0xC0, 0x00, 0x00, 0x00, 0x00, 0x00, 0x00, 0x00, 0x00, 0x00, 0x6F, 0xF4, 0x00, 0x0F, 0xFF,
    0xFD, 0x00, 0xFF, 0xFF, 0xFD, 0x0B, 0xFF, 0xFF, 0xFC, 0x7F, 0xF4, 0x1F, 0xF6, 0xFF, 0x40, 0x1F,
    0xEF, 0xFF, 0xFF, 0xFF, 0xFF, 0xFF, 0xFF, 0xFF, 0xFF, 0xFF, 0xFF, 0xFF, 0xFF, 0x00, 0x00, 0x0B,
    0xFE, 0x00, 0x00, 0x1F, 0xFE, 0x41, 0xB0, 0x2F, 0xFF, 0xFF, 0xE0, 0x3F, 0xFF, 0xFF, 0xC0, 0x2F,
    0xFF, 0xFD, 0x00, 0x0B, 0xFE, 0x40, 0x00, 0x00, 0x19, 0x00, 0x00, 0x00, 0x00, 0xFF, 0xC0, 0x00,
    0x00, 0x07, 0xFF, 0xF0, 0x00, 0x00, 0x1F, 0xFF, 0xFD, 0x00, 0x00, 0x1F, 0x81, 0xFD, 0x00, 0x00,
    0x04, 0x00, 0x14, 0x00, 0x00, 0x00, 0x00, 0x00, 0x00, 0x00, 0x02, 0xFF, 0xE4, 0x00, 0x00, 0x3F,
    0xFF, 0xFF, 0x80, 0x01, 0xFF, 0xFF, 0xFF, 0xF0, 0x07, 0xFF, 0xFF, 0xFF, 0xF4, 0x0F, 0xFF, 0x40,
    0x6F, 0xD0, 0x3F, 0xFC, 0x00, 0x07, 0x40, 0x7F, 0xF0, 0x00, 0x00, 0x00, 0xBF, 0xD0, 0x00, 0x00,
    0x00, 0xFF, 0xC0, 0x00, 0x00, 0x00, 0xFF, 0xC0, 0x0F, 0xFF, 0xFF, 0xFF, 0x80, 0x0F, 0xFF, 0xFF,
    0xFF, 0xC0, 0x0F, 0xFF, 0xFF, 0xFF, 0xC0, 0x0F, 0xFF, 0xFF, 0xBF, 0xD0, 0x00, 0x03, 0xFF, 0x7F,
    0xF0, 0x00, 0x03, 0xFE, 0x3F, 0xFC, 0x00, 0x0F, 0xFD, 0x1F, 0xFF, 0x80, 0x7F, 0xFC, 0x0B, 0xFF,
    0xFF, 0xFF, 0xF0, 0x02, 0xFF, 0xFF, 0xFF, 0xD0, 0x00, 0x7F, 0xFF, 0xFF, 0x00, 0x00, 0x06, 0xFF,
    0xE0, 0x00, 0x00, 0x03, 0xFC, 0x00, 0x00, 0x03, 0xFF, 0xC0, 0x00, 0x03, 0xFF, 0xFC, 0x00, 0x03,
    0xFE, 0xBF, 0xC0, 0x01, 0xF8, 0x07, 0xF0, 0x00, 0x14, 0x00, 0x24, 0x00, 0x00, 0x00, 0x00, 0x00,
    0x00, 0x00, 0x00, 0x00, 0x00, 0x7F, 0xE0, 0xFF, 0x80, 0xFF, 0xFF, 0xBF, 0xE0, 0xFF, 0xFF, 0xFF,
    0xF8, 0xFF, 0xFF, 0xFF, 0xFE, 0x7F, 0xF8, 0x0B, 0xFF, 0xAF, 0xF4, 0x00, 0xBF, 0xEF, 0xFC, 0x00,
    0x0F, 0xFB, 0xFF, 0x00, 0x03, 0xFE, 0xFF, 0xC0, 0x00, 0xFF, 0xBF, 0xF0, 0x00, 0x3F, 0xEB, 0xFD,
    0x00, 0x2F, 0xF9, 0xFF, 0xE0, 0x2F, 0xFE, 0x3F, 0xFF, 0xFF, 0xFF, 0x83, 0xFF, 0xFF, 0xFF, 0xE0,
    0x3F, 0xFF, 0xDF, 0xF8, 0x01, 0xFF, 0x83, 0xFE, 0x00, 0x00, 0x02, 0xFF, 0x40, 0xD0, 0x06, 0xFF,
    0xC0, 0xFF, 0xFF, 0xFF, 0xE0, 0x7F, 0xFF, 0xFF, 0xF0, 0x0B, 0xFF, 0xFF, 0xE0, 0x00, 0x1B, 0xFF,
    0x80, 0x00, 0x00, 0x1A, 0x40, 0x69, 0x00, 0x00, 0x2F, 0xD1, 0xFD, 0x00, 0x00, 0x0F, 0xFF, 0xFC,
    0x00, 0x00, 0x07, 0xFF, 0xF0, 0x00, 0x00, 0x00, 0xBF, 0x80, 0x00, 0x00, 0x00, 0x00, 0x00, 0x00,
    0x00, 0x00, 0x00, 0x00, 0x00, 0x00, 0x02, 0xFF, 0xE4, 0x00, 0x00, 0x3F, 0xFF, 0xFF, 0x80, 0x01,
    0xFF, 0xFF, 0xFF, 0xF0, 0x07, 0xFF, 0xFF, 0xFF, 0xF4, 0x0F, 0xFF, 0x40, 0x6F, 0xD0, 0x3F, 0xFC,
    0x00, 0x07, 0x40, 0x7F, 0xF0, 0x00, 0x00, 0x00, 0xBF, 0xD0, 0x00, 0x00, 0x00, 0xFF, 0xC0, 0x00,
    0x00, 0x00, 0xFF, 0xC0, 0x0F, 0xFF, 0xFF, 0xFF, 0x80, 0x0F, 0xFF, 0xFF, 0xFF, 0xC0, 0x0F, 0xFF,
    0xFF, 0xFF, 0xC0, 0x0F, 0xFF, 0xFF, 0xBF, 0xD0, 0x00, 0x03, 0xFF, 0x7F, 0xF0, 0x00, 0x03, 0xFE,
    0x3F, 0xFC, 0x00, 0x0F, 0xFD, 0x1F, 0xFF, 0x80, 0x7F, 0xFC, 0x0B, 0xFF, 0xFF, 0xFF, 0xF0, 0x02,
    0xFF, 0xFF, 0xFF, 0xD0, 0x00, 0x7F, 0xFF, 0xFF, 0x00, 0x00, 0x06, 0xFF, 0xE0, 0x00, 0x00, 0xFC,
    0x03, 0xE0, 0x00, 0x3F, 0x83, 0xFC, 0x00, 0x0B, 0xFF, 0xFD, 0x00, 0x00, 0xBF, 0xFE, 0x00, 0x00,
    0x07, 0xFD, 0x00, 0x00, 0x00, 0x00, 0x00, 0x00, 0x00, 0x00, 0x00, 0x00, 0x01, 0xFF, 0x83, 0xFE,
    0x03, 0xFF, 0xFE, 0xFF, 0x83, 0xFF, 0xFF, 0xFF, 0xE3, 0xFF, 0xFF, 0xFF, 0xF9, 0xFF, 0xE0, 0x2F,
    0xFE, 0xBF, 0xD0, 0x02, 0xFF, 0xBF, 0xF0, 0x00, 0x3F, 0xEF, 0xFC, 0x00, 0x0F, 0xFB, 0xFF, 0x00,
    0x03, 0xFE, 0xFF, 0xC0, 0x00, 0xFF, 0xAF, 0xF4, 0x00, 0xBF, 0xE7, 0xFF, 0x80, 0xBF, 0xF8, 0xFF,
    0xFF, 0xFF, 0xFE, 0x0F, 0xFF, 0xFF, 0xFF, 0x80, 0xFF, 0xFF, 0x7F, 0xE0, 0x07, 0xFE, 0x0F, 0xF8,
    0x00, 0x00, 0x0B, 0xFD, 0x03, 0x40, 0x1B, 0xFF, 0x03, 0xFF, 0xFF, 0xFF, 0x81, 0xFF, 0xFF, 0xFF,
    0xC0, 0x2F, 0xFF, 0xFF, 0x80, 0x00, 0x6F, 0xFE, 0x00, 0x00, 0x00, 0x00, 0x2F, 0x80, 0x00, 0x00,
    0x00, 0xFF, 0xF0, 0x00, 0x00, 0x00, 0xFF, 0xF0, 0x00, 0x00, 0x00, 0xFF, 0xF0, 0x00, 0x00, 0x00,
    0x2F, 0x80, 0x00, 0x00, 0x00, 0x00, 0x00, 0x00, 0x00, 0x00, 0x00, 0x00, 0x00, 0x00, 0x02, 0xFF,
    0xE4, 0x00, 0x00, 0x3F, 0xFF, 0xFF, 0x80, 0x01, 0xFF, 0xFF, 0xFF, 0xF0, 0x07, 0xFF, 0xFF, 0xFF,
    0xF4, 0x0F, 0xFF, 0x40, 0x6F, 0xD0, 0x3F, 0xFC, 0x00, 0x07, 0x40, 0x7F, 0xF0, 0x00, 0x00, 0x00,
    0xBF, 0xD0, 0x00, 0x00, 0x00, 0xFF, 0xC0, 0x00, 0x00, 0x00, 0xFF, 0xC0, 0x03, 0xFF, 0xFF, 0xFF,
    0x80, 0x03, 0xFF, 0xFF, 0xFF, 0xC0, 0x03, 0xFF, 0xFF, 0xFF, 0xC0, 0x03, 0xFF, 0xFF, 0xBF, 0xD0,
    0x00, 0x03, 0xFF, 0x7F, 0xF0, 0x00, 0x03, 0xFE, 0x3F, 0xFC, 0x00, 0x0F, 0xFD, 0x1F, 0xFF, 0x80,
    0x7F, 0xFC, 0x0B, 0xFF, 0xFF, 0xFF, 0xF0, 0x02, 0xFF, 0xFF, 0xFF, 0xD0, 0x00, 0x7F, 0xFF, 0xFF,
    0x00, 0x00, 0x06, 0xFF, 0xE0, 0x00, 0x00, 0x02, 0xF8, 0x00, 0x00, 0x03, 0xFF, 0xC0, 0x00, 0x00,
    0xFF, 0xF0, 0x00, 0x00, 0x3F, 0xFC, 0x00, 0x00, 0x02, 0xF8, 0x00, 0x00, 0x00, 0x00, 0x00, 0x00,
    0x00, 0x00, 0x00, 0x00, 0x00, 0x00, 0x00, 0x00, 0x00, 0x00, 0x00, 0x00, 0x00, 0x1F, 0xF8, 0x3F,
    0xE0, 0x3F, 0xFF, 0xEF, 0xF8, 0x3F, 0xFF, 0xFF, 0xFE, 0x3F, 0xFF, 0xFF, 0xFF, 0x9F, 0xFE, 0x02,
    0xFF, 0xEB, 0xFD, 0x00, 0x2F, 0xFB, 0xFF, 0x00, 0x03, 0xFE, 0xFF, 0xC0, 0x00, 0xFF, 0xBF, 0xF0,
    0x00, 0x3F, 0xEF, 0xFC, 0x00, 0x0F, 0xFA, 0xFF, 0x40, 0x0B, 0xFE, 0x7F, 0xF8, 0x0B, 0xFF, 0x8F,
    0xFF, 0xFF, 0xFF, 0xE0, 0xFF, 0xFF, 0xFF, 0xF8, 0x0F, 0xFF, 0xF7, 0xFE, 0x00, 0x7F, 0xE0, 0xFF,
    0x80, 0x00, 0x00, 0xBF, 0xD0, 0x34, 0x01, 0xBF, 0xF0, 0x3F, 0xFF, 0xFF, 0xF8, 0x1F, 0xFF, 0xFF,
    0xFC, 0x02, 0xFF, 0xFF, 0xF8, 0x00, 0x06, 0xFF, 0xE0, 0x00, 0x00, 0x02, 0xFF, 0xE4, 0x00, 0x00,
    0x3F, 0xFF, 0xFF, 0x80, 0x01, 0xFF, 0xFF, 0xFF, 0xF0, 0x07, 0xFF, 0xFF, 0xFF, 0xF4, 0x0F, 0xFF,
    0x40, 0x6F, 0xD0, 0x3F, 0xFC, 0x00, 0x07, 0x40, 0x7F, 0xF0, 0x00, 0x00, 0x00, 0xBF, 0xD0, 0x00,
    0x00, 0x00, 0xFF, 0xC0, 0x00, 0x00, 0x00, 0xFF, 0xC0, 0x07, 0xFF, 0xFF, 0xFF, 0x80, 0x07, 0xFF,
    0xFF, 0xFF, 0xC0, 0x07, 0xFF, 0xFF, 0xFF, 0xC0, 0x07, 0xFF, 0xFF, 0xBF, 0xD0, 0x00, 0x03, 0xFF,
    0x7F, 0xF0, 0x00, 0x03, 0xFE, 0x3F, 0xFC, 0x00, 0x0F, 0xFD, 0x1F, 0xFF, 0x80, 0x7F, 0xFC, 0x0B,
    0xFF, 0xFF, 0xFF, 0xF0, 0x02, 0xFF, 0xFF, 0xFF, 0xD0, 0x00, 0x7F, 0xFF, 0xFF, 0x00, 0x00, 0x06,
    0xFF, 0xE0, 0x00, 0x00, 0x00, 0x00, 0x00, 0x00, 0x00, 0x00, 0x7E, 0x00, 0x00, 0x00, 0x00, 0xFF,
    0x40, 0x00, 0x00, 0x00, 0xFF, 0x80, 0x00, 0x00, 0x00, 0x3F, 0x80, 0x00, 0x00, 0x00, 0x2F, 0x40,
    0x00, 0x00, 0x00, 0xBF, 0x00, 0x00, 0x00, 0x00, 0xF8, 0x00, 0x00, 0x00, 0x00, 0x00, 0x00, 0x00,
    0x00, 0x00, 0x28, 0x00, 0x00, 0x00, 0x7F, 0x00, 0x00, 0x00, 0x3F, 0x00, 0x00, 0x00, 0x2F, 0x40,
    0x00, 0x00, 0x0B, 0xF8, 0x00, 0x00, 0x02, 0xFF, 0x00, 0x00, 0x00, 0x3F, 0xC0, 0x00, 0x00, 0x01,
    0x40, 0x00, 0x00, 0x00, 0x00, 0x00, 0x00, 0x00, 0x00, 0x00, 0x00, 0x07, 0xFE, 0x0F, 0xF8, 0x0F,
    0xFF, 0xFB, 0xFE, 0x0F, 0xFF, 0xFF, 0xFF, 0x8F, 0xFF, 0xFF, 0xFF, 0xE7, 0xFF, 0x80, 0xBF, 0xFA,
    0xFF, 0x40, 0x0B, 0xFE, 0xFF, 0xC0, 0x00, 0xFF, 0xBF, 0xF0, 0x00, 0x3F, 0xEF, 0xFC, 0x00, 0x0F,
    0xFB, 0xFF, 0x00, 0x03, 0xFE, 0xBF, 0xD0, 0x02, 0xFF, 0x9F, 0xFE, 0x02, 0xFF, 0xE3, 0xFF, 0xFF,
    0xFF, 0xF8, 0x3F, 0xFF, 0xFF, 0xFE, 0x03, 0xFF, 0xFD, 0xFF, 0x80, 0x1F, 0xF8, 0x3F, 0xE0, 0x00,
    0x00, 0x2F, 0xF4, 0x0D, 0x00, 0x6F, 0xFC, 0x0F, 0xFF, 0xFF, 0xFE, 0x07, 0xFF, 0xFF, 0xFF, 0x00,
    0xBF, 0xFF, 0xFE, 0x00, 0x01, 0xBF, 0xF8, 0x00, 0x00, 0x07, 0xFC, 0x00, 0x00, 0x02, 0xFF, 0xF4,
    0x00, 0x00, 0xFF, 0xFF, 0xE0, 0x00, 0x0F, 0xD0, 0x7F, 0x00, 0x00, 0x10, 0x00, 0x40, 0x00, 0x00,
    0x00, 0x00, 0x00, 0xFF, 0x80, 0x00, 0x3F, 0xEF, 0xF8, 0x00, 0x03, 0xFE, 0xFF, 0x80, 0x00, 0x3F,
    0xEF, 0xF8, 0x00, 0x03, 0xFE, 0xFF, 0x80, 0x00, 0x3F, 0xEF, 0xF8, 0x00, 0x03, 0xFE, 0xFF, 0x80,
    0x00, 0x3F, 0xEF, 0xF8, 0x00, 0x03, 0xFE, 0xFF, 0x80, 0x00, 0x3F, 0xEF, 0xFF, 0xFF, 0xFF, 0xFE,
    0xFF, 0xFF, 0xFF, 0xFF, 0xEF, 0xFF, 0xFF, 0xFF, 0xFE, 0xFF, 0xFF, 0xFF, 0xFF, 0xEF, 0xF8, 0x00,
    0x03, 0xFE, 0xFF, 0x80, 0x00, 0x3F, 0xEF, 0xF8, 0x00, 0x03, 0xFE, 0xFF, 0x80, 0x00, 0x3F, 0xEF,
    0xF8, 0x00, 0x03, 0xFE, 0xFF, 0x80, 0x00, 0x3F, 0xEF, 0xF8, 0x00, 0x03, 0xFE, 0xFF, 0x80, 0x00,
    0x3F, 0xE0, 0x00, 0x0A, 0x40, 0x00, 0x00, 0xFF, 0x80, 0x00, 0x1F, 0xFF, 0xC0, 0x02, 0xFF, 0xFF,
    0xC0, 0x07, 0xE0, 0x6F, 0x00, 0x04, 0x00, 0x00, 0x00, 0x00, 0x00, 0x00, 0x3F, 0xE0, 0x00, 0x00,
    0xFF, 0x80, 0x00, 0x03, 0xFE, 0x00, 0x00, 0x0F, 0xF8, 0x00, 0x00, 0x3F, 0xE0, 0x00, 0x00, 0xFF,
    0x80, 0x00, 0x03, 0xFE, 0x1B, 0xF8, 0x0F, 0xFA, 0xFF, 0xFC, 0x3F, 0xFF, 0xFF, 0xFC, 0xFF, 0xFF,
    0xFF, 0xF7, 0xFF, 0xD0, 0xFF, 0xEF, 0xFC, 0x00, 0xFF, 0xBF, 0xE0, 0x03, 0xFE, 0xFF, 0x80, 0x0F,
    0xFB, 0xFE, 0x00, 0x3F, 0xEF, 0xF8, 0x00, 0xFF, 0xBF, 0xE0, 0x03, 0xFE, 0xFF, 0x80, 0x0F, 0xFB,
    0xFE, 0x00, 0x3F, 0xEF, 0xF8, 0x00, 0xFF, 0xBF, 0xE0, 0x03, 0xFE, 0xFF, 0x80, 0x0F, 0xF8, 0x0F,
    0xF8, 0x00, 0x03, 0xFE, 0x00, 0xFF, 0x80, 0x00, 0x3F, 0xE0, 0x0F, 0xF8, 0x00, 0x03, 0xFE, 0x0F,
    0xFF, 0xFF, 0xFF, 0xFF, 0xFF, 0xFF, 0xFF, 0xFF, 0xFF, 0xFF, 0xFF, 0xFF, 0xFF, 0xFF, 0xFF, 0xFF,
    0xFF, 0xFF, 0xFF, 0xFF, 0xFF, 0xF0, 0xFF, 0x80, 0x00, 0x3F, 0xE0, 0x0F, 0xF8, 0x00, 0x03, 0xFE,
    0x00, 0xFF, 0xFF, 0xFF, 0xFF, 0xE0, 0x0F, 0xFF, 0xFF, 0xFF, 0xFE, 0x00, 0xFF, 0xFF, 0xFF, 0xFF,
    0xE0, 0x0F, 0xFF, 0xFF, 0xFF, 0xFE, 0x00, 0xFF, 0x80, 0x00, 0x3F, 0xE0, 0x0F, 0xF8, 0x00, 0x03,
    0xFE, 0x00, 0xFF, 0x80, 0x00, 0x3F, 0xE0, 0x0F, 0xF8, 0x00, 0x03, 0xFE, 0x00, 0xFF, 0x80, 0x00,
    0x3F, 0xE0, 0x0F, 0xF8, 0x00, 0x03, 0xFE, 0x00, 0xFF, 0x80, 0x00, 0x3F, 0xE0, 0x0F, 0xF8, 0x00,
    0x03, 0xFE, 0x00, 0x0F, 0xF8, 0x00, 0x00, 0x2F, 0xFF, 0xFC, 0x00, 0x0B, 0xFF, 0xFF, 0x00, 0x02,
    0xFF, 0xFF, 0xC0, 0x00, 0xBF, 0xFF, 0xF0, 0x00, 0x03, 0xFE, 0x00, 0x00, 0x00, 0xFF, 0x86, 0xFE,
    0x00, 0x3F, 0xEB, 0xFF, 0xF0, 0x0F, 0xFF, 0xFF, 0xFF, 0x03, 0xFF, 0xFF, 0xFF, 0xD0, 0xFF, 0xF4,
    0x3F, 0xF8, 0x3F, 0xF0, 0x03, 0xFE, 0x0F, 0xF8, 0x00, 0xFF, 0x83, 0xFE, 0x00, 0x3F, 0xE0, 0xFF,
    0x80, 0x0F, 0xF8, 0x3F, 0xE0, 0x03, 0xFE, 0x0F, 0xF8, 0x00, 0xFF, 0x83, 0xFE, 0x00, 0x3F, 0xE0,
    0xFF, 0x80, 0x0F, 0xF8, 0x3F, 0xE0, 0x03, 0xFE, 0x0F, 0xF8, 0x00, 0xFF, 0x83, 0xFE, 0x00, 0x3F,
    0xE0, 0x00, 0x00, 0x00, 0x0F, 0xE4, 0xFD, 0x3F, 0xFF, 0xFD, 0x7F, 0xFF, 0xFC, 0xBC, 0x1B, 0xE0,
    0x00, 0x00, 0x00, 0x00, 0x00, 0x00, 0xFF, 0xFF, 0xFF, 0xFF, 0xFF, 0xFF, 0xFF, 0xFF, 0xFF, 0xFF,
    0xFF, 0xFF, 0x02, 0xFF, 0x00, 0x02, 0xFF, 0x00, 0x02, 0xFF, 0x00, 0x02, 0xFF, 0x00, 0x02, 0xFF,
    0x00, 0x02, 0xFF, 0x00, 0x02, 0xFF, 0x00, 0x02, 0xFF, 0x00, 0x02, 0xFF, 0x00, 0x02, 0xFF, 0x00,
    0x02, 0xFF, 0x00, 0x02, 0xFF, 0x00, 0x02, 0xFF, 0x00, 0xFF, 0xFF, 0xFF, 0xFF, 0xFF, 0xFF, 0xFF,
    0xFF, 0xFF, 0xFF, 0xFF, 0xFF, 0x1F, 0x80, 0xA0, 0xFF, 0xC7, 0xDB, 0xFF, 0xFF, 0x3F, 0x1F, 0xF8,
    0x68, 0x1F, 0x80, 0x00, 0x00, 0x00, 0x00, 0x00, 0x00, 0xFF, 0x80, 0x03, 0xFE, 0x00, 0x0F, 0xF8,
    0x00, 0x3F, 0xE0, 0x00, 0xFF, 0x80, 0x03, 0xFE, 0x00, 0x0F, 0xF8, 0x00, 0x3F, 0xE0, 0x00, 0xFF,
    0x80, 0x03, 0xFE, 0x00, 0x0F, 0xF8, 0x00, 0x3F, 0xE0, 0x00, 0xFF, 0x80, 0x03, 0xFE, 0x00, 0x0F,
    0xF8, 0x00, 0x3F, 0xE0, 0x00, 0x3F, 0xFF, 0xFC, 0x3F, 0xFF, 0xFC, 0x3F, 0xFF, 0xFC, 0x00, 0x00,
    0x00, 0x00, 0x00, 0x00, 0xFF, 0xFF, 0xFF, 0xFF, 0xFF, 0xFF, 0xFF, 0xFF, 0xFF, 0xFF, 0xFF, 0xFF,
    0x02, 0xFF, 0x00, 0x02, 0xFF, 0x00, 0x02, 0xFF, 0x00, 0x02, 0xFF, 0x00, 0x02, 0xFF, 0x00, 0x02,
    0xFF, 0x00, 0x02, 0xFF, 0x00, 0x02, 0xFF, 0x00, 0x02, 0xFF, 0x00, 0x02, 0xFF, 0x00, 0x02, 0xFF,
    0x00, 0x02, 0xFF, 0x00, 0x02, 0xFF, 0x00, 0xFF, 0xFF, 0xFF, 0xFF, 0xFF, 0xFF, 0xFF, 0xFF, 0xFF,
    0xFF, 0xFF, 0xFF, 0xFF, 0xFF, 0xFF, 0xFF, 0xFF, 0xFF, 0xFF, 0xF0, 0x00, 0x00, 0x00, 0x00, 0x00,
    0x00, 0x00, 0x0B, 0xFC, 0x00, 0xBF, 0xC0, 0x0B, 0xFC, 0x00, 0xBF, 0xC0, 0x0B, 0xFC, 0x00, 0xBF,
    0xC0, 0x0B, 0xFC, 0x00, 0xBF, 0xC0, 0x0B, 0xFC, 0x00, 0xBF, 0xC0, 0x0B, 0xFC, 0x00, 0xBF, 0xC0,
    0x0B, 0xFC, 0x00, 0xBF, 0xC0, 0x0B, 0xFC, 0x00, 0xBF, 0xC0, 0x2A, 0x01, 0xA4, 0x3F, 0x47, 0xFC,
    0x2F, 0xFF, 0xF4, 0x0B, 0xFF, 0xE0, 0x01, 0xFF, 0x40, 0x00, 0x00, 0x00, 0xFF, 0xFF, 0xFF, 0xFF,
    0xFF, 0xFF, 0xFF, 0xFF, 0xFF, 0xFF, 0xFF, 0xFF, 0x02, 0xFF, 0x00, 0x02, 0xFF, 0x00, 0x02, 0xFF,
    0x00, 0x02, 0xFF, 0x00, 0x02, 0xFF, 0x00, 0x02, 0xFF, 0x00, 0x02, 0xFF, 0x00, 0x02, 0xFF, 0x00,
    0x02, 0xFF, 0x00, 0x02, 0xFF, 0x00, 0x02, 0xFF, 0x00, 0x02, 0xFF, 0x00, 0x02, 0xFF, 0x00, 0xFF,
    0xFF, 0xFF, 0xFF, 0xFF, 0xFF, 0xFF, 0xFF, 0xFF, 0xFF, 0xFF, 0xFF, 0xBD, 0x02, 0xF6, 0xFC, 0x1F,
    0xC3, 0xFF, 0xFF, 0x07, 0xFF, 0xF0, 0x02, 0xFE, 0x00, 0x00, 0x00, 0x00, 0x00, 0x00, 0x00, 0xFF,
    0x80, 0x03, 0xFE, 0x00, 0x0F, 0xF8, 0x00, 0x3F, 0xE0, 0x00, 0xFF, 0x80, 0x03, 0xFE, 0x00, 0x0F,
    0xF8, 0x00, 0x3F, 0xE0, 0x00, 0xFF, 0x80, 0x03, 0xFE, 0x00, 0x0F, 0xF8, 0x00, 0x3F, 0xE0, 0x00,
    0xFF, 0x80, 0x03, 0xFE, 0x00, 0x0F, 0xF8, 0x00, 0x3F, 0xE0, 0x00, 0xFF, 0xFF, 0xFF, 0xFF, 0xFF,
    0xFF, 0xFF, 0xFF, 0xFF, 0xFF, 0xFF, 0xFF, 0x00, 0xFF, 0x80, 0x00, 0xFF, 0x80, 0x00, 0xFF, 0x80,
    0x00, 0xFF, 0x80, 0x00, 0xFF, 0x80, 0x00, 0xFF, 0x80, 0x00, 0xFF, 0x80, 0x00, 0xFF, 0x80, 0x00,
    0xFF, 0x80, 0x00, 0xFF, 0x80, 0x00, 0xFF, 0x80, 0x00, 0xFF, 0x80, 0x00, 0xFF, 0x80, 0xFF, 0xFF,
    0xFF, 0xFF, 0xFF, 0xFF, 0xFF, 0xFF, 0xFF, 0xFF, 0xFF, 0xFF, 0x00, 0x3F, 0x40, 0x00, 0xBC, 0x00,
    0x00, 0xFC, 0x40, 0x00, 0xFF, 0xF4, 0x00, 0xBF, 0xF4, 0x00, 0x2F, 0xD0, 0x0B, 0xE0, 0x3F, 0xFC,
    0x3F, 0xFC, 0x3F, 0xFC, 0x0B, 0xE0, 0x00, 0x00, 0x00, 0x00, 0x00, 0x00, 0x0F, 0xF8, 0x0F, 0xF8,
    0x0F, 0xF8, 0x0F, 0xF8, 0x0F, 0xF8, 0x0F, 0xF8, 0x0F, 0xF8, 0x0F, 0xF8, 0x0F, 0xF8, 0x0F, 0xF8,
    0x0F, 0xF8, 0x0F, 0xF8, 0x0F, 0xF8, 0x0F, 0xF8, 0x0F, 0xF8, 0x0F, 0xF8, 0x3F, 0x80, 0xBD, 0x00,
    0xFC, 0x10, 0xFF, 0xF8, 0x7F, 0xF8, 0x1F, 0xD0, 0x00, 0xBE, 0x00, 0x03, 0xFF, 0xC0, 0x03, 0xFF,
    0xC0, 0x03, 0xFF, 0xC0, 0x00, 0xBE, 0x00, 0x00, 0x00, 0x00, 0xFF, 0xFF, 0xFF, 0xFF, 0xFF, 0xFF,
    0xFF, 0xFF, 0xFF, 0xFF, 0xFF, 0xFF, 0x02, 0xFF, 0x00, 0x02, 0xFF, 0x00, 0x02, 0xFF, 0x00, 0x02,
    0xFF, 0x00, 0x02, 0xFF, 0x00, 0x02, 0xFF, 0x00, 0x02, 0xFF, 0x00, 0x02, 0xFF, 0x00, 0x02, 0xFF,
    0x00, 0x02, 0xFF, 0x00, 0x02, 0xFF, 0x00, 0x02, 0xFF, 0x00, 0x02, 0xFF, 0x00, 0xFF, 0xFF, 0xFF,
    0xFF, 0xFF, 0xFF, 0xFF, 0xFF, 0xFF, 0xFF, 0xFF, 0xFF, 0xFF, 0xBF, 0xEF, 0xFB, 0xFE, 0xFF, 0xBF,
    0xEF, 0xFB, 0xFE, 0xFF, 0xBF, 0xEF, 0xFB, 0xFE, 0xFF, 0xBF, 0xEF, 0xFB, 0xFE, 0xFF, 0xFF, 0xFF,
    0x00, 0x00, 0xFF, 0xFF, 0xFF, 0xFF, 0xFF, 0xFF, 0x00, 0x00, 0xFF, 0xFF, 0xFF, 0xFF, 0xFF, 0xFF,
    0x00, 0x00, 0xFF, 0xFF, 0xFF, 0xFF, 0xFF, 0xFF, 0x00, 0x00, 0xFF, 0xFF, 0xFF, 0x02, 0xFF, 0x00,
    0x00, 0x00, 0x02, 0xFF, 0x00, 0x02, 0xFF, 0x00, 0x00, 0x00, 0x02, 0xFF, 0x00, 0x02, 0xFF, 0x00,
    0x00, 0x00, 0x02, 0xFF, 0x00, 0x02, 0xFF, 0x00, 0x00, 0x00, 0x02, 0xFF, 0x00, 0x02, 0xFF, 0x00,
    0x00, 0x00, 0x02, 0xFF, 0x00, 0x02, 0xFF, 0x00, 0x00, 0x00, 0x02, 0xFF, 0x00, 0x02, 0xFF, 0x00,
    0x00, 0x00, 0x02, 0xFF, 0x00, 0x02, 0xFF, 0x00, 0x00, 0x00, 0x02, 0xFF, 0x00, 0x02, 0xFF, 0x00,
    0x00, 0x00, 0x02, 0xFF, 0x00, 0x02, 0xFF, 0x00, 0x00, 0x00, 0x02, 0xFF, 0x00, 0x02, 0xFF, 0x00,
    0x00, 0x00, 0x02, 0xFF, 0x00, 0x02, 0xFF, 0x00, 0x00, 0x2C, 0x03, 0xFF, 0x00, 0x02, 0xFF, 0x00,
    0x00, 0xBE, 0x0B, 0xFE, 0x00, 0xFF, 0xFF, 0xFF, 0x01, 0xFF, 0xFF, 0xFD, 0x00, 0xFF, 0xFF, 0xFF,
    0x00, 0xFF, 0xFF, 0xF8, 0x00, 0xFF, 0xFF, 0xFF, 0x00, 0x3F, 0xFF, 0xE0, 0x00, 0xFF, 0xFF, 0xFF,
    0x00, 0x07, 0xFE, 0x40, 0x00, 0x2F, 0x80, 0x0B, 0xE3, 0xFF, 0xC0, 0xFF, 0xFF, 0xFF, 0x03, 0xFF,
    0xFF, 0xFC, 0x0F, 0xFF, 0x2F, 0x80, 0x0B, 0xE0, 0x00, 0x00, 0x00, 0x00, 0x00, 0x00, 0x00, 0x00,
    0x00, 0x00, 0x00, 0xBF, 0xC0, 0x0F, 0xFA, 0xFF, 0x00, 0x3F, 0xEB, 0xFC, 0x00, 0xFF, 0xAF, 0xF0,
    0x03, 0xFE, 0xBF, 0xC0, 0x0F, 0xFA, 0xFF, 0x00, 0x3F, 0xEB, 0xFC, 0x00, 0xFF, 0xAF, 0xF0, 0x03,
    0xFE, 0xBF, 0xC0, 0x0F, 0xFA, 0xFF, 0x00, 0x3F, 0xEB, 0xFC, 0x00, 0xFF, 0xAF, 0xF0, 0x03, 0xFE,
    0xBF, 0xC0, 0x0F, 0xFA, 0xFF, 0x00, 0x3F, 0xEB, 0xFC, 0x00, 0xFF, 0xAF, 0xF0, 0x03, 0xFE, 0x00,
    0x00, 0x0F, 0xF8, 0x00, 0x00, 0xBF, 0xE0, 0x00, 0x2F, 0xFF, 0x40, 0x00, 0xFF, 0xFC, 0x00, 0x02,
    0xFF, 0xC0, 0x00, 0x03, 0xE4, 0x00, 0x00, 0x00, 0x0A, 0x40, 0x00, 0x00, 0x1F, 0xF8, 0x00, 0x00,
    0x1F, 0xFF, 0xC0, 0x00, 0x2F, 0xFF, 0xFC, 0x00, 0x0B, 0xE0, 0x6F, 0x00, 0x00, 0x40, 0x00, 0x00,
    0x00, 0x00, 0x00, 0x00, 0x00, 0xFF, 0xFF, 0xFF, 0x00, 0x3F, 0xFF, 0xFF, 0xC0, 0x0F, 0xFF, 0xFF,
    0xF0, 0x03, 0xFF, 0xFF, 0xFC, 0x00, 0x00, 0xFF, 0x80, 0x00, 0x00, 0x3F, 0xE0, 0x00, 0x00, 0x0F,
    0xF8, 0x00, 0x00, 0x03, 0xFE, 0x00, 0x00, 0x00, 0xFF, 0x80, 0x00, 0x00, 0x3F, 0xE0, 0x00, 0x00,
    0x0F, 0xF8, 0x00, 0x00, 0x03, 0xFE, 0x00, 0x00, 0x00, 0xFF, 0x80, 0x00, 0x00, 0x3F, 0xE0, 0x00,
    0x00, 0x0F, 0xF8, 0x00, 0xB0, 0x07, 0xFE, 0x00, 0x7F, 0x47, 0xFF, 0x40, 0x7F, 0xFF, 0xFF, 0xC0,
    0x0F, 0xFF, 0xFF, 0xD0, 0x00, 0xFF, 0xFF, 0xD0, 0x00, 0x06, 0xFF, 0x80, 0x00, 0x00, 0xBF, 0x80,
    0x00, 0xFF, 0xF8, 0x01, 0xFF, 0x7F, 0xD0, 0xBD, 0x02, 0xF8, 0x04, 0x00, 0x08, 0x00, 0x00, 0x00,
    0x00, 0x00, 0x00, 0x00, 0x03, 0xFE, 0x00, 0x00, 0xFF, 0x80, 0x00, 0x3F, 0xE0, 0x00, 0x0F, 0xF8,
    0x00, 0x03, 0xFE, 0x00, 0x00, 0xFF, 0x80, 0x00, 0x3F, 0xE0, 0x00, 0x0F, 0xF8, 0x00, 0x03, 0xFE,
    0x00, 0x00, 0xFF, 0x80, 0x00, 0x3F, 0xE0, 0x00, 0x0F, 0xF8, 0x00, 0x03, 0xFE, 0x00, 0x00, 0xFF,
    0x80, 0x00, 0x3F, 0xE0, 0x00, 0x0F, 0xF8, 0x00, 0x03, 0xFE, 0x00, 0x03, 0xFF, 0x80, 0x0F, 0xFF,
    0xD0, 0x03, 0xFF, 0xF0, 0x00, 0x7F, 0xF0, 0x00, 0x0F, 0xD0, 0x00, 0x00, 0xFF, 0x80, 0x01, 0xFF,
    0xE3, 0xFE, 0x00, 0x1F, 0xFE, 0x0F, 0xF8, 0x01, 0xFF, 0xE0, 0x3F, 0xE0, 0x0F, 0xFE, 0x00, 0xFF,
    0x80, 0xFF, 0xE0, 0x03, 0xFE, 0x0F, 0xFE, 0x00, 0x0F, 0xF8, 0xFF, 0xE0, 0x00, 0x3F, 0xFF, 0xFE,
    0x00, 0x00, 0xFF, 0xFF, 0xE0, 0x00, 0x03, 0xFF, 0xFF, 0xC0, 0x00, 0x0F, 0xFF, 0xFF, 0xC0, 0x00,
    0x3F, 0xFF, 0xFF, 0x80, 0x00, 0xFF, 0xE3, 0xFF, 0x40, 0x03, 0xFF, 0x07, 0xFF, 0x00, 0x0F, 0xF8,
    0x0B, 0xFF, 0x00, 0x3F, 0xE0, 0x0F, 0xFE, 0x00, 0xFF, 0x80, 0x1F, 0xFD, 0x03, 0xFE, 0x00, 0x2F,
    0xFC, 0x0F, 0xF8, 0x00, 0x3F, 0xFC, 0x3F, 0xE0, 0x00, 0x3F, 0xF8, 0xFF, 0x80, 0x00, 0x7F, 0xF4,
    0x00, 0x00, 0x00, 0x00, 0x00, 0x00, 0x7E, 0x00, 0x00, 0x00, 0x03, 0xFD, 0x00, 0x00, 0x00, 0x0F,
    0xF8, 0x00, 0x00, 0x00, 0x0F, 0xE0, 0x00, 0x00, 0x00, 0x2F, 0x40, 0x00, 0x00, 0x02, 0xFC, 0x00,
    0x00, 0x00, 0x0F, 0x80, 0x00, 0x00, 0x00, 0x00, 0x00, 0x00, 0x00, 0xFF, 0xC0, 0x00, 0x00, 0x3F,
    0xF0, 0x00, 0x00, 0x0F, 0xFC, 0x00, 0x00, 0x03, 0xFF, 0x00, 0x00, 0x00, 0xFF, 0xC0, 0x00, 0x00,
    0x3F, 0xF0, 0x00, 0x00, 0x0F, 0xFC, 0x02, 0xFF, 0xE3, 0xFF, 0x01, 0xFF, 0xE0, 0xFF, 0xC1, 0xFF,
    0xE0, 0x3F, 0xF1, 0xFF, 0xE0, 0x0F, 0xFC, 0xFF, 0xE0, 0x03, 0xFF, 0xFF, 0xD0, 0x00, 0xFF, 0xFF,
    0xD0, 0x00, 0x3F, 0xFF, 0xF4, 0x00, 0x0F, 0xFF, 0xFF, 0x00, 0x03, 0xFF, 0xFF, 0xF0, 0x00, 0xFF,
    0xD7, 0xFE, 0x00, 0x3F, 0xF0, 0xBF, 0xD0, 0x0F, 0xFC, 0x0F, 0xFD, 0x03, 0xFF, 0x01, 0xFF, 0xC0,
    0xFF, 0xC0, 0x2F, 0xFC, 0x3F, 0xF0, 0x03, 0xFF, 0x80, 0x00, 0x00, 0x00, 0x00, 0x00, 0x7E, 0x00,
    0x00, 0x00, 0x3F, 0xD0, 0x00, 0x00, 0x0F, 0xF8, 0x00, 0x00, 0x00, 0xFE, 0x00, 0x00, 0x00, 0x2F,
    0x40, 0x00, 0x00, 0x2F, 0x80, 0x00, 0x00, 0x0F, 0x80, 0x00, 0x00, 0x00, 0x00, 0x00, 0x00, 0xFF,
    0x80, 0x1F, 0xFD, 0xFF, 0x80, 0x7F, 0xF8, 0xFF, 0x80, 0xFF, 0xE0, 0xFF, 0x83, 0xFF, 0x80, 0xFF,
    0x8F, 0xFE, 0x00, 0xFF, 0xAF, 0xF8, 0x00, 0xFF, 0xFF, 0xE0, 0x00, 0xFF, 0xFF, 0xE0, 0x00, 0xFF,
    0xFF, 0xF4, 0x00, 0xFF, 0xFF, 0xFC, 0x00, 0xFF, 0xF7, 0xFF, 0x00, 0xFF, 0xC2, 0xFF, 0x80, 0xFF,
    0x80, 0xFF, 0xD0, 0xFF, 0x80, 0x7F, 0xF0, 0xFF, 0x80, 0x2F, 0xF8, 0xFF, 0x80, 0x0F, 0xFD, 0x00,
    0x00, 0x00, 0x00, 0x00, 0x1C, 0x00, 0x00, 0x01, 0xFE, 0x00, 0x00, 0x0B, 0xFF, 0x00, 0x00, 0x3F,
    0xFE, 0x00, 0x00, 0x2F, 0x90, 0x00, 0x00, 0x04, 0x00, 0x00, 0x00, 0x00, 0x00, 0x00, 0x00, 0x0F,
    0xF8, 0x00, 0x00, 0x0F, 0xF8, 0x00, 0x00, 0x0F, 0xF8, 0x00, 0x00, 0x0F, 0xF8, 0x00, 0x00, 0x0F,
    0xF8, 0x00, 0x00, 0x0F, 0xF8, 0x00, 0x00, 0x0F, 0xF8, 0x00, 0x00, 0x0F, 0xF8, 0x00, 0x00, 0x0F,
    0xF8, 0x00, 0x00, 0x0F, 0xF8, 0x00, 0x00, 0x0F, 0xF8, 0x00, 0x00, 0x0F, 0xF8, 0x00, 0x00, 0x0F,
    0xF8, 0x00, 0x00, 0x0F, 0xF8, 0x00, 0x00, 0x0F, 0xF8, 0x00, 0x00, 0x0F, 0xF8, 0x00, 0x00, 0x0F,
    0xF8, 0x00, 0x00, 0x0F, 0xFF, 0xFF, 0xFF, 0x0F, 0xFF, 0xFF, 0xFF, 0x0F, 0xFF, 0xFF, 0xFF, 0x0F,
    0xFF, 0xFF, 0xFF, 0x00, 0x00, 0x00, 0x07, 0x00, 0x1F, 0xE0, 0x3F, 0xFC, 0x3F, 0xFE, 0x0B, 0xE4,
    0x00, 0x40, 0x00, 0x00, 0x00, 0x0F, 0xF8, 0x03, 0xFE, 0x00, 0xFF, 0x80, 0x3F, 0xE0, 0x0F, 0xF8,
    0x03, 0xFE, 0x00, 0xFF, 0x80, 0x3F, 0xE0, 0x0F, 0xF8, 0x03, 0xFE, 0x00, 0xFF, 0x80, 0x3F, 0xE0,
    0x0F, 0xF8, 0x03, 0xFE, 0x00, 0xFF, 0x80, 0x3F, 0xE0, 0x0F, 0xF8, 0x03, 0xFE, 0x00, 0xFF, 0x80,
    0x3F, 0xE0, 0x0F, 0xF8, 0x03, 0xFE, 0x00, 0xFF, 0x80, 0x00, 0x0F, 0xF8, 0x00, 0x00, 0xFF, 0x80,
    0x00, 0x0F, 0xF8, 0x00, 0x00, 0xFF, 0x80, 0x00, 0x0F, 0xF8, 0x00, 0x00, 0xFF, 0x80, 0x00, 0x0F,
    0xF8, 0x00, 0x00, 0xFF, 0x80, 0x00, 0x0F, 0xF8, 0x00, 0x00, 0xFF, 0x80, 0x00, 0x0F, 0xF8, 0x00,
    0x00, 0xFF, 0x80, 0x00, 0x0F, 0xF8, 0x00, 0x00, 0xFF, 0x80, 0x00, 0x0F, 0xF8, 0x00, 0x00, 0xFF,
    0x80, 0x00, 0x0F, 0xFF, 0xFF, 0xFF, 0xFF, 0xFF, 0xFF, 0xFF, 0xFF, 0xFF, 0xFF, 0xFF, 0xFF, 0xFF,
    0xF0, 0x00, 0x00, 0x00, 0x00, 0x7E, 0x00, 0x00, 0x0F, 0xF4, 0x00, 0x00, 0xFF, 0x80, 0x00, 0x03,
    0xF8, 0x00, 0x00, 0x2F, 0x40, 0x00, 0x0B, 0xF0, 0x00, 0x00, 0xF8, 0x00, 0x00, 0x00, 0x00, 0x00,
    0x3F, 0xE3, 0xFE, 0x3F, 0xE3, 0xFE, 0x3F, 0xE3, 0xFE, 0x3F, 0xE3, 0xFE, 0x3F, 0xE3, 0xFE, 0x3F,
    0xE3, 0xFE, 0x3F, 0xE3, 0xFE, 0x3F, 0xE3, 0xFE, 0x3F, 0xE3, 0xFE, 0x3F, 0xE3, 0xFE, 0x3F, 0xE3,
    0xFE, 0x00, 0x01, 0xF8, 0x3F, 0xD3, 0xFE, 0x0F, 0xE0, 0x7D, 0x2F, 0x83, 0xE0, 0x00, 0x00, 0xFF,
    0x80, 0x3E, 0x0F, 0xF8, 0x0B, 0xF8, 0xFF, 0x80, 0xBF, 0xCF, 0xF8, 0x03, 0xFC, 0xFF, 0x80, 0x0F,
    0xCF, 0xF8, 0x03, 0xF4, 0xFF, 0x80, 0xFD, 0x0F, 0xF8, 0x02, 0x00, 0xFF, 0x80, 0x00, 0x0F, 0xF8,
    0x00, 0x00, 0xFF, 0x80, 0x00, 0x0F, 0xF8, 0x00, 0x00, 0xFF, 0x80, 0x00, 0x0F, 0xF8, 0x00, 0x00,
    0xFF, 0x80, 0x00, 0x0F, 0xF8, 0x00, 0x00, 0xFF, 0x80, 0x00, 0x0F, 0xFF, 0xFF, 0xFF, 0xFF, 0xFF,
    0xFF, 0xFF, 0xFF, 0xFF, 0xFF, 0xFF, 0xFF, 0xFF, 0xF0, 0xFF, 0x81, 0xF8, 0xFF, 0x83, 0xFD, 0xFF,
    0x83, 0xFE, 0xFF, 0x80, 0xFE, 0xFF, 0x80, 0x7D, 0xFF, 0x81, 0xFC, 0xFF, 0x83, 0xE0, 0xFF, 0x80,
    0x00, 0xFF, 0x80, 0x00, 0xFF, 0x80, 0x00, 0xFF, 0x80, 0x00, 0xFF, 0x80, 0x00, 0xFF, 0x80, 0x00,
    0xFF, 0x80, 0x00, 0xFF, 0x80, 0x00, 0xFF, 0x80, 0x00, 0xFF, 0x80, 0x00, 0xFF, 0x80, 0x00, 0xFF,
    0x80, 0x00, 0xFF, 0x80, 0x00, 0xFF, 0x80, 0x00, 0xFF, 0x80, 0x00, 0xFF, 0x80, 0x00, 0x0F, 0xF8,
    0x00, 0x00, 0xFF, 0x80, 0x00, 0x0F, 0xF8, 0x00, 0x00, 0xFF, 0x80, 0x00, 0x0F, 0xF8, 0x00, 0x00,
    0xFF, 0x80, 0x00, 0x0F, 0xF8, 0x00, 0xF8, 0xFF, 0x80, 0x3F, 0xEF, 0xF8, 0x03, 0xFE, 0xFF, 0x80,
    0x3F, 0xEF, 0xF8, 0x01, 0xF8, 0xFF, 0x80, 0x00, 0x0F, 0xF8, 0x00, 0x00, 0xFF, 0x80, 0x00, 0x0F,
    0xF8, 0x00, 0x00, 0xFF, 0x80, 0x00, 0x0F, 0xFF, 0xFF, 0xFE, 0xFF, 0xFF, 0xFF, 0xEF, 0xFF, 0xFF,
    0xFE, 0xFF, 0xFF, 0xFF, 0xE0, 0xFF, 0x80, 0x03, 0xFE, 0x00, 0x0F, 0xF8, 0x00, 0x3F, 0xE0, 0x00,
    0xFF, 0x80, 0x03, 0xFE, 0x00, 0x0F, 0xF8, 0x00, 0x3F, 0xE0, 0x00, 0xFF, 0x82, 0xF3, 0xFE, 0x2F,
    0xFF, 0xF8, 0xBF, 0xFF, 0xE2, 0xFF, 0xFF, 0x82, 0xF3, 0xFE, 0x00, 0x0F, 0xF8, 0x00, 0x3F, 0xE0,
    0x00, 0xFF, 0x80, 0x03, 0xFE, 0x00, 0x0F, 0xF8, 0x00, 0x3F, 0xE0, 0x00, 0xFF, 0x80, 0x03, 0xFE,
    0x00, 0x00, 0x00, 0xFF, 0x80, 0x00, 0x00, 0x0F, 0xF8, 0x00, 0x00, 0x00, 0xFF, 0x80, 0x00, 0x00,
    0x0F, 0xF8, 0x00, 0x00, 0x00, 0xFF, 0x80, 0x00, 0x00, 0x0F, 0xF8, 0x00, 0x00, 0x00, 0xFF, 0xED,
    0x00, 0x00, 0x0F, 0xFF, 0xE0, 0x00, 0x00, 0xFF, 0xFF, 0x00, 0x00, 0x7F, 0xFF, 0xF0, 0x00, 0x3F,
    0xFF, 0xF4, 0x00, 0x03, 0xFF, 0xF8, 0x00, 0x00, 0x1F, 0xFF, 0x80, 0x00, 0x00, 0xDF, 0xF8, 0x00,
    0x00, 0x00, 0xFF, 0x80, 0x00, 0x00, 0x0F, 0xF8, 0x00, 0x00, 0x00, 0xFF, 0x80, 0x00, 0x00, 0x0F,
    0xFF, 0xFF, 0xFF, 0x00, 0xFF, 0xFF, 0xFF, 0xF0, 0x0F, 0xFF, 0xFF, 0xFF, 0x00, 0xFF, 0xFF, 0xFF,
    0xF0, 0x00, 0xFF, 0x80, 0x00, 0xFF, 0x80, 0x00, 0xFF, 0x80, 0x00, 0xFF, 0x80, 0x00, 0xFF, 0x80,
    0x00, 0xFF, 0x80, 0x00, 0xFF, 0x84, 0x00, 0xFF, 0xFC, 0x00, 0xFF, 0xFD, 0x01, 0xFF, 0xFE, 0x2F,
    0xFF, 0xFD, 0x3F, 0xFF, 0xD0, 0x1F, 0xFF, 0x80, 0x0F, 0xFF, 0x80, 0x04, 0xFF, 0x80, 0x00, 0xFF,
    0x80, 0x00, 0xFF, 0x80, 0x00, 0xFF, 0x80, 0x00, 0xFF, 0x80, 0x00, 0xFF, 0x80, 0x00, 0xFF, 0x80,
    0x00, 0xFF, 0x80, 0x00, 0x00, 0x00, 0x00, 0x00, 0x00, 0x00, 0x1C, 0x00, 0x00, 0x00, 0x07, 0xF8,
    0x00, 0x00, 0x01, 0xFF, 0xF0, 0x00, 0x00, 0x1F, 0xFF, 0x80, 0x00, 0x00, 0x3F, 0x90, 0x00, 0x00,
    0x00, 0x50, 0x00, 0x00, 0x00, 0x00, 0x00, 0x00, 0x00, 0xFF, 0xC0, 0x00, 0x0F, 0xFB, 0xFF, 0x80,
    0x00, 0x3F, 0xEF, 0xFF, 0x40, 0x00, 0xFF, 0xBF, 0xFF, 0x00, 0x03, 0xFE, 0xFF, 0xFE, 0x00, 0x0F,
    0xFB, 0xFF, 0xFD, 0x00, 0x3F, 0xEF, 0xFF, 0xFC, 0x00, 0xFF, 0xBF, 0xFF, 0xFC, 0x03, 0xFE, 0xFF,
    0xBF, 0xF8, 0x0F, 0xFB, 0xFE, 0x7F, 0xF4, 0x3F, 0xEF, 0xF8, 0xBF, 0xF0, 0xFF, 0xBF, 0xE0, 0xFF,
    0xF3, 0xFE, 0xFF, 0x80, 0xFF, 0xEF, 0xFB, 0xFE, 0x01, 0xFF, 0xFF, 0xEF, 0xF8, 0x02, 0xFF, 0xFF,
    0xBF, 0xE0, 0x03, 0xFF, 0xFE, 0xFF, 0x80, 0x03, 0xFF, 0xFB, 0xFE, 0x00, 0x07, 0xFF, 0xEF, 0xF8,
    0x00, 0x0B, 0xFF, 0xBF, 0xE0, 0x00, 0x0F, 0xFE, 0xFF, 0x80, 0x00, 0x0F, 0xF8, 0x00, 0x00, 0x10,
    0x00, 0x00, 0x02, 0xE0, 0x00, 0x00, 0x3F, 0xD0, 0x00, 0x07, 0xFF, 0x40, 0x00, 0x3F, 0xE0, 0x00,
    0x00, 0xBC, 0x00, 0x00, 0x00, 0x40, 0x00, 0x00, 0x00, 0x00, 0x00, 0xFF, 0x82, 0xFE, 0x03, 0xFE,
    0xBF, 0xFF, 0x4F, 0xFF, 0xFF, 0xFF, 0x3F, 0xFF, 0xFF, 0xFD, 0xFF, 0xF4, 0x3F, 0xFB, 0xFF, 0x00,
    0x3F, 0xEF, 0xF8, 0x00, 0xFF, 0xBF, 0xE0, 0x03, 0xFE, 0xFF, 0x80, 0x0F, 0xFB, 0xFE, 0x00, 0x3F,
    0xEF, 0xF8, 0x00, 0xFF, 0xBF, 0xE0, 0x03, 0xFE, 0xFF, 0x80, 0x0F, 0xFB, 0xFE, 0x00, 0x3F, 0xEF,
    0xF8, 0x00, 0xFF, 0xBF, 0xE0, 0x03, 0xFE, 0xFF, 0xC0, 0x00, 0x0F, 0xFB, 0xFF, 0x80, 0x00, 0x3F,
    0xEF, 0xFF, 0x40, 0x00, 0xFF, 0xBF, 0xFF, 0x00, 0x03, 0xFE, 0xFF, 0xFE, 0x00, 0x0F, 0xFB, 0xFF,
    0xFD, 0x00, 0x3F, 0xEF, 0xFF, 0xFC, 0x00, 0xFF, 0xBF, 0xFF, 0xFC, 0x03, 0xFE, 0xFF, 0xBF, 0xF8,
    0x0F, 0xFB, 0xFE, 0x7F, 0xF4, 0x3F, 0xEF, 0xF8, 0xBF, 0xF0, 0xFF, 0xBF, 0xE0, 0xFF, 0xF3, 0xFE,
    0xFF, 0x80, 0xFF, 0xEF, 0xFB, 0xFE, 0x01, 0xFF, 0xFF, 0xEF, 0xF8, 0x02, 0xFF, 0xFF, 0xBF, 0xE0,
    0x03, 0xFF, 0xFE, 0xFF, 0x80, 0x03, 0xFF, 0xFB, 0xFE, 0x00, 0x07, 0xFF, 0xEF, 0xF8, 0x00, 0x0B,
    0xFF, 0xBF, 0xE0, 0x00, 0x0F, 0xFE, 0xFF, 0x80, 0x00, 0x0F, 0xF8, 0x00, 0x00, 0x00, 0x00, 0x00,
    0x00, 0x1F, 0x80, 0x00, 0x00, 0x00, 0xFF, 0x40, 0x00, 0x00, 0x03, 0xFE, 0x00, 0x00, 0x00, 0x03,
    0xF8, 0x00, 0x00, 0x00, 0x0B, 0xD0, 0x00, 0x00, 0x00, 0xBF, 0x00, 0x00, 0x00, 0x03, 0xE0, 0x00,
    0x00, 0x00, 0x00, 0x00, 0x00, 0x00, 0xFF, 0x82, 0xFE, 0x03, 0xFE, 0xBF, 0xFF, 0x4F, 0xFF, 0xFF,
    0xFF, 0x3F, 0xFF, 0xFF, 0xFD, 0xFF, 0xF4, 0x3F, 0xFB, 0xFF, 0x00, 0x3F, 0xEF, 0xF8, 0x00, 0xFF,
    0xBF, 0xE0, 0x03, 0xFE, 0xFF, 0x80, 0x0F, 0xFB, 0xFE, 0x00, 0x3F, 0xEF, 0xF8, 0x00, 0xFF, 0xBF,
    0xE0, 0x03, 0xFE, 0xFF, 0x80, 0x0F, 0xFB, 0xFE, 0x00, 0x3F, 0xEF, 0xF8, 0x00, 0xFF, 0xBF, 0xE0,
    0x03, 0xFE, 0x00, 0x00, 0x00, 0x00, 0x00, 0x7E, 0x00, 0x00, 0x03, 0xFD, 0x00, 0x00, 0x0F, 0xF8,
    0x00, 0x00, 0x0B, 0xE0, 0x00, 0x00, 0x1F, 0x40, 0x00, 0x02, 0xF8, 0x00, 0x00, 0x0F, 0x80, 0x00,
    0x00, 0x00, 0x00, 0x00, 0x00, 0x00, 0x00, 0x00, 0x00, 0x00, 0xE0, 0x02, 0xC0, 0x00, 0x0F, 0xF9,
    0xBF, 0x80, 0x00, 0x0F, 0xFF, 0xF8, 0x00, 0x00, 0x07, 0xFF, 0x40, 0x00, 0x00, 0x02, 0x90, 0x00,
    0x00, 0x00, 0x00, 0x00, 0x00, 0x3F, 0xF0, 0x00, 0x03, 0xFE, 0xFF, 0xE0, 0x00, 0x0F, 0xFB, 0xFF,
    0xD0, 0x00, 0x3F, 0xEF, 0xFF, 0xC0, 0x00, 0xFF, 0xBF, 0xFF, 0x80, 0x03, 0xFE, 0xFF, 0xFF, 0x40,
    0x0F, 0xFB, 0xFF, 0xFF, 0x00, 0x3F, 0xEF, 0xFF, 0xFF, 0x00, 0xFF, 0xBF, 0xEF, 0xFE, 0x03, 0xFE,
    0xFF, 0x9F, 0xFD, 0x0F, 0xFB, 0xFE, 0x2F, 0xFC, 0x3F, 0xEF, 0xF8, 0x3F, 0xFC, 0xFF, 0xBF, 0xE0,
    0x3F, 0xFB, 0xFE, 0xFF, 0x80, 0x7F, 0xFF, 0xFB, 0xFE, 0x00, 0xBF, 0xFF, 0xEF, 0xF8, 0x00, 0xFF,
    0xFF, 0xBF, 0xE0, 0x00, 0xFF, 0xFE, 0xFF, 0x80, 0x01, 0xFF, 0xFB, 0xFE, 0x00, 0x02, 0xFF, 0xEF,
    0xF8, 0x00, 0x03, 0xFF, 0xBF, 0xE0, 0x00, 0x03, 0xFE, 0x00, 0x00, 0x00, 0x00, 0x03, 0x40, 0x0E,
    0x00, 0x3F, 0xC2, 0xFD, 0x00, 0x3F, 0xFF, 0xD0, 0x00, 0x3F, 0xFD, 0x00, 0x00, 0x2F, 0xC0, 0x00,
    0x00, 0x00, 0x00, 0x00, 0x00, 0x00, 0x00, 0xFF, 0x82, 0xFE, 0x03, 0xFE, 0xBF, 0xFF, 0x4F, 0xFF,
    0xFF, 0xFF, 0x3F, 0xFF, 0xFF, 0xFD, 0xFF, 0xF4, 0x3F, 0xFB, 0xFF, 0x00, 0x3F, 0xEF, 0xF8, 0x00,
    0xFF, 0xBF, 0xE0, 0x03, 0xFE, 0xFF, 0x80, 0x0F, 0xFB, 0xFE, 0x00, 0x3F, 0xEF, 0xF8, 0x00, 0xFF,
    0xBF, 0xE0, 0x03, 0xFE, 0xFF, 0x80, 0x0F, 0xFB, 0xFE, 0x00, 0x3F, 0xEF, 0xF8, 0x00, 0xFF, 0xBF,
    0xE0, 0x03, 0xFE, 0x3F, 0xD0, 0x00, 0x00, 0x00, 0x1F, 0xF0, 0x00, 0x00, 0x00, 0x07, 0xFC, 0x00,
    0x00, 0x00, 0x01, 0xFE, 0x00, 0x00, 0x00, 0x00, 0xBF, 0x00, 0x00, 0x00, 0x00, 0x2F, 0xC3, 0xFE,
    0x0B, 0xF8, 0x0B, 0xE0, 0xFF, 0xAF, 0xFF, 0xD3, 0xF4, 0x3F, 0xFF, 0xFF, 0xFC, 0x00, 0x0F, 0xFF,
    0xFF, 0xFF, 0x40, 0x03, 0xFF, 0xC0, 0xFF, 0xE0, 0x00, 0xFF, 0xC0, 0x0F, 0xF8, 0x00, 0x3F, 0xE0,
    0x03, 0xFE, 0x00, 0x0F, 0xF8, 0x00, 0xFF, 0x80, 0x03, 0xFE, 0x00, 0x3F, 0xE0, 0x00, 0xFF, 0x80,
    0x0F, 0xF8, 0x00, 0x3F, 0xE0, 0x03, 0xFE, 0x00, 0x0F, 0xF8, 0x00, 0xFF, 0x80, 0x03, 0xFE, 0x00,
    0x3F, 0xE0, 0x00, 0xFF, 0x80, 0x0F, 0xF8, 0x00, 0x3F, 0xE0, 0x03, 0xFE, 0x00, 0x0F, 0xF8, 0x00,
    0xFF, 0x80, 0xFF, 0xC0, 0x00, 0x0F, 0xFB, 0xFF, 0x80, 0x00, 0x3F, 0xEF, 0xFF, 0x40, 0x00, 0xFF,
    0xBF, 0xFF, 0x00, 0x03, 0xFE, 0xFF, 0xFE, 0x00, 0x0F, 0xFB, 0xFF, 0xFD, 0x00, 0x3F, 0xEF, 0xFF,
    0xFC, 0x00, 0xFF, 0xBF, 0xFF, 0xFC, 0x03, 0xFE, 0xFF, 0xBF, 0xF8, 0x0F, 0xFB, 0xFE, 0x7F, 0xF4,
    0x3F, 0xEF, 0xF8, 0xBF, 0xF0, 0xFF, 0xBF, 0xE0, 0xFF, 0xF3, 0xFE, 0xFF, 0x80, 0xFF, 0xEF, 0xFB,
    0xFE, 0x01, 0xFF, 0xFF, 0xEF, 0xF8, 0x02, 0xFF, 0xFF, 0xBF, 0xE0, 0x03, 0xFF, 0xFE, 0xFF, 0x80,
    0x03, 0xFF, 0xFB, 0xFE, 0x00, 0x07, 0xFF, 0xEF, 0xF8, 0x00, 0x0B, 0xFF, 0xBF, 0xE0, 0x00, 0x0F,
    0xFE, 0xFF, 0x80, 0x00, 0x0F, 0xF8, 0x00, 0x00, 0x00, 0x3F, 0xE0, 0x00, 0x00, 0x03, 0xFF, 0x80,
    0x00, 0x02, 0xFF, 0xFD, 0x00, 0x00, 0x07, 0xFF, 0xF0, 0x00, 0x00, 0x0F, 0xFF, 0x00, 0x00, 0x00,
    0x0F, 0x90, 0x00, 0xFF, 0x86, 0xFE, 0x03, 0xFF, 0xBF, 0xFF, 0x4F, 0xFF, 0xFF, 0xFF, 0x3F, 0xFF,
    0xFF, 0xFD, 0xFF, 0xE0, 0x2F, 0xFB, 0xFF, 0x00, 0x3F, 0xEF, 0xF8, 0x00, 0xFF, 0xBF, 0xE0, 0x03,
    0xFE, 0xFF, 0x80, 0x0F, 0xFB, 0xFE, 0x00, 0x3F, 0xEF, 0xF8, 0x00, 0xFF, 0xBF, 0xE0, 0x03, 0xFE,
    0xFF, 0x80, 0x0F, 0xFB, 0xFE, 0x00, 0x3F, 0xEF, 0xF8, 0x00, 0xFF, 0xBF, 0xE0, 0x03, 0xFE, 0x00,
    0x00, 0x1F, 0xF8, 0x00, 0x01, 0xFF, 0xE0, 0x00, 0x7F, 0xFF, 0x40, 0x00, 0xFF, 0xFC, 0x00, 0x01,
    0xFF, 0xC0, 0x00, 0x03, 0xE4, 0x00, 0x00, 0x0F, 0xFF, 0xFF, 0x00, 0x00, 0x03, 0xFF, 0xFF, 0xC0,
    0x00, 0x00, 0xFF, 0xFF, 0xF0, 0x00, 0x00, 0x00, 0x00, 0x00, 0x00, 0x00, 0x00, 0x00, 0x00, 0x00,
    0x00, 0x00, 0x00, 0x00, 0x00, 0x00, 0x00, 0x6F, 0xFE, 0x40, 0x00, 0x00, 0xFF, 0xFF, 0xFD, 0x00,
    0x01, 0xFF, 0xFF, 0xFF, 0xE0, 0x01, 0xFF, 0xFF, 0xFF, 0xFE, 0x01, 0xFF, 0xFF, 0xFF, 0xFF, 0xD0,
    0xFF, 0xF9, 0x01, 0xBF, 0xFC, 0x7F, 0xF4, 0x00, 0x07, 0xFF, 0x6F, 0xF8, 0x00, 0x00, 0xBF, 0xEF,
    0xFC, 0x00, 0x00, 0x0F, 0xFF, 0xFF, 0x00, 0x00, 0x03, 0xFF, 0xFF, 0x80, 0x00, 0x00, 0xBF, 0xFF,
    0xF0, 0x00, 0x00, 0x3F, 0xFF, 0xFC, 0x00, 0x00, 0x0F, 0xFE, 0xFF, 0x80, 0x00, 0x0B, 0xFE, 0x7F,
    0xF4, 0x00, 0x07, 0xFF, 0x4F, 0xFF, 0x90, 0x1B, 0xFF, 0xC1, 0xFF, 0xFF, 0xFF, 0xFF, 0xD0, 0x1F,
    0xFF, 0xFF, 0xFF, 0xE0, 0x01, 0xFF, 0xFF, 0xFF, 0xE0, 0x00, 0x1F, 0xFF, 0xFF, 0xD0, 0x00, 0x00,
    0x6F, 0xFE, 0x40, 0x00, 0x03, 0xFF, 0xFF, 0xC0, 0x00, 0xFF, 0xFF, 0xF0, 0x00, 0x3F, 0xFF, 0xFC,
    0x00, 0x00, 0x00, 0x00, 0x00, 0x00, 0x00, 0x00, 0x00, 0x00, 0x00, 0x00, 0x00, 0x00, 0x02, 0xFF,
    0xD0, 0x00, 0x0B, 0xFF, 0xFF, 0x40, 0x0F, 0xFF, 0xFF, 0xF8, 0x0B, 0xFF, 0xFF, 0xFF, 0x43, 0xFF,
    0x80, 0xFF, 0xF2, 0xFF, 0x80, 0x0F, 0xFD, 0xFF, 0xC0, 0x01, 0xFF, 0xBF, 0xF0, 0x00, 0x3F, 0xEF,
    0xFC, 0x00, 0x0F, 0xFB, 0xFF, 0x00, 0x07, 0xFE, 0xBF, 0xE0, 0x03, 0xFF, 0x4F, 0xFE, 0x03, 0xFF,
    0xC2, 0xFF, 0xFF, 0xFF, 0xD0, 0x3F, 0xFF, 0xFF, 0xE0, 0x02, 0xFF, 0xFF, 0xD0, 0x00, 0x0B, 0xFF,
    0x40, 0x00, 0x00, 0x1A, 0x40, 0x69, 0x00, 0x00, 0x0B, 0xF4, 0x7F, 0x80, 0x00, 0x00, 0xFF, 0xFF,
    0xC0, 0x00, 0x00, 0x1F, 0xFF, 0xD0, 0x00, 0x00, 0x00, 0xBF, 0x80, 0x00, 0x00, 0x00, 0x00, 0x00,
    0x00, 0x00, 0x00, 0x00, 0x00, 0x00, 0x00, 0x00, 0x1B, 0xFF, 0x90, 0x00, 0x00, 0x3F, 0xFF, 0xFF,
    0x40, 0x00, 0x7F, 0xFF, 0xFF, 0xF8, 0x00, 0x7F, 0xFF, 0xFF, 0xFF, 0x80, 0x7F, 0xFF, 0xFF, 0xFF,
    0xF4, 0x3F, 0xFE, 0x40, 0x6F, 0xFF, 0x1F, 0xFD, 0x00, 0x01, 0xFF, 0xDB, 0xFE, 0x00, 0x00, 0x2F,
    0xFB, 0xFF, 0x00, 0x00, 0x03, 0xFF, 0xFF, 0xC0, 0x00, 0x00, 0xFF, 0xFF, 0xE0, 0x00, 0x00, 0x2F,
    0xFF, 0xFC, 0x00, 0x00, 0x0F, 0xFF, 0xFF, 0x00, 0x00, 0x03, 0xFF, 0xBF, 0xE0, 0x00, 0x02, 0xFF,
    0x9F, 0xFD, 0x00, 0x01, 0xFF, 0xD3, 0xFF, 0xE4, 0x06, 0xFF, 0xF0, 0x7F, 0xFF, 0xFF, 0xFF, 0xF4,
    0x07, 0xFF, 0xFF, 0xFF, 0xF8, 0x00, 0x7F, 0xFF, 0xFF, 0xF8, 0x00, 0x07, 0xFF, 0xFF, 0xF4, 0x00,
    0x00, 0x1B, 0xFF, 0x90, 0x00, 0x02, 0xF4, 0x0B, 0xD0, 0x00, 0xBF, 0x47, 0xF4, 0x00, 0x0F, 0xFF,
    0xFC, 0x00, 0x01, 0xFF, 0xFC, 0x00, 0x00, 0x0B, 0xF8, 0x00, 0x00, 0x00, 0x00, 0x00, 0x00, 0x00,
    0x00, 0x00, 0x00, 0x00, 0xBF, 0xF4, 0x00, 0x02, 0xFF, 0xFF, 0xD0, 0x03, 0xFF, 0xFF, 0xFE, 0x02,
    0xFF, 0xFF, 0xFF, 0xD0, 0xFF, 0xE0, 0x3F, 0xFC, 0xBF, 0xE0, 0x03, 0xFF, 0x7F, 0xF0, 0x00, 0x7F,
    0xEF, 0xFC, 0x00, 0x0F, 0xFB, 0xFF, 0x00, 0x03, 0xFE, 0xFF, 0xC0, 0x01, 0xFF, 0xAF, 0xF8, 0x00,
    0xFF, 0xD3, 0xFF, 0x80, 0xFF, 0xF0, 0xBF, 0xFF, 0xFF, 0xF4, 0x0F, 0xFF, 0xFF, 0xF8, 0x00, 0xBF,
    0xFF, 0xF4, 0x00, 0x02, 0xFF, 0xD0, 0x00, 0x00, 0x00, 0x00, 0x00, 0x00, 0x00, 0x00, 0x0E, 0x00,
    0x34, 0x00, 0x00, 0x1F, 0xD0, 0x7F, 0x00, 0x00, 0x1F, 0xFC, 0x7F, 0xE0, 0x00, 0x1F, 0xF8, 0xBF,
    0xE0, 0x00, 0x07, 0xF0, 0x1F, 0xC0, 0x00, 0x00, 0x50, 0x02, 0x40, 0x00, 0x00, 0x00, 0x00, 0x00,
    0x00, 0x00, 0x06, 0xFF, 0xE4, 0x00, 0x00, 0x0F, 0xFF, 0xFF, 0xD0, 0x00, 0x1F, 0xFF, 0xFF, 0xFE,
    0x00, 0x1F, 0xFF, 0xFF, 0xFF, 0xE0, 0x1F, 0xFF, 0xFF, 0xFF, 0xFD, 0x0F, 0xFF, 0x90, 0x1B, 0xFF,
    0xC7, 0xFF, 0x40, 0x00, 0x7F, 0xF6, 0xFF, 0x80, 0x00, 0x0B, 0xFE, 0xFF, 0xC0, 0x00, 0x00, 0xFF,
    0xFF, 0xF0, 0x00, 0x00, 0x3F, 0xFF, 0xF8, 0x00, 0x00, 0x0B, 0xFF, 0xFF, 0x00, 0x00, 0x03, 0xFF,
    0xFF, 0xC0, 0x00, 0x00, 0xFF, 0xEF, 0xF8, 0x00, 0x00, 0xBF, 0xE7, 0xFF, 0x40, 0x00, 0x7F, 0xF4,
    0xFF, 0xF9, 0x01, 0xBF, 0xFC, 0x1F, 0xFF, 0xFF, 0xFF, 0xFD, 0x01, 0xFF, 0xFF, 0xFF, 0xFE, 0x00,
    0x1F, 0xFF, 0xFF, 0xFE, 0x00, 0x01, 0xFF, 0xFF, 0xFD, 0x00, 0x00, 0x06, 0xFF, 0xE4, 0x00, 0x00,
    0x00, 0x14, 0x00, 0x80, 0x00, 0x1F, 0x80, 0xF8, 0x00, 0x0F, 0xF4, 0xFF, 0x80, 0x0F, 0xF8, 0xBF,
    0xC0, 0x0B, 0xF4, 0xBF, 0x80, 0x03, 0xF0, 0x2F, 0x40, 0x00, 0x10, 0x01, 0x00, 0x00, 0x00, 0x00,
    0x00, 0x00, 0x00, 0x2F, 0xFD, 0x00, 0x00, 0xBF, 0xFF, 0xF4, 0x00, 0xFF, 0xFF, 0xFF, 0x80, 0xBF,
    0xFF, 0xFF, 0xF4, 0x3F, 0xF8, 0x0F, 0xFF, 0x2F, 0xF8, 0x00, 0xFF, 0xDF, 0xFC, 0x00, 0x1F, 0xFB,
    0xFF, 0x00, 0x03, 0xFE, 0xFF, 0xC0, 0x00, 0xFF, 0xBF, 0xF0, 0x00, 0x7F, 0xEB, 0xFE, 0x00, 0x3F,
    0xF4, 0xFF, 0xE0, 0x3F, 0xFC, 0x2F, 0xFF, 0xFF, 0xFD, 0x03, 0xFF, 0xFF, 0xFE, 0x00, 0x2F, 0xFF,
    0xFD, 0x00, 0x00, 0xBF, 0xF4, 0x00, 0x00, 0x06, 0xFF, 0xFF, 0xFF, 0xFF, 0xFF, 0x80, 0x1F, 0xFF,
    0xFF, 0xFF, 0xFF, 0xFF, 0xE0, 0x2F, 0xFF, 0xFF, 0xFF, 0xFF, 0xFF, 0xF8, 0x2F, 0xFF, 0xFF, 0xFF,
    0xFF, 0xFF, 0xFE, 0x1F, 0xFF, 0x40, 0x0F, 0xF8, 0x00, 0x00, 0x0F, 0xFE, 0x00, 0x03, 0xFE, 0x00,
    0x00, 0x07, 0xFE, 0x00, 0x00, 0xFF, 0x80, 0x00, 0x02, 0xFF, 0x00, 0x00, 0x3F, 0xE0, 0x00, 0x00,
    0xFF, 0xC0, 0x00, 0x0F, 0xFF, 0xFF, 0xFC, 0x3F, 0xF0, 0x00, 0x03, 0xFF, 0xFF, 0xFF, 0x0F, 0xF8,
    0x00, 0x00, 0xFF, 0xFF, 0xFF, 0xC3, 0xFF, 0x00, 0x00, 0x3F, 0xFF, 0xFF, 0xF0, 0xFF, 0xC0, 0x00,
    0x0F, 0xF8, 0x00, 0x00, 0x2F, 0xF0, 0x00, 0x03, 0xFE, 0x00, 0x00, 0x07, 0xFE, 0x00, 0x00, 0xFF,
    0x80, 0x00, 0x00, 0xFF, 0xD0, 0x00, 0x3F, 0xE0, 0x00, 0x00, 0x2F, 0xFE, 0x40, 0x0F, 0xF8, 0x00,
    0x00, 0x03, 0xFF, 0xFF, 0xFF, 0xFF, 0xFF, 0xFF, 0xE0, 0x3F, 0xFF, 0xFF, 0xFF, 0xFF, 0xFF, 0xF8,
    0x02, 0xFF, 0xFF, 0xFF, 0xFF, 0xFF, 0xFE, 0x00, 0x0B, 0xFF, 0xFF, 0xFF, 0xFF, 0xFF, 0x80, 0x00,
    0x2F, 0xF9, 0x00, 0x2F, 0xF9, 0x00, 0x02, 0xFF, 0xFF, 0xC2, 0xFF, 0xFF, 0x80, 0x0F, 0xFF, 0xFF,
    0xFB, 0xFF, 0xFF, 0xF0, 0x2F, 0xFF, 0xFF, 0xFF, 0xFF, 0xFF, 0xF8, 0x3F, 0xF8, 0x1F, 0xFF, 0xF4,
    0x1F, 0xFC, 0xBF, 0xD0, 0x03, 0xFF, 0xD0, 0x03, 0xFD, 0xFF, 0xC0, 0x01, 0xFF, 0xFF, 0xFF, 0xFE,
    0xFF, 0xC0, 0x00, 0xFF, 0xFF, 0xFF, 0xFE, 0xFF, 0xC0, 0x00, 0xFF, 0xFF, 0xFF, 0xFE, 0xFF, 0xC0,
    0x01, 0xFF, 0xC0, 0x00, 0x00, 0xBF, 0xD0, 0x03, 0xFF, 0xE0, 0x00, 0x00, 0x3F, 0xF8, 0x1F, 0xFF,
    0xF9, 0x02, 0xD0, 0x2F, 0xFF, 0xFF, 0xFF, 0xFF, 0xFF, 0xF0, 0x0F, 0xFF, 0xFF, 0xFF, 0xFF, 0xFF,
    0xFC, 0x02, 0xFF, 0xFF, 0xC2, 0xFF, 0xFF, 0xF0, 0x00, 0x2F, 0xF9, 0x00, 0x2F, 0xFE, 0x00, 0x00,
    0x00, 0x00, 0x00, 0x00, 0x00, 0x2C, 0x00, 0x00, 0x00, 0x7F, 0x40, 0x00, 0x01, 0xFF, 0xF0, 0x00,
    0x01, 0xFF, 0xF8, 0x00, 0x00, 0x3F, 0x80, 0x00, 0x00, 0x05, 0x00, 0x00, 0x00, 0x00, 0x00, 0x00,
    0x00, 0xFF, 0xFF, 0xFE, 0x00, 0x3F, 0xFF, 0xFF, 0xF8, 0x0F, 0xFF, 0xFF, 0xFF, 0x83, 0xFF, 0xFF,
    0xFF, 0xF0, 0xFF, 0x80, 0x0F, 0xFE, 0x3F, 0xE0, 0x00, 0xFF, 0xCF, 0xF8, 0x00, 0x3F, 0xF3, 0xFE,
    0x00, 0x0F, 0xFC, 0xFF, 0x80, 0x03, 0xFF, 0x3F, 0xE0, 0x02, 0xFF, 0x8F, 0xFF, 0xFF, 0xFF, 0xC3,
    0xFF, 0xFF, 0xFF, 0xD0, 0xFF, 0xFF, 0xFF, 0xD0, 0x3F, 0xFF, 0xFF, 0xE0, 0x0F, 0xF8, 0x1F, 0xFC,
    0x03, 0xFE, 0x03, 0xFF, 0x80, 0xFF, 0x80, 0x3F, 0xF4, 0x3F, 0xE0, 0x0B, 0xFF, 0x0F, 0xF8, 0x00,
    0xFF, 0xD3, 0xFE, 0x00, 0x2F, 0xFC, 0xFF, 0x80, 0x03, 0xFF, 0x80, 0x00, 0x01, 0x00, 0x00, 0x1F,
    0x00, 0x00, 0xBF, 0xC0, 0x02, 0xFF, 0xC0, 0x0F, 0xFD, 0x00, 0x07, 0xD0, 0x00, 0x01, 0x00, 0x00,
    0x00, 0x00, 0x00, 0xFF, 0x82, 0xFC, 0xFF, 0x9F, 0xFC, 0xFF, 0xFF, 0xF8, 0xFF, 0xFF, 0xF4, 0xFF,
    0xFF, 0xF0, 0xFF, 0xF4, 0x10, 0xFF, 0xC0, 0x00, 0xFF, 0xC0, 0x00, 0xFF, 0x80, 0x00, 0xFF, 0x80,
    0x00, 0xFF, 0x80, 0x00, 0xFF, 0x80, 0x00, 0xFF, 0x80, 0x00, 0xFF, 0x80, 0x00, 0xFF, 0x80, 0x00,
    0xFF, 0x80, 0x00, 0xFF, 0xFF, 0xFE, 0x00, 0x3F, 0xFF, 0xFF, 0xF8, 0x0F, 0xFF, 0xFF, 0xFF, 0x83,
    0xFF, 0xFF, 0xFF, 0xF0, 0xFF, 0x80, 0x0F, 0xFE, 0x3F, 0xE0, 0x00, 0xFF, 0xCF, 0xF8, 0x00, 0x3F,
    0xF3, 0xFE, 0x00, 0x0F, 0xFC, 0xFF, 0x80, 0x03, 0xFF, 0x3F, 0xE0, 0x02, 0xFF, 0x8F, 0xFF, 0xFF,
    0xFF, 0xC3, 0xFF, 0xFF, 0xFF, 0xD0, 0xFF, 0xFF, 0xFF, 0xD0, 0x3F, 0xFF, 0xFF, 0xE0, 0x0F, 0xF8,
    0x1F, 0xFC, 0x03, 0xFE, 0x03, 0xFF, 0x80, 0xFF, 0x80, 0x3F, 0xF4, 0x3F, 0xE0, 0x0B, 0xFF, 0x0F,
    0xF8, 0x00, 0xFF, 0xD3, 0xFE, 0x00, 0x2F, 0xFC, 0xFF, 0x80, 0x03, 0xFF, 0x80, 0x00, 0x00, 0x00,
    0x00, 0x00, 0xF8, 0x00, 0x00, 0x00, 0xBF, 0x80, 0x00, 0x00, 0x2F, 0xF0, 0x00, 0x00, 0x02, 0xFC,
    0x00, 0x00, 0x00, 0x3E, 0x00, 0x00, 0x00, 0x7F, 0x00, 0x00, 0x00, 0x2F, 0x00, 0x00, 0x00, 0x01,
    0x00, 0x00, 0x00, 0x2F, 0xF0, 0xBF, 0x2F, 0xF3, 0xFE, 0x2F, 0xFF, 0xFD, 0x2F, 0xFF, 0xFC, 0x2F,
    0xFF, 0xFC, 0x2F, 0xFD, 0x00, 0x2F, 0xF4, 0x00, 0x2F, 0xF0, 0x00, 0x2F, 0xF0, 0x00, 0x2F, 0xF0,
    0x00, 0x2F, 0xF0, 0x00, 0x2F, 0xF0, 0x00, 0x2F, 0xF0, 0x00, 0x2F, 0xF0, 0x00, 0x2F, 0xF0, 0x00,
    0x2F, 0xF0, 0x00, 0x00, 0x00, 0x00, 0x1F, 0x80, 0x00, 0x3F, 0xE0, 0x00, 0x3F, 0xF0, 0x00, 0x0B,
    0xF0, 0x00, 0x07, 0xE0, 0x00, 0x1F, 0xC0, 0x00, 0x3E, 0x00, 0x00, 0x00, 0x00, 0x00, 0x00, 0x00,
    0x00, 0x00, 0x00, 0xD0, 0x07, 0x80, 0x00, 0xFF, 0x9F, 0xF0, 0x00, 0x0F, 0xFF, 0xF4, 0x00, 0x00,
    0xBF, 0xF0, 0x00, 0x00, 0x06, 0x90, 0x00, 0x00, 0x00, 0x00, 0x00, 0x03, 0xFF, 0xFF, 0xF8, 0x00,
    0xFF, 0xFF, 0xFF, 0xE0, 0x3F, 0xFF, 0xFF, 0xFE, 0x0F, 0xFF, 0xFF, 0xFF, 0xC3, 0xFE, 0x00, 0x3F,
    0xF8, 0xFF, 0x80, 0x03, 0xFF, 0x3F, 0xE0, 0x00, 0xFF, 0xCF, 0xF8, 0x00, 0x3F, 0xF3, 0xFE, 0x00,
    0x0F, 0xFC, 0xFF, 0x80, 0x0B, 0xFE, 0x3F, 0xFF, 0xFF, 0xFF, 0x0F, 0xFF, 0xFF, 0xFF, 0x43, 0xFF,
    0xFF, 0xFF, 0x40, 0xFF, 0xFF, 0xFF, 0x80, 0x3F, 0xE0, 0x7F, 0xF0, 0x0F, 0xF8, 0x0F, 0xFE, 0x03,
    0xFE, 0x00, 0xFF, 0xD0, 0xFF, 0x80, 0x2F, 0xFC, 0x3F, 0xE0, 0x03, 0xFF, 0x4F, 0xF8, 0x00, 0xBF,
    0xF3, 0xFE, 0x00, 0x0F, 0xFE, 0x00, 0x00, 0x00, 0x28, 0x00, 0x74, 0xBF, 0x83, 0xFC, 0x2F, 0xFF,
    0xF0, 0x07, 0xFF, 0xC0, 0x01, 0xFE, 0x00, 0x00, 0x00, 0x00, 0x00, 0x00, 0x00, 0xFF, 0x82, 0xFC,
    0xFF, 0x9F, 0xFC, 0xFF, 0xFF, 0xF8, 0xFF, 0xFF, 0xF4, 0xFF, 0xFF, 0xF0, 0xFF, 0xF4, 0x10, 0xFF,
    0xC0, 0x00, 0xFF, 0xC0, 0x00, 0xFF, 0x80, 0x00, 0xFF, 0x80, 0x00, 0xFF, 0x80, 0x00, 0xFF, 0x80,
    0x00, 0xFF, 0x80, 0x00, 0xFF, 0x80, 0x00, 0xFF, 0x80, 0x00, 0xFF, 0x80, 0x00, 0x00, 0x00, 0x00,
    0x40, 0x00, 0x00, 0x00, 0xBD, 0x00, 0x00, 0x00, 0xBF, 0xE0, 0x00, 0x00, 0x7F, 0xFF, 0x00, 0x00,
    0x0B, 0xFE, 0x40, 0x00, 0x00, 0x39, 0x00, 0x00, 0x00, 0x00, 0x00, 0x00, 0x00, 0x00, 0x6F, 0xF9,
    0x00, 0x00, 0x7F, 0xFF, 0xFE, 0x00, 0x1F, 0xFF, 0xFF, 0xF8, 0x03, 0xFF, 0xFF, 0xFF, 0xC0, 0xBF,
    0xE0, 0x1B, 0xF4, 0x0F, 0xFC, 0x00, 0x1D, 0x00, 0xFF, 0xC0, 0x00, 0x00, 0x0F, 0xFF, 0x40, 0x00,
    0x00, 0xBF, 0xFF, 0xE4, 0x00, 0x03, 0xFF, 0xFF, 0xF8, 0x00, 0x0F, 0xFF, 0xFF, 0xF0, 0x00, 0x2F,
    0xFF, 0xFF, 0xC0, 0x00, 0x1B, 0xFF, 0xFD, 0x00, 0x00, 0x01, 0xFF, 0xE0, 0x38, 0x00, 0x03, 0xFE,
    0x0B, 0xE0, 0x00, 0x3F, 0xE2, 0xFF, 0xE0, 0x0B, 0xFD, 0x2F, 0xFF, 0xFF, 0xFF, 0xC0, 0xBF, 0xFF,
    0xFF, 0xF4, 0x01, 0xFF, 0xFF, 0xFC, 0x00, 0x01, 0xBF, 0xF9, 0x00, 0x00, 0x00, 0x40, 0x00, 0x00,
    0x3D, 0x00, 0x00, 0x0F, 0xF0, 0x00, 0x07, 0xFF, 0x40, 0x00, 0xFF, 0x80, 0x00, 0x0B, 0x80, 0x00,
    0x00, 0x10, 0x00, 0x00, 0x00, 0x00, 0x00, 0x00, 0xBF, 0xF4, 0x00, 0x7F, 0xFF, 0xF8, 0x0F, 0xFF,
    0xFF, 0xD2, 0xFF, 0x02, 0xF4, 0x3F, 0xF0, 0x05, 0x03, 0xFF, 0x90, 0x00, 0x2F, 0xFF, 0xE4, 0x00,
    0xFF, 0xFF, 0xF0, 0x07, 0xFF, 0xFF, 0xC0, 0x07, 0xFF, 0xFE, 0x00, 0x01, 0xFF, 0xE0, 0x20, 0x03,
    0xFE, 0x1F, 0xD0, 0x7F, 0xD3, 0xFF, 0xFF, 0xFC, 0x1F, 0xFF, 0xFF, 0x00, 0x1B, 0xFE, 0x40, 0x00,
    0x00, 0x69, 0x00, 0x00, 0x00, 0x2F, 0xF8, 0x00, 0x00, 0x0B, 0xFF, 0xE0, 0x00, 0x03, 0xFF, 0xFF,
    0xC0, 0x00, 0x3F, 0x41, 0xFC, 0x00, 0x00, 0x40, 0x01, 0x40, 0x00, 0x00, 0x00, 0x00, 0x00, 0x00,
    0x6F, 0xF9, 0x00, 0x00, 0x7F, 0xFF, 0xFE, 0x00, 0x1F, 0xFF, 0xFF, 0xF8, 0x03, 0xFF, 0xFF, 0xFF,
    0xC0, 0xBF, 0xE0, 0x1B, 0xF4, 0x0F, 0xFC, 0x00, 0x1D, 0x00, 0xFF, 0xC0, 0x00, 0x00, 0x0F, 0xFF,
    0x40, 0x00, 0x00, 0xBF, 0xFF, 0xE4, 0x00, 0x03, 0xFF, 0xFF, 0xF8, 0x00, 0x0F, 0xFF, 0xFF, 0xF0,
    0x00, 0x2F, 0xFF, 0xFF, 0xC0, 0x00, 0x1B, 0xFF, 0xFD, 0x00, 0x00, 0x01, 0xFF, 0xE0, 0x38, 0x00,
    0x03, 0xFE, 0x0B, 0xE0, 0x00, 0x3F, 0xE2, 0xFF, 0xE0, 0x0B, 0xFD, 0x2F, 0xFF, 0xFF, 0xFF, 0xC0,
    0xBF, 0xFF, 0xFF, 0xF4, 0x01, 0xFF, 0xFF, 0xFC, 0x00, 0x01, 0xBF, 0xF9, 0x00, 0x00, 0x0A, 0x40,
    0x00, 0x07, 0xFE, 0x00, 0x01, 0xFF, 0xF8, 0x00, 0xBF, 0xAF, 0xF0, 0x0F, 0xD0, 0x3F, 0x40, 0x20,
    0x00, 0x90, 0x00, 0x00, 0x00, 0x00, 0x00, 0x00, 0x00, 0x00, 0xBF, 0xF4, 0x00, 0x7F, 0xFF, 0xF8,
    0x0F, 0xFF, 0xFF, 0xD2, 0xFF, 0x02, 0xF4, 0x3F, 0xF0, 0x05, 0x03, 0xFF, 0x90, 0x00, 0x2F, 0xFF,
    0xE4, 0x00, 0xFF, 0xFF, 0xF0, 0x07, 0xFF, 0xFF, 0xC0, 0x07, 0xFF, 0xFE, 0x00, 0x01, 0xFF, 0xE0,
    0x20, 0x03, 0xFE, 0x1F, 0xD0, 0x7F, 0xD3, 0xFF, 0xFF, 0xFC, 0x1F, 0xFF, 0xFF, 0x00, 0x1B, 0xFE,
    0x40, 0x00, 0x06, 0xFF, 0x90, 0x00, 0x07, 0xFF, 0xFF, 0xE0, 0x02, 0xFF, 0xFF, 0xFF, 0x80, 0x7F,
    0xFF, 0xFF, 0xFC, 0x0B, 0xFE, 0x01, 0xFF, 0x00, 0xFF, 0xC0, 0x02, 0xC0, 0x0F, 0xFC, 0x00, 0x00,
    0x00, 0xFF, 0xF4, 0x00, 0x00, 0x0B, 0xFF, 0xFE, 0x40, 0x00, 0x3F, 0xFF, 0xFF, 0x80, 0x00, 0xFF,
    0xFF, 0xFF, 0x00, 0x01, 0xFF, 0xFF, 0xFC, 0x00, 0x00, 0x6F, 0xFF, 0xD0, 0x00, 0x00, 0x1F, 0xFE,
    0x03, 0x80, 0x00, 0x3F, 0xE0, 0xFE, 0x00, 0x03, 0xFE, 0x2F, 0xFE, 0x41, 0xFF, 0xD2, 0xFF, 0xFF,
    0xFF, 0xFC, 0x0B, 0xFF, 0xFF, 0xFF, 0x40, 0x1F, 0xFF, 0xFF, 0xC0, 0x00, 0x1B, 0xFF, 0x90, 0x00,
    0x00, 0x0B, 0xC0, 0x00, 0x00, 0x01, 0xFE, 0x00, 0x00, 0x00, 0x1B, 0xF8, 0x00, 0x00, 0x00, 0x0F,
    0xC0, 0x00, 0x00, 0x07, 0xFC, 0x00, 0x00, 0x03, 0xFF, 0x40, 0x00, 0x00, 0x3F, 0x80, 0x00, 0x00,
    0xBF, 0xF8, 0x00, 0x7F, 0xFF, 0xF8, 0x1F, 0xFF, 0xFF, 0xD3, 0xFF, 0x01, 0xF8, 0x3F, 0xF0, 0x02,
    0x03, 0xFF, 0x90, 0x00, 0x2F, 0xFF, 0xE4, 0x00, 0xFF, 0xFF, 0xF0, 0x02, 0xFF, 0xFF, 0xC0, 0x01,
    0xFF, 0xFE, 0x00, 0x00, 0xBF, 0xE0, 0x74, 0x03, 0xFE, 0x2F, 0xF9, 0xFF, 0xD3, 0xFF, 0xFF, 0xFC,
    0x1F, 0xFF, 0xFF, 0x00, 0x1B, 0xFE, 0x40, 0x00, 0x1E, 0x00, 0x00, 0x03, 0xFD, 0x00, 0x00, 0x2F,
    0xF8, 0x00, 0x00, 0x3F, 0xC0, 0x00, 0x1B, 0xFC, 0x00, 0x0B, 0xFF, 0x00, 0x00, 0xBE, 0x40, 0x00,
    0x00, 0x04, 0x00, 0x10, 0x00, 0x03, 0xF4, 0x1F, 0xC0, 0x00, 0x3F, 0xFF, 0xFC, 0x00, 0x00, 0xBF,
    0xFF, 0x00, 0x00, 0x02, 0xFF, 0x80, 0x00, 0x00, 0x06, 0x90, 0x00, 0x00, 0x00, 0x00, 0x00, 0x00,
    0x00, 0x6F, 0xF9, 0x00, 0x00, 0x7F, 0xFF, 0xFE, 0x00, 0x1F, 0xFF, 0xFF, 0xF8, 0x03, 0xFF, 0xFF,
    0xFF, 0xC0, 0xBF, 0xE0, 0x1B, 0xF4, 0x0F, 0xFC, 0x00, 0x1D, 0x00, 0xFF, 0xC0, 0x00, 0x00, 0x0F,
    0xFF, 0x40, 0x00, 0x00, 0xBF, 0xFF, 0xE4, 0x00, 0x03, 0xFF, 0xFF, 0xF8, 0x00, 0x0F, 0xFF, 0xFF,
    0xF0, 0x00, 0x2F, 0xFF, 0xFF, 0xC0, 0x00, 0x1B, 0xFF, 0xFD, 0x00, 0x00, 0x01, 0xFF, 0xE0, 0x38,
    0x00, 0x03, 0xFE, 0x0B, 0xE0, 0x00, 0x3F, 0xE2, 0xFF, 0xE0, 0x0B, 0xFD, 0x2F, 0xFF, 0xFF, 0xFF,
    0xC0, 0xBF, 0xFF, 0xFF, 0xF4, 0x01, 0xFF, 0xFF, 0xFC, 0x00, 0x01, 0xBF, 0xF9, 0x00, 0x01, 0x00,
    0x04, 0x00, 0xBD, 0x02, 0xF0, 0x0B, 0xF9, 0xFF, 0x00, 0x2F, 0xFF, 0xC0, 0x00, 0xBF, 0xF0, 0x00,
    0x02, 0xFC, 0x00, 0x00, 0x00, 0x00, 0x00, 0x00, 0x00, 0x00, 0x00, 0xBF, 0xF4, 0x00, 0x7F, 0xFF,
    0xF8, 0x0F, 0xFF, 0xFF, 0xD2, 0xFF, 0x02, 0xF4, 0x3F, 0xF0, 0x05, 0x03, 0xFF, 0x90, 0x00, 0x2F,
    0xFF, 0xE4, 0x00, 0xFF, 0xFF, 0xF0, 0x07, 0xFF, 0xFF, 0xC0, 0x07, 0xFF, 0xFE, 0x00, 0x01, 0xFF,
    0xE0, 0x20, 0x03, 0xFE, 0x1F, 0xD0, 0x7F, 0xD3, 0xFF, 0xFF, 0xFC, 0x1F, 0xFF, 0xFF, 0x00, 0x1B,
    0xFE, 0x40, 0xFF, 0xFF, 0xFF, 0xFF, 0xFF, 0xFF, 0xFF, 0xFF, 0xFF, 0xFF, 0xFF, 0xFF, 0xFF, 0xFF,
    0xFF, 0xFF, 0xFF, 0x00, 0x0B, 0xFC, 0x00, 0x00, 0x02, 0xFF, 0x00, 0x00, 0x00, 0xBF, 0xC0, 0x00,
    0x00, 0x2F, 0xF0, 0x00, 0x00, 0x0B, 0xFC, 0x00, 0x00, 0x02, 0xFF, 0x00, 0x00, 0x00, 0xBF, 0xC0,
    0x00, 0x00, 0x2F, 0xF0, 0x00, 0x00, 0x0B, 0xFC, 0x00, 0x00, 0x02, 0xFF, 0x00, 0x00, 0x00, 0xBF,
    0xC0, 0x00, 0x00, 0x2F, 0xF0, 0x00, 0x00, 0x0B, 0xFC, 0x00, 0x00, 0x02, 0xFF, 0x00, 0x00, 0x00,
    0xBF, 0xC0, 0x00, 0x00, 0x2F, 0xF0, 0x00, 0x00, 0x0B, 0xFC, 0x00, 0x00, 0x00, 0xB8, 0x00, 0x00,
    0x00, 0x7F, 0x40, 0x00, 0x00, 0x3F, 0xF8, 0x00, 0x00, 0x00, 0x7F, 0x00, 0x00, 0x00, 0x6F, 0xC0,
    0x00, 0x01, 0xFF, 0xD0, 0x00, 0x00, 0x3F, 0x80, 0x00, 0x00, 0x00, 0x00, 0x00, 0x00, 0x02, 0xA9,
    0x00, 0x0F, 0xF8, 0x00, 0x3F, 0xE0, 0x00, 0xFF, 0x80, 0xBF, 0xFF, 0xFA, 0xFF, 0xFF, 0xEB, 0xFF,
    0xFF, 0xAF, 0xFF, 0xFE, 0x03, 0xFE, 0x00, 0x0F, 0xF8, 0x00, 0x3F, 0xE0, 0x00, 0xFF, 0x80, 0x03,
    0xFE, 0x00, 0x0F, 0xF8, 0x00, 0x3F, 0xE0, 0x00, 0xFF, 0x80, 0x03, 0xFE, 0x00, 0x0F, 0xF8, 0x00,
    0x3F, 0xE0, 0x00, 0xFF, 0x80, 0x01, 0xF0, 0x00, 0x0F, 0xE0, 0x00, 0x3F, 0xF4, 0x00, 0x0F, 0xF0,
    0x00, 0xBF, 0xC0, 0x2F, 0xFD, 0x00, 0x7F, 0x80, 0x00, 0x00, 0x00, 0x00, 0x00, 0x00, 0x00, 0x00,
    0x2D, 0x00, 0xB0, 0x00, 0x1F, 0xF6, 0xFE, 0x00, 0x01, 0xFF, 0xFE, 0x00, 0x00, 0x0F, 0xFD, 0x00,
    0x00, 0x00, 0x68, 0x00, 0x00, 0x00, 0x00, 0x00, 0x03, 0xFF, 0xFF, 0xFF, 0xFF, 0xFF, 0xFF, 0xFF,
    0xFF, 0xFF, 0xFF, 0xFF, 0xFF, 0xFF, 0xFF, 0xFF, 0xFF, 0xFC, 0x00, 0x2F, 0xF0, 0x00, 0x00, 0x0B,
    0xFC, 0x00, 0x00, 0x02, 0xFF, 0x00, 0x00, 0x00, 0xBF, 0xC0, 0x00, 0x00, 0x2F, 0xF0, 0x00, 0x00,
    0x0B, 0xFC, 0x00, 0x00, 0x02, 0xFF, 0x00, 0x00, 0x00, 0xBF, 0xC0, 0x00, 0x00, 0x2F, 0xF0, 0x00,
    0x00, 0x0B, 0xFC, 0x00, 0x00, 0x02, 0xFF, 0x00, 0x00, 0x00, 0xBF, 0xC0, 0x00, 0x00, 0x2F, 0xF0,
    0x00, 0x00, 0x0B, 0xFC, 0x00, 0x00, 0x02, 0xFF, 0x00, 0x00, 0x00, 0xBF, 0xC0, 0x00, 0x00, 0x2F,
    0xF0, 0x00, 0x00, 0x00, 0x05, 0x00, 0x00, 0x01, 0xFD, 0x00, 0x00, 0x2F, 0xF0, 0x00, 0x01, 0xFF,
    0x00, 0x00, 0x07, 0xF0, 0x2A, 0x90, 0xBD, 0x03, 0xFE, 0x2F, 0x80, 0x3F, 0xE1, 0xD0, 0x03, 0xFE,
    0x00, 0x0B, 0xFF, 0xFF, 0xC0, 0xBF, 0xFF, 0xFC, 0x0B, 0xFF, 0xFF, 0xC0, 0xBF, 0xFF, 0xFC, 0x00,
    0x3F, 0xE0, 0x00, 0x03, 0xFE, 0x00, 0x00, 0x3F, 0xE0, 0x00, 0x03, 0xFE, 0x00, 0x00, 0x3F, 0xE0,
    0x00, 0x03, 0xFE, 0x00, 0x00, 0x3F, 0xE0, 0x00, 0x03, 0xFE, 0x00, 0x00, 0x3F, 0xE0, 0x00, 0x03,
    0xFE, 0x00, 0x00, 0x3F, 0xE0, 0x00, 0x03, 0xFE, 0x00, 0x00, 0xFF, 0xFF, 0xFF, 0xFF, 0xFF, 0xFF,
    0xFF, 0xFF, 0xFF, 0xFF, 0xFF, 0xFF, 0xFF, 0xFF, 0xFF, 0xFF, 0xFF, 0x00, 0x0B, 0xFC, 0x00, 0x00,
    0x02, 0xFF, 0x00, 0x00, 0x00, 0xBF, 0xC0, 0x00, 0x00, 0x2F, 0xF0, 0x00, 0x00, 0x0B, 0xFC, 0x00,
    0x00, 0x3F, 0xFF, 0xF4, 0x00, 0x0F, 0xFF, 0xFD, 0x00, 0x03, 0xFF, 0xFF, 0x40, 0x00, 0xFF, 0xFF,
    0xD0, 0x00, 0x02, 0xFF, 0x00, 0x00, 0x00, 0xBF, 0xC0, 0x00, 0x00, 0x2F, 0xF0, 0x00, 0x00, 0x0B,
    0xFC, 0x00, 0x00, 0x02, 0xFF, 0x00, 0x00, 0x00, 0xBF, 0xC0, 0x00, 0x00, 0x2F, 0xF0, 0x00, 0x00,
    0x0B, 0xFC, 0x00, 0x00, 0x02, 0xA9, 0x00, 0x0F, 0xF8, 0x00, 0x3F, 0xE0, 0x00, 0xFF, 0x80, 0xBF,
    0xFF, 0xFA, 0xFF, 0xFF, 0xEB, 0xFF, 0xFF, 0xAF, 0xFF, 0xFE, 0x03, 0xFE, 0x00, 0x0F, 0xF8, 0x03,
    0xFF, 0xFF, 0x0F, 0xFF, 0xFC, 0x3F, 0xFF, 0xF0, 0xFF, 0xFF, 0xC0, 0x3F, 0xE0, 0x00, 0xFF, 0x80,
    0x03, 0xFE, 0x00, 0x0F, 0xF8, 0x00, 0x3F, 0xE0, 0x00, 0xFF, 0x80, 0x00, 0x00, 0x00, 0x00, 0x00,
    0x07, 0xFD, 0x1F, 0x80, 0x01, 0xFF, 0xFF, 0xF4, 0x00, 0x3F, 0xFF, 0xFF, 0x00, 0x03, 0xF0, 0x6F,
    0x80, 0x00, 0x00, 0x00, 0x00, 0x00, 0x00, 0x00, 0x00, 0x00, 0x0F, 0xF8, 0x00, 0x03, 0xFE, 0xFF,
    0x80, 0x00, 0x3F, 0xEF, 0xF8, 0x00, 0x03, 0xFE, 0xFF, 0x80, 0x00, 0x3F, 0xEF, 0xF8, 0x00, 0x03,
    0xFE, 0xFF, 0x80, 0x00, 0x3F, 0xEF, 0xF8, 0x00, 0x03, 0xFE, 0xFF, 0x80, 0x00, 0x3F, 0xEF, 0xF8,
    0x00, 0x03, 0xFE, 0xFF, 0x80, 0x00, 0x3F, 0xEF, 0xF8, 0x00, 0x03, 0xFE, 0xFF, 0x80, 0x00, 0x3F,
    0xEF, 0xF8, 0x00, 0x03, 0xFE, 0xFF, 0xC0, 0x00, 0x3F, 0xEF, 0xFC, 0x00, 0x07, 0xFE, 0xBF, 0xE0,
    0x00, 0xFF, 0xD3, 0xFF, 0x90, 0x7F, 0xFC, 0x2F, 0xFF, 0xFF, 0xFF, 0x40, 0xBF, 0xFF, 0xFF, 0xD0,
    0x01, 0xFF, 0xFF, 0xF4, 0x00, 0x01, 0xBF, 0xE4, 0x00, 0x00, 0xF8, 0x0A, 0x40, 0x0F, 0xFC, 0x7E,
    0x00, 0xBF, 0xFF, 0xF4, 0x02, 0xF1, 0xFF, 0xC0, 0x06, 0x80, 0xFC, 0x00, 0x00, 0x00, 0x00, 0x00,
    0x00, 0x00, 0x00, 0x3F, 0xE0, 0x03, 0xFE, 0xFF, 0x80, 0x0F, 0xFB, 0xFE, 0x00, 0x3F, 0xEF, 0xF8,
    0x00, 0xFF, 0xBF, 0xE0, 0x03, 0xFE, 0xFF, 0x80, 0x0F, 0xFB, 0xFE, 0x00, 0x3F, 0xEF, 0xF8, 0x00,
    0xFF, 0xBF, 0xE0, 0x03, 0xFE, 0xFF, 0xC0, 0x0F, 0xFB, 0xFF, 0x00, 0x7F, 0xEF, 0xFE, 0x07, 0xFF,
    0xAF, 0xFF, 0xFF, 0xFE, 0x3F, 0xFF, 0xFF, 0xF8, 0x7F, 0xFF, 0x7F, 0xE0, 0x2F, 0xE0, 0xFF, 0x80,
    0x00, 0xFF, 0xFF, 0xF0, 0x00, 0x0F, 0xFF, 0xFF, 0x00, 0x00, 0xFF, 0xFF, 0xF0, 0x00, 0x00, 0x00,
    0x00, 0x00, 0x00, 0x00, 0x00, 0x00, 0x0F, 0xF8, 0x00, 0x03, 0xFE, 0xFF, 0x80, 0x00, 0x3F, 0xEF,
    0xF8, 0x00, 0x03, 0xFE, 0xFF, 0x80, 0x00, 0x3F, 0xEF, 0xF8, 0x00, 0x03, 0xFE, 0xFF, 0x80, 0x00,
    0x3F, 0xEF, 0xF8, 0x00, 0x03, 0xFE, 0xFF, 0x80, 0x00, 0x3F, 0xEF, 0xF8, 0x00, 0x03, 0xFE, 0xFF,
    0x80, 0x00, 0x3F, 0xEF, 0xF8, 0x00, 0x03, 0xFE, 0xFF, 0x80, 0x00, 0x3F, 0xEF, 0xF8, 0x00, 0x03,
    0xFE, 0xFF, 0xC0, 0x00, 0x3F, 0xEF, 0xFC, 0x00, 0x07, 0xFE, 0xBF, 0xE0, 0x00, 0xFF, 0xD3, 0xFF,
    0x90, 0x7F, 0xFC, 0x2F, 0xFF, 0xFF, 0xFF, 0x40, 0xBF, 0xFF, 0xFF, 0xD0, 0x01, 0xFF, 0xFF, 0xF4,
    0x00, 0x01, 0xBF, 0xE4, 0x00, 0x0F, 0xFF, 0xFF, 0x00, 0x3F, 0xFF, 0xFC, 0x00, 0xFF, 0xFF, 0xF0,
    0x00, 0x00, 0x00, 0x00, 0x00, 0x00, 0x00, 0x00, 0x00, 0x00, 0x00, 0x0F, 0xF8, 0x00, 0xFF, 0xBF,
    0xE0, 0x03, 0xFE, 0xFF, 0x80, 0x0F, 0xFB, 0xFE, 0x00, 0x3F, 0xEF, 0xF8, 0x00, 0xFF, 0xBF, 0xE0,
    0x03, 0xFE, 0xFF, 0x80, 0x0F, 0xFB, 0xFE, 0x00, 0x3F, 0xEF, 0xF8, 0x00, 0xFF, 0xBF, 0xF0, 0x03,
    0xFE, 0xFF, 0xC0, 0x1F, 0xFB, 0xFF, 0x81, 0xFF, 0xEB, 0xFF, 0xFF, 0xFF, 0x8F, 0xFF, 0xFF, 0xFE,
    0x1F, 0xFF, 0xDF, 0xF8, 0x0B, 0xF8, 0x3F, 0xE0, 0x01, 0xA4, 0x02, 0xA0, 0x00, 0x1F, 0xD0, 0xBF,
    0x00, 0x00, 0xFF, 0xFF, 0xE0, 0x00, 0x03, 0xFF, 0xF8, 0x00, 0x00, 0x0B, 0xFD, 0x00, 0x00, 0x00,
    0x00, 0x00, 0x00, 0x00, 0x00, 0x00, 0x00, 0x0F, 0xF8, 0x00, 0x03, 0xFE, 0xFF, 0x80, 0x00, 0x3F,
    0xEF, 0xF8, 0x00, 0x03, 0xFE, 0xFF, 0x80, 0x00, 0x3F, 0xEF, 0xF8, 0x00, 0x03, 0xFE, 0xFF, 0x80,
    0x00, 0x3F, 0xEF, 0xF8, 0x00, 0x03, 0xFE, 0xFF, 0x80, 0x00, 0x3F, 0xEF, 0xF8, 0x00, 0x03, 0xFE,
    0xFF, 0x80, 0x00, 0x3F, 0xEF, 0xF8, 0x00, 0x03, 0xFE, 0xFF, 0x80, 0x00, 0x3F, 0xEF, 0xF8, 0x00,
    0x03, 0xFE, 0xFF, 0xC0, 0x00, 0x3F, 0xEF, 0xFC, 0x00, 0x07, 0xFE, 0xBF, 0xE0, 0x00, 0xFF, 0xD3,
    0xFF, 0x90, 0x7F, 0xFC, 0x2F, 0xFF, 0xFF, 0xFF, 0x40, 0xBF, 0xFF, 0xFF, 0xD0, 0x01, 0xFF, 0xFF,
    0xF4, 0x00, 0x01, 0xBF, 0xE4, 0x00, 0x07, 0xD0, 0x2F, 0x40, 0x1F, 0xD1, 0xFD, 0x00, 0x3F, 0xFF,
    0xF0, 0x00, 0x3F, 0xFF, 0x00, 0x00, 0x2F, 0xE0, 0x00, 0x00, 0x00, 0x00, 0x00, 0x00, 0x00, 0x00,
    0x3F, 0xE0, 0x03, 0xFE, 0xFF, 0x80, 0x0F, 0xFB, 0xFE, 0x00, 0x3F, 0xEF, 0xF8, 0x00, 0xFF, 0xBF,
    0xE0, 0x03, 0xFE, 0xFF, 0x80, 0x0F, 0xFB, 0xFE, 0x00, 0x3F, 0xEF, 0xF8, 0x00, 0xFF, 0xBF, 0xE0,
    0x03, 0xFE, 0xFF, 0xC0, 0x0F, 0xFB, 0xFF, 0x00, 0x7F, 0xEF, 0xFE, 0x07, 0xFF, 0xAF, 0xFF, 0xFF,
    0xFE, 0x3F, 0xFF, 0xFF, 0xF8, 0x7F, 0xFF, 0x7F, 0xE0, 0x2F, 0xE0, 0xFF, 0x80, 0x00, 0x02, 0xF4,
    0x00, 0x00, 0x00, 0xFF, 0xF0, 0x00, 0x00, 0x2F, 0xFF, 0x40, 0x00, 0x03, 0xF1, 0xFC, 0x00, 0x00,
    0x3F, 0x0F, 0xC0, 0x00, 0x02, 0xF5, 0xF8, 0x00, 0x00, 0x0F, 0xFF, 0x00, 0x0F, 0xFC, 0x2F, 0x83,
    0xFE, 0xFF, 0xC0, 0x00, 0x3F, 0xEF, 0xFC, 0x00, 0x03, 0xFE, 0xFF, 0xC0, 0x00, 0x3F, 0xEF, 0xFC,
    0x00, 0x03, 0xFE, 0xFF, 0xC0, 0x00, 0x3F, 0xEF, 0xFC, 0x00, 0x03, 0xFE, 0xFF, 0xC0, 0x00, 0x3F,
    0xEF, 0xFC, 0x00, 0x03, 0xFE, 0xFF, 0xC0, 0x00, 0x3F, 0xEF, 0xFC, 0x00, 0x03, 0xFE, 0xFF, 0xC0,
    0x00, 0x3F, 0xEF, 0xFC, 0x00, 0x03, 0xFE, 0xFF, 0xC0, 0x00, 0x3F, 0xEF, 0xFD, 0x00, 0x07, 0xFE,
    0xBF, 0xF0, 0x00, 0xFF, 0xD3, 0xFF, 0xD0, 0x7F, 0xFC, 0x2F, 0xFF, 0xFF, 0xFF, 0x40, 0xBF, 0xFF,
    0xFF, 0xD0, 0x01, 0xFF, 0xFF, 0xF4, 0x00, 0x01, 0xBF, 0xE4, 0x00, 0x00, 0x1F, 0xD0, 0x00, 0x01,
    0xFF, 0xD0, 0x00, 0x0F, 0x8B, 0xC0, 0x00, 0x3D, 0x1F, 0x00, 0x00, 0xBF, 0xF8, 0x00, 0x00, 0xBF,
    0x80, 0x00, 0x00, 0x00, 0x00, 0x00, 0x00, 0x00, 0x00, 0x00, 0x00, 0x00, 0x03, 0xFE, 0x00, 0x3F,
    0xEF, 0xF8, 0x00, 0xFF, 0xBF, 0xE0, 0x03, 0xFE, 0xFF, 0x80, 0x0F, 0xFB, 0xFE, 0x00, 0x3F, 0xEF,
    0xF8, 0x00, 0xFF, 0xBF, 0xE0, 0x03, 0xFE, 0xFF, 0x80, 0x0F, 0xFB, 0xFE, 0x00, 0x3F, 0xEF, 0xFC,
    0x00, 0xFF, 0xBF, 0xF0, 0x07, 0xFE, 0xFF, 0xE0, 0x7F, 0xFA, 0xFF, 0xFF, 0xFF, 0xE3, 0xFF, 0xFF,
    0xFF, 0x87, 0xFF, 0xF7, 0xFE, 0x02, 0xFE, 0x0F, 0xF8, 0x00, 0x01, 0x40, 0x05, 0x00, 0x00, 0x7C,
    0x01, 0xF0, 0x00, 0x2F, 0xF0, 0xBF, 0xC0, 0x0B, 0xFE, 0x2F, 0xF8, 0x01, 0xFF, 0x47, 0xFD, 0x00,
    0x0B, 0x80, 0x3E, 0x00, 0x00, 0x00, 0x00, 0x00, 0x00, 0x00, 0x00, 0x00, 0x00, 0xFF, 0x80, 0x00,
    0x3F, 0xEF, 0xF8, 0x00, 0x03, 0xFE, 0xFF, 0x80, 0x00, 0x3F, 0xEF, 0xF8, 0x00, 0x03, 0xFE, 0xFF,
    0x80, 0x00, 0x3F, 0xEF, 0xF8, 0x00, 0x03, 0xFE, 0xFF, 0x80, 0x00, 0x3F, 0xEF, 0xF8, 0x00, 0x03,
    0xFE, 0xFF, 0x80, 0x00, 0x3F, 0xEF, 0xF8, 0x00, 0x03, 0xFE, 0xFF, 0x80, 0x00, 0x3F, 0xEF, 0xF8,
    0x00, 0x03, 0xFE, 0xFF, 0x80, 0x00, 0x3F, 0xEF, 0xFC, 0x00, 0x03, 0xFE, 0xFF, 0xC0, 0x00, 0x7F,
    0xEB, 0xFE, 0x00, 0x0F, 0xFD, 0x3F, 0xF9, 0x07, 0xFF, 0xC2, 0xFF, 0xFF, 0xFF, 0xF4, 0x0B, 0xFF,
    0xFF, 0xFD, 0x00, 0x1F, 0xFF, 0xFF, 0x40, 0x00, 0x1B, 0xFE, 0x40, 0x00, 0x00, 0x00, 0x00, 0x00,
    0x02, 0xC0, 0x1C, 0x00, 0x1F, 0xC0, 0xFC, 0x00, 0xFF, 0x4F, 0xF8, 0x0F, 0xF4, 0xFF, 0x80, 0xBF,
    0x0B, 0xF4, 0x01, 0xF0, 0x0E, 0x00, 0x00, 0x00, 0x00, 0x00, 0x00, 0x00, 0x00, 0x03, 0xFE, 0x00,
    0x3F, 0xEF, 0xF8, 0x00, 0xFF, 0xBF, 0xE0, 0x03, 0xFE, 0xFF, 0x80, 0x0F, 0xFB, 0xFE, 0x00, 0x3F,
    0xEF, 0xF8, 0x00, 0xFF, 0xBF, 0xE0, 0x03, 0xFE, 0xFF, 0x80, 0x0F, 0xFB, 0xFE, 0x00, 0x3F, 0xEF,
    0xFC, 0x00, 0xFF, 0xBF, 0xF0, 0x07, 0xFE, 0xFF, 0xE0, 0x7F, 0xFA, 0xFF, 0xFF, 0xFF, 0xE3, 0xFF,
    0xFF, 0xFF, 0x87, 0xFF, 0xF7, 0xFE, 0x02, 0xFE, 0x0F, 0xF8, 0xFF, 0x80, 0x00, 0x3F, 0xEF, 0xF8,
    0x00, 0x03, 0xFE, 0xFF, 0x80, 0x00, 0x3F, 0xEF, 0xF8, 0x00, 0x03, 0xFE, 0xFF, 0x80, 0x00, 0x3F,
    0xEF, 0xF8, 0x00, 0x03, 0xFE, 0xFF, 0x80, 0x00, 0x3F, 0xEF, 0xF8, 0x00, 0x03, 0xFE, 0xFF, 0x80,
    0x00, 0x3F, 0xEF, 0xF8, 0x00, 0x03, 0xFE, 0xFF, 0x80, 0x00, 0x3F, 0xEF, 0xF8, 0x00, 0x03, 0xFE,
    0xFF, 0x80, 0x00, 0x3F, 0xEF, 0xFC, 0x00, 0x03, 0xFE, 0xFF, 0xC0, 0x00, 0x7F, 0xEB, 0xFE, 0x00,
    0x0F, 0xFD, 0x3F, 0xF9, 0x07, 0xFF, 0xC2, 0xFF, 0xFF, 0xFF, 0xF4, 0x0B, 0xFF, 0xFF, 0xFD, 0x00,
    0x1F, 0xFF, 0xFF, 0x40, 0x00, 0x1B, 0xFF, 0xC0, 0x00, 0x00, 0x03, 0xE0, 0x00, 0x00, 0x00, 0xBC,
    0x00, 0x00, 0x00, 0x0F, 0xC5, 0x00, 0x00, 0x00, 0xFF, 0xF4, 0x00, 0x00, 0x0B, 0xFF, 0x40, 0x00,
    0x00, 0x1F, 0xD0, 0x00, 0xFF, 0x80, 0x0F, 0xFB, 0xFE, 0x00, 0x3F, 0xEF, 0xF8, 0x00, 0xFF, 0xBF,
    0xE0, 0x03, 0xFE, 0xFF, 0x80, 0x0F, 0xFB, 0xFE, 0x00, 0x3F, 0xEF, 0xF8, 0x00, 0xFF, 0xBF, 0xE0,
    0x03, 0xFE, 0xFF, 0x80, 0x0F, 0xFB, 0xFF, 0x00, 0x3F, 0xEF, 0xFC, 0x01, 0xFF, 0xBF, 0xF8, 0x1F,
    0xFE, 0xBF, 0xFF, 0xFF, 0xF8, 0xFF, 0xFF, 0xFF, 0xE1, 0xFF, 0xFD, 0xFF, 0x80, 0xBF, 0x83, 0xFE,
    0x00, 0x00, 0x3F, 0x80, 0x00, 0x02, 0xF4, 0x00, 0x00, 0x0F, 0xC4, 0x00, 0x00, 0x3F, 0xFD, 0x00,
    0x00, 0x7F, 0xF4, 0x00, 0x00, 0x7F, 0x40, 0x00, 0x00, 0x00, 0x2F, 0xD0, 0x00, 0x00, 0x00, 0x00,
    0x00, 0x0F, 0xFF, 0x80, 0x00, 0x00, 0x00, 0x00, 0x07, 0xFF, 0xFF, 0x00, 0x00, 0x00, 0x00, 0x00,
    0x7E, 0x06, 0xF0, 0x00, 0x00, 0x00, 0x00, 0x01, 0x00, 0x00, 0x00, 0x00, 0x00, 0x00, 0x00, 0x00,
    0x00, 0x00, 0x00, 0x00, 0x3F, 0xF0, 0x00, 0x00, 0x00, 0x00, 0x7F, 0xD2, 0xFF, 0x40, 0x00, 0x00,
    0x00, 0x0B, 0xFC, 0x1F, 0xF8, 0x00, 0x05, 0x40, 0x00, 0xFF, 0xC0, 0xFF, 0xC0, 0x03, 0xFE, 0x00,
    0x1F, 0xF8, 0x0F, 0xFC, 0x00, 0x7F, 0xF0, 0x02, 0xFF, 0x40, 0x7F, 0xD0, 0x0B, 0xFF, 0x40, 0x3F,
    0xF0, 0x03, 0xFF, 0x00, 0xFF, 0xF8, 0x03, 0xFE, 0x00, 0x3F, 0xF0, 0x1F, 0xFF, 0xC0, 0x7F, 0xD0,
    0x02, 0xFF, 0x42, 0xFF, 0xFD, 0x0B, 0xFC, 0x00, 0x1F, 0xF8, 0x3F, 0xFF, 0xF0, 0xFF, 0xC0, 0x00,
    0xFF, 0xC7, 0xFD, 0xFF, 0x0F, 0xF8, 0x00, 0x0B, 0xFC, 0xFF, 0x4F, 0xF5, 0xFF, 0x40, 0x00, 0x7F,
    0xDF, 0xF0, 0xBF, 0xEF, 0xF0, 0x00, 0x03, 0xFF, 0xFF, 0x07, 0xFF, 0xFE, 0x00, 0x00, 0x3F, 0xFF,
    0xD0, 0x3F, 0xFF, 0xD0, 0x00, 0x02, 0xFF, 0xFC, 0x01, 0xFF, 0xFC, 0x00, 0x00, 0x1F, 0xFF, 0x80,
    0x0F, 0xFF, 0xC0, 0x00, 0x00, 0xFF, 0xF4, 0x00, 0xBF, 0xF8, 0x00, 0x00, 0x0B, 0xFF, 0x00, 0x07,
    0xFF, 0x00, 0x00, 0x00, 0x7F, 0xE0, 0x00, 0x3F, 0xF0, 0x00, 0x00, 0x03, 0xFC, 0x00, 0x01, 0xFE,
    0x00, 0x00, 0x00, 0x00, 0x0F, 0xF4, 0x00, 0x00, 0x00, 0x00, 0x7F, 0xFE, 0x00, 0x00, 0x00, 0x02,
    0xFE, 0xBF, 0xC0, 0x00, 0x00, 0x03, 0xF4, 0x0B, 0xD0, 0x00, 0x00, 0x00, 0x40, 0x01, 0x40, 0x00,
    0x00, 0x00, 0x00, 0x00, 0x00, 0x00, 0x00, 0x00, 0x00, 0x00, 0x00, 0x00, 0x7F, 0xD0, 0x00, 0x00,
    0x03, 0xFF, 0x3F, 0xE0, 0x00, 0x00, 0x07, 0xFD, 0x3F, 0xF0, 0x07, 0xE0, 0x0B, 0xFC, 0x2F, 0xF0,
    0x0F, 0xF0, 0x0F, 0xFC, 0x0F, 0xF8, 0x0F, 0xF4, 0x0F, 0xF8, 0x0F, 0xFC, 0x2F, 0xFC, 0x1F, 0xF0,
    0x0B, 0xFC, 0x3F, 0xFD, 0x2F, 0xF0, 0x07, 0xFD, 0x7F, 0xFE, 0x3F, 0xE0, 0x03, 0xFE, 0xFF, 0xBF,
    0x7F, 0xC0, 0x02, 0xFF, 0xFD, 0x7F, 0xFF, 0xC0, 0x01, 0xFF, 0xFC, 0x3F, 0xFF, 0x80, 0x00, 0xFF,
    0xF8, 0x2F, 0xFF, 0x00, 0x00, 0xBF, 0xF4, 0x0F, 0xFF, 0x00, 0x00, 0x7F, 0xF0, 0x0B, 0xFE, 0x00,
    0x00, 0x3F, 0xD0, 0x07, 0xFC, 0x00, 0x00, 0x2F, 0xC0, 0x03, 0xFC, 0x00, 0x00, 0x00, 0x2F, 0xC0,
    0x00, 0x00, 0x00, 0x0F, 0xFF, 0x00, 0x00, 0x00, 0x03, 0xFF, 0xFD, 0x00, 0x00, 0x00, 0xFF, 0x5F,
    0xF0, 0x00, 0x00, 0x03, 0x40, 0x08, 0x00, 0x00, 0x00, 0x00, 0x00, 0x00, 0x00, 0x2F, 0xFC, 0x00,
    0x02, 0xFF, 0xC0, 0xFF, 0xD0, 0x00, 0x3F, 0xF4, 0x07, 0xFF, 0x00, 0x0B, 0xFE, 0x00, 0x3F, 0xF8,
    0x00, 0xFF, 0xC0, 0x00, 0xFF, 0xD0, 0x2F, 0xF4, 0x00, 0x07, 0xFF, 0x07, 0xFF, 0x00, 0x00, 0x3F,
    0xF8, 0xFF, 0xC0, 0x00, 0x00, 0xFF, 0xEF, 0xF8, 0x00, 0x00, 0x07, 0xFF, 0xFF, 0x00, 0x00, 0x00,
    0x3F, 0xFF, 0xD0, 0x00, 0x00, 0x00, 0xFF, 0xFC, 0x00, 0x00, 0x00, 0x0B, 0xFF, 0x00, 0x00, 0x00,
    0x00, 0x3F, 0xE0, 0x00, 0x00, 0x00, 0x03, 0xFE, 0x00, 0x00, 0x00, 0x00, 0x3F, 0xE0, 0x00, 0x00,
    0x00, 0x03, 0xFE, 0x00, 0x00, 0x00, 0x00, 0x3F, 0xE0, 0x00, 0x00, 0x00, 0x03, 0xFE, 0x00, 0x00,
    0x00, 0x00, 0x3F, 0xE0, 0x00, 0x00, 0x00, 0x03, 0xFE, 0x00, 0x00, 0x00, 0x00, 0x3F, 0xE0, 0x00,
    0x00, 0x00, 0x01, 0xFD, 0x00, 0x00, 0x00, 0x1F, 0xFD, 0x00, 0x00, 0x01, 0xFF, 0xFD, 0x00, 0x00,
    0x1F, 0xF7, 0xFD, 0x00, 0x00, 0xBD, 0x02, 0xF8, 0x00, 0x00, 0x40, 0x00, 0x80, 0x00, 0x00, 0x00,
    0x00, 0x00, 0x00, 0x00, 0x00, 0x00, 0x00, 0x3F, 0xF0, 0x00, 0x3F, 0xF0, 0xBF, 0xD0, 0x01, 0xFF,
    0x81, 0xFF, 0xC0, 0x0F, 0xFD, 0x03, 0xFF, 0x40, 0x3F, 0xF0, 0x07, 0xFE, 0x02, 0xFF, 0x40, 0x0F,
    0xFC, 0x0F, 0xFC, 0x00, 0x1F, 0xF8, 0x3F, 0xE0, 0x00, 0x3F, 0xF2, 0xFF, 0x00, 0x00, 0xBF, 0xDF,
    0xF8, 0x00, 0x00, 0xFF, 0xFF, 0xD0, 0x00, 0x02, 0xFF, 0xFF, 0x00, 0x00, 0x03, 0xFF, 0xF4, 0x00,
    0x00, 0x0B, 0xFF, 0xC0, 0x00, 0x00, 0x0F, 0xFE, 0x00, 0x00, 0x00, 0x3F, 0xF0, 0x00, 0x00, 0x00,
    0xBF, 0x80, 0x00, 0x00, 0x03, 0xFD, 0x00, 0x00, 0x00, 0x2F, 0xF0, 0x00, 0x00, 0x00, 0xFF, 0x80,
    0x00, 0x00, 0x07, 0xFC, 0x00, 0x00, 0x00, 0x3F, 0xE0, 0x00, 0x00, 0x01, 0xFF, 0x40, 0x00, 0x00,
    0x00, 0x0F, 0xC0, 0x2F, 0x00, 0x00, 0x03, 0xFE, 0x0B, 0xFC, 0x00, 0x00, 0x3F, 0xE0, 0xBF, 0xC0,
    0x00, 0x03, 0xFE, 0x0B, 0xFC, 0x00, 0x00, 0x1F, 0x80, 0x3F, 0x00, 0x00, 0x00, 0x00, 0x00, 0x00,
    0x00, 0x3F, 0xFC, 0x00, 0x02, 0xFF, 0xC0, 0xFF, 0xE0, 0x00, 0x3F, 0xF0, 0x07, 0xFF, 0x00, 0x0F,
    0xFE, 0x00, 0x2F, 0xFC, 0x01, 0xFF, 0xC0, 0x00, 0xFF, 0xE0, 0x3F, 0xF4, 0x00, 0x07, 0xFF, 0x4B,
    0xFE, 0x00, 0x00, 0x2F, 0xFD, 0xFF, 0xC0, 0x00, 0x00, 0xFF, 0xFF, 0xF4, 0x00, 0x00, 0x07, 0xFF,
    0xFF, 0x00, 0x00, 0x00, 0x2F, 0xFF, 0xC0, 0x00, 0x00, 0x00, 0xFF, 0xF8, 0x00, 0x00, 0x00, 0x03,
    0xFF, 0x00, 0x00, 0x00, 0x00, 0x3F, 0xE0, 0x00, 0x00, 0x00, 0x03, 0xFE, 0x00, 0x00, 0x00, 0x00,
    0x3F, 0xE0, 0x00, 0x00, 0x00, 0x03, 0xFE, 0x00, 0x00, 0x00, 0x00, 0x3F, 0xE0, 0x00, 0x00, 0x00,
    0x03, 0xFE, 0x00, 0x00, 0x00, 0x00, 0x3F, 0xE0, 0x00, 0x00, 0x00, 0x03, 0xFE, 0x00, 0x00, 0x00,
    0x00, 0x3F, 0xE0, 0x00, 0x00, 0x00, 0x00, 0x00, 0x00, 0x00, 0x00, 0x2C, 0x00, 0x00, 0x01, 0xFD,
    0x00, 0x00, 0x0F, 0xFF, 0x00, 0x00, 0x3F, 0xFE, 0x00, 0x00, 0x2F, 0x90, 0x00, 0x00, 0x04, 0x00,
    0x00, 0x00, 0x00, 0x00, 0x00, 0x3F, 0xFF, 0xFF, 0xFF, 0x3F, 0xFF, 0xFF, 0xFF, 0x3F, 0xFF, 0xFF,
    0xFF, 0x3F, 0xFF, 0xFF, 0xFE, 0x00, 0x00, 0x2F, 0xFC, 0x00, 0x00, 0x7F, 0xF4, 0x00, 0x00, 0xFF,
    0xE0, 0x00, 0x02, 0xFF, 0xC0, 0x00, 0x07, 0xFF, 0x00, 0x00, 0x0F, 0xFE, 0x00, 0x00, 0x3F, 0xFC,
    0x00, 0x00, 0xBF, 0xF0, 0x00, 0x00, 0xFF, 0xE0, 0x00, 0x03, 0xFF, 0xC0, 0x00, 0x0B, 0xFF, 0x00,
    0x00, 0x1F, 0xFD, 0x00, 0x00, 0x3F, 0xFC, 0x00, 0x00, 0xBF, 0xFF, 0xFF, 0xFF, 0xFF, 0xFF, 0xFF,
    0xFF, 0xFF, 0xFF, 0xFF, 0xFF, 0xFF, 0xFF, 0xFF, 0xFF, 0x00, 0x00, 0x00, 0x00, 0x00, 0x24, 0x00,
    0x00, 0x0F, 0xC0, 0x00, 0x07, 0xFF, 0x00, 0x01, 0xFF, 0xD0, 0x00, 0x3F, 0xD0, 0x00, 0x01, 0xE0,
    0x00, 0x00, 0x00, 0x00, 0x00, 0x00, 0x00, 0x00, 0x0F, 0xFF, 0xFF, 0xFC, 0xFF, 0xFF, 0xFF, 0xCF,
    0xFF, 0xFF, 0xFC, 0xFF, 0xFF, 0xFF, 0x80, 0x00, 0xBF, 0xF0, 0x00, 0x1F, 0xFC, 0x00, 0x03, 0xFF,
    0x40, 0x00, 0xFF, 0xD0, 0x00, 0x2F, 0xF8, 0x00, 0x07, 0xFF, 0x00, 0x00, 0xFF, 0xC0, 0x00, 0x3F,
    0xF4, 0x00, 0x0B, 0xFF, 0xFF, 0xFD, 0xFF, 0xFF, 0xFF, 0xDF, 0xFF, 0xFF, 0xFD, 0xFF, 0xFF, 0xFF,
    0xD0, 0x00, 0x0B, 0xE0, 0x00, 0x00, 0x3F, 0xFC, 0x00, 0x00, 0x3F, 0xFC, 0x00, 0x00, 0x3F, 0xFC,
    0x00, 0x00, 0x0B, 0xE0, 0x00, 0x00, 0x00, 0x00, 0x00, 0x3F, 0xFF, 0xFF, 0xFF, 0x3F, 0xFF, 0xFF,
    0xFF, 0x3F, 0xFF, 0xFF, 0xFF, 0x3F, 0xFF, 0xFF, 0xFE, 0x00, 0x00, 0x2F, 0xFC, 0x00, 0x00, 0x7F,
    0xF0, 0x00, 0x00, 0xFF, 0xD0, 0x00, 0x02, 0xFF, 0x80, 0x00, 0x07, 0xFF, 0x00, 0x00, 0x0F, 0xFD,
    0x00, 0x00, 0x3F, 0xF8, 0x00, 0x00, 0xBF, 0xF0, 0x00, 0x00, 0xFF, 0xC0, 0x00, 0x03, 0xFF, 0x40,
    0x00, 0x0B, 0xFF, 0x00, 0x00, 0x1F, 0xFC, 0x00, 0x00, 0x3F, 0xF4, 0x00, 0x00, 0xBF, 0xFF, 0xFF,
    0xFF, 0xFF, 0xFF, 0xFF, 0xFF, 0xFF, 0xFF, 0xFF, 0xFF, 0xFF, 0xFF, 0xFF, 0xFF, 0x00, 0x2F, 0x80,
    0x00, 0x0F, 0xFF, 0x00, 0x00, 0xFF, 0xF0, 0x00, 0x0F, 0xFF, 0x00, 0x00, 0x2F, 0x80, 0x00, 0x00,
    0x00, 0x00, 0x00, 0x00, 0x00, 0x00, 0x00, 0x00, 0x00, 0xFF, 0xFF, 0xFF, 0xCF, 0xFF, 0xFF, 0xFC,
    0xFF, 0xFF, 0xFF, 0xCF, 0xFF, 0xFF, 0xF8, 0x00, 0x0B, 0xFF, 0x00, 0x01, 0xFF, 0xC0, 0x00, 0x3F,
    0xF4, 0x00, 0x0F, 0xFE, 0x00, 0x02, 0xFF, 0xC0, 0x00, 0x7F, 0xF0, 0x00, 0x0F, 0xFD, 0x00, 0x03,
    0xFF, 0x80, 0x00, 0xBF, 0xFF, 0xFF, 0xDF, 0xFF, 0xFF, 0xFD, 0xFF, 0xFF, 0xFF, 0xDF, 0xFF, 0xFF,
    0xFD, 0x00, 0x00, 0x00, 0x00, 0x00, 0xE0, 0x07, 0x80, 0x02, 0xFE, 0x7F, 0xC0, 0x00, 0xBF, 0xFF,
    0x40, 0x00, 0x1F, 0xFC, 0x00, 0x00, 0x02, 0x90, 0x00, 0x00, 0x00, 0x00, 0x00, 0x3F, 0xFF, 0xFF,
    0xFF, 0x3F, 0xFF, 0xFF, 0xFF, 0x3F, 0xFF, 0xFF, 0xFF, 0x3F, 0xFF, 0xFF, 0xFE, 0x00, 0x00, 0x2F,
    0xFC, 0x00, 0x00, 0x7F, 0xF4, 0x00, 0x00, 0xFF, 0xE0, 0x00, 0x02, 0xFF, 0xC0, 0x00, 0x07, 0xFF,
    0x00, 0x00, 0x0F, 0xFE, 0x00, 0x00, 0x3F, 0xFC, 0x00, 0x00, 0xBF, 0xF0, 0x00, 0x00, 0xFF, 0xE0,
    0x00, 0x03, 0xFF, 0xC0, 0x00, 0x0B, 0xFF, 0x00, 0x00, 0x1F, 0xFD, 0x00, 0x00, 0x3F, 0xFC, 0x00,
    0x00, 0xBF, 0xFF, 0xFF, 0xFF, 0xFF, 0xFF, 0xFF, 0xFF, 0xFF, 0xFF, 0xFF, 0xFF, 0xFF, 0xFF, 0xFF,
    0xFF, 0x00, 0x00, 0x00, 0x00, 0xE0, 0x02, 0xC0, 0x2F, 0xD1, 0xFF, 0x00, 0xBF, 0xFF, 0xC0, 0x02,
    0xFF, 0xE0, 0x00, 0x0B, 0xF4, 0x00, 0x00, 0x00, 0x00, 0x00, 0x00, 0x00, 0x00, 0xFF, 0xFF, 0xFF,
    0xCF, 0xFF, 0xFF, 0xFC, 0xFF, 0xFF, 0xFF, 0xCF, 0xFF, 0xFF, 0xF8, 0x00, 0x0B, 0xFF, 0x00, 0x01,
    0xFF, 0xC0, 0x00, 0x3F, 0xF4, 0x00, 0x0F, 0xFD, 0x00, 0x02, 0xFF, 0x80, 0x00, 0x7F, 0xF0, 0x00,
    0x0F, 0xFC, 0x00, 0x03, 0xFF, 0x40, 0x00, 0xBF, 0xFF, 0xFF, 0xDF, 0xFF, 0xFF, 0xFD, 0xFF, 0xFF,
    0xFF, 0xDF, 0xFF, 0xFF, 0xFD, 0x07, 0xFF, 0x93, 0xFF, 0xFD, 0xBF, 0xFF, 0xCF, 0xFD, 0x58, 0xFF,
    0x80, 0x0F, 0xF8, 0x00, 0xFF, 0x80, 0x0F, 0xF8, 0x00, 0xFF, 0x80, 0x0F, 0xF8, 0x00, 0xFF, 0x80,
    0x0F, 0xF8, 0x00, 0xFF, 0x80, 0x0F, 0xF8, 0x00, 0xFF, 0x80, 0x0F, 0xF8, 0x00, 0xFF, 0x80, 0x0F,
    0xF8, 0x00, 0xFF, 0x80, 0x0F, 0xF8, 0x00, 0xFF, 0x80, 0x0F, 0xF8, 0x00, 0x00, 0x00, 0x00, 0x00,
    0x3F, 0xC0, 0x00, 0x00, 0x00, 0x0F, 0xF0, 0x00, 0x00, 0x00, 0x07, 0xF8, 0x00, 0x00, 0x00, 0x03,
    0xFD, 0x00, 0x06, 0xFF, 0xFF, 0xFF, 0x00, 0x1F, 0xFF, 0xFF, 0xFE, 0x00, 0x2F, 0xFF, 0xFF, 0xFF,
    0x00, 0x2F, 0xFF, 0xFF, 0xFF, 0xF0, 0x1F, 0xFF, 0xFF, 0xFF, 0xFE, 0x0F, 0xFF, 0x90, 0x1B, 0xFF,
    0xC7, 0xFF, 0x40, 0x00, 0x7F, 0xF6, 0xFF, 0x80, 0x00, 0x0B, 0xFE, 0xFF, 0xC0, 0x00, 0x00, 0xFF,
    0xFF, 0xF0, 0x00, 0x00, 0x3F, 0xFF, 0xF8, 0x00, 0x00, 0x0B, 0xFF, 0xFF, 0x00, 0x00, 0x03, 0xFF,
    0xFF, 0xC0, 0x00, 0x00, 0xFF, 0xEF, 0xF8, 0x00, 0x00, 0xBF, 0xE7, 0xFF, 0x40, 0x00, 0x7F, 0xF0,
    0xFF, 0xF9, 0x01, 0xBF, 0xF8, 0x1F, 0xFF, 0xFF, 0xFF, 0xFC, 0x01, 0xFF, 0xFF, 0xFF, 0xFD, 0x00,
    0x1F, 0xFF, 0xFF, 0xFD, 0x00, 0x01, 0xFF, 0xFF, 0xFC, 0x00, 0x00, 0x06, 0xFF, 0xE4, 0x00, 0x00,
    0x00, 0x00, 0x00, 0x2A, 0x40, 0x00, 0x00, 0x0F, 0xF0, 0x00, 0x00, 0x07, 0xFC, 0x00, 0x00, 0x03,
    0xFD, 0x00, 0x6F, 0xFF, 0xFF, 0x00, 0xBF, 0xFF, 0xFF, 0x00, 0xFF, 0xFF, 0xFF, 0x40, 0xBF, 0xFF,
    0xFF, 0xF0, 0x7F, 0xF8, 0x0F, 0xFF, 0x2F, 0xF8, 0x00, 0xFF, 0xDF, 0xFC, 0x00, 0x1F, 0xFB, 0xFF,
    0x00, 0x03, 0xFE, 0xFF, 0xC0, 0x00, 0xFF, 0xBF, 0xF0, 0x00, 0x7F, 0xEB, 0xFE, 0x00, 0x3F, 0xF4,
    0xFF, 0xE0, 0x3F, 0xFC, 0x2F, 0xFF, 0xFF, 0xFD, 0x03, 0xFF, 0xFF, 0xFE, 0x00, 0x2F, 0xFF, 0xFD,
    0x00, 0x00, 0xBF, 0xF4, 0x00, 0x00, 0x00, 0x00, 0x00, 0x2A, 0x40, 0x00, 0x00, 0x00, 0x0F, 0xF0,
    0x00, 0x00, 0x00, 0x07, 0xF8, 0x00, 0x00, 0x00, 0x03, 0xFD, 0xFF, 0x80, 0x00, 0x3F, 0xFF, 0x3F,
    0xE0, 0x00, 0x0F, 0xFE, 0x0F, 0xF8, 0x00, 0x03, 0xFE, 0x03, 0xFE, 0x00, 0x00, 0xFF, 0x80, 0xFF,
    0x80, 0x00, 0x3F, 0xE0, 0x3F, 0xE0, 0x00, 0x0F, 0xF8, 0x0F, 0xF8, 0x00, 0x03, 0xFE, 0x03, 0xFE,
    0x00, 0x00, 0xFF, 0x80, 0xFF, 0x80, 0x00, 0x3F, 0xE0, 0x3F, 0xE0, 0x00, 0x0F, 0xF8, 0x0F, 0xF8,
    0x00, 0x03, 0xFE, 0x03, 0xFE, 0x00, 0x00, 0xFF, 0x80, 0xFF, 0x80, 0x00, 0x3F, 0xE0, 0x3F, 0xF0,
    0x00, 0x0F, 0xF8, 0x0F, 0xFC, 0x00, 0x07, 0xFE, 0x02, 0xFF, 0x80, 0x03, 0xFF, 0x40, 0x3F, 0xF9,
    0x07, 0xFF, 0xC0, 0x0B, 0xFF, 0xFF, 0xFF, 0xD0, 0x00, 0xBF, 0xFF, 0xFF, 0xD0, 0x00, 0x07, 0xFF,
    0xFF, 0xD0, 0x00, 0x00, 0x1B, 0xFE, 0x40, 0x00, 0x00, 0x00, 0x00, 0x00, 0x0A, 0x90, 0x00, 0x00,
    0x00, 0xFF, 0x00, 0x00, 0x00, 0x1F, 0xE0, 0x00, 0x00, 0x07, 0xFD, 0xFF, 0x80, 0x0F, 0xFF, 0x8F,
    0xF8, 0x00, 0xFF, 0xE0, 0xFF, 0x80, 0x0F, 0xF8, 0x0F, 0xF8, 0x00, 0xFF, 0x80, 0xFF, 0x80, 0x0F,
    0xF8, 0x0F, 0xF8, 0x00, 0xFF, 0x80, 0xFF, 0x80, 0x0F, 0xF8, 0x0F, 0xF8, 0x00, 0xFF, 0x80, 0xFF,
    0x80, 0x0F, 0xF8, 0x0F, 0xFC, 0x00, 0xFF, 0x80, 0xFF, 0xC0, 0x1F, 0xF8, 0x0F, 0xFE, 0x07, 0xFF,
    0x80, 0xBF, 0xFF, 0xFF, 0xF8, 0x03, 0xFF, 0xFF, 0xFF, 0x80, 0x1F, 0xFF, 0xDF, 0xF8, 0x00, 0x2F,
    0xE0, 0xFF, 0x80, 0x00, 0x00, 0x00, 0x00, 0x00, 0x00, 0x00, 0x00, 0x00, 0x00, 0x00, 0x00, 0x00,
    0x00, 0x00, 0x38, 0x01, 0xE0, 0x00, 0x00, 0x00, 0x00, 0x00, 0x00, 0x2F, 0xE7, 0xFC, 0x00, 0x00,
    0x00, 0x00, 0x00, 0x00, 0x02, 0xFF, 0xFD, 0x00, 0x00, 0x00, 0x00, 0x00, 0x00, 0x00, 0x1F, 0xFC,
    0x00, 0x00, 0x00, 0x00, 0x00, 0x00, 0x00, 0x00, 0xA4, 0x00, 0x00, 0x00, 0x00, 0x00, 0x00, 0x00,
    0x00, 0x00, 0x00, 0x03, 0xFF, 0xFF, 0xF9, 0x00, 0x00, 0xFF, 0xFF, 0xFF, 0xFC, 0xFF, 0xFF, 0xFF,
    0xF0, 0x00, 0x3F, 0xFF, 0xFF, 0xFF, 0x3F, 0xFF, 0xFF, 0xFF, 0x40, 0x0F, 0xFF, 0xFF, 0xFF, 0xCF,
    0xFF, 0xFF, 0xFF, 0xF4, 0x03, 0xFF, 0xFF, 0xFF, 0xE3, 0xFE, 0x00, 0x1F, 0xFF, 0x00, 0x00, 0x00,
    0x7F, 0xF0, 0xFF, 0x80, 0x00, 0xFF, 0xE0, 0x00, 0x00, 0x3F, 0xF4, 0x3F, 0xE0, 0x00, 0x0F, 0xFC,
    0x00, 0x00, 0x2F, 0xF8, 0x0F, 0xF8, 0x00, 0x02, 0xFF, 0x40, 0x00, 0x1F, 0xFC, 0x03, 0xFE, 0x00,
    0x00, 0x3F, 0xE0, 0x00, 0x0F, 0xFD, 0x00, 0xFF, 0x80, 0x00, 0x0F, 0xF8, 0x00, 0x0B, 0xFE, 0x00,
    0x3F, 0xE0, 0x00, 0x03, 0xFE, 0x00, 0x07, 0xFF, 0x00, 0x0F, 0xF8, 0x00, 0x00, 0xFF, 0x80, 0x03,
    0xFF, 0x00, 0x03, 0xFE, 0x00, 0x00, 0x3F, 0xE0, 0x02, 0xFF, 0x80, 0x00, 0xFF, 0x80, 0x00, 0x2F,
    0xF4, 0x00, 0xFF, 0xC0, 0x00, 0x3F, 0xE0, 0x00, 0x0F, 0xFC, 0x00, 0xFF, 0xC0, 0x00, 0x0F, 0xF8,
    0x00, 0x0F, 0xFE, 0x00, 0x7F, 0xE0, 0x00, 0x03, 0xFE, 0x00, 0x1F, 0xFF, 0x00, 0x3F, 0xF0, 0x00,
    0x00, 0xFF, 0xFF, 0xFF, 0xFF, 0x40, 0x2F, 0xFF, 0xFF, 0xFF, 0xFF, 0xFF, 0xFF, 0xFF, 0x40, 0x0F,
    0xFF, 0xFF, 0xFF, 0xFF, 0xFF, 0xFF, 0xFF, 0x00, 0x03, 0xFF, 0xFF, 0xFF, 0xFF, 0xFF, 0xFF, 0xF9,
    0x00, 0x00, 0xFF, 0xFF, 0xFF, 0xFF, 0x00, 0x00, 0x00, 0x00, 0x00, 0x00, 0x00, 0x00, 0x00, 0x00,
    0x00, 0x00, 0x00, 0x00, 0x03, 0x80, 0x0B, 0x00, 0x00, 0x00, 0x00, 0x00, 0x00, 0x2F, 0xD1, 0xFE,
    0x3F, 0xFF, 0xFF, 0x90, 0x00, 0x00, 0x2F, 0xFF, 0xD0, 0xFF, 0xFF, 0xFF, 0xF0, 0x00, 0x00, 0x1F,
    0xFC, 0x03, 0xFF, 0xFF, 0xFF, 0xF4, 0x00, 0x00, 0x0A, 0x40, 0x0F, 0xFF, 0xFF, 0xFF, 0xF4, 0x00,
    0x00, 0x00, 0x00, 0x3F, 0xE0, 0x01, 0xFF, 0xF0, 0x00, 0x00, 0x00, 0x00, 0xFF, 0x80, 0x00, 0xFF,
    0xE0, 0x0F, 0xFF, 0xFF, 0xFB, 0xFE, 0x00, 0x00, 0xFF, 0xC0, 0x3F, 0xFF, 0xFF, 0xEF, 0xF8, 0x00,
    0x02, 0xFF, 0x40, 0xFF, 0xFF, 0xFF, 0xBF, 0xE0, 0x00, 0x03, 0xFE, 0x03, 0xFF, 0xFF, 0xFD, 0xFF,
    0x80, 0x00, 0x0F, 0xF8, 0x00, 0x00, 0xBF, 0xE3, 0xFE, 0x00, 0x00, 0x3F, 0xE0, 0x00, 0x07, 0xFF,
    0x0F, 0xF8, 0x00, 0x00, 0xFF, 0x80, 0x00, 0x3F, 0xF0, 0x3F, 0xE0, 0x00, 0x03, 0xFE, 0x00, 0x03,
    0xFF, 0x40, 0xFF, 0x80, 0x00, 0x2F, 0xF4, 0x00, 0x2F, 0xF8, 0x03, 0xFE, 0x00, 0x00, 0xFF, 0xC0,
    0x01, 0xFF, 0xC0, 0x0F, 0xF8, 0x00, 0x0F, 0xFE, 0x00, 0x0F, 0xFC, 0x00, 0x3F, 0xE0, 0x01, 0xFF,
    0xF0, 0x00, 0xFF, 0xD0, 0x00, 0xFF, 0xFF, 0xFF, 0xFF, 0x40, 0x0B, 0xFF, 0xFF, 0xFF, 0xFF, 0xFF,
    0xFF, 0xF4, 0x00, 0x3F, 0xFF, 0xFF, 0xFF, 0xFF, 0xFF, 0xFF, 0x00, 0x00, 0xFF, 0xFF, 0xFF, 0xFF,
    0xFF, 0xFF, 0x90, 0x00, 0x03, 0xFF, 0xFF, 0xFF, 0x00, 0x00, 0x00, 0x00, 0x00, 0x00, 0x00, 0x00,
    0x00, 0x00, 0x00, 0x00, 0x00, 0x07, 0xC0, 0x1F, 0x40, 0x00, 0x00, 0x2F, 0xF0, 0x02, 0xFE, 0x2F,
    0xE0, 0x00, 0x00, 0x0B, 0xFC, 0x00, 0x2F, 0xFF, 0xD0, 0x00, 0x00, 0x02, 0xFF, 0x00, 0x02, 0xFF,
    0xD0, 0x00, 0x00, 0x00, 0xBF, 0xC0, 0x00, 0x2F, 0xD0, 0x00, 0x00, 0x00, 0x2F, 0xF0, 0x00, 0x00,
    0x00, 0x00, 0x00, 0x00, 0x0B, 0xFC, 0x00, 0x00, 0x00, 0x00, 0x00, 0xBF, 0xD2, 0xFF, 0x00, 0xFF,
    0xFF, 0xFF, 0x81, 0xFF, 0xFF, 0xFF, 0xC0, 0x3F, 0xFF, 0xFF, 0xE0, 0xFF, 0xFF, 0xFF, 0xF0, 0x0F,
    0xFF, 0xFF, 0xF8, 0xFF, 0xFF, 0xFF, 0xFC, 0x03, 0xFF, 0xFF, 0xFD, 0x7F, 0xF4, 0x1F, 0xFF, 0x00,
    0x00, 0x0B, 0xFE, 0x2F, 0xF4, 0x01, 0xFF, 0xC0, 0x00, 0x07, 0xFF, 0x0F, 0xFC, 0x00, 0x3F, 0xF0,
    0x00, 0x03, 0xFF, 0x03, 0xFE, 0x00, 0x0B, 0xFC, 0x00, 0x03, 0xFF, 0x40, 0xFF, 0x80, 0x02, 0xFF,
    0x00, 0x02, 0xFF, 0x80, 0x3F, 0xF0, 0x00, 0xFF, 0xC0, 0x01, 0xFF, 0xC0, 0x0B, 0xFD, 0x00, 0x7F,
    0xF0, 0x00, 0xFF, 0xC0, 0x01, 0xFF, 0xD0, 0x7F, 0xFC, 0x00, 0xFF, 0xD0, 0x00, 0x3F, 0xFF, 0xFF,
    0xFF, 0x00, 0xBF, 0xFF, 0xFF, 0xC7, 0xFF, 0xFF, 0xFF, 0xC0, 0x3F, 0xFF, 0xFF, 0xF0, 0x7F, 0xFF,
    0xEF, 0xF0, 0x0F, 0xFF, 0xFF, 0xFC, 0x02, 0xFF, 0x47, 0xFC, 0x03, 0xFF, 0xFF, 0xFF, 0xFF, 0x80,
    0x00, 0x00, 0x00, 0x3F, 0xFF, 0xFF, 0xFF, 0xE0, 0x00, 0x00, 0x00, 0x0F, 0xFF, 0xFF, 0xFF, 0xF8,
    0x00, 0x00, 0x00, 0x03, 0xFF, 0xFF, 0xFF, 0xFE, 0x00, 0x00, 0x00, 0x00, 0xFF, 0xFF, 0xFF, 0xFF,
    0x80, 0x00, 0x00, 0x00, 0x00, 0x3F, 0xE0, 0x3F, 0xE0, 0x00, 0x00, 0x00, 0x00, 0x0F, 0xF8, 0x0F,
    0xF8, 0x00, 0x00, 0x00, 0x00, 0x03, 0xFE, 0x03, 0xFE, 0x00, 0x00, 0x00, 0x00, 0x00, 0xFF, 0x80,
    0xFF, 0x80, 0x00, 0x00, 0x00, 0x00, 0x3F, 0xE0, 0x3F, 0xE0, 0x00, 0x00, 0x00, 0x00, 0x0F, 0xF8,
    0x0F, 0xF8, 0x00, 0x00, 0x00, 0x00, 0x03, 0xFE, 0x03, 0xFE, 0x00, 0x00, 0x00, 0x00, 0x00, 0xFF,
    0x80, 0xFF, 0x80, 0x00, 0x00, 0x00, 0x00, 0x3F, 0xE0, 0x3F, 0xE0, 0x00, 0x00, 0x00, 0x00, 0x0F,
    0xF8, 0x0F, 0xF8, 0x00, 0x00, 0x00, 0x00, 0x03, 0xFE, 0x03, 0xFE, 0x00, 0x00, 0x00, 0x1C, 0x01,
    0xFF, 0x80, 0xFF, 0x80, 0x00, 0x00, 0x1F, 0xC1, 0xFF, 0xD0, 0x3F, 0xFF, 0xFF, 0xFC, 0x1F, 0xFF,
    0xFF, 0xF0, 0x0F, 0xFF, 0xFF, 0xFF, 0x03, 0xFF, 0xFF, 0xF4, 0x03, 0xFF, 0xFF, 0xFF, 0xC0, 0x3F,
    0xFF, 0xF4, 0x00, 0xFF, 0xFF, 0xFF, 0xF0, 0x01, 0xBF, 0xE0, 0x00, 0x00, 0x00, 0x00, 0x00, 0x00,
    0x0B, 0xE0, 0x00, 0x00, 0x00, 0x00, 0xFF, 0xF0, 0x00, 0x00, 0x00, 0x03, 0xFF, 0xFF, 0xE0, 0x00,
    0x00, 0x0F, 0xFF, 0xFF, 0x80, 0x00, 0x00, 0x0B, 0xE3, 0xFE, 0x00, 0x00, 0x00, 0x00, 0x0F, 0xF8,
    0x00, 0x00, 0x00, 0x00, 0x3F, 0xE0, 0x00, 0x00, 0x00, 0x00, 0xFF, 0x80, 0x00, 0x00, 0x2F, 0xF3,
    0xFE, 0x00, 0x00, 0x00, 0xBF, 0xCF, 0xF8, 0x00, 0x00, 0x02, 0xFF, 0x3F, 0xE0, 0x00, 0x00, 0x0B,
    0xFC, 0xFF, 0x80, 0x00, 0x00, 0x2F, 0xF3, 0xFE, 0x00, 0x00, 0x00, 0xBF, 0xCF, 0xF8, 0x00, 0x00,
    0x02, 0xFF, 0x3F, 0xE0, 0x00, 0x00, 0x0B, 0xFC, 0xFF, 0x80, 0x00, 0x00, 0x2F, 0xF3, 0xFE, 0x00,
    0x00, 0x00, 0xBF, 0xCF, 0xF8, 0x00, 0x00, 0x02, 0xFF, 0x3F, 0xE0, 0x00, 0x00, 0x0B, 0xFC, 0xFF,
    0xFF, 0xFF, 0xF0, 0x2F, 0xF3, 0xFF, 0xFF, 0xFF, 0xC0, 0xBF, 0xCF, 0xFF, 0xFF, 0xFF, 0x02, 0xFF,
    0x3F, 0xFF, 0xFF, 0xFC, 0x0F, 0xFC, 0x00, 0x00, 0x00, 0x00, 0x3F, 0xF0, 0x00, 0x00, 0x00, 0x01,
    0xFF, 0xC0, 0x00, 0x00, 0x00, 0xBF, 0xFE, 0x00, 0x00, 0x00, 0x02, 0xFF, 0xF0, 0x00, 0x00, 0x00,
    0x03, 0xFF, 0x40, 0x00, 0x00, 0x00, 0x0B, 0xE0, 0x00, 0x00, 0x00, 0x2F, 0x80, 0x00, 0x0F, 0xFF,
    0xFF, 0x80, 0xFF, 0xFF, 0xF8, 0x0F, 0xFF, 0xFF, 0x80, 0x2F, 0x8F, 0xF8, 0x00, 0x00, 0xFF, 0x80,
    0x00, 0x0F, 0xF8, 0x00, 0x00, 0xFF, 0x80, 0x3F, 0xEF, 0xF8, 0x03, 0xFE, 0xFF, 0x80, 0x3F, 0xEF,
    0xF8, 0x03, 0xFE, 0xFF, 0x80, 0x3F, 0xEF, 0xF8, 0x03, 0xFE, 0xFF, 0x80, 0x3F, 0xEF, 0xF8, 0x03,
    0xFE, 0xFF, 0x80, 0x3F, 0xEF, 0xF8, 0x03, 0xFE, 0xFF, 0x80, 0x3F, 0xEF, 0xF8, 0x03, 0xFE, 0xFF,
    0x80, 0x3F, 0xEF, 0xF8, 0x03, 0xFE, 0xFF, 0x80, 0x3F, 0xEF, 0xF8, 0x03, 0xFE, 0x00, 0x00, 0x3F,
    0xE0, 0x00, 0x0B, 0xFE, 0x00, 0x1B, 0xFF, 0xC0, 0x01, 0xFF, 0xF8, 0x00, 0x0F, 0xFF, 0x00, 0x00,
    0x7E, 0x40, 0xFF, 0xC0, 0x00, 0x0F, 0xF8, 0x00, 0x03, 0xFF, 0xFF, 0xFF, 0xFF, 0x80, 0x00, 0x3F,
    0xE0, 0x00, 0x0F, 0xFF, 0xFF, 0xFF, 0xFF, 0x00, 0x00, 0xFF, 0x80, 0x00, 0x3F, 0xFF, 0xFF, 0xFF,
    0xFF, 0x00, 0x03, 0xFE, 0x00, 0x00, 0xFF, 0xFF, 0xFF, 0xFF, 0xFE, 0x00, 0x0F, 0xF8, 0x00, 0x00,
    0x0B, 0xFC, 0x03, 0xFF, 0xFD, 0x00, 0x3F, 0xE0, 0x00, 0x00, 0x2F, 0xF0, 0x0F, 0xFF, 0xFC, 0x00,
    0xFF, 0x80, 0x00, 0x00, 0xBF, 0xC0, 0x3F, 0xFF, 0xFC, 0x03, 0xFE, 0x00, 0x00, 0x02, 0xFF, 0x00,
    0xFF, 0xBF, 0xF8, 0x0F, 0xF8, 0x00, 0x00, 0x0B, 0xFC, 0x03, 0xFE, 0x3F, 0xF4, 0x3F, 0xE0, 0x00,
    0x00, 0x2F, 0xF0, 0x0F, 0xF8, 0x7F, 0xF0, 0xFF, 0x80, 0x00, 0x00, 0xBF, 0xC0, 0x3F, 0xE0, 0xBF,
    0xF3, 0xFE, 0x00, 0x00, 0x02, 0xFF, 0x00, 0xFF, 0x80, 0xFF, 0xEF, 0xF8, 0x00, 0x00, 0x0B, 0xFC,
    0x03, 0xFE, 0x00, 0xFF, 0xFF, 0xE0, 0x00, 0x00, 0x2F, 0xF0, 0x0F, 0xF8, 0x01, 0xFF, 0xFF, 0x80,
    0x00, 0x00, 0xBF, 0xC0, 0x3F, 0xE0, 0x02, 0xFF, 0xFE, 0x00, 0x2C, 0x03, 0xFF, 0x00, 0xFF, 0x80,
    0x03, 0xFF, 0xF8, 0x01, 0xF8, 0x2F, 0xF8, 0x03, 0xFE, 0x00, 0x07, 0xFF, 0xE0, 0x1F, 0xFF, 0xFF,
    0xD0, 0x0F, 0xF8, 0x00, 0x0B, 0xFF, 0x80, 0x3F, 0xFF, 0xFE, 0x00, 0x3F, 0xE0, 0x00, 0x0F, 0xFE,
    0x00, 0x3F, 0xFF, 0xE0, 0x00, 0xFF, 0x80, 0x00, 0x0F, 0xF8, 0x00, 0x1B, 0xF9, 0x00, 0x00, 0x00,
    0x00, 0x00, 0x00, 0x00, 0x00, 0xBE, 0x00, 0x00, 0x00, 0x00, 0x00, 0x00, 0xFF, 0xF0, 0x00, 0x00,
    0x00, 0x00, 0x00, 0x3F, 0xFF, 0xFF, 0x00, 0x00, 0x3F, 0xE0, 0x0F, 0xFF, 0xFF, 0xE0, 0x00, 0x0F,
    0xF8, 0x00, 0xBE, 0x3F, 0xFD, 0x00, 0x03, 0xFE, 0x00, 0x00, 0x0F, 0xFF, 0xC0, 0x00, 0xFF, 0x80,
    0x00, 0x03, 0xFF, 0xF8, 0x00, 0x3F, 0xE0, 0x00, 0x00, 0xFF, 0xFF, 0x40, 0x0F, 0xF8, 0x02, 0xFF,
    0x3F, 0xFF, 0xF0, 0x03, 0xFE, 0x00, 0xBF, 0xCF, 0xFF, 0xFF, 0x00, 0xFF, 0x80, 0x2F, 0xF3, 0xFE,
    0xFF, 0xE0, 0x3F, 0xE0, 0x0B, 0xFC, 0xFF, 0x9F, 0xFD, 0x0F, 0xF8, 0x02, 0xFF, 0x3F, 0xE2, 0xFF,
    0xC3, 0xFE, 0x00, 0xBF, 0xCF, 0xF8, 0x3F, 0xFC, 0xFF, 0x80, 0x2F, 0xF3, 0xFE, 0x03, 0xFF, 0xBF,
    0xE0, 0x0B, 0xFC, 0xFF, 0x80, 0x7F, 0xFF, 0xF8, 0x02, 0xFF, 0x3F, 0xE0, 0x0B, 0xFF, 0xFE, 0x00,
    0xBF, 0xCF, 0xF8, 0x00, 0xFF, 0xFF, 0x80, 0x2F, 0xF3, 0xFE, 0x00, 0x0F, 0xFF, 0xE0, 0x0B, 0xFC,
    0xFF, 0x80, 0x01, 0xFF, 0xF8, 0x02, 0xFF, 0x3F, 0xE0, 0x00, 0x2F, 0xFE, 0x00, 0xBF, 0xCF, 0xF8,
    0x00, 0x03, 0xFF, 0x80, 0x2F, 0xF3, 0xFE, 0x00, 0x00, 0x3F, 0xE0, 0x0F, 0xFC, 0x00, 0x00, 0x00,
    0x00, 0x00, 0x03, 0xFF, 0x00, 0x00, 0x00, 0x00, 0x00, 0x01, 0xFF, 0xC0, 0x00, 0x00, 0x00, 0x00,
    0x06, 0xFF, 0xE0, 0x00, 0x00, 0x00, 0x00, 0x01, 0xFF, 0xF0, 0x00, 0x00, 0x00, 0x00, 0x00, 0x3F,
    0xF4, 0x00, 0x00, 0x00, 0x00, 0x00, 0x07, 0xE0, 0x00, 0x00, 0x00, 0x00, 0x00, 0x02, 0xF8, 0x00,
    0x00, 0x00, 0x00, 0x0F, 0xFF, 0x00, 0x00, 0x00, 0x00, 0x0F, 0xFF, 0x00, 0x00, 0x00, 0x00, 0x0F,
    0xFF, 0x00, 0x00, 0x00, 0x00, 0x02, 0xF8, 0x00, 0x00, 0x00, 0x00, 0x00, 0x00, 0x00, 0x00, 0x00,
    0x00, 0x00, 0x00, 0x00, 0x00, 0x00, 0x00, 0x00, 0x00, 0xFF, 0x82, 0xFE, 0x00, 0x03, 0xFE, 0xFF,
    0xAF, 0xFF, 0xD0, 0x03, 0xFE, 0xFF, 0xFF, 0xFF, 0xF0, 0x03, 0xFE, 0xFF, 0xFF, 0xFF, 0xF4, 0x03,
    0xFE, 0xFF, 0xF4, 0x3F, 0xF8, 0x03, 0xFE, 0xFF, 0xC0, 0x0F, 0xF8, 0x03, 0xFE, 0xFF, 0x80, 0x0F,
    0xF8, 0x03, 0xFE, 0xFF, 0x80, 0x0F, 0xF8, 0x03, 0xFE, 0xFF, 0x80, 0x0F, 0xF8, 0x03, 0xFE, 0xFF,
    0x80, 0x0F, 0xF8, 0x03, 0xFE, 0xFF, 0x80, 0x0F, 0xF8, 0x03, 0xFE, 0xFF, 0x80, 0x0F, 0xF8, 0x03,
    0xFE, 0xFF, 0x80, 0x0F, 0xF8, 0x03, 0xFE, 0xFF, 0x80, 0x0F, 0xF8, 0x03, 0xFE, 0xFF, 0x80, 0x0F,
    0xF8, 0x03, 0xFE, 0xFF, 0x80, 0x0F, 0xF8, 0x03, 0xFE, 0x00, 0x00, 0x00, 0x00, 0x03, 0xFE, 0x00,
    0x00, 0x00, 0x00, 0x0B, 0xFE, 0x00, 0x00, 0x00, 0x01, 0xBF, 0xFD, 0x00, 0x00, 0x00, 0x00, 0xFF,
    0xFC, 0x00, 0x00, 0x00, 0x00, 0xFF, 0xF0, 0x00, 0x00, 0x00, 0x00, 0x7E, 0x40, 0x00, 0x00, 0x00,
    0x00, 0x00, 0x00, 0x00, 0x74, 0x01, 0xD0, 0x00, 0x00, 0x0F, 0xF9, 0xFF, 0x00, 0x00, 0x00, 0x3F,
    0xFF, 0xD0, 0x00, 0x00, 0x00, 0xBF, 0xF0, 0x00, 0x00, 0x00, 0x01, 0xA4, 0x00, 0x00, 0x00, 0x00,
    0x00, 0x00, 0x00, 0x00, 0x00, 0x03, 0xFD, 0x00, 0x00, 0x00, 0x00, 0xBF, 0xF0, 0x00, 0x00, 0x00,
    0x0F, 0xFF, 0x00, 0x00, 0x00, 0x01, 0xFF, 0xF8, 0x00, 0x00, 0x00, 0x2F, 0xFF, 0xC0, 0x00, 0x00,
    0x03, 0xFF, 0xFD, 0x00, 0x00, 0x00, 0x7F, 0xFF, 0xE0, 0x00, 0x00, 0x0F, 0xFE, 0xFF, 0x00, 0x00,
    0x00, 0xFF, 0x5F, 0xF8, 0x00, 0x00, 0x2F, 0xF0, 0xFF, 0xC0, 0x00, 0x03, 0xFF, 0x0B, 0xFD, 0x00,
    0x00, 0x7F, 0xD0, 0x7F, 0xE0, 0x00, 0x0F, 0xFC, 0x03, 0xFF, 0x00, 0x00, 0xFF, 0xFF, 0xFF, 0xF4,
    0x00, 0x2F, 0xFF, 0xFF, 0xFF, 0xC0, 0x03, 0xFF, 0xFF, 0xFF, 0xFC, 0x00, 0x7F, 0xFF, 0xFF, 0xFF,
    0xE0, 0x0B, 0xFC, 0x00, 0x03, 0xFF, 0x00, 0xFF, 0xC0, 0x00, 0x2F, 0xF4, 0x1F, 0xF4, 0x00, 0x01,
    0xFF, 0x83, 0xFF, 0x00, 0x00, 0x0F, 0xFC, 0x00, 0x00, 0x00, 0x40, 0x01, 0xF8, 0x0B, 0xD0, 0x01,
    0xFF, 0x7F, 0xD0, 0x00, 0x7F, 0xFF, 0x40, 0x00, 0x1F, 0xFD, 0x00, 0x00, 0x07, 0xF4, 0x00, 0x00,
    0x00, 0x00, 0x00, 0x00, 0x00, 0x00, 0x00, 0x00, 0xBF, 0xD2, 0xFF, 0x07, 0xFF, 0xFA, 0xFF, 0x1F,
    0xFF, 0xFF, 0xFF, 0x3F, 0xFF, 0xFF, 0xFF, 0x7F, 0xF4, 0x1F, 0xFF, 0xBF, 0xD0, 0x07, 0xFF, 0xFF,
    0xC0, 0x03, 0xFF, 0xFF, 0x80, 0x02, 0xFF, 0xFF, 0x80, 0x02, 0xFF, 0xFF, 0xC0, 0x03, 0xFF, 0xBF,
    0xD0, 0x07, 0xFF, 0x7F, 0xF4, 0x1F, 0xFF, 0x3F, 0xFF, 0xFF, 0xFF, 0x1F, 0xFF, 0xFF, 0xFF, 0x07,
    0xFF, 0xFA, 0xFF, 0x00, 0xBF, 0x92, 0xFF, 0x00, 0x00, 0x00, 0x2D, 0x00, 0xB0, 0x3F, 0xDB, 0xFC,
    0x1F, 0xFF, 0xF0, 0x03, 0xFF, 0x40, 0x00, 0x68, 0x00, 0x00, 0x00, 0x00, 0xFF, 0xFF, 0xFF, 0xFF,
    0xFF, 0xFF, 0xFF, 0xFF, 0xFF, 0xFF, 0xFF, 0xFF, 0x02, 0xFF, 0x00, 0x02, 0xFF, 0x00, 0x02, 0xFF,
    0x00, 0x02, 0xFF, 0x00, 0x02, 0xFF, 0x00, 0x02, 0xFF, 0x00, 0x02, 0xFF, 0x00, 0x02, 0xFF, 0x00,
    0x02, 0xFF, 0x00, 0x02, 0xFF, 0x00, 0x02, 0xFF, 0x00, 0x02, 0xFF, 0x00, 0x02, 0xFF, 0x00, 0xFF,
    0xFF, 0xFF, 0xFF, 0xFF, 0xFF, 0xFF, 0xFF, 0xFF, 0xFF, 0xFF, 0xFF, 0x00, 0x00, 0x00, 0x0D, 0x00,
    0x28, 0x3F, 0xD1, 0xFE, 0x0F, 0xFF, 0xF8, 0x02, 0xFF, 0xD0, 0x00, 0xBF, 0x40, 0x00, 0x00, 0x00,
    0x00, 0x00, 0x00, 0x00, 0xFF, 0x80, 0x00, 0xFF, 0x80, 0x00, 0xFF, 0x80, 0x00, 0xFF, 0x80, 0x00,
    0xFF, 0x80, 0x00, 0xFF, 0x80, 0x00, 0xFF, 0x80, 0x00, 0xFF, 0x80, 0x00, 0xFF, 0x80, 0x00, 0xFF,
    0x80, 0x00, 0xFF, 0x80, 0x00, 0xFF, 0x80, 0x00, 0xFF, 0x80, 0x00, 0xFF, 0x80, 0x00, 0xFF, 0x80,
    0x00, 0xFF, 0x80, 0x00, 0x04, 0x00, 0x04, 0x00, 0x00, 0x0B, 0xE0, 0x2F, 0x80, 0x00, 0x02, 0xFF,
    0xFF, 0xE0, 0x00, 0x00, 0x1F, 0xFF, 0xD0, 0x00, 0x00, 0x00, 0xFF, 0xC0, 0x00, 0x00, 0x00, 0x0A,
    0x80, 0x00, 0x00, 0x00, 0x00, 0x00, 0x00, 0x00, 0x00, 0x1B, 0xFF, 0x90, 0x00, 0x00, 0x3F, 0xFF,
    0xFF, 0x40, 0x00, 0x7F, 0xFF, 0xFF, 0xF8, 0x00, 0x7F, 0xFF, 0xFF, 0xFF, 0x80, 0x7F, 0xFF, 0xFF,
    0xFF, 0xF4, 0x3F, 0xFE, 0x40, 0x6F, 0xFF, 0x1F, 0xFD, 0x00, 0x01, 0xFF, 0xDB, 0xFE, 0x00, 0x00,
    0x2F, 0xFB, 0xFF, 0x00, 0x00, 0x03, 0xFF, 0xFF, 0xC0, 0x00, 0x00, 0xFF, 0xFF, 0xE0, 0x00, 0x00,
    0x2F, 0xFF, 0xFC, 0x00, 0x00, 0x0F, 0xFF, 0xFF, 0x00, 0x00, 0x03, 0xFF, 0xBF, 0xE0, 0x00, 0x02,
    0xFF, 0x9F, 0xFD, 0x00, 0x01, 0xFF, 0xD3, 0xFF, 0xE4, 0x06, 0xFF, 0xF0, 0x7F, 0xFF, 0xFF, 0xFF,
    0xF4, 0x07, 0xFF, 0xFF, 0xFF, 0xF8, 0x00, 0x7F, 0xFF, 0xFF, 0xF8, 0x00, 0x07, 0xFF, 0xFF, 0xF4,
    0x00, 0x00, 0x1B, 0xFF, 0x90, 0x00, 0x00, 0x40, 0x00, 0x40, 0x00, 0xBD, 0x02, 0xF4, 0x00, 0x2F,
    0xF7, 0xFD, 0x00, 0x02, 0xFF, 0xFD, 0x00, 0x00, 0x2F, 0xFD, 0x00, 0x00, 0x02, 0xFD, 0x00, 0x00,
    0x00, 0x00, 0x00, 0x00, 0x00, 0x00, 0x00, 0x00, 0x00, 0x2F, 0xFD, 0x00, 0x00, 0xBF, 0xFF, 0xF4,
    0x00, 0xFF, 0xFF, 0xFF, 0x80, 0xBF, 0xFF, 0xFF, 0xF4, 0x3F, 0xF8, 0x0F, 0xFF, 0x2F, 0xF8, 0x00,
    0xFF, 0xDF, 0xFC, 0x00, 0x1F, 0xFB, 0xFF, 0x00, 0x03, 0xFE, 0xFF, 0xC0, 0x00, 0xFF, 0xBF, 0xF0,
    0x00, 0x7F, 0xEB, 0xFE, 0x00, 0x3F, 0xF4, 0xFF, 0xE0, 0x3F, 0xFC, 0x2F, 0xFF, 0xFF, 0xFD, 0x03,
    0xFF, 0xFF, 0xFE, 0x00, 0x2F, 0xFF, 0xFD, 0x00, 0x00, 0xBF, 0xF4, 0x00, 0x00, 0x00, 0x00, 0x00,
    0x00, 0x0E, 0x00, 0x1D, 0x00, 0x02, 0xFF, 0x6F, 0xF0, 0x00, 0x0B, 0xFF, 0xFC, 0x00, 0x00, 0x0F,
    0xFE, 0x00, 0x00, 0x00, 0x1A, 0x40, 0x00, 0x00, 0x00, 0x00, 0x00, 0x0F, 0xF8, 0x00, 0x03, 0xFE,
    0xFF, 0x80, 0x00, 0x3F, 0xEF, 0xF8, 0x00, 0x03, 0xFE, 0xFF, 0x80, 0x00, 0x3F, 0xEF, 0xF8, 0x00,
    0x03, 0xFE, 0xFF, 0x80, 0x00, 0x3F, 0xEF, 0xF8, 0x00, 0x03, 0xFE, 0xFF, 0x80, 0x00, 0x3F, 0xEF,
    0xF8, 0x00, 0x03, 0xFE, 0xFF, 0x80, 0x00, 0x3F, 0xEF, 0xF8, 0x00, 0x03, 0xFE, 0xFF, 0x80, 0x00,
    0x3F, 0xEF, 0xF8, 0x00, 0x03, 0xFE, 0xFF, 0xC0, 0x00, 0x3F, 0xEF, 0xFC, 0x00, 0x07, 0xFE, 0xBF,
    0xE0, 0x00, 0xFF, 0xD3, 0xFF, 0x90, 0x7F, 0xFC, 0x2F, 0xFF, 0xFF, 0xFF, 0x40, 0xBF, 0xFF, 0xFF,
    0xD0, 0x01, 0xFF, 0xFF, 0xF4, 0x00, 0x01, 0xBF, 0xE4, 0x00, 0x01, 0x00, 0x01, 0x00, 0x1F, 0x40,
    0xBD, 0x00, 0x7F, 0xDF, 0xF4, 0x00, 0x7F, 0xFF, 0x00, 0x00, 0x3F, 0xF0, 0x00, 0x00, 0x19, 0x00,
    0x00, 0x00, 0x00, 0x00, 0x00, 0x00, 0x00, 0x00, 0xFF, 0x80, 0x0F, 0xFB, 0xFE, 0x00, 0x3F, 0xEF,
    0xF8, 0x00, 0xFF, 0xBF, 0xE0, 0x03, 0xFE, 0xFF, 0x80, 0x0F, 0xFB, 0xFE, 0x00, 0x3F, 0xEF, 0xF8,
    0x00, 0xFF, 0xBF, 0xE0, 0x03, 0xFE, 0xFF, 0x80, 0x0F, 0xFB, 0xFF, 0x00, 0x3F, 0xEF, 0xFC, 0x01,
    0xFF, 0xBF, 0xF8, 0x1F, 0xFE, 0xBF, 0xFF, 0xFF, 0xF8, 0xFF, 0xFF, 0xFF, 0xE1, 0xFF, 0xFD, 0xFF,
    0x80, 0xBF, 0x83, 0xFE, 0x00, 0xFF, 0xFF, 0xC0, 0x00, 0x3F, 0xFF, 0xF0, 0x00, 0x0F, 0xFF, 0xFC,
    0x00, 0x00, 0x00, 0x00, 0x00, 0x00, 0x7D, 0x1F, 0x40, 0x00, 0x3F, 0xCF, 0xF0, 0x00, 0x0B, 0xE2,
    0xF8, 0x00, 0x00, 0x50, 0x14, 0x00, 0x00, 0x00, 0x00, 0x00, 0x3F, 0xE0, 0x00, 0x2F, 0xFF, 0xF8,
    0x00, 0x0B, 0xFF, 0xFE, 0x00, 0x02, 0xFF, 0xFF, 0x80, 0x00, 0xBF, 0xFF, 0xE0, 0x00, 0x2F, 0xFF,
    0xF8, 0x00, 0x0B, 0xFF, 0xFE, 0x00, 0x02, 0xFF, 0xFF, 0x80, 0x00, 0xBF, 0xFF, 0xE0, 0x00, 0x2F,
    0xFF, 0xF8, 0x00, 0x0B, 0xFF, 0xFE, 0x00, 0x02, 0xFF, 0xFF, 0x80, 0x00, 0xBF, 0xFF, 0xE0, 0x00,
    0x2F, 0xFF, 0xF8, 0x00, 0x0B, 0xFF, 0xFE, 0x00, 0x02, 0xFF, 0xFF, 0xC0, 0x00, 0xFF, 0x9F, 0xF4,
    0x00, 0x7F, 0xD3, 0xFF, 0x95, 0xBF, 0xF0, 0x3F, 0xFF, 0xFF, 0xF0, 0x03, 0xFF, 0xFF, 0xF0, 0x00,
    0x1B, 0xFF, 0x90, 0x00, 0x03, 0xFF, 0xFF, 0x00, 0x0F, 0xFF, 0xFC, 0x00, 0x3F, 0xFF, 0xF0, 0x00,
    0x00, 0x00, 0x00, 0x01, 0xF4, 0x7D, 0x00, 0x0F, 0xF3, 0xFC, 0x00, 0x2F, 0x8B, 0xE0, 0x00, 0x14,
    0x05, 0x00, 0x00, 0x00, 0x00, 0x03, 0xFE, 0x00, 0x2F, 0xFF, 0xF8, 0x00, 0xBF, 0xFF, 0xE0, 0x02,
    0xFF, 0xFF, 0x80, 0x0B, 0xFF, 0xFE, 0x00, 0x2F, 0xFF, 0xF8, 0x00, 0xBF, 0xFF, 0xE0, 0x02, 0xFF,
    0xFF, 0x80, 0x0B, 0xFF, 0xFE, 0x00, 0x2F, 0xFF, 0xF8, 0x00, 0xBF, 0xFF, 0xE0, 0x03, 0xFF, 0xFF,
    0xC0, 0x1F, 0xFE, 0xFF, 0xD6, 0xFF, 0xF7, 0xFF, 0xFF, 0xFF, 0xCB, 0xFF, 0xFD, 0xFF, 0x06, 0xFF,
    0x83, 0xFC, 0x00, 0x00, 0x7F, 0xE0, 0x00, 0x00, 0x3F, 0xD0, 0x00, 0x00, 0x1F, 0xD0, 0x00, 0x00,
    0x0F, 0x80, 0x00, 0x00, 0x7D, 0x1F, 0x40, 0x00, 0x3F, 0xCF, 0xF0, 0x00, 0x0B, 0xE2, 0xF8, 0x00,
    0x00, 0x50, 0x14, 0x00, 0x00, 0x00, 0x00, 0x00, 0x3F, 0xE0, 0x00, 0x2F, 0xFF, 0xF8, 0x00, 0x0B,
    0xFF, 0xFE, 0x00, 0x02, 0xFF, 0xFF, 0x80, 0x00, 0xBF, 0xFF, 0xE0, 0x00, 0x2F, 0xFF, 0xF8, 0x00,
    0x0B, 0xFF, 0xFE, 0x00, 0x02, 0xFF, 0xFF, 0x80, 0x00, 0xBF, 0xFF, 0xE0, 0x00, 0x2F, 0xFF, 0xF8,
    0x00, 0x0B, 0xFF, 0xFE, 0x00, 0x02, 0xFF, 0xFF, 0x80, 0x00, 0xBF, 0xFF, 0xE0, 0x00, 0x2F, 0xFF,
    0xF8, 0x00, 0x0B, 0xFF, 0xFE, 0x00, 0x02, 0xFF, 0xFF, 0xC0, 0x00, 0xFF, 0x9F, 0xF4, 0x00, 0x7F,
    0xD3, 0xFF, 0x95, 0xBF, 0xF0, 0x3F, 0xFF, 0xFF, 0xF0, 0x03, 0xFF, 0xFF, 0xF0, 0x00, 0x1B, 0xFF,
    0x90, 0x00, 0x00, 0x01, 0xFF, 0x80, 0x00, 0x0F, 0xF8, 0x00, 0x00, 0x7F, 0x40, 0x00, 0x03, 0xE0,
    0x00, 0x00, 0x00, 0x00, 0x00, 0x07, 0xD1, 0xF4, 0x00, 0x3F, 0xCF, 0xF0, 0x00, 0xBE, 0x2F, 0x80,
    0x00, 0x50, 0x14, 0x00, 0x00, 0x00, 0x00, 0x0F, 0xF8, 0x00, 0xBF, 0xFF, 0xE0, 0x02, 0xFF, 0xFF,
    0x80, 0x0B, 0xFF, 0xFE, 0x00, 0x2F, 0xFF, 0xF8, 0x00, 0xBF, 0xFF, 0xE0, 0x02, 0xFF, 0xFF, 0x80,
    0x0B, 0xFF, 0xFE, 0x00, 0x2F, 0xFF, 0xF8, 0x00, 0xBF, 0xFF, 0xE0, 0x02, 0xFF, 0xFF, 0x80, 0x0F,
    0xFF, 0xFF, 0x00, 0x7F, 0xFB, 0xFF, 0x5B, 0xFF, 0xDF, 0xFF, 0xFF, 0xFF, 0x2F, 0xFF, 0xF7, 0xFC,
    0x1B, 0xFE, 0x0F, 0xF0, 0x01, 0x90, 0x01, 0x90, 0x00, 0x3F, 0x03, 0xF0, 0x00, 0x03, 0xFB, 0xF0,
    0x00, 0x00, 0x3F, 0xF0, 0x00, 0x00, 0x02, 0xA0, 0x00, 0x00, 0x1F, 0x47, 0xD0, 0x00, 0x0F, 0xF3,
    0xFC, 0x00, 0x02, 0xF8, 0xBE, 0x00, 0x00, 0x14, 0x05, 0x00, 0x00, 0x00, 0x00, 0x00, 0x0F, 0xF8,
    0x00, 0x0B, 0xFF, 0xFE, 0x00, 0x02, 0xFF, 0xFF, 0x80, 0x00, 0xBF, 0xFF, 0xE0, 0x00, 0x2F, 0xFF,
    0xF8, 0x00, 0x0B, 0xFF, 0xFE, 0x00, 0x02, 0xFF, 0xFF, 0x80, 0x00, 0xBF, 0xFF, 0xE0, 0x00, 0x2F,
    0xFF, 0xF8, 0x00, 0x0B, 0xFF, 0xFE, 0x00, 0x02, 0xFF, 0xFF, 0x80, 0x00, 0xBF, 0xFF, 0xE0, 0x00,
    0x2F, 0xFF, 0xF8, 0x00, 0x0B, 0xFF, 0xFE, 0x00, 0x02, 0xFF, 0xFF, 0x80, 0x00, 0xBF, 0xFF, 0xF0,
    0x00, 0x3F, 0xE7, 0xFD, 0x00, 0x1F, 0xF4, 0xFF, 0xE5, 0x6F, 0xFC, 0x0F, 0xFF, 0xFF, 0xFC, 0x00,
    0xFF, 0xFF, 0xFC, 0x00, 0x06, 0xFF, 0xE4, 0x00, 0x06, 0x40, 0x06, 0x40, 0x0F, 0xC0, 0xFC, 0x00,
    0x0F, 0xEF, 0xC0, 0x00, 0x0F, 0xFC, 0x00, 0x00, 0x0A, 0x80, 0x00, 0x07, 0xD1, 0xF4, 0x00, 0x3F,
    0xCF, 0xF0, 0x00, 0xBE, 0x2F, 0x80, 0x00, 0x50, 0x14, 0x00, 0x00, 0x00, 0x00, 0x0F, 0xF8, 0x00,
    0xBF, 0xFF, 0xE0, 0x02, 0xFF, 0xFF, 0x80, 0x0B, 0xFF, 0xFE, 0x00, 0x2F, 0xFF, 0xF8, 0x00, 0xBF,
    0xFF, 0xE0, 0x02, 0xFF, 0xFF, 0x80, 0x0B, 0xFF, 0xFE, 0x00, 0x2F, 0xFF, 0xF8, 0x00, 0xBF, 0xFF,
    0xE0, 0x02, 0xFF, 0xFF, 0x80, 0x0F, 0xFF, 0xFF, 0x00, 0x7F, 0xFB, 0xFF, 0x5B, 0xFF, 0xDF, 0xFF,
    0xFF, 0xFF, 0x2F, 0xFF, 0xF7, 0xFC, 0x1B, 0xFE, 0x0F, 0xF0, 0x02, 0xFF, 0x40, 0x00, 0x00, 0x1F,
    0xF0, 0x00, 0x00, 0x01, 0xFD, 0x00, 0x00, 0x00, 0x0B, 0xC0, 0x00, 0x00, 0x7D, 0x1F, 0x40, 0x00,
    0x3F, 0xCF, 0xF0, 0x00, 0x0B, 0xE2, 0xF8, 0x00, 0x00, 0x50, 0x14, 0x00, 0x00, 0x00, 0x00, 0x00,
    0x3F, 0xE0, 0x00, 0x2F, 0xFF, 0xF8, 0x00, 0x0B, 0xFF, 0xFE, 0x00, 0x02, 0xFF, 0xFF, 0x80, 0x00,
    0xBF, 0xFF, 0xE0, 0x00, 0x2F, 0xFF, 0xF8, 0x00, 0x0B, 0xFF, 0xFE, 0x00, 0x02, 0xFF, 0xFF, 0x80,
    0x00, 0xBF, 0xFF, 0xE0, 0x00, 0x2F, 0xFF, 0xF8, 0x00, 0x0B, 0xFF, 0xFE, 0x00, 0x02, 0xFF, 0xFF,
    0x80, 0x00, 0xBF, 0xFF, 0xE0, 0x00, 0x2F, 0xFF, 0xF8, 0x00, 0x0B, 0xFF, 0xFE, 0x00, 0x02, 0xFF,
    0xFF, 0xC0, 0x00, 0xFF, 0x9F, 0xF4, 0x00, 0x7F, 0xD3, 0xFF, 0x95, 0xBF, 0xF0, 0x3F, 0xFF, 0xFF,
    0xF0, 0x03, 0xFF, 0xFF, 0xF0, 0x00, 0x1B, 0xFF, 0x90, 0x00, 0x0B, 0xFD, 0x00, 0x00, 0x0B, 0xFC,
    0x00, 0x00, 0x07, 0xF4, 0x00, 0x00, 0x02, 0xF0, 0x00, 0x00, 0x00, 0x00, 0x00, 0x07, 0xD1, 0xF4,
    0x00, 0x3F, 0xCF, 0xF0, 0x00, 0xBE, 0x2F, 0x80, 0x00, 0x50, 0x14, 0x00, 0x00, 0x00, 0x00, 0x0F,
    0xF8, 0x00, 0xBF, 0xFF, 0xE0, 0x02, 0xFF, 0xFF, 0x80, 0x0B, 0xFF, 0xFE, 0x00, 0x2F, 0xFF, 0xF8,
    0x00, 0xBF, 0xFF, 0xE0, 0x02, 0xFF, 0xFF, 0x80, 0x0B, 0xFF, 0xFE, 0x00, 0x2F, 0xFF, 0xF8, 0x00,
    0xBF, 0xFF, 0xE0, 0x02, 0xFF, 0xFF, 0x80, 0x0F, 0xFF, 0xFF, 0x00, 0x7F, 0xFB, 0xFF, 0x5B, 0xFF,
    0xDF, 0xFF, 0xFF, 0xFF, 0x2F, 0xFF, 0xF7, 0xFC, 0x1B, 0xFE, 0x0F, 0xF0, 0x06, 0xFF, 0xE0, 0x00,
    0xFF, 0xFF, 0xF8, 0x03, 0xFF, 0xFF, 0xFC, 0x0F, 0x95, 0x7F, 0xF4, 0x00, 0x00, 0x2F, 0xF0, 0x00,
    0x00, 0x3F, 0xC5, 0x55, 0x55, 0xFF, 0x7F, 0xFF, 0xFF, 0xFD, 0xFF, 0xFF, 0xFF, 0xF7, 0xFF, 0xFF,
    0xFF, 0xDF, 0xF8, 0x00, 0xFF, 0x2F, 0xF0, 0x0B, 0xFC, 0x3F, 0xF5, 0xBF, 0xD0, 0xBF, 0xFF, 0xFF,
    0x00, 0xBF, 0xFF, 0xE0, 0x00, 0x6F, 0xF9, 0x00, 0x00, 0x0F, 0xFF, 0xFF, 0x00, 0x00, 0x00, 0xFF,
    0xFF, 0xF0, 0x00, 0x00, 0x0F, 0xFF, 0xFF, 0x00, 0x00, 0x00, 0x00, 0x00, 0x00, 0x00, 0x00, 0x01,
    0x40, 0x10, 0x00, 0x00, 0x00, 0xBE, 0x0B, 0xE0, 0x00, 0x00, 0x0F, 0xF0, 0xFF, 0x00, 0x00, 0x00,
    0x7D, 0x07, 0xD0, 0x00, 0x00, 0x00, 0x00, 0x00, 0x00, 0x00, 0x00, 0x0F, 0xFF, 0x00, 0x00, 0x00,
    0x01, 0xFF, 0xF4, 0x00, 0x00, 0x00, 0x2F, 0xFF, 0x80, 0x00, 0x00, 0x03, 0xFF, 0xFC, 0x00, 0x00,
    0x00, 0x7F, 0xAF, 0xD0, 0x00, 0x00, 0x0F, 0xF9, 0xFE, 0x00, 0x00, 0x00, 0xFF, 0x4F, 0xF0, 0x00,
    0x00, 0x1F, 0xF0, 0xFF, 0x40, 0x00, 0x03, 0xFE, 0x0B, 0xFC, 0x00, 0x00, 0x3F, 0xD0, 0x7F, 0xC0,
    0x00, 0x0B, 0xFC, 0x03, 0xFE, 0x00, 0x00, 0xFF, 0x80, 0x2F, 0xF0, 0x00, 0x1F, 0xF9, 0x56, 0xFF,
    0x00, 0x02, 0xFF, 0xFF, 0xFF, 0xF8, 0x00, 0x3F, 0xFF, 0xFF, 0xFF, 0xC0, 0x07, 0xFF, 0xFF, 0xFF,
    0xFD, 0x00, 0xBF, 0xC0, 0x00, 0x3F, 0xE0, 0x0F, 0xF8, 0x00, 0x02, 0xFF, 0x01, 0xFF, 0x40, 0x00,
    0x1F, 0xF4, 0x2F, 0xF0, 0x00, 0x00, 0xFF, 0x83, 0xFE, 0x00, 0x00, 0x0B, 0xFC, 0x03, 0xFF, 0xFF,
    0x00, 0x0F, 0xFF, 0xFC, 0x00, 0x3F, 0xFF, 0xF0, 0x00, 0x00, 0x00, 0x00, 0x01, 0xF4, 0x7D, 0x00,
    0x0F, 0xF3, 0xFC, 0x00, 0x2F, 0x8B, 0xE0, 0x00, 0x10, 0x04, 0x00, 0x00, 0x00, 0x00, 0x00, 0x06,
    0xFF, 0xF4, 0x00, 0xFF, 0xFF, 0xFC, 0x02, 0xFF, 0xFF, 0xFC, 0x03, 0xE5, 0x7F, 0xF0, 0x00, 0x00,
    0x3F, 0xD0, 0x00, 0x00, 0xFF, 0x40, 0xBF, 0xFF, 0xFE, 0x1F, 0xFF, 0xFF, 0xF9, 0xFF, 0xFF, 0xFF,
    0xEF, 0xFD, 0x00, 0xFF, 0xBF, 0xE0, 0x03, 0xFE, 0xFF, 0x80, 0x2F, 0xFB, 0xFF, 0x96, 0xFF, 0xEB,
    0xFF, 0xFF, 0xFF, 0x8F, 0xFF, 0xF5, 0xFE, 0x07, 0xFE, 0x03, 0xF8, 0x00, 0x05, 0x55, 0x55, 0x00,
    0x00, 0x00, 0xFF, 0xFF, 0xF0, 0x00, 0x00, 0x0F, 0xFF, 0xFF, 0x00, 0x00, 0x00, 0xFF, 0xFF, 0xF0,
    0x00, 0x00, 0x00, 0x00, 0x00, 0x00, 0x00, 0x00, 0x00, 0x40, 0x00, 0x00, 0x00, 0x00, 0x2F, 0x80,
    0x00, 0x00, 0x00, 0x03, 0xFC, 0x00, 0x00, 0x00, 0x00, 0x1F, 0x40, 0x00, 0x00, 0x00, 0x00, 0x00,
    0x00, 0x00, 0x00, 0x00, 0xFF, 0xF0, 0x00, 0x00, 0x00, 0x1F, 0xFF, 0x40, 0x00, 0x00, 0x03, 0xFF,
    0xF8, 0x00, 0x00, 0x00, 0x3F, 0xFF, 0xC0, 0x00, 0x00, 0x07, 0xFA, 0xFD, 0x00, 0x00, 0x00, 0xFF,
    0x5F, 0xF0, 0x00, 0x00, 0x0F, 0xF0, 0xFF, 0x00, 0x00, 0x02, 0xFF, 0x0F, 0xF4, 0x00, 0x00, 0x3F,
    0xE0, 0xBF, 0xC0, 0x00, 0x03, 0xFD, 0x07, 0xFC, 0x00, 0x00, 0xBF, 0xC0, 0x3F, 0xE0, 0x00, 0x0F,
    0xF8, 0x02, 0xFF, 0x00, 0x01, 0xFF, 0x95, 0x6F, 0xF4, 0x00, 0x2F, 0xFF, 0xFF, 0xFF, 0x80, 0x03,
    0xFF, 0xFF, 0xFF, 0xFC, 0x00, 0x7F, 0xFF, 0xFF, 0xFF, 0xD0, 0x0B, 0xFC, 0x00, 0x03, 0xFE, 0x00,
    0xFF, 0x80, 0x00, 0x2F, 0xF0, 0x1F, 0xF4, 0x00, 0x01, 0xFF, 0x42, 0xFF, 0x00, 0x00, 0x0F, 0xF8,
    0x3F, 0xE0, 0x00, 0x00, 0xBF, 0xC0, 0x01, 0x55, 0x55, 0x40, 0x0F, 0xFF, 0xFF, 0x00, 0x3F, 0xFF,
    0xFC, 0x00, 0xFF, 0xFF, 0xF0, 0x00, 0x00, 0x00, 0x00, 0x00, 0x1F, 0x40, 0x00, 0x00, 0xFF, 0x00,
    0x00, 0x02, 0xF8, 0x00, 0x00, 0x01, 0x40, 0x00, 0x00, 0x00, 0x00, 0x00, 0x0B, 0xFF, 0xD0, 0x03,
    0xFF, 0xFF, 0xF0, 0x0B, 0xFF, 0xFF, 0xF0, 0x0F, 0x95, 0xFF, 0xC0, 0x00, 0x00, 0xFF, 0x40, 0x00,
    0x03, 0xFD, 0x02, 0xFF, 0xFF, 0xF8, 0x7F, 0xFF, 0xFF, 0xE7, 0xFF, 0xFF, 0xFF, 0xBF, 0xF4, 0x03,
    0xFE, 0xFF, 0x80, 0x0F, 0xFB, 0xFE, 0x00, 0xBF, 0xEF, 0xFE, 0x5B, 0xFF, 0x9F, 0xFF, 0xFF, 0xFE,
    0x3F, 0xFF, 0xE3, 0xF8, 0x1F, 0xF9, 0x0B, 0xE0, 0x00, 0x00, 0x05, 0x55, 0x55, 0x00, 0x00, 0x00,
    0x00, 0xFF, 0xFF, 0xF0, 0x00, 0x00, 0x00, 0x0F, 0xFF, 0xFF, 0x00, 0x00, 0x00, 0x00, 0xFF, 0xFF,
    0xF0, 0x00, 0x00, 0x00, 0x00, 0x00, 0x00, 0x00, 0x00, 0x00, 0x03, 0xFF, 0xFF, 0xFF, 0xFF, 0x00,
    0x00, 0x3F, 0xFF, 0xFF, 0xFF, 0xF0, 0x00, 0x0B, 0xFF, 0xFF, 0xFF, 0xFF, 0x00, 0x00, 0xFF, 0x6F,
    0xF5, 0x55, 0x50, 0x00, 0x2F, 0xD2, 0xFF, 0x00, 0x00, 0x00, 0x03, 0xFC, 0x2F, 0xF0, 0x00, 0x00,
    0x00, 0x7F, 0x82, 0xFF, 0x00, 0x00, 0x00, 0x0F, 0xF4, 0x2F, 0xF0, 0x00, 0x00, 0x01, 0xFF, 0x02,
    0xFF, 0x55, 0x54, 0x00, 0x3F, 0xE0, 0x2F, 0xFF, 0xFF, 0xE0, 0x03, 0xFC, 0x02, 0xFF, 0xFF, 0xFE,
    0x00, 0xBF, 0xC0, 0x2F, 0xFF, 0xFF, 0xE0, 0x0F, 0xF9, 0x56, 0xFF, 0x00, 0x00, 0x02, 0xFF, 0xFF,
    0xFF, 0xF0, 0x00, 0x00, 0x3F, 0xFF, 0xFF, 0xFF, 0x00, 0x00, 0x07, 0xFF, 0xFF, 0xFF, 0xF0, 0x00,
    0x00, 0xFF, 0x80, 0x02, 0xFF, 0x00, 0x00, 0x1F, 0xF0, 0x00, 0x2F, 0xF5, 0x55, 0x53, 0xFE, 0x00,
    0x02, 0xFF, 0xFF, 0xFF, 0x3F, 0xC0, 0x00, 0x2F, 0xFF, 0xFF, 0xFB, 0xFC, 0x00, 0x02, 0xFF, 0xFF,
    0xFF, 0x00, 0x03, 0xFF, 0xFF, 0xC0, 0x00, 0x00, 0x00, 0xFF, 0xFF, 0xF0, 0x00, 0x00, 0x00, 0x3F,
    0xFF, 0xFC, 0x00, 0x00, 0x00, 0x05, 0x55, 0x55, 0x00, 0x00, 0x00, 0x00, 0x00, 0x00, 0x00, 0x00,
    0x00, 0x6F, 0xFD, 0x01, 0xFF, 0xD0, 0x01, 0xFF, 0xFF, 0xF7, 0xFF, 0xFF, 0x40, 0x3F, 0xFF, 0xFF,
    0xFF, 0xFF, 0xF0, 0x07, 0x95, 0xBF, 0xFE, 0x5B, 0xFF, 0x00, 0x00, 0x0B, 0xFE, 0x00, 0x7F, 0xC0,
    0x00, 0x56, 0xFF, 0x55, 0x5F, 0xF4, 0x1F, 0xFF, 0xFF, 0xFF, 0xFF, 0xFD, 0x3F, 0xFF, 0xFF, 0xFF,
    0xFF, 0xFF, 0xAF, 0xF4, 0x0B, 0xFF, 0xFF, 0xFF, 0xEF, 0xF8, 0x02, 0xFF, 0x00, 0x00, 0x03, 0xFE,
    0x00, 0xBF, 0xD0, 0x00, 0x00, 0xFF, 0x80, 0x3F, 0xFC, 0x00, 0x00, 0x3F, 0xF9, 0xBF, 0xFF, 0xE5,
    0x6F, 0x87, 0xFF, 0xFF, 0xDF, 0xFF, 0xFF, 0xE0, 0xBF, 0xFF, 0xC0, 0xFF, 0xFF, 0xF4, 0x07, 0xFF,
    0x40, 0x06, 0xFF, 0xE4, 0x00, 0x00, 0x06, 0xFF, 0xF9, 0x00, 0x01, 0xFF, 0xFF, 0xFF, 0x00, 0x3F,
    0xFF, 0xFF, 0xF4, 0x03, 0xFF, 0xE5, 0x5B, 0xC0, 0x1F, 0xFC, 0x00, 0x00, 0x00, 0xFF, 0xC0, 0x00,
    0x00, 0x07, 0xFD, 0x00, 0x00, 0x00, 0x2F, 0xF0, 0x00, 0x00, 0x00, 0xFF, 0x80, 0x15, 0x55, 0x43,
    0xFE, 0x01, 0xFF, 0xFF, 0x0F, 0xF8, 0x07, 0xFF, 0xFC, 0x3F, 0xE0, 0x1F, 0xFF, 0xF0, 0xFF, 0x80,
    0x00, 0xBF, 0xC2, 0xFF, 0x00, 0xFF, 0xFF, 0xFB, 0xFC, 0x03, 0xFF, 0xFF, 0xCF, 0xF8, 0x0F, 0xFF,
    0xFF, 0x3F, 0xF4, 0x15, 0xBF, 0xD4, 0x3F, 0xFD, 0x57, 0xFF, 0x00, 0x7F, 0xFF, 0xFF, 0xFC, 0x00,
    0x3F, 0xFF, 0xFF, 0xF0, 0x00, 0x1B, 0xFF, 0xE9, 0x00, 0x01, 0xFF, 0x83, 0xFC, 0x03, 0xFF, 0xFD,
    0xFF, 0x02, 0xFF, 0xFF, 0xFF, 0xC0, 0xFF, 0xD5, 0xFF, 0xF0, 0xBF, 0xC0, 0x0F, 0xFC, 0x3F, 0xE0,
    0x02, 0xFF, 0x0F, 0xF8, 0x00, 0xBF, 0xC3, 0xFE, 0x00, 0x2F, 0xF0, 0xFF, 0x80, 0x0B, 0xFC, 0x3F,
    0xE0, 0x02, 0xFF, 0x0B, 0xFC, 0x00, 0xFF, 0xC1, 0xFF, 0xD5, 0xFF, 0xF0, 0x3F, 0xFF, 0xFF, 0xFC,
    0x03, 0xFF, 0xFE, 0xFF, 0x00, 0x1F, 0xF4, 0xBF, 0xC0, 0x00, 0x00, 0x2F, 0xF0, 0x00, 0x0F, 0xFF,
    0xFF, 0xC0, 0x03, 0xFF, 0xFF, 0xF0, 0x00, 0x56, 0xFF, 0xD4, 0xF9, 0x55, 0xFF, 0xD0, 0x3F, 0xFF,
    0xFF, 0xE0, 0x0F, 0xFF, 0xFF, 0xE0, 0x00, 0x6F, 0xFF, 0x80, 0x00, 0x00, 0x04, 0x00, 0x04, 0x00,
    0x00, 0x1F, 0x80, 0xBD, 0x00, 0x00, 0x1F, 0xFF, 0xFD, 0x00, 0x00, 0x07, 0xFF, 0xF0, 0x00, 0x00,
    0x00, 0xFF, 0xC0, 0x00, 0x00, 0x00, 0x29, 0x00, 0x00, 0x00, 0x00, 0x00, 0x00, 0x00, 0x00, 0x02,
    0xFF, 0xE4, 0x00, 0x00, 0x3F, 0xFF, 0xFF, 0x80, 0x01, 0xFF, 0xFF, 0xFF, 0xF0, 0x07, 0xFF, 0xFF,
    0xFF, 0xF4, 0x0F, 0xFF, 0x40, 0x6F, 0xD0, 0x3F, 0xFC, 0x00, 0x07, 0x40, 0x7F, 0xF0, 0x00, 0x00,
    0x00, 0xBF, 0xD0, 0x00, 0x00, 0x00, 0xFF, 0xC0, 0x00, 0x00, 0x00, 0xFF, 0xC0, 0x0F, 0xFF, 0xFF,
    0xFF, 0x80, 0x0F, 0xFF, 0xFF, 0xFF, 0xC0, 0x0F, 0xFF, 0xFF, 0xFF, 0xC0, 0x0F, 0xFF, 0xFF, 0xBF,
    0xD0, 0x00, 0x03, 0xFF, 0x7F, 0xF0, 0x00, 0x03, 0xFE, 0x3F, 0xFC, 0x00, 0x0F, 0xFD, 0x1F, 0xFF,
    0x80, 0x7F, 0xFC, 0x0B, 0xFF, 0xFF, 0xFF, 0xF0, 0x02, 0xFF, 0xFF, 0xFF, 0xD0, 0x00, 0x7F, 0xFF,
    0xFF, 0x00, 0x00, 0x06, 0xFF, 0xE0, 0x00, 0x00, 0x00, 0x00, 0x00, 0x00, 0x2C, 0x00, 0x74, 0x00,
    0x1F, 0xE0, 0xBF, 0x00, 0x02, 0xFF, 0xFF, 0x40, 0x00, 0x2F, 0xFF, 0x40, 0x00, 0x02, 0xFF, 0x40,
    0x00, 0x00, 0x1A, 0x40, 0x00, 0x00, 0x00, 0x00, 0x00, 0x00, 0x00, 0x00, 0x00, 0x00, 0x1F, 0xF8,
    0x3F, 0xE0, 0x3F, 0xFF, 0xEF, 0xF8, 0x3F, 0xFF, 0xFF, 0xFE, 0x3F, 0xFF, 0xFF, 0xFF, 0x9F, 0xFE,
    0x02, 0xFF, 0xEB, 0xFD, 0x00, 0x2F, 0xFB, 0xFF, 0x00, 0x03, 0xFE, 0xFF, 0xC0, 0x00, 0xFF, 0xBF,
    0xF0, 0x00, 0x3F, 0xEF, 0xFC, 0x00, 0x0F, 0xFA, 0xFF, 0x40, 0x0B, 0xFE, 0x7F, 0xF8, 0x0B, 0xFF,
    0x8F, 0xFF, 0xFF, 0xFF, 0xE0, 0xFF, 0xFF, 0xFF, 0xF8, 0x0F, 0xFF, 0xF7, 0xFE, 0x00, 0x7F, 0xE0,
    0xFF, 0x80, 0x00, 0x00, 0xBF, 0xD0, 0x34, 0x01, 0xBF, 0xF0, 0x3F, 0xFF, 0xFF, 0xF8, 0x1F, 0xFF,
    0xFF, 0xFC, 0x02, 0xFF, 0xFF, 0xF8, 0x00, 0x06, 0xFF, 0xE0, 0x00, 0x0F, 0xE0, 0x07, 0xF0, 0x00,
    0xFF, 0x0B, 0xF4, 0x00, 0x0F, 0xFF, 0xF4, 0x00, 0x00, 0xFF, 0xF4, 0x00, 0x00, 0x1A, 0xA4, 0x00,
    0x00, 0x00, 0x00, 0x00, 0x0F, 0xF8, 0x00, 0x2F, 0xF7, 0xFE, 0x00, 0x1F, 0xF8, 0xFF, 0x80, 0x0F,
    0xFC, 0x3F, 0xE0, 0x0F, 0xFC, 0x0F, 0xF8, 0x0B, 0xFD, 0x03, 0xFE, 0x07, 0xFD, 0x00, 0xFF, 0x87,
    0xFE, 0x00, 0x3F, 0xE3, 0xFF, 0x00, 0x0F, 0xFA, 0xFF, 0x00, 0x03, 0xFF, 0xFF, 0x80, 0x00, 0xFF,
    0xFF, 0xF4, 0x00, 0x3F, 0xFF, 0xFF, 0x00, 0x0F, 0xFF, 0xBF, 0xE0, 0x03, 0xFE, 0x0F, 0xFC, 0x00,
    0xFF, 0x80, 0xFF, 0xC0, 0x3F, 0xE0, 0x2F, 0xF4, 0x0F, 0xF8, 0x03, 0xFF, 0x03, 0xFE, 0x00, 0x7F,
    0xE0, 0xFF, 0x80, 0x0B, 0xFD, 0x3F, 0xE0, 0x00, 0xFF, 0xCF, 0xF8, 0x00, 0x1F, 0xF8, 0xBF, 0x00,
    0x3F, 0x80, 0x00, 0x2F, 0xD1, 0xFE, 0x00, 0x00, 0x0B, 0xFF, 0xF8, 0x00, 0x00, 0x03, 0xFF, 0xF0,
    0x00, 0x00, 0x00, 0xAA, 0x80, 0x00, 0x00, 0x00, 0x00, 0x00, 0x00, 0x00, 0x00, 0xFF, 0x80, 0x00,
    0x00, 0x00, 0xFF, 0x80, 0x00, 0x00, 0x00, 0xFF, 0x80, 0x00, 0x00, 0x00, 0xFF, 0x80, 0x00, 0x00,
    0x00, 0xFF, 0x80, 0x00, 0x00, 0x00, 0xFF, 0x80, 0x00, 0x00, 0x00, 0xFF, 0x80, 0x0B, 0xFC, 0x00,
    0xFF, 0x80, 0x2F, 0xF0, 0x00, 0xFF, 0x80, 0xBF, 0xD0, 0x00, 0xFF, 0x82, 0xFF, 0x40, 0x00, 0xFF,
    0x47, 0xFD, 0x00, 0x00, 0xFF, 0x5F, 0xF8, 0x00, 0x00, 0xFF, 0x7F, 0xE0, 0x00, 0x00, 0xFF, 0xFF,
    0xE0, 0x00, 0x00, 0xFF, 0xFF, 0xF4, 0x00, 0x00, 0xFF, 0xFF, 0xFC, 0x00, 0x00, 0xFF, 0xC3, 0xFF,
    0x00, 0x00, 0xFF, 0x81, 0xFF, 0x80, 0x00, 0xFF, 0x80, 0xBF, 0xD0, 0x00, 0xFF, 0x80, 0x3F, 0xF0,
    0x00, 0xFF, 0x80, 0x0F, 0xFC, 0x00, 0xFF, 0x80, 0x07, 0xFE, 0x00, 0x06, 0xFF, 0xE4, 0x00, 0x00,
    0x0F, 0xFF, 0xFF, 0xD0, 0x00, 0x1F, 0xFF, 0xFF, 0xFE, 0x00, 0x1F, 0xFF, 0xFF, 0xFF, 0xE0, 0x1F,
    0xFF, 0xFF, 0xFF, 0xFD, 0x0F, 0xFF, 0x90, 0x1B, 0xFF, 0xC7, 0xFF, 0x40, 0x00, 0x7F, 0xF6, 0xFF,
    0x80, 0x00, 0x0B, 0xFE, 0xFF, 0xC0, 0x00, 0x00, 0xFF, 0xFF, 0xF0, 0x00, 0x00, 0x3F, 0xFF, 0xF8,
    0x00, 0x00, 0x0B, 0xFF, 0xFF, 0x00, 0x00, 0x03, 0xFF, 0xFF, 0xC0, 0x00, 0x00, 0xFF, 0xEF, 0xF8,
    0x00, 0x00, 0xBF, 0xE7, 0xFF, 0x40, 0x00, 0x7F, 0xF4, 0xFF, 0xF9, 0x01, 0xBF, 0xFC, 0x1F, 0xFF,
    0xFF, 0xFF, 0xFD, 0x01, 0xFF, 0xFF, 0xFF, 0xFE, 0x00, 0x1F, 0xFF, 0xFF, 0xFE, 0x00, 0x01, 0xFF,
    0xFF, 0xFD, 0x00, 0x00, 0x06, 0xFF, 0xF8, 0x00, 0x00, 0x00, 0x01, 0xF8, 0x00, 0x00, 0x00, 0x00,
    0xFC, 0x00, 0x00, 0x00, 0x00, 0x3F, 0x14, 0x00, 0x00, 0x00, 0x0F, 0xFF, 0x80, 0x00, 0x00, 0x01,
    0xFF, 0xE0, 0x00, 0x00, 0x00, 0x1F, 0xD0, 0x00, 0x00, 0x2F, 0xFD, 0x00, 0x00, 0xBF, 0xFF, 0xF4,
    0x00, 0xFF, 0xFF, 0xFF, 0x80, 0xBF, 0xFF, 0xFF, 0xF4, 0x3F, 0xF8, 0x0F, 0xFF, 0x2F, 0xF8, 0x00,
    0xFF, 0xDF, 0xFC, 0x00, 0x1F, 0xFB, 0xFF, 0x00, 0x03, 0xFE, 0xFF, 0xC0, 0x00, 0xFF, 0xBF, 0xF0,
    0x00, 0x7F, 0xEB, 0xFE, 0x00, 0x3F, 0xF4, 0xFF, 0xE0, 0x3F, 0xFC, 0x2F, 0xFF, 0xFF, 0xFD, 0x03,
    0xFF, 0xFF, 0xFE, 0x00, 0x2F, 0xFF, 0xFD, 0x00, 0x00, 0xBF, 0xFC, 0x00, 0x00, 0x00, 0xF8, 0x00,
    0x00, 0x00, 0xFC, 0x00, 0x00, 0x00, 0x3F, 0x14, 0x00, 0x00, 0x0F, 0xFF, 0x40, 0x00, 0x02, 0xFF,
    0xD0, 0x00, 0x00, 0x2F, 0xD0, 0x00, 0x00, 0x3F, 0xFF, 0xFC, 0x00, 0x00, 0x3F, 0xFF, 0xFC, 0x00,
    0x00, 0x3F, 0xFF, 0xFC, 0x00, 0x00, 0x15, 0x55, 0x54, 0x00, 0x00, 0x1B, 0xFF, 0x90, 0x00, 0x00,
    0xFF, 0xFF, 0xFE, 0x00, 0x07, 0xFF, 0xFF, 0xFF, 0xC0, 0x0F, 0xFF, 0x56, 0xFF, 0xE0, 0x2F, 0xF4,
    0x00, 0x3F, 0xF0, 0x3F, 0xE0, 0x00, 0x0F, 0xF8, 0xBF, 0xC0, 0x00, 0x0B, 0xFC, 0xBF, 0xC0, 0x00,
    0x07, 0xFC, 0xFF, 0x80, 0x00, 0x03, 0xFD, 0xFF, 0x80, 0x00, 0x03, 0xFD, 0xFF, 0x80, 0x00, 0x03,
    0xFD, 0xFF, 0x80, 0x00, 0x03, 0xFD, 0xFF, 0x80, 0x00, 0x03, 0xFD, 0xBF, 0xC0, 0x00, 0x07, 0xFC,
    0x7F, 0xC0, 0x00, 0x0B, 0xFC, 0x3F, 0xE0, 0x00, 0x0F, 0xF8, 0x2F, 0xF4, 0x00, 0x3F, 0xF0, 0x0F,
    0xFF, 0x56, 0xFF, 0xE0, 0x07, 0xFF, 0xFF, 0xFF, 0x80, 0x00, 0xFF, 0xFF, 0xFE, 0x00, 0x00, 0x1B,
    0xFF, 0x90, 0x00, 0x00, 0x00, 0x7D, 0x00, 0x00, 0x00, 0x00, 0xF8, 0x00, 0x00, 0x00, 0x02, 0xF0,
    0x00, 0x00, 0x00, 0x03, 0xF4, 0x00, 0x00, 0x00, 0x03, 0xFF, 0xC0, 0x00, 0x00, 0x01, 0xFF, 0xC0,
    0x00, 0x00, 0x00, 0x7F, 0xC0, 0x00, 0x03, 0xFF, 0xFF, 0xC0, 0x03, 0xFF, 0xFF, 0xC0, 0x03, 0xFF,
    0xFF, 0xC0, 0x01, 0x55, 0x55, 0x40, 0x00, 0x00, 0x00, 0x00, 0x00, 0x6F, 0xF8, 0x00, 0x07, 0xFF,
    0xFF, 0x80, 0x1F, 0xFF, 0xFF, 0xE0, 0x3F, 0xF9, 0x7F, 0xF4, 0x7F, 0xD0, 0x0F, 0xFC, 0xBF, 0xC0,
    0x07, 0xFC, 0xFF, 0x80, 0x03, 0xFD, 0xFF, 0x80, 0x03, 0xFD, 0xFF, 0x80, 0x03, 0xFD, 0xFF, 0x80,
    0x03, 0xFD, 0xBF, 0xC0, 0x07, 0xFC, 0x7F, 0xD0, 0x0F, 0xFC, 0x3F, 0xF9, 0x7F, 0xF4, 0x0F, 0xFF,
    0xFF, 0xE0, 0x03, 0xFF, 0xFF, 0x80, 0x00, 0x6F, 0xF8, 0x00, 0x00, 0x07, 0xD0, 0x00, 0x00, 0x1F,
    0x80, 0x00, 0x00, 0x3F, 0x00, 0x00, 0x00, 0x3F, 0x40, 0x00, 0x00, 0x3F, 0xFC, 0x00, 0x00, 0x1F,
    0xFC, 0x00, 0x00, 0x07, 0xFC, 0x00, 0x0F, 0xD0, 0x0B, 0xF0, 0x03, 0xF8, 0x3F, 0xC0, 0x00, 0xFF,
    0xFF, 0x00, 0x00, 0x7F, 0xFC, 0x00, 0x00, 0x1A, 0xA4, 0x00, 0x00, 0x00, 0x00, 0x00, 0x3F, 0xFF,
    0xFF, 0xFC, 0x3F, 0xFF, 0xFF, 0xFC, 0x3F, 0xFF, 0xFF, 0xFC, 0x15, 0x55, 0xFF, 0xF0, 0x00, 0x02,
    0xFF, 0xC0, 0x00, 0x0B, 0xFE, 0x00, 0x00, 0x2F, 0xF8, 0x00, 0x00, 0xBF, 0xE0, 0x00, 0x01, 0xFF,
    0xD0, 0x00, 0x02, 0xFF, 0xFF, 0x80, 0x02, 0xFF, 0xFF, 0xF0, 0x01, 0xAB, 0xFF, 0xF8, 0x00, 0x00,
    0x1F, 0xFC, 0x00, 0x00, 0x03, 0xFD, 0x00, 0x00, 0x03, 0xFD, 0x00, 0x00, 0x03, 0xFD, 0x50, 0x00,
    0x0B, 0xFC, 0xBE, 0x55, 0xBF, 0xFC, 0xBF, 0xFF, 0xFF, 0xF0, 0x7F, 0xFF, 0xFF, 0x80, 0x1A, 0xFF,
    0xF8, 0x00, 0x0F, 0xE0, 0x0B, 0xF0, 0x03, 0xFC, 0x3F, 0xC0, 0x00, 0xFF, 0xFF, 0x00, 0x00, 0x3F,
    0xFC, 0x00, 0x00, 0x05, 0x50, 0x00, 0x00, 0x00, 0x00, 0x00, 0x3F, 0xFF, 0xFF, 0xFC, 0x3F, 0xFF,
    0xFF, 0xFC, 0x3F, 0xFF, 0xFF, 0xFC, 0x15, 0x55, 0x7F, 0xF4, 0x00, 0x00, 0xFF, 0xC0, 0x00, 0x03,
    0xFF, 0x00, 0x00, 0x0F, 0xFC, 0x00, 0x00, 0x3F, 0xF0, 0x00, 0x00, 0xFF, 0xC0, 0x00, 0x01, 0xFF,
    0xFD, 0x00, 0x01, 0xFF, 0xFF, 0xC0, 0x01, 0xFF, 0xFF, 0xF0, 0x00, 0x00, 0x7F, 0xF8, 0x00, 0x00,
    0x0F, 0xFC, 0x00, 0x00, 0x03, 0xFD, 0x00, 0x00, 0x03, 0xFD, 0x00, 0x00, 0x03, 0xFD, 0x00, 0x00,
    0x07, 0xFD, 0x50, 0x00, 0x0F, 0xFC, 0xBE, 0x55, 0xBF, 0xF8, 0xBF, 0xFF, 0xFF, 0xF0, 0x7F, 0xFF,
    0xFF, 0x80, 0x1A, 0xFF, 0xF8, 0x00, 0x3F, 0x40, 0x2F, 0x87, 0xF8, 0x7F, 0x80, 0x7F, 0xFF, 0x80,
    0x0B, 0xFF, 0xC0, 0x00, 0x55, 0x40, 0x00, 0x00, 0x00, 0x00, 0x0F, 0xF8, 0x00, 0x03, 0xFE, 0x00,
    0x00, 0xFF, 0x80, 0x00, 0x3F, 0xE0, 0x00, 0x0F, 0xF8, 0x00, 0x03, 0xFE, 0x00, 0x00, 0xFF, 0x80,
    0x00, 0x3F, 0xE0, 0x00, 0x0F, 0xF8, 0x00, 0x03, 0xFE, 0x00, 0x00, 0xFF, 0x80, 0x00, 0x3F, 0xE0,
    0x00, 0x0F, 0xF8, 0x00, 0x03, 0xFE, 0x00, 0x00, 0xFF, 0x80, 0x00, 0x3F, 0xE0, 0x00, 0x0F, 0xF8,
    0x00, 0x03, 0xFD, 0x00, 0x00, 0xFF, 0x40, 0x15, 0xFF, 0xD0, 0x0B, 0xFF, 0xF0, 0x02, 0xFF, 0xF4,
    0x00, 0x7F, 0xE0, 0x00, 0x00, 0xFF, 0xFF, 0xFE, 0x40, 0x00, 0x3F, 0xFF, 0xFF, 0xFF, 0x3F, 0xFF,
    0xFF, 0xFC, 0x00, 0x0F, 0xFF, 0xFF, 0xFF, 0xCF, 0xFF, 0xFF, 0xFF, 0xD0, 0x03, 0xFF, 0xFF, 0xFF,
    0xF3, 0xFF, 0xFF, 0xFF, 0xFD, 0x00, 0xFF, 0xFF, 0xFF, 0xF8, 0xFF, 0x80, 0x07, 0xFF, 0xC0, 0x00,
    0x00, 0x1F, 0xFC, 0x3F, 0xE0, 0x00, 0x3F, 0xF8, 0x00, 0x00, 0x0F, 0xFD, 0x0F, 0xF8, 0x00, 0x03,
    0xFF, 0x00, 0x00, 0x0B, 0xFE, 0x03, 0xFE, 0x00, 0x00, 0xBF, 0xD0, 0x00, 0x07, 0xFF, 0x00, 0xFF,
    0x80, 0x00, 0x0F, 0xF8, 0x00, 0x03, 0xFF, 0x40, 0x3F, 0xE0, 0x00, 0x03, 0xFE, 0x00, 0x02, 0xFF,
    0x80, 0x0F, 0xF8, 0x00, 0x00, 0xFF, 0x80, 0x01, 0xFF, 0xC0, 0x03, 0xFE, 0x00, 0x00, 0x3F, 0xE0,
    0x00, 0xFF, 0xC0, 0x00, 0xFF, 0x80, 0x00, 0x0F, 0xF8, 0x00, 0xBF, 0xE0, 0x00, 0x3F, 0xE0, 0x00,
    0x0B, 0xFD, 0x00, 0x3F, 0xF0, 0x00, 0x0F, 0xF8, 0x00, 0x03, 0xFF, 0x00, 0x3F, 0xF0, 0x00, 0x03,
    0xFE, 0x00, 0x03, 0xFF, 0x80, 0x1F, 0xF8, 0x00, 0x00, 0xFF, 0x80, 0x07, 0xFF, 0xC0, 0x0F, 0xFC,
    0x00, 0x00, 0x3F, 0xFF, 0xFF, 0xFF, 0xD0, 0x0B, 0xFF, 0xFF, 0xFF, 0xFF, 0xFF, 0xFF, 0xFF, 0xD0,
    0x03, 0xFF, 0xFF, 0xFF, 0xFF, 0xFF, 0xFF, 0xFF, 0xC0, 0x00, 0xFF, 0xFF, 0xFF, 0xFF, 0xFF, 0xFF,
    0xFE, 0x40, 0x00, 0x3F, 0xFF, 0xFF, 0xFF, 0xC0, 0xFF, 0xFF, 0xFE, 0x40, 0x00, 0x00, 0x00, 0x00,
    0x03, 0xFF, 0xFF, 0xFF, 0xC0, 0x00, 0x00, 0x00, 0x00, 0x0F, 0xFF, 0xFF, 0xFF, 0xD0, 0x00, 0x00,
    0x00, 0x00, 0x3F, 0xFF, 0xFF, 0xFF, 0xD0, 0x00, 0x00, 0x00, 0x00, 0xFF, 0x80, 0x07, 0xFF, 0xC0,
    0x00, 0x00, 0x00, 0x03, 0xFE, 0x00, 0x03, 0xFF, 0x80, 0x3F, 0xFF, 0xFF, 0xEF, 0xF8, 0x00, 0x03,
    0xFF, 0x00, 0xFF, 0xFF, 0xFF, 0xBF, 0xE0, 0x00, 0x0B, 0xFD, 0x03, 0xFF, 0xFF, 0xFE, 0xFF, 0x80,
    0x00, 0x0F, 0xF8, 0x0F, 0xFF, 0xFF, 0xF7, 0xFE, 0x00, 0x00, 0x3F, 0xE0, 0x00, 0x02, 0xFF, 0x8F,
    0xF8, 0x00, 0x00, 0xFF, 0x80, 0x00, 0x1F, 0xFC, 0x3F, 0xE0, 0x00, 0x03, 0xFE, 0x00, 0x00, 0xFF,
    0xC0, 0xFF, 0x80, 0x00, 0x0F, 0xF8, 0x00, 0x0F, 0xFD, 0x03, 0xFE, 0x00, 0x00, 0xBF, 0xD0, 0x00,
    0xBF, 0xE0, 0x0F, 0xF8, 0x00, 0x03, 0xFF, 0x00, 0x07, 0xFF, 0x00, 0x3F, 0xE0, 0x00, 0x3F, 0xF8,
    0x00, 0x3F, 0xF0, 0x00, 0xFF, 0x80, 0x07, 0xFF, 0xC0, 0x03, 0xFF, 0x40, 0x03, 0xFF, 0xFF, 0xFF,
    0xFD, 0x00, 0x2F, 0xFF, 0xFF, 0xFF, 0xFF, 0xFF, 0xFF, 0xD0, 0x00, 0xFF, 0xFF, 0xFF, 0xFF, 0xFF,
    0xFF, 0xFC, 0x00, 0x03, 0xFF, 0xFF, 0xFF, 0xFF, 0xFF, 0xFE, 0x40, 0x00, 0x0F, 0xFF, 0xFF, 0xFC,
    0x00, 0x00, 0x0B, 0xFC, 0x00, 0x00, 0x00, 0x00, 0x00, 0x00, 0x2F, 0xF0, 0x00, 0x00, 0x00, 0x00,
    0x00, 0x00, 0xBF, 0xC0, 0x00, 0x00, 0x00, 0x00, 0x00, 0x02, 0xFF, 0x00, 0x00, 0x00, 0x00, 0x00,
    0x00, 0x0B, 0xFC, 0x00, 0x00, 0x00, 0x00, 0x00, 0x00, 0x1F, 0xF0, 0x00, 0x00, 0x00, 0x00, 0x1F,
    0xF8, 0x7F, 0xC0, 0xFF, 0xFF, 0xFF, 0x03, 0xFF, 0xFD, 0xFF, 0x03, 0xFF, 0xFF, 0xFC, 0x2F, 0xFF,
    0xFF, 0xFC, 0x0F, 0xFF, 0xFF, 0xF0, 0xFF, 0xE5, 0xFF, 0xF0, 0x15, 0x55, 0xFF, 0x8B, 0xFD, 0x00,
    0xFF, 0xC0, 0x00, 0x0F, 0xFC, 0x3F, 0xF0, 0x02, 0xFF, 0x00, 0x00, 0xBF, 0xC0, 0xFF, 0x80, 0x07,
    0xFC, 0x00, 0x03, 0xFD, 0x03, 0xFE, 0x00, 0x0F, 0xF0, 0x00, 0x3F, 0xE0, 0x0F, 0xF8, 0x00, 0x3F,
    0xC0, 0x02, 0xFF, 0x00, 0x3F, 0xE0, 0x01, 0xFF, 0x00, 0x1F, 0xF0, 0x00, 0xFF, 0xC0, 0x07, 0xFC,
    0x00, 0xFF, 0x40, 0x02, 0xFF, 0x40, 0x3F, 0xF0, 0x0B, 0xF8, 0x00, 0x03, 0xFF, 0x97, 0xFF, 0xC0,
    0x7F, 0xD5, 0x55, 0x4B, 0xFF, 0xFF, 0xFF, 0x03, 0xFF, 0xFF, 0xFF, 0x0F, 0xFF, 0xF3, 0xFC, 0x0F,
    0xFF, 0xFF, 0xFC, 0x07, 0xFD, 0x0B, 0xF0, 0x3F, 0xFF, 0xFF, 0xF0, 0x00, 0x00, 0x1F, 0xF8, 0x00,
    0x00, 0x0F, 0xF8, 0x00, 0x00, 0x0F, 0xF4, 0x00, 0x00, 0x0B, 0xF0, 0x00, 0x00, 0x02, 0x90, 0x00,
    0x00, 0x00, 0x00, 0x00, 0x00, 0x00, 0x6F, 0xFF, 0x90, 0x01, 0xFF, 0xFF, 0xFF, 0x03, 0xFF, 0xFF,
    0xFF, 0x43, 0xFF, 0xE5, 0x5B, 0xC1, 0xFF, 0xC0, 0x00, 0x00, 0xFF, 0xC0, 0x00, 0x00, 0x7F, 0xD0,
    0x00, 0x00, 0x2F, 0xF0, 0x00, 0x00, 0x0F, 0xF8, 0x00, 0x00, 0x03, 0xFE, 0x01, 0xFF, 0xFF, 0xFF,
    0x80, 0x7F, 0xFF, 0xFF, 0xE0, 0x1F, 0xFF, 0xFF, 0xF8, 0x01, 0x5B, 0xFE, 0xFF, 0x00, 0x02, 0xFF,
    0xBF, 0xC0, 0x00, 0xBF, 0xCF, 0xF8, 0x00, 0x2F, 0xF3, 0xFF, 0x40, 0x0B, 0xFC, 0x3F, 0xFD, 0x57,
    0xFF, 0x07, 0xFF, 0xFF, 0xFF, 0xC0, 0x3F, 0xFF, 0xFF, 0xF0, 0x01, 0xBF, 0xFE, 0x90, 0x00, 0x00,
    0xBF, 0xD0, 0x00, 0x07, 0xFD, 0x00, 0x00, 0x7F, 0xC0, 0x00, 0x03, 0xF8, 0x00, 0x00, 0x1A, 0x40,
    0x00, 0x00, 0x00, 0x00, 0x00, 0x1F, 0xF8, 0x3F, 0xC2, 0xFF, 0xFD, 0xFF, 0x2F, 0xFF, 0xFF, 0xFC,
    0xFF, 0xE5, 0xFF, 0xFB, 0xFD, 0x00, 0xFF, 0xFF, 0xF0, 0x01, 0xFF, 0xFF, 0x80, 0x03, 0xFF, 0xFE,
    0x00, 0x0F, 0xFF, 0xF8, 0x00, 0x3F, 0xFF, 0xE0, 0x00, 0xFF, 0xFF, 0xC0, 0x07, 0xFE, 0xFF, 0x40,
    0x3F, 0xF3, 0xFF, 0x97, 0xFF, 0xCB, 0xFF, 0xFF, 0xFF, 0x0F, 0xFF, 0xF7, 0xFC, 0x07, 0xFE, 0x1F,
    0xF0, 0x00, 0x00, 0x7F, 0xC0, 0x00, 0x02, 0xFF, 0x10, 0x00, 0x0F, 0xF8, 0xFA, 0x56, 0xFF, 0xD3,
    0xFF, 0xFF, 0xFE, 0x0F, 0xFF, 0xFF, 0xE0, 0x1B, 0xFF, 0xF8, 0x00, 0xFF, 0x80, 0x03, 0xFE, 0x00,
    0x00, 0x0F, 0xF8, 0x00, 0x3F, 0xE0, 0x00, 0x00, 0xFF, 0x80, 0x03, 0xFE, 0x00, 0x00, 0x0F, 0xF8,
    0x00, 0x3F, 0xE0, 0x00, 0x00, 0xFF, 0x80, 0x03, 0xFE, 0x00, 0x00, 0x0F, 0xF8, 0x00, 0x3F, 0xE0,
    0x03, 0xFE, 0xFF, 0x80, 0x03, 0xFE, 0x00, 0x3F, 0xEF, 0xF8, 0x00, 0x3F, 0xE0, 0x03, 0xFE, 0xFF,
    0x95, 0x57, 0xFE, 0x00, 0x3F, 0xEF, 0xFF, 0xFF, 0xFF, 0xE0, 0x03, 0xFE, 0xFF, 0xFF, 0xFF, 0xFE,
    0x00, 0x3F, 0xEF, 0xFF, 0xFF, 0xFF, 0xE0, 0x03, 0xFE, 0xFF, 0x80, 0x03, 0xFE, 0x00, 0x3F, 0xEF,
    0xF8, 0x00, 0x3F, 0xE0, 0x03, 0xFE, 0xFF, 0x80, 0x03, 0xFE, 0x00, 0x3F, 0xDF, 0xF8, 0x00, 0x3F,
    0xE0, 0x03, 0xFD, 0xFF, 0x80, 0x03, 0xFF, 0x00, 0x7F, 0xCF, 0xF8, 0x00, 0x2F, 0xFD, 0x6F, 0xFC,
    0xFF, 0x80, 0x00, 0xFF, 0xFF, 0xFF, 0x0F, 0xF8, 0x00, 0x03, 0xFF, 0xFF, 0xD0, 0xFF, 0x80, 0x00,
    0x06, 0xFF, 0xE0, 0x00, 0xFE, 0x02, 0xFE, 0x00, 0xFF, 0x2F, 0xFF, 0xD0, 0xFF, 0xBF, 0xFF, 0xF0,
    0xFF, 0xFD, 0x6F, 0xFC, 0xFF, 0xF0, 0x0B, 0xFC, 0xFF, 0xC0, 0x03, 0xFD, 0xFF, 0xC0, 0x03, 0xFD,
    0xFF, 0x80, 0x03, 0xFD, 0xFF, 0x80, 0x03, 0xFD, 0xFF, 0x80, 0x07, 0xFD, 0xFF, 0x80, 0x0B, 0xFC,
    0xFF, 0x80, 0x0F, 0xFC, 0xFF, 0x80, 0x2F, 0xF8, 0xFF, 0x80, 0x7F, 0xF0, 0xFF, 0x81, 0xFF, 0xD0,
    0xFF, 0x87, 0xFF, 0x80, 0xFF, 0xBF, 0xFF, 0x00, 0xFF, 0xFF, 0xF8, 0x00, 0xFF, 0xFF, 0xD0, 0x00,
    0xFF, 0xFE, 0x00, 0x00, 0xFF, 0xD0, 0x00, 0x00, 0xFF, 0x80, 0x00, 0x00, 0xFF, 0x80, 0x00, 0x00,
    0xFF, 0x80, 0x00, 0x00, 0xFF, 0x80, 0x00, 0x00, 0xFF, 0x80, 0x00, 0x00, 0xFF, 0x80, 0x00, 0x00,
    0xFF, 0x80, 0x00, 0x00, 0x00, 0x3F, 0xF4, 0x00, 0x00, 0x00, 0x2F, 0xF0, 0x00, 0x00, 0x00, 0x1F,
    0xF0, 0x00, 0x00, 0x00, 0x0F, 0xE0, 0x00, 0x00, 0x00, 0x06, 0x80, 0x00, 0x00, 0x00, 0x00, 0x00,
    0x0F, 0xFF, 0x00, 0x00, 0x3F, 0xFF, 0xFE, 0x00, 0x00, 0xFF, 0xFF, 0xFD, 0x00, 0x03, 0xFF, 0xFF,
    0xFC, 0x00, 0x0F, 0xFF, 0xFF, 0xF4, 0x00, 0x3F, 0xFF, 0xFF, 0xF0, 0x00, 0xFF, 0xFF, 0x3F, 0xE0,
    0x03, 0xFF, 0xFC, 0xBF, 0xC0, 0x0F, 0xFF, 0xF0, 0xFF, 0xC0, 0x3F, 0xFF, 0xC1, 0xFF, 0x40, 0xFF,
    0xFF, 0x03, 0xFF, 0x03, 0xFF, 0xFC, 0x07, 0xFE, 0x0F, 0xFF, 0xF0, 0x0B, 0xFC, 0x3F, 0xFF, 0xC0,
    0x0F, 0xF8, 0xFF, 0xFF, 0x00, 0x2F, 0xF7, 0xFF, 0xFC, 0x00, 0x3F, 0xFF, 0xFF, 0xF0, 0x00, 0x7F,
    0xFF, 0xFF, 0xC0, 0x00, 0xFF, 0xFF, 0xFF, 0x00, 0x00, 0xFF, 0xFF, 0xFC, 0x00, 0x02, 0xFF, 0xFF,
    0xF0, 0x00, 0x03, 0xFF, 0xC0, 0x03, 0xFF, 0x40, 0x00, 0x02, 0xFF, 0x00, 0x00, 0x01, 0xFF, 0x00,
    0x00, 0x01, 0xFE, 0x00, 0x00, 0x00, 0xA8, 0x00, 0x00, 0x00, 0x00, 0x0F, 0xE0, 0x7F, 0xE4, 0x3F,
    0xCF, 0xFF, 0xF8, 0xFF, 0xFF, 0xFF, 0xF7, 0xFF, 0xE5, 0xFF, 0xEF, 0xFD, 0x00, 0xFF, 0xFF, 0xF0,
    0x02, 0xFF, 0xFF, 0x80, 0x0B, 0xFF, 0xFE, 0x00, 0x2F, 0xFF, 0xF8, 0x00, 0xBF, 0xFF, 0xE0, 0x02,
    0xFF, 0xFF, 0x80, 0x0B, 0xFF, 0xFE, 0x00, 0x2F, 0xFF, 0xF8, 0x00, 0xBF, 0xFF, 0xE0, 0x02, 0xFF,
    0xFF, 0x80, 0x0B, 0xFF, 0xFE, 0x00, 0x2F, 0xF0, 0x00, 0x00, 0x00, 0x00, 0x00, 0x00, 0x00, 0x00,
    0x0E, 0x00, 0x00, 0x00, 0x00, 0x0B, 0xF0, 0x00, 0x00, 0x00, 0x0B, 0xFF, 0x80, 0x00, 0x00, 0x02,
    0xFF, 0xE4, 0x00, 0x00, 0x00, 0x0F, 0xD0, 0x00, 0x00, 0x00, 0x00, 0x40, 0x00, 0x00, 0x00, 0x00,
    0x02, 0xF8, 0x00, 0x00, 0x00, 0x01, 0xFF, 0xF0, 0x00, 0x00, 0x00, 0x3F, 0xFF, 0x80, 0x00, 0x00,
    0x03, 0xF0, 0xFC, 0x00, 0x00, 0x00, 0x3F, 0x5F, 0x80, 0x00, 0x00, 0x00, 0xFF, 0xF0, 0x00, 0x00,
    0x00, 0x07, 0xFD, 0x00, 0x00, 0x00, 0x00, 0xBF, 0xE0, 0x00, 0x00, 0x00, 0x0F, 0xFF, 0x00, 0x00,
    0x00, 0x01, 0xFF, 0xF4, 0x00, 0x00, 0x00, 0x3F, 0xFF, 0xC0, 0x00, 0x00, 0x03, 0xFF, 0xFC, 0x00,
    0x00, 0x00, 0xBF, 0xFF, 0xE0, 0x00, 0x00, 0x0F, 0xFB, 0xFF, 0x00, 0x00, 0x01, 0xFF, 0x1F, 0xF4,
    0x00, 0x00, 0x3F, 0xF0, 0xFF, 0x80, 0x00, 0x03, 0xFE, 0x0F, 0xFC, 0x00, 0x00, 0xBF, 0xC0, 0x7F,
    0xD0, 0x00, 0x0F, 0xFC, 0x03, 0xFF, 0x00, 0x01, 0xFF, 0xFF, 0xFF, 0xF0, 0x00, 0x2F, 0xFF, 0xFF,
    0xFF, 0x80, 0x03, 0xFF, 0xFF, 0xFF, 0xFC, 0x00, 0xBF, 0xFF, 0xFF, 0xFF, 0xD0, 0x0F, 0xFC, 0x00,
    0x03, 0xFF, 0x01, 0xFF, 0x80, 0x00, 0x3F, 0xF0, 0x2F, 0xF0, 0x00, 0x01, 0xFF, 0x83, 0xFF, 0x00,
    0x00, 0x0F, 0xFC, 0x00, 0x00, 0x00, 0x00, 0x00, 0x00, 0x28, 0x00, 0x00, 0x00, 0xBC, 0x00, 0x00,
    0x03, 0xFF, 0x00, 0x00, 0x1F, 0xFD, 0x00, 0x00, 0x3F, 0xD0, 0x00, 0x00, 0x0E, 0x00, 0x00, 0x00,
    0x00, 0x00, 0x00, 0x00, 0x07, 0xF4, 0x00, 0x00, 0x1F, 0xFD, 0x00, 0x00, 0x3E, 0x2F, 0x00, 0x00,
    0x3D, 0x1F, 0x00, 0x00, 0x2F, 0xFE, 0x00, 0x00, 0x0B, 0xF8, 0x00, 0x00, 0x00, 0x00, 0x00, 0x00,
    0x00, 0x00, 0x00, 0x00, 0x00, 0x00, 0x00, 0x00, 0xBF, 0xD2, 0xFF, 0x07, 0xFF, 0xFA, 0xFF, 0x1F,
    0xFF, 0xFF, 0xFF, 0x3F, 0xFF, 0xFF, 0xFF, 0x7F, 0xF4, 0x1F, 0xFF, 0xBF, 0xD0, 0x07, 0xFF, 0xFF,
    0xC0, 0x03, 0xFF, 0xFF, 0x80, 0x02, 0xFF, 0xFF, 0x80, 0x02, 0xFF, 0xFF, 0xC0, 0x03, 0xFF, 0xBF,
    0xD0, 0x07, 0xFF, 0x7F, 0xF4, 0x1F, 0xFF, 0x3F, 0xFF, 0xFF, 0xFF, 0x1F, 0xFF, 0xFF, 0xFF, 0x07,
    0xFF, 0xFA, 0xFF, 0x00, 0xBF, 0x92, 0xFF, 0x00, 0x00, 0x00, 0x00, 0x00, 0x00, 0x00, 0x00, 0x00,
    0x00, 0x00, 0x00, 0x00, 0x1D, 0x00, 0x00, 0x00, 0x00, 0x00, 0x00, 0x02, 0xFC, 0x00, 0x00, 0x00,
    0x00, 0x00, 0x00, 0xBF, 0xF4, 0x00, 0x00, 0x00, 0x00, 0x00, 0x0F, 0xFF, 0x90, 0x00, 0x00, 0x00,
    0x00, 0x00, 0x1F, 0x90, 0x00, 0x00, 0x00, 0x00, 0x00, 0x00, 0x10, 0x00, 0x00, 0x00, 0x00, 0x00,
    0x00, 0x00, 0x00, 0x00, 0x00, 0x00, 0x00, 0x00, 0x0B, 0xFF, 0xFF, 0xFF, 0xF8, 0x00, 0x00, 0x00,
    0x7F, 0xFF, 0xFF, 0xFF, 0xE0, 0x00, 0x00, 0x03, 0xFF, 0xFF, 0xFF, 0xFF, 0x80, 0x00, 0x00, 0x2F,
    0xFF, 0xFF, 0xFF, 0xFE, 0x00, 0x00, 0x01, 0xFF, 0xFF, 0x80, 0x00, 0x00, 0x00, 0x00, 0x0F, 0xFF,
    0xFE, 0x00, 0x00, 0x00, 0x00, 0x00, 0xFF, 0xDF, 0xF8, 0x00, 0x00, 0x00, 0x00, 0x07, 0xFE, 0x3F,
    0xE0, 0x00, 0x00, 0x00, 0x00, 0x3F, 0xF0, 0xFF, 0x80, 0x00, 0x00, 0x00, 0x03, 0xFF, 0x43, 0xFF,
    0xFF, 0xFF, 0x00, 0x00, 0x1F, 0xF8, 0x0F, 0xFF, 0xFF, 0xFC, 0x00, 0x00, 0xFF, 0xC0, 0x3F, 0xFF,
    0xFF, 0xF0, 0x00, 0x0F, 0xFD, 0x00, 0xFF, 0xFF, 0xFF, 0xC0, 0x00, 0xBF, 0xFF, 0xFF, 0xFE, 0x00,
    0x00, 0x00, 0x03, 0xFF, 0xFF, 0xFF, 0xF8, 0x00, 0x00, 0x00, 0x3F, 0xFF, 0xFF, 0xFF, 0xE0, 0x00,
    0x00, 0x02, 0xFF, 0xFF, 0xFF, 0xFF, 0x80, 0x00, 0x00, 0x0F, 0xFC, 0x00, 0x03, 0xFF, 0xFF, 0xFF,
    0xE0, 0xFF, 0xD0, 0x00, 0x0F, 0xFF, 0xFF, 0xFF, 0x8B, 0xFF, 0x00, 0x00, 0x3F, 0xFF, 0xFF, 0xFE,
    0x7F, 0xF0, 0x00, 0x00, 0xFF, 0xFF, 0xFF, 0xF8, 0x00, 0x00, 0x00, 0x04, 0x00, 0x00, 0x00, 0x00,
    0x00, 0x1F, 0x00, 0x00, 0x00, 0x00, 0x00, 0x2F, 0xF0, 0x00, 0x00, 0x00, 0x00, 0x2F, 0xFC, 0x00,
    0x00, 0x00, 0x00, 0x2F, 0xF4, 0x00, 0x00, 0x00, 0x00, 0x03, 0xD0, 0x00, 0x00, 0x00, 0x00, 0x00,
    0x40, 0x00, 0x00, 0x00, 0x00, 0x00, 0x00, 0x00, 0x00, 0x00, 0x00, 0xBF, 0xF8, 0x06, 0xFE, 0x40,
    0x02, 0xFF, 0xFF, 0xEF, 0xFF, 0xF8, 0x03, 0xFF, 0xFF, 0xFF, 0xFF, 0xFF, 0xC0, 0xFF, 0xFF, 0xFF,
    0xFF, 0xFF, 0xF4, 0x0B, 0x80, 0x3F, 0xFE, 0x02, 0xFF, 0x00, 0x00, 0x03, 0xFE, 0x00, 0x3F, 0xC0,
    0x1B, 0xFF, 0xFF, 0xFF, 0xFF, 0xF4, 0x7F, 0xFF, 0xFF, 0xFF, 0xFF, 0xFD, 0x7F, 0xFF, 0xFF, 0xFF,
    0xFF, 0xFF, 0xAF, 0xF4, 0x03, 0xFD, 0x00, 0x00, 0x0F, 0xFC, 0x00, 0xFF, 0xC0, 0x00, 0x03, 0xFF,
    0x41, 0xFF, 0xFD, 0x01, 0xF0, 0xFF, 0xFF, 0xFF, 0xFF, 0xFF, 0xFE, 0x1F, 0xFF, 0xFF, 0x7F, 0xFF,
    0xFF, 0xC2, 0xFF, 0xFF, 0x03, 0xFF, 0xFF, 0x80, 0x1B, 0xF9, 0x00, 0x1B, 0xFE, 0x00, 0x00, 0x00,
    0x00, 0x40, 0x00, 0x00, 0x00, 0x01, 0xF8, 0x00, 0x00, 0x00, 0x07, 0xFF, 0x00, 0x00, 0x00, 0x0F,
    0xFF, 0xD0, 0x00, 0x00, 0x03, 0xFF, 0x40, 0x00, 0x00, 0x00, 0xB4, 0x00, 0x00, 0x00, 0x00, 0x00,
    0x00, 0x00, 0x40, 0x00, 0x1B, 0xFF, 0x90, 0xF8, 0x00, 0x7F, 0xFF, 0xFF, 0xBD, 0x00, 0xBF, 0xFF,
    0xFF, 0xFE, 0x00, 0xBF, 0xFF, 0xFF, 0xFF, 0x80, 0x7F, 0xFF, 0xFF, 0xFF, 0xF4, 0x3F, 0xFE, 0x40,
    0x7F, 0xFF, 0x1F, 0xFD, 0x00, 0x2F, 0xFF, 0xDB, 0xFE, 0x00, 0x1F, 0xAF, 0xFB, 0xFF, 0x00, 0x1F,
    0xC3, 0xFF, 0xFF, 0xC0, 0x0F, 0xC0, 0xFF, 0xFF, 0xE0, 0x0F, 0xC0, 0x2F, 0xFF, 0xFC, 0x0B, 0xD0,
    0x0F, 0xFF, 0xFF, 0x07, 0xE0, 0x03, 0xFF, 0xBF, 0xE7, 0xF0, 0x02, 0xFF, 0x9F, 0xFF, 0xF0, 0x01,
    0xFF, 0xD3, 0xFF, 0xF8, 0x06, 0xFF, 0xF0, 0x7F, 0xFF, 0xFF, 0xFF, 0xF4, 0x0B, 0xFF, 0xFF, 0xFF,
    0xF8, 0x01, 0xFF, 0xFF, 0xFF, 0xF8, 0x00, 0xFF, 0xFF, 0xFF, 0xF4, 0x00, 0xFC, 0x1B, 0xFF, 0x90,
    0x00, 0x0D, 0x00, 0x00, 0x00, 0x00, 0x00, 0x00, 0x00, 0x00, 0x00, 0x00, 0x00, 0x00, 0x10, 0x00,
    0x00, 0x00, 0x2F, 0x00, 0x00, 0x00, 0x3F, 0xD0, 0x00, 0x00, 0x3F, 0xF8, 0x00, 0x00, 0x3F, 0xF0,
    0x00, 0x00, 0x0B, 0xD0, 0x00, 0x00, 0x00, 0x40, 0x00, 0x00, 0x00, 0x00, 0x00, 0x00, 0x00, 0x2F,
    0xFD, 0x3D, 0x00, 0xBF, 0xFF, 0xFF, 0x80, 0xFF, 0xFF, 0xFF, 0xC0, 0xBF, 0xFF, 0xFF, 0xF4, 0x3F,
    0xF8, 0x1F, 0xFF, 0x2F, 0xF8, 0x0F, 0xFF, 0xDF, 0xFC, 0x0F, 0xEF, 0xFB, 0xFF, 0x0B, 0xD3, 0xFE,
    0xFF, 0xCB, 0xE0, 0xFF, 0xBF, 0xF7, 0xE0, 0x7F, 0xEB, 0xFF, 0xF0, 0x3F, 0xF4, 0xFF, 0xF4, 0x3F,
    0xFC, 0x2F, 0xFF, 0xFF, 0xFD, 0x03, 0xFF, 0xFF, 0xFE, 0x02, 0xFF, 0xFF, 0xFD, 0x00, 0xF8, 0xBF,
    0xF4, 0x00, 0x08, 0x00, 0x00, 0x00, 0x00, 0x00, 0x10, 0x00, 0x40, 0x00, 0x00, 0x07, 0x80, 0x3D,
    0x00, 0x00, 0x01, 0xFE, 0x0B, 0xF0, 0x00, 0x00, 0x2F, 0xF8, 0xBF, 0xC0, 0x00, 0x00, 0x7F, 0xD1,
    0xFF, 0x00, 0x00, 0x00, 0xBD, 0x03, 0xE0, 0x00, 0x00, 0x01, 0x40, 0x04, 0x00, 0x00, 0x00, 0x00,
    0x00, 0x00, 0x00, 0x00, 0x00, 0x3F, 0xD0, 0x00, 0x00, 0x00, 0x0B, 0xFF, 0x00, 0x00, 0x00, 0x00,
    0xFF, 0xF0, 0x00, 0x00, 0x00, 0x1F, 0xFF, 0x80, 0x00, 0x00, 0x02, 0xFF, 0xFC, 0x00, 0x00, 0x00,
    0x3F, 0xFF, 0xD0, 0x00, 0x00, 0x07, 0xFF, 0xFE, 0x00, 0x00, 0x00, 0xFF, 0xEF, 0xF0, 0x00, 0x00,
    0x0F, 0xF5, 0xFF, 0x80, 0x00, 0x02, 0xFF, 0x0F, 0xFC, 0x00, 0x00, 0x3F, 0xF0, 0xBF, 0xD0, 0x00,
    0x07, 0xFD, 0x07, 0xFE, 0x00, 0x00, 0xFF, 0xC0, 0x3F, 0xF0, 0x00, 0x0F, 0xFF, 0xFF, 0xFF, 0x40,
    0x02, 0xFF, 0xFF, 0xFF, 0xFC, 0x00, 0x3F, 0xFF, 0xFF, 0xFF, 0xC0, 0x07, 0xFF, 0xFF, 0xFF, 0xFE,
    0x00, 0xBF, 0xC0, 0x00, 0x3F, 0xF0, 0x0F, 0xFC, 0x00, 0x02, 0xFF, 0x41, 0xFF, 0x40, 0x00, 0x1F,
    0xF8, 0x3F, 0xF0, 0x00, 0x00, 0xFF, 0xC0, 0x05, 0x00, 0x50, 0x00, 0x1F, 0x01, 0xF4, 0x00, 0x7F,
    0xC3, 0xFC, 0x00, 0x2F, 0xF1, 0xFF, 0x00, 0x07, 0xFC, 0x7F, 0x80, 0x00, 0xF8, 0x0F, 0xC0, 0x00,
    0x10, 0x01, 0x00, 0x00, 0x00, 0x00, 0x00, 0x00, 0xBF, 0xD2, 0xFF, 0x07, 0xFF, 0xFA, 0xFF, 0x1F,
    0xFF, 0xFF, 0xFF, 0x3F, 0xFF, 0xFF, 0xFF, 0x7F, 0xF4, 0x1F, 0xFF, 0xBF, 0xD0, 0x07, 0xFF, 0xFF,
    0xC0, 0x03, 0xFF, 0xFF, 0x80, 0x02, 0xFF, 0xFF, 0x80, 0x02, 0xFF, 0xFF, 0xC0, 0x03, 0xFF, 0xBF,
    0xD0, 0x07, 0xFF, 0x7F, 0xF4, 0x1F, 0xFF, 0x3F, 0xFF, 0xFF, 0xFF, 0x1F, 0xFF, 0xFF, 0xFF, 0x07,
    0xFF, 0xFA, 0xFF, 0x00, 0xBF, 0x92, 0xFF, 0x00, 0x00, 0x7F, 0xD0, 0x00, 0x00, 0x00, 0x2F, 0xFF,
    0xC0, 0x00, 0x00, 0x07, 0xFF, 0xFE, 0x00, 0x00, 0x00, 0xFE, 0x07, 0xF0, 0x00, 0x00, 0x05, 0x80,
    0x15, 0x00, 0x00, 0x00, 0x00, 0x00, 0x00, 0x00, 0x00, 0x00, 0x3F, 0xD0, 0x00, 0x00, 0x00, 0x0B,
    0xFF, 0x00, 0x00, 0x00, 0x00, 0xFF, 0xF0, 0x00, 0x00, 0x00, 0x1F, 0xFF, 0x80, 0x00, 0x00, 0x02,
    0xFF, 0xFC, 0x00, 0x00, 0x00, 0x3F, 0xFF, 0xD0, 0x00, 0x00, 0x07, 0xFF, 0xFE, 0x00, 0x00, 0x00,
    0xFF, 0xEF, 0xF0, 0x00, 0x00, 0x0F, 0xF5, 0xFF, 0x80, 0x00, 0x02, 0xFF, 0x0F, 0xFC, 0x00, 0x00,
    0x3F, 0xF0, 0xBF, 0xD0, 0x00, 0x07, 0xFD, 0x07, 0xFE, 0x00, 0x00, 0xFF, 0xC0, 0x3F, 0xF0, 0x00,
    0x0F, 0xFF, 0xFF, 0xFF, 0x40, 0x02, 0xFF, 0xFF, 0xFF, 0xFC, 0x00, 0x3F, 0xFF, 0xFF, 0xFF, 0xC0,
    0x07, 0xFF, 0xFF, 0xFF, 0xFE, 0x00, 0xBF, 0xC0, 0x00, 0x3F, 0xF0, 0x0F, 0xFC, 0x00, 0x02, 0xFF,
    0x41, 0xFF, 0x40, 0x00, 0x1F, 0xF8, 0x3F, 0xF0, 0x00, 0x00, 0xFF, 0xC0, 0x00, 0x0B, 0xF8, 0x00,
    0x00, 0x3F, 0xFF, 0x00, 0x00, 0xBF, 0xFF, 0xC0, 0x00, 0xFD, 0x1F, 0xD0, 0x01, 0xF8, 0x0B, 0xD0,
    0x00, 0x00, 0x00, 0x00, 0x00, 0x00, 0x00, 0x00, 0x00, 0xBF, 0xD2, 0xFF, 0x07, 0xFF, 0xFA, 0xFF,
    0x1F, 0xFF, 0xFF, 0xFF, 0x3F, 0xFF, 0xFF, 0xFF, 0x7F, 0xF4, 0x1F, 0xFF, 0xBF, 0xD0, 0x07, 0xFF,
    0xFF, 0xC0, 0x03, 0xFF, 0xFF, 0x80, 0x02, 0xFF, 0xFF, 0x80, 0x02, 0xFF, 0xFF, 0xC0, 0x03, 0xFF,
    0xBF, 0xD0, 0x07, 0xFF, 0x7F, 0xF4, 0x1F, 0xFF, 0x3F, 0xFF, 0xFF, 0xFF, 0x1F, 0xFF, 0xFF, 0xFF,
    0x07, 0xFF, 0xFA, 0xFF, 0x00, 0xBF, 0x92, 0xFF, 0x04, 0x00, 0x10, 0x00, 0x0F, 0x00, 0xB8, 0x00,
    0x3F, 0x82, 0xFD, 0x00, 0x7F, 0xE1, 0xFF, 0x40, 0x0B, 0xF8, 0x3F, 0xD0, 0x01, 0xF4, 0x0B, 0xC0,
    0x00, 0x20, 0x01, 0x00, 0x00, 0x00, 0x00, 0x00, 0x3F, 0xFF, 0xFF, 0xFC, 0x3F, 0xFF, 0xFF, 0xFC,
    0x3F, 0xFF, 0xFF, 0xFC, 0x3F, 0xFF, 0xFF, 0xFC, 0x3F, 0xE0, 0x00, 0x00, 0x3F, 0xE0, 0x00, 0x00,
    0x3F, 0xE0, 0x00, 0x00, 0x3F, 0xE0, 0x00, 0x00, 0x3F, 0xFF, 0xFF, 0xF0, 0x3F, 0xFF, 0xFF, 0xF0,
    0x3F, 0xFF, 0xFF, 0xF0, 0x3F, 0xFF, 0xFF, 0xF0, 0x3F, 0xE0, 0x00, 0x00, 0x3F, 0xE0, 0x00, 0x00,
    0x3F, 0xE0, 0x00, 0x00, 0x3F, 0xE0, 0x00, 0x00, 0x3F, 0xE0, 0x00, 0x00, 0x3F, 0xFF, 0xFF, 0xFE,
    0x3F, 0xFF, 0xFF, 0xFE, 0x3F, 0xFF, 0xFF, 0xFE, 0x3F, 0xFF, 0xFF, 0xFE, 0x02, 0x00, 0x20, 0x00,
    0x0F, 0x80, 0xF8, 0x00, 0x3F, 0xD2, 0xFE, 0x00, 0x1F, 0xF4, 0xFF, 0x40, 0x03, 0xFD, 0x2F, 0xC0,
    0x00, 0xBD, 0x0B, 0xD0, 0x00, 0x10, 0x01, 0x00, 0x00, 0x00, 0x00, 0x00, 0x00, 0x1B, 0xFD, 0x00,
    0x00, 0xFF, 0xFF, 0xD0, 0x03, 0xFF, 0xFF, 0xF4, 0x0B, 0xFF, 0xFF, 0xFC, 0x1F, 0xFD, 0x07, 0xFD,
    0x2F, 0xF4, 0x01, 0xFE, 0x3F, 0xFF, 0xFF, 0xFF, 0x3F, 0xFF, 0xFF, 0xFF, 0x3F, 0xFF, 0xFF, 0xFF,
    0x3F, 0xF0, 0x00, 0x00, 0x2F, 0xF8, 0x00, 0x00, 0x1F, 0xFE, 0x41, 0xB0, 0x0B, 0xFF, 0xFF, 0xF8,
    0x03, 0xFF, 0xFF, 0xFC, 0x00, 0xBF, 0xFF, 0xF4, 0x00, 0x0B, 0xFE, 0x40, 0x00, 0x2F, 0xE0, 0x00,
    0x07, 0xFF, 0xF4, 0x00, 0x3F, 0xFF, 0xF0, 0x02, 0xFC, 0x1F, 0xE0, 0x01, 0x40, 0x05, 0x00, 0x00,
    0x00, 0x00, 0x0F, 0xFF, 0xFF, 0xFF, 0x3F, 0xFF, 0xFF, 0xFC, 0xFF, 0xFF, 0xFF, 0xF3, 0xFF, 0xFF,
    0xFF, 0xCF, 0xF8, 0x00, 0x00, 0x3F, 0xE0, 0x00, 0x00, 0xFF, 0x80, 0x00, 0x03, 0xFE, 0x00, 0x00,
    0x0F, 0xFF, 0xFF, 0xFC, 0x3F, 0xFF, 0xFF, 0xF0, 0xFF, 0xFF, 0xFF, 0xC3, 0xFF, 0xFF, 0xFF, 0x0F,
    0xF8, 0x00, 0x00, 0x3F, 0xE0, 0x00, 0x00, 0xFF, 0x80, 0x00, 0x03, 0xFE, 0x00, 0x00, 0x0F, 0xF8,
    0x00, 0x00, 0x3F, 0xFF, 0xFF, 0xFE, 0xFF, 0xFF, 0xFF, 0xFB, 0xFF, 0xFF, 0xFF, 0xEF, 0xFF, 0xFF,
    0xFF, 0x80, 0x00, 0x1F, 0xF4, 0x00, 0x02, 0xFF, 0xF4, 0x00, 0x1F, 0xFF, 0xF0, 0x00, 0xFE, 0x0B,
    0xE0, 0x02, 0xF0, 0x0F, 0x80, 0x00, 0x00, 0x00, 0x00, 0x00, 0x00, 0x00, 0x00, 0x1B, 0xFD, 0x00,
    0x03, 0xFF, 0xFF, 0x40, 0x3F, 0xFF, 0xFF, 0x42, 0xFF, 0xFF, 0xFF, 0x1F, 0xFD, 0x07, 0xFD, 0xBF,
    0xD0, 0x07, 0xFB, 0xFF, 0xFF, 0xFF, 0xFF, 0xFF, 0xFF, 0xFF, 0xFF, 0xFF, 0xFF, 0xFF, 0xFF, 0xC0,
    0x00, 0x02, 0xFF, 0x80, 0x00, 0x07, 0xFF, 0x90, 0x6C, 0x0B, 0xFF, 0xFF, 0xF8, 0x0F, 0xFF, 0xFF,
    0xF0, 0x0B, 0xFF, 0xFF, 0x40, 0x02, 0xFF, 0x90, 0x00, 0x01, 0x00, 0x10, 0x00, 0x2D, 0x01, 0xF0,
    0x01, 0xFD, 0x0F, 0xF0, 0x0B, 0xFC, 0x3F, 0xF0, 0x07, 0xFC, 0x2F, 0xF0, 0x03, 0xF0, 0x1F, 0x80,
    0x02, 0x00, 0x04, 0x00, 0x00, 0x00, 0x00, 0x03, 0xFF, 0xFF, 0xFC, 0x0F, 0xFF, 0xFF, 0xF0, 0x3F,
    0xFF, 0xFF, 0xC0, 0xFF, 0xFF, 0xFF, 0x00, 0x0B, 0xFC, 0x00, 0x00, 0x2F, 0xF0, 0x00, 0x00, 0xBF,
    0xC0, 0x00, 0x02, 0xFF, 0x00, 0x00, 0x0B, 0xFC, 0x00, 0x00, 0x2F, 0xF0, 0x00, 0x00, 0xBF, 0xC0,
    0x00, 0x02, 0xFF, 0x00, 0x00, 0x0B, 0xFC, 0x00, 0x00, 0x2F, 0xF0, 0x00, 0x00, 0xBF, 0xC0, 0x00,
    0x02, 0xFF, 0x00, 0x00, 0x0B, 0xFC, 0x00, 0x0F, 0xFF, 0xFF, 0xF0, 0x3F, 0xFF, 0xFF, 0xC0, 0xFF,
    0xFF, 0xFF, 0x03, 0xFF, 0xFF, 0xFC, 0x00, 0x00, 0x00, 0x00, 0x0D, 0x00, 0xE0, 0x00, 0xFC, 0x0F,
    0xD0, 0x0B, 0xFC, 0x7F, 0xC0, 0x0B, 0xFC, 0x7F, 0xC0, 0x07, 0xF8, 0x3F, 0xC0, 0x03, 0xC0, 0x3D,
    0x00, 0x00, 0x00, 0x00, 0x00, 0x00, 0x00, 0x00, 0x00, 0x0F, 0xF8, 0x00, 0x00, 0x3F, 0xE0, 0x00,
    0x00, 0xFF, 0x80, 0x00, 0x03, 0xFE, 0x00, 0x00, 0x0F, 0xF8, 0x00, 0x00, 0x3F, 0xE0, 0x00, 0x00,
    0xFF, 0x80, 0x00, 0x03, 0xFE, 0x00, 0x00, 0x0F, 0xF8, 0x00, 0x00, 0x3F, 0xE0, 0x00, 0x00, 0xFF,
    0x80, 0x00, 0x03, 0xFE, 0x00, 0x00, 0x0F, 0xF8, 0x00, 0x00, 0x3F, 0xE0, 0x00, 0x00, 0xFF, 0x80,
    0x00, 0x03, 0xFE, 0x00, 0x01, 0xFF, 0x40, 0x0F, 0xFF, 0xE0, 0x2F, 0xFF, 0xF4, 0x3F, 0x43, 0xFC,
    0x15, 0x00, 0x54, 0x00, 0x00, 0x00, 0xFF, 0xFF, 0xFF, 0xFF, 0xFF, 0xFF, 0xFF, 0xFF, 0xFF, 0xFF,
    0xFF, 0xFF, 0x02, 0xFF, 0x00, 0x02, 0xFF, 0x00, 0x02, 0xFF, 0x00, 0x02, 0xFF, 0x00, 0x02, 0xFF,
    0x00, 0x02, 0xFF, 0x00, 0x02, 0xFF, 0x00, 0x02, 0xFF, 0x00, 0x02, 0xFF, 0x00, 0x02, 0xFF, 0x00,
    0x02, 0xFF, 0x00, 0x02, 0xFF, 0x00, 0x02, 0xFF, 0x00, 0xFF, 0xFF, 0xFF, 0xFF, 0xFF, 0xFF, 0xFF,
    0xFF, 0xFF, 0xFF, 0xFF, 0xFF, 0x02, 0xFE, 0x00, 0x7F, 0xFF, 0x03, 0xFF, 0xFF, 0x2F, 0xC1, 0xFD,
    0x6D, 0x02, 0xA4, 0x00, 0x00, 0x00, 0x00, 0x00, 0x00, 0xFF, 0x80, 0x03, 0xFE, 0x00, 0x0F, 0xF8,
    0x00, 0x3F, 0xE0, 0x00, 0xFF, 0x80, 0x03, 0xFE, 0x00, 0x0F, 0xF8, 0x00, 0x3F, 0xE0, 0x00, 0xFF,
    0x80, 0x03, 0xFE, 0x00, 0x0F, 0xF8, 0x00, 0x3F, 0xE0, 0x00, 0xFF, 0x80, 0x03, 0xFE, 0x00, 0x0F,
    0xF8, 0x00, 0x3F, 0xE0, 0x00, 0x00, 0x00, 0x00, 0x00, 0x00, 0x00, 0x34, 0x00, 0xD0, 0x00, 0x00,
    0x2F, 0x40, 0xFD, 0x00, 0x00, 0x1F, 0xF4, 0xBF, 0xC0, 0x00, 0x02, 0xFF, 0x4B, 0xFC, 0x00, 0x00,
    0x0F, 0xF0, 0x7F, 0x80, 0x00, 0x00, 0xB0, 0x02, 0xC0, 0x00, 0x00, 0x00, 0x00, 0x00, 0x00, 0x00,
    0x06, 0xFF, 0xE4, 0x00, 0x00, 0x0F, 0xFF, 0xFF, 0xD0, 0x00, 0x1F, 0xFF, 0xFF, 0xFE, 0x00, 0x1F,
    0xFF, 0xFF, 0xFF, 0xE0, 0x1F, 0xFF, 0xFF, 0xFF, 0xFD, 0x0F, 0xFF, 0x90, 0x1B, 0xFF, 0xC7, 0xFF,
    0x40, 0x00, 0x7F, 0xF6, 0xFF, 0x80, 0x00, 0x0B, 0xFE, 0xFF, 0xC0, 0x00, 0x00, 0xFF, 0xFF, 0xF0,
    0x00, 0x00, 0x3F, 0xFF, 0xF8, 0x00, 0x00, 0x0B, 0xFF, 0xFF, 0x00, 0x00, 0x03, 0xFF, 0xFF, 0xC0,
    0x00, 0x00, 0xFF, 0xEF, 0xF8, 0x00, 0x00, 0xBF, 0xE7, 0xFF, 0x40, 0x00, 0x7F, 0xF4, 0xFF, 0xF9,
    0x01, 0xBF, 0xFC, 0x1F, 0xFF, 0xFF, 0xFF, 0xFD, 0x01, 0xFF, 0xFF, 0xFF, 0xFE, 0x00, 0x1F, 0xFF,
    0xFF, 0xFE, 0x00, 0x01, 0xFF, 0xFF, 0xFD, 0x00, 0x00, 0x06, 0xFF, 0xE4, 0x00, 0x00, 0x02, 0x00,
    0x14, 0x00, 0x00, 0xBC, 0x0B, 0xC0, 0x00, 0x2F, 0xE1, 0xFF, 0x00, 0x00, 0xFF, 0x8B, 0xF8, 0x00,
    0x02, 0xFE, 0x1F, 0xE0, 0x00, 0x07, 0xE0, 0x7E, 0x00, 0x00, 0x04, 0x00, 0x40, 0x00, 0x00, 0x00,
    0x00, 0x00, 0x00, 0x0B, 0xFF, 0x40, 0x00, 0x0B, 0xFF, 0xFF, 0x40, 0x03, 0xFF, 0xFF, 0xFE, 0x00,
    0xBF, 0xFF, 0xFF, 0xF4, 0x0F, 0xFE, 0x03, 0xFF, 0xC2, 0xFF, 0x80, 0x0F, 0xFD, 0x3F, 0xF0, 0x00,
    0x7F, 0xE3, 0xFF, 0x00, 0x03, 0xFE, 0x3F, 0xF0, 0x00, 0x3F, 0xE3, 0xFF, 0x00, 0x07, 0xFE, 0x2F,
    0xF8, 0x00, 0xFF, 0xD0, 0xFF, 0xE0, 0x3F, 0xFC, 0x0B, 0xFF, 0xFF, 0xFF, 0x40, 0x3F, 0xFF, 0xFF,
    0xE0, 0x00, 0xBF, 0xFF, 0xF4, 0x00, 0x00, 0xBF, 0xF4, 0x00, 0x00, 0x00, 0xBF, 0x80, 0x00, 0x00,
    0x01, 0xFF, 0xFD, 0x00, 0x00, 0x00, 0xFF, 0xFF, 0xC0, 0x00, 0x00, 0xBF, 0x47, 0xF8, 0x00, 0x00,
    0x1A, 0x40, 0x69, 0x00, 0x00, 0x00, 0x00, 0x00, 0x00, 0x00, 0x00, 0x6F, 0xFE, 0x40, 0x00, 0x00,
    0xFF, 0xFF, 0xFD, 0x00, 0x01, 0xFF, 0xFF, 0xFF, 0xE0, 0x01, 0xFF, 0xFF, 0xFF, 0xFE, 0x01, 0xFF,
    0xFF, 0xFF, 0xFF, 0xD0, 0xFF, 0xF9, 0x01, 0xBF, 0xFC, 0x7F, 0xF4, 0x00, 0x07, 0xFF, 0x6F, 0xF8,
    0x00, 0x00, 0xBF, 0xEF, 0xFC, 0x00, 0x00, 0x0F, 0xFF, 0xFF, 0x00, 0x00, 0x03, 0xFF, 0xFF, 0x80,
    0x00, 0x00, 0xBF, 0xFF, 0xF0, 0x00, 0x00, 0x3F, 0xFF, 0xFC, 0x00, 0x00, 0x0F, 0xFE, 0xFF, 0x80,
    0x00, 0x0B, 0xFE, 0x7F, 0xF4, 0x00, 0x07, 0xFF, 0x4F, 0xFF, 0x90, 0x1B, 0xFF, 0xC1, 0xFF, 0xFF,
    0xFF, 0xFF, 0xD0, 0x1F, 0xFF, 0xFF, 0xFF, 0xE0, 0x01, 0xFF, 0xFF, 0xFF, 0xE0, 0x00, 0x1F, 0xFF,
    0xFF, 0xD0, 0x00, 0x00, 0x6F, 0xFE, 0x40, 0x00, 0x00, 0x0B, 0xF8, 0x00, 0x00, 0x1F, 0xFF, 0xC0,
    0x00, 0x0F, 0xFF, 0xFC, 0x00, 0x0B, 0xF4, 0x7F, 0x40, 0x02, 0xF4, 0x0B, 0xD0, 0x00, 0x00, 0x00,
    0x00, 0x00, 0x00, 0x00, 0x00, 0x00, 0x00, 0xBF, 0xF4, 0x00, 0x02, 0xFF, 0xFF, 0xD0, 0x03, 0xFF,
    0xFF, 0xFE, 0x02, 0xFF, 0xFF, 0xFF, 0xD0, 0xFF, 0xE0, 0x3F, 0xFC, 0xBF, 0xE0, 0x03, 0xFF, 0x7F,
    0xF0, 0x00, 0x7F, 0xEF, 0xFC, 0x00, 0x0F, 0xFB, 0xFF, 0x00, 0x03, 0xFE, 0xFF, 0xC0, 0x01, 0xFF,
    0xAF, 0xF8, 0x00, 0xFF, 0xD3, 0xFF, 0x80, 0xFF, 0xF0, 0xBF, 0xFF, 0xFF, 0xF4, 0x0F, 0xFF, 0xFF,
    0xF8, 0x00, 0xBF, 0xFF, 0xF4, 0x00, 0x02, 0xFF, 0xD0, 0x00, 0x04, 0x00, 0x10, 0x00, 0x01, 0xE0,
    0x0F, 0x40, 0x00, 0x7F, 0x82, 0xFC, 0x00, 0x07, 0xFE, 0x2F, 0xF0, 0x00, 0x0F, 0xF4, 0x7F, 0xC0,
    0x00, 0x2F, 0x40, 0xF8, 0x00, 0x00, 0x50, 0x01, 0x00, 0x00, 0x00, 0x00, 0x00, 0x00, 0x3F, 0xFF,
    0xFF, 0x80, 0x03, 0xFF, 0xFF, 0xFF, 0x80, 0x3F, 0xFF, 0xFF, 0xFE, 0x03, 0xFF, 0xFF, 0xFF, 0xF0,
    0x3F, 0xE0, 0x03, 0xFF, 0x83, 0xFE, 0x00, 0x0F, 0xFC, 0x3F, 0xE0, 0x00, 0xFF, 0xC3, 0xFE, 0x00,
    0x0F, 0xFC, 0x3F, 0xE0, 0x00, 0xFF, 0xC3, 0xFE, 0x00, 0x2F, 0xF8, 0x3F, 0xFF, 0xFF, 0xFF, 0x03,
    0xFF, 0xFF, 0xFF, 0xD0, 0x3F, 0xFF, 0xFF, 0xF4, 0x03, 0xFF, 0xFF, 0xFE, 0x00, 0x3F, 0xE0, 0x7F,
    0xF0, 0x03, 0xFE, 0x03, 0xFF, 0x80, 0x3F, 0xE0, 0x0F, 0xFD, 0x03, 0xFE, 0x00, 0xBF, 0xF0, 0x3F,
    0xE0, 0x03, 0xFF, 0x43, 0xFE, 0x00, 0x2F, 0xFC, 0x3F, 0xE0, 0x00, 0xFF, 0xE0, 0x08, 0x00, 0x20,
    0x00, 0xBC, 0x07, 0xE0, 0x0B, 0xFC, 0x3F, 0xD0, 0x0B, 0xFC, 0x7F, 0xC0, 0x07, 0xFC, 0x3F, 0xC0,
    0x03, 0xF0, 0x3F, 0x00, 0x01, 0x00, 0x10, 0x00, 0x00, 0x00, 0x00, 0x03, 0xFE, 0x0B, 0xF0, 0x0F,
    0xF9, 0xFF, 0xC0, 0x3F, 0xFF, 0xFE, 0x00, 0xFF, 0xFF, 0xF4, 0x03, 0xFF, 0xFF, 0xC0, 0x0F, 0xFF,
    0x41, 0x00, 0x3F, 0xF0, 0x00, 0x00, 0xFF, 0xC0, 0x00, 0x03, 0xFE, 0x00, 0x00, 0x0F, 0xF8, 0x00,
    0x00, 0x3F, 0xE0, 0x00, 0x00, 0xFF, 0x80, 0x00, 0x03, 0xFE, 0x00, 0x00, 0x0F, 0xF8, 0x00, 0x00,
    0x3F, 0xE0, 0x00, 0x00, 0xFF, 0x80, 0x00, 0x00, 0x7F, 0xD0, 0x00, 0x00, 0xBF, 0xFF, 0x00, 0x00,
    0x7F, 0xFF, 0xE0, 0x00, 0x3F, 0x81, 0xFC, 0x00, 0x05, 0x80, 0x15, 0x00, 0x00, 0x00, 0x00, 0x00,
    0x0F, 0xFF, 0xFF, 0xE0, 0x03, 0xFF, 0xFF, 0xFF, 0x80, 0xFF, 0xFF, 0xFF, 0xF8, 0x3F, 0xFF, 0xFF,
    0xFF, 0x0F, 0xF8, 0x00, 0xFF, 0xE3, 0xFE, 0x00, 0x0F, 0xFC, 0xFF, 0x80, 0x03, 0xFF, 0x3F, 0xE0,
    0x00, 0xFF, 0xCF, 0xF8, 0x00, 0x3F, 0xF3, 0xFE, 0x00, 0x2F, 0xF8, 0xFF, 0xFF, 0xFF, 0xFC, 0x3F,
    0xFF, 0xFF, 0xFD, 0x0F, 0xFF, 0xFF, 0xFD, 0x03, 0xFF, 0xFF, 0xFE, 0x00, 0xFF, 0x81, 0xFF, 0xC0,
    0x3F, 0xE0, 0x3F, 0xF8, 0x0F, 0xF8, 0x03, 0xFF, 0x43, 0xFE, 0x00, 0xBF, 0xF0, 0xFF, 0x80, 0x0F,
    0xFD, 0x3F, 0xE0, 0x02, 0xFF, 0xCF, 0xF8, 0x00, 0x3F, 0xF8, 0x02, 0xFE, 0x00, 0x0F, 0xFF, 0xD0,
    0x3F, 0xFF, 0xF0, 0x7F, 0x43, 0xF8, 0x7E, 0x00, 0xF8, 0x00, 0x00, 0x00, 0x00, 0x00, 0x00, 0xFF,
    0x82, 0xFC, 0xFF, 0x9F, 0xFC, 0xFF, 0xFF, 0xF8, 0xFF, 0xFF, 0xF4, 0xFF, 0xFF, 0xF0, 0xFF, 0xF4,
    0x10, 0xFF, 0xC0, 0x00, 0xFF, 0xC0, 0x00, 0xFF, 0x80, 0x00, 0xFF, 0x80, 0x00, 0xFF, 0x80, 0x00,
    0xFF, 0x80, 0x00, 0xFF, 0x80, 0x00, 0xFF, 0x80, 0x00, 0xFF, 0x80, 0x00, 0xFF, 0x80, 0x00, 0x00,
    0x00, 0x10, 0x00, 0x00, 0xF0, 0x03, 0xC0, 0x00, 0x2F, 0xC0, 0xFF, 0x00, 0x03, 0xFF, 0x0F, 0xFC,
    0x00, 0x0B, 0xFC, 0x2F, 0xF0, 0x00, 0x0F, 0xC0, 0x7E, 0x00, 0x00, 0x20, 0x00, 0x80, 0x00, 0x00,
    0x00, 0x00, 0x00, 0xFF, 0x80, 0x00, 0x3F, 0xEF, 0xF8, 0x00, 0x03, 0xFE, 0xFF, 0x80, 0x00, 0x3F,
    0xEF, 0xF8, 0x00, 0x03, 0xFE, 0xFF, 0x80, 0x00, 0x3F, 0xEF, 0xF8, 0x00, 0x03, 0xFE, 0xFF, 0x80,
    0x00, 0x3F, 0xEF, 0xF8, 0x00, 0x03, 0xFE, 0xFF, 0x80, 0x00, 0x3F, 0xEF, 0xF8, 0x00, 0x03, 0xFE,
    0xFF, 0x80, 0x00, 0x3F, 0xEF, 0xF8, 0x00, 0x03, 0xFE, 0xFF, 0x80, 0x00, 0x3F, 0xEF, 0xFC, 0x00,
    0x03, 0xFE, 0xFF, 0xC0, 0x00, 0x7F, 0xEB, 0xFE, 0x00, 0x0F, 0xFD, 0x3F, 0xF9, 0x07, 0xFF, 0xC2,
    0xFF, 0xFF, 0xFF, 0xF4, 0x0B, 0xFF, 0xFF, 0xFD, 0x00, 0x1F, 0xFF, 0xFF, 0x40, 0x00, 0x1B, 0xFE,
    0x40, 0x00, 0x00, 0x00, 0x00, 0x00, 0x0D, 0x00, 0xA0, 0x00, 0x3F, 0x43, 0xF8, 0x00, 0xBF, 0xC7,
    0xFD, 0x00, 0x1F, 0xF0, 0xFF, 0x00, 0x03, 0xFC, 0x3F, 0xC0, 0x00, 0xB4, 0x0B, 0x40, 0x00, 0x00,
    0x00, 0x00, 0x00, 0x00, 0x00, 0x00, 0x3F, 0xE0, 0x03, 0xFE, 0x3F, 0xE0, 0x03, 0xFE, 0x3F, 0xE0,
    0x03, 0xFE, 0x3F, 0xE0, 0x03, 0xFE, 0x3F, 0xE0, 0x03, 0xFE, 0x3F, 0xE0, 0x03, 0xFE, 0x3F, 0xE0,
    0x03, 0xFE, 0x3F, 0xE0, 0x03, 0xFE, 0x3F, 0xE0, 0x03, 0xFE, 0x3F, 0xF0, 0x03, 0xFE, 0x3F, 0xF0,
    0x07, 0xFE, 0x3F, 0xF8, 0x1F, 0xFE, 0x2F, 0xFF, 0xFF, 0xFE, 0x0F, 0xFF, 0xFF, 0xFE, 0x07, 0xFF,
    0xF7, 0xFE, 0x00, 0xBF, 0x83, 0xFE, 0x00, 0x0B, 0xFD, 0x00, 0x00, 0x03, 0xFF, 0xF8, 0x00, 0x00,
    0xFF, 0xFF, 0xE0, 0x00, 0x1F, 0xD0, 0xBF, 0x00, 0x00, 0x54, 0x01, 0x50, 0x00, 0x00, 0x00, 0x00,
    0x00, 0xFF, 0x80, 0x00, 0x3F, 0xEF, 0xF8, 0x00, 0x03, 0xFE, 0xFF, 0x80, 0x00, 0x3F, 0xEF, 0xF8,
    0x00, 0x03, 0xFE, 0xFF, 0x80, 0x00, 0x3F, 0xEF, 0xF8, 0x00, 0x03, 0xFE, 0xFF, 0x80, 0x00, 0x3F,
    0xEF, 0xF8, 0x00, 0x03, 0xFE, 0xFF, 0x80, 0x00, 0x3F, 0xEF, 0xF8, 0x00, 0x03, 0xFE, 0xFF, 0x80,
    0x00, 0x3F, 0xEF, 0xF8, 0x00, 0x03, 0xFE, 0xFF, 0x80, 0x00, 0x3F, 0xEF, 0xFC, 0x00, 0x03, 0xFE,
    0xFF, 0xC0, 0x00, 0x7F, 0xEB, 0xFE, 0x00, 0x0F, 0xFD, 0x3F, 0xF9, 0x07, 0xFF, 0xC2, 0xFF, 0xFF,
    0xFF, 0xF4, 0x0B, 0xFF, 0xFF, 0xFD, 0x00, 0x1F, 0xFF, 0xFF, 0x40, 0x00, 0x1B, 0xFE, 0x40, 0x00,
    0x00, 0x2F, 0xE0, 0x00, 0x07, 0xFF, 0xF0, 0x00, 0x3F, 0xFF, 0xF0, 0x01, 0xFD, 0x1F, 0xD0, 0x06,
    0xD0, 0x1E, 0x40, 0x00, 0x00, 0x00, 0x00, 0x00, 0x00, 0x00, 0x3F, 0xE0, 0x03, 0xFE, 0xFF, 0x80,
    0x0F, 0xFB, 0xFE, 0x00, 0x3F, 0xEF, 0xF8, 0x00, 0xFF, 0xBF, 0xE0, 0x03, 0xFE, 0xFF, 0x80, 0x0F,
    0xFB, 0xFE, 0x00, 0x3F, 0xEF, 0xF8, 0x00, 0xFF, 0xBF, 0xE0, 0x03, 0xFE, 0xFF, 0xC0, 0x0F, 0xFB,
    0xFF, 0x00, 0x7F, 0xEF, 0xFE, 0x07, 0xFF, 0xAF, 0xFF, 0xFF, 0xFE, 0x3F, 0xFF, 0xFF, 0xF8, 0x7F,
    0xFF, 0x7F, 0xE0, 0x2F, 0xE0, 0xFF, 0x80, 0x00, 0x06, 0xFF, 0x90, 0x00, 0x07, 0xFF, 0xFF, 0xE0,
    0x01, 0xFF, 0xFF, 0xFF, 0x80, 0x3F, 0xFF, 0xFF, 0xFC, 0x0B, 0xFE, 0x01, 0xFF, 0x40, 0xFF, 0xC0,
    0x02, 0xC0, 0x0F, 0xFC, 0x00, 0x00, 0x00, 0xFF, 0xF4, 0x00, 0x00, 0x0B, 0xFF, 0xFE, 0x40, 0x00,
    0x3F, 0xFF, 0xFF, 0x80, 0x00, 0xFF, 0xFF, 0xFF, 0x00, 0x02, 0xFF, 0xFF, 0xFC, 0x00, 0x01, 0xBF,
    0xFF, 0xD0, 0x00, 0x00, 0x1F, 0xFE, 0x03, 0x80, 0x00, 0x3F, 0xE0, 0xBE, 0x00, 0x03, 0xFE, 0x2F,
    0xFE, 0x00, 0xBF, 0xD2, 0xFF, 0xFF, 0xFF, 0xFC, 0x0B, 0xFF, 0xFF, 0xFF, 0x40, 0x1F, 0xFF, 0xFF,
    0xC0, 0x00, 0x1B, 0xFF, 0x90, 0x00, 0x00, 0x00, 0x00, 0x00, 0x00, 0x00, 0x7E, 0x00, 0x00, 0x00,
    0x0F, 0xF4, 0x00, 0x00, 0x00, 0xFF, 0x80, 0x00, 0x00, 0x02, 0xF8, 0x00, 0x00, 0x00, 0x1F, 0x40,
    0x00, 0x00, 0x0B, 0xF0, 0x00, 0x00, 0x00, 0xF8, 0x00, 0x00, 0x00, 0x00, 0x00, 0x00, 0x00, 0xBF,
    0xF4, 0x00, 0x7F, 0xFF, 0xF8, 0x0F, 0xFF, 0xFF, 0xD2, 0xFF, 0x06, 0xF4, 0x3F, 0xF0, 0x05, 0x03,
    0xFF, 0x90, 0x00, 0x2F, 0xFF, 0xE4, 0x00, 0xFF, 0xFF, 0xF0, 0x07, 0xFF, 0xFF, 0xC0, 0x07, 0xFF,
    0xFE, 0x00, 0x01, 0xFF, 0xE0, 0x20, 0x03, 0xFE, 0x1F, 0xD0, 0x7F, 0xD3, 0xFF, 0xFF, 0xFC, 0x1F,
    0xFF, 0xFF, 0x00, 0x1B, 0xFE, 0x40, 0x00, 0x00, 0x00, 0x00, 0x01, 0xF8, 0x00, 0x00, 0x3F, 0xD0,
    0x00, 0x03, 0xFE, 0x00, 0x00, 0x0F, 0xE0, 0x00, 0x00, 0x7D, 0x00, 0x00, 0x2F, 0x80, 0x00, 0x03,
    0xE0, 0x00, 0x00, 0x00, 0x00, 0x00, 0xFF, 0xFF, 0xFF, 0xFF, 0xFF, 0xFF, 0xFF, 0xFF, 0xFF, 0xFF,
    0xFF, 0xFF, 0xFF, 0xFF, 0xFF, 0xFF, 0xFF, 0x00, 0x0B, 0xFC, 0x00, 0x00, 0x02, 0xFF, 0x00, 0x00,
    0x00, 0xBF, 0xC0, 0x00, 0x00, 0x2F, 0xF0, 0x00, 0x00, 0x0B, 0xFC, 0x00, 0x00, 0x02, 0xFF, 0x00,
    0x00, 0x00, 0xBF, 0xC0, 0x00, 0x00, 0x2F, 0xF0, 0x00, 0x00, 0x0B, 0xFC, 0x00, 0x00, 0x02, 0xFF,
    0x00, 0x00, 0x00, 0xBF, 0xC0, 0x00, 0x00, 0x2F, 0xF0, 0x00, 0x00, 0x0B, 0xFC, 0x00, 0x00, 0x02,
    0xFF, 0x00, 0x00, 0x00, 0xBF, 0xC0, 0x00, 0x00, 0x2F, 0xF0, 0x00, 0x00, 0x0B, 0xFC, 0x00, 0x00,
    0x00, 0x00, 0x00, 0x00, 0x00, 0x3F, 0x40, 0x00, 0x00, 0x2F, 0xF0, 0x00, 0x00, 0x0B, 0xFD, 0x00,
    0x00, 0x00, 0xBF, 0x00, 0x00, 0x00, 0x0F, 0xC0, 0x00, 0x00, 0x1F, 0xD0, 0x00, 0x00, 0x0B, 0xD0,
    0x00, 0x00, 0x00, 0x40, 0x00, 0x00, 0x02, 0xA9, 0x00, 0x0F, 0xF8, 0x00, 0x3F, 0xE0, 0x00, 0xFF,
    0x80, 0xBF, 0xFF, 0xFA, 0xFF, 0xFF, 0xEB, 0xFF, 0xFF, 0xAF, 0xFF, 0xFE, 0x03, 0xFE, 0x00, 0x0F,
    0xF8, 0x00, 0x3F, 0xE0, 0x00, 0xFF, 0x80, 0x03, 0xFE, 0x00, 0x0F, 0xF8, 0x00, 0x3F, 0xE0, 0x00,
    0xFF, 0x80, 0x03, 0xFE, 0x00, 0x0F, 0xF8, 0x00, 0x3F, 0xE0, 0x00, 0xFF, 0x80, 0x00, 0x00, 0x00,
    0x07, 0xE0, 0x00, 0x3F, 0xD0, 0x00, 0xFF, 0x80, 0x00, 0xBE, 0x00, 0x01, 0xF4, 0x00, 0x1F, 0x80,
    0x00, 0xF8, 0x00, 0x00, 0x00, 0x00, 0x01, 0xBF, 0xFE, 0x00, 0x2F, 0xFF, 0xFF, 0xE0, 0xBF, 0xFF,
    0xFF, 0xF8, 0x3F, 0xE5, 0x6F, 0xFC, 0x18, 0x00, 0x07, 0xFD, 0x00, 0x00, 0x03, 0xFD, 0x00, 0x00,
    0x03, 0xFD, 0x00, 0x00, 0x1F, 0xFC, 0x00, 0x01, 0xFF, 0xF0, 0x01, 0xBF, 0xFF, 0xC0, 0x01, 0xFF,
    0xFF, 0xE0, 0x00, 0xFF, 0xAF, 0xF8, 0x00, 0x90, 0x07, 0xFD, 0x00, 0x00, 0x03, 0xFF, 0x00, 0x00,
    0x02, 0xFF, 0x00, 0x00, 0x02, 0xFF, 0x00, 0x00, 0x02, 0xFF, 0x00, 0x00, 0x03, 0xFE, 0x00, 0x00,
    0x0F, 0xFC, 0x00, 0x00, 0xBF, 0xF8, 0x00, 0x0B, 0xFF, 0xE0, 0x06, 0xFF, 0xFF, 0x80, 0x7F, 0xFF,
    0xF8, 0x00, 0xBF, 0xFF, 0x80, 0x00, 0xBF, 0xE4, 0x00, 0x00, 0x64, 0x00, 0x00, 0x00, 0x06, 0xFF,
    0xE4, 0x03, 0xFF, 0xFF, 0xF0, 0x2F, 0xFF, 0xFF, 0xC0, 0xF9, 0x5F, 0xFD, 0x00, 0x00, 0x3F, 0xD0,
    0x00, 0x03, 0xFD, 0x00, 0x00, 0xBF, 0xC0, 0x00, 0x2F, 0xF8, 0x00, 0xBF, 0xFE, 0x00, 0x3F, 0xFF,
    0xE0, 0x02, 0xFF, 0xFF, 0x80, 0x1E, 0x07, 0xFD, 0x00, 0x00, 0x3F, 0xF0, 0x00, 0x02, 0xFF, 0x00,
    0x00, 0x2F, 0xF0, 0x00, 0x03, 0xFF, 0x00, 0x00, 0xBF, 0xE0, 0x00, 0x7F, 0xFC, 0x01, 0xBF, 0xFF,
    0x07, 0xFF, 0xFF, 0x80, 0xBF, 0xFF, 0x80, 0x0B, 0xFE, 0x40, 0x00, 0x64, 0x00, 0x00, 0x00, 0x03,
    0xF4, 0x03, 0xF8, 0x00, 0x7F, 0x87, 0xF8, 0x00, 0x07, 0xFF, 0xF8, 0x00, 0x00, 0xBF, 0xFC, 0x00,
    0x00, 0x06, 0xA8, 0x00, 0x00, 0x00, 0x00, 0x00, 0x0F, 0xF8, 0x00, 0x0B, 0xFF, 0xFE, 0x00, 0x02,
    0xFF, 0xFF, 0x80, 0x00, 0xBF, 0xFF, 0xE0, 0x00, 0x2F, 0xFF, 0xF8, 0x00, 0x0B, 0xFF, 0xFE, 0x00,
    0x02, 0xFF, 0xFF, 0x80, 0x00, 0xBF, 0xFF, 0xE0, 0x00, 0x2F, 0xFF, 0xF9, 0x55, 0x5B, 0xFF, 0xFF,
    0xFF, 0xFF, 0xFF, 0xFF, 0xFF, 0xFF, 0xFF, 0xFF, 0xFF, 0xFF, 0xFF, 0xFF, 0xF8, 0x00, 0x0B, 0xFF,
    0xFE, 0x00, 0x02, 0xFF, 0xFF, 0x80, 0x00, 0xBF, 0xFF, 0xE0, 0x00, 0x2F, 0xFF, 0xF8, 0x00, 0x0B,
    0xFF, 0xFE, 0x00, 0x02, 0xFF, 0xFF, 0x80, 0x00, 0xBF, 0xFF, 0xE0, 0x00, 0x2F, 0xFF, 0xF8, 0x00,
    0x0B, 0xFC, 0x7F, 0x40, 0x2F, 0x80, 0x00, 0x7F, 0x87, 0xF8, 0x00, 0x00, 0xBF, 0xFF, 0xC0, 0x00,
    0x00, 0xBF, 0xFC, 0x00, 0x00, 0x00, 0x6A, 0x80, 0x00, 0x00, 0x00, 0x00, 0x00, 0x00, 0x00, 0x0F,
    0xF8, 0x00, 0x00, 0x00, 0x3F, 0xE0, 0x00, 0x00, 0x00, 0xFF, 0x80, 0x00, 0x00, 0x03, 0xFE, 0x00,
    0x00, 0x00, 0x0F, 0xF8, 0x00, 0x00, 0x00, 0x3F, 0xD0, 0x00, 0x00, 0x00, 0xFF, 0x47, 0xFE, 0x40,
    0x03, 0xFD, 0xFF, 0xFF, 0x80, 0x0F, 0xFF, 0xFF, 0xFF, 0x40, 0x3F, 0xFE, 0x5F, 0xFE, 0x00, 0xFF,
    0xD0, 0x0F, 0xFC, 0x03, 0xFF, 0x00, 0x2F, 0xF0, 0x0F, 0xF8, 0x00, 0xBF, 0xC0, 0x3F, 0xE0, 0x02,
    0xFF, 0x00, 0xFF, 0x80, 0x0B, 0xFC, 0x03, 0xFE, 0x00, 0x2F, 0xF0, 0x0F, 0xF8, 0x00, 0xBF, 0xC0,
    0x3F, 0xE0, 0x02, 0xFF, 0x00, 0xFF, 0x80, 0x0B, 0xFC, 0x03, 0xFE, 0x00, 0x2F, 0xF0, 0x0F, 0xF8,
    0x00, 0xBF, 0xC0, 0x3F, 0xE0, 0x02, 0xFF, 0x00, 0x00, 0x0F, 0x00, 0x2F, 0xD0, 0x3F, 0xF8, 0x0B,
    0xFE, 0x00, 0xBD, 0x00, 0x08, 0x00, 0x10, 0x00, 0x78, 0x02, 0xFD, 0x0F, 0xFE, 0x3F, 0xF4, 0x3F,
    0x40, 0x08, 0x00, 0x00, 0x29, 0x00, 0x01, 0xFF, 0xC0, 0x07, 0xFF, 0xF0, 0x2F, 0xE7, 0xFD, 0x3F,
    0x40, 0xBD, 0x04, 0x00, 0x04, 0x1F, 0x80, 0x90, 0xFF, 0xC7, 0xDB, 0xFF, 0xFF, 0x3F, 0x1F, 0xF8,
    0x64, 0x1F, 0x80, 0xFF, 0xFF, 0xFF, 0xFF, 0xFF, 0xFF, 0xFF, 0xF0, 0x55, 0x55, 0x55, 0xFF, 0xFF,
    0xFF, 0xFF, 0xFF, 0xFF, 0xFF, 0xFF, 0xFF, 0xBD, 0x02, 0xF6, 0xFC, 0x1F, 0xC3, 0xFF, 0xFE, 0x07,
    0xFF, 0xF0, 0x02, 0xFE, 0x00, 0x2F, 0x8F, 0xFF, 0xFF, 0xFF, 0xFF, 0x2F, 0x80, 0x3E, 0x00, 0xBC,
    0xFF, 0x82, 0xFF, 0xFF, 0x82, 0xFF, 0xFF, 0x82, 0xFF, 0x7E, 0x00, 0xBC, 0x1B, 0xE4, 0x3F, 0xFE,
    0x3F, 0xFF, 0x10, 0x7F, 0x00, 0xFD, 0x03, 0xF4, 0x03, 0xD0, 0x00, 0x00, 0x1F, 0xD1, 0xFF, 0xDF,
    0x8B, 0xFC, 0x0F, 0xF8, 0xBD, 0xFF, 0xD1, 0xFD, 0x00, 0x00, 0x40, 0x01, 0x00, 0x0F, 0x40, 0xF4,
    0x03, 0xFD, 0x2F, 0xD0, 0xBF, 0x8B, 0xFC, 0x2F, 0xD2, 0xFE, 0x03, 0xF4, 0x3F, 0x40, 0x08, 0x00,
    0x80, 0x00, 0x04, 0x00, 0x00, 0x2F, 0x40, 0xBD, 0x2F, 0xE7, 0xFD, 0x0B, 0xFF, 0xF4, 0x02, 0xFF,
    0xC0, 0x00, 0xBF, 0x00, 0xFF, 0xFF, 0xFF, 0xFC, 0xFC, 0x3F, 0xFC, 0x3F, 0xFC, 0x3F, 0xFC, 0x3F,
    0xFC, 0x3F, 0x01, 0x00, 0x10, 0x00, 0xF4, 0x0B, 0x80, 0x3F, 0xD2, 0xFE, 0x01, 0xFF, 0x4F, 0xF4,
    0x03, 0xFC, 0x3F, 0xC0, 0x0B, 0xD0, 0xBE, 0x00, 0x14, 0x01, 0x40, 0x01, 0xF4, 0x00, 0x3F, 0xC0,
    0xA2, 0xF8, 0xAF, 0x44, 0x1F, 0xBD, 0x0B, 0xE3, 0xFF, 0xFC, 0x0B, 0xFD, 0x00, 0x02, 0xFE, 0x00,
    0x7F, 0xFF, 0x03, 0xFF, 0xFE, 0x2F, 0xC1, 0xFC, 0xBD, 0x02, 0xF4, 0x01, 0x02, 0xE3, 0xF6, 0xF0,
    0xFE, 0x3F, 0xEB, 0xF8, 0xFC, 0x1F, 0xE2, 0xFD, 0x3F, 0xC3, 0xFC, 0x3F, 0x47, 0xF0, 0xBE, 0x00,
    0xBF, 0x47, 0xF8, 0x3F, 0xC3, 0xFC, 0x1F, 0xD0, 0xFD, 0x0B, 0xE0, 0x1F, 0xE2, 0xFD, 0x3F, 0xC3,
    0xFC, 0x3F, 0x47, 0xF0, 0xBE, 0x00, 0x6A, 0x80, 0x0F, 0xFC, 0x00, 0xBF, 0x80, 0x07, 0xF8, 0x00,
    0x3F, 0x40, 0x00, 0x6A, 0x80, 0x1F, 0xF4, 0x07, 0xFD, 0x00, 0xFF, 0x00, 0x3F, 0x80, 0x00, 0x03,
    0xFF, 0xFF, 0xFC, 0x0F, 0x03, 0xC0, 0xF0, 0x3F, 0xFF, 0xFF, 0xC0, 0xF0, 0x00, 0xFF, 0xFF, 0xFF,
    0xF0, 0x03, 0xC0, 0x0F, 0x00, 0x3C, 0x00, 0xF0, 0x03, 0xC0, 0x02, 0xA4, 0x0F, 0xF0, 0x7F, 0x83,
    0xFD, 0x7F, 0xF2, 0xFF, 0x07, 0xD0, 0x00, 0x1D, 0x7E, 0xF8, 0xF0, 0xF4, 0x7E, 0x1D, 0x06, 0x00,
    0xF0, 0x0F, 0x0F, 0xFF, 0xFF, 0xF0, 0xFF, 0xFF, 0xFF, 0x0F, 0x00, 0xF0, 0x0F, 0x00, 0x0F, 0x00,
    0xF0, 0xFF, 0xFF, 0xFF, 0x0F, 0x00, 0xF0, 0xFF, 0xFF, 0xFF, 0x02, 0xA8, 0x0F, 0xF0, 0x3F, 0xC0,
    0xFF, 0x03, 0xFD, 0x6F, 0xFF, 0xFF, 0xBF, 0xFC, 0xBF, 0x80, 0xAA, 0x03, 0xFC, 0x0F, 0xF0, 0x3F,
    0xC0, 0xFF, 0x03, 0xFE, 0x4B, 0xFF, 0x8F, 0xFE, 0x1F, 0xF4, 0x2F, 0x8F, 0xFF, 0xFF, 0xFF, 0xFF,
    0x2F, 0x80, 0x3E, 0x00, 0xBC, 0xFF, 0x82, 0xFF, 0xFF, 0x82, 0xFF, 0xFF, 0x82, 0xFF, 0x7E, 0x00,
    0xBC, 0x1F, 0xD0, 0x7F, 0xF8, 0xF8, 0x7C, 0xF0, 0x3C, 0xF8, 0x7C, 0x7F, 0xF8, 0x1F, 0xD0, 0x1F,
    0x83, 0xFD, 0x3F, 0xE0, 0xFE, 0x07, 0xD2, 0xF8, 0x3E, 0x00, 0x00, 0x0F, 0x80, 0xBC, 0x03, 0xFE,
    0x0B, 0xFE, 0x03, 0xFC, 0x7F, 0xFB, 0xFF, 0x2F, 0x90, 0x00, 0x40, 0x2F, 0x83, 0xF4, 0x2F, 0x00,
    0xFC, 0x43, 0xFF, 0xD7, 0xFF, 0x47, 0xF4, 0xFF, 0xFF, 0xFF, 0xFC, 0xFF, 0xFF, 0xFF, 0xFF, 0xFF,
    0xF0, 0x00, 0xFF, 0x00, 0x0F, 0xF0, 0x00, 0xF0, 0x50, 0x10, 0x17, 0xC1, 0xC0, 0xFB, 0x4B, 0x87,
    0x8F, 0xFB, 0xF8, 0x00, 0x00, 0x00, 0x68, 0x00, 0x1A, 0x4F, 0xE0, 0x3F, 0xC1, 0xFF, 0x7F, 0xC0,
    0x1F, 0xFF, 0xC0, 0x02, 0xFF, 0xD0, 0x00, 0x00, 0xAA, 0x00, 0x03, 0xFF, 0xC0, 0x0F, 0xFF, 0xE0,
    0x3F, 0xC7, 0xF8, 0xBE, 0x00, 0xFE, 0xBD, 0x02, 0xF6, 0xFC, 0x1F, 0xC3, 0xFF, 0xFE, 0x07, 0xFF,
    0xF0, 0x02, 0xFE, 0x00, 0x00, 0x14, 0x00, 0x07, 0xFF, 0x80, 0x1F, 0xFF, 0xF0, 0x3F, 0xFF, 0xF8,
    0x7E, 0x00, 0xBC, 0xBC, 0x00, 0x3C, 0x01, 0x40, 0x05, 0x1F, 0xF9, 0x7F, 0x3F, 0xFF, 0xFE, 0xBF,
    0xFF, 0xFC, 0xF8, 0x1B, 0xE0, 0x00, 0x00, 0x3F, 0xFF, 0xFF, 0xFF, 0xFF, 0xFF, 0xFF, 0xFF, 0xFF,
    0xC0, 0xFF, 0xFF, 0xFF, 0xFF, 0xFF, 0xFF, 0xFF, 0xFF, 0xFF, 0xFF, 0xFF, 0xFF, 0xFF, 0x00, 0x00,
    0x00, 0x00, 0x00, 0x00, 0xFF, 0xFF, 0xFF, 0xFF, 0xFF, 0xFF, 0x00, 0x40, 0x05, 0x03, 0xFF, 0x5B,
    0xC3, 0xFF, 0xFF, 0xF1, 0xFF, 0xFF, 0xF4, 0xBC, 0x1B, 0xF4, 0x00, 0x00, 0x00, 0x0F, 0xFF, 0xFF,
    0xFF, 0xFF, 0xFF, 0xFF, 0xFF, 0xFF, 0xFF, 0xF0, 0x55, 0x55, 0x55, 0x55, 0x55, 0x7F, 0xFF, 0xFF,
    0xFF, 0xFF, 0xFF, 0xFF, 0xFF, 0xFF, 0xFF, 0xFF, 0xFF, 0xFF, 0xFF, 0xFF, 0xFF, 0x00, 0x00, 0x60,
    0x00, 0x02, 0xF4, 0x00, 0x1F, 0xFC, 0x01, 0xFF, 0xE0, 0x0B, 0xFF, 0x00, 0x3F, 0xF4, 0x00, 0x1F,
    0x80, 0x00, 0x08, 0x00, 0x00, 0x00, 0x00, 0x06, 0x40, 0x00, 0x00, 0xF8, 0x00, 0x00, 0x2F, 0x40,
    0x00, 0x03, 0xF0, 0x00, 0x00, 0x7E, 0x00, 0x00, 0x0B, 0xC0, 0x00, 0x00, 0xF8, 0x00, 0x00, 0x1F,
    0x40, 0x00, 0x03, 0xF0, 0x00, 0x00, 0x7E, 0x00, 0x00, 0x0B, 0xC0, 0x00, 0x00, 0xF8, 0x00, 0x00,
    0x1F, 0x40, 0x00, 0x03, 0xF0, 0x00, 0x00, 0x7E, 0x00, 0x00, 0x0B, 0xC0, 0x00, 0x00, 0xF8, 0x00,
    0x00, 0x1F, 0x40, 0x00, 0x03, 0xF0, 0x00, 0x00, 0x7E, 0x00, 0x00, 0x0B, 0xC0, 0x00, 0x00, 0xF8,
    0x00, 0x00, 0x1F, 0x40, 0x00, 0x03, 0xF0, 0x00, 0x00, 0x74, 0x2F, 0x81, 0xF0, 0x3C, 0x1F, 0x2F,
    0x87, 0x80, 0xF0, 0x00, 0xFF, 0x00, 0x0F, 0xF0, 0x00, 0xFF, 0xFF, 0xFF, 0xFF, 0xFF, 0xF0, 0xFF,
    0xFF, 0xFF, 0xFF, 0xFF, 0xFF, 0x00, 0x03, 0xFC, 0x00, 0x0F, 0xFF, 0xFF, 0xFF, 0xFF, 0xFF, 0xF0,
    0x2F, 0x9F, 0xE2, 0xE2, 0xE2, 0xEF, 0x03, 0x03, 0xC0, 0x00, 0x00, 0x00, 0x0B, 0x0E, 0x7F, 0xD2,
    0xF4, 0x3F, 0xCB, 0x5E, 0x10, 0x40, 0x07, 0xC2, 0xE0, 0x3C, 0x02, 0xF0, 0x0F, 0x80, 0x3C, 0x07,
    0xC3, 0xE0, 0x00, 0x00, 0xFF, 0xFF, 0xFF, 0xFF, 0xFF, 0xFF, 0x00, 0x00, 0x00, 0x00, 0x00, 0x00,
    0xFF, 0xFF, 0xFF, 0xFF, 0xFF, 0xFF, 0x2A, 0x90, 0x0B, 0xFD, 0x00, 0x7F, 0xC0, 0x03, 0xFC, 0x00,
    0x2F, 0x80, 0x00, 0xAA, 0x40, 0xFF, 0x80, 0xFF, 0x80, 0xBF, 0x40, 0xBF, 0x00, 0x00, 0x01, 0x40,
    0x05, 0x07, 0xFF, 0x5B, 0xC3, 0xFF, 0xFF, 0xE1, 0xFF, 0xFF, 0xF0, 0xB8, 0x1B, 0xF0, 0x00, 0xBF,
    0x3F, 0xF0, 0xFC, 0x3E, 0x1E, 0x00, 0x00, 0x00, 0x0F, 0xF8, 0x00, 0x7E, 0x0F, 0xF1, 0xF8, 0xFF,
    0x4F, 0xE3, 0xFD, 0xBF, 0x1F, 0xC2, 0xFC, 0x04, 0x2F, 0x40, 0x10, 0xFC, 0x3F, 0x0F, 0xE7, 0xFF,
    0x3F, 0xC0, 0xFF, 0xFF, 0xFF, 0xFF, 0xFF, 0xFF, 0xFF, 0x00, 0x00, 0x3F, 0xC0, 0x00, 0x0F, 0xF0,
    0x00, 0x03, 0xC0, 0xFF, 0xFF, 0xFF, 0xFF, 0xFF, 0xFF, 0x00, 0x00, 0x00, 0x00, 0x00, 0x00, 0xFF,
    0xFF, 0xFF, 0xFF, 0xFF, 0xFF, 0xFC, 0x3F, 0xFC, 0x3F, 0xFC, 0x3F, 0xFC, 0x3F, 0xFC, 0x3F, 0x7F,
    0xFB, 0xFF, 0x00, 0xF0, 0x0F, 0x00, 0xF0, 0x09, 0x00, 0x00, 0x00, 0x00, 0x0A, 0x00, 0x0B, 0xEF,
    0x2D, 0x2F, 0xFD, 0x3C, 0x3C, 0xBF, 0xF8, 0x78, 0xFB, 0xE0, 0x00, 0xD0, 0x00, 0x00, 0x00, 0x00,
    0x00, 0xBE, 0x00, 0x00, 0xFF, 0x00, 0x00, 0xBE, 0x00, 0x0B, 0x90, 0x2D, 0x3F, 0xF8, 0x3D, 0x7F,
    0xFF, 0xFC, 0xB8, 0x2F, 0xF4, 0x60, 0x05, 0x80, 0x00, 0xBE, 0x00, 0x00, 0xFF, 0x00, 0x00, 0x7D,
    0x00, 0x00, 0x00, 0x00, 0x0B, 0xF4, 0x3C, 0x2F, 0xFF, 0xF8, 0x3C, 0x1B, 0xE0, 0x00, 0x00, 0x00,
    0x0B, 0xF4, 0x3C, 0x2F, 0xFF, 0xF8, 0x3C, 0x1B, 0xE0, 0x01, 0x01, 0x00, 0x2C, 0x0E, 0x03, 0xFF,
    0xFF, 0x0F, 0xFF, 0xFC, 0x0B, 0x03, 0x80, 0x04, 0x04, 0x00, 0x00, 0x00, 0xA0, 0x2F, 0x82, 0xF8,
    0x0F, 0x00, 0xF0, 0x0F, 0x00, 0xD0, 0x3F, 0x81, 0xFC, 0x7F, 0xFE, 0x34, 0x00, 0x1D, 0x7D, 0xF8,
    0xF0, 0xF8, 0x7D, 0x1D, 0x02, 0xFF, 0x40, 0x7F, 0xFF, 0xC3, 0xF4, 0x2F, 0x9F, 0x01, 0x1F, 0x78,
    0xBE, 0x3C, 0x03, 0xFC, 0x00, 0x07, 0xD0, 0x00, 0x00, 0x03, 0x0C, 0x7F, 0xD2, 0xF8, 0x3F, 0xC7,
    0x9D, 0x00, 0x00, 0x01, 0xCB, 0xFF, 0xD3, 0xF4, 0x2F, 0xC0, 0x70, 0xD0, 0x3F, 0x81, 0xFC, 0x7F,
    0xFE, 0x34, 0x00, 0xD0, 0x01, 0x90, 0xFE, 0x03, 0xE0, 0x1F, 0xC7, 0xF0, 0x1F, 0xCB, 0x74, 0xFE,
    0x4E, 0x38, 0xD0, 0x2C, 0x2C, 0xE0, 0xF8, 0x7C, 0x3C, 0x7C, 0xF8, 0xE0, 0x7E, 0x3F, 0xDF, 0xF5,
    0xF8, 0x03, 0xC0, 0x27, 0xD8, 0x3F, 0xFC, 0x0B, 0xE0, 0x0E, 0xB0, 0x04, 0x10, 0x2F, 0xDB, 0xF4,
    0xB8, 0xBE, 0x2D, 0xF0, 0x3C, 0x0F, 0xF0, 0x3C, 0x0F, 0xB4, 0xBD, 0x1E, 0x2F, 0xEB, 0xF8, 0x00,
    0x00, 0x00, 0x14, 0x03, 0x40, 0x7F, 0xEB, 0xFD, 0x01, 0xC0, 0x2C, 0x29, 0x00, 0x00, 0x00, 0x00,
    0x68, 0x3F, 0xD0, 0x00, 0x00, 0x06, 0xFC, 0x1F, 0xFE, 0x95, 0x56, 0xBF, 0xF0, 0x07, 0xFF, 0xFF,
    0xFF, 0xFF, 0xC0, 0x00, 0xBF, 0xFF, 0xFF, 0xFE, 0x00, 0x00, 0x06, 0xBF, 0xFE, 0x90, 0x00, 0x29,
    0x00, 0x00, 0x00, 0x00, 0x68, 0x3F, 0xD0, 0x00, 0x00, 0x06, 0xFC, 0x1F, 0xFE, 0x95, 0x56, 0xBF,
    0xF0, 0x07, 0xFF, 0xFF, 0xFF, 0xFF, 0xC0, 0x00, 0xBF, 0xFF, 0xFF, 0xFE, 0x00, 0x00, 0x06, 0xBF,
    0xFE, 0x90, 0x00, 0xFF, 0xFF, 0xFF, 0xFF, 0xFF, 0xFF, 0xFF, 0xFF, 0xFF, 0xFF, 0xFF, 0xFF, 0xFF,
    0xFF, 0xFF, 0xFF, 0xFF, 0xFF, 0x02, 0xFF, 0xFE, 0xA5, 0x55, 0xBD, 0x1F, 0xFF, 0xFF, 0xFF, 0xFF,
    0xFC, 0x3F, 0xFF, 0xFF, 0xFF, 0xFF, 0xF4, 0x7E, 0x55, 0x5A, 0xBF, 0xFF, 0x80, 0x00, 0x00, 0x05,
    0x50, 0x00, 0x00, 0x00, 0x07, 0xFF, 0xFF, 0xE0, 0x00, 0x00, 0xBF, 0xFF, 0xFF, 0xFE, 0x00, 0x03,
    0xFF, 0xFF, 0xFF, 0xFF, 0xC0, 0x0F, 0xFE, 0x40, 0x01, 0xBF, 0xF0, 0x2F, 0xD0, 0x00, 0x00, 0x07,
    0xFC, 0x7F, 0x00, 0x00, 0x00, 0x00, 0xFD, 0x00, 0x00, 0x00, 0x00, 0x00, 0x00, 0x00, 0x00, 0x00,
    0x00, 0x02, 0x00, 0x00, 0x00, 0x00, 0x00, 0x03, 0xD0, 0xFF, 0xFF, 0xFF, 0xFF, 0xFF, 0xF8, 0xFF,
    0xFF, 0xFF, 0xFF, 0xFF, 0xF4, 0x00, 0x00, 0x00, 0x00, 0x03, 0xC0, 0x00, 0x00, 0x00, 0x00, 0x02,
    0x00, 0x00, 0x00, 0x00, 0x00, 0x00, 0x00, 0x05, 0x03, 0xAE, 0x00, 0xF2, 0xFF, 0xF4, 0xFF, 0x5F,
    0x7E, 0xB0, 0x00, 0x01, 0x00, 0xFB, 0x8B, 0x07, 0x7F, 0xFD, 0xF0, 0x02, 0xE0, 0x42, 0xFF, 0x00,
    0x00, 0xAF, 0x0F, 0xFF, 0xFF, 0xF0, 0x2F, 0xE2, 0xE2, 0xEF, 0x03, 0xFC, 0x0F, 0xB4, 0x78, 0xBF,
    0x80, 0x00, 0x00, 0xF0, 0x3F, 0xC0, 0xFF, 0x03, 0xFC, 0x0F, 0xF0, 0x7D, 0xFF, 0xF0, 0x00, 0x00,
    0x2F, 0xDB, 0x84, 0xF0, 0x0F, 0x00, 0xB4, 0x03, 0xFD, 0x00, 0x00, 0x00, 0x3C, 0x00, 0xF0, 0x03,
    0xCB, 0xEF, 0xB8, 0xBF, 0xC0, 0xFF, 0x03, 0xED, 0x1F, 0x3F, 0xBC, 0x00, 0x00, 0xF0, 0x03, 0xC0,
    0x0F, 0x00, 0x3E, 0xFC, 0xF8, 0x7F, 0xC0, 0xFF, 0x03, 0xFC, 0x0F, 0xF0, 0x3C, 0xEB, 0xDB, 0xD3,
    0xD7, 0xD7, 0xCF, 0x0F, 0x0F, 0x3C, 0x3C, 0x3C, 0xF0, 0xF0, 0xF3, 0xC3, 0xC3, 0xC0, 0xE7, 0x7F,
    0xEF, 0x43, 0xC0, 0xF0, 0x3C, 0x0F, 0x00, 0x00, 0x0B, 0x0B, 0xF4, 0xF0, 0x3C, 0x0F, 0x03, 0xC0,
    0xBE, 0x00, 0x00, 0x24, 0x09, 0x0F, 0x07, 0x82, 0xD2, 0xC0, 0x38, 0xF0, 0x0F, 0xB4, 0x01, 0xFC,
    0x00, 0x3E, 0x00, 0x3C, 0x3D, 0x0F, 0xB8, 0x07, 0xF0, 0x0B, 0xF0, 0x1F, 0x78, 0x3C, 0x2E, 0x2F,
    0xF4, 0x00, 0x01, 0xFF, 0x00, 0x00, 0x1F, 0xF0, 0x00, 0x00, 0xFE, 0x00, 0x00, 0x0A, 0x40, 0x00,
    0x00, 0x00, 0x0F, 0xFF, 0xFF, 0xFB, 0xFF, 0xFF, 0xFE, 0xFF, 0xFF, 0xFF, 0xBF, 0xE5, 0x55, 0x4F,
    0xF4, 0x00, 0x03, 0xFD, 0x00, 0x00, 0xFF, 0x40, 0x00, 0x3F, 0xD0, 0x00, 0x0F, 0xF9, 0x55, 0x53,
    0xFF, 0xFF, 0xFC, 0xFF, 0xFF, 0xFF, 0x3F, 0xFF, 0xFF, 0xCF, 0xF4, 0x00, 0x03, 0xFD, 0x00, 0x00,
    0xFF, 0x40, 0x00, 0x3F, 0xD0, 0x00, 0x0F, 0xF4, 0x00, 0x03, 0xFE, 0x55, 0x54, 0xFF, 0xFF, 0xFF,
    0xBF, 0xFF, 0xFF, 0xEF, 0xFF, 0xFF, 0xF8, 0x1F, 0x81, 0xF8, 0x0F, 0xF4, 0xFF, 0x43, 0xFD, 0x3F,
    0xD0, 0x7E, 0x07, 0xE0, 0x00, 0x00, 0x00, 0x00, 0x00, 0x00, 0x0F, 0xFF, 0xFF, 0xFB, 0xFF, 0xFF,
    0xFE, 0xFF, 0xFF, 0xFF, 0xBF, 0xE5, 0x55, 0x4F, 0xF4, 0x00, 0x03, 0xFD, 0x00, 0x00, 0xFF, 0x40,
    0x00, 0x3F, 0xD0, 0x00, 0x0F, 0xF9, 0x55, 0x53, 0xFF, 0xFF, 0xFC, 0xFF, 0xFF, 0xFF, 0x3F, 0xFF,
    0xFF, 0xCF, 0xF4, 0x00, 0x03, 0xFD, 0x00, 0x00, 0xFF, 0x40, 0x00, 0x3F, 0xD0, 0x00, 0x0F, 0xF4,
    0x00, 0x03, 0xFE, 0x55, 0x54, 0xFF, 0xFF, 0xFF, 0xBF, 0xFF, 0xFF, 0xEF, 0xFF, 0xFF, 0xF8, 0xFF,
    0xFF, 0xFF, 0xFF, 0x00, 0x3F, 0xFF, 0xFF, 0xFF, 0xC0, 0x0F, 0xFF, 0xFF, 0xFF, 0xF0, 0x01, 0x55,
    0xFF, 0x95, 0x54, 0x00, 0x00, 0x3F, 0xD0, 0x00, 0x00, 0x00, 0x0F, 0xF4, 0x00, 0x00, 0x00, 0x03,
    0xFD, 0x00, 0x00, 0x00, 0x00, 0xFF, 0x40, 0x00, 0x00, 0x00, 0x3F, 0xEB, 0xFF, 0x80, 0x00, 0x0F,
    0xFF, 0xFF, 0xFD, 0x00, 0x03, 0xFF, 0xFF, 0xFF, 0xD0, 0x00, 0xFF, 0xE5, 0x6F, 0xFC, 0x00, 0x3F,
    0xD0, 0x02, 0xFF, 0x00, 0x0F, 0xF4, 0x00, 0x3F, 0xD0, 0x03, 0xFD, 0x00, 0x0F, 0xF4, 0x00, 0xFF,
    0x40, 0x03, 0xFD, 0x00, 0x3F, 0xD0, 0x01, 0xFF, 0x00, 0x0F, 0xF4, 0x16, 0xFF, 0xC0, 0x03, 0xFD,
    0x0F, 0xFF, 0xD0, 0x00, 0xFF, 0x43, 0xFF, 0xE0, 0x00, 0x3F, 0xD0, 0xFF, 0x90, 0x00, 0x00, 0x03,
    0xFF, 0x00, 0x02, 0xFF, 0x00, 0x01, 0xFF, 0x00, 0x00, 0xFE, 0x00, 0x00, 0x29, 0x00, 0x00, 0x00,
    0x00, 0x0F, 0xFF, 0xFF, 0xFF, 0xFF, 0xFF, 0xFF, 0xFF, 0xFF, 0xFF, 0xFF, 0xE5, 0x55, 0x5F, 0xF4,
    0x00, 0x03, 0xFD, 0x00, 0x00, 0xFF, 0x40, 0x00, 0x3F, 0xD0, 0x00, 0x0F, 0xF4, 0x00, 0x03, 0xFD,
    0x00, 0x00, 0xFF, 0x40, 0x00, 0x3F, 0xD0, 0x00, 0x0F, 0xF4, 0x00, 0x03, 0xFD, 0x00, 0x00, 0xFF,
    0x40, 0x00, 0x3F, 0xD0, 0x00, 0x0F, 0xF4, 0x00, 0x03, 0xFD, 0x00, 0x00, 0xFF, 0x40, 0x00, 0x3F,
    0xD0, 0x00, 0x0F, 0xF4, 0x00, 0x00, 0x00, 0x0B, 0xFF, 0xE4, 0x00, 0x2F, 0xFF, 0xFF, 0xC0, 0x3F,
    0xFF, 0xFF, 0xE0, 0x3F, 0xFD, 0x56, 0xF0, 0x2F, 0xF8, 0x00, 0x04, 0x0F, 0xF8, 0x00, 0x00, 0x07,
    0xFC, 0x00, 0x00, 0x02, 0xFF, 0x00, 0x00, 0x00, 0xFF, 0x95, 0x55, 0x40, 0x3F, 0xFF, 0xFF, 0xF8,
    0x0F, 0xFF, 0xFF, 0xFE, 0x03, 0xFF, 0xFF, 0xFF, 0x80, 0xFF, 0x80, 0x00, 0x00, 0x2F, 0xE0, 0x00,
    0x00, 0x07, 0xFC, 0x00, 0x00, 0x00, 0xFF, 0x80, 0x00, 0x00, 0x2F, 0xF4, 0x00, 0x00, 0x03, 0xFF,
    0xE5, 0x5B, 0x80, 0x7F, 0xFF, 0xFF, 0xE0, 0x03, 0xFF, 0xFF, 0xF4, 0x00, 0x1B, 0xFF, 0xE4, 0x00,
    0x01, 0xBF, 0xF9, 0x00, 0xFF, 0xFF, 0xFC, 0x3F, 0xFF, 0xFF, 0xCB, 0xFE, 0x56, 0xF4, 0xFF, 0x80,
    0x01, 0x0F, 0xF4, 0x00, 0x00, 0xFF, 0xC0, 0x00, 0x0F, 0xFF, 0x00, 0x00, 0x7F, 0xFE, 0x00, 0x02,
    0xFF, 0xFE, 0x00, 0x0B, 0xFF, 0xFD, 0x00, 0x1F, 0xFF, 0xF4, 0x00, 0x1F, 0xFF, 0xC0, 0x00, 0x1F,
    0xFD, 0x00, 0x00, 0x7F, 0xD0, 0x00, 0x03, 0xFD, 0xD0, 0x00, 0x7F, 0xCF, 0xE5, 0x6F, 0xFC, 0xFF,
    0xFF, 0xFF, 0x4F, 0xFF, 0xFF, 0xD0, 0x1B, 0xFF, 0x90, 0x00, 0xFF, 0x7F, 0xDF, 0xF7, 0xFD, 0xFF,
    0x7F, 0xDF, 0xF7, 0xFD, 0xFF, 0x7F, 0xDF, 0xF7, 0xFD, 0xFF, 0x7F, 0xDF, 0xF7, 0xFD, 0xFF, 0x7F,
    0xDF, 0xF7, 0xFD, 0xFF, 0x40, 0x7D, 0x1F, 0x7F, 0xCF, 0xFF, 0xF3, 0xFD, 0xF4, 0x7D, 0x00, 0x00,
    0x00, 0x00, 0x00, 0xFF, 0x40, 0x3F, 0xD0, 0x0F, 0xF4, 0x03, 0xFD, 0x00, 0xFF, 0x40, 0x3F, 0xD0,
    0x0F, 0xF4, 0x03, 0xFD, 0x00, 0xFF, 0x40, 0x3F, 0xD0, 0x0F, 0xF4, 0x03, 0xFD, 0x00, 0xFF, 0x40,
    0x3F, 0xD0, 0x0F, 0xF4, 0x03, 0xFD, 0x00, 0xFF, 0x40, 0x3F, 0xD0, 0x0F, 0xF4, 0x03, 0xFD, 0x00,
    0xFF, 0x40, 0x00, 0x3F, 0xD0, 0x03, 0xFD, 0x00, 0x3F, 0xD0, 0x03, 0xFD, 0x00, 0x3F, 0xD0, 0x03,
    0xFD, 0x00, 0x3F, 0xD0, 0x03, 0xFD, 0x00, 0x3F, 0xD0, 0x03, 0xFD, 0x00, 0x3F, 0xD0, 0x03, 0xFD,
    0x00, 0x3F, 0xD0, 0x03, 0xFD, 0x00, 0x3F, 0xD0, 0x03, 0xFD, 0x00, 0x3F, 0xD0, 0x03, 0xFD, 0x00,
    0x3F, 0xD0, 0x03, 0xFD, 0x00, 0x3F, 0xD0, 0x07, 0xFC, 0x01, 0xFF, 0xCF, 0xFF, 0xF4, 0xFF, 0xFE,
    0x0F, 0xFF, 0x40, 0x04, 0x00, 0x00, 0x00, 0x3F, 0xFF, 0xFF, 0xFC, 0x00, 0x00, 0x00, 0x0F, 0xFF,
    0xFF, 0xFF, 0x00, 0x00, 0x00, 0x03, 0xFF, 0xFF, 0xFF, 0xC0, 0x00, 0x00, 0x00, 0xFF, 0x95, 0x6F,
    0xF0, 0x00, 0x00, 0x00, 0x3F, 0xD0, 0x07, 0xFC, 0x00, 0x00, 0x00, 0x0F, 0xF4, 0x01, 0xFF, 0x00,
    0x00, 0x00, 0x03, 0xFD, 0x00, 0x7F, 0xC0, 0x00, 0x00, 0x00, 0xFF, 0x40, 0x1F, 0xF5, 0x40, 0x00,
    0x00, 0x3F, 0xD0, 0x07, 0xFF, 0xFF, 0xE0, 0x00, 0x0F, 0xF4, 0x01, 0xFF, 0xFF, 0xFF, 0x00, 0x03,
    0xFD, 0x00, 0x7F, 0xFF, 0xFF, 0xF0, 0x00, 0xFF, 0x40, 0x1F, 0xF0, 0x0B, 0xFE, 0x00, 0x7F, 0xD0,
    0x07, 0xFC, 0x00, 0xFF, 0xC0, 0x1F, 0xF4, 0x01, 0xFF, 0x00, 0x2F, 0xF0, 0x0B, 0xFD, 0x00, 0x7F,
    0xC0, 0x07, 0xFC, 0x02, 0xFF, 0x00, 0x1F, 0xF0, 0x02, 0xFF, 0x00, 0xFF, 0xC0, 0x07, 0xFC, 0x00,
    0xFF, 0x85, 0xFF, 0xE0, 0x01, 0xFF, 0x56, 0xFF, 0xDB, 0xFF, 0xF0, 0x00, 0x7F, 0xFF, 0xFF, 0xF2,
    0xFF, 0xF4, 0x00, 0x1F, 0xFF, 0xFF, 0xE0, 0xBF, 0xE4, 0x00, 0x07, 0xFF, 0xFF, 0x80, 0x00, 0xFF,
    0x40, 0x00, 0xFF, 0x40, 0x00, 0x03, 0xFD, 0x00, 0x03, 0xFD, 0x00, 0x00, 0x0F, 0xF4, 0x00, 0x0F,
    0xF4, 0x00, 0x00, 0x3F, 0xD0, 0x00, 0x3F, 0xD0, 0x00, 0x00, 0xFF, 0x40, 0x00, 0xFF, 0x40, 0x00,
    0x03, 0xFD, 0x00, 0x03, 0xFD, 0x00, 0x00, 0x0F, 0xF4, 0x00, 0x0F, 0xF4, 0x00, 0x00, 0x3F, 0xD0,
    0x00, 0x3F, 0xD0, 0x00, 0x00, 0xFF, 0xFF, 0xFF, 0xFF, 0xFF, 0xF8, 0x03, 0xFF, 0xFF, 0xFF, 0xFF,
    0xFF, 0xFE, 0x0F, 0xFF, 0xFF, 0xFF, 0xFF, 0xFF, 0xFE, 0x3F, 0xE5, 0x55, 0x7F, 0xE5, 0x6F, 0xFD,
    0xFF, 0x40, 0x00, 0xFF, 0x40, 0x0F, 0xFB, 0xFD, 0x00, 0x03, 0xFD, 0x00, 0x2F, 0xFF, 0xF4, 0x00,
    0x0F, 0xF4, 0x00, 0x7F, 0xFF, 0xD0, 0x00, 0x3F, 0xD0, 0x02, 0xFF, 0xFF, 0x40, 0x00, 0xFF, 0x40,
    0x0F, 0xFB, 0xFD, 0x00, 0x03, 0xFE, 0x56, 0xFF, 0xDF, 0xF4, 0x00, 0x0F, 0xFF, 0xFF, 0xFE, 0x3F,
    0xD0, 0x00, 0x3F, 0xFF, 0xFF, 0xE0, 0xFF, 0x40, 0x00, 0xFF, 0xFF, 0xF8, 0x00, 0xFF, 0xFF, 0xFF,
    0xFC, 0x00, 0xFF, 0xFF, 0xFF, 0xFC, 0x00, 0xFF, 0xFF, 0xFF, 0xFC, 0x00, 0x55, 0x7F, 0xE5, 0x54,
    0x00, 0x00, 0x3F, 0xD0, 0x00, 0x00, 0x00, 0x3F, 0xD0, 0x00, 0x00, 0x00, 0x3F, 0xD0, 0x00, 0x00,
    0x00, 0x3F, 0xD0, 0x00, 0x00, 0x00, 0x3F, 0xD0, 0x10, 0x00, 0x00, 0x3F, 0xFF, 0xFF, 0xD0, 0x00,
    0x3F, 0xFF, 0xFF, 0xF8, 0x00, 0x3F, 0xFF, 0xFF, 0xFD, 0x00, 0x3F, 0xE4, 0x0B, 0xFE, 0x00, 0x3F,
    0xD0, 0x02, 0xFF, 0x00, 0x3F, 0xD0, 0x01, 0xFF, 0x00, 0x3F, 0xD0, 0x01, 0xFF, 0x00, 0x3F, 0xD0,
    0x01, 0xFF, 0x00, 0x3F, 0xD0, 0x01, 0xFF, 0x00, 0x3F, 0xD0, 0x01, 0xFF, 0x00, 0x3F, 0xD0, 0x01,
    0xFF, 0x00, 0x3F, 0xD0, 0x01, 0xFF, 0x00, 0x00, 0xFF, 0x80, 0x00, 0x00, 0x3F, 0xE0, 0x00, 0x00,
    0x07, 0xF4, 0x00, 0x00, 0x00, 0xFD, 0x00, 0x00, 0x00, 0x0A, 0x00, 0x00, 0x00, 0x00, 0x00, 0x00,
    0x00, 0xFF, 0x40, 0x01, 0xFF, 0x0F, 0xF4, 0x00, 0x3F, 0xE0, 0xFF, 0x40, 0x0B, 0xFC, 0x0F, 0xF4,
    0x01, 0xFF, 0x00, 0xFF, 0x40, 0x3F, 0xE0, 0x0F, 0xF4, 0x0B, 0xFC, 0x00, 0xFF, 0x40, 0xFF, 0x40,
    0x0F, 0xF4, 0x3F, 0xE0, 0x00, 0xFF, 0x9B, 0xFC, 0x00, 0x0F, 0xFF, 0xFF, 0x40, 0x00, 0xFF, 0xFF,
    0xF0, 0x00, 0x0F, 0xFF, 0xFF, 0x80, 0x00, 0xFF, 0x47, 0xFD, 0x00, 0x0F, 0xF4, 0x2F, 0xF0, 0x00,
    0xFF, 0x40, 0xFF, 0xC0, 0x0F, 0xF4, 0x07, 0xFD, 0x00, 0xFF, 0x40, 0x2F, 0xF0, 0x0F, 0xF4, 0x00,
    0xFF, 0xC0, 0xFF, 0x40, 0x07, 0xFE, 0x0F, 0xF4, 0x00, 0x3F, 0xF0, 0xFF, 0x40, 0x00, 0xFF, 0xC0,
    0x00, 0x7F, 0xE0, 0x00, 0x00, 0x01, 0xFF, 0x40, 0x00, 0x00, 0x03, 0xFC, 0x00, 0x00, 0x00, 0x0B,
    0xF0, 0x00, 0x00, 0x00, 0x1A, 0x00, 0x00, 0x00, 0x00, 0x00, 0x00, 0xFF, 0x40, 0x00, 0xFF, 0xFF,
    0xF4, 0x00, 0x1F, 0xFF, 0xFF, 0x40, 0x03, 0xFF, 0xFF, 0xF4, 0x00, 0x7F, 0xFF, 0xFF, 0x40, 0x0F,
    0xFF, 0xFF, 0xF4, 0x01, 0xFF, 0xFF, 0xFF, 0x40, 0x3F, 0xEF, 0xFF, 0xF4, 0x07, 0xF9, 0xFF, 0xFF,
    0x40, 0xFF, 0x1F, 0xFF, 0xF4, 0x2F, 0xE1, 0xFF, 0xFF, 0x43, 0xFC, 0x1F, 0xFF, 0xF4, 0xBF, 0x41,
    0xFF, 0xFF, 0x4F, 0xF0, 0x1F, 0xFF, 0xF6, 0xFD, 0x01, 0xFF, 0xFF, 0xBF, 0xC0, 0x1F, 0xFF, 0xFF,
    0xF4, 0x01, 0xFF, 0xFF, 0xFF, 0x00, 0x1F, 0xFF, 0xFF, 0xD0, 0x01, 0xFF, 0xFF, 0xFC, 0x00, 0x1F,
    0xFF, 0xFF, 0x40, 0x01, 0xFF, 0xFF, 0xF0, 0x00, 0x1F, 0xF0, 0x00, 0xBF, 0x00, 0xFE, 0x00, 0x01,
    0xFE, 0x0B, 0xF4, 0x00, 0x03, 0xFF, 0xFF, 0xC0, 0x00, 0x02, 0xFF, 0xF8, 0x00, 0x00, 0x00, 0x55,
    0x00, 0x00, 0x00, 0x00, 0x00, 0x00, 0x07, 0xFD, 0x00, 0x00, 0xBF, 0x8F, 0xF8, 0x00, 0x03, 0xFD,
    0x2F, 0xF0, 0x00, 0x1F, 0xF0, 0x3F, 0xE0, 0x00, 0xFF, 0x40, 0xBF, 0xC0, 0x03, 0xFC, 0x00, 0xFF,
    0x40, 0x2F, 0xE0, 0x02, 0xFE, 0x00, 0xFF, 0x00, 0x03, 0xFC, 0x07, 0xF8, 0x00, 0x0F, 0xF4, 0x2F,
    0xD0, 0x00, 0x1F, 0xF0, 0xFF, 0x00, 0x00, 0x3F, 0xD7, 0xF4, 0x00, 0x00, 0x7F, 0xBF, 0xC0, 0x00,
    0x00, 0xFF, 0xFE, 0x00, 0x00, 0x01, 0xFF, 0xF0, 0x00, 0x00, 0x03, 0xFF, 0x80, 0x00, 0x00, 0x0B,
    0xFD, 0x00, 0x00, 0x00, 0x3F, 0xE0, 0x00, 0x01, 0x57, 0xFF, 0x00, 0x00, 0x0F, 0xFF, 0xF4, 0x00,
    0x00, 0x3F, 0xFF, 0x40, 0x00, 0x00, 0xFF, 0xE0, 0x00, 0x00, 0x00, 0xFF, 0x40, 0x00, 0x7F, 0xFF,
    0xD0, 0x00, 0x1F, 0xFF, 0xF4, 0x00, 0x07, 0xFF, 0xFD, 0x00, 0x01, 0xFF, 0xFF, 0x40, 0x00, 0x7F,
    0xFF, 0xD0, 0x00, 0x1F, 0xFF, 0xF4, 0x00, 0x07, 0xFF, 0xFD, 0x00, 0x01, 0xFF, 0xFF, 0x40, 0x00,
    0x7F, 0xFF, 0xD0, 0x00, 0x1F, 0xFF, 0xF4, 0x00, 0x07, 0xFF, 0xFD, 0x00, 0x01, 0xFF, 0xFF, 0x40,
    0x00, 0x7F, 0xFF, 0xD0, 0x00, 0x1F, 0xFF, 0xF4, 0x00, 0x07, 0xFF, 0xFD, 0x00, 0x01, 0xFF, 0xFF,
    0x40, 0x00, 0x7F, 0xFF, 0xE5, 0x55, 0x6F, 0xFF, 0xFF, 0xFF, 0xFF, 0xFF, 0xFF, 0xFF, 0xFF, 0xFF,
    0xFF, 0xFF, 0xFF, 0xFF, 0xC0, 0x01, 0xFF, 0x00, 0x00, 0x00, 0x7F, 0xC0, 0x00, 0x00, 0x1F, 0xF0,
    0x00, 0x00, 0x07, 0xFC, 0x00, 0x00, 0x00, 0xAA, 0x00, 0x00, 0x00, 0x03, 0xFF, 0xC0, 0x00, 0x00,
    0x00, 0xFF, 0xF4, 0x00, 0x00, 0x00, 0xBF, 0xFE, 0x00, 0x00, 0x00, 0x3F, 0xFF, 0xC0, 0x00, 0x00,
    0x0F, 0xFB, 0xF4, 0x00, 0x00, 0x0B, 0xF9, 0xFE, 0x00, 0x00, 0x03, 0xFD, 0x3F, 0xC0, 0x00, 0x01,
    0xFF, 0x0F, 0xF4, 0x00, 0x00, 0xBF, 0xC2, 0xFF, 0x00, 0x00, 0x3F, 0xD0, 0x3F, 0xC0, 0x00, 0x1F,
    0xF0, 0x0F, 0xF8, 0x00, 0x0B, 0xFC, 0x02, 0xFF, 0x00, 0x03, 0xFE, 0x55, 0xBF, 0xC0, 0x01, 0xFF,
    0xFF, 0xFF, 0xF8, 0x00, 0xBF, 0xFF, 0xFF, 0xFF, 0x00, 0x3F, 0xFF, 0xFF, 0xFF, 0xD0, 0x1F, 0xF4,
    0x00, 0x0F, 0xF8, 0x0F, 0xFC, 0x00, 0x03, 0xFF, 0x03, 0xFE, 0x00, 0x00, 0x7F, 0xD1, 0xFF, 0x40,
    0x00, 0x0F, 0xF8, 0xFF, 0xC0, 0x00, 0x03, 0xFF, 0x00, 0xFF, 0xFF, 0xFF, 0xE3, 0xFF, 0xFF, 0xFF,
    0x8F, 0xFF, 0xFF, 0xFE, 0x3F, 0xE5, 0x55, 0x50, 0xFF, 0x40, 0x00, 0x03, 0xFD, 0x00, 0x00, 0x0F,
    0xF4, 0x00, 0x00, 0x3F, 0xD0, 0x00, 0x00, 0xFF, 0x95, 0x00, 0x03, 0xFF, 0xFF, 0xF8, 0x0F, 0xFF,
    0xFF, 0xFD, 0x3F, 0xFF, 0xFF, 0xFC, 0xFF, 0x40, 0x2F, 0xFB, 0xFD, 0x00, 0x2F, 0xFF, 0xF4, 0x00,
    0x7F, 0xFF, 0xD0, 0x02, 0xFF, 0xFF, 0x40, 0x0F, 0xFF, 0xFE, 0x55, 0xFF, 0xDF, 0xFF, 0xFF, 0xFF,
    0x3F, 0xFF, 0xFF, 0xE0, 0xFF, 0xFF, 0xF8, 0x00, 0xFF, 0xFF, 0xF9, 0x00, 0xFF, 0xFF, 0xFF, 0xD0,
    0xFF, 0xFF, 0xFF, 0xF0, 0xFF, 0x95, 0x7F, 0xF8, 0xFF, 0x40, 0x0F, 0xFC, 0xFF, 0x40, 0x07, 0xFC,
    0xFF, 0x40, 0x0B, 0xFC, 0xFF, 0x40, 0x0F, 0xF8, 0xFF, 0x95, 0x7F, 0xF0, 0xFF, 0xFF, 0xFF, 0xC0,
    0xFF, 0xFF, 0xFF, 0x40, 0xFF, 0xFF, 0xFF, 0xF0, 0xFF, 0x40, 0x1F, 0xFC, 0xFF, 0x40, 0x07, 0xFD,
    0xFF, 0x40, 0x03, 0xFD, 0xFF, 0x40, 0x03, 0xFD, 0xFF, 0x40, 0x0B, 0xFD, 0xFF, 0x95, 0x6F, 0xFC,
    0xFF, 0xFF, 0xFF, 0xF4, 0xFF, 0xFF, 0xFF, 0xD0, 0xFF, 0xFF, 0xF9, 0x00, 0xFF, 0xFF, 0xFF, 0xFF,
    0xFF, 0xFF, 0xFF, 0xFF, 0xFF, 0xFF, 0xFE, 0x55, 0x55, 0xFF, 0x40, 0x00, 0x3F, 0xD0, 0x00, 0x0F,
    0xF4, 0x00, 0x03, 0xFD, 0x00, 0x00, 0xFF, 0x40, 0x00, 0x3F, 0xD0, 0x00, 0x0F, 0xF4, 0x00, 0x03,
    0xFD, 0x00, 0x00, 0xFF, 0x40, 0x00, 0x3F, 0xD0, 0x00, 0x0F, 0xF4, 0x00, 0x03, 0xFD, 0x00, 0x00,
    0xFF, 0x40, 0x00, 0x3F, 0xD0, 0x00, 0x0F, 0xF4, 0x00, 0x03, 0xFD, 0x00, 0x00, 0xFF, 0x40, 0x00,
    0x00, 0x00, 0x7F, 0xFF, 0xFF, 0xFD, 0x00, 0x07, 0xFF, 0xFF, 0xFF, 0xD0, 0x00, 0x7F, 0xFF, 0xFF,
    0xFD, 0x00, 0x07, 0xFD, 0x55, 0x7F, 0xD0, 0x00, 0x7F, 0xC0, 0x03, 0xFD, 0x00, 0x07, 0xFC, 0x00,
    0x3F, 0xD0, 0x00, 0x7F, 0xC0, 0x03, 0xFD, 0x00, 0x07, 0xFC, 0x00, 0x3F, 0xD0, 0x00, 0x7F, 0xC0,
    0x03, 0xFD, 0x00, 0x07, 0xFC, 0x00, 0x3F, 0xD0, 0x00, 0xBF, 0xC0, 0x03, 0xFD, 0x00, 0x0B, 0xFC,
    0x00, 0x3F, 0xD0, 0x00, 0xBF, 0x80, 0x03, 0xFD, 0x00, 0x0F, 0xF4, 0x00, 0x3F, 0xD0, 0x00, 0xFF,
    0x00, 0x03, 0xFD, 0x00, 0x1F, 0xF0, 0x00, 0x3F, 0xD0, 0x03, 0xFD, 0x00, 0x03, 0xFD, 0x05, 0xBF,
    0xD5, 0x55, 0x7F, 0xE5, 0xFF, 0xFF, 0xFF, 0xFF, 0xFF, 0xFF, 0xFF, 0xFF, 0xFF, 0xFF, 0xFF, 0xFF,
    0xFF, 0xFF, 0xFF, 0xFF, 0xFF, 0xF4, 0x00, 0x00, 0x01, 0xFF, 0xFF, 0x40, 0x00, 0x00, 0x1F, 0xFF,
    0xF4, 0x00, 0x00, 0x01, 0xFF, 0xFF, 0x40, 0x00, 0x00, 0x1F, 0xFA, 0xA4, 0x00, 0x00, 0x01, 0xAA,
    0xFF, 0xFF, 0xFF, 0xBF, 0xFF, 0xFF, 0xEF, 0xFF, 0xFF, 0xFB, 0xFE, 0x55, 0x54, 0xFF, 0x40, 0x00,
    0x3F, 0xD0, 0x00, 0x0F, 0xF4, 0x00, 0x03, 0xFD, 0x00, 0x00, 0xFF, 0x95, 0x55, 0x3F, 0xFF, 0xFF,
    0xCF, 0xFF, 0xFF, 0xF3, 0xFF, 0xFF, 0xFC, 0xFF, 0x40, 0x00, 0x3F, 0xD0, 0x00, 0x0F, 0xF4, 0x00,
    0x03, 0xFD, 0x00, 0x00, 0xFF, 0x40, 0x00, 0x3F, 0xE5, 0x55, 0x4F, 0xFF, 0xFF, 0xFB, 0xFF, 0xFF,
    0xFE, 0xFF, 0xFF, 0xFF, 0x80, 0x3F, 0xE0, 0x00, 0xFF, 0x40, 0x03, 0xFD, 0x07, 0xFC, 0x00, 0x3F,
    0xD0, 0x02, 0xFF, 0x00, 0xBF, 0xC0, 0x0F, 0xF4, 0x01, 0xFF, 0x00, 0x0F, 0xF4, 0x03, 0xFD, 0x00,
    0xFF, 0x80, 0x01, 0xFF, 0x00, 0xFF, 0x40, 0xBF, 0xC0, 0x00, 0x3F, 0xE0, 0x3F, 0xD0, 0x3F, 0xD0,
    0x00, 0x03, 0xFD, 0x0F, 0xF4, 0x2F, 0xE0, 0x00, 0x00, 0xBF, 0xC3, 0xFD, 0x1F, 0xF0, 0x00, 0x00,
    0x0F, 0xF9, 0xFF, 0x9F, 0xF4, 0x00, 0x00, 0x01, 0xFF, 0xFF, 0xFF, 0xF8, 0x00, 0x00, 0x00, 0x3F,
    0xFF, 0xFF, 0xFE, 0x00, 0x00, 0x00, 0x2F, 0xFF, 0xFF, 0xFF, 0xC0, 0x00, 0x00, 0x1F, 0xF4, 0xFF,
    0x4F, 0xFC, 0x00, 0x00, 0x0F, 0xFC, 0x3F, 0xD0, 0xFF, 0x40, 0x00, 0x0B, 0xFC, 0x0F, 0xF4, 0x2F,
    0xF0, 0x00, 0x07, 0xFE, 0x03, 0xFD, 0x03, 0xFF, 0x00, 0x03, 0xFF, 0x00, 0xFF, 0x40, 0x7F, 0xD0,
    0x02, 0xFF, 0x40, 0x3F, 0xD0, 0x0F, 0xFC, 0x01, 0xFF, 0x80, 0x0F, 0xF4, 0x00, 0xFF, 0xC0, 0xFF,
    0xC0, 0x03, 0xFD, 0x00, 0x2F, 0xF4, 0xBF, 0xD0, 0x00, 0xFF, 0x40, 0x03, 0xFF, 0x00, 0x06, 0xFF,
    0xF8, 0x01, 0xFF, 0xFF, 0xFE, 0x03, 0xFF, 0xFF, 0xFE, 0x0F, 0xE5, 0x6F, 0xFC, 0x00, 0x00, 0x1F,
    0xF4, 0x00, 0x00, 0x3F, 0xD0, 0x00, 0x00, 0xFF, 0x40, 0x00, 0x0B, 0xFC, 0x01, 0x55, 0xFF, 0xD0,
    0x0F, 0xFF, 0xF8, 0x00, 0x3F, 0xFF, 0xE0, 0x00, 0xFF, 0xFF, 0xF4, 0x00, 0x00, 0x7F, 0xF4, 0x00,
    0x00, 0x3F, 0xF0, 0x00, 0x00, 0x7F, 0xC0, 0x00, 0x02, 0xFF, 0x00, 0x00, 0x0F, 0xFE, 0xF9, 0x56,
    0xFF, 0xDB, 0xFF, 0xFF, 0xFE, 0x2F, 0xFF, 0xFF, 0xE0, 0x1B, 0xFF, 0xE4, 0x00, 0xFF, 0x40, 0x00,
    0xFF, 0xFF, 0xF4, 0x00, 0x1F, 0xFF, 0xFF, 0x40, 0x03, 0xFF, 0xFF, 0xF4, 0x00, 0x7F, 0xFF, 0xFF,
    0x40, 0x0F, 0xFF, 0xFF, 0xF4, 0x01, 0xFF, 0xFF, 0xFF, 0x40, 0x3F, 0xEF, 0xFF, 0xF4, 0x07, 0xF9,
    0xFF, 0xFF, 0x40, 0xFF, 0x1F, 0xFF, 0xF4, 0x2F, 0xE1, 0xFF, 0xFF, 0x43, 0xFC, 0x1F, 0xFF, 0xF4,
    0xBF, 0x41, 0xFF, 0xFF, 0x4F, 0xF0, 0x1F, 0xFF, 0xF6, 0xFD, 0x01, 0xFF, 0xFF, 0xBF, 0xC0, 0x1F,
    0xFF, 0xFF, 0xF4, 0x01, 0xFF, 0xFF, 0xFF, 0x00, 0x1F, 0xFF, 0xFF, 0xD0, 0x01, 0xFF, 0xFF, 0xFC,
    0x00, 0x1F, 0xFF, 0xFF, 0x40, 0x01, 0xFF, 0xFF, 0xF0, 0x00, 0x1F, 0xF0, 0x03, 0xFC, 0x03, 0xFC,
    0x00, 0x1F, 0xE0, 0xBF, 0x80, 0x00, 0xFF, 0xFF, 0xF0, 0x00, 0x02, 0xFF, 0xFC, 0x00, 0x00, 0x01,
    0x54, 0x00, 0x00, 0x00, 0x00, 0x00, 0x00, 0xFF, 0x40, 0x00, 0xFF, 0xFF, 0xF4, 0x00, 0x1F, 0xFF,
    0xFF, 0x40, 0x03, 0xFF, 0xFF, 0xF4, 0x00, 0x7F, 0xFF, 0xFF, 0x40, 0x0F, 0xFF, 0xFF, 0xF4, 0x01,
    0xFF, 0xFF, 0xFF, 0x40, 0x3F, 0xEF, 0xFF, 0xF4, 0x07, 0xF9, 0xFF, 0xFF, 0x40, 0xFF, 0x1F, 0xFF,
    0xF4, 0x2F, 0xE1, 0xFF, 0xFF, 0x43, 0xFC, 0x1F, 0xFF, 0xF4, 0xBF, 0x41, 0xFF, 0xFF, 0x4F, 0xF0,
    0x1F, 0xFF, 0xF6, 0xFD, 0x01, 0xFF, 0xFF, 0xBF, 0xC0, 0x1F, 0xFF, 0xFF, 0xF4, 0x01, 0xFF, 0xFF,
    0xFF, 0x00, 0x1F, 0xFF, 0xFF, 0xD0, 0x01, 0xFF, 0xFF, 0xFC, 0x00, 0x1F, 0xFF, 0xFF, 0x40, 0x01,
    0xFF, 0xFF, 0xF0, 0x00, 0x1F, 0xF0, 0xFF, 0x40, 0x01, 0xFF, 0x0F, 0xF4, 0x00, 0x3F, 0xE0, 0xFF,
    0x40, 0x0B, 0xFC, 0x0F, 0xF4, 0x01, 0xFF, 0x00, 0xFF, 0x40, 0x3F, 0xE0, 0x0F, 0xF4, 0x0B, 0xFC,
    0x00, 0xFF, 0x40, 0xFF, 0x40, 0x0F, 0xF4, 0x3F, 0xE0, 0x00, 0xFF, 0x9B, 0xFC, 0x00, 0x0F, 0xFF,
    0xFF, 0x40, 0x00, 0xFF, 0xFF, 0xF0, 0x00, 0x0F, 0xFF, 0xFF, 0x80, 0x00, 0xFF, 0x47, 0xFD, 0x00,
    0x0F, 0xF4, 0x2F, 0xF0, 0x00, 0xFF, 0x40, 0xFF, 0xC0, 0x0F, 0xF4, 0x07, 0xFD, 0x00, 0xFF, 0x40,
    0x2F, 0xF0, 0x0F, 0xF4, 0x00, 0xFF, 0xC0, 0xFF, 0x40, 0x07, 0xFE, 0x0F, 0xF4, 0x00, 0x3F, 0xF0,
    0xFF, 0x40, 0x00, 0xFF, 0xC0, 0x00, 0x3F, 0xFF, 0xFF, 0xFD, 0x00, 0x3F, 0xFF, 0xFF, 0xFD, 0x00,
    0x3F, 0xFF, 0xFF, 0xFD, 0x00, 0x3F, 0xE5, 0x57, 0xFD, 0x00, 0x3F, 0xD0, 0x03, 0xFD, 0x00, 0x3F,
    0xD0, 0x03, 0xFD, 0x00, 0x3F, 0xD0, 0x03, 0xFD, 0x00, 0x3F, 0xD0, 0x03, 0xFD, 0x00, 0x3F, 0xD0,
    0x03, 0xFD, 0x00, 0x3F, 0xD0, 0x03, 0xFD, 0x00, 0x3F, 0xD0, 0x03, 0xFD, 0x00, 0x3F, 0xD0, 0x03,
    0xFD, 0x00, 0x3F, 0xD0, 0x03, 0xFD, 0x00, 0x7F, 0xC0, 0x03, 0xFD, 0x00, 0xBF, 0xC0, 0x03, 0xFD,
    0x00, 0xBF, 0xC0, 0x03, 0xFD, 0x00, 0xFF, 0x80, 0x03, 0xFD, 0x17, 0xFF, 0x40, 0x03, 0xFD, 0xBF,
    0xFF, 0x00, 0x03, 0xFD, 0xBF, 0xFD, 0x00, 0x03, 0xFD, 0x7F, 0xE0, 0x00, 0x03, 0xFD, 0xFF, 0xF8,
    0x00, 0x00, 0xFF, 0xF7, 0xFF, 0xF0, 0x00, 0x07, 0xFF, 0xDF, 0xFF, 0xC0, 0x00, 0x2F, 0xFF, 0x7F,
    0xFF, 0x80, 0x00, 0xFF, 0xFD, 0xFF, 0xFF, 0x00, 0x03, 0xFF, 0xF7, 0xFF, 0xFC, 0x00, 0x2F, 0xBF,
    0xDF, 0xF7, 0xF4, 0x00, 0xFD, 0xFF, 0x7F, 0xDB, 0xE0, 0x03, 0xF3, 0xFD, 0xFF, 0x5F, 0xC0, 0x1F,
    0x8F, 0xF7, 0xFD, 0x3F, 0x00, 0xFD, 0x3F, 0xDF, 0xF4, 0xFE, 0x03, 0xF0, 0xFF, 0x7F, 0xD2, 0xFC,
    0x1F, 0xC3, 0xFD, 0xFF, 0x47, 0xF0, 0xBE, 0x0F, 0xF7, 0xFD, 0x0F, 0xD3, 0xF0, 0x3F, 0xDF, 0xF4,
    0x2F, 0x9F, 0xC0, 0xFF, 0x7F, 0xD0, 0x7F, 0xBE, 0x03, 0xFD, 0xFF, 0x40, 0xFF, 0xF4, 0x0F, 0xF7,
    0xFD, 0x03, 0xFF, 0xC0, 0x3F, 0xDF, 0xF4, 0x0B, 0xFE, 0x00, 0xFF, 0x7F, 0xD0, 0x1F, 0xF4, 0x03,
    0xFD, 0xFF, 0x40, 0x3F, 0xC0, 0x0F, 0xF4, 0xFF, 0x40, 0x00, 0x3F, 0xDF, 0xF4, 0x00, 0x03, 0xFD,
    0xFF, 0x40, 0x00, 0x3F, 0xDF, 0xF4, 0x00, 0x03, 0xFD, 0xFF, 0x40, 0x00, 0x3F, 0xDF, 0xF4, 0x00,
    0x03, 0xFD, 0xFF, 0x40, 0x00, 0x3F, 0xDF, 0xF4, 0x00, 0x03, 0xFD, 0xFF, 0x95, 0x55, 0x7F, 0xDF,
    0xFF, 0xFF, 0xFF, 0xFD, 0xFF, 0xFF, 0xFF, 0xFF, 0xDF, 0xFF, 0xFF, 0xFF, 0xFD, 0xFF, 0x40, 0x00,
    0x3F, 0xDF, 0xF4, 0x00, 0x03, 0xFD, 0xFF, 0x40, 0x00, 0x3F, 0xDF, 0xF4, 0x00, 0x03, 0xFD, 0xFF,
    0x40, 0x00, 0x3F, 0xDF, 0xF4, 0x00, 0x03, 0xFD, 0xFF, 0x40, 0x00, 0x3F, 0xDF, 0xF4, 0x00, 0x03,
    0xFD, 0xFF, 0x40, 0x00, 0x3F, 0xD0, 0x00, 0x0B, 0xFF, 0x90, 0x00, 0x00, 0xFF, 0xFF, 0xFD, 0x00,
    0x07, 0xFF, 0xFF, 0xFF, 0x80, 0x0F, 0xFF, 0x56, 0xFF, 0xE0, 0x2F, 0xF4, 0x00, 0x3F, 0xF0, 0x3F,
    0xE0, 0x00, 0x0F, 0xF8, 0x7F, 0xC0, 0x00, 0x0B, 0xFC, 0xBF, 0xC0, 0x00, 0x07, 0xFC, 0xFF, 0x80,
    0x00, 0x03, 0xFD, 0xFF, 0x40, 0x00, 0x03, 0xFD, 0xFF, 0x40, 0x00, 0x03, 0xFD, 0xFF, 0x40, 0x00,
    0x03, 0xFD, 0xFF, 0x80, 0x00, 0x03, 0xFD, 0xBF, 0xC0, 0x00, 0x07, 0xFC, 0x7F, 0xC0, 0x00, 0x0B,
    0xFC, 0x3F, 0xE0, 0x00, 0x0F, 0xF8, 0x2F, 0xF4, 0x00, 0x3F, 0xF0, 0x0F, 0xFF, 0x56, 0xFF, 0xD0,
    0x03, 0xFF, 0xFF, 0xFF, 0x80, 0x00, 0xFF, 0xFF, 0xFD, 0x00, 0x00, 0x0B, 0xFF, 0x90, 0x00, 0xFF,
    0xFF, 0xFF, 0xFF, 0xFF, 0xFF, 0xFF, 0xFF, 0xFF, 0xFF, 0xFF, 0xFF, 0xFF, 0xFE, 0x55, 0x56, 0xFF,
    0xFF, 0x40, 0x00, 0x7F, 0xFF, 0xD0, 0x00, 0x1F, 0xFF, 0xF4, 0x00, 0x07, 0xFF, 0xFD, 0x00, 0x01,
    0xFF, 0xFF, 0x40, 0x00, 0x7F, 0xFF, 0xD0, 0x00, 0x1F, 0xFF, 0xF4, 0x00, 0x07, 0xFF, 0xFD, 0x00,
    0x01, 0xFF, 0xFF, 0x40, 0x00, 0x7F, 0xFF, 0xD0, 0x00, 0x1F, 0xFF, 0xF4, 0x00, 0x07, 0xFF, 0xFD,
    0x00, 0x01, 0xFF, 0xFF, 0x40, 0x00, 0x7F, 0xFF, 0xD0, 0x00, 0x1F, 0xFF, 0xF4, 0x00, 0x07, 0xFF,
    0xFD, 0x00, 0x01, 0xFF, 0xFF, 0x40, 0x00, 0x7F, 0xC0, 0xFF, 0xFF, 0xE4, 0x03, 0xFF, 0xFF, 0xFD,
    0x0F, 0xFF, 0xFF, 0xFC, 0x3F, 0xE5, 0x7F, 0xFC, 0xFF, 0x40, 0x2F, 0xF3, 0xFD, 0x00, 0x3F, 0xDF,
    0xF4, 0x00, 0xFF, 0x7F, 0xD0, 0x03, 0xFD, 0xFF, 0x40, 0x0F, 0xF7, 0xFD, 0x00, 0xBF, 0xCF, 0xF9,
    0x5F, 0xFE, 0x3F, 0xFF, 0xFF, 0xF0, 0xFF, 0xFF, 0xFE, 0x03, 0xFF, 0xFF, 0x90, 0x0F, 0xF4, 0x00,
    0x00, 0x3F, 0xD0, 0x00, 0x00, 0xFF, 0x40, 0x00, 0x03, 0xFD, 0x00, 0x00, 0x0F, 0xF4, 0x00, 0x00,
    0x3F, 0xD0, 0x00, 0x00, 0xFF, 0x40, 0x00, 0x00, 0x00, 0x06, 0xFF, 0xE4, 0x00, 0x2F, 0xFF, 0xFF,
    0xC0, 0x3F, 0xFF, 0xFF, 0xE0, 0x3F, 0xFE, 0x56, 0xF0, 0x2F, 0xF8, 0x00, 0x04, 0x0F, 0xF8, 0x00,
    0x00, 0x07, 0xFC, 0x00, 0x00, 0x02, 0xFF, 0x00, 0x00, 0x00, 0xFF, 0x80, 0x00, 0x00, 0x3F, 0xD0,
    0x00, 0x00, 0x0F, 0xF4, 0x00, 0x00, 0x03, 0xFD, 0x00, 0x00, 0x00, 0xFF, 0x80, 0x00, 0x00, 0x2F,
    0xF0, 0x00, 0x00, 0x07, 0xFC, 0x00, 0x00, 0x00, 0xFF, 0x80, 0x00, 0x00, 0x2F, 0xF8, 0x00, 0x00,
    0x03, 0xFF, 0xE5, 0x5B, 0x80, 0x3F, 0xFF, 0xFF, 0xE0, 0x03, 0xFF, 0xFF, 0xF8, 0x00, 0x0B, 0xFF,
    0xE4, 0x00, 0xFF, 0xFF, 0xFF, 0xFF, 0xFF, 0xFF, 0xFF, 0xFF, 0xFF, 0xFF, 0xFF, 0xFF, 0x55, 0x6F,
    0xF5, 0x55, 0x00, 0x1F, 0xF0, 0x00, 0x00, 0x1F, 0xF0, 0x00, 0x00, 0x1F, 0xF0, 0x00, 0x00, 0x1F,
    0xF0, 0x00, 0x00, 0x1F, 0xF0, 0x00, 0x00, 0x1F, 0xF0, 0x00, 0x00, 0x1F, 0xF0, 0x00, 0x00, 0x1F,
    0xF0, 0x00, 0x00, 0x1F, 0xF0, 0x00, 0x00, 0x1F, 0xF0, 0x00, 0x00, 0x1F, 0xF0, 0x00, 0x00, 0x1F,
    0xF0, 0x00, 0x00, 0x1F, 0xF0, 0x00, 0x00, 0x1F, 0xF0, 0x00, 0x00, 0x1F, 0xF0, 0x00, 0x00, 0x1F,
    0xF0, 0x00, 0x00, 0x1F, 0xF0, 0x00, 0x7F, 0xD0, 0x00, 0x0B, 0xF8, 0xFF, 0x80, 0x00, 0x3F, 0xD2,
    0xFF, 0x00, 0x01, 0xFF, 0x03, 0xFE, 0x00, 0x0F, 0xF4, 0x0B, 0xFC, 0x00, 0x3F, 0xC0, 0x0F, 0xF4,
    0x02, 0xFE, 0x00, 0x2F, 0xE0, 0x0F, 0xF0, 0x00, 0x3F, 0xC0, 0x7F, 0x80, 0x00, 0xFF, 0x42, 0xFD,
    0x00, 0x01, 0xFF, 0x0F, 0xF0, 0x00, 0x03, 0xFD, 0x7F, 0x40, 0x00, 0x07, 0xFB, 0xFC, 0x00, 0x00,
    0x0F, 0xFF, 0xE0, 0x00, 0x00, 0x1F, 0xFF, 0x00, 0x00, 0x00, 0x3F, 0xF8, 0x00, 0x00, 0x00, 0xBF,
    0xD0, 0x00, 0x00, 0x03, 0xFE, 0x00, 0x00, 0x15, 0x7F, 0xF0, 0x00, 0x00, 0xFF, 0xFF, 0x40, 0x00,
    0x03, 0xFF, 0xF4, 0x00, 0x00, 0x0F, 0xFE, 0x00, 0x00, 0x00, 0x00, 0x00, 0x3F, 0xD0, 0x00, 0x00,
    0x00, 0x00, 0xFF, 0x40, 0x00, 0x00, 0x02, 0xFF, 0xFF, 0xF9, 0x00, 0x00, 0xBF, 0xFF, 0xFF, 0xFF,
    0x80, 0x0F, 0xFF, 0xFF, 0xFF, 0xFF, 0xC0, 0xBF, 0xF5, 0xFF, 0x9B, 0xFF, 0x87, 0xFE, 0x03, 0xFD,
    0x03, 0xFF, 0x2F, 0xF0, 0x0F, 0xF4, 0x03, 0xFE, 0xFF, 0x80, 0x3F, 0xD0, 0x0B, 0xFF, 0xFD, 0x00,
    0xFF, 0x40, 0x1F, 0xFF, 0xF4, 0x03, 0xFD, 0x00, 0x7F, 0xFF, 0xE0, 0x0F, 0xF4, 0x02, 0xFF, 0xBF,
    0xC0, 0x3F, 0xD0, 0x0F, 0xF9, 0xFF, 0x40, 0xFF, 0x40, 0xBF, 0xD3, 0xFF, 0x83, 0xFD, 0x1B, 0xFF,
    0x07, 0xFF, 0xFF, 0xFF, 0xFF, 0xF0, 0x07, 0xFF, 0xFF, 0xFF, 0xFF, 0x00, 0x01, 0xFF, 0xFF, 0xFF,
    0x90, 0x00, 0x00, 0x07, 0xFE, 0x00, 0x00, 0x00, 0x00, 0x0F, 0xF4, 0x00, 0x00, 0x00, 0x00, 0x3F,
    0xD0, 0x00, 0x00, 0x7F, 0xE0, 0x00, 0x0F, 0xFC, 0x2F, 0xF0, 0x00, 0x2F, 0xF0, 0x0F, 0xFC, 0x00,
    0x3F, 0xE0, 0x07, 0xFD, 0x00, 0xBF, 0xC0, 0x02, 0xFF, 0x01, 0xFF, 0x40, 0x00, 0xFF, 0x83, 0xFE,
    0x00, 0x00, 0x7F, 0xD7, 0xFC, 0x00, 0x00, 0x3F, 0xFF, 0xF4, 0x00, 0x00, 0x0F, 0xFF, 0xF0, 0x00,
    0x00, 0x0B, 0xFF, 0xC0, 0x00, 0x00, 0x07, 0xFF, 0xC0, 0x00, 0x00, 0x0F, 0xFF, 0xD0, 0x00, 0x00,
    0x2F, 0xFF, 0xF0, 0x00, 0x00, 0x3F, 0xEF, 0xF8, 0x00, 0x00, 0xFF, 0xCB, 0xFD, 0x00, 0x01, 0xFF,
    0x03, 0xFF, 0x00, 0x03, 0xFE, 0x01, 0xFF, 0x80, 0x0F, 0xFC, 0x00, 0xBF, 0xD0, 0x1F, 0xF4, 0x00,
    0x3F, 0xF0, 0x3F, 0xE0, 0x00, 0x1F, 0xF8, 0xBF, 0xC0, 0x00, 0x0B, 0xFD, 0xFF, 0x40, 0x00, 0x7F,
    0xC0, 0xFF, 0x40, 0x00, 0x7F, 0xC0, 0xFF, 0x40, 0x00, 0x7F, 0xC0, 0xFF, 0x40, 0x00, 0x7F, 0xC0,
    0xFF, 0x40, 0x00, 0x7F, 0xC0, 0xFF, 0x40, 0x00, 0x7F, 0xC0, 0xFF, 0x40, 0x00, 0x7F, 0xC0, 0xFF,
    0x40, 0x00, 0x7F, 0xC0, 0xFF, 0x40, 0x00, 0x7F, 0xC0, 0xFF, 0x40, 0x00, 0x7F, 0xC0, 0xFF, 0x40,
    0x00, 0x7F, 0xC0, 0xFF, 0x40, 0x00, 0x7F, 0xC0, 0xFF, 0x40, 0x00, 0x7F, 0xC0, 0xFF, 0x40, 0x00,
    0x7F, 0xC0, 0xFF, 0x40, 0x00, 0x7F, 0xC0, 0xFF, 0x40, 0x00, 0x7F, 0xC0, 0xFF, 0x40, 0x00, 0x7F,
    0xC0, 0xFF, 0x95, 0x55, 0xBF, 0xD5, 0xFF, 0xFF, 0xFF, 0xFF, 0xFF, 0xFF, 0xFF, 0xFF, 0xFF, 0xFF,
    0xFF, 0xFF, 0xFF, 0xFF, 0xFF, 0x00, 0x00, 0x00, 0x01, 0xFF, 0x00, 0x00, 0x00, 0x01, 0xFF, 0x00,
    0x00, 0x00, 0x01, 0xFF, 0x00, 0x00, 0x00, 0x01, 0xFF, 0x00, 0x00, 0x00, 0x01, 0xAA, 0xFF, 0x40,
    0x00, 0xFF, 0x7F, 0xD0, 0x00, 0x3F, 0xDF, 0xF4, 0x00, 0x0F, 0xF7, 0xFD, 0x00, 0x03, 0xFD, 0xFF,
    0x40, 0x00, 0xFF, 0x7F, 0xD0, 0x00, 0x3F, 0xDF, 0xF4, 0x00, 0x0F, 0xF7, 0xFD, 0x00, 0x03, 0xFD,
    0xFF, 0x80, 0x00, 0xFF, 0x7F, 0xF0, 0x00, 0x3F, 0xD7, 0xFF, 0x95, 0xBF, 0xF4, 0xFF, 0xFF, 0xFF,
    0xFD, 0x0F, 0xFF, 0xFF, 0xFF, 0x40, 0x6F, 0xFE, 0x7F, 0xD0, 0x00, 0x00, 0x0F, 0xF4, 0x00, 0x00,
    0x03, 0xFD, 0x00, 0x00, 0x00, 0xFF, 0x40, 0x00, 0x00, 0x3F, 0xD0, 0x00, 0x00, 0x0F, 0xF4, 0x00,
    0x00, 0x03, 0xFD, 0x00, 0x00, 0x00, 0xFF, 0x40, 0xFF, 0x40, 0x03, 0xFD, 0x00, 0x0F, 0xF7, 0xFD,
    0x00, 0x0F, 0xF4, 0x00, 0x3F, 0xDF, 0xF4, 0x00, 0x3F, 0xD0, 0x00, 0xFF, 0x7F, 0xD0, 0x00, 0xFF,
    0x40, 0x03, 0xFD, 0xFF, 0x40, 0x03, 0xFD, 0x00, 0x0F, 0xF7, 0xFD, 0x00, 0x0F, 0xF4, 0x00, 0x3F,
    0xDF, 0xF4, 0x00, 0x3F, 0xD0, 0x00, 0xFF, 0x7F, 0xD0, 0x00, 0xFF, 0x40, 0x03, 0xFD, 0xFF, 0x40,
    0x03, 0xFD, 0x00, 0x0F, 0xF7, 0xFD, 0x00, 0x0F, 0xF4, 0x00, 0x3F, 0xDF, 0xF4, 0x00, 0x3F, 0xD0,
    0x00, 0xFF, 0x7F, 0xD0, 0x00, 0xFF, 0x40, 0x03, 0xFD, 0xFF, 0x40, 0x03, 0xFD, 0x00, 0x0F, 0xF7,
    0xFD, 0x00, 0x0F, 0xF4, 0x00, 0x3F, 0xDF, 0xF4, 0x00, 0x3F, 0xD0, 0x00, 0xFF, 0x7F, 0xD0, 0x00,
    0xFF, 0x40, 0x03, 0xFD, 0xFF, 0x40, 0x03, 0xFD, 0x00, 0x0F, 0xF7, 0xFE, 0x55, 0x5F, 0xF9, 0x55,
    0x7F, 0xDF, 0xFF, 0xFF, 0xFF, 0xFF, 0xFF, 0xFF, 0x7F, 0xFF, 0xFF, 0xFF, 0xFF, 0xFF, 0xFD, 0xFF,
    0xFF, 0xFF, 0xFF, 0xFF, 0xFF, 0xF4, 0xFF, 0x40, 0x07, 0xFC, 0x00, 0x1F, 0xF0, 0x3F, 0xD0, 0x01,
    0xFF, 0x00, 0x07, 0xFC, 0x0F, 0xF4, 0x00, 0x7F, 0xC0, 0x01, 0xFF, 0x03, 0xFD, 0x00, 0x1F, 0xF0,
    0x00, 0x7F, 0xC0, 0xFF, 0x40, 0x07, 0xFC, 0x00, 0x1F, 0xF0, 0x3F, 0xD0, 0x01, 0xFF, 0x00, 0x07,
    0xFC, 0x0F, 0xF4, 0x00, 0x7F, 0xC0, 0x01, 0xFF, 0x03, 0xFD, 0x00, 0x1F, 0xF0, 0x00, 0x7F, 0xC0,
    0xFF, 0x40, 0x07, 0xFC, 0x00, 0x1F, 0xF0, 0x3F, 0xD0, 0x01, 0xFF, 0x00, 0x07, 0xFC, 0x0F, 0xF4,
    0x00, 0x7F, 0xC0, 0x01, 0xFF, 0x03, 0xFD, 0x00, 0x1F, 0xF0, 0x00, 0x7F, 0xC0, 0xFF, 0x40, 0x07,
    0xFC, 0x00, 0x1F, 0xF0, 0x3F, 0xD0, 0x01, 0xFF, 0x00, 0x07, 0xFC, 0x0F, 0xF4, 0x00, 0x7F, 0xC0,
    0x01, 0xFF, 0x03, 0xFD, 0x00, 0x1F, 0xF0, 0x00, 0x7F, 0xC0, 0xFF, 0x40, 0x07, 0xFC, 0x00, 0x1F,
    0xF0, 0x3F, 0xE5, 0x56, 0xFF, 0x55, 0x5B, 0xFD, 0x4F, 0xFF, 0xFF, 0xFF, 0xFF, 0xFF, 0xFF, 0xF7,
    0xFF, 0xFF, 0xFF, 0xFF, 0xFF, 0xFF, 0xFD, 0xFF, 0xFF, 0xFF, 0xFF, 0xFF, 0xFF, 0xFF, 0x40, 0x00,
    0x00, 0x00, 0x00, 0x00, 0x3F, 0xD0, 0x00, 0x00, 0x00, 0x00, 0x00, 0x0F, 0xF4, 0x00, 0x00, 0x00,
    0x00, 0x00, 0x03, 0xFD, 0x00, 0x00, 0x00, 0x00, 0x00, 0x00, 0xFF, 0x40, 0x00, 0x00, 0x00, 0x00,
    0x00, 0x2A, 0x90, 0xFF, 0xFF, 0xD0, 0x00, 0x00, 0xFF, 0xFF, 0xD0, 0x00, 0x00, 0xFF, 0xFF, 0xD0,
    0x00, 0x00, 0x55, 0x7F, 0xD0, 0x00, 0x00, 0x00, 0x3F, 0xD0, 0x00, 0x00, 0x00, 0x3F, 0xD0, 0x00,
    0x00, 0x00, 0x3F, 0xD0, 0x00, 0x00, 0x00, 0x3F, 0xE5, 0x40, 0x00, 0x00, 0x3F, 0xFF, 0xFF, 0x40,
    0x00, 0x3F, 0xFF, 0xFF, 0xF0, 0x00, 0x3F, 0xFF, 0xFF, 0xFC, 0x00, 0x3F, 0xD0, 0x1F, 0xFD, 0x00,
    0x3F, 0xD0, 0x03, 0xFF, 0x00, 0x3F, 0xD0, 0x02, 0xFF, 0x00, 0x3F, 0xD0, 0x01, 0xFF, 0x00, 0x3F,
    0xD0, 0x02, 0xFF, 0x00, 0x3F, 0xD0, 0x03, 0xFE, 0x00, 0x3F, 0xE5, 0x6F, 0xFD, 0x00, 0x3F, 0xFF,
    0xFF, 0xF8, 0x00, 0x3F, 0xFF, 0xFF, 0xE0, 0x00, 0x3F, 0xFF, 0xFE, 0x00, 0xFF, 0x40, 0x00, 0x00,
    0x3F, 0xDF, 0xF4, 0x00, 0x00, 0x03, 0xFD, 0xFF, 0x40, 0x00, 0x00, 0x3F, 0xDF, 0xF4, 0x00, 0x00,
    0x03, 0xFD, 0xFF, 0x40, 0x00, 0x00, 0x3F, 0xDF, 0xF4, 0x00, 0x00, 0x03, 0xFD, 0xFF, 0x40, 0x00,
    0x00, 0x3F, 0xDF, 0xF9, 0x50, 0x00, 0x03, 0xFD, 0xFF, 0xFF, 0xF8, 0x00, 0x3F, 0xDF, 0xFF, 0xFF,
    0xF8, 0x03, 0xFD, 0xFF, 0xFF, 0xFF, 0xD0, 0x3F, 0xDF, 0xF4, 0x07, 0xFF, 0x03, 0xFD, 0xFF, 0x40,
    0x1F, 0xF0, 0x3F, 0xDF, 0xF4, 0x00, 0xFF, 0x43, 0xFD, 0xFF, 0x40, 0x0F, 0xF4, 0x3F, 0xDF, 0xF4,
    0x00, 0xFF, 0x43, 0xFD, 0xFF, 0x40, 0x2F, 0xF0, 0x3F, 0xDF, 0xF9, 0x5F, 0xFF, 0x03, 0xFD, 0xFF,
    0xFF, 0xFF, 0xC0, 0x3F, 0xDF, 0xFF, 0xFF, 0xF4, 0x03, 0xFD, 0xFF, 0xFF, 0xE4, 0x00, 0x3F, 0xD0,
    0xFF, 0x40, 0x00, 0x03, 0xFD, 0x00, 0x00, 0x0F, 0xF4, 0x00, 0x00, 0x3F, 0xD0, 0x00, 0x00, 0xFF,
    0x40, 0x00, 0x03, 0xFD, 0x00, 0x00, 0x0F, 0xF4, 0x00, 0x00, 0x3F, 0xE5, 0x40, 0x00, 0xFF, 0xFF,
    0xFD, 0x03, 0xFF, 0xFF, 0xFF, 0x0F, 0xFF, 0xFF, 0xFF, 0x3F, 0xD0, 0x1F, 0xFD, 0xFF, 0x40, 0x0F,
    0xFF, 0xFD, 0x00, 0x2F, 0xFF, 0xF4, 0x00, 0x7F, 0xFF, 0xD0, 0x02, 0xFF, 0xFF, 0x40, 0x0F, 0xFB,
    0xFE, 0x56, 0xFF, 0xDF, 0xFF, 0xFF, 0xFE, 0x3F, 0xFF, 0xFF, 0xE0, 0xFF, 0xFF, 0xF8, 0x00, 0x06,
    0xFF, 0xE4, 0x00, 0x2F, 0xFF, 0xFF, 0xD0, 0x07, 0xFF, 0xFF, 0xFE, 0x00, 0xFE, 0x56, 0xFF, 0xD0,
    0x10, 0x00, 0x0B, 0xFC, 0x00, 0x00, 0x00, 0xFF, 0x80, 0x00, 0x00, 0x2F, 0xF0, 0x00, 0x00, 0x03,
    0xFC, 0x01, 0x55, 0x55, 0xFF, 0x40, 0xFF, 0xFF, 0xFF, 0xD0, 0x3F, 0xFF, 0xFF, 0xF4, 0x0F, 0xFF,
    0xFF, 0xFD, 0x00, 0x00, 0x00, 0xFF, 0x40, 0x00, 0x00, 0x7F, 0xC0, 0x00, 0x00, 0x2F, 0xF0, 0x00,
    0x00, 0x0F, 0xF8, 0x00, 0x00, 0x0F, 0xFC, 0x2F, 0x95, 0x6F, 0xFD, 0x0B, 0xFF, 0xFF, 0xFE, 0x01,
    0xFF, 0xFF, 0xFD, 0x00, 0x1B, 0xFF, 0xE4, 0x00, 0x00, 0xFF, 0x40, 0x00, 0x6F, 0xFE, 0x00, 0x0F,
    0xF4, 0x00, 0x3F, 0xFF, 0xFE, 0x00, 0xFF, 0x40, 0x0F, 0xFF, 0xFF, 0xFC, 0x0F, 0xF4, 0x03, 0xFF,
    0x95, 0xFF, 0xE0, 0xFF, 0x40, 0x7F, 0xD0, 0x02, 0xFF, 0x0F, 0xF4, 0x0F, 0xF8, 0x00, 0x0F, 0xF8,
    0xFF, 0x41, 0xFF, 0x00, 0x00, 0xBF, 0xCF, 0xF4, 0x1F, 0xF0, 0x00, 0x07, 0xFC, 0xFF, 0x96, 0xFE,
    0x00, 0x00, 0x3F, 0xDF, 0xFF, 0xFF, 0xE0, 0x00, 0x03, 0xFD, 0xFF, 0xFF, 0xFE, 0x00, 0x00, 0x3F,
    0xDF, 0xFF, 0xFF, 0xE0, 0x00, 0x03, 0xFD, 0xFF, 0x42, 0xFE, 0x00, 0x00, 0x3F, 0xDF, 0xF4, 0x2F,
    0xF0, 0x00, 0x07, 0xFC, 0xFF, 0x41, 0xFF, 0x00, 0x00, 0xBF, 0xCF, 0xF4, 0x0F, 0xF8, 0x00, 0x0F,
    0xF8, 0xFF, 0x40, 0xBF, 0xD0, 0x02, 0xFF, 0x0F, 0xF4, 0x03, 0xFF, 0x95, 0xFF, 0xE0, 0xFF, 0x40,
    0x1F, 0xFF, 0xFF, 0xFC, 0x0F, 0xF4, 0x00, 0x3F, 0xFF, 0xFE, 0x00, 0xFF, 0x40, 0x00, 0x6F, 0xFE,
    0x00, 0x00, 0x00, 0x0B, 0xFF, 0xFF, 0xC0, 0x2F, 0xFF, 0xFF, 0xF0, 0x3F, 0xFF, 0xFF, 0xFC, 0x1F,
    0xFE, 0x56, 0xFF, 0x0F, 0xFC, 0x00, 0x7F, 0xC3, 0xFE, 0x00, 0x1F, 0xF0, 0xFF, 0x40, 0x07, 0xFC,
    0x3F, 0xE0, 0x01, 0xFF, 0x0B, 0xFC, 0x00, 0x7F, 0xC1, 0xFF, 0xD0, 0x1F, 0xF0, 0x2F, 0xFF, 0xFF,
    0xFC, 0x02, 0xFF, 0xFF, 0xFF, 0x00, 0x1F, 0xFF, 0xFF, 0xC0, 0x0F, 0xFD, 0x6F, 0xF0, 0x0B, 0xFD,
    0x07, 0xFC, 0x03, 0xFE, 0x01, 0xFF, 0x03, 0xFF, 0x00, 0x7F, 0xC1, 0xFF, 0x40, 0x1F, 0xF0, 0xFF,
    0x80, 0x07, 0xFC, 0xFF, 0xC0, 0x01, 0xFF, 0x7F, 0xD0, 0x00, 0x7F, 0xC0, 0x02, 0xBF, 0xF9, 0x00,
    0xBF, 0xFF, 0xFE, 0x01, 0xFF, 0xFF, 0xFE, 0x03, 0xE5, 0x5F, 0xFC, 0x00, 0x00, 0x0F, 0xF4, 0x00,
    0x00, 0x3F, 0xD0, 0x2F, 0xFF, 0xFF, 0x47, 0xFF, 0xFF, 0xFD, 0x7F, 0xFF, 0xFF, 0xF7, 0xFF, 0x40,
    0x3F, 0xDF, 0xF8, 0x00, 0xFF, 0x7F, 0xE0, 0x0B, 0xFD, 0xFF, 0xE5, 0xBF, 0xF6, 0xFF, 0xFF, 0xFF,
    0xD3, 0xFF, 0xFD, 0x3F, 0x41, 0xFF, 0x80, 0xFD, 0x00, 0x00, 0x00, 0x50, 0x00, 0x06, 0xFF, 0xF0,
    0x00, 0x7F, 0xFF, 0xF0, 0x03, 0xFF, 0xFF, 0xF0, 0x0F, 0xFF, 0xFA, 0x50, 0x1F, 0xF9, 0x00, 0x00,
    0x3F, 0xD0, 0x00, 0x00, 0x7F, 0x80, 0x10, 0x00, 0xBF, 0x4F, 0xFF, 0x40, 0xBF, 0x7F, 0xFF, 0xE0,
    0xFF, 0xFF, 0xFF, 0xF4, 0xFF, 0xF0, 0x1F, 0xFC, 0xFF, 0xC0, 0x0B, 0xFC, 0xFF, 0x80, 0x03, 0xFD,
    0xFF, 0x40, 0x03, 0xFD, 0xFF, 0x40, 0x03, 0xFD, 0xBF, 0x80, 0x03, 0xFD, 0x7F, 0x80, 0x07, 0xFC,
    0x3F, 0xC0, 0x0B, 0xFC, 0x2F, 0xF5, 0x6F, 0xF4, 0x0F, 0xFF, 0xFF, 0xE0, 0x03, 0xFF, 0xFF, 0x80,
    0x00, 0x6F, 0xF8, 0x00, 0xFF, 0xFF, 0xF8, 0x0F, 0xFF, 0xFF, 0xF4, 0xFF, 0xFF, 0xFF, 0xCF, 0xF9,
    0x5B, 0xFD, 0xFF, 0x40, 0x3F, 0xDF, 0xF4, 0x07, 0xFC, 0xFF, 0xFF, 0xFF, 0x4F, 0xFF, 0xFF, 0xD0,
    0xFF, 0xFF, 0xFF, 0x8F, 0xF9, 0x5B, 0xFE, 0xFF, 0x40, 0x2F, 0xFF, 0xF4, 0x02, 0xFF, 0xFF, 0x95,
    0xBF, 0xFF, 0xFF, 0xFF, 0xFD, 0xFF, 0xFF, 0xFF, 0x8F, 0xFF, 0xFF, 0x80, 0xFF, 0xFF, 0xFF, 0xFF,
    0xFF, 0xFF, 0xFF, 0xFF, 0xFF, 0xE5, 0x55, 0xFF, 0x40, 0x03, 0xFD, 0x00, 0x0F, 0xF4, 0x00, 0x3F,
    0xD0, 0x00, 0xFF, 0x40, 0x03, 0xFD, 0x00, 0x0F, 0xF4, 0x00, 0x3F, 0xD0, 0x00, 0xFF, 0x40, 0x03,
    0xFD, 0x00, 0x0F, 0xF4, 0x00, 0x3F, 0xD0, 0x00, 0x00, 0xFF, 0xFF, 0xFF, 0x00, 0x03, 0xFF, 0xFF,
    0xFC, 0x00, 0x0F, 0xFF, 0xFF, 0xF0, 0x00, 0x3F, 0xD5, 0xBF, 0xC0, 0x00, 0xFF, 0x01, 0xFF, 0x00,
    0x03, 0xFC, 0x07, 0xFC, 0x00, 0x0F, 0xF0, 0x1F, 0xF0, 0x00, 0x3F, 0xC0, 0x7F, 0xC0, 0x00, 0xFF,
    0x01, 0xFF, 0x00, 0x07, 0xFC, 0x07, 0xFC, 0x00, 0x2F, 0xE0, 0x1F, 0xF0, 0x00, 0xFF, 0x00, 0x7F,
    0xC0, 0x5F, 0xFD, 0x56, 0xFF, 0x53, 0xFF, 0xFF, 0xFF, 0xFF, 0xDF, 0xFF, 0xFF, 0xFF, 0xFF, 0x7F,
    0xFF, 0xFF, 0xFF, 0xFD, 0xFF, 0x40, 0x00, 0x0F, 0xF7, 0xFD, 0x00, 0x00, 0x3F, 0xDF, 0xF4, 0x00,
    0x00, 0xFF, 0x6A, 0x90, 0x00, 0x02, 0xA9, 0x00, 0x6F, 0xF9, 0x00, 0x0F, 0xFF, 0xFE, 0x00, 0xFF,
    0xFF, 0xFE, 0x0F, 0xFD, 0x5B, 0xFD, 0x7F, 0xC0, 0x0F, 0xFA, 0xFE, 0x55, 0x6F, 0xFF, 0xFF, 0xFF,
    0xFF, 0xFF, 0xFF, 0xFF, 0xFF, 0xFF, 0xFF, 0xFF, 0xFF, 0xFD, 0x00, 0x00, 0x0B, 0xF8, 0x00, 0x00,
    0x1F, 0xF4, 0x00, 0x04, 0x3F, 0xF9, 0x56, 0xF0, 0x3F, 0xFF, 0xFF, 0xC0, 0x3F, 0xFF, 0xFF, 0x00,
    0x1B, 0xFF, 0x90, 0x2F, 0xE0, 0x03, 0xFD, 0x00, 0xBF, 0x80, 0xFF, 0x40, 0x3F, 0xD0, 0x1F, 0xF0,
    0x07, 0xFC, 0x03, 0xFD, 0x03, 0xFD, 0x00, 0x2F, 0xF0, 0x3F, 0xD0, 0xBF, 0x80, 0x00, 0xFF, 0x83,
    0xFD, 0x1F, 0xF0, 0x00, 0x07, 0xFD, 0x3F, 0xD3, 0xFD, 0x00, 0x00, 0x2F, 0xFF, 0xFF, 0xFF, 0x80,
    0x00, 0x00, 0xFF, 0xFF, 0xFF, 0xF0, 0x00, 0x00, 0x2F, 0xFF, 0xFF, 0xFF, 0x80, 0x00, 0x07, 0xFE,
    0x7F, 0xE7, 0xFD, 0x00, 0x00, 0xFF, 0xC3, 0xFD, 0x2F, 0xF0, 0x00, 0x2F, 0xF4, 0x3F, 0xD0, 0xFF,
    0x80, 0x07, 0xFE, 0x03, 0xFD, 0x07, 0xFD, 0x00, 0xFF, 0xC0, 0x3F, 0xD0, 0x3F, 0xF0, 0x2F, 0xF4,
    0x03, 0xFD, 0x00, 0xFF, 0x87, 0xFE, 0x00, 0x3F, 0xD0, 0x0B, 0xFD, 0x06, 0xFF, 0xF4, 0x03, 0xFF,
    0xFF, 0xF4, 0x2F, 0xFF, 0xFF, 0xC0, 0xE5, 0x5B, 0xFD, 0x00, 0x00, 0x3F, 0xD0, 0x00, 0x0B, 0xFC,
    0x02, 0xFF, 0xFF, 0x40, 0x2F, 0xFF, 0xC0, 0x02, 0xFF, 0xFF, 0x80, 0x05, 0x5B, 0xFE, 0x00, 0x00,
    0x2F, 0xF0, 0x00, 0x02, 0xFF, 0x3E, 0x55, 0xBF, 0xF3, 0xFF, 0xFF, 0xFD, 0x3F, 0xFF, 0xFF, 0x41,
    0xAF, 0xFE, 0x40, 0xFF, 0x40, 0x1F, 0xFF, 0xFD, 0x00, 0xFF, 0xFF, 0xF4, 0x07, 0xFF, 0xFF, 0xD0,
    0x3F, 0xFF, 0xFF, 0x41, 0xFF, 0xFF, 0xFD, 0x0F, 0xEF, 0xFF, 0xF4, 0x7F, 0x7F, 0xFF, 0xD3, 0xF5,
    0xFF, 0xFF, 0x5F, 0xC7, 0xFF, 0xFD, 0xFD, 0x1F, 0xFF, 0xFB, 0xF0, 0x7F, 0xFF, 0xFF, 0x41, 0xFF,
    0xFF, 0xFC, 0x07, 0xFF, 0xFF, 0xD0, 0x1F, 0xFF, 0xFF, 0x00, 0x7F, 0xFF, 0xF4, 0x01, 0xFF, 0x0F,
    0xF0, 0x3F, 0xC0, 0x3F, 0xD1, 0xFE, 0x00, 0x7F, 0xFF, 0xF0, 0x00, 0x7F, 0xFF, 0x40, 0x00, 0x16,
    0x50, 0x00, 0x00, 0x00, 0x00, 0x0F, 0xF4, 0x01, 0xFF, 0xFF, 0xD0, 0x0F, 0xFF, 0xFF, 0x40, 0x7F,
    0xFF, 0xFD, 0x03, 0xFF, 0xFF, 0xF4, 0x1F, 0xFF, 0xFF, 0xD0, 0xFE, 0xFF, 0xFF, 0x47, 0xF7, 0xFF,
    0xFD, 0x3F, 0x5F, 0xFF, 0xF5, 0xFC, 0x7F, 0xFF, 0xDF, 0xD1, 0xFF, 0xFF, 0xBF, 0x07, 0xFF, 0xFF,
    0xF4, 0x1F, 0xFF, 0xFF, 0xC0, 0x7F, 0xFF, 0xFD, 0x01, 0xFF, 0xFF, 0xF0, 0x07, 0xFF, 0xFF, 0x40,
    0x1F, 0xF0, 0xFF, 0x40, 0x0B, 0xFC, 0xFF, 0x40, 0x1F, 0xF0, 0xFF, 0x40, 0x3F, 0xD0, 0xFF, 0x40,
    0xFF, 0x80, 0xFF, 0x42, 0xFF, 0x00, 0xFF, 0x47, 0xFC, 0x00, 0xFF, 0xFF, 0xF4, 0x00, 0xFF, 0xFF,
    0xF0, 0x00, 0xFF, 0xFF, 0xF8, 0x00, 0xFF, 0x9B, 0xFC, 0x00, 0xFF, 0x43, 0xFF, 0x00, 0xFF, 0x41,
    0xFF, 0x80, 0xFF, 0x40, 0xBF, 0xD0, 0xFF, 0x40, 0x3F, 0xF0, 0xFF, 0x40, 0x1F, 0xF8, 0xFF, 0x40,
    0x0B, 0xFD, 0x00, 0xFF, 0xFF, 0xFF, 0x40, 0x3F, 0xFF, 0xFF, 0xD0, 0x0F, 0xFF, 0xFF, 0xF4, 0x03,
    0xFE, 0x57, 0xFD, 0x00, 0xFF, 0x40, 0xFF, 0x40, 0x3F, 0xD0, 0x3F, 0xD0, 0x0F, 0xF4, 0x0F, 0xF4,
    0x03, 0xFD, 0x03, 0xFD, 0x00, 0xFF, 0x40, 0xFF, 0x40, 0x3F, 0xD0, 0x3F, 0xD0, 0x1F, 0xF0, 0x0F,
    0xF4, 0x0B, 0xFC, 0x03, 0xFD, 0x6F, 0xFF, 0x00, 0xFF, 0x6F, 0xFF, 0x40, 0x3F, 0xDB, 0xFF, 0xC0,
    0x0F, 0xF5, 0xFF, 0x40, 0x03, 0xFD, 0xFF, 0xF8, 0x00, 0x1F, 0xFF, 0xFF, 0xFC, 0x00, 0x2F, 0xFF,
    0xFF, 0xFD, 0x00, 0x3F, 0xFF, 0xFF, 0xFE, 0x00, 0x7F, 0xFF, 0xFF, 0xFF, 0x00, 0xFF, 0xFF, 0xFF,
    0x7F, 0x40, 0xFE, 0xFF, 0xFF, 0x6F, 0x81, 0xF9, 0xFF, 0xFF, 0x5F, 0xC3, 0xF5, 0xFF, 0xFF, 0x4F,
    0xD3, 0xF1, 0xFF, 0xFF, 0x4B, 0xE7, 0xE1, 0xFF, 0xFF, 0x47, 0xFF, 0xD1, 0xFF, 0xFF, 0x43, 0xFF,
    0xC1, 0xFF, 0xFF, 0x42, 0xFF, 0xC1, 0xFF, 0xFF, 0x41, 0xFF, 0x41, 0xFF, 0xFF, 0x40, 0xFF, 0x01,
    0xFF, 0xFF, 0x40, 0xBF, 0x01, 0xFF, 0xFF, 0x40, 0x0F, 0xF7, 0xFD, 0x00, 0x3F, 0xDF, 0xF4, 0x00,
    0xFF, 0x7F, 0xD0, 0x03, 0xFD, 0xFF, 0x40, 0x0F, 0xF7, 0xFD, 0x00, 0x3F, 0xDF, 0xF9, 0x55, 0xFF,
    0x7F, 0xFF, 0xFF, 0xFD, 0xFF, 0xFF, 0xFF, 0xF7, 0xFF, 0xFF, 0xFF, 0xDF, 0xF4, 0x00, 0xFF, 0x7F,
    0xD0, 0x03, 0xFD, 0xFF, 0x40, 0x0F, 0xF7, 0xFD, 0x00, 0x3F, 0xDF, 0xF4, 0x00, 0xFF, 0x7F, 0xD0,
    0x03, 0xFD, 0x00, 0x6F, 0xF8, 0x00, 0x07, 0xFF, 0xFF, 0x80, 0x0F, 0xFF, 0xFF, 0xE0, 0x3F, 0xF5,
    0x6F, 0xF4, 0x7F, 0xC0, 0x0B, 0xFC, 0xBF, 0x80, 0x07, 0xFC, 0xFF, 0x80, 0x03, 0xFD, 0xFF, 0x40,
    0x03, 0xFD, 0xFF, 0x40, 0x03, 0xFD, 0xFF, 0x80, 0x03, 0xFD, 0xBF, 0xC0, 0x07, 0xFC, 0x7F, 0xC0,
    0x0B, 0xFC, 0x3F, 0xF5, 0x6F, 0xF4, 0x1F, 0xFF, 0xFF, 0xE0, 0x07, 0xFF, 0xFF, 0x80, 0x00, 0x7F,
    0xF8, 0x00, 0xFF, 0xFF, 0xFF, 0xF7, 0xFF, 0xFF, 0xFF, 0xDF, 0xFF, 0xFF, 0xFF, 0x7F, 0xE5, 0x57,
    0xFD, 0xFF, 0x40, 0x0F, 0xF7, 0xFD, 0x00, 0x3F, 0xDF, 0xF4, 0x00, 0xFF, 0x7F, 0xD0, 0x03, 0xFD,
    0xFF, 0x40, 0x0F, 0xF7, 0xFD, 0x00, 0x3F, 0xDF, 0xF4, 0x00, 0xFF, 0x7F, 0xD0, 0x03, 0xFD, 0xFF,
    0x40, 0x0F, 0xF7, 0xFD, 0x00, 0x3F, 0xDF, 0xF4, 0x00, 0xFF, 0x7F, 0xD0, 0x03, 0xFD, 0xFF, 0x0B,
    0xFD, 0x03, 0xFC, 0xFF, 0xFF, 0x0F, 0xFF, 0xFF, 0xFE, 0x3F, 0xFD, 0x5F, 0xFC, 0xFF, 0xC0, 0x0F,
    0xFB, 0xFE, 0x00, 0x2F, 0xFF, 0xF4, 0x00, 0xBF, 0xFF, 0xD0, 0x01, 0xFF, 0xFF, 0x40, 0x07, 0xFF,
    0xFE, 0x00, 0x2F, 0xFF, 0xF8, 0x00, 0xFF, 0xFF, 0xF0, 0x03, 0xFE, 0xFF, 0xF5, 0x7F, 0xF3, 0xFF,
    0xFF, 0xFF, 0x8F, 0xFB, 0xFF, 0xF8, 0x3F, 0xD2, 0xFF, 0x40, 0xFF, 0x40, 0x00, 0x03, 0xFD, 0x00,
    0x00, 0x0F, 0xF4, 0x00, 0x00, 0x3F, 0xD0, 0x00, 0x00, 0xFF, 0x40, 0x00, 0x03, 0xFD, 0x00, 0x00,
    0x0F, 0xF4, 0x00, 0x00, 0x00, 0x00, 0x6F, 0xFE, 0x40, 0x3F, 0xFF, 0xFC, 0x0F, 0xFF, 0xFF, 0x43,
    0xFF, 0x95, 0xB0, 0x7F, 0xD0, 0x00, 0x0B, 0xFC, 0x00, 0x00, 0xFF, 0x80, 0x00, 0x0F, 0xF4, 0x00,
    0x00, 0xFF, 0x40, 0x00, 0x0F, 0xF8, 0x00, 0x00, 0xFF, 0xC0, 0x00, 0x07, 0xFD, 0x00, 0x00, 0x3F,
    0xF9, 0x56, 0x41, 0xFF, 0xFF, 0xF8, 0x07, 0xFF, 0xFF, 0x80, 0x06, 0xFF, 0xA0, 0xFF, 0xFF, 0xFF,
    0xFF, 0xFF, 0xFF, 0xFF, 0xFF, 0xFF, 0xFF, 0xF5, 0x57, 0xFE, 0x55, 0x00, 0x3F, 0xD0, 0x00, 0x03,
    0xFD, 0x00, 0x00, 0x3F, 0xD0, 0x00, 0x03, 0xFD, 0x00, 0x00, 0x3F, 0xD0, 0x00, 0x03, 0xFD, 0x00,
    0x00, 0x3F, 0xD0, 0x00, 0x03, 0xFD, 0x00, 0x00, 0x3F, 0xD0, 0x00, 0x03, 0xFD, 0x00, 0x00, 0x3F,
    0xD0, 0x00, 0x03, 0xFD, 0x00, 0xFF, 0xC0, 0x00, 0xFF, 0x5F, 0xF0, 0x00, 0x7F, 0xC3, 0xFD, 0x00,
    0x3F, 0xE0, 0xBF, 0xC0, 0x0F, 0xF0, 0x0F, 0xF0, 0x07, 0xFC, 0x03, 0xFD, 0x03, 0xFE, 0x00, 0x7F,
    0x80, 0xFF, 0x00, 0x0F, 0xF0, 0x7F, 0xC0, 0x02, 0xFD, 0x2F, 0xD0, 0x00, 0x7F, 0x8F, 0xF0, 0x00,
    0x0F, 0xF7, 0xF8, 0x00, 0x02, 0xFE, 0xFD, 0x00, 0x00, 0x3F, 0xFF, 0x00, 0x00, 0x0F, 0xFF, 0x80,
    0x00, 0x01, 0xFF, 0xC0, 0x00, 0x00, 0x3F, 0xF0, 0x00, 0x00, 0x0F, 0xF4, 0x00, 0x00, 0x03, 0xFC,
    0x00, 0x00, 0x03, 0xFE, 0x00, 0x00, 0x57, 0xFF, 0x00, 0x00, 0x3F, 0xFF, 0x80, 0x00, 0x0F, 0xFF,
    0x80, 0x00, 0x03, 0xFE, 0x40, 0x00, 0x00, 0x00, 0x00, 0x7F, 0xC0, 0x00, 0x00, 0x00, 0x1F, 0xF0,
    0x00, 0x00, 0x00, 0x07, 0xFC, 0x00, 0x00, 0x00, 0x01, 0xFF, 0x00, 0x00, 0x00, 0x00, 0x7F, 0xC0,
    0x00, 0x00, 0x00, 0x1F, 0xF0, 0x00, 0x00, 0x01, 0xBF, 0xFF, 0x90, 0x00, 0x0B, 0xFF, 0xFF, 0xFF,
    0x80, 0x0F, 0xFF, 0xFF, 0xFF, 0xFC, 0x0F, 0xFF, 0x6F, 0xF7, 0xFF, 0xC7, 0xFE, 0x07, 0xFC, 0x2F,
    0xF6, 0xFF, 0x01, 0xFF, 0x03, 0xFE, 0xFF, 0x80, 0x7F, 0xC0, 0xBF, 0xFF, 0xD0, 0x1F, 0xF0, 0x1F,
    0xFF, 0xF4, 0x07, 0xFC, 0x07, 0xFF, 0xFE, 0x01, 0xFF, 0x02, 0xFF, 0xBF, 0xC0, 0x7F, 0xC0, 0xFF,
    0x9F, 0xF8, 0x1F, 0xF0, 0xBF, 0xD3, 0xFF, 0xDB, 0xFD, 0xFF, 0xF0, 0x3F, 0xFF, 0xFF, 0xFF, 0xF0,
    0x02, 0xFF, 0xFF, 0xFF, 0xE0, 0x00, 0x06, 0xFF, 0xFE, 0x40, 0x00, 0x00, 0x07, 0xFC, 0x00, 0x00,
    0x00, 0x01, 0xFF, 0x00, 0x00, 0x00, 0x00, 0x7F, 0xC0, 0x00, 0x00, 0x00, 0x1F, 0xF0, 0x00, 0x00,
    0x00, 0x07, 0xFC, 0x00, 0x00, 0x00, 0x01, 0xFF, 0x00, 0x00, 0x00, 0x00, 0x7F, 0xC0, 0x00, 0x00,
    0x3F, 0xF0, 0x01, 0xFF, 0x81, 0xFF, 0x80, 0x3F, 0xF0, 0x0B, 0xFC, 0x0B, 0xFC, 0x00, 0x3F, 0xE0,
    0xFF, 0x80, 0x01, 0xFF, 0x6F, 0xF0, 0x00, 0x0B, 0xFF, 0xFC, 0x00, 0x00, 0x3F, 0xFF, 0x80, 0x00,
    0x01, 0xFF, 0xF0, 0x00, 0x00, 0x2F, 0xFF, 0x00, 0x00, 0x03, 0xFF, 0xF8, 0x00, 0x00, 0xFF, 0xFF,
    0xD0, 0x00, 0x2F, 0xF2, 0xFF, 0x00, 0x03, 0xFD, 0x0F, 0xFC, 0x00, 0xFF, 0xC0, 0x7F, 0xD0, 0x2F,
    0xF4, 0x02, 0xFF, 0x03, 0xFE, 0x00, 0x0F, 0xFC, 0xFF, 0x40, 0x0F, 0xF4, 0x3F, 0xD0, 0x03, 0xFD,
    0x0F, 0xF4, 0x00, 0xFF, 0x43, 0xFD, 0x00, 0x3F, 0xD0, 0xFF, 0x40, 0x0F, 0xF4, 0x3F, 0xD0, 0x03,
    0xFD, 0x0F, 0xF4, 0x00, 0xFF, 0x43, 0xFD, 0x00, 0x3F, 0xD0, 0xFF, 0x40, 0x0F, 0xF4, 0x3F, 0xD0,
    0x03, 0xFD, 0x0F, 0xF4, 0x00, 0xFF, 0x43, 0xFD, 0x00, 0x3F, 0xD0, 0xFF, 0x95, 0x5F, 0xF9, 0x3F,
    0xFF, 0xFF, 0xFF, 0xDF, 0xFF, 0xFF, 0xFF, 0xF7, 0xFF, 0xFF, 0xFF, 0xFD, 0x00, 0x00, 0x00, 0xFF,
    0x40, 0x00, 0x00, 0x3F, 0xD0, 0x00, 0x00, 0x0F, 0xF4, 0x00, 0x00, 0x02, 0xA9, 0xFF, 0x40, 0x0F,
    0xF7, 0xFD, 0x00, 0x3F, 0xDF, 0xF4, 0x00, 0xFF, 0x7F, 0xD0, 0x03, 0xFD, 0xFF, 0x40, 0x0F, 0xF7,
    0xFD, 0x00, 0x3F, 0xDF, 0xFC, 0x00, 0xFF, 0x6F, 0xF9, 0x5B, 0xFD, 0x7F, 0xFF, 0xFF, 0xF4, 0xBF,
    0xFF, 0xFF, 0xD0, 0x6F, 0xF9, 0xFF, 0x40, 0x00, 0x03, 0xFD, 0x00, 0x00, 0x0F, 0xF4, 0x00, 0x00,
    0x3F, 0xD0, 0x00, 0x00, 0xFF, 0x40, 0x00, 0x03, 0xFD, 0xFF, 0x40, 0x1F, 0xF0, 0x03, 0xFE, 0xFF,
    0x40, 0x1F, 0xF0, 0x03, 0xFE, 0xFF, 0x40, 0x1F, 0xF0, 0x03, 0xFE, 0xFF, 0x40, 0x1F, 0xF0, 0x03,
    0xFE, 0xFF, 0x40, 0x1F, 0xF0, 0x03, 0xFE, 0xFF, 0x40, 0x1F, 0xF0, 0x03, 0xFE, 0xFF, 0x40, 0x1F,
    0xF0, 0x03, 0xFE, 0xFF, 0x40, 0x1F, 0xF0, 0x03, 0xFE, 0xFF, 0x40, 0x1F, 0xF0, 0x03, 0xFE, 0xFF,
    0x40, 0x1F, 0xF0, 0x03, 0xFE, 0xFF, 0x40, 0x1F, 0xF0, 0x03, 0xFE, 0xFF, 0x40, 0x1F, 0xF0, 0x03,
    0xFE, 0xFF, 0x95, 0x6F, 0xF5, 0x57, 0xFE, 0xFF, 0xFF, 0xFF, 0xFF, 0xFF, 0xFE, 0xFF, 0xFF, 0xFF,
    0xFF, 0xFF, 0xFE, 0xFF, 0xFF, 0xFF, 0xFF, 0xFF, 0xFE, 0xFF, 0x40, 0x3F, 0xD0, 0x07, 0xFC, 0x0F,
    0xF4, 0x03, 0xFD, 0x00, 0x7F, 0xC0, 0xFF, 0x40, 0x3F, 0xD0, 0x07, 0xFC, 0x0F, 0xF4, 0x03, 0xFD,
    0x00, 0x7F, 0xC0, 0xFF, 0x40, 0x3F, 0xD0, 0x07, 0xFC, 0x0F, 0xF4, 0x03, 0xFD, 0x00, 0x7F, 0xC0,
    0xFF, 0x40, 0x3F, 0xD0, 0x07, 0xFC, 0x0F, 0xF4, 0x03, 0xFD, 0x00, 0x7F, 0xC0, 0xFF, 0x40, 0x3F,
    0xD0, 0x07, 0xFC, 0x0F, 0xF4, 0x03, 0xFD, 0x00, 0x7F, 0xC0, 0xFF, 0x40, 0x3F, 0xD0, 0x07, 0xFC,
    0x0F, 0xF4, 0x03, 0xFD, 0x00, 0x7F, 0xC0, 0xFF, 0x95, 0x7F, 0xE5, 0x5B, 0xFD, 0x4F, 0xFF, 0xFF,
    0xFF, 0xFF, 0xFF, 0xFD, 0xFF, 0xFF, 0xFF, 0xFF, 0xFF, 0xFF, 0xDF, 0xFF, 0xFF, 0xFF, 0xFF, 0xFF,
    0xFD, 0x00, 0x00, 0x00, 0x00, 0x00, 0x3F, 0xD0, 0x00, 0x00, 0x00, 0x00, 0x03, 0xFD, 0x00, 0x00,
    0x00, 0x00, 0x00, 0x3F, 0xD0, 0x00, 0x00, 0x00, 0x00, 0x02, 0xA9, 0xBF, 0xFF, 0xD0, 0x00, 0x02,
    0xFF, 0xFF, 0x40, 0x00, 0x0B, 0xFF, 0xFD, 0x00, 0x00, 0x05, 0x5F, 0xF4, 0x00, 0x00, 0x00, 0x3F,
    0xD0, 0x00, 0x00, 0x00, 0xFF, 0xFF, 0xE4, 0x00, 0x03, 0xFF, 0xFF, 0xFD, 0x00, 0x0F, 0xFF, 0xFF,
    0xFC, 0x00, 0x3F, 0xE5, 0x6F, 0xF8, 0x00, 0xFF, 0x40, 0x2F, 0xF0, 0x03, 0xFD, 0x00, 0x7F, 0xC0,
    0x0F, 0xF4, 0x02, 0xFF, 0x00, 0x3F, 0xE5, 0x6F, 0xF8, 0x00, 0xFF, 0xFF, 0xFF, 0xC0, 0x03, 0xFF,
    0xFF, 0xFD, 0x00, 0x0F, 0xFF, 0xFE, 0x40, 0xFF, 0x40, 0x00, 0x00, 0xFF, 0x7F, 0xD0, 0x00, 0x00,
    0x3F, 0xDF, 0xF4, 0x00, 0x00, 0x0F, 0xF7, 0xFD, 0x00, 0x00, 0x03, 0xFD, 0xFF, 0x40, 0x00, 0x00,
    0xFF, 0x7F, 0xFF, 0xF9, 0x00, 0x3F, 0xDF, 0xFF, 0xFF, 0xE0, 0x0F, 0xF7, 0xFF, 0xFF, 0xFE, 0x03,
    0xFD, 0xFF, 0x95, 0xFF, 0xC0, 0xFF, 0x7F, 0xD0, 0x0F, 0xF4, 0x3F, 0xDF, 0xF4, 0x03, 0xFD, 0x0F,
    0xF7, 0xFD, 0x00, 0xFF, 0x43, 0xFD, 0xFF, 0x95, 0xFF, 0xC0, 0xFF, 0x7F, 0xFF, 0xFF, 0xE0, 0x3F,
    0xDF, 0xFF, 0xFF, 0xE0, 0x0F, 0xF7, 0xFF, 0xFF, 0x90, 0x03, 0xFD, 0xFF, 0x40, 0x00, 0x0F, 0xF4,
    0x00, 0x00, 0xFF, 0x40, 0x00, 0x0F, 0xF4, 0x00, 0x00, 0xFF, 0x40, 0x00, 0x0F, 0xFF, 0xFE, 0x40,
    0xFF, 0xFF, 0xFF, 0x4F, 0xFF, 0xFF, 0xFC, 0xFF, 0x95, 0xBF, 0xEF, 0xF4, 0x02, 0xFF, 0xFF, 0x40,
    0x1F, 0xFF, 0xF4, 0x02, 0xFF, 0xFF, 0x95, 0xBF, 0xEF, 0xFF, 0xFF, 0xFC, 0xFF, 0xFF, 0xFF, 0x4F,
    0xFF, 0xFE, 0x40, 0x1B, 0xFF, 0x80, 0x07, 0xFF, 0xFF, 0x80, 0x3F, 0xFF, 0xFF, 0x02, 0x95, 0xBF,
    0xF4, 0x00, 0x00, 0xFF, 0xC0, 0x00, 0x07, 0xFC, 0x07, 0xFF, 0xFF, 0xD0, 0x7F, 0xFF, 0xFD, 0x07,
    0xFF, 0xFF, 0xD0, 0x15, 0x57, 0xFD, 0x00, 0x00, 0x7F, 0xC0, 0x00, 0x0F, 0xFC, 0xB9, 0x5B, 0xFF,
    0x4B, 0xFF, 0xFF, 0xE0, 0xBF, 0xFF, 0xF8, 0x02, 0xBF, 0xF8, 0x00, 0xFF, 0x40, 0x06, 0xFF, 0x80,
    0x0F, 0xF4, 0x03, 0xFF, 0xFF, 0x80, 0xFF, 0x40, 0xFF, 0xFF, 0xFE, 0x0F, 0xF4, 0x2F, 0xF9, 0x6F,
    0xF4, 0xFF, 0x43, 0xFE, 0x00, 0xBF, 0xCF, 0xF4, 0x3F, 0xD0, 0x07, 0xFC, 0xFF, 0xFF, 0xFC, 0x00,
    0x3F, 0xDF, 0xFF, 0xFF, 0xC0, 0x03, 0xFD, 0xFF, 0xFF, 0xFC, 0x00, 0x3F, 0xDF, 0xF9, 0x7F, 0xC0,
    0x03, 0xFD, 0xFF, 0x43, 0xFD, 0x00, 0x7F, 0xCF, 0xF4, 0x3F, 0xE0, 0x0B, 0xFC, 0xFF, 0x41, 0xFF,
    0x96, 0xFF, 0x4F, 0xF4, 0x0B, 0xFF, 0xFF, 0xE0, 0xFF, 0x40, 0x2F, 0xFF, 0xF8, 0x0F, 0xF4, 0x00,
    0x6F, 0xF9, 0x00, 0x00, 0x2F, 0xFF, 0xFF, 0x02, 0xFF, 0xFF, 0xFF, 0x07, 0xFF, 0xFF, 0xFF, 0x0F,
    0xFE, 0x56, 0xFF, 0x0F, 0xF8, 0x01, 0xFF, 0x0F, 0xF8, 0x01, 0xFF, 0x0F, 0xFD, 0x01, 0xFF, 0x07,
    0xFF, 0xFF, 0xFF, 0x02, 0xFF, 0xFF, 0xFF, 0x00, 0x7F, 0xFF, 0xFF, 0x00, 0xBF, 0xD6, 0xFF, 0x00,
    0xFF, 0x81, 0xFF, 0x03, 0xFF, 0x01, 0xFF, 0x0B, 0xFD, 0x01, 0xFF, 0x1F, 0xF8, 0x01, 0xFF, 0x3F,
    0xF0, 0x01, 0xFF, 0x06, 0xA9, 0x00, 0x00, 0x0B, 0xFC, 0x00, 0x00, 0x0B, 0xFC, 0x00, 0x00, 0x07,
    0xF8, 0x00, 0x00, 0x07, 0xF0, 0x00, 0x00, 0x00, 0x00, 0x00, 0x00, 0x00, 0x00, 0x00, 0x1B, 0xFE,
    0x40, 0x03, 0xFF, 0xFF, 0x80, 0x3F, 0xFF, 0xFF, 0x83, 0xFF, 0x56, 0xFF, 0x5F, 0xF0, 0x02, 0xFE,
    0xBF, 0x95, 0x5B, 0xFF, 0xFF, 0xFF, 0xFF, 0xFF, 0xFF, 0xFF, 0xFF, 0xFF, 0xFF, 0xFF, 0xFF, 0xFF,
    0x40, 0x00, 0x02, 0xFE, 0x00, 0x00, 0x07, 0xFD, 0x00, 0x01, 0x0F, 0xFE, 0x55, 0xBC, 0x0F, 0xFF,
    0xFF, 0xF0, 0x0F, 0xFF, 0xFF, 0xC0, 0x06, 0xFF, 0xE4, 0x00, 0x02, 0xF4, 0x2F, 0x40, 0x1F, 0xF1,
    0xFF, 0x00, 0x7F, 0xC7, 0xFC, 0x00, 0xBD, 0x0B, 0xD0, 0x00, 0x00, 0x00, 0x00, 0x00, 0x00, 0x00,
    0x00, 0x06, 0xFF, 0x90, 0x00, 0xFF, 0xFF, 0xE0, 0x0F, 0xFF, 0xFF, 0xE0, 0xFF, 0xD5, 0xBF, 0xD7,
    0xFC, 0x00, 0xFF, 0xAF, 0xE5, 0x56, 0xFF, 0xFF, 0xFF, 0xFF, 0xFF, 0xFF, 0xFF, 0xFF, 0xFF, 0xFF,
    0xFF, 0xFF, 0xFF, 0xD0, 0x00, 0x00, 0xBF, 0x80, 0x00, 0x01, 0xFF, 0x40, 0x00, 0x03, 0xFF, 0x95,
    0x6F, 0x03, 0xFF, 0xFF, 0xFC, 0x03, 0xFF, 0xFF, 0xF0, 0x01, 0xBF, 0xF9, 0x00, 0x07, 0xFC, 0x00,
    0x00, 0x01, 0xFF, 0x00, 0x00, 0x0F, 0xFF, 0xFF, 0xF0, 0x03, 0xFF, 0xFF, 0xFC, 0x00, 0xFF, 0xFF,
    0xFF, 0x00, 0x16, 0xFF, 0x55, 0x40, 0x00, 0x7F, 0xC0, 0x00, 0x00, 0x1F, 0xF1, 0xBF, 0x90, 0x07,
    0xFD, 0xFF, 0xFE, 0x01, 0xFF, 0xFF, 0xFF, 0xD0, 0x7F, 0xF9, 0x6F, 0xF8, 0x1F, 0xFC, 0x03, 0xFF,
    0x07, 0xFD, 0x00, 0xBF, 0xC1, 0xFF, 0x00, 0x1F, 0xF0, 0x7F, 0xC0, 0x07, 0xFC, 0x1F, 0xF0, 0x01,
    0xFF, 0x07, 0xFC, 0x00, 0x7F, 0xC1, 0xFF, 0x00, 0x1F, 0xF0, 0x7F, 0xC0, 0x07, 0xFC, 0x1F, 0xF0,
    0x01, 0xFF, 0x07, 0xFC, 0x00, 0x7F, 0xC1, 0xFF, 0x00, 0x1F, 0xF0, 0x00, 0x00, 0x07, 0xFC, 0x00,
    0x00, 0x01, 0xFF, 0x00, 0x00, 0x00, 0xBF, 0xC0, 0x00, 0x15, 0xBF, 0xE0, 0x00, 0x0B, 0xFF, 0xF0,
    0x00, 0x02, 0xFF, 0xF4, 0x00, 0x00, 0x7F, 0xE4, 0x00, 0x00, 0x0B, 0xFD, 0x00, 0x1F, 0xF0, 0x00,
    0x3F, 0xC0, 0x00, 0xFE, 0x00, 0x00, 0xA4, 0x00, 0x00, 0x00, 0x00, 0xFF, 0xFF, 0xFC, 0xFF, 0xFF,
    0xFC, 0xFF, 0xFF, 0xFC, 0xFF, 0x95, 0x54, 0xFF, 0x40, 0x00, 0xFF, 0x40, 0x00, 0xFF, 0x40, 0x00,
    0xFF, 0x40, 0x00, 0xFF, 0x40, 0x00, 0xFF, 0x40, 0x00, 0xFF, 0x40, 0x00, 0xFF, 0x40, 0x00, 0xFF,
    0x40, 0x00, 0xFF, 0x40, 0x00, 0xFF, 0x40, 0x00, 0xFF, 0x40, 0x00, 0x00, 0x6F, 0xFE, 0x00, 0x3F,
    0xFF, 0xFC, 0x0F, 0xFF, 0xFF, 0x43, 0xFF, 0x95, 0xA0, 0x7F, 0xD0, 0x00, 0x0B, 0xFC, 0x00, 0x00,
    0xFF, 0xFF, 0xF8, 0x0F, 0xFF, 0xFF, 0x80, 0xFF, 0xFF, 0xF8, 0x0F, 0xF9, 0x55, 0x00, 0xFF, 0xC0,
    0x00, 0x07, 0xFD, 0x00, 0x00, 0x3F, 0xF9, 0x56, 0x41, 0xFF, 0xFF, 0xF8, 0x07, 0xFF, 0xFF, 0x80,
    0x06, 0xFF, 0x90, 0x06, 0xFF, 0xE4, 0x3F, 0xFF, 0xFE, 0xBF, 0xFF, 0xFD, 0xFF, 0xD5, 0xBC, 0xFF,
    0x40, 0x00, 0xFF, 0xD0, 0x00, 0x7F, 0xFE, 0x00, 0x2F, 0xFF, 0xE0, 0x03, 0xFF, 0xFC, 0x00, 0x2F,
    0xFE, 0x00, 0x03, 0xFF, 0x40, 0x01, 0xFF, 0xF9, 0x57, 0xFF, 0xFF, 0xFF, 0xFD, 0xFF, 0xFF, 0xF8,
    0x2F, 0xFF, 0x90, 0x7E, 0x3F, 0xDF, 0xF5, 0xF8, 0x00, 0x00, 0x0F, 0xF7, 0xFD, 0xFF, 0x7F, 0xDF,
    0xF7, 0xFD, 0xFF, 0x7F, 0xDF, 0xF7, 0xFD, 0xFF, 0x7F, 0xDF, 0xF7, 0xFD, 0xFF, 0x7F, 0xD0, 0xB8,
    0xBB, 0xF3, 0xFF, 0xCF, 0xEE, 0x2E, 0x00, 0x00, 0x00, 0x01, 0xFF, 0x07, 0xFC, 0x1F, 0xF0, 0x7F,
    0xC1, 0xFF, 0x07, 0xFC, 0x1F, 0xF0, 0x7F, 0xC1, 0xFF, 0x07, 0xFC, 0x1F, 0xF0, 0x7F, 0xC1, 0xFF,
    0x07, 0xFC, 0x1F, 0xF0, 0x7F, 0xC0, 0x00, 0x7E, 0x00, 0x3F, 0xD0, 0x0F, 0xF4, 0x01, 0xF8, 0x00,
    0x00, 0x00, 0x00, 0x00, 0x0F, 0xF4, 0x03, 0xFD, 0x00, 0xFF, 0x40, 0x3F, 0xD0, 0x0F, 0xF4, 0x03,
    0xFD, 0x00, 0xFF, 0x40, 0x3F, 0xD0, 0x0F, 0xF4, 0x03, 0xFD, 0x00, 0xFF, 0x40, 0x3F, 0xD0, 0x0F,
    0xF4, 0x03, 0xFD, 0x00, 0xFF, 0x40, 0x3F, 0xD0, 0x0F, 0xF4, 0x03, 0xFD, 0x00, 0xFF, 0x55, 0xFF,
    0xCB, 0xFF, 0xF2, 0xFF, 0xF0, 0x7F, 0xE0, 0x00, 0x00, 0xFF, 0xFF, 0xFF, 0x00, 0x00, 0x00, 0x0F,
    0xFF, 0xFF, 0xF0, 0x00, 0x00, 0x00, 0xFF, 0xFF, 0xFF, 0x00, 0x00, 0x00, 0x0F, 0xF9, 0x6F, 0xF0,
    0x00, 0x00, 0x00, 0xFF, 0x41, 0xFF, 0x00, 0x00, 0x00, 0x0F, 0xF4, 0x1F, 0xFF, 0xFE, 0x40, 0x00,
    0xFF, 0x41, 0xFF, 0xFF, 0xFE, 0x00, 0x0F, 0xF4, 0x1F, 0xFF, 0xFF, 0xF8, 0x00, 0xFF, 0x41, 0xFF,
    0x56, 0xFF, 0xC0, 0x0F, 0xF4, 0x1F, 0xF0, 0x07, 0xFD, 0x00, 0xFF, 0x01, 0xFF, 0x00, 0x3F, 0xD0,
    0x1F, 0xF0, 0x1F, 0xF0, 0x07, 0xFD, 0x17, 0xFF, 0x01, 0xFF, 0x56, 0xFF, 0xCB, 0xFF, 0xE0, 0x1F,
    0xFF, 0xFF, 0xF8, 0xBF, 0xFC, 0x01, 0xFF, 0xFF, 0xFE, 0x07, 0xFD, 0x00, 0x1F, 0xFF, 0xFE, 0x00,
    0xFF, 0x40, 0x0F, 0xF4, 0x00, 0x00, 0xFF, 0x40, 0x0F, 0xF4, 0x00, 0x00, 0xFF, 0x40, 0x0F, 0xF4,
    0x00, 0x00, 0xFF, 0x40, 0x0F, 0xF4, 0x00, 0x00, 0xFF, 0x40, 0x0F, 0xF4, 0x00, 0x00, 0xFF, 0x95,
    0x5F, 0xF9, 0x50, 0x00, 0xFF, 0xFF, 0xFF, 0xFF, 0xFF, 0x80, 0xFF, 0xFF, 0xFF, 0xFF, 0xFF, 0xF4,
    0xFF, 0xFF, 0xFF, 0xFF, 0xFF, 0xFC, 0xFF, 0x40, 0x0F, 0xF4, 0x0B, 0xFD, 0xFF, 0x40, 0x0F, 0xF4,
    0x03, 0xFD, 0xFF, 0x40, 0x0F, 0xF4, 0x03, 0xFD, 0xFF, 0x40, 0x0F, 0xF9, 0x5F, 0xFC, 0xFF, 0x40,
    0x0F, 0xFF, 0xFF, 0xFC, 0xFF, 0x40, 0x0F, 0xFF, 0xFF, 0xF0, 0xFF, 0x40, 0x0F, 0xFF, 0xFE, 0x40,
    0x07, 0xFC, 0x00, 0x00, 0x01, 0xFF, 0x00, 0x00, 0x0F, 0xFF, 0xFF, 0xF0, 0x03, 0xFF, 0xFF, 0xFC,
    0x00, 0xFF, 0xFF, 0xFF, 0x00, 0x16, 0xFF, 0x55, 0x40, 0x00, 0x7F, 0xC0, 0x00, 0x00, 0x1F, 0xF1,
    0xBF, 0x90, 0x07, 0xFD, 0xFF, 0xFE, 0x01, 0xFF, 0xFF, 0xFF, 0xD0, 0x7F, 0xF9, 0x6F, 0xF8, 0x1F,
    0xFC, 0x03, 0xFF, 0x07, 0xFD, 0x00, 0xBF, 0xC1, 0xFF, 0x00, 0x1F, 0xF0, 0x7F, 0xC0, 0x07, 0xFC,
    0x1F, 0xF0, 0x01, 0xFF, 0x07, 0xFC, 0x00, 0x7F, 0xC1, 0xFF, 0x00, 0x1F, 0xF0, 0x7F, 0xC0, 0x07,
    0xFC, 0x1F, 0xF0, 0x01, 0xFF, 0x07, 0xFC, 0x00, 0x7F, 0xC1, 0xFF, 0x00, 0x1F, 0xF0, 0x00, 0x00,
    0xFF, 0xC0, 0x00, 0x02, 0xFF, 0x00, 0x00, 0x07, 0xFC, 0x00, 0x00, 0x0F, 0xE0, 0x00, 0x00, 0x0A,
    0x40, 0x00, 0x00, 0x00, 0x00, 0x00, 0xFF, 0x40, 0x0B, 0xFC, 0xFF, 0x40, 0x1F, 0xF0, 0xFF, 0x40,
    0x3F, 0xD0, 0xFF, 0x40, 0xFF, 0x80, 0xFF, 0x42, 0xFF, 0x00, 0xFF, 0x47, 0xFC, 0x00, 0xFF, 0xFF,
    0xF4, 0x00, 0xFF, 0xFF, 0xF0, 0x00, 0xFF, 0xFF, 0xF8, 0x00, 0xFF, 0x9F, 0xFC, 0x00, 0xFF, 0x43,
    0xFF, 0x00, 0xFF, 0x41, 0xFF, 0x80, 0xFF, 0x40, 0xBF, 0xD0, 0xFF, 0x40, 0x3F, 0xF0, 0xFF, 0x40,
    0x1F, 0xF8, 0xFF, 0x40, 0x0B, 0xFD, 0x03, 0xFE, 0x00, 0x00, 0x03, 0xFD, 0x00, 0x00, 0x03, 0xFC,
    0x00, 0x00, 0x02, 0xF8, 0x00, 0x00, 0x01, 0xA0, 0x00, 0x00, 0x00, 0x00, 0x0F, 0xF4, 0x01, 0xFF,
    0xFF, 0xD0, 0x0F, 0xFF, 0xFF, 0x40, 0x7F, 0xFF, 0xFD, 0x03, 0xFF, 0xFF, 0xF4, 0x1F, 0xFF, 0xFF,
    0xD0, 0xFE, 0xFF, 0xFF, 0x47, 0xF7, 0xFF, 0xFD, 0x3F, 0x5F, 0xFF, 0xF5, 0xFC, 0x7F, 0xFF, 0xDF,
    0xD1, 0xFF, 0xFF, 0xBF, 0x07, 0xFF, 0xFF, 0xF4, 0x1F, 0xFF, 0xFF, 0xC0, 0x7F, 0xFF, 0xFD, 0x01,
    0xFF, 0xFF, 0xF0, 0x07, 0xFF, 0xFF, 0x40, 0x1F, 0xF0, 0x03, 0xFC, 0x0B, 0xF0, 0x00, 0xBF, 0x43,
    0xFC, 0x00, 0x0F, 0xFF, 0xFD, 0x00, 0x00, 0xFF, 0xFD, 0x00, 0x00, 0x05, 0xA4, 0x00, 0x00, 0x00,
    0x00, 0x00, 0x0F, 0xFC, 0x00, 0x0F, 0xF5, 0xFF, 0x00, 0x07, 0xFC, 0x3F, 0xD0, 0x03, 0xFE, 0x0B,
    0xFC, 0x00, 0xFF, 0x00, 0xFF, 0x00, 0x7F, 0xC0, 0x3F, 0xD0, 0x3F, 0xE0, 0x07, 0xF8, 0x0F, 0xF0,
    0x00, 0xFF, 0x07, 0xFC, 0x00, 0x2F, 0xD2, 0xFD, 0x00, 0x07, 0xF8, 0xFF, 0x00, 0x00, 0xFF, 0x7F,
    0x80, 0x00, 0x2F, 0xEF, 0xD0, 0x00, 0x03, 0xFF, 0xF0, 0x00, 0x00, 0xFF, 0xF8, 0x00, 0x00, 0x1F,
    0xFC, 0x00, 0x00, 0x03, 0xFF, 0x00, 0x00, 0x00, 0xFF, 0x40, 0x00, 0x00, 0x3F, 0xC0, 0x00, 0x00,
    0x3F, 0xE0, 0x00, 0x05, 0x7F, 0xF0, 0x00, 0x03, 0xFF, 0xF8, 0x00, 0x00, 0xFF, 0xF8, 0x00, 0x00,
    0x3F, 0xE4, 0x00, 0x00, 0x00, 0xFF, 0x40, 0x0F, 0xF7, 0xFD, 0x00, 0x3F, 0xDF, 0xF4, 0x00, 0xFF,
    0x7F, 0xD0, 0x03, 0xFD, 0xFF, 0x40, 0x0F, 0xF7, 0xFD, 0x00, 0x3F, 0xDF, 0xF4, 0x00, 0xFF, 0x7F,
    0xD0, 0x03, 0xFD, 0xFF, 0x40, 0x0F, 0xF7, 0xFD, 0x00, 0x3F, 0xDF, 0xF4, 0x00, 0xFF, 0x7F, 0xD0,
    0x03, 0xFD, 0xFF, 0x95, 0x5F, 0xF7, 0xFF, 0xFF, 0xFF, 0xDF, 0xFF, 0xFF, 0xFF, 0x7F, 0xFF, 0xFF,
    0xFD, 0x00, 0x3F, 0xD0, 0x00, 0x00, 0xFF, 0x40, 0x00, 0x03, 0xFD, 0x00, 0x00, 0x0F, 0xF4, 0x00,
    0xFF, 0x40, 0x07, 0xFC, 0x00, 0x0F, 0xF7, 0xFD, 0x00, 0x1F, 0xF0, 0x00, 0x3F, 0xDF, 0xF8, 0x00,
    0x7F, 0xC0, 0x00, 0xFF, 0x7F, 0xE0, 0x00, 0xFF, 0x00, 0x03, 0xFD, 0xBF, 0x80, 0x03, 0xFD, 0x00,
    0x0F, 0xF6, 0xFF, 0x00, 0x0F, 0xF8, 0x00, 0x3F, 0xC7, 0xFC, 0x00, 0x3F, 0xE0, 0x01, 0xFF, 0x0F,
    0xF4, 0x00, 0xFF, 0xC0, 0x07, 0xFC, 0x3F, 0xD0, 0x0B, 0xFF, 0x00, 0x2F, 0xE0, 0xBF, 0x80, 0x3F,
    0xFD, 0x00, 0xFF, 0x81, 0xFF, 0x00, 0xFF, 0xF8, 0x03, 0xFD, 0x03, 0xFC, 0x0B, 0xFF, 0xF0, 0x0F,
    0xF0, 0x0F, 0xF8, 0x3F, 0xFF, 0xC0, 0x7F, 0xC0, 0x1F, 0xF0, 0xFD, 0xFF, 0x82, 0xFE, 0x00, 0x3F,
    0xC7, 0xF2, 0xFF, 0x0F, 0xF0, 0x00, 0xBF, 0xAF, 0xC3, 0xFD, 0x7F, 0xC0, 0x01, 0xFF, 0xFE, 0x0B,
    0xFF, 0xFD, 0x00, 0x03, 0xFF, 0xF4, 0x0F, 0xFF, 0xF0, 0x00, 0x07, 0xFF, 0xC0, 0x2F, 0xFF, 0x40,
    0x00, 0x0F, 0xFF, 0x00, 0x3F, 0xFC, 0x00, 0x00, 0x1F, 0xF8, 0x00, 0xBF, 0xD0, 0x00, 0xFF, 0x40,
    0x0F, 0xF4, 0x00, 0xFF, 0x7F, 0xD0, 0x03, 0xFD, 0x00, 0x3F, 0xDF, 0xF8, 0x00, 0xFF, 0x80, 0x0F,
    0xF6, 0xFE, 0x00, 0x2F, 0xE0, 0x03, 0xFC, 0xBF, 0xC0, 0x0B, 0xFC, 0x01, 0xFF, 0x1F, 0xF0, 0x01,
    0xFF, 0x00, 0xBF, 0xC3, 0xFD, 0x00, 0xBF, 0xD0, 0x2F, 0xE0, 0xBF, 0x80, 0x3F, 0xF8, 0x0F, 0xF4,
    0x1F, 0xF0, 0x2F, 0xFF, 0x07, 0xFC, 0x03, 0xFC, 0x0F, 0xFF, 0xC2, 0xFE, 0x00, 0xBF, 0x8B, 0xFB,
    0xF4, 0xFF, 0x00, 0x0F, 0xF3, 0xF4, 0xFE, 0x7F, 0x80, 0x02, 0xFF, 0xFC, 0x2F, 0xFF, 0xC0, 0x00,
    0x3F, 0xFD, 0x03, 0xFF, 0xE0, 0x00, 0x0B, 0xFF, 0x00, 0xBF, 0xF0, 0x00, 0x00, 0xFF, 0x40, 0x0F,
    0xF8, 0x00, 0x01, 0xFF, 0x00, 0x00, 0x00, 0x07, 0xFC, 0x00, 0x00, 0x00, 0x1F, 0xF0, 0x00, 0x00,
    0x3F, 0xFF, 0xFF, 0xF0, 0x00, 0xFF, 0xFF, 0xFF, 0xC0, 0x03, 0xFF, 0xFF, 0xFF, 0x00, 0x05, 0x6F,
    0xF5, 0x54, 0x00, 0x00, 0x7F, 0xC0, 0x00, 0x00, 0x01, 0xFF, 0x54, 0x00, 0x00, 0x07, 0xFF, 0xFF,
    0xE0, 0x00, 0x1F, 0xFF, 0xFF, 0xF4, 0x00, 0x7F, 0xFF, 0xFF, 0xF4, 0x01, 0xFF, 0x00, 0x7F, 0xF0,
    0x07, 0xFC, 0x00, 0x7F, 0xD0, 0x1F, 0xF0, 0x00, 0xFF, 0x40, 0x7F, 0xC0, 0x03, 0xFD, 0x01, 0xFF,
    0x00, 0x2F, 0xF0, 0x07, 0xFD, 0x57, 0xFF, 0xC0, 0x1F, 0xFF, 0xFF, 0xFC, 0x00, 0x7F, 0xFF, 0xFF,
    0xC0, 0x01, 0xFF, 0xFF, 0xE4, 0x00, 0x01, 0xFF, 0x00, 0x00, 0x00, 0x1F, 0xF0, 0x00, 0x00, 0x01,
    0xFF, 0x00, 0x00, 0x0F, 0xFF, 0xFF, 0xFC, 0x00, 0xFF, 0xFF, 0xFF, 0xC0, 0x0F, 0xFF, 0xFF, 0xFC,
    0x00, 0x56, 0xFF, 0x55, 0x40, 0x00, 0x1F, 0xF0, 0x00, 0x00, 0x01, 0xFF, 0x00, 0x00, 0x00, 0x1F,
    0xFF, 0xFF, 0x80, 0x01, 0xFF, 0xFF, 0xFF, 0x80, 0x1F, 0xFF, 0xFF, 0xFD, 0x01, 0xFF, 0x55, 0xBF,
    0xF0, 0x1F, 0xF0, 0x02, 0xFF, 0x01, 0xFF, 0x00, 0x2F, 0xF0, 0x1F, 0xF5, 0x5B, 0xFF, 0x01, 0xFF,
    0xFF, 0xFF, 0xD0, 0x1F, 0xFF, 0xFF, 0xF4, 0x01, 0xFF, 0xFF, 0xF8, 0x00, 0xFF, 0x40, 0x00, 0x1B,
    0xFF, 0xE4, 0x3F, 0xD0, 0x00, 0x3F, 0xFF, 0xFF, 0xCF, 0xF4, 0x00, 0x7F, 0xFF, 0xFF, 0xE3, 0xFD,
    0x00, 0x7F, 0xF9, 0x5B, 0xF4, 0xFF, 0x40, 0x3F, 0xF0, 0x00, 0x18, 0x3F, 0xD0, 0x2F, 0xF0, 0x00,
    0x00, 0x0F, 0xF4, 0x0F, 0xF4, 0x00, 0x00, 0x03, 0xFD, 0x07, 0xFC, 0x00, 0x00, 0x00, 0xFF, 0x96,
    0xFF, 0x55, 0x55, 0x00, 0x3F, 0xFF, 0xFF, 0xFF, 0xFF, 0xE0, 0x0F, 0xFF, 0xFF, 0xFF, 0xFF, 0xF8,
    0x03, 0xFF, 0xFF, 0xFF, 0xFF, 0xFE, 0x00, 0xFF, 0x42, 0xFF, 0x00, 0x00, 0x00, 0x3F, 0xD0, 0x7F,
    0xC0, 0x00, 0x00, 0x0F, 0xF4, 0x0F, 0xF4, 0x00, 0x00, 0x03, 0xFD, 0x03, 0xFF, 0x00, 0x00, 0x00,
    0xFF, 0x40, 0x7F, 0xF0, 0x00, 0x00, 0x3F, 0xD0, 0x0F, 0xFF, 0x95, 0x6F, 0x8F, 0xF4, 0x00, 0xFF,
    0xFF, 0xFF, 0xE3, 0xFD, 0x00, 0x0B, 0xFF, 0xFF, 0xF8, 0xFF, 0x40, 0x00, 0x1B, 0xFF, 0xE4, 0x00,
    0xFF, 0x40, 0x01, 0xBF, 0xF9, 0x3F, 0xD0, 0x03, 0xFF, 0xFF, 0xCF, 0xF4, 0x03, 0xFF, 0xFF, 0xF3,
    0xFD, 0x02, 0xFF, 0x95, 0xB4, 0xFF, 0x40, 0xFF, 0x40, 0x00, 0x3F, 0xD0, 0x7F, 0xC0, 0x00, 0x0F,
    0xFF, 0xFF, 0xFF, 0xFF, 0x03, 0xFF, 0xFF, 0xFF, 0xFF, 0xC0, 0xFF, 0xFF, 0xFF, 0xFF, 0xF0, 0x3F,
    0xE5, 0xBF, 0xD5, 0x54, 0x0F, 0xF4, 0x1F, 0xF0, 0x00, 0x03, 0xFD, 0x03, 0xFE, 0x00, 0x00, 0xFF,
    0x40, 0xBF, 0xE5, 0x6F, 0x3F, 0xD0, 0x0F, 0xFF, 0xFF, 0xCF, 0xF4, 0x00, 0xFF, 0xFF, 0xF3, 0xFD,
    0x00, 0x06, 0xFF, 0xE4, 0x00, 0x00, 0xFF, 0xF4, 0x00, 0x00, 0x00, 0x07, 0xFF, 0xE0, 0x00, 0x00,
    0x00, 0x2F, 0xFF, 0xC0, 0x00, 0x00, 0x00, 0xFF, 0xBF, 0x40, 0x00, 0x00, 0x07, 0xF8, 0xFF, 0x00,
    0x00, 0x00, 0x3F, 0xC2, 0xFC, 0x00, 0x00, 0x00, 0xFE, 0x07, 0xF8, 0x00, 0x00, 0x0B, 0xF0, 0x0F,
    0xF0, 0x00, 0x00, 0x3F, 0xD5, 0x6F, 0xD0, 0x00, 0x01, 0xFF, 0xFF, 0xFF, 0xC0, 0x00, 0x0F, 0xFF,
    0xFF, 0xFF, 0x00, 0x00, 0x3F, 0xFF, 0xFF, 0xFE, 0x00, 0x02, 0xFD, 0x3F, 0xD3, 0xFC, 0x00, 0x0F,
    0xF0, 0xFF, 0x4B, 0xF4, 0x00, 0x7F, 0x83, 0xFD, 0x1F, 0xE0, 0x02, 0xFD, 0x0F, 0xF4, 0x3F, 0xC0,
    0x0F, 0xF0, 0x3F, 0xD0, 0xBF, 0x40, 0x7F, 0x80, 0xFF, 0x41, 0xFF, 0x03, 0xFD, 0x03, 0xFD, 0x03,
    0xFC, 0x0F, 0xF0, 0x0F, 0xF4, 0x0B, 0xF8, 0xBF, 0xC0, 0x3F, 0xD0, 0x1F, 0xF0, 0x00, 0x03, 0xFF,
    0xC0, 0x00, 0x00, 0x07, 0xFF, 0xD0, 0x00, 0x00, 0x0F, 0xFF, 0xF0, 0x00, 0x00, 0x0F, 0xEB, 0xF0,
    0x00, 0x00, 0x2F, 0xC3, 0xF8, 0x00, 0x00, 0x3F, 0x82, 0xFC, 0x00, 0x00, 0x7F, 0x00, 0xFD, 0x00,
    0x00, 0xFF, 0xFF, 0xFF, 0x00, 0x01, 0xFF, 0xFF, 0xFF, 0x40, 0x02, 0xFF, 0xFF, 0xFF, 0x80, 0x03,
    0xF8, 0xFF, 0x2F, 0xC0, 0x0B, 0xF4, 0xFF, 0x1F, 0xE0, 0x0F, 0xF0, 0xFF, 0x0F, 0xF0, 0x1F, 0xE0,
    0xFF, 0x0B, 0xF4, 0x3F, 0xC0, 0xFF, 0x07, 0xFC, 0x7F, 0xC0, 0xFF, 0x03, 0xFC, 0xFF, 0x40, 0x00,
    0x3F, 0xFD, 0x00, 0x00, 0xFF, 0x40, 0x00, 0x7F, 0xFE, 0x00, 0x00, 0xFF, 0x40, 0x00, 0xBF, 0xFF,
    0x00, 0x00, 0xFF, 0x40, 0x00, 0xFF, 0xBF, 0x80, 0x00, 0xFF, 0x40, 0x01, 0xFE, 0x3F, 0xC0, 0x00,
    0xFF, 0x40, 0x02, 0xFC, 0x2F, 0xD0, 0x00, 0xFF, 0x40, 0x03, 0xF8, 0x1F, 0xE0, 0x00, 0xFF, 0x40,
    0x07, 0xF0, 0x0F, 0xF0, 0x00, 0xFF, 0x95, 0x5F, 0xF5, 0x5B, 0xF4, 0x00, 0xFF, 0xFF, 0xFF, 0xFF,
    0xFF, 0xFC, 0x00, 0xFF, 0xFF, 0xFF, 0xFF, 0xFF, 0xFC, 0x00, 0xFF, 0xFF, 0xFF, 0xFF, 0xFF, 0xFE,
    0x00, 0xFF, 0x40, 0x7F, 0x4F, 0xF4, 0xFF, 0x00, 0xFF, 0x40, 0xFF, 0x0F, 0xF4, 0xBF, 0x40, 0xFF,
    0x40, 0xFF, 0x0F, 0xF4, 0x7F, 0x80, 0xFF, 0x42, 0xFD, 0x0F, 0xF4, 0x3F, 0xC0, 0xFF, 0x43, 0xFC,
    0x0F, 0xF4, 0x2F, 0xD0, 0xFF, 0x47, 0xFC, 0x0F, 0xF4, 0x1F, 0xF0, 0xFF, 0x4B, 0xF4, 0x0F, 0xF4,
    0x0F, 0xF0, 0xFF, 0x4F, 0xF0, 0x0F, 0xF4, 0x0B, 0xF8, 0xFF, 0x5F, 0xF0, 0x0F, 0xF4, 0x07, 0xFC,
    0xFF, 0x00, 0x00, 0xFF, 0xF0, 0x00, 0x3F, 0xC0, 0x00, 0x7F, 0xFD, 0x00, 0x0F, 0xF0, 0x00, 0x3F,
    0xFF, 0xC0, 0x03, 0xFC, 0x00, 0x1F, 0xEB, 0xF0, 0x00, 0xFF, 0x00, 0x0F, 0xF0, 0xFE, 0x00, 0x3F,
    0xD5, 0x57, 0xFC, 0x3F, 0xC0, 0x0F, 0xFF, 0xFF, 0xFD, 0x07, 0xF4, 0x03, 0xFF, 0xFF, 0xFF, 0xFF,
    0xFF, 0x00, 0xFF, 0xFF, 0xFF, 0xFF, 0xFF, 0xD0, 0x3F, 0xC0, 0x3F, 0xCF, 0xF3, 0xF8, 0x0F, 0xF0,
    0x0F, 0xE3, 0xFC, 0xBF, 0x03, 0xFC, 0x0B, 0xF0, 0xFF, 0x0F, 0xE0, 0xFF, 0x03, 0xFC, 0x3F, 0xC3,
    0xFC, 0x3F, 0xC1, 0xFE, 0x0F, 0xF0, 0xBF, 0x4F, 0xF0, 0xFF, 0x03, 0xFC, 0x0F, 0xF3, 0xFC, 0x3F,
    0xC0, 0xFF, 0x03, 0xFC, 0x0F, 0xFF, 0xFF, 0xFF, 0xFF, 0xC0, 0x3F, 0xFF, 0xFF, 0xFF, 0xFF, 0x00,
    0x7F, 0xFF, 0xFF, 0xFF, 0xF4, 0x00, 0xBF, 0xD5, 0x56, 0xFF, 0x40, 0x00, 0xFF, 0x80, 0x0F, 0xF8,
    0x00, 0x00, 0xFF, 0x40, 0xFF, 0x80, 0x00, 0x01, 0xFF, 0x0B, 0xFC, 0x00, 0x00, 0x01, 0xFF, 0xBF,
    0xC0, 0x00, 0x00, 0x07, 0xFF, 0xFE, 0x00, 0x00, 0x00, 0xBF, 0xFF, 0xFF, 0x40, 0x00, 0x0F, 0xFF,
    0xFF, 0xFF, 0x80, 0x00, 0xBF, 0xFF, 0xFF, 0xFF, 0x40, 0x03, 0xFE, 0x3F, 0xD7, 0xFF, 0x00, 0x2F,
    0xF0, 0xFF, 0x47, 0xFD, 0x00, 0xFF, 0x83, 0xFD, 0x0F, 0xF8, 0x03, 0xFC, 0x0F, 0xF4, 0x2F, 0xF0,
    0x1F, 0xF0, 0x3F, 0xD0, 0x3F, 0xD0, 0xFF, 0x80, 0xFF, 0x40, 0xFF, 0x83, 0xFD, 0x03, 0xFD, 0x02,
    0xFF, 0x1F, 0xF0, 0x0F, 0xF4, 0x07, 0xFD, 0xFF, 0x80, 0x3F, 0xD0, 0x0F, 0xF8, 0x0F, 0xFF, 0xFF,
    0xFF, 0xC0, 0x3F, 0xFF, 0xFF, 0xFF, 0x00, 0x7F, 0xFF, 0xFF, 0xF4, 0x00, 0xBF, 0x95, 0x7F, 0xC0,
    0x00, 0xBF, 0x41, 0xFC, 0x00, 0x00, 0xFF, 0x1F, 0xD0, 0x00, 0x00, 0xFF, 0xFE, 0x00, 0x00, 0x0B,
    0xFF, 0xFD, 0x00, 0x00, 0xFF, 0xFF, 0xFD, 0x00, 0x0B, 0xFF, 0xFF, 0xFC, 0x00, 0x3F, 0x8F, 0xF3,
    0xF4, 0x02, 0xFC, 0x3F, 0xCB, 0xE0, 0x0F, 0xF0, 0xFF, 0x0F, 0xC0, 0x7F, 0x43, 0xFC, 0x3F, 0x42,
    0xFC, 0x0F, 0xF0, 0xBE, 0x0F, 0xF0, 0x3F, 0xC1, 0xFC, 0xFF, 0x43, 0xFF, 0xFF, 0xFF, 0xFF, 0xF0,
    0xFF, 0x43, 0xFF, 0xFF, 0xFF, 0xFF, 0xF0, 0xFF, 0x41, 0xFF, 0xFF, 0xFF, 0xFF, 0xD0, 0xFF, 0x40,
    0xBF, 0xD5, 0x55, 0xFF, 0x80, 0xFF, 0x40, 0x3F, 0xF0, 0x01, 0xFF, 0x00, 0xFF, 0x40, 0x0F, 0xF8,
    0x03, 0xFD, 0x00, 0xFF, 0x40, 0x07, 0xFD, 0x0F, 0xF8, 0x00, 0xFF, 0x40, 0x02, 0xFF, 0x1F, 0xF0,
    0x00, 0xFF, 0x95, 0x55, 0xFF, 0xBF, 0xC0, 0x00, 0xFF, 0xFF, 0xFF, 0xFF, 0xFF, 0xE0, 0x00, 0xFF,
    0xFF, 0xFF, 0xFF, 0xFF, 0xFD, 0x00, 0xFF, 0xFF, 0xFF, 0xFF, 0xFF, 0xFF, 0x00, 0xFF, 0x40, 0xBF,
    0xEB, 0xFD, 0xFF, 0x80, 0xFF, 0x40, 0xFF, 0x47, 0xFC, 0x3F, 0xC0, 0xFF, 0x42, 0xFF, 0x07, 0xFC,
    0x2F, 0xE0, 0xFF, 0x43, 0xFE, 0x07, 0xFC, 0x1F, 0xF0, 0xFF, 0x43, 0xFC, 0x07, 0xFC, 0x0F, 0xF4,
    0xFF, 0x47, 0xFC, 0x07, 0xFC, 0x0B, 0xF8, 0xFF, 0x4B, 0xF8, 0x07, 0xFC, 0x07, 0xFC, 0xFF, 0x4F,
    0xF0, 0x07, 0xFC, 0x03, 0xFD, 0xFF, 0x5F, 0xF0, 0x07, 0xFC, 0x02, 0xFE, 0xFF, 0x03, 0xFF, 0xFF,
    0xFF, 0xF0, 0xFF, 0x03, 0xFF, 0xFF, 0xFF, 0xF0, 0xFF, 0x01, 0xFF, 0xFF, 0xFF, 0xD0, 0xFF, 0x00,
    0xBF, 0x55, 0xFF, 0x40, 0xFF, 0x00, 0x3F, 0x82, 0xFE, 0x00, 0xFF, 0x00, 0x0F, 0xDB, 0xF8, 0x00,
    0xFF, 0xFF, 0xFF, 0xFF, 0xF0, 0x00, 0xFF, 0xFF, 0xFF, 0xFF, 0xFD, 0x00, 0xFF, 0xFF, 0xFF, 0xFF,
    0xFF, 0x00, 0xFF, 0x55, 0xFE, 0xFF, 0xBF, 0xC0, 0xFF, 0x02, 0xF8, 0xFF, 0x2F, 0xC0, 0xFF, 0x03,
    0xF4, 0xFF, 0x0F, 0xE0, 0xFF, 0x03, 0xF0, 0xFF, 0x0F, 0xF0, 0xFF, 0x07, 0xF0, 0xFF, 0x0B, 0xF0,
    0xFF, 0x0F, 0xE0, 0xFF, 0x03, 0xF8, 0xFF, 0x0F, 0xD0, 0xFF, 0x03, 0xFC, 0x00, 0x00, 0x00, 0x00,
    0x00, 0xF8, 0x00, 0xFF, 0x00, 0x2F, 0xC1, 0xFF, 0xC0, 0x02, 0xFD, 0xFD, 0x00, 0x00, 0x2F, 0xFD,
    0x00, 0x00, 0x6F, 0xFF, 0x90, 0x01, 0xFF, 0xFF, 0xFF, 0x01, 0xFF, 0xFF, 0xFF, 0xF0, 0x3F, 0xFA,
    0xBF, 0xFE, 0x03, 0x80, 0x00, 0xFF, 0xC0, 0x00, 0x00, 0x2F, 0xF0, 0x00, 0x00, 0x0B, 0xFC, 0x00,
    0x00, 0x03, 0xFD, 0x00, 0x15, 0x5B, 0xFE, 0x00, 0x1F, 0xFF, 0xFD, 0x00, 0x07, 0xFF, 0xF9, 0x00,
    0x01, 0xFF, 0xFF, 0xF8, 0x00, 0x00, 0x07, 0xFF, 0x80, 0x00, 0x00, 0x2F, 0xF0, 0x00, 0x00, 0x03,
    0xFD, 0x00, 0x00, 0x00, 0xFF, 0x40, 0x00, 0x00, 0xBF, 0xC0, 0x00, 0x56, 0xFF, 0xF0, 0x2F, 0xFF,
    0xFF, 0xF0, 0x3F, 0xFF, 0xFF, 0xF0, 0x2F, 0xFF, 0xFF, 0x80, 0x0F, 0xFC, 0x00, 0x00, 0x03, 0xFD,
    0x00, 0x00, 0x00, 0xFF, 0xD5, 0x55, 0x00, 0x2F, 0xFF, 0xFF, 0xF8, 0x03, 0xFF, 0xFF, 0xFE, 0x00,
    0x1F, 0xFF, 0xFF, 0x80, 0x00, 0x00, 0x00, 0x00, 0x00, 0x0A, 0x80, 0x0B, 0xF0, 0x1F, 0xC0, 0xFF,
    0xC0, 0x1F, 0xCF, 0xD1, 0x00, 0x2F, 0xFD, 0x00, 0x2F, 0xFF, 0xFE, 0x00, 0xFF, 0xFF, 0xFF, 0x01,
    0xFF, 0xFF, 0xFF, 0x02, 0x40, 0x07, 0xFC, 0x00, 0x00, 0x0F, 0xF0, 0x00, 0x00, 0xBF, 0x80, 0x0B,
    0xFF, 0xF8, 0x00, 0x2F, 0xFF, 0x40, 0x00, 0xBF, 0xFF, 0xD0, 0x00, 0x01, 0xFF, 0xC0, 0x00, 0x00,
    0xFF, 0x40, 0x00, 0x03, 0xFD, 0x00, 0x15, 0xBF, 0xF0, 0x2F, 0xFF, 0xFF, 0x83, 0xFF, 0xFF, 0xF8,
    0x2F, 0xFF, 0xFE, 0x00, 0xFF, 0x40, 0x00, 0x03, 0xFC, 0x00, 0x00, 0x0F, 0xF9, 0x55, 0x40, 0x2F,
    0xFF, 0xFF, 0xD0, 0x3F, 0xFF, 0xFF, 0x40, 0x2F, 0xFF, 0xFD, 0x00, 0x00, 0x00, 0x00, 0x00, 0xFF,
    0x40, 0xFF, 0x40, 0x7F, 0xFF, 0xD0, 0x3F, 0xD0, 0x1F, 0xFF, 0xF4, 0x0F, 0xF4, 0x07, 0xFF, 0xFD,
    0x03, 0xFD, 0x01, 0xFF, 0xFF, 0x40, 0xFF, 0x40, 0x7F, 0xFF, 0xD0, 0x3F, 0xD0, 0x1F, 0xFF, 0xF4,
    0x0F, 0xF4, 0x07, 0xFF, 0xFD, 0x03, 0xFD, 0x01, 0xFF, 0xFF, 0x40, 0xFF, 0x40, 0xBF, 0xFF, 0xE0,
    0x3F, 0xD0, 0x2F, 0xE7, 0xFC, 0x0F, 0xF4, 0x0F, 0xF4, 0xFF, 0xD3, 0xFD, 0x1F, 0xFC, 0x1F, 0xFF,
    0xFF, 0xFF, 0xFD, 0x02, 0xFF, 0xFF, 0xFF, 0xFD, 0x00, 0x0B, 0xFF, 0xFF, 0xF8, 0x00, 0x00, 0x07,
    0xFE, 0x00, 0x00, 0x00, 0x00, 0xFF, 0x40, 0x00, 0x00, 0x00, 0x3F, 0xD0, 0x00, 0x00, 0x00, 0x0F,
    0xF4, 0x00, 0x00, 0x00, 0x03, 0xFD, 0x00, 0x00, 0x00, 0x00, 0xFF, 0x40, 0x00, 0x00, 0x00, 0x00,
    0xFF, 0x40, 0x00, 0x00, 0x00, 0x3F, 0xD0, 0x00, 0x00, 0x00, 0x0F, 0xF4, 0x00, 0x00, 0x00, 0x03,
    0xFD, 0x00, 0x00, 0x00, 0x00, 0xFF, 0x40, 0x00, 0x00, 0x00, 0x3F, 0xD0, 0x00, 0x0F, 0xF4, 0x0F,
    0xF4, 0x3F, 0xD3, 0xFD, 0x03, 0xFD, 0x0B, 0xF8, 0xFF, 0x40, 0xFF, 0x41, 0xFF, 0x3F, 0xD0, 0x3F,
    0xD0, 0x7F, 0xCF, 0xF4, 0x0F, 0xF4, 0x0F, 0xF3, 0xFD, 0x03, 0xFD, 0x03, 0xFD, 0xFF, 0x40, 0xFF,
    0x40, 0xFF, 0x7F, 0xD0, 0x3F, 0xD0, 0x3F, 0xDF, 0xF4, 0x0F, 0xF4, 0x0F, 0xF7, 0xFE, 0x03, 0xFD,
    0x03, 0xFD, 0xFF, 0x80, 0xFF, 0x41, 0xFF, 0x2F, 0xF4, 0x3F, 0xD0, 0xFF, 0xC3, 0xFF, 0xAF, 0xFA,
    0xFF, 0xD0, 0xBF, 0xFF, 0xFF, 0xFF, 0xE0, 0x0B, 0xFF, 0xFF, 0xFF, 0xE0, 0x00, 0x2F, 0xFF, 0xFF,
    0x80, 0x00, 0x00, 0x0F, 0xF4, 0x00, 0x00, 0x00, 0x03, 0xFD, 0x00, 0x00, 0x00, 0x00, 0xFF, 0x40,
    0x00, 0x00, 0x00, 0x3F, 0xD0, 0x00, 0x00, 0x00, 0x0F, 0xF4, 0x00, 0x00, 0x00, 0x03, 0xFD, 0x00,
    0x00, 0x00, 0x00, 0xFF, 0x40, 0x00, 0x00, 0x00, 0x0B, 0xFF, 0xE4, 0x00, 0x00, 0xFF, 0xFF, 0xFF,
    0x00, 0x07, 0xFF, 0xFF, 0xFF, 0xD0, 0x0F, 0xFF, 0x55, 0xBF, 0xF0, 0x2F, 0xF4, 0x00, 0x1F, 0xF8,
    0x3F, 0xD0, 0x00, 0x07, 0xFC, 0x7F, 0xC0, 0x00, 0x03, 0xFD, 0xBF, 0x80, 0x00, 0x02, 0xFE, 0xFF,
    0x95, 0x55, 0x56, 0xFF, 0xFF, 0xFF, 0xFF, 0xFF, 0xFF, 0xFF, 0xFF, 0xFF, 0xFF, 0xFF, 0xFF, 0xFF,
    0xFF, 0xFF, 0xFF, 0xFF, 0x40, 0x00, 0x01, 0xFF, 0xBF, 0x80, 0x00, 0x02, 0xFE, 0x7F, 0xC0, 0x00,
    0x03, 0xFD, 0x3F, 0xD0, 0x00, 0x07, 0xFC, 0x2F, 0xF4, 0x00, 0x1F, 0xF8, 0x0F, 0xFE, 0x55, 0xBF,
    0xF0, 0x07, 0xFF, 0xFF, 0xFF, 0xD0, 0x00, 0xFF, 0xFF, 0xFF, 0x00, 0x00, 0x0B, 0xFF, 0xE0, 0x00,
    0x00, 0xBF, 0xF4, 0x00, 0x1F, 0xFF, 0xFD, 0x01, 0xFF, 0xFF, 0xFD, 0x0F, 0xFD, 0x5F, 0xFC, 0x7F,
    0xC0, 0x0F, 0xF6, 0xFD, 0x00, 0x1F, 0xEF, 0xFF, 0xFF, 0xFF, 0xFF, 0xFF, 0xFF, 0xFF, 0xFF, 0xFF,
    0xFF, 0xFF, 0xFE, 0x55, 0x6F, 0xFB, 0xF8, 0x00, 0xBF, 0x9F, 0xF0, 0x03, 0xFD, 0x3F, 0xF5, 0x7F,
    0xF0, 0x7F, 0xFF, 0xFF, 0x40, 0x7F, 0xFF, 0xF4, 0x00, 0x1F, 0xFD, 0x00, 0x7F, 0xC0, 0x00, 0x00,
    0xBF, 0xCF, 0xF4, 0x00, 0x00, 0xBF, 0xF3, 0xFE, 0x00, 0x00, 0x7F, 0xFC, 0x7F, 0xC0, 0x00, 0x3F,
    0xE5, 0x0F, 0xF4, 0x00, 0x1F, 0xF0, 0x02, 0xFE, 0x00, 0x0B, 0xF8, 0x00, 0x7F, 0xC0, 0x03, 0xFC,
    0x00, 0x0F, 0xF0, 0x01, 0xFF, 0x00, 0x02, 0xFE, 0x00, 0xBF, 0x80, 0x00, 0x7F, 0xC0, 0x3F, 0xC0,
    0x00, 0x0F, 0xF0, 0x1F, 0xF0, 0x00, 0x02, 0xFE, 0x0B, 0xF8, 0x00, 0x00, 0x7F, 0xC3, 0xFC, 0x00,
    0x00, 0x0F, 0xF0, 0xFF, 0x00, 0x00, 0x02, 0xFD, 0xBF, 0x80, 0x00, 0x00, 0x7F, 0xBF, 0xC0, 0x00,
    0x00, 0x0F, 0xFF, 0xF0, 0x00, 0x00, 0x02, 0xFF, 0xF4, 0x00, 0x00, 0x00, 0x7F, 0xFC, 0x00, 0x00,
    0x00, 0x0F, 0xFF, 0x00, 0x00, 0x00, 0x02, 0xFF, 0x40, 0x00, 0x00, 0x7F, 0xC0, 0x00, 0x1F, 0xF3,
    0xFD, 0x00, 0x07, 0xFF, 0x2F, 0xF0, 0x00, 0xFF, 0xF0, 0xFF, 0x00, 0x1F, 0xFA, 0x0F, 0xF4, 0x03,
    0xFE, 0x00, 0x7F, 0xC0, 0x3F, 0xC0, 0x03, 0xFC, 0x07, 0xF8, 0x00, 0x2F, 0xD0, 0xFF, 0x40, 0x01,
    0xFE, 0x0F, 0xF0, 0x00, 0x0F, 0xF2, 0xFE, 0x00, 0x00, 0xBF, 0x7F, 0xC0, 0x00, 0x03, 0xFB, 0xF8,
    0x00, 0x00, 0x3F, 0xFF, 0x40, 0x00, 0x01, 0xFF, 0xF0, 0x00, 0x00, 0x0F, 0xFE, 0x00, 0x00, 0x00,
    0xBF, 0xC0, 0x00, 0x07, 0xF8, 0xFF, 0x40, 0x00, 0x00, 0xFF, 0x0F, 0xF0, 0x00, 0x00, 0x0F, 0xE1,
    0xFD, 0x00, 0x00, 0x00, 0xFC, 0x1F, 0xC0, 0x00, 0x00, 0x0F, 0xC1, 0xF4, 0x00, 0x00, 0x00, 0x00,
    0x00, 0x00, 0x07, 0xFC, 0x00, 0x00, 0x0B, 0xFC, 0xFF, 0x40, 0x00, 0x0B, 0xFF, 0x3F, 0xE0, 0x00,
    0x07, 0xFF, 0xC7, 0xFC, 0x00, 0x03, 0xFE, 0x50, 0xFF, 0x40, 0x01, 0xFF, 0x00, 0x2F, 0xE0, 0x00,
    0xBF, 0x80, 0x07, 0xFC, 0x00, 0x3F, 0xC0, 0x00, 0xFF, 0x00, 0x1F, 0xF0, 0x00, 0x2F, 0xE0, 0x0B,
    0xF8, 0x00, 0x07, 0xFC, 0x03, 0xFC, 0x00, 0x00, 0xFF, 0x01, 0xFF, 0x00, 0x00, 0x2F, 0xE0, 0xBF,
    0x80, 0x00, 0x07, 0xFC, 0x3F, 0xC0, 0x00, 0x00, 0xFF, 0x0F, 0xF0, 0x00, 0x00, 0x2F, 0xDB, 0xF8,
    0x00, 0x00, 0x07, 0xFB, 0xFC, 0x00, 0x00, 0x00, 0xFF, 0xFF, 0x00, 0x00, 0x00, 0x2F, 0xFF, 0x40,
    0x00, 0x00, 0x07, 0xFF, 0xC0, 0x00, 0x00, 0x00, 0xFF, 0xF0, 0x00, 0x00, 0x00, 0x2F, 0xF4, 0x00,
    0x00, 0x2F, 0xE3, 0xFD, 0x00, 0x00, 0xFF, 0x0F, 0xE0, 0x00, 0x03, 0xF8, 0x7F, 0x40, 0x00, 0x0F,
    0xC1, 0xFC, 0x00, 0x00, 0x3E, 0x07, 0xD0, 0x00, 0x00, 0x00, 0x00, 0x00, 0x7F, 0xC0, 0x00, 0x1F,
    0xF3, 0xFD, 0x00, 0x07, 0xFF, 0x2F, 0xF0, 0x00, 0xFF, 0xF0, 0xFF, 0x00, 0x1F, 0xFA, 0x0F, 0xF4,
    0x03, 0xFE, 0x00, 0x7F, 0xC0, 0x3F, 0xC0, 0x03, 0xFC, 0x07, 0xF8, 0x00, 0x2F, 0xD0, 0xFF, 0x40,
    0x01, 0xFE, 0x0F, 0xF0, 0x00, 0x0F, 0xF2, 0xFE, 0x00, 0x00, 0xBF, 0x7F, 0xC0, 0x00, 0x03, 0xFB,
    0xF8, 0x00, 0x00, 0x3F, 0xFF, 0x40, 0x00, 0x01, 0xFF, 0xF0, 0x00, 0x00, 0x0F, 0xFE, 0x00, 0x00,
    0x00, 0xBF, 0xC0, 0x00, 0x00, 0x1B, 0xFF, 0x90, 0x00, 0x00, 0x00, 0x00, 0x00, 0x00, 0x7F, 0xFF,
    0xFE, 0x00, 0x00, 0x00, 0x00, 0x00, 0x00, 0xBF, 0xFF, 0xFF, 0xF0, 0x00, 0x00, 0x00, 0x00, 0x00,
    0x7F, 0xF9, 0x5F, 0xFF, 0x00, 0x00, 0x00, 0x00, 0x00, 0x3F, 0xF0, 0x00, 0xBF, 0xD0, 0x00, 0x00,
    0x00, 0x00, 0x1F, 0xF4, 0x00, 0x0F, 0xF8, 0x3F, 0xF0, 0x00, 0x3F, 0xDB, 0xFC, 0x00, 0x01, 0xFF,
    0x07, 0xFD, 0x00, 0x2F, 0xF3, 0xFE, 0x00, 0x00, 0x3F, 0xC0, 0xFF, 0x80, 0x0F, 0xF8, 0xFF, 0x80,
    0x00, 0x0F, 0xF4, 0x2F, 0xF0, 0x03, 0xFD, 0x3F, 0xD0, 0x00, 0x03, 0xFD, 0x03, 0xFC, 0x02, 0xFF,
    0x0F, 0xF4, 0x00, 0x00, 0xFF, 0x40, 0xFF, 0x80, 0xFF, 0x83, 0xFD, 0x00, 0x00, 0x3F, 0xD0, 0x1F,
    0xF0, 0x3F, 0xC0, 0xFF, 0x80, 0x00, 0x0F, 0xF4, 0x03, 0xFC, 0x1F, 0xF0, 0x3F, 0xE0, 0x00, 0x03,
    0xFC, 0x00, 0xBF, 0x8F, 0xF4, 0x0B, 0xFC, 0x00, 0x01, 0xFF, 0x00, 0x0F, 0xF3, 0xFC, 0x01, 0xFF,
    0x40, 0x00, 0xFF, 0x80, 0x03, 0xFD, 0xFE, 0x00, 0x3F, 0xF0, 0x00, 0xBF, 0xD0, 0x00, 0x7F, 0xFF,
    0x40, 0x07, 0xFF, 0x95, 0xFF, 0xE0, 0x00, 0x0F, 0xFF, 0xC0, 0x00, 0xBF, 0xFF, 0xFF, 0xF0, 0x00,
    0x02, 0xFF, 0xE0, 0x00, 0x07, 0xFF, 0xFF, 0xE0, 0x00, 0x00, 0x3F, 0xF0, 0x00, 0x00, 0x1B, 0xFF,
    0x80, 0x00, 0x00, 0x0F, 0xFC, 0x00, 0x00, 0x00, 0x00, 0x00, 0x00, 0x00, 0x03, 0xFD, 0x00, 0x00,
    0x00, 0x00, 0x00, 0x00, 0x00, 0x01, 0xFF, 0x00, 0x00, 0x00, 0x00, 0x00, 0x00, 0x00, 0x00, 0xFF,
    0x80, 0x00, 0x00, 0x00, 0x00, 0x00, 0x00, 0x15, 0xFF, 0xC0, 0x00, 0x00, 0x00, 0x00, 0x00, 0x00,
    0x0F, 0xFF, 0xD0, 0x00, 0x00, 0x00, 0x00, 0x00, 0x00, 0x03, 0xFF, 0xE0, 0x00, 0x00, 0x00, 0x00,
    0x00, 0x00, 0x00, 0xFF, 0x80, 0x00, 0x00, 0x00, 0x6F, 0xF8, 0x00, 0x7F, 0xD0, 0x00, 0xBF, 0xC0,
    0x7F, 0xFF, 0xF8, 0x03, 0xFE, 0x00, 0x0F, 0xF8, 0x1F, 0xFF, 0xFF, 0xE0, 0x2F, 0xF0, 0x00, 0xFF,
    0x03, 0xFF, 0x57, 0xFF, 0x40, 0xFF, 0x40, 0x2F, 0xF0, 0x7F, 0xC0, 0x0F, 0xFC, 0x0F, 0xF8, 0x03,
    0xFD, 0x0B, 0xFC, 0x00, 0x7F, 0xC0, 0x7F, 0xC0, 0x3F, 0xC0, 0xFF, 0x80, 0x03, 0xFD, 0x03, 0xFD,
    0x0B, 0xF8, 0x0F, 0xF4, 0x00, 0x3F, 0xD0, 0x2F, 0xE0, 0xFF, 0x40, 0xFF, 0x40, 0x03, 0xFD, 0x00,
    0xFF, 0x0F, 0xF0, 0x0F, 0xF8, 0x00, 0x3F, 0xD0, 0x0B, 0xF6, 0xFE, 0x00, 0xBF, 0xC0, 0x07, 0xFC,
    0x00, 0x7F, 0xBF, 0xC0, 0x07, 0xFD, 0x00, 0xFF, 0xC0, 0x03, 0xFF, 0xFC, 0x00, 0x3F, 0xF9, 0x7F,
    0xF4, 0x00, 0x1F, 0xFF, 0x40, 0x00, 0xFF, 0xFF, 0xFE, 0x00, 0x00, 0xFF, 0xF0, 0x00, 0x03, 0xFF,
    0xFF, 0x80, 0x00, 0x0B, 0xFE, 0x00, 0x00, 0x06, 0xFF, 0x80, 0x00, 0x00, 0x7F, 0xD0, 0x00, 0x00,
    0x00, 0x00, 0x00, 0x00, 0x0B, 0xFC, 0x00, 0x00, 0x00, 0x00, 0x00, 0x00, 0x00, 0xFF, 0x80, 0x00,
    0x00, 0x00, 0x00, 0x00, 0x00, 0x1F, 0xF0, 0x00, 0x00, 0x00, 0x00, 0x00, 0x00, 0x5B, 0xFE, 0x00,
    0x00, 0x00, 0x00, 0x00, 0x00, 0x2F, 0xFF, 0xC0, 0x00, 0x00, 0x00, 0x00, 0x00, 0x02, 0xFF, 0xF0,
    0x00, 0x00, 0x00, 0x00, 0x00, 0x00, 0x1F, 0xF8, 0x00, 0x00, 0x00, 0x00, 0x00, 0x3F, 0x00, 0x00,
    0x00, 0x00, 0x6F, 0xE4, 0x00, 0x00, 0x02, 0xFF, 0xFF, 0xE0, 0x00, 0x0B, 0xFF, 0xFF, 0xFF, 0x80,
    0x0B, 0xFF, 0xFF, 0xFF, 0xF8, 0x07, 0xFF, 0xFF, 0xFF, 0xFF, 0x43, 0xFF, 0x83, 0xF0, 0xBF, 0xF1,
    0xFF, 0x80, 0x00, 0x0B, 0xFD, 0xBF, 0xC0, 0x00, 0x00, 0xFF, 0xBF, 0xE0, 0x00, 0x00, 0x2F, 0xFF,
    0xF8, 0x00, 0x00, 0x0B, 0xFF, 0xFD, 0x00, 0x00, 0x01, 0xFF, 0xFF, 0x40, 0x00, 0x00, 0x7F, 0xFF,
    0xE0, 0x00, 0x00, 0x2F, 0xFF, 0xFC, 0x00, 0x00, 0x0B, 0xFE, 0xFF, 0x00, 0x00, 0x03, 0xFE, 0x7F,
    0xF0, 0x00, 0x02, 0xFF, 0x4F, 0xFE, 0x0F, 0xC2, 0xFF, 0xC1, 0xFF, 0xFF, 0xFF, 0xFF, 0xD0, 0x2F,
    0xFF, 0xFF, 0xFF, 0xE0, 0x01, 0xFF, 0xFF, 0xFF, 0xD0, 0x00, 0x0B, 0xFF, 0xFF, 0x80, 0x00, 0x00,
    0x0B, 0xF8, 0x00, 0x00, 0x00, 0x00, 0xFC, 0x00, 0x00, 0x00, 0x02, 0xE0, 0x00, 0x00, 0x02, 0xFE,
    0x00, 0x00, 0x1F, 0xFF, 0xFD, 0x00, 0x2F, 0xFF, 0xFF, 0xE0, 0x2F, 0xFF, 0xFF, 0xFD, 0x0F, 0xF8,
    0xFC, 0xBF, 0xCB, 0xFC, 0x00, 0x0F, 0xFB, 0xFE, 0x00, 0x02, 0xFF, 0xFF, 0x40, 0x00, 0x7F, 0xFF,
    0xD0, 0x00, 0x1F, 0xFF, 0xF4, 0x00, 0x07, 0xFF, 0xFE, 0x00, 0x02, 0xFF, 0xBF, 0xC0, 0x00, 0xFF,
    0x8F, 0xF8, 0xF8, 0xBF, 0xC1, 0xFF, 0xFF, 0xFF, 0xE0, 0x2F, 0xFF, 0xFF, 0xE0, 0x01, 0xFF, 0xFF,
    0xD0, 0x00, 0x02, 0xFE, 0x00, 0x00, 0x00, 0x2E, 0x00, 0x00, 0x00, 0x00, 0x00, 0x40, 0x00, 0x00,
    0x00, 0x00, 0x00, 0x03, 0xFF, 0x40, 0x00, 0x00, 0x00, 0x00, 0x03, 0xFF, 0xFD, 0x00, 0x00, 0x00,
    0x00, 0x00, 0xFF, 0xFF, 0xFC, 0x00, 0x00, 0x00, 0x00, 0x7E, 0x0B, 0xFF, 0x00, 0x00, 0x00, 0x00,
    0x1F, 0x44, 0x6F, 0xC0, 0x00, 0x00, 0x00, 0x01, 0x5F, 0xE0, 0x10, 0x00, 0x00, 0x00, 0x00, 0x07,
    0xFC, 0x00, 0x00, 0x00, 0x00, 0x00, 0x00, 0x3F, 0x00, 0x00, 0x00, 0x00, 0x00, 0x00, 0x2F, 0x00,
    0x00, 0x00, 0x00, 0x00, 0x00, 0x19, 0x00, 0x00, 0x00, 0x00, 0x01, 0xBF, 0xD0, 0x00, 0x7F, 0xE4,
    0x00, 0x02, 0xFF, 0xFF, 0x00, 0xFF, 0xFF, 0xC0, 0x03, 0xFF, 0xFF, 0xC0, 0x3F, 0xFF, 0xFC, 0x02,
    0xFF, 0xD6, 0xD0, 0x07, 0x96, 0xFF, 0xC0, 0xFF, 0xC0, 0x00, 0x00, 0x00, 0x1F, 0xF4, 0x7F, 0xC0,
    0x00, 0x00, 0x00, 0x03, 0xFF, 0x2F, 0xF0, 0x00, 0x00, 0x00, 0x00, 0x7F, 0xCF, 0xF8, 0x00, 0x00,
    0x00, 0x00, 0x0F, 0xF7, 0xFE, 0x00, 0x00, 0x00, 0x00, 0x03, 0xFD, 0xFF, 0x40, 0x00, 0x00, 0x00,
    0x00, 0xFF, 0x7F, 0xD0, 0x00, 0x00, 0x00, 0x00, 0x3F, 0xDF, 0xF4, 0x00, 0x1F, 0xF0, 0x00, 0x0F,
    0xF7, 0xFE, 0x00, 0x07, 0xFC, 0x00, 0x03, 0xFD, 0xBF, 0xC0, 0x01, 0xFF, 0x00, 0x01, 0xFF, 0x1F,
    0xF0, 0x00, 0x7F, 0xC0, 0x00, 0xBF, 0xC3, 0xFE, 0x00, 0x1F, 0xF0, 0x00, 0x3F, 0xE0, 0xBF, 0xD0,
    0x07, 0xFC, 0x00, 0x3F, 0xF0, 0x0F, 0xFE, 0x5B, 0xFF, 0xD5, 0xBF, 0xF4, 0x01, 0xFF, 0xFF, 0xFF,
    0xFF, 0xFF, 0xF8, 0x00, 0x1F, 0xFF, 0xFE, 0xBF, 0xFF, 0xF8, 0x00, 0x00, 0x6F, 0xF8, 0x02, 0xFF,
    0xE0, 0x00, 0x00, 0x00, 0xBF, 0x80, 0x00, 0x00, 0x00, 0x00, 0xFF, 0xFF, 0x90, 0x00, 0x00, 0x00,
    0x7F, 0xFF, 0xFE, 0x00, 0x00, 0x00, 0x2F, 0xD7, 0xFF, 0x80, 0x00, 0x00, 0x0B, 0xDB, 0xEB, 0xE0,
    0x00, 0x00, 0x00, 0x07, 0xFC, 0x00, 0x00, 0x00, 0x00, 0x00, 0xBF, 0x00, 0x00, 0x00, 0x00, 0x00,
    0x0F, 0xC0, 0x00, 0x00, 0x00, 0x00, 0x0B, 0xC0, 0x00, 0x00, 0x00, 0x00, 0x07, 0x80, 0x00, 0x00,
    0x00, 0x00, 0x00, 0x00, 0x00, 0x00, 0x00, 0x02, 0xFF, 0x80, 0x1B, 0xFD, 0x00, 0x0B, 0xFF, 0xF8,
    0x0F, 0xFF, 0xF0, 0x07, 0xFF, 0xFC, 0x01, 0xFF, 0xFF, 0x03, 0xFF, 0x56, 0x00, 0x25, 0xBF, 0xE2,
    0xFF, 0x00, 0x00, 0x00, 0x0B, 0xFC, 0xFF, 0xC0, 0x00, 0x00, 0x01, 0xFF, 0x3F, 0xE0, 0x00, 0x00,
    0x00, 0x3F, 0xDF, 0xF4, 0x00, 0xAA, 0x00, 0x0F, 0xF7, 0xFD, 0x00, 0x3F, 0xD0, 0x03, 0xFD, 0xFF,
    0x80, 0x0F, 0xF4, 0x00, 0xFF, 0x7F, 0xF0, 0x03, 0xFD, 0x00, 0x7F, 0xCB, 0xFC, 0x00, 0xFF, 0x80,
    0x3F, 0xF0, 0xFF, 0xD5, 0xFF, 0xF9, 0x6F, 0xF8, 0x2F, 0xFF, 0xFF, 0xFF, 0xFF, 0xFC, 0x02, 0xFF,
    0xFF, 0x8F, 0xFF, 0xFC, 0x00, 0x1B, 0xFE, 0x00, 0x6F, 0xF4, 0x00, 0x00, 0x03, 0xFF, 0xFF, 0xFC,
    0x00, 0x00, 0x00, 0x0F, 0xFF, 0xFF, 0xF0, 0x00, 0x00, 0x00, 0x1E, 0x0F, 0x0B, 0x40, 0x00, 0x00,
    0x00, 0x10, 0x00, 0x04, 0x00, 0x00, 0x00, 0x00, 0x00, 0x00, 0x00, 0x00, 0x03, 0xFD, 0x00, 0x1F,
    0xF0, 0x00, 0x3F, 0xDF, 0xF4, 0x00, 0x7F, 0xC0, 0x00, 0xFF, 0x7F, 0xE0, 0x01, 0xFF, 0x00, 0x03,
    0xFD, 0xFF, 0x80, 0x03, 0xFC, 0x00, 0x0F, 0xF6, 0xFE, 0x00, 0x0F, 0xF4, 0x00, 0x3F, 0xDB, 0xFC,
    0x00, 0x3F, 0xE0, 0x00, 0xFF, 0x1F, 0xF0, 0x00, 0xFF, 0x80, 0x07, 0xFC, 0x3F, 0xC0, 0x07, 0xFF,
    0x00, 0x1F, 0xF0, 0xFF, 0x40, 0x2F, 0xFC, 0x00, 0xBF, 0x82, 0xFE, 0x00, 0xFF, 0xF4, 0x03, 0xFE,
    0x07, 0xFC, 0x07, 0xFF, 0xE0, 0x0F, 0xF4, 0x0F, 0xF0, 0x2F, 0xFF, 0xC0, 0x3F, 0xC0, 0x3F, 0xD0,
    0xFF, 0xFF, 0x01, 0xFF, 0x00, 0xBF, 0xC3, 0xF7, 0xFE, 0x0F, 0xF8, 0x00, 0xFF, 0x2F, 0xCB, 0xFC,
    0x3F, 0xC0, 0x03, 0xFE, 0xBF, 0x0F, 0xF5, 0xFF, 0x00, 0x07, 0xFF, 0xF8, 0x2F, 0xFF, 0xF4, 0x00,
    0x0F, 0xFF, 0xD0, 0x3F, 0xFF, 0xC0, 0x00, 0x1F, 0xFF, 0x00, 0xFF, 0xFD, 0x00, 0x00, 0x3F, 0xFC,
    0x00, 0xFF, 0xF0, 0x00, 0x00, 0x7F, 0xE0, 0x02, 0xFF, 0x40, 0x00, 0x00, 0x00, 0x00, 0x00, 0x00,
    0x00, 0x00, 0x0F, 0xFF, 0xFF, 0xF0, 0x00, 0x00, 0x0F, 0xFF, 0xFF, 0xF0, 0x00, 0x00, 0x07, 0x43,
    0xC1, 0xD0, 0x00, 0x00, 0x01, 0x00, 0x00, 0x40, 0x00, 0x00, 0x00, 0x00, 0x00, 0x00, 0x00, 0xFF,
    0x40, 0x0F, 0xF4, 0x01, 0xFF, 0xFF, 0x40, 0x0F, 0xF4, 0x01, 0xFF, 0xFF, 0x80, 0x0F, 0xF8, 0x02,
    0xFF, 0xBF, 0x80, 0x0B, 0xF8, 0x02, 0xFF, 0xBF, 0xC0, 0x0B, 0xFC, 0x02, 0xFE, 0x7F, 0xC0, 0x07,
    0xFC, 0x03, 0xFD, 0x3F, 0xD0, 0x0B, 0xFD, 0x03, 0xFC, 0x2F, 0xE0, 0x0F, 0xFE, 0x07, 0xFC, 0x1F,
    0xF0, 0x2F, 0xFF, 0x0B, 0xF8, 0x0F, 0xF0, 0x3F, 0xFF, 0x0F, 0xF0, 0x0B, 0xF8, 0xBF, 0xBF, 0x4F,
    0xF0, 0x03, 0xFC, 0xFD, 0x3F, 0xAF, 0xD0, 0x02, 0xFF, 0xFC, 0x2F, 0xFF, 0xC0, 0x00, 0xFF, 0xF4,
    0x0F, 0xFF, 0x40, 0x00, 0xBF, 0xF0, 0x0B, 0xFF, 0x00, 0x00, 0x3F, 0xD0, 0x03, 0xFC, 0x00, 0x00,
    0x06, 0xFF, 0xE9, 0x00, 0x07, 0xFF, 0xFF, 0xFC, 0x02, 0xFF, 0xFF, 0xFF, 0x80, 0xBF, 0xF9, 0x5B,
    0xF0, 0x1F, 0xF8, 0x00, 0x01, 0x03, 0xFF, 0x00, 0x00, 0x00, 0x7F, 0xC0, 0x00, 0x00, 0x0B, 0xFC,
    0x00, 0x00, 0x00, 0xFF, 0x80, 0x00, 0x00, 0x0F, 0xF4, 0x00, 0x00, 0x00, 0xFF, 0x40, 0x00, 0x00,
    0x0F, 0xF4, 0x00, 0x00, 0x00, 0xFF, 0x80, 0x00, 0x00, 0x0B, 0xFC, 0x00, 0x00, 0x00, 0x7F, 0xC0,
    0x00, 0x00, 0x03, 0xFE, 0x00, 0x00, 0x00, 0x2F, 0xF8, 0x00, 0x00, 0x00, 0xFF, 0xF9, 0x56, 0x80,
    0x03, 0xFF, 0xFF, 0xFC, 0x00, 0x0B, 0xFF, 0xFF, 0xC0, 0x00, 0x06, 0xFF, 0xFC, 0x00, 0x00, 0x00,
    0x7F, 0xC0, 0x00, 0x00, 0x07, 0xFC, 0x00, 0x00, 0x00, 0x7F, 0xC0, 0x00, 0x00, 0x07, 0xFC, 0x00,
    0x00, 0x00, 0x7F, 0xC0, 0x00, 0x00, 0x07, 0xFC, 0x00, 0x00, 0x00, 0x7F, 0xC0, 0x00, 0xBF, 0xF9,
    0x02, 0xFF, 0xFF, 0xE1, 0xFF, 0xFF, 0xF4, 0xFF, 0xE5, 0xBC, 0xBF, 0xD0, 0x00, 0x3F, 0xF0, 0x00,
    0x0F, 0xF8, 0x00, 0x03, 0xFD, 0x00, 0x00, 0xFF, 0x40, 0x00, 0x3F, 0xE0, 0x00, 0x0F, 0xFC, 0x00,
    0x02, 0xFF, 0x00, 0x00, 0x3F, 0xF4, 0x04, 0x0B, 0xFF, 0xFF, 0x40, 0xBF, 0xFF, 0xD0, 0x07, 0xFF,
    0xF4, 0x00, 0x07, 0xFD, 0x00, 0x00, 0xFF, 0x40, 0x00, 0x3F, 0xD0, 0x00, 0x0F, 0xF4, 0x00, 0x03,
    0xFD, 0x00, 0x00, 0xFF, 0x40, 0x00, 0x3F, 0xD0, 0x00, 0x00, 0x00, 0x00, 0x00, 0x00, 0x01, 0xD0,
    0x00, 0x00, 0x03, 0xD0, 0x00, 0x34, 0x0B, 0xC0, 0x00, 0x7F, 0x4F, 0x40, 0x00, 0x1F, 0xFE, 0x00,
    0x00, 0x02, 0xFE, 0x00, 0x00, 0x00, 0xFF, 0xD0, 0x00, 0x01, 0xF7, 0xFC, 0x00, 0x03, 0xD0, 0x7C,
    0x3D, 0x0B, 0xC0, 0x00, 0x3F, 0x9F, 0x00, 0x00, 0x07, 0xFE, 0x00, 0x00, 0x00, 0xFF, 0x40, 0x00,
    0x00, 0xFF, 0xF4, 0x00, 0x02, 0xF1, 0xFC, 0x00, 0x03, 0xD0, 0x18, 0x00, 0x0B, 0x80, 0x00, 0x00,
    0x07, 0x00, 0x00, 0x00, 0x00, 0x00, 0x00, 0x00, 0x00, 0x00, 0x10, 0x00, 0x03, 0xFB, 0xFF, 0xFF,
    0xFF, 0xFF, 0xFE, 0xFC, 0x00, 0x00, 0x40, 0x00, 0x00, 0x00, 0x00, 0x40, 0x00, 0x2F, 0xF8, 0x17,
    0xFF, 0xFE, 0x7F, 0xFF, 0xFF, 0x7F, 0xF4, 0x3F, 0x7E, 0x40, 0x2F, 0x3F, 0x3F, 0xDF, 0xE3, 0xF0,
    0x7E, 0x02, 0xD0, 0x3F, 0x1F, 0xE2, 0xFC, 0x3E, 0x2F, 0x1E, 0x00, 0x2F, 0xFE, 0x54, 0xBF, 0xFF,
    0xFD, 0xFF, 0xFF, 0xFD, 0xFD, 0x5B, 0xFD, 0x00, 0x00, 0x00, 0x0B, 0xF4, 0x00, 0x00, 0x00, 0x00,
    0x00, 0x00, 0x0B, 0xFF, 0x40, 0x00, 0x00, 0x00, 0x00, 0x00, 0x03, 0x40, 0xB0, 0x00, 0x00, 0x00,
    0x00, 0x00, 0x00, 0x40, 0x04, 0x00, 0x00, 0x00, 0x00, 0x00, 0x00, 0x00, 0x00, 0x00, 0x00, 0x00,
    0x00, 0x2F, 0xE0, 0x00, 0x00, 0x00, 0x2F, 0xD0, 0x00, 0x2F, 0xFE, 0x00, 0x00, 0x00, 0x3F, 0xFD,
    0x00, 0x0E, 0x01, 0xC0, 0x00, 0x00, 0x0D, 0x03, 0x80, 0x01, 0x00, 0x10, 0x00, 0x00, 0x01, 0x00,
    0x00, 0x00, 0x00, 0x00, 0x00, 0x00, 0x00, 0x00, 0x00, 0x00, 0x00, 0x00, 0x00, 0x00, 0x00, 0x00,
    0x00, 0x00, 0x00, 0x00, 0x00, 0x00, 0x00, 0x00, 0x00, 0x00, 0x00, 0x00, 0x00, 0x00, 0x00, 0x00,
    0x00, 0x00, 0x0B, 0xF8, 0x00, 0x00, 0x00, 0x00, 0x00, 0xBF, 0x4B, 0xFF, 0x80, 0x00, 0x00, 0x00,
    0x00, 0xBF, 0xFB, 0x80, 0xB0, 0x00, 0x00, 0x00, 0x00, 0x38, 0x0B, 0x00, 0x04, 0x00, 0x00, 0x00,
    0x00, 0x00, 0x00, 0x00, 0x00, 0x00, 0x00, 0x00, 0x00, 0x00, 0x00, 0x00, 0x00, 0x00, 0x00, 0x00,
    0x00, 0x00, 0x00, 0x00, 0x00, 0x00, 0x00, 0x00, 0x00, 0x00, 0x00, 0x00, 0x00, 0x00, 0x00, 0x00,
    0x00, 0x00, 0x00, 0x00, 0x00, 0x1B, 0x90, 0x00, 0x00, 0x00, 0x1F, 0x80, 0x00, 0x1F, 0xFD, 0x00,
    0x00, 0x00, 0x2F, 0xFC, 0x00, 0x0E, 0x02, 0xC0, 0x00, 0x00, 0x0D, 0x03, 0x80, 0x02, 0x00, 0x20,
    0x00, 0x00, 0x02, 0x00, 0x60, 0x00, 0x00, 0x00, 0x00, 0x00, 0x00, 0x00, 0x00, 0x00, 0x00, 0x00,
    0x00, 0x7E, 0x40, 0x00, 0x00, 0x00, 0x00, 0x00, 0x00, 0xBF, 0xF4, 0x00, 0x00, 0x00, 0x00, 0x00,
    0x00, 0x38, 0x0F, 0x00, 0x00, 0x00, 0x00, 0x00, 0x00, 0x08, 0x00, 0x40, 0x00, 0x00, 0x00, 0x00,
    0x00, 0x00, 0x00, 0xF0, 0x00, 0x00, 0x00, 0x00, 0x00, 0x00, 0x01, 0xE0, 0x00, 0x00, 0x00, 0x00,
    0x00, 0x00, 0x03, 0xD0, 0x00, 0x00, 0x00, 0x00, 0x00, 0x00, 0x03, 0xC0, 0x00, 0x00, 0x00, 0x00,
    0x24, 0x00, 0x0B, 0xC0, 0x00, 0x00, 0x00, 0x00, 0x3C, 0x00, 0x0F, 0xC0, 0x00, 0x06, 0x00, 0x00,
    0x2F, 0x00, 0x00, 0x00, 0x00, 0xBF, 0x40, 0x00, 0x0F, 0x40, 0x00, 0x00, 0x0B, 0xF8, 0x00, 0x00,
    0x0B, 0xC0, 0x00, 0x00, 0x0B, 0xD0, 0x00, 0x00, 0x03, 0x80, 0x00, 0x00, 0x02, 0x00, 0x00, 0x00,
    0x01, 0x00, 0x00, 0x00, 0x00, 0x00, 0x00, 0x00, 0x00, 0x00, 0x00, 0x00, 0x00, 0x00, 0x00, 0x00,
    0x00, 0x00, 0x00, 0x00, 0x00, 0x00, 0x00, 0x00, 0x00, 0x00, 0x00, 0x00, 0x00, 0x00, 0x00, 0xA4,
    0x00, 0x00, 0x00, 0x00, 0x00, 0x0D, 0x00, 0xFF, 0xE0, 0x00, 0x00, 0x00, 0x00, 0x0F, 0xF4, 0x1F,
    0xF0, 0x00, 0x00, 0x00, 0x00, 0x0F, 0xFF, 0x00, 0xB0, 0x00, 0x00, 0x00, 0x00, 0x00, 0x1B, 0x00,
    0x00, 0x00, 0x00, 0x00, 0x00, 0x00, 0x00, 0x00, 0x00, 0x00, 0x00, 0x00, 0x00, 0x00, 0x00, 0x00,
    0x00, 0x00, 0x00, 0x00, 0x00, 0x00, 0x00, 0x00, 0x00, 0x00, 0x00, 0x00, 0x00, 0x00, 0x00, 0x00,
    0x00, 0x00, 0x00, 0x00, 0x00, 0x40, 0x00, 0x00, 0x01, 0xC0, 0x00, 0x00, 0x03, 0xC0, 0x00, 0x00,
    0x0B, 0xF0, 0x00, 0x00, 0x03, 0xE0, 0x00, 0x00, 0x7F, 0xC0, 0x00, 0x00, 0x01, 0xF0, 0x00, 0x01,
    0xF8, 0x00, 0x03, 0xF0, 0x00, 0xB8, 0x00, 0x00, 0x40, 0x00, 0x03, 0xE0, 0x00, 0x3C, 0x00, 0x00,
    0x00, 0x00, 0x03, 0xC0, 0x00, 0x14, 0x00, 0x00, 0x00, 0x00, 0x07, 0xC0, 0x00, 0x00, 0x00, 0x00,
    0x00, 0x00, 0x0B, 0x40, 0x00, 0x00, 0x00, 0x00, 0x00, 0x00, 0x0B, 0x00, 0x00, 0x00, 0x00, 0x03,
    0xF8, 0x00, 0xFF, 0x00, 0x00, 0x03, 0xFC, 0x00, 0xFF, 0x00, 0x00, 0x02, 0xFE, 0x47, 0xFD, 0x00,
    0x00, 0x00, 0xFF, 0xFF, 0xF8, 0x00, 0x00, 0x00, 0x1B, 0xFF, 0x80, 0x00, 0x00, 0x00, 0x00, 0x00,
    0x00, 0x00, 0x00, 0xFF, 0x40, 0x00, 0x3F, 0xFC, 0x00, 0xFF, 0x40, 0x00, 0xBF, 0xFC, 0x00, 0xFF,
    0x40, 0x00, 0xFF, 0xFC, 0x00, 0xFF, 0x40, 0x02, 0xFF, 0xFC, 0x00, 0xFF, 0x40, 0x07, 0xFF, 0xFC,
    0x00, 0xFF, 0x40, 0x0F, 0xFB, 0xFC, 0x00, 0xFF, 0x40, 0x1F, 0xF7, 0xFC, 0x00, 0xFF, 0x40, 0x3F,
    0xC7, 0xFC, 0x00, 0xFF, 0x40, 0xBF, 0x87, 0xFC, 0x00, 0xFF, 0x40, 0xFF, 0x07, 0xFC, 0x00, 0xFF,
    0x42, 0xFE, 0x07, 0xFC, 0x00, 0xFF, 0x43, 0xFC, 0x07, 0xFC, 0x00, 0xFF, 0x4F, 0xF4, 0x07, 0xFC,
    0x00, 0xFF, 0x5F, 0xF0, 0x07, 0xFC, 0x00, 0xFF, 0x7F, 0xD0, 0x07, 0xFC, 0x00, 0xFF, 0xFF, 0xC0,
    0x07, 0xFC, 0x00, 0xFF, 0xFF, 0x00, 0x07, 0xFC, 0x00, 0xFF, 0xFE, 0x00, 0x07, 0xFF, 0xFE, 0xFF,
    0xFC, 0x00, 0x07, 0xFF, 0xFD, 0xFF, 0xF8, 0x00, 0x07, 0xFF, 0xFC, 0xFF, 0xF0, 0x00, 0x07, 0xFF,
    0xFC, 0x00, 0x00, 0x00, 0x00, 0x07, 0xF8, 0x00, 0x00, 0x00, 0x00, 0x0F, 0xF4, 0x00, 0x00, 0x00,
    0x00, 0x1F, 0xF0, 0x00, 0x00, 0x00, 0x00, 0x3F, 0xF0, 0x00, 0x00, 0x00, 0x00, 0x7F, 0xE0, 0x00,
    0x00, 0x00, 0x00, 0xFF, 0xD0, 0x1A, 0x80, 0x01, 0xA8, 0x00, 0x07, 0xF8, 0x00, 0xFF, 0x00, 0x00,
    0xFF, 0x40, 0xFF, 0x40, 0x00, 0x1F, 0xFF, 0xFF, 0x80, 0x00, 0x00, 0xBF, 0xFF, 0x40, 0x00, 0x00,
    0x00, 0x00, 0x00, 0x00, 0x00, 0x00, 0x00, 0x00, 0x00, 0x03, 0xFD, 0x00, 0x1F, 0xFD, 0x00, 0xFF,
    0x40, 0x0F, 0xFF, 0x40, 0x3F, 0xD0, 0x07, 0xFF, 0xD0, 0x0F, 0xF4, 0x03, 0xFF, 0xF4, 0x03, 0xFD,
    0x02, 0xFF, 0xFD, 0x00, 0xFF, 0x41, 0xFF, 0xFF, 0x40, 0x3F, 0xD0, 0xFF, 0x7F, 0xD0, 0x0F, 0xF4,
    0x7F, 0x8F, 0xF4, 0x03, 0xFD, 0x3F, 0xC3, 0xFD, 0x00, 0xFF, 0x6F, 0xD0, 0xFF, 0x40, 0x3F, 0xEF,
    0xF0, 0x3F, 0xD0, 0x0F, 0xFF, 0xF0, 0x0F, 0xF4, 0x03, 0xFF, 0xF8, 0x03, 0xFD, 0x00, 0xFF, 0xFC,
    0x00, 0xFF, 0xFF, 0xBF, 0xFD, 0x00, 0x3F, 0xFF, 0xDF, 0xFE, 0x00, 0x0F, 0xFF, 0xF0, 0x00, 0x00,
    0x00, 0x02, 0xFC, 0x00, 0x00, 0x00, 0x00, 0xFE, 0x00, 0x00, 0x00, 0x00, 0x7F, 0x40, 0x00, 0x00,
    0x00, 0x3F, 0xC0, 0x00, 0x00, 0x00, 0x0F, 0xF0, 0x00, 0x00, 0x00, 0x07, 0xF8, 0x00, 0x0F, 0xF4,
    0x00, 0x00, 0x03, 0xFD, 0x00, 0x00, 0x05, 0xFF, 0x95, 0x40, 0x03, 0xFF, 0xFF, 0xF0, 0x00, 0xFF,
    0xFF, 0xFC, 0x00, 0x3F, 0xFF, 0xFF, 0x00, 0x00, 0xFF, 0x40, 0x00, 0x00, 0x3F, 0xD0, 0x00, 0x00,
    0x0F, 0xF9, 0x40, 0x00, 0x03, 0xFF, 0xFF, 0xE0, 0x00, 0xFF, 0xFF, 0xFF, 0x40, 0x3F, 0xFF, 0xFF,
    0xF4, 0x0F, 0xF4, 0x07, 0xFF, 0x03, 0xFD, 0x00, 0x7F, 0xD0, 0xFF, 0x40, 0x0F, 0xF4, 0x3F, 0xD0,
    0x03, 0xFD, 0x0F, 0xF4, 0x02, 0xFF, 0x03, 0xFE, 0x57, 0xFF, 0xC0, 0xFF, 0xFF, 0xFF, 0xD0, 0x3F,
    0xFF, 0xFF, 0xD0, 0x0F, 0xFF, 0xFE, 0x40, 0x00, 0x0F, 0xF4, 0x00, 0x00, 0x03, 0xFD, 0x00, 0x00,
    0x00, 0xFF, 0x40, 0x00, 0x03, 0xFF, 0xFF, 0xFC, 0x00, 0xFF, 0xFF, 0xFF, 0x00, 0x3F, 0xFF, 0xFF,
    0xC0, 0x05, 0xFF, 0x95, 0x50, 0x00, 0x3F, 0xD0, 0x00, 0x00, 0x0F, 0xF4, 0x00, 0x00, 0x03, 0xFD,
    0x00, 0x00, 0x00, 0xFF, 0x40, 0x00, 0x00, 0x3F, 0xD0, 0x00, 0x00, 0x0F, 0xFF, 0xFF, 0xE0, 0x03,
    0xFF, 0xFF, 0xFF, 0x80, 0xFF, 0xFF, 0xFF, 0xF4, 0x3F, 0xE5, 0x5B, 0xFF, 0x0F, 0xF4, 0x00, 0xBF,
    0xC3, 0xFD, 0x00, 0x2F, 0xF0, 0xFF, 0x40, 0x1F, 0xF8, 0x3F, 0xFF, 0xFF, 0xFD, 0x0F, 0xFF, 0xFF,
    0xFD, 0x03, 0xFF, 0xFF, 0xF8, 0x00, 0xFF, 0xFF, 0xE4, 0x03, 0xFF, 0xFF, 0xFD, 0x0F, 0xFF, 0xFF,
    0xFD, 0x3F, 0xE5, 0x6F, 0xFC, 0xFF, 0x40, 0x2F, 0xF3, 0xFD, 0x00, 0x3F, 0xDF, 0xF4, 0x00, 0xFF,
    0x7F, 0xD1, 0xE3, 0xFD, 0xFF, 0x4F, 0xEF, 0xF3, 0xFD, 0x1F, 0xFF, 0xCF, 0xFF, 0xFF, 0xFD, 0x3F,
    0xFF, 0xFF, 0xD0, 0xFF, 0xFF, 0xFF, 0x03, 0xFE, 0x50, 0x7F, 0x0F, 0xF4, 0x00, 0xB0, 0x3F, 0xD0,
    0x00, 0x00, 0xFF, 0x40, 0x00, 0x03, 0xFD, 0x00, 0x00, 0x0F, 0xF4, 0x00, 0x00, 0x3F, 0xD0, 0x00,
    0x00, 0xFF, 0x40, 0x00, 0x00, 0xFF, 0x0B, 0xFD, 0x03, 0xFC, 0xFF, 0xFF, 0x0F, 0xFF, 0xFF, 0xFE,
    0x3F, 0xFD, 0x5F, 0xFC, 0xFF, 0xC0, 0x0F, 0xFB, 0xFE, 0x00, 0x2F, 0xFF, 0xF4, 0x00, 0xBF, 0xFF,
    0xD0, 0x01, 0xFF, 0xFF, 0x40, 0x07, 0xFF, 0xFE, 0x07, 0x6F, 0xFF, 0xF8, 0x7F, 0xFF, 0xFF, 0xF0,
    0xFF, 0xFE, 0xFF, 0xF5, 0xFF, 0xF3, 0xFF, 0xFF, 0xFF, 0x8F, 0xFB, 0xFF, 0xFC, 0x3F, 0xD2, 0xFF,
    0xFC, 0xFF, 0x40, 0x03, 0xE3, 0xFD, 0x00, 0x01, 0x0F, 0xF4, 0x00, 0x00, 0x3F, 0xD0, 0x00, 0x00,
    0xFF, 0x40, 0x00, 0x03, 0xFD, 0x00, 0x00, 0x0F, 0xF4, 0x00, 0x00, 0x00, 0x00, 0x00, 0x1F, 0xF0,
    0x00, 0x01, 0xFF, 0x00, 0x00, 0x1F, 0xF0, 0x00, 0x01, 0xFF, 0xFF, 0xFF, 0xFF, 0xFF, 0xFF, 0xFF,
    0xFF, 0xFF, 0xFF, 0xFF, 0xFF, 0xF9, 0x55, 0x55, 0xFF, 0x40, 0x00, 0x0F, 0xF4, 0x00, 0x00, 0xFF,
    0x40, 0x00, 0x0F, 0xF4, 0x00, 0x00, 0xFF, 0x40, 0x00, 0x0F, 0xF4, 0x00, 0x00, 0xFF, 0x40, 0x00,
    0x0F, 0xF4, 0x00, 0x00, 0xFF, 0x40, 0x00, 0x0F, 0xF4, 0x00, 0x00, 0xFF, 0x40, 0x00, 0x0F, 0xF4,
    0x00, 0x00, 0xFF, 0x40, 0x00, 0x0F, 0xF4, 0x00, 0x00, 0xFF, 0x40, 0x00, 0x0F, 0xF4, 0x00, 0x00,
    0xFF, 0x40, 0x00, 0x00, 0x00, 0x01, 0xFF, 0x00, 0x01, 0xFF, 0x00, 0x01, 0xFF, 0x00, 0x01, 0xFF,
    0xFF, 0xFF, 0xFF, 0xFF, 0xFF, 0xFF, 0xFF, 0xFF, 0xFF, 0xFF, 0x95, 0x55, 0xFF, 0x40, 0x00, 0xFF,
    0x40, 0x00, 0xFF, 0x40, 0x00, 0xFF, 0x40, 0x00, 0xFF, 0x40, 0x00, 0xFF, 0x40, 0x00, 0xFF, 0x40,
    0x00, 0xFF, 0x40, 0x00, 0xFF, 0x40, 0x00, 0xFF, 0x40, 0x00, 0xFF, 0x40, 0x00, 0xFF, 0x40, 0x00,
    0x0F, 0xFF, 0xFF, 0xFC, 0x3F, 0xFF, 0xFF, 0xF0, 0xFF, 0xFF, 0xFF, 0xC3, 0xFE, 0x55, 0x55, 0x0F,
    0xF4, 0x00, 0x00, 0x3F, 0xD0, 0x00, 0x00, 0xFF, 0x40, 0x00, 0x03, 0xFD, 0x00, 0x00, 0x0F, 0xF4,
    0x00, 0x03, 0xFF, 0xFF, 0xFC, 0x0F, 0xFF, 0xFF, 0xF0, 0x3F, 0xFF, 0xFF, 0xC0, 0x5F, 0xF9, 0x55,
    0x00, 0x3F, 0xD0, 0x00, 0x00, 0xFF, 0x40, 0x00, 0x03, 0xFD, 0x00, 0x00, 0x0F, 0xF4, 0x00, 0x00,
    0x3F, 0xD0, 0x00, 0x00, 0xFF, 0x40, 0x00, 0x03, 0xFD, 0x00, 0x00, 0x0F, 0xF4, 0x00, 0x00, 0x0F,
    0xFF, 0xFF, 0xE0, 0xFF, 0xFF, 0xFE, 0x0F, 0xFF, 0xFF, 0xE0, 0xFF, 0x95, 0x54, 0x0F, 0xF4, 0x00,
    0x00, 0xFF, 0x40, 0x00, 0x5F, 0xF9, 0x54, 0x0F, 0xFF, 0xFF, 0xC0, 0xFF, 0xFF, 0xFC, 0x0F, 0xFF,
    0xFF, 0xC0, 0x0F, 0xF4, 0x00, 0x00, 0xFF, 0x40, 0x00, 0x0F, 0xF4, 0x00, 0x00, 0xFF, 0x40, 0x00,
    0x0F, 0xF4, 0x00, 0x00, 0xFF, 0x40, 0x00, 0xFF, 0xFF, 0xFF, 0xC0, 0x0F, 0xFF, 0xFF, 0xFC, 0x00,
    0xFF, 0xFF, 0xFF, 0xC0, 0x0F, 0xF9, 0x55, 0x54, 0x00, 0xFF, 0x40, 0x00, 0x00, 0x0F, 0xF4, 0x00,
    0x00, 0x00, 0xFF, 0x40, 0x00, 0x00, 0x0F, 0xF4, 0x00, 0x00, 0x00, 0xFF, 0x40, 0x00, 0x00, 0x0F,
    0xFF, 0xFF, 0x90, 0x00, 0xFF, 0xFF, 0xFF, 0xE0, 0x0F, 0xFF, 0xFF, 0xFF, 0x80, 0xFF, 0xFF, 0xFF,
    0xFE, 0x0F, 0xF8, 0x01, 0xFF, 0xF4, 0xFF, 0x40, 0x02, 0xFF, 0xCF, 0xF4, 0x00, 0x0F, 0xFC, 0xFF,
    0x40, 0x00, 0x7F, 0xDF, 0xF4, 0x00, 0x03, 0xFD, 0xFF, 0x40, 0x00, 0x3F, 0xDF, 0xF4, 0x00, 0x03,
    0xFD, 0xFF, 0x40, 0x00, 0x3F, 0xD0, 0x00, 0x00, 0x07, 0xFC, 0x00, 0x00, 0x00, 0xFF, 0xC0, 0x00,
    0x00, 0x1F, 0xF4, 0x00, 0x39, 0x5B, 0xFF, 0x00, 0x03, 0xFF, 0xFF, 0xC0, 0x00, 0x3F, 0xFF, 0xF0,
    0x00, 0x02, 0xFF, 0xF4, 0x00, 0xFF, 0xFF, 0xFE, 0x03, 0xFF, 0xFF, 0xF8, 0x0F, 0xFF, 0xFF, 0xE0,
    0x3F, 0xE5, 0x55, 0x00, 0xFF, 0x40, 0x00, 0x03, 0xFD, 0x00, 0x00, 0x0F, 0xF4, 0x00, 0x00, 0x3F,
    0xFF, 0xF8, 0x00, 0xFF, 0xFF, 0xFD, 0x03, 0xFF, 0xFF, 0xFE, 0x0F, 0xF9, 0x6F, 0xFD, 0x3F, 0xD0,
    0x0F, 0xFC, 0xFF, 0x40, 0x1F, 0xF3, 0xFD, 0x00, 0x3F, 0xDF, 0xF4, 0x00, 0xFF, 0x7F, 0xD0, 0x03,
    0xFD, 0x00, 0x00, 0x0F, 0xF4, 0x00, 0x00, 0x7F, 0xC0, 0x00, 0x03, 0xFF, 0x00, 0x65, 0x7F, 0xF4,
    0x01, 0xFF, 0xFF, 0xC0, 0x07, 0xFF, 0xF8, 0x00, 0x0B, 0xFE, 0x40, 0x00, 0x3F, 0xE0, 0x00, 0xFF,
    0x40, 0x07, 0xFC, 0x01, 0xFF, 0x00, 0x0F, 0xF4, 0x00, 0xFF, 0x80, 0x0B, 0xFC, 0x00, 0xFF, 0x40,
    0x2F, 0xF0, 0x00, 0x3F, 0xE0, 0x0F, 0xF4, 0x03, 0xFC, 0x00, 0x01, 0xFF, 0x00, 0xFF, 0x40, 0xFF,
    0x80, 0x00, 0x0B, 0xFC, 0x0F, 0xF4, 0x1F, 0xF0, 0x00, 0x00, 0x3F, 0xD0, 0xFF, 0x43, 0xFC, 0x00,
    0x00, 0x01, 0xFF, 0x0F, 0xF4, 0xBF, 0x80, 0x00, 0x00, 0x0B, 0xF8, 0xFF, 0x5F, 0xF0, 0x00, 0x00,
    0x00, 0x3F, 0xDF, 0xF7, 0xFC, 0x00, 0x00, 0x00, 0x01, 0xFF, 0xFF, 0xFF, 0xC0, 0x00, 0x00, 0x00,
    0x3F, 0xDF, 0xFB, 0xFD, 0x00, 0x00, 0x00, 0x0F, 0xFC, 0xFF, 0x5F, 0xF0, 0x00, 0x00, 0x01, 0xFF,
    0x0F, 0xF4, 0xBF, 0x80, 0x00, 0x00, 0x3F, 0xD0, 0xFF, 0x43, 0xFC, 0x00, 0x00, 0x0F, 0xF8, 0x0F,
    0xF4, 0x1F, 0xF0, 0x00, 0x02, 0xFF, 0x00, 0xFF, 0x40, 0xBF, 0x80, 0x00, 0x7F, 0xD0, 0x0F, 0xF4,
    0x03, 0xFD, 0x55, 0x0F, 0xF8, 0x00, 0xFF, 0x40, 0x1F, 0xFF, 0xF2, 0xFF, 0x00, 0x0F, 0xF4, 0x00,
    0xFF, 0xFF, 0x7F, 0xD0, 0x00, 0xFF, 0x40, 0x03, 0xFF, 0xF0, 0x00, 0x00, 0x00, 0x00, 0x00, 0x01,
    0xFF, 0x00, 0x00, 0x00, 0x00, 0x00, 0x00, 0x1F, 0xF0, 0x00, 0x00, 0x00, 0x00, 0x00, 0x01, 0xFF,
    0x00, 0x00, 0x00, 0x00, 0x00, 0x00, 0x1F, 0xF0, 0x00, 0x00, 0x00, 0x00, 0x00, 0x01, 0xFF, 0x00,
    0x00, 0x00, 0x00, 0x00, 0x00, 0x1F, 0xF0, 0x3F, 0xF0, 0x03, 0xFD, 0x00, 0xBF, 0xC0, 0x0F, 0xF4,
    0x03, 0xFD, 0x01, 0xFF, 0x40, 0x07, 0xFC, 0x03, 0xFD, 0x03, 0xFE, 0x00, 0x02, 0xFF, 0x03, 0xFD,
    0x0B, 0xFC, 0x00, 0x00, 0xFF, 0x83, 0xFD, 0x1F, 0xF0, 0x00, 0x00, 0x3F, 0xD3, 0xFD, 0x3F, 0xD0,
    0x00, 0x00, 0x1F, 0xF3, 0xFD, 0xBF, 0x80, 0x00, 0x00, 0x0B, 0xFB, 0xFE, 0xFF, 0x00, 0x00, 0x00,
    0x0F, 0xFB, 0xFE, 0xFF, 0x00, 0x00, 0x00, 0x2F, 0xF3, 0xFD, 0xBF, 0xC0, 0x00, 0x00, 0xBF, 0xC3,
    0xFD, 0x3F, 0xE0, 0x00, 0x01, 0xFF, 0x43, 0xFD, 0x0F, 0xF4, 0x00, 0x03, 0xFE, 0x03, 0xFD, 0x07,
    0xFC, 0x00, 0x0F, 0xFC, 0x03, 0xFD, 0x02, 0xFF, 0xFD, 0x2F, 0xF0, 0x03, 0xFD, 0x00, 0xFF, 0xFD,
    0x7F, 0xD0, 0x03, 0xFD, 0x00, 0x7F, 0xFD, 0x00, 0x00, 0x00, 0x00, 0x00, 0x03, 0xFD, 0x00, 0x00,
    0x00, 0x00, 0x00, 0x03, 0xFD, 0x00, 0x00, 0x00, 0x00, 0x00, 0x03, 0xFD, 0x00, 0x00, 0x00, 0x00,
    0x00, 0x03, 0xFD, 0x00, 0x00, 0x00, 0x00, 0x00, 0x03, 0xFD, 0x00, 0x00, 0x00, 0x00, 0x00, 0x03,
    0xFD, 0x06, 0xFF, 0xF8, 0x01, 0xFF, 0xFF, 0xFE, 0x03, 0xFF, 0xFF, 0xFE, 0x0F, 0xE5, 0x6F, 0xFC,
    0x00, 0x00, 0x1F, 0xF4, 0x00, 0x00, 0x3F, 0xD0, 0x00, 0x00, 0xFF, 0x40, 0x00, 0x07, 0xFC, 0x00,
    0x00, 0xBF, 0xD0, 0x0F, 0xFF, 0xFD, 0x00, 0x3F, 0xFF, 0xD0, 0x00, 0xFF, 0xFF, 0xF0, 0x01, 0x55,
    0xBF, 0xF0, 0x00, 0x00, 0x3F, 0xE0, 0x00, 0x00, 0xBF, 0xC0, 0x00, 0x02, 0xFF, 0x00, 0x00, 0x0F,
    0xFE, 0xF9, 0x56, 0xFF, 0xDB, 0xFF, 0xFF, 0xFE, 0x2F, 0xFF, 0xFF, 0xE0, 0x1B, 0xFF, 0xF4, 0x00,
    0x00, 0x1F, 0x40, 0x00, 0x00, 0x2F, 0x40, 0x00, 0x00, 0x3F, 0x00, 0x00, 0x00, 0xFC, 0x00, 0x00,
    0xBF, 0xF0, 0x00, 0x02, 0xFF, 0x40, 0x00, 0x0B, 0xF4, 0x00, 0x0A, 0xFF, 0xE4, 0x07, 0xFF, 0xFF,
    0xE0, 0x3F, 0xFF, 0xFF, 0x82, 0xE5, 0x6F, 0xFC, 0x00, 0x00, 0xBF, 0xC0, 0x00, 0x0B, 0xFC, 0x01,
    0x56, 0xFF, 0x40, 0x3F, 0xFF, 0xD0, 0x03, 0xFF, 0xF9, 0x00, 0x3F, 0xFF, 0xF8, 0x00, 0x00, 0xBF,
    0xC0, 0x00, 0x03, 0xFD, 0x79, 0x55, 0xFF, 0xDB, 0xFF, 0xFF, 0xFC, 0xBF, 0xFF, 0xFF, 0x01, 0xBF,
    0xFE, 0x40, 0x00, 0x1F, 0x40, 0x00, 0x00, 0x7D, 0x00, 0x00, 0x03, 0xF0, 0x00, 0x00, 0x3F, 0x00,
    0x00, 0xBF, 0xF0, 0x00, 0x0B, 0xFD, 0x00, 0x00, 0xBF, 0x40, 0x00, 0xFF, 0x40, 0x01, 0xFF, 0x43,
    0xFD, 0x00, 0x0F, 0xF8, 0x0F, 0xF4, 0x00, 0xFF, 0xC0, 0x3F, 0xD0, 0x0B, 0xFC, 0x00, 0xFF, 0x40,
    0x7F, 0xD0, 0x03, 0xFD, 0x03, 0xFE, 0x00, 0x0F, 0xF4, 0x2F, 0xF0, 0x00, 0x3F, 0xD1, 0xFF, 0x00,
    0x00, 0xFF, 0x4F, 0xF4, 0x00, 0x03, 0xFD, 0xFF, 0x80, 0x00, 0x0F, 0xFF, 0xFC, 0x00, 0x00, 0x3F,
    0xEF, 0xFC, 0x00, 0x00, 0xFF, 0x5F, 0xF4, 0x00, 0x03, 0xFD, 0x2F, 0xF0, 0x00, 0x0F, 0xF4, 0x3F,
    0xF0, 0x00, 0x3F, 0xD0, 0x3F, 0xE0, 0x00, 0xFF, 0x40, 0x7F, 0xD0, 0x03, 0xFD, 0x00, 0xBF, 0xD5,
    0x5F, 0xF4, 0x00, 0xFF, 0xFF, 0xFF, 0xD0, 0x00, 0xFF, 0xFF, 0xFF, 0x40, 0x01, 0xFF, 0xFC, 0x00,
    0x00, 0x00, 0x1F, 0xF0, 0x00, 0x00, 0x00, 0x7F, 0xC0, 0x00, 0x00, 0x01, 0xFF, 0x00, 0x00, 0x00,
    0x07, 0xFC, 0x00, 0x00, 0x00, 0x1F, 0xF0, 0x00, 0x00, 0x00, 0x7F, 0xC0, 0xFF, 0x40, 0x0F, 0xFC,
    0x3F, 0xD0, 0x0B, 0xFD, 0x0F, 0xF4, 0x07, 0xFD, 0x03, 0xFD, 0x03, 0xFE, 0x00, 0xFF, 0x43, 0xFF,
    0x00, 0x3F, 0xD2, 0xFF, 0x00, 0x0F, 0xF5, 0xFF, 0x00, 0x03, 0xFE, 0xFF, 0x40, 0x00, 0xFF, 0xBF,
    0xD0, 0x00, 0x3F, 0xD7, 0xFD, 0x00, 0x0F, 0xF4, 0xBF, 0xC0, 0x03, 0xFD, 0x0F, 0xFC, 0x00, 0xFF,
    0x40, 0xFF, 0x80, 0x3F, 0xD0, 0x1F, 0xFF, 0xFF, 0xF4, 0x02, 0xFF, 0xFF, 0xFD, 0x00, 0x2F, 0xFF,
    0x00, 0x00, 0x00, 0x7F, 0xC0, 0x00, 0x00, 0x1F, 0xF0, 0x00, 0x00, 0x07, 0xFC, 0x00, 0x00, 0x01,
    0xFF, 0x00, 0x00, 0x00, 0x7F, 0xC0, 0x00, 0x00, 0x1F, 0xF0, 0xFF, 0x40, 0x03, 0xFF, 0x3F, 0xD0,
    0x02, 0xFF, 0x4F, 0xF4, 0xF1, 0xFF, 0x83, 0xFD, 0x3C, 0xFF, 0xC0, 0xFF, 0x4F, 0xBF, 0xC0, 0x3F,
    0xD3, 0xFF, 0xD0, 0x0F, 0xF4, 0xFF, 0xE0, 0x03, 0xFD, 0x3F, 0xF0, 0x00, 0xFF, 0x5F, 0xF0, 0x00,
    0x3F, 0xEF, 0xF4, 0x00, 0x0F, 0xFF, 0xFD, 0x00, 0x03, 0xFD, 0xBF, 0xC0, 0x00, 0xFF, 0x4F, 0xFC,
    0x00, 0x3F, 0xD3, 0xFF, 0x80, 0x0F, 0xF4, 0xFF, 0xF4, 0x03, 0xFD, 0x3F, 0xFF, 0x00, 0xFF, 0x4F,
    0x7F, 0xE0, 0x3F, 0xD3, 0xCB, 0xFD, 0x0F, 0xF4, 0x00, 0xFF, 0xC3, 0xFD, 0x00, 0x1F, 0xFC, 0xFF,
    0x40, 0x02, 0xFF, 0x80, 0xFF, 0x40, 0x0F, 0xFC, 0xFF, 0x40, 0x2F, 0xF4, 0xFF, 0x4F, 0x7F, 0xE0,
    0xFF, 0x4F, 0xFF, 0xC0, 0xFF, 0x4F, 0xFF, 0x00, 0xFF, 0x4F, 0xFD, 0x00, 0xFF, 0x5F, 0xF4, 0x00,
    0xFF, 0xBF, 0xE0, 0x00, 0xFF, 0xFF, 0xD0, 0x00, 0xFF, 0x6F, 0xF4, 0x00, 0xFF, 0x4F, 0xFC, 0x00,
    0xFF, 0x4F, 0xFF, 0x00, 0xFF, 0x4F, 0xFF, 0xC0, 0xFF, 0x4F, 0x3F, 0xE0, 0xFF, 0x4F, 0x1F, 0xF8,
    0xFF, 0x40, 0x0B, 0xFE, 0x0F, 0xF4, 0x00, 0x1F, 0xF0, 0x0F, 0xF4, 0x00, 0x3F, 0xE0, 0x1F, 0xF9,
    0x40, 0xBF, 0xC0, 0xBF, 0xFF, 0xC1, 0xFF, 0x00, 0xBF, 0xFF, 0xC3, 0xFE, 0x00, 0xBF, 0xFF, 0xCB,
    0xFC, 0x00, 0x0F, 0xF4, 0x0F, 0xF4, 0x00, 0x0F, 0xF4, 0x3F, 0xE0, 0x00, 0x0F, 0xF9, 0xBF, 0xC0,
    0x00, 0x0F, 0xFF, 0xFF, 0x40, 0x00, 0x0F, 0xFF, 0xFF, 0x00, 0x00, 0x0F, 0xFF, 0xFF, 0x80, 0x00,
    0x0F, 0xF4, 0x7F, 0xD0, 0x00, 0x0F, 0xF4, 0x2F, 0xF0, 0x00, 0x0F, 0xF4, 0x0F, 0xFC, 0x00, 0x0F,
    0xF4, 0x07, 0xFD, 0x00, 0x0F, 0xF4, 0x02, 0xFF, 0x00, 0x0F, 0xF4, 0x00, 0xFF, 0xC0, 0x0F, 0xF4,
    0x00, 0x7F, 0xE0, 0x0F, 0xF4, 0x00, 0x3F, 0xF0, 0x0F, 0xF4, 0x00, 0x0F, 0xFC, 0x0F, 0xF4, 0x00,
    0x00, 0x00, 0x3F, 0xD0, 0x00, 0x00, 0x0F, 0xFF, 0xFF, 0xC0, 0x00, 0x3F, 0xFF, 0xFF, 0x00, 0x00,
    0xFF, 0xFF, 0xFC, 0x00, 0x01, 0x7F, 0xE5, 0x50, 0x00, 0x00, 0xFF, 0x40, 0x07, 0xFD, 0x03, 0xFD,
    0x00, 0x7F, 0xE0, 0x0F, 0xF4, 0x03, 0xFF, 0x00, 0x3F, 0xD0, 0x3F, 0xF0, 0x00, 0xFF, 0x43, 0xFF,
    0x00, 0x03, 0xFD, 0x2F, 0xF4, 0x00, 0x0F, 0xF5, 0xFF, 0x80, 0x00, 0x3F, 0xFF, 0xFC, 0x00, 0x00,
    0xFF, 0xBF, 0xF0, 0x00, 0x03, 0xFD, 0x3F, 0xF0, 0x00, 0x0F, 0xF4, 0x7F, 0xF0, 0x00, 0x3F, 0xD0,
    0xBF, 0xE0, 0x00, 0xFF, 0x40, 0xBF, 0xD0, 0x03, 0xFD, 0x00, 0xFF, 0xD0, 0x0F, 0xF4, 0x00, 0xFF,
    0xC0, 0x3F, 0xD0, 0x00, 0xFF, 0xC0, 0xBF, 0xFF, 0xD0, 0x00, 0x7F, 0xCB, 0xFF, 0xFD, 0x00, 0x0F,
    0xF4, 0xBF, 0xFF, 0xD0, 0x03, 0xFE, 0x01, 0x57, 0xFD, 0x00, 0xBF, 0xC0, 0x00, 0x3F, 0xD0, 0x1F,
    0xF0, 0x00, 0x03, 0xFD, 0x03, 0xFD, 0x00, 0x00, 0x3F, 0xD0, 0xFF, 0x80, 0x00, 0x03, 0xFD, 0x2F,
    0xF0, 0x00, 0x00, 0x3F, 0xDB, 0xFC, 0x00, 0x00, 0x03, 0xFE, 0xFF, 0x40, 0x00, 0x00, 0x3F, 0xEF,
    0xF8, 0x00, 0x00, 0x03, 0xFD, 0xBF, 0xC0, 0x00, 0x00, 0x3F, 0xD3, 0xFF, 0x00, 0x00, 0x03, 0xFD,
    0x0F, 0xF8, 0x00, 0x00, 0x3F, 0xD0, 0xBF, 0xD0, 0x00, 0x03, 0xFD, 0x03, 0xFF, 0x00, 0x00, 0x3F,
    0xD0, 0x0F, 0xFC, 0x00, 0x03, 0xFD, 0x00, 0x7F, 0xE0, 0x00, 0x3F, 0xD0, 0x02, 0xFF, 0x00, 0x03,
    0xFD, 0x00, 0x0F, 0xFC, 0x00, 0x3F, 0xD0, 0x00, 0x7F, 0xE0, 0xFF, 0xFF, 0xD0, 0x03, 0xFE, 0x3F,
    0xFF, 0xF4, 0x02, 0xFF, 0x0F, 0xFF, 0xFD, 0x01, 0xFF, 0x01, 0x55, 0xFF, 0x40, 0xFF, 0x00, 0x00,
    0x3F, 0xD0, 0xFF, 0x40, 0x00, 0x0F, 0xF4, 0xFF, 0x80, 0x00, 0x03, 0xFD, 0xBF, 0x80, 0x00, 0x00,
    0xFF, 0xFF, 0xC0, 0x00, 0x00, 0x3F, 0xEF, 0xF4, 0x00, 0x00, 0x0F, 0xF5, 0xFF, 0x40, 0x00, 0x03,
    0xFD, 0x1F, 0xF0, 0x00, 0x00, 0xFF, 0x42, 0xFF, 0x00, 0x00, 0x3F, 0xD0, 0x3F, 0xE0, 0x00, 0x0F,
    0xF4, 0x03, 0xFE, 0x00, 0x03, 0xFD, 0x00, 0x7F, 0xD0, 0x00, 0xFF, 0x40, 0x07, 0xFC, 0xFF, 0x40,
    0x00, 0x7F, 0xC0, 0x0F, 0xF4, 0x00, 0x07, 0xFC, 0x00, 0xFF, 0x40, 0x00, 0x7F, 0xC0, 0x0F, 0xF4,
    0x00, 0x07, 0xFC, 0x00, 0xFF, 0x40, 0x00, 0x7F, 0xC0, 0x0F, 0xF4, 0x00, 0x07, 0xFC, 0x00, 0xFF,
    0x40, 0x00, 0x7F, 0xC0, 0x0F, 0xF4, 0x00, 0x07, 0xFC, 0x00, 0xFF, 0x95, 0x55, 0xBF, 0xC0, 0x0F,
    0xFF, 0xFF, 0xFF, 0xFC, 0x00, 0xFF, 0xFF, 0xFF, 0xFF, 0xC0, 0x0F, 0xFF, 0xFF, 0xFF, 0xFC, 0x00,
    0xFF, 0x40, 0x00, 0x7F, 0xC0, 0x0F, 0xF4, 0x00, 0x07, 0xFC, 0x00, 0xFF, 0x40, 0x00, 0x7F, 0xC0,
    0x0F, 0xF4, 0x00, 0x07, 0xFC, 0x00, 0xFF, 0x40, 0x00, 0x7F, 0xC0, 0x0F, 0xF4, 0x00, 0x07, 0xFF,
    0xFD, 0xFF, 0x40, 0x00, 0x7F, 0xFF, 0xDF, 0xF4, 0x00, 0x07, 0xFF, 0xFD, 0xFF, 0x40, 0x00, 0x7F,
    0xFF, 0xD0, 0x00, 0x00, 0x00, 0x03, 0xFD, 0x00, 0x00, 0x00, 0x00, 0x3F, 0xD0, 0x00, 0x00, 0x00,
    0x03, 0xFD, 0x00, 0x00, 0x00, 0x00, 0x3F, 0xD0, 0x00, 0x00, 0x00, 0x03, 0xFD, 0x00, 0x00, 0x00,
    0x00, 0x3F, 0xD0, 0xFF, 0x40, 0x07, 0xFC, 0x03, 0xFD, 0x00, 0x1F, 0xF0, 0x0F, 0xF4, 0x00, 0x7F,
    0xC0, 0x3F, 0xD0, 0x01, 0xFF, 0x00, 0xFF, 0x40, 0x07, 0xFC, 0x03, 0xFD, 0x00, 0x1F, 0xF0, 0x0F,
    0xFF, 0xFF, 0xFF, 0xC0, 0x3F, 0xFF, 0xFF, 0xFF, 0x00, 0xFF, 0xFF, 0xFF, 0xFC, 0x03, 0xFE, 0x55,
    0x6F, 0xF0, 0x0F, 0xF4, 0x00, 0x7F, 0xC0, 0x3F, 0xD0, 0x01, 0xFF, 0x00, 0xFF, 0x40, 0x07, 0xFC,
    0x03, 0xFD, 0x00, 0x1F, 0xFF, 0xFF, 0xF4, 0x00, 0x7F, 0xFF, 0xFF, 0xD0, 0x01, 0xFF, 0xFF, 0x00,
    0x00, 0x00, 0x03, 0xFC, 0x00, 0x00, 0x00, 0x0F, 0xF0, 0x00, 0x00, 0x00, 0x3F, 0xC0, 0x00, 0x00,
    0x00, 0xFF, 0x00, 0x00, 0x00, 0x03, 0xFC, 0x00, 0x00, 0x00, 0x0F, 0xF0, 0xFF, 0x40, 0x00, 0x7F,
    0xFF, 0xEF, 0xF4, 0x00, 0x07, 0xFF, 0xFE, 0xFF, 0x40, 0x00, 0x7F, 0xFF, 0xEF, 0xF4, 0x00, 0x07,
    0xFD, 0x54, 0xFF, 0x40, 0x00, 0x7F, 0xC0, 0x0F, 0xF4, 0x00, 0x07, 0xFC, 0x00, 0xFF, 0x40, 0x00,
    0x7F, 0xC0, 0x0F, 0xF4, 0x00, 0x07, 0xFC, 0x00, 0xFF, 0x95, 0x55, 0xBF, 0xC0, 0x0F, 0xFF, 0xFF,
    0xFF, 0xFC, 0x00, 0xFF, 0xFF, 0xFF, 0xFF, 0xC0, 0x0F, 0xFF, 0xFF, 0xFF, 0xFC, 0x00, 0xFF, 0x40,
    0x00, 0x7F, 0xC0, 0x0F, 0xF4, 0x00, 0x07, 0xFC, 0x00, 0xFF, 0x40, 0x00, 0x7F, 0xC0, 0x0F, 0xF4,
    0x00, 0x07, 0xFC, 0x00, 0xFF, 0x40, 0x00, 0x7F, 0xC0, 0x0F, 0xF4, 0x00, 0x07, 0xFC, 0x00, 0xFF,
    0x40, 0x00, 0x7F, 0xC0, 0x0F, 0xF4, 0x00, 0x07, 0xFC, 0x00, 0xFF, 0x40, 0x00, 0x7F, 0xC0, 0x00,
    0xFF, 0x40, 0x07, 0xFF, 0xFF, 0xFF, 0x40, 0x07, 0xFF, 0xFF, 0xFF, 0x40, 0x07, 0xFF, 0xFF, 0xFF,
    0x40, 0x07, 0xFD, 0x55, 0xFF, 0x40, 0x07, 0xFC, 0x00, 0xFF, 0x40, 0x07, 0xFC, 0x00, 0xFF, 0xFF,
    0xFF, 0xFC, 0x00, 0xFF, 0xFF, 0xFF, 0xFC, 0x00, 0xFF, 0xFF, 0xFF, 0xFC, 0x00, 0xFF, 0x95, 0x5B,
    0xFC, 0x00, 0xFF, 0x40, 0x07, 0xFC, 0x00, 0xFF, 0x40, 0x07, 0xFC, 0x00, 0xFF, 0x40, 0x07, 0xFC,
    0x00, 0xFF, 0x40, 0x07, 0xFC, 0x00, 0xFF, 0x40, 0x07, 0xFC, 0x00, 0xFF, 0x40, 0x07, 0xFC, 0x00,
    0xFF, 0xFF, 0xFF, 0xFF, 0x00, 0x00, 0x00, 0x3F, 0xFF, 0xFF, 0xFF, 0xC0, 0x00, 0x00, 0x0F, 0xFF,
    0xFF, 0xFF, 0xF0, 0x00, 0x00, 0x03, 0xFE, 0x55, 0x5B, 0xFC, 0x00, 0x00, 0x00, 0xFF, 0x40, 0x01,
    0xFF, 0x00, 0x00, 0x00, 0x3F, 0xD0, 0x00, 0x7F, 0xC0, 0x00, 0x00, 0x0F, 0xF4, 0x00, 0x1F, 0xF0,
    0x00, 0x00, 0x03, 0xFD, 0x00, 0x07, 0xFC, 0x00, 0x00, 0x00, 0xFF, 0x40, 0x01, 0xFF, 0x00, 0x00,
    0x00, 0x3F, 0xD0, 0x00, 0x7F, 0xFF, 0xFE, 0x40, 0x0F, 0xF4, 0x00, 0x1F, 0xFF, 0xFF, 0xFD, 0x03,
    0xFD, 0x00, 0x07, 0xFF, 0xFF, 0xFF, 0xD0, 0xFF, 0x40, 0x01, 0xFF, 0xFF, 0xFF, 0xFD, 0x3F, 0xD0,
    0x00, 0x7F, 0xC0, 0x0B, 0xFF, 0xCF, 0xF4, 0x00, 0x1F, 0xF0, 0x00, 0x3F, 0xF7, 0xFD, 0x00, 0x07,
    0xFC, 0x00, 0x03, 0xFE, 0xFF, 0x40, 0x01, 0xFF, 0x00, 0x00, 0xFF, 0xFF, 0xD0, 0x00, 0x7F, 0xC0,
    0x00, 0x2F, 0xFF, 0xF4, 0x00, 0x1F, 0xF0, 0x00, 0x07, 0xFF, 0xFD, 0x00, 0x07, 0xFC, 0x00, 0x01,
    0xFF, 0xFF, 0x40, 0x01, 0xFF, 0x00, 0x00, 0xBF, 0xC0, 0x00, 0x00, 0x00, 0x00, 0x00, 0x3F, 0xE0,
    0x00, 0x00, 0x00, 0x00, 0x00, 0x1F, 0xF4, 0x00, 0x00, 0x00, 0x00, 0x00, 0x0F, 0xFC, 0x00, 0x00,
    0x00, 0x00, 0x65, 0x6F, 0xFE, 0x00, 0x00, 0x00, 0x00, 0x2F, 0xFF, 0xFE, 0x00, 0x00, 0x00, 0x00,
    0x0B, 0xFF, 0xFE, 0x00, 0x00, 0x00, 0x00, 0x01, 0xBF, 0xF8, 0x00, 0xFF, 0xFF, 0xFF, 0xF0, 0x00,
    0x03, 0xFF, 0xFF, 0xFF, 0xC0, 0x00, 0x0F, 0xFF, 0xFF, 0xFF, 0x00, 0x00, 0x3F, 0xE5, 0x5B, 0xFC,
    0x00, 0x00, 0xFF, 0x40, 0x1F, 0xF0, 0x00, 0x03, 0xFD, 0x00, 0x7F, 0xC0, 0x00, 0x0F, 0xF4, 0x01,
    0xFF, 0x00, 0x00, 0x3F, 0xD0, 0x07, 0xFF, 0xF9, 0x00, 0xFF, 0x40, 0x1F, 0xFF, 0xFF, 0x03, 0xFD,
    0x00, 0x7F, 0xFF, 0xFF, 0x0F, 0xF4, 0x01, 0xFF, 0x5B, 0xFF, 0x3F, 0xD0, 0x07, 0xFC, 0x0B, 0xFD,
    0xFF, 0x40, 0x1F, 0xF0, 0x0F, 0xFB, 0xFD, 0x00, 0x7F, 0xC0, 0x2F, 0xFF, 0xF4, 0x01, 0xFF, 0x00,
    0x7F, 0xFF, 0xD0, 0x07, 0xFC, 0x01, 0xFF, 0x00, 0x00, 0x00, 0x00, 0x0B, 0xFC, 0x00, 0x00, 0x00,
    0x00, 0x3F, 0xE0, 0x00, 0x00, 0x00, 0x01, 0xFF, 0x40, 0x00, 0x00, 0x35, 0x6F, 0xFC, 0x00, 0x00,
    0x00, 0xFF, 0xFF, 0xD0, 0x00, 0x00, 0x03, 0xFF, 0xFD, 0x00, 0x00, 0x00, 0x0B, 0xFF, 0x80, 0x00,
    0x00, 0x1B, 0xFF, 0x40, 0x00, 0x01, 0xFF, 0xFF, 0x40, 0x00, 0x07, 0xFF, 0xFF, 0x00, 0x00, 0x1F,
    0xFE, 0x56, 0x00, 0x00, 0x3F, 0xF0, 0x00, 0x00, 0x00, 0x3F, 0xD0, 0x06, 0xFE, 0x00, 0xBF, 0xC0,
    0x2F, 0xFF, 0xD0, 0xBF, 0x80, 0x3F, 0xFF, 0xF0, 0xFF, 0x80, 0xBF, 0xDF, 0xF8, 0xFF, 0x40, 0xFF,
    0x8B, 0xFC, 0xFF, 0x40, 0xFF, 0x47, 0xFC, 0xFF, 0x40, 0xFF, 0x47, 0xFC, 0xFF, 0x80, 0xFF, 0x47,
    0xFC, 0xBF, 0xC0, 0xFF, 0x8B, 0xFC, 0xBF, 0xC0, 0x7F, 0x8F, 0xF4, 0x3F, 0xE0, 0x3F, 0xCF, 0xF0,
    0x2F, 0xF4, 0x2F, 0xFF, 0xD0, 0x0F, 0xFF, 0x5F, 0xFF, 0x80, 0x07, 0xFF, 0xFF, 0xFF, 0x55, 0x00,
    0xFF, 0xFF, 0xFF, 0xFF, 0x00, 0x1B, 0xFF, 0xBF, 0xFF, 0x00, 0x00, 0x00, 0x06, 0xFF, 0x00, 0xBF,
    0xE0, 0x00, 0x01, 0xFF, 0xF8, 0x00, 0x01, 0xFF, 0xFD, 0x00, 0x00, 0xFF, 0xD5, 0x04, 0x00, 0x7F,
    0xC0, 0x7F, 0xF4, 0x2F, 0xE0, 0x3F, 0xFF, 0x0F, 0xF8, 0x2F, 0xFF, 0xE3, 0xFD, 0x0F, 0xD1, 0xFC,
    0xFF, 0x43, 0xF0, 0x3F, 0x3F, 0xE0, 0xFC, 0x0F, 0xCB, 0xF8, 0x3F, 0x47, 0xF1, 0xFF, 0x0B, 0xF7,
    0xF8, 0x3F, 0xF5, 0xFF, 0xFC, 0x07, 0xFF, 0xFF, 0xFE, 0x50, 0x7F, 0xFF, 0xFF, 0xFC, 0x02, 0xFF,
    0xAF, 0xFF, 0x00, 0x00, 0x00, 0xBF, 0x80, 0x00, 0x06, 0xFF, 0xE4, 0x00, 0x2F, 0xFF, 0xFF, 0xC0,
    0x3F, 0xFF, 0xFF, 0xF0, 0x3F, 0xFD, 0x56, 0xF4, 0x2F, 0xF8, 0x00, 0x04, 0x0F, 0xF8, 0x00, 0x00,
    0x07, 0xFC, 0x00, 0x00, 0x02, 0xFF, 0x00, 0x00, 0x00, 0xFF, 0x80, 0x00, 0x00, 0x3F, 0xD0, 0x00,
    0x00, 0x0F, 0xF4, 0x00, 0x00, 0x03, 0xFD, 0x00, 0x00, 0x00, 0xFF, 0x80, 0x00, 0x00, 0x2F, 0xF0,
    0x00, 0x00, 0x07, 0xFC, 0x00, 0x00, 0x00, 0xFF, 0x80, 0x00, 0x00, 0x2F, 0xF8, 0x00, 0x00, 0x03,
    0xFF, 0xD5, 0x6F, 0x80, 0x7F, 0xFF, 0xFF, 0xE0, 0x03, 0xFF, 0xFF, 0xF8, 0x00, 0x1B, 0xFF, 0xE4,
    0x00, 0x00, 0x7D, 0x00, 0x00, 0x00, 0x07, 0xD0, 0x00, 0x00, 0x00, 0xFC, 0x00, 0x00, 0x00, 0x3F,
    0x00, 0x00, 0x02, 0xFF, 0xC0, 0x00, 0x00, 0xBF, 0xD0, 0x00, 0x00, 0x2F, 0xD0, 0x00, 0x00, 0x6F,
    0xFE, 0x01, 0xFF, 0xFF, 0xE1, 0xFF, 0xFF, 0xF0, 0xFF, 0xE5, 0x78, 0x7F, 0xD0, 0x00, 0x2F, 0xF0,
    0x00, 0x0F, 0xF8, 0x00, 0x03, 0xFD, 0x00, 0x00, 0xFF, 0x40, 0x00, 0x3F, 0xE0, 0x00, 0x0F, 0xFC,
    0x00, 0x01, 0xFF, 0x80, 0x01, 0x3F, 0xFE, 0xAF, 0x87, 0xFF, 0xFF, 0xE0, 0x7F, 0xFF, 0xF4, 0x01,
    0xFF, 0xE4, 0x00, 0x0F, 0x40, 0x00, 0x01, 0xF4, 0x00, 0x00, 0x3F, 0x00, 0x00, 0x0F, 0xC0, 0x00,
    0x7F, 0xF0, 0x00, 0x1F, 0xF8, 0x00, 0x07, 0xF8, 0x00, 0xFF, 0xFF, 0xFF, 0xFF, 0xFF, 0xFF, 0xFF,
    0xFF, 0xFF, 0xFF, 0xFF, 0xFF, 0x55, 0x6F, 0xF5, 0x55, 0x00, 0x1F, 0xF0, 0x00, 0x00, 0x1F, 0xF0,
    0x00, 0x00, 0x1F, 0xF0, 0x00, 0x00, 0x1F, 0xF0, 0x00, 0x00, 0x1F, 0xF0, 0x00, 0x00, 0x1F, 0xF0,
    0x00, 0x00, 0x1F, 0xF0, 0x00, 0x00, 0x1F, 0xF0, 0x00, 0x00, 0x1F, 0xF0, 0x00, 0x00, 0x1F, 0xF0,
    0x00, 0x00, 0x1F, 0xF0, 0x00, 0x00, 0x1F, 0xF0, 0x00, 0x00, 0x1F, 0xF0, 0x00, 0x00, 0x1F, 0xFF,
    0xF4, 0x00, 0x1F, 0xFF, 0xF4, 0x00, 0x1F, 0xFF, 0xF4, 0x00, 0x1F, 0xFF, 0xF4, 0x00, 0x00, 0x0F,
    0xF4, 0x00, 0x00, 0x0F, 0xF4, 0x00, 0x00, 0x0F, 0xF4, 0x00, 0x00, 0x0F, 0xF4, 0x00, 0x00, 0x0F,
    0xF4, 0x00, 0x00, 0x0F, 0xF4, 0xFF, 0xFF, 0xFF, 0xFF, 0xFF, 0xFF, 0xFF, 0xFF, 0xFF, 0xFF, 0xFF,
    0xD5, 0x5F, 0xF9, 0x55, 0x00, 0x3F, 0xD0, 0x00, 0x00, 0xFF, 0x40, 0x00, 0x03, 0xFD, 0x00, 0x00,
    0x0F, 0xF4, 0x00, 0x00, 0x3F, 0xD0, 0x00, 0x00, 0xFF, 0x40, 0x00, 0x03, 0xFD, 0x00, 0x00, 0x0F,
    0xF4, 0x00, 0x00, 0x3F, 0xD0, 0x00, 0x00, 0xFF, 0xFF, 0xD0, 0x03, 0xFF, 0xFF, 0x40, 0x0F, 0xFF,
    0xFD, 0x00, 0x00, 0x0F, 0xF4, 0x00, 0x00, 0x3F, 0xD0, 0x00, 0x00, 0xFF, 0x40, 0x00, 0x03, 0xFD,
    0x00, 0x00, 0x0F, 0xF4, 0x00, 0x00, 0x3F, 0xD0, 0xBF, 0xC0, 0x00, 0x3F, 0xF0, 0xFF, 0x80, 0x01,
    0xFF, 0x82, 0xFF, 0x00, 0x0F, 0xFC, 0x03, 0xFE, 0x00, 0x7F, 0xD0, 0x0B, 0xFC, 0x03, 0xFF, 0x00,
    0x0F, 0xF8, 0x0F, 0xF4, 0x00, 0x1F, 0xF0, 0xBF, 0xC0, 0x00, 0x3F, 0xE3, 0xFD, 0x00, 0x00, 0x7F,
    0xFF, 0xF0, 0x00, 0x00, 0xFF, 0xFF, 0x00, 0x00, 0x01, 0xFF, 0xF8, 0x00, 0x00, 0x03, 0xFF, 0xC0,
    0x00, 0x00, 0x07, 0xFE, 0x00, 0x00, 0x00, 0x0F, 0xF4, 0x00, 0x00, 0x00, 0x3F, 0xD0, 0x00, 0x00,
    0x00, 0xFF, 0x40, 0x00, 0x00, 0x03, 0xFD, 0x00, 0x00, 0x00, 0x0F, 0xF4, 0x00, 0x00, 0x00, 0x3F,
    0xD0, 0x00, 0x00, 0x00, 0xFF, 0x40, 0x00, 0x00, 0x03, 0xFD, 0x00, 0x00, 0x3F, 0xF0, 0x00, 0x7F,
    0xD2, 0xFF, 0x00, 0x0B, 0xFC, 0x0F, 0xF4, 0x00, 0xFF, 0x80, 0xFF, 0xC0, 0x1F, 0xF4, 0x07, 0xFC,
    0x02, 0xFF, 0x00, 0x3F, 0xE0, 0x3F, 0xD0, 0x02, 0xFF, 0x07, 0xFC, 0x00, 0x1F, 0xF0, 0xFF, 0x80,
    0x00, 0xFF, 0x8F, 0xF4, 0x00, 0x0B, 0xFD, 0xFF, 0x00, 0x00, 0x3F, 0xEF, 0xE0, 0x00, 0x02, 0xFF,
    0xFC, 0x00, 0x00, 0x1F, 0xFF, 0xC0, 0x00, 0x00, 0xFF, 0xF4, 0x00, 0x00, 0x0B, 0xFF, 0x00, 0x00,
    0x00, 0x3F, 0xE0, 0x00, 0x00, 0x03, 0xFD, 0x00, 0x00, 0x00, 0x3F, 0xD0, 0x00, 0x00, 0x03, 0xFD,
    0x00, 0x00, 0x00, 0x3F, 0xD0, 0x00, 0x00, 0x03, 0xFD, 0x00, 0x00, 0x00, 0x3F, 0xD0, 0x00, 0x00,
    0x03, 0xFD, 0x00, 0x00, 0x3F, 0xE0, 0x00, 0x0F, 0xFC, 0x2F, 0xF0, 0x00, 0x1F, 0xF8, 0x0F, 0xF8,
    0x00, 0x3F, 0xF0, 0x0B, 0xFC, 0x00, 0x7F, 0xD0, 0x03, 0xFE, 0x00, 0xFF, 0xC0, 0x01, 0xFF, 0x01,
    0xFF, 0x40, 0x00, 0xFF, 0x83, 0xFE, 0x00, 0x00, 0x7F, 0xC7, 0xFC, 0x00, 0x00, 0x3F, 0xEF, 0xF8,
    0x00, 0x00, 0x1F, 0xFF, 0xF0, 0x00, 0x00, 0x0F, 0xFF, 0xD0, 0x00, 0x00, 0x07, 0xFF, 0xC0, 0x00,
    0x00, 0x03, 0xFF, 0x40, 0x00, 0x01, 0x56, 0xFF, 0x55, 0x40, 0x03, 0xFF, 0xFF, 0xFF, 0xC0, 0x03,
    0xFF, 0xFF, 0xFF, 0xC0, 0x03, 0xFF, 0xFF, 0xFF, 0xC0, 0x00, 0x01, 0xFF, 0x00, 0x00, 0x00, 0x01,
    0xFF, 0x00, 0x00, 0x00, 0x01, 0xFF, 0x00, 0x00, 0x00, 0x01, 0xFF, 0x00, 0x00, 0x3F, 0xF0, 0x00,
    0x3F, 0xF0, 0x7F, 0xC0, 0x02, 0xFF, 0x40, 0xFF, 0x80, 0x0F, 0xFC, 0x02, 0xFF, 0x00, 0x7F, 0xE0,
    0x07, 0xFC, 0x02, 0xFF, 0x00, 0x0F, 0xF8, 0x0F, 0xFC, 0x00, 0x2F, 0xF0, 0x7F, 0xD0, 0x00, 0x3F,
    0xC2, 0xFF, 0x00, 0x00, 0xFF, 0x8F, 0xF8, 0x00, 0x01, 0xFF, 0x7F, 0xC0, 0x00, 0x03, 0xFE, 0xFE,
    0x00, 0x00, 0x0B, 0xFF, 0xF4, 0x00, 0x00, 0x1F, 0xFF, 0xC0, 0x00, 0x00, 0x3F, 0xFD, 0x00, 0x00,
    0x00, 0xBF, 0xF0, 0x00, 0x00, 0x00, 0xFF, 0x80, 0x00, 0x03, 0xFF, 0xFF, 0xFF, 0x00, 0x0F, 0xFF,
    0xFF, 0xFC, 0x00, 0x3F, 0xFF, 0xFF, 0xF0, 0x00, 0x55, 0xFF, 0x95, 0x40, 0x00, 0x03, 0xFD, 0x00,
    0x00, 0x00, 0x0F, 0xF4, 0x00, 0x00, 0x00, 0x3F, 0xD0, 0x00, 0x00, 0x3F, 0xF0, 0x00, 0x0F, 0xFC,
    0x01, 0xFF, 0x40, 0x02, 0xFF, 0x40, 0x0F, 0xFC, 0x00, 0x3F, 0xE0, 0x00, 0x3F, 0xE0, 0x0B, 0xFC,
    0x00, 0x02, 0xFF, 0x01, 0xFF, 0x40, 0x00, 0x0F, 0xFC, 0x3F, 0xE0, 0x00, 0x00, 0x3F, 0xD7, 0xFC,
    0x00, 0x00, 0x02, 0xFF, 0xFF, 0x40, 0x00, 0x00, 0x0F, 0xFF, 0xF0, 0x00, 0x00, 0x00, 0x7F, 0xFC,
    0x00, 0x00, 0x00, 0x03, 0xFF, 0xC0, 0x00, 0x00, 0x00, 0xFF, 0xFD, 0x00, 0x00, 0x00, 0x1F, 0xFF,
    0xF0, 0x00, 0x00, 0x03, 0xFD, 0xFF, 0x80, 0x00, 0x00, 0xBF, 0xC7, 0xFD, 0x00, 0x00, 0x1F, 0xF0,
    0x2F, 0xF0, 0x00, 0x03, 0xFE, 0x00, 0xFF, 0xC0, 0x00, 0xBF, 0xC0, 0x0B, 0xFF, 0xFD, 0x1F, 0xF4,
    0x00, 0x3F, 0xFF, 0xD3, 0xFF, 0x00, 0x01, 0xFF, 0xFD, 0xBF, 0xC0, 0x00, 0x0B, 0xFF, 0xD0, 0x00,
    0x00, 0x00, 0x03, 0xFD, 0x00, 0x00, 0x00, 0x00, 0x3F, 0xD0, 0x00, 0x00, 0x00, 0x03, 0xFD, 0x00,
    0x00, 0x00, 0x00, 0x3F, 0xD0, 0x00, 0x00, 0x00, 0x03, 0xFD, 0x00, 0x00, 0x00, 0x00, 0x3F, 0xD0,
    0x7F, 0xE0, 0x03, 0xFF, 0x40, 0xBF, 0xD0, 0x1F, 0xFC, 0x00, 0xFF, 0xC0, 0xFF, 0xC0, 0x01, 0xFF,
    0x4B, 0xFD, 0x00, 0x03, 0xFF, 0x3F, 0xF0, 0x00, 0x03, 0xFF, 0xFF, 0x00, 0x00, 0x0B, 0xFF, 0xF4,
    0x00, 0x00, 0x0F, 0xFF, 0x80, 0x00, 0x00, 0x3F, 0xFE, 0x00, 0x00, 0x01, 0xFF, 0xFD, 0x00, 0x00,
    0x0F, 0xFF, 0xFC, 0x00, 0x00, 0xFF, 0xDF, 0xF8, 0x00, 0x0B, 0xFD, 0x1F, 0xF4, 0x00, 0x3F, 0xE0,
    0x3F, 0xFF, 0xD3, 0xFF, 0x00, 0x3F, 0xFF, 0x6F, 0xF4, 0x00, 0xBF, 0xFD, 0x00, 0x00, 0x00, 0x0F,
    0xF4, 0x00, 0x00, 0x00, 0x3F, 0xD0, 0x00, 0x00, 0x00, 0xFF, 0x40, 0x00, 0x00, 0x03, 0xFD, 0x00,
    0x00, 0x00, 0x0F, 0xF4, 0x00, 0x00, 0x00, 0x3F, 0xD0, 0xFF, 0xFF, 0xFF, 0xFC, 0x1F, 0xF0, 0x0F,
    0xFF, 0xFF, 0xFF, 0xC1, 0xFF, 0x00, 0xFF, 0xFF, 0xFF, 0xFC, 0x1F, 0xF0, 0x05, 0x57, 0xFE, 0x55,
    0x41, 0xFF, 0x00, 0x00, 0x3F, 0xD0, 0x00, 0x1F, 0xF0, 0x00, 0x03, 0xFD, 0x00, 0x01, 0xFF, 0x00,
    0x00, 0x3F, 0xD0, 0x00, 0x1F, 0xF0, 0x00, 0x03, 0xFD, 0x00, 0x01, 0xFF, 0x00, 0x00, 0x3F, 0xD0,
    0x00, 0x1F, 0xF0, 0x00, 0x03, 0xFD, 0x00, 0x01, 0xFF, 0x00, 0x00, 0x3F, 0xD0, 0x00, 0x1F, 0xF0,
    0x00, 0x03, 0xFD, 0x00, 0x01, 0xFF, 0x00, 0x00, 0x3F, 0xD0, 0x00, 0x1F, 0xF0, 0x00, 0x03, 0xFD,
    0x00, 0x01, 0xFF, 0x00, 0x00, 0x3F, 0xD0, 0x00, 0x1F, 0xF0, 0x00, 0x03, 0xFD, 0x00, 0x01, 0xFF,
    0x00, 0x00, 0x3F, 0xD0, 0x00, 0x1F, 0xF0, 0x00, 0x03, 0xFE, 0x55, 0x56, 0xFF, 0x55, 0x00, 0x3F,
    0xFF, 0xFF, 0xFF, 0xFF, 0xF0, 0x03, 0xFF, 0xFF, 0xFF, 0xFF, 0xFF, 0x00, 0x3F, 0xFF, 0xFF, 0xFF,
    0xFF, 0xF0, 0x00, 0x00, 0x00, 0x00, 0x00, 0xFF, 0x00, 0x00, 0x00, 0x00, 0x00, 0x0F, 0xF0, 0x00,
    0x00, 0x00, 0x00, 0x00, 0xFF, 0x00, 0x00, 0x00, 0x00, 0x00, 0x0F, 0xF0, 0x00, 0x00, 0x00, 0x00,
    0x00, 0xFF, 0x00, 0x00, 0x00, 0x00, 0x00, 0x0F, 0xF0, 0x00, 0x00, 0x00, 0x00, 0x00, 0xAA, 0xFF,
    0xFF, 0xFF, 0x1F, 0xF0, 0x03, 0xFF, 0xFF, 0xFC, 0x7F, 0xC0, 0x0F, 0xFF, 0xFF, 0xF1, 0xFF, 0x00,
    0x15, 0xBF, 0xD5, 0x47, 0xFC, 0x00, 0x01, 0xFF, 0x00, 0x1F, 0xF0, 0x00, 0x07, 0xFC, 0x00, 0x7F,
    0xC0, 0x00, 0x1F, 0xF0, 0x01, 0xFF, 0x00, 0x00, 0x7F, 0xC0, 0x07, 0xFC, 0x00, 0x01, 0xFF, 0x00,
    0x1F, 0xF0, 0x00, 0x07, 0xFC, 0x00, 0x7F, 0xC0, 0x00, 0x1F, 0xF0, 0x01, 0xFF, 0x00, 0x00, 0x7F,
    0xC0, 0x07, 0xFC, 0x00, 0x01, 0xFF, 0x55, 0x6F, 0xF5, 0x50, 0x07, 0xFF, 0xFF, 0xFF, 0xFF, 0xD0,
    0x1F, 0xFF, 0xFF, 0xFF, 0xFF, 0x40, 0x7F, 0xFF, 0xFF, 0xFF, 0xFD, 0x00, 0x00, 0x00, 0x00, 0x0F,
    0xF4, 0x00, 0x00, 0x00, 0x00, 0x3F, 0xD0, 0x00, 0x00, 0x00, 0x00, 0xFF, 0x40, 0x00, 0x00, 0x00,
    0x03, 0xFD, 0x00, 0x00, 0x00, 0x00, 0x0F, 0xF4, 0x00, 0x00, 0x00, 0x00, 0x2A, 0x90, 0xFF, 0x40,
    0x00, 0x7F, 0xC0, 0x0F, 0xF4, 0x00, 0x07, 0xFC, 0x00, 0xFF, 0x40, 0x00, 0x7F, 0xC0, 0x0F, 0xF4,
    0x00, 0x07, 0xFC, 0x00, 0xFF, 0x40, 0x00, 0x7F, 0xC0, 0x0F, 0xF4, 0x00, 0x07, 0xFC, 0x00, 0xFF,
    0x40, 0x00, 0x7F, 0xC0, 0x0F, 0xF4, 0x00, 0x07, 0xFC, 0x00, 0xFF, 0x40, 0x00, 0x7F, 0xC0, 0x0F,
    0xF8, 0x00, 0x07, 0xFC, 0x00, 0xFF, 0xE0, 0x06, 0xFF, 0xC0, 0x07, 0xFF, 0xFF, 0xFF, 0xFC, 0x00,
    0x2F, 0xFF, 0xFF, 0xFF, 0xC0, 0x00, 0x7F, 0xFF, 0x9B, 0xFC, 0x00, 0x00, 0x14, 0x00, 0x7F, 0xC0,
    0x00, 0x00, 0x00, 0x07, 0xFC, 0x00, 0x00, 0x00, 0x00, 0x7F, 0xC0, 0x00, 0x00, 0x00, 0x07, 0xFF,
    0xFD, 0x00, 0x00, 0x00, 0x7F, 0xFF, 0xD0, 0x00, 0x00, 0x07, 0xFF, 0xFD, 0x00, 0x00, 0x00, 0x7F,
    0xFF, 0xD0, 0x00, 0x00, 0x00, 0x03, 0xFD, 0x00, 0x00, 0x00, 0x00, 0x3F, 0xD0, 0x00, 0x00, 0x00,
    0x03, 0xFD, 0x00, 0x00, 0x00, 0x00, 0x3F, 0xD0, 0x00, 0x00, 0x00, 0x03, 0xFD, 0x00, 0x00, 0x00,
    0x00, 0x3F, 0xD0, 0xFF, 0x40, 0x07, 0xFC, 0x00, 0xFF, 0x40, 0x07, 0xFC, 0x00, 0xFF, 0x40, 0x07,
    0xFC, 0x00, 0xFF, 0x40, 0x07, 0xFC, 0x00, 0xFF, 0x40, 0x07, 0xFC, 0x00, 0xFF, 0x40, 0x07, 0xFC,
    0x00, 0xFF, 0x80, 0x07, 0xFC, 0x00, 0xFF, 0xC0, 0x6F, 0xFC, 0x00, 0xBF, 0xFF, 0xFF, 0xFC, 0x00,
    0x3F, 0xFF, 0xFF, 0xFC, 0x00, 0x0B, 0xFF, 0x97, 0xFC, 0x00, 0x00, 0x10, 0x07, 0xFC, 0x00, 0x00,
    0x00, 0x07, 0xFC, 0x00, 0x00, 0x00, 0x07, 0xFF, 0xFD, 0x00, 0x00, 0x07, 0xFF, 0xFD, 0x00, 0x00,
    0x07, 0xFF, 0xFD, 0x00, 0x00, 0x00, 0x03, 0xFD, 0x00, 0x00, 0x00, 0x03, 0xFD, 0x00, 0x00, 0x00,
    0x03, 0xFD, 0x00, 0x00, 0x00, 0x03, 0xFD, 0x00, 0x00, 0x00, 0x03, 0xFD, 0x00, 0x00, 0x00, 0x03,
    0xFD, 0xFF, 0x40, 0x00, 0x7F, 0xFF, 0xD0, 0x00, 0x1F, 0xFF, 0xF4, 0x00, 0x07, 0xFF, 0xFD, 0x00,
    0x01, 0xFF, 0xFF, 0x40, 0x00, 0x7F, 0xFF, 0xD0, 0x00, 0x1F, 0xFF, 0xF4, 0x0F, 0x07, 0xFF, 0xFD,
    0x03, 0xC1, 0xFF, 0xFF, 0x80, 0xF0, 0x7F, 0xFF, 0xF0, 0x3C, 0x1F, 0xFF, 0xFE, 0x0F, 0x6F, 0xFD,
    0xFF, 0xFF, 0xFF, 0xFF, 0x2F, 0xFF, 0xFF, 0xFF, 0xC0, 0xBF, 0xFF, 0xAF, 0xF0, 0x00, 0x1F, 0x07,
    0xFC, 0x00, 0x03, 0xC1, 0xFF, 0x00, 0x00, 0xF0, 0x7F, 0xC0, 0x00, 0x3C, 0x1F, 0xF0, 0x00, 0x0F,
    0x07, 0xFC, 0x00, 0x00, 0x01, 0xFF, 0x00, 0x00, 0x00, 0x7F, 0xC0, 0xFF, 0x40, 0x03, 0xFD, 0xFF,
    0x40, 0x03, 0xFD, 0xFF, 0x40, 0x03, 0xFD, 0xFF, 0x40, 0x03, 0xFD, 0xFF, 0x43, 0xC3, 0xFD, 0xFF,
    0x43, 0xC3, 0xFD, 0xFF, 0x83, 0xC3, 0xFD, 0xFF, 0xD3, 0xDF, 0xFD, 0xBF, 0xFF, 0xFF, 0xFD, 0x3F,
    0xFF, 0xFF, 0xFD, 0x0B, 0xFF, 0xE3, 0xFD, 0x00, 0x17, 0xC3, 0xFD, 0x00, 0x03, 0xC3, 0xFD, 0x00,
    0x03, 0xC3, 0xFD, 0x00, 0x00, 0x03, 0xFD, 0x00, 0x00, 0x03, 0xFD, 0xFF, 0x40, 0x00, 0x00, 0x3F,
    0xD0, 0x00, 0x00, 0x0F, 0xF4, 0x00, 0x00, 0x03, 0xFD, 0x00, 0x00, 0x00, 0xFF, 0x40, 0x00, 0x00,
    0x3F, 0xD0, 0x00, 0x00, 0x0F, 0xF4, 0x00, 0x00, 0x03, 0xFD, 0x1B, 0xFF, 0x80, 0xFF, 0xFF, 0xFF,
    0xFD, 0x3F, 0xFF, 0xFF, 0xFF, 0xDF, 0xFF, 0x95, 0x7F, 0xFB, 0xFE, 0x00, 0x03, 0xFF, 0xFF, 0x40,
    0x00, 0xBF, 0xFF, 0xD0, 0x00, 0x1F, 0xFF, 0xF4, 0x00, 0x07, 0xFF, 0xFD, 0x00, 0x01, 0xFF, 0xFF,
    0x40, 0x00, 0x7F, 0xFF, 0xD0, 0x00, 0x1F, 0xFF, 0xF4, 0x00, 0x07, 0xFF, 0xFD, 0x00, 0x01, 0xFF,
    0xFF, 0x40, 0x00, 0x7F, 0xC0, 0xFF, 0x40, 0x00, 0x03, 0xFD, 0x00, 0x00, 0x0F, 0xF4, 0x00, 0x00,
    0x3F, 0xD0, 0x00, 0x00, 0xFF, 0x40, 0x00, 0x03, 0xFD, 0x00, 0x00, 0x0F, 0xF4, 0x7F, 0xE4, 0x3F,
    0xDF, 0xFF, 0xF4, 0xFF, 0xFF, 0xFF, 0xF7, 0xFF, 0xE5, 0xBF, 0xEF, 0xFD, 0x00, 0xFF, 0xFF, 0xF0,
    0x02, 0xFF, 0xFF, 0x80, 0x07, 0xFF, 0xFD, 0x00, 0x1F, 0xFF, 0xF4, 0x00, 0x7F, 0xFF, 0xD0, 0x01,
    0xFF, 0xFF, 0x40, 0x07, 0xFF, 0xFD, 0x00, 0x1F, 0xFF, 0xF4, 0x00, 0x7F, 0xFF, 0xD0, 0x01, 0xFF,
    0xFF, 0x40, 0x07, 0xFF, 0xFD, 0x00, 0x1F, 0xF0, 0x00, 0x00, 0x01, 0xBF, 0xF9, 0x00, 0x00, 0x00,
    0x00, 0xFF, 0xFF, 0xFD, 0x00, 0x00, 0x00, 0x7F, 0xFF, 0xFF, 0xF8, 0x00, 0x00, 0x0F, 0xFE, 0x55,
    0xFF, 0xE0, 0x00, 0x02, 0xFF, 0x40, 0x01, 0xFF, 0x07, 0xF0, 0x3F, 0xD0, 0x00, 0x0B, 0xF8, 0xFF,
    0x0B, 0xFC, 0x00, 0x00, 0x7F, 0xCF, 0xF0, 0xFF, 0x80, 0x00, 0x03, 0xFC, 0xFF, 0x9F, 0xF9, 0x55,
    0x55, 0x7F, 0xDF, 0xFF, 0xFF, 0xFF, 0xFF, 0xFF, 0xFD, 0x3F, 0xFF, 0xFF, 0xFF, 0xFF, 0xFF, 0xD0,
    0xBF, 0xFF, 0xFF, 0xFF, 0xFF, 0xFD, 0x00, 0x0F, 0xF4, 0x00, 0x00, 0x00, 0x00, 0x00, 0xFF, 0x80,
    0x00, 0x00, 0x00, 0x00, 0x0B, 0xFC, 0x00, 0x00, 0x00, 0x00, 0x00, 0x7F, 0xD0, 0x00, 0x00, 0x00,
    0x00, 0x03, 0xFF, 0x40, 0x00, 0x1B, 0x40, 0x00, 0x0F, 0xFF, 0x55, 0x6F, 0xF4, 0x00, 0x00, 0x3F,
    0xFF, 0xFF, 0xFF, 0x40, 0x00, 0x00, 0xBF, 0xFF, 0xFF, 0xE0, 0x00, 0x00, 0x00, 0xBF, 0xFF, 0x90,
    0x00, 0x00, 0x00, 0x6F, 0xF9, 0x00, 0x00, 0x03, 0xFF, 0xFF, 0xC0, 0x00, 0x0F, 0xFF, 0xFF, 0xF0,
    0x00, 0x2F, 0xF9, 0x6F, 0xF8, 0xBC, 0x3F, 0xD0, 0x07, 0xFC, 0xFC, 0x7F, 0xC0, 0x03, 0xFD, 0xFF,
    0xFF, 0xFF, 0xFF, 0xFD, 0xBF, 0xFF, 0xFF, 0xFF, 0xFD, 0x2F, 0xFF, 0xFF, 0xFF, 0xFD, 0x00, 0x7F,
    0xC0, 0x00, 0x00, 0x00, 0x7F, 0xC0, 0x00, 0x00, 0x00, 0x3F, 0xF0, 0x00, 0x00, 0x00, 0x1F, 0xFD,
    0x56, 0xB4, 0x00, 0x0B, 0xFF, 0xFF, 0xF4, 0x00, 0x02, 0xFF, 0xFF, 0xF4, 0x00, 0x00, 0x2F, 0xFF,
    0x90, 0x00, 0x00, 0x01, 0xBF, 0xF9, 0x00, 0x00, 0x00, 0x01, 0xFF, 0xFF, 0xFE, 0x00, 0x00, 0x00,
    0xBF, 0xFF, 0xFF, 0xFC, 0x00, 0x00, 0x1F, 0xFE, 0x55, 0xBF, 0xE0, 0x00, 0x03, 0xFF, 0x00, 0x01,
    0xFF, 0x47, 0xF0, 0x7F, 0xC0, 0x00, 0x0B, 0xF8, 0xFF, 0x0F, 0xF8, 0x00, 0x00, 0x3F, 0xCF, 0xF4,
    0xFF, 0x40, 0x00, 0x03, 0xFC, 0xFF, 0xFF, 0xFF, 0xFF, 0xFF, 0xFF, 0xDB, 0xFF, 0xFF, 0xFF, 0xFF,
    0xFF, 0xFD, 0x2F, 0xFF, 0xFF, 0xFF, 0xFF, 0xFF, 0xD0, 0x05, 0xFF, 0x55, 0x55, 0x55, 0x54, 0x00,
    0x0F, 0xF4, 0x00, 0x00, 0x00, 0x00, 0x00, 0xFF, 0x80, 0x00, 0x00, 0x00, 0x00, 0x0B, 0xFC, 0x00,
    0x00, 0x00, 0x00, 0x00, 0x3F, 0xF0, 0x00, 0x00, 0x74, 0x00, 0x02, 0xFF, 0xD0, 0x01, 0xBF, 0x40,
    0x00, 0x0B, 0xFF, 0xFF, 0xFF, 0xF4, 0x00, 0x00, 0x2F, 0xFF, 0xFF, 0xFF, 0x40, 0x00, 0x00, 0x7F,
    0xFF, 0xFF, 0x40, 0x00, 0x00, 0x00, 0x2F, 0xF5, 0x00, 0x00, 0x00, 0x00, 0x01, 0xFF, 0x00, 0x00,
    0x00, 0x00, 0x00, 0x1F, 0xF0, 0x00, 0x00, 0x00, 0x00, 0x01, 0xFF, 0x00, 0x00, 0x00, 0x00, 0x00,
    0x1F, 0xF0, 0x00, 0x00, 0x00, 0x00, 0x01, 0xFF, 0x00, 0x00, 0x00, 0x00, 0x2F, 0xF9, 0x00, 0x00,
    0x02, 0xFF, 0xFF, 0xC0, 0x00, 0x0B, 0xFF, 0xFF, 0xF0, 0x00, 0x1F, 0xF9, 0x6F, 0xF8, 0xBC, 0x3F,
    0xD0, 0x0B, 0xFC, 0xFC, 0x3F, 0xC0, 0x03, 0xFC, 0xFD, 0x7F, 0xC0, 0x03, 0xFD, 0xFF, 0xFF, 0xFF,
    0xFF, 0xFD, 0x7F, 0xFF, 0xFF, 0xFF, 0xFD, 0x1B, 0xFF, 0xFF, 0xFF, 0xFD, 0x00, 0x7F, 0xC0, 0x00,
    0x00, 0x00, 0x7F, 0xD0, 0x00, 0x00, 0x00, 0x3F, 0xF4, 0x00, 0x64, 0x00, 0x1F, 0xFF, 0xFF, 0xF4,
    0x00, 0x07, 0xFF, 0xFF, 0xF4, 0x00, 0x00, 0xBF, 0xFF, 0xE0, 0x00, 0x00, 0x0F, 0xF8, 0x00, 0x00,
    0x00, 0x0F, 0xF4, 0x00, 0x00, 0x00, 0x0F, 0xF4, 0x00, 0x00, 0x00, 0x0F, 0xF4, 0x00, 0x00, 0x00,
    0x0F, 0xF4, 0x00, 0x00, 0x00, 0x0F, 0xF4, 0x00, 0xFF, 0xFF, 0xFF, 0xFF, 0xFF, 0xFF, 0xFC, 0x3F,
    0xF4, 0x07, 0xFC, 0x01, 0xFF, 0x00, 0x7F, 0xC0, 0x1F, 0xF0, 0x07, 0xFC, 0x01, 0xFF, 0x00, 0x7F,
    0xC0, 0x1F, 0xF0, 0x07, 0xFC, 0x01, 0xFF, 0x00, 0x7F, 0xC0, 0x1F, 0xF0, 0x07, 0xFC, 0x03, 0xFF,
    0x4F, 0xFF, 0xFF, 0xFF, 0xFF, 0xFF, 0xFF, 0xC0, 0x00, 0x00, 0x3F, 0x80, 0x7F, 0x40, 0x00, 0x00,
    0x00, 0x0F, 0xF4, 0x3F, 0xC0, 0x00, 0x00, 0x00, 0x01, 0xFF, 0xFF, 0xD0, 0x00, 0x00, 0x00, 0x00,
    0x1F, 0xFF, 0xD0, 0x00, 0x00, 0x00, 0x00, 0x00, 0x15, 0x40, 0x00, 0x00, 0x00, 0x00, 0x00, 0x00,
    0x00, 0x00, 0x00, 0x03, 0xFE, 0x00, 0x0F, 0xF4, 0x00, 0x3F, 0xD0, 0x7F, 0xC0, 0x03, 0xFD, 0x00,
    0x2F, 0xF0, 0x0B, 0xFC, 0x00, 0xFF, 0x40, 0x1F, 0xF0, 0x00, 0xFF, 0x40, 0x3F, 0xD0, 0x0F, 0xF8,
    0x00, 0x1F, 0xF0, 0x0F, 0xF4, 0x0B, 0xFC, 0x00, 0x03, 0xFE, 0x03, 0xFD, 0x03, 0xFD, 0x00, 0x00,
    0x3F, 0xD0, 0xFF, 0x42, 0xFE, 0x00, 0x00, 0x0B, 0xFC, 0x3F, 0xD1, 0xFF, 0x00, 0x00, 0x00, 0xFF,
    0x9F, 0xF9, 0xFF, 0x40, 0x00, 0x00, 0x1F, 0xFF, 0xFF, 0xFF, 0x80, 0x00, 0x00, 0x03, 0xFF, 0xFF,
    0xFF, 0xE0, 0x00, 0x00, 0x02, 0xFF, 0xFF, 0xFF, 0xFC, 0x00, 0x00, 0x01, 0xFF, 0x4F, 0xF4, 0xFF,
    0xC0, 0x00, 0x00, 0xFF, 0xC3, 0xFD, 0x0F, 0xF4, 0x00, 0x00, 0xBF, 0xC0, 0xFF, 0x42, 0xFF, 0x00,
    0x00, 0x7F, 0xE0, 0x3F, 0xD0, 0x3F, 0xF0, 0x00, 0x3F, 0xF0, 0x0F, 0xF4, 0x07, 0xFD, 0x00, 0x2F,
    0xF4, 0x03, 0xFD, 0x00, 0xFF, 0xC0, 0x1F, 0xF8, 0x00, 0xFF, 0x40, 0x0F, 0xFC, 0x0F, 0xFC, 0x00,
    0x3F, 0xD0, 0x02, 0xFF, 0x4B, 0xFD, 0x00, 0x0F, 0xF4, 0x00, 0x3F, 0xF0, 0x00, 0x02, 0xFD, 0x03,
    0xF8, 0x00, 0x00, 0x00, 0x1F, 0xF0, 0x7F, 0x40, 0x00, 0x00, 0x00, 0xFF, 0xFF, 0xF0, 0x00, 0x00,
    0x00, 0x03, 0xFF, 0xF8, 0x00, 0x00, 0x00, 0x00, 0x01, 0xA4, 0x00, 0x00, 0x00, 0x00, 0x00, 0x00,
    0x00, 0x00, 0x00, 0x2F, 0xE0, 0x03, 0xFD, 0x00, 0xBF, 0x80, 0xFF, 0x40, 0x3F, 0xD0, 0x1F, 0xF0,
    0x07, 0xFC, 0x03, 0xFD, 0x03, 0xFD, 0x00, 0x2F, 0xF0, 0x3F, 0xD0, 0xBF, 0x80, 0x00, 0xFF, 0x83,
    0xFD, 0x1F, 0xF0, 0x00, 0x07, 0xFD, 0x3F, 0xD3, 0xFD, 0x00, 0x00, 0x2F, 0xFF, 0xFF, 0xFF, 0x80,
    0x00, 0x00, 0xFF, 0xFF, 0xFF, 0xF0, 0x00, 0x00, 0x2F, 0xFF, 0xFF, 0xFF, 0x80, 0x00, 0x07, 0xFE,
    0x7F, 0xE7, 0xFD, 0x00, 0x00, 0xFF, 0xC3, 0xFD, 0x2F, 0xF0, 0x00, 0x2F, 0xF4, 0x3F, 0xD0, 0xFF,
    0x80, 0x07, 0xFE, 0x03, 0xFD, 0x07, 0xFD, 0x00, 0xFF, 0xC0, 0x3F, 0xD0, 0x3F, 0xF0, 0x2F, 0xF4,
    0x03, 0xFD, 0x00, 0xFF, 0x87, 0xFE, 0x00, 0x3F, 0xD0, 0x0B, 0xFD, 0xFF, 0x40, 0x01, 0xFF, 0x4F,
    0xF4, 0x00, 0x3F, 0xE0, 0xFF, 0x40, 0x0F, 0xFC, 0x0F, 0xF4, 0x02, 0xFF, 0x00, 0xFF, 0x40, 0xBF,
    0xC0, 0x0F, 0xF4, 0x1F, 0xF4, 0x00, 0xFF, 0x43, 0xFD, 0x00, 0x0F, 0xF4, 0xFF, 0x80, 0x00, 0xFF,
    0x5F, 0xF0, 0x00, 0x0F, 0xFB, 0xFC, 0x00, 0x00, 0xFF, 0xFF, 0xFF, 0x80, 0x0F, 0xFF, 0xFF, 0xFF,
    0x80, 0xFF, 0xFF, 0xFF, 0xFF, 0x0F, 0xFD, 0x56, 0xFF, 0xF8, 0xFF, 0x40, 0x01, 0xFF, 0xCF, 0xF4,
    0x00, 0x07, 0xFE, 0xFF, 0x40, 0x00, 0x3F, 0xFF, 0xF4, 0x00, 0x02, 0xFF, 0xFF, 0x40, 0x00, 0x1F,
    0xFF, 0xF4, 0x00, 0x01, 0xFF, 0xFF, 0x40, 0x00, 0x2F, 0xF0, 0x00, 0x00, 0x02, 0xFE, 0x00, 0x00,
    0x00, 0x3F, 0xD0, 0x00, 0x00, 0x0F, 0xFC, 0x00, 0x0D, 0x57, 0xFF, 0x80, 0x01, 0xFF, 0xFF, 0xF0,
    0x00, 0x1F, 0xFF, 0xF8, 0x00, 0x00, 0xBF, 0xF9, 0x00, 0xFF, 0x40, 0x1F, 0xFC, 0xFF, 0x40, 0x3F,
    0xF0, 0xFF, 0x40, 0xFF, 0xC0, 0xFF, 0x42, 0xFF, 0x00, 0xFF, 0x4B, 0xFC, 0x00, 0xFF, 0x5F, 0xF0,
    0x00, 0xFF, 0xBF, 0xD0, 0x00, 0xFF, 0xFF, 0xE8, 0x00, 0xFF, 0xFF, 0xFF, 0x80, 0xFF, 0xFF, 0xFF,
    0xF0, 0xFF, 0xE5, 0xBF, 0xF4, 0xFF, 0x40, 0x1F, 0xFC, 0xFF, 0x40, 0x0B, 0xFC, 0xFF, 0x40, 0x03,
    0xFD, 0xFF, 0x40, 0x03, 0xFD, 0xFF, 0x40, 0x03, 0xFD, 0x00, 0x00, 0x03, 0xFD, 0x00, 0x00, 0x07,
    0xFC, 0x00, 0x00, 0x0F, 0xFC, 0x00, 0x25, 0x7F, 0xF4, 0x00, 0x3F, 0xFF, 0xF0, 0x00, 0x3F, 0xFF,
    0x80, 0x00, 0x1F, 0xF9, 0x00, 0x00, 0x0F, 0xFF, 0xFF, 0xFD, 0x00, 0x00, 0x03, 0xFF, 0xFF, 0xFF,
    0x40, 0x00, 0x00, 0xFF, 0xFF, 0xFF, 0xD0, 0x00, 0x00, 0x3F, 0xD5, 0x5F, 0xF4, 0x00, 0x00, 0x1F,
    0xE0, 0x03, 0xFD, 0x00, 0x00, 0x07, 0xF8, 0x00, 0xFF, 0x40, 0x00, 0x02, 0xFE, 0x00, 0x3F, 0xD0,
    0x00, 0x00, 0xFF, 0x40, 0x0F, 0xF4, 0x00, 0x00, 0x3F, 0xD0, 0x03, 0xFD, 0x00, 0x00, 0x0F, 0xF0,
    0x00, 0xFF, 0x40, 0x00, 0x03, 0xFC, 0x00, 0x3F, 0xD0, 0x00, 0x01, 0xFF, 0x00, 0x0F, 0xF4, 0x00,
    0x00, 0xBF, 0x80, 0x03, 0xFD, 0x00, 0x00, 0x2F, 0xE0, 0x00, 0xFF, 0x40, 0x00, 0x0F, 0xF4, 0x00,
    0x3F, 0xD0, 0x00, 0x03, 0xFC, 0x00, 0x0F, 0xF4, 0x00, 0x01, 0xFF, 0x00, 0x03, 0xFD, 0x00, 0x15,
    0xFF, 0x80, 0x00, 0xFF, 0xFF, 0xCB, 0xFF, 0xC0, 0x00, 0x3F, 0xFF, 0xF2, 0xFF, 0xD0, 0x00, 0x0F,
    0xFF, 0xF8, 0x7F, 0x90, 0x00, 0x03, 0xFF, 0xFD, 0x00, 0x00, 0x00, 0x00, 0x00, 0xFF, 0x00, 0x00,
    0x00, 0x00, 0x00, 0x3F, 0xC0, 0x00, 0x00, 0x00, 0x00, 0x2F, 0xE0, 0x00, 0x00, 0x00, 0x00, 0x0F,
    0xF4, 0x00, 0x00, 0x00, 0x00, 0x0B, 0xFC, 0x00, 0x00, 0x00, 0x00, 0x03, 0xFF, 0x00, 0x00, 0xBF,
    0xFF, 0xFF, 0x40, 0x00, 0x2F, 0xFF, 0xFF, 0xD0, 0x00, 0x0B, 0xFF, 0xFF, 0xF4, 0x00, 0x03, 0xFD,
    0x57, 0xFD, 0x00, 0x00, 0xFF, 0x00, 0xFF, 0x40, 0x00, 0x3F, 0xC0, 0x3F, 0xD0, 0x00, 0x0F, 0xE0,
    0x0F, 0xF4, 0x00, 0x03, 0xF8, 0x03, 0xFD, 0x00, 0x01, 0xFD, 0x00, 0xFF, 0x40, 0x00, 0xBF, 0x40,
    0x3F, 0xD0, 0x00, 0x3F, 0xC0, 0x0F, 0xF4, 0x00, 0x0F, 0xF0, 0x03, 0xFD, 0x00, 0x9F, 0xF8, 0x00,
    0xFF, 0x95, 0x3F, 0xFC, 0x00, 0x3F, 0xFF, 0xEF, 0xFE, 0x00, 0x0F, 0xFF, 0xF7, 0xFD, 0x00, 0x03,
    0xFF, 0xFC, 0x00, 0x00, 0x00, 0x00, 0xBF, 0x00, 0x00, 0x00, 0x00, 0x3F, 0x80, 0x00, 0x00, 0x00,
    0x1F, 0xD0, 0x00, 0x00, 0x00, 0x0F, 0xF0, 0x00, 0x00, 0x00, 0x03, 0xFC, 0x00, 0x00, 0x00, 0x01,
    0xAA, 0x00, 0xFF, 0x40, 0x00, 0x7F, 0xFF, 0xD0, 0x00, 0x1F, 0xFF, 0xF4, 0x00, 0x07, 0xFF, 0xFD,
    0x00, 0x01, 0xFF, 0xFF, 0x40, 0x00, 0x7F, 0xFF, 0xD0, 0x00, 0x1F, 0xFF, 0xF4, 0x00, 0x07, 0xFF,
    0xFD, 0x00, 0x01, 0xFF, 0xFF, 0x95, 0x55, 0xBF, 0xFF, 0xFF, 0xFF, 0xFF, 0xFF, 0xFF, 0xFF, 0xFF,
    0xFF, 0xFF, 0xFF, 0xFF, 0xFF, 0xFF, 0x40, 0x00, 0x7F, 0xFF, 0xD0, 0x00, 0x1F, 0xFF, 0xF4, 0x00,
    0x07, 0xFF, 0xFD, 0x00, 0x01, 0xFF, 0xFF, 0x40, 0x00, 0x7F, 0xFF, 0xD0, 0x00, 0x1F, 0xFF, 0xF4,
    0x00, 0x07, 0xFF, 0xFD, 0x00, 0x01, 0xFF, 0xFF, 0x40, 0x00, 0xBF, 0xC0, 0x00, 0x00, 0x2F, 0xF0,
    0x00, 0x00, 0x0F, 0xF8, 0x00, 0x00, 0x0B, 0xFC, 0x00, 0x39, 0x5B, 0xFE, 0x00, 0x1F, 0xFF, 0xFF,
    0x00, 0x07, 0xFF, 0xFF, 0x00, 0x00, 0xBF, 0xF9, 0x00, 0xFF, 0x40, 0x07, 0xFF, 0xFD, 0x00, 0x1F,
    0xFF, 0xF4, 0x00, 0x7F, 0xFF, 0xD0, 0x01, 0xFF, 0xFF, 0x40, 0x07, 0xFF, 0xFD, 0x00, 0x1F, 0xFF,
    0xFF, 0xFF, 0xFF, 0xFF, 0xFF, 0xFF, 0xFF, 0xFF, 0xFF, 0xFF, 0xFF, 0xFE, 0x55, 0x6F, 0xFF, 0xF4,
    0x00, 0x7F, 0xFF, 0xD0, 0x01, 0xFF, 0xFF, 0x40, 0x07, 0xFF, 0xFD, 0x00, 0x1F, 0xFF, 0xF4, 0x00,
    0x7F, 0xFF, 0xD0, 0x01, 0xFF, 0x00, 0x00, 0x0B, 0xFC, 0x00, 0x00, 0x2F, 0xF0, 0x00, 0x00, 0xFF,
    0x80, 0x39, 0x5F, 0xFC, 0x00, 0xFF, 0xFF, 0xE0, 0x03, 0xFF, 0xFE, 0x00, 0x07, 0xFF, 0x80, 0x00,
    0xFF, 0x40, 0x00, 0x7F, 0xC0, 0x0F, 0xF4, 0x00, 0x07, 0xFC, 0x00, 0xFF, 0x40, 0x00, 0x7F, 0xC0,
    0x0F, 0xF4, 0x00, 0x07, 0xFC, 0x00, 0xFF, 0x40, 0x00, 0x7F, 0xC0, 0x0F, 0xF4, 0x00, 0x07, 0xFC,
    0x00, 0xFF, 0x40, 0x00, 0x7F, 0xC0, 0x0F, 0xF4, 0x00, 0x07, 0xFC, 0x00, 0xFF, 0x95, 0x55, 0xBF,
    0xC0, 0x0F, 0xFF, 0xFF, 0xFF, 0xFC, 0x00, 0xFF, 0xFF, 0xFF, 0xFF, 0xC0, 0x0F, 0xFF, 0xFF, 0xFF,
    0xFC, 0x00, 0xFF, 0x40, 0x00, 0x7F, 0xC0, 0x0F, 0xF4, 0x00, 0x07, 0xFC, 0x00, 0xFF, 0x40, 0x00,
    0x7F, 0xC0, 0x0F, 0xF4, 0x00, 0x07, 0xFC, 0x00, 0xFF, 0x40, 0x00, 0x7F, 0xC0, 0x0F, 0xF4, 0x00,
    0x07, 0xFF, 0xFE, 0xFF, 0x40, 0x00, 0x7F, 0xFF, 0xDF, 0xF4, 0x00, 0x07, 0xFF, 0xFC, 0xFF, 0x40,
    0x00, 0x7F, 0xFF, 0xC0, 0x00, 0x00, 0x00, 0x03, 0xF8, 0x00, 0x00, 0x00, 0x00, 0xBF, 0x40, 0x00,
    0x00, 0x00, 0x0F, 0xF0, 0x00, 0x00, 0x00, 0x02, 0xFF, 0x00, 0x00, 0x00, 0x00, 0x3F, 0xE0, 0x00,
    0x00, 0x00, 0x07, 0xFD, 0x00, 0xFF, 0x40, 0x07, 0xFC, 0x00, 0xFF, 0x40, 0x07, 0xFC, 0x00, 0xFF,
    0x40, 0x07, 0xFC, 0x00, 0xFF, 0x40, 0x07, 0xFC, 0x00, 0xFF, 0x40, 0x07, 0xFC, 0x00, 0xFF, 0x40,
    0x07, 0xFC, 0x00, 0xFF, 0xFF, 0xFF, 0xFC, 0x00, 0xFF, 0xFF, 0xFF, 0xFC, 0x00, 0xFF, 0xFF, 0xFF,
    0xFC, 0x00, 0xFF, 0x95, 0x5B, 0xFC, 0x00, 0xFF, 0x40, 0x07, 0xFC, 0x00, 0xFF, 0x40, 0x07, 0xFC,
    0x00, 0xFF, 0x40, 0x07, 0xFC, 0x00, 0xFF, 0x40, 0x07, 0xFF, 0xFC, 0xFF, 0x40, 0x07, 0xFF, 0xFC,
    0xFF, 0x40, 0x07, 0xFF, 0xF8, 0x00, 0x00, 0x00, 0x03, 0xF4, 0x00, 0x00, 0x00, 0x0B, 0xF0, 0x00,
    0x00, 0x00, 0x0F, 0xF0, 0x00, 0x00, 0x00, 0x0F, 0xF0, 0x00, 0x00, 0x00, 0x2F, 0xE0, 0x00, 0x00,
    0x00, 0x3F, 0xD0, 0xFF, 0x40, 0x00, 0x7F, 0xFF, 0xD0, 0x00, 0x1F, 0xFF, 0xF4, 0x00, 0x07, 0xFF,
    0xFD, 0x00, 0x01, 0xFF, 0xFF, 0x40, 0x00, 0x7F, 0xFF, 0xD0, 0x00, 0x1F, 0xFF, 0xF4, 0x00, 0x07,
    0xFF, 0xFD, 0x00, 0x01, 0xFF, 0xFF, 0x40, 0x00, 0x7F, 0xFF, 0xE0, 0x00, 0x1F, 0xFF, 0xFE, 0x00,
    0x6F, 0xFD, 0xFF, 0xFF, 0xFF, 0xFF, 0x2F, 0xFF, 0xFF, 0xFF, 0xC1, 0xFF, 0xFE, 0x6F, 0xF0, 0x01,
    0x40, 0x07, 0xFC, 0x00, 0x00, 0x01, 0xFF, 0x00, 0x00, 0x00, 0x7F, 0xC0, 0x00, 0x0F, 0xFF, 0xF0,
    0x00, 0x03, 0xFF, 0xFC, 0x00, 0x00, 0xFF, 0xFF, 0x00, 0x00, 0x3F, 0xFF, 0xC0, 0x00, 0x0F, 0xF4,
    0x00, 0x00, 0x03, 0xFD, 0x00, 0x00, 0x00, 0xFF, 0x40, 0x00, 0x00, 0x3F, 0xD0, 0x00, 0x00, 0x0F,
    0xF4, 0x00, 0x00, 0x03, 0xFD, 0x00, 0xFF, 0x40, 0x07, 0xFF, 0xFD, 0x00, 0x1F, 0xFF, 0xF4, 0x00,
    0x7F, 0xFF, 0xD0, 0x01, 0xFF, 0xFF, 0x40, 0x07, 0xFF, 0xFD, 0x00, 0x1F, 0xFF, 0xF8, 0x00, 0x7F,
    0xFF, 0xF0, 0x1B, 0xFF, 0xBF, 0xFF, 0xFF, 0xFC, 0xFF, 0xFF, 0xFF, 0xF0, 0xBF, 0xF9, 0x7F, 0xC0,
    0x04, 0x01, 0xFF, 0x00, 0x00, 0x07, 0xFC, 0x00, 0x1F, 0xFF, 0xF0, 0x00, 0x7F, 0xFF, 0xC0, 0x01,
    0xFF, 0xFF, 0x00, 0x07, 0xFC, 0x00, 0x00, 0x1F, 0xF0, 0x00, 0x00, 0x7F, 0xC0, 0x00, 0x01, 0xFF,
    0x00, 0x00, 0x07, 0xFC, 0x00, 0x00, 0x1F, 0xF0, 0x00, 0xFF, 0xF8, 0x00, 0x00, 0xFF, 0xF4, 0x00,
    0xFF, 0xFC, 0x00, 0x01, 0xFF, 0xF4, 0x00, 0xFF, 0xFC, 0x00, 0x02, 0xFF, 0xF4, 0x00, 0xFF, 0xFE,
    0x00, 0x03, 0xFF, 0xF4, 0x00, 0xFF, 0xFF, 0x00, 0x03, 0xFF, 0xF4, 0x00, 0xFF, 0xBF, 0x00, 0x0B,
    0xEF, 0xF4, 0x00, 0xFF, 0x7F, 0x40, 0x0F, 0xDF, 0xF4, 0x00, 0xFF, 0x6F, 0x80, 0x0F, 0xCF, 0xF4,
    0x00, 0xFF, 0x5F, 0xC0, 0x1F, 0xCF, 0xF4, 0x00, 0xFF, 0x4F, 0xD0, 0x3F, 0x4F, 0xF4, 0x00, 0xFF,
    0x4F, 0xE0, 0x3F, 0x0F, 0xF4, 0x00, 0xFF, 0x4B, 0xF0, 0x7F, 0x0F, 0xF4, 0x00, 0xFF, 0x47, 0xF0,
    0xBE, 0x0F, 0xF4, 0x00, 0xFF, 0x43, 0xF4, 0xFD, 0x0F, 0xF4, 0x00, 0xFF, 0x42, 0xF9, 0xFC, 0x0F,
    0xF4, 0x00, 0xFF, 0x41, 0xFE, 0xF8, 0x0F, 0xF4, 0x00, 0xFF, 0x40, 0xFF, 0xF4, 0x0F, 0xF4, 0x00,
    0xFF, 0x40, 0xFF, 0xF0, 0x0F, 0xFF, 0xFC, 0xFF, 0x40, 0xBF, 0xE0, 0x0F, 0xFF, 0xFC, 0xFF, 0x40,
    0x7F, 0xD0, 0x0F, 0xFF, 0xF8, 0xFF, 0x40, 0x3F, 0xC0, 0x0F, 0xFF, 0xF4, 0x00, 0x00, 0x00, 0x00,
    0x00, 0x0F, 0xF0, 0x00, 0x00, 0x00, 0x00, 0x00, 0x1F, 0xF0, 0x00, 0x00, 0x00, 0x00, 0x00, 0x3F,
    0xE0, 0x00, 0x00, 0x00, 0x00, 0x00, 0x7F, 0xD0, 0x00, 0x00, 0x00, 0x00, 0x00, 0xFF, 0xC0, 0x00,
    0x00, 0x00, 0x00, 0x01, 0xFF, 0xC0, 0xFF, 0xF8, 0x00, 0x0F, 0xFF, 0x40, 0x3F, 0xFF, 0x00, 0x07,
    0xFF, 0xD0, 0x0F, 0xFF, 0xD0, 0x02, 0xFF, 0xF4, 0x03, 0xFF, 0xFC, 0x00, 0xFF, 0xFD, 0x00, 0xFF,
    0xFF, 0x00, 0x7F, 0xFF, 0x40, 0x3F, 0xDF, 0xD0, 0x2F, 0x7F, 0xD0, 0x0F, 0xF6, 0xFC, 0x0F, 0xCF,
    0xF4, 0x03, 0xFD, 0x7F, 0x07, 0xF3, 0xFD, 0x00, 0xFF, 0x4F, 0xD3, 0xF4, 0xFF, 0x40, 0x3F, 0xD2,
    0xFC, 0xFC, 0x3F, 0xD0, 0x0F, 0xF4, 0x3F, 0xBF, 0x0F, 0xF4, 0x03, 0xFD, 0x0F, 0xFF, 0x43, 0xFD,
    0x00, 0xFF, 0x42, 0xFF, 0xC0, 0xFF, 0x40, 0x3F, 0xD0, 0x3F, 0xE0, 0x3F, 0xFF, 0xEF, 0xF4, 0x0F,
    0xF4, 0x0F, 0xFF, 0xF7, 0xFD, 0x01, 0xFC, 0x03, 0xFF, 0xFC, 0x00, 0x00, 0x00, 0x00, 0x00, 0xBF,
    0x00, 0x00, 0x00, 0x00, 0x00, 0x3F, 0x80, 0x00, 0x00, 0x00, 0x00, 0x1F, 0xD0, 0x00, 0x00, 0x00,
    0x00, 0x0F, 0xF0, 0x00, 0x00, 0x00, 0x00, 0x03, 0xFC, 0x00, 0x00, 0x00, 0x00, 0x02, 0xFE, 0x00,
    0xFF, 0xFF, 0xFF, 0xFF, 0xFF, 0xFF, 0xFC, 0x3F, 0xF4, 0x07, 0xFC, 0x01, 0xFF, 0x00, 0x7F, 0xC0,
    0x1F, 0xF0, 0x07, 0xFC, 0x01, 0xFF, 0x00, 0x7F, 0xC0, 0x1F, 0xF0, 0x07, 0xFC, 0x01, 0xFF, 0x00,
    0x7F, 0xC0, 0x1F, 0xF0, 0x07, 0xFC, 0x03, 0xFF, 0x4F, 0xFF, 0xFF, 0xFF, 0xFF, 0xFF, 0xFF, 0xC0,
    0x00, 0x7F, 0x40, 0xBF, 0x00, 0x00, 0x0F, 0xF0, 0x7F, 0xC0, 0x00, 0x02, 0xFF, 0xFF, 0xD0, 0x00,
    0x00, 0x1F, 0xFF, 0xD0, 0x00, 0x00, 0x00, 0x55, 0x00, 0x00, 0x00, 0x00, 0x00, 0x00, 0x00, 0x00,
    0x00, 0x3F, 0xFC, 0x00, 0x00, 0x00, 0x0F, 0xFF, 0x40, 0x00, 0x00, 0x0B, 0xFF, 0xE0, 0x00, 0x00,
    0x03, 0xFF, 0xFC, 0x00, 0x00, 0x00, 0xFF, 0xBF, 0x40, 0x00, 0x00, 0xBF, 0x9F, 0xE0, 0x00, 0x00,
    0x3F, 0xD3, 0xFC, 0x00, 0x00, 0x1F, 0xF0, 0xFF, 0x40, 0x00, 0x0B, 0xFC, 0x2F, 0xF0, 0x00, 0x03,
    0xFD, 0x03, 0xFC, 0x00, 0x01, 0xFF, 0x00, 0xFF, 0x80, 0x00, 0xBF, 0xC0, 0x2F, 0xF0, 0x00, 0x3F,
    0xE5, 0x5B, 0xFC, 0x00, 0x1F, 0xFF, 0xFF, 0xFF, 0x80, 0x0B, 0xFF, 0xFF, 0xFF, 0xF0, 0x03, 0xFF,
    0xFF, 0xFF, 0xFD, 0x01, 0xFF, 0x40, 0x00, 0xFF, 0x80, 0xFF, 0xC0, 0x00, 0x3F, 0xF0, 0x3F, 0xE0,
    0x00, 0x07, 0xFD, 0x1F, 0xF4, 0x00, 0x00, 0xFF, 0x8F, 0xFC, 0x00, 0x00, 0x3F, 0xF0, 0x02, 0xA0,
    0x06, 0xA0, 0x1F, 0xE0, 0x3F, 0xC0, 0x3F, 0xC2, 0xFE, 0x00, 0xBF, 0xFF, 0xF0, 0x00, 0xBF, 0xFF,
    0x00, 0x00, 0x1A, 0x40, 0x00, 0x00, 0x00, 0x00, 0x00, 0x6F, 0xFE, 0x40, 0x0F, 0xFF, 0xFF, 0xC0,
    0x3F, 0xFF, 0xFF, 0x80, 0x7E, 0x57, 0xFF, 0x00, 0x00, 0x03, 0xFD, 0x00, 0x00, 0x0F, 0xF4, 0x0B,
    0xFF, 0xFF, 0xD1, 0xFF, 0xFF, 0xFF, 0x5F, 0xFF, 0xFF, 0xFD, 0xFF, 0xD0, 0x0F, 0xF7, 0xFE, 0x00,
    0x3F, 0xDF, 0xF8, 0x02, 0xFF, 0x7F, 0xF5, 0x6F, 0xFD, 0x7F, 0xFF, 0xFF, 0xF4, 0xFF, 0xFF, 0x4F,
    0xD0, 0x7F, 0xE0, 0x3F, 0x40, 0x00, 0x01, 0x00, 0x10, 0x00, 0x00, 0x0B, 0xF0, 0xBF, 0x00, 0x00,
    0x03, 0xFD, 0x3F, 0xD0, 0x00, 0x00, 0x7E, 0x07, 0xE0, 0x00, 0x00, 0x00, 0x00, 0x00, 0x00, 0x00,
    0x00, 0x00, 0x00, 0x00, 0x00, 0x00, 0x2F, 0xFC, 0x00, 0x00, 0x00, 0x0F, 0xFF, 0x40, 0x00, 0x00,
    0x03, 0xFF, 0xE0, 0x00, 0x00, 0x02, 0xFF, 0xFC, 0x00, 0x00, 0x00, 0xFF, 0xBF, 0x40, 0x00, 0x00,
    0x7F, 0xDF, 0xF0, 0x00, 0x00, 0x2F, 0xE3, 0xFC, 0x00, 0x00, 0x0F, 0xF4, 0xFF, 0x40, 0x00, 0x07,
    0xFC, 0x2F, 0xF0, 0x00, 0x03, 0xFF, 0x03, 0xFC, 0x00, 0x00, 0xFF, 0x40, 0xFF, 0x80, 0x00, 0x7F,
    0xC0, 0x2F, 0xF0, 0x00, 0x3F, 0xF5, 0x5B, 0xFD, 0x00, 0x0F, 0xFF, 0xFF, 0xFF, 0x80, 0x0B, 0xFF,
    0xFF, 0xFF, 0xF0, 0x03, 0xFF, 0xFF, 0xFF, 0xFD, 0x01, 0xFF, 0x40, 0x00, 0xFF, 0xC0, 0xBF, 0xC0,
    0x00, 0x2F, 0xF0, 0x3F, 0xF0, 0x00, 0x07, 0xFD, 0x1F, 0xF4, 0x00, 0x00, 0xFF, 0xCB, 0xFC, 0x00,
    0x00, 0x2F, 0xF0, 0x07, 0xE0, 0x2F, 0x40, 0x3F, 0xD1, 0xFF, 0x00, 0xBF, 0x03, 0xF8, 0x00, 0x10,
    0x01, 0x00, 0x00, 0x00, 0x00, 0x00, 0x00, 0x00, 0x00, 0x00, 0x1B, 0xFF, 0x90, 0x07, 0xFF, 0xFF,
    0xF0, 0x0F, 0xFF, 0xFF, 0xE0, 0x2E, 0x55, 0xFF, 0xC0, 0x00, 0x00, 0xFF, 0x40, 0x00, 0x03, 0xFD,
    0x02, 0xFF, 0xFF, 0xF4, 0x7F, 0xFF, 0xFF, 0xD7, 0xFF, 0xFF, 0xFF, 0x7F, 0xF4, 0x03, 0xFD, 0xFF,
    0x80, 0x0F, 0xF7, 0xFE, 0x00, 0xBF, 0xDF, 0xFD, 0x5B, 0xFF, 0x5F, 0xFF, 0xFF, 0xFD, 0x3F, 0xFF,
    0xD3, 0xF4, 0x1F, 0xF9, 0x0F, 0xD0, 0x00, 0x00, 0x2F, 0xFF, 0xFF, 0xFF, 0xF8, 0x00, 0x00, 0xFF,
    0xFF, 0xFF, 0xFF, 0xE0, 0x00, 0x07, 0xFF, 0xFF, 0xFF, 0xFF, 0x80, 0x00, 0x3F, 0xD7, 0xFE, 0x55,
    0x54, 0x00, 0x01, 0xFE, 0x0F, 0xF4, 0x00, 0x00, 0x00, 0x0B, 0xF4, 0x3F, 0xD0, 0x00, 0x00, 0x00,
    0x3F, 0xC0, 0xFF, 0x40, 0x00, 0x00, 0x02, 0xFE, 0x03, 0xFD, 0x00, 0x00, 0x00, 0x0F, 0xF0, 0x0F,
    0xF9, 0x55, 0x50, 0x00, 0xBF, 0xC0, 0x3F, 0xFF, 0xFF, 0xC0, 0x03, 0xFD, 0x00, 0xFF, 0xFF, 0xFF,
    0x00, 0x1F, 0xF0, 0x03, 0xFF, 0xFF, 0xFC, 0x00, 0xFF, 0xD5, 0x5F, 0xF4, 0x00, 0x00, 0x07, 0xFF,
    0xFF, 0xFF, 0xD0, 0x00, 0x00, 0x2F, 0xFF, 0xFF, 0xFF, 0x40, 0x00, 0x00, 0xFF, 0xFF, 0xFF, 0xFD,
    0x00, 0x00, 0x0B, 0xFC, 0x00, 0x0F, 0xF4, 0x00, 0x00, 0x3F, 0xD0, 0x00, 0x3F, 0xE5, 0x55, 0x42,
    0xFF, 0x00, 0x00, 0xFF, 0xFF, 0xFF, 0x8F, 0xF8, 0x00, 0x03, 0xFF, 0xFF, 0xFE, 0x7F, 0xC0, 0x00,
    0x0F, 0xFF, 0xFF, 0xF8, 0x01, 0xBF, 0xF4, 0x0B, 0xFF, 0x40, 0x07, 0xFF, 0xFF, 0xDF, 0xFF, 0xFC,
    0x00, 0xFF, 0xFF, 0xFF, 0xFF, 0xFF, 0xC0, 0x1E, 0x55, 0xFF, 0xF9, 0x6F, 0xF8, 0x00, 0x00, 0x2F,
    0xF8, 0x01, 0xFF, 0x00, 0x01, 0x5B, 0xFD, 0x55, 0x7F, 0xD0, 0x7F, 0xFF, 0xFF, 0xFF, 0xFF, 0xF4,
    0xFF, 0xFF, 0xFF, 0xFF, 0xFF, 0xFD, 0xBF, 0xD0, 0x1F, 0xFF, 0xFF, 0xFF, 0x7F, 0xE0, 0x07, 0xFC,
    0x00, 0x00, 0x0F, 0xF4, 0x02, 0xFF, 0x40, 0x00, 0x03, 0xFE, 0x00, 0xFF, 0xF0, 0x00, 0x00, 0xFF,
    0xD5, 0xFF, 0xFF, 0x55, 0xBD, 0x1F, 0xFF, 0xFF, 0x7F, 0xFF, 0xFF, 0x42, 0xFF, 0xFF, 0x03, 0xFF,
    0xFF, 0xD0, 0x1F, 0xFD, 0x00, 0x1B, 0xFF, 0x90, 0xFF, 0x00, 0xFE, 0x7F, 0x82, 0xFD, 0x3F, 0xFF,
    0xFC, 0x0B, 0xFF, 0xE0, 0x00, 0x55, 0x00, 0x00, 0x00, 0x00, 0xFF, 0xFF, 0xFF, 0xFF, 0xFF, 0xFF,
    0xFF, 0xFF, 0xFF, 0xFF, 0x95, 0x55, 0xFF, 0x40, 0x00, 0xFF, 0x40, 0x00, 0xFF, 0x40, 0x00, 0xFF,
    0x40, 0x00, 0xFF, 0x95, 0x54, 0xFF, 0xFF, 0xFE, 0xFF, 0xFF, 0xFE, 0xFF, 0xFF, 0xFE, 0xFF, 0x40,
    0x00, 0xFF, 0x40, 0x00, 0xFF, 0x40, 0x00, 0xFF, 0x40, 0x00, 0xFF, 0x40, 0x00, 0xFF, 0x95, 0x55,
    0xFF, 0xFF, 0xFF, 0xFF, 0xFF, 0xFF, 0xFF, 0xFF, 0xFF, 0x06, 0xA0, 0x0A, 0x90, 0x2F, 0xC0, 0x7F,
    0x80, 0x7F, 0x83, 0xFD, 0x00, 0xFF, 0xFF, 0xE0, 0x00, 0xBF, 0xFE, 0x00, 0x00, 0x1A, 0x40, 0x00,
    0x00, 0x00, 0x00, 0x00, 0x1B, 0xFE, 0x00, 0x07, 0xFF, 0xFF, 0x80, 0x7F, 0xFF, 0xFF, 0x83, 0xFF,
    0x57, 0xFF, 0x1F, 0xF0, 0x03, 0xFE, 0xBF, 0x80, 0x07, 0xFF, 0xFF, 0xFF, 0xFF, 0xFF, 0xFF, 0xFF,
    0xFF, 0xFF, 0xFF, 0xFF, 0xFF, 0xFF, 0x95, 0x55, 0x56, 0xFE, 0x00, 0x00, 0x07, 0xFD, 0x00, 0x00,
    0x0F, 0xFE, 0x55, 0xBC, 0x0F, 0xFF, 0xFF, 0xF0, 0x0F, 0xFF, 0xFF, 0xC0, 0x06, 0xFF, 0xE4, 0x00,
    0x00, 0x6F, 0xFF, 0x90, 0x00, 0x1F, 0xFF, 0xFF, 0xFD, 0x00, 0x3F, 0xFF, 0xFF, 0xFF, 0x40, 0x3F,
    0xF9, 0x56, 0xFF, 0xD0, 0x3D, 0x00, 0x00, 0x3F, 0xF0, 0x10, 0x00, 0x00, 0x0F, 0xF4, 0x00, 0x00,
    0x00, 0x07, 0xFC, 0x00, 0x00, 0x00, 0x03, 0xFC, 0x00, 0x00, 0x00, 0x03, 0xFD, 0xFF, 0xFF, 0xFF,
    0xFF, 0xFD, 0xFF, 0xFF, 0xFF, 0xFF, 0xFD, 0xFF, 0xFF, 0xFF, 0xFF, 0xFD, 0xFF, 0x95, 0x55, 0x57,
    0xFD, 0xBF, 0x80, 0x00, 0x03, 0xFC, 0x7F, 0x80, 0x00, 0x07, 0xFC, 0x3F, 0xC0, 0x00, 0x0F, 0xF8,
    0x2F, 0xF0, 0x00, 0x3F, 0xF0, 0x0F, 0xFE, 0x56, 0xFF, 0xD0, 0x07, 0xFF, 0xFF, 0xFF, 0x80, 0x00,
    0xFF, 0xFF, 0xFD, 0x00, 0x00, 0x1B, 0xFF, 0x90, 0x00, 0x06, 0xFF, 0xE0, 0x00, 0xFF, 0xFF, 0xF8,
    0x03, 0xFF, 0xFF, 0xF8, 0x0F, 0x95, 0x7F, 0xF4, 0x00, 0x00, 0x2F, 0xF0, 0x00, 0x00, 0x3F, 0xC5,
    0x55, 0x55, 0xFF, 0x7F, 0xFF, 0xFF, 0xFD, 0xFF, 0xFF, 0xFF, 0xF7, 0xFF, 0xFF, 0xFF, 0xDF, 0xF4,
    0x00, 0xFF, 0x2F, 0xF0, 0x0B, 0xFC, 0x7F, 0xE5, 0xBF, 0xD0, 0xBF, 0xFF, 0xFF, 0x00, 0xBF, 0xFF,
    0xE0, 0x00, 0x6F, 0xF9, 0x00, 0x00, 0x04, 0x00, 0x40, 0x00, 0x00, 0x3F, 0x83, 0xF8, 0x00, 0x00,
    0x7F, 0xC7, 0xFC, 0x00, 0x00, 0x2F, 0x42, 0xF4, 0x00, 0x00, 0x00, 0x00, 0x00, 0x00, 0x00, 0x00,
    0x00, 0x00, 0x00, 0x00, 0x6F, 0xFF, 0x90, 0x00, 0x1F, 0xFF, 0xFF, 0xFD, 0x00, 0x3F, 0xFF, 0xFF,
    0xFF, 0x40, 0x3F, 0xF9, 0x56, 0xFF, 0xD0, 0x3D, 0x00, 0x00, 0x3F, 0xF0, 0x10, 0x00, 0x00, 0x0F,
    0xF4, 0x00, 0x00, 0x00, 0x07, 0xFC, 0x00, 0x00, 0x00, 0x03, 0xFC, 0x00, 0x00, 0x00, 0x03, 0xFD,
    0xFF, 0xFF, 0xFF, 0xFF, 0xFD, 0xFF, 0xFF, 0xFF, 0xFF, 0xFD, 0xFF, 0xFF, 0xFF, 0xFF, 0xFD, 0xFF,
    0x95, 0x55, 0x57, 0xFD, 0xBF, 0x80, 0x00, 0x03, 0xFC, 0x7F, 0xC0, 0x00, 0x07, 0xFC, 0x3F, 0xC0,
    0x00, 0x0F, 0xF8, 0x2F, 0xF0, 0x00, 0x2F, 0xF0, 0x0F, 0xFE, 0x56, 0xFF, 0xD0, 0x07, 0xFF, 0xFF,
    0xFF, 0x80, 0x00, 0xFF, 0xFF, 0xFD, 0x00, 0x00, 0x1B, 0xFF, 0x90, 0x00, 0x0B, 0xD0, 0x7E, 0x00,
    0x7F, 0xC3, 0xFD, 0x00, 0xFE, 0x0B, 0xF0, 0x00, 0x40, 0x01, 0x00, 0x00, 0x00, 0x00, 0x00, 0x00,
    0x00, 0x00, 0x00, 0xBF, 0xFE, 0x00, 0x1F, 0xFF, 0xFF, 0x80, 0x7F, 0xFF, 0xFF, 0x81, 0xE5, 0x57,
    0xFF, 0x40, 0x00, 0x02, 0xFF, 0x00, 0x00, 0x03, 0xFC, 0x55, 0x55, 0x5F, 0xF7, 0xFF, 0xFF, 0xFF,
    0xDF, 0xFF, 0xFF, 0xFF, 0x7F, 0xFF, 0xFF, 0xFD, 0xFF, 0x40, 0x0F, 0xF2, 0xFF, 0x00, 0xBF, 0xC7,
    0xFE, 0x5B, 0xFD, 0x0B, 0xFF, 0xFF, 0xF0, 0x0B, 0xFF, 0xFE, 0x00, 0x06, 0xFF, 0x90, 0x00, 0x00,
    0x00, 0x01, 0x00, 0x10, 0x00, 0x00, 0x00, 0x00, 0x0B, 0xF0, 0xBF, 0x00, 0x00, 0x00, 0x00, 0x03,
    0xFD, 0x3F, 0xD0, 0x00, 0x00, 0x00, 0x00, 0x7E, 0x07, 0xE0, 0x00, 0x00, 0x00, 0x00, 0x00, 0x00,
    0x00, 0x00, 0x00, 0x00, 0x00, 0x00, 0x00, 0x00, 0x00, 0x00, 0x03, 0xFE, 0x00, 0x0F, 0xF4, 0x00,
    0x3F, 0xD0, 0x7F, 0xC0, 0x03, 0xFD, 0x00, 0x2F, 0xF0, 0x0B, 0xFC, 0x00, 0xFF, 0x40, 0x1F, 0xF0,
    0x00, 0xFF, 0x40, 0x3F, 0xD0, 0x0F, 0xF8, 0x00, 0x1F, 0xF0, 0x0F, 0xF4, 0x0B, 0xFC, 0x00, 0x03,
    0xFE, 0x03, 0xFD, 0x03, 0xFD, 0x00, 0x00, 0x3F, 0xD0, 0xFF, 0x43, 0xFE, 0x00, 0x00, 0x0B, 0xFC,
    0x3F, 0xD1, 0xFF, 0x00, 0x00, 0x00, 0xFF, 0x9F, 0xF9, 0xFF, 0x40, 0x00, 0x00, 0x1F, 0xFF, 0xFF,
    0xFF, 0x80, 0x00, 0x00, 0x03, 0xFF, 0xFF, 0xFF, 0xE0, 0x00, 0x00, 0x02, 0xFF, 0xFF, 0xFF, 0xFC,
    0x00, 0x00, 0x01, 0xFF, 0x4F, 0xF4, 0xFF, 0xC0, 0x00, 0x00, 0xFF, 0x83, 0xFD, 0x1F, 0xF4, 0x00,
    0x00, 0xBF, 0xC0, 0xFF, 0x42, 0xFF, 0x00, 0x00, 0x7F, 0xE0, 0x3F, 0xD0, 0x3F, 0xF0, 0x00, 0x3F,
    0xF0, 0x0F, 0xF4, 0x07, 0xFD, 0x00, 0x2F, 0xF4, 0x03, 0xFD, 0x00, 0xFF, 0xC0, 0x1F, 0xF8, 0x00,
    0xFF, 0x40, 0x0F, 0xFC, 0x0F, 0xFC, 0x00, 0x3F, 0xD0, 0x02, 0xFF, 0x4B, 0xFD, 0x00, 0x0F, 0xF4,
    0x00, 0x3F, 0xF0, 0x00, 0x00, 0x04, 0x00, 0x40, 0x00, 0x00, 0x00, 0x0B, 0xF0, 0xBF, 0x00, 0x00,
    0x00, 0x00, 0xFF, 0x4F, 0xF4, 0x00, 0x00, 0x00, 0x07, 0xE0, 0x7E, 0x00, 0x00, 0x00, 0x00, 0x00,
    0x00, 0x00, 0x00, 0x00, 0x00, 0x00, 0x00, 0x00, 0x00, 0x00, 0x0F, 0xF0, 0x03, 0xFD, 0x00, 0xBF,
    0x80, 0xBF, 0xC0, 0x3F, 0xD0, 0x1F, 0xF0, 0x03, 0xFD, 0x03, 0xFD, 0x03, 0xFD, 0x00, 0x0F, 0xF0,
    0x3F, 0xD0, 0xBF, 0x80, 0x00, 0x7F, 0xC3, 0xFD, 0x1F, 0xF0, 0x00, 0x03, 0xFD, 0x3F, 0xD3, 0xFD,
    0x00, 0x00, 0x0F, 0xFF, 0xFF, 0xFF, 0x80, 0x00, 0x00, 0xBF, 0xFF, 0xFF, 0xF0, 0x00, 0x00, 0x0F,
    0xFF, 0xFF, 0xFF, 0x80, 0x00, 0x03, 0xFE, 0x7F, 0xE7, 0xFD, 0x00, 0x00, 0x7F, 0xC3, 0xFD, 0x2F,
    0xF0, 0x00, 0x0F, 0xF8, 0x3F, 0xD0, 0xFF, 0x80, 0x03, 0xFF, 0x03, 0xFD, 0x07, 0xFD, 0x00, 0x7F,
    0xD0, 0x3F, 0xD0, 0x3F, 0xF0, 0x0F, 0xF8, 0x03, 0xFD, 0x00, 0xFF, 0x83, 0xFF, 0x00, 0x3F, 0xD0,
    0x0B, 0xFD, 0x00, 0x10, 0x01, 0x00, 0x02, 0xFC, 0x2F, 0xC0, 0x03, 0xFD, 0x3F, 0xD0, 0x01, 0xF8,
    0x1F, 0x80, 0x00, 0x00, 0x00, 0x00, 0x00, 0x00, 0x00, 0x00, 0x06, 0xBF, 0xF9, 0x00, 0x3F, 0xFF,
    0xFF, 0xC0, 0x2F, 0xFF, 0xFF, 0xF0, 0x0F, 0x95, 0x7F, 0xF8, 0x04, 0x00, 0x0F, 0xFC, 0x00, 0x00,
    0x07, 0xFC, 0x00, 0x00, 0x0B, 0xFC, 0x00, 0x00, 0x0F, 0xF4, 0x00, 0x55, 0xBF, 0xF0, 0x01, 0xFF,
    0xFF, 0x80, 0x01, 0xFF, 0xFE, 0x40, 0x01, 0xFF, 0xFF, 0xF0, 0x00, 0x00, 0x2F, 0xFC, 0x00, 0x00,
    0x07, 0xFC, 0x00, 0x00, 0x03, 0xFD, 0x00, 0x00, 0x03, 0xFD, 0x10, 0x00, 0x0B, 0xFC, 0x3E, 0x55,
    0x7F, 0xFC, 0x3F, 0xFF, 0xFF, 0xF0, 0x3F, 0xFF, 0xFF, 0xC0, 0x06, 0xFF, 0xF9, 0x00, 0x07, 0xE0,
    0x7E, 0x00, 0xFF, 0x4F, 0xF4, 0x0B, 0xF0, 0xBF, 0x00, 0x04, 0x00, 0x40, 0x00, 0x00, 0x00, 0x00,
    0x00, 0x00, 0x00, 0x06, 0xFF, 0xF4, 0x03, 0xFF, 0xFF, 0xF4, 0x2F, 0xFF, 0xFF, 0xC0, 0xE5, 0x5B,
    0xFD, 0x00, 0x00, 0x3F, 0xD0, 0x00, 0x0B, 0xFC, 0x01, 0xFF, 0xFF, 0x40, 0x1F, 0xFF, 0xC0, 0x01,
    0xFF, 0xFF, 0x80, 0x05, 0x5B, 0xFE, 0x00, 0x00, 0x2F, 0xF0, 0x00, 0x02, 0xFF, 0x3E, 0x55, 0xBF,
    0xF3, 0xFF, 0xFF, 0xFD, 0x3F, 0xFF, 0xFF, 0x41, 0xAF, 0xFE, 0x40, 0x3F, 0xFF, 0xFF, 0xFC, 0x3F,
    0xFF, 0xFF, 0xFC, 0x3F, 0xFF, 0xFF, 0xFC, 0x15, 0x55, 0xFF, 0xF0, 0x00, 0x02, 0xFF, 0xC0, 0x00,
    0x0B, 0xFE, 0x00, 0x00, 0x2F, 0xF8, 0x00, 0x00, 0xBF, 0xE0, 0x00, 0x01, 0xFF, 0xD0, 0x00, 0x02,
    0xFF, 0xFF, 0x80, 0x02, 0xFF, 0xFF, 0xF0, 0x01, 0xAB, 0xFF, 0xF8, 0x00, 0x00, 0x1F, 0xFC, 0x00,
    0x00, 0x03, 0xFD, 0x00, 0x00, 0x03, 0xFD, 0x00, 0x00, 0x03, 0xFD, 0x50, 0x00, 0x0B, 0xFC, 0xBE,
    0x55, 0x7F, 0xF8, 0xBF, 0xFF, 0xFF, 0xF0, 0x7F, 0xFF, 0xFF, 0x80, 0x1A, 0xFF, 0xF8, 0x00, 0x3F,
    0xFF, 0xFF, 0xFC, 0x3F, 0xFF, 0xFF, 0xFC, 0x3F, 0xFF, 0xFF, 0xFC, 0x15, 0x55, 0x7F, 0xF4, 0x00,
    0x00, 0xFF, 0xC0, 0x00, 0x03, 0xFF, 0x00, 0x00, 0x0F, 0xFC, 0x00, 0x00, 0x3F, 0xF0, 0x00, 0x00,
    0xFF, 0xC0, 0x00, 0x01, 0xFF, 0xFD, 0x00, 0x01, 0xFF, 0xFF, 0xC0, 0x01, 0xFF, 0xFF, 0xF0, 0x00,
    0x00, 0x7F, 0xF8, 0x00, 0x00, 0x0F, 0xFC, 0x00, 0x00, 0x07, 0xFD, 0x00, 0x00, 0x03, 0xFD, 0x00,
    0x00, 0x03, 0xFD, 0x00, 0x00, 0x07, 0xFD, 0x40, 0x00, 0x0F, 0xFC, 0xBE, 0x55, 0xBF, 0xF8, 0xBF,
    0xFF, 0xFF, 0xF0, 0x7F, 0xFF, 0xFF, 0x80, 0x1A, 0xFF, 0xF8, 0x00, 0x00, 0x55, 0x55, 0x50, 0x00,
    0x0F, 0xFF, 0xFF, 0x00, 0x00, 0xFF, 0xFF, 0xF0, 0x00, 0x0F, 0xFF, 0xFF, 0x00, 0x00, 0x00, 0x00,
    0x00, 0x0F, 0xF4, 0x00, 0x0F, 0xFF, 0xFF, 0x40, 0x01, 0xFF, 0xFF, 0xF4, 0x00, 0x3F, 0xFF, 0xFF,
    0x40, 0x07, 0xFF, 0xFF, 0xF4, 0x00, 0xFF, 0xFF, 0xFF, 0x40, 0x1F, 0xFF, 0xFF, 0xF4, 0x03, 0xFE,
    0xFF, 0xFF, 0x40, 0x7F, 0x9F, 0xFF, 0xF4, 0x0F, 0xF1, 0xFF, 0xFF, 0x42, 0xFE, 0x1F, 0xFF, 0xF4,
    0x3F, 0xC1, 0xFF, 0xFF, 0x4B, 0xF4, 0x1F, 0xFF, 0xF4, 0xFF, 0x01, 0xFF, 0xFF, 0x6F, 0xD0, 0x1F,
    0xFF, 0xFB, 0xFC, 0x01, 0xFF, 0xFF, 0xFF, 0x40, 0x1F, 0xFF, 0xFF, 0xF0, 0x01, 0xFF, 0xFF, 0xFD,
    0x00, 0x1F, 0xFF, 0xFF, 0xC0, 0x01, 0xFF, 0xFF, 0xF4, 0x00, 0x1F, 0xFF, 0xFF, 0x00, 0x01, 0xFF,
    0x03, 0xFF, 0xFF, 0xC0, 0x0F, 0xFF, 0xFF, 0x00, 0x3F, 0xFF, 0xFC, 0x00, 0x55, 0x55, 0x50, 0x00,
    0x00, 0x00, 0x03, 0xFD, 0x00, 0x7F, 0xFF, 0xF4, 0x03, 0xFF, 0xFF, 0xD0, 0x1F, 0xFF, 0xFF, 0x40,
    0xFF, 0xFF, 0xFD, 0x07, 0xFF, 0xFF, 0xF4, 0x3F, 0xBF, 0xFF, 0xD1, 0xFD, 0xFF, 0xFF, 0x4F, 0xD7,
    0xFF, 0xFD, 0x7F, 0x1F, 0xFF, 0xF7, 0xF4, 0x7F, 0xFF, 0xEF, 0xC1, 0xFF, 0xFF, 0xFD, 0x07, 0xFF,
    0xFF, 0xF0, 0x1F, 0xFF, 0xFF, 0x40, 0x7F, 0xFF, 0xFC, 0x01, 0xFF, 0xFF, 0xD0, 0x07, 0xFC, 0x00,
    0x10, 0x01, 0x00, 0x00, 0x0F, 0xE0, 0xFE, 0x00, 0x01, 0xFF, 0x1F, 0xF0, 0x00, 0x0B, 0xD0, 0xBD,
    0x00, 0x00, 0x00, 0x00, 0x00, 0x00, 0x00, 0x00, 0x00, 0x00, 0xFF, 0x40, 0x00, 0xFF, 0xFF, 0xF4,
    0x00, 0x2F, 0xFF, 0xFF, 0x40, 0x03, 0xFF, 0xFF, 0xF4, 0x00, 0xBF, 0xFF, 0xFF, 0x40, 0x0F, 0xFF,
    0xFF, 0xF4, 0x02, 0xFF, 0xFF, 0xFF, 0x40, 0x3F, 0xEF, 0xFF, 0xF4, 0x0B, 0xF9, 0xFF, 0xFF, 0x40,
    0xFF, 0x1F, 0xFF, 0xF4, 0x2F, 0xE1, 0xFF, 0xFF, 0x43, 0xFC, 0x1F, 0xFF, 0xF4, 0xBF, 0x81, 0xFF,
    0xFF, 0x4F, 0xF0, 0x1F, 0xFF, 0xF6, 0xFD, 0x01, 0xFF, 0xFF, 0xBF, 0xC0, 0x1F, 0xFF, 0xFF, 0xF4,
    0x01, 0xFF, 0xFF, 0xFF, 0x00, 0x1F, 0xFF, 0xFF, 0xD0, 0x01, 0xFF, 0xFF, 0xFC, 0x00, 0x1F, 0xFF,
    0xFF, 0x40, 0x01, 0xFF, 0xFF, 0xF0, 0x00, 0x1F, 0xF0, 0x00, 0x40, 0x04, 0x00, 0x2F, 0xC0, 0xFE,
    0x00, 0xFF, 0x47, 0xFC, 0x01, 0xF8, 0x0B, 0xD0, 0x00, 0x00, 0x00, 0x00, 0x00, 0x00, 0x00, 0x0F,
    0xF4, 0x01, 0xFF, 0xFF, 0xD0, 0x0F, 0xFF, 0xFF, 0x40, 0x7F, 0xFF, 0xFD, 0x03, 0xFF, 0xFF, 0xF4,
    0x1F, 0xFF, 0xFF, 0xD0, 0xFE, 0xFF, 0xFF, 0x47, 0xF7, 0xFF, 0xFD, 0x3F, 0x5F, 0xFF, 0xF5, 0xFC,
    0x7F, 0xFF, 0xDF, 0xD1, 0xFF, 0xFF, 0xBF, 0x07, 0xFF, 0xFF, 0xF4, 0x1F, 0xFF, 0xFF, 0xC0, 0x7F,
    0xFF, 0xFD, 0x01, 0xFF, 0xFF, 0xF0, 0x07, 0xFF, 0xFF, 0x40, 0x1F, 0xF0, 0x00, 0x04, 0x00, 0x10,
    0x00, 0x00, 0x3F, 0x82, 0xFC, 0x00, 0x00, 0x7F, 0xC3, 0xFD, 0x00, 0x00, 0x2F, 0x41, 0xF8, 0x00,
    0x00, 0x00, 0x00, 0x00, 0x00, 0x00, 0x00, 0x00, 0x00, 0x00, 0x00, 0x1B, 0xFF, 0x90, 0x00, 0x00,
    0xFF, 0xFF, 0xFE, 0x00, 0x07, 0xFF, 0xFF, 0xFF, 0x80, 0x0F, 0xFF, 0x55, 0xFF, 0xE0, 0x2F, 0xF4,
    0x00, 0x1F, 0xF0, 0x3F, 0xE0, 0x00, 0x0B, 0xF8, 0xBF, 0xC0, 0x00, 0x03, 0xFC, 0xBF, 0xC0, 0x00,
    0x03, 0xFC, 0xFF, 0x80, 0x00, 0x02, 0xFD, 0xFF, 0x40, 0x00, 0x02, 0xFD, 0xFF, 0x40, 0x00, 0x02,
    0xFD, 0xFF, 0x40, 0x00, 0x02, 0xFD, 0xFF, 0x80, 0x00, 0x02, 0xFD, 0xBF, 0xC0, 0x00, 0x03, 0xFC,
    0x7F, 0xC0, 0x00, 0x03, 0xFC, 0x3F, 0xE0, 0x00, 0x0B, 0xF8, 0x2F, 0xF4, 0x00, 0x1F, 0xF0, 0x0F,
    0xFF, 0x55, 0xFF, 0xE0, 0x07, 0xFF, 0xFF, 0xFF, 0x80, 0x00, 0xFF, 0xFF, 0xFE, 0x00, 0x00, 0x1B,
    0xFF, 0x90, 0x00, 0x02, 0xF4, 0x2F, 0x40, 0x07, 0xFC, 0x7F, 0xC0, 0x03, 0xF8, 0x3F, 0x80, 0x00,
    0x40, 0x04, 0x00, 0x00, 0x00, 0x00, 0x00, 0x00, 0x00, 0x00, 0x00, 0x00, 0x6F, 0xF8, 0x00, 0x07,
    0xFF, 0xFF, 0x80, 0x1F, 0xFF, 0xFF, 0xE0, 0x3F, 0xF5, 0x7F, 0xF4, 0x7F, 0xC0, 0x0F, 0xFC, 0xBF,
    0xC0, 0x07, 0xFC, 0xFF, 0x80, 0x03, 0xFD, 0xFF, 0x40, 0x03, 0xFD, 0xFF, 0x40, 0x03, 0xFD, 0xFF,
    0x80, 0x03, 0xFD, 0xBF, 0xC0, 0x07, 0xFC, 0x7F, 0xD0, 0x0F, 0xFC, 0x3F, 0xF9, 0x7F, 0xF4, 0x0F,
    0xFF, 0xFF, 0xE0, 0x03, 0xFF, 0xFF, 0x80, 0x00, 0x6F, 0xF8, 0x00, 0x00, 0x0B, 0xFF, 0xE4, 0x00,
    0x00, 0xFF, 0xFF, 0xFF, 0x00, 0x07, 0xFF, 0xFF, 0xFF, 0xD0, 0x0F, 0xFF, 0x55, 0xBF, 0xF0, 0x2F,
    0xF4, 0x00, 0x1F, 0xF8, 0x3F, 0xD0, 0x00, 0x07, 0xFC, 0x7F, 0xC0, 0x00, 0x03, 0xFD, 0xBF, 0x80,
    0x00, 0x02, 0xFE, 0xFF, 0x95, 0x55, 0x56, 0xFF, 0xFF, 0xFF, 0xFF, 0xFF, 0xFF, 0xFF, 0xFF, 0xFF,
    0xFF, 0xFF, 0xFF, 0xFF, 0xFF, 0xFF, 0xFF, 0xFF, 0x40, 0x00, 0x01, 0xFF, 0xBF, 0x80, 0x00, 0x02,
    0xFE, 0x7F, 0xC0, 0x00, 0x03, 0xFD, 0x3F, 0xD0, 0x00, 0x07, 0xFC, 0x2F, 0xF4, 0x00, 0x1F, 0xF8,
    0x0F, 0xFE, 0x55, 0xBF, 0xF0, 0x07, 0xFF, 0xFF, 0xFF, 0xD0, 0x00, 0xFF, 0xFF, 0xFF, 0x00, 0x00,
    0x0B, 0xFF, 0xE0, 0x00, 0x00, 0xBF, 0xF4, 0x00, 0x1F, 0xFF, 0xFD, 0x01, 0xFF, 0xFF, 0xFD, 0x0F,
    0xFD, 0x5F, 0xFC, 0x7F, 0xC0, 0x0F, 0xF6, 0xFD, 0x00, 0x1F, 0xEF, 0xFF, 0xFF, 0xFF, 0xFF, 0xFF,
    0xFF, 0xFF, 0xFF, 0xFF, 0xFF, 0xFF, 0xFE, 0x55, 0x6F, 0xFB, 0xF8, 0x00, 0xBF, 0x9F, 0xF0, 0x03,
    0xFD, 0x3F, 0xF5, 0x7F, 0xF0, 0x7F, 0xFF, 0xFF, 0x40, 0x7F, 0xFF, 0xF4, 0x00, 0x1F, 0xFD, 0x00,
    0x00, 0x04, 0x00, 0x10, 0x00, 0x00, 0x3F, 0x82, 0xFC, 0x00, 0x00, 0x7F, 0xC3, 0xFD, 0x00, 0x00,
    0x2F, 0x41, 0xF8, 0x00, 0x00, 0x00, 0x00, 0x00, 0x00, 0x00, 0x00, 0x00, 0x00, 0x00, 0x00, 0x0B,
    0xFF, 0xE4, 0x00, 0x00, 0xFF, 0xFF, 0xFF, 0x00, 0x07, 0xFF, 0xFF, 0xFF, 0xD0, 0x0F, 0xFF, 0x55,
    0xBF, 0xF0, 0x2F, 0xF4, 0x00, 0x1F, 0xF8, 0x3F, 0xD0, 0x00, 0x07, 0xFC, 0x7F, 0xC0, 0x00, 0x03,
    0xFD, 0xBF, 0x80, 0x00, 0x02, 0xFE, 0xFF, 0x95, 0x55, 0x56, 0xFF, 0xFF, 0xFF, 0xFF, 0xFF, 0xFF,
    0xFF, 0xFF, 0xFF, 0xFF, 0xFF, 0xFF, 0xFF, 0xFF, 0xFF, 0xFF, 0xFF, 0x40, 0x00, 0x01, 0xFF, 0xBF,
    0x80, 0x00, 0x02, 0xFE, 0x7F, 0xC0, 0x00, 0x03, 0xFD, 0x3F, 0xD0, 0x00, 0x07, 0xFC, 0x2F, 0xF4,
    0x00, 0x1F, 0xF8, 0x0F, 0xFE, 0x55, 0xBF, 0xF0, 0x07, 0xFF, 0xFF, 0xFF, 0xD0, 0x00, 0xFF, 0xFF,
    0xFF, 0x00, 0x00, 0x0B, 0xFF, 0xE0, 0x00, 0x02, 0xF4, 0x2F, 0x40, 0x1F, 0xF1, 0xFF, 0x00, 0x3F,
    0x83, 0xF8, 0x00, 0x10, 0x01, 0x00, 0x00, 0x00, 0x00, 0x00, 0x00, 0x00, 0x00, 0x00, 0x0B, 0xFF,
    0x40, 0x01, 0xFF, 0xFF, 0xD0, 0x1F, 0xFF, 0xFF, 0xD0, 0xFF, 0xD5, 0xBF, 0xC7, 0xFC, 0x00, 0xBF,
    0x6F, 0xE0, 0x01, 0xFE, 0xFF, 0xFF, 0xFF, 0xFF, 0xFF, 0xFF, 0xFF, 0xFF, 0xFF, 0xFF, 0xFF, 0xFF,
    0xF5, 0x55, 0xFF, 0xBF, 0xC0, 0x07, 0xF9, 0xFF, 0x40, 0x3F, 0xD3, 0xFF, 0x97, 0xFF, 0x07, 0xFF,
    0xFF, 0xF4, 0x07, 0xFF, 0xFF, 0x40, 0x01, 0xFF, 0xD0, 0x00, 0x00, 0x40, 0x04, 0x00, 0x02, 0xFC,
    0x2F, 0xC0, 0x00, 0xFF, 0x4F, 0xF4, 0x00, 0x1F, 0x81, 0xF8, 0x00, 0x00, 0x00, 0x00, 0x00, 0x00,
    0x00, 0x00, 0x00, 0x00, 0x6F, 0xFE, 0x40, 0x02, 0xFF, 0xFF, 0xFD, 0x00, 0x7F, 0xFF, 0xFF, 0xE0,
    0x0F, 0xE5, 0x6F, 0xFD, 0x00, 0x40, 0x00, 0xBF, 0xC0, 0x00, 0x00, 0x0F, 0xF8, 0x00, 0x00, 0x02,
    0xFF, 0x00, 0x00, 0x00, 0x3F, 0xC0, 0x05, 0x55, 0x5F, 0xF4, 0x0F, 0xFF, 0xFF, 0xFD, 0x03, 0xFF,
    0xFF, 0xFF, 0x40, 0xFF, 0xFF, 0xFF, 0xD0, 0x00, 0x00, 0x0F, 0xF4, 0x00, 0x00, 0x07, 0xFC, 0x00,
    0x00, 0x02, 0xFF, 0x00, 0x00, 0x00, 0xFF, 0x80, 0x00, 0x00, 0xFF, 0xC2, 0xF9, 0x56, 0xFF, 0xD0,
    0xBF, 0xFF, 0xFF, 0xE0, 0x1F, 0xFF, 0xFF, 0xD0, 0x01, 0xBF, 0xFE, 0x40, 0x00, 0x1F, 0x81, 0xF8,
    0x03, 0xFD, 0x3F, 0xD0, 0x2F, 0xC2, 0xFC, 0x00, 0x10, 0x01, 0x00, 0x00, 0x00, 0x00, 0x00, 0x00,
    0x00, 0x00, 0x1B, 0xFF, 0x80, 0x07, 0xFF, 0xFF, 0x80, 0x3F, 0xFF, 0xFF, 0x02, 0x95, 0xBF, 0xF4,
    0x00, 0x00, 0xFF, 0xC0, 0x00, 0x07, 0xFC, 0x03, 0xFF, 0xFF, 0xD0, 0x3F, 0xFF, 0xFD, 0x03, 0xFF,
    0xFF, 0xD0, 0x15, 0x57, 0xFD, 0x00, 0x00, 0x7F, 0xC0, 0x00, 0x0F, 0xFC, 0xB9, 0x5B, 0xFF, 0x4B,
    0xFF, 0xFF, 0xE0, 0xBF, 0xFF, 0xF8, 0x02, 0xBF, 0xF8, 0x00, 0x00, 0x3F, 0xFF, 0xFC, 0x00, 0x00,
    0x3F, 0xFF, 0xFC, 0x00, 0x00, 0x3F, 0xFF, 0xFC, 0x00, 0x00, 0x15, 0x55, 0x54, 0x00, 0x7F, 0xE0,
    0x00, 0x03, 0xFC, 0x3F, 0xF0, 0x00, 0x0B, 0xFC, 0x1F, 0xF4, 0x00, 0x0F, 0xF4, 0x0F, 0xFC, 0x00,
    0x1F, 0xF0, 0x0B, 0xFC, 0x00, 0x3F, 0xD0, 0x03, 0xFE, 0x00, 0x3F, 0xC0, 0x02, 0xFF, 0x00, 0xBF,
    0x80, 0x00, 0xFF, 0x40, 0xFF, 0x00, 0x00, 0xBF, 0xC1, 0xFE, 0x00, 0x00, 0x3F, 0xC2, 0xFD, 0x00,
    0x00, 0x2F, 0xE3, 0xFC, 0x00, 0x00, 0x0F, 0xFB, 0xF4, 0x00, 0x00, 0x0B, 0xFF, 0xF0, 0x00, 0x00,
    0x07, 0xFF, 0xD0, 0x00, 0x00, 0x03, 0xFF, 0xC0, 0x00, 0x00, 0x01, 0xFF, 0x80, 0x00, 0x00, 0x02,
    0xFF, 0x00, 0x00, 0x05, 0x5F, 0xFD, 0x00, 0x00, 0x0F, 0xFF, 0xF8, 0x00, 0x00, 0x0F, 0xFF, 0xE0,
    0x00, 0x00, 0x0F, 0xFE, 0x00, 0x00, 0x00, 0x00, 0xFF, 0xFF, 0xF0, 0x00, 0x0F, 0xFF, 0xFF, 0x00,
    0x00, 0xFF, 0xFF, 0xF0, 0x00, 0x05, 0x55, 0x55, 0x00, 0x00, 0x00, 0x00, 0x00, 0x07, 0xFD, 0x00,
    0x03, 0xFD, 0x3F, 0xF0, 0x00, 0xBF, 0xC1, 0xFF, 0x00, 0x0F, 0xF8, 0x0F, 0xF4, 0x00, 0xFF, 0x00,
    0xBF, 0xC0, 0x2F, 0xF0, 0x07, 0xFC, 0x03, 0xFD, 0x00, 0x3F, 0xD0, 0x3F, 0xC0, 0x01, 0xFF, 0x0B,
    0xF8, 0x00, 0x0F, 0xF0, 0xFF, 0x40, 0x00, 0xBF, 0x4F, 0xF0, 0x00, 0x07, 0xF9, 0xFE, 0x00, 0x00,
    0x3F, 0xEF, 0xC0, 0x00, 0x01, 0xFF, 0xF8, 0x00, 0x00, 0x0F, 0xFF, 0x40, 0x00, 0x00, 0xBF, 0xF0,
    0x00, 0x00, 0x03, 0xFE, 0x00, 0x00, 0x00, 0x3F, 0xC0, 0x00, 0x00, 0x0B, 0xFC, 0x00, 0x00, 0x00,
    0xFF, 0x40, 0x00, 0x05, 0xBF, 0xF0, 0x00, 0x02, 0xFF, 0xFD, 0x00, 0x00, 0x2F, 0xFF, 0x40, 0x00,
    0x01, 0xFF, 0x80, 0x00, 0x00, 0x00, 0x01, 0x00, 0x10, 0x00, 0x00, 0x2F, 0xC2, 0xFC, 0x00, 0x00,
    0x3F, 0xD3, 0xFD, 0x00, 0x00, 0x1F, 0x81, 0xF8, 0x00, 0x00, 0x00, 0x00, 0x00, 0x00, 0x00, 0x00,
    0x00, 0x00, 0x00, 0x3F, 0xF0, 0x00, 0x03, 0xFD, 0x1F, 0xF4, 0x00, 0x07, 0xFC, 0x0F, 0xF8, 0x00,
    0x0F, 0xF8, 0x07, 0xFC, 0x00, 0x0F, 0xF0, 0x03, 0xFE, 0x00, 0x2F, 0xE0, 0x01, 0xFF, 0x00, 0x3F,
    0xC0, 0x00, 0xFF, 0x40, 0x7F, 0xC0, 0x00, 0xBF, 0x80, 0xFF, 0x40, 0x00, 0x3F, 0xC0, 0xFF, 0x00,
    0x00, 0x2F, 0xD2, 0xFE, 0x00, 0x00, 0x0F, 0xF3, 0xFC, 0x00, 0x00, 0x0B, 0xFB, 0xF8, 0x00, 0x00,
    0x03, 0xFF, 0xF0, 0x00, 0x00, 0x02, 0xFF, 0xF0, 0x00, 0x00, 0x00, 0xFF, 0xD0, 0x00, 0x00, 0x00,
    0xBF, 0xC0, 0x00, 0x00, 0x00, 0xFF, 0x40, 0x00, 0x05, 0x5B, 0xFE, 0x00, 0x00, 0x0B, 0xFF, 0xFC,
    0x00, 0x00, 0x0B, 0xFF, 0xF0, 0x00, 0x00, 0x07, 0xFE, 0x40, 0x00, 0x00, 0x00, 0x10, 0x01, 0x00,
    0x00, 0xBF, 0x0B, 0xF0, 0x00, 0x3F, 0xD3, 0xFD, 0x00, 0x07, 0xE0, 0x7E, 0x00, 0x00, 0x00, 0x00,
    0x00, 0x00, 0x00, 0x00, 0x00, 0x0F, 0xFC, 0x00, 0x0F, 0xF5, 0xFF, 0x00, 0x0B, 0xFC, 0x3F, 0xE0,
    0x03, 0xFE, 0x0B, 0xFC, 0x00, 0xFF, 0x40, 0xFF, 0x00, 0x7F, 0xC0, 0x2F, 0xD0, 0x3F, 0xE0, 0x07,
    0xFC, 0x0F, 0xF0, 0x00, 0xFF, 0x07, 0xFC, 0x00, 0x1F, 0xD2, 0xFD, 0x00, 0x03, 0xF8, 0xFF, 0x00,
    0x00, 0xBF, 0x7F, 0x80, 0x00, 0x1F, 0xEF, 0xD0, 0x00, 0x03, 0xFF, 0xF0, 0x00, 0x00, 0x7F, 0xF8,
    0x00, 0x00, 0x0F, 0xFC, 0x00, 0x00, 0x02, 0xFF, 0x00, 0x00, 0x00, 0x7F, 0x40, 0x00, 0x00, 0x3F,
    0xC0, 0x00, 0x00, 0x2F, 0xE0, 0x00, 0x05, 0x6F, 0xF0, 0x00, 0x03, 0xFF, 0xF8, 0x00, 0x00, 0xFF,
    0xF8, 0x00, 0x00, 0x3F, 0xE4, 0x00, 0x00, 0x00, 0x00, 0x00, 0xBF, 0x8F, 0xF4, 0x00, 0x07, 0xFC,
    0xBF, 0x80, 0x00, 0x3F, 0xC3, 0xF8, 0x00, 0x01, 0xFC, 0x3F, 0x80, 0x00, 0x0F, 0x81, 0xF4, 0x00,
    0x00, 0x00, 0x00, 0x00, 0x07, 0xFD, 0x00, 0x00, 0xBF, 0x8F, 0xF8, 0x00, 0x03, 0xFD, 0x2F, 0xF0,
    0x00, 0x1F, 0xF0, 0x3F, 0xE0, 0x00, 0xFF, 0x40, 0xBF, 0xC0, 0x03, 0xFC, 0x00, 0xFF, 0x40, 0x2F,
    0xE0, 0x02, 0xFE, 0x00, 0xFF, 0x00, 0x03, 0xFC, 0x07, 0xF8, 0x00, 0x0F, 0xF4, 0x2F, 0xD0, 0x00,
    0x1F, 0xF0, 0xFF, 0x00, 0x00, 0x3F, 0xD7, 0xF4, 0x00, 0x00, 0x7F, 0xBF, 0xC0, 0x00, 0x00, 0xFF,
    0xFE, 0x00, 0x00, 0x01, 0xFF, 0xF0, 0x00, 0x00, 0x03, 0xFF, 0x80, 0x00, 0x00, 0x0B, 0xFD, 0x00,
    0x00, 0x00, 0x3F, 0xE0, 0x00, 0x01, 0x57, 0xFF, 0x00, 0x00, 0x0F, 0xFF, 0xF4, 0x00, 0x00, 0x3F,
    0xFF, 0x40, 0x00, 0x00, 0xFF, 0xE0, 0x00, 0x00, 0x00, 0x00, 0x03, 0xFD, 0x7F, 0xC0, 0x00, 0xBF,
    0x8F, 0xF0, 0x00, 0x1F, 0xE2, 0xFC, 0x00, 0x03, 0xF4, 0x3F, 0x00, 0x00, 0x7D, 0x0F, 0xC0, 0x00,
    0x00, 0x00, 0x00, 0x00, 0x3F, 0xF0, 0x00, 0x3F, 0xD1, 0xFF, 0x00, 0x07, 0xFC, 0x0F, 0xF4, 0x00,
    0xBF, 0x80, 0xBF, 0xC0, 0x0F, 0xF4, 0x03, 0xFC, 0x01, 0xFF, 0x00, 0x3F, 0xD0, 0x2F, 0xE0, 0x01,
    0xFE, 0x03, 0xFC, 0x00, 0x0F, 0xF0, 0x7F, 0xC0, 0x00, 0xBF, 0x4B, 0xF4, 0x00, 0x07, 0xF8, 0xFF,
    0x00, 0x00, 0x3F, 0xDF, 0xE0, 0x00, 0x01, 0xFE, 0xFD, 0x00, 0x00, 0x0F, 0xFF, 0xC0, 0x00, 0x00,
    0xBF, 0xF8, 0x00, 0x00, 0x07, 0xFF, 0x00, 0x00, 0x00, 0x3F, 0xF0, 0x00, 0x00, 0x03, 0xFD, 0x00,
    0x00, 0x00, 0x7F, 0xC0, 0x00, 0x00, 0x0F, 0xF8, 0x00, 0x00, 0x57, 0xFF, 0x00, 0x00, 0x0F, 0xFF,
    0xE0, 0x00, 0x00, 0xFF, 0xF8, 0x00, 0x00, 0x0F, 0xF9, 0x00, 0x00, 0x00, 0x00, 0x10, 0x01, 0x00,
    0x00, 0xBF, 0x0B, 0xF0, 0x00, 0x3F, 0xD3, 0xFD, 0x00, 0x07, 0xE0, 0x7E, 0x00, 0x00, 0x00, 0x00,
    0x00, 0x00, 0x00, 0x00, 0x00, 0x0F, 0xF4, 0x00, 0x0F, 0xF7, 0xFD, 0x00, 0x03, 0xFD, 0xFF, 0x40,
    0x00, 0xFF, 0x7F, 0xD0, 0x00, 0x3F, 0xDF, 0xF4, 0x00, 0x0F, 0xF7, 0xFD, 0x00, 0x03, 0xFD, 0xFF,
    0x40, 0x00, 0xFF, 0x7F, 0xD0, 0x00, 0x3F, 0xDF, 0xF8, 0x00, 0x0F, 0xF7, 0xFF, 0x00, 0x03, 0xFD,
    0x7F, 0xF9, 0x5B, 0xFF, 0x4F, 0xFF, 0xFF, 0xFF, 0xD0, 0xFF, 0xFF, 0xFF, 0xF4, 0x06, 0xFF, 0xE7,
    0xFD, 0x00, 0x00, 0x00, 0xFF, 0x40, 0x00, 0x00, 0x3F, 0xD0, 0x00, 0x00, 0x0F, 0xF4, 0x00, 0x00,
    0x03, 0xFD, 0x00, 0x00, 0x00, 0xFF, 0x40, 0x00, 0x00, 0x3F, 0xD0, 0x00, 0x00, 0x0F, 0xF4, 0x00,
    0x40, 0x04, 0x00, 0x2F, 0xC2, 0xFC, 0x00, 0xFF, 0x4F, 0xF4, 0x01, 0xF8, 0x1F, 0x80, 0x00, 0x00,
    0x00, 0x00, 0x00, 0x00, 0x00, 0x0F, 0xF4, 0x00, 0xFF, 0x7F, 0xD0, 0x03, 0xFD, 0xFF, 0x40, 0x0F,
    0xF7, 0xFD, 0x00, 0x3F, 0xDF, 0xF4, 0x00, 0xFF, 0x7F, 0xD0, 0x03, 0xFD, 0xFF, 0xC0, 0x0F, 0xF6,
    0xFF, 0x95, 0xBF, 0xD7, 0xFF, 0xFF, 0xFF, 0x4B, 0xFF, 0xFF, 0xFD, 0x06, 0xFF, 0xEF, 0xF4, 0x00,
    0x00, 0x3F, 0xD0, 0x00, 0x00, 0xFF, 0x40, 0x00, 0x03, 0xFD, 0x00, 0x00, 0x0F, 0xF4, 0x00, 0x00,
    0x3F, 0xD0, 0xFF, 0xFF, 0xFF, 0xFF, 0xFF, 0xFF, 0xFF, 0xFF, 0xFF, 0xFF, 0xFE, 0x55, 0x55, 0xFF,
    0x40, 0x00, 0x3F, 0xD0, 0x00, 0x0F, 0xF4, 0x00, 0x03, 0xFD, 0x00, 0x00, 0xFF, 0x40, 0x00, 0x3F,
    0xD0, 0x00, 0x0F, 0xF4, 0x00, 0x03, 0xFD, 0x00, 0x00, 0xFF, 0x40, 0x00, 0x3F, 0xD0, 0x00, 0x0F,
    0xF4, 0x00, 0x03, 0xFD, 0x00, 0x00, 0xFF, 0x40, 0x00, 0x3F, 0xFF, 0xF0, 0x0F, 0xFF, 0xFC, 0x03,
    0xFF, 0xFF, 0x00, 0xFF, 0xFF, 0xC0, 0x00, 0x1F, 0xF0, 0x00, 0x07, 0xFC, 0x00, 0x01, 0xFF, 0x00,
    0x00, 0x7F, 0xC0, 0x00, 0x1F, 0xF0, 0x00, 0x07, 0xFC, 0x00, 0xFF, 0xFF, 0xFF, 0xFF, 0xFF, 0xFF,
    0xFF, 0xFF, 0xFF, 0xE5, 0x55, 0xFF, 0x40, 0x03, 0xFD, 0x00, 0x0F, 0xF4, 0x00, 0x3F, 0xD0, 0x00,
    0xFF, 0x40, 0x03, 0xFD, 0x00, 0x0F, 0xF4, 0x00, 0x3F, 0xD0, 0x00, 0xFF, 0x40, 0x03, 0xFF, 0xFD,
    0x0F, 0xFF, 0xF4, 0x3F, 0xFF, 0xD0, 0x00, 0xBF, 0x40, 0x02, 0xFD, 0x00, 0x0B, 0xF4, 0x00, 0x2F,
    0xD0, 0x00, 0xBF, 0x40, 0x02, 0xFD, 0x00, 0x00, 0x01, 0x00, 0x10, 0x00, 0x00, 0x00, 0xFE, 0x0F,
    0xE0, 0x00, 0x00, 0x1F, 0xF1, 0xFF, 0x00, 0x00, 0x00, 0xBD, 0x0B, 0xD0, 0x00, 0x00, 0x00, 0x00,
    0x00, 0x00, 0x00, 0x00, 0x00, 0x00, 0x00, 0x00, 0xFF, 0x40, 0x00, 0x00, 0x3F, 0xDF, 0xF4, 0x00,
    0x00, 0x03, 0xFD, 0xFF, 0x40, 0x00, 0x00, 0x3F, 0xDF, 0xF4, 0x00, 0x00, 0x03, 0xFD, 0xFF, 0x40,
    0x00, 0x00, 0x3F, 0xDF, 0xF4, 0x00, 0x00, 0x03, 0xFD, 0xFF, 0x40, 0x00, 0x00, 0x3F, 0xDF, 0xF9,
    0x50, 0x00, 0x03, 0xFD, 0xFF, 0xFF, 0xF8, 0x00, 0x3F, 0xDF, 0xFF, 0xFF, 0xF8, 0x03, 0xFD, 0xFF,
    0xFF, 0xFF, 0xD0, 0x3F, 0xDF, 0xF4, 0x07, 0xFF, 0x03, 0xFD, 0xFF, 0x40, 0x1F, 0xF0, 0x3F, 0xDF,
    0xF4, 0x00, 0xFF, 0x43, 0xFD, 0xFF, 0x40, 0x0F, 0xF4, 0x3F, 0xDF, 0xF4, 0x00, 0xFF, 0x43, 0xFD,
    0xFF, 0x40, 0x2F, 0xF0, 0x3F, 0xDF, 0xF9, 0x5F, 0xFF, 0x03, 0xFD, 0xFF, 0xFF, 0xFF, 0xC0, 0x3F,
    0xDF, 0xFF, 0xFF, 0xF4, 0x03, 0xFD, 0xFF, 0xFF, 0xE4, 0x00, 0x3F, 0xD0, 0x00, 0x04, 0x00, 0x10,
    0x00, 0x00, 0x0F, 0xE0, 0xBF, 0x00, 0x00, 0x07, 0xFC, 0x3F, 0xD0, 0x00, 0x00, 0xBD, 0x07, 0xE0,
    0x00, 0x00, 0x00, 0x00, 0x00, 0x00, 0x00, 0x00, 0x00, 0x00, 0x00, 0x0F, 0xF4, 0x00, 0x00, 0x0F,
    0xF7, 0xFD, 0x00, 0x00, 0x03, 0xFD, 0xFF, 0x40, 0x00, 0x00, 0xFF, 0x7F, 0xD0, 0x00, 0x00, 0x3F,
    0xDF, 0xF4, 0x00, 0x00, 0x0F, 0xF7, 0xFF, 0xFF, 0x90, 0x03, 0xFD, 0xFF, 0xFF, 0xFE, 0x00, 0xFF,
    0x7F, 0xFF, 0xFF, 0xE0, 0x3F, 0xDF, 0xF9, 0x5F, 0xFC, 0x0F, 0xF7, 0xFD, 0x00, 0xFF, 0x43, 0xFD,
    0xFF, 0x40, 0x3F, 0xD0, 0xFF, 0x7F, 0xD0, 0x0F, 0xF4, 0x3F, 0xDF, 0xF9, 0x5F, 0xFC, 0x0F, 0xF7,
    0xFF, 0xFF, 0xFE, 0x03, 0xFD, 0xFF, 0xFF, 0xFE, 0x00, 0xFF, 0x7F, 0xFF, 0xF9, 0x00, 0x3F, 0xD0,
    0x0F, 0xFF, 0xFF, 0xFC, 0x3F, 0xFF, 0xFF, 0xF0, 0xFF, 0xFF, 0xFF, 0xC3, 0xFE, 0x55, 0x55, 0x0F,
    0xF4, 0x00, 0x00, 0x3F, 0xD0, 0x00, 0x00, 0xFF, 0x40, 0x00, 0x03, 0xFD, 0x00, 0x00, 0x0F, 0xF4,
    0x00, 0x03, 0xFF, 0xFF, 0xFC, 0x0F, 0xFF, 0xFF, 0xF0, 0x3F, 0xFF, 0xFF, 0xC0, 0x5F, 0xF9, 0x55,
    0x00, 0x3F, 0xD0, 0x00, 0x00, 0xFF, 0x40, 0x00, 0x03, 0xFD, 0x00, 0x00, 0x0F, 0xF4, 0x00, 0x00,
    0x3F, 0xE5, 0x50, 0x00, 0xFF, 0xFF, 0xC0, 0x03, 0xFF, 0xFF, 0x00, 0x0F, 0xFF, 0xFC, 0x00, 0x00,
    0x0F, 0xF0, 0x00, 0x00, 0x3F, 0xC0, 0x00, 0x01, 0xFF, 0x00, 0x01, 0x5F, 0xFC, 0x00, 0x0F, 0xFF,
    0xD0, 0x00, 0x3F, 0xFE, 0x00, 0x00, 0xBF, 0xD0, 0x00, 0x0F, 0xFF, 0xFF, 0xE0, 0xFF, 0xFF, 0xFE,
    0x0F, 0xFF, 0xFF, 0xE0, 0xFF, 0x95, 0x54, 0x0F, 0xF4, 0x00, 0x00, 0xFF, 0x40, 0x00, 0x0F, 0xF4,
    0x00, 0x0F, 0xFF, 0xFF, 0xC0, 0xFF, 0xFF, 0xFC, 0x0F, 0xFF, 0xFF, 0xC0, 0x5F, 0xF9, 0x54, 0x00,
    0xFF, 0x40, 0x00, 0x0F, 0xF4, 0x00, 0x00, 0xFF, 0xFF, 0x00, 0x0F, 0xFF, 0xF0, 0x00, 0xFF, 0xFF,
    0x00, 0x00, 0x0B, 0xF0, 0x00, 0x00, 0xBF, 0x00, 0x00, 0x0B, 0xF0, 0x00, 0x05, 0xFF, 0x00, 0x01,
    0xFF, 0xE0, 0x00, 0x1F, 0xFC, 0x00, 0x01, 0xFE, 0x00, 0x00, 0x2F, 0xF4, 0x00, 0x0F, 0xFD, 0x00,
    0xFF, 0xC0, 0x01, 0xFF, 0x80, 0x07, 0xFD, 0x00, 0x3F, 0xF0, 0x00, 0x2F, 0xF0, 0x0B, 0xFD, 0x00,
    0x00, 0xFF, 0x80, 0xFF, 0x80, 0x00, 0x07, 0xFD, 0x2F, 0xF0, 0x00, 0x00, 0x3F, 0xF7, 0xFD, 0x00,
    0x00, 0x00, 0xFF, 0xFF, 0xC0, 0x00, 0x00, 0x0B, 0xFF, 0xF0, 0x00, 0x00, 0x00, 0x3F, 0xFE, 0x00,
    0x00, 0x00, 0x02, 0xFF, 0xC0, 0x00, 0x00, 0x00, 0x7F, 0xFE, 0x00, 0x00, 0x00, 0x0F, 0xFF, 0xF4,
    0x00, 0x00, 0x02, 0xFF, 0xFF, 0xC0, 0x00, 0x00, 0x3F, 0xE3, 0xFE, 0x00, 0x00, 0x0F, 0xFC, 0x2F,
    0xF4, 0x00, 0x02, 0xFF, 0x40, 0xFF, 0xC0, 0x00, 0x3F, 0xE0, 0x07, 0xFF, 0xFD, 0x0F, 0xFC, 0x00,
    0x2F, 0xFF, 0xD1, 0xFF, 0x40, 0x00, 0xFF, 0xFD, 0x3F, 0xF0, 0x00, 0x07, 0xFF, 0xD0, 0x00, 0x00,
    0x00, 0x03, 0xFD, 0x00, 0x00, 0x00, 0x00, 0x3F, 0xD0, 0x00, 0x00, 0x00, 0x03, 0xFD, 0x00, 0x00,
    0x00, 0x15, 0xFF, 0xC0, 0x00, 0x00, 0x02, 0xFF, 0xFC, 0x00, 0x00, 0x00, 0x2F, 0xFF, 0x00, 0x00,
    0x00, 0x01, 0xFF, 0x80, 0x2F, 0xF4, 0x00, 0xFF, 0xC0, 0x3F, 0xF0, 0x0B, 0xFD, 0x00, 0x7F, 0xE0,
    0x7F, 0xE0, 0x00, 0xBF, 0xC3, 0xFF, 0x00, 0x00, 0xFF, 0xAF, 0xF4, 0x00, 0x01, 0xFF, 0xFF, 0x80,
    0x00, 0x02, 0xFF, 0xFC, 0x00, 0x00, 0x03, 0xFF, 0xC0, 0x00, 0x00, 0x1F, 0xFF, 0x40, 0x00, 0x00,
    0xFF, 0xFF, 0x00, 0x00, 0x0B, 0xFF, 0xFF, 0x00, 0x00, 0x3F, 0xD7, 0xFE, 0x00, 0x03, 0xFF, 0x0B,
    0xFD, 0x00, 0x2F, 0xF4, 0x0F, 0xFF, 0xF0, 0xFF, 0x80, 0x1F, 0xFF, 0xCF, 0xFC, 0x00, 0x3F, 0xFF,
    0x00, 0x00, 0x00, 0x03, 0xFC, 0x00, 0x00, 0x00, 0x0F, 0xF0, 0x00, 0x00, 0x00, 0x3F, 0xC0, 0x00,
    0x00, 0x16, 0xFF, 0x00, 0x00, 0x00, 0xFF, 0xF8, 0x00, 0x00, 0x03, 0xFF, 0xC0, 0x00, 0x00, 0x0B,
    0xF8, 0x00, 0x3F, 0xF0, 0x00, 0x0F, 0xFC, 0x0F, 0xF8, 0x00, 0x2F, 0xF0, 0x0B, 0xFC, 0x00, 0x3F,
    0xE0, 0x03, 0xFE, 0x00, 0xBF, 0xC0, 0x01, 0xFF, 0x41, 0xFF, 0x40, 0x00, 0xFF, 0xC3, 0xFF, 0x00,
    0x00, 0x7F, 0xD7, 0xFD, 0x00, 0x00, 0x2F, 0xFF, 0xF8, 0x00, 0x00, 0x0F, 0xFF, 0xF0, 0x00, 0x0F,
    0xFF, 0xFF, 0xFF, 0xF0, 0x0F, 0xFF, 0xFF, 0xFF, 0xF0, 0x0F, 0xFF, 0xFF, 0xFF, 0xF0, 0x05, 0x5F,
    0xFF, 0xF5, 0x50, 0x00, 0x2F, 0xFF, 0xF8, 0x00, 0x00, 0x7F, 0xD7, 0xFD, 0x00, 0x00, 0xFF, 0xC3,
    0xFF, 0x00, 0x02, 0xFF, 0x01, 0xFF, 0x80, 0x07, 0xFE, 0x00, 0xBF, 0xC0, 0x0F, 0xFC, 0x00, 0x3F,
    0xF0, 0x2F, 0xF4, 0x00, 0x1F, 0xF8, 0x3F, 0xE0, 0x00, 0x0F, 0xFC, 0x2F, 0xF0, 0x00, 0xFF, 0xC0,
    0xFF, 0x80, 0x2F, 0xF0, 0x0B, 0xFD, 0x07, 0xFE, 0x00, 0x3F, 0xF0, 0xFF, 0xC0, 0x01, 0xFF, 0x5F,
    0xF4, 0x00, 0x0B, 0xFF, 0xFE, 0x00, 0x05, 0x7F, 0xFF, 0xD5, 0x00, 0xFF, 0xFF, 0xFF, 0xF0, 0x0F,
    0xFF, 0xFF, 0xFF, 0x00, 0xFF, 0xFF, 0xFF, 0xF0, 0x00, 0x7F, 0xFF, 0xD0, 0x00, 0x0F, 0xFA, 0xFF,
    0x00, 0x03, 0xFF, 0x0F, 0xFC, 0x00, 0xBF, 0xD0, 0x7F, 0xE0, 0x1F, 0xF8, 0x02, 0xFF, 0x43, 0xFF,
    0x00, 0x0F, 0xFC, 0x1F, 0xFC, 0x00, 0x0B, 0xFC, 0x2F, 0xFC, 0x00, 0x2F, 0xE0, 0x3F, 0xF8, 0x00,
    0xFF, 0x80, 0x3F, 0xF0, 0x03, 0xFD, 0x00, 0x7F, 0xF0, 0x0F, 0xF4, 0x00, 0xBF, 0xE0, 0x7F, 0xC0,
    0x02, 0xFF, 0xD3, 0xFE, 0x00, 0x3F, 0xFF, 0xFF, 0xF0, 0x03, 0xFF, 0xFF, 0xFF, 0x40, 0x1F, 0xF2,
    0xFF, 0xF4, 0x00, 0xFF, 0x83, 0xFF, 0x00, 0x03, 0xFD, 0x03, 0xFE, 0x00, 0x1F, 0xF0, 0x0B, 0xFD,
    0x00, 0xBF, 0xC0, 0x0F, 0xFC, 0x02, 0xFE, 0x00, 0x1F, 0xF8, 0x0F, 0xF8, 0x00, 0x2F, 0xF4, 0x3F,
    0xD0, 0x00, 0x3F, 0xF0, 0xFF, 0x40, 0x00, 0x7F, 0xE0, 0x2F, 0xFF, 0xE4, 0x00, 0x3F, 0xFF, 0xFE,
    0x00, 0x3F, 0xFF, 0xFF, 0x40, 0x2A, 0xAB, 0xFF, 0xC0, 0x00, 0x00, 0xBF, 0xC0, 0x00, 0x00, 0x3F,
    0xD0, 0x00, 0x00, 0x3F, 0xD0, 0x00, 0x00, 0x3F, 0xD0, 0x00, 0x00, 0x3F, 0xD0, 0x00, 0x00, 0x3F,
    0xD0, 0x00, 0x00, 0x3F, 0xD0, 0x00, 0x00, 0x3F, 0xD0, 0x00, 0x00, 0x3F, 0xD0, 0x00, 0x00, 0x3F,
    0xD0, 0xAA, 0xAA, 0xBF, 0xF9, 0xFF, 0xFF, 0xFF, 0xFD, 0xFF, 0xFF, 0xFF, 0xFD, 0xFF, 0xFF, 0xFF,
    0xFC, 0x0B, 0xFE, 0x00, 0x0F, 0xFF, 0xC0, 0x0F, 0xFF, 0xF0, 0x0A, 0xBF, 0xF0, 0x00, 0x1F, 0xF4,
    0x00, 0x0F, 0xF4, 0x00, 0x0F, 0xF4, 0x00, 0x0F, 0xF4, 0x00, 0x0F, 0xF4, 0x00, 0x0F, 0xF4, 0x00,
    0x0F, 0xF4, 0x00, 0x0F, 0xF4, 0x00, 0x2F, 0xF4, 0x00, 0xBF, 0xF8, 0x6F, 0xFB, 0xFC, 0xBF, 0xE3,
    0xFC, 0xBF, 0xC3, 0xFC, 0xBE, 0x02, 0xF8, 0x00, 0x00, 0x00, 0xBF, 0xFF, 0xFF, 0xFD, 0xBF, 0xFF,
    0xFF, 0xFC, 0xBF, 0xFF, 0xFF, 0xFC, 0x6A, 0xAA, 0xBF, 0xE8, 0x00, 0x00, 0x7F, 0x80, 0x00, 0x00,
    0xFF, 0x40, 0x00, 0x00, 0xFF, 0x40, 0x00, 0x00, 0xFF, 0x40, 0x00, 0x00, 0xFF, 0x40, 0x00, 0x00,
    0xFF, 0x40, 0x00, 0x00, 0xFF, 0x40, 0x00, 0x00, 0xFF, 0x40, 0x00, 0x00, 0xFF, 0x40, 0x00, 0x00,
    0xFF, 0x40, 0x00, 0x00, 0xFF, 0x40, 0x00, 0x00, 0xFF, 0x40, 0x00, 0x00, 0xFF, 0x40, 0x00, 0x00,
    0xFF, 0x40, 0x3F, 0xFF, 0xFF, 0x90, 0x0F, 0xFF, 0xFF, 0xFE, 0x03, 0xFF, 0xFF, 0xFF, 0xD0, 0xAA,
    0xAA, 0xBF, 0xFC, 0x00, 0x00, 0x02, 0xFF, 0x00, 0x00, 0x00, 0x3F, 0xD0, 0x00, 0x00, 0x0F, 0xF4,
    0x00, 0x00, 0x03, 0xFD, 0x3F, 0xD0, 0x00, 0xFF, 0x4F, 0xF4, 0x00, 0x3F, 0xD3, 0xFD, 0x00, 0x0F,
    0xF4, 0xFF, 0x40, 0x03, 0xFD, 0x3F, 0xD0, 0x00, 0xFF, 0x4F, 0xF4, 0x00, 0x3F, 0xD3, 0xFD, 0x00,
    0x0F, 0xF4, 0xFF, 0x40, 0x03, 0xFD, 0x3F, 0xD0, 0x00, 0xFF, 0x4F, 0xF4, 0x00, 0x3F, 0xD0, 0x3F,
    0xFD, 0x3F, 0xFD, 0x3F, 0xFD, 0x2B, 0xFD, 0x03, 0xFD, 0x03, 0xFD, 0x03, 0xFD, 0x03, 0xFD, 0x03,
    0xFD, 0x03, 0xFD, 0x03, 0xFD, 0x03, 0xFD, 0x03, 0xFD, 0x03, 0xFD, 0x03, 0xFD, 0x03, 0xFD, 0x03,
    0xFD, 0x03, 0xFD, 0xFF, 0xFF, 0xCF, 0xFF, 0xFC, 0xFF, 0xFF, 0xCA, 0xAF, 0xF8, 0x03, 0xFD, 0x00,
    0xFF, 0x00, 0x2F, 0xE0, 0x03, 0xFE, 0x00, 0x3F, 0xD0, 0x03, 0xFD, 0x00, 0x3F, 0xE0, 0x03, 0xFE,
    0x00, 0x3F, 0xF0, 0x02, 0xFF, 0x00, 0x2F, 0xF0, 0x01, 0xFF, 0x40, 0x0F, 0xF8, 0x00, 0xFF, 0x80,
    0x3F, 0xFF, 0xFF, 0xE4, 0x03, 0xFF, 0xFF, 0xFF, 0xF0, 0x7F, 0xFF, 0xFF, 0xFF, 0xC6, 0xBF, 0xEA,
    0xAF, 0xFE, 0x07, 0xF8, 0x00, 0x3F, 0xF0, 0xFF, 0x40, 0x02, 0xFF, 0x0F, 0xF4, 0x00, 0x1F, 0xF0,
    0xFF, 0x40, 0x01, 0xFF, 0x0F, 0xF4, 0x00, 0x1F, 0xF0, 0xFF, 0x40, 0x01, 0xFF, 0x0F, 0xF4, 0x00,
    0x1F, 0xF0, 0xFF, 0x40, 0x01, 0xFF, 0x0F, 0xF4, 0x00, 0x1F, 0xF0, 0xFF, 0x40, 0x01, 0xFF, 0x0F,
    0xF4, 0x00, 0x1F, 0xF0, 0xFF, 0x40, 0x01, 0xFF, 0x0F, 0xF4, 0x00, 0x1F, 0xF0, 0xFF, 0x40, 0x01,
    0xFF, 0xFF, 0x41, 0xFF, 0xD0, 0x3F, 0xD0, 0x7F, 0xFF, 0x0F, 0xF4, 0x1F, 0xFF, 0xE3, 0xFD, 0x07,
    0xAF, 0xFC, 0xFF, 0x40, 0x00, 0xFF, 0xBF, 0xD0, 0x00, 0x3F, 0xFF, 0xF4, 0x00, 0x0B, 0xFF, 0xFD,
    0x00, 0x01, 0xFF, 0xFF, 0x40, 0x00, 0x7F, 0xFF, 0xE0, 0x00, 0x2F, 0xFF, 0xF8, 0x00, 0x0B, 0xFE,
    0xFF, 0x00, 0x03, 0xFE, 0x7F, 0xD0, 0x01, 0xFF, 0x4F, 0xFC, 0x01, 0xFF, 0xC1, 0xFF, 0xFB, 0xFF,
    0xD0, 0x2F, 0xFF, 0xFF, 0xE0, 0x02, 0xFF, 0xFF, 0xE0, 0x00, 0x0B, 0xFF, 0x80, 0x00, 0x3F, 0xFD,
    0x3F, 0xFD, 0x3F, 0xFD, 0x2B, 0xFD, 0x03, 0xFD, 0x03, 0xFD, 0x03, 0xFD, 0x03, 0xFD, 0x03, 0xFD,
    0x03, 0xFD, 0x00, 0x00, 0x3F, 0xFF, 0xF8, 0x01, 0xFF, 0xFF, 0xFD, 0x07, 0xFF, 0xFF, 0xFC, 0x1A,
    0xAA, 0xBF, 0xFC, 0x00, 0x00, 0x2F, 0xF0, 0x00, 0x00, 0x3F, 0xD0, 0x00, 0x00, 0xFF, 0x40, 0x00,
    0x03, 0xFD, 0x00, 0x00, 0x0F, 0xF4, 0x00, 0x00, 0x3F, 0xD0, 0x00, 0x00, 0xFF, 0x40, 0x00, 0x03,
    0xFD, 0x00, 0x00, 0x0F, 0xF4, 0x00, 0x00, 0x3F, 0xD0, 0x00, 0x00, 0xFF, 0x40, 0x00, 0x03, 0xFD,
    0x00, 0x00, 0x0F, 0xF4, 0x00, 0x00, 0x3F, 0xD0, 0x00, 0x00, 0xFF, 0x40, 0x00, 0x03, 0xFD, 0x00,
    0x00, 0x0F, 0xF4, 0x00, 0x00, 0x3F, 0xD0, 0x00, 0x00, 0xFF, 0x40, 0xBF, 0xFE, 0x40, 0x0B, 0xFF,
    0xFF, 0x40, 0xFF, 0xFF, 0xFD, 0x0A, 0xAA, 0xFF, 0xF0, 0x00, 0x01, 0xFF, 0x80, 0x00, 0x0B, 0xFC,
    0x00, 0x00, 0x7F, 0xC0, 0x00, 0x03, 0xFD, 0x00, 0x00, 0x3F, 0xD0, 0x00, 0x03, 0xFD, 0x00, 0x00,
    0x3F, 0xD0, 0x00, 0x07, 0xFC, 0x00, 0x00, 0xBF, 0xC0, 0x00, 0x1F, 0xF8, 0xAA, 0xAF, 0xFF, 0x0F,
    0xFF, 0xFF, 0xD0, 0xFF, 0xFF, 0xF4, 0x0F, 0xFF, 0xE4, 0x00, 0x15, 0x00, 0x00, 0x03, 0xFD, 0x00,
    0x00, 0x0F, 0xF4, 0x00, 0x00, 0x3F, 0xD0, 0x00, 0x00, 0xFF, 0x40, 0x00, 0x03, 0xFF, 0xFF, 0xFF,
    0xEF, 0xFF, 0xFF, 0xFF, 0x7F, 0xFF, 0xFF, 0xFD, 0xAA, 0xAA, 0xBF, 0xF0, 0x00, 0x00, 0xFF, 0x80,
    0x00, 0x03, 0xFD, 0x00, 0x00, 0x2F, 0xF0, 0x00, 0x00, 0xFF, 0x80, 0x00, 0x07, 0xFD, 0x00, 0x00,
    0x2F, 0xF0, 0x00, 0x00, 0xFF, 0x80, 0x00, 0x07, 0xFD, 0x00, 0x00, 0x2F, 0xF0, 0x00, 0x00, 0xFF,
    0x80, 0x00, 0x07, 0xFC, 0x00, 0x00, 0x2F, 0xF0, 0x00, 0x00, 0xFF, 0x80, 0x00, 0x07, 0xFC, 0x00,
    0x00, 0x3F, 0xFF, 0xFF, 0xE4, 0x07, 0xFF, 0xFF, 0xFF, 0xF0, 0x7F, 0xFF, 0xFF, 0xFF, 0xC6, 0xBF,
    0xEA, 0xAF, 0xFE, 0x07, 0xF4, 0x00, 0x3F, 0xF0, 0xFF, 0x40, 0x02, 0xFF, 0x0F, 0xF4, 0x00, 0x1F,
    0xF0, 0xFF, 0x40, 0x01, 0xFF, 0x0F, 0xF4, 0x00, 0x1F, 0xF0, 0xFF, 0x40, 0x01, 0xFF, 0x0F, 0xF4,
    0x00, 0x1F, 0xF0, 0xFF, 0x40, 0x01, 0xFF, 0x0F, 0xF4, 0x00, 0x1F, 0xF0, 0xFF, 0x40, 0x01, 0xFF,
    0x0F, 0xFE, 0xAA, 0xBF, 0xF0, 0xFF, 0xFF, 0xFF, 0xFF, 0x0F, 0xFF, 0xFF, 0xFF, 0xF0, 0xFF, 0xFF,
    0xFF, 0xFF, 0x3F, 0xD0, 0x1F, 0xF9, 0x00, 0x3F, 0xE0, 0xFF, 0xFF, 0x80, 0x1F, 0xF2, 0xFF, 0xFF,
    0xE0, 0x0F, 0xF7, 0xFE, 0xFF, 0xF4, 0x0F, 0xFF, 0xC0, 0x1F, 0xF8, 0x07, 0xFF, 0x40, 0x0B, 0xFC,
    0x03, 0xFF, 0x00, 0x07, 0xFC, 0x03, 0xFE, 0x00, 0x03, 0xFD, 0x03, 0xFD, 0x00, 0x03, 0xFD, 0x03,
    0xFD, 0x00, 0x03, 0xFD, 0x07, 0xFC, 0x00, 0x03, 0xFD, 0x0B, 0xFC, 0x00, 0x07, 0xFC, 0x0B, 0xFC,
    0x00, 0x0F, 0xFC, 0x0F, 0xF8, 0x00, 0x2F, 0xF8, 0x0F, 0xF4, 0x2A, 0xFF, 0xF0, 0x1F, 0xF0, 0x3F,
    0xFF, 0xD0, 0x1F, 0xF0, 0x3F, 0xFF, 0x00, 0x2F, 0xF0, 0x7F, 0xF4, 0x00, 0x3F, 0xFD, 0x3F, 0xFD,
    0x3F, 0xFD, 0x2B, 0xFD, 0x03, 0xFD, 0x03, 0xFD, 0x03, 0xFD, 0x03, 0xFD, 0x03, 0xFD, 0x03, 0xFD,
    0x03, 0xFD, 0x03, 0xFD, 0x03, 0xFD, 0x03, 0xFD, 0x03, 0xFD, 0x03, 0xFD, 0x03, 0xFD, 0x03, 0xFD,
    0x03, 0xFD, 0x03, 0xFD, 0x03, 0xFD, 0x03, 0xFD, 0x03, 0xFD, 0x1F, 0xF8, 0x02, 0xFF, 0xF4, 0x2F,
    0xFF, 0xC1, 0xAF, 0xFC, 0x00, 0x7F, 0xD0, 0x03, 0xFD, 0x00, 0x3F, 0xD0, 0x03, 0xFD, 0x00, 0x3F,
    0xD0, 0x03, 0xFD, 0x00, 0x3F, 0xD0, 0x03, 0xFD, 0x00, 0x3F, 0xD0, 0x03, 0xFD, 0x6A, 0xBF, 0xDB,
    0xFF, 0xFD, 0xBF, 0xFF, 0xDB, 0xFF, 0xFD, 0x7F, 0xFF, 0xFF, 0x90, 0x07, 0xFF, 0xFF, 0xFF, 0xD0,
    0xBF, 0xFF, 0xFF, 0xFF, 0x46, 0xBF, 0xEA, 0xBF, 0xFC, 0x07, 0xF4, 0x00, 0x7F, 0xD0, 0xFF, 0x00,
    0x03, 0xFE, 0x2F, 0xE0, 0x00, 0x2F, 0xF3, 0xFD, 0x00, 0x02, 0xFF, 0x3F, 0xD0, 0x00, 0x1F, 0xF3,
    0xFD, 0x00, 0x02, 0xFF, 0x3F, 0xE0, 0x00, 0x2F, 0xF3, 0xFF, 0x00, 0x03, 0xFE, 0x2F, 0xF0, 0x00,
    0x7F, 0xD1, 0xFF, 0xC0, 0x0F, 0xFC, 0x0F, 0xFF, 0xEF, 0xFF, 0x40, 0x3F, 0xFF, 0xFF, 0xE0, 0x00,
    0xFF, 0xFF, 0xF8, 0x00, 0x01, 0xBF, 0xF8, 0x00, 0x00, 0x00, 0x00, 0x00, 0x0F, 0xF4, 0x00, 0x3F,
    0xD3, 0xFE, 0x00, 0x0F, 0xF4, 0xBF, 0xC0, 0x03, 0xFD, 0x1F, 0xF0, 0x00, 0xFF, 0x43, 0xFC, 0x00,
    0x3F, 0xD0, 0xFF, 0x40, 0x0F, 0xF4, 0x3F, 0xE0, 0x03, 0xFD, 0x0B, 0xFC, 0x01, 0xFF, 0x41, 0xFF,
    0x00, 0x7F, 0xC0, 0x3F, 0xD0, 0x2F, 0xF0, 0x0F, 0xF4, 0x0F, 0xF8, 0x02, 0xFE, 0x0B, 0xFD, 0x00,
    0xBF, 0x47, 0xFF, 0x00, 0x1F, 0xEF, 0xFF, 0x00, 0x1B, 0xFF, 0xFF, 0x40, 0xFF, 0xFF, 0xFF, 0x00,
    0x3F, 0xFF, 0xF9, 0x00, 0x0F, 0xFE, 0x40, 0x00, 0x02, 0x40, 0x00, 0x00, 0x00, 0x01, 0xBF, 0xF8,
    0x00, 0x0B, 0xFF, 0xFF, 0x80, 0x3F, 0xFF, 0xFF, 0xF0, 0x7F, 0xFE, 0xFF, 0xF8, 0xFF, 0xC0, 0x0F,
    0xFC, 0xFF, 0x80, 0x03, 0xFE, 0xFF, 0x40, 0x03, 0xFF, 0xFF, 0xC0, 0x02, 0xFF, 0xBF, 0xF4, 0x01,
    0xFF, 0x3F, 0xF8, 0x01, 0xFF, 0x1F, 0xF8, 0x01, 0xFF, 0x01, 0xB4, 0x01, 0xFF, 0x00, 0x00, 0x01,
    0xFF, 0x00, 0x00, 0x01, 0xFF, 0x00, 0x00, 0x01, 0xFF, 0x00, 0x00, 0x01, 0xFF, 0x00, 0x00, 0x01,
    0xFF, 0x00, 0x00, 0x01, 0xFF, 0x00, 0x00, 0x01, 0xFF, 0x00, 0x00, 0x01, 0xFF, 0x00, 0x00, 0x01,
    0xFF, 0x00, 0x00, 0x01, 0xFF, 0x00, 0x00, 0x01, 0xFF, 0x00, 0xBF, 0xF8, 0x00, 0x0B, 0xFF, 0xFF,
    0x80, 0x2F, 0xFF, 0xFF, 0xF0, 0x7F, 0xFE, 0xBF, 0xF8, 0xFF, 0xC0, 0x0F, 0xFC, 0xFF, 0x80, 0x03,
    0xFD, 0xFF, 0x40, 0x03, 0xFE, 0xFF, 0x80, 0x02, 0xFF, 0xBF, 0xE4, 0x01, 0xFF, 0x3F, 0xFC, 0x01,
    0xFF, 0x1F, 0xF8, 0x02, 0xFF, 0x02, 0xF8, 0x03, 0xFE, 0x00, 0x00, 0x07, 0xFD, 0x00, 0x00, 0x1F,
    0xFC, 0x6A, 0xAA, 0xFF, 0xF4, 0x7F, 0xFF, 0xFF, 0xD0, 0x7F, 0xFF, 0xFF, 0x40, 0x7F, 0xFF, 0xE4,
    0x00, 0x3F, 0xE0, 0x01, 0xFF, 0x0F, 0xFC, 0x00, 0x7F, 0xC1, 0xFF, 0x40, 0x2F, 0xF0, 0x3F, 0xF0,
    0x0B, 0xF8, 0x0B, 0xFC, 0x03, 0xFE, 0x00, 0xFF, 0x80, 0xFF, 0x40, 0x2F, 0xF0, 0x7F, 0xC0, 0x07,
    0xFC, 0x3F, 0xE0, 0x00, 0xFF, 0xAF, 0xF0, 0x00, 0x2F, 0xFF, 0xF4, 0x00, 0x07, 0xFF, 0xF4, 0x00,
    0x00, 0xFF, 0xE0, 0x00, 0x00, 0x2F, 0xF0, 0x00, 0x00, 0x07, 0xFC, 0x00, 0x00, 0x00, 0xFF, 0x80,
    0x00, 0x00, 0x2F, 0xF0, 0x00, 0x00, 0x07, 0xFC, 0x00, 0x00, 0x00, 0xFF, 0x40, 0x00, 0x00, 0x3F,
    0xE0, 0x00, 0x00, 0x0B, 0xFC, 0x00, 0x00, 0x01, 0xFF, 0x00, 0x00, 0x00, 0x3F, 0xD0, 0x00, 0x00,
    0x0F, 0xF8, 0x00, 0x3F, 0xF0, 0x01, 0xFF, 0x07, 0xFE, 0x00, 0xBF, 0xC0, 0xFF, 0xC0, 0x2F, 0xF0,
    0x1F, 0xFC, 0x0F, 0xF8, 0x02, 0xFF, 0x43, 0xFE, 0x00, 0x3F, 0xF0, 0xFF, 0x40, 0x07, 0xFD, 0xBF,
    0xC0, 0x00, 0xFF, 0xFF, 0xD0, 0x00, 0x0F, 0xFF, 0xE0, 0x00, 0x02, 0xFF, 0xE0, 0x00, 0x00, 0x3F,
    0xF0, 0x00, 0x00, 0x07, 0xFE, 0x00, 0x00, 0x00, 0xBF, 0xC0, 0x00, 0x00, 0x0F, 0xFC, 0x02, 0xAA,
    0xAB, 0xFF, 0x40, 0xFF, 0xFF, 0xFF, 0xF0, 0x3F, 0xFF, 0xFF, 0xFC, 0x0F, 0xFF, 0xFF, 0xFE, 0x00,
    0x7F, 0xFF, 0xFF, 0xFF, 0xC7, 0xFF, 0xFF, 0xFF, 0xFC, 0xBF, 0xFF, 0xFF, 0xFF, 0xC6, 0xAA, 0xAA,
    0xAF, 0xFC, 0x00, 0x00, 0x00, 0xFF, 0x40, 0x00, 0x00, 0x1F, 0xF0, 0x00, 0x00, 0x02, 0xFF, 0x03,
    0xFD, 0x00, 0x3F, 0xE0, 0x3F, 0xD0, 0x03, 0xFD, 0x03, 0xFD, 0x00, 0x7F, 0xC0, 0x3F, 0xD0, 0x0B,
    0xFC, 0x03, 0xFD, 0x00, 0xFF, 0x40, 0x3F, 0xD0, 0x0F, 0xF0, 0x03, 0xFD, 0x02, 0xFF, 0x00, 0x3F,
    0xD0, 0x3F, 0xE0, 0x03, 0xFD, 0x03, 0xFD, 0x00, 0x3F, 0xD0, 0x7F, 0xC0, 0x03, 0xFD, 0x0B, 0xFC,
    0x00, 0x3F, 0xD0, 0x00, 0x00, 0x03, 0xFD, 0x00, 0x00, 0x00, 0x3F, 0xD0, 0x00, 0x00, 0x03, 0xFD,
    0x00, 0x00, 0x00, 0x3F, 0xD0, 0x00, 0x00, 0x00, 0x3F, 0xFF, 0xE0, 0x03, 0xFF, 0xFF, 0xE0, 0x7F,
    0xFF, 0xFF, 0x46, 0xAA, 0xBF, 0xFC, 0x00, 0x00, 0xBF, 0xC0, 0x00, 0x03, 0xFD, 0x00, 0x00, 0x3F,
    0xD0, 0x00, 0x03, 0xFD, 0x00, 0x00, 0x3F, 0xD0, 0x00, 0x03, 0xFD, 0x00, 0x00, 0x3F, 0xD0, 0x00,
    0x03, 0xFD, 0x00, 0x00, 0x3F, 0xD0, 0x00, 0x03, 0xFD, 0x00, 0x00, 0x3F, 0xD0, 0x00, 0x03, 0xFD,
    0x00, 0x00, 0x3F, 0xD0, 0x00, 0x03, 0xFD, 0xFF, 0x41, 0xFF, 0x03, 0xFE, 0xFF, 0x41, 0xFF, 0x03,
    0xFE, 0xFF, 0x41, 0xFF, 0x03, 0xFE, 0xFF, 0x42, 0xFF, 0x03, 0xFE, 0xFF, 0x42, 0xFF, 0x03, 0xFE,
    0xFF, 0x43, 0xFE, 0x03, 0xFE, 0xFF, 0x47, 0xFD, 0x03, 0xFE, 0xFF, 0xAF, 0xFC, 0x03, 0xFE, 0xFF,
    0xFF, 0xF0, 0x03, 0xFD, 0xFF, 0xFF, 0xC0, 0x03, 0xFD, 0xBF, 0xE4, 0x00, 0x07, 0xFC, 0x7F, 0xC0,
    0x00, 0x0B, 0xFC, 0x3F, 0xE0, 0x00, 0x0F, 0xF8, 0x2F, 0xF8, 0x00, 0x7F, 0xF0, 0x0F, 0xFF, 0xEB,
    0xFF, 0xE0, 0x03, 0xFF, 0xFF, 0xFF, 0x80, 0x00, 0xBF, 0xFF, 0xFE, 0x00, 0x00, 0x0B, 0xFF, 0x90,
    0x00, 0x1F, 0xFF, 0xFF, 0xFD, 0x00, 0x7F, 0xFF, 0xFF, 0xFF, 0x42, 0xFF, 0xFF, 0xFF, 0xFF, 0x06,
    0xBF, 0xFA, 0xAF, 0xFE, 0x00, 0xFF, 0x40, 0x0F, 0xFC, 0x03, 0xFD, 0x00, 0x2F, 0xF0, 0x0F, 0xF4,
    0x00, 0x7F, 0xC0, 0x3F, 0xD0, 0x01, 0xFF, 0x00, 0xFF, 0x40, 0x07, 0xFC, 0x03, 0xFD, 0x00, 0x1F,
    0xF0, 0x0F, 0xF4, 0x00, 0x7F, 0xC0, 0x3F, 0xD0, 0x01, 0xFF, 0x00, 0xFF, 0x40, 0x07, 0xFC, 0x07,
    0xFD, 0x00, 0x1F, 0xF1, 0xBF, 0xF0, 0x00, 0x7F, 0xCF, 0xFF, 0x80, 0x01, 0xFF, 0x3F, 0xFC, 0x00,
    0x07, 0xFC, 0xFF, 0x80, 0x00, 0x1F, 0xF0, 0x00, 0x00, 0x7F, 0xD0, 0x00, 0x00, 0x00, 0x0F, 0xFF,
    0x00, 0x00, 0x00, 0x00, 0xFF, 0xF0, 0x00, 0x00, 0x00, 0x2F, 0xFF, 0x80, 0x00, 0x00, 0x03, 0xFF,
    0xFC, 0x00, 0x00, 0x00, 0x7F, 0xFF, 0xD0, 0x00, 0x00, 0x0B, 0xFF, 0xFE, 0x00, 0x00, 0x00, 0xFF,
    0xAF, 0xF0, 0x00, 0x00, 0x1F, 0xF5, 0xFF, 0x80, 0x00, 0x03, 0xFF, 0x0F, 0xFC, 0x00, 0x00, 0x3F,
    0xE0, 0xBF, 0xD0, 0x00, 0x0B, 0xFC, 0x07, 0xFE, 0x00, 0x00, 0xFF, 0xC0, 0x3F, 0xF0, 0x00, 0x1F,
    0xFF, 0xFF, 0xFF, 0x40, 0x03, 0xFF, 0xFF, 0xFF, 0xFC, 0x00, 0x3F, 0xFF, 0xFF, 0xFF, 0xC0, 0x0B,
    0xFF, 0xFF, 0xFF, 0xFE, 0x00, 0xFF, 0xC0, 0x00, 0x3F, 0xF0, 0x1F, 0xF8, 0x00, 0x02, 0xFF, 0x42,
    0xFF, 0x00, 0x00, 0x1F, 0xF8, 0x3F, 0xF0, 0x00, 0x00, 0xFF, 0xC0, 0x00, 0x00, 0x00, 0x00, 0x00,
    0x00, 0x00, 0x2F, 0x80, 0x00, 0x00, 0x00, 0x0F, 0xFF, 0x00, 0x00, 0x00, 0x00, 0xFF, 0xF0, 0x00,
    0x00, 0x00, 0x0F, 0xFF, 0x00, 0x00, 0x00, 0x00, 0x2F, 0x80, 0x00, 0x00, 0x00, 0x7F, 0xE0, 0xFF,
    0x03, 0xFF, 0xFC, 0xFF, 0x0F, 0xFF, 0xFF, 0xFF, 0x3F, 0xFF, 0xFF, 0xFF, 0x7F, 0xF8, 0x0B, 0xFF,
    0xBF, 0xD0, 0x02, 0xFF, 0xFF, 0xC0, 0x00, 0xFF, 0xFF, 0xC0, 0x00, 0xFF, 0xFF, 0xC0, 0x00, 0xFF,
    0xFF, 0xC0, 0x00, 0xFF, 0xBF, 0xD0, 0x02, 0xFF, 0x7F, 0xF8, 0x0B, 0xFF, 0x3F, 0xFF, 0xFF, 0xFF,
    0x0F, 0xFF, 0xFF, 0xFF, 0x07, 0xFF, 0xFC, 0xFF, 0x00, 0xBF, 0xD0, 0xFF, 0x00, 0x00, 0x00, 0x00,
    0x00, 0x02, 0xF8, 0x00, 0x00, 0x0F, 0xFF, 0x00, 0x00, 0x0F, 0xFF, 0x00, 0x00, 0x0F, 0xFF, 0x00,
    0x00, 0x02, 0xF8, 0x00, 0x00, 0x01, 0xFF, 0x80, 0x00, 0x00, 0x00, 0xFF, 0xF8, 0x00, 0x00, 0x00,
    0x3F, 0xFF, 0x00, 0x00, 0x00, 0x00, 0x1F, 0xC0, 0x00, 0x00, 0x00, 0x1F, 0xC0, 0x00, 0x00, 0x00,
    0x0F, 0xC0, 0x00, 0x00, 0x00, 0x02, 0x90, 0x00, 0x00, 0x00, 0x00, 0x00, 0x00, 0x00, 0x00, 0x00,
    0xFF, 0x80, 0x00, 0x00, 0x00, 0x7F, 0xF0, 0x00, 0x00, 0x00, 0x3F, 0xFD, 0x00, 0x00, 0x00, 0x0F,
    0xFF, 0xC0, 0x00, 0x00, 0x0B, 0xFF, 0xF0, 0x00, 0x00, 0x03, 0xFF, 0xFE, 0x00, 0x00, 0x01, 0xFF,
    0xFF, 0xC0, 0x00, 0x00, 0xBF, 0xDF, 0xF4, 0x00, 0x00, 0x3F, 0xE3, 0xFF, 0x00, 0x00, 0x1F, 0xF4,
    0xFF, 0xC0, 0x00, 0x0F, 0xFC, 0x1F, 0xF8, 0x00, 0x03, 0xFE, 0x03, 0xFF, 0x00, 0x02, 0xFF, 0x00,
    0xBF, 0xD0, 0x00, 0xFF, 0xFF, 0xFF, 0xF8, 0x00, 0x7F, 0xFF, 0xFF, 0xFF, 0x00, 0x3F, 0xFF, 0xFF,
    0xFF, 0xD0, 0x0F, 0xFF, 0xFF, 0xFF, 0xFC, 0x0B, 0xFD, 0x00, 0x03, 0xFF, 0x03, 0xFF, 0x00, 0x00,
    0x7F, 0xE1, 0xFF, 0x80, 0x00, 0x0F, 0xFC, 0xBF, 0xC0, 0x00, 0x02, 0xFF, 0x40, 0x00, 0x0B, 0xE4,
    0x00, 0x00, 0x2F, 0xFE, 0x00, 0x00, 0x1F, 0xFF, 0x00, 0x00, 0x04, 0x3F, 0x00, 0x00, 0x00, 0xBE,
    0x00, 0x00, 0x02, 0xF8, 0x00, 0x00, 0x02, 0xE0, 0x00, 0x00, 0x00, 0x00, 0x00, 0x00, 0x00, 0x00,
    0x00, 0x00, 0xBF, 0xD2, 0xFF, 0x07, 0xFF, 0xFA, 0xFF, 0x1F, 0xFF, 0xFF, 0xFF, 0x3F, 0xFF, 0xFF,
    0xFF, 0x7F, 0xF4, 0x1F, 0xFF, 0xBF, 0xD0, 0x07, 0xFF, 0xFF, 0xC0, 0x03, 0xFF, 0xFF, 0x80, 0x02,
    0xFF, 0xFF, 0x80, 0x02, 0xFF, 0xFF, 0xC0, 0x03, 0xFF, 0xBF, 0xD0, 0x07, 0xFF, 0x7F, 0xF4, 0x1F,
    0xFF, 0x3F, 0xFF, 0xFF, 0xFF, 0x1F, 0xFF, 0xFF, 0xFF, 0x07, 0xFF, 0xFA, 0xFF, 0x00, 0xBF, 0x92,
    0xFF, 0x00, 0x00, 0x00, 0x00, 0x00, 0x00, 0x00, 0x00, 0x00, 0x03, 0x40, 0x00, 0x00, 0x00, 0x00,
    0xFE, 0x00, 0x00, 0x00, 0x00, 0x1F, 0xD0, 0x00, 0x00, 0x00, 0x03, 0xF8, 0x00, 0x00, 0x00, 0x00,
    0x7E, 0x00, 0x00, 0x00, 0x2F, 0xC0, 0x80, 0x00, 0x00, 0x0F, 0xFF, 0x40, 0x00, 0x00, 0x07, 0xFF,
    0xFD, 0x00, 0x00, 0x00, 0xFF, 0x5B, 0xF0, 0x00, 0x00, 0x02, 0x40, 0x04, 0x00, 0x00, 0x00, 0x00,
    0x00, 0x00, 0x00, 0x00, 0x00, 0x3F, 0xD0, 0x00, 0x00, 0x00, 0x0B, 0xFF, 0x00, 0x00, 0x00, 0x00,
    0xFF, 0xF0, 0x00, 0x00, 0x00, 0x1F, 0xFF, 0x80, 0x00, 0x00, 0x02, 0xFF, 0xFC, 0x00, 0x00, 0x00,
    0x3F, 0xFF, 0xD0, 0x00, 0x00, 0x07, 0xFF, 0xFE, 0x00, 0x00, 0x00, 0xFF, 0xEF, 0xF0, 0x00, 0x00,
    0x0F, 0xF5, 0xFF, 0x80, 0x00, 0x02, 0xFF, 0x0F, 0xFC, 0x00, 0x00, 0x3F, 0xF0, 0xBF, 0xD0, 0x00,
    0x07, 0xFD, 0x07, 0xFE, 0x00, 0x00, 0xFF, 0xC0, 0x3F, 0xF0, 0x00, 0x0F, 0xFF, 0xFF, 0xFF, 0x40,
    0x02, 0xFF, 0xFF, 0xFF, 0xFC, 0x00, 0x3F, 0xFF, 0xFF, 0xFF, 0xC0, 0x07, 0xFF, 0xFF, 0xFF, 0xFE,
    0x00, 0xBF, 0xC0, 0x00, 0x3F, 0xF0, 0x0F, 0xFC, 0x00, 0x02, 0xFF, 0x41, 0xFF, 0x40, 0x00, 0x1F,
    0xF8, 0x3F, 0xF0, 0x00, 0x00, 0xFF, 0xC0, 0x00, 0x00, 0x00, 0x06, 0x00, 0x00, 0x00, 0x00, 0xFC,
    0x00, 0x00, 0x00, 0x1F, 0xE0, 0x00, 0x00, 0x03, 0xF8, 0x00, 0x00, 0x00, 0xBE, 0x00, 0x00, 0x00,
    0x03, 0x80, 0x00, 0x07, 0xF4, 0x00, 0x00, 0x01, 0xFF, 0xE0, 0x00, 0x00, 0x7F, 0xFF, 0x80, 0x00,
    0x1F, 0xE6, 0xFD, 0x00, 0x00, 0xA0, 0x02, 0xC0, 0x00, 0x00, 0x00, 0x00, 0x00, 0x00, 0x00, 0x00,
    0x00, 0x00, 0x0B, 0xFD, 0x2F, 0xF0, 0x07, 0xFF, 0xFA, 0xFF, 0x01, 0xFF, 0xFF, 0xFF, 0xF0, 0x3F,
    0xFF, 0xFF, 0xFF, 0x07, 0xFF, 0x41, 0xFF, 0xF0, 0xBF, 0xD0, 0x07, 0xFF, 0x0F, 0xFC, 0x00, 0x3F,
    0xF0, 0xFF, 0x80, 0x02, 0xFF, 0x0F, 0xF8, 0x00, 0x2F, 0xF0, 0xFF, 0xC0, 0x03, 0xFF, 0x0B, 0xFD,
    0x00, 0x7F, 0xF0, 0x7F, 0xF4, 0x1F, 0xFF, 0x03, 0xFF, 0xFF, 0xFF, 0xF0, 0x1F, 0xFF, 0xFF, 0xFF,
    0x00, 0x7F, 0xFF, 0xAF, 0xF0, 0x00, 0xBF, 0x92, 0xFF, 0x00, 0x00, 0x00, 0x00, 0x00, 0x00, 0x00,
    0x00, 0x00, 0x01, 0xE0, 0x00, 0x00, 0x00, 0x00, 0x7F, 0x00, 0x00, 0x00, 0x00, 0x03, 0xF8, 0x00,
    0x00, 0x00, 0x00, 0x0F, 0xD0, 0x00, 0x00, 0x00, 0x00, 0x3E, 0x00, 0x00, 0x00, 0x2F, 0xC1, 0x40,
    0x00, 0x00, 0x0F, 0xFF, 0x40, 0x00, 0x00, 0x07, 0xFF, 0xFD, 0x00, 0x00, 0x00, 0xFF, 0x5B, 0xF0,
    0x00, 0x00, 0x02, 0x40, 0x04, 0x00, 0x00, 0x00, 0x00, 0x00, 0x00, 0x00, 0x00, 0x00, 0x3F, 0xD0,
    0x00, 0x00, 0x00, 0x0B, 0xFF, 0x00, 0x00, 0x00, 0x00, 0xFF, 0xF0, 0x00, 0x00, 0x00, 0x1F, 0xFF,
    0x80, 0x00, 0x00, 0x02, 0xFF, 0xFC, 0x00, 0x00, 0x00, 0x3F, 0xFF, 0xD0, 0x00, 0x00, 0x07, 0xFF,
    0xFE, 0x00, 0x00, 0x00, 0xFF, 0xEF, 0xF0, 0x00, 0x00, 0x0F, 0xF5, 0xFF, 0x80, 0x00, 0x02, 0xFF,
    0x0F, 0xFC, 0x00, 0x00, 0x3F, 0xF0, 0xBF, 0xD0, 0x00, 0x07, 0xFD, 0x07, 0xFE, 0x00, 0x00, 0xFF,
    0xC0, 0x3F, 0xF0, 0x00, 0x0F, 0xFF, 0xFF, 0xFF, 0x40, 0x02, 0xFF, 0xFF, 0xFF, 0xFC, 0x00, 0x3F,
    0xFF, 0xFF, 0xFF, 0xC0, 0x07, 0xFF, 0xFF, 0xFF, 0xFE, 0x00, 0xBF, 0xC0, 0x00, 0x3F, 0xF0, 0x0F,
    0xFC, 0x00, 0x02, 0xFF, 0x41, 0xFF, 0x40, 0x00, 0x1F, 0xF8, 0x3F, 0xF0, 0x00, 0x00, 0xFF, 0xC0,
    0x00, 0x00, 0x01, 0x80, 0x00, 0x00, 0x0B, 0xC0, 0x00, 0x00, 0x0F, 0xF0, 0x00, 0x00, 0x07, 0xF4,
    0x00, 0x00, 0x01, 0xFC, 0x00, 0x00, 0x00, 0x74, 0x00, 0x07, 0xF4, 0x00, 0x00, 0x1F, 0xFE, 0x00,
    0x00, 0xBF, 0xFF, 0x80, 0x01, 0xFE, 0x6F, 0xD0, 0x00, 0xA0, 0x02, 0xC0, 0x00, 0x00, 0x00, 0x00,
    0x00, 0x00, 0x00, 0x00, 0x00, 0xBF, 0xD2, 0xFF, 0x07, 0xFF, 0xFA, 0xFF, 0x1F, 0xFF, 0xFF, 0xFF,
    0x3F, 0xFF, 0xFF, 0xFF, 0x7F, 0xF4, 0x1F, 0xFF, 0xBF, 0xD0, 0x07, 0xFF, 0xFF, 0xC0, 0x03, 0xFF,
    0xFF, 0x80, 0x02, 0xFF, 0xFF, 0x80, 0x02, 0xFF, 0xFF, 0xC0, 0x03, 0xFF, 0xBF, 0xD0, 0x07, 0xFF,
    0x7F, 0xF4, 0x1F, 0xFF, 0x3F, 0xFF, 0xFF, 0xFF, 0x1F, 0xFF, 0xFF, 0xFF, 0x07, 0xFF, 0xFA, 0xFF,
    0x00, 0xBF, 0x92, 0xFF, 0x00, 0x00, 0x00, 0x2F, 0xF4, 0x00, 0x00, 0x00, 0x07, 0xFF, 0xC0, 0x00,
    0x00, 0x00, 0x3F, 0xFD, 0x00, 0x00, 0x00, 0x00, 0x0B, 0xD0, 0x00, 0x00, 0x00, 0x02, 0xF4, 0x00,
    0x00, 0x01, 0xA4, 0x3C, 0x00, 0x00, 0x00, 0xBF, 0xF0, 0x00, 0x00, 0x00, 0x7F, 0xFF, 0xD0, 0x00,
    0x00, 0x0F, 0xF4, 0xBF, 0x00, 0x00, 0x00, 0x20, 0x00, 0x40, 0x00, 0x00, 0x00, 0x00, 0x00, 0x00,
    0x00, 0x00, 0x03, 0xFD, 0x00, 0x00, 0x00, 0x00, 0xBF, 0xF0, 0x00, 0x00, 0x00, 0x0F, 0xFF, 0x00,
    0x00, 0x00, 0x01, 0xFF, 0xF8, 0x00, 0x00, 0x00, 0x2F, 0xFF, 0xC0, 0x00, 0x00, 0x03, 0xFF, 0xFD,
    0x00, 0x00, 0x00, 0x7F, 0xFF, 0xE0, 0x00, 0x00, 0x0F, 0xFE, 0xFF, 0x00, 0x00, 0x00, 0xFF, 0x5F,
    0xF4, 0x00, 0x00, 0x2F, 0xF0, 0xFF, 0xC0, 0x00, 0x03, 0xFF, 0x0B, 0xFC, 0x00, 0x00, 0x7F, 0xD0,
    0x7F, 0xE0, 0x00, 0x0F, 0xFC, 0x03, 0xFF, 0x00, 0x00, 0xFF, 0xFF, 0xFF, 0xF4, 0x00, 0x2F, 0xFF,
    0xFF, 0xFF, 0x80, 0x03, 0xFF, 0xFF, 0xFF, 0xFC, 0x00, 0x7F, 0xFF, 0xFF, 0xFF, 0xD0, 0x0B, 0xFC,
    0x00, 0x03, 0xFF, 0x00, 0xFF, 0xC0, 0x00, 0x2F, 0xF0, 0x1F, 0xF4, 0x00, 0x01, 0xFF, 0x83, 0xFF,
    0x00, 0x00, 0x0F, 0xFC, 0x00, 0x00, 0x02, 0xFE, 0x00, 0x00, 0x00, 0xFF, 0xFC, 0x00, 0x00, 0x0B,
    0xFF, 0xD0, 0x00, 0x00, 0x50, 0xFD, 0x00, 0x00, 0x00, 0x3F, 0xC0, 0x00, 0x00, 0x0B, 0xD0, 0x00,
    0x02, 0xA0, 0x74, 0x00, 0x00, 0xFF, 0xC0, 0x00, 0x00, 0x7F, 0xFF, 0x40, 0x00, 0x1F, 0xFB, 0xFD,
    0x00, 0x00, 0xF4, 0x07, 0xC0, 0x00, 0x00, 0x00, 0x00, 0x00, 0x00, 0x00, 0x00, 0x00, 0x00, 0x0B,
    0xFD, 0x2F, 0xF0, 0x07, 0xFF, 0xFA, 0xFF, 0x01, 0xFF, 0xFF, 0xFF, 0xF0, 0x3F, 0xFF, 0xFF, 0xFF,
    0x07, 0xFF, 0x41, 0xFF, 0xF0, 0xBF, 0xD0, 0x07, 0xFF, 0x0F, 0xFC, 0x00, 0x3F, 0xF0, 0xFF, 0x80,
    0x02, 0xFF, 0x0F, 0xF8, 0x00, 0x2F, 0xF0, 0xFF, 0xC0, 0x03, 0xFF, 0x0B, 0xFD, 0x00, 0x7F, 0xF0,
    0x7F, 0xF4, 0x1F, 0xFF, 0x03, 0xFF, 0xFF, 0xFF, 0xF0, 0x1F, 0xFF, 0xFF, 0xFF, 0x00, 0x7F, 0xFF,
    0xAF, 0xF0, 0x00, 0xBF, 0x92, 0xFF, 0x00, 0x00, 0x00, 0x00, 0x00, 0x00, 0x00, 0x01, 0xFE, 0x0F,
    0xC0, 0x00, 0x01, 0xFF, 0xFF, 0xF0, 0x00, 0x00, 0xFF, 0xFF, 0xF4, 0x00, 0x00, 0x3F, 0x07, 0xF4,
    0x00, 0x00, 0x00, 0x00, 0x00, 0x00, 0x00, 0x00, 0x06, 0xA0, 0x00, 0x00, 0x00, 0x0B, 0xFF, 0x80,
    0x00, 0x00, 0x0F, 0xFF, 0xFC, 0x00, 0x00, 0x0B, 0xF4, 0x7F, 0x40, 0x00, 0x00, 0x90, 0x00, 0x40,
    0x00, 0x00, 0x00, 0x00, 0x00, 0x00, 0x00, 0x00, 0xFF, 0xC0, 0x00, 0x00, 0x00, 0x3F, 0xF0, 0x00,
    0x00, 0x00, 0x2F, 0xFE, 0x00, 0x00, 0x00, 0x0F, 0xFF, 0xC0, 0x00, 0x00, 0x07, 0xFF, 0xF4, 0x00,
    0x00, 0x03, 0xFF, 0xFF, 0x00, 0x00, 0x00, 0xFF, 0xFF, 0xC0, 0x00, 0x00, 0xBF, 0xDF, 0xF8, 0x00,
    0x00, 0x3F, 0xF3, 0xFF, 0x00, 0x00, 0x1F, 0xF4, 0xBF, 0xD0, 0x00, 0x0B, 0xFC, 0x0F, 0xF8, 0x00,
    0x03, 0xFE, 0x03, 0xFF, 0x00, 0x01, 0xFF, 0x40, 0x7F, 0xD0, 0x00, 0xFF, 0xFF, 0xFF, 0xFC, 0x00,
    0x7F, 0xFF, 0xFF, 0xFF, 0x40, 0x2F, 0xFF, 0xFF, 0xFF, 0xE0, 0x0F, 0xFF, 0xFF, 0xFF, 0xFC, 0x07,
    0xFD, 0x00, 0x02, 0xFF, 0x43, 0xFF, 0x00, 0x00, 0x3F, 0xF0, 0xFF, 0x80, 0x00, 0x0F, 0xFC, 0xBF,
    0xD0, 0x00, 0x01, 0xFF, 0x80, 0x00, 0x3E, 0x43, 0x90, 0x00, 0xFF, 0xFF, 0xE0, 0x01, 0xFF, 0xFF,
    0xC0, 0x01, 0xF0, 0x7F, 0x40, 0x00, 0x00, 0x00, 0x00, 0x00, 0x00, 0x00, 0x00, 0x00, 0x07, 0xF4,
    0x00, 0x00, 0x1F, 0xFD, 0x00, 0x00, 0xBF, 0xFF, 0x80, 0x01, 0xFE, 0x6F, 0xD0, 0x00, 0xA0, 0x02,
    0x80, 0x00, 0x00, 0x00, 0x00, 0x00, 0x00, 0x00, 0x00, 0x00, 0xBF, 0xD2, 0xFF, 0x07, 0xFF, 0xFA,
    0xFF, 0x1F, 0xFF, 0xFF, 0xFF, 0x3F, 0xFF, 0xFF, 0xFF, 0x7F, 0xF4, 0x1F, 0xFF, 0xBF, 0xD0, 0x07,
    0xFF, 0xFF, 0xC0, 0x03, 0xFF, 0xFF, 0x80, 0x02, 0xFF, 0xFF, 0x80, 0x02, 0xFF, 0xFF, 0xC0, 0x03,
    0xFF, 0xBF, 0xD0, 0x07, 0xFF, 0x7F, 0xF4, 0x1F, 0xFF, 0x3F, 0xFF, 0xFF, 0xFF, 0x1F, 0xFF, 0xFF,
    0xFF, 0x07, 0xFF, 0xFA, 0xFF, 0x00, 0xBF, 0x92, 0xFF, 0x00, 0x00, 0x1A, 0x40, 0x00, 0x00, 0x00,
    0x0B, 0xFE, 0x00, 0x00, 0x00, 0x03, 0xFF, 0xFC, 0x00, 0x00, 0x00, 0xFF, 0x5F, 0xF0, 0x00, 0x00,
    0x0B, 0x40, 0x2E, 0x00, 0x00, 0x00, 0x00, 0x00, 0x00, 0x00, 0x00, 0x00, 0x00, 0x00, 0x00, 0x00,
    0x00, 0x07, 0xFD, 0x00, 0x00, 0x00, 0x00, 0xFF, 0xF0, 0x00, 0x00, 0x00, 0x0F, 0xFF, 0x00, 0x00,
    0x00, 0x02, 0xFF, 0xF8, 0x00, 0x00, 0x00, 0x3F, 0xFF, 0xC0, 0x00, 0x00, 0x07, 0xFF, 0xFD, 0x00,
    0x00, 0x00, 0xBF, 0xFF, 0xE0, 0x00, 0x00, 0x0F, 0xFA, 0xFF, 0x00, 0x00, 0x01, 0xFF, 0x5F, 0xF8,
    0x00, 0x00, 0x3F, 0xF0, 0xFF, 0xC0, 0x00, 0x03, 0xFE, 0x0B, 0xFD, 0x00, 0x00, 0xBF, 0xC0, 0x7F,
    0xE0, 0x00, 0x0F, 0xFC, 0x03, 0xFF, 0x00, 0x01, 0xFF, 0xFF, 0xFF, 0xF4, 0x00, 0x3F, 0xFF, 0xFF,
    0xFF, 0xC0, 0x03, 0xFF, 0xFF, 0xFF, 0xFC, 0x00, 0xBF, 0xFF, 0xFF, 0xFF, 0xE0, 0x0F, 0xFC, 0x00,
    0x03, 0xFF, 0x01, 0xFF, 0x80, 0x00, 0x2F, 0xF4, 0x2F, 0xF0, 0x00, 0x01, 0xFF, 0x83, 0xFF, 0x00,
    0x00, 0x0F, 0xFC, 0x00, 0x00, 0x00, 0x00, 0x00, 0x00, 0x00, 0x02, 0xF8, 0x00, 0x00, 0x00, 0x00,
    0xFF, 0xF0, 0x00, 0x00, 0x00, 0x0F, 0xFF, 0x00, 0x00, 0x00, 0x00, 0xFF, 0xF0, 0x00, 0x00, 0x00,
    0x02, 0xF8, 0x00, 0x00, 0x00, 0x01, 0xA4, 0x00, 0x00, 0x0B, 0xFE, 0x00, 0x00, 0x3F, 0xFF, 0x80,
    0x00, 0xFF, 0xAF, 0xE0, 0x02, 0xFC, 0x07, 0xF0, 0x00, 0x50, 0x00, 0x90, 0x00, 0x00, 0x00, 0x00,
    0x00, 0x00, 0x00, 0x00, 0x00, 0x7F, 0xE0, 0xFF, 0x03, 0xFF, 0xFC, 0xFF, 0x0F, 0xFF, 0xFF, 0xFF,
    0x3F, 0xFF, 0xFF, 0xFF, 0x7F, 0xF8, 0x0B, 0xFF, 0xBF, 0xD0, 0x02, 0xFF, 0xFF, 0xC0, 0x00, 0xFF,
    0xFF, 0xC0, 0x00, 0xFF, 0xFF, 0xC0, 0x00, 0xFF, 0xFF, 0xC0, 0x00, 0xFF, 0xBF, 0xD0, 0x02, 0xFF,
    0x7F, 0xF8, 0x0B, 0xFF, 0x3F, 0xFF, 0xFF, 0xFF, 0x0F, 0xFF, 0xFF, 0xFF, 0x07, 0xFF, 0xFC, 0xFF,
    0x00, 0xBF, 0xD0, 0xFF, 0x00, 0x00, 0x00, 0x00, 0x00, 0x02, 0xF8, 0x00, 0x00, 0x0F, 0xFF, 0x00,
    0x00, 0x0F, 0xFF, 0x00, 0x00, 0x0F, 0xFF, 0x00, 0x00, 0x02, 0xF8, 0x00, 0x00, 0x00, 0x00, 0x00,
    0x00, 0x00, 0x00, 0x00, 0x0E, 0x00, 0x00, 0x00, 0x00, 0x03, 0xFC, 0x00, 0x00, 0x00, 0x00, 0x7F,
    0x80, 0x00, 0x00, 0x00, 0x0F, 0xE0, 0x00, 0x00, 0x00, 0x00, 0xF8, 0x00, 0x00, 0x00, 0x05, 0x42,
    0x15, 0x00, 0x00, 0x00, 0xFD, 0x03, 0xF0, 0x00, 0x00, 0x07, 0xFF, 0xFE, 0x00, 0x00, 0x00, 0x2F,
    0xFF, 0xC0, 0x00, 0x00, 0x00, 0x7F, 0xD0, 0x00, 0x00, 0x00, 0x00, 0x00, 0x00, 0x00, 0x00, 0x00,
    0x3F, 0xD0, 0x00, 0x00, 0x00, 0x0B, 0xFF, 0x00, 0x00, 0x00, 0x00, 0xFF, 0xF0, 0x00, 0x00, 0x00,
    0x1F, 0xFF, 0x80, 0x00, 0x00, 0x02, 0xFF, 0xFC, 0x00, 0x00, 0x00, 0x3F, 0xFF, 0xD0, 0x00, 0x00,
    0x07, 0xFF, 0xFE, 0x00, 0x00, 0x00, 0xFF, 0xEF, 0xF0, 0x00, 0x00, 0x0F, 0xF5, 0xFF, 0x80, 0x00,
    0x02, 0xFF, 0x0F, 0xFC, 0x00, 0x00, 0x3F, 0xF0, 0xBF, 0xD0, 0x00, 0x07, 0xFD, 0x07, 0xFE, 0x00,
    0x00, 0xFF, 0xC0, 0x3F, 0xF0, 0x00, 0x0F, 0xFF, 0xFF, 0xFF, 0x40, 0x02, 0xFF, 0xFF, 0xFF, 0xFC,
    0x00, 0x3F, 0xFF, 0xFF, 0xFF, 0xC0, 0x07, 0xFF, 0xFF, 0xFF, 0xFE, 0x00, 0xBF, 0xC0, 0x00, 0x3F,
    0xF0, 0x0F, 0xFC, 0x00, 0x02, 0xFF, 0x41, 0xFF, 0x40, 0x00, 0x1F, 0xF8, 0x3F, 0xF0, 0x00, 0x00,
    0xFF, 0xC0, 0x00, 0x00, 0x00, 0x00, 0x00, 0x00, 0x3C, 0x00, 0x00, 0x00, 0x7F, 0x00, 0x00, 0x00,
    0xFE, 0x00, 0x00, 0x02, 0xFC, 0x00, 0x00, 0x02, 0xF0, 0x00, 0x00, 0x00, 0x40, 0x00, 0x00, 0x64,
    0x02, 0x40, 0x01, 0xFD, 0x0F, 0xD0, 0x00, 0xFF, 0xFF, 0xC0, 0x00, 0x3F, 0xFF, 0x00, 0x00, 0x0B,
    0xF8, 0x00, 0x00, 0x00, 0x00, 0x00, 0x00, 0x00, 0x00, 0x00, 0x00, 0xBF, 0xD2, 0xFF, 0x07, 0xFF,
    0xFA, 0xFF, 0x1F, 0xFF, 0xFF, 0xFF, 0x3F, 0xFF, 0xFF, 0xFF, 0x7F, 0xF4, 0x1F, 0xFF, 0xBF, 0xD0,
    0x07, 0xFF, 0xFF, 0xC0, 0x03, 0xFF, 0xFF, 0x80, 0x02, 0xFF, 0xFF, 0x80, 0x02, 0xFF, 0xFF, 0xC0,
    0x03, 0xFF, 0xBF, 0xD0, 0x07, 0xFF, 0x7F, 0xF4, 0x1F, 0xFF, 0x3F, 0xFF, 0xFF, 0xFF, 0x1F, 0xFF,
    0xFF, 0xFF, 0x07, 0xFF, 0xFA, 0xFF, 0x00, 0xBF, 0x92, 0xFF, 0x00, 0x00, 0x00, 0x00, 0x00, 0x00,
    0x00, 0x07, 0x80, 0x00, 0x00, 0x00, 0x01, 0xFC, 0x00, 0x00, 0x00, 0x00, 0x0F, 0xF0, 0x00, 0x00,
    0x00, 0x00, 0x3F, 0x40, 0x00, 0x00, 0x00, 0x00, 0xF8, 0x00, 0x00, 0x00, 0x05, 0x41, 0x15, 0x00,
    0x00, 0x00, 0xFD, 0x03, 0xF0, 0x00, 0x00, 0x07, 0xFF, 0xFE, 0x00, 0x00, 0x00, 0x2F, 0xFF, 0xC0,
    0x00, 0x00, 0x00, 0x7F, 0xD0, 0x00, 0x00, 0x00, 0x00, 0x00, 0x00, 0x00, 0x00, 0x00, 0x3F, 0xD0,
    0x00, 0x00, 0x00, 0x0B, 0xFF, 0x00, 0x00, 0x00, 0x00, 0xFF, 0xF0, 0x00, 0x00, 0x00, 0x1F, 0xFF,
    0x80, 0x00, 0x00, 0x02, 0xFF, 0xFC, 0x00, 0x00, 0x00, 0x3F, 0xFF, 0xD0, 0x00, 0x00, 0x07, 0xFF,
    0xFE, 0x00, 0x00, 0x00, 0xFF, 0xEF, 0xF0, 0x00, 0x00, 0x0F, 0xF5, 0xFF, 0x80, 0x00, 0x02, 0xFF,
    0x0F, 0xFC, 0x00, 0x00, 0x3F, 0xF0, 0xBF, 0xD0, 0x00, 0x07, 0xFD, 0x07, 0xFE, 0x00, 0x00, 0xFF,
    0xC0, 0x3F, 0xF0, 0x00, 0x0F, 0xFF, 0xFF, 0xFF, 0x40, 0x02, 0xFF, 0xFF, 0xFF, 0xFC, 0x00, 0x3F,
    0xFF, 0xFF, 0xFF, 0xC0, 0x07, 0xFF, 0xFF, 0xFF, 0xFE, 0x00, 0xBF, 0xC0, 0x00, 0x3F, 0xF0, 0x0F,
    0xFC, 0x00, 0x02, 0xFF, 0x41, 0xFF, 0x40, 0x00, 0x1F, 0xF8, 0x3F, 0xF0, 0x00, 0x00, 0xFF, 0xC0,
    0x00, 0x00, 0x00, 0x00, 0x00, 0x0B, 0x00, 0x00, 0x00, 0x3F, 0x80, 0x00, 0x00, 0x1F, 0xC0, 0x00,
    0x00, 0x0B, 0xE0, 0x00, 0x00, 0x02, 0xF0, 0x00, 0x00, 0x00, 0x40, 0x00, 0x00, 0xA4, 0x06, 0x90,
    0x00, 0xFD, 0x1F, 0xD0, 0x00, 0xFF, 0xFF, 0xC0, 0x00, 0x3F, 0xFF, 0x00, 0x00, 0x07, 0xF8, 0x00,
    0x00, 0x00, 0x00, 0x00, 0x00, 0x00, 0x00, 0x00, 0x00, 0xBF, 0xD2, 0xFF, 0x07, 0xFF, 0xFA, 0xFF,
    0x1F, 0xFF, 0xFF, 0xFF, 0x3F, 0xFF, 0xFF, 0xFF, 0x7F, 0xF4, 0x1F, 0xFF, 0xBF, 0xD0, 0x07, 0xFF,
    0xFF, 0xC0, 0x03, 0xFF, 0xFF, 0x80, 0x02, 0xFF, 0xFF, 0x80, 0x02, 0xFF, 0xFF, 0xC0, 0x03, 0xFF,
    0xBF, 0xD0, 0x07, 0xFF, 0x7F, 0xF4, 0x1F, 0xFF, 0x3F, 0xFF, 0xFF, 0xFF, 0x1F, 0xFF, 0xFF, 0xFF,
    0x07, 0xFF, 0xFA, 0xFF, 0x00, 0xBF, 0x92, 0xFF, 0x00, 0x01, 0xBE, 0x40, 0x00, 0x00, 0x00, 0xFF,
    0xF8, 0x00, 0x00, 0x00, 0x3F, 0xFF, 0x00, 0x00, 0x00, 0x05, 0x1F, 0xC0, 0x00, 0x00, 0x00, 0x0F,
    0xD0, 0x00, 0x00, 0x00, 0x0B, 0xC0, 0x00, 0x00, 0x00, 0x51, 0x82, 0x40, 0x00, 0x00, 0x7F, 0x02,
    0xF8, 0x00, 0x00, 0x0F, 0xFF, 0xFC, 0x00, 0x00, 0x00, 0xFF, 0xFD, 0x00, 0x00, 0x00, 0x0B, 0xF8,
    0x00, 0x00, 0x00, 0x00, 0x00, 0x00, 0x00, 0x00, 0x00, 0xBF, 0xC0, 0x00, 0x00, 0x00, 0x3F, 0xF4,
    0x00, 0x00, 0x00, 0x1F, 0xFE, 0x00, 0x00, 0x00, 0x0F, 0xFF, 0xC0, 0x00, 0x00, 0x03, 0xFF, 0xF4,
    0x00, 0x00, 0x02, 0xFF, 0xFF, 0x00, 0x00, 0x00, 0xFF, 0xFF, 0xD0, 0x00, 0x00, 0x7F, 0xDF, 0xF8,
    0x00, 0x00, 0x2F, 0xF3, 0xFF, 0x00, 0x00, 0x0F, 0xF8, 0x7F, 0xD0, 0x00, 0x07, 0xFD, 0x0F, 0xFC,
    0x00, 0x03, 0xFF, 0x02, 0xFF, 0x00, 0x01, 0xFF, 0x80, 0x7F, 0xE0, 0x00, 0xBF, 0xFF, 0xFF, 0xFC,
    0x00, 0x3F, 0xFF, 0xFF, 0xFF, 0x40, 0x1F, 0xFF, 0xFF, 0xFF, 0xE0, 0x0F, 0xFF, 0xFF, 0xFF, 0xFC,
    0x03, 0xFE, 0x00, 0x02, 0xFF, 0x42, 0xFF, 0x40, 0x00, 0x3F, 0xF0, 0xFF, 0xC0, 0x00, 0x0F, 0xFC,
    0x7F, 0xE0, 0x00, 0x01, 0xFF, 0x80, 0x00, 0x1B, 0xE4, 0x00, 0x00, 0x3F, 0xFD, 0x00, 0x00, 0x2F,
    0xFE, 0x00, 0x00, 0x04, 0x7E, 0x00, 0x00, 0x00, 0xFC, 0x00, 0x00, 0x02, 0xF0, 0x00, 0x00, 0x01,
    0x80, 0x00, 0x00, 0xA4, 0x06, 0x90, 0x00, 0xFD, 0x1F, 0xD0, 0x00, 0xFF, 0xFF, 0xC0, 0x00, 0x3F,
    0xFF, 0x00, 0x00, 0x07, 0xF8, 0x00, 0x00, 0x00, 0x00, 0x00, 0x00, 0x00, 0x00, 0x00, 0x00, 0xBF,
    0xD2, 0xFF, 0x07, 0xFF, 0xFA, 0xFF, 0x1F, 0xFF, 0xFF, 0xFF, 0x3F, 0xFF, 0xFF, 0xFF, 0x7F, 0xF4,
    0x1F, 0xFF, 0xBF, 0xD0, 0x07, 0xFF, 0xFF, 0xC0, 0x03, 0xFF, 0xFF, 0x80, 0x02, 0xFF, 0xFF, 0x80,
    0x02, 0xFF, 0xFF, 0xC0, 0x03, 0xFF, 0xBF, 0xD0, 0x07, 0xFF, 0x7F, 0xF4, 0x1F, 0xFF, 0x3F, 0xFF,
    0xFF, 0xFF, 0x1F, 0xFF, 0xFF, 0xFF, 0x07, 0xFF, 0xFA, 0xFF, 0x00, 0xBF, 0x92, 0xFF, 0x00, 0x00,
    0x00, 0x00, 0x00, 0x00, 0x02, 0xFE, 0x0F, 0xC0, 0x00, 0x01, 0xFF, 0xFF, 0xE0, 0x00, 0x00, 0xFF,
    0xFF, 0xF0, 0x00, 0x00, 0x3F, 0x02, 0xF4, 0x00, 0x00, 0x00, 0x00, 0x00, 0x00, 0x00, 0x00, 0x50,
    0x01, 0x40, 0x00, 0x00, 0xBE, 0x02, 0xF8, 0x00, 0x00, 0x0F, 0xFF, 0xFC, 0x00, 0x00, 0x01, 0xFF,
    0xFD, 0x00, 0x00, 0x00, 0x0B, 0xF8, 0x00, 0x00, 0x00, 0x00, 0x00, 0x00, 0x00, 0x00, 0x00, 0xFF,
    0xC0, 0x00, 0x00, 0x00, 0x3F, 0xF0, 0x00, 0x00, 0x00, 0x2F, 0xFE, 0x00, 0x00, 0x00, 0x0F, 0xFF,
    0xC0, 0x00, 0x00, 0x07, 0xFF, 0xF4, 0x00, 0x00, 0x03, 0xFF, 0xFF, 0x00, 0x00, 0x00, 0xFF, 0xFF,
    0xC0, 0x00, 0x00, 0xBF, 0xDF, 0xF8, 0x00, 0x00, 0x3F, 0xF3, 0xFF, 0x00, 0x00, 0x1F, 0xF4, 0xBF,
    0xD0, 0x00, 0x0B, 0xFC, 0x0F, 0xF8, 0x00, 0x03, 0xFE, 0x03, 0xFF, 0x00, 0x01, 0xFF, 0x40, 0x7F,
    0xD0, 0x00, 0xFF, 0xFF, 0xFF, 0xFC, 0x00, 0x7F, 0xFF, 0xFF, 0xFF, 0x40, 0x2F, 0xFF, 0xFF, 0xFF,
    0xE0, 0x0F, 0xFF, 0xFF, 0xFF, 0xFC, 0x07, 0xFD, 0x00, 0x02, 0xFF, 0x43, 0xFF, 0x00, 0x00, 0x3F,
    0xF0, 0xFF, 0x80, 0x00, 0x0F, 0xFC, 0xBF, 0xD0, 0x00, 0x01, 0xFF, 0x80, 0x00, 0x2E, 0x43, 0xD0,
    0x00, 0xFF, 0xFF, 0xE0, 0x01, 0xFF, 0xFF, 0xC0, 0x01, 0xF4, 0x7F, 0x40, 0x00, 0x00, 0x00, 0x00,
    0x00, 0x00, 0x00, 0x00, 0x00, 0xA4, 0x06, 0x90, 0x00, 0xFD, 0x1F, 0xD0, 0x00, 0xFF, 0xFF, 0xC0,
    0x00, 0x3F, 0xFF, 0x00, 0x00, 0x07, 0xF8, 0x00, 0x00, 0x00, 0x00, 0x00, 0x00, 0x00, 0x00, 0x00,
    0x00, 0xBF, 0xD2, 0xFF, 0x07, 0xFF, 0xFA, 0xFF, 0x1F, 0xFF, 0xFF, 0xFF, 0x3F, 0xFF, 0xFF, 0xFF,
    0x7F, 0xF4, 0x1F, 0xFF, 0xBF, 0xD0, 0x07, 0xFF, 0xFF, 0xC0, 0x03, 0xFF, 0xFF, 0x80, 0x02, 0xFF,
    0xFF, 0x80, 0x02, 0xFF, 0xFF, 0xC0, 0x03, 0xFF, 0xBF, 0xD0, 0x07, 0xFF, 0x7F, 0xF4, 0x1F, 0xFF,
    0x3F, 0xFF, 0xFF, 0xFF, 0x1F, 0xFF, 0xFF, 0xFF, 0x07, 0xFF, 0xFA, 0xFF, 0x00, 0xBF, 0x92, 0xFF,
    0x00, 0x0A, 0x80, 0x2A, 0x00, 0x00, 0x00, 0xFE, 0x0B, 0xF0, 0x00, 0x00, 0x0B, 0xFF, 0xFE, 0x00,
    0x00, 0x00, 0x2F, 0xFF, 0x80, 0x00, 0x00, 0x00, 0x7F, 0xD0, 0x00, 0x00, 0x00, 0x00, 0x00, 0x00,
    0x00, 0x00, 0x00, 0x00, 0x00, 0x00, 0x00, 0x00, 0x07, 0xFD, 0x00, 0x00, 0x00, 0x00, 0xFF, 0xF0,
    0x00, 0x00, 0x00, 0x0F, 0xFF, 0x00, 0x00, 0x00, 0x02, 0xFF, 0xF8, 0x00, 0x00, 0x00, 0x3F, 0xFF,
    0xC0, 0x00, 0x00, 0x07, 0xFF, 0xFD, 0x00, 0x00, 0x00, 0xBF, 0xFF, 0xE0, 0x00, 0x00, 0x0F, 0xFA,
    0xFF, 0x00, 0x00, 0x01, 0xFF, 0x5F, 0xF8, 0x00, 0x00, 0x3F, 0xF0, 0xFF, 0xC0, 0x00, 0x03, 0xFE,
    0x0B, 0xFD, 0x00, 0x00, 0xBF, 0xC0, 0x7F, 0xE0, 0x00, 0x0F, 0xFC, 0x03, 0xFF, 0x00, 0x01, 0xFF,
    0xFF, 0xFF, 0xF4, 0x00, 0x3F, 0xFF, 0xFF, 0xFF, 0xC0, 0x03, 0xFF, 0xFF, 0xFF, 0xFC, 0x00, 0xBF,
    0xFF, 0xFF, 0xFF, 0xE0, 0x0F, 0xFC, 0x00, 0x03, 0xFF, 0x01, 0xFF, 0x80, 0x00, 0x2F, 0xF4, 0x2F,
    0xF0, 0x00, 0x01, 0xFF, 0x83, 0xFF, 0x00, 0x00, 0x0F, 0xFC, 0x00, 0x00, 0x00, 0x00, 0x00, 0x00,
    0x00, 0x02, 0xF8, 0x00, 0x00, 0x00, 0x00, 0xFF, 0xF0, 0x00, 0x00, 0x00, 0x0F, 0xFF, 0x00, 0x00,
    0x00, 0x00, 0xFF, 0xF0, 0x00, 0x00, 0x00, 0x02, 0xF8, 0x00, 0x00, 0x01, 0xFC, 0x03, 0xE0, 0x00,
    0xFE, 0x0B, 0xE0, 0x00, 0xBF, 0xFF, 0xC0, 0x00, 0x3F, 0xFF, 0x40, 0x00, 0x0B, 0xF8, 0x00, 0x00,
    0x00, 0x00, 0x00, 0x00, 0x00, 0x00, 0x00, 0x00, 0x7F, 0xE0, 0xFF, 0x03, 0xFF, 0xFC, 0xFF, 0x0F,
    0xFF, 0xFF, 0xFF, 0x3F, 0xFF, 0xFF, 0xFF, 0x7F, 0xF8, 0x0B, 0xFF, 0xBF, 0xD0, 0x02, 0xFF, 0xFF,
    0xC0, 0x00, 0xFF, 0xFF, 0xC0, 0x00, 0xFF, 0xFF, 0xC0, 0x00, 0xFF, 0xFF, 0xC0, 0x00, 0xFF, 0xBF,
    0xD0, 0x02, 0xFF, 0x7F, 0xF8, 0x0B, 0xFF, 0x3F, 0xFF, 0xFF, 0xFF, 0x0F, 0xFF, 0xFF, 0xFF, 0x07,
    0xFF, 0xFC, 0xFF, 0x00, 0xBF, 0xD0, 0xFF, 0x00, 0x00, 0x00, 0x00, 0x00, 0x02, 0xF8, 0x00, 0x00,
    0x0F, 0xFF, 0x00, 0x00, 0x0F, 0xFF, 0x00, 0x00, 0x0F, 0xFF, 0x00, 0x00, 0x02, 0xF8, 0x00, 0xFF,
    0xFF, 0xFF, 0xF3, 0xFF, 0xFF, 0xFF, 0xCF, 0xFF, 0xFF, 0xFF, 0x3F, 0xFF, 0xFF, 0xFC, 0xFF, 0x80,
    0x00, 0x03, 0xFE, 0x00, 0x00, 0x0F, 0xF8, 0x00, 0x00, 0x3F, 0xE0, 0x00, 0x00, 0xFF, 0xFF, 0xFF,
    0xC3, 0xFF, 0xFF, 0xFF, 0x0F, 0xFF, 0xFF, 0xFC, 0x3F, 0xFF, 0xFF, 0xF0, 0xFF, 0x80, 0x00, 0x03,
    0xFE, 0x00, 0x00, 0x0F, 0xF8, 0x00, 0x00, 0x3F, 0xE0, 0x00, 0x00, 0xFF, 0x80, 0x00, 0x03, 0xFF,
    0xFF, 0xFF, 0xEF, 0xFF, 0xFF, 0xFF, 0xBF, 0xFF, 0xFF, 0xFE, 0xFF, 0xFF, 0xFF, 0xF8, 0x00, 0x00,
    0x00, 0x00, 0x02, 0xF8, 0x00, 0x00, 0x3F, 0xFC, 0x00, 0x00, 0xFF, 0xF0, 0x00, 0x03, 0xFF, 0xC0,
    0x00, 0x02, 0xF8, 0x00, 0x00, 0x00, 0x6F, 0xF4, 0x00, 0x0F, 0xFF, 0xFD, 0x00, 0xFF, 0xFF, 0xFD,
    0x0B, 0xFF, 0xFF, 0xFC, 0x7F, 0xF4, 0x1F, 0xF6, 0xFF, 0x00, 0x2F, 0xFF, 0xFF, 0xFF, 0xFF, 0xFF,
    0xFF, 0xFF, 0xFF, 0xFF, 0xFF, 0xFF, 0xFF, 0xFF, 0x00, 0x00, 0x0B, 0xFE, 0x00, 0x00, 0x1F, 0xFE,
    0x01, 0xE0, 0x2F, 0xFF, 0xFF, 0xD0, 0x3F, 0xFF, 0xFF, 0xC0, 0x2F, 0xFF, 0xFD, 0x00, 0x0B, 0xFE,
    0x40, 0x00, 0x00, 0x00, 0x00, 0x00, 0x2F, 0x80, 0x00, 0x03, 0xFF, 0xC0, 0x00, 0x0F, 0xFF, 0x00,
    0x00, 0x3F, 0xFC, 0x00, 0x00, 0x2F, 0x80, 0x00, 0x00, 0x7F, 0xE0, 0x00, 0x03, 0xFF, 0xE0, 0x00,
    0x0F, 0xFF, 0xC0, 0x00, 0x00, 0x7F, 0x00, 0x00, 0x07, 0xF0, 0x00, 0x00, 0x3F, 0x00, 0x00, 0x00,
    0xA4, 0x00, 0x00, 0x00, 0x00, 0x00, 0xFF, 0xFF, 0xFF, 0xF3, 0xFF, 0xFF, 0xFF, 0xCF, 0xFF, 0xFF,
    0xFF, 0x3F, 0xFF, 0xFF, 0xFC, 0xFF, 0x80, 0x00, 0x03, 0xFE, 0x00, 0x00, 0x0F, 0xF8, 0x00, 0x00,
    0x3F, 0xE0, 0x00, 0x00, 0xFF, 0xFF, 0xFF, 0xC3, 0xFF, 0xFF, 0xFF, 0x0F, 0xFF, 0xFF, 0xFC, 0x3F,
    0xFF, 0xFF, 0xF0, 0xFF, 0x80, 0x00, 0x03, 0xFE, 0x00, 0x00, 0x0F, 0xF8, 0x00, 0x00, 0x3F, 0xE0,
    0x00, 0x00, 0xFF, 0x80, 0x00, 0x03, 0xFF, 0xFF, 0xFF, 0xEF, 0xFF, 0xFF, 0xFF, 0xBF, 0xFF, 0xFF,
    0xFE, 0xFF, 0xFF, 0xFF, 0xF8, 0x00, 0x1B, 0xE0, 0x00, 0x00, 0xFF, 0xF0, 0x00, 0x03, 0xFF, 0xD0,
    0x00, 0x04, 0x3F, 0x40, 0x00, 0x01, 0xFC, 0x00, 0x00, 0x1F, 0xC0, 0x00, 0x00, 0x7C, 0x00, 0x00,
    0x00, 0x40, 0x00, 0x00, 0x00, 0x00, 0x00, 0x01, 0xBF, 0xD0, 0x00, 0x3F, 0xFF, 0xF4, 0x03, 0xFF,
    0xFF, 0xF4, 0x2F, 0xFF, 0xFF, 0xF1, 0xFF, 0xD0, 0x7F, 0xDB, 0xFD, 0x00, 0x7F, 0xBF, 0xFF, 0xFF,
    0xFF, 0xFF, 0xFF, 0xFF, 0xFF, 0xFF, 0xFF, 0xFF, 0xFF, 0xFC, 0x00, 0x00, 0x2F, 0xF8, 0x00, 0x00,
    0x7F, 0xF9, 0x06, 0xC0, 0xBF, 0xFF, 0xFF, 0x80, 0xFF, 0xFF, 0xFF, 0x00, 0xBF, 0xFF, 0xF4, 0x00,
    0x2F, 0xF9, 0x00, 0x00, 0x00, 0x00, 0x00, 0x07, 0xF8, 0x3F, 0x00, 0x7F, 0xFF, 0xF8, 0x03, 0xFF,
    0xFF, 0xD0, 0x0F, 0xC1, 0xFD, 0x00, 0x00, 0x00, 0x00, 0x00, 0x00, 0x00, 0x00, 0x3F, 0xFF, 0xFF,
    0xFC, 0xFF, 0xFF, 0xFF, 0xF3, 0xFF, 0xFF, 0xFF, 0xCF, 0xFF, 0xFF, 0xFF, 0x3F, 0xE0, 0x00, 0x00,
    0xFF, 0x80, 0x00, 0x03, 0xFE, 0x00, 0x00, 0x0F, 0xF8, 0x00, 0x00, 0x3F, 0xFF, 0xFF, 0xF0, 0xFF,
    0xFF, 0xFF, 0xC3, 0xFF, 0xFF, 0xFF, 0x0F, 0xFF, 0xFF, 0xFC, 0x3F, 0xE0, 0x00, 0x00, 0xFF, 0x80,
    0x00, 0x03, 0xFE, 0x00, 0x00, 0x0F, 0xF8, 0x00, 0x00, 0x3F, 0xE0, 0x00, 0x00, 0xFF, 0xFF, 0xFF,
    0xFB, 0xFF, 0xFF, 0xFF, 0xEF, 0xFF, 0xFF, 0xFF, 0xBF, 0xFF, 0xFF, 0xFE, 0x00, 0xBD, 0x06, 0x40,
    0x07, 0xFE, 0x3F, 0x00, 0x3F, 0xFF, 0xF8, 0x00, 0xFC, 0xBF, 0xD0, 0x01, 0x90, 0x7D, 0x00, 0x00,
    0x00, 0x00, 0x00, 0x00, 0x00, 0x00, 0x00, 0x1B, 0xFD, 0x00, 0x03, 0xFF, 0xFF, 0x40, 0x3F, 0xFF,
    0xFF, 0x42, 0xFF, 0xFF, 0xFF, 0x1F, 0xFD, 0x07, 0xFD, 0xBF, 0xD0, 0x07, 0xFB, 0xFF, 0xFF, 0xFF,
    0xFF, 0xFF, 0xFF, 0xFF, 0xFF, 0xFF, 0xFF, 0xFF, 0xFF, 0xC0, 0x00, 0x02, 0xFF, 0x80, 0x00, 0x07,
    0xFF, 0x90, 0x7C, 0x0B, 0xFF, 0xFF, 0xF8, 0x0F, 0xFF, 0xFF, 0xF0, 0x0B, 0xFF, 0xFF, 0x40, 0x02,
    0xFF, 0x90, 0x00, 0x00, 0x00, 0x00, 0x00, 0x00, 0x00, 0x00, 0x0E, 0x00, 0x00, 0x00, 0x0B, 0xF0,
    0x00, 0x00, 0x03, 0xF8, 0x00, 0x00, 0x02, 0xFC, 0x00, 0x00, 0x00, 0xFC, 0x00, 0x02, 0xFD, 0x08,
    0x00, 0x02, 0xFF, 0xE0, 0x00, 0x03, 0xFF, 0xFE, 0x00, 0x02, 0xFE, 0x6F, 0xD0, 0x00, 0x24, 0x00,
    0x50, 0x00, 0x00, 0x00, 0x00, 0x00, 0xFF, 0xFF, 0xFF, 0xF0, 0x3F, 0xFF, 0xFF, 0xFC, 0x0F, 0xFF,
    0xFF, 0xFF, 0x03, 0xFF, 0xFF, 0xFF, 0xC0, 0xFF, 0x80, 0x00, 0x00, 0x3F, 0xE0, 0x00, 0x00, 0x0F,
    0xF8, 0x00, 0x00, 0x03, 0xFE, 0x00, 0x00, 0x00, 0xFF, 0xFF, 0xFF, 0xC0, 0x3F, 0xFF, 0xFF, 0xF0,
    0x0F, 0xFF, 0xFF, 0xFC, 0x03, 0xFF, 0xFF, 0xFF, 0x00, 0xFF, 0x80, 0x00, 0x00, 0x3F, 0xE0, 0x00,
    0x00, 0x0F, 0xF8, 0x00, 0x00, 0x03, 0xFE, 0x00, 0x00, 0x00, 0xFF, 0x80, 0x00, 0x00, 0x3F, 0xFF,
    0xFF, 0xFE, 0x0F, 0xFF, 0xFF, 0xFF, 0x83, 0xFF, 0xFF, 0xFF, 0xE0, 0xFF, 0xFF, 0xFF, 0xF8, 0x00,
    0x00, 0x00, 0x00, 0x08, 0x00, 0x00, 0x00, 0x02, 0xF4, 0x00, 0x00, 0x00, 0x3F, 0xC0, 0x00, 0x00,
    0x0B, 0xF0, 0x00, 0x00, 0x00, 0xFC, 0x00, 0x00, 0x00, 0x0B, 0x00, 0x00, 0x0F, 0xF0, 0x00, 0x00,
    0x03, 0xFF, 0xC0, 0x00, 0x00, 0xFF, 0xFF, 0x00, 0x00, 0x3F, 0xD7, 0xFC, 0x00, 0x01, 0xD0, 0x07,
    0x00, 0x00, 0x00, 0x00, 0x00, 0x00, 0x00, 0x00, 0x00, 0x00, 0x00, 0x06, 0xFF, 0x40, 0x00, 0x03,
    0xFF, 0xFF, 0x40, 0x00, 0xFF, 0xFF, 0xFD, 0x00, 0x2F, 0xFF, 0xFF, 0xF0, 0x07, 0xFF, 0x41, 0xFF,
    0x40, 0xBF, 0xD0, 0x07, 0xF8, 0x0F, 0xFF, 0xFF, 0xFF, 0xC0, 0xFF, 0xFF, 0xFF, 0xFC, 0x0F, 0xFF,
    0xFF, 0xFF, 0xC0, 0xFF, 0xC0, 0x00, 0x00, 0x0B, 0xFE, 0x00, 0x00, 0x00, 0x7F, 0xF9, 0x06, 0xC0,
    0x02, 0xFF, 0xFF, 0xFE, 0x00, 0x0F, 0xFF, 0xFF, 0xF0, 0x00, 0x2F, 0xFF, 0xFD, 0x00, 0x00, 0x2F,
    0xF9, 0x00, 0x00, 0x00, 0x00, 0x00, 0x00, 0x00, 0x00, 0x2C, 0x00, 0x00, 0x03, 0xF4, 0x00, 0x00,
    0x0F, 0xF0, 0x00, 0x00, 0x0F, 0xD0, 0x00, 0x00, 0x0F, 0x80, 0x02, 0xFD, 0x08, 0x00, 0x2F, 0xFE,
    0x00, 0x03, 0xFF, 0xFE, 0x00, 0x2F, 0xE6, 0xFD, 0x00, 0x24, 0x00, 0x50, 0x00, 0x00, 0x00, 0x00,
    0xFF, 0xFF, 0xFF, 0xF3, 0xFF, 0xFF, 0xFF, 0xCF, 0xFF, 0xFF, 0xFF, 0x3F, 0xFF, 0xFF, 0xFC, 0xFF,
    0x80, 0x00, 0x03, 0xFE, 0x00, 0x00, 0x0F, 0xF8, 0x00, 0x00, 0x3F, 0xE0, 0x00, 0x00, 0xFF, 0xFF,
    0xFF, 0xC3, 0xFF, 0xFF, 0xFF, 0x0F, 0xFF, 0xFF, 0xFC, 0x3F, 0xFF, 0xFF, 0xF0, 0xFF, 0x80, 0x00,
    0x03, 0xFE, 0x00, 0x00, 0x0F, 0xF8, 0x00, 0x00, 0x3F, 0xE0, 0x00, 0x00, 0xFF, 0x80, 0x00, 0x03,
    0xFF, 0xFF, 0xFF, 0xEF, 0xFF, 0xFF, 0xFF, 0xBF, 0xFF, 0xFF, 0xFE, 0xFF, 0xFF, 0xFF, 0xF8, 0x00,
    0x00, 0x02, 0x00, 0x00, 0x00, 0x3E, 0x00, 0x00, 0x02, 0xFC, 0x00, 0x00, 0x02, 0xF8, 0x00, 0x00,
    0x03, 0xF0, 0x00, 0x00, 0x03, 0x80, 0x00, 0xFF, 0x00, 0x00, 0x0F, 0xFF, 0x00, 0x00, 0xFF, 0xFF,
    0x00, 0x0F, 0xF5, 0xFF, 0x00, 0x1D, 0x00, 0x70, 0x00, 0x00, 0x00, 0x00, 0x00, 0x00, 0x00, 0x00,
    0x01, 0xBF, 0xD0, 0x00, 0x3F, 0xFF, 0xF4, 0x03, 0xFF, 0xFF, 0xF4, 0x2F, 0xFF, 0xFF, 0xF1, 0xFF,
    0xD0, 0x7F, 0xDB, 0xFD, 0x00, 0x7F, 0xBF, 0xFF, 0xFF, 0xFF, 0xFF, 0xFF, 0xFF, 0xFF, 0xFF, 0xFF,
    0xFF, 0xFF, 0xFC, 0x00, 0x00, 0x2F, 0xF8, 0x00, 0x00, 0x7F, 0xF9, 0x06, 0xC0, 0xBF, 0xFF, 0xFF,
    0x80, 0xFF, 0xFF, 0xFF, 0x00, 0xBF, 0xFF, 0xF4, 0x00, 0x2F, 0xF9, 0x00, 0x00, 0x00, 0x1F, 0xF8,
    0x00, 0x00, 0x3F, 0xFE, 0x00, 0x00, 0x2F, 0xFF, 0x00, 0x00, 0x00, 0x3F, 0x00, 0x00, 0x00, 0xF8,
    0x00, 0x0A, 0x81, 0xE0, 0x00, 0x7F, 0xF4, 0x00, 0x03, 0xFF, 0xFE, 0x00, 0x0B, 0xF4, 0x7F, 0x40,
    0x02, 0x40, 0x01, 0x00, 0x00, 0x00, 0x00, 0x00, 0xFF, 0xFF, 0xFF, 0xF0, 0xFF, 0xFF, 0xFF, 0xF0,
    0xFF, 0xFF, 0xFF, 0xF0, 0xFF, 0xFF, 0xFF, 0xF0, 0xFF, 0x80, 0x00, 0x00, 0xFF, 0x80, 0x00, 0x00,
    0xFF, 0x80, 0x00, 0x00, 0xFF, 0x80, 0x00, 0x00, 0xFF, 0xFF, 0xFF, 0xC0, 0xFF, 0xFF, 0xFF, 0xC0,
    0xFF, 0xFF, 0xFF, 0xC0, 0xFF, 0xFF, 0xFF, 0xC0, 0xFF, 0x80, 0x00, 0x00, 0xFF, 0x80, 0x00, 0x00,
    0xFF, 0x80, 0x00, 0x00, 0xFF, 0x80, 0x00, 0x00, 0xFF, 0x80, 0x00, 0x00, 0xFF, 0xFF, 0xFF, 0xF8,
    0xFF, 0xFF, 0xFF, 0xF8, 0xFF, 0xFF, 0xFF, 0xF8, 0xFF, 0xFF, 0xFF, 0xF8, 0x00, 0x00, 0x0B, 0xF8,
    0x00, 0x00, 0x03, 0xFF, 0xC0, 0x00, 0x00, 0xFF, 0xF4, 0x00, 0x00, 0x10, 0xBD, 0x00, 0x00, 0x00,
    0x7E, 0x00, 0x00, 0x00, 0x3D, 0x00, 0x00, 0x6A, 0x0A, 0x00, 0x00, 0xBF, 0xE0, 0x00, 0x00, 0xFF,
    0xFF, 0x00, 0x00, 0xFF, 0xAF, 0xF0, 0x00, 0x1E, 0x00, 0xB4, 0x00, 0x00, 0x00, 0x00, 0x00, 0x00,
    0x00, 0x00, 0x00, 0x00, 0x1B, 0xFD, 0x00, 0x00, 0x3F, 0xFF, 0xF4, 0x00, 0x3F, 0xFF, 0xFF, 0x40,
    0x2F, 0xFF, 0xFF, 0xF0, 0x1F, 0xFD, 0x07, 0xFD, 0x0B, 0xFD, 0x00, 0x3F, 0x83, 0xFF, 0xFF, 0xFF,
    0xF0, 0xFF, 0xFF, 0xFF, 0xFC, 0x3F, 0xFF, 0xFF, 0xFF, 0x0F, 0xFC, 0x00, 0x00, 0x02, 0xFF, 0x80,
    0x00, 0x00, 0x7F, 0xF9, 0x02, 0xC0, 0x0B, 0xFF, 0xFF, 0xF8, 0x00, 0xFF, 0xFF, 0xFF, 0x00, 0x0B,
    0xFF, 0xFF, 0x40, 0x00, 0x2F, 0xF9, 0x00, 0x00, 0x00, 0x00, 0x00, 0x00, 0x07, 0xF4, 0x3F, 0x00,
    0x7F, 0xFF, 0xFC, 0x03, 0xFF, 0xFF, 0xD0, 0x0F, 0xC1, 0xFD, 0x00, 0x00, 0x00, 0x00, 0x00, 0x01,
    0xA8, 0x00, 0x00, 0x2F, 0xFD, 0x00, 0x03, 0xFF, 0xFE, 0x00, 0x2F, 0xD1, 0xFD, 0x00, 0x24, 0x00,
    0x50, 0x00, 0x00, 0x00, 0x00, 0xFF, 0xFF, 0xFF, 0xF3, 0xFF, 0xFF, 0xFF, 0xCF, 0xFF, 0xFF, 0xFF,
    0x3F, 0xFF, 0xFF, 0xFC, 0xFF, 0x80, 0x00, 0x03, 0xFE, 0x00, 0x00, 0x0F, 0xF8, 0x00, 0x00, 0x3F,
    0xE0, 0x00, 0x00, 0xFF, 0xFF, 0xFF, 0xC3, 0xFF, 0xFF, 0xFF, 0x0F, 0xFF, 0xFF, 0xFC, 0x3F, 0xFF,
    0xFF, 0xF0, 0xFF, 0x80, 0x00, 0x03, 0xFE, 0x00, 0x00, 0x0F, 0xF8, 0x00, 0x00, 0x3F, 0xE0, 0x00,
    0x00, 0xFF, 0x80, 0x00, 0x03, 0xFF, 0xFF, 0xFF, 0xEF, 0xFF, 0xFF, 0xFF, 0xBF, 0xFF, 0xFF, 0xFE,
    0xFF, 0xFF, 0xFF, 0xF8, 0x00, 0xBE, 0x0B, 0x80, 0x0B, 0xFF, 0xFF, 0x00, 0x3F, 0xFF, 0xF4, 0x00,
    0xF8, 0x2F, 0x80, 0x00, 0x00, 0x00, 0x00, 0x00, 0x00, 0x00, 0x00, 0x00, 0xFF, 0x00, 0x00, 0x0F,
    0xFF, 0x00, 0x00, 0xFF, 0xFF, 0x00, 0x0F, 0xF5, 0xFE, 0x00, 0x1D, 0x00, 0x70, 0x00, 0x00, 0x00,
    0x00, 0x00, 0x00, 0x00, 0x00, 0x01, 0xBF, 0xD0, 0x00, 0x3F, 0xFF, 0xF4, 0x03, 0xFF, 0xFF, 0xF4,
    0x2F, 0xFF, 0xFF, 0xF1, 0xFF, 0xD0, 0x7F, 0xDB, 0xFD, 0x00, 0x7F, 0xBF, 0xFF, 0xFF, 0xFF, 0xFF,
    0xFF, 0xFF, 0xFF, 0xFF, 0xFF, 0xFF, 0xFF, 0xFC, 0x00, 0x00, 0x2F, 0xF8, 0x00, 0x00, 0x7F, 0xF9,
    0x07, 0xC0, 0xBF, 0xFF, 0xFF, 0x80, 0xFF, 0xFF, 0xFF, 0x00, 0xBF, 0xFF, 0xF4, 0x00, 0x2F, 0xF9,
    0x00, 0x00, 0x06, 0x80, 0x00, 0x01, 0xFF, 0xD0, 0x00, 0x2F, 0xFF, 0xE0, 0x02, 0xFE, 0x7F, 0xE0,
    0x03, 0x80, 0x1F, 0x00, 0x00, 0x00, 0x00, 0x00, 0x00, 0x00, 0x00, 0x3F, 0xFF, 0xFF, 0xFC, 0xFF,
    0xFF, 0xFF, 0xF3, 0xFF, 0xFF, 0xFF, 0xCF, 0xFF, 0xFF, 0xFF, 0x3F, 0xE0, 0x00, 0x00, 0xFF, 0x80,
    0x00, 0x03, 0xFE, 0x00, 0x00, 0x0F, 0xF8, 0x00, 0x00, 0x3F, 0xFF, 0xFF, 0xF0, 0xFF, 0xFF, 0xFF,
    0xC3, 0xFF, 0xFF, 0xFF, 0x0F, 0xFF, 0xFF, 0xFC, 0x3F, 0xE0, 0x00, 0x00, 0xFF, 0x80, 0x00, 0x03,
    0xFE, 0x00, 0x00, 0x0F, 0xF8, 0x00, 0x00, 0x3F, 0xE0, 0x00, 0x00, 0xFF, 0xFF, 0xFF, 0xFB, 0xFF,
    0xFF, 0xFF, 0xEF, 0xFF, 0xFF, 0xFF, 0xBF, 0xFF, 0xFF, 0xFE, 0x00, 0x00, 0x00, 0x00, 0x00, 0xBE,
    0x00, 0x00, 0x0F, 0xFF, 0x00, 0x00, 0x3F, 0xFC, 0x00, 0x00, 0xFF, 0xF0, 0x00, 0x00, 0xBE, 0x00,
    0x00, 0x00, 0x0A, 0x40, 0x00, 0x00, 0xFF, 0xC0, 0x00, 0x0F, 0xFF, 0xD0, 0x00, 0xFF, 0x7F, 0xD0,
    0x07, 0xE0, 0x2F, 0xC0, 0x05, 0x00, 0x1C, 0x00, 0x00, 0x00, 0x00, 0x00, 0x00, 0x00, 0x00, 0x00,
    0x6F, 0xF4, 0x00, 0x0F, 0xFF, 0xFD, 0x00, 0xFF, 0xFF, 0xFD, 0x0B, 0xFF, 0xFF, 0xFC, 0x7F, 0xF4,
    0x1F, 0xF6, 0xFF, 0x00, 0x2F, 0xFF, 0xFF, 0xFF, 0xFF, 0xFF, 0xFF, 0xFF, 0xFF, 0xFF, 0xFF, 0xFF,
    0xFF, 0xFF, 0x00, 0x00, 0x0B, 0xFE, 0x00, 0x00, 0x1F, 0xFE, 0x01, 0xE0, 0x2F, 0xFF, 0xFF, 0xD0,
    0x3F, 0xFF, 0xFF, 0xC0, 0x2F, 0xFF, 0xFD, 0x00, 0x0B, 0xFE, 0x40, 0x00, 0x00, 0x00, 0x00, 0x00,
    0x2F, 0x80, 0x00, 0x03, 0xFF, 0xC0, 0x00, 0x0F, 0xFF, 0x00, 0x00, 0x3F, 0xFC, 0x00, 0x00, 0x2F,
    0x80, 0x00, 0x02, 0xFE, 0x00, 0x0B, 0xFF, 0xC0, 0x07, 0xFF, 0xD0, 0x00, 0x0F, 0xC0, 0x00, 0x3F,
    0x40, 0x00, 0xBC, 0x00, 0x00, 0x24, 0x00, 0x00, 0x00, 0x00, 0xFF, 0xFF, 0xFF, 0xFF, 0xFF, 0xFF,
    0xFF, 0xFF, 0xFF, 0xFF, 0xFF, 0xFF, 0x02, 0xFF, 0x00, 0x02, 0xFF, 0x00, 0x02, 0xFF, 0x00, 0x02,
    0xFF, 0x00, 0x02, 0xFF, 0x00, 0x02, 0xFF, 0x00, 0x02, 0xFF, 0x00, 0x02, 0xFF, 0x00, 0x02, 0xFF,
    0x00, 0x02, 0xFF, 0x00, 0x02, 0xFF, 0x00, 0x02, 0xFF, 0x00, 0x02, 0xFF, 0x00, 0xFF, 0xFF, 0xFF,
    0xFF, 0xFF, 0xFF, 0xFF, 0xFF, 0xFF, 0xFF, 0xFF, 0xFF, 0x1B, 0xF8, 0x3F, 0xFE, 0x3F, 0xFF, 0x00,
    0x7F, 0x01, 0xFC, 0x03, 0xE0, 0x01, 0x40, 0x00, 0x00, 0x0F, 0xF8, 0x0F, 0xF8, 0x0F, 0xF8, 0x0F,
    0xF8, 0x0F, 0xF8, 0x0F, 0xF8, 0x0F, 0xF8, 0x0F, 0xF8, 0x0F, 0xF8, 0x0F, 0xF8, 0x0F, 0xF8, 0x0F,
    0xF8, 0x0F, 0xF8, 0x0F, 0xF8, 0x0F, 0xF8, 0x0F, 0xF8, 0xFF, 0xFF, 0xFF, 0xFF, 0xFF, 0xFF, 0xFF,
    0xFF, 0xFF, 0xFF, 0xFF, 0xFF, 0x02, 0xFF, 0x00, 0x02, 0xFF, 0x00, 0x02, 0xFF, 0x00, 0x02, 0xFF,
    0x00, 0x02, 0xFF, 0x00, 0x02, 0xFF, 0x00, 0x02, 0xFF, 0x00, 0x02, 0xFF, 0x00, 0x02, 0xFF, 0x00,
    0x02, 0xFF, 0x00, 0x02, 0xFF, 0x00, 0x02, 0xFF, 0x00, 0x02, 0xFF, 0x00, 0xFF, 0xFF, 0xFF, 0xFF,
    0xFF, 0xFF, 0xFF, 0xFF, 0xFF, 0xFF, 0xFF, 0xFF, 0x00, 0x00, 0x00, 0x00, 0xBE, 0x00, 0x03, 0xFF,
    0xC0, 0x03, 0xFF, 0xC0, 0x03, 0xFF, 0xC0, 0x00, 0xBE, 0x00, 0x2F, 0x8F, 0xFF, 0xFF, 0xFF, 0xFF,
    0x2F, 0x80, 0x00, 0x00, 0x00, 0x00, 0xBF, 0xCB, 0xFC, 0xBF, 0xCB, 0xFC, 0xBF, 0xCB, 0xFC, 0xBF,
    0xCB, 0xFC, 0xBF, 0xCB, 0xFC, 0xBF, 0xCB, 0xFC, 0xBF, 0xCB, 0xFC, 0xBF, 0xCB, 0xFC, 0x00, 0x02,
    0xF8, 0xFF, 0xFF, 0xFF, 0xFF, 0xF2, 0xF8, 0x00, 0x06, 0xFF, 0xE4, 0x00, 0x00, 0x0F, 0xFF, 0xFF,
    0xD0, 0x00, 0x1F, 0xFF, 0xFF, 0xFE, 0x00, 0x1F, 0xFF, 0xFF, 0xFF, 0xE0, 0x1F, 0xFF, 0xFF, 0xFF,
    0xFD, 0x0F, 0xFF, 0x90, 0x1B, 0xFF, 0xC7, 0xFF, 0x40, 0x00, 0x7F, 0xF6, 0xFF, 0x80, 0x00, 0x0B,
    0xFE, 0xFF, 0xC0, 0x00, 0x00, 0xFF, 0xFF, 0xF0, 0x00, 0x00, 0x3F, 0xFF, 0xF8, 0x00, 0x00, 0x0B,
    0xFF, 0xFF, 0x00, 0x00, 0x03, 0xFF, 0xFF, 0xC0, 0x00, 0x00, 0xFF, 0xEF, 0xF8, 0x00, 0x00, 0xBF,
    0xE7, 0xFF, 0x40, 0x00, 0x7F, 0xF4, 0xFF, 0xF9, 0x01, 0xBF, 0xFC, 0x1F, 0xFF, 0xFF, 0xFF, 0xFD,
    0x01, 0xFF, 0xFF, 0xFF, 0xFE, 0x00, 0x1F, 0xFF, 0xFF, 0xFE, 0x00, 0x01, 0xFF, 0xFF, 0xFD, 0x00,
    0x00, 0x06, 0xFF, 0xE4, 0x00, 0x00, 0x00, 0x00, 0x00, 0x00, 0x00, 0x00, 0x02, 0xF8, 0x00, 0x00,
    0x00, 0x03, 0xFF, 0xC0, 0x00, 0x00, 0x00, 0xFF, 0xF0, 0x00, 0x00, 0x00, 0x3F, 0xFC, 0x00, 0x00,
    0x00, 0x02, 0xF8, 0x00, 0x00, 0x00, 0x2F, 0xFD, 0x00, 0x00, 0xBF, 0xFF, 0xF4, 0x00, 0xFF, 0xFF,
    0xFF, 0x80, 0xBF, 0xFF, 0xFF, 0xF4, 0x3F, 0xF8, 0x0F, 0xFF, 0x2F, 0xF8, 0x00, 0xFF, 0xDF, 0xFC,
    0x00, 0x1F, 0xFB, 0xFF, 0x00, 0x03, 0xFE, 0xFF, 0xC0, 0x00, 0xFF, 0xBF, 0xF0, 0x00, 0x7F, 0xEB,
    0xFE, 0x00, 0x3F, 0xF4, 0xFF, 0xE0, 0x3F, 0xFC, 0x2F, 0xFF, 0xFF, 0xFD, 0x03, 0xFF, 0xFF, 0xFE,
    0x00, 0x2F, 0xFF, 0xFD, 0x00, 0x00, 0xBF, 0xF4, 0x00, 0x00, 0x00, 0x00, 0x00, 0x00, 0x02, 0xF8,
    0x00, 0x00, 0x03, 0xFF, 0xC0, 0x00, 0x00, 0xFF, 0xF0, 0x00, 0x00, 0x3F, 0xFC, 0x00, 0x00, 0x02,
    0xF8, 0x00, 0x00, 0x00, 0x01, 0xBF, 0x80, 0x00, 0x00, 0x00, 0xFF, 0xFC, 0x00, 0x00, 0x00, 0x3F,
    0xFF, 0x00, 0x00, 0x00, 0x00, 0x0F, 0xC0, 0x00, 0x00, 0x00, 0x0F, 0xE0, 0x00, 0x00, 0x00, 0x0F,
    0xD0, 0x00, 0x00, 0x00, 0x02, 0xE0, 0x00, 0x00, 0x00, 0x00, 0x00, 0x00, 0x00, 0x00, 0x06, 0xFF,
    0xE4, 0x00, 0x00, 0x0F, 0xFF, 0xFF, 0xD0, 0x00, 0x1F, 0xFF, 0xFF, 0xFE, 0x00, 0x1F, 0xFF, 0xFF,
    0xFF, 0xE0, 0x1F, 0xFF, 0xFF, 0xFF, 0xFD, 0x0F, 0xFF, 0x90, 0x1B, 0xFF, 0xC7, 0xFF, 0x40, 0x00,
    0x7F, 0xF6, 0xFF, 0x80, 0x00, 0x0B, 0xFE, 0xFF, 0xC0, 0x00, 0x00, 0xFF, 0xFF, 0xF0, 0x00, 0x00,
    0x3F, 0xFF, 0xF8, 0x00, 0x00, 0x0B, 0xFF, 0xFF, 0x00, 0x00, 0x03, 0xFF, 0xFF, 0xC0, 0x00, 0x00,
    0xFF, 0xEF, 0xF8, 0x00, 0x00, 0xBF, 0xE7, 0xFF, 0x40, 0x00, 0x7F, 0xF4, 0xFF, 0xF9, 0x01, 0xBF,
    0xFC, 0x1F, 0xFF, 0xFF, 0xFF, 0xFD, 0x01, 0xFF, 0xFF, 0xFF, 0xFE, 0x00, 0x1F, 0xFF, 0xFF, 0xFE,
    0x00, 0x01, 0xFF, 0xFF, 0xFD, 0x00, 0x00, 0x06, 0xFF, 0xE4, 0x00, 0x00, 0x00, 0x1B, 0xE4, 0x00,
    0x00, 0x0F, 0xFF, 0x80, 0x00, 0x03, 0xFF, 0xF0, 0x00, 0x00, 0x51, 0xFC, 0x00, 0x00, 0x00, 0xFE,
    0x00, 0x00, 0x00, 0xFD, 0x00, 0x00, 0x00, 0x3E, 0x00, 0x00, 0x00, 0x00, 0x00, 0x00, 0x00, 0x00,
    0x00, 0x00, 0x00, 0x0B, 0xFF, 0x40, 0x00, 0x2F, 0xFF, 0xFD, 0x00, 0x3F, 0xFF, 0xFF, 0xE0, 0x2F,
    0xFF, 0xFF, 0xFD, 0x0F, 0xFE, 0x03, 0xFF, 0xCB, 0xFE, 0x00, 0x3F, 0xF7, 0xFF, 0x00, 0x07, 0xFE,
    0xFF, 0xC0, 0x00, 0xFF, 0xBF, 0xF0, 0x00, 0x3F, 0xEF, 0xFC, 0x00, 0x1F, 0xFA, 0xFF, 0x80, 0x0F,
    0xFD, 0x3F, 0xF8, 0x0F, 0xFF, 0x0B, 0xFF, 0xFF, 0xFF, 0x40, 0xFF, 0xFF, 0xFF, 0x80, 0x0B, 0xFF,
    0xFF, 0x40, 0x00, 0x2F, 0xFD, 0x00, 0x00, 0x00, 0x00, 0x00, 0x00, 0x00, 0x00, 0x00, 0x00, 0x00,
    0x2C, 0x00, 0x00, 0x00, 0x00, 0x0F, 0xD0, 0x00, 0x00, 0x00, 0x0F, 0xF0, 0x00, 0x00, 0x00, 0x07,
    0xF0, 0x00, 0x00, 0x00, 0x02, 0xF0, 0x00, 0x00, 0x0B, 0xF8, 0x20, 0x00, 0x00, 0x0F, 0xFF, 0xC0,
    0x00, 0x00, 0x1F, 0xFF, 0xFD, 0x00, 0x00, 0x07, 0xE0, 0x2F, 0x80, 0x00, 0x00, 0x40, 0x01, 0x80,
    0x00, 0x00, 0x00, 0x00, 0x00, 0x00, 0x00, 0x06, 0xFF, 0xE4, 0x00, 0x00, 0x0F, 0xFF, 0xFF, 0xD0,
    0x00, 0x1F, 0xFF, 0xFF, 0xFE, 0x00, 0x1F, 0xFF, 0xFF, 0xFF, 0xE0, 0x1F, 0xFF, 0xFF, 0xFF, 0xFD,
    0x0F, 0xFF, 0x90, 0x1B, 0xFF, 0xC7, 0xFF, 0x40, 0x00, 0x7F, 0xF6, 0xFF, 0x80, 0x00, 0x0B, 0xFE,
    0xFF, 0xC0, 0x00, 0x00, 0xFF, 0xFF, 0xF0, 0x00, 0x00, 0x3F, 0xFF, 0xF8, 0x00, 0x00, 0x0B, 0xFF,
    0xFF, 0x00, 0x00, 0x03, 0xFF, 0xFF, 0xC0, 0x00, 0x00, 0xFF, 0xEF, 0xF8, 0x00, 0x00, 0xBF, 0xE7,
    0xFF, 0x40, 0x00, 0x7F, 0xF4, 0xFF, 0xF9, 0x01, 0xBF, 0xFC, 0x1F, 0xFF, 0xFF, 0xFF, 0xFD, 0x01,
    0xFF, 0xFF, 0xFF, 0xFE, 0x00, 0x1F, 0xFF, 0xFF, 0xFE, 0x00, 0x01, 0xFF, 0xFF, 0xFD, 0x00, 0x00,
    0x06, 0xFF, 0xE4, 0x00, 0x00, 0x00, 0x00, 0x00, 0x05, 0x00, 0x00, 0x00, 0x00, 0xFC, 0x00, 0x00,
    0x00, 0x1F, 0xD0, 0x00, 0x00, 0x03, 0xF8, 0x00, 0x00, 0x00, 0xBE, 0x00, 0x00, 0x00, 0x03, 0x80,
    0x00, 0x0B, 0xF4, 0x00, 0x00, 0x02, 0xFF, 0xD0, 0x00, 0x00, 0xBF, 0xFF, 0x80, 0x00, 0x2F, 0xE7,
    0xFD, 0x00, 0x00, 0xE0, 0x07, 0xC0, 0x00, 0x00, 0x00, 0x00, 0x00, 0x00, 0x00, 0x00, 0x00, 0x00,
    0x02, 0xFF, 0xD0, 0x00, 0x02, 0xFF, 0xFF, 0xD0, 0x00, 0xFF, 0xFF, 0xFF, 0x80, 0x2F, 0xFF, 0xFF,
    0xFD, 0x03, 0xFF, 0x80, 0xFF, 0xF0, 0xBF, 0xE0, 0x03, 0xFF, 0x4F, 0xFC, 0x00, 0x1F, 0xF8, 0xFF,
    0xC0, 0x00, 0xFF, 0x8F, 0xFC, 0x00, 0x0F, 0xF8, 0xFF, 0xC0, 0x01, 0xFF, 0x8B, 0xFE, 0x00, 0x3F,
    0xF4, 0x3F, 0xF8, 0x0F, 0xFF, 0x02, 0xFF, 0xFF, 0xFF, 0xD0, 0x0F, 0xFF, 0xFF, 0xF8, 0x00, 0x2F,
    0xFF, 0xFD, 0x00, 0x00, 0x2F, 0xFD, 0x00, 0x00, 0x00, 0x00, 0x00, 0x00, 0x00, 0x00, 0x00, 0x00,
    0x0B, 0x00, 0x00, 0x00, 0x00, 0x0F, 0xE0, 0x00, 0x00, 0x00, 0x02, 0xFD, 0x00, 0x00, 0x00, 0x00,
    0x2F, 0xC0, 0x00, 0x00, 0x00, 0x02, 0xF0, 0x00, 0x00, 0x0B, 0xF8, 0x20, 0x00, 0x00, 0x0F, 0xFF,
    0xC0, 0x00, 0x00, 0x1F, 0xFF, 0xFD, 0x00, 0x00, 0x07, 0xE0, 0x2F, 0x80, 0x00, 0x00, 0x40, 0x01,
    0x80, 0x00, 0x00, 0x00, 0x00, 0x00, 0x00, 0x00, 0x06, 0xFF, 0xE4, 0x00, 0x00, 0x0F, 0xFF, 0xFF,
    0xD0, 0x00, 0x1F, 0xFF, 0xFF, 0xFE, 0x00, 0x1F, 0xFF, 0xFF, 0xFF, 0xE0, 0x1F, 0xFF, 0xFF, 0xFF,
    0xFD, 0x0F, 0xFF, 0x90, 0x1B, 0xFF, 0xC7, 0xFF, 0x40, 0x00, 0x7F, 0xF6, 0xFF, 0x80, 0x00, 0x0B,
    0xFE, 0xFF, 0xC0, 0x00, 0x00, 0xFF, 0xFF, 0xF0, 0x00, 0x00, 0x3F, 0xFF, 0xF8, 0x00, 0x00, 0x0B,
    0xFF, 0xFF, 0x00, 0x00, 0x03, 0xFF, 0xFF, 0xC0, 0x00, 0x00, 0xFF, 0xEF, 0xF8, 0x00, 0x00, 0xBF,
    0xE7, 0xFF, 0x40, 0x00, 0x7F, 0xF4, 0xFF, 0xF9, 0x01, 0xBF, 0xFC, 0x1F, 0xFF, 0xFF, 0xFF, 0xFD,
    0x01, 0xFF, 0xFF, 0xFF, 0xFE, 0x00, 0x1F, 0xFF, 0xFF, 0xFE, 0x00, 0x01, 0xFF, 0xFF, 0xFD, 0x00,
    0x00, 0x06, 0xFF, 0xE4, 0x00, 0x00, 0x00, 0x00, 0x01, 0x80, 0x00, 0x00, 0x02, 0xF0, 0x00, 0x00,
    0x00, 0xFE, 0x00, 0x00, 0x00, 0x1F, 0xD0, 0x00, 0x00, 0x01, 0xFC, 0x00, 0x00, 0x00, 0x1D, 0x00,
    0x00, 0xBF, 0x40, 0x00, 0x00, 0xBF, 0xF4, 0x00, 0x00, 0xFF, 0xFF, 0x80, 0x00, 0xBF, 0x9F, 0xF4,
    0x00, 0x0E, 0x00, 0x7C, 0x00, 0x00, 0x00, 0x00, 0x00, 0x00, 0x00, 0x00, 0x00, 0x00, 0x0B, 0xFF,
    0x40, 0x00, 0x2F, 0xFF, 0xFD, 0x00, 0x3F, 0xFF, 0xFF, 0xE0, 0x2F, 0xFF, 0xFF, 0xFD, 0x0F, 0xFE,
    0x03, 0xFF, 0xCB, 0xFE, 0x00, 0x3F, 0xF7, 0xFF, 0x00, 0x07, 0xFE, 0xFF, 0xC0, 0x00, 0xFF, 0xBF,
    0xF0, 0x00, 0x3F, 0xEF, 0xFC, 0x00, 0x1F, 0xFA, 0xFF, 0x80, 0x0F, 0xFD, 0x3F, 0xF8, 0x0F, 0xFF,
    0x0B, 0xFF, 0xFF, 0xFF, 0x40, 0xFF, 0xFF, 0xFF, 0x80, 0x0B, 0xFF, 0xFF, 0x40, 0x00, 0x2F, 0xFD,
    0x00, 0x00, 0x00, 0x00, 0x00, 0x2F, 0x90, 0x00, 0x00, 0x00, 0x3F, 0xFE, 0x00, 0x00, 0x00, 0x0B,
    0xFF, 0xC0, 0x00, 0x00, 0x01, 0x43, 0xF0, 0x00, 0x00, 0x00, 0x02, 0xF8, 0x00, 0x00, 0x00, 0x01,
    0xF4, 0x00, 0x00, 0x0B, 0xF8, 0x38, 0x00, 0x00, 0x0B, 0xFF, 0x80, 0x00, 0x00, 0x0F, 0xFF, 0xFC,
    0x00, 0x00, 0x0B, 0xF8, 0xBF, 0x80, 0x00, 0x00, 0x90, 0x01, 0xC0, 0x00, 0x00, 0x00, 0x00, 0x00,
    0x00, 0x00, 0x06, 0xFF, 0xE4, 0x00, 0x00, 0x0F, 0xFF, 0xFF, 0xD0, 0x00, 0x1F, 0xFF, 0xFF, 0xFE,
    0x00, 0x1F, 0xFF, 0xFF, 0xFF, 0xE0, 0x1F, 0xFF, 0xFF, 0xFF, 0xFD, 0x0F, 0xFF, 0x90, 0x1B, 0xFF,
    0xC7, 0xFF, 0x40, 0x00, 0x7F, 0xF6, 0xFF, 0x80, 0x00, 0x0B, 0xFE, 0xFF, 0xC0, 0x00, 0x00, 0xFF,
    0xFF, 0xF0, 0x00, 0x00, 0x3F, 0xFF, 0xF8, 0x00, 0x00, 0x0B, 0xFF, 0xFF, 0x00, 0x00, 0x03, 0xFF,
    0xFF, 0xC0, 0x00, 0x00, 0xFF, 0xEF, 0xF8, 0x00, 0x00, 0xBF, 0xE7, 0xFF, 0x40, 0x00, 0x7F, 0xF4,
    0xFF, 0xF9, 0x01, 0xBF, 0xFC, 0x1F, 0xFF, 0xFF, 0xFF, 0xFD, 0x01, 0xFF, 0xFF, 0xFF, 0xFE, 0x00,
    0x1F, 0xFF, 0xFF, 0xFE, 0x00, 0x01, 0xFF, 0xFF, 0xFD, 0x00, 0x00, 0x06, 0xFF, 0xE4, 0x00, 0x00,
    0x00, 0x00, 0x07, 0xFE, 0x00, 0x00, 0x03, 0xFF, 0xE0, 0x00, 0x00, 0xBF, 0xFC, 0x00, 0x00, 0x00,
    0x3F, 0x00, 0x00, 0x00, 0x3F, 0x40, 0x00, 0x00, 0x2F, 0x00, 0x00, 0x6A, 0x06, 0x40, 0x00, 0x7F,
    0xF4, 0x00, 0x00, 0xBF, 0xFF, 0x40, 0x00, 0xBF, 0x9F, 0xF4, 0x00, 0x0E, 0x00, 0x7C, 0x00, 0x00,
    0x00, 0x00, 0x00, 0x00, 0x00, 0x00, 0x00, 0x00, 0x0B, 0xFF, 0x40, 0x00, 0x2F, 0xFF, 0xFD, 0x00,
    0x3F, 0xFF, 0xFF, 0xE0, 0x2F, 0xFF, 0xFF, 0xFD, 0x0F, 0xFE, 0x03, 0xFF, 0xCB, 0xFE, 0x00, 0x3F,
    0xF7, 0xFF, 0x00, 0x07, 0xFE, 0xFF, 0xC0, 0x00, 0xFF, 0xBF, 0xF0, 0x00, 0x3F, 0xEF, 0xFC, 0x00,
    0x1F, 0xFA, 0xFF, 0x80, 0x0F, 0xFD, 0x3F, 0xF8, 0x0F, 0xFF, 0x0B, 0xFF, 0xFF, 0xFF, 0x40, 0xFF,
    0xFF, 0xFF, 0x80, 0x0B, 0xFF, 0xFF, 0x40, 0x00, 0x2F, 0xFD, 0x00, 0x00, 0x00, 0x00, 0x00, 0x00,
    0x00, 0x00, 0x01, 0xFE, 0x0F, 0xC0, 0x00, 0x01, 0xFF, 0xFF, 0xF0, 0x00, 0x00, 0xFF, 0xFF, 0xF4,
    0x00, 0x00, 0x3F, 0x07, 0xF8, 0x00, 0x00, 0x00, 0x00, 0x00, 0x00, 0x00, 0x00, 0x02, 0xA0, 0x00,
    0x00, 0x00, 0x07, 0xFF, 0x40, 0x00, 0x00, 0x0B, 0xFF, 0xF8, 0x00, 0x00, 0x0B, 0xF9, 0xBF, 0x80,
    0x00, 0x00, 0xE0, 0x02, 0xC0, 0x00, 0x00, 0x00, 0x00, 0x00, 0x00, 0x00, 0x06, 0xFF, 0xE4, 0x00,
    0x00, 0x0F, 0xFF, 0xFF, 0xD0, 0x00, 0x1F, 0xFF, 0xFF, 0xFE, 0x00, 0x1F, 0xFF, 0xFF, 0xFF, 0xE0,
    0x1F, 0xFF, 0xFF, 0xFF, 0xFD, 0x0F, 0xFF, 0x90, 0x1B, 0xFF, 0xC7, 0xFF, 0x40, 0x00, 0x7F, 0xF6,
    0xFF, 0x80, 0x00, 0x0B, 0xFE, 0xFF, 0xC0, 0x00, 0x00, 0xFF, 0xFF, 0xF0, 0x00, 0x00, 0x3F, 0xFF,
    0xF8, 0x00, 0x00, 0x0B, 0xFF, 0xFF, 0x00, 0x00, 0x03, 0xFF, 0xFF, 0xC0, 0x00, 0x00, 0xFF, 0xEF,
    0xF8, 0x00, 0x00, 0xBF, 0xE7, 0xFF, 0x40, 0x00, 0x7F, 0xF4, 0xFF, 0xF9, 0x01, 0xBF, 0xFC, 0x1F,
    0xFF, 0xFF, 0xFF, 0xFD, 0x01, 0xFF, 0xFF, 0xFF, 0xFE, 0x00, 0x1F, 0xFF, 0xFF, 0xFE, 0x00, 0x01,
    0xFF, 0xFF, 0xFD, 0x00, 0x00, 0x06, 0xFF, 0xE4, 0x00, 0x00, 0x00, 0x7E, 0x43, 0x90, 0x00, 0x7F,
    0xFF, 0xF4, 0x00, 0x3F, 0xFF, 0xFC, 0x00, 0x0B, 0xC1, 0xFD, 0x00, 0x00, 0x00, 0x00, 0x00, 0x00,
    0x00, 0x00, 0x00, 0x00, 0x00, 0xBF, 0x40, 0x00, 0x00, 0xBF, 0xF4, 0x00, 0x00, 0xFF, 0xFF, 0x80,
    0x00, 0xBF, 0x9B, 0xF4, 0x00, 0x0E, 0x00, 0x28, 0x00, 0x00, 0x00, 0x00, 0x00, 0x00, 0x00, 0x00,
    0x00, 0x00, 0x0B, 0xFF, 0x40, 0x00, 0x2F, 0xFF, 0xFD, 0x00, 0x3F, 0xFF, 0xFF, 0xE0, 0x2F, 0xFF,
    0xFF, 0xFD, 0x0F, 0xFE, 0x03, 0xFF, 0xCB, 0xFE, 0x00, 0x3F, 0xF7, 0xFF, 0x00, 0x07, 0xFE, 0xFF,
    0xC0, 0x00, 0xFF, 0xBF, 0xF0, 0x00, 0x3F, 0xEF, 0xFC, 0x00, 0x1F, 0xFA, 0xFF, 0x80, 0x0F, 0xFD,
    0x3F, 0xF8, 0x0F, 0xFF, 0x0B, 0xFF, 0xFF, 0xFF, 0x40, 0xFF, 0xFF, 0xFF, 0x80, 0x0B, 0xFF, 0xFF,
    0x40, 0x00, 0x2F, 0xFD, 0x00, 0x00, 0x00, 0x00, 0x1A, 0x40, 0x00, 0x00, 0x00, 0x3F, 0xF8, 0x00,
    0x00, 0x00, 0x7F, 0xFF, 0xC0, 0x00, 0x00, 0xBF, 0xDB, 0xFC, 0x00, 0x00, 0x0F, 0x40, 0x3E, 0x00,
    0x00, 0x00, 0x00, 0x01, 0x00, 0x00, 0x00, 0x00, 0x00, 0x00, 0x00, 0x00, 0x1B, 0xFF, 0x90, 0x00,
    0x00, 0x3F, 0xFF, 0xFF, 0x40, 0x00, 0x7F, 0xFF, 0xFF, 0xF8, 0x00, 0x7F, 0xFF, 0xFF, 0xFF, 0x80,
    0x7F, 0xFF, 0xFF, 0xFF, 0xF4, 0x3F, 0xFE, 0x40, 0x6F, 0xFF, 0x1F, 0xFD, 0x00, 0x01, 0xFF, 0xDB,
    0xFE, 0x00, 0x00, 0x2F, 0xFB, 0xFF, 0x00, 0x00, 0x03, 0xFF, 0xFF, 0xC0, 0x00, 0x00, 0xFF, 0xFF,
    0xE0, 0x00, 0x00, 0x2F, 0xFF, 0xFC, 0x00, 0x00, 0x0F, 0xFF, 0xFF, 0x00, 0x00, 0x03, 0xFF, 0xBF,
    0xE0, 0x00, 0x02, 0xFF, 0x9F, 0xFD, 0x00, 0x01, 0xFF, 0xD3, 0xFF, 0xE4, 0x06, 0xFF, 0xF0, 0x7F,
    0xFF, 0xFF, 0xFF, 0xF4, 0x07, 0xFF, 0xFF, 0xFF, 0xF8, 0x00, 0x7F, 0xFF, 0xFF, 0xF8, 0x00, 0x07,
    0xFF, 0xFF, 0xF4, 0x00, 0x00, 0x1B, 0xFF, 0x90, 0x00, 0x00, 0x00, 0x00, 0x00, 0x00, 0x00, 0x00,
    0x0B, 0xE0, 0x00, 0x00, 0x00, 0x0F, 0xFF, 0x00, 0x00, 0x00, 0x03, 0xFF, 0xC0, 0x00, 0x00, 0x00,
    0xFF, 0xF0, 0x00, 0x00, 0x00, 0x0B, 0xE0, 0x00, 0x00, 0x00, 0x06, 0x90, 0x00, 0x00, 0x07, 0xFE,
    0x00, 0x00, 0x07, 0xFF, 0xF0, 0x00, 0x07, 0xFA, 0xFF, 0x00, 0x03, 0xF4, 0x0F, 0xE0, 0x00, 0x20,
    0x00, 0x60, 0x00, 0x00, 0x00, 0x00, 0x00, 0x00, 0x00, 0x00, 0x00, 0x00, 0x2F, 0xFD, 0x00, 0x00,
    0xBF, 0xFF, 0xF4, 0x00, 0xFF, 0xFF, 0xFF, 0x80, 0xBF, 0xFF, 0xFF, 0xF4, 0x3F, 0xF8, 0x0F, 0xFF,
    0x2F, 0xF8, 0x00, 0xFF, 0xDF, 0xFC, 0x00, 0x1F, 0xFB, 0xFF, 0x00, 0x03, 0xFE, 0xFF, 0xC0, 0x00,
    0xFF, 0xBF, 0xF0, 0x00, 0x7F, 0xEB, 0xFE, 0x00, 0x3F, 0xF4, 0xFF, 0xE0, 0x3F, 0xFC, 0x2F, 0xFF,
    0xFF, 0xFD, 0x03, 0xFF, 0xFF, 0xFE, 0x00, 0x2F, 0xFF, 0xFD, 0x00, 0x00, 0xBF, 0xF4, 0x00, 0x00,
    0x00, 0x00, 0x00, 0x00, 0x02, 0xF8, 0x00, 0x00, 0x03, 0xFF, 0xC0, 0x00, 0x00, 0xFF, 0xF0, 0x00,
    0x00, 0x3F, 0xFC, 0x00, 0x00, 0x02, 0xF8, 0x00, 0x00, 0x00, 0x00, 0x00, 0x00, 0x00, 0x00, 0x00,
    0x00, 0xB8, 0x00, 0x00, 0x00, 0x02, 0xFF, 0x00, 0x00, 0x00, 0x0B, 0xFF, 0xD0, 0x00, 0x00, 0x03,
    0xFF, 0x90, 0x3F, 0xC0, 0x00, 0xB9, 0x00, 0x0F, 0xF0, 0x00, 0x00, 0x00, 0x07, 0xF8, 0x00, 0x00,
    0x00, 0x03, 0xFD, 0x00, 0x06, 0xFF, 0xFF, 0xFF, 0x00, 0x1F, 0xFF, 0xFF, 0xFE, 0x00, 0x2F, 0xFF,
    0xFF, 0xFF, 0x00, 0x2F, 0xFF, 0xFF, 0xFF, 0xF0, 0x1F, 0xFF, 0xFF, 0xFF, 0xFE, 0x0F, 0xFF, 0x90,
    0x1B, 0xFF, 0xC7, 0xFF, 0x40, 0x00, 0x7F, 0xF6, 0xFF, 0x80, 0x00, 0x0B, 0xFE, 0xFF, 0xC0, 0x00,
    0x00, 0xFF, 0xFF, 0xF0, 0x00, 0x00, 0x3F, 0xFF, 0xF8, 0x00, 0x00, 0x0B, 0xFF, 0xFF, 0x00, 0x00,
    0x03, 0xFF, 0xFF, 0xC0, 0x00, 0x00, 0xFF, 0xEF, 0xF8, 0x00, 0x00, 0xBF, 0xE7, 0xFF, 0x40, 0x00,
    0x7F, 0xF0, 0xFF, 0xF9, 0x01, 0xBF, 0xF8, 0x1F, 0xFF, 0xFF, 0xFF, 0xFC, 0x01, 0xFF, 0xFF, 0xFF,
    0xFD, 0x00, 0x1F, 0xFF, 0xFF, 0xFD, 0x00, 0x01, 0xFF, 0xFF, 0xFC, 0x00, 0x00, 0x06, 0xFF, 0xE4,
    0x00, 0x00, 0x00, 0x00, 0x00, 0x00, 0x00, 0x00, 0x0D, 0x00, 0x00, 0x00, 0x1F, 0xC0, 0x00, 0x00,
    0x1F, 0xFC, 0x00, 0x00, 0x2F, 0xF8, 0x00, 0x00, 0x0F, 0xF4, 0x0A, 0x90, 0x01, 0xD0, 0x03, 0xFC,
    0x00, 0x00, 0x01, 0xFF, 0x00, 0x00, 0x00, 0xFF, 0x40, 0x1B, 0xFF, 0xFF, 0xC0, 0x2F, 0xFF, 0xFF,
    0xC0, 0x3F, 0xFF, 0xFF, 0xD0, 0x2F, 0xFF, 0xFF, 0xFC, 0x1F, 0xFE, 0x03, 0xFF, 0xCB, 0xFE, 0x00,
    0x3F, 0xF7, 0xFF, 0x00, 0x07, 0xFE, 0xFF, 0xC0, 0x00, 0xFF, 0xBF, 0xF0, 0x00, 0x3F, 0xEF, 0xFC,
    0x00, 0x1F, 0xFA, 0xFF, 0x80, 0x0F, 0xFD, 0x3F, 0xF8, 0x0F, 0xFF, 0x0B, 0xFF, 0xFF, 0xFF, 0x40,
    0xFF, 0xFF, 0xFF, 0x80, 0x0B, 0xFF, 0xFF, 0x40, 0x00, 0x2F, 0xFD, 0x00, 0x00, 0x00, 0x00, 0x40,
    0x00, 0x00, 0x00, 0x00, 0x3D, 0x00, 0x00, 0x00, 0x00, 0x2F, 0xE0, 0x00, 0x00, 0x00, 0x0F, 0xFF,
    0x80, 0x00, 0x00, 0x01, 0xBF, 0xF4, 0x3F, 0xC0, 0x00, 0x01, 0xBC, 0x0F, 0xF0, 0x00, 0x00, 0x00,
    0x07, 0xF8, 0x00, 0x00, 0x00, 0x03, 0xFD, 0x00, 0x06, 0xFF, 0xFF, 0xFF, 0x00, 0x1F, 0xFF, 0xFF,
    0xFE, 0x00, 0x2F, 0xFF, 0xFF, 0xFF, 0x00, 0x2F, 0xFF, 0xFF, 0xFF, 0xF0, 0x1F, 0xFF, 0xFF, 0xFF,
    0xFE, 0x0F, 0xFF, 0x90, 0x1B, 0xFF, 0xC7, 0xFF, 0x40, 0x00, 0x7F, 0xF6, 0xFF, 0x80, 0x00, 0x0B,
    0xFE, 0xFF, 0xC0, 0x00, 0x00, 0xFF, 0xFF, 0xF0, 0x00, 0x00, 0x3F, 0xFF, 0xF8, 0x00, 0x00, 0x0B,
    0xFF, 0xFF, 0x00, 0x00, 0x03, 0xFF, 0xFF, 0xC0, 0x00, 0x00, 0xFF, 0xEF, 0xF8, 0x00, 0x00, 0xBF,
    0xE7, 0xFF, 0x40, 0x00, 0x7F, 0xF0, 0xFF, 0xF9, 0x01, 0xBF, 0xF8, 0x1F, 0xFF, 0xFF, 0xFF, 0xFC,
    0x01, 0xFF, 0xFF, 0xFF, 0xFD, 0x00, 0x1F, 0xFF, 0xFF, 0xFD, 0x00, 0x01, 0xFF, 0xFF, 0xFC, 0x00,
    0x00, 0x06, 0xFF, 0xE4, 0x00, 0x00, 0x00, 0x00, 0x00, 0x00, 0x00, 0x07, 0x00, 0x00, 0x00, 0x03,
    0xF4, 0x00, 0x00, 0x02, 0xFF, 0x80, 0x00, 0x00, 0x2F, 0xFC, 0x00, 0x00, 0x00, 0xBF, 0x0A, 0x90,
    0x00, 0x03, 0x83, 0xFC, 0x00, 0x00, 0x01, 0xFF, 0x00, 0x00, 0x00, 0xFF, 0x40, 0x1B, 0xFF, 0xFF,
    0xC0, 0x2F, 0xFF, 0xFF, 0xC0, 0x3F, 0xFF, 0xFF, 0xD0, 0x2F, 0xFF, 0xFF, 0xFC, 0x1F, 0xFE, 0x03,
    0xFF, 0xCB, 0xFE, 0x00, 0x3F, 0xF7, 0xFF, 0x00, 0x07, 0xFE, 0xFF, 0xC0, 0x00, 0xFF, 0xBF, 0xF0,
    0x00, 0x3F, 0xEF, 0xFC, 0x00, 0x1F, 0xFA, 0xFF, 0x80, 0x0F, 0xFD, 0x3F, 0xF8, 0x0F, 0xFF, 0x0B,
    0xFF, 0xFF, 0xFF, 0x40, 0xFF, 0xFF, 0xFF, 0x80, 0x0B, 0xFF, 0xFF, 0x40, 0x00, 0x2F, 0xFD, 0x00,
    0x00, 0x00, 0x01, 0xBF, 0x80, 0x00, 0x00, 0x00, 0xFF, 0xFC, 0x00, 0x00, 0x00, 0x3F, 0xFF, 0x00,
    0x00, 0x00, 0x00, 0x0F, 0xC0, 0x00, 0x00, 0x00, 0x1F, 0xD0, 0x3F, 0xC0, 0x00, 0x0F, 0xC0, 0x0F,
    0xF0, 0x00, 0x01, 0x90, 0x07, 0xF8, 0x00, 0x00, 0x00, 0x03, 0xFD, 0x00, 0x06, 0xFF, 0xFF, 0xFF,
    0x00, 0x1F, 0xFF, 0xFF, 0xFE, 0x00, 0x2F, 0xFF, 0xFF, 0xFF, 0x00, 0x2F, 0xFF, 0xFF, 0xFF, 0xF0,
    0x1F, 0xFF, 0xFF, 0xFF, 0xFE, 0x0F, 0xFF, 0x90, 0x1B, 0xFF, 0xC7, 0xFF, 0x40, 0x00, 0x7F, 0xF6,
    0xFF, 0x80, 0x00, 0x0B, 0xFE, 0xFF, 0xC0, 0x00, 0x00, 0xFF, 0xFF, 0xF0, 0x00, 0x00, 0x3F, 0xFF,
    0xF8, 0x00, 0x00, 0x0B, 0xFF, 0xFF, 0x00, 0x00, 0x03, 0xFF, 0xFF, 0xC0, 0x00, 0x00, 0xFF, 0xEF,
    0xF8, 0x00, 0x00, 0xBF, 0xE7, 0xFF, 0x40, 0x00, 0x7F, 0xF0, 0xFF, 0xF9, 0x01, 0xBF, 0xF8, 0x1F,
    0xFF, 0xFF, 0xFF, 0xFC, 0x01, 0xFF, 0xFF, 0xFF, 0xFD, 0x00, 0x1F, 0xFF, 0xFF, 0xFD, 0x00, 0x01,
    0xFF, 0xFF, 0xFC, 0x00, 0x00, 0x06, 0xFF, 0xE4, 0x00, 0x00, 0x00, 0x1B, 0xE4, 0x00, 0x00, 0x0F,
    0xFF, 0x80, 0x00, 0x03, 0xFF, 0xF0, 0x00, 0x00, 0x51, 0xFC, 0x00, 0x00, 0x00, 0xFE, 0x00, 0x00,
    0x00, 0xFD, 0x00, 0x00, 0x00, 0x3E, 0x03, 0xFC, 0x00, 0x00, 0x01, 0xFF, 0x00, 0x00, 0x00, 0xFF,
    0x40, 0x1B, 0xFF, 0xFF, 0xC0, 0x2F, 0xFF, 0xFF, 0xC0, 0x3F, 0xFF, 0xFF, 0xD0, 0x2F, 0xFF, 0xFF,
    0xFC, 0x1F, 0xFE, 0x03, 0xFF, 0xCB, 0xFE, 0x00, 0x3F, 0xF7, 0xFF, 0x00, 0x07, 0xFE, 0xFF, 0xC0,
    0x00, 0xFF, 0xBF, 0xF0, 0x00, 0x3F, 0xEF, 0xFC, 0x00, 0x1F, 0xFA, 0xFF, 0x80, 0x0F, 0xFD, 0x3F,
    0xF8, 0x0F, 0xFF, 0x0B, 0xFF, 0xFF, 0xFF, 0x40, 0xFF, 0xFF, 0xFF, 0x80, 0x0B, 0xFF, 0xFF, 0x40,
    0x00, 0x2F, 0xFD, 0x00, 0x00, 0x00, 0x00, 0x00, 0x00, 0x00, 0x00, 0x00, 0xFE, 0x4B, 0xD0, 0x00,
    0x00, 0xFF, 0xFF, 0xF0, 0x00, 0x00, 0xBF, 0xFF, 0xF8, 0xFF, 0x00, 0x3F, 0x06, 0xF8, 0x3F, 0xC0,
    0x00, 0x00, 0x00, 0x1F, 0xE0, 0x00, 0x00, 0x00, 0x0F, 0xF4, 0x00, 0x1B, 0xFF, 0xFF, 0xFC, 0x00,
    0x7F, 0xFF, 0xFF, 0xF8, 0x00, 0xBF, 0xFF, 0xFF, 0xFC, 0x00, 0xBF, 0xFF, 0xFF, 0xFF, 0xC0, 0x7F,
    0xFF, 0xFF, 0xFF, 0xF8, 0x3F, 0xFF, 0x40, 0x6F, 0xFF, 0x1F, 0xFF, 0x00, 0x01, 0xFF, 0xDB, 0xFF,
    0x00, 0x00, 0x2F, 0xFB, 0xFF, 0x80, 0x00, 0x03, 0xFF, 0xFF, 0xD0, 0x00, 0x00, 0xFF, 0xFF, 0xF4,
    0x00, 0x00, 0x2F, 0xFF, 0xFD, 0x00, 0x00, 0x0F, 0xFF, 0xFF, 0x80, 0x00, 0x03, 0xFF, 0xBF, 0xF0,
    0x00, 0x02, 0xFF, 0x9F, 0xFF, 0x00, 0x01, 0xFF, 0xC3, 0xFF, 0xF4, 0x06, 0xFF, 0xE0, 0x7F, 0xFF,
    0xFF, 0xFF, 0xF0, 0x07, 0xFF, 0xFF, 0xFF, 0xF4, 0x00, 0x7F, 0xFF, 0xFF, 0xF4, 0x00, 0x07, 0xFF,
    0xFF, 0xF0, 0x00, 0x00, 0x1B, 0xFF, 0x90, 0x00, 0x00, 0x7E, 0x02, 0x80, 0x00, 0x3F, 0xF1, 0xF4,
    0x00, 0x2F, 0xFF, 0xFC, 0x00, 0x0F, 0xC7, 0xFF, 0x00, 0x01, 0xA0, 0x7E, 0x1F, 0xC0, 0x00, 0x00,
    0x0B, 0xF0, 0x00, 0x00, 0x07, 0xF8, 0x00, 0xBF, 0xFF, 0xFC, 0x02, 0xFF, 0xFF, 0xFD, 0x03, 0xFF,
    0xFF, 0xFE, 0x02, 0xFF, 0xFF, 0xFF, 0xD0, 0xFF, 0xE0, 0x3F, 0xFC, 0xBF, 0xE0, 0x03, 0xFF, 0x7F,
    0xF0, 0x00, 0x7F, 0xEF, 0xFC, 0x00, 0x0F, 0xFB, 0xFF, 0x00, 0x03, 0xFE, 0xFF, 0xC0, 0x01, 0xFF,
    0xAF, 0xF8, 0x00, 0xFF, 0xD3, 0xFF, 0x80, 0xFF, 0xF0, 0xBF, 0xFF, 0xFF, 0xF4, 0x0F, 0xFF, 0xFF,
    0xF8, 0x00, 0xBF, 0xFF, 0xF4, 0x00, 0x02, 0xFF, 0xD0, 0x00, 0x00, 0x00, 0x00, 0x00, 0x3F, 0xC0,
    0x00, 0x00, 0x00, 0x0F, 0xF0, 0x00, 0x00, 0x00, 0x07, 0xF8, 0x00, 0x00, 0x00, 0x03, 0xFD, 0x00,
    0x06, 0xFF, 0xFF, 0xFF, 0x00, 0x1F, 0xFF, 0xFF, 0xFE, 0x00, 0x2F, 0xFF, 0xFF, 0xFF, 0x00, 0x2F,
    0xFF, 0xFF, 0xFF, 0xF0, 0x1F, 0xFF, 0xFF, 0xFF, 0xFE, 0x0F, 0xFF, 0x90, 0x1B, 0xFF, 0xC7, 0xFF,
    0x40, 0x00, 0x7F, 0xF6, 0xFF, 0x80, 0x00, 0x0B, 0xFE, 0xFF, 0xC0, 0x00, 0x00, 0xFF, 0xFF, 0xF0,
    0x00, 0x00, 0x3F, 0xFF, 0xF8, 0x00, 0x00, 0x0B, 0xFF, 0xFF, 0x00, 0x00, 0x03, 0xFF, 0xFF, 0xC0,
    0x00, 0x00, 0xFF, 0xEF, 0xF8, 0x00, 0x00, 0xBF, 0xE7, 0xFF, 0x40, 0x00, 0x7F, 0xF0, 0xFF, 0xF9,
    0x01, 0xBF, 0xF8, 0x1F, 0xFF, 0xFF, 0xFF, 0xFC, 0x01, 0xFF, 0xFF, 0xFF, 0xFD, 0x00, 0x1F, 0xFF,
    0xFF, 0xFD, 0x00, 0x01, 0xFF, 0xFF, 0xFC, 0x00, 0x00, 0x06, 0xFF, 0xE4, 0x00, 0x00, 0x00, 0x00,
    0x00, 0x00, 0x00, 0x00, 0x02, 0xF8, 0x00, 0x00, 0x00, 0x03, 0xFF, 0xC0, 0x00, 0x00, 0x00, 0xFF,
    0xF0, 0x00, 0x00, 0x00, 0x3F, 0xFC, 0x00, 0x00, 0x00, 0x02, 0xF8, 0x00, 0x00, 0x00, 0x00, 0x00,
    0x2A, 0x40, 0x00, 0x00, 0x0F, 0xF0, 0x00, 0x00, 0x07, 0xFC, 0x00, 0x00, 0x03, 0xFD, 0x00, 0x6F,
    0xFF, 0xFF, 0x00, 0xBF, 0xFF, 0xFF, 0x00, 0xFF, 0xFF, 0xFF, 0x40, 0xBF, 0xFF, 0xFF, 0xF0, 0x7F,
    0xF8, 0x0F, 0xFF, 0x2F, 0xF8, 0x00, 0xFF, 0xDF, 0xFC, 0x00, 0x1F, 0xFB, 0xFF, 0x00, 0x03, 0xFE,
    0xFF, 0xC0, 0x00, 0xFF, 0xBF, 0xF0, 0x00, 0x7F, 0xEB, 0xFE, 0x00, 0x3F, 0xF4, 0xFF, 0xE0, 0x3F,
    0xFC, 0x2F, 0xFF, 0xFF, 0xFD, 0x03, 0xFF, 0xFF, 0xFE, 0x00, 0x2F, 0xFF, 0xFD, 0x00, 0x00, 0xBF,
    0xF4, 0x00, 0x00, 0x00, 0x00, 0x00, 0x00, 0x02, 0xF8, 0x00, 0x00, 0x03, 0xFF, 0xC0, 0x00, 0x00,
    0xFF, 0xF0, 0x00, 0x00, 0x3F, 0xFC, 0x00, 0x00, 0x02, 0xF8, 0x00, 0x00, 0xFF, 0x80, 0x00, 0x3F,
    0xEF, 0xF8, 0x00, 0x03, 0xFE, 0xFF, 0x80, 0x00, 0x3F, 0xEF, 0xF8, 0x00, 0x03, 0xFE, 0xFF, 0x80,
    0x00, 0x3F, 0xEF, 0xF8, 0x00, 0x03, 0xFE, 0xFF, 0x80, 0x00, 0x3F, 0xEF, 0xF8, 0x00, 0x03, 0xFE,
    0xFF, 0x80, 0x00, 0x3F, 0xEF, 0xF8, 0x00, 0x03, 0xFE, 0xFF, 0x80, 0x00, 0x3F, 0xEF, 0xF8, 0x00,
    0x03, 0xFE, 0xFF, 0x80, 0x00, 0x3F, 0xEF, 0xFC, 0x00, 0x03, 0xFE, 0xFF, 0xC0, 0x00, 0x7F, 0xEB,
    0xFE, 0x00, 0x0F, 0xFD, 0x3F, 0xF9, 0x07, 0xFF, 0xC2, 0xFF, 0xFF, 0xFF, 0xF4, 0x0B, 0xFF, 0xFF,
    0xFD, 0x00, 0x1F, 0xFF, 0xFF, 0x40, 0x00, 0x1B, 0xFE, 0x40, 0x00, 0x00, 0x00, 0x00, 0x00, 0x00,
    0x02, 0xF8, 0x00, 0x00, 0x00, 0xFF, 0xF0, 0x00, 0x00, 0x0F, 0xFF, 0x00, 0x00, 0x00, 0xFF, 0xF0,
    0x00, 0x00, 0x02, 0xF8, 0x00, 0x00, 0xFF, 0x80, 0x0F, 0xFB, 0xFE, 0x00, 0x3F, 0xEF, 0xF8, 0x00,
    0xFF, 0xBF, 0xE0, 0x03, 0xFE, 0xFF, 0x80, 0x0F, 0xFB, 0xFE, 0x00, 0x3F, 0xEF, 0xF8, 0x00, 0xFF,
    0xBF, 0xE0, 0x03, 0xFE, 0xFF, 0x80, 0x0F, 0xFB, 0xFF, 0x00, 0x3F, 0xEF, 0xFC, 0x01, 0xFF, 0xBF,
    0xF8, 0x1F, 0xFE, 0xBF, 0xFF, 0xFF, 0xF8, 0xFF, 0xFF, 0xFF, 0xE1, 0xFF, 0xFC, 0xFF, 0x80, 0xBF,
    0x83, 0xFE, 0x00, 0x00, 0x00, 0x00, 0x00, 0xBE, 0x00, 0x00, 0x0F, 0xFF, 0x00, 0x00, 0x3F, 0xFC,
    0x00, 0x00, 0xFF, 0xF0, 0x00, 0x00, 0xBE, 0x00, 0x00, 0x00, 0x1B, 0xFD, 0x00, 0x00, 0x03, 0xFF,
    0xF4, 0x00, 0x00, 0x2F, 0xFF, 0x80, 0x00, 0x00, 0x03, 0xF4, 0x00, 0x00, 0x00, 0xFE, 0x00, 0x00,
    0x00, 0x2F, 0x40, 0x00, 0x00, 0x00, 0x90, 0x00, 0x00, 0x00, 0x00, 0x00, 0x00, 0xFF, 0x80, 0x00,
    0x3F, 0xEF, 0xF8, 0x00, 0x03, 0xFE, 0xFF, 0x80, 0x00, 0x3F, 0xEF, 0xF8, 0x00, 0x03, 0xFE, 0xFF,
    0x80, 0x00, 0x3F, 0xEF, 0xF8, 0x00, 0x03, 0xFE, 0xFF, 0x80, 0x00, 0x3F, 0xEF, 0xF8, 0x00, 0x03,
    0xFE, 0xFF, 0x80, 0x00, 0x3F, 0xEF, 0xF8, 0x00, 0x03, 0xFE, 0xFF, 0x80, 0x00, 0x3F, 0xEF, 0xF8,
    0x00, 0x03, 0xFE, 0xFF, 0x80, 0x00, 0x3F, 0xEF, 0xFC, 0x00, 0x03, 0xFE, 0xFF, 0xC0, 0x00, 0x7F,
    0xEB, 0xFE, 0x00, 0x0F, 0xFD, 0x3F, 0xF9, 0x07, 0xFF, 0xC2, 0xFF, 0xFF, 0xFF, 0xF4, 0x0B, 0xFF,
    0xFF, 0xFD, 0x00, 0x1F, 0xFF, 0xFF, 0x40, 0x00, 0x1B, 0xFE, 0x40, 0x00, 0x00, 0x2F, 0x90, 0x00,
    0x03, 0xFF, 0xE0, 0x00, 0x0B, 0xFF, 0xC0, 0x00, 0x14, 0x3F, 0x00, 0x00, 0x03, 0xF4, 0x00, 0x00,
    0x2F, 0x40, 0x00, 0x00, 0xB8, 0x00, 0x00, 0x00, 0x00, 0x00, 0x00, 0x00, 0x00, 0x03, 0xFE, 0x00,
    0x3F, 0xEF, 0xF8, 0x00, 0xFF, 0xBF, 0xE0, 0x03, 0xFE, 0xFF, 0x80, 0x0F, 0xFB, 0xFE, 0x00, 0x3F,
    0xEF, 0xF8, 0x00, 0xFF, 0xBF, 0xE0, 0x03, 0xFE, 0xFF, 0x80, 0x0F, 0xFB, 0xFE, 0x00, 0x3F, 0xEF,
    0xFC, 0x00, 0xFF, 0xBF, 0xF0, 0x07, 0xFE, 0xFF, 0xE0, 0x7F, 0xFA, 0xFF, 0xFF, 0xFF, 0xE3, 0xFF,
    0xFF, 0xFF, 0x87, 0xFF, 0xF7, 0xFE, 0x02, 0xFE, 0x0F, 0xF8, 0x00, 0x00, 0x0A, 0x00, 0x00, 0x00,
    0x00, 0x1F, 0xC0, 0x00, 0x00, 0x00, 0x7F, 0xF8, 0x00, 0x00, 0x00, 0xFF, 0xFE, 0x00, 0xA9, 0x00,
    0x2F, 0xE4, 0x00, 0x3F, 0xC0, 0x02, 0x40, 0x00, 0x1F, 0xE0, 0x00, 0x00, 0x00, 0x0F, 0xF7, 0xFE,
    0x00, 0x00, 0xFF, 0xFC, 0xFF, 0x80, 0x00, 0x3F, 0xF8, 0x3F, 0xE0, 0x00, 0x0F, 0xF8, 0x0F, 0xF8,
    0x00, 0x03, 0xFE, 0x03, 0xFE, 0x00, 0x00, 0xFF, 0x80, 0xFF, 0x80, 0x00, 0x3F, 0xE0, 0x3F, 0xE0,
    0x00, 0x0F, 0xF8, 0x0F, 0xF8, 0x00, 0x03, 0xFE, 0x03, 0xFE, 0x00, 0x00, 0xFF, 0x80, 0xFF, 0x80,
    0x00, 0x3F, 0xE0, 0x3F, 0xE0, 0x00, 0x0F, 0xF8, 0x0F, 0xF8, 0x00, 0x03, 0xFE, 0x03, 0xFE, 0x00,
    0x00, 0xFF, 0x80, 0xFF, 0xC0, 0x00, 0x3F, 0xE0, 0x3F, 0xF0, 0x00, 0x1F, 0xF8, 0x0B, 0xFE, 0x00,
    0x0F, 0xFD, 0x00, 0xFF, 0xE4, 0x1F, 0xFF, 0x00, 0x2F, 0xFF, 0xFF, 0xFF, 0x40, 0x02, 0xFF, 0xFF,
    0xFF, 0x40, 0x00, 0x1F, 0xFF, 0xFF, 0x40, 0x00, 0x00, 0x6F, 0xF9, 0x00, 0x00, 0x00, 0x00, 0x00,
    0x00, 0x00, 0x00, 0x0D, 0x00, 0x00, 0x00, 0x03, 0xF0, 0x00, 0x00, 0x01, 0xFF, 0xC0, 0x00, 0x00,
    0xBF, 0xF0, 0x00, 0x00, 0x0F, 0xF4, 0x00, 0xA9, 0x00, 0x34, 0x00, 0x0F, 0xF0, 0x00, 0x00, 0x01,
    0xFE, 0x00, 0x00, 0x00, 0x7F, 0xDF, 0xF8, 0x00, 0xFF, 0xF8, 0xFF, 0x80, 0x0F, 0xFE, 0x0F, 0xF8,
    0x00, 0xFF, 0x80, 0xFF, 0x80, 0x0F, 0xF8, 0x0F, 0xF8, 0x00, 0xFF, 0x80, 0xFF, 0x80, 0x0F, 0xF8,
    0x0F, 0xF8, 0x00, 0xFF, 0x80, 0xFF, 0x80, 0x0F, 0xF8, 0x0F, 0xF8, 0x00, 0xFF, 0x80, 0xFF, 0xC0,
    0x0F, 0xF8, 0x0F, 0xFC, 0x01, 0xFF, 0x80, 0xFF, 0xE0, 0x7F, 0xF8, 0x0B, 0xFF, 0xFF, 0xFF, 0x80,
    0x3F, 0xFF, 0xFF, 0xF8, 0x01, 0xFF, 0xFD, 0xFF, 0x80, 0x02, 0xFE, 0x0F, 0xF8, 0x00, 0x00, 0x09,
    0x00, 0x00, 0x00, 0x00, 0x07, 0xF4, 0x00, 0x00, 0x00, 0x03, 0xFF, 0xD0, 0x00, 0x00, 0x00, 0xBF,
    0xFF, 0x00, 0xA9, 0x00, 0x01, 0xBF, 0x80, 0x3F, 0xC0, 0x00, 0x01, 0x80, 0x1F, 0xE0, 0x00, 0x00,
    0x00, 0x0F, 0xF7, 0xFE, 0x00, 0x00, 0xFF, 0xFC, 0xFF, 0x80, 0x00, 0x3F, 0xF8, 0x3F, 0xE0, 0x00,
    0x0F, 0xF8, 0x0F, 0xF8, 0x00, 0x03, 0xFE, 0x03, 0xFE, 0x00, 0x00, 0xFF, 0x80, 0xFF, 0x80, 0x00,
    0x3F, 0xE0, 0x3F, 0xE0, 0x00, 0x0F, 0xF8, 0x0F, 0xF8, 0x00, 0x03, 0xFE, 0x03, 0xFE, 0x00, 0x00,
    0xFF, 0x80, 0xFF, 0x80, 0x00, 0x3F, 0xE0, 0x3F, 0xE0, 0x00, 0x0F, 0xF8, 0x0F, 0xF8, 0x00, 0x03,
    0xFE, 0x03, 0xFE, 0x00, 0x00, 0xFF, 0x80, 0xFF, 0xC0, 0x00, 0x3F, 0xE0, 0x3F, 0xF0, 0x00, 0x1F,
    0xF8, 0x0B, 0xFE, 0x00, 0x0F, 0xFD, 0x00, 0xFF, 0xE4, 0x1F, 0xFF, 0x00, 0x2F, 0xFF, 0xFF, 0xFF,
    0x40, 0x02, 0xFF, 0xFF, 0xFF, 0x40, 0x00, 0x1F, 0xFF, 0xFF, 0x40, 0x00, 0x00, 0x6F, 0xF9, 0x00,
    0x00, 0x00, 0x00, 0x00, 0x00, 0x00, 0x03, 0x40, 0x00, 0x00, 0x00, 0xFD, 0x00, 0x00, 0x00, 0x2F,
    0xF8, 0x00, 0x00, 0x00, 0xBF, 0xF0, 0x00, 0x00, 0x00, 0xBF, 0x00, 0xA9, 0x00, 0x00, 0xE0, 0x0F,
    0xF0, 0x00, 0x00, 0x01, 0xFE, 0x00, 0x00, 0x00, 0x7F, 0xDF, 0xF8, 0x00, 0xFF, 0xF8, 0xFF, 0x80,
    0x0F, 0xFE, 0x0F, 0xF8, 0x00, 0xFF, 0x80, 0xFF, 0x80, 0x0F, 0xF8, 0x0F, 0xF8, 0x00, 0xFF, 0x80,
    0xFF, 0x80, 0x0F, 0xF8, 0x0F, 0xF8, 0x00, 0xFF, 0x80, 0xFF, 0x80, 0x0F, 0xF8, 0x0F, 0xF8, 0x00,
    0xFF, 0x80, 0xFF, 0xC0, 0x0F, 0xF8, 0x0F, 0xFC, 0x01, 0xFF, 0x80, 0xFF, 0xE0, 0x7F, 0xF8, 0x0B,
    0xFF, 0xFF, 0xFF, 0x80, 0x3F, 0xFF, 0xFF, 0xF8, 0x01, 0xFF, 0xFD, 0xFF, 0x80, 0x02, 0xFE, 0x0F,
    0xF8, 0x00, 0x00, 0x1B, 0xFD, 0x00, 0x00, 0x00, 0x0F, 0xFF, 0xD0, 0x00, 0x00, 0x02, 0xFF, 0xF8,
    0x00, 0x00, 0x00, 0x00, 0xFD, 0x00, 0x00, 0x00, 0x00, 0xFE, 0x00, 0x15, 0x40, 0x00, 0xBD, 0x00,
    0x0F, 0xF0, 0x00, 0x09, 0x00, 0x07, 0xFC, 0x00, 0x00, 0x00, 0x03, 0xFD, 0xFF, 0x80, 0x00, 0x3F,
    0xFF, 0x3F, 0xE0, 0x00, 0x0F, 0xFE, 0x0F, 0xF8, 0x00, 0x03, 0xFE, 0x03, 0xFE, 0x00, 0x00, 0xFF,
    0x80, 0xFF, 0x80, 0x00, 0x3F, 0xE0, 0x3F, 0xE0, 0x00, 0x0F, 0xF8, 0x0F, 0xF8, 0x00, 0x03, 0xFE,
    0x03, 0xFE, 0x00, 0x00, 0xFF, 0x80, 0xFF, 0x80, 0x00, 0x3F, 0xE0, 0x3F, 0xE0, 0x00, 0x0F, 0xF8,
    0x0F, 0xF8, 0x00, 0x03, 0xFE, 0x03, 0xFE, 0x00, 0x00, 0xFF, 0x80, 0xFF, 0x80, 0x00, 0x3F, 0xE0,
    0x3F, 0xF0, 0x00, 0x0F, 0xF8, 0x0F, 0xFC, 0x00, 0x07, 0xFE, 0x02, 0xFF, 0x80, 0x03, 0xFF, 0x40,
    0x3F, 0xF9, 0x07, 0xFF, 0xC0, 0x0B, 0xFF, 0xFF, 0xFF, 0xD0, 0x00, 0xBF, 0xFF, 0xFF, 0xD0, 0x00,
    0x07, 0xFF, 0xFF, 0xD0, 0x00, 0x00, 0x1B, 0xFE, 0x40, 0x00, 0x00, 0x00, 0x2F, 0x90, 0x00, 0x00,
    0x0F, 0xFF, 0x80, 0x00, 0x00, 0xBF, 0xFC, 0x00, 0x00, 0x05, 0x0F, 0xC0, 0x00, 0x00, 0x03, 0xF4,
    0x00, 0x00, 0x00, 0xBD, 0x00, 0x55, 0x00, 0x0B, 0x80, 0x0F, 0xF0, 0x00, 0x00, 0x01, 0xFE, 0x00,
    0x00, 0x00, 0x7F, 0xDF, 0xF8, 0x00, 0xFF, 0xF8, 0xFF, 0x80, 0x0F, 0xFE, 0x0F, 0xF8, 0x00, 0xFF,
    0x80, 0xFF, 0x80, 0x0F, 0xF8, 0x0F, 0xF8, 0x00, 0xFF, 0x80, 0xFF, 0x80, 0x0F, 0xF8, 0x0F, 0xF8,
    0x00, 0xFF, 0x80, 0xFF, 0x80, 0x0F, 0xF8, 0x0F, 0xF8, 0x00, 0xFF, 0x80, 0xFF, 0xC0, 0x0F, 0xF8,
    0x0F, 0xFC, 0x01, 0xFF, 0x80, 0xFF, 0xE0, 0x7F, 0xF8, 0x0B, 0xFF, 0xFF, 0xFF, 0x80, 0x3F, 0xFF,
    0xFF, 0xF8, 0x01, 0xFF, 0xFD, 0xFF, 0x80, 0x02, 0xFE, 0x0F, 0xF8, 0x00, 0x00, 0x00, 0x00, 0x00,
    0x00, 0x00, 0x1F, 0xF4, 0x7D, 0x00, 0x00, 0x1F, 0xFF, 0xFF, 0x40, 0x00, 0x0F, 0xFF, 0xFF, 0xC0,
    0xAA, 0x03, 0xF0, 0x6F, 0x80, 0x3F, 0xC0, 0x00, 0x00, 0x00, 0x1F, 0xE0, 0x00, 0x00, 0x00, 0x0F,
    0xF7, 0xFE, 0x00, 0x00, 0xFF, 0xFC, 0xFF, 0x80, 0x00, 0x3F, 0xF8, 0x3F, 0xE0, 0x00, 0x0F, 0xF8,
    0x0F, 0xF8, 0x00, 0x03, 0xFE, 0x03, 0xFE, 0x00, 0x00, 0xFF, 0x80, 0xFF, 0x80, 0x00, 0x3F, 0xE0,
    0x3F, 0xE0, 0x00, 0x0F, 0xF8, 0x0F, 0xF8, 0x00, 0x03, 0xFE, 0x03, 0xFE, 0x00, 0x00, 0xFF, 0x80,
    0xFF, 0x80, 0x00, 0x3F, 0xE0, 0x3F, 0xE0, 0x00, 0x0F, 0xF8, 0x0F, 0xF8, 0x00, 0x03, 0xFE, 0x03,
    0xFE, 0x00, 0x00, 0xFF, 0x80, 0xFF, 0xC0, 0x00, 0x3F, 0xE0, 0x3F, 0xF0, 0x00, 0x1F, 0xF8, 0x0B,
    0xFE, 0x00, 0x0F, 0xFD, 0x00, 0xFF, 0xE4, 0x1F, 0xFF, 0x00, 0x2F, 0xFF, 0xFF, 0xFF, 0x40, 0x02,
    0xFF, 0xFF, 0xFF, 0x40, 0x00, 0x1F, 0xFF, 0xFF, 0x40, 0x00, 0x00, 0x6F, 0xF9, 0x00, 0x00, 0x00,
    0xF8, 0x0A, 0x40, 0x00, 0x3F, 0xF1, 0xF8, 0x00, 0x0B, 0xFF, 0xFF, 0x40, 0x00, 0xBC, 0x7F, 0xF0,
    0x00, 0x06, 0x80, 0xF8, 0x0F, 0xF0, 0x00, 0x00, 0x01, 0xFF, 0x00, 0x00, 0x00, 0x7F, 0xDF, 0xF8,
    0x00, 0xFF, 0xFC, 0xFF, 0x80, 0x0F, 0xFE, 0x0F, 0xF8, 0x00, 0xFF, 0x80, 0xFF, 0x80, 0x0F, 0xF8,
    0x0F, 0xF8, 0x00, 0xFF, 0x80, 0xFF, 0x80, 0x0F, 0xF8, 0x0F, 0xF8, 0x00, 0xFF, 0x80, 0xFF, 0x80,
    0x0F, 0xF8, 0x0F, 0xF8, 0x00, 0xFF, 0x80, 0xFF, 0xC0, 0x0F, 0xF8, 0x0F, 0xFC, 0x01, 0xFF, 0x80,
    0xFF, 0xE0, 0x7F, 0xF8, 0x0B, 0xFF, 0xFF, 0xFF, 0x80, 0x3F, 0xFF, 0xFF, 0xF8, 0x01, 0xFF, 0xFD,
    0xFF, 0x80, 0x02, 0xFE, 0x0F, 0xF8, 0x00, 0x00, 0x00, 0x00, 0x00, 0x3F, 0xC0, 0x00, 0x00, 0x00,
    0x0F, 0xF0, 0x00, 0x00, 0x00, 0x07, 0xF8, 0x00, 0x00, 0x00, 0x03, 0xFD, 0xFF, 0x80, 0x00, 0x3F,
    0xFE, 0x3F, 0xE0, 0x00, 0x0F, 0xFE, 0x0F, 0xF8, 0x00, 0x03, 0xFE, 0x03, 0xFE, 0x00, 0x00, 0xFF,
    0x80, 0xFF, 0x80, 0x00, 0x3F, 0xE0, 0x3F, 0xE0, 0x00, 0x0F, 0xF8, 0x0F, 0xF8, 0x00, 0x03, 0xFE,
    0x03, 0xFE, 0x00, 0x00, 0xFF, 0x80, 0xFF, 0x80, 0x00, 0x3F, 0xE0, 0x3F, 0xE0, 0x00, 0x0F, 0xF8,
    0x0F, 0xF8, 0x00, 0x03, 0xFE, 0x03, 0xFE, 0x00, 0x00, 0xFF, 0x80, 0xFF, 0x80, 0x00, 0x3F, 0xE0,
    0x3F, 0xF0, 0x00, 0x0F, 0xF8, 0x0F, 0xFC, 0x00, 0x07, 0xFE, 0x02, 0xFF, 0x80, 0x03, 0xFF, 0x40,
    0x3F, 0xF9, 0x07, 0xFF, 0xC0, 0x0B, 0xFF, 0xFF, 0xFF, 0xD0, 0x00, 0xBF, 0xFF, 0xFF, 0xD0, 0x00,
    0x07, 0xFF, 0xFF, 0xD0, 0x00, 0x00, 0x1B, 0xFE, 0x40, 0x00, 0x00, 0x00, 0x00, 0x00, 0x00, 0x00,
    0x00, 0x2F, 0x80, 0x00, 0x00, 0x00, 0x3F, 0xFC, 0x00, 0x00, 0x00, 0x0F, 0xFF, 0x00, 0x00, 0x00,
    0x03, 0xFF, 0xC0, 0x00, 0x00, 0x00, 0x2F, 0x80, 0x00, 0x00, 0x00, 0x00, 0x00, 0x0A, 0x90, 0x00,
    0x00, 0x00, 0xFF, 0x00, 0x00, 0x00, 0x1F, 0xE0, 0x00, 0x00, 0x07, 0xFD, 0xFF, 0x80, 0x0F, 0xFF,
    0x8F, 0xF8, 0x00, 0xFF, 0xE0, 0xFF, 0x80, 0x0F, 0xF8, 0x0F, 0xF8, 0x00, 0xFF, 0x80, 0xFF, 0x80,
    0x0F, 0xF8, 0x0F, 0xF8, 0x00, 0xFF, 0x80, 0xFF, 0x80, 0x0F, 0xF8, 0x0F, 0xF8, 0x00, 0xFF, 0x80,
    0xFF, 0x80, 0x0F, 0xF8, 0x0F, 0xFC, 0x00, 0xFF, 0x80, 0xFF, 0xC0, 0x1F, 0xF8, 0x0F, 0xFE, 0x07,
    0xFF, 0x80, 0xBF, 0xFF, 0xFF, 0xF8, 0x03, 0xFF, 0xFF, 0xFF, 0x80, 0x1F, 0xFF, 0xCF, 0xF8, 0x00,
    0x6F, 0xE0, 0xFF, 0x80, 0x00, 0x00, 0x00, 0x00, 0x00, 0x02, 0xF8, 0x00, 0x00, 0x00, 0xFF, 0xF0,
    0x00, 0x00, 0x0F, 0xFF, 0x00, 0x00, 0x00, 0xFF, 0xF0, 0x00, 0x00, 0x02, 0xF8, 0x00, 0x00, 0x00,
    0x00, 0x00, 0x00, 0x00, 0x00, 0x00, 0x07, 0x40, 0x00, 0x00, 0x00, 0x00, 0xBF, 0x00, 0x00, 0x00,
    0x00, 0x0F, 0xFE, 0x00, 0x00, 0x00, 0x00, 0xBF, 0xF8, 0x00, 0x00, 0x00, 0x00, 0x6F, 0x40, 0x00,
    0x00, 0x00, 0x00, 0x10, 0x00, 0x00, 0x00, 0x00, 0x00, 0x00, 0x00, 0x2F, 0xFC, 0x00, 0x02, 0xFF,
    0xC0, 0xFF, 0xE0, 0x00, 0x3F, 0xF0, 0x07, 0xFF, 0x00, 0x0F, 0xFE, 0x00, 0x2F, 0xFC, 0x01, 0xFF,
    0xC0, 0x00, 0xFF, 0xE0, 0x3F, 0xF4, 0x00, 0x07, 0xFF, 0x0B, 0xFE, 0x00, 0x00, 0x2F, 0xFC, 0xFF,
    0xC0, 0x00, 0x00, 0xFF, 0xFF, 0xF4, 0x00, 0x00, 0x03, 0xFF, 0xFF, 0x00, 0x00, 0x00, 0x2F, 0xFF,
    0xC0, 0x00, 0x00, 0x00, 0xFF, 0xF4, 0x00, 0x00, 0x00, 0x03, 0xFF, 0x00, 0x00, 0x00, 0x00, 0x3F,
    0xE0, 0x00, 0x00, 0x00, 0x03, 0xFE, 0x00, 0x00, 0x00, 0x00, 0x3F, 0xE0, 0x00, 0x00, 0x00, 0x03,
    0xFE, 0x00, 0x00, 0x00, 0x00, 0x3F, 0xE0, 0x00, 0x00, 0x00, 0x03, 0xFE, 0x00, 0x00, 0x00, 0x00,
    0x3F, 0xE0, 0x00, 0x00, 0x00, 0x03, 0xFE, 0x00, 0x00, 0x00, 0x00, 0x3F, 0xE0, 0x00, 0x00, 0x00,
    0x00, 0x00, 0x00, 0x00, 0x00, 0x0C, 0x00, 0x00, 0x00, 0x00, 0xBD, 0x00, 0x00, 0x00, 0x07, 0xFE,
    0x00, 0x00, 0x00, 0x0B, 0xFE, 0x00, 0x00, 0x00, 0x03, 0xFD, 0x00, 0x00, 0x00, 0x01, 0xE0, 0x00,
    0x00, 0x00, 0x00, 0x00, 0x00, 0x00, 0x00, 0x00, 0x00, 0x00, 0xFF, 0xC0, 0x00, 0xFF, 0xC2, 0xFF,
    0x40, 0x07, 0xFE, 0x07, 0xFF, 0x00, 0x3F, 0xF4, 0x0F, 0xFD, 0x00, 0xFF, 0xC0, 0x1F, 0xF8, 0x0B,
    0xFD, 0x00, 0x3F, 0xF0, 0x3F, 0xF0, 0x00, 0x7F, 0xE0, 0xFF, 0x80, 0x00, 0xFF, 0xCB, 0xFC, 0x00,
    0x02, 0xFF, 0x7F, 0xE0, 0x00, 0x03, 0xFF, 0xFF, 0x40, 0x00, 0x0B, 0xFF, 0xFC, 0x00, 0x00, 0x0F,
    0xFF, 0xD0, 0x00, 0x00, 0x2F, 0xFF, 0x00, 0x00, 0x00, 0x3F, 0xF8, 0x00, 0x00, 0x00, 0xFF, 0xC0,
    0x00, 0x00, 0x02, 0xFE, 0x00, 0x00, 0x00, 0x0F, 0xF4, 0x00, 0x00, 0x00, 0xBF, 0xC0, 0x00, 0x00,
    0x03, 0xFE, 0x00, 0x00, 0x00, 0x1F, 0xF0, 0x00, 0x00, 0x00, 0xFF, 0x80, 0x00, 0x00, 0x07, 0xFD,
    0x00, 0x00, 0x00, 0x3F, 0xF8, 0x00, 0x02, 0xFF, 0xC1, 0xFF, 0xD0, 0x00, 0x3F, 0xF0, 0x0B, 0xFF,
    0x00, 0x0F, 0xFE, 0x00, 0x3F, 0xF8, 0x01, 0xFF, 0xC0, 0x00, 0xFF, 0xD0, 0x3F, 0xF4, 0x00, 0x07,
    0xFF, 0x0B, 0xFE, 0x00, 0x00, 0x2F, 0xF8, 0xFF, 0xC0, 0x00, 0x00, 0xFF, 0xFF, 0xF4, 0x00, 0x00,
    0x07, 0xFF, 0xFF, 0x00, 0x00, 0x00, 0x2F, 0xFF, 0xC0, 0x00, 0x00, 0x00, 0xFF, 0xF4, 0x00, 0x00,
    0x00, 0x03, 0xFF, 0x00, 0x00, 0x00, 0x00, 0x3F, 0xE0, 0x00, 0x00, 0x00, 0x03, 0xFE, 0x00, 0x00,
    0x00, 0x00, 0x3F, 0xE0, 0x00, 0x00, 0x00, 0x03, 0xFE, 0x00, 0x00, 0x00, 0x00, 0x3F, 0xE0, 0x00,
    0x00, 0x00, 0x03, 0xFE, 0x00, 0x00, 0x00, 0x00, 0x3F, 0xE0, 0x00, 0x00, 0x00, 0x03, 0xFE, 0x00,
    0x00, 0x00, 0x00, 0x3F, 0xE0, 0x00, 0x00, 0x00, 0x00, 0x00, 0x00, 0x00, 0x00, 0x00, 0x2F, 0x80,
    0x00, 0x00, 0x00, 0x0F, 0xFE, 0x00, 0x00, 0x00, 0x00, 0xFF, 0xE0, 0x00, 0x00, 0x00, 0x0F, 0xFD,
    0x00, 0x00, 0x00, 0x00, 0x3F, 0x80, 0x00, 0x00, 0xBF, 0xE0, 0x00, 0x7F, 0xF1, 0xFF, 0xC0, 0x03,
    0xFF, 0x83, 0xFF, 0x40, 0x0F, 0xFC, 0x07, 0xFF, 0x00, 0xBF, 0xE0, 0x0F, 0xFD, 0x03, 0xFF, 0x40,
    0x1F, 0xF8, 0x1F, 0xFC, 0x00, 0x3F, 0xF0, 0xBF, 0xD0, 0x00, 0xBF, 0xE3, 0xFF, 0x00, 0x00, 0xFF,
    0xDF, 0xF4, 0x00, 0x02, 0xFF, 0xFF, 0xC0, 0x00, 0x03, 0xFF, 0xFE, 0x00, 0x00, 0x0B, 0xFF, 0xF0,
    0x00, 0x00, 0x0F, 0xFF, 0x80, 0x00, 0x00, 0x2F, 0xFC, 0x00, 0x00, 0x00, 0x7F, 0xF0, 0x00, 0x00,
    0x00, 0xFF, 0x40, 0x00, 0x00, 0x0B, 0xFC, 0x00, 0x00, 0x00, 0x3F, 0xD0, 0xBE, 0x00, 0x02, 0xFF,
    0x0F, 0xFF, 0x00, 0x0F, 0xF8, 0x3F, 0xFC, 0x00, 0x7F, 0xC0, 0xFF, 0xF0, 0x03, 0xFF, 0x00, 0xBE,
    0x00, 0x00, 0x00, 0x7F, 0xE0, 0x00, 0x00, 0x00, 0x0F, 0xFF, 0x80, 0x00, 0x00, 0x00, 0xFF, 0xFC,
    0x00, 0x00, 0x00, 0x04, 0x1F, 0xC0, 0x00, 0x00, 0x00, 0x0B, 0xF0, 0x00, 0x00, 0x00, 0x00, 0xF8,
    0x00, 0x00, 0x00, 0x00, 0x0A, 0x00, 0x00, 0x00, 0x00, 0x00, 0x00, 0x00, 0x00, 0x2F, 0xFC, 0x00,
    0x00, 0xFF, 0xD0, 0xFF, 0xE0, 0x00, 0x2F, 0xF8, 0x07, 0xFF, 0x00, 0x07, 0xFF, 0x00, 0x2F, 0xFC,
    0x00, 0xFF, 0xD0, 0x00, 0xFF, 0xE0, 0x2F, 0xF8, 0x00, 0x07, 0xFF, 0x07, 0xFF, 0x00, 0x00, 0x2F,
    0xFC, 0xFF, 0xD0, 0x00, 0x00, 0xFF, 0xFF, 0xF8, 0x00, 0x00, 0x03, 0xFF, 0xFF, 0x00, 0x00, 0x00,
    0x2F, 0xFF, 0xC0, 0x00, 0x00, 0x00, 0xFF, 0xF8, 0x00, 0x00, 0x00, 0x03, 0xFF, 0x00, 0x00, 0x00,
    0x00, 0x3F, 0xE0, 0x00, 0x00, 0x00, 0x03, 0xFE, 0x00, 0x00, 0x00, 0x00, 0x3F, 0xE0, 0x00, 0x00,
    0x00, 0x03, 0xFE, 0x00, 0x00, 0x00, 0x00, 0x3F, 0xE0, 0x00, 0x00, 0x00, 0x03, 0xFE, 0x00, 0x00,
    0x00, 0x00, 0x3F, 0xE0, 0x00, 0x00, 0x00, 0x03, 0xFE, 0x00, 0x00, 0x00, 0x00, 0x3F, 0xE0, 0x00,
    0x00, 0x00, 0x06, 0xFE, 0x00, 0x00, 0x00, 0x3F, 0xFE, 0x00, 0x00, 0x00, 0xBF, 0xFC, 0x00, 0x00,
    0x00, 0x07, 0xF0, 0x00, 0x00, 0x00, 0x7F, 0x40, 0x00, 0x00, 0x03, 0xF0, 0x00, 0x00, 0x00, 0x0F,
    0x40, 0x00, 0x00, 0x00, 0x00, 0x00, 0x00, 0x00, 0x00, 0x00, 0x00, 0x00, 0xFF, 0xC0, 0x00, 0xFF,
    0xC2, 0xFF, 0x40, 0x0B, 0xFE, 0x07, 0xFF, 0x00, 0x3F, 0xF0, 0x0F, 0xFD, 0x01, 0xFF, 0xC0, 0x1F,
    0xF8, 0x0B, 0xFD, 0x00, 0x3F, 0xF0, 0x3F, 0xF0, 0x00, 0x7F, 0xD1, 0xFF, 0x40, 0x00, 0xFF, 0xCB,
    0xFC, 0x00, 0x02, 0xFF, 0x7F, 0xE0, 0x00, 0x03, 0xFF, 0xFF, 0x00, 0x00, 0x0B, 0xFF, 0xF8, 0x00,
    0x00, 0x0F, 0xFF, 0xD0, 0x00, 0x00, 0x2F, 0xFF, 0x00, 0x00, 0x00, 0x3F, 0xF4, 0x00, 0x00, 0x00,
    0xFF, 0xC0, 0x00, 0x00, 0x02, 0xFE, 0x00, 0x00, 0x00, 0x0F, 0xF0, 0x00, 0x00, 0x00, 0xBF, 0xC0,
    0x00, 0x00, 0x03, 0xFD, 0x00, 0x00, 0x00, 0x1F, 0xF0, 0x00, 0x00, 0x00, 0xFF, 0x80, 0x00, 0x00,
    0x07, 0xFC, 0x00, 0x00, 0x00, 0x00, 0x00, 0x00, 0x00, 0x00, 0x00, 0x00, 0x2F, 0xD2, 0xF4, 0x00,
    0x00, 0x0F, 0xFF, 0xFF, 0x40, 0x00, 0x01, 0xFF, 0xFF, 0xF0, 0x00, 0x00, 0x1F, 0x82, 0xF8, 0x00,
    0x00, 0x00, 0x00, 0x00, 0x00, 0x00, 0x00, 0x00, 0x00, 0x00, 0x00, 0x03, 0xFF, 0xC0, 0x00, 0x2F,
    0xFC, 0x0F, 0xFE, 0x00, 0x03, 0xFF, 0x40, 0x7F, 0xF0, 0x00, 0xBF, 0xE0, 0x02, 0xFF, 0xC0, 0x1F,
    0xFC, 0x00, 0x0F, 0xFD, 0x03, 0xFF, 0x40, 0x00, 0x7F, 0xF0, 0xBF, 0xE0, 0x00, 0x02, 0xFF, 0xCF,
    0xFC, 0x00, 0x00, 0x0F, 0xFF, 0xFF, 0x40, 0x00, 0x00, 0x7F, 0xFF, 0xF0, 0x00, 0x00, 0x02, 0xFF,
    0xFC, 0x00, 0x00, 0x00, 0x0F, 0xFF, 0x40, 0x00, 0x00, 0x00, 0x3F, 0xF0, 0x00, 0x00, 0x00, 0x03,
    0xFE, 0x00, 0x00, 0x00, 0x00, 0x3F, 0xE0, 0x00, 0x00, 0x00, 0x03, 0xFE, 0x00, 0x00, 0x00, 0x00,
    0x3F, 0xE0, 0x00, 0x00, 0x00, 0x03, 0xFE, 0x00, 0x00, 0x00, 0x00, 0x3F, 0xE0, 0x00, 0x00, 0x00,
    0x03, 0xFE, 0x00, 0x00, 0x00, 0x00, 0x3F, 0xE0, 0x00, 0x00, 0x00, 0x03, 0xFE, 0x00, 0x00, 0x00,
    0x1F, 0x80, 0xA0, 0x00, 0x00, 0xFF, 0xC7, 0xD0, 0x00, 0x0B, 0xFF, 0xFF, 0x00, 0x00, 0x3F, 0x1F,
    0xF8, 0x00, 0x00, 0x68, 0x0F, 0x80, 0x00, 0x00, 0x00, 0x00, 0x00, 0x00, 0x00, 0x00, 0x00, 0x00,
    0x1F, 0xFC, 0x00, 0x1F, 0xFC, 0x3F, 0xF4, 0x00, 0xBF, 0xD0, 0x7F, 0xF0, 0x03, 0xFF, 0x00, 0xFF,
    0xC0, 0x1F, 0xF8, 0x01, 0xFF, 0x80, 0xBF, 0xC0, 0x03, 0xFF, 0x03, 0xFF, 0x00, 0x0B, 0xFE, 0x1F,
    0xF4, 0x00, 0x0F, 0xFC, 0xBF, 0xC0, 0x00, 0x2F, 0xF7, 0xFE, 0x00, 0x00, 0x3F, 0xFF, 0xF0, 0x00,
    0x00, 0xBF, 0xFF, 0x80, 0x00, 0x00, 0xFF, 0xFD, 0x00, 0x00, 0x02, 0xFF, 0xF0, 0x00, 0x00, 0x03,
    0xFF, 0x40, 0x00, 0x00, 0x0F, 0xFC, 0x00, 0x00, 0x00, 0x3F, 0xE0, 0x00, 0x00, 0x00, 0xFF, 0x00,
    0x00, 0x00, 0x0B, 0xFC, 0x00, 0x00, 0x00, 0x3F, 0xD0, 0x00, 0x00, 0x02, 0xFF, 0x00, 0x00, 0x00,
    0x0F, 0xF8, 0x00, 0x00, 0x00, 0x7F, 0xC0, 0x00, 0x00, 0x33, 0x33, 0x33, 0x33, 0x33, 0x33, 0x33,
    0x33, 0x33, 0x33, 0x30, 0x50, 0x10, 0xD1, 0xC0, 0xEC, 0x02, 0xD0, 0x2F, 0xD1, 0x8C, 0xD0, 0x30,
    0x00, 0xC0, 0x03, 0x00, 0x0C, 0x00, 0x30, 0x00, 0xC0, 0x03, 0x00, 0x0C, 0x00, 0x30, 0x00, 0xC0,
    0x03, 0x00, 0x0C, 0x00, 0x30, 0x00, 0xC0, 0x03, 0x00, 0x00, 0x40, 0x00, 0xD0, 0x00, 0x34, 0x3F,
    0xFD, 0x30, 0x38, 0x30, 0xE0, 0x30, 0x40, 0x30, 0x00, 0x30, 0x00, 0x30, 0x00, 0x30, 0x00, 0x30,
    0x00, 0x30, 0x00, 0x30, 0x00, 0x30, 0x00, 0x30, 0x00, 0x30, 0x00, 0x30, 0x00, 0x30, 0x00, 0x30,
    0x00, 0x30, 0x00, 0x10, 0x00, 0x00, 0x00, 0x28, 0x02, 0x80, 0x1F, 0xFF, 0x28, 0x0C, 0x28, 0x30,
    0x10, 0xC0, 0x03, 0x00, 0x0C, 0x00, 0x30, 0x00, 0xC0, 0x03, 0x00, 0x0C, 0x00, 0x30, 0x00, 0xC0,
    0x03, 0x00, 0x0C, 0x00, 0x30, 0x00, 0xC0, 0x03, 0x00, 0x0C, 0x00, 0x10, 0x00, 0x00, 0x0F, 0xFF,
    0xFF, 0xFF, 0xFF, 0xFF, 0xFF, 0xFF, 0xFF, 0xFF, 0xF0, 0x55, 0x55, 0xFF, 0xFF, 0xFF, 0xFF, 0xFF,
    0xFF, 0x00, 0x00, 0x00, 0x0F, 0xFF, 0xFF, 0xFF, 0xFF, 0xFF, 0xFF, 0xFF, 0xFF, 0xFF, 0xFF, 0xFF,
    0xFF, 0xFF, 0xF0, 0x00, 0x00, 0x00, 0x0F, 0xFF, 0xFF, 0xFF, 0xFF, 0xFF, 0xFF, 0xFF, 0xFF, 0xFF,
    0xFF, 0xFF, 0xFF, 0xFF, 0xF0, 0x00, 0x00, 0x00, 0x00, 0x00, 0x00, 0xFF, 0xFF, 0xFF, 0xFF, 0xFF,
    0xFF, 0xFF, 0xFF, 0xFF, 0xFF, 0xFF, 0xFF, 0xFF, 0xFF, 0xFF, 0xFF, 0xFF, 0xFF, 0xFF, 0xFF, 0xFF,
    0xFF, 0xFF, 0xFF, 0x00, 0x00, 0x00, 0x00, 0x00, 0x00, 0xFF, 0xFF, 0xFF, 0xFF, 0xFF, 0xFF, 0xFF,
    0xFF, 0xFF, 0xFF, 0xFF, 0xFF, 0xFF, 0xFF, 0xFF, 0xFF, 0xFF, 0xFF, 0xFF, 0xFF, 0xFF, 0xFF, 0xFF,
    0xFF, 0xFC, 0x00, 0xFF, 0xF0, 0x03, 0xFF, 0xC0, 0x0F, 0xFF, 0x00, 0x3F, 0xFC, 0x00, 0xFF, 0xF0,
    0x03, 0xFF, 0xC0, 0x0F, 0xFF, 0x00, 0x3F, 0xFC, 0x00, 0xFF, 0xF0, 0x03, 0xFF, 0xC0, 0x0F, 0xFF,
    0x00, 0x3F, 0xFC, 0x00, 0xFF, 0xF0, 0x03, 0xFF, 0xC0, 0x0F, 0xFF, 0x00, 0x3F, 0xFC, 0x00, 0xFF,
    0xF0, 0x03, 0xFF, 0xC0, 0x0F, 0xFF, 0x00, 0x3F, 0xFC, 0x00, 0xFF, 0xF0, 0x03, 0xFF, 0xC0, 0x0F,
    0xFF, 0x00, 0x3F, 0xFC, 0x00, 0xFF, 0xF0, 0x03, 0xFF, 0xC0, 0x0F, 0xFF, 0x00, 0x3F, 0xFC, 0x00,
    0xFC, 0xFF, 0xFF, 0xFF, 0xFF, 0xFF, 0xFF, 0x00, 0x00, 0x00, 0x00, 0x00, 0x00, 0xFF, 0xFF, 0xFF,
    0xFF, 0xFF, 0xFF, 0x00, 0x40, 0x1F, 0x81, 0xFE, 0x0F, 0xD0, 0xBE, 0x03, 0xFC, 0x0F, 0xFC, 0x3F,
    0xF4, 0x7F, 0xD0, 0x7E, 0x00, 0x1F, 0xC0, 0xFF, 0xC3, 0xFF, 0x47, 0xFD, 0x07, 0xF4, 0x0F, 0xC0,
    0xBE, 0x0F, 0xF0, 0x3E, 0x00, 0x00, 0x00, 0x1F, 0xC0, 0xFF, 0xC3, 0xFF, 0x47, 0xFD, 0x07, 0xF4,
    0x0F, 0xC0, 0xBE, 0x0B, 0xF0, 0x7F, 0x00, 0x50, 0x00, 0xBF, 0x87, 0xFC, 0x3F, 0xC2, 0xFC, 0x0F,
    0xD0, 0xFE, 0x07, 0xF0, 0x00, 0x40, 0x00, 0x01, 0xF8, 0x0B, 0xC1, 0xFD, 0x0F, 0xF0, 0xFC, 0x0B,
    0xE0, 0xBE, 0x03, 0xF0, 0x3F, 0xC1, 0xFD, 0x0F, 0xFC, 0x7F, 0xD3, 0xFF, 0x5F, 0xFC, 0x7F, 0xD3,
    0xFF, 0x07, 0xE0, 0x3F, 0x40, 0x1F, 0xC0, 0xBD, 0x0F, 0xFC, 0x7F, 0xD3, 0xFF, 0x5F, 0xFC, 0x7F,
    0xD2, 0xFF, 0x07, 0xF4, 0x1F, 0xC0, 0xFC, 0x03, 0xE0, 0xBE, 0x03, 0xF0, 0xFF, 0x07, 0xF4, 0x3E,
    0x01, 0xF4, 0x00, 0x00, 0x10, 0x00, 0x1F, 0xC0, 0xBD, 0x0F, 0xFC, 0x7F, 0xD3, 0xFF, 0x5F, 0xFC,
    0x7F, 0xD3, 0xFF, 0x07, 0xF4, 0x3F, 0xC0, 0xFC, 0x0B, 0xE0, 0xBE, 0x03, 0xF0, 0xBF, 0x03, 0xF8,
    0x7F, 0x02, 0xF8, 0x05, 0x00, 0x20, 0x00, 0xBF, 0x83, 0xFD, 0x1F, 0xF0, 0xBF, 0x43, 0xFC, 0x1F,
    0xE0, 0xBF, 0x03, 0xFC, 0x0F, 0xD0, 0xBF, 0x03, 0xF8, 0x0F, 0xD0, 0x7F, 0x02, 0xF8, 0x03, 0xFE,
    0x00, 0x0F, 0xF8, 0x00, 0x3F, 0xE0, 0x00, 0xFF, 0x80, 0xFF, 0xFF, 0xFB, 0xFF, 0xFF, 0xEF, 0xFF,
    0xFF, 0xBF, 0xFF, 0xFE, 0x03, 0xFE, 0x00, 0x0F, 0xF8, 0x00, 0x3F, 0xE0, 0x00, 0xFF, 0x80, 0x03,
    0xFE, 0x00, 0x0F, 0xF8, 0x00, 0x3F, 0xE0, 0x00, 0x03, 0xFE, 0x00, 0x0F, 0xF8, 0x00, 0x3F, 0xE0,
    0x3F, 0xFF, 0xFE, 0xFF, 0xFF, 0xFB, 0xFF, 0xFF, 0xEF, 0xFF, 0xFF, 0x80, 0xFF, 0xC0, 0xFF, 0xFF,
    0xFB, 0xFF, 0xFF, 0xEF, 0xFF, 0xFF, 0xBF, 0xFF, 0xFE, 0x03, 0xFE, 0x00, 0x0F, 0xF8, 0x00, 0x3F,
    0xE0, 0x00, 0xFF, 0x80, 0x02, 0xA9, 0x00, 0x0B, 0xE0, 0x3F, 0xFC, 0xBF, 0xFE, 0xFF, 0xFF, 0xFF,
    0xFF, 0xBF, 0xFE, 0x3F, 0xFC, 0x0B, 0xE0, 0x00, 0x00, 0x0C, 0x00, 0x00, 0xF8, 0x00, 0x0F, 0xF4,
    0x00, 0xFF, 0xF0, 0x0F, 0xFF, 0xE0, 0xFF, 0xFF, 0x8F, 0xFF, 0xC0, 0xFF, 0xD0, 0x0F, 0xE0, 0x00,
    0xE0, 0x00, 0x04, 0x00, 0x00, 0x7E, 0x3F, 0xDF, 0xF7, 0xFD, 0x7E, 0x00, 0x7E, 0x00, 0x1F, 0x8F,
    0xF4, 0x03, 0xFD, 0xFF, 0x40, 0x3F, 0xDF, 0xF4, 0x03, 0xFD, 0x7E, 0x00, 0x1F, 0x80, 0x3E, 0x00,
    0xBC, 0x02, 0xF4, 0xFF, 0x82, 0xFF, 0x07, 0xFC, 0xFF, 0x82, 0xFF, 0x07, 0xFD, 0xFF, 0x82, 0xFF,
    0x07, 0xFC, 0x7E, 0x00, 0xBC, 0x02, 0xF4, 0x7E, 0x3F, 0xDF, 0xF7, 0xFD, 0x7E, 0x00, 0x3F, 0xFE,
    0x30, 0x00, 0x30, 0x00, 0x30, 0x00, 0x30, 0x00, 0x30, 0x00, 0x30, 0x00, 0x30, 0x00, 0x30, 0x00,
    0x30, 0x00, 0x30, 0x00, 0x30, 0x00, 0x30, 0x00, 0x30, 0x00, 0x30, 0x00, 0x30, 0x00, 0x30, 0x00,
    0x30, 0x00, 0x30, 0x00, 0x30, 0x00, 0x30, 0x00, 0x00, 0x00, 0xBF, 0xFC, 0x00, 0x70, 0x00, 0xC0,
    0x03, 0x00, 0x0C, 0x00, 0x30, 0x00, 0xC0, 0x03, 0x00, 0x0C, 0x00, 0x30, 0x00, 0xC0, 0x03, 0x00,
    0x0C, 0x00, 0x30, 0x00, 0xC0, 0x03, 0x00, 0x0C, 0x00, 0x30, 0x00, 0xC0, 0x03, 0x00, 0x0C, 0x00,
    0x00, 0xFF, 0xFF, 0xFF, 0xFF, 0xFF, 0xFF, 0xFF, 0xFF, 0xFF, 0xFF, 0xF0, 0x30, 0x00, 0xC0, 0x03,
    0x00, 0x0C, 0x00, 0x30, 0x00, 0xC0, 0x03, 0x00, 0x0C, 0x00, 0x30, 0x00, 0xC0, 0x03, 0x00, 0x0C,
    0x00, 0x30, 0x00, 0xC0, 0x03, 0x00, 0x0C, 0x00, 0x30, 0x00, 0x40, 0x3F, 0xFE, 0x30, 0x00, 0x30,
    0x00, 0x30, 0x00, 0x30, 0x00, 0x3F, 0xFE, 0x01, 0xC0, 0x00, 0xC0, 0x00, 0xC0, 0x00, 0xC0, 0x00,
    0xC0, 0x00, 0xC0, 0x00, 0xC0, 0x00, 0xC0, 0x00, 0xC0, 0x00, 0xC0, 0x00, 0xC0, 0x00, 0xC0, 0x00,
    0xC0, 0x00, 0xC0, 0x00, 0xC0, 0x00, 0xC0, 0x00, 0xC0, 0x00, 0x80, 0xFF, 0xFC, 0x00, 0x70, 0x00,
    0xC0, 0x03, 0x00, 0x0F, 0xFF, 0xF0, 0x70, 0x00, 0xC0, 0x03, 0x00, 0x0C, 0x00, 0x30, 0x00, 0xC0,
    0x03, 0x00, 0x0C, 0x00, 0x30, 0x00, 0xC0, 0x03, 0x00, 0x0C, 0x00, 0x30, 0x00, 0xC0, 0x03, 0x00,
    0x0C, 0x00, 0x30, 0x00, 0x80, 0x07, 0xFD, 0x00, 0x00, 0x3F, 0xD0, 0x00, 0x00, 0x00, 0x0B, 0xFF,
    0xE0, 0x00, 0x2F, 0xF0, 0x00, 0x00, 0x00, 0x07, 0xFF, 0xFD, 0x00, 0x0F, 0xF0, 0x00, 0x00, 0x00,
    0x02, 0xFD, 0x7F, 0x80, 0x0F, 0xF4, 0x00, 0x00, 0x00, 0x00, 0xFF, 0x0F, 0xF0, 0x07, 0xF8, 0x00,
    0x00, 0x00, 0x00, 0x3F, 0xC3, 0xFC, 0x03, 0xFC, 0x00, 0x00, 0x00, 0x00, 0x0F, 0xF0, 0xFF, 0x02,
    0xFD, 0x00, 0x00, 0x00, 0x00, 0x02, 0xFD, 0x7F, 0x81, 0xFE, 0x00, 0x00, 0x00, 0x00, 0x00, 0x7F,
    0xFF, 0xC0, 0xFF, 0x00, 0x00, 0x00, 0x00, 0x00, 0x0B, 0xFF, 0xD0, 0xBF, 0x42, 0xFE, 0x00, 0x0B,
    0xF8, 0x00, 0x7F, 0xD0, 0x7F, 0x87, 0xFF, 0xF4, 0x1F, 0xFF, 0xD0, 0x00, 0x00, 0x3F, 0xC3, 0xFF,
    0xFF, 0x0F, 0xFF, 0xFC, 0x00, 0x00, 0x2F, 0xD2, 0xFE, 0x2F, 0xEB, 0xF8, 0xBF, 0x80, 0x00, 0x0F,
    0xE0, 0xFF, 0x03, 0xFF, 0xFC, 0x0F, 0xF0, 0x00, 0x0B, 0xF0, 0x3F, 0xC0, 0xFF, 0xFF, 0x03, 0xFC,
    0x00, 0x07, 0xF4, 0x0F, 0xF0, 0x3F, 0xFF, 0xC0, 0xFF, 0x00, 0x03, 0xF8, 0x03, 0xFC, 0x0F, 0xFF,
    0xF0, 0x3F, 0xC0, 0x02, 0xFC, 0x00, 0xBF, 0x8B, 0xFA, 0xFE, 0x2F, 0xE0, 0x01, 0xFD, 0x00, 0x0F,
    0xFF, 0xFC, 0x3F, 0xFF, 0xF0, 0x00, 0xFE, 0x00, 0x01, 0xFF, 0xFD, 0x03, 0xFF, 0xF4, 0x00, 0xBF,
    0x00, 0x00, 0x0B, 0xF8, 0x00, 0x2F, 0xE0, 0x00, 0x07, 0xFD, 0x00, 0x00, 0x7F, 0x00, 0x00, 0x00,
    0x00, 0x00, 0x00, 0x00, 0xBF, 0xFD, 0x00, 0x03, 0xF0, 0x00, 0x00, 0x00, 0x00, 0x00, 0x00, 0x03,
    0xFF, 0xFC, 0x00, 0x2F, 0x80, 0x00, 0x00, 0x00, 0x00, 0x00, 0x00, 0x2F, 0xEB, 0xF8, 0x00, 0xFC,
    0x00, 0x00, 0x00, 0x00, 0x00, 0x00, 0x00, 0xFF, 0x0F, 0xF0, 0x0B, 0xD0, 0x00, 0x00, 0x00, 0x00,
    0x00, 0x00, 0x03, 0xFC, 0x3F, 0xC0, 0x7F, 0x00, 0x00, 0x00, 0x00, 0x00, 0x00, 0x00, 0x0F, 0xF0,
    0xFF, 0x03, 0xF4, 0x00, 0x00, 0x00, 0x00, 0x00, 0x00, 0x00, 0x3F, 0xC3, 0xFC, 0x1F, 0xC0, 0x00,
    0x00, 0x00, 0x00, 0x00, 0x00, 0x00, 0xFF, 0x0F, 0xF0, 0xFC, 0x1B, 0xE0, 0x00, 0x6F, 0x80, 0x01,
    0xBE, 0x02, 0xFE, 0xBF, 0x8B, 0xE1, 0xFF, 0xF4, 0x07, 0xFF, 0xD0, 0x1F, 0xFF, 0x43, 0xFF, 0xFC,
    0x3F, 0x0F, 0xFF, 0xF0, 0x3F, 0xFF, 0xC0, 0xFF, 0xFF, 0x07, 0xFF, 0xE2, 0xF4, 0xBF, 0x5F, 0xE2,
    0xFD, 0x7F, 0x8B, 0xF5, 0xFE, 0x07, 0xFD, 0x1F, 0xC3, 0xFC, 0x3F, 0xCF, 0xF0, 0xFF, 0x3F, 0xC3,
    0xFC, 0x00, 0x00, 0xFD, 0x0F, 0xF0, 0xFF, 0x3F, 0xC3, 0xFC, 0xFF, 0x0F, 0xF0, 0x00, 0x07, 0xF0,
    0x3F, 0xC3, 0xFC, 0xFF, 0x0F, 0xF3, 0xFC, 0x3F, 0xC0, 0x00, 0x3F, 0x00, 0xFF, 0x0F, 0xF3, 0xFC,
    0x3F, 0xCF, 0xF0, 0xFF, 0x00, 0x02, 0xF8, 0x03, 0xFC, 0x3F, 0xCF, 0xF0, 0xFF, 0x3F, 0xC3, 0xFC,
    0x00, 0x0F, 0xC0, 0x0B, 0xFA, 0xFE, 0x2F, 0xEB, 0xF8, 0xBF, 0xAF, 0xE0, 0x00, 0xBD, 0x00, 0x0F,
    0xFF, 0xF0, 0x3F, 0xFF, 0xC0, 0xFF, 0xFF, 0x00, 0x07, 0xF0, 0x00, 0x1F, 0xFF, 0x80, 0x7F, 0xFE,
    0x01, 0xFF, 0xF8, 0x00, 0x3F, 0x40, 0x00, 0x1F, 0xF4, 0x00, 0x7F, 0xD0, 0x01, 0xFF, 0x40, 0x00,
    0xFE, 0x00, 0xBF, 0x00, 0x3F, 0x40, 0x2F, 0xC0, 0x0F, 0xC0, 0x0B, 0xD0, 0x03, 0xF0, 0x01, 0xA0,
    0x00, 0x3F, 0xE2, 0xFF, 0x0F, 0xF0, 0xBF, 0xC7, 0xFC, 0x2F, 0xD1, 0xFE, 0x0F, 0xF0, 0x7F, 0x43,
    0xFC, 0x2F, 0xC0, 0xFE, 0x0B, 0xE0, 0x3F, 0x42, 0xF4, 0x0F, 0xC0, 0x00, 0xFE, 0x0B, 0xF0, 0x7F,
    0x80, 0xBF, 0x07, 0xF4, 0x3F, 0xC0, 0x3F, 0x43, 0xF8, 0x1F, 0xC0, 0x3F, 0x81, 0xFC, 0x0F, 0xE0,
    0x1F, 0xC0, 0xFD, 0x07, 0xF0, 0x0F, 0xC0, 0x7E, 0x03, 0xF0, 0x07, 0xD0, 0x3F, 0x02, 0xF4, 0x00,
    0x3F, 0x80, 0x0B, 0xF0, 0x00, 0xFE, 0x00, 0x0F, 0xC0, 0x02, 0xF8, 0x00, 0x3F, 0x00, 0x03, 0xE0,
    0x00, 0x68, 0x3F, 0x82, 0xFC, 0x00, 0x7F, 0x43, 0xF8, 0x00, 0xBF, 0x07, 0xF4, 0x00, 0xFD, 0x0B,
    0xF0, 0x01, 0xFC, 0x0F, 0xD0, 0x02, 0xF4, 0x0F, 0xC0, 0x03, 0xF0, 0x1F, 0x40, 0x3F, 0x82, 0xFC,
    0x1F, 0xE0, 0x01, 0xFD, 0x0F, 0xE0, 0xBF, 0x00, 0x0B, 0xF0, 0x7F, 0x43, 0xF8, 0x00, 0x3F, 0x42,
    0xFC, 0x0F, 0xC0, 0x01, 0xFC, 0x0F, 0xD0, 0x7F, 0x00, 0x0B, 0xD0, 0x3F, 0x02, 0xF4, 0x00, 0x3F,
    0x01, 0xF4, 0x0F, 0xC0, 0x00, 0x24, 0x00, 0x00, 0x7C, 0x00, 0x00, 0xFD, 0x00, 0x01, 0xFF, 0x00,
    0x03, 0xDF, 0x80, 0x07, 0xC7, 0xC0, 0x0F, 0x83, 0xE0, 0x1F, 0x01, 0xF0, 0x3E, 0x00, 0xF8, 0x3C,
    0x00, 0x7C, 0x00, 0x00, 0x00, 0xF4, 0x02, 0xFD, 0x07, 0xFC, 0x0F, 0xF0, 0x3F, 0xE0, 0xBF, 0xC0,
    0xFF, 0x80, 0x7F, 0xC0, 0x2F, 0xE0, 0x0F, 0xF4, 0x03, 0xFC, 0x01, 0xFD, 0x00, 0xB0, 0x00, 0x00,
    0x00, 0x00, 0x1F, 0x00, 0x7F, 0x80, 0x3F, 0xD0, 0x0F, 0xF0, 0x07, 0xFC, 0x03, 0xFE, 0x02, 0xFF,
    0x03, 0xFC, 0x0F, 0xF4, 0x1F, 0xE0, 0x3F, 0xC0, 0x3F, 0x40, 0x0A, 0x00, 0x00, 0x00, 0x00, 0x00,
    0x2F, 0x40, 0x00, 0x01, 0xF0, 0x07, 0xFC, 0x00, 0xF4, 0x3F, 0xC0, 0x7F, 0xC0, 0x3F, 0xC1, 0xFF,
    0x02, 0xF4, 0x0F, 0xF4, 0x07, 0xFC, 0x00, 0x07, 0xFC, 0x00, 0x0F, 0xF0, 0x01, 0xFF, 0x00, 0x00,
    0x3F, 0xC0, 0xBF, 0xC0, 0x00, 0x00, 0xFF, 0x6F, 0xE0, 0x00, 0x7E, 0x03, 0xFF, 0xF8, 0x0B, 0xDF,
    0xF4, 0x0F, 0xFE, 0x01, 0xFF, 0xFF, 0x40, 0xFF, 0xD0, 0x1F, 0xF7, 0xE0, 0x3F, 0xFF, 0x40, 0xBD,
    0x00, 0x0F, 0xF6, 0xFD, 0x00, 0x00, 0x02, 0xFD, 0x0B, 0xF4, 0x00, 0x00, 0xBF, 0x40, 0x2F, 0xD0,
    0x00, 0x2F, 0xD0, 0x00, 0xBF, 0x40, 0x07, 0xF8, 0x00, 0x02, 0xFD, 0x01, 0xFE, 0x02, 0xF4, 0x0B,
    0xF4, 0x3F, 0x80, 0x7F, 0xC0, 0x2F, 0xC1, 0xF0, 0x07, 0xFC, 0x00, 0xB4, 0x04, 0x00, 0x2F, 0x40,
    0x00, 0x00, 0xBF, 0xC0, 0xBF, 0xEF, 0xF0, 0x2F, 0xFB, 0xFC, 0x0B, 0xFE, 0xFF, 0x02, 0xFF, 0xBF,
    0xC0, 0xBF, 0xEF, 0xF0, 0x2F, 0xFB, 0xFC, 0x0B, 0xFE, 0xFF, 0x02, 0xFF, 0xBF, 0xC0, 0xBF, 0xEF,
    0xF0, 0x2F, 0xFB, 0xFC, 0x0B, 0xFE, 0xFF, 0x02, 0xFF, 0xBF, 0xC0, 0xBF, 0xEF, 0xF0, 0x2F, 0xF0,
    0x00, 0x00, 0x00, 0x00, 0x00, 0x00, 0x3F, 0x00, 0x2F, 0x7F, 0xF0, 0x1F, 0xFF, 0xFC, 0x07, 0xFF,
    0xFF, 0x01, 0xFF, 0x3F, 0x00, 0x2F, 0x40, 0x01, 0xBF, 0xF8, 0x02, 0xFF, 0xFF, 0xF4, 0x3F, 0xFF,
    0xFF, 0xC2, 0xFF, 0xDB, 0xFE, 0x08, 0xFC, 0x0F, 0xF0, 0x0F, 0xC0, 0xFF, 0x00, 0xFC, 0x1F, 0xF0,
    0x0F, 0xC7, 0xFD, 0x00, 0xFE, 0xFF, 0x40, 0x0F, 0xFF, 0xD0, 0x00, 0xFF, 0xE0, 0x00, 0x0F, 0xF4,
    0x00, 0x00, 0xFE, 0x00, 0x00, 0x0F, 0xE0, 0x00, 0x00, 0x00, 0x00, 0x00, 0x00, 0x00, 0x00, 0x00,
    0x7E, 0x00, 0x00, 0x0F, 0xF4, 0x00, 0x00, 0xFF, 0x40, 0x00, 0x0F, 0xF4, 0x00, 0x00, 0x7E, 0x00,
    0x00, 0x55, 0x55, 0x55, 0x57, 0xFF, 0xFF, 0xFF, 0xFF, 0xFF, 0xFF, 0xFF, 0xFF, 0xFF, 0xFF, 0xFF,
    0x00, 0x00, 0x00, 0x00, 0x03, 0x00, 0x00, 0x00, 0x1C, 0x3C, 0x00, 0x00, 0x03, 0x80, 0xF0, 0x00,
    0x01, 0xF0, 0x07, 0xE0, 0x01, 0xBC, 0x00, 0x0F, 0xFF, 0xFF, 0x00, 0x00, 0x1B, 0xFE, 0x40, 0x00,
    0x00, 0x0B, 0xFA, 0x00, 0x00, 0x0F, 0xFF, 0xFE, 0x00, 0x03, 0xE4, 0x01, 0xFC, 0x00, 0xF0, 0x00,
    0x01, 0xF0, 0x3C, 0x00, 0x00, 0x07, 0x83, 0x40, 0x00, 0x00, 0x2C, 0x00, 0x00, 0x00, 0x00, 0x00,
    0x00, 0x00, 0x2E, 0x00, 0x00, 0x3C, 0x00, 0x00, 0xB8, 0x00, 0x00, 0xF0, 0x00, 0x02, 0xE0, 0x00,
    0x03, 0xC0, 0x00, 0x0B, 0x80, 0x00, 0x0F, 0x00, 0x00, 0x2E, 0x00, 0x00, 0x3C, 0x00, 0x00, 0xBD,
    0x00, 0x00, 0xFF, 0x00, 0x02, 0xEF, 0x40, 0x03, 0xC7, 0xC0, 0x0B, 0x83, 0xD0, 0x0F, 0x01, 0xF0,
    0x2E, 0x00, 0xF4, 0x3C, 0x00, 0x7C, 0x00, 0x00, 0x00, 0x0B, 0xF0, 0x00, 0x00, 0x00, 0x00, 0x00,
    0x00, 0x02, 0xFC, 0x00, 0x00, 0x00, 0x00, 0x00, 0x00, 0x00, 0x7F, 0x00, 0x00, 0x00, 0x00, 0x00,
    0x00, 0x00, 0x1F, 0x80, 0x00, 0x00, 0x00, 0x00, 0x00, 0x1F, 0x93, 0xE1, 0xBC, 0x00, 0x00, 0x00,
    0x00, 0x0B, 0xFF, 0xFF, 0xFF, 0x00, 0x00, 0x00, 0x00, 0x02, 0xFF, 0xFF, 0xFF, 0xC0, 0x00, 0x00,
    0x00, 0x00, 0x05, 0xBF, 0xF5, 0x40, 0x00, 0x00, 0x00, 0x00, 0x00, 0x3F, 0xFC, 0x00, 0x00, 0x00,
    0x00, 0x00, 0x00, 0x2F, 0xEF, 0xC0, 0x00, 0x00, 0x00, 0x00, 0x00, 0x1F, 0xD3, 0xFC, 0x00, 0x00,
    0x00, 0x00, 0x00, 0x0F, 0xF0, 0xBF, 0x40, 0x00, 0x00, 0x00, 0x1A, 0x40, 0x78, 0x0E, 0x01, 0xA8,
    0x00, 0x00, 0x0B, 0xF0, 0x00, 0x00, 0x00, 0xBF, 0x00, 0x00, 0x02, 0xFC, 0x00, 0x00, 0x00, 0x1F,
    0xC0, 0x00, 0x00, 0x7E, 0x00, 0x00, 0x00, 0x07, 0xE0, 0x00, 0x64, 0x1F, 0x80, 0x60, 0x06, 0x40,
    0xF8, 0x06, 0x2F, 0xEB, 0xEB, 0xFC, 0x02, 0xFE, 0xBE, 0xBF, 0xCB, 0xFF, 0xFF, 0xFF, 0x00, 0xBF,
    0xFF, 0xFF, 0xF2, 0xFF, 0xFF, 0xFF, 0xC0, 0x2F, 0xFF, 0xFF, 0xFC, 0x00, 0x7F, 0xE0, 0x00, 0x00,
    0x07, 0xFF, 0x00, 0x00, 0x3F, 0xFD, 0x00, 0x00, 0x03, 0xFF, 0xD0, 0x00, 0x3F, 0x9F, 0xC0, 0x00,
    0x03, 0xF9, 0xFD, 0x00, 0x2F, 0xC3, 0xFC, 0x00, 0x02, 0xFD, 0x3F, 0xC0, 0x0B, 0xF0, 0x7F, 0x00,
    0x00, 0xBF, 0x07, 0xF0, 0x00, 0x24, 0x0D, 0x00, 0x00, 0x02, 0x40, 0x90, 0x00, 0x55, 0x55, 0xFF,
    0xFF, 0xFF, 0xFF, 0xFF, 0xFF, 0x00, 0x00, 0x00, 0x0F, 0xF4, 0x00, 0x00, 0x00, 0x7F, 0xC0, 0x00,
    0x00, 0x03, 0xFC, 0x00, 0x00, 0x00, 0x2F, 0xD0, 0x00, 0x00, 0x01, 0xFF, 0x00, 0x00, 0x00, 0x0F,
    0xF0, 0x00, 0x00, 0x00, 0xBF, 0x80, 0x00, 0x00, 0x07, 0xFC, 0x00, 0x00, 0x00, 0x3F, 0xC0, 0x00,
    0x00, 0x02, 0xFE, 0x00, 0x00, 0x00, 0x1F, 0xF0, 0x00, 0x00, 0x00, 0xFF, 0x40, 0x00, 0x00, 0x0B,
    0xF8, 0x00, 0x00, 0x00, 0x3F, 0xC0, 0x00, 0x00, 0x03, 0xFD, 0x00, 0x00, 0x00, 0x2F, 0xE0, 0x00,
    0x00, 0x00, 0xFF, 0x00, 0x00, 0x00, 0x0F, 0xF4, 0x00, 0x00, 0x00, 0x7F, 0x80, 0x00, 0x00, 0x03,
    0xFC, 0x00, 0x00, 0x00, 0x3F, 0xD0, 0x00, 0x00, 0x00, 0xFF, 0xFF, 0xFF, 0xFF, 0xFF, 0xFF, 0xD5,
    0xFF, 0x03, 0xFC, 0x0F, 0xF0, 0x3F, 0xC0, 0xFF, 0x03, 0xFC, 0x0F, 0xF0, 0x3F, 0xFF, 0xFF, 0xFF,
    0xFF, 0xFF, 0xF5, 0x7F, 0xC0, 0xFF, 0x03, 0xFC, 0x0F, 0xF0, 0x3F, 0xC0, 0xFF, 0x03, 0xFC, 0x0F,
    0xFF, 0xFF, 0xFF, 0xFF, 0xFD, 0x55, 0x50, 0xFF, 0xFF, 0xFF, 0xFF, 0xFF, 0xD5, 0xFF, 0x03, 0xFC,
    0x0F, 0xF0, 0x3F, 0xC0, 0xFF, 0x03, 0xFC, 0x0F, 0xF0, 0x3F, 0xFF, 0xFF, 0xFF, 0xFF, 0xFF, 0xF5,
    0x7F, 0xC0, 0xFF, 0x03, 0xFC, 0x0F, 0xF0, 0x3F, 0xC0, 0xFF, 0x03, 0xFC, 0x0F, 0xFF, 0xFF, 0xFF,
    0xFF, 0xFF, 0xFD, 0x55, 0x50, 0x01, 0xBF, 0xF8, 0x00, 0x2B, 0xFE, 0x40, 0x3F, 0xFF, 0xFF, 0x43,
    0xFF, 0xFF, 0xF0, 0x3F, 0xFF, 0xFF, 0xD3, 0xFF, 0xFF, 0xFC, 0x1F, 0x95, 0xBF, 0xF1, 0xF9, 0x5F,
    0xFD, 0x04, 0x00, 0x2F, 0xF0, 0x40, 0x03, 0xFD, 0x00, 0x00, 0x2F, 0xF0, 0x00, 0x03, 0xFD, 0x00,
    0x00, 0x3F, 0xF0, 0x00, 0x07, 0xFD, 0x00, 0x00, 0xBF, 0xD0, 0x00, 0x0F, 0xFC, 0x00, 0x03, 0xFF,
    0x80, 0x00, 0x3F, 0xF0, 0x00, 0x0F, 0xFD, 0x00, 0x00, 0xFF, 0xC0, 0x00, 0x2F, 0xF0, 0x00, 0x02,
    0xFE, 0x00, 0x00, 0x3F, 0x80, 0x00, 0x03, 0xF8, 0x00, 0x00, 0x3F, 0x00, 0x00, 0x03, 0xF0, 0x00,
    0x00, 0x3F, 0x00, 0x00, 0x03, 0xF0, 0x00, 0x00, 0x00, 0x00, 0x00, 0x00, 0x00, 0x00, 0x00, 0x00,
    0x00, 0x00, 0x00, 0x00, 0x00, 0x00, 0x7E, 0x00, 0x00, 0x07, 0xE0, 0x00, 0x00, 0xFF, 0x40, 0x00,
    0x0F, 0xF4, 0x00, 0x00, 0xFF, 0x40, 0x00, 0x0F, 0xF4, 0x00, 0x00, 0xFF, 0x40, 0x00, 0x0F, 0xF4,
    0x00, 0x00, 0x7E, 0x00, 0x00, 0x07, 0xE0, 0x00, 0x02, 0xBF, 0xF8, 0x00, 0xFF, 0x8F, 0xFF, 0xFF,
    0xD0, 0x3F, 0xE3, 0xFF, 0xFF, 0xFD, 0x0F, 0xF8, 0x7E, 0x56, 0xFF, 0xC3, 0xFE, 0x08, 0x00, 0x2F,
    0xF0, 0xFF, 0x80, 0x00, 0x0B, 0xFC, 0x3F, 0xE0, 0x00, 0x03, 0xFF, 0x0F, 0xF8, 0x00, 0x02, 0xFF,
    0x43, 0xFE, 0x00, 0x02, 0xFF, 0x80, 0xFF, 0x80, 0x03, 0xFF, 0x80, 0x3F, 0xE0, 0x02, 0xFF, 0x40,
    0x0F, 0xF8, 0x00, 0xFF, 0x00, 0x03, 0xFE, 0x00, 0x3F, 0x00, 0x00, 0xFF, 0x80, 0x0F, 0xC0, 0x00,
    0x3F, 0xE0, 0x00, 0x00, 0x00, 0x00, 0x00, 0x00, 0x00, 0x00, 0x00, 0x00, 0x00, 0x7E, 0x00, 0x00,
    0x7E, 0x00, 0x3F, 0xD0, 0x00, 0x3F, 0xD0, 0x0F, 0xF4, 0x00, 0x0F, 0xF4, 0x03, 0xFD, 0x00, 0x03,
    0xFD, 0x00, 0x7E, 0x00, 0x00, 0x7E, 0x00, 0xBF, 0xC0, 0x1B, 0xFF, 0x80, 0xBF, 0xC2, 0xFF, 0xFF,
    0xF4, 0xBF, 0xC2, 0xFF, 0xFF, 0xFD, 0xBF, 0xC0, 0xFE, 0x5B, 0xFF, 0xBF, 0xC0, 0x40, 0x02, 0xFF,
    0xBF, 0xC0, 0x00, 0x02, 0xFF, 0xBF, 0xC0, 0x00, 0x03, 0xFF, 0xBF, 0xC0, 0x00, 0x0B, 0xFD, 0xBF,
    0xC0, 0x00, 0x2F, 0xF8, 0xBF, 0xC0, 0x00, 0xFF, 0xE0, 0xBF, 0xC0, 0x02, 0xFF, 0x40, 0xBF, 0xC0,
    0x03, 0xFC, 0x00, 0xBF, 0xC0, 0x03, 0xF0, 0x00, 0xBF, 0xC0, 0x03, 0xF0, 0x00, 0x00, 0x00, 0x00,
    0x00, 0x00, 0x00, 0x00, 0x00, 0x00, 0x00, 0x3F, 0x00, 0x02, 0xF4, 0x00, 0xFF, 0xC0, 0x07, 0xFC,
    0x00, 0xFF, 0xC0, 0x07, 0xFC, 0x00, 0xFF, 0xC0, 0x07, 0xFC, 0x00, 0x3F, 0x00, 0x02, 0xF0, 0x00,
    0xFF, 0xFF, 0xFF, 0xFF, 0xFF, 0xFF, 0xFF, 0xFF, 0xFF, 0xFF, 0xF5, 0x55, 0x56, 0xFD, 0x00, 0x00,
    0x3F, 0xC0, 0x00, 0x0B, 0xF0, 0x00, 0x00, 0xFE, 0x00, 0x00, 0x3F, 0xC0, 0x00, 0x07, 0xF4, 0x00,
    0x00, 0xFF, 0x00, 0x00, 0x2F, 0xD0, 0x00, 0x03, 0xFC, 0x00, 0x00, 0xFF, 0x00, 0x00, 0x1F, 0xE0,
    0x00, 0x03, 0xFC, 0x00, 0x00, 0xBF, 0x40, 0x00, 0xFF, 0xFF, 0xFE, 0x03, 0xFF, 0xFF, 0xFF, 0x0F,
    0xFF, 0xFF, 0xFF, 0x3C, 0x0F, 0xFF, 0xFD, 0xF0, 0x3F, 0xFF, 0xFB, 0xC0, 0xFF, 0xFF, 0xFF, 0x03,
    0xFF, 0xFF, 0xFC, 0x0F, 0xFF, 0xFF, 0xF0, 0x3F, 0xFF, 0xFF, 0xC0, 0xFF, 0xFF, 0xFF, 0x03, 0xFF,
    0xFF, 0xBC, 0x0F, 0xFF, 0xFD, 0xF0, 0x3F, 0xFF, 0xE3, 0xC0, 0xFF, 0xFE, 0x0F, 0x03, 0xDA, 0x40,
    0x3C, 0x0F, 0x00, 0x00, 0xF0, 0x3C, 0x00, 0x03, 0xC0, 0xF0, 0x00, 0x0F, 0x03, 0xC0, 0x00, 0x3C,
    0x0F, 0x00, 0x00, 0xF0, 0x3C, 0x00, 0x03, 0xC0, 0xF0, 0x00, 0x0F, 0x03, 0xC0, 0x00, 0x3C, 0x0F,
    0x00, 0x00, 0xF0, 0x3C, 0x00, 0x03, 0xC0, 0xF0, 0x00, 0x00, 0x01, 0xFF, 0xFF, 0xFC, 0x3F, 0xFF,
    0xFF, 0xF3, 0xFF, 0xFF, 0xFF, 0xDF, 0xFF, 0xFD, 0x5F, 0xBF, 0xFF, 0xF0, 0x3F, 0xFF, 0xFF, 0xC0,
    0xFF, 0xFF, 0xFF, 0x03, 0xFF, 0xFF, 0xFC, 0x0F, 0xFF, 0xFF, 0xF0, 0x3F, 0xFF, 0xFF, 0xC0, 0xFB,
    0xFF, 0xFF, 0x03, 0xDF, 0xFF, 0xFC, 0x0F, 0x3F, 0xFF, 0xFF, 0xFC, 0x7F, 0xFF, 0xFF, 0xF0, 0x7F,
    0xFF, 0xFF, 0xC0, 0x05, 0x55, 0x55, 0xFF, 0xFF, 0xFD, 0x03, 0xFF, 0xFF, 0xFF, 0x0F, 0xFF, 0xFF,
    0xFF, 0x3D, 0x5F, 0xFF, 0xFD, 0xF0, 0x3F, 0xFF, 0xFB, 0xC0, 0xFF, 0xFF, 0xFF, 0x03, 0xFF, 0xFF,
    0xFC, 0x0F, 0xFF, 0xFF, 0xF0, 0x3F, 0xFF, 0xFF, 0xC0, 0xFF, 0xFF, 0xFF, 0x03, 0xFF, 0xFF, 0xBC,
    0x0F, 0xFF, 0xFD, 0xFF, 0xFF, 0xFF, 0xF3, 0xFF, 0xFF, 0xFF, 0x4F, 0xFF, 0xFF, 0xF4, 0x15, 0x55,
    0x54, 0x00, 0x00, 0x0F, 0xE0, 0x00, 0x00, 0x3F, 0x80, 0x00, 0x00, 0xBD, 0x00, 0x00, 0x02, 0xF4,
    0x00, 0x2E, 0x47, 0xD1, 0xB8, 0xFF, 0xFF, 0xFF, 0xE3, 0xFF, 0xFF, 0xFF, 0xC5, 0x6F, 0xFE, 0x95,
    0x00, 0x3F, 0xFC, 0x00, 0x02, 0xFB, 0xF8, 0x00, 0x2F, 0xC7, 0xF4, 0x00, 0xFF, 0x0F, 0xF0, 0x01,
    0xF4, 0x1E, 0x00, 0x00, 0x40, 0x00, 0x00, 0x7E, 0x0F, 0xF4, 0xFF, 0x4F, 0xF4, 0x7E, 0x00, 0x00,
    0x00, 0x00, 0x00, 0x00, 0x00, 0x00, 0x00, 0x00, 0x00, 0x00, 0x0F, 0xF0, 0xBF, 0x07, 0xF4, 0x3F,
    0x82, 0xF8, 0x0F, 0xC0, 0xFC, 0x00, 0x0B, 0xFA, 0x00, 0x00, 0x0F, 0xFF, 0xFE, 0x00, 0x03, 0xE4,
    0x01, 0xFC, 0x00, 0xF0, 0x00, 0x01, 0xF0, 0x3C, 0x00, 0x00, 0x07, 0x83, 0x40, 0x00, 0x00, 0x2C,
    0x00, 0x00, 0x00, 0x00, 0x00, 0x00, 0x00, 0x00, 0x00, 0x00, 0x00, 0x00, 0x00, 0x00, 0x00, 0x00,
    0x00, 0x00, 0x00, 0x00, 0x00, 0x00, 0x00, 0x00, 0x00, 0x00, 0x00, 0x00, 0x00, 0x00, 0x00, 0x00,
    0x00, 0x00, 0x00, 0x00, 0x00, 0x00, 0x00, 0x00, 0x00, 0x00, 0x00, 0x00, 0x00, 0x00, 0x00, 0x00,
    0x00, 0x00, 0x00, 0x00, 0x00, 0x00, 0x00, 0x00, 0x00, 0x00, 0x00, 0x00, 0x00, 0x00, 0x00, 0x00,
    0x00, 0x00, 0x00, 0x00, 0x00, 0x00, 0x00, 0x00, 0x00, 0x00, 0x00, 0x00, 0x00, 0x00, 0x00, 0x00,
    0x00, 0x34, 0x00, 0x00, 0x02, 0xC3, 0xC0, 0x00, 0x00, 0x38, 0x0F, 0x00, 0x00, 0x1F, 0x00, 0x7E,
    0x00, 0x1B, 0xC0, 0x00, 0xFF, 0xFF, 0xF0, 0x00, 0x01, 0xBF, 0xE4, 0x00, 0x00, 0x0F, 0xE0, 0x00,
    0x00, 0x3F, 0x80, 0x00, 0x00, 0xBD, 0x00, 0x00, 0x02, 0xF4, 0x00, 0x2E, 0x47, 0xD1, 0xF8, 0xFF,
    0xFF, 0xFF, 0xE3, 0xFF, 0xFF, 0xFF, 0xC5, 0x6F, 0xFE, 0x95, 0x00, 0x3F, 0xFC, 0x00, 0x03, 0xFB,
    0xF8, 0x00, 0x2F, 0xC7, 0xF4, 0x00, 0xFF, 0x0F, 0xF0, 0x01, 0xF4, 0x1E, 0x00, 0x00, 0x00, 0x00,
    0x00, 0x00, 0x69, 0x00, 0x00, 0x03, 0xF8, 0x00, 0x00, 0x0F, 0xE0, 0x00, 0x00, 0x2F, 0x40, 0x01,
    0x40, 0xBD, 0x02, 0x4F, 0xFA, 0xFA, 0xFE, 0x3F, 0xFF, 0xFF, 0xFC, 0xFF, 0xFF, 0xFF, 0xF0, 0x02,
    0xFF, 0x80, 0x00, 0x1F, 0xFF, 0x00, 0x00, 0xFD, 0xBF, 0x00, 0x0F, 0xF0, 0xFE, 0x00, 0x3F, 0x82,
    0xF8, 0x00, 0x1C, 0x02, 0x00, 0x1F, 0x80, 0x1F, 0xCF, 0xF4, 0x0F, 0xD3, 0xFD, 0x03, 0xF0, 0xFF,
    0x42, 0xF8, 0x1F, 0x80, 0xFC, 0x00, 0x00, 0x7E, 0x00, 0x00, 0x3F, 0x40, 0x00, 0x1F, 0xC0, 0x00,
    0x0F, 0xD0, 0x00, 0x03, 0xF0, 0x00, 0x02, 0xF8, 0x00, 0x00, 0xFC, 0x00, 0x00, 0x7E, 0x00, 0x00,
    0x3F, 0x40, 0x00, 0x1F, 0xC0, 0x00, 0x0B, 0xD0, 0x00, 0x03, 0xF0, 0x2F, 0x42, 0xF8, 0x1F, 0xF0,
    0xFC, 0x07, 0xFC, 0x7F, 0x01, 0xFF, 0x3F, 0x40, 0x2F, 0x40, 0x01, 0xBF, 0xFA, 0x50, 0x00, 0x00,
    0x3C, 0x0F, 0xFF, 0xFF, 0xFF, 0xE9, 0x56, 0xFC, 0x3F, 0xFF, 0xFF, 0xFF, 0xFF, 0xFF, 0xF4, 0x7F,
    0x55, 0x6B, 0xFF, 0xFF, 0xFF, 0xD0, 0xB8, 0x00, 0x00, 0x06, 0xBF, 0xFE, 0x00, 0x00, 0x1B, 0xFA,
    0x00, 0x00, 0x0F, 0xFF, 0xFE, 0x00, 0x03, 0xE4, 0x01, 0xFC, 0x00, 0xF0, 0x00, 0x01, 0xF0, 0x3C,
    0x00, 0x00, 0x07, 0x83, 0x40, 0x00, 0x00, 0x2C, 0x00, 0x00, 0x00, 0x00, 0x00, 0x00, 0x0F, 0x00,
    0x00, 0x14, 0x3C, 0x08, 0x01, 0xF4, 0xF0, 0xFC, 0x03, 0xF7, 0xDF, 0xF0, 0x03, 0xFF, 0xFE, 0x00,
    0x07, 0xFF, 0xE0, 0x0F, 0xFF, 0xFF, 0xFF, 0xFF, 0xFF, 0xFF, 0xFF, 0x01, 0xFF, 0xF8, 0x00, 0x1F,
    0xFF, 0xFC, 0x01, 0xFD, 0xF7, 0xFC, 0x07, 0xD3, 0xC3, 0xF0, 0x05, 0x0F, 0x02, 0x00, 0x00, 0x3C,
    0x00, 0x00, 0x00, 0x00, 0x1F, 0x80, 0x00, 0x03, 0xFD, 0x00, 0x00, 0x3F, 0xD0, 0x00, 0x03, 0xFD,
    0x00, 0x00, 0x1F, 0x80, 0x00, 0x00, 0x00, 0x00, 0x00, 0x00, 0x00, 0x00, 0x00, 0x00, 0x7E, 0x00,
    0x00, 0x0F, 0xF4, 0x00, 0x00, 0xFF, 0x40, 0x00, 0x0F, 0xF4, 0x00, 0x00, 0x7E, 0x00, 0x00, 0x00,
    0x00, 0x00, 0x00, 0x00, 0x00, 0x00, 0x00, 0x00, 0x00, 0x00, 0x00, 0x00, 0x00, 0x00, 0x00, 0x01,
    0xF8, 0x00, 0x00, 0x3F, 0xD0, 0x00, 0x03, 0xFD, 0x00, 0x00, 0x1F, 0x80, 0x00, 0xFE, 0x0F, 0xF0,
    0xFF, 0x0B, 0xF0, 0x0B, 0xF0, 0xBF, 0x07, 0xF4, 0x7F, 0x40, 0x3F, 0x43, 0xF4, 0x3F, 0x83, 0xF8,
    0x03, 0xF8, 0x2F, 0xC1, 0xFC, 0x1F, 0xC0, 0x1F, 0xC0, 0xFC, 0x0F, 0xC0, 0xFD, 0x00, 0xFC, 0x0B,
    0xD0, 0xBE, 0x07, 0xE0, 0x07, 0xD0, 0x3E, 0x03, 0xF0, 0x3F, 0x00, 0x00, 0x00, 0x00, 0x1F, 0x80,
    0x00, 0x00, 0x00, 0x00, 0xFF, 0x40, 0x00, 0x00, 0x00, 0x03, 0xFD, 0x00, 0x00, 0x00, 0x00, 0x0F,
    0xF4, 0x00, 0x00, 0x00, 0x00, 0x1F, 0x80, 0x00, 0x00, 0x00, 0x00, 0x00, 0x00, 0x00, 0x00, 0x00,
    0x00, 0x00, 0x00, 0x00, 0x00, 0x00, 0x00, 0x00, 0x00, 0x00, 0x7E, 0x00, 0x00, 0x00, 0x07, 0xE3,
    0xFD, 0x00, 0x00, 0x00, 0x3F, 0xDF, 0xF4, 0x00, 0x00, 0x00, 0xFF, 0x7F, 0xD0, 0x00, 0x00, 0x03,
    0xFD, 0x7E, 0x00, 0x00, 0x00, 0x07, 0xE0, 0x00, 0x00, 0x00, 0x00, 0x00, 0x00, 0x00, 0x00, 0x00,
    0x00, 0x00, 0x00, 0x00, 0x00, 0x00, 0x00, 0x00, 0x00, 0x00, 0x00, 0x00, 0x00, 0x00, 0x00, 0x00,
    0x7E, 0x00, 0x00, 0x00, 0x00, 0x03, 0xFD, 0x00, 0x00, 0x00, 0x00, 0x0F, 0xF4, 0x00, 0x00, 0x00,
    0x00, 0x1F, 0x80, 0x00, 0x00, 0x7E, 0x00, 0x00, 0x00, 0x07, 0xE3, 0xFD, 0x00, 0x00, 0x00, 0x3F,
    0xDF, 0xF4, 0x00, 0x00, 0x00, 0xFF, 0x7F, 0xD0, 0x00, 0x00, 0x03, 0xFD, 0x7E, 0x00, 0x00, 0x00,
    0x07, 0xE0, 0x00, 0x00, 0x00, 0x00, 0x00, 0x00, 0x00, 0x00, 0x00, 0x00, 0x00, 0x00, 0x00, 0x00,
    0x00, 0x00, 0x00, 0x00, 0x00, 0x1F, 0x80, 0x00, 0x00, 0x00, 0x00, 0xFF, 0x40, 0x00, 0x00, 0x00,
    0x03, 0xFD, 0x00, 0x00, 0x00, 0x00, 0x07, 0xE0, 0x00, 0x00, 0x00, 0x00, 0x00, 0x00, 0x00, 0x00,
    0x00, 0x00, 0x00, 0x00, 0x00, 0x00, 0x00, 0x00, 0x00, 0x00, 0x00, 0x00, 0x00, 0x00, 0x00, 0x00,
    0x00, 0x00, 0x00, 0x00, 0x00, 0x00, 0x01, 0xF8, 0x00, 0x00, 0x00, 0x1F, 0x8F, 0xF4, 0x00, 0x00,
    0x00, 0xFF, 0x7F, 0xD0, 0x00, 0x00, 0x03, 0xFD, 0x7E, 0x00, 0x00, 0x00, 0x07, 0xE0, 0x7E, 0x3F,
    0xDF, 0xF7, 0xFD, 0x7E, 0x00, 0x00, 0x00, 0x00, 0x00, 0x00, 0x00, 0x00, 0x00, 0x00, 0x00, 0x00,
    0x00, 0x00, 0x7E, 0x3F, 0xDF, 0xF7, 0xFD, 0x7E, 0x00, 0x00, 0x07, 0xE0, 0x00, 0x00, 0x03, 0xFD,
    0x00, 0x00, 0x00, 0xFF, 0x40, 0x00, 0x00, 0x3F, 0xD0, 0x00, 0x00, 0x07, 0xE0, 0x00, 0x00, 0x00,
    0x00, 0x00, 0x00, 0x00, 0x00, 0x00, 0x00, 0x00, 0x00, 0x00, 0x00, 0x00, 0x00, 0x00, 0x00, 0x1F,
    0x80, 0x00, 0x1F, 0x8F, 0xF4, 0x00, 0x0F, 0xF7, 0xFD, 0x00, 0x03, 0xFD, 0xFF, 0x40, 0x00, 0xFF,
    0x5F, 0x80, 0x00, 0x1F, 0x80, 0x00, 0x00, 0x00, 0x00, 0x00, 0x00, 0x00, 0x00, 0x00, 0x00, 0x00,
    0x00, 0x00, 0x00, 0x00, 0x00, 0x00, 0x00, 0x7E, 0x00, 0x00, 0x00, 0x3F, 0xD0, 0x00, 0x00, 0x0F,
    0xF4, 0x00, 0x00, 0x03, 0xFD, 0x00, 0x00, 0x00, 0x7E, 0x00, 0x00, 0x00, 0x00, 0x0F, 0xC0, 0x00,
    0x00, 0x1F, 0x80, 0x3F, 0x01, 0xF8, 0x00, 0xFF, 0x40, 0xFC, 0x0F, 0xF4, 0x03, 0xFD, 0x03, 0xF0,
    0x3F, 0xD0, 0x0F, 0xF4, 0x0F, 0xC0, 0xFF, 0x40, 0x1F, 0x80, 0x3F, 0x01, 0xF8, 0x00, 0x00, 0x00,
    0xFC, 0x00, 0x00, 0x00, 0x00, 0x03, 0xF0, 0x00, 0x00, 0x00, 0x00, 0x0F, 0xC0, 0x00, 0x03, 0xFF,
    0xFF, 0xFF, 0xFF, 0xFF, 0xFF, 0xFF, 0xFF, 0xFF, 0xFF, 0xFF, 0xFF, 0xFF, 0xFF, 0xFF, 0xFF, 0xFF,
    0x55, 0x55, 0x5F, 0xD5, 0x55, 0x54, 0x00, 0x00, 0x3F, 0x00, 0x00, 0x00, 0x00, 0x00, 0xFC, 0x00,
    0x00, 0x01, 0xF8, 0x03, 0xF0, 0x1F, 0x80, 0x0F, 0xF4, 0x0F, 0xC0, 0xFF, 0x40, 0x3F, 0xD0, 0x3F,
    0x03, 0xFD, 0x00, 0xFF, 0x40, 0xFC, 0x0F, 0xF4, 0x01, 0xF8, 0x03, 0xF0, 0x1F, 0x80, 0x00, 0x00,
    0x0F, 0xC0, 0x00, 0x00, 0x00, 0x00, 0x3F, 0x00, 0x00, 0x00, 0x7E, 0x3F, 0xDF, 0xF7, 0xFD, 0x7E,
    0x00, 0x00, 0x00, 0x00, 0x7E, 0x3F, 0xDF, 0xF7, 0xFD, 0x7E, 0x00, 0x00, 0x00, 0x00, 0x00, 0x1F,
    0x8F, 0xF7, 0xFD, 0xFF, 0x4F, 0x80, 0x7E, 0x3F, 0xDF, 0xF7, 0xFD, 0x7E, 0x1F, 0x8F, 0xF7, 0xFD,
    0xFF, 0x5F, 0x80, 0x01, 0xF8, 0xFF, 0x7F, 0xD7, 0xE0, 0x00, 0x00, 0x1F, 0x8F, 0xF7, 0xFD, 0x7E,
    0x00, 0xFF, 0xFC, 0x1C, 0x00, 0x30, 0x00, 0xC0, 0x03, 0x03, 0xFF, 0xF0, 0x70, 0x00, 0xC0, 0x03,
    0x00, 0x0C, 0x00, 0x30, 0x00, 0xC0, 0x03, 0x00, 0x0C, 0x00, 0x30, 0x00, 0xC0, 0x03, 0x00, 0x0C,
    0x00, 0x30, 0x00, 0xC0, 0x03, 0x00, 0x0C, 0x00, 0x30, 0x00, 0x80, 0x3F, 0xFF, 0x30, 0x07, 0x30,
    0x03, 0x30, 0x03, 0x30, 0x03, 0x3F, 0xFF, 0x01, 0xC0, 0x00, 0xC0, 0x00, 0xC0, 0x00, 0xC0, 0x00,
    0xC0, 0x00, 0xC0, 0x00, 0xC0, 0x00, 0xC0, 0x00, 0xC0, 0x00, 0xC0, 0x00, 0xC0, 0x00, 0xC0, 0x00,
    0xC0, 0x00, 0xC0, 0x00, 0xC0, 0x00, 0xC0, 0x00, 0xC0, 0x00, 0x80, 0xBF, 0xF8, 0xFF, 0xC2, 0xFD,
    0x03, 0xF0, 0x0B, 0x40, 0x0C, 0x00, 0x30, 0x00, 0xC0, 0x03, 0x00, 0x0C, 0x00, 0x30, 0x00, 0xC0,
    0x03, 0x00, 0x0C, 0x00, 0x30, 0x00, 0xC0, 0x03, 0x00, 0x0C, 0x00, 0x30, 0x00, 0xC0, 0x03, 0x00,
    0x0C, 0x00, 0x30, 0x00, 0xC0, 0x01, 0x00, 0x0C, 0x00, 0xF8, 0x07, 0xF0, 0x3F, 0xE1, 0xFF, 0xC6,
    0xBA, 0x40, 0xC0, 0x03, 0x00, 0x0C, 0x00, 0x30, 0x00, 0xC0, 0x03, 0x00, 0x0C, 0x00, 0x30, 0x00,
    0xC0, 0x03, 0x00, 0x0C, 0x00, 0x30, 0x00, 0xC0, 0x03, 0x00, 0x0C, 0x00, 0x30, 0x00, 0xC0, 0x01,
    0x00, 0x3E, 0x03, 0x8E, 0x2C, 0x0D, 0x2D, 0xE0, 0x2D, 0x00, 0x30, 0x00, 0xC0, 0x03, 0x00, 0x0C,
    0x00, 0x30, 0x00, 0xC0, 0x03, 0x00, 0x0C, 0x00, 0x30, 0x00, 0xC0, 0x03, 0x00, 0x0C, 0x00, 0x30,
    0x00, 0xC0, 0x03, 0x00, 0x0C, 0x00, 0x30, 0x00, 0xC0, 0xFF, 0x00, 0x1C, 0x00, 0x30, 0x00, 0xC0,
    0x03, 0x03, 0xFF, 0xF0, 0x70, 0x00, 0xC0, 0x03, 0x00, 0x0C, 0x00, 0x30, 0x00, 0xC0, 0x03, 0x00,
    0x0C, 0x00, 0x30, 0x00, 0xC0, 0x03, 0x00, 0x0C, 0x00, 0x30, 0x00, 0xC0, 0x03, 0x00, 0x0C, 0x00,
    0x30, 0x00, 0x80, 0x07, 0xFD, 0x02, 0xFF, 0xF8, 0x7F, 0xFF, 0xDB, 0xF0, 0xFF, 0xFD, 0x07, 0xFF,
    0xC0, 0x3F, 0xFD, 0x07, 0xFB, 0xFA, 0xFE, 0x3F, 0xFF, 0xC0, 0xFF, 0xF0, 0x01, 0x54, 0x00, 0xFA,
    0xE0, 0x00, 0xFF, 0xFF, 0xFF, 0xFF, 0xFF, 0xFF, 0xFF, 0xF0, 0x00, 0x2F, 0xC0, 0x01, 0xFF, 0x00,
    0x1F, 0xFC, 0x00, 0xFF, 0xF0, 0x0F, 0xCF, 0xC0, 0xFF, 0xBF, 0xA3, 0xFF, 0xFF, 0xCF, 0xFF, 0xFF,
    0x00, 0x1F, 0xC0, 0x00, 0x7F, 0x00, 0x0F, 0xFF, 0x81, 0xFF, 0xF8, 0x2F, 0xFF, 0x83, 0xFF, 0xD0,
    0x2F, 0xFF, 0x80, 0x41, 0xFC, 0x00, 0x0F, 0xC1, 0xE7, 0xFC, 0x3F, 0xFF, 0x82, 0xFF, 0xE0, 0x01,
    0x50, 0x00, 0x07, 0xFE, 0x0B, 0xFF, 0xD3, 0xFF, 0xE2, 0xFF, 0xF4, 0xFF, 0xFF, 0x7F, 0x8B, 0xFF,
    0xD1, 0xFE, 0xFE, 0xFF, 0x7F, 0xFF, 0x47, 0xFF, 0x80, 0x15, 0x00, 0xFF, 0xFC, 0xFF, 0xFE, 0xFF,
    0xFE, 0x01, 0xFC, 0x03, 0xF8, 0x07, 0xF0, 0x0F, 0xE0, 0x1F, 0xC0, 0x3F, 0x80, 0x7F, 0x00, 0x1B,
    0xF9, 0x1F, 0xFF, 0xDF, 0xE2, 0xFF, 0xF4, 0x7F, 0x3F, 0xFF, 0x0F, 0xFF, 0xCF, 0xE2, 0xFF, 0xF4,
    0x7F, 0xBF, 0xBF, 0x8B, 0xFF, 0x80, 0x15, 0x00, 0x0B, 0xF8, 0x1F, 0xFF, 0xCF, 0xFF, 0xFB, 0xF4,
    0x7F, 0xBF, 0xFF, 0xCB, 0xFF, 0xF0, 0x02, 0xFC, 0xA6, 0xFD, 0x7F, 0xFF, 0x1F, 0xFF, 0x00, 0x55,
    0x00, 0x03, 0xC0, 0x03, 0xC0, 0x03, 0xC0, 0xFF, 0xFF, 0xFF, 0xFF, 0x03, 0xC0, 0x03, 0xC0, 0x03,
    0xC0, 0xFF, 0xFF, 0xFF, 0xFF, 0xFF, 0xFF, 0xFF, 0xFF, 0x00, 0x00, 0xFF, 0xFF, 0xFF, 0xFF, 0x0B,
    0xC1, 0xF4, 0x3F, 0x07, 0xE0, 0xBD, 0x0F, 0xC0, 0xFC, 0x0F, 0xC0, 0xFC, 0x0F, 0xC0, 0xFC, 0x0B,
    0xD0, 0x7E, 0x03, 0xF0, 0x1F, 0x40, 0xBC, 0x3D, 0x02, 0xF0, 0x0F, 0x80, 0xBC, 0x07, 0xD0, 0x3E,
    0x03, 0xF0, 0x3F, 0x03, 0xF0, 0x3F, 0x03, 0xE0, 0x7D, 0x0B, 0xC0, 0xF8, 0x2F, 0x03, 0xD0, 0xF5,
    0xFF, 0x4F, 0xFF, 0xFD, 0xFE, 0x0B, 0xEF, 0xC0, 0x3F, 0xFC, 0x03, 0xFF, 0xC0, 0x3F, 0xFC, 0x03,
    0xFF, 0xC0, 0x3F, 0xFC, 0x03, 0xFF, 0xC0, 0x3F, 0x01, 0x54, 0x00, 0xFF, 0xF0, 0x3F, 0xFF, 0xC7,
    0xFA, 0xFD, 0xFE, 0x0B, 0xFF, 0xD0, 0x7F, 0xFC, 0x03, 0xFF, 0xD0, 0x7F, 0xBF, 0x0F, 0xE3, 0xFF,
    0xFC, 0x1F, 0xFF, 0x40, 0x6F, 0xD0, 0x03, 0xF0, 0xBF, 0xC7, 0xFF, 0x0F, 0xFC, 0x03, 0xF0, 0x0F,
    0xC0, 0x3F, 0x00, 0xFC, 0x03, 0xF0, 0x0F, 0xC0, 0x3F, 0x00, 0x00, 0x54, 0x00, 0x7F, 0xF4, 0x1F,
    0xFF, 0xC3, 0xFA, 0xFC, 0x0A, 0x0F, 0xC0, 0x02, 0xFC, 0x00, 0xBF, 0x00, 0x2F, 0xD0, 0x0F, 0xE0,
    0x03, 0xFF, 0xFD, 0x2F, 0xFF, 0xE2, 0xFF, 0xFE, 0x3F, 0xFD, 0x0F, 0xFF, 0x43, 0xFF, 0xD0, 0x0B,
    0xE0, 0x0F, 0xE0, 0x07, 0xFF, 0x40, 0x5B, 0xF0, 0x00, 0xFC, 0x3E, 0xFF, 0x1F, 0xFF, 0x82, 0xFF,
    0x40, 0x00, 0x1F, 0xC0, 0x01, 0xFF, 0x00, 0x0F, 0xFC, 0x00, 0xFF, 0xF0, 0x0B, 0xEF, 0xC0, 0x7E,
    0x3F, 0x03, 0xFA, 0xFE, 0x8F, 0xFF, 0xFF, 0x3F, 0xFF, 0xFC, 0x00, 0x7F, 0x00, 0x01, 0xFC, 0x00,
    0x0F, 0xFF, 0x81, 0xFF, 0xF8, 0x1F, 0xFF, 0x82, 0xF4, 0x00, 0x3F, 0xFE, 0x02, 0xFF, 0xF8, 0x04,
    0x1F, 0xC0, 0x41, 0xFC, 0x2F, 0xFF, 0xC3, 0xFF, 0xF4, 0x0B, 0xF8, 0x00, 0x00, 0x54, 0x02, 0xFF,
    0xD3, 0xFF, 0xF5, 0xFE, 0x68, 0xBE, 0x00, 0x3F, 0xFF, 0x8F, 0xFF, 0xF7, 0xF4, 0x7F, 0xFD, 0x1F,
    0xDF, 0xFF, 0xF3, 0xFF, 0xF0, 0x2F, 0xE0, 0xFF, 0xFC, 0xFF, 0xFE, 0xFF, 0xFE, 0x01, 0xFC, 0x03,
    0xF8, 0x03, 0xF4, 0x0B, 0xF0, 0x0F, 0xD0, 0x2F, 0xC0, 0x3F, 0x80, 0x7F, 0x00, 0x01, 0x50, 0x0B,
    0xFF, 0x8B, 0xFB, 0xFB, 0xF4, 0x7F, 0xFD, 0x1F, 0xCF, 0xFF, 0xC3, 0xFF, 0xF2, 0xF8, 0xBE, 0xFC,
    0x0F, 0xFF, 0x8B, 0xF3, 0xFF, 0xF4, 0x2F, 0xE0, 0x01, 0x50, 0x0B, 0xFF, 0x47, 0xFF, 0xF3, 0xFE,
    0xFE, 0xFD, 0x1F, 0xFF, 0x8B, 0xF7, 0xFF, 0xFC, 0x7F, 0xFF, 0x00, 0x3F, 0x8F, 0xFF, 0xC7, 0xFF,
    0xD0, 0xBF, 0x90, 0x03, 0xC0, 0x03, 0xC0, 0x03, 0xC0, 0x03, 0xC0, 0xFF, 0xFF, 0xFF, 0xFF, 0x03,
    0xC0, 0x03, 0xC0, 0x03, 0xC0, 0x00, 0x00, 0xFF, 0xFF, 0xFF, 0xFF, 0xFF, 0xFF, 0xFF, 0xFF, 0x00,
    0x00, 0xFF, 0xFF, 0xFF, 0xFF, 0x0B, 0xC1, 0xF4, 0x3F, 0x07, 0xE0, 0xBD, 0x0F, 0xC0, 0xFC, 0x0F,
    0xC0, 0xFC, 0x0F, 0xC0, 0xFC, 0x0B, 0xD0, 0x7E, 0x03, 0xF0, 0x1F, 0x40, 0xBC, 0x3D, 0x02, 0xF0,
    0x0F, 0x80, 0xBC, 0x07, 0xD0, 0x3E, 0x03, 0xF0, 0x3F, 0x03, 0xF0, 0x3F, 0x03, 0xE0, 0x7D, 0x0B,
    0xC0, 0xF8, 0x2F, 0x03, 0xD0, 0x1B, 0xFD, 0x0B, 0xFF, 0xD0, 0x81, 0xFC, 0x00, 0x3F, 0x1F, 0xFF,
    0xEF, 0xFF, 0xFF, 0xD0, 0xFF, 0xF0, 0x7F, 0xBF, 0xFF, 0xCB, 0xF4, 0xF0, 0x07, 0xFE, 0x03, 0xFF,
    0xFC, 0x7E, 0x0B, 0xDF, 0xC0, 0x3F, 0xFF, 0xFF, 0xFF, 0xFF, 0xFF, 0xFC, 0x00, 0x07, 0xE0, 0x04,
    0x2F, 0xFF, 0xD0, 0x7F, 0xF8, 0x07, 0xFD, 0x03, 0xFF, 0xFC, 0xBE, 0x0B, 0xDF, 0xC0, 0x3F, 0xFC,
    0x03, 0xFF, 0xC0, 0x3F, 0xFC, 0x03, 0xF7, 0xE0, 0xBD, 0x2F, 0xFF, 0xC0, 0x7F, 0xD0, 0x7F, 0x03,
    0xF4, 0xBD, 0x1F, 0x80, 0xFC, 0xFC, 0x01, 0xFF, 0xD0, 0x02, 0xFE, 0x00, 0x0F, 0xF8, 0x00, 0x7F,
    0xF4, 0x03, 0xF3, 0xF0, 0x3F, 0x47, 0xF2, 0xF8, 0x0B, 0xE0, 0x2F, 0xF9, 0x07, 0xFF, 0xF8, 0x10,
    0x0F, 0xD0, 0x00, 0x3E, 0xFF, 0xFF, 0xFF, 0xFF, 0xFF, 0xFC, 0x03, 0xEB, 0xE0, 0xBD, 0x3F, 0xFF,
    0x80, 0xBF, 0xD0, 0xFC, 0x00, 0x0F, 0xC0, 0x00, 0xFC, 0x00, 0x0F, 0xC0, 0x00, 0xFC, 0xFF, 0x4F,
    0xFF, 0xFD, 0xFF, 0x0B, 0xEF, 0xC0, 0x3F, 0xFC, 0x03, 0xFF, 0xC0, 0x3F, 0xFC, 0x03, 0xFF, 0xC0,
    0x3F, 0xFC, 0x03, 0xFF, 0xC0, 0x3F, 0xFC, 0x00, 0x03, 0xF0, 0x00, 0x0F, 0xC0, 0x00, 0x3F, 0x00,
    0x00, 0xFC, 0x0B, 0xE3, 0xF0, 0xBE, 0x0F, 0xCB, 0xE0, 0x3F, 0x7E, 0x00, 0xFF, 0xF0, 0x03, 0xFF,
    0xF0, 0x0F, 0xDB, 0xE0, 0x3F, 0x0F, 0xD0, 0xFC, 0x0F, 0xC3, 0xF0, 0x1F, 0xC0, 0xFF, 0xFF, 0xFF,
    0xFF, 0xFF, 0xFF, 0xFF, 0xFF, 0xFF, 0xFF, 0xF0, 0xF5, 0xFE, 0x1F, 0xE0, 0xFF, 0xFF, 0xFF, 0xF8,
    0xFE, 0x1F, 0xE1, 0xFC, 0xFC, 0x0F, 0xC0, 0xFC, 0xFC, 0x0F, 0xC0, 0xBC, 0xFC, 0x0F, 0xC0, 0xBC,
    0xFC, 0x0F, 0xC0, 0xBC, 0xFC, 0x0F, 0xC0, 0xBC, 0xFC, 0x0F, 0xC0, 0xBC, 0xFC, 0x0F, 0xC0, 0xBC,
    0xF5, 0xFF, 0x4F, 0xFF, 0xFD, 0xFE, 0x0B, 0xEF, 0xC0, 0x3F, 0xFC, 0x03, 0xFF, 0xC0, 0x3F, 0xFC,
    0x03, 0xFF, 0xC0, 0x3F, 0xFC, 0x03, 0xFF, 0xC0, 0x3F, 0xF4, 0xFE, 0x0F, 0xFF, 0xFC, 0xFE, 0x0F,
    0xEF, 0xC0, 0x3F, 0xFC, 0x03, 0xFF, 0xC0, 0x3F, 0xFC, 0x03, 0xFF, 0xE0, 0xFD, 0xFF, 0xFF, 0xCF,
    0xDF, 0xE0, 0xFC, 0x00, 0x0F, 0xC0, 0x00, 0xFC, 0x00, 0x0F, 0xC0, 0x00, 0x1F, 0xF9, 0xBF, 0xFD,
    0xFC, 0x04, 0xFE, 0x00, 0x7F, 0xF4, 0x0B, 0xFD, 0x00, 0xBF, 0x90, 0x3F, 0xFF, 0xFD, 0xBF, 0xF4,
    0x0F, 0x00, 0x7C, 0x07, 0xFF, 0xFF, 0xFF, 0x3F, 0x00, 0xFC, 0x03, 0xF0, 0x0F, 0xC0, 0x3F, 0x00,
    0xFD, 0x12, 0xFF, 0xC2, 0xFE, 0x00, 0xBF, 0xF8, 0x00, 0x0B, 0xFF, 0xFD, 0x00, 0x1F, 0xFF, 0xFC,
    0x00, 0x3F, 0xF5, 0x68, 0x00, 0xBF, 0xD0, 0x00, 0x00, 0xFF, 0xC0, 0x00, 0x00, 0xFF, 0x81, 0x55,
    0x54, 0xFF, 0x8B, 0xFF, 0xFE, 0xFF, 0x8B, 0xFF, 0xFE, 0xFF, 0x8B, 0xFF, 0xFE, 0xBF, 0xCB, 0xFC,
    0x00, 0x7F, 0xDB, 0xFC, 0x00, 0x3F, 0xFF, 0xFF, 0xFC, 0x1F, 0xFF, 0xFF, 0xFC, 0x07, 0xFF, 0xFF,
    0xFC, 0x00, 0x1B, 0xFD, 0x54, 0x00, 0x0B, 0xFC, 0x00, 0x00, 0x0B, 0xFD, 0x54, 0x00, 0x0B, 0xFF,
    0xFE, 0x00, 0x0B, 0xFF, 0xFE, 0x00, 0x0B, 0xFF, 0xFE, 0x00, 0x00, 0x00, 0x00, 0x00, 0x00, 0x00,
    0x01, 0xD0, 0x00, 0x00, 0x00, 0x3D, 0x00, 0x00, 0x6F, 0xFF, 0xC0, 0x00, 0x3F, 0xFF, 0xFE, 0x00,
    0x1F, 0xFF, 0xFF, 0xFC, 0x07, 0xFF, 0xFF, 0xFF, 0xF0, 0xFF, 0xFF, 0xFF, 0xFC, 0x3F, 0xFE, 0x47,
    0xFF, 0x47, 0xFF, 0x40, 0xB4, 0x90, 0xBF, 0xE0, 0x0F, 0x00, 0x0F, 0xFC, 0x02, 0xE0, 0x00, 0xFF,
    0xC0, 0x3D, 0x00, 0x0F, 0xF8, 0x07, 0xC0, 0x00, 0xFF, 0xC0, 0xF4, 0x00, 0x0F, 0xFC, 0x0F, 0x00,
    0x00, 0xBF, 0xE2, 0xE0, 0x00, 0x07, 0xFF, 0x7C, 0x00, 0x20, 0x3F, 0xFF, 0xC0, 0x2F, 0x41, 0xFF,
    0xFF, 0xFF, 0xFC, 0x0B, 0xFF, 0xFF, 0xFF, 0xD0, 0x2F, 0xFF, 0xFF, 0xFD, 0x00, 0x7F, 0xFF, 0xFE,
    0x00, 0x0B, 0xEF, 0xFE, 0x00, 0x00, 0xF4, 0x00, 0x00, 0x00, 0x1F, 0x00, 0x00, 0x00, 0x00, 0x50,
    0x00, 0x00, 0x00, 0x00, 0x0B, 0xFF, 0x90, 0x00, 0xBF, 0xFF, 0xFC, 0x03, 0xFF, 0xFF, 0xF8, 0x0F,
    0xFF, 0x56, 0xF0, 0x2F, 0xF8, 0x00, 0x00, 0x3F, 0xE0, 0x00, 0x00, 0x7F, 0xC0, 0x00, 0x00, 0xBF,
    0xC0, 0x00, 0x00, 0xFF, 0x83, 0xF0, 0xBC, 0xFF, 0x83, 0xFB, 0xFC, 0xFF, 0x83, 0xFF, 0xF8, 0xFF,
    0x83, 0xFF, 0x90, 0xFF, 0x83, 0xFF, 0x00, 0xFF, 0xC3, 0xFE, 0x00, 0xBF, 0xC3, 0xFE, 0x00, 0x7F,
    0xE3, 0xFE, 0x00, 0x3F, 0xFB, 0xFE, 0x04, 0x1F, 0xFF, 0xFF, 0xF8, 0x0B, 0xFF, 0xFF, 0xF8, 0x02,
    0xFF, 0xFF, 0xF4, 0x00, 0x2F, 0xFF, 0x90, 0x0F, 0xFF, 0xFF, 0xFF, 0x0F, 0xFF, 0xFF, 0xFF, 0x0F,
    0xFF, 0xFF, 0xFF, 0x0F, 0xFF, 0xFF, 0xFF, 0x0F, 0xF8, 0x00, 0x00, 0x0F, 0xF8, 0x00, 0x00, 0x0F,
    0xF8, 0x00, 0x00, 0x0F, 0xF8, 0x00, 0x00, 0x0F, 0xF8, 0x00, 0x00, 0x0F, 0xFF, 0xFF, 0xFC, 0x0F,
    0xFF, 0xFF, 0xFC, 0x0F, 0xFF, 0xFF, 0xFC, 0x0F, 0xFF, 0xFF, 0xFC, 0x0F, 0xF8, 0x00, 0x00, 0x0F,
    0xF8, 0x00, 0x00, 0xBF, 0xFF, 0xF0, 0x00, 0xBF, 0xFF, 0xF0, 0x00, 0xBF, 0xFF, 0xF0, 0x00, 0xBF,
    0xFF, 0xF0, 0x00, 0x0F, 0xF8, 0x00, 0x00, 0x0F, 0xF8, 0x00, 0x00, 0x00, 0x07, 0xFF, 0x90, 0x00,
    0x07, 0xFF, 0xFF, 0xC0, 0x01, 0xFF, 0xFF, 0xFE, 0x00, 0x3F, 0xFF, 0xFF, 0x80, 0x07, 0xFF, 0x41,
    0xD0, 0x00, 0xBF, 0xD0, 0x00, 0x00, 0x0B, 0xFC, 0x00, 0x00, 0x00, 0xBF, 0xC0, 0x00, 0x00, 0x3F,
    0xFF, 0xFF, 0xF0, 0x03, 0xFF, 0xFF, 0xFF, 0x00, 0x01, 0xFF, 0x00, 0x00, 0x00, 0x0F, 0xF4, 0x00,
    0x00, 0x3F, 0xFF, 0xFF, 0xF0, 0x03, 0xFF, 0xFF, 0xFF, 0x00, 0x00, 0x3F, 0xC0, 0x00, 0x00, 0x03,
    0xF8, 0x00, 0x00, 0x06, 0xFF, 0xE4, 0x06, 0x07, 0xFF, 0xFF, 0xFF, 0xFC, 0x7F, 0xFF, 0xFF, 0xFF,
    0xD3, 0xFF, 0xFF, 0xFF, 0xFE, 0x19, 0x00, 0x6F, 0xFE, 0x00, 0x00, 0x00, 0x00, 0x02, 0xF4, 0x00,
    0x00, 0x00, 0x00, 0x00, 0xFC, 0x00, 0x00, 0x00, 0x00, 0x00, 0xBD, 0x00, 0x03, 0xF8, 0x2F, 0xF8,
    0x3F, 0xFF, 0x80, 0xFF, 0x3F, 0xFF, 0xFF, 0xFF, 0xFC, 0x3F, 0xFF, 0xFF, 0xFF, 0xFF, 0xFF, 0xCF,
    0xFF, 0x97, 0xFF, 0xF5, 0xBF, 0xF3, 0xFF, 0x40, 0x7F, 0xF4, 0x07, 0xFD, 0xFF, 0xC0, 0x0F, 0xFC,
    0x00, 0xFF, 0x7F, 0xE0, 0x03, 0xFE, 0x00, 0x3F, 0xEF, 0xF8, 0x00, 0xFF, 0x80, 0x0F, 0xFB, 0xFE,
    0x00, 0x3F, 0xE0, 0x03, 0xFE, 0xFF, 0x80, 0x1F, 0xF8, 0x00, 0xFF, 0xBF, 0xE0, 0x0F, 0xFE, 0x00,
    0x3F, 0xEF, 0xF8, 0x07, 0xFF, 0x80, 0x0F, 0xFB, 0xFE, 0x03, 0xFF, 0xE0, 0x03, 0xFE, 0xFF, 0x81,
    0xFF, 0xF8, 0x00, 0xFF, 0xBF, 0xE0, 0xFF, 0xFE, 0x00, 0x3F, 0xEF, 0xF8, 0x7E, 0xFF, 0x80, 0x0F,
    0xF8, 0x00, 0x2F, 0x00, 0x00, 0x00, 0x00, 0x00, 0x0F, 0x80, 0x00, 0x00, 0x00, 0x00, 0x0B, 0xC0,
    0x00, 0x00, 0x00, 0x00, 0x03, 0xFE, 0x00, 0x00, 0x3F, 0xE0, 0x03, 0xFF, 0x40, 0x00, 0x3F, 0xE0,
    0x03, 0xFF, 0xC0, 0x00, 0x3F, 0xE0, 0x03, 0xFF, 0xF0, 0x00, 0x3F, 0xE0, 0x03, 0xFF, 0xF8, 0x00,
    0x3F, 0xE0, 0x03, 0xFF, 0xFD, 0x00, 0x3F, 0xE0, 0x03, 0xFF, 0xFF, 0x00, 0x3F, 0xE0, 0x03, 0xFF,
    0xFF, 0xC0, 0x3F, 0xE0, 0x03, 0xFE, 0xFF, 0xE0, 0x3F, 0xE0, 0x03, 0xFE, 0xBF, 0xF4, 0x3F, 0xF0,
    0xFF, 0xFF, 0xFF, 0xFF, 0xFF, 0xFF, 0xFF, 0xFF, 0x5F, 0xFF, 0x7F, 0xFF, 0x03, 0xFE, 0x03, 0xFF,
    0xBF, 0xE0, 0x03, 0xFE, 0x01, 0xFF, 0xFF, 0xE0, 0x03, 0xFE, 0x00, 0xBF, 0xFF, 0xE0, 0x03, 0xFE,
    0x00, 0x3F, 0xFF, 0xE0, 0x03, 0xFE, 0x00, 0x0F, 0xFF, 0xE0, 0x03, 0xFE, 0x00, 0x07, 0xFF, 0xE0,
    0x03, 0xFE, 0x00, 0x02, 0xFF, 0xE0, 0x03, 0xFE, 0x00, 0x00, 0xFF, 0xE0, 0x03, 0xFE, 0x00, 0x00,
    0x3F, 0xE0, 0x03, 0xFF, 0xFF, 0xE0, 0x00, 0x00, 0xFF, 0xFF, 0xFF, 0x40, 0x00, 0x3F, 0xFF, 0xFF,
    0xF4, 0x00, 0x0F, 0xFF, 0xFF, 0xFF, 0x00, 0x03, 0xFE, 0x00, 0xFF, 0xD0, 0x00, 0xFF, 0x80, 0x1F,
    0xF8, 0x0B, 0xFF, 0xFF, 0xFF, 0xFF, 0xFA, 0xFF, 0xFF, 0xFF, 0xFF, 0xFE, 0x03, 0xFF, 0x00, 0x7F,
    0xE0, 0x00, 0xFF, 0x80, 0x3F, 0xF4, 0x00, 0x3F, 0xFF, 0xFF, 0xFC, 0x00, 0x0F, 0xFF, 0xFF, 0xFD,
    0x00, 0x03, 0xFF, 0xFF, 0xFD, 0x00, 0x00, 0xFF, 0xFF, 0xF8, 0x00, 0x00, 0x3F, 0xE0, 0x00, 0x00,
    0x00, 0x0F, 0xF8, 0x00, 0x00, 0x00, 0x03, 0xFE, 0x00, 0x00, 0x00, 0x00, 0xFF, 0x80, 0x00, 0x00,
    0x00, 0x3F, 0xE0, 0x00, 0x00, 0x00, 0x0F, 0xF8, 0x00, 0x00, 0x00, 0x03, 0xFE, 0x00, 0x00, 0x00,
    0x00, 0xFF, 0xFF, 0x90, 0x00, 0x00, 0x00, 0xFF, 0xFF, 0xF8, 0x00, 0x00, 0x00, 0xFF, 0xFF, 0xFE,
    0x00, 0x00, 0x00, 0xFF, 0x97, 0xFF, 0x00, 0x00, 0x00, 0xFF, 0x81, 0xFF, 0x40, 0x00, 0x00, 0xFF,
    0x80, 0xFF, 0x41, 0xBF, 0xE4, 0xFF, 0x80, 0xFF, 0x4F, 0xFF, 0xFE, 0xFF, 0x80, 0xFF, 0x6F, 0xFF,
    0xFD, 0xFF, 0x81, 0xFF, 0x3F, 0xE5, 0xBC, 0xFF, 0x9B, 0xFE, 0x3F, 0xC0, 0x00, 0xFF, 0xFF, 0xFC,
    0x3F, 0xE0, 0x00, 0xFF, 0xFF, 0xE0, 0x1F, 0xFE, 0x00, 0xFF, 0xFF, 0xE0, 0x0B, 0xFF, 0xE0, 0xFF,
    0x8F, 0xF0, 0x00, 0xBF, 0xFC, 0xFF, 0x8B, 0xF4, 0x00, 0x1F, 0xFE, 0xFF, 0x87, 0xF8, 0x00, 0x03,
    0xFF, 0xFF, 0x83, 0xFC, 0x00, 0x02, 0xFF, 0xFF, 0x82, 0xFE, 0x3E, 0x57, 0xFF, 0xFF, 0x80, 0xFF,
    0x3F, 0xFF, 0xFD, 0xFF, 0x80, 0xBF, 0x7F, 0xFF, 0xF8, 0xFF, 0x80, 0x7F, 0xAB, 0xFF, 0x90, 0x3F,
    0xF0, 0x00, 0x00, 0x00, 0x00, 0x7F, 0xE3, 0xFF, 0x40, 0x00, 0x00, 0x00, 0x0B, 0xFD, 0x1F, 0xF8,
    0x00, 0x00, 0x00, 0x00, 0xFF, 0xC0, 0xFF, 0xC0, 0x03, 0xFE, 0x00, 0x0F, 0xFC, 0x0F, 0xFC, 0x00,
    0x3F, 0xF0, 0x01, 0xFF, 0x80, 0xBF, 0xD0, 0x0B, 0xFF, 0x40, 0x2F, 0xF0, 0x07, 0xFE, 0x00, 0xFF,
    0xF8, 0x03, 0xFF, 0x00, 0x3F, 0xF0, 0x1F, 0xFF, 0xC0, 0x3F, 0xE0, 0x02, 0xFF, 0x02, 0xFF, 0xFD,
    0x0B, 0xFD, 0x03, 0xFF, 0xFF, 0xFF, 0xFF, 0xFF, 0xFF, 0xFF, 0x3F, 0xFF, 0xFF, 0xFF, 0xFF, 0xFF,
    0xFF, 0xF3, 0xFF, 0xFC, 0xBF, 0x8F, 0xF9, 0xFF, 0xFF, 0x00, 0xBF, 0xDF, 0xF0, 0xBF, 0xEF, 0xF0,
    0x00, 0x03, 0xFE, 0xFF, 0x07, 0xFF, 0xFF, 0x00, 0x00, 0x3F, 0xFF, 0xD0, 0x3F, 0xFF, 0xE0, 0x00,
    0x02, 0xFF, 0xFC, 0x01, 0xFF, 0xFD, 0x00, 0x00, 0x1F, 0xFF, 0x80, 0x0F, 0xFF, 0xC0, 0x00, 0x00,
    0xFF, 0xF4, 0x00, 0xBF, 0xF8, 0x00, 0x00, 0x0F, 0xFF, 0x00, 0x03, 0xFF, 0x40, 0x00, 0x00, 0x7F,
    0xE0, 0x00, 0x3F, 0xF0, 0x00, 0x00, 0x03, 0xFC, 0x00, 0x01, 0xFF, 0x00, 0x00, 0xFF, 0xFF, 0xFD,
    0x00, 0x7F, 0xFF, 0xFF, 0xFF, 0xF0, 0x1F, 0xFF, 0xFF, 0xFF, 0xFD, 0x07, 0xFF, 0xFE, 0x55, 0x6F,
    0xC1, 0xFF, 0xFF, 0x40, 0x03, 0xF0, 0x7F, 0xFF, 0xD1, 0x50, 0xFC, 0x1F, 0xFF, 0xF4, 0xFC, 0x3F,
    0x07, 0xFF, 0xFD, 0x3F, 0x0F, 0xC1, 0xFF, 0xFF, 0x4F, 0xC3, 0xF0, 0x7F, 0xFF, 0xD3, 0xF0, 0xFC,
    0x1F, 0xFF, 0xF4, 0xFC, 0x3F, 0x0B, 0xFF, 0xFD, 0x3F, 0x05, 0x42, 0xFF, 0xFF, 0x4F, 0xC0, 0x00,
    0xFF, 0xBF, 0xD3, 0xF5, 0x56, 0xFF, 0xDF, 0xF4, 0xFF, 0xFF, 0xFF, 0xE3, 0xFD, 0x3F, 0xFF, 0xFF,
    0xE0, 0xFF, 0x4F, 0xFF, 0xFF, 0x90, 0x00, 0x00, 0x02, 0xFF, 0x00, 0x00, 0x2F, 0xF0, 0x00, 0x2F,
    0xFF, 0xF0, 0x02, 0xFF, 0xFF, 0x00, 0x2F, 0xFF, 0xF0, 0x00, 0x2F, 0xF0, 0x07, 0xFB, 0xFF, 0x02,
    0xFF, 0xFF, 0xF0, 0x7F, 0xFF, 0xFF, 0x0F, 0xFC, 0x3F, 0xF0, 0xFF, 0xC3, 0xFF, 0x0F, 0xFC, 0x3F,
    0xF0, 0xBF, 0xC3, 0xFF, 0x07, 0xFF, 0xFF, 0xF0, 0x2F, 0xFF, 0xFF, 0x00, 0x7F, 0xAA, 0xA0, 0x00,
    0x00, 0x00, 0x00, 0x00, 0x00, 0x00, 0xFF, 0xFF, 0xFF, 0xCF, 0xFF, 0xFF, 0xFC, 0xFF, 0xFF, 0xFF,
    0xC0, 0x00, 0x00, 0x6F, 0xFE, 0x40, 0x00, 0x3F, 0xFF, 0xFE, 0x00, 0x1F, 0xFF, 0xFF, 0xD0, 0x07,
    0xFF, 0xFF, 0xF8, 0x01, 0xFF, 0xF4, 0x0B, 0x00, 0x3F, 0xF8, 0x00, 0x00, 0x07, 0xFF, 0x00, 0x00,
    0x00, 0xBF, 0xD0, 0x00, 0x00, 0xFF, 0xFF, 0xFF, 0xC0, 0x0F, 0xFF, 0xFF, 0xFC, 0x00, 0x0F, 0xF8,
    0x00, 0x00, 0x0F, 0xFF, 0xFF, 0xFC, 0x00, 0xFF, 0xFF, 0xFF, 0xC0, 0x00, 0xBF, 0xD0, 0x00, 0x00,
    0x07, 0xFF, 0x00, 0x00, 0x00, 0x3F, 0xF8, 0x00, 0x00, 0x01, 0xFF, 0xF4, 0x0B, 0x00, 0x0B, 0xFF,
    0xFF, 0xF8, 0x00, 0x2F, 0xFF, 0xFF, 0xC0, 0x00, 0x7F, 0xFF, 0xFE, 0x00, 0x00, 0x6F, 0xFE, 0x40,
    0x03, 0xFE, 0x00, 0x02, 0xFF, 0xC0, 0x3F, 0xE0, 0x00, 0xBF, 0xF0, 0x03, 0xFE, 0x00, 0x2F, 0xFC,
    0x00, 0x3F, 0xE0, 0x0B, 0xFF, 0x00, 0x03, 0xFE, 0x02, 0xFF, 0xC0, 0x00, 0x3F, 0xE0, 0xBF, 0xF0,
    0x00, 0x03, 0xFE, 0x2F, 0xFC, 0x00, 0x00, 0x3F, 0xEB, 0xFF, 0x00, 0x00, 0x03, 0xFF, 0xFF, 0xD0,
    0x00, 0x0B, 0xFF, 0xFF, 0xFF, 0xFF, 0xC0, 0xBF, 0xFF, 0xFF, 0xFF, 0xFC, 0x00, 0x3F, 0xFF, 0xFF,
    0xC0, 0x00, 0x03, 0xFF, 0xDF, 0xFE, 0x00, 0x00, 0x3F, 0xF0, 0x7F, 0xF4, 0x00, 0x03, 0xFE, 0x02,
    0xFF, 0xC0, 0x00, 0x3F, 0xE0, 0x0F, 0xFF, 0x00, 0x03, 0xFE, 0x00, 0x3F, 0xF8, 0x00, 0x3F, 0xE0,
    0x01, 0xFF, 0xD0, 0x03, 0xFE, 0x00, 0x0B, 0xFF, 0x00, 0x3F, 0xE0, 0x00, 0x3F, 0xFC, 0x03, 0xFE,
    0x00, 0x00, 0xFF, 0xE0, 0xFF, 0xFF, 0xFF, 0xFF, 0xFF, 0xFF, 0xFF, 0xFF, 0xFF, 0xFF, 0xFF, 0xFF,
    0x55, 0x6F, 0xF5, 0x55, 0x00, 0x2F, 0xF0, 0x40, 0x00, 0x2F, 0xF3, 0xE0, 0x00, 0x2F, 0xFF, 0xE0,
    0x00, 0x2F, 0xFF, 0x40, 0x00, 0x2F, 0xF8, 0x00, 0x00, 0x3F, 0xF0, 0x00, 0x01, 0xFF, 0xF1, 0xD0,
    0x0B, 0xFF, 0xFB, 0xF0, 0x0B, 0xAF, 0xFF, 0x80, 0x01, 0x2F, 0xFD, 0x00, 0x00, 0x2F, 0xF0, 0x00,
    0x00, 0xBF, 0xF0, 0x00, 0x03, 0xFF, 0xF0, 0x00, 0x0F, 0xFF, 0xF0, 0x00, 0x06, 0x2F, 0xF0, 0x00,
    0x00, 0x2F, 0xF0, 0x00, 0x00, 0x2F, 0xF0, 0x00, 0x06, 0xFF, 0xF9, 0x00, 0x00, 0x00, 0x00, 0x7F,
    0xFF, 0xFF, 0xE0, 0x00, 0x00, 0x00, 0x3F, 0xFF, 0xFF, 0xFC, 0x00, 0x00, 0x00, 0x1F, 0x95, 0x6F,
    0xFF, 0x00, 0x00, 0x00, 0x00, 0x00, 0x03, 0xFF, 0x40, 0x00, 0x00, 0x00, 0xFF, 0x00, 0xFF, 0xC0,
    0x00, 0x00, 0x01, 0xFF, 0x00, 0x7F, 0xC0, 0x00, 0x00, 0x01, 0xFF, 0x00, 0x3F, 0xD0, 0x00, 0x00,
    0x02, 0xFE, 0x00, 0x3F, 0xD0, 0x00, 0x00, 0x03, 0xFD, 0x00, 0x3F, 0xD0, 0x00, 0x00, 0x03, 0xFC,
    0x00, 0x3F, 0xD0, 0x00, 0x00, 0x07, 0xFC, 0x00, 0x7F, 0xD0, 0x6F, 0x90, 0x0B, 0xF8, 0x00, 0xBF,
    0xC2, 0xFF, 0xFC, 0x0B, 0xF8, 0x00, 0xFF, 0xC7, 0xFF, 0xFE, 0x0F, 0xF4, 0x01, 0xFF, 0x4F, 0xF0,
    0x7F, 0x0F, 0xF0, 0x03, 0xFF, 0x1F, 0xD0, 0x3F, 0x1F, 0xF0, 0x1F, 0xFD, 0x2F, 0xC0, 0x3F, 0x2F,
    0xF6, 0xFF, 0xF4, 0x3F, 0xC0, 0xBE, 0x3F, 0xFF, 0xFF, 0xD0, 0x3F, 0xFF, 0xFD, 0x3F, 0xFF, 0xFE,
    0x00, 0x7F, 0xFF, 0xF8, 0x3F, 0xFF, 0x90, 0x00, 0xBF, 0x7F, 0xD0, 0x00, 0x00, 0x00, 0x00, 0xBF,
    0x00, 0x00, 0x00, 0x00, 0x00, 0x00, 0xFF, 0x00, 0x00, 0x00, 0x00, 0x00, 0x00, 0xFE, 0x00, 0x00,
    0x00, 0x00, 0x00, 0x01, 0xFD, 0x00, 0x00, 0x00, 0x00, 0x00, 0x02, 0xFC, 0x00, 0x00, 0x00, 0x00,
    0x00, 0x02, 0xFC, 0x00, 0x00, 0x00, 0x00, 0x00, 0x03, 0xFC, 0x00, 0x00, 0x00, 0x00, 0x2F, 0xF4,
    0x00, 0x00, 0x7F, 0xFF, 0x80, 0x00, 0x7F, 0xFF, 0xF4, 0x00, 0x2F, 0xF6, 0xFF, 0x00, 0x0F, 0xF8,
    0x3F, 0xC0, 0x03, 0xFE, 0x0F, 0xF0, 0x00, 0xFF, 0x83, 0xFC, 0x00, 0x3F, 0xF1, 0xFE, 0x00, 0x07,
    0xFC, 0xBF, 0x40, 0x00, 0xFF, 0xBF, 0xC0, 0x00, 0x2F, 0xFF, 0xE0, 0x00, 0x03, 0xFF, 0xF0, 0x00,
    0x00, 0xBF, 0xF0, 0x00, 0x18, 0x0F, 0xFC, 0x00, 0x0F, 0x03, 0xFF, 0x40, 0x07, 0xE2, 0xFF, 0xF0,
    0x03, 0xFD, 0xFF, 0xFD, 0x02, 0xFF, 0xFD, 0xFF, 0xC0, 0xFE, 0xFF, 0x1F, 0xF0, 0xBD, 0x3F, 0x03,
    0xFD, 0x3F, 0x07, 0x40, 0xFF, 0x80, 0x00, 0x40, 0x2F, 0xF0, 0x00, 0x00, 0x0B, 0xFC, 0x00, 0x00,
    0x02, 0xFF, 0x00, 0x00, 0x05, 0xFF, 0xC0, 0x00, 0x07, 0xFF, 0xD0, 0x00, 0x01, 0xFF, 0xE0, 0x00,
    0x00, 0x7F, 0xD0, 0x03, 0xFF, 0xFF, 0xE0, 0x00, 0x00, 0xFF, 0xFF, 0xFF, 0x40, 0x00, 0x3F, 0xFF,
    0xFF, 0xF4, 0x00, 0x0F, 0xFF, 0xFF, 0xFF, 0x00, 0x03, 0xFE, 0x00, 0xFF, 0xD0, 0x2F, 0xFF, 0x80,
    0x1F, 0xFF, 0xEB, 0xFF, 0xFF, 0xFF, 0xFF, 0xFA, 0xFF, 0xFF, 0xFF, 0xFF, 0xFE, 0x03, 0xFE, 0x00,
    0x7F, 0xE0, 0x00, 0xFF, 0x80, 0x3F, 0xF4, 0x00, 0x3F, 0xFF, 0xFF, 0xFC, 0x00, 0x0F, 0xFF, 0xFF,
    0xFD, 0x00, 0x03, 0xFF, 0xFF, 0xFD, 0x00, 0x00, 0xFF, 0xFF, 0xF8, 0x00, 0x00, 0x3F, 0xE0, 0x00,
    0x00, 0x00, 0x0F, 0xF8, 0x00, 0x00, 0x00, 0x03, 0xFE, 0x00, 0x00, 0x00, 0x00, 0xFF, 0x80, 0x00,
    0x00, 0x00, 0x3F, 0xE0, 0x00, 0x00, 0x00, 0x0F, 0xF8, 0x00, 0x00, 0x00, 0x03, 0xFE, 0x00, 0x00,
    0x00, 0x00, 0x00, 0x00, 0x3C, 0x00, 0x00, 0x00, 0x00, 0x3C, 0x00, 0x00, 0x00, 0x00, 0x3C, 0x00,
    0x00, 0x00, 0x02, 0xFF, 0xE4, 0x00, 0x00, 0x3F, 0xFF, 0xFF, 0x80, 0x01, 0xFF, 0xFF, 0xFF, 0xF0,
    0x07, 0xFF, 0xFF, 0xFF, 0xF4, 0x0F, 0xFF, 0x7D, 0x6F, 0xD0, 0x3F, 0xFC, 0x3C, 0x07, 0x40, 0x7F,
    0xF0, 0x3C, 0x00, 0x00, 0xBF, 0xD0, 0x3C, 0x00, 0x00, 0xFF, 0xC0, 0x3C, 0x00, 0x00, 0xFF, 0xC0,
    0x3F, 0xFF, 0xFF, 0xFF, 0x80, 0x3F, 0xFF, 0xFF, 0xFF, 0xC0, 0x3F, 0xFF, 0xFF, 0xFF, 0xC0, 0x3F,
    0xFF, 0xFF, 0xBF, 0xD0, 0x3C, 0x03, 0xFF, 0x7F, 0xF0, 0x3C, 0x03, 0xFE, 0x3F, 0xFC, 0x3C, 0x0F,
    0xFD, 0x1F, 0xFF, 0xBD, 0x7F, 0xFC, 0x0B, 0xFF, 0xFF, 0xFF, 0xF0, 0x02, 0xFF, 0xFF, 0xFF, 0xD0,
    0x00, 0x7F, 0xFF, 0xFF, 0x00, 0x00, 0x06, 0xFF, 0xE4, 0x00, 0x00, 0x00, 0x3C, 0x00, 0x00, 0x00,
    0x00, 0x3C, 0x00, 0x00, 0x00, 0x00, 0x3C, 0x00, 0x00, 0x00, 0x00, 0x28, 0x00, 0x00, 0x00, 0x02,
    0xFF, 0x80, 0x00, 0x00, 0x03, 0xFF, 0xC0, 0x00, 0x00, 0x03, 0xFF, 0xC0, 0x00, 0x00, 0x0B, 0xFF,
    0xD0, 0x00, 0x00, 0x0F, 0xFF, 0xF0, 0x00, 0x00, 0x0F, 0xEB, 0xF0, 0x00, 0x00, 0x1F, 0xD7, 0xF4,
    0x00, 0x00, 0x3F, 0xC3, 0xFC, 0x00, 0x3F, 0xFF, 0xFF, 0xFF, 0xFC, 0x3F, 0xFF, 0xFF, 0xFF, 0xFC,
    0x00, 0xFF, 0x41, 0xFF, 0x00, 0x00, 0xFF, 0x00, 0xFF, 0x00, 0x3F, 0xFF, 0xFF, 0xFF, 0xFC, 0x3F,
    0xFF, 0xFF, 0xFF, 0xFC, 0x07, 0xFC, 0x00, 0x3F, 0xD0, 0x0B, 0xF8, 0x00, 0x2F, 0xE0, 0x0F, 0xF4,
    0x00, 0x1F, 0xF0, 0x0F, 0xF0, 0x00, 0x0F, 0xF0, 0x1F, 0xF0, 0x00, 0x0F, 0xF4, 0x3F, 0xD0, 0x00,
    0x07, 0xFC, 0x3F, 0xC0, 0x00, 0x03, 0xFC, 0x01, 0xBF, 0xFD, 0x00, 0x1F, 0xFF, 0xFF, 0xD0, 0x0F,
    0xFF, 0xFF, 0xF0, 0x0B, 0xE5, 0x6F, 0xF8, 0x00, 0x00, 0x0B, 0xFC, 0x00, 0x00, 0x0B, 0xFC, 0x00,
    0x00, 0x0F, 0xFC, 0xFF, 0xFF, 0xFF, 0xFF, 0xFF, 0xFF, 0xFF, 0xFF, 0x00, 0x7F, 0xFF, 0xD0, 0x01,
    0xFF, 0xFF, 0x00, 0x07, 0xFF, 0xF8, 0x00, 0xFF, 0xFF, 0xFF, 0xFF, 0xFF, 0xFF, 0xFF, 0xFF, 0x3F,
    0xE0, 0x00, 0x00, 0x3F, 0xE0, 0x00, 0x00, 0x3F, 0xF0, 0x00, 0x04, 0x2F, 0xFD, 0x56, 0xFC, 0x0F,
    0xFF, 0xFF, 0xFC, 0x03, 0xFF, 0xFF, 0xFC, 0x00, 0x6F, 0xFF, 0x90, 0x00, 0x00, 0xAA, 0x00, 0x00,
    0x00, 0x03, 0xFC, 0x00, 0x00, 0x00, 0x0F, 0xF0, 0x00, 0x00, 0x00, 0xBF, 0xF8, 0x00, 0x00, 0x3F,
    0xFF, 0xFE, 0x00, 0x07, 0xFF, 0xFF, 0xFF, 0x00, 0x7F, 0xFF, 0xFF, 0xFF, 0x03, 0xFF, 0xFF, 0xFF,
    0xF4, 0x3F, 0xFE, 0x7D, 0x7F, 0x41, 0xFF, 0xD0, 0xF0, 0x18, 0x0B, 0xFE, 0x03, 0xC0, 0x00, 0x3F,
    0xF0, 0x0F, 0x00, 0x00, 0xFF, 0xC0, 0x3C, 0x00, 0x03, 0xFE, 0x00, 0xF0, 0x00, 0x0F, 0xFC, 0x03,
    0xC0, 0x00, 0x3F, 0xF0, 0x0F, 0x00, 0x00, 0xBF, 0xE0, 0x3C, 0x00, 0x01, 0xFF, 0xD0, 0xF0, 0x08,
    0x03, 0xFF, 0xE7, 0xC2, 0xF4, 0x07, 0xFF, 0xFF, 0xFF, 0xF0, 0x0B, 0xFF, 0xFF, 0xFF, 0xE0, 0x0B,
    0xFF, 0xFF, 0xFF, 0x40, 0x07, 0xFF, 0xFF, 0xF4, 0x00, 0x01, 0xBF, 0xF9, 0x00, 0x00, 0x00, 0xFF,
    0x00, 0x00, 0x00, 0x03, 0xFC, 0x00, 0x00, 0x00, 0x0A, 0xA0, 0x00, 0x00, 0x02, 0xF8, 0x03, 0xF0,
    0x00, 0x0F, 0xE0, 0x0F, 0xC0, 0x00, 0x7F, 0x80, 0xBF, 0x00, 0x07, 0xFF, 0xFF, 0xFF, 0xFE, 0xFF,
    0xFF, 0xFF, 0xFF, 0xFB, 0xFF, 0xFF, 0xFF, 0xFF, 0xE5, 0xFF, 0x96, 0xFF, 0x55, 0x03, 0xFE, 0x0B,
    0xFC, 0x00, 0x0F, 0xF8, 0x2F, 0xF0, 0x00, 0x3F, 0xE0, 0xBF, 0xC0, 0x00, 0xFF, 0x82, 0xFF, 0x00,
    0x03, 0xFE, 0x0B, 0xFC, 0x00, 0x0F, 0xF8, 0x2F, 0xF0, 0x00, 0x3F, 0xE0, 0xBF, 0xC0, 0x00, 0xFF,
    0x81, 0xFF, 0x00, 0x03, 0xFE, 0x07, 0xFF, 0x59, 0x0F, 0xF8, 0x0F, 0xFF, 0xF8, 0x3F, 0xE0, 0x1F,
    0xFF, 0xE0, 0xFF, 0x80, 0x1B, 0xFF, 0x40, 0x00, 0x00, 0x0B, 0xFF, 0x90, 0x00, 0x00, 0xBF, 0xFF,
    0xFE, 0x00, 0x01, 0xFF, 0xFF, 0xFD, 0x00, 0x03, 0xFF, 0x56, 0xFC, 0x00, 0x07, 0xFC, 0x00, 0x00,
    0x00, 0x07, 0xFC, 0x00, 0x00, 0x00, 0x07, 0xFD, 0x00, 0x00, 0x00, 0x07, 0xFF, 0x80, 0x00, 0x00,
    0x03, 0xFF, 0xF4, 0x00, 0x00, 0x00, 0xFF, 0xFF, 0x40, 0x00, 0x00, 0x3F, 0xFF, 0xF0, 0x00, 0x00,
    0x07, 0xFF, 0xFC, 0x00, 0x00, 0x00, 0x7F, 0xFE, 0x00, 0x00, 0x00, 0x0B, 0xFF, 0x7F, 0x2F, 0xDB,
    0xF1, 0xFF, 0xFF, 0xFF, 0xFF, 0xFC, 0xFF, 0xE3, 0xD1, 0xF4, 0x7C, 0xFF, 0xBB, 0xC0, 0xF0, 0x3E,
    0xFD, 0x2F, 0xF9, 0xF0, 0x7F, 0xFC, 0x03, 0xFF, 0xFF, 0xFF, 0xE0, 0x03, 0xDA, 0xFF, 0xFE, 0x00,
    0x03, 0xC0, 0xF0, 0x3C, 0x00, 0x03, 0xC0, 0xF0, 0x3C, 0x00, 0xFF, 0xFF, 0xFF, 0xFF, 0xFF, 0xFF,
    0xFF, 0xFF, 0xFF, 0xFF, 0xFF, 0xD5, 0x55, 0x55, 0x55, 0x00, 0x00, 0x00, 0x00, 0x00, 0x00, 0x00,
    0x05, 0x55, 0x55, 0x55, 0x7F, 0xFF, 0xFF, 0xFF, 0xFF, 0xFF, 0xFF, 0xFF, 0xFF, 0xFF, 0xFF, 0xF0,
    0x02, 0xFF, 0x00, 0x00, 0x0B, 0xFC, 0x00, 0x00, 0x2F, 0xF0, 0x00, 0x00, 0xBF, 0xC0, 0x00, 0x02,
    0xFF, 0x00, 0x00, 0x0B, 0xFC, 0x00, 0x00, 0x2F, 0xF0, 0x00, 0x00, 0xBF, 0xC0, 0x00, 0x02, 0xFF,
    0x00, 0x00, 0x0B, 0xFC, 0x00, 0x00, 0x2F, 0xF0, 0x00, 0x15, 0x55, 0x55, 0x54, 0xFF, 0xFF, 0xFF,
    0xFE, 0xFF, 0xFF, 0xFF, 0xFE, 0xFF, 0xFF, 0xFF, 0xFE, 0xBF, 0xFF, 0xFF, 0x40, 0x00, 0x03, 0xFF,
    0x80, 0x00, 0x6A, 0xFF, 0xE9, 0x00, 0xBF, 0xFF, 0xFE, 0x00, 0x6A, 0xFF, 0xE9, 0x00, 0x02, 0xFF,
    0x80, 0x0F, 0xFF, 0xFF, 0x00, 0x0F, 0xFF, 0xFD, 0x00, 0x07, 0xFF, 0xF4, 0x00, 0x03, 0xFF, 0xC0,
    0x00, 0x00, 0xFF, 0xD0, 0x00, 0x00, 0x7F, 0xF0, 0x00, 0x00, 0x3F, 0xFC, 0x00, 0x00, 0x0F, 0xFD,
    0x00, 0x00, 0x07, 0xFF, 0x00, 0x00, 0x03, 0xFF, 0xC0, 0x00, 0x00, 0xFF, 0xD0, 0x00, 0x00, 0x00,
    0x00, 0x00, 0xFF, 0x80, 0x00, 0x00, 0x03, 0xFE, 0x00, 0x00, 0x00, 0x0F, 0xF8, 0x00, 0x00, 0x00,
    0x3F, 0xE0, 0xB0, 0x00, 0x00, 0xFF, 0xEF, 0xD0, 0x00, 0x03, 0xFF, 0xF8, 0x00, 0x00, 0x0F, 0xFE,
    0x00, 0x00, 0x00, 0x3F, 0xE0, 0x10, 0x00, 0x0B, 0xFF, 0x82, 0xD0, 0x00, 0xFF, 0xFF, 0xBF, 0x40,
    0x01, 0x8F, 0xFF, 0xE0, 0x00, 0x00, 0x3F, 0xF8, 0x00, 0x00, 0x00, 0xFF, 0x80, 0x00, 0x00, 0x2F,
    0xFE, 0x00, 0x24, 0x02, 0xFF, 0xF8, 0x01, 0xFF, 0x02, 0x3F, 0xE0, 0x1F, 0xFC, 0x00, 0xFF, 0x86,
    0xFF, 0xC0, 0x03, 0xFF, 0xFF, 0xFD, 0x00, 0x0F, 0xFF, 0xFF, 0xD0, 0x00, 0x3F, 0xFF, 0xFC, 0x00,
    0x00, 0x6F, 0xFE, 0x00, 0x00, 0x0B, 0xF4, 0x00, 0x00, 0x00, 0x01, 0xF1, 0xF8, 0x00, 0x00, 0x00,
    0x0F, 0x00, 0xF4, 0x00, 0x00, 0x00, 0x3C, 0x03, 0xE0, 0x00, 0x00, 0x00, 0xF8, 0x0F, 0xC0, 0x00,
    0x00, 0x02, 0xFF, 0xFF, 0xFF, 0xFF, 0xF8, 0x03, 0xFF, 0xFF, 0xFF, 0xFF, 0xFD, 0x03, 0xFF, 0xFF,
    0xFF, 0xFF, 0xFC, 0x00, 0x5F, 0xD5, 0x55, 0x57, 0xF8, 0x00, 0x3F, 0x00, 0x00, 0x02, 0xF0, 0x00,
    0xFC, 0x2C, 0x08, 0x03, 0xC0, 0x03, 0xF2, 0xFD, 0xF8, 0x0F, 0x00, 0x0F, 0xFF, 0xFF, 0xF4, 0x78,
    0x00, 0x3F, 0xF2, 0xFE, 0xFF, 0xD0, 0x00, 0xFE, 0x02, 0xC1, 0xFD, 0x00, 0x0F, 0xFC, 0x00, 0x00,
    0x00, 0x01, 0xFF, 0xF8, 0x00, 0x00, 0x00, 0x03, 0x87, 0xFE, 0x55, 0xA0, 0x00, 0x00, 0x0B, 0xFF,
    0xFF, 0xC0, 0x00, 0x00, 0x07, 0xFF, 0xFF, 0x00, 0x00, 0x00, 0x01, 0xFF, 0xF8, 0x00, 0x00, 0x00,
    0xF0, 0x00, 0x00, 0x00, 0x3C, 0x00, 0x00, 0x00, 0x0F, 0x00, 0x00, 0x00, 0xBF, 0xF8, 0x00, 0x02,
    0xFF, 0xFF, 0xE0, 0x02, 0xFF, 0xFF, 0xFE, 0x02, 0xFF, 0xFF, 0xFF, 0xE0, 0xFF, 0xE7, 0xEF, 0xFC,
    0xBF, 0xE0, 0xF2, 0xFF, 0xBF, 0xF0, 0x3C, 0x3F, 0xFF, 0xFC, 0x0F, 0x0F, 0xFF, 0xFE, 0x03, 0xC2,
    0xFF, 0xFF, 0x80, 0xF0, 0xBF, 0xFF, 0xE0, 0x3C, 0x2F, 0xFF, 0xF8, 0x0F, 0x0B, 0xFF, 0xFE, 0x03,
    0xC2, 0xFF, 0xFF, 0x80, 0xF0, 0xBF, 0xFF, 0xE0, 0x3C, 0x2F, 0xFF, 0xF8, 0x0F, 0x0B, 0xFF, 0xFE,
    0x00, 0x02, 0xFF, 0xFF, 0x80, 0x00, 0xBF, 0xFF, 0xE0, 0x00, 0x2F, 0xFF, 0xF8, 0x00, 0x0B, 0xFF,
    0xFE, 0x00, 0x02, 0xFF, 0x03, 0xFF, 0xFF, 0xE0, 0x00, 0x3F, 0xFF, 0xFF, 0xD0, 0x03, 0xFF, 0xFF,
    0xFF, 0x40, 0x3F, 0xFF, 0xFF, 0xFC, 0x03, 0xFE, 0x00, 0xFF, 0xD0, 0x3F, 0xE0, 0x07, 0xFE, 0x03,
    0xFE, 0x00, 0x3F, 0xE0, 0x3F, 0xE0, 0x03, 0xFE, 0x03, 0xFE, 0x00, 0x7F, 0xE0, 0x3F, 0xE0, 0x0F,
    0xFD, 0x03, 0xFF, 0xFF, 0xFF, 0xC7, 0xFF, 0xFF, 0xFF, 0xF4, 0xBF, 0xFF, 0xFF, 0xFD, 0x0B, 0xFF,
    0xFF, 0xFE, 0x00, 0x03, 0xFE, 0x00, 0x00, 0x00, 0x3F, 0xF0, 0x00, 0x00, 0xBF, 0xFF, 0xF4, 0x00,
    0x0B, 0xFF, 0xFF, 0x40, 0x00, 0x03, 0xFE, 0x00, 0x00, 0x00, 0x3F, 0xE0, 0x00, 0x00, 0x03, 0xFE,
    0x00, 0x00, 0x00, 0x00, 0x03, 0xC3, 0xC0, 0x00, 0x00, 0x0B, 0xFF, 0xE0, 0x00, 0x00, 0xBF, 0xFF,
    0xFE, 0x00, 0x03, 0xFF, 0xFF, 0xFF, 0xC0, 0x0F, 0xFF, 0xD7, 0xFF, 0xF0, 0x2F, 0xF7, 0xC3, 0xDF,
    0xF8, 0x3F, 0xE3, 0xC3, 0xCB, 0xFC, 0xBF, 0xC3, 0xC3, 0xC3, 0xFD, 0xFF, 0xC3, 0xC3, 0xC3, 0xFE,
    0xFF, 0x83, 0xC3, 0xC2, 0xFF, 0xFF, 0x83, 0xC3, 0xC2, 0xFF, 0xFF, 0x83, 0xC3, 0xC1, 0xFF, 0xFF,
    0x80, 0x00, 0x00, 0x00, 0xBF, 0x80, 0x00, 0x00, 0x00, 0x7F, 0xC0, 0x00, 0x00, 0x00, 0x3F, 0xD0,
    0x00, 0x00, 0x00, 0x1F, 0xF0, 0x00, 0x00, 0x00, 0x0B, 0xFD, 0x00, 0x00, 0x00, 0x02, 0xFF, 0x95,
    0x55, 0x54, 0x3F, 0xFF, 0xFF, 0xFF, 0xFC, 0x3F, 0xFF, 0xFF, 0xFF, 0xFC, 0x3F, 0xFF, 0xFF, 0xFF,
    0xFC, 0x03, 0xC3, 0xC0, 0x00, 0xF0, 0xF0, 0x0F, 0xFF, 0xFD, 0x03, 0xFF, 0xFF, 0xF0, 0xFF, 0xFF,
    0xFF, 0x3F, 0xE5, 0xFF, 0xCF, 0xF8, 0x1F, 0xF7, 0xFE, 0x03, 0xFD, 0xFF, 0x80, 0xFF, 0x7F, 0xE0,
    0x7F, 0xDF, 0xF9, 0x7F, 0xF3, 0xFF, 0xFF, 0xF4, 0xFF, 0xFF, 0xF8, 0x3F, 0xFF, 0xFF, 0xCF, 0xF8,
    0x1F, 0xFB, 0xFE, 0x02, 0xFF, 0xFF, 0x80, 0xBF, 0xFF, 0xE0, 0x2F, 0xFF, 0xF8, 0x0F, 0xFF, 0xFE,
    0x5F, 0xFE, 0xFF, 0xFF, 0xFF, 0x3F, 0xFF, 0xFF, 0x0F, 0xFF, 0xFD, 0x00, 0x0F, 0x0F, 0x00, 0x03,
    0xC3, 0xC0, 0x00, 0xF0, 0xF0, 0x00, 0x00, 0x6F, 0xF9, 0x01, 0xFF, 0xFF, 0xC1, 0xFF, 0xFF, 0xF0,
    0xFF, 0xE5, 0xB4, 0x7F, 0xD0, 0x00, 0x2F, 0xF0, 0x00, 0x0F, 0xF8, 0x00, 0x03, 0xFE, 0x00, 0x00,
    0xFF, 0x80, 0x00, 0x3F, 0xE0, 0x00, 0x0F, 0xFC, 0x00, 0x02, 0xFF, 0x40, 0x04, 0x3F, 0xF9, 0x6F,
    0x07, 0xFF, 0xFF, 0xC0, 0x7F, 0xFF, 0xF0, 0x02, 0xFF, 0xE0, 0x00, 0x00, 0x00, 0x15, 0x55, 0x55,
    0x4F, 0xFF, 0xFF, 0xF3, 0xFF, 0xFF, 0xFC, 0xFF, 0xFF, 0xFF, 0x00, 0x00, 0x01, 0x00, 0x00, 0x00,
    0x02, 0xF8, 0x00, 0x00, 0x00, 0xFF, 0xD0, 0x00, 0x00, 0x7F, 0xFE, 0x00, 0x00, 0x0B, 0xFF, 0xE0,
    0x00, 0x00, 0x1F, 0xFD, 0x00, 0x00, 0x00, 0xFF, 0xC0, 0x00, 0x6F, 0xFF, 0xF8, 0x00, 0xFF, 0xFF,
    0xFF, 0x00, 0xFF, 0xFF, 0xFF, 0xD0, 0xFF, 0xFA, 0xFF, 0xF8, 0x7F, 0xE0, 0x0B, 0xFF, 0x3F, 0xF0,
    0x00, 0xBF, 0xCF, 0xF4, 0x00, 0x1F, 0xF3, 0xFD, 0x00, 0x07, 0xFC, 0xFF, 0x80, 0x01, 0xFF, 0x2F,
    0xF0, 0x00, 0xFF, 0x87, 0xFF, 0x41, 0xFF, 0xC0, 0xFF, 0xFF, 0xFF, 0xE0, 0x0F, 0xFF, 0xFF, 0xF0,
    0x00, 0xFF, 0xFF, 0xE0, 0x00, 0x07, 0xFF, 0x90, 0x00, 0x00, 0x00, 0x00, 0x00, 0x00, 0x2F, 0xFD,
    0x08, 0x00, 0xBF, 0xFF, 0xFF, 0x80, 0xFF, 0xFF, 0xFF, 0xF0, 0xBF, 0xFF, 0xFF, 0xF4, 0x3F, 0xF8,
    0x1F, 0xFF, 0x2F, 0xF8, 0x0F, 0xFF, 0xDF, 0xFC, 0x0F, 0xFF, 0xFB, 0xFF, 0x0F, 0xE3, 0xFE, 0xFF,
    0xCF, 0xE0, 0xFF, 0xBF, 0xFF, 0xE0, 0x3F, 0xEB, 0xFF, 0xE0, 0x2F, 0xF4, 0xFF, 0xF0, 0x2F, 0xFC,
    0x2F, 0xFF, 0xFF, 0xFD, 0x1F, 0xFF, 0xFF, 0xFE, 0x0B, 0xFF, 0xFF, 0xFD, 0x00, 0xA0, 0xBF, 0xF8,
    0x00, 0x00, 0x00, 0x00, 0x00, 0x00, 0x00, 0x00, 0x00, 0x00, 0x00, 0x00, 0x00, 0x00, 0x30, 0x00,
    0x00, 0x00, 0x00, 0x0B, 0x40, 0x00, 0x00, 0x00, 0x00, 0xFC, 0x00, 0x00, 0x00, 0x00, 0x2F, 0xD0,
    0x00, 0x00, 0x00, 0x03, 0xFF, 0x00, 0x00, 0x00, 0x00, 0xBF, 0xF4, 0x00, 0x00, 0x00, 0x0F, 0xFF,
    0xC0, 0x00, 0x00, 0x02, 0xFF, 0xFD, 0x00, 0x00, 0x00, 0x3F, 0xEF, 0xF0, 0x00, 0x00, 0x07, 0xF8,
    0xFF, 0x40, 0x00, 0x00, 0xFF, 0x07, 0xFC, 0x00, 0x00, 0x1F, 0xE0, 0x3F, 0xD0, 0x00, 0x03, 0xFC,
    0x01, 0xFF, 0x00, 0x00, 0x7F, 0x80, 0x0F, 0xF4, 0x00, 0x0F, 0xF0, 0x00, 0x7F, 0x80, 0x01, 0xFE,
    0x00, 0x03, 0xFC, 0x00, 0x3F, 0xC0, 0x00, 0x1F, 0xE0, 0x07, 0xFF, 0xFF, 0xFF, 0xFF, 0x00, 0xFF,
    0xFF, 0xFF, 0xFF, 0xF8, 0x1F, 0xFF, 0xFF, 0xFF, 0xFF, 0xC3, 0xFF, 0xFF, 0xFF, 0xFF, 0xFE, 0x15,
    0x55, 0x55, 0x55, 0x55, 0x0F, 0xFF, 0xFF, 0xFF, 0xFF, 0xC3, 0xFF, 0xFF, 0xFF, 0xFF, 0xF0, 0xFF,
    0xFF, 0xFF, 0xFF, 0xFC, 0x3F, 0xFF, 0xFF, 0xFF, 0xFF, 0x00, 0xBF, 0xC0, 0x0F, 0xF8, 0x00, 0x2F,
    0xF0, 0x03, 0xFE, 0x00, 0x0B, 0xFC, 0x00, 0xFF, 0x80, 0x02, 0xFF, 0x00, 0x3F, 0xE0, 0x00, 0xBF,
    0xC0, 0x0F, 0xF8, 0x00, 0x2F, 0xF0, 0x03, 0xFE, 0x00, 0x0B, 0xFC, 0x00, 0xFF, 0x80, 0x02, 0xFF,
    0x00, 0x3F, 0xE0, 0x00, 0xBF, 0xC0, 0x0F, 0xF8, 0x00, 0x2F, 0xF0, 0x03, 0xFE, 0x00, 0x0B, 0xFC,
    0x00, 0xFF, 0x80, 0x02, 0xFF, 0x00, 0x3F, 0xE0, 0x00, 0xBF, 0xC0, 0x0F, 0xF8, 0x00, 0x2F, 0xF0,
    0x03, 0xFE, 0x00, 0x0B, 0xFC, 0x00, 0xFF, 0x80, 0x02, 0xFF, 0x00, 0x3F, 0xE0, 0x00, 0xBF, 0xC0,
    0x0F, 0xF8, 0x00, 0x2F, 0xF0, 0x03, 0xFE, 0x00, 0x0B, 0xFC, 0x00, 0xFF, 0x80, 0x02, 0xFF, 0x00,
    0x3F, 0xE0, 0x00, 0xBF, 0xC0, 0x0F, 0xF8, 0x00, 0x2F, 0xF0, 0x03, 0xFE, 0x00, 0x00, 0x00, 0x00,
    0x00, 0x3F, 0xFF, 0xFF, 0xD1, 0xFF, 0xFF, 0xFF, 0x4F, 0xFF, 0xFF, 0xFD, 0x2F, 0xFF, 0xFF, 0xF4,
    0x2F, 0xF4, 0x00, 0x00, 0x3F, 0xF0, 0x00, 0x00, 0x3F, 0xF0, 0x00, 0x00, 0x7F, 0xE0, 0x00, 0x00,
    0x7F, 0xD0, 0x00, 0x00, 0xBF, 0xC0, 0x00, 0x02, 0xFF, 0x00, 0x00, 0x2F, 0xF4, 0x00, 0x01, 0xFF,
    0x80, 0x00, 0x0F, 0xFC, 0x00, 0x00, 0xFF, 0xC0, 0x00, 0x0F, 0xFC, 0x00, 0x00, 0xBF, 0xFF, 0xFF,
    0xD3, 0xFF, 0xFF, 0xFF, 0x47, 0xFF, 0xFF, 0xFD, 0x0F, 0xFF, 0xFF, 0xF4, 0xFF, 0xFF, 0xFF, 0xFB,
    0xFF, 0xFF, 0xFF, 0xEF, 0xFF, 0xFF, 0xFF, 0xBF, 0xFF, 0xFF, 0xFE, 0x00, 0x00, 0x00, 0x00, 0x00,
    0x00, 0x00, 0x3F, 0xC0, 0x00, 0x00, 0x1F, 0xE0, 0x00, 0x00, 0x0F, 0xF0, 0x00, 0x00, 0x07, 0xF8,
    0x00, 0x00, 0x03, 0xFC, 0x00, 0x00, 0x01, 0xFE, 0x00, 0x00, 0x00, 0xFF, 0x00, 0x00, 0x00, 0x7F,
    0x80, 0x00, 0x00, 0x3F, 0xC0, 0x00, 0x00, 0x1F, 0xF0, 0x00, 0x00, 0x0F, 0xF4, 0x00, 0x00, 0x07,
    0xFC, 0x00, 0x00, 0x03, 0xFD, 0x00, 0x00, 0x00, 0xFF, 0x00, 0x00, 0x00, 0xBF, 0x40, 0x00, 0x00,
    0x3F, 0xC0, 0x00, 0x00, 0x2F, 0xD0, 0x00, 0x00, 0x0F, 0xF0, 0x00, 0x00, 0x0B, 0xF4, 0x00, 0x00,
    0x03, 0xFC, 0x00, 0x00, 0x02, 0xFD, 0x00, 0x00, 0x00, 0xFF, 0x00, 0x00, 0x00, 0xBF, 0x40, 0x00,
    0x00, 0x3F, 0xC0, 0x00, 0x00, 0x2F, 0xD0, 0x00, 0x00, 0x00, 0x00, 0x00, 0x00, 0x00, 0x1F, 0xC1,
    0xFF, 0xCF, 0xFF, 0xBF, 0xFF, 0xFF, 0xF9, 0xFF, 0xC0, 0xB8, 0x00, 0x00, 0x00, 0x00, 0x0F, 0xFF,
    0xE0, 0x00, 0x00, 0x02, 0xFF, 0xFE, 0x00, 0x00, 0x00, 0x3F, 0xFF, 0xE0, 0x00, 0x00, 0x03, 0xFF,
    0xFE, 0x00, 0x00, 0x00, 0xBF, 0xFF, 0xE0, 0x00, 0x00, 0x0F, 0xFC, 0x00, 0x00, 0x00, 0x01, 0xFF,
    0x80, 0x00, 0x00, 0x00, 0x2F, 0xF0, 0x00, 0x00, 0x00, 0x03, 0xFF, 0x00, 0x00, 0x00, 0x00, 0x7F,
    0xD0, 0x00, 0x00, 0x00, 0x0B, 0xFC, 0x00, 0x07, 0xFD, 0x00, 0xFF, 0xC0, 0x00, 0x3F, 0xE0, 0x1F,
    0xF4, 0x00, 0x02, 0xFF, 0x02, 0xFF, 0x00, 0x00, 0x1F, 0xF4, 0x3F, 0xE0, 0x00, 0x00, 0xFF, 0x87,
    0xFD, 0x00, 0x00, 0x07, 0xFC, 0xBF, 0xC0, 0x00, 0x00, 0x3F, 0xDF, 0xF8, 0x00, 0x00, 0x02, 0xFF,
    0xFF, 0x00, 0x00, 0x00, 0x1F, 0xFF, 0xF0, 0x00, 0x00, 0x00, 0xFF, 0xFE, 0x00, 0x00, 0x00, 0x07,
    0xFF, 0xC0, 0x00, 0x00, 0x00, 0x3F, 0xFC, 0x00, 0x00, 0x00, 0x02, 0xFF, 0x40, 0x00, 0x00, 0x00,
    0x0F, 0xF0, 0x00, 0x00, 0x00, 0x02, 0xFF, 0x40, 0x01, 0xFF, 0x80, 0x0F, 0xFF, 0xF0, 0x0F, 0xFF,
    0xF0, 0x3F, 0xFF, 0xFC, 0x3F, 0xFF, 0xFC, 0x7F, 0xFF, 0xFE, 0xBF, 0xFF, 0xFD, 0xBF, 0xC1, 0xFF,
    0xFF, 0x42, 0xFF, 0xFF, 0x00, 0x3F, 0xFC, 0x00, 0xFF, 0xFF, 0x00, 0x1F, 0xF4, 0x00, 0xFF, 0xFF,
    0x00, 0x3F, 0xFC, 0x00, 0xFF, 0xBF, 0xC1, 0xFF, 0xFF, 0x42, 0xFF, 0x7F, 0xFF, 0xFE, 0xBF, 0xFF,
    0xFD, 0x3F, 0xFF, 0xFC, 0x2F, 0xFF, 0xFC, 0x0F, 0xFF, 0xF0, 0x0B, 0xFF, 0xF4, 0x02, 0xFF, 0x40,
    0x01, 0xBF, 0x80, 0x00, 0x00, 0x00, 0x7F, 0xE4, 0x00, 0x00, 0x03, 0xFF, 0xFD, 0x00, 0x00, 0x0B,
    0xFF, 0xFD, 0x00, 0x00, 0x0F, 0xFF, 0xFC, 0x00, 0x00, 0x2F, 0xFE, 0xB8, 0x00, 0x00, 0x3F, 0xF0,
    0x00, 0x00, 0x00, 0x3F, 0xE0, 0x00, 0x00, 0x00, 0x3F, 0xE0, 0x00, 0x00, 0x00, 0x7F, 0xD0, 0x00,
    0x00, 0x00, 0xBF, 0xC0, 0x00, 0x00, 0x00, 0xBF, 0xC0, 0x00, 0x00, 0x00, 0xFF, 0xC0, 0x00, 0x00,
    0x00, 0xFF, 0x80, 0x00, 0x00, 0x01, 0xFF, 0x40, 0x00, 0x00, 0x01, 0xFF, 0x40, 0x00, 0x00, 0x02,
    0xFF, 0x00, 0x00, 0x00, 0x03, 0xFF, 0x00, 0x00, 0x00, 0x03, 0xFF, 0x00, 0x00, 0x00, 0x03, 0xFE,
    0x00, 0x00, 0x00, 0x07, 0xFD, 0x00, 0x00, 0x05, 0x0F, 0xFC, 0x00, 0x00, 0x0F, 0xFF, 0xFC, 0x00,
    0x00, 0x2F, 0xFF, 0xF4, 0x00, 0x00, 0x7F, 0xFF, 0xF0, 0x00, 0x00, 0x7F, 0xFF, 0xC0, 0x00, 0x00,
    0x07, 0xFE, 0x00, 0x00, 0x00, 0x00, 0x00, 0x00, 0x00, 0x0B, 0xFE, 0x00, 0xA8, 0x1F, 0xFF, 0xE6,
    0xFC, 0x3F, 0xFF, 0xFF, 0xFC, 0x3F, 0x06, 0xFF, 0xF4, 0x00, 0x00, 0x2F, 0xD0, 0x00, 0x00, 0x00,
    0x00, 0x07, 0xFD, 0x00, 0xA8, 0x1F, 0xFF, 0xE6, 0xFC, 0x3F, 0xFF, 0xFF, 0xFC, 0x3F, 0x47, 0xFF,
    0xF4, 0x15, 0x00, 0x2F, 0xD0, 0x00, 0x00, 0x15, 0x40, 0x00, 0x01, 0xFE, 0x00, 0x00, 0x0F, 0xF0,
    0x3F, 0xFF, 0xFF, 0xFF, 0xFF, 0xFF, 0xFF, 0xFF, 0xFF, 0xFF, 0xFF, 0xFF, 0xFF, 0xFF, 0xFF, 0x80,
    0x07, 0xF8, 0x00, 0x00, 0x3F, 0xC0, 0x03, 0xFF, 0xFF, 0xFF, 0xFF, 0xFF, 0xFF, 0xFF, 0xFF, 0xFF,
    0xFF, 0xFF, 0xFF, 0xFF, 0xFF, 0xF8, 0x2F, 0xD0, 0x00, 0x00, 0xFF, 0x00, 0x00, 0x00, 0x00, 0x00,
    0x00, 0x00, 0x00, 0x00, 0x00, 0x00, 0x00, 0x2F, 0x40, 0x00, 0x1F, 0xFE, 0x00, 0x1F, 0xFF, 0xFC,
    0x1F, 0xFF, 0xFE, 0x43, 0xFF, 0xFE, 0x40, 0x0F, 0xFF, 0x80, 0x00, 0x3F, 0xFF, 0xF4, 0x00, 0x1B,
    0xFF, 0xFF, 0x80, 0x01, 0xFF, 0xFF, 0x80, 0x00, 0x1F, 0xFE, 0x00, 0x00, 0x01, 0xF4, 0x00, 0x00,
    0x00, 0x03, 0xFF, 0xFF, 0xFF, 0xDF, 0xFF, 0xFF, 0xFF, 0xBF, 0xFF, 0xFF, 0xFE, 0xFF, 0xFF, 0xFF,
    0xF8, 0x00, 0x00, 0x00, 0x00, 0xF9, 0x00, 0x00, 0x03, 0xFF, 0x90, 0x00, 0x1F, 0xFF, 0xF9, 0x00,
    0x1B, 0xFF, 0xFF, 0x90, 0x00, 0xBF, 0xFF, 0xD0, 0x00, 0x1F, 0xFF, 0x80, 0x1B, 0xFF, 0xFD, 0x1B,
    0xFF, 0xFF, 0x80, 0xFF, 0xFF, 0x90, 0x03, 0xFF, 0x90, 0x00, 0x0F, 0x90, 0x00, 0x00, 0x00, 0x00,
    0x00, 0x03, 0xFF, 0xFF, 0xFF, 0xDF, 0xFF, 0xFF, 0xFF, 0xBF, 0xFF, 0xFF, 0xFE, 0xFF, 0xFF, 0xFF,
    0xF8, 0x00, 0x6F, 0xF9, 0x00, 0xBF, 0xF8, 0x01, 0xFF, 0xFE, 0x07, 0xFF, 0xFC, 0x03, 0xFF, 0xFD,
    0x0F, 0xFF, 0xFC, 0x07, 0xFE, 0x58, 0x1F, 0xFD, 0x54, 0x07, 0xFC, 0x00, 0x1F, 0xF0, 0x00, 0x0B,
    0xFC, 0x00, 0x2F, 0xF0, 0x00, 0x2F, 0xFF, 0xFC, 0xBF, 0xFF, 0xF0, 0xFF, 0xFF, 0xFF, 0xFF, 0xFF,
    0xF0, 0xFF, 0xFF, 0xFF, 0xFF, 0xFF, 0xF0, 0x5B, 0xFD, 0x55, 0x6F, 0xF5, 0x50, 0x0B, 0xFC, 0x00,
    0x2F, 0xF0, 0x00, 0x0B, 0xFC, 0x00, 0x2F, 0xF0, 0x00, 0x0B, 0xFC, 0x00, 0x2F, 0xF0, 0x00, 0x0B,
    0xFC, 0x00, 0x2F, 0xF0, 0x00, 0x0B, 0xFC, 0x00, 0x2F, 0xF0, 0x00, 0x0B, 0xFC, 0x00, 0x2F, 0xF0,
    0x00, 0x0B, 0xFC, 0x00, 0x2F, 0xF0, 0x00, 0x0B, 0xFC, 0x00, 0x2F, 0xF0, 0x00, 0x0B, 0xFC, 0x00,
    0x2F, 0xF0, 0x00, 0x0B, 0xFC, 0x00, 0x2F, 0xF0, 0x00, 0x0B, 0xFC, 0x00, 0x2F, 0xF0, 0x00, 0x0B,
    0xFC, 0x00, 0x2F, 0xF0, 0x00, 0x00, 0x00, 0x00, 0x2F, 0x80, 0x00, 0x00, 0x0F, 0xFF, 0x00, 0x7F,
    0xE0, 0xFF, 0xF0, 0x1F, 0xFF, 0x8F, 0xFF, 0x03, 0xFF, 0xF0, 0x2F, 0x80, 0xBF, 0xFF, 0x00, 0x00,
    0x0F, 0xFC, 0x00, 0x00, 0x00, 0xFF, 0x80, 0x00, 0x00, 0xFF, 0xFF, 0xE0, 0x3F, 0xEF, 0xFF, 0xFE,
    0x03, 0xFE, 0xFF, 0xFF, 0xE0, 0x3F, 0xEF, 0xFF, 0xFE, 0x03, 0xFE, 0x0F, 0xF8, 0x00, 0x3F, 0xE0,
    0xFF, 0x80, 0x03, 0xFE, 0x0F, 0xF8, 0x00, 0x3F, 0xE0, 0xFF, 0x80, 0x03, 0xFE, 0x0F, 0xF8, 0x00,
    0x3F, 0xE0, 0xFF, 0x80, 0x03, 0xFE, 0x0F, 0xF8, 0x00, 0x3F, 0xE0, 0xFF, 0x80, 0x03, 0xFE, 0x0F,
    0xF8, 0x00, 0x3F, 0xE0, 0xFF, 0x80, 0x03, 0xFE, 0x0F, 0xF8, 0x00, 0x3F, 0xE0, 0xFF, 0x80, 0x03,
    0xFE, 0x00, 0x6F, 0xE0, 0xBF, 0xC0, 0x7F, 0xFE, 0x2F, 0xF0, 0x3F, 0xFF, 0x4B, 0xFC, 0x2F, 0xFF,
    0xC2, 0xFF, 0x0F, 0xFC, 0x00, 0xBF, 0xC3, 0xFE, 0x00, 0x2F, 0xFF, 0xFF, 0xFF, 0x0B, 0xFF, 0xFF,
    0xFF, 0xC2, 0xFF, 0xFF, 0xFF, 0xF0, 0xBF, 0xFF, 0xFF, 0xFC, 0x2F, 0xF0, 0xFF, 0x80, 0x0B, 0xFC,
    0x3F, 0xE0, 0x02, 0xFF, 0x0F, 0xF8, 0x00, 0xBF, 0xC3, 0xFE, 0x00, 0x2F, 0xF0, 0xFF, 0x80, 0x0B,
    0xFC, 0x3F, 0xE0, 0x02, 0xFF, 0x0F, 0xF8, 0x00, 0xBF, 0xC3, 0xFE, 0x00, 0x2F, 0xF0, 0xFF, 0x80,
    0x0B, 0xFC, 0x3F, 0xE0, 0x02, 0xFF, 0x0F, 0xF8, 0x00, 0xBF, 0xC3, 0xFE, 0x00, 0x2F, 0xF0, 0x00,
    0x6F, 0xF9, 0x00, 0xBF, 0xF8, 0x7E, 0x00, 0x7F, 0xFF, 0x81, 0xFF, 0xFF, 0x3F, 0xD0, 0x3F, 0xFF,
    0xD0, 0xFF, 0xFF, 0x8F, 0xF4, 0x1F, 0xF9, 0x60, 0x7F, 0xF5, 0x51, 0xF8, 0x07, 0xFC, 0x00, 0x1F,
    0xF0, 0x00, 0x00, 0x02, 0xFF, 0x00, 0x0B, 0xFC, 0x00, 0x00, 0x02, 0xFF, 0xFF, 0xCB, 0xFF, 0xFF,
    0x0F, 0xFB, 0xFF, 0xFF, 0xFF, 0xFF, 0xFF, 0xC3, 0xFE, 0xFF, 0xFF, 0xFF, 0xFF, 0xFF, 0xF0, 0xFF,
    0x96, 0xFF, 0x55, 0x5B, 0xFD, 0x54, 0x3F, 0xE0, 0xBF, 0xC0, 0x02, 0xFF, 0x00, 0x0F, 0xF8, 0x2F,
    0xF0, 0x00, 0xBF, 0xC0, 0x03, 0xFE, 0x0B, 0xFC, 0x00, 0x2F, 0xF0, 0x00, 0xFF, 0x82, 0xFF, 0x00,
    0x0B, 0xFC, 0x00, 0x3F, 0xE0, 0xBF, 0xC0, 0x02, 0xFF, 0x00, 0x0F, 0xF8, 0x2F, 0xF0, 0x00, 0xBF,
    0xC0, 0x03, 0xFE, 0x0B, 0xFC, 0x00, 0x2F, 0xF0, 0x00, 0xFF, 0x82, 0xFF, 0x00, 0x0B, 0xFC, 0x00,
    0x3F, 0xE0, 0xBF, 0xC0, 0x02, 0xFF, 0x00, 0x0F, 0xF8, 0x2F, 0xF0, 0x00, 0xBF, 0xC0, 0x03, 0xFE,
    0x0B, 0xFC, 0x00, 0x2F, 0xF0, 0x00, 0xFF, 0x82, 0xFF, 0x00, 0x0B, 0xFC, 0x00, 0x3F, 0xE0, 0x00,
    0x6F, 0xF9, 0x00, 0xBF, 0xF8, 0xFF, 0x80, 0x7F, 0xFF, 0x81, 0xFF, 0xFF, 0x3F, 0xE0, 0x3F, 0xFF,
    0xD0, 0xFF, 0xFF, 0x8F, 0xF8, 0x1F, 0xF9, 0x60, 0x7F, 0xF5, 0x93, 0xFE, 0x07, 0xFC, 0x00, 0x1F,
    0xF0, 0x00, 0xFF, 0x82, 0xFF, 0x00, 0x0B, 0xFC, 0x00, 0x3F, 0xE2, 0xFF, 0xFF, 0xCB, 0xFF, 0xFF,
    0x0F, 0xFB, 0xFF, 0xFF, 0xFF, 0xFF, 0xFF, 0xC3, 0xFE, 0xFF, 0xFF, 0xFF, 0xFF, 0xFF, 0xF0, 0xFF,
    0x96, 0xFF, 0x55, 0x5B, 0xFD, 0x54, 0x3F, 0xE0, 0xBF, 0xC0, 0x02, 0xFF, 0x00, 0x0F, 0xF8, 0x2F,
    0xF0, 0x00, 0xBF, 0xC0, 0x03, 0xFE, 0x0B, 0xFC, 0x00, 0x2F, 0xF0, 0x00, 0xFF, 0x82, 0xFF, 0x00,
    0x0B, 0xFC, 0x00, 0x3F, 0xE0, 0xBF, 0xC0, 0x02, 0xFF, 0x00, 0x0F, 0xF8, 0x2F, 0xF0, 0x00, 0xBF,
    0xC0, 0x03, 0xFE, 0x0B, 0xFC, 0x00, 0x2F, 0xF0, 0x00, 0xFF, 0x82, 0xFF, 0x00, 0x0B, 0xFC, 0x00,
    0x3F, 0xE0, 0xBF, 0xC0, 0x02, 0xFF, 0x00, 0x0F, 0xF8, 0x2F, 0xF0, 0x00, 0xBF, 0xC0, 0x03, 0xFE,
    0x0B, 0xFC, 0x00, 0x2F, 0xF0, 0x00, 0xFF, 0x82, 0xFF, 0x00, 0x0B, 0xFC, 0x00, 0x3F, 0xE0, 0x01,
    0xBF, 0xF9, 0x00, 0x00, 0x2F, 0xFF, 0xFF, 0x80, 0x03, 0xFF, 0xFF, 0xFF, 0xC0, 0x1F, 0xFD, 0x5B,
    0xFF, 0x00, 0xFF, 0xC0, 0x0B, 0xFC, 0x03, 0xFE, 0x00, 0x2F, 0xF0, 0x0F, 0xF8, 0x01, 0xFF, 0xFF,
    0xFF, 0xE0, 0x3F, 0xFF, 0xFF, 0xFF, 0x80, 0xFF, 0xFF, 0xFF, 0xFE, 0x01, 0x6F, 0xF5, 0x5F, 0xF8,
    0x00, 0xBF, 0xC0, 0x3F, 0xE0, 0x02, 0xFF, 0x00, 0xFF, 0x80, 0x0B, 0xFC, 0x03, 0xFE, 0x00, 0x2F,
    0xF0, 0x0F, 0xF8, 0x00, 0xBF, 0xC0, 0x3F, 0xE0, 0x02, 0xFF, 0x00, 0xFF, 0x80, 0x0B, 0xFC, 0x03,
    0xFE, 0x00, 0x1F, 0xF0, 0x0F, 0xF8, 0x00, 0x7F, 0xE5, 0xBF, 0xE0, 0x00, 0xFF, 0xFF, 0xFF, 0x80,
    0x01, 0xFF, 0xFF, 0xFE, 0x00, 0x01, 0xFF, 0xE0, 0x00, 0x00, 0x1F, 0xFF, 0x90, 0x00, 0x00, 0x00,
    0x7F, 0xFF, 0xFF, 0x40, 0x00, 0x00, 0x7F, 0xFF, 0xFF, 0xF4, 0x00, 0x00, 0x3F, 0xF9, 0x5B, 0xFE,
    0x00, 0x00, 0x0F, 0xF0, 0x00, 0xFF, 0x80, 0x00, 0x03, 0xFC, 0x00, 0x3F, 0xE0, 0x00, 0x6F, 0xFF,
    0x80, 0x1F, 0xFF, 0xFC, 0xFF, 0xFF, 0xF8, 0x2F, 0xFF, 0xFF, 0xBF, 0xFF, 0xFC, 0x0F, 0xFF, 0xFF,
    0xFF, 0xF5, 0x6E, 0x01, 0x7F, 0xE5, 0x5F, 0xF8, 0x00, 0x00, 0x0F, 0xF8, 0x03, 0xFF, 0x80, 0x00,
    0x03, 0xFE, 0x00, 0x7F, 0xFE, 0x00, 0x00, 0xFF, 0x80, 0x0B, 0xFF, 0xF8, 0x00, 0x3F, 0xE0, 0x00,
    0x2F, 0xFF, 0xC0, 0x0F, 0xF8, 0x00, 0x00, 0xBF, 0xF8, 0x03, 0xFE, 0x00, 0x00, 0x03, 0xFF, 0x00,
    0xFF, 0x80, 0x00, 0x00, 0xBF, 0xC0, 0x3F, 0xE0, 0x0F, 0x95, 0x7F, 0xF0, 0x0F, 0xFD, 0x5B, 0xFF,
    0xFF, 0xF4, 0x02, 0xFF, 0xFF, 0xFF, 0xFF, 0xF8, 0x00, 0x3F, 0xFF, 0xCB, 0xFF, 0xE0, 0x00, 0x02,
    0xFF, 0x90, 0x00, 0x00, 0x00, 0x20, 0x00, 0x00, 0x00, 0x00, 0x00, 0x03, 0xF0, 0x00, 0x00, 0x00,
    0x00, 0x00, 0x3F, 0xF0, 0x00, 0x00, 0x00, 0x00, 0x03, 0xFF, 0xF0, 0x00, 0x00, 0x00, 0x00, 0x3F,
    0xFF, 0xF0, 0x00, 0x00, 0x00, 0x03, 0xFE, 0xAF, 0xF0, 0x00, 0x00, 0x00, 0x3E, 0x00, 0x07, 0xF0,
    0x00, 0x00, 0x03, 0xF0, 0x00, 0x03, 0xF0, 0x00, 0x00, 0x3F, 0xD0, 0x64, 0x0B, 0xF0, 0x00, 0x03,
    0xFF, 0xEF, 0xF0, 0x1F, 0xF0, 0x00, 0x3F, 0xFF, 0xFF, 0xC0, 0xBF, 0xF0, 0x03, 0xFF, 0xFF, 0xFE,
    0x03, 0xFF, 0xF0, 0x3F, 0xFF, 0xFF, 0xE0, 0x1F, 0xFF, 0xF2, 0xFF, 0xFF, 0xFE, 0x01, 0xFF, 0xFF,
    0xE2, 0xFF, 0xFF, 0xF0, 0x2F, 0xFF, 0xFF, 0x02, 0xFF, 0xFF, 0x81, 0xFF, 0xFF, 0xF0, 0x02, 0xFF,
    0xFD, 0x0B, 0xFF, 0xFF, 0x00, 0x02, 0xFF, 0xFF, 0xFF, 0xFF, 0xF0, 0x00, 0x02, 0xFF, 0xFF, 0xFF,
    0xFF, 0x00, 0x00, 0x02, 0xFF, 0x81, 0xFF, 0xF0, 0x00, 0x00, 0x02, 0xFC, 0x03, 0xFF, 0x00, 0x00,
    0x00, 0x02, 0xF0, 0x0F, 0xF0, 0x00, 0x00, 0x00, 0x02, 0xF4, 0xBF, 0x00, 0x00, 0x00, 0x00, 0x02,
    0xFF, 0xF0, 0x00, 0x00, 0x00, 0x00, 0x02, 0xFF, 0x00, 0x00, 0x00, 0x00, 0x00, 0x02, 0xF0, 0x00,
    0x00, 0x00, 0x00, 0x00, 0x02, 0x00, 0x00, 0x00, 0x00,
};

static const EpdGlyph lexenddeca_14_boldGlyphs[] = {
    { 0, 0, 0, 0, 0, 0, 0 }, // U+0000
    { 0, 0, 129, 0, 0, 0, 0 }, // U+000D
    { 0, 0, 149, 0, 0, 0, 0 }, // U+0020
    { 5, 21, 144, 2, 21, 27, 0 }, // !
    { 13, 8, 223, 1, 21, 26, 27 }, // "
    { 19, 21, 343, 1, 21, 100, 53 }, // #
    { 17, 27, 296, 1, 24, 115, 153 }, // $
    { 26, 21, 452, 1, 21, 137, 268 }, // %
    { 22, 21, 362, 1, 21, 116, 405 }, // &
    { 6, 8, 118, 1, 21, 12, 521 }, // '
    { 11, 27, 182, 1, 21, 75, 533 }, // (
    { 11, 27, 182, 0, 21, 75, 608 }, // )
    { 13, 12, 205, 0, 22, 39, 683 }, // *
    { 15, 15, 279, 1, 16, 57, 722 }, // +
    { 7, 10, 134, 1, 4, 18, 779 }, // ,
    { 10, 5, 209, 1, 11, 13, 797 }, // -
    { 5, 5, 120, 1, 5, 7, 810 }, // .
    { 17, 25, 278, 0, 21, 107, 817 }, // /
    { 17, 21, 315, 1, 21, 90, 924 }, // 0
    { 13, 21, 262, 2, 21, 69, 1014 }, // 1
    { 16, 21, 256, 0, 21, 84, 1083 }, // 2
    { 16, 21, 276, 1, 21, 84, 1167 }, // 3
    { 18, 21, 309, 0, 21, 95, 1251 }, // 4
    { 16, 21, 278, 0, 21, 84, 1346 }, // 5
    { 15, 21, 270, 1, 21, 79, 1430 }, // 6
    { 14, 21, 258, 1, 21, 74, 1509 }, // 7
    { 15, 21, 280, 1, 21, 79, 1583 }, // 8
    { 15, 21, 269, 1, 21, 79, 1662 }, // 9
    { 5, 16, 120, 1, 16, 20, 1741 }, // :
    { 7, 22, 136, 1, 16, 39, 1761 }, // ;
    { 14, 17, 245, 1, 16, 60, 1800 }, // <
    { 14, 11, 291, 2, 14, 39, 1860 }, // =
    { 14, 17, 246, 1, 16, 60, 1899 }, // >
    { 14, 21, 250, 1, 21, 74, 1959 }, // ?
    { 26, 25, 450, 1, 21, 163, 2033 }, // @
    { 22, 21, 324, -1, 21, 116, 2196 }, // A
    { 17, 21, 327, 3, 21, 90, 2312 }, // B
    { 18, 21, 324, 1, 21, 95, 2402 }, // C
    { 19, 21, 360, 3, 21, 100, 2497 }, // D
    { 15, 21, 301, 3, 21, 79, 2597 }, // E
    { 14, 21, 288, 3, 21, 74, 2676 }, // F
    { 20, 21, 365, 1, 21, 105, 2750 }, // G
    { 18, 21, 364, 3, 21, 95, 2855 }, // H
    { 12, 21, 259, 2, 21, 63, 2950 }, // I
    { 17, 21, 310, 1, 21, 90, 3013 }, // J
    { 19, 21, 345, 3, 21, 100, 3103 }, // K
    { 14, 21, 284, 3, 21, 74, 3203 }, // L
    { 21, 21, 410, 3, 21, 111, 3277 }, // M
    { 19, 21, 377, 3, 21, 100, 3388 }, // N
    { 21, 21, 379, 1, 21, 111, 3488 }, // O
    { 15, 21, 309, 3, 21, 79, 3599 }, // P
    { 21, 24, 379, 1, 21, 126, 3678 }, // Q
    { 17, 21, 328, 3, 21, 90, 3804 }, // R
    { 18, 21, 296, 0, 21, 95, 3894 }, // S
    { 17, 21, 306, 1, 21, 90, 3989 }, // T
    { 18, 21, 357, 2, 21, 95, 4079 }, // U
    { 21, 21, 332, 0, 21, 111, 4174 }, // V
    { 30, 21, 463, -1, 21, 158, 4285 }, // W
    { 22, 21, 329, -1, 21, 116, 4443 }, // X
    { 22, 21, 322, -1, 21, 116, 4559 }, // Y
    { 16, 21, 319, 2, 21, 84, 4675 }, // Z
    { 9, 27, 196, 2, 21, 61, 4759 }, // [
    { 17, 24, 273, 0, 21, 102, 4820 }, // <backslash>
    { 9, 27, 196, 1, 21, 61, 4922 }, // ]
    { 17, 11, 276, 0, 22, 47, 4983 }, // ^
    { 18, 5, 321, 1, -1, 23, 5030 }, // _
    { 8, 7, 233, 3, 24, 14, 5053 }, // `
    { 16, 16, 308, 1, 16, 64, 5067 }, // a
    { 16, 22, 307, 2, 22, 88, 5131 }, // b
    { 15, 16, 254, 1, 16, 60, 5219 }, // c
    { 16, 22, 305, 1, 22, 88, 5279 }, // d
    { 15, 16, 274, 1, 16, 60, 5367 }, // e
    { 12, 22, 183, 1, 22, 66, 5427 }, // f
    { 17, 22, 312, 1, 16, 94, 5493 }, // g
    { 15, 22, 296, 2, 22, 83, 5587 }, // h
    { 6, 24, 149, 2, 24, 36, 5670 }, // i
    { 10, 30, 147, -2, 24, 75, 5706 }, // j
    { 17, 22, 292, 2, 22, 94, 5781 }, // k
    { 5, 22, 142, 2, 22, 28, 5875 }, // l
    { 25, 16, 449, 2, 16, 100, 5903 }, // m
    { 15, 16, 296, 2, 16, 60, 6003 }, // n
    { 17, 16, 299, 1, 16, 68, 6063 }, // o
    { 16, 22, 308, 2, 16, 88, 6131 }, // p
    { 16, 22, 307, 1, 16, 88, 6219 }, // q
    { 12, 16, 212, 2, 16, 48, 6307 }, // r
    { 14, 16, 231, 0, 16, 56, 6355 }, // s
    { 11, 20, 186, 0, 20, 55, 6411 }, // t
    { 15, 16, 300, 2, 16, 60, 6466 }, // u
    { 18, 16, 282, 0, 16, 72, 6526 }, // v
    { 24, 16, 389, 0, 16, 96, 6598 }, // w
    { 18, 16, 283, 0, 16, 72, 6694 }, // x
    { 19, 22, 289, 0, 16, 105, 6766 }, // y
    { 14, 16, 257, 1, 16, 56, 6871 }, // z
    { 12, 28, 199, 1, 21, 84, 6927 }, // {
    { 5, 28, 148, 2, 22, 35, 7011 }, // |
    { 11, 28, 199, 0, 21, 77, 7046 }, // }
    { 15, 6, 260, 1, 12, 23, 7123 }, // ~
    { 0, 0, 149, 0, 0, 0, 7146 }, // U+00A0
    { 5, 21, 144, 2, 16, 27, 7146 }, // U+00A1
    { 15, 21, 263, 1, 21, 79, 7173 }, // U+00A2
    { 18, 21, 298, 0, 21, 95, 7252 }, // U+00A3
    { 16, 16, 261, 0, 17, 64, 7347 }, // U+00A4
    { 21, 21, 322, 0, 21, 111, 7411 }, // U+00A5
    { 5, 28, 151, 2, 22, 35, 7522 }, // U+00A6
    { 15, 27, 268, 1, 21, 102, 7557 }, // U+00A7
    { 12, 5, 233, 1, 23, 15, 7659 }, // U+00A8
    { 22, 22, 369, 1, 21, 121, 7674 }, // U+00A9
    { 10, 10, 182, 1, 21, 25, 7795 }, // U+00AA
    { 16, 15, 262, 1, 15, 60, 7820 }, // U+00AB
    { 18, 10, 313, 1, 13, 45, 7880 }, // U+00AC
    { 10, 5, 212, 2, 11, 13, 7925 }, // U+00AD
    { 15, 15, 237, 1, 22, 57, 7938 }, // U+00AE
    { 10, 3, 198, 2, 22, 8, 7995 }, // U+00AF
    { 10, 10, 248, 3, 22, 25, 8003 }, // U+00B0
    { 15, 17, 299, 2, 17, 64, 8028 }, // U+00B1
    { 10, 10, 170, 0, 23, 25, 8092 }, // U+00B2
    { 9, 11, 166, 1, 23, 25, 8117 }, // U+00B3
    { 8, 7, 233, 3, 24, 14, 8142 }, // U+00B4
    { 15, 20, 298, 2, 16, 75, 8156 }, // U+00B5
    { 19, 21, 356, 1, 21, 100, 8231 }, // U+00B6
    { 5, 5, 120, 1, 12, 7, 8331 }, // U+00B7
    { 7, 8, 233, 4, 1, 14, 8338 }, // U+00B8
    { 7, 10, 136, 0, 23, 18, 8352 }, // U+00B9
    { 10, 10, 187, 1, 21, 25, 8370 }, // U+00BA
    { 16, 15, 264, 1, 15, 60, 8395 }, // U+00BB
    { 23, 21, 383, 1, 21, 121, 8455 }, // U+00BC
    { 23, 22, 386, 1, 22, 127, 8576 }, // U+00BD
    { 24, 21, 397, 0, 21, 126, 8703 }, // U+00BE
    { 14, 21, 250, 1, 16, 74, 8829 }, // U+00BF
    { 22, 29, 324, -1, 29, 160, 8903 }, // U+00C0
    { 22, 29, 324, -1, 29, 160, 9063 }, // U+00C1
    { 22, 27, 324, -1, 27, 149, 9223 }, // U+00C2
    { 21, 28, 324, 0, 28, 147, 9372 }, // U+00C3
    { 22, 27, 324, -1, 27, 149, 9519 }, // U+00C4
    { 22, 27, 324, -1, 27, 149, 9668 }, // U+00C5
    { 31, 21, 502, -1, 21, 163, 9817 }, // U+00C6
    { 18, 28, 324, 1, 21, 126, 9980 }, // U+00C7
    { 15, 29, 301, 3, 29, 109, 10106 }, // U+00C8
    { 15, 29, 301, 3, 29, 109, 10215 }, // U+00C9
    { 15, 27, 301, 3, 27, 102, 10324 }, // U+00CA
    { 15, 27, 301, 3, 27, 102, 10426 }, // U+00CB
    { 12, 29, 259, 2, 29, 87, 10528 }, // U+00CC
    { 12, 29, 259, 2, 29, 87, 10615 }, // U+00CD
    { 12, 27, 259, 2, 27, 81, 10702 }, // U+00CE
    { 12, 27, 259, 2, 27, 81, 10783 }, // U+00CF
    { 21, 21, 360, 1, 21, 111, 10864 }, // U+00D0
    { 19, 28, 377, 3, 28, 133, 10975 }, // U+00D1
    { 21, 28, 379, 1, 28, 147, 11108 }, // U+00D2
    { 21, 28, 379, 1, 28, 147, 11255 }, // U+00D3
    { 21, 28, 379, 1, 28, 147, 11402 }, // U+00D4
    { 21, 28, 379, 1, 28, 147, 11549 }, // U+00D5
    { 21, 28, 379, 1, 28, 147, 11696 }, // U+00D6
    { 14, 14, 248, 1, 15, 49, 11843 }, // U+00D7
    { 21, 24, 377, 1, 22, 126, 11892 }, // U+00D8
    { 18, 29, 357, 2, 29, 131, 12018 }, // U+00D9
    { 18, 29, 357, 2, 29, 131, 12149 }, // U+00DA
    { 18, 27, 357, 2, 27, 122, 12280 }, // U+00DB
    { 18, 27, 357, 2, 27, 122, 12402 }, // U+00DC
    { 22, 29, 322, -1, 29, 160, 12524 }, // U+00DD
    { 15, 21, 309, 3, 21, 79, 12684 }, // U+00DE
    { 18, 22, 311, 1, 22, 99, 12763 }, // U+00DF
    { 16, 24, 308, 1, 24, 96, 12862 }, // U+00E0
    { 16, 24, 308, 1, 24, 96, 12958 }, // U+00E1
    { 16, 24, 308, 1, 24, 96, 13054 }, // U+00E2
    { 16, 23, 308, 1, 23, 92, 13150 }, // U+00E3
    { 16, 24, 308, 1, 24, 96, 13242 }, // U+00E4
    { 16, 25, 308, 1, 25, 100, 13338 }, // U+00E5
    { 25, 16, 420, 1, 16, 100, 13438 }, // U+00E6
    { 15, 23, 254, 1, 16, 87, 13538 }, // U+00E7
    { 15, 24, 274, 1, 24, 90, 13625 }, // U+00E8
    { 15, 24, 274, 1, 24, 90, 13715 }, // U+00E9
    { 15, 24, 274, 1, 24, 90, 13805 }, // U+00EA
    { 15, 24, 274, 1, 24, 90, 13895 }, // U+00EB
    { 8, 25, 135, 0, 25, 50, 13985 }, // U+00EC
    { 9, 25, 135, 0, 25, 57, 14035 }, // U+00ED
    { 12, 23, 135, -2, 23, 69, 14092 }, // U+00EE
    { 12, 24, 135, -2, 24, 72, 14161 }, // U+00EF
    { 16, 23, 279, 1, 23, 92, 14233 }, // U+00F0
    { 15, 23, 296, 2, 23, 87, 14325 }, // U+00F1
    { 17, 24, 299, 1, 24, 102, 14412 }, // U+00F2
    { 17, 24, 299, 1, 24, 102, 14514 }, // U+00F3
    { 17, 24, 299, 1, 24, 102, 14616 }, // U+00F4
    { 17, 23, 299, 1, 23, 98, 14718 }, // U+00F5
    { 17, 24, 299, 1, 24, 102, 14816 }, // U+00F6
    { 15, 16, 279, 1, 16, 60, 14918 }, // U+00F7
    { 17, 18, 299, 1, 17, 77, 14978 }, // U+00F8
    { 15, 25, 300, 2, 25, 94, 15055 }, // U+00F9
    { 15, 25, 300, 2, 25, 94, 15149 }, // U+00FA
    { 15, 24, 300, 2, 24, 90, 15243 }, // U+00FB
    { 15, 24, 300, 2, 24, 90, 15333 }, // U+00FC
    { 19, 31, 289, 0, 25, 148, 15423 }, // U+00FD
    { 16, 28, 308, 2, 22, 112, 15571 }, // U+00FE
    { 18, 30, 289, 0, 24, 135, 15683 }, // U+00FF
    { 20, 26, 324, 0, 26, 130, 15818 }, // U+0100
    { 16, 22, 308, 1, 22, 88, 15948 }, // U+0101
    { 22, 27, 324, -1, 27, 149, 16036 }, // U+0102
    { 16, 23, 308, 1, 23, 92, 16185 }, // U+0103
    { 21, 27, 324, -1, 21, 142, 16277 }, // U+0104
    { 16, 22, 308, 1, 16, 88, 16419 }, // U+0105
    { 18, 28, 324, 1, 28, 126, 16507 }, // U+0106
    { 15, 24, 254, 1, 24, 90, 16633 }, // U+0107
    { 18, 28, 324, 1, 28, 126, 16723 }, // U+0108
    { 15, 24, 254, 1, 24, 90, 16849 }, // U+0109
    { 19, 28, 324, 1, 28, 133, 16939 }, // U+010A
    { 15, 24, 254, 1, 24, 90, 17072 }, // U+010B
    { 18, 28, 324, 1, 28, 126, 17162 }, // U+010C
    { 15, 24, 254, 1, 24, 90, 17288 }, // U+010D
    { 19, 28, 360, 3, 28, 133, 17378 }, // U+010E
    { 23, 22, 352, 1, 22, 127, 17511 }, // U+010F
    { 21, 21, 360, 1, 21, 111, 17638 }, // U+0110
    { 18, 22, 305, 1, 22, 99, 17749 }, // U+0111
    { 15, 26, 301, 3, 26, 98, 17848 }, // U+0112
    { 15, 22, 274, 1, 22, 83, 17946 }, // U+0113
    { 15, 27, 301, 3, 27, 102, 18029 }, // U+0114
    { 15, 23, 274, 1, 23, 87, 18131 }, // U+0115
    { 15, 27, 301, 3, 27, 102, 18218 }, // U+0116
    { 15, 24, 274, 1, 24, 90, 18320 }, // U+0117
    { 15, 27, 301, 3, 21, 102, 18410 }, // U+0118
    { 15, 22, 274, 1, 16, 83, 18512 }, // U+0119
    { 15, 28, 301, 3, 28, 105, 18595 }, // U+011A
    { 15, 24, 274, 1, 24, 90, 18700 }, // U+011B
    { 20, 28, 365, 1, 28, 140, 18790 }, // U+011C
    { 17, 30, 312, 1, 24, 128, 18930 }, // U+011D
    { 20, 28, 365, 1, 28, 140, 19058 }, // U+011E
    { 17, 29, 312, 1, 23, 124, 19198 }, // U+011F
    { 20, 28, 365, 1, 28, 140, 19322 }, // U+0120
    { 17, 31, 312, 1, 25, 132, 19462 }, // U+0121
    { 20, 30, 365, 1, 21, 150, 19594 }, // U+0122
    { 17, 32, 312, 1, 26, 136, 19744 }, // U+0123
    { 18, 27, 364, 3, 27, 122, 19880 }, // U+0124
    { 15, 29, 296, 2, 29, 109, 20002 }, // U+0125
    { 22, 21, 383, 1, 21, 116, 20111 }, // U+0126
    { 17, 22, 296, 0, 22, 94, 20227 }, // U+0127
    { 12, 28, 259, 2, 28, 84, 20321 }, // U+0128
    { 11, 23, 135, -1, 23, 64, 20405 }, // U+0129
    { 12, 26, 259, 2, 26, 78, 20469 }, // U+012A
    { 10, 22, 135, -1, 22, 55, 20547 }, // U+012B
    { 12, 27, 259, 2, 27, 81, 20602 }, // U+012C
    { 11, 23, 135, -1, 23, 64, 20683 }, // U+012D
    { 12, 27, 259, 2, 21, 81, 20747 }, // U+012E
    { 8, 30, 135, 1, 24, 60, 20828 }, // U+012F
    { 12, 27, 259, 2, 27, 81, 20888 }, // U+0130
    { 5, 16, 135, 2, 16, 20, 20969 }, // U+0131
    { 32, 21, 569, 2, 21, 168, 20989 }, // U+0132
    { 15, 30, 296, 2, 24, 113, 21157 }, // U+0133
    { 17, 28, 310, 1, 28, 119, 21270 }, // U+0134
    { 13, 29, 147, -2, 23, 95, 21389 }, // U+0135
    { 19, 30, 345, 3, 21, 143, 21484 }, // U+0136
    { 17, 31, 292, 2, 22, 132, 21627 }, // U+0137
    { 16, 16, 294, 2, 16, 64, 21759 }, // U+0138
    { 16, 29, 284, 1, 29, 116, 21823 }, // U+0139
    { 9, 30, 142, 0, 30, 68, 21939 }, // U+013A
    { 14, 30, 284, 3, 21, 105, 22007 }, // U+013B
    { 6, 31, 142, 1, 22, 47, 22112 }, // U+013C
    { 14, 21, 284, 3, 21, 74, 22159 }, // U+013D
    { 12, 22, 189, 2, 22, 66, 22233 }, // U+013E
    { 14, 21, 284, 3, 21, 74, 22299 }, // U+013F
    { 11, 22, 209, 2, 22, 61, 22373 }, // U+0140
    { 18, 21, 292, -1, 21, 95, 22434 }, // U+0141
    { 12, 22, 176, -1, 22, 66, 22529 }, // U+0142
    { 19, 29, 377, 3, 29, 138, 22595 }, // U+0143
    { 15, 24, 296, 2, 24, 90, 22733 }, // U+0144
    { 19, 30, 377, 3, 21, 143, 22823 }, // U+0145
    { 15, 25, 296, 2, 16, 94, 22966 }, // U+0146
    { 19, 28, 377, 3, 28, 133, 23060 }, // U+0147
    { 15, 24, 296, 2, 24, 90, 23193 }, // U+0148
    { 21, 21, 313, -3, 21, 111, 23283 }, // U+0149
    { 19, 27, 377, 3, 21, 129, 23394 }, // U+014A
    { 15, 22, 296, 2, 16, 83, 23523 }, // U+014B
    { 21, 27, 379, 1, 27, 142, 23606 }, // U+014C
    { 17, 22, 299, 1, 22, 94, 23748 }, // U+014D
    { 21, 28, 379, 1, 28, 147, 23842 }, // U+014E
    { 17, 23, 299, 1, 23, 98, 23989 }, // U+014F
    { 21, 29, 379, 1, 29, 153, 24087 }, // U+0150
    { 17, 24, 299, 1, 24, 102, 24240 }, // U+0151
    { 29, 21, 504, 1, 21, 153, 24342 }, // U+0152
    { 28, 16, 468, 1, 16, 112, 24495 }, // U+0153
    { 17, 29, 328, 3, 29, 124, 24607 }, // U+0154
    { 12, 24, 212, 2, 24, 72, 24731 }, // U+0155
    { 17, 30, 328, 3, 21, 128, 24803 }, // U+0156
    { 12, 25, 212, 1, 16, 75, 24931 }, // U+0157
    { 17, 28, 328, 3, 28, 119, 25006 }, // U+0158
    { 12, 24, 212, 2, 24, 72, 25125 }, // U+0159
    { 18, 28, 296, 0, 28, 126, 25197 }, // U+015A
    { 14, 24, 231, 0, 24, 84, 25323 }, // U+015B
    { 18, 28, 296, 0, 28, 126, 25407 }, // U+015C
    { 14, 24, 231, 0, 24, 84, 25533 }, // U+015D
    { 18, 28, 296, 0, 21, 126, 25617 }, // U+015E
    { 14, 23, 231, 0, 16, 81, 25743 }, // U+015F
    { 18, 28, 296, 0, 28, 126, 25824 }, // U+0160
    { 14, 24, 231, 0, 24, 84, 25950 }, // U+0161
    { 17, 29, 306, 1, 21, 124, 26034 }, // U+0162
    { 11, 28, 186, 0, 20, 77, 26158 }, // U+0163
    { 17, 28, 306, 1, 28, 119, 26235 }, // U+0164
    { 14, 25, 186, 0, 25, 88, 26354 }, // U+0165
    { 17, 21, 306, 1, 21, 90, 26442 }, // U+0166
    { 11, 20, 186, 0, 20, 55, 26532 }, // U+0167
    { 18, 28, 357, 2, 28, 126, 26587 }, // U+0168
    { 15, 23, 300, 2, 23, 87, 26713 }, // U+0169
    { 18, 26, 357, 2, 26, 117, 26800 }, // U+016A
    { 15, 22, 300, 2, 22, 83, 26917 }, // U+016B
    { 18, 28, 357, 2, 28, 126, 27000 }, // U+016C
    { 15, 23, 300, 2, 23, 87, 27126 }, // U+016D
    { 18, 28, 357, 2, 28, 126, 27213 }, // U+016E
    { 15, 25, 300, 2, 25, 94, 27339 }, // U+016F
    { 18, 29, 357, 2, 29, 131, 27433 }, // U+0170
    { 15, 25, 300, 2, 25, 94, 27564 }, // U+0171
    { 18, 27, 357, 2, 21, 122, 27658 }, // U+0172
    { 15, 22, 300, 2, 16, 83, 27780 }, // U+0173
    { 30, 27, 463, -1, 27, 203, 27863 }, // U+0174
    { 24, 23, 389, 0, 23, 138, 28066 }, // U+0175
    { 22, 27, 322, -1, 27, 149, 28204 }, // U+0176
    { 19, 30, 289, 0, 24, 143, 28353 }, // U+0177
    { 22, 27, 322, -1, 27, 149, 28496 }, // U+0178
    { 16, 29, 319, 2, 29, 116, 28645 }, // U+0179
    { 14, 25, 257, 1, 25, 88, 28761 }, // U+017A
    { 16, 27, 319, 2, 27, 108, 28849 }, // U+017B
    { 14, 24, 257, 1, 24, 84, 28957 }, // U+017C
    { 16, 28, 319, 2, 28, 112, 29041 }, // U+017D
    { 14, 24, 257, 1, 24, 84, 29153 }, // U+017E
    { 10, 22, 179, 2, 22, 55, 29237 }, // U+017F
    { 21, 25, 379, 1, 25, 132, 29292 }, // U+01A0
    { 17, 20, 299, 1, 20, 85, 29424 }, // U+01A1
    { 21, 25, 357, 2, 25, 132, 29509 }, // U+01AF
    { 18, 20, 300, 2, 20, 90, 29641 }, // U+01B0
    { 37, 28, 658, 3, 28, 259, 29731 }, // U+01C4
    { 35, 24, 617, 3, 24, 210, 29990 }, // U+01C5
    { 33, 24, 562, 1, 24, 198, 30200 }, // U+01C6
    { 33, 21, 595, 3, 21, 174, 30398 }, // U+01C7
    { 23, 30, 431, 3, 24, 173, 30572 }, // U+01C8
    { 14, 30, 282, 2, 24, 105, 30745 }, // U+01C9
    { 39, 21, 687, 3, 21, 205, 30850 }, // U+01CA
    { 29, 30, 524, 3, 24, 218, 31055 }, // U+01CB
    { 24, 30, 444, 2, 24, 180, 31273 }, // U+01CC
    { 22, 28, 324, -1, 28, 154, 31453 }, // U+01CD
    { 16, 24, 308, 1, 24, 96, 31607 }, // U+01CE
    { 12, 28, 259, 2, 28, 84, 31703 }, // U+01CF
    { 12, 24, 135, -2, 24, 72, 31787 }, // U+01D0
    { 21, 28, 379, 1, 28, 147, 31859 }, // U+01D1
    { 17, 24, 299, 1, 24, 102, 32006 }, // U+01D2
    { 18, 28, 357, 2, 28, 126, 32108 }, // U+01D3
    { 15, 24, 300, 2, 24, 90, 32234 }, // U+01D4
    { 17, 30, 353, 2, 30, 128, 32324 }, // U+01D5
    { 15, 25, 303, 2, 25, 94, 32452 }, // U+01D6
    { 17, 30, 353, 2, 30, 128, 32546 }, // U+01D7
    { 15, 26, 303, 2, 26, 98, 32674 }, // U+01D8
    { 17, 31, 353, 2, 31, 132, 32772 }, // U+01D9
    { 15, 26, 303, 2, 26, 98, 32904 }, // U+01DA
    { 17, 30, 353, 2, 30, 128, 33002 }, // U+01DB
    { 15, 26, 303, 2, 26, 98, 33130 }, // U+01DC
    { 15, 16, 279, 1, 16, 60, 33228 }, // U+01DD
    { 22, 30, 323, -1, 30, 165, 33288 }, // U+01DE
    { 15, 25, 280, 1, 25, 94, 33453 }, // U+01DF
    { 22, 31, 323, -1, 31, 171, 33547 }, // U+01E0
    { 15, 26, 280, 1, 26, 98, 33718 }, // U+01E1
    { 26, 26, 444, 0, 26, 169, 33816 }, // U+01E2
    { 25, 21, 428, 1, 21, 132, 33985 }, // U+01E3
    { 19, 21, 338, 2, 21, 100, 34117 }, // U+01E4
    { 17, 23, 297, 1, 16, 98, 34217 }, // U+01E5
    { 20, 28, 365, 1, 28, 140, 34315 }, // U+01E6
    { 17, 31, 312, 1, 25, 132, 34455 }, // U+01E7
    { 17, 27, 308, 3, 27, 115, 34587 }, // U+01E8
    { 20, 28, 289, -2, 28, 140, 34702 }, // U+01E9
    { 21, 27, 379, 1, 21, 142, 34842 }, // U+01EA
    { 17, 22, 299, 1, 16, 94, 34984 }, // U+01EB
    { 20, 32, 369, 2, 25, 160, 35078 }, // U+01EC
    { 16, 28, 292, 1, 21, 112, 35238 }, // U+01ED
    { 16, 27, 276, 0, 27, 108, 35350 }, // U+01EE
    { 16, 29, 271, 0, 22, 116, 35458 }, // U+01EF
    { 13, 29, 139, -2, 22, 95, 35574 }, // U+01F0
    { 37, 21, 658, 3, 21, 195, 35669 }, // U+01F1
    { 35, 21, 617, 3, 21, 184, 35864 }, // U+01F2
    { 31, 22, 525, 1, 22, 171, 36048 }, // U+01F3
    { 17, 27, 338, 2, 27, 115, 36219 }, // U+01F4
    { 15, 29, 295, 1, 22, 109, 36334 }, // U+01F5
    { 26, 21, 489, 3, 21, 137, 36443 }, // U+01F6
    { 16, 28, 316, 3, 21, 112, 36580 }, // U+01F7
    { 19, 27, 376, 3, 27, 129, 36692 }, // U+01F8
    { 15, 22, 303, 2, 22, 83, 36821 }, // U+01F9
    { 22, 34, 324, -1, 34, 187, 36904 }, // U+01FA
    { 16, 33, 308, 1, 33, 132, 37091 }, // U+01FB
    { 31, 29, 502, -1, 29, 225, 37223 }, // U+01FC
    { 25, 24, 420, 1, 24, 150, 37448 }, // U+01FD
    { 21, 30, 377, 1, 28, 158, 37598 }, // U+01FE
    { 17, 25, 299, 1, 24, 107, 37756 }, // U+01FF
    { 22, 29, 324, -1, 29, 160, 37863 }, // U+0200
    { 16, 24, 308, 1, 24, 96, 38023 }, // U+0201
    { 22, 27, 324, -1, 27, 149, 38119 }, // U+0202
    { 16, 23, 308, 1, 23, 92, 38268 }, // U+0203
    { 16, 29, 301, 2, 29, 116, 38360 }, // U+0204
    { 16, 24, 274, 0, 24, 96, 38476 }, // U+0205
    { 15, 27, 301, 3, 27, 102, 38572 }, // U+0206
    { 15, 23, 274, 1, 23, 87, 38674 }, // U+0207
    { 15, 29, 259, -1, 29, 109, 38761 }, // U+0208
    { 15, 25, 135, -5, 25, 94, 38870 }, // U+0209
    { 12, 27, 259, 2, 27, 81, 38964 }, // U+020A
    { 11, 23, 135, -1, 23, 64, 39045 }, // U+020B
    { 21, 29, 379, 1, 29, 153, 39109 }, // U+020C
    { 18, 24, 299, 0, 24, 108, 39262 }, // U+020D
    { 21, 27, 379, 1, 27, 142, 39370 }, // U+020E
    { 17, 23, 299, 1, 23, 98, 39512 }, // U+020F
    { 18, 29, 328, 2, 29, 131, 39610 }, // U+0210
    { 15, 24, 212, -1, 24, 90, 39741 }, // U+0211
    { 17, 27, 328, 3, 27, 115, 39831 }, // U+0212
    { 12, 23, 212, 2, 23, 69, 39946 }, // U+0213
    { 18, 29, 357, 2, 29, 131, 40015 }, // U+0214
    { 16, 25, 300, 1, 25, 100, 40146 }, // U+0215
    { 18, 27, 357, 2, 27, 122, 40246 }, // U+0216
    { 15, 23, 300, 2, 23, 87, 40368 }, // U+0217
    { 18, 30, 296, 0, 21, 135, 40455 }, // U+0218
    { 14, 25, 231, 0, 16, 88, 40590 }, // U+0219
    { 17, 30, 306, 1, 21, 128, 40678 }, // U+021A
    { 11, 29, 186, 0, 20, 80, 40806 }, // U+021B
    { 16, 26, 294, 1, 21, 104, 40886 }, // U+021C
    { 14, 23, 236, 0, 16, 81, 40990 }, // U+021D
    { 17, 27, 357, 3, 27, 115, 41071 }, // U+021E
    { 19, 28, 303, -2, 28, 133, 41186 }, // U+021F
    { 8, 7, 0, 3, 24, 14, 41319 }, // U+0300
    { 8, 7, 0, 3, 24, 14, 41333 }, // U+0301
    { 12, 6, 0, 1, 23, 18, 41347 }, // U+0302
    { 11, 5, 0, 2, 23, 14, 41365 }, // U+0303
    { 10, 3, 0, 2, 22, 8, 41379 }, // U+0304
    { 12, 4, 0, -6, 25, 12, 41387 }, // U+0305
    { 11, 5, 0, 2, 23, 14, 41399 }, // U+0306
    { 6, 5, 0, 5, 24, 8, 41413 }, // U+0307
    { 12, 5, 0, 1, 23, 15, 41421 }, // U+0308
    { 8, 8, 0, 3, 24, 16, 41436 }, // U+0309
    { 7, 7, 0, 4, 25, 13, 41452 }, // U+030A
    { 14, 7, 0, 0, 24, 25, 41465 }, // U+030B
    { 12, 6, 0, 1, 24, 18, 41490 }, // U+030C
    { 3, 5, 0, -1, 22, 4, 41508 }, // U+030D
    { 8, 5, 0, -4, 22, 10, 41512 }, // U+030E
    { 14, 7, 0, 0, 24, 25, 41522 }, // U+030F
    { 10, 7, 0, -5, 24, 18, 41547 }, // U+0310
    { 11, 5, 0, 2, 23, 14, 41565 }, // U+0311
    { 5, 8, 0, 5, 25, 10, 41579 }, // U+0312
    { 6, 7, 0, -3, 21, 11, 41589 }, // U+0313
    { 6, 7, 0, -3, 21, 11, 41600 }, // U+0314
    { 6, 7, 0, -3, 21, 11, 41611 }, // U+0315
    { 9, 5, 0, -5, -1, 12, 41622 }, // U+0316
    { 10, 5, 0, -5, -1, 13, 41634 }, // U+0317
    { 5, 5, 0, -2, -1, 7, 41647 }, // U+0318
    { 5, 5, 0, -2, -1, 7, 41654 }, // U+0319
    { 7, 7, 140, 1, 22, 13, 41661 }, // U+031A
    { 7, 7, 0, 4, 20, 13, 41674 }, // U+031B
    { 4, 7, 0, -2, 0, 7, 41687 }, // U+031C
    { 6, 5, 0, -3, -1, 8, 41694 }, // U+031D
    { 6, 5, 0, -3, -1, 8, 41702 }, // U+031E
    { 6, 6, 0, -3, -1, 9, 41710 }, // U+031F
    { 6, 2, 0, -3, -3, 3, 41719 }, // U+0320
    { 7, 9, 0, -6, 2, 16, 41722 }, // U+0321
    { 7, 9, 0, 0, 2, 16, 41738 }, // U+0322
    { 6, 5, 0, 4, -2, 8, 41754 }, // U+0323
    { 12, 5, 0, 1, -2, 15, 41762 }, // U+0324
    { 8, 7, 0, -4, 0, 14, 41777 }, // U+0325
    { 6, 8, 0, 4, -1, 12, 41791 }, // U+0326
    { 7, 8, 0, 4, 1, 14, 41803 }, // U+0327
    { 7, 8, 0, 4, 2, 14, 41817 }, // U+0328
    { 3, 5, 0, -1, -1, 4, 41831 }, // U+0329
    { 10, 5, 0, -5, -1, 13, 41835 }, // U+032A
    { 11, 5, 0, -5, -1, 14, 41848 }, // U+032B
    { 13, 5, 0, -6, -1, 17, 41862 }, // U+032C
    { 12, 5, 0, -6, -1, 15, 41879 }, // U+032D
    { 11, 5, 0, 2, -2, 14, 41894 }, // U+032E
    { 12, 6, 0, -6, 0, 18, 41908 }, // U+032F
    { 12, 5, 0, -6, -1, 15, 41926 }, // U+0330
    { 9, 5, 0, 3, -1, 12, 41941 }, // U+0331
    { 14, 2, 0, -7, -3, 7, 41953 }, // U+0332
    { 12, 6, 0, -7, 0, 18, 41960 }, // U+0333
    { 13, 5, 0, -6, 11, 17, 41978 }, // U+0334
    { 10, 5, 0, 3, 12, 13, 41995 }, // U+0335
    { 21, 4, 0, -11, 10, 21, 42008 }, // U+0336
    { 12, 8, 0, -6, 12, 24, 42029 }, // U+0337
    { 14, 24, 0, -7, 22, 84, 42053 }, // U+0338
    { 5, 7, 0, -2, 0, 9, 42137 }, // U+0339
    { 10, 5, 0, -5, -1, 13, 42146 }, // U+033A
    { 11, 6, 0, -5, -1, 17, 42159 }, // U+033B
    { 11, 4, 0, -5, -2, 11, 42176 }, // U+033C
    { 6, 7, 0, -3, 23, 11, 42187 }, // U+033D
    { 6, 9, 0, -3, 25, 14, 42198 }, // U+033E
    { 12, 6, 0, -7, 28, 18, 42212 }, // U+033F
    { 9, 5, 0, -7, 22, 12, 42230 }, // U+0340
    { 9, 5, 0, -2, 22, 12, 42242 }, // U+0341
    { 13, 5, 0, -6, 22, 17, 42254 }, // U+0342
    { 5, 6, 0, -3, 22, 8, 42271 }, // U+0343
    { 16, 5, 0, -6, 22, 20, 42279 }, // U+0344
    { 5, 5, 0, -1, -2, 7, 42299 }, // U+0345
    { 13, 5, 0, -6, 22, 17, 42306 }, // U+0346
    { 12, 6, 0, -7, 0, 18, 42323 }, // U+0347
    { 8, 5, 0, -4, -1, 10, 42341 }, // U+0348
    { 6, 6, 0, -3, -1, 9, 42351 }, // U+0349
    { 12, 8, 0, -6, 23, 24, 42360 }, // U+034A
    { 12, 11, 0, -6, 27, 33, 42384 }, // U+034B
    { 12, 8, 0, -6, 25, 24, 42417 }, // U+034C
    { 11, 6, 0, -5, -1, 17, 42441 }, // U+034D
    { 6, 7, 0, -3, 0, 11, 42458 }, // U+034E
    { 0, 0, 0, 0, 0, 0, 42469 }, // U+034F
    { 5, 6, 0, -2, 23, 8, 42469 }, // U+0350
    { 4, 7, 0, -1, 24, 7, 42477 }, // U+0351
    { 11, 7, 0, -5, 24, 20, 42484 }, // U+0352
    { 6, 7, 0, -3, 0, 11, 42504 }, // U+0353
    { 5, 6, 0, -2, -1, 8, 42515 }, // U+0354
    { 5, 6, 0, -2, -1, 8, 42523 }, // U+0355
    { 12, 6, 0, -5, -1, 18, 42531 }, // U+0356
    { 4, 7, 0, -1, 24, 7, 42549 }, // U+0357
    { 5, 4, 0, 3, 22, 5, 42556 }, // U+0358
    { 8, 6, 0, -4, -1, 12, 42561 }, // U+0359
    { 12, 7, 0, -5, -1, 21, 42573 }, // U+035A
    { 6, 6, 0, -3, 23, 9, 42594 }, // U+035B
    { 24, 6, 0, -12, -1, 36, 42603 }, // U+035C
    { 24, 6, 0, -12, 23, 36, 42639 }, // U+035D
    { 18, 2, 0, -9, 20, 9, 42675 }, // U+035E
    { 18, 2, 0, -9, -2, 9, 42684 }, // U+035F
    { 24, 4, 0, -12, 22, 24, 42693 }, // U+0360
    { 24, 7, 0, -12, 26, 42, 42717 }, // U+0361
    { 24, 8, 0, -11, 0, 48, 42759 }, // U+0362
    { 6, 8, 0, -3, 25, 12, 42807 }, // U+0363
    { 7, 8, 0, -3, 25, 14, 42819 }, // U+0364
    { 2, 9, 0, -1, 27, 5, 42833 }, // U+0365
    { 7, 7, 0, -3, 24, 13, 42838 }, // U+0366
    { 7, 7, 0, -3, 24, 13, 42851 }, // U+0367
    { 6, 7, 0, -2, 24, 11, 42864 }, // U+0368
    { 7, 10, 0, -3, 27, 18, 42875 }, // U+0369
    { 7, 9, 0, -3, 27, 16, 42893 }, // U+036A
    { 11, 6, 0, -5, 24, 17, 42909 }, // U+036B
    { 5, 7, 0, -2, 25, 9, 42926 }, // U+036C
    { 5, 9, 0, -2, 26, 12, 42935 }, // U+036D
    { 9, 7, 0, -4, 25, 16, 42947 }, // U+036E
    { 8, 6, 0, -4, 24, 12, 42963 }, // U+036F
    { 13, 27, 262, 2, 27, 88, 42975 }, // U+0400
    { 13, 27, 262, 2, 27, 88, 43063 }, // U+0401
    { 21, 21, 357, 1, 21, 111, 43151 }, // U+0402
    { 13, 27, 263, 3, 27, 88, 43262 }, // U+0403
    { 17, 21, 304, 2, 21, 90, 43350 }, // U+0404
    { 14, 21, 255, 1, 21, 74, 43440 }, // U+0405
    { 5, 21, 151, 2, 21, 27, 43514 }, // U+0406
    { 9, 27, 154, 1, 27, 61, 43541 }, // U+0407
    { 10, 27, 154, -2, 21, 68, 43602 }, // U+0408
    { 29, 21, 483, 0, 21, 153, 43670 }, // U+0409
    { 27, 21, 496, 3, 21, 142, 43823 }, // U+040A
    { 20, 21, 363, 1, 21, 105, 43965 }, // U+040B
    { 18, 27, 319, 3, 27, 122, 44070 }, // U+040C
    { 18, 27, 369, 3, 27, 122, 44192 }, // U+040D
    { 19, 27, 301, 0, 27, 129, 44314 }, // U+040E
    { 17, 26, 358, 3, 21, 111, 44443 }, // U+040F
    { 21, 21, 323, 0, 21, 111, 44554 }, // U+0410
    { 15, 21, 303, 3, 21, 79, 44665 }, // U+0411
    { 16, 21, 309, 2, 21, 84, 44744 }, // U+0412
    { 13, 21, 263, 3, 21, 69, 44828 }, // U+0413
    { 22, 26, 362, 1, 21, 143, 44897 }, // U+0414
    { 13, 21, 262, 2, 21, 69, 45040 }, // U+0415
    { 29, 21, 465, 0, 21, 153, 45109 }, // U+0416
    { 15, 21, 277, 1, 21, 79, 45262 }, // U+0417
    { 18, 21, 369, 3, 21, 95, 45341 }, // U+0418
    { 18, 27, 369, 3, 27, 122, 45436 }, // U+0419
    { 18, 21, 323, 3, 21, 95, 45558 }, // U+041A
    { 20, 21, 342, 0, 21, 105, 45653 }, // U+041B
    { 23, 21, 440, 3, 21, 121, 45758 }, // U+041C
    { 18, 21, 359, 3, 21, 95, 45879 }, // U+041D
    { 20, 21, 363, 2, 21, 105, 45974 }, // U+041E
    { 17, 21, 356, 3, 21, 90, 46079 }, // U+041F
    { 15, 21, 291, 2, 21, 79, 46169 }, // U+0420
    { 17, 21, 301, 2, 21, 90, 46248 }, // U+0421
    { 16, 21, 269, 1, 21, 84, 46338 }, // U+0422
    { 19, 21, 301, 0, 21, 100, 46422 }, // U+0423
    { 23, 21, 421, 2, 21, 121, 46522 }, // U+0424
    { 20, 21, 311, 0, 21, 105, 46643 }, // U+0425
    { 20, 26, 362, 3, 21, 130, 46748 }, // U+0426
    { 17, 21, 336, 2, 21, 90, 46878 }, // U+0427
    { 27, 21, 498, 2, 21, 142, 46968 }, // U+0428
    { 29, 26, 501, 2, 21, 189, 47110 }, // U+0429
    { 20, 21, 352, 1, 21, 105, 47299 }, // U+042A
    { 22, 21, 429, 3, 21, 116, 47404 }, // U+042B
    { 15, 21, 301, 3, 21, 79, 47520 }, // U+042C
    { 17, 21, 306, 1, 21, 90, 47599 }, // U+042D
    { 26, 21, 475, 3, 21, 137, 47689 }, // U+042E
    { 17, 21, 318, 0, 21, 90, 47826 }, // U+042F
    { 15, 16, 278, 1, 16, 60, 47916 }, // U+0430
    { 16, 23, 291, 1, 23, 92, 47976 }, // U+0431
    { 14, 16, 278, 2, 16, 56, 48068 }, // U+0432
    { 11, 16, 222, 2, 16, 44, 48124 }, // U+0433
    { 19, 20, 297, 1, 16, 95, 48168 }, // U+0434
    { 15, 16, 273, 1, 16, 60, 48263 }, // U+0435
    { 26, 16, 404, 0, 16, 104, 48323 }, // U+0436
    { 14, 16, 240, 0, 16, 56, 48427 }, // U+0437
    { 15, 16, 315, 2, 16, 60, 48483 }, // U+0438
    { 15, 22, 315, 2, 22, 83, 48543 }, // U+0439
    { 16, 16, 288, 2, 16, 64, 48626 }, // U+043A
    { 17, 16, 291, 0, 16, 68, 48690 }, // U+043B
    { 20, 16, 391, 2, 16, 80, 48758 }, // U+043C
    { 15, 16, 306, 2, 16, 60, 48838 }, // U+043D
    { 16, 16, 290, 1, 16, 64, 48898 }, // U+043E
    { 15, 16, 303, 2, 16, 60, 48962 }, // U+043F
    { 15, 23, 296, 2, 16, 87, 49022 }, // U+0440
    { 14, 16, 245, 1, 16, 56, 49109 }, // U+0441
    { 14, 16, 236, 1, 16, 56, 49165 }, // U+0442
    { 17, 23, 267, 0, 16, 98, 49221 }, // U+0443
    { 21, 29, 378, 1, 22, 153, 49319 }, // U+0444
    { 18, 16, 269, 0, 16, 72, 49472 }, // U+0445
    { 17, 20, 303, 2, 16, 85, 49544 }, // U+0446
    { 15, 16, 297, 2, 16, 60, 49629 }, // U+0447
    { 24, 16, 445, 2, 16, 96, 49689 }, // U+0448
    { 26, 20, 445, 2, 16, 130, 49785 }, // U+0449
    { 19, 16, 313, 0, 16, 76, 49915 }, // U+044A
    { 21, 16, 399, 2, 16, 84, 49991 }, // U+044B
    { 14, 16, 276, 2, 16, 56, 50075 }, // U+044C
    { 14, 16, 245, 1, 16, 56, 50131 }, // U+044D
    { 22, 16, 397, 2, 16, 88, 50187 }, // U+044E
    { 16, 16, 282, 0, 16, 64, 50275 }, // U+044F
    { 15, 23, 273, 1, 23, 87, 50339 }, // U+0450
    { 15, 22, 273, 1, 22, 83, 50426 }, // U+0451
    { 17, 29, 305, 0, 22, 124, 50509 }, // U+0452
    { 12, 22, 224, 2, 22, 66, 50633 }, // U+0453
    { 14, 16, 245, 1, 16, 56, 50699 }, // U+0454
    { 12, 16, 232, 1, 16, 48, 50755 }, // U+0455
    { 5, 22, 144, 2, 22, 28, 50803 }, // U+0456
    { 7, 22, 140, 1, 22, 39, 50831 }, // U+0457
    { 9, 29, 139, -2, 22, 66, 50870 }, // U+0458
    { 26, 16, 419, 0, 16, 104, 50936 }, // U+0459
    { 24, 16, 432, 2, 16, 96, 51040 }, // U+045A
    { 17, 22, 305, 0, 22, 94, 51136 }, // U+045B
    { 16, 22, 288, 2, 22, 88, 51230 }, // U+045C
    { 15, 22, 315, 2, 22, 83, 51318 }, // U+045D
    { 17, 29, 267, 0, 22, 124, 51401 }, // U+045E
    { 15, 20, 303, 2, 16, 75, 51525 }, // U+045F
    { 27, 21, 445, 1, 21, 142, 51600 }, // U+0460
    { 25, 16, 413, 1, 16, 100, 51742 }, // U+0461
    { 19, 21, 314, 0, 21, 100, 51842 }, // U+0462
    { 18, 19, 311, 1, 19, 86, 51942 }, // U+0463
    { 25, 21, 443, 3, 21, 132, 52028 }, // U+0464
    { 21, 16, 375, 2, 16, 84, 52160 }, // U+0465
    { 23, 21, 341, 0, 21, 121, 52244 }, // U+0466
    { 20, 16, 299, -1, 16, 80, 52365 }, // U+0467
    { 28, 21, 469, 3, 21, 147, 52445 }, // U+0468
    { 25, 16, 421, 2, 16, 100, 52592 }, // U+0469
    { 23, 21, 375, 1, 21, 121, 52692 }, // U+046A
    { 19, 16, 291, -1, 16, 76, 52813 }, // U+046B
    { 28, 21, 501, 3, 21, 147, 52889 }, // U+046C
    { 24, 16, 411, 2, 16, 96, 53036 }, // U+046D
    { 17, 33, 295, 1, 26, 141, 53132 }, // U+046E
    { 15, 27, 259, 1, 20, 102, 53273 }, // U+046F
    { 21, 21, 411, 2, 21, 111, 53375 }, // U+0470
    { 21, 29, 393, 2, 22, 153, 53486 }, // U+0471
    { 20, 21, 369, 2, 21, 105, 53639 }, // U+0472
    { 15, 16, 289, 1, 16, 60, 53744 }, // U+0473
    { 21, 21, 335, 0, 21, 111, 53804 }, // U+0474
    { 18, 16, 282, 0, 16, 72, 53915 }, // U+0475
    { 21, 27, 335, 0, 27, 142, 53987 }, // U+0476
    { 18, 22, 282, 0, 22, 99, 54129 }, // U+0477
    { 37, 28, 616, 2, 21, 259, 54228 }, // U+0478
    { 34, 23, 549, 1, 16, 196, 54487 }, // U+0479
    { 21, 24, 388, 2, 22, 126, 54683 }, // U+047A
    { 17, 19, 320, 1, 17, 81, 54809 }, // U+047B
    { 29, 32, 508, 2, 32, 232, 54890 }, // U+047C
    { 25, 27, 447, 1, 27, 169, 55122 }, // U+047D
    { 27, 26, 446, 1, 26, 176, 55291 }, // U+047E
    { 24, 22, 413, 1, 22, 132, 55467 }, // U+047F
    { 18, 28, 316, 2, 21, 126, 55599 }, // U+0480
    { 13, 23, 245, 1, 16, 75, 55725 }, // U+0481
    { 16, 20, 284, 1, 19, 80, 55800 }, // U+0482
    { 11, 6, 0, -14, 21, 17, 55880 }, // U+0483
    { 12, 6, 0, -14, 23, 18, 55897 }, // U+0484
    { 5, 6, 0, -10, 23, 8, 55915 }, // U+0485
    { 5, 6, 0, -10, 23, 8, 55923 }, // U+0486
    { 12, 4, 0, -6, 26, 12, 55931 }, // U+0487
    { 33, 30, 0, -16, 23, 248, 55943 }, // U+0488
    { 32, 32, 0, -16, 24, 256, 56191 }, // U+0489
    { 24, 33, 428, 3, 27, 198, 56447 }, // U+048A
    { 21, 29, 374, 2, 23, 153, 56645 }, // U+048B
    { 17, 21, 298, 1, 21, 90, 56798 }, // U+048C
    { 17, 22, 287, 1, 22, 94, 56888 }, // U+048D
    { 15, 21, 293, 3, 21, 79, 56982 }, // U+048E
    { 15, 23, 295, 2, 16, 87, 57061 }, // U+048F
    { 14, 25, 270, 2, 25, 88, 57148 }, // U+0490
    { 12, 20, 239, 2, 20, 60, 57236 }, // U+0491
    { 15, 21, 261, 1, 21, 79, 57296 }, // U+0492
    { 14, 16, 229, 1, 16, 56, 57375 }, // U+0493
    { 18, 28, 343, 3, 21, 126, 57431 }, // U+0494
    { 15, 23, 281, 2, 16, 87, 57557 }, // U+0495
    { 30, 27, 480, 0, 21, 203, 57644 }, // U+0496
    { 28, 22, 437, 0, 16, 154, 57847 }, // U+0497
    { 15, 28, 277, 1, 21, 105, 58001 }, // U+0498
    { 14, 23, 240, 1, 16, 81, 58106 }, // U+0499
    { 19, 27, 353, 3, 21, 129, 58187 }, // U+049A
    { 17, 22, 307, 2, 16, 94, 58316 }, // U+049B
    { 17, 21, 312, 2, 21, 90, 58410 }, // U+049C
    { 16, 16, 289, 2, 16, 64, 58500 }, // U+049D
    { 20, 21, 323, 1, 21, 105, 58564 }, // U+049E
    { 19, 22, 293, 1, 22, 105, 58669 }, // U+049F
    { 22, 21, 342, 0, 21, 116, 58774 }, // U+04A0
    { 21, 16, 324, 0, 16, 84, 58890 }, // U+04A1
    { 22, 27, 393, 3, 21, 149, 58974 }, // U+04A2
    { 19, 22, 347, 2, 16, 105, 59123 }, // U+04A3
    { 22, 21, 389, 3, 21, 116, 59228 }, // U+04A4
    { 20, 16, 354, 2, 16, 80, 59344 }, // U+04A5
    { 29, 28, 525, 3, 21, 203, 59424 }, // U+04A6
    { 23, 23, 415, 2, 16, 133, 59627 }, // U+04A7
    { 20, 22, 363, 2, 21, 110, 59760 }, // U+04A8
    { 17, 17, 306, 1, 16, 73, 59870 }, // U+04A9
    { 17, 28, 300, 2, 21, 119, 59943 }, // U+04AA
    { 13, 23, 241, 1, 16, 75, 60062 }, // U+04AB
    { 16, 27, 270, 1, 21, 108, 60137 }, // U+04AC
    { 15, 22, 257, 1, 16, 83, 60245 }, // U+04AD
    { 19, 21, 292, 0, 21, 100, 60328 }, // U+04AE
    { 18, 23, 268, -1, 16, 104, 60428 }, // U+04AF
    { 20, 21, 292, -1, 21, 105, 60532 }, // U+04B0
    { 19, 23, 268, -1, 16, 110, 60637 }, // U+04B1
    { 22, 27, 347, 0, 21, 149, 60747 }, // U+04B2
    { 19, 22, 296, 0, 16, 105, 60896 }, // U+04B3
    { 26, 28, 434, 1, 21, 182, 61001 }, // U+04B4
    { 23, 22, 369, 1, 16, 127, 61183 }, // U+04B5
    { 22, 27, 375, 2, 21, 149, 61310 }, // U+04B6
    { 20, 22, 339, 2, 16, 110, 61459 }, // U+04B7
    { 17, 21, 343, 2, 21, 90, 61569 }, // U+04B8
    { 16, 16, 308, 2, 16, 64, 61659 }, // U+04B9
    { 17, 21, 343, 2, 21, 90, 61723 }, // U+04BA
    { 15, 22, 303, 2, 22, 83, 61813 }, // U+04BB
    { 26, 21, 442, 0, 21, 137, 61896 }, // U+04BC
    { 20, 16, 330, 0, 16, 80, 62033 }, // U+04BD
    { 26, 26, 442, 0, 21, 169, 62113 }, // U+04BE
    { 20, 22, 330, 0, 16, 110, 62282 }, // U+04BF
    { 9, 21, 182, 1, 21, 48, 62392 }, // U+04C0
    { 29, 27, 467, 0, 27, 196, 62440 }, // U+04C1
    { 26, 22, 404, 0, 22, 143, 62636 }, // U+04C2
    { 18, 28, 355, 3, 21, 126, 62779 }, // U+04C3
    { 16, 23, 305, 2, 16, 92, 62905 }, // U+04C4
    { 25, 27, 391, 0, 21, 169, 62997 }, // U+04C5
    { 21, 22, 339, 0, 16, 116, 63166 }, // U+04C6
    { 17, 28, 357, 3, 21, 119, 63282 }, // U+04C7
    { 15, 23, 309, 2, 16, 87, 63401 }, // U+04C8
    { 22, 27, 400, 3, 21, 149, 63488 }, // U+04C9
    { 20, 22, 347, 2, 16, 110, 63637 }, // U+04CA
    { 17, 27, 343, 2, 21, 115, 63747 }, // U+04CB
    { 15, 22, 306, 2, 16, 83, 63862 }, // U+04CC
    { 28, 27, 484, 3, 21, 189, 63945 }, // U+04CD
    { 25, 22, 432, 2, 16, 138, 64134 }, // U+04CE
    { 9, 21, 182, 1, 21, 48, 64272 }, // U+04CF
    { 21, 27, 323, 0, 27, 142, 64320 }, // U+04D0
    { 15, 23, 280, 1, 23, 87, 64462 }, // U+04D1
    { 21, 27, 323, 0, 27, 142, 64549 }, // U+04D2
    { 15, 22, 280, 1, 22, 83, 64691 }, // U+04D3
    { 27, 21, 444, 0, 21, 142, 64774 }, // U+04D4
    { 25, 16, 428, 1, 16, 100, 64916 }, // U+04D5
    { 12, 27, 261, 3, 27, 81, 65016 }, // U+04D6
    { 15, 23, 279, 1, 23, 87, 65097 }, // U+04D7
    { 20, 21, 381, 2, 21, 105, 65184 }, // U+04D8
    { 15, 16, 279, 1, 16, 60, 65289 }, // U+04D9
    { 20, 27, 381, 2, 27, 135, 65349 }, // U+04DA
    { 15, 22, 279, 1, 22, 83, 65484 }, // U+04DB
    { 29, 27, 467, 0, 27, 196, 65567 }, // U+04DC
    { 26, 22, 404, -1, 22, 143, 65763 }, // U+04DD
    { 16, 27, 277, 0, 27, 108, 65906 }, // U+04DE
    { 14, 22, 240, 0, 22, 77, 66014 }, // U+04DF
    { 16, 21, 276, 0, 21, 84, 66091 }, // U+04E0
    { 16, 23, 271, 0, 16, 92, 66175 }, // U+04E1
    { 18, 26, 369, 3, 26, 117, 66267 }, // U+04E2
    { 15, 21, 315, 2, 21, 79, 66384 }, // U+04E3
    { 18, 27, 369, 3, 27, 122, 66463 }, // U+04E4
    { 15, 22, 315, 2, 22, 83, 66585 }, // U+04E5
    { 20, 27, 369, 2, 27, 135, 66668 }, // U+04E6
    { 16, 22, 292, 1, 22, 88, 66803 }, // U+04E7
    { 20, 21, 369, 2, 21, 105, 66891 }, // U+04E8
    { 15, 16, 292, 1, 16, 60, 66996 }, // U+04E9
    { 20, 27, 369, 2, 27, 135, 67056 }, // U+04EA
    { 15, 22, 292, 1, 22, 83, 67191 }, // U+04EB
    { 17, 27, 304, 1, 27, 115, 67274 }, // U+04EC
    { 14, 22, 245, 1, 22, 77, 67389 }, // U+04ED
    { 20, 25, 301, 0, 25, 125, 67466 }, // U+04EE
    { 18, 28, 267, -1, 21, 126, 67591 }, // U+04EF
    { 20, 27, 301, -1, 27, 135, 67717 }, // U+04F0
    { 17, 29, 267, 0, 22, 124, 67852 }, // U+04F1
    { 19, 27, 301, 0, 27, 129, 67976 }, // U+04F2
    { 18, 29, 267, -1, 22, 131, 68105 }, // U+04F3
    { 17, 27, 336, 2, 27, 115, 68236 }, // U+04F4
    { 15, 22, 297, 2, 22, 83, 68351 }, // U+04F5
    { 13, 27, 262, 3, 21, 88, 68434 }, // U+04F6
    { 11, 22, 223, 2, 16, 61, 68522 }, // U+04F7
    { 22, 27, 429, 3, 27, 149, 68583 }, // U+04F8
    { 21, 22, 399, 2, 22, 116, 68732 }, // U+04F9
    { 15, 28, 261, 1, 21, 105, 68848 }, // U+04FA
    { 14, 23, 229, 1, 16, 81, 68953 }, // U+04FB
    { 22, 28, 341, -1, 21, 154, 69034 }, // U+04FC
    { 19, 23, 301, -1, 16, 110, 69188 }, // U+04FD
    { 20, 21, 313, 0, 21, 105, 69298 }, // U+04FE
    { 18, 16, 270, -1, 16, 72, 69403 }, // U+04FF
    { 19, 18, 316, 0, 18, 86, 69475 }, // U+05D0
    { 16, 18, 277, 1, 18, 72, 69561 }, // U+05D1
    { 12, 19, 192, 0, 18, 57, 69633 }, // U+05D2
    { 16, 18, 267, 1, 18, 72, 69690 }, // U+05D3
    { 17, 18, 307, 1, 18, 77, 69762 }, // U+05D4
    { 8, 18, 158, 0, 18, 36, 69839 }, // U+05D5
    { 10, 18, 173, 1, 18, 45, 69875 }, // U+05D6
    { 18, 18, 321, 0, 18, 81, 69920 }, // U+05D7
    { 17, 18, 308, 1, 18, 77, 70001 }, // U+05D8
    { 8, 11, 155, 0, 18, 22, 70078 }, // U+05D9
    { 15, 23, 266, 1, 18, 87, 70100 }, // U+05DA
    { 14, 18, 246, 1, 18, 63, 70187 }, // U+05DB
    { 15, 23, 260, 1, 23, 87, 70250 }, // U+05DC
    { 18, 18, 328, 1, 18, 81, 70337 }, // U+05DD
    { 20, 18, 328, 0, 18, 90, 70418 }, // U+05DE
    { 8, 23, 166, 0, 18, 46, 70508 }, // U+05DF
    { 10, 18, 189, 1, 18, 45, 70554 }, // U+05E0
    { 18, 18, 317, 1, 18, 81, 70599 }, // U+05E1
    { 17, 20, 294, 1, 19, 85, 70680 }, // U+05E2
    { 16, 23, 305, 1, 18, 92, 70765 }, // U+05E3
    { 16, 18, 293, 1, 18, 72, 70857 }, // U+05E4
    { 17, 23, 274, 0, 18, 98, 70929 }, // U+05E5
    { 17, 18, 276, 0, 18, 77, 71027 }, // U+05E6
    { 18, 23, 305, 1, 18, 104, 71104 }, // U+05E7
    { 14, 18, 253, 1, 18, 63, 71208 }, // U+05E8
    { 20, 18, 367, 2, 18, 90, 71271 }, // U+05E9
    { 19, 18, 337, 0, 18, 86, 71361 }, // U+05EA
    { 22, 27, 324, -1, 21, 149, 71447 }, // U+1EA0
    { 16, 22, 308, 1, 16, 88, 71596 }, // U+1EA1
    { 21, 29, 324, 0, 29, 153, 71684 }, // U+1EA2
    { 16, 25, 308, 1, 25, 100, 71837 }, // U+1EA3
    { 22, 33, 324, -1, 33, 182, 71937 }, // U+1EA4
    { 18, 29, 308, 1, 29, 131, 72119 }, // U+1EA5
    { 22, 33, 324, -1, 33, 182, 72250 }, // U+1EA6
    { 16, 29, 308, 1, 29, 116, 72432 }, // U+1EA7
    { 22, 32, 324, -1, 32, 176, 72548 }, // U+1EA8
    { 18, 29, 308, 1, 29, 131, 72724 }, // U+1EA9
    { 21, 33, 324, 0, 33, 174, 72855 }, // U+1EAA
    { 16, 29, 308, 1, 29, 116, 73029 }, // U+1EAB
    { 22, 34, 324, -1, 28, 187, 73145 }, // U+1EAC
    { 16, 30, 308, 1, 24, 120, 73332 }, // U+1EAD
    { 22, 33, 324, -1, 33, 182, 73452 }, // U+1EAE
    { 16, 30, 308, 1, 30, 120, 73634 }, // U+1EAF
    { 22, 33, 324, -1, 33, 182, 73754 }, // U+1EB0
    { 16, 30, 308, 1, 30, 120, 73936 }, // U+1EB1
    { 21, 33, 324, -1, 33, 174, 74056 }, // U+1EB2
    { 16, 30, 308, 1, 30, 120, 74230 }, // U+1EB3
    { 21, 33, 324, 0, 33, 174, 74350 }, // U+1EB4
    { 16, 29, 308, 1, 29, 116, 74524 }, // U+1EB5
    { 22, 34, 324, -1, 28, 187, 74640 }, // U+1EB6
    { 16, 29, 308, 1, 23, 116, 74827 }, // U+1EB7
    { 15, 27, 301, 3, 21, 102, 74943 }, // U+1EB8
    { 15, 22, 274, 1, 16, 83, 75045 }, // U+1EB9
    { 15, 29, 301, 3, 29, 109, 75128 }, // U+1EBA
    { 15, 25, 274, 1, 25, 94, 75237 }, // U+1EBB
    { 15, 28, 301, 3, 28, 105, 75331 }, // U+1EBC
    { 15, 23, 274, 1, 23, 87, 75436 }, // U+1EBD
    { 17, 33, 301, 3, 33, 141, 75523 }, // U+1EBE
    { 18, 29, 274, 1, 29, 131, 75664 }, // U+1EBF
    { 15, 33, 301, 3, 33, 124, 75795 }, // U+1EC0
    { 15, 29, 274, 1, 29, 109, 75919 }, // U+1EC1
    { 16, 32, 301, 3, 32, 128, 76028 }, // U+1EC2
    { 17, 29, 274, 1, 29, 124, 76156 }, // U+1EC3
    { 15, 33, 301, 3, 33, 124, 76280 }, // U+1EC4
    { 15, 29, 274, 1, 29, 109, 76404 }, // U+1EC5
    { 15, 34, 301, 3, 28, 128, 76513 }, // U+1EC6
    { 15, 30, 274, 1, 24, 113, 76641 }, // U+1EC7
    { 12, 29, 259, 2, 29, 87, 76754 }, // U+1EC8
    { 8, 24, 135, 0, 24, 48, 76841 }, // U+1EC9
    { 12, 27, 259, 2, 21, 81, 76889 }, // U+1ECA
    { 6, 30, 149, 2, 24, 45, 76970 }, // U+1ECB
    { 21, 27, 379, 1, 21, 142, 77015 }, // U+1ECC
    { 17, 22, 299, 1, 16, 94, 77157 }, // U+1ECD
    { 21, 29, 379, 1, 29, 153, 77251 }, // U+1ECE
    { 17, 25, 299, 1, 25, 107, 77404 }, // U+1ECF
    { 21, 33, 379, 1, 33, 174, 77511 }, // U+1ED0
    { 18, 29, 299, 1, 29, 131, 77685 }, // U+1ED1
    { 21, 33, 379, 1, 33, 174, 77816 }, // U+1ED2
    { 17, 29, 299, 1, 29, 124, 77990 }, // U+1ED3
    { 21, 33, 379, 1, 33, 174, 78114 }, // U+1ED4
    { 17, 29, 299, 1, 29, 124, 78288 }, // U+1ED5
    { 21, 33, 379, 1, 33, 174, 78412 }, // U+1ED6
    { 17, 29, 299, 1, 29, 124, 78586 }, // U+1ED7
    { 21, 34, 379, 1, 28, 179, 78710 }, // U+1ED8
    { 17, 30, 299, 1, 24, 128, 78889 }, // U+1ED9
    { 21, 29, 379, 1, 29, 153, 79017 }, // U+1EDA
    { 17, 25, 299, 1, 25, 107, 79170 }, // U+1EDB
    { 21, 29, 379, 1, 29, 153, 79277 }, // U+1EDC
    { 17, 25, 299, 1, 25, 107, 79430 }, // U+1EDD
    { 21, 29, 379, 1, 29, 153, 79537 }, // U+1EDE
    { 17, 25, 299, 1, 25, 107, 79690 }, // U+1EDF
    { 21, 28, 379, 1, 28, 147, 79797 }, // U+1EE0
    { 17, 23, 299, 1, 23, 98, 79944 }, // U+1EE1
    { 21, 31, 379, 1, 25, 163, 80042 }, // U+1EE2
    { 17, 26, 299, 1, 20, 111, 80205 }, // U+1EE3
    { 18, 27, 357, 2, 21, 122, 80316 }, // U+1EE4
    { 15, 22, 300, 2, 16, 83, 80438 }, // U+1EE5
    { 18, 29, 357, 2, 29, 131, 80521 }, // U+1EE6
    { 15, 25, 300, 2, 25, 94, 80652 }, // U+1EE7
    { 21, 28, 357, 2, 28, 147, 80746 }, // U+1EE8
    { 18, 25, 300, 2, 25, 113, 80893 }, // U+1EE9
    { 21, 28, 357, 2, 28, 147, 81006 }, // U+1EEA
    { 18, 25, 300, 2, 25, 113, 81153 }, // U+1EEB
    { 21, 29, 357, 2, 29, 153, 81266 }, // U+1EEC
    { 18, 25, 300, 2, 25, 113, 81419 }, // U+1EED
    { 21, 28, 357, 2, 28, 147, 81532 }, // U+1EEE
    { 18, 23, 300, 2, 23, 104, 81679 }, // U+1EEF
    { 21, 31, 357, 2, 25, 163, 81783 }, // U+1EF0
    { 18, 26, 300, 2, 20, 117, 81946 }, // U+1EF1
    { 22, 29, 322, -1, 29, 160, 82063 }, // U+1EF2
    { 19, 31, 289, 0, 25, 148, 82223 }, // U+1EF3
    { 22, 27, 322, -1, 21, 149, 82371 }, // U+1EF4
    { 19, 22, 289, 0, 16, 105, 82520 }, // U+1EF5
    { 22, 29, 322, -1, 29, 160, 82625 }, // U+1EF6
    { 19, 31, 289, 0, 25, 148, 82785 }, // U+1EF7
    { 22, 28, 322, -1, 28, 154, 82933 }, // U+1EF8
    { 19, 29, 289, 0, 23, 138, 83087 }, // U+1EF9
    { 0, 0, 233, 0, 0, 0, 83225 }, // U+2000
    { 0, 0, 467, 0, 0, 0, 83225 }, // U+2001
    { 0, 0, 233, 0, 0, 0, 83225 }, // U+2002
    { 0, 0, 467, 0, 0, 0, 83225 }, // U+2003
    { 0, 0, 155, 0, 0, 0, 83225 }, // U+2004
    { 0, 0, 117, 0, 0, 0, 83225 }, // U+2005
    { 0, 0, 78, 0, 0, 0, 83225 }, // U+2006
    { 0, 0, 257, 0, 0, 0, 83225 }, // U+2007
    { 0, 0, 121, 0, 0, 0, 83225 }, // U+2008
    { 0, 0, 96, 0, 0, 0, 83225 }, // U+2009
    { 0, 0, 48, 0, 0, 0, 83225 }, // U+200A
    { 0, 0, 0, 0, 0, 0, 83225 }, // U+200B
    { 2, 21, 0, -1, 20, 11, 83225 }, // U+200C
    { 7, 21, 0, -3, 20, 37, 83236 }, // U+200D
    { 8, 22, 0, -1, 20, 44, 83273 }, // U+200E
    { 7, 22, 0, -6, 20, 39, 83317 }, // U+200F
    { 10, 5, 209, 1, 11, 13, 83356 }, // U+2010
    { 8, 4, 149, 1, 10, 8, 83369 }, // U+2011
    { 14, 5, 272, 1, 12, 18, 83377 }, // U+2012
    { 14, 5, 278, 2, 12, 18, 83395 }, // U+2013
    { 24, 5, 435, 2, 12, 30, 83413 }, // U+2014
    { 24, 5, 430, 1, 12, 30, 83443 }, // U+2015
    { 11, 29, 257, 3, 22, 80, 83473 }, // U+2016
    { 12, 6, 192, 0, 0, 18, 83553 }, // U+2017
    { 7, 10, 129, 1, 23, 18, 83571 }, // U+2018
    { 7, 10, 129, 0, 22, 18, 83589 }, // U+2019
    { 7, 10, 134, 1, 4, 18, 83607 }, // U+201A
    { 6, 7, 101, 0, 21, 11, 83625 }, // U+201B
    { 13, 10, 236, 1, 23, 33, 83636 }, // U+201C
    { 13, 10, 236, 0, 22, 33, 83669 }, // U+201D
    { 13, 10, 239, 1, 4, 33, 83702 }, // U+201E
    { 13, 7, 208, 0, 21, 23, 83735 }, // U+201F
    { 11, 15, 205, 1, 21, 42, 83758 }, // U+2020
    { 11, 17, 198, 1, 22, 47, 83800 }, // U+2021
    { 8, 8, 161, 1, 14, 16, 83847 }, // U+2022
    { 10, 12, 175, 2, 17, 30, 83863 }, // U+2023
    { 5, 5, 233, 5, 5, 7, 83893 }, // U+2024
    { 14, 5, 268, 2, 5, 18, 83900 }, // U+2025
    { 20, 5, 344, 1, 5, 25, 83918 }, // U+2026
    { 5, 5, 131, 2, 10, 7, 83943 }, // U+2027
    { 0, 0, 280, 0, 0, 0, 83950 }, // U+2028
    { 0, 0, 280, 0, 0, 0, 83950 }, // U+2029
    { 8, 22, 0, -1, 17, 44, 83950 }, // U+202A
    { 7, 22, 0, -6, 17, 39, 83994 }, // U+202B
    { 7, 24, 0, -3, 20, 42, 84033 }, // U+202C
    { 8, 24, 0, -4, 20, 48, 84075 }, // U+202D
    { 7, 24, 0, -3, 20, 42, 84123 }, // U+202E
    { 0, 0, 77, 0, 0, 0, 84165 }, // U+202F
    { 37, 21, 630, 1, 21, 195, 84165 }, // U+2030
    { 47, 21, 778, 1, 21, 247, 84360 }, // U+2031
    { 9, 8, 141, 1, 21, 18, 84607 }, // U+2032
    { 13, 8, 231, 1, 21, 26, 84625 }, // U+2033
    { 21, 7, 348, 1, 21, 37, 84651 }, // U+2034
    { 9, 8, 197, 1, 21, 18, 84688 }, // U+2035
    { 15, 7, 300, 1, 21, 27, 84706 }, // U+2036
    { 22, 7, 403, 1, 21, 39, 84733 }, // U+2037
    { 12, 10, 190, 0, 3, 30, 84772 }, // U+2038
    { 8, 15, 147, 1, 15, 30, 84802 }, // U+2039
    { 8, 15, 147, 1, 15, 30, 84832 }, // U+203A
    { 22, 21, 397, 1, 21, 116, 84862 }, // U+203B
    { 13, 21, 266, 2, 21, 69, 84978 }, // U+203C
    { 14, 21, 223, 0, 21, 74, 85047 }, // U+203D
    { 15, 4, 233, 0, 26, 15, 85121 }, // U+203E
    { 18, 7, 284, 0, 0, 32, 85136 }, // U+203F
    { 18, 7, 284, 0, 23, 32, 85168 }, // U+2040
    { 12, 18, 198, 0, 11, 54, 85200 }, // U+2041
    { 33, 26, 522, 0, 22, 215, 85254 }, // U+2042
    { 8, 4, 149, 1, 10, 8, 85469 }, // U+2043
    { 19, 21, 283, -1, 21, 100, 85477 }, // U+2044
    { 7, 26, 154, 2, 21, 46, 85577 }, // U+2045
    { 7, 26, 154, 1, 21, 46, 85623 }, // U+2046
    { 28, 21, 443, 0, 21, 147, 85669 }, // U+2047
    { 21, 21, 356, 0, 21, 111, 85816 }, // U+2048
    { 20, 21, 356, 2, 21, 105, 85927 }, // U+2049
    { 14, 16, 274, 1, 16, 56, 86032 }, // U+204A
    { 15, 26, 302, 2, 22, 98, 86088 }, // U+204B
    { 15, 16, 306, 2, 16, 60, 86186 }, // U+204C
    { 15, 16, 306, 3, 16, 60, 86246 }, // U+204D
    { 15, 14, 253, 0, 8, 53, 86306 }, // U+204E
    { 6, 20, 133, 2, 16, 30, 86359 }, // U+204F
    { 18, 30, 280, 0, 23, 135, 86389 }, // U+2050
    { 15, 28, 253, 0, 22, 105, 86524 }, // U+2051
    { 13, 21, 197, 0, 21, 69, 86629 }, // U+2052
    { 28, 5, 467, 1, 11, 35, 86698 }, // U+2053
    { 18, 7, 280, 0, 0, 32, 86733 }, // U+2054
    { 15, 14, 261, 1, 14, 53, 86765 }, // U+2055
    { 14, 21, 270, 2, 21, 74, 86818 }, // U+2056
    { 27, 7, 436, 1, 21, 48, 86892 }, // U+2057
    { 23, 21, 407, 2, 21, 121, 86940 }, // U+2058
    { 23, 21, 407, 2, 21, 121, 87061 }, // U+2059
    { 5, 21, 133, 2, 21, 27, 87182 }, // U+205A
    { 17, 23, 323, 2, 23, 98, 87209 }, // U+205B
    { 23, 22, 398, 1, 22, 127, 87307 }, // U+205C
    { 5, 22, 131, 2, 22, 28, 87434 }, // U+205D
    { 5, 21, 133, 2, 21, 27, 87462 }, // U+205E
    { 0, 0, 104, 0, 0, 0, 87489 }, // U+205F
    { 0, 0, 280, 0, 0, 0, 87489 }, // U+2060
    { 0, 0, 280, 0, 0, 0, 87489 }, // U+2061
    { 0, 0, 280, 0, 0, 0, 87489 }, // U+2062
    { 0, 0, 280, 0, 0, 0, 87489 }, // U+2063
    { 0, 0, 280, 0, 0, 0, 87489 }, // U+2064
    { 0, 0, 0, 0, 0, 0, 87489 }, // U+2066
    { 0, 0, 0, 0, 0, 0, 87489 }, // U+2067
    { 0, 0, 0, 0, 0, 0, 87489 }, // U+2068
    { 0, 0, 0, 0, 0, 0, 87489 }, // U+2069
    { 7, 24, 0, -3, 20, 42, 87489 }, // U+206A
    { 8, 24, 0, -4, 20, 48, 87531 }, // U+206B
    { 7, 24, 0, -3, 20, 42, 87579 }, // U+206C
    { 7, 24, 0, -3, 20, 42, 87621 }, // U+206D
    { 7, 24, 0, -3, 20, 42, 87663 }, // U+206E
    { 7, 24, 0, -3, 20, 42, 87705 }, // U+206F
    { 10, 11, 191, 1, 23, 28, 87747 }, // U+2070
    { 3, 14, 91, 1, 22, 11, 87775 }, // U+2071
    { 11, 10, 190, 0, 23, 28, 87786 }, // U+2074
    { 10, 11, 172, 0, 23, 28, 87814 }, // U+2075
    { 9, 11, 176, 1, 23, 25, 87842 }, // U+2076
    { 8, 10, 154, 1, 23, 20, 87867 }, // U+2077
    { 9, 11, 179, 1, 23, 25, 87887 }, // U+2078
    { 9, 11, 171, 1, 23, 25, 87912 }, // U+2079
    { 8, 8, 168, 1, 21, 16, 87937 }, // U+207A
    { 8, 2, 168, 1, 18, 4, 87953 }, // U+207B
    { 8, 5, 168, 1, 20, 10, 87957 }, // U+207C
    { 6, 16, 113, 2, 26, 24, 87967 }, // U+207D
    { 6, 16, 113, 0, 26, 24, 87991 }, // U+207E
    { 10, 10, 197, 1, 18, 25, 88015 }, // U+207F
    { 10, 12, 191, 1, 6, 30, 88040 }, // U+2080
    { 7, 11, 136, 0, 5, 20, 88070 }, // U+2081
    { 10, 12, 170, 0, 6, 30, 88090 }, // U+2082
    { 9, 11, 166, 1, 5, 25, 88120 }, // U+2083
    { 11, 11, 190, 0, 5, 31, 88145 }, // U+2084
    { 10, 11, 172, 0, 5, 28, 88176 }, // U+2085
    { 9, 12, 176, 1, 6, 27, 88204 }, // U+2086
    { 8, 11, 154, 1, 5, 22, 88231 }, // U+2087
    { 9, 12, 179, 1, 6, 27, 88253 }, // U+2088
    { 9, 12, 171, 1, 6, 27, 88280 }, // U+2089
    { 8, 9, 168, 1, 7, 18, 88307 }, // U+208A
    { 8, 3, 168, 1, 4, 6, 88325 }, // U+208B
    { 8, 5, 168, 1, 5, 10, 88331 }, // U+208C
    { 6, 16, 113, 2, 11, 24, 88341 }, // U+208D
    { 6, 16, 113, 0, 11, 24, 88365 }, // U+208E
    { 9, 10, 182, 1, 7, 23, 88389 }, // U+2090
    { 10, 10, 181, 1, 7, 25, 88412 }, // U+2091
    { 10, 10, 190, 1, 7, 25, 88437 }, // U+2092
    { 11, 10, 175, 0, 7, 28, 88462 }, // U+2093
    { 10, 10, 181, 1, 7, 25, 88490 }, // U+2094
    { 10, 14, 197, 1, 11, 35, 88515 }, // U+2095
    { 11, 14, 185, 1, 11, 39, 88550 }, // U+2096
    { 3, 14, 91, 1, 11, 11, 88589 }, // U+2097
    { 16, 10, 296, 1, 7, 40, 88600 }, // U+2098
    { 10, 10, 197, 1, 7, 25, 88640 }, // U+2099
    { 10, 14, 192, 1, 7, 35, 88665 }, // U+209A
    { 8, 10, 152, 1, 7, 20, 88700 }, // U+209B
    { 7, 12, 128, 1, 9, 21, 88720 }, // U+209C
    { 16, 21, 267, 1, 21, 84, 88741 }, // U+20A0
    { 18, 27, 324, 1, 24, 122, 88825 }, // U+20A1
    { 16, 21, 267, 1, 21, 84, 88947 }, // U+20A2
    { 16, 21, 288, 0, 21, 84, 89031 }, // U+20A3
    { 18, 21, 297, 0, 21, 95, 89115 }, // U+20A4
    { 25, 22, 455, 2, 19, 138, 89210 }, // U+20A5
    { 24, 21, 399, 1, 21, 126, 89348 }, // U+20A6
    { 21, 21, 366, 1, 21, 111, 89474 }, // U+20A7
    { 24, 21, 428, 2, 21, 126, 89585 }, // U+20A8
    { 30, 21, 471, 0, 21, 158, 89711 }, // U+20A9
    { 21, 17, 403, 2, 17, 90, 89869 }, // U+20AA
    { 14, 21, 255, 1, 21, 74, 89959 }, // U+20AB
    { 18, 21, 317, 1, 21, 95, 90033 }, // U+20AC
    { 22, 21, 358, 0, 21, 116, 90128 }, // U+20AD
    { 16, 21, 267, 1, 21, 84, 90244 }, // U+20AE
    { 28, 28, 471, 0, 21, 196, 90328 }, // U+20AF
    { 17, 28, 285, -1, 21, 119, 90524 }, // U+20B0
    { 21, 21, 364, 1, 21, 111, 90643 }, // U+20B1
    { 20, 28, 365, 1, 24, 140, 90754 }, // U+20B2
    { 20, 21, 303, 0, 21, 105, 90894 }, // U+20B3
    { 16, 21, 267, 1, 21, 84, 90999 }, // U+20B4
    { 19, 27, 324, 1, 24, 129, 91083 }, // U+20B5
    { 19, 19, 325, 1, 19, 91, 91212 }, // U+20B6
    { 20, 23, 341, 1, 21, 115, 91303 }, // U+20B7
    { 15, 21, 267, 1, 21, 79, 91418 }, // U+20B8
    { 16, 22, 281, 1, 21, 88, 91497 }, // U+20B9
    { 19, 21, 292, 0, 21, 100, 91585 }, // U+20BA
    { 23, 21, 379, 1, 21, 121, 91685 }, // U+20BB
    { 17, 24, 361, 3, 24, 102, 91806 }, // U+20BC
    { 18, 21, 331, 1, 21, 95, 91908 }, // U+20BD
    { 20, 22, 368, 2, 22, 110, 92003 }, // U+20BE
    { 13, 26, 267, 3, 23, 85, 92113 }, // U+20BF
    { 13, 21, 245, 1, 16, 69, 92198 }, // U+20C0
    { 17, 23, 285, 0, 22, 98, 92267 }, // U+2202
    { 17, 17, 299, 1, 16, 73, 92365 }, // U+2205
    { 22, 22, 332, -1, 22, 121, 92438 }, // U+2206
    { 21, 27, 345, 0, 21, 142, 92559 }, // U+220F
    { 15, 21, 244, 0, 21, 79, 92701 }, // U+2211
    { 15, 4, 271, 1, 11, 15, 92780 }, // U+2212
    { 17, 27, 265, 0, 23, 115, 92795 }, // U+2215
    { 7, 7, 161, 2, 12, 13, 92910 }, // U+2219
    { 22, 25, 345, 0, 20, 138, 92923 }, // U+221A
    { 24, 13, 423, 1, 14, 78, 93061 }, // U+221E
    { 20, 26, 288, -1, 22, 130, 93139 }, // U+222B
    { 16, 12, 284, 1, 14, 48, 93269 }, // U+2248
    { 15, 16, 296, 2, 16, 60, 93317 }, // U+2260
    { 15, 17, 293, 2, 17, 64, 93377 }, // U+2264
    { 15, 17, 293, 2, 17, 64, 93441 }, // U+2265
    { 24, 22, 360, 1, 22, 132, 93505 }, // U+FB00
    { 18, 24, 332, 1, 24, 108, 93637 }, // U+FB01
    { 17, 22, 325, 1, 22, 94, 93745 }, // U+FB02
    { 29, 22, 500, 1, 22, 160, 93839 }, // U+FB03
    { 29, 22, 504, 1, 22, 160, 93999 }, // U+FB04
    { 19, 22, 365, 2, 22, 105, 94159 }, // U+FB05
    { 25, 22, 435, 1, 22, 138, 94264 }, // U+FB06
    { 27, 27, 467, 1, 22, 183, 94402 }, // U+FFFD
};

static const EpdUnicodeInterval lexenddeca_14_boldIntervals[] = {
    { 0x0, 0x0, 0x0 },
    { 0xD, 0xD, 0x1 },
    { 0x20, 0x7E, 0x2 },
    { 0xA0, 0x17F, 0x61 },
    { 0x1A0, 0x1A1, 0x141 },
    { 0x1AF, 0x1B0, 0x143 },
    { 0x1C4, 0x21F, 0x145 },
    { 0x300, 0x36F, 0x1A1 },
    { 0x400, 0x4FF, 0x211 },
    { 0x5D0, 0x5EA, 0x311 },
    { 0x1EA0, 0x1EF9, 0x32C },
    { 0x2000, 0x2064, 0x386 },
    { 0x2066, 0x2071, 0x3EB },
    { 0x2074, 0x208E, 0x3F7 },
    { 0x2090, 0x209C, 0x412 },
    { 0x20A0, 0x20C0, 0x41F },
    { 0x2202, 0x2202, 0x440 },
    { 0x2205, 0x2206, 0x441 },
    { 0x220F, 0x220F, 0x443 },
    { 0x2211, 0x2212, 0x444 },
    { 0x2215, 0x2215, 0x446 },
    { 0x2219, 0x221A, 0x447 },
    { 0x221E, 0x221E, 0x449 },
    { 0x222B, 0x222B, 0x44A },
    { 0x2248, 0x2248, 0x44B },
    { 0x2260, 0x2260, 0x44C },
    { 0x2264, 0x2265, 0x44D },
    { 0xFB00, 0xFB06, 0x44F },
    { 0xFFFD, 0xFFFD, 0x456 },
};

static const EpdKernClassEntry lexenddeca_14_boldKernLeftClasses[] = {
    { 0x0026, 1 }, // &
    { 0x0028, 2 }, // (
    { 0x002A, 3 }, // *
    { 0x002C, 4 }, // ,
    { 0x002E, 5 }, // .
    { 0x002F, 6 }, // /
    { 0x0030, 7 }, // 0
    { 0x0031, 8 }, // 1
    { 0x0032, 9 }, // 2
    { 0x0033, 10 }, // 3
    { 0x0034, 11 }, // 4
    { 0x0035, 12 }, // 5
    { 0x0036, 13 }, // 6
    { 0x0037, 14 }, // 7
    { 0x0038, 15 }, // 8
    { 0x0039, 16 }, // 9
    { 0x003C, 17 }, // <
    { 0x003E, 18 }, // >
    { 0x003F, 19 }, // ?
    { 0x0040, 20 }, // @
    { 0x0041, 21 }, // A
    { 0x0042, 22 }, // B
    { 0x0043, 23 }, // C
    { 0x0044, 24 }, // D
    { 0x0045, 25 }, // E
    { 0x0046, 26 }, // F
    { 0x0047, 27 }, // G
    { 0x0049, 28 }, // I
    { 0x004A, 29 }, // J
    { 0x004B, 30 }, // K
    { 0x004C, 31 }, // L
    { 0x004F, 24 }, // O
    { 0x0050, 32 }, // P
    { 0x0051, 33 }, // Q
    { 0x0052, 34 }, // R
    { 0x0053, 35 }, // S
    { 0x0054, 36 }, // T
    { 0x0055, 37 }, // U
    { 0x0056, 38 }, // V
    { 0x0057, 39 }, // W
    { 0x0058, 40 }, // X
    { 0x0059, 41 }, // Y
    { 0x005A, 42 }, // Z
    { 0x005B, 43 }, // [
    { 0x005C, 44 }, // <backslash>
    { 0x005F, 45 }, // _
    { 0x0061, 46 }, // a
    { 0x0062, 47 }, // b
    { 0x0063, 48 }, // c
    { 0x0064, 49 }, // d
    { 0x0065, 50 }, // e
    { 0x0066, 51 }, // f
    { 0x0067, 52 }, // g
    { 0x0068, 53 }, // h
    { 0x0069, 54 }, // i
    { 0x006A, 55 }, // j
    { 0x006B, 56 }, // k
    { 0x006C, 57 }, // l
    { 0x006D, 53 }, // m
    { 0x006E, 53 }, // n
    { 0x006F, 47 }, // o
    { 0x0070, 47 }, // p
    { 0x0071, 58 }, // q
    { 0x0072, 59 }, // r
    { 0x0073, 60 }, // s
    { 0x0074, 61 }, // t
    { 0x0075, 62 }, // u
    { 0x0076, 63 }, // v
    { 0x0077, 64 }, // w
    { 0x0078, 65 }, // x
    { 0x0079, 66 }, // y
    { 0x007A, 67 }, // z
    { 0x007B, 68 }, // {
    { 0x007D, 69 }, // }
    { 0x00A1, 70 }, // U+00A1
    { 0x00A3, 71 }, // U+00A3
    { 0x00B7, 72 }, // U+00B7
    { 0x00BF, 73 }, // U+00BF
    { 0x00C0, 21 }, // U+00C0
    { 0x00C1, 21 }, // U+00C1
    { 0x00C2, 21 }, // U+00C2
    { 0x00C3, 21 }, // U+00C3
    { 0x00C4, 21 }, // U+00C4
    { 0x00C5, 21 }, // U+00C5
    { 0x00C6, 25 }, // U+00C6
    { 0x00C8, 25 }, // U+00C8
    { 0x00C9, 25 }, // U+00C9
    { 0x00CA, 25 }, // U+00CA
    { 0x00CB, 25 }, // U+00CB
    { 0x00D0, 24 }, // U+00D0
    { 0x00D2, 24 }, // U+00D2
    { 0x00D3, 24 }, // U+00D3
    { 0x00D4, 24 }, // U+00D4
    { 0x00D5, 24 }, // U+00D5
    { 0x00D6, 24 }, // U+00D6
    { 0x00D8, 24 }, // U+00D8
    { 0x00D9, 37 }, // U+00D9
    { 0x00DA, 37 }, // U+00DA
    { 0x00DB, 37 }, // U+00DB
    { 0x00DC, 37 }, // U+00DC
    { 0x00DD, 41 }, // U+00DD
    { 0x00DE, 74 }, // U+00DE
    { 0x00DF, 75 }, // U+00DF
    { 0x00E0, 46 }, // U+00E0
    { 0x00E1, 46 }, // U+00E1
    { 0x00E2, 46 }, // U+00E2
    { 0x00E3, 46 }, // U+00E3
    { 0x00E4, 46 }, // U+00E4
    { 0x00E5, 46 }, // U+00E5
    { 0x00E7, 48 }, // U+00E7
    { 0x00E8, 50 }, // U+00E8
    { 0x00E9, 50 }, // U+00E9
    { 0x00EA, 50 }, // U+00EA
    { 0x00EB, 50 }, // U+00EB
    { 0x00EC, 54 }, // U+00EC
    { 0x00ED, 54 }, // U+00ED
    { 0x00EE, 54 }, // U+00EE
    { 0x00EF, 54 }, // U+00EF
    { 0x00F0, 76 }, // U+00F0
    { 0x00F1, 53 }, // U+00F1
    { 0x00F2, 47 }, // U+00F2
    { 0x00F3, 47 }, // U+00F3
    { 0x00F4, 47 }, // U+00F4
    { 0x00F5, 47 }, // U+00F5
    { 0x00F6, 47 }, // U+00F6
    { 0x00F8, 47 }, // U+00F8
    { 0x00F9, 62 }, // U+00F9
    { 0x00FA, 62 }, // U+00FA
    { 0x00FB, 62 }, // U+00FB
    { 0x00FC, 62 }, // U+00FC
    { 0x00FD, 66 }, // U+00FD
    { 0x00FE, 47 }, // U+00FE
    { 0x00FF, 66 }, // U+00FF
    { 0x0100, 21 }, // U+0100
    { 0x0101, 46 }, // U+0101
    { 0x0102, 21 }, // U+0102
    { 0x0103, 46 }, // U+0103
    { 0x0104, 21 }, // U+0104
    { 0x0105, 46 }, // U+0105
    { 0x0107, 48 }, // U+0107
    { 0x0109, 48 }, // U+0109
    { 0x010B, 48 }, // U+010B
    { 0x010D, 48 }, // U+010D
    { 0x010E, 24 }, // U+010E
    { 0x010F, 77 }, // U+010F
    { 0x0110, 24 }, // U+0110
    { 0x0111, 49 }, // U+0111
    { 0x0112, 25 }, // U+0112
    { 0x0113, 50 }, // U+0113
    { 0x0114, 25 }, // U+0114
    { 0x0115, 50 }, // U+0115
    { 0x0116, 25 }, // U+0116
    { 0x0117, 50 }, // U+0117
    { 0x0118, 25 }, // U+0118
    { 0x0119, 50 }, // U+0119
    { 0x011A, 25 }, // U+011A
    { 0x011B, 50 }, // U+011B
    { 0x011C, 27 }, // U+011C
    { 0x011D, 78 }, // U+011D
    { 0x011E, 27 }, // U+011E
    { 0x011F, 78 }, // U+011F
    { 0x0120, 27 }, // U+0120
    { 0x0121, 78 }, // U+0121
    { 0x0122, 27 }, // U+0122
    { 0x0123, 78 }, // U+0123
    { 0x0125, 53 }, // U+0125
    { 0x0127, 53 }, // U+0127
    { 0x0129, 54 }, // U+0129
    { 0x012B, 54 }, // U+012B
    { 0x012D, 54 }, // U+012D
    { 0x012F, 54 }, // U+012F
    { 0x0131, 54 }, // U+0131
    { 0x0132, 29 }, // U+0132
    { 0x0133, 55 }, // U+0133
    { 0x0134, 29 }, // U+0134
    { 0x0135, 55 }, // U+0135
    { 0x0136, 30 }, // U+0136
    { 0x0137, 56 }, // U+0137
    { 0x0138, 56 }, // U+0138
    { 0x0139, 31 }, // U+0139
    { 0x013A, 57 }, // U+013A
    { 0x013B, 31 }, // U+013B
    { 0x013C, 57 }, // U+013C
    { 0x013D, 31 }, // U+013D
    { 0x013E, 77 }, // U+013E
    { 0x013F, 31 }, // U+013F
    { 0x0140, 57 }, // U+0140
    { 0x0141, 31 }, // U+0141
    { 0x0142, 57 }, // U+0142
    { 0x0144, 53 }, // U+0144
    { 0x0146, 53 }, // U+0146
    { 0x0148, 53 }, // U+0148
    { 0x0149, 53 }, // U+0149
    { 0x014B, 53 }, // U+014B
    { 0x014C, 24 }, // U+014C
    { 0x014D, 47 }, // U+014D
    { 0x014E, 24 }, // U+014E
    { 0x014F, 47 }, // U+014F
    { 0x0150, 24 }, // U+0150
    { 0x0151, 47 }, // U+0151
    { 0x0152, 25 }, // U+0152
    { 0x0153, 50 }, // U+0153
    { 0x0154, 79 }, // U+0154
    { 0x0155, 59 }, // U+0155
    { 0x0156, 79 }, // U+0156
    { 0x0157, 59 }, // U+0157
    { 0x0158, 79 }, // U+0158
    { 0x0159, 59 }, // U+0159
    { 0x015A, 35 }, // U+015A
    { 0x015B, 60 }, // U+015B
    { 0x015C, 35 }, // U+015C
    { 0x015D, 60 }, // U+015D
    { 0x015E, 35 }, // U+015E
    { 0x015F, 60 }, // U+015F
    { 0x0160, 35 }, // U+0160
    { 0x0161, 60 }, // U+0161
    { 0x0162, 36 }, // U+0162
    { 0x0163, 61 }, // U+0163
    { 0x0164, 36 }, // U+0164
    { 0x0165, 61 }, // U+0165
    { 0x0166, 36 }, // U+0166
    { 0x0167, 61 }, // U+0167
    { 0x0168, 37 }, // U+0168
    { 0x0169, 62 }, // U+0169
    { 0x016A, 37 }, // U+016A
    { 0x016B, 62 }, // U+016B
    { 0x016C, 37 }, // U+016C
    { 0x016D, 62 }, // U+016D
    { 0x016E, 37 }, // U+016E
    { 0x016F, 62 }, // U+016F
    { 0x0170, 37 }, // U+0170
    { 0x0171, 62 }, // U+0171
    { 0x0172, 37 }, // U+0172
    { 0x0173, 62 }, // U+0173
    { 0x0174, 39 }, // U+0174
    { 0x0175, 64 }, // U+0175
    { 0x0176, 41 }, // U+0176
    { 0x0177, 66 }, // U+0177
    { 0x0178, 41 }, // U+0178
    { 0x0179, 42 }, // U+0179
    { 0x017A, 67 }, // U+017A
    { 0x017B, 42 }, // U+017B
    { 0x017C, 67 }, // U+017C
    { 0x017D, 42 }, // U+017D
    { 0x017E, 67 }, // U+017E
    { 0x01A0, 24 }, // U+01A0
    { 0x01A1, 47 }, // U+01A1
    { 0x01AF, 37 }, // U+01AF
    { 0x01B0, 62 }, // U+01B0
    { 0x01C4, 42 }, // U+01C4
    { 0x01C5, 67 }, // U+01C5
    { 0x01C6, 67 }, // U+01C6
    { 0x01C7, 29 }, // U+01C7
    { 0x01C8, 55 }, // U+01C8
    { 0x01C9, 57 }, // U+01C9
    { 0x01CA, 29 }, // U+01CA
    { 0x01CB, 55 }, // U+01CB
    { 0x01CC, 55 }, // U+01CC
    { 0x01CD, 21 }, // U+01CD
    { 0x01CE, 46 }, // U+01CE
    { 0x01D0, 54 }, // U+01D0
    { 0x01D1, 24 }, // U+01D1
    { 0x01D2, 47 }, // U+01D2
    { 0x01D3, 37 }, // U+01D3
    { 0x01D4, 62 }, // U+01D4
    { 0x01E6, 27 }, // U+01E6
    { 0x01E7, 78 }, // U+01E7
    { 0x01EA, 24 }, // U+01EA
    { 0x01EB, 47 }, // U+01EB
    { 0x01F1, 42 }, // U+01F1
    { 0x01F2, 67 }, // U+01F2
    { 0x01FA, 21 }, // U+01FA
    { 0x01FB, 46 }, // U+01FB
    { 0x01FC, 25 }, // U+01FC
    { 0x01FE, 24 }, // U+01FE
    { 0x01FF, 47 }, // U+01FF
    { 0x0200, 21 }, // U+0200
    { 0x0201, 46 }, // U+0201
    { 0x0202, 21 }, // U+0202
    { 0x0203, 46 }, // U+0203
    { 0x0204, 25 }, // U+0204
    { 0x0205, 50 }, // U+0205
    { 0x0206, 25 }, // U+0206
    { 0x0207, 50 }, // U+0207
    { 0x0209, 54 }, // U+0209
    { 0x020B, 54 }, // U+020B
    { 0x020C, 24 }, // U+020C
    { 0x020D, 47 }, // U+020D
    { 0x020E, 24 }, // U+020E
    { 0x020F, 47 }, // U+020F
    { 0x0210, 79 }, // U+0210
    { 0x0211, 59 }, // U+0211
    { 0x0212, 79 }, // U+0212
    { 0x0213, 59 }, // U+0213
    { 0x0214, 37 }, // U+0214
    { 0x0215, 62 }, // U+0215
    { 0x0216, 37 }, // U+0216
    { 0x0217, 62 }, // U+0217
    { 0x0218, 35 }, // U+0218
    { 0x0219, 60 }, // U+0219
    { 0x021A, 36 }, // U+021A
    { 0x021B, 61 }, // U+021B
    { 0x0400, 80 }, // U+0400
    { 0x0401, 80 }, // U+0401
    { 0x0402, 81 }, // U+0402
    { 0x0403, 82 }, // U+0403
    { 0x0404, 83 }, // U+0404
    { 0x0405, 84 }, // U+0405
    { 0x0409, 85 }, // U+0409
    { 0x040A, 85 }, // U+040A
    { 0x040B, 81 }, // U+040B
    { 0x040C, 86 }, // U+040C
    { 0x040E, 87 }, // U+040E
    { 0x0410, 88 }, // U+0410
    { 0x0411, 89 }, // U+0411
    { 0x0412, 90 }, // U+0412
    { 0x0413, 82 }, // U+0413
    { 0x0414, 91 }, // U+0414
    { 0x0415, 80 }, // U+0415
    { 0x0416, 86 }, // U+0416
    { 0x0417, 90 }, // U+0417
    { 0x041A, 86 }, // U+041A
    { 0x041E, 92 }, // U+041E
    { 0x0420, 93 }, // U+0420
    { 0x0421, 83 }, // U+0421
    { 0x0422, 82 }, // U+0422
    { 0x0423, 87 }, // U+0423
    { 0x0424, 94 }, // U+0424
    { 0x0425, 86 }, // U+0425
    { 0x0426, 91 }, // U+0426
    { 0x0429, 91 }, // U+0429
    { 0x042A, 85 }, // U+042A
    { 0x042C, 85 }, // U+042C
    { 0x042D, 92 }, // U+042D
    { 0x042E, 92 }, // U+042E
    { 0x0430, 95 }, // U+0430
    { 0x0431, 96 }, // U+0431
    { 0x0432, 97 }, // U+0432
    { 0x0433, 98 }, // U+0433
    { 0x0434, 99 }, // U+0434
    { 0x0435, 100 }, // U+0435
    { 0x0436, 101 }, // U+0436
    { 0x0437, 97 }, // U+0437
    { 0x0438, 102 }, // U+0438
    { 0x0439, 102 }, // U+0439
    { 0x043A, 101 }, // U+043A
    { 0x043B, 102 }, // U+043B
    { 0x043C, 102 }, // U+043C
    { 0x043D, 102 }, // U+043D
    { 0x043E, 100 }, // U+043E
    { 0x043F, 102 }, // U+043F
    { 0x0440, 100 }, // U+0440
    { 0x0441, 103 }, // U+0441
    { 0x0442, 98 }, // U+0442
    { 0x0443, 104 }, // U+0443
    { 0x0444, 100 }, // U+0444
    { 0x0445, 101 }, // U+0445
    { 0x0446, 99 }, // U+0446
    { 0x0447, 102 }, // U+0447
    { 0x0448, 102 }, // U+0448
    { 0x0449, 99 }, // U+0449
    { 0x044A, 105 }, // U+044A
    { 0x044B, 102 }, // U+044B
    { 0x044C, 105 }, // U+044C
    { 0x044D, 100 }, // U+044D
    { 0x044E, 100 }, // U+044E
    { 0x044F, 102 }, // U+044F
    { 0x0450, 100 }, // U+0450
    { 0x0451, 100 }, // U+0451
    { 0x0452, 106 }, // U+0452
    { 0x0453, 107 }, // U+0453
    { 0x0454, 103 }, // U+0454
    { 0x0455, 108 }, // U+0455
    { 0x0457, 109 }, // U+0457
    { 0x0458, 110 }, // U+0458
    { 0x0459, 105 }, // U+0459
    { 0x045A, 105 }, // U+045A
    { 0x045B, 111 }, // U+045B
    { 0x045C, 101 }, // U+045C
    { 0x045D, 102 }, // U+045D
    { 0x045E, 104 }, // U+045E
    { 0x045F, 102 }, // U+045F
    { 0x0460, 92 }, // U+0460
    { 0x0461, 112 }, // U+0461
    { 0x0462, 113 }, // U+0462
    { 0x0463, 105 }, // U+0463
    { 0x0464, 83 }, // U+0464
    { 0x0465, 103 }, // U+0465
    { 0x0466, 88 }, // U+0466
    { 0x0467, 114 }, // U+0467
    { 0x0468, 88 }, // U+0468
    { 0x0469, 114 }, // U+0469
    { 0x046E, 115 }, // U+046E
    { 0x0471, 100 }, // U+0471
    { 0x0472, 92 }, // U+0472
    { 0x0473, 100 }, // U+0473
    { 0x0474, 87 }, // U+0474
    { 0x0475, 112 }, // U+0475
    { 0x0476, 87 }, // U+0476
    { 0x0477, 112 }, // U+0477
    { 0x0478, 104 }, // U+0478
    { 0x0479, 104 }, // U+0479
    { 0x047A, 92 }, // U+047A
    { 0x047B, 100 }, // U+047B
    { 0x047C, 92 }, // U+047C
    { 0x047D, 100 }, // U+047D
    { 0x047E, 92 }, // U+047E
    { 0x047F, 112 }, // U+047F
    { 0x0480, 83 }, // U+0480
    { 0x048A, 91 }, // U+048A
    { 0x048B, 99 }, // U+048B
    { 0x048C, 113 }, // U+048C
    { 0x048D, 105 }, // U+048D
    { 0x048E, 93 }, // U+048E
    { 0x048F, 100 }, // U+048F
    { 0x0490, 116 }, // U+0490
    { 0x0491, 117 }, // U+0491
    { 0x0492, 118 }, // U+0492
    { 0x0493, 119 }, // U+0493
    { 0x0496, 120 }, // U+0496
    { 0x0497, 121 }, // U+0497
    { 0x0498, 115 }, // U+0498
    { 0x0499, 97 }, // U+0499
    { 0x049A, 120 }, // U+049A
    { 0x049B, 121 }, // U+049B
    { 0x049C, 86 }, // U+049C
    { 0x049D, 101 }, // U+049D
    { 0x049E, 86 }, // U+049E
    { 0x049F, 101 }, // U+049F
    { 0x04A0, 86 }, // U+04A0
    { 0x04A1, 101 }, // U+04A1
    { 0x04A2, 91 }, // U+04A2
    { 0x04A3, 99 }, // U+04A3
    { 0x04A4, 118 }, // U+04A4
    { 0x04A5, 117 }, // U+04A5
    { 0x04A9, 100 }, // U+04A9
    { 0x04AA, 83 }, // U+04AA
    { 0x04AB, 103 }, // U+04AB
    { 0x04AC, 116 }, // U+04AC
    { 0x04AD, 117 }, // U+04AD
    { 0x04AE, 122 }, // U+04AE
    { 0x04AF, 123 }, // U+04AF
    { 0x04B0, 122 }, // U+04B0
    { 0x04B1, 123 }, // U+04B1
    { 0x04B2, 120 }, // U+04B2
    { 0x04B3, 121 }, // U+04B3
    { 0x04B4, 91 }, // U+04B4
    { 0x04B5, 99 }, // U+04B5
    { 0x04B6, 91 }, // U+04B6
    { 0x04B7, 99 }, // U+04B7
    { 0x04BC, 124 }, // U+04BC
    { 0x04BD, 125 }, // U+04BD
    { 0x04BE, 124 }, // U+04BE
    { 0x04BF, 125 }, // U+04BF
    { 0x04C1, 86 }, // U+04C1
    { 0x04C2, 101 }, // U+04C2
    { 0x04C5, 91 }, // U+04C5
    { 0x04C6, 99 }, // U+04C6
    { 0x04C9, 91 }, // U+04C9
    { 0x04CA, 99 }, // U+04CA
    { 0x04CD, 91 }, // U+04CD
    { 0x04CE, 99 }, // U+04CE
    { 0x04D0, 88 }, // U+04D0
    { 0x04D1, 95 }, // U+04D1
    { 0x04D2, 88 }, // U+04D2
    { 0x04D3, 95 }, // U+04D3
    { 0x04D4, 80 }, // U+04D4
    { 0x04D5, 125 }, // U+04D5
    { 0x04D6, 80 }, // U+04D6
    { 0x04D7, 125 }, // U+04D7
    { 0x04D8, 92 }, // U+04D8
    { 0x04D9, 100 }, // U+04D9
    { 0x04DA, 92 }, // U+04DA
    { 0x04DB, 100 }, // U+04DB
    { 0x04DC, 86 }, // U+04DC
    { 0x04DD, 101 }, // U+04DD
    { 0x04DE, 115 }, // U+04DE
    { 0x04DF, 97 }, // U+04DF
    { 0x04E3, 102 }, // U+04E3
    { 0x04E5, 102 }, // U+04E5
    { 0x04E6, 92 }, // U+04E6
    { 0x04E7, 100 }, // U+04E7
    { 0x04E8, 92 }, // U+04E8
    { 0x04E9, 100 }, // U+04E9
    { 0x04EA, 92 }, // U+04EA
    { 0x04EB, 100 }, // U+04EB
    { 0x04EC, 92 }, // U+04EC
    { 0x04ED, 100 }, // U+04ED
    { 0x04EE, 87 }, // U+04EE
    { 0x04EF, 104 }, // U+04EF
    { 0x04F0, 87 }, // U+04F0
    { 0x04F1, 104 }, // U+04F1
    { 0x04F2, 87 }, // U+04F2
    { 0x04F3, 104 }, // U+04F3
    { 0x04F5, 102 }, // U+04F5
    { 0x04F6, 116 }, // U+04F6
    { 0x04F7, 117 }, // U+04F7
    { 0x04F9, 102 }, // U+04F9
    { 0x04FA, 118 }, // U+04FA
    { 0x04FB, 119 }, // U+04FB
    { 0x04FC, 120 }, // U+04FC
    { 0x04FD, 121 }, // U+04FD
    { 0x04FE, 86 }, // U+04FE
    { 0x04FF, 121 }, // U+04FF
    { 0x05D0, 126 }, // U+05D0
    { 0x05D1, 127 }, // U+05D1
    { 0x05D2, 128 }, // U+05D2
    { 0x05D3, 129 }, // U+05D3
    { 0x05D5, 130 }, // U+05D5
    { 0x05D6, 131 }, // U+05D6
    { 0x05D8, 132 }, // U+05D8
    { 0x05D9, 133 }, // U+05D9
    { 0x05DB, 134 }, // U+05DB
    { 0x05DC, 135 }, // U+05DC
    { 0x05DE, 136 }, // U+05DE
    { 0x05E0, 137 }, // U+05E0
    { 0x05E1, 138 }, // U+05E1
    { 0x05E2, 139 }, // U+05E2
    { 0x05E4, 140 }, // U+05E4
    { 0x05E6, 141 }, // U+05E6
    { 0x05E8, 142 }, // U+05E8
    { 0x05E9, 143 }, // U+05E9
    { 0x05EA, 144 }, // U+05EA
    { 0x1EA0, 21 }, // U+1EA0
    { 0x1EA1, 46 }, // U+1EA1
    { 0x1EA2, 21 }, // U+1EA2
    { 0x1EA3, 46 }, // U+1EA3
    { 0x1EA4, 21 }, // U+1EA4
    { 0x1EA5, 46 }, // U+1EA5
    { 0x1EA6, 21 }, // U+1EA6
    { 0x1EA7, 46 }, // U+1EA7
    { 0x1EA8, 21 }, // U+1EA8
    { 0x1EA9, 46 }, // U+1EA9
    { 0x1EAA, 21 }, // U+1EAA
    { 0x1EAB, 46 }, // U+1EAB
    { 0x1EAC, 21 }, // U+1EAC
    { 0x1EAD, 46 }, // U+1EAD
    { 0x1EAE, 21 }, // U+1EAE
    { 0x1EAF, 46 }, // U+1EAF
    { 0x1EB0, 21 }, // U+1EB0
    { 0x1EB1, 46 }, // U+1EB1
    { 0x1EB2, 21 }, // U+1EB2
    { 0x1EB3, 46 }, // U+1EB3
    { 0x1EB4, 21 }, // U+1EB4
    { 0x1EB5, 46 }, // U+1EB5
    { 0x1EB6, 21 }, // U+1EB6
    { 0x1EB7, 46 }, // U+1EB7
    { 0x1EB8, 25 }, // U+1EB8
    { 0x1EB9, 50 }, // U+1EB9
    { 0x1EBA, 25 }, // U+1EBA
    { 0x1EBB, 50 }, // U+1EBB
    { 0x1EBC, 25 }, // U+1EBC
    { 0x1EBD, 50 }, // U+1EBD
    { 0x1EBE, 25 }, // U+1EBE
    { 0x1EBF, 50 }, // U+1EBF
    { 0x1EC0, 25 }, // U+1EC0
    { 0x1EC1, 50 }, // U+1EC1
    { 0x1EC2, 25 }, // U+1EC2
    { 0x1EC3, 50 }, // U+1EC3
    { 0x1EC4, 25 }, // U+1EC4
    { 0x1EC5, 50 }, // U+1EC5
    { 0x1EC6, 25 }, // U+1EC6
    { 0x1EC7, 50 }, // U+1EC7
    { 0x1EC9, 54 }, // U+1EC9
    { 0x1ECB, 54 }, // U+1ECB
    { 0x1ECC, 24 }, // U+1ECC
    { 0x1ECD, 47 }, // U+1ECD
    { 0x1ECE, 24 }, // U+1ECE
    { 0x1ECF, 47 }, // U+1ECF
    { 0x1ED0, 24 }, // U+1ED0
    { 0x1ED1, 47 }, // U+1ED1
    { 0x1ED2, 24 }, // U+1ED2
    { 0x1ED3, 47 }, // U+1ED3
    { 0x1ED4, 24 }, // U+1ED4
    { 0x1ED5, 47 }, // U+1ED5
    { 0x1ED6, 24 }, // U+1ED6
    { 0x1ED7, 47 }, // U+1ED7
    { 0x1ED8, 24 }, // U+1ED8
    { 0x1ED9, 47 }, // U+1ED9
    { 0x1EDA, 24 }, // U+1EDA
    { 0x1EDB, 47 }, // U+1EDB
    { 0x1EDC, 24 }, // U+1EDC
    { 0x1EDD, 47 }, // U+1EDD
    { 0x1EDE, 24 }, // U+1EDE
    { 0x1EDF, 47 }, // U+1EDF
    { 0x1EE0, 24 }, // U+1EE0
    { 0x1EE1, 47 }, // U+1EE1
    { 0x1EE2, 24 }, // U+1EE2
    { 0x1EE3, 47 }, // U+1EE3
    { 0x1EE4, 37 }, // U+1EE4
    { 0x1EE5, 62 }, // U+1EE5
    { 0x1EE6, 37 }, // U+1EE6
    { 0x1EE7, 62 }, // U+1EE7
    { 0x1EE8, 37 }, // U+1EE8
    { 0x1EE9, 62 }, // U+1EE9
    { 0x1EEA, 37 }, // U+1EEA
    { 0x1EEB, 62 }, // U+1EEB
    { 0x1EEC, 37 }, // U+1EEC
    { 0x1EED, 62 }, // U+1EED
    { 0x1EEE, 37 }, // U+1EEE
    { 0x1EEF, 62 }, // U+1EEF
    { 0x1EF0, 37 }, // U+1EF0
    { 0x1EF1, 62 }, // U+1EF1
    { 0x1EF2, 41 }, // U+1EF2
    { 0x1EF3, 66 }, // U+1EF3
    { 0x1EF4, 41 }, // U+1EF4
    { 0x1EF5, 66 }, // U+1EF5
    { 0x1EF6, 41 }, // U+1EF6
    { 0x1EF7, 66 }, // U+1EF7
    { 0x1EF8, 41 }, // U+1EF8
    { 0x1EF9, 66 }, // U+1EF9
    { 0x2018, 145 }, // U+2018
    { 0x2019, 146 }, // U+2019
    { 0x201C, 147 }, // U+201C
    { 0x201D, 148 }, // U+201D
    { 0x2022, 149 }, // U+2022
    { 0x2206, 150 }, // U+2206
    { 0x221E, 151 }, // U+221E
    { 0x222B, 152 }, // U+222B
    { 0xFB01, 54 }, // U+FB01
    { 0xFB02, 57 }, // U+FB02
};

static const EpdKernClassEntry lexenddeca_14_boldKernRightClasses[] = {
    { 0x0021, 1 }, // !
    { 0x0026, 2 }, // &
    { 0x0029, 3 }, // )
    { 0x002A, 4 }, // *
    { 0x002C, 5 }, // ,
    { 0x002D, 6 }, // -
    { 0x002E, 7 }, // .
    { 0x002F, 8 }, // /
    { 0x0030, 9 }, // 0
    { 0x0031, 10 }, // 1
    { 0x0032, 11 }, // 2
    { 0x0034, 12 }, // 4
    { 0x0036, 13 }, // 6
    { 0x0037, 14 }, // 7
    { 0x0038, 15 }, // 8
    { 0x0039, 16 }, // 9
    { 0x003C, 17 }, // <
    { 0x003F, 18 }, // ?
    { 0x0040, 19 }, // @
    { 0x0041, 20 }, // A
    { 0x0042, 21 }, // B
    { 0x0043, 22 }, // C
    { 0x0044, 21 }, // D
    { 0x0045, 21 }, // E
    { 0x0046, 21 }, // F
    { 0x0047, 22 }, // G
    { 0x0048, 21 }, // H
    { 0x0049, 23 }, // I
    { 0x004A, 24 }, // J
    { 0x004B, 21 }, // K
    { 0x004C, 21 }, // L
    { 0x004D, 21 }, // M
    { 0x004E, 21 }, // N
    { 0x004F, 22 }, // O
    { 0x0050, 21 }, // P
    { 0x0051, 22 }, // Q
    { 0x0052, 21 }, // R
    { 0x0053, 25 }, // S
    { 0x0054, 26 }, // T
    { 0x0055, 27 }, // U
    { 0x0056, 28 }, // V
    { 0x0057, 29 }, // W
    { 0x0058, 30 }, // X
    { 0x0059, 31 }, // Y
    { 0x005A, 32 }, // Z
    { 0x005B, 33 }, // [
    { 0x005C, 34 }, // <backslash>
    { 0x005D, 35 }, // ]
    { 0x005F, 36 }, // _
    { 0x0061, 37 }, // a
    { 0x0062, 38 }, // b
    { 0x0063, 37 }, // c
    { 0x0064, 37 }, // d
    { 0x0065, 37 }, // e
    { 0x0066, 39 }, // f
    { 0x0067, 40 }, // g
    { 0x0068, 38 }, // h
    { 0x006A, 41 }, // j
    { 0x006B, 38 }, // k
    { 0x006C, 38 }, // l
    { 0x006D, 42 }, // m
    { 0x006E, 42 }, // n
    { 0x006F, 37 }, // o
    { 0x0070, 43 }, // p
    { 0x0071, 37 }, // q
    { 0x0072, 42 }, // r
    { 0x0073, 44 }, // s
    { 0x0074, 45 }, // t
    { 0x0075, 46 }, // u
    { 0x0076, 47 }, // v
    { 0x0077, 48 }, // w
    { 0x0078, 49 }, // x
    { 0x0079, 50 }, // y
    { 0x007A, 51 }, // z
    { 0x007B, 33 }, // {
    { 0x007D, 52 }, // }
    { 0x00A1, 53 }, // U+00A1
    { 0x00B7, 54 }, // U+00B7
    { 0x00BF, 55 }, // U+00BF
    { 0x00C0, 56 }, // U+00C0
    { 0x00C1, 56 }, // U+00C1
    { 0x00C2, 56 }, // U+00C2
    { 0x00C3, 56 }, // U+00C3
    { 0x00C4, 56 }, // U+00C4
    { 0x00C5, 56 }, // U+00C5
    { 0x00C6, 57 }, // U+00C6
    { 0x00C7, 22 }, // U+00C7
    { 0x00C8, 21 }, // U+00C8
    { 0x00C9, 21 }, // U+00C9
    { 0x00CA, 21 }, // U+00CA
    { 0x00CB, 21 }, // U+00CB
    { 0x00D0, 21 }, // U+00D0
    { 0x00D1, 21 }, // U+00D1
    { 0x00D2, 22 }, // U+00D2
    { 0x00D3, 22 }, // U+00D3
    { 0x00D4, 22 }, // U+00D4
    { 0x00D5, 22 }, // U+00D5
    { 0x00D6, 22 }, // U+00D6
    { 0x00D8, 22 }, // U+00D8
    { 0x00D9, 27 }, // U+00D9
    { 0x00DA, 27 }, // U+00DA
    { 0x00DB, 27 }, // U+00DB
    { 0x00DC, 27 }, // U+00DC
    { 0x00DD, 58 }, // U+00DD
    { 0x00DE, 21 }, // U+00DE
    { 0x00DF, 59 }, // U+00DF
    { 0x00E0, 37 }, // U+00E0
    { 0x00E1, 37 }, // U+00E1
    { 0x00E2, 37 }, // U+00E2
    { 0x00E3, 37 }, // U+00E3
    { 0x00E4, 37 }, // U+00E4
    { 0x00E5, 37 }, // U+00E5
    { 0x00E7, 37 }, // U+00E7
    { 0x00E8, 37 }, // U+00E8
    { 0x00E9, 37 }, // U+00E9
    { 0x00EA, 37 }, // U+00EA
    { 0x00EB, 37 }, // U+00EB
    { 0x00F0, 60 }, // U+00F0
    { 0x00F1, 42 }, // U+00F1
    { 0x00F2, 37 }, // U+00F2
    { 0x00F3, 37 }, // U+00F3
    { 0x00F4, 37 }, // U+00F4
    { 0x00F5, 37 }, // U+00F5
    { 0x00F6, 37 }, // U+00F6
    { 0x00F8, 37 }, // U+00F8
    { 0x00F9, 46 }, // U+00F9
    { 0x00FA, 46 }, // U+00FA
    { 0x00FB, 46 }, // U+00FB
    { 0x00FC, 46 }, // U+00FC
    { 0x00FD, 50 }, // U+00FD
    { 0x00FE, 61 }, // U+00FE
    { 0x00FF, 50 }, // U+00FF
    { 0x0100, 56 }, // U+0100
    { 0x0101, 37 }, // U+0101
    { 0x0102, 56 }, // U+0102
    { 0x0103, 37 }, // U+0103
    { 0x0104, 56 }, // U+0104
    { 0x0105, 37 }, // U+0105
    { 0x0106, 22 }, // U+0106
    { 0x0107, 37 }, // U+0107
    { 0x0108, 22 }, // U+0108
    { 0x0109, 37 }, // U+0109
    { 0x010A, 22 }, // U+010A
    { 0x010B, 37 }, // U+010B
    { 0x010C, 22 }, // U+010C
    { 0x010D, 37 }, // U+010D
    { 0x010E, 21 }, // U+010E
    { 0x010F, 37 }, // U+010F
    { 0x0110, 21 }, // U+0110
    { 0x0111, 37 }, // U+0111
    { 0x0112, 21 }, // U+0112
    { 0x0113, 37 }, // U+0113
    { 0x0114, 21 }, // U+0114
    { 0x0115, 37 }, // U+0115
    { 0x0116, 21 }, // U+0116
    { 0x0117, 37 }, // U+0117
    { 0x0118, 21 }, // U+0118
    { 0x0119, 37 }, // U+0119
    { 0x011A, 21 }, // U+011A
    { 0x011B, 37 }, // U+011B
    { 0x011C, 22 }, // U+011C
    { 0x011D, 40 }, // U+011D
    { 0x011E, 22 }, // U+011E
    { 0x011F, 40 }, // U+011F
    { 0x0120, 22 }, // U+0120
    { 0x0121, 40 }, // U+0121
    { 0x0122, 22 }, // U+0122
    { 0x0123, 40 }, // U+0123
    { 0x0124, 21 }, // U+0124
    { 0x0125, 38 }, // U+0125
    { 0x0127, 38 }, // U+0127
    { 0x0134, 24 }, // U+0134
    { 0x0135, 41 }, // U+0135
    { 0x0136, 21 }, // U+0136
    { 0x0137, 38 }, // U+0137
    { 0x0138, 38 }, // U+0138
    { 0x0139, 21 }, // U+0139
    { 0x013A, 38 }, // U+013A
    { 0x013B, 21 }, // U+013B
    { 0x013C, 38 }, // U+013C
    { 0x013D, 21 }, // U+013D
    { 0x013E, 38 }, // U+013E
    { 0x013F, 21 }, // U+013F
    { 0x0140, 38 }, // U+0140
    { 0x0141, 21 }, // U+0141
    { 0x0142, 38 }, // U+0142
    { 0x0143, 21 }, // U+0143
    { 0x0144, 42 }, // U+0144
    { 0x0145, 21 }, // U+0145
    { 0x0146, 42 }, // U+0146
    { 0x0147, 21 }, // U+0147
    { 0x0148, 42 }, // U+0148
    { 0x014A, 21 }, // U+014A
    { 0x014B, 42 }, // U+014B
    { 0x014C, 22 }, // U+014C
    { 0x014D, 37 }, // U+014D
    { 0x014E, 22 }, // U+014E
    { 0x014F, 37 }, // U+014F
    { 0x0150, 22 }, // U+0150
    { 0x0151, 37 }, // U+0151
    { 0x0152, 22 }, // U+0152
    { 0x0153, 37 }, // U+0153
    { 0x0154, 21 }, // U+0154
    { 0x0155, 42 }, // U+0155
    { 0x0156, 21 }, // U+0156
    { 0x0157, 42 }, // U+0157
    { 0x0158, 21 }, // U+0158
    { 0x0159, 42 }, // U+0159
    { 0x015A, 25 }, // U+015A
    { 0x015B, 44 }, // U+015B
    { 0x015C, 25 }, // U+015C
    { 0x015D, 44 }, // U+015D
    { 0x015E, 25 }, // U+015E
    { 0x015F, 44 }, // U+015F
    { 0x0160, 25 }, // U+0160
    { 0x0161, 44 }, // U+0161
    { 0x0162, 62 }, // U+0162
    { 0x0163, 45 }, // U+0163
    { 0x0164, 62 }, // U+0164
    { 0x0165, 45 }, // U+0165
    { 0x0166, 62 }, // U+0166
    { 0x0167, 45 }, // U+0167
    { 0x0168, 27 }, // U+0168
    { 0x0169, 46 }, // U+0169
    { 0x016A, 27 }, // U+016A
    { 0x016B, 46 }, // U+016B
    { 0x016C, 27 }, // U+016C
    { 0x016D, 46 }, // U+016D
    { 0x016E, 27 }, // U+016E
    { 0x016F, 46 }, // U+016F
    { 0x0170, 27 }, // U+0170
    { 0x0171, 46 }, // U+0171
    { 0x0172, 27 }, // U+0172
    { 0x0173, 46 }, // U+0173
    { 0x0174, 63 }, // U+0174
    { 0x0175, 48 }, // U+0175
    { 0x0176, 58 }, // U+0176
    { 0x0177, 50 }, // U+0177
    { 0x0178, 58 }, // U+0178
    { 0x0179, 32 }, // U+0179
    { 0x017A, 51 }, // U+017A
    { 0x017B, 32 }, // U+017B
    { 0x017C, 51 }, // U+017C
    { 0x017D, 32 }, // U+017D
    { 0x017E, 51 }, // U+017E
    { 0x01A0, 22 }, // U+01A0
    { 0x01A1, 37 }, // U+01A1
    { 0x01AF, 27 }, // U+01AF
    { 0x01B0, 46 }, // U+01B0
    { 0x01C4, 21 }, // U+01C4
    { 0x01C5, 21 }, // U+01C5
    { 0x01C6, 37 }, // U+01C6
    { 0x01C7, 21 }, // U+01C7
    { 0x01C8, 21 }, // U+01C8
    { 0x01C9, 38 }, // U+01C9
    { 0x01CA, 21 }, // U+01CA
    { 0x01CB, 21 }, // U+01CB
    { 0x01CC, 42 }, // U+01CC
    { 0x01CD, 56 }, // U+01CD
    { 0x01CE, 37 }, // U+01CE
    { 0x01D1, 22 }, // U+01D1
    { 0x01D2, 37 }, // U+01D2
    { 0x01D3, 27 }, // U+01D3
    { 0x01D4, 46 }, // U+01D4
    { 0x01E6, 22 }, // U+01E6
    { 0x01E7, 40 }, // U+01E7
    { 0x01EA, 22 }, // U+01EA
    { 0x01EB, 37 }, // U+01EB
    { 0x01F1, 21 }, // U+01F1
    { 0x01F2, 21 }, // U+01F2
    { 0x01FA, 56 }, // U+01FA
    { 0x01FB, 37 }, // U+01FB
    { 0x01FC, 57 }, // U+01FC
    { 0x01FE, 22 }, // U+01FE
    { 0x01FF, 37 }, // U+01FF
    { 0x0200, 56 }, // U+0200
    { 0x0201, 37 }, // U+0201
    { 0x0202, 56 }, // U+0202
    { 0x0203, 37 }, // U+0203
    { 0x0204, 21 }, // U+0204
    { 0x0205, 37 }, // U+0205
    { 0x0206, 21 }, // U+0206
    { 0x0207, 37 }, // U+0207
    { 0x020C, 22 }, // U+020C
    { 0x020D, 37 }, // U+020D
    { 0x020E, 22 }, // U+020E
    { 0x020F, 37 }, // U+020F
    { 0x0210, 21 }, // U+0210
    { 0x0211, 42 }, // U+0211
    { 0x0212, 21 }, // U+0212
    { 0x0213, 42 }, // U+0213
    { 0x0214, 27 }, // U+0214
    { 0x0215, 46 }, // U+0215
    { 0x0216, 27 }, // U+0216
    { 0x0217, 46 }, // U+0217
    { 0x0218, 25 }, // U+0218
    { 0x0219, 44 }, // U+0219
    { 0x021A, 62 }, // U+021A
    { 0x021B, 45 }, // U+021B
    { 0x0402, 64 }, // U+0402
    { 0x0404, 65 }, // U+0404
    { 0x0405, 66 }, // U+0405
    { 0x0408, 67 }, // U+0408
    { 0x0409, 68 }, // U+0409
    { 0x040B, 64 }, // U+040B
    { 0x040E, 69 }, // U+040E
    { 0x0410, 70 }, // U+0410
    { 0x0414, 71 }, // U+0414
    { 0x0416, 72 }, // U+0416
    { 0x0417, 73 }, // U+0417
    { 0x041B, 68 }, // U+041B
    { 0x041E, 65 }, // U+041E
    { 0x0421, 65 }, // U+0421
    { 0x0422, 64 }, // U+0422
    { 0x0423, 69 }, // U+0423
    { 0x0424, 74 }, // U+0424
    { 0x0425, 72 }, // U+0425
    { 0x0427, 75 }, // U+0427
    { 0x042A, 64 }, // U+042A
    { 0x042D, 73 }, // U+042D
    { 0x042F, 76 }, // U+042F
    { 0x0430, 77 }, // U+0430
    { 0x0431, 78 }, // U+0431
    { 0x0432, 79 }, // U+0432
    { 0x0433, 79 }, // U+0433
    { 0x0434, 80 }, // U+0434
    { 0x0435, 81 }, // U+0435
    { 0x0436, 82 }, // U+0436
    { 0x0437, 83 }, // U+0437
    { 0x0438, 79 }, // U+0438
    { 0x0439, 79 }, // U+0439
    { 0x043A, 79 }, // U+043A
    { 0x043B, 84 }, // U+043B
    { 0x043C, 79 }, // U+043C
    { 0x043D, 79 }, // U+043D
    { 0x043E, 81 }, // U+043E
    { 0x043F, 79 }, // U+043F
    { 0x0440, 79 }, // U+0440
    { 0x0441, 81 }, // U+0441
    { 0x0442, 85 }, // U+0442
    { 0x0443, 86 }, // U+0443
    { 0x0444, 81 }, // U+0444
    { 0x0445, 82 }, // U+0445
    { 0x0446, 79 }, // U+0446
    { 0x0447, 87 }, // U+0447
    { 0x0448, 79 }, // U+0448
    { 0x0449, 79 }, // U+0449
    { 0x044A, 85 }, // U+044A
    { 0x044B, 79 }, // U+044B
    { 0x044C, 79 }, // U+044C
    { 0x044D, 83 }, // U+044D
    { 0x044E, 79 }, // U+044E
    { 0x044F, 88 }, // U+044F
    { 0x0450, 81 }, // U+0450
    { 0x0451, 81 }, // U+0451
    { 0x0452, 89 }, // U+0452
    { 0x0453, 79 }, // U+0453
    { 0x0454, 81 }, // U+0454
    { 0x0455, 90 }, // U+0455
    { 0x0457, 91 }, // U+0457
    { 0x0458, 92 }, // U+0458
    { 0x0459, 84 }, // U+0459
    { 0x045A, 79 }, // U+045A
    { 0x045B, 89 }, // U+045B
    { 0x045C, 79 }, // U+045C
    { 0x045D, 79 }, // U+045D
    { 0x045E, 86 }, // U+045E
    { 0x045F, 79 }, // U+045F
    { 0x0460, 93 }, // U+0460
    { 0x0461, 94 }, // U+0461
    { 0x0462, 95 }, // U+0462
    { 0x0465, 96 }, // U+0465
    { 0x0466, 70 }, // U+0466
    { 0x0467, 80 }, // U+0467
    { 0x0469, 96 }, // U+0469
    { 0x046D, 96 }, // U+046D
    { 0x046E, 73 }, // U+046E
    { 0x0470, 75 }, // U+0470
    { 0x0472, 93 }, // U+0472
    { 0x0473, 77 }, // U+0473
    { 0x0474, 97 }, // U+0474
    { 0x0475, 94 }, // U+0475
    { 0x0476, 97 }, // U+0476
    { 0x0477, 94 }, // U+0477
    { 0x0478, 93 }, // U+0478
    { 0x0479, 77 }, // U+0479
    { 0x047A, 93 }, // U+047A
    { 0x047B, 77 }, // U+047B
    { 0x047C, 93 }, // U+047C
    { 0x047D, 77 }, // U+047D
    { 0x047E, 93 }, // U+047E
    { 0x047F, 94 }, // U+047F
    { 0x0480, 93 }, // U+0480
    { 0x0481, 77 }, // U+0481
    { 0x048B, 96 }, // U+048B
    { 0x048C, 95 }, // U+048C
    { 0x048D, 89 }, // U+048D
    { 0x048F, 96 }, // U+048F
    { 0x0491, 96 }, // U+0491
    { 0x0492, 95 }, // U+0492
    { 0x0495, 96 }, // U+0495
    { 0x0496, 72 }, // U+0496
    { 0x0497, 82 }, // U+0497
    { 0x0498, 73 }, // U+0498
    { 0x0499, 83 }, // U+0499
    { 0x049B, 96 }, // U+049B
    { 0x049D, 96 }, // U+049D
    { 0x049F, 89 }, // U+049F
    { 0x04A0, 98 }, // U+04A0
    { 0x04A1, 85 }, // U+04A1
    { 0x04A3, 96 }, // U+04A3
    { 0x04A5, 96 }, // U+04A5
    { 0x04A7, 96 }, // U+04A7
    { 0x04A8, 93 }, // U+04A8
    { 0x04A9, 77 }, // U+04A9
    { 0x04AA, 93 }, // U+04AA
    { 0x04AB, 77 }, // U+04AB
    { 0x04AC, 64 }, // U+04AC
    { 0x04AD, 85 }, // U+04AD
    { 0x04AE, 99 }, // U+04AE
    { 0x04AF, 100 }, // U+04AF
    { 0x04B0, 99 }, // U+04B0
    { 0x04B1, 100 }, // U+04B1
    { 0x04B2, 72 }, // U+04B2
    { 0x04B3, 82 }, // U+04B3
    { 0x04B4, 98 }, // U+04B4
    { 0x04B5, 85 }, // U+04B5
    { 0x04B6, 75 }, // U+04B6
    { 0x04B7, 87 }, // U+04B7
    { 0x04B8, 75 }, // U+04B8
    { 0x04B9, 87 }, // U+04B9
    { 0x04BB, 96 }, // U+04BB
    { 0x04BC, 101 }, // U+04BC
    { 0x04BD, 102 }, // U+04BD
    { 0x04BE, 101 }, // U+04BE
    { 0x04BF, 102 }, // U+04BF
    { 0x04C1, 72 }, // U+04C1
    { 0x04C2, 82 }, // U+04C2
    { 0x04C4, 96 }, // U+04C4
    { 0x04C5, 103 }, // U+04C5
    { 0x04C6, 80 }, // U+04C6
    { 0x04C8, 96 }, // U+04C8
    { 0x04CA, 96 }, // U+04CA
    { 0x04CB, 75 }, // U+04CB
    { 0x04CC, 87 }, // U+04CC
    { 0x04CE, 96 }, // U+04CE
    { 0x04D0, 70 }, // U+04D0
    { 0x04D1, 104 }, // U+04D1
    { 0x04D2, 70 }, // U+04D2
    { 0x04D3, 104 }, // U+04D3
    { 0x04D4, 70 }, // U+04D4
    { 0x04D5, 104 }, // U+04D5
    { 0x04D7, 77 }, // U+04D7
    { 0x04D8, 105 }, // U+04D8
    { 0x04D9, 104 }, // U+04D9
    { 0x04DA, 105 }, // U+04DA
    { 0x04DB, 104 }, // U+04DB
    { 0x04DC, 72 }, // U+04DC
    { 0x04DD, 82 }, // U+04DD
    { 0x04DE, 73 }, // U+04DE
    { 0x04DF, 83 }, // U+04DF
    { 0x04E3, 79 }, // U+04E3
    { 0x04E5, 79 }, // U+04E5
    { 0x04E6, 93 }, // U+04E6
    { 0x04E7, 77 }, // U+04E7
    { 0x04E8, 93 }, // U+04E8
    { 0x04E9, 77 }, // U+04E9
    { 0x04EA, 93 }, // U+04EA
    { 0x04EB, 77 }, // U+04EB
    { 0x04EC, 73 }, // U+04EC
    { 0x04ED, 83 }, // U+04ED
    { 0x04EE, 69 }, // U+04EE
    { 0x04EF, 86 }, // U+04EF
    { 0x04F0, 69 }, // U+04F0
    { 0x04F1, 86 }, // U+04F1
    { 0x04F2, 69 }, // U+04F2
    { 0x04F3, 86 }, // U+04F3
    { 0x04F4, 75 }, // U+04F4
    { 0x04F5, 87 }, // U+04F5
    { 0x04F7, 96 }, // U+04F7
    { 0x04F9, 79 }, // U+04F9
    { 0x04FA, 95 }, // U+04FA
    { 0x04FC, 72 }, // U+04FC
    { 0x04FD, 82 }, // U+04FD
    { 0x04FE, 72 }, // U+04FE
    { 0x04FF, 82 }, // U+04FF
    { 0x05D0, 106 }, // U+05D0
    { 0x05D1, 107 }, // U+05D1
    { 0x05D2, 108 }, // U+05D2
    { 0x05D3, 109 }, // U+05D3
    { 0x05D4, 110 }, // U+05D4
    { 0x05D6, 111 }, // U+05D6
    { 0x05D7, 112 }, // U+05D7
    { 0x05D8, 113 }, // U+05D8
    { 0x05D9, 114 }, // U+05D9
    { 0x05DA, 115 }, // U+05DA
    { 0x05DB, 116 }, // U+05DB
    { 0x05DC, 117 }, // U+05DC
    { 0x05DD, 118 }, // U+05DD
    { 0x05DE, 119 }, // U+05DE
    { 0x05E1, 120 }, // U+05E1
    { 0x05E2, 121 }, // U+05E2
    { 0x05E3, 122 }, // U+05E3
    { 0x05E4, 123 }, // U+05E4
    { 0x05E5, 124 }, // U+05E5
    { 0x05E7, 125 }, // U+05E7
    { 0x05E8, 126 }, // U+05E8
    { 0x05E9, 127 }, // U+05E9
    { 0x05EA, 128 }, // U+05EA
    { 0x1EA0, 56 }, // U+1EA0
    { 0x1EA1, 37 }, // U+1EA1
    { 0x1EA2, 56 }, // U+1EA2
    { 0x1EA3, 37 }, // U+1EA3
    { 0x1EA4, 56 }, // U+1EA4
    { 0x1EA5, 37 }, // U+1EA5
    { 0x1EA6, 56 }, // U+1EA6
    { 0x1EA7, 37 }, // U+1EA7
    { 0x1EA8, 56 }, // U+1EA8
    { 0x1EA9, 37 }, // U+1EA9
    { 0x1EAA, 56 }, // U+1EAA
    { 0x1EAB, 37 }, // U+1EAB
    { 0x1EAC, 56 }, // U+1EAC
    { 0x1EAD, 37 }, // U+1EAD
    { 0x1EAE, 56 }, // U+1EAE
    { 0x1EAF, 37 }, // U+1EAF
    { 0x1EB0, 56 }, // U+1EB0
    { 0x1EB1, 37 }, // U+1EB1
    { 0x1EB2, 56 }, // U+1EB2
    { 0x1EB3, 37 }, // U+1EB3
    { 0x1EB4, 56 }, // U+1EB4
    { 0x1EB5, 37 }, // U+1EB5
    { 0x1EB6, 56 }, // U+1EB6
    { 0x1EB7, 37 }, // U+1EB7
    { 0x1EB8, 21 }, // U+1EB8
    { 0x1EB9, 37 }, // U+1EB9
    { 0x1EBA, 21 }, // U+1EBA
    { 0x1EBB, 37 }, // U+1EBB
    { 0x1EBC, 21 }, // U+1EBC
    { 0x1EBD, 37 }, // U+1EBD
    { 0x1EBE, 21 }, // U+1EBE
    { 0x1EBF, 37 }, // U+1EBF
    { 0x1EC0, 21 }, // U+1EC0
    { 0x1EC1, 37 }, // U+1EC1
    { 0x1EC2, 21 }, // U+1EC2
    { 0x1EC3, 37 }, // U+1EC3
    { 0x1EC4, 21 }, // U+1EC4
    { 0x1EC5, 37 }, // U+1EC5
    { 0x1EC6, 21 }, // U+1EC6
    { 0x1EC7, 37 }, // U+1EC7
    { 0x1ECC, 22 }, // U+1ECC
    { 0x1ECD, 37 }, // U+1ECD
    { 0x1ECE, 22 }, // U+1ECE
    { 0x1ECF, 37 }, // U+1ECF
    { 0x1ED0, 22 }, // U+1ED0
    { 0x1ED1, 37 }, // U+1ED1
    { 0x1ED2, 22 }, // U+1ED2
    { 0x1ED3, 37 }, // U+1ED3
    { 0x1ED4, 22 }, // U+1ED4
    { 0x1ED5, 37 }, // U+1ED5
    { 0x1ED6, 22 }, // U+1ED6
    { 0x1ED7, 37 }, // U+1ED7
    { 0x1ED8, 22 }, // U+1ED8
    { 0x1ED9, 37 }, // U+1ED9
    { 0x1EDA, 22 }, // U+1EDA
    { 0x1EDB, 37 }, // U+1EDB
    { 0x1EDC, 22 }, // U+1EDC
    { 0x1EDD, 37 }, // U+1EDD
    { 0x1EDE, 22 }, // U+1EDE
    { 0x1EDF, 37 }, // U+1EDF
    { 0x1EE0, 22 }, // U+1EE0
    { 0x1EE1, 37 }, // U+1EE1
    { 0x1EE2, 22 }, // U+1EE2
    { 0x1EE3, 37 }, // U+1EE3
    { 0x1EE4, 27 }, // U+1EE4
    { 0x1EE5, 46 }, // U+1EE5
    { 0x1EE6, 27 }, // U+1EE6
    { 0x1EE7, 46 }, // U+1EE7
    { 0x1EE8, 27 }, // U+1EE8
    { 0x1EE9, 46 }, // U+1EE9
    { 0x1EEA, 27 }, // U+1EEA
    { 0x1EEB, 46 }, // U+1EEB
    { 0x1EEC, 27 }, // U+1EEC
    { 0x1EED, 46 }, // U+1EED
    { 0x1EEE, 27 }, // U+1EEE
    { 0x1EEF, 46 }, // U+1EEF
    { 0x1EF0, 27 }, // U+1EF0
    { 0x1EF1, 46 }, // U+1EF1
    { 0x1EF2, 58 }, // U+1EF2
    { 0x1EF3, 50 }, // U+1EF3
    { 0x1EF4, 58 }, // U+1EF4
    { 0x1EF5, 50 }, // U+1EF5
    { 0x1EF6, 58 }, // U+1EF6
    { 0x1EF7, 50 }, // U+1EF7
    { 0x1EF8, 58 }, // U+1EF8
    { 0x1EF9, 50 }, // U+1EF9
    { 0x2013, 129 }, // U+2013
    { 0x2014, 130 }, // U+2014
    { 0x2018, 131 }, // U+2018
    { 0x2019, 132 }, // U+2019
    { 0x201C, 133 }, // U+201C
    { 0x201D, 134 }, // U+201D
    { 0x2022, 135 }, // U+2022
    { 0x2206, 136 }, // U+2206
    { 0x222B, 137 }, // U+222B
    { 0xFB01, 39 }, // U+FB01
    { 0xFB02, 39 }, // U+FB02
};

static const int8_t lexenddeca_14_boldKernMatrix[] = {
       0,    0,   -7,    0,    0,    0,    0,    0,    0,    0,    0,    0,    0,    0,    0,    0,    0,    0,    0,    0,    0,    0,    0,    0,    0,  -26,    0,  -28,  -19,    0,  -23,    0,    0,    0,    0,    0,    0,    0,    0,    0,    0,    0,    0,    0,    0,    0,  -14,  -14,    0,  -14,    0,    0,    0,    0,    0,    0,    0,  -23,    0,   -5,    0,  -26,  -19,    0,    0,    0,    0,    0,    0,    0,    0,    0,    0,    0,    0,    0,    0,    0,    0,    0,    0,    0,    0,    0,    0,    0,    0,    0,    0,    0,    0,    0,    0,    0,    0,    0,    0,    0,    0,    0,    0,    0,    0,    0,    0,    0,    0,    0,    0,    0,    0,    0,    0,    0,    0,    0,    0,    0,    0,    0,    0,    0,    0,    0,    0,    0,    0,    0,    0,    0,    0,    0,    0,    0,    0,    0,    0,
       0,    0,    0,    0,    0,    0,    0,    0,    0,    0,    0,    0,    0,    0,    0,    0,    0,    0,    0,    0,    0,  -14,    0,  -19,    0,    0,    0,    0,    0,    0,    0,    0,    0,    0,    0,    0,  -12,    0,    0,  -11,   14,    0,   14,    0,    0,    0,    0,    0,    0,    0,    0,    0,    0,    0,    0,    0,    0,    0,    0,  -12,    7,    0,    0,    0,    0,    0,    0,    0,    0,    0,    0,    0,    0,    0,    0,    0,    0,    0,    0,    0,    0,    0,    0,    0,    0,    0,    0,    0,    0,    0,    0,    0,    0,    0,    0,    0,    0,    0,    0,    0,    0,    0,    0,    0,    0,    0,    0,    0,    0,    0,    0,    0,    0,    0,    0,    0,    0,    0,    0,    0,    0,    0,    0,    0,    0,    0,    0,    0,    0,    0,    0,    0,    0,    0,    0,    0,    0,
       0,    0,    0,    0,    0,    0,    0,    0,    0,    0,    0,    0,    0,    0,    0,    0,    0,    0,    0,  -35,    0,    0,    0,    0,    0,    0,    0,    0,    0,    0,    0,    0,    0,    0,    0,    0,    0,    0,    0,    0,    0,    0,    0,    0,    0,    0,    3,    0,    0,    0,    0,    0,    0,    0,    0,  -35,    0,    0,    0,  -12,    0,    0,    0,    0,    0,    0,    0,    0,    0,    0,    0,    0,    0,    0,    0,    0,    0,    0,    0,    0,    0,    0,    0,    0,    0,    0,    0,    0,    0,    0,    0,    0,    0,    0,    0,    0,    0,    0,    0,    0,    0,    0,    0,    0,    0,    0,    0,    0,    0,    0,    0,    0,    0,    0,    0,    0,    0,    0,    0,    0,    0,    0,    0,    0,    0,    0,    0,    0,    0,    0,    0,    0,    0,    0,    0,    0,    0,
       0,    0,    0,    0,    0,    0,    0,    0,    0,    0,    0,  -12,    0,    0,    0,    0,    0,    0,    0,    0,    0,   -9,    0,    0,    0,  -47,    0,  -56,  -37,    0,  -56,    0,    0,    0,    0,    0,    0,    0,    0,    0,    0,    0,    0,    0,    0,    0,  -37,  -19,    0,  -19,    0,    0,    0,    0,    0,    0,    0,  -56,    0,    0,    0,  -47,  -37,    0,    0,    0,    0,    0,    0,    0,    0,    0,    0,    0,    0,    0,    0,    0,    0,    0,    0,    0,    0,    0,    0,    0,    0,    0,    0,    0,    0,    0,    0,    0,    0,    0,    0,    0,    0,    0,    0,    0,    0,    0,    0,    0,    0,    0,    0,    0,    0,    0,    0,    0,    0,    0,    0,    0,    0,    0,    0,    0,    0,    0,    0,    0,    0,    0,    0,    0,    0,    0,    0,    0,    0,    0,    0,
       0,    0,    0,    0,    0,    0,    0,    0,    0,    0,    0,  -12,    0,    0,    0,    0,    0,    0,    0,    0,    0,   -9,    0,    0,    0,  -47,    0,  -47,  -37,    0,  -56,    0,    0,    0,    0,    0,    0,    0,    0,    0,    0,    0,    0,    0,    0,    0,  -37,  -19,    0,  -19,    0,    0,    0,    0,    0,    0,    0,  -56,    0,    0,    0,  -47,  -37,    0,    0,    0,    0,    0,    0,    0,    0,    0,    0,    0,    0,    0,    0,    0,    0,    0,    0,    0,    0,    0,    0,    0,    0,    0,    0,    0,    0,    0,    0,    0,    0,    0,    0,    0,    0,    0,    0,    0,    0,    0,    0,    0,    0,    0,    0,    0,    0,    0,    0,    0,    0,    0,    0,    0,    0,    0,    0,    0,    0,    0,    0,    0,    0,    0,    0,    0,    0,    0,    0,    0,    0,    0,    0,
       0,    0,    0,    0,    0,    0,    0,  -43,  -23,  -14,  -14,  -28,  -23,    0,    0,    0,    0,    0,    0,  -47,    0,  -19,    0,  -23,    0,    0,    0,    0,    0,    0,    0,    0,    0,    0,    0,    0,  -23,    0,    0,  -23,    0,    0,    0,  -14,    0,    0,    0,    0,   -3,    0,    0,    0,    0,    0,    0,  -47,    0,    0,   -6,  -15,    0,    0,    0,    0,    0,    0,    0,    0,    0,    0,    0,    0,    0,    0,    0,    0,    0,    0,    0,    0,    0,    0,    0,    0,    0,    0,    0,    0,    0,    0,    0,    0,    0,    0,    0,    0,    0,    0,    0,    0,    0,    0,    0,    0,    0,    0,    0,    0,    0,    0,    0,    0,    0,    0,    0,    0,    0,    0,    0,    0,    0,    0,    0,    0,    0,    0,    0,    0,    0,    0,    0,    0,    0,    0,    0,    0,    0,
       0,    0,    0,    0,    0,    0,    0,  -23,    0,    0,    0,    0,    0,    0,    0,    0,    0,    0,    0,    0,    0,    0,    0,    0,    0,    0,    0,    0,    0,    0,    0,    0,    0,    0,    0,    0,    0,    0,    0,    0,    0,    0,    0,    0,    0,    0,    0,    0,    0,    0,    0,    0,    0,    0,    0,    0,    0,    0,    0,    0,    0,    0,    0,    0,    0,    0,    0,    0,    0,    0,    0,    0,    0,    0,    0,    0,    0,    0,    0,    0,    0,    0,    0,    0,    0,    0,    0,    0,    0,    0,    0,    0,    0,    0,    0,    0,    0,    0,    0,    0,    0,    0,    0,    0,    0,    0,    0,    0,    0,    0,    0,    0,    0,    0,    0,    0,    0,    0,    0,    0,    0,    0,    0,    0,    0,    0,    0,    0,    0,    0,    0,    0,    0,    0,    0,  -23,    0,
       0,    0,    0,    0,    0,    0,    0,    0,    0,    0,    0,    0,    0,    0,    0,    0,  -19,    0,    0,    0,    0,    0,    0,    0,    0,    0,    0,    0,    0,    0,    0,    0,    0,    0,    0,    0,    0,    0,    0,    0,    0,    0,    0,    0,    0,    0,    0,    0,    0,    0,    0,    0,    0,    0,    0,    0,    0,    0,    0,    0,    0,    0,    0,    0,    0,    0,    0,    0,    0,    0,    0,    0,    0,    0,    0,    0,    0,    0,    0,    0,    0,    0,    0,    0,    0,    0,    0,    0,    0,    0,    0,    0,    0,    0,    0,    0,    0,    0,    0,    0,    0,    0,    0,    0,    0,    0,    0,    0,    0,    0,    0,    0,    0,    0,    0,    0,    0,    0,    0,    0,    0,    0,    0,    0,    0,    0,    0,    0,    0,    0,    0,    0,    0,    0,    0,    0,    0,
       0,    0,    0,    0,    0,    0,    0,    0,    0,    0,    0,   -9,    0,    0,    0,    0,    0,    0,    0,    0,    0,    0,    0,    0,    0,    0,    0,    0,    0,    0,    0,    0,    0,    0,    0,    0,    0,    0,    0,    0,    0,    0,    0,    0,    0,    0,    0,    0,    0,    0,    0,    5,    0,    0,    0,    0,    0,    0,    0,    0,    0,    0,    0,    0,    0,    0,    0,    0,    0,    0,    0,    0,    0,    0,    0,    0,    0,    0,    0,    0,    0,    0,    0,    0,    0,    0,    0,    0,    0,    0,    0,    0,    0,    0,    0,    0,    0,    0,    0,    0,    0,    0,    0,    0,    0,    0,    0,    0,    0,    0,    0,    0,    0,    0,    0,    0,    0,    0,    0,    0,    0,    0,    0,    0,    0,    0,    0,    0,    0,    0,    0,    0,    0,    0,    0,    0,    0,
       0,    0,    0,    0,    0,    0,    0,  -12,    0,    0,    0,    0,    0,    0,    0,    0,    0,    0,    0,    0,    0,    0,    0,    0,    0,    0,    0,    0,    0,    0,    0,    0,    0,    0,    0,    0,    0,    0,    0,    0,    0,    0,    0,    0,    0,    0,    0,    0,    0,    0,    0,    0,    0,    0,    0,    0,    0,    0,    0,    0,    0,    0,    0,    0,    0,    0,    0,    0,    0,    0,    0,    0,    0,    0,    0,    0,    0,    0,    0,    0,    0,    0,    0,    0,    0,    0,    0,    0,    0,    0,    0,    0,    0,    0,    0,    0,    0,    0,    0,    0,    0,    0,    0,    0,    0,    0,    0,    0,    0,    0,    0,    0,    0,    0,    0,    0,    0,    0,    0,    0,    0,    0,    0,    0,    0,    0,    0,    0,    0,    0,    0,    0,    0,    0,    0,  -14,    0,
       0,    0,    0,    0,    0,    0,    0,    0,    0,    0,   -9,    0,    0,   -9,    0,    0,    0,    0,    0,    0,    0,    0,    0,    0,    0,    0,    0,    0,    0,    0,    0,    0,    0,    0,    0,    0,    0,    0,    0,    0,    0,    0,    0,    0,    0,    0,    0,    0,    0,    0,    0,    0,    0,    0,    0,    0,    0,    0,    0,    0,    0,    0,    0,    0,    0,    0,    0,    0,    0,    0,    0,    0,    0,    0,    0,    0,    0,    0,    0,    0,    0,    0,    0,    0,    0,    0,    0,    0,    0,    0,    0,    0,    0,    0,    0,    0,    0,    0,    0,    0,    0,    0,    0,    0,    0,    0,    0,    0,    0,    0,    0,    0,    0,    0,    0,    0,    0,    0,    0,    0,    0,    0,    0,    0,    0,    0,    0,    0,    0,    0,    0,    0,    0,    0,    0,    0,  -28,
       0,    0,    0,    0,    0,    0,    0,  -19,    0,    0,    0,    0,    0,    0,    0,    0,    0,    0,    0,    0,    0,    0,    0,    0,    0,    0,    0,    0,    0,    0,    0,    0,    0,    0,    0,    0,    0,    0,    0,    0,    0,    0,    0,    0,    0,    0,    0,    0,    0,    0,    0,    0,    0,    0,    0,    0,    0,    0,    0,    0,    0,    0,    0,    0,    0,    0,    0,    0,    0,    0,    0,    0,    0,    0,    0,    0,    0,    0,    0,    0,    0,    0,    0,    0,    0,    0,    0,    0,    0,    0,    0,    0,    0,    0,    0,    0,    0,    0,    0,    0,    0,    0,    0,    0,    0,    0,    0,    0,    0,    0,    0,    0,    0,    0,    0,    0,    0,    0,    0,    0,    0,    0,    0,    0,    0,    0,    0,    0,    0,    0,    0,    0,    0,    0,    0,   -9,    0,
       0,    0,    0,    0,    0,    0,    0,    0,    0,    0,    0,    0,    0,    0,    0,    0,    0,    0,    0,    0,    0,    0,    0,    0,    0,    0,    0,    0,    0,    0,    0,    0,    0,    0,    0,    0,    0,    0,    0,    0,    0,    0,    0,    0,    0,    0,    0,    0,    0,    0,    0,    0,    0,    0,    0,    0,    0,    0,    0,    0,    0,    0,    0,    0,    0,    0,    0,    0,    0,    0,    0,    0,    0,    0,    0,    0,    0,    0,    0,    0,    0,    0,    0,    0,    0,    0,    0,    0,    0,    0,    0,    0,    0,    0,    0,    0,    0,    0,    0,    0,    0,    0,    0,    0,    0,    0,    0,    0,    0,    0,    0,    0,    0,    0,    0,    0,    0,    0,    0,    0,    0,    0,    0,    0,    0,    0,    0,    0,    0,    0,    0,    0,    0,    0,    0,   -9,    0,
       0,    0,    0,    0,  -47,    0,  -37,  -56,    0,   -7,   -9,  -12,   -9,    0,   -9,    0,  -23,    0,    0,    0,    0,    0,    0,    0,    0,    0,    0,    0,    0,    0,    0,    0,    0,    0,    0,    0,    0,    0,    0,    0,    0,    0,    0,    0,    0,    0,    0,    0,    0,    0,    0,    0,    0,    0,    0,    0,    0,    0,    0,    0,    0,    0,    0,    0,    0,    0,    0,    0,    0,    0,    0,    0,    0,    0,    0,    0,    0,    0,    0,    0,    0,    0,    0,    0,    0,    0,    0,    0,    0,    0,    0,    0,    0,    0,    0,    0,    0,    0,    0,    0,    0,    0,    0,    0,    0,    0,    0,    0,    0,    0,    0,    0,    0,    0,    0,    0,    0,    0,    0,    0,    0,    0,    0,    0,    0,    0,    0,    0,    0,    0,    0,    0,    0,    0,    0,  -42,    0,
       0,    0,    0,    0,    0,    0,    0,    0,    0,    0,    0,    0,    0,    0,    0,    0,    0,    0,    0,    0,    0,    0,    0,    0,    0,    0,    0,    0,    0,    0,    0,    0,    0,    0,    0,    0,    0,    0,    0,    0,    0,    0,    0,    0,    0,    0,    0,    0,    0,    0,    0,    0,    0,    0,    0,    0,    0,    0,    0,    0,    0,    0,    0,    0,    0,    0,    0,    0,    0,    0,    0,    0,    0,    0,    0,    0,    0,    0,    0,    0,    0,    0,    0,    0,    0,    0,    0,    0,    0,    0,    0,    0,    0,    0,    0,    0,    0,    0,    0,    0,    0,    0,    0,    0,    0,    0,    0,    0,    0,    0,    0,    0,    0,    0,    0,    0,    0,    0,    0,    0,    0,    0,    0,    0,    0,    0,    0,    0,    0,    0,    0,    0,    0,    0,    0,  -14,    0,
       0,    0,    0,    0,    0,    0,    0,  -23,    0,    0,    0,    0,    0,    0,    0,    0,    0,    0,    0,    0,    0,    0,    0,    0,    0,    0,    0,    0,    0,    0,    0,    0,    0,    0,    0,    0,    0,    0,    0,    0,    0,    0,    0,    0,    0,    0,    0,    0,    0,    0,    0,    0,    0,    0,    0,    0,    0,    0,    0,    0,    0,    0,    0,    0,    0,    0,    0,    0,    0,    0,    0,    0,    0,    0,    0,    0,    0,    0,    0,    0,    0,    0,    0,    0,    0,    0,    0,    0,    0,    0,    0,    0,    0,    0,    0,    0,    0,    0,    0,    0,    0,    0,    0,    0,    0,    0,    0,    0,    0,    0,    0,    0,    0,    0,    0,    0,    0,    0,    0,    0,    0,    0,    0,    0,    0,    0,    0,    0,    0,    0,    0,    0,    0,    0,    0,  -19,    0,
       0,    0,    0,    0,    0,    0,    0,    0,    0,   -9,    0,    0,    0,    0,    0,    0,    0,    0,    0,    0,    0,    0,    0,    0,    0,    0,    0,    0,    0,    0,    0,    0,    0,    0,    0,    0,    0,    0,    0,    0,    0,    0,    0,    0,    0,    0,    0,    0,    0,    0,    0,    0,    0,    0,    0,    0,    0,    0,    0,    0,    0,    0,    0,    0,    0,    0,    0,    0,    0,    0,    0,    0,    0,    0,    0,    0,    0,    0,    0,    0,    0,    0,    0,    0,    0,    0,    0,    0,    0,    0,    0,    0,    0,    0,    0,    0,    0,    0,    0,    0,    0,    0,    0,    0,    0,    0,    0,    0,    0,    0,    0,    0,    0,    0,    0,    0,    0,    0,    0,    0,    0,    0,    0,    0,    0,    0,    0,    0,    0,    0,    0,    0,    0,    0,    0,    0,    0,
       0,    0,    0,    0,    0,    0,    0,    0,    0,  -28,  -14,    0,    0,  -23,    0,    0,    0,    0,    0,    0,    0,    0,    0,    0,    0,    0,    0,    0,    0,    0,    0,    0,    0,    0,    0,    0,    0,    0,    0,    0,    0,    0,    0,    0,    0,    0,    0,    0,    0,    0,    0,    0,    0,    0,    0,    0,    0,    0,    0,    0,    0,    0,    0,    0,    0,    0,    0,    0,    0,    0,    0,    0,    0,    0,    0,    0,    0,    0,    0,    0,    0,    0,    0,    0,    0,    0,    0,    0,    0,    0,    0,    0,    0,    0,    0,    0,    0,    0,    0,    0,    0,    0,    0,    0,    0,    0,    0,    0,    0,    0,    0,    0,    0,    0,    0,    0,    0,    0,    0,    0,    0,    0,    0,    0,    0,    0,    0,    0,    0,    0,    0,    0,    0,    0,    0,    0,    0,
       0,    0,    0,    0,    0,    0,    0,    0,    0,    0,    0,    0,    0,    0,    0,    0,    0,    0,    0,  -19,    0,    0,    0,  -35,    0,    0,    0,    0,    0,    0,    0,    0,    0,    0,    0,    0,    0,    0,    0,    0,    0,    0,    0,    0,    0,    0,    0,    0,    0,    0,    0,    0,    0,    0,    0,  -19,    0,    0,    0,   -7,    0,    0,    0,    0,    0,    0,    0,    0,    0,    0,    0,    0,    0,    0,    0,    0,    0,    0,    0,    0,    0,    0,    0,    0,    0,    0,    0,    0,    0,    0,    0,    0,    0,    0,    0,    0,    0,    0,    0,    0,    0,    0,    0,    0,    0,    0,    0,    0,    0,    0,    0,    0,    0,    0,    0,    0,    0,    0,    0,    0,    0,    0,    0,    0,    0,    0,    0,    0,    0,    0,    0,    0,    0,    0,    0,    0,    0,
       0,    0,    0,    0,    0,    0,    0,    0,    0,    0,    0,    0,    0,    0,    0,    0,    0,    0,    0,    0,    0,    0,    0,    0,    0,    0,    0,   -3,    0,    0,    0,    0,    0,    0,    0,    0,    0,    0,    0,    0,    0,    0,    0,    0,    0,    0,    0,    0,   -1,    0,    0,    0,    0,    0,    0,    0,    0,    0,    0,    0,    0,    0,    0,    0,    0,    0,    0,    0,    0,    0,    0,    0,    0,    0,    0,    0,    0,    0,    0,    0,    0,    0,    0,    0,    0,    0,    0,    0,    0,    0,    0,    0,    0,    0,    0,    0,    0,    0,    0,    0,    0,    0,    0,    0,    0,    0,    0,    0,    0,    0,    0,    0,    0,    0,    0,    0,    0,    0,    0,    0,    0,    0,    0,    0,    0,    0,    0,    0,    0,    0,    0,    0,    0,    0,    0,    0,    0,
       0,    0,    0,  -35,    0,  -23,    0,    0,    0,    0,    0,    0,    0,    0,    0,    0,    0,    0,    0,    0,    0,   -9,    0,    0,    0,  -23,   -9,  -35,  -19,    0,  -37,    0,    0,  -47,    0,    0,   -9,    0,   -9,   -5,    0,    0,    0,    0,   -2,   -5,  -23,  -21,    0,  -12,    0,    0,    0,    0,    0,    0,    0,  -37,   -9,   -9,    0,  -23,  -19,    0,    0,    0,    0,    0,    0,    0,    0,    0,    0,    0,    0,    0,    0,    0,    0,    0,    0,    0,    0,    0,    0,    0,    0,    0,    0,    0,    0,    0,    0,    0,    0,    0,    0,    0,    0,    0,    0,    0,    0,    0,    0,    0,    0,    0,    0,    0,    0,    0,    0,    0,    0,    0,    0,    0,    0,    0,    0,    0,    0,    0,    0,    0,    0,    0,  -23,  -23,  -61,  -63,  -33,  -35,    0,    0,    0,
       0,    0,   -9,    0,    0,    0,    0,  -19,    0,    0,    0,    0,    0,    0,    0,    0,    0,    0,    0,    0,    0,    0,    0,    0,    0,   -7,    0,   -4,   -3,   -6,  -11,    0,    0,    0,    0,    0,    0,   -1,    0,   -2,    0,    0,    0,    0,    0,    0,    0,    0,   -1,    0,    0,    0,    0,    0,    0,    0,    0,  -11,    0,    0,   -1,   -7,   -3,    0,    0,    0,    0,    0,    0,    0,    0,    0,    0,    0,    0,    0,    0,    0,    0,    0,    0,    0,    0,    0,    0,    0,    0,    0,    0,    0,    0,    0,    0,    0,    0,    0,    0,    0,    0,    0,    0,    0,    0,    0,    0,    0,    0,    0,    0,    0,    0,    0,    0,    0,    0,    0,    0,    0,    0,    0,    0,    0,    0,    0,    0,    0,    0,    0,    0,    0,    0,    0,    0,    0,    0,    0,    0,
       0,    0,    9,    0,    0,    0,    0,    0,    0,    0,    0,    0,    0,    0,    0,    0,    0,    0,    0,    0,    0,    0,    0,    0,    0,    0,    0,    0,    0,    0,    0,    0,    0,    0,    0,    0,    0,    0,    0,    0,    0,    0,    0,    0,    0,    0,    0,    0,    0,    0,    0,    0,    0,    0,    0,    0,    0,    0,    0,    0,    0,    0,    0,    0,    0,    0,    0,    0,    0,    0,    0,    0,    0,    0,    0,    0,    0,    0,    0,    0,    0,    0,    0,    0,    0,    0,    0,    0,    0,    0,    0,    0,    0,    0,    0,    0,    0,    0,    0,    0,    0,    0,    0,    0,    0,    0,    0,    0,    0,    0,    0,    0,    0,    0,    0,    0,    0,    0,    0,    0,    0,    0,    0,    0,    0,    0,    0,    0,    0,    0,    0,   19,    0,   19,    0,    0,    0,
       0,    0,  -14,    0,    0,    0,   -9,  -19,    0,    0,    0,    0,    0,    0,    0,    0,    0,    0,    0,   -9,    0,    0,   -7,   -7,    0,  -14,    0,  -14,   -2,  -16,  -16,  -21,    0,  -23,    0,    0,    0,    0,    0,    0,    0,    0,    0,    0,    0,    0,    0,    0,   -5,    0,    0,  -12,    0,    0,    0,   -9,    0,  -16,    0,    0,    0,  -14,   -2,    0,    0,    0,    0,    0,    0,    0,    0,    0,    0,    0,    0,    0,    0,    0,    0,    0,    0,    0,    0,    0,    0,    0,    0,    0,    0,    0,    0,    0,    0,    0,    0,    0,    0,    0,    0,    0,    0,    0,    0,    0,    0,    0,    0,    0,    0,    0,    0,    0,    0,    0,    0,    0,    0,    0,    0,    0,    0,    0,    0,    0,    0,    0,    0,    0,    0,    0,    0,    0,    0,    0,    0,    0,    0,
       0,    0,    0,    0,    0,    0,    0,    0,    0,    0,    0,    0,    0,    0,    0,    0,    0,    0,    0,    0,    0,    0,    0,   -5,    0,    0,    0,    0,    0,    0,    0,    0,    0,    0,    0,    0,   -2,    0,    0,   -5,    0,    0,    0,    0,    0,   -5,   -7,    0,    0,   -5,    0,    0,    0,    0,    0,    0,    0,    0,    0,   -2,    0,    0,    0,    0,    0,    0,    0,    0,    0,    0,    0,    0,    0,    0,    0,    0,    0,    0,    0,    0,    0,    0,    0,    0,    0,    0,    0,    0,    0,    0,    0,    0,    0,    0,    0,    0,    0,    0,    0,    0,    0,    0,    0,    0,    0,    0,    0,    0,    0,    0,    0,    0,    0,    0,    0,    0,    0,    0,    0,    0,    0,    0,    0,    0,    0,    0,    0,    0,    0,    0,    0,    0,    0,    0,    0,    0,    0,
       0,    0,    0,    0,  -37,    0,  -37,    0,    0,    0,    0,    0,    0,    0,    0,    0,    0,    0,    0,  -28,    0,   -4,    0,  -56,   -2,    7,    0,    0,    0,   -2,    0,    0,    0,    0,    0,    0,   -7,    0,    0,   -5,    0,   -4,   -4,   -5,    0,   -7,   -2,    0,   -7,    0,   -2,    0,    0,    0,    0,  -28,  -51,    0,    0,   -7,    0,    7,    0,    0,    0,    0,    0,    0,    0,    0,    0,    0,    0,    0,    0,    0,    0,    0,    0,    0,    0,    0,    0,    0,    0,    0,    0,    0,    0,    0,    0,    0,    0,    0,    0,    0,    0,    0,    0,    0,    0,    0,    0,    0,    0,    0,    0,    0,    0,    0,    0,    0,    0,    0,    0,    0,    0,    0,    0,    0,    0,    0,    0,    0,    0,    0,    0,    0,    0,    0,    0,    0,    0,    0,    0,    0,    0,
       0,    0,    0,    0,    0,    0,    0,  -19,    0,    0,    0,    0,    0,    0,    0,    0,    0,    0,    0,   -5,    0,    0,   -5,    0,    0,  -12,    0,   -7,   -5,    0,  -11,    0,    0,  -23,    0,    0,    0,    0,    0,    0,    0,    0,    0,    0,    0,    0,    0,    0,    0,    0,    0,    0,    0,    0,    0,   -5,    0,  -11,    0,    0,    0,  -12,   -5,    0,    0,    0,    0,    0,    0,    0,    0,    0,    0,    0,    0,    0,    0,    0,    0,    0,    0,    0,    0,    0,    0,    0,    0,    0,    0,    0,    0,    0,    0,    0,    0,    0,    0,    0,    0,    0,    0,    0,    0,    0,    0,    0,    0,    0,    0,    0,    0,    0,    0,    0,    0,    0,    0,    0,    0,    0,    0,    0,    0,    0,    0,    0,    0,    0,    0,    0,    0,    0,    0,    0,    0,    0,    0,
       0,    0,    0,    0,    0,    0,    0,    0,    0,    0,    0,    0,    0,    0,    0,    0,    0,    0,    0,    0,    0,   -7,    0,    0,    0,    0,    0,    0,    0,    0,    0,    0,    0,    0,    0,    0,    0,    0,    0,    0,    0,    0,    0,    0,    0,    0,    0,    0,    0,    0,    0,    0,    0,    0,    0,    0,    0,    0,    0,    0,    0,    0,    0,    0,    0,    0,    0,    0,    0,    0,    0,    0,    0,    0,    0,    0,    0,    0,    0,    0,    0,    0,    0,    0,    0,    0,    0,    0,    0,    0,    0,    0,    0,    0,    0,    0,    0,    0,    0,    0,    0,    0,    0,    0,    0,    0,    0,    0,    0,    0,    0,    0,    0,    0,    0,    0,    0,    0,    0,    0,    0,    0,    0,    0,    0,    0,    0,    0,    0,    0,    0,    0,    0,    0,    0,    0,    0,
       0,    0,   19,    0,  -33,    0,  -23,  -23,    0,    0,    0,    0,    0,    0,    0,    0,    0,    0,    0,  -35,    0,  -14,    0,  -23,    0,    0,    0,    0,    0,    0,    0,    0,    0,    0,   14,    0,  -23,    0,  -23,  -23,    0,  -19,  -19,  -19,    0,  -23,  -19,   -9,    0,  -19,   -9,   19,    0,    0,    0,  -35,    0,    0,  -23,  -23,    0,    0,    0,    0,    0,    0,    0,    0,    0,    0,    0,    0,    0,    0,    0,    0,    0,    0,    0,    0,    0,    0,    0,    0,    0,    0,    0,    0,    0,    0,    0,    0,    0,    0,    0,    0,    0,    0,    0,    0,    0,    0,    0,    0,    0,    0,    0,    0,    0,    0,    0,    0,    0,    0,    0,    0,    0,    0,    0,    0,    0,    0,    0,    0,    0,    0,    0,    0,    0,    0,   28,   37,   28,   37,    0,    0,    0,
       0,    0,    0,    0,    0,  -42,    0,    0,    0,    0,    0,    0,    0,    0,    0,    0,    0,    0,    0,    0,    0,  -21,    0,  -14,   -5,    0,   -7,   -2,   -2,    0,    9,    0,    0,    0,    0,    0,  -21,    0,    0,    0,    0,   -4,   -4,   -2,   -1,   -6,  -19,  -19,    0,  -19,    0,    0,    0,    0,    0,    0,    0,    9,    0,  -21,    0,    0,   -2,    0,    0,    0,    0,    0,    0,    0,    0,    0,    0,    0,    0,    0,    0,    0,    0,    0,    0,    0,    0,    0,    0,    0,    0,    0,    0,    0,    0,    0,    0,    0,    0,    0,    0,    0,    0,    0,    0,    0,    0,    0,    0,    0,    0,    0,    0,    0,    0,    0,    0,    0,    0,    0,    0,    0,    0,    0,    0,    0,    0,    0,    0,    0,    0,    0,  -42,  -42,    0,    0,    0,    0,    0,    0,    0,
       0,    0,    0,  -35,    0,  -28,    0,    0,    0,    0,    0,    0,    0,    0,    0,    0,    0,    0,    0,    0,    0,   -9,    0,    0,    0,  -39,   -9,  -35,  -35,    0,  -56,    0,    0,  -47,    0,    0,   -9,    0,    0,    0,    0,    0,    0,    0,   -2,    0,  -11,   -2,    0,  -19,    9,    0,    0,    0,    0,    0,    0,  -56,    0,   -9,    0,  -39,  -35,    0,    0,    0,    0,    0,    0,    0,    0,    0,    0,    0,    0,    0,    0,    0,    0,    0,    0,    0,    0,    0,    0,    0,    0,    0,    0,    0,    0,    0,    0,    0,    0,    0,    0,    0,    0,    0,    0,    0,    0,    0,    0,    0,    0,    0,    0,    0,    0,    0,    0,    0,    0,    0,    0,    0,    0,    0,    0,    0,    0,    0,    0,    0,    0,    0,  -28,  -28,  -56,  -47,  -56,  -47,    0,    0,    0,
       0,    0,    0,    0,  -60,    0,  -47,  -37,    0,    0,    0,    0,    0,    0,    0,    0,    0,    0,    0,  -30,    0,    0,    0,  -35,    0,    0,    0,    0,    4,   -7,    0,   -7,    0,  -23,    0,    0,   -5,    0,    4,   -5,    0,    0,    0,    0,    7,   -2,    5,    7,    0,    5,    0,    0,    0,    0,    0,  -30,    0,    0,    4,   -5,    0,    0,    4,    0,    0,    0,    0,    0,    0,    0,    0,    0,    0,    0,    0,    0,    0,    0,    0,    0,    0,    0,    0,    0,    0,    0,    0,    0,    0,    0,    0,    0,    0,    0,    0,    0,    0,    0,    0,    0,    0,    0,    0,    0,    0,    0,    0,    0,    0,    0,    0,    0,    0,    0,    0,    0,    0,    0,    0,    0,    0,    0,    0,    0,    0,    0,    0,    0,    0,    0,   14,   23,   14,   23,    0,    0,    0,
       0,    0,  -14,    0,    0,    0,   -9,  -19,    0,    0,    0,    0,    0,    0,    0,    0,    0,    0,    0,   -9,    0,    0,   -7,   -7,    0,  -14,    0,  -14,   -2,  -16,  -16,  -21,    0,  -23,    0,   -5,    0,    0,    0,    0,    0,    0,    0,    0,    0,    0,    0,    0,   -5,    0,    0,  -12,    0,    0,    0,   -9,    0,  -16,    0,    0,    0,  -14,   -2,    0,    0,    0,    0,    0,    0,    0,    0,    0,    0,    0,    0,    0,    0,    0,    0,    0,    0,    0,    0,    0,    0,    0,    0,    0,    0,    0,    0,    0,    0,    0,    0,    0,    0,    0,    0,    0,    0,    0,    0,    0,    0,    0,    0,    0,    0,    0,    0,    0,    0,    0,    0,    0,    0,    0,    0,    0,    0,    0,    0,    0,    0,    0,    0,    0,    0,    0,    0,    0,    0,    0,    0,    0,    0,
       0,    0,    0,    0,    0,  -28,    0,    0,    0,    0,    0,    0,    0,    0,    0,    0,    0,    0,    0,    0,    0,   -5,    0,  -14,    0,   -9,   -2,  -14,    0,    0,  -23,    0,    0,  -19,    0,    0,   -9,    0,    0,    0,    0,    0,    0,    0,    0,   -5,    0,    0,    0,    0,    0,    0,    0,    0,    0,    0,    0,  -23,    0,   -9,    0,   -9,    0,    0,    0,    0,    0,    0,    0,    0,    0,    0,    0,    0,    0,    0,    0,    0,    0,    0,    0,    0,    0,    0,    0,    0,    0,    0,    0,    0,    0,    0,    0,    0,    0,    0,    0,    0,    0,    0,    0,    0,    0,    0,    0,    0,    0,    0,    0,    0,    0,    0,    0,    0,    0,    0,    0,    0,    0,    0,    0,    0,    0,    0,    0,    0,    0,    0,  -28,  -28,    0,    0,    0,    0,    0,    0,    0,
       0,    0,    0,    0,    0,    0,    0,    0,    0,    0,    0,    0,    0,    0,    0,    0,    0,    0,    0,    0,    0,    0,    0,    0,    0,    0,    0,    0,    0,   -7,   -7,    0,    0,    0,    0,    0,    0,    0,    0,    0,    0,    0,    0,    0,    0,    0,    0,    0,    0,    0,    0,    0,    0,    0,    0,    0,    0,   -7,    0,    0,    0,    0,    0,    0,    0,    0,    0,    0,    0,    0,    0,    0,    0,    0,    0,    0,    0,    0,    0,    0,    0,    0,    0,    0,    0,    0,    0,    0,    0,    0,    0,    0,    0,    0,    0,    0,    0,    0,    0,    0,    0,    0,    0,    0,    0,    0,    0,    0,    0,    0,    0,    0,    0,    0,    0,    0,    0,    0,    0,    0,    0,    0,    0,    0,    0,    0,    0,    0,    0,    0,    0,    0,    0,    0,    0,    0,    0,
       0,  -26,    0,    0,  -47,  -47,  -47,  -28,    0,    0,    0,    0,    0,    0,    0,    0,    0,    0,    0,  -23,    0,  -14,    0,  -37,    0,   14,    0,    5,    5,    0,    5,    0,    0,    0,    0,    0,  -47,    0,    0,  -21,    0,  -28,   -9,  -47,    0,  -47,   -5,  -33,   -7,  -23,  -33,    0,    0,    0,    0,  -23,  -54,    5,    0,  -47,    0,   14,    5,    0,    0,    0,    0,    0,    0,    0,    0,    0,    0,    0,    0,    0,    0,    0,    0,    0,    0,    0,    0,    0,    0,    0,    0,    0,    0,    0,    0,    0,    0,    0,    0,    0,    0,    0,    0,    0,    0,    0,    0,    0,    0,    0,    0,    0,    0,    0,    0,    0,    0,    0,    0,    0,    0,    0,    0,    0,    0,    0,    0,    0,    0,    0,    0,    0,  -47,  -47,    0,    0,    0,    0,    0,    0,    0,
       0,    0,    0,    0,    0,    0,    0,    0,    0,    0,    0,    0,    0,    0,    0,    0,    0,    0,    0,   -9,    0,    0,    0,   -5,   -5,    0,    0,    0,    0,   -5,   -5,    0,    0,    0,    0,    0,    0,    0,    0,    0,    0,    0,    0,    0,    0,    0,    0,    0,   -2,    0,    0,    0,    0,    0,    0,   -9,    0,   -5,    0,    0,    0,    0,    0,    0,    0,    0,    0,    0,    0,    0,    0,    0,    0,    0,    0,    0,    0,    0,    0,    0,    0,    0,    0,    0,    0,    0,    0,    0,    0,    0,    0,    0,    0,    0,    0,    0,    0,    0,    0,    0,    0,    0,    0,    0,    0,    0,    0,    0,    0,    0,    0,    0,    0,    0,    0,    0,    0,    0,    0,    0,    0,    0,    0,    0,    0,    0,    0,    0,    0,    0,    0,    0,    0,    0,    0,    0,    0,
       0,  -23,    0,    0,  -56,    0,  -47,  -37,    0,    0,    0,    0,    0,    0,    0,    0,    0,    3,   -3,  -35,    0,  -14,    0,  -47,   -5,    5,    0,    0,    0,    0,    0,    0,  -47,    0,    0,  -14,  -28,    0,    0,   -9,    0,   -9,   -6,   -7,    0,  -12,    0,    0,    0,    0,   -2,  -47,   -3,   -6,   -9,  -35,  -61,    0,    0,  -28,    0,    5,    0,    0,    0,    0,    0,    0,    0,    0,    0,    0,    0,    0,    0,    0,    0,    0,    0,    0,    0,    0,    0,    0,    0,    0,    0,    0,    0,    0,    0,    0,    0,    0,    0,    0,    0,    0,    0,    0,    0,    0,    0,    0,    0,    0,    0,    0,    0,    0,    0,    0,    0,    0,    0,    0,    0,    0,    0,    0,    0,    0,    0,    0,    0,    0,    0,    0,    0,  -47,    0,    0,    0,    0,   -4,    0,    0,
       0,  -14,    0,    0,  -37,    0,  -37,  -37,    0,    0,    0,    0,    0,    0,    0,    0,    0,    0,    0,  -19,    0,   -2,    0,  -37,   -5,    5,    0,    0,    0,    0,    0,    0,  -33,    0,    0,    0,  -12,    0,    0,   -9,    0,   -1,   -1,    0,    0,   -5,    0,    0,    0,    0,    0,  -33,    0,    0,    0,  -19,    0,    0,    0,  -12,    0,    5,    0,    0,    0,    0,    0,    0,    0,    0,    0,    0,    0,    0,    0,    0,    0,    0,    0,    0,    0,    0,    0,    0,    0,    0,    0,    0,    0,    0,    0,    0,    0,    0,    0,    0,    0,    0,    0,    0,    0,    0,    0,    0,    0,    0,    0,    0,    0,    0,    0,    0,    0,    0,    0,    0,    0,    0,    0,    0,    0,    0,    0,    0,    0,    0,    0,    0,    0,  -33,    0,    0,    0,    0,    0,    0,    0,
       0,    0,    0,    0,    0,    0,    0,    0,    0,    0,    0,    0,    0,    0,    0,    0,    0,    0,    0,    0,    0,  -16,    0,    0,   -7,    0,   -5,    0,    0,    0,    0,    0,  -37,    0,    0,    0,  -12,    0,    0,   -1,    0,    0,    0,    0,    0,   -5,  -12,   -8,    0,  -11,    0,  -37,    0,    0,    0,    0,    0,    0,    0,  -12,    0,    0,    0,    0,    0,    0,    0,    0,    0,    0,    0,    0,    0,    0,    0,    0,    0,    0,    0,    0,    0,    0,    0,    0,    0,    0,    0,    0,    0,    0,    0,    0,    0,    0,    0,    0,    0,    0,    0,    0,    0,    0,    0,    0,    0,    0,    0,    0,    0,    0,    0,    0,    0,    0,    0,    0,    0,    0,    0,    0,    0,    0,    0,    0,    0,    0,    0,    0,    0,  -37,    0,    0,    0,    0,    0,    0,    0,
       0,  -23,    0,    0,  -56,    0,  -56,  -56,    0,    0,    0,    0,    0,    0,    0,    0,    0,    0,    0,  -37,    0,  -16,    0,  -56,  -12,    5,   -5,    0,    0,    0,    0,    0,  -47,    0,    0,    0,  -37,    0,    0,  -37,    0,  -11,  -10,  -17,    0,   -9,   -5,   -5,   -9,   -5,   -5,  -47,    0,    0,    0,  -37,    0,    0,    0,  -37,    0,    5,    0,    0,    0,    0,    0,    0,    0,    0,    0,    0,    0,    0,    0,    0,    0,    0,    0,    0,    0,    0,    0,    0,    0,    0,    0,    0,    0,    0,    0,    0,    0,    0,    0,    0,    0,    0,    0,    0,    0,    0,    0,    0,    0,    0,    0,    0,    0,    0,    0,    0,    0,    0,    0,    0,    0,    0,    0,    0,    0,    0,    0,    0,    0,    0,    0,    0,    0,  -56,    0,    0,    0,    0,    0,    0,    0,
       0,    0,    0,    0,    0,    0,    0,    0,    0,    0,    0,    0,    0,    0,    0,    0,    0,    0,    0,    0,    0,   -2,    0,    0,    0,    0,    0,    0,    0,    0,    0,    0,    0,    0,    0,    0,   -2,    0,    0,    0,    0,    0,    0,    0,    0,   -2,   -2,    0,    0,    0,    0,    0,    0,    0,    0,    0,    0,    0,    0,   -2,    0,    0,    0,    0,    0,    0,    0,    0,    0,    0,    0,    0,    0,    0,    0,    0,    0,    0,    0,    0,    0,    0,    0,    0,    0,    0,    0,    0,    0,    0,    0,    0,    0,    0,    0,    0,    0,    0,    0,    0,    0,    0,    0,    0,    0,    0,    0,    0,    0,    0,    0,    0,    0,    0,    0,    0,    0,    0,    0,    0,    0,    0,    0,    0,    0,    0,    0,    0,    0,    0,    0,    0,    0,    0,    0,    0,    0,
       0,    0,    0,    0,    0,    0,    0,    0,    0,  -19,  -23,    0,    0,    0,    0,    0,    0,    0,    0,  -23,    0,    0,    0,  -51,    0,  -47,    0,  -47,  -33,  -37,  -56,    0,    0,    0,    0,    0,    0,    0,    0,    0,    0,    0,    0,    0,    0,    0,   -9,   -9,  -19,   -9,    0,    0,    0,    0,    0,    0,    0,    0,    0,    0,    0,    0,    0,    0,    0,    0,    0,    0,    0,    0,    0,    0,    0,    0,    0,    0,    0,    0,    0,    0,    0,    0,    0,    0,    0,    0,    0,    0,    0,    0,    0,    0,    0,    0,    0,    0,    0,    0,    0,    0,    0,    0,    0,    0,    0,    0,    0,    0,    0,    0,    0,    0,    0,    0,    0,    0,    0,    0,    0,    0,    0,    0,    0,    0,    0,    0,    0,    0,    0,    0,    0,    0,    0,    0,    0,    0,    0,
       0,    0,    0,    0,    0,    0,    0,    0,    0,    0,    0,    0,    0,    0,    0,    0,    0,    0,    0,    0,    0,  -23,    0,    0,    0,  -28,    0,  -19,  -19,    0,  -37,    0,    0,  -43,    0,    0,    0,    0,    0,    0,   28,    0,    0,    0,    0,    0,   -3,    0,    0,    0,    0,    0,    0,    0,    0,    0,    0,  -37,   -3,  -10,    0,  -28,  -19,    0,    0,    0,    0,    0,    0,    0,    0,    0,    0,    0,    0,    0,    0,    0,    0,    0,    0,    0,    0,    0,    0,    0,    0,    0,    0,    0,    0,    0,    0,    0,    0,    0,    0,    0,    0,    0,    0,    0,    0,    0,    0,    0,    0,    0,    0,    0,    0,    0,    0,    0,    0,    0,    0,    0,    0,    0,    0,    0,    0,    0,    0,    0,    0,    0,    0,    0,    0,    0,    0,    0,    0,    0,    0,
       0,    0,    0,    0,    0,    0,    0,    0,    0,    0,    0,    0,    0,    0,    0,    0,    0,    0,    0,    0,    0,    0,    0,    0,    0,    0,    0,  -14,    0,    0,    0,    0,    0,    0,    0,    0,    0,    0,    0,    0,    0,    0,    0,    0,    0,    0,  -10,    0,    0,    0,    0,    0,    0,    0,    0,    0,    0,    0,    0,  -16,    4,    0,    0,    0,    0,    0,    0,    0,    0,    0,    0,    0,    0,    0,    0,    0,    0,    0,    0,    0,    0,    0,    0,    0,    0,    0,    0,    0,    0,    0,    0,    0,    0,    0,    0,    0,    0,    0,    0,    0,    0,    0,    0,    0,    0,    0,    0,    0,    0,    0,    0,    0,    0,    0,    0,    0,    0,    0,    0,    0,    0,    0,    0,    0,    0,    0,    0,    0,    0,    0,    0,    0,    0,    0,    0,    0,    0,
       0,    0,    0,    0,    0,    0,    0,    0,    0,    0,    0,    0,    0,    0,    0,    0,    0,    0,    0,    9,    0,   -9,    0,    0,    0,  -30,   -5,  -13,   -5,    0,  -25,    0,    0,  -14,    0,    0,    0,    0,    0,    0,    0,    0,    0,    0,    0,   -5,   -6,   -3,    0,   -6,    0,    0,    0,    0,    0,    9,    0,  -25,    0,    0,    0,  -30,   -5,    0,    0,    0,    0,    0,    0,    0,    0,    0,    0,    0,    0,    0,    0,    0,    0,    0,    0,    0,    0,    0,    0,    0,    0,    0,    0,    0,    0,    0,    0,    0,    0,    0,    0,    0,    0,    0,    0,    0,    0,    0,    0,    0,    0,    0,    0,    0,    0,    0,    0,    0,    0,    0,    0,    0,    0,    0,    0,    0,    0,    0,    0,    0,    0,    0,    0,    0,    0,    0,    0,    0,    0,    0,    0,
       0,    0,  -12,    0,    0,    0,    0,  -23,    0,    0,    0,    0,    0,    0,    0,    0,    0,    0,    0,    0,    0,    0,    0,    0,    0,  -22,    0,  -11,   -7,   -7,  -18,   -5,    0,  -23,    0,    0,    0,    0,   -9,    0,    0,    0,    0,    0,    0,    0,   -7,   -9,   -9,   -9,   -5,  -12,    0,    0,    0,    0,    0,  -18,   -9,    0,    0,  -22,   -7,    0,    0,    0,    0,    0,    0,    0,    0,    0,    0,    0,    0,    0,    0,    0,    0,    0,    0,    0,    0,    0,    0,    0,    0,    0,    0,    0,    0,    0,    0,    0,    0,    0,    0,    0,    0,    0,    0,    0,    0,    0,    0,    0,    0,    0,    0,    0,    0,    0,    0,    0,    0,    0,    0,    0,    0,    0,    0,    0,    0,    0,    0,    0,    0,    0,    0,    0,    0,    0,    0,    0,    0,    0,    0,
       0,    0,    0,    0,    0,    0,    0,    0,    0,    0,    0,    0,    0,    0,    0,    0,    0,    0,    0,    0,    0,    0,    0,    0,    0,  -14,    0,   -7,   -5,   -2,  -16,    0,    0,    0,    0,    0,    0,    0,    0,    0,    0,    0,    2,    0,    0,    0,    0,    0,    0,   -7,    0,    0,    0,    0,    0,    0,    0,  -16,    0,    0,    0,  -14,   -5,    0,    0,    0,    0,    0,    0,    0,    0,    0,    0,    0,    0,    0,    0,    0,    0,    0,    0,    0,    0,    0,    0,    0,    0,    0,    0,    0,    0,    0,    0,    0,    0,    0,    0,    0,    0,    0,    0,    0,    0,    0,    0,    0,    0,    0,    0,    0,    0,    0,    0,    0,    0,    0,    0,    0,    0,    0,    0,    0,    0,    0,    0,    0,    0,    0,    0,    0,    0,   14,    0,   14,    0,    0,    0,
       0,    0,    0,    0,    0,    0,    0,    0,    0,    0,    0,    0,    0,    0,    0,    0,    0,    0,    0,    0,    0,    0,    0,    0,    0,    0,    0,    0,    0,    0,    0,    0,    0,    0,    0,    0,    0,    0,    0,    0,    0,    0,    0,    0,    0,    7,    0,    0,    0,    0,    0,    0,    0,    0,    0,    0,    0,    0,    0,    0,    0,    0,    0,    0,    0,    0,    0,    0,    0,    0,    0,    0,    0,    0,    0,    0,    0,    0,    0,    0,    0,    0,    0,    0,    0,    0,    0,    0,    0,    0,    0,    0,    0,    0,    0,    0,    0,    0,    0,    0,    0,    0,    0,    0,    0,    0,    0,    0,    0,    0,    0,    0,    0,    0,    0,    0,    0,    0,    0,    0,    0,    0,    0,    0,    0,    0,    0,    0,    0,    0,    0,    0,    0,    0,    0,    0,    0,
       0,    0,    0,    0,    0,    0,    0,    0,    0,    0,    0,    0,    0,    0,    0,    0,    0,    0,    0,    0,    0,    0,    0,    0,    0,  -21,    0,   -9,   -5,   -5,  -16,    0,    0,  -19,    0,    0,    0,    0,    0,   -2,    0,    0,    0,    0,    0,    0,   -5,   -5,   -1,   -5,    0,    0,    0,    0,    0,    0,    0,  -16,    0,    0,    0,  -21,   -5,    0,    0,    0,    0,    0,    0,    0,    0,    0,    0,    0,    0,    0,    0,    0,    0,    0,    0,    0,    0,    0,    0,    0,    0,    0,    0,    0,    0,    0,    0,    0,    0,    0,    0,    0,    0,    0,    0,    0,    0,    0,    0,    0,    0,    0,    0,    0,    0,    0,    0,    0,    0,    0,    0,    0,    0,    0,    0,    0,    0,    0,    0,    0,    0,    0,    0,    0,    0,    0,    0,    0,    0,    0,    0,
       0,    0,   14,   14,    0,    0,    0,   -9,    0,    0,    0,    0,    0,    0,    0,    0,    0,    0,    0,   -9,    0,    0,    0,    0,    0,   28,    0,   26,   23,   23,   23,   23,    0,    0,   19,    0,   -9,    0,    0,    0,    0,    0,    0,    0,    1,    0,    5,    1,    0,    0,    2,    0,    0,    0,    0,   -9,    0,   23,    0,   -9,    0,   28,   23,    0,    0,    0,    0,    0,    0,    0,    0,    0,    0,    0,    0,    0,    0,    0,    0,    0,    0,    0,    0,    0,    0,    0,    0,    0,    0,    0,    0,    0,    0,    0,    0,    0,    0,    0,    0,    0,    0,    0,    0,    0,    0,    0,    0,    0,    0,    0,    0,    0,    0,    0,    0,    0,    0,    0,    0,    0,    0,    0,    0,    0,    0,    0,    0,    0,    0,    0,   14,   19,   14,   19,    0,    0,    0,
       0,    0,    0,    0,   -2,    0,    0,    0,    0,    0,    0,    0,    0,    0,    0,    0,    0,    0,    0,   -7,    0,   -5,    0,    0,   -2,    0,    0,    0,    0,    0,   -7,    0,    0,  -14,    0,    0,    0,    0,    0,    0,    5,    0,    0,   -5,    0,   -4,    0,    0,    0,    0,    0,    0,    0,    0,    0,   -7,    0,   -7,    0,    0,    0,    0,    0,    0,    0,    0,    0,    0,    0,    0,    0,    0,    0,    0,    0,    0,    0,    0,    0,    0,    0,    0,    0,    0,    0,    0,    0,    0,    0,    0,    0,    0,    0,    0,    0,    0,    0,    0,    0,    0,    0,    0,    0,    0,    0,    0,    0,    0,    0,    0,    0,    0,    0,    0,    0,    0,    0,    0,    0,    0,    0,    0,    0,    0,    0,    0,    0,    0,    0,    0,    0,    0,    0,    0,    0,    0,    0,
       0,    0,    0,    0,    0,    0,    0,    0,    0,    0,    0,    0,    0,    0,    0,    0,    0,    0,    0,    0,    0,    0,    0,    0,    0,  -14,    0,  -14,    0,    0,  -12,    0,    0,  -19,    0,    0,    0,    0,    0,    0,    0,    0,    0,    0,    0,    0,    0,    0,    0,   -2,    0,    0,    0,    0,    0,    0,    0,  -12,    0,    0,    0,  -14,    0,    0,    0,    0,    0,    0,    0,    0,    0,    0,    0,    0,    0,    0,    0,    0,    0,    0,    0,    0,    0,    0,    0,    0,    0,    0,    0,    0,    0,    0,    0,    0,    0,    0,    0,    0,    0,    0,    0,    0,    0,    0,    0,    0,    0,    0,    0,    0,    0,    0,    0,    0,    0,    0,    0,    0,    0,    0,    0,    0,    0,    0,    0,    0,    0,    0,    0,    0,    0,    0,    0,    0,    0,    0,    0,
       0,    0,    0,    0,    0,    0,    0,    0,    0,    0,    0,    0,    0,    0,    0,    0,    0,    0,    0,    0,    0,    0,    0,    0,    0,  -14,    0,    0,    0,    0,    0,    0,    0,    0,    0,    0,    0,    0,    0,    0,    0,    0,    0,    0,    0,    0,    0,    0,    0,    0,    0,    0,    0,    0,    0,    0,    0,    0,    0,    0,    0,  -14,    0,    0,    0,    0,    0,    0,    0,    0,    0,    0,    0,    0,    0,    0,    0,    0,    0,    0,    0,    0,    0,    0,    0,    0,    0,    0,    0,    0,    0,    0,    0,    0,    0,    0,    0,    0,    0,    0,    0,    0,    0,    0,    0,    0,    0,    0,    0,    0,    0,    0,    0,    0,    0,    0,    0,    0,    0,    0,    0,    0,    0,    0,    0,    0,    0,    0,    0,    0,    0,    0,    0,    0,    0,    0,    0,
       0,    0,    0,    0,    0,    0,    0,    0,    0,    0,    0,    0,    0,    0,    0,    0,    0,    0,    0,    0,    0,    0,    0,    0,    0,  -14,   -5,    0,    0,    0,    0,    0,    0,    0,    0,    0,    0,    0,    0,    0,    2,    0,    0,    0,    0,    0,    0,    0,    0,    0,    0,    0,    0,    0,    0,    0,    0,    0,    0,    0,    0,  -14,    0,    0,    0,    0,    0,    0,    0,    0,    0,    0,    0,    0,    0,    0,    0,    0,    0,    0,    0,    0,    0,    0,    0,    0,    0,    0,    0,    0,    0,    0,    0,    0,    0,    0,    0,    0,    0,    0,    0,    0,    0,    0,    0,    0,    0,    0,    0,    0,    0,    0,    0,    0,    0,    0,    0,    0,    0,    0,    0,    0,    0,    0,    0,    0,    0,    0,    0,    0,    0,    0,    0,    0,    0,    0,    0,
       0,    0,    0,    0,    0,    0,    0,    0,    0,    0,    0,    0,    0,    0,    0,    0,    0,    0,    0,    0,    0,   -5,    0,    0,    0,    0,    0,    0,    0,    0,   -9,    0,    0,  -19,    0,    0,  -10,   -2,    0,   -9,   -2,    0,    0,   -2,    0,   -2,    0,    0,    0,    0,    0,    0,    0,    0,    0,    0,    0,   -9,    0,  -10,   -2,    0,    0,    0,    0,    0,    0,    0,    0,    0,    0,    0,    0,    0,    0,    0,    0,    0,    0,    0,    0,    0,    0,    0,    0,    0,    0,    0,    0,    0,    0,    0,    0,    0,    0,    0,    0,    0,    0,    0,    0,    0,    0,    0,    0,    0,    0,    0,    0,    0,    0,    0,    0,    0,    0,    0,    0,    0,    0,    0,    0,    0,    0,    0,    0,    0,    0,    0,    0,    0,    0,    0,    0,    0,    0,    0,    0,
       0,    0,    0,    0,    0,    0,    0,    0,    0,    0,    0,    0,    0,    0,    0,    0,    0,    0,    0,    0,    0,   -9,    0,    0,    0,  -12,    0,  -14,   -9,    0,  -14,    0,    0,    0,    0,    0,   -5,    0,    0,   -5,   -7,    0,    0,    0,   -1,   -2,  -12,   -7,    0,   -7,    0,    0,    0,    0,    0,    0,    0,  -14,    0,   -5,    0,  -12,   -9,    0,    0,    0,    0,    0,    0,    0,    0,    0,    0,    0,    0,    0,    0,    0,    0,    0,    0,    0,    0,    0,    0,    0,    0,    0,    0,    0,    0,    0,    0,    0,    0,    0,    0,    0,    0,    0,    0,    0,    0,    0,    0,    0,    0,    0,    0,    0,    0,    0,    0,    0,    0,    0,    0,    0,    0,    0,    0,    0,    0,    0,    0,    0,    0,    0,    0,    0,    0,    0,    0,    0,    0,    0,    0,
       0,    0,   14,    0,    0,    0,    0,    0,    0,    0,    0,    0,    0,    0,    0,    0,    0,    0,    0,    0,    0,    0,    0,    0,    0,   -9,    0,   -8,    0,    0,   -7,    0,    0,   -3,    0,    0,    0,    0,    0,    0,    9,    0,    0,    0,    0,    0,    0,    0,    0,    0,    0,    0,    0,    0,    0,    0,    0,   -7,    0,    0,    0,   -9,    0,    0,    0,    0,    0,    0,    0,    0,    0,    0,    0,    0,    0,    0,    0,    0,    0,    0,    0,    0,    0,    0,    0,    0,    0,    0,    0,    0,    0,    0,    0,    0,    0,    0,    0,    0,    0,    0,    0,    0,    0,    0,    0,    0,    0,    0,    0,    0,    0,    0,    0,    0,    0,    0,    0,    0,    0,    0,    0,    0,    0,    0,    0,    0,    0,    0,    0,    0,    0,    0,    0,    0,    0,    0,    0,
       0,    0,    0,    9,  -33,    0,  -53,   -9,    0,    0,    0,    0,    0,    0,    0,    0,    0,    0,    0,  -14,    0,    0,    0,    0,    0,   -5,    0,    0,    0,   -7,    0,    0,  -14,    0,    0,    0,  -10,    0,    0,   -7,   -5,    0,    0,    0,    9,    0,   23,   23,    0,    0,    0,  -14,    0,    0,    0,  -14,    0,    0,    0,  -10,    0,   -5,    0,    0,    0,    0,    0,    0,    0,    0,    0,    0,    0,    0,    0,    0,    0,    0,    0,    0,    0,    0,    0,    0,    0,    0,    0,    0,    0,    0,    0,    0,    0,    0,    0,    0,    0,    0,    0,    0,    0,    0,    0,    0,    0,    0,    0,    0,    0,    0,    0,    0,    0,    0,    0,    0,    0,    0,    0,    0,    0,    0,    0,    0,    0,    0,    0,    0,    0,    0,    0,   23,    0,   23,    0,    0,    0,
       0,    0,    0,    0,    0,    0,    0,    0,    0,    0,    0,    0,    0,    0,    0,    0,    0,    0,    0,    0,    0,   -2,    0,    0,    0,  -21,    0,   -2,    0,   -2,   -9,    0,    0,    0,    0,    0,    0,    0,    0,    0,    0,    0,    0,    0,    0,    0,    0,    0,   -2,    0,    0,    0,    0,    0,    0,    0,    0,   -9,    0,    0,    0,  -21,    0,    0,    0,    0,    0,    0,    0,    0,    0,    0,    0,    0,    0,    0,    0,    0,    0,    0,    0,    0,    0,    0,    0,    0,    0,    0,    0,    0,    0,    0,    0,    0,    0,    0,    0,    0,    0,    0,    0,    0,    0,    0,    0,    0,    0,    0,    0,    0,    0,    0,    0,    0,    0,    0,    0,    0,    0,    0,    0,    0,    0,    0,    0,    0,    0,    0,    0,    0,    0,    0,    0,    0,    0,    0,    0,
       0,    0,    0,    0,   -9,    0,    0,    0,    0,    0,    0,    0,    0,    0,    0,    0,    0,    0,    0,    0,    0,    0,    0,    0,    0,    0,    0,    0,    0,    0,    0,    0,    0,    0,    0,    0,   -2,    0,  -12,   -2,    0,    0,    0,    9,    0,    0,    0,    0,    0,    0,    0,    0,    0,    0,    0,    0,    0,    0,  -12,   -2,    0,    0,    0,    0,    0,    0,    0,    0,    0,    0,    0,    0,    0,    0,    0,    0,    0,    0,    0,    0,    0,    0,    0,    0,    0,    0,    0,    0,    0,    0,    0,    0,    0,    0,    0,    0,    0,    0,    0,    0,    0,    0,    0,    0,    0,    0,    0,    0,    0,    0,    0,    0,    0,    0,    0,    0,    0,    0,    0,    0,    0,    0,    0,    0,    0,    0,    0,    0,    0,    0,    0,    0,    0,    0,    0,    0,    0,
       0,    0,    0,    0,    0,    0,    0,    0,    0,    0,    0,    0,    0,    0,    0,    0,    0,    0,    0,    0,    0,    0,    0,    0,    0,  -14,    0,   -5,   -5,    0,   -7,    0,    0,    0,    0,    0,    0,    0,    0,   -5,    0,    0,    0,    0,    0,    0,    0,    0,    0,    0,    0,    0,    0,    0,    0,    0,    0,   -7,    0,    0,    0,  -14,   -5,    0,    0,    0,    0,    0,    0,    0,    0,    0,    0,    0,    0,    0,    0,    0,    0,    0,    0,    0,    0,    0,    0,    0,    0,    0,    0,    0,    0,    0,    0,    0,    0,    0,    0,    0,    0,    0,    0,    0,    0,    0,    0,    0,    0,    0,    0,    0,    0,    0,    0,    0,    0,    0,    0,    0,    0,    0,    0,    0,    0,    0,    0,    0,    0,    0,    0,    0,    0,    0,    0,    0,    0,    0,    0,
       0,  -14,    0,    3,  -19,    0,  -19,   -9,    0,    0,    0,    0,    0,    0,    0,    0,    0,    2,    0,  -12,    0,    0,    0,    0,    0,   -5,    0,    0,    0,  -12,   -5,   -9,   -9,    0,    0,  -10,   -7,    0,    0,   -5,    0,    0,    0,   -2,   23,    0,   23,    0,    0,    0,    0,   -9,    0,    0,   -6,  -12,    0,   -5,    0,   -9,    0,   -5,    0,    0,    0,    0,    0,    0,    0,    0,    0,    0,    0,    0,    0,    0,    0,    0,    0,    0,    0,    0,    0,    0,    0,    0,    0,    0,    0,    0,    0,    0,    0,    0,    0,    0,    0,    0,    0,    0,    0,    0,    0,    0,    0,    0,    0,    0,    0,    0,    0,    0,    0,    0,    0,    0,    0,    0,    0,    0,    0,    0,    0,    0,    0,    0,    0,    0,    0,    0,    0,    0,    0,    0,    0,    0,    0,
       0,  -14,    0,    0,  -19,    0,  -19,   -9,    0,    0,    0,    0,    0,    0,    0,    0,    0,    0,    0,   -2,    0,    0,    0,    0,    0,   -5,    0,    0,    0,   -8,   -5,   -2,   -9,    0,    0,    0,   -7,    0,    0,   -7,    0,    0,    0,   -2,   23,    0,   19,    0,    0,    0,    0,   -9,    0,    0,    0,   -2,    0,   -5,    0,   -7,    0,   -5,    0,    0,    0,    0,    0,    0,    0,    0,    0,    0,    0,    0,    0,    0,    0,    0,    0,    0,    0,    0,    0,    0,    0,    0,    0,    0,    0,    0,    0,    0,    0,    0,    0,    0,    0,    0,    0,    0,    0,    0,    0,    0,    0,    0,    0,    0,    0,    0,    0,    0,    0,    0,    0,    0,    0,    0,    0,    0,    0,    0,    0,    0,    0,    0,    0,    0,    0,    0,    0,    0,    0,    0,    0,    0,    0,
       0,   -1,    0,    0,    0,    0,    0,    0,    0,    0,    0,    0,    0,    0,    0,    0,    0,    0,    0,    0,    0,   -5,    0,    0,    0,   -7,   -2,    0,    0,    0,   -9,    0,  -19,   -3,    0,    0,  -14,    0,    0,    0,    0,    0,    0,   -2,    0,   -2,    0,    0,    0,    0,    0,  -19,    0,   -3,    0,    0,    0,   -9,    0,  -15,    0,   -7,    0,    0,    0,    0,    0,    0,    0,    0,    0,    0,    0,    0,    0,    0,    0,    0,    0,    0,    0,    0,    0,    0,    0,    0,    0,    0,    0,    0,    0,    0,    0,    0,    0,    0,    0,    0,    0,    0,    0,    0,    0,    0,    0,    0,    0,    0,    0,    0,    0,    0,    0,    0,    0,    0,    0,    0,    0,    0,    0,    0,    0,    0,    0,    0,    0,    0,    0,    0,    0,    0,    0,    0,    0,    0,    0,
       0,  -14,    0,    0,    0,    0,  -19,   -9,    0,    0,    0,    0,    0,    0,    0,    0,    0,    0,    0,  -12,    0,    0,    0,    0,    0,   -5,    0,    0,    0,   -9,   -5,   -5,   -9,    0,    0,    0,   -5,    0,    0,   -7,    0,    0,    0,   -5,    0,    0,    0,    0,    0,    0,    0,   -9,    0,    0,    0,  -12,    0,   -5,    0,   -5,    0,   -5,    0,    0,    0,    0,    0,    0,    0,    0,    0,    0,    0,    0,    0,    0,    0,    0,    0,    0,    0,    0,    0,    0,    0,    0,    0,    0,    0,    0,    0,    0,    0,    0,    0,    0,    0,    0,    0,    0,    0,    0,    0,    0,    0,    0,    0,    0,    0,    0,    0,    0,    0,    0,    0,    0,    0,    0,    0,    0,    0,    0,    0,    0,    0,    0,    0,    0,    0,    0,    0,    0,    0,    0,    0,    0,    0,
       0,    0,    0,    0,    0,    0,    0,    0,    0,    0,    0,    0,    0,    0,    0,    0,    0,    0,    0,    0,    0,    0,    0,    0,    0,   -5,    0,    0,    0,    0,   -5,    0,    0,  -19,    0,    0,   -5,    0,    0,    0,    0,    0,    0,    0,    0,    0,    0,    0,    0,    0,    0,    0,    0,    0,    0,    0,    0,   -5,    0,   -5,    0,   -5,    0,    0,    0,    0,    0,    0,    0,    0,    0,    0,    0,    0,    0,    0,    0,    0,    0,    0,    0,    0,    0,    0,    0,    0,    0,    0,    0,    0,    0,    0,    0,    0,    0,    0,    0,    0,    0,    0,    0,    0,    0,    0,    0,    0,    0,    0,    0,    0,    0,    0,    0,    0,    0,    0,    0,    0,    0,    0,    0,    0,    0,    0,    0,    0,    0,    0,    0,    0,    0,    0,    0,    0,    0,    0,    0,
       0,    0,    0,    0,    0,    0,    0,    0,    0,  -19,  -23,    0,    0,    0,    0,    0,    0,    0,    0,  -23,    0,  -12,    0,  -47,    0,  -47,    0,  -47,  -33,  -37,  -56,    0,    0,    0,    0,    0,  -12,    0,    0,    0,    0,    0,    0,    0,    0,    0,   -9,   -9,  -19,   -9,    0,    0,    0,    0,    0,    0,    0,    0,    0,  -12,    0,    0,    0,    0,    0,    0,    0,    0,    0,    0,    0,    0,    0,    0,    0,    0,    0,    0,    0,    0,    0,    0,    0,    0,    0,    0,    0,    0,    0,    0,    0,    0,    0,    0,    0,    0,    0,    0,    0,    0,    0,    0,    0,    0,    0,    0,    0,    0,    0,    0,    0,    0,    0,    0,    0,    0,    0,    0,    0,    0,    0,    0,    0,    0,    0,    0,    0,    0,    0,    0,    0,    0,    0,    0,    0,    0,    0,
       0,    0,    0,    0,    0,    0,    0,    0,    0,  -19,  -23,    0,    0,    0,    0,    0,    0,    0,    0,  -23,    0,    0,    0,  -23,    0,  -47,    0,  -47,  -33,  -37,  -56,    0,    0,    0,    0,    0,    0,    0,    0,    0,    0,    0,    0,    0,    0,    0,   -9,   -9,  -19,   -9,    0,    0,    0,    0,    0,    0,    0,    0,    0,    0,    0,    0,    0,    0,    0,    0,    0,    0,    0,    0,    0,    0,    0,    0,    0,    0,    0,    0,    0,    0,    0,    0,    0,    0,    0,    0,    0,    0,    0,    0,    0,    0,    0,    0,    0,    0,    0,    0,    0,    0,    0,    0,    0,    0,    0,    0,    0,    0,    0,    0,    0,    0,    0,    0,    0,    0,    0,    0,    0,    0,    0,    0,    0,    0,    0,    0,    0,    0,    0,    0,    0,    0,    0,    0,    0,    0,    0,
       0,    0,    0,    0,    0,    0,    0,    0,    0,    0,    0,    0,    0,    0,    0,    0,    0,    0,    0,    0,    0,    0,    0,    0,    0,    0,    0,   -3,    0,    0,    0,    0,    0,    0,    0,    0,    0,    0,    0,    0,    0,    0,    0,    0,    0,    0,    0,    0,    0,    0,    0,    0,    0,    0,    0,    0,    0,    0,    0,    0,    0,    0,    0,    0,    0,    0,    0,    0,    0,    0,    0,    0,    0,    0,    0,    0,    0,    0,    0,    0,    0,    0,    0,    0,    0,    0,    0,    0,    0,    0,    0,    0,    0,    0,    0,    0,    0,    0,    0,    0,    0,    0,    0,    0,    0,    0,    0,    0,    0,    0,    0,    0,    0,    0,    0,    0,    0,    0,    0,    0,    0,    0,    0,    0,    0,    0,    0,    0,    0,    0,    0,    0,    0,    0,    0,    0,    0,
       0,    0,    0,    0,    0,    0,    0,    0,  -19,  -14,    0,  -14,    0,    0,    0,    0,    0,    0,    0,    0,    0,    0,    0,    0,    0,    0,    0,    0,    0,    0,    0,    0,    0,    0,    0,    0,    0,    0,    0,    0,    0,    0,    0,    0,    0,    0,    0,    0,    0,    0,    0,    0,    0,    0,    0,    0,    0,    0,    0,    0,    0,    0,    0,    0,    0,    0,    0,    0,    0,    0,    0,    0,    0,    0,    0,    0,    0,    0,    0,    0,    0,    0,    0,    0,    0,    0,    0,    0,    0,    0,    0,    0,    0,    0,    0,    0,    0,    0,    0,    0,    0,    0,    0,    0,    0,    0,    0,    0,    0,    0,    0,    0,    0,    0,    0,    0,    0,    0,    0,    0,    0,    0,    0,    0,    0,    0,    0,    0,    0,    0,    0,    0,    0,    0,    0,    0,    0,
       0,    0,    0,    0,    0,    0,    0,    0,    0,    0,    0,    0,    0,    0,    0,    0,    0,    0,    0,    0,    0,    0,    0,    0,    0,    0,    0,   -6,    0,    0,    0,    0,    0,    0,    0,    0,    0,    0,    0,    0,    0,    0,    0,    0,    0,    0,    0,    0,   -3,    0,    0,    0,    0,    0,    0,    0,    0,    0,    0,    5,    0,    0,    0,    0,    0,    0,    0,    0,    0,    0,    0,    0,    0,    0,    0,    0,    0,    0,    0,    0,    0,    0,    0,    0,    0,    0,    0,    0,    0,    0,    0,    0,    0,    0,    0,    0,    0,    0,    0,    0,    0,    0,    0,    0,    0,    0,    0,    0,    0,    0,    0,    0,    0,    0,    0,    0,    0,    0,    0,    0,    0,    0,    0,    0,    0,    0,    0,    0,    0,    0,    0,    0,    0,    0,    0,    0,    0,
       0,    0,    0,    0,    0,    0,    0,    0,    0,    0,    0,    0,    0,    0,    0,    0,    0,    0,    0,    0,    0,    0,    0,    0,    0,    0,    0,   -8,    0,    0,    0,    0,    0,    0,    0,    0,    0,    0,    0,    0,    0,    0,    0,    0,    0,    0,   -4,    0,    0,    0,    0,    0,    0,    0,    0,    0,    0,    0,    0,  -14,    0,    0,    0,    0,    0,    0,    0,    0,    0,    0,    0,    0,    0,    0,    0,    0,    0,    0,    0,    0,    0,    0,    0,    0,    0,    0,    0,    0,    0,    0,    0,    0,    0,    0,    0,    0,    0,    0,    0,    0,    0,    0,    0,    0,    0,    0,    0,    0,    0,    0,    0,    0,    0,    0,    0,    0,    0,    0,    0,    0,    0,    0,    0,    0,    0,    0,    0,    0,    0,    0,    0,    0,    0,    0,    0,    0,    0,
       5,    0,    0,   -2,  -60,    0,  -47,  -19,    0,    0,    0,    0,    0,    0,    0,    0,    0,    0,    0,  -30,    0,    0,    0,  -35,    0,    0,    0,    0,    4,   -7,    0,   -7,    0,   -9,    0,  -25,   -5,    0,    4,   -5,    0,    0,    0,    0,    7,   -2,    6,    7,   -1,    5,    0,    0,    9,   12,   -9,  -30,    0,    0,    4,   -5,    0,    0,    4,    0,    0,    0,    0,    0,    0,    0,    0,    0,    0,    0,    0,    0,    0,    0,    0,    0,    0,    0,    0,    0,    0,    0,    0,    0,    0,    0,    0,    0,    0,    0,    0,    0,    0,    0,    0,    0,    0,    0,    0,    0,    0,    0,    0,    0,    0,    0,    0,    0,    0,    0,    0,    0,    0,    0,    0,    0,    0,    0,    0,    0,    0,    0,    0,    0,    0,    0,   14,   23,   14,   23,    2,    0,    0,
       0,    0,  -12,   -9,    0,    0,    0,   -6,    0,    0,    0,    0,    0,    0,    0,    0,    0,    0,    0,    0,    0,    0,    0,    0,    0,  -22,    0,  -11,   -7,   -7,  -18,   -5,    0,   -2,    0,  -16,    0,    0,   -9,    0,    0,    0,    0,    0,    0,    0,   -8,   -9,  -11,   -9,   -5,  -12,    0,    5,    0,    0,    0,  -18,   -9,    0,    0,  -22,   -7,    0,    0,    0,    0,    0,    0,    0,    0,    0,    0,    0,    0,    0,    0,    0,    0,    0,    0,    0,    0,    0,    0,    0,    0,    0,    0,    0,    0,    0,    0,    0,    0,    0,    0,    0,    0,    0,    0,    0,    0,    0,    0,    0,    0,    0,    0,    0,    0,    0,    0,    0,    0,    0,    0,    0,    0,    0,    0,    0,    0,    0,    0,    0,    0,    0,    0,    0,    0,    0,    0,    0,    0,    0,    0,
       0,    0,  -14,   -7,    0,    0,   -9,  -14,    0,    0,    0,    0,    0,    0,    0,    0,    0,    0,    0,   -9,    0,    0,   -7,   -7,    0,  -14,    0,  -14,   -2,  -16,  -16,  -21,    0,  -23,    0,  -25,    0,    0,    0,    0,    0,    0,    0,    0,    0,    0,    0,    0,   -6,    0,    0,  -12,    0,    5,   -9,   -9,    0,  -16,    0,    0,    0,  -14,   -2,    0,    0,    0,    0,    0,    0,    0,    0,    0,    0,    0,    0,    0,    0,    0,    0,    0,    0,    0,    0,    0,    0,    0,    0,    0,    0,    0,    0,    0,    0,    0,    0,    0,    0,    0,    0,    0,    0,    0,    0,    0,    0,    0,    0,    0,    0,    0,    0,    0,    0,    0,    0,    0,    0,    0,    0,    0,    0,    0,    0,    0,    0,    0,    0,    0,    0,    0,    0,    0,    0,    0,    0,    0,    0,
       0,    0,    0,    0,    0,    0,    0,    0,    0,    0,    0,    0,    0,    0,    0,    0,    0,    0,    0,    0,   31,    0,    0,    0,    0,    0,    0,    0,    0,    0,    0,    0,    0,    0,    0,    0,    0,   37,    0,    0,    0,    0,    0,    0,   16,    0,    0,    0,    0,    0,    0,    0,    0,    0,    0,    0,    0,    0,    0,    0,   37,    0,    0,    0,    0,    0,    0,    0,    0,    0,    0,    0,    0,    0,    0,    0,    0,    0,    0,    0,    0,    0,    0,    0,    0,    0,    0,    0,    0,    0,    0,    0,    0,    0,    0,    0,    0,    0,    0,    0,    0,    0,    0,    0,    0,    0,    0,    0,    0,    0,    0,    0,    0,    0,    0,    0,    0,    0,    0,    0,    0,    0,    0,    0,    0,    0,    0,    0,    0,    0,    0,    0,    0,    0,    0,    0,    0,
       0,    0,    0,    0,   -1,    0,    0,    0,    0,    0,    0,    0,    0,    0,    0,    0,    0,    0,    0,   -7,    0,   -5,    0,    0,   -2,    0,    0,    0,    0,    0,   -7,    0,    0,  -14,    0,    0,    0,    0,    0,    0,    5,    0,    0,   -5,    0,   -4,    0,    0,    0,    0,    0,    0,    0,    0,    0,   -7,    0,   -7,    0,    0,    0,    0,    0,    0,    0,    0,    0,    0,    0,    0,    0,    0,    0,    0,    0,    0,    0,    0,    0,    0,    0,    0,    0,    0,    0,    0,    0,    0,    0,    0,    0,    0,    0,    0,    0,    0,    0,    0,    0,    0,    0,    0,    0,    0,    0,    0,    0,    0,    0,    0,    0,    0,    0,    0,    0,    0,    0,    0,    0,    0,    0,    0,    0,    0,    0,    0,    0,    0,    0,    0,    0,    0,    0,    0,    0,    0,    0,
       0,    0,    0,    0,    0,  -28,    0,    0,    0,    0,    0,    0,    0,    0,    0,    0,    0,    0,    0,    0,    0,   -5,    0,  -14,    0,   -9,   -2,  -14,    0,    0,  -23,    0,    0,  -19,    0,    0,   -9,    0,    0,    0,    0,    0,    0,    0,    0,   -5,    0,    0,    0,    0,    0,    0,    0,    0,    0,    0,    0,  -23,    0,   -9,    0,   -9,    0,    0,    0,    0,    0,    0,    0,    0,    0,    0,    0,    0,    0,    0,    0,    0,    0,    0,    0,    0,    0,    0,    0,    0,    0,    0,    0,    0,    0,    0,    0,    0,    0,    0,    0,    0,    0,    0,    0,    0,    0,    0,    0,    0,    0,    0,    0,    0,    0,    0,    0,    0,    0,    0,    0,    0,    0,    0,    0,    0,    0,    0,    0,    0,    0,    0,    0,  -28,    0,    0,    0,    0,    0,    0,    0,
       0,    0,    0,    0,    0,    0,    0,    0,    0,    0,    0,    0,    0,    0,    0,    0,    0,    0,    0,    0,    0,    0,    0,    0,    0,    0,    0,    0,    0,    0,    0,    0,    0,    0,    0,    0,    0,    0,    0,    0,    0,    0,    0,    0,    0,    0,    0,    0,    0,    0,    0,    0,    0,    0,    0,    0,    0,    0,    0,    0,    0,    0,    0,    0,    0,    0,   23,    0,    0,    0,    0,    0,    0,    0,    0,    0,    0,    0,    0,    0,    0,    0,    0,    0,    0,    0,    0,    0,    0,    0,    0,    0,    0,    0,    0,    0,    0,    0,    0,    0,    0,    0,    0,    0,    0,    0,    0,    0,    0,    0,    0,    0,    0,    0,    0,    0,    0,    0,    0,    0,    0,    0,    0,    0,    0,    0,    0,    0,    0,    0,    0,    0,    0,    0,    0,    0,    0,
       0,    0,    0,    0,    0,    0,    0,    0,    0,    0,    0,    0,    0,    0,    0,    0,    0,    0,    0,    0,    0,    0,    0,    0,    0,    0,    0,    0,    0,    0,    0,    0,    0,    0,    0,    0,    0,    0,    0,    0,    0,    0,    0,    0,    0,    0,    0,    0,    0,    0,    0,    0,    0,    0,    0,    0,    0,    0,    0,    0,    0,    0,    0,  -23,    0,    0,    0,    0,   -9,    0,    0,    0,    0,    0,  -14,    0,    0,    0,    0,    0,    0,    0,    0,    0,   -9,   -9,   -9,    0,    0,    0,    0,    0,    0,    0,   -9,    0,  -19,  -28,  -23,   -9,    0,    0,    0,    0,    0,    0,    0,    0,    0,    0,    0,    0,    0,    0,    0,    0,    0,    0,    0,    0,    0,    0,    0,    0,    0,    0,    0,    0,    0,    0,    0,    0,    0,    0,    0,    0,    0,
       0,    0,    0,    0,    0,    0,    0,    0,    0,    0,    0,    0,    0,    0,    0,    0,    0,    0,    0,    0,    0,    0,    0,    0,    0,    0,    0,    0,    0,    0,    0,    0,    0,    0,    0,    0,    0,    0,    0,    0,    0,    0,    0,    0,    0,    0,    0,    0,    0,    0,    0,    0,    0,    0,    0,    0,    0,    0,    0,    0,    0,    0,    0,    9,   -9,    0,    0,  -12,    0,  -33,  -12,    0,    0,  -16,    0,    0,  -19,   -9,  -14,  -19,  -19,   -5,   -5,  -14,   -5,   -4,  -14,  -19,    0,   -9,    0,    0,    0,    0,    0,    0,    0,    5,    0,    0,    0,    0,    0,    0,    0,    0,    0,    0,    0,    0,    0,    0,    0,    0,    0,    0,    0,    0,    0,    0,    0,    0,    0,    0,    0,    0,    0,    0,    0,    0,    0,    0,    0,    0,    0,    0,    0,
       0,    0,    0,    0,    0,    0,    0,    0,    0,    0,    0,    0,    0,    0,    0,    0,    0,    0,    0,    0,    0,    0,    0,    0,    0,    0,    0,    0,    0,    0,    0,    0,    0,    0,    0,    0,    0,    0,    0,    0,    0,    0,    0,    0,    0,    0,    0,    0,    0,    0,    0,    0,    0,    0,    0,    0,    0,    0,    0,    0,    0,    0,    0,    0,   -9,    0,    0,    0,    0,    0,    0,    0,    0,  -14,    0,    0,    0,    0,    0,    0,    0,    0,    0,    0,    0,    0,   -9,    0,    0,    0,    0,    0,   -9,    0,    0,    0,    0,    0,    0,    0,   -9,    0,    0,    0,    0,    0,    0,    0,    0,    0,    0,    0,    0,    0,    0,    0,    0,    0,    0,    0,    0,    0,    0,    0,    0,    0,    0,    0,    0,    0,    0,    0,    0,    0,    0,    0,    0,
       0,    0,    0,    0,    0,    0,    0,    0,    0,    0,    0,    0,    0,    0,    0,    0,    0,    0,    0,    0,    0,    0,    0,    0,    0,    0,    0,    0,    0,    0,    0,    0,    0,    0,    0,    0,    0,    0,    0,    0,    0,    0,    0,    0,    0,    0,    0,    0,    0,    0,    0,    0,    0,    0,    0,    0,    0,    0,    0,    0,    0,    0,    0,    0,    0,    0,    0,    0,    0,    0,    0,    0,    0,   -5,    0,    0,    0,    0,    0,    0,    0,    0,    0,    0,    0,    0,    0,    0,    0,    0,    0,    0,    0,    0,    0,    0,    0,    0,    0,    0,    0,    0,    0,    0,    0,    0,    0,    0,    0,    0,    0,    0,    0,    0,    0,    0,    0,    0,    0,    0,    0,    0,    0,    0,    0,    0,    0,    0,    0,    0,    0,    0,    0,    0,    0,    0,    0,
       0,    0,    0,    0,    0,    0,    0,    0,    0,    0,    0,    0,    0,    0,    0,    0,    0,    0,    0,    0,    0,    0,    0,    0,    0,    0,    0,    0,    0,    0,    0,    0,    0,    0,    0,    0,    0,    0,    0,    0,    0,    0,    0,    0,    0,    0,    0,    0,    0,    0,    0,    0,    0,    0,    0,    0,    0,    0,    0,    0,    0,    0,    0,  -28,    0,    0,    0,    0,   -9,    0,    0,    0,    0,    0,  -14,    0,    0,    0,    0,    0,    0,   -9,    0,    0,   -9,   -9,    0,   -9,    0,    0,    0,    0,    0,    0,    0,    0,    0,  -14,    0,    0,    0,    0,    0,    0,    0,    0,    0,    0,    0,    0,    0,    0,    0,    0,    0,    0,    0,    0,    0,    0,    0,    0,    0,    0,    0,    0,    0,    0,    0,    0,    0,    0,    0,    0,    0,    0,    0,
       0,    0,    0,    0,    0,    0,    0,    0,    0,    0,    0,    0,    0,    0,    0,    0,    0,    0,    0,    0,    0,    0,    0,    0,    0,    0,    0,    0,    0,    0,    0,    0,    0,    0,    0,    0,    0,    0,    0,    0,    0,    0,    0,    0,    0,    0,    0,    0,    0,    0,    0,    0,    0,    0,    0,    0,    0,    0,    0,    0,    0,    0,    0,    0,   -9,    0,    0,    0,    0,    0,    0,    0,    0,  -19,   -5,    0,   -5,   -9,    0,    0,   -9,    0,    0,    0,   -5,   -5,   -9,    0,    0,    0,    0,    0,   -9,    0,    0,    0,    0,    0,    0,    0,  -23,    0,    0,    0,    0,    0,    0,    0,    0,    0,    0,    0,    0,    0,    0,    0,    0,    0,    0,    0,    0,    0,    0,    0,    0,    0,    0,    0,    0,    0,    0,    0,    0,    0,    0,    0,    0,
       0,    0,    0,    0,    0,    0,    0,    0,    0,    0,    0,    0,    0,    0,    0,    0,    0,    0,    0,    0,    0,    0,    0,    0,    0,    0,    0,    0,    0,    0,    0,    0,    0,    0,    0,    0,    0,    0,    0,    0,    0,    0,    0,    0,    0,    0,    0,    0,    0,    0,    0,    0,    0,    0,    0,    0,    0,    0,    0,    0,    0,    0,    0,    0,  -19,   -9,    0,  -36,    0,  -56,  -49,    0,    0,  -14,    0,  -17,  -23,  -19,   -5,  -44,  -34,  -14,   -9,  -23,    0,    0,   -9,  -23,   23,  -14,    0,    0,   -5,    0,    0,    0,    0,    0,    0,    0,   -9,  -14,  -23,    0,    0,    0,    0,    0,    0,    0,    0,    0,    0,    0,    0,    0,    0,    0,    0,    0,    0,    0,    0,    0,    0,    0,    0,    0,    0,    0,    0,    0,    0,    0,    0,    0,    0,
       0,    0,    0,    0,    0,    0,    0,    0,    0,    0,    0,    0,    0,    0,    0,    0,    0,    0,    0,    0,    0,    0,    0,    0,    0,    0,    0,    0,    0,    0,    0,    0,    0,    0,    0,    0,    0,    0,    0,    0,    0,    0,    0,    0,    0,    0,    0,    0,    0,    0,    0,    0,    0,    0,    0,    0,    0,    0,    0,    0,    0,    0,    0,  -33,   -9,    0,   23,    0,   -8,    0,    0,    0,    0,  -16,  -28,    0,    0,    0,    0,    0,   -5,    0,    0,    0,  -14,   -9,  -14,    0,    0,    0,    0,    0,    0,    0,   -9,    0,  -19,  -23,  -28,    0,  -23,    0,    0,    0,   -5,    0,    0,    0,    0,    0,    0,    0,    0,    0,    0,    0,    0,    0,    0,    0,    0,    0,    0,    0,    0,    0,    0,    0,    0,    0,    0,    0,    0,    0,    0,    0,    0,
       0,    0,    0,    0,    0,    0,    0,    0,    0,    0,    0,    0,    0,    0,    0,    0,    0,    0,    0,    0,    0,    0,    0,    0,    0,    0,    0,    0,    0,    0,    0,    0,    0,    0,    0,    0,    0,    0,    0,    0,    0,    0,    0,    0,    0,    0,    0,    0,    0,    0,    0,    0,    0,    0,    0,    0,    0,    0,    0,    0,    0,    0,    0,    0,    0,    0,    0,    0,    0,    0,    0,    0,    0,    0,    0,    0,    0,    0,    0,    0,    0,   -5,    0,    0,    0,   -5,    0,    0,    0,    0,    0,    0,    0,    0,    0,    0,    0,    0,    0,    0,    0,    0,    0,    0,    0,    0,    0,    0,    0,    0,    0,    0,    0,    0,    0,    0,    0,    0,    0,    0,    0,    0,    0,    0,    0,    0,    0,    0,    0,    0,    0,    0,    0,    0,    0,    0,    0,
       0,    0,    0,    0,    0,    0,    0,    0,    0,    0,    0,    0,    0,    0,    0,    0,    0,    0,    0,    0,    0,    0,    0,    0,    0,    0,    0,    0,    0,    0,    0,    0,    0,    0,    0,    0,    0,    0,    0,    0,    0,    0,    0,    0,    0,    0,    0,    0,    0,    0,    0,    0,    0,    0,    0,    0,    0,    0,    0,    0,    0,    0,    0,    0,    0,    0,    0,    0,    0,    0,    0,    0,    0,    0,    0,    0,    0,    0,    0,    0,    0,   -5,    0,    0,    0,    0,   -7,   -5,    0,    0,    0,    0,    0,    0,    0,    0,    0,    0,    0,    0,    0,    0,    0,    0,    0,    0,    0,    0,    0,    0,    0,    0,    0,    0,    0,    0,    0,    0,    0,    0,    0,    0,    0,    0,    0,    0,    0,    0,    0,    0,    0,    0,    0,    0,    0,    0,    0,
       0,    0,    0,    0,    0,    0,    0,    0,    0,    0,    0,    0,    0,    0,    0,    0,    0,    0,    0,    0,    0,    0,    0,    0,    0,    0,    0,    0,    0,    0,    0,    0,    0,    0,    0,    0,    0,    0,    0,    0,    0,    0,    0,    0,    0,    0,    0,    0,    0,    0,    0,    0,    0,    0,    0,    0,    0,    0,    0,    0,    0,    0,    0,    0,    0,    0,   42,   14,    0,    0,   19,    0,    0,   -5,  -12,    0,    0,    0,    0,   14,    0,    0,    0,   14,   -5,   14,   -9,    0,    0,    0,    0,   33,    0,    0,    0,    0,    0,    0,    0,    0,    0,    0,    0,    0,    0,    0,    0,    0,    0,    0,    0,    0,    0,    0,    0,    0,    0,    0,    0,    0,    0,    0,    0,    0,    0,    0,    0,    0,    0,    0,    0,    0,    0,    0,    0,    0,    0,
       0,    0,    0,    0,    0,    0,    0,    0,    0,    0,    0,    0,    0,    0,    0,    0,    0,    0,    0,    0,    0,    0,    0,    0,    0,    0,    0,    0,    0,    0,    0,    0,    0,    0,    0,    0,    0,    0,    0,    0,    0,    0,    0,    0,    0,    0,    0,    0,    0,    0,    0,    0,    0,    0,    0,    0,    0,    0,    0,    0,    0,    0,    0,   -9,    0,    0,    0,   -5,  -19,   -9,   -5,   -9,   -5,    0,    0,    0,    0,    0,    0,   -5,    0,   -7,    0,   -5,    0,    0,    0,   -5,    0,    0,    0,    0,    0,    0,    0,    0,   -5,   -5,   -5,    0,    0,    0,   -9,    0,    0,    0,    0,    0,    0,    0,    0,    0,    0,    0,    0,    0,    0,    0,    0,    0,    0,    0,    0,    0,    0,    0,    0,    0,    0,    0,    0,    0,    0,    0,    0,    0,    0,
       0,    0,    0,    0,    0,    0,    0,    0,    0,    0,    0,    0,    0,    0,    0,    0,    0,    0,    0,    0,    0,    0,    0,    0,    0,    0,    0,    0,    0,    0,    0,    0,    0,    0,    0,    0,    0,    0,    0,    0,    0,    0,    0,    0,    0,    0,    0,    0,    0,    0,    0,    0,    0,    0,    0,    0,    0,    0,    0,    0,    0,    0,    0,    0,    0,    0,    0,  -28,   -9,  -23,  -28,   -9,    0,   -5,    0,    0,  -12,    0,    0,  -23,   -5,    0,    0,  -19,    0,    0,    0,   -5,    0,    0,    0,    0,    0,    0,    0,    0,    0,    0,    0,    0,    0,    0,  -28,    0,    0,    0,    0,    0,    0,    0,    0,    0,    0,    0,    0,    0,    0,    0,    0,    0,    0,    0,    0,    0,    0,    0,    0,    0,    0,    0,    0,    0,    0,    0,    0,    0,    0,
       0,    0,    0,    0,    0,    0,    0,    0,    0,    0,    0,    0,    0,    0,    0,    0,    0,    0,    0,    0,    0,    0,    0,    0,    0,    0,    0,    0,    0,    0,    0,    0,    0,    0,    0,    0,    0,    0,    0,    0,    0,    0,    0,    0,    0,    0,    0,    0,    0,    0,    0,    0,    0,    0,    0,    0,    0,    0,    0,    0,    0,    0,    0,  -16,    0,   -5,    0,   -9,  -14,  -16,  -14,  -19,  -14,    0,    0,   -5,    0,    0,    0,  -12,    0,   -7,    0,   -7,    0,    0,    0,   -5,    0,    0,    0,    0,    0,    0,    0,    0,    0,   -9,    0,    0,    0,    0,    0,    0,    0,    0,    0,    0,    0,    0,    0,    0,    0,    0,    0,    0,    0,    0,    0,    0,    0,    0,    0,    0,    0,    0,    0,    0,    0,    0,    0,    0,    0,    0,    0,    0,    0,
       0,    0,    0,    0,    0,    0,    0,    0,    0,    0,    0,    0,    0,    0,    0,    0,    0,    0,    0,    0,    0,    0,    0,    0,    0,    0,    0,    0,    0,    0,    0,    0,    0,    0,    0,    0,    0,    0,    0,    0,    0,    0,    0,    0,    0,    0,    0,    0,    0,    0,    0,    0,    0,    0,    0,    0,    0,    0,    0,    0,    0,    0,    0,  -19,    0,    0,    0,    0,  -16,    0,    0,    0,    0,    0,    0,    0,    0,    0,    0,    0,    0,   -9,    0,    0,   -5,   -5,    0,    0,    0,    0,    0,    0,    0,    0,    0,    0,    0,    0,    0,    0,    0,    0,    0,    0,    0,    0,    0,    0,    0,    0,    0,    0,    0,    0,    0,    0,    0,    0,    0,    0,    0,    0,    0,    0,    0,    0,    0,    0,    0,    0,    0,    0,    0,    0,    0,    0,    0,
       0,    0,    0,    0,    0,    0,    0,    0,    0,    0,    0,    0,    0,    0,    0,    0,    0,    0,    0,    0,    0,    0,    0,    0,    0,    0,    0,    0,    0,    0,    0,    0,    0,    0,    0,    0,    0,    0,    0,    0,    0,    0,    0,    0,    0,    0,    0,    0,    0,    0,    0,    0,    0,    0,    0,    0,    0,    0,    0,    0,    0,    0,    0,  -28,    0,    0,    0,    0,  -17,   -5,    0,  -14,    0,    0,    0,   -9,    0,    0,    0,   -5,    0,   -9,    0,    0,   -5,  -14,   -5,   -5,    0,    0,    0,    0,    0,    0,    0,    0,    0,    0,    0,    0,    0,    0,    0,    0,    0,    0,    0,    0,    0,    0,    0,    0,    0,    0,    0,    0,    0,    0,    0,    0,    0,    0,    0,    0,    0,    0,    0,    0,    0,    0,    0,    0,    0,    0,    0,    0,    0,
       0,    0,    0,    0,    0,    0,    0,    0,    0,    0,    0,    0,    0,    0,    0,    0,    0,    0,    0,    0,    0,    0,    0,    0,    0,    0,    0,    0,    0,    0,    0,    0,    0,    0,    0,    0,    0,    0,    0,    0,    0,    0,    0,    0,    0,    0,    0,    0,    0,    0,    0,    0,    0,    0,    0,    0,    0,    0,    0,    0,    0,    0,    0,  -14,    0,    0,    0,    0,   -5,    0,    0,   -5,    0,    0,    0,   -5,    0,    0,    0,    0,    0,   -9,    0,    0,   -5,   -5,    0,    0,    0,    0,    0,    0,    0,    0,    0,    0,    0,    0,    0,    0,    0,    0,    0,    0,    0,    0,    0,    0,    0,    0,    0,    0,    0,    0,    0,    0,    0,    0,    0,    0,    0,    0,    0,    0,    0,    0,    0,    0,    0,    0,    0,    0,    0,    0,    0,    0,    0,
       0,    0,    0,    0,    0,    0,    0,    0,    0,    0,    0,    0,    0,    0,    0,    0,    0,    0,    0,    0,    0,    0,    0,    0,    0,    0,    0,    0,    0,    0,    0,    0,    0,    0,    0,    0,    0,    0,    0,    0,    0,    0,    0,    0,    0,    0,    0,    0,    0,    0,    0,    0,    0,    0,    0,    0,    0,    0,    0,    0,    0,    0,    0,    0,    0,    0,    0,   -9,    0,  -14,  -14,   -5,    0,    0,    0,    0,    0,    0,    0,  -19,   -5,    0,    0,  -14,    0,    0,    0,    0,    0,    0,    0,    0,    0,    0,    0,    0,    0,    0,    0,    0,    0,    0,    0,    0,    0,    0,    0,    0,    0,    0,    0,    0,    0,    0,    0,    0,    0,    0,    0,    0,    0,    0,    0,    0,    0,    0,    0,    0,    0,    0,    0,    0,    0,    0,    0,    0,    0,
       0,    0,    0,    0,    0,    0,    0,    0,    0,    0,    0,    0,    0,    0,    0,    0,    0,    0,    0,    0,    0,    0,    0,    0,    0,    0,    0,    0,    0,    0,    0,    0,    0,    0,    0,    0,    0,    0,    0,    0,    0,    0,    0,    0,    0,    0,    0,    0,    0,    0,    0,    0,    0,    0,    0,    0,    0,    0,    0,    0,    0,    0,    0,  -14,    0,    0,   47,    9,    0,    0,   14,    0,    0,    0,   -7,    0,    0,    0,    0,    9,    0,    0,    0,   12,   -7,    0,  -14,    0,    0,    0,    0,   28,    0,    0,    0,    0,    0,    0,    0,    0,    0,    0,    0,    0,    0,    0,    0,    0,    0,    0,    0,    0,    0,    0,    0,    0,    0,    0,    0,    0,    0,    0,    0,    0,    0,    0,    0,    0,    0,    0,    0,    0,    0,    0,    0,    0,    0,
       0,    0,    0,    0,    0,    0,    0,    0,    0,    0,    0,    0,    0,    0,    0,    0,    0,    0,    0,    0,    0,    0,    0,    0,    0,    0,    0,    0,    0,    0,    0,    0,    0,    0,    0,    0,    0,    0,    0,    0,    0,    0,    0,    0,    0,    0,    0,    0,    0,    0,    0,    0,    0,    0,    0,    0,    0,    0,    0,    0,    0,    0,    0,  -19,    0,    0,    0,    0,  -17,   -5,    0,   -9,    0,    0,    0,   -9,    0,    0,    0,   -5,    0,   -9,    0,    0,   -5,  -14,   -5,   -5,    0,    0,    0,    0,    0,    0,    0,    0,    0,    0,    0,    0,    0,    0,    0,    0,    0,    0,    0,    0,    0,    0,    0,    0,    0,    0,    0,    0,    0,    0,    0,    0,    0,    0,    0,    0,    0,    0,    0,    0,    0,    0,    0,    0,    0,    0,    0,    0,    0,
       0,    0,    0,    0,    0,    0,    0,    0,    0,    0,    0,    0,    0,    0,    0,    0,    0,    0,    0,    0,    0,    0,    0,    0,    0,    0,    0,    0,    0,    0,    0,    0,    0,    0,    0,    0,    0,    0,    0,    0,    0,    0,    0,    0,    0,    0,    0,    0,    0,    0,    0,    0,    0,    0,    0,    0,    0,    0,    0,    0,    0,    0,    0,   -5,   -7,    0,    0,    0,   -5,    0,    0,    0,    0,   -7,   -5,    0,   -9,    0,    0,    0,   -9,    0,    0,    0,    0,    0,   -9,   -5,    0,    0,    0,    0,    0,    0,    0,    0,    0,    0,    0,    0,    0,   -9,    0,    0,    0,    0,    0,    0,    0,    0,    0,    0,    0,    0,    0,    0,    0,    0,    0,    0,    0,    0,    0,    0,    0,    0,    0,    0,    0,    0,    0,    0,    0,    0,    0,    0,    0,
       0,    0,    0,    0,    0,    0,    0,    0,    0,    0,    0,    0,    0,    0,    0,    0,    0,    0,    0,    0,    0,    0,    0,    0,    0,    0,    0,    0,    0,    0,    0,    0,    0,    0,    0,    0,    0,    0,    0,    0,    0,    0,    0,    0,    0,    0,    0,    0,    0,    0,    0,    0,    0,    0,    0,    0,    0,    0,    0,    0,    0,    0,    0,  -14,    0,    0,    0,    0,    0,    0,    0,    0,    0,    0,    0,    0,    0,    0,    0,    0,    0,    0,    0,    0,    0,    0,    0,    0,   -1,    0,    0,    0,    0,    0,    0,    0,    0,    0,    0,    0,    0,    0,    0,    0,    0,    0,    0,    0,    0,    0,    0,    0,    0,    0,    0,    0,    0,    0,    0,    0,    0,    0,    0,    0,    0,    0,    0,    0,    0,    0,    0,    0,    0,    0,    0,    0,    0,
       0,    0,    0,    0,    0,    0,    0,    0,    0,    0,    0,    0,    0,    0,    0,    0,    0,    0,    0,    0,    0,    0,    0,    0,    0,    0,    0,    0,    0,    0,    0,    0,    0,    0,    0,    0,    0,    0,    0,    0,    0,    0,    0,    0,    0,    0,    0,    0,    0,    0,    0,    0,    0,    0,    0,    0,    0,    0,    0,    0,    0,    0,    0,   -9,    0,    0,    0,    0,    0,    0,    0,    0,    0,    0,    0,    0,    0,    0,    0,    0,   -5,    0,    0,    0,    0,    0,    0,   -5,    0,    0,    0,    0,    0,    0,    0,    0,    0,    0,    0,    0,    0,    0,    0,    0,    0,    0,    0,    0,    0,    0,    0,    0,    0,    0,    0,    0,    0,    0,    0,    0,    0,    0,    0,    0,    0,    0,    0,    0,    0,    0,    0,    0,    0,    0,    0,    0,    0,
       0,    0,    0,    0,    0,    0,    0,    0,    0,    0,    0,    0,    0,    0,    0,    0,    0,    0,    0,    0,    0,    0,    0,    0,    0,    0,    0,    0,    0,    0,    0,    0,    0,    0,    0,    0,    0,    0,    0,    0,    0,    0,    0,    0,    0,    0,    0,    0,    0,    0,    0,    0,    0,    0,    0,    0,    0,    0,    0,    0,    0,    0,    0,    0,    0,    0,    0,   -9,    0,   -9,  -14,   -5,    0,    0,    0,    0,   -5,    0,    0,  -23,  -14,    0,    0,  -23,    0,    0,    0,  -14,    0,    0,    0,    0,    0,    0,    0,    0,    0,    0,    0,    0,    0,    0,    0,    0,    0,    0,    0,    0,    0,    0,    0,    0,    0,    0,    0,    0,    0,    0,    0,    0,    0,    0,    0,    0,    0,    0,    0,    0,    0,    0,    0,    0,    0,    0,    0,    0,    0,
       0,    0,    0,    0,    0,    0,    0,    0,    0,    0,    0,    0,    0,    0,    0,    0,    0,    0,    0,    0,    0,    0,    0,    0,    0,    0,    0,    0,    0,    0,    0,    0,    0,    0,    0,    0,    0,    0,    0,    0,    0,    0,    0,    0,    0,    0,    0,    0,    0,    0,    0,    0,    0,    0,    0,    0,    0,    0,    0,    0,    0,    0,    0,  -28,    0,    0,    0,    0,   -9,   -5,    0,   -5,    0,   -5,  -33,   -9,    0,    0,    0,    0,    0,   -9,    0,    0,  -28,  -21,  -19,   -9,    0,    0,    0,    0,    0,   -9,    0,    0,    0,    0,    0,  -14,    0,   -9,    0,    0,    0,    0,    0,    0,    0,    0,    0,    0,    0,    0,    0,    0,    0,    0,    0,    0,    0,    0,    0,    0,    0,    0,    0,    0,    0,    0,    0,    0,    0,    0,    0,    0,    0,
       0,    0,    0,    0,    0,    0,    0,    0,    0,    0,    0,    0,    0,    0,    0,    0,    0,    0,    0,    0,    0,    0,    0,    0,    0,    0,    0,    0,    0,    0,    0,    0,    0,    0,    0,    0,    0,    0,    0,    0,    0,    0,    0,    0,    0,    0,    0,    0,    0,    0,    0,    0,    0,    0,    0,    0,    0,    0,    0,    0,    0,    0,    0,  -19,    0,    0,   37,    0,    0,    0,    0,    0,    0,    0,    0,    0,    0,    0,    0,    0,    0,    0,    0,    0,  -14,  -23,    0,    0,    0,    0,    0,    9,    0,    0,    0,    0,    0,    0,    0,    0,    0,    0,    0,    0,    0,    0,    0,    0,    0,    0,    0,    0,    0,    0,    0,    0,    0,    0,    0,    0,    0,    0,    0,    0,    0,    0,    0,    0,    0,    0,    0,    0,    0,    0,    0,    0,    0,
       0,    0,    0,    0,    0,    0,    0,    0,    0,    0,    0,    0,    0,    0,    0,    0,    0,    0,    0,    0,    0,    0,    0,    0,    0,    0,    0,    0,    0,    0,    0,    0,    0,    0,    0,    0,    0,    0,    0,    0,    0,    0,    0,    0,    0,    0,    0,    0,    0,    0,    0,    0,    0,    0,    0,    0,    0,    0,    0,    0,    0,    0,    0,    0,    0,    0,    0,   -9,   11,  -14,  -14,   -5,    0,    0,    0,    0,    0,    0,    0,  -19,   -5,    0,    0,  -14,    0,    0,    0,    0,   11,    0,   11,    0,    0,    0,    0,    0,    0,    0,    0,    0,    0,    0,    0,    0,    0,    0,    0,    0,    0,    0,    0,    0,    0,    0,    0,    0,    0,    0,    0,    0,    0,    0,    0,    0,    0,    0,    0,    0,    0,    0,    0,    0,    0,    0,    0,    0,    0,
       0,    0,    0,    0,    0,    0,    0,    0,    0,    0,    0,    0,    0,    0,    0,    0,    0,    0,    0,    0,    0,    0,    0,    0,    0,    0,    0,    0,    0,    0,    0,    0,    0,    0,    0,    0,    0,    0,    0,    0,    0,    0,    0,    0,    0,    0,    0,    0,    0,    0,    0,    0,    0,    0,    0,    0,    0,    0,    0,    0,    0,    0,    0,   -9,    0,    0,    0,    0,  -14,    0,    0,    0,    0,    0,    0,   -5,    0,    0,    0,    0,    0,    0,    0,    0,    0,    0,    0,   -9,    0,    0,    0,    0,    0,    0,    0,    0,    0,    0,    0,    0,    0,    0,    0,    0,    0,    0,    0,    0,    0,    0,    0,    0,    0,    0,    0,    0,    0,    0,    0,    0,    0,    0,    0,    0,    0,    0,    0,    0,    0,    0,    0,    0,    0,    0,    0,    0,    0,
       0,    0,    0,    0,    0,    0,    0,    0,    0,    0,    0,    0,    0,    0,    0,    0,    0,    0,    0,    0,    0,    0,    0,    0,    0,    0,    0,    0,    0,    0,    0,    0,    0,    0,    0,    0,    0,    0,    0,    0,    0,    0,    0,    0,    0,    0,    0,    0,    0,    0,    0,    0,    0,    0,    0,    0,    0,    0,    0,    0,    0,    0,    0,    9,    0,    0,    0,    0,    0,    0,    0,    0,    0,    0,    0,    0,    0,    0,    0,    0,    0,    0,    0,    0,    0,    0,    0,    0,   20,    0,    7,    0,    0,    0,    0,    0,    0,    0,    0,    0,    0,    0,    0,    0,    0,    0,    0,    0,    0,    0,    0,    0,    0,    0,    0,    0,    0,    0,    0,    0,    0,    0,    0,    0,    0,    0,    0,    0,    0,    0,    0,    0,    0,    0,    0,    0,    0,
       0,    0,    0,    0,    0,    0,    0,    0,    0,    0,    0,    0,    0,    0,    0,    0,    0,    0,    0,    0,    0,    0,    0,    0,    0,    0,    0,    0,    0,    0,    0,    0,    0,    0,    0,    0,    0,    0,    0,    0,    0,    0,    0,    0,    0,    0,    0,    0,    0,    0,    0,    0,    0,    0,    0,    0,    0,    0,    0,    0,    0,    0,    0,    0,    0,    0,   14,    0,    0,    0,    0,    0,    0,    0,    0,    0,    0,    0,    0,    0,    0,    0,    0,    0,    0,    0,    0,    0,    0,    0,    0,    9,    0,    0,    0,    0,    0,    0,    0,    0,    0,    0,    0,    0,    0,    0,    0,    0,    0,    0,    0,    0,    0,    0,    0,    0,    0,    0,    0,    0,    0,    0,    0,    0,    0,    0,    0,    0,    0,    0,    0,    0,    0,    0,    0,    0,    0,
       0,    0,    0,    0,    0,    0,    0,    0,    0,    0,    0,    0,    0,    0,    0,    0,    0,    0,    0,    0,    0,    0,    0,    0,    0,    0,    0,    0,    0,    0,    0,    0,    0,    0,    0,    0,    0,    0,    0,    0,    0,    0,    0,    0,    0,    0,    0,    0,    0,    0,    0,    0,    0,    0,    0,    0,    0,    0,    0,    0,    0,    0,    0,  -19,    0,    0,   19,    0,    0,    0,    0,    0,    0,    0,    0,    0,    0,    0,    0,    0,    0,    0,    0,    0,  -14,  -23,    0,    0,    0,    0,    0,    0,    0,    0,    0,    0,    0,    0,    0,    0,    0,    0,    0,    0,    0,    0,    0,    0,    0,    0,    0,    0,    0,    0,    0,    0,    0,    0,    0,    0,    0,    0,    0,    0,    0,    0,    0,    0,    0,    0,    0,    0,    0,    0,    0,    0,    0,
       0,    0,    0,    0,    0,    0,    0,    0,    0,    0,    0,    0,    0,    0,    0,    0,    0,    0,    0,    0,    0,    0,    0,    0,    0,    0,    0,    0,    0,    0,    0,    0,    0,    0,    0,    0,    0,    0,    0,    0,    0,    0,    0,    0,    0,    0,    0,    0,    0,    0,    0,    0,    0,    0,    0,    0,    0,    0,    0,    0,    0,    0,    0,    0,    0,    0,    0,    0,    0,    0,    0,    0,    0,    0,    0,    0,    0,    0,    0,   -9,    0,    0,    0,    0,    0,    0,    0,    0,    0,    0,    0,    0,    0,    0,    0,    0,    0,    0,    0,    0,    0,    0,    0,    0,    0,    0,    0,    0,    0,    0,    0,    0,    0,    0,    0,    0,    0,    0,    0,    0,    0,    0,    0,    0,    0,    0,    0,    0,    0,    0,    0,    0,    0,    0,    0,    0,    0,
       0,    0,    0,    0,    0,    0,    0,    0,    0,    0,    0,    0,    0,    0,    0,    0,    0,    0,    0,    0,    0,    0,    0,    0,    0,    0,    0,    0,    0,    0,    0,    0,    0,    0,    0,    0,    0,    0,    0,    0,    0,    0,    0,    0,    0,    0,    0,    0,    0,    0,    0,    0,    0,    0,    0,    0,    0,    0,    0,    0,    0,    0,    0,  -19,    0,    0,    0,    0,    0,    0,    0,    0,    0,    0,  -19,    0,    0,    0,    0,    0,    0,    0,    0,    0,   -9,    0,    0,    0,    0,    0,    0,    0,    0,    0,    0,    0,  -14,   -9,  -14,    0,    0,    0,    0,    0,    0,    0,    0,    0,    0,    0,    0,    0,    0,    0,    0,    0,    0,    0,    0,    0,    0,    0,    0,    0,    0,    0,    0,    0,    0,    0,    0,    0,    0,    0,    0,    0,    0,
       0,    0,    0,    0,    0,    0,    0,    0,    0,    0,    0,    0,    0,    0,    0,    0,    0,    0,    0,    0,    0,    0,    0,    0,    0,    0,    0,    0,    0,    0,    0,    0,    0,    0,    0,    0,    0,    0,    0,    0,    0,    0,    0,    0,    0,    0,    0,    0,    0,    0,    0,    0,    0,    0,    0,    0,    0,    0,    0,    0,    0,    0,    0,    0,    0,    0,    0,    0,    0,    0,    0,    0,    0,    0,    0,    0,   -9,    0,    0,    0,    0,    0,    0,    0,  -23,  -14,  -14,    0,    0,    0,    0,    0,    0,   -9,    0,    0,    0,    0,    0,   -9,    0,   -9,    0,    0,    0,    0,    0,    0,    0,    0,    0,    0,    0,    0,    0,    0,    0,    0,    0,    0,    0,    0,    0,    0,    0,    0,    0,    0,    0,    0,    0,    0,    0,    0,    0,    0,    0,
       0,    0,    0,    0,    0,    0,    0,    0,    0,    0,    0,    0,    0,    0,    0,    0,    0,    0,    0,    0,    0,    0,    0,    0,    0,    0,    0,    0,    0,    0,    0,    0,    0,    0,    0,    0,    0,    0,    0,    0,    0,    0,    0,    0,    0,    0,    0,    0,    0,    0,    0,    0,    0,    0,    0,    0,    0,    0,    0,    0,    0,    0,    0,    0,    0,    0,    0,    0,    0,    0,    0,    0,    0,    0,    0,    0,    0,    0,    0,    0,    0,    0,    0,    0,    0,    0,    0,    0,    0,    0,    0,    0,    0,    0,    0,    0,   -5,    0,   -5,    0,    0,    0,    0,    0,    0,    0,    0,    0,    0,    0,    0,    0,    0,    0,    0,    0,    0,    0,    0,    0,    0,    0,    0,    0,    0,    0,    0,    0,    0,    0,    0,    0,    0,    0,    0,    0,    0,
       0,    0,    0,    0,    0,    0,    0,    0,    0,    0,    0,    0,    0,    0,    0,    0,    0,    0,    0,    0,    0,    0,    0,    0,    0,    0,    0,    0,    0,    0,    0,    0,    0,    0,    0,    0,    0,    0,    0,    0,    0,    0,    0,    0,    0,    0,    0,    0,    0,    0,    0,    0,    0,    0,    0,    0,    0,    0,    0,    0,    0,    0,    0,    9,   -9,    0,    0,  -19,    0,  -33,  -23,    0,    0,  -14,    0,    0,  -33,    0,    0,  -28,    0,   -9,   -9,    0,  -19,  -19,  -23,    0,    0,    0,    0,    0,   -9,   -9,    0,  -23,    0,    0,    0,  -19,  -23,  -33,  -23,  -37,    0,    0,    0,    0,    0,    0,    0,    0,    0,    0,    0,    0,    0,    0,    0,    0,    0,    0,    0,    0,    0,    0,    0,    0,    0,    0,    0,    0,    0,    0,    0,    0,    0,
       0,    0,    0,    0,    0,    0,    0,    0,    0,    0,    0,    0,    0,    0,    0,    0,    0,    0,    0,    0,    0,    0,    0,    0,    0,    0,    0,    0,    0,    0,    0,    0,    0,    0,    0,    0,    0,    0,    0,    0,    0,    0,    0,    0,    0,    0,    0,    0,    0,    0,    0,    0,    0,    0,    0,    0,    0,    0,    0,    0,    0,    0,    0,    0,    0,    0,    0,    0,    0,  -14,    0,    0,    0,    0,    0,    0,   -5,    0,    0,  -19,   -5,    0,    0,  -14,    0,    0,    0,    0,    0,    0,    0,    0,    0,    0,    0,    0,    0,    0,    0,    0,    0,    0,    0,    0,    0,    0,    0,    0,    0,    0,    0,    0,    0,    0,    0,    0,    0,    0,    0,    0,    0,    0,    0,    0,    0,    0,    0,    0,    0,    0,    0,    0,    0,    0,    0,    0,    0,
       0,    0,    0,    0,    0,    0,    0,    0,    0,    0,    0,    0,    0,    0,    0,    0,    0,    0,    0,    0,    0,    0,    0,    0,    0,    0,    0,    0,    0,    0,    0,    0,    0,    0,    0,    0,    0,    0,    0,    0,    0,    0,    0,    0,    0,    0,    0,    0,    0,    0,    0,    0,    0,    0,    0,    0,    0,    0,    0,    0,    0,    0,    0,    9,    0,    0,    0,    0,    0,  -28,    0,    0,    0,    0,    0,    0,  -19,    0,    0,  -23,    0,   -9,   -9,    0,    0,    0,  -23,    0,    9,    0,    0,    0,   -9,    0,    0,  -14,    0,    9,    0,    0,   -9,  -14,  -19,    0,    0,    0,    0,    0,    0,    0,    0,    0,    0,    0,    0,    0,    0,    0,    0,    0,    0,    0,    0,    0,    0,    0,    0,    0,    0,    0,    0,    0,    0,    0,    0,    0,    0,
       0,    0,    0,    0,    0,    0,    0,    0,    0,    0,    0,    0,    0,    0,    0,    0,    0,    0,    0,    0,    0,    0,    0,    0,    0,    0,    0,    0,    0,    0,    0,    0,    0,    0,    0,    0,    0,    0,    0,    0,    0,    0,    0,    0,    0,    0,    0,    0,    0,    0,    0,    0,    0,    0,    0,    0,    0,    0,    0,    0,    0,    0,    0,    0,    0,    0,    0,    0,    0,    0,    0,    0,    0,    0,    0,    0,   -9,    0,    0,  -14,    0,    0,    0,    0,    0,    0,    0,    0,    0,    0,    0,    0,    0,    0,    0,    0,    0,    0,    0,    0,    0,    0,    0,    0,    0,    0,    0,    0,    0,    0,    0,    0,    0,    0,    0,    0,    0,    0,    0,    0,    0,    0,    0,    0,    0,    0,    0,    0,    0,    0,    0,    0,    0,    0,    0,    0,    0,
       0,    0,    0,    0,    0,    0,    0,    0,    0,    0,    0,    0,    0,    0,    0,    0,    0,    0,    0,    0,    0,    0,    0,    0,    0,    0,    0,    0,    0,    0,    0,    0,    0,    0,    0,    0,    0,    0,    0,    0,    0,    0,    0,    0,    0,    0,    0,    0,    0,    0,    0,    0,    0,    0,    0,    0,    0,    0,    0,    0,    0,    0,    0,    0,    0,    0,    0,    0,    0,    0,    0,    0,    0,    0,    0,    0,    0,    0,    0,    0,    0,    0,    0,    0,   -9,    0,  -23,    0,    0,    0,    0,    0,   -9,    0,    0,    0,    0,    0,    0,    0,  -23,   -9,    0,    0,    0,    0,    0,    0,    0,    0,    0,    0,    0,    0,    0,    0,    0,    0,    0,    0,    0,    0,    0,    0,    0,    0,    0,    0,    0,    0,    0,    0,    0,    0,    0,    0,    0,
       0,    0,    0,    0,    0,    0,    0,    0,    0,    0,    0,    0,    0,    0,    0,    0,    0,    0,    0,    0,    0,    0,    0,    0,    0,    0,    0,    0,    0,    0,    0,    0,    0,    0,    0,    0,    0,    0,    0,    0,    0,    0,    0,    0,    0,    0,    0,    0,    0,    0,    0,    0,    0,    0,    0,    0,    0,    0,    0,    0,    0,    0,    0,    0,    0,    0,    0,    0,    0,    0,    0,    0,    0,    0,    0,    0,   -5,    0,    0,    0,    0,    0,    0,    0,    0,    0,   -5,    0,    0,    0,    0,    0,    0,    0,    0,    0,    0,    0,    0,    0,    0,    0,    0,    0,    0,    0,    0,    0,    0,    0,    0,    0,    0,    0,    0,    0,    0,    0,    0,    0,    0,    0,    0,    0,    0,    0,    0,    0,    0,    0,    0,    0,    0,    0,    0,    0,    0,
       0,    0,    0,    0,    0,    0,    0,    0,    0,    0,    0,    0,    0,    0,    0,    0,    0,    0,    0,    0,    0,    0,    0,    0,    0,    0,    0,    0,    0,    0,    0,    0,    0,    0,    0,    0,    0,    0,    0,    0,    0,    0,    0,    0,    0,    0,    0,    0,    0,    0,    0,    0,    0,    0,    0,    0,    0,    0,    0,    0,    0,    0,    0,    0,    0,    0,    0,    0,    0,  -28,    0,    0,    0,    0,    0,    0,  -23,    0,    0,  -23,    0,    0,    0,    0,    0,    0,  -19,    0,    9,    0,    0,    0,   -9,    0,    0,  -14,    0,    0,    0,    0,    0,  -19,  -19,  -19,   -5,    0,    0,    0,    0,    0,    0,    0,    0,    0,    0,    0,    0,    0,    0,    0,    0,    0,    0,    0,    0,    0,    0,    0,    0,    0,    0,    0,    0,    0,    0,    0,    0,
       0,    0,    0,    0,    0,    0,    0,    0,    0,    0,    0,    0,    0,    0,    0,    0,    0,    0,    0,    0,    0,    0,    0,    0,    0,    0,    0,    0,    0,    0,    0,    0,    0,    0,    0,    0,    0,    0,    0,    0,    0,    0,    0,    0,    0,    0,    0,    0,    0,    0,    0,    0,    0,    0,    0,    0,    0,    0,    0,    0,    0,    0,    0,    0,    0,    0,    0,    0,    0,    0,    0,    0,    0,    0,    0,    0,    0,    0,    0,   -5,    0,    0,    0,    0,    0,    0,    0,    0,    0,    0,    0,    0,    0,    0,    0,    0,    0,    0,    0,    0,    0,    0,    0,    0,    0,    0,    0,    0,    0,    0,    0,    0,    0,    0,    0,    0,    0,    0,    0,    0,    0,    0,    0,    0,    0,    0,    0,    0,    0,    0,    0,    0,    0,    0,    0,    0,    0,
       0,    0,    0,    0,    0,    0,    0,    0,    0,    0,    0,    0,    0,    0,    0,    0,    0,    0,    0,    0,    0,    0,    0,    0,    0,    0,    0,    0,    0,    0,    0,    0,    0,    0,    0,    0,    0,    0,    0,    0,    0,    0,    0,    0,    0,    0,    0,    0,    0,    0,    0,    0,    0,    0,    0,    0,    0,    0,    0,    0,    0,    0,    0,   -9,    0,    0,    0,    0,    0,    0,    0,    0,    0,    0,    0,    0,    0,    0,    0,    0,    0,    0,    0,    0,    0,    0,    0,    0,    0,    0,    0,    0,    0,    0,    0,    0,   -5,    0,   -5,    0,    0,    0,    0,    0,    0,    0,    0,    0,    0,    0,    0,    0,    0,    0,    0,    0,    0,    0,    0,    0,    0,    0,    0,    0,    0,    0,    0,    0,    0,    0,    0,    0,    0,    0,    0,    0,    0,
       0,    0,    0,    0,    0,    0,    0,    0,    0,    0,    0,    0,    0,    0,    0,    0,    0,    0,    0,    0,    0,    0,    0,    0,    0,    0,    0,    0,    0,    0,    0,    0,    0,    0,    0,    0,    0,    0,    0,    0,    0,    0,    0,    0,    0,    0,    0,    0,    0,    0,    0,    0,    0,    0,    0,    0,    0,    0,    0,    0,    0,    0,    0,    0,    0,    0,    0,    0,    0,    0,    0,    0,    0,    0,    0,    0,    0,    0,    0,    0,    0,   -9,    0,    0,    0,   -5,    0,    0,    0,    0,    0,    0,    0,    0,    0,    0,    0,    0,    0,    0,    0,    0,    0,    0,    0,    0,    0,    0,    0,    0,    0,    0,    0,    0,    0,    0,    0,    0,    0,    0,    0,    0,    0,    0,    0,    0,    0,    0,    0,    0,    0,    0,    0,    0,    0,    0,    0,
       0,    0,    0,    0,    0,    0,    0,    0,    0,    0,    0,    0,    0,    0,    0,    0,    0,    0,    0,    0,    0,    0,    0,    0,    0,    0,    0,    0,    0,    0,    0,    0,    0,    0,    0,    0,    0,    0,    0,    0,    0,    0,    0,    0,    0,    0,    0,    0,    0,    0,    0,    0,    0,    0,    0,    0,    0,    0,    0,    0,    0,    0,    0,    0,    0,    0,    0,    0,    0,    0,    0,    0,    0,    0,    0,    0,    0,    0,    0,    0,    0,    0,    0,    0,    0,    0,    0,    0,    0,    0,    0,    0,    0,    0,    0,    0,    0,    0,    0,    0,    0,    0,    0,    0,    0,    0,    0,    0,    0,    0,    0,    0,    0,   -9,    0,   -5,   -1,    0,    0,    0,    0,    0,   -9,    0,   -5,    0,   -9,    0,    0,    0,    0,    0,    0,    0,    0,    0,    0,
       0,    0,    0,    0,    0,    0,    0,    0,    0,    0,    0,    0,    0,    0,    0,    0,    0,    0,    0,    0,    0,    0,    0,    0,    0,    0,    0,    0,    0,    0,    0,    0,    0,    0,    0,    0,    0,    0,    0,    0,    0,    0,    0,    0,    0,    0,    0,    0,    0,    0,    0,    0,    0,    0,    0,    0,    0,    0,    0,    0,    0,    0,    0,    0,    0,    0,    0,    0,    0,    0,    0,    0,    0,    0,    0,    0,    0,    0,    0,    0,    0,    0,    0,    0,    0,    0,    0,    0,    0,    0,    0,    0,    0,    0,    0,    0,    0,    0,    0,    0,    0,    0,    0,    0,    0,    0,    0,    0,   -2,    0,    0,    0,    0,    0,   -3,    0,    0,    0,    0,  -12,    0,    0,  -12,    0,    0,   -5,    0,    0,    0,    0,    0,    0,    0,    0,    0,    0,    0,
       0,    0,    0,    0,    0,    0,    0,    0,    0,    0,    0,    0,    0,    0,    0,    0,    0,    0,    0,    0,    0,    0,    0,    0,    0,    0,    0,    0,    0,    0,    0,    0,    0,    0,    0,    0,    0,    0,    0,    0,    0,    0,    0,    0,    0,    0,    0,    0,    0,    0,    0,    0,    0,    0,    0,    0,    0,    0,    0,    0,    0,    0,    0,    0,    0,    0,    0,    0,    0,    0,    0,    0,    0,    0,    0,    0,    0,    0,    0,    0,    0,    0,    0,    0,    0,    0,    0,    0,    0,    0,    0,    0,    0,    0,    0,    0,    0,    0,    0,    0,    0,    0,    0,    0,    0,    0,    4,    0,    0,    0,    0,    0,   -3,  -12,    0,   -2,   -6,    0,   -7,    0,    0,    0,   -5,    0,    0,    0,    0,    0,    0,    0,    0,    0,    0,    0,    0,    0,    0,
       0,    0,    0,    0,    0,    0,    0,    0,    0,    0,    0,    0,    0,    0,    0,    0,    0,    0,    0,    0,    0,    0,    0,    0,    0,    0,    0,    0,    0,    0,    0,    0,    0,    0,    0,    0,    0,    0,    0,    0,    0,    0,    0,    0,    0,    0,    0,    0,    0,    0,    0,    0,    0,    0,    0,    0,    0,    0,    0,    0,    0,    0,    0,    0,    0,    0,    0,    0,    0,    0,    0,    0,    0,    0,    0,    0,    0,    0,    0,    0,    0,    0,    0,    0,    0,    0,    0,    0,    0,    0,    0,    0,    0,    0,    0,    0,    0,    0,    0,    0,    0,    0,    0,    0,    0,    0,  -19,    0,    0,   -9,    0,    0,   -3,    0,  -23,  -15,    0,   -5,   -2,  -12,    0,  -23,  -15,    0,    0,  -15,    0,    0,    0,    0,    0,    0,    0,    0,    0,    0,    0,
       0,    0,    0,    0,    0,    0,    0,    0,    0,    0,    0,    0,    0,    0,    0,    0,    0,    0,    0,    0,    0,    0,    0,    0,    0,    0,    0,    0,    0,    0,    0,    0,    0,    0,    0,    0,    0,    0,    0,    0,    0,    0,    0,    0,    0,    0,    0,    0,    0,    0,    0,    0,    0,    0,    0,    0,    0,    0,    0,    0,    0,    0,    0,    0,    0,    0,    0,    0,    0,    0,    0,    0,    0,    0,    0,    0,    0,    0,    0,    0,    0,    0,    0,    0,    0,    0,    0,    0,    0,    0,    0,    0,    0,    0,    0,    0,    0,    0,    0,    0,    0,    0,    0,    0,    0,    0,   -5,    0,    0,    0,    0,    0,   -6,    0,    0,    0,    0,   -5,    0,   -7,    0,    0,   -9,    0,    0,  -10,    0,    0,    0,    0,    0,    0,    0,    0,    0,    0,    0,
       0,    0,    0,    0,    0,    0,    0,    0,    0,    0,    0,    0,    0,    0,    0,    0,    0,    0,    0,    0,    0,    0,    0,    0,    0,    0,    0,    0,    0,    0,    0,    0,    0,    0,    0,    0,    0,    0,    0,    0,    0,    0,    0,    0,    0,    0,    0,    0,    0,    0,    0,    0,    0,    0,    0,    0,    0,    0,    0,    0,    0,    0,    0,    0,    0,    0,    0,    0,    0,    0,    0,    0,    0,    0,    0,    0,    0,    0,    0,    0,    0,    0,    0,    0,    0,    0,    0,    0,    0,    0,    0,    0,    0,    0,    0,    0,    0,    0,    0,    0,    0,    0,    0,    0,    0,    0,   -3,    0,    0,    0,    0,    0,    0,    0,    0,    0,    0,    0,    0,    0,    0,    0,    0,    0,    0,    0,    0,    0,    0,    0,    0,    0,    0,    0,    0,    0,    0,
       0,    0,    0,    0,    0,    0,    0,    0,    0,    0,    0,    0,    0,    0,    0,    0,    0,    0,    0,    0,    0,    0,    0,    0,    0,    0,    0,    0,    0,    0,    0,    0,    0,    0,    0,    0,    0,    0,    0,    0,    0,    0,    0,    0,    0,    0,    0,    0,    0,    0,    0,    0,    0,    0,    0,    0,    0,    0,    0,    0,    0,    0,    0,    0,    0,    0,    0,    0,    0,    0,    0,    0,    0,    0,    0,    0,    0,    0,    0,    0,    0,    0,    0,    0,    0,    0,    0,    0,    0,    0,    0,    0,    0,    0,    0,    0,    0,    0,    0,    0,    0,    0,    0,    0,    0,    0,    0,    0,   -2,    0,    0,    0,   -9,    0,  -17,   -1,    0,    0,    0,    0,    0,  -10,   -7,   -3,   -3,   -2,    0,    0,    0,    0,    0,    0,    0,    0,    0,    0,    0,
       0,    0,    0,    0,    0,    0,    0,    0,    0,    0,    0,    0,    0,    0,    0,    0,    0,    0,    0,    0,    0,    0,    0,    0,    0,    0,    0,    0,    0,    0,    0,    0,    0,    0,    0,    0,    0,    0,    0,    0,    0,    0,    0,    0,    0,    0,    0,    0,    0,    0,    0,    0,    0,    0,    0,    0,    0,    0,    0,    0,    0,    0,    0,    0,    0,    0,    0,    0,    0,    0,    0,    0,    0,    0,    0,    0,    0,    0,    0,    0,    0,    0,    0,    0,    0,    0,    0,    0,    0,    0,    0,    0,    0,    0,    0,    0,    0,    0,    0,    0,    0,    0,    0,    0,    0,    0,  -28,    0,    0,   -9,    0,   -7,   -7,    0,    0,   -7,    0,  -14,   -7,   -7,    0,    0,  -10,    0,    0,   -9,    0,   -9,    0,    0,    0,    0,    0,    0,    0,    0,    0,
       0,    0,    0,    0,    0,    0,    0,    0,    0,    0,    0,    0,    0,    0,    0,    0,    0,    0,    0,    0,    0,    0,    0,    0,    0,    0,    0,    0,    0,    0,    0,    0,    0,    0,    0,    0,    0,    0,    0,    0,    0,    0,    0,    0,    0,    0,    0,    0,    0,    0,    0,    0,    0,    0,    0,    0,    0,    0,    0,    0,    0,    0,    0,    0,    0,    0,    0,    0,    0,    0,    0,    0,    0,    0,    0,    0,    0,    0,    0,    0,    0,    0,    0,    0,    0,    0,    0,    0,    0,    0,    0,    0,    0,    0,    0,    0,    0,    0,    0,    0,    0,    0,    0,    0,    0,    0,    0,    0,    0,    0,    0,    0,   -3,    0,    0,   -2,    0,    0,   -6,   -6,    0,  -10,  -10,    0,    0,    0,    0,    0,    0,    0,    0,    0,    0,    0,    0,    0,    0,
       0,    0,    0,    0,    0,    0,    0,    0,    0,    0,    0,    0,    0,    0,    0,    0,    0,    0,    0,    0,    0,    0,    0,    0,    0,    0,    0,    0,    0,    0,    0,    0,    0,    0,    0,    0,    0,    0,    0,    0,    0,    0,    0,    0,    0,    0,    0,    0,    0,    0,    0,    0,    0,    0,    0,    0,    0,    0,    0,    0,    0,    0,    0,    0,    0,    0,    0,    0,    0,    0,    0,    0,    0,    0,    0,    0,    0,    0,    0,    0,    0,    0,    0,    0,    0,    0,    0,    0,    0,    0,    0,    0,    0,    0,    0,    0,    0,    0,    0,    0,    0,    0,    0,    0,    0,    0,  -19,   -3,    0,    0,    0,    0,   -3,    0,  -14,  -10,    0,    0,    0,   -3,    0,  -21,   -6,    0,    0,    0,    4,   -1,    0,    0,    0,    0,    0,    0,    0,    0,    0,
       0,    0,    0,    0,    0,    0,    0,    0,    0,    0,    0,    0,    0,    0,    0,    0,    0,    0,    0,    0,    0,    0,    0,    0,    0,    0,    0,    0,    0,    0,    0,    0,    0,    0,    0,    0,    0,    0,    0,    0,    0,    0,    0,    0,    0,    0,    0,    0,    0,    0,    0,    0,    0,    0,    0,    0,    0,    0,    0,    0,    0,    0,    0,    0,    0,    0,    0,    0,    0,    0,    0,    0,    0,    0,    0,    0,    0,    0,    0,    0,    0,    0,    0,    0,    0,    0,    0,    0,    0,    0,    0,    0,    0,    0,    0,    0,    0,    0,    0,    0,    0,    0,    0,    0,    0,    0,    0,    0,    0,    0,    0,    0,    0,    0,    0,   -9,    0,   -2,   -9,  -11,    0,    0,  -12,    0,    0,    0,    0,    0,    0,    0,    0,    0,    0,    0,    0,    0,    0,
       0,    0,    0,    0,    0,    0,    0,    0,    0,    0,    0,    0,    0,    0,    0,    0,    0,    0,    0,    0,    0,    0,    0,    0,    0,    0,    0,    0,    0,    0,    0,    0,    0,    0,    0,    0,    0,    0,    0,    0,    0,    0,    0,    0,    0,    0,    0,    0,    0,    0,    0,    0,    0,    0,    0,    0,    0,    0,    0,    0,    0,    0,    0,    0,    0,    0,    0,    0,    0,    0,    0,    0,    0,    0,    0,    0,    0,    0,    0,    0,    0,    0,    0,    0,    0,    0,    0,    0,    0,    0,    0,    0,    0,    0,    0,    0,    0,    0,    0,    0,    0,    0,    0,    0,    0,    0,    0,    0,    0,    0,    0,    0,   -6,   -8,    0,   -5,    0,    0,    0,    0,    0,    0,    0,    0,    0,    0,    0,    0,    0,    0,    0,    0,    0,    0,    0,    0,    0,
       0,    0,    0,    0,    0,    0,    0,    0,    0,    0,    0,    0,    0,    0,    0,    0,    0,    0,    0,    0,    0,    0,    0,    0,    0,    0,    0,    0,    0,    0,    0,    0,    0,    0,    0,    0,    0,    0,    0,    0,    0,    0,    0,    0,    0,    0,    0,    0,    0,    0,    0,    0,    0,    0,    0,    0,    0,    0,    0,    0,    0,    0,    0,    0,    0,    0,    0,    0,    0,    0,    0,    0,    0,    0,    0,    0,    0,    0,    0,    0,    0,    0,    0,    0,    0,    0,    0,    0,    0,    0,    0,    0,    0,    0,    0,    0,    0,    0,    0,    0,    0,    0,    0,    0,    0,    0,    0,    0,    0,    0,    0,    0,   -3,    0,  -14,    0,   -3,    0,    0,   -3,    0,   -6,   -2,    0,    0,  -10,    0,    0,    0,    0,    0,    0,    0,    0,    0,    0,    0,
       0,    0,    0,    0,    0,    0,    0,    0,    0,    0,    0,    0,    0,    0,    0,    0,    0,    0,    0,    0,    0,    0,    0,    0,    0,    0,    0,    0,    0,    0,    0,    0,    0,    0,    0,    0,    0,    0,    0,    0,    0,    0,    0,    0,    0,    0,    0,    0,    0,    0,    0,    0,    0,    0,    0,    0,    0,    0,    0,    0,    0,    0,    0,    0,    0,    0,    0,    0,    0,    0,    0,    0,    0,    0,    0,    0,    0,    0,    0,    0,    0,    0,    0,    0,    0,    0,    0,    0,    0,    0,    0,    0,    0,    0,    0,    0,    0,    0,    0,    0,    0,    0,    0,    0,    0,    0,    0,    0,    0,    0,    0,    0,   -7,    0,    0,    0,    0,    0,    0,   -5,    0,    0,    0,    0,    0,    0,    0,    0,    0,    0,    0,    0,    0,    0,    0,    0,    0,
       0,    0,    0,    0,    0,    0,    0,    0,    0,    0,    0,    0,    0,    0,    0,    0,    0,    0,    0,    0,    0,    0,    0,    0,    0,    0,    0,    0,    0,    0,    0,    0,    0,    0,    0,    0,    0,    0,    0,    0,    0,    0,    0,    0,    0,    0,    0,    0,    0,    0,    0,    0,    0,    0,    0,    0,    0,    0,    0,    0,    0,    0,    0,    0,    0,    0,    0,    0,    0,    0,    0,    0,    0,    0,    0,    0,    0,    0,    0,    0,    0,    0,    0,    0,    0,    0,    0,    0,    0,    0,    0,    0,    0,    0,    0,    0,    0,    0,    0,    0,    0,    0,    0,    0,    0,    0,    0,    0,    0,    0,    0,    0,    0,    0,   -7,   -9,   -7,    0,    0,   -7,    0,  -16,   -3,    0,    0,    0,   -7,    0,    0,    0,    0,    0,    0,    0,    0,    0,    0,
       0,    0,    0,    0,    0,    0,    0,    0,    0,    0,    0,    0,    0,    0,    0,    0,    0,    0,    0,    0,    0,    0,    0,    0,    0,    0,    0,    0,    0,    0,    0,    0,    0,    0,    0,    0,    0,    0,    0,    0,    0,    0,    0,    0,    0,    0,    0,    0,    0,    0,    0,    0,    0,    0,    0,    0,    0,    0,    0,    0,    0,    0,    0,    0,    0,    0,    0,    0,    0,    0,    0,    0,    0,    0,    0,    0,    0,    0,    0,    0,    0,    0,    0,    0,    0,    0,    0,    0,    0,    0,    0,    0,    0,    0,    0,    0,    0,    0,    0,    0,    0,    0,    0,    0,    0,   -2,   -5,    0,   -3,    0,    0,    0,    0,   -9,    0,    0,    0,   -5,    0,  -12,    0,    0,  -10,    0,    0,    0,    0,    0,    0,    0,    0,    0,    0,    0,    0,    0,    0,
       0,    0,    0,    0,    0,    0,    0,    0,    0,    0,    0,    0,    0,    0,    0,    0,    0,    0,    0,    0,    0,    0,    0,    0,    0,    0,    0,    0,    0,    0,    0,    0,    0,    0,    0,    0,    0,    0,    0,    0,    0,    0,    0,    0,    0,    0,    0,    0,    0,    0,    0,    0,    0,    0,    0,    0,    0,    0,    0,    0,    0,    0,    0,    0,    0,    0,    0,    0,    0,    0,    0,    0,    0,    0,    0,    0,    0,    0,    0,    0,    0,    0,    0,    0,    0,    0,    0,    0,    0,    0,    0,    0,    0,    0,    0,    0,    0,    0,    0,    0,    0,    0,    0,    0,    0,    0,  -19,    0,    0,    0,    0,    0,   -9,    0,  -14,   -3,    0,    0,   -7,  -10,    0,  -14,  -10,    0,    0,   -9,    0,  -11,    0,    0,    0,    0,    0,    0,    0,    0,    0,
       0,    0,    0,    0,    0,    0,    0,    0,    0,    0,    0,    0,    0,    0,    0,    0,    0,    0,    0,    0,    0,    0,    0,    0,    0,    0,    0,    0,    0,    0,    0,    0,    0,    0,    0,    0,    0,    0,    0,    0,    0,    0,    0,    0,    0,    0,    0,    0,    0,    0,    0,    0,    0,    0,    0,    0,    0,    0,    0,    0,    0,    0,    0,    0,    0,    0,    0,    0,    0,    0,    0,    0,    0,    0,    0,    0,    0,    0,    0,    0,    0,    0,    0,    0,    0,    0,    0,    0,    0,    0,    0,    0,    0,    0,    0,    0,    0,    0,    0,    0,    0,    0,    0,    0,    0,    0,  -13,    0,    0,    0,    0,    0,   -3,    0,    0,  -13,    0,   -7,    0,  -10,    0,    0,   -7,    0,    0,   -7,    0,    0,    0,    0,    0,    0,    0,    0,    0,    0,    0,
       0,    0,    0,    0,    0,    0,    0,    0,    0,    0,    0,    0,    0,    0,    0,    0,    0,    0,    0,    0,    0,    0,    0,    0,    0,    0,    0,    0,    0,    0,    0,    0,    0,    0,    0,    0,    0,    0,    0,    0,    0,    0,    0,    0,    0,    0,    0,    0,    0,    0,    0,    0,    0,    0,    0,    0,    0,    0,    0,    0,    0,    0,    0,    0,    0,    0,    0,    0,    0,    0,    0,    0,    0,    0,    0,    0,    0,    0,    0,    0,    0,    0,    0,    0,    0,    0,    0,    0,    0,    0,    0,    0,    0,    0,    0,    0,    0,    0,    0,    0,    0,    0,    0,    0,    0,    0,    0,    0,  -22,    0,  -23,    0,    0,   -8,    0,   -3,   -3,    0,  -17,  -19,  -19,    0,   -5,    0,    0,    0,   -9,    0,    0,    0,    0,    0,    0,    0,    0,    0,    0,
       0,    0,    0,    0,    0,    0,    0,    0,    0,    0,    0,    0,    0,    0,    0,    0,    0,    0,    0,  -63,    0,    0,    0, -112,    0,    0,    0,    0,    0,    0,    0,    0,    0,    0,    0,    0,    0,    0,    0,  -19,    0,    0,    0,  -19,    0,    0,    0,    0,    0,    0,    0,    0,    0,    0,    0,  -63,    0,    0,    0,    0,    0,    0,    0,    0,    0,    0,    0,    0,    0,    0,    0,    0,    0,    0,    0,    0,    0,    0,    0,    0,    0,    0,    0,    0,    0,    0,    0,    0,    0,    0,    0,    0,    0,    0,    0,    0,    0,    0,    0,    0,    0,    0,    0,    0,    0,    0,    0,    0,    0,    0,    0,    0,    0,    0,    0,    0,    0,    0,    0,    0,    0,    0,    0,    0,    0,    0,    0,    0,    0,    0,    0,    0,    0,    0,    0,    0,    0,
       0,    0,    0,    0,    0,    0,    0,    0,    0,    0,    0,    0,    0,    0,    0,    0,    0,    0,    0,  -28,    0,    0,    0,  -56,    0,    0,    0,    0,    0,    0,    0,    0,    0,    0,    0,    0,  -19,    0,    0,  -23,    0,  -14,    0,    0,    0,    0,    0,    0,    0,    0,    0,    0,    0,    0,    0,  -28,    0,    0,    0,  -19,    0,    0,    0,    0,    0,    0,    0,    0,    0,    0,    0,    0,    0,    0,    0,    0,    0,    0,    0,    0,    0,    0,    0,    0,    0,    0,    0,    0,    0,    0,    0,    0,    0,    0,    0,    0,    0,    0,    0,    0,    0,    0,    0,    0,    0,    0,    0,    0,    0,    0,    0,    0,    0,    0,    0,    0,    0,    0,    0,    0,    0,    0,    0,    0,    0,    0,    0,    0,    0,    0,    0,    0,    0,    0,    0,    0,    0,
       0,    0,    0,    0,    0,    0,    0,    0,    0,    0,    0,    0,    0,    0,    0,    0,    0,    0,    0,  -35,    0,    0,    0,  -56,    0,    0,    0,    0,    0,    0,    0,    0,    0,    0,    0,    0,    0,    0,    0,  -19,    0,    0,    0,  -19,    0,    0,    0,    0,    0,    0,    0,    0,    0,    0,    0,  -35,    0,    0,    0,    0,    0,    0,    0,    0,    0,    0,    0,    0,    0,    0,    0,    0,    0,    0,    0,    0,    0,    0,    0,    0,    0,    0,    0,    0,    0,    0,    0,    0,    0,    0,    0,    0,    0,    0,    0,    0,    0,    0,    0,    0,    0,    0,    0,    0,    0,    0,    0,    0,    0,    0,    0,    0,    0,    0,    0,    0,    0,    0,    0,    0,    0,    0,    0,    0,    0,    0,    0,    0,    0,    0,    0,    0,    0,    0,    0,    0,    0,
       0,    0,    0,    0,    0,    0,    0,    0,    0,    0,    0,    0,    0,    0,    0,    0,    0,    0,    0,  -35,    0,    0,    0,  -47,    0,    0,    0,    0,    0,    0,    0,    0,    0,    0,    0,    0,  -19,    0,    0,  -23,    0,    0,    0,    0,    0,    0,    0,    0,    0,    0,    0,    0,    0,    0,    0,  -35,    0,    0,    0,  -19,    0,    0,    0,    0,    0,    0,    0,    0,    0,    0,    0,    0,    0,    0,    0,    0,    0,    0,    0,    0,    0,    0,    0,    0,    0,    0,    0,    0,    0,    0,    0,    0,    0,    0,    0,    0,    0,    0,    0,    0,    0,    0,    0,    0,    0,    0,    0,    0,    0,    0,    0,    0,    0,    0,    0,    0,    0,    0,    0,    0,    0,    0,    0,    0,    0,    0,    0,    0,    0,    0,    0,    0,    0,    0,    0,    0,    0,
       0,    0,    0,    0,    0,    0,    0,    0,    0,    0,    0,    0,    0,    0,    0,    0,    0,    0,    0,    0,    0,    0,    0,    0,    0,    0,    0,   -4,    0,    0,    0,    0,    0,    0,    0,    0,    0,    0,    0,    0,    0,    0,    0,    0,    0,    0,    0,    0,    0,    0,    0,    0,    0,    0,    0,    0,    0,    0,    0,    0,    0,    0,    0,    0,    0,    0,    0,    0,    0,    0,    0,    0,    0,    0,    0,    0,    0,    0,    0,    0,    0,    0,    0,    0,    0,    0,    0,    0,    0,    0,    0,    0,    0,    0,    0,    0,    0,    0,    0,    0,    0,    0,    0,    0,    0,    0,    0,    0,    0,    0,    0,    0,    0,    0,    0,    0,    0,    0,    0,    0,    0,    0,    0,    0,    0,    0,    0,    0,    0,    0,    0,    0,    0,    0,    0,    0,    0,
       0,    0,    0,    0,    0,    0,    0,    0,  -23,    0,    0,    0,    0,    0,  -14,  -19,    0,    0,    0,    0,    0,    0,    0,    0,    0,    0,    0,    0,    0,    0,    0,    0,    0,    0,    0,    0,    0,    0,    0,    0,    0,    0,    0,    0,    0,    0,    0,    0,    0,    0,    0,    0,    0,    0,    0,    0,    0,    0,    0,    0,    0,    0,    0,    0,    0,    0,    0,    0,    0,    0,    0,    0,    0,    0,    0,    0,    0,    0,    0,    0,    0,    0,    0,    0,    0,    0,    0,    0,    0,    0,    0,    0,    0,    0,    0,    0,    0,    0,    0,    0,    0,    0,    0,    0,    0,    0,    0,    0,    0,    0,    0,    0,    0,    0,    0,    0,    0,    0,    0,    0,    0,    0,    0,    0,    0,    0,    0,    0,    0,    0,    0,    0,    0,    0,    0,    0,    0,
       0,    0,    0,    0,    0,    0,    0,    0,    0,  -19,    0,    0,    0,    0,    0,    0,    0,    0,    0,    0,    0,    0,    0,    0,    0,    0,    0,    0,    0,    0,    0,    0,    0,    0,    0,    0,    0,    0,    0,    0,    0,    0,    0,    0,    0,    0,    0,    0,    0,    0,    0,    0,    0,    0,    0,    0,    0,    0,    0,    0,    0,    0,    0,    0,    0,    0,    0,    0,    0,    0,    0,    0,    0,    0,    0,    0,    0,    0,    0,    0,    0,    0,    0,    0,    0,    0,    0,    0,    0,    0,    0,    0,    0,    0,    0,    0,    0,    0,    0,    0,    0,    0,    0,    0,    0,    0,    0,    0,    0,    0,    0,    0,    0,    0,    0,    0,    0,    0,    0,    0,    0,    0,    0,    0,    0,    0,    0,    0,    0,    0,    0,    0,    0,    0,    0,    0,    0,
       0,    0,    0,    0,    0,    0,    0,    0,    0,    0,    0,  -37,    0,    0,    0,    0,    0,    0,    0,    0,    0,    0,    0,    0,    0,    0,    0,    0,    0,    0,    0,    0,    0,    0,    0,    0,    0,    0,    0,    0,    0,    0,    0,    0,    0,    0,    0,    0,    0,    0,    0,    0,    0,    0,    0,    0,    0,    0,    0,    0,    0,    0,    0,    0,    0,    0,    0,    0,    0,    0,    0,    0,    0,    0,    0,    0,    0,    0,    0,    0,    0,    0,    0,    0,    0,    0,    0,    0,    0,    0,    0,    0,    0,    0,    0,    0,    0,    0,    0,    0,    0,    0,    0,    0,    0,    0,    0,    0,    0,    0,    0,    0,    0,    0,    0,    0,    0,    0,    0,    0,    0,    0,    0,    0,    0,    0,    0,    0,    0,    0,    0,    0,    0,    0,    0,    0,    0,
};

static const EpdLigaturePair lexenddeca_14_boldLigaturePairs[] = {
    { 0x00660066, 0xFB00 }, // f f -> U+FB00
    { 0x00660069, 0xFB01 }, // f i -> U+FB01
    { 0x0066006C, 0xFB02 }, // f l -> U+FB02
    { 0xFB000069, 0xFB03 }, // U+FB00 i -> U+FB03
    { 0xFB00006C, 0xFB04 }, // U+FB00 l -> U+FB04
};

static const EpdFontData lexenddeca_14_bold = {
    lexenddeca_14_boldBitmaps,
    lexenddeca_14_boldGlyphs,
    lexenddeca_14_boldIntervals,
    29,
    36,
    30,
    -8,
    true,
    nullptr,
    0,
    nullptr,
    lexenddeca_14_boldKernLeftClasses,
    lexenddeca_14_boldKernRightClasses,
    lexenddeca_14_boldKernMatrix,
    621,
    606,
    152,
    137,
    lexenddeca_14_boldLigaturePairs,
    5,
};
