/**
 * generated by fontconvert.py
 * name: lexenddeca_12_regular
 * size: 12
 * mode: 1-bit
 * Command used: fontconvert.py lexenddeca_12_regular 12 ../builtinFonts/source/LexendDeca/LexendDeca-Regular.ttf ../builtinFonts/source/NotoSansHebrew/NotoSansHebrew-Regular.ttf ../builtinFonts/source/NotoSans/NotoSans-Regular.ttf --additional-intervals 0x05D0,0x05EA --force-autohint
 */
#pragma once
#include "EpdFontData.h"

static const uint8_t lexenddeca_12_regularBitmaps[32415] = {
    0xFF, 0xFF, 0xFF, 0xFF, 0xF0, 0x3F, 0xFC, 0x7B, 0xDC, 0xF7, 0x39, 0xCE, 0x73, 0x98, 0xC6, 0x30,
    0x0E, 0x1C, 0x1C, 0x70, 0x38, 0xE0, 0x71, 0xC7, 0xFF, 0xEF, 0xFF, 0xDF, 0xFF, 0x8E, 0x38, 0x1C,
    0x70, 0x38, 0xE0, 0x71, 0xC7, 0xFF, 0xEF, 0xFF, 0xDF, 0xFF, 0x8E, 0x38, 0x1C, 0x70, 0x38, 0xE0,
    0xE1, 0xC0, 0x03, 0x80, 0x1C, 0x00, 0xE0, 0x3F, 0xC3, 0xFF, 0x3F, 0xFD, 0xEF, 0xEE, 0x76, 0x73,
    0x83, 0xDC, 0x1F, 0xE0, 0x7F, 0xC1, 0xFF, 0x03, 0xFC, 0x1D, 0xE8, 0xE7, 0x67, 0x3F, 0xBB, 0xFF,
    0xFE, 0xFF, 0xE1, 0xFC, 0x03, 0x80, 0x1C, 0x00, 0x7E, 0x07, 0x0F, 0xC0, 0xE3, 0x9C, 0x38, 0x73,
    0x8E, 0x0E, 0x71, 0xC1, 0xCE, 0x70, 0x3F, 0xCC, 0x07, 0xFB, 0x80, 0x7E, 0xE7, 0x87, 0x9D, 0xF8,
    0x07, 0x7F, 0x81, 0xCE, 0x70, 0x39, 0xCE, 0x0E, 0x39, 0xC1, 0x87, 0x38, 0x70, 0xFF, 0x1C, 0x0F,
    0xC3, 0x00, 0xF0, 0x07, 0xE0, 0x07, 0xF8, 0x07, 0xFE, 0x03, 0x87, 0x01, 0xC0, 0x00, 0xE0, 0x00,
    0x78, 0x00, 0x7C, 0x00, 0x7F, 0x00, 0x7B, 0xC7, 0x38, 0xF3, 0x9C, 0x3F, 0xCE, 0x0F, 0xC7, 0x07,
    0xE3, 0xC1, 0xF0, 0xFF, 0xFC, 0x3F, 0xFE, 0x0F, 0xE7, 0x80, 0x7B, 0x9C, 0xE7, 0x31, 0x80, 0x02,
    0x07, 0x0F, 0x1E, 0x3C, 0x78, 0x70, 0xF0, 0xF0, 0xE0, 0xE0, 0xE0, 0xE0, 0xE0, 0xE0, 0xE0, 0xF0,
    0x70, 0x78, 0x38, 0x3C, 0x1E, 0x0F, 0x06, 0x20, 0x38, 0x1E, 0x07, 0x81, 0xE0, 0xF0, 0x3C, 0x0E,
    0x07, 0x03, 0xC1, 0xE0, 0x70, 0x38, 0x1C, 0x1E, 0x0F, 0x07, 0x07, 0x83, 0xC3, 0xC3, 0xC3, 0xE1,
    0xE0, 0xC0, 0x0C, 0x1B, 0x67, 0xF9, 0xFC, 0x3F, 0x1F, 0xE6, 0xD8, 0x30, 0x07, 0x00, 0x38, 0x01,
    0xC0, 0x0E, 0x00, 0x70, 0x7F, 0xFF, 0xFF, 0xFF, 0xFF, 0x07, 0x00, 0x38, 0x01, 0xC0, 0x0E, 0x00,
    0x70, 0x00, 0x7B, 0xDE, 0x73, 0xBF, 0xCC, 0xFF, 0xFF, 0xF8, 0xFF, 0xF0, 0x00, 0x38, 0x00, 0xE0,
    0x07, 0x00, 0x1C, 0x00, 0xE0, 0x03, 0x80, 0x1E, 0x00, 0x70, 0x03, 0xC0, 0x0E, 0x00, 0x78, 0x01,
    0xC0, 0x0F, 0x00, 0x38, 0x01, 0xE0, 0x07, 0x00, 0x3C, 0x00, 0xE0, 0x07, 0x80, 0x1C, 0x00, 0x70,
    0x03, 0x80, 0x00, 0x1F, 0xC1, 0xFF, 0x1F, 0xFC, 0xF1, 0xEF, 0x07, 0xF0, 0x1F, 0x80, 0xFC, 0x07,
    0xE0, 0x3F, 0x01, 0xF8, 0x0F, 0xC0, 0x7E, 0x03, 0xF8, 0x3D, 0xE3, 0xCF, 0xFE, 0x3F, 0xE0, 0xFE,
    0x00, 0x0E, 0x0F, 0x8F, 0xE3, 0xF8, 0x6E, 0x03, 0x80, 0xE0, 0x38, 0x0E, 0x03, 0x80, 0xE0, 0x38,
    0x0E, 0x03, 0x80, 0xE1, 0xFF, 0x7F, 0xDF, 0xF0, 0x1F, 0xC1, 0xFF, 0x1F, 0xF8, 0xF1, 0xEF, 0x07,
    0x30, 0x38, 0x03, 0xC0, 0x1C, 0x01, 0xE0, 0x1E, 0x01, 0xF0, 0x1F, 0x01, 0xF0, 0x0F, 0x00, 0xF0,
    0x0F, 0xFF, 0x7F, 0xFB, 0xFF, 0xC0, 0x7F, 0xF3, 0xFF, 0x9F, 0xF8, 0x07, 0x80, 0x78, 0x07, 0x80,
    0x7F, 0x03, 0xFC, 0x1F, 0xF0, 0x03, 0xC0, 0x1E, 0x00, 0x72, 0x03, 0xB8, 0x3F, 0xE3, 0xCF, 0xFE,
    0x3F, 0xE0, 0xFE, 0x00, 0x00, 0x70, 0x01, 0xE0, 0x07, 0xC0, 0x1F, 0x80, 0x7F, 0x00, 0xFE, 0x03,
    0xDC, 0x0F, 0x38, 0x3C, 0x70, 0xF0, 0xE1, 0xFF, 0xFB, 0xFF, 0xF7, 0xFF, 0xE0, 0x0E, 0x00, 0x1C,
    0x00, 0x38, 0x00, 0x70, 0x00, 0xE0, 0x3F, 0xF1, 0xFF, 0x8F, 0xFC, 0x70, 0x03, 0x80, 0x3F, 0xC1,
    0xFF, 0x8F, 0xFE, 0x39, 0xF0, 0x03, 0xC0, 0x1E, 0x00, 0x70, 0x03, 0x90, 0x3D, 0xC3, 0xCF, 0xFE,
    0x3F, 0xE0, 0xFE, 0x00, 0x07, 0x00, 0xF0, 0x1E, 0x01, 0xC0, 0x3C, 0x03, 0xF8, 0x7F, 0xC7, 0xFE,
    0xF9, 0xFF, 0x0F, 0xE0, 0x7E, 0x07, 0xE0, 0x7E, 0x07, 0xF0, 0xF7, 0xFE, 0x3F, 0xC1, 0xF8, 0xFF,
    0xEF, 0xFE, 0xFF, 0xE0, 0x1E, 0x01, 0xC0, 0x3C, 0x03, 0xC0, 0x38, 0x07, 0x80, 0x70, 0x0F, 0x00,
    0xE0, 0x1E, 0x01, 0xE0, 0x3C, 0x03, 0xC0, 0x38, 0x07, 0x80, 0x1F, 0x87, 0xFE, 0x7F, 0xEF, 0x0F,
    0xE0, 0x7F, 0x0F, 0xF9, 0xF7, 0xFE, 0x7F, 0xC7, 0xFE, 0xF0, 0xFE, 0x0F, 0xE0, 0x7E, 0x0F, 0xF0,
    0xFF, 0xFE, 0x7F, 0xC1, 0xF8, 0x1F, 0x87, 0xFE, 0x7F, 0xEF, 0x0F, 0xE0, 0x7E, 0x07, 0xE0, 0x7F,
    0x0F, 0xF9, 0xF7, 0xFF, 0x3F, 0xE1, 0xFE, 0x01, 0xE0, 0x3C, 0x03, 0xC0, 0x78, 0x07, 0x80, 0x70,
    0xFF, 0xF0, 0x00, 0x03, 0xFF, 0xC0, 0x73, 0x9C, 0xE0, 0x00, 0x00, 0x00, 0x00, 0xF7, 0xBC, 0xE7,
    0x7F, 0x98, 0x00, 0x00, 0x18, 0x0F, 0x87, 0xE1, 0xF8, 0xFC, 0x3E, 0x07, 0x80, 0xF8, 0x0F, 0xC0,
    0x7E, 0x07, 0xE0, 0x3E, 0x01, 0x80, 0xFF, 0xFF, 0xFF, 0xFF, 0xF0, 0x00, 0x00, 0x0F, 0xFF, 0xFF,
    0xFF, 0xFF, 0x00, 0x1C, 0x03, 0xE0, 0x7E, 0x03, 0xF0, 0x1F, 0x81, 0xF8, 0x0F, 0x07, 0xE3, 0xF0,
    0xFC, 0x7E, 0x0F, 0x00, 0xC0, 0x00, 0x1F, 0x83, 0xFE, 0x7F, 0xEF, 0x0F, 0x60, 0x70, 0x07, 0x00,
    0xF0, 0x1E, 0x0F, 0xC0, 0xF8, 0x0E, 0x00, 0xE0, 0x04, 0x00, 0x00, 0x0E, 0x00, 0xE0, 0x0E, 0x00,
    0xE0, 0x00, 0xFF, 0xC0, 0x07, 0xFF, 0xE0, 0x1F, 0xFF, 0xE0, 0xFC, 0x03, 0xE3, 0xE7, 0xBB, 0xC7,
    0xBF, 0xF3, 0xDE, 0x7F, 0xE7, 0xB9, 0xE3, 0xC7, 0xF3, 0x87, 0x0F, 0xCF, 0x0E, 0x1F, 0x9C, 0x1C,
    0x7F, 0x38, 0x78, 0xEE, 0x70, 0xF3, 0xDC, 0xF7, 0xEF, 0x38, 0xFF, 0xFC, 0x70, 0xFB, 0xF0, 0xF0,
    0x00, 0x00, 0xF0, 0x00, 0x01, 0xF0, 0x18, 0x01, 0xFF, 0xF8, 0x01, 0xFF, 0xE0, 0x00, 0xFF, 0x00,
    0x00, 0x01, 0xE0, 0x01, 0xF0, 0x00, 0xF8, 0x00, 0x7E, 0x00, 0x7F, 0x00, 0x3B, 0xC0, 0x1D, 0xE0,
    0x1E, 0x70, 0x0E, 0x3C, 0x0F, 0x1E, 0x07, 0x87, 0x03, 0xFF, 0xC3, 0xFF, 0xE1, 0xFF, 0xF8, 0xE0,
    0x3C, 0xF0, 0x0E, 0x70, 0x07, 0xF8, 0x03, 0xC0, 0xFF, 0xE7, 0xFF, 0xBF, 0xFF, 0xC0, 0xFE, 0x03,
    0xF0, 0x1F, 0x81, 0xFF, 0xFE, 0xFF, 0xF7, 0xFF, 0xB8, 0x3F, 0xC0, 0x7E, 0x03, 0xF0, 0x1F, 0x81,
    0xFF, 0xFF, 0xFF, 0xF7, 0xFF, 0x00, 0x07, 0xF0, 0x3F, 0xF8, 0xFF, 0xFB, 0xE0, 0xF7, 0x80, 0xDE,
    0x00, 0x38, 0x00, 0x70, 0x00, 0xE0, 0x01, 0xC0, 0x03, 0x80, 0x07, 0x00, 0x0F, 0x00, 0x0F, 0x00,
    0x1F, 0x07, 0x1F, 0xFF, 0x1F, 0xFC, 0x1F, 0xE0, 0xFF, 0xE1, 0xFF, 0xE3, 0xFF, 0xE7, 0x03, 0xEE,
    0x01, 0xDC, 0x03, 0xF8, 0x03, 0xF0, 0x07, 0xE0, 0x0F, 0xC0, 0x1F, 0x80, 0x3F, 0x00, 0x7E, 0x01,
    0xFC, 0x03, 0xB8, 0x1F, 0x7F, 0xFC, 0xFF, 0xF1, 0xFF, 0xC0, 0xFF, 0xFF, 0xFF, 0xFF, 0xF0, 0x0E,
    0x01, 0xC0, 0x38, 0x07, 0xFE, 0xFF, 0xDF, 0xFB, 0x80, 0x70, 0x0E, 0x01, 0xC0, 0x38, 0x07, 0xFF,
    0xFF, 0xFF, 0xFC, 0xFF, 0xFF, 0xFF, 0xFF, 0xFE, 0x00, 0xE0, 0x0E, 0x00, 0xE0, 0x0F, 0xFC, 0xFF,
    0xCF, 0xFC, 0xE0, 0x0E, 0x00, 0xE0, 0x0E, 0x00, 0xE0, 0x0E, 0x00, 0xE0, 0x0E, 0x00, 0x07, 0xF8,
    0x0F, 0xFF, 0x0F, 0xFF, 0xCF, 0x81, 0xC7, 0x80, 0x47, 0x80, 0x03, 0x80, 0x01, 0xC0, 0x00, 0xE0,
    0x7F, 0xF0, 0x3F, 0xF8, 0x1F, 0xFE, 0x00, 0x7F, 0x00, 0x7B, 0xC0, 0x39, 0xF0, 0x3C, 0x7F, 0xFC,
    0x1F, 0xFC, 0x03, 0xFC, 0x00, 0xE0, 0x1F, 0x80, 0x7E, 0x01, 0xF8, 0x07, 0xE0, 0x1F, 0x80, 0x7E,
    0x01, 0xFF, 0xFF, 0xFF, 0xFF, 0xFF, 0xFE, 0x01, 0xF8, 0x07, 0xE0, 0x1F, 0x80, 0x7E, 0x01, 0xF8,
    0x07, 0xE0, 0x1F, 0x80, 0x70, 0xFF, 0xFF, 0xFF, 0x1C, 0x1C, 0x1C, 0x1C, 0x1C, 0x1C, 0x1C, 0x1C,
    0x1C, 0x1C, 0x1C, 0x1C, 0xFF, 0xFF, 0xFF, 0x07, 0xFC, 0x1F, 0xF0, 0x7F, 0xC0, 0x38, 0x00, 0xE0,
    0x03, 0x80, 0x0E, 0x00, 0x38, 0x00, 0xE0, 0x03, 0x80, 0x0E, 0x00, 0x38, 0x00, 0xE1, 0x03, 0x8E,
    0x1E, 0x3F, 0xF8, 0x7F, 0xC0, 0xFC, 0x00, 0xE0, 0x3F, 0xC0, 0xFB, 0x83, 0xE7, 0x0F, 0x8E, 0x3E,
    0x1C, 0xF8, 0x3B, 0xE0, 0x7F, 0x80, 0xFF, 0x01, 0xFF, 0x03, 0xEF, 0x07, 0x9F, 0x0E, 0x1E, 0x1C,
    0x1E, 0x38, 0x1E, 0x70, 0x3C, 0xE0, 0x3D, 0xC0, 0x3C, 0xE0, 0x1C, 0x03, 0x80, 0x70, 0x0E, 0x01,
    0xC0, 0x38, 0x07, 0x00, 0xE0, 0x1C, 0x03, 0x80, 0x70, 0x0E, 0x01, 0xC0, 0x38, 0x07, 0xFF, 0xFF,
    0xFF, 0xFC, 0xE0, 0x07, 0xF8, 0x03, 0xFE, 0x03, 0xFF, 0x01, 0xFF, 0xC1, 0xFF, 0xE1, 0xFF, 0xF8,
    0xEF, 0xDE, 0xF7, 0xEF, 0x73, 0xF3, 0xF9, 0xF8, 0xF8, 0xFC, 0x78, 0x7E, 0x1C, 0x3F, 0x00, 0x1F,
    0x80, 0x0F, 0xC0, 0x07, 0xE0, 0x03, 0xF0, 0x01, 0xC0, 0xE0, 0x0F, 0xE0, 0x1F, 0xE0, 0x3F, 0xC0,
    0x7F, 0xC0, 0xFF, 0xC1, 0xFF, 0xC3, 0xF7, 0x87, 0xE7, 0x8F, 0xC7, 0x9F, 0x8F, 0xBF, 0x0F, 0x7E,
    0x0F, 0xFC, 0x0F, 0xF8, 0x1F, 0xF0, 0x1F, 0xE0, 0x1F, 0xC0, 0x1C, 0x07, 0xF0, 0x0F, 0xFE, 0x0F,
    0xFF, 0x8F, 0x83, 0xE7, 0x80, 0xF7, 0x80, 0x3F, 0x80, 0x0F, 0xC0, 0x07, 0xE0, 0x03, 0xF0, 0x01,
    0xF8, 0x00, 0xFC, 0x00, 0x7F, 0x00, 0x7B, 0xC0, 0x79, 0xF0, 0x7C, 0x7F, 0xFC, 0x1F, 0xFC, 0x03,
    0xF8, 0x00, 0xFF, 0xCF, 0xFE, 0xFF, 0xFE, 0x0F, 0xE0, 0x7E, 0x07, 0xE0, 0x7E, 0x0F, 0xFF, 0xFF,
    0xFE, 0xFF, 0xCE, 0x00, 0xE0, 0x0E, 0x00, 0xE0, 0x0E, 0x00, 0xE0, 0x0E, 0x00, 0x07, 0xF0, 0x0F,
    0xFE, 0x0F, 0xFF, 0x8F, 0x83, 0xE7, 0x80, 0xF7, 0x80, 0x3F, 0x80, 0x0F, 0xC0, 0x07, 0xE0, 0x03,
    0xF0, 0x01, 0xF8, 0x10, 0xFC, 0x3C, 0x7F, 0x1F, 0x7B, 0xC7, 0xF9, 0xF1, 0xFC, 0x7F, 0xFC, 0x1F,
    0xFE, 0x03, 0xFF, 0x00, 0x03, 0xC0, 0x00, 0xE0, 0x00, 0x20, 0xFF, 0xC3, 0xFF, 0xCF, 0xFF, 0x38,
    0x1E, 0xE0, 0x3B, 0x80, 0xEE, 0x03, 0xB8, 0x1E, 0xFF, 0xFB, 0xFF, 0xCF, 0xFC, 0x38, 0x78, 0xE1,
    0xE3, 0x83, 0xCE, 0x0F, 0x38, 0x1E, 0xE0, 0x7B, 0x80, 0xF0, 0x1F, 0xE1, 0xFF, 0x9F, 0xFE, 0xF0,
    0xF7, 0x03, 0x38, 0x01, 0xE0, 0x0F, 0xE0, 0x3F, 0xE0, 0xFF, 0x80, 0xFE, 0x00, 0xF4, 0x03, 0xB0,
    0x1F, 0xC1, 0xFF, 0xFF, 0x7F, 0xF0, 0xFE, 0x00, 0xFF, 0xFF, 0xFF, 0xFF, 0xFE, 0x0E, 0x00, 0x70,
    0x03, 0x80, 0x1C, 0x00, 0xE0, 0x07, 0x00, 0x38, 0x01, 0xC0, 0x0E, 0x00, 0x70, 0x03, 0x80, 0x1C,
    0x00, 0xE0, 0x07, 0x00, 0x38, 0x00, 0xE0, 0x1F, 0x80, 0x7E, 0x01, 0xF8, 0x07, 0xE0, 0x1F, 0x80,
    0x7E, 0x01, 0xF8, 0x07, 0xE0, 0x1F, 0x80, 0x7E, 0x01, 0xF8, 0x07, 0xE0, 0x1F, 0xC0, 0xFF, 0x87,
    0xDF, 0xFE, 0x3F, 0xF0, 0x7F, 0x80, 0xF0, 0x03, 0x9E, 0x01, 0xE7, 0x80, 0x78, 0xE0, 0x1C, 0x3C,
    0x0F, 0x0F, 0x03, 0xC1, 0xE1, 0xE0, 0x78, 0x78, 0x0E, 0x1C, 0x03, 0xCF, 0x00, 0xF3, 0xC0, 0x1C,
    0xE0, 0x07, 0xF8, 0x01, 0xFC, 0x00, 0x3F, 0x00, 0x0F, 0xC0, 0x01, 0xE0, 0x00, 0x78, 0x00, 0xF0,
    0x00, 0x07, 0xB8, 0x00, 0x03, 0x9E, 0x00, 0x03, 0xCF, 0x03, 0x81, 0xE3, 0x83, 0xE0, 0xE1, 0xC1,
    0xF0, 0xF0, 0xF0, 0xF8, 0x78, 0x38, 0xFE, 0x38, 0x1C, 0x77, 0x3C, 0x0F, 0x7B, 0x9E, 0x07, 0xB9,
    0xEE, 0x01, 0xDC, 0x77, 0x00, 0xFE, 0x3F, 0x80, 0x7E, 0x0F, 0x80, 0x1F, 0x07, 0xC0, 0x0F, 0x03,
    0xE0, 0x07, 0x80, 0xF0, 0x01, 0xC0, 0x70, 0x00, 0x78, 0x0F, 0x3E, 0x07, 0x8F, 0x07, 0x83, 0xC7,
    0x81, 0xF3, 0xC0, 0x7B, 0xC0, 0x1F, 0xC0, 0x07, 0xE0, 0x03, 0xE0, 0x01, 0xF0, 0x01, 0xFC, 0x00,
    0xFE, 0x00, 0xF7, 0x80, 0xF1, 0xE0, 0x78, 0xF8, 0x78, 0x3C, 0x78, 0x0F, 0x7C, 0x07, 0xC0, 0xF0,
    0x0F, 0x78, 0x0E, 0x78, 0x1E, 0x3C, 0x3C, 0x1E, 0x3C, 0x1E, 0x78, 0x0F, 0x70, 0x07, 0xF0, 0x03,
    0xE0, 0x03, 0xC0, 0x01, 0xC0, 0x01, 0xC0, 0x01, 0xC0, 0x01, 0xC0, 0x01, 0xC0, 0x01, 0xC0, 0x01,
    0xC0, 0x01, 0xC0, 0xFF, 0xFB, 0xFF, 0xEF, 0xFF, 0x80, 0x3C, 0x01, 0xF0, 0x07, 0x80, 0x3C, 0x01,
    0xE0, 0x07, 0x80, 0x3C, 0x01, 0xE0, 0x07, 0x80, 0x3C, 0x01, 0xE0, 0x07, 0x00, 0x3F, 0xFF, 0xFF,
    0xFF, 0xFF, 0xF0, 0xFF, 0xFF, 0xFF, 0x0E, 0x1C, 0x38, 0x70, 0xE1, 0xC3, 0x87, 0x0E, 0x1C, 0x38,
    0x70, 0xE1, 0xC3, 0x87, 0x0F, 0xFF, 0xFF, 0x80, 0xE0, 0x03, 0x80, 0x1C, 0x00, 0xF0, 0x03, 0x80,
    0x1E, 0x00, 0x70, 0x03, 0xC0, 0x0E, 0x00, 0x78, 0x01, 0xC0, 0x0F, 0x00, 0x38, 0x01, 0xC0, 0x07,
    0x00, 0x38, 0x00, 0xE0, 0x07, 0x00, 0x1C, 0x00, 0xE0, 0x03, 0x80, 0xFF, 0xFF, 0xF8, 0x70, 0xE1,
    0xC3, 0x87, 0x0E, 0x1C, 0x38, 0x70, 0xE1, 0xC3, 0x87, 0x0E, 0x1C, 0x38, 0x7F, 0xFF, 0xFF, 0x80,
    0x03, 0x80, 0x1E, 0x00, 0xFC, 0x03, 0xF8, 0x1F, 0xE0, 0x73, 0xC3, 0xC7, 0x0E, 0x1E, 0x78, 0x39,
    0xC0, 0xF0, 0xFF, 0xFF, 0xFF, 0xFF, 0xFF, 0xF8, 0x21, 0xC7, 0x9F, 0x1C, 0x00, 0x1F, 0xB9, 0xFF,
    0xDF, 0xFF, 0xE0, 0xFF, 0x07, 0xF0, 0x1F, 0x80, 0xFC, 0x07, 0xE0, 0x3F, 0x83, 0xFC, 0x1E, 0xFF,
    0xF3, 0xFF, 0x8F, 0xDC, 0xE0, 0x07, 0x00, 0x38, 0x01, 0xC0, 0x0E, 0x00, 0x77, 0xE3, 0xFF, 0x9F,
    0xFE, 0xF0, 0x7F, 0x83, 0xF8, 0x0F, 0xC0, 0x7E, 0x03, 0xF0, 0x1F, 0xC1, 0xFE, 0x1F, 0xFF, 0xF7,
    0xFF, 0x3B, 0xF0, 0x1F, 0xC3, 0xFE, 0x7F, 0xFF, 0x87, 0xF0, 0x2E, 0x00, 0xE0, 0x0E, 0x00, 0xE0,
    0x0F, 0x02, 0xF8, 0x77, 0xFF, 0x3F, 0xE1, 0xFC, 0x00, 0x38, 0x01, 0xC0, 0x0E, 0x00, 0x70, 0x03,
    0x80, 0x1C, 0x7F, 0xE7, 0xFF, 0x7F, 0xFF, 0x83, 0xFC, 0x1F, 0xC0, 0x7E, 0x03, 0xF0, 0x1F, 0x80,
    0xFE, 0x0F, 0xF0, 0x7B, 0xFF, 0xCF, 0xFE, 0x3F, 0x70, 0x1F, 0xC1, 0xFF, 0x1F, 0xFD, 0xE0, 0xEE,
    0x03, 0xFF, 0xFF, 0xFF, 0xFF, 0xFF, 0xE0, 0x07, 0x80, 0x3E, 0x0C, 0xFF, 0xE3, 0xFF, 0x0F, 0xE0,
    0x0E, 0x0F, 0xCF, 0xC7, 0x23, 0x81, 0xC3, 0xFD, 0xFE, 0xFF, 0x1C, 0x0E, 0x07, 0x03, 0x81, 0xC0,
    0xE0, 0x70, 0x38, 0x1C, 0x0E, 0x07, 0x00, 0x1F, 0xDC, 0xFF, 0xF7, 0xFF, 0xFE, 0x1F, 0xF0, 0x3F,
    0x80, 0xFE, 0x01, 0xF8, 0x07, 0xE0, 0x3F, 0xC0, 0xFF, 0x87, 0xDF, 0xFF, 0x3F, 0xFC, 0x7F, 0x70,
    0x01, 0xC0, 0x0F, 0x30, 0x78, 0xFF, 0xE7, 0xFF, 0x07, 0xF8, 0xE0, 0x0E, 0x00, 0xE0, 0x0E, 0x00,
    0xE0, 0x0E, 0xFC, 0xFF, 0xEF, 0xFE, 0xF0, 0xFE, 0x0F, 0xE0, 0x7E, 0x07, 0xE0, 0x7E, 0x07, 0xE0,
    0x7E, 0x07, 0xE0, 0x7E, 0x07, 0xE0, 0x70, 0xFF, 0x80, 0x3F, 0xFF, 0xFF, 0xFF, 0xFF, 0xF0, 0x1C,
    0x71, 0xC0, 0x00, 0x01, 0xC7, 0x1C, 0x71, 0xC7, 0x1C, 0x71, 0xC7, 0x1C, 0x71, 0xC7, 0x1C, 0x77,
    0xFE, 0x70, 0xE0, 0x07, 0x00, 0x38, 0x01, 0xC0, 0x0E, 0x00, 0x70, 0x7B, 0x87, 0x9C, 0x78, 0xE7,
    0x87, 0x78, 0x3F, 0x81, 0xFC, 0x0F, 0xE0, 0x7F, 0x83, 0x9E, 0x1C, 0x78, 0xE3, 0xE7, 0x0F, 0x38,
    0x3C, 0xFF, 0xFF, 0xFF, 0xFF, 0xFF, 0xFF, 0xFF, 0x80, 0xEF, 0x8F, 0xCF, 0xFD, 0xFE, 0xFF, 0xFF,
    0xEF, 0x1F, 0x0F, 0xE0, 0xF0, 0xFE, 0x0E, 0x0F, 0xE0, 0xE0, 0xFE, 0x0E, 0x0F, 0xE0, 0xE0, 0xFE,
    0x0E, 0x0F, 0xE0, 0xE0, 0xFE, 0x0E, 0x0F, 0xE0, 0xE0, 0xFE, 0x0E, 0x0F, 0xEF, 0xCF, 0xFE, 0xFF,
    0xEF, 0x0F, 0xE0, 0xFE, 0x07, 0xE0, 0x7E, 0x07, 0xE0, 0x7E, 0x07, 0xE0, 0x7E, 0x07, 0xE0, 0x7E,
    0x07, 0x1F, 0xC0, 0xFF, 0xC7, 0xFF, 0xBE, 0x1E, 0xF0, 0x3F, 0x80, 0xFE, 0x01, 0xF8, 0x07, 0xE0,
    0x3F, 0xC0, 0xFF, 0x87, 0x9F, 0xFE, 0x3F, 0xF0, 0x7F, 0x00, 0xEF, 0xC7, 0xFF, 0x3F, 0xFD, 0xE0,
    0xFF, 0x07, 0xF0, 0x1F, 0x80, 0xFC, 0x07, 0xE0, 0x3F, 0x83, 0xFC, 0x1F, 0xFF, 0xEF, 0xFE, 0x77,
    0xE3, 0x80, 0x1C, 0x00, 0xE0, 0x07, 0x00, 0x38, 0x00, 0x1F, 0xB9, 0xFF, 0xDF, 0xFF, 0xE0, 0xFF,
    0x07, 0xF0, 0x1F, 0x80, 0xFC, 0x07, 0xE0, 0x3F, 0x83, 0xFC, 0x1E, 0xFF, 0xF3, 0xFF, 0x8F, 0xDC,
    0x00, 0xE0, 0x07, 0x00, 0x38, 0x01, 0xC0, 0x0E, 0xEF, 0x7F, 0xBF, 0xDE, 0x0E, 0x07, 0x03, 0x81,
    0xC0, 0xE0, 0x70, 0x38, 0x1C, 0x0E, 0x07, 0x00, 0x1F, 0x8F, 0xF9, 0xFF, 0xB8, 0x67, 0x00, 0xF8,
    0x0F, 0xE0, 0xFE, 0x03, 0xE0, 0x1D, 0xC7, 0xBF, 0xF7, 0xFC, 0x7F, 0x00, 0x1C, 0x0E, 0x07, 0x1F,
    0xFF, 0xFF, 0xFC, 0x70, 0x38, 0x1C, 0x0E, 0x07, 0x03, 0x81, 0xC0, 0xE0, 0x70, 0x38, 0x1C, 0x00,
    0xE0, 0x7E, 0x07, 0xE0, 0x7E, 0x07, 0xE0, 0x7E, 0x07, 0xE0, 0x7E, 0x07, 0xE0, 0x7E, 0x0F, 0xF0,
    0xFF, 0xFF, 0x7F, 0xF3, 0xE7, 0xF0, 0x1D, 0xC0, 0xF7, 0x83, 0x8E, 0x1E, 0x38, 0x70, 0xF1, 0xC1,
    0xCE, 0x07, 0xB8, 0x0F, 0xE0, 0x3F, 0x00, 0xFC, 0x01, 0xE0, 0x07, 0x80, 0x0E, 0x00, 0xF0, 0x00,
    0xF7, 0x00, 0x0E, 0x70, 0x60, 0xE7, 0x8F, 0x1E, 0x38, 0xF1, 0xC3, 0x9F, 0x9C, 0x3D, 0xFB, 0xC1,
    0xDF, 0xB8, 0x1F, 0x9F, 0x81, 0xF9, 0xF8, 0x0F, 0x9F, 0x80, 0xF0, 0xF0, 0x0F, 0x0F, 0x00, 0xE0,
    0x70, 0xF0, 0x79, 0xE1, 0xE3, 0xCF, 0x0F, 0xB8, 0x1F, 0xE0, 0x3F, 0x00, 0x78, 0x01, 0xE0, 0x0F,
    0xC0, 0x7F, 0x83, 0xCF, 0x0F, 0x3C, 0x78, 0x7B, 0xC0, 0xF0, 0xF0, 0x1E, 0xE0, 0x3D, 0xE0, 0xF1,
    0xC1, 0xE3, 0xC3, 0x87, 0x8F, 0x07, 0x9E, 0x0F, 0x38, 0x0E, 0xF0, 0x1F, 0xC0, 0x1F, 0x80, 0x3F,
    0x00, 0x7C, 0x00, 0x78, 0x00, 0xE0, 0x01, 0xC0, 0x07, 0x80, 0x0E, 0x00, 0x3C, 0x00, 0x70, 0x00,
    0xFF, 0xFF, 0xFF, 0xFC, 0x0F, 0x07, 0x83, 0xC1, 0xE0, 0x78, 0x3C, 0x1E, 0x0F, 0x03, 0xFF, 0xFF,
    0xFF, 0xF0, 0x00, 0x00, 0xE0, 0x7C, 0x3C, 0x0E, 0x03, 0x80, 0xE0, 0x38, 0x0E, 0x07, 0x81, 0xE3,
    0xF0, 0xF8, 0x3F, 0x03, 0xC0, 0x78, 0x0E, 0x03, 0x80, 0xE0, 0x38, 0x0E, 0x03, 0xC0, 0xF8, 0x1F,
    0x01, 0x80, 0xFF, 0xFF, 0xFF, 0xFF, 0xFF, 0xFF, 0xFF, 0xFF, 0xFF, 0x00, 0x78, 0x3E, 0x0F, 0x83,
    0xC0, 0xE0, 0x70, 0x38, 0x1C, 0x0E, 0x07, 0x83, 0xF0, 0xF8, 0x7C, 0x78, 0x38, 0x1C, 0x0E, 0x07,
    0x03, 0x83, 0xC1, 0xE3, 0xE1, 0xE0, 0xE0, 0x00, 0x7C, 0x7F, 0xFF, 0xFF, 0xE3, 0xE0, 0xFF, 0xF0,
    0x07, 0xFF, 0xFF, 0xFF, 0xFF, 0x80, 0x07, 0x00, 0x78, 0x1F, 0xE3, 0xFF, 0x7F, 0xFF, 0x77, 0xE7,
    0x0E, 0x70, 0xE7, 0x0E, 0x70, 0xE7, 0x0F, 0x72, 0xFF, 0x77, 0xFF, 0x3F, 0xE1, 0xFC, 0x07, 0x00,
    0x70, 0x07, 0xF0, 0x3F, 0xF0, 0x7F, 0xE1, 0xE0, 0x83, 0xC0, 0x07, 0x00, 0x1F, 0xF8, 0x3F, 0xF0,
    0x7F, 0xE0, 0x3C, 0x00, 0x38, 0x00, 0x70, 0x00, 0xE0, 0x01, 0xC0, 0x07, 0x80, 0x7F, 0xFE, 0x7F,
    0xFE, 0xE7, 0xF8, 0x20, 0x23, 0xBB, 0x9F, 0xFC, 0xFF, 0xC3, 0xDE, 0x1C, 0x70, 0xE3, 0x87, 0x1C,
    0x3F, 0xE3, 0xFF, 0x9F, 0xFC, 0x60, 0xC0, 0xF0, 0x0F, 0x3C, 0x07, 0x9E, 0x07, 0x87, 0x87, 0x81,
    0xE3, 0xC0, 0xFB, 0xC0, 0x3F, 0xC0, 0x0F, 0xE0, 0x03, 0xE0, 0x07, 0xFE, 0x07, 0xFF, 0x03, 0xFF,
    0x80, 0x1C, 0x00, 0xFF, 0xE0, 0x7F, 0xF0, 0x3F, 0xF8, 0x01, 0xC0, 0x00, 0xE0, 0x00, 0xFF, 0xFF,
    0xFF, 0xFC, 0x00, 0x3F, 0xFF, 0xFF, 0xFF, 0x1F, 0xC3, 0xFE, 0x7F, 0xE7, 0x0C, 0x70, 0x07, 0x00,
    0x7E, 0x07, 0xFC, 0xFF, 0xEF, 0x7F, 0xE0, 0xFE, 0x07, 0xFC, 0xFF, 0xFE, 0x3F, 0xC0, 0xFE, 0x01,
    0xE4, 0x0E, 0xE0, 0xEF, 0xFE, 0x7F, 0xC3, 0xF8, 0xE7, 0xE7, 0xE7, 0x07, 0xF8, 0x07, 0xFF, 0x03,
    0xFF, 0xE0, 0xF0, 0x3C, 0x73, 0xF7, 0xBD, 0xFE, 0xEE, 0x7F, 0x9F, 0xBC, 0x47, 0xCE, 0x00, 0xF3,
    0x80, 0x3C, 0xE0, 0x0F, 0xB8, 0x07, 0xEF, 0xB9, 0xFD, 0xFE, 0xE7, 0x3F, 0xF8, 0xF3, 0xBC, 0x3F,
    0xFE, 0x07, 0xFF, 0x00, 0x7F, 0x80, 0x7F, 0xFF, 0xE7, 0xC3, 0xC3, 0xE7, 0xFF, 0x7F, 0x00, 0x01,
    0xC6, 0x3C, 0xE3, 0x9C, 0x73, 0xCF, 0x38, 0xF7, 0x87, 0x3C, 0x79, 0xC3, 0xCE, 0x1C, 0xE0, 0x84,
    0xFF, 0xFF, 0xFF, 0xFF, 0xFF, 0xF8, 0x00, 0x70, 0x00, 0xE0, 0x01, 0xC0, 0x03, 0x80, 0x07, 0xFF,
    0xFF, 0xF8, 0x1F, 0x83, 0xFC, 0x79, 0xEF, 0xF7, 0xFF, 0x7D, 0xB3, 0xDF, 0x3D, 0xF7, 0xFB, 0x77,
    0x9E, 0x7F, 0xC1, 0xF8, 0xFF, 0xFF, 0xF8, 0x7E, 0xFE, 0xE7, 0xC3, 0xC3, 0xE7, 0xFE, 0x7E, 0x07,
    0x00, 0x70, 0x07, 0x00, 0x70, 0xFF, 0xFF, 0xFF, 0xFF, 0xF0, 0x70, 0x07, 0x00, 0x70, 0x06, 0x0F,
    0xFF, 0xFF, 0xFF, 0xFF, 0x3E, 0x7E, 0x66, 0x0E, 0x1C, 0x38, 0x7E, 0x7E, 0x7E, 0x7E, 0x3C, 0x3E,
    0x2E, 0x0E, 0x7E, 0x7C, 0x08, 0x63, 0xDE, 0x60, 0x00, 0xE0, 0xFC, 0x1F, 0x83, 0xF0, 0x7E, 0x0F,
    0xC1, 0xF8, 0x3F, 0x07, 0xE0, 0xFC, 0x1F, 0xC7, 0xFF, 0xFF, 0xFF, 0xFD, 0xF8, 0x07, 0x00, 0xE0,
    0x1C, 0x00, 0x3F, 0xFD, 0xFF, 0xFF, 0xFF, 0xFF, 0xC7, 0xFF, 0x1F, 0xFC, 0x7F, 0xF1, 0xFF, 0xC7,
    0xFF, 0x1D, 0xFC, 0x73, 0xF1, 0xC1, 0xC7, 0x07, 0x1C, 0x1C, 0x70, 0x71, 0xC1, 0xC7, 0x07, 0x1C,
    0x1C, 0x70, 0xFF, 0xF0, 0x31, 0x8F, 0x9F, 0x1D, 0xFF, 0x80, 0x77, 0xBC, 0x63, 0x18, 0xC6, 0x7E,
    0xFF, 0xE7, 0xC3, 0xC3, 0xE7, 0xFF, 0x7E, 0x00, 0x1C, 0xE3, 0x9E, 0x39, 0xC7, 0x9C, 0x7B, 0xCF,
    0x39, 0xCE, 0x73, 0xDE, 0x73, 0x9C, 0x21, 0x80, 0x70, 0x0E, 0x78, 0x07, 0x3C, 0x07, 0x06, 0x07,
    0x03, 0x03, 0x81, 0x83, 0x80, 0xC3, 0xC0, 0x61, 0xC0, 0x31, 0xC3, 0x00, 0xE3, 0x80, 0xE3, 0xC0,
    0xE1, 0xE0, 0x71, 0xF0, 0x71, 0xD8, 0x78, 0xFE, 0x38, 0x7F, 0x38, 0x03, 0x3C, 0x01, 0x80, 0x70,
    0x0E, 0x3C, 0x03, 0x8F, 0x01, 0xC0, 0xC0, 0xF0, 0x30, 0x38, 0x0C, 0x1C, 0x03, 0x0F, 0x00, 0xC3,
    0x80, 0x31, 0xC0, 0x00, 0xF3, 0xE0, 0x39, 0xFC, 0x1C, 0x67, 0x07, 0x03, 0xC3, 0x81, 0xE1, 0xE0,
    0xF0, 0x70, 0x38, 0x38, 0x1F, 0xDE, 0x07, 0xF0, 0x7E, 0x01, 0xCF, 0xC0, 0x70, 0x70, 0x1E, 0x1E,
    0x03, 0x83, 0xE0, 0xE0, 0x5C, 0x3C, 0x03, 0x87, 0x03, 0xF1, 0xC0, 0x7C, 0x78, 0xC0, 0x0E, 0x38,
    0x03, 0x8F, 0x00, 0xF3, 0xE0, 0x1C, 0x7C, 0x07, 0x1D, 0x81, 0xE3, 0xF8, 0x38, 0x7F, 0x0E, 0x00,
    0xC3, 0xC0, 0x18, 0x07, 0x00, 0x70, 0x07, 0x00, 0x70, 0x00, 0x00, 0x00, 0x07, 0x00, 0x70, 0x0F,
    0x03, 0xF0, 0x7C, 0x0F, 0x00, 0xE0, 0x0E, 0x00, 0xE0, 0x6F, 0x0F, 0xFF, 0xE7, 0xFC, 0x3F, 0x80,
    0x03, 0x00, 0x01, 0xC0, 0x01, 0xF8, 0x00, 0x3E, 0x00, 0x06, 0x00, 0x00, 0x00, 0x07, 0x80, 0x07,
    0xC0, 0x03, 0xE0, 0x01, 0xF8, 0x01, 0xFC, 0x00, 0xEF, 0x00, 0x77, 0x80, 0x79, 0xC0, 0x38, 0xF0,
    0x3C, 0x78, 0x1E, 0x1C, 0x0F, 0xFF, 0x0F, 0xFF, 0x87, 0xFF, 0xE3, 0x80, 0xF3, 0xC0, 0x39, 0xC0,
    0x1F, 0xE0, 0x0F, 0x00, 0x20, 0x00, 0x78, 0x00, 0x7C, 0x00, 0x7C, 0x00, 0x10, 0x00, 0x00, 0x00,
    0x07, 0x80, 0x07, 0xC0, 0x03, 0xE0, 0x01, 0xF8, 0x01, 0xFC, 0x00, 0xEF, 0x00, 0x77, 0x80, 0x79,
    0xC0, 0x38, 0xF0, 0x3C, 0x78, 0x1E, 0x1C, 0x0F, 0xFF, 0x0F, 0xFF, 0x87, 0xFF, 0xE3, 0x80, 0xF3,
    0xC0, 0x39, 0xC0, 0x1F, 0xE0, 0x0F, 0x01, 0xC0, 0x01, 0xF0, 0x01, 0xFC, 0x00, 0xEF, 0x00, 0x01,
    0x00, 0x00, 0x00, 0x07, 0x80, 0x07, 0xC0, 0x03, 0xE0, 0x01, 0xF8, 0x01, 0xFC, 0x00, 0xEF, 0x00,
    0x77, 0x80, 0x79, 0xC0, 0x38, 0xF0, 0x3C, 0x78, 0x1E, 0x1C, 0x0F, 0xFF, 0x0F, 0xFF, 0x87, 0xFF,
    0xE3, 0x80, 0xF3, 0xC0, 0x39, 0xC0, 0x1F, 0xE0, 0x0F, 0x03, 0x38, 0x07, 0xFC, 0x03, 0xFC, 0x01,
    0xBE, 0x00, 0x00, 0x00, 0x00, 0x00, 0x0F, 0x00, 0x07, 0xC0, 0x03, 0xE0, 0x03, 0xF0, 0x01, 0xFC,
    0x00, 0xEE, 0x00, 0xF7, 0x00, 0x73, 0xC0, 0x78, 0xE0, 0x38, 0x78, 0x1C, 0x3C, 0x1F, 0xFE, 0x0F,
    0xFF, 0x87, 0xFF, 0xC7, 0x80, 0xE3, 0x80, 0x7B, 0xC0, 0x3D, 0xE0, 0x0E, 0x0E, 0x70, 0x0E, 0x70,
    0x0E, 0x70, 0x00, 0x00, 0x00, 0x00, 0x03, 0xC0, 0x03, 0xC0, 0x07, 0xE0, 0x07, 0xE0, 0x07, 0xE0,
    0x0F, 0xF0, 0x0E, 0x70, 0x0E, 0x78, 0x1E, 0x78, 0x1C, 0x38, 0x3C, 0x3C, 0x3F, 0xFC, 0x3F, 0xFC,
    0x7F, 0xFE, 0x78, 0x1E, 0x70, 0x0E, 0xF0, 0x0F, 0xE0, 0x0F, 0x01, 0xE0, 0x00, 0xFC, 0x00, 0x37,
    0x00, 0x0F, 0xC0, 0x03, 0xF0, 0x00, 0x78, 0x00, 0x1E, 0x00, 0x0F, 0xC0, 0x03, 0xF0, 0x00, 0xFC,
    0x00, 0x7F, 0x80, 0x1C, 0xE0, 0x0F, 0x3C, 0x03, 0x8F, 0x00, 0xE1, 0xC0, 0x78, 0x78, 0x1F, 0xFE,
    0x0F, 0xFF, 0x83, 0xFF, 0xF0, 0xE0, 0x1C, 0x78, 0x07, 0x9C, 0x01, 0xEF, 0x00, 0x38, 0x00, 0x0F,
    0xFE, 0x00, 0x3F, 0xFC, 0x00, 0x7F, 0xF8, 0x01, 0xF0, 0x00, 0x07, 0xE0, 0x00, 0x0F, 0xC0, 0x00,
    0x3B, 0x80, 0x00, 0xF7, 0xFE, 0x01, 0xCF, 0xFC, 0x07, 0x1F, 0xF8, 0x1E, 0x38, 0x00, 0x7F, 0xF0,
    0x00, 0xFF, 0xE0, 0x03, 0xFF, 0xC0, 0x0F, 0x03, 0x80, 0x1C, 0x07, 0xFF, 0x78, 0x0F, 0xFF, 0xE0,
    0x1F, 0xFC, 0x07, 0xF8, 0x1F, 0xFC, 0x3F, 0xFE, 0x7C, 0x1E, 0x78, 0x04, 0xF0, 0x00, 0xE0, 0x00,
    0xE0, 0x00, 0xE0, 0x00, 0xE0, 0x00, 0xE0, 0x00, 0xE0, 0x00, 0xF0, 0x00, 0x78, 0x04, 0x7C, 0x0E,
    0x3F, 0xFE, 0x1F, 0xFE, 0x07, 0xF8, 0x03, 0x80, 0x03, 0xC0, 0x03, 0xE0, 0x00, 0xE0, 0x01, 0xE0,
    0x07, 0xC0, 0x02, 0x00, 0x18, 0x03, 0x80, 0xFC, 0x07, 0x80, 0x30, 0x00, 0x3F, 0xFF, 0xFF, 0xFF,
    0xFC, 0x03, 0x80, 0x70, 0x0E, 0x01, 0xFF, 0xBF, 0xF7, 0xFE, 0xE0, 0x1C, 0x03, 0x80, 0x70, 0x0E,
    0x01, 0xFF, 0xFF, 0xFF, 0xFF, 0x01, 0x00, 0xF0, 0x3E, 0x0F, 0x81, 0x80, 0x00, 0x3F, 0xFF, 0xFF,
    0xFF, 0xFC, 0x03, 0x80, 0x70, 0x0E, 0x01, 0xFF, 0xBF, 0xF7, 0xFE, 0xE0, 0x1C, 0x03, 0x80, 0x70,
    0x0E, 0x01, 0xFF, 0xFF, 0xFF, 0xFF, 0x0E, 0x03, 0xE0, 0xFE, 0x1D, 0xE0, 0x08, 0x00, 0x3F, 0xFF,
    0xFF, 0xFF, 0xFC, 0x03, 0x80, 0x70, 0x0E, 0x01, 0xFF, 0xBF, 0xF7, 0xFE, 0xE0, 0x1C, 0x03, 0x80,
    0x70, 0x0E, 0x01, 0xFF, 0xFF, 0xFF, 0xFF, 0x79, 0xCF, 0x39, 0xE7, 0x00, 0x00, 0x01, 0xFF, 0xFF,
    0xFF, 0xFF, 0xE0, 0x1C, 0x03, 0x80, 0x70, 0x0F, 0xFD, 0xFF, 0xBF, 0xF7, 0x00, 0xE0, 0x1C, 0x03,
    0x80, 0x70, 0x0F, 0xFF, 0xFF, 0xFF, 0xF8, 0x20, 0x78, 0x7C, 0x3E, 0x04, 0x00, 0xFF, 0xFF, 0xFF,
    0x1C, 0x1C, 0x1C, 0x1C, 0x1C, 0x1C, 0x1C, 0x1C, 0x1C, 0x1C, 0x1C, 0x1C, 0xFF, 0xFF, 0xFF, 0x06,
    0x0E, 0x3F, 0x3C, 0x30, 0x00, 0xFF, 0xFF, 0xFF, 0x1C, 0x1C, 0x1C, 0x1C, 0x1C, 0x1C, 0x1C, 0x1C,
    0x1C, 0x1C, 0x1C, 0x1C, 0xFF, 0xFF, 0xFF, 0x1C, 0x3E, 0x7F, 0xE7, 0x00, 0x00, 0xFF, 0xFF, 0xFF,
    0x1C, 0x1C, 0x1C, 0x1C, 0x1C, 0x1C, 0x1C, 0x1C, 0x1C, 0x1C, 0x1C, 0x1C, 0xFF, 0xFF, 0xFF, 0xE7,
    0xE7, 0xE7, 0x00, 0x00, 0xFF, 0xFF, 0xFF, 0x1C, 0x1C, 0x1C, 0x1C, 0x1C, 0x1C, 0x1C, 0x1C, 0x1C,
    0x1C, 0x1C, 0x1C, 0xFF, 0xFF, 0xFF, 0x3F, 0xF8, 0x1F, 0xFE, 0x0F, 0xFF, 0x87, 0x03, 0xE3, 0x80,
    0x71, 0xC0, 0x3C, 0xE0, 0x0E, 0xFE, 0x07, 0xFF, 0x03, 0xFF, 0x81, 0xCE, 0x00, 0xE7, 0x00, 0x73,
    0x80, 0x79, 0xC0, 0x38, 0xE0, 0x7C, 0x7F, 0xFC, 0x3F, 0xFC, 0x1F, 0xFC, 0x00, 0x06, 0x30, 0x3F,
    0xE0, 0x7F, 0xC0, 0xFF, 0x00, 0x00, 0x00, 0x00, 0x38, 0x03, 0xF8, 0x07, 0xF8, 0x0F, 0xF0, 0x1F,
    0xF0, 0x3F, 0xF0, 0x7F, 0xF0, 0xFD, 0xE1, 0xF9, 0xE3, 0xF1, 0xE7, 0xE3, 0xEF, 0xC3, 0xDF, 0x83,
    0xFF, 0x03, 0xFE, 0x07, 0xFC, 0x07, 0xF8, 0x07, 0xF0, 0x07, 0x02, 0x00, 0x01, 0xC0, 0x01, 0xF0,
    0x00, 0x7C, 0x00, 0x06, 0x00, 0x00, 0x00, 0x1F, 0xC0, 0x3F, 0xF8, 0x3F, 0xFE, 0x3E, 0x0F, 0x9E,
    0x03, 0xDE, 0x00, 0xFE, 0x00, 0x3F, 0x00, 0x1F, 0x80, 0x0F, 0xC0, 0x07, 0xE0, 0x03, 0xF0, 0x01,
    0xFC, 0x01, 0xEF, 0x01, 0xE7, 0xC1, 0xF1, 0xFF, 0xF0, 0x7F, 0xF0, 0x0F, 0xE0, 0x00, 0x20, 0x00,
    0x78, 0x00, 0x7C, 0x00, 0x7C, 0x00, 0x38, 0x00, 0x00, 0x00, 0x1F, 0xC0, 0x3F, 0xF8, 0x3F, 0xFE,
    0x3E, 0x0F, 0x9E, 0x03, 0xDE, 0x00, 0xFE, 0x00, 0x3F, 0x00, 0x1F, 0x80, 0x0F, 0xC0, 0x07, 0xE0,
    0x03, 0xF0, 0x01, 0xFC, 0x01, 0xEF, 0x01, 0xE7, 0xC1, 0xF1, 0xFF, 0xF0, 0x7F, 0xF0, 0x0F, 0xE0,
    0x01, 0xC0, 0x01, 0xF0, 0x01, 0xFC, 0x01, 0xEF, 0x00, 0x41, 0x00, 0x00, 0x00, 0x1F, 0xC0, 0x3F,
    0xF8, 0x3F, 0xFE, 0x3E, 0x0F, 0x9E, 0x03, 0xDE, 0x00, 0xFE, 0x00, 0x3F, 0x00, 0x1F, 0x80, 0x0F,
    0xC0, 0x07, 0xE0, 0x03, 0xF0, 0x01, 0xFC, 0x01, 0xEF, 0x01, 0xE7, 0xC1, 0xF1, 0xFF, 0xF0, 0x7F,
    0xF0, 0x0F, 0xE0, 0x03, 0x18, 0x07, 0xFC, 0x03, 0xFE, 0x01, 0xFE, 0x00, 0x00, 0x00, 0x00, 0x00,
    0x1F, 0xC0, 0x3F, 0xF8, 0x3F, 0xFE, 0x3E, 0x0F, 0x9E, 0x03, 0xDE, 0x00, 0xFE, 0x00, 0x3F, 0x00,
    0x1F, 0x80, 0x0F, 0xC0, 0x07, 0xE0, 0x03, 0xF0, 0x01, 0xFC, 0x01, 0xEF, 0x01, 0xE7, 0xC1, 0xF1,
    0xFF, 0xF0, 0x7F, 0xF0, 0x0F, 0xE0, 0x0E, 0x38, 0x07, 0x1C, 0x03, 0x8E, 0x00, 0x00, 0x00, 0x00,
    0x00, 0x3F, 0x80, 0x7F, 0xF0, 0x7F, 0xFC, 0x7C, 0x1F, 0x3C, 0x07, 0xBC, 0x01, 0xFC, 0x00, 0x7E,
    0x00, 0x3F, 0x00, 0x1F, 0x80, 0x0F, 0xC0, 0x07, 0xE0, 0x03, 0xF8, 0x03, 0xDE, 0x03, 0xCF, 0x83,
    0xE3, 0xFF, 0xE0, 0xFF, 0xE0, 0x1F, 0xC0, 0x20, 0x47, 0x0E, 0x79, 0xE3, 0xFC, 0x1F, 0x80, 0xF0,
    0x1F, 0x83, 0xFC, 0x79, 0xE7, 0x8E, 0x70, 0x60, 0x00, 0x00, 0x03, 0x03, 0xF9, 0xC7, 0xFF, 0xC7,
    0xFF, 0xC7, 0xC1, 0xF3, 0xC1, 0xFB, 0xC0, 0xFF, 0xC0, 0xE7, 0xE0, 0xF3, 0xF0, 0xF1, 0xF8, 0xF0,
    0xFC, 0x70, 0x7E, 0x70, 0x3F, 0xF8, 0x3D, 0xF8, 0x3C, 0xF8, 0x3E, 0x3F, 0xFE, 0x3F, 0xFE, 0x3D,
    0xFC, 0x1C, 0x00, 0x00, 0x00, 0x00, 0x04, 0x00, 0x3C, 0x00, 0xF8, 0x01, 0xF0, 0x00, 0x80, 0x00,
    0x0E, 0x01, 0xF8, 0x07, 0xE0, 0x1F, 0x80, 0x7E, 0x01, 0xF8, 0x07, 0xE0, 0x1F, 0x80, 0x7E, 0x01,
    0xF8, 0x07, 0xE0, 0x1F, 0x80, 0x7E, 0x01, 0xFC, 0x0F, 0xF8, 0x7D, 0xFF, 0xE3, 0xFF, 0x07, 0xF8,
    0x00, 0xC0, 0x07, 0x00, 0x7C, 0x03, 0xE0, 0x04, 0x00, 0x00, 0x0E, 0x01, 0xF8, 0x07, 0xE0, 0x1F,
    0x80, 0x7E, 0x01, 0xF8, 0x07, 0xE0, 0x1F, 0x80, 0x7E, 0x01, 0xF8, 0x07, 0xE0, 0x1F, 0x80, 0x7E,
    0x01, 0xFC, 0x0F, 0xF8, 0x7D, 0xFF, 0xE3, 0xFF, 0x07, 0xF8, 0x07, 0x00, 0x3E, 0x01, 0xFE, 0x07,
    0x38, 0x00, 0x40, 0x00, 0x0E, 0x01, 0xF8, 0x07, 0xE0, 0x1F, 0x80, 0x7E, 0x01, 0xF8, 0x07, 0xE0,
    0x1F, 0x80, 0x7E, 0x01, 0xF8, 0x07, 0xE0, 0x1F, 0x80, 0x7E, 0x01, 0xFC, 0x0F, 0xF8, 0x7D, 0xFF,
    0xE3, 0xFF, 0x07, 0xF8, 0x1C, 0xE0, 0x73, 0x81, 0xCE, 0x00, 0x00, 0x00, 0x03, 0x80, 0x7E, 0x01,
    0xF8, 0x07, 0xE0, 0x1F, 0x80, 0x7E, 0x01, 0xF8, 0x07, 0xE0, 0x1F, 0x80, 0x7E, 0x01, 0xF8, 0x07,
    0xE0, 0x1F, 0x80, 0x7F, 0x03, 0xFE, 0x1F, 0x7F, 0xF8, 0xFF, 0xC1, 0xFE, 0x00, 0x00, 0x60, 0x00,
    0xE0, 0x03, 0xF0, 0x07, 0xC0, 0x03, 0x00, 0x00, 0x00, 0xF0, 0x0F, 0x78, 0x0E, 0x78, 0x1E, 0x3C,
    0x3C, 0x1E, 0x3C, 0x1E, 0x78, 0x0F, 0x70, 0x07, 0xF0, 0x03, 0xE0, 0x03, 0xC0, 0x01, 0xC0, 0x01,
    0xC0, 0x01, 0xC0, 0x01, 0xC0, 0x01, 0xC0, 0x01, 0xC0, 0x01, 0xC0, 0x01, 0xC0, 0xE0, 0x0E, 0x00,
    0xE0, 0x0F, 0xFC, 0xFF, 0xEF, 0xFF, 0xE0, 0xFE, 0x07, 0xE0, 0x7E, 0x07, 0xE0, 0xFF, 0xFF, 0xFF,
    0xEF, 0xFC, 0xE0, 0x0E, 0x00, 0xE0, 0x0E, 0x00, 0x03, 0xC0, 0x1F, 0xE0, 0x7F, 0xC1, 0xF7, 0xC3,
    0xC3, 0x87, 0x07, 0x3E, 0x1C, 0x7C, 0xF0, 0xF9, 0xF0, 0x73, 0xF0, 0xE1, 0xF1, 0xC0, 0xE3, 0x81,
    0xE7, 0x01, 0xCE, 0x03, 0x9C, 0x0F, 0x3B, 0x1E, 0x77, 0xF8, 0xEF, 0xE1, 0xCF, 0x80, 0x04, 0x00,
    0x70, 0x03, 0xC0, 0x1F, 0x00, 0x38, 0x00, 0x00, 0x00, 0x03, 0xF7, 0x3F, 0xFB, 0xFF, 0xFC, 0x1F,
    0xE0, 0xFE, 0x03, 0xF0, 0x1F, 0x80, 0xFC, 0x07, 0xF0, 0x7F, 0x83, 0xDF, 0xFE, 0x7F, 0xF1, 0xFB,
    0x80, 0x01, 0x00, 0x1C, 0x01, 0xF0, 0x1F, 0x00, 0xE0, 0x00, 0x00, 0x00, 0x03, 0xF7, 0x3F, 0xFB,
    0xFF, 0xFC, 0x1F, 0xE0, 0xFE, 0x03, 0xF0, 0x1F, 0x80, 0xFC, 0x07, 0xF0, 0x7F, 0x83, 0xDF, 0xFE,
    0x7F, 0xF1, 0xFB, 0x80, 0x07, 0x80, 0x7E, 0x07, 0xF8, 0x31, 0xC0, 0x00, 0x00, 0x00, 0x7E, 0xE7,
    0xFF, 0x7F, 0xFF, 0x83, 0xFC, 0x1F, 0xC0, 0x7E, 0x03, 0xF0, 0x1F, 0x80, 0xFE, 0x0F, 0xF0, 0x7B,
    0xFF, 0xCF, 0xFE, 0x3F, 0x70, 0x0E, 0x60, 0xFF, 0x07, 0xF8, 0x37, 0x81, 0x98, 0x00, 0x00, 0x7E,
    0xE7, 0xFF, 0x7F, 0xFF, 0x83, 0xFC, 0x1F, 0xC0, 0x7E, 0x03, 0xF0, 0x1F, 0x80, 0xFE, 0x0F, 0xF0,
    0x7B, 0xFF, 0xCF, 0xFE, 0x3F, 0x70, 0x1C, 0xE0, 0xE7, 0x07, 0x38, 0x00, 0x00, 0x00, 0x00, 0x00,
    0x7E, 0xE7, 0xFF, 0x7F, 0xFF, 0x83, 0xFC, 0x1F, 0xC0, 0x7E, 0x03, 0xF0, 0x1F, 0x80, 0xFE, 0x0F,
    0xF0, 0x7B, 0xFF, 0xCF, 0xFE, 0x3F, 0x70, 0x07, 0x80, 0x7E, 0x03, 0xF0, 0x1B, 0x80, 0xFC, 0x03,
    0xC0, 0x00, 0x00, 0x00, 0x1F, 0xB9, 0xFF, 0xDF, 0xFF, 0xE0, 0xFF, 0x07, 0xF0, 0x1F, 0x80, 0xFC,
    0x07, 0xE0, 0x3F, 0x83, 0xFC, 0x1E, 0xFF, 0xF3, 0xFF, 0x8F, 0xDC, 0x3F, 0x9F, 0xC3, 0xFF, 0xFF,
    0x3F, 0xFF, 0xFC, 0xC1, 0xF0, 0xE0, 0x0F, 0x03, 0x9F, 0xFF, 0xFD, 0xFF, 0xFF, 0xFF, 0xFF, 0xFF,
    0xE0, 0xF0, 0x07, 0x07, 0x80, 0x38, 0x7E, 0x0D, 0xFF, 0xFF, 0xF7, 0xFB, 0xFF, 0x1F, 0x87, 0xF0,
    0x1F, 0xC3, 0xFE, 0x7F, 0xFF, 0x87, 0xF0, 0x2E, 0x00, 0xE0, 0x0E, 0x00, 0xE0, 0x0F, 0x02, 0xF8,
    0x77, 0xFF, 0x3F, 0xE1, 0xFC, 0x06, 0x00, 0xF0, 0x0F, 0x80, 0x38, 0x07, 0x80, 0xF0, 0x08, 0x00,
    0x04, 0x00, 0x70, 0x03, 0xC0, 0x1F, 0x00, 0x38, 0x00, 0x00, 0x00, 0x03, 0xF8, 0x3F, 0xE3, 0xFF,
    0xBC, 0x1D, 0xC0, 0x7F, 0xFF, 0xFF, 0xFF, 0xFF, 0xFC, 0x00, 0xF0, 0x07, 0xC1, 0x9F, 0xFC, 0x7F,
    0xE1, 0xFC, 0x00, 0x01, 0x00, 0x1C, 0x01, 0xE0, 0x1F, 0x00, 0xE0, 0x00, 0x00, 0x00, 0x03, 0xF8,
    0x3F, 0xE3, 0xFF, 0xBC, 0x1D, 0xC0, 0x7F, 0xFF, 0xFF, 0xFF, 0xFF, 0xFC, 0x00, 0xF0, 0x07, 0xC1,
    0x9F, 0xFC, 0x7F, 0xE1, 0xFC, 0x00, 0x07, 0x80, 0x7E, 0x07, 0xF8, 0x31, 0xC0, 0x00, 0x00, 0x00,
    0x7F, 0x07, 0xFC, 0x7F, 0xF7, 0x83, 0xB8, 0x0F, 0xFF, 0xFF, 0xFF, 0xFF, 0xFF, 0x80, 0x1E, 0x00,
    0xF8, 0x33, 0xFF, 0x8F, 0xFC, 0x3F, 0x80, 0x1C, 0xE0, 0xE7, 0x07, 0x38, 0x00, 0x00, 0x00, 0x00,
    0x00, 0x7F, 0x07, 0xFC, 0x7F, 0xF7, 0xC3, 0xBC, 0x0F, 0xFF, 0xFF, 0xFF, 0xFF, 0xFF, 0xC0, 0x1E,
    0x00, 0xF8, 0x33, 0xFF, 0x8F, 0xFC, 0x3F, 0x80, 0x63, 0xCF, 0x9F, 0x18, 0x00, 0x0E, 0x38, 0xE3,
    0x8E, 0x38, 0xE3, 0x8E, 0x38, 0xE3, 0x8E, 0x38, 0x18, 0xF7, 0xFE, 0x60, 0x00, 0x0E, 0x38, 0xE3,
    0x8E, 0x38, 0xE3, 0x8E, 0x38, 0xE3, 0x8E, 0x38, 0x1C, 0x3F, 0x3F, 0xDC, 0x60, 0x00, 0x00, 0x70,
    0x38, 0x1C, 0x0E, 0x07, 0x03, 0x81, 0xC0, 0xE0, 0x70, 0x38, 0x1C, 0x0E, 0x07, 0x03, 0x80, 0xE7,
    0xE7, 0xE7, 0x00, 0x00, 0x00, 0x1C, 0x1C, 0x1C, 0x1C, 0x1C, 0x1C, 0x1C, 0x1C, 0x1C, 0x1C, 0x1C,
    0x1C, 0x1C, 0x1C, 0x0C, 0x00, 0xF8, 0x07, 0xFC, 0x1F, 0xE3, 0xFE, 0x0F, 0x70, 0x7F, 0xC7, 0xFE,
    0x7F, 0xFF, 0x87, 0xFC, 0x1F, 0xC0, 0xFE, 0x03, 0xF0, 0x1F, 0x81, 0xFE, 0x0F, 0xF0, 0xF3, 0xFF,
    0x8F, 0xF8, 0x3F, 0x00, 0x0C, 0x41, 0xEE, 0x3F, 0xE3, 0xFE, 0x3B, 0xC1, 0x18, 0x00, 0x0E, 0xFC,
    0xFF, 0xEF, 0xFE, 0xF0, 0xFE, 0x0F, 0xE0, 0x7E, 0x07, 0xE0, 0x7E, 0x07, 0xE0, 0x7E, 0x07, 0xE0,
    0x7E, 0x07, 0xE0, 0x70, 0x04, 0x00, 0x38, 0x01, 0xF0, 0x03, 0xE0, 0x03, 0x80, 0x00, 0x00, 0x00,
    0x07, 0xF0, 0x3F, 0xF1, 0xFF, 0xEF, 0x87, 0xBC, 0x0F, 0xE0, 0x3F, 0x80, 0x7E, 0x01, 0xF8, 0x0F,
    0xF0, 0x3F, 0xE1, 0xE7, 0xFF, 0x8F, 0xFC, 0x1F, 0xC0, 0x01, 0x00, 0x0E, 0x00, 0x7C, 0x03, 0xE0,
    0x0E, 0x00, 0x00, 0x00, 0x00, 0x07, 0xF0, 0x3F, 0xF1, 0xFF, 0xEF, 0x87, 0xBC, 0x0F, 0xE0, 0x3F,
    0x80, 0x7E, 0x01, 0xF8, 0x0F, 0xF0, 0x3F, 0xE1, 0xE7, 0xFF, 0x8F, 0xFC, 0x1F, 0xC0, 0x07, 0x80,
    0x3F, 0x01, 0xFE, 0x06, 0x38, 0x00, 0x00, 0x00, 0x01, 0xFC, 0x0F, 0xFC, 0x7F, 0xFB, 0xE1, 0xEF,
    0x03, 0xF8, 0x0F, 0xE0, 0x1F, 0x80, 0x7E, 0x03, 0xFC, 0x0F, 0xF8, 0x79, 0xFF, 0xE3, 0xFF, 0x07,
    0xF0, 0x0E, 0x60, 0x7F, 0x81, 0xFE, 0x0E, 0xF0, 0x19, 0x80, 0x00, 0x01, 0xFC, 0x0F, 0xFC, 0x7F,
    0xFB, 0xE1, 0xEF, 0x03, 0xF8, 0x0F, 0xE0, 0x1F, 0x80, 0x7E, 0x03, 0xFC, 0x0F, 0xF8, 0x79, 0xFF,
    0xE3, 0xFF, 0x07, 0xF0, 0x1C, 0xE0, 0x73, 0x81, 0xCE, 0x00, 0x00, 0x00, 0x00, 0x00, 0x01, 0xFC,
    0x0F, 0xFC, 0x7F, 0xFB, 0xE1, 0xEF, 0x03, 0xFC, 0x0F, 0xE0, 0x1F, 0x80, 0x7F, 0x03, 0xFC, 0x0F,
    0xF8, 0x79, 0xFF, 0xE3, 0xFF, 0x07, 0xF0, 0x07, 0x00, 0x70, 0x07, 0x00, 0x00, 0x00, 0x0F, 0xFF,
    0xFF, 0xFF, 0xFF, 0x00, 0x00, 0x00, 0x07, 0x00, 0x70, 0x07, 0x00, 0x00, 0x00, 0x7F, 0xE3, 0xFF,
    0x9F, 0xFE, 0xF8, 0xFB, 0xC7, 0xFE, 0x3F, 0xF9, 0xE7, 0xE7, 0x1F, 0xB8, 0xFF, 0xE3, 0xFF, 0x1E,
    0x7F, 0xFB, 0xFF, 0xCF, 0xFC, 0x10, 0x00, 0x08, 0x01, 0xC0, 0x1E, 0x00, 0xF0, 0x03, 0x00, 0x00,
    0x00, 0x0E, 0x07, 0xE0, 0x7E, 0x07, 0xE0, 0x7E, 0x07, 0xE0, 0x7E, 0x07, 0xE0, 0x7E, 0x07, 0xE0,
    0xFF, 0x0F, 0xFF, 0xF7, 0xFF, 0x3E, 0x70, 0x02, 0x00, 0x70, 0x0F, 0x81, 0xE0, 0x18, 0x00, 0x00,
    0x00, 0x0E, 0x07, 0xE0, 0x7E, 0x07, 0xE0, 0x7E, 0x07, 0xE0, 0x7E, 0x07, 0xE0, 0x7E, 0x07, 0xE0,
    0xFF, 0x0F, 0xFF, 0xF7, 0xFF, 0x3E, 0x70, 0x0F, 0x01, 0xF8, 0x3F, 0xC3, 0x1C, 0x00, 0x00, 0x00,
    0xE0, 0x7E, 0x07, 0xE0, 0x7E, 0x07, 0xE0, 0x7E, 0x07, 0xE0, 0x7E, 0x07, 0xE0, 0x7E, 0x0F, 0xF0,
    0xFF, 0xFF, 0x7F, 0xF3, 0xF7, 0x39, 0xC3, 0x9C, 0x39, 0xC0, 0x00, 0x00, 0x00, 0x00, 0xE0, 0x7E,
    0x07, 0xE0, 0x7E, 0x07, 0xE0, 0x7E, 0x07, 0xE0, 0x7E, 0x07, 0xE0, 0x7E, 0x0F, 0xF0, 0xFF, 0xFF,
    0x7F, 0xF3, 0xE7, 0x00, 0x80, 0x03, 0x80, 0x0F, 0x00, 0x3C, 0x00, 0x60, 0x00, 0x00, 0x00, 0x00,
    0x78, 0x0F, 0x70, 0x1E, 0xF0, 0x78, 0xE0, 0xF1, 0xE1, 0xC3, 0xC7, 0x83, 0xCF, 0x07, 0x9C, 0x07,
    0x78, 0x0F, 0xE0, 0x0F, 0xC0, 0x1F, 0x80, 0x3E, 0x00, 0x3C, 0x00, 0x70, 0x00, 0xE0, 0x03, 0xC0,
    0x07, 0x00, 0x1E, 0x00, 0x38, 0x00, 0xE0, 0x07, 0x00, 0x38, 0x01, 0xC0, 0x0E, 0x00, 0x70, 0x03,
    0xBF, 0x1F, 0xFC, 0xFF, 0xF7, 0x83, 0xFC, 0x1F, 0xC0, 0x7E, 0x03, 0xF0, 0x1F, 0x80, 0xFE, 0x0F,
    0xF0, 0x7F, 0xFF, 0xBF, 0xF9, 0xDF, 0x8E, 0x00, 0x70, 0x03, 0x80, 0x1C, 0x00, 0xE0, 0x00, 0x1E,
    0xE0, 0x7B, 0x81, 0xEE, 0x00, 0x00, 0x00, 0x00, 0x00, 0x0F, 0x03, 0xFC, 0x0F, 0x78, 0x39, 0xE1,
    0xE3, 0x87, 0x8F, 0x1C, 0x1C, 0x70, 0x7B, 0xC0, 0xEE, 0x03, 0xB8, 0x0F, 0xE0, 0x1F, 0x00, 0x7C,
    0x00, 0xE0, 0x03, 0x80, 0x0E, 0x00, 0x70, 0x01, 0xC0, 0x0F, 0x00, 0x38, 0x00, 0x0F, 0xF0, 0x0F,
    0xF0, 0x0F, 0xF0, 0x00, 0x00, 0x00, 0x00, 0x03, 0xC0, 0x03, 0xC0, 0x07, 0xE0, 0x07, 0xE0, 0x07,
    0xE0, 0x0F, 0xF0, 0x0E, 0x70, 0x0E, 0x78, 0x1E, 0x78, 0x1C, 0x38, 0x3C, 0x3C, 0x3F, 0xFC, 0x3F,
    0xFC, 0x7F, 0xFE, 0x70, 0x1E, 0x70, 0x0E, 0xF0, 0x0F, 0xE0, 0x07, 0x1F, 0xC0, 0xFE, 0x07, 0xF0,
    0x00, 0x01, 0xFB, 0x9F, 0xFD, 0xFF, 0xFE, 0x0F, 0xF0, 0x7F, 0x01, 0xF8, 0x0F, 0xC0, 0x7E, 0x03,
    0xF8, 0x3F, 0xC1, 0xEF, 0xFF, 0x3F, 0xF8, 0xFD, 0xC0, 0x06, 0x38, 0x03, 0xBC, 0x01, 0xFC, 0x00,
    0x7E, 0x00, 0x1C, 0x00, 0x00, 0x00, 0x07, 0x80, 0x07, 0xC0, 0x03, 0xE0, 0x01, 0xF8, 0x01, 0xFC,
    0x00, 0xEF, 0x00, 0x77, 0x80, 0x79, 0xC0, 0x38, 0xF0, 0x3C, 0x78, 0x1E, 0x1C, 0x0F, 0xFF, 0x0F,
    0xFF, 0x87, 0xFF, 0xE3, 0x80, 0xF3, 0xC0, 0x39, 0xC0, 0x1F, 0xE0, 0x0F, 0x08, 0x40, 0xC7, 0x07,
    0x78, 0x3F, 0xC0, 0xFC, 0x03, 0x80, 0x00, 0x03, 0xF7, 0x3F, 0xFB, 0xFF, 0xFC, 0x1F, 0xE0, 0xFE,
    0x03, 0xF0, 0x1F, 0x80, 0xFC, 0x07, 0xF0, 0x7F, 0x83, 0xDF, 0xFE, 0x7F, 0xF1, 0xFB, 0x80, 0x01,
    0xE0, 0x00, 0x78, 0x00, 0x3F, 0x00, 0x0F, 0xC0, 0x07, 0xF0, 0x01, 0xDE, 0x00, 0x73, 0x80, 0x3C,
    0xF0, 0x0E, 0x3C, 0x03, 0x87, 0x01, 0xFF, 0xE0, 0x7F, 0xF8, 0x3F, 0xFF, 0x0F, 0x03, 0xC3, 0x80,
    0x71, 0xE0, 0x1E, 0x70, 0x07, 0x9C, 0x01, 0xF0, 0x00, 0xF8, 0x00, 0x38, 0x00, 0x0F, 0xC0, 0x03,
    0xF0, 0x00, 0x78, 0x1F, 0xB8, 0xFF, 0xE7, 0xFF, 0xBC, 0x1E, 0xF0, 0x3B, 0x80, 0xEE, 0x03, 0xB8,
    0x0E, 0xE0, 0x3B, 0xC0, 0xEF, 0x07, 0x9F, 0xFE, 0x3F, 0xF8, 0x7E, 0xE0, 0x0F, 0x80, 0x38, 0x00,
    0xF8, 0x03, 0xF0, 0x07, 0x80, 0x00, 0x20, 0x01, 0xE0, 0x07, 0xC0, 0x1F, 0x00, 0x30, 0x00, 0x00,
    0x01, 0xFC, 0x0F, 0xFE, 0x3F, 0xFE, 0xF8, 0x3D, 0xE0, 0x37, 0x80, 0x0E, 0x00, 0x1C, 0x00, 0x38,
    0x00, 0x70, 0x00, 0xE0, 0x01, 0xC0, 0x03, 0xC0, 0x03, 0xC0, 0x07, 0xC1, 0xC7, 0xFF, 0xC7, 0xFF,
    0x07, 0xF8, 0x01, 0x00, 0x38, 0x07, 0x80, 0xF0, 0x0E, 0x00, 0x00, 0x00, 0x01, 0xFC, 0x3F, 0xE7,
    0xFF, 0xF8, 0x7F, 0x02, 0xE0, 0x0E, 0x00, 0xE0, 0x0E, 0x00, 0xF0, 0x2F, 0x87, 0x7F, 0xF3, 0xFE,
    0x1F, 0xC0, 0x01, 0xC0, 0x07, 0xC0, 0x1F, 0xC0, 0x7B, 0xC0, 0x41, 0x00, 0x00, 0x01, 0xFC, 0x0F,
    0xFE, 0x3F, 0xFE, 0xF8, 0x3D, 0xE0, 0x37, 0x80, 0x0E, 0x00, 0x1C, 0x00, 0x38, 0x00, 0x70, 0x00,
    0xE0, 0x01, 0xC0, 0x03, 0xC0, 0x03, 0xC0, 0x07, 0xC1, 0xC7, 0xFF, 0xC7, 0xFF, 0x07, 0xF8, 0x0F,
    0x80, 0xF8, 0x1F, 0xC3, 0x8E, 0x00, 0x00, 0x00, 0x1F, 0xC3, 0xFE, 0x7F, 0xFF, 0x87, 0xF0, 0x2E,
    0x00, 0xE0, 0x0E, 0x00, 0xE0, 0x0F, 0x02, 0xF8, 0x77, 0xFF, 0x3F, 0xE1, 0xFC, 0x01, 0xC0, 0x03,
    0x80, 0x07, 0x00, 0x00, 0x00, 0x00, 0x00, 0xFE, 0x07, 0xFF, 0x1F, 0xFF, 0x7C, 0x1C, 0xF0, 0x1B,
    0xC0, 0x07, 0x00, 0x0E, 0x00, 0x1C, 0x00, 0x38, 0x00, 0x70, 0x00, 0xE0, 0x01, 0xE0, 0x01, 0xE0,
    0x03, 0xE0, 0xE3, 0xFF, 0xC3, 0xFF, 0x83, 0xFC, 0x00, 0x07, 0x00, 0x70, 0x07, 0x00, 0x00, 0x00,
    0x00, 0x00, 0x1F, 0xC3, 0xFE, 0x7F, 0xFF, 0x87, 0xF0, 0x2E, 0x00, 0xE0, 0x0E, 0x00, 0xE0, 0x0F,
    0x02, 0xF8, 0x67, 0xFF, 0x3F, 0xE1, 0xFC, 0x04, 0x30, 0x1F, 0xF0, 0x1F, 0xC0, 0x1F, 0x00, 0x00,
    0x00, 0x00, 0x01, 0xFC, 0x0F, 0xFE, 0x3F, 0xFE, 0xF8, 0x3D, 0xE0, 0x37, 0x80, 0x0E, 0x00, 0x1C,
    0x00, 0x38, 0x00, 0x70, 0x00, 0xE0, 0x01, 0xC0, 0x03, 0xC0, 0x03, 0xC0, 0x07, 0xC1, 0xC7, 0xFF,
    0xC7, 0xFF, 0x07, 0xF8, 0x18, 0xC1, 0xFC, 0x0F, 0x80, 0x70, 0x00, 0x00, 0x00, 0x1F, 0xC3, 0xFE,
    0x7F, 0xFF, 0x87, 0xF0, 0x2E, 0x00, 0xE0, 0x0E, 0x00, 0xE0, 0x0F, 0x02, 0xF8, 0x77, 0xFF, 0x3F,
    0xE1, 0xFC, 0x00, 0x00, 0x39, 0xC0, 0x7F, 0x80, 0x3C, 0x00, 0x00, 0x00, 0x00, 0x3F, 0xF8, 0x7F,
    0xF8, 0xFF, 0xF9, 0xC0, 0xFB, 0x80, 0x77, 0x00, 0xFE, 0x00, 0xFC, 0x01, 0xF8, 0x03, 0xF0, 0x07,
    0xE0, 0x0F, 0xC0, 0x1F, 0x80, 0x7F, 0x00, 0xEE, 0x07, 0xDF, 0xFF, 0x3F, 0xFC, 0x7F, 0xF0, 0x00,
    0x3B, 0xC0, 0x0E, 0xF0, 0x03, 0xBC, 0x00, 0xE7, 0x00, 0x3B, 0x80, 0x0E, 0xC1, 0xFF, 0x80, 0xFF,
    0xE0, 0x7F, 0xF8, 0x3C, 0x1E, 0x0F, 0x07, 0x83, 0x80, 0xE0, 0xE0, 0x38, 0x38, 0x0E, 0x0E, 0x03,
    0x83, 0xC1, 0xE0, 0xF0, 0x78, 0x1F, 0xFE, 0x03, 0xFF, 0x80, 0x7E, 0xE0, 0x3F, 0xF8, 0x1F, 0xFE,
    0x0F, 0xFF, 0x87, 0x03, 0xE3, 0x80, 0x71, 0xC0, 0x3C, 0xE0, 0x0E, 0xFE, 0x07, 0xFF, 0x03, 0xFF,
    0x81, 0xCE, 0x00, 0xE7, 0x00, 0x73, 0x80, 0x79, 0xC0, 0x38, 0xE0, 0x7C, 0x7F, 0xFC, 0x3F, 0xFC,
    0x1F, 0xFC, 0x00, 0x00, 0x38, 0x00, 0x70, 0x03, 0xF8, 0x07, 0xF0, 0x0F, 0xE0, 0x07, 0x07, 0xEE,
    0x1F, 0xFC, 0x7F, 0xF9, 0xE0, 0xF3, 0xC1, 0xE7, 0x01, 0xCE, 0x03, 0x9C, 0x07, 0x38, 0x0E, 0x78,
    0x3C, 0xF0, 0x78, 0xFF, 0xF0, 0xFF, 0xE0, 0xFD, 0xC0, 0x3F, 0xC7, 0xF8, 0xFF, 0x00, 0x00, 0x01,
    0xFF, 0xFF, 0xFF, 0xFF, 0xE0, 0x1C, 0x03, 0x80, 0x70, 0x0F, 0xFD, 0xFF, 0xBF, 0xF7, 0x00, 0xE0,
    0x1C, 0x03, 0x80, 0x70, 0x0F, 0xFF, 0xFF, 0xFF, 0xF8, 0x1F, 0xC0, 0xFE, 0x07, 0xF0, 0x00, 0x01,
    0xFC, 0x1F, 0xF1, 0xFF, 0xDE, 0x0E, 0xE0, 0x3F, 0xFF, 0xFF, 0xFF, 0xFF, 0xFE, 0x00, 0x78, 0x03,
    0xE1, 0x8F, 0xFE, 0x3F, 0xF0, 0xFE, 0x00, 0x71, 0xC7, 0x78, 0xFE, 0x0F, 0xC0, 0xE0, 0x00, 0x3F,
    0xFF, 0xFF, 0xFF, 0xFC, 0x03, 0x80, 0x70, 0x0E, 0x01, 0xFF, 0xBF, 0xF7, 0xFE, 0xE0, 0x1C, 0x03,
    0x80, 0x70, 0x0E, 0x01, 0xFF, 0xFF, 0xFF, 0xFF, 0x00, 0x41, 0xC7, 0x07, 0x78, 0x3F, 0x80, 0xFC,
    0x03, 0x80, 0x00, 0x03, 0xF8, 0x3F, 0xE3, 0xFF, 0xBC, 0x1D, 0xC0, 0x7F, 0xFF, 0xFF, 0xFF, 0xFF,
    0xFC, 0x00, 0xF0, 0x07, 0xC1, 0x9F, 0xFC, 0x7F, 0xE1, 0xFC, 0x00, 0x0E, 0x01, 0xC0, 0x38, 0x00,
    0x00, 0x01, 0xFF, 0xFF, 0xFF, 0xFF, 0xE0, 0x1C, 0x03, 0x80, 0x70, 0x0F, 0xFD, 0xFF, 0xBF, 0xF7,
    0x00, 0xE0, 0x1C, 0x03, 0x80, 0x70, 0x0F, 0xFF, 0xFF, 0xFF, 0xF8, 0x07, 0x00, 0x38, 0x01, 0xC0,
    0x00, 0x00, 0x00, 0x00, 0x00, 0x7F, 0x07, 0xFC, 0x7F, 0xF7, 0x83, 0xB8, 0x0F, 0xFF, 0xFF, 0xFF,
    0xFF, 0xFF, 0x80, 0x1E, 0x00, 0xF8, 0x33, 0xFF, 0x8F, 0xFC, 0x3F, 0x80, 0xFF, 0xFF, 0xFF, 0xFF,
    0xF0, 0x0E, 0x01, 0xC0, 0x38, 0x07, 0xFE, 0xFF, 0xDF, 0xFB, 0x80, 0x70, 0x0E, 0x01, 0xC0, 0x38,
    0x07, 0xFF, 0xFF, 0xFF, 0xFC, 0x1F, 0x03, 0x80, 0x7E, 0x0F, 0xC0, 0xF0, 0x1F, 0xC1, 0xFF, 0x1F,
    0xFD, 0xE0, 0xEE, 0x03, 0xFF, 0xFF, 0xFF, 0xFF, 0xFF, 0xE0, 0x07, 0x80, 0x3E, 0x0C, 0xFF, 0xE3,
    0xFF, 0x0F, 0xF0, 0x0E, 0x00, 0x70, 0x03, 0xE0, 0x1F, 0x80, 0x78, 0x00, 0x0F, 0x38, 0xFE, 0x0F,
    0x80, 0x00, 0x00, 0x3F, 0xFF, 0xFF, 0xFF, 0xFC, 0x03, 0x80, 0x70, 0x0E, 0x01, 0xFF, 0xBF, 0xF7,
    0xFE, 0xE0, 0x1C, 0x03, 0x80, 0x70, 0x0E, 0x01, 0xFF, 0xFF, 0xFF, 0xFF, 0x18, 0xC0, 0xFE, 0x03,
    0xF0, 0x0F, 0x00, 0x00, 0x00, 0x00, 0x7F, 0x07, 0xFC, 0x7F, 0xF7, 0x83, 0xB8, 0x0F, 0xFF, 0xFF,
    0xFF, 0xFF, 0xFF, 0x80, 0x1E, 0x00, 0xF8, 0x33, 0xFF, 0x8F, 0xFC, 0x3F, 0x80, 0x01, 0xC0, 0x01,
    0xF0, 0x01, 0xFC, 0x00, 0xEF, 0x00, 0x41, 0x00, 0x00, 0x00, 0x1F, 0xE0, 0x3F, 0xFC, 0x3F, 0xFF,
    0x3E, 0x07, 0x1E, 0x01, 0x1E, 0x00, 0x0E, 0x00, 0x07, 0x00, 0x03, 0x81, 0xFF, 0xC0, 0xFF, 0xE0,
    0x7F, 0xF8, 0x01, 0xFC, 0x01, 0xEF, 0x00, 0xE7, 0xC0, 0xF1, 0xFF, 0xF0, 0x7F, 0xF0, 0x0F, 0xF0,
    0x07, 0x80, 0x3F, 0x01, 0xFE, 0x07, 0x18, 0x00, 0x00, 0x00, 0x01, 0xFD, 0xCF, 0xFF, 0x7F, 0xFF,
    0xE1, 0xFF, 0x03, 0xF8, 0x0F, 0xE0, 0x1F, 0x80, 0x7E, 0x03, 0xFC, 0x0F, 0xF8, 0x7D, 0xFF, 0xF3,
    0xFF, 0xC7, 0xF7, 0x00, 0x1C, 0x00, 0xF3, 0x07, 0x8F, 0xFE, 0x7F, 0xF0, 0x7F, 0x80, 0x06, 0x18,
    0x03, 0xBC, 0x01, 0xFE, 0x00, 0x7E, 0x00, 0x1C, 0x00, 0x00, 0x00, 0x1F, 0xE0, 0x3F, 0xFC, 0x3F,
    0xFF, 0x3E, 0x07, 0x1E, 0x01, 0x1E, 0x00, 0x0E, 0x00, 0x07, 0x00, 0x03, 0x81, 0xFF, 0xC0, 0xFF,
    0xE0, 0x7F, 0xF8, 0x01, 0xFC, 0x01, 0xEF, 0x00, 0xE7, 0xC0, 0xF1, 0xFF, 0xF0, 0x7F, 0xF0, 0x0F,
    0xF0, 0x08, 0x00, 0x71, 0xC1, 0xEE, 0x03, 0xF8, 0x0F, 0xC0, 0x0E, 0x00, 0x00, 0x07, 0xF7, 0x3F,
    0xFD, 0xFF, 0xFF, 0x87, 0xFC, 0x0F, 0xE0, 0x3F, 0x80, 0x7E, 0x01, 0xF8, 0x0F, 0xF0, 0x3F, 0xE1,
    0xF7, 0xFF, 0xCF, 0xFF, 0x1F, 0xDC, 0x00, 0x70, 0x03, 0xCC, 0x1E, 0x3F, 0xF9, 0xFF, 0xC1, 0xFE,
    0x00, 0x01, 0xC0, 0x00, 0xE0, 0x00, 0x70, 0x00, 0x00, 0x00, 0x00, 0x00, 0x3F, 0xC0, 0x7F, 0xF8,
    0x7F, 0xFE, 0x7C, 0x0E, 0x3C, 0x02, 0x3C, 0x00, 0x1C, 0x00, 0x0E, 0x00, 0x07, 0x07, 0xFF, 0x83,
    0xFF, 0xC1, 0xFF, 0xF0, 0x03, 0xF8, 0x03, 0xDE, 0x01, 0xCF, 0x81, 0xE3, 0xFF, 0xE0, 0xFF, 0xE0,
    0x1F, 0xE0, 0x03, 0x80, 0x07, 0x00, 0x0E, 0x00, 0x00, 0x00, 0x00, 0x00, 0x00, 0x07, 0xF3, 0x9F,
    0xFF, 0x7F, 0xFF, 0xF0, 0x7F, 0xC0, 0x7F, 0x00, 0xFE, 0x00, 0xFC, 0x01, 0xF8, 0x07, 0xF8, 0x0F,
    0xF8, 0x3E, 0xFF, 0xFC, 0xFF, 0xF8, 0x7E, 0x70, 0x01, 0xE0, 0x03, 0xCC, 0x0F, 0x1F, 0xFE, 0x7F,
    0xF8, 0x3F, 0xC0, 0x07, 0xF8, 0x0F, 0xFF, 0x0F, 0xFF, 0xCF, 0x81, 0xC7, 0x80, 0x47, 0x80, 0x03,
    0x80, 0x01, 0xC0, 0x00, 0xE0, 0xFF, 0xF0, 0x7F, 0xF8, 0x3F, 0xFE, 0x00, 0x7F, 0x00, 0x7B, 0xC0,
    0x39, 0xF0, 0x3C, 0x7F, 0xFC, 0x1F, 0xFC, 0x03, 0xFC, 0x00, 0x00, 0x00, 0x78, 0x00, 0x3C, 0x00,
    0x1E, 0x00, 0x0F, 0x00, 0x07, 0x00, 0x00, 0x00, 0x00, 0x00, 0x00, 0x0E, 0x00, 0x78, 0x01, 0xE0,
    0x07, 0x80, 0x1E, 0x00, 0x00, 0x00, 0x00, 0x1F, 0xDC, 0xFF, 0xF7, 0xFF, 0xFE, 0x1F, 0xF0, 0x3F,
    0x80, 0xFE, 0x01, 0xF8, 0x07, 0xE0, 0x3F, 0xC0, 0xFF, 0x87, 0xDF, 0xFF, 0x3F, 0xFC, 0x7F, 0x70,
    0x01, 0xC0, 0x0F, 0x30, 0x78, 0xFF, 0xE7, 0xFF, 0x07, 0xF8, 0x03, 0x00, 0x3F, 0x01, 0xFE, 0x07,
    0x38, 0x00, 0x00, 0x00, 0x0E, 0x01, 0xF8, 0x07, 0xE0, 0x1F, 0x80, 0x7E, 0x01, 0xF8, 0x07, 0xE0,
    0x1F, 0xFF, 0xFF, 0xFF, 0xFF, 0xFF, 0xE0, 0x1F, 0x80, 0x7E, 0x01, 0xF8, 0x07, 0xE0, 0x1F, 0x80,
    0x7E, 0x01, 0xF8, 0x07, 0x0E, 0x01, 0xF0, 0x3F, 0x87, 0xBC, 0x00, 0x80, 0x00, 0xE0, 0x0E, 0x00,
    0xE0, 0x0E, 0x00, 0xE0, 0x0E, 0xFC, 0xFF, 0xEF, 0xFE, 0xF0, 0xFE, 0x0F, 0xE0, 0x7E, 0x07, 0xE0,
    0x7E, 0x07, 0xE0, 0x7E, 0x07, 0xE0, 0x7E, 0x07, 0xE0, 0x70, 0x38, 0x07, 0x07, 0x00, 0xE0, 0xE0,
    0x1C, 0x7F, 0xFF, 0xFF, 0xFF, 0xFF, 0xFF, 0xFF, 0xCE, 0x01, 0xC1, 0xFF, 0xF8, 0x3F, 0xFF, 0x07,
    0xFF, 0xE0, 0xE0, 0x1C, 0x1C, 0x03, 0x83, 0x80, 0x70, 0x70, 0x0E, 0x0E, 0x01, 0xC1, 0xC0, 0x38,
    0x38, 0x07, 0x07, 0x00, 0xE0, 0x38, 0x00, 0xE0, 0x0F, 0xF0, 0x3F, 0xC0, 0xFF, 0x00, 0xE0, 0x03,
    0xBF, 0x0F, 0xFE, 0x3F, 0xF8, 0xF0, 0xF3, 0x83, 0xCE, 0x07, 0x38, 0x1C, 0xE0, 0x73, 0x81, 0xCE,
    0x07, 0x38, 0x1C, 0xE0, 0x73, 0x81, 0xCE, 0x07, 0x33, 0xFF, 0xFF, 0xDE, 0x00, 0x00, 0xFF, 0xFF,
    0xFF, 0x1C, 0x1C, 0x1C, 0x1C, 0x1C, 0x1C, 0x1C, 0x1C, 0x1C, 0x1C, 0x1C, 0x1C, 0xFF, 0xFF, 0xFF,
    0x33, 0x3D, 0xFF, 0xFF, 0xEC, 0xF6, 0x30, 0x00, 0x38, 0x1C, 0x0E, 0x07, 0x03, 0x81, 0xC0, 0xE0,
    0x70, 0x38, 0x1C, 0x0E, 0x07, 0x03, 0x81, 0xC0, 0xFF, 0xFF, 0xFF, 0x00, 0x00, 0xFF, 0xFF, 0xFF,
    0x1C, 0x1C, 0x1C, 0x1C, 0x1C, 0x1C, 0x1C, 0x1C, 0x1C, 0x1C, 0x1C, 0x1C, 0xFF, 0xFF, 0xFF, 0xFF,
    0xFF, 0xF8, 0x03, 0x87, 0x0E, 0x1C, 0x38, 0x70, 0xE1, 0xC3, 0x87, 0x0E, 0x1C, 0x38, 0x70, 0xE3,
    0xF7, 0xFF, 0x7E, 0x18, 0x00, 0xFF, 0xFF, 0xFF, 0x1C, 0x1C, 0x1C, 0x1C, 0x1C, 0x1C, 0x1C, 0x1C,
    0x1C, 0x1C, 0x1C, 0x1C, 0xFF, 0xFF, 0xFF, 0xC3, 0x73, 0xBF, 0xCF, 0xE3, 0xE0, 0x00, 0x70, 0x38,
    0x1C, 0x0E, 0x07, 0x03, 0x81, 0xC0, 0xE0, 0x70, 0x38, 0x1C, 0x0E, 0x07, 0x03, 0x80, 0xFF, 0xFF,
    0xFF, 0x1C, 0x1C, 0x1C, 0x1C, 0x1C, 0x1C, 0x1C, 0x1C, 0x1C, 0x1C, 0x1C, 0x1C, 0xFF, 0xFF, 0xFF,
    0x3C, 0x70, 0x7E, 0x7E, 0x3C, 0x38, 0xE3, 0x80, 0x00, 0x03, 0x8E, 0x38, 0xE3, 0x8E, 0x38, 0xE3,
    0x8E, 0x38, 0xE3, 0x8E, 0xFB, 0x8F, 0xBE, 0x78, 0x1C, 0x1C, 0x1C, 0x00, 0x00, 0xFF, 0xFF, 0xFF,
    0x1C, 0x1C, 0x1C, 0x1C, 0x1C, 0x1C, 0x1C, 0x1C, 0x1C, 0x1C, 0x1C, 0x1C, 0xFF, 0xFF, 0xFF, 0xFF,
    0xFF, 0xFF, 0xFF, 0xFF, 0xC0, 0xFF, 0x00, 0xFF, 0xFF, 0x80, 0x7F, 0xFF, 0xC0, 0x3F, 0xE3, 0x80,
    0x03, 0x81, 0xC0, 0x01, 0xC0, 0xE0, 0x00, 0xE0, 0x70, 0x00, 0x70, 0x38, 0x00, 0x38, 0x1C, 0x00,
    0x1C, 0x0E, 0x00, 0x0E, 0x07, 0x00, 0x07, 0x03, 0x80, 0x03, 0x81, 0xC0, 0x01, 0xC0, 0xE0, 0x40,
    0xE0, 0x70, 0x70, 0xF1, 0xFE, 0x3F, 0xF8, 0xFF, 0x0F, 0xF8, 0x7F, 0x83, 0xF0, 0x00, 0xE1, 0xF8,
    0x7E, 0x1C, 0x00, 0x00, 0x00, 0x0E, 0x1F, 0x87, 0xE1, 0xF8, 0x7E, 0x1F, 0x87, 0xE1, 0xF8, 0x7E,
    0x1F, 0x87, 0xE1, 0xF8, 0x7E, 0x1F, 0x87, 0x01, 0xC0, 0x70, 0x7C, 0x3E, 0x07, 0x00, 0x00, 0xE0,
    0x07, 0xC0, 0x3F, 0x81, 0xEF, 0x00, 0x08, 0x00, 0x00, 0x7F, 0xC1, 0xFF, 0x07, 0xFC, 0x03, 0x80,
    0x0E, 0x00, 0x38, 0x00, 0xE0, 0x03, 0x80, 0x0E, 0x00, 0x38, 0x00, 0xE0, 0x03, 0x80, 0x0E, 0x10,
    0x38, 0xE1, 0xE3, 0xFF, 0x87, 0xFC, 0x0F, 0xC0, 0x3C, 0x3F, 0x3F, 0xDC, 0x60, 0x00, 0x00, 0x70,
    0x38, 0x1C, 0x0E, 0x07, 0x03, 0x81, 0xC0, 0xE0, 0x70, 0x38, 0x1C, 0x0E, 0x07, 0x03, 0x81, 0xC1,
    0xE1, 0xF1, 0xF0, 0xF0, 0x00, 0xE0, 0x1E, 0xE0, 0x3C, 0xE0, 0x78, 0xE0, 0xF0, 0xE1, 0xE0, 0xE3,
    0xC0, 0xE7, 0x80, 0xEF, 0x00, 0xFF, 0x80, 0xFF, 0x80, 0xFB, 0xC0, 0xF1, 0xE0, 0xE1, 0xF0, 0xE0,
    0xF0, 0xE0, 0x78, 0xE0, 0x3C, 0xE0, 0x3E, 0xE0, 0x1E, 0x00, 0x00, 0x07, 0x80, 0x07, 0x80, 0x07,
    0x80, 0x07, 0x80, 0x07, 0x00, 0x00, 0x00, 0xE0, 0x07, 0x00, 0x38, 0x01, 0xC0, 0x0E, 0x00, 0x70,
    0xFB, 0x87, 0x9C, 0x78, 0xE7, 0x87, 0x78, 0x3F, 0x81, 0xF8, 0x0F, 0xE0, 0x7F, 0x83, 0xBE, 0x1C,
    0xF8, 0xE3, 0xC7, 0x0F, 0x38, 0x3C, 0x00, 0x01, 0xE0, 0x0F, 0x00, 0x78, 0x03, 0xC0, 0x1C, 0x00,
    0x00, 0x00, 0xE0, 0xFE, 0x1E, 0xE3, 0xCE, 0x78, 0xEF, 0x0F, 0xE0, 0xFE, 0x0F, 0xE0, 0xF7, 0x0E,
    0x78, 0xE3, 0xCE, 0x1C, 0xE1, 0xEE, 0x0F, 0x0C, 0x00, 0xF0, 0x1F, 0x80, 0xF0, 0x06, 0x00, 0x00,
    0x00, 0xE0, 0x07, 0x00, 0x38, 0x01, 0xC0, 0x0E, 0x00, 0x70, 0x03, 0x80, 0x1C, 0x00, 0xE0, 0x07,
    0x00, 0x38, 0x01, 0xC0, 0x0E, 0x00, 0x70, 0x03, 0x80, 0x1F, 0xFC, 0xFF, 0xE7, 0xFF, 0x0C, 0x3D,
    0xFB, 0xC6, 0x00, 0x0E, 0x1C, 0x38, 0x70, 0xE1, 0xC3, 0x87, 0x0E, 0x1C, 0x38, 0x70, 0xE1, 0xC3,
    0x87, 0x0E, 0x1C, 0x38, 0xE0, 0x1C, 0x03, 0x80, 0x70, 0x0E, 0x01, 0xC0, 0x38, 0x07, 0x00, 0xE0,
    0x1C, 0x03, 0x80, 0x70, 0x0E, 0x01, 0xC0, 0x38, 0x07, 0xFF, 0xFF, 0xFF, 0xFC, 0x00, 0x0F, 0x01,
    0xE0, 0x3C, 0x07, 0x80, 0xE0, 0x00, 0x00, 0x73, 0x9C, 0xE7, 0x39, 0xCE, 0x73, 0x9C, 0xE7, 0x39,
    0xCE, 0x73, 0x9C, 0x07, 0xBD, 0xEF, 0x70, 0x00, 0xE7, 0x9C, 0xF3, 0x8E, 0x73, 0xCE, 0x71, 0xC0,
    0x38, 0x07, 0x00, 0xE0, 0x1C, 0x03, 0x80, 0x70, 0x0E, 0x01, 0xC0, 0x38, 0x07, 0xFF, 0xFF, 0xFF,
    0xFC, 0xEF, 0xEF, 0xE7, 0xEF, 0xEE, 0xE0, 0xE0, 0xE0, 0xE0, 0xE0, 0xE0, 0xE0, 0xE0, 0xE0, 0xE0,
    0xE0, 0xE0, 0xE0, 0xE0, 0xE0, 0x1C, 0x03, 0x80, 0x70, 0x0E, 0x01, 0xC0, 0x38, 0x77, 0x0E, 0xE1,
    0xDC, 0x3B, 0x80, 0x70, 0x0E, 0x01, 0xC0, 0x38, 0x07, 0xFF, 0xFF, 0xFF, 0xFC, 0xE1, 0xC3, 0x87,
    0x0E, 0x1C, 0x38, 0x77, 0xEF, 0xDF, 0xBF, 0x0E, 0x1C, 0x38, 0x70, 0xE1, 0xC3, 0x80, 0x1C, 0x00,
    0x70, 0x01, 0xC0, 0x07, 0x00, 0x1C, 0x00, 0x70, 0x01, 0xF0, 0x07, 0xE0, 0x3F, 0x83, 0xF0, 0x07,
    0xC0, 0x17, 0x00, 0x1C, 0x00, 0x70, 0x01, 0xC0, 0x07, 0xFF, 0x1F, 0xFC, 0x7F, 0xF0, 0x38, 0x70,
    0xE1, 0xC3, 0x87, 0x0E, 0x1E, 0x3F, 0xFB, 0xE3, 0xC3, 0x87, 0x0E, 0x1C, 0x38, 0x70, 0xE0, 0x00,
    0x40, 0x03, 0xC0, 0x0F, 0x80, 0x3E, 0x00, 0x60, 0x00, 0x00, 0x38, 0x03, 0xF8, 0x07, 0xF8, 0x0F,
    0xF0, 0x1F, 0xF0, 0x3F, 0xF0, 0x7F, 0xF0, 0xFD, 0xE1, 0xF9, 0xE3, 0xF1, 0xE7, 0xE3, 0xEF, 0xC3,
    0xDF, 0x83, 0xFF, 0x03, 0xFE, 0x07, 0xFC, 0x07, 0xF8, 0x07, 0xF0, 0x07, 0x01, 0x00, 0x38, 0x07,
    0x80, 0xF8, 0x0E, 0x00, 0x00, 0x00, 0x0E, 0xFC, 0xFF, 0xEF, 0xFE, 0xF0, 0xFE, 0x0F, 0xE0, 0x7E,
    0x07, 0xE0, 0x7E, 0x07, 0xE0, 0x7E, 0x07, 0xE0, 0x7E, 0x07, 0xE0, 0x70, 0xE0, 0x0F, 0xE0, 0x1F,
    0xE0, 0x3F, 0xC0, 0x7F, 0xC0, 0xFF, 0xC1, 0xFF, 0xC3, 0xF7, 0x87, 0xE7, 0x8F, 0xC7, 0x9F, 0x8F,
    0xBF, 0x0F, 0x7E, 0x0F, 0xFC, 0x0F, 0xF8, 0x1F, 0xF0, 0x1F, 0xE0, 0x1F, 0xC0, 0x1C, 0x00, 0x00,
    0x1E, 0x00, 0x3C, 0x00, 0x78, 0x00, 0xF0, 0x01, 0xC0, 0x00, 0x00, 0xEF, 0xCF, 0xFE, 0xFF, 0xEF,
    0x0F, 0xE0, 0xFE, 0x07, 0xE0, 0x7E, 0x07, 0xE0, 0x7E, 0x07, 0xE0, 0x7E, 0x07, 0xE0, 0x7E, 0x07,
    0x00, 0x00, 0xF0, 0x0F, 0x00, 0xF0, 0x0F, 0x00, 0xE0, 0x00, 0x00, 0x00, 0x00, 0x3D, 0xE0, 0x3F,
    0x80, 0x3E, 0x00, 0x00, 0x00, 0x00, 0x38, 0x03, 0xF8, 0x07, 0xF8, 0x0F, 0xF0, 0x1F, 0xF0, 0x3F,
    0xF0, 0x7F, 0xF0, 0xFD, 0xE1, 0xF9, 0xE3, 0xF1, 0xE7, 0xE3, 0xEF, 0xC3, 0xDF, 0x83, 0xFF, 0x03,
    0xFE, 0x07, 0xFC, 0x07, 0xF8, 0x07, 0xF0, 0x07, 0x18, 0xC1, 0xFC, 0x0F, 0x80, 0xF8, 0x00, 0x00,
    0x00, 0xEF, 0xCF, 0xFE, 0xFF, 0xEF, 0x0F, 0xE0, 0xFE, 0x07, 0xE0, 0x7E, 0x07, 0xE0, 0x7E, 0x07,
    0xE0, 0x7E, 0x07, 0xE0, 0x7E, 0x07, 0x78, 0x00, 0x38, 0x00, 0x1C, 0x00, 0x0E, 0x00, 0x06, 0x77,
    0xE3, 0x3F, 0xFB, 0x9F, 0xFC, 0x0F, 0x9F, 0x07, 0x87, 0x83, 0x81, 0xC1, 0xC0, 0xE0, 0xE0, 0x70,
    0x70, 0x38, 0x38, 0x1C, 0x1C, 0x0E, 0x0E, 0x07, 0x07, 0x03, 0x83, 0x81, 0xC0, 0xE0, 0x0F, 0xE0,
    0x1F, 0xE0, 0x3F, 0xC0, 0x7F, 0xC0, 0xFF, 0xC1, 0xFF, 0xC3, 0xF7, 0x87, 0xE7, 0x8F, 0xC7, 0x9F,
    0x8F, 0xBF, 0x0F, 0x7E, 0x0F, 0xFC, 0x0F, 0xF8, 0x0F, 0xF0, 0x1F, 0xE0, 0x1F, 0xC0, 0x1C, 0x00,
    0x38, 0x00, 0x70, 0x03, 0xE0, 0x0F, 0x80, 0x0E, 0x00, 0xEF, 0xCF, 0xFE, 0xFF, 0xEF, 0x0F, 0xE0,
    0xFE, 0x07, 0xE0, 0x7E, 0x07, 0xE0, 0x7E, 0x07, 0xE0, 0x7E, 0x07, 0xE0, 0x7E, 0x07, 0x00, 0x70,
    0x0F, 0x03, 0xF0, 0x3E, 0x03, 0xC0, 0x07, 0xF8, 0x03, 0xFC, 0x01, 0xFE, 0x00, 0x00, 0x00, 0x00,
    0x00, 0x3F, 0x80, 0x7F, 0xF0, 0x7F, 0xFC, 0x7C, 0x1F, 0x3C, 0x07, 0xBC, 0x01, 0xFC, 0x00, 0x7E,
    0x00, 0x3F, 0x00, 0x1F, 0x80, 0x0F, 0xC0, 0x07, 0xE0, 0x03, 0xF8, 0x03, 0xDE, 0x03, 0xCF, 0x83,
    0xE3, 0xFF, 0xE0, 0xFF, 0xE0, 0x1F, 0xC0, 0x1F, 0xC0, 0x7F, 0x01, 0xFC, 0x00, 0x00, 0x1F, 0xC0,
    0xFF, 0xC7, 0xFF, 0xBE, 0x1E, 0xF0, 0x3F, 0x80, 0xFE, 0x01, 0xF8, 0x07, 0xE0, 0x3F, 0xC0, 0xFF,
    0x87, 0x9F, 0xFE, 0x3F, 0xF0, 0x7F, 0x00, 0x0E, 0x38, 0x07, 0xBC, 0x01, 0xFC, 0x00, 0x7C, 0x00,
    0x1C, 0x00, 0x00, 0x00, 0x1F, 0xC0, 0x3F, 0xF8, 0x3F, 0xFE, 0x3E, 0x0F, 0x9E, 0x03, 0xDE, 0x00,
    0xFE, 0x00, 0x3F, 0x00, 0x1F, 0x80, 0x0F, 0xC0, 0x07, 0xE0, 0x03, 0xF0, 0x01, 0xFC, 0x01, 0xEF,
    0x01, 0xE7, 0xC1, 0xF1, 0xFF, 0xF0, 0x7F, 0xF0, 0x0F, 0xE0, 0x00, 0x40, 0xE3, 0x81, 0xDE, 0x07,
    0xF8, 0x0F, 0xC0, 0x1C, 0x00, 0x00, 0x07, 0xF0, 0x3F, 0xF1, 0xFF, 0xEF, 0x87, 0xBC, 0x0F, 0xE0,
    0x3F, 0x80, 0x7E, 0x01, 0xF8, 0x0F, 0xF0, 0x3F, 0xE1, 0xE7, 0xFF, 0x8F, 0xFC, 0x1F, 0xC0, 0x01,
    0x8C, 0x01, 0xEF, 0x01, 0xFF, 0x80, 0xF7, 0x80, 0x63, 0x00, 0x00, 0x00, 0x1F, 0xC0, 0x3F, 0xF8,
    0x3F, 0xFE, 0x3E, 0x0F, 0x9E, 0x03, 0xDE, 0x00, 0xFE, 0x00, 0x3F, 0x00, 0x1F, 0x80, 0x0F, 0xC0,
    0x07, 0xE0, 0x03, 0xF0, 0x01, 0xFC, 0x01, 0xEF, 0x01, 0xE7, 0xC1, 0xF1, 0xFF, 0xF0, 0x7F, 0xF0,
    0x0F, 0xE0, 0x04, 0x20, 0x31, 0xC1, 0xEF, 0x1F, 0xF8, 0x31, 0xC0, 0x00, 0x00, 0x00, 0x07, 0xF0,
    0x3F, 0xF1, 0xFF, 0xEF, 0x87, 0xBC, 0x0F, 0xE0, 0x3F, 0x80, 0x7E, 0x01, 0xF8, 0x0F, 0xF0, 0x3F,
    0xE1, 0xE7, 0xFF, 0x8F, 0xFC, 0x1F, 0xC0, 0x07, 0xFF, 0xFE, 0x3F, 0xFF, 0xFC, 0xFF, 0xFF, 0xFB,
    0xE0, 0xE0, 0x07, 0x01, 0xC0, 0x1E, 0x03, 0x80, 0x38, 0x07, 0x00, 0x70, 0x0F, 0xFC, 0xE0, 0x1F,
    0xF9, 0xC0, 0x3F, 0xF3, 0x80, 0x70, 0x07, 0x00, 0xE0, 0x0F, 0x01, 0xC0, 0x0E, 0x03, 0x80, 0x1E,
    0x07, 0x00, 0x1F, 0xFF, 0xFF, 0x1F, 0xFF, 0xFE, 0x1F, 0xFF, 0xFC, 0x1F, 0xC3, 0xF8, 0x3F, 0xF7,
    0xFC, 0x7F, 0xFF, 0xFE, 0xF8, 0x7E, 0x0E, 0xF0, 0x3E, 0x0F, 0xE0, 0x3F, 0xFF, 0xE0, 0x1F, 0xFF,
    0xE0, 0x1F, 0xFF, 0xE0, 0x3C, 0x00, 0xF0, 0x3E, 0x00, 0xF8, 0x7F, 0x0E, 0x7F, 0xFF, 0xFE, 0x3F,
    0xF7, 0xFE, 0x1F, 0xC3, 0xF8, 0x01, 0x00, 0x1E, 0x00, 0xF8, 0x07, 0xC0, 0x18, 0x00, 0x00, 0x0F,
    0xFC, 0x3F, 0xFC, 0xFF, 0xF3, 0x81, 0xEE, 0x03, 0xB8, 0x0E, 0xE0, 0x3B, 0x81, 0xEF, 0xFF, 0xBF,
    0xFC, 0xFF, 0xC3, 0x87, 0x8E, 0x1E, 0x38, 0x3C, 0xE0, 0xF3, 0x81, 0xEE, 0x07, 0xB8, 0x0F, 0x04,
    0x06, 0x07, 0x87, 0x83, 0x00, 0x00, 0x01, 0xDE, 0xFF, 0x7F, 0xBC, 0x1C, 0x0E, 0x07, 0x03, 0x81,
    0xC0, 0xE0, 0x70, 0x38, 0x1C, 0x0E, 0x00, 0xFF, 0xC3, 0xFF, 0xCF, 0xFF, 0x38, 0x1E, 0xE0, 0x3B,
    0x80, 0xEE, 0x03, 0xB8, 0x1E, 0xFF, 0xFB, 0xFF, 0xCF, 0xFC, 0x38, 0xF0, 0xE1, 0xE3, 0x87, 0xCE,
    0x0F, 0x38, 0x1E, 0xE0, 0x7B, 0x80, 0xF0, 0x00, 0x03, 0xC0, 0x0F, 0x00, 0x3C, 0x00, 0xF0, 0x03,
    0x80, 0x00, 0x00, 0x73, 0xDF, 0xF7, 0xFD, 0xF0, 0x78, 0x1C, 0x07, 0x01, 0xC0, 0x70, 0x1C, 0x07,
    0x01, 0xC0, 0x70, 0x1C, 0x00, 0x01, 0xE0, 0x78, 0x1E, 0x07, 0x81, 0xC0, 0x00, 0x00, 0x00, 0x01,
    0xEF, 0x03, 0xF8, 0x07, 0xC0, 0x00, 0x00, 0x00, 0x0F, 0xFC, 0x3F, 0xFC, 0xFF, 0xF3, 0x81, 0xEE,
    0x03, 0xB8, 0x0E, 0xE0, 0x3B, 0x81, 0xEF, 0xFF, 0xBF, 0xFC, 0xFF, 0xC3, 0x87, 0x8E, 0x1E, 0x38,
    0x3C, 0xE0, 0xF3, 0x81, 0xEE, 0x07, 0xB8, 0x0F, 0x63, 0x3F, 0x9F, 0x87, 0x80, 0x00, 0x03, 0xBD,
    0xFE, 0xFF, 0x78, 0x38, 0x1C, 0x0E, 0x07, 0x03, 0x81, 0xC0, 0xE0, 0x70, 0x38, 0x1C, 0x00, 0x00,
    0x40, 0x0E, 0x00, 0xF8, 0x1F, 0x80, 0x60, 0x00, 0x00, 0x7F, 0x87, 0xFE, 0x7F, 0xFB, 0xC3, 0xDC,
    0x0C, 0xE0, 0x07, 0x80, 0x3F, 0x80, 0xFF, 0x83, 0xFE, 0x03, 0xF8, 0x03, 0xD0, 0x0E, 0xC0, 0x7F,
    0x07, 0xFF, 0xFD, 0xFF, 0xC3, 0xF8, 0x02, 0x00, 0xE0, 0x3C, 0x0F, 0x01, 0xC0, 0x00, 0x00, 0x00,
    0xFC, 0x7F, 0xCF, 0xFD, 0xC3, 0x38, 0x07, 0xC0, 0x7F, 0x07, 0xF0, 0x1F, 0x00, 0xEE, 0x3D, 0xFF,
    0xBF, 0xE3, 0xF8, 0x03, 0x80, 0x3E, 0x03, 0xF8, 0x39, 0xC0, 0x06, 0x00, 0x00, 0x7F, 0x87, 0xFE,
    0x7F, 0xFB, 0xC3, 0xDC, 0x0C, 0xE0, 0x07, 0x80, 0x3F, 0x80, 0xFF, 0x83, 0xFE, 0x03, 0xF8, 0x03,
    0xD0, 0x0E, 0xC0, 0x7F, 0x07, 0xFF, 0xFD, 0xFF, 0xC3, 0xF8, 0x0F, 0x03, 0xF0, 0xFE, 0x18, 0xE0,
    0x00, 0x00, 0x07, 0xE3, 0xFE, 0x7F, 0xEE, 0x19, 0xC0, 0x3E, 0x03, 0xF8, 0x3F, 0x80, 0xF8, 0x07,
    0x71, 0xEF, 0xFD, 0xFF, 0x1F, 0xC0, 0x1F, 0xE1, 0xFF, 0x9F, 0xFE, 0xF0, 0xF7, 0x03, 0x38, 0x01,
    0xE0, 0x0F, 0xE0, 0x3F, 0xE0, 0xFF, 0x80, 0xFE, 0x00, 0xF4, 0x03, 0xB0, 0x1F, 0xC1, 0xFF, 0xFF,
    0x7F, 0xF0, 0xFE, 0x01, 0xC0, 0x0F, 0x00, 0x7C, 0x00, 0xE0, 0x1F, 0x01, 0xF0, 0x04, 0x00, 0x1F,
    0x8F, 0xF9, 0xFF, 0xB8, 0x67, 0x00, 0xF8, 0x0F, 0xE0, 0xFE, 0x03, 0xE0, 0x1D, 0xC7, 0xBF, 0xF7,
    0xFC, 0x7F, 0x03, 0x00, 0x78, 0x1F, 0x80, 0x70, 0x3E, 0x0F, 0x80, 0x00, 0x18, 0x60, 0xFF, 0x03,
    0xF0, 0x0F, 0x00, 0x00, 0x00, 0x00, 0x7F, 0x87, 0xFE, 0x7F, 0xFB, 0xC3, 0xDC, 0x0C, 0xE0, 0x07,
    0x80, 0x3F, 0x80, 0xFF, 0x83, 0xFE, 0x03, 0xF8, 0x03, 0xD0, 0x0E, 0xC0, 0x7F, 0x07, 0xFF, 0xFD,
    0xFF, 0xC3, 0xF8, 0x31, 0x87, 0xF0, 0x7C, 0x07, 0x80, 0x00, 0x00, 0x07, 0xE3, 0xFE, 0x7F, 0xEE,
    0x19, 0xC0, 0x3E, 0x03, 0xF8, 0x3F, 0x80, 0xF8, 0x07, 0x71, 0xEF, 0xFD, 0xFF, 0x1F, 0xC0, 0xFF,
    0xFF, 0xFF, 0xFF, 0xFE, 0x0E, 0x00, 0x70, 0x03, 0x80, 0x1C, 0x00, 0xE0, 0x07, 0x00, 0x38, 0x01,
    0xC0, 0x0E, 0x00, 0x70, 0x03, 0x80, 0x1C, 0x00, 0xE0, 0x07, 0x00, 0x38, 0x01, 0x80, 0x1E, 0x00,
    0xF8, 0x01, 0xC0, 0x1E, 0x01, 0xE0, 0x08, 0x00, 0x1C, 0x0E, 0x07, 0x1F, 0xFF, 0xFF, 0xFC, 0x70,
    0x38, 0x1C, 0x0E, 0x07, 0x03, 0x81, 0xC0, 0xE0, 0x70, 0x38, 0x1C, 0x0C, 0x0F, 0x07, 0xC0, 0xE0,
    0xF0, 0xF0, 0x40, 0x00, 0x01, 0xCF, 0x07, 0xF0, 0x1F, 0x00, 0x00, 0x00, 0x03, 0xFF, 0xFF, 0xFF,
    0xFF, 0xF8, 0x38, 0x01, 0xC0, 0x0E, 0x00, 0x70, 0x03, 0x80, 0x1C, 0x00, 0xE0, 0x07, 0x00, 0x38,
    0x01, 0xC0, 0x0E, 0x00, 0x70, 0x03, 0x80, 0x1C, 0x00, 0xE0, 0x01, 0xC0, 0x3C, 0x07, 0x80, 0x71,
    0xDC, 0x3B, 0x07, 0x07, 0xFC, 0xFF, 0x9F, 0xF0, 0x70, 0x0E, 0x01, 0xC0, 0x38, 0x07, 0x00, 0xE0,
    0x1C, 0x03, 0x80, 0x70, 0x0E, 0x01, 0xC0, 0xFF, 0xFF, 0xFF, 0xFF, 0xFE, 0x0E, 0x00, 0x70, 0x03,
    0x80, 0x1C, 0x03, 0xF8, 0x1F, 0xC0, 0xFE, 0x01, 0xC0, 0x0E, 0x00, 0x70, 0x03, 0x80, 0x1C, 0x00,
    0xE0, 0x07, 0x00, 0x38, 0x00, 0x1C, 0x0E, 0x07, 0x1F, 0xFF, 0xFF, 0xFC, 0x70, 0x38, 0x1C, 0x3F,
    0x9F, 0xCF, 0xE1, 0xC0, 0xE0, 0x70, 0x38, 0x1C, 0x00, 0x0E, 0x70, 0x7F, 0xC1, 0xFE, 0x06, 0xF8,
    0x00, 0x00, 0x00, 0x0E, 0x01, 0xF8, 0x07, 0xE0, 0x1F, 0x80, 0x7E, 0x01, 0xF8, 0x07, 0xE0, 0x1F,
    0x80, 0x7E, 0x01, 0xF8, 0x07, 0xE0, 0x1F, 0x80, 0x7F, 0x01, 0xFC, 0x0F, 0xF8, 0x7D, 0xFF, 0xE3,
    0xFF, 0x07, 0xF8, 0x1C, 0xC3, 0xFC, 0x3F, 0xC7, 0x78, 0x33, 0x00, 0x00, 0xE0, 0x7E, 0x07, 0xE0,
    0x7E, 0x07, 0xE0, 0x7E, 0x07, 0xE0, 0x7E, 0x07, 0xE0, 0x7E, 0x0F, 0xF0, 0xFF, 0xFF, 0x7F, 0xF3,
    0xE7, 0x1F, 0xE0, 0x7F, 0x81, 0xFE, 0x00, 0x00, 0x00, 0x03, 0x80, 0x7E, 0x01, 0xF8, 0x07, 0xE0,
    0x1F, 0x80, 0x7E, 0x01, 0xF8, 0x07, 0xE0, 0x1F, 0x80, 0x7E, 0x01, 0xF8, 0x07, 0xE0, 0x1F, 0x80,
    0x7F, 0x03, 0xFE, 0x1F, 0x7F, 0xF8, 0xFF, 0xC1, 0xFE, 0x00, 0x3F, 0x83, 0xF8, 0x3F, 0x80, 0x00,
    0xE0, 0x7E, 0x07, 0xE0, 0x7E, 0x07, 0xE0, 0x7E, 0x07, 0xE0, 0x7E, 0x07, 0xE0, 0x7E, 0x0F, 0xF0,
    0xFF, 0xFF, 0x7F, 0x73, 0xE7, 0x18, 0x60, 0x73, 0x81, 0xFE, 0x03, 0xF0, 0x07, 0x00, 0x00, 0x0E,
    0x01, 0xF8, 0x07, 0xE0, 0x1F, 0x80, 0x7E, 0x01, 0xF8, 0x07, 0xE0, 0x1F, 0x80, 0x7E, 0x01, 0xF8,
    0x07, 0xE0, 0x1F, 0x80, 0x7E, 0x01, 0xFC, 0x0F, 0xF8, 0x7D, 0xFF, 0xE3, 0xFF, 0x07, 0xF8, 0x00,
    0x87, 0x1C, 0x3B, 0xC3, 0xF8, 0x1F, 0x80, 0xE0, 0x00, 0x0E, 0x07, 0xE0, 0x7E, 0x07, 0xE0, 0x7E,
    0x07, 0xE0, 0x7E, 0x07, 0xE0, 0x7E, 0x07, 0xE0, 0xFF, 0x0F, 0xFF, 0xF7, 0xFF, 0x3E, 0x70, 0x07,
    0x80, 0x3F, 0x00, 0xFC, 0x03, 0xB0, 0x0F, 0xC0, 0x1E, 0x0E, 0x01, 0xF8, 0x07, 0xE0, 0x1F, 0x80,
    0x7E, 0x01, 0xF8, 0x07, 0xE0, 0x1F, 0x80, 0x7E, 0x01, 0xF8, 0x07, 0xE0, 0x1F, 0x80, 0x7E, 0x01,
    0xFC, 0x0F, 0xF8, 0x7D, 0xFF, 0xE3, 0xFF, 0x07, 0xF8, 0x0F, 0x01, 0xF8, 0x1F, 0x81, 0xB8, 0x1F,
    0x80, 0xF0, 0x00, 0x00, 0x00, 0xE0, 0x7E, 0x07, 0xE0, 0x7E, 0x07, 0xE0, 0x7E, 0x07, 0xE0, 0x7E,
    0x07, 0xE0, 0x7E, 0x0F, 0xF0, 0xFF, 0xFF, 0x7F, 0xF3, 0xE7, 0x00, 0x00, 0x1C, 0xE0, 0x73, 0x83,
    0xDE, 0x1E, 0xF0, 0x21, 0x00, 0x00, 0x38, 0x07, 0xE0, 0x1F, 0x80, 0x7E, 0x01, 0xF8, 0x07, 0xE0,
    0x1F, 0x80, 0x7E, 0x01, 0xF8, 0x07, 0xE0, 0x1F, 0x80, 0x7E, 0x01, 0xF8, 0x07, 0xF0, 0x3F, 0xE1,
    0xF7, 0xFF, 0x8F, 0xFC, 0x1F, 0xE0, 0x08, 0x43, 0xDE, 0x7F, 0xE7, 0xBC, 0x63, 0x00, 0x00, 0x00,
    0x0E, 0x07, 0xE0, 0x7E, 0x07, 0xE0, 0x7E, 0x07, 0xE0, 0x7E, 0x07, 0xE0, 0x7E, 0x07, 0xE0, 0xFF,
    0x0F, 0xFF, 0xF7, 0xFF, 0x3E, 0x70, 0xE0, 0x1F, 0x80, 0x7E, 0x01, 0xF8, 0x07, 0xE0, 0x1F, 0x80,
    0x7E, 0x01, 0xF8, 0x07, 0xE0, 0x1F, 0x80, 0x7E, 0x01, 0xF8, 0x07, 0xE0, 0x1F, 0xC0, 0xFF, 0x87,
    0xDF, 0xFE, 0x3F, 0xF0, 0x7F, 0x80, 0x3C, 0x00, 0xE0, 0x03, 0xE0, 0x0F, 0x80, 0x3E, 0x00, 0xE0,
    0x77, 0x03, 0xB8, 0x1D, 0xC0, 0xEE, 0x07, 0x70, 0x3B, 0x81, 0xDC, 0x0E, 0xE0, 0x77, 0x07, 0xBC,
    0x3D, 0xFF, 0xE7, 0xFF, 0x1F, 0xF8, 0x07, 0x80, 0x70, 0x03, 0xF0, 0x1F, 0x80, 0x78, 0x00, 0x1C,
    0x00, 0x00, 0x1F, 0x00, 0x00, 0x1F, 0xC0, 0x00, 0x1E, 0xF0, 0x00, 0x00, 0x10, 0x00, 0x00, 0x00,
    0x03, 0xC0, 0x00, 0x1E, 0xE0, 0x00, 0x0E, 0x78, 0x00, 0x0F, 0x3C, 0x0E, 0x07, 0x8E, 0x0F, 0x83,
    0x87, 0x07, 0xC3, 0xC3, 0xC3, 0xE1, 0xE0, 0xE3, 0xF8, 0xE0, 0x71, 0xDC, 0xF0, 0x3D, 0xEE, 0x78,
    0x1E, 0xE7, 0xB8, 0x07, 0x71, 0xDC, 0x03, 0xF8, 0xFE, 0x01, 0xF8, 0x3E, 0x00, 0x7C, 0x1F, 0x00,
    0x3C, 0x0F, 0x80, 0x1E, 0x03, 0xC0, 0x07, 0x01, 0xC0, 0x00, 0xF0, 0x00, 0x1F, 0x80, 0x03, 0xFC,
    0x00, 0x30, 0xC0, 0x00, 0x00, 0x00, 0x00, 0x00, 0xF0, 0x00, 0xF7, 0x00, 0x0E, 0x70, 0x60, 0xE7,
    0x8F, 0x1E, 0x38, 0xF1, 0xC3, 0x9F, 0x9C, 0x3D, 0xFB, 0xC1, 0xDF, 0xB8, 0x1F, 0x9F, 0x81, 0xF9,
    0xF8, 0x0F, 0x9F, 0x80, 0xF0, 0xF0, 0x0F, 0x0F, 0x00, 0xE0, 0x70, 0x01, 0x80, 0x03, 0xC0, 0x07,
    0xE0, 0x0F, 0xF0, 0x0C, 0x30, 0x00, 0x00, 0xF0, 0x0F, 0x78, 0x0E, 0x78, 0x1E, 0x3C, 0x3C, 0x1E,
    0x3C, 0x1E, 0x78, 0x0F, 0x70, 0x07, 0xF0, 0x03, 0xE0, 0x03, 0xC0, 0x01, 0xC0, 0x01, 0xC0, 0x01,
    0xC0, 0x01, 0xC0, 0x01, 0xC0, 0x01, 0xC0, 0x01, 0xC0, 0x01, 0xC0, 0x03, 0xC0, 0x0F, 0xC0, 0x3F,
    0xC0, 0x63, 0x80, 0x00, 0x00, 0x00, 0x3C, 0x07, 0xB8, 0x0F, 0x78, 0x3C, 0x70, 0x78, 0xF0, 0xE1,
    0xE3, 0xC1, 0xC7, 0x83, 0xCE, 0x03, 0xBC, 0x07, 0xF0, 0x0F, 0xE0, 0x0F, 0xC0, 0x1F, 0x00, 0x1E,
    0x00, 0x3C, 0x00, 0x70, 0x01, 0xE0, 0x03, 0x80, 0x07, 0x00, 0x1E, 0x00, 0x0E, 0x70, 0x0F, 0x70,
    0x0E, 0x70, 0x00, 0x00, 0x00, 0x00, 0xF0, 0x0F, 0x78, 0x1E, 0x3C, 0x1E, 0x3C, 0x3C, 0x1E, 0x38,
    0x0F, 0x78, 0x0F, 0x70, 0x07, 0xF0, 0x03, 0xE0, 0x03, 0xE0, 0x01, 0xC0, 0x01, 0xC0, 0x01, 0xC0,
    0x01, 0xC0, 0x01, 0xC0, 0x01, 0xC0, 0x01, 0xC0, 0x01, 0xC0, 0x01, 0x80, 0x0F, 0x00, 0xFC, 0x03,
    0xC0, 0x0C, 0x00, 0x00, 0x0F, 0xFF, 0xBF, 0xFE, 0xFF, 0xF8, 0x03, 0xC0, 0x1F, 0x00, 0x78, 0x03,
    0xC0, 0x1E, 0x00, 0x78, 0x03, 0xC0, 0x1E, 0x00, 0x78, 0x03, 0xC0, 0x1E, 0x00, 0x70, 0x03, 0xFF,
    0xFF, 0xFF, 0xFF, 0xFF, 0x06, 0x03, 0x81, 0xF0, 0xF0, 0x38, 0x00, 0x00, 0x03, 0xFF, 0xFF, 0xFF,
    0xF0, 0x3C, 0x1E, 0x0F, 0x07, 0x81, 0xE0, 0xF0, 0x78, 0x3C, 0x0F, 0xFF, 0xFF, 0xFF, 0xC0, 0x07,
    0x00, 0x1C, 0x00, 0x70, 0x00, 0x00, 0x00, 0x03, 0xFF, 0xEF, 0xFF, 0xBF, 0xFE, 0x00, 0xF0, 0x07,
    0xC0, 0x1E, 0x00, 0xF0, 0x07, 0x80, 0x1E, 0x00, 0xF0, 0x07, 0x80, 0x1E, 0x00, 0xF0, 0x07, 0x80,
    0x1E, 0x00, 0xFF, 0xFF, 0xFF, 0xFF, 0xFF, 0xC0, 0x1C, 0x07, 0x01, 0xC0, 0x00, 0x00, 0x00, 0x0F,
    0xFF, 0xFF, 0xFF, 0xC1, 0xF0, 0xF8, 0x3C, 0x1E, 0x0F, 0x03, 0xC1, 0xE0, 0xF0, 0x3F, 0xFF, 0xFF,
    0xFF, 0x00, 0x00, 0xE7, 0x81, 0xFC, 0x03, 0xE0, 0x00, 0x00, 0x00, 0x0F, 0xFF, 0xBF, 0xFE, 0xFF,
    0xF8, 0x03, 0xC0, 0x1F, 0x00, 0x78, 0x03, 0xC0, 0x1E, 0x00, 0x78, 0x03, 0xC0, 0x1E, 0x00, 0x78,
    0x03, 0xC0, 0x1E, 0x00, 0x70, 0x03, 0xFF, 0xFF, 0xFF, 0xFF, 0xFF, 0x73, 0x9F, 0xE3, 0xF0, 0x78,
    0x00, 0x00, 0x0F, 0xFF, 0xFF, 0xFF, 0xC0, 0xF0, 0x78, 0x3C, 0x1E, 0x07, 0x83, 0xC1, 0xE0, 0xF0,
    0x3F, 0xFF, 0xFF, 0xFF, 0x7F, 0xFF, 0x87, 0x0E, 0x1C, 0x38, 0x70, 0xE1, 0xC3, 0x87, 0x0E, 0x1C,
    0x38, 0x70, 0xE1, 0xC3, 0x80, 0x00, 0x03, 0x80, 0x01, 0xC0, 0x01, 0xE0, 0x01, 0xE0, 0x7F, 0xF0,
    0xFF, 0xF0, 0xFF, 0xF8, 0xF8, 0x3E, 0x78, 0x0F, 0x78, 0x03, 0xF8, 0x00, 0xFC, 0x00, 0x7E, 0x00,
    0x3F, 0x00, 0x1F, 0x80, 0x0F, 0xC0, 0x07, 0xF0, 0x07, 0xBC, 0x07, 0x9F, 0x07, 0xC7, 0xFF, 0xC1,
    0xFF, 0xC0, 0x3F, 0x80, 0x00, 0x1C, 0x00, 0xF0, 0x03, 0xC7, 0xFE, 0x3F, 0xF1, 0xFF, 0xEF, 0x87,
    0xBC, 0x0F, 0xE0, 0x3F, 0x80, 0x7E, 0x01, 0xF8, 0x0F, 0xF0, 0x3F, 0xE1, 0xE7, 0xFF, 0x0F, 0xFC,
    0x1F, 0xC0, 0x00, 0x03, 0x80, 0x01, 0xC0, 0x00, 0xE0, 0x00, 0xFE, 0x01, 0xF7, 0x00, 0xF3, 0x80,
    0x71, 0xC0, 0x38, 0xE0, 0x1C, 0x70, 0x0E, 0x38, 0x07, 0x1C, 0x03, 0x8E, 0x01, 0xC7, 0x00, 0xE3,
    0x80, 0x71, 0xC0, 0x38, 0xE0, 0x1C, 0x78, 0x1E, 0x3E, 0x1F, 0x0F, 0xFF, 0x03, 0xFF, 0x00, 0xFF,
    0x00, 0x00, 0x1C, 0x00, 0xF0, 0x03, 0xB8, 0x1E, 0xE0, 0x73, 0x81, 0xCE, 0x07, 0x38, 0x1C, 0xE0,
    0x73, 0x81, 0xCE, 0x07, 0x38, 0x1C, 0xE0, 0xF3, 0xC3, 0xCF, 0xFF, 0x1F, 0xFC, 0x3E, 0x70, 0x00,
    0x00, 0x00, 0x00, 0x00, 0x00, 0x73, 0xC0, 0x00, 0x00, 0xFE, 0x00, 0x00, 0x01, 0xF0, 0x00, 0x00,
    0x00, 0x00, 0x00, 0x00, 0x00, 0x0F, 0xFE, 0x07, 0xFF, 0xFF, 0xFC, 0x1F, 0xFF, 0xFF, 0xF8, 0x7F,
    0xFF, 0x81, 0xF0, 0x01, 0xEE, 0x01, 0xC0, 0x0F, 0xB8, 0x07, 0x80, 0x3C, 0xE0, 0x0E, 0x01, 0xE3,
    0x80, 0x38, 0x0F, 0x0E, 0x00, 0xE0, 0x7C, 0x38, 0x03, 0x81, 0xE0, 0xE0, 0x0E, 0x0F, 0x03, 0x80,
    0x38, 0x78, 0x0E, 0x01, 0xE3, 0xE0, 0x38, 0x07, 0x0F, 0x00, 0xE0, 0x7C, 0x78, 0x03, 0xFF, 0xE3,
    0xFF, 0xFF, 0xFF, 0x0F, 0xFF, 0xFF, 0xF8, 0x3F, 0xFF, 0x00, 0x00, 0x10, 0x80, 0x00, 0x07, 0x3B,
    0xFF, 0x80, 0x7E, 0x7F, 0xF8, 0x07, 0x8F, 0xFF, 0x80, 0x61, 0xC0, 0xF8, 0x00, 0x38, 0x07, 0x1F,
    0xFF, 0x00, 0xF3, 0xFF, 0xE0, 0x0E, 0x7F, 0xFC, 0x01, 0xC0, 0x3F, 0x80, 0x38, 0x0F, 0x70, 0x07,
    0x03, 0xCE, 0x00, 0xE0, 0xF1, 0xC0, 0x1C, 0x1E, 0x38, 0x07, 0x87, 0x87, 0x00, 0xE1, 0xE0, 0xE0,
    0x7C, 0x78, 0x1F, 0xFF, 0x0F, 0xFF, 0xFF, 0xC1, 0xFF, 0xFF, 0xF0, 0x3F, 0xF0, 0x00, 0x00, 0x21,
    0x00, 0x0E, 0x1C, 0xE0, 0x03, 0x87, 0xF8, 0x00, 0xE0, 0xFC, 0x00, 0x38, 0x1E, 0x00, 0x0E, 0x00,
    0x00, 0x03, 0x80, 0x00, 0x7F, 0xE3, 0xFF, 0x3F, 0xF8, 0xFF, 0xDF, 0xFE, 0x3F, 0xFF, 0x07, 0x80,
    0x3F, 0xC1, 0xE0, 0x1E, 0xE0, 0x38, 0x0F, 0x38, 0x0E, 0x07, 0x8E, 0x03, 0x81, 0xE3, 0x80, 0xE0,
    0xF0, 0xF0, 0x78, 0x78, 0x3C, 0x1E, 0x3C, 0x07, 0xFF, 0x8F, 0xFC, 0xFF, 0xE3, 0xFF, 0x1F, 0xB8,
    0xFF, 0xC0, 0xE0, 0x00, 0x1F, 0xFE, 0x00, 0x01, 0xFF, 0xE0, 0x00, 0x1F, 0xFE, 0x00, 0x00, 0x38,
    0xE0, 0x00, 0x03, 0x8E, 0x00, 0x00, 0x38, 0xE0, 0x00, 0x03, 0x8E, 0x00, 0x00, 0x38, 0xE0, 0x00,
    0x03, 0x8E, 0x00, 0x00, 0x38, 0xE0, 0x00, 0x03, 0x8E, 0x00, 0x00, 0x38, 0xE0, 0x00, 0x03, 0x8E,
    0x00, 0x10, 0x78, 0xE0, 0x03, 0xCF, 0x8F, 0xFE, 0x3F, 0xF0, 0xFF, 0xE1, 0xFE, 0x0F, 0xFE, 0x0F,
    0xC0, 0x00, 0x01, 0xC0, 0x00, 0x7E, 0x00, 0x1F, 0x80, 0x00, 0xE0, 0x00, 0x38, 0x00, 0x0E, 0x00,
    0x1B, 0x80, 0x06, 0xE0, 0x01, 0xB8, 0x00, 0x6E, 0x00, 0x1B, 0x80, 0x06, 0xE0, 0x01, 0xB8, 0x00,
    0x6E, 0x00, 0x1B, 0x80, 0x06, 0xE0, 0x01, 0xBF, 0xFC, 0x6F, 0xFF, 0x1B, 0xFF, 0xC6, 0x00, 0x01,
    0x80, 0x00, 0xE0, 0x00, 0x78, 0x00, 0x3E, 0x00, 0x07, 0x00, 0x03, 0xF1, 0xF8, 0xFC, 0x0E, 0x07,
    0x03, 0x8F, 0xC7, 0xE3, 0xF1, 0xF8, 0xFC, 0x7E, 0x3F, 0x1F, 0x8F, 0xC7, 0xE3, 0xF1, 0xF8, 0xFC,
    0x70, 0x38, 0x1C, 0x3E, 0x3E, 0x0E, 0x00, 0xE0, 0x0E, 0x01, 0xFF, 0xF0, 0x0E, 0x01, 0xFF, 0xF8,
    0x0E, 0x01, 0xFF, 0xF8, 0x0E, 0x00, 0x1C, 0xFC, 0x0E, 0x00, 0x1C, 0xFE, 0x0E, 0x00, 0x1C, 0xEF,
    0x0E, 0x00, 0x1C, 0xEF, 0x0E, 0x00, 0x1C, 0xE7, 0x8E, 0x00, 0x1C, 0xE3, 0xCE, 0x00, 0x1C, 0xE1,
    0xEE, 0x00, 0x1C, 0xE1, 0xEE, 0x00, 0x1C, 0xE0, 0xFE, 0x00, 0x1C, 0xE0, 0x7E, 0x18, 0x3C, 0xE0,
    0x3E, 0x3C, 0x3C, 0xE0, 0x3E, 0x3F, 0xF8, 0xE0, 0x1E, 0x1F, 0xF0, 0xE0, 0x0E, 0x0F, 0xE0, 0x00,
    0x00, 0x1C, 0x00, 0x00, 0x7E, 0x00, 0xE1, 0xFC, 0x03, 0x80, 0xF8, 0x0E, 0x03, 0xE0, 0x38, 0x0F,
    0xC0, 0xE1, 0xFF, 0x83, 0x87, 0xEF, 0x0E, 0x1F, 0xBC, 0x38, 0x7E, 0x78, 0xE1, 0xF8, 0xF3, 0x87,
    0xE1, 0xEE, 0x1F, 0x87, 0xB8, 0x7E, 0x0F, 0xE1, 0xF8, 0x1F, 0x87, 0xE0, 0x3E, 0x1F, 0x80, 0xF8,
    0x7E, 0x01, 0xE1, 0xF8, 0x03, 0x87, 0x00, 0x00, 0x1C, 0x00, 0x00, 0x70, 0x00, 0x03, 0xC0, 0x00,
    0x3E, 0x00, 0x00, 0x70, 0x00, 0x01, 0xC0, 0x00, 0x70, 0x00, 0x1C, 0x00, 0x00, 0x00, 0x00, 0x00,
    0x00, 0x0E, 0xFC, 0x1F, 0xFF, 0x87, 0xFF, 0xE1, 0xFC, 0x3C, 0x7E, 0x0F, 0x1F, 0x81, 0xC7, 0xE0,
    0x71, 0xF8, 0x1C, 0x7E, 0x07, 0x1F, 0x81, 0xC7, 0xE0, 0x71, 0xF8, 0x1C, 0x7E, 0x07, 0x1F, 0x81,
    0xC7, 0x00, 0x01, 0xC0, 0x00, 0x70, 0x00, 0x7C, 0x00, 0x3E, 0x00, 0x07, 0x00, 0x00, 0x00, 0x03,
    0x9C, 0x01, 0xFC, 0x00, 0x7C, 0x00, 0x00, 0x00, 0x00, 0x00, 0x07, 0x80, 0x07, 0xC0, 0x03, 0xE0,
    0x01, 0xF8, 0x01, 0xFC, 0x00, 0xEF, 0x00, 0x77, 0x80, 0x79, 0xC0, 0x38, 0xF0, 0x3C, 0x78, 0x1E,
    0x1C, 0x0F, 0xFF, 0x0F, 0xFF, 0x87, 0xFF, 0xE3, 0x80, 0xF3, 0xC0, 0x39, 0xC0, 0x1F, 0xE0, 0x0F,
    0x1C, 0xE0, 0xFF, 0x03, 0xF0, 0x0F, 0x00, 0x00, 0x00, 0x00, 0x7E, 0xE7, 0xFF, 0x7F, 0xFF, 0x83,
    0xFC, 0x1F, 0xC0, 0x7E, 0x03, 0xF0, 0x1F, 0x80, 0xFE, 0x0F, 0xF0, 0x7B, 0xFF, 0xCF, 0xFE, 0x3F,
    0x70, 0x00, 0xE7, 0x7F, 0x3C, 0x00, 0x00, 0xFF, 0xFF, 0xFF, 0x1C, 0x1C, 0x1C, 0x1C, 0x1C, 0x1C,
    0x1C, 0x1C, 0x1C, 0x1C, 0x1C, 0x1C, 0xFF, 0xFF, 0xFF, 0x63, 0x7F, 0x7E, 0x3C, 0x00, 0x00, 0x1C,
    0x1C, 0x1C, 0x1C, 0x1C, 0x1C, 0x1C, 0x1C, 0x1C, 0x1C, 0x1C, 0x1C, 0x1C, 0x1C, 0x04, 0x10, 0x07,
    0xFC, 0x01, 0xFC, 0x00, 0x7C, 0x00, 0x00, 0x00, 0x00, 0x00, 0x1F, 0xC0, 0x3F, 0xF8, 0x3F, 0xFE,
    0x3E, 0x0F, 0x9E, 0x03, 0xDE, 0x00, 0xFE, 0x00, 0x3F, 0x00, 0x1F, 0x80, 0x0F, 0xC0, 0x07, 0xE0,
    0x03, 0xF0, 0x01, 0xFC, 0x01, 0xEF, 0x01, 0xE7, 0xC1, 0xF1, 0xFF, 0xF0, 0x7F, 0xF0, 0x0F, 0xE0,
    0x18, 0xE0, 0x7F, 0x80, 0xFC, 0x01, 0xE0, 0x00, 0x00, 0x00, 0x01, 0xFC, 0x0F, 0xFC, 0x7F, 0xFB,
    0xE1, 0xEF, 0x03, 0xF8, 0x0F, 0xE0, 0x1F, 0x80, 0x7E, 0x03, 0xFC, 0x0F, 0xF8, 0x79, 0xFF, 0xE3,
    0xFF, 0x07, 0xF0, 0x18, 0x60, 0x7F, 0x80, 0xFC, 0x01, 0xE0, 0x00, 0x00, 0x00, 0x0E, 0x01, 0xF8,
    0x07, 0xE0, 0x1F, 0x80, 0x7E, 0x01, 0xF8, 0x07, 0xE0, 0x1F, 0x80, 0x7E, 0x01, 0xF8, 0x07, 0xE0,
    0x1F, 0x80, 0x7E, 0x01, 0xFC, 0x0F, 0xF8, 0x7D, 0xFF, 0xE3, 0xFF, 0x07, 0xF8, 0x31, 0xC3, 0xFC,
    0x1F, 0x80, 0xF0, 0x00, 0x00, 0x00, 0xE0, 0x7E, 0x07, 0xE0, 0x7E, 0x07, 0xE0, 0x7E, 0x07, 0xE0,
    0x7E, 0x07, 0xE0, 0x7E, 0x0F, 0xF0, 0xFF, 0xFF, 0x7F, 0xF3, 0xE7, 0x1F, 0xE0, 0x7F, 0x80, 0x00,
    0x06, 0x30, 0x1C, 0xE0, 0x63, 0x00, 0x00, 0x00, 0x00, 0xE0, 0x1F, 0x80, 0x7E, 0x01, 0xF8, 0x07,
    0xE0, 0x1F, 0x80, 0x7E, 0x01, 0xF8, 0x07, 0xE0, 0x1F, 0x80, 0x7E, 0x01, 0xF8, 0x07, 0xE0, 0x1F,
    0x80, 0x7F, 0x03, 0xDE, 0x1E, 0x3F, 0xF0, 0x7F, 0x80, 0x3F, 0xC3, 0xFC, 0x00, 0x00, 0x00, 0x31,
    0x83, 0x9C, 0x31, 0x80, 0x00, 0xE0, 0x7E, 0x07, 0xE0, 0x7E, 0x07, 0xE0, 0x7E, 0x07, 0xE0, 0x7E,
    0x07, 0xE0, 0x7E, 0x0F, 0xE0, 0xFF, 0x1F, 0x7F, 0xF3, 0xF7, 0x01, 0xE0, 0x07, 0x00, 0x38, 0x00,
    0xC0, 0x0C, 0xC0, 0x73, 0x80, 0xCC, 0x00, 0x00, 0x00, 0x03, 0x80, 0x7E, 0x01, 0xF8, 0x07, 0xE0,
    0x1F, 0x80, 0x7E, 0x01, 0xF8, 0x07, 0xE0, 0x1F, 0x80, 0x7E, 0x01, 0xF8, 0x07, 0xE0, 0x1F, 0x80,
    0x7E, 0x01, 0xFC, 0x0F, 0x78, 0x78, 0xFF, 0xC1, 0xFE, 0x00, 0x03, 0xC0, 0x38, 0x07, 0x00, 0xE0,
    0x00, 0x03, 0x18, 0x39, 0xC3, 0x18, 0x00, 0x0E, 0x07, 0xE0, 0x7E, 0x07, 0xE0, 0x7E, 0x07, 0xE0,
    0x7E, 0x07, 0xE0, 0x7E, 0x07, 0xE0, 0xFE, 0x0F, 0xF1, 0xF7, 0xFF, 0x3F, 0x70, 0x18, 0x60, 0x73,
    0x80, 0xFC, 0x01, 0xE0, 0x03, 0x00, 0x33, 0x01, 0xCE, 0x03, 0x30, 0x00, 0x00, 0x00, 0x0E, 0x01,
    0xF8, 0x07, 0xE0, 0x1F, 0x80, 0x7E, 0x01, 0xF8, 0x07, 0xE0, 0x1F, 0x80, 0x7E, 0x01, 0xF8, 0x07,
    0xE0, 0x1F, 0x80, 0x7E, 0x01, 0xF8, 0x07, 0xF0, 0x3D, 0xE1, 0xE3, 0xFF, 0x07, 0xF8, 0x71, 0xC3,
    0xB8, 0x1F, 0x00, 0xF0, 0x00, 0x03, 0x18, 0x39, 0xC3, 0x18, 0x00, 0x0E, 0x07, 0xE0, 0x7E, 0x07,
    0xE0, 0x7E, 0x07, 0xE0, 0x7E, 0x07, 0xE0, 0x7E, 0x07, 0xE0, 0xFE, 0x0F, 0xF1, 0xF7, 0xFF, 0x3F,
    0x70, 0x1E, 0x00, 0x38, 0x00, 0x70, 0x00, 0xC0, 0x0C, 0xC0, 0x73, 0x80, 0xCC, 0x00, 0x00, 0x00,
    0x03, 0x80, 0x7E, 0x01, 0xF8, 0x07, 0xE0, 0x1F, 0x80, 0x7E, 0x01, 0xF8, 0x07, 0xE0, 0x1F, 0x80,
    0x7E, 0x01, 0xF8, 0x07, 0xE0, 0x1F, 0x80, 0x7E, 0x01, 0xFC, 0x0F, 0x78, 0x78, 0xFF, 0xC1, 0xFE,
    0x00, 0x38, 0x03, 0xC0, 0x1E, 0x00, 0xE0, 0x00, 0x03, 0x18, 0x39, 0xC3, 0x18, 0x00, 0x0E, 0x07,
    0xE0, 0x7E, 0x07, 0xE0, 0x7E, 0x07, 0xE0, 0x7E, 0x07, 0xE0, 0x7E, 0x07, 0xE0, 0xFE, 0x0F, 0xF1,
    0xF7, 0xFF, 0x3F, 0x70, 0x7F, 0x0F, 0xFC, 0xE3, 0xE0, 0x0E, 0x00, 0xE0, 0x07, 0xFF, 0xFF, 0xFF,
    0xE0, 0x7E, 0x0E, 0xE0, 0xE7, 0x1E, 0x7F, 0xC3, 0xF8, 0x07, 0xF8, 0x03, 0xFC, 0x00, 0x00, 0x00,
    0xC6, 0x00, 0x73, 0x80, 0x31, 0x80, 0x00, 0x00, 0x00, 0x00, 0x01, 0xC0, 0x00, 0xF0, 0x00, 0xF8,
    0x00, 0x7E, 0x00, 0x77, 0x00, 0x3B, 0x80, 0x1C, 0xE0, 0x1C, 0x70, 0x0E, 0x18, 0x06, 0x0E, 0x07,
    0xFF, 0x03, 0xFF, 0xC3, 0x80, 0xE1, 0xC0, 0x70, 0xE0, 0x1C, 0xE0, 0x0E, 0x70, 0x07, 0x38, 0x01,
    0xC0, 0x3F, 0xC7, 0xF8, 0x00, 0x00, 0x03, 0x18, 0x73, 0x8C, 0x60, 0x00, 0x3F, 0xCF, 0xFC, 0xC7,
    0x80, 0x70, 0x0E, 0x7F, 0xDF, 0xFF, 0xC7, 0xE0, 0xFC, 0x1F, 0x83, 0xF9, 0xFF, 0xFE, 0xFC, 0xC0,
    0x07, 0xF0, 0x03, 0xF8, 0x00, 0x00, 0x00, 0x18, 0x00, 0x1C, 0x00, 0x06, 0x00, 0x00, 0x00, 0x00,
    0x00, 0x01, 0xC0, 0x00, 0xF0, 0x00, 0x78, 0x00, 0x7C, 0x00, 0x3F, 0x00, 0x3B, 0x80, 0x1C, 0xE0,
    0x0C, 0x70, 0x0E, 0x38, 0x07, 0x0E, 0x07, 0xFF, 0x03, 0xFF, 0x81, 0x80, 0xE1, 0xC0, 0x70, 0xE0,
    0x38, 0xE0, 0x0E, 0x70, 0x07, 0x38, 0x03, 0x80, 0x3F, 0x87, 0xF0, 0x00, 0x00, 0x00, 0x60, 0x1C,
    0x01, 0x80, 0x00, 0x3F, 0xCF, 0xFC, 0xC7, 0x80, 0x70, 0x0E, 0x7F, 0xDF, 0xFF, 0xC7, 0xE0, 0xFC,
    0x1F, 0x83, 0xF9, 0xFF, 0xFE, 0xFD, 0xC0, 0x00, 0x7F, 0x00, 0x03, 0xF8, 0x00, 0x00, 0x00, 0x00,
    0x00, 0x00, 0x0F, 0xFF, 0x80, 0x7F, 0xFC, 0x07, 0x70, 0x00, 0x3B, 0x80, 0x03, 0x9C, 0x00, 0x1C,
    0xE0, 0x01, 0xC7, 0x00, 0x0E, 0x3F, 0xF0, 0xE1, 0xFF, 0x87, 0x0E, 0x00, 0x3F, 0xF0, 0x03, 0xFF,
    0x80, 0x1C, 0x1C, 0x01, 0xC0, 0xE0, 0x0E, 0x07, 0x00, 0xE0, 0x38, 0x07, 0x01, 0xFF, 0xF0, 0x0F,
    0xFC, 0x03, 0xF8, 0x00, 0x7F, 0x00, 0x00, 0x00, 0x00, 0x00, 0x03, 0xF9, 0xF8, 0xFF, 0xFF, 0x9C,
    0x7C, 0x78, 0x07, 0x07, 0x00, 0xE0, 0xE7, 0xFF, 0xFD, 0xFF, 0xFF, 0xFC, 0x70, 0x0E, 0x0E, 0x01,
    0xC3, 0xC0, 0x38, 0x78, 0x07, 0x1F, 0xC7, 0xFF, 0x3F, 0xEF, 0xC3, 0xF8, 0x07, 0xFC, 0x0F, 0xFF,
    0x0F, 0x83, 0x0F, 0x00, 0x07, 0x00, 0x07, 0x00, 0x03, 0x80, 0x01, 0xC0, 0x00, 0xE0, 0xFE, 0x70,
    0x7F, 0x38, 0x03, 0x9C, 0x01, 0xCE, 0x07, 0xFF, 0x83, 0xFD, 0xE0, 0x38, 0x7C, 0x1C, 0x1F, 0xFE,
    0x07, 0xFF, 0x00, 0x3F, 0xB3, 0xFF, 0x9E, 0x7D, 0xC0, 0xEE, 0x07, 0x70, 0x3B, 0x81, 0xDC, 0x0E,
    0xE0, 0x77, 0x03, 0xB8, 0x1C, 0xF3, 0xE7, 0xFF, 0x1F, 0xF8, 0x01, 0xC0, 0xFF, 0x07, 0xFB, 0x07,
    0x9F, 0xF8, 0xFF, 0x80, 0x06, 0x18, 0x03, 0xFC, 0x00, 0xFC, 0x00, 0x3C, 0x00, 0x00, 0x00, 0x00,
    0x00, 0x1F, 0xE0, 0x3F, 0xFC, 0x3F, 0xFF, 0x3E, 0x07, 0x1E, 0x01, 0x1E, 0x00, 0x0E, 0x00, 0x07,
    0x00, 0x03, 0x81, 0xFF, 0xC0, 0xFF, 0xE0, 0x7F, 0xF8, 0x01, 0xFC, 0x01, 0xEF, 0x00, 0xE7, 0xC0,
    0xF1, 0xFF, 0xF0, 0x7F, 0xF0, 0x0F, 0xF0, 0x1C, 0x60, 0x7F, 0x80, 0xFC, 0x01, 0xE0, 0x00, 0x00,
    0x00, 0x01, 0xFD, 0xCF, 0xFF, 0x7F, 0xFF, 0xE1, 0xFF, 0x03, 0xF8, 0x0F, 0xE0, 0x1F, 0x80, 0x7E,
    0x03, 0xFC, 0x0F, 0xF8, 0x7D, 0xFF, 0xF3, 0xFF, 0xC7, 0xF7, 0x00, 0x1C, 0x00, 0xF3, 0x07, 0x8F,
    0xFE, 0x7F, 0xF0, 0x7F, 0x80, 0x38, 0xE0, 0xFF, 0x01, 0xF8, 0x03, 0xC0, 0x00, 0x00, 0x00, 0x0E,
    0x07, 0xB8, 0x3C, 0xE1, 0xE3, 0x87, 0x0E, 0x38, 0x39, 0xC0, 0xEE, 0x03, 0xF8, 0x0F, 0xE0, 0x3F,
    0x80, 0xEF, 0x03, 0x9E, 0x0E, 0x3C, 0x38, 0x70, 0xE1, 0xE3, 0x83, 0xCE, 0x07, 0x38, 0x0E, 0x61,
    0xC0, 0x73, 0x80, 0x3F, 0x00, 0x1E, 0x00, 0x0E, 0x00, 0x00, 0x00, 0x00, 0x00, 0x0E, 0x00, 0x0E,
    0x00, 0x0E, 0x00, 0x0E, 0x00, 0x0E, 0x00, 0x0E, 0x1E, 0x0E, 0x3C, 0x0E, 0x78, 0x0E, 0x70, 0x0E,
    0xE0, 0x0F, 0xC0, 0x0F, 0xC0, 0x0F, 0xE0, 0x0E, 0xF0, 0x0E, 0x70, 0x0E, 0x38, 0x0E, 0x3C, 0x0E,
    0x1E, 0x0E, 0x0E, 0x07, 0xF0, 0x0F, 0xFE, 0x0F, 0xFF, 0x8F, 0x83, 0xE7, 0x80, 0xF7, 0x80, 0x3F,
    0x80, 0x0F, 0xC0, 0x07, 0xE0, 0x03, 0xF0, 0x01, 0xF8, 0x00, 0xFC, 0x00, 0x7F, 0x00, 0x7B, 0xC0,
    0x79, 0xF0, 0x7C, 0x7F, 0xFC, 0x1F, 0xFC, 0x03, 0xFC, 0x00, 0x38, 0x00, 0x38, 0x00, 0x1F, 0x80,
    0x0F, 0xC0, 0x03, 0xE0, 0x1F, 0xC0, 0xFF, 0xC7, 0xFF, 0xBE, 0x1E, 0xF0, 0x3F, 0x80, 0xFE, 0x01,
    0xF8, 0x07, 0xE0, 0x3F, 0xC0, 0xFF, 0x87, 0x9F, 0xFE, 0x3F, 0xF0, 0x7F, 0x00, 0x38, 0x01, 0xC0,
    0x07, 0xE0, 0x1F, 0xC0, 0x3E, 0x00, 0x07, 0xF0, 0x03, 0xF8, 0x00, 0x00, 0x00, 0x00, 0x00, 0xFF,
    0x00, 0xFF, 0xE0, 0xF0, 0xF8, 0xE0, 0x1C, 0xF0, 0x07, 0x70, 0x03, 0xB8, 0x01, 0xDC, 0x00, 0x7E,
    0x00, 0x3F, 0x00, 0x1F, 0x80, 0x0F, 0xC0, 0x0E, 0xE0, 0x07, 0x78, 0x03, 0x9C, 0x03, 0x87, 0x87,
    0xC1, 0xFF, 0xC0, 0x7F, 0x80, 0x03, 0x80, 0x03, 0x80, 0x01, 0xC0, 0x00, 0xE0, 0x00, 0x78, 0x00,
    0x3C, 0x00, 0x1F, 0xC0, 0xFE, 0x00, 0x00, 0x00, 0x01, 0xF8, 0x3F, 0xF1, 0xE3, 0xDC, 0x0E, 0xE0,
    0x77, 0x01, 0xF8, 0x0F, 0xC0, 0x7E, 0x03, 0xF0, 0x3B, 0x81, 0xCF, 0x1E, 0x3F, 0xE0, 0xFE, 0x01,
    0xC0, 0x1C, 0x00, 0xE0, 0x07, 0x00, 0x3E, 0x00, 0xF0, 0x30, 0x61, 0xEF, 0x07, 0xF0, 0x1F, 0x00,
    0x70, 0x00, 0x00, 0x00, 0x0F, 0xFE, 0x7F, 0xF0, 0x07, 0x80, 0x78, 0x07, 0x00, 0x70, 0x07, 0x00,
    0x7F, 0x03, 0xFE, 0x01, 0xF8, 0x01, 0xC0, 0x0E, 0x00, 0x70, 0x03, 0x80, 0x1F, 0x83, 0xDF, 0xFE,
    0x7F, 0xC0, 0x39, 0xE1, 0xFC, 0x0F, 0x80, 0x70, 0x00, 0x07, 0xFE, 0x7F, 0xE0, 0x0E, 0x01, 0xC0,
    0x38, 0x07, 0x00, 0xE0, 0x1E, 0x01, 0xF8, 0x1F, 0xE0, 0x1E, 0x00, 0x70, 0x07, 0x00, 0x70, 0x07,
    0x00, 0x70, 0x0F, 0xE1, 0xEF, 0xFC, 0x7F, 0x80, 0x73, 0xCF, 0xE1, 0xF0, 0x38, 0x00, 0x03, 0x80,
    0xE0, 0x38, 0x0E, 0x03, 0x80, 0xE0, 0x38, 0x0E, 0x03, 0x80, 0xE0, 0x38, 0x0E, 0x03, 0x80, 0xE0,
    0x38, 0x0E, 0x03, 0x81, 0xC3, 0xF0, 0xF8, 0x00, 0xFF, 0xE0, 0x7F, 0xFF, 0xFF, 0xC1, 0xFF, 0xFF,
    0xFF, 0x87, 0xFF, 0xF8, 0x1F, 0x00, 0x1E, 0xE0, 0x1C, 0x00, 0xFB, 0x80, 0x78, 0x03, 0xCE, 0x00,
    0xE0, 0x1E, 0x38, 0x03, 0x80, 0xF0, 0xE0, 0x0E, 0x07, 0xC3, 0x80, 0x38, 0x1E, 0x0E, 0x00, 0xE0,
    0xF0, 0x38, 0x03, 0x87, 0x80, 0xE0, 0x1E, 0x3E, 0x03, 0x80, 0x70, 0xF0, 0x0E, 0x07, 0xC7, 0x80,
    0x3F, 0xFE, 0x3F, 0xFF, 0xFF, 0xF0, 0xFF, 0xFF, 0xFF, 0x83, 0xFF, 0xF0, 0xFF, 0xE0, 0x00, 0x1F,
    0xFE, 0x00, 0x03, 0xFF, 0xE0, 0x00, 0x70, 0x3E, 0x00, 0x0E, 0x01, 0xC7, 0xFF, 0xC0, 0x3C, 0xFF,
    0xF8, 0x03, 0x9F, 0xFF, 0x00, 0x70, 0x0F, 0xE0, 0x0E, 0x03, 0xDC, 0x01, 0xC0, 0xF3, 0x80, 0x38,
    0x3C, 0x70, 0x07, 0x07, 0x8E, 0x01, 0xE1, 0xE1, 0xC0, 0x38, 0x78, 0x38, 0x1F, 0x1E, 0x07, 0xFF,
    0xC3, 0xFF, 0xFF, 0xF0, 0x7F, 0xFF, 0xFC, 0x0F, 0xFC, 0x00, 0x70, 0x00, 0x00, 0x38, 0x00, 0x00,
    0x1C, 0x00, 0x00, 0x0E, 0x00, 0x00, 0x07, 0x00, 0x01, 0xFF, 0x87, 0xFD, 0xFF, 0xC3, 0xFE, 0xF3,
    0xE0, 0x07, 0xE0, 0x70, 0x07, 0x70, 0x38, 0x07, 0xB8, 0x1C, 0x03, 0x9C, 0x0E, 0x03, 0x8E, 0x07,
    0x03, 0xC7, 0x03, 0x83, 0xC3, 0x81, 0xC1, 0xC1, 0xC0, 0xE1, 0xE0, 0x79, 0xF1, 0xE0, 0x3F, 0xF8,
    0xFF, 0xCF, 0xEC, 0x7F, 0xE0, 0x00, 0x78, 0x00, 0xE0, 0x03, 0x80, 0x0E, 0x00, 0x18, 0x00, 0x00,
    0x00, 0x00, 0x03, 0xFE, 0x1F, 0xFE, 0x7C, 0x19, 0xE0, 0x03, 0x80, 0x0E, 0x00, 0x1C, 0x00, 0x38,
    0x00, 0x70, 0x7F, 0xE0, 0xFF, 0xC0, 0x1F, 0x80, 0x3F, 0x00, 0x7F, 0x00, 0xEF, 0x01, 0xCF, 0x83,
    0x8F, 0xFF, 0x0F, 0xFE, 0x03, 0xC0, 0x38, 0x07, 0x00, 0x60, 0x00, 0x03, 0xFB, 0x7F, 0xF7, 0x9F,
    0xE0, 0x7E, 0x07, 0xE0, 0x7E, 0x07, 0xE0, 0x7E, 0x07, 0xE0, 0x7E, 0x07, 0x78, 0xF7, 0xFF, 0x3F,
    0xF0, 0x07, 0x00, 0x70, 0x07, 0x61, 0xF7, 0xFE, 0x7F, 0xC0, 0xE0, 0x70, 0x1C, 0x0E, 0x03, 0x81,
    0xC0, 0x70, 0x38, 0x0E, 0x07, 0x0F, 0xC0, 0xE1, 0xF8, 0x1C, 0x3F, 0xFF, 0x87, 0xFF, 0xF0, 0xFC,
    0x0E, 0x1F, 0x81, 0xC3, 0xF0, 0x38, 0x7E, 0x07, 0x0F, 0xC0, 0xE1, 0xF8, 0x1C, 0x3F, 0x01, 0xCF,
    0xE0, 0x3F, 0xDC, 0x03, 0xF0, 0xCF, 0xE6, 0xFF, 0xBE, 0x1F, 0xE0, 0x7E, 0x03, 0xF0, 0x1F, 0x80,
    0xFC, 0x07, 0xE0, 0x3F, 0x01, 0xF8, 0x1D, 0xC1, 0xEE, 0x1E, 0x71, 0xE3, 0x9E, 0x1F, 0xE0, 0xFE,
    0x07, 0xC0, 0x38, 0x01, 0xC0, 0x0E, 0x00, 0x70, 0x03, 0x80, 0x1C, 0x00, 0x0E, 0x00, 0x0E, 0x00,
    0x1C, 0x00, 0x1C, 0x00, 0x00, 0x00, 0x00, 0x3C, 0x03, 0xF8, 0x07, 0xF8, 0x0F, 0xF0, 0x1F, 0xF0,
    0x3F, 0xF0, 0x7E, 0xE0, 0xFC, 0xE1, 0xF9, 0xC3, 0xF1, 0xC7, 0xE3, 0xCF, 0xC3, 0x9F, 0x83, 0xBF,
    0x07, 0x7E, 0x07, 0xFC, 0x0F, 0xF8, 0x0F, 0xF0, 0x0F, 0x3C, 0x01, 0xC0, 0x0E, 0x00, 0x70, 0x00,
    0x0D, 0xFC, 0xFF, 0xEF, 0x9E, 0xE0, 0xFE, 0x07, 0xE0, 0x7E, 0x07, 0xE0, 0x7E, 0x07, 0xE0, 0x7E,
    0x07, 0xE0, 0x7E, 0x07, 0xE0, 0x70, 0x00, 0x30, 0x00, 0x3C, 0x00, 0x1F, 0x80, 0x0F, 0x00, 0x01,
    0x00, 0x00, 0x78, 0x00, 0x3F, 0x00, 0x0D, 0xC0, 0x03, 0xF0, 0x00, 0xFC, 0x00, 0x1E, 0x00, 0x07,
    0x80, 0x03, 0xF0, 0x00, 0xFC, 0x00, 0x3F, 0x00, 0x1F, 0xE0, 0x07, 0x38, 0x03, 0xCF, 0x00, 0xE3,
    0xC0, 0x38, 0x70, 0x1E, 0x1E, 0x07, 0xFF, 0x83, 0xFF, 0xE0, 0xFF, 0xFC, 0x38, 0x07, 0x1E, 0x01,
    0xE7, 0x00, 0x7B, 0xC0, 0x0E, 0x00, 0x00, 0x0C, 0x00, 0xF0, 0x1F, 0x80, 0xF0, 0x02, 0x00, 0x1E,
    0x01, 0xF8, 0x0F, 0xC0, 0x6E, 0x03, 0xF0, 0x0F, 0x00, 0x00, 0x00, 0x00, 0x7E, 0xE7, 0xFF, 0x7F,
    0xFF, 0x83, 0xFC, 0x1F, 0xC0, 0x7E, 0x03, 0xF0, 0x1F, 0x80, 0xFE, 0x0F, 0xF0, 0x7B, 0xFF, 0xCF,
    0xFE, 0x3F, 0x70, 0x00, 0x00, 0x20, 0x00, 0x01, 0xE0, 0x00, 0x07, 0xC0, 0x00, 0x1F, 0x00, 0x00,
    0x30, 0x00, 0x00, 0x00, 0x00, 0x03, 0xFF, 0x80, 0x0F, 0xFF, 0x00, 0x1F, 0xFE, 0x00, 0x7C, 0x00,
    0x01, 0xF8, 0x00, 0x03, 0xF0, 0x00, 0x0E, 0xE0, 0x00, 0x3D, 0xFF, 0x80, 0x73, 0xFF, 0x01, 0xC7,
    0xFE, 0x07, 0x8E, 0x00, 0x1F, 0xFC, 0x00, 0x3F, 0xF8, 0x00, 0xFF, 0xF0, 0x03, 0xC0, 0xE0, 0x07,
    0x01, 0xFF, 0xDE, 0x03, 0xFF, 0xF8, 0x07, 0xFF, 0x00, 0x10, 0x00, 0x01, 0xC0, 0x00, 0x1E, 0x00,
    0x01, 0xE0, 0x00, 0x0E, 0x00, 0x00, 0x00, 0x00, 0x00, 0x00, 0x07, 0xF3, 0xF8, 0x7F, 0xFF, 0xE7,
    0xFF, 0xFF, 0x98, 0x3E, 0x1C, 0x01, 0xE0, 0x73, 0xFF, 0xFF, 0xBF, 0xFF, 0xFF, 0xFF, 0xFF, 0xFC,
    0x1E, 0x00, 0xE0, 0xF0, 0x07, 0x0F, 0xC1, 0xBF, 0xFF, 0xFE, 0xFF, 0x7F, 0xE3, 0xF0, 0xFE, 0x00,
    0x00, 0x20, 0x00, 0x70, 0x00, 0x7C, 0x00, 0x7C, 0x00, 0x30, 0x00, 0x00, 0x18, 0x1F, 0xCE, 0x3F,
    0xFE, 0x3F, 0xFE, 0x3E, 0x0F, 0x9E, 0x0F, 0xDE, 0x07, 0xFE, 0x07, 0x3F, 0x07, 0x9F, 0x87, 0x8F,
    0xC7, 0x87, 0xE3, 0x83, 0xF3, 0x81, 0xFF, 0xC1, 0xEF, 0xC1, 0xE7, 0xC1, 0xF1, 0xFF, 0xF1, 0xFF,
    0xF1, 0xEF, 0xE0, 0xE0, 0x00, 0x00, 0x00, 0x00, 0x01, 0x00, 0x0E, 0x00, 0x7C, 0x03, 0xE0, 0x0E,
    0x00, 0x00, 0x00, 0x00, 0x07, 0xFE, 0x3F, 0xF9, 0xFF, 0xEF, 0x8F, 0xBC, 0x7F, 0xE3, 0xFF, 0x9E,
    0x7E, 0x71, 0xFB, 0x8F, 0xFE, 0x3F, 0xF1, 0xE7, 0xFF, 0xBF, 0xFC, 0xFF, 0xC1, 0x00, 0x00, 0x00,
    0x00, 0x0C, 0x60, 0x0F, 0x78, 0x03, 0xDE, 0x00, 0xF7, 0x80, 0x10, 0x80, 0x00, 0x00, 0x03, 0xC0,
    0x03, 0xE0, 0x01, 0xF0, 0x00, 0xFC, 0x00, 0xFE, 0x00, 0x77, 0x80, 0x3B, 0xC0, 0x3C, 0xE0, 0x1C,
    0x78, 0x1E, 0x3C, 0x0F, 0x0E, 0x07, 0xFF, 0x87, 0xFF, 0xC3, 0xFF, 0xF1, 0xC0, 0x79, 0xE0, 0x1C,
    0xE0, 0x0F, 0xF0, 0x07, 0x80, 0x02, 0x03, 0x18, 0x3D, 0xE0, 0xFF, 0x81, 0x8C, 0x00, 0x00, 0x00,
    0x03, 0xF7, 0x3F, 0xFB, 0xFF, 0xFC, 0x1F, 0xE0, 0xFE, 0x03, 0xF0, 0x1F, 0x80, 0xFC, 0x07, 0xF0,
    0x7F, 0x83, 0xDF, 0xFE, 0x7F, 0xF1, 0xFB, 0x80, 0x01, 0xC0, 0x01, 0xF8, 0x01, 0xFC, 0x00, 0xEF,
    0x00, 0x63, 0x80, 0x00, 0x00, 0x07, 0x80, 0x07, 0xC0, 0x03, 0xE0, 0x01, 0xF8, 0x01, 0xFC, 0x00,
    0xEF, 0x00, 0x77, 0x80, 0x79, 0xC0, 0x38, 0xF0, 0x3C, 0x78, 0x1E, 0x1C, 0x0F, 0xFF, 0x0F, 0xFF,
    0x87, 0xFF, 0xE3, 0x80, 0xF3, 0xC0, 0x39, 0xC0, 0x1F, 0xE0, 0x0F, 0x07, 0x00, 0x7E, 0x07, 0xF8,
    0x3B, 0xC1, 0x8E, 0x04, 0x20, 0x00, 0x03, 0xF7, 0x3F, 0xFB, 0xFF, 0xFC, 0x1F, 0xE0, 0xFE, 0x03,
    0xF0, 0x1F, 0x80, 0xFC, 0x07, 0xF0, 0x7F, 0x83, 0xDF, 0xFE, 0x7F, 0xF1, 0xFB, 0x80, 0x00, 0x06,
    0x30, 0xF7, 0x87, 0xBC, 0x3D, 0xC0, 0x8C, 0x00, 0x07, 0xFF, 0x7F, 0xF7, 0xFF, 0x70, 0x07, 0x00,
    0x70, 0x07, 0x00, 0x7F, 0xE7, 0xFE, 0x7F, 0xE7, 0x00, 0x70, 0x07, 0x00, 0x70, 0x07, 0x00, 0x7F,
    0xF7, 0xFF, 0x7F, 0xF0, 0x21, 0x01, 0xCE, 0x07, 0xBC, 0x0F, 0xF8, 0x1C, 0xE0, 0x00, 0x00, 0x00,
    0x03, 0xF8, 0x1F, 0xF0, 0xFF, 0xE7, 0x83, 0x9C, 0x07, 0x7F, 0xFD, 0xFF, 0xF7, 0xFF, 0xDC, 0x00,
    0x78, 0x01, 0xF0, 0x63, 0xFF, 0x87, 0xFE, 0x0F, 0xE0, 0x0E, 0x03, 0xF0, 0xFE, 0x1D, 0xE7, 0x1C,
    0x00, 0x3F, 0xFF, 0xFF, 0xFF, 0xFC, 0x03, 0x80, 0x70, 0x0E, 0x01, 0xFF, 0xBF, 0xF7, 0xFE, 0xE0,
    0x1C, 0x03, 0x80, 0x70, 0x0E, 0x01, 0xFF, 0xFF, 0xFF, 0xFF, 0x07, 0x00, 0x7E, 0x07, 0xF0, 0x3B,
    0xC3, 0x8E, 0x0C, 0x20, 0x00, 0x03, 0xF8, 0x3F, 0xE3, 0xFF, 0xBC, 0x1D, 0xC0, 0x7F, 0xFF, 0xFF,
    0xFF, 0xFF, 0xFC, 0x00, 0xF0, 0x07, 0xC1, 0x9F, 0xFC, 0x7F, 0xE1, 0xFC, 0x00, 0x00, 0x06, 0x31,
    0xEE, 0x3F, 0xE1, 0xCE, 0x18, 0x80, 0x00, 0xFF, 0x1F, 0xE3, 0xFC, 0x0E, 0x01, 0xC0, 0x38, 0x07,
    0x00, 0xE0, 0x1C, 0x03, 0x80, 0x70, 0x0E, 0x01, 0xC0, 0x38, 0x07, 0x07, 0xF8, 0xFF, 0x1F, 0xE0,
    0x23, 0x0E, 0x73, 0xFF, 0x1E, 0xF1, 0xCE, 0x00, 0x00, 0x00, 0x1C, 0x03, 0x80, 0x70, 0x0E, 0x01,
    0xC0, 0x38, 0x07, 0x00, 0xE0, 0x1C, 0x03, 0x80, 0x70, 0x0E, 0x01, 0xC0, 0x38, 0x18, 0x7E, 0xFF,
    0xF7, 0xC3, 0x00, 0xFF, 0xFF, 0xFF, 0x1C, 0x1C, 0x1C, 0x1C, 0x1C, 0x1C, 0x1C, 0x1C, 0x1C, 0x1C,
    0x1C, 0x1C, 0xFF, 0xFF, 0xFF, 0x3E, 0x3F, 0xBF, 0xDC, 0x74, 0x30, 0x00, 0x70, 0x38, 0x1C, 0x0E,
    0x07, 0x03, 0x81, 0xC0, 0xE0, 0x70, 0x38, 0x1C, 0x0E, 0x07, 0x03, 0x80, 0x18, 0xC0, 0x1E, 0xF0,
    0x0F, 0xFC, 0x01, 0xCE, 0x00, 0x63, 0x00, 0x00, 0x00, 0x1F, 0xC0, 0x3F, 0xF8, 0x3F, 0xFE, 0x3E,
    0x0F, 0x9E, 0x03, 0xDE, 0x00, 0xFE, 0x00, 0x3F, 0x00, 0x1F, 0x80, 0x0F, 0xC0, 0x07, 0xE0, 0x03,
    0xF0, 0x01, 0xFC, 0x01, 0xEF, 0x01, 0xE7, 0xC1, 0xF1, 0xFF, 0xF0, 0x7F, 0xF0, 0x0F, 0xE0, 0x21,
    0x00, 0xE7, 0x01, 0xEF, 0x01, 0xEF, 0x01, 0xC6, 0x00, 0x00, 0x00, 0x00, 0x07, 0xF0, 0x1F, 0xF8,
    0x7F, 0xF9, 0xF0, 0xF3, 0xC0, 0xF7, 0x01, 0xEE, 0x01, 0xDC, 0x03, 0xB8, 0x0F, 0x78, 0x1E, 0xF8,
    0x78, 0xFF, 0xF0, 0xFF, 0xC0, 0xFE, 0x00, 0x03, 0xE0, 0x03, 0xF8, 0x01, 0xFC, 0x01, 0xC7, 0x00,
    0xE3, 0x80, 0x00, 0x00, 0x1F, 0xC0, 0x3F, 0xF8, 0x3F, 0xFE, 0x3E, 0x0F, 0x9E, 0x03, 0xDE, 0x00,
    0xFE, 0x00, 0x3F, 0x00, 0x1F, 0x80, 0x0F, 0xC0, 0x07, 0xE0, 0x03, 0xF0, 0x01, 0xFC, 0x01, 0xEF,
    0x01, 0xE7, 0xC1, 0xF1, 0xFF, 0xF0, 0x7F, 0xF0, 0x0F, 0xE0, 0x07, 0x00, 0x3F, 0x01, 0xFE, 0x07,
    0x78, 0x38, 0xE0, 0x21, 0x00, 0x00, 0x07, 0xF0, 0x3F, 0xF1, 0xFF, 0xEF, 0x87, 0xBC, 0x0F, 0xE0,
    0x3F, 0x80, 0x7E, 0x01, 0xF8, 0x0F, 0xF0, 0x3F, 0xE1, 0xE7, 0xFF, 0x8F, 0xFC, 0x1F, 0xC0, 0x00,
    0x00, 0xC6, 0x03, 0xDE, 0x07, 0xFE, 0x03, 0x9E, 0x03, 0x18, 0x00, 0x00, 0x3F, 0xF0, 0x7F, 0xF8,
    0xFF, 0xF1, 0xC0, 0xF3, 0x80, 0xE7, 0x01, 0xCE, 0x03, 0x9C, 0x0F, 0x3F, 0xFE, 0x7F, 0xF8, 0xFF,
    0xC1, 0xC3, 0xC3, 0x87, 0x87, 0x07, 0x8E, 0x0F, 0x1C, 0x0F, 0x38, 0x1E, 0x70, 0x1E, 0x21, 0x07,
    0x38, 0xFF, 0xC7, 0xFE, 0x1C, 0xE0, 0x00, 0x00, 0x01, 0xDE, 0x1F, 0xE1, 0xFE, 0x1E, 0x01, 0xC0,
    0x1C, 0x01, 0xC0, 0x1C, 0x01, 0xC0, 0x1C, 0x01, 0xC0, 0x1C, 0x01, 0xC0, 0x1C, 0x00, 0x0E, 0x00,
    0x7E, 0x03, 0xF8, 0x1E, 0xF0, 0x71, 0xC0, 0x00, 0x0F, 0xFC, 0x3F, 0xFC, 0xFF, 0xF3, 0x81, 0xEE,
    0x03, 0xB8, 0x0E, 0xE0, 0x3B, 0x81, 0xEF, 0xFF, 0xBF, 0xFC, 0xFF, 0xC3, 0x87, 0x8E, 0x1E, 0x38,
    0x3C, 0xE0, 0xF3, 0x81, 0xEE, 0x07, 0xB8, 0x0F, 0x3E, 0x3F, 0xBF, 0xDC, 0x6C, 0x30, 0x03, 0xBD,
    0xFE, 0xFF, 0x78, 0x38, 0x1C, 0x0E, 0x07, 0x03, 0x81, 0xC0, 0xE0, 0x70, 0x38, 0x1C, 0x00, 0x00,
    0x01, 0x8C, 0x07, 0x78, 0x1E, 0xF0, 0x3D, 0xE0, 0x21, 0x00, 0x00, 0x38, 0x07, 0xE0, 0x1F, 0x80,
    0x7E, 0x01, 0xF8, 0x07, 0xE0, 0x1F, 0x80, 0x7E, 0x01, 0xF8, 0x07, 0xE0, 0x1F, 0x80, 0x7E, 0x01,
    0xF8, 0x07, 0xF0, 0x3F, 0xE1, 0xF7, 0xFF, 0x8F, 0xFC, 0x1F, 0xE0, 0x42, 0x07, 0xBC, 0x3F, 0xF0,
    0xF7, 0x81, 0x8C, 0x00, 0x00, 0x00, 0x0E, 0x07, 0x70, 0x3B, 0x81, 0xDC, 0x0E, 0xE0, 0x77, 0x03,
    0xB8, 0x1D, 0xC0, 0xEE, 0x07, 0x70, 0x7B, 0xC3, 0xDF, 0xFE, 0x7F, 0xF1, 0xF3, 0x80, 0x07, 0x80,
    0x3F, 0x01, 0xFE, 0x07, 0x38, 0x18, 0x60, 0x00, 0x0E, 0x01, 0xF8, 0x07, 0xE0, 0x1F, 0x80, 0x7E,
    0x01, 0xF8, 0x07, 0xE0, 0x1F, 0x80, 0x7E, 0x01, 0xF8, 0x07, 0xE0, 0x1F, 0x80, 0x7E, 0x01, 0xFC,
    0x0F, 0xF8, 0x7D, 0xFF, 0xE3, 0xFF, 0x07, 0xF8, 0x0E, 0x01, 0xF8, 0x3F, 0x83, 0xBC, 0x71, 0xC0,
    0x00, 0x00, 0x0E, 0x07, 0xE0, 0x7E, 0x07, 0xE0, 0x7E, 0x07, 0xE0, 0x7E, 0x07, 0xE0, 0x7E, 0x07,
    0xE0, 0xFF, 0x0F, 0xFF, 0xF7, 0xFF, 0x3E, 0x70, 0x1F, 0xE1, 0xFF, 0x9F, 0xFE, 0xF0, 0xF7, 0x03,
    0x38, 0x01, 0xE0, 0x0F, 0xE0, 0x3F, 0xE0, 0xFF, 0x80, 0xFE, 0x00, 0xF4, 0x03, 0xB0, 0x1F, 0xC1,
    0xFF, 0xFF, 0x7F, 0xF0, 0xFE, 0x00, 0x00, 0x0F, 0x00, 0x78, 0x03, 0xC0, 0x1E, 0x00, 0xE0, 0x00,
    0x00, 0x1F, 0x8F, 0xF9, 0xFF, 0xB8, 0x67, 0x00, 0xF8, 0x0F, 0xE0, 0xFE, 0x03, 0xE0, 0x1D, 0x87,
    0xBF, 0xF7, 0xFC, 0x7F, 0x00, 0x00, 0x78, 0x0F, 0x01, 0xE0, 0x3C, 0x07, 0x00, 0x00, 0xFF, 0xFF,
    0xFF, 0xFF, 0xFE, 0x0E, 0x00, 0x70, 0x03, 0x80, 0x1C, 0x00, 0xE0, 0x07, 0x00, 0x38, 0x01, 0xC0,
    0x0E, 0x00, 0x70, 0x03, 0x80, 0x1C, 0x00, 0xE0, 0x07, 0x00, 0x38, 0x00, 0x00, 0x1E, 0x00, 0xF0,
    0x03, 0x80, 0x1C, 0x01, 0xC0, 0x00, 0x00, 0x1C, 0x0E, 0x07, 0x1F, 0xFF, 0xFF, 0xFC, 0x70, 0x38,
    0x1C, 0x0E, 0x07, 0x03, 0x81, 0xC0, 0xE0, 0x70, 0x38, 0x1C, 0x00, 0x07, 0x83, 0xC1, 0xE0, 0xF0,
    0x70, 0x00, 0x3F, 0xC7, 0xFF, 0xBC, 0x3C, 0x80, 0xF0, 0x03, 0x80, 0x3C, 0x01, 0xC0, 0x3E, 0x0F,
    0xE0, 0xFF, 0x07, 0xBC, 0x00, 0xF0, 0x03, 0x80, 0x1C, 0x00, 0xE0, 0x07, 0x00, 0x78, 0x07, 0x80,
    0x7C, 0x1F, 0xC7, 0xF8, 0x7F, 0x03, 0xC0, 0x00, 0x00, 0x7F, 0x8F, 0xF9, 0x87, 0x00, 0xF0, 0x0E,
    0x03, 0x80, 0xF0, 0x7C, 0x3F, 0x83, 0xF8, 0x03, 0x80, 0x70, 0x0E, 0x01, 0xC0, 0x38, 0x0F, 0x07,
    0xC7, 0xF3, 0xF8, 0x7C, 0x00, 0x00, 0x3C, 0xF0, 0x7F, 0x80, 0xFC, 0x01, 0xE0, 0x00, 0x00, 0x00,
    0x0E, 0x01, 0xF8, 0x07, 0xE0, 0x1F, 0x80, 0x7E, 0x01, 0xF8, 0x07, 0xE0, 0x1F, 0xFF, 0xFF, 0xFF,
    0xF8, 0x07, 0xE0, 0x1F, 0x80, 0x7E, 0x01, 0xF8, 0x07, 0xE0, 0x1F, 0x80, 0x7E, 0x01, 0xF8, 0x07,
    0x61, 0xC0, 0x73, 0x80, 0x3F, 0x00, 0x1E, 0x00, 0x0E, 0x00, 0x00, 0x00, 0x00, 0x00, 0x0E, 0x00,
    0x0E, 0x00, 0x0E, 0x00, 0x0E, 0x00, 0x0E, 0x00, 0x0F, 0xFC, 0x0F, 0xFE, 0x0F, 0x9E, 0x0E, 0x0F,
    0x0E, 0x07, 0x0E, 0x07, 0x0E, 0x07, 0x0E, 0x07, 0x0E, 0x07, 0x0E, 0x07, 0x0E, 0x07, 0x0E, 0x07,
    0x0E, 0x07, 0x0E, 0x07, 0x21, 0xC7, 0x9F, 0x1C, 0x00, 0x08, 0x63, 0xDE, 0x60, 0x00, 0x3C, 0x3F,
    0x3F, 0xDC, 0x60, 0x7F, 0xFF, 0xFE, 0xFF, 0xFF, 0xF8, 0xFF, 0xFF, 0xF0, 0xC3, 0x73, 0xBF, 0xCF,
    0xE3, 0xE0, 0xFF, 0x80, 0xE7, 0xE7, 0xE7, 0xFB, 0xF5, 0xCE, 0x30, 0x80, 0x7B, 0xFF, 0xF7, 0xFD,
    0xE0, 0x10, 0x87, 0x39, 0xFF, 0x7F, 0xEE, 0x70, 0x00, 0x00, 0x63, 0x7F, 0x7E, 0x3C, 0xFF, 0xF0,
    0xFF, 0xFF, 0xFF, 0x42, 0x0C, 0x63, 0xDE, 0x3F, 0xE1, 0x8C, 0x00, 0x00, 0x18, 0x1C, 0xDB, 0xE3,
    0x7F, 0x7E, 0x1C, 0x3F, 0x1F, 0xDE, 0xEE, 0x3A, 0x00, 0x03, 0xBD, 0xEF, 0x78, 0x77, 0x7E, 0xEC,
    0xEE, 0xE7, 0x73, 0x77, 0x7E, 0xEC, 0xF1, 0xC3, 0x87, 0x3C, 0xE7, 0x38, 0x18, 0xFF, 0xF1, 0x80,
    0xC6, 0x3F, 0xFC, 0x00, 0xFF, 0xFC, 0x18, 0x30, 0x60, 0xC1, 0x80, 0x1C, 0xF3, 0xFE, 0xF0, 0x77,
    0x6E, 0x77, 0x31, 0xBF, 0xF0, 0xFF, 0xCC, 0x63, 0x00, 0x37, 0xFE, 0x63, 0x00, 0xFF, 0xF0, 0x1C,
    0x71, 0xC7, 0x3F, 0xEF, 0x80, 0xE7, 0x39, 0xCE, 0x7D, 0xE0, 0xFF, 0x80, 0xE7, 0xE7, 0xE7, 0x79,
    0xF6, 0xFB, 0x7D, 0xE0, 0x7B, 0xDE, 0xF7, 0x00, 0x31, 0x8F, 0x9F, 0x1D, 0xFF, 0x80, 0x19, 0xEF,
    0x38, 0xFF, 0xF7, 0x80, 0xFF, 0xF0, 0xFF, 0xFF, 0xF0, 0x78, 0x3C, 0x18, 0xEE, 0xDF, 0xF7, 0xF8,
    0x73, 0x9F, 0xE3, 0xF0, 0x78, 0x1E, 0x0F, 0xC7, 0xF9, 0xCE, 0xC3, 0x73, 0xBF, 0xCF, 0xE3, 0xE0,
    0x3E, 0x7F, 0xE7, 0xC3, 0x7C, 0xFF, 0xFC, 0xF8, 0xFF, 0xFF, 0xF8, 0xFF, 0xFF, 0xFC, 0xFF, 0xFF,
    0xF0, 0x03, 0xFF, 0xFF, 0xC0, 0x7C, 0xDF, 0xFC, 0xF8, 0xFF, 0xFF, 0xF8, 0xFF, 0xFF, 0xFF, 0xFF,
    0xF0, 0x00, 0x07, 0x1F, 0x3E, 0xF8, 0xE0, 0x00, 0x01, 0xC0, 0x70, 0x18, 0x0E, 0x03, 0x80, 0xC0,
    0x70, 0x18, 0x0E, 0x03, 0x80, 0xC0, 0x70, 0x1C, 0x06, 0x03, 0x80, 0xC0, 0x70, 0x1C, 0x06, 0x03,
    0x80, 0xE0, 0x00, 0xDD, 0xBF, 0x80, 0xC1, 0xE0, 0xF0, 0x7F, 0xFF, 0xF8, 0xFF, 0xFF, 0xFC, 0x0F,
    0xFF, 0xFF, 0xC0, 0x3B, 0x9F, 0xF6, 0xED, 0x11, 0x4B, 0xF7, 0x9E, 0xFD, 0x20, 0x3B, 0xDC, 0xE7,
    0x1D, 0xEE, 0xFF, 0xFF, 0xF0, 0x03, 0xFF, 0xFF, 0xC0, 0xE1, 0xC7, 0x8E, 0x39, 0xEF, 0x38, 0x7C,
    0xFF, 0xFC, 0xF8, 0xF7, 0xDE, 0xE7, 0x00, 0x1E, 0x6F, 0xFF, 0xFF, 0x30, 0xEE, 0xFF, 0xFF, 0xFF,
    0xFF, 0x01, 0xE0, 0x3C, 0x06, 0xFF, 0xFF, 0xF0, 0x03, 0xFF, 0xFF, 0xC0, 0xFF, 0xFF, 0xFF, 0xFF,
    0xC6, 0x31, 0x80, 0x06, 0x1F, 0xBF, 0xFF, 0x7E, 0x18, 0x00, 0x0C, 0x03, 0x80, 0xC1, 0xF3, 0x7F,
    0xFB, 0xE0, 0xC0, 0x38, 0x0C, 0x00, 0x39, 0xDF, 0x66, 0xFB, 0x9C, 0x7D, 0xDF, 0xEE, 0xF8, 0x12,
    0x0C, 0xC7, 0xF9, 0xFF, 0x33, 0x04, 0x80, 0x21, 0xC7, 0x8C, 0x30, 0xC0, 0xCF, 0x7F, 0xC0, 0x77,
    0x6E, 0x77, 0x3E, 0x7F, 0xE3, 0xDB, 0x1C, 0x18, 0x01, 0xE7, 0x9E, 0x7D, 0xA0, 0x3F, 0xEF, 0x30,
    0xCF, 0x7F, 0xC0, 0xC3, 0x3D, 0xC7, 0x7B, 0xFE, 0xCD, 0xC0, 0xDD, 0xBF, 0x80, 0xDF, 0x00, 0x33,
    0xFF, 0xDE, 0x78, 0x00, 0x7F, 0xDF, 0xFE, 0xED, 0xFF, 0x7B, 0xC0, 0x61, 0xFF, 0x9E, 0x18, 0xE0,
    0x00, 0x77, 0x00, 0x0E, 0x3E, 0x07, 0xC1, 0xFF, 0xF8, 0x07, 0xFE, 0x00, 0xE0, 0x00, 0x77, 0x00,
    0x0E, 0x3E, 0x07, 0xC1, 0xFF, 0xF8, 0x07, 0xFE, 0x00, 0xFF, 0xFF, 0xFF, 0xFC, 0xFF, 0xFF, 0xFF,
    0xFC, 0x3F, 0xF0, 0x77, 0xFF, 0xFE, 0xE0, 0xFF, 0xC0, 0x07, 0xFE, 0x01, 0xFF, 0xF8, 0x3F, 0x0F,
    0xC7, 0x00, 0x0E, 0xE0, 0x00, 0x70, 0x00, 0x00, 0x80, 0x00, 0x0C, 0xFF, 0xFF, 0xEF, 0xFF, 0xFE,
    0x00, 0x00, 0xC0, 0x00, 0x08, 0xFA, 0xC3, 0xFD, 0xFC, 0x7E, 0xFF, 0x0C, 0xBC, 0xC5, 0x54, 0x7B,
    0x38, 0x61, 0xCD, 0xE0, 0x8C, 0x63, 0xBF, 0x80, 0x7E, 0x21, 0x0C, 0x3C, 0x08, 0x7F, 0xB8, 0xC7,
    0x7F, 0x84, 0x3F, 0xB8, 0xC6, 0x31, 0xFF, 0xEE, 0xE2, 0x31, 0x18, 0x8C, 0x44, 0xFC, 0x88, 0x88,
    0x4F, 0x44, 0x46, 0x70, 0xC5, 0x99, 0xB3, 0xC3, 0x86, 0x00, 0x6C, 0xF0, 0xC3, 0xCC, 0xC0, 0x38,
    0x07, 0x00, 0xE0, 0x18, 0x00, 0x00, 0x0F, 0xFF, 0xFF, 0xE0, 0x38, 0x0E, 0x03, 0x80, 0xE0, 0x3F,
    0xFF, 0xFF, 0x80, 0xE0, 0x38, 0x0E, 0x03, 0x80, 0xE0, 0x38, 0x0F, 0xFF, 0xFF, 0x33, 0x0E, 0xE3,
    0x30, 0x00, 0x00, 0x3F, 0xFF, 0xFF, 0x80, 0xE0, 0x38, 0x0E, 0x03, 0x80, 0xFF, 0xFF, 0xFE, 0x03,
    0x80, 0xE0, 0x38, 0x0E, 0x03, 0x80, 0xE0, 0x3F, 0xFF, 0xFC, 0xFF, 0xF8, 0x7F, 0xFC, 0x03, 0x80,
    0x01, 0xC0, 0x00, 0xE0, 0x00, 0x70, 0x00, 0x38, 0x00, 0x1F, 0xF8, 0x0F, 0xFE, 0x07, 0x87, 0x83,
    0x81, 0xC1, 0xC0, 0x70, 0xE0, 0x38, 0x70, 0x1C, 0x38, 0x1C, 0x1C, 0x1E, 0x0E, 0x7E, 0x07, 0x3E,
    0x00, 0x07, 0x83, 0xC0, 0xE0, 0x70, 0x00, 0x00, 0x0F, 0xFF, 0xFF, 0xE0, 0x38, 0x0E, 0x03, 0x80,
    0xE0, 0x38, 0x0E, 0x03, 0x80, 0xE0, 0x38, 0x0E, 0x03, 0x80, 0xE0, 0x38, 0x0E, 0x03, 0x80, 0x0F,
    0xF8, 0x7F, 0xF3, 0xC1, 0x9C, 0x00, 0xF0, 0x03, 0x80, 0x0E, 0x00, 0x3F, 0xF8, 0xFF, 0xE3, 0x80,
    0x0E, 0x00, 0x38, 0x00, 0xE0, 0x03, 0xC0, 0x07, 0x80, 0x0F, 0x86, 0x3F, 0xF8, 0x3F, 0xE0, 0x3F,
    0xE7, 0xFE, 0xF0, 0xEE, 0x00, 0xE0, 0x0E, 0x00, 0xF0, 0x07, 0xC0, 0x3F, 0x01, 0xFC, 0x03, 0xE0,
    0x0E, 0x00, 0xF0, 0x07, 0x00, 0xEE, 0x1E, 0xFF, 0xCF, 0xF8, 0xFF, 0xFF, 0xFF, 0xFF, 0xFF, 0xFF,
    0xFC, 0xDB, 0xFD, 0x80, 0x01, 0xC7, 0x1C, 0x71, 0xC7, 0x1C, 0x71, 0xC7, 0x1C, 0x71, 0xC7, 0x1C,
    0x71, 0xC7, 0x00, 0x0E, 0x1C, 0x38, 0x70, 0xE1, 0xC3, 0x87, 0x0E, 0x1C, 0x38, 0x70, 0xE1, 0xC3,
    0x87, 0x0E, 0x1C, 0x38, 0xF1, 0xDF, 0xBE, 0x00, 0x0F, 0xFE, 0x00, 0x0F, 0xFE, 0x00, 0x0E, 0x0E,
    0x00, 0x0E, 0x0E, 0x00, 0x0E, 0x0E, 0x00, 0x0E, 0x0E, 0x00, 0x0E, 0x0E, 0x00, 0x0E, 0x0F, 0xFC,
    0x0E, 0x0F, 0xFE, 0x0E, 0x0E, 0x1F, 0x0E, 0x0E, 0x07, 0x0C, 0x0E, 0x07, 0x0C, 0x0E, 0x07, 0x1C,
    0x0E, 0x07, 0x1C, 0x0E, 0x07, 0x3C, 0x0E, 0x1F, 0xF8, 0x0F, 0xFE, 0xF0, 0x0F, 0xFC, 0xE0, 0x38,
    0x03, 0x80, 0xE0, 0x0E, 0x03, 0x80, 0x38, 0x0E, 0x00, 0xE0, 0x38, 0x03, 0x80, 0xE0, 0x0E, 0x03,
    0x80, 0x3F, 0xFF, 0xF8, 0xFF, 0xFF, 0xFB, 0x80, 0xE1, 0xFE, 0x03, 0x81, 0xF8, 0x0E, 0x07, 0xE0,
    0x38, 0x1F, 0x80, 0xE0, 0x7E, 0x03, 0x81, 0xF8, 0x0E, 0x1F, 0xE0, 0x3F, 0xFB, 0x80, 0xFF, 0xC0,
    0xFF, 0xF8, 0x7F, 0xFC, 0x03, 0x80, 0x01, 0xC0, 0x00, 0xE0, 0x00, 0x70, 0x00, 0x38, 0x00, 0x1F,
    0xF8, 0x0F, 0xFE, 0x07, 0x87, 0x83, 0x81, 0xC1, 0xC0, 0x70, 0xE0, 0x38, 0x70, 0x1C, 0x38, 0x0E,
    0x1C, 0x07, 0x0E, 0x03, 0x87, 0x01, 0xC0, 0x03, 0xC0, 0x1C, 0x01, 0xC0, 0x0C, 0x00, 0x00, 0x00,
    0x03, 0x81, 0xFC, 0x0E, 0xE0, 0xE7, 0x0E, 0x38, 0x71, 0xC7, 0x0E, 0x70, 0x7F, 0x83, 0xFC, 0x1C,
    0xE0, 0xE3, 0x87, 0x1C, 0x38, 0x71, 0xC3, 0xCE, 0x0E, 0x70, 0x3B, 0x81, 0xDC, 0x07, 0x0E, 0x00,
    0x1C, 0x00, 0x38, 0x00, 0xE0, 0x00, 0x00, 0x00, 0x0E, 0x01, 0xF8, 0x0F, 0xE0, 0x3F, 0x81, 0xFE,
    0x0F, 0xF8, 0x37, 0xE1, 0xDF, 0x86, 0x7E, 0x39, 0xF9, 0xC7, 0xE6, 0x1F, 0xB8, 0x7E, 0xC1, 0xFF,
    0x07, 0xF8, 0x1F, 0xC0, 0x7F, 0x01, 0xF8, 0x07, 0x0E, 0x30, 0x0E, 0x70, 0x07, 0xF0, 0x07, 0xE0,
    0x00, 0x00, 0x00, 0x00, 0xE0, 0x07, 0xF0, 0x0E, 0x70, 0x0E, 0x78, 0x1C, 0x38, 0x1C, 0x1C, 0x38,
    0x1C, 0x38, 0x0E, 0x38, 0x0E, 0x70, 0x07, 0x70, 0x07, 0xE0, 0x03, 0xE0, 0x03, 0xC0, 0x01, 0xC0,
    0x03, 0x80, 0x07, 0x80, 0x3F, 0x00, 0x3E, 0x00, 0xE0, 0x1F, 0x80, 0x7E, 0x01, 0xF8, 0x07, 0xE0,
    0x1F, 0x80, 0x7E, 0x01, 0xF8, 0x07, 0xE0, 0x1F, 0x80, 0x7E, 0x01, 0xF8, 0x07, 0xE0, 0x1F, 0x80,
    0x7E, 0x01, 0xF8, 0x07, 0xFF, 0xFF, 0xFF, 0xF0, 0x70, 0x01, 0xC0, 0x07, 0x00, 0x1C, 0x00, 0x03,
    0xC0, 0x03, 0xC0, 0x03, 0xC0, 0x07, 0xE0, 0x07, 0xE0, 0x0E, 0x70, 0x0E, 0x70, 0x0E, 0x70, 0x1C,
    0x38, 0x1C, 0x38, 0x1F, 0xF8, 0x3F, 0xFC, 0x38, 0x1C, 0x70, 0x0E, 0x70, 0x0E, 0x70, 0x0E, 0xE0,
    0x07, 0xE0, 0x07, 0xFF, 0xEF, 0xFE, 0xE0, 0x0E, 0x00, 0xE0, 0x0E, 0x00, 0xE0, 0x0F, 0xFC, 0xFF,
    0xEE, 0x1F, 0xE0, 0x7E, 0x07, 0xE0, 0x7E, 0x07, 0xE0, 0x7E, 0x1F, 0xFF, 0xEF, 0xF8, 0xFF, 0xC7,
    0xFF, 0xB8, 0x3D, 0xC0, 0xEE, 0x07, 0x70, 0x3B, 0x83, 0xDF, 0xFC, 0xFF, 0xE7, 0x0F, 0xB8, 0x1D,
    0xC0, 0x7E, 0x03, 0xF0, 0x3F, 0x81, 0xDC, 0x1E, 0xFF, 0xE7, 0xFE, 0x00, 0xFF, 0xFF, 0xFE, 0x03,
    0x80, 0xE0, 0x38, 0x0E, 0x03, 0x80, 0xE0, 0x38, 0x0E, 0x03, 0x80, 0xE0, 0x38, 0x0E, 0x03, 0x80,
    0xE0, 0x38, 0x00, 0x0F, 0xFF, 0x03, 0xFF, 0xC0, 0xE0, 0x70, 0x38, 0x1C, 0x0E, 0x07, 0x03, 0x81,
    0xC0, 0xE0, 0x70, 0x38, 0x1C, 0x0E, 0x07, 0x03, 0x81, 0xC0, 0xE0, 0x70, 0x38, 0x1C, 0x1E, 0x07,
    0x07, 0x01, 0xC1, 0xC0, 0x70, 0xE0, 0x1C, 0xFF, 0xFF, 0xFF, 0xFF, 0xFE, 0x00, 0x1F, 0x80, 0x07,
    0xE0, 0x01, 0xF8, 0x00, 0x7C, 0x00, 0x0C, 0xFF, 0xFF, 0xFE, 0x03, 0x80, 0xE0, 0x38, 0x0E, 0x03,
    0xFF, 0xFF, 0xF8, 0x0E, 0x03, 0x80, 0xE0, 0x38, 0x0E, 0x03, 0x80, 0xFF, 0xFF, 0xF0, 0x70, 0x38,
    0x1C, 0x70, 0x70, 0x38, 0x70, 0xE0, 0xE0, 0xE1, 0xC3, 0x80, 0xE3, 0x87, 0x00, 0xE7, 0x1C, 0x01,
    0xEE, 0x70, 0x01, 0xFF, 0xE0, 0x03, 0xFF, 0xC0, 0x0F, 0x73, 0x80, 0x1C, 0xE3, 0x80, 0x79, 0xC7,
    0x00, 0xE3, 0x87, 0x03, 0x87, 0x0F, 0x0F, 0x0E, 0x0E, 0x1C, 0x1C, 0x1E, 0x78, 0x38, 0x1C, 0xE0,
    0x70, 0x1C, 0xFF, 0x8F, 0xFE, 0xE1, 0xE0, 0x0F, 0x00, 0x70, 0x0E, 0x01, 0xE3, 0xFC, 0x3F, 0xC0,
    0x3E, 0x00, 0x70, 0x07, 0x00, 0x70, 0x07, 0x00, 0x7E, 0x1F, 0xFF, 0xEF, 0xF8, 0xE0, 0x1F, 0x80,
    0xFE, 0x03, 0xF8, 0x1F, 0xE0, 0xFF, 0x83, 0x7E, 0x1D, 0xF8, 0x67, 0xE3, 0x9F, 0x9C, 0x7E, 0x61,
    0xFB, 0x87, 0xEC, 0x1F, 0xF0, 0x7F, 0x81, 0xFC, 0x07, 0xF0, 0x1F, 0x80, 0x70, 0x1C, 0xE0, 0x7F,
    0x80, 0xFC, 0x00, 0x00, 0x00, 0x03, 0x80, 0x7E, 0x03, 0xF8, 0x0F, 0xE0, 0x7F, 0x83, 0xFE, 0x0D,
    0xF8, 0x77, 0xE1, 0x9F, 0x8E, 0x7E, 0x71, 0xF9, 0x87, 0xEE, 0x1F, 0xB0, 0x7F, 0xC1, 0xFE, 0x07,
    0xF0, 0x1F, 0xC0, 0x7E, 0x01, 0xC0, 0xE0, 0x7B, 0x81, 0xCE, 0x0E, 0x38, 0x70, 0xE1, 0xC3, 0x8E,
    0x0E, 0x70, 0x3F, 0xC0, 0xFF, 0x03, 0x9C, 0x0E, 0x38, 0x38, 0xE0, 0xE1, 0xC3, 0x87, 0x8E, 0x0E,
    0x38, 0x1C, 0xE0, 0x7B, 0x80, 0xE0, 0x0F, 0xFE, 0x1F, 0xFC, 0x38, 0x38, 0x70, 0x70, 0xE0, 0xE1,
    0xC1, 0xC3, 0x83, 0x87, 0x07, 0x0E, 0x0E, 0x1C, 0x1C, 0x38, 0x38, 0x60, 0x70, 0xC0, 0xE3, 0x81,
    0xC7, 0x03, 0x9E, 0x07, 0xF8, 0x0F, 0xE0, 0x1C, 0xF0, 0x03, 0xFE, 0x00, 0xFF, 0x80, 0x7F, 0xE0,
    0x1F, 0xFC, 0x0F, 0xFF, 0x03, 0xFE, 0xC0, 0xDF, 0xB8, 0x77, 0xEE, 0x1D, 0xF9, 0x86, 0x7E, 0x73,
    0x9F, 0x9C, 0xE7, 0xE3, 0xB1, 0xF8, 0xFC, 0x7E, 0x3F, 0x1F, 0x87, 0x87, 0xE1, 0xE1, 0xF8, 0x30,
    0x70, 0xE0, 0x1F, 0x80, 0x7E, 0x01, 0xF8, 0x07, 0xE0, 0x1F, 0x80, 0x7E, 0x01, 0xFF, 0xFF, 0xFF,
    0xFF, 0x80, 0x7E, 0x01, 0xF8, 0x07, 0xE0, 0x1F, 0x80, 0x7E, 0x01, 0xF8, 0x07, 0xE0, 0x1F, 0x80,
    0x70, 0x0F, 0xF0, 0x1F, 0xF8, 0x3C, 0x3C, 0x70, 0x0E, 0xF0, 0x0F, 0xE0, 0x07, 0xE0, 0x07, 0xE0,
    0x07, 0xE0, 0x07, 0xE0, 0x07, 0xE0, 0x07, 0xE0, 0x07, 0xE0, 0x07, 0xF0, 0x0F, 0x70, 0x0E, 0x3C,
    0x3C, 0x1F, 0xF8, 0x0F, 0xF0, 0xFF, 0xFF, 0xFF, 0xFE, 0x01, 0xF8, 0x07, 0xE0, 0x1F, 0x80, 0x7E,
    0x01, 0xF8, 0x07, 0xE0, 0x1F, 0x80, 0x7E, 0x01, 0xF8, 0x07, 0xE0, 0x1F, 0x80, 0x7E, 0x01, 0xF8,
    0x07, 0xE0, 0x1F, 0x80, 0x70, 0xFF, 0x8F, 0xFC, 0xE1, 0xEE, 0x0E, 0xE0, 0x7E, 0x07, 0xE0, 0xFE,
    0x0E, 0xE3, 0xEF, 0xFC, 0xFF, 0x0E, 0x00, 0xE0, 0x0E, 0x00, 0xE0, 0x0E, 0x00, 0xE0, 0x0E, 0x00,
    0x0F, 0xF8, 0x7F, 0xF3, 0xE1, 0x9E, 0x00, 0xF0, 0x03, 0x80, 0x0E, 0x00, 0x38, 0x00, 0xE0, 0x03,
    0x80, 0x0E, 0x00, 0x38, 0x00, 0xE0, 0x03, 0xC0, 0x07, 0x80, 0x0F, 0x86, 0x3F, 0xF8, 0x3F, 0xE0,
    0xFF, 0xFF, 0xFF, 0xC1, 0xC0, 0x0E, 0x00, 0x70, 0x03, 0x80, 0x1C, 0x00, 0xE0, 0x07, 0x00, 0x38,
    0x01, 0xC0, 0x0E, 0x00, 0x70, 0x03, 0x80, 0x1C, 0x00, 0xE0, 0x07, 0x00, 0x38, 0x00, 0xE0, 0x07,
    0xF0, 0x0E, 0x70, 0x0E, 0x78, 0x1C, 0x38, 0x1C, 0x1C, 0x38, 0x1C, 0x38, 0x0E, 0x38, 0x0E, 0x70,
    0x07, 0x70, 0x07, 0xE0, 0x03, 0xE0, 0x03, 0xC0, 0x01, 0xC0, 0x03, 0x80, 0x07, 0x80, 0x3F, 0x00,
    0x3E, 0x00, 0x01, 0xC0, 0x03, 0xFF, 0x03, 0xFF, 0xF1, 0xF7, 0x7E, 0x71, 0xC3, 0xB8, 0x70, 0xFE,
    0x1C, 0x1F, 0x87, 0x07, 0xE1, 0xC1, 0xF8, 0x70, 0x7E, 0x1C, 0x1F, 0x87, 0x0F, 0x71, 0xC3, 0x9F,
    0x77, 0xE3, 0xFF, 0xF0, 0x3F, 0xF0, 0x01, 0xC0, 0x00, 0x70, 0x00, 0x70, 0x1E, 0xF0, 0x38, 0xE0,
    0xE0, 0xE1, 0xC1, 0xE7, 0x01, 0xDC, 0x01, 0xF8, 0x03, 0xE0, 0x03, 0xC0, 0x0F, 0x80, 0x1F, 0x80,
    0x77, 0x00, 0xE7, 0x03, 0x8F, 0x0E, 0x0E, 0x1C, 0x0E, 0x70, 0x1D, 0xE0, 0x1C, 0xE0, 0x1C, 0xE0,
    0x1C, 0xE0, 0x1C, 0xE0, 0x1C, 0xE0, 0x1C, 0xE0, 0x1C, 0xE0, 0x1C, 0xE0, 0x1C, 0xE0, 0x1C, 0xE0,
    0x1C, 0xE0, 0x1C, 0xE0, 0x1C, 0xE0, 0x1C, 0xE0, 0x1C, 0xE0, 0x1C, 0xE0, 0x1C, 0xFF, 0xFF, 0xFF,
    0xFF, 0x00, 0x07, 0x00, 0x07, 0x00, 0x07, 0x00, 0x07, 0xE0, 0x3F, 0x01, 0xF8, 0x0F, 0xC0, 0x7E,
    0x03, 0xF0, 0x1F, 0x80, 0xFC, 0x07, 0xF0, 0xFB, 0xFF, 0xCF, 0xFE, 0x00, 0x70, 0x03, 0x80, 0x1C,
    0x00, 0xE0, 0x07, 0x00, 0x38, 0x01, 0xC0, 0xE0, 0x70, 0x1F, 0x81, 0xC0, 0x7E, 0x07, 0x01, 0xF8,
    0x1C, 0x07, 0xE0, 0x70, 0x1F, 0x81, 0xC0, 0x7E, 0x07, 0x01, 0xF8, 0x1C, 0x07, 0xE0, 0x70, 0x1F,
    0x81, 0xC0, 0x7E, 0x07, 0x01, 0xF8, 0x1C, 0x07, 0xE0, 0x70, 0x1F, 0x81, 0xC0, 0x7E, 0x07, 0x01,
    0xF8, 0x1C, 0x07, 0xFF, 0xFF, 0xFF, 0xFF, 0xFF, 0xF0, 0xE0, 0x70, 0x39, 0xC0, 0xE0, 0x73, 0x81,
    0xC0, 0xE7, 0x03, 0x81, 0xCE, 0x07, 0x03, 0x9C, 0x0E, 0x07, 0x38, 0x1C, 0x0E, 0x70, 0x38, 0x1C,
    0xE0, 0x70, 0x39, 0xC0, 0xE0, 0x73, 0x81, 0xC0, 0xE7, 0x03, 0x81, 0xCE, 0x07, 0x03, 0x9C, 0x0E,
    0x07, 0x38, 0x1C, 0x0E, 0x70, 0x38, 0x1C, 0xFF, 0xFF, 0xFF, 0xFF, 0xFF, 0xFC, 0x00, 0x00, 0x38,
    0x00, 0x00, 0x70, 0x00, 0x00, 0xE0, 0x00, 0x01, 0xC0, 0xFE, 0x00, 0xFE, 0x00, 0x0E, 0x00, 0x0E,
    0x00, 0x0E, 0x00, 0x0E, 0x00, 0x0E, 0x00, 0x0F, 0xF8, 0x0F, 0xFC, 0x0E, 0x1E, 0x0E, 0x0E, 0x0E,
    0x07, 0x0E, 0x07, 0x0E, 0x07, 0x0E, 0x0E, 0x0E, 0x1E, 0x0F, 0xFC, 0x0F, 0xF8, 0xE0, 0x03, 0xF0,
    0x01, 0xF8, 0x00, 0xFC, 0x00, 0x7E, 0x00, 0x3F, 0x00, 0x1F, 0x80, 0x0F, 0xFF, 0x07, 0xFF, 0xC3,
    0xF0, 0xF1, 0xF8, 0x38, 0xFC, 0x0E, 0x7E, 0x07, 0x3F, 0x03, 0x9F, 0x83, 0x8F, 0xC7, 0xC7, 0xFF,
    0xC3, 0xFF, 0xC1, 0xC0, 0xE0, 0x0E, 0x00, 0xE0, 0x0E, 0x00, 0xE0, 0x0E, 0x00, 0xE0, 0x0F, 0xF8,
    0xFF, 0xCE, 0x1E, 0xE0, 0xEE, 0x07, 0xE0, 0x7E, 0x07, 0xE0, 0xEE, 0x3E, 0xFF, 0xCF, 0xF8, 0x7F,
    0xC0, 0xFF, 0xE1, 0xC3, 0xE0, 0x01, 0xC0, 0x03, 0xC0, 0x03, 0x80, 0x07, 0x0F, 0xFF, 0x1F, 0xFE,
    0x00, 0x1C, 0x00, 0x38, 0x00, 0xE0, 0x01, 0xC0, 0x03, 0x80, 0x0E, 0x30, 0x7C, 0x7F, 0xF0, 0xFF,
    0x80, 0xE0, 0x7F, 0x87, 0x07, 0xFF, 0x38, 0x7C, 0x7D, 0xC7, 0x80, 0xEE, 0x38, 0x07, 0xF1, 0xC0,
    0x1F, 0x9E, 0x00, 0xFF, 0xE0, 0x07, 0xFF, 0x00, 0x3F, 0x38, 0x01, 0xF9, 0xC0, 0x0F, 0xC7, 0x00,
    0x7E, 0x38, 0x03, 0xF1, 0xC0, 0x3F, 0x87, 0x01, 0xDC, 0x3E, 0x3E, 0xE0, 0xFF, 0xE7, 0x01, 0xFC,
    0x00, 0x1F, 0xF9, 0xFF, 0xDF, 0x0E, 0xE0, 0x77, 0x03, 0xB8, 0x1D, 0xC0, 0xEE, 0x07, 0x3C, 0x39,
    0xFF, 0xC3, 0xFE, 0x1C, 0x71, 0xE3, 0x8E, 0x1C, 0xE0, 0xEF, 0x07, 0x70, 0x3F, 0x01, 0xC0, 0x7F,
    0x8F, 0xF9, 0xC7, 0x80, 0x70, 0x0E, 0x7F, 0xDF, 0xFF, 0xC7, 0xE0, 0xFC, 0x1F, 0x83, 0xF9, 0xFF,
    0xFE, 0xFC, 0xC0, 0x00, 0x20, 0x3F, 0x87, 0xFC, 0x7E, 0x07, 0x80, 0x38, 0x03, 0x80, 0x1F, 0xF8,
    0xFF, 0xE7, 0xC7, 0xB8, 0x1D, 0xC0, 0xEE, 0x03, 0xF0, 0x1F, 0x80, 0xFC, 0x0F, 0xE0, 0x73, 0x83,
    0x9E, 0x78, 0x7F, 0xC1, 0xF8, 0x00, 0xFF, 0x9F, 0xFB, 0x87, 0xF0, 0x7E, 0x0F, 0xC7, 0xBF, 0xE7,
    0xFE, 0xE1, 0xFC, 0x1F, 0x83, 0xF0, 0xFF, 0xFF, 0xFF, 0x00, 0xFF, 0xFF, 0xF8, 0x1C, 0x0E, 0x07,
    0x03, 0x81, 0xC0, 0xE0, 0x70, 0x38, 0x1C, 0x0E, 0x07, 0x00, 0x1F, 0xF8, 0x3F, 0xF0, 0x70, 0xE0,
    0xE1, 0xC1, 0xC3, 0x83, 0x87, 0x07, 0x0E, 0x1C, 0x1C, 0x38, 0x38, 0x70, 0x70, 0xE0, 0xE3, 0x81,
    0xCF, 0xFF, 0xFF, 0xFF, 0xF8, 0x03, 0xF0, 0x07, 0xE0, 0x0F, 0x80, 0x0C, 0x1F, 0x87, 0xFC, 0x71,
    0xEE, 0x0E, 0xE0, 0x7F, 0xFF, 0xFF, 0xFE, 0x00, 0xE0, 0x0E, 0x00, 0xF0, 0x07, 0x86, 0x3F, 0xE1,
    0xFE, 0x70, 0x70, 0xE3, 0x87, 0x1C, 0x38, 0x71, 0xC1, 0xC7, 0x38, 0x0E, 0x73, 0x00, 0xE7, 0x70,
    0x07, 0xFE, 0x00, 0x7F, 0xE0, 0x0E, 0x77, 0x01, 0xE7, 0x38, 0x1C, 0x73, 0x83, 0x87, 0x1C, 0x78,
    0x71, 0xE7, 0x07, 0x0E, 0x7F, 0x9F, 0xF9, 0x87, 0x80, 0x70, 0x1E, 0x07, 0x8F, 0xE1, 0xFE, 0x01,
    0xE0, 0x1C, 0x03, 0xF0, 0xFF, 0xFF, 0xFF, 0x00, 0xE0, 0xFE, 0x1F, 0xE1, 0xFE, 0x3F, 0xE3, 0x7E,
    0x77, 0xE6, 0x7E, 0xE7, 0xFC, 0x7F, 0xC7, 0xF8, 0x7F, 0x87, 0xF0, 0x7F, 0x07, 0x31, 0xC3, 0xB8,
    0x3F, 0x81, 0xF0, 0x00, 0x0E, 0x0F, 0xE1, 0xFE, 0x1F, 0xE3, 0xFE, 0x37, 0xE7, 0x7E, 0x67, 0xEE,
    0x7F, 0xC7, 0xFC, 0x7F, 0x87, 0xF8, 0x7F, 0x07, 0xF0, 0x70, 0xE1, 0xFC, 0x3B, 0x8E, 0x71, 0xCE,
    0x71, 0xDC, 0x3F, 0x87, 0xF0, 0xEF, 0x1C, 0xE3, 0x8E, 0x71, 0xEE, 0x1D, 0xC1, 0xC0, 0x0F, 0xFC,
    0x3F, 0xF0, 0xE1, 0xC3, 0x87, 0x0E, 0x1C, 0x38, 0x70, 0xE1, 0xC3, 0x87, 0x1E, 0x1C, 0x78, 0x71,
    0xC1, 0xC7, 0x07, 0xFC, 0x1F, 0xE0, 0x70, 0xF0, 0x1F, 0xE0, 0x3F, 0xE0, 0xFF, 0xC1, 0xFF, 0x83,
    0xFF, 0x8F, 0xFF, 0x1F, 0xF6, 0x37, 0xEE, 0xEF, 0xCD, 0x9F, 0x9F, 0x3F, 0x3E, 0x7E, 0x38, 0xFC,
    0x71, 0xC0, 0xE0, 0x7E, 0x07, 0xE0, 0x7E, 0x07, 0xE0, 0x7E, 0x07, 0xFF, 0xFF, 0xFF, 0xE0, 0x7E,
    0x07, 0xE0, 0x7E, 0x07, 0xE0, 0x7E, 0x07, 0x1F, 0x83, 0xFF, 0x1E, 0x3D, 0xC0, 0xEE, 0x07, 0x70,
    0x1F, 0x80, 0xFC, 0x07, 0xE0, 0x7F, 0x03, 0xBC, 0x1C, 0xF1, 0xE3, 0xFE, 0x0F, 0xE0, 0xFF, 0xFF,
    0xFF, 0x83, 0xF0, 0x7E, 0x0F, 0xC1, 0xF8, 0x3F, 0x07, 0xE0, 0xFC, 0x1F, 0x83, 0xF0, 0x7E, 0x0F,
    0xC1, 0xC0, 0xDF, 0xCF, 0xFE, 0xF9, 0xEE, 0x07, 0xE0, 0x7E, 0x07, 0xE0, 0x7E, 0x07, 0xE0, 0x7E,
    0x07, 0xE0, 0xFF, 0x9E, 0xFF, 0xEF, 0xFC, 0xE0, 0x0E, 0x00, 0xE0, 0x0E, 0x00, 0xE0, 0x0E, 0x00,
    0x1F, 0xC7, 0xF9, 0xE3, 0x78, 0x0E, 0x01, 0xC0, 0x38, 0x07, 0x00, 0xE0, 0x1C, 0x03, 0xC0, 0x3C,
    0x27, 0xFC, 0x3F, 0x80, 0xFF, 0xFF, 0xFC, 0x38, 0x07, 0x00, 0xE0, 0x1C, 0x03, 0x80, 0x70, 0x0E,
    0x01, 0xC0, 0x38, 0x07, 0x00, 0xE0, 0x1C, 0x00, 0xF0, 0x1D, 0xC0, 0xE7, 0x03, 0x8E, 0x1E, 0x38,
    0x70, 0xE1, 0xC1, 0xCE, 0x07, 0x38, 0x0E, 0xE0, 0x3F, 0x00, 0xFC, 0x01, 0xF0, 0x07, 0x80, 0x0E,
    0x00, 0x30, 0x01, 0xC0, 0x07, 0x00, 0x38, 0x07, 0xE0, 0x1F, 0x00, 0x03, 0x80, 0x03, 0x80, 0x03,
    0x80, 0x03, 0x80, 0x03, 0x80, 0x03, 0x80, 0x1F, 0xF8, 0x3F, 0xFC, 0x7F, 0xBE, 0xF3, 0x8F, 0xE3,
    0x87, 0xE3, 0x87, 0xE3, 0x87, 0xE3, 0x87, 0xE3, 0x87, 0xE3, 0x87, 0xF3, 0x8F, 0x7F, 0xBE, 0x3F,
    0xFC, 0x1F, 0xF8, 0x03, 0x80, 0x03, 0x80, 0x03, 0x80, 0x03, 0x80, 0x03, 0x80, 0x03, 0x80, 0x70,
    0x7B, 0xC3, 0x8E, 0x38, 0x39, 0xC1, 0xFC, 0x07, 0xC0, 0x1E, 0x00, 0xF0, 0x0F, 0xC0, 0xEE, 0x0F,
    0x38, 0x71, 0xE7, 0x07, 0x78, 0x1C, 0xE0, 0xE7, 0x07, 0x38, 0x39, 0xC1, 0xCE, 0x0E, 0x70, 0x73,
    0x83, 0x9C, 0x1C, 0xE0, 0xE7, 0x07, 0x38, 0x39, 0xC1, 0xCF, 0xFF, 0xFF, 0xFC, 0x00, 0xE0, 0x07,
    0x00, 0x38, 0x00, 0x00, 0xE0, 0x7E, 0x07, 0xE0, 0x7E, 0x07, 0xE0, 0x7E, 0x07, 0xF0, 0xF7, 0xFF,
    0x3F, 0xF0, 0x07, 0x00, 0x70, 0x07, 0x00, 0x70, 0x07, 0xE0, 0xE0, 0xFC, 0x1C, 0x1F, 0x83, 0x83,
    0xF0, 0x70, 0x7E, 0x0E, 0x0F, 0xC1, 0xC1, 0xF8, 0x38, 0x3F, 0x07, 0x07, 0xE0, 0xE0, 0xFC, 0x1C,
    0x1F, 0x83, 0x83, 0xF0, 0x70, 0x7F, 0xFF, 0xFF, 0xFF, 0xFF, 0xC0, 0xE0, 0xE1, 0xC7, 0x07, 0x0E,
    0x38, 0x38, 0x71, 0xC1, 0xC3, 0x8E, 0x0E, 0x1C, 0x70, 0x70, 0xE3, 0x83, 0x87, 0x1C, 0x1C, 0x38,
    0xE0, 0xE1, 0xC7, 0x07, 0x0E, 0x38, 0x38, 0x71, 0xC1, 0xC3, 0x8F, 0xFF, 0xFF, 0xFF, 0xFF, 0xFC,
    0x00, 0x00, 0xE0, 0x00, 0x07, 0x00, 0x00, 0x38, 0x00, 0x00, 0x00, 0xFE, 0x01, 0xFC, 0x00, 0x38,
    0x00, 0x70, 0x00, 0xE0, 0x01, 0xFF, 0x03, 0xFF, 0x07, 0x1E, 0x0E, 0x1E, 0x1C, 0x1C, 0x38, 0x78,
    0x71, 0xE0, 0xFF, 0xC1, 0xFF, 0x00, 0xE0, 0x0F, 0xC0, 0x1F, 0x80, 0x3F, 0x00, 0x7E, 0x00, 0xFF,
    0xE1, 0xFF, 0xF3, 0xF1, 0xE7, 0xE1, 0xEF, 0xC1, 0xDF, 0x87, 0xBF, 0x1E, 0x7F, 0xFC, 0xFF, 0xF1,
    0xC0, 0xE0, 0x1C, 0x03, 0x80, 0x70, 0x0E, 0x01, 0xFF, 0x3F, 0xF7, 0x1E, 0xE1, 0xFC, 0x1F, 0x87,
    0xF1, 0xEF, 0xFD, 0xFF, 0x00, 0xFE, 0x1F, 0xF3, 0x1F, 0x00, 0xE0, 0x1C, 0x03, 0xDF, 0xFB, 0xFF,
    0x00, 0xE0, 0x38, 0x07, 0x43, 0xEF, 0xF9, 0xFC, 0x00, 0xE1, 0xFC, 0x71, 0xFF, 0x39, 0xE3, 0xDC,
    0xE0, 0x7E, 0x70, 0x3F, 0x70, 0x1F, 0xF8, 0x0F, 0xFC, 0x07, 0xEE, 0x03, 0xF3, 0x81, 0xF9, 0xC0,
    0xFC, 0xF1, 0xEE, 0x3F, 0xF7, 0x0F, 0xE0, 0x1F, 0xF7, 0xFF, 0x78, 0x77, 0x07, 0x70, 0x77, 0x07,
    0x78, 0x73, 0xFF, 0x1F, 0xF1, 0xC7, 0x3C, 0x73, 0x87, 0x70, 0x7F, 0x07, 0x1C, 0x01, 0xE0, 0x0E,
    0x00, 0x70, 0x00, 0x00, 0x00, 0x1F, 0x87, 0xFC, 0x71, 0xEE, 0x0E, 0xE0, 0x7F, 0xFF, 0xFF, 0xFE,
    0x00, 0xE0, 0x0E, 0x00, 0xF0, 0x07, 0x86, 0x3F, 0xE1, 0xFE, 0x19, 0x83, 0x9C, 0x19, 0x80, 0x00,
    0x1F, 0x87, 0xFC, 0x71, 0xEE, 0x0E, 0xE0, 0x7F, 0xFF, 0xFF, 0xFE, 0x00, 0xE0, 0x0E, 0x00, 0xF0,
    0x07, 0x86, 0x3F, 0xE1, 0xFE, 0x38, 0x03, 0xFE, 0x0F, 0xF8, 0x0E, 0x00, 0x38, 0x00, 0xFF, 0xC3,
    0xFF, 0x8F, 0x9E, 0x38, 0x3C, 0xE0, 0x73, 0x81, 0xCE, 0x07, 0x38, 0x1C, 0xE0, 0x73, 0x81, 0xCE,
    0x07, 0x38, 0x1C, 0xE0, 0x73, 0x81, 0xC0, 0x07, 0x00, 0x1C, 0x00, 0x70, 0x03, 0x80, 0x7E, 0x01,
    0xF0, 0x07, 0x07, 0x83, 0x83, 0x81, 0x80, 0x03, 0xFF, 0xFF, 0xE0, 0x70, 0x38, 0x1C, 0x0E, 0x07,
    0x03, 0x81, 0xC0, 0xE0, 0x70, 0x38, 0x1C, 0x00, 0x1F, 0xC7, 0xF9, 0xE3, 0x78, 0x0E, 0x01, 0xC0,
    0x3F, 0xE7, 0xFC, 0xE0, 0x1C, 0x03, 0xC0, 0x3C, 0x27, 0xFC, 0x3F, 0x80, 0x3F, 0xFF, 0xFF, 0x1B,
    0x80, 0xE0, 0x3E, 0x07, 0xF0, 0x7E, 0x03, 0xC0, 0x70, 0x1F, 0x0F, 0xFF, 0xFF, 0xC0, 0xFF, 0x0F,
    0xFF, 0xFF, 0xFF, 0xFF, 0xFC, 0xDB, 0xFD, 0x80, 0x71, 0xC7, 0x1C, 0x71, 0xC7, 0x1C, 0x71, 0xC7,
    0x1C, 0x71, 0xC0, 0x0C, 0x1C, 0x30, 0x00, 0xE1, 0xC3, 0x87, 0x0E, 0x1C, 0x38, 0x70, 0xE1, 0xC3,
    0x87, 0x0E, 0x1C, 0x38, 0x70, 0xE3, 0xBF, 0x7C, 0x0F, 0xF8, 0x00, 0x7F, 0xC0, 0x03, 0x8E, 0x00,
    0x1C, 0x70, 0x00, 0xE3, 0x80, 0x07, 0x1F, 0xF0, 0x38, 0xFF, 0xC1, 0xC7, 0x0F, 0x1E, 0x38, 0x38,
    0xF1, 0xC1, 0xC7, 0x0E, 0x0E, 0x38, 0x70, 0xFF, 0xC3, 0xFF, 0x7C, 0x1F, 0xF0, 0xE0, 0xE0, 0x1C,
    0x1C, 0x03, 0x83, 0x80, 0x70, 0x70, 0x0E, 0x0E, 0x01, 0xC1, 0xC0, 0x3F, 0xFF, 0xF7, 0xFF, 0xFF,
    0xE0, 0xE1, 0xFC, 0x1C, 0x1F, 0x83, 0x83, 0xF0, 0x70, 0xFE, 0x0F, 0xFF, 0xC1, 0xFF, 0x00, 0x38,
    0x00, 0xE0, 0x0F, 0xF8, 0x3F, 0xE0, 0x38, 0x00, 0xFF, 0xC3, 0xFF, 0x8F, 0x9E, 0x38, 0x3C, 0xE0,
    0x73, 0x81, 0xCE, 0x07, 0x38, 0x1C, 0xE0, 0x73, 0x81, 0xCE, 0x07, 0x38, 0x1C, 0xE0, 0x73, 0x81,
    0xC0, 0x03, 0x80, 0xF0, 0x1C, 0x07, 0x00, 0xC0, 0x00, 0x38, 0x7F, 0x0E, 0xE3, 0x9C, 0x73, 0x9C,
    0x77, 0x0F, 0xE1, 0xFC, 0x3B, 0xC7, 0x38, 0xE3, 0x9C, 0x7B, 0x87, 0x70, 0x70, 0x3C, 0x01, 0xC0,
    0x0E, 0x00, 0x60, 0x07, 0x00, 0x00, 0xE0, 0xFE, 0x1F, 0xE1, 0xFE, 0x3F, 0xE3, 0x7E, 0x77, 0xE6,
    0x7E, 0xE7, 0xFC, 0x7F, 0xC7, 0xF8, 0x7F, 0x87, 0xF0, 0x7F, 0x07, 0x1C, 0x60, 0x7B, 0x80, 0xFE,
    0x01, 0xF0, 0x00, 0x03, 0xC0, 0x77, 0x03, 0x9C, 0x0E, 0x38, 0x78, 0xE1, 0xC3, 0x87, 0x07, 0x38,
    0x1C, 0xE0, 0x3B, 0x80, 0xFC, 0x03, 0xF0, 0x07, 0xC0, 0x1E, 0x00, 0x38, 0x00, 0xC0, 0x07, 0x00,
    0x1C, 0x00, 0xE0, 0x1F, 0x80, 0x7C, 0x00, 0xE0, 0xFC, 0x1F, 0x83, 0xF0, 0x7E, 0x0F, 0xC1, 0xF8,
    0x3F, 0x07, 0xE0, 0xFC, 0x1F, 0x83, 0xF0, 0x7F, 0xFF, 0xFF, 0xC3, 0x80, 0x70, 0x0E, 0x01, 0xC0,
    0xE0, 0x70, 0x1F, 0x81, 0xC0, 0x7E, 0x07, 0x81, 0xF8, 0x0E, 0x0F, 0xE0, 0x38, 0x3B, 0x80, 0xE0,
    0xEF, 0x07, 0x83, 0x9C, 0x1E, 0x0E, 0x70, 0x7C, 0x39, 0xC3, 0xF0, 0xE3, 0x8F, 0xC7, 0x0E, 0x73,
    0x9C, 0x39, 0xCE, 0x70, 0x77, 0x3B, 0x81, 0xF8, 0x7E, 0x03, 0xE1, 0xF0, 0x0F, 0x83, 0xC0, 0x1C,
    0x0E, 0x00, 0xE0, 0xE0, 0xFC, 0x1C, 0x1F, 0x83, 0x83, 0xF0, 0x70, 0x7E, 0x0E, 0x0F, 0xC1, 0xC1,
    0xDC, 0x3C, 0x73, 0x8F, 0x8E, 0x71, 0xF1, 0xC7, 0x77, 0x70, 0xEE, 0xEE, 0x0F, 0x8F, 0x81, 0xF1,
    0xF0, 0x1C, 0x1C, 0x00, 0x1C, 0x00, 0x1C, 0x00, 0xFF, 0xE0, 0xFF, 0xE0, 0x1C, 0x00, 0x1C, 0x00,
    0x1C, 0x00, 0x1F, 0xF8, 0x1F, 0xFC, 0x1C, 0x3E, 0x1C, 0x0E, 0x1C, 0x07, 0x1C, 0x07, 0x1C, 0x0F,
    0x1C, 0x0E, 0x1C, 0x3E, 0x1F, 0xFC, 0x1F, 0xF8, 0x1C, 0x00, 0x38, 0x00, 0x70, 0x07, 0xFC, 0x0F,
    0xF8, 0x03, 0x80, 0x07, 0x00, 0x0E, 0x00, 0x1C, 0x00, 0x3F, 0xF0, 0x7F, 0xF0, 0xE0, 0xE1, 0xC0,
    0xE3, 0x81, 0xC7, 0x07, 0x0F, 0xFE, 0x1F, 0xF8, 0xE0, 0x1F, 0xEE, 0x07, 0xFF, 0xE0, 0xF8, 0x6E,
    0x1E, 0x00, 0xE1, 0xC0, 0x0E, 0x1C, 0x00, 0xE3, 0xC0, 0x0F, 0xFF, 0xF8, 0xFF, 0xFF, 0x8E, 0x38,
    0x00, 0xE3, 0x80, 0x0E, 0x1C, 0x00, 0xE1, 0xC0, 0x0E, 0x1C, 0x00, 0xE0, 0xE0, 0x0E, 0x0F, 0x86,
    0xE0, 0x7F, 0xEE, 0x01, 0xFE, 0xE0, 0xFF, 0xE1, 0xFF, 0xE3, 0xC2, 0xE3, 0x80, 0xE3, 0x80, 0xE7,
    0x00, 0xFF, 0xFE, 0xFF, 0xFE, 0xE7, 0x00, 0xE7, 0x80, 0xE3, 0x80, 0xE3, 0xC3, 0xE1, 0xFF, 0xE0,
    0xFF, 0x01, 0xE0, 0x00, 0x78, 0x00, 0x1F, 0x00, 0x0F, 0xC0, 0x03, 0xF8, 0x01, 0xCE, 0x00, 0x73,
    0x80, 0x3C, 0x70, 0x0F, 0xFC, 0x03, 0xFF, 0x81, 0xCE, 0xE0, 0x73, 0xBC, 0x3C, 0xE7, 0x0E, 0x39,
    0xC3, 0x8E, 0x39, 0xC3, 0x8E, 0x70, 0xE3, 0xF8, 0x38, 0x70, 0x03, 0xC0, 0x03, 0xE0, 0x07, 0xE0,
    0x07, 0x60, 0x0E, 0x70, 0x0E, 0x70, 0x0F, 0xF8, 0x1F, 0xF8, 0x1D, 0xFC, 0x39, 0xDC, 0x39, 0xDC,
    0x39, 0xCE, 0x71, 0xCE, 0x71, 0xC7, 0xE0, 0x3C, 0x07, 0x01, 0xE0, 0x38, 0x1F, 0x81, 0xC0, 0xFC,
    0x0E, 0x07, 0x70, 0x70, 0x73, 0x83, 0x83, 0x8C, 0x1F, 0xFF, 0xF0, 0xFF, 0xFF, 0x87, 0x0E, 0xEE,
    0x38, 0xE7, 0x71, 0xC7, 0x39, 0xCE, 0x71, 0xCE, 0x73, 0x8E, 0x73, 0x9C, 0x71, 0xDD, 0xC3, 0x8E,
    0xEE, 0x1C, 0x7F, 0x70, 0xE1, 0xC0, 0xE0, 0xF0, 0x38, 0x3E, 0x0E, 0x1F, 0x83, 0x87, 0x70, 0xE1,
    0x9C, 0x38, 0xE7, 0x0F, 0xFF, 0xE3, 0xFF, 0xF8, 0xE7, 0x77, 0x39, 0xDD, 0xCE, 0xE7, 0x73, 0xB9,
    0xCE, 0xFC, 0x73, 0xBF, 0x1C, 0x70, 0x3F, 0xFF, 0x0F, 0xFF, 0xC3, 0xC0, 0xF0, 0x78, 0x38, 0x0F,
    0x1C, 0x01, 0xCE, 0x00, 0x3F, 0x00, 0x3F, 0xF0, 0x1F, 0xFE, 0x07, 0xBB, 0xC3, 0x8E, 0x70, 0xE3,
    0x9C, 0x78, 0xE3, 0x9C, 0x38, 0xE7, 0x0E, 0x39, 0xC3, 0x8E, 0xF0, 0xE1, 0xF8, 0x38, 0x70, 0x3F,
    0xFC, 0x3F, 0xFC, 0x1C, 0x1C, 0x1E, 0x38, 0x0E, 0x70, 0x07, 0xE0, 0x1F, 0xF8, 0x1F, 0xFC, 0x39,
    0xDC, 0x39, 0xCC, 0x71, 0xCE, 0x71, 0xCE, 0x61, 0xC6, 0xE1, 0xC7, 0xE3, 0xFF, 0xF3, 0x8F, 0xFF,
    0xCE, 0x3C, 0x0F, 0x38, 0x78, 0x38, 0xE0, 0xF1, 0xC3, 0x81, 0xCE, 0x0E, 0x03, 0xF0, 0x3F, 0xFF,
    0xF0, 0xFF, 0xFF, 0xE3, 0x87, 0xBB, 0xCE, 0x38, 0xE7, 0x38, 0xE3, 0x9C, 0xE3, 0x8E, 0x3B, 0x9C,
    0x38, 0xEE, 0x70, 0xE3, 0xB9, 0xC3, 0x8E, 0xEE, 0x0E, 0x1F, 0xB8, 0x38, 0x70, 0xE7, 0xFF, 0x9C,
    0xFF, 0xF3, 0x8E, 0x0E, 0x71, 0xE3, 0x8E, 0x1C, 0xE1, 0xC1, 0xF8, 0x3F, 0xFF, 0xC7, 0xFF, 0xFC,
    0xE7, 0x3B, 0x9C, 0xE7, 0x33, 0xB8, 0xE7, 0x77, 0x1C, 0xEE, 0xC3, 0x8D, 0xF8, 0x71, 0xC0, 0x38,
    0xE1, 0xEF, 0x07, 0xE0, 0x1F, 0x07, 0xFE, 0x7F, 0xF9, 0x81, 0xC0, 0x07, 0x00, 0x38, 0x03, 0x80,
    0x7C, 0x7F, 0x83, 0xFC, 0x01, 0xF8, 0x01, 0xC0, 0x0F, 0x00, 0x38, 0x01, 0xC0, 0x1C, 0x01, 0xE3,
    0xFE, 0x7F, 0xE3, 0xC0, 0x1C, 0x00, 0xE0, 0x07, 0xFF, 0xDF, 0xFE, 0x00, 0x00, 0x71, 0xE7, 0x7C,
    0x7E, 0x1F, 0x87, 0xFC, 0xFF, 0x80, 0x38, 0x07, 0x03, 0xC3, 0xF0, 0x7F, 0x00, 0xF0, 0x0E, 0x01,
    0xC0, 0x7B, 0xFF, 0xFF, 0x9E, 0x03, 0x80, 0x7F, 0xF7, 0xFE, 0x00, 0x80, 0xE1, 0xC3, 0xF0, 0xE1,
    0xF8, 0x70, 0xFC, 0x38, 0x7E, 0x1C, 0x3F, 0x0E, 0x1F, 0x87, 0x0F, 0xC3, 0x8F, 0xE1, 0xC7, 0x78,
    0xE3, 0x9E, 0x77, 0x87, 0xFF, 0xC1, 0xFF, 0x80, 0x0E, 0x00, 0x07, 0x00, 0x03, 0x80, 0x01, 0xC0,
    0x00, 0xE0, 0x00, 0x03, 0x80, 0x07, 0x00, 0x0E, 0x00, 0x1C, 0x00, 0x38, 0x00, 0x70, 0x38, 0xE3,
    0xF1, 0xC7, 0xE3, 0x8F, 0xC7, 0x1F, 0x8E, 0x3F, 0x1C, 0x7E, 0x38, 0xFC, 0x71, 0xF8, 0xE3, 0xF1,
    0xC7, 0xE3, 0x9E, 0xF7, 0x79, 0xFF, 0xE1, 0xFF, 0x80, 0x38, 0x00, 0x70, 0x00, 0xE0, 0x01, 0xC0,
    0x03, 0x80, 0x07, 0x00, 0x0F, 0xF0, 0x0F, 0xFE, 0x0F, 0x0F, 0x8E, 0x01, 0xCE, 0x00, 0x77, 0x00,
    0x3B, 0x80, 0x0D, 0xFF, 0xFF, 0xFF, 0xFF, 0xF0, 0x01, 0xF8, 0x00, 0xFC, 0x00, 0xEE, 0x00, 0x77,
    0x80, 0x39, 0xE0, 0x38, 0x78, 0x7C, 0x1F, 0xFC, 0x07, 0xF8, 0x00, 0x1F, 0xC3, 0xFF, 0x1E, 0x3D,
    0xC0, 0xEE, 0x07, 0x70, 0x1F, 0xFF, 0xFF, 0xFF, 0xE0, 0x3F, 0x03, 0xB8, 0x1C, 0xF1, 0xE3, 0xFE,
    0x0F, 0xE0, 0xE0, 0x07, 0xB8, 0x07, 0xDC, 0x03, 0x8E, 0x03, 0x83, 0x81, 0xC1, 0xC0, 0xE0, 0xE0,
    0xE0, 0x38, 0x70, 0x1C, 0x38, 0x0E, 0x38, 0x03, 0x9C, 0x01, 0xCE, 0x00, 0xF6, 0x00, 0x3F, 0x00,
    0x1F, 0x80, 0x07, 0xC0, 0x03, 0xC0, 0x01, 0xE0, 0x00, 0xE0, 0x1D, 0xC0, 0xF7, 0x03, 0x9C, 0x1C,
    0x38, 0x70, 0xE1, 0x81, 0x8E, 0x07, 0x38, 0x1C, 0xE0, 0x37, 0x00, 0xFC, 0x03, 0xF0, 0x07, 0x80,
    0x1E, 0x00, 0x3D, 0xC0, 0x0E, 0xF0, 0x03, 0xB8, 0x00, 0xCE, 0x00, 0x00, 0x00, 0x00, 0x03, 0x80,
    0x1E, 0xE0, 0x1F, 0x70, 0x0E, 0x38, 0x0E, 0x0E, 0x07, 0x07, 0x03, 0x83, 0x83, 0x80, 0xE1, 0xC0,
    0x70, 0xE0, 0x38, 0xE0, 0x0E, 0x70, 0x07, 0x38, 0x03, 0xD8, 0x00, 0xFC, 0x00, 0x7E, 0x00, 0x1F,
    0x00, 0x0F, 0x00, 0x07, 0x80, 0x7B, 0x80, 0xEE, 0x01, 0xDC, 0x03, 0x38, 0x00, 0x00, 0x00, 0x0E,
    0x01, 0xDC, 0x0F, 0x70, 0x39, 0xC1, 0xC3, 0x87, 0x0E, 0x18, 0x18, 0xE0, 0x73, 0x81, 0xCE, 0x03,
    0x70, 0x0F, 0xC0, 0x3F, 0x00, 0x78, 0x01, 0xE0, 0x0F, 0xF0, 0x00, 0x01, 0xFF, 0xC0, 0x00, 0x1F,
    0x1F, 0x00, 0x00, 0xE0, 0x38, 0x00, 0x0F, 0x00, 0xEE, 0x03, 0xF0, 0x07, 0x78, 0x1F, 0x80, 0x39,
    0xC1, 0xDC, 0x00, 0xEE, 0x0E, 0xE0, 0x07, 0x38, 0x77, 0x00, 0x39, 0xC7, 0x38, 0x01, 0xCE, 0x39,
    0xC0, 0x1C, 0x39, 0xCE, 0x00, 0xE1, 0xDC, 0x78, 0x07, 0x06, 0xE1, 0xC0, 0x70, 0x3F, 0x0F, 0x8F,
    0x81, 0xF0, 0x3F, 0xF8, 0x07, 0x80, 0x7F, 0x80, 0x38, 0x00, 0x00, 0x01, 0xC0, 0x00, 0x00, 0x0E,
    0x00, 0x00, 0x00, 0xE0, 0x00, 0x00, 0x0F, 0x00, 0x00, 0x03, 0xF0, 0x00, 0x00, 0x1F, 0x00, 0x1F,
    0xC7, 0x01, 0xDF, 0xF9, 0xE0, 0x77, 0x8F, 0x38, 0x3B, 0x81, 0xCE, 0x0E, 0xE0, 0x71, 0xC3, 0xB8,
    0x0E, 0x71, 0xCE, 0x03, 0x9C, 0x73, 0x80, 0xE3, 0x9C, 0xE0, 0x38, 0xEE, 0x38, 0x1C, 0x1B, 0x8F,
    0x07, 0x07, 0xC1, 0xE3, 0xC1, 0xF0, 0x3F, 0xE0, 0x3C, 0x07, 0xF0, 0x0E, 0x00, 0x00, 0x03, 0x80,
    0x00, 0x00, 0xE0, 0x00, 0x00, 0x70, 0x00, 0x00, 0x3C, 0x00, 0x00, 0x7E, 0x00, 0x00, 0x1F, 0x00,
    0x01, 0xC0, 0x01, 0xFC, 0x01, 0xFF, 0xC0, 0xFF, 0xF8, 0x7D, 0xDF, 0x1C, 0x01, 0xCF, 0x00, 0x3B,
    0x80, 0x0E, 0xE0, 0x03, 0xB8, 0x00, 0x7E, 0x00, 0x1F, 0x80, 0x07, 0xE0, 0x01, 0xF8, 0x00, 0xEE,
    0x00, 0x3B, 0xC0, 0x0E, 0x78, 0x07, 0x1F, 0x77, 0xC3, 0xFF, 0xE0, 0x7F, 0xF0, 0x07, 0xF0, 0x00,
    0x70, 0x00, 0x07, 0x80, 0x7F, 0x83, 0xFF, 0x1F, 0xFE, 0xF0, 0x3F, 0x80, 0x7E, 0x01, 0xF8, 0x07,
    0xE0, 0x1F, 0x80, 0x7E, 0x01, 0xFC, 0x0F, 0x7F, 0xF8, 0xFF, 0xC1, 0xFE, 0x01, 0xE0, 0x00, 0xF0,
    0x00, 0x03, 0xFC, 0x00, 0x07, 0x7C, 0x00, 0x0D, 0xB8, 0x00, 0x03, 0x80, 0x00, 0x07, 0x00, 0x00,
    0x0C, 0x00, 0x00, 0x38, 0x00, 0x00, 0x00, 0x00, 0x3F, 0x8F, 0xC0, 0xFF, 0x3F, 0xC3, 0xC6, 0x23,
    0xC7, 0x00, 0x03, 0xDE, 0x00, 0x03, 0xB8, 0x00, 0x07, 0x70, 0x00, 0x0F, 0xE0, 0x00, 0x0F, 0xC0,
    0x00, 0x1F, 0x80, 0xC0, 0x3F, 0x01, 0xC0, 0x7E, 0x03, 0x81, 0xDC, 0x07, 0x03, 0xBC, 0x0E, 0x07,
    0x38, 0x1C, 0x1E, 0x7C, 0x7C, 0x78, 0x7F, 0xFF, 0xE0, 0x7F, 0x3F, 0x80, 0x03, 0xF0, 0x00, 0x7F,
    0xE0, 0x07, 0x7E, 0x00, 0x0E, 0x00, 0x00, 0x60, 0x00, 0x06, 0x00, 0x00, 0xE0, 0x00, 0x08, 0x00,
    0x00, 0x00, 0x03, 0xF9, 0xFC, 0x7F, 0x9F, 0xE7, 0x10, 0x8E, 0xE0, 0x00, 0x7E, 0x00, 0x07, 0xE0,
    0x00, 0x7E, 0x06, 0x07, 0xE0, 0xE0, 0x7E, 0x0E, 0x07, 0xE0, 0xE0, 0x7F, 0x0E, 0x0F, 0x79, 0xF9,
    0xE7, 0xFF, 0xFE, 0x3F, 0x9F, 0x80, 0x03, 0xFF, 0x00, 0x0F, 0xFC, 0x00, 0x33, 0x30, 0x00, 0x00,
    0x00, 0x00, 0x00, 0x03, 0x81, 0xC0, 0x7E, 0x07, 0x01, 0xF8, 0x1E, 0x07, 0xE0, 0x38, 0x3F, 0x80,
    0xE0, 0xEE, 0x03, 0x83, 0xBC, 0x1E, 0x0E, 0x70, 0x78, 0x39, 0xC1, 0xF0, 0xE7, 0x0F, 0xC3, 0x8E,
    0x3F, 0x1C, 0x39, 0xCE, 0x70, 0xE7, 0x39, 0xC1, 0xDC, 0xEE, 0x07, 0xE1, 0xF8, 0x0F, 0x87, 0xC0,
    0x3E, 0x0F, 0x00, 0x70, 0x38, 0x00, 0x0F, 0xFC, 0x01, 0xFF, 0x80, 0x11, 0x30, 0x00, 0x00, 0x0E,
    0x0E, 0x0F, 0xC1, 0xC1, 0xF8, 0x38, 0x3F, 0x07, 0x07, 0xE0, 0xE0, 0xFC, 0x1C, 0x1D, 0xC3, 0xC7,
    0x38, 0xF8, 0xE7, 0x1F, 0x3C, 0x77, 0x67, 0x0E, 0xCE, 0xE0, 0xF9, 0xF8, 0x1E, 0x1E, 0x01, 0xC3,
    0xC0, 0x07, 0xFC, 0x7F, 0xF3, 0xE1, 0xDE, 0x00, 0x70, 0x03, 0x80, 0x0E, 0x00, 0x38, 0x00, 0xE0,
    0x03, 0x80, 0x0E, 0x00, 0x38, 0x00, 0xE0, 0x03, 0xC0, 0x07, 0x80, 0x0F, 0x80, 0x1F, 0xE0, 0x3F,
    0x80, 0x0E, 0x00, 0x38, 0x00, 0xE0, 0x03, 0x80, 0x0E, 0x00, 0x38, 0x1F, 0xC7, 0xF9, 0xE3, 0x78,
    0x0E, 0x01, 0xC0, 0x38, 0x07, 0x00, 0xE0, 0x1C, 0x03, 0xC0, 0x3C, 0x47, 0xF8, 0x3F, 0x00, 0xE0,
    0x1C, 0x03, 0x80, 0x70, 0x0E, 0x01, 0xC0, 0x00, 0x00, 0x03, 0x80, 0x1C, 0x19, 0xC1, 0xFE, 0x03,
    0xE0, 0x0F, 0x80, 0x7F, 0x07, 0x3F, 0x38, 0x3F, 0x80, 0x7C, 0x01, 0xF0, 0x0F, 0xE0, 0xE7, 0x06,
    0x00, 0x70, 0x00, 0x00, 0x00, 0x01, 0xFF, 0xFF, 0xFF, 0xEC, 0x00, 0x1F, 0xBF, 0xFF, 0x9C, 0xEE,
    0xCE, 0x20, 0x77, 0x3E, 0xC0, 0xFE, 0x3F, 0xFC, 0x7C, 0x00, 0x0F, 0x80, 0x00, 0x00, 0x7E, 0x00,
    0x00, 0x06, 0x30, 0x00, 0x00, 0x00, 0x00, 0x00, 0xF0, 0x00, 0x78, 0x0F, 0xC0, 0x07, 0xE0, 0x67,
    0x00, 0x33, 0x82, 0x18, 0x01, 0x88, 0x00, 0x00, 0x00, 0x00, 0x00, 0x00, 0x00, 0x00, 0x00, 0x00,
    0x00, 0x00, 0x00, 0x00, 0x07, 0xC0, 0x00, 0x0F, 0x7F, 0x00, 0x00, 0xFF, 0x18, 0x00, 0x06, 0x60,
    0x00, 0x00, 0x00, 0x00, 0x00, 0x00, 0x00, 0x00, 0x00, 0x00, 0x00, 0x00, 0x00, 0x00, 0x1F, 0x00,
    0x0F, 0x81, 0xF8, 0x00, 0xFC, 0x0C, 0xE0, 0x06, 0x70, 0x00, 0x00, 0x00, 0x00, 0x01, 0xF0, 0x00,
    0x00, 0x0F, 0xC0, 0x00, 0x00, 0xE6, 0x00, 0x00, 0x06, 0x30, 0x00, 0x00, 0x06, 0x00, 0x00, 0x00,
    0xC0, 0x00, 0x00, 0x38, 0x00, 0x06, 0x07, 0x00, 0x00, 0xC0, 0xE0, 0x30, 0x1C, 0x00, 0x1E, 0x01,
    0xC0, 0x0F, 0x80, 0x38, 0x00, 0xE0, 0x02, 0x00, 0x00, 0x00, 0x00, 0x00, 0x00, 0x00, 0x00, 0x00,
    0x00, 0x00, 0x00, 0x0C, 0x00, 0x00, 0x31, 0xF0, 0x00, 0x07, 0x9E, 0x00, 0x00, 0xF8, 0xC0, 0x00,
    0x03, 0x00, 0x00, 0x00, 0x00, 0x00, 0x00, 0x00, 0x00, 0x00, 0x00, 0x00, 0x00, 0x04, 0x00, 0x30,
    0x01, 0xC0, 0x0F, 0x00, 0x38, 0x07, 0xC0, 0x03, 0x80, 0xE0, 0x70, 0x70, 0x00, 0x0E, 0x06, 0x00,
    0x01, 0xC0, 0x40, 0x00, 0x30, 0x00, 0x00, 0x06, 0x00, 0x00, 0x18, 0x70, 0x0E, 0x38, 0x07, 0xF8,
    0x01, 0xF8, 0x00, 0x00, 0x00, 0x00, 0x03, 0x80, 0x79, 0xC0, 0x7C, 0xE0, 0x3E, 0x70, 0x3F, 0x38,
    0x3F, 0x9C, 0x1D, 0xCE, 0x1C, 0xE7, 0x0E, 0x73, 0x8E, 0x39, 0xCE, 0x1C, 0xE7, 0x0E, 0x77, 0x07,
    0x3B, 0x83, 0x9F, 0x81, 0xCF, 0x80, 0xE7, 0xC0, 0x73, 0xC0, 0x3F, 0xE0, 0x1F, 0x00, 0x03, 0x80,
    0x03, 0x80, 0x01, 0xC0, 0x01, 0xE0, 0x00, 0xE0, 0x30, 0xE0, 0xE1, 0xC0, 0xE7, 0x81, 0xFE, 0x01,
    0xF8, 0x00, 0x00, 0x38, 0x3C, 0x70, 0x78, 0xE1, 0xF1, 0xC3, 0xE3, 0x8F, 0xC7, 0x3B, 0x8E, 0x77,
    0x1D, 0xCE, 0x3B, 0x9C, 0x7E, 0x38, 0xF8, 0x71, 0xF0, 0xE3, 0xC1, 0xFF, 0x83, 0xE0, 0x01, 0xC0,
    0x03, 0x80, 0x07, 0x00, 0x1C, 0x00, 0x38, 0x70, 0x01, 0xC0, 0x0F, 0xF0, 0x3F, 0xC0, 0x70, 0x01,
    0xC0, 0x07, 0x00, 0x1F, 0xF8, 0x7F, 0xF1, 0xC3, 0xE7, 0x03, 0x9C, 0x07, 0x70, 0x1D, 0xC0, 0xF7,
    0x03, 0x9C, 0x3E, 0x7F, 0xF1, 0xFF, 0x80, 0x38, 0x00, 0xE0, 0x03, 0x80, 0x3F, 0xC0, 0xFF, 0x00,
    0xE0, 0x03, 0x80, 0x0E, 0x00, 0x38, 0x00, 0xE0, 0x03, 0x80, 0x0E, 0x00, 0x3F, 0xF0, 0xFF, 0xE3,
    0x83, 0x8E, 0x07, 0x38, 0x1C, 0xE0, 0xE3, 0xFF, 0x8F, 0xFC, 0xFF, 0x8F, 0xFC, 0xE1, 0xEE, 0x0E,
    0xE0, 0x7E, 0x07, 0xE6, 0xFE, 0x6E, 0xE7, 0xEF, 0xFC, 0xFF, 0xCE, 0x1C, 0xE0, 0xCE, 0x00, 0xE0,
    0x0E, 0x00, 0xE0, 0x0E, 0x00, 0xDF, 0xCF, 0xFE, 0xF9, 0xEE, 0x07, 0xE0, 0x7E, 0x07, 0xE0, 0x7E,
    0x07, 0xE0, 0x7E, 0x37, 0xE3, 0xFF, 0xBE, 0xFF, 0xEF, 0xFE, 0xE0, 0xEE, 0x06, 0xE0, 0x0E, 0x00,
    0xE0, 0x0E, 0x00, 0x00, 0xE0, 0x1C, 0x03, 0x80, 0x7F, 0xFF, 0xFF, 0xF8, 0x07, 0x00, 0xE0, 0x1C,
    0x03, 0x80, 0x70, 0x0E, 0x01, 0xC0, 0x38, 0x07, 0x00, 0xE0, 0x1C, 0x03, 0x80, 0x70, 0x0E, 0x01,
    0xC0, 0x00, 0x03, 0x81, 0xC0, 0xE0, 0x7F, 0xFF, 0xFF, 0x81, 0xC0, 0xE0, 0x70, 0x38, 0x1C, 0x0E,
    0x07, 0x03, 0x81, 0xC0, 0xE0, 0x70, 0x00, 0x7F, 0xF7, 0xFF, 0x70, 0x07, 0x00, 0x70, 0x07, 0x00,
    0x70, 0x07, 0x00, 0xFF, 0x8F, 0xF8, 0x70, 0x07, 0x00, 0x70, 0x07, 0x00, 0x70, 0x07, 0x00, 0x70,
    0x07, 0x00, 0x7F, 0xDF, 0xF7, 0x01, 0xC0, 0x70, 0x1C, 0x0F, 0xF3, 0xFC, 0x70, 0x1C, 0x07, 0x01,
    0xC0, 0x70, 0x1C, 0x00, 0xFF, 0xE7, 0xFF, 0x38, 0x01, 0xC0, 0x0E, 0x00, 0x70, 0x03, 0x80, 0x1C,
    0x00, 0xFF, 0x87, 0xFF, 0x38, 0x7D, 0xC0, 0xEE, 0x03, 0xF0, 0x1F, 0x80, 0xFC, 0x07, 0xE0, 0x3F,
    0x01, 0xC0, 0x0E, 0x00, 0x70, 0x07, 0x88, 0x78, 0x7F, 0x83, 0xF8, 0xFF, 0x9F, 0xE3, 0x80, 0x70,
    0x0E, 0x01, 0xC0, 0x3F, 0xC7, 0xFC, 0xE7, 0xDC, 0x3B, 0x87, 0x70, 0x7E, 0x0F, 0xC1, 0xC0, 0x38,
    0x0E, 0x01, 0xC4, 0x78, 0xFE, 0x1F, 0x80, 0x70, 0x38, 0x38, 0xF0, 0x70, 0xE0, 0xF0, 0xE3, 0xC0,
    0xE1, 0xC7, 0x00, 0xE3, 0x9C, 0x00, 0xE7, 0x70, 0x01, 0xEF, 0xE0, 0x01, 0xFF, 0x80, 0x01, 0xFE,
    0x00, 0x03, 0xFE, 0x00, 0x0E, 0xFC, 0x00, 0x39, 0xDC, 0x00, 0xF3, 0xBC, 0x03, 0xC7, 0x38, 0x07,
    0x0E, 0x38, 0x1C, 0x1C, 0x38, 0x78, 0x38, 0x7F, 0xE0, 0x70, 0x7C, 0x00, 0x00, 0x38, 0x00, 0x00,
    0x70, 0x00, 0x00, 0xE0, 0x00, 0x01, 0xC0, 0x00, 0x03, 0x80, 0x70, 0x70, 0xE1, 0xC3, 0x8E, 0x07,
    0x1C, 0xE0, 0x1C, 0xEF, 0x00, 0xF7, 0x70, 0x03, 0xBF, 0x00, 0x0F, 0xF0, 0x00, 0x7F, 0xC0, 0x07,
    0x7E, 0x00, 0x73, 0xB8, 0x07, 0x9C, 0xE0, 0x78, 0xE7, 0x87, 0x87, 0x1F, 0xB8, 0x38, 0x7C, 0x00,
    0x00, 0xE0, 0x00, 0x07, 0x00, 0x00, 0x38, 0x00, 0x01, 0xC0, 0x00, 0x0E, 0xFF, 0x8F, 0xFE, 0xE1,
    0xE0, 0x0F, 0x00, 0x70, 0x0E, 0x01, 0xE3, 0xFC, 0x3F, 0xC0, 0x3E, 0x00, 0x70, 0x07, 0x00, 0x70,
    0x07, 0x00, 0x7E, 0x1F, 0xFF, 0xEF, 0xF8, 0x0E, 0x00, 0x70, 0x03, 0x80, 0x78, 0x1F, 0x00, 0xF0,
    0xFF, 0xBF, 0xFE, 0x3C, 0x07, 0x01, 0xC0, 0xF3, 0xF8, 0xFE, 0x03, 0xC0, 0x70, 0x1F, 0x0F, 0xFF,
    0xFF, 0xC0, 0xC0, 0x38, 0x07, 0x03, 0xC1, 0xE0, 0x78, 0xE0, 0x7B, 0x83, 0xCE, 0x1E, 0x38, 0xF0,
    0xE3, 0x83, 0x9C, 0x0E, 0xE0, 0x3F, 0x80, 0xFC, 0x03, 0xF0, 0x0F, 0xE0, 0x3B, 0xC0, 0xE7, 0x83,
    0x8F, 0x0E, 0x1C, 0x38, 0x38, 0xE0, 0xFF, 0x81, 0xF0, 0x01, 0xC0, 0x07, 0x00, 0x1C, 0x00, 0x70,
    0x01, 0xC0, 0xE1, 0xCE, 0x38, 0xE7, 0x8E, 0xF0, 0xEE, 0x0F, 0xC0, 0xF8, 0x0F, 0xC0, 0xFC, 0x0E,
    0xE0, 0xE7, 0x0E, 0x38, 0xE3, 0xFE, 0x1F, 0x00, 0x70, 0x07, 0x00, 0x70, 0x07, 0x00, 0x70, 0xE0,
    0x3B, 0x81, 0xCE, 0x0F, 0x3B, 0x78, 0xEF, 0xC3, 0xBE, 0x0E, 0xF0, 0x3F, 0x80, 0xFC, 0x03, 0xF0,
    0x0F, 0xE0, 0x3B, 0xC0, 0xEF, 0x83, 0xBF, 0x0E, 0xDE, 0x38, 0x3C, 0xE0, 0x7B, 0x80, 0xF0, 0xE1,
    0xDF, 0x73, 0xFC, 0x7F, 0x8F, 0xE1, 0xF8, 0x3E, 0x07, 0xC0, 0xFC, 0x1F, 0xC3, 0xFC, 0x7D, 0xCF,
    0xBD, 0xC3, 0xC0, 0x38, 0x1E, 0x38, 0x1C, 0xFE, 0x38, 0xFE, 0x70, 0x38, 0x70, 0x38, 0xE0, 0x39,
    0xC0, 0x3F, 0xC0, 0x3F, 0xC0, 0x39, 0xC0, 0x38, 0xE0, 0x38, 0xE0, 0x38, 0x70, 0x38, 0x78, 0x38,
    0x38, 0x38, 0x1C, 0x38, 0x1E, 0x38, 0x0E, 0x38, 0x00, 0xE0, 0x0F, 0xF8, 0x3F, 0xE0, 0x38, 0x00,
    0xE1, 0xE3, 0x8F, 0x0E, 0x38, 0x39, 0xC0, 0xEE, 0x03, 0xF0, 0x0F, 0x80, 0x3F, 0x00, 0xFE, 0x03,
    0xBC, 0x0E, 0x78, 0x38, 0xE0, 0xE1, 0xC3, 0x83, 0x80, 0xFE, 0x07, 0xBF, 0x83, 0xC0, 0xE1, 0xE0,
    0x38, 0x70, 0x0E, 0x38, 0x03, 0x9C, 0x00, 0xEE, 0x00, 0x3F, 0x80, 0x0F, 0xC0, 0x03, 0xF0, 0x00,
    0xFE, 0x00, 0x3B, 0xC0, 0x0E, 0x78, 0x03, 0x8F, 0x00, 0xE1, 0xE0, 0x38, 0x38, 0x0E, 0x07, 0x03,
    0x81, 0xE0, 0xFF, 0x0E, 0xFF, 0x1E, 0x07, 0x3C, 0x07, 0x38, 0x07, 0x70, 0x07, 0xE0, 0x07, 0xC0,
    0x07, 0xE0, 0x07, 0xF0, 0x07, 0x78, 0x07, 0x38, 0x07, 0x1C, 0x07, 0x0E, 0x07, 0x07, 0xE0, 0x1C,
    0xE0, 0x1C, 0xE0, 0x1C, 0xE0, 0x1C, 0xE0, 0x1C, 0xE0, 0x1C, 0xE0, 0x1C, 0xFF, 0xFC, 0xFF, 0xFC,
    0xE0, 0x1C, 0xE0, 0x1C, 0xE0, 0x1C, 0xE0, 0x1C, 0xE0, 0x1C, 0xE0, 0x1C, 0xE0, 0x1C, 0xE0, 0x1F,
    0xE0, 0x1F, 0x00, 0x03, 0x00, 0x03, 0x00, 0x03, 0x00, 0x03, 0x00, 0x03, 0xE0, 0x73, 0x81, 0xCE,
    0x07, 0x38, 0x1C, 0xE0, 0x73, 0x81, 0xCF, 0xFF, 0x3F, 0xFC, 0xE0, 0x73, 0x81, 0xCE, 0x07, 0x38,
    0x1C, 0xE0, 0x7F, 0x81, 0xF0, 0x01, 0xC0, 0x07, 0x00, 0x1C, 0x00, 0x70, 0x01, 0xC0, 0xE0, 0x1F,
    0xF8, 0x07, 0xFE, 0x01, 0xC3, 0x80, 0x70, 0xE0, 0x1C, 0x38, 0x07, 0x0E, 0x01, 0xC3, 0xFF, 0xF0,
    0xFF, 0xFC, 0x38, 0x07, 0x0E, 0x01, 0xC3, 0x80, 0x70, 0xE0, 0x1C, 0x38, 0x07, 0x0E, 0x01, 0xC3,
    0x80, 0x70, 0xE0, 0x1C, 0x38, 0x07, 0x00, 0xE0, 0x7F, 0xE0, 0x7F, 0xE0, 0x70, 0xE0, 0x70, 0xE0,
    0x70, 0xE0, 0x70, 0xFF, 0xF0, 0xFF, 0xF0, 0xE0, 0x70, 0xE0, 0x70, 0xE0, 0x70, 0xE0, 0x70, 0xE0,
    0x70, 0xE0, 0x70, 0xFF, 0xF8, 0x01, 0xFF, 0xF0, 0x03, 0x80, 0xE0, 0x07, 0x01, 0xC0, 0x0E, 0x03,
    0x80, 0x1C, 0x07, 0x00, 0x38, 0x0E, 0x00, 0x70, 0x1C, 0x00, 0xE0, 0x3F, 0xE1, 0xC0, 0x7F, 0xF3,
    0x80, 0xE1, 0xF7, 0x01, 0xC0, 0xEE, 0x03, 0x80, 0xFC, 0x07, 0x01, 0xF8, 0x0E, 0x03, 0xF0, 0x1C,
    0x07, 0xE0, 0x38, 0x0F, 0xC0, 0x70, 0x1C, 0x00, 0x00, 0x38, 0x00, 0x00, 0x70, 0x00, 0x01, 0xE0,
    0x00, 0x87, 0x80, 0x01, 0xFE, 0x00, 0x03, 0xF8, 0xFF, 0xE0, 0x1F, 0xFC, 0x03, 0x83, 0x80, 0x70,
    0x70, 0x0E, 0x0E, 0x01, 0xC1, 0xC0, 0x38, 0x3F, 0xC7, 0x07, 0xFE, 0xE0, 0xE3, 0xDC, 0x1C, 0x3F,
    0x83, 0x83, 0xF0, 0x70, 0x7E, 0x0E, 0x0F, 0xC1, 0xC1, 0xC0, 0x00, 0x38, 0x00, 0x07, 0x00, 0x00,
    0xE0, 0x02, 0x3C, 0x00, 0x7F, 0x00, 0x0F, 0xC0, 0x0F, 0xE0, 0x1F, 0xE0, 0x1F, 0x00, 0x0E, 0x0F,
    0x8F, 0x0F, 0xE7, 0x0F, 0x7B, 0x87, 0x1D, 0xC3, 0x8F, 0xE1, 0xC3, 0xF0, 0xE1, 0xF8, 0x70, 0xFC,
    0x38, 0xFE, 0x1C, 0x77, 0x8F, 0x39, 0xC3, 0xB8, 0x79, 0xFC, 0x3F, 0xFC, 0x87, 0xFF, 0xC0, 0x03,
    0xE0, 0x1F, 0x01, 0xFC, 0x07, 0x9F, 0x38, 0xFE, 0xE3, 0xBB, 0x9E, 0xFE, 0x71, 0xF9, 0xC7, 0xE7,
    0xBF, 0x8E, 0xEF, 0x3F, 0x9E, 0x7C, 0x3F, 0xFC, 0x7F, 0xF0, 0x0F, 0xF8, 0x7F, 0xF3, 0xE1, 0x9E,
    0x00, 0x70, 0x03, 0x80, 0x0E, 0x00, 0x38, 0x00, 0xE0, 0x03, 0x80, 0x0E, 0x00, 0x38, 0x00, 0xE0,
    0x03, 0xC0, 0x07, 0x80, 0x0F, 0x86, 0x1F, 0xF8, 0x3F, 0xE0, 0x38, 0x00, 0x70, 0x01, 0xC0, 0x07,
    0x00, 0x7C, 0x01, 0xE0, 0x1F, 0xDF, 0xF7, 0x8B, 0xC0, 0xE0, 0x38, 0x0E, 0x03, 0x80, 0xE0, 0x38,
    0x0E, 0x01, 0xE3, 0x7F, 0xC7, 0xF0, 0xE0, 0x1C, 0x07, 0x01, 0xC1, 0xF0, 0x78, 0xFF, 0xFF, 0xFF,
    0xC1, 0xC0, 0x0E, 0x00, 0x70, 0x03, 0x80, 0x1C, 0x00, 0xE0, 0x07, 0x00, 0x38, 0x01, 0xC0, 0x0E,
    0x00, 0x70, 0x03, 0x80, 0x1C, 0x00, 0xE0, 0x07, 0xC0, 0x3E, 0x00, 0x30, 0x01, 0x80, 0x0C, 0x00,
    0x60, 0x03, 0x00, 0xFF, 0xFF, 0xFC, 0x38, 0x07, 0x00, 0xE0, 0x1C, 0x03, 0x80, 0x70, 0x0E, 0x01,
    0xC0, 0x38, 0x07, 0x00, 0xF8, 0x1F, 0x00, 0xE0, 0x1C, 0x03, 0x80, 0x70, 0x0E, 0x00, 0xE0, 0x1D,
    0xE0, 0x39, 0xC0, 0xE1, 0xC1, 0xC3, 0x87, 0x03, 0x8E, 0x07, 0x38, 0x07, 0x70, 0x0F, 0xC0, 0x0F,
    0x80, 0x1E, 0x00, 0x1C, 0x00, 0x38, 0x00, 0x70, 0x00, 0xE0, 0x01, 0xC0, 0x03, 0x80, 0x07, 0x00,
    0x70, 0x1D, 0xC0, 0xE7, 0x03, 0x8E, 0x0E, 0x38, 0x70, 0xE1, 0xC1, 0xCE, 0x07, 0x38, 0x0E, 0xE0,
    0x3F, 0x00, 0xFC, 0x01, 0xF0, 0x07, 0x80, 0x1E, 0x00, 0x38, 0x00, 0xE0, 0x03, 0x80, 0x0E, 0x00,
    0x38, 0x00, 0xE0, 0x70, 0x0E, 0x70, 0x0E, 0x38, 0x1C, 0x38, 0x3C, 0x1C, 0x38, 0x1C, 0x78, 0x0E,
    0x70, 0x0E, 0xF0, 0x07, 0xE0, 0x07, 0xC0, 0x03, 0xC0, 0x03, 0x80, 0x1F, 0xF8, 0x1F, 0xF8, 0x03,
    0x80, 0x03, 0x80, 0x03, 0x80, 0x03, 0x80, 0xE0, 0x3F, 0x01, 0xDC, 0x1C, 0xE0, 0xE3, 0x87, 0x1C,
    0x70, 0xE3, 0x83, 0x9C, 0x1D, 0xC0, 0xFE, 0x03, 0xF0, 0x1F, 0x00, 0x78, 0x03, 0xC0, 0xFF, 0x87,
    0xFC, 0x07, 0x00, 0x38, 0x01, 0xC0, 0x0E, 0x00, 0x70, 0x0E, 0x1C, 0x0E, 0x0F, 0x07, 0x03, 0x87,
    0x00, 0xE7, 0x00, 0x7B, 0x80, 0x1F, 0x80, 0x07, 0x80, 0x03, 0xC0, 0x01, 0xE0, 0x01, 0xF8, 0x00,
    0xFE, 0x00, 0xE7, 0x00, 0xE1, 0xC0, 0x70, 0xE0, 0x70, 0x38, 0x78, 0x1F, 0xB8, 0x07, 0xC0, 0x00,
    0xE0, 0x00, 0x70, 0x00, 0x38, 0x00, 0x1C, 0x00, 0x0E, 0xF0, 0x71, 0xC3, 0xC3, 0x8E, 0x0F, 0x70,
    0x1F, 0xC0, 0x3E, 0x00, 0xF0, 0x03, 0xE0, 0x1F, 0x80, 0x77, 0x03, 0x9E, 0x1E, 0x38, 0x70, 0x7F,
    0x81, 0xF0, 0x01, 0xC0, 0x07, 0x00, 0x1C, 0x00, 0x70, 0x01, 0xC0, 0xFF, 0xF8, 0xE7, 0xFF, 0xC7,
    0x01, 0xC0, 0x38, 0x0E, 0x01, 0xC0, 0x70, 0x0E, 0x03, 0x80, 0x70, 0x1C, 0x03, 0x80, 0xE0, 0x1C,
    0x07, 0x00, 0xE0, 0x38, 0x07, 0x01, 0xC0, 0x38, 0x0E, 0x01, 0xC0, 0x70, 0x0E, 0x03, 0x80, 0x70,
    0x1C, 0x03, 0x80, 0xE0, 0x1C, 0x07, 0xFF, 0xF8, 0x3F, 0xFF, 0xC0, 0x00, 0x0E, 0x00, 0x00, 0x70,
    0x00, 0x03, 0x80, 0x00, 0x1C, 0x00, 0x00, 0xE0, 0xFF, 0xC7, 0x3F, 0xF1, 0xC1, 0xC0, 0x70, 0x70,
    0x1C, 0x1C, 0x07, 0x07, 0x01, 0xC1, 0xC0, 0x70, 0x70, 0x1C, 0x1C, 0x07, 0x07, 0x01, 0xC1, 0xC0,
    0x70, 0x70, 0x1C, 0x1F, 0xFF, 0xC7, 0xFF, 0xF0, 0x00, 0x1C, 0x00, 0x07, 0x00, 0x01, 0xC0, 0x00,
    0x70, 0x00, 0x1C, 0x00, 0x00, 0xE0, 0x38, 0xE0, 0x38, 0xE0, 0x38, 0xE0, 0x38, 0xE0, 0x38, 0xE0,
    0x38, 0xE0, 0x38, 0xE0, 0x38, 0xE0, 0x38, 0xF1, 0xF8, 0x7F, 0xF8, 0x3F, 0xF8, 0x00, 0x38, 0x00,
    0x38, 0x00, 0x38, 0x00, 0x38, 0x00, 0x3F, 0x00, 0x3F, 0x00, 0x07, 0x00, 0x07, 0x00, 0x07, 0x00,
    0x07, 0x00, 0x07, 0xE0, 0x73, 0x81, 0xCE, 0x07, 0x38, 0x1C, 0xE0, 0x73, 0x81, 0xCE, 0x0F, 0x3C,
    0xFC, 0x7F, 0xF0, 0xFD, 0xC0, 0x07, 0x00, 0x1C, 0x00, 0x7C, 0x01, 0xF0, 0x01, 0xC0, 0x07, 0x00,
    0x1C, 0x00, 0x70, 0x01, 0xC0, 0xE0, 0x3F, 0x01, 0xF8, 0x0F, 0xC0, 0x7E, 0x03, 0xF3, 0x1F, 0x98,
    0xFC, 0xC7, 0xE6, 0x3F, 0xBF, 0xDF, 0xFE, 0x7F, 0xF0, 0x63, 0x83, 0x1C, 0x18, 0xE0, 0x07, 0x00,
    0x38, 0x01, 0xC0, 0xE0, 0x7E, 0x07, 0xE0, 0x7E, 0x07, 0xEC, 0x7E, 0xC7, 0xEC, 0xFF, 0xFF, 0x7F,
    0xF3, 0xF7, 0x0C, 0x70, 0xC7, 0x00, 0x70, 0x07, 0xE0, 0x07, 0x00, 0x38, 0x01, 0xC0, 0x0E, 0x00,
    0x70, 0x03, 0xFF, 0x9F, 0xFE, 0xFC, 0x7F, 0x01, 0xF8, 0x0F, 0xC0, 0x7E, 0x03, 0xF0, 0x1F, 0x80,
    0xFC, 0x07, 0xE0, 0x3F, 0x01, 0xC0, 0xE0, 0x0E, 0x00, 0xE0, 0x0E, 0x00, 0xE0, 0x0F, 0xFC, 0xFF,
    0xEF, 0x9E, 0xE0, 0xFE, 0x07, 0xE0, 0x7E, 0x07, 0xE0, 0x7E, 0x07, 0xE0, 0x7E, 0x07, 0xE0, 0x7E,
    0x07, 0xE0, 0x70, 0x01, 0xFF, 0x00, 0x7F, 0xF0, 0x1F, 0x0F, 0x07, 0x80, 0xFC, 0xE0, 0x0F, 0xDC,
    0x01, 0xFF, 0x00, 0x3F, 0xFF, 0xFF, 0x7F, 0xFF, 0xE3, 0x80, 0x00, 0x70, 0x00, 0x07, 0x00, 0x00,
    0xE0, 0x00, 0x1C, 0x00, 0x01, 0xC0, 0x00, 0x3E, 0x0E, 0x03, 0xFF, 0xC0, 0x1F, 0xF8, 0x03, 0xF8,
    0x1F, 0xF8, 0x3C, 0x7F, 0xE0, 0x7F, 0xC0, 0xFF, 0xFF, 0xFF, 0xFF, 0x8E, 0x00, 0x1C, 0x00, 0x38,
    0x00, 0x78, 0x00, 0x78, 0x70, 0x7F, 0xE0, 0x7F, 0x80, 0x00, 0xFF, 0x00, 0x7F, 0xF0, 0x1F, 0x1F,
    0x03, 0x80, 0xE0, 0xE0, 0x0F, 0xDC, 0x01, 0xFF, 0x80, 0x3F, 0xE0, 0x07, 0xFF, 0xFF, 0xEF, 0xFF,
    0xFC, 0x70, 0x00, 0x0F, 0x00, 0x00, 0xE0, 0x00, 0x1C, 0x00, 0x03, 0xC0, 0x00, 0x3E, 0x0E, 0x03,
    0xFF, 0xC0, 0x1F, 0xF8, 0x00, 0xE0, 0x00, 0x1C, 0x00, 0x03, 0x80, 0x00, 0x70, 0x00, 0x0E, 0x00,
    0x03, 0xF0, 0x0F, 0xF8, 0x3C, 0x77, 0xF0, 0x7F, 0xC0, 0xFF, 0x81, 0xFF, 0xFF, 0xBF, 0xFF, 0x1C,
    0x00, 0x38, 0x00, 0x70, 0x00, 0x78, 0x70, 0xFF, 0xE0, 0x7F, 0x80, 0x38, 0x00, 0x70, 0x00, 0xE0,
    0x01, 0xC0, 0x03, 0x80, 0xFF, 0xF3, 0x8E, 0x38, 0xE3, 0x8E, 0x38, 0xE3, 0x8E, 0x38, 0xE3, 0x8E,
    0xFF, 0xF0, 0x00, 0xC7, 0x00, 0x01, 0xCE, 0x00, 0x03, 0xF8, 0x00, 0x03, 0xF0, 0x00, 0x00, 0x00,
    0x00, 0x00, 0x00, 0x1C, 0x0E, 0x07, 0x1C, 0x1C, 0x0E, 0x1C, 0x38, 0x38, 0x38, 0x70, 0xE0, 0x38,
    0xE1, 0xC0, 0x39, 0xC7, 0x00, 0x7B, 0x9C, 0x00, 0x7F, 0xF8, 0x00, 0xFF, 0xF0, 0x03, 0xDC, 0xE0,
    0x07, 0x38, 0xE0, 0x1E, 0x71, 0xC0, 0x38, 0xE1, 0xC0, 0xE1, 0xC3, 0xC3, 0xC3, 0x83, 0x87, 0x07,
    0x07, 0x9E, 0x0E, 0x07, 0x38, 0x1C, 0x07, 0x03, 0x8C, 0x00, 0x3D, 0xC0, 0x01, 0xF8, 0x00, 0x0F,
    0x00, 0x00, 0x00, 0x07, 0x07, 0x0E, 0x38, 0x71, 0xC3, 0x87, 0x1C, 0x1C, 0x73, 0x80, 0xE7, 0x30,
    0x0E, 0x77, 0x00, 0x7F, 0xE0, 0x07, 0xFE, 0x00, 0xE7, 0x70, 0x1E, 0x73, 0x81, 0xC7, 0x38, 0x38,
    0x71, 0xC7, 0x87, 0x1E, 0x70, 0x70, 0xE0, 0xE0, 0x7B, 0x83, 0xCE, 0x1E, 0x38, 0xF0, 0xE7, 0x83,
    0x9C, 0x0E, 0xE0, 0x3F, 0x00, 0xFF, 0xC3, 0xFF, 0xCE, 0x1F, 0xB8, 0x1E, 0xE0, 0x3F, 0x80, 0x7E,
    0x01, 0xF8, 0x07, 0xE0, 0x1F, 0x80, 0x70, 0x01, 0xC0, 0x07, 0x00, 0x38, 0x63, 0xE1, 0xFF, 0x07,
    0xF8, 0xE1, 0xDC, 0x73, 0x9E, 0x77, 0x8F, 0xE1, 0xF8, 0x3F, 0xC7, 0xFE, 0xE3, 0xDC, 0x3F, 0x83,
    0xF0, 0x7E, 0x0F, 0xC1, 0xC0, 0x38, 0x07, 0x00, 0xE2, 0x38, 0xFF, 0x0F, 0xC0, 0x07, 0xFF, 0x01,
    0xFF, 0xC0, 0x70, 0x70, 0x1C, 0x1C, 0x0E, 0x07, 0x03, 0x81, 0xC0, 0xE0, 0x70, 0x38, 0x1C, 0x0E,
    0x07, 0x03, 0x81, 0xC0, 0xE0, 0x70, 0x70, 0x1C, 0x1C, 0x07, 0x07, 0x01, 0xC1, 0xC0, 0x70, 0xE0,
    0x1C, 0xF8, 0x07, 0xFC, 0x01, 0xF0, 0x00, 0x18, 0x00, 0x0E, 0x00, 0x03, 0x80, 0x00, 0xE0, 0x00,
    0x70, 0x0F, 0xF8, 0x1F, 0xF0, 0x70, 0xE0, 0xE1, 0xC1, 0xC3, 0x83, 0x87, 0x07, 0x0E, 0x0E, 0x1C,
    0x1C, 0x38, 0x70, 0x70, 0xE0, 0xE3, 0xC1, 0xCF, 0x03, 0xFC, 0x07, 0xC0, 0x03, 0x00, 0x0E, 0x00,
    0x1C, 0x00, 0x38, 0x00, 0x70, 0xE0, 0x1F, 0x80, 0x7E, 0x01, 0xF8, 0x07, 0xE0, 0x1F, 0x80, 0x7E,
    0x01, 0xFF, 0xFF, 0xFF, 0xFF, 0x80, 0x7E, 0x01, 0xF8, 0x07, 0xE0, 0x1F, 0x80, 0x7E, 0x01, 0xF8,
    0x07, 0xE0, 0x1F, 0x80, 0x70, 0x01, 0xC0, 0x07, 0x00, 0x3C, 0x61, 0xE1, 0xFF, 0x07, 0xF8, 0xE0,
    0x7E, 0x07, 0xE0, 0x7E, 0x07, 0xE0, 0x7E, 0x07, 0xFF, 0xFF, 0xFF, 0xE0, 0x7E, 0x07, 0xE0, 0x7E,
    0x07, 0xE0, 0x7E, 0x07, 0x00, 0x70, 0x07, 0x00, 0x70, 0x8F, 0x0F, 0xE0, 0xFC, 0xE0, 0x1C, 0x70,
    0x0E, 0x38, 0x07, 0x1C, 0x03, 0x8E, 0x01, 0xC7, 0x00, 0xE3, 0x80, 0x71, 0xFF, 0xF8, 0xFF, 0xFC,
    0x70, 0x0E, 0x38, 0x07, 0x1C, 0x03, 0x8E, 0x01, 0xC7, 0x00, 0xE3, 0x80, 0x71, 0xC0, 0x38, 0xE0,
    0x1F, 0xF0, 0x0F, 0x80, 0x01, 0xC0, 0x00, 0xE0, 0x00, 0x70, 0x00, 0x70, 0x00, 0x38, 0xE0, 0x71,
    0xC0, 0xE3, 0x81, 0xC7, 0x03, 0x8E, 0x07, 0x1C, 0x0E, 0x3F, 0xFC, 0x7F, 0xF8, 0xE0, 0x71, 0xC0,
    0xE3, 0x81, 0xC7, 0x03, 0x8E, 0x07, 0xFC, 0x0F, 0x80, 0x07, 0x00, 0x0E, 0x00, 0x1C, 0x00, 0x70,
    0x00, 0xE0, 0xE0, 0x3F, 0x01, 0xF8, 0x0F, 0xC0, 0x7E, 0x03, 0xF0, 0x1F, 0x80, 0xFC, 0x07, 0xE0,
    0x3F, 0x8F, 0xDF, 0xFE, 0x7F, 0xF0, 0x03, 0x80, 0x1C, 0x00, 0xE0, 0x07, 0x00, 0xF8, 0x07, 0xC0,
    0x38, 0x01, 0xC0, 0x0E, 0x00, 0x70, 0x03, 0x80, 0xE0, 0x7E, 0x07, 0xE0, 0x7E, 0x07, 0xE0, 0x7E,
    0x07, 0xE0, 0xFF, 0x3F, 0x7F, 0xF3, 0xF7, 0x00, 0x70, 0x07, 0x01, 0xF0, 0x1F, 0x01, 0xC0, 0x1C,
    0x01, 0xC0, 0x1C, 0x01, 0xC0, 0xF0, 0x03, 0xC7, 0xC0, 0x1E, 0x3E, 0x01, 0xF1, 0xF0, 0x0F, 0x8F,
    0xC0, 0x7C, 0x7E, 0x07, 0xE3, 0xB0, 0x37, 0x1D, 0xC3, 0xB8, 0xEE, 0x1D, 0xC7, 0x30, 0xCE, 0x39,
    0xCE, 0x71, 0xCE, 0x73, 0x8E, 0x3B, 0x1C, 0x71, 0xF8, 0xE3, 0x8F, 0xC7, 0x1C, 0x3C, 0x38, 0xE1,
    0xE1, 0xFF, 0x06, 0x0F, 0x80, 0x00, 0x1C, 0x00, 0x00, 0xE0, 0x00, 0x07, 0x00, 0x00, 0x70, 0x00,
    0x03, 0x80, 0xF0, 0x1E, 0x78, 0x1F, 0x3C, 0x0F, 0x9F, 0x0F, 0xCF, 0x87, 0xE7, 0xE3, 0x73, 0xF3,
    0xB9, 0xD9, 0xDC, 0xEE, 0xCE, 0x77, 0xE7, 0x39, 0xF3, 0x9C, 0xF1, 0xCE, 0x78, 0xFF, 0x1C, 0x7C,
    0x00, 0x0C, 0x00, 0x0E, 0x00, 0x07, 0x00, 0x03, 0x80, 0x03, 0xC0, 0xFF, 0xF3, 0x8E, 0x38, 0xE3,
    0x8E, 0x38, 0xE3, 0x8E, 0x38, 0xE3, 0x8E, 0xFF, 0xF0, 0x0E, 0x70, 0x0F, 0xF0, 0x07, 0xE0, 0x00,
    0x00, 0x00, 0x00, 0x03, 0xC0, 0x03, 0xC0, 0x03, 0xC0, 0x07, 0xE0, 0x07, 0xE0, 0x0E, 0x70, 0x0E,
    0x70, 0x0E, 0x70, 0x1C, 0x38, 0x1C, 0x38, 0x1F, 0xF8, 0x3F, 0xFC, 0x38, 0x1C, 0x70, 0x0E, 0x70,
    0x0E, 0x70, 0x0E, 0xE0, 0x07, 0xE0, 0x07, 0x39, 0xC7, 0xF8, 0x7E, 0x00, 0x00, 0x00, 0x7F, 0x9F,
    0xF9, 0x8F, 0x00, 0xE0, 0x1C, 0x7F, 0xBF, 0xFF, 0x8F, 0xC1, 0xF8, 0x3F, 0x07, 0xE3, 0xFF, 0xFD,
    0xFD, 0x80, 0x06, 0x70, 0x03, 0xB8, 0x01, 0x8C, 0x00, 0x00, 0x00, 0x00, 0x00, 0x0E, 0x00, 0x07,
    0x80, 0x07, 0xC0, 0x03, 0xE0, 0x03, 0xB8, 0x01, 0xDC, 0x00, 0xC6, 0x00, 0xE3, 0x80, 0x71, 0xC0,
    0x70, 0x70, 0x3F, 0xF8, 0x1F, 0xFC, 0x1C, 0x07, 0x0E, 0x03, 0x86, 0x00, 0xE7, 0x00, 0x73, 0x80,
    0x3B, 0x80, 0x0E, 0x19, 0x87, 0x38, 0x66, 0x00, 0x03, 0xFC, 0xFF, 0xCC, 0x78, 0x07, 0x00, 0xE7,
    0xFD, 0xFF, 0xFC, 0x7E, 0x0F, 0xC1, 0xF8, 0x3F, 0x9F, 0xFF, 0xEF, 0xCC, 0x00, 0x7F, 0xFC, 0x03,
    0xFF, 0xF0, 0x0E, 0xE0, 0x00, 0x73, 0x80, 0x01, 0xCE, 0x00, 0x0E, 0x38, 0x00, 0x38, 0xE0, 0x01,
    0xC3, 0xFE, 0x07, 0x0F, 0xF8, 0x38, 0x38, 0x00, 0xFF, 0xE0, 0x07, 0xFF, 0x80, 0x1C, 0x0E, 0x00,
    0xE0, 0x38, 0x03, 0x80, 0xE0, 0x0E, 0x03, 0x80, 0x70, 0x0F, 0xFD, 0xC0, 0x3F, 0xF0, 0x3F, 0x9F,
    0x87, 0xFF, 0xFC, 0x71, 0xF1, 0xE0, 0x0E, 0x0E, 0x00, 0xE0, 0x73, 0xFF, 0xFF, 0x7F, 0xFF, 0xFF,
    0x8E, 0x00, 0xE0, 0xE0, 0x0E, 0x1E, 0x00, 0xE1, 0xF0, 0x0E, 0x3F, 0x86, 0xFF, 0x3F, 0xE7, 0xE1,
    0xFE, 0x73, 0x8F, 0xE3, 0xF0, 0x00, 0x00, 0x3F, 0xFF, 0xFF, 0x80, 0xE0, 0x38, 0x0E, 0x03, 0x80,
    0xFF, 0xFF, 0xFE, 0x03, 0x80, 0xE0, 0x38, 0x0E, 0x03, 0x80, 0xE0, 0x3F, 0xFF, 0xFC, 0x39, 0xC3,
    0xFC, 0x1F, 0x80, 0x00, 0x00, 0x01, 0xF8, 0x3F, 0xC7, 0x1E, 0xE0, 0xEE, 0x07, 0xFF, 0xFF, 0xFF,
    0xE0, 0x0E, 0x00, 0xE0, 0x0F, 0x00, 0x78, 0x63, 0xFE, 0x1F, 0xE0, 0x7F, 0xE0, 0x7F, 0xF8, 0x70,
    0x7C, 0x00, 0x1C, 0x00, 0x0E, 0x00, 0x0E, 0x00, 0x0E, 0x00, 0x07, 0xFF, 0xFF, 0xFF, 0xFF, 0xE0,
    0x07, 0xE0, 0x0E, 0xE0, 0x0E, 0xE0, 0x0E, 0x70, 0x1C, 0x7C, 0x7C, 0x3F, 0xF8, 0x1F, 0xE0, 0x7F,
    0x0F, 0xFC, 0xE3, 0xE0, 0x0E, 0x00, 0xE0, 0x07, 0xFF, 0xFF, 0xFF, 0xE0, 0x7E, 0x0E, 0xE0, 0xE7,
    0x1E, 0x7F, 0xC3, 0xF8, 0x0C, 0x60, 0x1C, 0xE0, 0x0C, 0x60, 0x00, 0x00, 0x00, 0x00, 0x00, 0x00,
    0x7F, 0xE0, 0x7F, 0xF8, 0x70, 0x7C, 0x00, 0x1C, 0x00, 0x0E, 0x00, 0x0E, 0x00, 0x0E, 0x00, 0x07,
    0xFF, 0xFF, 0xFF, 0xFF, 0xE0, 0x07, 0xE0, 0x0E, 0xE0, 0x0E, 0xE0, 0x0E, 0x70, 0x1C, 0x7C, 0x7C,
    0x3F, 0xF8, 0x1F, 0xE0, 0x33, 0x83, 0xB8, 0x31, 0x80, 0x00, 0x7F, 0x0F, 0xFC, 0xE3, 0xE0, 0x0E,
    0x00, 0xE0, 0x07, 0xFF, 0xFF, 0xFF, 0xE0, 0x7E, 0x0E, 0xE0, 0xE7, 0x1E, 0x7F, 0xC3, 0xF8, 0x00,
    0x66, 0x00, 0x01, 0xCE, 0x00, 0x01, 0x98, 0x00, 0x00, 0x00, 0x00, 0x00, 0x00, 0x0E, 0x03, 0x03,
    0x8E, 0x06, 0x07, 0x0E, 0x0C, 0x1C, 0x1C, 0x18, 0x70, 0x1C, 0x30, 0xE0, 0x1C, 0x63, 0x80, 0x3C,
    0xCE, 0x00, 0x3F, 0xFC, 0x00, 0x7F, 0xF8, 0x01, 0xE6, 0x70, 0x03, 0x8C, 0x70, 0x0F, 0x18, 0xE0,
    0x1C, 0x30, 0xE0, 0x70, 0x61, 0xE1, 0xE0, 0xC1, 0xC3, 0x81, 0x83, 0xCF, 0x03, 0x03, 0x9C, 0x06,
    0x03, 0x80, 0x03, 0x38, 0x00, 0x77, 0x00, 0x0C, 0x60, 0x00, 0x00, 0x07, 0x0E, 0x1C, 0xE1, 0xC3,
    0x8E, 0x38, 0xE1, 0xC7, 0x1C, 0x1C, 0xE7, 0x01, 0xDD, 0xC0, 0x3F, 0xF8, 0x07, 0xFF, 0x01, 0xEE,
    0xF0, 0x39, 0xCE, 0x0E, 0x38, 0xE1, 0xC7, 0x1E, 0x70, 0xE1, 0xDE, 0x1C, 0x3C, 0x31, 0x83, 0xB8,
    0x31, 0x80, 0x00, 0x00, 0x00, 0x00, 0xFF, 0x8F, 0xFE, 0xE1, 0xE0, 0x0F, 0x00, 0x70, 0x0E, 0x01,
    0xE3, 0xFC, 0x3F, 0xC0, 0x3E, 0x00, 0x70, 0x07, 0x00, 0x70, 0x07, 0x00, 0x7E, 0x1F, 0xFF, 0xEF,
    0xF8, 0x33, 0x87, 0x70, 0xC6, 0x00, 0x07, 0xF9, 0xFF, 0x98, 0x78, 0x07, 0x01, 0xE0, 0x78, 0xFE,
    0x1F, 0xE0, 0x1E, 0x01, 0xC0, 0x3F, 0x0F, 0xFF, 0xFF, 0xF0, 0x7F, 0xF3, 0xFF, 0x80, 0x3C, 0x03,
    0xC0, 0x38, 0x03, 0x80, 0x38, 0x03, 0xF8, 0x1F, 0xF0, 0x0F, 0xC0, 0x0E, 0x00, 0x70, 0x03, 0x80,
    0x1C, 0x00, 0xFC, 0x1E, 0xFF, 0xF3, 0xFE, 0x00, 0x7F, 0xE7, 0xFE, 0x00, 0xE0, 0x1C, 0x03, 0x80,
    0x70, 0x0E, 0x01, 0xE0, 0x1F, 0x81, 0xFE, 0x01, 0xE0, 0x0F, 0x00, 0x70, 0x07, 0x00, 0x70, 0x07,
    0x00, 0xFE, 0x1E, 0xFF, 0xC7, 0xF8, 0x0F, 0xE0, 0x3F, 0x80, 0x00, 0x00, 0x00, 0xE0, 0x1F, 0x80,
    0xFE, 0x03, 0xF8, 0x1F, 0xE0, 0xFF, 0x83, 0x7E, 0x1D, 0xF8, 0x67, 0xE3, 0x9F, 0x9C, 0x7E, 0x61,
    0xFB, 0x87, 0xEC, 0x1F, 0xF0, 0x7F, 0x81, 0xFE, 0x07, 0xF0, 0x1F, 0x80, 0x70, 0x3F, 0x83, 0xF8,
    0x00, 0x0E, 0x0F, 0xE1, 0xFE, 0x1F, 0xE3, 0xFE, 0x37, 0xE7, 0x7E, 0x67, 0xEE, 0x7F, 0xC7, 0xFC,
    0x7F, 0x87, 0xF8, 0x7F, 0x07, 0xF0, 0x70, 0x0C, 0xC0, 0x73, 0x80, 0xCC, 0x00, 0x00, 0x00, 0x03,
    0x80, 0x7E, 0x03, 0xF8, 0x0F, 0xE0, 0x7F, 0x83, 0xFE, 0x0D, 0xF8, 0x77, 0xE1, 0x9F, 0x8E, 0x7E,
    0x71, 0xF9, 0x87, 0xEE, 0x1F, 0xB0, 0x7F, 0xC1, 0xFE, 0x07, 0xF0, 0x1F, 0xC0, 0x7E, 0x01, 0xC0,
    0x3B, 0x83, 0xB8, 0x31, 0x80, 0x00, 0xE0, 0xFE, 0x1F, 0xE1, 0xFE, 0x3F, 0xE3, 0x7E, 0x77, 0xE6,
    0x7E, 0xE7, 0xFC, 0x7F, 0xC7, 0xF8, 0x7F, 0x87, 0xF0, 0x7F, 0x07, 0x06, 0x30, 0x07, 0x38, 0x01,
    0x8C, 0x00, 0x00, 0x00, 0x00, 0x00, 0x00, 0x00, 0x3F, 0xC0, 0x3F, 0xF8, 0x3C, 0x3E, 0x3C, 0x07,
    0x3C, 0x01, 0xDC, 0x00, 0xEE, 0x00, 0x77, 0x00, 0x1F, 0x80, 0x0F, 0xC0, 0x07, 0xE0, 0x03, 0xF0,
    0x03, 0xB8, 0x01, 0xDE, 0x00, 0xE7, 0x80, 0xE1, 0xE1, 0xF0, 0x7F, 0xF0, 0x1F, 0xE0, 0x19, 0xC1,
    0xCE, 0x06, 0x30, 0x00, 0x01, 0xFC, 0x3F, 0xF1, 0xE3, 0xDC, 0x0E, 0xE0, 0x77, 0x01, 0xF8, 0x0F,
    0xC0, 0x7E, 0x03, 0xF0, 0x3B, 0xC1, 0xCF, 0x1E, 0x3F, 0xE0, 0xFE, 0x00, 0x0F, 0xF0, 0x0F, 0xFE,
    0x0F, 0x0F, 0x8E, 0x01, 0xCE, 0x00, 0x77, 0x00, 0x3B, 0x80, 0x0D, 0xFF, 0xFF, 0xFF, 0xFF, 0xF0,
    0x01, 0xF8, 0x00, 0xFC, 0x00, 0xEE, 0x00, 0x77, 0x80, 0x39, 0xE0, 0x38, 0x78, 0x7C, 0x1F, 0xFC,
    0x07, 0xF8, 0x00, 0x1F, 0xC3, 0xFF, 0x1E, 0x3D, 0xC0, 0xEE, 0x07, 0x70, 0x1F, 0xFF, 0xFF, 0xFF,
    0xE0, 0x3F, 0x03, 0xB8, 0x1C, 0xF1, 0xE3, 0xFE, 0x0F, 0xE0, 0x06, 0x30, 0x07, 0x38, 0x01, 0x8C,
    0x00, 0x00, 0x00, 0x00, 0x00, 0x7F, 0x80, 0x7F, 0xF0, 0x78, 0x7C, 0x70, 0x0E, 0x70, 0x03, 0xB8,
    0x01, 0xDC, 0x00, 0x6F, 0xFF, 0xFF, 0xFF, 0xFF, 0x80, 0x0F, 0xC0, 0x07, 0xE0, 0x07, 0x70, 0x03,
    0xBC, 0x01, 0xCF, 0x01, 0xC3, 0xC3, 0xE0, 0xFF, 0xE0, 0x3F, 0xC0, 0x18, 0xC1, 0xCE, 0x06, 0x30,
    0x00, 0x01, 0xFC, 0x3F, 0xF1, 0xE3, 0xDC, 0x0E, 0xE0, 0x77, 0x01, 0xFF, 0xFF, 0xFF, 0xFE, 0x03,
    0xF0, 0x3B, 0x81, 0xCF, 0x1E, 0x3F, 0xE0, 0xFE, 0x00, 0x31, 0x80, 0xEE, 0x03, 0x18, 0x00, 0x00,
    0x00, 0x00, 0x00, 0x07, 0xFC, 0x3F, 0xF8, 0x61, 0xF0, 0x01, 0xE0, 0x03, 0xC0, 0x07, 0x00, 0x1C,
    0xFF, 0xF3, 0xFF, 0xC0, 0x07, 0x00, 0x1C, 0x00, 0x70, 0x01, 0xC0, 0x0E, 0x00, 0x7B, 0x87, 0xCF,
    0xFE, 0x3F, 0xF0, 0x67, 0x0E, 0xE1, 0x8C, 0x00, 0x0F, 0xE1, 0xFF, 0x31, 0xF0, 0x0E, 0x01, 0xC0,
    0x3D, 0xFF, 0xBF, 0xF0, 0x0E, 0x03, 0x80, 0x74, 0x3E, 0xFF, 0x9F, 0xC0, 0x0F, 0xE0, 0x1F, 0xC0,
    0x00, 0x00, 0x00, 0x0E, 0x00, 0xFE, 0x01, 0xDC, 0x07, 0x3C, 0x0E, 0x38, 0x38, 0x78, 0x70, 0x71,
    0xE0, 0xF3, 0x80, 0xE7, 0x01, 0xDC, 0x01, 0xF8, 0x03, 0xE0, 0x03, 0xC0, 0x07, 0x00, 0x0E, 0x00,
    0x38, 0x03, 0xF0, 0x07, 0xC0, 0x00, 0x1F, 0xC0, 0xFE, 0x00, 0x00, 0x00, 0x0E, 0x03, 0xF8, 0x39,
    0xC1, 0xCE, 0x0E, 0x38, 0xE1, 0xC7, 0x0E, 0x38, 0x3B, 0x81, 0xDC, 0x0E, 0xE0, 0x3E, 0x01, 0xF0,
    0x07, 0x80, 0x38, 0x01, 0xC0, 0x0C, 0x00, 0xE0, 0x0F, 0x03, 0xF0, 0x1F, 0x00, 0x0C, 0x60, 0x0E,
    0xE0, 0x0C, 0x60, 0x00, 0x00, 0x00, 0x00, 0x00, 0x00, 0xE0, 0x0E, 0xF0, 0x0E, 0x70, 0x1C, 0x78,
    0x1C, 0x38, 0x3C, 0x3C, 0x38, 0x1C, 0x38, 0x1E, 0x70, 0x0E, 0x70, 0x0E, 0xE0, 0x07, 0xE0, 0x07,
    0xC0, 0x03, 0xC0, 0x03, 0xC0, 0x03, 0x80, 0x07, 0x00, 0x3F, 0x00, 0x3E, 0x00, 0x19, 0xC0, 0xEE,
    0x06, 0x30, 0x00, 0x0E, 0x03, 0xF0, 0x1D, 0xC1, 0xCE, 0x0E, 0x38, 0x71, 0xC7, 0x0E, 0x38, 0x39,
    0x81, 0xDC, 0x0E, 0xE0, 0x3E, 0x01, 0xF0, 0x07, 0x80, 0x38, 0x01, 0xC0, 0x0E, 0x00, 0xE0, 0x0F,
    0x03, 0xF0, 0x1F, 0x00, 0x01, 0xDC, 0x03, 0x9C, 0x03, 0x38, 0x07, 0x70, 0x00, 0x00, 0x00, 0x00,
    0xE0, 0x07, 0xF0, 0x0E, 0x70, 0x0E, 0x78, 0x1C, 0x38, 0x1C, 0x1C, 0x38, 0x1C, 0x38, 0x0E, 0x38,
    0x0E, 0x70, 0x07, 0x70, 0x07, 0xE0, 0x03, 0xE0, 0x03, 0xC0, 0x01, 0xC0, 0x03, 0x80, 0x07, 0x80,
    0x3F, 0x00, 0x3E, 0x00, 0x03, 0xB8, 0x1D, 0xE0, 0xE7, 0x03, 0x38, 0x00, 0x00, 0x00, 0x07, 0x01,
    0xDC, 0x0E, 0x70, 0x38, 0xE1, 0xE3, 0x87, 0x07, 0x1C, 0x1C, 0xE0, 0x73, 0x80, 0xEE, 0x03, 0xF0,
    0x0F, 0xC0, 0x1F, 0x00, 0x78, 0x00, 0xE0, 0x03, 0x80, 0x1C, 0x00, 0x70, 0x03, 0x80, 0x7E, 0x01,
    0xF0, 0x00, 0x19, 0xC1, 0xCE, 0x06, 0x30, 0x00, 0x00, 0x00, 0x70, 0x1F, 0x80, 0xFC, 0x07, 0xE0,
    0x3F, 0x01, 0xF8, 0x0F, 0xC0, 0x7E, 0x03, 0xF8, 0x7D, 0xFF, 0xE7, 0xFF, 0x00, 0x38, 0x01, 0xC0,
    0x0E, 0x00, 0x70, 0x03, 0x80, 0x1C, 0x00, 0xE0, 0x33, 0x83, 0xB8, 0x31, 0x80, 0x00, 0xE0, 0x7E,
    0x07, 0xE0, 0x7E, 0x07, 0xE0, 0x7E, 0x07, 0xF1, 0xF7, 0xFF, 0x3F, 0xF0, 0x07, 0x00, 0x70, 0x07,
    0x00, 0x70, 0x07, 0xFF, 0xFF, 0xFF, 0x80, 0x70, 0x0E, 0x01, 0xC0, 0x38, 0x07, 0x00, 0xE0, 0x1C,
    0x03, 0x80, 0x70, 0x0E, 0x01, 0xC0, 0x38, 0x07, 0x00, 0xF8, 0x1F, 0x00, 0xE0, 0x1C, 0x03, 0x80,
    0x70, 0x0E, 0x00, 0xFF, 0xFF, 0xE0, 0xE0, 0xE0, 0xE0, 0xE0, 0xE0, 0xE0, 0xE0, 0xE0, 0xE0, 0xF8,
    0xF8, 0x38, 0x38, 0x38, 0x38, 0x38, 0x06, 0x70, 0x07, 0x38, 0x01, 0x8C, 0x00, 0x00, 0x00, 0x00,
    0x07, 0x00, 0x1F, 0x80, 0x0F, 0xC0, 0x07, 0xE0, 0x03, 0xF0, 0x01, 0xF8, 0x00, 0xFC, 0x00, 0x7F,
    0xF8, 0x3F, 0xFE, 0x1F, 0x87, 0x8F, 0xC1, 0xC7, 0xE0, 0x73, 0xF0, 0x39, 0xF8, 0x1C, 0xFC, 0x1C,
    0x7E, 0x3E, 0x3F, 0xFE, 0x1F, 0xFE, 0x0E, 0x0C, 0xE0, 0x1D, 0xC0, 0x31, 0x80, 0x00, 0x0E, 0x00,
    0xFC, 0x01, 0xF8, 0x03, 0xF0, 0x07, 0xE0, 0x0F, 0xFE, 0x1F, 0xFF, 0x3F, 0x1E, 0x7E, 0x1E, 0xFC,
    0x1D, 0xF8, 0x7B, 0xF1, 0xE7, 0xFF, 0xCF, 0xFF, 0x1C, 0x7F, 0xF7, 0xFF, 0x70, 0x07, 0x00, 0x70,
    0x07, 0x00, 0x70, 0x07, 0x00, 0xFF, 0x8F, 0xF8, 0x70, 0x07, 0x00, 0x70, 0x07, 0x00, 0x70, 0x07,
    0x00, 0x7E, 0x07, 0xE0, 0x0E, 0x00, 0xE0, 0x1E, 0x07, 0xC0, 0x7C, 0x00, 0x7F, 0xDF, 0xF7, 0x01,
    0xC0, 0x70, 0x1C, 0x0F, 0xF3, 0xFC, 0x70, 0x1C, 0x07, 0x01, 0xC0, 0x7E, 0x1F, 0x80, 0xE0, 0x38,
    0x1E, 0x1F, 0x07, 0xC0, 0x70, 0x0E, 0x1C, 0x0E, 0x0F, 0x0F, 0x03, 0x87, 0x00, 0xE7, 0x00, 0x73,
    0x80, 0x1F, 0x80, 0x07, 0x80, 0x03, 0xC0, 0x01, 0xE0, 0x01, 0xF8, 0x01, 0xFE, 0x00, 0xE7, 0x00,
    0xE1, 0xC0, 0x70, 0xF0, 0x70, 0x38, 0x78, 0x1F, 0xB8, 0x07, 0xC0, 0x00, 0xE0, 0x00, 0x70, 0x00,
    0x78, 0x00, 0xF8, 0x00, 0x7C, 0xE0, 0x71, 0xC3, 0xC7, 0x8E, 0x0E, 0x70, 0x1F, 0xC0, 0x3E, 0x00,
    0xF0, 0x03, 0xC0, 0x1F, 0x80, 0x7F, 0x03, 0x9C, 0x1E, 0x38, 0x70, 0xFF, 0x81, 0xF0, 0x01, 0xC0,
    0x07, 0x00, 0x3C, 0x03, 0xE0, 0x0F, 0x80, 0x70, 0x0E, 0x38, 0x1C, 0x3C, 0x3C, 0x1C, 0x38, 0x0E,
    0x70, 0x0F, 0xF0, 0x07, 0xE0, 0x3F, 0xFC, 0x3F, 0xFC, 0x07, 0xE0, 0x07, 0xE0, 0x0E, 0x70, 0x0E,
    0x70, 0x1C, 0x38, 0x3C, 0x3C, 0x38, 0x1C, 0x70, 0x0E, 0xF0, 0x0F, 0xE0, 0x77, 0x0E, 0x79, 0xC3,
    0x9C, 0x1F, 0x81, 0xF8, 0x7F, 0xE7, 0xFE, 0x1F, 0x81, 0xF8, 0x39, 0xC7, 0x0E, 0x70, 0xEE, 0x07,
    0x78, 0x0E, 0x78, 0x1C, 0x78, 0x38, 0x70, 0x70, 0x71, 0xC3, 0xF3, 0x87, 0xFF, 0x1C, 0xFC, 0x38,
    0xE0, 0xE1, 0xE1, 0xC1, 0xC3, 0x81, 0xC7, 0x03, 0xCE, 0x03, 0x9C, 0x03, 0x80, 0x7F, 0x87, 0xFE,
    0x00, 0xF0, 0x03, 0xC0, 0x0E, 0x00, 0x70, 0x03, 0x80, 0x1C, 0x00, 0xE0, 0x07, 0x00, 0x38, 0x01,
    0xC0, 0x0E, 0x7F, 0xFB, 0xFF, 0xC0, 0x7C, 0x3F, 0x03, 0xC0, 0xE0, 0x70, 0x38, 0x1C, 0x0E, 0x07,
    0x03, 0x83, 0xC3, 0xE3, 0xF7, 0xBB, 0x8E, 0x00, 0xFF, 0xFF, 0xFF, 0x01, 0xC0, 0x1C, 0x01, 0xC0,
    0x1C, 0x01, 0xC0, 0x1C, 0x01, 0xC0, 0x1C, 0x01, 0xC0, 0x1C, 0x01, 0xC0, 0x1C, 0x01, 0xC0, 0xFF,
    0xF3, 0xFF, 0xE0, 0x07, 0x80, 0x0F, 0x00, 0x1C, 0x00, 0x77, 0x01, 0xDC, 0x07, 0x70, 0x1D, 0xC0,
    0x77, 0x01, 0xDC, 0x07, 0x70, 0x1D, 0xC0, 0x77, 0x01, 0xC0, 0x7F, 0xF1, 0xC7, 0x1C, 0x71, 0xC7,
    0x1C, 0x71, 0xC7, 0x1C, 0x71, 0xC0, 0xFF, 0xFC, 0xF3, 0x87, 0x0E, 0x1C, 0x38, 0x70, 0xE1, 0xC3,
    0x87, 0x0E, 0x1E, 0x00, 0xFF, 0xF9, 0xFF, 0xF8, 0xE0, 0xF1, 0xC0, 0xF3, 0x80, 0xE7, 0x01, 0xCE,
    0x03, 0x9C, 0x07, 0x38, 0x0E, 0x70, 0x1C, 0xE0, 0x39, 0xC0, 0x73, 0x80, 0xE7, 0x01, 0xCE, 0x03,
    0x80, 0xE3, 0xE3, 0x8F, 0xCE, 0x07, 0xB8, 0x0E, 0xE0, 0x3B, 0x80, 0x7E, 0x01, 0xF8, 0x07, 0xE0,
    0x3F, 0x80, 0xEE, 0x03, 0xBC, 0x1E, 0x78, 0xF0, 0xFF, 0x81, 0xFC, 0x00, 0x7F, 0xF1, 0xC7, 0x1C,
    0x71, 0xC7, 0x18, 0xFF, 0x8F, 0xFC, 0x01, 0xE0, 0x0E, 0x00, 0xF0, 0x07, 0x00, 0x70, 0x07, 0x00,
    0x70, 0x07, 0x00, 0x70, 0x07, 0x00, 0x70, 0x07, 0x00, 0x70, 0x07, 0x00, 0x70, 0x07, 0x00, 0x70,
    0x07, 0xFE, 0x1F, 0xF0, 0x1E, 0x00, 0xE0, 0x1C, 0x03, 0x80, 0x38, 0x07, 0x00, 0xE0, 0x3C, 0x07,
    0x00, 0xE0, 0x79, 0xFF, 0x3F, 0x80, 0x00, 0x0E, 0x00, 0xE0, 0x0E, 0x00, 0xE0, 0x0F, 0xFF, 0xFF,
    0xE0, 0x0E, 0x00, 0xE0, 0x1C, 0x01, 0xC0, 0x1C, 0x03, 0x80, 0x38, 0x03, 0x80, 0x70, 0x07, 0x00,
    0x70, 0x0E, 0x00, 0xE0, 0xFF, 0xF9, 0xFF, 0xF8, 0xE0, 0xF1, 0xC0, 0xF3, 0x80, 0xE7, 0x01, 0xCE,
    0x03, 0x9C, 0x07, 0x38, 0x0E, 0x70, 0x1C, 0xE0, 0x39, 0xC0, 0x73, 0x80, 0xE7, 0xFF, 0xCF, 0xFF,
    0x80, 0x71, 0xF8, 0x73, 0xFC, 0x77, 0x3E, 0x3E, 0x0E, 0x3C, 0x0E, 0x3C, 0x0F, 0x1C, 0x07, 0x38,
    0x07, 0x38, 0x07, 0x38, 0x0E, 0x38, 0x0E, 0x38, 0x1E, 0x70, 0x3C, 0x73, 0xFC, 0x73, 0xF0, 0x7F,
    0xF1, 0xC7, 0x1C, 0x71, 0xC7, 0x1C, 0x71, 0xC7, 0x1C, 0x71, 0xC7, 0x1C, 0x71, 0xC7, 0x79, 0xF8,
    0x78, 0x70, 0xE1, 0xC3, 0x87, 0x0E, 0x1C, 0x38, 0x70, 0xFF, 0xFF, 0x80, 0xFF, 0xF3, 0xFF, 0xE3,
    0x83, 0xDC, 0x07, 0x70, 0x1D, 0xC0, 0x77, 0x01, 0xDC, 0x07, 0x70, 0x1D, 0xC0, 0x77, 0x01, 0xDE,
    0x0E, 0x3C, 0x78, 0xFF, 0xC0, 0xFE, 0x00, 0x00, 0x07, 0x01, 0xDC, 0x0E, 0xE0, 0x77, 0x03, 0xB8,
    0x1C, 0xE0, 0xE7, 0x0F, 0x38, 0x71, 0xC3, 0x8F, 0x1C, 0x39, 0xC1, 0xDE, 0x0F, 0xE3, 0xFE, 0x1F,
    0xC0, 0xE0, 0x00, 0x3F, 0x83, 0xFF, 0x3C, 0x79, 0xC1, 0xEE, 0x07, 0x70, 0x3B, 0x80, 0xFE, 0x07,
    0x78, 0x39, 0xC1, 0xC0, 0x0E, 0x00, 0x70, 0x03, 0x80, 0x1C, 0x00, 0xE0, 0x07, 0x00, 0x38, 0x01,
    0xC0, 0x0E, 0x00, 0x70, 0x3F, 0x83, 0xFF, 0x3C, 0x79, 0xC0, 0xEE, 0x07, 0x70, 0x3B, 0x80, 0xFE,
    0x07, 0x78, 0x39, 0xC3, 0x80, 0x1C, 0x01, 0xE0, 0x1E, 0x7F, 0xE3, 0xFE, 0x00, 0x70, 0x73, 0x83,
    0x9E, 0x1C, 0x70, 0xE3, 0xC7, 0x0E, 0x70, 0x73, 0x83, 0xF8, 0x0F, 0xC0, 0x7C, 0x01, 0xC0, 0x0E,
    0x00, 0x70, 0x03, 0xC0, 0x0E, 0x00, 0x70, 0x03, 0x80, 0x1E, 0x00, 0x70, 0x03, 0x80, 0xE0, 0x77,
    0x07, 0x78, 0x73, 0x87, 0x3C, 0xE1, 0xCE, 0x0F, 0xC0, 0xFC, 0x07, 0x80, 0x38, 0x03, 0xC0, 0x1C,
    0x01, 0xEF, 0xFE, 0xFF, 0xE0, 0xFF, 0xFF, 0xFF, 0xF0, 0x03, 0x80, 0x0E, 0x00, 0x39, 0xC1, 0xC7,
    0x07, 0x1C, 0x1C, 0x70, 0xE1, 0xC3, 0x87, 0x0E, 0x1C, 0x38, 0x71, 0xC1, 0xC7, 0x07, 0x1C, 0x1C,
    0x00, 0x70, 0x01, 0xC0, 0x07, 0x00, 0x1C, 0x00, 0xFF, 0x9F, 0xF8, 0x0F, 0x00, 0xF0, 0x0E, 0x01,
    0xC0, 0x38, 0x07, 0x00, 0xE0, 0x1C, 0x03, 0x80, 0x70, 0x0E, 0x01, 0xC0, 0x38, 0xE3, 0x87, 0xE3,
    0x87, 0xE3, 0x87, 0xE3, 0x87, 0xE3, 0x87, 0xE7, 0x87, 0xEF, 0x07, 0xFF, 0x07, 0xFC, 0x07, 0xE0,
    0x07, 0xF0, 0x0E, 0x70, 0x1E, 0x7C, 0x3C, 0x3F, 0xF8, 0x0F, 0xF0, 0xFF, 0xF9, 0xFF, 0xF8, 0x70,
    0xF0, 0xE0, 0xF1, 0xC0, 0xE3, 0x81, 0xC7, 0x03, 0x8E, 0x07, 0x1C, 0x0E, 0x38, 0x1C, 0x70, 0x38,
    0xE0, 0x73, 0x80, 0xFF, 0x01, 0xFC, 0x03, 0x80, 0x01, 0xC0, 0x01, 0xF0, 0x00, 0xF8, 0x00, 0x7C,
    0x00, 0x77, 0x00, 0x3B, 0x80, 0x1D, 0xE0, 0x1C, 0xF0, 0x0E, 0x38, 0x0F, 0x1E, 0x07, 0xFF, 0x03,
    0xFF, 0x83, 0xFF, 0xE1, 0xC0, 0x70, 0xE0, 0x38, 0xF0, 0x1E, 0x70, 0x07, 0x78, 0x03, 0xC0, 0x00,
    0x00, 0x00, 0x00, 0x1C, 0x00, 0x0E, 0x00, 0x07, 0x00, 0x1F, 0xB9, 0xFF, 0xDF, 0xFF, 0xE1, 0xFF,
    0x07, 0xF0, 0x3F, 0x80, 0xFC, 0x07, 0xE0, 0x7F, 0x83, 0xFC, 0x3E, 0xFF, 0xF3, 0xFF, 0x8F, 0xDC,
    0x00, 0x00, 0x00, 0x07, 0x00, 0x38, 0x01, 0xC0, 0x03, 0xE0, 0x00, 0xFC, 0x00, 0x07, 0x00, 0x03,
    0x80, 0x00, 0xC0, 0x00, 0x20, 0x00, 0x00, 0x00, 0x07, 0x80, 0x01, 0xE0, 0x00, 0xFC, 0x00, 0x3F,
    0x00, 0x0F, 0xE0, 0x07, 0xF8, 0x01, 0xCE, 0x00, 0xF3, 0xC0, 0x3C, 0xF0, 0x0E, 0x1C, 0x07, 0x87,
    0x81, 0xFF, 0xE0, 0x7F, 0xFC, 0x3F, 0xFF, 0x0E, 0x01, 0xC7, 0x80, 0x79, 0xE0, 0x1E, 0x70, 0x03,
    0x80, 0x0F, 0x80, 0x7E, 0x01, 0x70, 0x07, 0x00, 0x30, 0x01, 0x00, 0x00, 0x03, 0xF7, 0x3F, 0xFB,
    0xFF, 0xFC, 0x1F, 0xE0, 0xFE, 0x03, 0xF0, 0x1F, 0x80, 0xFC, 0x07, 0xF0, 0x7F, 0x83, 0xDF, 0xFE,
    0x7F, 0xF1, 0xFB, 0x80, 0x00, 0x00, 0x00, 0x03, 0x00, 0x03, 0xC0, 0x01, 0xC0, 0x01, 0xC0, 0x0F,
    0x40, 0x1F, 0xC0, 0x0E, 0xF0, 0x00, 0x10, 0x00, 0x00, 0x00, 0x78, 0x00, 0x7C, 0x00, 0x3E, 0x00,
    0x1F, 0x80, 0x1F, 0xC0, 0x0E, 0xF0, 0x07, 0x78, 0x07, 0x9C, 0x03, 0x8F, 0x03, 0xC7, 0x81, 0xE1,
    0xC0, 0xFF, 0xF0, 0xFF, 0xF8, 0x7F, 0xFE, 0x38, 0x0F, 0x3C, 0x03, 0x9C, 0x01, 0xFE, 0x00, 0xF0,
    0x00, 0x10, 0x00, 0x70, 0x03, 0xC0, 0x0E, 0x00, 0x30, 0x1E, 0x00, 0xFC, 0x07, 0xF8, 0x18, 0xE0,
    0x00, 0x00, 0x00, 0x07, 0xEE, 0x3F, 0xF9, 0xFF, 0xEF, 0x07, 0xBC, 0x1E, 0xE0, 0x3B, 0x80, 0xEE,
    0x03, 0xB8, 0x0E, 0xF0, 0x7B, 0xC1, 0xE7, 0xFF, 0x8F, 0xFE, 0x1F, 0xB8, 0x00, 0x00, 0x00, 0x0C,
    0x00, 0x0E, 0x00, 0x07, 0x80, 0x01, 0xC0, 0x0F, 0x60, 0x1F, 0xC0, 0x0E, 0xF0, 0x00, 0x10, 0x00,
    0x00, 0x00, 0x78, 0x00, 0x7C, 0x00, 0x3E, 0x00, 0x1F, 0x80, 0x1F, 0xC0, 0x0E, 0xF0, 0x07, 0x78,
    0x07, 0x9C, 0x03, 0x8F, 0x03, 0xC7, 0x81, 0xE1, 0xC0, 0xFF, 0xF0, 0xFF, 0xF8, 0x7F, 0xFE, 0x38,
    0x0F, 0x3C, 0x03, 0x9C, 0x01, 0xFE, 0x00, 0xF0, 0x00, 0x40, 0x07, 0x00, 0x38, 0x00, 0xE0, 0x03,
    0x03, 0xC0, 0x3F, 0x03, 0xFC, 0x18, 0xE0, 0x00, 0x00, 0x00, 0x3F, 0x73, 0xFF, 0xBF, 0xFF, 0xC1,
    0xFE, 0x0F, 0xE0, 0x3F, 0x01, 0xF8, 0x0F, 0xC0, 0x7F, 0x07, 0xF8, 0x3D, 0xFF, 0xE7, 0xFF, 0x1F,
    0xB8, 0x00, 0x3E, 0x00, 0x1F, 0x00, 0x03, 0x80, 0x03, 0xC0, 0x1F, 0xC0, 0x1F, 0x80, 0x1F, 0xE0,
    0x0C, 0x20, 0x00, 0x00, 0x00, 0xF0, 0x00, 0xF8, 0x00, 0x7C, 0x00, 0x3F, 0x00, 0x3F, 0x80, 0x1D,
    0xC0, 0x1E, 0xF0, 0x0F, 0x38, 0x07, 0x1E, 0x07, 0x8F, 0x03, 0x83, 0x81, 0xFF, 0xE1, 0xFF, 0xF0,
    0xFF, 0xF8, 0xF0, 0x1E, 0x78, 0x07, 0x38, 0x03, 0xFC, 0x01, 0xE0, 0x00, 0x78, 0x03, 0xF0, 0x05,
    0xC0, 0x0F, 0x00, 0x30, 0x1E, 0xC0, 0xFC, 0x07, 0xF8, 0x18, 0xE0, 0x00, 0x00, 0x00, 0x07, 0xEE,
    0x3F, 0xF9, 0xFF, 0xEF, 0x07, 0xBC, 0x1E, 0xE0, 0x3B, 0x80, 0xEE, 0x03, 0xB8, 0x0E, 0xF0, 0x7B,
    0xC1, 0xE7, 0xFF, 0x8F, 0xFE, 0x1F, 0xB8, 0x03, 0x98, 0x01, 0xFE, 0x00, 0x7F, 0x80, 0x1B, 0xE0,
    0x00, 0x00, 0x00, 0x78, 0x00, 0x3F, 0x00, 0x1F, 0xE0, 0x06, 0x18, 0x00, 0x00, 0x00, 0x1E, 0x00,
    0x07, 0x80, 0x03, 0xF0, 0x00, 0xFC, 0x00, 0x3F, 0x00, 0x1F, 0xE0, 0x07, 0x38, 0x03, 0xCF, 0x00,
    0xF3, 0xC0, 0x38, 0x70, 0x1E, 0x1E, 0x07, 0xFF, 0x81, 0xFF, 0xE0, 0xFF, 0xFC, 0x38, 0x07, 0x1E,
    0x01, 0xE7, 0x80, 0x79, 0xC0, 0x0E, 0x0E, 0x60, 0xFF, 0x07, 0xF8, 0x37, 0x80, 0x00, 0x03, 0xC0,
    0x3F, 0x03, 0xFC, 0x1C, 0xE0, 0x00, 0x00, 0x00, 0x3F, 0x73, 0xFF, 0xBF, 0xFF, 0xC1, 0xFE, 0x0F,
    0xE0, 0x3F, 0x01, 0xF8, 0x0F, 0xC0, 0x7F, 0x07, 0xF8, 0x3D, 0xFF, 0xE7, 0xFF, 0x1F, 0xB8, 0x01,
    0xC0, 0x01, 0xF0, 0x01, 0xFC, 0x00, 0xC6, 0x00, 0x00, 0x00, 0x00, 0x00, 0x07, 0x00, 0x07, 0xC0,
    0x03, 0xE0, 0x01, 0xF0, 0x01, 0xDC, 0x00, 0xEE, 0x00, 0x77, 0x80, 0x73, 0xC0, 0x38, 0xE0, 0x3C,
    0x78, 0x1F, 0xFC, 0x0F, 0xFE, 0x0F, 0xFF, 0x87, 0x01, 0xC3, 0x80, 0xE3, 0xC0, 0x79, 0xC0, 0x1D,
    0xE0, 0x0F, 0x00, 0x00, 0x00, 0x00, 0x00, 0x70, 0x00, 0x38, 0x00, 0x1C, 0x00, 0x07, 0x00, 0x7C,
    0x07, 0xF0, 0x31, 0xC0, 0x00, 0x00, 0x00, 0x7E, 0xE7, 0xFF, 0x7F, 0xFF, 0x87, 0xFC, 0x1F, 0xC0,
    0xFE, 0x03, 0xF0, 0x1F, 0x81, 0xFE, 0x0F, 0xF0, 0xFB, 0xFF, 0xCF, 0xFE, 0x3F, 0x70, 0x00, 0x00,
    0x00, 0x1C, 0x00, 0xE0, 0x07, 0x00, 0x00, 0x00, 0x00, 0x30, 0x00, 0x3C, 0x00, 0x1C, 0x00, 0x0C,
    0x00, 0x74, 0xC0, 0x1D, 0xE0, 0x0F, 0xE0, 0x03, 0xF0, 0x00, 0xE0, 0x00, 0x00, 0x00, 0x3C, 0x00,
    0x3E, 0x00, 0x1F, 0x00, 0x0F, 0xC0, 0x0F, 0xE0, 0x07, 0x78, 0x03, 0xBC, 0x03, 0xCE, 0x01, 0xC7,
    0x81, 0xE3, 0xC0, 0xF0, 0xE0, 0x7F, 0xF8, 0x7F, 0xFC, 0x3F, 0xFF, 0x1C, 0x07, 0x9E, 0x01, 0xCE,
    0x00, 0xFF, 0x00, 0x78, 0x01, 0x80, 0x0E, 0x00, 0xF0, 0x07, 0x00, 0x30, 0x0C, 0x30, 0x73, 0x83,
    0xFC, 0x0F, 0xC0, 0x3C, 0x00, 0x00, 0x3F, 0x73, 0xFF, 0xBF, 0xFF, 0xC1, 0xFE, 0x0F, 0xE0, 0x3F,
    0x01, 0xF8, 0x0F, 0xC0, 0x7F, 0x07, 0xF8, 0x3D, 0xFF, 0xE7, 0xFF, 0x1F, 0xB8, 0x00, 0x00, 0x01,
    0xC0, 0x00, 0xE0, 0x00, 0x78, 0x00, 0x1C, 0x00, 0x74, 0xC0, 0x1D, 0xE0, 0x0F, 0xE0, 0x03, 0xF0,
    0x00, 0xE0, 0x00, 0x00, 0x00, 0x3C, 0x00, 0x3E, 0x00, 0x1F, 0x00, 0x0F, 0xC0, 0x0F, 0xE0, 0x07,
    0x78, 0x03, 0xBC, 0x03, 0xCE, 0x01, 0xC7, 0x81, 0xE3, 0xC0, 0xF0, 0xE0, 0x7F, 0xF8, 0x7F, 0xFC,
    0x3F, 0xFF, 0x1C, 0x07, 0x9E, 0x01, 0xCE, 0x00, 0xFF, 0x00, 0x78, 0x06, 0x00, 0x70, 0x03, 0xC0,
    0x0E, 0x00, 0x30, 0x0C, 0x70, 0x73, 0x83, 0xFC, 0x0F, 0xC0, 0x3C, 0x00, 0x00, 0x3F, 0x73, 0xFF,
    0xBF, 0xFF, 0xC1, 0xFE, 0x0F, 0xE0, 0x3F, 0x01, 0xF8, 0x0F, 0xC0, 0x7F, 0x07, 0xF8, 0x3D, 0xFF,
    0xE7, 0xFF, 0x1F, 0xB8, 0x03, 0xE0, 0x01, 0xF0, 0x00, 0x38, 0x00, 0x38, 0x00, 0xFB, 0x80, 0x7B,
    0xC0, 0x1F, 0xC0, 0x0F, 0xE0, 0x01, 0xC0, 0x00, 0x00, 0x00, 0x70, 0x00, 0x7C, 0x00, 0x3E, 0x00,
    0x3F, 0x80, 0x1F, 0xC0, 0x0E, 0xE0, 0x0F, 0x78, 0x07, 0x3C, 0x03, 0x8E, 0x03, 0xC7, 0x81, 0xC1,
    0xC1, 0xFF, 0xF0, 0xFF, 0xF8, 0x7F, 0xFC, 0x78, 0x0F, 0x38, 0x07, 0x9C, 0x01, 0xDE, 0x00, 0xF0,
    0x0F, 0x80, 0x7E, 0x00, 0x70, 0x07, 0x00, 0x30, 0x0C, 0x30, 0x73, 0x83, 0xFC, 0x0F, 0xC0, 0x3C,
    0x00, 0x00, 0x3F, 0x73, 0xFF, 0xBF, 0xFF, 0xC1, 0xFE, 0x0F, 0xE0, 0x3F, 0x01, 0xF8, 0x0F, 0xC0,
    0x7F, 0x07, 0xF8, 0x3D, 0xFF, 0xE7, 0xFF, 0x1F, 0xB8, 0x03, 0x98, 0x01, 0xFE, 0x00, 0x7F, 0x80,
    0x1B, 0xE0, 0x00, 0x00, 0x01, 0xCE, 0x00, 0x7F, 0x80, 0x0F, 0xC0, 0x01, 0xE0, 0x00, 0x00, 0x00,
    0x1E, 0x00, 0x07, 0x80, 0x03, 0xF0, 0x00, 0xFC, 0x00, 0x3F, 0x00, 0x1F, 0xE0, 0x07, 0x38, 0x03,
    0xCF, 0x00, 0xF3, 0xC0, 0x38, 0x70, 0x1E, 0x1E, 0x07, 0xFF, 0x81, 0xFF, 0xE0, 0xFF, 0xFC, 0x38,
    0x07, 0x1E, 0x01, 0xE7, 0x80, 0x79, 0xC0, 0x0E, 0x0F, 0x60, 0xFF, 0x07, 0xF8, 0x33, 0x80, 0x00,
    0x0C, 0x30, 0x73, 0x83, 0xFC, 0x0F, 0xC0, 0x3C, 0x00, 0x00, 0x3F, 0x73, 0xFF, 0xBF, 0xFF, 0xC1,
    0xFE, 0x0F, 0xE0, 0x3F, 0x01, 0xF8, 0x0F, 0xC0, 0x7F, 0x07, 0xF8, 0x3D, 0xFF, 0xE7, 0xFF, 0x1F,
    0xB8, 0x00, 0x00, 0x07, 0x1C, 0x01, 0xFC, 0x00, 0xFE, 0x00, 0x3E, 0x00, 0x00, 0x00, 0x00, 0x00,
    0x03, 0x80, 0x03, 0xE0, 0x01, 0xF0, 0x00, 0xF8, 0x00, 0xEE, 0x00, 0x77, 0x00, 0x3B, 0xC0, 0x39,
    0xE0, 0x1C, 0x70, 0x1E, 0x3C, 0x0F, 0xFE, 0x07, 0xFF, 0x07, 0xFF, 0xC3, 0x80, 0xE1, 0xC0, 0x71,
    0xE0, 0x3C, 0xE0, 0x0E, 0xF0, 0x07, 0x80, 0x00, 0x00, 0x00, 0x00, 0x38, 0x00, 0x1C, 0x00, 0x0E,
    0x00, 0x00, 0x00, 0xC7, 0x07, 0x78, 0x3F, 0x80, 0xF8, 0x03, 0x80, 0x00, 0x03, 0xF7, 0x3F, 0xFB,
    0xFF, 0xFC, 0x3F, 0xE0, 0xFE, 0x07, 0xF0, 0x1F, 0x80, 0xFC, 0x0F, 0xF0, 0x7F, 0x87, 0xDF, 0xFE,
    0x7F, 0xF1, 0xFB, 0x80, 0x00, 0x00, 0x00, 0xE0, 0x07, 0x00, 0x38, 0x00, 0xFF, 0xFF, 0xFF, 0xFF,
    0xF0, 0x0E, 0x01, 0xC0, 0x38, 0x07, 0xFE, 0xFF, 0xDF, 0xFB, 0x80, 0x70, 0x0E, 0x01, 0xC0, 0x38,
    0x07, 0xFF, 0xFF, 0xFF, 0xFC, 0x00, 0x00, 0x00, 0xE0, 0x1C, 0x03, 0x80, 0x1F, 0xC1, 0xFF, 0x1F,
    0xFD, 0xE0, 0xEE, 0x03, 0xFF, 0xFF, 0xFF, 0xFF, 0xFF, 0xE0, 0x07, 0x80, 0x3E, 0x0C, 0xFF, 0xE3,
    0xFF, 0x0F, 0xE0, 0x00, 0x00, 0x00, 0x07, 0x00, 0x38, 0x01, 0xC0, 0x1F, 0x03, 0xE0, 0x0C, 0x03,
    0x80, 0x60, 0x08, 0x00, 0x07, 0xFF, 0xFF, 0xFF, 0xFF, 0x80, 0x70, 0x0E, 0x01, 0xC0, 0x3F, 0xF7,
    0xFE, 0xFF, 0xDC, 0x03, 0x80, 0x70, 0x0E, 0x01, 0xC0, 0x3F, 0xFF, 0xFF, 0xFF, 0xE0, 0x0F, 0x80,
    0x7C, 0x03, 0x60, 0x07, 0x00, 0x70, 0x01, 0x00, 0x00, 0x03, 0xF8, 0x3F, 0xE3, 0xFF, 0xBC, 0x1D,
    0xC0, 0x7F, 0xFF, 0xFF, 0xFF, 0xFF, 0xFC, 0x00, 0xF0, 0x07, 0xC1, 0x9F, 0xFC, 0x7F, 0xE1, 0xFC,
    0x00, 0x18, 0xC7, 0xF9, 0xFF, 0x3F, 0xC0, 0x00, 0x00, 0x3F, 0xFF, 0xFF, 0xFF, 0xFC, 0x03, 0x80,
    0x70, 0x0E, 0x01, 0xFF, 0xBF, 0xF7, 0xFE, 0xE0, 0x1C, 0x03, 0x80, 0x70, 0x0E, 0x01, 0xFF, 0xFF,
    0xFF, 0xFF, 0x0E, 0x60, 0xFF, 0x07, 0xF8, 0x77, 0x81, 0x98, 0x00, 0x00, 0x7F, 0x07, 0xFC, 0x7F,
    0xF7, 0x83, 0xB8, 0x0F, 0xFF, 0xFF, 0xFF, 0xFF, 0xFF, 0x80, 0x1E, 0x00, 0xF8, 0x33, 0xFF, 0x8F,
    0xFC, 0x3F, 0x80, 0x00, 0x00, 0x01, 0x80, 0x1E, 0x00, 0xE0, 0x0E, 0x0F, 0xA0, 0xFE, 0x07, 0x78,
    0x00, 0x80, 0x00, 0x3F, 0xF9, 0xFF, 0xCF, 0xFE, 0x70, 0x03, 0x80, 0x1C, 0x00, 0xE0, 0x07, 0xFE,
    0x3F, 0xF1, 0xFF, 0x8E, 0x00, 0x70, 0x03, 0x80, 0x1C, 0x00, 0xE0, 0x07, 0xFF, 0x3F, 0xF9, 0xFF,
    0xC0, 0x00, 0x10, 0x00, 0x70, 0x03, 0xC0, 0x0E, 0x00, 0x70, 0x1E, 0x00, 0xFC, 0x07, 0xF8, 0x18,
    0xE0, 0x00, 0x00, 0x00, 0x07, 0xF0, 0x3F, 0xE1, 0xFF, 0xCF, 0x07, 0x38, 0x0E, 0xFF, 0xFB, 0xFF,
    0xEF, 0xFF, 0xB8, 0x00, 0xF0, 0x03, 0xE0, 0xC7, 0xFF, 0x0F, 0xFC, 0x1F, 0xC0, 0x00, 0x00, 0x1C,
    0x01, 0xC0, 0x1E, 0x00, 0xE1, 0xF6, 0x3F, 0x83, 0xBC, 0x00, 0x80, 0x00, 0xFF, 0xEF, 0xFE, 0xFF,
    0xEE, 0x00, 0xE0, 0x0E, 0x00, 0xE0, 0x0F, 0xFC, 0xFF, 0xCF, 0xFC, 0xE0, 0x0E, 0x00, 0xE0, 0x0E,
    0x00, 0xE0, 0x0F, 0xFE, 0xFF, 0xEF, 0xFE, 0x00, 0x40, 0x07, 0x00, 0x78, 0x01, 0xE0, 0x07, 0x03,
    0xC0, 0x3F, 0x03, 0xFC, 0x18, 0xE0, 0x00, 0x00, 0x00, 0x3F, 0x83, 0xFE, 0x3F, 0xFB, 0xC1, 0xDC,
    0x07, 0xFF, 0xFF, 0xFF, 0xFF, 0xFF, 0xC0, 0x0F, 0x00, 0x7C, 0x19, 0xFF, 0xC7, 0xFE, 0x1F, 0xC0,
    0x01, 0xF0, 0x1F, 0x00, 0x70, 0x0F, 0x0E, 0xC1, 0xF8, 0x3F, 0xC3, 0x08, 0x00, 0x0F, 0xFE, 0xFF,
    0xEF, 0xFE, 0xE0, 0x0E, 0x00, 0xE0, 0x0E, 0x00, 0xFF, 0xCF, 0xFC, 0xFF, 0xCE, 0x00, 0xE0, 0x0E,
    0x00, 0xE0, 0x0E, 0x00, 0xFF, 0xEF, 0xFE, 0xFF, 0xE0, 0x00, 0xF8, 0x03, 0xF0, 0x05, 0xC0, 0x0E,
    0x00, 0x30, 0x1E, 0x80, 0xFC, 0x07, 0xF8, 0x18, 0xE0, 0x00, 0x00, 0x00, 0x07, 0xF0, 0x3F, 0xE1,
    0xFF, 0xCF, 0x07, 0x38, 0x0E, 0xFF, 0xFB, 0xFF, 0xEF, 0xFF, 0xB8, 0x00, 0xF0, 0x03, 0xE0, 0xC7,
    0xFF, 0x0F, 0xFC, 0x1F, 0xC0, 0x18, 0x87, 0xF9, 0xFF, 0x3B, 0xC0, 0x00, 0x1C, 0x07, 0xE1, 0xFE,
    0x30, 0x80, 0x03, 0xFF, 0xFF, 0xFF, 0xFF, 0xC0, 0x38, 0x07, 0x00, 0xE0, 0x1F, 0xFB, 0xFF, 0x7F,
    0xEE, 0x01, 0xC0, 0x38, 0x07, 0x00, 0xE0, 0x1F, 0xFF, 0xFF, 0xFF, 0xF0, 0x0C, 0x40, 0xFF, 0x07,
    0xF8, 0x77, 0x80, 0x00, 0x03, 0x80, 0x3E, 0x03, 0xF8, 0x1C, 0xE0, 0x00, 0x00, 0x00, 0x3F, 0x83,
    0xFE, 0x3F, 0xFB, 0xC1, 0xDC, 0x07, 0xFF, 0xFF, 0xFF, 0xFF, 0xFF, 0xC0, 0x0F, 0x00, 0x7C, 0x19,
    0xFF, 0xC7, 0xFE, 0x1F, 0xC0, 0x06, 0x03, 0xE0, 0xFF, 0x18, 0xE0, 0x00, 0x00, 0x3F, 0xFF, 0xFF,
    0xFF, 0xFC, 0x03, 0x80, 0x70, 0x0E, 0x01, 0xFF, 0xBF, 0xF7, 0xFE, 0xE0, 0x1C, 0x03, 0x80, 0x70,
    0x0E, 0x01, 0xFF, 0xFF, 0xFF, 0xFF, 0x00, 0x00, 0x00, 0x38, 0x07, 0x00, 0xE0, 0x07, 0x00, 0x7C,
    0x07, 0xF0, 0x31, 0xC0, 0x00, 0x00, 0x00, 0x7F, 0x07, 0xFC, 0x7F, 0xF7, 0x83, 0xB8, 0x0F, 0xFF,
    0xFF, 0xFF, 0xFF, 0xFF, 0x80, 0x1E, 0x00, 0xF8, 0x33, 0xFF, 0x8F, 0xFC, 0x3F, 0x80, 0x00, 0x00,
    0x00, 0x1C, 0x00, 0xE0, 0x07, 0x00, 0x3C, 0x3E, 0x2E, 0x1C, 0x18, 0x08, 0x00, 0xFF, 0xFF, 0xFF,
    0x1C, 0x1C, 0x1C, 0x1C, 0x1C, 0x1C, 0x1C, 0x1C, 0x1C, 0x1C, 0x1C, 0x1C, 0xFF, 0xFF, 0xFF, 0x79,
    0xF5, 0xCE, 0x30, 0x00, 0x0E, 0x38, 0xE3, 0x8E, 0x38, 0xE3, 0x8E, 0x38, 0xE3, 0x8E, 0x38, 0xFF,
    0xFF, 0xFF, 0x1C, 0x1C, 0x1C, 0x1C, 0x1C, 0x1C, 0x1C, 0x1C, 0x1C, 0x1C, 0x1C, 0x1C, 0xFF, 0xFF,
    0xFF, 0x00, 0x00, 0x1C, 0x1C, 0x1C, 0xFF, 0x80, 0x3F, 0xFF, 0xFF, 0xFF, 0xFF, 0xF0, 0x3F, 0xE0,
    0x07, 0xF0, 0x0F, 0xFE, 0x0F, 0xFF, 0x8F, 0x83, 0xE7, 0x80, 0xF7, 0x80, 0x3F, 0x80, 0x0F, 0xC0,
    0x07, 0xE0, 0x03, 0xF0, 0x01, 0xF8, 0x00, 0xFC, 0x00, 0x7F, 0x00, 0x7B, 0xC0, 0x79, 0xF0, 0x7C,
    0x7F, 0xFC, 0x1F, 0xFC, 0x03, 0xF8, 0x00, 0x00, 0x00, 0x00, 0x00, 0x1C, 0x00, 0x0E, 0x00, 0x07,
    0x00, 0x1F, 0xC0, 0xFF, 0xC7, 0xFF, 0xBE, 0x1E, 0xF0, 0x3F, 0x80, 0xFE, 0x01, 0xF8, 0x07, 0xE0,
    0x3F, 0xC0, 0xFF, 0x87, 0x9F, 0xFE, 0x3F, 0xF0, 0x7F, 0x00, 0x00, 0x00, 0x00, 0x07, 0x00, 0x1C,
    0x00, 0x70, 0x00, 0x03, 0xE0, 0x01, 0xF0, 0x00, 0xB8, 0x00, 0x3C, 0x00, 0x1C, 0x00, 0x04, 0x00,
    0x00, 0x00, 0x0F, 0xE0, 0x1F, 0xFC, 0x1F, 0xFF, 0x1F, 0x07, 0xCF, 0x01, 0xEF, 0x00, 0x7F, 0x00,
    0x1F, 0x80, 0x0F, 0xC0, 0x07, 0xE0, 0x03, 0xF0, 0x01, 0xF8, 0x00, 0xFE, 0x00, 0xF7, 0x80, 0xF3,
    0xE0, 0xF8, 0xFF, 0xF8, 0x3F, 0xF8, 0x07, 0xF0, 0x00, 0x0F, 0x80, 0x3F, 0x00, 0xDC, 0x00, 0xE0,
    0x03, 0x00, 0x08, 0x00, 0x00, 0x07, 0xF0, 0x3F, 0xF1, 0xFF, 0xEF, 0x87, 0xBC, 0x0F, 0xE0, 0x3F,
    0x80, 0x7E, 0x01, 0xF8, 0x0F, 0xF0, 0x3F, 0xE1, 0xE7, 0xFF, 0x8F, 0xFC, 0x1F, 0xC0, 0x00, 0x04,
    0x00, 0x07, 0x00, 0x03, 0xC0, 0x03, 0xC0, 0x1D, 0xC0, 0x1F, 0x00, 0x1F, 0xC0, 0x1E, 0xF0, 0x04,
    0x10, 0x00, 0x00, 0x01, 0xFC, 0x03, 0xFF, 0x83, 0xFF, 0xE3, 0xE0, 0xF9, 0xE0, 0x3D, 0xE0, 0x0F,
    0xE0, 0x03, 0xF0, 0x01, 0xF8, 0x00, 0xFC, 0x00, 0x7E, 0x00, 0x3F, 0x00, 0x1F, 0xC0, 0x1E, 0xF0,
    0x1E, 0x7C, 0x1F, 0x1F, 0xFF, 0x07, 0xFF, 0x00, 0xFE, 0x00, 0x00, 0x18, 0x00, 0x38, 0x00, 0xF0,
    0x01, 0xC0, 0x03, 0x00, 0xF0, 0x03, 0xF0, 0x0F, 0xF0, 0x18, 0xE0, 0x00, 0x00, 0x00, 0x00, 0xFE,
    0x03, 0xFF, 0x0F, 0xFF, 0x3E, 0x1E, 0x78, 0x1E, 0xE0, 0x3D, 0xC0, 0x3B, 0x80, 0x77, 0x01, 0xEF,
    0x03, 0xDF, 0x0F, 0x1F, 0xFE, 0x1F, 0xF8, 0x1F, 0xC0, 0x00, 0x10, 0x00, 0x1C, 0x00, 0x0E, 0x00,
    0x03, 0x80, 0x1C, 0xC0, 0x1F, 0x00, 0x1F, 0xC0, 0x1E, 0xF0, 0x04, 0x10, 0x00, 0x00, 0x01, 0xFC,
    0x03, 0xFF, 0x83, 0xFF, 0xE3, 0xE0, 0xF9, 0xE0, 0x3D, 0xE0, 0x0F, 0xE0, 0x03, 0xF0, 0x01, 0xF8,
    0x00, 0xFC, 0x00, 0x7E, 0x00, 0x3F, 0x00, 0x1F, 0xC0, 0x1E, 0xF0, 0x1E, 0x7C, 0x1F, 0x1F, 0xFF,
    0x07, 0xFF, 0x00, 0xFE, 0x00, 0x00, 0x40, 0x03, 0x80, 0x0E, 0x00, 0x1C, 0x00, 0x70, 0x1E, 0x00,
    0xFC, 0x07, 0xF8, 0x18, 0xE0, 0x00, 0x00, 0x00, 0x07, 0xF0, 0x3F, 0xF1, 0xFF, 0xEF, 0x87, 0xBC,
    0x0F, 0xE0, 0x3F, 0x80, 0x7E, 0x01, 0xF8, 0x0F, 0xF0, 0x3F, 0xE1, 0xE7, 0xFF, 0x8F, 0xFC, 0x1F,
    0xC0, 0x00, 0x3C, 0x00, 0x1F, 0x00, 0x0B, 0x80, 0x03, 0xC0, 0x1D, 0xC0, 0x1F, 0x40, 0x1F, 0xC0,
    0x1E, 0xF0, 0x04, 0x10, 0x00, 0x00, 0x01, 0xFC, 0x03, 0xFF, 0x83, 0xFF, 0xE3, 0xE0, 0xF9, 0xE0,
    0x3D, 0xE0, 0x0F, 0xE0, 0x03, 0xF0, 0x01, 0xF8, 0x00, 0xFC, 0x00, 0x7E, 0x00, 0x3F, 0x00, 0x1F,
    0xC0, 0x1E, 0xF0, 0x1E, 0x7C, 0x1F, 0x1F, 0xFF, 0x07, 0xFF, 0x00, 0xFE, 0x00, 0x00, 0x78, 0x03,
    0xF0, 0x05, 0xC0, 0x0F, 0x00, 0x30, 0x1E, 0xC0, 0xFC, 0x07, 0xF8, 0x18, 0xE0, 0x00, 0x00, 0x00,
    0x07, 0xF0, 0x3F, 0xF1, 0xFF, 0xEF, 0x87, 0xBC, 0x0F, 0xE0, 0x3F, 0x80, 0x7E, 0x01, 0xF8, 0x0F,
    0xF0, 0x3F, 0xE1, 0xE7, 0xFF, 0x8F, 0xFC, 0x1F, 0xC0, 0x07, 0xF8, 0x07, 0xFC, 0x03, 0xFC, 0x00,
    0x8E, 0x00, 0x08, 0x00, 0x1F, 0x00, 0x1F, 0xC0, 0x1F, 0xF0, 0x04, 0x30, 0x00, 0x00, 0x01, 0xFC,
    0x03, 0xFF, 0x83, 0xFF, 0xE3, 0xE0, 0xF9, 0xE0, 0x3D, 0xE0, 0x0F, 0xE0, 0x03, 0xF0, 0x01, 0xF8,
    0x00, 0xFC, 0x00, 0x7E, 0x00, 0x3F, 0x00, 0x1F, 0xC0, 0x1E, 0xF0, 0x1E, 0x7C, 0x1F, 0x1F, 0xFF,
    0x07, 0xFF, 0x00, 0xFE, 0x00, 0x0C, 0x60, 0x7F, 0x83, 0xFE, 0x0E, 0xF0, 0x00, 0x00, 0x1E, 0x00,
    0xFC, 0x07, 0xF8, 0x1C, 0xE0, 0x00, 0x00, 0x00, 0x07, 0xF0, 0x3F, 0xF1, 0xFF, 0xEF, 0x87, 0xBC,
    0x0F, 0xE0, 0x3F, 0x80, 0x7E, 0x01, 0xF8, 0x0F, 0xF0, 0x3F, 0xE1, 0xE7, 0xFF, 0x8F, 0xFC, 0x1F,
    0xC0, 0x01, 0xC0, 0x01, 0xF0, 0x01, 0xFC, 0x01, 0xC7, 0x00, 0x01, 0x00, 0x00, 0x00, 0x1F, 0xC0,
    0x3F, 0xF8, 0x3F, 0xFE, 0x3E, 0x0F, 0x9E, 0x03, 0xDE, 0x00, 0xFE, 0x00, 0x3F, 0x00, 0x1F, 0x80,
    0x0F, 0xC0, 0x07, 0xE0, 0x03, 0xF0, 0x01, 0xFC, 0x01, 0xEF, 0x01, 0xE7, 0xC1, 0xF1, 0xFF, 0xF0,
    0x7F, 0xF0, 0x0F, 0xE0, 0x00, 0x00, 0x00, 0x00, 0x00, 0x70, 0x00, 0x38, 0x00, 0x1C, 0x00, 0x07,
    0x80, 0x3F, 0x01, 0xFE, 0x06, 0x38, 0x00, 0x00, 0x00, 0x01, 0xFC, 0x0F, 0xFC, 0x7F, 0xFB, 0xE1,
    0xEF, 0x03, 0xF8, 0x0F, 0xE0, 0x1F, 0x80, 0x7E, 0x03, 0xFC, 0x0F, 0xF8, 0x79, 0xFF, 0xE3, 0xFF,
    0x07, 0xF0, 0x00, 0x00, 0x00, 0x00, 0x70, 0x01, 0xC0, 0x07, 0x00, 0x00, 0x00, 0x00, 0x30, 0x00,
    0x7C, 0x00, 0x7E, 0x70, 0x38, 0x38, 0x00, 0x3C, 0x00, 0x3C, 0x0F, 0xFE, 0x1F, 0xFE, 0x1F, 0xFF,
    0x1F, 0x07, 0xCF, 0x01, 0xEF, 0x00, 0x7F, 0x00, 0x1F, 0x80, 0x0F, 0xC0, 0x07, 0xE0, 0x03, 0xF0,
    0x01, 0xF8, 0x00, 0xFE, 0x00, 0xF7, 0x80, 0xF3, 0xE0, 0xF8, 0xFF, 0xF8, 0x3F, 0xF8, 0x07, 0xF0,
    0x00, 0x01, 0x00, 0x0E, 0x00, 0x7C, 0x03, 0xC0, 0x0C, 0x1C, 0x00, 0xF0, 0x03, 0xC7, 0xFE, 0x3F,
    0xF1, 0xFF, 0xEF, 0x87, 0xBC, 0x0F, 0xE0, 0x3F, 0x80, 0x7E, 0x01, 0xF8, 0x0F, 0xF0, 0x3F, 0xE1,
    0xE7, 0xFF, 0x0F, 0xFC, 0x1F, 0xC0, 0x00, 0x00, 0x01, 0x80, 0x01, 0xF0, 0x00, 0xFC, 0x70, 0x0E,
    0x38, 0x00, 0x3C, 0x00, 0x3C, 0x0F, 0xFE, 0x1F, 0xFE, 0x1F, 0xFF, 0x1F, 0x07, 0xCF, 0x01, 0xEF,
    0x00, 0x7F, 0x00, 0x1F, 0x80, 0x0F, 0xC0, 0x07, 0xE0, 0x03, 0xF0, 0x01, 0xF8, 0x00, 0xFE, 0x00,
    0xF7, 0x80, 0xF3, 0xE0, 0xF8, 0xFF, 0xF8, 0x3F, 0xF8, 0x07, 0xF0, 0x00, 0x04, 0x00, 0x38, 0x01,
    0xF0, 0x01, 0xE0, 0x01, 0x9C, 0x00, 0xF0, 0x03, 0xC7, 0xFE, 0x3F, 0xF1, 0xFF, 0xEF, 0x87, 0xBC,
    0x0F, 0xE0, 0x3F, 0x80, 0x7E, 0x01, 0xF8, 0x0F, 0xF0, 0x3F, 0xE1, 0xE7, 0xFF, 0x0F, 0xFC, 0x1F,
    0xC0, 0x03, 0xE0, 0x01, 0xF0, 0x00, 0xB8, 0x00, 0x3C, 0x00, 0x1C, 0x38, 0x04, 0x3C, 0x00, 0x3E,
    0x0F, 0xFE, 0x1F, 0xFE, 0x1F, 0xFF, 0x1F, 0x07, 0xCF, 0x01, 0xEF, 0x00, 0x7F, 0x00, 0x1F, 0x80,
    0x0F, 0xC0, 0x07, 0xE0, 0x03, 0xF0, 0x01, 0xF8, 0x00, 0xFE, 0x00, 0xF7, 0x80, 0xF3, 0xE0, 0xF8,
    0xFF, 0xF8, 0x3F, 0xF8, 0x07, 0xF0, 0x00, 0x0F, 0x80, 0x3F, 0x00, 0xDC, 0x00, 0xE0, 0x03, 0x1C,
    0x08, 0xF0, 0x03, 0xC7, 0xFE, 0x3F, 0xF1, 0xFF, 0xEF, 0x87, 0xBC, 0x0F, 0xE0, 0x3F, 0x80, 0x7E,
    0x01, 0xF8, 0x0F, 0xF0, 0x3F, 0xE1, 0xE7, 0xFF, 0x0F, 0xFC, 0x1F, 0xC0, 0x03, 0x18, 0x07, 0xFC,
    0x03, 0xFE, 0xC1, 0xFE, 0x70, 0x00, 0x78, 0x00, 0x78, 0x1F, 0xFC, 0x3F, 0xFC, 0x3F, 0xFE, 0x3E,
    0x0F, 0x9E, 0x03, 0xDE, 0x00, 0xFE, 0x00, 0x3F, 0x00, 0x1F, 0x80, 0x0F, 0xC0, 0x07, 0xE0, 0x03,
    0xF0, 0x01, 0xFC, 0x01, 0xEF, 0x01, 0xE7, 0xC1, 0xF1, 0xFF, 0xF0, 0x7F, 0xF0, 0x0F, 0xE0, 0x0E,
    0x60, 0x7F, 0x81, 0xFE, 0x0E, 0xF7, 0x19, 0x9C, 0x00, 0xF1, 0xFF, 0x8F, 0xFC, 0x7F, 0xFB, 0xE1,
    0xEF, 0x03, 0xF8, 0x0F, 0xE0, 0x1F, 0x80, 0x7E, 0x03, 0xFC, 0x0F, 0xF8, 0x79, 0xFF, 0xC3, 0xFF,
    0x07, 0xF0, 0x00, 0x03, 0x80, 0x01, 0xC0, 0x01, 0xE0, 0x01, 0xE0, 0x7F, 0xF0, 0xFF, 0xF0, 0xFF,
    0xF8, 0xF8, 0x3E, 0x78, 0x0F, 0x78, 0x03, 0xF8, 0x00, 0xFC, 0x00, 0x7E, 0x00, 0x3F, 0x00, 0x1F,
    0x80, 0x0F, 0xC0, 0x07, 0xF0, 0x07, 0xBC, 0x07, 0x9F, 0x07, 0xC7, 0xFF, 0xC1, 0xFF, 0xC0, 0x3F,
    0x80, 0x00, 0x00, 0x00, 0x00, 0x01, 0xC0, 0x00, 0xE0, 0x00, 0x70, 0x00, 0x00, 0x1C, 0x00, 0xF0,
    0x03, 0xC7, 0xFE, 0x3F, 0xF1, 0xFF, 0xEF, 0x87, 0xBC, 0x0F, 0xE0, 0x3F, 0x80, 0x7E, 0x01, 0xF8,
    0x0F, 0xF0, 0x3F, 0xE1, 0xE7, 0xFF, 0x0F, 0xFC, 0x1F, 0xC0, 0x00, 0x00, 0x00, 0x01, 0xC0, 0x07,
    0x00, 0x1C, 0x00, 0xE0, 0x1F, 0x80, 0x7E, 0x01, 0xF8, 0x07, 0xE0, 0x1F, 0x80, 0x7E, 0x01, 0xF8,
    0x07, 0xE0, 0x1F, 0x80, 0x7E, 0x01, 0xF8, 0x07, 0xE0, 0x1F, 0xC0, 0xFF, 0x87, 0xDF, 0xFE, 0x3F,
    0xF0, 0x7F, 0x80, 0x00, 0x00, 0x00, 0x03, 0x80, 0x0E, 0x00, 0x38, 0x00, 0xE0, 0x7E, 0x07, 0xE0,
    0x7E, 0x07, 0xE0, 0x7E, 0x07, 0xE0, 0x7E, 0x07, 0xE0, 0x7E, 0x0F, 0xF0, 0xFF, 0xFF, 0x7F, 0xF3,
    0xE7, 0x00, 0x00, 0x00, 0x0E, 0x00, 0xE0, 0x0E, 0x00, 0x0F, 0x80, 0x3F, 0x00, 0x1C, 0x00, 0xE0,
    0x03, 0x00, 0x08, 0x00, 0x00, 0x38, 0x07, 0xE0, 0x1F, 0x80, 0x7E, 0x01, 0xF8, 0x07, 0xE0, 0x1F,
    0x80, 0x7E, 0x01, 0xF8, 0x07, 0xE0, 0x1F, 0x80, 0x7E, 0x01, 0xF8, 0x07, 0xF0, 0x3F, 0xE1, 0xF7,
    0xFF, 0x8F, 0xFC, 0x1F, 0xE0, 0x1F, 0x01, 0xF0, 0x1B, 0x80, 0x70, 0x06, 0x00, 0x40, 0x00, 0x0E,
    0x07, 0xE0, 0x7E, 0x07, 0xE0, 0x7E, 0x07, 0xE0, 0x7E, 0x07, 0xE0, 0x7E, 0x07, 0xE0, 0xFF, 0x0F,
    0xFF, 0xF7, 0xFF, 0x3E, 0x70, 0x00, 0x00, 0x00, 0xE0, 0x00, 0xF0, 0x01, 0xF8, 0x70, 0x70, 0x38,
    0x00, 0x1C, 0x00, 0x1F, 0xC0, 0x3E, 0xE0, 0x1E, 0x70, 0x0E, 0x38, 0x07, 0x1C, 0x03, 0x8E, 0x01,
    0xC7, 0x00, 0xE3, 0x80, 0x71, 0xC0, 0x38, 0xE0, 0x1C, 0x70, 0x0E, 0x38, 0x07, 0x1C, 0x03, 0x8F,
    0x03, 0xC7, 0xC3, 0xE1, 0xFF, 0xE0, 0x7F, 0xE0, 0x1F, 0xE0, 0x00, 0x02, 0x00, 0x1C, 0x00, 0xF8,
    0x07, 0x80, 0x18, 0x1C, 0x00, 0xF0, 0x03, 0xB8, 0x1E, 0xE0, 0x73, 0x81, 0xCE, 0x07, 0x38, 0x1C,
    0xE0, 0x73, 0x81, 0xCE, 0x07, 0x38, 0x1C, 0xE0, 0xF3, 0xC3, 0xCF, 0xFF, 0x1F, 0xFC, 0x3E, 0x70,
    0x00, 0x00, 0x07, 0x00, 0x03, 0xC0, 0x01, 0xF8, 0x70, 0x3C, 0x38, 0x00, 0x1C, 0x00, 0x1F, 0xC0,
    0x3E, 0xE0, 0x1E, 0x70, 0x0E, 0x38, 0x07, 0x1C, 0x03, 0x8E, 0x01, 0xC7, 0x00, 0xE3, 0x80, 0x71,
    0xC0, 0x38, 0xE0, 0x1C, 0x70, 0x0E, 0x38, 0x07, 0x1C, 0x03, 0x8F, 0x03, 0xC7, 0xC3, 0xE1, 0xFF,
    0xE0, 0x7F, 0xE0, 0x1F, 0xE0, 0x00, 0x08, 0x00, 0x70, 0x01, 0xE0, 0x03, 0xC0, 0x03, 0x1C, 0x00,
    0xF0, 0x03, 0xB8, 0x1E, 0xE0, 0x73, 0x81, 0xCE, 0x07, 0x38, 0x1C, 0xE0, 0x73, 0x81, 0xCE, 0x07,
    0x38, 0x1C, 0xE0, 0xF3, 0xC3, 0xCF, 0xFF, 0x1F, 0xFC, 0x3E, 0x70, 0x0F, 0x80, 0x07, 0xE0, 0x00,
    0x70, 0x00, 0x70, 0x30, 0x30, 0x38, 0x10, 0x1C, 0x00, 0x1F, 0xC0, 0x3E, 0xE0, 0x1E, 0x70, 0x0E,
    0x38, 0x07, 0x1C, 0x03, 0x8E, 0x01, 0xC7, 0x00, 0xE3, 0x80, 0x71, 0xC0, 0x38, 0xE0, 0x1C, 0x70,
    0x0E, 0x38, 0x07, 0x1C, 0x03, 0x8F, 0x03, 0xC7, 0xC3, 0xE1, 0xFF, 0xE0, 0x7F, 0xE0, 0x1F, 0xE0,
    0x00, 0x1F, 0x00, 0x7C, 0x01, 0xB8, 0x01, 0xC0, 0x06, 0x1C, 0x10, 0xF0, 0x03, 0xB8, 0x1E, 0xE0,
    0x73, 0x81, 0xCE, 0x07, 0x38, 0x1C, 0xE0, 0x73, 0x81, 0xCE, 0x07, 0x38, 0x1C, 0xE0, 0xF3, 0xC3,
    0xCF, 0xFF, 0x1F, 0xFC, 0x3E, 0x70, 0x0E, 0x70, 0x0F, 0xF8, 0x07, 0xF8, 0x63, 0x7C, 0x70, 0x00,
    0x38, 0x00, 0x3F, 0x80, 0x7D, 0xC0, 0x3C, 0xE0, 0x1C, 0x70, 0x0E, 0x38, 0x07, 0x1C, 0x03, 0x8E,
    0x01, 0xC7, 0x00, 0xE3, 0x80, 0x71, 0xC0, 0x38, 0xE0, 0x1C, 0x70, 0x0E, 0x3C, 0x07, 0x1E, 0x07,
    0x8F, 0x87, 0xC3, 0xFF, 0xC0, 0xFF, 0xC0, 0x3F, 0xC0, 0x1C, 0xC0, 0xFF, 0x03, 0xFC, 0x1D, 0xE7,
    0x33, 0x1C, 0x00, 0xFE, 0x07, 0xB8, 0x1C, 0xE0, 0x73, 0x81, 0xCE, 0x07, 0x38, 0x1C, 0xE0, 0x73,
    0x81, 0xCE, 0x07, 0x38, 0x3C, 0xF0, 0xF3, 0xFF, 0xC7, 0xFF, 0x0F, 0x9C, 0x00, 0x03, 0x80, 0x01,
    0xC0, 0x00, 0xE0, 0x00, 0xFE, 0x01, 0xF7, 0x00, 0xF3, 0x80, 0x71, 0xC0, 0x38, 0xE0, 0x1C, 0x70,
    0x0E, 0x38, 0x07, 0x1C, 0x03, 0x8E, 0x01, 0xC7, 0x00, 0xE3, 0x80, 0x71, 0xC0, 0x38, 0xE0, 0x1C,
    0x78, 0x1E, 0x3E, 0x1F, 0x0F, 0xFF, 0x03, 0xFF, 0x00, 0xFF, 0x00, 0x00, 0x00, 0x00, 0x00, 0x03,
    0x80, 0x01, 0xC0, 0x00, 0xE0, 0x00, 0x00, 0x1C, 0x00, 0xF0, 0x03, 0xB8, 0x1E, 0xE0, 0x73, 0x81,
    0xCE, 0x07, 0x38, 0x1C, 0xE0, 0x73, 0x81, 0xCE, 0x07, 0x38, 0x1C, 0xE0, 0xF3, 0xC3, 0xCF, 0xFF,
    0x1F, 0xFC, 0x3E, 0x70, 0x00, 0x00, 0x00, 0x03, 0x80, 0x0E, 0x00, 0x38, 0x00, 0x02, 0x00, 0x07,
    0x80, 0x07, 0xC0, 0x03, 0xE0, 0x00, 0x40, 0x00, 0x00, 0xF0, 0x0F, 0x78, 0x0E, 0x78, 0x1E, 0x3C,
    0x3C, 0x1E, 0x3C, 0x1E, 0x78, 0x0F, 0x70, 0x07, 0xF0, 0x03, 0xE0, 0x03, 0xC0, 0x01, 0xC0, 0x01,
    0xC0, 0x01, 0xC0, 0x01, 0xC0, 0x01, 0xC0, 0x01, 0xC0, 0x01, 0xC0, 0x01, 0xC0, 0x02, 0x00, 0x0E,
    0x00, 0x3E, 0x00, 0x1E, 0x00, 0x1C, 0x00, 0x00, 0x00, 0x00, 0x78, 0x0F, 0x70, 0x1E, 0xF0, 0x78,
    0xE0, 0xF1, 0xE1, 0xC3, 0xC7, 0x83, 0xCF, 0x07, 0x9C, 0x07, 0x78, 0x0F, 0xE0, 0x0F, 0xC0, 0x1F,
    0x80, 0x3E, 0x00, 0x3C, 0x00, 0x70, 0x00, 0xE0, 0x03, 0xC0, 0x07, 0x00, 0x1E, 0x00, 0x38, 0x00,
    0x78, 0x07, 0xBC, 0x07, 0x8F, 0x07, 0x83, 0xC3, 0xC1, 0xE3, 0xC0, 0x79, 0xC0, 0x1F, 0xE0, 0x0F,
    0xE0, 0x03, 0xE0, 0x00, 0xF0, 0x00, 0x70, 0x00, 0x38, 0x00, 0x1C, 0x00, 0x0E, 0x00, 0x07, 0x00,
    0x03, 0x80, 0x01, 0xC0, 0x00, 0xE0, 0x00, 0x00, 0x00, 0x00, 0x00, 0x1C, 0x00, 0x0E, 0x00, 0x07,
    0x00, 0x78, 0x0E, 0xF0, 0x3C, 0xE0, 0x71, 0xE0, 0xE3, 0xC3, 0xC3, 0xC7, 0x07, 0x8E, 0x07, 0x38,
    0x0F, 0x70, 0x0E, 0xE0, 0x1F, 0x80, 0x3F, 0x00, 0x3E, 0x00, 0x78, 0x00, 0x70, 0x01, 0xC0, 0x03,
    0x9C, 0x0F, 0x38, 0x1C, 0x70, 0x38, 0x00, 0x07, 0xC0, 0x03, 0xF0, 0x00, 0xB8, 0x00, 0x38, 0x00,
    0x18, 0x00, 0x08, 0x00, 0x00, 0x01, 0xE0, 0x1E, 0x78, 0x0F, 0x3C, 0x0F, 0x0F, 0x0F, 0x03, 0xC7,
    0x81, 0xE7, 0x80, 0x7B, 0x80, 0x1F, 0xC0, 0x07, 0xC0, 0x03, 0xC0, 0x00, 0xE0, 0x00, 0x70, 0x00,
    0x38, 0x00, 0x1C, 0x00, 0x0E, 0x00, 0x07, 0x00, 0x03, 0x80, 0x01, 0xC0, 0x00, 0x07, 0xC0, 0x07,
    0xE0, 0x02, 0xE0, 0x01, 0xC0, 0x01, 0x80, 0x01, 0x00, 0x00, 0x00, 0x70, 0x0E, 0x78, 0x1E, 0x38,
    0x1E, 0x3C, 0x1C, 0x3C, 0x3C, 0x1E, 0x38, 0x1E, 0x38, 0x0E, 0x78, 0x0F, 0x70, 0x07, 0xF0, 0x07,
    0xE0, 0x07, 0xE0, 0x03, 0xE0, 0x03, 0xC0, 0x01, 0xC0, 0x03, 0x80, 0x03, 0x80, 0x07, 0x80, 0x07,
    0x00, 0x07, 0x00, 0x03, 0x9C, 0x01, 0xF7, 0x00, 0xFF, 0x80, 0x3B, 0xE0, 0x00, 0x00, 0x00, 0x00,
    0x07, 0x80, 0x79, 0xF0, 0x1E, 0x3C, 0x0F, 0x07, 0x87, 0x80, 0xF1, 0xE0, 0x3C, 0xF0, 0x07, 0xB8,
    0x00, 0xFE, 0x00, 0x3F, 0x00, 0x07, 0x80, 0x00, 0xE0, 0x00, 0x38, 0x00, 0x0E, 0x00, 0x03, 0x80,
    0x00, 0xE0, 0x00, 0x38, 0x00, 0x0E, 0x00, 0x03, 0x80, 0x07, 0x30, 0x0F, 0xB0, 0x0F, 0xF0, 0x0D,
    0xE0, 0x0C, 0xC0, 0x00, 0x00, 0x70, 0x0E, 0x78, 0x1E, 0x38, 0x1E, 0x3C, 0x3C, 0x3C, 0x3C, 0x1E,
    0x38, 0x1E, 0x78, 0x0E, 0x78, 0x0F, 0x70, 0x07, 0xF0, 0x07, 0xE0, 0x07, 0xE0, 0x03, 0xE0, 0x03,
    0xC0, 0x01, 0xC0, 0x03, 0x80, 0x03, 0x80, 0x07, 0x80, 0x07, 0x00, 0x07, 0x00, 0xFF, 0xFF, 0xE0,
    0x44, 0xD8, 0xE1, 0xC7, 0xCA, 0x84, 0x08, 0x10, 0x20, 0x40, 0x81, 0x02, 0x04, 0x08, 0x10, 0x20,
    0x40, 0x00, 0xC1, 0xBF, 0x9A, 0xC8, 0x20, 0x82, 0x08, 0x20, 0x82, 0x08, 0x20, 0x82, 0x08, 0x20,
    0x00, 0xC6, 0x3F, 0x64, 0xD0, 0x41, 0x04, 0x10, 0x41, 0x04, 0x10, 0x41, 0x04, 0x10, 0x41, 0xFF,
    0xFF, 0xF8, 0xFF, 0xF0, 0xFF, 0xFF, 0xFF, 0xFC, 0xFF, 0xFF, 0xFF, 0xFC, 0xFF, 0xFF, 0xFF, 0xFF,
    0xFF, 0xFF, 0xFF, 0x80, 0xFF, 0xFF, 0xFF, 0xFF, 0xFF, 0xFF, 0xFF, 0x80, 0xEF, 0xDF, 0xBF, 0x7E,
    0xFD, 0xFB, 0xF7, 0xEF, 0xDF, 0xBF, 0x7E, 0xFD, 0xFB, 0xF7, 0xEF, 0xDF, 0xBF, 0x7E, 0xFD, 0xFB,
    0xF7, 0xEE, 0xFF, 0xFF, 0xF0, 0x03, 0xFF, 0xFF, 0xC0, 0x01, 0xDD, 0xCE, 0x7B, 0xCE, 0x79, 0xF3,
    0xCF, 0x3D, 0xE7, 0x00, 0x7B, 0xDE, 0x73, 0xBF, 0xCC, 0xE7, 0x1C, 0xE7, 0x18, 0x00, 0x0E, 0x77,
    0x3B, 0x9C, 0xE7, 0x3D, 0xEF, 0x79, 0xCE, 0x7B, 0xCF, 0xFC, 0xF7, 0x9E, 0xF3, 0xDE, 0xF7, 0x9C,
    0xE0, 0x00, 0x7B, 0xCF, 0x7D, 0xEF, 0x9C, 0xF3, 0x8E, 0xF3, 0xBC, 0xE3, 0x18, 0xE7, 0x73, 0x9D,
    0xCE, 0x67, 0x39, 0x9C, 0x1C, 0x0E, 0x07, 0x1F, 0xFF, 0xFF, 0xFC, 0x70, 0x38, 0x1C, 0x0E, 0x07,
    0x03, 0x81, 0xC0, 0xE0, 0x1C, 0x1C, 0x1C, 0x1C, 0xFF, 0xFF, 0x7F, 0xFF, 0xFF, 0xFF, 0x1C, 0x1C,
    0x1C, 0x1C, 0x1C, 0x7D, 0xFF, 0xFF, 0xFF, 0xFF, 0xDF, 0x00, 0x01, 0x83, 0xC7, 0xEF, 0xFF, 0x3C,
    0x60, 0x00, 0xFF, 0x80, 0xE1, 0xF8, 0x7E, 0x1C, 0xE7, 0x3F, 0x39, 0xF9, 0xCF, 0xCE, 0x70, 0xFF,
    0x80, 0x7E, 0x81, 0x02, 0x04, 0x08, 0x10, 0x20, 0x40, 0x81, 0x02, 0x04, 0x08, 0x10, 0x20, 0x40,
    0x81, 0x00, 0xFC, 0x10, 0x41, 0x04, 0x10, 0x41, 0x04, 0x10, 0x41, 0x04, 0x10, 0x41, 0x04, 0x10,
    0x40, 0xFF, 0xFF, 0xFF, 0xFC, 0xC3, 0x0C, 0x30, 0xC3, 0x0C, 0x30, 0xC3, 0x0C, 0x30, 0xC3, 0x0C,
    0x10, 0xFF, 0x02, 0x04, 0x0F, 0xE6, 0x0C, 0x18, 0x30, 0x60, 0xC1, 0x83, 0x06, 0x0C, 0x18, 0x30,
    0x60, 0xC1, 0x81, 0x00, 0xFC, 0x10, 0x41, 0xFC, 0xC3, 0x0C, 0x30, 0xC3, 0x0C, 0x30, 0xC3, 0x0C,
    0x30, 0xC3, 0x0C, 0x10, 0x7E, 0x03, 0x00, 0x07, 0xE0, 0x70, 0x00, 0xE7, 0x0E, 0x00, 0x0E, 0x70,
    0xE0, 0x00, 0xE7, 0x1C, 0x00, 0x0E, 0x73, 0x80, 0x00, 0xFF, 0x38, 0x00, 0x0F, 0xF7, 0x00, 0x00,
    0x7E, 0x67, 0x87, 0xC3, 0xCE, 0xFC, 0xFE, 0x01, 0xDF, 0xEE, 0xE0, 0x19, 0xCF, 0xEF, 0x03, 0x9C,
    0xFC, 0x70, 0x71, 0xCF, 0xC7, 0x07, 0x1C, 0xFE, 0xF0, 0xE1, 0xFE, 0xEE, 0x1C, 0x0F, 0xCF, 0xE1,
    0xC0, 0x78, 0x7C, 0x7E, 0x06, 0x00, 0x00, 0x03, 0xF0, 0x70, 0x00, 0x00, 0x39, 0xC3, 0x00, 0x00,
    0x01, 0xCE, 0x38, 0x00, 0x00, 0x0E, 0x71, 0x80, 0x00, 0x00, 0x73, 0x9C, 0x00, 0x00, 0x03, 0x9C,
    0xDE, 0x0F, 0x0F, 0x1C, 0xEF, 0xF8, 0xFC, 0xFC, 0xFF, 0xFF, 0xEE, 0xF7, 0x73, 0xF6, 0xE7, 0x73,
    0xBB, 0x8F, 0x77, 0x3F, 0x1F, 0x8E, 0x03, 0x39, 0xF8, 0xFC, 0x70, 0x39, 0xCF, 0xC7, 0xE3, 0x81,
    0x8E, 0x7E, 0x3F, 0x1C, 0x1C, 0x73, 0xB9, 0xDD, 0xC0, 0xC3, 0x9D, 0xCE, 0xEE, 0x0E, 0x0F, 0xCF,
    0xE7, 0xF0, 0x60, 0x7E, 0x3E, 0x1F, 0x00, 0x0E, 0x38, 0x61, 0xC3, 0x0C, 0x18, 0x00, 0x7B, 0xDC,
    0xF7, 0x39, 0xCE, 0x73, 0x98, 0xC6, 0x30, 0x0E, 0xEE, 0x1C, 0xCE, 0x19, 0xDC, 0x39, 0x9C, 0x33,
    0x98, 0x73, 0x30, 0x67, 0x30, 0xE1, 0xC7, 0x0E, 0x18, 0x70, 0xC0, 0xEE, 0x1D, 0xC7, 0x70, 0xEE,
    0x19, 0x87, 0x70, 0xCC, 0xEE, 0xE1, 0xDD, 0xC7, 0x77, 0x0E, 0xEE, 0x19, 0x98, 0x77, 0x70, 0xCC,
    0xC0, 0x0C, 0x07, 0x81, 0xE0, 0xFC, 0x33, 0x1C, 0xE6, 0x1B, 0x87, 0x00, 0x73, 0xCE, 0x73, 0xCF,
    0x1C, 0x78, 0xF1, 0xC2, 0x03, 0x8E, 0x1C, 0x78, 0xF3, 0xCE, 0x73, 0xCE, 0x10, 0x40, 0xC0, 0xDC,
    0x1C, 0x39, 0xC3, 0x0E, 0x1C, 0x03, 0x81, 0xE0, 0xE0, 0x1E, 0x38, 0x01, 0xFE, 0x06, 0x0F, 0x86,
    0xE0, 0xE0, 0xF8, 0x3E, 0x18, 0x0E, 0xE0, 0x03, 0x8E, 0x00, 0xE1, 0xE0, 0x38, 0x1E, 0x0E, 0x01,
    0xE3, 0x86, 0x1C, 0xE0, 0xE1, 0xC8, 0x18, 0x18, 0xE3, 0xF1, 0xF8, 0xFC, 0x7E, 0x3F, 0x1F, 0x8F,
    0xC7, 0xE3, 0xF1, 0xF8, 0xFC, 0x7E, 0x38, 0x00, 0x01, 0xC7, 0xE3, 0xF1, 0xC0, 0x7F, 0x9F, 0xF9,
    0xFF, 0x0E, 0xF1, 0xCE, 0x39, 0xC7, 0x70, 0xFE, 0x1F, 0x03, 0xC0, 0x70, 0x0E, 0x01, 0xC0, 0x00,
    0x00, 0x00, 0xC0, 0x1C, 0x03, 0x00, 0xFF, 0xFF, 0xFF, 0xC0, 0xC0, 0x06, 0xC0, 0x1D, 0xC0, 0x71,
    0xE3, 0xC1, 0xFF, 0x01, 0xFC, 0x00, 0x07, 0xE0, 0x3F, 0xE0, 0xF1, 0xE3, 0x80, 0xE6, 0x00, 0xF8,
    0x00, 0xC0, 0x00, 0x00, 0x01, 0x81, 0xC0, 0xC0, 0xE0, 0x60, 0x30, 0x38, 0x18, 0x1C, 0x0E, 0x0F,
    0x06, 0xC3, 0x63, 0x39, 0x8D, 0xC7, 0x00, 0x0E, 0x00, 0x00, 0x00, 0x60, 0x00, 0x00, 0x06, 0x00,
    0x00, 0x0C, 0x63, 0x00, 0x00, 0xFF, 0xF0, 0x00, 0x0F, 0xFF, 0x00, 0x00, 0x1F, 0x80, 0x00, 0x01,
    0xF8, 0x00, 0x00, 0x1F, 0x80, 0x00, 0x03, 0x9C, 0x00, 0x00, 0x39, 0xC0, 0x00, 0x71, 0x08, 0xE0,
    0x07, 0x00, 0x0E, 0x00, 0x70, 0x00, 0xE0, 0x06, 0x00, 0x0E, 0x0F, 0x67, 0x0E, 0xEF, 0xFF, 0xF0,
    0xFF, 0xFF, 0xFF, 0x0F, 0xFF, 0x0F, 0x00, 0x1F, 0x01, 0xF8, 0x01, 0xF8, 0x1D, 0xC0, 0x3B, 0x83,
    0x9E, 0x07, 0x9C, 0x38, 0xC0, 0x31, 0x80, 0x00, 0x00, 0x00, 0xFF, 0xF0, 0x00, 0x1E, 0x00, 0x38,
    0x00, 0xE0, 0x03, 0xC0, 0x07, 0x00, 0x1E, 0x00, 0x38, 0x00, 0xE0, 0x03, 0xC0, 0x07, 0x00, 0x1C,
    0x00, 0x78, 0x00, 0xE0, 0x03, 0x80, 0x0F, 0x00, 0x1C, 0x00, 0x70, 0x01, 0xE0, 0x00, 0xFF, 0xFE,
    0x38, 0xE3, 0x8E, 0x38, 0xE3, 0x8F, 0xFF, 0xE3, 0x8E, 0x38, 0xE3, 0x8E, 0x38, 0xE3, 0xFF, 0xC0,
    0xFF, 0xFC, 0x38, 0x70, 0xE1, 0xC3, 0x87, 0x0E, 0x1F, 0xFF, 0xF0, 0xE1, 0xC3, 0x87, 0x0E, 0x1C,
    0x38, 0x7F, 0xFF, 0xC0, 0x7F, 0x8F, 0xE7, 0xFE, 0xFF, 0x98, 0xF7, 0x1E, 0x03, 0xC0, 0x70, 0x0E,
    0x03, 0x80, 0xF0, 0x1C, 0x07, 0x01, 0xE0, 0xF0, 0x1E, 0x0F, 0x01, 0xE0, 0xF0, 0x1E, 0x07, 0x00,
    0xE0, 0x38, 0x07, 0x01, 0x80, 0x30, 0x00, 0x00, 0x00, 0x00, 0x00, 0x03, 0x80, 0x70, 0x1C, 0x03,
    0x80, 0xE0, 0x1C, 0x00, 0x7F, 0x8F, 0xFF, 0x9D, 0x8F, 0x38, 0x0F, 0x70, 0x0E, 0xE0, 0x3D, 0xC0,
    0x73, 0x83, 0xC7, 0x0F, 0x0E, 0x3C, 0x1C, 0x70, 0x38, 0xE0, 0x71, 0x80, 0xE0, 0x00, 0x00, 0x00,
    0x0E, 0x07, 0x1C, 0x0E, 0x38, 0x1C, 0xE7, 0xF9, 0xDF, 0xFB, 0x98, 0x7F, 0x00, 0x7E, 0x00, 0xFC,
    0x01, 0xF8, 0x07, 0xF0, 0x1E, 0xE0, 0x79, 0xC1, 0xE3, 0x83, 0x87, 0x0F, 0x0E, 0x1C, 0x00, 0x00,
    0x00, 0x00, 0x70, 0xE0, 0xE1, 0xC1, 0xC3, 0x80, 0xFF, 0xFF, 0xFF, 0x00, 0x70, 0x0E, 0x00, 0xE0,
    0x1C, 0x03, 0xC0, 0x38, 0x07, 0x00, 0x70, 0x0E, 0x01, 0xE0, 0x1C, 0x03, 0x80, 0xFF, 0xE3, 0xFF,
    0xCC, 0xFF, 0xB3, 0xFE, 0xCF, 0xFF, 0x3F, 0xFC, 0xFF, 0xF3, 0xFF, 0xCF, 0xFF, 0x3F, 0xEC, 0xFF,
    0xB3, 0xFE, 0xCF, 0xF3, 0x3E, 0x0C, 0xC0, 0x33, 0x00, 0xCC, 0x03, 0x30, 0x0C, 0xC0, 0x33, 0x00,
    0xCC, 0x03, 0x30, 0x0C, 0xC0, 0x11, 0x00, 0x3F, 0xFB, 0xFF, 0xFF, 0xC7, 0xFE, 0x3F, 0xF1, 0xFF,
    0x8F, 0xFC, 0x7F, 0xE3, 0xFF, 0x1F, 0xF8, 0xFF, 0xC6, 0xFF, 0xF3, 0xFF, 0x80, 0xFF, 0xCF, 0xFE,
    0xCF, 0xFC, 0xFF, 0xCF, 0xFC, 0xFF, 0xCF, 0xFC, 0xFF, 0xCF, 0xFC, 0xFF, 0xCF, 0xFF, 0xFE, 0xFF,
    0xC0, 0x0E, 0x00, 0xE0, 0x0E, 0x0C, 0x63, 0xFF, 0xFF, 0xFF, 0x1F, 0x81, 0xF0, 0x1F, 0x83, 0x9C,
    0x39, 0xC1, 0x08, 0xEE, 0xE0, 0x00, 0x00, 0x00, 0x0E, 0xE7, 0x77, 0x30, 0x07, 0xE0, 0x3F, 0xE0,
    0xF1, 0xE3, 0x80, 0xE6, 0x00, 0xF8, 0x00, 0xC0, 0x00, 0x00, 0x00, 0x00, 0x00, 0x00, 0x00, 0x00,
    0x00, 0x00, 0x00, 0x00, 0x00, 0x00, 0x00, 0x00, 0x00, 0x00, 0x00, 0x00, 0x00, 0x00, 0x00, 0x00,
    0x00, 0x00, 0x00, 0x18, 0x00, 0xD8, 0x03, 0xB8, 0x0E, 0x3C, 0x78, 0x3F, 0xE0, 0x3F, 0x80, 0x0E,
    0x00, 0xE0, 0x0E, 0x0C, 0x63, 0xFF, 0xFF, 0xFF, 0x1F, 0x81, 0xF0, 0x3F, 0x83, 0x9C, 0x39, 0xC1,
    0x08, 0x00, 0x00, 0xE0, 0x0E, 0x00, 0xE0, 0xC6, 0x3F, 0xFF, 0xFF, 0xF1, 0xF8, 0x1F, 0x01, 0xF8,
    0x39, 0xC3, 0x9C, 0x10, 0x80, 0x61, 0x9C, 0x66, 0x38, 0x0C, 0x03, 0x01, 0xC0, 0x60, 0x18, 0x0C,
    0x03, 0x01, 0xC0, 0x60, 0x18, 0x0E, 0x03, 0x00, 0xC6, 0x61, 0xD8, 0x60, 0x1F, 0xE0, 0x0C, 0x7F,
    0xFC, 0x39, 0xC3, 0xFF, 0xE3, 0x00, 0x7F, 0x80, 0x0F, 0xE0, 0x3F, 0xE0, 0xF1, 0xE3, 0x80, 0xE6,
    0x00, 0xF8, 0x00, 0xC0, 0x00, 0x00, 0x06, 0x03, 0x31, 0x1D, 0xBC, 0x7F, 0xC1, 0xF8, 0x7F, 0xFF,
    0xFF, 0xE3, 0xF0, 0x3F, 0xC1, 0xF7, 0x1D, 0x9C, 0x4C, 0x40, 0x60, 0x00, 0x00, 0xC0, 0x70, 0x0C,
    0x00, 0x00, 0x00, 0x00, 0x03, 0x00, 0xE0, 0x30, 0x00, 0x00, 0x00, 0x00, 0x00, 0x00, 0x00, 0x03,
    0x01, 0xC0, 0x30, 0x0E, 0xEE, 0xE1, 0xDC, 0xEE, 0x19, 0xDD, 0xC3, 0xB9, 0x9C, 0x33, 0xBB, 0x87,
    0x33, 0x30, 0x66, 0x73, 0x00, 0x00, 0xC0, 0x00, 0x70, 0x00, 0x0C, 0x00, 0x00, 0x00, 0x00, 0x00,
    0x00, 0x00, 0x00, 0x00, 0x03, 0x00, 0x06, 0xE0, 0x01, 0xF0, 0x00, 0x60, 0x00, 0x00, 0x00, 0x00,
    0x00, 0x00, 0x00, 0x00, 0x00, 0x00, 0x00, 0x03, 0x00, 0x01, 0xC0, 0x00, 0x30, 0x00, 0xC0, 0x01,
    0xB8, 0x00, 0x7C, 0x00, 0x18, 0x00, 0x00, 0x00, 0x00, 0x00, 0x00, 0x00, 0x00, 0x00, 0x03, 0x00,
    0x01, 0xC0, 0x00, 0x30, 0x00, 0x00, 0x00, 0x00, 0x00, 0x00, 0x00, 0x00, 0x00, 0x00, 0x00, 0x03,
    0x00, 0x06, 0xE0, 0x01, 0xF0, 0x00, 0x60, 0xDF, 0x00, 0x00, 0x00, 0x00, 0x06, 0xF8, 0x03, 0x00,
    0x1C, 0x00, 0x30, 0x00, 0x00, 0x00, 0x00, 0x00, 0x00, 0x00, 0x00, 0x00, 0xC0, 0x1B, 0x80, 0x7C,
    0x01, 0x80, 0x00, 0x00, 0x00, 0x00, 0x00, 0x00, 0x00, 0x00, 0x03, 0x00, 0x1C, 0x00, 0x30, 0x00,
    0x01, 0xC0, 0x00, 0x70, 0x03, 0x1C, 0x60, 0xE7, 0x1C, 0x31, 0xC6, 0x00, 0x70, 0x00, 0x1C, 0x00,
    0x07, 0x00, 0xFF, 0xFF, 0xFF, 0xFF, 0xF0, 0x1C, 0x00, 0x07, 0x00, 0x01, 0xC0, 0x00, 0x70, 0x03,
    0x1C, 0x60, 0xE7, 0x1C, 0x31, 0xC6, 0x00, 0x70, 0x00, 0x1C, 0x00, 0xFF, 0x80, 0x07, 0xFC, 0x00,
    0x07, 0xFC, 0xFF, 0x8F, 0xFF, 0x03, 0xFE, 0x07, 0xFC, 0xFC, 0xC3, 0x0C, 0xFC, 0xC3, 0x0C, 0x30,
    0xC3, 0x0C, 0x30, 0xC3, 0x0C, 0x30, 0xC3, 0x0C, 0x10, 0xFF, 0x0E, 0x1C, 0x3F, 0xE6, 0x0C, 0x18,
    0x30, 0x60, 0xC1, 0x83, 0x06, 0x0C, 0x18, 0x30, 0x60, 0xC1, 0x81, 0x00, 0xFC, 0xF9, 0xE1, 0xC3,
    0x06, 0x0C, 0x18, 0x30, 0x60, 0xC1, 0x83, 0x06, 0x0C, 0x18, 0x30, 0x60, 0xC1, 0x83, 0x00, 0x00,
    0x20, 0xE1, 0xC7, 0xCF, 0xBF, 0x18, 0x30, 0x60, 0xC1, 0x83, 0x06, 0x0C, 0x18, 0x30, 0x60, 0xC1,
    0x83, 0x06, 0x00, 0x00, 0x71, 0xF7, 0x67, 0xC7, 0x0C, 0x18, 0x30, 0x60, 0xC1, 0x83, 0x06, 0x0C,
    0x18, 0x30, 0x60, 0xC1, 0x83, 0x06, 0x00, 0xF0, 0x60, 0xC1, 0x8F, 0xE6, 0x0C, 0x18, 0x30, 0x60,
    0xC1, 0x83, 0x06, 0x0C, 0x18, 0x30, 0x60, 0xC1, 0x81, 0x00, 0x7E, 0xFF, 0xE7, 0xC3, 0xC3, 0xE7,
    0xFF, 0x7E, 0x58, 0x0F, 0xFF, 0xFF, 0xFE, 0x1C, 0x3C, 0x7C, 0xEC, 0xFE, 0xFE, 0x0C, 0x0C, 0x7E,
    0x7E, 0x7C, 0x7E, 0x0E, 0x4E, 0xFE, 0x7C, 0x7F, 0xFF, 0xF7, 0xFE, 0xFD, 0xFF, 0xBE, 0xFD, 0xFC,
    0x70, 0xE3, 0x87, 0x1C, 0x38, 0xFE, 0xFE, 0xFE, 0xFE, 0xEE, 0xEE, 0xFE, 0x7C, 0x7D, 0xFF, 0xBF,
    0xF7, 0xE9, 0xFF, 0xFE, 0x30, 0x60, 0xC7, 0xFF, 0xE6, 0x0C, 0x00, 0xFF, 0xFC, 0xFF, 0xFF, 0xFF,
    0xF0, 0x33, 0xB9, 0xCC, 0x63, 0x18, 0xC7, 0x38, 0xE3, 0x00, 0x63, 0x8C, 0x73, 0x8C, 0x63, 0x39,
    0xCC, 0xE6, 0x00, 0xFE, 0xFF, 0xE7, 0xC3, 0xC3, 0xC3, 0xC3, 0xC3, 0x3C, 0x7E, 0xFF, 0xE7, 0xC3,
    0xC3, 0xE7, 0xE7, 0x7E, 0x3E, 0x77, 0xBC, 0x63, 0x18, 0xC6, 0x30, 0x1C, 0x7E, 0x7E, 0x66, 0x0E,
    0x1C, 0x3C, 0x78, 0x7E, 0x7E, 0x7E, 0x7E, 0x1C, 0x3C, 0x3E, 0x2E, 0x0E, 0x7E, 0x7C, 0x1C, 0x1C,
    0x3C, 0x7C, 0xEC, 0xFE, 0xFE, 0x0C, 0x0C, 0x7E, 0x7E, 0x60, 0x7C, 0x7E, 0x0E, 0x4E, 0xFE, 0x7C,
    0x3C, 0xFF, 0xF7, 0x0F, 0xDF, 0xFB, 0xF7, 0xFE, 0xF8, 0xFD, 0xFC, 0x70, 0xE3, 0x87, 0x0C, 0x38,
    0x60, 0x38, 0xFE, 0xFE, 0xEE, 0xFE, 0xFE, 0xEE, 0xEE, 0xFE, 0x7C, 0x38, 0xFB, 0xFE, 0x3E, 0xFF,
    0xDF, 0xA7, 0xFD, 0xF8, 0x30, 0x63, 0xFF, 0xF3, 0x06, 0x0C, 0x00, 0xFF, 0xFC, 0xFF, 0xFC, 0x07,
    0xFF, 0xE0, 0x33, 0x99, 0xCC, 0x63, 0x18, 0xC6, 0x38, 0xC7, 0x18, 0x63, 0x8C, 0x73, 0x8C, 0x63,
    0x19, 0xCE, 0x67, 0x30, 0x3F, 0x1F, 0x80, 0xEF, 0xF7, 0xFF, 0x1F, 0xFE, 0xFF, 0x3E, 0x3F, 0x98,
    0xDF, 0xFF, 0xF3, 0x01, 0xFC, 0x7E, 0x3F, 0x1F, 0xE6, 0x1B, 0x86, 0xE1, 0x98, 0x67, 0xF8, 0xFC,
    0xE3, 0x3B, 0x0F, 0x83, 0x81, 0xC1, 0xF1, 0x9D, 0xC6, 0x7E, 0x3F, 0x80, 0xDF, 0xEF, 0xF3, 0x19,
    0xFC, 0x7C, 0xC0, 0xC0, 0xC0, 0xFE, 0xFF, 0xE7, 0xC3, 0xC3, 0xC3, 0xC3, 0xC3, 0xC0, 0xC0, 0xC0,
    0xC6, 0xCC, 0xD8, 0xF0, 0xF8, 0xDC, 0xCE, 0xC7, 0xFF, 0xFF, 0xFC, 0xFD, 0xF7, 0xFF, 0xB9, 0xCF,
    0x8C, 0x7C, 0x63, 0xE3, 0x1F, 0x18, 0xF8, 0xC7, 0xFE, 0xFF, 0xE7, 0xC3, 0xC3, 0xC3, 0xC3, 0xC3,
    0xFE, 0xFF, 0xC7, 0xC3, 0xC3, 0xE7, 0xFF, 0xFE, 0xC0, 0xC0, 0xC0, 0xC0, 0xFF, 0xFF, 0x03, 0x81,
    0xE0, 0xFF, 0xFE, 0x30, 0x60, 0xC3, 0xEF, 0xC6, 0x0C, 0x18, 0x30, 0x78, 0xF0, 0x3F, 0x83, 0xFC,
    0x3C, 0x41, 0xC0, 0x0E, 0x00, 0x73, 0xFF, 0x9F, 0xFC, 0xE0, 0xE7, 0x07, 0xB8, 0x1F, 0xFC, 0x7F,
    0xE0, 0x70, 0x03, 0x80, 0x1C, 0x00, 0xE0, 0x07, 0xF8, 0x3F, 0xC0, 0x00, 0x10, 0x00, 0x1C, 0x80,
    0x0E, 0xE0, 0x7F, 0x70, 0xFF, 0xF0, 0xFF, 0xF8, 0xFB, 0xBC, 0x7B, 0x9C, 0x79, 0xDC, 0x39, 0xCE,
    0x1C, 0xEE, 0x0E, 0xE7, 0x07, 0x77, 0x03, 0xFB, 0x81, 0xFB, 0x80, 0xFD, 0xC0, 0x3D, 0xC0, 0x1F,
    0xE7, 0x0F, 0xFF, 0xC7, 0xFF, 0xC7, 0x7F, 0x83, 0xB8, 0x03, 0xBC, 0x00, 0x5C, 0x00, 0x00, 0x00,
    0x00, 0x0F, 0xF1, 0xFF, 0x9F, 0x0C, 0xE0, 0x0F, 0x00, 0x70, 0x03, 0x9B, 0xDC, 0xFE, 0xE7, 0xC7,
    0x38, 0x39, 0xC1, 0xCE, 0x0E, 0x70, 0x7B, 0x81, 0xDC, 0x0F, 0xE6, 0x3F, 0xF0, 0xFF, 0x80, 0x3F,
    0xFC, 0xFF, 0xF3, 0xFF, 0xCE, 0x00, 0x38, 0x00, 0xE0, 0x03, 0x80, 0x0F, 0xFC, 0x3F, 0xF0, 0xFF,
    0xC3, 0x80, 0x0E, 0x00, 0xFE, 0x03, 0xF8, 0x0F, 0xE0, 0x0E, 0x00, 0x38, 0x00, 0xE0, 0x00, 0x07,
    0xF0, 0x3F, 0xF0, 0x7F, 0xE1, 0xE0, 0x83, 0xC0, 0x07, 0x00, 0x1F, 0xF8, 0x3F, 0xF0, 0x7F, 0xE0,
    0x3C, 0x01, 0xFF, 0x83, 0xFF, 0x07, 0xFE, 0x01, 0xC0, 0x07, 0x80, 0x7F, 0xFE, 0x7F, 0xFE, 0xE7,
    0xF8, 0x00, 0x0E, 0x00, 0x00, 0xC0, 0x00, 0x1C, 0x0D, 0xFD, 0xFC, 0xFF, 0xFF, 0xEF, 0x1F, 0x8F,
    0xE0, 0xF0, 0x7E, 0x0F, 0x07, 0xE0, 0xE0, 0x7E, 0x0E, 0x07, 0xE1, 0xE0, 0x7E, 0x1E, 0x07, 0xE1,
    0xE0, 0x7E, 0x3E, 0x07, 0xE3, 0xE0, 0x7E, 0x7E, 0x07, 0xE6, 0xE0, 0x70, 0xE0, 0x00, 0x0C, 0x00,
    0x01, 0xC0, 0x00, 0x38, 0x03, 0x87, 0x80, 0x70, 0xF8, 0x0E, 0x1F, 0x01, 0xC3, 0xF0, 0x38, 0x7F,
    0x07, 0x0F, 0xF0, 0xE7, 0xFF, 0xFF, 0xFF, 0xFF, 0xFF, 0xFF, 0xFC, 0xE3, 0xEE, 0x1C, 0x3D, 0xC3,
    0x83, 0xF8, 0x70, 0x3F, 0x0E, 0x07, 0xE1, 0xC0, 0x7C, 0x38, 0x07, 0x87, 0x00, 0x70, 0x3F, 0xF0,
    0x3F, 0xF8, 0x3F, 0xFC, 0x38, 0x3C, 0xFF, 0xFF, 0xFF, 0xFF, 0xFF, 0xFF, 0x38, 0x3C, 0x3F, 0xFC,
    0x3F, 0xF8, 0x3F, 0xF0, 0x38, 0x00, 0x38, 0x00, 0x38, 0x00, 0x38, 0x00, 0x38, 0x00, 0x38, 0x00,
    0x38, 0x00, 0xFE, 0x00, 0x3F, 0xC0, 0x0E, 0x78, 0x03, 0x8E, 0x00, 0xE3, 0x9F, 0xF8, 0xEF, 0xFE,
    0x3B, 0x8F, 0x9E, 0xE0, 0xFF, 0x38, 0x3F, 0x8F, 0x8E, 0xE1, 0xF3, 0x9C, 0x3E, 0xE7, 0x03, 0xF9,
    0xC0, 0x7E, 0x38, 0x1F, 0x8E, 0xC7, 0xE3, 0xFF, 0xF8, 0x7F, 0xE0, 0xF0, 0x00, 0x07, 0xB8, 0x00,
    0x03, 0x9E, 0x00, 0x03, 0xCF, 0x03, 0x81, 0xE7, 0x83, 0xE0, 0xF1, 0xC1, 0xF0, 0x70, 0xF0, 0xF8,
    0x78, 0xFF, 0xFF, 0xFE, 0x7F, 0xFF, 0xFF, 0x3F, 0x7B, 0xDF, 0x87, 0xB8, 0xEF, 0x01, 0xDC, 0x77,
    0x00, 0xFE, 0x3F, 0x80, 0x7E, 0x0F, 0xC0, 0x1F, 0x07, 0xC0, 0x0F, 0x01, 0xE0, 0x07, 0x80, 0xF0,
    0x01, 0xC0, 0x70, 0x00, 0xFF, 0xC7, 0xFF, 0xE7, 0xE0, 0xE7, 0xE0, 0x67, 0xE6, 0x67, 0xE6, 0x67,
    0xE6, 0x67, 0xE6, 0x67, 0xE6, 0x67, 0xE6, 0x67, 0xE6, 0x67, 0xE6, 0x07, 0xE6, 0x0F, 0xE7, 0xFE,
    0xE7, 0xFC, 0x03, 0x80, 0x70, 0x3F, 0x87, 0xF0, 0x38, 0x7F, 0x1F, 0xE7, 0xFC, 0xE3, 0x9C, 0x73,
    0x8E, 0x7B, 0xCF, 0xF8, 0xFF, 0x0E, 0x67, 0xFE, 0xFF, 0xDF, 0xF8, 0x01, 0xFC, 0x0F, 0xF8, 0x3F,
    0xF0, 0xF8, 0x01, 0xE0, 0x1F, 0xF8, 0x3F, 0xF0, 0x7F, 0xE0, 0x38, 0x01, 0xFF, 0x83, 0xFF, 0x07,
    0xFE, 0x03, 0xC0, 0x03, 0x80, 0x07, 0xC0, 0x07, 0xFE, 0x07, 0xFE, 0x03, 0xF8, 0x1C, 0x07, 0x87,
    0x03, 0xC1, 0xC1, 0xE0, 0x70, 0xF0, 0x1C, 0x78, 0x07, 0x3C, 0x01, 0xDE, 0x03, 0xFF, 0xF8, 0xFF,
    0xFE, 0x3F, 0xFF, 0x81, 0xE7, 0x80, 0x71, 0xE0, 0x1C, 0x3C, 0x07, 0x07, 0x81, 0xC1, 0xE0, 0x70,
    0x3C, 0x1C, 0x07, 0x87, 0x01, 0xE0, 0xFF, 0xFF, 0xFF, 0xC1, 0xC0, 0x0E, 0x00, 0x76, 0x03, 0xF8,
    0x1F, 0x80, 0xF0, 0x1F, 0x21, 0xFB, 0x8F, 0xF8, 0x0F, 0x80, 0xF8, 0x0F, 0x80, 0xFC, 0x06, 0xE0,
    0x07, 0x00, 0x38, 0x00, 0x7F, 0xC0, 0x00, 0x7F, 0xF0, 0x00, 0x70, 0xF8, 0x00, 0x0E, 0x3C, 0x00,
    0x0E, 0x1C, 0x00, 0x0E, 0x1C, 0x00, 0x0C, 0x0E, 0x00, 0x1C, 0x0E, 0x00, 0x1C, 0x0E, 0x00, 0x1C,
    0x1E, 0x7E, 0x1C, 0x1C, 0xFF, 0x38, 0x1D, 0xE7, 0x38, 0x3D, 0xC7, 0x38, 0x39, 0xC7, 0x38, 0xF9,
    0x87, 0x33, 0xF3, 0xCF, 0x7F, 0xE3, 0xFE, 0x7F, 0x83, 0xFC, 0x00, 0x03, 0x80, 0x00, 0x07, 0x00,
    0x00, 0x07, 0x00, 0x00, 0x07, 0x00, 0x00, 0x07, 0x00, 0x00, 0x07, 0x00, 0x01, 0xF0, 0x1F, 0xC0,
    0xEE, 0x07, 0x70, 0x3B, 0x81, 0xDC, 0x0E, 0xE0, 0x77, 0x01, 0xF0, 0x0F, 0x80, 0x78, 0x01, 0xC1,
    0x9E, 0x1C, 0xF0, 0xFF, 0xCF, 0xEE, 0x7E, 0x3F, 0x31, 0xC0, 0x0E, 0x00, 0x70, 0x03, 0x80, 0x1C,
    0x07, 0xE0, 0x3E, 0x3F, 0xF0, 0x3F, 0xF8, 0xFF, 0xFF, 0xFF, 0xFF, 0xFF, 0xFF, 0xF8, 0x1F, 0xFF,
    0xFF, 0xFF, 0xFF, 0x3F, 0xFC, 0x3F, 0xF8, 0x3F, 0xF0, 0x38, 0x00, 0x38, 0x00, 0x38, 0x00, 0x38,
    0x00, 0x38, 0x00, 0x38, 0x00, 0x38, 0x00, 0x03, 0x80, 0x01, 0xC0, 0x00, 0xE0, 0x00, 0xFF, 0x01,
    0xFF, 0xE1, 0xFF, 0xF9, 0xFE, 0x38, 0xF7, 0x08, 0xF3, 0x80, 0x71, 0xC0, 0x38, 0xE0, 0x1C, 0x7F,
    0xFE, 0x3F, 0xFF, 0x1F, 0xFF, 0xCE, 0x0F, 0xE7, 0x0F, 0x7B, 0x87, 0x3F, 0xC7, 0x8F, 0xFF, 0x83,
    0xFF, 0x80, 0x7F, 0x80, 0x1C, 0x00, 0x0E, 0x00, 0x07, 0x00, 0x03, 0x80, 0x00, 0x01, 0xC0, 0x01,
    0xF0, 0x00, 0xF8, 0x00, 0x7C, 0x00, 0x77, 0x00, 0x3B, 0x81, 0xFF, 0xFC, 0xFF, 0xFE, 0x0E, 0x38,
    0x0E, 0x0E, 0x1F, 0xFF, 0xCF, 0xFF, 0xE3, 0x81, 0xE1, 0xC0, 0x70, 0xE0, 0x38, 0xE0, 0x0E, 0x70,
    0x07, 0x38, 0x03, 0x80, 0x3F, 0xE1, 0xFF, 0x8C, 0x1C, 0x00, 0x70, 0x03, 0xFF, 0xFF, 0xFF, 0xE0,
    0x7C, 0x0F, 0xC1, 0xF8, 0x3F, 0xFF, 0xFF, 0xF7, 0x00, 0x38, 0x01, 0xC0, 0x0F, 0x07, 0x3F, 0xF8,
    0xFF, 0x80, 0x01, 0xC0, 0x03, 0x80, 0x07, 0x00, 0x3F, 0xC1, 0xFF, 0xC7, 0xFF, 0xDF, 0x77, 0xBC,
    0xE6, 0xF1, 0xC1, 0xC3, 0x83, 0x87, 0x07, 0x0E, 0x0E, 0x1C, 0x1C, 0x38, 0x38, 0x70, 0x78, 0xE0,
    0x79, 0xC4, 0xFB, 0xB8, 0xFF, 0xF8, 0xFF, 0xE0, 0x7F, 0x80, 0x38, 0x00, 0x70, 0x00, 0x38, 0x60,
    0x71, 0xC0, 0xE3, 0x87, 0xFF, 0xEF, 0xFF, 0xC7, 0x1C, 0x0E, 0x38, 0x1C, 0x70, 0x38, 0xE0, 0x71,
    0xC0, 0xE3, 0x81, 0xC7, 0x03, 0x8E, 0x07, 0x1C, 0x0E, 0x38, 0x1C, 0x7F, 0x38, 0x7E, 0x00, 0xFF,
    0x01, 0xFF, 0x80, 0xF1, 0xC0, 0xF0, 0x00, 0x70, 0x00, 0x3C, 0x00, 0x0E, 0x00, 0x07, 0xC0, 0x01,
    0xFC, 0x00, 0x3F, 0x00, 0x03, 0xC0, 0x00, 0xEF, 0xFF, 0x3D, 0xDD, 0x9F, 0xEC, 0xDD, 0xF6, 0x7E,
    0x7F, 0xFE, 0x1F, 0xFE, 0x0C, 0xCC, 0x06, 0x66, 0x00, 0xFF, 0xFF, 0xFF, 0xC0, 0x00, 0x00, 0x0F,
    0xFF, 0xFF, 0xFC, 0x1C, 0x00, 0xE0, 0x07, 0x00, 0x38, 0x01, 0xC0, 0x0E, 0x00, 0x70, 0x03, 0x80,
    0x1C, 0x00, 0xE0, 0x07, 0x00, 0x38, 0x00, 0xFF, 0xFF, 0xFF, 0xFF, 0xF0, 0xFC, 0x03, 0xC0, 0x7F,
    0x07, 0xF0, 0x7F, 0x3F, 0xC3, 0xF8, 0x3F, 0x01, 0xE0, 0x1E, 0x00, 0xF0, 0x07, 0x80, 0x7C, 0x03,
    0xC0, 0x1E, 0x00, 0x00, 0x0E, 0x00, 0x1C, 0x00, 0x39, 0x00, 0x7E, 0x00, 0xFE, 0x01, 0xF0, 0x0F,
    0x80, 0x3F, 0x70, 0x7F, 0xE0, 0x1F, 0x80, 0xFC, 0x03, 0xF0, 0x07, 0xE1, 0xC1, 0xC3, 0x83, 0x9F,
    0x07, 0xFC, 0x0F, 0xF0, 0x1F, 0x80, 0x7C, 0x00, 0x1F, 0xC0, 0x03, 0xB8, 0x00, 0x77, 0x00, 0x0F,
    0xFF, 0xF8, 0xFF, 0xFF, 0x83, 0x80, 0x78, 0x70, 0x07, 0x0E, 0x44, 0x61, 0xDD, 0xCC, 0x3F, 0xFF,
    0x83, 0xDD, 0xF0, 0x73, 0x1C, 0x1E, 0x00, 0x07, 0xE0, 0x00, 0x5E, 0x10, 0x01, 0xFE, 0x00, 0x1F,
    0xC0, 0x03, 0x80, 0x0E, 0x00, 0x38, 0x07, 0xF8, 0x3F, 0xF1, 0xFF, 0xEF, 0xBF, 0xFC, 0xEF, 0xE3,
    0x9F, 0x8E, 0x7E, 0x39, 0xF8, 0xE7, 0xE3, 0x9F, 0x8E, 0x7E, 0x39, 0xF8, 0x07, 0xE0, 0x1F, 0x80,
    0x7E, 0x01, 0xF8, 0x07, 0xE0, 0x1C, 0x1F, 0xF8, 0x3F, 0xF8, 0x7F, 0xF8, 0xE0, 0xF1, 0xC0, 0xE3,
    0x81, 0xC7, 0x03, 0x8E, 0x0F, 0xFF, 0xFF, 0xFF, 0xFB, 0xFF, 0xE0, 0xE0, 0x0F, 0xF0, 0x1F, 0xE0,
    0x3F, 0xC0, 0x0E, 0x00, 0x1C, 0x00, 0x38, 0x00, 0x06, 0x60, 0x06, 0x60, 0x0F, 0xF0, 0x3F, 0xF8,
    0x3E, 0x7C, 0x76, 0x6E, 0xF6, 0x6F, 0xE6, 0x67, 0xE6, 0x67, 0xE6, 0x67, 0xE6, 0x67, 0xE6, 0x63,
    0xE0, 0x00, 0xE0, 0x00, 0xE0, 0x00, 0x70, 0x00, 0x78, 0x00, 0x3E, 0x00, 0x7F, 0xFE, 0x7F, 0xFE,
    0x36, 0x06, 0xC0, 0xD8, 0x7F, 0xCF, 0xFD, 0xC7, 0xB8, 0x7F, 0x07, 0xE1, 0xDC, 0x7B, 0xFE, 0x7F,
    0xCE, 0x3D, 0xC1, 0xF8, 0x3F, 0x07, 0xE0, 0xFC, 0x1F, 0x87, 0xFF, 0xEF, 0xF8, 0x6C, 0x0D, 0x81,
    0xB0, 0x1F, 0xC7, 0xF9, 0xE3, 0x78, 0x0E, 0x01, 0xC0, 0x38, 0x07, 0x00, 0xE0, 0x1C, 0x03, 0xC0,
    0x3C, 0x67, 0xFC, 0x3F, 0x80, 0x00, 0x00, 0xFF, 0xDF, 0xF8, 0x00, 0x00, 0x70, 0x03, 0xE0, 0x0F,
    0x80, 0x1E, 0x01, 0x70, 0x7F, 0xC7, 0xFE, 0x7C, 0xFF, 0x83, 0xF8, 0x0F, 0xC0, 0x7E, 0x03, 0xF0,
    0x1F, 0x80, 0xFE, 0x0F, 0x7D, 0xF1, 0xFF, 0x07, 0xF0, 0x04, 0x00, 0x03, 0xC0, 0x0F, 0xFE, 0x1F,
    0xFE, 0x3E, 0x7C, 0x78, 0x7C, 0x70, 0xFE, 0x71, 0xEE, 0x73, 0xCE, 0x77, 0x8E, 0x7F, 0x1E, 0x7E,
    0x3C, 0x3E, 0xFC, 0x7F, 0xF8, 0x7F, 0xF0, 0x03, 0x80, 0x00, 0x80, 0x00, 0x30, 0x00, 0x1C, 0x00,
    0x07, 0x80, 0x03, 0xE0, 0x00, 0xFC, 0x00, 0x7F, 0x00, 0x1C, 0xE0, 0x0F, 0x38, 0x03, 0x87, 0x00,
    0xE1, 0xC0, 0x70, 0x38, 0x1C, 0x0E, 0x0E, 0x03, 0xC3, 0x80, 0x71, 0xC0, 0x1E, 0x7F, 0xFF, 0xBF,
    0xFF, 0xF0, 0xFF, 0xFF, 0xBF, 0xFF, 0xEF, 0xFF, 0xF8, 0x70, 0x38, 0x1C, 0x0E, 0x07, 0x03, 0x81,
    0xC0, 0xE0, 0x70, 0x38, 0x1C, 0x0E, 0x07, 0x03, 0x81, 0xC0, 0xE0, 0x70, 0x38, 0x1C, 0x0E, 0x07,
    0x03, 0x81, 0xC0, 0xE0, 0x70, 0x38, 0x1C, 0x0E, 0x07, 0x03, 0x81, 0xC0, 0xE0, 0x70, 0x38, 0x1C,
    0x0E, 0x07, 0x03, 0x81, 0xC0, 0xE0, 0x00, 0x00, 0x7F, 0xEF, 0xFF, 0xC0, 0x3C, 0x03, 0x80, 0x38,
    0x07, 0x80, 0x78, 0x07, 0x01, 0xE0, 0x78, 0x0E, 0x03, 0x80, 0xF0, 0x3C, 0x03, 0xFF, 0x7F, 0xE0,
    0xFF, 0xFF, 0xFF, 0xFF, 0xF0, 0x00, 0x18, 0x00, 0xE0, 0x03, 0x00, 0x1C, 0x00, 0x60, 0x03, 0x80,
    0x0C, 0x00, 0x70, 0x01, 0x80, 0x0E, 0x00, 0x38, 0x01, 0xC0, 0x07, 0x00, 0x38, 0x00, 0xE0, 0x07,
    0x00, 0x1C, 0x00, 0xE0, 0x03, 0x80, 0x1C, 0x00, 0x70, 0x03, 0x80, 0x00, 0x7F, 0xF7, 0x00, 0x0F,
    0x80, 0x0F, 0xC0, 0x07, 0xE0, 0x07, 0x80, 0x03, 0xC0, 0x01, 0xC0, 0x01, 0xE0, 0x00, 0xE0, 0x00,
    0x70, 0x00, 0x78, 0x3C, 0x38, 0x1E, 0x1C, 0x07, 0x1E, 0x03, 0xCE, 0x00, 0xE7, 0x00, 0x77, 0x80,
    0x3F, 0x80, 0x0F, 0xC0, 0x07, 0xC0, 0x01, 0xE0, 0x00, 0xF0, 0x00, 0x30, 0x00, 0x3E, 0x0F, 0xC7,
    0xF1, 0xFC, 0xF7, 0xBD, 0xEE, 0x1F, 0x0E, 0xC1, 0xF0, 0x6C, 0x1F, 0x06, 0xE3, 0xF8, 0xEF, 0x7B,
    0xDE, 0x7F, 0x1F, 0xC3, 0xE0, 0xFC, 0x00, 0x78, 0x01, 0xF8, 0x07, 0xF0, 0x0F, 0x60, 0x1C, 0x00,
    0x78, 0x00, 0xE0, 0x01, 0xC0, 0x03, 0x80, 0x07, 0x00, 0x1E, 0x00, 0x3C, 0x00, 0x70, 0x00, 0xE0,
    0x01, 0xC0, 0x03, 0x80, 0x0F, 0x00, 0x1E, 0x00, 0x38, 0x07, 0xF0, 0x0F, 0xC0, 0x1F, 0x00, 0x00,
    0x7C, 0x3F, 0xF7, 0xEF, 0xFC, 0x3E, 0x00, 0x07, 0xC3, 0xFF, 0xFE, 0xFF, 0xC3, 0xE0, 0x00, 0x00,
    0x0E, 0x01, 0xC7, 0xFF, 0xFF, 0xFF, 0xFF, 0x07, 0x00, 0xE0, 0xFF, 0xFF, 0xFF, 0x7F, 0xF3, 0x80,
    0x70, 0x00, 0x00, 0x70, 0x07, 0xC0, 0xFF, 0x1F, 0xE0, 0xFC, 0x03, 0xF8, 0x03, 0xFC, 0x01, 0xFC,
    0x01, 0xF0, 0x00, 0xC7, 0xFF, 0xBF, 0xFE, 0xFF, 0xF8, 0x30, 0x01, 0xF8, 0x03, 0xFC, 0x01, 0xFE,
    0x01, 0xF8, 0x0F, 0xE0, 0xFF, 0x0F, 0xE0, 0x3C, 0x00, 0xC0, 0x07, 0xFF, 0xBF, 0xFE, 0xFF, 0xF8,
    0x1F, 0xCF, 0xE7, 0xFB, 0xF8, 0xF0, 0x70, 0x1C, 0x0E, 0x03, 0x81, 0xC1, 0xFE, 0xFF, 0x3F, 0xDF,
    0xE1, 0xC0, 0xE0, 0x38, 0x1C, 0x07, 0x03, 0x80, 0xE0, 0x70, 0x1C, 0x0E, 0x03, 0x81, 0xC0, 0x70,
    0x38, 0x0E, 0x07, 0x01, 0xC0, 0xE0, 0x38, 0x1C, 0x07, 0x03, 0x80, 0xE0, 0x70, 0x00, 0x0F, 0x1C,
    0x7E, 0x73, 0xF9, 0xCF, 0x40, 0x38, 0x00, 0xE0, 0x0F, 0xF1, 0xFF, 0xC7, 0xFF, 0x1C, 0xE0, 0x73,
    0x81, 0xCE, 0x07, 0x38, 0x1C, 0xE0, 0x73, 0x81, 0xCE, 0x07, 0x38, 0x1C, 0xE0, 0x73, 0x81, 0xCE,
    0x07, 0x1F, 0x39, 0xFD, 0xCF, 0xCE, 0x70, 0x73, 0x83, 0xFF, 0x9F, 0xFC, 0xFF, 0xE7, 0x38, 0x39,
    0xC1, 0xCE, 0x0E, 0x70, 0x73, 0x83, 0x9C, 0x1C, 0xE0, 0xE7, 0x07, 0x38, 0x39, 0xC1, 0xCE, 0x0E,
    0x1F, 0xCF, 0xD8, 0xFF, 0x7F, 0x73, 0xC1, 0xC1, 0x8E, 0x07, 0x00, 0x38, 0x1C, 0x03, 0xFD, 0xFE,
    0x7F, 0xF7, 0xF9, 0xCE, 0x07, 0x07, 0x38, 0x1C, 0x1C, 0xE0, 0x70, 0x73, 0x81, 0xC1, 0xCE, 0x07,
    0x07, 0x38, 0x1C, 0x1C, 0xE0, 0x70, 0x73, 0x81, 0xC1, 0xCE, 0x07, 0x07, 0x38, 0x1C, 0x1C, 0xE0,
    0x70, 0x73, 0x81, 0xC1, 0xC0, 0x1F, 0xCF, 0xDC, 0xFF, 0x7F, 0x73, 0xC1, 0xC1, 0xCE, 0x07, 0x07,
    0x38, 0x1C, 0x1F, 0xFD, 0xFE, 0x7F, 0xF7, 0xF9, 0xCE, 0x07, 0x07, 0x38, 0x1C, 0x1C, 0xE0, 0x70,
    0x73, 0x81, 0xC1, 0xCE, 0x07, 0x07, 0x38, 0x1C, 0x1C, 0xE0, 0x70, 0x73, 0x81, 0xC1, 0xCE, 0x07,
    0x07, 0x38, 0x1C, 0x1C, 0xE0, 0x70, 0x73, 0x81, 0xC1, 0xC0, 0x3F, 0x81, 0xFF, 0x0F, 0x1E, 0x38,
    0x38, 0xE0, 0xE3, 0x8F, 0xFE, 0x3F, 0xF8, 0x38, 0xE0, 0xE3, 0x83, 0x8E, 0x0E, 0x38, 0x38, 0xE0,
    0xE3, 0x83, 0x8E, 0x0E, 0x38, 0x38, 0xE0, 0xE3, 0x83, 0xFE, 0x07, 0xC0, 0x01, 0xFC, 0x00, 0x7F,
    0xC0, 0x0E, 0x3C, 0x03, 0x83, 0x80, 0x38, 0x70, 0xFF, 0x3F, 0xFF, 0xE7, 0xFF, 0x08, 0x38, 0xE0,
    0x07, 0x1C, 0x00, 0xE3, 0xE0, 0x1C, 0x3F, 0x03, 0x81, 0xF8, 0x70, 0x0F, 0x0E, 0x00, 0xF1, 0xC0,
    0x0E, 0x38, 0xC3, 0x87, 0x1F, 0xF0, 0xFF, 0xFC, 0x0F, 0x80, 0x00, 0x10, 0x00, 0x00, 0x70, 0x00,
    0x01, 0xF0, 0x00, 0x07, 0xF0, 0x00, 0x1F, 0xF0, 0x00, 0x7F, 0xF0, 0x01, 0xC0, 0xF0, 0x07, 0x88,
    0xF0, 0x1F, 0xF9, 0xF0, 0x7F, 0xF3, 0xF1, 0xFF, 0xE7, 0xF7, 0xFF, 0x9F, 0xFF, 0xFE, 0x7F, 0xEF,
    0xF9, 0xFF, 0x8F, 0xF3, 0xFE, 0x0F, 0xFF, 0xF8, 0x0F, 0xFF, 0xE0, 0x0F, 0x9F, 0x80, 0x0F, 0x3E,
    0x00, 0x0E, 0x78, 0x00, 0x0F, 0xE0, 0x00, 0x0F, 0x80, 0x00, 0x0E, 0x00, 0x00, 0x08, 0x00,
};

static const EpdGlyph lexenddeca_12_regularGlyphs[] = {
    { 0, 0, 0, 0, 0, 0, 0 }, // U+0000
    { 0, 0, 111, 0, 0, 0, 0 }, // U+000D
    { 0, 0, 112, 0, 0, 0, 0 }, // U+0020
    { 3, 18, 94, 1, 18, 7, 0 }, // !
    { 10, 7, 165, 0, 18, 9, 7 }, // "
    { 15, 18, 271, 1, 18, 34, 16 }, // #
    { 13, 23, 250, 1, 21, 38, 50 }, // $
    { 19, 18, 336, 1, 18, 43, 88 }, // %
    { 17, 18, 296, 1, 18, 39, 131 }, // &
    { 5, 7, 82, 0, 18, 5, 170 }, // '
    { 8, 24, 146, 1, 19, 24, 175 }, // (
    { 9, 24, 146, 0, 19, 27, 199 }, // )
    { 10, 8, 155, 0, 18, 10, 226 }, // *
    { 13, 13, 236, 1, 14, 22, 236 }, // +
    { 5, 8, 107, 1, 3, 5, 258 }, // ,
    { 7, 3, 158, 1, 9, 3, 263 }, // -
    { 3, 4, 91, 1, 4, 2, 266 }, // .
    { 14, 22, 223, 0, 18, 39, 268 }, // /
    { 13, 18, 243, 1, 18, 30, 307 }, // 0
    { 10, 18, 200, 2, 18, 23, 337 }, // 1
    { 13, 18, 219, 1, 18, 30, 360 }, // 2
    { 13, 18, 212, 0, 18, 30, 390 }, // 3
    { 15, 18, 248, 0, 18, 34, 420 }, // 4
    { 13, 18, 227, 0, 18, 30, 454 }, // 5
    { 12, 18, 223, 1, 18, 27, 484 }, // 6
    { 12, 18, 217, 2, 18, 27, 511 }, // 7
    { 12, 18, 232, 1, 18, 27, 538 }, // 8
    { 12, 18, 220, 1, 18, 27, 565 }, // 9
    { 3, 14, 91, 1, 14, 6, 592 }, // :
    { 5, 19, 105, 1, 14, 12, 598 }, // ;
    { 11, 14, 210, 1, 14, 20, 610 }, // <
    { 12, 8, 226, 1, 12, 12, 630 }, // =
    { 11, 14, 210, 2, 14, 20, 642 }, // >
    { 12, 18, 204, 0, 18, 27, 662 }, // ?
    { 23, 22, 386, 1, 18, 64, 689 }, // @
    { 17, 18, 280, 0, 18, 39, 753 }, // A
    { 13, 18, 272, 2, 18, 30, 792 }, // B
    { 15, 18, 272, 1, 18, 34, 822 }, // C
    { 15, 18, 299, 2, 18, 34, 856 }, // D
    { 11, 18, 246, 2, 18, 25, 890 }, // E
    { 12, 18, 241, 2, 18, 27, 915 }, // F
    { 17, 18, 306, 1, 18, 39, 942 }, // G
    { 14, 18, 304, 2, 18, 32, 981 }, // H
    { 8, 18, 191, 2, 18, 18, 1013 }, // I
    { 14, 18, 257, 1, 18, 32, 1031 }, // J
    { 15, 18, 293, 2, 18, 34, 1063 }, // K
    { 11, 18, 240, 2, 18, 25, 1097 }, // L
    { 17, 18, 346, 2, 18, 39, 1122 }, // M
    { 15, 18, 317, 2, 18, 34, 1161 }, // N
    { 17, 18, 313, 1, 18, 39, 1195 }, // O
    { 12, 18, 254, 2, 18, 27, 1234 }, // P
    { 17, 21, 313, 1, 18, 45, 1261 }, // Q
    { 14, 18, 278, 2, 18, 32, 1306 }, // R
    { 13, 18, 250, 1, 18, 30, 1338 }, // S
    { 13, 18, 230, 1, 18, 30, 1368 }, // T
    { 14, 18, 296, 2, 18, 32, 1398 }, // U
    { 18, 18, 286, 0, 18, 41, 1430 }, // V
    { 25, 18, 398, 0, 18, 57, 1471 }, // W
    { 17, 18, 274, 0, 18, 39, 1528 }, // X
    { 16, 18, 264, 0, 18, 36, 1567 }, // Y
    { 14, 18, 264, 1, 18, 32, 1603 }, // Z
    { 7, 23, 161, 2, 18, 21, 1635 }, // [
    { 13, 21, 223, 1, 18, 35, 1656 }, // <backslash>
    { 7, 23, 161, 2, 18, 21, 1691 }, // ]
    { 14, 10, 232, 0, 20, 18, 1712 }, // ^
    { 15, 3, 276, 1, -1, 6, 1730 }, // _
    { 6, 6, 200, 3, 21, 5, 1736 }, // `
    { 13, 14, 253, 1, 14, 23, 1741 }, // a
    { 13, 19, 252, 2, 19, 31, 1764 }, // b
    { 12, 14, 214, 1, 14, 21, 1795 }, // c
    { 13, 20, 254, 1, 20, 33, 1816 }, // d
    { 13, 14, 234, 1, 14, 23, 1849 }, // e
    { 9, 20, 157, 1, 20, 23, 1872 }, // f
    { 14, 20, 260, 1, 14, 35, 1895 }, // g
    { 12, 19, 238, 2, 19, 29, 1930 }, // h
    { 3, 20, 111, 2, 20, 8, 1959 }, // i
    { 6, 25, 106, -1, 20, 19, 1967 }, // j
    { 13, 19, 227, 2, 19, 31, 1986 }, // k
    { 3, 19, 100, 2, 19, 8, 2017 }, // l
    { 20, 14, 368, 2, 14, 35, 2025 }, // m
    { 12, 14, 238, 2, 14, 21, 2060 }, // n
    { 14, 14, 246, 1, 14, 25, 2081 }, // o
    { 13, 19, 252, 2, 14, 31, 2106 }, // p
    { 13, 19, 252, 1, 14, 31, 2137 }, // q
    { 9, 14, 161, 2, 14, 16, 2168 }, // r
    { 11, 14, 192, 0, 14, 20, 2184 }, // s
    { 9, 17, 154, 0, 17, 20, 2204 }, // t
    { 12, 14, 242, 2, 14, 21, 2224 }, // u
    { 14, 14, 229, 0, 14, 25, 2245 }, // v
    { 20, 14, 320, 0, 14, 35, 2270 }, // w
    { 14, 14, 225, 0, 14, 25, 2305 }, // x
    { 15, 20, 232, 0, 14, 38, 2330 }, // y
    { 10, 14, 194, 1, 14, 18, 2368 }, // z
    { 10, 25, 164, 1, 20, 32, 2386 }, // {
    { 3, 24, 92, 2, 19, 9, 2418 }, // |
    { 9, 25, 164, 0, 20, 29, 2427 }, // }
    { 11, 4, 204, 1, 10, 6, 2456 }, // ~
    { 0, 0, 112, 0, 0, 0, 2462 }, // U+00A0
    { 3, 19, 94, 1, 14, 8, 2462 }, // U+00A1
    { 12, 18, 214, 1, 18, 27, 2470 }, // U+00A2
    { 15, 18, 244, 0, 18, 34, 2497 }, // U+00A3
    { 13, 12, 220, 1, 14, 20, 2531 }, // U+00A4
    { 17, 18, 264, 0, 18, 39, 2551 }, // U+00A5
    { 3, 24, 96, 2, 19, 9, 2590 }, // U+00A6
    { 12, 22, 220, 1, 18, 33, 2599 }, // U+00A7
    { 8, 3, 200, 2, 20, 3, 2632 }, // U+00A8
    { 18, 19, 314, 1, 19, 43, 2635 }, // U+00A9
    { 8, 8, 146, 1, 18, 8, 2678 }, // U+00AA
    { 12, 12, 194, 0, 13, 18, 2686 }, // U+00AB
    { 15, 8, 268, 1, 11, 15, 2704 }, // U+00AC
    { 7, 3, 158, 1, 9, 3, 2719 }, // U+00AD
    { 12, 12, 203, 1, 19, 18, 2722 }, // U+00AE
    { 7, 3, 170, 3, 20, 3, 2740 }, // U+00AF
    { 8, 8, 213, 3, 18, 8, 2743 }, // U+00B0
    { 12, 14, 233, 1, 14, 21, 2751 }, // U+00B1
    { 8, 8, 138, 0, 19, 8, 2772 }, // U+00B2
    { 8, 8, 137, 0, 19, 8, 2780 }, // U+00B3
    { 6, 6, 200, 3, 21, 5, 2788 }, // U+00B4
    { 11, 18, 234, 2, 14, 25, 2793 }, // U+00B5
    { 14, 18, 285, 1, 18, 32, 2818 }, // U+00B6
    { 3, 4, 91, 1, 11, 2, 2850 }, // U+00B7
    { 6, 8, 200, 4, 1, 6, 2852 }, // U+00B8
    { 5, 8, 112, 1, 19, 5, 2858 }, // U+00B9
    { 8, 8, 142, 1, 18, 8, 2863 }, // U+00BA
    { 11, 12, 196, 1, 13, 17, 2871 }, // U+00BB
    { 17, 18, 317, 1, 18, 39, 2888 }, // U+00BC
    { 18, 18, 314, 1, 18, 41, 2927 }, // U+00BD
    { 19, 18, 316, 0, 18, 43, 2968 }, // U+00BE
    { 12, 19, 204, 1, 14, 29, 3011 }, // U+00BF
    { 17, 24, 280, 0, 24, 51, 3040 }, // U+00C0
    { 17, 24, 280, 0, 24, 51, 3091 }, // U+00C1
    { 17, 24, 280, 0, 24, 51, 3142 }, // U+00C2
    { 17, 24, 280, 0, 24, 51, 3193 }, // U+00C3
    { 16, 23, 280, 0, 23, 46, 3244 }, // U+00C4
    { 18, 23, 280, 0, 23, 52, 3290 }, // U+00C5
    { 23, 18, 388, 0, 18, 52, 3342 }, // U+00C6
    { 16, 25, 272, 1, 18, 50, 3394 }, // U+00C7
    { 11, 24, 246, 2, 24, 33, 3444 }, // U+00C8
    { 11, 24, 246, 2, 24, 33, 3477 }, // U+00C9
    { 11, 24, 246, 2, 24, 33, 3510 }, // U+00CA
    { 11, 23, 246, 2, 23, 32, 3543 }, // U+00CB
    { 8, 24, 191, 2, 24, 24, 3575 }, // U+00CC
    { 8, 24, 191, 2, 24, 24, 3599 }, // U+00CD
    { 8, 24, 191, 2, 24, 24, 3623 }, // U+00CE
    { 8, 23, 191, 2, 23, 23, 3647 }, // U+00CF
    { 17, 18, 299, 0, 18, 39, 3670 }, // U+00D0
    { 15, 24, 317, 2, 24, 45, 3709 }, // U+00D1
    { 17, 24, 313, 1, 24, 51, 3754 }, // U+00D2
    { 17, 24, 313, 1, 24, 51, 3805 }, // U+00D3
    { 17, 24, 313, 1, 24, 51, 3856 }, // U+00D4
    { 17, 24, 313, 1, 24, 51, 3907 }, // U+00D5
    { 17, 23, 313, 1, 23, 49, 3958 }, // U+00D6
    { 12, 12, 194, 0, 13, 18, 4007 }, // U+00D7
    { 17, 21, 308, 1, 19, 45, 4025 }, // U+00D8
    { 14, 24, 296, 2, 24, 42, 4070 }, // U+00D9
    { 14, 24, 296, 2, 24, 42, 4112 }, // U+00DA
    { 14, 24, 296, 2, 24, 42, 4154 }, // U+00DB
    { 14, 23, 296, 2, 23, 41, 4196 }, // U+00DC
    { 16, 24, 264, 0, 24, 48, 4237 }, // U+00DD
    { 12, 18, 254, 2, 18, 27, 4285 }, // U+00DE
    { 15, 20, 266, 1, 20, 38, 4312 }, // U+00DF
    { 13, 21, 253, 1, 21, 35, 4350 }, // U+00E0
    { 13, 21, 253, 1, 21, 35, 4385 }, // U+00E1
    { 13, 20, 253, 1, 20, 33, 4420 }, // U+00E2
    { 13, 20, 253, 1, 20, 33, 4453 }, // U+00E3
    { 13, 20, 253, 1, 20, 33, 4486 }, // U+00E4
    { 13, 22, 253, 1, 22, 36, 4519 }, // U+00E5
    { 21, 14, 360, 1, 14, 37, 4555 }, // U+00E6
    { 12, 21, 214, 1, 14, 32, 4592 }, // U+00E7
    { 13, 21, 234, 1, 21, 35, 4624 }, // U+00E8
    { 13, 21, 234, 1, 21, 35, 4659 }, // U+00E9
    { 13, 20, 234, 1, 20, 33, 4694 }, // U+00EA
    { 13, 20, 234, 1, 20, 33, 4727 }, // U+00EB
    { 6, 21, 97, 0, 21, 16, 4760 }, // U+00EC
    { 6, 21, 97, 0, 21, 16, 4776 }, // U+00ED
    { 9, 20, 97, -1, 20, 23, 4792 }, // U+00EE
    { 8, 20, 97, -1, 20, 20, 4815 }, // U+00EF
    { 13, 20, 230, 1, 20, 33, 4835 }, // U+00F0
    { 12, 21, 238, 2, 21, 32, 4868 }, // U+00F1
    { 14, 21, 246, 1, 21, 37, 4900 }, // U+00F2
    { 14, 21, 246, 1, 21, 37, 4937 }, // U+00F3
    { 14, 20, 246, 1, 20, 35, 4974 }, // U+00F4
    { 14, 20, 246, 1, 20, 35, 5009 }, // U+00F5
    { 14, 20, 246, 1, 20, 35, 5044 }, // U+00F6
    { 12, 13, 239, 1, 13, 20, 5079 }, // U+00F7
    { 14, 16, 246, 1, 15, 28, 5099 }, // U+00F8
    { 12, 21, 242, 2, 21, 32, 5127 }, // U+00F9
    { 12, 21, 242, 2, 21, 32, 5159 }, // U+00FA
    { 12, 20, 242, 2, 20, 30, 5191 }, // U+00FB
    { 12, 20, 242, 2, 20, 30, 5221 }, // U+00FC
    { 15, 27, 232, 0, 21, 51, 5251 }, // U+00FD
    { 13, 25, 252, 2, 20, 41, 5302 }, // U+00FE
    { 14, 26, 232, 0, 20, 46, 5343 }, // U+00FF
    { 16, 23, 280, 1, 23, 46, 5389 }, // U+0100
    { 13, 18, 253, 1, 18, 30, 5435 }, // U+0101
    { 17, 24, 280, 0, 24, 51, 5465 }, // U+0102
    { 13, 21, 253, 1, 21, 35, 5516 }, // U+0103
    { 18, 23, 280, 0, 18, 52, 5551 }, // U+0104
    { 14, 19, 253, 1, 14, 34, 5603 }, // U+0105
    { 15, 24, 272, 1, 24, 45, 5637 }, // U+0106
    { 12, 21, 214, 1, 21, 32, 5682 }, // U+0107
    { 15, 24, 272, 1, 24, 45, 5714 }, // U+0108
    { 12, 20, 214, 1, 20, 30, 5759 }, // U+0109
    { 15, 23, 272, 1, 23, 44, 5789 }, // U+010A
    { 12, 20, 214, 1, 20, 30, 5833 }, // U+010B
    { 15, 24, 272, 1, 24, 45, 5863 }, // U+010C
    { 12, 20, 214, 1, 20, 30, 5908 }, // U+010D
    { 15, 24, 299, 2, 24, 45, 5938 }, // U+010E
    { 18, 20, 261, 1, 20, 45, 5983 }, // U+010F
    { 17, 18, 299, 0, 18, 39, 6028 }, // U+0110
    { 15, 20, 254, 1, 20, 38, 6067 }, // U+0111
    { 11, 23, 246, 2, 23, 32, 6105 }, // U+0112
    { 13, 18, 234, 1, 18, 30, 6137 }, // U+0113
    { 11, 24, 246, 2, 24, 33, 6167 }, // U+0114
    { 13, 21, 234, 1, 21, 35, 6200 }, // U+0115
    { 11, 23, 246, 2, 23, 32, 6235 }, // U+0116
    { 13, 20, 234, 1, 20, 33, 6267 }, // U+0117
    { 11, 23, 246, 2, 18, 32, 6300 }, // U+0118
    { 13, 19, 234, 1, 14, 31, 6332 }, // U+0119
    { 11, 24, 246, 2, 24, 33, 6363 }, // U+011A
    { 13, 20, 234, 1, 20, 33, 6396 }, // U+011B
    { 17, 24, 306, 1, 24, 51, 6429 }, // U+011C
    { 14, 26, 260, 1, 20, 46, 6480 }, // U+011D
    { 17, 24, 306, 1, 24, 51, 6526 }, // U+011E
    { 14, 27, 260, 1, 21, 48, 6577 }, // U+011F
    { 17, 23, 306, 1, 23, 49, 6625 }, // U+0120
    { 15, 26, 260, 1, 20, 49, 6674 }, // U+0121
    { 17, 25, 306, 1, 18, 54, 6723 }, // U+0122
    { 14, 28, 260, 1, 22, 49, 6777 }, // U+0123
    { 14, 24, 304, 2, 24, 42, 6826 }, // U+0124
    { 12, 25, 238, 2, 25, 38, 6868 }, // U+0125
    { 19, 18, 343, 1, 18, 43, 6906 }, // U+0126
    { 14, 20, 238, 0, 20, 35, 6949 }, // U+0127
    { 8, 24, 191, 2, 24, 24, 6984 }, // U+0128
    { 9, 21, 97, -1, 21, 24, 7008 }, // U+0129
    { 8, 23, 191, 2, 23, 23, 7032 }, // U+012A
    { 7, 18, 97, 0, 18, 16, 7055 }, // U+012B
    { 8, 24, 191, 2, 24, 24, 7071 }, // U+012C
    { 9, 20, 97, -1, 20, 23, 7095 }, // U+012D
    { 8, 23, 191, 2, 18, 23, 7118 }, // U+012E
    { 6, 25, 97, -1, 20, 19, 7141 }, // U+012F
    { 8, 23, 191, 2, 23, 23, 7160 }, // U+0130
    { 3, 14, 97, 2, 14, 6, 7183 }, // U+0131
    { 25, 18, 448, 2, 18, 57, 7189 }, // U+0132
    { 10, 25, 217, 2, 20, 32, 7246 }, // U+0133
    { 14, 24, 257, 1, 24, 42, 7278 }, // U+0134
    { 9, 25, 105, -1, 20, 29, 7320 }, // U+0135
    { 16, 25, 293, 2, 18, 50, 7349 }, // U+0136
    { 13, 26, 227, 2, 19, 43, 7399 }, // U+0137
    { 12, 14, 222, 2, 14, 21, 7442 }, // U+0138
    { 13, 24, 240, 0, 24, 39, 7463 }, // U+0139
    { 7, 25, 100, 0, 25, 22, 7502 }, // U+013A
    { 11, 25, 240, 2, 18, 35, 7524 }, // U+013B
    { 5, 26, 100, 0, 19, 17, 7559 }, // U+013C
    { 11, 18, 240, 2, 18, 25, 7576 }, // U+013D
    { 8, 19, 108, 2, 19, 19, 7601 }, // U+013E
    { 11, 18, 240, 2, 18, 25, 7620 }, // U+013F
    { 7, 19, 140, 2, 19, 17, 7645 }, // U+0140
    { 14, 18, 255, 0, 18, 32, 7662 }, // U+0141
    { 7, 19, 101, 0, 19, 17, 7694 }, // U+0142
    { 15, 24, 317, 2, 24, 45, 7711 }, // U+0143
    { 12, 21, 238, 2, 21, 32, 7756 }, // U+0144
    { 15, 25, 317, 2, 18, 47, 7788 }, // U+0145
    { 12, 21, 238, 2, 14, 32, 7835 }, // U+0146
    { 15, 24, 317, 2, 24, 45, 7867 }, // U+0147
    { 12, 20, 238, 2, 20, 30, 7912 }, // U+0148
    { 17, 18, 254, -2, 18, 39, 7942 }, // U+0149
    { 15, 23, 317, 2, 18, 44, 7981 }, // U+014A
    { 12, 19, 238, 2, 14, 29, 8025 }, // U+014B
    { 17, 23, 313, 1, 23, 49, 8054 }, // U+014C
    { 14, 18, 246, 1, 18, 32, 8103 }, // U+014D
    { 17, 24, 313, 1, 24, 51, 8135 }, // U+014E
    { 14, 21, 246, 1, 21, 37, 8186 }, // U+014F
    { 17, 24, 313, 1, 24, 51, 8223 }, // U+0150
    { 14, 21, 246, 1, 21, 37, 8274 }, // U+0151
    { 23, 18, 411, 1, 18, 52, 8311 }, // U+0152
    { 24, 14, 407, 1, 14, 42, 8363 }, // U+0153
    { 14, 24, 278, 2, 24, 42, 8405 }, // U+0154
    { 9, 21, 161, 2, 21, 24, 8447 }, // U+0155
    { 14, 25, 278, 2, 18, 44, 8471 }, // U+0156
    { 10, 21, 161, 0, 14, 27, 8515 }, // U+0157
    { 14, 24, 278, 2, 24, 42, 8542 }, // U+0158
    { 9, 20, 161, 2, 20, 23, 8584 }, // U+0159
    { 13, 24, 250, 1, 24, 39, 8607 }, // U+015A
    { 11, 21, 192, 0, 21, 29, 8646 }, // U+015B
    { 13, 24, 250, 1, 24, 39, 8675 }, // U+015C
    { 11, 20, 192, 0, 20, 28, 8714 }, // U+015D
    { 13, 25, 250, 1, 18, 41, 8742 }, // U+015E
    { 11, 21, 192, 0, 14, 29, 8783 }, // U+015F
    { 13, 24, 250, 1, 24, 39, 8812 }, // U+0160
    { 11, 20, 192, 0, 20, 28, 8851 }, // U+0161
    { 13, 25, 230, 1, 18, 41, 8879 }, // U+0162
    { 9, 24, 154, 0, 17, 27, 8920 }, // U+0163
    { 13, 24, 230, 1, 24, 39, 8947 }, // U+0164
    { 11, 21, 154, 0, 21, 29, 8986 }, // U+0165
    { 13, 18, 230, 1, 18, 30, 9015 }, // U+0166
    { 9, 17, 154, 0, 17, 20, 9045 }, // U+0167
    { 14, 24, 296, 2, 24, 42, 9065 }, // U+0168
    { 12, 20, 242, 2, 20, 30, 9107 }, // U+0169
    { 14, 23, 296, 2, 23, 41, 9137 }, // U+016A
    { 12, 18, 242, 2, 18, 27, 9178 }, // U+016B
    { 14, 24, 296, 2, 24, 42, 9205 }, // U+016C
    { 12, 21, 242, 2, 21, 32, 9247 }, // U+016D
    { 14, 24, 296, 2, 24, 42, 9279 }, // U+016E
    { 12, 22, 242, 2, 22, 33, 9321 }, // U+016F
    { 14, 25, 296, 2, 25, 44, 9354 }, // U+0170
    { 12, 21, 242, 2, 21, 32, 9398 }, // U+0171
    { 14, 23, 296, 2, 18, 41, 9430 }, // U+0172
    { 13, 19, 242, 2, 14, 31, 9471 }, // U+0173
    { 25, 24, 398, 0, 24, 75, 9502 }, // U+0174
    { 20, 20, 320, 0, 20, 50, 9577 }, // U+0175
    { 16, 24, 264, 0, 24, 48, 9627 }, // U+0176
    { 15, 26, 232, 0, 20, 49, 9675 }, // U+0177
    { 16, 23, 264, 0, 23, 46, 9724 }, // U+0178
    { 14, 24, 264, 1, 24, 42, 9770 }, // U+0179
    { 10, 21, 194, 1, 21, 27, 9812 }, // U+017A
    { 14, 23, 264, 1, 23, 41, 9839 }, // U+017B
    { 10, 20, 194, 1, 20, 25, 9880 }, // U+017C
    { 14, 24, 264, 1, 24, 42, 9905 }, // U+017D
    { 10, 20, 194, 1, 20, 25, 9947 }, // U+017E
    { 7, 19, 130, 2, 19, 17, 9972 }, // U+017F
    { 17, 22, 313, 1, 22, 47, 9989 }, // U+01A0
    { 14, 17, 246, 1, 17, 30, 10036 }, // U+01A1
    { 17, 22, 296, 2, 22, 47, 10066 }, // U+01AF
    { 14, 17, 242, 2, 17, 30, 10113 }, // U+01B0
    { 30, 24, 545, 2, 24, 90, 10143 }, // U+01C4
    { 27, 20, 492, 2, 20, 68, 10233 }, // U+01C5
    { 26, 21, 447, 1, 21, 69, 10301 }, // U+01C6
    { 28, 18, 496, 2, 18, 63, 10370 }, // U+01C7
    { 18, 25, 346, 2, 20, 57, 10433 }, // U+01C8
    { 9, 25, 201, 2, 20, 29, 10490 }, // U+01C9
    { 32, 18, 574, 2, 18, 72, 10519 }, // U+01CA
    { 22, 25, 423, 2, 20, 69, 10591 }, // U+01CB
    { 18, 25, 344, 2, 20, 57, 10660 }, // U+01CC
    { 17, 24, 280, 0, 24, 51, 10717 }, // U+01CD
    { 13, 20, 253, 1, 20, 33, 10768 }, // U+01CE
    { 8, 24, 191, 2, 24, 24, 10801 }, // U+01CF
    { 8, 20, 97, -1, 20, 20, 10825 }, // U+01D0
    { 17, 24, 313, 1, 24, 51, 10845 }, // U+01D1
    { 14, 20, 246, 1, 20, 35, 10896 }, // U+01D2
    { 14, 24, 296, 2, 24, 42, 10931 }, // U+01D3
    { 12, 20, 242, 2, 20, 30, 10973 }, // U+01D4
    { 14, 26, 292, 2, 26, 46, 11003 }, // U+01D5
    { 12, 22, 247, 2, 22, 33, 11049 }, // U+01D6
    { 14, 27, 292, 2, 27, 48, 11082 }, // U+01D7
    { 12, 23, 247, 2, 23, 35, 11130 }, // U+01D8
    { 14, 28, 292, 2, 28, 49, 11165 }, // U+01D9
    { 12, 23, 247, 2, 23, 35, 11214 }, // U+01DA
    { 14, 27, 292, 2, 27, 48, 11249 }, // U+01DB
    { 12, 23, 247, 2, 23, 35, 11297 }, // U+01DC
    { 12, 14, 226, 1, 14, 21, 11332 }, // U+01DD
    { 17, 26, 256, -1, 26, 56, 11353 }, // U+01DE
    { 11, 22, 224, 1, 22, 31, 11409 }, // U+01DF
    { 17, 26, 256, -1, 26, 56, 11440 }, // U+01E0
    { 11, 22, 224, 1, 22, 31, 11496 }, // U+01E1
    { 21, 22, 352, 0, 22, 58, 11527 }, // U+01E2
    { 19, 18, 346, 1, 18, 43, 11585 }, // U+01E3
    { 17, 18, 291, 2, 18, 39, 11628 }, // U+01E4
    { 13, 20, 246, 1, 14, 33, 11667 }, // U+01E5
    { 17, 24, 306, 1, 24, 51, 11700 }, // U+01E6
    { 14, 26, 260, 1, 20, 46, 11751 }, // U+01E7
    { 14, 24, 248, 2, 24, 42, 11797 }, // U+01E8
    { 16, 26, 214, -2, 26, 52, 11839 }, // U+01E9
    { 17, 23, 313, 1, 18, 49, 11891 }, // U+01EA
    { 14, 19, 246, 1, 14, 34, 11940 }, // U+01EB
    { 17, 28, 312, 2, 22, 60, 11974 }, // U+01EC
    { 13, 24, 242, 1, 18, 39, 12034 }, // U+01ED
    { 13, 25, 234, 0, 25, 41, 12073 }, // U+01EE
    { 12, 25, 199, 0, 19, 38, 12114 }, // U+01EF
    { 10, 25, 103, -2, 19, 32, 12152 }, // U+01F0
    { 30, 18, 545, 2, 18, 68, 12184 }, // U+01F1
    { 27, 18, 492, 2, 18, 61, 12252 }, // U+01F2
    { 25, 19, 434, 1, 19, 60, 12313 }, // U+01F3
    { 15, 25, 291, 2, 25, 47, 12373 }, // U+01F4
    { 12, 25, 246, 1, 19, 38, 12420 }, // U+01F5
    { 19, 18, 375, 2, 18, 43, 12458 }, // U+01F6
    { 13, 24, 264, 2, 18, 39, 12501 }, // U+01F7
    { 15, 24, 304, 2, 24, 45, 12540 }, // U+01F8
    { 12, 19, 247, 2, 19, 29, 12585 }, // U+01F9
    { 18, 28, 280, 0, 28, 63, 12614 }, // U+01FA
    { 13, 28, 253, 1, 28, 46, 12677 }, // U+01FB
    { 23, 24, 388, 0, 24, 69, 12723 }, // U+01FC
    { 21, 21, 360, 1, 21, 56, 12792 }, // U+01FD
    { 17, 26, 308, 1, 24, 56, 12848 }, // U+01FE
    { 14, 22, 246, 1, 21, 39, 12904 }, // U+01FF
    { 17, 25, 280, 0, 25, 54, 12943 }, // U+0200
    { 13, 21, 253, 1, 21, 35, 12997 }, // U+0201
    { 17, 24, 280, 0, 24, 51, 13032 }, // U+0202
    { 13, 21, 253, 1, 21, 35, 13083 }, // U+0203
    { 12, 25, 246, 1, 25, 38, 13118 }, // U+0204
    { 14, 21, 234, 0, 21, 37, 13156 }, // U+0205
    { 11, 24, 246, 2, 24, 33, 13193 }, // U+0206
    { 13, 21, 234, 1, 21, 35, 13226 }, // U+0207
    { 11, 25, 191, -1, 25, 35, 13261 }, // U+0208
    { 11, 21, 97, -4, 21, 29, 13296 }, // U+0209
    { 8, 24, 191, 2, 24, 24, 13325 }, // U+020A
    { 9, 20, 97, -1, 20, 23, 13349 }, // U+020B
    { 17, 24, 313, 1, 24, 51, 13372 }, // U+020C
    { 15, 21, 246, 0, 21, 40, 13423 }, // U+020D
    { 17, 24, 313, 1, 24, 51, 13463 }, // U+020E
    { 14, 21, 246, 1, 21, 37, 13514 }, // U+020F
    { 15, 25, 278, 1, 25, 47, 13551 }, // U+0210
    { 12, 21, 161, -1, 21, 32, 13598 }, // U+0211
    { 14, 24, 278, 2, 24, 42, 13630 }, // U+0212
    { 9, 20, 161, 2, 20, 23, 13672 }, // U+0213
    { 14, 25, 296, 2, 25, 44, 13695 }, // U+0214
    { 13, 21, 242, 1, 21, 35, 13739 }, // U+0215
    { 14, 24, 296, 2, 24, 42, 13774 }, // U+0216
    { 12, 21, 242, 2, 21, 32, 13816 }, // U+0217
    { 13, 25, 250, 1, 18, 41, 13848 }, // U+0218
    { 11, 21, 192, 0, 14, 29, 13889 }, // U+0219
    { 13, 25, 230, 1, 18, 41, 13918 }, // U+021A
    { 9, 24, 154, 0, 17, 27, 13959 }, // U+021B
    { 13, 24, 230, 0, 18, 39, 13986 }, // U+021C
    { 11, 21, 198, 0, 14, 29, 14025 }, // U+021D
    { 14, 24, 296, 2, 24, 42, 14054 }, // U+021E
    { 16, 26, 247, -2, 26, 52, 14096 }, // U+021F
    { 6, 6, 0, 3, 21, 5, 14148 }, // U+0300
    { 6, 6, 0, 3, 21, 5, 14153 }, // U+0301
    { 9, 4, 0, 2, 20, 5, 14158 }, // U+0302
    { 8, 3, 0, 2, 19, 3, 14163 }, // U+0303
    { 7, 3, 0, 3, 20, 3, 14166 }, // U+0304
    { 10, 2, 0, -5, 22, 3, 14169 }, // U+0305
    { 9, 5, 0, 2, 20, 6, 14172 }, // U+0306
    { 3, 3, 0, 5, 20, 2, 14178 }, // U+0307
    { 8, 3, 0, 2, 20, 3, 14180 }, // U+0308
    { 6, 6, 0, 3, 21, 5, 14183 }, // U+0309
    { 6, 6, 0, 4, 22, 5, 14188 }, // U+030A
    { 11, 6, 0, 1, 21, 9, 14193 }, // U+030B
    { 8, 4, 0, 2, 20, 4, 14202 }, // U+030C
    { 3, 4, 0, -1, 19, 2, 14206 }, // U+030D
    { 6, 4, 0, -3, 19, 3, 14208 }, // U+030E
    { 11, 6, 0, 1, 21, 9, 14211 }, // U+030F
    { 8, 6, 0, -4, 22, 6, 14220 }, // U+0310
    { 9, 6, 0, 2, 21, 7, 14226 }, // U+0311
    { 5, 6, 0, 4, 22, 4, 14233 }, // U+0312
    { 4, 6, 0, -2, 18, 3, 14237 }, // U+0313
    { 4, 6, 0, -2, 18, 3, 14240 }, // U+0314
    { 4, 6, 0, -2, 18, 3, 14243 }, // U+0315
    { 6, 4, 0, -3, -1, 3, 14246 }, // U+0316
    { 6, 4, 0, -3, -1, 3, 14249 }, // U+0317
    { 5, 5, 0, -3, -1, 4, 14252 }, // U+0318
    { 5, 5, 0, -2, -1, 4, 14256 }, // U+0319
    { 7, 7, 125, 0, 20, 7, 14260 }, // U+031A
    { 6, 5, 0, 3, 16, 4, 14267 }, // U+031B
    { 4, 6, 0, -2, 0, 3, 14271 }, // U+031C
    { 5, 4, 0, -3, -1, 3, 14274 }, // U+031D
    { 5, 5, 0, -3, -1, 4, 14277 }, // U+031E
    { 5, 5, 0, -3, -1, 4, 14281 }, // U+031F
    { 6, 2, 0, -3, -2, 2, 14285 }, // U+0320
    { 6, 7, 0, -5, 1, 6, 14287 }, // U+0321
    { 5, 7, 0, 0, 1, 5, 14293 }, // U+0322
    { 3, 3, 0, 5, -2, 2, 14298 }, // U+0323
    { 8, 3, 0, 2, -2, 3, 14300 }, // U+0324
    { 6, 6, 0, -3, 0, 5, 14303 }, // U+0325
    { 5, 6, 0, 4, -1, 4, 14308 }, // U+0326
    { 6, 8, 0, 4, 1, 6, 14312 }, // U+0327
    { 6, 7, 0, 4, 2, 6, 14318 }, // U+0328
    { 3, 4, 0, -1, -1, 2, 14324 }, // U+0329
    { 9, 5, 0, -4, -1, 6, 14326 }, // U+032A
    { 10, 3, 0, -5, -2, 4, 14332 }, // U+032B
    { 10, 4, 0, -5, -1, 5, 14336 }, // U+032C
    { 10, 4, 0, -5, -1, 5, 14341 }, // U+032D
    { 9, 5, 0, 2, -1, 6, 14346 }, // U+032E
    { 8, 4, 0, -4, -1, 4, 14352 }, // U+032F
    { 10, 3, 0, -5, -2, 4, 14356 }, // U+0330
    { 7, 3, 0, 3, -2, 3, 14360 }, // U+0331
    { 11, 2, 0, -5, -2, 3, 14363 }, // U+0332
    { 10, 5, 0, -5, -1, 7, 14366 }, // U+0333
    { 10, 3, 0, -5, 8, 4, 14373 }, // U+0334
    { 7, 3, 0, 3, 10, 3, 14377 }, // U+0335
    { 18, 2, 0, -9, 8, 5, 14380 }, // U+0336
    { 8, 7, 0, -4, 11, 7, 14385 }, // U+0337
    { 10, 21, 0, -5, 20, 27, 14392 }, // U+0338
    { 3, 6, 0, -2, 0, 3, 14419 }, // U+0339
    { 9, 5, 0, -4, -1, 6, 14422 }, // U+033A
    { 10, 5, 0, -5, -1, 7, 14428 }, // U+033B
    { 10, 4, 0, -5, -1, 5, 14435 }, // U+033C
    { 6, 6, 0, -3, 20, 5, 14440 }, // U+033D
    { 5, 8, 0, -2, 23, 5, 14445 }, // U+033E
    { 10, 5, 0, -5, 25, 7, 14450 }, // U+033F
    { 6, 4, 0, -4, 20, 3, 14457 }, // U+0340
    { 6, 4, 0, -1, 20, 3, 14460 }, // U+0341
    { 10, 3, 0, -5, 19, 4, 14463 }, // U+0342
    { 5, 5, 0, -2, 20, 4, 14467 }, // U+0343
    { 9, 4, 0, -4, 20, 5, 14471 }, // U+0344
    { 4, 4, 0, -1, -2, 2, 14476 }, // U+0345
    { 11, 5, 0, -5, 20, 7, 14478 }, // U+0346
    { 10, 5, 0, -5, -1, 7, 14485 }, // U+0347
    { 6, 4, 0, -3, -1, 3, 14492 }, // U+0348
    { 5, 5, 0, -2, -1, 4, 14495 }, // U+0349
    { 10, 5, 0, -5, 20, 7, 14499 }, // U+034A
    { 10, 9, 0, -5, 24, 12, 14506 }, // U+034B
    { 10, 7, 0, -5, 23, 9, 14518 }, // U+034C
    { 10, 6, 0, -5, 0, 8, 14527 }, // U+034D
    { 6, 6, 0, -3, 0, 5, 14535 }, // U+034E
    { 0, 0, 0, 0, 0, 0, 14540 }, // U+034F
    { 4, 5, 0, -2, 20, 3, 14540 }, // U+0350
    { 4, 6, 0, -2, 21, 3, 14543 }, // U+0351
    { 8, 6, 0, -4, 22, 6, 14546 }, // U+0352
    { 6, 6, 0, -3, 0, 5, 14552 }, // U+0353
    { 4, 5, 0, -2, -1, 3, 14557 }, // U+0354
    { 4, 5, 0, -2, -1, 3, 14560 }, // U+0355
    { 10, 5, 0, -4, -1, 7, 14563 }, // U+0356
    { 3, 6, 0, -1, 21, 3, 14570 }, // U+0357
    { 3, 3, 0, 3, 19, 2, 14573 }, // U+0358
    { 6, 6, 0, -3, -1, 5, 14575 }, // U+0359
    { 10, 5, 0, -6, -1, 7, 14580 }, // U+035A
    { 6, 5, 0, -3, 20, 4, 14587 }, // U+035B
    { 20, 5, 0, -10, -1, 13, 14591 }, // U+035C
    { 20, 5, 0, -10, 20, 13, 14604 }, // U+035D
    { 15, 2, 0, -7, 18, 4, 14617 }, // U+035E
    { 15, 2, 0, -7, -1, 4, 14621 }, // U+035F
    { 20, 3, 0, -10, 19, 8, 14625 }, // U+0360
    { 20, 5, 0, -10, 22, 13, 14633 }, // U+0361
    { 20, 6, 0, -9, 0, 15, 14646 }, // U+0362
    { 5, 6, 0, -2, 22, 4, 14661 }, // U+0363
    { 5, 6, 0, -2, 22, 4, 14665 }, // U+0364
    { 2, 7, 0, -1, 23, 2, 14669 }, // U+0365
    { 6, 6, 0, -2, 22, 5, 14671 }, // U+0366
    { 5, 5, 0, -2, 21, 4, 14676 }, // U+0367
    { 5, 6, 0, -2, 22, 4, 14680 }, // U+0368
    { 5, 8, 0, -2, 24, 5, 14684 }, // U+0369
    { 5, 8, 0, -2, 24, 5, 14689 }, // U+036A
    { 9, 6, 0, -4, 22, 7, 14694 }, // U+036B
    { 4, 6, 0, -1, 22, 3, 14701 }, // U+036C
    { 4, 7, 0, -2, 23, 4, 14704 }, // U+036D
    { 7, 6, 0, -3, 22, 6, 14708 }, // U+036E
    { 7, 5, 0, -3, 21, 5, 14714 }, // U+036F
    { 10, 24, 222, 2, 24, 30, 14719 }, // U+0400
    { 10, 23, 222, 2, 23, 29, 14749 }, // U+0401
    { 17, 18, 286, 1, 18, 39, 14778 }, // U+0402
    { 10, 24, 204, 2, 24, 30, 14817 }, // U+0403
    { 14, 18, 256, 1, 18, 32, 14847 }, // U+0404
    { 12, 18, 220, 1, 18, 27, 14879 }, // U+0405
    { 3, 18, 114, 2, 18, 7, 14906 }, // U+0406
    { 6, 23, 114, 1, 23, 18, 14913 }, // U+0407
    { 7, 23, 109, -2, 18, 21, 14931 }, // U+0408
    { 24, 18, 404, 1, 18, 54, 14952 }, // U+0409
    { 22, 18, 411, 2, 18, 50, 15006 }, // U+040A
    { 17, 18, 286, 1, 18, 39, 15056 }, // U+040B
    { 13, 24, 250, 2, 24, 39, 15095 }, // U+040C
    { 14, 24, 302, 2, 24, 42, 15134 }, // U+040D
    { 16, 24, 246, 0, 24, 48, 15176 }, // U+040E
    { 14, 22, 292, 2, 18, 39, 15224 }, // U+040F
    { 16, 18, 255, 0, 18, 36, 15263 }, // U+0410
    { 12, 18, 246, 2, 18, 27, 15299 }, // U+0411
    { 13, 18, 260, 2, 18, 30, 15326 }, // U+0412
    { 10, 18, 204, 2, 18, 23, 15356 }, // U+0413
    { 18, 23, 292, 1, 18, 52, 15379 }, // U+0414
    { 10, 18, 222, 2, 18, 23, 15431 }, // U+0415
    { 23, 18, 362, -1, 18, 52, 15454 }, // U+0416
    { 12, 18, 231, 1, 18, 27, 15506 }, // U+0417
    { 14, 18, 302, 2, 18, 32, 15533 }, // U+0418
    { 14, 23, 302, 2, 23, 41, 15565 }, // U+0419
    { 14, 18, 250, 2, 18, 32, 15606 }, // U+041A
    { 15, 18, 279, 1, 18, 34, 15638 }, // U+041B
    { 18, 18, 363, 2, 18, 41, 15672 }, // U+041C
    { 14, 18, 297, 2, 18, 32, 15713 }, // U+041D
    { 16, 18, 304, 1, 18, 36, 15745 }, // U+041E
    { 14, 18, 293, 2, 18, 32, 15781 }, // U+041F
    { 12, 18, 242, 2, 18, 27, 15813 }, // U+0420
    { 14, 18, 256, 1, 18, 32, 15840 }, // U+0421
    { 13, 18, 222, 1, 18, 30, 15872 }, // U+0422
    { 16, 18, 246, 0, 18, 36, 15902 }, // U+0423
    { 18, 18, 327, 1, 18, 41, 15938 }, // U+0424
    { 15, 18, 235, 0, 18, 34, 15979 }, // U+0425
    { 16, 22, 296, 2, 18, 44, 16013 }, // U+0426
    { 13, 18, 269, 2, 18, 30, 16057 }, // U+0427
    { 22, 18, 414, 2, 18, 50, 16087 }, // U+0428
    { 23, 22, 410, 2, 18, 64, 16137 }, // U+0429
    { 16, 18, 274, 1, 18, 36, 16201 }, // U+042A
    { 17, 18, 340, 2, 18, 39, 16237 }, // U+042B
    { 12, 18, 243, 2, 18, 27, 16276 }, // U+042C
    { 15, 18, 259, 0, 18, 34, 16303 }, // U+042D
    { 21, 18, 400, 2, 18, 48, 16337 }, // U+042E
    { 13, 18, 255, 1, 18, 30, 16385 }, // U+042F
    { 11, 14, 222, 1, 14, 20, 16415 }, // U+0430
    { 13, 21, 239, 1, 21, 35, 16435 }, // U+0431
    { 11, 14, 226, 2, 14, 20, 16470 }, // U+0432
    { 9, 14, 175, 2, 14, 16, 16490 }, // U+0433
    { 15, 18, 243, 1, 14, 34, 16506 }, // U+0434
    { 12, 14, 220, 1, 14, 21, 16540 }, // U+0435
    { 20, 14, 304, -1, 14, 35, 16561 }, // U+0436
    { 11, 14, 195, 0, 14, 20, 16596 }, // U+0437
    { 12, 14, 248, 2, 14, 21, 16616 }, // U+0438
    { 12, 19, 248, 2, 19, 29, 16637 }, // U+0439
    { 11, 14, 212, 2, 14, 20, 16666 }, // U+043A
    { 14, 14, 235, 0, 14, 25, 16686 }, // U+043B
    { 15, 14, 307, 2, 14, 27, 16711 }, // U+043C
    { 12, 14, 246, 2, 14, 21, 16738 }, // U+043D
    { 13, 14, 238, 1, 14, 23, 16759 }, // U+043E
    { 11, 14, 242, 2, 14, 20, 16782 }, // U+043F
    { 12, 20, 243, 2, 14, 30, 16802 }, // U+0440
    { 11, 14, 197, 1, 14, 20, 16832 }, // U+0441
    { 11, 14, 186, 1, 14, 20, 16852 }, // U+0442
    { 14, 20, 204, 0, 14, 35, 16872 }, // U+0443
    { 16, 26, 295, 1, 20, 52, 16907 }, // U+0444
    { 13, 14, 204, 0, 14, 23, 16959 }, // U+0445
    { 13, 18, 245, 2, 14, 30, 16982 }, // U+0446
    { 12, 14, 236, 1, 14, 21, 17012 }, // U+0447
    { 19, 14, 358, 2, 14, 34, 17033 }, // U+0448
    { 21, 18, 359, 2, 14, 48, 17067 }, // U+0449
    { 15, 14, 249, 0, 14, 27, 17115 }, // U+044A
    { 15, 14, 304, 2, 14, 27, 17142 }, // U+044B
    { 11, 14, 218, 2, 14, 20, 17169 }, // U+044C
    { 11, 14, 198, 1, 14, 20, 17189 }, // U+044D
    { 17, 14, 320, 2, 14, 30, 17209 }, // U+044E
    { 12, 14, 231, 1, 14, 21, 17239 }, // U+044F
    { 12, 20, 220, 1, 20, 30, 17260 }, // U+0450
    { 12, 18, 220, 1, 18, 27, 17290 }, // U+0451
    { 14, 25, 248, 1, 19, 44, 17317 }, // U+0452
    { 9, 20, 175, 2, 20, 23, 17361 }, // U+0453
    { 11, 14, 197, 1, 14, 20, 17384 }, // U+0454
    { 10, 14, 187, 1, 14, 18, 17404 }, // U+0455
    { 3, 18, 103, 2, 18, 7, 17422 }, // U+0456
    { 6, 18, 103, 1, 18, 14, 17429 }, // U+0457
    { 7, 24, 103, -2, 18, 21, 17443 }, // U+0458
    { 21, 14, 344, 0, 14, 37, 17464 }, // U+0459
    { 19, 14, 356, 2, 14, 34, 17501 }, // U+045A
    { 14, 19, 248, 1, 19, 34, 17535 }, // U+045B
    { 11, 20, 212, 2, 20, 28, 17569 }, // U+045C
    { 12, 20, 248, 2, 20, 30, 17597 }, // U+045D
    { 14, 25, 204, 0, 19, 44, 17627 }, // U+045E
    { 11, 18, 242, 2, 14, 25, 17671 }, // U+045F
    { 22, 18, 368, 1, 18, 50, 17696 }, // U+0460
    { 19, 14, 316, 1, 14, 34, 17746 }, // U+0461
    { 16, 18, 270, 1, 18, 36, 17780 }, // U+0462
    { 15, 17, 254, 1, 17, 32, 17816 }, // U+0463
    { 20, 18, 369, 2, 18, 45, 17848 }, // U+0464
    { 16, 14, 297, 2, 14, 28, 17893 }, // U+0465
    { 18, 18, 273, -1, 18, 41, 17921 }, // U+0466
    { 16, 14, 229, -1, 14, 28, 17962 }, // U+0467
    { 21, 18, 372, 2, 18, 48, 17990 }, // U+0468
    { 18, 14, 312, 2, 14, 32, 18038 }, // U+0469
    { 18, 18, 292, 0, 18, 41, 18070 }, // U+046A
    { 16, 14, 256, 0, 14, 28, 18111 }, // U+046B
    { 22, 18, 394, 2, 18, 50, 18139 }, // U+046C
    { 19, 14, 340, 2, 14, 34, 18189 }, // U+046D
    { 13, 28, 235, 1, 22, 46, 18223 }, // U+046E
    { 11, 22, 196, 1, 17, 31, 18269 }, // U+046F
    { 17, 18, 322, 2, 18, 39, 18300 }, // U+0470
    { 15, 26, 304, 2, 20, 49, 18339 }, // U+0471
    { 17, 18, 313, 2, 18, 39, 18388 }, // U+0472
    { 13, 14, 242, 1, 14, 23, 18427 }, // U+0473
    { 17, 18, 254, 0, 18, 39, 18450 }, // U+0474
    { 14, 14, 206, -1, 14, 25, 18489 }, // U+0475
    { 17, 24, 254, 0, 24, 51, 18514 }, // U+0476
    { 14, 20, 206, -1, 20, 35, 18565 }, // U+0477
    { 29, 24, 488, 2, 18, 87, 18600 }, // U+0478
    { 26, 20, 438, 1, 14, 65, 18687 }, // U+0479
    { 18, 22, 328, 2, 20, 50, 18752 }, // U+047A
    { 14, 16, 264, 1, 15, 28, 18802 }, // U+047B
    { 23, 27, 410, 2, 27, 78, 18830 }, // U+047C
    { 20, 23, 362, 1, 23, 58, 18908 }, // U+047D
    { 22, 23, 368, 1, 23, 64, 18966 }, // U+047E
    { 19, 18, 316, 1, 18, 43, 19030 }, // U+047F
    { 14, 24, 257, 1, 18, 42, 19073 }, // U+0480
    { 11, 20, 197, 1, 14, 28, 19115 }, // U+0481
    { 13, 18, 244, 1, 17, 30, 19143 }, // U+0482
    { 9, 5, 0, -11, 19, 6, 19173 }, // U+0483
    { 10, 3, 0, -12, 19, 4, 19179 }, // U+0484
    { 4, 5, 0, -8, 20, 3, 19183 }, // U+0485
    { 4, 5, 0, -9, 20, 3, 19186 }, // U+0486
    { 10, 3, 0, -4, 23, 4, 19189 }, // U+0487
    { 29, 27, 0, -15, 20, 98, 19193 }, // U+0488
    { 27, 28, 0, -14, 21, 95, 19291 }, // U+0489
    { 17, 29, 314, 2, 24, 62, 19386 }, // U+048A
    { 15, 25, 264, 2, 20, 47, 19448 }, // U+048B
    { 14, 18, 246, 1, 18, 32, 19495 }, // U+048C
    { 14, 20, 238, 1, 20, 35, 19527 }, // U+048D
    { 12, 18, 245, 2, 18, 27, 19562 }, // U+048E
    { 12, 20, 246, 2, 14, 30, 19589 }, // U+048F
    { 11, 22, 213, 2, 22, 31, 19619 }, // U+0490
    { 9, 18, 174, 2, 18, 21, 19650 }, // U+0491
    { 12, 18, 212, 1, 18, 27, 19671 }, // U+0492
    { 10, 14, 174, 1, 14, 18, 19698 }, // U+0493
    { 13, 24, 260, 2, 18, 39, 19716 }, // U+0494
    { 11, 20, 213, 2, 14, 28, 19755 }, // U+0495
    { 23, 23, 362, 0, 18, 67, 19783 }, // U+0496
    { 21, 19, 318, -1, 14, 50, 19850 }, // U+0497
    { 12, 24, 231, 1, 18, 36, 19900 }, // U+0498
    { 10, 20, 195, 1, 14, 25, 19936 }, // U+0499
    { 14, 23, 268, 2, 18, 41, 19961 }, // U+049A
    { 12, 19, 223, 2, 14, 29, 20002 }, // U+049B
    { 14, 18, 250, 2, 18, 32, 20031 }, // U+049C
    { 11, 14, 212, 2, 14, 20, 20063 }, // U+049D
    { 16, 18, 250, 1, 18, 36, 20083 }, // U+049E
    { 14, 19, 214, 1, 19, 34, 20119 }, // U+049F
    { 18, 18, 277, 1, 18, 41, 20153 }, // U+04A0
    { 16, 14, 249, 0, 14, 28, 20194 }, // U+04A1
    { 16, 23, 302, 2, 18, 46, 20222 }, // U+04A2
    { 14, 19, 263, 2, 14, 34, 20268 }, // U+04A3
    { 18, 18, 326, 2, 18, 41, 20302 }, // U+04A4
    { 16, 14, 295, 2, 14, 28, 20343 }, // U+04A5
    { 23, 24, 422, 2, 18, 69, 20371 }, // U+04A6
    { 19, 20, 345, 2, 14, 48, 20440 }, // U+04A7
    { 17, 19, 312, 2, 18, 41, 20488 }, // U+04A8
    { 14, 14, 257, 1, 14, 25, 20529 }, // U+04A9
    { 14, 24, 253, 2, 18, 42, 20554 }, // U+04AA
    { 10, 20, 192, 1, 14, 25, 20596 }, // U+04AB
    { 13, 23, 222, 1, 18, 38, 20621 }, // U+04AC
    { 11, 19, 190, 1, 14, 27, 20659 }, // U+04AD
    { 15, 18, 226, 0, 18, 34, 20686 }, // U+04AE
    { 14, 20, 203, -1, 14, 35, 20720 }, // U+04AF
    { 16, 18, 226, -1, 18, 36, 20755 }, // U+04B0
    { 13, 20, 203, 0, 14, 33, 20791 }, // U+04B1
    { 17, 23, 252, -1, 18, 49, 20824 }, // U+04B2
    { 14, 19, 221, 0, 14, 34, 20873 }, // U+04B3
    { 21, 23, 345, 1, 18, 61, 20907 }, // U+04B4
    { 18, 20, 290, 1, 14, 45, 20968 }, // U+04B5
    { 16, 23, 281, 2, 18, 46, 21013 }, // U+04B6
    { 14, 19, 248, 2, 14, 34, 21059 }, // U+04B7
    { 13, 18, 279, 2, 18, 30, 21093 }, // U+04B8
    { 12, 14, 242, 2, 14, 21, 21123 }, // U+04B9
    { 13, 18, 279, 2, 18, 30, 21144 }, // U+04BA
    { 12, 19, 247, 2, 19, 29, 21174 }, // U+04BB
    { 19, 18, 340, 1, 18, 43, 21203 }, // U+04BC
    { 15, 14, 266, 1, 14, 27, 21246 }, // U+04BD
    { 19, 23, 340, 1, 18, 55, 21273 }, // U+04BE
    { 15, 19, 266, 1, 14, 36, 21328 }, // U+04BF
    { 6, 18, 136, 1, 18, 14, 21364 }, // U+04C0
    { 23, 24, 362, -1, 24, 69, 21378 }, // U+04C1
    { 20, 19, 304, -1, 19, 48, 21447 }, // U+04C2
    { 14, 24, 278, 2, 18, 42, 21495 }, // U+04C3
    { 11, 20, 224, 2, 14, 28, 21537 }, // U+04C4
    { 18, 23, 288, 1, 18, 52, 21565 }, // U+04C5
    { 15, 19, 235, 1, 14, 36, 21617 }, // U+04C6
    { 14, 24, 292, 2, 18, 42, 21653 }, // U+04C7
    { 12, 20, 248, 2, 14, 30, 21695 }, // U+04C8
    { 17, 23, 302, 2, 18, 49, 21725 }, // U+04C9
    { 15, 19, 265, 2, 14, 36, 21774 }, // U+04CA
    { 13, 23, 279, 2, 18, 38, 21810 }, // U+04CB
    { 12, 19, 245, 2, 14, 29, 21848 }, // U+04CC
    { 21, 23, 367, 2, 18, 61, 21877 }, // U+04CD
    { 17, 19, 302, 2, 14, 41, 21938 }, // U+04CE
    { 6, 18, 136, 1, 18, 14, 21979 }, // U+04CF
    { 16, 23, 256, 0, 23, 46, 21993 }, // U+04D0
    { 11, 19, 224, 1, 19, 27, 22039 }, // U+04D1
    { 17, 23, 256, -1, 23, 49, 22066 }, // U+04D2
    { 11, 18, 224, 1, 18, 25, 22115 }, // U+04D3
    { 22, 18, 352, -1, 18, 50, 22140 }, // U+04D4
    { 20, 14, 346, 1, 14, 35, 22190 }, // U+04D5
    { 10, 23, 222, 2, 23, 29, 22225 }, // U+04D6
    { 12, 19, 226, 1, 19, 29, 22254 }, // U+04D7
    { 16, 18, 296, 1, 18, 36, 22283 }, // U+04D8
    { 12, 14, 226, 1, 14, 21, 22319 }, // U+04D9
    { 16, 24, 296, 1, 24, 48, 22340 }, // U+04DA
    { 12, 18, 226, 1, 18, 27, 22388 }, // U+04DB
    { 23, 23, 362, -1, 23, 67, 22415 }, // U+04DC
    { 19, 18, 304, 0, 18, 43, 22482 }, // U+04DD
    { 12, 24, 231, 1, 24, 36, 22525 }, // U+04DE
    { 11, 18, 195, 0, 18, 25, 22561 }, // U+04DF
    { 13, 18, 234, 0, 18, 30, 22586 }, // U+04E0
    { 12, 20, 199, 0, 14, 30, 22616 }, // U+04E1
    { 14, 22, 302, 2, 22, 39, 22646 }, // U+04E2
    { 12, 17, 248, 2, 17, 26, 22685 }, // U+04E3
    { 14, 23, 302, 2, 23, 41, 22711 }, // U+04E4
    { 12, 18, 248, 2, 18, 27, 22752 }, // U+04E5
    { 17, 24, 312, 2, 24, 51, 22779 }, // U+04E6
    { 13, 18, 242, 1, 18, 30, 22830 }, // U+04E7
    { 17, 18, 313, 2, 18, 39, 22860 }, // U+04E8
    { 13, 14, 242, 1, 14, 23, 22899 }, // U+04E9
    { 17, 23, 313, 2, 23, 49, 22922 }, // U+04EA
    { 13, 18, 242, 1, 18, 30, 22971 }, // U+04EB
    { 14, 24, 259, 1, 24, 42, 23001 }, // U+04EC
    { 11, 18, 198, 1, 18, 25, 23043 }, // U+04ED
    { 15, 22, 246, 0, 22, 42, 23068 }, // U+04EE
    { 13, 24, 204, 0, 18, 39, 23110 }, // U+04EF
    { 16, 24, 246, 0, 24, 48, 23149 }, // U+04F0
    { 13, 24, 204, 0, 18, 39, 23197 }, // U+04F1
    { 16, 24, 246, 0, 24, 48, 23236 }, // U+04F2
    { 14, 26, 204, -1, 20, 46, 23284 }, // U+04F3
    { 13, 23, 269, 2, 23, 38, 23330 }, // U+04F4
    { 12, 18, 236, 1, 18, 27, 23368 }, // U+04F5
    { 11, 23, 212, 2, 18, 32, 23395 }, // U+04F6
    { 8, 19, 173, 2, 14, 19, 23427 }, // U+04F7
    { 17, 23, 340, 2, 23, 49, 23446 }, // U+04F8
    { 15, 18, 304, 2, 18, 34, 23495 }, // U+04F9
    { 12, 23, 212, 1, 18, 35, 23529 }, // U+04FA
    { 10, 19, 174, 1, 14, 24, 23564 }, // U+04FB
    { 17, 23, 253, -1, 18, 49, 23588 }, // U+04FC
    { 14, 19, 220, 0, 14, 34, 23637 }, // U+04FD
    { 16, 18, 234, 0, 18, 36, 23671 }, // U+04FE
    { 12, 14, 212, 0, 14, 21, 23707 }, // U+04FF
    { 15, 15, 253, 0, 15, 29, 23728 }, // U+05D0
    { 13, 15, 229, 1, 15, 25, 23757 }, // U+05D1
    { 9, 16, 150, 1, 15, 18, 23782 }, // U+05D2
    { 12, 15, 217, 1, 15, 23, 23800 }, // U+05D3
    { 14, 15, 251, 1, 15, 27, 23823 }, // U+05D4
    { 6, 15, 120, 0, 15, 12, 23850 }, // U+05D5
    { 7, 15, 132, 1, 15, 14, 23862 }, // U+05D6
    { 15, 15, 265, 0, 15, 29, 23876 }, // U+05D7
    { 14, 15, 254, 1, 15, 27, 23905 }, // U+05D8
    { 6, 9, 118, 0, 15, 7, 23932 }, // U+05D9
    { 12, 20, 218, 1, 15, 30, 23939 }, // U+05DA
    { 11, 15, 206, 1, 15, 21, 23969 }, // U+05DB
    { 12, 20, 209, 1, 20, 30, 23990 }, // U+05DC
    { 15, 15, 274, 1, 15, 29, 24020 }, // U+05DD
    { 16, 15, 264, 0, 15, 30, 24049 }, // U+05DE
    { 6, 20, 132, 0, 15, 15, 24079 }, // U+05DF
    { 7, 15, 152, 1, 15, 14, 24094 }, // U+05E0
    { 14, 15, 257, 1, 15, 27, 24108 }, // U+05E1
    { 13, 17, 237, 1, 16, 28, 24135 }, // U+05E2
    { 13, 20, 248, 1, 15, 33, 24163 }, // U+05E3
    { 13, 15, 240, 1, 15, 25, 24196 }, // U+05E4
    { 13, 20, 212, 0, 15, 33, 24221 }, // U+05E5
    { 12, 15, 222, 1, 15, 23, 24254 }, // U+05E6
    { 14, 20, 251, 1, 15, 35, 24277 }, // U+05E7
    { 11, 15, 209, 1, 15, 21, 24312 }, // U+05E8
    { 16, 15, 292, 2, 15, 30, 24333 }, // U+05E9
    { 15, 15, 274, 1, 15, 29, 24363 }, // U+05EA
    { 17, 23, 280, 0, 18, 49, 24392 }, // U+1EA0
    { 13, 19, 253, 1, 14, 31, 24441 }, // U+1EA1
    { 18, 25, 280, 0, 25, 57, 24472 }, // U+1EA2
    { 13, 21, 253, 1, 21, 35, 24529 }, // U+1EA3
    { 17, 28, 280, 0, 28, 60, 24564 }, // U+1EA4
    { 14, 25, 253, 1, 25, 44, 24624 }, // U+1EA5
    { 17, 28, 280, 0, 28, 60, 24668 }, // U+1EA6
    { 13, 25, 253, 1, 25, 41, 24728 }, // U+1EA7
    { 17, 27, 280, 0, 27, 58, 24769 }, // U+1EA8
    { 14, 25, 253, 1, 25, 44, 24827 }, // U+1EA9
    { 18, 28, 280, 0, 28, 63, 24871 }, // U+1EAA
    { 13, 25, 253, 1, 25, 41, 24934 }, // U+1EAB
    { 17, 29, 280, 0, 24, 62, 24975 }, // U+1EAC
    { 13, 25, 253, 1, 20, 41, 25037 }, // U+1EAD
    { 17, 29, 280, 0, 29, 62, 25078 }, // U+1EAE
    { 13, 25, 253, 1, 25, 41, 25140 }, // U+1EAF
    { 17, 29, 280, 0, 29, 62, 25181 }, // U+1EB0
    { 13, 25, 253, 1, 25, 41, 25243 }, // U+1EB1
    { 17, 28, 280, 0, 28, 60, 25284 }, // U+1EB2
    { 13, 25, 253, 1, 25, 41, 25344 }, // U+1EB3
    { 18, 28, 280, 0, 28, 63, 25385 }, // U+1EB4
    { 13, 25, 253, 1, 25, 41, 25448 }, // U+1EB5
    { 17, 30, 280, 0, 25, 64, 25489 }, // U+1EB6
    { 13, 26, 253, 1, 21, 43, 25553 }, // U+1EB7
    { 11, 23, 246, 2, 18, 32, 25596 }, // U+1EB8
    { 13, 19, 234, 1, 14, 31, 25628 }, // U+1EB9
    { 11, 25, 246, 2, 25, 35, 25659 }, // U+1EBA
    { 13, 21, 234, 1, 21, 35, 25694 }, // U+1EBB
    { 11, 24, 246, 2, 24, 33, 25729 }, // U+1EBC
    { 13, 20, 234, 1, 20, 33, 25762 }, // U+1EBD
    { 13, 28, 246, 2, 28, 46, 25795 }, // U+1EBE
    { 14, 25, 234, 1, 25, 44, 25841 }, // U+1EBF
    { 12, 28, 246, 2, 28, 42, 25885 }, // U+1EC0
    { 13, 25, 234, 1, 25, 41, 25927 }, // U+1EC1
    { 12, 27, 246, 2, 27, 41, 25968 }, // U+1EC2
    { 14, 25, 234, 1, 25, 44, 26009 }, // U+1EC3
    { 11, 28, 246, 2, 28, 39, 26053 }, // U+1EC4
    { 13, 25, 234, 1, 25, 41, 26092 }, // U+1EC5
    { 11, 29, 246, 2, 24, 40, 26133 }, // U+1EC6
    { 13, 25, 234, 1, 20, 41, 26173 }, // U+1EC7
    { 8, 25, 191, 2, 25, 25, 26214 }, // U+1EC8
    { 6, 21, 97, 0, 21, 16, 26239 }, // U+1EC9
    { 8, 23, 191, 2, 18, 23, 26255 }, // U+1ECA
    { 3, 25, 111, 2, 20, 10, 26278 }, // U+1ECB
    { 17, 23, 313, 1, 18, 49, 26288 }, // U+1ECC
    { 14, 19, 246, 1, 14, 34, 26337 }, // U+1ECD
    { 17, 25, 313, 1, 25, 54, 26371 }, // U+1ECE
    { 14, 21, 246, 1, 21, 37, 26425 }, // U+1ECF
    { 17, 28, 313, 1, 28, 60, 26462 }, // U+1ED0
    { 15, 25, 246, 1, 25, 47, 26522 }, // U+1ED1
    { 17, 28, 313, 1, 28, 60, 26569 }, // U+1ED2
    { 14, 25, 246, 1, 25, 44, 26629 }, // U+1ED3
    { 17, 28, 313, 1, 28, 60, 26673 }, // U+1ED4
    { 14, 25, 246, 1, 25, 44, 26733 }, // U+1ED5
    { 17, 28, 313, 1, 28, 60, 26777 }, // U+1ED6
    { 14, 25, 246, 1, 25, 44, 26837 }, // U+1ED7
    { 17, 29, 313, 1, 24, 62, 26881 }, // U+1ED8
    { 14, 25, 246, 1, 20, 44, 26943 }, // U+1ED9
    { 17, 25, 313, 1, 25, 54, 26987 }, // U+1EDA
    { 14, 21, 246, 1, 21, 37, 27041 }, // U+1EDB
    { 17, 25, 313, 1, 25, 54, 27078 }, // U+1EDC
    { 14, 21, 246, 1, 21, 37, 27132 }, // U+1EDD
    { 17, 25, 313, 1, 25, 54, 27169 }, // U+1EDE
    { 14, 21, 246, 1, 21, 37, 27223 }, // U+1EDF
    { 17, 24, 313, 1, 24, 51, 27260 }, // U+1EE0
    { 14, 20, 246, 1, 20, 35, 27311 }, // U+1EE1
    { 17, 27, 313, 1, 22, 58, 27346 }, // U+1EE2
    { 14, 22, 246, 1, 17, 39, 27404 }, // U+1EE3
    { 14, 23, 296, 2, 18, 41, 27443 }, // U+1EE4
    { 12, 19, 242, 2, 14, 29, 27484 }, // U+1EE5
    { 14, 25, 296, 2, 25, 44, 27513 }, // U+1EE6
    { 12, 21, 242, 2, 21, 32, 27557 }, // U+1EE7
    { 17, 25, 296, 2, 25, 54, 27589 }, // U+1EE8
    { 14, 21, 242, 2, 21, 37, 27643 }, // U+1EE9
    { 17, 25, 296, 2, 25, 54, 27680 }, // U+1EEA
    { 14, 21, 242, 2, 21, 37, 27734 }, // U+1EEB
    { 17, 25, 296, 2, 25, 54, 27771 }, // U+1EEC
    { 14, 21, 242, 2, 21, 37, 27825 }, // U+1EED
    { 17, 24, 296, 2, 24, 51, 27862 }, // U+1EEE
    { 14, 20, 242, 2, 20, 35, 27913 }, // U+1EEF
    { 17, 27, 296, 2, 22, 58, 27948 }, // U+1EF0
    { 14, 22, 242, 2, 17, 39, 28006 }, // U+1EF1
    { 16, 24, 264, 0, 24, 48, 28045 }, // U+1EF2
    { 15, 27, 232, 0, 21, 51, 28093 }, // U+1EF3
    { 17, 23, 264, 0, 18, 49, 28144 }, // U+1EF4
    { 15, 20, 232, -1, 14, 38, 28193 }, // U+1EF5
    { 17, 25, 264, 0, 25, 54, 28231 }, // U+1EF6
    { 16, 27, 232, -1, 21, 54, 28285 }, // U+1EF7
    { 18, 24, 264, -1, 24, 54, 28339 }, // U+1EF8
    { 16, 26, 232, -1, 20, 52, 28393 }, // U+1EF9
    { 0, 0, 200, 0, 0, 0, 28445 }, // U+2000
    { 0, 0, 400, 0, 0, 0, 28445 }, // U+2001
    { 0, 0, 200, 0, 0, 0, 28445 }, // U+2002
    { 0, 0, 400, 0, 0, 0, 28445 }, // U+2003
    { 0, 0, 133, 0, 0, 0, 28445 }, // U+2004
    { 0, 0, 100, 0, 0, 0, 28445 }, // U+2005
    { 0, 0, 67, 0, 0, 0, 28445 }, // U+2006
    { 0, 0, 220, 0, 0, 0, 28445 }, // U+2007
    { 0, 0, 104, 0, 0, 0, 28445 }, // U+2008
    { 0, 0, 82, 0, 0, 0, 28445 }, // U+2009
    { 0, 0, 41, 0, 0, 0, 28445 }, // U+200A
    { 0, 0, 0, 0, 0, 0, 28445 }, // U+200B
    { 1, 19, 0, 0, 18, 3, 28445 }, // U+200C
    { 7, 19, 0, -3, 18, 17, 28448 }, // U+200D
    { 6, 20, 0, 0, 18, 15, 28465 }, // U+200E
    { 6, 20, 0, -5, 18, 15, 28480 }, // U+200F
    { 7, 3, 158, 1, 9, 3, 28495 }, // U+2010
    { 6, 2, 129, 1, 8, 2, 28498 }, // U+2011
    { 10, 3, 206, 1, 9, 4, 28500 }, // U+2012
    { 10, 3, 206, 1, 9, 4, 28504 }, // U+2013
    { 19, 3, 347, 1, 9, 8, 28508 }, // U+2014
    { 19, 3, 347, 1, 9, 8, 28516 }, // U+2015
    { 7, 25, 220, 3, 19, 22, 28524 }, // U+2016
    { 10, 5, 164, 0, -1, 7, 28546 }, // U+2017
    { 5, 8, 96, 1, 21, 5, 28553 }, // U+2018
    { 6, 8, 96, 0, 20, 6, 28558 }, // U+2019
    { 5, 8, 107, 1, 3, 5, 28564 }, // U+201A
    { 5, 6, 70, 0, 18, 4, 28569 }, // U+201B
    { 10, 8, 179, 1, 20, 10, 28573 }, // U+201C
    { 11, 8, 178, 0, 20, 11, 28583 }, // U+201D
    { 11, 8, 197, 1, 3, 11, 28594 }, // U+201E
    { 9, 6, 144, 0, 18, 7, 28605 }, // U+201F
    { 9, 14, 176, 1, 19, 16, 28612 }, // U+2020
    { 8, 15, 162, 1, 20, 15, 28628 }, // U+2021
    { 7, 7, 138, 1, 13, 7, 28643 }, // U+2022
    { 7, 9, 147, 2, 14, 8, 28650 }, // U+2023
    { 3, 3, 200, 5, 3, 2, 28658 }, // U+2024
    { 10, 3, 214, 2, 3, 4, 28660 }, // U+2025
    { 13, 4, 242, 1, 4, 7, 28664 }, // U+2026
    { 3, 3, 107, 2, 8, 2, 28671 }, // U+2027
    { 0, 0, 240, 0, 0, 0, 28673 }, // U+2028
    { 0, 0, 240, 0, 0, 0, 28673 }, // U+2029
    { 7, 19, 0, -1, 15, 17, 28673 }, // U+202A
    { 6, 19, 0, -5, 15, 15, 28690 }, // U+202B
    { 6, 21, 0, -3, 17, 16, 28705 }, // U+202C
    { 7, 21, 0, -3, 17, 19, 28721 }, // U+202D
    { 6, 21, 0, -3, 17, 16, 28740 }, // U+202E
    { 0, 0, 66, 0, 0, 0, 28756 }, // U+202F
    { 28, 18, 476, 1, 18, 63, 28756 }, // U+2030
    { 37, 18, 618, 1, 18, 84, 28819 }, // U+2031
    { 7, 7, 93, 0, 18, 7, 28903 }, // U+2032
    { 10, 7, 165, 0, 18, 9, 28910 }, // U+2033
    { 16, 7, 234, 0, 18, 14, 28919 }, // U+2034
    { 6, 7, 93, -1, 18, 6, 28933 }, // U+2035
    { 10, 7, 176, -1, 18, 9, 28939 }, // U+2036
    { 14, 7, 241, -1, 18, 13, 28948 }, // U+2037
    { 10, 8, 160, 0, 2, 10, 28961 }, // U+2038
    { 6, 12, 109, 0, 13, 9, 28971 }, // U+2039
    { 6, 12, 110, 1, 13, 9, 28980 }, // U+203A
    { 19, 18, 335, 1, 18, 43, 28989 }, // U+203B
    { 9, 18, 200, 2, 18, 21, 29032 }, // U+203C
    { 11, 18, 178, 0, 18, 25, 29053 }, // U+203D
    { 13, 2, 200, 0, 21, 4, 29078 }, // U+203E
    { 15, 6, 244, 0, 0, 12, 29082 }, // U+203F
    { 15, 7, 244, 0, 21, 14, 29094 }, // U+2040
    { 9, 16, 150, 0, 10, 18, 29108 }, // U+2041
    { 28, 24, 447, 0, 19, 84, 29126 }, // U+2042
    { 6, 2, 129, 1, 8, 2, 29210 }, // U+2043
    { 15, 18, 242, 0, 18, 34, 29212 }, // U+2044
    { 6, 23, 130, 2, 18, 18, 29246 }, // U+2045
    { 7, 22, 130, 0, 18, 20, 29264 }, // U+2046
    { 21, 18, 342, 0, 18, 48, 29284 }, // U+2047
    { 15, 18, 272, 0, 18, 34, 29332 }, // U+2048
    { 15, 18, 273, 2, 18, 34, 29366 }, // U+2049
    { 12, 14, 229, 1, 14, 21, 29400 }, // U+204A
    { 14, 24, 262, 2, 19, 42, 29421 }, // U+204B
    { 13, 13, 256, 1, 14, 22, 29463 }, // U+204C
    { 12, 13, 256, 2, 14, 20, 29485 }, // U+204D
    { 12, 12, 220, 1, 6, 18, 29505 }, // U+204E
    { 4, 17, 95, 1, 14, 9, 29523 }, // U+204F
    { 15, 27, 242, 0, 21, 51, 29532 }, // U+2050
    { 12, 25, 220, 1, 19, 38, 29583 }, // U+2051
    { 10, 18, 149, 0, 18, 23, 29621 }, // U+2052
    { 23, 4, 400, 1, 9, 12, 29644 }, // U+2053
    { 15, 7, 242, 0, 0, 14, 29656 }, // U+2054
    { 13, 13, 229, 1, 13, 22, 29670 }, // U+2055
    { 10, 18, 207, 1, 18, 23, 29692 }, // U+2056
    { 20, 7, 297, 0, 18, 18, 29715 }, // U+2057
    { 18, 18, 329, 1, 18, 41, 29733 }, // U+2058
    { 18, 18, 332, 1, 18, 41, 29774 }, // U+2059
    { 3, 18, 88, 1, 18, 7, 29815 }, // U+205A
    { 14, 19, 262, 1, 19, 34, 29822 }, // U+205B
    { 18, 19, 318, 1, 19, 43, 29856 }, // U+205C
    { 3, 18, 107, 2, 18, 7, 29899 }, // U+205D
    { 3, 18, 107, 2, 18, 7, 29906 }, // U+205E
    { 0, 0, 89, 0, 0, 0, 29913 }, // U+205F
    { 0, 0, 240, 0, 0, 0, 29913 }, // U+2060
    { 0, 0, 240, 0, 0, 0, 29913 }, // U+2061
    { 0, 0, 240, 0, 0, 0, 29913 }, // U+2062
    { 0, 0, 240, 0, 0, 0, 29913 }, // U+2063
    { 0, 0, 240, 0, 0, 0, 29913 }, // U+2064
    { 0, 0, 0, 0, 0, 0, 29913 }, // U+2066
    { 0, 0, 0, 0, 0, 0, 29913 }, // U+2067
    { 0, 0, 0, 0, 0, 0, 29913 }, // U+2068
    { 0, 0, 0, 0, 0, 0, 29913 }, // U+2069
    { 6, 21, 0, -3, 17, 16, 29913 }, // U+206A
    { 7, 21, 0, -3, 17, 19, 29929 }, // U+206B
    { 7, 21, 0, -3, 18, 19, 29948 }, // U+206C
    { 7, 22, 0, -3, 19, 20, 29967 }, // U+206D
    { 7, 22, 0, -3, 19, 20, 29987 }, // U+206E
    { 7, 21, 0, -3, 17, 19, 30007 }, // U+206F
    { 8, 8, 146, 1, 19, 8, 30026 }, // U+2070
    { 3, 13, 67, 1, 20, 5, 30034 }, // U+2071
    { 8, 8, 156, 1, 19, 8, 30039 }, // U+2074
    { 8, 8, 143, 1, 19, 8, 30047 }, // U+2075
    { 7, 8, 137, 1, 19, 7, 30055 }, // U+2076
    { 7, 8, 130, 1, 19, 7, 30062 }, // U+2077
    { 8, 8, 141, 1, 19, 8, 30069 }, // U+2078
    { 7, 8, 133, 1, 19, 7, 30077 }, // U+2079
    { 7, 7, 135, 1, 18, 7, 30084 }, // U+207A
    { 7, 2, 135, 1, 16, 2, 30091 }, // U+207B
    { 7, 4, 135, 1, 17, 4, 30093 }, // U+207C
    { 5, 13, 90, 2, 22, 9, 30097 }, // U+207D
    { 5, 13, 90, 0, 22, 9, 30106 }, // U+207E
    { 8, 8, 161, 1, 15, 8, 30115 }, // U+207F
    { 8, 10, 146, 1, 5, 10, 30123 }, // U+2080
    { 5, 9, 112, 1, 4, 6, 30133 }, // U+2081
    { 8, 10, 138, 0, 5, 10, 30139 }, // U+2082
    { 8, 9, 137, 0, 4, 9, 30149 }, // U+2083
    { 8, 9, 156, 1, 4, 9, 30158 }, // U+2084
    { 8, 9, 143, 1, 4, 9, 30167 }, // U+2085
    { 7, 10, 137, 1, 5, 9, 30176 }, // U+2086
    { 7, 9, 130, 1, 4, 8, 30185 }, // U+2087
    { 8, 10, 141, 1, 5, 10, 30193 }, // U+2088
    { 7, 10, 133, 1, 5, 9, 30203 }, // U+2089
    { 7, 7, 135, 1, 5, 7, 30212 }, // U+208A
    { 7, 2, 135, 1, 2, 2, 30219 }, // U+208B
    { 7, 5, 135, 1, 5, 5, 30221 }, // U+208C
    { 5, 14, 90, 2, 9, 9, 30226 }, // U+208D
    { 5, 14, 90, 0, 9, 9, 30235 }, // U+208E
    { 9, 8, 146, 0, 6, 9, 30244 }, // U+2090
    { 9, 8, 147, 0, 6, 9, 30253 }, // U+2091
    { 10, 8, 157, 0, 6, 10, 30262 }, // U+2092
    { 9, 8, 138, 0, 6, 9, 30272 }, // U+2093
    { 9, 8, 147, 0, 6, 9, 30281 }, // U+2094
    { 8, 11, 161, 1, 9, 11, 30290 }, // U+2095
    { 8, 11, 139, 1, 9, 11, 30301 }, // U+2096
    { 2, 11, 67, 1, 9, 3, 30312 }, // U+2097
    { 13, 8, 243, 1, 6, 13, 30315 }, // U+2098
    { 8, 8, 161, 1, 6, 8, 30328 }, // U+2099
    { 8, 12, 160, 1, 6, 12, 30336 }, // U+209A
    { 7, 8, 124, 1, 6, 7, 30348 }, // U+209B
    { 7, 11, 94, -1, 9, 10, 30355 }, // U+209C
    { 13, 18, 229, 1, 18, 30, 30365 }, // U+20A0
    { 17, 25, 272, 0, 21, 54, 30395 }, // U+20A1
    { 13, 18, 229, 1, 18, 30, 30449 }, // U+20A2
    { 14, 18, 241, 0, 18, 32, 30479 }, // U+20A3
    { 15, 18, 244, 0, 18, 34, 30511 }, // U+20A4
    { 20, 20, 374, 2, 17, 50, 30545 }, // U+20A5
    { 19, 18, 318, 1, 18, 43, 30595 }, // U+20A6
    { 16, 18, 316, 2, 18, 36, 30638 }, // U+20A7
    { 18, 18, 333, 2, 18, 41, 30674 }, // U+20A8
    { 25, 18, 398, 0, 18, 57, 30715 }, // U+20A9
    { 16, 15, 317, 2, 15, 30, 30772 }, // U+20AA
    { 11, 18, 196, 1, 18, 25, 30802 }, // U+20AB
    { 15, 18, 258, 1, 18, 34, 30827 }, // U+20AC
    { 18, 18, 304, 0, 18, 41, 30861 }, // U+20AD
    { 13, 18, 229, 1, 18, 30, 30902 }, // U+20AE
    { 24, 24, 388, 0, 18, 72, 30932 }, // U+20AF
    { 13, 24, 229, 0, 18, 39, 31004 }, // U+20B0
    { 16, 18, 318, 2, 18, 36, 31043 }, // U+20B1
    { 17, 25, 306, 1, 21, 54, 31079 }, // U+20B2
    { 17, 18, 243, 0, 18, 39, 31133 }, // U+20B3
    { 13, 18, 220, 1, 18, 30, 31172 }, // U+20B4
    { 15, 23, 272, 1, 21, 44, 31202 }, // U+20B5
    { 15, 17, 248, 0, 17, 32, 31246 }, // U+20B6
    { 17, 20, 290, 1, 18, 43, 31278 }, // U+20B7
    { 13, 18, 218, 1, 18, 30, 31321 }, // U+20B8
    { 12, 19, 216, 1, 18, 29, 31351 }, // U+20B9
    { 15, 18, 244, 0, 18, 34, 31380 }, // U+20BA
    { 19, 18, 312, 1, 18, 43, 31414 }, // U+20BB
    { 14, 21, 304, 2, 21, 37, 31457 }, // U+20BC
    { 15, 18, 291, 2, 18, 34, 31494 }, // U+20BD
    { 16, 20, 308, 2, 20, 40, 31528 }, // U+20BE
    { 11, 24, 229, 2, 21, 33, 31568 }, // U+20BF
    { 11, 18, 197, 1, 14, 25, 31601 }, // U+20C0
    { 13, 20, 236, 1, 19, 33, 31626 }, // U+2202
    { 16, 15, 246, 0, 14, 30, 31659 }, // U+2205
    { 18, 18, 284, 0, 18, 41, 31689 }, // U+2206
    { 18, 24, 283, 0, 18, 54, 31730 }, // U+220F
    { 11, 17, 209, 1, 17, 24, 31784 }, // U+2211
    { 12, 3, 232, 1, 9, 5, 31808 }, // U+2212
    { 14, 22, 220, 0, 19, 39, 31813 }, // U+2215
    { 4, 4, 98, 1, 10, 2, 31852 }, // U+2219
    { 17, 22, 274, 0, 18, 47, 31854 }, // U+221A
    { 20, 10, 347, 1, 11, 25, 31901 }, // U+221E
    { 15, 22, 221, 0, 19, 42, 31926 }, // U+222B
    { 12, 9, 224, 1, 11, 14, 31968 }, // U+2248
    { 12, 13, 226, 1, 14, 20, 31982 }, // U+2260
    { 14, 13, 251, 1, 13, 23, 32002 }, // U+2264
    { 14, 13, 251, 1, 13, 23, 32025 }, // U+2265
    { 19, 19, 275, 1, 19, 46, 32048 }, // U+FB00
    { 14, 20, 268, 1, 20, 35, 32094 }, // U+FB01
    { 13, 19, 258, 1, 19, 31, 32129 }, // U+FB02
    { 22, 19, 378, 1, 19, 53, 32160 }, // U+FB03
    { 22, 19, 378, 1, 19, 53, 32213 }, // U+FB04
    { 14, 19, 269, 2, 19, 34, 32266 }, // U+FB05
    { 19, 19, 336, 1, 19, 46, 32300 }, // U+FB06
    { 23, 24, 400, 1, 20, 69, 32346 }, // U+FFFD
};

static const EpdUnicodeInterval lexenddeca_12_regularIntervals[] = {
    { 0x0, 0x0, 0x0 },
    { 0xD, 0xD, 0x1 },
    { 0x20, 0x7E, 0x2 },
    { 0xA0, 0x17F, 0x61 },
    { 0x1A0, 0x1A1, 0x141 },
    { 0x1AF, 0x1B0, 0x143 },
    { 0x1C4, 0x21F, 0x145 },
    { 0x300, 0x36F, 0x1A1 },
    { 0x400, 0x4FF, 0x211 },
    { 0x5D0, 0x5EA, 0x311 },
    { 0x1EA0, 0x1EF9, 0x32C },
    { 0x2000, 0x2064, 0x386 },
    { 0x2066, 0x2071, 0x3EB },
    { 0x2074, 0x208E, 0x3F7 },
    { 0x2090, 0x209C, 0x412 },
    { 0x20A0, 0x20C0, 0x41F },
    { 0x2202, 0x2202, 0x440 },
    { 0x2205, 0x2206, 0x441 },
    { 0x220F, 0x220F, 0x443 },
    { 0x2211, 0x2212, 0x444 },
    { 0x2215, 0x2215, 0x446 },
    { 0x2219, 0x221A, 0x447 },
    { 0x221E, 0x221E, 0x449 },
    { 0x222B, 0x222B, 0x44A },
    { 0x2248, 0x2248, 0x44B },
    { 0x2260, 0x2260, 0x44C },
    { 0x2264, 0x2265, 0x44D },
    { 0xFB00, 0xFB06, 0x44F },
    { 0xFFFD, 0xFFFD, 0x456 },
};

static const EpdKernClassEntry lexenddeca_12_regularKernLeftClasses[] = {
    { 0x0026, 1 }, // &
    { 0x0028, 2 }, // (
    { 0x002A, 3 }, // *
    { 0x002C, 4 }, // ,
    { 0x002E, 5 }, // .
    { 0x002F, 6 }, // /
    { 0x0030, 7 }, // 0
    { 0x0031, 8 }, // 1
    { 0x0032, 9 }, // 2
    { 0x0033, 10 }, // 3
    { 0x0034, 11 }, // 4
    { 0x0035, 12 }, // 5
    { 0x0036, 13 }, // 6
    { 0x0037, 14 }, // 7
    { 0x0038, 15 }, // 8
    { 0x0039, 16 }, // 9
    { 0x003C, 17 }, // <
    { 0x003E, 18 }, // >
    { 0x003F, 19 }, // ?
    { 0x0040, 20 }, // @
    { 0x0041, 21 }, // A
    { 0x0042, 22 }, // B
    { 0x0043, 23 }, // C
    { 0x0044, 24 }, // D
    { 0x0045, 25 }, // E
    { 0x0046, 26 }, // F
    { 0x0047, 27 }, // G
    { 0x0049, 28 }, // I
    { 0x004A, 29 }, // J
    { 0x004B, 30 }, // K
    { 0x004C, 31 }, // L
    { 0x004F, 24 }, // O
    { 0x0050, 32 }, // P
    { 0x0051, 33 }, // Q
    { 0x0052, 34 }, // R
    { 0x0053, 35 }, // S
    { 0x0054, 36 }, // T
    { 0x0055, 37 }, // U
    { 0x0056, 38 }, // V
    { 0x0057, 39 }, // W
    { 0x0058, 40 }, // X
    { 0x0059, 41 }, // Y
    { 0x005A, 42 }, // Z
    { 0x005B, 43 }, // [
    { 0x005C, 44 }, // <backslash>
    { 0x005F, 45 }, // _
    { 0x0061, 46 }, // a
    { 0x0062, 47 }, // b
    { 0x0063, 48 }, // c
    { 0x0064, 49 }, // d
    { 0x0065, 50 }, // e
    { 0x0066, 51 }, // f
    { 0x0067, 52 }, // g
    { 0x0068, 53 }, // h
    { 0x0069, 54 }, // i
    { 0x006A, 55 }, // j
    { 0x006B, 56 }, // k
    { 0x006C, 57 }, // l
    { 0x006D, 53 }, // m
    { 0x006E, 53 }, // n
    { 0x006F, 47 }, // o
    { 0x0070, 47 }, // p
    { 0x0071, 58 }, // q
    { 0x0072, 59 }, // r
    { 0x0073, 60 }, // s
    { 0x0074, 61 }, // t
    { 0x0075, 62 }, // u
    { 0x0076, 63 }, // v
    { 0x0077, 64 }, // w
    { 0x0078, 65 }, // x
    { 0x0079, 66 }, // y
    { 0x007A, 67 }, // z
    { 0x007B, 68 }, // {
    { 0x007D, 69 }, // }
    { 0x00A1, 70 }, // U+00A1
    { 0x00A3, 71 }, // U+00A3
    { 0x00B7, 72 }, // U+00B7
    { 0x00BF, 73 }, // U+00BF
    { 0x00C0, 21 }, // U+00C0
    { 0x00C1, 21 }, // U+00C1
    { 0x00C2, 21 }, // U+00C2
    { 0x00C3, 21 }, // U+00C3
    { 0x00C4, 21 }, // U+00C4
    { 0x00C5, 21 }, // U+00C5
    { 0x00C6, 25 }, // U+00C6
    { 0x00C8, 25 }, // U+00C8
    { 0x00C9, 25 }, // U+00C9
    { 0x00CA, 25 }, // U+00CA
    { 0x00CB, 25 }, // U+00CB
    { 0x00D0, 24 }, // U+00D0
    { 0x00D2, 24 }, // U+00D2
    { 0x00D3, 24 }, // U+00D3
    { 0x00D4, 24 }, // U+00D4
    { 0x00D5, 24 }, // U+00D5
    { 0x00D6, 24 }, // U+00D6
    { 0x00D8, 24 }, // U+00D8
    { 0x00D9, 37 }, // U+00D9
    { 0x00DA, 37 }, // U+00DA
    { 0x00DB, 37 }, // U+00DB
    { 0x00DC, 37 }, // U+00DC
    { 0x00DD, 41 }, // U+00DD
    { 0x00DE, 74 }, // U+00DE
    { 0x00DF, 75 }, // U+00DF
    { 0x00E0, 46 }, // U+00E0
    { 0x00E1, 46 }, // U+00E1
    { 0x00E2, 46 }, // U+00E2
    { 0x00E3, 46 }, // U+00E3
    { 0x00E4, 46 }, // U+00E4
    { 0x00E5, 46 }, // U+00E5
    { 0x00E7, 48 }, // U+00E7
    { 0x00E8, 50 }, // U+00E8
    { 0x00E9, 50 }, // U+00E9
    { 0x00EA, 50 }, // U+00EA
    { 0x00EB, 50 }, // U+00EB
    { 0x00EC, 54 }, // U+00EC
    { 0x00ED, 54 }, // U+00ED
    { 0x00EE, 54 }, // U+00EE
    { 0x00EF, 54 }, // U+00EF
    { 0x00F0, 76 }, // U+00F0
    { 0x00F1, 53 }, // U+00F1
    { 0x00F2, 47 }, // U+00F2
    { 0x00F3, 47 }, // U+00F3
    { 0x00F4, 47 }, // U+00F4
    { 0x00F5, 47 }, // U+00F5
    { 0x00F6, 47 }, // U+00F6
    { 0x00F8, 47 }, // U+00F8
    { 0x00F9, 62 }, // U+00F9
    { 0x00FA, 62 }, // U+00FA
    { 0x00FB, 62 }, // U+00FB
    { 0x00FC, 62 }, // U+00FC
    { 0x00FD, 66 }, // U+00FD
    { 0x00FE, 47 }, // U+00FE
    { 0x00FF, 66 }, // U+00FF
    { 0x0100, 21 }, // U+0100
    { 0x0101, 46 }, // U+0101
    { 0x0102, 21 }, // U+0102
    { 0x0103, 46 }, // U+0103
    { 0x0104, 21 }, // U+0104
    { 0x0105, 46 }, // U+0105
    { 0x0107, 48 }, // U+0107
    { 0x0109, 48 }, // U+0109
    { 0x010B, 48 }, // U+010B
    { 0x010D, 48 }, // U+010D
    { 0x010E, 24 }, // U+010E
    { 0x010F, 77 }, // U+010F
    { 0x0110, 24 }, // U+0110
    { 0x0111, 49 }, // U+0111
    { 0x0112, 25 }, // U+0112
    { 0x0113, 50 }, // U+0113
    { 0x0114, 25 }, // U+0114
    { 0x0115, 50 }, // U+0115
    { 0x0116, 25 }, // U+0116
    { 0x0117, 50 }, // U+0117
    { 0x0118, 25 }, // U+0118
    { 0x0119, 50 }, // U+0119
    { 0x011A, 25 }, // U+011A
    { 0x011B, 50 }, // U+011B
    { 0x011C, 27 }, // U+011C
    { 0x011D, 78 }, // U+011D
    { 0x011E, 27 }, // U+011E
    { 0x011F, 78 }, // U+011F
    { 0x0120, 27 }, // U+0120
    { 0x0121, 78 }, // U+0121
    { 0x0122, 27 }, // U+0122
    { 0x0123, 78 }, // U+0123
    { 0x0125, 53 }, // U+0125
    { 0x0127, 53 }, // U+0127
    { 0x0129, 54 }, // U+0129
    { 0x012B, 54 }, // U+012B
    { 0x012D, 54 }, // U+012D
    { 0x012F, 54 }, // U+012F
    { 0x0131, 54 }, // U+0131
    { 0x0132, 29 }, // U+0132
    { 0x0133, 55 }, // U+0133
    { 0x0134, 29 }, // U+0134
    { 0x0135, 55 }, // U+0135
    { 0x0136, 30 }, // U+0136
    { 0x0137, 56 }, // U+0137
    { 0x0138, 56 }, // U+0138
    { 0x0139, 31 }, // U+0139
    { 0x013A, 57 }, // U+013A
    { 0x013B, 31 }, // U+013B
    { 0x013C, 57 }, // U+013C
    { 0x013D, 31 }, // U+013D
    { 0x013E, 77 }, // U+013E
    { 0x013F, 31 }, // U+013F
    { 0x0140, 57 }, // U+0140
    { 0x0141, 31 }, // U+0141
    { 0x0142, 57 }, // U+0142
    { 0x0144, 53 }, // U+0144
    { 0x0146, 53 }, // U+0146
    { 0x0148, 53 }, // U+0148
    { 0x0149, 53 }, // U+0149
    { 0x014B, 53 }, // U+014B
    { 0x014C, 24 }, // U+014C
    { 0x014D, 47 }, // U+014D
    { 0x014E, 24 }, // U+014E
    { 0x014F, 47 }, // U+014F
    { 0x0150, 24 }, // U+0150
    { 0x0151, 47 }, // U+0151
    { 0x0152, 25 }, // U+0152
    { 0x0153, 50 }, // U+0153
    { 0x0154, 79 }, // U+0154
    { 0x0155, 59 }, // U+0155
    { 0x0156, 79 }, // U+0156
    { 0x0157, 59 }, // U+0157
    { 0x0158, 79 }, // U+0158
    { 0x0159, 59 }, // U+0159
    { 0x015A, 35 }, // U+015A
    { 0x015B, 60 }, // U+015B
    { 0x015C, 35 }, // U+015C
    { 0x015D, 60 }, // U+015D
    { 0x015E, 35 }, // U+015E
    { 0x015F, 60 }, // U+015F
    { 0x0160, 35 }, // U+0160
    { 0x0161, 60 }, // U+0161
    { 0x0162, 36 }, // U+0162
    { 0x0163, 61 }, // U+0163
    { 0x0164, 36 }, // U+0164
    { 0x0165, 61 }, // U+0165
    { 0x0166, 36 }, // U+0166
    { 0x0167, 61 }, // U+0167
    { 0x0168, 37 }, // U+0168
    { 0x0169, 62 }, // U+0169
    { 0x016A, 37 }, // U+016A
    { 0x016B, 62 }, // U+016B
    { 0x016C, 37 }, // U+016C
    { 0x016D, 62 }, // U+016D
    { 0x016E, 37 }, // U+016E
    { 0x016F, 62 }, // U+016F
    { 0x0170, 37 }, // U+0170
    { 0x0171, 62 }, // U+0171
    { 0x0172, 37 }, // U+0172
    { 0x0173, 62 }, // U+0173
    { 0x0174, 39 }, // U+0174
    { 0x0175, 64 }, // U+0175
    { 0x0176, 41 }, // U+0176
    { 0x0177, 66 }, // U+0177
    { 0x0178, 41 }, // U+0178
    { 0x0179, 42 }, // U+0179
    { 0x017A, 67 }, // U+017A
    { 0x017B, 42 }, // U+017B
    { 0x017C, 67 }, // U+017C
    { 0x017D, 42 }, // U+017D
    { 0x017E, 67 }, // U+017E
    { 0x01A0, 24 }, // U+01A0
    { 0x01A1, 47 }, // U+01A1
    { 0x01AF, 37 }, // U+01AF
    { 0x01B0, 62 }, // U+01B0
    { 0x01C4, 42 }, // U+01C4
    { 0x01C5, 67 }, // U+01C5
    { 0x01C6, 67 }, // U+01C6
    { 0x01C7, 29 }, // U+01C7
    { 0x01C8, 55 }, // U+01C8
    { 0x01C9, 57 }, // U+01C9
    { 0x01CA, 29 }, // U+01CA
    { 0x01CB, 55 }, // U+01CB
    { 0x01CC, 55 }, // U+01CC
    { 0x01CD, 21 }, // U+01CD
    { 0x01CE, 46 }, // U+01CE
    { 0x01D0, 54 }, // U+01D0
    { 0x01D1, 24 }, // U+01D1
    { 0x01D2, 47 }, // U+01D2
    { 0x01D3, 37 }, // U+01D3
    { 0x01D4, 62 }, // U+01D4
    { 0x01E6, 27 }, // U+01E6
    { 0x01E7, 78 }, // U+01E7
    { 0x01EA, 24 }, // U+01EA
    { 0x01EB, 47 }, // U+01EB
    { 0x01F1, 42 }, // U+01F1
    { 0x01F2, 67 }, // U+01F2
    { 0x01FA, 21 }, // U+01FA
    { 0x01FB, 46 }, // U+01FB
    { 0x01FC, 25 }, // U+01FC
    { 0x01FE, 24 }, // U+01FE
    { 0x01FF, 47 }, // U+01FF
    { 0x0200, 21 }, // U+0200
    { 0x0201, 46 }, // U+0201
    { 0x0202, 21 }, // U+0202
    { 0x0203, 46 }, // U+0203
    { 0x0204, 25 }, // U+0204
    { 0x0205, 50 }, // U+0205
    { 0x0206, 25 }, // U+0206
    { 0x0207, 50 }, // U+0207
    { 0x0209, 54 }, // U+0209
    { 0x020B, 54 }, // U+020B
    { 0x020C, 24 }, // U+020C
    { 0x020D, 47 }, // U+020D
    { 0x020E, 24 }, // U+020E
    { 0x020F, 47 }, // U+020F
    { 0x0210, 79 }, // U+0210
    { 0x0211, 59 }, // U+0211
    { 0x0212, 79 }, // U+0212
    { 0x0213, 59 }, // U+0213
    { 0x0214, 37 }, // U+0214
    { 0x0215, 62 }, // U+0215
    { 0x0216, 37 }, // U+0216
    { 0x0217, 62 }, // U+0217
    { 0x0218, 35 }, // U+0218
    { 0x0219, 60 }, // U+0219
    { 0x021A, 36 }, // U+021A
    { 0x021B, 61 }, // U+021B
    { 0x0400, 80 }, // U+0400
    { 0x0401, 80 }, // U+0401
    { 0x0402, 81 }, // U+0402
    { 0x0403, 82 }, // U+0403
    { 0x0404, 83 }, // U+0404
    { 0x0405, 84 }, // U+0405
    { 0x0409, 85 }, // U+0409
    { 0x040A, 85 }, // U+040A
    { 0x040B, 81 }, // U+040B
    { 0x040C, 86 }, // U+040C
    { 0x040E, 87 }, // U+040E
    { 0x0410, 88 }, // U+0410
    { 0x0411, 89 }, // U+0411
    { 0x0412, 90 }, // U+0412
    { 0x0413, 82 }, // U+0413
    { 0x0414, 91 }, // U+0414
    { 0x0415, 80 }, // U+0415
    { 0x0416, 86 }, // U+0416
    { 0x0417, 90 }, // U+0417
    { 0x041A, 86 }, // U+041A
    { 0x041E, 92 }, // U+041E
    { 0x0420, 93 }, // U+0420
    { 0x0421, 83 }, // U+0421
    { 0x0422, 82 }, // U+0422
    { 0x0423, 87 }, // U+0423
    { 0x0424, 94 }, // U+0424
    { 0x0425, 86 }, // U+0425
    { 0x0426, 91 }, // U+0426
    { 0x0429, 91 }, // U+0429
    { 0x042A, 85 }, // U+042A
    { 0x042C, 85 }, // U+042C
    { 0x042D, 92 }, // U+042D
    { 0x042E, 92 }, // U+042E
    { 0x0430, 95 }, // U+0430
    { 0x0431, 96 }, // U+0431
    { 0x0432, 97 }, // U+0432
    { 0x0433, 98 }, // U+0433
    { 0x0434, 99 }, // U+0434
    { 0x0435, 100 }, // U+0435
    { 0x0436, 101 }, // U+0436
    { 0x0437, 97 }, // U+0437
    { 0x0438, 102 }, // U+0438
    { 0x0439, 102 }, // U+0439
    { 0x043A, 101 }, // U+043A
    { 0x043B, 102 }, // U+043B
    { 0x043C, 102 }, // U+043C
    { 0x043D, 102 }, // U+043D
    { 0x043E, 100 }, // U+043E
    { 0x043F, 102 }, // U+043F
    { 0x0440, 100 }, // U+0440
    { 0x0441, 103 }, // U+0441
    { 0x0442, 98 }, // U+0442
    { 0x0443, 104 }, // U+0443
    { 0x0444, 100 }, // U+0444
    { 0x0445, 101 }, // U+0445
    { 0x0446, 99 }, // U+0446
    { 0x0447, 102 }, // U+0447
    { 0x0448, 102 }, // U+0448
    { 0x0449, 99 }, // U+0449
    { 0x044A, 105 }, // U+044A
    { 0x044B, 102 }, // U+044B
    { 0x044C, 105 }, // U+044C
    { 0x044D, 100 }, // U+044D
    { 0x044E, 100 }, // U+044E
    { 0x044F, 102 }, // U+044F
    { 0x0450, 100 }, // U+0450
    { 0x0451, 100 }, // U+0451
    { 0x0452, 106 }, // U+0452
    { 0x0453, 98 }, // U+0453
    { 0x0454, 103 }, // U+0454
    { 0x0455, 107 }, // U+0455
    { 0x0457, 108 }, // U+0457
    { 0x0458, 109 }, // U+0458
    { 0x0459, 105 }, // U+0459
    { 0x045A, 105 }, // U+045A
    { 0x045B, 110 }, // U+045B
    { 0x045C, 101 }, // U+045C
    { 0x045D, 102 }, // U+045D
    { 0x045E, 104 }, // U+045E
    { 0x045F, 102 }, // U+045F
    { 0x0460, 92 }, // U+0460
    { 0x0461, 111 }, // U+0461
    { 0x0462, 112 }, // U+0462
    { 0x0463, 105 }, // U+0463
    { 0x0464, 83 }, // U+0464
    { 0x0465, 103 }, // U+0465
    { 0x0466, 88 }, // U+0466
    { 0x0467, 113 }, // U+0467
    { 0x0468, 88 }, // U+0468
    { 0x0469, 113 }, // U+0469
    { 0x046E, 114 }, // U+046E
    { 0x0471, 100 }, // U+0471
    { 0x0472, 92 }, // U+0472
    { 0x0473, 100 }, // U+0473
    { 0x0474, 87 }, // U+0474
    { 0x0475, 111 }, // U+0475
    { 0x0476, 87 }, // U+0476
    { 0x0477, 111 }, // U+0477
    { 0x0478, 104 }, // U+0478
    { 0x0479, 104 }, // U+0479
    { 0x047A, 92 }, // U+047A
    { 0x047B, 100 }, // U+047B
    { 0x047C, 92 }, // U+047C
    { 0x047D, 100 }, // U+047D
    { 0x047E, 92 }, // U+047E
    { 0x047F, 111 }, // U+047F
    { 0x0480, 83 }, // U+0480
    { 0x048A, 91 }, // U+048A
    { 0x048B, 99 }, // U+048B
    { 0x048C, 112 }, // U+048C
    { 0x048D, 105 }, // U+048D
    { 0x048E, 93 }, // U+048E
    { 0x048F, 100 }, // U+048F
    { 0x0490, 115 }, // U+0490
    { 0x0491, 116 }, // U+0491
    { 0x0492, 117 }, // U+0492
    { 0x0493, 118 }, // U+0493
    { 0x0496, 119 }, // U+0496
    { 0x0497, 120 }, // U+0497
    { 0x0498, 114 }, // U+0498
    { 0x0499, 97 }, // U+0499
    { 0x049A, 119 }, // U+049A
    { 0x049B, 120 }, // U+049B
    { 0x049C, 86 }, // U+049C
    { 0x049D, 101 }, // U+049D
    { 0x049E, 86 }, // U+049E
    { 0x049F, 101 }, // U+049F
    { 0x04A0, 86 }, // U+04A0
    { 0x04A1, 101 }, // U+04A1
    { 0x04A2, 91 }, // U+04A2
    { 0x04A3, 99 }, // U+04A3
    { 0x04A4, 117 }, // U+04A4
    { 0x04A5, 116 }, // U+04A5
    { 0x04A9, 100 }, // U+04A9
    { 0x04AA, 83 }, // U+04AA
    { 0x04AB, 103 }, // U+04AB
    { 0x04AC, 115 }, // U+04AC
    { 0x04AD, 116 }, // U+04AD
    { 0x04AE, 121 }, // U+04AE
    { 0x04AF, 122 }, // U+04AF
    { 0x04B0, 121 }, // U+04B0
    { 0x04B1, 122 }, // U+04B1
    { 0x04B2, 119 }, // U+04B2
    { 0x04B3, 120 }, // U+04B3
    { 0x04B4, 91 }, // U+04B4
    { 0x04B5, 99 }, // U+04B5
    { 0x04B6, 91 }, // U+04B6
    { 0x04B7, 99 }, // U+04B7
    { 0x04BC, 123 }, // U+04BC
    { 0x04BD, 124 }, // U+04BD
    { 0x04BE, 123 }, // U+04BE
    { 0x04BF, 124 }, // U+04BF
    { 0x04C1, 86 }, // U+04C1
    { 0x04C2, 101 }, // U+04C2
    { 0x04C5, 91 }, // U+04C5
    { 0x04C6, 99 }, // U+04C6
    { 0x04C9, 91 }, // U+04C9
    { 0x04CA, 99 }, // U+04CA
    { 0x04CD, 91 }, // U+04CD
    { 0x04CE, 99 }, // U+04CE
    { 0x04D0, 88 }, // U+04D0
    { 0x04D1, 95 }, // U+04D1
    { 0x04D2, 88 }, // U+04D2
    { 0x04D3, 95 }, // U+04D3
    { 0x04D4, 80 }, // U+04D4
    { 0x04D5, 124 }, // U+04D5
    { 0x04D6, 80 }, // U+04D6
    { 0x04D7, 124 }, // U+04D7
    { 0x04D8, 92 }, // U+04D8
    { 0x04D9, 100 }, // U+04D9
    { 0x04DA, 92 }, // U+04DA
    { 0x04DB, 100 }, // U+04DB
    { 0x04DC, 86 }, // U+04DC
    { 0x04DD, 101 }, // U+04DD
    { 0x04DE, 114 }, // U+04DE
    { 0x04DF, 97 }, // U+04DF
    { 0x04E3, 102 }, // U+04E3
    { 0x04E5, 102 }, // U+04E5
    { 0x04E6, 92 }, // U+04E6
    { 0x04E7, 100 }, // U+04E7
    { 0x04E8, 92 }, // U+04E8
    { 0x04E9, 100 }, // U+04E9
    { 0x04EA, 92 }, // U+04EA
    { 0x04EB, 100 }, // U+04EB
    { 0x04EC, 92 }, // U+04EC
    { 0x04ED, 100 }, // U+04ED
    { 0x04EE, 87 }, // U+04EE
    { 0x04EF, 104 }, // U+04EF
    { 0x04F0, 87 }, // U+04F0
    { 0x04F1, 104 }, // U+04F1
    { 0x04F2, 87 }, // U+04F2
    { 0x04F3, 104 }, // U+04F3
    { 0x04F5, 102 }, // U+04F5
    { 0x04F6, 115 }, // U+04F6
    { 0x04F7, 116 }, // U+04F7
    { 0x04F9, 102 }, // U+04F9
    { 0x04FA, 117 }, // U+04FA
    { 0x04FB, 118 }, // U+04FB
    { 0x04FC, 119 }, // U+04FC
    { 0x04FD, 120 }, // U+04FD
    { 0x04FE, 86 }, // U+04FE
    { 0x04FF, 120 }, // U+04FF
    { 0x05D0, 125 }, // U+05D0
    { 0x05D1, 126 }, // U+05D1
    { 0x05D2, 127 }, // U+05D2
    { 0x05D3, 128 }, // U+05D3
    { 0x05D5, 129 }, // U+05D5
    { 0x05D6, 130 }, // U+05D6
    { 0x05D8, 131 }, // U+05D8
    { 0x05D9, 132 }, // U+05D9
    { 0x05DB, 133 }, // U+05DB
    { 0x05DC, 134 }, // U+05DC
    { 0x05DE, 135 }, // U+05DE
    { 0x05E0, 136 }, // U+05E0
    { 0x05E1, 137 }, // U+05E1
    { 0x05E2, 138 }, // U+05E2
    { 0x05E4, 139 }, // U+05E4
    { 0x05E6, 140 }, // U+05E6
    { 0x05E8, 141 }, // U+05E8
    { 0x05E9, 142 }, // U+05E9
    { 0x05EA, 143 }, // U+05EA
    { 0x1EA0, 21 }, // U+1EA0
    { 0x1EA1, 46 }, // U+1EA1
    { 0x1EA2, 21 }, // U+1EA2
    { 0x1EA3, 46 }, // U+1EA3
    { 0x1EA4, 21 }, // U+1EA4
    { 0x1EA5, 46 }, // U+1EA5
    { 0x1EA6, 21 }, // U+1EA6
    { 0x1EA7, 46 }, // U+1EA7
    { 0x1EA8, 21 }, // U+1EA8
    { 0x1EA9, 46 }, // U+1EA9
    { 0x1EAA, 21 }, // U+1EAA
    { 0x1EAB, 46 }, // U+1EAB
    { 0x1EAC, 21 }, // U+1EAC
    { 0x1EAD, 46 }, // U+1EAD
    { 0x1EAE, 21 }, // U+1EAE
    { 0x1EAF, 46 }, // U+1EAF
    { 0x1EB0, 21 }, // U+1EB0
    { 0x1EB1, 46 }, // U+1EB1
    { 0x1EB2, 21 }, // U+1EB2
    { 0x1EB3, 46 }, // U+1EB3
    { 0x1EB4, 21 }, // U+1EB4
    { 0x1EB5, 46 }, // U+1EB5
    { 0x1EB6, 21 }, // U+1EB6
    { 0x1EB7, 46 }, // U+1EB7
    { 0x1EB8, 25 }, // U+1EB8
    { 0x1EB9, 50 }, // U+1EB9
    { 0x1EBA, 25 }, // U+1EBA
    { 0x1EBB, 50 }, // U+1EBB
    { 0x1EBC, 25 }, // U+1EBC
    { 0x1EBD, 50 }, // U+1EBD
    { 0x1EBE, 25 }, // U+1EBE
    { 0x1EBF, 50 }, // U+1EBF
    { 0x1EC0, 25 }, // U+1EC0
    { 0x1EC1, 50 }, // U+1EC1
    { 0x1EC2, 25 }, // U+1EC2
    { 0x1EC3, 50 }, // U+1EC3
    { 0x1EC4, 25 }, // U+1EC4
    { 0x1EC5, 50 }, // U+1EC5
    { 0x1EC6, 25 }, // U+1EC6
    { 0x1EC7, 50 }, // U+1EC7
    { 0x1EC9, 54 }, // U+1EC9
    { 0x1ECB, 54 }, // U+1ECB
    { 0x1ECC, 24 }, // U+1ECC
    { 0x1ECD, 47 }, // U+1ECD
    { 0x1ECE, 24 }, // U+1ECE
    { 0x1ECF, 47 }, // U+1ECF
    { 0x1ED0, 24 }, // U+1ED0
    { 0x1ED1, 47 }, // U+1ED1
    { 0x1ED2, 24 }, // U+1ED2
    { 0x1ED3, 47 }, // U+1ED3
    { 0x1ED4, 24 }, // U+1ED4
    { 0x1ED5, 47 }, // U+1ED5
    { 0x1ED6, 24 }, // U+1ED6
    { 0x1ED7, 47 }, // U+1ED7
    { 0x1ED8, 24 }, // U+1ED8
    { 0x1ED9, 47 }, // U+1ED9
    { 0x1EDA, 24 }, // U+1EDA
    { 0x1EDB, 47 }, // U+1EDB
    { 0x1EDC, 24 }, // U+1EDC
    { 0x1EDD, 47 }, // U+1EDD
    { 0x1EDE, 24 }, // U+1EDE
    { 0x1EDF, 47 }, // U+1EDF
    { 0x1EE0, 24 }, // U+1EE0
    { 0x1EE1, 47 }, // U+1EE1
    { 0x1EE2, 24 }, // U+1EE2
    { 0x1EE3, 47 }, // U+1EE3
    { 0x1EE4, 37 }, // U+1EE4
    { 0x1EE5, 62 }, // U+1EE5
    { 0x1EE6, 37 }, // U+1EE6
    { 0x1EE7, 62 }, // U+1EE7
    { 0x1EE8, 37 }, // U+1EE8
    { 0x1EE9, 62 }, // U+1EE9
    { 0x1EEA, 37 }, // U+1EEA
    { 0x1EEB, 62 }, // U+1EEB
    { 0x1EEC, 37 }, // U+1EEC
    { 0x1EED, 62 }, // U+1EED
    { 0x1EEE, 37 }, // U+1EEE
    { 0x1EEF, 62 }, // U+1EEF
    { 0x1EF0, 37 }, // U+1EF0
    { 0x1EF1, 62 }, // U+1EF1
    { 0x1EF2, 41 }, // U+1EF2
    { 0x1EF3, 66 }, // U+1EF3
    { 0x1EF4, 41 }, // U+1EF4
    { 0x1EF5, 66 }, // U+1EF5
    { 0x1EF6, 41 }, // U+1EF6
    { 0x1EF7, 66 }, // U+1EF7
    { 0x1EF8, 41 }, // U+1EF8
    { 0x1EF9, 66 }, // U+1EF9
    { 0x2018, 144 }, // U+2018
    { 0x2019, 145 }, // U+2019
    { 0x201C, 146 }, // U+201C
    { 0x201D, 147 }, // U+201D
    { 0x2022, 148 }, // U+2022
    { 0x2206, 149 }, // U+2206
    { 0x221E, 150 }, // U+221E
    { 0x222B, 151 }, // U+222B
    { 0xFB01, 54 }, // U+FB01
    { 0xFB02, 57 }, // U+FB02
};

static const EpdKernClassEntry lexenddeca_12_regularKernRightClasses[] = {
    { 0x0021, 1 }, // !
    { 0x0026, 2 }, // &
    { 0x0029, 3 }, // )
    { 0x002A, 4 }, // *
    { 0x002C, 5 }, // ,
    { 0x002D, 6 }, // -
    { 0x002E, 7 }, // .
    { 0x002F, 8 }, // /
    { 0x0030, 9 }, // 0
    { 0x0031, 10 }, // 1
    { 0x0032, 11 }, // 2
    { 0x0034, 12 }, // 4
    { 0x0036, 13 }, // 6
    { 0x0037, 14 }, // 7
    { 0x0038, 15 }, // 8
    { 0x0039, 16 }, // 9
    { 0x003C, 17 }, // <
    { 0x003F, 18 }, // ?
    { 0x0040, 19 }, // @
    { 0x0041, 20 }, // A
    { 0x0042, 21 }, // B
    { 0x0043, 22 }, // C
    { 0x0044, 21 }, // D
    { 0x0045, 21 }, // E
    { 0x0046, 21 }, // F
    { 0x0047, 22 }, // G
    { 0x0048, 21 }, // H
    { 0x0049, 23 }, // I
    { 0x004A, 24 }, // J
    { 0x004B, 21 }, // K
    { 0x004C, 21 }, // L
    { 0x004D, 21 }, // M
    { 0x004E, 21 }, // N
    { 0x004F, 22 }, // O
    { 0x0050, 21 }, // P
    { 0x0051, 22 }, // Q
    { 0x0052, 21 }, // R
    { 0x0053, 25 }, // S
    { 0x0054, 26 }, // T
    { 0x0055, 27 }, // U
    { 0x0056, 28 }, // V
    { 0x0057, 29 }, // W
    { 0x0058, 30 }, // X
    { 0x0059, 31 }, // Y
    { 0x005A, 32 }, // Z
    { 0x005B, 33 }, // [
    { 0x005C, 34 }, // <backslash>
    { 0x005D, 35 }, // ]
    { 0x005F, 36 }, // _
    { 0x0061, 37 }, // a
    { 0x0062, 38 }, // b
    { 0x0063, 37 }, // c
    { 0x0064, 37 }, // d
    { 0x0065, 37 }, // e
    { 0x0066, 39 }, // f
    { 0x0067, 40 }, // g
    { 0x0068, 38 }, // h
    { 0x006A, 41 }, // j
    { 0x006B, 38 }, // k
    { 0x006C, 38 }, // l
    { 0x006D, 42 }, // m
    { 0x006E, 42 }, // n
    { 0x006F, 37 }, // o
    { 0x0070, 43 }, // p
    { 0x0071, 37 }, // q
    { 0x0072, 42 }, // r
    { 0x0073, 44 }, // s
    { 0x0074, 45 }, // t
    { 0x0075, 46 }, // u
    { 0x0076, 47 }, // v
    { 0x0077, 48 }, // w
    { 0x0078, 49 }, // x
    { 0x0079, 50 }, // y
    { 0x007A, 51 }, // z
    { 0x007B, 33 }, // {
    { 0x007D, 52 }, // }
    { 0x00A1, 53 }, // U+00A1
    { 0x00B7, 54 }, // U+00B7
    { 0x00BF, 55 }, // U+00BF
    { 0x00C0, 56 }, // U+00C0
    { 0x00C1, 56 }, // U+00C1
    { 0x00C2, 56 }, // U+00C2
    { 0x00C3, 56 }, // U+00C3
    { 0x00C4, 56 }, // U+00C4
    { 0x00C5, 56 }, // U+00C5
    { 0x00C6, 57 }, // U+00C6
    { 0x00C7, 22 }, // U+00C7
    { 0x00C8, 21 }, // U+00C8
    { 0x00C9, 21 }, // U+00C9
    { 0x00CA, 21 }, // U+00CA
    { 0x00CB, 21 }, // U+00CB
    { 0x00D0, 21 }, // U+00D0
    { 0x00D1, 21 }, // U+00D1
    { 0x00D2, 22 }, // U+00D2
    { 0x00D3, 22 }, // U+00D3
    { 0x00D4, 22 }, // U+00D4
    { 0x00D5, 22 }, // U+00D5
    { 0x00D6, 22 }, // U+00D6
    { 0x00D8, 22 }, // U+00D8
    { 0x00D9, 27 }, // U+00D9
    { 0x00DA, 27 }, // U+00DA
    { 0x00DB, 27 }, // U+00DB
    { 0x00DC, 27 }, // U+00DC
    { 0x00DD, 58 }, // U+00DD
    { 0x00DE, 21 }, // U+00DE
    { 0x00DF, 59 }, // U+00DF
    { 0x00E0, 37 }, // U+00E0
    { 0x00E1, 37 }, // U+00E1
    { 0x00E2, 37 }, // U+00E2
    { 0x00E3, 37 }, // U+00E3
    { 0x00E4, 37 }, // U+00E4
    { 0x00E5, 37 }, // U+00E5
    { 0x00E7, 37 }, // U+00E7
    { 0x00E8, 37 }, // U+00E8
    { 0x00E9, 37 }, // U+00E9
    { 0x00EA, 37 }, // U+00EA
    { 0x00EB, 37 }, // U+00EB
    { 0x00F0, 60 }, // U+00F0
    { 0x00F1, 42 }, // U+00F1
    { 0x00F2, 37 }, // U+00F2
    { 0x00F3, 37 }, // U+00F3
    { 0x00F4, 37 }, // U+00F4
    { 0x00F5, 37 }, // U+00F5
    { 0x00F6, 37 }, // U+00F6
    { 0x00F8, 37 }, // U+00F8
    { 0x00F9, 46 }, // U+00F9
    { 0x00FA, 46 }, // U+00FA
    { 0x00FB, 46 }, // U+00FB
    { 0x00FC, 46 }, // U+00FC
    { 0x00FD, 50 }, // U+00FD
    { 0x00FE, 61 }, // U+00FE
    { 0x00FF, 50 }, // U+00FF
    { 0x0100, 56 }, // U+0100
    { 0x0101, 37 }, // U+0101
    { 0x0102, 56 }, // U+0102
    { 0x0103, 37 }, // U+0103
    { 0x0104, 56 }, // U+0104
    { 0x0105, 37 }, // U+0105
    { 0x0106, 22 }, // U+0106
    { 0x0107, 37 }, // U+0107
    { 0x0108, 22 }, // U+0108
    { 0x0109, 37 }, // U+0109
    { 0x010A, 22 }, // U+010A
    { 0x010B, 37 }, // U+010B
    { 0x010C, 22 }, // U+010C
    { 0x010D, 37 }, // U+010D
    { 0x010E, 21 }, // U+010E
    { 0x010F, 37 }, // U+010F
    { 0x0110, 21 }, // U+0110
    { 0x0111, 37 }, // U+0111
    { 0x0112, 21 }, // U+0112
    { 0x0113, 37 }, // U+0113
    { 0x0114, 21 }, // U+0114
    { 0x0115, 37 }, // U+0115
    { 0x0116, 21 }, // U+0116
    { 0x0117, 37 }, // U+0117
    { 0x0118, 21 }, // U+0118
    { 0x0119, 37 }, // U+0119
    { 0x011A, 21 }, // U+011A
    { 0x011B, 37 }, // U+011B
    { 0x011C, 22 }, // U+011C
    { 0x011D, 40 }, // U+011D
    { 0x011E, 22 }, // U+011E
    { 0x011F, 40 }, // U+011F
    { 0x0120, 22 }, // U+0120
    { 0x0121, 40 }, // U+0121
    { 0x0122, 22 }, // U+0122
    { 0x0123, 40 }, // U+0123
    { 0x0124, 21 }, // U+0124
    { 0x0125, 38 }, // U+0125
    { 0x0127, 38 }, // U+0127
    { 0x0134, 24 }, // U+0134
    { 0x0135, 41 }, // U+0135
    { 0x0136, 21 }, // U+0136
    { 0x0137, 38 }, // U+0137
    { 0x0138, 38 }, // U+0138
    { 0x0139, 21 }, // U+0139
    { 0x013A, 38 }, // U+013A
    { 0x013B, 21 }, // U+013B
    { 0x013C, 38 }, // U+013C
    { 0x013D, 21 }, // U+013D
    { 0x013E, 38 }, // U+013E
    { 0x013F, 21 }, // U+013F
    { 0x0140, 38 }, // U+0140
    { 0x0141, 21 }, // U+0141
    { 0x0142, 38 }, // U+0142
    { 0x0143, 21 }, // U+0143
    { 0x0144, 42 }, // U+0144
    { 0x0145, 21 }, // U+0145
    { 0x0146, 42 }, // U+0146
    { 0x0147, 21 }, // U+0147
    { 0x0148, 42 }, // U+0148
    { 0x014A, 21 }, // U+014A
    { 0x014B, 42 }, // U+014B
    { 0x014C, 22 }, // U+014C
    { 0x014D, 37 }, // U+014D
    { 0x014E, 22 }, // U+014E
    { 0x014F, 37 }, // U+014F
    { 0x0150, 22 }, // U+0150
    { 0x0151, 37 }, // U+0151
    { 0x0152, 22 }, // U+0152
    { 0x0153, 37 }, // U+0153
    { 0x0154, 21 }, // U+0154
    { 0x0155, 42 }, // U+0155
    { 0x0156, 21 }, // U+0156
    { 0x0157, 42 }, // U+0157
    { 0x0158, 21 }, // U+0158
    { 0x0159, 42 }, // U+0159
    { 0x015A, 25 }, // U+015A
    { 0x015B, 44 }, // U+015B
    { 0x015C, 25 }, // U+015C
    { 0x015D, 44 }, // U+015D
    { 0x015E, 25 }, // U+015E
    { 0x015F, 44 }, // U+015F
    { 0x0160, 25 }, // U+0160
    { 0x0161, 44 }, // U+0161
    { 0x0162, 62 }, // U+0162
    { 0x0163, 45 }, // U+0163
    { 0x0164, 62 }, // U+0164
    { 0x0165, 45 }, // U+0165
    { 0x0166, 62 }, // U+0166
    { 0x0167, 45 }, // U+0167
    { 0x0168, 27 }, // U+0168
    { 0x0169, 46 }, // U+0169
    { 0x016A, 27 }, // U+016A
    { 0x016B, 46 }, // U+016B
    { 0x016C, 27 }, // U+016C
    { 0x016D, 46 }, // U+016D
    { 0x016E, 27 }, // U+016E
    { 0x016F, 46 }, // U+016F
    { 0x0170, 27 }, // U+0170
    { 0x0171, 46 }, // U+0171
    { 0x0172, 27 }, // U+0172
    { 0x0173, 46 }, // U+0173
    { 0x0174, 63 }, // U+0174
    { 0x0175, 48 }, // U+0175
    { 0x0176, 58 }, // U+0176
    { 0x0177, 50 }, // U+0177
    { 0x0178, 58 }, // U+0178
    { 0x0179, 32 }, // U+0179
    { 0x017A, 51 }, // U+017A
    { 0x017B, 32 }, // U+017B
    { 0x017C, 51 }, // U+017C
    { 0x017D, 32 }, // U+017D
    { 0x017E, 51 }, // U+017E
    { 0x01A0, 22 }, // U+01A0
    { 0x01A1, 37 }, // U+01A1
    { 0x01AF, 27 }, // U+01AF
    { 0x01B0, 46 }, // U+01B0
    { 0x01C4, 21 }, // U+01C4
    { 0x01C5, 21 }, // U+01C5
    { 0x01C6, 37 }, // U+01C6
    { 0x01C7, 21 }, // U+01C7
    { 0x01C8, 21 }, // U+01C8
    { 0x01C9, 38 }, // U+01C9
    { 0x01CA, 21 }, // U+01CA
    { 0x01CB, 21 }, // U+01CB
    { 0x01CC, 42 }, // U+01CC
    { 0x01CD, 56 }, // U+01CD
    { 0x01CE, 37 }, // U+01CE
    { 0x01D1, 22 }, // U+01D1
    { 0x01D2, 37 }, // U+01D2
    { 0x01D3, 27 }, // U+01D3
    { 0x01D4, 46 }, // U+01D4
    { 0x01E6, 22 }, // U+01E6
    { 0x01E7, 40 }, // U+01E7
    { 0x01EA, 22 }, // U+01EA
    { 0x01EB, 37 }, // U+01EB
    { 0x01F1, 21 }, // U+01F1
    { 0x01F2, 21 }, // U+01F2
    { 0x01FA, 56 }, // U+01FA
    { 0x01FB, 37 }, // U+01FB
    { 0x01FC, 57 }, // U+01FC
    { 0x01FE, 22 }, // U+01FE
    { 0x01FF, 37 }, // U+01FF
    { 0x0200, 56 }, // U+0200
    { 0x0201, 37 }, // U+0201
    { 0x0202, 56 }, // U+0202
    { 0x0203, 37 }, // U+0203
    { 0x0204, 21 }, // U+0204
    { 0x0205, 37 }, // U+0205
    { 0x0206, 21 }, // U+0206
    { 0x0207, 37 }, // U+0207
    { 0x020C, 22 }, // U+020C
    { 0x020D, 37 }, // U+020D
    { 0x020E, 22 }, // U+020E
    { 0x020F, 37 }, // U+020F
    { 0x0210, 21 }, // U+0210
    { 0x0211, 42 }, // U+0211
    { 0x0212, 21 }, // U+0212
    { 0x0213, 42 }, // U+0213
    { 0x0214, 27 }, // U+0214
    { 0x0215, 46 }, // U+0215
    { 0x0216, 27 }, // U+0216
    { 0x0217, 46 }, // U+0217
    { 0x0218, 25 }, // U+0218
    { 0x0219, 44 }, // U+0219
    { 0x021A, 62 }, // U+021A
    { 0x021B, 45 }, // U+021B
    { 0x0402, 64 }, // U+0402
    { 0x0404, 65 }, // U+0404
    { 0x0405, 66 }, // U+0405
    { 0x0408, 67 }, // U+0408
    { 0x0409, 68 }, // U+0409
    { 0x040B, 64 }, // U+040B
    { 0x040E, 69 }, // U+040E
    { 0x0410, 70 }, // U+0410
    { 0x0414, 71 }, // U+0414
    { 0x0416, 72 }, // U+0416
    { 0x0417, 73 }, // U+0417
    { 0x041B, 68 }, // U+041B
    { 0x041E, 65 }, // U+041E
    { 0x0421, 65 }, // U+0421
    { 0x0422, 64 }, // U+0422
    { 0x0423, 69 }, // U+0423
    { 0x0424, 74 }, // U+0424
    { 0x0425, 72 }, // U+0425
    { 0x0427, 75 }, // U+0427
    { 0x042A, 64 }, // U+042A
    { 0x042D, 73 }, // U+042D
    { 0x042F, 76 }, // U+042F
    { 0x0430, 77 }, // U+0430
    { 0x0431, 78 }, // U+0431
    { 0x0432, 79 }, // U+0432
    { 0x0433, 79 }, // U+0433
    { 0x0434, 80 }, // U+0434
    { 0x0435, 81 }, // U+0435
    { 0x0436, 82 }, // U+0436
    { 0x0437, 83 }, // U+0437
    { 0x0438, 79 }, // U+0438
    { 0x0439, 79 }, // U+0439
    { 0x043A, 79 }, // U+043A
    { 0x043B, 84 }, // U+043B
    { 0x043C, 79 }, // U+043C
    { 0x043D, 79 }, // U+043D
    { 0x043E, 81 }, // U+043E
    { 0x043F, 79 }, // U+043F
    { 0x0440, 79 }, // U+0440
    { 0x0441, 81 }, // U+0441
    { 0x0442, 85 }, // U+0442
    { 0x0443, 86 }, // U+0443
    { 0x0444, 81 }, // U+0444
    { 0x0445, 82 }, // U+0445
    { 0x0446, 79 }, // U+0446
    { 0x0447, 87 }, // U+0447
    { 0x0448, 79 }, // U+0448
    { 0x0449, 79 }, // U+0449
    { 0x044A, 85 }, // U+044A
    { 0x044B, 79 }, // U+044B
    { 0x044C, 79 }, // U+044C
    { 0x044D, 83 }, // U+044D
    { 0x044E, 79 }, // U+044E
    { 0x044F, 88 }, // U+044F
    { 0x0450, 81 }, // U+0450
    { 0x0451, 81 }, // U+0451
    { 0x0452, 89 }, // U+0452
    { 0x0453, 79 }, // U+0453
    { 0x0454, 81 }, // U+0454
    { 0x0455, 90 }, // U+0455
    { 0x0457, 91 }, // U+0457
    { 0x0458, 92 }, // U+0458
    { 0x0459, 84 }, // U+0459
    { 0x045A, 79 }, // U+045A
    { 0x045B, 89 }, // U+045B
    { 0x045C, 79 }, // U+045C
    { 0x045D, 79 }, // U+045D
    { 0x045E, 86 }, // U+045E
    { 0x045F, 79 }, // U+045F
    { 0x0460, 93 }, // U+0460
    { 0x0461, 94 }, // U+0461
    { 0x0462, 95 }, // U+0462
    { 0x0465, 96 }, // U+0465
    { 0x0466, 70 }, // U+0466
    { 0x0467, 80 }, // U+0467
    { 0x0469, 96 }, // U+0469
    { 0x046D, 96 }, // U+046D
    { 0x046E, 73 }, // U+046E
    { 0x0470, 75 }, // U+0470
    { 0x0472, 93 }, // U+0472
    { 0x0473, 77 }, // U+0473
    { 0x0474, 97 }, // U+0474
    { 0x0475, 94 }, // U+0475
    { 0x0476, 97 }, // U+0476
    { 0x0477, 94 }, // U+0477
    { 0x0478, 93 }, // U+0478
    { 0x0479, 77 }, // U+0479
    { 0x047A, 93 }, // U+047A
    { 0x047B, 77 }, // U+047B
    { 0x047C, 93 }, // U+047C
    { 0x047D, 77 }, // U+047D
    { 0x047E, 93 }, // U+047E
    { 0x047F, 94 }, // U+047F
    { 0x0480, 93 }, // U+0480
    { 0x0481, 77 }, // U+0481
    { 0x048B, 96 }, // U+048B
    { 0x048C, 95 }, // U+048C
    { 0x048D, 89 }, // U+048D
    { 0x048F, 96 }, // U+048F
    { 0x0491, 96 }, // U+0491
    { 0x0492, 95 }, // U+0492
    { 0x0495, 96 }, // U+0495
    { 0x0496, 72 }, // U+0496
    { 0x0497, 82 }, // U+0497
    { 0x0498, 73 }, // U+0498
    { 0x0499, 83 }, // U+0499
    { 0x049B, 96 }, // U+049B
    { 0x049D, 96 }, // U+049D
    { 0x049F, 89 }, // U+049F
    { 0x04A0, 98 }, // U+04A0
    { 0x04A1, 85 }, // U+04A1
    { 0x04A3, 96 }, // U+04A3
    { 0x04A5, 96 }, // U+04A5
    { 0x04A7, 96 }, // U+04A7
    { 0x04A8, 93 }, // U+04A8
    { 0x04A9, 77 }, // U+04A9
    { 0x04AA, 93 }, // U+04AA
    { 0x04AB, 77 }, // U+04AB
    { 0x04AC, 64 }, // U+04AC
    { 0x04AD, 85 }, // U+04AD
    { 0x04AE, 99 }, // U+04AE
    { 0x04AF, 100 }, // U+04AF
    { 0x04B0, 99 }, // U+04B0
    { 0x04B1, 100 }, // U+04B1
    { 0x04B2, 72 }, // U+04B2
    { 0x04B3, 82 }, // U+04B3
    { 0x04B4, 98 }, // U+04B4
    { 0x04B5, 85 }, // U+04B5
    { 0x04B6, 75 }, // U+04B6
    { 0x04B7, 87 }, // U+04B7
    { 0x04B8, 75 }, // U+04B8
    { 0x04B9, 87 }, // U+04B9
    { 0x04BB, 96 }, // U+04BB
    { 0x04BC, 101 }, // U+04BC
    { 0x04BD, 102 }, // U+04BD
    { 0x04BE, 101 }, // U+04BE
    { 0x04BF, 102 }, // U+04BF
    { 0x04C1, 72 }, // U+04C1
    { 0x04C2, 82 }, // U+04C2
    { 0x04C4, 96 }, // U+04C4
    { 0x04C5, 103 }, // U+04C5
    { 0x04C6, 80 }, // U+04C6
    { 0x04C8, 96 }, // U+04C8
    { 0x04CA, 96 }, // U+04CA
    { 0x04CB, 75 }, // U+04CB
    { 0x04CC, 87 }, // U+04CC
    { 0x04CE, 96 }, // U+04CE
    { 0x04D0, 70 }, // U+04D0
    { 0x04D1, 104 }, // U+04D1
    { 0x04D2, 70 }, // U+04D2
    { 0x04D3, 104 }, // U+04D3
    { 0x04D4, 70 }, // U+04D4
    { 0x04D5, 104 }, // U+04D5
    { 0x04D7, 77 }, // U+04D7
    { 0x04D8, 105 }, // U+04D8
    { 0x04D9, 104 }, // U+04D9
    { 0x04DA, 105 }, // U+04DA
    { 0x04DB, 104 }, // U+04DB
    { 0x04DC, 72 }, // U+04DC
    { 0x04DD, 82 }, // U+04DD
    { 0x04DE, 73 }, // U+04DE
    { 0x04DF, 83 }, // U+04DF
    { 0x04E3, 79 }, // U+04E3
    { 0x04E5, 79 }, // U+04E5
    { 0x04E6, 93 }, // U+04E6
    { 0x04E7, 77 }, // U+04E7
    { 0x04E8, 93 }, // U+04E8
    { 0x04E9, 77 }, // U+04E9
    { 0x04EA, 93 }, // U+04EA
    { 0x04EB, 77 }, // U+04EB
    { 0x04EC, 73 }, // U+04EC
    { 0x04ED, 83 }, // U+04ED
    { 0x04EE, 69 }, // U+04EE
    { 0x04EF, 86 }, // U+04EF
    { 0x04F0, 69 }, // U+04F0
    { 0x04F1, 86 }, // U+04F1
    { 0x04F2, 69 }, // U+04F2
    { 0x04F3, 86 }, // U+04F3
    { 0x04F4, 75 }, // U+04F4
    { 0x04F5, 87 }, // U+04F5
    { 0x04F7, 96 }, // U+04F7
    { 0x04F9, 79 }, // U+04F9
    { 0x04FA, 95 }, // U+04FA
    { 0x04FC, 72 }, // U+04FC
    { 0x04FD, 82 }, // U+04FD
    { 0x04FE, 72 }, // U+04FE
    { 0x04FF, 82 }, // U+04FF
    { 0x05D0, 106 }, // U+05D0
    { 0x05D1, 107 }, // U+05D1
    { 0x05D2, 108 }, // U+05D2
    { 0x05D3, 109 }, // U+05D3
    { 0x05D4, 110 }, // U+05D4
    { 0x05D6, 111 }, // U+05D6
    { 0x05D7, 112 }, // U+05D7
    { 0x05D8, 113 }, // U+05D8
    { 0x05D9, 114 }, // U+05D9
    { 0x05DA, 115 }, // U+05DA
    { 0x05DB, 116 }, // U+05DB
    { 0x05DC, 117 }, // U+05DC
    { 0x05DD, 118 }, // U+05DD
    { 0x05DE, 119 }, // U+05DE
    { 0x05E1, 120 }, // U+05E1
    { 0x05E2, 121 }, // U+05E2
    { 0x05E3, 122 }, // U+05E3
    { 0x05E4, 123 }, // U+05E4
    { 0x05E5, 124 }, // U+05E5
    { 0x05E7, 125 }, // U+05E7
    { 0x05E8, 126 }, // U+05E8
    { 0x05E9, 127 }, // U+05E9
    { 0x05EA, 128 }, // U+05EA
    { 0x1EA0, 56 }, // U+1EA0
    { 0x1EA1, 37 }, // U+1EA1
    { 0x1EA2, 56 }, // U+1EA2
    { 0x1EA3, 37 }, // U+1EA3
    { 0x1EA4, 56 }, // U+1EA4
    { 0x1EA5, 37 }, // U+1EA5
    { 0x1EA6, 56 }, // U+1EA6
    { 0x1EA7, 37 }, // U+1EA7
    { 0x1EA8, 56 }, // U+1EA8
    { 0x1EA9, 37 }, // U+1EA9
    { 0x1EAA, 56 }, // U+1EAA
    { 0x1EAB, 37 }, // U+1EAB
    { 0x1EAC, 56 }, // U+1EAC
    { 0x1EAD, 37 }, // U+1EAD
    { 0x1EAE, 56 }, // U+1EAE
    { 0x1EAF, 37 }, // U+1EAF
    { 0x1EB0, 56 }, // U+1EB0
    { 0x1EB1, 37 }, // U+1EB1
    { 0x1EB2, 56 }, // U+1EB2
    { 0x1EB3, 37 }, // U+1EB3
    { 0x1EB4, 56 }, // U+1EB4
    { 0x1EB5, 37 }, // U+1EB5
    { 0x1EB6, 56 }, // U+1EB6
    { 0x1EB7, 37 }, // U+1EB7
    { 0x1EB8, 21 }, // U+1EB8
    { 0x1EB9, 37 }, // U+1EB9
    { 0x1EBA, 21 }, // U+1EBA
    { 0x1EBB, 37 }, // U+1EBB
    { 0x1EBC, 21 }, // U+1EBC
    { 0x1EBD, 37 }, // U+1EBD
    { 0x1EBE, 21 }, // U+1EBE
    { 0x1EBF, 37 }, // U+1EBF
    { 0x1EC0, 21 }, // U+1EC0
    { 0x1EC1, 37 }, // U+1EC1
    { 0x1EC2, 21 }, // U+1EC2
    { 0x1EC3, 37 }, // U+1EC3
    { 0x1EC4, 21 }, // U+1EC4
    { 0x1EC5, 37 }, // U+1EC5
    { 0x1EC6, 21 }, // U+1EC6
    { 0x1EC7, 37 }, // U+1EC7
    { 0x1ECC, 22 }, // U+1ECC
    { 0x1ECD, 37 }, // U+1ECD
    { 0x1ECE, 22 }, // U+1ECE
    { 0x1ECF, 37 }, // U+1ECF
    { 0x1ED0, 22 }, // U+1ED0
    { 0x1ED1, 37 }, // U+1ED1
    { 0x1ED2, 22 }, // U+1ED2
    { 0x1ED3, 37 }, // U+1ED3
    { 0x1ED4, 22 }, // U+1ED4
    { 0x1ED5, 37 }, // U+1ED5
    { 0x1ED6, 22 }, // U+1ED6
    { 0x1ED7, 37 }, // U+1ED7
    { 0x1ED8, 22 }, // U+1ED8
    { 0x1ED9, 37 }, // U+1ED9
    { 0x1EDA, 22 }, // U+1EDA
    { 0x1EDB, 37 }, // U+1EDB
    { 0x1EDC, 22 }, // U+1EDC
    { 0x1EDD, 37 }, // U+1EDD
    { 0x1EDE, 22 }, // U+1EDE
    { 0x1EDF, 37 }, // U+1EDF
    { 0x1EE0, 22 }, // U+1EE0
    { 0x1EE1, 37 }, // U+1EE1
    { 0x1EE2, 22 }, // U+1EE2
    { 0x1EE3, 37 }, // U+1EE3
    { 0x1EE4, 27 }, // U+1EE4
    { 0x1EE5, 46 }, // U+1EE5
    { 0x1EE6, 27 }, // U+1EE6
    { 0x1EE7, 46 }, // U+1EE7
    { 0x1EE8, 27 }, // U+1EE8
    { 0x1EE9, 46 }, // U+1EE9
    { 0x1EEA, 27 }, // U+1EEA
    { 0x1EEB, 46 }, // U+1EEB
    { 0x1EEC, 27 }, // U+1EEC
    { 0x1EED, 46 }, // U+1EED
    { 0x1EEE, 27 }, // U+1EEE
    { 0x1EEF, 46 }, // U+1EEF
    { 0x1EF0, 27 }, // U+1EF0
    { 0x1EF1, 46 }, // U+1EF1
    { 0x1EF2, 58 }, // U+1EF2
    { 0x1EF3, 50 }, // U+1EF3
    { 0x1EF4, 58 }, // U+1EF4
    { 0x1EF5, 50 }, // U+1EF5
    { 0x1EF6, 58 }, // U+1EF6
    { 0x1EF7, 50 }, // U+1EF7
    { 0x1EF8, 58 }, // U+1EF8
    { 0x1EF9, 50 }, // U+1EF9
    { 0x2013, 129 }, // U+2013
    { 0x2014, 130 }, // U+2014
    { 0x2018, 131 }, // U+2018
    { 0x2019, 132 }, // U+2019
    { 0x201C, 133 }, // U+201C
    { 0x201D, 134 }, // U+201D
    { 0x2022, 135 }, // U+2022
    { 0x2206, 136 }, // U+2206
    { 0x222B, 137 }, // U+222B
    { 0xFB01, 39 }, // U+FB01
    { 0xFB02, 39 }, // U+FB02
};

static const int8_t lexenddeca_12_regularKernMatrix[] = {
       0,    0,   -6,    0,    0,    0,    0,    0,    0,    0,    0,    0,    0,    0,    0,    0,    0,    0,    0,    0,    0,    0,    0,    0,    0,  -22,    0,  -24,  -16,    0,  -20,    0,    0,    0,    0,    0,    0,    0,    0,    0,    0,    0,    0,    0,    0,    0,  -12,  -12,    0,  -12,    0,    0,    0,    0,    0,    0,    0,  -20,    0,   -4,    0,  -22,  -16,    0,    0,    0,    0,    0,    0,    0,    0,    0,    0,    0,    0,    0,    0,    0,    0,    0,    0,    0,    0,    0,    0,    0,    0,    0,    0,    0,    0,    0,    0,    0,    0,    0,    0,    0,    0,    0,    0,    0,    0,    0,    0,    0,    0,    0,    0,    0,    0,    0,    0,    0,    0,    0,    0,    0,    0,    0,    0,    0,    0,    0,    0,    0,    0,    0,    0,    0,    0,    0,    0,    0,    0,    0,    0,
       0,    0,    0,    0,    0,    0,    0,    0,    0,    0,    0,    0,    0,    0,    0,    0,    0,    0,    0,    0,    0,  -12,    0,  -16,    0,    0,    0,    0,    0,    0,    0,    0,    0,    0,    0,    0,  -10,    0,    0,  -10,   12,    0,   12,    0,    0,    0,    0,    0,    0,    0,    0,    0,    0,    0,    0,    0,    0,    0,    0,  -10,    6,    0,    0,    0,    0,    0,    0,    0,    0,    0,    0,    0,    0,    0,    0,    0,    0,    0,    0,    0,    0,    0,    0,    0,    0,    0,    0,    0,    0,    0,    0,    0,    0,    0,    0,    0,    0,    0,    0,    0,    0,    0,    0,    0,    0,    0,    0,    0,    0,    0,    0,    0,    0,    0,    0,    0,    0,    0,    0,    0,    0,    0,    0,    0,    0,    0,    0,    0,    0,    0,    0,    0,    0,    0,    0,    0,    0,
       0,    0,    0,    0,    0,    0,    0,    0,    0,    0,    0,    0,    0,    0,    0,    0,    0,    0,    0,  -30,    0,    0,    0,    0,    0,    0,    0,    0,    0,    0,    0,    0,    0,    0,    0,    0,    0,    0,    0,    0,    0,    0,    0,    0,    0,    0,    2,    0,    0,    0,    0,    0,    0,    0,    0,  -30,    0,    0,    0,  -10,    0,    0,    0,    0,    0,    0,    0,    0,    0,    0,    0,    0,    0,    0,    0,    0,    0,    0,    0,    0,    0,    0,    0,    0,    0,    0,    0,    0,    0,    0,    0,    0,    0,    0,    0,    0,    0,    0,    0,    0,    0,    0,    0,    0,    0,    0,    0,    0,    0,    0,    0,    0,    0,    0,    0,    0,    0,    0,    0,    0,    0,    0,    0,    0,    0,    0,    0,    0,    0,    0,    0,    0,    0,    0,    0,    0,    0,
       0,    0,    0,    0,    0,    0,    0,    0,    0,    0,    0,  -10,    0,    0,    0,    0,    0,    0,    0,    0,    0,   -8,    0,    0,    0,  -40,    0,  -48,  -32,    0,  -48,    0,    0,    0,    0,    0,    0,    0,    0,    0,    0,    0,    0,    0,    0,    0,  -32,  -16,    0,  -16,    0,    0,    0,    0,    0,    0,    0,  -48,    0,    0,    0,  -40,  -32,    0,    0,    0,    0,    0,    0,    0,    0,    0,    0,    0,    0,    0,    0,    0,    0,    0,    0,    0,    0,    0,    0,    0,    0,    0,    0,    0,    0,    0,    0,    0,    0,    0,    0,    0,    0,    0,    0,    0,    0,    0,    0,    0,    0,    0,    0,    0,    0,    0,    0,    0,    0,    0,    0,    0,    0,    0,    0,    0,    0,    0,    0,    0,    0,    0,    0,    0,    0,    0,    0,    0,    0,    0,    0,
       0,    0,    0,    0,    0,    0,    0,    0,    0,    0,    0,  -10,    0,    0,    0,    0,    0,    0,    0,    0,    0,   -8,    0,    0,    0,  -40,    0,  -40,  -32,    0,  -48,    0,    0,    0,    0,    0,    0,    0,    0,    0,    0,    0,    0,    0,    0,    0,  -32,  -16,    0,  -16,    0,    0,    0,    0,    0,    0,    0,  -48,    0,    0,    0,  -40,  -32,    0,    0,    0,    0,    0,    0,    0,    0,    0,    0,    0,    0,    0,    0,    0,    0,    0,    0,    0,    0,    0,    0,    0,    0,    0,    0,    0,    0,    0,    0,    0,    0,    0,    0,    0,    0,    0,    0,    0,    0,    0,    0,    0,    0,    0,    0,    0,    0,    0,    0,    0,    0,    0,    0,    0,    0,    0,    0,    0,    0,    0,    0,    0,    0,    0,    0,    0,    0,    0,    0,    0,    0,    0,    0,
       0,    0,    0,    0,    0,    0,    0,  -37,  -20,  -12,  -12,  -24,  -20,    0,    0,    0,    0,    0,    0,  -40,    0,  -16,    0,  -20,    0,    0,    0,    0,    0,    0,    0,    0,    0,    0,    0,    0,  -20,    0,    0,  -20,    0,    0,    0,  -12,    0,    0,    0,    0,   -2,    0,    0,    0,    0,    0,    0,  -40,    0,    0,   -5,  -13,    0,    0,    0,    0,    0,    0,    0,    0,    0,    0,    0,    0,    0,    0,    0,    0,    0,    0,    0,    0,    0,    0,    0,    0,    0,    0,    0,    0,    0,    0,    0,    0,    0,    0,    0,    0,    0,    0,    0,    0,    0,    0,    0,    0,    0,    0,    0,    0,    0,    0,    0,    0,    0,    0,    0,    0,    0,    0,    0,    0,    0,    0,    0,    0,    0,    0,    0,    0,    0,    0,    0,    0,    0,    0,    0,    0,    0,
       0,    0,    0,    0,    0,    0,    0,  -20,    0,    0,    0,    0,    0,    0,    0,    0,    0,    0,    0,    0,    0,    0,    0,    0,    0,    0,    0,    0,    0,    0,    0,    0,    0,    0,    0,    0,    0,    0,    0,    0,    0,    0,    0,    0,    0,    0,    0,    0,    0,    0,    0,    0,    0,    0,    0,    0,    0,    0,    0,    0,    0,    0,    0,    0,    0,    0,    0,    0,    0,    0,    0,    0,    0,    0,    0,    0,    0,    0,    0,    0,    0,    0,    0,    0,    0,    0,    0,    0,    0,    0,    0,    0,    0,    0,    0,    0,    0,    0,    0,    0,    0,    0,    0,    0,    0,    0,    0,    0,    0,    0,    0,    0,    0,    0,    0,    0,    0,    0,    0,    0,    0,    0,    0,    0,    0,    0,    0,    0,    0,    0,    0,    0,    0,    0,    0,  -20,    0,
       0,    0,    0,    0,    0,    0,    0,    0,    0,    0,    0,    0,    0,    0,    0,    0,  -16,    0,    0,    0,    0,    0,    0,    0,    0,    0,    0,    0,    0,    0,    0,    0,    0,    0,    0,    0,    0,    0,    0,    0,    0,    0,    0,    0,    0,    0,    0,    0,    0,    0,    0,    0,    0,    0,    0,    0,    0,    0,    0,    0,    0,    0,    0,    0,    0,    0,    0,    0,    0,    0,    0,    0,    0,    0,    0,    0,    0,    0,    0,    0,    0,    0,    0,    0,    0,    0,    0,    0,    0,    0,    0,    0,    0,    0,    0,    0,    0,    0,    0,    0,    0,    0,    0,    0,    0,    0,    0,    0,    0,    0,    0,    0,    0,    0,    0,    0,    0,    0,    0,    0,    0,    0,    0,    0,    0,    0,    0,    0,    0,    0,    0,    0,    0,    0,    0,    0,    0,
       0,    0,    0,    0,    0,    0,    0,    0,    0,    0,    0,   -8,    0,    0,    0,    0,    0,    0,    0,    0,    0,    0,    0,    0,    0,    0,    0,    0,    0,    0,    0,    0,    0,    0,    0,    0,    0,    0,    0,    0,    0,    0,    0,    0,    0,    0,    0,    0,    0,    0,    0,    4,    0,    0,    0,    0,    0,    0,    0,    0,    0,    0,    0,    0,    0,    0,    0,    0,    0,    0,    0,    0,    0,    0,    0,    0,    0,    0,    0,    0,    0,    0,    0,    0,    0,    0,    0,    0,    0,    0,    0,    0,    0,    0,    0,    0,    0,    0,    0,    0,    0,    0,    0,    0,    0,    0,    0,    0,    0,    0,    0,    0,    0,    0,    0,    0,    0,    0,    0,    0,    0,    0,    0,    0,    0,    0,    0,    0,    0,    0,    0,    0,    0,    0,    0,    0,    0,
       0,    0,    0,    0,    0,    0,    0,  -10,    0,    0,    0,    0,    0,    0,    0,    0,    0,    0,    0,    0,    0,    0,    0,    0,    0,    0,    0,    0,    0,    0,    0,    0,    0,    0,    0,    0,    0,    0,    0,    0,    0,    0,    0,    0,    0,    0,    0,    0,    0,    0,    0,    0,    0,    0,    0,    0,    0,    0,    0,    0,    0,    0,    0,    0,    0,    0,    0,    0,    0,    0,    0,    0,    0,    0,    0,    0,    0,    0,    0,    0,    0,    0,    0,    0,    0,    0,    0,    0,    0,    0,    0,    0,    0,    0,    0,    0,    0,    0,    0,    0,    0,    0,    0,    0,    0,    0,    0,    0,    0,    0,    0,    0,    0,    0,    0,    0,    0,    0,    0,    0,    0,    0,    0,    0,    0,    0,    0,    0,    0,    0,    0,    0,    0,    0,    0,  -12,    0,
       0,    0,    0,    0,    0,    0,    0,    0,    0,    0,   -8,    0,    0,   -8,    0,    0,    0,    0,    0,    0,    0,    0,    0,    0,    0,    0,    0,    0,    0,    0,    0,    0,    0,    0,    0,    0,    0,    0,    0,    0,    0,    0,    0,    0,    0,    0,    0,    0,    0,    0,    0,    0,    0,    0,    0,    0,    0,    0,    0,    0,    0,    0,    0,    0,    0,    0,    0,    0,    0,    0,    0,    0,    0,    0,    0,    0,    0,    0,    0,    0,    0,    0,    0,    0,    0,    0,    0,    0,    0,    0,    0,    0,    0,    0,    0,    0,    0,    0,    0,    0,    0,    0,    0,    0,    0,    0,    0,    0,    0,    0,    0,    0,    0,    0,    0,    0,    0,    0,    0,    0,    0,    0,    0,    0,    0,    0,    0,    0,    0,    0,    0,    0,    0,    0,    0,    0,  -24,
       0,    0,    0,    0,    0,    0,    0,  -16,    0,    0,    0,    0,    0,    0,    0,    0,    0,    0,    0,    0,    0,    0,    0,    0,    0,    0,    0,    0,    0,    0,    0,    0,    0,    0,    0,    0,    0,    0,    0,    0,    0,    0,    0,    0,    0,    0,    0,    0,    0,    0,    0,    0,    0,    0,    0,    0,    0,    0,    0,    0,    0,    0,    0,    0,    0,    0,    0,    0,    0,    0,    0,    0,    0,    0,    0,    0,    0,    0,    0,    0,    0,    0,    0,    0,    0,    0,    0,    0,    0,    0,    0,    0,    0,    0,    0,    0,    0,    0,    0,    0,    0,    0,    0,    0,    0,    0,    0,    0,    0,    0,    0,    0,    0,    0,    0,    0,    0,    0,    0,    0,    0,    0,    0,    0,    0,    0,    0,    0,    0,    0,    0,    0,    0,    0,    0,   -8,    0,
       0,    0,    0,    0,    0,    0,    0,    0,    0,    0,    0,    0,    0,    0,    0,    0,    0,    0,    0,    0,    0,    0,    0,    0,    0,    0,    0,    0,    0,    0,    0,    0,    0,    0,    0,    0,    0,    0,    0,    0,    0,    0,    0,    0,    0,    0,    0,    0,    0,    0,    0,    0,    0,    0,    0,    0,    0,    0,    0,    0,    0,    0,    0,    0,    0,    0,    0,    0,    0,    0,    0,    0,    0,    0,    0,    0,    0,    0,    0,    0,    0,    0,    0,    0,    0,    0,    0,    0,    0,    0,    0,    0,    0,    0,    0,    0,    0,    0,    0,    0,    0,    0,    0,    0,    0,    0,    0,    0,    0,    0,    0,    0,    0,    0,    0,    0,    0,    0,    0,    0,    0,    0,    0,    0,    0,    0,    0,    0,    0,    0,    0,    0,    0,    0,    0,   -8,    0,
       0,    0,    0,    0,  -40,    0,  -32,  -48,    0,   -6,   -8,  -10,   -8,    0,   -8,    0,  -20,    0,    0,    0,    0,    0,    0,    0,    0,    0,    0,    0,    0,    0,    0,    0,    0,    0,    0,    0,    0,    0,    0,    0,    0,    0,    0,    0,    0,    0,    0,    0,    0,    0,    0,    0,    0,    0,    0,    0,    0,    0,    0,    0,    0,    0,    0,    0,    0,    0,    0,    0,    0,    0,    0,    0,    0,    0,    0,    0,    0,    0,    0,    0,    0,    0,    0,    0,    0,    0,    0,    0,    0,    0,    0,    0,    0,    0,    0,    0,    0,    0,    0,    0,    0,    0,    0,    0,    0,    0,    0,    0,    0,    0,    0,    0,    0,    0,    0,    0,    0,    0,    0,    0,    0,    0,    0,    0,    0,    0,    0,    0,    0,    0,    0,    0,    0,    0,    0,  -36,    0,
       0,    0,    0,    0,    0,    0,    0,    0,    0,    0,    0,    0,    0,    0,    0,    0,    0,    0,    0,    0,    0,    0,    0,    0,    0,    0,    0,    0,    0,    0,    0,    0,    0,    0,    0,    0,    0,    0,    0,    0,    0,    0,    0,    0,    0,    0,    0,    0,    0,    0,    0,    0,    0,    0,    0,    0,    0,    0,    0,    0,    0,    0,    0,    0,    0,    0,    0,    0,    0,    0,    0,    0,    0,    0,    0,    0,    0,    0,    0,    0,    0,    0,    0,    0,    0,    0,    0,    0,    0,    0,    0,    0,    0,    0,    0,    0,    0,    0,    0,    0,    0,    0,    0,    0,    0,    0,    0,    0,    0,    0,    0,    0,    0,    0,    0,    0,    0,    0,    0,    0,    0,    0,    0,    0,    0,    0,    0,    0,    0,    0,    0,    0,    0,    0,    0,  -12,    0,
       0,    0,    0,    0,    0,    0,    0,  -20,    0,    0,    0,    0,    0,    0,    0,    0,    0,    0,    0,    0,    0,    0,    0,    0,    0,    0,    0,    0,    0,    0,    0,    0,    0,    0,    0,    0,    0,    0,    0,    0,    0,    0,    0,    0,    0,    0,    0,    0,    0,    0,    0,    0,    0,    0,    0,    0,    0,    0,    0,    0,    0,    0,    0,    0,    0,    0,    0,    0,    0,    0,    0,    0,    0,    0,    0,    0,    0,    0,    0,    0,    0,    0,    0,    0,    0,    0,    0,    0,    0,    0,    0,    0,    0,    0,    0,    0,    0,    0,    0,    0,    0,    0,    0,    0,    0,    0,    0,    0,    0,    0,    0,    0,    0,    0,    0,    0,    0,    0,    0,    0,    0,    0,    0,    0,    0,    0,    0,    0,    0,    0,    0,    0,    0,    0,    0,  -16,    0,
       0,    0,    0,    0,    0,    0,    0,    0,    0,   -8,    0,    0,    0,    0,    0,    0,    0,    0,    0,    0,    0,    0,    0,    0,    0,    0,    0,    0,    0,    0,    0,    0,    0,    0,    0,    0,    0,    0,    0,    0,    0,    0,    0,    0,    0,    0,    0,    0,    0,    0,    0,    0,    0,    0,    0,    0,    0,    0,    0,    0,    0,    0,    0,    0,    0,    0,    0,    0,    0,    0,    0,    0,    0,    0,    0,    0,    0,    0,    0,    0,    0,    0,    0,    0,    0,    0,    0,    0,    0,    0,    0,    0,    0,    0,    0,    0,    0,    0,    0,    0,    0,    0,    0,    0,    0,    0,    0,    0,    0,    0,    0,    0,    0,    0,    0,    0,    0,    0,    0,    0,    0,    0,    0,    0,    0,    0,    0,    0,    0,    0,    0,    0,    0,    0,    0,    0,    0,
       0,    0,    0,    0,    0,    0,    0,    0,    0,  -24,  -12,    0,    0,  -20,    0,    0,    0,    0,    0,    0,    0,    0,    0,    0,    0,    0,    0,    0,    0,    0,    0,    0,    0,    0,    0,    0,    0,    0,    0,    0,    0,    0,    0,    0,    0,    0,    0,    0,    0,    0,    0,    0,    0,    0,    0,    0,    0,    0,    0,    0,    0,    0,    0,    0,    0,    0,    0,    0,    0,    0,    0,    0,    0,    0,    0,    0,    0,    0,    0,    0,    0,    0,    0,    0,    0,    0,    0,    0,    0,    0,    0,    0,    0,    0,    0,    0,    0,    0,    0,    0,    0,    0,    0,    0,    0,    0,    0,    0,    0,    0,    0,    0,    0,    0,    0,    0,    0,    0,    0,    0,    0,    0,    0,    0,    0,    0,    0,    0,    0,    0,    0,    0,    0,    0,    0,    0,    0,
       0,    0,    0,    0,    0,    0,    0,    0,    0,    0,    0,    0,    0,    0,    0,    0,    0,    0,    0,  -16,    0,    0,    0,  -30,    0,    0,    0,    0,    0,    0,    0,    0,    0,    0,    0,    0,    0,    0,    0,    0,    0,    0,    0,    0,    0,    0,    0,    0,    0,    0,    0,    0,    0,    0,    0,  -16,    0,    0,    0,   -6,    0,    0,    0,    0,    0,    0,    0,    0,    0,    0,    0,    0,    0,    0,    0,    0,    0,    0,    0,    0,    0,    0,    0,    0,    0,    0,    0,    0,    0,    0,    0,    0,    0,    0,    0,    0,    0,    0,    0,    0,    0,    0,    0,    0,    0,    0,    0,    0,    0,    0,    0,    0,    0,    0,    0,    0,    0,    0,    0,    0,    0,    0,    0,    0,    0,    0,    0,    0,    0,    0,    0,    0,    0,    0,    0,    0,    0,
       0,    0,    0,    0,    0,    0,    0,    0,    0,    0,    0,    0,    0,    0,    0,    0,    0,    0,    0,    0,    0,    0,    0,    0,    0,    0,    0,   -2,    0,    0,    0,    0,    0,    0,    0,    0,    0,    0,    0,    0,    0,    0,    0,    0,    0,    0,    0,    0,   -1,    0,    0,    0,    0,    0,    0,    0,    0,    0,    0,    0,    0,    0,    0,    0,    0,    0,    0,    0,    0,    0,    0,    0,    0,    0,    0,    0,    0,    0,    0,    0,    0,    0,    0,    0,    0,    0,    0,    0,    0,    0,    0,    0,    0,    0,    0,    0,    0,    0,    0,    0,    0,    0,    0,    0,    0,    0,    0,    0,    0,    0,    0,    0,    0,    0,    0,    0,    0,    0,    0,    0,    0,    0,    0,    0,    0,    0,    0,    0,    0,    0,    0,    0,    0,    0,    0,    0,    0,
       0,    0,    0,  -30,    0,  -20,    0,    0,    0,    0,    0,    0,    0,    0,    0,    0,    0,    0,    0,    0,    0,   -8,    0,    0,    0,  -20,   -8,  -30,  -16,    0,  -32,    0,    0,  -40,    0,    0,   -8,    0,   -8,   -4,    0,    0,    0,    0,   -2,   -4,  -20,  -18,    0,  -10,    0,    0,    0,    0,    0,    0,    0,  -32,   -8,   -8,    0,  -20,  -16,    0,    0,    0,    0,    0,    0,    0,    0,    0,    0,    0,    0,    0,    0,    0,    0,    0,    0,    0,    0,    0,    0,    0,    0,    0,    0,    0,    0,    0,    0,    0,    0,    0,    0,    0,    0,    0,    0,    0,    0,    0,    0,    0,    0,    0,    0,    0,    0,    0,    0,    0,    0,    0,    0,    0,    0,    0,    0,    0,    0,    0,    0,    0,    0,    0,  -20,  -20,  -52,  -54,  -28,  -30,    0,    0,    0,
       0,    0,   -8,    0,    0,    0,    0,  -16,    0,    0,    0,    0,    0,    0,    0,    0,    0,    0,    0,    0,    0,    0,    0,    0,    0,   -6,    0,   -3,   -2,   -5,   -9,    0,    0,    0,    0,    0,    0,   -1,    0,   -2,    0,    0,    0,    0,    0,    0,    0,    0,   -1,    0,    0,    0,    0,    0,    0,    0,    0,   -9,    0,    0,   -1,   -6,   -2,    0,    0,    0,    0,    0,    0,    0,    0,    0,    0,    0,    0,    0,    0,    0,    0,    0,    0,    0,    0,    0,    0,    0,    0,    0,    0,    0,    0,    0,    0,    0,    0,    0,    0,    0,    0,    0,    0,    0,    0,    0,    0,    0,    0,    0,    0,    0,    0,    0,    0,    0,    0,    0,    0,    0,    0,    0,    0,    0,    0,    0,    0,    0,    0,    0,    0,    0,    0,    0,    0,    0,    0,    0,    0,
       0,    0,    8,    0,    0,    0,    0,    0,    0,    0,    0,    0,    0,    0,    0,    0,    0,    0,    0,    0,    0,    0,    0,    0,    0,    0,    0,    0,    0,    0,    0,    0,    0,    0,    0,    0,    0,    0,    0,    0,    0,    0,    0,    0,    0,    0,    0,    0,    0,    0,    0,    0,    0,    0,    0,    0,    0,    0,    0,    0,    0,    0,    0,    0,    0,    0,    0,    0,    0,    0,    0,    0,    0,    0,    0,    0,    0,    0,    0,    0,    0,    0,    0,    0,    0,    0,    0,    0,    0,    0,    0,    0,    0,    0,    0,    0,    0,    0,    0,    0,    0,    0,    0,    0,    0,    0,    0,    0,    0,    0,    0,    0,    0,    0,    0,    0,    0,    0,    0,    0,    0,    0,    0,    0,    0,    0,    0,    0,    0,    0,    0,   16,    0,   16,    0,    0,    0,
       0,    0,  -12,    0,    0,    0,   -8,  -16,    0,    0,    0,    0,    0,    0,    0,    0,    0,    0,    0,   -8,    0,    0,   -6,   -6,    0,  -12,    0,  -12,   -2,  -14,  -14,  -18,    0,  -20,    0,    0,    0,    0,    0,    0,    0,    0,    0,    0,    0,    0,    0,    0,   -4,    0,    0,  -10,    0,    0,    0,   -8,    0,  -14,    0,    0,    0,  -12,   -2,    0,    0,    0,    0,    0,    0,    0,    0,    0,    0,    0,    0,    0,    0,    0,    0,    0,    0,    0,    0,    0,    0,    0,    0,    0,    0,    0,    0,    0,    0,    0,    0,    0,    0,    0,    0,    0,    0,    0,    0,    0,    0,    0,    0,    0,    0,    0,    0,    0,    0,    0,    0,    0,    0,    0,    0,    0,    0,    0,    0,    0,    0,    0,    0,    0,    0,    0,    0,    0,    0,    0,    0,    0,    0,
       0,    0,    0,    0,    0,    0,    0,    0,    0,    0,    0,    0,    0,    0,    0,    0,    0,    0,    0,    0,    0,    0,    0,   -4,    0,    0,    0,    0,    0,    0,    0,    0,    0,    0,    0,    0,   -2,    0,    0,   -4,    0,    0,    0,    0,    0,   -4,   -6,    0,    0,   -4,    0,    0,    0,    0,    0,    0,    0,    0,    0,   -2,    0,    0,    0,    0,    0,    0,    0,    0,    0,    0,    0,    0,    0,    0,    0,    0,    0,    0,    0,    0,    0,    0,    0,    0,    0,    0,    0,    0,    0,    0,    0,    0,    0,    0,    0,    0,    0,    0,    0,    0,    0,    0,    0,    0,    0,    0,    0,    0,    0,    0,    0,    0,    0,    0,    0,    0,    0,    0,    0,    0,    0,    0,    0,    0,    0,    0,    0,    0,    0,    0,    0,    0,    0,    0,    0,    0,    0,
       0,    0,    0,    0,  -32,    0,  -32,    0,    0,    0,    0,    0,    0,    0,    0,    0,    0,    0,    0,  -24,    0,   -4,    0,  -48,   -2,    6,    0,    0,    0,   -2,    0,    0,    0,    0,    0,    0,   -6,    0,    0,   -4,    0,   -4,   -4,   -4,    0,   -6,   -2,    0,   -6,    0,   -2,    0,    0,    0,    0,  -24,  -48,    0,    0,   -6,    0,    6,    0,    0,    0,    0,    0,    0,    0,    0,    0,    0,    0,    0,    0,    0,    0,    0,    0,    0,    0,    0,    0,    0,    0,    0,    0,    0,    0,    0,    0,    0,    0,    0,    0,    0,    0,    0,    0,    0,    0,    0,    0,    0,    0,    0,    0,    0,    0,    0,    0,    0,    0,    0,    0,    0,    0,    0,    0,    0,    0,    0,    0,    0,    0,    0,    0,    0,    0,    0,    0,    0,    0,    0,    0,    0,    0,
       0,    0,    0,    0,    0,    0,    0,  -16,    0,    0,    0,    0,    0,    0,    0,    0,    0,    0,    0,   -4,    0,    0,   -4,    0,    0,  -10,    0,   -6,   -4,    0,  -10,    0,    0,  -20,    0,    0,    0,    0,    0,    0,    0,    0,    0,    0,    0,    0,    0,    0,    0,    0,    0,    0,    0,    0,    0,   -4,    0,  -10,    0,    0,    0,  -10,   -4,    0,    0,    0,    0,    0,    0,    0,    0,    0,    0,    0,    0,    0,    0,    0,    0,    0,    0,    0,    0,    0,    0,    0,    0,    0,    0,    0,    0,    0,    0,    0,    0,    0,    0,    0,    0,    0,    0,    0,    0,    0,    0,    0,    0,    0,    0,    0,    0,    0,    0,    0,    0,    0,    0,    0,    0,    0,    0,    0,    0,    0,    0,    0,    0,    0,    0,    0,    0,    0,    0,    0,    0,    0,    0,
       0,    0,    0,    0,    0,    0,    0,    0,    0,    0,    0,    0,    0,    0,    0,    0,    0,    0,    0,    0,    0,   -6,    0,    0,    0,    0,    0,    0,    0,    0,    0,    0,    0,    0,    0,    0,    0,    0,    0,    0,    0,    0,    0,    0,    0,    0,    0,    0,    0,    0,    0,    0,    0,    0,    0,    0,    0,    0,    0,    0,    0,    0,    0,    0,    0,    0,    0,    0,    0,    0,    0,    0,    0,    0,    0,    0,    0,    0,    0,    0,    0,    0,    0,    0,    0,    0,    0,    0,    0,    0,    0,    0,    0,    0,    0,    0,    0,    0,    0,    0,    0,    0,    0,    0,    0,    0,    0,    0,    0,    0,    0,    0,    0,    0,    0,    0,    0,    0,    0,    0,    0,    0,    0,    0,    0,    0,    0,    0,    0,    0,    0,    0,    0,    0,    0,    0,    0,
       0,    0,   16,    0,  -28,    0,  -20,  -20,    0,    0,    0,    0,    0,    0,    0,    0,    0,    0,    0,  -30,    0,  -12,    0,  -20,    0,    0,    0,    0,    0,    0,    0,    0,    0,    0,   12,    0,  -20,    0,  -20,  -20,    0,  -16,  -16,  -16,    0,  -20,  -16,   -8,    0,  -16,   -8,   16,    0,    0,    0,  -30,    0,    0,  -20,  -20,    0,    0,    0,    0,    0,    0,    0,    0,    0,    0,    0,    0,    0,    0,    0,    0,    0,    0,    0,    0,    0,    0,    0,    0,    0,    0,    0,    0,    0,    0,    0,    0,    0,    0,    0,    0,    0,    0,    0,    0,    0,    0,    0,    0,    0,    0,    0,    0,    0,    0,    0,    0,    0,    0,    0,    0,    0,    0,    0,    0,    0,    0,    0,    0,    0,    0,    0,    0,    0,    0,   24,   32,   24,   32,    0,    0,    0,
       0,    0,    0,    0,    0,  -36,    0,    0,    0,    0,    0,    0,    0,    0,    0,    0,    0,    0,    0,    0,    0,  -18,    0,  -12,   -4,    0,   -6,   -2,   -2,    0,    8,    0,    0,    0,    0,    0,  -18,    0,    0,    0,    0,   -3,   -3,   -2,   -1,   -5,  -16,  -16,    0,  -16,    0,    0,    0,    0,    0,    0,    0,    8,    0,  -18,    0,    0,   -2,    0,    0,    0,    0,    0,    0,    0,    0,    0,    0,    0,    0,    0,    0,    0,    0,    0,    0,    0,    0,    0,    0,    0,    0,    0,    0,    0,    0,    0,    0,    0,    0,    0,    0,    0,    0,    0,    0,    0,    0,    0,    0,    0,    0,    0,    0,    0,    0,    0,    0,    0,    0,    0,    0,    0,    0,    0,    0,    0,    0,    0,    0,    0,    0,    0,  -36,  -36,    0,    0,    0,    0,    0,    0,    0,
       0,    0,    0,  -30,    0,  -24,    0,    0,    0,    0,    0,    0,    0,    0,    0,    0,    0,    0,    0,    0,    0,   -8,    0,    0,    0,  -34,   -8,  -30,  -30,    0,  -48,    0,    0,  -40,    0,    0,   -8,    0,    0,    0,    0,    0,    0,    0,   -2,    0,  -10,   -2,    0,  -16,    8,    0,    0,    0,    0,    0,    0,  -48,    0,   -8,    0,  -34,  -30,    0,    0,    0,    0,    0,    0,    0,    0,    0,    0,    0,    0,    0,    0,    0,    0,    0,    0,    0,    0,    0,    0,    0,    0,    0,    0,    0,    0,    0,    0,    0,    0,    0,    0,    0,    0,    0,    0,    0,    0,    0,    0,    0,    0,    0,    0,    0,    0,    0,    0,    0,    0,    0,    0,    0,    0,    0,    0,    0,    0,    0,    0,    0,    0,    0,  -24,  -24,  -48,  -40,  -48,  -40,    0,    0,    0,
       0,    0,    0,    0,  -52,    0,  -40,  -32,    0,    0,    0,    0,    0,    0,    0,    0,    0,    0,    0,  -26,    0,    0,    0,  -30,    0,    0,    0,    0,    3,   -6,    0,   -6,    0,  -20,    0,    0,   -4,    0,    3,   -4,    0,    0,    0,    0,    6,   -2,    4,    6,    0,    4,    0,    0,    0,    0,    0,  -26,    0,    0,    3,   -4,    0,    0,    3,    0,    0,    0,    0,    0,    0,    0,    0,    0,    0,    0,    0,    0,    0,    0,    0,    0,    0,    0,    0,    0,    0,    0,    0,    0,    0,    0,    0,    0,    0,    0,    0,    0,    0,    0,    0,    0,    0,    0,    0,    0,    0,    0,    0,    0,    0,    0,    0,    0,    0,    0,    0,    0,    0,    0,    0,    0,    0,    0,    0,    0,    0,    0,    0,    0,    0,    0,   12,   20,   12,   20,    0,    0,    0,
       0,    0,  -12,    0,    0,    0,   -8,  -16,    0,    0,    0,    0,    0,    0,    0,    0,    0,    0,    0,   -8,    0,    0,   -6,   -6,    0,  -12,    0,  -12,   -2,  -14,  -14,  -18,    0,  -20,    0,   -4,    0,    0,    0,    0,    0,    0,    0,    0,    0,    0,    0,    0,   -4,    0,    0,  -10,    0,    0,    0,   -8,    0,  -14,    0,    0,    0,  -12,   -2,    0,    0,    0,    0,    0,    0,    0,    0,    0,    0,    0,    0,    0,    0,    0,    0,    0,    0,    0,    0,    0,    0,    0,    0,    0,    0,    0,    0,    0,    0,    0,    0,    0,    0,    0,    0,    0,    0,    0,    0,    0,    0,    0,    0,    0,    0,    0,    0,    0,    0,    0,    0,    0,    0,    0,    0,    0,    0,    0,    0,    0,    0,    0,    0,    0,    0,    0,    0,    0,    0,    0,    0,    0,    0,
       0,    0,    0,    0,    0,  -24,    0,    0,    0,    0,    0,    0,    0,    0,    0,    0,    0,    0,    0,    0,    0,   -4,    0,  -12,    0,   -8,   -2,  -12,    0,    0,  -20,    0,    0,  -16,    0,    0,   -8,    0,    0,    0,    0,    0,    0,    0,    0,   -4,    0,    0,    0,    0,    0,    0,    0,    0,    0,    0,    0,  -20,    0,   -8,    0,   -8,    0,    0,    0,    0,    0,    0,    0,    0,    0,    0,    0,    0,    0,    0,    0,    0,    0,    0,    0,    0,    0,    0,    0,    0,    0,    0,    0,    0,    0,    0,    0,    0,    0,    0,    0,    0,    0,    0,    0,    0,    0,    0,    0,    0,    0,    0,    0,    0,    0,    0,    0,    0,    0,    0,    0,    0,    0,    0,    0,    0,    0,    0,    0,    0,    0,    0,  -24,  -24,    0,    0,    0,    0,    0,    0,    0,
       0,    0,    0,    0,    0,    0,    0,    0,    0,    0,    0,    0,    0,    0,    0,    0,    0,    0,    0,    0,    0,    0,    0,    0,    0,    0,    0,    0,    0,   -6,   -6,    0,    0,    0,    0,    0,    0,    0,    0,    0,    0,    0,    0,    0,    0,    0,    0,    0,    0,    0,    0,    0,    0,    0,    0,    0,    0,   -6,    0,    0,    0,    0,    0,    0,    0,    0,    0,    0,    0,    0,    0,    0,    0,    0,    0,    0,    0,    0,    0,    0,    0,    0,    0,    0,    0,    0,    0,    0,    0,    0,    0,    0,    0,    0,    0,    0,    0,    0,    0,    0,    0,    0,    0,    0,    0,    0,    0,    0,    0,    0,    0,    0,    0,    0,    0,    0,    0,    0,    0,    0,    0,    0,    0,    0,    0,    0,    0,    0,    0,    0,    0,    0,    0,    0,    0,    0,    0,
       0,  -22,    0,    0,  -40,  -40,  -40,  -24,    0,    0,    0,    0,    0,    0,    0,    0,    0,    0,    0,  -20,    0,  -12,    0,  -32,    0,   12,    0,    4,    4,    0,    4,    0,    0,    0,    0,    0,  -40,    0,    0,  -18,    0,  -24,   -8,  -40,    0,  -40,   -4,  -28,   -6,  -20,  -28,    0,    0,    0,    0,  -20,  -44,    4,    0,  -40,    0,   12,    4,    0,    0,    0,    0,    0,    0,    0,    0,    0,    0,    0,    0,    0,    0,    0,    0,    0,    0,    0,    0,    0,    0,    0,    0,    0,    0,    0,    0,    0,    0,    0,    0,    0,    0,    0,    0,    0,    0,    0,    0,    0,    0,    0,    0,    0,    0,    0,    0,    0,    0,    0,    0,    0,    0,    0,    0,    0,    0,    0,    0,    0,    0,    0,    0,    0,  -40,  -40,    0,    0,    0,    0,    0,    0,    0,
       0,    0,    0,    0,    0,    0,    0,    0,    0,    0,    0,    0,    0,    0,    0,    0,    0,    0,    0,   -8,    0,    0,    0,   -4,   -4,    0,    0,    0,    0,   -4,   -4,    0,    0,    0,    0,    0,    0,    0,    0,    0,    0,    0,    0,    0,    0,    0,    0,    0,   -2,    0,    0,    0,    0,    0,    0,   -8,    0,   -4,    0,    0,    0,    0,    0,    0,    0,    0,    0,    0,    0,    0,    0,    0,    0,    0,    0,    0,    0,    0,    0,    0,    0,    0,    0,    0,    0,    0,    0,    0,    0,    0,    0,    0,    0,    0,    0,    0,    0,    0,    0,    0,    0,    0,    0,    0,    0,    0,    0,    0,    0,    0,    0,    0,    0,    0,    0,    0,    0,    0,    0,    0,    0,    0,    0,    0,    0,    0,    0,    0,    0,    0,    0,    0,    0,    0,    0,    0,    0,
       0,  -20,    0,    0,  -48,    0,  -40,  -32,    0,    0,    0,    0,    0,    0,    0,    0,    0,    3,   -2,  -30,    0,  -12,    0,  -40,   -4,    4,    0,    0,    0,    0,    0,    0,  -40,    0,    0,  -12,  -24,    0,    0,   -8,    0,   -8,   -5,   -6,    0,  -10,    0,    0,    0,    0,   -2,  -40,   -2,   -5,   -8,  -30,  -48,    0,    0,  -24,    0,    4,    0,    0,    0,    0,    0,    0,    0,    0,    0,    0,    0,    0,    0,    0,    0,    0,    0,    0,    0,    0,    0,    0,    0,    0,    0,    0,    0,    0,    0,    0,    0,    0,    0,    0,    0,    0,    0,    0,    0,    0,    0,    0,    0,    0,    0,    0,    0,    0,    0,    0,    0,    0,    0,    0,    0,    0,    0,    0,    0,    0,    0,    0,    0,    0,    0,    0,    0,  -40,    0,    0,    0,    0,   -3,    0,    0,
       0,  -12,    0,    0,  -32,    0,  -32,  -32,    0,    0,    0,    0,    0,    0,    0,    0,    0,    0,    0,  -16,    0,   -2,    0,  -32,   -4,    4,    0,    0,    0,    0,    0,    0,  -28,    0,    0,    0,  -10,    0,    0,   -8,    0,   -1,   -1,    0,    0,   -4,    0,    0,    0,    0,    0,  -28,    0,    0,    0,  -16,    0,    0,    0,  -10,    0,    4,    0,    0,    0,    0,    0,    0,    0,    0,    0,    0,    0,    0,    0,    0,    0,    0,    0,    0,    0,    0,    0,    0,    0,    0,    0,    0,    0,    0,    0,    0,    0,    0,    0,    0,    0,    0,    0,    0,    0,    0,    0,    0,    0,    0,    0,    0,    0,    0,    0,    0,    0,    0,    0,    0,    0,    0,    0,    0,    0,    0,    0,    0,    0,    0,    0,    0,    0,  -28,    0,    0,    0,    0,    0,    0,    0,
       0,    0,    0,    0,    0,    0,    0,    0,    0,    0,    0,    0,    0,    0,    0,    0,    0,    0,    0,    0,    0,  -14,    0,    0,   -6,    0,   -4,    0,    0,    0,    0,    0,  -32,    0,    0,    0,  -10,    0,    0,   -1,    0,    0,    0,    0,    0,   -4,  -10,   -7,    0,  -10,    0,  -32,    0,    0,    0,    0,    0,    0,    0,  -10,    0,    0,    0,    0,    0,    0,    0,    0,    0,    0,    0,    0,    0,    0,    0,    0,    0,    0,    0,    0,    0,    0,    0,    0,    0,    0,    0,    0,    0,    0,    0,    0,    0,    0,    0,    0,    0,    0,    0,    0,    0,    0,    0,    0,    0,    0,    0,    0,    0,    0,    0,    0,    0,    0,    0,    0,    0,    0,    0,    0,    0,    0,    0,    0,    0,    0,    0,    0,    0,  -32,    0,    0,    0,    0,    0,    0,    0,
       0,  -20,    0,    0,  -48,    0,  -48,  -48,    0,    0,    0,    0,    0,    0,    0,    0,    0,    0,    0,  -32,    0,  -14,    0,  -48,  -10,    4,   -4,    0,    0,    0,    0,    0,  -40,    0,    0,    0,  -32,    0,    0,  -32,    0,   -9,   -8,  -14,    0,   -8,   -4,   -4,   -8,   -4,   -4,  -40,    0,    0,    0,  -32,    0,    0,    0,  -32,    0,    4,    0,    0,    0,    0,    0,    0,    0,    0,    0,    0,    0,    0,    0,    0,    0,    0,    0,    0,    0,    0,    0,    0,    0,    0,    0,    0,    0,    0,    0,    0,    0,    0,    0,    0,    0,    0,    0,    0,    0,    0,    0,    0,    0,    0,    0,    0,    0,    0,    0,    0,    0,    0,    0,    0,    0,    0,    0,    0,    0,    0,    0,    0,    0,    0,    0,    0,    0,  -48,    0,    0,    0,    0,    0,    0,    0,
       0,    0,    0,    0,    0,    0,    0,    0,    0,    0,    0,    0,    0,    0,    0,    0,    0,    0,    0,    0,    0,   -2,    0,    0,    0,    0,    0,    0,    0,    0,    0,    0,    0,    0,    0,    0,   -2,    0,    0,    0,    0,    0,    0,    0,    0,   -2,   -2,    0,    0,    0,    0,    0,    0,    0,    0,    0,    0,    0,    0,   -2,    0,    0,    0,    0,    0,    0,    0,    0,    0,    0,    0,    0,    0,    0,    0,    0,    0,    0,    0,    0,    0,    0,    0,    0,    0,    0,    0,    0,    0,    0,    0,    0,    0,    0,    0,    0,    0,    0,    0,    0,    0,    0,    0,    0,    0,    0,    0,    0,    0,    0,    0,    0,    0,    0,    0,    0,    0,    0,    0,    0,    0,    0,    0,    0,    0,    0,    0,    0,    0,    0,    0,    0,    0,    0,    0,    0,    0,
       0,    0,    0,    0,    0,    0,    0,    0,    0,  -16,  -20,    0,    0,    0,    0,    0,    0,    0,    0,  -20,    0,    0,    0,  -44,    0,  -40,    0,  -40,  -28,  -32,  -48,    0,    0,    0,    0,    0,    0,    0,    0,    0,    0,    0,    0,    0,    0,    0,   -8,   -8,  -16,   -8,    0,    0,    0,    0,    0,    0,    0,    0,    0,    0,    0,    0,    0,    0,    0,    0,    0,    0,    0,    0,    0,    0,    0,    0,    0,    0,    0,    0,    0,    0,    0,    0,    0,    0,    0,    0,    0,    0,    0,    0,    0,    0,    0,    0,    0,    0,    0,    0,    0,    0,    0,    0,    0,    0,    0,    0,    0,    0,    0,    0,    0,    0,    0,    0,    0,    0,    0,    0,    0,    0,    0,    0,    0,    0,    0,    0,    0,    0,    0,    0,    0,    0,    0,    0,    0,    0,    0,
       0,    0,    0,    0,    0,    0,    0,    0,    0,    0,    0,    0,    0,    0,    0,    0,    0,    0,    0,    0,    0,  -20,    0,    0,    0,  -24,    0,  -16,  -16,    0,  -32,    0,    0,  -37,    0,    0,    0,    0,    0,    0,   24,    0,    0,    0,    0,    0,   -3,    0,    0,    0,    0,    0,    0,    0,    0,    0,    0,  -32,   -2,   -9,    0,  -24,  -16,    0,    0,    0,    0,    0,    0,    0,    0,    0,    0,    0,    0,    0,    0,    0,    0,    0,    0,    0,    0,    0,    0,    0,    0,    0,    0,    0,    0,    0,    0,    0,    0,    0,    0,    0,    0,    0,    0,    0,    0,    0,    0,    0,    0,    0,    0,    0,    0,    0,    0,    0,    0,    0,    0,    0,    0,    0,    0,    0,    0,    0,    0,    0,    0,    0,    0,    0,    0,    0,    0,    0,    0,    0,    0,
       0,    0,    0,    0,    0,    0,    0,    0,    0,    0,    0,    0,    0,    0,    0,    0,    0,    0,    0,    0,    0,    0,    0,    0,    0,    0,    0,  -12,    0,    0,    0,    0,    0,    0,    0,    0,    0,    0,    0,    0,    0,    0,    0,    0,    0,    0,   -8,    0,    0,    0,    0,    0,    0,    0,    0,    0,    0,    0,    0,  -14,    3,    0,    0,    0,    0,    0,    0,    0,    0,    0,    0,    0,    0,    0,    0,    0,    0,    0,    0,    0,    0,    0,    0,    0,    0,    0,    0,    0,    0,    0,    0,    0,    0,    0,    0,    0,    0,    0,    0,    0,    0,    0,    0,    0,    0,    0,    0,    0,    0,    0,    0,    0,    0,    0,    0,    0,    0,    0,    0,    0,    0,    0,    0,    0,    0,    0,    0,    0,    0,    0,    0,    0,    0,    0,    0,    0,    0,
       0,    0,    0,    0,    0,    0,    0,    0,    0,    0,    0,    0,    0,    0,    0,    0,    0,    0,    0,    8,    0,   -8,    0,    0,    0,  -26,   -4,  -11,   -4,    0,  -21,    0,    0,  -12,    0,    0,    0,    0,    0,    0,    0,    0,    0,    0,    0,   -4,   -5,   -2,    0,   -5,    0,    0,    0,    0,    0,    8,    0,  -21,    0,    0,    0,  -26,   -4,    0,    0,    0,    0,    0,    0,    0,    0,    0,    0,    0,    0,    0,    0,    0,    0,    0,    0,    0,    0,    0,    0,    0,    0,    0,    0,    0,    0,    0,    0,    0,    0,    0,    0,    0,    0,    0,    0,    0,    0,    0,    0,    0,    0,    0,    0,    0,    0,    0,    0,    0,    0,    0,    0,    0,    0,    0,    0,    0,    0,    0,    0,    0,    0,    0,    0,    0,    0,    0,    0,    0,    0,    0,    0,
       0,    0,  -10,    0,    0,    0,    0,  -20,    0,    0,    0,    0,    0,    0,    0,    0,    0,    0,    0,    0,    0,    0,    0,    0,    0,  -19,    0,   -9,   -6,   -6,  -16,   -4,    0,  -20,    0,    0,    0,    0,   -8,    0,    0,    0,    0,    0,    0,    0,   -6,   -8,   -8,   -8,   -4,  -10,    0,    0,    0,    0,    0,  -16,   -8,    0,    0,  -19,   -6,    0,    0,    0,    0,    0,    0,    0,    0,    0,    0,    0,    0,    0,    0,    0,    0,    0,    0,    0,    0,    0,    0,    0,    0,    0,    0,    0,    0,    0,    0,    0,    0,    0,    0,    0,    0,    0,    0,    0,    0,    0,    0,    0,    0,    0,    0,    0,    0,    0,    0,    0,    0,    0,    0,    0,    0,    0,    0,    0,    0,    0,    0,    0,    0,    0,    0,    0,    0,    0,    0,    0,    0,    0,    0,
       0,    0,    0,    0,    0,    0,    0,    0,    0,    0,    0,    0,    0,    0,    0,    0,    0,    0,    0,    0,    0,    0,    0,    0,    0,  -12,    0,   -6,   -4,   -2,  -14,    0,    0,    0,    0,    0,    0,    0,    0,    0,    0,    0,    2,    0,    0,    0,    0,    0,    0,   -6,    0,    0,    0,    0,    0,    0,    0,  -14,    0,    0,    0,  -12,   -4,    0,    0,    0,    0,    0,    0,    0,    0,    0,    0,    0,    0,    0,    0,    0,    0,    0,    0,    0,    0,    0,    0,    0,    0,    0,    0,    0,    0,    0,    0,    0,    0,    0,    0,    0,    0,    0,    0,    0,    0,    0,    0,    0,    0,    0,    0,    0,    0,    0,    0,    0,    0,    0,    0,    0,    0,    0,    0,    0,    0,    0,    0,    0,    0,    0,    0,    0,    0,   12,    0,   12,    0,    0,    0,
       0,    0,    0,    0,    0,    0,    0,    0,    0,    0,    0,    0,    0,    0,    0,    0,    0,    0,    0,    0,    0,    0,    0,    0,    0,    0,    0,    0,    0,    0,    0,    0,    0,    0,    0,    0,    0,    0,    0,    0,    0,    0,    0,    0,    0,    6,    0,    0,    0,    0,    0,    0,    0,    0,    0,    0,    0,    0,    0,    0,    0,    0,    0,    0,    0,    0,    0,    0,    0,    0,    0,    0,    0,    0,    0,    0,    0,    0,    0,    0,    0,    0,    0,    0,    0,    0,    0,    0,    0,    0,    0,    0,    0,    0,    0,    0,    0,    0,    0,    0,    0,    0,    0,    0,    0,    0,    0,    0,    0,    0,    0,    0,    0,    0,    0,    0,    0,    0,    0,    0,    0,    0,    0,    0,    0,    0,    0,    0,    0,    0,    0,    0,    0,    0,    0,    0,    0,
       0,    0,    0,    0,    0,    0,    0,    0,    0,    0,    0,    0,    0,    0,    0,    0,    0,    0,    0,    0,    0,    0,    0,    0,    0,  -18,    0,   -8,   -4,   -4,  -14,    0,    0,  -16,    0,    0,    0,    0,    0,   -2,    0,    0,    0,    0,    0,    0,   -4,   -4,   -1,   -4,    0,    0,    0,    0,    0,    0,    0,  -14,    0,    0,    0,  -18,   -4,    0,    0,    0,    0,    0,    0,    0,    0,    0,    0,    0,    0,    0,    0,    0,    0,    0,    0,    0,    0,    0,    0,    0,    0,    0,    0,    0,    0,    0,    0,    0,    0,    0,    0,    0,    0,    0,    0,    0,    0,    0,    0,    0,    0,    0,    0,    0,    0,    0,    0,    0,    0,    0,    0,    0,    0,    0,    0,    0,    0,    0,    0,    0,    0,    0,    0,    0,    0,    0,    0,    0,    0,    0,    0,
       0,    0,   12,   12,    0,    0,    0,   -8,    0,    0,    0,    0,    0,    0,    0,    0,    0,    0,    0,   -8,    0,    0,    0,    0,    0,   24,    0,   22,   20,   20,   20,   20,    0,    0,   16,    0,   -8,    0,    0,    0,    0,    0,    0,    0,    1,    0,    4,    1,    0,    0,    2,    0,    0,    0,    0,   -8,    0,   20,    0,   -8,    0,   24,   20,    0,    0,    0,    0,    0,    0,    0,    0,    0,    0,    0,    0,    0,    0,    0,    0,    0,    0,    0,    0,    0,    0,    0,    0,    0,    0,    0,    0,    0,    0,    0,    0,    0,    0,    0,    0,    0,    0,    0,    0,    0,    0,    0,    0,    0,    0,    0,    0,    0,    0,    0,    0,    0,    0,    0,    0,    0,    0,    0,    0,    0,    0,    0,    0,    0,    0,    0,   12,   16,   12,   16,    0,    0,    0,
       0,    0,    0,    0,   -2,    0,    0,    0,    0,    0,    0,    0,    0,    0,    0,    0,    0,    0,    0,   -6,    0,   -4,    0,    0,   -2,    0,    0,    0,    0,    0,   -6,    0,    0,  -12,    0,    0,    0,    0,    0,    0,    4,    0,    0,   -4,    0,   -3,    0,    0,    0,    0,    0,    0,    0,    0,    0,   -6,    0,   -6,    0,    0,    0,    0,    0,    0,    0,    0,    0,    0,    0,    0,    0,    0,    0,    0,    0,    0,    0,    0,    0,    0,    0,    0,    0,    0,    0,    0,    0,    0,    0,    0,    0,    0,    0,    0,    0,    0,    0,    0,    0,    0,    0,    0,    0,    0,    0,    0,    0,    0,    0,    0,    0,    0,    0,    0,    0,    0,    0,    0,    0,    0,    0,    0,    0,    0,    0,    0,    0,    0,    0,    0,    0,    0,    0,    0,    0,    0,    0,
       0,    0,    0,    0,    0,    0,    0,    0,    0,    0,    0,    0,    0,    0,    0,    0,    0,    0,    0,    0,    0,    0,    0,    0,    0,  -12,    0,  -12,    0,    0,  -10,    0,    0,  -16,    0,    0,    0,    0,    0,    0,    0,    0,    0,    0,    0,    0,    0,    0,    0,   -2,    0,    0,    0,    0,    0,    0,    0,  -10,    0,    0,    0,  -12,    0,    0,    0,    0,    0,    0,    0,    0,    0,    0,    0,    0,    0,    0,    0,    0,    0,    0,    0,    0,    0,    0,    0,    0,    0,    0,    0,    0,    0,    0,    0,    0,    0,    0,    0,    0,    0,    0,    0,    0,    0,    0,    0,    0,    0,    0,    0,    0,    0,    0,    0,    0,    0,    0,    0,    0,    0,    0,    0,    0,    0,    0,    0,    0,    0,    0,    0,    0,    0,    0,    0,    0,    0,    0,    0,
       0,    0,    0,    0,    0,    0,    0,    0,    0,    0,    0,    0,    0,    0,    0,    0,    0,    0,    0,    0,    0,    0,    0,    0,    0,  -12,    0,    0,    0,    0,    0,    0,    0,    0,    0,    0,    0,    0,    0,    0,    0,    0,    0,    0,    0,    0,    0,    0,    0,    0,    0,    0,    0,    0,    0,    0,    0,    0,    0,    0,    0,  -12,    0,    0,    0,    0,    0,    0,    0,    0,    0,    0,    0,    0,    0,    0,    0,    0,    0,    0,    0,    0,    0,    0,    0,    0,    0,    0,    0,    0,    0,    0,    0,    0,    0,    0,    0,    0,    0,    0,    0,    0,    0,    0,    0,    0,    0,    0,    0,    0,    0,    0,    0,    0,    0,    0,    0,    0,    0,    0,    0,    0,    0,    0,    0,    0,    0,    0,    0,    0,    0,    0,    0,    0,    0,    0,    0,
       0,    0,    0,    0,    0,    0,    0,    0,    0,    0,    0,    0,    0,    0,    0,    0,    0,    0,    0,    0,    0,    0,    0,    0,    0,  -12,   -4,    0,    0,    0,    0,    0,    0,    0,    0,    0,    0,    0,    0,    0,    2,    0,    0,    0,    0,    0,    0,    0,    0,    0,    0,    0,    0,    0,    0,    0,    0,    0,    0,    0,    0,  -12,    0,    0,    0,    0,    0,    0,    0,    0,    0,    0,    0,    0,    0,    0,    0,    0,    0,    0,    0,    0,    0,    0,    0,    0,    0,    0,    0,    0,    0,    0,    0,    0,    0,    0,    0,    0,    0,    0,    0,    0,    0,    0,    0,    0,    0,    0,    0,    0,    0,    0,    0,    0,    0,    0,    0,    0,    0,    0,    0,    0,    0,    0,    0,    0,    0,    0,    0,    0,    0,    0,    0,    0,    0,    0,    0,
       0,    0,    0,    0,    0,    0,    0,    0,    0,    0,    0,    0,    0,    0,    0,    0,    0,    0,    0,    0,    0,   -4,    0,    0,    0,    0,    0,    0,    0,    0,   -8,    0,    0,  -16,    0,    0,   -9,   -2,    0,   -8,   -2,    0,    0,   -2,    0,   -2,    0,    0,    0,    0,    0,    0,    0,    0,    0,    0,    0,   -8,    0,   -9,   -2,    0,    0,    0,    0,    0,    0,    0,    0,    0,    0,    0,    0,    0,    0,    0,    0,    0,    0,    0,    0,    0,    0,    0,    0,    0,    0,    0,    0,    0,    0,    0,    0,    0,    0,    0,    0,    0,    0,    0,    0,    0,    0,    0,    0,    0,    0,    0,    0,    0,    0,    0,    0,    0,    0,    0,    0,    0,    0,    0,    0,    0,    0,    0,    0,    0,    0,    0,    0,    0,    0,    0,    0,    0,    0,    0,    0,
       0,    0,    0,    0,    0,    0,    0,    0,    0,    0,    0,    0,    0,    0,    0,    0,    0,    0,    0,    0,    0,   -8,    0,    0,    0,  -10,    0,  -12,   -8,    0,  -12,    0,    0,    0,    0,    0,   -4,    0,    0,   -4,   -6,    0,    0,    0,   -1,   -2,  -10,   -6,    0,   -6,    0,    0,    0,    0,    0,    0,    0,  -12,    0,   -4,    0,  -10,   -8,    0,    0,    0,    0,    0,    0,    0,    0,    0,    0,    0,    0,    0,    0,    0,    0,    0,    0,    0,    0,    0,    0,    0,    0,    0,    0,    0,    0,    0,    0,    0,    0,    0,    0,    0,    0,    0,    0,    0,    0,    0,    0,    0,    0,    0,    0,    0,    0,    0,    0,    0,    0,    0,    0,    0,    0,    0,    0,    0,    0,    0,    0,    0,    0,    0,    0,    0,    0,    0,    0,    0,    0,    0,    0,
       0,    0,   12,    0,    0,    0,    0,    0,    0,    0,    0,    0,    0,    0,    0,    0,    0,    0,    0,    0,    0,    0,    0,    0,    0,   -8,    0,   -7,    0,    0,   -6,    0,    0,   -2,    0,    0,    0,    0,    0,    0,    8,    0,    0,    0,    0,    0,    0,    0,    0,    0,    0,    0,    0,    0,    0,    0,    0,   -6,    0,    0,    0,   -8,    0,    0,    0,    0,    0,    0,    0,    0,    0,    0,    0,    0,    0,    0,    0,    0,    0,    0,    0,    0,    0,    0,    0,    0,    0,    0,    0,    0,    0,    0,    0,    0,    0,    0,    0,    0,    0,    0,    0,    0,    0,    0,    0,    0,    0,    0,    0,    0,    0,    0,    0,    0,    0,    0,    0,    0,    0,    0,    0,    0,    0,    0,    0,    0,    0,    0,    0,    0,    0,    0,    0,    0,    0,    0,    0,
       0,    0,    0,    8,  -28,    0,  -46,   -8,    0,    0,    0,    0,    0,    0,    0,    0,    0,    0,    0,  -12,    0,    0,    0,    0,    0,   -4,    0,    0,    0,   -6,    0,    0,  -12,    0,    0,    0,   -9,    0,    0,   -6,   -4,    0,    0,    0,    8,    0,   20,   20,    0,    0,    0,  -12,    0,    0,    0,  -12,    0,    0,    0,   -9,    0,   -4,    0,    0,    0,    0,    0,    0,    0,    0,    0,    0,    0,    0,    0,    0,    0,    0,    0,    0,    0,    0,    0,    0,    0,    0,    0,    0,    0,    0,    0,    0,    0,    0,    0,    0,    0,    0,    0,    0,    0,    0,    0,    0,    0,    0,    0,    0,    0,    0,    0,    0,    0,    0,    0,    0,    0,    0,    0,    0,    0,    0,    0,    0,    0,    0,    0,    0,    0,    0,    0,   20,    0,   20,    0,    0,    0,
       0,    0,    0,    0,    0,    0,    0,    0,    0,    0,    0,    0,    0,    0,    0,    0,    0,    0,    0,    0,    0,   -2,    0,    0,    0,  -18,    0,   -2,    0,   -2,   -8,    0,    0,    0,    0,    0,    0,    0,    0,    0,    0,    0,    0,    0,    0,    0,    0,    0,   -2,    0,    0,    0,    0,    0,    0,    0,    0,   -8,    0,    0,    0,  -18,    0,    0,    0,    0,    0,    0,    0,    0,    0,    0,    0,    0,    0,    0,    0,    0,    0,    0,    0,    0,    0,    0,    0,    0,    0,    0,    0,    0,    0,    0,    0,    0,    0,    0,    0,    0,    0,    0,    0,    0,    0,    0,    0,    0,    0,    0,    0,    0,    0,    0,    0,    0,    0,    0,    0,    0,    0,    0,    0,    0,    0,    0,    0,    0,    0,    0,    0,    0,    0,    0,    0,    0,    0,    0,    0,
       0,    0,    0,    0,   -8,    0,    0,    0,    0,    0,    0,    0,    0,    0,    0,    0,    0,    0,    0,    0,    0,    0,    0,    0,    0,    0,    0,    0,    0,    0,    0,    0,    0,    0,    0,    0,   -2,    0,  -10,   -2,    0,    0,    0,    8,    0,    0,    0,    0,    0,    0,    0,    0,    0,    0,    0,    0,    0,    0,  -10,   -2,    0,    0,    0,    0,    0,    0,    0,    0,    0,    0,    0,    0,    0,    0,    0,    0,    0,    0,    0,    0,    0,    0,    0,    0,    0,    0,    0,    0,    0,    0,    0,    0,    0,    0,    0,    0,    0,    0,    0,    0,    0,    0,    0,    0,    0,    0,    0,    0,    0,    0,    0,    0,    0,    0,    0,    0,    0,    0,    0,    0,    0,    0,    0,    0,    0,    0,    0,    0,    0,    0,    0,    0,    0,    0,    0,    0,    0,
       0,    0,    0,    0,    0,    0,    0,    0,    0,    0,    0,    0,    0,    0,    0,    0,    0,    0,    0,    0,    0,    0,    0,    0,    0,  -12,    0,   -4,   -4,    0,   -6,    0,    0,    0,    0,    0,    0,    0,    0,   -4,    0,    0,    0,    0,    0,    0,    0,    0,    0,    0,    0,    0,    0,    0,    0,    0,    0,   -6,    0,    0,    0,  -12,   -4,    0,    0,    0,    0,    0,    0,    0,    0,    0,    0,    0,    0,    0,    0,    0,    0,    0,    0,    0,    0,    0,    0,    0,    0,    0,    0,    0,    0,    0,    0,    0,    0,    0,    0,    0,    0,    0,    0,    0,    0,    0,    0,    0,    0,    0,    0,    0,    0,    0,    0,    0,    0,    0,    0,    0,    0,    0,    0,    0,    0,    0,    0,    0,    0,    0,    0,    0,    0,    0,    0,    0,    0,    0,    0,
       0,  -12,    0,    2,  -16,    0,  -16,   -8,    0,    0,    0,    0,    0,    0,    0,    0,    0,    2,    0,  -10,    0,    0,    0,    0,    0,   -4,    0,    0,    0,  -10,   -4,   -8,   -8,    0,    0,   -8,   -6,    0,    0,   -4,    0,    0,    0,   -2,   20,    0,   20,    0,    0,    0,    0,   -8,    0,    0,   -5,  -10,    0,   -4,    0,   -8,    0,   -4,    0,    0,    0,    0,    0,    0,    0,    0,    0,    0,    0,    0,    0,    0,    0,    0,    0,    0,    0,    0,    0,    0,    0,    0,    0,    0,    0,    0,    0,    0,    0,    0,    0,    0,    0,    0,    0,    0,    0,    0,    0,    0,    0,    0,    0,    0,    0,    0,    0,    0,    0,    0,    0,    0,    0,    0,    0,    0,    0,    0,    0,    0,    0,    0,    0,    0,    0,    0,    0,    0,    0,    0,    0,    0,    0,
       0,  -12,    0,    0,  -16,    0,  -16,   -8,    0,    0,    0,    0,    0,    0,    0,    0,    0,    0,    0,   -2,    0,    0,    0,    0,    0,   -4,    0,    0,    0,   -7,   -4,   -2,   -8,    0,    0,    0,   -6,    0,    0,   -6,    0,    0,    0,   -2,   20,    0,   16,    0,    0,    0,    0,   -8,    0,    0,    0,   -2,    0,   -4,    0,   -6,    0,   -4,    0,    0,    0,    0,    0,    0,    0,    0,    0,    0,    0,    0,    0,    0,    0,    0,    0,    0,    0,    0,    0,    0,    0,    0,    0,    0,    0,    0,    0,    0,    0,    0,    0,    0,    0,    0,    0,    0,    0,    0,    0,    0,    0,    0,    0,    0,    0,    0,    0,    0,    0,    0,    0,    0,    0,    0,    0,    0,    0,    0,    0,    0,    0,    0,    0,    0,    0,    0,    0,    0,    0,    0,    0,    0,    0,
       0,   -1,    0,    0,    0,    0,    0,    0,    0,    0,    0,    0,    0,    0,    0,    0,    0,    0,    0,    0,    0,   -4,    0,    0,    0,   -6,   -2,    0,    0,    0,   -8,    0,  -16,   -2,    0,    0,  -12,    0,    0,    0,    0,    0,    0,   -2,    0,   -2,    0,    0,    0,    0,    0,  -16,    0,   -2,    0,    0,    0,   -8,    0,  -13,    0,   -6,    0,    0,    0,    0,    0,    0,    0,    0,    0,    0,    0,    0,    0,    0,    0,    0,    0,    0,    0,    0,    0,    0,    0,    0,    0,    0,    0,    0,    0,    0,    0,    0,    0,    0,    0,    0,    0,    0,    0,    0,    0,    0,    0,    0,    0,    0,    0,    0,    0,    0,    0,    0,    0,    0,    0,    0,    0,    0,    0,    0,    0,    0,    0,    0,    0,    0,    0,    0,    0,    0,    0,    0,    0,    0,    0,
       0,  -12,    0,    0,    0,    0,  -16,   -8,    0,    0,    0,    0,    0,    0,    0,    0,    0,    0,    0,  -10,    0,    0,    0,    0,    0,   -4,    0,    0,    0,   -8,   -4,   -4,   -8,    0,    0,    0,   -4,    0,    0,   -6,    0,    0,    0,   -4,    0,    0,    0,    0,    0,    0,    0,   -8,    0,    0,    0,  -10,    0,   -4,    0,   -4,    0,   -4,    0,    0,    0,    0,    0,    0,    0,    0,    0,    0,    0,    0,    0,    0,    0,    0,    0,    0,    0,    0,    0,    0,    0,    0,    0,    0,    0,    0,    0,    0,    0,    0,    0,    0,    0,    0,    0,    0,    0,    0,    0,    0,    0,    0,    0,    0,    0,    0,    0,    0,    0,    0,    0,    0,    0,    0,    0,    0,    0,    0,    0,    0,    0,    0,    0,    0,    0,    0,    0,    0,    0,    0,    0,    0,    0,
       0,    0,    0,    0,    0,    0,    0,    0,    0,    0,    0,    0,    0,    0,    0,    0,    0,    0,    0,    0,    0,    0,    0,    0,    0,   -4,    0,    0,    0,    0,   -4,    0,    0,  -16,    0,    0,   -4,    0,    0,    0,    0,    0,    0,    0,    0,    0,    0,    0,    0,    0,    0,    0,    0,    0,    0,    0,    0,   -4,    0,   -4,    0,   -4,    0,    0,    0,    0,    0,    0,    0,    0,    0,    0,    0,    0,    0,    0,    0,    0,    0,    0,    0,    0,    0,    0,    0,    0,    0,    0,    0,    0,    0,    0,    0,    0,    0,    0,    0,    0,    0,    0,    0,    0,    0,    0,    0,    0,    0,    0,    0,    0,    0,    0,    0,    0,    0,    0,    0,    0,    0,    0,    0,    0,    0,    0,    0,    0,    0,    0,    0,    0,    0,    0,    0,    0,    0,    0,    0,
       0,    0,    0,    0,    0,    0,    0,    0,    0,  -16,  -20,    0,    0,    0,    0,    0,    0,    0,    0,  -20,    0,  -10,    0,  -40,    0,  -40,    0,  -40,  -28,  -32,  -48,    0,    0,    0,    0,    0,  -10,    0,    0,    0,    0,    0,    0,    0,    0,    0,   -8,   -8,  -16,   -8,    0,    0,    0,    0,    0,    0,    0,    0,    0,  -10,    0,    0,    0,    0,    0,    0,    0,    0,    0,    0,    0,    0,    0,    0,    0,    0,    0,    0,    0,    0,    0,    0,    0,    0,    0,    0,    0,    0,    0,    0,    0,    0,    0,    0,    0,    0,    0,    0,    0,    0,    0,    0,    0,    0,    0,    0,    0,    0,    0,    0,    0,    0,    0,    0,    0,    0,    0,    0,    0,    0,    0,    0,    0,    0,    0,    0,    0,    0,    0,    0,    0,    0,    0,    0,    0,    0,    0,
       0,    0,    0,    0,    0,    0,    0,    0,    0,  -16,  -20,    0,    0,    0,    0,    0,    0,    0,    0,  -20,    0,    0,    0,  -20,    0,  -40,    0,  -40,  -28,  -32,  -48,    0,    0,    0,    0,    0,    0,    0,    0,    0,    0,    0,    0,    0,    0,    0,   -8,   -8,  -16,   -8,    0,    0,    0,    0,    0,    0,    0,    0,    0,    0,    0,    0,    0,    0,    0,    0,    0,    0,    0,    0,    0,    0,    0,    0,    0,    0,    0,    0,    0,    0,    0,    0,    0,    0,    0,    0,    0,    0,    0,    0,    0,    0,    0,    0,    0,    0,    0,    0,    0,    0,    0,    0,    0,    0,    0,    0,    0,    0,    0,    0,    0,    0,    0,    0,    0,    0,    0,    0,    0,    0,    0,    0,    0,    0,    0,    0,    0,    0,    0,    0,    0,    0,    0,    0,    0,    0,    0,
       0,    0,    0,    0,    0,    0,    0,    0,    0,    0,    0,    0,    0,    0,    0,    0,    0,    0,    0,    0,    0,    0,    0,    0,    0,    0,    0,   -2,    0,    0,    0,    0,    0,    0,    0,    0,    0,    0,    0,    0,    0,    0,    0,    0,    0,    0,    0,    0,    0,    0,    0,    0,    0,    0,    0,    0,    0,    0,    0,    0,    0,    0,    0,    0,    0,    0,    0,    0,    0,    0,    0,    0,    0,    0,    0,    0,    0,    0,    0,    0,    0,    0,    0,    0,    0,    0,    0,    0,    0,    0,    0,    0,    0,    0,    0,    0,    0,    0,    0,    0,    0,    0,    0,    0,    0,    0,    0,    0,    0,    0,    0,    0,    0,    0,    0,    0,    0,    0,    0,    0,    0,    0,    0,    0,    0,    0,    0,    0,    0,    0,    0,    0,    0,    0,    0,    0,    0,
       0,    0,    0,    0,    0,    0,    0,    0,  -16,  -12,    0,  -12,    0,    0,    0,    0,    0,    0,    0,    0,    0,    0,    0,    0,    0,    0,    0,    0,    0,    0,    0,    0,    0,    0,    0,    0,    0,    0,    0,    0,    0,    0,    0,    0,    0,    0,    0,    0,    0,    0,    0,    0,    0,    0,    0,    0,    0,    0,    0,    0,    0,    0,    0,    0,    0,    0,    0,    0,    0,    0,    0,    0,    0,    0,    0,    0,    0,    0,    0,    0,    0,    0,    0,    0,    0,    0,    0,    0,    0,    0,    0,    0,    0,    0,    0,    0,    0,    0,    0,    0,    0,    0,    0,    0,    0,    0,    0,    0,    0,    0,    0,    0,    0,    0,    0,    0,    0,    0,    0,    0,    0,    0,    0,    0,    0,    0,    0,    0,    0,    0,    0,    0,    0,    0,    0,    0,    0,
       0,    0,    0,    0,    0,    0,    0,    0,    0,    0,    0,    0,    0,    0,    0,    0,    0,    0,    0,    0,    0,    0,    0,    0,    0,    0,    0,   -5,    0,    0,    0,    0,    0,    0,    0,    0,    0,    0,    0,    0,    0,    0,    0,    0,    0,    0,    0,    0,   -2,    0,    0,    0,    0,    0,    0,    0,    0,    0,    0,    4,    0,    0,    0,    0,    0,    0,    0,    0,    0,    0,    0,    0,    0,    0,    0,    0,    0,    0,    0,    0,    0,    0,    0,    0,    0,    0,    0,    0,    0,    0,    0,    0,    0,    0,    0,    0,    0,    0,    0,    0,    0,    0,    0,    0,    0,    0,    0,    0,    0,    0,    0,    0,    0,    0,    0,    0,    0,    0,    0,    0,    0,    0,    0,    0,    0,    0,    0,    0,    0,    0,    0,    0,    0,    0,    0,    0,    0,
       0,    0,    0,    0,    0,    0,    0,    0,    0,    0,    0,    0,    0,    0,    0,    0,    0,    0,    0,    0,    0,    0,    0,    0,    0,    0,    0,   -7,    0,    0,    0,    0,    0,    0,    0,    0,    0,    0,    0,    0,    0,    0,    0,    0,    0,    0,   -4,    0,    0,    0,    0,    0,    0,    0,    0,    0,    0,    0,    0,  -12,    0,    0,    0,    0,    0,    0,    0,    0,    0,    0,    0,    0,    0,    0,    0,    0,    0,    0,    0,    0,    0,    0,    0,    0,    0,    0,    0,    0,    0,    0,    0,    0,    0,    0,    0,    0,    0,    0,    0,    0,    0,    0,    0,    0,    0,    0,    0,    0,    0,    0,    0,    0,    0,    0,    0,    0,    0,    0,    0,    0,    0,    0,    0,    0,    0,    0,    0,    0,    0,    0,    0,    0,    0,    0,    0,    0,    0,
       4,    0,    0,   -2,  -52,    0,  -40,  -16,    0,    0,    0,    0,    0,    0,    0,    0,    0,    0,    0,  -26,    0,    0,    0,  -30,    0,    0,    0,    0,    3,   -6,    0,   -6,    0,   -8,    0,  -22,   -4,    0,    3,   -4,    0,    0,    0,    0,    6,   -2,    5,    6,   -1,    4,    0,    0,    8,   10,   -8,  -26,    0,    0,    3,   -4,    0,    0,    3,    0,    0,    0,    0,    0,    0,    0,    0,    0,    0,    0,    0,    0,    0,    0,    0,    0,    0,    0,    0,    0,    0,    0,    0,    0,    0,    0,    0,    0,    0,    0,    0,    0,    0,    0,    0,    0,    0,    0,    0,    0,    0,    0,    0,    0,    0,    0,    0,    0,    0,    0,    0,    0,    0,    0,    0,    0,    0,    0,    0,    0,    0,    0,    0,    0,    0,    0,   12,   20,   12,   20,    2,    0,    0,
       0,    0,  -10,   -8,    0,    0,    0,   -5,    0,    0,    0,    0,    0,    0,    0,    0,    0,    0,    0,    0,    0,    0,    0,    0,    0,  -19,    0,   -9,   -6,   -6,  -16,   -4,    0,   -2,    0,  -14,    0,    0,   -8,    0,    0,    0,    0,    0,    0,    0,   -7,   -8,   -9,   -8,   -4,  -10,    0,    4,    0,    0,    0,  -16,   -8,    0,    0,  -19,   -6,    0,    0,    0,    0,    0,    0,    0,    0,    0,    0,    0,    0,    0,    0,    0,    0,    0,    0,    0,    0,    0,    0,    0,    0,    0,    0,    0,    0,    0,    0,    0,    0,    0,    0,    0,    0,    0,    0,    0,    0,    0,    0,    0,    0,    0,    0,    0,    0,    0,    0,    0,    0,    0,    0,    0,    0,    0,    0,    0,    0,    0,    0,    0,    0,    0,    0,    0,    0,    0,    0,    0,    0,    0,    0,
       0,    0,  -12,   -6,    0,    0,   -8,  -12,    0,    0,    0,    0,    0,    0,    0,    0,    0,    0,    0,   -8,    0,    0,   -6,   -6,    0,  -12,    0,  -12,   -2,  -14,  -14,  -18,    0,  -20,    0,  -22,    0,    0,    0,    0,    0,    0,    0,    0,    0,    0,    0,    0,   -5,    0,    0,  -10,    0,    4,   -8,   -8,    0,  -14,    0,    0,    0,  -12,   -2,    0,    0,    0,    0,    0,    0,    0,    0,    0,    0,    0,    0,    0,    0,    0,    0,    0,    0,    0,    0,    0,    0,    0,    0,    0,    0,    0,    0,    0,    0,    0,    0,    0,    0,    0,    0,    0,    0,    0,    0,    0,    0,    0,    0,    0,    0,    0,    0,    0,    0,    0,    0,    0,    0,    0,    0,    0,    0,    0,    0,    0,    0,    0,    0,    0,    0,    0,    0,    0,    0,    0,    0,    0,    0,
       0,    0,    0,    0,    0,    0,    0,    0,    0,    0,    0,    0,    0,    0,    0,    0,    0,    0,    0,    0,   24,    0,    0,    0,    0,    0,    0,    0,    0,    0,    0,    0,    0,    0,    0,    0,    0,   36,    0,    0,    0,    0,    0,    0,    0,    0,    0,    0,    0,    0,    0,    0,    0,    0,    0,    0,    0,    0,    0,    0,   36,    0,    0,    0,    0,    0,    0,    0,    0,    0,    0,    0,    0,    0,    0,    0,    0,    0,    0,    0,    0,    0,    0,    0,    0,    0,    0,    0,    0,    0,    0,    0,    0,    0,    0,    0,    0,    0,    0,    0,    0,    0,    0,    0,    0,    0,    0,    0,    0,    0,    0,    0,    0,    0,    0,    0,    0,    0,    0,    0,    0,    0,    0,    0,    0,    0,    0,    0,    0,    0,    0,    0,    0,    0,    0,    0,    0,
       0,    0,    0,    0,   -1,    0,    0,    0,    0,    0,    0,    0,    0,    0,    0,    0,    0,    0,    0,   -6,    0,   -4,    0,    0,   -2,    0,    0,    0,    0,    0,   -6,    0,    0,  -12,    0,    0,    0,    0,    0,    0,    4,    0,    0,   -4,    0,   -3,    0,    0,    0,    0,    0,    0,    0,    0,    0,   -6,    0,   -6,    0,    0,    0,    0,    0,    0,    0,    0,    0,    0,    0,    0,    0,    0,    0,    0,    0,    0,    0,    0,    0,    0,    0,    0,    0,    0,    0,    0,    0,    0,    0,    0,    0,    0,    0,    0,    0,    0,    0,    0,    0,    0,    0,    0,    0,    0,    0,    0,    0,    0,    0,    0,    0,    0,    0,    0,    0,    0,    0,    0,    0,    0,    0,    0,    0,    0,    0,    0,    0,    0,    0,    0,    0,    0,    0,    0,    0,    0,    0,
       0,    0,    0,    0,    0,  -24,    0,    0,    0,    0,    0,    0,    0,    0,    0,    0,    0,    0,    0,    0,    0,   -4,    0,  -12,    0,   -8,   -2,  -12,    0,    0,  -20,    0,    0,  -16,    0,    0,   -8,    0,    0,    0,    0,    0,    0,    0,    0,   -4,    0,    0,    0,    0,    0,    0,    0,    0,    0,    0,    0,  -20,    0,   -8,    0,   -8,    0,    0,    0,    0,    0,    0,    0,    0,    0,    0,    0,    0,    0,    0,    0,    0,    0,    0,    0,    0,    0,    0,    0,    0,    0,    0,    0,    0,    0,    0,    0,    0,    0,    0,    0,    0,    0,    0,    0,    0,    0,    0,    0,    0,    0,    0,    0,    0,    0,    0,    0,    0,    0,    0,    0,    0,    0,    0,    0,    0,    0,    0,    0,    0,    0,    0,    0,  -24,    0,    0,    0,    0,    0,    0,    0,
       0,    0,    0,    0,    0,    0,    0,    0,    0,    0,    0,    0,    0,    0,    0,    0,    0,    0,    0,    0,    0,    0,    0,    0,    0,    0,    0,    0,    0,    0,    0,    0,    0,    0,    0,    0,    0,    0,    0,    0,    0,    0,    0,    0,    0,    0,    0,    0,    0,    0,    0,    0,    0,    0,    0,    0,    0,    0,    0,    0,    0,    0,    0,    0,    0,    0,   20,    0,    0,    0,    0,    0,    0,    0,    0,    0,    0,    0,    0,    0,    0,    0,    0,    0,    0,    0,    0,    0,    0,    0,    0,    0,    0,    0,    0,    0,    0,    0,    0,    0,    0,    0,    0,    0,    0,    0,    0,    0,    0,    0,    0,    0,    0,    0,    0,    0,    0,    0,    0,    0,    0,    0,    0,    0,    0,    0,    0,    0,    0,    0,    0,    0,    0,    0,    0,    0,    0,
       0,    0,    0,    0,    0,    0,    0,    0,    0,    0,    0,    0,    0,    0,    0,    0,    0,    0,    0,    0,    0,    0,    0,    0,    0,    0,    0,    0,    0,    0,    0,    0,    0,    0,    0,    0,    0,    0,    0,    0,    0,    0,    0,    0,    0,    0,    0,    0,    0,    0,    0,    0,    0,    0,    0,    0,    0,    0,    0,    0,    0,    0,    0,  -20,    0,    0,    0,    0,   -8,    0,    0,    0,    0,    0,  -12,    0,    0,    0,    0,    0,    0,    0,    0,    0,   -8,   -8,   -8,    0,    0,    0,    0,    0,    0,    0,   -8,    0,  -16,  -24,  -20,   -8,    0,    0,    0,    0,    0,    0,    0,    0,    0,    0,    0,    0,    0,    0,    0,    0,    0,    0,    0,    0,    0,    0,    0,    0,    0,    0,    0,    0,    0,    0,    0,    0,    0,    0,    0,    0,    0,
       0,    0,    0,    0,    0,    0,    0,    0,    0,    0,    0,    0,    0,    0,    0,    0,    0,    0,    0,    0,    0,    0,    0,    0,    0,    0,    0,    0,    0,    0,    0,    0,    0,    0,    0,    0,    0,    0,    0,    0,    0,    0,    0,    0,    0,    0,    0,    0,    0,    0,    0,    0,    0,    0,    0,    0,    0,    0,    0,    0,    0,    0,    0,    8,   -8,    0,    0,  -10,    0,  -28,  -10,    0,    0,  -14,    0,    0,  -16,   -8,  -12,  -16,  -16,   -4,   -4,  -12,   -4,   -8,  -12,  -16,    0,   -8,    0,    0,    0,    0,    0,    0,    0,    4,    0,    0,    0,    0,    0,    0,    0,    0,    0,    0,    0,    0,    0,    0,    0,    0,    0,    0,    0,    0,    0,    0,    0,    0,    0,    0,    0,    0,    0,    0,    0,    0,    0,    0,    0,    0,    0,    0,    0,
       0,    0,    0,    0,    0,    0,    0,    0,    0,    0,    0,    0,    0,    0,    0,    0,    0,    0,    0,    0,    0,    0,    0,    0,    0,    0,    0,    0,    0,    0,    0,    0,    0,    0,    0,    0,    0,    0,    0,    0,    0,    0,    0,    0,    0,    0,    0,    0,    0,    0,    0,    0,    0,    0,    0,    0,    0,    0,    0,    0,    0,    0,    0,    0,   -8,    0,    0,    0,    0,    0,    0,    0,    0,  -12,    0,    0,    0,    0,    0,    0,    0,    0,    0,    0,    0,    0,   -8,    0,    0,    0,    0,    0,   -8,    0,    0,    0,    0,    0,    0,    0,   -8,    0,    0,    0,    0,    0,    0,    0,    0,    0,    0,    0,    0,    0,    0,    0,    0,    0,    0,    0,    0,    0,    0,    0,    0,    0,    0,    0,    0,    0,    0,    0,    0,    0,    0,    0,    0,
       0,    0,    0,    0,    0,    0,    0,    0,    0,    0,    0,    0,    0,    0,    0,    0,    0,    0,    0,    0,    0,    0,    0,    0,    0,    0,    0,    0,    0,    0,    0,    0,    0,    0,    0,    0,    0,    0,    0,    0,    0,    0,    0,    0,    0,    0,    0,    0,    0,    0,    0,    0,    0,    0,    0,    0,    0,    0,    0,    0,    0,    0,    0,    0,    0,    0,    0,    0,    0,    0,    0,    0,    0,   -4,    0,    0,    0,    0,    0,    0,    0,    0,    0,    0,    0,    0,    0,    0,    0,    0,    0,    0,    0,    0,    0,    0,    0,    0,    0,    0,    0,    0,    0,    0,    0,    0,    0,    0,    0,    0,    0,    0,    0,    0,    0,    0,    0,    0,    0,    0,    0,    0,    0,    0,    0,    0,    0,    0,    0,    0,    0,    0,    0,    0,    0,    0,    0,
       0,    0,    0,    0,    0,    0,    0,    0,    0,    0,    0,    0,    0,    0,    0,    0,    0,    0,    0,    0,    0,    0,    0,    0,    0,    0,    0,    0,    0,    0,    0,    0,    0,    0,    0,    0,    0,    0,    0,    0,    0,    0,    0,    0,    0,    0,    0,    0,    0,    0,    0,    0,    0,    0,    0,    0,    0,    0,    0,    0,    0,    0,    0,  -24,    0,    0,    0,    0,   -8,    0,    0,    0,    0,    0,  -12,    0,    0,    0,    0,    0,    0,   -8,    0,    0,   -8,   -8,    0,   -8,    0,    0,    0,    0,    0,    0,    0,    0,    0,  -12,    0,    0,    0,    0,    0,    0,    0,    0,    0,    0,    0,    0,    0,    0,    0,    0,    0,    0,    0,    0,    0,    0,    0,    0,    0,    0,    0,    0,    0,    0,    0,    0,    0,    0,    0,    0,    0,    0,    0,
       0,    0,    0,    0,    0,    0,    0,    0,    0,    0,    0,    0,    0,    0,    0,    0,    0,    0,    0,    0,    0,    0,    0,    0,    0,    0,    0,    0,    0,    0,    0,    0,    0,    0,    0,    0,    0,    0,    0,    0,    0,    0,    0,    0,    0,    0,    0,    0,    0,    0,    0,    0,    0,    0,    0,    0,    0,    0,    0,    0,    0,    0,    0,    0,   -8,    0,    0,    0,    0,    0,    0,    0,    0,  -16,   -4,    0,   -4,   -8,    0,    0,   -8,    0,    0,    0,   -4,   -4,   -8,    0,    0,    0,    0,    0,   -8,    0,    0,    0,    0,    0,    0,    0,  -20,    0,    0,    0,    0,    0,    0,    0,    0,    0,    0,    0,    0,    0,    0,    0,    0,    0,    0,    0,    0,    0,    0,    0,    0,    0,    0,    0,    0,    0,    0,    0,    0,    0,    0,    0,    0,
       0,    0,    0,    0,    0,    0,    0,    0,    0,    0,    0,    0,    0,    0,    0,    0,    0,    0,    0,    0,    0,    0,    0,    0,    0,    0,    0,    0,    0,    0,    0,    0,    0,    0,    0,    0,    0,    0,    0,    0,    0,    0,    0,    0,    0,    0,    0,    0,    0,    0,    0,    0,    0,    0,    0,    0,    0,    0,    0,    0,    0,    0,    0,    0,  -16,   -8,    0,  -36,    0,  -48,  -40,    0,    0,  -12,    0,  -12,  -20,  -16,   -4,  -40,  -24,  -12,   -8,  -20,    0,    0,   -8,  -20,   20,  -12,    0,    0,   -4,    0,    0,    0,    0,    0,    0,    0,   -8,  -12,  -20,    0,    0,    0,    0,    0,    0,    0,    0,    0,    0,    0,    0,    0,    0,    0,    0,    0,    0,    0,    0,    0,    0,    0,    0,    0,    0,    0,    0,    0,    0,    0,    0,    0,    0,
       0,    0,    0,    0,    0,    0,    0,    0,    0,    0,    0,    0,    0,    0,    0,    0,    0,    0,    0,    0,    0,    0,    0,    0,    0,    0,    0,    0,    0,    0,    0,    0,    0,    0,    0,    0,    0,    0,    0,    0,    0,    0,    0,    0,    0,    0,    0,    0,    0,    0,    0,    0,    0,    0,    0,    0,    0,    0,    0,    0,    0,    0,    0,  -28,   -8,    0,   20,    0,  -12,    0,    0,    0,    0,  -14,  -24,    0,    0,    0,    0,    0,   -4,    0,    0,    0,  -12,   -8,  -12,    0,    0,    0,    0,    0,    0,    0,   -8,    0,  -16,  -20,  -24,    0,  -20,    0,    0,    0,   -4,    0,    0,    0,    0,    0,    0,    0,    0,    0,    0,    0,    0,    0,    0,    0,    0,    0,    0,    0,    0,    0,    0,    0,    0,    0,    0,    0,    0,    0,    0,    0,    0,
       0,    0,    0,    0,    0,    0,    0,    0,    0,    0,    0,    0,    0,    0,    0,    0,    0,    0,    0,    0,    0,    0,    0,    0,    0,    0,    0,    0,    0,    0,    0,    0,    0,    0,    0,    0,    0,    0,    0,    0,    0,    0,    0,    0,    0,    0,    0,    0,    0,    0,    0,    0,    0,    0,    0,    0,    0,    0,    0,    0,    0,    0,    0,    0,    0,    0,    0,    0,    0,    0,    0,    0,    0,    0,    0,    0,    0,    0,    0,    0,    0,   -4,    0,    0,    0,   -4,    0,    0,    0,    0,    0,    0,    0,    0,    0,    0,    0,    0,    0,    0,    0,    0,    0,    0,    0,    0,    0,    0,    0,    0,    0,    0,    0,    0,    0,    0,    0,    0,    0,    0,    0,    0,    0,    0,    0,    0,    0,    0,    0,    0,    0,    0,    0,    0,    0,    0,    0,
       0,    0,    0,    0,    0,    0,    0,    0,    0,    0,    0,    0,    0,    0,    0,    0,    0,    0,    0,    0,    0,    0,    0,    0,    0,    0,    0,    0,    0,    0,    0,    0,    0,    0,    0,    0,    0,    0,    0,    0,    0,    0,    0,    0,    0,    0,    0,    0,    0,    0,    0,    0,    0,    0,    0,    0,    0,    0,    0,    0,    0,    0,    0,    0,    0,    0,    0,    0,    0,    0,    0,    0,    0,    0,    0,    0,    0,    0,    0,    0,    0,   -4,    0,    0,    0,    0,   -6,   -4,    0,    0,    0,    0,    0,    0,    0,    0,    0,    0,    0,    0,    0,    0,    0,    0,    0,    0,    0,    0,    0,    0,    0,    0,    0,    0,    0,    0,    0,    0,    0,    0,    0,    0,    0,    0,    0,    0,    0,    0,    0,    0,    0,    0,    0,    0,    0,    0,    0,
       0,    0,    0,    0,    0,    0,    0,    0,    0,    0,    0,    0,    0,    0,    0,    0,    0,    0,    0,    0,    0,    0,    0,    0,    0,    0,    0,    0,    0,    0,    0,    0,    0,    0,    0,    0,    0,    0,    0,    0,    0,    0,    0,    0,    0,    0,    0,    0,    0,    0,    0,    0,    0,    0,    0,    0,    0,    0,    0,    0,    0,    0,    0,    0,    0,    0,   36,   12,    0,    0,   16,    0,    0,   -4,  -10,    0,    0,    0,    0,   12,    0,    0,    0,   12,   -4,   12,   -8,    0,    0,    0,    0,   28,    0,    0,    0,    0,    0,    0,    0,    0,    0,    0,    0,    0,    0,    0,    0,    0,    0,    0,    0,    0,    0,    0,    0,    0,    0,    0,    0,    0,    0,    0,    0,    0,    0,    0,    0,    0,    0,    0,    0,    0,    0,    0,    0,    0,    0,
       0,    0,    0,    0,    0,    0,    0,    0,    0,    0,    0,    0,    0,    0,    0,    0,    0,    0,    0,    0,    0,    0,    0,    0,    0,    0,    0,    0,    0,    0,    0,    0,    0,    0,    0,    0,    0,    0,    0,    0,    0,    0,    0,    0,    0,    0,    0,    0,    0,    0,    0,    0,    0,    0,    0,    0,    0,    0,    0,    0,    0,    0,    0,   -8,    0,    0,    0,   -4,  -16,   -8,   -4,   -8,   -4,    0,    0,    0,    0,    0,    0,   -4,    0,   -6,    0,   -4,    0,    0,    0,   -4,    0,    0,    0,    0,    0,    0,    0,    0,   -4,   -4,   -4,    0,    0,    0,   -8,    0,    0,    0,    0,    0,    0,    0,    0,    0,    0,    0,    0,    0,    0,    0,    0,    0,    0,    0,    0,    0,    0,    0,    0,    0,    0,    0,    0,    0,    0,    0,    0,    0,    0,
       0,    0,    0,    0,    0,    0,    0,    0,    0,    0,    0,    0,    0,    0,    0,    0,    0,    0,    0,    0,    0,    0,    0,    0,    0,    0,    0,    0,    0,    0,    0,    0,    0,    0,    0,    0,    0,    0,    0,    0,    0,    0,    0,    0,    0,    0,    0,    0,    0,    0,    0,    0,    0,    0,    0,    0,    0,    0,    0,    0,    0,    0,    0,    0,    0,    0,    0,  -24,   -8,  -20,  -24,   -8,    0,   -4,    0,    0,  -10,    0,    0,  -20,   -4,    0,    0,  -16,    0,    0,    0,   -4,    0,    0,    0,    0,    0,    0,    0,    0,    0,    0,    0,    0,    0,    0,  -24,    0,    0,    0,    0,    0,    0,    0,    0,    0,    0,    0,    0,    0,    0,    0,    0,    0,    0,    0,    0,    0,    0,    0,    0,    0,    0,    0,    0,    0,    0,    0,    0,    0,    0,
       0,    0,    0,    0,    0,    0,    0,    0,    0,    0,    0,    0,    0,    0,    0,    0,    0,    0,    0,    0,    0,    0,    0,    0,    0,    0,    0,    0,    0,    0,    0,    0,    0,    0,    0,    0,    0,    0,    0,    0,    0,    0,    0,    0,    0,    0,    0,    0,    0,    0,    0,    0,    0,    0,    0,    0,    0,    0,    0,    0,    0,    0,    0,  -14,    0,   -4,    0,  -10,  -12,  -14,  -12,  -16,  -12,    0,    0,   -4,    0,    0,    0,  -10,    0,   -6,    0,   -6,    0,    0,    0,   -4,    0,    0,    0,    0,    0,    0,    0,    0,    0,   -8,    0,    0,    0,    0,    0,    0,    0,    0,    0,    0,    0,    0,    0,    0,    0,    0,    0,    0,    0,    0,    0,    0,    0,    0,    0,    0,    0,    0,    0,    0,    0,    0,    0,    0,    0,    0,    0,    0,    0,
       0,    0,    0,    0,    0,    0,    0,    0,    0,    0,    0,    0,    0,    0,    0,    0,    0,    0,    0,    0,    0,    0,    0,    0,    0,    0,    0,    0,    0,    0,    0,    0,    0,    0,    0,    0,    0,    0,    0,    0,    0,    0,    0,    0,    0,    0,    0,    0,    0,    0,    0,    0,    0,    0,    0,    0,    0,    0,    0,    0,    0,    0,    0,  -16,    0,    0,    0,    0,  -16,    0,    0,    0,    0,    0,    0,    0,    0,    0,    0,    0,    0,   -8,    0,    0,   -4,   -4,    0,    0,    0,    0,    0,    0,    0,    0,    0,    0,    0,    0,    0,    0,    0,    0,    0,    0,    0,    0,    0,    0,    0,    0,    0,    0,    0,    0,    0,    0,    0,    0,    0,    0,    0,    0,    0,    0,    0,    0,    0,    0,    0,    0,    0,    0,    0,    0,    0,    0,    0,
       0,    0,    0,    0,    0,    0,    0,    0,    0,    0,    0,    0,    0,    0,    0,    0,    0,    0,    0,    0,    0,    0,    0,    0,    0,    0,    0,    0,    0,    0,    0,    0,    0,    0,    0,    0,    0,    0,    0,    0,    0,    0,    0,    0,    0,    0,    0,    0,    0,    0,    0,    0,    0,    0,    0,    0,    0,    0,    0,    0,    0,    0,    0,  -24,    0,    0,    0,    0,  -16,   -4,    0,  -12,    0,    0,    0,   -8,    0,    0,    0,   -4,    0,   -8,    0,    0,   -4,  -12,   -4,   -4,    0,    0,    0,    0,    0,    0,    0,    0,    0,    0,    0,    0,    0,    0,    0,    0,    0,    0,    0,    0,    0,    0,    0,    0,    0,    0,    0,    0,    0,    0,    0,    0,    0,    0,    0,    0,    0,    0,    0,    0,    0,    0,    0,    0,    0,    0,    0,    0,    0,
       0,    0,    0,    0,    0,    0,    0,    0,    0,    0,    0,    0,    0,    0,    0,    0,    0,    0,    0,    0,    0,    0,    0,    0,    0,    0,    0,    0,    0,    0,    0,    0,    0,    0,    0,    0,    0,    0,    0,    0,    0,    0,    0,    0,    0,    0,    0,    0,    0,    0,    0,    0,    0,    0,    0,    0,    0,    0,    0,    0,    0,    0,    0,  -12,    0,    0,    0,    0,   -4,    0,    0,   -4,    0,    0,    0,   -4,    0,    0,    0,    0,    0,   -8,    0,    0,   -4,   -4,    0,    0,    0,    0,    0,    0,    0,    0,    0,    0,    0,    0,    0,    0,    0,    0,    0,    0,    0,    0,    0,    0,    0,    0,    0,    0,    0,    0,    0,    0,    0,    0,    0,    0,    0,    0,    0,    0,    0,    0,    0,    0,    0,    0,    0,    0,    0,    0,    0,    0,    0,
       0,    0,    0,    0,    0,    0,    0,    0,    0,    0,    0,    0,    0,    0,    0,    0,    0,    0,    0,    0,    0,    0,    0,    0,    0,    0,    0,    0,    0,    0,    0,    0,    0,    0,    0,    0,    0,    0,    0,    0,    0,    0,    0,    0,    0,    0,    0,    0,    0,    0,    0,    0,    0,    0,    0,    0,    0,    0,    0,    0,    0,    0,    0,    0,    0,    0,    0,   -8,    0,  -12,  -12,   -4,    0,    0,    0,    0,    0,    0,    0,  -16,   -4,    0,    0,  -12,    0,    0,    0,    0,    0,    0,    0,    0,    0,    0,    0,    0,    0,    0,    0,    0,    0,    0,    0,    0,    0,    0,    0,    0,    0,    0,    0,    0,    0,    0,    0,    0,    0,    0,    0,    0,    0,    0,    0,    0,    0,    0,    0,    0,    0,    0,    0,    0,    0,    0,    0,    0,    0,
       0,    0,    0,    0,    0,    0,    0,    0,    0,    0,    0,    0,    0,    0,    0,    0,    0,    0,    0,    0,    0,    0,    0,    0,    0,    0,    0,    0,    0,    0,    0,    0,    0,    0,    0,    0,    0,    0,    0,    0,    0,    0,    0,    0,    0,    0,    0,    0,    0,    0,    0,    0,    0,    0,    0,    0,    0,    0,    0,    0,    0,    0,    0,  -12,    0,    0,   40,    8,    0,    0,   12,    0,    0,    0,   -6,    0,    0,    0,    0,    8,    0,    0,    0,   10,   -6,    0,  -12,    0,    0,    0,    0,   24,    0,    0,    0,    0,    0,    0,    0,    0,    0,    0,    0,    0,    0,    0,    0,    0,    0,    0,    0,    0,    0,    0,    0,    0,    0,    0,    0,    0,    0,    0,    0,    0,    0,    0,    0,    0,    0,    0,    0,    0,    0,    0,    0,    0,    0,
       0,    0,    0,    0,    0,    0,    0,    0,    0,    0,    0,    0,    0,    0,    0,    0,    0,    0,    0,    0,    0,    0,    0,    0,    0,    0,    0,    0,    0,    0,    0,    0,    0,    0,    0,    0,    0,    0,    0,    0,    0,    0,    0,    0,    0,    0,    0,    0,    0,    0,    0,    0,    0,    0,    0,    0,    0,    0,    0,    0,    0,    0,    0,  -16,    0,    0,    0,    0,  -16,   -4,    0,   -8,    0,    0,    0,   -8,    0,    0,    0,   -4,    0,   -8,    0,    0,   -4,  -12,   -4,   -4,    0,    0,    0,    0,    0,    0,    0,    0,    0,    0,    0,    0,    0,    0,    0,    0,    0,    0,    0,    0,    0,    0,    0,    0,    0,    0,    0,    0,    0,    0,    0,    0,    0,    0,    0,    0,    0,    0,    0,    0,    0,    0,    0,    0,    0,    0,    0,    0,    0,
       0,    0,    0,    0,    0,    0,    0,    0,    0,    0,    0,    0,    0,    0,    0,    0,    0,    0,    0,    0,    0,    0,    0,    0,    0,    0,    0,    0,    0,    0,    0,    0,    0,    0,    0,    0,    0,    0,    0,    0,    0,    0,    0,    0,    0,    0,    0,    0,    0,    0,    0,    0,    0,    0,    0,    0,    0,    0,    0,    0,    0,    0,    0,   -4,   -6,    0,    0,    0,   -4,    0,    0,    0,    0,   -6,   -4,    0,   -8,    0,    0,    0,   -8,    0,    0,    0,    0,    0,   -8,   -4,    0,    0,    0,    0,    0,    0,    0,    0,    0,    0,    0,    0,    0,   -8,    0,    0,    0,    0,    0,    0,    0,    0,    0,    0,    0,    0,    0,    0,    0,    0,    0,    0,    0,    0,    0,    0,    0,    0,    0,    0,    0,    0,    0,    0,    0,    0,    0,    0,    0,
       0,    0,    0,    0,    0,    0,    0,    0,    0,    0,    0,    0,    0,    0,    0,    0,    0,    0,    0,    0,    0,    0,    0,    0,    0,    0,    0,    0,    0,    0,    0,    0,    0,    0,    0,    0,    0,    0,    0,    0,    0,    0,    0,    0,    0,    0,    0,    0,    0,    0,    0,    0,    0,    0,    0,    0,    0,    0,    0,    0,    0,    0,    0,  -12,    0,    0,    0,    0,    0,    0,    0,    0,    0,    0,    0,    0,    0,    0,    0,    0,    0,    0,    0,    0,    0,    0,    0,    0,   -2,    0,    0,    0,    0,    0,    0,    0,    0,    0,    0,    0,    0,    0,    0,    0,    0,    0,    0,    0,    0,    0,    0,    0,    0,    0,    0,    0,    0,    0,    0,    0,    0,    0,    0,    0,    0,    0,    0,    0,    0,    0,    0,    0,    0,    0,    0,    0,    0,
       0,    0,    0,    0,    0,    0,    0,    0,    0,    0,    0,    0,    0,    0,    0,    0,    0,    0,    0,    0,    0,    0,    0,    0,    0,    0,    0,    0,    0,    0,    0,    0,    0,    0,    0,    0,    0,    0,    0,    0,    0,    0,    0,    0,    0,    0,    0,    0,    0,    0,    0,    0,    0,    0,    0,    0,    0,    0,    0,    0,    0,    0,    0,   -8,    0,    0,    0,    0,    0,    0,    0,    0,    0,    0,    0,    0,    0,    0,    0,    0,   -4,    0,    0,    0,    0,    0,    0,   -4,    0,    0,    0,    0,    0,    0,    0,    0,    0,    0,    0,    0,    0,    0,    0,    0,    0,    0,    0,    0,    0,    0,    0,    0,    0,    0,    0,    0,    0,    0,    0,    0,    0,    0,    0,    0,    0,    0,    0,    0,    0,    0,    0,    0,    0,    0,    0,    0,    0,
       0,    0,    0,    0,    0,    0,    0,    0,    0,    0,    0,    0,    0,    0,    0,    0,    0,    0,    0,    0,    0,    0,    0,    0,    0,    0,    0,    0,    0,    0,    0,    0,    0,    0,    0,    0,    0,    0,    0,    0,    0,    0,    0,    0,    0,    0,    0,    0,    0,    0,    0,    0,    0,    0,    0,    0,    0,    0,    0,    0,    0,    0,    0,    0,    0,    0,    0,   -8,    0,   -8,  -12,   -4,    0,    0,    0,    0,   -4,    0,    0,  -20,  -12,    0,    0,  -20,    0,    0,    0,  -12,    0,    0,    0,    0,    0,    0,    0,    0,    0,    0,    0,    0,    0,    0,    0,    0,    0,    0,    0,    0,    0,    0,    0,    0,    0,    0,    0,    0,    0,    0,    0,    0,    0,    0,    0,    0,    0,    0,    0,    0,    0,    0,    0,    0,    0,    0,    0,    0,    0,
       0,    0,    0,    0,    0,    0,    0,    0,    0,    0,    0,    0,    0,    0,    0,    0,    0,    0,    0,    0,    0,    0,    0,    0,    0,    0,    0,    0,    0,    0,    0,    0,    0,    0,    0,    0,    0,    0,    0,    0,    0,    0,    0,    0,    0,    0,    0,    0,    0,    0,    0,    0,    0,    0,    0,    0,    0,    0,    0,    0,    0,    0,    0,  -24,    0,    0,    0,    0,   -8,   -4,    0,   -4,    0,   -4,  -28,   -8,    0,    0,    0,    0,    0,   -8,    0,    0,  -24,  -18,  -16,   -8,    0,    0,    0,    0,    0,   -8,    0,    0,    0,    0,    0,  -12,    0,   -8,    0,    0,    0,    0,    0,    0,    0,    0,    0,    0,    0,    0,    0,    0,    0,    0,    0,    0,    0,    0,    0,    0,    0,    0,    0,    0,    0,    0,    0,    0,    0,    0,    0,    0,    0,
       0,    0,    0,    0,    0,    0,    0,    0,    0,    0,    0,    0,    0,    0,    0,    0,    0,    0,    0,    0,    0,    0,    0,    0,    0,    0,    0,    0,    0,    0,    0,    0,    0,    0,    0,    0,    0,    0,    0,    0,    0,    0,    0,    0,    0,    0,    0,    0,    0,    0,    0,    0,    0,    0,    0,    0,    0,    0,    0,    0,    0,    0,    0,  -16,    0,    0,   32,    0,    0,    0,    0,    0,    0,    0,    0,    0,    0,    0,    0,    0,    0,    0,    0,    0,  -12,  -20,    0,    0,    0,    0,    0,    8,    0,    0,    0,    0,    0,    0,    0,    0,    0,    0,    0,    0,    0,    0,    0,    0,    0,    0,    0,    0,    0,    0,    0,    0,    0,    0,    0,    0,    0,    0,    0,    0,    0,    0,    0,    0,    0,    0,    0,    0,    0,    0,    0,    0,    0,
       0,    0,    0,    0,    0,    0,    0,    0,    0,    0,    0,    0,    0,    0,    0,    0,    0,    0,    0,    0,    0,    0,    0,    0,    0,    0,    0,    0,    0,    0,    0,    0,    0,    0,    0,    0,    0,    0,    0,    0,    0,    0,    0,    0,    0,    0,    0,    0,    0,    0,    0,    0,    0,    0,    0,    0,    0,    0,    0,    0,    0,    0,    0,   -8,    0,    0,    0,    0,  -12,    0,    0,    0,    0,    0,    0,   -4,    0,    0,    0,    0,    0,    0,    0,    0,    0,    0,    0,   -8,    0,    0,    0,    0,    0,    0,    0,    0,    0,    0,    0,    0,    0,    0,    0,    0,    0,    0,    0,    0,    0,    0,    0,    0,    0,    0,    0,    0,    0,    0,    0,    0,    0,    0,    0,    0,    0,    0,    0,    0,    0,    0,    0,    0,    0,    0,    0,    0,    0,
       0,    0,    0,    0,    0,    0,    0,    0,    0,    0,    0,    0,    0,    0,    0,    0,    0,    0,    0,    0,    0,    0,    0,    0,    0,    0,    0,    0,    0,    0,    0,    0,    0,    0,    0,    0,    0,    0,    0,    0,    0,    0,    0,    0,    0,    0,    0,    0,    0,    0,    0,    0,    0,    0,    0,    0,    0,    0,    0,    0,    0,    0,    0,    8,    0,    0,    0,    0,    0,    0,    0,    0,    0,    0,    0,    0,    0,    0,    0,    0,    0,    0,    0,    0,    0,    0,    0,    0,   12,    0,    4,    0,    0,    0,    0,    0,    0,    0,    0,    0,    0,    0,    0,    0,    0,    0,    0,    0,    0,    0,    0,    0,    0,    0,    0,    0,    0,    0,    0,    0,    0,    0,    0,    0,    0,    0,    0,    0,    0,    0,    0,    0,    0,    0,    0,    0,    0,
       0,    0,    0,    0,    0,    0,    0,    0,    0,    0,    0,    0,    0,    0,    0,    0,    0,    0,    0,    0,    0,    0,    0,    0,    0,    0,    0,    0,    0,    0,    0,    0,    0,    0,    0,    0,    0,    0,    0,    0,    0,    0,    0,    0,    0,    0,    0,    0,    0,    0,    0,    0,    0,    0,    0,    0,    0,    0,    0,    0,    0,    0,    0,    0,    0,    0,   12,    0,    0,    0,    0,    0,    0,    0,    0,    0,    0,    0,    0,    0,    0,    0,    0,    0,    0,    0,    0,    0,    0,    0,    0,    8,    0,    0,    0,    0,    0,    0,    0,    0,    0,    0,    0,    0,    0,    0,    0,    0,    0,    0,    0,    0,    0,    0,    0,    0,    0,    0,    0,    0,    0,    0,    0,    0,    0,    0,    0,    0,    0,    0,    0,    0,    0,    0,    0,    0,    0,
       0,    0,    0,    0,    0,    0,    0,    0,    0,    0,    0,    0,    0,    0,    0,    0,    0,    0,    0,    0,    0,    0,    0,    0,    0,    0,    0,    0,    0,    0,    0,    0,    0,    0,    0,    0,    0,    0,    0,    0,    0,    0,    0,    0,    0,    0,    0,    0,    0,    0,    0,    0,    0,    0,    0,    0,    0,    0,    0,    0,    0,    0,    0,  -16,    0,    0,   16,    0,    0,    0,    0,    0,    0,    0,    0,    0,    0,    0,    0,    0,    0,    0,    0,    0,  -12,  -20,    0,    0,    0,    0,    0,    0,    0,    0,    0,    0,    0,    0,    0,    0,    0,    0,    0,    0,    0,    0,    0,    0,    0,    0,    0,    0,    0,    0,    0,    0,    0,    0,    0,    0,    0,    0,    0,    0,    0,    0,    0,    0,    0,    0,    0,    0,    0,    0,    0,    0,    0,
       0,    0,    0,    0,    0,    0,    0,    0,    0,    0,    0,    0,    0,    0,    0,    0,    0,    0,    0,    0,    0,    0,    0,    0,    0,    0,    0,    0,    0,    0,    0,    0,    0,    0,    0,    0,    0,    0,    0,    0,    0,    0,    0,    0,    0,    0,    0,    0,    0,    0,    0,    0,    0,    0,    0,    0,    0,    0,    0,    0,    0,    0,    0,    0,    0,    0,    0,    0,    0,    0,    0,    0,    0,    0,    0,    0,    0,    0,    0,   -8,    0,    0,    0,    0,    0,    0,    0,    0,    0,    0,    0,    0,    0,    0,    0,    0,    0,    0,    0,    0,    0,    0,    0,    0,    0,    0,    0,    0,    0,    0,    0,    0,    0,    0,    0,    0,    0,    0,    0,    0,    0,    0,    0,    0,    0,    0,    0,    0,    0,    0,    0,    0,    0,    0,    0,    0,    0,
       0,    0,    0,    0,    0,    0,    0,    0,    0,    0,    0,    0,    0,    0,    0,    0,    0,    0,    0,    0,    0,    0,    0,    0,    0,    0,    0,    0,    0,    0,    0,    0,    0,    0,    0,    0,    0,    0,    0,    0,    0,    0,    0,    0,    0,    0,    0,    0,    0,    0,    0,    0,    0,    0,    0,    0,    0,    0,    0,    0,    0,    0,    0,  -16,    0,    0,    0,    0,    0,    0,    0,    0,    0,    0,  -16,    0,    0,    0,    0,    0,    0,    0,    0,    0,   -8,    0,    0,    0,    0,    0,    0,    0,    0,    0,    0,    0,  -12,   -8,  -12,    0,    0,    0,    0,    0,    0,    0,    0,    0,    0,    0,    0,    0,    0,    0,    0,    0,    0,    0,    0,    0,    0,    0,    0,    0,    0,    0,    0,    0,    0,    0,    0,    0,    0,    0,    0,    0,    0,
       0,    0,    0,    0,    0,    0,    0,    0,    0,    0,    0,    0,    0,    0,    0,    0,    0,    0,    0,    0,    0,    0,    0,    0,    0,    0,    0,    0,    0,    0,    0,    0,    0,    0,    0,    0,    0,    0,    0,    0,    0,    0,    0,    0,    0,    0,    0,    0,    0,    0,    0,    0,    0,    0,    0,    0,    0,    0,    0,    0,    0,    0,    0,    0,    0,    0,    0,    0,    0,    0,    0,    0,    0,    0,    0,    0,   -8,    0,    0,    0,    0,    0,    0,    0,  -20,  -12,  -12,    0,    0,    0,    0,    0,    0,   -8,    0,    0,    0,    0,    0,   -8,    0,   -8,    0,    0,    0,    0,    0,    0,    0,    0,    0,    0,    0,    0,    0,    0,    0,    0,    0,    0,    0,    0,    0,    0,    0,    0,    0,    0,    0,    0,    0,    0,    0,    0,    0,    0,    0,
       0,    0,    0,    0,    0,    0,    0,    0,    0,    0,    0,    0,    0,    0,    0,    0,    0,    0,    0,    0,    0,    0,    0,    0,    0,    0,    0,    0,    0,    0,    0,    0,    0,    0,    0,    0,    0,    0,    0,    0,    0,    0,    0,    0,    0,    0,    0,    0,    0,    0,    0,    0,    0,    0,    0,    0,    0,    0,    0,    0,    0,    0,    0,    0,    0,    0,    0,    0,    0,    0,    0,    0,    0,    0,    0,    0,    0,    0,    0,    0,    0,    0,    0,    0,    0,    0,    0,    0,    0,    0,    0,    0,    0,    0,    0,    0,   -4,    0,   -4,    0,    0,    0,    0,    0,    0,    0,    0,    0,    0,    0,    0,    0,    0,    0,    0,    0,    0,    0,    0,    0,    0,    0,    0,    0,    0,    0,    0,    0,    0,    0,    0,    0,    0,    0,    0,    0,    0,
       0,    0,    0,    0,    0,    0,    0,    0,    0,    0,    0,    0,    0,    0,    0,    0,    0,    0,    0,    0,    0,    0,    0,    0,    0,    0,    0,    0,    0,    0,    0,    0,    0,    0,    0,    0,    0,    0,    0,    0,    0,    0,    0,    0,    0,    0,    0,    0,    0,    0,    0,    0,    0,    0,    0,    0,    0,    0,    0,    0,    0,    0,    0,    8,   -8,    0,    0,  -16,    0,  -28,  -20,    0,    0,  -14,    0,    0,  -28,    0,    0,  -24,    0,   -8,   -8,    0,  -16,  -16,  -20,    0,    0,    0,    0,    0,   -8,   -8,    0,  -20,    0,    0,    0,  -16,  -20,  -28,  -20,  -32,    0,    0,    0,    0,    0,    0,    0,    0,    0,    0,    0,    0,    0,    0,    0,    0,    0,    0,    0,    0,    0,    0,    0,    0,    0,    0,    0,    0,    0,    0,    0,    0,    0,
       0,    0,    0,    0,    0,    0,    0,    0,    0,    0,    0,    0,    0,    0,    0,    0,    0,    0,    0,    0,    0,    0,    0,    0,    0,    0,    0,    0,    0,    0,    0,    0,    0,    0,    0,    0,    0,    0,    0,    0,    0,    0,    0,    0,    0,    0,    0,    0,    0,    0,    0,    0,    0,    0,    0,    0,    0,    0,    0,    0,    0,    0,    0,    0,    0,    0,    0,    0,    0,  -12,    0,    0,    0,    0,    0,    0,   -4,    0,    0,  -16,   -4,    0,    0,  -12,    0,    0,    0,    0,    0,    0,    0,    0,    0,    0,    0,    0,    0,    0,    0,    0,    0,    0,    0,    0,    0,    0,    0,    0,    0,    0,    0,    0,    0,    0,    0,    0,    0,    0,    0,    0,    0,    0,    0,    0,    0,    0,    0,    0,    0,    0,    0,    0,    0,    0,    0,    0,    0,
       0,    0,    0,    0,    0,    0,    0,    0,    0,    0,    0,    0,    0,    0,    0,    0,    0,    0,    0,    0,    0,    0,    0,    0,    0,    0,    0,    0,    0,    0,    0,    0,    0,    0,    0,    0,    0,    0,    0,    0,    0,    0,    0,    0,    0,    0,    0,    0,    0,    0,    0,    0,    0,    0,    0,    0,    0,    0,    0,    0,    0,    0,    0,    8,    0,    0,    0,    0,    0,  -24,    0,    0,    0,    0,    0,    0,  -16,    0,    0,  -20,    0,   -8,   -8,    0,    0,    0,  -20,    0,    8,    0,    0,    0,   -8,    0,    0,  -12,    0,    8,    0,    0,   -8,  -12,  -16,    0,    0,    0,    0,    0,    0,    0,    0,    0,    0,    0,    0,    0,    0,    0,    0,    0,    0,    0,    0,    0,    0,    0,    0,    0,    0,    0,    0,    0,    0,    0,    0,    0,    0,
       0,    0,    0,    0,    0,    0,    0,    0,    0,    0,    0,    0,    0,    0,    0,    0,    0,    0,    0,    0,    0,    0,    0,    0,    0,    0,    0,    0,    0,    0,    0,    0,    0,    0,    0,    0,    0,    0,    0,    0,    0,    0,    0,    0,    0,    0,    0,    0,    0,    0,    0,    0,    0,    0,    0,    0,    0,    0,    0,    0,    0,    0,    0,    0,    0,    0,    0,    0,    0,    0,    0,    0,    0,    0,    0,    0,   -8,    0,    0,  -12,    0,    0,    0,    0,    0,    0,    0,    0,    0,    0,    0,    0,    0,    0,    0,    0,    0,    0,    0,    0,    0,    0,    0,    0,    0,    0,    0,    0,    0,    0,    0,    0,    0,    0,    0,    0,    0,    0,    0,    0,    0,    0,    0,    0,    0,    0,    0,    0,    0,    0,    0,    0,    0,    0,    0,    0,    0,
       0,    0,    0,    0,    0,    0,    0,    0,    0,    0,    0,    0,    0,    0,    0,    0,    0,    0,    0,    0,    0,    0,    0,    0,    0,    0,    0,    0,    0,    0,    0,    0,    0,    0,    0,    0,    0,    0,    0,    0,    0,    0,    0,    0,    0,    0,    0,    0,    0,    0,    0,    0,    0,    0,    0,    0,    0,    0,    0,    0,    0,    0,    0,    0,    0,    0,    0,    0,    0,    0,    0,    0,    0,    0,    0,    0,    0,    0,    0,    0,    0,    0,    0,    0,   -8,    0,  -20,    0,    0,    0,    0,    0,   -8,    0,    0,    0,    0,    0,    0,    0,  -20,   -8,    0,    0,    0,    0,    0,    0,    0,    0,    0,    0,    0,    0,    0,    0,    0,    0,    0,    0,    0,    0,    0,    0,    0,    0,    0,    0,    0,    0,    0,    0,    0,    0,    0,    0,    0,
       0,    0,    0,    0,    0,    0,    0,    0,    0,    0,    0,    0,    0,    0,    0,    0,    0,    0,    0,    0,    0,    0,    0,    0,    0,    0,    0,    0,    0,    0,    0,    0,    0,    0,    0,    0,    0,    0,    0,    0,    0,    0,    0,    0,    0,    0,    0,    0,    0,    0,    0,    0,    0,    0,    0,    0,    0,    0,    0,    0,    0,    0,    0,    0,    0,    0,    0,    0,    0,    0,    0,    0,    0,    0,    0,    0,   -4,    0,    0,    0,    0,    0,    0,    0,    0,    0,   -4,    0,    0,    0,    0,    0,    0,    0,    0,    0,    0,    0,    0,    0,    0,    0,    0,    0,    0,    0,    0,    0,    0,    0,    0,    0,    0,    0,    0,    0,    0,    0,    0,    0,    0,    0,    0,    0,    0,    0,    0,    0,    0,    0,    0,    0,    0,    0,    0,    0,    0,
       0,    0,    0,    0,    0,    0,    0,    0,    0,    0,    0,    0,    0,    0,    0,    0,    0,    0,    0,    0,    0,    0,    0,    0,    0,    0,    0,    0,    0,    0,    0,    0,    0,    0,    0,    0,    0,    0,    0,    0,    0,    0,    0,    0,    0,    0,    0,    0,    0,    0,    0,    0,    0,    0,    0,    0,    0,    0,    0,    0,    0,    0,    0,    0,    0,    0,    0,    0,    0,  -24,    0,    0,    0,    0,    0,    0,  -20,    0,    0,  -20,    0,    0,    0,    0,    0,    0,  -16,    0,    8,    0,    0,    0,   -8,    0,    0,  -12,    0,    0,    0,    0,    0,  -16,  -16,  -16,   -4,    0,    0,    0,    0,    0,    0,    0,    0,    0,    0,    0,    0,    0,    0,    0,    0,    0,    0,    0,    0,    0,    0,    0,    0,    0,    0,    0,    0,    0,    0,    0,    0,
       0,    0,    0,    0,    0,    0,    0,    0,    0,    0,    0,    0,    0,    0,    0,    0,    0,    0,    0,    0,    0,    0,    0,    0,    0,    0,    0,    0,    0,    0,    0,    0,    0,    0,    0,    0,    0,    0,    0,    0,    0,    0,    0,    0,    0,    0,    0,    0,    0,    0,    0,    0,    0,    0,    0,    0,    0,    0,    0,    0,    0,    0,    0,    0,    0,    0,    0,    0,    0,    0,    0,    0,    0,    0,    0,    0,    0,    0,    0,   -4,    0,    0,    0,    0,    0,    0,    0,    0,    0,    0,    0,    0,    0,    0,    0,    0,    0,    0,    0,    0,    0,    0,    0,    0,    0,    0,    0,    0,    0,    0,    0,    0,    0,    0,    0,    0,    0,    0,    0,    0,    0,    0,    0,    0,    0,    0,    0,    0,    0,    0,    0,    0,    0,    0,    0,    0,    0,
       0,    0,    0,    0,    0,    0,    0,    0,    0,    0,    0,    0,    0,    0,    0,    0,    0,    0,    0,    0,    0,    0,    0,    0,    0,    0,    0,    0,    0,    0,    0,    0,    0,    0,    0,    0,    0,    0,    0,    0,    0,    0,    0,    0,    0,    0,    0,    0,    0,    0,    0,    0,    0,    0,    0,    0,    0,    0,    0,    0,    0,    0,    0,   -8,    0,    0,    0,    0,    0,    0,    0,    0,    0,    0,    0,    0,    0,    0,    0,    0,    0,    0,    0,    0,    0,    0,    0,    0,    0,    0,    0,    0,    0,    0,    0,    0,   -4,    0,   -4,    0,    0,    0,    0,    0,    0,    0,    0,    0,    0,    0,    0,    0,    0,    0,    0,    0,    0,    0,    0,    0,    0,    0,    0,    0,    0,    0,    0,    0,    0,    0,    0,    0,    0,    0,    0,    0,    0,
       0,    0,    0,    0,    0,    0,    0,    0,    0,    0,    0,    0,    0,    0,    0,    0,    0,    0,    0,    0,    0,    0,    0,    0,    0,    0,    0,    0,    0,    0,    0,    0,    0,    0,    0,    0,    0,    0,    0,    0,    0,    0,    0,    0,    0,    0,    0,    0,    0,    0,    0,    0,    0,    0,    0,    0,    0,    0,    0,    0,    0,    0,    0,    0,    0,    0,    0,    0,    0,    0,    0,    0,    0,    0,    0,    0,    0,    0,    0,    0,    0,   -8,    0,    0,    0,   -4,    0,    0,    0,    0,    0,    0,    0,    0,    0,    0,    0,    0,    0,    0,    0,    0,    0,    0,    0,    0,    0,    0,    0,    0,    0,    0,    0,    0,    0,    0,    0,    0,    0,    0,    0,    0,    0,    0,    0,    0,    0,    0,    0,    0,    0,    0,    0,    0,    0,    0,    0,
       0,    0,    0,    0,    0,    0,    0,    0,    0,    0,    0,    0,    0,    0,    0,    0,    0,    0,    0,    0,    0,    0,    0,    0,    0,    0,    0,    0,    0,    0,    0,    0,    0,    0,    0,    0,    0,    0,    0,    0,    0,    0,    0,    0,    0,    0,    0,    0,    0,    0,    0,    0,    0,    0,    0,    0,    0,    0,    0,    0,    0,    0,    0,    0,    0,    0,    0,    0,    0,    0,    0,    0,    0,    0,    0,    0,    0,    0,    0,    0,    0,    0,    0,    0,    0,    0,    0,    0,    0,    0,    0,    0,    0,    0,    0,    0,    0,    0,    0,    0,    0,    0,    0,    0,    0,    0,    0,    0,    0,    0,    0,    0,    0,   -8,    0,   -2,   -2,    0,    0,    0,    0,    0,   -8,    0,   -4,    0,   -8,    0,    0,    0,    0,    0,    0,    0,    0,    0,    0,
       0,    0,    0,    0,    0,    0,    0,    0,    0,    0,    0,    0,    0,    0,    0,    0,    0,    0,    0,    0,    0,    0,    0,    0,    0,    0,    0,    0,    0,    0,    0,    0,    0,    0,    0,    0,    0,    0,    0,    0,    0,    0,    0,    0,    0,    0,    0,    0,    0,    0,    0,    0,    0,    0,    0,    0,    0,    0,    0,    0,    0,    0,    0,    0,    0,    0,    0,    0,    0,    0,    0,    0,    0,    0,    0,    0,    0,    0,    0,    0,    0,    0,    0,    0,    0,    0,    0,    0,    0,    0,    0,    0,    0,    0,    0,    0,    0,    0,    0,    0,    0,    0,    0,    0,    0,    0,    0,    0,   -5,    0,    0,    0,    0,    0,   -8,    0,    0,    0,    0,  -13,    0,    0,  -13,    0,    0,  -10,    0,    0,    0,    0,    0,    0,    0,    0,    0,    0,    0,
       0,    0,    0,    0,    0,    0,    0,    0,    0,    0,    0,    0,    0,    0,    0,    0,    0,    0,    0,    0,    0,    0,    0,    0,    0,    0,    0,    0,    0,    0,    0,    0,    0,    0,    0,    0,    0,    0,    0,    0,    0,    0,    0,    0,    0,    0,    0,    0,    0,    0,    0,    0,    0,    0,    0,    0,    0,    0,    0,    0,    0,    0,    0,    0,    0,    0,    0,    0,    0,    0,    0,    0,    0,    0,    0,    0,    0,    0,    0,    0,    0,    0,    0,    0,    0,    0,    0,    0,    0,    0,    0,    0,    0,    0,    0,    0,    0,    0,    0,    0,    0,    0,    0,    0,    0,    0,    2,    0,    0,    0,    0,    0,   -8,  -13,    0,   -5,   -6,    0,   -9,    0,    0,    0,  -10,    0,    0,    0,    0,    0,    0,    0,    0,    0,    0,    0,    0,    0,    0,
       0,    0,    0,    0,    0,    0,    0,    0,    0,    0,    0,    0,    0,    0,    0,    0,    0,    0,    0,    0,    0,    0,    0,    0,    0,    0,    0,    0,    0,    0,    0,    0,    0,    0,    0,    0,    0,    0,    0,    0,    0,    0,    0,    0,    0,    0,    0,    0,    0,    0,    0,    0,    0,    0,    0,    0,    0,    0,    0,    0,    0,    0,    0,    0,    0,    0,    0,    0,    0,    0,    0,    0,    0,    0,    0,    0,    0,    0,    0,    0,    0,    0,    0,    0,    0,    0,    0,    0,    0,    0,    0,    0,    0,    0,    0,    0,    0,    0,    0,    0,    0,    0,    0,    0,    0,    0,  -16,    0,    0,   -8,    0,    0,   -8,    0,  -20,  -14,    0,  -10,   -5,  -13,    0,  -20,  -14,    0,    0,  -14,    0,    0,    0,    0,    0,    0,    0,    0,    0,    0,    0,
       0,    0,    0,    0,    0,    0,    0,    0,    0,    0,    0,    0,    0,    0,    0,    0,    0,    0,    0,    0,    0,    0,    0,    0,    0,    0,    0,    0,    0,    0,    0,    0,    0,    0,    0,    0,    0,    0,    0,    0,    0,    0,    0,    0,    0,    0,    0,    0,    0,    0,    0,    0,    0,    0,    0,    0,    0,    0,    0,    0,    0,    0,    0,    0,    0,    0,    0,    0,    0,    0,    0,    0,    0,    0,    0,    0,    0,    0,    0,    0,    0,    0,    0,    0,    0,    0,    0,    0,    0,    0,    0,    0,    0,    0,    0,    0,    0,    0,    0,    0,    0,    0,    0,    0,    0,    0,   -2,    0,    0,    0,    0,    0,   -6,    0,    0,    0,    0,   -4,    0,   -3,    0,    0,   -8,    0,    0,   -4,    0,    0,    0,    0,    0,    0,    0,    0,    0,    0,    0,
       0,    0,    0,    0,    0,    0,    0,    0,    0,    0,    0,    0,    0,    0,    0,    0,    0,    0,    0,    0,    0,    0,    0,    0,    0,    0,    0,    0,    0,    0,    0,    0,    0,    0,    0,    0,    0,    0,    0,    0,    0,    0,    0,    0,    0,    0,    0,    0,    0,    0,    0,    0,    0,    0,    0,    0,    0,    0,    0,    0,    0,    0,    0,    0,    0,    0,    0,    0,    0,    0,    0,    0,    0,    0,    0,    0,    0,    0,    0,    0,    0,    0,    0,    0,    0,    0,    0,    0,    0,    0,    0,    0,    0,    0,    0,    0,    0,    0,    0,    0,    0,    0,    0,    0,    0,    0,   -8,    0,    0,    0,    0,    0,    0,    0,    0,    0,    0,    0,    0,    0,    0,    0,    0,    0,    0,    0,    0,    0,    0,    0,    0,    0,    0,    0,    0,    0,    0,
       0,    0,    0,    0,    0,    0,    0,    0,    0,    0,    0,    0,    0,    0,    0,    0,    0,    0,    0,    0,    0,    0,    0,    0,    0,    0,    0,    0,    0,    0,    0,    0,    0,    0,    0,    0,    0,    0,    0,    0,    0,    0,    0,    0,    0,    0,    0,    0,    0,    0,    0,    0,    0,    0,    0,    0,    0,    0,    0,    0,    0,    0,    0,    0,    0,    0,    0,    0,    0,    0,    0,    0,    0,    0,    0,    0,    0,    0,    0,    0,    0,    0,    0,    0,    0,    0,    0,    0,    0,    0,    0,    0,    0,    0,    0,    0,    0,    0,    0,    0,    0,    0,    0,    0,    0,    0,    0,    0,   -5,    0,    0,    0,   -8,    0,   -8,   -2,    0,    0,    0,    0,    0,   -4,   -9,   -8,   -8,   -5,    0,    0,    0,    0,    0,    0,    0,    0,    0,    0,    0,
       0,    0,    0,    0,    0,    0,    0,    0,    0,    0,    0,    0,    0,    0,    0,    0,    0,    0,    0,    0,    0,    0,    0,    0,    0,    0,    0,    0,    0,    0,    0,    0,    0,    0,    0,    0,    0,    0,    0,    0,    0,    0,    0,    0,    0,    0,    0,    0,    0,    0,    0,    0,    0,    0,    0,    0,    0,    0,    0,    0,    0,    0,    0,    0,    0,    0,    0,    0,    0,    0,    0,    0,    0,    0,    0,    0,    0,    0,    0,    0,    0,    0,    0,    0,    0,    0,    0,    0,    0,    0,    0,    0,    0,    0,    0,    0,    0,    0,    0,    0,    0,    0,    0,    0,    0,    0,  -26,    0,    0,   -8,    0,   -3,   -3,    0,    0,   -3,    0,  -12,   -3,   -3,    0,    0,   -9,    0,    0,   -8,    0,   -8,    0,    0,    0,    0,    0,    0,    0,    0,    0,
       0,    0,    0,    0,    0,    0,    0,    0,    0,    0,    0,    0,    0,    0,    0,    0,    0,    0,    0,    0,    0,    0,    0,    0,    0,    0,    0,    0,    0,    0,    0,    0,    0,    0,    0,    0,    0,    0,    0,    0,    0,    0,    0,    0,    0,    0,    0,    0,    0,    0,    0,    0,    0,    0,    0,    0,    0,    0,    0,    0,    0,    0,    0,    0,    0,    0,    0,    0,    0,    0,    0,    0,    0,    0,    0,    0,    0,    0,    0,    0,    0,    0,    0,    0,    0,    0,    0,    0,    0,    0,    0,    0,    0,    0,    0,    0,    0,    0,    0,    0,    0,    0,    0,    0,    0,    0,    0,    0,    0,    0,    0,    0,   -8,    0,    0,   -5,    0,    0,   -6,   -6,    0,  -10,  -10,    0,    0,    0,    0,    0,    0,    0,    0,    0,    0,    0,    0,    0,    0,
       0,    0,    0,    0,    0,    0,    0,    0,    0,    0,    0,    0,    0,    0,    0,    0,    0,    0,    0,    0,    0,    0,    0,    0,    0,    0,    0,    0,    0,    0,    0,    0,    0,    0,    0,    0,    0,    0,    0,    0,    0,    0,    0,    0,    0,    0,    0,    0,    0,    0,    0,    0,    0,    0,    0,    0,    0,    0,    0,    0,    0,    0,    0,    0,    0,    0,    0,    0,    0,    0,    0,    0,    0,    0,    0,    0,    0,    0,    0,    0,    0,    0,    0,    0,    0,    0,    0,    0,    0,    0,    0,    0,    0,    0,    0,    0,    0,    0,    0,    0,    0,    0,    0,    0,    0,    0,  -16,   -2,    0,    0,    0,    0,   -8,    0,  -12,  -10,    0,    0,    0,   -8,    0,  -15,   -6,    0,    0,    0,    8,   -2,    0,    0,    0,    0,    0,    0,    0,    0,    0,
       0,    0,    0,    0,    0,    0,    0,    0,    0,    0,    0,    0,    0,    0,    0,    0,    0,    0,    0,    0,    0,    0,    0,    0,    0,    0,    0,    0,    0,    0,    0,    0,    0,    0,    0,    0,    0,    0,    0,    0,    0,    0,    0,    0,    0,    0,    0,    0,    0,    0,    0,    0,    0,    0,    0,    0,    0,    0,    0,    0,    0,    0,    0,    0,    0,    0,    0,    0,    0,    0,    0,    0,    0,    0,    0,    0,    0,    0,    0,    0,    0,    0,    0,    0,    0,    0,    0,    0,    0,    0,    0,    0,    0,    0,    0,    0,    0,    0,    0,    0,    0,    0,    0,    0,    0,    0,    0,    0,    0,    0,    0,    0,    0,    0,    0,   -8,    0,   -5,   -8,   -9,    0,    0,  -11,    0,    0,    0,    0,    0,    0,    0,    0,    0,    0,    0,    0,    0,    0,
       0,    0,    0,    0,    0,    0,    0,    0,    0,    0,    0,    0,    0,    0,    0,    0,    0,    0,    0,    0,    0,    0,    0,    0,    0,    0,    0,    0,    0,    0,    0,    0,    0,    0,    0,    0,    0,    0,    0,    0,    0,    0,    0,    0,    0,    0,    0,    0,    0,    0,    0,    0,    0,    0,    0,    0,    0,    0,    0,    0,    0,    0,    0,    0,    0,    0,    0,    0,    0,    0,    0,    0,    0,    0,    0,    0,    0,    0,    0,    0,    0,    0,    0,    0,    0,    0,    0,    0,    0,    0,    0,    0,    0,    0,    0,    0,    0,    0,    0,    0,    0,    0,    0,    0,    0,    0,    0,    0,    0,    0,    0,    0,   -6,   -6,    0,  -10,    0,    0,    0,    0,    0,    0,    0,    0,    0,    0,    0,    0,    0,    0,    0,    0,    0,    0,    0,    0,    0,
       0,    0,    0,    0,    0,    0,    0,    0,    0,    0,    0,    0,    0,    0,    0,    0,    0,    0,    0,    0,    0,    0,    0,    0,    0,    0,    0,    0,    0,    0,    0,    0,    0,    0,    0,    0,    0,    0,    0,    0,    0,    0,    0,    0,    0,    0,    0,    0,    0,    0,    0,    0,    0,    0,    0,    0,    0,    0,    0,    0,    0,    0,    0,    0,    0,    0,    0,    0,    0,    0,    0,    0,    0,    0,    0,    0,    0,    0,    0,    0,    0,    0,    0,    0,    0,    0,    0,    0,    0,    0,    0,    0,    0,    0,    0,    0,    0,    0,    0,    0,    0,    0,    0,    0,    0,    0,    0,    0,    0,    0,    0,    0,   -2,    0,  -12,    0,   -2,    0,    0,   -2,    0,  -12,   -5,    0,    0,   -4,    0,    0,    0,    0,    0,    0,    0,    0,    0,    0,    0,
       0,    0,    0,    0,    0,    0,    0,    0,    0,    0,    0,    0,    0,    0,    0,    0,    0,    0,    0,    0,    0,    0,    0,    0,    0,    0,    0,    0,    0,    0,    0,    0,    0,    0,    0,    0,    0,    0,    0,    0,    0,    0,    0,    0,    0,    0,    0,    0,    0,    0,    0,    0,    0,    0,    0,    0,    0,    0,    0,    0,    0,    0,    0,    0,    0,    0,    0,    0,    0,    0,    0,    0,    0,    0,    0,    0,    0,    0,    0,    0,    0,    0,    0,    0,    0,    0,    0,    0,    0,    0,    0,    0,    0,    0,    0,    0,    0,    0,    0,    0,    0,    0,    0,    0,    0,    0,    0,    0,    0,    0,    0,    0,   -3,    0,    0,    0,    0,    0,    0,  -10,    0,    0,    0,    0,    0,    0,    0,    0,    0,    0,    0,    0,    0,    0,    0,    0,    0,
       0,    0,    0,    0,    0,    0,    0,    0,    0,    0,    0,    0,    0,    0,    0,    0,    0,    0,    0,    0,    0,    0,    0,    0,    0,    0,    0,    0,    0,    0,    0,    0,    0,    0,    0,    0,    0,    0,    0,    0,    0,    0,    0,    0,    0,    0,    0,    0,    0,    0,    0,    0,    0,    0,    0,    0,    0,    0,    0,    0,    0,    0,    0,    0,    0,    0,    0,    0,    0,    0,    0,    0,    0,    0,    0,    0,    0,    0,    0,    0,    0,    0,    0,    0,    0,    0,    0,    0,    0,    0,    0,    0,    0,    0,    0,    0,    0,    0,    0,    0,    0,    0,    0,    0,    0,    0,    0,    0,    0,    0,    0,    0,    0,    0,   -3,   -8,   -3,    0,    0,   -3,    0,  -11,   -2,    0,    0,    0,   -3,    0,    0,    0,    0,    0,    0,    0,    0,    0,    0,
       0,    0,    0,    0,    0,    0,    0,    0,    0,    0,    0,    0,    0,    0,    0,    0,    0,    0,    0,    0,    0,    0,    0,    0,    0,    0,    0,    0,    0,    0,    0,    0,    0,    0,    0,    0,    0,    0,    0,    0,    0,    0,    0,    0,    0,    0,    0,    0,    0,    0,    0,    0,    0,    0,    0,    0,    0,    0,    0,    0,    0,    0,    0,    0,    0,    0,    0,    0,    0,    0,    0,    0,    0,    0,    0,    0,    0,    0,    0,    0,    0,    0,    0,    0,    0,    0,    0,    0,    0,    0,    0,    0,    0,    0,    0,    0,    0,    0,    0,    0,    0,    0,    0,    0,    0,   -5,  -10,    0,   -8,    0,    0,    0,    0,   -8,    0,    0,    0,  -10,    0,  -13,    0,    0,  -10,    0,    0,    0,    0,    0,    0,    0,    0,    0,    0,    0,    0,    0,    0,
       0,    0,    0,    0,    0,    0,    0,    0,    0,    0,    0,    0,    0,    0,    0,    0,    0,    0,    0,    0,    0,    0,    0,    0,    0,    0,    0,    0,    0,    0,    0,    0,    0,    0,    0,    0,    0,    0,    0,    0,    0,    0,    0,    0,    0,    0,    0,    0,    0,    0,    0,    0,    0,    0,    0,    0,    0,    0,    0,    0,    0,    0,    0,    0,    0,    0,    0,    0,    0,    0,    0,    0,    0,    0,    0,    0,    0,    0,    0,    0,    0,    0,    0,    0,    0,    0,    0,    0,    0,    0,    0,    0,    0,    0,    0,    0,    0,    0,    0,    0,    0,    0,    0,    0,    0,    0,  -16,    0,    0,    0,    0,    0,   -8,    0,   -6,   -8,    0,    0,   -3,   -4,    0,  -12,   -4,    0,    0,   -8,    0,   -9,    0,    0,    0,    0,    0,    0,    0,    0,    0,
       0,    0,    0,    0,    0,    0,    0,    0,    0,    0,    0,    0,    0,    0,    0,    0,    0,    0,    0,    0,    0,    0,    0,    0,    0,    0,    0,    0,    0,    0,    0,    0,    0,    0,    0,    0,    0,    0,    0,    0,    0,    0,    0,    0,    0,    0,    0,    0,    0,    0,    0,    0,    0,    0,    0,    0,    0,    0,    0,    0,    0,    0,    0,    0,    0,    0,    0,    0,    0,    0,    0,    0,    0,    0,    0,    0,    0,    0,    0,    0,    0,    0,    0,    0,    0,    0,    0,    0,    0,    0,    0,    0,    0,    0,    0,    0,    0,    0,    0,    0,    0,    0,    0,    0,    0,    0,  -10,    0,    0,    0,    0,    0,   -2,    0,    0,  -10,    0,   -3,    0,   -4,    0,    0,   -3,    0,    0,   -3,    0,    0,    0,    0,    0,    0,    0,    0,    0,    0,    0,
       0,    0,    0,    0,    0,    0,    0,    0,    0,    0,    0,    0,    0,    0,    0,    0,    0,    0,    0,    0,    0,    0,    0,    0,    0,    0,    0,    0,    0,    0,    0,    0,    0,    0,    0,    0,    0,    0,    0,    0,    0,    0,    0,    0,    0,    0,    0,    0,    0,    0,    0,    0,    0,    0,    0,    0,    0,    0,    0,    0,    0,    0,    0,    0,    0,    0,    0,    0,    0,    0,    0,    0,    0,    0,    0,    0,    0,    0,    0,    0,    0,    0,    0,    0,    0,    0,    0,    0,    0,    0,    0,    0,    0,    0,    0,    0,    0,    0,    0,    0,    0,    0,    0,    0,    0,    0,    0,    0,  -18,    0,  -20,    0,    0,   -6,    0,   -8,   -2,    0,  -14,  -16,  -16,    0,  -10,    0,    0,    0,   -8,    0,    0,    0,    0,    0,    0,    0,    0,    0,    0,
       0,    0,    0,    0,    0,    0,    0,    0,    0,    0,    0,    0,    0,    0,    0,    0,    0,    0,    0,  -54,    0,    0,    0,  -96,    0,    0,    0,    0,    0,    0,    0,    0,    0,    0,    0,    0,    0,    0,    0,  -16,    0,    0,    0,  -16,    0,    0,    0,    0,    0,    0,    0,    0,    0,    0,    0,  -54,    0,    0,    0,    0,    0,    0,    0,    0,    0,    0,    0,    0,    0,    0,    0,    0,    0,    0,    0,    0,    0,    0,    0,    0,    0,    0,    0,    0,    0,    0,    0,    0,    0,    0,    0,    0,    0,    0,    0,    0,    0,    0,    0,    0,    0,    0,    0,    0,    0,    0,    0,    0,    0,    0,    0,    0,    0,    0,    0,    0,    0,    0,    0,    0,    0,    0,    0,    0,    0,    0,    0,    0,    0,    0,    0,    0,    0,    0,    0,    0,    0,
       0,    0,    0,    0,    0,    0,    0,    0,    0,    0,    0,    0,    0,    0,    0,    0,    0,    0,    0,  -24,    0,    0,    0,  -48,    0,    0,    0,    0,    0,    0,    0,    0,    0,    0,    0,    0,  -16,    0,    0,  -20,    0,  -12,    0,    0,    0,    0,    0,    0,    0,    0,    0,    0,    0,    0,    0,  -24,    0,    0,    0,  -16,    0,    0,    0,    0,    0,    0,    0,    0,    0,    0,    0,    0,    0,    0,    0,    0,    0,    0,    0,    0,    0,    0,    0,    0,    0,    0,    0,    0,    0,    0,    0,    0,    0,    0,    0,    0,    0,    0,    0,    0,    0,    0,    0,    0,    0,    0,    0,    0,    0,    0,    0,    0,    0,    0,    0,    0,    0,    0,    0,    0,    0,    0,    0,    0,    0,    0,    0,    0,    0,    0,    0,    0,    0,    0,    0,    0,    0,
       0,    0,    0,    0,    0,    0,    0,    0,    0,    0,    0,    0,    0,    0,    0,    0,    0,    0,    0,  -30,    0,    0,    0,  -48,    0,    0,    0,    0,    0,    0,    0,    0,    0,    0,    0,    0,    0,    0,    0,  -16,    0,    0,    0,  -16,    0,    0,    0,    0,    0,    0,    0,    0,    0,    0,    0,  -30,    0,    0,    0,    0,    0,    0,    0,    0,    0,    0,    0,    0,    0,    0,    0,    0,    0,    0,    0,    0,    0,    0,    0,    0,    0,    0,    0,    0,    0,    0,    0,    0,    0,    0,    0,    0,    0,    0,    0,    0,    0,    0,    0,    0,    0,    0,    0,    0,    0,    0,    0,    0,    0,    0,    0,    0,    0,    0,    0,    0,    0,    0,    0,    0,    0,    0,    0,    0,    0,    0,    0,    0,    0,    0,    0,    0,    0,    0,    0,    0,    0,
       0,    0,    0,    0,    0,    0,    0,    0,    0,    0,    0,    0,    0,    0,    0,    0,    0,    0,    0,  -30,    0,    0,    0,  -40,    0,    0,    0,    0,    0,    0,    0,    0,    0,    0,    0,    0,  -16,    0,    0,  -20,    0,    0,    0,    0,    0,    0,    0,    0,    0,    0,    0,    0,    0,    0,    0,  -30,    0,    0,    0,  -16,    0,    0,    0,    0,    0,    0,    0,    0,    0,    0,    0,    0,    0,    0,    0,    0,    0,    0,    0,    0,    0,    0,    0,    0,    0,    0,    0,    0,    0,    0,    0,    0,    0,    0,    0,    0,    0,    0,    0,    0,    0,    0,    0,    0,    0,    0,    0,    0,    0,    0,    0,    0,    0,    0,    0,    0,    0,    0,    0,    0,    0,    0,    0,    0,    0,    0,    0,    0,    0,    0,    0,    0,    0,    0,    0,    0,    0,
       0,    0,    0,    0,    0,    0,    0,    0,    0,    0,    0,    0,    0,    0,    0,    0,    0,    0,    0,    0,    0,    0,    0,    0,    0,    0,    0,   -3,    0,    0,    0,    0,    0,    0,    0,    0,    0,    0,    0,    0,    0,    0,    0,    0,    0,    0,    0,    0,    0,    0,    0,    0,    0,    0,    0,    0,    0,    0,    0,    0,    0,    0,    0,    0,    0,    0,    0,    0,    0,    0,    0,    0,    0,    0,    0,    0,    0,    0,    0,    0,    0,    0,    0,    0,    0,    0,    0,    0,    0,    0,    0,    0,    0,    0,    0,    0,    0,    0,    0,    0,    0,    0,    0,    0,    0,    0,    0,    0,    0,    0,    0,    0,    0,    0,    0,    0,    0,    0,    0,    0,    0,    0,    0,    0,    0,    0,    0,    0,    0,    0,    0,    0,    0,    0,    0,    0,    0,
       0,    0,    0,    0,    0,    0,    0,    0,  -20,    0,    0,    0,    0,    0,  -12,  -16,    0,    0,    0,    0,    0,    0,    0,    0,    0,    0,    0,    0,    0,    0,    0,    0,    0,    0,    0,    0,    0,    0,    0,    0,    0,    0,    0,    0,    0,    0,    0,    0,    0,    0,    0,    0,    0,    0,    0,    0,    0,    0,    0,    0,    0,    0,    0,    0,    0,    0,    0,    0,    0,    0,    0,    0,    0,    0,    0,    0,    0,    0,    0,    0,    0,    0,    0,    0,    0,    0,    0,    0,    0,    0,    0,    0,    0,    0,    0,    0,    0,    0,    0,    0,    0,    0,    0,    0,    0,    0,    0,    0,    0,    0,    0,    0,    0,    0,    0,    0,    0,    0,    0,    0,    0,    0,    0,    0,    0,    0,    0,    0,    0,    0,    0,    0,    0,    0,    0,    0,    0,
       0,    0,    0,    0,    0,    0,    0,    0,    0,  -16,    0,    0,    0,    0,    0,    0,    0,    0,    0,    0,    0,    0,    0,    0,    0,    0,    0,    0,    0,    0,    0,    0,    0,    0,    0,    0,    0,    0,    0,    0,    0,    0,    0,    0,    0,    0,    0,    0,    0,    0,    0,    0,    0,    0,    0,    0,    0,    0,    0,    0,    0,    0,    0,    0,    0,    0,    0,    0,    0,    0,    0,    0,    0,    0,    0,    0,    0,    0,    0,    0,    0,    0,    0,    0,    0,    0,    0,    0,    0,    0,    0,    0,    0,    0,    0,    0,    0,    0,    0,    0,    0,    0,    0,    0,    0,    0,    0,    0,    0,    0,    0,    0,    0,    0,    0,    0,    0,    0,    0,    0,    0,    0,    0,    0,    0,    0,    0,    0,    0,    0,    0,    0,    0,    0,    0,    0,    0,
       0,    0,    0,    0,    0,    0,    0,    0,    0,    0,    0,  -32,    0,    0,    0,    0,    0,    0,    0,    0,    0,    0,    0,    0,    0,    0,    0,    0,    0,    0,    0,    0,    0,    0,    0,    0,    0,    0,    0,    0,    0,    0,    0,    0,    0,    0,    0,    0,    0,    0,    0,    0,    0,    0,    0,    0,    0,    0,    0,    0,    0,    0,    0,    0,    0,    0,    0,    0,    0,    0,    0,    0,    0,    0,    0,    0,    0,    0,    0,    0,    0,    0,    0,    0,    0,    0,    0,    0,    0,    0,    0,    0,    0,    0,    0,    0,    0,    0,    0,    0,    0,    0,    0,    0,    0,    0,    0,    0,    0,    0,    0,    0,    0,    0,    0,    0,    0,    0,    0,    0,    0,    0,    0,    0,    0,    0,    0,    0,    0,    0,    0,    0,    0,    0,    0,    0,    0,
};

static const EpdLigaturePair lexenddeca_12_regularLigaturePairs[] = {
    { 0x00660066, 0xFB00 }, // f f -> U+FB00
    { 0x00660069, 0xFB01 }, // f i -> U+FB01
    { 0x0066006C, 0xFB02 }, // f l -> U+FB02
    { 0xFB000069, 0xFB03 }, // U+FB00 i -> U+FB03
    { 0xFB00006C, 0xFB04 }, // U+FB00 l -> U+FB04
};

static const EpdFontData lexenddeca_12_regular = {
    lexenddeca_12_regularBitmaps,
    lexenddeca_12_regularGlyphs,
    lexenddeca_12_regularIntervals,
    29,
    31,
    25,
    -7,
    false,
    nullptr,
    0,
    nullptr,
    lexenddeca_12_regularKernLeftClasses,
    lexenddeca_12_regularKernRightClasses,
    lexenddeca_12_regularKernMatrix,
    621,
    606,
    151,
    137,
    lexenddeca_12_regularLigaturePairs,
    5,
};
