/**
 * generated by fontconvert.py
 * name: lexenddeca_14_regular
 * size: 14
 * mode: 1-bit
 * Command used: fontconvert.py lexenddeca_14_regular 14 ../builtinFonts/source/LexendDeca/LexendDeca-Regular.ttf ../builtinFonts/source/NotoSansHebrew/NotoSansHebrew-Regular.ttf ../builtinFonts/source/NotoSans/NotoSans-Regular.ttf --additional-intervals 0x05D0,0x05EA --force-autohint
 */
#pragma once
#include "EpdFontData.h"

static const uint8_t lexenddeca_14_regularBitmaps[43376] = {
    0x77, 0x77, 0x77, 0x77, 0x77, 0x77, 0x77, 0x00, 0x0F, 0xFF, 0xF0, 0xF3, 0xDE, 0x7B, 0xCF, 0x79,
    0xEE, 0x39, 0xC7, 0x38, 0xE6, 0x18, 0x07, 0x07, 0x01, 0xC1, 0xC0, 0x70, 0x70, 0x1C, 0x3C, 0x0F,
    0x0F, 0x1F, 0xFF, 0xF7, 0xFF, 0xFD, 0xFF, 0xFF, 0x0E, 0x0E, 0x03, 0x87, 0x81, 0xE1, 0xE0, 0x78,
    0x70, 0x1C, 0x1C, 0x3F, 0xFF, 0xEF, 0xFF, 0xFB, 0xFF, 0xFE, 0x3C, 0x3C, 0x0F, 0x0E, 0x03, 0x83,
    0x80, 0xE0, 0xE0, 0x38, 0x38, 0x00, 0x00, 0xE0, 0x00, 0x70, 0x00, 0x38, 0x00, 0xFF, 0x00, 0xFF,
    0xE0, 0xFF, 0xF8, 0xFB, 0xFC, 0x79, 0xDC, 0x38, 0xE4, 0x1E, 0x70, 0x0F, 0x38, 0x07, 0xFC, 0x01,
    0xFF, 0x00, 0x7F, 0xE0, 0x0F, 0xF8, 0x03, 0xFE, 0x01, 0xCF, 0x00, 0xE7, 0x8C, 0x71, 0xCF, 0x39,
    0xE7, 0xFD, 0xF1, 0xFF, 0xF0, 0x7F, 0xF0, 0x1F, 0xF0, 0x01, 0xC0, 0x00, 0xE0, 0x00, 0x70, 0x00,
    0x3E, 0x00, 0xE0, 0xFE, 0x03, 0x83, 0xFE, 0x07, 0x07, 0xBC, 0x1C, 0x0F, 0x78, 0x70, 0x1C, 0x70,
    0xE0, 0x39, 0xE3, 0x80, 0x7B, 0xCE, 0x00, 0xFF, 0x9C, 0x00, 0xFE, 0x71, 0xC0, 0xF9, 0xC7, 0xC0,
    0x03, 0x9F, 0xC0, 0x0E, 0x7B, 0xC0, 0x18, 0xF7, 0x80, 0x71, 0xC7, 0x01, 0xC3, 0x8E, 0x03, 0x87,
    0xBC, 0x0E, 0x0F, 0x78, 0x38, 0x1F, 0xF0, 0x70, 0x1F, 0xC1, 0xC0, 0x1F, 0x00, 0x03, 0xF8, 0x00,
    0x7F, 0xC0, 0x0F, 0xFE, 0x00, 0xF1, 0xF0, 0x0E, 0x0E, 0x00, 0xE0, 0x00, 0x0F, 0x00, 0x00, 0xF0,
    0x00, 0x1F, 0x80, 0x03, 0xFC, 0x00, 0x7F, 0xE0, 0x0F, 0x9E, 0x1C, 0xF0, 0xF3, 0xCE, 0x07, 0xBC,
    0xE0, 0x7F, 0x8F, 0x03, 0xF8, 0xF0, 0x1F, 0x0F, 0xC3, 0xF8, 0x7F, 0xFF, 0xC3, 0xFF, 0xFE, 0x0F,
    0xF1, 0xF0, 0xF7, 0xBD, 0xEE, 0x73, 0x98, 0x03, 0x01, 0xE0, 0xF8, 0x7C, 0x3E, 0x0F, 0x07, 0x81,
    0xE0, 0xF0, 0x3C, 0x0F, 0x03, 0xC0, 0xE0, 0x38, 0x0E, 0x03, 0xC0, 0xF0, 0x3C, 0x0F, 0x01, 0xE0,
    0x7C, 0x0F, 0x01, 0xE0, 0x7C, 0x0F, 0x81, 0xE0, 0x10, 0x30, 0x0F, 0x01, 0xF0, 0x1F, 0x01, 0xF0,
    0x1E, 0x01, 0xE0, 0x3C, 0x03, 0xC0, 0x78, 0x0F, 0x00, 0xE0, 0x1C, 0x03, 0x80, 0x70, 0x1E, 0x03,
    0xC0, 0x78, 0x0F, 0x03, 0xC0, 0x78, 0x1E, 0x07, 0x81, 0xF0, 0x7C, 0x0F, 0x00, 0x80, 0x00, 0x0C,
    0x13, 0x2E, 0xDF, 0xFF, 0x7F, 0x8F, 0xCF, 0xFF, 0xBF, 0x4C, 0x83, 0x00, 0x03, 0x80, 0x07, 0x00,
    0x0E, 0x00, 0x1C, 0x00, 0x38, 0x00, 0x70, 0x3F, 0xFF, 0xFF, 0xFF, 0xFF, 0xFE, 0x07, 0x00, 0x0E,
    0x00, 0x1C, 0x00, 0x38, 0x00, 0x70, 0x00, 0xE0, 0x00, 0x79, 0xE7, 0xDF, 0x3C, 0xE7, 0xBC, 0x60,
    0xFF, 0xFF, 0xFF, 0xFF, 0xFF, 0x00, 0x0F, 0x00, 0x1E, 0x00, 0x1E, 0x00, 0x3C, 0x00, 0x3C, 0x00,
    0x38, 0x00, 0x78, 0x00, 0x70, 0x00, 0xF0, 0x00, 0xE0, 0x01, 0xE0, 0x01, 0xC0, 0x03, 0xC0, 0x03,
    0x80, 0x07, 0x80, 0x07, 0x00, 0x0F, 0x00, 0x0E, 0x00, 0x1E, 0x00, 0x1C, 0x00, 0x3C, 0x00, 0x3C,
    0x00, 0x78, 0x00, 0x78, 0x00, 0xF0, 0x00, 0x0F, 0xE0, 0x3F, 0xE0, 0xFF, 0xE3, 0xE3, 0xE7, 0x83,
    0xDE, 0x03, 0xFC, 0x07, 0xF8, 0x0F, 0xF0, 0x1F, 0xC0, 0x1F, 0x80, 0x3F, 0x00, 0x7F, 0x01, 0xFE,
    0x03, 0xFC, 0x07, 0xF8, 0x0F, 0x78, 0x3C, 0xF8, 0xF8, 0xFF, 0xE0, 0xFF, 0x80, 0xFE, 0x00, 0x0E,
    0x07, 0xC1, 0xF8, 0x7F, 0x0F, 0xE0, 0xDC, 0x03, 0x80, 0x70, 0x0E, 0x01, 0xC0, 0x38, 0x07, 0x00,
    0xE0, 0x1C, 0x03, 0x80, 0x70, 0x0E, 0x01, 0xC1, 0xFF, 0xBF, 0xF7, 0xFE, 0x0F, 0xE0, 0xFF, 0xC7,
    0xFF, 0x9F, 0x3E, 0xF0, 0x7B, 0xC0, 0xE6, 0x03, 0x80, 0x1E, 0x00, 0x78, 0x03, 0xC0, 0x1F, 0x00,
    0xF8, 0x07, 0xE0, 0x1F, 0x00, 0xF8, 0x07, 0xC0, 0x3E, 0x01, 0xF0, 0x0F, 0xFF, 0xDF, 0xFF, 0x7F,
    0xFC, 0x7F, 0xFC, 0xFF, 0xF9, 0xFF, 0xE0, 0x07, 0x80, 0x1E, 0x00, 0x78, 0x01, 0xE0, 0x07, 0xF0,
    0x1F, 0xF0, 0x3F, 0xF0, 0x39, 0xF0, 0x01, 0xE0, 0x03, 0xC0, 0x03, 0x80, 0x07, 0x38, 0x1E, 0xF0,
    0x3C, 0xF8, 0xF1, 0xFF, 0xE1, 0xFF, 0x80, 0xFC, 0x00, 0x00, 0x38, 0x00, 0x3C, 0x00, 0x3E, 0x00,
    0x3F, 0x00, 0x1F, 0x80, 0x1F, 0xC0, 0x1E, 0xE0, 0x1E, 0x70, 0x1F, 0x38, 0x1F, 0x1C, 0x0F, 0x0E,
    0x0F, 0x07, 0x0F, 0xFF, 0xFB, 0xFF, 0xFD, 0xFF, 0xFE, 0x00, 0x70, 0x00, 0x38, 0x00, 0x1C, 0x00,
    0x0E, 0x00, 0x07, 0x00, 0x03, 0x80, 0x3F, 0xFC, 0x7F, 0xF8, 0xFF, 0xF1, 0xC0, 0x07, 0x80, 0x0F,
    0x00, 0x1E, 0x00, 0x3F, 0xF0, 0x7F, 0xF0, 0xFF, 0xF0, 0xE3, 0xF0, 0x01, 0xE0, 0x03, 0xC0, 0x03,
    0x80, 0x07, 0x10, 0x1E, 0x70, 0x3D, 0xF1, 0xF1, 0xFF, 0xE1, 0xFF, 0x81, 0xFC, 0x00, 0x07, 0xC0,
    0x0F, 0x00, 0x3C, 0x00, 0x78, 0x01, 0xE0, 0x03, 0xC0, 0x0F, 0xF8, 0x3F, 0xF8, 0x7F, 0xF8, 0xF9,
    0xFB, 0xE1, 0xF7, 0x81, 0xEF, 0x01, 0xDC, 0x03, 0xB8, 0x07, 0x78, 0x1E, 0xF0, 0x3C, 0xF8, 0xF1,
    0xFF, 0xE1, 0xFF, 0x80, 0xFC, 0x00, 0xFF, 0xFB, 0xFF, 0xEF, 0xFF, 0x80, 0x1E, 0x00, 0xF0, 0x03,
    0xC0, 0x0F, 0x00, 0x78, 0x01, 0xE0, 0x0F, 0x00, 0x3C, 0x01, 0xE0, 0x07, 0x80, 0x3E, 0x00, 0xF0,
    0x03, 0xC0, 0x1E, 0x00, 0x78, 0x03, 0xC0, 0x0F, 0x00, 0x7C, 0x00, 0x0F, 0xC0, 0xFF, 0xC3, 0xFF,
    0x1F, 0x3E, 0x78, 0x79, 0xC0, 0xE7, 0x87, 0x9F, 0x3E, 0x3F, 0xF0, 0x7F, 0x87, 0xFF, 0x1F, 0x3E,
    0xF0, 0x3F, 0xC0, 0xFE, 0x01, 0xFC, 0x0F, 0xF0, 0x3F, 0xE1, 0xF7, 0xFF, 0x8F, 0xFC, 0x1F, 0xE0,
    0x0F, 0xC0, 0xFF, 0xC7, 0xFF, 0x9E, 0x3E, 0xF0, 0x3F, 0xC0, 0xFE, 0x01, 0xF8, 0x07, 0xF0, 0x3F,
    0xC0, 0xFF, 0xCF, 0xDF, 0xFE, 0x3F, 0xF8, 0x7F, 0xE0, 0x0F, 0x00, 0x3C, 0x01, 0xE0, 0x07, 0x80,
    0x3C, 0x00, 0xF0, 0x07, 0xC0, 0xFF, 0xFF, 0x00, 0x00, 0x00, 0x00, 0xFF, 0xFF, 0x79, 0xE7, 0x9E,
    0x00, 0x00, 0x00, 0x00, 0x00, 0x00, 0x79, 0xE7, 0xCF, 0x3C, 0xE7, 0xBC, 0x60, 0x00, 0x60, 0x1F,
    0x03, 0xF0, 0xFE, 0x3F, 0x87, 0xE0, 0xFC, 0x0F, 0x00, 0xFC, 0x07, 0xE0, 0x3F, 0x80, 0xFE, 0x03,
    0xF0, 0x1F, 0x00, 0x60, 0xFF, 0xFF, 0xFF, 0xFF, 0xFF, 0xC0, 0x00, 0x00, 0x03, 0xFF, 0xFF, 0xFF,
    0xFF, 0xFF, 0x60, 0x03, 0xC0, 0x3F, 0x80, 0x7E, 0x01, 0xFC, 0x03, 0xF8, 0x07, 0xE0, 0x1F, 0x01,
    0xF8, 0x3F, 0x87, 0xF0, 0x7E, 0x0F, 0xE0, 0x3C, 0x01, 0x80, 0x00, 0x1F, 0xC1, 0xFF, 0x1F, 0xFD,
    0xF1, 0xFF, 0x07, 0xB0, 0x1C, 0x00, 0xE0, 0x0F, 0x00, 0xF8, 0x1F, 0x83, 0xF8, 0x1F, 0x80, 0xF0,
    0x07, 0x80, 0x1C, 0x00, 0x00, 0x00, 0x00, 0x78, 0x03, 0xC0, 0x1E, 0x00, 0xF0, 0x00, 0x00, 0x3F,
    0xF8, 0x00, 0x1F, 0xFF, 0x80, 0x0F, 0xFF, 0xFC, 0x03, 0xF8, 0x1F, 0xC0, 0xF8, 0x00, 0xF8, 0x3E,
    0x7D, 0xCF, 0x8F, 0x1F, 0xF8, 0xF3, 0xE7, 0xFF, 0x1E, 0x79, 0xF3, 0xE1, 0xCE, 0x7C, 0x3C, 0x3B,
    0xCF, 0x07, 0x87, 0x79, 0xE0, 0xF1, 0xEF, 0x3C, 0x1C, 0x3D, 0xC7, 0x07, 0x87, 0xB8, 0xE0, 0xF1,
    0xE7, 0x1E, 0x3E, 0x3C, 0xF3, 0xFF, 0xFF, 0x1E, 0x3F, 0xBF, 0xC3, 0xC3, 0xE3, 0xE0, 0x7C, 0x00,
    0x00, 0x07, 0x80, 0x00, 0x00, 0xFC, 0x01, 0x80, 0x0F, 0xE1, 0xF0, 0x00, 0xFF, 0xFE, 0x00, 0x0F,
    0xFF, 0x80, 0x00, 0x3F, 0x80, 0x00, 0x00, 0xF0, 0x00, 0x0F, 0x80, 0x01, 0xF8, 0x00, 0x1F, 0xC0,
    0x01, 0xFC, 0x00, 0x3F, 0xC0, 0x03, 0xDE, 0x00, 0x79, 0xE0, 0x07, 0x9E, 0x00, 0x78, 0xF0, 0x0F,
    0x0F, 0x00, 0xF0, 0xF8, 0x0E, 0x07, 0x81, 0xFF, 0xF8, 0x1F, 0xFF, 0xC3, 0xFF, 0xFC, 0x3C, 0x03,
    0xC3, 0xC0, 0x1E, 0x78, 0x01, 0xE7, 0x80, 0x1F, 0x78, 0x00, 0xF0, 0xFF, 0xF0, 0xFF, 0xF8, 0xFF,
    0xFC, 0xE0, 0x7C, 0xE0, 0x3C, 0xE0, 0x1C, 0xE0, 0x1C, 0xE0, 0x3C, 0xE0, 0x78, 0xFF, 0xF8, 0xFF,
    0xFC, 0xFF, 0xFE, 0xE0, 0x1F, 0xE0, 0x0F, 0xE0, 0x07, 0xE0, 0x07, 0xE0, 0x0F, 0xE0, 0x1F, 0xFF,
    0xFE, 0xFF, 0xFE, 0xFF, 0xF8, 0x03, 0xFC, 0x03, 0xFF, 0xC1, 0xFF, 0xF8, 0xFC, 0x3E, 0x7C, 0x07,
    0x1E, 0x00, 0x4F, 0x00, 0x03, 0xC0, 0x00, 0xF0, 0x00, 0x38, 0x00, 0x0E, 0x00, 0x03, 0x80, 0x00,
    0xF0, 0x00, 0x3C, 0x00, 0x0F, 0x00, 0x01, 0xE0, 0x00, 0x7C, 0x03, 0x0F, 0xC3, 0xE1, 0xFF, 0xF8,
    0x3F, 0xFC, 0x07, 0xFC, 0x00, 0xFF, 0xF0, 0x3F, 0xFE, 0x0F, 0xFF, 0xE3, 0x80, 0xF8, 0xE0, 0x1F,
    0x38, 0x03, 0xCE, 0x00, 0x7B, 0x80, 0x1E, 0xE0, 0x07, 0xB8, 0x00, 0xEE, 0x00, 0x3B, 0x80, 0x0E,
    0xE0, 0x07, 0xB8, 0x01, 0xEE, 0x00, 0x7B, 0x80, 0x3C, 0xE0, 0x1F, 0x38, 0x0F, 0x8F, 0xFF, 0xE3,
    0xFF, 0xF0, 0xFF, 0xF0, 0x00, 0xFF, 0xFF, 0xFF, 0xFF, 0xFF, 0xC0, 0x0E, 0x00, 0x70, 0x03, 0x80,
    0x1C, 0x00, 0xE0, 0x07, 0xFF, 0xBF, 0xFD, 0xFF, 0xEE, 0x00, 0x70, 0x03, 0x80, 0x1C, 0x00, 0xE0,
    0x07, 0x00, 0x3F, 0xFF, 0xFF, 0xFF, 0xFF, 0x80, 0xFF, 0xFF, 0xFF, 0xFF, 0xFF, 0xF8, 0x00, 0xE0,
    0x03, 0x80, 0x0E, 0x00, 0x38, 0x00, 0xE0, 0x03, 0xFF, 0xCF, 0xFF, 0x3F, 0xFC, 0xE0, 0x03, 0x80,
    0x0E, 0x00, 0x38, 0x00, 0xE0, 0x03, 0x80, 0x0E, 0x00, 0x38, 0x00, 0xE0, 0x00, 0x03, 0xFE, 0x00,
    0xFF, 0xF0, 0x1F, 0xFF, 0xC3, 0xF0, 0xFC, 0x7C, 0x03, 0x87, 0x80, 0x10, 0xF0, 0x00, 0x0F, 0x00,
    0x00, 0xF0, 0x00, 0x0E, 0x00, 0x00, 0xE0, 0x3F, 0xEE, 0x03, 0xFE, 0xF0, 0x3F, 0xEF, 0x00, 0x0E,
    0xF8, 0x01, 0xE7, 0x80, 0x1E, 0x7C, 0x03, 0xC3, 0xF0, 0xFC, 0x1F, 0xFF, 0x80, 0xFF, 0xF0, 0x03,
    0xFC, 0x00, 0xE0, 0x07, 0x70, 0x03, 0xB8, 0x01, 0xDC, 0x00, 0xEE, 0x00, 0x77, 0x00, 0x3B, 0x80,
    0x1D, 0xC0, 0x0E, 0xE0, 0x07, 0x7F, 0xFF, 0xBF, 0xFF, 0xDF, 0xFF, 0xEE, 0x00, 0x77, 0x00, 0x3B,
    0x80, 0x1D, 0xC0, 0x0E, 0xE0, 0x07, 0x70, 0x03, 0xB8, 0x01, 0xDC, 0x00, 0xEE, 0x00, 0x70, 0xFF,
    0xFF, 0xFF, 0xFC, 0x70, 0x1C, 0x07, 0x01, 0xC0, 0x70, 0x1C, 0x07, 0x01, 0xC0, 0x70, 0x1C, 0x07,
    0x01, 0xC0, 0x70, 0x1C, 0x07, 0x0F, 0xFF, 0xFF, 0xFF, 0xC0, 0x03, 0xFF, 0x03, 0xFF, 0x03, 0xFF,
    0x00, 0x38, 0x00, 0x38, 0x00, 0x38, 0x00, 0x38, 0x00, 0x38, 0x00, 0x38, 0x00, 0x38, 0x00, 0x38,
    0x00, 0x38, 0x00, 0x38, 0x00, 0x38, 0x00, 0x38, 0x20, 0x78, 0x70, 0x78, 0xF8, 0xF8, 0xFF, 0xF0,
    0x7F, 0xE0, 0x1F, 0xC0, 0xE0, 0x0F, 0xB8, 0x07, 0xCE, 0x03, 0xE3, 0x81, 0xF0, 0xE0, 0xF8, 0x38,
    0x7C, 0x0E, 0x3E, 0x03, 0x9F, 0x00, 0xEF, 0x80, 0x3F, 0xE0, 0x0F, 0xFC, 0x03, 0xFF, 0x80, 0xF9,
    0xF0, 0x3C, 0x3C, 0x0E, 0x0F, 0x83, 0x81, 0xF0, 0xE0, 0x3C, 0x38, 0x0F, 0x8E, 0x01, 0xF3, 0x80,
    0x3E, 0xE0, 0x07, 0x80, 0xE0, 0x07, 0x00, 0x38, 0x01, 0xC0, 0x0E, 0x00, 0x70, 0x03, 0x80, 0x1C,
    0x00, 0xE0, 0x07, 0x00, 0x38, 0x01, 0xC0, 0x0E, 0x00, 0x70, 0x03, 0x80, 0x1C, 0x00, 0xE0, 0x07,
    0x00, 0x3F, 0xFF, 0xFF, 0xFF, 0xFF, 0x80, 0xF0, 0x01, 0xEF, 0x00, 0x1E, 0xF8, 0x03, 0xEF, 0xC0,
    0x3E, 0xFC, 0x07, 0xEF, 0xE0, 0xFE, 0xFE, 0x0F, 0xEE, 0xF1, 0xEE, 0xEF, 0x1E, 0xEE, 0x7B, 0xCE,
    0xE7, 0xFC, 0xEE, 0x3F, 0x8E, 0xE1, 0xF0, 0xEE, 0x1F, 0x0E, 0xE0, 0xE0, 0xEE, 0x00, 0x0E, 0xE0,
    0x00, 0xEE, 0x00, 0x0E, 0xE0, 0x00, 0xEE, 0x00, 0x0E, 0xE0, 0x00, 0xE0, 0xF0, 0x03, 0xBC, 0x00,
    0xEF, 0x80, 0x3B, 0xF0, 0x0E, 0xFC, 0x03, 0xBF, 0x80, 0xEF, 0xF0, 0x3B, 0xBE, 0x0E, 0xE7, 0x83,
    0xB9, 0xF0, 0xEE, 0x3E, 0x3B, 0x87, 0x8E, 0xE0, 0xF3, 0xB8, 0x3E, 0xEE, 0x07, 0xFB, 0x80, 0xFE,
    0xE0, 0x3F, 0xB8, 0x07, 0xEE, 0x00, 0xFB, 0x80, 0x1E, 0xE0, 0x07, 0x80, 0x03, 0xFC, 0x00, 0xFF,
    0xF0, 0x1F, 0xFF, 0x83, 0xF0, 0xFC, 0x7C, 0x03, 0xE7, 0x80, 0x1E, 0xF0, 0x00, 0xFF, 0x00, 0x0F,
    0xF0, 0x00, 0xFE, 0x00, 0x07, 0xE0, 0x00, 0x7E, 0x00, 0x07, 0xF0, 0x00, 0xFF, 0x00, 0x0F, 0xF0,
    0x00, 0xF7, 0x80, 0x1E, 0x7C, 0x03, 0xE3, 0xF0, 0xFC, 0x1F, 0xFF, 0x80, 0xFF, 0xF0, 0x03, 0xFC,
    0x00, 0xFF, 0xE1, 0xFF, 0xE3, 0xFF, 0xE7, 0x03, 0xEE, 0x03, 0xDC, 0x03, 0xB8, 0x07, 0x70, 0x1E,
    0xE0, 0x3D, 0xC0, 0xFB, 0xFF, 0xE7, 0xFF, 0x8F, 0xFE, 0x1C, 0x00, 0x38, 0x00, 0x70, 0x00, 0xE0,
    0x01, 0xC0, 0x03, 0x80, 0x07, 0x00, 0x0E, 0x00, 0x00, 0x03, 0xFC, 0x00, 0xFF, 0xF0, 0x1F, 0xFF,
    0x83, 0xF0, 0xFC, 0x7C, 0x03, 0xE7, 0x80, 0x1E, 0xF0, 0x00, 0xFF, 0x00, 0x0F, 0xF0, 0x00, 0xFE,
    0x00, 0x07, 0xE0, 0x00, 0x7E, 0x00, 0x07, 0xF0, 0x30, 0xFF, 0x07, 0x8F, 0xF0, 0x7C, 0xF7, 0x83,
    0xDE, 0x7C, 0x3F, 0xE3, 0xF1, 0xFC, 0x1F, 0xFF, 0x80, 0xFF, 0xF8, 0x03, 0xFF, 0xC0, 0x00, 0x3E,
    0x00, 0x01, 0xE0, 0x00, 0x0C, 0xFF, 0xF0, 0xFF, 0xF8, 0xFF, 0xFC, 0xE0, 0x3E, 0xE0, 0x1E, 0xE0,
    0x1E, 0xE0, 0x0E, 0xE0, 0x0E, 0xE0, 0x1E, 0xE0, 0x3E, 0xFF, 0xFC, 0xFF, 0xF8, 0xFF, 0xF0, 0xE0,
    0xF0, 0xE0, 0xF8, 0xE0, 0x78, 0xE0, 0x7C, 0xE0, 0x3C, 0xE0, 0x3E, 0xE0, 0x1E, 0xE0, 0x0F, 0x07,
    0xF8, 0x07, 0xFF, 0x07, 0xFF, 0xC7, 0xC3, 0xE3, 0xC0, 0xE1, 0xC0, 0x20, 0xF0, 0x00, 0x78, 0x00,
    0x3F, 0x80, 0x0F, 0xF8, 0x03, 0xFF, 0x00, 0x7F, 0xC0, 0x07, 0xF0, 0x00, 0x78, 0x00, 0x3C, 0x60,
    0x0E, 0x78, 0x0F, 0x3F, 0x0F, 0x8F, 0xFF, 0x83, 0xFF, 0x80, 0xFF, 0x80, 0xFF, 0xFF, 0xFF, 0xFF,
    0xFF, 0xF8, 0x1C, 0x00, 0x38, 0x00, 0x70, 0x00, 0xE0, 0x01, 0xC0, 0x03, 0x80, 0x07, 0x00, 0x0E,
    0x00, 0x1C, 0x00, 0x38, 0x00, 0x70, 0x00, 0xE0, 0x01, 0xC0, 0x03, 0x80, 0x07, 0x00, 0x0E, 0x00,
    0x1C, 0x00, 0x38, 0x00, 0xE0, 0x07, 0x70, 0x03, 0xB8, 0x01, 0xDC, 0x00, 0xEE, 0x00, 0x77, 0x00,
    0x3B, 0x80, 0x1D, 0xC0, 0x0E, 0xE0, 0x07, 0x70, 0x03, 0xB8, 0x01, 0xDC, 0x00, 0xEE, 0x00, 0x77,
    0x00, 0x3B, 0xC0, 0x3D, 0xE0, 0x1E, 0xF8, 0x1F, 0x3E, 0x1F, 0x0F, 0xFF, 0x03, 0xFF, 0x00, 0xFF,
    0x00, 0x78, 0x00, 0xF3, 0xC0, 0x07, 0x9F, 0x00, 0x7C, 0x78, 0x03, 0xC3, 0xC0, 0x1E, 0x1F, 0x01,
    0xE0, 0x78, 0x0F, 0x03, 0xE0, 0xF8, 0x0F, 0x07, 0x80, 0x78, 0x3C, 0x03, 0xE3, 0xC0, 0x0F, 0x1E,
    0x00, 0x78, 0xF0, 0x01, 0xEF, 0x00, 0x0F, 0x78, 0x00, 0x7F, 0x80, 0x01, 0xFC, 0x00, 0x0F, 0xE0,
    0x00, 0x3E, 0x00, 0x01, 0xF0, 0x00, 0x0F, 0x80, 0x00, 0xF8, 0x00, 0x00, 0xFB, 0xC0, 0x00, 0x07,
    0x9E, 0x00, 0x00, 0x3C, 0xF0, 0x0E, 0x01, 0xE3, 0xC0, 0xF8, 0x1E, 0x1E, 0x07, 0xC0, 0xF0, 0xF0,
    0x3E, 0x07, 0x83, 0xC3, 0xF8, 0x78, 0x1E, 0x1F, 0xC3, 0xC0, 0xF0, 0xEF, 0x1E, 0x03, 0xCF, 0x79,
    0xE0, 0x1E, 0x7B, 0xCF, 0x00, 0xF7, 0x8F, 0x78, 0x03, 0xBC, 0x7B, 0xC0, 0x1F, 0xC1, 0xFC, 0x00,
    0xFE, 0x0F, 0xE0, 0x07, 0xF0, 0x7F, 0x00, 0x1F, 0x01, 0xF0, 0x00, 0xF8, 0x0F, 0x80, 0x07, 0x80,
    0x3C, 0x00, 0x1C, 0x01, 0xC0, 0x00, 0x7C, 0x01, 0xE7, 0xC0, 0x3C, 0x3E, 0x07, 0xC1, 0xF0, 0x78,
    0x0F, 0x0F, 0x00, 0xF9, 0xF0, 0x07, 0xDE, 0x00, 0x3F, 0xC0, 0x03, 0xFC, 0x00, 0x1F, 0x80, 0x01,
    0xF0, 0x00, 0x1F, 0x80, 0x03, 0xFC, 0x00, 0x7F, 0xC0, 0x07, 0xBE, 0x00, 0xF1, 0xF0, 0x1F, 0x0F,
    0x81, 0xE0, 0xF8, 0x3C, 0x07, 0xC7, 0xC0, 0x3E, 0x78, 0x01, 0xE0, 0x7C, 0x01, 0xF3, 0xC0, 0x1E,
    0x3E, 0x03, 0xC1, 0xF0, 0x7C, 0x0F, 0x07, 0x80, 0xF8, 0xF0, 0x07, 0xDF, 0x00, 0x3D, 0xE0, 0x03,
    0xFC, 0x00, 0x1F, 0xC0, 0x00, 0xF8, 0x00, 0x0F, 0x80, 0x00, 0x70, 0x00, 0x07, 0x00, 0x00, 0x70,
    0x00, 0x07, 0x00, 0x00, 0x70, 0x00, 0x07, 0x00, 0x00, 0x70, 0x00, 0x07, 0x00, 0x00, 0x70, 0x00,
    0x7F, 0xFF, 0x7F, 0xFF, 0x7F, 0xFF, 0x00, 0x1E, 0x00, 0x3E, 0x00, 0x7C, 0x00, 0x78, 0x00, 0xF8,
    0x01, 0xF0, 0x03, 0xE0, 0x03, 0xC0, 0x07, 0xC0, 0x0F, 0x80, 0x1F, 0x00, 0x1F, 0x00, 0x3E, 0x00,
    0x7C, 0x00, 0x7C, 0x00, 0xFF, 0xFF, 0xFF, 0xFF, 0xFF, 0xFF, 0xFF, 0xFF, 0xFF, 0xE0, 0xE0, 0xE0,
    0xE0, 0xE0, 0xE0, 0xE0, 0xE0, 0xE0, 0xE0, 0xE0, 0xE0, 0xE0, 0xE0, 0xE0, 0xE0, 0xE0, 0xE0, 0xE0,
    0xE0, 0xE0, 0xFF, 0xFF, 0xFF, 0xF0, 0x00, 0xE0, 0x01, 0xE0, 0x01, 0xC0, 0x03, 0xC0, 0x03, 0x80,
    0x07, 0x80, 0x07, 0x00, 0x0F, 0x00, 0x0E, 0x00, 0x1E, 0x00, 0x1C, 0x00, 0x3C, 0x00, 0x38, 0x00,
    0x78, 0x00, 0x70, 0x00, 0xF0, 0x01, 0xE0, 0x01, 0xE0, 0x03, 0xC0, 0x03, 0xC0, 0x07, 0x80, 0x07,
    0x80, 0x0F, 0xFF, 0x7F, 0xBF, 0xC0, 0xE0, 0x70, 0x38, 0x1C, 0x0E, 0x07, 0x03, 0x81, 0xC0, 0xE0,
    0x70, 0x38, 0x1C, 0x0E, 0x07, 0x03, 0x81, 0xC0, 0xE0, 0x70, 0x38, 0x1C, 0x0E, 0xFF, 0x7F, 0xBF,
    0xC0, 0x01, 0xC0, 0x01, 0xF0, 0x01, 0xFC, 0x00, 0xFE, 0x00, 0xFF, 0x80, 0x7B, 0xC0, 0x78, 0xF0,
    0x7C, 0x78, 0x3C, 0x1E, 0x3C, 0x0F, 0x9E, 0x03, 0xC0, 0xFF, 0xFF, 0xFF, 0xFF, 0xFF, 0xFF, 0xE0,
    0x00, 0xE3, 0xE7, 0xE3, 0xE1, 0x80, 0x0F, 0xCE, 0x3F, 0xFE, 0x7F, 0xFE, 0x7C, 0x7E, 0xF8, 0x3E,
    0xF0, 0x1E, 0xF0, 0x1E, 0xE0, 0x0E, 0xE0, 0x0E, 0xF0, 0x1E, 0xF0, 0x1E, 0xF8, 0x3E, 0x7C, 0x7E,
    0x7F, 0xFE, 0x3F, 0xEE, 0x0F, 0xCE, 0xE0, 0x00, 0xE0, 0x00, 0xE0, 0x00, 0xE0, 0x00, 0xE0, 0x00,
    0xE0, 0x00, 0xE7, 0xE0, 0xFF, 0xF8, 0xFF, 0xFC, 0xFC, 0x7C, 0xF8, 0x3E, 0xF0, 0x1E, 0xF0, 0x1E,
    0xE0, 0x0E, 0xE0, 0x0E, 0xF0, 0x1E, 0xF0, 0x1E, 0xF8, 0x3E, 0xFC, 0x7C, 0xFF, 0xFC, 0xFF, 0xF8,
    0xE7, 0xE0, 0x0F, 0xE0, 0xFF, 0xE3, 0xFF, 0xDF, 0x1F, 0xF8, 0x1B, 0xC0, 0x0F, 0x00, 0x38, 0x00,
    0xE0, 0x03, 0xC0, 0x0F, 0x00, 0x3E, 0x06, 0x7C, 0x3C, 0xFF, 0xF3, 0xFF, 0x83, 0xF8, 0x00, 0x0E,
    0x00, 0x0E, 0x00, 0x0E, 0x00, 0x0E, 0x00, 0x0E, 0x00, 0x0E, 0x0F, 0xCE, 0x3F, 0xFE, 0x7F, 0xFE,
    0x7C, 0x7E, 0xF8, 0x3E, 0xF0, 0x1E, 0xF0, 0x1E, 0xE0, 0x0E, 0xE0, 0x0E, 0xF0, 0x1E, 0xF0, 0x1E,
    0xF8, 0x3E, 0x7C, 0x7E, 0x7F, 0xFE, 0x3F, 0xFE, 0x0F, 0xCE, 0x0F, 0xE0, 0x3F, 0xF0, 0xFF, 0xF3,
    0xE1, 0xEF, 0x01, 0xFE, 0x01, 0xFF, 0xFF, 0xFF, 0xFF, 0xFF, 0xFF, 0xE0, 0x03, 0xC0, 0x07, 0xC0,
    0x47, 0xE3, 0xC7, 0xFF, 0xC7, 0xFF, 0x07, 0xF8, 0x07, 0xC1, 0xFC, 0x7F, 0x0F, 0x21, 0xC0, 0x38,
    0x3F, 0xF7, 0xFE, 0xFF, 0xC3, 0x80, 0x70, 0x0E, 0x01, 0xC0, 0x38, 0x07, 0x00, 0xE0, 0x1C, 0x03,
    0x80, 0x70, 0x0E, 0x01, 0xC0, 0x38, 0x00, 0x0F, 0xE7, 0x1F, 0xFF, 0x3F, 0xFF, 0x7C, 0x3F, 0xF8,
    0x1F, 0xF0, 0x0F, 0xF0, 0x0F, 0xE0, 0x07, 0xE0, 0x07, 0xF0, 0x0F, 0xF0, 0x0F, 0xF8, 0x1F, 0x7C,
    0x3F, 0x3F, 0xFF, 0x1F, 0xF7, 0x0F, 0xE7, 0x00, 0x0F, 0x00, 0x0F, 0x10, 0x1F, 0x3E, 0x7E, 0x3F,
    0xFE, 0x3F, 0xF8, 0x0F, 0xF0, 0xE0, 0x03, 0x80, 0x0E, 0x00, 0x38, 0x00, 0xE0, 0x03, 0x80, 0x0E,
    0x7E, 0x3B, 0xFC, 0xFF, 0xFB, 0xE3, 0xEF, 0x07, 0xBC, 0x0E, 0xE0, 0x3B, 0x80, 0xEE, 0x03, 0xB8,
    0x0E, 0xE0, 0x3B, 0x80, 0xEE, 0x03, 0xB8, 0x0E, 0xE0, 0x3B, 0x80, 0xE0, 0xFF, 0xFF, 0x00, 0x07,
    0x77, 0x77, 0x77, 0x77, 0x77, 0x77, 0x77, 0x70, 0x1E, 0x3C, 0x78, 0xF0, 0x00, 0x00, 0x0E, 0x1C,
    0x38, 0x70, 0xE1, 0xC3, 0x87, 0x0E, 0x1C, 0x38, 0x70, 0xE1, 0xC3, 0x87, 0x0E, 0x3C, 0x7B, 0xF7,
    0xC7, 0x00, 0xE0, 0x01, 0xC0, 0x03, 0x80, 0x07, 0x00, 0x0E, 0x00, 0x1C, 0x00, 0x38, 0x1F, 0x70,
    0x7C, 0xE1, 0xF1, 0xC7, 0xC3, 0x9F, 0x07, 0x7C, 0x0F, 0xF0, 0x1F, 0xE0, 0x3F, 0xC0, 0x7F, 0xC0,
    0xF7, 0xC1, 0xC7, 0xC3, 0x87, 0xC7, 0x07, 0xCE, 0x07, 0x9C, 0x0F, 0x80, 0xEE, 0xEE, 0xEE, 0xEE,
    0xEE, 0xEE, 0xEE, 0xEE, 0xEE, 0xEE, 0xEE, 0xE7, 0xE1, 0xF9, 0xDF, 0xE7, 0xFB, 0xFF, 0xFF, 0xFF,
    0xC7, 0xF1, 0xFF, 0x07, 0xC1, 0xFE, 0x0F, 0x83, 0xF8, 0x0E, 0x03, 0xF0, 0x1C, 0x07, 0xE0, 0x38,
    0x0F, 0xC0, 0x70, 0x1F, 0x80, 0xE0, 0x3F, 0x01, 0xC0, 0x7E, 0x03, 0x80, 0xFC, 0x07, 0x01, 0xF8,
    0x0E, 0x03, 0xF0, 0x1C, 0x07, 0xE7, 0xE3, 0xBF, 0xCF, 0xFF, 0xBE, 0x3E, 0xF0, 0x7B, 0xC0, 0xEE,
    0x03, 0xB8, 0x0E, 0xE0, 0x3B, 0x80, 0xEE, 0x03, 0xB8, 0x0E, 0xE0, 0x3B, 0x80, 0xEE, 0x03, 0xB8,
    0x0E, 0x0F, 0xF0, 0x1F, 0xF8, 0x3F, 0xFC, 0x7C, 0x3E, 0xF8, 0x1F, 0xF0, 0x0F, 0xF0, 0x0F, 0xE0,
    0x07, 0xE0, 0x07, 0xF0, 0x0F, 0xF0, 0x0F, 0xF8, 0x1F, 0x7C, 0x3E, 0x3F, 0xFC, 0x1F, 0xF8, 0x0F,
    0xF0, 0xE7, 0xE0, 0xFF, 0xF8, 0xFF, 0xFC, 0xFC, 0x7C, 0xF8, 0x3E, 0xF0, 0x1E, 0xF0, 0x1E, 0xE0,
    0x0E, 0xE0, 0x0E, 0xF0, 0x1E, 0xF0, 0x1E, 0xF8, 0x3E, 0xFC, 0x7C, 0xFF, 0xFC, 0xFF, 0xF8, 0xE7,
    0xE0, 0xE0, 0x00, 0xE0, 0x00, 0xE0, 0x00, 0xE0, 0x00, 0xE0, 0x00, 0xE0, 0x00, 0x0F, 0xCE, 0x3F,
    0xFE, 0x7F, 0xFE, 0x7C, 0x7E, 0xF8, 0x3E, 0xF0, 0x1E, 0xF0, 0x1E, 0xE0, 0x0E, 0xE0, 0x0E, 0xF0,
    0x1E, 0xF0, 0x1E, 0xF8, 0x3E, 0x7C, 0x7E, 0x7F, 0xFE, 0x3F, 0xFE, 0x0F, 0xCE, 0x00, 0x0E, 0x00,
    0x0E, 0x00, 0x0E, 0x00, 0x0E, 0x00, 0x0E, 0x00, 0x0E, 0xE7, 0xFB, 0xEF, 0xFB, 0xF0, 0xF0, 0x3C,
    0x0E, 0x03, 0x80, 0xE0, 0x38, 0x0E, 0x03, 0x80, 0xE0, 0x38, 0x0E, 0x03, 0x80, 0x1F, 0xC3, 0xFF,
    0x1F, 0xFD, 0xF1, 0xEF, 0x06, 0x78, 0x01, 0xF8, 0x0F, 0xF8, 0x1F, 0xE0, 0x1F, 0x80, 0x3C, 0xC0,
    0xEF, 0x8F, 0x7F, 0xF9, 0xFF, 0x87, 0xF8, 0x1C, 0x07, 0x01, 0xC0, 0x70, 0xFF, 0xFF, 0xFF, 0xFC,
    0x70, 0x1C, 0x07, 0x01, 0xC0, 0x70, 0x1C, 0x07, 0x01, 0xC0, 0x70, 0x1C, 0x07, 0x01, 0xC0, 0x70,
    0xE0, 0x3B, 0x80, 0xEE, 0x03, 0xB8, 0x0E, 0xE0, 0x3B, 0x80, 0xEE, 0x03, 0xB8, 0x0E, 0xE0, 0x3B,
    0x80, 0xEF, 0x07, 0xBC, 0x1E, 0xF8, 0xFB, 0xFF, 0xE7, 0xFB, 0x8F, 0xCE, 0xF0, 0x0F, 0x3C, 0x07,
    0x9E, 0x03, 0x87, 0x83, 0xC3, 0xC1, 0xE1, 0xE1, 0xE0, 0x78, 0xF0, 0x3C, 0x70, 0x0F, 0x78, 0x07,
    0xB8, 0x01, 0xFC, 0x00, 0xFE, 0x00, 0x7E, 0x00, 0x1F, 0x00, 0x0F, 0x00, 0x03, 0x80, 0xF0, 0x00,
    0x1E, 0xF0, 0x00, 0x3D, 0xE0, 0xE0, 0xF3, 0xC1, 0xC1, 0xE3, 0x83, 0xC3, 0xC7, 0x8F, 0x87, 0x0F,
    0x1F, 0x9E, 0x0E, 0x7F, 0x3C, 0x1E, 0xEF, 0x70, 0x3F, 0xDF, 0xE0, 0x3F, 0x1F, 0xC0, 0x7E, 0x3F,
    0x00, 0xFC, 0x3E, 0x00, 0xF0, 0x7C, 0x01, 0xE0, 0xF0, 0x03, 0x80, 0xE0, 0xF8, 0x1F, 0x7C, 0x1E,
    0x3E, 0x3C, 0x1E, 0x78, 0x1F, 0x78, 0x0F, 0xF0, 0x07, 0xE0, 0x03, 0xE0, 0x03, 0xE0, 0x07, 0xF0,
    0x0F, 0xF0, 0x1F, 0x78, 0x1E, 0x7C, 0x3C, 0x3E, 0x7C, 0x1E, 0xF8, 0x1F, 0xF0, 0x07, 0x9E, 0x01,
    0xE7, 0x80, 0xF1, 0xF0, 0x3C, 0x3C, 0x0F, 0x0F, 0x87, 0x81, 0xE1, 0xE0, 0x78, 0xF0, 0x0F, 0x3C,
    0x03, 0xCF, 0x00, 0x7F, 0x80, 0x1F, 0xE0, 0x07, 0xF0, 0x00, 0xFC, 0x00, 0x3F, 0x00, 0x07, 0x80,
    0x01, 0xE0, 0x00, 0x70, 0x00, 0x3C, 0x00, 0x0F, 0x00, 0x07, 0x80, 0x01, 0xE0, 0x00, 0x70, 0x00,
    0xFF, 0xFF, 0xFF, 0xFF, 0x80, 0xF0, 0x3C, 0x0F, 0x03, 0xE0, 0x78, 0x1E, 0x07, 0xC0, 0xF0, 0x3C,
    0x0F, 0x01, 0xFF, 0xFF, 0xFF, 0xFF, 0x00, 0x00, 0x38, 0x1F, 0x87, 0xE0, 0xF0, 0x1E, 0x03, 0x80,
    0x70, 0x0E, 0x01, 0xC0, 0x38, 0x0F, 0x03, 0xE1, 0xF8, 0x3E, 0x07, 0xE0, 0x3E, 0x03, 0xC0, 0x38,
    0x07, 0x00, 0xE0, 0x1C, 0x03, 0x80, 0x78, 0x0F, 0x01, 0xF8, 0x1F, 0x81, 0xE0, 0x04, 0xEE, 0xEE,
    0xEE, 0xEE, 0xEE, 0xEE, 0xEE, 0xEE, 0xEE, 0xEE, 0xEE, 0xEE, 0xEE, 0xEE, 0x00, 0x0E, 0x01, 0xF0,
    0x3F, 0x01, 0xE0, 0x3C, 0x03, 0x80, 0x70, 0x0E, 0x01, 0xC0, 0x38, 0x07, 0x80, 0xF8, 0x0F, 0xC0,
    0xF8, 0x3F, 0x0F, 0x81, 0xE0, 0x3C, 0x07, 0x00, 0xE0, 0x1C, 0x03, 0x80, 0xF0, 0x1E, 0x07, 0xC1,
    0xF0, 0x3C, 0x04, 0x00, 0x7C, 0x3F, 0xF9, 0xFF, 0xFF, 0xDF, 0xEE, 0x3F, 0x00, 0xFF, 0xFF, 0x00,
    0x0E, 0xEE, 0xEE, 0xEE, 0xEE, 0xEE, 0xEE, 0xE0, 0x03, 0x80, 0x07, 0x00, 0x3F, 0x80, 0xFF, 0xC3,
    0xFF, 0xCF, 0xFF, 0x9E, 0xE7, 0x79, 0xC4, 0xF3, 0x81, 0xC7, 0x03, 0x8E, 0x07, 0x1C, 0x0F, 0x38,
    0x1E, 0x71, 0x3E, 0xE7, 0x3F, 0xFE, 0x3F, 0xFC, 0x3F, 0xF0, 0x3F, 0x80, 0x1C, 0x00, 0x38, 0x00,
    0x03, 0xF8, 0x01, 0xFF, 0x80, 0xFF, 0xE0, 0x7C, 0x30, 0x1E, 0x00, 0x07, 0x80, 0x01, 0xC0, 0x00,
    0x70, 0x00, 0x7F, 0xF8, 0x1F, 0xFE, 0x07, 0xFF, 0x80, 0x3C, 0x00, 0x0F, 0x00, 0x01, 0xC0, 0x00,
    0x70, 0x00, 0x3C, 0x00, 0x0F, 0x00, 0x1F, 0xF0, 0xCF, 0xFF, 0xF9, 0xFF, 0xFE, 0x70, 0xFF, 0x00,
    0x00, 0x00, 0xC0, 0xC7, 0xFF, 0xBF, 0xFE, 0x7F, 0xF0, 0xF3, 0xC3, 0xCF, 0x0E, 0x1C, 0x3C, 0xF0,
    0xF3, 0xC3, 0xFF, 0x1F, 0xFE, 0x7F, 0xF8, 0xC0, 0xC0, 0x00, 0x00, 0xF8, 0x03, 0xEF, 0x00, 0x79,
    0xF0, 0x1E, 0x1F, 0x07, 0xC1, 0xE0, 0xF0, 0x3E, 0x3C, 0x03, 0xEF, 0x80, 0x3D, 0xE0, 0x07, 0xF8,
    0x00, 0x7F, 0x00, 0x07, 0xC0, 0x07, 0xFF, 0x80, 0xFF, 0xF0, 0x1F, 0xFE, 0x00, 0x38, 0x00, 0x07,
    0x00, 0x0F, 0xFF, 0x01, 0xFF, 0xE0, 0x3F, 0xFC, 0x00, 0x70, 0x00, 0x0E, 0x00, 0xEE, 0xEE, 0xEE,
    0xEE, 0xEE, 0xEE, 0x00, 0x00, 0xEE, 0xEE, 0xEE, 0xEE, 0xEE, 0xEE, 0x1F, 0xE0, 0xFF, 0xC7, 0xFF,
    0x9F, 0x1C, 0x78, 0x01, 0xC0, 0x07, 0x80, 0x1F, 0xC0, 0x3F, 0xE1, 0xFF, 0xEF, 0xFF, 0xFC, 0x3F,
    0xE0, 0x3F, 0xC0, 0x7F, 0xF3, 0xDF, 0xFE, 0x3F, 0xF0, 0x1F, 0xE0, 0x0F, 0x80, 0x1E, 0x60, 0x3B,
    0xE1, 0xEF, 0xFF, 0x9F, 0xFC, 0x1F, 0xE0, 0xF3, 0xFC, 0xFF, 0x3F, 0xCF, 0x01, 0xFC, 0x00, 0x3F,
    0xF8, 0x07, 0xFF, 0xF0, 0x7F, 0x1F, 0xC3, 0xC0, 0x1E, 0x3C, 0xFE, 0x79, 0xCF, 0xF9, 0xDC, 0xFF,
    0xC7, 0xEF, 0x8C, 0x3F, 0x78, 0x01, 0xFB, 0xC0, 0x0F, 0xDC, 0x00, 0x7E, 0xF0, 0x03, 0xF7, 0x80,
    0x1F, 0xBF, 0x30, 0xFE, 0xFF, 0xCF, 0x7B, 0xFE, 0xF1, 0xE7, 0xEF, 0x0F, 0xC1, 0xF8, 0x3F, 0xFF,
    0x80, 0x7F, 0xF0, 0x01, 0xFF, 0x00, 0x7F, 0xFF, 0xFF, 0xFC, 0x7E, 0x3F, 0x1F, 0xFF, 0xFF, 0x7F,
    0x80, 0x00, 0x00, 0x30, 0xE1, 0xE3, 0x87, 0x1E, 0x3C, 0xF1, 0xE7, 0x8F, 0x1E, 0x3C, 0xF0, 0x79,
    0xE0, 0xE3, 0xC3, 0xCF, 0x07, 0x9E, 0x0E, 0x38, 0x30, 0x40, 0xFF, 0xFF, 0xBF, 0xFF, 0xEF, 0xFF,
    0xF8, 0x00, 0x0E, 0x00, 0x03, 0x80, 0x00, 0xE0, 0x00, 0x38, 0x00, 0x0E, 0x00, 0x03, 0x80, 0xFF,
    0xFF, 0xFF, 0x1F, 0xC1, 0xFF, 0x1E, 0x3D, 0xDF, 0xFE, 0xFF, 0xE6, 0xEF, 0x3F, 0x79, 0xF3, 0xED,
    0xBF, 0x6F, 0xDE, 0x3C, 0x7F, 0xC1, 0xFC, 0x00, 0xFF, 0xFF, 0xFF, 0x00, 0x0F, 0x87, 0xFB, 0xDE,
    0xE3, 0xB8, 0x7E, 0x3B, 0xDE, 0x7F, 0x0F, 0x80, 0x03, 0x80, 0x0E, 0x00, 0x38, 0x00, 0xE0, 0x03,
    0x83, 0xFF, 0xFF, 0xFF, 0xFF, 0xFF, 0x03, 0x80, 0x0E, 0x00, 0x38, 0x00, 0xE0, 0x00, 0x03, 0xFF,
    0xFF, 0xFF, 0xFF, 0xFF, 0x7E, 0xFF, 0xFF, 0x4E, 0x1E, 0x3C, 0x7E, 0xFF, 0xFF, 0x7E, 0x7E, 0x7E,
    0x7E, 0x7E, 0x0F, 0x0F, 0xFE, 0xFE, 0x38, 0x00, 0x38, 0xF3, 0xEF, 0x8C, 0x00, 0xE0, 0x3F, 0x01,
    0xF8, 0x0F, 0xC0, 0x7E, 0x03, 0xF0, 0x1F, 0x80, 0xFC, 0x07, 0xE0, 0x3F, 0x01, 0xFC, 0x1F, 0xE0,
    0xFF, 0x8F, 0xFF, 0xFF, 0xFF, 0xFF, 0xE7, 0xE0, 0x07, 0x00, 0x38, 0x01, 0xC0, 0x00, 0x1F, 0xFF,
    0x9F, 0xFF, 0xDF, 0xFF, 0xFF, 0xF0, 0x7F, 0xF8, 0x3F, 0xFC, 0x1F, 0xFE, 0x0F, 0xFF, 0x07, 0xFF,
    0x83, 0xFF, 0xC1, 0xDF, 0xE0, 0xE7, 0xF0, 0x70, 0xF8, 0x38, 0x1C, 0x1C, 0x0E, 0x0E, 0x07, 0x07,
    0x03, 0x83, 0x81, 0xC1, 0xC0, 0xE0, 0xE0, 0x70, 0x70, 0x38, 0x38, 0xFF, 0xFF, 0x38, 0x30, 0x7C,
    0x7E, 0x0E, 0x3E, 0xFE, 0x78, 0x3D, 0xF7, 0xC7, 0x1C, 0x71, 0xC7, 0x1C, 0x08, 0x1F, 0x1F, 0xDE,
    0xFE, 0x3F, 0x1F, 0x8F, 0xFF, 0x7F, 0x1F, 0x00, 0x00, 0x03, 0x0C, 0x3C, 0xF0, 0xE3, 0xC7, 0x8E,
    0x1E, 0x78, 0x79, 0xE3, 0xCF, 0x3C, 0x71, 0xC7, 0x9E, 0x79, 0xE3, 0x8E, 0x3C, 0x20, 0x40, 0x3C,
    0x01, 0xE3, 0xE0, 0x0E, 0x1F, 0x00, 0xF0, 0x38, 0x0F, 0x01, 0xC0, 0x70, 0x0E, 0x07, 0x80, 0x70,
    0x78, 0x03, 0x83, 0x80, 0x1C, 0x3C, 0x00, 0xC3, 0xC3, 0x00, 0x1C, 0x3C, 0x01, 0xE3, 0xE0, 0x1E,
    0x1F, 0x00, 0xE1, 0xF8, 0x0F, 0x1D, 0xC0, 0xF1, 0xEE, 0x07, 0x0F, 0xF8, 0x78, 0x7F, 0xC7, 0x80,
    0x1C, 0x38, 0x00, 0xE3, 0xC0, 0x06, 0x00, 0x3C, 0x01, 0xE3, 0xE0, 0x0F, 0x1F, 0x00, 0xF0, 0xF8,
    0x07, 0x01, 0xC0, 0x78, 0x0E, 0x07, 0x80, 0x70, 0x38, 0x03, 0x83, 0xC0, 0x1C, 0x3C, 0x00, 0xE1,
    0xC0, 0x00, 0x1E, 0x7C, 0x01, 0xE7, 0xF0, 0x0E, 0x3F, 0x80, 0xF1, 0x9C, 0x0F, 0x00, 0xE0, 0x70,
    0x0E, 0x07, 0x80, 0xF0, 0x78, 0x0F, 0x03, 0x80, 0xF0, 0x3C, 0x07, 0xF3, 0xC0, 0x3F, 0x80, 0x7E,
    0x00, 0xF1, 0xF8, 0x03, 0x81, 0xC0, 0x1E, 0x0E, 0x00, 0xF0, 0x7C, 0x03, 0x81, 0xF8, 0x1E, 0x02,
    0xE0, 0xF0, 0x01, 0xC3, 0x80, 0x4E, 0x1E, 0x03, 0xF8, 0x70, 0x07, 0xC3, 0xC3, 0x00, 0x1E, 0x1C,
    0x00, 0x70, 0xF0, 0x03, 0xC7, 0xC0, 0x1E, 0x3F, 0x00, 0x70, 0xFC, 0x03, 0xC7, 0x70, 0x1E, 0x1F,
    0xF0, 0x70, 0x7F, 0xC3, 0xC0, 0x1C, 0x1E, 0x00, 0x70, 0x70, 0x00, 0xC0, 0x07, 0x80, 0x3C, 0x01,
    0xE0, 0x0F, 0x00, 0x00, 0x00, 0x00, 0x1C, 0x00, 0xF0, 0x07, 0x80, 0xFC, 0x0F, 0xE0, 0xF8, 0x0F,
    0x80, 0x78, 0x03, 0x80, 0x1C, 0x06, 0xF0, 0x7F, 0xC7, 0xDF, 0xFC, 0x7F, 0xC1, 0xFC, 0x00, 0x00,
    0x80, 0x00, 0x1C, 0x00, 0x03, 0xF0, 0x00, 0x1F, 0x80, 0x00, 0x78, 0x00, 0x00, 0x80, 0x00, 0x00,
    0x00, 0x0F, 0x00, 0x00, 0xF8, 0x00, 0x1F, 0x80, 0x01, 0xFC, 0x00, 0x1F, 0xC0, 0x03, 0xFC, 0x00,
    0x3D, 0xE0, 0x07, 0x9E, 0x00, 0x79, 0xE0, 0x07, 0x8F, 0x00, 0xF0, 0xF0, 0x0F, 0x0F, 0x80, 0xE0,
    0x78, 0x1F, 0xFF, 0x81, 0xFF, 0xFC, 0x3F, 0xFF, 0xC3, 0xC0, 0x3C, 0x3C, 0x01, 0xE7, 0x80, 0x1E,
    0x78, 0x01, 0xF7, 0x80, 0x0F, 0x00, 0x08, 0x00, 0x03, 0xC0, 0x00, 0x7C, 0x00, 0x1F, 0xC0, 0x01,
    0xF0, 0x00, 0x08, 0x00, 0x00, 0x00, 0x00, 0x0F, 0x00, 0x00, 0xF8, 0x00, 0x1F, 0x80, 0x01, 0xFC,
    0x00, 0x1F, 0xC0, 0x03, 0xFC, 0x00, 0x3D, 0xE0, 0x07, 0x9E, 0x00, 0x79, 0xE0, 0x07, 0x8F, 0x00,
    0xF0, 0xF0, 0x0F, 0x0F, 0x80, 0xE0, 0x78, 0x1F, 0xFF, 0x81, 0xFF, 0xFC, 0x3F, 0xFF, 0xC3, 0xC0,
    0x3C, 0x3C, 0x01, 0xE7, 0x80, 0x1E, 0x78, 0x01, 0xF7, 0x80, 0x0F, 0x00, 0x70, 0x00, 0x1F, 0x80,
    0x03, 0xFC, 0x00, 0x79, 0xE0, 0x02, 0x04, 0x00, 0x00, 0x00, 0x00, 0xF0, 0x00, 0x0F, 0x80, 0x01,
    0xF8, 0x00, 0x1F, 0xC0, 0x01, 0xFC, 0x00, 0x3F, 0xC0, 0x03, 0xDE, 0x00, 0x79, 0xE0, 0x07, 0x9E,
    0x00, 0x78, 0xF0, 0x0F, 0x0F, 0x00, 0xF0, 0xF8, 0x0E, 0x07, 0x81, 0xFF, 0xF8, 0x1F, 0xFF, 0xC3,
    0xFF, 0xFC, 0x3C, 0x03, 0xC3, 0xC0, 0x1E, 0x78, 0x01, 0xE7, 0x80, 0x1F, 0x78, 0x00, 0xF0, 0x03,
    0xCE, 0x00, 0x7F, 0xE0, 0x07, 0xFE, 0x00, 0x77, 0xC0, 0x00, 0x00, 0x00, 0x00, 0x00, 0x00, 0xF0,
    0x00, 0x0F, 0x80, 0x01, 0xF8, 0x00, 0x1F, 0x80, 0x03, 0xFC, 0x00, 0x3F, 0xC0, 0x03, 0xBC, 0x00,
    0x79, 0xE0, 0x07, 0x9E, 0x00, 0x71, 0xF0, 0x0F, 0x0F, 0x00, 0xF0, 0xF0, 0x1E, 0x07, 0x81, 0xFF,
    0xF8, 0x1F, 0xFF, 0x83, 0xFF, 0xFC, 0x3C, 0x03, 0xC3, 0x80, 0x3C, 0x78, 0x01, 0xE7, 0x80, 0x1E,
    0xF0, 0x01, 0xF0, 0x07, 0x9E, 0x00, 0x79, 0xE0, 0x07, 0x9E, 0x00, 0x79, 0xE0, 0x00, 0x00, 0x00,
    0x00, 0x00, 0x00, 0xF0, 0x00, 0x1F, 0x80, 0x01, 0xF8, 0x00, 0x1F, 0x80, 0x03, 0xFC, 0x00, 0x3F,
    0xC0, 0x03, 0xBC, 0x00, 0x79, 0xE0, 0x07, 0x9E, 0x00, 0xF1, 0xF0, 0x0F, 0x0F, 0x00, 0xF0, 0xF0,
    0x1E, 0x07, 0x81, 0xFF, 0xF8, 0x1F, 0xFF, 0x83, 0xFF, 0xFC, 0x3C, 0x03, 0xC7, 0x80, 0x3E, 0x78,
    0x01, 0xE7, 0x80, 0x1E, 0xF0, 0x00, 0xF0, 0x00, 0xF8, 0x00, 0x0F, 0xE0, 0x00, 0x77, 0x00, 0x03,
    0x18, 0x00, 0x1F, 0xC0, 0x00, 0xFE, 0x00, 0x03, 0xE0, 0x00, 0x1F, 0x00, 0x01, 0xFC, 0x00, 0x0F,
    0xE0, 0x00, 0x7F, 0x00, 0x07, 0xBC, 0x00, 0x3D, 0xE0, 0x03, 0xEF, 0x00, 0x1E, 0x3C, 0x00, 0xF1,
    0xE0, 0x0F, 0x0F, 0x80, 0x78, 0x3C, 0x03, 0xC1, 0xE0, 0x3F, 0xFF, 0x81, 0xFF, 0xFC, 0x1F, 0xFF,
    0xE0, 0xF0, 0x07, 0x87, 0x80, 0x3C, 0x78, 0x01, 0xF3, 0xC0, 0x07, 0x9E, 0x00, 0x3C, 0x00, 0x03,
    0xFF, 0xE0, 0x00, 0xFF, 0xFC, 0x00, 0x1F, 0xFF, 0x80, 0x07, 0xC0, 0x00, 0x01, 0xF8, 0x00, 0x00,
    0x3F, 0x00, 0x00, 0x0F, 0xE0, 0x00, 0x03, 0xDC, 0x00, 0x00, 0x7B, 0x80, 0x00, 0x1E, 0x7F, 0xF0,
    0x07, 0x8F, 0xFE, 0x00, 0xF1, 0xFF, 0xC0, 0x3C, 0x38, 0x00, 0x0F, 0x07, 0x00, 0x01, 0xFF, 0xE0,
    0x00, 0x7F, 0xFC, 0x00, 0x1F, 0xFF, 0x80, 0x03, 0xC0, 0x70, 0x00, 0xF0, 0x0F, 0xFF, 0xBC, 0x01,
    0xFF, 0xFF, 0x80, 0x3F, 0xFE, 0x03, 0xFE, 0x03, 0xFF, 0xE1, 0xFF, 0xFC, 0xFC, 0x3F, 0x7C, 0x03,
    0x9E, 0x00, 0x4F, 0x00, 0x03, 0xC0, 0x00, 0xF0, 0x00, 0x38, 0x00, 0x0E, 0x00, 0x03, 0x80, 0x00,
    0xF0, 0x00, 0x3C, 0x00, 0x0F, 0x00, 0x01, 0xE0, 0x00, 0x7C, 0x01, 0x8F, 0xC1, 0xE1, 0xFF, 0xFC,
    0x3F, 0xFE, 0x03, 0xFE, 0x00, 0x30, 0x00, 0x1F, 0x00, 0x07, 0xE0, 0x00, 0x38, 0x00, 0x3E, 0x00,
    0x3F, 0x80, 0x0F, 0x80, 0x08, 0x00, 0xF0, 0x07, 0xC0, 0x3F, 0x80, 0x3C, 0x00, 0x40, 0x00, 0x1F,
    0xFF, 0xFF, 0xFF, 0xFF, 0xF8, 0x01, 0xC0, 0x0E, 0x00, 0x70, 0x03, 0x80, 0x1C, 0x00, 0xFF, 0xF7,
    0xFF, 0xBF, 0xFD, 0xC0, 0x0E, 0x00, 0x70, 0x03, 0x80, 0x1C, 0x00, 0xE0, 0x07, 0xFF, 0xFF, 0xFF,
    0xFF, 0xF0, 0x00, 0x40, 0x0E, 0x01, 0xF8, 0x1F, 0xC0, 0xF0, 0x04, 0x00, 0x00, 0x1F, 0xFF, 0xFF,
    0xFF, 0xFF, 0xF8, 0x01, 0xC0, 0x0E, 0x00, 0x70, 0x03, 0x80, 0x1C, 0x00, 0xFF, 0xF7, 0xFF, 0xBF,
    0xFD, 0xC0, 0x0E, 0x00, 0x70, 0x03, 0x80, 0x1C, 0x00, 0xE0, 0x07, 0xFF, 0xFF, 0xFF, 0xFF, 0xF0,
    0x07, 0x00, 0x7E, 0x0F, 0xF8, 0x79, 0xE1, 0x02, 0x00, 0x03, 0xFF, 0xFF, 0xFF, 0xFF, 0xFF, 0x00,
    0x38, 0x01, 0xC0, 0x0E, 0x00, 0x70, 0x03, 0x80, 0x1F, 0xFE, 0xFF, 0xF7, 0xFF, 0xB8, 0x01, 0xC0,
    0x0E, 0x00, 0x70, 0x03, 0x80, 0x1C, 0x00, 0xFF, 0xFF, 0xFF, 0xFF, 0xFE, 0x3C, 0xF1, 0xE7, 0x8F,
    0x3C, 0x79, 0xE0, 0x00, 0x00, 0x03, 0xFF, 0xFF, 0xFF, 0xFF, 0xFF, 0x00, 0x38, 0x01, 0xC0, 0x0E,
    0x00, 0x70, 0x03, 0x80, 0x1F, 0xFE, 0xFF, 0xF7, 0xFF, 0xB8, 0x01, 0xC0, 0x0E, 0x00, 0x70, 0x03,
    0x80, 0x1C, 0x00, 0xFF, 0xFF, 0xFF, 0xFF, 0xFE, 0x20, 0x1E, 0x07, 0xC1, 0xFC, 0x0F, 0x00, 0x80,
    0x03, 0xFF, 0xFF, 0xFF, 0xF1, 0xC0, 0x70, 0x1C, 0x07, 0x01, 0xC0, 0x70, 0x1C, 0x07, 0x01, 0xC0,
    0x70, 0x1C, 0x07, 0x01, 0xC0, 0x70, 0x1C, 0x3F, 0xFF, 0xFF, 0xFF, 0x03, 0x01, 0xC1, 0xF8, 0xFE,
    0x3C, 0x00, 0x00, 0x03, 0xFF, 0xFF, 0xFF, 0xF1, 0xC0, 0x70, 0x1C, 0x07, 0x01, 0xC0, 0x70, 0x1C,
    0x07, 0x01, 0xC0, 0x70, 0x1C, 0x07, 0x01, 0xC0, 0x70, 0x1C, 0x3F, 0xFF, 0xFF, 0xFF, 0x1C, 0x0F,
    0xC7, 0xFB, 0xDF, 0x40, 0x80, 0x0F, 0xFF, 0xFF, 0xFF, 0xC7, 0x01, 0xC0, 0x70, 0x1C, 0x07, 0x01,
    0xC0, 0x70, 0x1C, 0x07, 0x01, 0xC0, 0x70, 0x1C, 0x07, 0x01, 0xC0, 0x70, 0xFF, 0xFF, 0xFF, 0xFC,
    0xF3, 0xFC, 0xFF, 0x3F, 0xCF, 0x00, 0x00, 0x0F, 0xFF, 0xFF, 0xFF, 0xC7, 0x01, 0xC0, 0x70, 0x1C,
    0x07, 0x01, 0xC0, 0x70, 0x1C, 0x07, 0x01, 0xC0, 0x70, 0x1C, 0x07, 0x01, 0xC0, 0x70, 0xFF, 0xFF,
    0xFF, 0xFC, 0x3F, 0xFC, 0x03, 0xFF, 0xE0, 0x3F, 0xFF, 0x83, 0x80, 0xF8, 0x38, 0x07, 0xC3, 0x80,
    0x3C, 0x38, 0x01, 0xE3, 0x80, 0x1E, 0x38, 0x01, 0xEF, 0xF8, 0x0E, 0xFF, 0x80, 0xEF, 0xF8, 0x0E,
    0x38, 0x01, 0xE3, 0x80, 0x1E, 0x38, 0x01, 0xE3, 0x80, 0x3C, 0x38, 0x07, 0xC3, 0x80, 0xF8, 0x3F,
    0xFF, 0x83, 0xFF, 0xF0, 0x3F, 0xFC, 0x00, 0x07, 0x9C, 0x03, 0xFF, 0x01, 0xFF, 0x80, 0x77, 0xE0,
    0x00, 0x00, 0x00, 0x00, 0x0F, 0x00, 0x3B, 0xC0, 0x0E, 0xF8, 0x03, 0xBF, 0x00, 0xEF, 0xC0, 0x3B,
    0xF8, 0x0E, 0xFF, 0x03, 0xBB, 0xE0, 0xEE, 0x78, 0x3B, 0x9F, 0x0E, 0xE3, 0xE3, 0xB8, 0x78, 0xEE,
    0x0F, 0x3B, 0x83, 0xEE, 0xE0, 0x7F, 0xB8, 0x0F, 0xEE, 0x03, 0xFB, 0x80, 0x7E, 0xE0, 0x0F, 0xB8,
    0x01, 0xEE, 0x00, 0x78, 0x00, 0x00, 0x00, 0x1C, 0x00, 0x03, 0xE0, 0x00, 0x3F, 0x80, 0x00, 0xF8,
    0x00, 0x01, 0x80, 0x00, 0x00, 0x00, 0x3F, 0xC0, 0x0F, 0xFF, 0x01, 0xFF, 0xF8, 0x3F, 0x0F, 0xC7,
    0xC0, 0x3E, 0x78, 0x01, 0xEF, 0x00, 0x0F, 0xF0, 0x00, 0xFF, 0x00, 0x0F, 0xE0, 0x00, 0x7E, 0x00,
    0x07, 0xE0, 0x00, 0x7F, 0x00, 0x0F, 0xF0, 0x00, 0xFF, 0x00, 0x0F, 0x78, 0x01, 0xE7, 0xC0, 0x3E,
    0x3F, 0x0F, 0xC1, 0xFF, 0xF8, 0x0F, 0xFF, 0x00, 0x3F, 0xC0, 0x00, 0x00, 0x00, 0x01, 0x80, 0x00,
    0x7C, 0x00, 0x1F, 0xC0, 0x01, 0xF0, 0x00, 0x18, 0x00, 0x00, 0x00, 0x00, 0x3F, 0xC0, 0x0F, 0xFF,
    0x01, 0xFF, 0xF8, 0x3F, 0x0F, 0xC7, 0xC0, 0x3E, 0x78, 0x01, 0xEF, 0x00, 0x0F, 0xF0, 0x00, 0xFF,
    0x00, 0x0F, 0xE0, 0x00, 0x7E, 0x00, 0x07, 0xE0, 0x00, 0x7F, 0x00, 0x0F, 0xF0, 0x00, 0xFF, 0x00,
    0x0F, 0x78, 0x01, 0xE7, 0xC0, 0x3E, 0x3F, 0x0F, 0xC1, 0xFF, 0xF8, 0x0F, 0xFF, 0x00, 0x3F, 0xC0,
    0x00, 0xF0, 0x00, 0x1F, 0x80, 0x07, 0xFE, 0x00, 0x71, 0xE0, 0x00, 0x04, 0x00, 0x00, 0x00, 0x03,
    0xFC, 0x00, 0xFF, 0xF0, 0x1F, 0xFF, 0x83, 0xF0, 0xFC, 0x7C, 0x03, 0xE7, 0x80, 0x1E, 0xF0, 0x00,
    0xFF, 0x00, 0x0F, 0xF0, 0x00, 0xFE, 0x00, 0x07, 0xE0, 0x00, 0x7E, 0x00, 0x07, 0xF0, 0x00, 0xFF,
    0x00, 0x0F, 0xF0, 0x00, 0xF7, 0x80, 0x1E, 0x7C, 0x03, 0xE3, 0xF0, 0xFC, 0x1F, 0xFF, 0x80, 0xFF,
    0xF0, 0x03, 0xFC, 0x00, 0x03, 0xC7, 0x00, 0x7F, 0xE0, 0x07, 0xFE, 0x00, 0xF7, 0xC0, 0x00, 0x00,
    0x00, 0x00, 0x00, 0x03, 0xFC, 0x00, 0xFF, 0xF0, 0x1F, 0xFF, 0x83, 0xF0, 0xFC, 0x7C, 0x03, 0xE7,
    0x80, 0x1E, 0xF0, 0x00, 0xFF, 0x00, 0x0F, 0xF0, 0x00, 0xFE, 0x00, 0x07, 0xE0, 0x00, 0x7E, 0x00,
    0x07, 0xF0, 0x00, 0xFF, 0x00, 0x0F, 0xF0, 0x00, 0xF7, 0x80, 0x1E, 0x7C, 0x03, 0xE3, 0xF0, 0xFC,
    0x1F, 0xFF, 0x80, 0xFF, 0xF0, 0x03, 0xFC, 0x00, 0x07, 0x9E, 0x00, 0x79, 0xE0, 0x07, 0x9E, 0x00,
    0x79, 0xE0, 0x00, 0x00, 0x00, 0x00, 0x00, 0x03, 0xFC, 0x00, 0xFF, 0xF0, 0x1F, 0xFF, 0x83, 0xF0,
    0xFC, 0x7C, 0x03, 0xE7, 0x80, 0x1E, 0xF0, 0x00, 0xFF, 0x00, 0x0F, 0xF0, 0x00, 0xFE, 0x00, 0x07,
    0xE0, 0x00, 0x7E, 0x00, 0x07, 0xF0, 0x00, 0xFF, 0x00, 0x0F, 0xF0, 0x00, 0xF7, 0x80, 0x1E, 0x7C,
    0x03, 0xE3, 0xF0, 0xFC, 0x1F, 0xFF, 0x80, 0xFF, 0xF0, 0x03, 0xFC, 0x00, 0x40, 0x27, 0x03, 0xBC,
    0x3C, 0xF3, 0xC3, 0xFE, 0x0F, 0xE0, 0x3E, 0x03, 0xF0, 0x3F, 0xC3, 0xEF, 0x3E, 0x3D, 0xE0, 0xE6,
    0x02, 0x00, 0x00, 0x00, 0x60, 0x3F, 0xCF, 0x0F, 0xFF, 0xE1, 0xFF, 0xFC, 0x3F, 0x0F, 0xC7, 0xC0,
    0x7E, 0x78, 0x0F, 0xEF, 0x01, 0xEF, 0xF0, 0x3C, 0xFF, 0x03, 0xCF, 0xE0, 0x78, 0x7E, 0x0F, 0x07,
    0xE1, 0xE0, 0x7F, 0x3C, 0x0F, 0xF3, 0xC0, 0xFF, 0x78, 0x0F, 0x7F, 0x01, 0xE7, 0xE0, 0x3E, 0x3F,
    0x0F, 0xC3, 0xFF, 0xF8, 0x7F, 0xFF, 0x0F, 0x3F, 0xC0, 0x60, 0x00, 0x00, 0x00, 0x00, 0x04, 0x00,
    0x03, 0x80, 0x03, 0xF0, 0x01, 0xFC, 0x00, 0x1E, 0x00, 0x02, 0x00, 0x00, 0x01, 0xC0, 0x0E, 0xE0,
    0x07, 0x70, 0x03, 0xB8, 0x01, 0xDC, 0x00, 0xEE, 0x00, 0x77, 0x00, 0x3B, 0x80, 0x1D, 0xC0, 0x0E,
    0xE0, 0x07, 0x70, 0x03, 0xB8, 0x01, 0xDC, 0x00, 0xEE, 0x00, 0x77, 0x80, 0x7B, 0xC0, 0x3D, 0xF0,
    0x3E, 0x7C, 0x3E, 0x1F, 0xFE, 0x07, 0xFE, 0x01, 0xFE, 0x00, 0x00, 0x20, 0x00, 0x70, 0x00, 0x7C,
    0x00, 0xFE, 0x00, 0x78, 0x00, 0x10, 0x00, 0x00, 0x01, 0xC0, 0x0E, 0xE0, 0x07, 0x70, 0x03, 0xB8,
    0x01, 0xDC, 0x00, 0xEE, 0x00, 0x77, 0x00, 0x3B, 0x80, 0x1D, 0xC0, 0x0E, 0xE0, 0x07, 0x70, 0x03,
    0xB8, 0x01, 0xDC, 0x00, 0xEE, 0x00, 0x77, 0x80, 0x7B, 0xC0, 0x3D, 0xF0, 0x3E, 0x7C, 0x3E, 0x1F,
    0xFE, 0x07, 0xFE, 0x01, 0xFE, 0x00, 0x03, 0xC0, 0x03, 0xF0, 0x03, 0xFC, 0x03, 0xCF, 0x00, 0x81,
    0x00, 0x00, 0x03, 0x80, 0x1D, 0xC0, 0x0E, 0xE0, 0x07, 0x70, 0x03, 0xB8, 0x01, 0xDC, 0x00, 0xEE,
    0x00, 0x77, 0x00, 0x3B, 0x80, 0x1D, 0xC0, 0x0E, 0xE0, 0x07, 0x70, 0x03, 0xB8, 0x01, 0xDC, 0x00,
    0xEF, 0x00, 0xF7, 0x80, 0x7B, 0xE0, 0x7C, 0xF8, 0x7C, 0x3F, 0xFC, 0x0F, 0xFC, 0x03, 0xFC, 0x00,
    0x1E, 0x78, 0x0F, 0x3C, 0x07, 0x9E, 0x03, 0xCF, 0x00, 0x00, 0x00, 0x00, 0x03, 0x80, 0x1D, 0xC0,
    0x0E, 0xE0, 0x07, 0x70, 0x03, 0xB8, 0x01, 0xDC, 0x00, 0xEE, 0x00, 0x77, 0x00, 0x3B, 0x80, 0x1D,
    0xC0, 0x0E, 0xE0, 0x07, 0x70, 0x03, 0xB8, 0x01, 0xDC, 0x00, 0xEF, 0x00, 0xF7, 0x80, 0x7B, 0xE0,
    0x7C, 0xF8, 0x7C, 0x3F, 0xFC, 0x0F, 0xFC, 0x03, 0xFC, 0x00, 0x00, 0x08, 0x00, 0x03, 0xC0, 0x00,
    0x7C, 0x00, 0x1F, 0xC0, 0x01, 0xF0, 0x00, 0x08, 0x00, 0x00, 0x00, 0x07, 0xC0, 0x1F, 0x3C, 0x01,
    0xE3, 0xE0, 0x3C, 0x1F, 0x07, 0xC0, 0xF0, 0x78, 0x0F, 0x8F, 0x00, 0x7D, 0xF0, 0x03, 0xDE, 0x00,
    0x3F, 0xC0, 0x01, 0xFC, 0x00, 0x0F, 0x80, 0x00, 0xF8, 0x00, 0x07, 0x00, 0x00, 0x70, 0x00, 0x07,
    0x00, 0x00, 0x70, 0x00, 0x07, 0x00, 0x00, 0x70, 0x00, 0x07, 0x00, 0x00, 0x70, 0x00, 0x07, 0x00,
    0xE0, 0x01, 0xC0, 0x03, 0x80, 0x07, 0x00, 0x0F, 0xFE, 0x1F, 0xFE, 0x3F, 0xFE, 0x70, 0x3E, 0xE0,
    0x3D, 0xC0, 0x3B, 0x80, 0x77, 0x01, 0xEE, 0x03, 0xDC, 0x0F, 0xBF, 0xFE, 0x7F, 0xF8, 0xFF, 0xE1,
    0xC0, 0x03, 0x80, 0x07, 0x00, 0x0E, 0x00, 0x00, 0x03, 0xF8, 0x03, 0xFE, 0x03, 0xFF, 0x83, 0xE3,
    0xC1, 0xE0, 0xE0, 0xF0, 0x70, 0x70, 0x79, 0xF8, 0x78, 0xFC, 0x78, 0x7E, 0x3E, 0x07, 0x1F, 0x83,
    0x83, 0xE1, 0xC0, 0xF8, 0xE0, 0x3C, 0x70, 0x1E, 0x38, 0x07, 0x1C, 0x03, 0x8E, 0x03, 0xC7, 0x33,
    0xE3, 0xBF, 0xE1, 0xDF, 0xF0, 0xE3, 0xE0, 0x00, 0x00, 0x07, 0x00, 0x0F, 0x80, 0x0F, 0xC0, 0x03,
    0xE0, 0x00, 0xC0, 0x00, 0x00, 0x00, 0x00, 0x0F, 0xCE, 0x3F, 0xFE, 0x7F, 0xFE, 0x7C, 0x7E, 0xF8,
    0x3E, 0xF0, 0x1E, 0xF0, 0x1E, 0xE0, 0x0E, 0xE0, 0x0E, 0xF0, 0x1E, 0xF0, 0x1E, 0xF8, 0x3E, 0x7C,
    0x7E, 0x7F, 0xFE, 0x3F, 0xEE, 0x0F, 0xCE, 0x00, 0x00, 0x00, 0xC0, 0x01, 0xE0, 0x07, 0xE0, 0x07,
    0x80, 0x06, 0x00, 0x00, 0x00, 0x00, 0x00, 0x0F, 0xCE, 0x3F, 0xFE, 0x7F, 0xFE, 0x7C, 0x7E, 0xF8,
    0x3E, 0xF0, 0x1E, 0xF0, 0x1E, 0xE0, 0x0E, 0xE0, 0x0E, 0xF0, 0x1E, 0xF0, 0x1E, 0xF8, 0x3E, 0x7C,
    0x7E, 0x7F, 0xFE, 0x3F, 0xEE, 0x0F, 0xCE, 0x03, 0xC0, 0x07, 0xE0, 0x0F, 0xF0, 0x1E, 0x78, 0x0C,
    0x30, 0x00, 0x00, 0x00, 0x00, 0x0F, 0xCE, 0x3F, 0xFE, 0x7F, 0xFE, 0x7C, 0x7E, 0xF8, 0x3E, 0xF0,
    0x1E, 0xF0, 0x1E, 0xE0, 0x0E, 0xE0, 0x0E, 0xF0, 0x1E, 0xF0, 0x1E, 0xF8, 0x3E, 0x7C, 0x7E, 0x7F,
    0xFE, 0x3F, 0xEE, 0x0F, 0xCE, 0x02, 0x00, 0x0F, 0xB8, 0x1F, 0xF8, 0x1D, 0xF0, 0x00, 0x40, 0x00,
    0x00, 0x00, 0x00, 0x0F, 0xCE, 0x3F, 0xFE, 0x7F, 0xFE, 0x7C, 0x7E, 0xF8, 0x3E, 0xF0, 0x1E, 0xF0,
    0x1E, 0xE0, 0x0E, 0xE0, 0x0E, 0xF0, 0x1E, 0xF0, 0x1E, 0xF8, 0x3E, 0x7C, 0x7E, 0x7F, 0xFE, 0x3F,
    0xEE, 0x0F, 0xCE, 0x1E, 0x78, 0x1E, 0x78, 0x1E, 0x78, 0x1E, 0x78, 0x00, 0x00, 0x00, 0x00, 0x00,
    0x00, 0x0F, 0xCE, 0x3F, 0xFE, 0x7F, 0xFE, 0x7C, 0x7E, 0xF8, 0x3E, 0xF0, 0x1E, 0xF0, 0x1E, 0xE0,
    0x0E, 0xE0, 0x0E, 0xF0, 0x1E, 0xF0, 0x1E, 0xF8, 0x3E, 0x7C, 0x7E, 0x7F, 0xFE, 0x3F, 0xFE, 0x0F,
    0xCE, 0x03, 0xC0, 0x07, 0xE0, 0x07, 0xE0, 0x06, 0x60, 0x07, 0xE0, 0x07, 0xE0, 0x03, 0xC0, 0x00,
    0x00, 0x00, 0x00, 0x0F, 0xCE, 0x3F, 0xFE, 0x7F, 0xFE, 0x7C, 0x7E, 0xF8, 0x3E, 0xF0, 0x1E, 0xF0,
    0x1E, 0xE0, 0x0E, 0xE0, 0x0E, 0xF0, 0x1E, 0xF0, 0x1E, 0xF8, 0x3E, 0x7C, 0x7E, 0x7F, 0xFE, 0x3F,
    0xEE, 0x0F, 0xCE, 0x1F, 0xE3, 0xF8, 0x7F, 0xFF, 0xFC, 0xFF, 0xFF, 0xFE, 0xF8, 0xFF, 0x1E, 0x20,
    0x7C, 0x0F, 0x00, 0x3C, 0x07, 0x3F, 0xFF, 0xFF, 0x7F, 0xFF, 0xFF, 0xFF, 0xFF, 0xFF, 0xF8, 0x3C,
    0x00, 0xF0, 0x3C, 0x00, 0xE0, 0x7E, 0x02, 0xF1, 0xFF, 0x0E, 0xFF, 0xFF, 0xFF, 0x7F, 0xCF, 0xFE,
    0x3F, 0x83, 0xFC, 0x0F, 0xF0, 0x3F, 0xF0, 0xFF, 0xF3, 0xE1, 0xFF, 0x80, 0xDE, 0x00, 0x3C, 0x00,
    0x70, 0x00, 0xE0, 0x01, 0xE0, 0x03, 0xC0, 0x07, 0xC0, 0x67, 0xC3, 0xE7, 0xFF, 0x87, 0xFE, 0x07,
    0xF8, 0x03, 0x00, 0x0F, 0x80, 0x1F, 0x80, 0x07, 0x00, 0x3E, 0x01, 0xFC, 0x01, 0xE0, 0x00, 0x00,
    0x00, 0x0E, 0x00, 0x3E, 0x00, 0x7E, 0x00, 0x3E, 0x00, 0x18, 0x00, 0x00, 0x00, 0x00, 0x0F, 0xE0,
    0x3F, 0xF0, 0xFF, 0xF3, 0xE1, 0xEF, 0x01, 0xFE, 0x01, 0xFF, 0xFF, 0xFF, 0xFF, 0xFF, 0xFF, 0xE0,
    0x03, 0xC0, 0x07, 0xC0, 0x47, 0xE3, 0xC7, 0xFF, 0xC7, 0xFF, 0x07, 0xF8, 0x00, 0x00, 0x01, 0x80,
    0x07, 0x80, 0x3F, 0x00, 0x78, 0x00, 0xC0, 0x00, 0x00, 0x00, 0x00, 0x0F, 0xE0, 0x3F, 0xF0, 0xFF,
    0xF3, 0xE1, 0xEF, 0x01, 0xFE, 0x01, 0xFF, 0xFF, 0xFF, 0xFF, 0xFF, 0xFF, 0xE0, 0x03, 0xC0, 0x07,
    0xC0, 0x47, 0xE3, 0xC7, 0xFF, 0xC7, 0xFF, 0x07, 0xF8, 0x03, 0xC0, 0x0F, 0xC0, 0x3F, 0xC0, 0xF3,
    0xC0, 0xC3, 0x00, 0x00, 0x00, 0x00, 0x07, 0xF0, 0x1F, 0xF8, 0x7F, 0xF9, 0xF0, 0xF7, 0x80, 0xFF,
    0x00, 0xFF, 0xFF, 0xFF, 0xFF, 0xFF, 0xFF, 0xF0, 0x01, 0xE0, 0x03, 0xE0, 0x23, 0xF1, 0xE3, 0xFF,
    0xE3, 0xFF, 0x83, 0xFC, 0x00, 0x1E, 0x78, 0x3C, 0xF0, 0x79, 0xE0, 0xF3, 0xC0, 0x00, 0x00, 0x00,
    0x00, 0x00, 0x07, 0xF0, 0x1F, 0xF8, 0x7F, 0xF9, 0xF0, 0xF7, 0x80, 0xFF, 0x00, 0xFF, 0xFF, 0xFF,
    0xFF, 0xFF, 0xFF, 0xF0, 0x01, 0xE0, 0x03, 0xE0, 0x23, 0xF1, 0xE3, 0xFF, 0xE3, 0xFF, 0x83, 0xFC,
    0x00, 0x20, 0xF1, 0xF3, 0xF1, 0xE0, 0x80, 0x00, 0x1C, 0x38, 0x70, 0xE1, 0xC3, 0x87, 0x0E, 0x1C,
    0x38, 0x70, 0xE1, 0xC3, 0x87, 0x0E, 0x08, 0x38, 0xFB, 0xEF, 0x08, 0x00, 0x00, 0x38, 0x70, 0xE1,
    0xC3, 0x87, 0x0E, 0x1C, 0x38, 0x70, 0xE1, 0xC3, 0x87, 0x0E, 0x1C, 0x0E, 0x03, 0xE0, 0xFE, 0x3D,
    0xE6, 0x0C, 0x00, 0x00, 0x00, 0x70, 0x0E, 0x01, 0xC0, 0x38, 0x07, 0x00, 0xE0, 0x1C, 0x03, 0x80,
    0x70, 0x0E, 0x01, 0xC0, 0x38, 0x07, 0x00, 0xE0, 0x1C, 0x03, 0x80, 0xF3, 0xFC, 0xFF, 0x3F, 0xCF,
    0x00, 0x00, 0x00, 0x00, 0x70, 0x1C, 0x07, 0x01, 0xC0, 0x70, 0x1C, 0x07, 0x01, 0xC0, 0x70, 0x1C,
    0x07, 0x01, 0xC0, 0x70, 0x1C, 0x07, 0x01, 0xC0, 0x04, 0x00, 0x3C, 0x00, 0xF9, 0x83, 0xFE, 0x0F,
    0xF8, 0x7F, 0xC1, 0xE7, 0x83, 0xFE, 0x3F, 0xF9, 0xFF, 0xF7, 0xCF, 0xFE, 0x0F, 0xF0, 0x3F, 0xC0,
    0x7E, 0x01, 0xF8, 0x07, 0xF0, 0x1F, 0xC0, 0xFF, 0x83, 0xDF, 0x3E, 0x7F, 0xF8, 0xFF, 0xC0, 0xFC,
    0x00, 0x00, 0x00, 0x7F, 0xC1, 0xFF, 0x0E, 0xF8, 0x00, 0x80, 0x00, 0x00, 0x00, 0x39, 0xF8, 0xEF,
    0xF3, 0xFF, 0xEF, 0x8F, 0xBC, 0x1E, 0xF0, 0x3B, 0x80, 0xEE, 0x03, 0xB8, 0x0E, 0xE0, 0x3B, 0x80,
    0xEE, 0x03, 0xB8, 0x0E, 0xE0, 0x3B, 0x80, 0xEE, 0x03, 0x80, 0x00, 0x00, 0x07, 0x00, 0x0F, 0x80,
    0x0F, 0xC0, 0x03, 0xE0, 0x00, 0xC0, 0x00, 0x00, 0x00, 0x00, 0x0F, 0xF0, 0x1F, 0xF8, 0x3F, 0xFC,
    0x7C, 0x3E, 0xF8, 0x1F, 0xF0, 0x0F, 0xF0, 0x0F, 0xE0, 0x07, 0xE0, 0x07, 0xF0, 0x0F, 0xF0, 0x0F,
    0xF8, 0x1F, 0x7C, 0x3E, 0x3F, 0xFC, 0x1F, 0xF8, 0x0F, 0xF0, 0x00, 0x00, 0x00, 0xC0, 0x01, 0xE0,
    0x07, 0xE0, 0x07, 0x80, 0x06, 0x00, 0x00, 0x00, 0x00, 0x00, 0x0F, 0xF0, 0x1F, 0xF8, 0x3F, 0xFC,
    0x7C, 0x3E, 0xF8, 0x1F, 0xF0, 0x0F, 0xF0, 0x0F, 0xE0, 0x07, 0xE0, 0x07, 0xF0, 0x0F, 0xF0, 0x0F,
    0xF8, 0x1F, 0x7C, 0x3E, 0x3F, 0xFC, 0x1F, 0xF8, 0x0F, 0xF0, 0x03, 0xC0, 0x07, 0xE0, 0x0F, 0xF0,
    0x1E, 0x78, 0x0C, 0x38, 0x00, 0x00, 0x00, 0x00, 0x0F, 0xF0, 0x1F, 0xF8, 0x3F, 0xFC, 0x7C, 0x3E,
    0xF8, 0x1F, 0xF0, 0x0F, 0xF0, 0x0F, 0xE0, 0x07, 0xE0, 0x07, 0xF0, 0x0F, 0xF0, 0x0F, 0xF8, 0x1F,
    0x7C, 0x3E, 0x3F, 0xFC, 0x1F, 0xF8, 0x0F, 0xF0, 0x02, 0x00, 0x0F, 0xB8, 0x1F, 0xF8, 0x1D, 0xF0,
    0x00, 0x40, 0x00, 0x00, 0x00, 0x00, 0x0F, 0xF0, 0x1F, 0xF8, 0x3F, 0xFC, 0x7C, 0x3E, 0xF8, 0x1F,
    0xF0, 0x0F, 0xF0, 0x0F, 0xE0, 0x07, 0xE0, 0x07, 0xF0, 0x0F, 0xF0, 0x0F, 0xF8, 0x1F, 0x7C, 0x3E,
    0x3F, 0xFC, 0x1F, 0xF8, 0x0F, 0xF0, 0x1E, 0x78, 0x1E, 0x78, 0x1E, 0x78, 0x1E, 0x78, 0x00, 0x00,
    0x00, 0x00, 0x00, 0x00, 0x0F, 0xF0, 0x1F, 0xF8, 0x3F, 0xFC, 0x7C, 0x3E, 0xF8, 0x1F, 0xF0, 0x0F,
    0xF0, 0x0F, 0xE0, 0x07, 0xE0, 0x07, 0xF0, 0x0F, 0xF0, 0x0F, 0xF8, 0x1F, 0x7C, 0x3E, 0x3F, 0xFC,
    0x1F, 0xF8, 0x0F, 0xF0, 0x07, 0x80, 0x0F, 0x00, 0x1E, 0x00, 0x3C, 0x00, 0x00, 0x00, 0x00, 0x3F,
    0xFF, 0xFF, 0xFF, 0xFF, 0xFE, 0x00, 0x00, 0x00, 0x00, 0x3C, 0x00, 0x78, 0x00, 0xF0, 0x01, 0xE0,
    0x00, 0x00, 0x00, 0x0F, 0xF6, 0x1F, 0xFF, 0x3F, 0xFE, 0x7C, 0x3E, 0xF8, 0x7F, 0xF0, 0xFF, 0xF1,
    0xEF, 0xE3, 0xE7, 0xE3, 0xC7, 0xF7, 0x8F, 0xFF, 0x0F, 0xFE, 0x1F, 0x7C, 0x3E, 0x7F, 0xFC, 0xFF,
    0xF8, 0xFF, 0xF0, 0x60, 0x00, 0x0C, 0x00, 0x38, 0x01, 0xF0, 0x03, 0xE0, 0x07, 0x80, 0x04, 0x00,
    0x00, 0x00, 0x00, 0xE0, 0x3B, 0x80, 0xEE, 0x03, 0xB8, 0x0E, 0xE0, 0x3B, 0x80, 0xEE, 0x03, 0xB8,
    0x0E, 0xE0, 0x3B, 0x80, 0xEF, 0x07, 0xBC, 0x1E, 0xF8, 0xFB, 0xFF, 0xE7, 0xFB, 0x8F, 0xCE, 0x01,
    0x00, 0x0E, 0x00, 0x7C, 0x03, 0xE0, 0x0E, 0x00, 0x20, 0x00, 0x00, 0x00, 0x00, 0xE0, 0x3B, 0x80,
    0xEE, 0x03, 0xB8, 0x0E, 0xE0, 0x3B, 0x80, 0xEE, 0x03, 0xB8, 0x0E, 0xE0, 0x3B, 0x80, 0xEF, 0x07,
    0xBC, 0x1E, 0xF8, 0xFB, 0xFF, 0xE7, 0xFB, 0x8F, 0xCE, 0x0F, 0x80, 0x3E, 0x01, 0xFC, 0x0F, 0x78,
    0x10, 0x40, 0x00, 0x00, 0x00, 0x38, 0x0E, 0xE0, 0x3B, 0x80, 0xEE, 0x03, 0xB8, 0x0E, 0xE0, 0x3B,
    0x80, 0xEE, 0x03, 0xB8, 0x0E, 0xE0, 0x3B, 0xC1, 0xEF, 0x07, 0xBE, 0x3E, 0xFF, 0xF9, 0xFE, 0xE3,
    0xF3, 0x80, 0x3C, 0xF0, 0xF3, 0xC3, 0xCF, 0x0F, 0x3C, 0x00, 0x00, 0x00, 0x00, 0x00, 0x38, 0x0E,
    0xE0, 0x3B, 0x80, 0xEE, 0x03, 0xB8, 0x0E, 0xE0, 0x3B, 0x80, 0xEE, 0x03, 0xB8, 0x0E, 0xE0, 0x3B,
    0xC1, 0xEF, 0x07, 0xBE, 0x3E, 0xFF, 0xF9, 0xFF, 0xE3, 0xF3, 0x80, 0x00, 0x40, 0x00, 0x38, 0x00,
    0x1F, 0x00, 0x0F, 0x80, 0x03, 0x80, 0x00, 0xC0, 0x00, 0x00, 0x00, 0x00, 0x00, 0xF0, 0x07, 0x9E,
    0x01, 0xE7, 0x80, 0xF1, 0xF0, 0x3C, 0x3C, 0x0F, 0x0F, 0x87, 0x81, 0xE1, 0xE0, 0x78, 0xF0, 0x0F,
    0x3C, 0x03, 0xCF, 0x00, 0x7F, 0x80, 0x1F, 0xE0, 0x07, 0xF0, 0x00, 0xFC, 0x00, 0x3F, 0x00, 0x07,
    0x80, 0x01, 0xE0, 0x00, 0x70, 0x00, 0x3C, 0x00, 0x0F, 0x00, 0x07, 0x80, 0x01, 0xE0, 0x00, 0x70,
    0x00, 0xE0, 0x00, 0xE0, 0x00, 0xE0, 0x00, 0xE0, 0x00, 0xE0, 0x00, 0xE0, 0x00, 0xE0, 0x00, 0xE7,
    0xE0, 0xFF, 0xF8, 0xFF, 0xFC, 0xFC, 0x7C, 0xF8, 0x3E, 0xF0, 0x1E, 0xF0, 0x1E, 0xE0, 0x0E, 0xE0,
    0x0E, 0xF0, 0x1E, 0xF0, 0x1E, 0xF8, 0x3E, 0xFC, 0x7C, 0xFF, 0xFC, 0xFF, 0xF8, 0xE7, 0xE0, 0xE0,
    0x00, 0xE0, 0x00, 0xE0, 0x00, 0xE0, 0x00, 0xE0, 0x00, 0xE0, 0x00, 0x0F, 0x3C, 0x03, 0xCF, 0x00,
    0xF3, 0xC0, 0x3C, 0xF0, 0x00, 0x00, 0x00, 0x00, 0x00, 0x00, 0x03, 0xE0, 0x1F, 0x78, 0x07, 0x9F,
    0x01, 0xE3, 0xC0, 0xF0, 0xF0, 0x3C, 0x1E, 0x1E, 0x07, 0x87, 0x81, 0xF1, 0xE0, 0x3C, 0xF0, 0x0F,
    0xBC, 0x01, 0xEE, 0x00, 0x7F, 0x80, 0x1F, 0xE0, 0x03, 0xF0, 0x00, 0xFC, 0x00, 0x1E, 0x00, 0x07,
    0x80, 0x01, 0xE0, 0x00, 0xF0, 0x00, 0x3C, 0x00, 0x1E, 0x00, 0x07, 0x80, 0x01, 0xE0, 0x00, 0x07,
    0xFE, 0x00, 0x7F, 0xE0, 0x07, 0xFE, 0x00, 0x00, 0x00, 0x00, 0x00, 0x00, 0x0F, 0x00, 0x01, 0xF8,
    0x00, 0x1F, 0x80, 0x01, 0xF8, 0x00, 0x3F, 0xC0, 0x03, 0xFC, 0x00, 0x39, 0xE0, 0x07, 0x9E, 0x00,
    0x79, 0xE0, 0x0F, 0x0F, 0x00, 0xF0, 0xF0, 0x0F, 0x0F, 0x01, 0xE0, 0x78, 0x1F, 0xFF, 0x83, 0xFF,
    0xFC, 0x3F, 0xFF, 0xC3, 0xC0, 0x3C, 0x78, 0x01, 0xE7, 0x80, 0x1E, 0x78, 0x01, 0xEF, 0x00, 0x0F,
    0x0F, 0xF0, 0x0F, 0xF0, 0x0F, 0xF0, 0x00, 0x00, 0x00, 0x00, 0x00, 0x00, 0x0F, 0xCE, 0x3F, 0xEE,
    0x7F, 0xFE, 0x7C, 0x7E, 0xF8, 0x3E, 0xF0, 0x1E, 0xF0, 0x1E, 0xE0, 0x0E, 0xE0, 0x0E, 0xF0, 0x1E,
    0xF0, 0x1E, 0xF8, 0x3E, 0x7C, 0x7E, 0x7F, 0xFE, 0x3F, 0xEE, 0x0F, 0xCE, 0x07, 0x0E, 0x00, 0x7D,
    0xE0, 0x03, 0xFE, 0x00, 0x1F, 0xC0, 0x00, 0xF8, 0x00, 0x00, 0x00, 0x00, 0xF0, 0x00, 0x0F, 0x80,
    0x01, 0xF8, 0x00, 0x1F, 0xC0, 0x01, 0xFC, 0x00, 0x3F, 0xC0, 0x03, 0xDE, 0x00, 0x79, 0xE0, 0x07,
    0x9E, 0x00, 0x78, 0xF0, 0x0F, 0x0F, 0x00, 0xF0, 0xF8, 0x0E, 0x07, 0x81, 0xFF, 0xF8, 0x1F, 0xFF,
    0xC3, 0xFF, 0xFC, 0x3C, 0x03, 0xC3, 0xC0, 0x1E, 0x78, 0x01, 0xE7, 0x80, 0x1F, 0x78, 0x00, 0xF0,
    0x0C, 0x30, 0x1C, 0x38, 0x1E, 0x78, 0x0F, 0xF0, 0x0F, 0xF0, 0x07, 0xE0, 0x00, 0x00, 0x00, 0x00,
    0x0F, 0xCE, 0x3F, 0xFE, 0x7F, 0xFE, 0x7C, 0x7E, 0xF8, 0x3E, 0xF0, 0x1E, 0xF0, 0x1E, 0xE0, 0x0E,
    0xE0, 0x0E, 0xF0, 0x1E, 0xF0, 0x1E, 0xF8, 0x3E, 0x7C, 0x7E, 0x7F, 0xFE, 0x3F, 0xEE, 0x0F, 0xCE,
    0x00, 0xF8, 0x00, 0x07, 0xC0, 0x00, 0x7E, 0x00, 0x03, 0xF8, 0x00, 0x1F, 0xC0, 0x01, 0xEE, 0x00,
    0x0F, 0x78, 0x00, 0x73, 0xC0, 0x07, 0x8F, 0x00, 0x3C, 0x78, 0x03, 0xC3, 0xC0, 0x1E, 0x0F, 0x00,
    0xF0, 0x78, 0x0F, 0xFF, 0xE0, 0x7F, 0xFF, 0x03, 0xFF, 0xF8, 0x3C, 0x01, 0xE1, 0xE0, 0x0F, 0x1E,
    0x00, 0x7C, 0xF0, 0x01, 0xE7, 0x80, 0x0F, 0x00, 0x00, 0xF8, 0x00, 0x0F, 0x00, 0x00, 0x72, 0x00,
    0x03, 0xF8, 0x00, 0x1F, 0xC0, 0x00, 0x7C, 0x0F, 0xCE, 0x3F, 0xFE, 0x7F, 0xFE, 0x7C, 0x7E, 0xF8,
    0x3E, 0xF0, 0x1E, 0xF0, 0x1E, 0xE0, 0x0E, 0xE0, 0x0E, 0xF0, 0x1E, 0xF0, 0x1E, 0xF8, 0x3E, 0x7C,
    0x7E, 0x7F, 0xFE, 0x3F, 0xEE, 0x0F, 0xDE, 0x00, 0x3E, 0x00, 0x78, 0x00, 0x76, 0x00, 0x7F, 0x00,
    0x7F, 0x00, 0x3E, 0x00, 0x08, 0x00, 0x0E, 0x00, 0x07, 0xC0, 0x07, 0xF0, 0x01, 0xF0, 0x00, 0x60,
    0x00, 0x00, 0x00, 0x0F, 0xF0, 0x0F, 0xFF, 0x07, 0xFF, 0xE3, 0xF0, 0xF9, 0xF0, 0x1C, 0x78, 0x01,
    0x3C, 0x00, 0x0F, 0x00, 0x03, 0xC0, 0x00, 0xE0, 0x00, 0x38, 0x00, 0x0E, 0x00, 0x03, 0xC0, 0x00,
    0xF0, 0x00, 0x3C, 0x00, 0x07, 0x80, 0x01, 0xF0, 0x0C, 0x3F, 0x0F, 0x87, 0xFF, 0xE0, 0xFF, 0xF0,
    0x1F, 0xF0, 0x00, 0x00, 0x07, 0x00, 0x3E, 0x01, 0xF8, 0x0F, 0x80, 0x18, 0x00, 0x00, 0x00, 0x00,
    0x0F, 0xE0, 0xFF, 0xE3, 0xFF, 0xDF, 0x1F, 0xF8, 0x1B, 0xC0, 0x0F, 0x00, 0x38, 0x00, 0xE0, 0x03,
    0xC0, 0x0F, 0x00, 0x3E, 0x06, 0x7C, 0x3C, 0xFF, 0xF3, 0xFF, 0x83, 0xF8, 0x00, 0xF0, 0x00, 0xFE,
    0x00, 0x7F, 0xC0, 0x1C, 0x78, 0x00, 0x00, 0x00, 0x00, 0x00, 0x3F, 0xC0, 0x3F, 0xFC, 0x1F, 0xFF,
    0x8F, 0xC3, 0xE7, 0xC0, 0x71, 0xE0, 0x04, 0xF0, 0x00, 0x3C, 0x00, 0x0F, 0x00, 0x03, 0x80, 0x00,
    0xE0, 0x00, 0x38, 0x00, 0x0F, 0x00, 0x03, 0xC0, 0x00, 0xF0, 0x00, 0x1E, 0x00, 0x07, 0xC0, 0x30,
    0xFC, 0x3E, 0x1F, 0xFF, 0x83, 0xFF, 0xC0, 0x7F, 0xC0, 0x07, 0xC0, 0x1F, 0x80, 0xFF, 0x07, 0xBC,
    0x18, 0x30, 0x00, 0x00, 0x00, 0x03, 0xF8, 0x3F, 0xF8, 0xFF, 0xF7, 0xC7, 0xFE, 0x06, 0xF0, 0x03,
    0xC0, 0x0E, 0x00, 0x38, 0x00, 0xF0, 0x03, 0xC0, 0x0F, 0x81, 0x9F, 0x0F, 0x3F, 0xFC, 0xFF, 0xE0,
    0xFE, 0x00, 0x00, 0xF0, 0x00, 0x3C, 0x00, 0x0F, 0x00, 0x03, 0xC0, 0x00, 0x00, 0x00, 0x00, 0x00,
    0x3F, 0xC0, 0x3F, 0xFC, 0x1F, 0xFF, 0x8F, 0xC3, 0xF7, 0xC0, 0x39, 0xE0, 0x04, 0xF0, 0x00, 0x3C,
    0x00, 0x0F, 0x00, 0x03, 0x80, 0x00, 0xE0, 0x00, 0x38, 0x00, 0x0F, 0x00, 0x03, 0xC0, 0x00, 0xF0,
    0x00, 0x1E, 0x00, 0x07, 0xC0, 0x30, 0xFC, 0x3E, 0x1F, 0xFF, 0x83, 0xFF, 0xC0, 0x3F, 0xC0, 0x07,
    0x80, 0x1E, 0x00, 0x78, 0x01, 0xE0, 0x00, 0x00, 0x00, 0x00, 0x00, 0x03, 0xF8, 0x3F, 0xF1, 0xFF,
    0xE7, 0xC7, 0xBE, 0x0E, 0xF0, 0x03, 0xC0, 0x0E, 0x00, 0x38, 0x00, 0xF0, 0x03, 0xC0, 0x0F, 0x81,
    0x9F, 0x1E, 0x7F, 0xF8, 0xFF, 0xC0, 0xFE, 0x00, 0x07, 0x0C, 0x01, 0xFF, 0x80, 0x3F, 0x80, 0x07,
    0xC0, 0x00, 0x00, 0x00, 0x00, 0x00, 0x3F, 0xC0, 0x3F, 0xFC, 0x1F, 0xFF, 0x8F, 0xC3, 0xE7, 0xC0,
    0x71, 0xE0, 0x04, 0xF0, 0x00, 0x3C, 0x00, 0x0F, 0x00, 0x03, 0x80, 0x00, 0xE0, 0x00, 0x38, 0x00,
    0x0F, 0x00, 0x03, 0xC0, 0x00, 0xF0, 0x00, 0x1E, 0x00, 0x07, 0xC0, 0x30, 0xFC, 0x3E, 0x1F, 0xFF,
    0x83, 0xFF, 0xC0, 0x7F, 0xC0, 0x08, 0x30, 0x7B, 0xC0, 0xFE, 0x01, 0xF0, 0x03, 0x80, 0x00, 0x00,
    0x00, 0x03, 0xF8, 0x3F, 0xF8, 0xFF, 0xF7, 0xC7, 0xFE, 0x06, 0xF0, 0x03, 0xC0, 0x0E, 0x00, 0x38,
    0x00, 0xF0, 0x03, 0xC0, 0x0F, 0x81, 0x9F, 0x0F, 0x3F, 0xFC, 0xFF, 0xE0, 0xFE, 0x00, 0x1C, 0x30,
    0x07, 0xFE, 0x00, 0xFF, 0x00, 0x1F, 0x80, 0x03, 0xC0, 0x00, 0x00, 0x0F, 0xFF, 0x03, 0xFF, 0xE0,
    0xFF, 0xFE, 0x38, 0x0F, 0x8E, 0x01, 0xF3, 0x80, 0x3C, 0xE0, 0x07, 0xB8, 0x01, 0xEE, 0x00, 0x7B,
    0x80, 0x0E, 0xE0, 0x03, 0xB8, 0x00, 0xEE, 0x00, 0x7B, 0x80, 0x1E, 0xE0, 0x07, 0xB8, 0x03, 0xCE,
    0x01, 0xF3, 0x80, 0xF8, 0xFF, 0xFE, 0x3F, 0xFF, 0x0F, 0xFF, 0x00, 0x00, 0x0E, 0x78, 0x00, 0x73,
    0xC0, 0x03, 0x9E, 0x00, 0x1C, 0x70, 0x00, 0xE7, 0x00, 0x07, 0x30, 0x3F, 0x38, 0x07, 0xFF, 0xC0,
    0x7F, 0xFE, 0x03, 0xE3, 0xF0, 0x3E, 0x0F, 0x81, 0xE0, 0x3C, 0x0F, 0x01, 0xE0, 0x70, 0x07, 0x03,
    0x80, 0x38, 0x1E, 0x03, 0xC0, 0xF0, 0x1E, 0x07, 0xC1, 0xF0, 0x1F, 0x1F, 0x80, 0xFF, 0xFC, 0x03,
    0xFF, 0xE0, 0x07, 0xE7, 0x00, 0x3F, 0xFC, 0x03, 0xFF, 0xE0, 0x3F, 0xFF, 0x83, 0x80, 0xF8, 0x38,
    0x07, 0xC3, 0x80, 0x3C, 0x38, 0x01, 0xE3, 0x80, 0x1E, 0x38, 0x01, 0xEF, 0xF8, 0x0E, 0xFF, 0x80,
    0xEF, 0xF8, 0x0E, 0x38, 0x01, 0xE3, 0x80, 0x1E, 0x38, 0x01, 0xE3, 0x80, 0x3C, 0x38, 0x07, 0xC3,
    0x80, 0xF8, 0x3F, 0xFF, 0x83, 0xFF, 0xF0, 0x3F, 0xFC, 0x00, 0x00, 0x0E, 0x00, 0x03, 0x80, 0x07,
    0xFC, 0x01, 0xFF, 0x00, 0x7F, 0xC0, 0x03, 0x80, 0x00, 0xE0, 0x3F, 0x38, 0x3F, 0xFE, 0x1F, 0xFF,
    0x87, 0xC7, 0xE3, 0xE0, 0xF8, 0xF0, 0x1E, 0x3C, 0x07, 0x8E, 0x00, 0xE3, 0x80, 0x38, 0xF0, 0x1E,
    0x3C, 0x07, 0x8F, 0x83, 0xE1, 0xF1, 0xF8, 0x7F, 0xFE, 0x0F, 0xFF, 0x80, 0xFC, 0xE0, 0x3F, 0xE1,
    0xFF, 0x0F, 0xF8, 0x00, 0x00, 0x00, 0x7F, 0xFF, 0xFF, 0xFF, 0xFF, 0xE0, 0x07, 0x00, 0x38, 0x01,
    0xC0, 0x0E, 0x00, 0x70, 0x03, 0xFF, 0x9F, 0xFC, 0xFF, 0xE7, 0x00, 0x38, 0x01, 0xC0, 0x0E, 0x00,
    0x70, 0x03, 0x80, 0x1F, 0xFF, 0xFF, 0xFF, 0xFF, 0xC0, 0x0F, 0xF0, 0x1F, 0xE0, 0x3F, 0xC0, 0x00,
    0x00, 0x00, 0x00, 0x00, 0x03, 0xF8, 0x0F, 0xFC, 0x3F, 0xFC, 0xF8, 0x7B, 0xC0, 0x7F, 0x80, 0x7F,
    0xFF, 0xFF, 0xFF, 0xFF, 0xFF, 0xF8, 0x00, 0xF0, 0x01, 0xF0, 0x11, 0xF0, 0xF1, 0xFF, 0xE1, 0xFF,
    0xC1, 0xFE, 0x00, 0x38, 0x71, 0xEF, 0x8F, 0xF8, 0x3F, 0x80, 0xF8, 0x00, 0x03, 0xFF, 0xFF, 0xFF,
    0xFF, 0xFF, 0x00, 0x38, 0x01, 0xC0, 0x0E, 0x00, 0x70, 0x03, 0x80, 0x1F, 0xFE, 0xFF, 0xF7, 0xFF,
    0xB8, 0x01, 0xC0, 0x0E, 0x00, 0x70, 0x03, 0x80, 0x1C, 0x00, 0xFF, 0xFF, 0xFF, 0xFF, 0xFE, 0x0C,
    0x30, 0x38, 0x70, 0x79, 0xE0, 0x7F, 0x80, 0xFF, 0x00, 0xFC, 0x00, 0x00, 0x00, 0x00, 0x0F, 0xE0,
    0x3F, 0xF0, 0xFF, 0xF3, 0xE1, 0xEF, 0x01, 0xFE, 0x01, 0xFF, 0xFF, 0xFF, 0xFF, 0xFF, 0xFF, 0xE0,
    0x03, 0xC0, 0x07, 0xC0, 0x47, 0xE3, 0xC7, 0xFF, 0xC7, 0xFF, 0x07, 0xF8, 0x07, 0x80, 0x3C, 0x01,
    0xE0, 0x0F, 0x00, 0x00, 0x00, 0x03, 0xFF, 0xFF, 0xFF, 0xFF, 0xFF, 0x00, 0x38, 0x01, 0xC0, 0x0E,
    0x00, 0x70, 0x03, 0x80, 0x1F, 0xFE, 0xFF, 0xF7, 0xFF, 0xB8, 0x01, 0xC0, 0x0E, 0x00, 0x70, 0x03,
    0x80, 0x1C, 0x00, 0xFF, 0xFF, 0xFF, 0xFF, 0xFE, 0x03, 0xC0, 0x03, 0xC0, 0x03, 0xC0, 0x03, 0xC0,
    0x00, 0x00, 0x00, 0x00, 0x00, 0x00, 0x0F, 0xE0, 0x1F, 0xF8, 0x3F, 0xFC, 0x7C, 0x3C, 0xF0, 0x1E,
    0xF0, 0x0E, 0xFF, 0xFE, 0xFF, 0xFE, 0xFF, 0xFE, 0xF0, 0x00, 0xF0, 0x00, 0xF8, 0x08, 0x7E, 0x1C,
    0x3F, 0xFE, 0x1F, 0xFC, 0x0F, 0xF0, 0xFF, 0xFF, 0xFF, 0xFF, 0xFF, 0xC0, 0x0E, 0x00, 0x70, 0x03,
    0x80, 0x1C, 0x00, 0xE0, 0x07, 0xFF, 0xBF, 0xFD, 0xFF, 0xEE, 0x00, 0x70, 0x03, 0x80, 0x1C, 0x00,
    0xE0, 0x07, 0x00, 0x3F, 0xFF, 0xFF, 0xFF, 0xFF, 0x80, 0xF8, 0x0F, 0x00, 0x72, 0x03, 0xF8, 0x1F,
    0xC0, 0x7C, 0x0F, 0xE0, 0x3F, 0xF0, 0xFF, 0xF3, 0xE1, 0xEF, 0x01, 0xFE, 0x03, 0xFF, 0xFF, 0xFF,
    0xFF, 0xFF, 0xFF, 0xE0, 0x03, 0xC0, 0x07, 0xC0, 0x47, 0xE1, 0xC7, 0xFF, 0xC7, 0xFF, 0x07, 0xF8,
    0x01, 0xE0, 0x03, 0x80, 0x07, 0xA0, 0x0F, 0xE0, 0x1F, 0xC0, 0x1F, 0x00, 0x38, 0x71, 0xFF, 0x87,
    0xF8, 0x1F, 0x80, 0x78, 0x00, 0x03, 0xFF, 0xFF, 0xFF, 0xFF, 0xFF, 0x00, 0x38, 0x01, 0xC0, 0x0E,
    0x00, 0x70, 0x03, 0x80, 0x1F, 0xFE, 0xFF, 0xF7, 0xFF, 0xB8, 0x01, 0xC0, 0x0E, 0x00, 0x70, 0x03,
    0x80, 0x1C, 0x00, 0xFF, 0xFF, 0xFF, 0xFF, 0xFE, 0x0C, 0x30, 0x3C, 0xF0, 0x3F, 0xC0, 0x3F, 0x00,
    0x3C, 0x00, 0x00, 0x00, 0x00, 0x07, 0xF0, 0x1F, 0xF8, 0x7F, 0xF9, 0xF0, 0xF7, 0x80, 0xFF, 0x00,
    0xFF, 0xFF, 0xFF, 0xFF, 0xFF, 0xFF, 0xF0, 0x01, 0xE0, 0x03, 0xE0, 0x23, 0xF1, 0xE3, 0xFF, 0xE3,
    0xFF, 0x83, 0xFC, 0x00, 0x00, 0xF0, 0x00, 0x1F, 0x80, 0x03, 0xFE, 0x00, 0x70, 0xE0, 0x00, 0x00,
    0x00, 0x00, 0x00, 0x03, 0xFE, 0x00, 0xFF, 0xF0, 0x1F, 0xFF, 0xC3, 0xF0, 0xFC, 0x7C, 0x03, 0x87,
    0x80, 0x10, 0xF0, 0x00, 0x0F, 0x00, 0x00, 0xF0, 0x00, 0x0E, 0x00, 0x00, 0xE0, 0x3F, 0xEE, 0x03,
    0xFE, 0xF0, 0x3F, 0xEF, 0x00, 0x0E, 0xF8, 0x01, 0xE7, 0x80, 0x1E, 0x7C, 0x03, 0xC3, 0xF0, 0xFC,
    0x1F, 0xFF, 0x80, 0xFF, 0xF0, 0x03, 0xFC, 0x00, 0x03, 0xE0, 0x07, 0xF0, 0x0F, 0xF8, 0x0F, 0x78,
    0x0C, 0x18, 0x00, 0x00, 0x00, 0x00, 0x0F, 0xE7, 0x1F, 0xFF, 0x3F, 0xFF, 0x7C, 0x3F, 0xF8, 0x1F,
    0xF0, 0x0F, 0xF0, 0x0F, 0xE0, 0x07, 0xE0, 0x07, 0xF0, 0x0F, 0xF0, 0x0F, 0xF8, 0x1F, 0x7C, 0x3F,
    0x3F, 0xFF, 0x1F, 0xF7, 0x0F, 0xE7, 0x00, 0x0F, 0x00, 0x0F, 0x10, 0x1F, 0x3E, 0x7E, 0x3F, 0xFE,
    0x3F, 0xF8, 0x0F, 0xF0, 0x07, 0x0E, 0x00, 0x79, 0xE0, 0x03, 0xFC, 0x00, 0x1F, 0xC0, 0x00, 0xF0,
    0x00, 0x00, 0x00, 0x03, 0xFE, 0x00, 0xFF, 0xF0, 0x1F, 0xFF, 0xC3, 0xF0, 0xFC, 0x7C, 0x03, 0x87,
    0x80, 0x10, 0xF0, 0x00, 0x0F, 0x00, 0x00, 0xF0, 0x00, 0x0E, 0x00, 0x00, 0xE0, 0x3F, 0xEE, 0x03,
    0xFE, 0xF0, 0x3F, 0xEF, 0x00, 0x0E, 0xF8, 0x01, 0xE7, 0x80, 0x1E, 0x7C, 0x03, 0xC3, 0xF0, 0xFC,
    0x1F, 0xFF, 0x80, 0xFF, 0xF0, 0x03, 0xFC, 0x00, 0x0C, 0x10, 0x1E, 0x3C, 0x0E, 0x78, 0x0F, 0xF8,
    0x07, 0xF0, 0x03, 0xE0, 0x00, 0x00, 0x00, 0x00, 0x0F, 0xE7, 0x1F, 0xFF, 0x3F, 0xFF, 0x7C, 0x3F,
    0xF8, 0x1F, 0xF0, 0x0F, 0xF0, 0x0F, 0xE0, 0x07, 0xE0, 0x07, 0xF0, 0x0F, 0xF0, 0x0F, 0xF8, 0x1F,
    0x7C, 0x3F, 0x3F, 0xFF, 0x1F, 0xF7, 0x0F, 0xE7, 0x00, 0x0F, 0x00, 0x0F, 0x10, 0x1F, 0x3E, 0x7E,
    0x3F, 0xFE, 0x3F, 0xF8, 0x0F, 0xF0, 0x00, 0xF0, 0x00, 0x0F, 0x00, 0x00, 0xF0, 0x00, 0x0F, 0x00,
    0x00, 0x00, 0x00, 0x00, 0x00, 0x03, 0xFE, 0x00, 0xFF, 0xF0, 0x1F, 0xFF, 0xC3, 0xF0, 0xFC, 0x7C,
    0x03, 0x87, 0x80, 0x10, 0xF0, 0x00, 0x0F, 0x00, 0x00, 0xF0, 0x00, 0x0E, 0x00, 0x00, 0xE0, 0x3F,
    0xEE, 0x03, 0xFE, 0xF0, 0x3F, 0xEF, 0x00, 0x0E, 0xF8, 0x01, 0xE7, 0x80, 0x1E, 0x7C, 0x03, 0xC3,
    0xF0, 0xFC, 0x1F, 0xFF, 0x80, 0xFF, 0xF0, 0x03, 0xFC, 0x00, 0x03, 0xC0, 0x03, 0xC0, 0x03, 0xC0,
    0x03, 0xC0, 0x00, 0x00, 0x00, 0x00, 0x00, 0x00, 0x0F, 0xCE, 0x3F, 0xFE, 0x7F, 0xFE, 0x7C, 0x7E,
    0xF8, 0x3E, 0xF0, 0x1E, 0xF0, 0x1E, 0xE0, 0x0E, 0xE0, 0x0E, 0xF0, 0x1E, 0xF0, 0x1E, 0xF8, 0x3E,
    0x7C, 0x7E, 0x7F, 0xFE, 0x3F, 0xFE, 0x0F, 0xCE, 0x00, 0x0E, 0x00, 0x1E, 0x10, 0x1E, 0x3C, 0x7C,
    0x3F, 0xFC, 0x3F, 0xF8, 0x0F, 0xE0, 0x03, 0xFE, 0x00, 0xFF, 0xF0, 0x1F, 0xFF, 0xC3, 0xF0, 0xFC,
    0x7C, 0x03, 0x87, 0x80, 0x10, 0xF0, 0x00, 0x0F, 0x00, 0x00, 0xF0, 0x00, 0x0E, 0x00, 0x00, 0xE0,
    0x3F, 0xEE, 0x03, 0xFE, 0xF0, 0x3F, 0xEF, 0x00, 0x0E, 0xF8, 0x01, 0xE7, 0x80, 0x1E, 0x7C, 0x03,
    0xC3, 0xF0, 0xFC, 0x1F, 0xFF, 0x80, 0xFF, 0xF0, 0x03, 0xFC, 0x00, 0x00, 0x00, 0x00, 0xF0, 0x00,
    0x0F, 0x00, 0x00, 0xF0, 0x00, 0x07, 0x00, 0x00, 0xE0, 0x00, 0x0C, 0x00, 0x00, 0x40, 0x01, 0xC0,
    0x03, 0xC0, 0x03, 0x80, 0x03, 0xC0, 0x03, 0xC0, 0x01, 0xC0, 0x00, 0x00, 0x00, 0x00, 0x0F, 0xE7,
    0x1F, 0xFF, 0x3F, 0xFF, 0x7C, 0x3F, 0xF8, 0x1F, 0xF0, 0x0F, 0xF0, 0x0F, 0xE0, 0x07, 0xE0, 0x07,
    0xF0, 0x0F, 0xF0, 0x0F, 0xF8, 0x1F, 0x7C, 0x3F, 0x3F, 0xFF, 0x1F, 0xF7, 0x0F, 0xE7, 0x00, 0x0F,
    0x00, 0x0F, 0x10, 0x1F, 0x3E, 0x7E, 0x3F, 0xFE, 0x3F, 0xF8, 0x0F, 0xF0, 0x03, 0xC0, 0x03, 0xF0,
    0x03, 0xFC, 0x03, 0xCF, 0x00, 0x81, 0x00, 0x00, 0x03, 0x80, 0x1D, 0xC0, 0x0E, 0xE0, 0x07, 0x70,
    0x03, 0xB8, 0x01, 0xDC, 0x00, 0xEE, 0x00, 0x77, 0x00, 0x3B, 0x80, 0x1D, 0xFF, 0xFE, 0xFF, 0xFF,
    0x7F, 0xFF, 0xB8, 0x01, 0xDC, 0x00, 0xEE, 0x00, 0x77, 0x00, 0x3B, 0x80, 0x1D, 0xC0, 0x0E, 0xE0,
    0x07, 0x70, 0x03, 0xB8, 0x01, 0xC0, 0x0F, 0x80, 0x7F, 0x03, 0xFE, 0x0F, 0x78, 0x10, 0x40, 0x00,
    0x0E, 0x00, 0x38, 0x00, 0xE0, 0x03, 0x80, 0x0E, 0x00, 0x38, 0x00, 0xE7, 0xE3, 0xBF, 0xCF, 0xFF,
    0xBE, 0x3E, 0xF0, 0x7B, 0xC0, 0xEE, 0x03, 0xB8, 0x0E, 0xE0, 0x3B, 0x80, 0xEE, 0x03, 0xB8, 0x0E,
    0xE0, 0x3B, 0x80, 0xEE, 0x03, 0xB8, 0x0E, 0x1C, 0x00, 0xE0, 0x70, 0x03, 0x81, 0xC0, 0x0E, 0x07,
    0x00, 0x38, 0xFF, 0xFF, 0xFF, 0xFF, 0xFF, 0xFF, 0xFF, 0xFF, 0xC7, 0x00, 0x38, 0x1C, 0x00, 0xE0,
    0x7F, 0xFF, 0x81, 0xFF, 0xFE, 0x07, 0xFF, 0xF8, 0x1C, 0x00, 0xE0, 0x70, 0x03, 0x81, 0xC0, 0x0E,
    0x07, 0x00, 0x38, 0x1C, 0x00, 0xE0, 0x70, 0x03, 0x81, 0xC0, 0x0E, 0x07, 0x00, 0x38, 0x1C, 0x00,
    0xE0, 0x38, 0x00, 0xFF, 0x00, 0xFF, 0x00, 0xFF, 0x00, 0x38, 0x00, 0x38, 0x00, 0x39, 0xF8, 0x3B,
    0xFC, 0x3F, 0xFE, 0x3E, 0x3E, 0x3C, 0x1E, 0x3C, 0x0E, 0x38, 0x0E, 0x38, 0x0E, 0x38, 0x0E, 0x38,
    0x0E, 0x38, 0x0E, 0x38, 0x0E, 0x38, 0x0E, 0x38, 0x0E, 0x38, 0x0E, 0x38, 0x0E, 0x79, 0xFF, 0xFF,
    0xFF, 0x7E, 0x00, 0x00, 0x0F, 0xFF, 0xFF, 0xFF, 0xC7, 0x01, 0xC0, 0x70, 0x1C, 0x07, 0x01, 0xC0,
    0x70, 0x1C, 0x07, 0x01, 0xC0, 0x70, 0x1C, 0x07, 0x01, 0xC0, 0x70, 0xFF, 0xFF, 0xFF, 0xFC, 0x00,
    0x3F, 0xFF, 0xFF, 0xE0, 0x00, 0x00, 0x00, 0x38, 0x1C, 0x0E, 0x07, 0x03, 0x81, 0xC0, 0xE0, 0x70,
    0x38, 0x1C, 0x0E, 0x07, 0x03, 0x81, 0xC0, 0xE0, 0x70, 0xFF, 0xFF, 0xFF, 0xFC, 0x00, 0x00, 0x3F,
    0xFF, 0xFF, 0xFF, 0x1C, 0x07, 0x01, 0xC0, 0x70, 0x1C, 0x07, 0x01, 0xC0, 0x70, 0x1C, 0x07, 0x01,
    0xC0, 0x70, 0x1C, 0x07, 0x01, 0xC3, 0xFF, 0xFF, 0xFF, 0xF0, 0xFF, 0xFF, 0xFF, 0x00, 0x00, 0x00,
    0x1C, 0x1C, 0x1C, 0x1C, 0x1C, 0x1C, 0x1C, 0x1C, 0x1C, 0x1C, 0x1C, 0x1C, 0x1C, 0x1C, 0x1C, 0x1C,
    0xE1, 0xFD, 0xF7, 0xF9, 0xFE, 0x1E, 0x00, 0x0F, 0xFF, 0xFF, 0xFF, 0xC7, 0x01, 0xC0, 0x70, 0x1C,
    0x07, 0x01, 0xC0, 0x70, 0x1C, 0x07, 0x01, 0xC0, 0x70, 0x1C, 0x07, 0x01, 0xC0, 0x70, 0xFF, 0xFF,
    0xFF, 0xFC, 0x60, 0xCE, 0x39, 0xEF, 0x3F, 0xE3, 0xF8, 0x3E, 0x00, 0x00, 0x70, 0x0E, 0x01, 0xC0,
    0x38, 0x07, 0x00, 0xE0, 0x1C, 0x03, 0x80, 0x70, 0x0E, 0x01, 0xC0, 0x38, 0x07, 0x00, 0xE0, 0x1C,
    0x03, 0x80, 0xFF, 0xFF, 0xFF, 0xFC, 0x70, 0x1C, 0x07, 0x01, 0xC0, 0x70, 0x1C, 0x07, 0x01, 0xC0,
    0x70, 0x1C, 0x07, 0x01, 0xC0, 0x70, 0x1C, 0x07, 0x0F, 0xFF, 0xFF, 0xFF, 0xCF, 0x83, 0xC0, 0xE8,
    0x3F, 0x8F, 0xC1, 0xF0, 0x3C, 0x78, 0xF1, 0xE0, 0x00, 0x00, 0x0E, 0x1C, 0x38, 0x70, 0xE1, 0xC3,
    0x87, 0x0E, 0x1C, 0x38, 0x70, 0xE1, 0xC3, 0x8F, 0x3E, 0xF1, 0xC3, 0xF7, 0xE7, 0x80, 0x1E, 0x07,
    0x81, 0xE0, 0x78, 0x00, 0x00, 0x0F, 0xFF, 0xFF, 0xFF, 0xC7, 0x01, 0xC0, 0x70, 0x1C, 0x07, 0x01,
    0xC0, 0x70, 0x1C, 0x07, 0x01, 0xC0, 0x70, 0x1C, 0x07, 0x01, 0xC0, 0x70, 0xFF, 0xFF, 0xFF, 0xFC,
    0xEE, 0xEE, 0xEE, 0xEE, 0xEE, 0xEE, 0xEE, 0xEE, 0xFF, 0xC0, 0x1F, 0xFF, 0xFE, 0x00, 0xFF, 0xFF,
    0xF0, 0x07, 0xFE, 0x38, 0x00, 0x03, 0x81, 0xC0, 0x00, 0x1C, 0x0E, 0x00, 0x00, 0xE0, 0x70, 0x00,
    0x07, 0x03, 0x80, 0x00, 0x38, 0x1C, 0x00, 0x01, 0xC0, 0xE0, 0x00, 0x0E, 0x07, 0x00, 0x00, 0x70,
    0x38, 0x00, 0x03, 0x81, 0xC0, 0x00, 0x1C, 0x0E, 0x00, 0x00, 0xE0, 0x70, 0x00, 0x07, 0x03, 0x80,
    0x20, 0x78, 0x1C, 0x03, 0x83, 0xC0, 0xE0, 0x3E, 0x3E, 0x3F, 0xF0, 0xFF, 0xE1, 0xFF, 0x87, 0xFE,
    0x0F, 0xFC, 0x0F, 0xE0, 0x00, 0xF0, 0xFF, 0x0F, 0xF0, 0xFF, 0x0F, 0x00, 0x00, 0x00, 0x00, 0x07,
    0x07, 0x70, 0x77, 0x07, 0x70, 0x77, 0x07, 0x70, 0x77, 0x07, 0x70, 0x77, 0x07, 0x70, 0x77, 0x07,
    0x70, 0x77, 0x07, 0x70, 0x77, 0x07, 0x70, 0x70, 0x07, 0x00, 0xF0, 0x0F, 0x07, 0xF0, 0x7E, 0x03,
    0xC0, 0x00, 0x78, 0x00, 0xFE, 0x01, 0xFF, 0x01, 0xC7, 0x00, 0x00, 0x00, 0x00, 0x03, 0xFF, 0x03,
    0xFF, 0x03, 0xFF, 0x00, 0x38, 0x00, 0x38, 0x00, 0x38, 0x00, 0x38, 0x00, 0x38, 0x00, 0x38, 0x00,
    0x38, 0x00, 0x38, 0x00, 0x38, 0x00, 0x38, 0x00, 0x38, 0x00, 0x38, 0x20, 0x78, 0x70, 0x78, 0xF8,
    0xF8, 0xFF, 0xF0, 0x7F, 0xE0, 0x1F, 0xC0, 0x0E, 0x03, 0xE0, 0xFE, 0x3F, 0xE7, 0x1C, 0x00, 0x00,
    0x00, 0x70, 0x0E, 0x01, 0xC0, 0x38, 0x07, 0x00, 0xE0, 0x1C, 0x03, 0x80, 0x70, 0x0E, 0x01, 0xC0,
    0x38, 0x07, 0x00, 0xE0, 0x1C, 0x03, 0x80, 0x70, 0x1E, 0x03, 0xC1, 0xF8, 0x3E, 0x07, 0x80, 0xE0,
    0x0F, 0xB8, 0x07, 0xCE, 0x03, 0xE3, 0x81, 0xF0, 0xE0, 0xF8, 0x38, 0x7C, 0x0E, 0x3E, 0x03, 0x9F,
    0x00, 0xEF, 0x80, 0x3F, 0xF0, 0x0F, 0xFC, 0x03, 0xFF, 0x80, 0xF9, 0xF0, 0x3C, 0x3C, 0x0E, 0x0F,
    0x83, 0x81, 0xF0, 0xE0, 0x3E, 0x38, 0x07, 0x8E, 0x01, 0xF3, 0x80, 0x3E, 0xE0, 0x07, 0xC0, 0x00,
    0x00, 0x38, 0x00, 0x0F, 0x00, 0x03, 0xC0, 0x00, 0x70, 0x00, 0x3C, 0x00, 0x0E, 0x00, 0x02, 0x00,
    0x00, 0xE0, 0x03, 0x80, 0x0E, 0x00, 0x38, 0x00, 0xE0, 0x03, 0x80, 0x0E, 0x07, 0xF8, 0x3E, 0xE1,
    0xF3, 0x8F, 0x8E, 0x7C, 0x3B, 0xE0, 0xFF, 0x03, 0xF8, 0x0F, 0xF0, 0x3F, 0xE0, 0xF7, 0xC3, 0x8F,
    0x8E, 0x1E, 0x38, 0x3C, 0xE0, 0xFB, 0x81, 0xF0, 0x00, 0x03, 0x80, 0x0F, 0x00, 0x3C, 0x00, 0x70,
    0x03, 0xC0, 0x0E, 0x00, 0x20, 0x00, 0xE0, 0x7B, 0x83, 0xEE, 0x1F, 0x38, 0xF8, 0xE7, 0xC3, 0x9E,
    0x0E, 0xF0, 0x3F, 0xC0, 0xFF, 0x03, 0xFE, 0x0F, 0x3C, 0x38, 0x78, 0xE1, 0xE3, 0x83, 0xCE, 0x07,
    0xB8, 0x1F, 0x04, 0x00, 0x1C, 0x00, 0xF8, 0x03, 0xF0, 0x07, 0x80, 0x08, 0x00, 0x00, 0x00, 0x1C,
    0x00, 0x38, 0x00, 0x70, 0x00, 0xE0, 0x01, 0xC0, 0x03, 0x80, 0x07, 0x00, 0x0E, 0x00, 0x1C, 0x00,
    0x38, 0x00, 0x70, 0x00, 0xE0, 0x01, 0xC0, 0x03, 0x80, 0x07, 0x00, 0x0E, 0x00, 0x1C, 0x00, 0x38,
    0x00, 0x7F, 0xFC, 0xFF, 0xF9, 0xFF, 0xF0, 0x06, 0x0E, 0x3F, 0x7E, 0x78, 0x40, 0x00, 0x38, 0x38,
    0x38, 0x38, 0x38, 0x38, 0x38, 0x38, 0x38, 0x38, 0x38, 0x38, 0x38, 0x38, 0x38, 0x38, 0x38, 0x38,
    0x38, 0x38, 0x38, 0x38, 0xE0, 0x07, 0x00, 0x38, 0x01, 0xC0, 0x0E, 0x00, 0x70, 0x03, 0x80, 0x1C,
    0x00, 0xE0, 0x07, 0x00, 0x38, 0x01, 0xC0, 0x0E, 0x00, 0x70, 0x03, 0x80, 0x1C, 0x00, 0xE0, 0x07,
    0x00, 0x3F, 0xFF, 0xFF, 0xFF, 0xFF, 0x80, 0x00, 0x38, 0x01, 0xE0, 0x0F, 0x00, 0x38, 0x03, 0xC0,
    0x1C, 0x00, 0x80, 0x00, 0x39, 0xCE, 0x73, 0x9C, 0xE7, 0x39, 0xCE, 0x73, 0x9C, 0xE7, 0x39, 0xCE,
    0x73, 0x9C, 0x0E, 0x7B, 0xCE, 0x77, 0x20, 0xE1, 0xE7, 0x0F, 0x38, 0x79, 0xC1, 0xCE, 0x1C, 0x70,
    0xC3, 0x80, 0x1C, 0x00, 0xE0, 0x07, 0x00, 0x38, 0x01, 0xC0, 0x0E, 0x00, 0x70, 0x03, 0x80, 0x1C,
    0x00, 0xE0, 0x07, 0x00, 0x3F, 0xFF, 0xFF, 0xFF, 0xFF, 0x80, 0xE7, 0xF3, 0xF9, 0xFC, 0x7E, 0x77,
    0x33, 0x81, 0xC0, 0xE0, 0x70, 0x38, 0x1C, 0x0E, 0x07, 0x03, 0x81, 0xC0, 0xE0, 0x70, 0x38, 0x1C,
    0x0E, 0x07, 0x00, 0xE0, 0x07, 0x00, 0x38, 0x01, 0xC0, 0x0E, 0x00, 0x70, 0x03, 0x80, 0x1C, 0x00,
    0xE0, 0xF7, 0x07, 0xB8, 0x3D, 0xC1, 0xEE, 0x00, 0x70, 0x03, 0x80, 0x1C, 0x00, 0xE0, 0x07, 0x00,
    0x3F, 0xFF, 0xFF, 0xFF, 0xFF, 0x80, 0xE0, 0x70, 0x38, 0x1C, 0x0E, 0x07, 0x03, 0x81, 0xC0, 0xE0,
    0x73, 0xF9, 0xFC, 0xFE, 0x7F, 0x03, 0x81, 0xC0, 0xE0, 0x70, 0x38, 0x1C, 0x0E, 0x07, 0x00, 0x1C,
    0x00, 0x1C, 0x00, 0x1C, 0x00, 0x1C, 0x00, 0x1C, 0x00, 0x1C, 0x00, 0x1C, 0x00, 0x1D, 0x80, 0x1F,
    0x80, 0x1F, 0xC0, 0x7F, 0x80, 0xFC, 0x00, 0xFC, 0x00, 0x5C, 0x00, 0x1C, 0x00, 0x1C, 0x00, 0x1C,
    0x00, 0x1C, 0x00, 0x1F, 0xFF, 0x1F, 0xFF, 0x1F, 0xFF, 0x1C, 0x0E, 0x07, 0x03, 0x81, 0xC0, 0xE0,
    0x70, 0x38, 0x1F, 0x0F, 0x9F, 0xEF, 0xC7, 0xC0, 0xE0, 0x70, 0x38, 0x1C, 0x0E, 0x07, 0x03, 0x81,
    0xC0, 0xE0, 0x00, 0x20, 0x00, 0x1C, 0x00, 0x1F, 0x00, 0x0F, 0xC0, 0x03, 0xC0, 0x00, 0x80, 0x00,
    0x00, 0x03, 0xC0, 0x0E, 0xF0, 0x03, 0xBE, 0x00, 0xEF, 0xC0, 0x3B, 0xF0, 0x0E, 0xFE, 0x03, 0xBF,
    0xC0, 0xEE, 0xF8, 0x3B, 0x9E, 0x0E, 0xE7, 0xC3, 0xB8, 0xF8, 0xEE, 0x1E, 0x3B, 0x83, 0xCE, 0xE0,
    0xFB, 0xB8, 0x1F, 0xEE, 0x03, 0xFB, 0x80, 0xFE, 0xE0, 0x1F, 0xB8, 0x03, 0xEE, 0x00, 0x7B, 0x80,
    0x1E, 0x00, 0x00, 0x06, 0x00, 0x3C, 0x01, 0xF0, 0x0F, 0x80, 0x18, 0x00, 0x00, 0x00, 0x00, 0xE7,
    0xE3, 0xBF, 0xCF, 0xFF, 0xBE, 0x3E, 0xF0, 0x7B, 0xC0, 0xEE, 0x03, 0xB8, 0x0E, 0xE0, 0x3B, 0x80,
    0xEE, 0x03, 0xB8, 0x0E, 0xE0, 0x3B, 0x80, 0xEE, 0x03, 0xB8, 0x0E, 0xF0, 0x03, 0xBC, 0x00, 0xEF,
    0x80, 0x3B, 0xF0, 0x0E, 0xFC, 0x03, 0xBF, 0x80, 0xEF, 0xF0, 0x3B, 0xBE, 0x0E, 0xE7, 0x83, 0xB9,
    0xF0, 0xEE, 0x3E, 0x3B, 0x87, 0x8E, 0xE0, 0xF3, 0xB8, 0x3E, 0xEE, 0x07, 0xFB, 0x80, 0xFE, 0xE0,
    0x3F, 0xB8, 0x07, 0xEE, 0x00, 0xFB, 0x80, 0x1E, 0xE0, 0x07, 0x80, 0x00, 0x00, 0x1C, 0x00, 0x07,
    0x80, 0x01, 0xE0, 0x00, 0x38, 0x00, 0x1E, 0x00, 0x07, 0x00, 0x01, 0x00, 0x00, 0xE7, 0xE3, 0xBF,
    0xCF, 0xFF, 0xBE, 0x3E, 0xF0, 0x7B, 0xC0, 0xEE, 0x03, 0xB8, 0x0E, 0xE0, 0x3B, 0x80, 0xEE, 0x03,
    0xB8, 0x0E, 0xE0, 0x3B, 0x80, 0xEE, 0x03, 0xB8, 0x0E, 0x00, 0x00, 0x1C, 0x00, 0x78, 0x01, 0xE0,
    0x03, 0x80, 0x1E, 0x00, 0x70, 0x01, 0x00, 0x0E, 0x38, 0x03, 0xFE, 0x00, 0x7F, 0x00, 0x0F, 0x80,
    0x01, 0xC0, 0x00, 0x00, 0x0F, 0x00, 0x3B, 0xC0, 0x0E, 0xF8, 0x03, 0xBF, 0x00, 0xEF, 0xC0, 0x3B,
    0xF8, 0x0E, 0xFF, 0x03, 0xBB, 0xE0, 0xEE, 0x78, 0x3B, 0x9F, 0x0E, 0xE3, 0xE3, 0xB8, 0x78, 0xEE,
    0x0F, 0x3B, 0x83, 0xEE, 0xE0, 0x7F, 0xB8, 0x0F, 0xEE, 0x03, 0xFB, 0x80, 0x7E, 0xE0, 0x0F, 0xB8,
    0x01, 0xEE, 0x00, 0x78, 0x08, 0x60, 0x7B, 0xC0, 0xFE, 0x03, 0xF0, 0x07, 0x80, 0x00, 0x00, 0x00,
    0x39, 0xF8, 0xEF, 0xF3, 0xFF, 0xEF, 0x8F, 0xBC, 0x1E, 0xF0, 0x3B, 0x80, 0xEE, 0x03, 0xB8, 0x0E,
    0xE0, 0x3B, 0x80, 0xEE, 0x03, 0xB8, 0x0E, 0xE0, 0x3B, 0x80, 0xEE, 0x03, 0x80, 0xF0, 0x00, 0x1E,
    0x00, 0x03, 0xC0, 0x00, 0x78, 0x00, 0x0E, 0x00, 0x01, 0xCE, 0x7E, 0x39, 0xDF, 0xE6, 0x3F, 0xFE,
    0x07, 0xE7, 0xC0, 0xF0, 0x78, 0x1E, 0x07, 0x03, 0x80, 0xE0, 0x70, 0x1C, 0x0E, 0x03, 0x81, 0xC0,
    0x70, 0x38, 0x0E, 0x07, 0x01, 0xC0, 0xE0, 0x38, 0x1C, 0x07, 0x03, 0x80, 0xE0, 0x70, 0x1C, 0xF0,
    0x03, 0xBC, 0x00, 0xEF, 0x80, 0x3B, 0xF0, 0x0E, 0xFC, 0x03, 0xBF, 0x80, 0xEF, 0xF0, 0x3B, 0xBE,
    0x0E, 0xE7, 0x83, 0xB9, 0xF0, 0xEE, 0x3E, 0x3B, 0x87, 0x8E, 0xE0, 0xF3, 0xB8, 0x3E, 0xEE, 0x07,
    0xFB, 0x80, 0xFE, 0xE0, 0x1F, 0xB8, 0x07, 0xEE, 0x00, 0xFB, 0x80, 0x1E, 0xE0, 0x07, 0x80, 0x00,
    0xE0, 0x00, 0x78, 0x00, 0x1E, 0x00, 0x1F, 0x80, 0x07, 0xC0, 0x01, 0xE0, 0xE7, 0xE3, 0xBF, 0xCF,
    0xFF, 0xBE, 0x3E, 0xF0, 0x7B, 0xC0, 0xEE, 0x03, 0xB8, 0x0E, 0xE0, 0x3B, 0x80, 0xEE, 0x03, 0xB8,
    0x0E, 0xE0, 0x3B, 0x80, 0xEE, 0x03, 0xB8, 0x0E, 0x00, 0x38, 0x01, 0xE0, 0x0F, 0x80, 0x7E, 0x01,
    0xF0, 0x07, 0x80, 0x07, 0xFE, 0x00, 0x7F, 0xE0, 0x07, 0xFE, 0x00, 0x00, 0x00, 0x00, 0x00, 0x00,
    0x3F, 0xC0, 0x0F, 0xFF, 0x01, 0xFF, 0xF8, 0x3F, 0x0F, 0xC7, 0xC0, 0x3E, 0x78, 0x01, 0xEF, 0x00,
    0x0F, 0xF0, 0x00, 0xFF, 0x00, 0x0F, 0xE0, 0x00, 0x7E, 0x00, 0x07, 0xE0, 0x00, 0x7F, 0x00, 0x0F,
    0xF0, 0x00, 0xFF, 0x00, 0x0F, 0x78, 0x01, 0xE7, 0xC0, 0x3E, 0x3F, 0x0F, 0xC1, 0xFF, 0xF8, 0x0F,
    0xFF, 0x00, 0x3F, 0xC0, 0x0F, 0xF0, 0x0F, 0xF0, 0x0F, 0xF0, 0x00, 0x00, 0x00, 0x00, 0x00, 0x00,
    0x0F, 0xF0, 0x1F, 0xF8, 0x3F, 0xFC, 0x7C, 0x3E, 0xF8, 0x1F, 0xF0, 0x0F, 0xF0, 0x0F, 0xE0, 0x07,
    0xE0, 0x07, 0xF0, 0x0F, 0xF0, 0x0F, 0xF8, 0x1F, 0x7C, 0x3E, 0x3F, 0xFC, 0x1F, 0xF8, 0x0F, 0xF0,
    0x07, 0x0E, 0x00, 0x79, 0xE0, 0x03, 0xFC, 0x00, 0x3F, 0xC0, 0x00, 0xF0, 0x00, 0x00, 0x00, 0x03,
    0xFC, 0x00, 0xFF, 0xF0, 0x1F, 0xFF, 0x83, 0xF0, 0xFC, 0x7C, 0x03, 0xE7, 0x80, 0x1E, 0xF0, 0x00,
    0xFF, 0x00, 0x0F, 0xF0, 0x00, 0xFE, 0x00, 0x07, 0xE0, 0x00, 0x7E, 0x00, 0x07, 0xF0, 0x00, 0xFF,
    0x00, 0x0F, 0xF0, 0x00, 0xF7, 0x80, 0x1E, 0x7C, 0x03, 0xE3, 0xF0, 0xFC, 0x1F, 0xFF, 0x80, 0xFF,
    0xF0, 0x03, 0xFC, 0x00, 0x0C, 0x10, 0x1C, 0x38, 0x1E, 0x78, 0x0F, 0xF8, 0x0F, 0xF0, 0x07, 0xE0,
    0x00, 0x00, 0x00, 0x00, 0x0F, 0xF0, 0x1F, 0xF8, 0x3F, 0xFC, 0x7C, 0x3E, 0xF8, 0x1F, 0xF0, 0x0F,
    0xF0, 0x0F, 0xE0, 0x07, 0xE0, 0x07, 0xF0, 0x0F, 0xF0, 0x0F, 0xF8, 0x1F, 0x7C, 0x3E, 0x3F, 0xFC,
    0x1F, 0xF8, 0x0F, 0xF0, 0x00, 0x41, 0x00, 0x0E, 0x38, 0x01, 0xF7, 0xC0, 0x3E, 0xF8, 0x07, 0x9E,
    0x00, 0x30, 0xC0, 0x00, 0x00, 0x00, 0x3F, 0xC0, 0x0F, 0xFF, 0x01, 0xFF, 0xF8, 0x3F, 0x0F, 0xC7,
    0xC0, 0x3E, 0x78, 0x01, 0xEF, 0x00, 0x0F, 0xF0, 0x00, 0xFF, 0x00, 0x0F, 0xE0, 0x00, 0x7E, 0x00,
    0x07, 0xE0, 0x00, 0x7F, 0x00, 0x0F, 0xF0, 0x00, 0xFF, 0x00, 0x0F, 0x78, 0x01, 0xE7, 0xC0, 0x3E,
    0x3F, 0x0F, 0xC1, 0xFF, 0xF8, 0x0F, 0xFF, 0x00, 0x3F, 0xC0, 0x00, 0x00, 0x06, 0x18, 0x1F, 0x3C,
    0x3F, 0xFC, 0x3C, 0xF0, 0x30, 0xC0, 0x00, 0x00, 0x00, 0x00, 0x0F, 0xF0, 0x1F, 0xF8, 0x3F, 0xFC,
    0x7C, 0x3E, 0xF8, 0x1F, 0xF0, 0x0F, 0xF0, 0x0F, 0xE0, 0x07, 0xE0, 0x07, 0xF0, 0x0F, 0xF0, 0x0F,
    0xF8, 0x1F, 0x7C, 0x3E, 0x3F, 0xFC, 0x1F, 0xF8, 0x0F, 0xF0, 0x03, 0xFF, 0xFF, 0xE1, 0xFF, 0xFF,
    0xFC, 0x7F, 0xFF, 0xFF, 0x9F, 0x81, 0xC0, 0x07, 0xC0, 0x38, 0x00, 0xF0, 0x07, 0x00, 0x3C, 0x00,
    0xE0, 0x07, 0x80, 0x1C, 0x00, 0xF0, 0x03, 0x80, 0x1C, 0x00, 0x7F, 0xF3, 0x80, 0x0F, 0xFE, 0x70,
    0x01, 0xFF, 0xCF, 0x00, 0x38, 0x01, 0xE0, 0x07, 0x00, 0x3C, 0x00, 0xE0, 0x03, 0xC0, 0x1C, 0x00,
    0x7C, 0x03, 0x80, 0x07, 0xE0, 0x70, 0x00, 0xFF, 0xFF, 0xFF, 0x87, 0xFF, 0xFF, 0xF0, 0x7F, 0xFF,
    0xFE, 0x0F, 0xF0, 0x7F, 0x01, 0xFF, 0x9F, 0xF8, 0x3F, 0xFF, 0xFF, 0xC7, 0xC3, 0xFE, 0x3C, 0xF8,
    0x1F, 0x81, 0xEF, 0x00, 0xF8, 0x0E, 0xF0, 0x0F, 0xFF, 0xEE, 0x00, 0x7F, 0xFE, 0xE0, 0x07, 0xFF,
    0xEF, 0x00, 0xF8, 0x00, 0xF0, 0x0F, 0x80, 0x0F, 0x81, 0xFC, 0x08, 0x7C, 0x3F, 0xE1, 0xC3, 0xFF,
    0xFF, 0xFE, 0x1F, 0xF9, 0xFF, 0xC0, 0xFF, 0x07, 0xF0, 0x00, 0x80, 0x01, 0xC0, 0x07, 0xC0, 0x1F,
    0xC0, 0x1F, 0x00, 0x08, 0x00, 0x00, 0x00, 0xFF, 0xF0, 0xFF, 0xF8, 0xFF, 0xFC, 0xE0, 0x3E, 0xE0,
    0x1E, 0xE0, 0x1E, 0xE0, 0x0E, 0xE0, 0x0E, 0xE0, 0x1E, 0xE0, 0x3E, 0xFF, 0xFC, 0xFF, 0xF8, 0xFF,
    0xF0, 0xE0, 0xF0, 0xE0, 0xF8, 0xE0, 0x78, 0xE0, 0x7C, 0xE0, 0x3C, 0xE0, 0x3E, 0xE0, 0x1E, 0xE0,
    0x0F, 0x00, 0x01, 0x81, 0xF0, 0xFC, 0x3C, 0x0C, 0x00, 0x00, 0x00, 0xE7, 0xFB, 0xEF, 0xFB, 0xF0,
    0xF0, 0x3C, 0x0E, 0x03, 0x80, 0xE0, 0x38, 0x0E, 0x03, 0x80, 0xE0, 0x38, 0x0E, 0x03, 0x80, 0xFF,
    0xF0, 0xFF, 0xF8, 0xFF, 0xFC, 0xE0, 0x3E, 0xE0, 0x1E, 0xE0, 0x1E, 0xE0, 0x0E, 0xE0, 0x0E, 0xE0,
    0x1E, 0xE0, 0x3E, 0xFF, 0xFC, 0xFF, 0xF8, 0xFF, 0xF0, 0xE1, 0xF0, 0xE0, 0xF0, 0xE0, 0x78, 0xE0,
    0x7C, 0xE0, 0x3C, 0xE0, 0x3E, 0xE0, 0x1E, 0xE0, 0x1F, 0x00, 0x00, 0x07, 0x00, 0x07, 0x80, 0x07,
    0x80, 0x03, 0x80, 0x07, 0x80, 0x07, 0x00, 0x04, 0x00, 0x39, 0xE7, 0x7C, 0xFF, 0x1F, 0x03, 0xC0,
    0x78, 0x0E, 0x01, 0xC0, 0x38, 0x07, 0x00, 0xE0, 0x1C, 0x03, 0x80, 0x70, 0x0E, 0x01, 0xC0, 0x00,
    0x0E, 0x01, 0xE0, 0x3C, 0x03, 0x80, 0x70, 0x1C, 0x02, 0x00, 0x30, 0xE0, 0x3F, 0xE0, 0x1F, 0xC0,
    0x0F, 0x80, 0x07, 0x00, 0x00, 0x00, 0xFF, 0xF0, 0xFF, 0xF8, 0xFF, 0xFC, 0xE0, 0x3E, 0xE0, 0x1E,
    0xE0, 0x1E, 0xE0, 0x0E, 0xE0, 0x0E, 0xE0, 0x1E, 0xE0, 0x3E, 0xFF, 0xFC, 0xFF, 0xF8, 0xFF, 0xF0,
    0xE0, 0xF0, 0xE0, 0xF8, 0xE0, 0x78, 0xE0, 0x7C, 0xE0, 0x3C, 0xE0, 0x3E, 0xE0, 0x1E, 0xE0, 0x0F,
    0x61, 0xBD, 0xE7, 0xF8, 0xFC, 0x1E, 0x00, 0x00, 0x03, 0x9F, 0xEF, 0xBF, 0xEF, 0xC3, 0xC0, 0xF0,
    0x38, 0x0E, 0x03, 0x80, 0xE0, 0x38, 0x0E, 0x03, 0x80, 0xE0, 0x38, 0x0E, 0x00, 0x00, 0x00, 0x00,
    0x1C, 0x00, 0x3E, 0x00, 0x3F, 0x00, 0x3E, 0x00, 0x0C, 0x00, 0x00, 0x00, 0x0F, 0xF0, 0x0F, 0xFE,
    0x0F, 0xFF, 0x8F, 0x87, 0xC7, 0x81, 0xC3, 0x80, 0x41, 0xE0, 0x00, 0xF0, 0x00, 0x7F, 0x00, 0x1F,
    0xF0, 0x07, 0xFE, 0x00, 0xFF, 0x80, 0x0F, 0xE0, 0x00, 0xF0, 0x00, 0x78, 0xC0, 0x1C, 0xF0, 0x1E,
    0x7E, 0x1F, 0x1F, 0xFF, 0x07, 0xFF, 0x01, 0xFF, 0x00, 0x00, 0x00, 0x18, 0x01, 0xE0, 0x3F, 0x01,
    0xE0, 0x0C, 0x00, 0x00, 0x00, 0x00, 0x1F, 0xC3, 0xFF, 0x1F, 0xFD, 0xF1, 0xEF, 0x06, 0x78, 0x01,
    0xF8, 0x0F, 0xF8, 0x1F, 0xE0, 0x1F, 0x80, 0x3C, 0xC0, 0xEF, 0x8F, 0x7F, 0xF9, 0xFF, 0x87, 0xF8,
    0x01, 0xE0, 0x01, 0xFC, 0x01, 0xFF, 0x01, 0xC3, 0x80, 0x00, 0x80, 0x00, 0x00, 0x1F, 0xE0, 0x1F,
    0xFC, 0x1F, 0xFF, 0x1F, 0x0F, 0x8F, 0x03, 0x87, 0x00, 0x83, 0xC0, 0x01, 0xE0, 0x00, 0xFE, 0x00,
    0x3F, 0xE0, 0x0F, 0xFC, 0x01, 0xFF, 0x00, 0x1F, 0xC0, 0x01, 0xE0, 0x00, 0xF1, 0x80, 0x39, 0xE0,
    0x3C, 0xFC, 0x3E, 0x3F, 0xFE, 0x0F, 0xFE, 0x03, 0xFE, 0x00, 0x0F, 0x00, 0xFC, 0x0F, 0xF0, 0xF3,
    0xC3, 0x0C, 0x00, 0x00, 0x00, 0x03, 0xF8, 0x7F, 0xE3, 0xFF, 0xBE, 0x3D, 0xE0, 0xCF, 0x00, 0x3F,
    0x01, 0xFF, 0x03, 0xFC, 0x03, 0xF0, 0x07, 0x98, 0x1D, 0xF1, 0xEF, 0xFF, 0x3F, 0xF0, 0xFF, 0x00,
    0x07, 0xF8, 0x07, 0xFF, 0x07, 0xFF, 0xC7, 0xC3, 0xE3, 0xC0, 0xE1, 0xC0, 0x20, 0xF0, 0x00, 0x78,
    0x00, 0x3F, 0x80, 0x0F, 0xF8, 0x03, 0xFF, 0x00, 0x7F, 0xC0, 0x07, 0xF0, 0x00, 0x78, 0x00, 0x3C,
    0x60, 0x0E, 0x78, 0x0F, 0x3F, 0x0F, 0x8F, 0xFF, 0x83, 0xFF, 0x80, 0xFF, 0x80, 0x0C, 0x00, 0x0F,
    0x80, 0x07, 0xE0, 0x00, 0xF0, 0x00, 0xF8, 0x00, 0xFC, 0x00, 0x78, 0x00, 0x1F, 0xC1, 0xFF, 0x1F,
    0xFC, 0xF1, 0xE7, 0x02, 0x3C, 0x01, 0xF8, 0x07, 0xF8, 0x1F, 0xE0, 0x1F, 0x80, 0x3C, 0x40, 0xE7,
    0x8F, 0x3F, 0xF9, 0xFF, 0x83, 0xF8, 0x06, 0x00, 0x7C, 0x03, 0xF0, 0x03, 0x80, 0x7C, 0x0F, 0xE0,
    0x3C, 0x00, 0x0E, 0x1C, 0x07, 0xFE, 0x00, 0xFE, 0x00, 0x3E, 0x00, 0x00, 0x00, 0x00, 0x00, 0x1F,
    0xE0, 0x1F, 0xFC, 0x1F, 0xFF, 0x1F, 0x0F, 0x8F, 0x03, 0x87, 0x00, 0x83, 0xC0, 0x01, 0xE0, 0x00,
    0xFE, 0x00, 0x3F, 0xE0, 0x0F, 0xFC, 0x01, 0xFF, 0x00, 0x1F, 0xC0, 0x01, 0xE0, 0x00, 0xF1, 0x80,
    0x39, 0xE0, 0x3C, 0xFC, 0x3E, 0x3F, 0xFE, 0x0F, 0xFE, 0x03, 0xFE, 0x00, 0x30, 0xC1, 0xCF, 0x0F,
    0xF0, 0x3F, 0x00, 0xF0, 0x00, 0x00, 0x00, 0x03, 0xF8, 0x7F, 0xE3, 0xFF, 0xBE, 0x3D, 0xE0, 0xCF,
    0x00, 0x3F, 0x01, 0xFF, 0x03, 0xFC, 0x03, 0xF0, 0x07, 0x98, 0x1D, 0xF1, 0xEF, 0xFF, 0x3F, 0xF0,
    0xFF, 0x00, 0xFF, 0xFF, 0xFF, 0xFF, 0xFF, 0xF8, 0x1C, 0x00, 0x38, 0x00, 0x70, 0x00, 0xE0, 0x01,
    0xC0, 0x03, 0x80, 0x07, 0x00, 0x0E, 0x00, 0x1C, 0x00, 0x38, 0x00, 0x70, 0x00, 0xE0, 0x01, 0xC0,
    0x03, 0x80, 0x07, 0x00, 0x0E, 0x00, 0x1C, 0x00, 0x38, 0x00, 0x60, 0x01, 0xC0, 0x03, 0xE0, 0x07,
    0xC0, 0x03, 0x80, 0x1F, 0x00, 0x7E, 0x00, 0xF0, 0x00, 0x1C, 0x07, 0x01, 0xC0, 0x70, 0xFF, 0xFF,
    0xFF, 0xFC, 0x70, 0x1C, 0x07, 0x01, 0xC0, 0x70, 0x1C, 0x07, 0x01, 0xC0, 0x70, 0x1C, 0x07, 0x01,
    0xC0, 0x70, 0x18, 0x0F, 0x03, 0xF0, 0x7C, 0x07, 0x07, 0xC7, 0xE0, 0xF0, 0x1C, 0x30, 0x3F, 0xE0,
    0x3F, 0x80, 0x3E, 0x00, 0x38, 0x00, 0x00, 0x3F, 0xFF, 0xFF, 0xFF, 0xFF, 0xFE, 0x07, 0x00, 0x0E,
    0x00, 0x1C, 0x00, 0x38, 0x00, 0x70, 0x00, 0xE0, 0x01, 0xC0, 0x03, 0x80, 0x07, 0x00, 0x0E, 0x00,
    0x1C, 0x00, 0x38, 0x00, 0x70, 0x00, 0xE0, 0x01, 0xC0, 0x03, 0x80, 0x07, 0x00, 0x0E, 0x00, 0x00,
    0xE0, 0x0F, 0x00, 0xF0, 0x07, 0x1C, 0xF1, 0xCE, 0x1C, 0x81, 0xC0, 0xFF, 0xCF, 0xFC, 0xFF, 0xC1,
    0xC0, 0x1C, 0x01, 0xC0, 0x1C, 0x01, 0xC0, 0x1C, 0x01, 0xC0, 0x1C, 0x01, 0xC0, 0x1C, 0x01, 0xC0,
    0x1C, 0x01, 0xC0, 0xFF, 0xFF, 0xFF, 0xFF, 0xFF, 0xF8, 0x1C, 0x00, 0x38, 0x00, 0x70, 0x00, 0xE0,
    0x01, 0xC0, 0x03, 0x80, 0x3F, 0xE0, 0x7F, 0xC0, 0xFF, 0x80, 0x38, 0x00, 0x70, 0x00, 0xE0, 0x01,
    0xC0, 0x03, 0x80, 0x07, 0x00, 0x0E, 0x00, 0x1C, 0x00, 0x38, 0x00, 0x1C, 0x07, 0x01, 0xC0, 0x70,
    0xFF, 0xFF, 0xFF, 0xFC, 0x70, 0x1C, 0x07, 0x01, 0xC3, 0xFE, 0xFF, 0xBF, 0xE1, 0xC0, 0x70, 0x1C,
    0x07, 0x01, 0xC0, 0x70, 0x0F, 0x38, 0x0F, 0xFC, 0x07, 0xFE, 0x03, 0xBE, 0x00, 0x00, 0x00, 0x00,
    0x03, 0x80, 0x1D, 0xC0, 0x0E, 0xE0, 0x07, 0x70, 0x03, 0xB8, 0x01, 0xDC, 0x00, 0xEE, 0x00, 0x77,
    0x00, 0x3B, 0x80, 0x1D, 0xC0, 0x0E, 0xE0, 0x07, 0x70, 0x03, 0xB8, 0x01, 0xDC, 0x00, 0xEF, 0x00,
    0xF7, 0x80, 0x7B, 0xE0, 0x7C, 0xF8, 0x7C, 0x3F, 0xFC, 0x0F, 0xFC, 0x03, 0xFC, 0x00, 0x00, 0x00,
    0x7F, 0x83, 0xFE, 0x0F, 0xF0, 0x00, 0x00, 0x00, 0x00, 0x00, 0x38, 0x0E, 0xE0, 0x3B, 0x80, 0xEE,
    0x03, 0xB8, 0x0E, 0xE0, 0x3B, 0x80, 0xEE, 0x03, 0xB8, 0x0E, 0xE0, 0x3B, 0xC1, 0xEF, 0x07, 0xBE,
    0x3E, 0xFF, 0xF9, 0xFE, 0xE3, 0xF3, 0x80, 0x1F, 0xF8, 0x0F, 0xFC, 0x07, 0xFE, 0x00, 0x00, 0x00,
    0x00, 0x07, 0x00, 0x3B, 0x80, 0x1D, 0xC0, 0x0E, 0xE0, 0x07, 0x70, 0x03, 0xB8, 0x01, 0xDC, 0x00,
    0xEE, 0x00, 0x77, 0x00, 0x3B, 0x80, 0x1D, 0xC0, 0x0E, 0xE0, 0x07, 0x70, 0x03, 0xB8, 0x01, 0xDE,
    0x01, 0xEF, 0x00, 0xF7, 0xC0, 0xF9, 0xF0, 0xF8, 0x7F, 0xF8, 0x1F, 0xF8, 0x07, 0xF8, 0x00, 0x1F,
    0xE0, 0x7F, 0x81, 0xFE, 0x00, 0x00, 0x00, 0x00, 0x00, 0x0E, 0x03, 0xB8, 0x0E, 0xE0, 0x3B, 0x80,
    0xEE, 0x03, 0xB8, 0x0E, 0xE0, 0x3B, 0x80, 0xEE, 0x03, 0xB8, 0x0E, 0xF0, 0x7B, 0xC1, 0xEF, 0x8F,
    0x9F, 0xFE, 0x7F, 0xF8, 0xFE, 0xE0, 0x1C, 0x38, 0x0F, 0x3C, 0x03, 0xFC, 0x00, 0xFC, 0x00, 0x3C,
    0x00, 0x00, 0x03, 0x80, 0x1D, 0xC0, 0x0E, 0xE0, 0x07, 0x70, 0x03, 0xB8, 0x01, 0xDC, 0x00, 0xEE,
    0x00, 0x77, 0x00, 0x3B, 0x80, 0x1D, 0xC0, 0x0E, 0xE0, 0x07, 0x70, 0x03, 0xB8, 0x01, 0xDC, 0x00,
    0xEF, 0x00, 0xF7, 0x80, 0x7B, 0xE0, 0x7C, 0xF8, 0x7C, 0x3F, 0xFC, 0x0F, 0xFC, 0x03, 0xFC, 0x00,
    0x10, 0x40, 0xE3, 0x83, 0xDE, 0x0F, 0xF8, 0x1F, 0xC0, 0x3E, 0x00, 0x00, 0x00, 0x00, 0xE0, 0x3B,
    0x80, 0xEE, 0x03, 0xB8, 0x0E, 0xE0, 0x3B, 0x80, 0xEE, 0x03, 0xB8, 0x0E, 0xE0, 0x3B, 0x80, 0xEF,
    0x07, 0xBC, 0x1E, 0xF8, 0xFB, 0xFF, 0xE7, 0xFB, 0x8F, 0xCE, 0x03, 0xE0, 0x03, 0xF8, 0x01, 0xDC,
    0x00, 0xC6, 0x00, 0x77, 0x00, 0x3F, 0x83, 0x8F, 0x9D, 0xC0, 0x0E, 0xE0, 0x07, 0x70, 0x03, 0xB8,
    0x01, 0xDC, 0x00, 0xEE, 0x00, 0x77, 0x00, 0x3B, 0x80, 0x1D, 0xC0, 0x0E, 0xE0, 0x07, 0x70, 0x03,
    0xB8, 0x01, 0xDC, 0x00, 0xEF, 0x00, 0xF7, 0x80, 0x7B, 0xE0, 0x7C, 0xF8, 0x7C, 0x3F, 0xFC, 0x0F,
    0xFC, 0x03, 0xFC, 0x00, 0x0F, 0x80, 0x7F, 0x01, 0xDC, 0x06, 0x30, 0x1D, 0xC0, 0x7F, 0x00, 0xF8,
    0x00, 0x00, 0x00, 0x03, 0x80, 0xEE, 0x03, 0xB8, 0x0E, 0xE0, 0x3B, 0x80, 0xEE, 0x03, 0xB8, 0x0E,
    0xE0, 0x3B, 0x80, 0xEE, 0x03, 0xBC, 0x1E, 0xF0, 0x7B, 0xE3, 0xEF, 0xFF, 0x9F, 0xEE, 0x3F, 0x38,
    0x01, 0x0C, 0x01, 0xCF, 0x01, 0xFF, 0x81, 0xEF, 0x80, 0xE7, 0x80, 0x61, 0x00, 0x00, 0x01, 0xC0,
    0x0E, 0xE0, 0x07, 0x70, 0x03, 0xB8, 0x01, 0xDC, 0x00, 0xEE, 0x00, 0x77, 0x00, 0x3B, 0x80, 0x1D,
    0xC0, 0x0E, 0xE0, 0x07, 0x70, 0x03, 0xB8, 0x01, 0xDC, 0x00, 0xEE, 0x00, 0x77, 0x80, 0x7B, 0xC0,
    0x3D, 0xF0, 0x3E, 0x7C, 0x3E, 0x1F, 0xFE, 0x07, 0xFE, 0x01, 0xFE, 0x00, 0x08, 0x20, 0x71, 0xC3,
    0xEF, 0x1F, 0xFC, 0x73, 0xC1, 0x84, 0x00, 0x00, 0x00, 0x00, 0xE0, 0x3B, 0x80, 0xEE, 0x03, 0xB8,
    0x0E, 0xE0, 0x3B, 0x80, 0xEE, 0x03, 0xB8, 0x0E, 0xE0, 0x3B, 0x80, 0xEF, 0x07, 0xBC, 0x1E, 0xF8,
    0xFB, 0xFF, 0xE7, 0xFB, 0x8F, 0xCE, 0xE0, 0x07, 0x70, 0x03, 0xB8, 0x01, 0xDC, 0x00, 0xEE, 0x00,
    0x77, 0x00, 0x3B, 0x80, 0x1D, 0xC0, 0x0E, 0xE0, 0x07, 0x70, 0x03, 0xB8, 0x01, 0xDC, 0x00, 0xEE,
    0x00, 0x77, 0x00, 0x3B, 0xC0, 0x3D, 0xE0, 0x1E, 0xF8, 0x1F, 0x3E, 0x1F, 0x0F, 0xFF, 0x03, 0xFF,
    0x00, 0xFF, 0x00, 0x0F, 0x00, 0x07, 0x80, 0x03, 0xA0, 0x01, 0xF8, 0x00, 0xFC, 0x00, 0x3C, 0x00,
    0xE0, 0x3B, 0x80, 0xEE, 0x03, 0xB8, 0x0E, 0xE0, 0x3B, 0x80, 0xEE, 0x03, 0xB8, 0x0E, 0xE0, 0x3B,
    0x80, 0xEF, 0x07, 0xBC, 0x1E, 0xF8, 0xFB, 0xFF, 0xE7, 0xFB, 0x8F, 0xDE, 0x00, 0xF8, 0x07, 0x80,
    0x1D, 0x80, 0x7F, 0x01, 0xFC, 0x03, 0xE0, 0x00, 0x07, 0x00, 0x00, 0x00, 0x7C, 0x00, 0x00, 0x0F,
    0xF8, 0x00, 0x00, 0x7B, 0xC0, 0x00, 0x03, 0x00, 0x00, 0x00, 0x00, 0x00, 0x03, 0xE0, 0x00, 0x03,
    0xEF, 0x00, 0x00, 0x1E, 0x78, 0x00, 0x00, 0xF3, 0xC0, 0x38, 0x07, 0x8F, 0x03, 0xE0, 0x78, 0x78,
    0x1F, 0x03, 0xC3, 0xC0, 0xF8, 0x1E, 0x0F, 0x0F, 0xE1, 0xE0, 0x78, 0x7F, 0x0F, 0x03, 0xC3, 0xBC,
    0x78, 0x0F, 0x3D, 0xE7, 0x80, 0x79, 0xEF, 0x3C, 0x03, 0xDE, 0x3D, 0xE0, 0x0E, 0xF1, 0xEF, 0x00,
    0x7F, 0x07, 0xF0, 0x03, 0xF8, 0x3F, 0x80, 0x1F, 0xC1, 0xFC, 0x00, 0x7C, 0x07, 0xC0, 0x03, 0xE0,
    0x3E, 0x00, 0x1E, 0x00, 0xF0, 0x00, 0x70, 0x07, 0x00, 0x00, 0x38, 0x00, 0x00, 0xFC, 0x00, 0x03,
    0xFC, 0x00, 0x0F, 0x78, 0x00, 0x18, 0x30, 0x00, 0x00, 0x00, 0x00, 0x00, 0x00, 0x78, 0x00, 0x0F,
    0x78, 0x00, 0x1E, 0xF0, 0x70, 0x79, 0xE0, 0xE0, 0xF1, 0xC1, 0xE1, 0xE3, 0xC7, 0xC3, 0x87, 0x8F,
    0xCF, 0x07, 0x3F, 0x9E, 0x0F, 0x77, 0xB8, 0x1F, 0xEF, 0xF0, 0x1F, 0x8F, 0xE0, 0x3F, 0x1F, 0x80,
    0x7E, 0x1F, 0x00, 0x78, 0x3E, 0x00, 0xF0, 0x78, 0x01, 0xC0, 0x70, 0x00, 0x00, 0x70, 0x00, 0x0F,
    0x80, 0x03, 0xFC, 0x00, 0x7F, 0xE0, 0x03, 0x04, 0x00, 0x00, 0x00, 0x7C, 0x01, 0xF3, 0xC0, 0x1E,
    0x3E, 0x03, 0xC1, 0xF0, 0x7C, 0x0F, 0x07, 0x80, 0xF8, 0xF0, 0x07, 0xDF, 0x00, 0x3D, 0xE0, 0x03,
    0xFC, 0x00, 0x1F, 0xC0, 0x00, 0xF8, 0x00, 0x0F, 0x80, 0x00, 0x70, 0x00, 0x07, 0x00, 0x00, 0x70,
    0x00, 0x07, 0x00, 0x00, 0x70, 0x00, 0x07, 0x00, 0x00, 0x70, 0x00, 0x07, 0x00, 0x00, 0x70, 0x00,
    0x03, 0xE0, 0x00, 0xFC, 0x00, 0x7F, 0x80, 0x3C, 0xE0, 0x04, 0x08, 0x00, 0x00, 0x00, 0x00, 0x03,
    0xC0, 0x1E, 0x78, 0x07, 0x9E, 0x03, 0xC3, 0xC0, 0xF0, 0xF0, 0x7C, 0x3E, 0x1E, 0x07, 0x87, 0x81,
    0xE3, 0xC0, 0x3C, 0xF0, 0x0F, 0x3C, 0x01, 0xFE, 0x00, 0x7F, 0x80, 0x0F, 0xC0, 0x03, 0xF0, 0x00,
    0xF8, 0x00, 0x1E, 0x00, 0x07, 0x80, 0x03, 0xC0, 0x00, 0xF0, 0x00, 0x38, 0x00, 0x1E, 0x00, 0x07,
    0x80, 0x00, 0x07, 0x9E, 0x00, 0x79, 0xE0, 0x07, 0x9E, 0x00, 0x79, 0xE0, 0x00, 0x00, 0x00, 0x00,
    0x00, 0x78, 0x01, 0xE7, 0xC0, 0x3E, 0x3E, 0x03, 0xC1, 0xE0, 0x7C, 0x1F, 0x07, 0x80, 0xF8, 0xF0,
    0x07, 0x9F, 0x00, 0x7D, 0xE0, 0x03, 0xFC, 0x00, 0x1F, 0xC0, 0x00, 0xF8, 0x00, 0x0F, 0x00, 0x00,
    0x70, 0x00, 0x07, 0x00, 0x00, 0x70, 0x00, 0x07, 0x00, 0x00, 0x70, 0x00, 0x07, 0x00, 0x00, 0x70,
    0x00, 0x07, 0x00, 0x00, 0x70, 0x00, 0x00, 0x20, 0x00, 0xF0, 0x01, 0xF0, 0x07, 0xF0, 0x07, 0xC0,
    0x02, 0x00, 0x00, 0x00, 0x7F, 0xFF, 0x7F, 0xFF, 0x7F, 0xFF, 0x00, 0x1E, 0x00, 0x3E, 0x00, 0x7C,
    0x00, 0x78, 0x00, 0xF8, 0x01, 0xF0, 0x03, 0xE0, 0x03, 0xC0, 0x07, 0xC0, 0x0F, 0x80, 0x1F, 0x00,
    0x1F, 0x00, 0x3E, 0x00, 0x7C, 0x00, 0x7C, 0x00, 0xFF, 0xFF, 0xFF, 0xFF, 0xFF, 0xFF, 0x02, 0x00,
    0xE0, 0x3E, 0x0F, 0x83, 0xC0, 0x20, 0x00, 0x00, 0x00, 0xFF, 0xFF, 0xFF, 0xFF, 0x80, 0xF0, 0x3C,
    0x0F, 0x03, 0xE0, 0x78, 0x1E, 0x07, 0xC0, 0xF0, 0x3C, 0x0F, 0x01, 0xFF, 0xFF, 0xFF, 0xFF, 0x03,
    0xC0, 0x03, 0xC0, 0x03, 0xC0, 0x03, 0xC0, 0x00, 0x00, 0x00, 0x00, 0x7F, 0xFF, 0x7F, 0xFF, 0x7F,
    0xFF, 0x00, 0x1E, 0x00, 0x3E, 0x00, 0x7C, 0x00, 0xF8, 0x00, 0xF8, 0x01, 0xF0, 0x03, 0xE0, 0x03,
    0xC0, 0x07, 0xC0, 0x0F, 0x80, 0x1F, 0x00, 0x1F, 0x00, 0x3E, 0x00, 0x7C, 0x00, 0x78, 0x00, 0xFF,
    0xFF, 0xFF, 0xFF, 0xFF, 0xFF, 0x0F, 0x01, 0xE0, 0x3C, 0x07, 0x80, 0x00, 0x00, 0x00, 0x07, 0xFF,
    0xFF, 0xFF, 0xFC, 0x07, 0x81, 0xE0, 0x7C, 0x0F, 0x03, 0xC0, 0xF0, 0x3E, 0x07, 0x81, 0xE0, 0x7C,
    0x0F, 0xFF, 0xFF, 0xFF, 0xF8, 0x0C, 0x38, 0x1F, 0xF8, 0x0F, 0xF0, 0x07, 0xE0, 0x03, 0xC0, 0x00,
    0x00, 0x7F, 0xFF, 0x7F, 0xFF, 0x7F, 0xFF, 0x00, 0x1E, 0x00, 0x3E, 0x00, 0x7C, 0x00, 0x78, 0x00,
    0xF8, 0x01, 0xF0, 0x03, 0xE0, 0x03, 0xC0, 0x07, 0xC0, 0x0F, 0x80, 0x1F, 0x00, 0x1F, 0x00, 0x3E,
    0x00, 0x7C, 0x00, 0x7C, 0x00, 0xFF, 0xFF, 0xFF, 0xFF, 0xFF, 0xFF, 0x20, 0x8F, 0x78, 0xFE, 0x0F,
    0x81, 0xF0, 0x00, 0x00, 0x07, 0xFF, 0xFF, 0xFF, 0xFC, 0x07, 0x81, 0xE0, 0x78, 0x1F, 0x03, 0xC0,
    0xF0, 0x3E, 0x07, 0x81, 0xE0, 0x78, 0x0F, 0xFF, 0xFF, 0xFF, 0xF8, 0x04, 0x1F, 0x9F, 0xDE, 0x6E,
    0x07, 0x03, 0x81, 0xC0, 0xE0, 0x70, 0x38, 0x1C, 0x0E, 0x07, 0x03, 0x81, 0xC0, 0xE0, 0x70, 0x38,
    0x1C, 0x0E, 0x07, 0x03, 0x80, 0x00, 0x00, 0xE0, 0x00, 0x0E, 0x00, 0x01, 0xE0, 0x00, 0x3E, 0x03,
    0xFF, 0xC0, 0xFF, 0xF8, 0x1F, 0xFF, 0x83, 0xF0, 0xFC, 0x7C, 0x03, 0xE7, 0x80, 0x1E, 0xF0, 0x00,
    0xFF, 0x00, 0x0F, 0xF0, 0x00, 0xFE, 0x00, 0x07, 0xE0, 0x00, 0x7E, 0x00, 0x07, 0xF0, 0x00, 0xFF,
    0x00, 0x0F, 0xF0, 0x00, 0xF7, 0x80, 0x1E, 0x7C, 0x03, 0xE3, 0xF0, 0xFC, 0x1F, 0xFF, 0x80, 0xFF,
    0xF0, 0x03, 0xFC, 0x00, 0x00, 0x06, 0x00, 0x1C, 0x00, 0x38, 0x00, 0xF0, 0xFF, 0xC3, 0xFF, 0x8F,
    0xFF, 0x3E, 0x3E, 0xF8, 0x3F, 0xE0, 0x3F, 0xC0, 0x7F, 0x00, 0x7E, 0x00, 0xFE, 0x03, 0xFC, 0x07,
    0xFC, 0x1F, 0x7C, 0x7C, 0xFF, 0xF0, 0xFF, 0xE0, 0x7F, 0x00, 0x00, 0x00, 0x70, 0x00, 0x07, 0x00,
    0x00, 0xF0, 0x00, 0x1F, 0xE0, 0x07, 0xEE, 0x00, 0x7C, 0xE0, 0x07, 0x0E, 0x00, 0x70, 0xE0, 0x07,
    0x0E, 0x00, 0x70, 0xE0, 0x07, 0x0E, 0x00, 0x70, 0xE0, 0x07, 0x0E, 0x00, 0x70, 0xE0, 0x07, 0x0E,
    0x00, 0x70, 0xE0, 0x07, 0x0E, 0x00, 0x70, 0xF0, 0x0F, 0x0F, 0x00, 0xF0, 0xF8, 0x1F, 0x07, 0xC3,
    0xE0, 0x3F, 0xFC, 0x01, 0xFF, 0x80, 0x0F, 0xF0, 0x00, 0x00, 0x03, 0x00, 0x07, 0x00, 0x07, 0x00,
    0x1F, 0xE0, 0x3E, 0xE0, 0x3C, 0xE0, 0x38, 0xE0, 0x38, 0xE0, 0x38, 0xE0, 0x38, 0xE0, 0x38, 0xE0,
    0x38, 0xE0, 0x38, 0xE0, 0x38, 0xF0, 0x78, 0xF0, 0x78, 0xF8, 0xF8, 0xFF, 0xF8, 0x7F, 0xF8, 0x3F,
    0x38, 0x00, 0x00, 0x01, 0x87, 0x00, 0x00, 0x00, 0x7F, 0xE0, 0x00, 0x00, 0x07, 0xF8, 0x00, 0x00,
    0x00, 0x7E, 0x00, 0x00, 0x00, 0x07, 0x80, 0x00, 0x00, 0x00, 0x00, 0x3F, 0xFC, 0x03, 0xFF, 0xFF,
    0xFF, 0xC0, 0x7F, 0xFF, 0xFF, 0xFE, 0x0F, 0xFF, 0xFC, 0x07, 0xC0, 0x00, 0x7B, 0x80, 0x7C, 0x00,
    0x1F, 0x70, 0x07, 0x80, 0x07, 0xCE, 0x00, 0x78, 0x00, 0xF1, 0xC0, 0x0F, 0x00, 0x3E, 0x38, 0x01,
    0xE0, 0x0F, 0x87, 0x00, 0x1C, 0x03, 0xE0, 0xE0, 0x03, 0x80, 0x78, 0x1C, 0x00, 0x70, 0x1F, 0x03,
    0x80, 0x1E, 0x07, 0xC0, 0x70, 0x03, 0xC1, 0xF0, 0x0E, 0x00, 0x78, 0x3E, 0x01, 0xC0, 0x1E, 0x0F,
    0x80, 0x38, 0x07, 0xC3, 0xE0, 0x07, 0x01, 0xF0, 0x7C, 0x00, 0xFF, 0xFE, 0x1F, 0xFF, 0xFF, 0xFF,
    0x83, 0xFF, 0xFF, 0xFF, 0xC0, 0x7F, 0xFF, 0x80, 0x00, 0x00, 0x02, 0x08, 0x00, 0x00, 0x0F, 0x7B,
    0xFF, 0xC0, 0x0F, 0xE7, 0xFF, 0xC0, 0x0F, 0x8F, 0xFF, 0xE0, 0x0E, 0x1C, 0x07, 0xC0, 0x00, 0x38,
    0x07, 0xC0, 0x00, 0x70, 0x07, 0x87, 0xFF, 0xE0, 0x07, 0x8F, 0xFF, 0xC0, 0x0F, 0x1F, 0xFF, 0x80,
    0x1E, 0x00, 0x7F, 0x00, 0x1C, 0x01, 0xEE, 0x00, 0x38, 0x07, 0x9C, 0x00, 0x70, 0x1F, 0x38, 0x01,
    0xE0, 0x3C, 0x70, 0x03, 0xC0, 0xF0, 0xE0, 0x07, 0x83, 0xE1, 0xC0, 0x1E, 0x07, 0x83, 0x80, 0x7C,
    0x1E, 0x07, 0x01, 0xF0, 0x78, 0x0F, 0xFF, 0xE0, 0xFF, 0xFF, 0xFF, 0x81, 0xFF, 0xFF, 0xFC, 0x03,
    0xFF, 0x80, 0x00, 0x00, 0x04, 0x10, 0x00, 0x38, 0x3D, 0xE0, 0x00, 0xE0, 0x7F, 0x00, 0x03, 0x80,
    0xFC, 0x00, 0x0E, 0x03, 0xE0, 0x00, 0x38, 0x00, 0x00, 0x00, 0xE0, 0x00, 0x03, 0xF3, 0x87, 0xFF,
    0x3F, 0xFE, 0x1F, 0xFD, 0xFF, 0xF8, 0x7F, 0xF7, 0xC7, 0xE0, 0x03, 0xFE, 0x0F, 0x80, 0x1E, 0xF0,
    0x1E, 0x00, 0xF3, 0xC0, 0x78, 0x03, 0xCE, 0x00, 0xE0, 0x1E, 0x38, 0x03, 0x80, 0xF0, 0xF0, 0x1E,
    0x07, 0xC3, 0xC0, 0x78, 0x1E, 0x0F, 0x83, 0xE0, 0xF0, 0x1F, 0x1F, 0x87, 0x80, 0x7F, 0xFE, 0x1F,
    0xFC, 0xFF, 0xF8, 0x7F, 0xF0, 0xFC, 0xE1, 0xFF, 0xC0, 0xE0, 0x00, 0x03, 0xFF, 0xE0, 0x00, 0x03,
    0xFF, 0xE0, 0x00, 0x03, 0xFF, 0xE0, 0x00, 0x00, 0x38, 0xE0, 0x00, 0x00, 0x38, 0xE0, 0x00, 0x00,
    0x38, 0xE0, 0x00, 0x00, 0x38, 0xE0, 0x00, 0x00, 0x38, 0xE0, 0x00, 0x00, 0x38, 0xE0, 0x00, 0x00,
    0x38, 0xE0, 0x00, 0x00, 0x38, 0xE0, 0x00, 0x00, 0x38, 0xE0, 0x00, 0x00, 0x38, 0xE0, 0x00, 0x00,
    0x38, 0xE0, 0x00, 0x00, 0x38, 0xE0, 0x00, 0x00, 0x78, 0xE0, 0x00, 0x60, 0x78, 0xE0, 0x00, 0xF8,
    0xF8, 0xFF, 0xF8, 0xFF, 0xF0, 0xFF, 0xF8, 0x7F, 0xE0, 0xFF, 0xF8, 0x1F, 0xC0, 0x00, 0x00, 0x78,
    0x00, 0x03, 0xF8, 0x00, 0x1F, 0xC0, 0x00, 0xFE, 0x00, 0x00, 0x70, 0x00, 0x03, 0x80, 0x00, 0x1C,
    0x00, 0x0E, 0xE0, 0x00, 0x77, 0x00, 0x03, 0xB8, 0x00, 0x1D, 0xC0, 0x00, 0xEE, 0x00, 0x07, 0x70,
    0x00, 0x3B, 0x80, 0x01, 0xDC, 0x00, 0x0E, 0xE0, 0x00, 0x77, 0x00, 0x03, 0xB8, 0x00, 0x1D, 0xC0,
    0x00, 0xEF, 0xFF, 0x87, 0x7F, 0xFC, 0x3B, 0xFF, 0xE1, 0xC0, 0x00, 0x0E, 0x00, 0x00, 0xF0, 0x00,
    0x07, 0x80, 0x00, 0xFC, 0x00, 0x07, 0xC0, 0x00, 0x3C, 0x00, 0x01, 0xFC, 0x3F, 0x87, 0xF0, 0xFE,
    0x01, 0xC0, 0x38, 0x07, 0x0E, 0xE1, 0xDC, 0x3B, 0x87, 0x70, 0xEE, 0x1D, 0xC3, 0xB8, 0x77, 0x0E,
    0xE1, 0xDC, 0x3B, 0x87, 0x70, 0xEE, 0x1D, 0xC3, 0xB8, 0x70, 0x0E, 0x03, 0xC0, 0x78, 0x3F, 0x07,
    0xC0, 0xF0, 0xF0, 0x03, 0x80, 0x0F, 0xFF, 0xC0, 0x0E, 0x00, 0x3F, 0xFF, 0x80, 0x38, 0x00, 0xFF,
    0xFF, 0x00, 0xE0, 0x00, 0x70, 0xFC, 0x03, 0x80, 0x01, 0xC3, 0xF8, 0x0E, 0x00, 0x07, 0x0F, 0xF0,
    0x38, 0x00, 0x1C, 0x3B, 0xE0, 0xE0, 0x00, 0x70, 0xE7, 0x83, 0x80, 0x01, 0xC3, 0x8F, 0x0E, 0x00,
    0x07, 0x0E, 0x3E, 0x38, 0x00, 0x1C, 0x38, 0x78, 0xE0, 0x00, 0x70, 0xE0, 0xF3, 0x80, 0x01, 0xC3,
    0x83, 0xEE, 0x00, 0x07, 0x0E, 0x07, 0xF8, 0x00, 0x1C, 0x38, 0x0F, 0xE0, 0x40, 0xF0, 0xE0, 0x1F,
    0x83, 0x83, 0xC3, 0x80, 0x7E, 0x0F, 0x1F, 0x0E, 0x00, 0xF8, 0x3F, 0xF8, 0x38, 0x01, 0xE0, 0x7F,
    0xC0, 0xE0, 0x07, 0x80, 0xFE, 0x00, 0x00, 0x00, 0x03, 0xC0, 0x00, 0x00, 0xFF, 0x00, 0x38, 0x3F,
    0xC0, 0x0E, 0x0F, 0xF8, 0x03, 0x80, 0x3F, 0x00, 0xE0, 0x0F, 0xC0, 0x38, 0x03, 0xF8, 0x0E, 0x07,
    0xFF, 0x03, 0x81, 0xFB, 0xE0, 0xE0, 0x7E, 0x78, 0x38, 0x1F, 0x9F, 0x0E, 0x07, 0xE3, 0xE3, 0x81,
    0xF8, 0x78, 0xE0, 0x7E, 0x0F, 0x38, 0x1F, 0x83, 0xEE, 0x07, 0xE0, 0x7F, 0x81, 0xF8, 0x0F, 0xE0,
    0x7E, 0x01, 0xF8, 0x1F, 0x80, 0x7E, 0x07, 0xE0, 0x0F, 0x81, 0xF8, 0x01, 0xE0, 0x7E, 0x00, 0x78,
    0x1C, 0x00, 0x00, 0x07, 0x00, 0x00, 0x03, 0xC0, 0x00, 0x00, 0xF0, 0x00, 0x01, 0xFC, 0x00, 0x00,
    0x7E, 0x00, 0x00, 0x0F, 0x00, 0x00, 0x00, 0x78, 0x00, 0x03, 0xC0, 0x00, 0x1E, 0x00, 0x00, 0xF0,
    0x00, 0x00, 0x00, 0x00, 0x00, 0x00, 0x00, 0x1C, 0xFC, 0x07, 0xEF, 0xF0, 0x3F, 0xFF, 0xC1, 0xFE,
    0x3E, 0x0F, 0xE0, 0xF0, 0x7F, 0x03, 0x83, 0xF0, 0x1C, 0x1F, 0x80, 0xE0, 0xFC, 0x07, 0x07, 0xE0,
    0x38, 0x3F, 0x01, 0xC1, 0xF8, 0x0E, 0x0F, 0xC0, 0x70, 0x7E, 0x03, 0x83, 0xF0, 0x1C, 0x1F, 0x80,
    0xE0, 0xE0, 0x00, 0x07, 0x00, 0x00, 0x78, 0x00, 0x03, 0xC0, 0x00, 0xFE, 0x00, 0x07, 0xE0, 0x00,
    0x1E, 0x00, 0x03, 0x0E, 0x00, 0x7F, 0xE0, 0x03, 0xFC, 0x00, 0x1F, 0x80, 0x00, 0xF0, 0x00, 0x00,
    0x00, 0x00, 0xF0, 0x00, 0x0F, 0x80, 0x01, 0xF8, 0x00, 0x1F, 0xC0, 0x01, 0xFC, 0x00, 0x3F, 0xC0,
    0x03, 0xDE, 0x00, 0x79, 0xE0, 0x07, 0x9E, 0x00, 0x78, 0xF0, 0x0F, 0x0F, 0x00, 0xF0, 0xF8, 0x0E,
    0x07, 0x81, 0xFF, 0xF8, 0x1F, 0xFF, 0xC3, 0xFF, 0xFC, 0x3C, 0x03, 0xC3, 0xC0, 0x1E, 0x78, 0x01,
    0xE7, 0x80, 0x1F, 0x78, 0x00, 0xF0, 0x0C, 0x30, 0x0E, 0x70, 0x0F, 0xF0, 0x07, 0xE0, 0x03, 0xC0,
    0x00, 0x00, 0x00, 0x00, 0x0F, 0xCE, 0x3F, 0xFE, 0x7F, 0xFE, 0x7C, 0x7E, 0xF8, 0x3E, 0xF0, 0x1E,
    0xF0, 0x1E, 0xE0, 0x0E, 0xE0, 0x0E, 0xF0, 0x1E, 0xF0, 0x1E, 0xF8, 0x3E, 0x7C, 0x7E, 0x7F, 0xFE,
    0x3F, 0xEE, 0x0F, 0xCE, 0xE1, 0xFF, 0xF7, 0xF8, 0xF8, 0x1C, 0x00, 0x0F, 0xFF, 0xFF, 0xFF, 0xC7,
    0x01, 0xC0, 0x70, 0x1C, 0x07, 0x01, 0xC0, 0x70, 0x1C, 0x07, 0x01, 0xC0, 0x70, 0x1C, 0x07, 0x01,
    0xC0, 0x70, 0xFF, 0xFF, 0xFF, 0xFC, 0x41, 0x7B, 0xDF, 0xCF, 0xC3, 0xE0, 0x00, 0x00, 0x38, 0x1C,
    0x0E, 0x07, 0x03, 0x81, 0xC0, 0xE0, 0x70, 0x38, 0x1C, 0x0E, 0x07, 0x03, 0x81, 0xC0, 0xE0, 0x70,
    0x07, 0x0E, 0x00, 0x7F, 0xE0, 0x03, 0xFC, 0x00, 0x0F, 0x00, 0x00, 0x00, 0x00, 0x00, 0x00, 0x03,
    0xFC, 0x00, 0xFF, 0xF0, 0x1F, 0xFF, 0x83, 0xF0, 0xFC, 0x7C, 0x03, 0xE7, 0x80, 0x1E, 0xF0, 0x00,
    0xFF, 0x00, 0x0F, 0xF0, 0x00, 0xFE, 0x00, 0x07, 0xE0, 0x00, 0x7E, 0x00, 0x07, 0xF0, 0x00, 0xFF,
    0x00, 0x0F, 0xF0, 0x00, 0xF7, 0x80, 0x1E, 0x7C, 0x03, 0xE3, 0xF0, 0xFC, 0x1F, 0xFF, 0x80, 0xFF,
    0xF0, 0x03, 0xFC, 0x00, 0x0C, 0x30, 0x1E, 0x78, 0x0F, 0xF0, 0x07, 0xE0, 0x03, 0xC0, 0x00, 0x00,
    0x00, 0x00, 0x0F, 0xF0, 0x1F, 0xF8, 0x3F, 0xFC, 0x7C, 0x3E, 0xF8, 0x1F, 0xF0, 0x0F, 0xF0, 0x0F,
    0xE0, 0x07, 0xE0, 0x07, 0xF0, 0x0F, 0xF0, 0x0F, 0xF8, 0x1F, 0x7C, 0x3E, 0x3F, 0xFC, 0x1F, 0xF8,
    0x0F, 0xF0, 0x1C, 0x30, 0x0F, 0xFC, 0x03, 0xF8, 0x00, 0x78, 0x00, 0x00, 0x00, 0x00, 0x03, 0x80,
    0x1D, 0xC0, 0x0E, 0xE0, 0x07, 0x70, 0x03, 0xB8, 0x01, 0xDC, 0x00, 0xEE, 0x00, 0x77, 0x00, 0x3B,
    0x80, 0x1D, 0xC0, 0x0E, 0xE0, 0x07, 0x70, 0x03, 0xB8, 0x01, 0xDC, 0x00, 0xEF, 0x00, 0xF7, 0x80,
    0x7B, 0xE0, 0x7C, 0xF8, 0x7C, 0x3F, 0xFC, 0x0F, 0xFC, 0x03, 0xFC, 0x00, 0x10, 0x40, 0xF7, 0x81,
    0xFC, 0x03, 0xE0, 0x07, 0x00, 0x00, 0x00, 0x00, 0x38, 0x0E, 0xE0, 0x3B, 0x80, 0xEE, 0x03, 0xB8,
    0x0E, 0xE0, 0x3B, 0x80, 0xEE, 0x03, 0xB8, 0x0E, 0xE0, 0x3B, 0xC1, 0xEF, 0x07, 0xBE, 0x3E, 0xFF,
    0xF9, 0xFE, 0xE3, 0xF3, 0x80, 0x0F, 0xF0, 0x0F, 0xF0, 0x0F, 0xF0, 0x00, 0x00, 0x0E, 0x70, 0x0E,
    0x70, 0x0E, 0x70, 0x00, 0x00, 0x00, 0x00, 0xE0, 0x07, 0xE0, 0x07, 0xE0, 0x07, 0xE0, 0x07, 0xE0,
    0x07, 0xE0, 0x07, 0xE0, 0x07, 0xE0, 0x07, 0xE0, 0x07, 0xE0, 0x07, 0xE0, 0x07, 0xE0, 0x07, 0xE0,
    0x07, 0xE0, 0x07, 0xE0, 0x07, 0xE0, 0x07, 0xF0, 0x0F, 0x78, 0x1E, 0x7F, 0xFE, 0x3F, 0xFC, 0x0F,
    0xF0, 0x3F, 0xE1, 0xFF, 0x07, 0xF8, 0x00, 0x03, 0x8E, 0x1C, 0x70, 0xE3, 0x80, 0x00, 0x00, 0x07,
    0x01, 0xF8, 0x0F, 0xC0, 0x7E, 0x03, 0xF0, 0x1F, 0x80, 0xFC, 0x07, 0xE0, 0x3F, 0x01, 0xF8, 0x0F,
    0xC0, 0x7E, 0x07, 0xF8, 0x3F, 0xFF, 0xEF, 0xFF, 0x3F, 0x98, 0x00, 0x70, 0x00, 0xF0, 0x01, 0xE0,
    0x03, 0x80, 0x00, 0x00, 0x0E, 0x70, 0x0E, 0x70, 0x0E, 0x70, 0x00, 0x00, 0x00, 0x00, 0xE0, 0x07,
    0xE0, 0x07, 0xE0, 0x07, 0xE0, 0x07, 0xE0, 0x07, 0xE0, 0x07, 0xE0, 0x07, 0xE0, 0x07, 0xE0, 0x07,
    0xE0, 0x07, 0xE0, 0x07, 0xE0, 0x07, 0xE0, 0x07, 0xE0, 0x07, 0xE0, 0x07, 0xE0, 0x07, 0xF0, 0x0F,
    0x78, 0x1E, 0x7F, 0xFE, 0x3F, 0xFC, 0x0F, 0xF0, 0x01, 0xE0, 0x0E, 0x00, 0xE0, 0x0E, 0x00, 0x60,
    0x0C, 0x70, 0xE3, 0x83, 0x1C, 0x00, 0x00, 0x00, 0x38, 0x0F, 0xC0, 0x7E, 0x03, 0xF0, 0x1F, 0x80,
    0xFC, 0x07, 0xE0, 0x3F, 0x01, 0xF8, 0x0F, 0xC0, 0x7E, 0x03, 0xF0, 0x3F, 0xC1, 0xFF, 0xFF, 0x7F,
    0xF9, 0xFC, 0xC0, 0x1C, 0x38, 0x1E, 0x78, 0x0F, 0xF0, 0x07, 0xE0, 0x03, 0xC0, 0x00, 0x00, 0x0E,
    0x70, 0x0E, 0x70, 0x0E, 0x70, 0x00, 0x00, 0x00, 0x00, 0xE0, 0x07, 0xE0, 0x07, 0xE0, 0x07, 0xE0,
    0x07, 0xE0, 0x07, 0xE0, 0x07, 0xE0, 0x07, 0xE0, 0x07, 0xE0, 0x07, 0xE0, 0x07, 0xE0, 0x07, 0xE0,
    0x07, 0xE0, 0x07, 0xE0, 0x07, 0xE0, 0x07, 0xE0, 0x07, 0xF0, 0x0F, 0x78, 0x1E, 0x7F, 0xFE, 0x3F,
    0xFC, 0x0F, 0xF0, 0x38, 0xF1, 0xEF, 0x07, 0xF0, 0x1F, 0x00, 0x70, 0x0C, 0x70, 0xE3, 0x83, 0x1C,
    0x00, 0x00, 0x00, 0x38, 0x0F, 0xC0, 0x7E, 0x03, 0xF0, 0x1F, 0x80, 0xFC, 0x07, 0xE0, 0x3F, 0x01,
    0xF8, 0x0F, 0xC0, 0x7E, 0x03, 0xF0, 0x3F, 0xC1, 0xFF, 0xFF, 0x7F, 0xF9, 0xFC, 0xC0, 0x0F, 0x00,
    0x0F, 0x00, 0x07, 0x80, 0x01, 0xC0, 0x00, 0x00, 0x0E, 0x70, 0x0E, 0x70, 0x0E, 0x70, 0x00, 0x00,
    0x00, 0x00, 0xE0, 0x07, 0xE0, 0x07, 0xE0, 0x07, 0xE0, 0x07, 0xE0, 0x07, 0xE0, 0x07, 0xE0, 0x07,
    0xE0, 0x07, 0xE0, 0x07, 0xE0, 0x07, 0xE0, 0x07, 0xE0, 0x07, 0xE0, 0x07, 0xE0, 0x07, 0xE0, 0x07,
    0xE0, 0x07, 0xF0, 0x0F, 0x78, 0x1E, 0x7F, 0xFE, 0x3F, 0xFC, 0x0F, 0xF0, 0x3C, 0x00, 0xF0, 0x03,
    0x80, 0x0E, 0x00, 0x30, 0x0C, 0x70, 0xE3, 0x83, 0x1C, 0x00, 0x00, 0x00, 0x38, 0x0F, 0xC0, 0x7E,
    0x03, 0xF0, 0x1F, 0x80, 0xFC, 0x07, 0xE0, 0x3F, 0x01, 0xF8, 0x0F, 0xC0, 0x7E, 0x03, 0xF0, 0x3F,
    0xC1, 0xFF, 0xFF, 0x7F, 0xF9, 0xFC, 0xC0, 0x7F, 0xC3, 0xFF, 0x8F, 0xFF, 0x00, 0x1E, 0x00, 0x38,
    0x00, 0xF0, 0x01, 0xFF, 0xFF, 0xFF, 0xFF, 0xFF, 0xFE, 0x03, 0xF8, 0x0E, 0xF0, 0x79, 0xFF, 0xC3,
    0xFF, 0x07, 0xF0, 0x07, 0xFC, 0x00, 0xFF, 0x80, 0x1F, 0xE0, 0x00, 0x00, 0x00, 0x71, 0xC0, 0x0E,
    0x38, 0x01, 0xC7, 0x00, 0x00, 0x00, 0x00, 0x00, 0x00, 0x3C, 0x00, 0x07, 0xC0, 0x00, 0xF8, 0x00,
    0x3F, 0x80, 0x07, 0x70, 0x00, 0xEE, 0x00, 0x3D, 0xE0, 0x07, 0x1C, 0x01, 0xE3, 0x80, 0x38, 0x78,
    0x07, 0x07, 0x01, 0xE0, 0xF0, 0x3F, 0xFE, 0x07, 0xFF, 0xC1, 0xFF, 0xFC, 0x38, 0x03, 0x8F, 0x00,
    0x71, 0xC0, 0x0F, 0x38, 0x00, 0xEF, 0x00, 0x1D, 0xC0, 0x03, 0xC0, 0x3F, 0xE1, 0xFF, 0x07, 0xF8,
    0x00, 0x03, 0x8E, 0x1C, 0x70, 0xE3, 0x80, 0x00, 0x00, 0x00, 0xFF, 0x1F, 0xFC, 0x7F, 0xF0, 0x07,
    0x80, 0x1C, 0x00, 0xE3, 0xFF, 0x7F, 0xFF, 0xFF, 0xFC, 0x0F, 0xC0, 0x7E, 0x07, 0xF0, 0x7F, 0xFF,
    0xEF, 0xFF, 0x3F, 0x38, 0x07, 0xFC, 0x00, 0x7F, 0xC0, 0x07, 0xFC, 0x00, 0x00, 0x00, 0x00, 0xE0,
    0x00, 0x0E, 0x00, 0x00, 0xE0, 0x00, 0x00, 0x00, 0x00, 0x00, 0x00, 0x0E, 0x00, 0x01, 0xE0, 0x00,
    0x1F, 0x00, 0x01, 0xF0, 0x00, 0x3B, 0x80, 0x03, 0xB8, 0x00, 0x7B, 0x80, 0x07, 0x1C, 0x00, 0x71,
    0xC0, 0x0E, 0x1E, 0x00, 0xE0, 0xE0, 0x1E, 0x0F, 0x01, 0xFF, 0xF0, 0x1F, 0xFF, 0x03, 0xFF, 0xF8,
    0x38, 0x03, 0x87, 0x80, 0x3C, 0x70, 0x01, 0xC7, 0x00, 0x1C, 0xF0, 0x01, 0xEE, 0x00, 0x0E, 0x3F,
    0xE1, 0xFF, 0x0F, 0xF8, 0x00, 0x00, 0x70, 0x03, 0x80, 0x1C, 0x00, 0x00, 0x00, 0x01, 0xFF, 0x1F,
    0xFC, 0xFF, 0xF0, 0x07, 0x80, 0x1C, 0x00, 0xE3, 0xFF, 0x7F, 0xFF, 0xFF, 0xFC, 0x0F, 0xC0, 0x7E,
    0x07, 0xF0, 0x7F, 0xFF, 0xEF, 0xFF, 0x3F, 0x38, 0x00, 0x1F, 0xF0, 0x00, 0x0F, 0xF8, 0x00, 0x07,
    0xFC, 0x00, 0x00, 0x00, 0x00, 0x00, 0x00, 0x00, 0x01, 0xFF, 0xFC, 0x00, 0xFF, 0xFE, 0x00, 0xFF,
    0xFF, 0x00, 0x73, 0x80, 0x00, 0x79, 0xC0, 0x00, 0x38, 0xE0, 0x00, 0x3C, 0x70, 0x00, 0x1C, 0x38,
    0x00, 0x1E, 0x1C, 0x00, 0x0E, 0x0F, 0xFE, 0x0F, 0x07, 0xFF, 0x07, 0x03, 0xFF, 0x03, 0xFF, 0xC0,
    0x03, 0xFF, 0xE0, 0x01, 0xFF, 0xF0, 0x01, 0xE0, 0x38, 0x00, 0xE0, 0x1C, 0x00, 0xF0, 0x0E, 0x00,
    0x70, 0x07, 0xFF, 0x78, 0x03, 0xFF, 0xB8, 0x01, 0xFF, 0xC0, 0x01, 0xFF, 0x00, 0x03, 0xFE, 0x00,
    0x07, 0xFC, 0x00, 0x00, 0x00, 0x00, 0x00, 0x00, 0x07, 0xF8, 0xFE, 0x1F, 0xFB, 0xFE, 0x3F, 0xFF,
    0xFE, 0x00, 0x7C, 0x1C, 0x00, 0x70, 0x3C, 0x00, 0xE0, 0x38, 0xFF, 0xFF, 0xF7, 0xFF, 0xFF, 0xFF,
    0xFF, 0xFF, 0xBC, 0x0E, 0x00, 0x70, 0x1C, 0x00, 0xE0, 0x7C, 0x01, 0xC1, 0xF8, 0x03, 0xFF, 0xFF,
    0xF3, 0xFE, 0x7F, 0xE3, 0xF8, 0x7F, 0xC0, 0x03, 0xFF, 0x01, 0xFF, 0xF0, 0x7F, 0xFC, 0x1E, 0x00,
    0x87, 0x80, 0x00, 0xE0, 0x00, 0x3C, 0x00, 0x07, 0x00, 0x00, 0xE0, 0x00, 0x1C, 0x07, 0xF3, 0x81,
    0xFE, 0x70, 0x3F, 0xCE, 0x00, 0x39, 0xC0, 0x07, 0x3C, 0x0F, 0xFF, 0x81, 0xFF, 0x78, 0x3F, 0xEF,
    0x80, 0x70, 0xFF, 0xFE, 0x0F, 0xFF, 0xC0, 0x7F, 0xF0, 0x1F, 0xDC, 0x7F, 0xF9, 0xFF, 0xF7, 0x81,
    0xEF, 0x03, 0xDC, 0x03, 0xB8, 0x07, 0x70, 0x0E, 0xE0, 0x1D, 0xC0, 0x3B, 0xC0, 0x77, 0x81, 0xE7,
    0xCF, 0xC7, 0xFF, 0x87, 0xF7, 0x01, 0x0E, 0x00, 0x1C, 0x07, 0xFC, 0x0F, 0xFA, 0x01, 0xE7, 0xFF,
    0xCF, 0xFF, 0x1F, 0xF8, 0x00, 0x03, 0x0E, 0x00, 0x7F, 0xE0, 0x01, 0xFC, 0x00, 0x0F, 0x80, 0x00,
    0x00, 0x00, 0x00, 0x00, 0x03, 0xFE, 0x00, 0xFF, 0xF0, 0x1F, 0xFF, 0xC3, 0xF0, 0xFC, 0x7C, 0x03,
    0x87, 0x80, 0x10, 0xF0, 0x00, 0x0F, 0x00, 0x00, 0xF0, 0x00, 0x0E, 0x00, 0x00, 0xE0, 0x3F, 0xEE,
    0x03, 0xFE, 0xF0, 0x3F, 0xEF, 0x00, 0x0E, 0xF8, 0x01, 0xE7, 0x80, 0x1E, 0x7C, 0x03, 0xC3, 0xF0,
    0xFC, 0x1F, 0xFF, 0x80, 0xFF, 0xF0, 0x03, 0xFC, 0x00, 0x0C, 0x18, 0x0F, 0x78, 0x07, 0xF0, 0x03,
    0xE0, 0x01, 0xC0, 0x00, 0x00, 0x00, 0x00, 0x0F, 0xE7, 0x1F, 0xFF, 0x3F, 0xFF, 0x7C, 0x3F, 0xF8,
    0x1F, 0xF0, 0x0F, 0xF0, 0x0F, 0xE0, 0x07, 0xE0, 0x07, 0xF0, 0x0F, 0xF0, 0x0F, 0xF8, 0x1F, 0x7C,
    0x3F, 0x3F, 0xFF, 0x1F, 0xF7, 0x0F, 0xE7, 0x00, 0x0F, 0x00, 0x0F, 0x10, 0x1F, 0x3E, 0x7E, 0x3F,
    0xFE, 0x3F, 0xF8, 0x0F, 0xF0, 0x38, 0x30, 0x3C, 0xF0, 0x1F, 0xE0, 0x0F, 0xC0, 0x07, 0x80, 0x00,
    0x00, 0x00, 0x00, 0xE0, 0x1E, 0xE0, 0x3C, 0xE0, 0x78, 0xE0, 0xF0, 0xE1, 0xE0, 0xE1, 0xC0, 0xE3,
    0xC0, 0xE7, 0x80, 0xEF, 0x00, 0xFE, 0x00, 0xFF, 0x00, 0xFF, 0x80, 0xF7, 0xC0, 0xE3, 0xC0, 0xE1,
    0xE0, 0xE0, 0xF0, 0xE0, 0xF0, 0xE0, 0x78, 0xE0, 0x3C, 0xE0, 0x1E, 0xE0, 0x1E, 0xE1, 0xE0, 0x1E,
    0xF0, 0x03, 0xF8, 0x00, 0x7C, 0x00, 0x0E, 0x00, 0x00, 0x00, 0x00, 0x00, 0x00, 0x38, 0x00, 0x0E,
    0x00, 0x03, 0x80, 0x00, 0xE0, 0x00, 0x38, 0x00, 0x0E, 0x00, 0x03, 0x81, 0xE0, 0xE0, 0xF0, 0x38,
    0x78, 0x0E, 0x3C, 0x03, 0x9E, 0x00, 0xEF, 0x00, 0x3F, 0x80, 0x0F, 0xE0, 0x03, 0xFC, 0x00, 0xF7,
    0x80, 0x39, 0xE0, 0x0E, 0x3C, 0x03, 0x87, 0x80, 0xE0, 0xF0, 0x38, 0x3C, 0x0E, 0x07, 0x80, 0x03,
    0xFC, 0x00, 0xFF, 0xF0, 0x1F, 0xFF, 0x83, 0xF0, 0xFC, 0x7C, 0x03, 0xE7, 0x80, 0x1E, 0xF0, 0x00,
    0xFF, 0x00, 0x0F, 0xF0, 0x00, 0xFE, 0x00, 0x07, 0xE0, 0x00, 0x7E, 0x00, 0x07, 0xF0, 0x00, 0xFF,
    0x00, 0x0F, 0xF0, 0x00, 0xF7, 0x80, 0x1E, 0x7C, 0x03, 0xE3, 0xF0, 0xFC, 0x1F, 0xFF, 0x80, 0xFF,
    0xF0, 0x03, 0xFE, 0x00, 0x07, 0x80, 0x00, 0x78, 0x00, 0x07, 0xA0, 0x00, 0x7F, 0x00, 0x07, 0xF0,
    0x00, 0x3E, 0x00, 0x0F, 0xF0, 0x1F, 0xF8, 0x3F, 0xFC, 0x7C, 0x3E, 0xF8, 0x1F, 0xF0, 0x0F, 0xF0,
    0x0F, 0xE0, 0x07, 0xE0, 0x07, 0xF0, 0x0F, 0xF0, 0x0F, 0xF8, 0x1F, 0x7C, 0x3E, 0x3F, 0xFC, 0x1F,
    0xF8, 0x0F, 0xF0, 0x01, 0xE0, 0x01, 0xC0, 0x01, 0xE8, 0x01, 0xFC, 0x01, 0xFC, 0x00, 0xF8, 0x07,
    0xFC, 0x00, 0xFF, 0x80, 0x1F, 0xF0, 0x00, 0x00, 0x00, 0x00, 0x00, 0x0F, 0xF8, 0x07, 0xFF, 0xC1,
    0xFF, 0xFC, 0x7C, 0x07, 0xCF, 0x00, 0x7B, 0xC0, 0x07, 0xF8, 0x00, 0xFE, 0x00, 0x0F, 0xC0, 0x01,
    0xF8, 0x00, 0x3F, 0x00, 0x07, 0xE0, 0x00, 0xFC, 0x00, 0x1F, 0x80, 0x03, 0xF8, 0x00, 0xFF, 0x00,
    0x1E, 0xF0, 0x07, 0x9F, 0x01, 0xE1, 0xFF, 0xFC, 0x1F, 0xFF, 0x00, 0xFF, 0x80, 0x03, 0xC0, 0x00,
    0x70, 0x00, 0x1C, 0x00, 0x03, 0xC0, 0x00, 0x7E, 0x00, 0x07, 0xC0, 0x00, 0x20, 0x00, 0x1F, 0xF0,
    0x3F, 0xE0, 0x7F, 0xC0, 0x00, 0x00, 0x00, 0x01, 0xFC, 0x0F, 0xFC, 0x3F, 0xFC, 0x70, 0x3D, 0xE0,
    0x3B, 0x80, 0x7F, 0x00, 0x7E, 0x00, 0xFC, 0x01, 0xF8, 0x03, 0xF0, 0x0F, 0xF0, 0x1C, 0xE0, 0x79,
    0xFF, 0xE1, 0xFF, 0xC0, 0xFE, 0x00, 0x70, 0x01, 0xC0, 0x03, 0x80, 0x07, 0x00, 0x0F, 0xC0, 0x1F,
    0x80, 0x04, 0x00, 0x3C, 0x78, 0x3D, 0xE0, 0x3F, 0x80, 0x3E, 0x00, 0x38, 0x00, 0x00, 0x00, 0x00,
    0x3F, 0xFE, 0x7F, 0xFC, 0xFF, 0xF8, 0x01, 0xE0, 0x07, 0x80, 0x1E, 0x00, 0x78, 0x01, 0xE0, 0x07,
    0x80, 0x1F, 0xF0, 0x3F, 0xF0, 0x03, 0xF0, 0x00, 0xF0, 0x01, 0xE0, 0x01, 0xC0, 0x03, 0x80, 0x0F,
    0x80, 0x3D, 0xFF, 0xFB, 0xFF, 0xE3, 0xFF, 0x00, 0x30, 0x70, 0xF3, 0xC1, 0xFE, 0x03, 0xF0, 0x07,
    0x80, 0x00, 0x00, 0x00, 0x1F, 0xFE, 0x7F, 0xF9, 0xFF, 0xE0, 0x0F, 0x00, 0x78, 0x03, 0xC0, 0x1E,
    0x00, 0x70, 0x03, 0x80, 0x1F, 0xC0, 0x7F, 0xC0, 0xFF, 0x80, 0x1E, 0x00, 0x3C, 0x00, 0xF0, 0x01,
    0xC0, 0x07, 0x00, 0x3C, 0x00, 0xF8, 0x07, 0xBF, 0xFC, 0xFF, 0xE1, 0xFF, 0x00, 0xE0, 0xEE, 0x39,
    0xFE, 0x1F, 0x81, 0xE0, 0x00, 0x00, 0x00, 0x70, 0x0E, 0x01, 0xC0, 0x38, 0x07, 0x00, 0xE0, 0x1C,
    0x03, 0x80, 0x70, 0x0E, 0x01, 0xC0, 0x38, 0x07, 0x00, 0xE0, 0x1C, 0x03, 0x80, 0x70, 0x0E, 0x01,
    0xC0, 0x78, 0x7F, 0x0F, 0xC1, 0xF0, 0x00, 0xFF, 0xF0, 0x0F, 0xFF, 0xFF, 0xFF, 0x01, 0xFF, 0xFF,
    0xFF, 0xF8, 0x3F, 0xFF, 0xF0, 0x1F, 0x00, 0x01, 0xEE, 0x01, 0xF0, 0x00, 0x7D, 0xC0, 0x1E, 0x00,
    0x1F, 0x38, 0x01, 0xE0, 0x03, 0xC7, 0x00, 0x3C, 0x00, 0xF8, 0xE0, 0x07, 0x80, 0x3E, 0x1C, 0x00,
    0x70, 0x0F, 0x83, 0x80, 0x0E, 0x01, 0xE0, 0x70, 0x01, 0xC0, 0x7C, 0x0E, 0x00, 0x78, 0x1F, 0x01,
    0xC0, 0x0F, 0x07, 0xC0, 0x38, 0x01, 0xE0, 0xF8, 0x07, 0x00, 0x78, 0x3E, 0x00, 0xE0, 0x1F, 0x0F,
    0x80, 0x1C, 0x07, 0xC1, 0xF0, 0x03, 0xFF, 0xF8, 0x7F, 0xFF, 0xFF, 0xFE, 0x0F, 0xFF, 0xFF, 0xFF,
    0x01, 0xFF, 0xFE, 0xFF, 0xF0, 0x00, 0x01, 0xFF, 0xF0, 0x00, 0x03, 0xFF, 0xF8, 0x00, 0x07, 0x01,
    0xF0, 0x00, 0x0E, 0x01, 0xF0, 0x00, 0x1C, 0x01, 0xE1, 0xFF, 0xF8, 0x01, 0xE3, 0xFF, 0xF0, 0x03,
    0xC7, 0xFF, 0xE0, 0x07, 0x80, 0x1F, 0xC0, 0x07, 0x00, 0x7B, 0x80, 0x0E, 0x01, 0xE7, 0x00, 0x1C,
    0x07, 0xCE, 0x00, 0x78, 0x0F, 0x1C, 0x00, 0xF0, 0x3C, 0x38, 0x01, 0xE0, 0xF8, 0x70, 0x07, 0x81,
    0xE0, 0xE0, 0x1F, 0x07, 0x81, 0xC0, 0x7C, 0x1E, 0x03, 0xFF, 0xF8, 0x3F, 0xFF, 0xFF, 0xE0, 0x7F,
    0xFF, 0xFF, 0x00, 0xFF, 0xE0, 0x00, 0x1C, 0x00, 0x00, 0x00, 0xE0, 0x00, 0x00, 0x07, 0x00, 0x00,
    0x00, 0x38, 0x00, 0x00, 0x01, 0xC0, 0x00, 0x00, 0x0E, 0x00, 0x00, 0x7F, 0x70, 0xFF, 0xE7, 0xFF,
    0x87, 0xFF, 0x7F, 0xFC, 0x3F, 0xFF, 0x81, 0xE0, 0x03, 0xFC, 0x0F, 0x00, 0x3D, 0xC0, 0x38, 0x03,
    0xCE, 0x01, 0xC0, 0x1C, 0x70, 0x0E, 0x01, 0xE3, 0x80, 0x70, 0x1E, 0x1C, 0x03, 0x80, 0xE0, 0xE0,
    0x1C, 0x0E, 0x07, 0x81, 0xE0, 0xF0, 0x3C, 0x0F, 0x07, 0x00, 0xFF, 0xF8, 0x7F, 0xF3, 0xFF, 0xC3,
    0xFF, 0x8F, 0xEE, 0x1F, 0xFC, 0x00, 0x3C, 0x00, 0x1E, 0x00, 0x1E, 0x00, 0x1E, 0x00, 0x0E, 0x00,
    0x00, 0x00, 0x00, 0x00, 0x07, 0xFE, 0x0F, 0xFF, 0x8F, 0xFF, 0x8F, 0x00, 0x4F, 0x00, 0x07, 0x00,
    0x07, 0x80, 0x03, 0x80, 0x01, 0xC0, 0x00, 0xE0, 0x3F, 0xF0, 0x3F, 0xF8, 0x1F, 0xFC, 0x00, 0x7E,
    0x00, 0x3F, 0x80, 0x1F, 0xC0, 0x0E, 0xF0, 0x07, 0x3C, 0x03, 0x9F, 0xFF, 0xC7, 0xFF, 0xE0, 0xFF,
    0xF0, 0x00, 0xF0, 0x07, 0x80, 0x1C, 0x00, 0xE0, 0x07, 0x00, 0x00, 0x00, 0x00, 0x07, 0xF7, 0x3F,
    0xFD, 0xFF, 0xFF, 0x03, 0xFC, 0x0F, 0xE0, 0x1F, 0x80, 0x7E, 0x01, 0xF8, 0x07, 0xE0, 0x1F, 0x80,
    0x7F, 0x01, 0xFC, 0x0F, 0x7F, 0xFC, 0xFF, 0xF1, 0xFD, 0xC0, 0x07, 0x00, 0x1C, 0x00, 0x74, 0x03,
    0xDF, 0xFE, 0x7F, 0xF9, 0xFF, 0x80, 0xE0, 0x1C, 0x03, 0x80, 0x70, 0x0E, 0x01, 0xC0, 0x38, 0x07,
    0x00, 0xE0, 0x1C, 0x03, 0x80, 0x70, 0x7E, 0x01, 0xC1, 0xF8, 0x07, 0x07, 0xFF, 0xFC, 0x1F, 0xFF,
    0xF0, 0x7F, 0xFF, 0xC1, 0xF8, 0x07, 0x07, 0xE0, 0x1C, 0x1F, 0x80, 0x70, 0x7E, 0x01, 0xC1, 0xF8,
    0x07, 0x07, 0xE0, 0x1C, 0x1F, 0x80, 0x78, 0x7E, 0x00, 0xFF, 0xF8, 0x03, 0xFE, 0xE0, 0x07, 0xF0,
    0xE7, 0xF1, 0xDF, 0xF3, 0xFF, 0xF7, 0xC0, 0xFF, 0x00, 0xFE, 0x01, 0xF8, 0x03, 0xF0, 0x07, 0xE0,
    0x0F, 0xC0, 0x1F, 0x80, 0x7F, 0x00, 0xFE, 0x03, 0xDC, 0x07, 0xB8, 0x1E, 0x70, 0x78, 0xE3, 0xE1,
    0xCF, 0x83, 0xFE, 0x07, 0xF0, 0x0F, 0x80, 0x1C, 0x00, 0x38, 0x00, 0x70, 0x00, 0xE0, 0x01, 0xC0,
    0x03, 0x80, 0x07, 0x00, 0x00, 0x0F, 0x00, 0x03, 0xC0, 0x00, 0xE0, 0x00, 0x38, 0x00, 0x0E, 0x00,
    0x00, 0x00, 0x00, 0x01, 0xE0, 0x07, 0xF8, 0x03, 0xFC, 0x01, 0xFF, 0x00, 0xFF, 0x80, 0x7F, 0xE0,
    0x3F, 0x78, 0x1F, 0x9C, 0x0F, 0xCF, 0x07, 0xE3, 0xC3, 0xF1, 0xE1, 0xF8, 0x78, 0xFC, 0x1C, 0x7E,
    0x0F, 0x3F, 0x03, 0xDF, 0x80, 0xEF, 0xC0, 0x7F, 0xE0, 0x1F, 0xF0, 0x0F, 0xF8, 0x03, 0xFC, 0x00,
    0xF0, 0x1C, 0x00, 0xF0, 0x03, 0x80, 0x0E, 0x00, 0x38, 0x00, 0x00, 0x00, 0x1D, 0xFC, 0xFF, 0xF7,
    0xFF, 0xFC, 0x1F, 0xE0, 0x7E, 0x03, 0xF0, 0x1F, 0x80, 0xFC, 0x07, 0xE0, 0x3F, 0x01, 0xF8, 0x0F,
    0xC0, 0x7E, 0x03, 0xF0, 0x1F, 0x80, 0xE0, 0x00, 0x0C, 0x00, 0x00, 0xE0, 0x00, 0x1F, 0x80, 0x03,
    0xFC, 0x00, 0x1F, 0x00, 0x00, 0x40, 0x00, 0x03, 0xE0, 0x00, 0x3F, 0x80, 0x01, 0xDC, 0x00, 0x0C,
    0x60, 0x00, 0x7F, 0x00, 0x03, 0xF8, 0x00, 0x0F, 0x80, 0x00, 0x7C, 0x00, 0x07, 0xF0, 0x00, 0x3F,
    0x80, 0x01, 0xFC, 0x00, 0x1E, 0xF0, 0x00, 0xF7, 0x80, 0x0F, 0xBC, 0x00, 0x78, 0xF0, 0x03, 0xC7,
    0x80, 0x3C, 0x3E, 0x01, 0xE0, 0xF0, 0x0F, 0x07, 0x80, 0xFF, 0xFE, 0x07, 0xFF, 0xF0, 0x7F, 0xFF,
    0x83, 0xC0, 0x1E, 0x1E, 0x00, 0xF1, 0xE0, 0x07, 0xCF, 0x00, 0x1E, 0x78, 0x00, 0xF0, 0x00, 0xC0,
    0x01, 0xC0, 0x03, 0xE0, 0x07, 0xC0, 0x07, 0x00, 0x02, 0x00, 0x03, 0xC0, 0x07, 0xE0, 0x07, 0xE0,
    0x06, 0x60, 0x07, 0xE0, 0x07, 0xE0, 0x03, 0xC0, 0x00, 0x00, 0x00, 0x00, 0x0F, 0xCE, 0x3F, 0xFE,
    0x7F, 0xFE, 0x7C, 0x7E, 0xF8, 0x3E, 0xF0, 0x1E, 0xF0, 0x1E, 0xE0, 0x0E, 0xE0, 0x0E, 0xF0, 0x1E,
    0xF0, 0x1E, 0xF8, 0x3E, 0x7C, 0x7E, 0x7F, 0xFE, 0x3F, 0xEE, 0x0F, 0xCE, 0x00, 0x00, 0x04, 0x00,
    0x00, 0x03, 0xC0, 0x00, 0x00, 0xF8, 0x00, 0x00, 0x7F, 0x00, 0x00, 0x0F, 0x00, 0x00, 0x00, 0x80,
    0x00, 0x00, 0x00, 0x00, 0x00, 0x1F, 0xFF, 0x00, 0x07, 0xFF, 0xE0, 0x00, 0xFF, 0xFC, 0x00, 0x3E,
    0x00, 0x00, 0x0F, 0xC0, 0x00, 0x01, 0xF8, 0x00, 0x00, 0x7F, 0x00, 0x00, 0x1E, 0xE0, 0x00, 0x03,
    0xDC, 0x00, 0x00, 0xF3, 0xFF, 0x80, 0x3C, 0x7F, 0xF0, 0x07, 0x8F, 0xFE, 0x01, 0xE1, 0xC0, 0x00,
    0x78, 0x38, 0x00, 0x0F, 0xFF, 0x00, 0x03, 0xFF, 0xE0, 0x00, 0xFF, 0xFC, 0x00, 0x1E, 0x03, 0x80,
    0x07, 0x80, 0x7F, 0xFD, 0xE0, 0x0F, 0xFF, 0xFC, 0x01, 0xFF, 0xF0, 0x00, 0x04, 0x00, 0x00, 0x0E,
    0x00, 0x00, 0x1E, 0x00, 0x00, 0x3E, 0x00, 0x00, 0x7C, 0x00, 0x00, 0x30, 0x00, 0x00, 0x00, 0x00,
    0x00, 0x00, 0x00, 0x1F, 0xE3, 0xF8, 0x7F, 0xFF, 0xFC, 0xFF, 0xFF, 0xFE, 0xF8, 0xFF, 0x1E, 0x20,
    0x7C, 0x0F, 0x00, 0x3C, 0x07, 0x3F, 0xFF, 0xFF, 0x7F, 0xFF, 0xFF, 0xFF, 0xFF, 0xFF, 0xF8, 0x3C,
    0x00, 0xF0, 0x3C, 0x00, 0xE0, 0x7E, 0x02, 0xF1, 0xFF, 0x0E, 0xFF, 0xFF, 0xFF, 0x7F, 0xCF, 0xFE,
    0x3F, 0x83, 0xFC, 0x00, 0x00, 0x00, 0x01, 0x80, 0x00, 0x7C, 0x00, 0x1F, 0xC0, 0x01, 0xF0, 0x00,
    0x18, 0x00, 0x00, 0x00, 0x60, 0x3F, 0xCF, 0x0F, 0xFF, 0xE1, 0xFF, 0xFC, 0x3F, 0x0F, 0xC7, 0xC0,
    0x7E, 0x78, 0x0F, 0xEF, 0x01, 0xEF, 0xF0, 0x3C, 0xFF, 0x03, 0xCF, 0xE0, 0x78, 0x7E, 0x0F, 0x07,
    0xE1, 0xE0, 0x7F, 0x3C, 0x0F, 0xF3, 0xC0, 0xFF, 0x78, 0x0F, 0x7F, 0x01, 0xE7, 0xE0, 0x3E, 0x3F,
    0x0F, 0xC3, 0xFF, 0xF8, 0x7F, 0xFF, 0x0F, 0x3F, 0xC0, 0x60, 0x00, 0x00, 0x00, 0x00, 0x00, 0x00,
    0x00, 0xC0, 0x01, 0xE0, 0x07, 0xE0, 0x07, 0x80, 0x06, 0x00, 0x00, 0x00, 0x00, 0x00, 0x0F, 0xF6,
    0x1F, 0xFF, 0x3F, 0xFE, 0x7C, 0x3E, 0xF8, 0x7F, 0xF0, 0xFF, 0xF1, 0xEF, 0xE3, 0xE7, 0xE3, 0xC7,
    0xF7, 0x8F, 0xFF, 0x0F, 0xFE, 0x1F, 0x7C, 0x3E, 0x7F, 0xFC, 0xFF, 0xF8, 0xFF, 0xF0, 0x60, 0x00,
    0x00, 0x00, 0x00, 0xC3, 0x00, 0x1E, 0x78, 0x01, 0xF7, 0xC0, 0x0F, 0xBE, 0x00, 0x39, 0xE0, 0x01,
    0x04, 0x00, 0x00, 0x00, 0x00, 0xF0, 0x00, 0x0F, 0x80, 0x01, 0xF8, 0x00, 0x1F, 0xC0, 0x01, 0xFC,
    0x00, 0x3F, 0xC0, 0x03, 0xDE, 0x00, 0x79, 0xE0, 0x07, 0x9E, 0x00, 0x78, 0xF0, 0x0F, 0x0F, 0x00,
    0xF0, 0xF8, 0x0E, 0x07, 0x81, 0xFF, 0xF8, 0x1F, 0xFF, 0xC3, 0xFF, 0xFC, 0x3C, 0x03, 0xC3, 0xC0,
    0x1E, 0x78, 0x01, 0xE7, 0x80, 0x1F, 0x78, 0x00, 0xF0, 0x00, 0x00, 0x71, 0x80, 0xFB, 0xC0, 0xFF,
    0xE0, 0x3C, 0xF0, 0x0C, 0x70, 0x00, 0x00, 0x00, 0x00, 0x0F, 0xCE, 0x3F, 0xFE, 0x7F, 0xFE, 0x7C,
    0x7E, 0xF8, 0x3E, 0xF0, 0x1E, 0xF0, 0x1E, 0xE0, 0x0E, 0xE0, 0x0E, 0xF0, 0x1E, 0xF0, 0x1E, 0xF8,
    0x3E, 0x7C, 0x7E, 0x7F, 0xFE, 0x3F, 0xEE, 0x0F, 0xCE, 0x00, 0xF8, 0x00, 0x3F, 0xC0, 0x03, 0xFE,
    0x00, 0x79, 0xE0, 0x07, 0x0E, 0x00, 0x00, 0x00, 0x00, 0xF0, 0x00, 0x0F, 0x80, 0x01, 0xF8, 0x00,
    0x1F, 0xC0, 0x01, 0xFC, 0x00, 0x3F, 0xC0, 0x03, 0xDE, 0x00, 0x79, 0xE0, 0x07, 0x9E, 0x00, 0x78,
    0xF0, 0x0F, 0x0F, 0x00, 0xF0, 0xF8, 0x0E, 0x07, 0x81, 0xFF, 0xF8, 0x1F, 0xFF, 0xC3, 0xFF, 0xFC,
    0x3C, 0x03, 0xC3, 0xC0, 0x1E, 0x78, 0x01, 0xE7, 0x80, 0x1F, 0x78, 0x00, 0xF0, 0x07, 0xE0, 0x0F,
    0xF0, 0x0F, 0xF0, 0x1E, 0x78, 0x1C, 0x38, 0x00, 0x00, 0x00, 0x00, 0x0F, 0xCE, 0x3F, 0xFE, 0x7F,
    0xFE, 0x7C, 0x7E, 0xF8, 0x3E, 0xF0, 0x1E, 0xF0, 0x1E, 0xE0, 0x0E, 0xE0, 0x0E, 0xF0, 0x1E, 0xF0,
    0x1E, 0xF8, 0x3E, 0x7C, 0x7E, 0x7F, 0xFE, 0x3F, 0xEE, 0x0F, 0xCE, 0x00, 0x01, 0x86, 0x0F, 0x3C,
    0x3E, 0xF8, 0x7D, 0xF0, 0x71, 0xC0, 0xC3, 0x00, 0x00, 0x7F, 0xFD, 0xFF, 0xF7, 0xFF, 0xDC, 0x00,
    0x70, 0x01, 0xC0, 0x07, 0x00, 0x1C, 0x00, 0x70, 0x01, 0xFF, 0xE7, 0xFF, 0x9F, 0xFE, 0x70, 0x01,
    0xC0, 0x07, 0x00, 0x1C, 0x00, 0x70, 0x01, 0xC0, 0x07, 0xFF, 0xDF, 0xFF, 0x7F, 0xFC, 0x00, 0x00,
    0x30, 0xC0, 0x79, 0xE0, 0x7F, 0xF8, 0x1E, 0x78, 0x06, 0x38, 0x00, 0x00, 0x00, 0x00, 0x07, 0xF0,
    0x0F, 0xFC, 0x1F, 0xFE, 0x3E, 0x1E, 0x78, 0x0F, 0x78, 0x07, 0x7F, 0xFF, 0x7F, 0xFF, 0x7F, 0xFF,
    0x78, 0x00, 0x78, 0x00, 0x7C, 0x04, 0x3F, 0x1E, 0x1F, 0xFF, 0x0F, 0xFE, 0x07, 0xF8, 0x0F, 0xC0,
    0xFF, 0x0F, 0xF8, 0x79, 0xE3, 0x87, 0x00, 0x03, 0xFF, 0xFF, 0xFF, 0xFF, 0xFF, 0x00, 0x38, 0x01,
    0xC0, 0x0E, 0x00, 0x70, 0x03, 0x80, 0x1F, 0xFE, 0xFF, 0xF7, 0xFF, 0xB8, 0x01, 0xC0, 0x0E, 0x00,
    0x70, 0x03, 0x80, 0x1C, 0x00, 0xFF, 0xFF, 0xFF, 0xFF, 0xFE, 0x07, 0xE0, 0x1F, 0xE0, 0x3F, 0xC0,
    0xF3, 0xC1, 0xC3, 0x80, 0x00, 0x00, 0x00, 0x07, 0xF0, 0x1F, 0xF8, 0x7F, 0xF9, 0xF0, 0xF7, 0x80,
    0xFF, 0x00, 0xFF, 0xFF, 0xFF, 0xFF, 0xFF, 0xFF, 0xF0, 0x01, 0xE0, 0x03, 0xE0, 0x23, 0xF1, 0xE3,
    0xFF, 0xE3, 0xFF, 0x83, 0xFC, 0x00, 0x00, 0x01, 0x8C, 0x1C, 0xF1, 0xF7, 0xC3, 0xDF, 0x0E, 0x38,
    0x30, 0x40, 0x00, 0x1F, 0xF8, 0xFF, 0xC7, 0xFE, 0x07, 0x00, 0x38, 0x01, 0xC0, 0x0E, 0x00, 0x70,
    0x03, 0x80, 0x1C, 0x00, 0xE0, 0x07, 0x00, 0x38, 0x01, 0xC0, 0x0E, 0x00, 0x70, 0x03, 0x80, 0x1C,
    0x07, 0xFE, 0x3F, 0xF1, 0xFF, 0x80, 0x20, 0x83, 0x8E, 0x3E, 0xF8, 0xFF, 0xE1, 0xE7, 0x82, 0x08,
    0x00, 0x00, 0x00, 0x01, 0xC0, 0x0E, 0x00, 0x70, 0x03, 0x80, 0x1C, 0x00, 0xE0, 0x07, 0x00, 0x38,
    0x01, 0xC0, 0x0E, 0x00, 0x70, 0x03, 0x80, 0x1C, 0x00, 0xE0, 0x07, 0x00, 0x38, 0x3F, 0x1F, 0xEF,
    0xFF, 0xCF, 0xE1, 0xC0, 0x0F, 0xFF, 0xFF, 0xFF, 0xC7, 0x01, 0xC0, 0x70, 0x1C, 0x07, 0x01, 0xC0,
    0x70, 0x1C, 0x07, 0x01, 0xC0, 0x70, 0x1C, 0x07, 0x01, 0xC0, 0x70, 0xFF, 0xFF, 0xFF, 0xFC, 0x1F,
    0x07, 0xF1, 0xFF, 0x38, 0xEF, 0x1C, 0x00, 0x00, 0x00, 0x70, 0x0E, 0x01, 0xC0, 0x38, 0x07, 0x00,
    0xE0, 0x1C, 0x03, 0x80, 0x70, 0x0E, 0x01, 0xC0, 0x38, 0x07, 0x00, 0xE0, 0x1C, 0x03, 0x80, 0x08,
    0x20, 0x01, 0xC7, 0x00, 0x3E, 0xF8, 0x01, 0xF7, 0xC0, 0x07, 0x9E, 0x00, 0x30, 0xC0, 0x00, 0x00,
    0x00, 0x3F, 0xC0, 0x0F, 0xFF, 0x01, 0xFF, 0xF8, 0x3F, 0x0F, 0xC7, 0xC0, 0x3E, 0x78, 0x01, 0xEF,
    0x00, 0x0F, 0xF0, 0x00, 0xFF, 0x00, 0x0F, 0xE0, 0x00, 0x7E, 0x00, 0x07, 0xE0, 0x00, 0x7F, 0x00,
    0x0F, 0xF0, 0x00, 0xFF, 0x00, 0x0F, 0x78, 0x01, 0xE7, 0xC0, 0x3E, 0x3F, 0x0F, 0xC1, 0xFF, 0xF8,
    0x0F, 0xFF, 0x00, 0x3F, 0xC0, 0x00, 0x00, 0x18, 0x60, 0x1F, 0x7C, 0x0F, 0xFF, 0x01, 0xE7, 0x80,
    0x30, 0xC0, 0x00, 0x00, 0x00, 0x00, 0x07, 0xF8, 0x07, 0xFE, 0x07, 0xFF, 0x87, 0xC3, 0xE7, 0xC0,
    0xFB, 0xC0, 0x3D, 0xE0, 0x1E, 0xE0, 0x07, 0x70, 0x03, 0xBC, 0x03, 0xDE, 0x01, 0xEF, 0x81, 0xF3,
    0xE1, 0xF0, 0xFF, 0xF0, 0x3F, 0xF0, 0x0F, 0xF0, 0x01, 0xF8, 0x00, 0x3F, 0xC0, 0x07, 0xFE, 0x00,
    0x79, 0xE0, 0x07, 0x0E, 0x00, 0x00, 0x00, 0x03, 0xFC, 0x00, 0xFF, 0xF0, 0x1F, 0xFF, 0x83, 0xF0,
    0xFC, 0x7C, 0x03, 0xE7, 0x80, 0x1E, 0xF0, 0x00, 0xFF, 0x00, 0x0F, 0xF0, 0x00, 0xFE, 0x00, 0x07,
    0xE0, 0x00, 0x7E, 0x00, 0x07, 0xF0, 0x00, 0xFF, 0x00, 0x0F, 0xF0, 0x00, 0xF7, 0x80, 0x1E, 0x7C,
    0x03, 0xE3, 0xF0, 0xFC, 0x1F, 0xFF, 0x80, 0xFF, 0xF0, 0x03, 0xFC, 0x00, 0x07, 0xE0, 0x0F, 0xF0,
    0x0F, 0xF8, 0x1E, 0x78, 0x1C, 0x38, 0x00, 0x00, 0x00, 0x00, 0x0F, 0xF0, 0x1F, 0xF8, 0x3F, 0xFC,
    0x7C, 0x3E, 0xF8, 0x1F, 0xF0, 0x0F, 0xF0, 0x0F, 0xE0, 0x07, 0xE0, 0x07, 0xF0, 0x0F, 0xF0, 0x0F,
    0xF8, 0x1F, 0x7C, 0x3E, 0x3F, 0xFC, 0x1F, 0xF8, 0x0F, 0xF0, 0x00, 0x00, 0x30, 0xC0, 0x3C, 0xF0,
    0x1F, 0x7C, 0x07, 0xDF, 0x00, 0xE7, 0x80, 0x20, 0x80, 0x00, 0x00, 0x7F, 0xF8, 0x3F, 0xFE, 0x1F,
    0xFF, 0x8E, 0x03, 0xE7, 0x00, 0xF3, 0x80, 0x79, 0xC0, 0x1C, 0xE0, 0x0E, 0x70, 0x0F, 0x38, 0x0F,
    0x9F, 0xFF, 0x8F, 0xFF, 0x87, 0xFF, 0x83, 0x83, 0xC1, 0xC1, 0xF0, 0xE0, 0x78, 0x70, 0x3E, 0x38,
    0x0F, 0x1C, 0x07, 0xCE, 0x01, 0xE7, 0x00, 0x78, 0x00, 0x03, 0x0C, 0x3E, 0xF1, 0xFF, 0xC3, 0xCF,
    0x06, 0x38, 0x00, 0x00, 0x00, 0x1C, 0xF8, 0xEF, 0x87, 0xFC, 0x3F, 0x01, 0xE0, 0x0F, 0x00, 0x70,
    0x03, 0x80, 0x1C, 0x00, 0xE0, 0x07, 0x00, 0x38, 0x01, 0xC0, 0x0E, 0x00, 0x70, 0x03, 0x80, 0x0F,
    0x80, 0x1F, 0xC0, 0x3F, 0xE0, 0x78, 0xE0, 0x30, 0x60, 0x00, 0x00, 0xFF, 0xF0, 0xFF, 0xF8, 0xFF,
    0xFC, 0xE0, 0x3E, 0xE0, 0x1E, 0xE0, 0x1E, 0xE0, 0x0E, 0xE0, 0x0E, 0xE0, 0x1E, 0xE0, 0x3E, 0xFF,
    0xFC, 0xFF, 0xF8, 0xFF, 0xF0, 0xE0, 0xF0, 0xE0, 0xF8, 0xE0, 0x78, 0xE0, 0x7C, 0xE0, 0x3C, 0xE0,
    0x3E, 0xE0, 0x1E, 0xE0, 0x0F, 0x3F, 0x1F, 0xE7, 0xFB, 0xCF, 0xE1, 0xC0, 0x00, 0x03, 0x9F, 0xEF,
    0xBF, 0xEF, 0xC3, 0xC0, 0xF0, 0x38, 0x0E, 0x03, 0x80, 0xE0, 0x38, 0x0E, 0x03, 0x80, 0xE0, 0x38,
    0x0E, 0x00, 0x30, 0x80, 0x3C, 0xE0, 0x1F, 0xF8, 0x07, 0x9E, 0x01, 0xE7, 0x00, 0x21, 0x80, 0x00,
    0x01, 0xC0, 0x0E, 0xE0, 0x07, 0x70, 0x03, 0xB8, 0x01, 0xDC, 0x00, 0xEE, 0x00, 0x77, 0x00, 0x3B,
    0x80, 0x1D, 0xC0, 0x0E, 0xE0, 0x07, 0x70, 0x03, 0xB8, 0x01, 0xDC, 0x00, 0xEE, 0x00, 0x77, 0x80,
    0x7B, 0xC0, 0x3D, 0xF0, 0x3E, 0x7C, 0x3E, 0x1F, 0xFE, 0x07, 0xFE, 0x01, 0xFE, 0x00, 0x20, 0x80,
    0x79, 0xC0, 0x7F, 0xE0, 0x7F, 0xF0, 0x1E, 0x70, 0x04, 0x10, 0x00, 0x00, 0x00, 0x00, 0x38, 0x0E,
    0x38, 0x0E, 0x38, 0x0E, 0x38, 0x0E, 0x38, 0x0E, 0x38, 0x0E, 0x38, 0x0E, 0x38, 0x0E, 0x38, 0x0E,
    0x38, 0x0E, 0x3C, 0x1E, 0x3C, 0x1E, 0x3E, 0x3E, 0x3F, 0xFE, 0x1F, 0xEE, 0x0F, 0xCE, 0x07, 0xE0,
    0x07, 0xF8, 0x03, 0xFC, 0x03, 0xCF, 0x01, 0xC3, 0x80, 0x00, 0x03, 0x80, 0x1D, 0xC0, 0x0E, 0xE0,
    0x07, 0x70, 0x03, 0xB8, 0x01, 0xDC, 0x00, 0xEE, 0x00, 0x77, 0x00, 0x3B, 0x80, 0x1D, 0xC0, 0x0E,
    0xE0, 0x07, 0x70, 0x03, 0xB8, 0x01, 0xDC, 0x00, 0xEF, 0x00, 0xF7, 0x80, 0x7B, 0xE0, 0x7C, 0xF8,
    0x7C, 0x3F, 0xFC, 0x0F, 0xFC, 0x03, 0xFC, 0x00, 0x0F, 0x80, 0x7F, 0x03, 0xFE, 0x0F, 0x78, 0x38,
    0xE0, 0x00, 0x00, 0x00, 0x38, 0x0E, 0xE0, 0x3B, 0x80, 0xEE, 0x03, 0xB8, 0x0E, 0xE0, 0x3B, 0x80,
    0xEE, 0x03, 0xB8, 0x0E, 0xE0, 0x3B, 0xC1, 0xEF, 0x07, 0xBE, 0x3E, 0xFF, 0xF9, 0xFE, 0xE3, 0xF3,
    0x80, 0x07, 0xF8, 0x07, 0xFF, 0x07, 0xFF, 0xC7, 0xC3, 0xE3, 0xC0, 0xE1, 0xC0, 0x20, 0xF0, 0x00,
    0x78, 0x00, 0x3F, 0x80, 0x0F, 0xF8, 0x03, 0xFF, 0x00, 0x7F, 0xC0, 0x07, 0xF0, 0x00, 0x78, 0x00,
    0x3C, 0x60, 0x0E, 0x78, 0x0F, 0x3F, 0x0F, 0x8F, 0xFF, 0x83, 0xFF, 0x80, 0xFF, 0x80, 0x00, 0x00,
    0x07, 0x80, 0x03, 0xC0, 0x01, 0xE0, 0x00, 0x70, 0x00, 0x70, 0x00, 0x30, 0x00, 0x1F, 0xC7, 0xFE,
    0x7F, 0xFF, 0x0F, 0xF0, 0x6F, 0x00, 0x7E, 0x07, 0xFC, 0x1F, 0xE0, 0x3F, 0x00, 0xF6, 0x07, 0xF0,
    0xFF, 0xFF, 0x7F, 0xE3, 0xFC, 0x00, 0x00, 0xF0, 0x0F, 0x00, 0xF0, 0x07, 0x00, 0xE0, 0x0C, 0x00,
    0xFF, 0xFF, 0xFF, 0xFF, 0xFF, 0xF8, 0x1C, 0x00, 0x38, 0x00, 0x70, 0x00, 0xE0, 0x01, 0xC0, 0x03,
    0x80, 0x07, 0x00, 0x0E, 0x00, 0x1C, 0x00, 0x38, 0x00, 0x70, 0x00, 0xE0, 0x01, 0xC0, 0x03, 0x80,
    0x07, 0x00, 0x0E, 0x00, 0x1C, 0x00, 0x38, 0x00, 0x00, 0x01, 0xC0, 0x03, 0xC0, 0x07, 0x80, 0x07,
    0x00, 0x0E, 0x00, 0x38, 0x00, 0x40, 0x00, 0x1C, 0x07, 0x01, 0xC0, 0x70, 0xFF, 0xFF, 0xFF, 0xFC,
    0x70, 0x1C, 0x07, 0x01, 0xC0, 0x70, 0x1C, 0x07, 0x01, 0xC0, 0x70, 0x1C, 0x07, 0x01, 0xC0, 0x70,
    0x00, 0x07, 0x01, 0xE0, 0x78, 0x0E, 0x07, 0x81, 0xC0, 0x40, 0x1F, 0xF0, 0xFF, 0xF9, 0xFF, 0xF3,
    0x80, 0xF0, 0x00, 0xE0, 0x01, 0xC0, 0x07, 0x80, 0x0F, 0x00, 0x7C, 0x07, 0xF0, 0x3F, 0xE0, 0x7F,
    0xE0, 0xC3, 0xC0, 0x03, 0xC0, 0x03, 0x80, 0x07, 0x00, 0x0E, 0x00, 0x1C, 0x00, 0x78, 0x01, 0xF0,
    0x07, 0xC0, 0x3F, 0x01, 0xFC, 0x3F, 0xE0, 0x7F, 0x00, 0xF8, 0x01, 0x00, 0x00, 0x7F, 0xCF, 0xFE,
    0x7F, 0xF0, 0x0F, 0x00, 0x70, 0x07, 0x00, 0xF0, 0x1E, 0x07, 0xC3, 0xFC, 0x1F, 0xE1, 0x8F, 0x00,
    0x70, 0x07, 0x00, 0x70, 0x07, 0x00, 0xF0, 0x1F, 0x03, 0xE1, 0xFC, 0xFF, 0x0F, 0xE0, 0xF0, 0x00,
    0x00, 0x18, 0x18, 0x1E, 0x78, 0x0F, 0xF0, 0x07, 0xE0, 0x03, 0xC0, 0x00, 0x00, 0x00, 0x00, 0xE0,
    0x07, 0xE0, 0x07, 0xE0, 0x07, 0xE0, 0x07, 0xE0, 0x07, 0xE0, 0x07, 0xE0, 0x07, 0xE0, 0x07, 0xE0,
    0x07, 0xFF, 0xFF, 0xFF, 0xFF, 0xFF, 0xFF, 0xE0, 0x07, 0xE0, 0x07, 0xE0, 0x07, 0xE0, 0x07, 0xE0,
    0x07, 0xE0, 0x07, 0xE0, 0x07, 0xE0, 0x07, 0xE0, 0x07, 0xE1, 0xC0, 0x3D, 0xE0, 0x0F, 0xE0, 0x03,
    0xE0, 0x00, 0xE0, 0x00, 0x00, 0x00, 0x00, 0x00, 0x1C, 0x00, 0x0E, 0x00, 0x07, 0x00, 0x03, 0x80,
    0x01, 0xC0, 0x00, 0xE0, 0x00, 0x77, 0xF0, 0x3F, 0xFC, 0x1F, 0xFF, 0x0F, 0x07, 0x87, 0x81, 0xC3,
    0x80, 0xE1, 0xC0, 0x70, 0xE0, 0x38, 0x70, 0x1C, 0x38, 0x0E, 0x1C, 0x07, 0x0E, 0x03, 0x87, 0x01,
    0xC3, 0x80, 0xE1, 0xC0, 0x70, 0xE0, 0x38, 0x00, 0xE3, 0xE7, 0xE3, 0xE1, 0x80, 0x00, 0x38, 0xF3,
    0xEF, 0x8C, 0x00, 0x1F, 0x0F, 0xE7, 0xFD, 0xC7, 0x00, 0x00, 0x79, 0xFF, 0xFF, 0xFB, 0x3E, 0xFF,
    0xFF, 0xFF, 0xFF, 0xFF, 0xFF, 0xFF, 0xF0, 0x60, 0x9C, 0x39, 0xCF, 0x3F, 0xE3, 0xF8, 0x3E, 0x00,
    0xFF, 0xFF, 0xF3, 0xFC, 0xFF, 0x3F, 0xCF, 0x03, 0xFF, 0xF7, 0x3C, 0xE3, 0x00, 0x7D, 0xFF, 0xBF,
    0x7F, 0xEF, 0x80, 0x00, 0x00, 0xE3, 0x0F, 0x3C, 0xFF, 0xEF, 0xBC, 0x31, 0xC0, 0x00, 0x1C, 0x77,
    0xF8, 0xFC, 0x1F, 0x00, 0xFF, 0xFE, 0xEF, 0xDF, 0xBF, 0x7E, 0xE0, 0x00, 0x03, 0x8E, 0x3E, 0xF9,
    0xFF, 0xE3, 0xEF, 0x06, 0x18, 0x1C, 0x0E, 0x27, 0x78, 0x3F, 0xFF, 0xF9, 0xF8, 0x1F, 0x07, 0xF1,
    0xFE, 0x3D, 0xEF, 0x1C, 0xC3, 0x80, 0x33, 0xB9, 0xEF, 0x78, 0x38, 0xE7, 0x9E, 0x71, 0xC6, 0x00,
    0xF1, 0xC7, 0x1E, 0x38, 0xE1, 0x80, 0x3C, 0xE7, 0x9E, 0x71, 0xC6, 0x00, 0xF3, 0xC7, 0x8E, 0x1C,
    0x3C, 0xF7, 0x9C, 0xE0, 0x18, 0xFF, 0xFF, 0x8C, 0xC6, 0x3F, 0xFF, 0xE0, 0x7F, 0xFF, 0xFF, 0x03,
    0x03, 0x03, 0x03, 0x03, 0x03, 0x18, 0x63, 0x9E, 0xF3, 0x80, 0x7F, 0x6E, 0xC0, 0x30, 0xCF, 0xFF,
    0xFC, 0xFF, 0xFF, 0xCC, 0x30, 0xC0, 0x30, 0xCF, 0xFF, 0xFC, 0xC0, 0xFF, 0xFF, 0xF8, 0x1C, 0x71,
    0xC7, 0x1F, 0xFF, 0xFE, 0xE7, 0x39, 0xCE, 0x7F, 0xEF, 0xFF, 0xFF, 0xF3, 0xFC, 0xFF, 0x3F, 0xCF,
    0x7D, 0xFF, 0x1E, 0x3E, 0xEF, 0x84, 0x00, 0x7B, 0xDE, 0x77, 0x30, 0x38, 0x30, 0x7C, 0x7E, 0x0E,
    0x3E, 0xFE, 0x78, 0x1C, 0xFB, 0xE7, 0x8F, 0x5F, 0xFF, 0xBE, 0xFF, 0xFE, 0xFF, 0xFF, 0xFF, 0xFF,
    0x03, 0xC0, 0xF0, 0x30, 0xC4, 0x79, 0x8F, 0xBB, 0xBF, 0xE1, 0x10, 0xC0, 0xFC, 0xF7, 0xF8, 0xFC,
    0x1E, 0x00, 0x1E, 0x07, 0x83, 0xF1, 0xCE, 0xE1, 0xC0, 0x60, 0x9E, 0x39, 0xCF, 0x3F, 0xE3, 0xF8,
    0x3E, 0x00, 0x04, 0x0F, 0xE7, 0xFD, 0xC7, 0x60, 0xC0, 0x3C, 0x77, 0xFE, 0x7F, 0xEE, 0x3C, 0xFF,
    0xFF, 0xFF, 0xFF, 0xFF, 0xFF, 0xFF, 0xFE, 0xFF, 0xFF, 0xFF, 0xFF, 0xFF, 0xFF, 0xFF, 0xFF, 0xFF,
    0x3C, 0x37, 0xFF, 0x7F, 0xE6, 0x3C, 0xFF, 0xFF, 0xFF, 0xFF, 0xFF, 0xFF, 0xFF, 0xFF, 0xFF, 0xFF,
    0xFE, 0x01, 0x80, 0xE0, 0xF8, 0xFC, 0x7C, 0x1C, 0x06, 0x00, 0x00, 0x70, 0x07, 0x00, 0xE0, 0x0E,
    0x01, 0xC0, 0x1C, 0x01, 0xC0, 0x38, 0x03, 0x80, 0x70, 0x07, 0x00, 0x70, 0x0E, 0x00, 0xE0, 0x0E,
    0x01, 0xC0, 0x1C, 0x03, 0x80, 0x38, 0x03, 0x80, 0x70, 0x07, 0x00, 0xE0, 0x0E, 0x00, 0xEF, 0x73,
    0x7E, 0x00, 0xC0, 0xF0, 0x3F, 0xFF, 0xFF, 0xFF, 0xC0, 0xFF, 0xFF, 0xFF, 0xFF, 0xE0, 0x3F, 0xFF,
    0xFF, 0xFF, 0xF8, 0x7F, 0xDF, 0xFF, 0x31, 0xE2, 0x30, 0x4B, 0xFF, 0xDE, 0xFF, 0xF0, 0x00, 0x77,
    0xB9, 0xC7, 0x39, 0xDC, 0x80, 0xFF, 0xFF, 0xFF, 0xFF, 0xFF, 0xFF, 0xFF, 0xFF, 0xFF, 0xF1, 0xE1,
    0xE1, 0xE1, 0xC0, 0x1E, 0x3C, 0xF3, 0xC7, 0x00, 0x3C, 0x77, 0xFE, 0x7F, 0xEE, 0x3C, 0x47, 0xBE,
    0xF3, 0xB8, 0x80, 0x0F, 0x3B, 0xFF, 0xFF, 0xF7, 0x1C, 0x00, 0xE7, 0x3D, 0xFF, 0x80, 0xFF, 0xFF,
    0xFF, 0xFF, 0xFF, 0x80, 0x3C, 0x01, 0xE0, 0x0C, 0xFF, 0xFF, 0xFF, 0xFF, 0xFF, 0xFF, 0xFF, 0xFF,
    0xFF, 0xEF, 0xDF, 0xBF, 0x7E, 0xE0, 0x7F, 0xFF, 0xC3, 0x0C, 0x30, 0xC0, 0x00, 0x00, 0x30, 0x3F,
    0x77, 0xFE, 0x7F, 0xEE, 0xFC, 0x0C, 0x00, 0x00, 0x0E, 0x01, 0xC0, 0x38, 0x3E, 0x3F, 0xFF, 0xFF,
    0xB1, 0xF0, 0x70, 0x0E, 0x01, 0xC0, 0x7F, 0xFF, 0xFF, 0xF8, 0x01, 0x7F, 0xFF, 0xFC, 0xF8, 0x11,
    0x07, 0xF3, 0xFF, 0xBF, 0xE3, 0x18, 0x22, 0x00, 0x00, 0xC7, 0xBF, 0x30, 0xC3, 0x00, 0xC7, 0xDE,
    0xFF, 0xE0, 0x7F, 0x6E, 0xC0, 0x1F, 0x8F, 0xF7, 0xFD, 0x83, 0x6E, 0xC3, 0x80, 0xE0, 0x03, 0x6F,
    0xDE, 0xFB, 0xF4, 0x80, 0x1F, 0xFD, 0xEF, 0x8C, 0xC7, 0xDE, 0xFF, 0xE0, 0xC1, 0xCF, 0x9C, 0x7B,
    0xC7, 0xBE, 0xFB, 0x6C, 0x77, 0xE7, 0x33, 0x7E, 0x00, 0xFF, 0x80, 0x18, 0x7E, 0x7E, 0x3C, 0x7E,
    0x3C, 0x7F, 0xEF, 0xFF, 0xC6, 0x3C, 0x63, 0xEF, 0x77, 0xFE, 0x10, 0x80, 0x61, 0xEF, 0xFF, 0x1C,
    0x60, 0x60, 0x00, 0x06, 0x70, 0x00, 0x0E, 0x3C, 0x00, 0x3C, 0x1F, 0xFF, 0xF8, 0x0F, 0xFF, 0xF0,
    0x03, 0xFF, 0xC0, 0x60, 0x00, 0x06, 0x70, 0x00, 0x0E, 0x3C, 0x00, 0x3C, 0x1F, 0xFF, 0xF8, 0x0F,
    0xFF, 0xF0, 0x03, 0xFF, 0xC0, 0xFF, 0xFF, 0xFF, 0xFF, 0xF0, 0xFF, 0xFF, 0xFF, 0xFF, 0xF0, 0x1F,
    0xF0, 0x07, 0x7F, 0xFF, 0xFE, 0x7F, 0xFF, 0xFE, 0x60, 0x0F, 0xFC, 0x00, 0x18, 0x00, 0x03, 0xFF,
    0xC0, 0x0F, 0xFF, 0xF0, 0x1F, 0xC3, 0xFC, 0x3C, 0x00, 0x3C, 0x70, 0x00, 0x0E, 0x60, 0x00, 0x06,
    0x00, 0x00, 0x11, 0xFF, 0xFF, 0xF3, 0xFF, 0xFF, 0xFF, 0xFF, 0xFF, 0xE0, 0x00, 0x01, 0x80, 0x00,
    0x02, 0x00, 0xFD, 0x3F, 0xF1, 0xCF, 0xF0, 0x7B, 0x3C, 0x7F, 0x83, 0x17, 0xC0, 0xC3, 0xFF, 0xC0,
    0x7B, 0x38, 0xE1, 0xCF, 0x37, 0x80, 0xC7, 0x8F, 0x1E, 0x36, 0x6F, 0xC0, 0x7B, 0x2C, 0x20, 0xC3,
    0x27, 0x80, 0x04, 0x17, 0xF3, 0xC6, 0x1C, 0x73, 0x7C, 0xC1, 0x83, 0x07, 0xFE, 0x78, 0xF1, 0xE3,
    0xC6, 0xFF, 0xFB, 0xBC, 0xCF, 0x33, 0xCC, 0xF3, 0x30, 0xFF, 0x31, 0x8C, 0x60, 0x20, 0x87, 0x98,
    0x61, 0x87, 0x0E, 0x63, 0x63, 0x66, 0x36, 0x3C, 0x1C, 0x1C, 0xCC, 0xF8, 0xE1, 0xC6, 0xD9, 0xC0,
    0x3C, 0x01, 0xC0, 0x1E, 0x00, 0xF0, 0x07, 0x00, 0x00, 0x00, 0x0F, 0xFF, 0xFF, 0xFF, 0xFE, 0xE0,
    0x0E, 0x00, 0xE0, 0x0E, 0x00, 0xE0, 0x0E, 0x00, 0xFF, 0xEF, 0xFE, 0xFF, 0xEE, 0x00, 0xE0, 0x0E,
    0x00, 0xE0, 0x0E, 0x00, 0xE0, 0x0F, 0xFE, 0xFF, 0xFF, 0xFF, 0x39, 0xC3, 0x9C, 0x39, 0xC0, 0x00,
    0x00, 0x0F, 0xFF, 0xFF, 0xFF, 0xFE, 0xE0, 0x0E, 0x00, 0xE0, 0x0E, 0x00, 0xE0, 0x0E, 0x00, 0xFF,
    0xEF, 0xFE, 0xFF, 0xEE, 0x00, 0xE0, 0x0E, 0x00, 0xE0, 0x0E, 0x00, 0xE0, 0x0F, 0xFE, 0xFF, 0xFF,
    0xFF, 0xFF, 0xFE, 0x1F, 0xFF, 0xC3, 0xFF, 0xF8, 0x03, 0x80, 0x00, 0x70, 0x00, 0x0E, 0x00, 0x01,
    0xC0, 0x00, 0x38, 0x00, 0x07, 0xFF, 0x00, 0xFF, 0xF8, 0x1F, 0xFF, 0x03, 0x80, 0xF0, 0x70, 0x0E,
    0x0E, 0x01, 0xC1, 0xC0, 0x38, 0x38, 0x07, 0x07, 0x00, 0xE0, 0xE0, 0x3C, 0x1C, 0xFF, 0x03, 0x9F,
    0xE0, 0x73, 0xF0, 0x01, 0xC0, 0x3C, 0x07, 0x80, 0x70, 0x0E, 0x00, 0x00, 0x00, 0x0F, 0xFF, 0xFF,
    0xFF, 0xFE, 0xE0, 0x0E, 0x00, 0xE0, 0x0E, 0x00, 0xE0, 0x0E, 0x00, 0xE0, 0x0E, 0x00, 0xE0, 0x0E,
    0x00, 0xE0, 0x0E, 0x00, 0xE0, 0x0E, 0x00, 0xE0, 0x0E, 0x00, 0xE0, 0x0E, 0x00, 0x07, 0xFE, 0x0F,
    0xFF, 0x3F, 0xFE, 0x3C, 0x00, 0x78, 0x00, 0x70, 0x00, 0xF0, 0x00, 0xE0, 0x00, 0xFF, 0xF8, 0xFF,
    0xF8, 0xFF, 0xF8, 0xE0, 0x00, 0xE0, 0x00, 0xE0, 0x00, 0xF0, 0x00, 0xF0, 0x00, 0x78, 0x00, 0x7C,
    0x00, 0x3F, 0xFE, 0x1F, 0xFE, 0x07, 0xFE, 0x0F, 0xF8, 0xFF, 0xF7, 0xFF, 0x9E, 0x00, 0x70, 0x01,
    0xC0, 0x07, 0x00, 0x1E, 0x00, 0x3E, 0x00, 0xFF, 0x00, 0xFF, 0x00, 0xFE, 0x00, 0xFC, 0x00, 0xF0,
    0x01, 0xC0, 0x07, 0x00, 0x1E, 0x00, 0xFF, 0xFF, 0xBF, 0xFC, 0x7F, 0xE0, 0xFF, 0xFF, 0xFF, 0xFF,
    0xFF, 0xFF, 0xFF, 0xFE, 0xEF, 0xDF, 0xB8, 0x00, 0x07, 0x0E, 0x1C, 0x38, 0x70, 0xE1, 0xC3, 0x87,
    0x0E, 0x1C, 0x38, 0x70, 0xE1, 0xC3, 0x87, 0x0E, 0x1C, 0x38, 0x70, 0x07, 0x07, 0x07, 0x07, 0x07,
    0x07, 0x07, 0x07, 0x07, 0x07, 0x07, 0x07, 0x07, 0x07, 0x07, 0x07, 0x07, 0x07, 0x07, 0x07, 0x07,
    0x07, 0x0F, 0x9E, 0xFE, 0xFC, 0x20, 0x07, 0xFF, 0xC0, 0x00, 0x7F, 0xFC, 0x00, 0x07, 0xFF, 0xC0,
    0x00, 0x70, 0x1C, 0x00, 0x07, 0x01, 0xC0, 0x00, 0x70, 0x1C, 0x00, 0x07, 0x01, 0xC0, 0x00, 0x70,
    0x1C, 0x00, 0x07, 0x01, 0xFF, 0x80, 0x70, 0x1F, 0xFE, 0x07, 0x01, 0xFF, 0xE0, 0x70, 0x1C, 0x0F,
    0x07, 0x01, 0xC0, 0x70, 0x70, 0x1C, 0x07, 0x07, 0x01, 0xC0, 0x70, 0xF0, 0x1C, 0x07, 0x0E, 0x01,
    0xC0, 0x70, 0xE0, 0x1C, 0x0F, 0xFE, 0x01, 0xFF, 0xEF, 0xC0, 0x1F, 0xFC, 0xF8, 0x01, 0xFF, 0x80,
    0xE0, 0x0E, 0x00, 0x38, 0x03, 0x80, 0x0E, 0x00, 0xE0, 0x03, 0x80, 0x38, 0x00, 0xE0, 0x0E, 0x00,
    0x38, 0x03, 0x80, 0x0E, 0x00, 0xE0, 0x03, 0x80, 0x38, 0x00, 0xFF, 0xFF, 0xE0, 0x3F, 0xFF, 0xFF,
    0x8F, 0xFF, 0xFF, 0xF3, 0x80, 0x38, 0x3E, 0xE0, 0x0E, 0x03, 0xF8, 0x03, 0x80, 0xFE, 0x00, 0xE0,
    0x1F, 0x80, 0x38, 0x07, 0xE0, 0x0E, 0x03, 0xF8, 0x03, 0x81, 0xFE, 0x00, 0xFF, 0xFB, 0x80, 0x3F,
    0xFC, 0xE0, 0x0F, 0xFE, 0x00, 0xFF, 0xFE, 0x1F, 0xFF, 0xC3, 0xFF, 0xF8, 0x03, 0x80, 0x00, 0x70,
    0x00, 0x0E, 0x00, 0x01, 0xC0, 0x00, 0x38, 0x00, 0x07, 0xFF, 0x00, 0xFF, 0xF8, 0x1F, 0xFF, 0x03,
    0x80, 0xF0, 0x70, 0x0E, 0x0E, 0x01, 0xC1, 0xC0, 0x38, 0x38, 0x07, 0x07, 0x00, 0xE0, 0xE0, 0x1C,
    0x1C, 0x03, 0x83, 0x80, 0x70, 0x70, 0x0E, 0x00, 0xE0, 0x01, 0xE0, 0x03, 0xC0, 0x07, 0x80, 0x07,
    0x00, 0x00, 0x00, 0x00, 0x00, 0xE0, 0x1E, 0xE0, 0x3C, 0xE0, 0x78, 0xE0, 0x78, 0xE0, 0xF0, 0xE1,
    0xE0, 0xE1, 0xE0, 0xE3, 0xC0, 0xE7, 0x80, 0xFF, 0x80, 0xFF, 0x80, 0xFF, 0x80, 0xE3, 0xC0, 0xE1,
    0xE0, 0xE1, 0xE0, 0xE0, 0xF0, 0xE0, 0x78, 0xE0, 0x78, 0xE0, 0x3C, 0xE0, 0x1C, 0xE0, 0x1E, 0x07,
    0x00, 0x03, 0xC0, 0x00, 0xF0, 0x00, 0x38, 0x00, 0x0E, 0x00, 0x00, 0x00, 0x00, 0x01, 0xC0, 0x0F,
    0xE0, 0x0F, 0xF0, 0x07, 0xF8, 0x07, 0xFC, 0x07, 0xFE, 0x03, 0xBF, 0x03, 0xDF, 0x81, 0xCF, 0xC1,
    0xC7, 0xE1, 0xE3, 0xF0, 0xE1, 0xF8, 0xE0, 0xFC, 0xF0, 0x7E, 0x70, 0x3F, 0x70, 0x1F, 0xB8, 0x0F,
    0xF8, 0x07, 0xFC, 0x03, 0xFC, 0x01, 0xFC, 0x00, 0xFE, 0x00, 0x70, 0x07, 0x0E, 0x00, 0xF3, 0x80,
    0x0F, 0xF0, 0x00, 0xFC, 0x00, 0x00, 0x00, 0x00, 0x00, 0x1C, 0x00, 0x7B, 0xC0, 0x0E, 0x38, 0x03,
    0xC7, 0x80, 0x70, 0x70, 0x1E, 0x0F, 0x03, 0x80, 0xE0, 0xF0, 0x1E, 0x1C, 0x01, 0xC3, 0x80, 0x3C,
    0xF0, 0x03, 0x9C, 0x00, 0x7F, 0x80, 0x0F, 0xE0, 0x00, 0xFC, 0x00, 0x1F, 0x00, 0x01, 0xE0, 0x00,
    0x38, 0x00, 0x0F, 0x00, 0x1F, 0xC0, 0x03, 0xF0, 0x00, 0x7C, 0x00, 0x00, 0xE0, 0x0F, 0xE0, 0x0F,
    0xE0, 0x0F, 0xE0, 0x0F, 0xE0, 0x0F, 0xE0, 0x0F, 0xE0, 0x0F, 0xE0, 0x0F, 0xE0, 0x0F, 0xE0, 0x0F,
    0xE0, 0x0F, 0xE0, 0x0F, 0xE0, 0x0F, 0xE0, 0x0F, 0xE0, 0x0F, 0xE0, 0x0F, 0xE0, 0x0F, 0xE0, 0x0F,
    0xFF, 0xFF, 0xFF, 0xFF, 0xFF, 0xFF, 0x03, 0x80, 0x03, 0x80, 0x03, 0x80, 0x03, 0x80, 0x03, 0x80,
    0x00, 0xE0, 0x00, 0x3C, 0x00, 0x07, 0xC0, 0x01, 0xF8, 0x00, 0x3F, 0x80, 0x07, 0x70, 0x01, 0xCE,
    0x00, 0x38, 0xE0, 0x0F, 0x1C, 0x01, 0xC3, 0xC0, 0x38, 0x38, 0x0F, 0x07, 0x01, 0xFF, 0xF0, 0x3F,
    0xFE, 0x0F, 0xFF, 0xC1, 0xC0, 0x3C, 0x78, 0x03, 0x8E, 0x00, 0x79, 0xC0, 0x07, 0x78, 0x00, 0xEE,
    0x00, 0x1E, 0xFF, 0xFB, 0xFF, 0xEF, 0xFF, 0x38, 0x00, 0xE0, 0x03, 0x80, 0x0E, 0x00, 0x38, 0x00,
    0xFF, 0xE3, 0xFF, 0xCF, 0xFF, 0xB8, 0x0F, 0xE0, 0x3F, 0x80, 0x7E, 0x01, 0xF8, 0x07, 0xE0, 0x3F,
    0x81, 0xEF, 0xFF, 0xBF, 0xFC, 0xFF, 0xC0, 0xFF, 0xE1, 0xFF, 0xF3, 0xFF, 0xF7, 0x01, 0xEE, 0x01,
    0xDC, 0x03, 0xB8, 0x07, 0x70, 0x1E, 0xE0, 0xF9, 0xFF, 0xE3, 0xFF, 0xE7, 0xFF, 0xEE, 0x01, 0xFC,
    0x03, 0xF8, 0x03, 0xF0, 0x07, 0xE0, 0x1F, 0xC0, 0x3F, 0xFF, 0xF7, 0xFF, 0xCF, 0xFF, 0x00, 0xFF,
    0xFF, 0xFF, 0xFF, 0xEE, 0x00, 0xE0, 0x0E, 0x00, 0xE0, 0x0E, 0x00, 0xE0, 0x0E, 0x00, 0xE0, 0x0E,
    0x00, 0xE0, 0x0E, 0x00, 0xE0, 0x0E, 0x00, 0xE0, 0x0E, 0x00, 0xE0, 0x0E, 0x00, 0xE0, 0x00, 0x07,
    0xFF, 0xC0, 0x3F, 0xFE, 0x01, 0xFF, 0xF0, 0x0E, 0x03, 0x80, 0x70, 0x1C, 0x03, 0x80, 0xE0, 0x1C,
    0x07, 0x00, 0xE0, 0x38, 0x07, 0x01, 0xC0, 0x38, 0x0E, 0x01, 0xC0, 0x70, 0x1E, 0x03, 0x80, 0xF0,
    0x1C, 0x07, 0x00, 0xE0, 0x38, 0x07, 0x01, 0xC0, 0x38, 0x1E, 0x01, 0xC0, 0xE0, 0x0E, 0x3F, 0xFF,
    0xFD, 0xFF, 0xFF, 0xFF, 0xFF, 0xFF, 0xF0, 0x00, 0x1F, 0x80, 0x00, 0xFC, 0x00, 0x07, 0xE0, 0x00,
    0x3F, 0x00, 0x01, 0xC0, 0xFF, 0xFF, 0xFF, 0xFF, 0xEE, 0x00, 0xE0, 0x0E, 0x00, 0xE0, 0x0E, 0x00,
    0xE0, 0x0F, 0xFE, 0xFF, 0xEF, 0xFE, 0xE0, 0x0E, 0x00, 0xE0, 0x0E, 0x00, 0xE0, 0x0E, 0x00, 0xFF,
    0xEF, 0xFF, 0xFF, 0xF0, 0x78, 0x0E, 0x01, 0xC7, 0x01, 0xC0, 0x78, 0xF0, 0x38, 0x1E, 0x0E, 0x07,
    0x03, 0x80, 0xE0, 0xE0, 0xF0, 0x1E, 0x1C, 0x3C, 0x01, 0xC3, 0x87, 0x00, 0x1C, 0x71, 0xE0, 0x03,
    0xCE, 0x78, 0x00, 0x3F, 0xFF, 0x00, 0x07, 0xFF, 0xE0, 0x01, 0xFF, 0xFC, 0x00, 0x38, 0xE3, 0xC0,
    0x0F, 0x1C, 0x38, 0x03, 0xC3, 0x87, 0x80, 0x70, 0x70, 0x78, 0x1E, 0x0E, 0x0F, 0x07, 0x81, 0xC0,
    0xF0, 0xE0, 0x38, 0x0F, 0x3C, 0x07, 0x01, 0xEF, 0x00, 0xE0, 0x1E, 0x7F, 0xE0, 0xFF, 0xF1, 0xFF,
    0xE0, 0x01, 0xE0, 0x01, 0xC0, 0x03, 0x80, 0x0F, 0x00, 0x1C, 0x1F, 0xF8, 0x3F, 0xC0, 0x7F, 0xC0,
    0x07, 0xE0, 0x01, 0xE0, 0x03, 0xC0, 0x03, 0x80, 0x07, 0x00, 0x1E, 0x00, 0x7F, 0xFF, 0xF7, 0xFF,
    0xC7, 0xFE, 0x00, 0xE0, 0x07, 0xF0, 0x07, 0xF8, 0x03, 0xFC, 0x03, 0xFE, 0x03, 0xFF, 0x01, 0xDF,
    0x81, 0xEF, 0xC0, 0xE7, 0xE0, 0xE3, 0xF0, 0xF1, 0xF8, 0x70, 0xFC, 0x70, 0x7E, 0x78, 0x3F, 0x38,
    0x1F, 0xB8, 0x0F, 0xDC, 0x07, 0xFC, 0x03, 0xFE, 0x01, 0xFE, 0x00, 0xFE, 0x00, 0x7F, 0x00, 0x38,
    0x0E, 0x38, 0x07, 0xFC, 0x03, 0xFE, 0x00, 0xFE, 0x00, 0x00, 0x00, 0x00, 0x03, 0x80, 0x1F, 0xC0,
    0x1F, 0xE0, 0x0F, 0xF0, 0x0F, 0xF8, 0x0F, 0xFC, 0x07, 0x7E, 0x07, 0xBF, 0x03, 0x9F, 0x83, 0x8F,
    0xC3, 0xC7, 0xE1, 0xC3, 0xF1, 0xC1, 0xF9, 0xE0, 0xFC, 0xE0, 0x7E, 0xE0, 0x3F, 0x70, 0x1F, 0xF0,
    0x0F, 0xF8, 0x07, 0xF8, 0x03, 0xF8, 0x01, 0xFC, 0x00, 0xE0, 0xE0, 0x1E, 0xE0, 0x3C, 0xE0, 0x38,
    0xE0, 0x78, 0xE0, 0xF0, 0xE0, 0xE0, 0xE1, 0xE0, 0xE3, 0xC0, 0xE7, 0x80, 0xFF, 0x80, 0xFF, 0x80,
    0xFF, 0x80, 0xE3, 0xC0, 0xE1, 0xE0, 0xE1, 0xE0, 0xE0, 0xF0, 0xE0, 0x78, 0xE0, 0x78, 0xE0, 0x3C,
    0xE0, 0x1E, 0xE0, 0x1E, 0x07, 0xFF, 0xC1, 0xFF, 0xF0, 0x7F, 0xFC, 0x1C, 0x07, 0x07, 0x01, 0xC1,
    0xC0, 0x70, 0x70, 0x1C, 0x1C, 0x07, 0x07, 0x01, 0xC1, 0xC0, 0x70, 0x70, 0x1C, 0x1C, 0x07, 0x07,
    0x01, 0xC1, 0xC0, 0x70, 0x70, 0x1C, 0x3C, 0x07, 0x0E, 0x01, 0xC3, 0x80, 0x7F, 0xE0, 0x1F, 0xF0,
    0x07, 0xF8, 0x01, 0xC0, 0xF8, 0x00, 0xFF, 0xC0, 0x07, 0xFF, 0x00, 0x3F, 0xF8, 0x03, 0xFF, 0xC0,
    0x1F, 0xFF, 0x00, 0xFF, 0xB8, 0x0E, 0xFD, 0xC0, 0x77, 0xEF, 0x07, 0x3F, 0x38, 0x39, 0xF9, 0xC1,
    0xCF, 0xC7, 0x1C, 0x7E, 0x38, 0xE3, 0xF1, 0xE7, 0x1F, 0x87, 0x70, 0xFC, 0x3B, 0x87, 0xE1, 0xFC,
    0x3F, 0x07, 0xC1, 0xF8, 0x3E, 0x0F, 0xC1, 0xE0, 0x7E, 0x07, 0x03, 0x80, 0xE0, 0x07, 0xE0, 0x07,
    0xE0, 0x07, 0xE0, 0x07, 0xE0, 0x07, 0xE0, 0x07, 0xE0, 0x07, 0xE0, 0x07, 0xE0, 0x07, 0xFF, 0xFF,
    0xFF, 0xFF, 0xFF, 0xFF, 0xE0, 0x07, 0xE0, 0x07, 0xE0, 0x07, 0xE0, 0x07, 0xE0, 0x07, 0xE0, 0x07,
    0xE0, 0x07, 0xE0, 0x07, 0xE0, 0x07, 0x07, 0xFC, 0x03, 0xFF, 0xC0, 0xFF, 0xFC, 0x3E, 0x03, 0xC7,
    0x80, 0x3D, 0xE0, 0x03, 0xBC, 0x00, 0x7F, 0x00, 0x0F, 0xE0, 0x01, 0xFC, 0x00, 0x1F, 0x80, 0x03,
    0xF0, 0x00, 0x7E, 0x00, 0x1F, 0xC0, 0x03, 0xFC, 0x00, 0x7F, 0x80, 0x0E, 0x78, 0x03, 0xC7, 0x80,
    0xF0, 0xFF, 0xFC, 0x0F, 0xFF, 0x00, 0x7F, 0xC0, 0xFF, 0xFF, 0xFF, 0xFF, 0xFF, 0xFF, 0xE0, 0x07,
    0xE0, 0x07, 0xE0, 0x07, 0xE0, 0x07, 0xE0, 0x07, 0xE0, 0x07, 0xE0, 0x07, 0xE0, 0x07, 0xE0, 0x07,
    0xE0, 0x07, 0xE0, 0x07, 0xE0, 0x07, 0xE0, 0x07, 0xE0, 0x07, 0xE0, 0x07, 0xE0, 0x07, 0xE0, 0x07,
    0xE0, 0x07, 0xFF, 0xC7, 0xFF, 0xBF, 0xFD, 0xC0, 0xFE, 0x03, 0xF0, 0x1F, 0x80, 0xFC, 0x07, 0xE0,
    0x3F, 0x03, 0xFF, 0xFD, 0xFF, 0xCF, 0xFC, 0x70, 0x03, 0x80, 0x1C, 0x00, 0xE0, 0x07, 0x00, 0x38,
    0x01, 0xC0, 0x0E, 0x00, 0x00, 0x07, 0xFE, 0x0F, 0xFF, 0x3F, 0xFE, 0x3C, 0x00, 0x78, 0x00, 0x70,
    0x00, 0xF0, 0x00, 0xE0, 0x00, 0xE0, 0x00, 0xE0, 0x00, 0xE0, 0x00, 0xE0, 0x00, 0xE0, 0x00, 0xE0,
    0x00, 0xF0, 0x00, 0xF0, 0x00, 0x78, 0x00, 0x7C, 0x00, 0x3F, 0xFE, 0x1F, 0xFE, 0x07, 0xFE, 0xFF,
    0xFF, 0xFF, 0xFF, 0xFF, 0xFF, 0x03, 0x80, 0x03, 0x80, 0x03, 0x80, 0x03, 0x80, 0x03, 0x80, 0x03,
    0x80, 0x03, 0x80, 0x03, 0x80, 0x03, 0x80, 0x03, 0x80, 0x03, 0x80, 0x03, 0x80, 0x03, 0x80, 0x03,
    0x80, 0x03, 0x80, 0x03, 0x80, 0x03, 0x80, 0x03, 0x80, 0x70, 0x01, 0xEF, 0x00, 0x38, 0xE0, 0x0F,
    0x1E, 0x01, 0xC1, 0xC0, 0x78, 0x3C, 0x0E, 0x03, 0x83, 0xC0, 0x78, 0x70, 0x07, 0x0E, 0x00, 0xF3,
    0xC0, 0x0E, 0x70, 0x01, 0xFE, 0x00, 0x3F, 0x80, 0x03, 0xF0, 0x00, 0x7C, 0x00, 0x07, 0x80, 0x00,
    0xE0, 0x00, 0x3C, 0x00, 0x7F, 0x00, 0x0F, 0xC0, 0x01, 0xF0, 0x00, 0x00, 0x70, 0x00, 0x03, 0x80,
    0x03, 0xFF, 0xC0, 0x3F, 0xFF, 0x87, 0xFF, 0xFE, 0x3C, 0x38, 0x7B, 0xC1, 0xC1, 0xDC, 0x0E, 0x0F,
    0xE0, 0x70, 0x7F, 0x03, 0x81, 0xF8, 0x1C, 0x0F, 0xC0, 0xE0, 0xFE, 0x07, 0x07, 0xF8, 0x38, 0x39,
    0xE1, 0xC3, 0xCF, 0xCE, 0xFC, 0x3F, 0xFF, 0xC0, 0x7F, 0xFC, 0x00, 0x1C, 0x00, 0x00, 0xE0, 0x00,
    0x07, 0x00, 0x00, 0x78, 0x07, 0x9E, 0x03, 0xC3, 0xC0, 0xE0, 0x70, 0x78, 0x1E, 0x1C, 0x03, 0xCE,
    0x00, 0x77, 0x80, 0x1F, 0xC0, 0x03, 0xF0, 0x00, 0x78, 0x00, 0x1E, 0x00, 0x0F, 0x80, 0x07, 0xF0,
    0x01, 0xDE, 0x00, 0xF3, 0x80, 0x38, 0xF0, 0x1C, 0x1E, 0x0F, 0x03, 0x83, 0x80, 0xF1, 0xE0, 0x1E,
    0xF0, 0x07, 0x80, 0xE0, 0x07, 0x1C, 0x00, 0xE3, 0x80, 0x1C, 0x70, 0x03, 0x8E, 0x00, 0x71, 0xC0,
    0x0E, 0x38, 0x01, 0xC7, 0x00, 0x38, 0xE0, 0x07, 0x1C, 0x00, 0xE3, 0x80, 0x1C, 0x70, 0x03, 0x8E,
    0x00, 0x71, 0xC0, 0x0E, 0x38, 0x01, 0xC7, 0x00, 0x38, 0xE0, 0x07, 0x1C, 0x00, 0xE3, 0xFF, 0xFF,
    0xFF, 0xFF, 0xFF, 0xFF, 0xFE, 0x00, 0x01, 0xC0, 0x00, 0x38, 0x00, 0x07, 0x00, 0x00, 0xE0, 0x00,
    0x1C, 0xE0, 0x0F, 0xC0, 0x1F, 0x80, 0x3F, 0x00, 0x7E, 0x00, 0xFC, 0x01, 0xF8, 0x03, 0xF0, 0x07,
    0xE0, 0x0F, 0xE0, 0x1F, 0xFF, 0xFB, 0xFF, 0xF1, 0xFF, 0xE0, 0x01, 0xC0, 0x03, 0x80, 0x07, 0x00,
    0x0E, 0x00, 0x1C, 0x00, 0x38, 0x00, 0x70, 0x00, 0xE0, 0xE0, 0x1C, 0x03, 0xF0, 0x0E, 0x01, 0xF8,
    0x07, 0x00, 0xFC, 0x03, 0x80, 0x7E, 0x01, 0xC0, 0x3F, 0x00, 0xE0, 0x1F, 0x80, 0x70, 0x0F, 0xC0,
    0x38, 0x07, 0xE0, 0x1C, 0x03, 0xF0, 0x0E, 0x01, 0xF8, 0x07, 0x00, 0xFC, 0x03, 0x80, 0x7E, 0x01,
    0xC0, 0x3F, 0x00, 0xE0, 0x1F, 0x80, 0x70, 0x0F, 0xC0, 0x38, 0x07, 0xE0, 0x1C, 0x03, 0xF0, 0x0E,
    0x01, 0xFF, 0xFF, 0xFF, 0xFF, 0xFF, 0xFF, 0xFF, 0xFF, 0xFF, 0xF8, 0xE0, 0x38, 0x07, 0x1C, 0x07,
    0x00, 0xE3, 0x80, 0xE0, 0x1C, 0x70, 0x1C, 0x03, 0x8E, 0x03, 0x80, 0x71, 0xC0, 0x70, 0x0E, 0x38,
    0x0E, 0x01, 0xC7, 0x01, 0xC0, 0x38, 0xE0, 0x38, 0x07, 0x1C, 0x07, 0x00, 0xE3, 0x80, 0xE0, 0x1C,
    0x70, 0x1C, 0x03, 0x8E, 0x03, 0x80, 0x71, 0xC0, 0x70, 0x0E, 0x38, 0x0E, 0x01, 0xC7, 0x01, 0xC0,
    0x38, 0xE0, 0x38, 0x07, 0x1C, 0x07, 0x00, 0xE3, 0xFF, 0xFF, 0xFF, 0xFF, 0xFF, 0xFF, 0xFF, 0xFF,
    0xFF, 0xFE, 0x00, 0x00, 0x01, 0xC0, 0x00, 0x00, 0x38, 0x00, 0x00, 0x07, 0x00, 0x00, 0x00, 0xE0,
    0x00, 0x00, 0x1C, 0xFF, 0x00, 0x3F, 0xC0, 0x0F, 0xF0, 0x00, 0x1C, 0x00, 0x07, 0x00, 0x01, 0xC0,
    0x00, 0x70, 0x00, 0x1C, 0x00, 0x07, 0xFE, 0x01, 0xFF, 0xE0, 0x7F, 0xF8, 0x1C, 0x0F, 0x07, 0x01,
    0xC1, 0xC0, 0x70, 0x70, 0x1C, 0x1C, 0x07, 0x07, 0x01, 0xC1, 0xC0, 0xF0, 0x7F, 0xF8, 0x1F, 0xFC,
    0x07, 0xFE, 0x00, 0xE0, 0x00, 0xFC, 0x00, 0x1F, 0x80, 0x03, 0xF0, 0x00, 0x7E, 0x00, 0x0F, 0xC0,
    0x01, 0xF8, 0x00, 0x3F, 0x00, 0x07, 0xFF, 0xC0, 0xFF, 0xFE, 0x1F, 0xFF, 0xC3, 0xF0, 0x3C, 0x7E,
    0x03, 0x8F, 0xC0, 0x71, 0xF8, 0x0E, 0x3F, 0x01, 0xC7, 0xE0, 0x38, 0xFC, 0x0F, 0x1F, 0xFF, 0xC3,
    0xFF, 0xF0, 0x7F, 0xFC, 0x0E, 0xE0, 0x07, 0x00, 0x38, 0x01, 0xC0, 0x0E, 0x00, 0x70, 0x03, 0x80,
    0x1C, 0x00, 0xFF, 0xC7, 0xFF, 0xBF, 0xFD, 0xC0, 0xFE, 0x03, 0xF0, 0x1F, 0x80, 0xFC, 0x07, 0xE0,
    0x3F, 0x03, 0xFF, 0xFD, 0xFF, 0xCF, 0xFC, 0x00, 0x7F, 0xE0, 0x3F, 0xFC, 0x1F, 0xFF, 0x00, 0x03,
    0xC0, 0x00, 0xF0, 0x00, 0x78, 0x00, 0x1E, 0x00, 0x0F, 0x0F, 0xFF, 0x8F, 0xFF, 0xC7, 0xFF, 0xE0,
    0x00, 0x70, 0x00, 0x78, 0x00, 0x3C, 0x00, 0x1E, 0x00, 0x0E, 0x00, 0x0F, 0x00, 0x0F, 0x1F, 0xFF,
    0x0F, 0xFF, 0x07, 0xFE, 0x00, 0xE0, 0x1F, 0xF0, 0x70, 0x3F, 0xFC, 0x38, 0x3F, 0xFF, 0x9C, 0x1E,
    0x03, 0xCE, 0x1E, 0x00, 0xF7, 0x0E, 0x00, 0x3B, 0x8F, 0x00, 0x1F, 0xC7, 0x80, 0x0F, 0xFF, 0x80,
    0x03, 0xFF, 0xC0, 0x01, 0xFF, 0xE0, 0x00, 0xFC, 0x70, 0x00, 0x7E, 0x38, 0x00, 0x7F, 0x1E, 0x00,
    0x3F, 0x8F, 0x00, 0x1F, 0xC3, 0x80, 0x0E, 0xE1, 0xE0, 0x0F, 0x70, 0x78, 0x0F, 0x38, 0x3F, 0xFF,
    0x1C, 0x0F, 0xFF, 0x0E, 0x01, 0xFF, 0x00, 0x07, 0xFF, 0x1F, 0xFF, 0x1F, 0xFF, 0x3C, 0x07, 0x38,
    0x07, 0x38, 0x07, 0x38, 0x07, 0x38, 0x07, 0x3C, 0x07, 0x1F, 0x07, 0x0F, 0xFF, 0x07, 0xFF, 0x03,
    0xFF, 0x07, 0x87, 0x0F, 0x07, 0x0F, 0x07, 0x1E, 0x07, 0x1C, 0x07, 0x3C, 0x07, 0x78, 0x07, 0x78,
    0x07, 0x3F, 0xE3, 0xFF, 0x9F, 0xFE, 0x00, 0xF0, 0x03, 0x80, 0x1C, 0x7F, 0xEF, 0xFF, 0xFF, 0xFF,
    0x81, 0xF8, 0x0F, 0xC0, 0xFE, 0x07, 0xFF, 0xFD, 0xFF, 0xE7, 0xE7, 0x00, 0x00, 0x03, 0xF8, 0x3F,
    0xF0, 0xFF, 0xC3, 0xE0, 0x0F, 0x00, 0x1C, 0x00, 0x38, 0x00, 0xEF, 0xF1, 0xFF, 0xF3, 0xFF, 0xF7,
    0x81, 0xEF, 0x01, 0xFC, 0x03, 0xF8, 0x03, 0xF0, 0x07, 0xE0, 0x0F, 0xC0, 0x3F, 0x80, 0x7F, 0x80,
    0xE7, 0x83, 0xCF, 0xFF, 0x0F, 0xFC, 0x07, 0xF0, 0xFF, 0xC7, 0xFF, 0x3F, 0xFD, 0xC0, 0xEE, 0x07,
    0x70, 0x3B, 0xFF, 0xDF, 0xFC, 0xFF, 0xF7, 0x07, 0xF8, 0x1F, 0xC0, 0x7E, 0x07, 0xFF, 0xFF, 0xFF,
    0xDF, 0xFC, 0xFF, 0xFF, 0xFF, 0xFB, 0x80, 0xE0, 0x38, 0x0E, 0x03, 0x80, 0xE0, 0x38, 0x0E, 0x03,
    0x80, 0xE0, 0x38, 0x0E, 0x03, 0x80, 0x0F, 0xFE, 0x07, 0xFF, 0x03, 0xFF, 0x81, 0xC1, 0xC0, 0xE0,
    0xE0, 0x70, 0x70, 0x38, 0x38, 0x3C, 0x1C, 0x1E, 0x0E, 0x0F, 0x07, 0x07, 0x03, 0x83, 0x81, 0xC3,
    0xC0, 0xE7, 0xFF, 0xFF, 0xFF, 0xFF, 0xFF, 0xFF, 0xE0, 0x03, 0xF0, 0x01, 0xF8, 0x00, 0xFC, 0x00,
    0x70, 0x1F, 0xC1, 0xFF, 0x9F, 0xFC, 0xE0, 0xFF, 0x03, 0xF0, 0x1F, 0xFF, 0xFF, 0xFF, 0xFF, 0xFF,
    0x00, 0x38, 0x01, 0xE0, 0x07, 0x80, 0x3F, 0xFC, 0xFF, 0xE1, 0xFE, 0x70, 0x38, 0x3C, 0xF0, 0x70,
    0x70, 0xF0, 0xE1, 0xC0, 0xE1, 0xC7, 0x81, 0xE3, 0x8E, 0x01, 0xC7, 0x38, 0x01, 0xFF, 0xF0, 0x03,
    0xFF, 0xC0, 0x07, 0xFF, 0xC0, 0x1E, 0x73, 0x80, 0x38, 0xE7, 0x80, 0xF1, 0xC7, 0x83, 0xC3, 0x8F,
    0x07, 0x07, 0x0F, 0x1E, 0x0E, 0x0E, 0x78, 0x1C, 0x1E, 0x7F, 0xCF, 0xFE, 0xFF, 0xF0, 0x0F, 0x00,
    0x70, 0x0F, 0x1F, 0xE3, 0xFC, 0x3F, 0xE0, 0x1F, 0x00, 0x70, 0x07, 0x00, 0x7F, 0xFF, 0xFF, 0xEF,
    0xFC, 0xE0, 0x7F, 0x07, 0xF8, 0x3F, 0xC3, 0xFE, 0x1F, 0xF1, 0xDF, 0x8E, 0xFC, 0xE7, 0xE7, 0x3F,
    0x71, 0xFB, 0x8F, 0xF8, 0x7F, 0xC3, 0xFC, 0x1F, 0xE0, 0xFE, 0x07, 0x38, 0xE1, 0xFF, 0x07, 0xF0,
    0x1F, 0x80, 0x00, 0x00, 0x03, 0x81, 0xFC, 0x1F, 0xE0, 0xFF, 0x0F, 0xF8, 0x7F, 0xC7, 0x7E, 0x3B,
    0xF3, 0x9F, 0x9C, 0xFD, 0xC7, 0xEE, 0x3F, 0xE1, 0xFF, 0x0F, 0xF0, 0x7F, 0x83, 0xF8, 0x1C, 0xE0,
    0x77, 0x07, 0xB8, 0x39, 0xC3, 0x8E, 0x3C, 0x71, 0xC3, 0xFC, 0x1F, 0xE0, 0xFF, 0x07, 0x3C, 0x38,
    0xE1, 0xC7, 0x8E, 0x1E, 0x70, 0x73, 0x83, 0xDC, 0x0F, 0x0F, 0xFE, 0x1F, 0xFC, 0x3F, 0xF8, 0x70,
    0x70, 0xE0, 0xE1, 0xC1, 0xC3, 0x83, 0x87, 0x07, 0x0E, 0x0E, 0x3C, 0x1C, 0x78, 0x38, 0xF0, 0x71,
    0xE0, 0xFF, 0x81, 0xFF, 0x03, 0xFC, 0x07, 0xF0, 0x07, 0xFE, 0x01, 0xFF, 0x80, 0x7F, 0xF0, 0x3F,
    0xFC, 0x0F, 0xFF, 0x07, 0x7E, 0xE1, 0xDF, 0xB8, 0x77, 0xEF, 0x39, 0xF9, 0xCE, 0x7E, 0x77, 0x1F,
    0x8F, 0xC7, 0xE3, 0xF1, 0xF8, 0xF8, 0x7E, 0x1E, 0x1F, 0x87, 0x07, 0xE0, 0x3F, 0x01, 0xF8, 0x0F,
    0xC0, 0x7E, 0x03, 0xF0, 0x1F, 0xFF, 0xFF, 0xFF, 0xFF, 0xFF, 0x01, 0xF8, 0x0F, 0xC0, 0x7E, 0x03,
    0xF0, 0x1F, 0x80, 0xFC, 0x07, 0x0F, 0xE0, 0x7F, 0xF1, 0xFF, 0xE3, 0x81, 0xEF, 0x01, 0xFC, 0x03,
    0xF8, 0x03, 0xF0, 0x07, 0xE0, 0x0F, 0xC0, 0x1F, 0x80, 0x7F, 0x80, 0xF7, 0x83, 0xCF, 0xFF, 0x0F,
    0xFE, 0x07, 0xF0, 0xFF, 0xFF, 0xFF, 0xFF, 0xFF, 0xC0, 0x7E, 0x03, 0xF0, 0x1F, 0x80, 0xFC, 0x07,
    0xE0, 0x3F, 0x01, 0xF8, 0x0F, 0xC0, 0x7E, 0x03, 0xF0, 0x1F, 0x80, 0xFC, 0x07, 0xEF, 0xE3, 0xFF,
    0xCF, 0xFF, 0xBC, 0x0F, 0xF0, 0x3F, 0x80, 0x7E, 0x01, 0xF8, 0x07, 0xE0, 0x1F, 0x80, 0x7E, 0x01,
    0xFC, 0x0F, 0xF0, 0x3F, 0xFF, 0xEF, 0xFF, 0x3B, 0xF8, 0xE0, 0x03, 0x80, 0x0E, 0x00, 0x38, 0x00,
    0xE0, 0x03, 0x80, 0x0E, 0x00, 0x00, 0x0F, 0xF3, 0xFF, 0x7F, 0xF7, 0x80, 0xF0, 0x0E, 0x00, 0xE0,
    0x0E, 0x00, 0xE0, 0x0E, 0x00, 0xE0, 0x0F, 0x00, 0x78, 0x07, 0xFF, 0x3F, 0xF1, 0xFF, 0xFF, 0xFF,
    0xFF, 0xFF, 0xFE, 0x0E, 0x00, 0x70, 0x03, 0x80, 0x1C, 0x00, 0xE0, 0x07, 0x00, 0x38, 0x01, 0xC0,
    0x0E, 0x00, 0x70, 0x03, 0x80, 0x1C, 0x00, 0xE0, 0xF0, 0x0F, 0x70, 0x0E, 0x78, 0x0E, 0x38, 0x1E,
    0x3C, 0x1C, 0x3C, 0x1C, 0x1C, 0x3C, 0x1E, 0x38, 0x0E, 0x78, 0x0E, 0x70, 0x0F, 0x70, 0x07, 0x70,
    0x07, 0xE0, 0x03, 0xE0, 0x03, 0xE0, 0x03, 0xC0, 0x01, 0xC0, 0x03, 0x80, 0x03, 0x80, 0x07, 0x80,
    0x7F, 0x00, 0x7E, 0x00, 0x7C, 0x00, 0x00, 0xE0, 0x00, 0x1C, 0x00, 0x03, 0x80, 0x00, 0x70, 0x00,
    0x0E, 0x00, 0x01, 0xC0, 0x00, 0x38, 0x00, 0x7F, 0xE0, 0x1F, 0xFF, 0x07, 0xFF, 0xF1, 0xE3, 0x8F,
    0x78, 0x70, 0xEF, 0x0E, 0x1F, 0xC1, 0xC3, 0xF8, 0x38, 0x3F, 0x07, 0x07, 0xE0, 0xE1, 0xFE, 0x1C,
    0x3F, 0xC3, 0x87, 0x3C, 0x71, 0xE3, 0xFF, 0xF8, 0x3F, 0xFE, 0x03, 0xFF, 0x00, 0x07, 0x00, 0x00,
    0xE0, 0x00, 0x1C, 0x00, 0x03, 0x80, 0x00, 0x70, 0x00, 0x0E, 0x00, 0x01, 0xC0, 0x00, 0x78, 0x1E,
    0x70, 0x78, 0xF0, 0xE0, 0xF3, 0xC0, 0xEF, 0x01, 0xFC, 0x01, 0xF8, 0x01, 0xE0, 0x07, 0xC0, 0x0F,
    0xC0, 0x3F, 0x80, 0xF3, 0x81, 0xC7, 0x87, 0x87, 0x9E, 0x07, 0x38, 0x0F, 0xE0, 0x39, 0xC0, 0x73,
    0x80, 0xE7, 0x01, 0xCE, 0x03, 0x9C, 0x07, 0x38, 0x0E, 0x70, 0x1C, 0xE0, 0x39, 0xC0, 0x73, 0x80,
    0xE7, 0x01, 0xCE, 0x03, 0x9F, 0xFF, 0xFF, 0xFF, 0xFF, 0xFF, 0x00, 0x0E, 0x00, 0x1C, 0x00, 0x38,
    0x00, 0x70, 0xE0, 0x3F, 0x01, 0xF8, 0x0F, 0xC0, 0x7E, 0x03, 0xF0, 0x1F, 0x80, 0xFE, 0x07, 0xFF,
    0xFB, 0xFF, 0xCF, 0xFE, 0x00, 0x70, 0x03, 0x80, 0x1C, 0x00, 0xE0, 0x07, 0xE0, 0x70, 0x3F, 0x81,
    0xC0, 0xFE, 0x07, 0x03, 0xF8, 0x1C, 0x0F, 0xE0, 0x70, 0x3F, 0x81, 0xC0, 0xFE, 0x07, 0x03, 0xF8,
    0x1C, 0x0F, 0xE0, 0x70, 0x3F, 0x81, 0xC0, 0xFE, 0x07, 0x03, 0xF8, 0x1C, 0x0F, 0xE0, 0x70, 0x3F,
    0xFF, 0xFF, 0xFF, 0xFF, 0xFF, 0xFF, 0xFF, 0xFF, 0xE0, 0x70, 0x38, 0xE0, 0x70, 0x38, 0xE0, 0x70,
    0x38, 0xE0, 0x70, 0x38, 0xE0, 0x70, 0x38, 0xE0, 0x70, 0x38, 0xE0, 0x70, 0x38, 0xE0, 0x70, 0x38,
    0xE0, 0x70, 0x38, 0xE0, 0x70, 0x38, 0xE0, 0x70, 0x38, 0xE0, 0x70, 0x38, 0xE0, 0x70, 0x38, 0xFF,
    0xFF, 0xFF, 0xFF, 0xFF, 0xFF, 0xFF, 0xFF, 0xFF, 0x00, 0x00, 0x07, 0x00, 0x00, 0x07, 0x00, 0x00,
    0x07, 0x00, 0x00, 0x07, 0xFF, 0x00, 0x7F, 0x80, 0x1F, 0xC0, 0x00, 0xE0, 0x00, 0x70, 0x00, 0x38,
    0x00, 0x1F, 0xF8, 0x0F, 0xFE, 0x07, 0xFF, 0x83, 0x81, 0xC1, 0xC0, 0xE0, 0xE0, 0x70, 0x70, 0x78,
    0x3F, 0xFC, 0x1F, 0xFC, 0x0F, 0xFC, 0xE0, 0x03, 0xF0, 0x01, 0xF8, 0x00, 0xFC, 0x00, 0x7E, 0x00,
    0x3F, 0x00, 0x1F, 0xFF, 0x0F, 0xFF, 0xC7, 0xFF, 0xF3, 0xF0, 0x39, 0xF8, 0x1C, 0xFC, 0x0E, 0x7E,
    0x0F, 0x3F, 0xFF, 0x9F, 0xFF, 0x8F, 0xFF, 0x87, 0xE0, 0x0E, 0x00, 0xE0, 0x0E, 0x00, 0xE0, 0x0E,
    0x00, 0xFF, 0xCF, 0xFE, 0xFF, 0xFE, 0x07, 0xE0, 0x7E, 0x07, 0xE0, 0xFF, 0xFF, 0xFF, 0xEF, 0xFC,
    0xFF, 0x0F, 0xFC, 0xFF, 0xE0, 0x1E, 0x00, 0xF0, 0x0F, 0x3F, 0xF7, 0xFF, 0x7F, 0xF0, 0x07, 0x00,
    0xF0, 0x0F, 0x01, 0xEF, 0xFE, 0xFF, 0xCF, 0xF0, 0xE0, 0x7F, 0x0E, 0x1F, 0xFC, 0xE3, 0xFF, 0xEE,
    0x3C, 0x1E, 0xE7, 0x80, 0xFE, 0x78, 0x0F, 0xFF, 0x00, 0x7F, 0xF0, 0x07, 0xFF, 0x00, 0x7E, 0x70,
    0x07, 0xE7, 0x80, 0xFE, 0x78, 0x0F, 0xE3, 0xC1, 0xEE, 0x3F, 0xFE, 0xE1, 0xFF, 0xCE, 0x07, 0xF0,
    0x1F, 0xFC, 0xFF, 0xF7, 0xFF, 0xDC, 0x07, 0x70, 0x1D, 0xC0, 0x77, 0x81, 0xDF, 0xFF, 0x3F, 0xFC,
    0x7F, 0xF0, 0xE1, 0xC7, 0x87, 0x3C, 0x1C, 0xE0, 0x77, 0x81, 0xFC, 0x07, 0x1E, 0x00, 0x70, 0x01,
    0xC0, 0x0F, 0x00, 0x38, 0x00, 0x00, 0x00, 0x03, 0xF8, 0x3F, 0xF3, 0xFF, 0x9C, 0x1F, 0xE0, 0x7E,
    0x03, 0xFF, 0xFF, 0xFF, 0xFF, 0xFF, 0xE0, 0x07, 0x00, 0x3C, 0x00, 0xF0, 0x07, 0xFF, 0x9F, 0xFC,
    0x3F, 0xC0, 0x1C, 0xE0, 0xE7, 0x07, 0x38, 0x00, 0x00, 0x00, 0x0F, 0xE0, 0xFF, 0xCF, 0xFE, 0x70,
    0x7F, 0x81, 0xF8, 0x0F, 0xFF, 0xFF, 0xFF, 0xFF, 0xFF, 0x80, 0x1C, 0x00, 0xF0, 0x03, 0xC0, 0x1F,
    0xFE, 0x7F, 0xF0, 0xFF, 0x00, 0x38, 0x00, 0x38, 0x00, 0xFF, 0xC0, 0xFF, 0xC0, 0xFF, 0xC0, 0x38,
    0x00, 0x3B, 0xFC, 0x3F, 0xFE, 0x3F, 0xFE, 0x3E, 0x0F, 0x3C, 0x0F, 0x3C, 0x07, 0x38, 0x07, 0x38,
    0x07, 0x38, 0x07, 0x38, 0x07, 0x38, 0x07, 0x38, 0x07, 0x38, 0x07, 0x38, 0x07, 0x38, 0x07, 0x38,
    0x07, 0x00, 0x07, 0x00, 0x07, 0x00, 0x07, 0x00, 0x0F, 0x00, 0xFF, 0x00, 0xFE, 0x00, 0xFC, 0x03,
    0xC1, 0xE0, 0x70, 0x38, 0x1C, 0x00, 0x00, 0x03, 0xFF, 0xFF, 0xFF, 0xEE, 0x03, 0x80, 0xE0, 0x38,
    0x0E, 0x03, 0x80, 0xE0, 0x38, 0x0E, 0x03, 0x80, 0xE0, 0x38, 0x0E, 0x00, 0x0F, 0xF3, 0xFF, 0x7F,
    0xF7, 0x80, 0xF0, 0x0E, 0x00, 0xFF, 0xCF, 0xFE, 0xFF, 0xEE, 0x00, 0xE0, 0x0F, 0x00, 0x78, 0x07,
    0xFF, 0x3F, 0xF1, 0xFF, 0x3F, 0xCF, 0xFF, 0xFF, 0x70, 0x0E, 0x01, 0xE0, 0x3F, 0x03, 0xFC, 0x1F,
    0xC0, 0x7C, 0x07, 0x80, 0x78, 0x0F, 0xFF, 0xFF, 0xF7, 0xFC, 0xFF, 0x81, 0xFF, 0xFF, 0xFF, 0xFF,
    0xFF, 0xFE, 0xFF, 0xFF, 0xC0, 0x00, 0xE3, 0x8E, 0x38, 0xE3, 0x8E, 0x38, 0xE3, 0x8E, 0x38, 0xE3,
    0x8E, 0x38, 0x0E, 0x1C, 0x38, 0x00, 0x01, 0xC3, 0x87, 0x0E, 0x1C, 0x38, 0x70, 0xE1, 0xC3, 0x87,
    0x0E, 0x1C, 0x38, 0x70, 0xE1, 0xC3, 0x87, 0x1F, 0xFF, 0xF7, 0xC0, 0x0F, 0xFE, 0x00, 0x0F, 0xFE,
    0x00, 0x0F, 0xFE, 0x00, 0x0E, 0x0E, 0x00, 0x0E, 0x0E, 0x00, 0x0E, 0x0F, 0xC0, 0x0E, 0x0F, 0xFC,
    0x0E, 0x0F, 0xFE, 0x0E, 0x0E, 0x1F, 0x1E, 0x0E, 0x07, 0x1E, 0x0E, 0x07, 0x1E, 0x0E, 0x07, 0x1E,
    0x0E, 0x0F, 0xFC, 0x0F, 0xFF, 0xFC, 0x0F, 0xFE, 0xF8, 0x0F, 0xFC, 0xE0, 0x38, 0x03, 0x80, 0xE0,
    0x0E, 0x03, 0x80, 0x38, 0x0E, 0x00, 0xE0, 0x38, 0x03, 0x80, 0xE0, 0x0F, 0xFF, 0xF0, 0x3F, 0xFF,
    0xFC, 0xFF, 0xFF, 0xFB, 0x80, 0xE1, 0xFE, 0x03, 0x81, 0xF8, 0x0E, 0x07, 0xE0, 0x38, 0x1F, 0x80,
    0xFF, 0xFE, 0x03, 0xFF, 0xB8, 0x0F, 0xFC, 0x38, 0x00, 0x38, 0x00, 0xFF, 0xE0, 0xFF, 0xE0, 0xFF,
    0xE0, 0x38, 0x00, 0x39, 0xFC, 0x3F, 0xFE, 0x3F, 0xFE, 0x3E, 0x0F, 0x3C, 0x0F, 0x3C, 0x07, 0x38,
    0x07, 0x38, 0x07, 0x38, 0x07, 0x38, 0x07, 0x38, 0x07, 0x38, 0x07, 0x38, 0x07, 0x38, 0x07, 0x38,
    0x07, 0x38, 0x07, 0x01, 0xE0, 0x1E, 0x00, 0xE0, 0x0E, 0x00, 0x60, 0x00, 0x00, 0x00, 0x1C, 0x0E,
    0xE0, 0xF7, 0x07, 0x38, 0x71, 0xC7, 0x8E, 0x38, 0x7F, 0x83, 0xFC, 0x1F, 0xE0, 0xE7, 0x87, 0x1C,
    0x38, 0xF1, 0xC3, 0xCE, 0x0E, 0x70, 0x7B, 0x81, 0xE0, 0x1C, 0x00, 0xF0, 0x03, 0x80, 0x0E, 0x00,
    0x38, 0x00, 0x00, 0x00, 0x1C, 0x0F, 0xE0, 0xFF, 0x07, 0xF8, 0x7F, 0xC3, 0xFE, 0x3B, 0xF1, 0xDF,
    0x9C, 0xFC, 0xE7, 0xEE, 0x3F, 0x71, 0xFF, 0x0F, 0xF8, 0x7F, 0x83, 0xFC, 0x1F, 0xC0, 0xE0, 0x0C,
    0x38, 0x0E, 0x38, 0x0F, 0x78, 0x0F, 0xF0, 0x07, 0xE0, 0x00, 0x80, 0xF0, 0x0F, 0x70, 0x0E, 0x78,
    0x0E, 0x38, 0x1E, 0x3C, 0x1C, 0x3C, 0x1C, 0x1C, 0x3C, 0x1E, 0x38, 0x0E, 0x78, 0x0E, 0x70, 0x0F,
    0x70, 0x07, 0x70, 0x07, 0xE0, 0x03, 0xE0, 0x03, 0xE0, 0x03, 0xC0, 0x01, 0xC0, 0x03, 0x80, 0x03,
    0x80, 0x07, 0x80, 0x7F, 0x00, 0x7E, 0x00, 0x7C, 0x00, 0xE0, 0x3F, 0x01, 0xF8, 0x0F, 0xC0, 0x7E,
    0x03, 0xF0, 0x1F, 0x80, 0xFC, 0x07, 0xE0, 0x3F, 0x01, 0xF8, 0x0F, 0xC0, 0x7E, 0x03, 0xFF, 0xFF,
    0xFF, 0xFF, 0xFF, 0x07, 0x00, 0x38, 0x01, 0xC0, 0x0E, 0x00, 0xE0, 0x1C, 0x03, 0xF0, 0x0E, 0x01,
    0xF8, 0x07, 0x00, 0xFC, 0x03, 0x80, 0x7E, 0x01, 0xC0, 0x3F, 0x80, 0xF0, 0x1F, 0xC0, 0x78, 0x1E,
    0xE0, 0x3C, 0x0F, 0x70, 0x3E, 0x07, 0xBC, 0x1F, 0x83, 0x9E, 0x0F, 0xC1, 0xC7, 0x0E, 0xE0, 0xE3,
    0x87, 0x70, 0xF1, 0xE3, 0xBC, 0x70, 0x73, 0x8E, 0x38, 0x3D, 0xC7, 0xBC, 0x0E, 0xE1, 0xDC, 0x07,
    0xE0, 0xFE, 0x03, 0xF0, 0x3E, 0x00, 0xF8, 0x1F, 0x00, 0x38, 0x07, 0x00, 0xE0, 0x70, 0x1F, 0x81,
    0xC0, 0x7E, 0x07, 0x81, 0xF8, 0x1E, 0x0F, 0xF0, 0x78, 0x3F, 0xC0, 0xE0, 0xE7, 0x07, 0x83, 0x9C,
    0x1E, 0x0E, 0x78, 0xFC, 0x78, 0xE3, 0xF1, 0xC3, 0x9F, 0xC7, 0x0F, 0x73, 0xB8, 0x1D, 0xCE, 0xE0,
    0x7E, 0x3F, 0x00, 0xF8, 0x7C, 0x03, 0xC1, 0xE0, 0x0E, 0x00, 0x03, 0x80, 0x00, 0xE0, 0x03, 0xFF,
    0xE0, 0xFF, 0xF8, 0x3F, 0xFE, 0x00, 0xE0, 0x00, 0x38, 0x00, 0x0E, 0x00, 0x03, 0xFF, 0x80, 0xFF,
    0xF8, 0x3F, 0xFE, 0x0E, 0x03, 0xC3, 0x80, 0x70, 0xE0, 0x1C, 0x38, 0x07, 0x0E, 0x01, 0xC3, 0x80,
    0xF0, 0xFF, 0xF8, 0x3F, 0xFE, 0x0F, 0xFE, 0x00, 0x1C, 0x00, 0x0E, 0x00, 0x07, 0x00, 0x1F, 0xFC,
    0x0F, 0xFE, 0x07, 0xFF, 0x00, 0x70, 0x00, 0x38, 0x00, 0x1C, 0x00, 0x0F, 0xF0, 0x07, 0xFF, 0x83,
    0xFF, 0xE1, 0xC0, 0xF8, 0xE0, 0x3C, 0x70, 0x0E, 0x38, 0x0F, 0x1C, 0x1F, 0x8F, 0xFF, 0x87, 0xFF,
    0x80, 0xE0, 0x07, 0xFE, 0xE0, 0x1F, 0xFE, 0xE0, 0x3F, 0xFE, 0xE0, 0x78, 0x00, 0xE0, 0xF0, 0x00,
    0xE0, 0xE0, 0x00, 0xE1, 0xE0, 0x00, 0xE1, 0xE0, 0x00, 0xFF, 0xFF, 0xF0, 0xFF, 0xFF, 0xF0, 0xFF,
    0xFF, 0xF0, 0xE1, 0xC0, 0x00, 0xE1, 0xC0, 0x00, 0xE1, 0xE0, 0x00, 0xE1, 0xE0, 0x00, 0xE0, 0xE0,
    0x00, 0xE0, 0xF0, 0x00, 0xE0, 0x78, 0x00, 0xE0, 0x7F, 0xFE, 0xE0, 0x1F, 0xFE, 0xE0, 0x0F, 0xFE,
    0xE0, 0x3F, 0xDC, 0x1F, 0xFB, 0x87, 0xFF, 0x70, 0xF0, 0x0E, 0x3C, 0x01, 0xC7, 0x80, 0x3F, 0xFF,
    0xC7, 0xFF, 0xFC, 0xFF, 0xFF, 0x9C, 0x70, 0x03, 0x8F, 0x00, 0x71, 0xE0, 0x0E, 0x1E, 0x01, 0xC3,
    0xFF, 0xB8, 0x3F, 0xF7, 0x01, 0xFE, 0x00, 0xF0, 0x00, 0x07, 0xC0, 0x00, 0x3E, 0x00, 0x03, 0xF8,
    0x00, 0x1D, 0xC0, 0x01, 0xEE, 0x00, 0x0E, 0x78, 0x00, 0xF1, 0xC0, 0x07, 0x0F, 0x00, 0x3F, 0xF8,
    0x03, 0xFF, 0xE0, 0x1F, 0xFF, 0x01, 0xE7, 0x38, 0x0E, 0x39, 0xE0, 0x71, 0xC7, 0x07, 0x8E, 0x3C,
    0x38, 0x70, 0xE3, 0xC3, 0x87, 0x1C, 0x1C, 0x3D, 0xE0, 0xE0, 0xEF, 0x07, 0x07, 0x80, 0x01, 0xF0,
    0x00, 0x7C, 0x00, 0x3F, 0x80, 0x0E, 0xE0, 0x07, 0xB8, 0x01, 0xCF, 0x00, 0xF1, 0xC0, 0x3F, 0xF8,
    0x0F, 0xFE, 0x07, 0xBB, 0x81, 0xCE, 0xF0, 0xF3, 0x9C, 0x38, 0xE7, 0x8E, 0x38, 0xE7, 0x8E, 0x3D,
    0xC3, 0x87, 0xE0, 0x0F, 0x00, 0x70, 0x07, 0xC0, 0x38, 0x03, 0xE0, 0x1C, 0x03, 0xF8, 0x0E, 0x01,
    0xDC, 0x07, 0x01, 0xEE, 0x03, 0x80, 0xE7, 0x81, 0xC0, 0x71, 0xC0, 0xE0, 0x78, 0xF0, 0x7F, 0xFF,
    0xF8, 0x3F, 0xFF, 0xFE, 0x1F, 0xFF, 0xFF, 0x0E, 0x1E, 0x73, 0x87, 0x0E, 0x39, 0xE3, 0x87, 0x1C,
    0x71, 0xC7, 0x8E, 0x3C, 0xE3, 0x87, 0x1E, 0x73, 0xC3, 0x87, 0x39, 0xE1, 0xC3, 0xDC, 0xE0, 0xE0,
    0xEE, 0xF0, 0x70, 0x78, 0xE0, 0x7C, 0x07, 0x03, 0xE0, 0x38, 0x1F, 0x81, 0xC1, 0xDC, 0x0E, 0x0E,
    0xF0, 0x70, 0xF3, 0x83, 0xFF, 0xFE, 0x1F, 0xFF, 0xF0, 0xFF, 0xFF, 0x87, 0x1D, 0xDE, 0x38, 0xEE,
    0x71, 0xCE, 0x73, 0xCE, 0x73, 0x8E, 0x77, 0x9C, 0x73, 0xB8, 0xE3, 0xDD, 0xC7, 0x0E, 0x3F, 0xFF,
    0xE1, 0xFF, 0xFF, 0x0F, 0xFF, 0xF8, 0x3C, 0x07, 0x80, 0xE0, 0x78, 0x03, 0x87, 0x80, 0x1E, 0x38,
    0x00, 0x7B, 0xC0, 0x01, 0xFC, 0x00, 0x3F, 0xF8, 0x07, 0xFF, 0xE0, 0x3F, 0xFF, 0x83, 0xC7, 0x1E,
    0x1E, 0x38, 0xF0, 0xE1, 0xC3, 0x8F, 0x0E, 0x1E, 0x78, 0x70, 0xF3, 0x83, 0x83, 0xBC, 0x1C, 0x1F,
    0xE0, 0xE0, 0xFE, 0x07, 0x03, 0x80, 0x3F, 0xFF, 0x87, 0xFF, 0xF0, 0xFF, 0xFE, 0x0F, 0x07, 0x80,
    0xF1, 0xE0, 0x0F, 0x78, 0x00, 0xFE, 0x00, 0x7F, 0xF0, 0x1F, 0xFF, 0x07, 0x9C, 0xF0, 0xE3, 0x8E,
    0x3C, 0x71, 0xE7, 0x0E, 0x1C, 0xE1, 0xC3, 0xBC, 0x38, 0x7F, 0x07, 0x07, 0xE1, 0xFF, 0xFF, 0x38,
    0x7F, 0xFF, 0xCE, 0x1F, 0xFF, 0xF3, 0x83, 0xC0, 0x78, 0xE0, 0x78, 0x3C, 0x38, 0x1E, 0x1E, 0x0E,
    0x03, 0xC7, 0x03, 0x80, 0x7B, 0xC0, 0xE0, 0x0F, 0xE0, 0x3F, 0xFF, 0xFE, 0x0F, 0xFF, 0xFF, 0xC3,
    0xFF, 0xFF, 0xF8, 0xE1, 0xE3, 0x8F, 0x38, 0x70, 0xE1, 0xCE, 0x1C, 0x38, 0x73, 0x8F, 0x0E, 0x1E,
    0xE3, 0xC3, 0x83, 0xB8, 0xE0, 0xE0, 0xEE, 0x38, 0x38, 0x3F, 0x9E, 0x0E, 0x0F, 0xE7, 0x03, 0x81,
    0xC0, 0xE7, 0xFF, 0xF3, 0x9F, 0xFF, 0xCE, 0x7F, 0xFF, 0x38, 0xF0, 0x78, 0xE1, 0xE3, 0xC3, 0x83,
    0xDE, 0x0F, 0xFF, 0xF0, 0x3F, 0xFF, 0xF0, 0xFF, 0xFF, 0xE3, 0x9E, 0x73, 0xCE, 0x71, 0xC7, 0x39,
    0xC7, 0x1E, 0xEE, 0x1C, 0x3B, 0xB8, 0x70, 0xEE, 0xE1, 0xC3, 0xFF, 0x07, 0x07, 0x38, 0x78, 0x39,
    0xF0, 0x7F, 0xE0, 0x7E, 0x01, 0xFE, 0x0F, 0xFF, 0x3F, 0xFF, 0x30, 0x1E, 0x00, 0x1C, 0x00, 0x38,
    0x00, 0x70, 0x01, 0xE1, 0xFF, 0x87, 0xFC, 0x0F, 0xFC, 0x00, 0xFE, 0x00, 0x1E, 0x00, 0x3C, 0x00,
    0x38, 0x00, 0x70, 0x01, 0xE0, 0x03, 0xC0, 0xFF, 0x3F, 0xFC, 0xFF, 0xE1, 0xF0, 0x03, 0x80, 0x07,
    0x80, 0x0F, 0xFF, 0xCF, 0xFF, 0x81, 0xFF, 0x00, 0x38, 0xF1, 0xEF, 0x87, 0xFC, 0x1F, 0x07, 0xFC,
    0x3F, 0xF1, 0xFF, 0xC0, 0x0E, 0x00, 0x70, 0x03, 0x83, 0xFC, 0x3F, 0x81, 0xFE, 0x00, 0xF8, 0x01,
    0xE0, 0x07, 0x00, 0x78, 0x3F, 0xDF, 0xFD, 0xFF, 0xCF, 0x00, 0x70, 0x03, 0xFF, 0x9F, 0xFF, 0x7F,
    0xF8, 0x00, 0xC0, 0xE0, 0xE0, 0xFC, 0x1C, 0x1F, 0x83, 0x83, 0xF0, 0x70, 0x7E, 0x0E, 0x0F, 0xC1,
    0xC1, 0xF8, 0x38, 0x3F, 0x07, 0x07, 0xE0, 0xE1, 0xFC, 0x1C, 0x3F, 0xC3, 0x87, 0xBC, 0x71, 0xE7,
    0xEE, 0xFC, 0x7F, 0xFF, 0x03, 0xFF, 0x80, 0x0F, 0x00, 0x00, 0xE0, 0x00, 0x1C, 0x00, 0x03, 0x80,
    0x00, 0x70, 0x00, 0x0E, 0x00, 0x01, 0xC0, 0x00, 0x70, 0x00, 0x1C, 0x00, 0x07, 0x00, 0x01, 0xC0,
    0x00, 0x70, 0x00, 0x1C, 0x03, 0x87, 0x0E, 0xE1, 0xC3, 0xB8, 0x70, 0xFE, 0x1C, 0x3F, 0x87, 0x0F,
    0xE1, 0xC1, 0xF8, 0x70, 0x7E, 0x1C, 0x1F, 0x87, 0x07, 0xE1, 0xC3, 0xF8, 0x70, 0xFF, 0x1C, 0x3B,
    0xC7, 0x1E, 0x7F, 0xFF, 0x0F, 0xFF, 0x81, 0xFF, 0xC0, 0x07, 0x00, 0x01, 0xC0, 0x00, 0x70, 0x00,
    0x1C, 0x00, 0x07, 0x00, 0x01, 0xC0, 0x00, 0x70, 0x00, 0x07, 0xFC, 0x03, 0xFF, 0xE0, 0xFF, 0xFE,
    0x3E, 0x03, 0xE7, 0x80, 0x3D, 0xE0, 0x03, 0xFC, 0x00, 0x7F, 0x00, 0x07, 0xE0, 0x00, 0xFF, 0xFF,
    0xFF, 0xFF, 0xFF, 0xFF, 0xFF, 0xFE, 0x00, 0x0F, 0xC0, 0x01, 0xFC, 0x00, 0x7F, 0x80, 0x0F, 0x78,
    0x03, 0xCF, 0x80, 0xF0, 0xFF, 0xFE, 0x0F, 0xFF, 0x80, 0x7F, 0xC0, 0x0F, 0xE0, 0x7F, 0xF1, 0xFF,
    0xE3, 0x81, 0xEF, 0x01, 0xFC, 0x03, 0xFF, 0xFF, 0xFF, 0xFF, 0xFF, 0xFF, 0xC0, 0x1F, 0x80, 0x7F,
    0x80, 0xF7, 0x03, 0xCF, 0xFF, 0x0F, 0xFE, 0x07, 0xF0, 0xF0, 0x01, 0xF7, 0x00, 0x1F, 0x78, 0x03,
    0xF7, 0x80, 0x38, 0x38, 0x07, 0x83, 0xC0, 0x70, 0x1C, 0x07, 0x01, 0xC0, 0xF0, 0x1E, 0x0E, 0x00,
    0xE0, 0xE0, 0x0E, 0x1E, 0x00, 0xF1, 0xC0, 0x07, 0x1C, 0x00, 0x73, 0xC0, 0x07, 0xBC, 0x00, 0x3B,
    0x80, 0x03, 0xB8, 0x00, 0x3F, 0x80, 0x01, 0xF0, 0x00, 0x1F, 0x00, 0x00, 0xF0, 0x00, 0xF0, 0x0F,
    0xF0, 0x1F, 0x70, 0x1F, 0x78, 0x1C, 0x38, 0x3C, 0x38, 0x38, 0x3C, 0x38, 0x1C, 0x78, 0x1C, 0x70,
    0x1E, 0x70, 0x0E, 0xF0, 0x0E, 0xE0, 0x0F, 0xE0, 0x07, 0xE0, 0x07, 0xC0, 0x03, 0xC0, 0x1E, 0xF0,
    0x00, 0xE7, 0x00, 0x0F, 0x78, 0x00, 0x73, 0x80, 0x03, 0x9C, 0x00, 0x00, 0x00, 0x00, 0x00, 0x0F,
    0x00, 0x1F, 0x70, 0x01, 0xF7, 0x80, 0x3F, 0x78, 0x03, 0x83, 0x80, 0x78, 0x3C, 0x07, 0x01, 0xC0,
    0x70, 0x1C, 0x0F, 0x01, 0xE0, 0xE0, 0x0E, 0x0E, 0x00, 0xE1, 0xE0, 0x0F, 0x1C, 0x00, 0x71, 0xC0,
    0x07, 0x3C, 0x00, 0x7B, 0xC0, 0x03, 0xB8, 0x00, 0x3B, 0x80, 0x03, 0xF8, 0x00, 0x1F, 0x00, 0x01,
    0xF0, 0x00, 0x0F, 0x00, 0x7B, 0xC0, 0x39, 0xC0, 0x3C, 0xE0, 0x1C, 0xF0, 0x0E, 0x70, 0x00, 0x00,
    0x00, 0x00, 0xF0, 0x0F, 0xF0, 0x1F, 0x70, 0x1F, 0x78, 0x1C, 0x38, 0x3C, 0x38, 0x38, 0x3C, 0x38,
    0x1C, 0x78, 0x1C, 0x70, 0x1E, 0x70, 0x0E, 0xF0, 0x0E, 0xE0, 0x0F, 0xE0, 0x07, 0xE0, 0x07, 0xC0,
    0x03, 0xC0, 0x07, 0xF8, 0x00, 0x00, 0x07, 0xFF, 0x80, 0x00, 0x03, 0xFF, 0xF0, 0x00, 0x01, 0xF0,
    0x3C, 0x00, 0x00, 0x78, 0x07, 0x80, 0x00, 0x3C, 0x00, 0xE7, 0x00, 0xFF, 0x00, 0x3D, 0xC0, 0x3B,
    0x80, 0x0F, 0x78, 0x0E, 0xE0, 0x01, 0xCE, 0x07, 0xB8, 0x00, 0x73, 0xC1, 0xCE, 0x00, 0x1C, 0x70,
    0x73, 0x80, 0x07, 0x1C, 0x3C, 0xE0, 0x01, 0xC7, 0x8E, 0x38, 0x00, 0xF0, 0xE3, 0x8F, 0x00, 0x3C,
    0x39, 0xC3, 0xC0, 0x0E, 0x07, 0x70, 0x78, 0x07, 0x81, 0xFC, 0x1F, 0x03, 0xC0, 0x7E, 0x03, 0xFF,
    0xF0, 0x0F, 0x80, 0x7F, 0xF8, 0x03, 0xE0, 0x07, 0xF8, 0x00, 0x70, 0x00, 0x00, 0x00, 0x3C, 0x00,
    0x00, 0x00, 0x0E, 0x00, 0x00, 0x00, 0x03, 0x80, 0x00, 0x00, 0x01, 0xE0, 0x00, 0x00, 0x07, 0xF0,
    0x00, 0x00, 0x01, 0xF8, 0x00, 0x00, 0x00, 0x7C, 0x00, 0x0F, 0xE0, 0xE0, 0x1E, 0x7F, 0xF1, 0xC0,
    0x39, 0xFF, 0xE3, 0xC0, 0x73, 0x81, 0xE3, 0x81, 0xEF, 0x01, 0xE7, 0x83, 0x9C, 0x03, 0xC7, 0x0F,
    0x38, 0x03, 0x8E, 0x1E, 0x70, 0x07, 0x1E, 0x38, 0xE0, 0x0E, 0x1C, 0xF1, 0xC0, 0x1C, 0x39, 0xC3,
    0x80, 0x78, 0x3B, 0x87, 0x80, 0xF0, 0x7F, 0x07, 0x83, 0xC0, 0xFC, 0x0F, 0xFF, 0x00, 0xF8, 0x0F,
    0xFE, 0x01, 0xF0, 0x07, 0xF0, 0x03, 0xC0, 0x00, 0x00, 0x07, 0x80, 0x00, 0x00, 0x0E, 0x00, 0x00,
    0x00, 0x1C, 0x00, 0x00, 0x00, 0x78, 0x00, 0x00, 0x0F, 0xE0, 0x00, 0x00, 0x1F, 0x80, 0x00, 0x00,
    0x3E, 0x00, 0x00, 0x00, 0xF0, 0x00, 0x3F, 0x80, 0x0F, 0xFF, 0x01, 0xFF, 0xF8, 0x3E, 0xF7, 0xC7,
    0x80, 0x1E, 0x78, 0x00, 0xEF, 0x00, 0x0F, 0xF0, 0x00, 0xFE, 0x00, 0x07, 0xE0, 0x00, 0x7E, 0x00,
    0x07, 0xE0, 0x00, 0x7E, 0x00, 0x07, 0xE0, 0x00, 0x7F, 0x00, 0x0F, 0xF0, 0x00, 0xF7, 0x80, 0x1E,
    0x78, 0x01, 0xE3, 0xEF, 0x7C, 0x1F, 0xFF, 0x80, 0xFF, 0xF0, 0x01, 0xF8, 0x00, 0x0F, 0x00, 0x03,
    0xC0, 0x0F, 0xE0, 0x1F, 0xF8, 0x3F, 0xFC, 0x7B, 0xDE, 0xF0, 0x0F, 0xF0, 0x0F, 0xE0, 0x07, 0xE0,
    0x07, 0xE0, 0x07, 0xE0, 0x07, 0xE0, 0x07, 0xF0, 0x0F, 0xF0, 0x0F, 0x7B, 0xDE, 0x3F, 0xFC, 0x1F,
    0xF8, 0x07, 0xE0, 0x03, 0xC0, 0x00, 0x7C, 0x00, 0x00, 0x1F, 0xF0, 0x00, 0x03, 0xFF, 0x80, 0x00,
    0x65, 0xF0, 0x00, 0x0D, 0xC0, 0x00, 0x00, 0x38, 0x00, 0x00, 0x03, 0x00, 0x00, 0x00, 0xE0, 0x00,
    0x00, 0x38, 0x00, 0x00, 0x00, 0x00, 0x00, 0x3F, 0x07, 0xF0, 0x0F, 0xF1, 0xFF, 0x83, 0xFE, 0x3F,
    0xF8, 0xF0, 0x00, 0x0F, 0x1C, 0x00, 0x00, 0xF7, 0x80, 0x00, 0x0E, 0xF0, 0x00, 0x01, 0xFC, 0x00,
    0x00, 0x3F, 0x80, 0x00, 0x03, 0xF0, 0x00, 0x00, 0x7E, 0x00, 0x00, 0x0F, 0xC0, 0x38, 0x01, 0xF8,
    0x07, 0x00, 0x7F, 0x00, 0xE0, 0x0F, 0xF0, 0x1C, 0x01, 0xFE, 0x03, 0x80, 0x39, 0xC0, 0x70, 0x0F,
    0x3C, 0x0E, 0x03, 0xC3, 0xFF, 0xFF, 0xF8, 0x3F, 0xFF, 0xFE, 0x03, 0xF8, 0xFF, 0x00, 0x00, 0x40,
    0x00, 0x03, 0xFF, 0x00, 0x0F, 0xFE, 0x00, 0x1D, 0xFC, 0x00, 0x03, 0x80, 0x00, 0x07, 0x00, 0x00,
    0x06, 0x00, 0x00, 0x1C, 0x00, 0x00, 0x70, 0x00, 0x00, 0x00, 0x00, 0x00, 0x00, 0x00, 0xFE, 0x3F,
    0x83, 0xFC, 0x7F, 0x8F, 0xF0, 0x7F, 0xBC, 0x00, 0x07, 0xF8, 0x00, 0x0F, 0xE0, 0x00, 0x0F, 0xC0,
    0x00, 0x1F, 0x80, 0xC0, 0x3F, 0x01, 0xC0, 0x7E, 0x03, 0x80, 0xFC, 0x07, 0x01, 0xFC, 0x0E, 0x07,
    0xF8, 0x3C, 0x0F, 0x7F, 0xFF, 0xFC, 0x7F, 0xFF, 0xF0, 0x7F, 0x1F, 0xC0, 0x01, 0xFF, 0xE0, 0x00,
    0xFF, 0xF0, 0x00, 0x23, 0x10, 0x00, 0x00, 0x00, 0x00, 0x00, 0x00, 0x07, 0x00, 0xE0, 0x1F, 0x80,
    0x70, 0x0F, 0xC0, 0x38, 0x07, 0xE0, 0x1C, 0x03, 0xF0, 0x0F, 0x01, 0xFC, 0x07, 0x80, 0xFE, 0x03,
    0xC0, 0x77, 0x01, 0xE0, 0x7B, 0x81, 0xF0, 0x3D, 0xE0, 0xFC, 0x1C, 0xF0, 0x7E, 0x0E, 0x38, 0x77,
    0x07, 0x1E, 0x3B, 0xC7, 0x8F, 0x1C, 0xE3, 0x83, 0x9C, 0x71, 0xC1, 0xEE, 0x3C, 0xE0, 0x77, 0x0E,
    0xE0, 0x3F, 0x07, 0xF0, 0x1F, 0x81, 0xF8, 0x07, 0xC0, 0xF8, 0x01, 0xC0, 0x3C, 0x00, 0x07, 0xFF,
    0x80, 0x1F, 0xFE, 0x00, 0x23, 0x10, 0x00, 0x00, 0x00, 0x00, 0x00, 0x03, 0x81, 0xC0, 0x7E, 0x07,
    0x01, 0xF8, 0x1E, 0x07, 0xE0, 0x78, 0x3F, 0xC1, 0xE0, 0xFF, 0x03, 0x83, 0xDC, 0x1E, 0x0E, 0x70,
    0x7C, 0x39, 0xE3, 0xF1, 0xE3, 0x8F, 0xC7, 0x0E, 0x3F, 0x9C, 0x3D, 0xCE, 0xF0, 0x77, 0x3B, 0x81,
    0xF8, 0x7E, 0x03, 0xE1, 0xF0, 0x07, 0x03, 0xC0, 0x03, 0xFF, 0x07, 0xFF, 0x87, 0xFF, 0xC7, 0x80,
    0x07, 0x80, 0x03, 0x80, 0x03, 0xC0, 0x01, 0xC0, 0x00, 0xE0, 0x00, 0x70, 0x00, 0x38, 0x00, 0x1C,
    0x00, 0x0E, 0x00, 0x07, 0x00, 0x03, 0xC0, 0x01, 0xE0, 0x00, 0x78, 0x00, 0x3E, 0x00, 0x0F, 0xFE,
    0x03, 0xFF, 0x00, 0x7F, 0x80, 0x01, 0xC0, 0x00, 0xE0, 0x00, 0x70, 0x00, 0x38, 0x00, 0x1C, 0x00,
    0x0E, 0x00, 0x07, 0x00, 0x1F, 0xF3, 0xFF, 0x7F, 0xE7, 0x00, 0xF0, 0x0E, 0x00, 0xE0, 0x0E, 0x00,
    0xE0, 0x0E, 0x00, 0xE0, 0x0F, 0x00, 0xF0, 0x07, 0xFC, 0x3F, 0xC1, 0xFC, 0x01, 0xC0, 0x1C, 0x01,
    0xC0, 0x1C, 0x01, 0xC0, 0x1C, 0x01, 0xC0, 0x00, 0x08, 0x00, 0x1C, 0x00, 0x1C, 0x0E, 0x38, 0x0F,
    0xF0, 0x07, 0xF0, 0x01, 0xF8, 0x00, 0xFC, 0x01, 0xDE, 0x41, 0xCE, 0xF3, 0x80, 0xFF, 0x00, 0x3F,
    0x00, 0x0F, 0x80, 0x0F, 0xE0, 0x1D, 0xF0, 0x3C, 0x60, 0x38, 0x00, 0x30, 0x00, 0x00, 0x00, 0x00,
    0xFF, 0xFF, 0xFF, 0xF0, 0x0C, 0x00, 0x0F, 0xCF, 0xFF, 0xFF, 0xF8, 0x30, 0xEF, 0xCE, 0x70, 0xFF,
    0x77, 0xE0, 0x7C, 0x1F, 0xFB, 0xFF, 0xE1, 0xF0, 0x00, 0x00, 0x80, 0x00, 0x00, 0x01, 0xF0, 0x00,
    0x00, 0x01, 0xFC, 0x00, 0x00, 0x00, 0xCE, 0x00, 0x00, 0x00, 0x43, 0x00, 0x00, 0x00, 0x00, 0x00,
    0x00, 0x3E, 0x00, 0x03, 0xE0, 0x3F, 0x80, 0x03, 0xF8, 0x1F, 0xC0, 0x01, 0xFC, 0x0C, 0x60, 0x01,
    0x86, 0x00, 0x00, 0x00, 0x00, 0x00, 0x00, 0x00, 0x00, 0x00, 0x00, 0x00, 0x00, 0x00, 0x00, 0x00,
    0x00, 0x00, 0x00, 0x00, 0x00, 0x00, 0xF8, 0x00, 0x00, 0x3E, 0xFE, 0x00, 0x00, 0x3F, 0xE3, 0x00,
    0x00, 0x18, 0xE0, 0x80, 0x00, 0x08, 0x20, 0x00, 0x00, 0x00, 0x00, 0x00, 0x00, 0x00, 0x00, 0x00,
    0x00, 0x00, 0x00, 0x00, 0x00, 0x00, 0x00, 0x1F, 0x00, 0x01, 0xF0, 0x1F, 0xC0, 0x01, 0xFC, 0x0F,
    0xE0, 0x00, 0xFE, 0x06, 0x10, 0x00, 0x43, 0x00, 0x00, 0x10, 0x00, 0x00, 0x00, 0x3E, 0x00, 0x00,
    0x00, 0x3F, 0x80, 0x00, 0x00, 0x19, 0xC0, 0x00, 0x00, 0x08, 0x60, 0x00, 0x00, 0x00, 0xC0, 0x00,
    0x00, 0x01, 0xC0, 0x00, 0x00, 0x01, 0xC0, 0x00, 0x00, 0x03, 0xC0, 0x00, 0x06, 0x03, 0x80, 0x00,
    0x07, 0x03, 0x80, 0x30, 0x07, 0x00, 0x00, 0xF8, 0x03, 0x80, 0x03, 0xF0, 0x03, 0xC0, 0x03, 0xC0,
    0x01, 0x80, 0x01, 0x80, 0x01, 0x00, 0x00, 0x00, 0x00, 0x00, 0x00, 0x00, 0x00, 0x00, 0x00, 0x00,
    0x00, 0x00, 0x00, 0x00, 0xE0, 0x00, 0x00, 0x38, 0xFC, 0x00, 0x00, 0x3E, 0x7C, 0x00, 0x00, 0x3F,
    0x1C, 0x00, 0x00, 0x0F, 0x00, 0x00, 0x00, 0x00, 0x00, 0x00, 0x00, 0x00, 0x00, 0x00, 0x00, 0x00,
    0x00, 0x00, 0x00, 0x00, 0x00, 0x00, 0x00, 0x80, 0x01, 0x80, 0x01, 0xC0, 0x03, 0xC0, 0x01, 0xC0,
    0x0F, 0xC0, 0x01, 0xE0, 0x1F, 0x01, 0xC0, 0xE0, 0x0C, 0x01, 0xC0, 0x60, 0x00, 0x01, 0xC0, 0x60,
    0x00, 0x03, 0x80, 0x00, 0x00, 0x03, 0x80, 0x00, 0x00, 0x03, 0x00, 0x00, 0x1C, 0x1C, 0x01, 0xFF,
    0xC0, 0x0F, 0xF8, 0x00, 0x7F, 0x00, 0x00, 0x00, 0x00, 0x00, 0x00, 0xE0, 0x07, 0x8E, 0x00, 0xF8,
    0xE0, 0x0F, 0x8E, 0x01, 0xF8, 0xE0, 0x1F, 0x8E, 0x03, 0xF8, 0xE0, 0x7B, 0x8E, 0x07, 0x38, 0xE0,
    0xF3, 0x8E, 0x1E, 0x38, 0xE1, 0xC3, 0x8E, 0x3C, 0x38, 0xE3, 0x83, 0x8E, 0x70, 0x38, 0xEF, 0x03,
    0x8E, 0xE0, 0x38, 0xFE, 0x03, 0x8F, 0xC0, 0x38, 0xF8, 0x03, 0x8F, 0x80, 0x3F, 0xF0, 0x03, 0xF0,
    0x00, 0x0F, 0x00, 0x00, 0xE0, 0x00, 0x0E, 0x00, 0x01, 0xE0, 0x00, 0x1E, 0x00, 0x03, 0xC0, 0x38,
    0x38, 0x1E, 0x7C, 0x0F, 0xFC, 0x03, 0xFC, 0x00, 0x10, 0x00, 0x00, 0x03, 0x80, 0xF1, 0xC0, 0xF8,
    0xE0, 0x7C, 0x70, 0x7E, 0x38, 0x7F, 0x1C, 0x3B, 0x8E, 0x39, 0xC7, 0x1C, 0xE3, 0x9C, 0x71, 0xCE,
    0x38, 0xEE, 0x1C, 0x7F, 0x0E, 0x3F, 0x07, 0x1F, 0x03, 0x8F, 0x81, 0xFF, 0x80, 0xFC, 0x00, 0x1C,
    0x00, 0x0E, 0x00, 0x07, 0x00, 0x07, 0x80, 0x03, 0xC0, 0x01, 0xC0, 0x38, 0x00, 0x38, 0x00, 0xFF,
    0xC0, 0xFF, 0xC0, 0xFF, 0xC0, 0x38, 0x00, 0x38, 0x00, 0x38, 0x00, 0x38, 0x00, 0x3F, 0xF8, 0x3F,
    0xFC, 0x3F, 0xFE, 0x38, 0x0F, 0x38, 0x0F, 0x38, 0x07, 0x38, 0x07, 0x38, 0x0F, 0x38, 0x1F, 0x3F,
    0xFE, 0x3F, 0xFC, 0x3F, 0xF8, 0x38, 0x00, 0x38, 0x00, 0x38, 0x00, 0x38, 0x00, 0xFF, 0x80, 0xFF,
    0x80, 0xFF, 0x80, 0x38, 0x00, 0x38, 0x00, 0x38, 0x00, 0x38, 0x00, 0x38, 0x00, 0x38, 0x00, 0x3F,
    0xC0, 0x3F, 0xFC, 0x3F, 0xFE, 0x38, 0x1F, 0x38, 0x0F, 0x38, 0x07, 0x38, 0x0F, 0x38, 0x3F, 0x3F,
    0xFE, 0x3F, 0xFC, 0xFF, 0xE3, 0xFF, 0xCF, 0xFF, 0xB8, 0x1F, 0xE0, 0x3F, 0x80, 0x7E, 0x01, 0xF8,
    0x47, 0xE3, 0xBF, 0x8F, 0xEF, 0xFF, 0xBF, 0xFC, 0xFF, 0xE3, 0x81, 0xCE, 0x03, 0x38, 0x00, 0xE0,
    0x03, 0x80, 0x0E, 0x00, 0x38, 0x00, 0xE0, 0x00, 0xEF, 0xE3, 0xFF, 0xCF, 0xFF, 0xBC, 0x0F, 0xF0,
    0x3F, 0x80, 0x7E, 0x01, 0xF8, 0x07, 0xE0, 0x1F, 0x80, 0x7E, 0x19, 0xFC, 0xFF, 0xF1, 0xFB, 0xFF,
    0xEF, 0xFF, 0x3B, 0xFC, 0xE0, 0x3B, 0x80, 0x6E, 0x00, 0x38, 0x00, 0xE0, 0x03, 0x80, 0x0E, 0x00,
    0x00, 0x00, 0x70, 0x07, 0x00, 0x70, 0x07, 0xFF, 0xFF, 0xFF, 0xFF, 0xFE, 0x00, 0xE0, 0x0E, 0x00,
    0xE0, 0x0E, 0x00, 0xE0, 0x0E, 0x00, 0xE0, 0x0E, 0x00, 0xE0, 0x0E, 0x00, 0xE0, 0x0E, 0x00, 0xE0,
    0x0E, 0x00, 0xE0, 0x0E, 0x00, 0xE0, 0x00, 0x01, 0xC0, 0x70, 0x1C, 0x07, 0x01, 0xFF, 0xFF, 0xFF,
    0xFE, 0xE0, 0x38, 0x0E, 0x03, 0x80, 0xE0, 0x38, 0x0E, 0x03, 0x80, 0xE0, 0x38, 0x0E, 0x03, 0x80,
    0xE0, 0x00, 0x3F, 0xFC, 0xFF, 0xF3, 0xFF, 0xCE, 0x00, 0x38, 0x00, 0xE0, 0x03, 0x80, 0x0E, 0x00,
    0x38, 0x03, 0xFF, 0x8F, 0xFE, 0x3F, 0xF8, 0x38, 0x00, 0xE0, 0x03, 0x80, 0x0E, 0x00, 0x38, 0x00,
    0xE0, 0x03, 0x80, 0x0E, 0x00, 0x38, 0x00, 0x3F, 0xF3, 0xFF, 0x3F, 0xF3, 0x80, 0x38, 0x03, 0x80,
    0x38, 0x0F, 0xFC, 0xFF, 0xCF, 0xFC, 0x38, 0x03, 0x80, 0x38, 0x03, 0x80, 0x38, 0x03, 0x80, 0xFF,
    0xF1, 0xFF, 0xE3, 0xFF, 0xC7, 0x00, 0x0E, 0x00, 0x1C, 0x00, 0x38, 0x00, 0x70, 0x00, 0xE0, 0x01,
    0xFF, 0x83, 0xFF, 0xC7, 0xFF, 0xCE, 0x07, 0xDC, 0x07, 0xB8, 0x07, 0xF0, 0x0F, 0xE0, 0x0F, 0xC0,
    0x1F, 0x80, 0x3F, 0x00, 0x7E, 0x00, 0xE0, 0x01, 0xC0, 0x07, 0x80, 0x0F, 0x00, 0x3C, 0x3F, 0xF0,
    0x7F, 0xE0, 0xFF, 0x00, 0xFF, 0xCF, 0xFC, 0xFF, 0x8E, 0x00, 0xE0, 0x0E, 0x00, 0xE0, 0x0F, 0xF8,
    0xFF, 0xCE, 0x3E, 0xE0, 0xFE, 0x0F, 0xE0, 0x7E, 0x07, 0xE0, 0x7E, 0x07, 0x00, 0x70, 0x07, 0x00,
    0xF0, 0x0F, 0x3F, 0xE3, 0xFC, 0x1F, 0x80, 0x78, 0x0E, 0x03, 0x87, 0x81, 0xC0, 0xF0, 0x70, 0x38,
    0x3C, 0x0F, 0x07, 0x0F, 0x00, 0xF0, 0xE1, 0xC0, 0x0F, 0x1C, 0x78, 0x00, 0xF3, 0x9E, 0x00, 0x0E,
    0x77, 0x80, 0x01, 0xEE, 0xE0, 0x00, 0x1F, 0xF8, 0x00, 0x01, 0xFF, 0x00, 0x00, 0x7F, 0xF0, 0x00,
    0x1E, 0xEF, 0x00, 0x07, 0x9C, 0xE0, 0x01, 0xE3, 0x9E, 0x00, 0x38, 0x71, 0xE0, 0x0F, 0x0E, 0x1E,
    0x03, 0xC1, 0xC1, 0xC0, 0xF0, 0x38, 0x3F, 0x9C, 0x07, 0x03, 0xF7, 0x80, 0xE0, 0x3E, 0x00, 0x00,
    0x01, 0xC0, 0x00, 0x00, 0x38, 0x00, 0x00, 0x07, 0x00, 0x00, 0x00, 0xE0, 0x00, 0x00, 0x1C, 0x00,
    0x00, 0x03, 0x80, 0x78, 0x38, 0x38, 0x70, 0x70, 0xF0, 0xF0, 0xE3, 0xC0, 0xF1, 0xC7, 0x00, 0xF3,
    0x9C, 0x00, 0xF7, 0x70, 0x00, 0xEF, 0xE0, 0x00, 0xFF, 0x80, 0x03, 0xFF, 0x00, 0x0F, 0x77, 0x00,
    0x1C, 0xEF, 0x00, 0x71, 0xCF, 0x01, 0xE3, 0x8E, 0x07, 0x87, 0x0F, 0xDE, 0x0E, 0x1F, 0xF8, 0x1C,
    0x1F, 0x00, 0x00, 0x0E, 0x00, 0x00, 0x1C, 0x00, 0x00, 0x38, 0x00, 0x00, 0x70, 0x00, 0x00, 0xE0,
    0x00, 0x01, 0xC0, 0x7F, 0xC3, 0xFF, 0xCF, 0xFF, 0x80, 0x1E, 0x00, 0x38, 0x00, 0xE0, 0x03, 0x80,
    0x1E, 0x1F, 0xF0, 0xFF, 0x83, 0xFF, 0x00, 0x7E, 0x00, 0x3C, 0x00, 0x70, 0x01, 0xC0, 0x07, 0x00,
    0x1C, 0x00, 0xFF, 0xFF, 0xBF, 0xFC, 0xFF, 0xE0, 0x1C, 0x00, 0x38, 0x00, 0x60, 0x03, 0x80, 0x3E,
    0x00, 0xF8, 0x00, 0x00, 0x7F, 0xCF, 0xFE, 0xFF, 0xF0, 0x0F, 0x00, 0x70, 0x0F, 0x1F, 0xE3, 0xFC,
    0x3F, 0xE0, 0x1F, 0x00, 0x70, 0x07, 0x00, 0x7F, 0xFF, 0xFF, 0xEF, 0xFC, 0x0F, 0x00, 0x70, 0x03,
    0x80, 0x78, 0x1F, 0x81, 0xF0, 0x04, 0x00, 0xE0, 0x1E, 0x70, 0x1E, 0x38, 0x1E, 0x1C, 0x1E, 0x0E,
    0x1F, 0x07, 0x0F, 0x03, 0x8F, 0x01, 0xCF, 0x00, 0xEF, 0x00, 0x7F, 0x00, 0x3F, 0x80, 0x1F, 0xC0,
    0x0E, 0xF0, 0x07, 0x3C, 0x03, 0x8F, 0x01, 0xC3, 0xC0, 0xE0, 0xF0, 0x70, 0x3C, 0x38, 0x0F, 0xFC,
    0x07, 0xFE, 0x01, 0xF8, 0x00, 0x1C, 0x00, 0x0E, 0x00, 0x07, 0x00, 0x03, 0x80, 0x01, 0xC0, 0x00,
    0xE0, 0xE0, 0xF3, 0x83, 0x8E, 0x1E, 0x38, 0xF0, 0xE7, 0x83, 0xBC, 0x0F, 0xE0, 0x3F, 0x00, 0xFE,
    0x03, 0xBC, 0x0E, 0xF0, 0x39, 0xE0, 0xE3, 0xC3, 0x87, 0xFE, 0x0F, 0xF8, 0x1F, 0x00, 0x1C, 0x00,
    0x70, 0x01, 0xC0, 0x07, 0x00, 0x1C, 0x00, 0x70, 0xE0, 0x1E, 0xE0, 0x3C, 0xE0, 0x78, 0xE0, 0xF0,
    0xED, 0xE0, 0xED, 0xC0, 0xEF, 0xC0, 0xEF, 0x80, 0xEF, 0x00, 0xFE, 0x00, 0xFC, 0x00, 0xFE, 0x00,
    0xEF, 0x00, 0xEF, 0x80, 0xEF, 0xC0, 0xEF, 0xC0, 0xED, 0xE0, 0xE0, 0xF0, 0xE0, 0x78, 0xE0, 0x3C,
    0xE0, 0x1E, 0xE0, 0xF7, 0x07, 0x3B, 0x71, 0xDF, 0x8E, 0xF8, 0x77, 0x83, 0xB8, 0x1F, 0x80, 0xFC,
    0x07, 0xF0, 0x3B, 0xC1, 0xDF, 0x0E, 0xFC, 0x76, 0xF3, 0xB3, 0xDC, 0x0F, 0x1C, 0x03, 0xC3, 0x80,
    0xF3, 0xFC, 0x1C, 0x7F, 0xC7, 0x8F, 0xF9, 0xE0, 0x38, 0x78, 0x07, 0x0F, 0x00, 0xE3, 0xC0, 0x1C,
    0xF0, 0x03, 0xFE, 0x00, 0x7F, 0xC0, 0x0F, 0xF8, 0x01, 0xC7, 0x80, 0x38, 0x78, 0x07, 0x0F, 0x00,
    0xE0, 0xF0, 0x1C, 0x0F, 0x03, 0x81, 0xE0, 0x70, 0x1E, 0x0E, 0x01, 0xE1, 0xC0, 0x3C, 0x38, 0x00,
    0x70, 0x03, 0xFF, 0x07, 0xFE, 0x0F, 0xFC, 0x07, 0x00, 0x0E, 0x07, 0x1C, 0x1C, 0x38, 0x78, 0x71,
    0xE0, 0xE7, 0x81, 0xDE, 0x03, 0xB8, 0x07, 0xE0, 0x0F, 0xE0, 0x1D, 0xE0, 0x39, 0xC0, 0x71, 0xC0,
    0xE3, 0xC1, 0xC3, 0xC3, 0x83, 0xC7, 0x03, 0xC0, 0xFF, 0x00, 0xF7, 0xF8, 0x0F, 0x3F, 0xC0, 0xF0,
    0x0E, 0x0F, 0x00, 0x70, 0xF0, 0x03, 0x8F, 0x00, 0x1C, 0xF8, 0x00, 0xE7, 0x80, 0x07, 0x78, 0x00,
    0x3F, 0x80, 0x01, 0xFC, 0x00, 0x0F, 0xF0, 0x00, 0x77, 0x80, 0x03, 0x9E, 0x00, 0x1C, 0x78, 0x00,
    0xE1, 0xE0, 0x07, 0x07, 0x80, 0x38, 0x1E, 0x01, 0xC0, 0xF8, 0x0E, 0x03, 0xC0, 0x70, 0x0F, 0x00,
    0xFF, 0x03, 0xBF, 0xC1, 0xCF, 0xF0, 0xF0, 0x1C, 0x78, 0x07, 0x3C, 0x01, 0xDE, 0x00, 0x7F, 0x00,
    0x1F, 0x80, 0x07, 0xF0, 0x01, 0xDE, 0x00, 0x73, 0x80, 0x1C, 0xF0, 0x07, 0x1E, 0x01, 0xC3, 0xC0,
    0x70, 0x78, 0x1C, 0x0F, 0xE0, 0x07, 0x1C, 0x00, 0xE3, 0x80, 0x1C, 0x70, 0x03, 0x8E, 0x00, 0x71,
    0xC0, 0x0E, 0x38, 0x01, 0xC7, 0x00, 0x38, 0xE0, 0x07, 0x1F, 0xFF, 0xE3, 0xFF, 0xFC, 0x7F, 0xFF,
    0x8E, 0x00, 0x71, 0xC0, 0x0E, 0x38, 0x01, 0xC7, 0x00, 0x38, 0xE0, 0x07, 0x1C, 0x00, 0xE3, 0x80,
    0x1C, 0x70, 0x03, 0xFE, 0x00, 0x7E, 0x00, 0x01, 0xC0, 0x00, 0x38, 0x00, 0x07, 0x00, 0x00, 0xE0,
    0x00, 0x1C, 0x00, 0x03, 0x80, 0xE0, 0x1C, 0xE0, 0x1C, 0xE0, 0x1C, 0xE0, 0x1C, 0xE0, 0x1C, 0xE0,
    0x1C, 0xFF, 0xFC, 0xFF, 0xFC, 0xFF, 0xFC, 0xE0, 0x1C, 0xE0, 0x1C, 0xE0, 0x1C, 0xE0, 0x1C, 0xE0,
    0x1C, 0xE0, 0x1F, 0xE0, 0x1F, 0x00, 0x07, 0x00, 0x07, 0x00, 0x07, 0x00, 0x07, 0x00, 0x07, 0x00,
    0x07, 0xE0, 0x07, 0xFF, 0x00, 0x3F, 0xF8, 0x01, 0xFD, 0xC0, 0x0E, 0x0E, 0x00, 0x70, 0x70, 0x03,
    0x83, 0x80, 0x1C, 0x1C, 0x00, 0xE0, 0xE0, 0x07, 0x07, 0xFF, 0xF8, 0x3F, 0xFF, 0xC1, 0xFF, 0xFE,
    0x0E, 0x00, 0x70, 0x70, 0x03, 0x83, 0x80, 0x1C, 0x1C, 0x00, 0xE0, 0xE0, 0x07, 0x07, 0x00, 0x38,
    0x38, 0x01, 0xC1, 0xC0, 0x0E, 0x0E, 0x00, 0x70, 0x00, 0xE0, 0x1F, 0xFC, 0x03, 0xFF, 0x80, 0x7F,
    0x70, 0x0E, 0x0E, 0x01, 0xC1, 0xC0, 0x38, 0x3F, 0xFF, 0x07, 0xFF, 0xE0, 0xFF, 0xFC, 0x1C, 0x03,
    0x83, 0x80, 0x70, 0x70, 0x0E, 0x0E, 0x01, 0xC1, 0xC0, 0x38, 0x38, 0x07, 0x07, 0x00, 0xE0, 0xFF,
    0xFE, 0x00, 0x1F, 0xFF, 0xC0, 0x03, 0xFF, 0xF8, 0x00, 0x70, 0x07, 0x00, 0x0E, 0x00, 0xE0, 0x01,
    0xC0, 0x1C, 0x00, 0x38, 0x03, 0x80, 0x07, 0x00, 0x70, 0x00, 0xE0, 0x0E, 0x00, 0x1C, 0x01, 0xFF,
    0x83, 0x80, 0x3F, 0xFC, 0x70, 0x07, 0xFF, 0xCE, 0x00, 0xE0, 0x7D, 0xC0, 0x1C, 0x03, 0xB8, 0x03,
    0x80, 0x7F, 0x00, 0x70, 0x07, 0xE0, 0x0E, 0x00, 0xFC, 0x01, 0xC0, 0x1F, 0x80, 0x38, 0x03, 0xF0,
    0x07, 0x00, 0x7E, 0x00, 0xE0, 0x0E, 0x00, 0x00, 0x01, 0xC0, 0x00, 0x00, 0x78, 0x00, 0x00, 0x0F,
    0x00, 0x00, 0x03, 0xC0, 0x00, 0x3F, 0xF0, 0x00, 0x07, 0xFC, 0x00, 0x00, 0xFF, 0x00, 0xFF, 0xF8,
    0x03, 0xFF, 0xE0, 0x0F, 0xFF, 0x80, 0x38, 0x0E, 0x00, 0xE0, 0x38, 0x03, 0x80, 0xE0, 0x0E, 0x03,
    0xA0, 0x38, 0x0F, 0xF8, 0xE0, 0x3F, 0xF3, 0x80, 0xE3, 0xEE, 0x03, 0x83, 0xF8, 0x0E, 0x0F, 0xE0,
    0x38, 0x1F, 0x80, 0xE0, 0x7E, 0x03, 0x81, 0xF8, 0x0E, 0x07, 0x00, 0x00, 0x1C, 0x00, 0x00, 0x70,
    0x00, 0x03, 0xC0, 0x00, 0x0F, 0x00, 0x0F, 0xF8, 0x00, 0x3F, 0xC0, 0x00, 0x7E, 0x00, 0x07, 0xF0,
    0x01, 0xFF, 0x00, 0x3F, 0xF0, 0x07, 0xC0, 0x40, 0x78, 0x3F, 0x8F, 0x07, 0xFC, 0xF0, 0x7B, 0xCE,
    0x0F, 0x1E, 0xE0, 0xF0, 0xEE, 0x0F, 0x0E, 0xE0, 0xE0, 0xEE, 0x0E, 0x0E, 0xE0, 0xE0, 0xEE, 0x0F,
    0x0E, 0xF0, 0xF1, 0xEF, 0x07, 0x1E, 0x78, 0x7B, 0xC7, 0xC3, 0xFC, 0x3F, 0xFF, 0x81, 0xFF, 0xFF,
    0x07, 0xFF, 0xF0, 0x00, 0x3F, 0x1F, 0x80, 0x3F, 0x80, 0x7F, 0x80, 0x70, 0xFC, 0xF1, 0xFE, 0xE3,
    0xFF, 0xE3, 0xCF, 0xE3, 0x87, 0xE3, 0x87, 0xE3, 0x87, 0xE3, 0xCF, 0xF3, 0xCE, 0x71, 0xFE, 0x7F,
    0xFC, 0x3F, 0xFF, 0x1F, 0xFF, 0x00, 0x1F, 0x07, 0xFE, 0x0F, 0xFF, 0x3F, 0xFF, 0x3C, 0x00, 0x78,
    0x00, 0x70, 0x00, 0xF0, 0x00, 0xE0, 0x00, 0xE0, 0x00, 0xE0, 0x00, 0xE0, 0x00, 0xE0, 0x00, 0xE0,
    0x00, 0xE0, 0x00, 0xF0, 0x00, 0xF0, 0x00, 0x78, 0x00, 0x7C, 0x00, 0x3F, 0xFE, 0x1F, 0xFE, 0x07,
    0xFE, 0x01, 0xC0, 0x00, 0xE0, 0x00, 0x60, 0x00, 0xE0, 0x03, 0xE0, 0x03, 0xE0, 0x00, 0x00, 0x1F,
    0xE3, 0xFE, 0x7F, 0xE7, 0x00, 0xF0, 0x0E, 0x00, 0xE0, 0x0E, 0x00, 0xE0, 0x0E, 0x00, 0xE0, 0x0F,
    0x00, 0xF0, 0x07, 0xFE, 0x3F, 0xE1, 0xFE, 0x0E, 0x00, 0x70, 0x07, 0x80, 0x78, 0x0F, 0x80, 0xF0,
    0x04, 0x00, 0xFF, 0xFF, 0xFF, 0xFF, 0xFF, 0xFF, 0x03, 0x80, 0x03, 0x80, 0x03, 0x80, 0x03, 0x80,
    0x03, 0x80, 0x03, 0x80, 0x03, 0x80, 0x03, 0x80, 0x03, 0x80, 0x03, 0x80, 0x03, 0x80, 0x03, 0x80,
    0x03, 0x80, 0x03, 0x80, 0x03, 0x80, 0x03, 0x80, 0x03, 0xF0, 0x03, 0xF0, 0x00, 0x70, 0x00, 0x70,
    0x00, 0x70, 0x00, 0x70, 0x00, 0x70, 0x00, 0x70, 0xFF, 0xFF, 0xFF, 0xFF, 0xFE, 0x0E, 0x00, 0x70,
    0x03, 0x80, 0x1C, 0x00, 0xE0, 0x07, 0x00, 0x38, 0x01, 0xC0, 0x0E, 0x00, 0x70, 0x03, 0x80, 0x1F,
    0x00, 0xF8, 0x01, 0xC0, 0x0E, 0x00, 0x70, 0x03, 0x80, 0x1C, 0x00, 0xE0, 0xF0, 0x07, 0xF8, 0x03,
    0x9E, 0x03, 0xC7, 0x01, 0xC3, 0xC1, 0xE0, 0xE0, 0xE0, 0x78, 0xF0, 0x1C, 0xF0, 0x0F, 0x70, 0x03,
    0xF8, 0x01, 0xF8, 0x00, 0x7C, 0x00, 0x3C, 0x00, 0x0E, 0x00, 0x07, 0x00, 0x03, 0x80, 0x01, 0xC0,
    0x00, 0xE0, 0x00, 0x70, 0x00, 0x38, 0x00, 0x1C, 0x00, 0x70, 0x07, 0x78, 0x0F, 0x78, 0x0E, 0x38,
    0x1E, 0x3C, 0x1C, 0x1C, 0x1C, 0x1C, 0x3C, 0x1E, 0x38, 0x0E, 0x38, 0x0F, 0x78, 0x07, 0x70, 0x07,
    0x70, 0x07, 0xE0, 0x03, 0xE0, 0x03, 0xE0, 0x03, 0xC0, 0x01, 0xC0, 0x01, 0xC0, 0x01, 0xC0, 0x01,
    0xC0, 0x01, 0xC0, 0x01, 0xC0, 0x01, 0xC0, 0xF0, 0x07, 0xB8, 0x03, 0x9E, 0x03, 0xC7, 0x01, 0xC3,
    0xC1, 0xE0, 0xF0, 0xE0, 0x78, 0xF0, 0x1E, 0x70, 0x0F, 0x78, 0x03, 0xF8, 0x00, 0xFC, 0x00, 0x7C,
    0x00, 0x1E, 0x00, 0xFF, 0xE0, 0x7F, 0xF0, 0x3F, 0xF8, 0x01, 0xC0, 0x00, 0xE0, 0x00, 0x70, 0x00,
    0x38, 0x00, 0x1C, 0x00, 0x70, 0x07, 0x3C, 0x07, 0x9E, 0x03, 0xC7, 0x01, 0xC3, 0xC1, 0xE0, 0xE0,
    0xE0, 0x70, 0x70, 0x3C, 0x78, 0x0E, 0x38, 0x07, 0x3C, 0x03, 0xDC, 0x00, 0xEE, 0x00, 0x7F, 0x00,
    0x1F, 0x00, 0x0F, 0x80, 0x07, 0x80, 0x1F, 0xFC, 0x0F, 0xFE, 0x00, 0x70, 0x00, 0x38, 0x00, 0x1C,
    0x00, 0x0E, 0x00, 0x07, 0x00, 0x78, 0x03, 0x87, 0x00, 0xF0, 0xF0, 0x3C, 0x0F, 0x07, 0x00, 0xE1,
    0xE0, 0x1E, 0x78, 0x01, 0xCE, 0x00, 0x3F, 0xC0, 0x03, 0xF0, 0x00, 0x3C, 0x00, 0x07, 0x80, 0x01,
    0xF8, 0x00, 0x3F, 0x00, 0x0F, 0xF0, 0x03, 0xCF, 0x00, 0x70, 0xE0, 0x1E, 0x1E, 0x07, 0x81, 0xC0,
    0xE0, 0x1C, 0x3C, 0x03, 0xF7, 0x00, 0x3E, 0x00, 0x01, 0xC0, 0x00, 0x38, 0x00, 0x07, 0x00, 0x00,
    0xE0, 0x00, 0x1C, 0x00, 0x03, 0x80, 0x70, 0x1E, 0x78, 0x3C, 0x3C, 0x38, 0x1C, 0x78, 0x1E, 0xF0,
    0x0F, 0xE0, 0x07, 0xC0, 0x07, 0xC0, 0x07, 0xC0, 0x0F, 0xE0, 0x0F, 0xE0, 0x1E, 0xF0, 0x3C, 0x78,
    0x38, 0x38, 0x78, 0x3F, 0xF0, 0x1F, 0x00, 0x07, 0x00, 0x07, 0x00, 0x07, 0x00, 0x07, 0x00, 0x07,
    0x00, 0x07, 0xFF, 0xFE, 0x1C, 0xFF, 0xFE, 0x1C, 0xFF, 0xFE, 0x1C, 0x03, 0x80, 0x1C, 0x03, 0x80,
    0x1C, 0x03, 0x80, 0x1C, 0x03, 0x80, 0x1C, 0x03, 0x80, 0x1C, 0x03, 0x80, 0x1C, 0x03, 0x80, 0x1C,
    0x03, 0x80, 0x1C, 0x03, 0x80, 0x1C, 0x03, 0x80, 0x1C, 0x03, 0x80, 0x1C, 0x03, 0x80, 0x1C, 0x03,
    0x80, 0x1C, 0x03, 0x80, 0x1C, 0x03, 0x80, 0x1C, 0x03, 0xFF, 0xFF, 0x03, 0xFF, 0xFF, 0x03, 0xFF,
    0xFF, 0x00, 0x00, 0x07, 0x00, 0x00, 0x07, 0x00, 0x00, 0x07, 0x00, 0x00, 0x07, 0x00, 0x00, 0x07,
    0x00, 0x00, 0x07, 0xFF, 0xF1, 0xCF, 0xFF, 0x1C, 0xFF, 0xF1, 0xC0, 0xE0, 0x1C, 0x0E, 0x01, 0xC0,
    0xE0, 0x1C, 0x0E, 0x01, 0xC0, 0xE0, 0x1C, 0x0E, 0x01, 0xC0, 0xE0, 0x1C, 0x0E, 0x01, 0xC0, 0xE0,
    0x1C, 0x0E, 0x01, 0xC0, 0xFF, 0xFF, 0x0F, 0xFF, 0xF0, 0xFF, 0xFF, 0x00, 0x00, 0x70, 0x00, 0x07,
    0x00, 0x00, 0x70, 0x00, 0x07, 0x00, 0x00, 0x70, 0x00, 0x07, 0xE0, 0x0E, 0x38, 0x03, 0x8E, 0x00,
    0xE3, 0x80, 0x38, 0xE0, 0x0E, 0x38, 0x03, 0x8E, 0x00, 0xE3, 0x80, 0x38, 0xE0, 0x0E, 0x38, 0x03,
    0x8F, 0x01, 0xE3, 0xFF, 0xF8, 0x7F, 0xFE, 0x0F, 0xFB, 0x80, 0x00, 0xE0, 0x00, 0x38, 0x00, 0x0E,
    0x00, 0x03, 0x80, 0x00, 0xE0, 0x00, 0x3F, 0x00, 0x0F, 0xC0, 0x00, 0x70, 0x00, 0x1C, 0x00, 0x07,
    0x00, 0x01, 0xC0, 0x00, 0x70, 0x00, 0x1C, 0xE0, 0x38, 0xE0, 0x38, 0xE0, 0x38, 0xE0, 0x38, 0xE0,
    0x38, 0xE0, 0x38, 0xE0, 0x38, 0xE0, 0x78, 0xFF, 0xF8, 0x7F, 0xF8, 0x3F, 0xB8, 0x00, 0x38, 0x00,
    0x38, 0x00, 0x38, 0x00, 0x3F, 0x00, 0x3F, 0x00, 0x07, 0x00, 0x07, 0x00, 0x07, 0x00, 0x07, 0x00,
    0x07, 0x00, 0x07, 0xE0, 0x0F, 0xC0, 0x1F, 0x80, 0x3F, 0x00, 0x7E, 0x00, 0xFC, 0x01, 0xF8, 0x63,
    0xF0, 0xC7, 0xE1, 0x8F, 0xC3, 0x1F, 0xC6, 0x7F, 0xFF, 0xF7, 0xFF, 0xE3, 0xFF, 0xC0, 0x63, 0x80,
    0xC7, 0x01, 0x8E, 0x03, 0x1C, 0x00, 0x38, 0x00, 0x70, 0x00, 0xE0, 0xE0, 0x3F, 0x01, 0xF8, 0x0F,
    0xC0, 0x7E, 0x63, 0xF3, 0x1F, 0x98, 0xFC, 0xCF, 0xFF, 0xFB, 0xFF, 0xCF, 0xEE, 0x0C, 0x70, 0x63,
    0x83, 0x1C, 0x00, 0xE0, 0x07, 0xE0, 0x01, 0xC0, 0x03, 0x80, 0x07, 0x00, 0x0E, 0x00, 0x1C, 0x00,
    0x38, 0x00, 0x77, 0xFC, 0xFF, 0xFD, 0xFF, 0xFF, 0x80, 0x7F, 0x00, 0x7E, 0x00, 0xFC, 0x01, 0xF8,
    0x03, 0xF0, 0x07, 0xE0, 0x0F, 0xC0, 0x1F, 0x80, 0x3F, 0x00, 0x7E, 0x00, 0xE0, 0xE0, 0x07, 0x00,
    0x38, 0x01, 0xC0, 0x0E, 0x00, 0x70, 0x03, 0xBF, 0x9F, 0xFE, 0xFF, 0xFF, 0x83, 0xFC, 0x0F, 0xC0,
    0x7E, 0x03, 0xF0, 0x1F, 0x80, 0xFC, 0x07, 0xE0, 0x3F, 0x01, 0xF8, 0x0F, 0xC0, 0x7E, 0x03, 0xF0,
    0x1C, 0x00, 0x7F, 0xC0, 0x03, 0xFF, 0x80, 0x3F, 0xFF, 0x00, 0xF0, 0x1E, 0x07, 0x80, 0x38, 0x1C,
    0x00, 0xFE, 0xF0, 0x01, 0xFB, 0x80, 0x07, 0xEE, 0x00, 0x1F, 0xFF, 0xFF, 0xF7, 0xFF, 0xFF, 0xCF,
    0xFF, 0xFF, 0x0E, 0x00, 0x00, 0x3C, 0x00, 0x00, 0xF0, 0x00, 0x01, 0xC0, 0x00, 0x07, 0x80, 0x00,
    0x0F, 0x00, 0x20, 0x3F, 0xFF, 0x80, 0x3F, 0xFE, 0x00, 0x7F, 0xF0, 0x01, 0xFC, 0x01, 0xFF, 0x01,
    0xFF, 0xDD, 0xE0, 0xFE, 0xE0, 0x3F, 0x70, 0x1F, 0xFF, 0xFE, 0xFF, 0xFF, 0x0F, 0xFF, 0x87, 0x00,
    0x03, 0x80, 0x01, 0xE0, 0x00, 0x70, 0x00, 0x3F, 0xFC, 0x0F, 0xFE, 0x01, 0xFE, 0x00, 0x7F, 0xC0,
    0x07, 0xFF, 0x80, 0x3F, 0xFF, 0x00, 0xF0, 0x1E, 0x07, 0x80, 0x38, 0x1C, 0x00, 0xFE, 0xF0, 0x01,
    0xFB, 0x80, 0x07, 0xEE, 0x00, 0x1F, 0xFF, 0xFF, 0xF7, 0xFF, 0xFF, 0xCF, 0xFF, 0xFF, 0x0E, 0x00,
    0x00, 0x3C, 0x00, 0x00, 0xF0, 0x00, 0x01, 0xC0, 0x00, 0x07, 0x80, 0x00, 0x0F, 0x00, 0x20, 0x3F,
    0xFF, 0x80, 0x3F, 0xFE, 0x00, 0x7F, 0xF8, 0x00, 0x38, 0x00, 0x00, 0xE0, 0x00, 0x03, 0x80, 0x00,
    0x0E, 0x00, 0x00, 0x38, 0x00, 0x00, 0xE0, 0x00, 0x01, 0xFC, 0x01, 0xFF, 0x01, 0xFF, 0xDD, 0xE0,
    0xFE, 0xE0, 0x3F, 0x70, 0x1F, 0xFF, 0xFE, 0xFF, 0xFF, 0x0F, 0xFF, 0x87, 0x00, 0x03, 0x80, 0x01,
    0xE0, 0x00, 0xF0, 0x00, 0x3F, 0xFC, 0x0F, 0xFE, 0x03, 0xFE, 0x00, 0x70, 0x00, 0x38, 0x00, 0x1C,
    0x00, 0x0E, 0x00, 0x07, 0x00, 0xFF, 0xFF, 0x38, 0x38, 0x38, 0x38, 0x38, 0x38, 0x38, 0x38, 0x38,
    0x38, 0x38, 0x38, 0x38, 0x38, 0x38, 0x38, 0x38, 0xFF, 0xFF, 0x00, 0x71, 0xE0, 0x00, 0x0F, 0x78,
    0x00, 0x00, 0xFF, 0x00, 0x00, 0x1F, 0xC0, 0x00, 0x00, 0x40, 0x00, 0x00, 0x00, 0x00, 0x1E, 0x03,
    0x80, 0x71, 0xC0, 0x70, 0x1E, 0x3C, 0x0E, 0x07, 0x83, 0x81, 0xC0, 0xE0, 0x38, 0x38, 0x3C, 0x07,
    0x87, 0x0F, 0x00, 0x70, 0xE1, 0xC0, 0x07, 0x1C, 0x78, 0x00, 0xF3, 0x9E, 0x00, 0x0F, 0xFF, 0xC0,
    0x01, 0xFF, 0xF8, 0x00, 0x7F, 0xFF, 0x00, 0x0E, 0x38, 0xF0, 0x03, 0xC7, 0x0E, 0x00, 0xF0, 0xE1,
    0xE0, 0x1C, 0x1C, 0x1E, 0x07, 0x83, 0x83, 0xC1, 0xE0, 0x70, 0x3C, 0x38, 0x0E, 0x03, 0xCF, 0x01,
    0xC0, 0x7B, 0xC0, 0x38, 0x07, 0x80, 0x01, 0x87, 0x00, 0x03, 0xFE, 0x00, 0x07, 0xF8, 0x00, 0x07,
    0xE0, 0x00, 0x00, 0x00, 0x00, 0x00, 0x00, 0x1C, 0x0E, 0x0F, 0x3C, 0x1C, 0x1C, 0x3C, 0x38, 0x70,
    0x38, 0x71, 0xE0, 0x78, 0xE3, 0x80, 0x71, 0xCE, 0x00, 0x7F, 0xFC, 0x00, 0xFF, 0xF0, 0x01, 0xFF,
    0xF0, 0x07, 0x9C, 0xE0, 0x0E, 0x39, 0xE0, 0x3C, 0x71, 0xE0, 0xF0, 0xE3, 0xC1, 0xC1, 0xC3, 0xC7,
    0x83, 0x83, 0x9E, 0x07, 0x07, 0x80, 0xE0, 0x1E, 0xE0, 0x3C, 0xE0, 0x78, 0xE0, 0xF0, 0xE1, 0xE0,
    0xE3, 0xC0, 0xE3, 0x80, 0xE7, 0x80, 0xEF, 0x00, 0xFE, 0x00, 0xFF, 0xF0, 0xFF, 0xF8, 0xF0, 0xFC,
    0xE0, 0x3E, 0xE0, 0x0F, 0xE0, 0x0F, 0xE0, 0x07, 0xE0, 0x07, 0xE0, 0x07, 0xE0, 0x07, 0xE0, 0x07,
    0x00, 0x07, 0x00, 0x0F, 0x00, 0x0F, 0x00, 0x1E, 0x0F, 0xFC, 0x0F, 0xF8, 0x0F, 0xF0, 0xE0, 0xF7,
    0x07, 0x38, 0x71, 0xC7, 0x0E, 0x78, 0x77, 0x83, 0xF8, 0x1F, 0xF8, 0xFF, 0xE7, 0xFF, 0xB8, 0x3F,
    0xC0, 0xFE, 0x03, 0xF0, 0x1F, 0x80, 0xFC, 0x07, 0x00, 0x38, 0x01, 0xC0, 0x1E, 0x00, 0xF1, 0xFF,
    0x0F, 0xF0, 0x7F, 0x00, 0x03, 0xFF, 0xC0, 0x1F, 0xFE, 0x00, 0xFF, 0xF0, 0x0F, 0x03, 0x80, 0x78,
    0x1C, 0x03, 0x80, 0xE0, 0x1C, 0x07, 0x00, 0xE0, 0x38, 0x07, 0x01, 0xC0, 0x38, 0x0E, 0x03, 0xC0,
    0x70, 0x1E, 0x03, 0x80, 0xE0, 0x1C, 0x07, 0x00, 0xE0, 0x38, 0x07, 0x01, 0xC0, 0x38, 0x1E, 0x01,
    0xC0, 0xE0, 0x0E, 0x3F, 0x00, 0x7F, 0xF0, 0x03, 0xFF, 0x80, 0x1F, 0x00, 0x00, 0x38, 0x00, 0x01,
    0xC0, 0x00, 0x1C, 0x00, 0x00, 0xE0, 0x00, 0x0F, 0x00, 0x07, 0xFE, 0x01, 0xFF, 0x80, 0x7F, 0xE0,
    0x1C, 0x38, 0x0F, 0x0E, 0x03, 0xC3, 0x80, 0xE0, 0xE0, 0x38, 0x38, 0x0E, 0x0E, 0x03, 0x83, 0x81,
    0xE0, 0xE0, 0x70, 0x38, 0x1C, 0x0E, 0x1F, 0x03, 0x8F, 0x80, 0xFF, 0xC0, 0x3E, 0x00, 0x03, 0x80,
    0x00, 0xE0, 0x00, 0x38, 0x00, 0x1C, 0x00, 0x07, 0x00, 0x01, 0xC0, 0xE0, 0x07, 0xE0, 0x07, 0xE0,
    0x07, 0xE0, 0x07, 0xE0, 0x07, 0xE0, 0x07, 0xE0, 0x07, 0xE0, 0x07, 0xFF, 0xFF, 0xFF, 0xFF, 0xFF,
    0xFF, 0xE0, 0x07, 0xE0, 0x07, 0xE0, 0x07, 0xE0, 0x07, 0xE0, 0x07, 0xE0, 0x07, 0xE0, 0x07, 0xE0,
    0x07, 0xE0, 0x07, 0xE0, 0x07, 0x00, 0x07, 0x00, 0x0F, 0x00, 0x0F, 0x00, 0x1E, 0x0F, 0xFC, 0x0F,
    0xFC, 0x0F, 0xF0, 0xE0, 0x1F, 0x80, 0x7E, 0x01, 0xF8, 0x07, 0xE0, 0x1F, 0x80, 0x7F, 0xFF, 0xFF,
    0xFF, 0xFF, 0xFF, 0x80, 0x7E, 0x01, 0xF8, 0x07, 0xE0, 0x1F, 0x80, 0x7E, 0x01, 0xF8, 0x07, 0x00,
    0x1C, 0x00, 0xF0, 0x03, 0xC0, 0x0E, 0x0F, 0xF8, 0x3F, 0xC0, 0x7E, 0x00, 0xE0, 0x07, 0x1C, 0x00,
    0xE3, 0x80, 0x1C, 0x70, 0x03, 0x8E, 0x00, 0x71, 0xC0, 0x0E, 0x38, 0x01, 0xC7, 0x00, 0x38, 0xE0,
    0x07, 0x1F, 0xFF, 0xE3, 0xFF, 0xFC, 0x7F, 0xFF, 0x8E, 0x00, 0x71, 0xC0, 0x0E, 0x38, 0x01, 0xC7,
    0x00, 0x38, 0xE0, 0x07, 0x1C, 0x00, 0xE3, 0x80, 0x1C, 0x70, 0x03, 0xFE, 0x00, 0x7E, 0x00, 0x03,
    0xC0, 0x00, 0x70, 0x00, 0x0E, 0x00, 0x03, 0xC0, 0x00, 0x78, 0x00, 0x1E, 0x00, 0xE0, 0x1C, 0x70,
    0x0E, 0x38, 0x07, 0x1C, 0x03, 0x8E, 0x01, 0xC7, 0x00, 0xE3, 0xFF, 0xF1, 0xFF, 0xF8, 0xFF, 0xFC,
    0x70, 0x0E, 0x38, 0x07, 0x1C, 0x03, 0x8E, 0x01, 0xC7, 0x00, 0xE3, 0x80, 0x7F, 0xC0, 0x3E, 0x00,
    0x07, 0x00, 0x03, 0x80, 0x01, 0xC0, 0x01, 0xC0, 0x00, 0xE0, 0x00, 0x70, 0xE0, 0x0F, 0xC0, 0x1F,
    0x80, 0x3F, 0x00, 0x7E, 0x00, 0xFC, 0x01, 0xF8, 0x03, 0xF0, 0x07, 0xE0, 0x0F, 0xC0, 0x1F, 0xC0,
    0x7F, 0xFF, 0xF7, 0xFF, 0xE7, 0xFD, 0xC0, 0x03, 0x80, 0x07, 0x00, 0x0E, 0x00, 0x1C, 0x00, 0x38,
    0x01, 0xF0, 0x03, 0xE0, 0x07, 0x00, 0x0E, 0x00, 0x1C, 0x00, 0x38, 0x00, 0x70, 0x00, 0xE0, 0xE0,
    0x3F, 0x01, 0xF8, 0x0F, 0xC0, 0x7E, 0x03, 0xF0, 0x1F, 0x80, 0xFC, 0x0F, 0xFF, 0xFB, 0xFF, 0xCF,
    0xEE, 0x00, 0x70, 0x03, 0x80, 0x1C, 0x03, 0xE0, 0x1F, 0x00, 0xE0, 0x07, 0x00, 0x38, 0x01, 0xC0,
    0x0E, 0x00, 0x70, 0xF8, 0x00, 0xF8, 0xF8, 0x00, 0xF8, 0xFC, 0x00, 0xF8, 0xFC, 0x01, 0xF8, 0xFC,
    0x01, 0xF8, 0xFE, 0x01, 0xF8, 0xEE, 0x03, 0xB8, 0xEE, 0x03, 0xB8, 0xEF, 0x03, 0x38, 0xE7, 0x07,
    0x38, 0xE7, 0x07, 0x38, 0xE3, 0x8E, 0x38, 0xE3, 0x8E, 0x38, 0xE3, 0x8E, 0x38, 0xE1, 0xDC, 0x38,
    0xE1, 0xDC, 0x38, 0xE1, 0xFC, 0x38, 0xE0, 0xF8, 0x38, 0xE0, 0xF8, 0x38, 0xE0, 0xF0, 0x3F, 0xE0,
    0x70, 0x3F, 0x00, 0x00, 0x0F, 0x00, 0x00, 0x0E, 0x00, 0x00, 0x0E, 0x00, 0x00, 0x1E, 0x00, 0x00,
    0x1E, 0x00, 0x00, 0x3C, 0xF0, 0x07, 0x8F, 0x80, 0xF8, 0xF8, 0x0F, 0x8F, 0x80, 0xF8, 0xFC, 0x1F,
    0x8F, 0xC1, 0xF8, 0xEE, 0x3B, 0x8E, 0xE3, 0xB8, 0xEE, 0x3B, 0x8E, 0x77, 0x38, 0xE7, 0x73, 0x8E,
    0x77, 0x38, 0xE3, 0xE3, 0x8E, 0x3E, 0x38, 0xE1, 0xC3, 0xFE, 0x1C, 0x3F, 0x00, 0x00, 0xE0, 0x00,
    0x0E, 0x00, 0x00, 0xE0, 0x00, 0x1E, 0x00, 0x01, 0xE0, 0x00, 0x1C, 0xFF, 0xFF, 0x38, 0x38, 0x38,
    0x38, 0x38, 0x38, 0x38, 0x38, 0x38, 0x38, 0x38, 0x38, 0x38, 0x38, 0x38, 0x38, 0x38, 0xFF, 0xFF,
    0x0E, 0x1C, 0x00, 0xFF, 0x80, 0x1F, 0xE0, 0x01, 0xF8, 0x00, 0x00, 0x00, 0x00, 0x00, 0x00, 0x38,
    0x00, 0x0F, 0x00, 0x01, 0xF0, 0x00, 0x7E, 0x00, 0x0F, 0xE0, 0x01, 0xDC, 0x00, 0x73, 0x80, 0x0E,
    0x38, 0x03, 0xC7, 0x00, 0x70, 0xF0, 0x0E, 0x0E, 0x03, 0xC1, 0xC0, 0x7F, 0xFC, 0x0F, 0xFF, 0x83,
    0xFF, 0xF0, 0x70, 0x0F, 0x1E, 0x00, 0xE3, 0x80, 0x1E, 0x70, 0x01, 0xDE, 0x00, 0x3B, 0x80, 0x07,
    0x80, 0x38, 0x70, 0xE7, 0x87, 0xF8, 0x1F, 0x80, 0x00, 0x00, 0x00, 0x7F, 0x87, 0xFE, 0x3F, 0xF8,
    0x03, 0xC0, 0x0E, 0x00, 0x71, 0xFF, 0xBF, 0xFF, 0xF0, 0xFE, 0x07, 0xE0, 0x3F, 0x03, 0xF8, 0x1F,
    0xF7, 0xF7, 0xFF, 0x9F, 0x9C, 0x03, 0x9C, 0x00, 0x39, 0xC0, 0x03, 0x9C, 0x00, 0x00, 0x00, 0x00,
    0x00, 0x00, 0x00, 0x00, 0x00, 0xF0, 0x00, 0x0F, 0x00, 0x00, 0xF0, 0x00, 0x1F, 0x80, 0x01, 0xF8,
    0x00, 0x3F, 0xC0, 0x03, 0x9C, 0x00, 0x39, 0xC0, 0x07, 0x8E, 0x00, 0x70, 0xE0, 0x07, 0x0F, 0x00,
    0xE0, 0x70, 0x0F, 0xFF, 0x01, 0xFF, 0xF8, 0x1F, 0xFF, 0x81, 0xC0, 0x3C, 0x3C, 0x03, 0xC3, 0x80,
    0x1C, 0x78, 0x01, 0xE7, 0x00, 0x0E, 0x70, 0x00, 0xE0, 0x1C, 0xE0, 0xE7, 0x07, 0x38, 0x00, 0x00,
    0x00, 0x0F, 0xF0, 0xFF, 0xC7, 0xFF, 0x00, 0x78, 0x01, 0xC0, 0x0E, 0x3F, 0xF7, 0xFF, 0xFF, 0xFF,
    0xC0, 0xFC, 0x07, 0xE0, 0x7F, 0x07, 0xFF, 0xFE, 0xFF, 0xF3, 0xF3, 0x80, 0x00, 0x3F, 0xFF, 0x80,
    0x1F, 0xFF, 0xC0, 0x1F, 0xFF, 0xE0, 0x0E, 0x70, 0x00, 0x0F, 0x38, 0x00, 0x07, 0x1C, 0x00, 0x07,
    0x8E, 0x00, 0x03, 0x87, 0x00, 0x03, 0xC3, 0x80, 0x01, 0xC1, 0xFF, 0xC1, 0xE0, 0xFF, 0xE0, 0xE0,
    0x7F, 0xE0, 0xFF, 0xF8, 0x00, 0x7F, 0xFC, 0x00, 0x3F, 0xFE, 0x00, 0x38, 0x07, 0x00, 0x1C, 0x03,
    0x80, 0x1E, 0x01, 0xC0, 0x0E, 0x00, 0xFF, 0xEF, 0x00, 0x7F, 0xF7, 0x00, 0x3F, 0xF8, 0x3F, 0xC7,
    0xF0, 0xFF, 0xFF, 0xF1, 0xFF, 0xFF, 0xF0, 0x03, 0xE0, 0xF0, 0x03, 0x81, 0xE0, 0x07, 0x01, 0xC7,
    0xFF, 0xFF, 0xBF, 0xFF, 0xFF, 0xFF, 0xFF, 0xFD, 0xE0, 0x70, 0x03, 0x80, 0xE0, 0x07, 0x03, 0xE0,
    0x0E, 0x0F, 0xC0, 0x1F, 0xFF, 0xFF, 0x9F, 0xF3, 0xFF, 0x1F, 0xC3, 0xFE, 0x70, 0xE7, 0xFE, 0x3F,
    0xC1, 0xF8, 0x00, 0x00, 0x00, 0xFF, 0xFF, 0xFF, 0xFF, 0xEE, 0x00, 0xE0, 0x0E, 0x00, 0xE0, 0x0E,
    0x00, 0xE0, 0x0F, 0xFE, 0xFF, 0xEF, 0xFE, 0xE0, 0x0E, 0x00, 0xE0, 0x0E, 0x00, 0xE0, 0x0E, 0x00,
    0xFF, 0xEF, 0xFF, 0xFF, 0xF0, 0x38, 0x70, 0xF3, 0xC1, 0xFE, 0x03, 0xF0, 0x00, 0x00, 0x00, 0x00,
    0xFE, 0x0F, 0xFC, 0x7F, 0xF9, 0xC0, 0xEF, 0x03, 0xF8, 0x07, 0xFF, 0xFF, 0xFF, 0xFE, 0x00, 0x38,
    0x00, 0xE0, 0x03, 0xC0, 0x07, 0x80, 0x1F, 0xFE, 0x3F, 0xF8, 0x3F, 0xE0, 0x3F, 0xF8, 0x1F, 0xFF,
    0x07, 0xFF, 0xF0, 0x00, 0x3C, 0x00, 0x07, 0x80, 0x00, 0xE0, 0x00, 0x1C, 0x00, 0x07, 0x00, 0x01,
    0xFF, 0xFF, 0xFF, 0xFF, 0xFF, 0xFF, 0xFF, 0xE0, 0x01, 0xF8, 0x00, 0x7E, 0x00, 0x3F, 0xC0, 0x0F,
    0x70, 0x07, 0x9E, 0x03, 0xE3, 0xFF, 0xF0, 0x7F, 0xF8, 0x0F, 0xF8, 0x00, 0x7F, 0xC3, 0xFF, 0xCF,
    0xFF, 0x00, 0x1E, 0x00, 0x3C, 0x00, 0xF0, 0x01, 0xFF, 0xFF, 0xFF, 0xFF, 0xFF, 0xFE, 0x03, 0xF8,
    0x0F, 0xF0, 0x79, 0xFF, 0xC3, 0xFF, 0x07, 0xF0, 0x0E, 0x38, 0x03, 0x8E, 0x00, 0xE3, 0x80, 0x00,
    0x00, 0x00, 0x00, 0x00, 0x00, 0x03, 0xFF, 0x81, 0xFF, 0xF0, 0x7F, 0xFF, 0x00, 0x03, 0xC0, 0x00,
    0x78, 0x00, 0x0E, 0x00, 0x01, 0xC0, 0x00, 0x70, 0x00, 0x1F, 0xFF, 0xFF, 0xFF, 0xFF, 0xFF, 0xFF,
    0xFE, 0x00, 0x1F, 0x80, 0x07, 0xE0, 0x03, 0xFC, 0x00, 0xF7, 0x00, 0x79, 0xE0, 0x3E, 0x3F, 0xFF,
    0x07, 0xFF, 0x80, 0xFF, 0x80, 0x38, 0xE0, 0xE3, 0x83, 0x8E, 0x00, 0x00, 0x00, 0x01, 0xFF, 0x0F,
    0xFF, 0x3F, 0xFC, 0x00, 0x78, 0x00, 0xF0, 0x03, 0xC0, 0x07, 0xFF, 0xFF, 0xFF, 0xFF, 0xFF, 0xF8,
    0x0F, 0xE0, 0x3F, 0xC1, 0xE7, 0xFF, 0x0F, 0xFC, 0x1F, 0xC0, 0x00, 0x71, 0xC0, 0x00, 0x0E, 0x38,
    0x00, 0x01, 0xC7, 0x00, 0x00, 0x00, 0x00, 0x00, 0x00, 0x00, 0x00, 0x00, 0x00, 0x00, 0x1E, 0x03,
    0x80, 0x71, 0xC0, 0x70, 0x1E, 0x3C, 0x0E, 0x07, 0x83, 0x81, 0xC0, 0xE0, 0x38, 0x38, 0x3C, 0x07,
    0x87, 0x0F, 0x00, 0x70, 0xE1, 0xC0, 0x07, 0x1C, 0x78, 0x00, 0xF3, 0x9E, 0x00, 0x0F, 0xFF, 0xC0,
    0x01, 0xFF, 0xF8, 0x00, 0x7F, 0xFF, 0x00, 0x0E, 0x38, 0xF0, 0x03, 0xC7, 0x0E, 0x00, 0xF0, 0xE1,
    0xE0, 0x1C, 0x1C, 0x1E, 0x07, 0x83, 0x83, 0xC1, 0xE0, 0x70, 0x3C, 0x38, 0x0E, 0x03, 0xCF, 0x01,
    0xC0, 0x7B, 0xC0, 0x38, 0x07, 0x80, 0x00, 0xE7, 0x00, 0x01, 0xCE, 0x00, 0x03, 0x9C, 0x00, 0x00,
    0x00, 0x00, 0x00, 0x00, 0x0F, 0x07, 0x03, 0x8E, 0x0E, 0x0F, 0x0E, 0x1C, 0x1C, 0x1E, 0x38, 0x70,
    0x1C, 0x71, 0xE0, 0x1C, 0xE3, 0x80, 0x3F, 0xFE, 0x00, 0x3F, 0xFC, 0x00, 0xFF, 0xF8, 0x01, 0xEE,
    0x78, 0x07, 0x9C, 0x70, 0x1E, 0x38, 0xF0, 0x3C, 0x70, 0xF0, 0xF0, 0xE0, 0xE1, 0xC1, 0xC1, 0xE7,
    0x83, 0x81, 0xE0, 0x39, 0xC0, 0xE7, 0x03, 0x9C, 0x00, 0x00, 0x00, 0x00, 0x00, 0x07, 0xFC, 0x3F,
    0xFC, 0xFF, 0xF8, 0x01, 0xE0, 0x03, 0x80, 0x0E, 0x00, 0x38, 0x01, 0xE1, 0xFF, 0x0F, 0xF8, 0x3F,
    0xF0, 0x07, 0xE0, 0x03, 0xC0, 0x0F, 0x00, 0x1C, 0x00, 0x70, 0x03, 0xC0, 0x1F, 0xFF, 0xFB, 0xFF,
    0xCF, 0xFC, 0x00, 0x39, 0xC3, 0x9C, 0x39, 0xC0, 0x00, 0x00, 0x07, 0xFC, 0xFF, 0xE7, 0xFF, 0x00,
    0xF0, 0x07, 0x00, 0xF1, 0xFE, 0x3F, 0xC3, 0xFE, 0x01, 0xF0, 0x07, 0x00, 0x70, 0x07, 0xFF, 0xFF,
    0xFE, 0x7F, 0xC0, 0x7F, 0xFC, 0xFF, 0xF9, 0xFF, 0xF0, 0x03, 0xC0, 0x0F, 0x00, 0x3C, 0x00, 0xF0,
    0x03, 0xC0, 0x0F, 0x00, 0x3F, 0xE0, 0x7F, 0xE0, 0x07, 0xE0, 0x01, 0xE0, 0x03, 0xC0, 0x03, 0x80,
    0x07, 0x00, 0x1F, 0x00, 0x7B, 0xFF, 0xF7, 0xFF, 0xC7, 0xFE, 0x00, 0x7F, 0xF9, 0xFF, 0xE7, 0xFF,
    0x80, 0x3C, 0x01, 0xE0, 0x0F, 0x00, 0x78, 0x01, 0xC0, 0x0E, 0x00, 0x7F, 0x01, 0xFF, 0x03, 0xFE,
    0x00, 0x78, 0x00, 0xF0, 0x03, 0xC0, 0x07, 0x00, 0x1C, 0x00, 0xF0, 0x03, 0xE0, 0x1E, 0xFF, 0xFB,
    0xFF, 0xC7, 0xFC, 0x00, 0x0F, 0xF8, 0x07, 0xFC, 0x03, 0xFE, 0x00, 0x00, 0x00, 0x00, 0x07, 0x00,
    0x3F, 0x80, 0x3F, 0xC0, 0x1F, 0xE0, 0x1F, 0xF0, 0x0F, 0xF8, 0x0E, 0xFC, 0x0F, 0x7E, 0x07, 0x3F,
    0x07, 0x1F, 0x87, 0x8F, 0xC3, 0x87, 0xE3, 0x83, 0xF3, 0xC1, 0xF9, 0xC0, 0xFD, 0xC0, 0x7E, 0xE0,
    0x3F, 0xE0, 0x1F, 0xF0, 0x0F, 0xF0, 0x07, 0xF0, 0x03, 0xF8, 0x01, 0xC0, 0x3F, 0xE1, 0xFF, 0x0F,
    0xF8, 0x00, 0x0E, 0x07, 0xF0, 0x7F, 0x83, 0xFC, 0x3F, 0xE1, 0xFF, 0x1D, 0xF8, 0xEF, 0xCE, 0x7E,
    0x73, 0xF7, 0x1F, 0xB8, 0xFF, 0x87, 0xFC, 0x3F, 0xC1, 0xFE, 0x0F, 0xE0, 0x70, 0x0E, 0x70, 0x07,
    0x38, 0x03, 0x9C, 0x00, 0x00, 0x00, 0x00, 0x00, 0x00, 0x03, 0x80, 0x1F, 0xC0, 0x1F, 0xE0, 0x0F,
    0xF0, 0x0F, 0xF8, 0x0F, 0xFC, 0x07, 0x7E, 0x07, 0xBF, 0x03, 0x9F, 0x83, 0x8F, 0xC3, 0xC7, 0xE1,
    0xC3, 0xF1, 0xC1, 0xF9, 0xE0, 0xFC, 0xE0, 0x7E, 0xE0, 0x3F, 0x70, 0x1F, 0xF0, 0x0F, 0xF8, 0x07,
    0xF8, 0x03, 0xF8, 0x01, 0xFC, 0x00, 0xE0, 0x18, 0xE1, 0xC7, 0x06, 0x38, 0x00, 0x00, 0x00, 0x70,
    0x3F, 0x81, 0xFC, 0x1F, 0xE1, 0xFF, 0x0F, 0xF8, 0xEF, 0xC7, 0x7E, 0x73, 0xF3, 0x9F, 0xB8, 0xFD,
    0xC7, 0xFC, 0x3F, 0xE1, 0xFE, 0x0F, 0xF0, 0x7F, 0x03, 0x80, 0x07, 0x1C, 0x00, 0xE3, 0x80, 0x1C,
    0x70, 0x00, 0x00, 0x00, 0x00, 0x00, 0x00, 0x00, 0x01, 0xFF, 0x00, 0xFF, 0xF8, 0x3F, 0xFF, 0x8F,
    0x80, 0xF9, 0xE0, 0x0F, 0x78, 0x00, 0xFF, 0x00, 0x1F, 0xC0, 0x01, 0xF8, 0x00, 0x3F, 0x00, 0x07,
    0xE0, 0x00, 0xFC, 0x00, 0x1F, 0x80, 0x03, 0xF0, 0x00, 0x7F, 0x00, 0x1F, 0xE0, 0x03, 0xDE, 0x00,
    0xF3, 0xE0, 0x3C, 0x3F, 0xFF, 0x83, 0xFF, 0xE0, 0x1F, 0xF0, 0x00, 0x1C, 0xE0, 0x39, 0xC0, 0x73,
    0x80, 0x00, 0x00, 0x00, 0x01, 0xFC, 0x0F, 0xFE, 0x3F, 0xFC, 0x70, 0x3D, 0xE0, 0x3F, 0x80, 0x7F,
    0x00, 0x7E, 0x00, 0xFC, 0x01, 0xF8, 0x03, 0xF0, 0x0F, 0xF0, 0x1E, 0xF0, 0x79, 0xFF, 0xE1, 0xFF,
    0xC0, 0xFE, 0x00, 0x07, 0xFC, 0x03, 0xFF, 0xE0, 0xFF, 0xFE, 0x3E, 0x03, 0xE7, 0x80, 0x3D, 0xE0,
    0x03, 0xFC, 0x00, 0x7F, 0x00, 0x07, 0xE0, 0x00, 0xFF, 0xFF, 0xFF, 0xFF, 0xFF, 0xFF, 0xFF, 0xFE,
    0x00, 0x0F, 0xC0, 0x01, 0xFC, 0x00, 0x7F, 0x80, 0x0F, 0x78, 0x03, 0xCF, 0x80, 0xF0, 0xFF, 0xFE,
    0x0F, 0xFF, 0x80, 0x7F, 0xC0, 0x0F, 0xE0, 0x7F, 0xF1, 0xFF, 0xE3, 0x81, 0xEF, 0x01, 0xFC, 0x03,
    0xFF, 0xFF, 0xFF, 0xFF, 0xFF, 0xFF, 0xC0, 0x1F, 0x80, 0x7F, 0x80, 0xF7, 0x03, 0xCF, 0xFF, 0x0F,
    0xFE, 0x07, 0xF0, 0x07, 0x1C, 0x00, 0xE3, 0x80, 0x1C, 0x70, 0x00, 0x00, 0x00, 0x00, 0x00, 0x00,
    0x00, 0x01, 0xFF, 0x00, 0xFF, 0xF8, 0x3F, 0xFF, 0x8F, 0x80, 0xF9, 0xE0, 0x0F, 0x78, 0x00, 0xFF,
    0x00, 0x1F, 0xC0, 0x01, 0xF8, 0x00, 0x3F, 0xFF, 0xFF, 0xFF, 0xFF, 0xFF, 0xFF, 0xFF, 0x80, 0x03,
    0xF0, 0x00, 0x7F, 0x00, 0x1F, 0xE0, 0x03, 0xDE, 0x00, 0xF3, 0xE0, 0x3C, 0x3F, 0xFF, 0x83, 0xFF,
    0xE0, 0x1F, 0xF0, 0x00, 0x1C, 0xE0, 0x39, 0xC0, 0x73, 0x80, 0x00, 0x00, 0x00, 0x01, 0xFC, 0x0F,
    0xFE, 0x3F, 0xFC, 0x70, 0x3D, 0xE0, 0x3F, 0x80, 0x7F, 0xFF, 0xFF, 0xFF, 0xFF, 0xFF, 0xF8, 0x03,
    0xF0, 0x0F, 0xF0, 0x1E, 0xE0, 0x79, 0xFF, 0xE1, 0xFF, 0xC0, 0xFE, 0x00, 0x1C, 0xE0, 0x0E, 0x70,
    0x07, 0x38, 0x00, 0x00, 0x00, 0x00, 0x00, 0x00, 0x01, 0xFF, 0x80, 0xFF, 0xF0, 0x7F, 0xFC, 0x00,
    0x0F, 0x00, 0x03, 0xC0, 0x01, 0xE0, 0x00, 0x78, 0x00, 0x3C, 0x3F, 0xFE, 0x3F, 0xFF, 0x1F, 0xFF,
    0x80, 0x01, 0xC0, 0x01, 0xE0, 0x00, 0xF0, 0x00, 0x78, 0x00, 0x38, 0x00, 0x3C, 0x00, 0x3C, 0x7F,
    0xFC, 0x3F, 0xFC, 0x1F, 0xF8, 0x00, 0x73, 0x87, 0x38, 0x73, 0x80, 0x00, 0x00, 0x0F, 0xF0, 0xFF,
    0xCF, 0xFE, 0x01, 0xE0, 0x0F, 0x00, 0x73, 0xFF, 0x7F, 0xF7, 0xFF, 0x00, 0x70, 0x07, 0x00, 0xF0,
    0x1E, 0xFF, 0xEF, 0xFC, 0xFF, 0x00, 0x07, 0xFC, 0x00, 0xFF, 0x80, 0x1F, 0xF0, 0x00, 0x00, 0x00,
    0x00, 0x01, 0xE0, 0x03, 0xDC, 0x00, 0x73, 0xC0, 0x1E, 0x38, 0x03, 0x87, 0x80, 0xF0, 0x70, 0x1C,
    0x0F, 0x03, 0x80, 0xE0, 0xE0, 0x1E, 0x1C, 0x01, 0xE7, 0x80, 0x3C, 0xE0, 0x03, 0xFC, 0x00, 0x7F,
    0x00, 0x07, 0xE0, 0x00, 0xF8, 0x00, 0x0F, 0x00, 0x01, 0xC0, 0x00, 0x78, 0x01, 0xFE, 0x00, 0x3F,
    0x80, 0x07, 0xE0, 0x00, 0x1F, 0xF0, 0x1F, 0xF0, 0x1F, 0xF0, 0x00, 0x00, 0xE0, 0x0E, 0xF0, 0x1E,
    0x70, 0x1E, 0x70, 0x1C, 0x78, 0x3C, 0x38, 0x38, 0x3C, 0x38, 0x1C, 0x78, 0x1C, 0x70, 0x1E, 0xF0,
    0x0E, 0xF0, 0x0E, 0xE0, 0x07, 0xE0, 0x07, 0xC0, 0x07, 0xC0, 0x03, 0xC0, 0x03, 0x80, 0x07, 0x80,
    0x07, 0x80, 0x0F, 0x00, 0xFF, 0x00, 0xFE, 0x00, 0xFC, 0x00, 0x07, 0x38, 0x01, 0xCE, 0x00, 0x73,
    0x80, 0x00, 0x00, 0x00, 0x00, 0x00, 0x00, 0x0F, 0x00, 0x3D, 0xC0, 0x0F, 0x78, 0x03, 0x8E, 0x01,
    0xE3, 0xC0, 0x70, 0x70, 0x3C, 0x1E, 0x0E, 0x03, 0x87, 0x80, 0xF1, 0xC0, 0x1C, 0x70, 0x07, 0xBC,
    0x00, 0xEE, 0x00, 0x3F, 0x80, 0x07, 0xC0, 0x01, 0xF0, 0x00, 0x78, 0x00, 0x1E, 0x00, 0x07, 0x00,
    0x3F, 0xC0, 0x0F, 0xE0, 0x03, 0xF0, 0x00, 0x0E, 0x70, 0x0E, 0x70, 0x0E, 0x70, 0x00, 0x00, 0x00,
    0x00, 0xF0, 0x0F, 0x70, 0x0E, 0x78, 0x1E, 0x38, 0x1C, 0x38, 0x1C, 0x3C, 0x3C, 0x1C, 0x38, 0x1E,
    0x38, 0x0E, 0x78, 0x0E, 0x70, 0x0F, 0x70, 0x07, 0xE0, 0x07, 0xE0, 0x07, 0xE0, 0x03, 0xC0, 0x03,
    0xC0, 0x03, 0xC0, 0x03, 0x80, 0x03, 0x80, 0x07, 0x00, 0x7F, 0x00, 0x7E, 0x00, 0x7C, 0x00, 0x00,
    0xF7, 0x80, 0x1C, 0xE0, 0x07, 0xBC, 0x00, 0xE7, 0x00, 0x39, 0xC0, 0x00, 0x00, 0x00, 0x00, 0x03,
    0x80, 0x0F, 0x78, 0x01, 0xC7, 0x00, 0x78, 0xF0, 0x0E, 0x0E, 0x03, 0xC1, 0xE0, 0x70, 0x1C, 0x1E,
    0x03, 0xC3, 0x80, 0x38, 0x70, 0x07, 0x9E, 0x00, 0x73, 0x80, 0x0F, 0xF0, 0x01, 0xFC, 0x00, 0x1F,
    0x80, 0x03, 0xE0, 0x00, 0x3C, 0x00, 0x07, 0x00, 0x01, 0xE0, 0x03, 0xF8, 0x00, 0x7E, 0x00, 0x0F,
    0x80, 0x00, 0x03, 0xCE, 0x03, 0x9E, 0x07, 0xBC, 0x07, 0x38, 0x0E, 0x70, 0x00, 0x00, 0x00, 0x00,
    0x70, 0x0F, 0x70, 0x0E, 0x78, 0x0E, 0x38, 0x1E, 0x3C, 0x1C, 0x3C, 0x3C, 0x1C, 0x3C, 0x1E, 0x38,
    0x0E, 0x78, 0x0E, 0x70, 0x0F, 0x70, 0x07, 0xF0, 0x07, 0xE0, 0x03, 0xE0, 0x03, 0xE0, 0x03, 0xC0,
    0x03, 0xC0, 0x03, 0x80, 0x03, 0x80, 0x07, 0x80, 0x7F, 0x00, 0x7E, 0x00, 0x7C, 0x00, 0x1C, 0x70,
    0x38, 0xE0, 0x71, 0xC0, 0x00, 0x00, 0x00, 0x00, 0x00, 0x38, 0x03, 0xF0, 0x07, 0xE0, 0x0F, 0xC0,
    0x1F, 0x80, 0x3F, 0x00, 0x7E, 0x00, 0xFC, 0x01, 0xF8, 0x03, 0xF8, 0x07, 0xFF, 0xFE, 0xFF, 0xFC,
    0x7F, 0xF8, 0x00, 0x70, 0x00, 0xE0, 0x01, 0xC0, 0x03, 0x80, 0x07, 0x00, 0x0E, 0x00, 0x1C, 0x00,
    0x38, 0x38, 0xE1, 0xC7, 0x0E, 0x38, 0x00, 0x00, 0x00, 0x70, 0x1F, 0x80, 0xFC, 0x07, 0xE0, 0x3F,
    0x01, 0xF8, 0x0F, 0xC0, 0x7F, 0x03, 0xFF, 0xFD, 0xFF, 0xE7, 0xFF, 0x00, 0x38, 0x01, 0xC0, 0x0E,
    0x00, 0x70, 0x03, 0x80, 0xFF, 0xFF, 0xFF, 0xFF, 0xFE, 0x00, 0xE0, 0x0E, 0x00, 0xE0, 0x0E, 0x00,
    0xE0, 0x0E, 0x00, 0xE0, 0x0E, 0x00, 0xE0, 0x0E, 0x00, 0xE0, 0x0E, 0x00, 0xE0, 0x0E, 0x00, 0xE0,
    0x0F, 0x80, 0xF8, 0x03, 0x80, 0x38, 0x03, 0x80, 0x38, 0x03, 0x80, 0x38, 0x00, 0xFF, 0xFF, 0xFF,
    0xFB, 0x80, 0xE0, 0x38, 0x0E, 0x03, 0x80, 0xE0, 0x38, 0x0E, 0x03, 0x80, 0xE0, 0x38, 0x0F, 0x83,
    0xE0, 0x38, 0x0E, 0x03, 0x80, 0xE0, 0x38, 0x0E, 0x00, 0x07, 0x1C, 0x00, 0xE3, 0x80, 0x1C, 0x70,
    0x00, 0x00, 0x00, 0x00, 0x00, 0x00, 0x00, 0x38, 0x00, 0x3F, 0x00, 0x07, 0xE0, 0x00, 0xFC, 0x00,
    0x1F, 0x80, 0x03, 0xF0, 0x00, 0x7E, 0x00, 0x0F, 0xC0, 0x01, 0xFF, 0xF0, 0x3F, 0xFF, 0x87, 0xFF,
    0xF0, 0xFC, 0x0F, 0x1F, 0x80, 0xE3, 0xF0, 0x1C, 0x7E, 0x03, 0x8F, 0xC0, 0x71, 0xF8, 0x0E, 0x3F,
    0x03, 0xC7, 0xFF, 0xF0, 0xFF, 0xFC, 0x1F, 0xFF, 0x03, 0x80, 0x0E, 0x38, 0x07, 0x1C, 0x03, 0x8E,
    0x00, 0x00, 0x00, 0x00, 0x07, 0x00, 0x1F, 0x80, 0x0F, 0xC0, 0x07, 0xE0, 0x03, 0xF0, 0x01, 0xF8,
    0x00, 0xFF, 0xF8, 0x7F, 0xFE, 0x3F, 0xFF, 0x9F, 0x81, 0xCF, 0xC0, 0xE7, 0xE0, 0x73, 0xF0, 0x79,
    0xFF, 0xFC, 0xFF, 0xFC, 0x7F, 0xFC, 0x38, 0x3F, 0xFC, 0xFF, 0xF3, 0xFF, 0xCE, 0x00, 0x38, 0x00,
    0xE0, 0x03, 0x80, 0x0E, 0x00, 0x38, 0x03, 0xFF, 0x8F, 0xFE, 0x3F, 0xF8, 0x38, 0x00, 0xE0, 0x03,
    0x80, 0x0E, 0x00, 0x38, 0x00, 0xE0, 0x03, 0xE0, 0x0F, 0x80, 0x3E, 0x00, 0x38, 0x00, 0xE0, 0x03,
    0x80, 0x3E, 0x01, 0xF8, 0x07, 0xC0, 0x00, 0x3F, 0xF3, 0xFF, 0x3F, 0xF3, 0x80, 0x38, 0x03, 0x80,
    0x38, 0x0F, 0xFC, 0xFF, 0xCF, 0xFC, 0x38, 0x03, 0x80, 0x38, 0x03, 0x80, 0x3E, 0x03, 0xE0, 0x0E,
    0x00, 0xE0, 0x0E, 0x03, 0xE0, 0x3E, 0x03, 0xC0, 0x78, 0x07, 0x8F, 0x00, 0xF0, 0xF0, 0x3C, 0x0E,
    0x07, 0x01, 0xE1, 0xE0, 0x1E, 0x78, 0x01, 0xCE, 0x00, 0x3F, 0xC0, 0x03, 0xF0, 0x00, 0x3C, 0x00,
    0x07, 0x80, 0x01, 0xF8, 0x00, 0x7F, 0x00, 0x0E, 0xF0, 0x03, 0xCF, 0x00, 0x70, 0xE0, 0x1C, 0x1E,
    0x07, 0x81, 0xE0, 0xE0, 0x1F, 0xBC, 0x03, 0xFF, 0x00, 0x3E, 0x00, 0x01, 0xC0, 0x00, 0x38, 0x00,
    0x07, 0x00, 0x07, 0xE0, 0x00, 0xFC, 0x00, 0x1F, 0x00, 0xF0, 0x1E, 0x78, 0x3C, 0x38, 0x78, 0x3C,
    0x70, 0x1E, 0xF0, 0x0F, 0xE0, 0x0F, 0xC0, 0x07, 0x80, 0x07, 0xC0, 0x0F, 0xC0, 0x1F, 0xE0, 0x1C,
    0xF0, 0x3C, 0x78, 0x78, 0x78, 0x70, 0x3F, 0xF0, 0x1F, 0x00, 0x07, 0x00, 0x07, 0x00, 0x07, 0x00,
    0x3F, 0x00, 0x3F, 0x00, 0x3E, 0x70, 0x03, 0x9E, 0x01, 0xE3, 0xC0, 0xF0, 0x70, 0x38, 0x1E, 0x1E,
    0x03, 0xCF, 0x00, 0x73, 0x80, 0x1F, 0xE0, 0x3F, 0xFF, 0x0F, 0xFF, 0xC3, 0xFF, 0xF0, 0x0F, 0xC0,
    0x07, 0xF8, 0x01, 0xCE, 0x00, 0xF3, 0xC0, 0x78, 0x78, 0x1C, 0x1E, 0x0F, 0x03, 0xC7, 0x80, 0x71,
    0xE0, 0x1E, 0xF0, 0x03, 0xC0, 0x78, 0x1E, 0x38, 0x1C, 0x3C, 0x3C, 0x1E, 0x78, 0x0E, 0x70, 0x0F,
    0xF0, 0x07, 0xE0, 0x3F, 0xFC, 0x3F, 0xFC, 0x07, 0xE0, 0x0F, 0xF0, 0x0E, 0x70, 0x1E, 0x78, 0x3C,
    0x3C, 0x38, 0x1C, 0x78, 0x1E, 0x78, 0x07, 0x9E, 0x03, 0x8F, 0x01, 0xC3, 0xC0, 0xE0, 0xF0, 0x70,
    0x7C, 0x78, 0x7F, 0x38, 0x7F, 0xFC, 0x79, 0xFC, 0x38, 0x78, 0x1C, 0x1C, 0x0E, 0x0F, 0x0F, 0x03,
    0xC7, 0x80, 0xF3, 0x80, 0x79, 0xC0, 0x1E, 0xE0, 0x07, 0x00, 0x7F, 0xE0, 0xFF, 0xE1, 0xFF, 0xC0,
    0x03, 0xC0, 0x07, 0x80, 0x07, 0x00, 0x0E, 0x00, 0x1C, 0x00, 0x38, 0x00, 0x70, 0x00, 0xE0, 0x01,
    0xC0, 0x03, 0x80, 0x07, 0x1F, 0xFF, 0xFF, 0xFF, 0xFF, 0xFE, 0x3F, 0x0F, 0xC3, 0xF8, 0x1E, 0x03,
    0x80, 0xE0, 0x38, 0x0E, 0x03, 0x80, 0xE0, 0x38, 0x1E, 0x07, 0x83, 0xE7, 0xFF, 0xE7, 0xF1, 0xC0,
    0x00, 0xFF, 0xFF, 0xFF, 0xFD, 0xFF, 0xF0, 0x03, 0x80, 0x07, 0x00, 0x0E, 0x00, 0x1C, 0x00, 0x38,
    0x00, 0x70, 0x00, 0xE0, 0x01, 0xC0, 0x03, 0x80, 0x07, 0x00, 0x0E, 0x00, 0x1C, 0x00, 0x38, 0x00,
    0x70, 0xFF, 0xF9, 0xFF, 0xF9, 0xFF, 0xF8, 0x00, 0xF0, 0x00, 0xE0, 0x01, 0xC0, 0x03, 0xB8, 0x07,
    0x70, 0x0E, 0xE0, 0x1D, 0xC0, 0x3B, 0x80, 0x77, 0x00, 0xEE, 0x01, 0xDC, 0x03, 0xB8, 0x07, 0x70,
    0x0E, 0xFF, 0xFF, 0xC7, 0x1C, 0x71, 0xC7, 0x1C, 0x71, 0xC7, 0x1C, 0x71, 0xC7, 0x1C, 0xFF, 0xFF,
    0x9F, 0xC3, 0x83, 0xC1, 0xC0, 0xE0, 0x70, 0x38, 0x1C, 0x0E, 0x07, 0x03, 0xC1, 0xE0, 0xF0, 0x78,
    0x1C, 0x00, 0xFF, 0xFE, 0x7F, 0xFF, 0x9F, 0xFF, 0xC7, 0x00, 0xF3, 0x80, 0x79, 0xC0, 0x1C, 0xE0,
    0x0E, 0x70, 0x07, 0x38, 0x03, 0x9C, 0x01, 0xCE, 0x00, 0xE7, 0x00, 0x73, 0x80, 0x39, 0xC0, 0x1C,
    0xE0, 0x0E, 0x70, 0x07, 0x38, 0x03, 0x80, 0xE3, 0xF9, 0xC7, 0xFB, 0x8F, 0xF7, 0x00, 0xFE, 0x00,
    0xFC, 0x01, 0xF8, 0x03, 0xF0, 0x07, 0xE0, 0x0F, 0xC0, 0x1F, 0x80, 0x3F, 0x80, 0xFF, 0x01, 0xEF,
    0x07, 0x9F, 0xFF, 0x1F, 0xFC, 0x0F, 0xE0, 0xFF, 0xFF, 0xC7, 0x1C, 0x71, 0xC7, 0x1C, 0x70, 0x7F,
    0xE1, 0xFF, 0xC7, 0xFF, 0x80, 0x0F, 0x00, 0x3C, 0x00, 0x70, 0x01, 0xC0, 0x07, 0x00, 0x1C, 0x00,
    0x70, 0x01, 0xC0, 0x07, 0x00, 0x1C, 0x00, 0x70, 0x01, 0xC0, 0x07, 0x00, 0x1C, 0x00, 0x70, 0x01,
    0xC0, 0x07, 0x00, 0x1C, 0x00, 0x70, 0x01, 0xC0, 0xFF, 0x87, 0xFF, 0x1F, 0xF8, 0x01, 0xE0, 0x07,
    0x00, 0x3C, 0x01, 0xE0, 0x07, 0x00, 0x38, 0x01, 0xC0, 0x1E, 0x00, 0xF0, 0x07, 0x00, 0x79, 0xFF,
    0x9F, 0xFC, 0xFF, 0x80, 0xE0, 0x03, 0x80, 0x0E, 0x00, 0x38, 0x00, 0xE0, 0x03, 0xFF, 0xFF, 0xFF,
    0xBF, 0xFE, 0x00, 0x78, 0x01, 0xC0, 0x07, 0x00, 0x3C, 0x00, 0xE0, 0x07, 0x80, 0x1E, 0x00, 0x70,
    0x03, 0xC0, 0x0F, 0x00, 0x38, 0x01, 0xE0, 0x07, 0x80, 0x1C, 0x00, 0xFF, 0xFE, 0x7F, 0xFF, 0xBF,
    0xFF, 0xC7, 0x00, 0xF3, 0x80, 0x79, 0xC0, 0x1C, 0xE0, 0x0E, 0x70, 0x07, 0x38, 0x03, 0x9C, 0x01,
    0xCE, 0x00, 0xE7, 0x00, 0x73, 0x80, 0x39, 0xC0, 0x1C, 0xFF, 0xFE, 0x7F, 0xFF, 0x3F, 0xFF, 0x80,
    0x70, 0xFE, 0x1C, 0x7F, 0xC7, 0xBF, 0xF8, 0xFC, 0x1E, 0x3E, 0x03, 0xCF, 0x80, 0xF1, 0xC0, 0x1C,
    0x70, 0x07, 0x1C, 0x01, 0xCF, 0x00, 0x73, 0xC0, 0x3C, 0xE0, 0x0F, 0x38, 0x03, 0x8E, 0x01, 0xE7,
    0x8F, 0xF1, 0xE7, 0xF8, 0x79, 0xFC, 0x00, 0xFF, 0xFF, 0xC7, 0x1C, 0x71, 0xC7, 0x1C, 0x71, 0xC7,
    0x1C, 0x71, 0xC7, 0x1C, 0x71, 0xC7, 0x1C, 0x71, 0xC0, 0x7E, 0x7E, 0x7F, 0x0F, 0x07, 0x07, 0x07,
    0x07, 0x07, 0x07, 0x07, 0x07, 0x07, 0x07, 0xFF, 0xFF, 0xFF, 0xFF, 0xF8, 0xFF, 0xFC, 0xFF, 0xFE,
    0x38, 0x0F, 0x78, 0x0F, 0x70, 0x07, 0x70, 0x07, 0x70, 0x07, 0x70, 0x07, 0x70, 0x07, 0x70, 0x07,
    0x70, 0x0F, 0x78, 0x0F, 0x3C, 0x1E, 0x3F, 0xFE, 0x1F, 0xFC, 0x0F, 0xF0, 0x00, 0x00, 0xE0, 0x1D,
    0xC0, 0x3B, 0x80, 0x77, 0x80, 0xEF, 0x01, 0xCE, 0x03, 0x9C, 0x07, 0x3C, 0x1E, 0x78, 0x3C, 0x70,
    0x78, 0xE0, 0xE1, 0xE3, 0xC3, 0xC7, 0x83, 0xBE, 0x07, 0xF8, 0x7F, 0xE1, 0xFF, 0x03, 0xF0, 0x04,
    0x00, 0x00, 0x1F, 0xE0, 0xFF, 0xE1, 0xFF, 0xE7, 0x81, 0xEE, 0x01, 0xDC, 0x03, 0xF8, 0x07, 0xF0,
    0x07, 0xF0, 0x0E, 0xF8, 0x1C, 0xF0, 0x38, 0x60, 0x70, 0x00, 0xE0, 0x01, 0xC0, 0x03, 0x80, 0x07,
    0x00, 0x0E, 0x00, 0x1C, 0x00, 0x38, 0x00, 0x70, 0x00, 0xE0, 0x01, 0xC0, 0x03, 0x80, 0x1F, 0xE0,
    0xFF, 0xE1, 0xFF, 0xE7, 0x81, 0xEE, 0x01, 0xDC, 0x03, 0xF8, 0x07, 0xF8, 0x07, 0xF8, 0x0E, 0xF8,
    0x1C, 0xF0, 0x78, 0x00, 0xF0, 0x03, 0xC0, 0x0F, 0x9F, 0xFE, 0x7F, 0xF8, 0xFF, 0xC0, 0x70, 0x1C,
    0xF0, 0x38, 0xE0, 0x71, 0xE0, 0xE3, 0xC3, 0xC3, 0xC7, 0x87, 0x8E, 0x07, 0x3C, 0x0F, 0xF0, 0x1F,
    0xC0, 0x1F, 0x00, 0x3C, 0x00, 0x78, 0x00, 0x70, 0x00, 0xF0, 0x01, 0xE0, 0x01, 0xC0, 0x03, 0x80,
    0x07, 0x80, 0x0F, 0x00, 0x0E, 0x00, 0x1C, 0x00, 0x3C, 0x00, 0xF0, 0x3D, 0xE0, 0xF7, 0x83, 0xCF,
    0x0F, 0x1C, 0x38, 0x78, 0xE0, 0xF7, 0x83, 0xFC, 0x07, 0xE0, 0x0F, 0x00, 0x3C, 0x00, 0x78, 0x00,
    0xE0, 0x03, 0xCF, 0xFF, 0xBF, 0xFE, 0xFF, 0xF8, 0xFF, 0xFF, 0xFF, 0xFF, 0xFF, 0xFE, 0x00, 0x0E,
    0x00, 0x1E, 0x00, 0x1C, 0x70, 0x1C, 0x70, 0x3C, 0x70, 0x3C, 0x70, 0x38, 0x70, 0x38, 0x70, 0x78,
    0x70, 0x70, 0x70, 0x70, 0x70, 0xF0, 0x70, 0xE0, 0x70, 0xE0, 0x70, 0x00, 0x70, 0x00, 0x70, 0x00,
    0x70, 0x00, 0x70, 0x00, 0x70, 0x00, 0x7F, 0xE3, 0xFF, 0x9F, 0xFC, 0x00, 0xF0, 0x07, 0x80, 0x1C,
    0x00, 0xE0, 0x07, 0x00, 0x38, 0x01, 0xC0, 0x0E, 0x00, 0x70, 0x03, 0x80, 0x1C, 0x00, 0xE0, 0x07,
    0x00, 0x38, 0xE1, 0xC3, 0xF8, 0x70, 0xFE, 0x1C, 0x3F, 0x87, 0x0F, 0xE1, 0xC3, 0xF8, 0xF0, 0xFE,
    0x3C, 0x3F, 0xBE, 0x0F, 0xFF, 0x03, 0xFF, 0x80, 0xFF, 0x00, 0x3B, 0xC0, 0x1E, 0x70, 0x07, 0x9E,
    0x03, 0xC3, 0xFF, 0xE0, 0x7F, 0xF0, 0x0F, 0xF8, 0x00, 0x7F, 0xFF, 0x1F, 0xFF, 0xE7, 0xFF, 0xF8,
    0x38, 0x0F, 0x0E, 0x03, 0xC3, 0x80, 0x70, 0xE0, 0x1C, 0x38, 0x07, 0x0E, 0x01, 0xC3, 0x80, 0x70,
    0xE0, 0x1C, 0x38, 0x07, 0x0E, 0x01, 0xC7, 0x80, 0x77, 0xE0, 0x1D, 0xF0, 0x07, 0xF8, 0x01, 0xC0,
    0x00, 0xF0, 0x00, 0x1F, 0x80, 0x01, 0xF8, 0x00, 0x1F, 0x80, 0x03, 0xFC, 0x00, 0x3F, 0xC0, 0x03,
    0xBC, 0x00, 0x79, 0xE0, 0x07, 0x9E, 0x00, 0xF1, 0xF0, 0x0F, 0x0F, 0x00, 0xF0, 0xF0, 0x1E, 0x07,
    0x81, 0xFF, 0xF8, 0x1F, 0xFF, 0x83, 0xFF, 0xFC, 0x3C, 0x03, 0xC7, 0x80, 0x3E, 0x78, 0x01, 0xE7,
    0x80, 0x1E, 0xF0, 0x00, 0xF0, 0x00, 0x00, 0x00, 0x00, 0x00, 0x0F, 0x00, 0x00, 0xF0, 0x00, 0x0F,
    0x00, 0x00, 0xF0, 0x00, 0x0F, 0xCE, 0x3F, 0xFE, 0x7F, 0xFE, 0x7C, 0x7E, 0xF8, 0x3E, 0xF0, 0x1E,
    0xF0, 0x1E, 0xE0, 0x0E, 0xE0, 0x0E, 0xF0, 0x1E, 0xF0, 0x1E, 0xF8, 0x3E, 0x7C, 0x7E, 0x7F, 0xFE,
    0x3F, 0xEE, 0x0F, 0xCE, 0x00, 0x00, 0x00, 0x00, 0x03, 0xC0, 0x03, 0xC0, 0x03, 0xC0, 0x03, 0xC0,
    0x00, 0x00, 0x00, 0x1F, 0x80, 0x01, 0xF8, 0x00, 0x1B, 0x80, 0x00, 0x78, 0x00, 0x06, 0x00, 0x00,
    0x60, 0x00, 0x00, 0x00, 0x00, 0xF0, 0x00, 0x0F, 0x80, 0x01, 0xF8, 0x00, 0x1F, 0x80, 0x03, 0xFC,
    0x00, 0x3F, 0xC0, 0x03, 0xDE, 0x00, 0x79, 0xE0, 0x07, 0x9E, 0x00, 0x78, 0xF0, 0x0F, 0x0F, 0x00,
    0xF0, 0xF0, 0x1E, 0x07, 0x81, 0xFF, 0xF8, 0x1F, 0xFF, 0xC3, 0xFF, 0xFC, 0x3C, 0x03, 0xC3, 0xC0,
    0x1E, 0x78, 0x01, 0xE7, 0x80, 0x1E, 0xF0, 0x00, 0xF0, 0x07, 0xC0, 0x07, 0xE0, 0x06, 0xE0, 0x01,
    0xE0, 0x01, 0xC0, 0x01, 0x80, 0x00, 0x00, 0x00, 0x00, 0x0F, 0xCE, 0x3F, 0xFE, 0x7F, 0xFE, 0x7C,
    0x7E, 0xF8, 0x3E, 0xF0, 0x1E, 0xF0, 0x1E, 0xE0, 0x0E, 0xE0, 0x0E, 0xF0, 0x1E, 0xF0, 0x1E, 0xF8,
    0x3E, 0x7C, 0x7E, 0x7F, 0xFE, 0x3F, 0xEE, 0x0F, 0xCE, 0x00, 0x00, 0x00, 0x00, 0x18, 0x00, 0x03,
    0xC0, 0x00, 0x3C, 0x00, 0x07, 0x80, 0x07, 0x70, 0x01, 0xF8, 0x00, 0x3F, 0xC0, 0x07, 0x9E, 0x00,
    0x20, 0x40, 0x00, 0x00, 0x00, 0x0F, 0x00, 0x00, 0xF8, 0x00, 0x1F, 0x80, 0x01, 0xFC, 0x00, 0x1F,
    0xC0, 0x03, 0xFC, 0x00, 0x3D, 0xE0, 0x07, 0x9E, 0x00, 0x79, 0xE0, 0x07, 0x8F, 0x00, 0xF0, 0xF0,
    0x0F, 0x0F, 0x80, 0xE0, 0x78, 0x1F, 0xFF, 0x81, 0xFF, 0xFC, 0x3F, 0xFF, 0xC3, 0xC0, 0x3C, 0x3C,
    0x01, 0xE7, 0x80, 0x1E, 0x78, 0x01, 0xF7, 0x80, 0x0F, 0x00, 0x00, 0x00, 0x03, 0x00, 0x03, 0xC0,
    0x01, 0xE0, 0x01, 0xE0, 0x00, 0xE0, 0x0F, 0x00, 0x0F, 0xC0, 0x0F, 0xF0, 0x0F, 0x3C, 0x03, 0x0C,
    0x00, 0x00, 0x00, 0x00, 0x00, 0x7E, 0x70, 0xFF, 0xF8, 0xFF, 0xFC, 0x7C, 0x7E, 0x7C, 0x1F, 0x3C,
    0x07, 0x9E, 0x03, 0xCE, 0x00, 0xE7, 0x00, 0x73, 0xC0, 0x79, 0xE0, 0x3C, 0xF8, 0x3E, 0x3E, 0x3F,
    0x1F, 0xFF, 0x87, 0xFD, 0xC0, 0xFC, 0xE0, 0x00, 0x00, 0x00, 0x00, 0xE0, 0x00, 0x1E, 0x00, 0x00,
    0xF0, 0x00, 0x07, 0x80, 0x07, 0x30, 0x01, 0xF8, 0x00, 0x3F, 0xC0, 0x07, 0x9E, 0x00, 0x20, 0x40,
    0x00, 0x00, 0x00, 0x0F, 0x00, 0x00, 0xF8, 0x00, 0x1F, 0x80, 0x01, 0xFC, 0x00, 0x1F, 0xC0, 0x03,
    0xFC, 0x00, 0x3D, 0xE0, 0x07, 0x9E, 0x00, 0x79, 0xE0, 0x07, 0x8F, 0x00, 0xF0, 0xF0, 0x0F, 0x0F,
    0x80, 0xE0, 0x78, 0x1F, 0xFF, 0x81, 0xFF, 0xFC, 0x3F, 0xFF, 0xC3, 0xC0, 0x3C, 0x3C, 0x01, 0xE7,
    0x80, 0x1E, 0x78, 0x01, 0xF7, 0x80, 0x0F, 0x00, 0x00, 0x00, 0x30, 0x00, 0x78, 0x00, 0x78, 0x00,
    0x3C, 0x00, 0x1C, 0x03, 0xC0, 0x07, 0xE0, 0x0F, 0xF0, 0x1E, 0x78, 0x0C, 0x30, 0x00, 0x00, 0x00,
    0x00, 0x0F, 0xCE, 0x3F, 0xFE, 0x7F, 0xFE, 0x7C, 0x7E, 0xF8, 0x3E, 0xF0, 0x1E, 0xF0, 0x1E, 0xE0,
    0x0E, 0xE0, 0x0E, 0xF0, 0x1E, 0xF0, 0x1E, 0xF8, 0x3E, 0x7C, 0x7E, 0x7F, 0xFE, 0x3F, 0xEE, 0x0F,
    0xCE, 0x00, 0x00, 0x00, 0x01, 0xF8, 0x00, 0x1F, 0x80, 0x01, 0xB8, 0x00, 0x07, 0x80, 0x0E, 0x60,
    0x01, 0xF4, 0x00, 0x3F, 0xC0, 0x07, 0xBC, 0x00, 0x60, 0xC0, 0x00, 0x00, 0x00, 0x1F, 0x00, 0x01,
    0xF0, 0x00, 0x1F, 0x00, 0x03, 0xF8, 0x00, 0x3F, 0x80, 0x07, 0xBC, 0x00, 0x7B, 0xC0, 0x07, 0xBC,
    0x00, 0xF1, 0xE0, 0x0F, 0x1E, 0x00, 0xF1, 0xE0, 0x1E, 0x0F, 0x01, 0xE0, 0xF0, 0x3F, 0xFF, 0x83,
    0xFF, 0xF8, 0x3F, 0xFF, 0x87, 0x80, 0x3C, 0x78, 0x03, 0xC7, 0x80, 0x3E, 0xF0, 0x01, 0xEF, 0x00,
    0x1E, 0x00, 0x3E, 0x00, 0x3F, 0x00, 0x37, 0x00, 0x0F, 0x00, 0x1E, 0x03, 0xDC, 0x07, 0xE0, 0x0F,
    0xF0, 0x1F, 0xF8, 0x0C, 0x30, 0x00, 0x00, 0x00, 0x00, 0x0F, 0xCE, 0x3F, 0xFE, 0x7F, 0xFE, 0x7C,
    0x7E, 0xF8, 0x3E, 0xF0, 0x1E, 0xF0, 0x1E, 0xE0, 0x0E, 0xE0, 0x0E, 0xF0, 0x1E, 0xF0, 0x1E, 0xF8,
    0x3E, 0x7C, 0x7E, 0x7F, 0xFE, 0x3F, 0xEE, 0x0F, 0xCE, 0x03, 0xCE, 0x00, 0x7F, 0xE0, 0x07, 0xFC,
    0x00, 0x77, 0xC0, 0x00, 0x00, 0x00, 0x0E, 0x00, 0x01, 0xF8, 0x00, 0x3F, 0xC0, 0x07, 0x9E, 0x00,
    0x20, 0x40, 0x00, 0x00, 0x00, 0x0F, 0x00, 0x01, 0xF0, 0x00, 0x1F, 0x80, 0x03, 0xF8, 0x00, 0x3F,
    0x80, 0x03, 0xFC, 0x00, 0x7B, 0xC0, 0x07, 0x9E, 0x00, 0x79, 0xE0, 0x0F, 0x1E, 0x00, 0xF0, 0xF0,
    0x1E, 0x0F, 0x01, 0xE0, 0xF8, 0x1F, 0xFF, 0x83, 0xFF, 0xF8, 0x3F, 0xFF, 0xC3, 0xC0, 0x3C, 0x78,
    0x03, 0xC7, 0x80, 0x1E, 0xF0, 0x01, 0xEF, 0x00, 0x1F, 0x0F, 0xB8, 0x0F, 0xF8, 0x1F, 0xF0, 0x1C,
    0xF0, 0x00, 0x00, 0x03, 0xC0, 0x07, 0xE0, 0x0F, 0xF0, 0x1F, 0xF8, 0x0C, 0x30, 0x00, 0x00, 0x00,
    0x00, 0x0F, 0xCE, 0x3F, 0xFE, 0x7F, 0xFE, 0x7C, 0x7E, 0xF8, 0x3E, 0xF0, 0x1E, 0xF0, 0x1E, 0xE0,
    0x0E, 0xE0, 0x0E, 0xF0, 0x1E, 0xF0, 0x1E, 0xF8, 0x3E, 0x7C, 0x7E, 0x7F, 0xFE, 0x3F, 0xEE, 0x0F,
    0xCE, 0x00, 0xF0, 0x00, 0x1F, 0x80, 0x03, 0xFC, 0x00, 0x79, 0xE0, 0x02, 0x04, 0x00, 0x00, 0x00,
    0x00, 0xF0, 0x00, 0x1F, 0x80, 0x01, 0xF8, 0x00, 0x1F, 0x80, 0x03, 0xFC, 0x00, 0x3F, 0xC0, 0x03,
    0xBC, 0x00, 0x79, 0xE0, 0x07, 0x9E, 0x00, 0xF1, 0xF0, 0x0F, 0x0F, 0x00, 0xF0, 0xF0, 0x1E, 0x07,
    0x81, 0xFF, 0xF8, 0x1F, 0xFF, 0x83, 0xFF, 0xFC, 0x3C, 0x03, 0xC7, 0x80, 0x3E, 0x78, 0x01, 0xE7,
    0x80, 0x1E, 0xF0, 0x00, 0xF0, 0x00, 0x00, 0x00, 0x00, 0x00, 0x0F, 0x00, 0x00, 0xF0, 0x00, 0x0F,
    0x00, 0x00, 0xF0, 0x00, 0x03, 0xC0, 0x07, 0xE0, 0x0F, 0xF0, 0x1E, 0x78, 0x0C, 0x30, 0x00, 0x00,
    0x00, 0x00, 0x0F, 0xCE, 0x3F, 0xFE, 0x7F, 0xFE, 0x7C, 0x7E, 0xF8, 0x3E, 0xF0, 0x1E, 0xF0, 0x1E,
    0xE0, 0x0E, 0xE0, 0x0E, 0xF0, 0x1E, 0xF0, 0x1E, 0xF8, 0x3E, 0x7C, 0x7E, 0x7F, 0xFE, 0x3F, 0xEE,
    0x0F, 0xCE, 0x00, 0x00, 0x00, 0x00, 0x03, 0xC0, 0x03, 0xC0, 0x03, 0xC0, 0x03, 0xC0, 0x00, 0x00,
    0x00, 0x01, 0x80, 0x00, 0x3C, 0x00, 0x07, 0xC0, 0x00, 0x78, 0x00, 0x07, 0x00, 0x07, 0x0E, 0x00,
    0x79, 0xE0, 0x03, 0xFE, 0x00, 0x1F, 0xC0, 0x00, 0xF8, 0x00, 0x00, 0x00, 0x00, 0xF0, 0x00, 0x0F,
    0x80, 0x01, 0xF8, 0x00, 0x1F, 0xC0, 0x01, 0xFC, 0x00, 0x3F, 0xC0, 0x03, 0xDE, 0x00, 0x79, 0xE0,
    0x07, 0x9E, 0x00, 0x78, 0xF0, 0x0F, 0x0F, 0x00, 0xF0, 0xF8, 0x0E, 0x07, 0x81, 0xFF, 0xF8, 0x1F,
    0xFF, 0xC3, 0xFF, 0xFC, 0x3C, 0x03, 0xC3, 0xC0, 0x1E, 0x78, 0x01, 0xE7, 0x80, 0x1F, 0x78, 0x00,
    0xF0, 0x00, 0x40, 0x00, 0xE0, 0x01, 0xF0, 0x01, 0xE0, 0x01, 0xC0, 0x01, 0x80, 0x1C, 0x38, 0x1E,
    0x78, 0x0F, 0xF0, 0x0F, 0xF0, 0x07, 0xE0, 0x00, 0x00, 0x00, 0x00, 0x0F, 0xCE, 0x3F, 0xFE, 0x7F,
    0xFE, 0x7C, 0x7E, 0xF8, 0x3E, 0xF0, 0x1E, 0xF0, 0x1E, 0xE0, 0x0E, 0xE0, 0x0E, 0xF0, 0x1E, 0xF0,
    0x1E, 0xF8, 0x3E, 0x7C, 0x7E, 0x7F, 0xFE, 0x3F, 0xEE, 0x0F, 0xCE, 0x00, 0x00, 0x00, 0x0C, 0x00,
    0x01, 0xE0, 0x00, 0x1E, 0x00, 0x00, 0xF0, 0x00, 0x07, 0x00, 0x07, 0x0E, 0x00, 0x79, 0xE0, 0x03,
    0xFE, 0x00, 0x1F, 0xC0, 0x00, 0xF8, 0x00, 0x00, 0x00, 0x00, 0xF0, 0x00, 0x0F, 0x80, 0x01, 0xF8,
    0x00, 0x1F, 0xC0, 0x01, 0xFC, 0x00, 0x3F, 0xC0, 0x03, 0xDE, 0x00, 0x79, 0xE0, 0x07, 0x9E, 0x00,
    0x78, 0xF0, 0x0F, 0x0F, 0x00, 0xF0, 0xF8, 0x0E, 0x07, 0x81, 0xFF, 0xF8, 0x1F, 0xFF, 0xC3, 0xFF,
    0xFC, 0x3C, 0x03, 0xC3, 0xC0, 0x1E, 0x78, 0x01, 0xE7, 0x80, 0x1F, 0x78, 0x00, 0xF0, 0x03, 0x00,
    0x07, 0x00, 0x07, 0x80, 0x07, 0x80, 0x03, 0xC0, 0x01, 0x80, 0x1C, 0x38, 0x1E, 0x78, 0x0F, 0xF0,
    0x0F, 0xF0, 0x07, 0xE0, 0x00, 0x00, 0x00, 0x00, 0x0F, 0xCE, 0x3F, 0xFE, 0x7F, 0xFE, 0x7C, 0x7E,
    0xF8, 0x3E, 0xF0, 0x1E, 0xF0, 0x1E, 0xE0, 0x0E, 0xE0, 0x0E, 0xF0, 0x1E, 0xF0, 0x1E, 0xF8, 0x3E,
    0x7C, 0x7E, 0x7F, 0xFE, 0x3F, 0xEE, 0x0F, 0xCE, 0x01, 0xF8, 0x00, 0x1F, 0x80, 0x01, 0xB8, 0x00,
    0x07, 0x80, 0x00, 0x60, 0x00, 0x74, 0xE0, 0x07, 0x9E, 0x00, 0x3F, 0xC0, 0x03, 0xFC, 0x00, 0x0F,
    0x80, 0x00, 0x00, 0x00, 0x0F, 0x00, 0x00, 0xF8, 0x00, 0x1F, 0x80, 0x01, 0xF8, 0x00, 0x3F, 0xC0,
    0x03, 0xFC, 0x00, 0x39, 0xE0, 0x07, 0x9E, 0x00, 0x79, 0xE0, 0x0F, 0x0F, 0x00, 0xF0, 0xF0, 0x0F,
    0x0F, 0x01, 0xE0, 0x78, 0x1F, 0xFF, 0x81, 0xFF, 0xFC, 0x3F, 0xFF, 0xC3, 0xC0, 0x3C, 0x78, 0x01,
    0xE7, 0x80, 0x1E, 0x78, 0x01, 0xEF, 0x00, 0x0F, 0x07, 0xC0, 0x07, 0xE0, 0x06, 0xE0, 0x01, 0xE0,
    0x01, 0xC0, 0x01, 0x80, 0x1C, 0x38, 0x1E, 0x78, 0x0F, 0xF0, 0x0F, 0xF0, 0x07, 0xE0, 0x00, 0x00,
    0x00, 0x00, 0x0F, 0xCE, 0x3F, 0xFE, 0x7F, 0xFE, 0x7C, 0x7E, 0xF8, 0x3E, 0xF0, 0x1E, 0xF0, 0x1E,
    0xE0, 0x0E, 0xE0, 0x0E, 0xF0, 0x1E, 0xF0, 0x1E, 0xF8, 0x3E, 0x7C, 0x7E, 0x7F, 0xFE, 0x3F, 0xEE,
    0x0F, 0xCE, 0x03, 0xCE, 0x00, 0x7F, 0xE0, 0x07, 0xFC, 0x00, 0x77, 0xC0, 0x00, 0x00, 0x00, 0x70,
    0xE0, 0x07, 0x9E, 0x00, 0x7F, 0xC0, 0x03, 0xFC, 0x00, 0x1F, 0x00, 0x00, 0x00, 0x00, 0x0F, 0x00,
    0x01, 0xF0, 0x00, 0x1F, 0x80, 0x03, 0xF8, 0x00, 0x3F, 0x80, 0x03, 0xBC, 0x00, 0x7B, 0xC0, 0x07,
    0x9E, 0x00, 0x71, 0xE0, 0x0F, 0x1E, 0x00, 0xF0, 0xF0, 0x1E, 0x0F, 0x01, 0xE0, 0xF0, 0x1F, 0xFF,
    0x83, 0xFF, 0xF8, 0x3F, 0xFF, 0xC3, 0x80, 0x3C, 0x78, 0x03, 0xC7, 0x80, 0x1E, 0xF0, 0x01, 0xEF,
    0x00, 0x1E, 0x07, 0x38, 0x0F, 0xB8, 0x1F, 0xF8, 0x1D, 0xF0, 0x1C, 0xF0, 0x00, 0x00, 0x1C, 0x38,
    0x1E, 0x78, 0x0F, 0xF0, 0x0F, 0xF0, 0x07, 0xE0, 0x00, 0x00, 0x00, 0x00, 0x0F, 0xCE, 0x3F, 0xFE,
    0x7F, 0xFE, 0x7C, 0x7E, 0xF8, 0x3E, 0xF0, 0x1E, 0xF0, 0x1E, 0xE0, 0x0E, 0xE0, 0x0E, 0xF0, 0x1E,
    0xF0, 0x1E, 0xF8, 0x3E, 0x7C, 0x7E, 0x7F, 0xFE, 0x3F, 0xEE, 0x0F, 0xCE, 0x07, 0x0E, 0x00, 0x79,
    0xE0, 0x03, 0xFC, 0x00, 0x3F, 0xC0, 0x00, 0xF0, 0x00, 0x00, 0x00, 0x00, 0xF0, 0x00, 0x1F, 0x80,
    0x01, 0xF8, 0x00, 0x1F, 0x80, 0x03, 0xFC, 0x00, 0x3F, 0xC0, 0x03, 0xBC, 0x00, 0x79, 0xE0, 0x07,
    0x9E, 0x00, 0xF1, 0xF0, 0x0F, 0x0F, 0x00, 0xF0, 0xF0, 0x1E, 0x07, 0x81, 0xFF, 0xF8, 0x1F, 0xFF,
    0x83, 0xFF, 0xFC, 0x3C, 0x03, 0xC7, 0x80, 0x3E, 0x78, 0x01, 0xE7, 0x80, 0x1E, 0xF0, 0x00, 0xF0,
    0x00, 0x00, 0x00, 0x00, 0x00, 0x0F, 0x00, 0x00, 0xF0, 0x00, 0x0F, 0x00, 0x00, 0xF0, 0x00, 0x1C,
    0x38, 0x1C, 0x38, 0x1E, 0x78, 0x0F, 0xF0, 0x07, 0xE0, 0x03, 0xC0, 0x00, 0x00, 0x0F, 0xCE, 0x3F,
    0xFE, 0x7F, 0xFE, 0x7C, 0x7E, 0xF8, 0x3E, 0xF0, 0x1E, 0xF0, 0x1E, 0xE0, 0x0E, 0xE0, 0x0E, 0xF0,
    0x1E, 0xF0, 0x1E, 0xF8, 0x3E, 0x7C, 0x7E, 0x7F, 0xFE, 0x3F, 0xEE, 0x0F, 0xCE, 0x00, 0x00, 0x00,
    0x00, 0x03, 0xC0, 0x03, 0xC0, 0x03, 0xC0, 0x03, 0xC0, 0xFF, 0xFF, 0xFF, 0xFF, 0xFF, 0xC0, 0x0E,
    0x00, 0x70, 0x03, 0x80, 0x1C, 0x00, 0xE0, 0x07, 0xFF, 0xBF, 0xFD, 0xFF, 0xEE, 0x00, 0x70, 0x03,
    0x80, 0x1C, 0x00, 0xE0, 0x07, 0x00, 0x3F, 0xFF, 0xFF, 0xFF, 0xFF, 0x80, 0x00, 0x00, 0x01, 0xE0,
    0x0F, 0x00, 0x78, 0x03, 0xC0, 0x0F, 0xE0, 0x3F, 0xF0, 0xFF, 0xF3, 0xE1, 0xEF, 0x01, 0xFE, 0x03,
    0xFF, 0xFF, 0xFF, 0xFF, 0xFF, 0xFF, 0xE0, 0x03, 0xC0, 0x07, 0xC0, 0x47, 0xE1, 0xC7, 0xFF, 0xC7,
    0xFF, 0x07, 0xF8, 0x00, 0x00, 0x00, 0x00, 0x0F, 0x00, 0x1E, 0x00, 0x3C, 0x00, 0x78, 0x00, 0x00,
    0x00, 0x7C, 0x03, 0xF0, 0x13, 0x80, 0x78, 0x03, 0x80, 0x08, 0x00, 0x00, 0xFF, 0xFF, 0xFF, 0xFF,
    0xFF, 0xC0, 0x0E, 0x00, 0x70, 0x03, 0x80, 0x1C, 0x00, 0xE0, 0x07, 0xFF, 0xBF, 0xFD, 0xFF, 0xEE,
    0x00, 0x70, 0x03, 0x80, 0x1C, 0x00, 0xE0, 0x07, 0x00, 0x3F, 0xFF, 0xFF, 0xFF, 0xFF, 0x80, 0x07,
    0xC0, 0x0F, 0xC0, 0x1B, 0x80, 0x0F, 0x00, 0x1C, 0x00, 0x30, 0x00, 0x00, 0x00, 0x00, 0x0F, 0xE0,
    0x3F, 0xF0, 0xFF, 0xF3, 0xE1, 0xEF, 0x01, 0xFE, 0x01, 0xFF, 0xFF, 0xFF, 0xFF, 0xFF, 0xFF, 0xE0,
    0x03, 0xC0, 0x07, 0xC0, 0x47, 0xE3, 0xC7, 0xFF, 0xC7, 0xFF, 0x07, 0xF8, 0x1E, 0x71, 0xFF, 0x9F,
    0xFC, 0xEF, 0xC0, 0x00, 0x00, 0x03, 0xFF, 0xFF, 0xFF, 0xFF, 0xFF, 0x00, 0x38, 0x01, 0xC0, 0x0E,
    0x00, 0x70, 0x03, 0x80, 0x1F, 0xFE, 0xFF, 0xF7, 0xFF, 0xB8, 0x01, 0xC0, 0x0E, 0x00, 0x70, 0x03,
    0x80, 0x1C, 0x00, 0xFF, 0xFF, 0xFF, 0xFF, 0xFE, 0x02, 0x00, 0x1F, 0x70, 0x7F, 0xE0, 0xEF, 0x80,
    0x04, 0x00, 0x00, 0x00, 0x00, 0x07, 0xF0, 0x1F, 0xF8, 0x7F, 0xF9, 0xF0, 0xF7, 0x80, 0xFF, 0x00,
    0xFF, 0xFF, 0xFF, 0xFF, 0xFF, 0xFF, 0xF0, 0x01, 0xE0, 0x03, 0xE0, 0x23, 0xF1, 0xE3, 0xFF, 0xE3,
    0xFF, 0x83, 0xFC, 0x00, 0x00, 0x00, 0x00, 0x18, 0x00, 0x78, 0x00, 0xF0, 0x03, 0xC0, 0xE7, 0x03,
    0xF0, 0x1F, 0xF0, 0x3C, 0xF0, 0x20, 0x40, 0x00, 0x07, 0xFF, 0xCF, 0xFF, 0x9F, 0xFF, 0x38, 0x00,
    0x70, 0x00, 0xE0, 0x01, 0xC0, 0x03, 0x80, 0x07, 0x00, 0x0F, 0xFF, 0x1F, 0xFE, 0x3F, 0xFC, 0x70,
    0x00, 0xE0, 0x01, 0xC0, 0x03, 0x80, 0x07, 0x00, 0x0E, 0x00, 0x1F, 0xFF, 0x3F, 0xFE, 0x7F, 0xFC,
    0x00, 0x00, 0x00, 0x03, 0x00, 0x03, 0xC0, 0x01, 0xE0, 0x01, 0xE0, 0x00, 0xE0, 0x0F, 0x00, 0x0F,
    0xC0, 0x0F, 0xF0, 0x0F, 0x3C, 0x03, 0x0C, 0x00, 0x00, 0x00, 0x00, 0x00, 0x7F, 0x00, 0x7F, 0xE0,
    0x7F, 0xF8, 0x7C, 0x3C, 0x78, 0x0F, 0x3C, 0x03, 0x9F, 0xFF, 0xCF, 0xFF, 0xE7, 0xFF, 0xF3, 0xC0,
    0x01, 0xE0, 0x00, 0xF8, 0x08, 0x3F, 0x1E, 0x0F, 0xFF, 0x83, 0xFF, 0x80, 0xFF, 0x00, 0x00, 0x00,
    0x01, 0x80, 0x0F, 0x00, 0x3E, 0x00, 0x78, 0x1C, 0xE0, 0xFC, 0x0F, 0xF8, 0x3C, 0xF0, 0x40, 0x80,
    0x00, 0x3F, 0xFE, 0xFF, 0xFB, 0xFF, 0xEE, 0x00, 0x38, 0x00, 0xE0, 0x03, 0x80, 0x0E, 0x00, 0x38,
    0x00, 0xFF, 0xF3, 0xFF, 0xCF, 0xFF, 0x38, 0x00, 0xE0, 0x03, 0x80, 0x0E, 0x00, 0x38, 0x00, 0xE0,
    0x03, 0xFF, 0xEF, 0xFF, 0xBF, 0xFE, 0x00, 0x00, 0x00, 0x60, 0x01, 0xE0, 0x03, 0xC0, 0x03, 0xC0,
    0x03, 0x80, 0xF0, 0x03, 0xF0, 0x0F, 0xF0, 0x3C, 0xF0, 0x30, 0xC0, 0x00, 0x00, 0x00, 0x01, 0xFC,
    0x07, 0xFE, 0x1F, 0xFE, 0x7C, 0x3D, 0xE0, 0x3F, 0xC0, 0x3F, 0xFF, 0xFF, 0xFF, 0xFF, 0xFF, 0xFC,
    0x00, 0x78, 0x00, 0xF8, 0x08, 0xFC, 0x78, 0xFF, 0xF8, 0xFF, 0xE0, 0xFF, 0x00, 0x00, 0x00, 0x03,
    0xF0, 0x0F, 0xC0, 0x37, 0x00, 0x3C, 0x1C, 0xE0, 0xFB, 0x07, 0xF8, 0x3D, 0xF0, 0x41, 0x80, 0x00,
    0x3F, 0xFE, 0xFF, 0xFB, 0xFF, 0xEE, 0x00, 0x38, 0x00, 0xE0, 0x03, 0x80, 0x0E, 0x00, 0x38, 0x00,
    0xFF, 0xF3, 0xFF, 0xCF, 0xFF, 0x38, 0x00, 0xE0, 0x03, 0x80, 0x0E, 0x00, 0x38, 0x00, 0xE0, 0x03,
    0xFF, 0xEF, 0xFF, 0xBF, 0xFE, 0x00, 0x3E, 0x00, 0x3F, 0x00, 0x37, 0x00, 0x0F, 0x00, 0x0E, 0x03,
    0xCC, 0x07, 0xE0, 0x0F, 0xF0, 0x1E, 0xF8, 0x0C, 0x30, 0x00, 0x00, 0x00, 0x00, 0x0F, 0xE0, 0x1F,
    0xF8, 0x3F, 0xFC, 0x7C, 0x3C, 0xF0, 0x1E, 0xF0, 0x0E, 0xFF, 0xFE, 0xFF, 0xFE, 0xFF, 0xFE, 0xF0,
    0x00, 0xF0, 0x00, 0xF8, 0x08, 0x7E, 0x3C, 0x3F, 0xFE, 0x1F, 0xFC, 0x0F, 0xF0, 0x1E, 0x71, 0xFF,
    0x8F, 0xF8, 0x77, 0xC0, 0x00, 0x03, 0x80, 0x3F, 0x07, 0xFC, 0x3C, 0xF0, 0x81, 0x00, 0x01, 0xFF,
    0xFF, 0xFF, 0xFF, 0xFF, 0x80, 0x1C, 0x00, 0xE0, 0x07, 0x00, 0x38, 0x01, 0xC0, 0x0F, 0xFF, 0x7F,
    0xFB, 0xFF, 0xDC, 0x00, 0xE0, 0x07, 0x00, 0x38, 0x01, 0xC0, 0x0E, 0x00, 0x7F, 0xFF, 0xFF, 0xFF,
    0xFF, 0x0F, 0xB8, 0x3F, 0xF0, 0x7F, 0xE0, 0xE7, 0x80, 0x00, 0x00, 0x78, 0x01, 0xF8, 0x07, 0xF8,
    0x1F, 0xF8, 0x38, 0x60, 0x00, 0x00, 0x00, 0x00, 0xFE, 0x03, 0xFF, 0x0F, 0xFF, 0x3E, 0x1E, 0xF0,
    0x1F, 0xE0, 0x1F, 0xFF, 0xFF, 0xFF, 0xFF, 0xFF, 0xFE, 0x00, 0x3C, 0x00, 0x7C, 0x04, 0x7E, 0x3C,
    0x7F, 0xFC, 0x7F, 0xF0, 0x7F, 0x80, 0x07, 0x00, 0x7E, 0x0F, 0xF8, 0x79, 0xE1, 0x02, 0x00, 0x03,
    0xFF, 0xFF, 0xFF, 0xFF, 0xFF, 0x00, 0x38, 0x01, 0xC0, 0x0E, 0x00, 0x70, 0x03, 0x80, 0x1F, 0xFE,
    0xFF, 0xF7, 0xFF, 0xB8, 0x01, 0xC0, 0x0E, 0x00, 0x70, 0x03, 0x80, 0x1C, 0x00, 0xFF, 0xFF, 0xFF,
    0xFF, 0xFE, 0x00, 0x00, 0x00, 0x07, 0x80, 0x3C, 0x01, 0xE0, 0x0F, 0x00, 0x03, 0xC0, 0x0F, 0xC0,
    0x3F, 0xC0, 0xF7, 0xC0, 0x83, 0x00, 0x00, 0x00, 0x00, 0x07, 0xF0, 0x1F, 0xF8, 0x7F, 0xF9, 0xF0,
    0xF7, 0x80, 0xFF, 0x01, 0xFF, 0xFF, 0xFF, 0xFF, 0xFF, 0xFF, 0xF0, 0x01, 0xE0, 0x03, 0xE0, 0x23,
    0xF0, 0xE3, 0xFF, 0xE3, 0xFF, 0x83, 0xFC, 0x00, 0x00, 0x00, 0x00, 0x07, 0x80, 0x0F, 0x00, 0x1E,
    0x00, 0x3C, 0x00, 0x00, 0x0F, 0x83, 0xF0, 0x9C, 0x1E, 0x07, 0x01, 0x80, 0x00, 0xFF, 0xFF, 0xFF,
    0xFC, 0x70, 0x1C, 0x07, 0x01, 0xC0, 0x70, 0x1C, 0x07, 0x01, 0xC0, 0x70, 0x1C, 0x07, 0x01, 0xC0,
    0x70, 0x1C, 0x07, 0x0F, 0xFF, 0xFF, 0xFF, 0xC0, 0xFD, 0xFD, 0xF8, 0xF3, 0x87, 0x00, 0x00, 0x38,
    0x70, 0xE1, 0xC3, 0x87, 0x0E, 0x1C, 0x38, 0x70, 0xE1, 0xC3, 0x87, 0x0E, 0x1C, 0xFF, 0xFF, 0xFF,
    0xFC, 0x70, 0x1C, 0x07, 0x01, 0xC0, 0x70, 0x1C, 0x07, 0x01, 0xC0, 0x70, 0x1C, 0x07, 0x01, 0xC0,
    0x70, 0x1C, 0x07, 0x0F, 0xFF, 0xFF, 0xFF, 0xC0, 0x00, 0x00, 0x78, 0x1E, 0x07, 0x81, 0xE0, 0xFF,
    0xFF, 0x00, 0x07, 0x77, 0x77, 0x77, 0x77, 0x77, 0x77, 0x77, 0x70, 0x0F, 0xFF, 0xF0, 0x03, 0xFC,
    0x00, 0xFF, 0xF0, 0x1F, 0xFF, 0x83, 0xF0, 0xFC, 0x7C, 0x03, 0xE7, 0x80, 0x1E, 0xF0, 0x00, 0xFF,
    0x00, 0x0F, 0xF0, 0x00, 0xFE, 0x00, 0x07, 0xE0, 0x00, 0x7E, 0x00, 0x07, 0xF0, 0x00, 0xFF, 0x00,
    0x0F, 0xF0, 0x00, 0xF7, 0x80, 0x1E, 0x7C, 0x03, 0xE3, 0xF0, 0xFC, 0x1F, 0xFF, 0x80, 0xFF, 0xF0,
    0x03, 0xFC, 0x00, 0x00, 0x00, 0x00, 0x00, 0x00, 0x0F, 0x00, 0x00, 0xF0, 0x00, 0x0F, 0x00, 0x00,
    0xF0, 0x00, 0x0F, 0xF0, 0x1F, 0xF8, 0x3F, 0xFC, 0x7C, 0x3E, 0xF8, 0x1F, 0xF0, 0x0F, 0xF0, 0x0F,
    0xE0, 0x07, 0xE0, 0x07, 0xF0, 0x0F, 0xF0, 0x0F, 0xF8, 0x1F, 0x7C, 0x3E, 0x3F, 0xFC, 0x1F, 0xF8,
    0x0F, 0xF0, 0x00, 0x00, 0x00, 0x00, 0x03, 0xC0, 0x03, 0xC0, 0x03, 0xC0, 0x03, 0xC0, 0x01, 0xF0,
    0x00, 0x1F, 0x80, 0x01, 0xB8, 0x00, 0x07, 0x80, 0x00, 0x70, 0x00, 0x06, 0x00, 0x00, 0x40, 0x00,
    0x00, 0x00, 0x03, 0xFC, 0x00, 0xFF, 0xF0, 0x1F, 0xFF, 0x83, 0xF0, 0xFC, 0x7C, 0x03, 0xE7, 0x80,
    0x1E, 0xF0, 0x00, 0xFF, 0x00, 0x0F, 0xF0, 0x00, 0xFE, 0x00, 0x07, 0xE0, 0x00, 0x7E, 0x00, 0x07,
    0xF0, 0x00, 0xFF, 0x00, 0x0F, 0xF0, 0x00, 0xF7, 0x80, 0x1E, 0x7C, 0x03, 0xE3, 0xF0, 0xFC, 0x1F,
    0xFF, 0x80, 0xFF, 0xF0, 0x03, 0xFC, 0x00, 0x07, 0xC0, 0x07, 0xE0, 0x06, 0xE0, 0x01, 0xE0, 0x01,
    0xC0, 0x01, 0x80, 0x00, 0x00, 0x00, 0x00, 0x0F, 0xF0, 0x1F, 0xF8, 0x3F, 0xFC, 0x7C, 0x3E, 0xF8,
    0x1F, 0xF0, 0x0F, 0xF0, 0x0F, 0xE0, 0x07, 0xE0, 0x07, 0xF0, 0x0F, 0xF0, 0x0F, 0xF8, 0x1F, 0x7C,
    0x3E, 0x3F, 0xFC, 0x1F, 0xF8, 0x0F, 0xF0, 0x00, 0x01, 0x80, 0x00, 0x1C, 0x00, 0x03, 0xC0, 0x00,
    0x38, 0x00, 0x07, 0x00, 0x0F, 0x30, 0x01, 0xF8, 0x00, 0x3F, 0xC0, 0x07, 0x9E, 0x00, 0x20, 0x40,
    0x00, 0x00, 0x00, 0x3F, 0xC0, 0x0F, 0xFF, 0x01, 0xFF, 0xF8, 0x3F, 0x0F, 0xC7, 0xC0, 0x3E, 0x78,
    0x01, 0xEF, 0x00, 0x0F, 0xF0, 0x00, 0xFF, 0x00, 0x0F, 0xE0, 0x00, 0x7E, 0x00, 0x07, 0xE0, 0x00,
    0x7F, 0x00, 0x0F, 0xF0, 0x00, 0xFF, 0x00, 0x0F, 0x78, 0x01, 0xE7, 0xC0, 0x3E, 0x3F, 0x0F, 0xC1,
    0xFF, 0xF8, 0x0F, 0xFF, 0x00, 0x3F, 0xC0, 0x00, 0x00, 0x00, 0x03, 0x80, 0x01, 0xE0, 0x01, 0xE0,
    0x01, 0xE0, 0x00, 0xE0, 0x0F, 0x00, 0x0F, 0xC0, 0x0F, 0xF0, 0x0F, 0x3C, 0x03, 0x0E, 0x00, 0x00,
    0x00, 0x00, 0x00, 0x7F, 0x80, 0x7F, 0xE0, 0x7F, 0xF8, 0x7C, 0x3E, 0x7C, 0x0F, 0xBC, 0x03, 0xDE,
    0x01, 0xEE, 0x00, 0x77, 0x00, 0x3B, 0xC0, 0x3D, 0xE0, 0x1E, 0xF8, 0x1F, 0x3E, 0x1F, 0x0F, 0xFF,
    0x03, 0xFF, 0x00, 0xFF, 0x00, 0x00, 0x04, 0x00, 0x00, 0xE0, 0x00, 0x1F, 0x00, 0x00, 0xF0, 0x00,
    0x07, 0x80, 0x0F, 0x30, 0x01, 0xF8, 0x00, 0x3F, 0xC0, 0x07, 0x9E, 0x00, 0x20, 0x40, 0x00, 0x00,
    0x00, 0x3F, 0xC0, 0x0F, 0xFF, 0x01, 0xFF, 0xF8, 0x3F, 0x0F, 0xC7, 0xC0, 0x3E, 0x78, 0x01, 0xEF,
    0x00, 0x0F, 0xF0, 0x00, 0xFF, 0x00, 0x0F, 0xE0, 0x00, 0x7E, 0x00, 0x07, 0xE0, 0x00, 0x7F, 0x00,
    0x0F, 0xF0, 0x00, 0xFF, 0x00, 0x0F, 0x78, 0x01, 0xE7, 0xC0, 0x3E, 0x3F, 0x0F, 0xC1, 0xFF, 0xF8,
    0x0F, 0xFF, 0x00, 0x3F, 0xC0, 0x00, 0x00, 0x00, 0x30, 0x00, 0x78, 0x00, 0x7C, 0x00, 0x3C, 0x00,
    0x1C, 0x03, 0xC0, 0x07, 0xE0, 0x0F, 0xF0, 0x1E, 0x78, 0x0C, 0x38, 0x00, 0x00, 0x00, 0x00, 0x0F,
    0xF0, 0x1F, 0xF8, 0x3F, 0xFC, 0x7C, 0x3E, 0xF8, 0x1F, 0xF0, 0x0F, 0xF0, 0x0F, 0xE0, 0x07, 0xE0,
    0x07, 0xF0, 0x0F, 0xF0, 0x0F, 0xF8, 0x1F, 0x7C, 0x3E, 0x3F, 0xFC, 0x1F, 0xF8, 0x0F, 0xF0, 0x00,
    0x0F, 0x80, 0x00, 0xFC, 0x00, 0x0D, 0xC0, 0x00, 0x3C, 0x00, 0x07, 0x80, 0x0F, 0x70, 0x01, 0xF8,
    0x00, 0x3F, 0xC0, 0x07, 0x9E, 0x00, 0x20, 0x40, 0x00, 0x00, 0x00, 0x3F, 0xC0, 0x0F, 0xFF, 0x01,
    0xFF, 0xF8, 0x3F, 0x0F, 0xC7, 0xC0, 0x3E, 0x78, 0x01, 0xEF, 0x00, 0x0F, 0xF0, 0x00, 0xFF, 0x00,
    0x0F, 0xE0, 0x00, 0x7E, 0x00, 0x07, 0xE0, 0x00, 0x7F, 0x00, 0x0F, 0xF0, 0x00, 0xFF, 0x00, 0x0F,
    0x78, 0x01, 0xE7, 0xC0, 0x3E, 0x3F, 0x0F, 0xC1, 0xFF, 0xF8, 0x0F, 0xFF, 0x00, 0x3F, 0xC0, 0x00,
    0x3F, 0x00, 0x3F, 0x00, 0x37, 0x00, 0x0F, 0x00, 0x0E, 0x03, 0xCC, 0x07, 0xE0, 0x0F, 0xF0, 0x1E,
    0x78, 0x1C, 0x38, 0x00, 0x00, 0x00, 0x00, 0x0F, 0xF0, 0x1F, 0xF8, 0x3F, 0xFC, 0x7C, 0x3E, 0xF8,
    0x1F, 0xF0, 0x0F, 0xF0, 0x0F, 0xE0, 0x07, 0xE0, 0x07, 0xF0, 0x0F, 0xF0, 0x0F, 0xF8, 0x1F, 0x7C,
    0x3E, 0x3F, 0xFC, 0x1F, 0xF8, 0x0F, 0xF0, 0x03, 0xEE, 0x00, 0x7F, 0xE0, 0x07, 0xFE, 0x00, 0x77,
    0xC0, 0x00, 0x00, 0x00, 0x0F, 0x00, 0x01, 0xF8, 0x00, 0x3F, 0xC0, 0x07, 0xBE, 0x00, 0x20, 0x40,
    0x00, 0x00, 0x00, 0x3F, 0xC0, 0x0F, 0xFF, 0x01, 0xFF, 0xF8, 0x3F, 0x0F, 0xC7, 0xC0, 0x3E, 0x78,
    0x01, 0xEF, 0x00, 0x0F, 0xF0, 0x00, 0xFF, 0x00, 0x0F, 0xE0, 0x00, 0x7E, 0x00, 0x07, 0xE0, 0x00,
    0x7F, 0x00, 0x0F, 0xF0, 0x00, 0xFF, 0x00, 0x0F, 0x78, 0x01, 0xE7, 0xC0, 0x3E, 0x3F, 0x0F, 0xC1,
    0xFF, 0xF8, 0x0F, 0xFF, 0x00, 0x3F, 0xC0, 0x0F, 0xB8, 0x1F, 0xF8, 0x1F, 0xF8, 0x1C, 0xF0, 0x00,
    0x00, 0x03, 0xC0, 0x07, 0xE0, 0x0F, 0xF0, 0x1F, 0xF8, 0x1C, 0x38, 0x00, 0x00, 0x00, 0x00, 0x0F,
    0xF0, 0x1F, 0xF8, 0x3F, 0xFC, 0x7C, 0x3E, 0xF8, 0x1F, 0xF0, 0x0F, 0xF0, 0x0F, 0xE0, 0x07, 0xE0,
    0x07, 0xF0, 0x0F, 0xF0, 0x0F, 0xF8, 0x1F, 0x7C, 0x3E, 0x3F, 0xFC, 0x1F, 0xF8, 0x0F, 0xF0, 0x00,
    0xF0, 0x00, 0x1F, 0x80, 0x03, 0xFC, 0x00, 0x79, 0xE0, 0x02, 0x04, 0x00, 0x00, 0x00, 0x03, 0xFC,
    0x00, 0xFF, 0xF0, 0x1F, 0xFF, 0x83, 0xF0, 0xFC, 0x7C, 0x03, 0xE7, 0x80, 0x1E, 0xF0, 0x00, 0xFF,
    0x00, 0x0F, 0xF0, 0x00, 0xFE, 0x00, 0x07, 0xE0, 0x00, 0x7E, 0x00, 0x07, 0xF0, 0x00, 0xFF, 0x00,
    0x0F, 0xF0, 0x00, 0xF7, 0x80, 0x1E, 0x7C, 0x03, 0xE3, 0xF0, 0xFC, 0x1F, 0xFF, 0x80, 0xFF, 0xF0,
    0x03, 0xFC, 0x00, 0x00, 0x00, 0x00, 0x00, 0x00, 0x0F, 0x00, 0x00, 0xF0, 0x00, 0x0F, 0x00, 0x00,
    0xF0, 0x00, 0x03, 0xC0, 0x07, 0xE0, 0x0F, 0xF0, 0x1E, 0x78, 0x0C, 0x38, 0x00, 0x00, 0x00, 0x00,
    0x0F, 0xF0, 0x1F, 0xF8, 0x3F, 0xFC, 0x7C, 0x3E, 0xF8, 0x1F, 0xF0, 0x0F, 0xF0, 0x0F, 0xE0, 0x07,
    0xE0, 0x07, 0xF0, 0x0F, 0xF0, 0x0F, 0xF8, 0x1F, 0x7C, 0x3E, 0x3F, 0xFC, 0x1F, 0xF8, 0x0F, 0xF0,
    0x00, 0x00, 0x00, 0x00, 0x03, 0xC0, 0x03, 0xC0, 0x03, 0xC0, 0x03, 0xC0, 0x00, 0x18, 0x00, 0x03,
    0x80, 0x00, 0xFC, 0x00, 0x1F, 0x8E, 0x01, 0xE0, 0xE0, 0x00, 0x1E, 0x00, 0x03, 0xE0, 0x3F, 0xFC,
    0x0F, 0xFF, 0x81, 0xFF, 0xF8, 0x3F, 0x0F, 0xC7, 0xC0, 0x3E, 0x78, 0x01, 0xEF, 0x00, 0x0F, 0xF0,
    0x00, 0xFF, 0x00, 0x0F, 0xE0, 0x00, 0x7E, 0x00, 0x07, 0xE0, 0x00, 0x7F, 0x00, 0x0F, 0xF0, 0x00,
    0xFF, 0x00, 0x0F, 0x78, 0x01, 0xE7, 0xC0, 0x3E, 0x3F, 0x0F, 0xC1, 0xFF, 0xF8, 0x0F, 0xFF, 0x00,
    0x3F, 0xC0, 0x00, 0x80, 0x03, 0x80, 0x0F, 0x80, 0x3E, 0x00, 0x70, 0x60, 0x81, 0xC0, 0x03, 0x80,
    0x0F, 0x0F, 0xFC, 0x3F, 0xF8, 0xFF, 0xF3, 0xE3, 0xEF, 0x83, 0xFE, 0x03, 0xFC, 0x07, 0xF0, 0x07,
    0xE0, 0x0F, 0xE0, 0x3F, 0xC0, 0x7F, 0xC1, 0xF7, 0xC7, 0xCF, 0xFF, 0x0F, 0xFE, 0x07, 0xF0, 0x01,
    0x00, 0x00, 0x1C, 0x00, 0x03, 0xF0, 0x00, 0x3F, 0x8E, 0x00, 0x78, 0xE0, 0x00, 0x1E, 0x00, 0x03,
    0xE0, 0x3F, 0xFC, 0x0F, 0xFF, 0x81, 0xFF, 0xF8, 0x3F, 0x0F, 0xC7, 0xC0, 0x3E, 0x78, 0x01, 0xEF,
    0x00, 0x0F, 0xF0, 0x00, 0xFF, 0x00, 0x0F, 0xE0, 0x00, 0x7E, 0x00, 0x07, 0xE0, 0x00, 0x7F, 0x00,
    0x0F, 0xF0, 0x00, 0xFF, 0x00, 0x0F, 0x78, 0x01, 0xE7, 0xC0, 0x3E, 0x3F, 0x0F, 0xC1, 0xFF, 0xF8,
    0x0F, 0xFF, 0x00, 0x3F, 0xC0, 0x06, 0x00, 0x0E, 0x00, 0x3E, 0x00, 0x3E, 0x00, 0x1C, 0x60, 0x11,
    0xC0, 0x03, 0x80, 0x0F, 0x0F, 0xFC, 0x3F, 0xF8, 0xFF, 0xF3, 0xE3, 0xEF, 0x83, 0xFE, 0x03, 0xFC,
    0x07, 0xF0, 0x07, 0xE0, 0x0F, 0xE0, 0x3F, 0xC0, 0x7F, 0xC1, 0xF7, 0xC7, 0xCF, 0xFF, 0x0F, 0xFE,
    0x07, 0xF0, 0x01, 0xF0, 0x00, 0x1F, 0x80, 0x01, 0xB8, 0x00, 0x07, 0x80, 0x00, 0xF0, 0xE0, 0x0E,
    0x0E, 0x00, 0x41, 0xE0, 0x00, 0x3E, 0x03, 0xFF, 0xC0, 0xFF, 0xF8, 0x1F, 0xFF, 0x83, 0xF0, 0xFC,
    0x7C, 0x03, 0xE7, 0x80, 0x1E, 0xF0, 0x00, 0xFF, 0x00, 0x0F, 0xF0, 0x00, 0xFE, 0x00, 0x07, 0xE0,
    0x00, 0x7E, 0x00, 0x07, 0xF0, 0x00, 0xFF, 0x00, 0x0F, 0xF0, 0x00, 0xF7, 0x80, 0x1E, 0x7C, 0x03,
    0xE3, 0xF0, 0xFC, 0x1F, 0xFF, 0x80, 0xFF, 0xF0, 0x03, 0xFC, 0x00, 0x07, 0xC0, 0x0F, 0x80, 0x1B,
    0x80, 0x0E, 0x00, 0x3C, 0x60, 0x71, 0xC0, 0x03, 0x80, 0x0F, 0x0F, 0xFC, 0x3F, 0xF8, 0xFF, 0xF3,
    0xE3, 0xEF, 0x83, 0xFE, 0x03, 0xFC, 0x07, 0xF0, 0x07, 0xE0, 0x0F, 0xE0, 0x3F, 0xC0, 0x7F, 0xC1,
    0xF7, 0xC7, 0xCF, 0xFF, 0x0F, 0xFE, 0x07, 0xF0, 0x03, 0xCE, 0x00, 0x7F, 0xE0, 0x07, 0xFE, 0xE0,
    0xEF, 0xCE, 0x00, 0x01, 0xE0, 0x00, 0x3E, 0x03, 0xFF, 0xC0, 0xFF, 0xF8, 0x1F, 0xFF, 0x83, 0xF0,
    0xFC, 0x7C, 0x03, 0xE7, 0x80, 0x1E, 0xF0, 0x00, 0xFF, 0x00, 0x0F, 0xF0, 0x00, 0xFE, 0x00, 0x07,
    0xE0, 0x00, 0x7E, 0x00, 0x07, 0xF0, 0x00, 0xFF, 0x00, 0x0F, 0xF0, 0x00, 0xF7, 0x80, 0x1E, 0x7C,
    0x03, 0xE3, 0xF0, 0xFC, 0x1F, 0xFF, 0x80, 0xFF, 0xF0, 0x03, 0xFC, 0x00, 0x02, 0x00, 0x1F, 0x70,
    0x7F, 0xE0, 0xEF, 0xB0, 0x04, 0xE0, 0x01, 0xC0, 0x07, 0x87, 0xFF, 0x1F, 0xFC, 0x7F, 0xF9, 0xF0,
    0xFF, 0xC0, 0xFF, 0x00, 0xFE, 0x01, 0xF8, 0x03, 0xF0, 0x07, 0xF0, 0x0F, 0xE0, 0x1F, 0xE0, 0x7B,
    0xE1, 0xE7, 0xFF, 0x87, 0xFF, 0x03, 0xF8, 0x00, 0x00, 0x00, 0xE0, 0x00, 0x0E, 0x00, 0x01, 0xE0,
    0x00, 0x3E, 0x03, 0xFF, 0xC0, 0xFF, 0xF8, 0x1F, 0xFF, 0x83, 0xF0, 0xFC, 0x7C, 0x03, 0xE7, 0x80,
    0x1E, 0xF0, 0x00, 0xFF, 0x00, 0x0F, 0xF0, 0x00, 0xFE, 0x00, 0x07, 0xE0, 0x00, 0x7E, 0x00, 0x07,
    0xF0, 0x00, 0xFF, 0x00, 0x0F, 0xF0, 0x00, 0xF7, 0x80, 0x1E, 0x7C, 0x03, 0xE3, 0xF0, 0xFC, 0x1F,
    0xFF, 0x80, 0xFF, 0xF0, 0x03, 0xFC, 0x00, 0x00, 0x00, 0x00, 0x00, 0x00, 0x0F, 0x00, 0x00, 0xF0,
    0x00, 0x0F, 0x00, 0x00, 0xF0, 0x00, 0x00, 0x0E, 0x00, 0x1C, 0x00, 0x78, 0x7F, 0xF1, 0xFF, 0xC7,
    0xFF, 0x9F, 0x1F, 0x7C, 0x1F, 0xF0, 0x1F, 0xE0, 0x3F, 0x80, 0x3F, 0x00, 0x7F, 0x01, 0xFE, 0x03,
    0xFE, 0x0F, 0xBE, 0x3E, 0x7F, 0xF8, 0x7F, 0xF0, 0x3F, 0x80, 0x00, 0x00, 0x00, 0x00, 0x78, 0x00,
    0xF0, 0x01, 0xE0, 0x03, 0xC0, 0xE0, 0x07, 0x70, 0x03, 0xB8, 0x01, 0xDC, 0x00, 0xEE, 0x00, 0x77,
    0x00, 0x3B, 0x80, 0x1D, 0xC0, 0x0E, 0xE0, 0x07, 0x70, 0x03, 0xB8, 0x01, 0xDC, 0x00, 0xEE, 0x00,
    0x77, 0x00, 0x3B, 0xC0, 0x3D, 0xE0, 0x1E, 0xF8, 0x1F, 0x3E, 0x1F, 0x0F, 0xFF, 0x03, 0xFF, 0x00,
    0xFF, 0x00, 0x00, 0x00, 0x00, 0x00, 0x07, 0x80, 0x03, 0xC0, 0x01, 0xE0, 0x00, 0xF0, 0x00, 0xE0,
    0x3B, 0x80, 0xEE, 0x03, 0xB8, 0x0E, 0xE0, 0x3B, 0x80, 0xEE, 0x03, 0xB8, 0x0E, 0xE0, 0x3B, 0x80,
    0xEF, 0x07, 0xBC, 0x1E, 0xF8, 0xFB, 0xFF, 0xE7, 0xFB, 0x8F, 0xCE, 0x00, 0x00, 0x00, 0x00, 0x78,
    0x01, 0xE0, 0x07, 0x80, 0x1E, 0x00, 0x07, 0xC0, 0x03, 0xF0, 0x01, 0xB8, 0x00, 0x3C, 0x00, 0x1C,
    0x00, 0x0C, 0x00, 0x00, 0x00, 0x00, 0x00, 0xE0, 0x07, 0x70, 0x03, 0xB8, 0x01, 0xDC, 0x00, 0xEE,
    0x00, 0x77, 0x00, 0x3B, 0x80, 0x1D, 0xC0, 0x0E, 0xE0, 0x07, 0x70, 0x03, 0xB8, 0x01, 0xDC, 0x00,
    0xEE, 0x00, 0x77, 0x00, 0x3B, 0xC0, 0x3D, 0xE0, 0x1E, 0xF8, 0x1F, 0x3E, 0x1F, 0x0F, 0xFF, 0x03,
    0xFF, 0x00, 0xFF, 0x00, 0x0F, 0x80, 0x3E, 0x00, 0xDC, 0x00, 0xE0, 0x07, 0x00, 0x1C, 0x00, 0x00,
    0x00, 0x00, 0xE0, 0x3B, 0x80, 0xEE, 0x03, 0xB8, 0x0E, 0xE0, 0x3B, 0x80, 0xEE, 0x03, 0xB8, 0x0E,
    0xE0, 0x3B, 0x80, 0xEF, 0x07, 0xBC, 0x1E, 0xF8, 0xFB, 0xFF, 0xE7, 0xFB, 0x8F, 0xCE, 0x00, 0x20,
    0x00, 0x0E, 0x00, 0x03, 0xF0, 0x00, 0x7F, 0x07, 0x07, 0x80, 0x70, 0x00, 0x0F, 0x00, 0x01, 0xFE,
    0x00, 0x7E, 0xE0, 0x07, 0xCE, 0x00, 0x70, 0xE0, 0x07, 0x0E, 0x00, 0x70, 0xE0, 0x07, 0x0E, 0x00,
    0x70, 0xE0, 0x07, 0x0E, 0x00, 0x70, 0xE0, 0x07, 0x0E, 0x00, 0x70, 0xE0, 0x07, 0x0E, 0x00, 0x70,
    0xE0, 0x07, 0x0F, 0x00, 0xF0, 0xF0, 0x0F, 0x0F, 0x81, 0xF0, 0x7C, 0x3E, 0x03, 0xFF, 0xC0, 0x1F,
    0xF8, 0x00, 0xFF, 0x00, 0x01, 0x00, 0x03, 0x80, 0x07, 0xC0, 0x0F, 0x80, 0x0E, 0x03, 0x08, 0x07,
    0x00, 0x07, 0x00, 0x1F, 0xE0, 0x3E, 0xE0, 0x3C, 0xE0, 0x38, 0xE0, 0x38, 0xE0, 0x38, 0xE0, 0x38,
    0xE0, 0x38, 0xE0, 0x38, 0xE0, 0x38, 0xE0, 0x38, 0xF0, 0x78, 0xF0, 0x78, 0xF8, 0xF8, 0xFF, 0xF8,
    0x7F, 0xF8, 0x3F, 0x38, 0x06, 0x00, 0x00, 0x70, 0x00, 0x0F, 0xC0, 0x00, 0x7E, 0x07, 0x01, 0xE0,
    0x70, 0x00, 0x0F, 0x00, 0x01, 0xFE, 0x00, 0x7E, 0xE0, 0x07, 0xCE, 0x00, 0x70, 0xE0, 0x07, 0x0E,
    0x00, 0x70, 0xE0, 0x07, 0x0E, 0x00, 0x70, 0xE0, 0x07, 0x0E, 0x00, 0x70, 0xE0, 0x07, 0x0E, 0x00,
    0x70, 0xE0, 0x07, 0x0E, 0x00, 0x70, 0xE0, 0x07, 0x0F, 0x00, 0xF0, 0xF0, 0x0F, 0x0F, 0x81, 0xF0,
    0x7C, 0x3E, 0x03, 0xFF, 0xC0, 0x1F, 0xF8, 0x00, 0xFF, 0x00, 0x0C, 0x00, 0x0E, 0x00, 0x1F, 0x00,
    0x0F, 0x80, 0x03, 0x83, 0x01, 0x07, 0x00, 0x07, 0x00, 0x1F, 0xE0, 0x3E, 0xE0, 0x3C, 0xE0, 0x38,
    0xE0, 0x38, 0xE0, 0x38, 0xE0, 0x38, 0xE0, 0x38, 0xE0, 0x38, 0xE0, 0x38, 0xE0, 0x38, 0xF0, 0x78,
    0xF0, 0x78, 0xF8, 0xF8, 0xFF, 0xF8, 0x7F, 0xF8, 0x3F, 0x38, 0x07, 0xC0, 0x00, 0x7E, 0x00, 0x06,
    0xE0, 0x00, 0x1E, 0x00, 0x01, 0xC0, 0x70, 0x18, 0x0F, 0x00, 0x00, 0xF0, 0x00, 0x1F, 0xE0, 0x07,
    0xEE, 0x00, 0x7C, 0xE0, 0x07, 0x0E, 0x00, 0x70, 0xE0, 0x07, 0x0E, 0x00, 0x70, 0xE0, 0x07, 0x0E,
    0x00, 0x70, 0xE0, 0x07, 0x0E, 0x00, 0x70, 0xE0, 0x07, 0x0E, 0x00, 0x70, 0xE0, 0x07, 0x0E, 0x00,
    0x70, 0xF0, 0x0F, 0x0F, 0x00, 0xF0, 0xF8, 0x1F, 0x07, 0xC3, 0xE0, 0x3F, 0xFC, 0x01, 0xFF, 0x80,
    0x0F, 0xF0, 0x00, 0x0F, 0x80, 0x0F, 0x80, 0x0D, 0xC0, 0x03, 0x80, 0x07, 0x03, 0x07, 0x07, 0x00,
    0x07, 0x00, 0x1F, 0xE0, 0x3E, 0xE0, 0x3C, 0xE0, 0x38, 0xE0, 0x38, 0xE0, 0x38, 0xE0, 0x38, 0xE0,
    0x38, 0xE0, 0x38, 0xE0, 0x38, 0xE0, 0x38, 0xF0, 0x78, 0xF0, 0x78, 0xF8, 0xF8, 0xFF, 0xF8, 0x7F,
    0xF8, 0x3F, 0x38, 0x0F, 0x38, 0x01, 0xFF, 0x80, 0x1F, 0xF8, 0x71, 0xDF, 0x07, 0x00, 0x00, 0xF0,
    0x00, 0x1F, 0xE0, 0x07, 0xEE, 0x00, 0x7C, 0xE0, 0x07, 0x0E, 0x00, 0x70, 0xE0, 0x07, 0x0E, 0x00,
    0x70, 0xE0, 0x07, 0x0E, 0x00, 0x70, 0xE0, 0x07, 0x0E, 0x00, 0x70, 0xE0, 0x07, 0x0E, 0x00, 0x70,
    0xE0, 0x07, 0x0E, 0x00, 0x70, 0xF0, 0x0F, 0x0F, 0x00, 0xF0, 0xF8, 0x1F, 0x07, 0xC3, 0xE0, 0x3F,
    0xFC, 0x01, 0xFF, 0x80, 0x0F, 0xF0, 0x00, 0x00, 0x00, 0x1F, 0xF0, 0x3F, 0xE0, 0x3F, 0xE3, 0x00,
    0x87, 0x00, 0x07, 0x00, 0x1F, 0xE0, 0x3E, 0xE0, 0x3C, 0xE0, 0x38, 0xE0, 0x38, 0xE0, 0x38, 0xE0,
    0x38, 0xE0, 0x38, 0xE0, 0x38, 0xE0, 0x38, 0xE0, 0x38, 0xF0, 0x78, 0xF0, 0x78, 0xF8, 0xF8, 0xFF,
    0xF8, 0x7F, 0xF8, 0x3F, 0x38, 0x00, 0x00, 0x70, 0x00, 0x07, 0x00, 0x00, 0xF0, 0x00, 0x1F, 0xE0,
    0x07, 0xEE, 0x00, 0x7C, 0xE0, 0x07, 0x0E, 0x00, 0x70, 0xE0, 0x07, 0x0E, 0x00, 0x70, 0xE0, 0x07,
    0x0E, 0x00, 0x70, 0xE0, 0x07, 0x0E, 0x00, 0x70, 0xE0, 0x07, 0x0E, 0x00, 0x70, 0xE0, 0x07, 0x0E,
    0x00, 0x70, 0xF0, 0x0F, 0x0F, 0x00, 0xF0, 0xF8, 0x1F, 0x07, 0xC3, 0xE0, 0x3F, 0xFC, 0x01, 0xFF,
    0x80, 0x0F, 0xF0, 0x00, 0x00, 0x00, 0x00, 0x00, 0x00, 0x3C, 0x00, 0x03, 0xC0, 0x00, 0x3C, 0x00,
    0x03, 0xC0, 0x00, 0x00, 0x07, 0x00, 0x07, 0x00, 0x1F, 0xE0, 0x3E, 0xE0, 0x3C, 0xE0, 0x38, 0xE0,
    0x38, 0xE0, 0x38, 0xE0, 0x38, 0xE0, 0x38, 0xE0, 0x38, 0xE0, 0x38, 0xE0, 0x38, 0xF0, 0x78, 0xF0,
    0x78, 0xF8, 0xF8, 0xFF, 0xF8, 0x7F, 0xF8, 0x3F, 0x38, 0x00, 0x00, 0x00, 0x00, 0x07, 0x80, 0x07,
    0x80, 0x07, 0x80, 0x07, 0x80, 0x00, 0x80, 0x00, 0x1C, 0x00, 0x01, 0xF0, 0x00, 0x1F, 0x80, 0x00,
    0x78, 0x00, 0x00, 0x80, 0x00, 0x00, 0x07, 0xC0, 0x1F, 0x3C, 0x01, 0xE3, 0xE0, 0x3C, 0x1F, 0x07,
    0xC0, 0xF0, 0x78, 0x0F, 0x8F, 0x00, 0x7D, 0xF0, 0x03, 0xDE, 0x00, 0x3F, 0xC0, 0x01, 0xFC, 0x00,
    0x0F, 0x80, 0x00, 0xF8, 0x00, 0x07, 0x00, 0x00, 0x70, 0x00, 0x07, 0x00, 0x00, 0x70, 0x00, 0x07,
    0x00, 0x00, 0x70, 0x00, 0x07, 0x00, 0x00, 0x70, 0x00, 0x07, 0x00, 0x03, 0x00, 0x00, 0xE0, 0x00,
    0x7C, 0x00, 0x0F, 0x80, 0x01, 0xE0, 0x00, 0x18, 0x00, 0x00, 0x00, 0x00, 0x00, 0xF0, 0x07, 0x9E,
    0x01, 0xE7, 0x80, 0xF1, 0xF0, 0x3C, 0x3C, 0x0F, 0x0F, 0x87, 0x81, 0xE1, 0xE0, 0x78, 0xF0, 0x0F,
    0x3C, 0x03, 0xCF, 0x00, 0x7F, 0x80, 0x1F, 0xE0, 0x07, 0xF0, 0x00, 0xFC, 0x00, 0x3F, 0x00, 0x07,
    0x80, 0x01, 0xE0, 0x00, 0x70, 0x00, 0x3C, 0x00, 0x0F, 0x00, 0x07, 0x80, 0x01, 0xE0, 0x00, 0x70,
    0x00, 0x78, 0x01, 0xF7, 0xC0, 0x1E, 0x3E, 0x03, 0xC1, 0xE0, 0x7C, 0x1F, 0x07, 0x80, 0xF8, 0xF0,
    0x07, 0x9F, 0x00, 0x3D, 0xE0, 0x03, 0xFC, 0x00, 0x1F, 0xC0, 0x00, 0xF8, 0x00, 0x0F, 0x80, 0x00,
    0x70, 0x00, 0x07, 0x00, 0x00, 0x70, 0x00, 0x07, 0x00, 0x00, 0x70, 0x00, 0x07, 0x00, 0x00, 0x70,
    0x00, 0x07, 0x00, 0x00, 0x70, 0x00, 0x00, 0x00, 0x00, 0x00, 0x00, 0x0F, 0x00, 0x00, 0xF0, 0x00,
    0x0F, 0x00, 0x00, 0xF0, 0x00, 0xF0, 0x07, 0x9E, 0x01, 0xE7, 0x80, 0xF1, 0xF0, 0x3C, 0x3C, 0x0F,
    0x0F, 0x87, 0x81, 0xE1, 0xE0, 0x78, 0xF0, 0x0F, 0x3C, 0x03, 0xCF, 0x00, 0xFF, 0x80, 0x1F, 0xE0,
    0x07, 0xF0, 0x00, 0xFC, 0x00, 0x3F, 0x00, 0x07, 0x80, 0x01, 0xE0, 0x00, 0x70, 0x00, 0x3C, 0xF0,
    0x0F, 0x3C, 0x07, 0x8F, 0x01, 0xE3, 0xC0, 0x70, 0x00, 0x00, 0x00, 0x00, 0x1F, 0x80, 0x01, 0xF8,
    0x00, 0x0B, 0x80, 0x00, 0x78, 0x00, 0x07, 0x00, 0x00, 0x60, 0x00, 0x00, 0x00, 0x7C, 0x01, 0xF3,
    0xC0, 0x1E, 0x3E, 0x03, 0xC1, 0xF0, 0x7C, 0x0F, 0x07, 0x80, 0xF8, 0xF0, 0x07, 0xCF, 0x00, 0x3D,
    0xE0, 0x03, 0xFC, 0x00, 0x1F, 0xC0, 0x00, 0xF8, 0x00, 0x0F, 0x80, 0x00, 0x70, 0x00, 0x07, 0x00,
    0x00, 0x70, 0x00, 0x07, 0x00, 0x00, 0x70, 0x00, 0x07, 0x00, 0x00, 0x70, 0x00, 0x07, 0x00, 0x00,
    0x70, 0x00, 0x03, 0xF0, 0x00, 0xFC, 0x00, 0x37, 0x00, 0x03, 0xC0, 0x00, 0xE0, 0x00, 0x30, 0x00,
    0x00, 0x00, 0x00, 0x00, 0x78, 0x07, 0xDE, 0x01, 0xE7, 0xC0, 0x78, 0xF0, 0x3C, 0x3E, 0x0F, 0x07,
    0x83, 0xC1, 0xE1, 0xE0, 0x3C, 0x78, 0x0F, 0x1C, 0x01, 0xEF, 0x00, 0x7B, 0xC0, 0x1F, 0xE0, 0x03,
    0xF8, 0x00, 0xFC, 0x00, 0x1F, 0x00, 0x07, 0xC0, 0x01, 0xE0, 0x00, 0x78, 0x00, 0x1E, 0x00, 0x0F,
    0x00, 0x03, 0xC0, 0x01, 0xE0, 0x00, 0x78, 0x00, 0x03, 0xC7, 0x00, 0x7F, 0xF0, 0x07, 0xFE, 0x00,
    0x77, 0xE0, 0x00, 0x00, 0x00, 0x00, 0x00, 0x78, 0x01, 0xF7, 0xC0, 0x1E, 0x3E, 0x03, 0xE1, 0xE0,
    0x7C, 0x1F, 0x07, 0x80, 0xF8, 0xF8, 0x07, 0x8F, 0x00, 0x3D, 0xE0, 0x03, 0xFE, 0x00, 0x1F, 0xC0,
    0x00, 0xF8, 0x00, 0x0F, 0x80, 0x00, 0x70, 0x00, 0x07, 0x00, 0x00, 0x70, 0x00, 0x07, 0x00, 0x00,
    0x70, 0x00, 0x07, 0x00, 0x00, 0x70, 0x00, 0x07, 0x00, 0x00, 0x70, 0x00, 0x07, 0x9C, 0x03, 0xF7,
    0x00, 0xFF, 0x80, 0x33, 0xE0, 0x00, 0x20, 0x00, 0x00, 0x00, 0x00, 0x03, 0xC0, 0x1E, 0x78, 0x07,
    0x9E, 0x03, 0xE7, 0xC0, 0xF0, 0xF0, 0x3C, 0x3E, 0x1E, 0x07, 0x87, 0x81, 0xE1, 0xC0, 0x3C, 0xF0,
    0x0F, 0x3C, 0x01, 0xFE, 0x00, 0x7F, 0x80, 0x1F, 0xC0, 0x03, 0xF0, 0x00, 0xFC, 0x00, 0x1E, 0x00,
    0x07, 0x80, 0x01, 0xC0, 0x00, 0xF0, 0x00, 0x3C, 0x00, 0x1E, 0x00, 0x07, 0x80, 0x01, 0xE0, 0x00,
    0xFF, 0xFF, 0xFF, 0xFF, 0xFF, 0xC0, 0x01, 0x8D, 0xB1, 0xC3, 0x8F, 0xBD, 0x98, 0x30, 0x60, 0xC1,
    0x83, 0x06, 0x0C, 0x18, 0x30, 0x60, 0xC1, 0x83, 0x06, 0x00, 0x08, 0x0C, 0x06, 0x7F, 0x4E, 0x4C,
    0x48, 0x40, 0x40, 0x40, 0x40, 0x40, 0x40, 0x40, 0x40, 0x40, 0x40, 0x40, 0x40, 0x40, 0x40, 0x40,
    0x10, 0x61, 0x87, 0xF6, 0x66, 0x44, 0x81, 0x02, 0x04, 0x08, 0x10, 0x20, 0x40, 0x81, 0x02, 0x04,
    0x08, 0x10, 0x20, 0x40, 0xFF, 0xFF, 0xFF, 0xFF, 0xFF, 0xF8, 0xFF, 0xFF, 0xFF, 0xFF, 0xF0, 0xFF,
    0xFF, 0xFF, 0xFF, 0xF0, 0xFF, 0xFF, 0xFF, 0xFF, 0xFF, 0xFF, 0xFF, 0xFF, 0xC0, 0xFF, 0xFF, 0xFF,
    0xFF, 0xFF, 0xFF, 0xFF, 0xFF, 0xC0, 0xE3, 0xF1, 0xF8, 0xFC, 0x7E, 0x3F, 0x1F, 0x8F, 0xC7, 0xE3,
    0xF1, 0xF8, 0xFC, 0x7E, 0x3F, 0x1F, 0x8F, 0xC7, 0xE3, 0xF1, 0xF8, 0xFC, 0x7E, 0x3F, 0x1F, 0x8F,
    0xC7, 0xE3, 0xF1, 0xF8, 0xFC, 0x7E, 0x38, 0xFF, 0xFF, 0xFF, 0xFF, 0xFF, 0xFF, 0xFF, 0xFF, 0xFF,
    0x00, 0xE7, 0xBC, 0xE3, 0xCF, 0xBE, 0x78, 0x78, 0xF9, 0xF1, 0xE1, 0xC7, 0xBE, 0x78, 0x00, 0x79,
    0xE7, 0xDF, 0x3C, 0xE7, 0xBC, 0x60, 0xF7, 0x9C, 0xE7, 0x9C, 0xE0, 0x00, 0x03, 0x8E, 0x79, 0xEF,
    0x3C, 0xE3, 0x8F, 0x3C, 0xFB, 0xEF, 0xBE, 0x79, 0xE0, 0x79, 0xE7, 0xDF, 0x7D, 0xF3, 0xCF, 0x1C,
    0x73, 0xCF, 0xF9, 0xEF, 0x1C, 0x00, 0x00, 0x79, 0xE7, 0x9F, 0x7D, 0xF7, 0xCF, 0x3C, 0x73, 0x87,
    0x78, 0xEF, 0x1E, 0x61, 0x80, 0xF7, 0x9E, 0x71, 0xCE, 0x39, 0xE7, 0x9C, 0x73, 0x8E, 0x30, 0x0E,
    0x01, 0xC0, 0x38, 0x07, 0x0F, 0xFF, 0xFF, 0xFF, 0xF8, 0x70, 0x0E, 0x01, 0xC0, 0x38, 0x07, 0x00,
    0xE0, 0x1C, 0x03, 0x80, 0x70, 0x1C, 0x0E, 0x07, 0x03, 0x8F, 0xFF, 0xFF, 0xFE, 0x38, 0xFF, 0xFF,
    0xFF, 0xE3, 0x81, 0xC0, 0xE0, 0x70, 0x38, 0x7E, 0xFF, 0xFF, 0xFF, 0xFF, 0xFF, 0xFF, 0x7E, 0x00,
    0xC0, 0xF0, 0xFC, 0xFE, 0xFF, 0xFC, 0xF0, 0xC0, 0x80, 0xFF, 0xFF, 0xF0, 0xFF, 0x0F, 0xF0, 0xFF,
    0x0F, 0xF3, 0xCF, 0xF3, 0xCF, 0xF3, 0xCF, 0xF3, 0xCF, 0xFF, 0xFF, 0xFF, 0xFE, 0xC0, 0xC0, 0xC0,
    0xC0, 0xC0, 0xC0, 0xC0, 0xC0, 0xC0, 0xC0, 0xC0, 0xC0, 0xC0, 0xC0, 0xC0, 0xC0, 0xC0, 0xC0, 0xC0,
    0x40, 0xFE, 0xFC, 0x18, 0x30, 0x60, 0xC1, 0x83, 0x06, 0x0C, 0x18, 0x30, 0x60, 0xC1, 0x83, 0x06,
    0x0C, 0x18, 0x30, 0x60, 0x40, 0xFF, 0xFF, 0xFF, 0xFF, 0xFF, 0xCC, 0x18, 0x30, 0x60, 0xC1, 0x83,
    0x06, 0x0C, 0x18, 0x30, 0x60, 0xC1, 0x83, 0x06, 0x0C, 0x18, 0xFF, 0xFE, 0xC0, 0xC0, 0xC0, 0xFF,
    0x7E, 0x18, 0x18, 0x18, 0x18, 0x18, 0x18, 0x18, 0x18, 0x18, 0x18, 0x18, 0x18, 0x18, 0x18, 0x18,
    0x18, 0x18, 0x08, 0xFF, 0xFC, 0x18, 0x30, 0x7F, 0xFF, 0x98, 0x30, 0x60, 0xC1, 0x83, 0x06, 0x0C,
    0x18, 0x30, 0x60, 0xC1, 0x83, 0x06, 0x0C, 0x18, 0x10, 0x3E, 0x00, 0xE0, 0x00, 0x7F, 0x01, 0xC0,
    0x00, 0xFF, 0x81, 0xC0, 0x00, 0xF7, 0x83, 0x80, 0x00, 0xF7, 0x87, 0x00, 0x00, 0xE3, 0x87, 0x00,
    0x00, 0xE7, 0x8E, 0x00, 0x00, 0xF7, 0x8E, 0x00, 0x00, 0xFF, 0x9C, 0x00, 0x00, 0x7F, 0x38, 0xE0,
    0x38, 0x3E, 0x39, 0xF0, 0x7C, 0x00, 0x73, 0xF8, 0xFE, 0x00, 0xE7, 0xBD, 0xEF, 0x00, 0xE7, 0xBD,
    0xEF, 0x01, 0xC7, 0x1D, 0xC7, 0x03, 0x87, 0x1D, 0xC7, 0x03, 0x87, 0xBD, 0xEF, 0x07, 0x07, 0xBD,
    0xEF, 0x06, 0x07, 0xFD, 0xFF, 0x0E, 0x03, 0xF8, 0xFE, 0x1C, 0x01, 0xF0, 0x7C, 0x3E, 0x01, 0xC0,
    0x00, 0x00, 0x0F, 0xE0, 0x30, 0x00, 0x00, 0x03, 0xFE, 0x0E, 0x00, 0x00, 0x00, 0x71, 0xC1, 0x80,
    0x00, 0x00, 0x0E, 0x38, 0x70, 0x00, 0x00, 0x01, 0xC7, 0x1C, 0x00, 0x00, 0x00, 0x38, 0xE3, 0x80,
    0x00, 0x00, 0x07, 0x1C, 0xE0, 0x00, 0x00, 0x00, 0xE3, 0x99, 0xF0, 0x7E, 0x1F, 0x9C, 0x77, 0x7F,
    0x1F, 0xE7, 0xFB, 0xFE, 0xDE, 0xF7, 0xBC, 0xE7, 0x3F, 0xBB, 0x8E, 0xE3, 0xFC, 0xF3, 0xE6, 0x71,
    0xDC, 0x7F, 0x1E, 0x01, 0xCE, 0x3B, 0x87, 0xE1, 0xC0, 0x71, 0xC7, 0x70, 0xFC, 0x38, 0x0E, 0x38,
    0xEE, 0x1F, 0x87, 0x03, 0x87, 0x1D, 0xC7, 0xF9, 0xE0, 0x60, 0xE3, 0xB8, 0xFF, 0x3C, 0x1C, 0x1F,
    0xF7, 0xFC, 0xFF, 0x03, 0x01, 0xFC, 0x7F, 0x9F, 0xE0, 0xE0, 0x1F, 0x07, 0xE1, 0xF8, 0x1E, 0x38,
    0xE1, 0xC7, 0x0C, 0x38, 0x60, 0xF3, 0xDE, 0x7B, 0xCF, 0x79, 0xEE, 0x39, 0xC7, 0x38, 0xE6, 0x18,
    0x1E, 0xF3, 0x8E, 0x73, 0x8E, 0x79, 0xC7, 0x39, 0xC7, 0x18, 0xE3, 0x9C, 0xE3, 0x8C, 0x61, 0xCE,
    0x70, 0xF0, 0xE1, 0xE1, 0xC1, 0xC3, 0x83, 0x83, 0xE7, 0x07, 0x78, 0x73, 0x83, 0x9C, 0x39, 0xC1,
    0xCE, 0x0C, 0xE0, 0xE7, 0xE7, 0x38, 0x3B, 0xDC, 0x1C, 0xE7, 0x07, 0x3B, 0x83, 0x9C, 0xE0, 0xE7,
    0x30, 0x33, 0x9C, 0x1C, 0xE6, 0x06, 0x00, 0xE0, 0x0F, 0x01, 0xF0, 0x1B, 0x83, 0x98, 0x31, 0xC7,
    0x0C, 0x60, 0xEE, 0x06, 0x00, 0x18, 0x78, 0xE3, 0xCF, 0x3C, 0x78, 0x78, 0x70, 0xF0, 0xF0, 0xE1,
    0x80, 0x00, 0xC3, 0xC3, 0x87, 0x87, 0x87, 0x8F, 0x3C, 0x71, 0xE7, 0x8E, 0x08, 0x00, 0x40, 0x70,
    0x17, 0x03, 0x81, 0x9C, 0x1C, 0x1C, 0x70, 0x01, 0xC1, 0xC0, 0x1C, 0x07, 0x01, 0xC0, 0x1C, 0x1C,
    0x00, 0x71, 0xC0, 0x01, 0xDC, 0x07, 0x07, 0xC1, 0xF8, 0x1E, 0x0F, 0xC1, 0xF0, 0x70, 0x1D, 0xC0,
    0x01, 0xC7, 0x00, 0x1C, 0x1C, 0x01, 0xC0, 0x70, 0x1C, 0x01, 0xC1, 0xC0, 0x07, 0x1C, 0x1C, 0x1D,
    0xE0, 0xE0, 0x66, 0x07, 0x01, 0x00, 0xE1, 0xDC, 0x3B, 0x87, 0x70, 0xEE, 0x1D, 0xC3, 0xB8, 0x77,
    0x0E, 0xE1, 0xDC, 0x3B, 0x87, 0x70, 0xEE, 0x1D, 0xC3, 0xB8, 0x70, 0x00, 0x00, 0x1E, 0x3F, 0xC7,
    0xF8, 0xFF, 0x1E, 0x3F, 0xE3, 0xFF, 0x9F, 0xFC, 0x1C, 0xF0, 0xE3, 0x87, 0x1C, 0x39, 0xE1, 0xCE,
    0x0E, 0xF0, 0x7F, 0x03, 0xE0, 0x1E, 0x00, 0xF0, 0x07, 0x00, 0x38, 0x00, 0x00, 0x00, 0x00, 0x70,
    0x03, 0x80, 0x1C, 0x00, 0xE0, 0x00, 0xFF, 0xFF, 0xFF, 0xFF, 0xFF, 0xF8, 0x40, 0x00, 0xB8, 0x00,
    0x67, 0x00, 0x38, 0xE0, 0x1C, 0x3E, 0x1E, 0x03, 0xFF, 0x00, 0x7F, 0x80, 0x00, 0x00, 0x01, 0xFE,
    0x00, 0xFF, 0xC0, 0x7C, 0xF8, 0x38, 0x07, 0x1C, 0x00, 0xE6, 0x00, 0x19, 0x00, 0x06, 0x00, 0xE0,
    0x18, 0x07, 0x00, 0xC0, 0x38, 0x06, 0x01, 0xC0, 0x38, 0x06, 0x01, 0xC0, 0x38, 0x0F, 0x01, 0xE0,
    0x7E, 0x0E, 0xC1, 0x9C, 0x71, 0x8C, 0x3B, 0x87, 0x00, 0x00, 0x01, 0xC0, 0x00, 0x00, 0x00, 0xE0,
    0x00, 0x00, 0x00, 0x70, 0x00, 0x00, 0x00, 0x38, 0x00, 0x00, 0x07, 0x9D, 0xE0, 0x00, 0x03, 0xFF,
    0xF0, 0x00, 0x01, 0xFF, 0xF8, 0x00, 0x00, 0x07, 0xC0, 0x00, 0x00, 0x07, 0xE0, 0x00, 0x00, 0x03,
    0xB8, 0x00, 0x00, 0x03, 0x9E, 0x00, 0x00, 0x03, 0xC7, 0x00, 0x00, 0x00, 0xE3, 0x00, 0x00, 0x3C,
    0x00, 0x07, 0x00, 0x0E, 0x00, 0x03, 0x80, 0x07, 0x00, 0x01, 0xC0, 0x03, 0x80, 0x00, 0xE0, 0x79,
    0xCE, 0x1E, 0x73, 0xBF, 0xFF, 0x0F, 0xFF, 0xDF, 0xFF, 0x87, 0xFF, 0xE0, 0x7C, 0x00, 0x1F, 0x00,
    0x7E, 0x00, 0x1F, 0x80, 0x3F, 0x80, 0x0E, 0xE0, 0x3D, 0xE0, 0x0F, 0x78, 0x3C, 0xF0, 0x0F, 0x3C,
    0x0E, 0x38, 0x03, 0x8E, 0x00, 0x00, 0x00, 0x00, 0x00, 0xFF, 0xFF, 0xF8, 0x00, 0x07, 0x80, 0x01,
    0xE0, 0x00, 0xF0, 0x00, 0x38, 0x00, 0x1E, 0x00, 0x0F, 0x00, 0x03, 0x80, 0x01, 0xE0, 0x00, 0xF0,
    0x00, 0x38, 0x00, 0x1E, 0x00, 0x0F, 0x00, 0x03, 0x80, 0x01, 0xE0, 0x00, 0xF0, 0x00, 0x38, 0x00,
    0x1E, 0x00, 0x0F, 0x00, 0x03, 0x80, 0x01, 0xE0, 0x00, 0xF0, 0x00, 0x00, 0xFF, 0xFF, 0xF7, 0x0E,
    0x1C, 0x38, 0x70, 0xE1, 0xC3, 0x87, 0xEF, 0xFF, 0xF8, 0x70, 0xE1, 0xC3, 0x87, 0x0E, 0x1C, 0x38,
    0x7E, 0xFF, 0xFC, 0xFF, 0xFF, 0xF8, 0x70, 0xE1, 0xC3, 0x87, 0x0E, 0x1C, 0x3F, 0xFF, 0xFF, 0xC3,
    0x87, 0x0E, 0x1C, 0x38, 0x70, 0xE1, 0xC3, 0xFF, 0xFF, 0xFC, 0x3F, 0xE3, 0xFE, 0x3F, 0xFB, 0xFF,
    0x9F, 0xFD, 0xFF, 0xE0, 0x0F, 0x40, 0x70, 0x03, 0x80, 0x38, 0x01, 0xC0, 0x1C, 0x01, 0xE0, 0x0E,
    0x01, 0xE0, 0x0F, 0x01, 0xF0, 0x1F, 0x01, 0xF0, 0x1F, 0x01, 0xF0, 0x1F, 0x01, 0xF0, 0x1F, 0x00,
    0xF0, 0x0F, 0x00, 0x70, 0x07, 0x00, 0x38, 0x03, 0x80, 0x00, 0x00, 0x00, 0x00, 0x00, 0x00, 0x07,
    0x80, 0x78, 0x03, 0xC0, 0x3C, 0x01, 0xE0, 0x1E, 0x00, 0xF0, 0x0F, 0x00, 0x3F, 0xE1, 0xDF, 0xFC,
    0x77, 0xFF, 0x1C, 0x01, 0xE7, 0x00, 0x39, 0xC0, 0x0E, 0x70, 0x07, 0x9C, 0x01, 0xC7, 0x01, 0xF1,
    0xC0, 0xF8, 0x70, 0x7C, 0x1C, 0x1E, 0x07, 0x0F, 0x01, 0xC3, 0x80, 0x70, 0xE0, 0x1C, 0x00, 0x00,
    0x00, 0x00, 0x03, 0xC0, 0xF0, 0xF0, 0x3C, 0x3C, 0x0F, 0x0F, 0x03, 0xC0, 0xE3, 0xFE, 0x73, 0xFF,
    0xB8, 0xFF, 0xFC, 0x40, 0x7E, 0x00, 0x3F, 0x00, 0x1F, 0x80, 0x0F, 0xC0, 0x0F, 0xE0, 0x0F, 0x70,
    0x0F, 0x38, 0x0F, 0x1C, 0x0F, 0x0E, 0x07, 0x07, 0x03, 0x83, 0x81, 0xC0, 0x00, 0x00, 0x00, 0x00,
    0x78, 0x78, 0x3C, 0x3C, 0x1E, 0x1E, 0x0F, 0x0F, 0x00, 0xFF, 0xFF, 0xFF, 0xFF, 0xFF, 0xC0, 0x0E,
    0x00, 0x78, 0x01, 0xC0, 0x0F, 0x00, 0x38, 0x01, 0xC0, 0x0F, 0x00, 0x38, 0x01, 0xE0, 0x0F, 0x00,
    0x38, 0x01, 0xE0, 0x07, 0x00, 0xFF, 0xF1, 0xFF, 0xF3, 0xFF, 0xF6, 0x3F, 0xEC, 0x7F, 0xF8, 0xFF,
    0xF1, 0xFF, 0xE3, 0xFF, 0xC7, 0xFF, 0x8F, 0xFF, 0x1F, 0xFE, 0x3F, 0xEC, 0x7F, 0xD8, 0xFF, 0x31,
    0xFC, 0x63, 0x00, 0xC6, 0x01, 0x8C, 0x03, 0x18, 0x06, 0x30, 0x0C, 0x60, 0x18, 0xC0, 0x31, 0x80,
    0x63, 0x00, 0xC6, 0x01, 0x8C, 0x03, 0x18, 0x00, 0x1F, 0xFE, 0xFF, 0xFD, 0xFF, 0xFF, 0xFE, 0x3F,
    0xFC, 0x7F, 0xF8, 0xFF, 0xF1, 0xFF, 0xE3, 0xFF, 0xC7, 0xFF, 0x8F, 0xFF, 0x1F, 0xFE, 0x37, 0xFF,
    0xEF, 0xFF, 0xC7, 0xFF, 0x80, 0xFF, 0xF1, 0xFF, 0xFB, 0xFF, 0xF6, 0x3F, 0xFC, 0x7F, 0xF8, 0xFF,
    0xF1, 0xFF, 0xE3, 0xFF, 0xC7, 0xFF, 0x8F, 0xFF, 0x1F, 0xFE, 0x3F, 0xFF, 0xFF, 0xDF, 0xFF, 0xBF,
    0xFC, 0x00, 0x07, 0x80, 0x1E, 0x00, 0x78, 0x00, 0xC0, 0xF3, 0x3F, 0xFF, 0xFF, 0xFF, 0xC1, 0xE0,
    0x0F, 0xC0, 0x7F, 0x81, 0xCE, 0x0F, 0x3C, 0x18, 0x60, 0x00, 0x00, 0xF3, 0xCF, 0x3C, 0x00, 0x00,
    0x00, 0x00, 0x00, 0x00, 0x03, 0xCF, 0x1C, 0x78, 0xE3, 0x8E, 0x07, 0xF8, 0x03, 0xFF, 0x01, 0xFF,
    0xE0, 0xE0, 0x1C, 0x70, 0x03, 0x98, 0x00, 0x64, 0x00, 0x18, 0x00, 0x00, 0x00, 0x00, 0x00, 0x00,
    0x00, 0x00, 0x00, 0x00, 0x00, 0x00, 0x00, 0x00, 0x00, 0x00, 0x00, 0x00, 0x00, 0x00, 0x00, 0x00,
    0x00, 0x00, 0x00, 0x00, 0x00, 0x00, 0x00, 0x00, 0x00, 0x00, 0x00, 0x00, 0x00, 0x00, 0x00, 0x00,
    0xE0, 0x01, 0x9C, 0x00, 0xE3, 0x80, 0x70, 0xF8, 0x78, 0x1F, 0xFC, 0x01, 0xFE, 0x00, 0x07, 0x80,
    0x1E, 0x00, 0x78, 0x00, 0xC0, 0xE3, 0x1F, 0xFF, 0xFF, 0xFF, 0xC3, 0xE0, 0x0F, 0xC0, 0x7F, 0x81,
    0xCE, 0x0F, 0x3C, 0x18, 0x60, 0x00, 0x00, 0x00, 0x01, 0xE0, 0x07, 0x80, 0x1E, 0x00, 0x30, 0x3C,
    0xCF, 0xFF, 0xFF, 0xFF, 0xF0, 0x78, 0x03, 0xF0, 0x1F, 0xE0, 0x73, 0x83, 0xCF, 0x06, 0x18, 0x00,
    0x00, 0x70, 0xEE, 0x1D, 0xC3, 0x38, 0xE0, 0x1C, 0x03, 0x00, 0xE0, 0x1C, 0x07, 0x00, 0xE0, 0x18,
    0x07, 0x00, 0xE0, 0x38, 0x07, 0x00, 0xC0, 0x38, 0x07, 0x1C, 0xC3, 0xB8, 0x77, 0x0E, 0x1F, 0xE0,
    0x01, 0xBF, 0xFF, 0x01, 0xDF, 0xFF, 0xFF, 0xFC, 0x03, 0xFF, 0xEC, 0x00, 0x3F, 0xE0, 0x07, 0xF0,
    0x03, 0xFF, 0x01, 0xF3, 0xE0, 0xE0, 0x1C, 0x70, 0x03, 0x98, 0x00, 0x64, 0x00, 0x18, 0x03, 0x00,
    0x06, 0x01, 0xCC, 0x63, 0xD9, 0xC3, 0xF7, 0x03, 0xFC, 0x03, 0xF0, 0x7F, 0xFF, 0xFF, 0xFF, 0xFF,
    0xFC, 0x7F, 0xC1, 0xDB, 0xC7, 0x33, 0x84, 0x63, 0x00, 0xC0, 0x00, 0x00, 0x70, 0x07, 0x00, 0x70,
    0x00, 0x00, 0x00, 0x00, 0x00, 0x00, 0x00, 0xE0, 0x0E, 0x00, 0xE0, 0x0E, 0x00, 0x00, 0x00, 0x00,
    0x00, 0x00, 0x00, 0x00, 0x00, 0x07, 0x00, 0x70, 0x07, 0x00, 0x70, 0x1E, 0xF7, 0xBC, 0x73, 0x9C,
    0xE3, 0x9C, 0xE7, 0x0E, 0x73, 0x9C, 0x73, 0x9C, 0xE1, 0xCE, 0x73, 0x8E, 0x73, 0x9C, 0x39, 0x8C,
    0x60, 0x00, 0x70, 0x00, 0x03, 0x80, 0x00, 0x1C, 0x00, 0x00, 0x00, 0x00, 0x00, 0x00, 0x00, 0x00,
    0x00, 0x00, 0x00, 0x00, 0x00, 0x00, 0xE0, 0x00, 0x3F, 0x00, 0x01, 0xF8, 0x00, 0x0F, 0xC0, 0x00,
    0x70, 0x00, 0x00, 0x00, 0x00, 0x00, 0x00, 0x00, 0x00, 0x00, 0x00, 0x00, 0x00, 0x00, 0x03, 0x80,
    0x00, 0x1C, 0x00, 0x00, 0xE0, 0x00, 0x07, 0x00, 0x00, 0xE0, 0x00, 0x3F, 0x00, 0x01, 0xF8, 0x00,
    0x0E, 0x00, 0x00, 0x00, 0x00, 0x00, 0x00, 0x00, 0x00, 0x00, 0x00, 0x00, 0x00, 0x00, 0x00, 0x70,
    0x00, 0x03, 0x80, 0x00, 0x1C, 0x00, 0x00, 0xE0, 0x00, 0x00, 0x00, 0x00, 0x00, 0x00, 0x00, 0x00,
    0x00, 0x00, 0x00, 0x00, 0x00, 0x07, 0x00, 0x01, 0xF8, 0x00, 0x0F, 0xC0, 0x00, 0x7E, 0x00, 0x03,
    0x80, 0xFF, 0xF0, 0x00, 0x00, 0x00, 0x00, 0x1F, 0xFE, 0x03, 0x80, 0x03, 0x80, 0x03, 0x80, 0x03,
    0x80, 0x00, 0x00, 0x00, 0x00, 0x00, 0x00, 0x00, 0x00, 0x00, 0x00, 0xE0, 0x07, 0xE0, 0x07, 0xE0,
    0x07, 0xE0, 0x07, 0x00, 0x00, 0x00, 0x00, 0x00, 0x00, 0x00, 0x00, 0x00, 0x00, 0x03, 0x80, 0x03,
    0x80, 0x03, 0x80, 0x03, 0x80, 0x00, 0x70, 0x00, 0x03, 0x80, 0x0E, 0x1C, 0x70, 0x70, 0xE3, 0x83,
    0x87, 0x1C, 0x1C, 0x38, 0xE0, 0x01, 0xC0, 0x00, 0x0E, 0x00, 0x00, 0x70, 0x07, 0xFF, 0xFF, 0xFF,
    0xFF, 0xFF, 0xFF, 0xFF, 0xF0, 0x07, 0x00, 0x00, 0x38, 0x00, 0x01, 0xC0, 0x00, 0x0E, 0x00, 0x38,
    0x71, 0xC1, 0xC3, 0x8E, 0x0E, 0x1C, 0x70, 0x70, 0xE3, 0x80, 0x07, 0x00, 0x00, 0x38, 0x00, 0xFF,
    0xFF, 0x00, 0x00, 0x0F, 0xFF, 0xF0, 0x00, 0x0F, 0xFF, 0xF0, 0xFF, 0xFF, 0x0F, 0xFF, 0xF0, 0x0F,
    0xFF, 0xF0, 0x0F, 0xFF, 0xF0, 0xFF, 0xFC, 0xC1, 0x83, 0x1F, 0xFF, 0x98, 0x30, 0x60, 0xC1, 0x83,
    0x06, 0x0C, 0x18, 0x30, 0x60, 0xC1, 0x83, 0x06, 0x0C, 0x18, 0x10, 0xFF, 0xFF, 0xC3, 0xC3, 0xC3,
    0xFF, 0x7F, 0x18, 0x18, 0x18, 0x18, 0x18, 0x18, 0x18, 0x18, 0x18, 0x18, 0x18, 0x18, 0x18, 0x18,
    0x18, 0x18, 0x18, 0x08, 0xFF, 0xF9, 0xF1, 0xC3, 0x86, 0x0C, 0x18, 0x30, 0x60, 0xC1, 0x83, 0x06,
    0x0C, 0x18, 0x30, 0x60, 0xC1, 0x83, 0x06, 0x0C, 0x18, 0x00, 0x20, 0xE1, 0xC7, 0xDF, 0xBF, 0x98,
    0x30, 0x60, 0xC1, 0x83, 0x06, 0x0C, 0x18, 0x30, 0x60, 0xC1, 0x83, 0x06, 0x0C, 0x18, 0x30, 0x00,
    0x71, 0xF7, 0x7E, 0xEF, 0x8E, 0x18, 0x30, 0x60, 0xC1, 0x83, 0x06, 0x0C, 0x18, 0x30, 0x60, 0xC1,
    0x83, 0x06, 0x0C, 0x18, 0x30, 0xF1, 0xE0, 0xC1, 0x83, 0x1F, 0xFF, 0x98, 0x30, 0x60, 0xC1, 0x83,
    0x06, 0x0C, 0x18, 0x30, 0x60, 0xC1, 0x83, 0x06, 0x0C, 0x18, 0x10, 0x3E, 0x3F, 0xBF, 0xFC, 0x7E,
    0x3F, 0x1F, 0x8F, 0xFF, 0x7F, 0x0E, 0x00, 0xFC, 0xFF, 0xFF, 0xF0, 0x0F, 0x0F, 0x8F, 0xCF, 0xE7,
    0x77, 0xFF, 0xFE, 0x0E, 0x07, 0x00, 0x7F, 0x3F, 0x9F, 0xCF, 0xE7, 0xF8, 0x1C, 0x1E, 0xFE, 0x7F,
    0x1E, 0x00, 0x3E, 0x7F, 0xFE, 0xFE, 0xFF, 0xFF, 0xE7, 0xFF, 0x7E, 0x3C, 0xFE, 0xFE, 0xFE, 0x1C,
    0x1C, 0x38, 0x38, 0x70, 0x70, 0x7D, 0xFF, 0xFF, 0xFF, 0xFD, 0xFB, 0xFF, 0xFE, 0x70, 0x7E, 0xFF,
    0xFF, 0xFF, 0xFF, 0x7F, 0x07, 0x7F, 0xFE, 0x38, 0x18, 0x18, 0x18, 0xFF, 0xFF, 0x18, 0x18, 0x18,
    0xFF, 0xFF, 0xFF, 0xFF, 0x00, 0xFF, 0xFF, 0x3B, 0x9D, 0xCE, 0x73, 0x98, 0xC7, 0x39, 0xCE, 0x39,
    0xC7, 0xE1, 0xC7, 0x0E, 0x38, 0xE1, 0x86, 0x18, 0x63, 0x8E, 0x39, 0xC7, 0x38, 0xDF, 0x7F, 0xF8,
    0xFC, 0x7E, 0x1E, 0x0F, 0x07, 0x83, 0xC1, 0xE0, 0xC0, 0x1C, 0x3F, 0xBF, 0xFC, 0x7E, 0x3F, 0x1F,
    0x8F, 0xC7, 0xFF, 0xBF, 0x8F, 0x80, 0x3D, 0xF7, 0xD7, 0x1C, 0x71, 0xC7, 0x1C, 0x70, 0x3C, 0x7E,
    0xFF, 0xE7, 0x0F, 0x0E, 0x3C, 0x78, 0xFE, 0xFF, 0xFF, 0x7E, 0x7E, 0x7E, 0x7E, 0x7E, 0x3F, 0x07,
    0x7F, 0xFE, 0x7C, 0x0F, 0x07, 0x87, 0xC7, 0xE7, 0x77, 0xBB, 0xFF, 0xFF, 0x07, 0x03, 0x80, 0x7F,
    0x3F, 0x9F, 0xCF, 0xE7, 0xF1, 0x3C, 0x0E, 0xFF, 0x7F, 0x3F, 0x00, 0x1C, 0x7F, 0x7E, 0xE0, 0xFE,
    0xFF, 0xFF, 0xE7, 0xFF, 0x7F, 0x7E, 0xFE, 0xFE, 0xFE, 0x1E, 0x1C, 0x1C, 0x38, 0x38, 0x70, 0x70,
    0x39, 0xFF, 0xFF, 0x7F, 0xEF, 0xBF, 0xF7, 0xFF, 0xFD, 0xF0, 0x3C, 0x7E, 0xFF, 0xE7, 0xE7, 0xFF,
    0x7F, 0x17, 0x7F, 0xFE, 0x7C, 0x18, 0x18, 0x18, 0xFF, 0xFF, 0x18, 0x18, 0x18, 0x00, 0xFF, 0xFF,
    0xFF, 0xFF, 0x00, 0xFF, 0xFF, 0x3B, 0x9D, 0xCE, 0x73, 0x98, 0xC7, 0x39, 0xCE, 0x39, 0xC7, 0xE1,
    0xC7, 0x0E, 0x38, 0xE1, 0x86, 0x18, 0x63, 0x8E, 0x39, 0xC7, 0x38, 0x7E, 0x7F, 0x03, 0x03, 0x7F,
    0xFF, 0xC3, 0xC7, 0xFF, 0x7F, 0x3E, 0x3F, 0xB8, 0xF8, 0x3F, 0xFF, 0xFF, 0x01, 0xC0, 0x7F, 0x9F,
    0xC0, 0x3F, 0x1F, 0xEE, 0x1F, 0x07, 0xC0, 0xF0, 0x3C, 0x1F, 0x87, 0x7F, 0x8F, 0xC0, 0xE1, 0xDC,
    0xE3, 0xF0, 0x78, 0x1E, 0x07, 0x83, 0xF0, 0xCC, 0x73, 0xB8, 0x70, 0xFE, 0x7F, 0x80, 0xE0, 0x70,
    0x1F, 0xFF, 0xFF, 0x87, 0xFF, 0x3F, 0x00, 0xC0, 0x60, 0x30, 0x18, 0x0D, 0xF7, 0xFF, 0xCF, 0xC7,
    0xE1, 0xE0, 0xF0, 0x78, 0x3C, 0x1E, 0x0C, 0xC0, 0x60, 0x30, 0x18, 0x0C, 0x3E, 0x3B, 0x39, 0xB8,
    0xF8, 0x7E, 0x3B, 0x99, 0xCC, 0x76, 0x1C, 0xDB, 0x6D, 0xB6, 0xDB, 0x6D, 0x80, 0xDE, 0x79, 0xFF,
    0xFB, 0x9E, 0x77, 0x1C, 0x6E, 0x30, 0xD8, 0x61, 0xB0, 0xC3, 0x61, 0x86, 0xC3, 0x0D, 0x86, 0x18,
    0xDF, 0x7F, 0xFC, 0xFC, 0x7E, 0x1E, 0x0F, 0x07, 0x83, 0xC1, 0xE0, 0xC0, 0xDF, 0x3F, 0xEE, 0x3B,
    0x8E, 0xC1, 0xB0, 0x6E, 0x3B, 0x8E, 0xFF, 0xB7, 0xCC, 0x03, 0x00, 0xC0, 0x30, 0x00, 0x7F, 0xFF,
    0x97, 0x07, 0x83, 0xC3, 0xC7, 0xFF, 0xF8, 0x60, 0xC3, 0xF7, 0xE6, 0x0C, 0x18, 0x30, 0x60, 0xE1,
    0xF1, 0xE0, 0x1F, 0xC0, 0x7F, 0xC1, 0xFF, 0x07, 0x80, 0x0F, 0x00, 0x1C, 0x00, 0x38, 0x7F, 0xF0,
    0xFF, 0xE1, 0xFD, 0xC3, 0x83, 0xC7, 0x03, 0xEE, 0x07, 0xFF, 0xC3, 0xFF, 0x80, 0x7F, 0x00, 0xE0,
    0x01, 0xC0, 0x03, 0x80, 0x07, 0xF0, 0x0F, 0xF0, 0x1F, 0xE0, 0x00, 0x0E, 0x00, 0x00, 0xE6, 0x00,
    0x1E, 0xF0, 0x1F, 0xEE, 0x07, 0xFF, 0xE0, 0xFF, 0xFC, 0x1F, 0xFF, 0xC3, 0xE7, 0x3C, 0x3C, 0xF7,
    0x87, 0x8E, 0x70, 0x79, 0xEF, 0x07, 0x9C, 0xE0, 0x73, 0xCE, 0x07, 0x39, 0xC0, 0x77, 0x9C, 0x07,
    0xF3, 0xC0, 0x7F, 0x38, 0x07, 0xE7, 0x80, 0x3E, 0x70, 0x03, 0xEF, 0x18, 0x1F, 0xE7, 0xC3, 0xFF,
    0xFC, 0x3F, 0xFF, 0x87, 0xBF, 0xE0, 0x73, 0x80, 0x0F, 0x78, 0x00, 0x67, 0x00, 0x00, 0x30, 0x00,
    0x07, 0xF8, 0x7F, 0xF3, 0xFF, 0xDF, 0x00, 0x78, 0x03, 0xC0, 0x0F, 0x00, 0x38, 0x42, 0xE3, 0xFF,
    0x8F, 0xFE, 0x3E, 0x38, 0xF0, 0xE3, 0xC3, 0x8E, 0x0F, 0x38, 0x3C, 0xE0, 0x7B, 0x81, 0xEE, 0x03,
    0xFF, 0x87, 0xFE, 0x0F, 0xF8, 0x3F, 0xFF, 0x3F, 0xFF, 0x3F, 0xFF, 0x38, 0x00, 0x38, 0x00, 0x38,
    0x00, 0x38, 0x00, 0x38, 0x00, 0x38, 0x00, 0x3F, 0xFC, 0x3F, 0xFC, 0x3F, 0xFC, 0x38, 0x00, 0x38,
    0x00, 0xFF, 0x00, 0xFF, 0x00, 0xFF, 0x00, 0x38, 0x00, 0x38, 0x00, 0x38, 0x00, 0x38, 0x00, 0x03,
    0xF8, 0x01, 0xFF, 0x80, 0xFF, 0xE0, 0x7C, 0x30, 0x1E, 0x00, 0x07, 0x80, 0x01, 0xC0, 0x00, 0x70,
    0x00, 0x7F, 0xF8, 0x1F, 0xFE, 0x07, 0xFF, 0x80, 0x3C, 0x00, 0x7F, 0xF8, 0x1F, 0xFE, 0x07, 0xFF,
    0x80, 0x3C, 0x00, 0x0F, 0x00, 0x1F, 0xF0, 0xCF, 0xFF, 0xF9, 0xFF, 0xFE, 0x70, 0xFF, 0x00, 0x00,
    0x03, 0x80, 0x00, 0x07, 0x00, 0x00, 0x1C, 0x00, 0x00, 0x38, 0x0E, 0xFE, 0xFF, 0x9F, 0xFF, 0xFF,
    0xBF, 0xFF, 0xFF, 0x78, 0x3E, 0x0F, 0xF0, 0x78, 0x1F, 0xC0, 0x70, 0x1F, 0x80, 0xE0, 0x3F, 0x03,
    0xC0, 0x7E, 0x07, 0x80, 0xFC, 0x1F, 0x01, 0xF8, 0x3E, 0x03, 0xF0, 0xFC, 0x07, 0xE1, 0xF8, 0x0F,
    0xC7, 0x70, 0x1F, 0x8E, 0xE0, 0x3F, 0x39, 0xC0, 0x70, 0x70, 0x00, 0x01, 0xC0, 0x00, 0x03, 0x80,
    0x00, 0x00, 0x1E, 0x00, 0x70, 0x3C, 0x00, 0xE0, 0x7C, 0x01, 0xC0, 0xFC, 0x03, 0x81, 0xF8, 0x07,
    0x03, 0xF8, 0x0E, 0x07, 0xF8, 0x1C, 0x0E, 0xF8, 0x38, 0x1C, 0xF0, 0x71, 0xFF, 0xFF, 0xFF, 0xFF,
    0xFF, 0xFF, 0xFF, 0xFF, 0xF1, 0xC1, 0xE7, 0x03, 0x83, 0xEE, 0x07, 0x03, 0xDC, 0x0E, 0x03, 0xF8,
    0x1C, 0x07, 0xF0, 0x38, 0x07, 0xE0, 0x70, 0x07, 0xC0, 0xE0, 0x07, 0x81, 0xC0, 0x0F, 0x00, 0x1F,
    0xFC, 0x03, 0xFF, 0xC0, 0x7F, 0xFC, 0x0E, 0x07, 0xC1, 0xC0, 0x79, 0xFF, 0xFF, 0xFF, 0xFF, 0xFF,
    0xFF, 0xFF, 0x1C, 0x07, 0x83, 0x81, 0xF0, 0x7F, 0xFC, 0x0F, 0xFF, 0x01, 0xFF, 0xC0, 0x38, 0x00,
    0x07, 0x00, 0x00, 0xE0, 0x00, 0x1C, 0x00, 0x03, 0x80, 0x00, 0x70, 0x00, 0x0E, 0x00, 0x01, 0xC0,
    0x00, 0xFF, 0x00, 0x07, 0xFE, 0x00, 0x3F, 0xF0, 0x01, 0xC3, 0xC0, 0x0E, 0x1E, 0x00, 0x70, 0x71,
    0xFB, 0x83, 0xBF, 0xFC, 0x3D, 0xFE, 0xE1, 0xEE, 0x07, 0xFE, 0x70, 0x3F, 0xE3, 0xC1, 0xFE, 0x1F,
    0x0E, 0x70, 0x7E, 0x73, 0xC1, 0xFB, 0x8E, 0x03, 0xFC, 0x78, 0x0F, 0xE1, 0xC0, 0x3F, 0x0F, 0x03,
    0xF8, 0x7B, 0xFF, 0xC1, 0xDF, 0xEE, 0x0F, 0xFE, 0x00, 0xF0, 0x00, 0x00, 0xFF, 0x00, 0x00, 0x1F,
    0x78, 0x00, 0x01, 0xE7, 0x80, 0x60, 0x1E, 0x78, 0x0F, 0x01, 0xE3, 0xC0, 0xF0, 0x3C, 0x3C, 0x1F,
    0x83, 0xC3, 0xC1, 0xF8, 0x3C, 0x1E, 0x3F, 0xC7, 0x87, 0xFF, 0xFF, 0xFE, 0x7F, 0xFF, 0xFF, 0xE7,
    0xE7, 0x9E, 0x7E, 0x0F, 0x79, 0xEF, 0x00, 0xF7, 0x0E, 0xF0, 0x0F, 0xF0, 0xFF, 0x00, 0x7E, 0x0F,
    0xE0, 0x07, 0xE0, 0x7E, 0x00, 0x7E, 0x07, 0xE0, 0x03, 0xC0, 0x3C, 0x00, 0x3C, 0x03, 0xC0, 0x03,
    0x80, 0x3C, 0x00, 0xFF, 0xE0, 0xFF, 0xFE, 0x1F, 0x81, 0xE3, 0xF0, 0x1C, 0x7E, 0x21, 0x8F, 0xC6,
    0x31, 0xF8, 0xC6, 0x3F, 0x18, 0xC7, 0xE3, 0x18, 0xFC, 0x63, 0x1F, 0x8C, 0x63, 0xF1, 0x8C, 0x7E,
    0x30, 0x1F, 0xC6, 0x03, 0xF8, 0xFF, 0xF7, 0x1F, 0xFE, 0xE3, 0xFF, 0x00, 0x01, 0xC0, 0x0E, 0x01,
    0xFE, 0x1F, 0xF0, 0xFF, 0x80, 0xE0, 0xFF, 0x0F, 0xF8, 0xFF, 0xC7, 0x9E, 0x3C, 0xF1, 0xC3, 0x8F,
    0x3C, 0x7B, 0xE3, 0xFF, 0x0F, 0xF8, 0x3D, 0xC0, 0x00, 0x3F, 0xF9, 0xFF, 0xCF, 0xFE, 0x00, 0x00,
    0xFF, 0x01, 0xFF, 0xC1, 0xFF, 0xC1, 0xF8, 0x61, 0xF0, 0x00, 0xF0, 0x00, 0xF0, 0x01, 0xFF, 0xE0,
    0xFF, 0xF0, 0x7F, 0xF8, 0x0E, 0x00, 0x1F, 0xFE, 0x0F, 0xFF, 0x07, 0xFF, 0x80, 0xF0, 0x00, 0x3C,
    0x00, 0x1F, 0x00, 0x07, 0xE1, 0x81, 0xFF, 0xC0, 0x7F, 0xF0, 0x0F, 0xF0, 0x1C, 0x01, 0xF8, 0xE0,
    0x0F, 0x87, 0x00, 0xF0, 0x38, 0x0F, 0x01, 0xC0, 0xF0, 0x0E, 0x0F, 0x00, 0x70, 0xF0, 0x03, 0x8F,
    0x00, 0x1C, 0xF0, 0x07, 0xEF, 0xFE, 0x3F, 0xFF, 0xF1, 0xFF, 0xFF, 0x81, 0xF3, 0xE0, 0x0F, 0x0F,
    0x80, 0x70, 0x7C, 0x03, 0x81, 0xF0, 0x1C, 0x07, 0xC0, 0xE0, 0x1F, 0x07, 0x00, 0xF8, 0x38, 0x03,
    0xE1, 0xC0, 0x0F, 0x80, 0xFF, 0xFF, 0xFF, 0xFF, 0xFF, 0xFF, 0x03, 0x80, 0x03, 0x88, 0x03, 0x9C,
    0x03, 0xFC, 0x03, 0xF0, 0x03, 0xE0, 0x0F, 0x80, 0x1F, 0x9C, 0x3F, 0xBC, 0x3B, 0xF8, 0x03, 0xE0,
    0x07, 0xC0, 0x1F, 0x80, 0x3F, 0x80, 0x3B, 0x80, 0x13, 0x80, 0x03, 0x80, 0x03, 0x80, 0x7F, 0xE0,
    0x00, 0x1F, 0xFE, 0x00, 0x03, 0xFF, 0xF0, 0x00, 0x00, 0x1E, 0x00, 0x00, 0xE1, 0xE0, 0x00, 0x1C,
    0x1C, 0x00, 0x07, 0x83, 0xC0, 0x00, 0xE0, 0x38, 0x00, 0x1C, 0x07, 0x00, 0x03, 0x80, 0xE0, 0x00,
    0x70, 0x1C, 0x00, 0x1E, 0x07, 0x8F, 0xC3, 0x80, 0xF3, 0xFC, 0x70, 0x1C, 0xFF, 0xCE, 0x07, 0x9C,
    0x7B, 0xC0, 0xE7, 0x87, 0x78, 0x3C, 0xE1, 0xEE, 0x1F, 0x1C, 0x3D, 0xFF, 0xC3, 0xFF, 0x3F, 0xF0,
    0xFF, 0xCF, 0xF8, 0x1F, 0xF0, 0x00, 0x03, 0x80, 0x00, 0x00, 0x70, 0x00, 0x00, 0x0E, 0x00, 0x00,
    0x03, 0xC0, 0x00, 0x00, 0x70, 0x00, 0x00, 0x0E, 0x00, 0x00, 0x01, 0xC0, 0x00, 0x00, 0xFC, 0x03,
    0xFC, 0x07, 0xF8, 0x0E, 0x70, 0x1C, 0xE0, 0x39, 0xC0, 0x73, 0x80, 0xE7, 0x01, 0xFC, 0x01, 0xF8,
    0x03, 0xF0, 0x07, 0xC0, 0x07, 0x81, 0x0E, 0x03, 0x3E, 0x0E, 0x7C, 0x3F, 0xF8, 0x7F, 0xB9, 0xDE,
    0x73, 0xB8, 0xFE, 0x30, 0xE0, 0x01, 0xC0, 0x03, 0x80, 0x07, 0x00, 0x0E, 0x01, 0xFC, 0x03, 0xF8,
    0x07, 0xE0, 0x1F, 0xFC, 0x03, 0xFF, 0xC0, 0x7F, 0xFC, 0x3E, 0x07, 0xFF, 0xFF, 0xFF, 0xFF, 0xFF,
    0xC7, 0x00, 0xE7, 0xFF, 0xFF, 0xFF, 0xFF, 0xFF, 0x81, 0xFC, 0x7F, 0xFC, 0x0F, 0xFF, 0x01, 0xFF,
    0xC0, 0x38, 0x00, 0x07, 0x00, 0x00, 0xE0, 0x00, 0x1C, 0x00, 0x03, 0x80, 0x00, 0x70, 0x00, 0x0E,
    0x00, 0x01, 0xC0, 0x00, 0x00, 0xE0, 0x00, 0x0E, 0x00, 0x00, 0xE0, 0x00, 0x3F, 0xE0, 0x0F, 0xFF,
    0x01, 0xFF, 0xFC, 0x3F, 0xEF, 0xC7, 0xCE, 0x38, 0x78, 0xE1, 0x0F, 0x0E, 0x00, 0xF0, 0xE0, 0x0F,
    0x0E, 0x00, 0xE0, 0xE0, 0x0E, 0x0F, 0xFE, 0xE0, 0xFF, 0xEF, 0x0F, 0xFE, 0xF0, 0xE0, 0xEF, 0x8E,
    0x1E, 0x78, 0xE1, 0xE7, 0xCE, 0x3C, 0x3F, 0xEF, 0xC1, 0xFF, 0xF8, 0x0F, 0xFF, 0x00, 0x3F, 0xC0,
    0x00, 0xE0, 0x00, 0x0E, 0x00, 0x00, 0xE0, 0x00, 0x0E, 0x00, 0x00, 0xE0, 0x00, 0x3E, 0x00, 0x07,
    0xC0, 0x00, 0xF8, 0x00, 0x3F, 0x80, 0x07, 0x70, 0x01, 0xEE, 0x00, 0x39, 0xE0, 0x7F, 0xFF, 0xCF,
    0xFF, 0xF8, 0x38, 0x78, 0x07, 0x07, 0x07, 0xFF, 0xFC, 0xFF, 0xFF, 0x9F, 0xFF, 0xF1, 0xE0, 0x3C,
    0x38, 0x03, 0x87, 0x00, 0x71, 0xE0, 0x0F, 0x38, 0x00, 0xE7, 0x00, 0x1C, 0x1F, 0xF0, 0x7F, 0xF0,
    0xFF, 0xF0, 0x00, 0xE0, 0x01, 0xC0, 0x03, 0xBF, 0xFF, 0xFF, 0xFF, 0xFF, 0xFE, 0x0F, 0xE3, 0xFF,
    0xFF, 0xFF, 0xFF, 0xFF, 0xEE, 0x00, 0x1C, 0x00, 0x38, 0x00, 0x70, 0x00, 0xF0, 0x09, 0xFF, 0xF1,
    0xFF, 0xE0, 0xFF, 0x80, 0x00, 0xE0, 0x00, 0x38, 0x00, 0x0E, 0x00, 0x0F, 0xF0, 0x0F, 0xFF, 0x07,
    0xFF, 0xE3, 0xFE, 0xF9, 0xF3, 0x9E, 0x78, 0xE1, 0x3C, 0x38, 0x0F, 0x0E, 0x03, 0xC3, 0x80, 0xE0,
    0xE0, 0x38, 0x38, 0x0E, 0x0E, 0x03, 0xC3, 0x80, 0xF0, 0xE0, 0x3C, 0x38, 0x07, 0x8E, 0x01, 0xF3,
    0x8C, 0x3F, 0xEF, 0x87, 0xFF, 0xE0, 0xFF, 0xF0, 0x0F, 0xF0, 0x00, 0xE0, 0x00, 0x38, 0x00, 0x18,
    0x30, 0x1C, 0x38, 0x0E, 0x1C, 0x1F, 0xFF, 0xEF, 0xFF, 0xF7, 0xFF, 0xF8, 0xE1, 0xC0, 0x70, 0xE0,
    0x38, 0x70, 0x1C, 0x38, 0x0E, 0x1C, 0x07, 0x0E, 0x03, 0x87, 0x01, 0xC3, 0x80, 0xE1, 0xC0, 0x70,
    0xE0, 0x38, 0x7F, 0x9C, 0x3F, 0xCE, 0x0F, 0xE0, 0x00, 0x3F, 0xE0, 0x0F, 0xFF, 0x01, 0xFF, 0xE0,
    0x1E, 0x00, 0x01, 0xC0, 0x00, 0x1C, 0x00, 0x01, 0xC0, 0x00, 0x1E, 0x00, 0x00, 0xF8, 0x00, 0x07,
    0xF0, 0x00, 0x3F, 0xC0, 0x00, 0x7E, 0x00, 0x01, 0xF0, 0x00, 0x0F, 0x7F, 0xFE, 0x77, 0xDF, 0x77,
    0x7C, 0xE3, 0x77, 0x8C, 0x3F, 0x3F, 0xFF, 0xE1, 0xFF, 0xFC, 0x1F, 0xFF, 0x81, 0x8C, 0x30, 0x18,
    0xC3, 0x00, 0xFF, 0xFF, 0xFF, 0xFF, 0xFF, 0xF8, 0x00, 0x0F, 0xFF, 0xFF, 0xFF, 0xFF, 0xFF, 0x81,
    0xC0, 0x03, 0x80, 0x07, 0x00, 0x0E, 0x00, 0x1C, 0x00, 0x38, 0x00, 0x70, 0x00, 0xE0, 0x01, 0xC0,
    0x03, 0x80, 0x07, 0x00, 0x0E, 0x00, 0x1C, 0x00, 0x38, 0x00, 0x7F, 0xFD, 0xFF, 0xF7, 0xFF, 0xDF,
    0xFF, 0x01, 0xE0, 0x0F, 0xF0, 0x3F, 0xC0, 0xFF, 0x03, 0xFC, 0x07, 0xC3, 0xFE, 0x0F, 0xF0, 0x1F,
    0x80, 0x7C, 0x00, 0xF8, 0x01, 0xE0, 0x07, 0xC0, 0x0F, 0x80, 0x1F, 0x00, 0x3C, 0x00, 0xF8, 0x00,
    0x00, 0x0E, 0x00, 0x0E, 0x00, 0x0E, 0x00, 0x0E, 0x60, 0x0F, 0xF0, 0x0F, 0xF0, 0x0F, 0xC0, 0x3F,
    0x00, 0xFE, 0x70, 0xFF, 0xF0, 0x6F, 0xF0, 0x0F, 0xC0, 0x3F, 0x00, 0x7E, 0x00, 0x7E, 0x07, 0x2E,
    0x0F, 0x0E, 0x1F, 0x0E, 0x7E, 0x0F, 0xFC, 0x0F, 0xF8, 0x0F, 0xE0, 0x7E, 0x00, 0x03, 0xFC, 0x00,
    0x0F, 0xF0, 0x00, 0x31, 0xC0, 0x00, 0xE7, 0x00, 0x03, 0xFF, 0xFF, 0x87, 0xFF, 0xFF, 0x83, 0xFF,
    0xFE, 0x07, 0x00, 0x1C, 0x1C, 0x00, 0x70, 0x73, 0x30, 0xC1, 0xDF, 0xE3, 0x07, 0xFF, 0xFC, 0x1F,
    0x7B, 0xF0, 0x78, 0xC7, 0x83, 0xE0, 0x00, 0x1F, 0x80, 0x00, 0x7F, 0x00, 0x00, 0x1F, 0xFC, 0x00,
    0x3F, 0xF0, 0x00, 0x7F, 0xC0, 0x01, 0xC0, 0x00, 0xE0, 0x00, 0x70, 0x01, 0xFE, 0x01, 0xFF, 0x81,
    0xFF, 0xE1, 0xFF, 0xF9, 0xF3, 0xBE, 0xF1, 0xCF, 0x78, 0xE7, 0xB8, 0x71, 0xDC, 0x38, 0xEE, 0x1C,
    0x77, 0x0E, 0x3B, 0x87, 0x1D, 0xC3, 0x8E, 0xE1, 0xC7, 0x70, 0x03, 0xB8, 0x01, 0xDC, 0x00, 0xEE,
    0x00, 0x77, 0x00, 0x3B, 0x80, 0x1D, 0xC0, 0x0E, 0x1F, 0xFC, 0x07, 0xFF, 0x81, 0xFF, 0xF0, 0x70,
    0x3E, 0x1C, 0x07, 0x87, 0x00, 0xE1, 0xC0, 0x38, 0x70, 0x1E, 0x1C, 0x07, 0x87, 0x03, 0xEF, 0xFF,
    0xF3, 0xFF, 0xF8, 0xFF, 0xFC, 0x07, 0x00, 0x01, 0xC0, 0x03, 0xFC, 0x00, 0xFF, 0x00, 0x3F, 0xC0,
    0x01, 0xC0, 0x00, 0x70, 0x00, 0x1C, 0x00, 0x00, 0x03, 0x18, 0x00, 0x63, 0x00, 0x1F, 0xF0, 0x0F,
    0xFF, 0x03, 0xFF, 0xF0, 0xFE, 0x3F, 0x1E, 0xC6, 0xF7, 0x98, 0xCE, 0xF3, 0x19, 0xDC, 0x63, 0x3F,
    0x8C, 0x67, 0xF1, 0x8C, 0x7E, 0x31, 0x8F, 0xC0, 0x00, 0x38, 0x00, 0x07, 0x00, 0x00, 0xF0, 0x00,
    0x0E, 0x00, 0x01, 0xE0, 0x00, 0x1E, 0x00, 0x01, 0xFF, 0xF8, 0xFF, 0xFF, 0x1F, 0xFF, 0xE0, 0x19,
    0x80, 0xCC, 0x06, 0x61, 0xFF, 0x8F, 0xFE, 0x7F, 0xFB, 0x83, 0xDC, 0x0E, 0xE0, 0x77, 0x03, 0xB8,
    0x3D, 0xC3, 0xEF, 0xFE, 0x7F, 0xF3, 0xFF, 0xDC, 0x0F, 0xE0, 0x7F, 0x01, 0xF8, 0x0F, 0xC0, 0xFE,
    0x07, 0xFF, 0xFB, 0xFF, 0x9F, 0xF8, 0x19, 0x80, 0xCC, 0x06, 0x60, 0x1F, 0xE3, 0xFE, 0x7F, 0xE7,
    0x00, 0xF0, 0x0E, 0x00, 0xE0, 0x0E, 0x00, 0xE0, 0x0E, 0x00, 0xE0, 0x0F, 0x00, 0xF0, 0x07, 0xFE,
    0x3F, 0xE1, 0xFE, 0x00, 0x0F, 0xFE, 0xFF, 0xEF, 0xFE, 0x06, 0x00, 0x0F, 0x00, 0x1F, 0x00, 0x3F,
    0x00, 0x1F, 0x00, 0x1F, 0x01, 0xFE, 0x0F, 0xFE, 0x3F, 0xFC, 0xFC, 0xFD, 0xE0, 0xFF, 0x80, 0xFF,
    0x00, 0xFC, 0x01, 0xF8, 0x03, 0xF8, 0x07, 0xF0, 0x1F, 0xE0, 0x3D, 0xF0, 0xF1, 0xFF, 0xC1, 0xFF,
    0x01, 0xFC, 0x00, 0x07, 0xF9, 0x03, 0xFF, 0xE1, 0xFF, 0xFC, 0xFC, 0xFE, 0x7C, 0x1F, 0x9E, 0x1F,
    0xE7, 0x8F, 0xF9, 0xC7, 0xCE, 0x73, 0xE3, 0x9F, 0xF1, 0xE7, 0xF8, 0x79, 0xFC, 0x3E, 0x3E, 0x1F,
    0x1F, 0xFF, 0x87, 0xFF, 0xC0, 0xDF, 0xE0, 0x00, 0x00, 0x00, 0x00, 0x20, 0x00, 0x03, 0x00, 0x00,
    0x1C, 0x00, 0x01, 0xE0, 0x00, 0x0F, 0x80, 0x00, 0xFC, 0x00, 0x07, 0xF0, 0x00, 0x7B, 0x80, 0x03,
    0xDE, 0x00, 0x3C, 0x70, 0x01, 0xE3, 0xC0, 0x0E, 0x0E, 0x00, 0xF0, 0x78, 0x07, 0x01, 0xC0, 0x78,
    0x0F, 0x03, 0x80, 0x38, 0x3C, 0x01, 0xE1, 0xC0, 0x0F, 0x1F, 0xFF, 0xFC, 0xFF, 0xFF, 0xEF, 0xFF,
    0xFF, 0x80, 0xFF, 0xFF, 0xFF, 0xFF, 0xFF, 0xFF, 0xFF, 0x9E, 0x03, 0xC1, 0xC0, 0x70, 0x38, 0x0E,
    0x07, 0x01, 0xC0, 0xE0, 0x38, 0x1C, 0x07, 0x03, 0x80, 0xE0, 0x70, 0x1C, 0x0E, 0x03, 0x81, 0xC0,
    0x70, 0x38, 0x0E, 0x07, 0x01, 0xC0, 0xE0, 0x38, 0x1C, 0x07, 0x03, 0x80, 0xE0, 0x70, 0x1C, 0x0E,
    0x03, 0x81, 0xC0, 0x70, 0x38, 0x0E, 0x07, 0x01, 0xC0, 0xE0, 0x38, 0x1C, 0x07, 0x03, 0x80, 0xE0,
    0x70, 0x1C, 0x00, 0x7F, 0xFB, 0xFF, 0xDF, 0xFE, 0xF0, 0x03, 0xC0, 0x1F, 0x00, 0x78, 0x01, 0xE0,
    0x07, 0x80, 0x1E, 0x00, 0xF0, 0x0F, 0x00, 0xF0, 0x0F, 0x00, 0xF8, 0x07, 0x80, 0x78, 0x03, 0xFF,
    0xDF, 0xFE, 0xFF, 0xF0, 0xFF, 0xFD, 0xFF, 0xFB, 0xFF, 0xF0, 0x00, 0x00, 0x00, 0x0F, 0x00, 0x0E,
    0x00, 0x1E, 0x00, 0x1C, 0x00, 0x3C, 0x00, 0x38, 0x00, 0x78, 0x00, 0x70, 0x00, 0xF0, 0x00, 0xE0,
    0x01, 0xE0, 0x01, 0xC0, 0x03, 0xC0, 0x03, 0x80, 0x07, 0x80, 0x07, 0x00, 0x07, 0x00, 0x0E, 0x00,
    0x0E, 0x00, 0x1C, 0x00, 0x1C, 0x00, 0x38, 0x00, 0x38, 0x00, 0x70, 0x00, 0x70, 0x00, 0x60, 0x00,
    0x7B, 0xFE, 0xF2, 0x00, 0x00, 0x07, 0xF0, 0x00, 0x7F, 0x00, 0x07, 0xF0, 0x00, 0xF0, 0x00, 0x0F,
    0x00, 0x00, 0xE0, 0x00, 0x1E, 0x00, 0x01, 0xE0, 0x00, 0x3C, 0x00, 0x03, 0xC0, 0x00, 0x3C, 0x0F,
    0x07, 0x80, 0xF0, 0x78, 0x07, 0x87, 0x80, 0x78, 0xF0, 0x03, 0x8F, 0x00, 0x3C, 0xE0, 0x03, 0xDE,
    0x00, 0x1D, 0xE0, 0x01, 0xFC, 0x00, 0x0F, 0xC0, 0x00, 0xFC, 0x00, 0x0F, 0x80, 0x00, 0x78, 0x00,
    0x07, 0x00, 0x00, 0x1F, 0x81, 0xF8, 0x3F, 0xC3, 0xFC, 0x7F, 0xE7, 0xFE, 0x70, 0xFF, 0x0E, 0xF0,
    0x7E, 0x0F, 0xE0, 0x3C, 0x0F, 0xE0, 0x7E, 0x0F, 0xF0, 0xFF, 0x0E, 0x79, 0xE7, 0x9E, 0x7F, 0xC3,
    0xFE, 0x3F, 0x81, 0xFC, 0x0E, 0x00, 0x70, 0x00, 0x3F, 0x00, 0x3F, 0xC0, 0x1F, 0xC0, 0x1E, 0x60,
    0x0F, 0x00, 0x07, 0x00, 0x07, 0x80, 0x03, 0xC0, 0x01, 0xE0, 0x00, 0xF0, 0x00, 0x70, 0x00, 0x38,
    0x00, 0x3C, 0x00, 0x1E, 0x00, 0x0F, 0x00, 0x07, 0x80, 0x03, 0x80, 0x01, 0xC0, 0x01, 0xE0, 0x00,
    0xF0, 0x00, 0x78, 0x00, 0x3C, 0x01, 0xFC, 0x01, 0xFE, 0x00, 0xFE, 0x00, 0x3E, 0x00, 0x00, 0x18,
    0x00, 0xFE, 0x19, 0xFF, 0xF3, 0xBF, 0xE6, 0x0F, 0x80, 0x00, 0x0F, 0xC3, 0x3F, 0xFE, 0x77, 0xFC,
    0xC1, 0xF0, 0x00, 0x00, 0x00, 0x70, 0x01, 0xC0, 0x0F, 0x00, 0x38, 0xFF, 0xFF, 0xFF, 0xFF, 0xFF,
    0xC0, 0xE0, 0x07, 0x03, 0xFF, 0xFF, 0xFF, 0xFF, 0xFF, 0x1C, 0x00, 0xF0, 0x03, 0x80, 0x0C, 0x00,
    0x00, 0x00, 0x00, 0x1C, 0x00, 0xFE, 0x07, 0xFC, 0x1F, 0xE0, 0x7F, 0x80, 0x7E, 0x00, 0x7F, 0x80,
    0x1F, 0xF0, 0x03, 0xFC, 0x00, 0xFC, 0x00, 0x1C, 0x00, 0x00, 0x7F, 0xFF, 0xFF, 0xFF, 0xFF, 0xFF,
    0x00, 0x00, 0x3C, 0x00, 0x3F, 0x00, 0x3F, 0xE0, 0x07, 0xFC, 0x01, 0xFF, 0x00, 0x3F, 0x01, 0xFF,
    0x0F, 0xF8, 0x3F, 0xE0, 0x3F, 0x00, 0x38, 0x00, 0x00, 0x00, 0x7F, 0xFF, 0x7F, 0xFF, 0x7F, 0xFF,
    0x00, 0x00, 0x40, 0x7F, 0x1F, 0xC3, 0xF9, 0xFE, 0x3C, 0x8F, 0x21, 0xC0, 0x70, 0x0E, 0x03, 0x80,
    0x70, 0x1C, 0x1F, 0xF7, 0xFC, 0xFF, 0xBF, 0xE7, 0xFD, 0xFF, 0x07, 0x01, 0xC0, 0x38, 0x0E, 0x01,
    0xC0, 0x70, 0x0E, 0x03, 0x80, 0x70, 0x1C, 0x03, 0x80, 0xE0, 0x1C, 0x07, 0x00, 0xE0, 0x38, 0x07,
    0x01, 0xC0, 0x38, 0x0E, 0x01, 0xC0, 0x70, 0x0E, 0x03, 0x80, 0x70, 0x1C, 0x00, 0x00, 0x00, 0x00,
    0x03, 0xC1, 0xF1, 0xE1, 0xFC, 0xF1, 0xFE, 0x78, 0xF2, 0x00, 0x70, 0x00, 0x38, 0x00, 0xFF, 0xC7,
    0x7F, 0xE3, 0xBF, 0xF1, 0xC3, 0x80, 0xE1, 0xC0, 0x70, 0xE0, 0x38, 0x70, 0x1C, 0x38, 0x0E, 0x1C,
    0x07, 0x0E, 0x03, 0x87, 0x01, 0xC3, 0x80, 0xE1, 0xC0, 0x70, 0xE0, 0x38, 0x70, 0x1C, 0x38, 0x0E,
    0x07, 0xC7, 0x0F, 0xE7, 0x1F, 0xE7, 0x1E, 0x47, 0x1C, 0x07, 0x1C, 0x07, 0xFF, 0xC7, 0xFF, 0xC7,
    0xFF, 0xC7, 0x1C, 0x07, 0x1C, 0x07, 0x1C, 0x07, 0x1C, 0x07, 0x1C, 0x07, 0x1C, 0x07, 0x1C, 0x07,
    0x1C, 0x07, 0x1C, 0x07, 0x1C, 0x07, 0x1C, 0x07, 0x1C, 0x07, 0x1C, 0x07, 0x00, 0x80, 0x60, 0x07,
    0xF1, 0xFD, 0xC3, 0xF9, 0xFE, 0xE3, 0xC0, 0xF2, 0x71, 0xC0, 0x70, 0x00, 0xE0, 0x38, 0x00, 0x70,
    0x1C, 0x01, 0xFF, 0x7F, 0xC7, 0xFF, 0xBF, 0xE3, 0xFF, 0xDF, 0xF1, 0xC7, 0x01, 0xC0, 0xE3, 0x80,
    0xE0, 0x71, 0xC0, 0x70, 0x38, 0xE0, 0x38, 0x1C, 0x70, 0x1C, 0x0E, 0x38, 0x0E, 0x07, 0x1C, 0x07,
    0x03, 0x8E, 0x03, 0x81, 0xC7, 0x01, 0xC0, 0xE3, 0x80, 0xE0, 0x71, 0xC0, 0x70, 0x38, 0xE0, 0x38,
    0x1C, 0x70, 0x1C, 0x0E, 0x07, 0xE1, 0xFB, 0x87, 0xF1, 0xFD, 0xC7, 0xF9, 0xFC, 0xE3, 0x80, 0xE0,
    0x71, 0xC0, 0x70, 0x38, 0xE0, 0x38, 0x1F, 0xFE, 0xFF, 0x8F, 0xFF, 0x7F, 0xC7, 0xFF, 0xBF, 0xE3,
    0x8E, 0x03, 0x81, 0xC7, 0x01, 0xC0, 0xE3, 0x80, 0xE0, 0x71, 0xC0, 0x70, 0x38, 0xE0, 0x38, 0x1C,
    0x70, 0x1C, 0x0E, 0x38, 0x0E, 0x07, 0x1C, 0x07, 0x03, 0x8E, 0x03, 0x81, 0xC7, 0x01, 0xC0, 0xE3,
    0x80, 0xE0, 0x71, 0xC0, 0x70, 0x38, 0xE0, 0x38, 0x1C, 0x3F, 0xC0, 0x7F, 0xE0, 0xFF, 0xF0, 0xF0,
    0x70, 0xE0, 0x70, 0xE0, 0x70, 0xE0, 0x70, 0xE1, 0xFF, 0xE1, 0xFF, 0xE1, 0xFF, 0xE0, 0x70, 0xE0,
    0x70, 0xE0, 0x70, 0xE0, 0x70, 0xE0, 0x70, 0xE0, 0x70, 0xE0, 0x70, 0xE0, 0x70, 0xE0, 0x70, 0xE0,
    0x78, 0xE0, 0x7F, 0xE0, 0x3F, 0xE0, 0x1F, 0x00, 0x7F, 0x00, 0x03, 0xFE, 0x00, 0x1F, 0xFC, 0x00,
    0x78, 0x70, 0x01, 0xC1, 0xC0, 0x07, 0x87, 0x03, 0xFE, 0x7F, 0xDF, 0xF9, 0xFF, 0xFF, 0xE7, 0xFF,
    0x80, 0x07, 0x0E, 0x00, 0x1C, 0x3C, 0x00, 0x70, 0xFC, 0x01, 0xC0, 0xFE, 0x07, 0x01, 0xFC, 0x1C,
    0x00, 0xF8, 0x70, 0x01, 0xE1, 0xC0, 0x03, 0x87, 0x08, 0x0E, 0x1C, 0x3F, 0xF8, 0x7F, 0xFF, 0xC1,
    0xFF, 0xFE, 0x03, 0xF0, 0x00, 0x06, 0x00, 0x00, 0x01, 0xE0, 0x00, 0x00, 0x7E, 0x00, 0x00, 0x1F,
    0xE0, 0x00, 0x07, 0xFE, 0x00, 0x01, 0xFF, 0xE0, 0x00, 0x78, 0x3E, 0x00, 0x1C, 0x03, 0xE0, 0x07,
    0xDE, 0x3E, 0x01, 0xFF, 0xE7, 0xE0, 0x7F, 0xFC, 0xFE, 0x1F, 0xFF, 0x1F, 0xE7, 0xFF, 0xC7, 0xFF,
    0xFF, 0xF1, 0xFF, 0xDF, 0xFC, 0x7F, 0xF1, 0xFF, 0x9F, 0xFC, 0x1F, 0xF3, 0xFF, 0x01, 0xFF, 0xFF,
    0xC0, 0x1F, 0xFF, 0xF0, 0x01, 0xF9, 0xFC, 0x00, 0x1F, 0x1F, 0x00, 0x01, 0xE3, 0xC0, 0x00, 0x1F,
    0xF0, 0x00, 0x01, 0xFC, 0x00, 0x00, 0x1F, 0x00, 0x00, 0x01, 0xC0, 0x00, 0x00, 0x10, 0x00, 0x00,
};

static const EpdGlyph lexenddeca_14_regularGlyphs[] = {
    { 0, 0, 0, 0, 0, 0, 0 }, // U+0000
    { 0, 0, 129, 0, 0, 0, 0 }, // U+000D
    { 0, 0, 131, 0, 0, 0, 0 }, // U+0020
    { 4, 21, 110, 1, 21, 11, 0 }, // !
    { 11, 8, 192, 1, 21, 11, 11 }, // "
    { 18, 21, 316, 1, 21, 48, 22 }, // #
    { 17, 27, 291, 0, 24, 58, 70 }, // $
    { 23, 21, 392, 1, 21, 61, 128 }, // %
    { 20, 21, 345, 1, 21, 53, 189 }, // &
    { 5, 8, 96, 1, 21, 5, 242 }, // '
    { 10, 27, 171, 1, 21, 34, 247 }, // (
    { 11, 27, 171, 0, 21, 38, 281 }, // )
    { 10, 10, 181, 1, 21, 13, 319 }, // *
    { 15, 15, 276, 1, 16, 29, 332 }, // +
    { 6, 9, 125, 1, 3, 7, 361 }, // ,
    { 8, 3, 184, 2, 10, 3, 368 }, // -
    { 4, 4, 106, 1, 4, 2, 371 }, // .
    { 16, 25, 260, 0, 21, 50, 373 }, // /
    { 15, 21, 283, 1, 21, 40, 423 }, // 0
    { 11, 21, 233, 2, 21, 29, 463 }, // 1
    { 14, 21, 256, 1, 21, 37, 492 }, // 2
    { 15, 21, 247, 0, 21, 40, 529 }, // 3
    { 17, 21, 289, 0, 21, 45, 569 }, // 4
    { 15, 21, 265, 1, 21, 40, 614 }, // 5
    { 15, 21, 260, 1, 21, 40, 654 }, // 6
    { 14, 21, 253, 2, 21, 37, 694 }, // 7
    { 14, 21, 270, 2, 21, 37, 731 }, // 8
    { 14, 21, 257, 1, 21, 37, 768 }, // 9
    { 4, 16, 106, 1, 16, 8, 805 }, // :
    { 6, 21, 122, 1, 16, 16, 813 }, // ;
    { 12, 15, 245, 1, 15, 23, 829 }, // <
    { 14, 8, 264, 1, 12, 14, 852 }, // =
    { 13, 15, 245, 1, 15, 25, 866 }, // >
    { 13, 21, 239, 1, 21, 35, 891 }, // ?
    { 27, 26, 450, 1, 21, 88, 926 }, // @
    { 20, 21, 327, 0, 21, 53, 1014 }, // A
    { 16, 21, 318, 3, 21, 42, 1067 }, // B
    { 18, 21, 317, 1, 21, 48, 1109 }, // C
    { 18, 21, 349, 3, 21, 48, 1157 }, // D
    { 13, 21, 287, 3, 21, 35, 1205 }, // E
    { 14, 21, 281, 3, 21, 37, 1240 }, // F
    { 20, 21, 358, 1, 21, 53, 1277 }, // G
    { 17, 21, 355, 3, 21, 45, 1330 }, // H
    { 10, 21, 223, 2, 21, 27, 1375 }, // I
    { 16, 21, 300, 1, 21, 42, 1402 }, // J
    { 18, 21, 342, 3, 21, 48, 1444 }, // K
    { 13, 21, 280, 3, 21, 35, 1492 }, // L
    { 20, 21, 403, 3, 21, 53, 1527 }, // M
    { 18, 21, 370, 3, 21, 48, 1580 }, // N
    { 20, 21, 365, 1, 21, 53, 1628 }, // O
    { 15, 21, 296, 3, 21, 40, 1681 }, // P
    { 20, 24, 365, 1, 21, 60, 1721 }, // Q
    { 16, 21, 324, 3, 21, 42, 1781 }, // R
    { 17, 21, 291, 0, 21, 45, 1823 }, // S
    { 15, 21, 269, 1, 21, 40, 1868 }, // T
    { 17, 21, 345, 3, 21, 45, 1908 }, // U
    { 21, 21, 334, 0, 21, 56, 1953 }, // V
    { 29, 21, 465, 0, 21, 77, 2009 }, // W
    { 20, 21, 320, 0, 21, 53, 2086 }, // X
    { 20, 21, 308, -1, 21, 53, 2139 }, // Y
    { 16, 21, 308, 2, 21, 42, 2192 }, // Z
    { 8, 27, 188, 2, 21, 27, 2234 }, // [
    { 15, 24, 260, 1, 21, 45, 2261 }, // <backslash>
    { 9, 27, 188, 2, 21, 31, 2306 }, // ]
    { 17, 11, 270, 0, 22, 24, 2337 }, // ^
    { 17, 3, 322, 2, -2, 7, 2361 }, // _
    { 7, 6, 233, 4, 24, 6, 2368 }, // `
    { 16, 16, 295, 1, 16, 32, 2374 }, // a
    { 16, 22, 294, 2, 22, 44, 2406 }, // b
    { 14, 16, 250, 1, 16, 28, 2450 }, // c
    { 16, 22, 296, 1, 22, 44, 2478 }, // d
    { 15, 16, 274, 1, 16, 30, 2522 }, // e
    { 11, 22, 183, 1, 22, 31, 2552 }, // f
    { 16, 23, 303, 1, 16, 46, 2583 }, // g
    { 14, 22, 278, 2, 22, 39, 2629 }, // h
    { 4, 23, 130, 2, 23, 12, 2668 }, // i
    { 7, 29, 124, -1, 23, 26, 2680 }, // j
    { 15, 22, 265, 2, 22, 42, 2706 }, // k
    { 4, 22, 117, 2, 22, 11, 2748 }, // l
    { 23, 16, 430, 2, 16, 46, 2759 }, // m
    { 14, 16, 278, 2, 16, 28, 2805 }, // n
    { 16, 16, 287, 1, 16, 32, 2833 }, // o
    { 16, 22, 295, 2, 16, 44, 2865 }, // p
    { 16, 22, 294, 1, 16, 44, 2909 }, // q
    { 10, 16, 188, 2, 16, 20, 2953 }, // r
    { 13, 16, 224, 1, 16, 26, 2973 }, // s
    { 10, 20, 179, 1, 20, 25, 2999 }, // t
    { 14, 16, 282, 2, 16, 28, 3024 }, // u
    { 17, 16, 267, 0, 16, 34, 3052 }, // v
    { 23, 16, 373, 0, 16, 46, 3086 }, // w
    { 16, 16, 262, 0, 16, 32, 3132 }, // x
    { 18, 23, 271, 0, 16, 52, 3164 }, // y
    { 11, 16, 226, 1, 16, 22, 3216 }, // z
    { 11, 29, 192, 1, 22, 40, 3238 }, // {
    { 4, 28, 108, 2, 22, 14, 3278 }, // |
    { 11, 29, 192, 0, 22, 40, 3292 }, // }
    { 13, 5, 238, 1, 12, 9, 3332 }, // ~
    { 0, 0, 131, 0, 0, 0, 3341 }, // U+00A0
    { 4, 21, 110, 1, 16, 11, 3341 }, // U+00A1
    { 15, 21, 250, 1, 21, 40, 3352 }, // U+00A2
    { 18, 21, 285, 0, 21, 48, 3392 }, // U+00A3
    { 14, 15, 257, 1, 17, 27, 3440 }, // U+00A4
    { 19, 21, 308, 0, 21, 50, 3467 }, // U+00A5
    { 4, 28, 112, 2, 22, 14, 3517 }, // U+00A6
    { 14, 25, 256, 1, 21, 44, 3531 }, // U+00A7
    { 10, 4, 233, 2, 23, 5, 3575 }, // U+00A8
    { 21, 22, 367, 1, 22, 58, 3580 }, // U+00A9
    { 9, 9, 170, 1, 20, 11, 3638 }, // U+00AA
    { 14, 14, 227, 0, 15, 25, 3649 }, // U+00AB
    { 18, 9, 313, 1, 12, 21, 3674 }, // U+00AC
    { 8, 3, 184, 2, 10, 3, 3695 }, // U+00AD
    { 13, 13, 237, 1, 21, 22, 3698 }, // U+00AE
    { 8, 3, 198, 3, 22, 3, 3720 }, // U+00AF
    { 10, 10, 248, 3, 22, 13, 3723 }, // U+00B0
    { 14, 16, 272, 1, 16, 28, 3736 }, // U+00B1
    { 8, 9, 161, 1, 22, 9, 3764 }, // U+00B2
    { 8, 10, 160, 1, 22, 10, 3773 }, // U+00B3
    { 7, 6, 233, 4, 24, 6, 3783 }, // U+00B4
    { 13, 20, 274, 2, 16, 33, 3789 }, // U+00B5
    { 17, 21, 332, 1, 21, 45, 3822 }, // U+00B6
    { 4, 4, 106, 1, 12, 2, 3867 }, // U+00B7
    { 8, 8, 233, 4, 1, 8, 3869 }, // U+00B8
    { 6, 9, 131, 1, 22, 7, 3877 }, // U+00B9
    { 9, 10, 165, 1, 21, 12, 3884 }, // U+00BA
    { 13, 14, 229, 1, 15, 23, 3896 }, // U+00BB
    { 21, 21, 370, 1, 20, 56, 3919 }, // U+00BC
    { 21, 21, 366, 1, 21, 56, 3975 }, // U+00BD
    { 22, 22, 369, 0, 21, 61, 4031 }, // U+00BE
    { 13, 21, 239, 1, 16, 35, 4092 }, // U+00BF
    { 20, 28, 327, 0, 28, 70, 4127 }, // U+00C0
    { 20, 28, 327, 0, 28, 70, 4197 }, // U+00C1
    { 20, 27, 327, 0, 27, 68, 4267 }, // U+00C2
    { 20, 27, 327, 0, 27, 68, 4335 }, // U+00C3
    { 20, 27, 327, 0, 27, 68, 4403 }, // U+00C4
    { 21, 27, 327, 0, 27, 71, 4471 }, // U+00C5
    { 27, 21, 452, 0, 21, 71, 4542 }, // U+00C6
    { 18, 28, 317, 1, 21, 63, 4613 }, // U+00C7
    { 13, 28, 287, 3, 28, 46, 4676 }, // U+00C8
    { 13, 28, 287, 3, 28, 46, 4722 }, // U+00C9
    { 13, 27, 287, 3, 27, 44, 4768 }, // U+00CA
    { 13, 27, 287, 3, 27, 44, 4812 }, // U+00CB
    { 10, 28, 223, 2, 28, 35, 4856 }, // U+00CC
    { 10, 28, 223, 2, 28, 35, 4891 }, // U+00CD
    { 10, 27, 223, 2, 27, 34, 4926 }, // U+00CE
    { 10, 27, 223, 2, 27, 34, 4960 }, // U+00CF
    { 20, 21, 349, 1, 21, 53, 4994 }, // U+00D0
    { 18, 27, 370, 3, 27, 61, 5047 }, // U+00D1
    { 20, 28, 365, 1, 28, 70, 5108 }, // U+00D2
    { 20, 28, 365, 1, 28, 70, 5178 }, // U+00D3
    { 20, 27, 365, 1, 27, 68, 5248 }, // U+00D4
    { 20, 27, 365, 1, 27, 68, 5316 }, // U+00D5
    { 20, 27, 365, 1, 27, 68, 5384 }, // U+00D6
    { 13, 13, 226, 1, 15, 22, 5452 }, // U+00D7
    { 20, 24, 359, 1, 22, 60, 5474 }, // U+00D8
    { 17, 28, 345, 3, 28, 60, 5534 }, // U+00D9
    { 17, 28, 345, 3, 28, 60, 5594 }, // U+00DA
    { 17, 27, 345, 3, 27, 58, 5654 }, // U+00DB
    { 17, 27, 345, 3, 27, 58, 5712 }, // U+00DC
    { 20, 28, 308, -1, 28, 70, 5770 }, // U+00DD
    { 15, 21, 296, 3, 21, 40, 5840 }, // U+00DE
    { 17, 22, 310, 1, 22, 47, 5880 }, // U+00DF
    { 16, 24, 295, 1, 24, 48, 5927 }, // U+00E0
    { 16, 24, 295, 1, 24, 48, 5975 }, // U+00E1
    { 16, 23, 295, 1, 23, 46, 6023 }, // U+00E2
    { 16, 23, 295, 1, 23, 46, 6069 }, // U+00E3
    { 16, 23, 295, 1, 23, 46, 6115 }, // U+00E4
    { 16, 25, 295, 1, 25, 50, 6161 }, // U+00E5
    { 24, 16, 420, 1, 16, 48, 6211 }, // U+00E6
    { 15, 23, 250, 1, 16, 44, 6259 }, // U+00E7
    { 15, 24, 274, 1, 24, 45, 6303 }, // U+00E8
    { 15, 24, 274, 1, 24, 45, 6348 }, // U+00E9
    { 15, 23, 274, 1, 23, 44, 6393 }, // U+00EA
    { 15, 23, 274, 1, 23, 44, 6437 }, // U+00EB
    { 7, 24, 113, -1, 24, 21, 6481 }, // U+00EC
    { 7, 24, 113, 0, 24, 21, 6502 }, // U+00ED
    { 11, 23, 113, -2, 23, 32, 6523 }, // U+00EE
    { 10, 23, 113, -1, 23, 29, 6555 }, // U+00EF
    { 14, 23, 268, 1, 23, 41, 6584 }, // U+00F0
    { 14, 23, 278, 2, 23, 41, 6625 }, // U+00F1
    { 16, 24, 287, 1, 24, 48, 6666 }, // U+00F2
    { 16, 24, 287, 1, 24, 48, 6714 }, // U+00F3
    { 16, 23, 287, 1, 23, 46, 6762 }, // U+00F4
    { 16, 23, 287, 1, 23, 46, 6808 }, // U+00F5
    { 16, 23, 287, 1, 23, 46, 6854 }, // U+00F6
    { 15, 15, 279, 1, 15, 29, 6900 }, // U+00F7
    { 16, 18, 287, 1, 17, 36, 6929 }, // U+00F8
    { 14, 24, 282, 2, 24, 42, 6965 }, // U+00F9
    { 14, 24, 282, 2, 24, 42, 7007 }, // U+00FA
    { 14, 23, 282, 2, 23, 41, 7049 }, // U+00FB
    { 14, 23, 282, 2, 23, 41, 7090 }, // U+00FC
    { 18, 31, 271, 0, 24, 70, 7131 }, // U+00FD
    { 16, 29, 295, 2, 23, 58, 7201 }, // U+00FE
    { 18, 30, 271, 0, 23, 68, 7259 }, // U+00FF
    { 20, 26, 327, 0, 26, 65, 7327 }, // U+0100
    { 16, 22, 295, 1, 22, 44, 7392 }, // U+0101
    { 20, 27, 327, 0, 27, 68, 7436 }, // U+0102
    { 16, 24, 295, 1, 24, 48, 7504 }, // U+0103
    { 21, 27, 327, 0, 21, 71, 7552 }, // U+0104
    { 16, 22, 295, 1, 16, 44, 7623 }, // U+0105
    { 18, 28, 317, 1, 28, 63, 7667 }, // U+0106
    { 14, 24, 250, 1, 24, 42, 7730 }, // U+0107
    { 18, 27, 317, 1, 27, 61, 7772 }, // U+0108
    { 14, 23, 250, 1, 23, 41, 7833 }, // U+0109
    { 18, 27, 317, 1, 27, 61, 7874 }, // U+010A
    { 14, 23, 250, 1, 23, 41, 7935 }, // U+010B
    { 18, 27, 317, 1, 27, 61, 7976 }, // U+010C
    { 14, 23, 250, 1, 23, 41, 8037 }, // U+010D
    { 18, 27, 349, 3, 27, 61, 8078 }, // U+010E
    { 21, 22, 305, 1, 22, 58, 8139 }, // U+010F
    { 20, 21, 349, 1, 21, 53, 8197 }, // U+0110
    { 18, 23, 296, 1, 23, 52, 8250 }, // U+0111
    { 13, 26, 287, 3, 26, 43, 8302 }, // U+0112
    { 15, 22, 274, 1, 22, 42, 8345 }, // U+0113
    { 13, 27, 287, 3, 27, 44, 8387 }, // U+0114
    { 15, 24, 274, 1, 24, 45, 8431 }, // U+0115
    { 13, 27, 287, 3, 27, 44, 8476 }, // U+0116
    { 16, 23, 274, 1, 23, 46, 8520 }, // U+0117
    { 13, 27, 287, 3, 21, 44, 8566 }, // U+0118
    { 15, 22, 274, 1, 16, 42, 8610 }, // U+0119
    { 13, 27, 287, 3, 27, 44, 8652 }, // U+011A
    { 15, 23, 274, 1, 23, 44, 8696 }, // U+011B
    { 20, 27, 358, 1, 27, 68, 8740 }, // U+011C
    { 16, 30, 303, 1, 23, 60, 8808 }, // U+011D
    { 20, 27, 358, 1, 27, 68, 8868 }, // U+011E
    { 16, 31, 303, 1, 24, 62, 8936 }, // U+011F
    { 20, 27, 358, 1, 27, 68, 8998 }, // U+0120
    { 16, 30, 303, 1, 23, 60, 9066 }, // U+0121
    { 20, 28, 358, 1, 21, 70, 9126 }, // U+0122
    { 16, 32, 303, 1, 25, 64, 9196 }, // U+0123
    { 17, 27, 355, 3, 27, 58, 9260 }, // U+0124
    { 14, 28, 278, 2, 28, 49, 9318 }, // U+0125
    { 22, 21, 400, 1, 21, 58, 9367 }, // U+0126
    { 16, 22, 278, 0, 22, 44, 9425 }, // U+0127
    { 10, 27, 223, 2, 27, 34, 9469 }, // U+0128
    { 9, 23, 113, -1, 23, 26, 9503 }, // U+0129
    { 10, 26, 223, 2, 26, 33, 9529 }, // U+012A
    { 8, 22, 113, -1, 22, 22, 9562 }, // U+012B
    { 10, 27, 223, 2, 27, 34, 9584 }, // U+012C
    { 11, 23, 113, -2, 23, 32, 9618 }, // U+012D
    { 10, 27, 223, 2, 21, 34, 9650 }, // U+012E
    { 7, 29, 113, -1, 23, 26, 9684 }, // U+012F
    { 10, 27, 223, 2, 27, 34, 9710 }, // U+0130
    { 4, 16, 113, 2, 16, 8, 9744 }, // U+0131
    { 29, 21, 523, 2, 21, 77, 9752 }, // U+0132
    { 12, 29, 253, 2, 23, 44, 9829 }, // U+0133
    { 16, 27, 300, 1, 27, 54, 9873 }, // U+0134
    { 11, 29, 123, -2, 23, 40, 9927 }, // U+0135
    { 18, 29, 342, 3, 21, 66, 9967 }, // U+0136
    { 14, 30, 265, 2, 22, 53, 10033 }, // U+0137
    { 14, 16, 259, 2, 16, 28, 10086 }, // U+0138
    { 15, 28, 280, 1, 28, 53, 10114 }, // U+0139
    { 8, 29, 117, 0, 29, 29, 10167 }, // U+013A
    { 13, 29, 280, 3, 21, 48, 10196 }, // U+013B
    { 5, 30, 117, 1, 22, 19, 10244 }, // U+013C
    { 13, 21, 280, 3, 21, 35, 10263 }, // U+013D
    { 9, 22, 126, 2, 22, 25, 10298 }, // U+013E
    { 13, 21, 280, 3, 21, 35, 10323 }, // U+013F
    { 9, 22, 164, 2, 22, 25, 10358 }, // U+0140
    { 16, 21, 298, 1, 21, 42, 10383 }, // U+0141
    { 9, 22, 118, -1, 22, 25, 10425 }, // U+0142
    { 18, 28, 370, 3, 28, 63, 10450 }, // U+0143
    { 14, 24, 278, 2, 24, 42, 10513 }, // U+0144
    { 18, 29, 370, 3, 21, 66, 10555 }, // U+0145
    { 14, 24, 278, 2, 16, 42, 10621 }, // U+0146
    { 18, 27, 370, 3, 27, 61, 10663 }, // U+0147
    { 14, 23, 278, 2, 23, 41, 10724 }, // U+0148
    { 19, 21, 297, -2, 21, 50, 10765 }, // U+0149
    { 18, 27, 370, 3, 21, 61, 10815 }, // U+014A
    { 14, 22, 278, 2, 16, 39, 10876 }, // U+014B
    { 20, 26, 365, 1, 26, 65, 10915 }, // U+014C
    { 16, 22, 287, 1, 22, 44, 10980 }, // U+014D
    { 20, 27, 365, 1, 27, 68, 11024 }, // U+014E
    { 16, 24, 287, 1, 24, 48, 11092 }, // U+014F
    { 20, 28, 365, 1, 28, 70, 11140 }, // U+0150
    { 16, 24, 287, 1, 24, 48, 11210 }, // U+0151
    { 27, 21, 479, 1, 21, 71, 11258 }, // U+0152
    { 28, 16, 475, 1, 16, 56, 11329 }, // U+0153
    { 16, 28, 324, 3, 28, 56, 11385 }, // U+0154
    { 10, 24, 188, 2, 24, 30, 11441 }, // U+0155
    { 16, 29, 324, 3, 21, 58, 11471 }, // U+0156
    { 11, 24, 188, 1, 16, 33, 11529 }, // U+0157
    { 16, 27, 324, 3, 27, 54, 11562 }, // U+0158
    { 10, 23, 188, 2, 23, 29, 11616 }, // U+0159
    { 17, 28, 291, 0, 28, 60, 11645 }, // U+015A
    { 13, 24, 224, 1, 24, 39, 11705 }, // U+015B
    { 17, 27, 291, 0, 27, 58, 11744 }, // U+015C
    { 13, 23, 224, 1, 23, 38, 11802 }, // U+015D
    { 17, 28, 291, 0, 21, 60, 11840 }, // U+015E
    { 13, 23, 224, 1, 16, 38, 11900 }, // U+015F
    { 17, 27, 291, 0, 27, 58, 11938 }, // U+0160
    { 13, 23, 224, 1, 23, 38, 11996 }, // U+0161
    { 15, 29, 269, 1, 21, 55, 12034 }, // U+0162
    { 10, 28, 179, 1, 20, 35, 12089 }, // U+0163
    { 15, 27, 269, 1, 27, 51, 12124 }, // U+0164
    { 12, 24, 179, 1, 24, 36, 12175 }, // U+0165
    { 15, 21, 269, 1, 21, 40, 12211 }, // U+0166
    { 10, 20, 179, 1, 20, 25, 12251 }, // U+0167
    { 17, 27, 345, 3, 27, 58, 12276 }, // U+0168
    { 14, 23, 282, 2, 23, 41, 12334 }, // U+0169
    { 17, 26, 345, 3, 26, 56, 12375 }, // U+016A
    { 14, 22, 282, 2, 22, 39, 12431 }, // U+016B
    { 17, 27, 345, 3, 27, 58, 12470 }, // U+016C
    { 14, 24, 282, 2, 24, 42, 12528 }, // U+016D
    { 17, 27, 345, 3, 27, 58, 12570 }, // U+016E
    { 14, 25, 282, 2, 25, 44, 12628 }, // U+016F
    { 17, 28, 345, 3, 28, 60, 12672 }, // U+0170
    { 14, 24, 282, 2, 24, 42, 12732 }, // U+0171
    { 17, 27, 345, 3, 21, 58, 12774 }, // U+0172
    { 14, 22, 282, 2, 16, 39, 12832 }, // U+0173
    { 29, 27, 465, 0, 27, 98, 12871 }, // U+0174
    { 23, 23, 373, 0, 23, 67, 12969 }, // U+0175
    { 20, 27, 308, -1, 27, 68, 13036 }, // U+0176
    { 18, 29, 271, 0, 23, 66, 13104 }, // U+0177
    { 20, 27, 308, 0, 27, 68, 13170 }, // U+0178
    { 16, 28, 308, 2, 28, 56, 13238 }, // U+0179
    { 11, 24, 226, 1, 24, 33, 13294 }, // U+017A
    { 16, 27, 308, 2, 27, 54, 13327 }, // U+017B
    { 11, 23, 226, 1, 23, 32, 13381 }, // U+017C
    { 16, 27, 308, 2, 27, 54, 13413 }, // U+017D
    { 11, 23, 226, 1, 23, 32, 13467 }, // U+017E
    { 9, 23, 152, 2, 23, 26, 13499 }, // U+017F
    { 20, 25, 365, 1, 25, 63, 13525 }, // U+01A0
    { 15, 20, 287, 1, 20, 38, 13588 }, // U+01A1
    { 20, 25, 345, 3, 25, 63, 13626 }, // U+01AF
    { 16, 20, 282, 2, 20, 40, 13689 }, // U+01B0
    { 35, 27, 636, 3, 27, 119, 13729 }, // U+01C4
    { 31, 23, 575, 3, 23, 90, 13848 }, // U+01C5
    { 30, 23, 522, 1, 23, 87, 13938 }, // U+01C6
    { 32, 21, 579, 3, 21, 84, 14025 }, // U+01C7
    { 21, 29, 403, 3, 23, 77, 14109 }, // U+01C8
    { 11, 29, 234, 2, 23, 40, 14186 }, // U+01C9
    { 38, 21, 670, 3, 21, 100, 14226 }, // U+01CA
    { 26, 29, 494, 3, 23, 95, 14326 }, // U+01CB
    { 21, 29, 401, 2, 23, 77, 14421 }, // U+01CC
    { 20, 27, 327, 0, 27, 68, 14498 }, // U+01CD
    { 16, 23, 295, 1, 23, 46, 14566 }, // U+01CE
    { 10, 27, 223, 2, 27, 34, 14612 }, // U+01CF
    { 9, 23, 113, -1, 23, 26, 14646 }, // U+01D0
    { 20, 27, 365, 1, 27, 68, 14672 }, // U+01D1
    { 16, 23, 287, 1, 23, 46, 14740 }, // U+01D2
    { 17, 27, 345, 3, 27, 58, 14786 }, // U+01D3
    { 14, 23, 282, 2, 23, 41, 14844 }, // U+01D4
    { 16, 30, 341, 3, 30, 60, 14885 }, // U+01D5
    { 13, 25, 288, 2, 25, 41, 14945 }, // U+01D6
    { 16, 31, 341, 3, 31, 62, 14986 }, // U+01D7
    { 13, 26, 288, 2, 26, 43, 15048 }, // U+01D8
    { 16, 32, 341, 3, 32, 64, 15091 }, // U+01D9
    { 13, 26, 288, 2, 26, 43, 15155 }, // U+01DA
    { 16, 31, 341, 3, 31, 62, 15198 }, // U+01DB
    { 13, 26, 288, 2, 26, 43, 15260 }, // U+01DC
    { 14, 16, 263, 1, 16, 28, 15303 }, // U+01DD
    { 19, 30, 298, 0, 30, 72, 15331 }, // U+01DE
    { 13, 25, 262, 1, 25, 41, 15403 }, // U+01DF
    { 20, 30, 298, 0, 30, 75, 15444 }, // U+01E0
    { 13, 25, 262, 1, 25, 41, 15519 }, // U+01E1
    { 25, 26, 411, -1, 26, 82, 15560 }, // U+01E2
    { 23, 21, 403, 1, 21, 61, 15642 }, // U+01E3
    { 19, 21, 340, 2, 21, 50, 15703 }, // U+01E4
    { 15, 23, 287, 2, 16, 44, 15753 }, // U+01E5
    { 20, 27, 358, 1, 27, 68, 15797 }, // U+01E6
    { 16, 30, 303, 1, 23, 60, 15865 }, // U+01E7
    { 16, 28, 289, 3, 28, 56, 15925 }, // U+01E8
    { 18, 29, 249, -2, 29, 66, 15981 }, // U+01E9
    { 20, 27, 365, 1, 21, 68, 16047 }, // U+01EA
    { 16, 22, 287, 1, 16, 44, 16115 }, // U+01EB
    { 19, 33, 365, 2, 26, 79, 16159 }, // U+01EC
    { 15, 28, 282, 2, 21, 53, 16238 }, // U+01ED
    { 15, 28, 273, 1, 28, 53, 16291 }, // U+01EE
    { 14, 30, 232, 0, 23, 53, 16344 }, // U+01EF
    { 11, 30, 120, -1, 23, 42, 16397 }, // U+01F0
    { 35, 21, 636, 3, 21, 92, 16439 }, // U+01F1
    { 31, 21, 575, 3, 21, 82, 16531 }, // U+01F2
    { 29, 22, 506, 2, 22, 80, 16613 }, // U+01F3
    { 17, 28, 340, 2, 28, 60, 16693 }, // U+01F4
    { 14, 30, 287, 2, 23, 53, 16753 }, // U+01F5
    { 22, 21, 438, 3, 21, 58, 16806 }, // U+01F6
    { 15, 28, 309, 3, 21, 53, 16864 }, // U+01F7
    { 17, 28, 355, 3, 28, 60, 16917 }, // U+01F8
    { 13, 23, 288, 2, 23, 38, 16977 }, // U+01F9
    { 21, 33, 327, 0, 33, 87, 17015 }, // U+01FA
    { 16, 31, 295, 1, 31, 62, 17102 }, // U+01FB
    { 27, 28, 452, 0, 28, 95, 17164 }, // U+01FC
    { 24, 24, 420, 1, 24, 72, 17259 }, // U+01FD
    { 20, 30, 359, 1, 28, 75, 17331 }, // U+01FE
    { 16, 25, 287, 1, 24, 50, 17406 }, // U+01FF
    { 20, 29, 327, 0, 29, 73, 17456 }, // U+0200
    { 16, 24, 295, 1, 24, 48, 17529 }, // U+0201
    { 20, 27, 327, 0, 27, 68, 17577 }, // U+0202
    { 16, 23, 295, 1, 23, 46, 17645 }, // U+0203
    { 14, 29, 287, 2, 29, 51, 17691 }, // U+0204
    { 16, 24, 274, 0, 24, 48, 17742 }, // U+0205
    { 13, 27, 287, 3, 27, 44, 17790 }, // U+0206
    { 15, 23, 274, 1, 23, 44, 17834 }, // U+0207
    { 13, 29, 223, -1, 29, 48, 17878 }, // U+0208
    { 13, 24, 113, -5, 24, 39, 17926 }, // U+0209
    { 10, 27, 223, 2, 27, 34, 17965 }, // U+020A
    { 11, 23, 113, -2, 23, 32, 17999 }, // U+020B
    { 20, 28, 365, 1, 28, 70, 18031 }, // U+020C
    { 17, 24, 287, 0, 24, 51, 18101 }, // U+020D
    { 20, 27, 365, 1, 27, 68, 18152 }, // U+020E
    { 16, 23, 287, 1, 23, 46, 18220 }, // U+020F
    { 17, 29, 324, 2, 29, 62, 18266 }, // U+0210
    { 13, 24, 188, -1, 24, 39, 18328 }, // U+0211
    { 16, 27, 324, 3, 27, 54, 18367 }, // U+0212
    { 10, 23, 188, 2, 23, 29, 18421 }, // U+0213
    { 17, 28, 345, 3, 28, 60, 18450 }, // U+0214
    { 16, 24, 282, 0, 24, 48, 18510 }, // U+0215
    { 17, 27, 345, 3, 27, 58, 18558 }, // U+0216
    { 14, 23, 282, 2, 23, 41, 18616 }, // U+0217
    { 17, 28, 291, 0, 21, 60, 18657 }, // U+0218
    { 12, 23, 224, 1, 16, 35, 18717 }, // U+0219
    { 15, 29, 269, 1, 21, 55, 18752 }, // U+021A
    { 10, 28, 179, 1, 20, 35, 18807 }, // U+021B
    { 15, 27, 268, 0, 21, 51, 18842 }, // U+021C
    { 12, 24, 232, 1, 16, 36, 18893 }, // U+021D
    { 16, 28, 346, 3, 28, 56, 18929 }, // U+021E
    { 17, 29, 288, -2, 29, 62, 18985 }, // U+021F
    { 7, 6, 0, 4, 24, 6, 19047 }, // U+0300
    { 7, 6, 0, 4, 24, 6, 19053 }, // U+0301
    { 10, 5, 0, 2, 22, 7, 19059 }, // U+0302
    { 10, 4, 0, 3, 22, 5, 19066 }, // U+0303
    { 8, 3, 0, 3, 22, 3, 19071 }, // U+0304
    { 12, 3, 0, -6, 26, 5, 19074 }, // U+0305
    { 11, 6, 0, 2, 24, 9, 19079 }, // U+0306
    { 4, 4, 0, 5, 23, 2, 19088 }, // U+0307
    { 10, 4, 0, 2, 23, 5, 19090 }, // U+0308
    { 6, 7, 0, 4, 24, 6, 19095 }, // U+0309
    { 7, 6, 0, 4, 24, 6, 19101 }, // U+030A
    { 13, 6, 0, 1, 24, 10, 19107 }, // U+030B
    { 10, 5, 0, 2, 23, 7, 19117 }, // U+030C
    { 3, 5, 0, -1, 22, 2, 19124 }, // U+030D
    { 7, 5, 0, -3, 22, 5, 19126 }, // U+030E
    { 13, 6, 0, 1, 24, 10, 19131 }, // U+030F
    { 9, 7, 0, -4, 25, 8, 19141 }, // U+0310
    { 11, 6, 0, 2, 23, 9, 19149 }, // U+0311
    { 5, 6, 0, 5, 24, 4, 19158 }, // U+0312
    { 6, 7, 0, -3, 21, 6, 19162 }, // U+0313
    { 6, 7, 0, -3, 21, 6, 19168 }, // U+0314
    { 6, 7, 0, -3, 21, 6, 19174 }, // U+0315
    { 6, 5, 0, -3, -1, 4, 19180 }, // U+0316
    { 6, 5, 0, -3, -1, 4, 19184 }, // U+0317
    { 5, 6, 0, -2, 0, 4, 19188 }, // U+0318
    { 5, 6, 0, -2, 0, 4, 19192 }, // U+0319
    { 8, 9, 146, 0, 24, 9, 19196 }, // U+031A
    { 6, 6, 0, 5, 19, 5, 19205 }, // U+031B
    { 3, 6, 0, -1, -1, 3, 19210 }, // U+031C
    { 6, 5, 0, -3, -1, 4, 19213 }, // U+031D
    { 6, 6, 0, -3, 0, 5, 19217 }, // U+031E
    { 6, 6, 0, -3, -1, 5, 19222 }, // U+031F
    { 7, 3, 0, -3, -2, 3, 19227 }, // U+0320
    { 6, 8, 0, -5, 1, 6, 19230 }, // U+0321
    { 5, 8, 0, 0, 1, 5, 19236 }, // U+0322
    { 4, 4, 0, 5, -2, 2, 19241 }, // U+0323
    { 10, 4, 0, 2, -2, 5, 19243 }, // U+0324
    { 7, 7, 0, -3, 0, 7, 19248 }, // U+0325
    { 5, 6, 0, 4, -1, 4, 19255 }, // U+0326
    { 8, 8, 0, 4, 1, 8, 19259 }, // U+0327
    { 7, 8, 0, 4, 2, 7, 19267 }, // U+0328
    { 3, 5, 0, -1, -1, 2, 19274 }, // U+0329
    { 10, 6, 0, -5, 0, 8, 19276 }, // U+032A
    { 11, 5, 0, -5, -1, 7, 19284 }, // U+032B
    { 10, 5, 0, -5, -1, 7, 19291 }, // U+032C
    { 10, 5, 0, -5, -1, 7, 19298 }, // U+032D
    { 11, 6, 0, 2, -1, 9, 19305 }, // U+032E
    { 10, 5, 0, -6, -1, 7, 19314 }, // U+032F
    { 12, 4, 0, -6, -1, 6, 19321 }, // U+0330
    { 8, 3, 0, 3, -2, 3, 19327 }, // U+0331
    { 13, 3, 0, -6, -2, 5, 19330 }, // U+0332
    { 12, 6, 0, -6, -1, 9, 19335 }, // U+0333
    { 12, 4, 0, -6, 10, 6, 19344 }, // U+0334
    { 8, 3, 0, 3, 10, 3, 19350 }, // U+0335
    { 21, 3, 0, -10, 10, 8, 19353 }, // U+0336
    { 10, 7, 0, -5, 12, 9, 19361 }, // U+0337
    { 12, 24, 0, -6, 22, 36, 19370 }, // U+0338
    { 4, 7, 0, -2, 0, 4, 19406 }, // U+0339
    { 10, 5, 0, -5, -1, 7, 19410 }, // U+033A
    { 11, 7, 0, -5, 0, 10, 19417 }, // U+033B
    { 11, 4, 0, -5, -2, 6, 19427 }, // U+033C
    { 6, 7, 0, -3, 23, 6, 19433 }, // U+033D
    { 5, 9, 0, -2, 25, 6, 19439 }, // U+033E
    { 12, 6, 0, -6, 28, 9, 19445 }, // U+033F
    { 7, 5, 0, -5, 23, 5, 19454 }, // U+0340
    { 7, 5, 0, -2, 23, 5, 19459 }, // U+0341
    { 12, 4, 0, -6, 22, 6, 19464 }, // U+0342
    { 5, 7, 0, -2, 24, 5, 19470 }, // U+0343
    { 10, 5, 0, -4, 23, 7, 19475 }, // U+0344
    { 5, 5, 0, -1, -2, 4, 19482 }, // U+0345
    { 13, 6, 0, -6, 24, 10, 19486 }, // U+0346
    { 12, 6, 0, -6, -1, 9, 19496 }, // U+0347
    { 7, 5, 0, -3, -1, 5, 19505 }, // U+0348
    { 6, 7, 0, -3, -1, 6, 19510 }, // U+0349
    { 12, 8, 0, -6, 24, 12, 19516 }, // U+034A
    { 11, 10, 0, -5, 27, 14, 19528 }, // U+034B
    { 10, 7, 0, -5, 25, 9, 19542 }, // U+034C
    { 11, 6, 0, -5, -1, 9, 19551 }, // U+034D
    { 6, 7, 0, -3, 0, 6, 19560 }, // U+034E
    { 0, 0, 0, 0, 0, 0, 19566 }, // U+034F
    { 5, 6, 0, -2, 23, 4, 19566 }, // U+0350
    { 3, 6, 0, -1, 23, 3, 19570 }, // U+0351
    { 10, 7, 0, -5, 25, 9, 19573 }, // U+0352
    { 6, 7, 0, -3, 0, 6, 19582 }, // U+0353
    { 5, 6, 0, -2, -1, 4, 19588 }, // U+0354
    { 5, 6, 0, -2, -1, 4, 19592 }, // U+0355
    { 12, 6, 0, -5, -1, 9, 19596 }, // U+0356
    { 4, 7, 0, -2, 24, 4, 19605 }, // U+0357
    { 3, 3, 0, 4, 21, 2, 19609 }, // U+0358
    { 8, 6, 0, -4, -1, 6, 19611 }, // U+0359
    { 12, 7, 0, -5, -1, 11, 19617 }, // U+035A
    { 6, 6, 0, -3, 23, 5, 19628 }, // U+035B
    { 24, 6, 0, -12, -1, 18, 19633 }, // U+035C
    { 24, 6, 0, -12, 23, 18, 19651 }, // U+035D
    { 18, 2, 0, -9, 20, 5, 19669 }, // U+035E
    { 18, 2, 0, -9, -2, 5, 19674 }, // U+035F
    { 24, 4, 0, -12, 22, 12, 19679 }, // U+0360
    { 24, 7, 0, -12, 26, 21, 19691 }, // U+0361
    { 23, 6, 0, -11, -1, 18, 19712 }, // U+0362
    { 6, 6, 0, -3, 24, 5, 19730 }, // U+0363
    { 6, 7, 0, -3, 25, 6, 19735 }, // U+0364
    { 2, 9, 0, -1, 27, 3, 19741 }, // U+0365
    { 6, 7, 0, -3, 25, 6, 19744 }, // U+0366
    { 7, 6, 0, -3, 24, 6, 19750 }, // U+0367
    { 6, 7, 0, -2, 25, 6, 19756 }, // U+0368
    { 6, 9, 0, -3, 27, 7, 19762 }, // U+0369
    { 7, 9, 0, -3, 27, 8, 19769 }, // U+036A
    { 10, 6, 0, -5, 24, 8, 19777 }, // U+036B
    { 5, 6, 0, -2, 24, 4, 19785 }, // U+036C
    { 6, 8, 0, -3, 26, 6, 19789 }, // U+036D
    { 8, 7, 0, -4, 25, 7, 19795 }, // U+036E
    { 7, 6, 0, -3, 24, 6, 19802 }, // U+036F
    { 12, 28, 260, 3, 28, 42, 19808 }, // U+0400
    { 12, 26, 260, 3, 26, 39, 19850 }, // U+0401
    { 19, 21, 334, 1, 21, 50, 19889 }, // U+0402
    { 12, 28, 238, 3, 28, 42, 19939 }, // U+0403
    { 16, 21, 298, 2, 21, 42, 19981 }, // U+0404
    { 14, 21, 256, 1, 21, 37, 20023 }, // U+0405
    { 3, 21, 133, 3, 21, 8, 20060 }, // U+0406
    { 7, 26, 133, 1, 26, 23, 20068 }, // U+0407
    { 8, 27, 127, -2, 21, 27, 20091 }, // U+0408
    { 28, 21, 471, 0, 21, 74, 20118 }, // U+0409
    { 26, 21, 479, 3, 21, 69, 20192 }, // U+040A
    { 19, 21, 334, 1, 21, 50, 20261 }, // U+040B
    { 16, 28, 292, 3, 28, 56, 20311 }, // U+040C
    { 17, 28, 353, 3, 28, 60, 20367 }, // U+040D
    { 19, 27, 288, -1, 27, 65, 20427 }, // U+040E
    { 16, 26, 341, 3, 21, 52, 20492 }, // U+040F
    { 19, 21, 298, 0, 21, 50, 20544 }, // U+0410
    { 14, 21, 287, 3, 21, 37, 20594 }, // U+0411
    { 15, 21, 303, 3, 21, 40, 20631 }, // U+0412
    { 12, 21, 238, 3, 21, 32, 20671 }, // U+0413
    { 21, 26, 340, 1, 21, 69, 20703 }, // U+0414
    { 12, 21, 260, 3, 21, 32, 20772 }, // U+0415
    { 27, 21, 422, 0, 21, 71, 20804 }, // U+0416
    { 15, 21, 269, 1, 21, 40, 20875 }, // U+0417
    { 17, 21, 353, 3, 21, 45, 20915 }, // U+0418
    { 17, 27, 353, 3, 27, 58, 20960 }, // U+0419
    { 16, 21, 292, 3, 21, 42, 21018 }, // U+041A
    { 18, 21, 326, 0, 21, 48, 21060 }, // U+041B
    { 21, 21, 423, 3, 21, 56, 21108 }, // U+041C
    { 16, 21, 347, 3, 21, 42, 21164 }, // U+041D
    { 19, 21, 355, 2, 21, 50, 21206 }, // U+041E
    { 16, 21, 342, 3, 21, 42, 21256 }, // U+041F
    { 13, 21, 282, 3, 21, 35, 21298 }, // U+0420
    { 16, 21, 299, 2, 21, 42, 21333 }, // U+0421
    { 16, 21, 260, 1, 21, 42, 21375 }, // U+0422
    { 19, 21, 288, -1, 21, 50, 21417 }, // U+0423
    { 21, 21, 381, 2, 21, 56, 21467 }, // U+0424
    { 18, 21, 274, 0, 21, 48, 21523 }, // U+0425
    { 19, 26, 345, 3, 21, 62, 21571 }, // U+0426
    { 15, 21, 314, 2, 21, 40, 21633 }, // U+0427
    { 25, 21, 483, 3, 21, 66, 21673 }, // U+0428
    { 27, 26, 479, 3, 21, 88, 21739 }, // U+0429
    { 18, 21, 320, 1, 21, 48, 21827 }, // U+042A
    { 19, 21, 396, 3, 21, 50, 21875 }, // U+042B
    { 13, 21, 283, 3, 21, 35, 21925 }, // U+042C
    { 17, 21, 302, 1, 21, 45, 21960 }, // U+042D
    { 25, 21, 466, 3, 21, 66, 22005 }, // U+042E
    { 16, 21, 298, 0, 21, 42, 22071 }, // U+042F
    { 13, 16, 260, 1, 16, 26, 22113 }, // U+0430
    { 15, 24, 279, 2, 24, 45, 22139 }, // U+0431
    { 13, 16, 263, 2, 16, 26, 22184 }, // U+0432
    { 10, 16, 204, 2, 16, 20, 22210 }, // U+0433
    { 17, 20, 283, 1, 16, 43, 22230 }, // U+0434
    { 13, 16, 257, 1, 16, 26, 22273 }, // U+0435
    { 23, 16, 354, 0, 16, 46, 22299 }, // U+0436
    { 12, 16, 228, 1, 16, 24, 22345 }, // U+0437
    { 13, 16, 290, 2, 16, 26, 22369 }, // U+0438
    { 13, 22, 290, 2, 22, 36, 22395 }, // U+0439
    { 13, 16, 248, 2, 16, 26, 22431 }, // U+043A
    { 15, 16, 274, 0, 16, 30, 22457 }, // U+043B
    { 18, 16, 358, 2, 16, 36, 22487 }, // U+043C
    { 13, 16, 287, 2, 16, 26, 22523 }, // U+043D
    { 15, 16, 277, 1, 16, 30, 22549 }, // U+043E
    { 13, 16, 283, 2, 16, 26, 22579 }, // U+043F
    { 14, 23, 284, 2, 16, 41, 22605 }, // U+0440
    { 12, 16, 230, 1, 16, 24, 22646 }, // U+0441
    { 13, 16, 217, 1, 16, 26, 22670 }, // U+0442
    { 16, 23, 238, 0, 16, 46, 22696 }, // U+0443
    { 19, 30, 344, 1, 23, 72, 22742 }, // U+0444
    { 15, 16, 239, 0, 16, 30, 22814 }, // U+0445
    { 15, 20, 286, 3, 16, 38, 22844 }, // U+0446
    { 13, 16, 275, 2, 16, 26, 22882 }, // U+0447
    { 22, 16, 417, 2, 16, 44, 22908 }, // U+0448
    { 24, 20, 419, 2, 16, 60, 22952 }, // U+0449
    { 17, 16, 291, 0, 16, 34, 23012 }, // U+044A
    { 17, 16, 354, 2, 16, 34, 23046 }, // U+044B
    { 12, 16, 254, 2, 16, 24, 23080 }, // U+044C
    { 12, 16, 231, 1, 16, 24, 23104 }, // U+044D
    { 20, 16, 373, 2, 16, 40, 23128 }, // U+044E
    { 14, 16, 269, 1, 16, 28, 23168 }, // U+044F
    { 13, 23, 257, 1, 23, 38, 23196 }, // U+0450
    { 13, 21, 257, 1, 21, 35, 23234 }, // U+0451
    { 16, 29, 289, 1, 22, 58, 23269 }, // U+0452
    { 10, 23, 204, 2, 23, 29, 23327 }, // U+0453
    { 12, 16, 230, 1, 16, 24, 23356 }, // U+0454
    { 11, 16, 218, 1, 16, 22, 23380 }, // U+0455
    { 3, 21, 120, 2, 21, 8, 23402 }, // U+0456
    { 6, 21, 120, 1, 21, 16, 23410 }, // U+0457
    { 7, 28, 120, -1, 21, 25, 23426 }, // U+0458
    { 24, 16, 401, 0, 16, 48, 23451 }, // U+0459
    { 22, 16, 415, 2, 16, 44, 23499 }, // U+045A
    { 16, 22, 290, 1, 22, 44, 23543 }, // U+045B
    { 13, 23, 248, 2, 23, 38, 23587 }, // U+045C
    { 13, 23, 290, 2, 23, 38, 23625 }, // U+045D
    { 16, 29, 238, 0, 22, 58, 23663 }, // U+045E
    { 13, 20, 283, 2, 16, 33, 23721 }, // U+045F
    { 25, 21, 429, 1, 21, 66, 23754 }, // U+0460
    { 22, 16, 368, 1, 16, 44, 23820 }, // U+0461
    { 18, 21, 315, 1, 21, 48, 23864 }, // U+0462
    { 17, 19, 296, 1, 19, 41, 23912 }, // U+0463
    { 24, 21, 430, 3, 21, 63, 23953 }, // U+0464
    { 19, 16, 346, 2, 16, 38, 24016 }, // U+0465
    { 21, 21, 319, 0, 21, 56, 24054 }, // U+0466
    { 18, 16, 267, -1, 16, 36, 24110 }, // U+0467
    { 25, 21, 434, 3, 21, 66, 24146 }, // U+0468
    { 21, 16, 364, 2, 16, 42, 24212 }, // U+0469
    { 21, 21, 340, 0, 21, 56, 24254 }, // U+046A
    { 19, 16, 299, 0, 16, 38, 24310 }, // U+046B
    { 26, 21, 459, 3, 21, 69, 24348 }, // U+046C
    { 22, 16, 396, 2, 16, 44, 24417 }, // U+046D
    { 15, 31, 274, 1, 25, 59, 24461 }, // U+046E
    { 13, 26, 229, 1, 20, 43, 24520 }, // U+046F
    { 19, 21, 375, 3, 21, 50, 24563 }, // U+0470
    { 18, 30, 355, 2, 23, 68, 24613 }, // U+0471
    { 19, 21, 365, 2, 21, 50, 24681 }, // U+0472
    { 15, 16, 282, 2, 16, 30, 24731 }, // U+0473
    { 20, 21, 296, -1, 21, 53, 24761 }, // U+0474
    { 16, 16, 241, 0, 16, 32, 24814 }, // U+0475
    { 20, 28, 296, -1, 28, 70, 24846 }, // U+0476
    { 16, 23, 241, 0, 23, 46, 24916 }, // U+0477
    { 34, 28, 569, 2, 21, 119, 24962 }, // U+0478
    { 31, 23, 511, 2, 16, 90, 25081 }, // U+0479
    { 20, 24, 383, 2, 22, 60, 25171 }, // U+047A
    { 16, 19, 308, 2, 17, 38, 25231 }, // U+047B
    { 27, 31, 479, 2, 31, 105, 25269 }, // U+047C
    { 23, 27, 422, 2, 27, 78, 25374 }, // U+047D
    { 25, 26, 429, 1, 26, 82, 25452 }, // U+047E
    { 22, 21, 368, 1, 21, 58, 25534 }, // U+047F
    { 17, 28, 300, 2, 21, 60, 25592 }, // U+0480
    { 12, 23, 230, 2, 16, 35, 25652 }, // U+0481
    { 16, 20, 284, 1, 19, 40, 25687 }, // U+0482
    { 11, 5, 0, -13, 21, 7, 25727 }, // U+0483
    { 11, 4, 0, -13, 22, 6, 25734 }, // U+0484
    { 4, 6, 0, -10, 23, 3, 25740 }, // U+0485
    { 4, 6, 0, -10, 23, 3, 25743 }, // U+0486
    { 11, 4, 0, -5, 26, 6, 25746 }, // U+0487
    { 33, 32, 0, -16, 24, 132, 25752 }, // U+0488
    { 32, 32, 0, -16, 24, 128, 25884 }, // U+0489
    { 20, 33, 366, 3, 27, 83, 26012 }, // U+048A
    { 17, 28, 308, 2, 22, 60, 26095 }, // U+048B
    { 16, 21, 287, 1, 21, 42, 26155 }, // U+048C
    { 16, 23, 277, 1, 23, 46, 26197 }, // U+048D
    { 14, 21, 286, 3, 21, 37, 26243 }, // U+048E
    { 14, 23, 287, 2, 16, 41, 26280 }, // U+048F
    { 12, 25, 248, 3, 25, 38, 26321 }, // U+0490
    { 10, 21, 204, 2, 21, 27, 26359 }, // U+0491
    { 14, 21, 247, 1, 21, 37, 26386 }, // U+0492
    { 12, 16, 203, 1, 16, 24, 26423 }, // U+0493
    { 15, 28, 304, 3, 21, 53, 26447 }, // U+0494
    { 12, 23, 249, 2, 16, 35, 26500 }, // U+0495
    { 27, 27, 422, -1, 21, 92, 26535 }, // U+0496
    { 23, 22, 372, 0, 16, 64, 26627 }, // U+0497
    { 14, 28, 269, 1, 21, 49, 26691 }, // U+0498
    { 12, 23, 228, 1, 16, 35, 26740 }, // U+0499
    { 17, 27, 313, 3, 21, 58, 26775 }, // U+049A
    { 14, 22, 260, 2, 16, 39, 26833 }, // U+049B
    { 16, 21, 292, 3, 21, 42, 26872 }, // U+049C
    { 13, 16, 247, 2, 16, 26, 26914 }, // U+049D
    { 19, 21, 292, 0, 21, 50, 26940 }, // U+049E
    { 15, 22, 249, 1, 22, 42, 26990 }, // U+049F
    { 21, 21, 323, 1, 21, 56, 27032 }, // U+04A0
    { 18, 16, 291, 1, 16, 36, 27088 }, // U+04A1
    { 19, 27, 352, 3, 21, 65, 27124 }, // U+04A2
    { 16, 22, 307, 2, 16, 44, 27189 }, // U+04A3
    { 21, 21, 380, 3, 21, 56, 27233 }, // U+04A4
    { 19, 16, 344, 2, 16, 38, 27289 }, // U+04A5
    { 27, 28, 493, 3, 21, 95, 27327 }, // U+04A6
    { 22, 23, 403, 2, 16, 64, 27422 }, // U+04A7
    { 20, 22, 364, 2, 21, 55, 27486 }, // U+04A8
    { 16, 17, 300, 2, 16, 34, 27541 }, // U+04A9
    { 16, 28, 295, 2, 21, 56, 27575 }, // U+04AA
    { 12, 23, 224, 2, 16, 35, 27631 }, // U+04AB
    { 16, 27, 260, 1, 21, 54, 27666 }, // U+04AC
    { 13, 22, 222, 1, 16, 36, 27720 }, // U+04AD
    { 17, 21, 264, 0, 21, 45, 27756 }, // U+04AE
    { 16, 23, 237, -1, 16, 46, 27801 }, // U+04AF
    { 17, 21, 264, 0, 21, 45, 27847 }, // U+04B0
    { 17, 23, 237, -1, 16, 49, 27892 }, // U+04B1
    { 19, 27, 295, -1, 21, 65, 27941 }, // U+04B2
    { 16, 22, 258, 0, 16, 44, 28006 }, // U+04B3
    { 24, 27, 402, 1, 21, 81, 28050 }, // U+04B4
    { 20, 22, 338, 1, 16, 55, 28131 }, // U+04B5
    { 18, 27, 328, 2, 21, 61, 28186 }, // U+04B6
    { 16, 22, 290, 2, 16, 44, 28247 }, // U+04B7
    { 15, 21, 326, 2, 21, 40, 28291 }, // U+04B8
    { 13, 16, 283, 2, 16, 26, 28331 }, // U+04B9
    { 15, 21, 326, 3, 21, 40, 28357 }, // U+04BA
    { 13, 22, 288, 2, 22, 36, 28397 }, // U+04BB
    { 22, 21, 396, 1, 21, 58, 28433 }, // U+04BC
    { 17, 16, 310, 1, 16, 34, 28491 }, // U+04BD
    { 22, 27, 396, 1, 21, 75, 28525 }, // U+04BE
    { 17, 21, 310, 1, 16, 45, 28600 }, // U+04BF
    { 8, 21, 158, 1, 21, 21, 28645 }, // U+04C0
    { 27, 27, 422, 0, 27, 92, 28666 }, // U+04C1
    { 23, 22, 354, 0, 22, 64, 28758 }, // U+04C2
    { 16, 28, 325, 3, 21, 56, 28822 }, // U+04C3
    { 13, 23, 261, 2, 16, 38, 28878 }, // U+04C4
    { 21, 26, 336, 1, 21, 69, 28916 }, // U+04C5
    { 18, 22, 274, 0, 16, 50, 28985 }, // U+04C6
    { 16, 28, 341, 3, 21, 56, 29035 }, // U+04C7
    { 14, 23, 290, 2, 16, 41, 29091 }, // U+04C8
    { 19, 27, 353, 3, 21, 65, 29132 }, // U+04C9
    { 17, 22, 309, 2, 16, 47, 29197 }, // U+04CA
    { 15, 27, 326, 2, 21, 51, 29244 }, // U+04CB
    { 13, 22, 286, 2, 16, 36, 29295 }, // U+04CC
    { 24, 27, 428, 3, 21, 81, 29331 }, // U+04CD
    { 20, 22, 352, 2, 16, 55, 29412 }, // U+04CE
    { 8, 21, 158, 1, 21, 21, 29467 }, // U+04CF
    { 19, 27, 298, 0, 27, 65, 29488 }, // U+04D0
    { 13, 22, 262, 1, 22, 36, 29553 }, // U+04D1
    { 20, 27, 298, -1, 27, 68, 29589 }, // U+04D2
    { 13, 21, 262, 1, 21, 35, 29657 }, // U+04D3
    { 25, 21, 411, -1, 21, 66, 29692 }, // U+04D4
    { 23, 16, 403, 1, 16, 46, 29758 }, // U+04D5
    { 12, 27, 260, 3, 27, 41, 29804 }, // U+04D6
    { 14, 22, 263, 2, 22, 39, 29845 }, // U+04D7
    { 18, 21, 345, 2, 21, 48, 29884 }, // U+04D8
    { 14, 16, 263, 1, 16, 28, 29932 }, // U+04D9
    { 18, 27, 345, 2, 27, 61, 29960 }, // U+04DA
    { 14, 21, 263, 1, 21, 37, 30021 }, // U+04DB
    { 27, 27, 422, 0, 27, 92, 30058 }, // U+04DC
    { 23, 21, 354, -1, 21, 61, 30150 }, // U+04DD
    { 14, 27, 269, 1, 27, 48, 30211 }, // U+04DE
    { 12, 21, 228, 0, 21, 32, 30259 }, // U+04DF
    { 15, 21, 273, 1, 21, 40, 30291 }, // U+04E0
    { 14, 23, 232, 0, 16, 41, 30331 }, // U+04E1
    { 17, 26, 353, 3, 26, 56, 30372 }, // U+04E2
    { 13, 20, 290, 2, 20, 33, 30428 }, // U+04E3
    { 17, 27, 353, 3, 27, 58, 30461 }, // U+04E4
    { 13, 21, 290, 2, 21, 35, 30519 }, // U+04E5
    { 19, 27, 365, 2, 27, 65, 30554 }, // U+04E6
    { 15, 21, 282, 2, 21, 40, 30619 }, // U+04E7
    { 19, 21, 365, 2, 21, 50, 30659 }, // U+04E8
    { 15, 16, 282, 2, 16, 30, 30709 }, // U+04E9
    { 19, 27, 365, 2, 27, 65, 30739 }, // U+04EA
    { 15, 21, 282, 2, 21, 40, 30804 }, // U+04EB
    { 17, 27, 302, 1, 27, 58, 30844 }, // U+04EC
    { 12, 21, 231, 1, 21, 32, 30902 }, // U+04ED
    { 19, 26, 288, 0, 26, 62, 30934 }, // U+04EE
    { 16, 27, 238, 0, 20, 54, 30996 }, // U+04EF
    { 18, 27, 288, 0, 27, 61, 31050 }, // U+04F0
    { 16, 28, 238, 0, 21, 56, 31111 }, // U+04F1
    { 19, 28, 288, -1, 28, 67, 31167 }, // U+04F2
    { 16, 30, 238, -1, 23, 60, 31234 }, // U+04F3
    { 15, 27, 314, 2, 27, 51, 31294 }, // U+04F4
    { 13, 21, 275, 2, 21, 35, 31345 }, // U+04F5
    { 12, 27, 247, 3, 21, 41, 31380 }, // U+04F6
    { 10, 22, 202, 2, 16, 28, 31421 }, // U+04F7
    { 19, 27, 396, 3, 27, 65, 31449 }, // U+04F8
    { 17, 21, 354, 2, 21, 45, 31514 }, // U+04F9
    { 14, 27, 247, 1, 21, 48, 31559 }, // U+04FA
    { 12, 22, 203, 1, 16, 33, 31607 }, // U+04FB
    { 19, 27, 295, 0, 21, 65, 31640 }, // U+04FC
    { 16, 22, 257, 0, 16, 44, 31705 }, // U+04FD
    { 18, 21, 274, 0, 21, 48, 31749 }, // U+04FE
    { 16, 16, 247, 0, 16, 32, 31797 }, // U+04FF
    { 17, 17, 295, 1, 17, 37, 31829 }, // U+05D0
    { 15, 17, 267, 1, 17, 32, 31866 }, // U+05D1
    { 10, 18, 175, 0, 17, 23, 31898 }, // U+05D2
    { 15, 17, 253, 1, 17, 32, 31921 }, // U+05D3
    { 15, 17, 293, 1, 17, 32, 31953 }, // U+05D4
    { 6, 17, 140, 1, 17, 13, 31985 }, // U+05D5
    { 9, 17, 154, 1, 17, 20, 31998 }, // U+05D6
    { 17, 17, 309, 1, 17, 37, 32018 }, // U+05D7
    { 15, 17, 296, 2, 17, 32, 32055 }, // U+05D8
    { 6, 10, 138, 1, 17, 8, 32087 }, // U+05D9
    { 14, 23, 254, 0, 17, 41, 32095 }, // U+05DA
    { 13, 17, 240, 1, 17, 28, 32136 }, // U+05DB
    { 14, 22, 244, 1, 22, 39, 32164 }, // U+05DC
    { 17, 17, 319, 1, 17, 37, 32203 }, // U+05DD
    { 18, 17, 308, 0, 17, 39, 32240 }, // U+05DE
    { 6, 23, 154, 1, 17, 18, 32279 }, // U+05DF
    { 8, 17, 177, 1, 17, 17, 32297 }, // U+05E0
    { 16, 17, 300, 1, 17, 34, 32314 }, // U+05E1
    { 15, 20, 277, 1, 18, 38, 32348 }, // U+05E2
    { 15, 23, 289, 1, 17, 44, 32386 }, // U+05E3
    { 15, 17, 281, 2, 17, 32, 32430 }, // U+05E4
    { 15, 23, 247, 0, 17, 44, 32462 }, // U+05E5
    { 14, 17, 260, 1, 17, 30, 32506 }, // U+05E6
    { 16, 23, 293, 2, 17, 46, 32536 }, // U+05E7
    { 13, 17, 244, 0, 17, 28, 32582 }, // U+05E8
    { 18, 17, 341, 2, 17, 39, 32610 }, // U+05E9
    { 18, 17, 320, 0, 17, 39, 32649 }, // U+05EA
    { 20, 27, 327, 0, 21, 68, 32688 }, // U+1EA0
    { 16, 22, 295, 1, 16, 44, 32756 }, // U+1EA1
    { 20, 29, 327, 0, 29, 73, 32800 }, // U+1EA2
    { 16, 24, 295, 1, 24, 48, 32873 }, // U+1EA3
    { 20, 32, 327, 0, 32, 80, 32921 }, // U+1EA4
    { 17, 29, 295, 1, 29, 62, 33001 }, // U+1EA5
    { 20, 32, 327, 0, 32, 80, 33063 }, // U+1EA6
    { 16, 29, 295, 1, 29, 58, 33143 }, // U+1EA7
    { 20, 32, 327, 1, 32, 80, 33201 }, // U+1EA8
    { 16, 28, 295, 1, 28, 56, 33281 }, // U+1EA9
    { 20, 32, 327, 1, 32, 80, 33337 }, // U+1EAA
    { 16, 28, 295, 1, 28, 56, 33417 }, // U+1EAB
    { 20, 33, 327, 0, 27, 83, 33473 }, // U+1EAC
    { 16, 29, 295, 1, 23, 58, 33556 }, // U+1EAD
    { 20, 33, 327, 0, 33, 83, 33614 }, // U+1EAE
    { 16, 29, 295, 1, 29, 58, 33697 }, // U+1EAF
    { 20, 33, 327, 0, 33, 83, 33755 }, // U+1EB0
    { 16, 29, 295, 1, 29, 58, 33838 }, // U+1EB1
    { 20, 32, 327, 0, 32, 80, 33896 }, // U+1EB2
    { 16, 29, 295, 1, 29, 58, 33976 }, // U+1EB3
    { 20, 32, 327, 1, 32, 80, 34034 }, // U+1EB4
    { 16, 29, 295, 1, 29, 58, 34114 }, // U+1EB5
    { 20, 33, 327, 0, 27, 83, 34172 }, // U+1EB6
    { 16, 29, 295, 1, 23, 58, 34255 }, // U+1EB7
    { 13, 27, 287, 3, 21, 44, 34313 }, // U+1EB8
    { 15, 22, 274, 1, 16, 42, 34357 }, // U+1EB9
    { 13, 29, 287, 3, 29, 48, 34399 }, // U+1EBA
    { 15, 24, 274, 1, 24, 45, 34447 }, // U+1EBB
    { 13, 27, 287, 3, 27, 44, 34492 }, // U+1EBC
    { 15, 23, 274, 1, 23, 44, 34536 }, // U+1EBD
    { 15, 32, 287, 3, 32, 60, 34580 }, // U+1EBE
    { 17, 29, 274, 1, 29, 62, 34640 }, // U+1EBF
    { 14, 32, 287, 3, 32, 56, 34702 }, // U+1EC0
    { 15, 29, 274, 1, 29, 55, 34758 }, // U+1EC1
    { 14, 32, 287, 3, 32, 56, 34813 }, // U+1EC2
    { 16, 28, 274, 1, 28, 56, 34869 }, // U+1EC3
    { 13, 32, 287, 3, 32, 52, 34925 }, // U+1EC4
    { 15, 28, 274, 1, 28, 53, 34977 }, // U+1EC5
    { 13, 33, 287, 3, 27, 54, 35030 }, // U+1EC6
    { 15, 29, 274, 1, 23, 55, 35084 }, // U+1EC7
    { 10, 29, 223, 2, 29, 37, 35139 }, // U+1EC8
    { 7, 24, 113, 0, 24, 21, 35176 }, // U+1EC9
    { 10, 27, 223, 2, 21, 34, 35197 }, // U+1ECA
    { 4, 29, 130, 2, 23, 15, 35231 }, // U+1ECB
    { 20, 27, 365, 1, 21, 68, 35246 }, // U+1ECC
    { 16, 22, 287, 1, 16, 44, 35314 }, // U+1ECD
    { 20, 29, 365, 1, 29, 73, 35358 }, // U+1ECE
    { 16, 24, 287, 1, 24, 48, 35431 }, // U+1ECF
    { 20, 32, 365, 1, 32, 80, 35479 }, // U+1ED0
    { 17, 29, 287, 1, 29, 62, 35559 }, // U+1ED1
    { 20, 32, 365, 1, 32, 80, 35621 }, // U+1ED2
    { 16, 29, 287, 1, 29, 58, 35701 }, // U+1ED3
    { 20, 32, 365, 1, 32, 80, 35759 }, // U+1ED4
    { 16, 28, 287, 1, 28, 56, 35839 }, // U+1ED5
    { 20, 32, 365, 1, 32, 80, 35895 }, // U+1ED6
    { 16, 28, 287, 1, 28, 56, 35975 }, // U+1ED7
    { 20, 33, 365, 1, 27, 83, 36031 }, // U+1ED8
    { 16, 29, 287, 1, 23, 58, 36114 }, // U+1ED9
    { 20, 28, 365, 1, 28, 70, 36172 }, // U+1EDA
    { 15, 24, 287, 1, 24, 45, 36242 }, // U+1EDB
    { 20, 28, 365, 1, 28, 70, 36287 }, // U+1EDC
    { 15, 24, 287, 1, 24, 45, 36357 }, // U+1EDD
    { 20, 29, 365, 1, 29, 73, 36402 }, // U+1EDE
    { 15, 24, 287, 1, 24, 45, 36475 }, // U+1EDF
    { 20, 27, 365, 1, 27, 68, 36520 }, // U+1EE0
    { 15, 23, 287, 1, 23, 44, 36588 }, // U+1EE1
    { 20, 31, 365, 1, 25, 78, 36632 }, // U+1EE2
    { 15, 25, 287, 1, 19, 47, 36710 }, // U+1EE3
    { 17, 27, 345, 3, 21, 58, 36757 }, // U+1EE4
    { 14, 22, 282, 2, 16, 39, 36815 }, // U+1EE5
    { 17, 29, 345, 3, 29, 62, 36854 }, // U+1EE6
    { 14, 24, 282, 2, 24, 42, 36916 }, // U+1EE7
    { 20, 28, 345, 3, 28, 70, 36958 }, // U+1EE8
    { 16, 24, 282, 2, 24, 48, 37028 }, // U+1EE9
    { 20, 28, 345, 3, 28, 70, 37076 }, // U+1EEA
    { 16, 24, 282, 2, 24, 48, 37146 }, // U+1EEB
    { 20, 29, 345, 3, 29, 73, 37194 }, // U+1EEC
    { 16, 24, 282, 2, 24, 48, 37267 }, // U+1EED
    { 20, 27, 345, 3, 27, 68, 37315 }, // U+1EEE
    { 16, 23, 282, 2, 23, 46, 37383 }, // U+1EEF
    { 20, 31, 345, 3, 25, 78, 37429 }, // U+1EF0
    { 16, 25, 282, 2, 19, 50, 37507 }, // U+1EF1
    { 20, 28, 308, -1, 28, 70, 37557 }, // U+1EF2
    { 18, 31, 271, 0, 24, 70, 37627 }, // U+1EF3
    { 20, 27, 308, 0, 21, 68, 37697 }, // U+1EF4
    { 18, 23, 271, 0, 16, 52, 37765 }, // U+1EF5
    { 20, 29, 308, -1, 29, 73, 37817 }, // U+1EF6
    { 18, 31, 271, -1, 24, 70, 37890 }, // U+1EF7
    { 20, 27, 308, 0, 27, 68, 37960 }, // U+1EF8
    { 18, 30, 271, 0, 23, 68, 38028 }, // U+1EF9
    { 0, 0, 233, 0, 0, 0, 38096 }, // U+2000
    { 0, 0, 467, 0, 0, 0, 38096 }, // U+2001
    { 0, 0, 233, 0, 0, 0, 38096 }, // U+2002
    { 0, 0, 467, 0, 0, 0, 38096 }, // U+2003
    { 0, 0, 155, 0, 0, 0, 38096 }, // U+2004
    { 0, 0, 117, 0, 0, 0, 38096 }, // U+2005
    { 0, 0, 78, 0, 0, 0, 38096 }, // U+2006
    { 0, 0, 257, 0, 0, 0, 38096 }, // U+2007
    { 0, 0, 121, 0, 0, 0, 38096 }, // U+2008
    { 0, 0, 96, 0, 0, 0, 38096 }, // U+2009
    { 0, 0, 48, 0, 0, 0, 38096 }, // U+200A
    { 0, 0, 0, 0, 0, 0, 38096 }, // U+200B
    { 2, 21, 0, -1, 20, 6, 38096 }, // U+200C
    { 7, 22, 0, -3, 21, 20, 38102 }, // U+200D
    { 8, 22, 0, -1, 20, 22, 38122 }, // U+200E
    { 7, 22, 0, -6, 20, 20, 38144 }, // U+200F
    { 8, 3, 184, 2, 10, 3, 38164 }, // U+2010
    { 7, 3, 150, 1, 10, 3, 38167 }, // U+2011
    { 12, 3, 240, 2, 10, 5, 38170 }, // U+2012
    { 12, 3, 240, 2, 10, 5, 38175 }, // U+2013
    { 22, 3, 405, 2, 10, 9, 38180 }, // U+2014
    { 22, 3, 405, 2, 10, 9, 38189 }, // U+2015
    { 9, 29, 257, 4, 22, 33, 38198 }, // U+2016
    { 12, 6, 192, 0, -1, 9, 38231 }, // U+2017
    { 6, 9, 112, 1, 23, 7, 38240 }, // U+2018
    { 7, 9, 112, 0, 22, 8, 38247 }, // U+2019
    { 6, 9, 125, 1, 3, 7, 38255 }, // U+201A
    { 5, 7, 82, 0, 21, 5, 38262 }, // U+201B
    { 12, 9, 209, 1, 23, 14, 38267 }, // U+201C
    { 12, 9, 208, 0, 22, 14, 38281 }, // U+201D
    { 12, 9, 230, 1, 3, 14, 38295 }, // U+201E
    { 11, 7, 168, 0, 21, 10, 38309 }, // U+201F
    { 11, 16, 205, 1, 22, 22, 38319 }, // U+2020
    { 9, 16, 189, 1, 22, 18, 38341 }, // U+2021
    { 8, 8, 161, 1, 14, 8, 38359 }, // U+2022
    { 8, 10, 172, 2, 16, 10, 38367 }, // U+2023
    { 4, 4, 233, 5, 4, 2, 38377 }, // U+2024
    { 12, 4, 250, 2, 4, 6, 38379 }, // U+2025
    { 16, 4, 282, 1, 4, 8, 38385 }, // U+2026
    { 4, 4, 125, 2, 9, 2, 38393 }, // U+2027
    { 0, 0, 280, 0, 0, 0, 38395 }, // U+2028
    { 0, 0, 280, 0, 0, 0, 38395 }, // U+2029
    { 8, 22, 0, -1, 18, 22, 38395 }, // U+202A
    { 7, 22, 0, -6, 18, 20, 38417 }, // U+202B
    { 7, 24, 0, -3, 20, 21, 38437 }, // U+202C
    { 8, 25, 0, -4, 20, 25, 38458 }, // U+202D
    { 7, 25, 0, -3, 20, 22, 38483 }, // U+202E
    { 0, 0, 77, 0, 0, 0, 38505 }, // U+202F
    { 32, 21, 555, 1, 21, 84, 38505 }, // U+2030
    { 43, 21, 721, 1, 21, 113, 38589 }, // U+2031
    { 7, 8, 108, 1, 21, 7, 38702 }, // U+2032
    { 11, 8, 192, 1, 21, 11, 38709 }, // U+2033
    { 17, 8, 273, 1, 21, 17, 38720 }, // U+2034
    { 7, 8, 108, -1, 21, 7, 38737 }, // U+2035
    { 12, 8, 205, -1, 21, 12, 38744 }, // U+2036
    { 17, 8, 281, -1, 21, 17, 38756 }, // U+2037
    { 12, 10, 186, 0, 3, 15, 38773 }, // U+2038
    { 7, 14, 127, 0, 15, 13, 38788 }, // U+2039
    { 7, 14, 128, 1, 15, 13, 38801 }, // U+203A
    { 21, 21, 391, 1, 21, 56, 38814 }, // U+203B
    { 11, 21, 233, 2, 21, 29, 38870 }, // U+203C
    { 13, 21, 207, 0, 21, 35, 38899 }, // U+203D
    { 15, 3, 233, 0, 25, 6, 38934 }, // U+203E
    { 18, 7, 284, 0, 0, 16, 38940 }, // U+203F
    { 18, 8, 284, 0, 25, 18, 38956 }, // U+2040
    { 11, 19, 175, 0, 12, 27, 38974 }, // U+2041
    { 33, 27, 522, 0, 22, 112, 39001 }, // U+2042
    { 7, 3, 150, 1, 10, 3, 39113 }, // U+2043
    { 18, 21, 283, 0, 21, 48, 39116 }, // U+2044
    { 7, 26, 151, 2, 21, 23, 39164 }, // U+2045
    { 7, 26, 151, 1, 21, 23, 39187 }, // U+2046
    { 25, 21, 399, -1, 21, 66, 39210 }, // U+2047
    { 18, 21, 317, -1, 21, 48, 39276 }, // U+2048
    { 17, 21, 318, 2, 21, 45, 39324 }, // U+2049
    { 14, 16, 267, 1, 16, 28, 39369 }, // U+204A
    { 15, 27, 306, 3, 22, 51, 39397 }, // U+204B
    { 15, 15, 298, 2, 16, 29, 39448 }, // U+204C
    { 15, 15, 298, 3, 16, 29, 39477 }, // U+204D
    { 14, 14, 257, 1, 7, 25, 39506 }, // U+204E
    { 6, 20, 111, 1, 16, 15, 39531 }, // U+204F
    { 18, 30, 282, 0, 23, 68, 39546 }, // U+2050
    { 14, 29, 257, 1, 22, 51, 39614 }, // U+2051
    { 11, 21, 174, 0, 21, 29, 39665 }, // U+2052
    { 25, 5, 467, 2, 11, 16, 39694 }, // U+2053
    { 18, 7, 282, 0, 0, 16, 39710 }, // U+2054
    { 15, 15, 267, 1, 15, 29, 39726 }, // U+2055
    { 12, 21, 241, 2, 21, 32, 39755 }, // U+2056
    { 22, 8, 346, 1, 21, 22, 39787 }, // U+2057
    { 21, 21, 384, 2, 21, 56, 39809 }, // U+2058
    { 21, 21, 387, 2, 21, 56, 39865 }, // U+2059
    { 3, 21, 103, 2, 21, 8, 39921 }, // U+205A
    { 16, 22, 305, 2, 22, 44, 39929 }, // U+205B
    { 21, 22, 372, 1, 22, 58, 39973 }, // U+205C
    { 4, 21, 125, 2, 21, 11, 40031 }, // U+205D
    { 4, 21, 125, 2, 21, 11, 40042 }, // U+205E
    { 0, 0, 104, 0, 0, 0, 40053 }, // U+205F
    { 0, 0, 280, 0, 0, 0, 40053 }, // U+2060
    { 0, 0, 280, 0, 0, 0, 40053 }, // U+2061
    { 0, 0, 280, 0, 0, 0, 40053 }, // U+2062
    { 0, 0, 280, 0, 0, 0, 40053 }, // U+2063
    { 0, 0, 280, 0, 0, 0, 40053 }, // U+2064
    { 0, 0, 0, 0, 0, 0, 40053 }, // U+2066
    { 0, 0, 0, 0, 0, 0, 40053 }, // U+2067
    { 0, 0, 0, 0, 0, 0, 40053 }, // U+2068
    { 0, 0, 0, 0, 0, 0, 40053 }, // U+2069
    { 7, 25, 0, -3, 20, 22, 40053 }, // U+206A
    { 8, 25, 0, -4, 20, 25, 40075 }, // U+206B
    { 7, 24, 0, -3, 20, 21, 40100 }, // U+206C
    { 7, 25, 0, -3, 21, 22, 40121 }, // U+206D
    { 7, 25, 0, -3, 21, 22, 40143 }, // U+206E
    { 7, 25, 0, -3, 20, 22, 40165 }, // U+206F
    { 9, 10, 170, 1, 22, 12, 40187 }, // U+2070
    { 2, 14, 78, 2, 22, 4, 40199 }, // U+2071
    { 9, 9, 182, 1, 22, 11, 40203 }, // U+2074
    { 9, 10, 167, 1, 22, 12, 40214 }, // U+2075
    { 8, 10, 160, 1, 22, 10, 40226 }, // U+2076
    { 8, 9, 152, 2, 22, 9, 40236 }, // U+2077
    { 7, 10, 165, 1, 22, 9, 40245 }, // U+2078
    { 8, 10, 155, 1, 22, 10, 40254 }, // U+2079
    { 8, 8, 158, 1, 21, 8, 40264 }, // U+207A
    { 8, 2, 158, 1, 18, 2, 40272 }, // U+207B
    { 8, 5, 158, 1, 20, 5, 40274 }, // U+207C
    { 5, 16, 105, 2, 27, 10, 40279 }, // U+207D
    { 6, 16, 105, 0, 27, 12, 40289 }, // U+207E
    { 9, 10, 188, 2, 18, 12, 40301 }, // U+207F
    { 9, 11, 170, 1, 5, 13, 40313 }, // U+2080
    { 6, 10, 131, 1, 4, 8, 40326 }, // U+2081
    { 8, 11, 161, 1, 5, 11, 40334 }, // U+2082
    { 8, 10, 160, 1, 4, 10, 40345 }, // U+2083
    { 9, 10, 182, 1, 4, 12, 40355 }, // U+2084
    { 9, 10, 167, 1, 4, 12, 40367 }, // U+2085
    { 8, 11, 160, 1, 5, 11, 40379 }, // U+2086
    { 8, 10, 152, 2, 4, 10, 40390 }, // U+2087
    { 7, 11, 165, 1, 5, 10, 40400 }, // U+2088
    { 8, 11, 155, 1, 5, 11, 40410 }, // U+2089
    { 8, 8, 158, 1, 6, 8, 40421 }, // U+208A
    { 8, 3, 158, 1, 3, 3, 40429 }, // U+208B
    { 8, 5, 158, 1, 4, 5, 40432 }, // U+208C
    { 5, 16, 105, 2, 11, 10, 40437 }, // U+208D
    { 6, 16, 105, 0, 11, 12, 40447 }, // U+208E
    { 8, 10, 170, 1, 7, 10, 40459 }, // U+2090
    { 9, 10, 171, 1, 7, 12, 40469 }, // U+2091
    { 10, 10, 183, 1, 7, 13, 40481 }, // U+2092
    { 10, 10, 161, 0, 7, 13, 40494 }, // U+2093
    { 9, 10, 171, 1, 7, 12, 40507 }, // U+2094
    { 9, 14, 188, 2, 11, 16, 40519 }, // U+2095
    { 9, 14, 162, 2, 11, 16, 40535 }, // U+2096
    { 3, 14, 78, 2, 11, 6, 40551 }, // U+2097
    { 15, 10, 284, 2, 7, 19, 40557 }, // U+2098
    { 9, 10, 188, 2, 7, 12, 40576 }, // U+2099
    { 10, 14, 187, 2, 7, 18, 40588 }, // U+209A
    { 7, 10, 145, 1, 7, 9, 40606 }, // U+209B
    { 7, 12, 110, 1, 9, 11, 40615 }, // U+209C
    { 15, 21, 267, 1, 21, 40, 40626 }, // U+20A0
    { 20, 28, 317, 0, 24, 70, 40666 }, // U+20A1
    { 14, 21, 267, 2, 21, 37, 40736 }, // U+20A2
    { 16, 21, 281, 1, 21, 42, 40773 }, // U+20A3
    { 18, 21, 285, 0, 21, 48, 40815 }, // U+20A4
    { 23, 23, 436, 2, 20, 67, 40863 }, // U+20A5
    { 23, 21, 371, 0, 21, 61, 40930 }, // U+20A6
    { 19, 21, 369, 2, 21, 50, 40991 }, // U+20A7
    { 21, 21, 389, 2, 21, 56, 41041 }, // U+20A8
    { 28, 21, 465, 0, 21, 74, 41097 }, // U+20A9
    { 19, 17, 370, 2, 17, 41, 41171 }, // U+20AA
    { 13, 21, 229, 1, 21, 35, 41212 }, // U+20AB
    { 17, 21, 302, 1, 21, 45, 41247 }, // U+20AC
    { 21, 21, 354, 1, 21, 56, 41292 }, // U+20AD
    { 16, 21, 267, 1, 21, 42, 41348 }, // U+20AE
    { 27, 28, 453, 1, 21, 95, 41390 }, // U+20AF
    { 15, 28, 267, 0, 21, 53, 41485 }, // U+20B0
    { 19, 21, 371, 2, 21, 50, 41538 }, // U+20B1
    { 20, 28, 358, 1, 24, 70, 41588 }, // U+20B2
    { 19, 21, 284, 0, 21, 50, 41658 }, // U+20B3
    { 15, 21, 256, 1, 21, 40, 41708 }, // U+20B4
    { 18, 26, 317, 1, 24, 59, 41748 }, // U+20B5
    { 17, 19, 290, 1, 19, 41, 41807 }, // U+20B6
    { 20, 23, 339, 0, 21, 58, 41848 }, // U+20B7
    { 15, 21, 255, 1, 21, 40, 41906 }, // U+20B8
    { 14, 22, 252, 1, 21, 39, 41946 }, // U+20B9
    { 16, 21, 284, 1, 21, 42, 41985 }, // U+20BA
    { 22, 21, 365, 1, 21, 58, 42027 }, // U+20BB
    { 17, 24, 355, 3, 24, 51, 42085 }, // U+20BC
    { 18, 21, 339, 2, 21, 48, 42136 }, // U+20BD
    { 19, 23, 360, 2, 23, 55, 42184 }, // U+20BE
    { 13, 27, 267, 3, 24, 44, 42239 }, // U+20BF
    { 12, 20, 230, 1, 16, 30, 42283 }, // U+20C0
    { 15, 22, 275, 1, 22, 42, 42313 }, // U+2202
    { 18, 17, 287, 0, 16, 39, 42355 }, // U+2205
    { 21, 21, 332, 0, 21, 56, 42394 }, // U+2206
    { 19, 27, 330, 1, 21, 65, 42450 }, // U+220F
    { 13, 20, 244, 1, 20, 33, 42515 }, // U+2211
    { 15, 3, 271, 1, 10, 6, 42548 }, // U+2212
    { 16, 27, 257, 0, 23, 54, 42554 }, // U+2215
    { 5, 5, 114, 1, 11, 4, 42608 }, // U+2219
    { 20, 25, 319, 0, 21, 63, 42612 }, // U+221A
    { 24, 12, 405, 1, 13, 36, 42675 }, // U+221E
    { 17, 26, 258, 0, 22, 56, 42711 }, // U+222B
    { 15, 11, 261, 1, 13, 21, 42767 }, // U+2248
    { 14, 16, 264, 1, 16, 28, 42788 }, // U+2260
    { 16, 16, 293, 1, 16, 32, 42816 }, // U+2264
    { 16, 16, 293, 1, 16, 32, 42848 }, // U+2265
    { 21, 23, 321, 1, 23, 61, 42880 }, // U+FB00
    { 17, 24, 313, 1, 24, 51, 42941 }, // U+FB01
    { 16, 22, 301, 1, 22, 44, 42992 }, // U+FB02
    { 25, 23, 442, 1, 23, 72, 43036 }, // U+FB03
    { 25, 22, 442, 1, 22, 69, 43108 }, // U+FB04
    { 16, 23, 314, 2, 23, 46, 43177 }, // U+FB05
    { 22, 22, 392, 2, 22, 61, 43223 }, // U+FB06
    { 27, 27, 467, 1, 22, 92, 43284 }, // U+FFFD
};

static const EpdUnicodeInterval lexenddeca_14_regularIntervals[] = {
    { 0x0, 0x0, 0x0 },
    { 0xD, 0xD, 0x1 },
    { 0x20, 0x7E, 0x2 },
    { 0xA0, 0x17F, 0x61 },
    { 0x1A0, 0x1A1, 0x141 },
    { 0x1AF, 0x1B0, 0x143 },
    { 0x1C4, 0x21F, 0x145 },
    { 0x300, 0x36F, 0x1A1 },
    { 0x400, 0x4FF, 0x211 },
    { 0x5D0, 0x5EA, 0x311 },
    { 0x1EA0, 0x1EF9, 0x32C },
    { 0x2000, 0x2064, 0x386 },
    { 0x2066, 0x2071, 0x3EB },
    { 0x2074, 0x208E, 0x3F7 },
    { 0x2090, 0x209C, 0x412 },
    { 0x20A0, 0x20C0, 0x41F },
    { 0x2202, 0x2202, 0x440 },
    { 0x2205, 0x2206, 0x441 },
    { 0x220F, 0x220F, 0x443 },
    { 0x2211, 0x2212, 0x444 },
    { 0x2215, 0x2215, 0x446 },
    { 0x2219, 0x221A, 0x447 },
    { 0x221E, 0x221E, 0x449 },
    { 0x222B, 0x222B, 0x44A },
    { 0x2248, 0x2248, 0x44B },
    { 0x2260, 0x2260, 0x44C },
    { 0x2264, 0x2265, 0x44D },
    { 0xFB00, 0xFB06, 0x44F },
    { 0xFFFD, 0xFFFD, 0x456 },
};

static const EpdKernClassEntry lexenddeca_14_regularKernLeftClasses[] = {
    { 0x0026, 1 }, // &
    { 0x0028, 2 }, // (
    { 0x002A, 3 }, // *
    { 0x002C, 4 }, // ,
    { 0x002E, 5 }, // .
    { 0x002F, 6 }, // /
    { 0x0030, 7 }, // 0
    { 0x0031, 8 }, // 1
    { 0x0032, 9 }, // 2
    { 0x0033, 10 }, // 3
    { 0x0034, 11 }, // 4
    { 0x0035, 12 }, // 5
    { 0x0036, 13 }, // 6
    { 0x0037, 14 }, // 7
    { 0x0038, 15 }, // 8
    { 0x0039, 16 }, // 9
    { 0x003C, 17 }, // <
    { 0x003E, 18 }, // >
    { 0x003F, 19 }, // ?
    { 0x0040, 20 }, // @
    { 0x0041, 21 }, // A
    { 0x0042, 22 }, // B
    { 0x0043, 23 }, // C
    { 0x0044, 24 }, // D
    { 0x0045, 25 }, // E
    { 0x0046, 26 }, // F
    { 0x0047, 27 }, // G
    { 0x0049, 28 }, // I
    { 0x004A, 29 }, // J
    { 0x004B, 30 }, // K
    { 0x004C, 31 }, // L
    { 0x004F, 24 }, // O
    { 0x0050, 32 }, // P
    { 0x0051, 33 }, // Q
    { 0x0052, 34 }, // R
    { 0x0053, 35 }, // S
    { 0x0054, 36 }, // T
    { 0x0055, 37 }, // U
    { 0x0056, 38 }, // V
    { 0x0057, 39 }, // W
    { 0x0058, 40 }, // X
    { 0x0059, 41 }, // Y
    { 0x005A, 42 }, // Z
    { 0x005B, 43 }, // [
    { 0x005C, 44 }, // <backslash>
    { 0x005F, 45 }, // _
    { 0x0061, 46 }, // a
    { 0x0062, 47 }, // b
    { 0x0063, 48 }, // c
    { 0x0064, 49 }, // d
    { 0x0065, 50 }, // e
    { 0x0066, 51 }, // f
    { 0x0067, 52 }, // g
    { 0x0068, 53 }, // h
    { 0x0069, 54 }, // i
    { 0x006A, 55 }, // j
    { 0x006B, 56 }, // k
    { 0x006C, 57 }, // l
    { 0x006D, 53 }, // m
    { 0x006E, 53 }, // n
    { 0x006F, 47 }, // o
    { 0x0070, 47 }, // p
    { 0x0071, 58 }, // q
    { 0x0072, 59 }, // r
    { 0x0073, 60 }, // s
    { 0x0074, 61 }, // t
    { 0x0075, 62 }, // u
    { 0x0076, 63 }, // v
    { 0x0077, 64 }, // w
    { 0x0078, 65 }, // x
    { 0x0079, 66 }, // y
    { 0x007A, 67 }, // z
    { 0x007B, 68 }, // {
    { 0x007D, 69 }, // }
    { 0x00A1, 70 }, // U+00A1
    { 0x00A3, 71 }, // U+00A3
    { 0x00B7, 72 }, // U+00B7
    { 0x00BF, 73 }, // U+00BF
    { 0x00C0, 21 }, // U+00C0
    { 0x00C1, 21 }, // U+00C1
    { 0x00C2, 21 }, // U+00C2
    { 0x00C3, 21 }, // U+00C3
    { 0x00C4, 21 }, // U+00C4
    { 0x00C5, 21 }, // U+00C5
    { 0x00C6, 25 }, // U+00C6
    { 0x00C8, 25 }, // U+00C8
    { 0x00C9, 25 }, // U+00C9
    { 0x00CA, 25 }, // U+00CA
    { 0x00CB, 25 }, // U+00CB
    { 0x00D0, 24 }, // U+00D0
    { 0x00D2, 24 }, // U+00D2
    { 0x00D3, 24 }, // U+00D3
    { 0x00D4, 24 }, // U+00D4
    { 0x00D5, 24 }, // U+00D5
    { 0x00D6, 24 }, // U+00D6
    { 0x00D8, 24 }, // U+00D8
    { 0x00D9, 37 }, // U+00D9
    { 0x00DA, 37 }, // U+00DA
    { 0x00DB, 37 }, // U+00DB
    { 0x00DC, 37 }, // U+00DC
    { 0x00DD, 41 }, // U+00DD
    { 0x00DE, 74 }, // U+00DE
    { 0x00DF, 75 }, // U+00DF
    { 0x00E0, 46 }, // U+00E0
    { 0x00E1, 46 }, // U+00E1
    { 0x00E2, 46 }, // U+00E2
    { 0x00E3, 46 }, // U+00E3
    { 0x00E4, 46 }, // U+00E4
    { 0x00E5, 46 }, // U+00E5
    { 0x00E7, 48 }, // U+00E7
    { 0x00E8, 50 }, // U+00E8
    { 0x00E9, 50 }, // U+00E9
    { 0x00EA, 50 }, // U+00EA
    { 0x00EB, 50 }, // U+00EB
    { 0x00EC, 54 }, // U+00EC
    { 0x00ED, 54 }, // U+00ED
    { 0x00EE, 54 }, // U+00EE
    { 0x00EF, 54 }, // U+00EF
    { 0x00F0, 76 }, // U+00F0
    { 0x00F1, 53 }, // U+00F1
    { 0x00F2, 47 }, // U+00F2
    { 0x00F3, 47 }, // U+00F3
    { 0x00F4, 47 }, // U+00F4
    { 0x00F5, 47 }, // U+00F5
    { 0x00F6, 47 }, // U+00F6
    { 0x00F8, 47 }, // U+00F8
    { 0x00F9, 62 }, // U+00F9
    { 0x00FA, 62 }, // U+00FA
    { 0x00FB, 62 }, // U+00FB
    { 0x00FC, 62 }, // U+00FC
    { 0x00FD, 66 }, // U+00FD
    { 0x00FE, 47 }, // U+00FE
    { 0x00FF, 66 }, // U+00FF
    { 0x0100, 21 }, // U+0100
    { 0x0101, 46 }, // U+0101
    { 0x0102, 21 }, // U+0102
    { 0x0103, 46 }, // U+0103
    { 0x0104, 21 }, // U+0104
    { 0x0105, 46 }, // U+0105
    { 0x0107, 48 }, // U+0107
    { 0x0109, 48 }, // U+0109
    { 0x010B, 48 }, // U+010B
    { 0x010D, 48 }, // U+010D
    { 0x010E, 24 }, // U+010E
    { 0x010F, 77 }, // U+010F
    { 0x0110, 24 }, // U+0110
    { 0x0111, 49 }, // U+0111
    { 0x0112, 25 }, // U+0112
    { 0x0113, 50 }, // U+0113
    { 0x0114, 25 }, // U+0114
    { 0x0115, 50 }, // U+0115
    { 0x0116, 25 }, // U+0116
    { 0x0117, 50 }, // U+0117
    { 0x0118, 25 }, // U+0118
    { 0x0119, 50 }, // U+0119
    { 0x011A, 25 }, // U+011A
    { 0x011B, 50 }, // U+011B
    { 0x011C, 27 }, // U+011C
    { 0x011D, 78 }, // U+011D
    { 0x011E, 27 }, // U+011E
    { 0x011F, 78 }, // U+011F
    { 0x0120, 27 }, // U+0120
    { 0x0121, 78 }, // U+0121
    { 0x0122, 27 }, // U+0122
    { 0x0123, 78 }, // U+0123
    { 0x0125, 53 }, // U+0125
    { 0x0127, 53 }, // U+0127
    { 0x0129, 54 }, // U+0129
    { 0x012B, 54 }, // U+012B
    { 0x012D, 54 }, // U+012D
    { 0x012F, 54 }, // U+012F
    { 0x0131, 54 }, // U+0131
    { 0x0132, 29 }, // U+0132
    { 0x0133, 55 }, // U+0133
    { 0x0134, 29 }, // U+0134
    { 0x0135, 55 }, // U+0135
    { 0x0136, 30 }, // U+0136
    { 0x0137, 56 }, // U+0137
    { 0x0138, 56 }, // U+0138
    { 0x0139, 31 }, // U+0139
    { 0x013A, 57 }, // U+013A
    { 0x013B, 31 }, // U+013B
    { 0x013C, 57 }, // U+013C
    { 0x013D, 31 }, // U+013D
    { 0x013E, 77 }, // U+013E
    { 0x013F, 31 }, // U+013F
    { 0x0140, 57 }, // U+0140
    { 0x0141, 31 }, // U+0141
    { 0x0142, 57 }, // U+0142
    { 0x0144, 53 }, // U+0144
    { 0x0146, 53 }, // U+0146
    { 0x0148, 53 }, // U+0148
    { 0x0149, 53 }, // U+0149
    { 0x014B, 53 }, // U+014B
    { 0x014C, 24 }, // U+014C
    { 0x014D, 47 }, // U+014D
    { 0x014E, 24 }, // U+014E
    { 0x014F, 47 }, // U+014F
    { 0x0150, 24 }, // U+0150
    { 0x0151, 47 }, // U+0151
    { 0x0152, 25 }, // U+0152
    { 0x0153, 50 }, // U+0153
    { 0x0154, 79 }, // U+0154
    { 0x0155, 59 }, // U+0155
    { 0x0156, 79 }, // U+0156
    { 0x0157, 59 }, // U+0157
    { 0x0158, 79 }, // U+0158
    { 0x0159, 59 }, // U+0159
    { 0x015A, 35 }, // U+015A
    { 0x015B, 60 }, // U+015B
    { 0x015C, 35 }, // U+015C
    { 0x015D, 60 }, // U+015D
    { 0x015E, 35 }, // U+015E
    { 0x015F, 60 }, // U+015F
    { 0x0160, 35 }, // U+0160
    { 0x0161, 60 }, // U+0161
    { 0x0162, 36 }, // U+0162
    { 0x0163, 61 }, // U+0163
    { 0x0164, 36 }, // U+0164
    { 0x0165, 61 }, // U+0165
    { 0x0166, 36 }, // U+0166
    { 0x0167, 61 }, // U+0167
    { 0x0168, 37 }, // U+0168
    { 0x0169, 62 }, // U+0169
    { 0x016A, 37 }, // U+016A
    { 0x016B, 62 }, // U+016B
    { 0x016C, 37 }, // U+016C
    { 0x016D, 62 }, // U+016D
    { 0x016E, 37 }, // U+016E
    { 0x016F, 62 }, // U+016F
    { 0x0170, 37 }, // U+0170
    { 0x0171, 62 }, // U+0171
    { 0x0172, 37 }, // U+0172
    { 0x0173, 62 }, // U+0173
    { 0x0174, 39 }, // U+0174
    { 0x0175, 64 }, // U+0175
    { 0x0176, 41 }, // U+0176
    { 0x0177, 66 }, // U+0177
    { 0x0178, 41 }, // U+0178
    { 0x0179, 42 }, // U+0179
    { 0x017A, 67 }, // U+017A
    { 0x017B, 42 }, // U+017B
    { 0x017C, 67 }, // U+017C
    { 0x017D, 42 }, // U+017D
    { 0x017E, 67 }, // U+017E
    { 0x01A0, 24 }, // U+01A0
    { 0x01A1, 47 }, // U+01A1
    { 0x01AF, 37 }, // U+01AF
    { 0x01B0, 62 }, // U+01B0
    { 0x01C4, 42 }, // U+01C4
    { 0x01C5, 67 }, // U+01C5
    { 0x01C6, 67 }, // U+01C6
    { 0x01C7, 29 }, // U+01C7
    { 0x01C8, 55 }, // U+01C8
    { 0x01C9, 57 }, // U+01C9
    { 0x01CA, 29 }, // U+01CA
    { 0x01CB, 55 }, // U+01CB
    { 0x01CC, 55 }, // U+01CC
    { 0x01CD, 21 }, // U+01CD
    { 0x01CE, 46 }, // U+01CE
    { 0x01D0, 54 }, // U+01D0
    { 0x01D1, 24 }, // U+01D1
    { 0x01D2, 47 }, // U+01D2
    { 0x01D3, 37 }, // U+01D3
    { 0x01D4, 62 }, // U+01D4
    { 0x01E6, 27 }, // U+01E6
    { 0x01E7, 78 }, // U+01E7
    { 0x01EA, 24 }, // U+01EA
    { 0x01EB, 47 }, // U+01EB
    { 0x01F1, 42 }, // U+01F1
    { 0x01F2, 67 }, // U+01F2
    { 0x01FA, 21 }, // U+01FA
    { 0x01FB, 46 }, // U+01FB
    { 0x01FC, 25 }, // U+01FC
    { 0x01FE, 24 }, // U+01FE
    { 0x01FF, 47 }, // U+01FF
    { 0x0200, 21 }, // U+0200
    { 0x0201, 46 }, // U+0201
    { 0x0202, 21 }, // U+0202
    { 0x0203, 46 }, // U+0203
    { 0x0204, 25 }, // U+0204
    { 0x0205, 50 }, // U+0205
    { 0x0206, 25 }, // U+0206
    { 0x0207, 50 }, // U+0207
    { 0x0209, 54 }, // U+0209
    { 0x020B, 54 }, // U+020B
    { 0x020C, 24 }, // U+020C
    { 0x020D, 47 }, // U+020D
    { 0x020E, 24 }, // U+020E
    { 0x020F, 47 }, // U+020F
    { 0x0210, 79 }, // U+0210
    { 0x0211, 59 }, // U+0211
    { 0x0212, 79 }, // U+0212
    { 0x0213, 59 }, // U+0213
    { 0x0214, 37 }, // U+0214
    { 0x0215, 62 }, // U+0215
    { 0x0216, 37 }, // U+0216
    { 0x0217, 62 }, // U+0217
    { 0x0218, 35 }, // U+0218
    { 0x0219, 60 }, // U+0219
    { 0x021A, 36 }, // U+021A
    { 0x021B, 61 }, // U+021B
    { 0x0400, 80 }, // U+0400
    { 0x0401, 80 }, // U+0401
    { 0x0402, 81 }, // U+0402
    { 0x0403, 82 }, // U+0403
    { 0x0404, 83 }, // U+0404
    { 0x0405, 84 }, // U+0405
    { 0x0409, 85 }, // U+0409
    { 0x040A, 85 }, // U+040A
    { 0x040B, 81 }, // U+040B
    { 0x040C, 86 }, // U+040C
    { 0x040E, 87 }, // U+040E
    { 0x0410, 88 }, // U+0410
    { 0x0411, 89 }, // U+0411
    { 0x0412, 90 }, // U+0412
    { 0x0413, 82 }, // U+0413
    { 0x0414, 91 }, // U+0414
    { 0x0415, 80 }, // U+0415
    { 0x0416, 86 }, // U+0416
    { 0x0417, 90 }, // U+0417
    { 0x041A, 86 }, // U+041A
    { 0x041E, 92 }, // U+041E
    { 0x0420, 93 }, // U+0420
    { 0x0421, 83 }, // U+0421
    { 0x0422, 82 }, // U+0422
    { 0x0423, 87 }, // U+0423
    { 0x0424, 94 }, // U+0424
    { 0x0425, 86 }, // U+0425
    { 0x0426, 91 }, // U+0426
    { 0x0429, 91 }, // U+0429
    { 0x042A, 85 }, // U+042A
    { 0x042C, 85 }, // U+042C
    { 0x042D, 92 }, // U+042D
    { 0x042E, 92 }, // U+042E
    { 0x0430, 95 }, // U+0430
    { 0x0431, 96 }, // U+0431
    { 0x0432, 97 }, // U+0432
    { 0x0433, 98 }, // U+0433
    { 0x0434, 99 }, // U+0434
    { 0x0435, 100 }, // U+0435
    { 0x0436, 101 }, // U+0436
    { 0x0437, 97 }, // U+0437
    { 0x0438, 102 }, // U+0438
    { 0x0439, 102 }, // U+0439
    { 0x043A, 101 }, // U+043A
    { 0x043B, 102 }, // U+043B
    { 0x043C, 102 }, // U+043C
    { 0x043D, 102 }, // U+043D
    { 0x043E, 100 }, // U+043E
    { 0x043F, 102 }, // U+043F
    { 0x0440, 100 }, // U+0440
    { 0x0441, 103 }, // U+0441
    { 0x0442, 98 }, // U+0442
    { 0x0443, 104 }, // U+0443
    { 0x0444, 100 }, // U+0444
    { 0x0445, 101 }, // U+0445
    { 0x0446, 99 }, // U+0446
    { 0x0447, 102 }, // U+0447
    { 0x0448, 102 }, // U+0448
    { 0x0449, 99 }, // U+0449
    { 0x044A, 105 }, // U+044A
    { 0x044B, 102 }, // U+044B
    { 0x044C, 105 }, // U+044C
    { 0x044D, 100 }, // U+044D
    { 0x044E, 100 }, // U+044E
    { 0x044F, 102 }, // U+044F
    { 0x0450, 100 }, // U+0450
    { 0x0451, 100 }, // U+0451
    { 0x0452, 106 }, // U+0452
    { 0x0453, 98 }, // U+0453
    { 0x0454, 103 }, // U+0454
    { 0x0455, 107 }, // U+0455
    { 0x0457, 108 }, // U+0457
    { 0x0458, 109 }, // U+0458
    { 0x0459, 105 }, // U+0459
    { 0x045A, 105 }, // U+045A
    { 0x045B, 110 }, // U+045B
    { 0x045C, 101 }, // U+045C
    { 0x045D, 102 }, // U+045D
    { 0x045E, 104 }, // U+045E
    { 0x045F, 102 }, // U+045F
    { 0x0460, 92 }, // U+0460
    { 0x0461, 111 }, // U+0461
    { 0x0462, 112 }, // U+0462
    { 0x0463, 105 }, // U+0463
    { 0x0464, 83 }, // U+0464
    { 0x0465, 103 }, // U+0465
    { 0x0466, 88 }, // U+0466
    { 0x0467, 113 }, // U+0467
    { 0x0468, 88 }, // U+0468
    { 0x0469, 113 }, // U+0469
    { 0x046E, 114 }, // U+046E
    { 0x0471, 100 }, // U+0471
    { 0x0472, 92 }, // U+0472
    { 0x0473, 100 }, // U+0473
    { 0x0474, 87 }, // U+0474
    { 0x0475, 111 }, // U+0475
    { 0x0476, 87 }, // U+0476
    { 0x0477, 111 }, // U+0477
    { 0x0478, 104 }, // U+0478
    { 0x0479, 104 }, // U+0479
    { 0x047A, 92 }, // U+047A
    { 0x047B, 100 }, // U+047B
    { 0x047C, 92 }, // U+047C
    { 0x047D, 100 }, // U+047D
    { 0x047E, 92 }, // U+047E
    { 0x047F, 111 }, // U+047F
    { 0x0480, 83 }, // U+0480
    { 0x048A, 91 }, // U+048A
    { 0x048B, 99 }, // U+048B
    { 0x048C, 112 }, // U+048C
    { 0x048D, 105 }, // U+048D
    { 0x048E, 93 }, // U+048E
    { 0x048F, 100 }, // U+048F
    { 0x0490, 115 }, // U+0490
    { 0x0491, 116 }, // U+0491
    { 0x0492, 117 }, // U+0492
    { 0x0493, 118 }, // U+0493
    { 0x0496, 119 }, // U+0496
    { 0x0497, 120 }, // U+0497
    { 0x0498, 114 }, // U+0498
    { 0x0499, 97 }, // U+0499
    { 0x049A, 119 }, // U+049A
    { 0x049B, 120 }, // U+049B
    { 0x049C, 86 }, // U+049C
    { 0x049D, 101 }, // U+049D
    { 0x049E, 86 }, // U+049E
    { 0x049F, 101 }, // U+049F
    { 0x04A0, 86 }, // U+04A0
    { 0x04A1, 101 }, // U+04A1
    { 0x04A2, 91 }, // U+04A2
    { 0x04A3, 99 }, // U+04A3
    { 0x04A4, 117 }, // U+04A4
    { 0x04A5, 116 }, // U+04A5
    { 0x04A9, 100 }, // U+04A9
    { 0x04AA, 83 }, // U+04AA
    { 0x04AB, 103 }, // U+04AB
    { 0x04AC, 115 }, // U+04AC
    { 0x04AD, 116 }, // U+04AD
    { 0x04AE, 121 }, // U+04AE
    { 0x04AF, 122 }, // U+04AF
    { 0x04B0, 121 }, // U+04B0
    { 0x04B1, 122 }, // U+04B1
    { 0x04B2, 119 }, // U+04B2
    { 0x04B3, 120 }, // U+04B3
    { 0x04B4, 91 }, // U+04B4
    { 0x04B5, 99 }, // U+04B5
    { 0x04B6, 91 }, // U+04B6
    { 0x04B7, 99 }, // U+04B7
    { 0x04BC, 123 }, // U+04BC
    { 0x04BD, 124 }, // U+04BD
    { 0x04BE, 123 }, // U+04BE
    { 0x04BF, 124 }, // U+04BF
    { 0x04C1, 86 }, // U+04C1
    { 0x04C2, 101 }, // U+04C2
    { 0x04C5, 91 }, // U+04C5
    { 0x04C6, 99 }, // U+04C6
    { 0x04C9, 91 }, // U+04C9
    { 0x04CA, 99 }, // U+04CA
    { 0x04CD, 91 }, // U+04CD
    { 0x04CE, 99 }, // U+04CE
    { 0x04D0, 88 }, // U+04D0
    { 0x04D1, 95 }, // U+04D1
    { 0x04D2, 88 }, // U+04D2
    { 0x04D3, 95 }, // U+04D3
    { 0x04D4, 80 }, // U+04D4
    { 0x04D5, 124 }, // U+04D5
    { 0x04D6, 80 }, // U+04D6
    { 0x04D7, 124 }, // U+04D7
    { 0x04D8, 92 }, // U+04D8
    { 0x04D9, 100 }, // U+04D9
    { 0x04DA, 92 }, // U+04DA
    { 0x04DB, 100 }, // U+04DB
    { 0x04DC, 86 }, // U+04DC
    { 0x04DD, 101 }, // U+04DD
    { 0x04DE, 114 }, // U+04DE
    { 0x04DF, 97 }, // U+04DF
    { 0x04E3, 102 }, // U+04E3
    { 0x04E5, 102 }, // U+04E5
    { 0x04E6, 92 }, // U+04E6
    { 0x04E7, 100 }, // U+04E7
    { 0x04E8, 92 }, // U+04E8
    { 0x04E9, 100 }, // U+04E9
    { 0x04EA, 92 }, // U+04EA
    { 0x04EB, 100 }, // U+04EB
    { 0x04EC, 92 }, // U+04EC
    { 0x04ED, 100 }, // U+04ED
    { 0x04EE, 87 }, // U+04EE
    { 0x04EF, 104 }, // U+04EF
    { 0x04F0, 87 }, // U+04F0
    { 0x04F1, 104 }, // U+04F1
    { 0x04F2, 87 }, // U+04F2
    { 0x04F3, 104 }, // U+04F3
    { 0x04F5, 102 }, // U+04F5
    { 0x04F6, 115 }, // U+04F6
    { 0x04F7, 116 }, // U+04F7
    { 0x04F9, 102 }, // U+04F9
    { 0x04FA, 117 }, // U+04FA
    { 0x04FB, 118 }, // U+04FB
    { 0x04FC, 119 }, // U+04FC
    { 0x04FD, 120 }, // U+04FD
    { 0x04FE, 86 }, // U+04FE
    { 0x04FF, 120 }, // U+04FF
    { 0x05D0, 125 }, // U+05D0
    { 0x05D1, 126 }, // U+05D1
    { 0x05D2, 127 }, // U+05D2
    { 0x05D3, 128 }, // U+05D3
    { 0x05D5, 129 }, // U+05D5
    { 0x05D6, 130 }, // U+05D6
    { 0x05D8, 131 }, // U+05D8
    { 0x05D9, 132 }, // U+05D9
    { 0x05DB, 133 }, // U+05DB
    { 0x05DC, 134 }, // U+05DC
    { 0x05DE, 135 }, // U+05DE
    { 0x05E0, 136 }, // U+05E0
    { 0x05E1, 137 }, // U+05E1
    { 0x05E2, 138 }, // U+05E2
    { 0x05E4, 139 }, // U+05E4
    { 0x05E6, 140 }, // U+05E6
    { 0x05E8, 141 }, // U+05E8
    { 0x05E9, 142 }, // U+05E9
    { 0x05EA, 143 }, // U+05EA
    { 0x1EA0, 21 }, // U+1EA0
    { 0x1EA1, 46 }, // U+1EA1
    { 0x1EA2, 21 }, // U+1EA2
    { 0x1EA3, 46 }, // U+1EA3
    { 0x1EA4, 21 }, // U+1EA4
    { 0x1EA5, 46 }, // U+1EA5
    { 0x1EA6, 21 }, // U+1EA6
    { 0x1EA7, 46 }, // U+1EA7
    { 0x1EA8, 21 }, // U+1EA8
    { 0x1EA9, 46 }, // U+1EA9
    { 0x1EAA, 21 }, // U+1EAA
    { 0x1EAB, 46 }, // U+1EAB
    { 0x1EAC, 21 }, // U+1EAC
    { 0x1EAD, 46 }, // U+1EAD
    { 0x1EAE, 21 }, // U+1EAE
    { 0x1EAF, 46 }, // U+1EAF
    { 0x1EB0, 21 }, // U+1EB0
    { 0x1EB1, 46 }, // U+1EB1
    { 0x1EB2, 21 }, // U+1EB2
    { 0x1EB3, 46 }, // U+1EB3
    { 0x1EB4, 21 }, // U+1EB4
    { 0x1EB5, 46 }, // U+1EB5
    { 0x1EB6, 21 }, // U+1EB6
    { 0x1EB7, 46 }, // U+1EB7
    { 0x1EB8, 25 }, // U+1EB8
    { 0x1EB9, 50 }, // U+1EB9
    { 0x1EBA, 25 }, // U+1EBA
    { 0x1EBB, 50 }, // U+1EBB
    { 0x1EBC, 25 }, // U+1EBC
    { 0x1EBD, 50 }, // U+1EBD
    { 0x1EBE, 25 }, // U+1EBE
    { 0x1EBF, 50 }, // U+1EBF
    { 0x1EC0, 25 }, // U+1EC0
    { 0x1EC1, 50 }, // U+1EC1
    { 0x1EC2, 25 }, // U+1EC2
    { 0x1EC3, 50 }, // U+1EC3
    { 0x1EC4, 25 }, // U+1EC4
    { 0x1EC5, 50 }, // U+1EC5
    { 0x1EC6, 25 }, // U+1EC6
    { 0x1EC7, 50 }, // U+1EC7
    { 0x1EC9, 54 }, // U+1EC9
    { 0x1ECB, 54 }, // U+1ECB
    { 0x1ECC, 24 }, // U+1ECC
    { 0x1ECD, 47 }, // U+1ECD
    { 0x1ECE, 24 }, // U+1ECE
    { 0x1ECF, 47 }, // U+1ECF
    { 0x1ED0, 24 }, // U+1ED0
    { 0x1ED1, 47 }, // U+1ED1
    { 0x1ED2, 24 }, // U+1ED2
    { 0x1ED3, 47 }, // U+1ED3
    { 0x1ED4, 24 }, // U+1ED4
    { 0x1ED5, 47 }, // U+1ED5
    { 0x1ED6, 24 }, // U+1ED6
    { 0x1ED7, 47 }, // U+1ED7
    { 0x1ED8, 24 }, // U+1ED8
    { 0x1ED9, 47 }, // U+1ED9
    { 0x1EDA, 24 }, // U+1EDA
    { 0x1EDB, 47 }, // U+1EDB
    { 0x1EDC, 24 }, // U+1EDC
    { 0x1EDD, 47 }, // U+1EDD
    { 0x1EDE, 24 }, // U+1EDE
    { 0x1EDF, 47 }, // U+1EDF
    { 0x1EE0, 24 }, // U+1EE0
    { 0x1EE1, 47 }, // U+1EE1
    { 0x1EE2, 24 }, // U+1EE2
    { 0x1EE3, 47 }, // U+1EE3
    { 0x1EE4, 37 }, // U+1EE4
    { 0x1EE5, 62 }, // U+1EE5
    { 0x1EE6, 37 }, // U+1EE6
    { 0x1EE7, 62 }, // U+1EE7
    { 0x1EE8, 37 }, // U+1EE8
    { 0x1EE9, 62 }, // U+1EE9
    { 0x1EEA, 37 }, // U+1EEA
    { 0x1EEB, 62 }, // U+1EEB
    { 0x1EEC, 37 }, // U+1EEC
    { 0x1EED, 62 }, // U+1EED
    { 0x1EEE, 37 }, // U+1EEE
    { 0x1EEF, 62 }, // U+1EEF
    { 0x1EF0, 37 }, // U+1EF0
    { 0x1EF1, 62 }, // U+1EF1
    { 0x1EF2, 41 }, // U+1EF2
    { 0x1EF3, 66 }, // U+1EF3
    { 0x1EF4, 41 }, // U+1EF4
    { 0x1EF5, 66 }, // U+1EF5
    { 0x1EF6, 41 }, // U+1EF6
    { 0x1EF7, 66 }, // U+1EF7
    { 0x1EF8, 41 }, // U+1EF8
    { 0x1EF9, 66 }, // U+1EF9
    { 0x2018, 144 }, // U+2018
    { 0x2019, 145 }, // U+2019
    { 0x201C, 146 }, // U+201C
    { 0x201D, 147 }, // U+201D
    { 0x2022, 148 }, // U+2022
    { 0x2206, 149 }, // U+2206
    { 0x221E, 150 }, // U+221E
    { 0x222B, 151 }, // U+222B
    { 0xFB01, 54 }, // U+FB01
    { 0xFB02, 57 }, // U+FB02
};

static const EpdKernClassEntry lexenddeca_14_regularKernRightClasses[] = {
    { 0x0021, 1 }, // !
    { 0x0026, 2 }, // &
    { 0x0029, 3 }, // )
    { 0x002A, 4 }, // *
    { 0x002C, 5 }, // ,
    { 0x002D, 6 }, // -
    { 0x002E, 7 }, // .
    { 0x002F, 8 }, // /
    { 0x0030, 9 }, // 0
    { 0x0031, 10 }, // 1
    { 0x0032, 11 }, // 2
    { 0x0034, 12 }, // 4
    { 0x0036, 13 }, // 6
    { 0x0037, 14 }, // 7
    { 0x0038, 15 }, // 8
    { 0x0039, 16 }, // 9
    { 0x003C, 17 }, // <
    { 0x003F, 18 }, // ?
    { 0x0040, 19 }, // @
    { 0x0041, 20 }, // A
    { 0x0042, 21 }, // B
    { 0x0043, 22 }, // C
    { 0x0044, 21 }, // D
    { 0x0045, 21 }, // E
    { 0x0046, 21 }, // F
    { 0x0047, 22 }, // G
    { 0x0048, 21 }, // H
    { 0x0049, 23 }, // I
    { 0x004A, 24 }, // J
    { 0x004B, 21 }, // K
    { 0x004C, 21 }, // L
    { 0x004D, 21 }, // M
    { 0x004E, 21 }, // N
    { 0x004F, 22 }, // O
    { 0x0050, 21 }, // P
    { 0x0051, 22 }, // Q
    { 0x0052, 21 }, // R
    { 0x0053, 25 }, // S
    { 0x0054, 26 }, // T
    { 0x0055, 27 }, // U
    { 0x0056, 28 }, // V
    { 0x0057, 29 }, // W
    { 0x0058, 30 }, // X
    { 0x0059, 31 }, // Y
    { 0x005A, 32 }, // Z
    { 0x005B, 33 }, // [
    { 0x005C, 34 }, // <backslash>
    { 0x005D, 35 }, // ]
    { 0x005F, 36 }, // _
    { 0x0061, 37 }, // a
    { 0x0062, 38 }, // b
    { 0x0063, 37 }, // c
    { 0x0064, 37 }, // d
    { 0x0065, 37 }, // e
    { 0x0066, 39 }, // f
    { 0x0067, 40 }, // g
    { 0x0068, 38 }, // h
    { 0x006A, 41 }, // j
    { 0x006B, 38 }, // k
    { 0x006C, 38 }, // l
    { 0x006D, 42 }, // m
    { 0x006E, 42 }, // n
    { 0x006F, 37 }, // o
    { 0x0070, 43 }, // p
    { 0x0071, 37 }, // q
    { 0x0072, 42 }, // r
    { 0x0073, 44 }, // s
    { 0x0074, 45 }, // t
    { 0x0075, 46 }, // u
    { 0x0076, 47 }, // v
    { 0x0077, 48 }, // w
    { 0x0078, 49 }, // x
    { 0x0079, 50 }, // y
    { 0x007A, 51 }, // z
    { 0x007B, 33 }, // {
    { 0x007D, 52 }, // }
    { 0x00A1, 53 }, // U+00A1
    { 0x00B7, 54 }, // U+00B7
    { 0x00BF, 55 }, // U+00BF
    { 0x00C0, 56 }, // U+00C0
    { 0x00C1, 56 }, // U+00C1
    { 0x00C2, 56 }, // U+00C2
    { 0x00C3, 56 }, // U+00C3
    { 0x00C4, 56 }, // U+00C4
    { 0x00C5, 56 }, // U+00C5
    { 0x00C6, 57 }, // U+00C6
    { 0x00C7, 22 }, // U+00C7
    { 0x00C8, 21 }, // U+00C8
    { 0x00C9, 21 }, // U+00C9
    { 0x00CA, 21 }, // U+00CA
    { 0x00CB, 21 }, // U+00CB
    { 0x00D0, 21 }, // U+00D0
    { 0x00D1, 21 }, // U+00D1
    { 0x00D2, 22 }, // U+00D2
    { 0x00D3, 22 }, // U+00D3
    { 0x00D4, 22 }, // U+00D4
    { 0x00D5, 22 }, // U+00D5
    { 0x00D6, 22 }, // U+00D6
    { 0x00D8, 22 }, // U+00D8
    { 0x00D9, 27 }, // U+00D9
    { 0x00DA, 27 }, // U+00DA
    { 0x00DB, 27 }, // U+00DB
    { 0x00DC, 27 }, // U+00DC
    { 0x00DD, 58 }, // U+00DD
    { 0x00DE, 21 }, // U+00DE
    { 0x00DF, 59 }, // U+00DF
    { 0x00E0, 37 }, // U+00E0
    { 0x00E1, 37 }, // U+00E1
    { 0x00E2, 37 }, // U+00E2
    { 0x00E3, 37 }, // U+00E3
    { 0x00E4, 37 }, // U+00E4
    { 0x00E5, 37 }, // U+00E5
    { 0x00E7, 37 }, // U+00E7
    { 0x00E8, 37 }, // U+00E8
    { 0x00E9, 37 }, // U+00E9
    { 0x00EA, 37 }, // U+00EA
    { 0x00EB, 37 }, // U+00EB
    { 0x00F0, 60 }, // U+00F0
    { 0x00F1, 42 }, // U+00F1
    { 0x00F2, 37 }, // U+00F2
    { 0x00F3, 37 }, // U+00F3
    { 0x00F4, 37 }, // U+00F4
    { 0x00F5, 37 }, // U+00F5
    { 0x00F6, 37 }, // U+00F6
    { 0x00F8, 37 }, // U+00F8
    { 0x00F9, 46 }, // U+00F9
    { 0x00FA, 46 }, // U+00FA
    { 0x00FB, 46 }, // U+00FB
    { 0x00FC, 46 }, // U+00FC
    { 0x00FD, 50 }, // U+00FD
    { 0x00FE, 61 }, // U+00FE
    { 0x00FF, 50 }, // U+00FF
    { 0x0100, 56 }, // U+0100
    { 0x0101, 37 }, // U+0101
    { 0x0102, 56 }, // U+0102
    { 0x0103, 37 }, // U+0103
    { 0x0104, 56 }, // U+0104
    { 0x0105, 37 }, // U+0105
    { 0x0106, 22 }, // U+0106
    { 0x0107, 37 }, // U+0107
    { 0x0108, 22 }, // U+0108
    { 0x0109, 37 }, // U+0109
    { 0x010A, 22 }, // U+010A
    { 0x010B, 37 }, // U+010B
    { 0x010C, 22 }, // U+010C
    { 0x010D, 37 }, // U+010D
    { 0x010E, 21 }, // U+010E
    { 0x010F, 37 }, // U+010F
    { 0x0110, 21 }, // U+0110
    { 0x0111, 37 }, // U+0111
    { 0x0112, 21 }, // U+0112
    { 0x0113, 37 }, // U+0113
    { 0x0114, 21 }, // U+0114
    { 0x0115, 37 }, // U+0115
    { 0x0116, 21 }, // U+0116
    { 0x0117, 37 }, // U+0117
    { 0x0118, 21 }, // U+0118
    { 0x0119, 37 }, // U+0119
    { 0x011A, 21 }, // U+011A
    { 0x011B, 37 }, // U+011B
    { 0x011C, 22 }, // U+011C
    { 0x011D, 40 }, // U+011D
    { 0x011E, 22 }, // U+011E
    { 0x011F, 40 }, // U+011F
    { 0x0120, 22 }, // U+0120
    { 0x0121, 40 }, // U+0121
    { 0x0122, 22 }, // U+0122
    { 0x0123, 40 }, // U+0123
    { 0x0124, 21 }, // U+0124
    { 0x0125, 38 }, // U+0125
    { 0x0127, 38 }, // U+0127
    { 0x0134, 24 }, // U+0134
    { 0x0135, 41 }, // U+0135
    { 0x0136, 21 }, // U+0136
    { 0x0137, 38 }, // U+0137
    { 0x0138, 38 }, // U+0138
    { 0x0139, 21 }, // U+0139
    { 0x013A, 38 }, // U+013A
    { 0x013B, 21 }, // U+013B
    { 0x013C, 38 }, // U+013C
    { 0x013D, 21 }, // U+013D
    { 0x013E, 38 }, // U+013E
    { 0x013F, 21 }, // U+013F
    { 0x0140, 38 }, // U+0140
    { 0x0141, 21 }, // U+0141
    { 0x0142, 38 }, // U+0142
    { 0x0143, 21 }, // U+0143
    { 0x0144, 42 }, // U+0144
    { 0x0145, 21 }, // U+0145
    { 0x0146, 42 }, // U+0146
    { 0x0147, 21 }, // U+0147
    { 0x0148, 42 }, // U+0148
    { 0x014A, 21 }, // U+014A
    { 0x014B, 42 }, // U+014B
    { 0x014C, 22 }, // U+014C
    { 0x014D, 37 }, // U+014D
    { 0x014E, 22 }, // U+014E
    { 0x014F, 37 }, // U+014F
    { 0x0150, 22 }, // U+0150
    { 0x0151, 37 }, // U+0151
    { 0x0152, 22 }, // U+0152
    { 0x0153, 37 }, // U+0153
    { 0x0154, 21 }, // U+0154
    { 0x0155, 42 }, // U+0155
    { 0x0156, 21 }, // U+0156
    { 0x0157, 42 }, // U+0157
    { 0x0158, 21 }, // U+0158
    { 0x0159, 42 }, // U+0159
    { 0x015A, 25 }, // U+015A
    { 0x015B, 44 }, // U+015B
    { 0x015C, 25 }, // U+015C
    { 0x015D, 44 }, // U+015D
    { 0x015E, 25 }, // U+015E
    { 0x015F, 44 }, // U+015F
    { 0x0160, 25 }, // U+0160
    { 0x0161, 44 }, // U+0161
    { 0x0162, 62 }, // U+0162
    { 0x0163, 45 }, // U+0163
    { 0x0164, 62 }, // U+0164
    { 0x0165, 45 }, // U+0165
    { 0x0166, 62 }, // U+0166
    { 0x0167, 45 }, // U+0167
    { 0x0168, 27 }, // U+0168
    { 0x0169, 46 }, // U+0169
    { 0x016A, 27 }, // U+016A
    { 0x016B, 46 }, // U+016B
    { 0x016C, 27 }, // U+016C
    { 0x016D, 46 }, // U+016D
    { 0x016E, 27 }, // U+016E
    { 0x016F, 46 }, // U+016F
    { 0x0170, 27 }, // U+0170
    { 0x0171, 46 }, // U+0171
    { 0x0172, 27 }, // U+0172
    { 0x0173, 46 }, // U+0173
    { 0x0174, 63 }, // U+0174
    { 0x0175, 48 }, // U+0175
    { 0x0176, 58 }, // U+0176
    { 0x0177, 50 }, // U+0177
    { 0x0178, 58 }, // U+0178
    { 0x0179, 32 }, // U+0179
    { 0x017A, 51 }, // U+017A
    { 0x017B, 32 }, // U+017B
    { 0x017C, 51 }, // U+017C
    { 0x017D, 32 }, // U+017D
    { 0x017E, 51 }, // U+017E
    { 0x01A0, 22 }, // U+01A0
    { 0x01A1, 37 }, // U+01A1
    { 0x01AF, 27 }, // U+01AF
    { 0x01B0, 46 }, // U+01B0
    { 0x01C4, 21 }, // U+01C4
    { 0x01C5, 21 }, // U+01C5
    { 0x01C6, 37 }, // U+01C6
    { 0x01C7, 21 }, // U+01C7
    { 0x01C8, 21 }, // U+01C8
    { 0x01C9, 38 }, // U+01C9
    { 0x01CA, 21 }, // U+01CA
    { 0x01CB, 21 }, // U+01CB
    { 0x01CC, 42 }, // U+01CC
    { 0x01CD, 56 }, // U+01CD
    { 0x01CE, 37 }, // U+01CE
    { 0x01D1, 22 }, // U+01D1
    { 0x01D2, 37 }, // U+01D2
    { 0x01D3, 27 }, // U+01D3
    { 0x01D4, 46 }, // U+01D4
    { 0x01E6, 22 }, // U+01E6
    { 0x01E7, 40 }, // U+01E7
    { 0x01EA, 22 }, // U+01EA
    { 0x01EB, 37 }, // U+01EB
    { 0x01F1, 21 }, // U+01F1
    { 0x01F2, 21 }, // U+01F2
    { 0x01FA, 56 }, // U+01FA
    { 0x01FB, 37 }, // U+01FB
    { 0x01FC, 57 }, // U+01FC
    { 0x01FE, 22 }, // U+01FE
    { 0x01FF, 37 }, // U+01FF
    { 0x0200, 56 }, // U+0200
    { 0x0201, 37 }, // U+0201
    { 0x0202, 56 }, // U+0202
    { 0x0203, 37 }, // U+0203
    { 0x0204, 21 }, // U+0204
    { 0x0205, 37 }, // U+0205
    { 0x0206, 21 }, // U+0206
    { 0x0207, 37 }, // U+0207
    { 0x020C, 22 }, // U+020C
    { 0x020D, 37 }, // U+020D
    { 0x020E, 22 }, // U+020E
    { 0x020F, 37 }, // U+020F
    { 0x0210, 21 }, // U+0210
    { 0x0211, 42 }, // U+0211
    { 0x0212, 21 }, // U+0212
    { 0x0213, 42 }, // U+0213
    { 0x0214, 27 }, // U+0214
    { 0x0215, 46 }, // U+0215
    { 0x0216, 27 }, // U+0216
    { 0x0217, 46 }, // U+0217
    { 0x0218, 25 }, // U+0218
    { 0x0219, 44 }, // U+0219
    { 0x021A, 62 }, // U+021A
    { 0x021B, 45 }, // U+021B
    { 0x0402, 64 }, // U+0402
    { 0x0404, 65 }, // U+0404
    { 0x0405, 66 }, // U+0405
    { 0x0408, 67 }, // U+0408
    { 0x0409, 68 }, // U+0409
    { 0x040B, 64 }, // U+040B
    { 0x040E, 69 }, // U+040E
    { 0x0410, 70 }, // U+0410
    { 0x0414, 71 }, // U+0414
    { 0x0416, 72 }, // U+0416
    { 0x0417, 73 }, // U+0417
    { 0x041B, 68 }, // U+041B
    { 0x041E, 65 }, // U+041E
    { 0x0421, 65 }, // U+0421
    { 0x0422, 64 }, // U+0422
    { 0x0423, 69 }, // U+0423
    { 0x0424, 74 }, // U+0424
    { 0x0425, 72 }, // U+0425
    { 0x0427, 75 }, // U+0427
    { 0x042A, 64 }, // U+042A
    { 0x042D, 73 }, // U+042D
    { 0x042F, 76 }, // U+042F
    { 0x0430, 77 }, // U+0430
    { 0x0431, 78 }, // U+0431
    { 0x0432, 79 }, // U+0432
    { 0x0433, 79 }, // U+0433
    { 0x0434, 80 }, // U+0434
    { 0x0435, 81 }, // U+0435
    { 0x0436, 82 }, // U+0436
    { 0x0437, 83 }, // U+0437
    { 0x0438, 79 }, // U+0438
    { 0x0439, 79 }, // U+0439
    { 0x043A, 79 }, // U+043A
    { 0x043B, 84 }, // U+043B
    { 0x043C, 79 }, // U+043C
    { 0x043D, 79 }, // U+043D
    { 0x043E, 81 }, // U+043E
    { 0x043F, 79 }, // U+043F
    { 0x0440, 79 }, // U+0440
    { 0x0441, 81 }, // U+0441
    { 0x0442, 85 }, // U+0442
    { 0x0443, 86 }, // U+0443
    { 0x0444, 81 }, // U+0444
    { 0x0445, 82 }, // U+0445
    { 0x0446, 79 }, // U+0446
    { 0x0447, 87 }, // U+0447
    { 0x0448, 79 }, // U+0448
    { 0x0449, 79 }, // U+0449
    { 0x044A, 85 }, // U+044A
    { 0x044B, 79 }, // U+044B
    { 0x044C, 79 }, // U+044C
    { 0x044D, 83 }, // U+044D
    { 0x044E, 79 }, // U+044E
    { 0x044F, 88 }, // U+044F
    { 0x0450, 81 }, // U+0450
    { 0x0451, 81 }, // U+0451
    { 0x0452, 89 }, // U+0452
    { 0x0453, 79 }, // U+0453
    { 0x0454, 81 }, // U+0454
    { 0x0455, 90 }, // U+0455
    { 0x0457, 91 }, // U+0457
    { 0x0458, 92 }, // U+0458
    { 0x0459, 84 }, // U+0459
    { 0x045A, 79 }, // U+045A
    { 0x045B, 89 }, // U+045B
    { 0x045C, 79 }, // U+045C
    { 0x045D, 79 }, // U+045D
    { 0x045E, 86 }, // U+045E
    { 0x045F, 79 }, // U+045F
    { 0x0460, 93 }, // U+0460
    { 0x0461, 94 }, // U+0461
    { 0x0462, 95 }, // U+0462
    { 0x0465, 96 }, // U+0465
    { 0x0466, 70 }, // U+0466
    { 0x0467, 80 }, // U+0467
    { 0x0469, 96 }, // U+0469
    { 0x046D, 96 }, // U+046D
    { 0x046E, 73 }, // U+046E
    { 0x0470, 75 }, // U+0470
    { 0x0472, 93 }, // U+0472
    { 0x0473, 77 }, // U+0473
    { 0x0474, 97 }, // U+0474
    { 0x0475, 94 }, // U+0475
    { 0x0476, 97 }, // U+0476
    { 0x0477, 94 }, // U+0477
    { 0x0478, 93 }, // U+0478
    { 0x0479, 77 }, // U+0479
    { 0x047A, 93 }, // U+047A
    { 0x047B, 77 }, // U+047B
    { 0x047C, 93 }, // U+047C
    { 0x047D, 77 }, // U+047D
    { 0x047E, 93 }, // U+047E
    { 0x047F, 94 }, // U+047F
    { 0x0480, 93 }, // U+0480
    { 0x0481, 77 }, // U+0481
    { 0x048B, 96 }, // U+048B
    { 0x048C, 95 }, // U+048C
    { 0x048D, 89 }, // U+048D
    { 0x048F, 96 }, // U+048F
    { 0x0491, 96 }, // U+0491
    { 0x0492, 95 }, // U+0492
    { 0x0495, 96 }, // U+0495
    { 0x0496, 72 }, // U+0496
    { 0x0497, 82 }, // U+0497
    { 0x0498, 73 }, // U+0498
    { 0x0499, 83 }, // U+0499
    { 0x049B, 96 }, // U+049B
    { 0x049D, 96 }, // U+049D
    { 0x049F, 89 }, // U+049F
    { 0x04A0, 98 }, // U+04A0
    { 0x04A1, 85 }, // U+04A1
    { 0x04A3, 96 }, // U+04A3
    { 0x04A5, 96 }, // U+04A5
    { 0x04A7, 96 }, // U+04A7
    { 0x04A8, 93 }, // U+04A8
    { 0x04A9, 77 }, // U+04A9
    { 0x04AA, 93 }, // U+04AA
    { 0x04AB, 77 }, // U+04AB
    { 0x04AC, 64 }, // U+04AC
    { 0x04AD, 85 }, // U+04AD
    { 0x04AE, 99 }, // U+04AE
    { 0x04AF, 100 }, // U+04AF
    { 0x04B0, 99 }, // U+04B0
    { 0x04B1, 100 }, // U+04B1
    { 0x04B2, 72 }, // U+04B2
    { 0x04B3, 82 }, // U+04B3
    { 0x04B4, 98 }, // U+04B4
    { 0x04B5, 85 }, // U+04B5
    { 0x04B6, 75 }, // U+04B6
    { 0x04B7, 87 }, // U+04B7
    { 0x04B8, 75 }, // U+04B8
    { 0x04B9, 87 }, // U+04B9
    { 0x04BB, 96 }, // U+04BB
    { 0x04BC, 101 }, // U+04BC
    { 0x04BD, 102 }, // U+04BD
    { 0x04BE, 101 }, // U+04BE
    { 0x04BF, 102 }, // U+04BF
    { 0x04C1, 72 }, // U+04C1
    { 0x04C2, 82 }, // U+04C2
    { 0x04C4, 96 }, // U+04C4
    { 0x04C5, 103 }, // U+04C5
    { 0x04C6, 80 }, // U+04C6
    { 0x04C8, 96 }, // U+04C8
    { 0x04CA, 96 }, // U+04CA
    { 0x04CB, 75 }, // U+04CB
    { 0x04CC, 87 }, // U+04CC
    { 0x04CE, 96 }, // U+04CE
    { 0x04D0, 70 }, // U+04D0
    { 0x04D1, 104 }, // U+04D1
    { 0x04D2, 70 }, // U+04D2
    { 0x04D3, 104 }, // U+04D3
    { 0x04D4, 70 }, // U+04D4
    { 0x04D5, 104 }, // U+04D5
    { 0x04D7, 77 }, // U+04D7
    { 0x04D8, 105 }, // U+04D8
    { 0x04D9, 104 }, // U+04D9
    { 0x04DA, 105 }, // U+04DA
    { 0x04DB, 104 }, // U+04DB
    { 0x04DC, 72 }, // U+04DC
    { 0x04DD, 82 }, // U+04DD
    { 0x04DE, 73 }, // U+04DE
    { 0x04DF, 83 }, // U+04DF
    { 0x04E3, 79 }, // U+04E3
    { 0x04E5, 79 }, // U+04E5
    { 0x04E6, 93 }, // U+04E6
    { 0x04E7, 77 }, // U+04E7
    { 0x04E8, 93 }, // U+04E8
    { 0x04E9, 77 }, // U+04E9
    { 0x04EA, 93 }, // U+04EA
    { 0x04EB, 77 }, // U+04EB
    { 0x04EC, 73 }, // U+04EC
    { 0x04ED, 83 }, // U+04ED
    { 0x04EE, 69 }, // U+04EE
    { 0x04EF, 86 }, // U+04EF
    { 0x04F0, 69 }, // U+04F0
    { 0x04F1, 86 }, // U+04F1
    { 0x04F2, 69 }, // U+04F2
    { 0x04F3, 86 }, // U+04F3
    { 0x04F4, 75 }, // U+04F4
    { 0x04F5, 87 }, // U+04F5
    { 0x04F7, 96 }, // U+04F7
    { 0x04F9, 79 }, // U+04F9
    { 0x04FA, 95 }, // U+04FA
    { 0x04FC, 72 }, // U+04FC
    { 0x04FD, 82 }, // U+04FD
    { 0x04FE, 72 }, // U+04FE
    { 0x04FF, 82 }, // U+04FF
    { 0x05D0, 106 }, // U+05D0
    { 0x05D1, 107 }, // U+05D1
    { 0x05D2, 108 }, // U+05D2
    { 0x05D3, 109 }, // U+05D3
    { 0x05D4, 110 }, // U+05D4
    { 0x05D6, 111 }, // U+05D6
    { 0x05D7, 112 }, // U+05D7
    { 0x05D8, 113 }, // U+05D8
    { 0x05D9, 114 }, // U+05D9
    { 0x05DA, 115 }, // U+05DA
    { 0x05DB, 116 }, // U+05DB
    { 0x05DC, 117 }, // U+05DC
    { 0x05DD, 118 }, // U+05DD
    { 0x05DE, 119 }, // U+05DE
    { 0x05E1, 120 }, // U+05E1
    { 0x05E2, 121 }, // U+05E2
    { 0x05E3, 122 }, // U+05E3
    { 0x05E4, 123 }, // U+05E4
    { 0x05E5, 124 }, // U+05E5
    { 0x05E7, 125 }, // U+05E7
    { 0x05E8, 126 }, // U+05E8
    { 0x05E9, 127 }, // U+05E9
    { 0x05EA, 128 }, // U+05EA
    { 0x1EA0, 56 }, // U+1EA0
    { 0x1EA1, 37 }, // U+1EA1
    { 0x1EA2, 56 }, // U+1EA2
    { 0x1EA3, 37 }, // U+1EA3
    { 0x1EA4, 56 }, // U+1EA4
    { 0x1EA5, 37 }, // U+1EA5
    { 0x1EA6, 56 }, // U+1EA6
    { 0x1EA7, 37 }, // U+1EA7
    { 0x1EA8, 56 }, // U+1EA8
    { 0x1EA9, 37 }, // U+1EA9
    { 0x1EAA, 56 }, // U+1EAA
    { 0x1EAB, 37 }, // U+1EAB
    { 0x1EAC, 56 }, // U+1EAC
    { 0x1EAD, 37 }, // U+1EAD
    { 0x1EAE, 56 }, // U+1EAE
    { 0x1EAF, 37 }, // U+1EAF
    { 0x1EB0, 56 }, // U+1EB0
    { 0x1EB1, 37 }, // U+1EB1
    { 0x1EB2, 56 }, // U+1EB2
    { 0x1EB3, 37 }, // U+1EB3
    { 0x1EB4, 56 }, // U+1EB4
    { 0x1EB5, 37 }, // U+1EB5
    { 0x1EB6, 56 }, // U+1EB6
    { 0x1EB7, 37 }, // U+1EB7
    { 0x1EB8, 21 }, // U+1EB8
    { 0x1EB9, 37 }, // U+1EB9
    { 0x1EBA, 21 }, // U+1EBA
    { 0x1EBB, 37 }, // U+1EBB
    { 0x1EBC, 21 }, // U+1EBC
    { 0x1EBD, 37 }, // U+1EBD
    { 0x1EBE, 21 }, // U+1EBE
    { 0x1EBF, 37 }, // U+1EBF
    { 0x1EC0, 21 }, // U+1EC0
    { 0x1EC1, 37 }, // U+1EC1
    { 0x1EC2, 21 }, // U+1EC2
    { 0x1EC3, 37 }, // U+1EC3
    { 0x1EC4, 21 }, // U+1EC4
    { 0x1EC5, 37 }, // U+1EC5
    { 0x1EC6, 21 }, // U+1EC6
    { 0x1EC7, 37 }, // U+1EC7
    { 0x1ECC, 22 }, // U+1ECC
    { 0x1ECD, 37 }, // U+1ECD
    { 0x1ECE, 22 }, // U+1ECE
    { 0x1ECF, 37 }, // U+1ECF
    { 0x1ED0, 22 }, // U+1ED0
    { 0x1ED1, 37 }, // U+1ED1
    { 0x1ED2, 22 }, // U+1ED2
    { 0x1ED3, 37 }, // U+1ED3
    { 0x1ED4, 22 }, // U+1ED4
    { 0x1ED5, 37 }, // U+1ED5
    { 0x1ED6, 22 }, // U+1ED6
    { 0x1ED7, 37 }, // U+1ED7
    { 0x1ED8, 22 }, // U+1ED8
    { 0x1ED9, 37 }, // U+1ED9
    { 0x1EDA, 22 }, // U+1EDA
    { 0x1EDB, 37 }, // U+1EDB
    { 0x1EDC, 22 }, // U+1EDC
    { 0x1EDD, 37 }, // U+1EDD
    { 0x1EDE, 22 }, // U+1EDE
    { 0x1EDF, 37 }, // U+1EDF
    { 0x1EE0, 22 }, // U+1EE0
    { 0x1EE1, 37 }, // U+1EE1
    { 0x1EE2, 22 }, // U+1EE2
    { 0x1EE3, 37 }, // U+1EE3
    { 0x1EE4, 27 }, // U+1EE4
    { 0x1EE5, 46 }, // U+1EE5
    { 0x1EE6, 27 }, // U+1EE6
    { 0x1EE7, 46 }, // U+1EE7
    { 0x1EE8, 27 }, // U+1EE8
    { 0x1EE9, 46 }, // U+1EE9
    { 0x1EEA, 27 }, // U+1EEA
    { 0x1EEB, 46 }, // U+1EEB
    { 0x1EEC, 27 }, // U+1EEC
    { 0x1EED, 46 }, // U+1EED
    { 0x1EEE, 27 }, // U+1EEE
    { 0x1EEF, 46 }, // U+1EEF
    { 0x1EF0, 27 }, // U+1EF0
    { 0x1EF1, 46 }, // U+1EF1
    { 0x1EF2, 58 }, // U+1EF2
    { 0x1EF3, 50 }, // U+1EF3
    { 0x1EF4, 58 }, // U+1EF4
    { 0x1EF5, 50 }, // U+1EF5
    { 0x1EF6, 58 }, // U+1EF6
    { 0x1EF7, 50 }, // U+1EF7
    { 0x1EF8, 58 }, // U+1EF8
    { 0x1EF9, 50 }, // U+1EF9
    { 0x2013, 129 }, // U+2013
    { 0x2014, 130 }, // U+2014
    { 0x2018, 131 }, // U+2018
    { 0x2019, 132 }, // U+2019
    { 0x201C, 133 }, // U+201C
    { 0x201D, 134 }, // U+201D
    { 0x2022, 135 }, // U+2022
    { 0x2206, 136 }, // U+2206
    { 0x222B, 137 }, // U+222B
    { 0xFB01, 39 }, // U+FB01
    { 0xFB02, 39 }, // U+FB02
};

static const int8_t lexenddeca_14_regularKernMatrix[] = {
       0,    0,   -7,    0,    0,    0,    0,    0,    0,    0,    0,    0,    0,    0,    0,    0,    0,    0,    0,    0,    0,    0,    0,    0,    0,  -26,    0,  -28,  -19,    0,  -23,    0,    0,    0,    0,    0,    0,    0,    0,    0,    0,    0,    0,    0,    0,    0,  -14,  -14,    0,  -14,    0,    0,    0,    0,    0,    0,    0,  -23,    0,   -5,    0,  -26,  -19,    0,    0,    0,    0,    0,    0,    0,    0,    0,    0,    0,    0,    0,    0,    0,    0,    0,    0,    0,    0,    0,    0,    0,    0,    0,    0,    0,    0,    0,    0,    0,    0,    0,    0,    0,    0,    0,    0,    0,    0,    0,    0,    0,    0,    0,    0,    0,    0,    0,    0,    0,    0,    0,    0,    0,    0,    0,    0,    0,    0,    0,    0,    0,    0,    0,    0,    0,    0,    0,    0,    0,    0,    0,    0,
       0,    0,    0,    0,    0,    0,    0,    0,    0,    0,    0,    0,    0,    0,    0,    0,    0,    0,    0,    0,    0,  -14,    0,  -19,    0,    0,    0,    0,    0,    0,    0,    0,    0,    0,    0,    0,  -12,    0,    0,  -11,   14,    0,   14,    0,    0,    0,    0,    0,    0,    0,    0,    0,    0,    0,    0,    0,    0,    0,    0,  -12,    7,    0,    0,    0,    0,    0,    0,    0,    0,    0,    0,    0,    0,    0,    0,    0,    0,    0,    0,    0,    0,    0,    0,    0,    0,    0,    0,    0,    0,    0,    0,    0,    0,    0,    0,    0,    0,    0,    0,    0,    0,    0,    0,    0,    0,    0,    0,    0,    0,    0,    0,    0,    0,    0,    0,    0,    0,    0,    0,    0,    0,    0,    0,    0,    0,    0,    0,    0,    0,    0,    0,    0,    0,    0,    0,    0,    0,
       0,    0,    0,    0,    0,    0,    0,    0,    0,    0,    0,    0,    0,    0,    0,    0,    0,    0,    0,  -35,    0,    0,    0,    0,    0,    0,    0,    0,    0,    0,    0,    0,    0,    0,    0,    0,    0,    0,    0,    0,    0,    0,    0,    0,    0,    0,    3,    0,    0,    0,    0,    0,    0,    0,    0,  -35,    0,    0,    0,  -12,    0,    0,    0,    0,    0,    0,    0,    0,    0,    0,    0,    0,    0,    0,    0,    0,    0,    0,    0,    0,    0,    0,    0,    0,    0,    0,    0,    0,    0,    0,    0,    0,    0,    0,    0,    0,    0,    0,    0,    0,    0,    0,    0,    0,    0,    0,    0,    0,    0,    0,    0,    0,    0,    0,    0,    0,    0,    0,    0,    0,    0,    0,    0,    0,    0,    0,    0,    0,    0,    0,    0,    0,    0,    0,    0,    0,    0,
       0,    0,    0,    0,    0,    0,    0,    0,    0,    0,    0,  -12,    0,    0,    0,    0,    0,    0,    0,    0,    0,   -9,    0,    0,    0,  -47,    0,  -56,  -37,    0,  -56,    0,    0,    0,    0,    0,    0,    0,    0,    0,    0,    0,    0,    0,    0,    0,  -37,  -19,    0,  -19,    0,    0,    0,    0,    0,    0,    0,  -56,    0,    0,    0,  -47,  -37,    0,    0,    0,    0,    0,    0,    0,    0,    0,    0,    0,    0,    0,    0,    0,    0,    0,    0,    0,    0,    0,    0,    0,    0,    0,    0,    0,    0,    0,    0,    0,    0,    0,    0,    0,    0,    0,    0,    0,    0,    0,    0,    0,    0,    0,    0,    0,    0,    0,    0,    0,    0,    0,    0,    0,    0,    0,    0,    0,    0,    0,    0,    0,    0,    0,    0,    0,    0,    0,    0,    0,    0,    0,    0,
       0,    0,    0,    0,    0,    0,    0,    0,    0,    0,    0,  -12,    0,    0,    0,    0,    0,    0,    0,    0,    0,   -9,    0,    0,    0,  -47,    0,  -47,  -37,    0,  -56,    0,    0,    0,    0,    0,    0,    0,    0,    0,    0,    0,    0,    0,    0,    0,  -37,  -19,    0,  -19,    0,    0,    0,    0,    0,    0,    0,  -56,    0,    0,    0,  -47,  -37,    0,    0,    0,    0,    0,    0,    0,    0,    0,    0,    0,    0,    0,    0,    0,    0,    0,    0,    0,    0,    0,    0,    0,    0,    0,    0,    0,    0,    0,    0,    0,    0,    0,    0,    0,    0,    0,    0,    0,    0,    0,    0,    0,    0,    0,    0,    0,    0,    0,    0,    0,    0,    0,    0,    0,    0,    0,    0,    0,    0,    0,    0,    0,    0,    0,    0,    0,    0,    0,    0,    0,    0,    0,    0,
       0,    0,    0,    0,    0,    0,    0,  -43,  -23,  -14,  -14,  -28,  -23,    0,    0,    0,    0,    0,    0,  -47,    0,  -19,    0,  -23,    0,    0,    0,    0,    0,    0,    0,    0,    0,    0,    0,    0,  -23,    0,    0,  -23,    0,    0,    0,  -14,    0,    0,    0,    0,   -3,    0,    0,    0,    0,    0,    0,  -47,    0,    0,   -6,  -15,    0,    0,    0,    0,    0,    0,    0,    0,    0,    0,    0,    0,    0,    0,    0,    0,    0,    0,    0,    0,    0,    0,    0,    0,    0,    0,    0,    0,    0,    0,    0,    0,    0,    0,    0,    0,    0,    0,    0,    0,    0,    0,    0,    0,    0,    0,    0,    0,    0,    0,    0,    0,    0,    0,    0,    0,    0,    0,    0,    0,    0,    0,    0,    0,    0,    0,    0,    0,    0,    0,    0,    0,    0,    0,    0,    0,    0,
       0,    0,    0,    0,    0,    0,    0,  -23,    0,    0,    0,    0,    0,    0,    0,    0,    0,    0,    0,    0,    0,    0,    0,    0,    0,    0,    0,    0,    0,    0,    0,    0,    0,    0,    0,    0,    0,    0,    0,    0,    0,    0,    0,    0,    0,    0,    0,    0,    0,    0,    0,    0,    0,    0,    0,    0,    0,    0,    0,    0,    0,    0,    0,    0,    0,    0,    0,    0,    0,    0,    0,    0,    0,    0,    0,    0,    0,    0,    0,    0,    0,    0,    0,    0,    0,    0,    0,    0,    0,    0,    0,    0,    0,    0,    0,    0,    0,    0,    0,    0,    0,    0,    0,    0,    0,    0,    0,    0,    0,    0,    0,    0,    0,    0,    0,    0,    0,    0,    0,    0,    0,    0,    0,    0,    0,    0,    0,    0,    0,    0,    0,    0,    0,    0,    0,  -23,    0,
       0,    0,    0,    0,    0,    0,    0,    0,    0,    0,    0,    0,    0,    0,    0,    0,  -19,    0,    0,    0,    0,    0,    0,    0,    0,    0,    0,    0,    0,    0,    0,    0,    0,    0,    0,    0,    0,    0,    0,    0,    0,    0,    0,    0,    0,    0,    0,    0,    0,    0,    0,    0,    0,    0,    0,    0,    0,    0,    0,    0,    0,    0,    0,    0,    0,    0,    0,    0,    0,    0,    0,    0,    0,    0,    0,    0,    0,    0,    0,    0,    0,    0,    0,    0,    0,    0,    0,    0,    0,    0,    0,    0,    0,    0,    0,    0,    0,    0,    0,    0,    0,    0,    0,    0,    0,    0,    0,    0,    0,    0,    0,    0,    0,    0,    0,    0,    0,    0,    0,    0,    0,    0,    0,    0,    0,    0,    0,    0,    0,    0,    0,    0,    0,    0,    0,    0,    0,
       0,    0,    0,    0,    0,    0,    0,    0,    0,    0,    0,   -9,    0,    0,    0,    0,    0,    0,    0,    0,    0,    0,    0,    0,    0,    0,    0,    0,    0,    0,    0,    0,    0,    0,    0,    0,    0,    0,    0,    0,    0,    0,    0,    0,    0,    0,    0,    0,    0,    0,    0,    5,    0,    0,    0,    0,    0,    0,    0,    0,    0,    0,    0,    0,    0,    0,    0,    0,    0,    0,    0,    0,    0,    0,    0,    0,    0,    0,    0,    0,    0,    0,    0,    0,    0,    0,    0,    0,    0,    0,    0,    0,    0,    0,    0,    0,    0,    0,    0,    0,    0,    0,    0,    0,    0,    0,    0,    0,    0,    0,    0,    0,    0,    0,    0,    0,    0,    0,    0,    0,    0,    0,    0,    0,    0,    0,    0,    0,    0,    0,    0,    0,    0,    0,    0,    0,    0,
       0,    0,    0,    0,    0,    0,    0,  -12,    0,    0,    0,    0,    0,    0,    0,    0,    0,    0,    0,    0,    0,    0,    0,    0,    0,    0,    0,    0,    0,    0,    0,    0,    0,    0,    0,    0,    0,    0,    0,    0,    0,    0,    0,    0,    0,    0,    0,    0,    0,    0,    0,    0,    0,    0,    0,    0,    0,    0,    0,    0,    0,    0,    0,    0,    0,    0,    0,    0,    0,    0,    0,    0,    0,    0,    0,    0,    0,    0,    0,    0,    0,    0,    0,    0,    0,    0,    0,    0,    0,    0,    0,    0,    0,    0,    0,    0,    0,    0,    0,    0,    0,    0,    0,    0,    0,    0,    0,    0,    0,    0,    0,    0,    0,    0,    0,    0,    0,    0,    0,    0,    0,    0,    0,    0,    0,    0,    0,    0,    0,    0,    0,    0,    0,    0,    0,  -14,    0,
       0,    0,    0,    0,    0,    0,    0,    0,    0,    0,   -9,    0,    0,   -9,    0,    0,    0,    0,    0,    0,    0,    0,    0,    0,    0,    0,    0,    0,    0,    0,    0,    0,    0,    0,    0,    0,    0,    0,    0,    0,    0,    0,    0,    0,    0,    0,    0,    0,    0,    0,    0,    0,    0,    0,    0,    0,    0,    0,    0,    0,    0,    0,    0,    0,    0,    0,    0,    0,    0,    0,    0,    0,    0,    0,    0,    0,    0,    0,    0,    0,    0,    0,    0,    0,    0,    0,    0,    0,    0,    0,    0,    0,    0,    0,    0,    0,    0,    0,    0,    0,    0,    0,    0,    0,    0,    0,    0,    0,    0,    0,    0,    0,    0,    0,    0,    0,    0,    0,    0,    0,    0,    0,    0,    0,    0,    0,    0,    0,    0,    0,    0,    0,    0,    0,    0,    0,  -28,
       0,    0,    0,    0,    0,    0,    0,  -19,    0,    0,    0,    0,    0,    0,    0,    0,    0,    0,    0,    0,    0,    0,    0,    0,    0,    0,    0,    0,    0,    0,    0,    0,    0,    0,    0,    0,    0,    0,    0,    0,    0,    0,    0,    0,    0,    0,    0,    0,    0,    0,    0,    0,    0,    0,    0,    0,    0,    0,    0,    0,    0,    0,    0,    0,    0,    0,    0,    0,    0,    0,    0,    0,    0,    0,    0,    0,    0,    0,    0,    0,    0,    0,    0,    0,    0,    0,    0,    0,    0,    0,    0,    0,    0,    0,    0,    0,    0,    0,    0,    0,    0,    0,    0,    0,    0,    0,    0,    0,    0,    0,    0,    0,    0,    0,    0,    0,    0,    0,    0,    0,    0,    0,    0,    0,    0,    0,    0,    0,    0,    0,    0,    0,    0,    0,    0,   -9,    0,
       0,    0,    0,    0,    0,    0,    0,    0,    0,    0,    0,    0,    0,    0,    0,    0,    0,    0,    0,    0,    0,    0,    0,    0,    0,    0,    0,    0,    0,    0,    0,    0,    0,    0,    0,    0,    0,    0,    0,    0,    0,    0,    0,    0,    0,    0,    0,    0,    0,    0,    0,    0,    0,    0,    0,    0,    0,    0,    0,    0,    0,    0,    0,    0,    0,    0,    0,    0,    0,    0,    0,    0,    0,    0,    0,    0,    0,    0,    0,    0,    0,    0,    0,    0,    0,    0,    0,    0,    0,    0,    0,    0,    0,    0,    0,    0,    0,    0,    0,    0,    0,    0,    0,    0,    0,    0,    0,    0,    0,    0,    0,    0,    0,    0,    0,    0,    0,    0,    0,    0,    0,    0,    0,    0,    0,    0,    0,    0,    0,    0,    0,    0,    0,    0,    0,   -9,    0,
       0,    0,    0,    0,  -47,    0,  -37,  -56,    0,   -7,   -9,  -12,   -9,    0,   -9,    0,  -23,    0,    0,    0,    0,    0,    0,    0,    0,    0,    0,    0,    0,    0,    0,    0,    0,    0,    0,    0,    0,    0,    0,    0,    0,    0,    0,    0,    0,    0,    0,    0,    0,    0,    0,    0,    0,    0,    0,    0,    0,    0,    0,    0,    0,    0,    0,    0,    0,    0,    0,    0,    0,    0,    0,    0,    0,    0,    0,    0,    0,    0,    0,    0,    0,    0,    0,    0,    0,    0,    0,    0,    0,    0,    0,    0,    0,    0,    0,    0,    0,    0,    0,    0,    0,    0,    0,    0,    0,    0,    0,    0,    0,    0,    0,    0,    0,    0,    0,    0,    0,    0,    0,    0,    0,    0,    0,    0,    0,    0,    0,    0,    0,    0,    0,    0,    0,    0,    0,  -42,    0,
       0,    0,    0,    0,    0,    0,    0,    0,    0,    0,    0,    0,    0,    0,    0,    0,    0,    0,    0,    0,    0,    0,    0,    0,    0,    0,    0,    0,    0,    0,    0,    0,    0,    0,    0,    0,    0,    0,    0,    0,    0,    0,    0,    0,    0,    0,    0,    0,    0,    0,    0,    0,    0,    0,    0,    0,    0,    0,    0,    0,    0,    0,    0,    0,    0,    0,    0,    0,    0,    0,    0,    0,    0,    0,    0,    0,    0,    0,    0,    0,    0,    0,    0,    0,    0,    0,    0,    0,    0,    0,    0,    0,    0,    0,    0,    0,    0,    0,    0,    0,    0,    0,    0,    0,    0,    0,    0,    0,    0,    0,    0,    0,    0,    0,    0,    0,    0,    0,    0,    0,    0,    0,    0,    0,    0,    0,    0,    0,    0,    0,    0,    0,    0,    0,    0,  -14,    0,
       0,    0,    0,    0,    0,    0,    0,  -23,    0,    0,    0,    0,    0,    0,    0,    0,    0,    0,    0,    0,    0,    0,    0,    0,    0,    0,    0,    0,    0,    0,    0,    0,    0,    0,    0,    0,    0,    0,    0,    0,    0,    0,    0,    0,    0,    0,    0,    0,    0,    0,    0,    0,    0,    0,    0,    0,    0,    0,    0,    0,    0,    0,    0,    0,    0,    0,    0,    0,    0,    0,    0,    0,    0,    0,    0,    0,    0,    0,    0,    0,    0,    0,    0,    0,    0,    0,    0,    0,    0,    0,    0,    0,    0,    0,    0,    0,    0,    0,    0,    0,    0,    0,    0,    0,    0,    0,    0,    0,    0,    0,    0,    0,    0,    0,    0,    0,    0,    0,    0,    0,    0,    0,    0,    0,    0,    0,    0,    0,    0,    0,    0,    0,    0,    0,    0,  -19,    0,
       0,    0,    0,    0,    0,    0,    0,    0,    0,   -9,    0,    0,    0,    0,    0,    0,    0,    0,    0,    0,    0,    0,    0,    0,    0,    0,    0,    0,    0,    0,    0,    0,    0,    0,    0,    0,    0,    0,    0,    0,    0,    0,    0,    0,    0,    0,    0,    0,    0,    0,    0,    0,    0,    0,    0,    0,    0,    0,    0,    0,    0,    0,    0,    0,    0,    0,    0,    0,    0,    0,    0,    0,    0,    0,    0,    0,    0,    0,    0,    0,    0,    0,    0,    0,    0,    0,    0,    0,    0,    0,    0,    0,    0,    0,    0,    0,    0,    0,    0,    0,    0,    0,    0,    0,    0,    0,    0,    0,    0,    0,    0,    0,    0,    0,    0,    0,    0,    0,    0,    0,    0,    0,    0,    0,    0,    0,    0,    0,    0,    0,    0,    0,    0,    0,    0,    0,    0,
       0,    0,    0,    0,    0,    0,    0,    0,    0,  -28,  -14,    0,    0,  -23,    0,    0,    0,    0,    0,    0,    0,    0,    0,    0,    0,    0,    0,    0,    0,    0,    0,    0,    0,    0,    0,    0,    0,    0,    0,    0,    0,    0,    0,    0,    0,    0,    0,    0,    0,    0,    0,    0,    0,    0,    0,    0,    0,    0,    0,    0,    0,    0,    0,    0,    0,    0,    0,    0,    0,    0,    0,    0,    0,    0,    0,    0,    0,    0,    0,    0,    0,    0,    0,    0,    0,    0,    0,    0,    0,    0,    0,    0,    0,    0,    0,    0,    0,    0,    0,    0,    0,    0,    0,    0,    0,    0,    0,    0,    0,    0,    0,    0,    0,    0,    0,    0,    0,    0,    0,    0,    0,    0,    0,    0,    0,    0,    0,    0,    0,    0,    0,    0,    0,    0,    0,    0,    0,
       0,    0,    0,    0,    0,    0,    0,    0,    0,    0,    0,    0,    0,    0,    0,    0,    0,    0,    0,  -19,    0,    0,    0,  -35,    0,    0,    0,    0,    0,    0,    0,    0,    0,    0,    0,    0,    0,    0,    0,    0,    0,    0,    0,    0,    0,    0,    0,    0,    0,    0,    0,    0,    0,    0,    0,  -19,    0,    0,    0,   -7,    0,    0,    0,    0,    0,    0,    0,    0,    0,    0,    0,    0,    0,    0,    0,    0,    0,    0,    0,    0,    0,    0,    0,    0,    0,    0,    0,    0,    0,    0,    0,    0,    0,    0,    0,    0,    0,    0,    0,    0,    0,    0,    0,    0,    0,    0,    0,    0,    0,    0,    0,    0,    0,    0,    0,    0,    0,    0,    0,    0,    0,    0,    0,    0,    0,    0,    0,    0,    0,    0,    0,    0,    0,    0,    0,    0,    0,
       0,    0,    0,    0,    0,    0,    0,    0,    0,    0,    0,    0,    0,    0,    0,    0,    0,    0,    0,    0,    0,    0,    0,    0,    0,    0,    0,   -3,    0,    0,    0,    0,    0,    0,    0,    0,    0,    0,    0,    0,    0,    0,    0,    0,    0,    0,    0,    0,   -1,    0,    0,    0,    0,    0,    0,    0,    0,    0,    0,    0,    0,    0,    0,    0,    0,    0,    0,    0,    0,    0,    0,    0,    0,    0,    0,    0,    0,    0,    0,    0,    0,    0,    0,    0,    0,    0,    0,    0,    0,    0,    0,    0,    0,    0,    0,    0,    0,    0,    0,    0,    0,    0,    0,    0,    0,    0,    0,    0,    0,    0,    0,    0,    0,    0,    0,    0,    0,    0,    0,    0,    0,    0,    0,    0,    0,    0,    0,    0,    0,    0,    0,    0,    0,    0,    0,    0,    0,
       0,    0,    0,  -35,    0,  -23,    0,    0,    0,    0,    0,    0,    0,    0,    0,    0,    0,    0,    0,    0,    0,   -9,    0,    0,    0,  -23,   -9,  -35,  -19,    0,  -37,    0,    0,  -47,    0,    0,   -9,    0,   -9,   -5,    0,    0,    0,    0,   -2,   -5,  -23,  -21,    0,  -12,    0,    0,    0,    0,    0,    0,    0,  -37,   -9,   -9,    0,  -23,  -19,    0,    0,    0,    0,    0,    0,    0,    0,    0,    0,    0,    0,    0,    0,    0,    0,    0,    0,    0,    0,    0,    0,    0,    0,    0,    0,    0,    0,    0,    0,    0,    0,    0,    0,    0,    0,    0,    0,    0,    0,    0,    0,    0,    0,    0,    0,    0,    0,    0,    0,    0,    0,    0,    0,    0,    0,    0,    0,    0,    0,    0,    0,    0,    0,    0,  -23,  -23,  -61,  -63,  -33,  -35,    0,    0,    0,
       0,    0,   -9,    0,    0,    0,    0,  -19,    0,    0,    0,    0,    0,    0,    0,    0,    0,    0,    0,    0,    0,    0,    0,    0,    0,   -7,    0,   -4,   -3,   -6,  -11,    0,    0,    0,    0,    0,    0,   -1,    0,   -2,    0,    0,    0,    0,    0,    0,    0,    0,   -1,    0,    0,    0,    0,    0,    0,    0,    0,  -11,    0,    0,   -1,   -7,   -3,    0,    0,    0,    0,    0,    0,    0,    0,    0,    0,    0,    0,    0,    0,    0,    0,    0,    0,    0,    0,    0,    0,    0,    0,    0,    0,    0,    0,    0,    0,    0,    0,    0,    0,    0,    0,    0,    0,    0,    0,    0,    0,    0,    0,    0,    0,    0,    0,    0,    0,    0,    0,    0,    0,    0,    0,    0,    0,    0,    0,    0,    0,    0,    0,    0,    0,    0,    0,    0,    0,    0,    0,    0,    0,
       0,    0,    9,    0,    0,    0,    0,    0,    0,    0,    0,    0,    0,    0,    0,    0,    0,    0,    0,    0,    0,    0,    0,    0,    0,    0,    0,    0,    0,    0,    0,    0,    0,    0,    0,    0,    0,    0,    0,    0,    0,    0,    0,    0,    0,    0,    0,    0,    0,    0,    0,    0,    0,    0,    0,    0,    0,    0,    0,    0,    0,    0,    0,    0,    0,    0,    0,    0,    0,    0,    0,    0,    0,    0,    0,    0,    0,    0,    0,    0,    0,    0,    0,    0,    0,    0,    0,    0,    0,    0,    0,    0,    0,    0,    0,    0,    0,    0,    0,    0,    0,    0,    0,    0,    0,    0,    0,    0,    0,    0,    0,    0,    0,    0,    0,    0,    0,    0,    0,    0,    0,    0,    0,    0,    0,    0,    0,    0,    0,    0,    0,   19,    0,   19,    0,    0,    0,
       0,    0,  -14,    0,    0,    0,   -9,  -19,    0,    0,    0,    0,    0,    0,    0,    0,    0,    0,    0,   -9,    0,    0,   -7,   -7,    0,  -14,    0,  -14,   -2,  -16,  -16,  -21,    0,  -23,    0,    0,    0,    0,    0,    0,    0,    0,    0,    0,    0,    0,    0,    0,   -5,    0,    0,  -12,    0,    0,    0,   -9,    0,  -16,    0,    0,    0,  -14,   -2,    0,    0,    0,    0,    0,    0,    0,    0,    0,    0,    0,    0,    0,    0,    0,    0,    0,    0,    0,    0,    0,    0,    0,    0,    0,    0,    0,    0,    0,    0,    0,    0,    0,    0,    0,    0,    0,    0,    0,    0,    0,    0,    0,    0,    0,    0,    0,    0,    0,    0,    0,    0,    0,    0,    0,    0,    0,    0,    0,    0,    0,    0,    0,    0,    0,    0,    0,    0,    0,    0,    0,    0,    0,    0,
       0,    0,    0,    0,    0,    0,    0,    0,    0,    0,    0,    0,    0,    0,    0,    0,    0,    0,    0,    0,    0,    0,    0,   -5,    0,    0,    0,    0,    0,    0,    0,    0,    0,    0,    0,    0,   -2,    0,    0,   -5,    0,    0,    0,    0,    0,   -5,   -7,    0,    0,   -5,    0,    0,    0,    0,    0,    0,    0,    0,    0,   -2,    0,    0,    0,    0,    0,    0,    0,    0,    0,    0,    0,    0,    0,    0,    0,    0,    0,    0,    0,    0,    0,    0,    0,    0,    0,    0,    0,    0,    0,    0,    0,    0,    0,    0,    0,    0,    0,    0,    0,    0,    0,    0,    0,    0,    0,    0,    0,    0,    0,    0,    0,    0,    0,    0,    0,    0,    0,    0,    0,    0,    0,    0,    0,    0,    0,    0,    0,    0,    0,    0,    0,    0,    0,    0,    0,    0,    0,
       0,    0,    0,    0,  -37,    0,  -37,    0,    0,    0,    0,    0,    0,    0,    0,    0,    0,    0,    0,  -28,    0,   -4,    0,  -56,   -2,    7,    0,    0,    0,   -2,    0,    0,    0,    0,    0,    0,   -7,    0,    0,   -5,    0,   -4,   -4,   -5,    0,   -7,   -2,    0,   -7,    0,   -2,    0,    0,    0,    0,  -28,  -56,    0,    0,   -7,    0,    7,    0,    0,    0,    0,    0,    0,    0,    0,    0,    0,    0,    0,    0,    0,    0,    0,    0,    0,    0,    0,    0,    0,    0,    0,    0,    0,    0,    0,    0,    0,    0,    0,    0,    0,    0,    0,    0,    0,    0,    0,    0,    0,    0,    0,    0,    0,    0,    0,    0,    0,    0,    0,    0,    0,    0,    0,    0,    0,    0,    0,    0,    0,    0,    0,    0,    0,    0,    0,    0,    0,    0,    0,    0,    0,    0,
       0,    0,    0,    0,    0,    0,    0,  -19,    0,    0,    0,    0,    0,    0,    0,    0,    0,    0,    0,   -5,    0,    0,   -5,    0,    0,  -12,    0,   -7,   -5,    0,  -11,    0,    0,  -23,    0,    0,    0,    0,    0,    0,    0,    0,    0,    0,    0,    0,    0,    0,    0,    0,    0,    0,    0,    0,    0,   -5,    0,  -11,    0,    0,    0,  -12,   -5,    0,    0,    0,    0,    0,    0,    0,    0,    0,    0,    0,    0,    0,    0,    0,    0,    0,    0,    0,    0,    0,    0,    0,    0,    0,    0,    0,    0,    0,    0,    0,    0,    0,    0,    0,    0,    0,    0,    0,    0,    0,    0,    0,    0,    0,    0,    0,    0,    0,    0,    0,    0,    0,    0,    0,    0,    0,    0,    0,    0,    0,    0,    0,    0,    0,    0,    0,    0,    0,    0,    0,    0,    0,    0,
       0,    0,    0,    0,    0,    0,    0,    0,    0,    0,    0,    0,    0,    0,    0,    0,    0,    0,    0,    0,    0,   -7,    0,    0,    0,    0,    0,    0,    0,    0,    0,    0,    0,    0,    0,    0,    0,    0,    0,    0,    0,    0,    0,    0,    0,    0,    0,    0,    0,    0,    0,    0,    0,    0,    0,    0,    0,    0,    0,    0,    0,    0,    0,    0,    0,    0,    0,    0,    0,    0,    0,    0,    0,    0,    0,    0,    0,    0,    0,    0,    0,    0,    0,    0,    0,    0,    0,    0,    0,    0,    0,    0,    0,    0,    0,    0,    0,    0,    0,    0,    0,    0,    0,    0,    0,    0,    0,    0,    0,    0,    0,    0,    0,    0,    0,    0,    0,    0,    0,    0,    0,    0,    0,    0,    0,    0,    0,    0,    0,    0,    0,    0,    0,    0,    0,    0,    0,
       0,    0,   19,    0,  -33,    0,  -23,  -23,    0,    0,    0,    0,    0,    0,    0,    0,    0,    0,    0,  -35,    0,  -14,    0,  -23,    0,    0,    0,    0,    0,    0,    0,    0,    0,    0,   14,    0,  -23,    0,  -23,  -23,    0,  -19,  -19,  -19,    0,  -23,  -19,   -9,    0,  -19,   -9,   19,    0,    0,    0,  -35,    0,    0,  -23,  -23,    0,    0,    0,    0,    0,    0,    0,    0,    0,    0,    0,    0,    0,    0,    0,    0,    0,    0,    0,    0,    0,    0,    0,    0,    0,    0,    0,    0,    0,    0,    0,    0,    0,    0,    0,    0,    0,    0,    0,    0,    0,    0,    0,    0,    0,    0,    0,    0,    0,    0,    0,    0,    0,    0,    0,    0,    0,    0,    0,    0,    0,    0,    0,    0,    0,    0,    0,    0,    0,    0,   28,   37,   28,   37,    0,    0,    0,
       0,    0,    0,    0,    0,  -42,    0,    0,    0,    0,    0,    0,    0,    0,    0,    0,    0,    0,    0,    0,    0,  -21,    0,  -14,   -5,    0,   -7,   -2,   -2,    0,    9,    0,    0,    0,    0,    0,  -21,    0,    0,    0,    0,   -4,   -4,   -2,   -1,   -6,  -19,  -19,    0,  -19,    0,    0,    0,    0,    0,    0,    0,    9,    0,  -21,    0,    0,   -2,    0,    0,    0,    0,    0,    0,    0,    0,    0,    0,    0,    0,    0,    0,    0,    0,    0,    0,    0,    0,    0,    0,    0,    0,    0,    0,    0,    0,    0,    0,    0,    0,    0,    0,    0,    0,    0,    0,    0,    0,    0,    0,    0,    0,    0,    0,    0,    0,    0,    0,    0,    0,    0,    0,    0,    0,    0,    0,    0,    0,    0,    0,    0,    0,    0,  -42,  -42,    0,    0,    0,    0,    0,    0,    0,
       0,    0,    0,  -35,    0,  -28,    0,    0,    0,    0,    0,    0,    0,    0,    0,    0,    0,    0,    0,    0,    0,   -9,    0,    0,    0,  -39,   -9,  -35,  -35,    0,  -56,    0,    0,  -47,    0,    0,   -9,    0,    0,    0,    0,    0,    0,    0,   -2,    0,  -11,   -2,    0,  -19,    9,    0,    0,    0,    0,    0,    0,  -56,    0,   -9,    0,  -39,  -35,    0,    0,    0,    0,    0,    0,    0,    0,    0,    0,    0,    0,    0,    0,    0,    0,    0,    0,    0,    0,    0,    0,    0,    0,    0,    0,    0,    0,    0,    0,    0,    0,    0,    0,    0,    0,    0,    0,    0,    0,    0,    0,    0,    0,    0,    0,    0,    0,    0,    0,    0,    0,    0,    0,    0,    0,    0,    0,    0,    0,    0,    0,    0,    0,    0,  -28,  -28,  -56,  -47,  -56,  -47,    0,    0,    0,
       0,    0,    0,    0,  -60,    0,  -47,  -37,    0,    0,    0,    0,    0,    0,    0,    0,    0,    0,    0,  -30,    0,    0,    0,  -35,    0,    0,    0,    0,    4,   -7,    0,   -7,    0,  -23,    0,    0,   -5,    0,    4,   -5,    0,    0,    0,    0,    7,   -2,    5,    7,    0,    5,    0,    0,    0,    0,    0,  -30,    0,    0,    4,   -5,    0,    0,    4,    0,    0,    0,    0,    0,    0,    0,    0,    0,    0,    0,    0,    0,    0,    0,    0,    0,    0,    0,    0,    0,    0,    0,    0,    0,    0,    0,    0,    0,    0,    0,    0,    0,    0,    0,    0,    0,    0,    0,    0,    0,    0,    0,    0,    0,    0,    0,    0,    0,    0,    0,    0,    0,    0,    0,    0,    0,    0,    0,    0,    0,    0,    0,    0,    0,    0,    0,   14,   23,   14,   23,    0,    0,    0,
       0,    0,  -14,    0,    0,    0,   -9,  -19,    0,    0,    0,    0,    0,    0,    0,    0,    0,    0,    0,   -9,    0,    0,   -7,   -7,    0,  -14,    0,  -14,   -2,  -16,  -16,  -21,    0,  -23,    0,   -5,    0,    0,    0,    0,    0,    0,    0,    0,    0,    0,    0,    0,   -5,    0,    0,  -12,    0,    0,    0,   -9,    0,  -16,    0,    0,    0,  -14,   -2,    0,    0,    0,    0,    0,    0,    0,    0,    0,    0,    0,    0,    0,    0,    0,    0,    0,    0,    0,    0,    0,    0,    0,    0,    0,    0,    0,    0,    0,    0,    0,    0,    0,    0,    0,    0,    0,    0,    0,    0,    0,    0,    0,    0,    0,    0,    0,    0,    0,    0,    0,    0,    0,    0,    0,    0,    0,    0,    0,    0,    0,    0,    0,    0,    0,    0,    0,    0,    0,    0,    0,    0,    0,    0,
       0,    0,    0,    0,    0,  -28,    0,    0,    0,    0,    0,    0,    0,    0,    0,    0,    0,    0,    0,    0,    0,   -5,    0,  -14,    0,   -9,   -2,  -14,    0,    0,  -23,    0,    0,  -19,    0,    0,   -9,    0,    0,    0,    0,    0,    0,    0,    0,   -5,    0,    0,    0,    0,    0,    0,    0,    0,    0,    0,    0,  -23,    0,   -9,    0,   -9,    0,    0,    0,    0,    0,    0,    0,    0,    0,    0,    0,    0,    0,    0,    0,    0,    0,    0,    0,    0,    0,    0,    0,    0,    0,    0,    0,    0,    0,    0,    0,    0,    0,    0,    0,    0,    0,    0,    0,    0,    0,    0,    0,    0,    0,    0,    0,    0,    0,    0,    0,    0,    0,    0,    0,    0,    0,    0,    0,    0,    0,    0,    0,    0,    0,    0,  -28,  -28,    0,    0,    0,    0,    0,    0,    0,
       0,    0,    0,    0,    0,    0,    0,    0,    0,    0,    0,    0,    0,    0,    0,    0,    0,    0,    0,    0,    0,    0,    0,    0,    0,    0,    0,    0,    0,   -7,   -7,    0,    0,    0,    0,    0,    0,    0,    0,    0,    0,    0,    0,    0,    0,    0,    0,    0,    0,    0,    0,    0,    0,    0,    0,    0,    0,   -7,    0,    0,    0,    0,    0,    0,    0,    0,    0,    0,    0,    0,    0,    0,    0,    0,    0,    0,    0,    0,    0,    0,    0,    0,    0,    0,    0,    0,    0,    0,    0,    0,    0,    0,    0,    0,    0,    0,    0,    0,    0,    0,    0,    0,    0,    0,    0,    0,    0,    0,    0,    0,    0,    0,    0,    0,    0,    0,    0,    0,    0,    0,    0,    0,    0,    0,    0,    0,    0,    0,    0,    0,    0,    0,    0,    0,    0,    0,    0,
       0,  -26,    0,    0,  -47,  -47,  -47,  -28,    0,    0,    0,    0,    0,    0,    0,    0,    0,    0,    0,  -23,    0,  -14,    0,  -37,    0,   14,    0,    5,    5,    0,    5,    0,    0,    0,    0,    0,  -47,    0,    0,  -21,    0,  -28,   -9,  -47,    0,  -47,   -5,  -33,   -7,  -23,  -33,    0,    0,    0,    0,  -23,  -51,    5,    0,  -47,    0,   14,    5,    0,    0,    0,    0,    0,    0,    0,    0,    0,    0,    0,    0,    0,    0,    0,    0,    0,    0,    0,    0,    0,    0,    0,    0,    0,    0,    0,    0,    0,    0,    0,    0,    0,    0,    0,    0,    0,    0,    0,    0,    0,    0,    0,    0,    0,    0,    0,    0,    0,    0,    0,    0,    0,    0,    0,    0,    0,    0,    0,    0,    0,    0,    0,    0,    0,  -47,  -47,    0,    0,    0,    0,    0,    0,    0,
       0,    0,    0,    0,    0,    0,    0,    0,    0,    0,    0,    0,    0,    0,    0,    0,    0,    0,    0,   -9,    0,    0,    0,   -5,   -5,    0,    0,    0,    0,   -5,   -5,    0,    0,    0,    0,    0,    0,    0,    0,    0,    0,    0,    0,    0,    0,    0,    0,    0,   -2,    0,    0,    0,    0,    0,    0,   -9,    0,   -5,    0,    0,    0,    0,    0,    0,    0,    0,    0,    0,    0,    0,    0,    0,    0,    0,    0,    0,    0,    0,    0,    0,    0,    0,    0,    0,    0,    0,    0,    0,    0,    0,    0,    0,    0,    0,    0,    0,    0,    0,    0,    0,    0,    0,    0,    0,    0,    0,    0,    0,    0,    0,    0,    0,    0,    0,    0,    0,    0,    0,    0,    0,    0,    0,    0,    0,    0,    0,    0,    0,    0,    0,    0,    0,    0,    0,    0,    0,    0,
       0,  -23,    0,    0,  -56,    0,  -47,  -37,    0,    0,    0,    0,    0,    0,    0,    0,    0,    3,   -3,  -35,    0,  -14,    0,  -47,   -5,    5,    0,    0,    0,    0,    0,    0,  -47,    0,    0,  -14,  -28,    0,    0,   -9,    0,   -9,   -6,   -7,    0,  -12,    0,    0,    0,    0,   -2,  -47,   -3,   -6,   -9,  -35,  -56,    0,    0,  -28,    0,    5,    0,    0,    0,    0,    0,    0,    0,    0,    0,    0,    0,    0,    0,    0,    0,    0,    0,    0,    0,    0,    0,    0,    0,    0,    0,    0,    0,    0,    0,    0,    0,    0,    0,    0,    0,    0,    0,    0,    0,    0,    0,    0,    0,    0,    0,    0,    0,    0,    0,    0,    0,    0,    0,    0,    0,    0,    0,    0,    0,    0,    0,    0,    0,    0,    0,    0,    0,  -47,    0,    0,    0,    0,   -4,    0,    0,
       0,  -14,    0,    0,  -37,    0,  -37,  -37,    0,    0,    0,    0,    0,    0,    0,    0,    0,    0,    0,  -19,    0,   -2,    0,  -37,   -5,    5,    0,    0,    0,    0,    0,    0,  -33,    0,    0,    0,  -12,    0,    0,   -9,    0,   -1,   -1,    0,    0,   -5,    0,    0,    0,    0,    0,  -33,    0,    0,    0,  -19,    0,    0,    0,  -12,    0,    5,    0,    0,    0,    0,    0,    0,    0,    0,    0,    0,    0,    0,    0,    0,    0,    0,    0,    0,    0,    0,    0,    0,    0,    0,    0,    0,    0,    0,    0,    0,    0,    0,    0,    0,    0,    0,    0,    0,    0,    0,    0,    0,    0,    0,    0,    0,    0,    0,    0,    0,    0,    0,    0,    0,    0,    0,    0,    0,    0,    0,    0,    0,    0,    0,    0,    0,    0,  -33,    0,    0,    0,    0,    0,    0,    0,
       0,    0,    0,    0,    0,    0,    0,    0,    0,    0,    0,    0,    0,    0,    0,    0,    0,    0,    0,    0,    0,  -16,    0,    0,   -7,    0,   -5,    0,    0,    0,    0,    0,  -37,    0,    0,    0,  -12,    0,    0,   -1,    0,    0,    0,    0,    0,   -5,  -12,   -8,    0,  -11,    0,  -37,    0,    0,    0,    0,    0,    0,    0,  -12,    0,    0,    0,    0,    0,    0,    0,    0,    0,    0,    0,    0,    0,    0,    0,    0,    0,    0,    0,    0,    0,    0,    0,    0,    0,    0,    0,    0,    0,    0,    0,    0,    0,    0,    0,    0,    0,    0,    0,    0,    0,    0,    0,    0,    0,    0,    0,    0,    0,    0,    0,    0,    0,    0,    0,    0,    0,    0,    0,    0,    0,    0,    0,    0,    0,    0,    0,    0,    0,  -37,    0,    0,    0,    0,    0,    0,    0,
       0,  -23,    0,    0,  -56,    0,  -56,  -56,    0,    0,    0,    0,    0,    0,    0,    0,    0,    0,    0,  -37,    0,  -16,    0,  -56,  -12,    5,   -5,    0,    0,    0,    0,    0,  -47,    0,    0,    0,  -37,    0,    0,  -37,    0,  -11,  -10,  -17,    0,   -9,   -5,   -5,   -9,   -5,   -5,  -47,    0,    0,    0,  -37,    0,    0,    0,  -37,    0,    5,    0,    0,    0,    0,    0,    0,    0,    0,    0,    0,    0,    0,    0,    0,    0,    0,    0,    0,    0,    0,    0,    0,    0,    0,    0,    0,    0,    0,    0,    0,    0,    0,    0,    0,    0,    0,    0,    0,    0,    0,    0,    0,    0,    0,    0,    0,    0,    0,    0,    0,    0,    0,    0,    0,    0,    0,    0,    0,    0,    0,    0,    0,    0,    0,    0,    0,    0,  -56,    0,    0,    0,    0,    0,    0,    0,
       0,    0,    0,    0,    0,    0,    0,    0,    0,    0,    0,    0,    0,    0,    0,    0,    0,    0,    0,    0,    0,   -2,    0,    0,    0,    0,    0,    0,    0,    0,    0,    0,    0,    0,    0,    0,   -2,    0,    0,    0,    0,    0,    0,    0,    0,   -2,   -2,    0,    0,    0,    0,    0,    0,    0,    0,    0,    0,    0,    0,   -2,    0,    0,    0,    0,    0,    0,    0,    0,    0,    0,    0,    0,    0,    0,    0,    0,    0,    0,    0,    0,    0,    0,    0,    0,    0,    0,    0,    0,    0,    0,    0,    0,    0,    0,    0,    0,    0,    0,    0,    0,    0,    0,    0,    0,    0,    0,    0,    0,    0,    0,    0,    0,    0,    0,    0,    0,    0,    0,    0,    0,    0,    0,    0,    0,    0,    0,    0,    0,    0,    0,    0,    0,    0,    0,    0,    0,    0,
       0,    0,    0,    0,    0,    0,    0,    0,    0,  -19,  -23,    0,    0,    0,    0,    0,    0,    0,    0,  -23,    0,    0,    0,  -51,    0,  -47,    0,  -47,  -33,  -37,  -56,    0,    0,    0,    0,    0,    0,    0,    0,    0,    0,    0,    0,    0,    0,    0,   -9,   -9,  -19,   -9,    0,    0,    0,    0,    0,    0,    0,    0,    0,    0,    0,    0,    0,    0,    0,    0,    0,    0,    0,    0,    0,    0,    0,    0,    0,    0,    0,    0,    0,    0,    0,    0,    0,    0,    0,    0,    0,    0,    0,    0,    0,    0,    0,    0,    0,    0,    0,    0,    0,    0,    0,    0,    0,    0,    0,    0,    0,    0,    0,    0,    0,    0,    0,    0,    0,    0,    0,    0,    0,    0,    0,    0,    0,    0,    0,    0,    0,    0,    0,    0,    0,    0,    0,    0,    0,    0,    0,
       0,    0,    0,    0,    0,    0,    0,    0,    0,    0,    0,    0,    0,    0,    0,    0,    0,    0,    0,    0,    0,  -23,    0,    0,    0,  -28,    0,  -19,  -19,    0,  -37,    0,    0,  -43,    0,    0,    0,    0,    0,    0,   28,    0,    0,    0,    0,    0,   -3,    0,    0,    0,    0,    0,    0,    0,    0,    0,    0,  -37,   -3,  -10,    0,  -28,  -19,    0,    0,    0,    0,    0,    0,    0,    0,    0,    0,    0,    0,    0,    0,    0,    0,    0,    0,    0,    0,    0,    0,    0,    0,    0,    0,    0,    0,    0,    0,    0,    0,    0,    0,    0,    0,    0,    0,    0,    0,    0,    0,    0,    0,    0,    0,    0,    0,    0,    0,    0,    0,    0,    0,    0,    0,    0,    0,    0,    0,    0,    0,    0,    0,    0,    0,    0,    0,    0,    0,    0,    0,    0,    0,
       0,    0,    0,    0,    0,    0,    0,    0,    0,    0,    0,    0,    0,    0,    0,    0,    0,    0,    0,    0,    0,    0,    0,    0,    0,    0,    0,  -14,    0,    0,    0,    0,    0,    0,    0,    0,    0,    0,    0,    0,    0,    0,    0,    0,    0,    0,  -10,    0,    0,    0,    0,    0,    0,    0,    0,    0,    0,    0,    0,  -16,    4,    0,    0,    0,    0,    0,    0,    0,    0,    0,    0,    0,    0,    0,    0,    0,    0,    0,    0,    0,    0,    0,    0,    0,    0,    0,    0,    0,    0,    0,    0,    0,    0,    0,    0,    0,    0,    0,    0,    0,    0,    0,    0,    0,    0,    0,    0,    0,    0,    0,    0,    0,    0,    0,    0,    0,    0,    0,    0,    0,    0,    0,    0,    0,    0,    0,    0,    0,    0,    0,    0,    0,    0,    0,    0,    0,    0,
       0,    0,    0,    0,    0,    0,    0,    0,    0,    0,    0,    0,    0,    0,    0,    0,    0,    0,    0,    9,    0,   -9,    0,    0,    0,  -30,   -5,  -13,   -5,    0,  -25,    0,    0,  -14,    0,    0,    0,    0,    0,    0,    0,    0,    0,    0,    0,   -5,   -6,   -3,    0,   -6,    0,    0,    0,    0,    0,    9,    0,  -25,    0,    0,    0,  -30,   -5,    0,    0,    0,    0,    0,    0,    0,    0,    0,    0,    0,    0,    0,    0,    0,    0,    0,    0,    0,    0,    0,    0,    0,    0,    0,    0,    0,    0,    0,    0,    0,    0,    0,    0,    0,    0,    0,    0,    0,    0,    0,    0,    0,    0,    0,    0,    0,    0,    0,    0,    0,    0,    0,    0,    0,    0,    0,    0,    0,    0,    0,    0,    0,    0,    0,    0,    0,    0,    0,    0,    0,    0,    0,    0,
       0,    0,  -12,    0,    0,    0,    0,  -23,    0,    0,    0,    0,    0,    0,    0,    0,    0,    0,    0,    0,    0,    0,    0,    0,    0,  -22,    0,  -11,   -7,   -7,  -18,   -5,    0,  -23,    0,    0,    0,    0,   -9,    0,    0,    0,    0,    0,    0,    0,   -7,   -9,   -9,   -9,   -5,  -12,    0,    0,    0,    0,    0,  -18,   -9,    0,    0,  -22,   -7,    0,    0,    0,    0,    0,    0,    0,    0,    0,    0,    0,    0,    0,    0,    0,    0,    0,    0,    0,    0,    0,    0,    0,    0,    0,    0,    0,    0,    0,    0,    0,    0,    0,    0,    0,    0,    0,    0,    0,    0,    0,    0,    0,    0,    0,    0,    0,    0,    0,    0,    0,    0,    0,    0,    0,    0,    0,    0,    0,    0,    0,    0,    0,    0,    0,    0,    0,    0,    0,    0,    0,    0,    0,    0,
       0,    0,    0,    0,    0,    0,    0,    0,    0,    0,    0,    0,    0,    0,    0,    0,    0,    0,    0,    0,    0,    0,    0,    0,    0,  -14,    0,   -7,   -5,   -2,  -16,    0,    0,    0,    0,    0,    0,    0,    0,    0,    0,    0,    2,    0,    0,    0,    0,    0,    0,   -7,    0,    0,    0,    0,    0,    0,    0,  -16,    0,    0,    0,  -14,   -5,    0,    0,    0,    0,    0,    0,    0,    0,    0,    0,    0,    0,    0,    0,    0,    0,    0,    0,    0,    0,    0,    0,    0,    0,    0,    0,    0,    0,    0,    0,    0,    0,    0,    0,    0,    0,    0,    0,    0,    0,    0,    0,    0,    0,    0,    0,    0,    0,    0,    0,    0,    0,    0,    0,    0,    0,    0,    0,    0,    0,    0,    0,    0,    0,    0,    0,    0,    0,   14,    0,   14,    0,    0,    0,
       0,    0,    0,    0,    0,    0,    0,    0,    0,    0,    0,    0,    0,    0,    0,    0,    0,    0,    0,    0,    0,    0,    0,    0,    0,    0,    0,    0,    0,    0,    0,    0,    0,    0,    0,    0,    0,    0,    0,    0,    0,    0,    0,    0,    0,    7,    0,    0,    0,    0,    0,    0,    0,    0,    0,    0,    0,    0,    0,    0,    0,    0,    0,    0,    0,    0,    0,    0,    0,    0,    0,    0,    0,    0,    0,    0,    0,    0,    0,    0,    0,    0,    0,    0,    0,    0,    0,    0,    0,    0,    0,    0,    0,    0,    0,    0,    0,    0,    0,    0,    0,    0,    0,    0,    0,    0,    0,    0,    0,    0,    0,    0,    0,    0,    0,    0,    0,    0,    0,    0,    0,    0,    0,    0,    0,    0,    0,    0,    0,    0,    0,    0,    0,    0,    0,    0,    0,
       0,    0,    0,    0,    0,    0,    0,    0,    0,    0,    0,    0,    0,    0,    0,    0,    0,    0,    0,    0,    0,    0,    0,    0,    0,  -21,    0,   -9,   -5,   -5,  -16,    0,    0,  -19,    0,    0,    0,    0,    0,   -2,    0,    0,    0,    0,    0,    0,   -5,   -5,   -1,   -5,    0,    0,    0,    0,    0,    0,    0,  -16,    0,    0,    0,  -21,   -5,    0,    0,    0,    0,    0,    0,    0,    0,    0,    0,    0,    0,    0,    0,    0,    0,    0,    0,    0,    0,    0,    0,    0,    0,    0,    0,    0,    0,    0,    0,    0,    0,    0,    0,    0,    0,    0,    0,    0,    0,    0,    0,    0,    0,    0,    0,    0,    0,    0,    0,    0,    0,    0,    0,    0,    0,    0,    0,    0,    0,    0,    0,    0,    0,    0,    0,    0,    0,    0,    0,    0,    0,    0,    0,
       0,    0,   14,   14,    0,    0,    0,   -9,    0,    0,    0,    0,    0,    0,    0,    0,    0,    0,    0,   -9,    0,    0,    0,    0,    0,   28,    0,   26,   23,   23,   23,   23,    0,    0,   19,    0,   -9,    0,    0,    0,    0,    0,    0,    0,    1,    0,    5,    1,    0,    0,    2,    0,    0,    0,    0,   -9,    0,   23,    0,   -9,    0,   28,   23,    0,    0,    0,    0,    0,    0,    0,    0,    0,    0,    0,    0,    0,    0,    0,    0,    0,    0,    0,    0,    0,    0,    0,    0,    0,    0,    0,    0,    0,    0,    0,    0,    0,    0,    0,    0,    0,    0,    0,    0,    0,    0,    0,    0,    0,    0,    0,    0,    0,    0,    0,    0,    0,    0,    0,    0,    0,    0,    0,    0,    0,    0,    0,    0,    0,    0,    0,   14,   19,   14,   19,    0,    0,    0,
       0,    0,    0,    0,   -2,    0,    0,    0,    0,    0,    0,    0,    0,    0,    0,    0,    0,    0,    0,   -7,    0,   -5,    0,    0,   -2,    0,    0,    0,    0,    0,   -7,    0,    0,  -14,    0,    0,    0,    0,    0,    0,    5,    0,    0,   -5,    0,   -4,    0,    0,    0,    0,    0,    0,    0,    0,    0,   -7,    0,   -7,    0,    0,    0,    0,    0,    0,    0,    0,    0,    0,    0,    0,    0,    0,    0,    0,    0,    0,    0,    0,    0,    0,    0,    0,    0,    0,    0,    0,    0,    0,    0,    0,    0,    0,    0,    0,    0,    0,    0,    0,    0,    0,    0,    0,    0,    0,    0,    0,    0,    0,    0,    0,    0,    0,    0,    0,    0,    0,    0,    0,    0,    0,    0,    0,    0,    0,    0,    0,    0,    0,    0,    0,    0,    0,    0,    0,    0,    0,    0,
       0,    0,    0,    0,    0,    0,    0,    0,    0,    0,    0,    0,    0,    0,    0,    0,    0,    0,    0,    0,    0,    0,    0,    0,    0,  -14,    0,  -14,    0,    0,  -12,    0,    0,  -19,    0,    0,    0,    0,    0,    0,    0,    0,    0,    0,    0,    0,    0,    0,    0,   -2,    0,    0,    0,    0,    0,    0,    0,  -12,    0,    0,    0,  -14,    0,    0,    0,    0,    0,    0,    0,    0,    0,    0,    0,    0,    0,    0,    0,    0,    0,    0,    0,    0,    0,    0,    0,    0,    0,    0,    0,    0,    0,    0,    0,    0,    0,    0,    0,    0,    0,    0,    0,    0,    0,    0,    0,    0,    0,    0,    0,    0,    0,    0,    0,    0,    0,    0,    0,    0,    0,    0,    0,    0,    0,    0,    0,    0,    0,    0,    0,    0,    0,    0,    0,    0,    0,    0,    0,
       0,    0,    0,    0,    0,    0,    0,    0,    0,    0,    0,    0,    0,    0,    0,    0,    0,    0,    0,    0,    0,    0,    0,    0,    0,  -14,    0,    0,    0,    0,    0,    0,    0,    0,    0,    0,    0,    0,    0,    0,    0,    0,    0,    0,    0,    0,    0,    0,    0,    0,    0,    0,    0,    0,    0,    0,    0,    0,    0,    0,    0,  -14,    0,    0,    0,    0,    0,    0,    0,    0,    0,    0,    0,    0,    0,    0,    0,    0,    0,    0,    0,    0,    0,    0,    0,    0,    0,    0,    0,    0,    0,    0,    0,    0,    0,    0,    0,    0,    0,    0,    0,    0,    0,    0,    0,    0,    0,    0,    0,    0,    0,    0,    0,    0,    0,    0,    0,    0,    0,    0,    0,    0,    0,    0,    0,    0,    0,    0,    0,    0,    0,    0,    0,    0,    0,    0,    0,
       0,    0,    0,    0,    0,    0,    0,    0,    0,    0,    0,    0,    0,    0,    0,    0,    0,    0,    0,    0,    0,    0,    0,    0,    0,  -14,   -5,    0,    0,    0,    0,    0,    0,    0,    0,    0,    0,    0,    0,    0,    2,    0,    0,    0,    0,    0,    0,    0,    0,    0,    0,    0,    0,    0,    0,    0,    0,    0,    0,    0,    0,  -14,    0,    0,    0,    0,    0,    0,    0,    0,    0,    0,    0,    0,    0,    0,    0,    0,    0,    0,    0,    0,    0,    0,    0,    0,    0,    0,    0,    0,    0,    0,    0,    0,    0,    0,    0,    0,    0,    0,    0,    0,    0,    0,    0,    0,    0,    0,    0,    0,    0,    0,    0,    0,    0,    0,    0,    0,    0,    0,    0,    0,    0,    0,    0,    0,    0,    0,    0,    0,    0,    0,    0,    0,    0,    0,    0,
       0,    0,    0,    0,    0,    0,    0,    0,    0,    0,    0,    0,    0,    0,    0,    0,    0,    0,    0,    0,    0,   -5,    0,    0,    0,    0,    0,    0,    0,    0,   -9,    0,    0,  -19,    0,    0,  -10,   -2,    0,   -9,   -2,    0,    0,   -2,    0,   -2,    0,    0,    0,    0,    0,    0,    0,    0,    0,    0,    0,   -9,    0,  -10,   -2,    0,    0,    0,    0,    0,    0,    0,    0,    0,    0,    0,    0,    0,    0,    0,    0,    0,    0,    0,    0,    0,    0,    0,    0,    0,    0,    0,    0,    0,    0,    0,    0,    0,    0,    0,    0,    0,    0,    0,    0,    0,    0,    0,    0,    0,    0,    0,    0,    0,    0,    0,    0,    0,    0,    0,    0,    0,    0,    0,    0,    0,    0,    0,    0,    0,    0,    0,    0,    0,    0,    0,    0,    0,    0,    0,    0,
       0,    0,    0,    0,    0,    0,    0,    0,    0,    0,    0,    0,    0,    0,    0,    0,    0,    0,    0,    0,    0,   -9,    0,    0,    0,  -12,    0,  -14,   -9,    0,  -14,    0,    0,    0,    0,    0,   -5,    0,    0,   -5,   -7,    0,    0,    0,   -1,   -2,  -12,   -7,    0,   -7,    0,    0,    0,    0,    0,    0,    0,  -14,    0,   -5,    0,  -12,   -9,    0,    0,    0,    0,    0,    0,    0,    0,    0,    0,    0,    0,    0,    0,    0,    0,    0,    0,    0,    0,    0,    0,    0,    0,    0,    0,    0,    0,    0,    0,    0,    0,    0,    0,    0,    0,    0,    0,    0,    0,    0,    0,    0,    0,    0,    0,    0,    0,    0,    0,    0,    0,    0,    0,    0,    0,    0,    0,    0,    0,    0,    0,    0,    0,    0,    0,    0,    0,    0,    0,    0,    0,    0,    0,
       0,    0,   14,    0,    0,    0,    0,    0,    0,    0,    0,    0,    0,    0,    0,    0,    0,    0,    0,    0,    0,    0,    0,    0,    0,   -9,    0,   -8,    0,    0,   -7,    0,    0,   -3,    0,    0,    0,    0,    0,    0,    9,    0,    0,    0,    0,    0,    0,    0,    0,    0,    0,    0,    0,    0,    0,    0,    0,   -7,    0,    0,    0,   -9,    0,    0,    0,    0,    0,    0,    0,    0,    0,    0,    0,    0,    0,    0,    0,    0,    0,    0,    0,    0,    0,    0,    0,    0,    0,    0,    0,    0,    0,    0,    0,    0,    0,    0,    0,    0,    0,    0,    0,    0,    0,    0,    0,    0,    0,    0,    0,    0,    0,    0,    0,    0,    0,    0,    0,    0,    0,    0,    0,    0,    0,    0,    0,    0,    0,    0,    0,    0,    0,    0,    0,    0,    0,    0,    0,
       0,    0,    0,    9,  -33,    0,  -53,   -9,    0,    0,    0,    0,    0,    0,    0,    0,    0,    0,    0,  -14,    0,    0,    0,    0,    0,   -5,    0,    0,    0,   -7,    0,    0,  -14,    0,    0,    0,  -10,    0,    0,   -7,   -5,    0,    0,    0,    9,    0,   23,   23,    0,    0,    0,  -14,    0,    0,    0,  -14,    0,    0,    0,  -10,    0,   -5,    0,    0,    0,    0,    0,    0,    0,    0,    0,    0,    0,    0,    0,    0,    0,    0,    0,    0,    0,    0,    0,    0,    0,    0,    0,    0,    0,    0,    0,    0,    0,    0,    0,    0,    0,    0,    0,    0,    0,    0,    0,    0,    0,    0,    0,    0,    0,    0,    0,    0,    0,    0,    0,    0,    0,    0,    0,    0,    0,    0,    0,    0,    0,    0,    0,    0,    0,    0,    0,   23,    0,   23,    0,    0,    0,
       0,    0,    0,    0,    0,    0,    0,    0,    0,    0,    0,    0,    0,    0,    0,    0,    0,    0,    0,    0,    0,   -2,    0,    0,    0,  -21,    0,   -2,    0,   -2,   -9,    0,    0,    0,    0,    0,    0,    0,    0,    0,    0,    0,    0,    0,    0,    0,    0,    0,   -2,    0,    0,    0,    0,    0,    0,    0,    0,   -9,    0,    0,    0,  -21,    0,    0,    0,    0,    0,    0,    0,    0,    0,    0,    0,    0,    0,    0,    0,    0,    0,    0,    0,    0,    0,    0,    0,    0,    0,    0,    0,    0,    0,    0,    0,    0,    0,    0,    0,    0,    0,    0,    0,    0,    0,    0,    0,    0,    0,    0,    0,    0,    0,    0,    0,    0,    0,    0,    0,    0,    0,    0,    0,    0,    0,    0,    0,    0,    0,    0,    0,    0,    0,    0,    0,    0,    0,    0,    0,
       0,    0,    0,    0,   -9,    0,    0,    0,    0,    0,    0,    0,    0,    0,    0,    0,    0,    0,    0,    0,    0,    0,    0,    0,    0,    0,    0,    0,    0,    0,    0,    0,    0,    0,    0,    0,   -2,    0,  -12,   -2,    0,    0,    0,    9,    0,    0,    0,    0,    0,    0,    0,    0,    0,    0,    0,    0,    0,    0,  -12,   -2,    0,    0,    0,    0,    0,    0,    0,    0,    0,    0,    0,    0,    0,    0,    0,    0,    0,    0,    0,    0,    0,    0,    0,    0,    0,    0,    0,    0,    0,    0,    0,    0,    0,    0,    0,    0,    0,    0,    0,    0,    0,    0,    0,    0,    0,    0,    0,    0,    0,    0,    0,    0,    0,    0,    0,    0,    0,    0,    0,    0,    0,    0,    0,    0,    0,    0,    0,    0,    0,    0,    0,    0,    0,    0,    0,    0,    0,
       0,    0,    0,    0,    0,    0,    0,    0,    0,    0,    0,    0,    0,    0,    0,    0,    0,    0,    0,    0,    0,    0,    0,    0,    0,  -14,    0,   -5,   -5,    0,   -7,    0,    0,    0,    0,    0,    0,    0,    0,   -5,    0,    0,    0,    0,    0,    0,    0,    0,    0,    0,    0,    0,    0,    0,    0,    0,    0,   -7,    0,    0,    0,  -14,   -5,    0,    0,    0,    0,    0,    0,    0,    0,    0,    0,    0,    0,    0,    0,    0,    0,    0,    0,    0,    0,    0,    0,    0,    0,    0,    0,    0,    0,    0,    0,    0,    0,    0,    0,    0,    0,    0,    0,    0,    0,    0,    0,    0,    0,    0,    0,    0,    0,    0,    0,    0,    0,    0,    0,    0,    0,    0,    0,    0,    0,    0,    0,    0,    0,    0,    0,    0,    0,    0,    0,    0,    0,    0,    0,
       0,  -14,    0,    3,  -19,    0,  -19,   -9,    0,    0,    0,    0,    0,    0,    0,    0,    0,    2,    0,  -12,    0,    0,    0,    0,    0,   -5,    0,    0,    0,  -12,   -5,   -9,   -9,    0,    0,  -10,   -7,    0,    0,   -5,    0,    0,    0,   -2,   23,    0,   23,    0,    0,    0,    0,   -9,    0,    0,   -6,  -12,    0,   -5,    0,   -9,    0,   -5,    0,    0,    0,    0,    0,    0,    0,    0,    0,    0,    0,    0,    0,    0,    0,    0,    0,    0,    0,    0,    0,    0,    0,    0,    0,    0,    0,    0,    0,    0,    0,    0,    0,    0,    0,    0,    0,    0,    0,    0,    0,    0,    0,    0,    0,    0,    0,    0,    0,    0,    0,    0,    0,    0,    0,    0,    0,    0,    0,    0,    0,    0,    0,    0,    0,    0,    0,    0,    0,    0,    0,    0,    0,    0,    0,
       0,  -14,    0,    0,  -19,    0,  -19,   -9,    0,    0,    0,    0,    0,    0,    0,    0,    0,    0,    0,   -2,    0,    0,    0,    0,    0,   -5,    0,    0,    0,   -8,   -5,   -2,   -9,    0,    0,    0,   -7,    0,    0,   -7,    0,    0,    0,   -2,   23,    0,   19,    0,    0,    0,    0,   -9,    0,    0,    0,   -2,    0,   -5,    0,   -7,    0,   -5,    0,    0,    0,    0,    0,    0,    0,    0,    0,    0,    0,    0,    0,    0,    0,    0,    0,    0,    0,    0,    0,    0,    0,    0,    0,    0,    0,    0,    0,    0,    0,    0,    0,    0,    0,    0,    0,    0,    0,    0,    0,    0,    0,    0,    0,    0,    0,    0,    0,    0,    0,    0,    0,    0,    0,    0,    0,    0,    0,    0,    0,    0,    0,    0,    0,    0,    0,    0,    0,    0,    0,    0,    0,    0,    0,
       0,   -1,    0,    0,    0,    0,    0,    0,    0,    0,    0,    0,    0,    0,    0,    0,    0,    0,    0,    0,    0,   -5,    0,    0,    0,   -7,   -2,    0,    0,    0,   -9,    0,  -19,   -3,    0,    0,  -14,    0,    0,    0,    0,    0,    0,   -2,    0,   -2,    0,    0,    0,    0,    0,  -19,    0,   -3,    0,    0,    0,   -9,    0,  -15,    0,   -7,    0,    0,    0,    0,    0,    0,    0,    0,    0,    0,    0,    0,    0,    0,    0,    0,    0,    0,    0,    0,    0,    0,    0,    0,    0,    0,    0,    0,    0,    0,    0,    0,    0,    0,    0,    0,    0,    0,    0,    0,    0,    0,    0,    0,    0,    0,    0,    0,    0,    0,    0,    0,    0,    0,    0,    0,    0,    0,    0,    0,    0,    0,    0,    0,    0,    0,    0,    0,    0,    0,    0,    0,    0,    0,    0,
       0,  -14,    0,    0,    0,    0,  -19,   -9,    0,    0,    0,    0,    0,    0,    0,    0,    0,    0,    0,  -12,    0,    0,    0,    0,    0,   -5,    0,    0,    0,   -9,   -5,   -5,   -9,    0,    0,    0,   -5,    0,    0,   -7,    0,    0,    0,   -5,    0,    0,    0,    0,    0,    0,    0,   -9,    0,    0,    0,  -12,    0,   -5,    0,   -5,    0,   -5,    0,    0,    0,    0,    0,    0,    0,    0,    0,    0,    0,    0,    0,    0,    0,    0,    0,    0,    0,    0,    0,    0,    0,    0,    0,    0,    0,    0,    0,    0,    0,    0,    0,    0,    0,    0,    0,    0,    0,    0,    0,    0,    0,    0,    0,    0,    0,    0,    0,    0,    0,    0,    0,    0,    0,    0,    0,    0,    0,    0,    0,    0,    0,    0,    0,    0,    0,    0,    0,    0,    0,    0,    0,    0,    0,
       0,    0,    0,    0,    0,    0,    0,    0,    0,    0,    0,    0,    0,    0,    0,    0,    0,    0,    0,    0,    0,    0,    0,    0,    0,   -5,    0,    0,    0,    0,   -5,    0,    0,  -19,    0,    0,   -5,    0,    0,    0,    0,    0,    0,    0,    0,    0,    0,    0,    0,    0,    0,    0,    0,    0,    0,    0,    0,   -5,    0,   -5,    0,   -5,    0,    0,    0,    0,    0,    0,    0,    0,    0,    0,    0,    0,    0,    0,    0,    0,    0,    0,    0,    0,    0,    0,    0,    0,    0,    0,    0,    0,    0,    0,    0,    0,    0,    0,    0,    0,    0,    0,    0,    0,    0,    0,    0,    0,    0,    0,    0,    0,    0,    0,    0,    0,    0,    0,    0,    0,    0,    0,    0,    0,    0,    0,    0,    0,    0,    0,    0,    0,    0,    0,    0,    0,    0,    0,    0,
       0,    0,    0,    0,    0,    0,    0,    0,    0,  -19,  -23,    0,    0,    0,    0,    0,    0,    0,    0,  -23,    0,  -12,    0,  -47,    0,  -47,    0,  -47,  -33,  -37,  -56,    0,    0,    0,    0,    0,  -12,    0,    0,    0,    0,    0,    0,    0,    0,    0,   -9,   -9,  -19,   -9,    0,    0,    0,    0,    0,    0,    0,    0,    0,  -12,    0,    0,    0,    0,    0,    0,    0,    0,    0,    0,    0,    0,    0,    0,    0,    0,    0,    0,    0,    0,    0,    0,    0,    0,    0,    0,    0,    0,    0,    0,    0,    0,    0,    0,    0,    0,    0,    0,    0,    0,    0,    0,    0,    0,    0,    0,    0,    0,    0,    0,    0,    0,    0,    0,    0,    0,    0,    0,    0,    0,    0,    0,    0,    0,    0,    0,    0,    0,    0,    0,    0,    0,    0,    0,    0,    0,    0,
       0,    0,    0,    0,    0,    0,    0,    0,    0,  -19,  -23,    0,    0,    0,    0,    0,    0,    0,    0,  -23,    0,    0,    0,  -23,    0,  -47,    0,  -47,  -33,  -37,  -56,    0,    0,    0,    0,    0,    0,    0,    0,    0,    0,    0,    0,    0,    0,    0,   -9,   -9,  -19,   -9,    0,    0,    0,    0,    0,    0,    0,    0,    0,    0,    0,    0,    0,    0,    0,    0,    0,    0,    0,    0,    0,    0,    0,    0,    0,    0,    0,    0,    0,    0,    0,    0,    0,    0,    0,    0,    0,    0,    0,    0,    0,    0,    0,    0,    0,    0,    0,    0,    0,    0,    0,    0,    0,    0,    0,    0,    0,    0,    0,    0,    0,    0,    0,    0,    0,    0,    0,    0,    0,    0,    0,    0,    0,    0,    0,    0,    0,    0,    0,    0,    0,    0,    0,    0,    0,    0,    0,
       0,    0,    0,    0,    0,    0,    0,    0,    0,    0,    0,    0,    0,    0,    0,    0,    0,    0,    0,    0,    0,    0,    0,    0,    0,    0,    0,   -3,    0,    0,    0,    0,    0,    0,    0,    0,    0,    0,    0,    0,    0,    0,    0,    0,    0,    0,    0,    0,    0,    0,    0,    0,    0,    0,    0,    0,    0,    0,    0,    0,    0,    0,    0,    0,    0,    0,    0,    0,    0,    0,    0,    0,    0,    0,    0,    0,    0,    0,    0,    0,    0,    0,    0,    0,    0,    0,    0,    0,    0,    0,    0,    0,    0,    0,    0,    0,    0,    0,    0,    0,    0,    0,    0,    0,    0,    0,    0,    0,    0,    0,    0,    0,    0,    0,    0,    0,    0,    0,    0,    0,    0,    0,    0,    0,    0,    0,    0,    0,    0,    0,    0,    0,    0,    0,    0,    0,    0,
       0,    0,    0,    0,    0,    0,    0,    0,  -19,  -14,    0,  -14,    0,    0,    0,    0,    0,    0,    0,    0,    0,    0,    0,    0,    0,    0,    0,    0,    0,    0,    0,    0,    0,    0,    0,    0,    0,    0,    0,    0,    0,    0,    0,    0,    0,    0,    0,    0,    0,    0,    0,    0,    0,    0,    0,    0,    0,    0,    0,    0,    0,    0,    0,    0,    0,    0,    0,    0,    0,    0,    0,    0,    0,    0,    0,    0,    0,    0,    0,    0,    0,    0,    0,    0,    0,    0,    0,    0,    0,    0,    0,    0,    0,    0,    0,    0,    0,    0,    0,    0,    0,    0,    0,    0,    0,    0,    0,    0,    0,    0,    0,    0,    0,    0,    0,    0,    0,    0,    0,    0,    0,    0,    0,    0,    0,    0,    0,    0,    0,    0,    0,    0,    0,    0,    0,    0,    0,
       0,    0,    0,    0,    0,    0,    0,    0,    0,    0,    0,    0,    0,    0,    0,    0,    0,    0,    0,    0,    0,    0,    0,    0,    0,    0,    0,   -6,    0,    0,    0,    0,    0,    0,    0,    0,    0,    0,    0,    0,    0,    0,    0,    0,    0,    0,    0,    0,   -3,    0,    0,    0,    0,    0,    0,    0,    0,    0,    0,    5,    0,    0,    0,    0,    0,    0,    0,    0,    0,    0,    0,    0,    0,    0,    0,    0,    0,    0,    0,    0,    0,    0,    0,    0,    0,    0,    0,    0,    0,    0,    0,    0,    0,    0,    0,    0,    0,    0,    0,    0,    0,    0,    0,    0,    0,    0,    0,    0,    0,    0,    0,    0,    0,    0,    0,    0,    0,    0,    0,    0,    0,    0,    0,    0,    0,    0,    0,    0,    0,    0,    0,    0,    0,    0,    0,    0,    0,
       0,    0,    0,    0,    0,    0,    0,    0,    0,    0,    0,    0,    0,    0,    0,    0,    0,    0,    0,    0,    0,    0,    0,    0,    0,    0,    0,   -8,    0,    0,    0,    0,    0,    0,    0,    0,    0,    0,    0,    0,    0,    0,    0,    0,    0,    0,   -4,    0,    0,    0,    0,    0,    0,    0,    0,    0,    0,    0,    0,  -14,    0,    0,    0,    0,    0,    0,    0,    0,    0,    0,    0,    0,    0,    0,    0,    0,    0,    0,    0,    0,    0,    0,    0,    0,    0,    0,    0,    0,    0,    0,    0,    0,    0,    0,    0,    0,    0,    0,    0,    0,    0,    0,    0,    0,    0,    0,    0,    0,    0,    0,    0,    0,    0,    0,    0,    0,    0,    0,    0,    0,    0,    0,    0,    0,    0,    0,    0,    0,    0,    0,    0,    0,    0,    0,    0,    0,    0,
       5,    0,    0,   -2,  -60,    0,  -47,  -19,    0,    0,    0,    0,    0,    0,    0,    0,    0,    0,    0,  -30,    0,    0,    0,  -35,    0,    0,    0,    0,    4,   -7,    0,   -7,    0,   -9,    0,  -25,   -5,    0,    4,   -5,    0,    0,    0,    0,    7,   -2,    6,    7,   -1,    5,    0,    0,    9,   12,   -9,  -30,    0,    0,    4,   -5,    0,    0,    4,    0,    0,    0,    0,    0,    0,    0,    0,    0,    0,    0,    0,    0,    0,    0,    0,    0,    0,    0,    0,    0,    0,    0,    0,    0,    0,    0,    0,    0,    0,    0,    0,    0,    0,    0,    0,    0,    0,    0,    0,    0,    0,    0,    0,    0,    0,    0,    0,    0,    0,    0,    0,    0,    0,    0,    0,    0,    0,    0,    0,    0,    0,    0,    0,    0,    0,    0,   14,   23,   14,   23,    2,    0,    0,
       0,    0,  -12,   -9,    0,    0,    0,   -6,    0,    0,    0,    0,    0,    0,    0,    0,    0,    0,    0,    0,    0,    0,    0,    0,    0,  -22,    0,  -11,   -7,   -7,  -18,   -5,    0,   -2,    0,  -16,    0,    0,   -9,    0,    0,    0,    0,    0,    0,    0,   -8,   -9,  -11,   -9,   -5,  -12,    0,    5,    0,    0,    0,  -18,   -9,    0,    0,  -22,   -7,    0,    0,    0,    0,    0,    0,    0,    0,    0,    0,    0,    0,    0,    0,    0,    0,    0,    0,    0,    0,    0,    0,    0,    0,    0,    0,    0,    0,    0,    0,    0,    0,    0,    0,    0,    0,    0,    0,    0,    0,    0,    0,    0,    0,    0,    0,    0,    0,    0,    0,    0,    0,    0,    0,    0,    0,    0,    0,    0,    0,    0,    0,    0,    0,    0,    0,    0,    0,    0,    0,    0,    0,    0,    0,
       0,    0,  -14,   -7,    0,    0,   -9,  -14,    0,    0,    0,    0,    0,    0,    0,    0,    0,    0,    0,   -9,    0,    0,   -7,   -7,    0,  -14,    0,  -14,   -2,  -16,  -16,  -21,    0,  -23,    0,  -25,    0,    0,    0,    0,    0,    0,    0,    0,    0,    0,    0,    0,   -6,    0,    0,  -12,    0,    5,   -9,   -9,    0,  -16,    0,    0,    0,  -14,   -2,    0,    0,    0,    0,    0,    0,    0,    0,    0,    0,    0,    0,    0,    0,    0,    0,    0,    0,    0,    0,    0,    0,    0,    0,    0,    0,    0,    0,    0,    0,    0,    0,    0,    0,    0,    0,    0,    0,    0,    0,    0,    0,    0,    0,    0,    0,    0,    0,    0,    0,    0,    0,    0,    0,    0,    0,    0,    0,    0,    0,    0,    0,    0,    0,    0,    0,    0,    0,    0,    0,    0,    0,    0,    0,
       0,    0,    0,    0,    0,    0,    0,    0,    0,    0,    0,    0,    0,    0,    0,    0,    0,    0,    0,    0,   28,    0,    0,    0,    0,    0,    0,    0,    0,    0,    0,    0,    0,    0,    0,    0,    0,   42,    0,    0,    0,    0,    0,    0,    0,    0,    0,    0,    0,    0,    0,    0,    0,    0,    0,    0,    0,    0,    0,    0,   42,    0,    0,    0,    0,    0,    0,    0,    0,    0,    0,    0,    0,    0,    0,    0,    0,    0,    0,    0,    0,    0,    0,    0,    0,    0,    0,    0,    0,    0,    0,    0,    0,    0,    0,    0,    0,    0,    0,    0,    0,    0,    0,    0,    0,    0,    0,    0,    0,    0,    0,    0,    0,    0,    0,    0,    0,    0,    0,    0,    0,    0,    0,    0,    0,    0,    0,    0,    0,    0,    0,    0,    0,    0,    0,    0,    0,
       0,    0,    0,    0,   -1,    0,    0,    0,    0,    0,    0,    0,    0,    0,    0,    0,    0,    0,    0,   -7,    0,   -5,    0,    0,   -2,    0,    0,    0,    0,    0,   -7,    0,    0,  -14,    0,    0,    0,    0,    0,    0,    5,    0,    0,   -5,    0,   -4,    0,    0,    0,    0,    0,    0,    0,    0,    0,   -7,    0,   -7,    0,    0,    0,    0,    0,    0,    0,    0,    0,    0,    0,    0,    0,    0,    0,    0,    0,    0,    0,    0,    0,    0,    0,    0,    0,    0,    0,    0,    0,    0,    0,    0,    0,    0,    0,    0,    0,    0,    0,    0,    0,    0,    0,    0,    0,    0,    0,    0,    0,    0,    0,    0,    0,    0,    0,    0,    0,    0,    0,    0,    0,    0,    0,    0,    0,    0,    0,    0,    0,    0,    0,    0,    0,    0,    0,    0,    0,    0,    0,
       0,    0,    0,    0,    0,  -28,    0,    0,    0,    0,    0,    0,    0,    0,    0,    0,    0,    0,    0,    0,    0,   -5,    0,  -14,    0,   -9,   -2,  -14,    0,    0,  -23,    0,    0,  -19,    0,    0,   -9,    0,    0,    0,    0,    0,    0,    0,    0,   -5,    0,    0,    0,    0,    0,    0,    0,    0,    0,    0,    0,  -23,    0,   -9,    0,   -9,    0,    0,    0,    0,    0,    0,    0,    0,    0,    0,    0,    0,    0,    0,    0,    0,    0,    0,    0,    0,    0,    0,    0,    0,    0,    0,    0,    0,    0,    0,    0,    0,    0,    0,    0,    0,    0,    0,    0,    0,    0,    0,    0,    0,    0,    0,    0,    0,    0,    0,    0,    0,    0,    0,    0,    0,    0,    0,    0,    0,    0,    0,    0,    0,    0,    0,    0,  -28,    0,    0,    0,    0,    0,    0,    0,
       0,    0,    0,    0,    0,    0,    0,    0,    0,    0,    0,    0,    0,    0,    0,    0,    0,    0,    0,    0,    0,    0,    0,    0,    0,    0,    0,    0,    0,    0,    0,    0,    0,    0,    0,    0,    0,    0,    0,    0,    0,    0,    0,    0,    0,    0,    0,    0,    0,    0,    0,    0,    0,    0,    0,    0,    0,    0,    0,    0,    0,    0,    0,    0,    0,    0,   23,    0,    0,    0,    0,    0,    0,    0,    0,    0,    0,    0,    0,    0,    0,    0,    0,    0,    0,    0,    0,    0,    0,    0,    0,    0,    0,    0,    0,    0,    0,    0,    0,    0,    0,    0,    0,    0,    0,    0,    0,    0,    0,    0,    0,    0,    0,    0,    0,    0,    0,    0,    0,    0,    0,    0,    0,    0,    0,    0,    0,    0,    0,    0,    0,    0,    0,    0,    0,    0,    0,
       0,    0,    0,    0,    0,    0,    0,    0,    0,    0,    0,    0,    0,    0,    0,    0,    0,    0,    0,    0,    0,    0,    0,    0,    0,    0,    0,    0,    0,    0,    0,    0,    0,    0,    0,    0,    0,    0,    0,    0,    0,    0,    0,    0,    0,    0,    0,    0,    0,    0,    0,    0,    0,    0,    0,    0,    0,    0,    0,    0,    0,    0,    0,  -23,    0,    0,    0,    0,   -9,    0,    0,    0,    0,    0,  -14,    0,    0,    0,    0,    0,    0,    0,    0,    0,   -9,   -9,   -9,    0,    0,    0,    0,    0,    0,    0,   -9,    0,  -19,  -28,  -23,   -9,    0,    0,    0,    0,    0,    0,    0,    0,    0,    0,    0,    0,    0,    0,    0,    0,    0,    0,    0,    0,    0,    0,    0,    0,    0,    0,    0,    0,    0,    0,    0,    0,    0,    0,    0,    0,    0,
       0,    0,    0,    0,    0,    0,    0,    0,    0,    0,    0,    0,    0,    0,    0,    0,    0,    0,    0,    0,    0,    0,    0,    0,    0,    0,    0,    0,    0,    0,    0,    0,    0,    0,    0,    0,    0,    0,    0,    0,    0,    0,    0,    0,    0,    0,    0,    0,    0,    0,    0,    0,    0,    0,    0,    0,    0,    0,    0,    0,    0,    0,    0,    9,   -9,    0,    0,  -12,    0,  -33,  -12,    0,    0,  -16,    0,    0,  -19,   -9,  -14,  -19,  -19,   -5,   -5,  -14,   -5,   -9,  -14,  -19,    0,   -9,    0,    0,    0,    0,    0,    0,    0,    5,    0,    0,    0,    0,    0,    0,    0,    0,    0,    0,    0,    0,    0,    0,    0,    0,    0,    0,    0,    0,    0,    0,    0,    0,    0,    0,    0,    0,    0,    0,    0,    0,    0,    0,    0,    0,    0,    0,    0,
       0,    0,    0,    0,    0,    0,    0,    0,    0,    0,    0,    0,    0,    0,    0,    0,    0,    0,    0,    0,    0,    0,    0,    0,    0,    0,    0,    0,    0,    0,    0,    0,    0,    0,    0,    0,    0,    0,    0,    0,    0,    0,    0,    0,    0,    0,    0,    0,    0,    0,    0,    0,    0,    0,    0,    0,    0,    0,    0,    0,    0,    0,    0,    0,   -9,    0,    0,    0,    0,    0,    0,    0,    0,  -14,    0,    0,    0,    0,    0,    0,    0,    0,    0,    0,    0,    0,   -9,    0,    0,    0,    0,    0,   -9,    0,    0,    0,    0,    0,    0,    0,   -9,    0,    0,    0,    0,    0,    0,    0,    0,    0,    0,    0,    0,    0,    0,    0,    0,    0,    0,    0,    0,    0,    0,    0,    0,    0,    0,    0,    0,    0,    0,    0,    0,    0,    0,    0,    0,
       0,    0,    0,    0,    0,    0,    0,    0,    0,    0,    0,    0,    0,    0,    0,    0,    0,    0,    0,    0,    0,    0,    0,    0,    0,    0,    0,    0,    0,    0,    0,    0,    0,    0,    0,    0,    0,    0,    0,    0,    0,    0,    0,    0,    0,    0,    0,    0,    0,    0,    0,    0,    0,    0,    0,    0,    0,    0,    0,    0,    0,    0,    0,    0,    0,    0,    0,    0,    0,    0,    0,    0,    0,   -5,    0,    0,    0,    0,    0,    0,    0,    0,    0,    0,    0,    0,    0,    0,    0,    0,    0,    0,    0,    0,    0,    0,    0,    0,    0,    0,    0,    0,    0,    0,    0,    0,    0,    0,    0,    0,    0,    0,    0,    0,    0,    0,    0,    0,    0,    0,    0,    0,    0,    0,    0,    0,    0,    0,    0,    0,    0,    0,    0,    0,    0,    0,    0,
       0,    0,    0,    0,    0,    0,    0,    0,    0,    0,    0,    0,    0,    0,    0,    0,    0,    0,    0,    0,    0,    0,    0,    0,    0,    0,    0,    0,    0,    0,    0,    0,    0,    0,    0,    0,    0,    0,    0,    0,    0,    0,    0,    0,    0,    0,    0,    0,    0,    0,    0,    0,    0,    0,    0,    0,    0,    0,    0,    0,    0,    0,    0,  -28,    0,    0,    0,    0,   -9,    0,    0,    0,    0,    0,  -14,    0,    0,    0,    0,    0,    0,   -9,    0,    0,   -9,   -9,    0,   -9,    0,    0,    0,    0,    0,    0,    0,    0,    0,  -14,    0,    0,    0,    0,    0,    0,    0,    0,    0,    0,    0,    0,    0,    0,    0,    0,    0,    0,    0,    0,    0,    0,    0,    0,    0,    0,    0,    0,    0,    0,    0,    0,    0,    0,    0,    0,    0,    0,    0,
       0,    0,    0,    0,    0,    0,    0,    0,    0,    0,    0,    0,    0,    0,    0,    0,    0,    0,    0,    0,    0,    0,    0,    0,    0,    0,    0,    0,    0,    0,    0,    0,    0,    0,    0,    0,    0,    0,    0,    0,    0,    0,    0,    0,    0,    0,    0,    0,    0,    0,    0,    0,    0,    0,    0,    0,    0,    0,    0,    0,    0,    0,    0,    0,   -9,    0,    0,    0,    0,    0,    0,    0,    0,  -19,   -5,    0,   -5,   -9,    0,    0,   -9,    0,    0,    0,   -5,   -5,   -9,    0,    0,    0,    0,    0,   -9,    0,    0,    0,    0,    0,    0,    0,  -23,    0,    0,    0,    0,    0,    0,    0,    0,    0,    0,    0,    0,    0,    0,    0,    0,    0,    0,    0,    0,    0,    0,    0,    0,    0,    0,    0,    0,    0,    0,    0,    0,    0,    0,    0,    0,
       0,    0,    0,    0,    0,    0,    0,    0,    0,    0,    0,    0,    0,    0,    0,    0,    0,    0,    0,    0,    0,    0,    0,    0,    0,    0,    0,    0,    0,    0,    0,    0,    0,    0,    0,    0,    0,    0,    0,    0,    0,    0,    0,    0,    0,    0,    0,    0,    0,    0,    0,    0,    0,    0,    0,    0,    0,    0,    0,    0,    0,    0,    0,    0,  -19,   -9,    0,  -42,    0,  -56,  -47,    0,    0,  -14,    0,  -14,  -23,  -19,   -5,  -47,  -28,  -14,   -9,  -23,    0,    0,   -9,  -23,   23,  -14,    0,    0,   -5,    0,    0,    0,    0,    0,    0,    0,   -9,  -14,  -23,    0,    0,    0,    0,    0,    0,    0,    0,    0,    0,    0,    0,    0,    0,    0,    0,    0,    0,    0,    0,    0,    0,    0,    0,    0,    0,    0,    0,    0,    0,    0,    0,    0,    0,
       0,    0,    0,    0,    0,    0,    0,    0,    0,    0,    0,    0,    0,    0,    0,    0,    0,    0,    0,    0,    0,    0,    0,    0,    0,    0,    0,    0,    0,    0,    0,    0,    0,    0,    0,    0,    0,    0,    0,    0,    0,    0,    0,    0,    0,    0,    0,    0,    0,    0,    0,    0,    0,    0,    0,    0,    0,    0,    0,    0,    0,    0,    0,  -33,   -9,    0,   23,    0,  -14,    0,    0,    0,    0,  -16,  -28,    0,    0,    0,    0,    0,   -5,    0,    0,    0,  -14,   -9,  -14,    0,    0,    0,    0,    0,    0,    0,   -9,    0,  -19,  -23,  -28,    0,  -23,    0,    0,    0,   -5,    0,    0,    0,    0,    0,    0,    0,    0,    0,    0,    0,    0,    0,    0,    0,    0,    0,    0,    0,    0,    0,    0,    0,    0,    0,    0,    0,    0,    0,    0,    0,    0,
       0,    0,    0,    0,    0,    0,    0,    0,    0,    0,    0,    0,    0,    0,    0,    0,    0,    0,    0,    0,    0,    0,    0,    0,    0,    0,    0,    0,    0,    0,    0,    0,    0,    0,    0,    0,    0,    0,    0,    0,    0,    0,    0,    0,    0,    0,    0,    0,    0,    0,    0,    0,    0,    0,    0,    0,    0,    0,    0,    0,    0,    0,    0,    0,    0,    0,    0,    0,    0,    0,    0,    0,    0,    0,    0,    0,    0,    0,    0,    0,    0,   -5,    0,    0,    0,   -5,    0,    0,    0,    0,    0,    0,    0,    0,    0,    0,    0,    0,    0,    0,    0,    0,    0,    0,    0,    0,    0,    0,    0,    0,    0,    0,    0,    0,    0,    0,    0,    0,    0,    0,    0,    0,    0,    0,    0,    0,    0,    0,    0,    0,    0,    0,    0,    0,    0,    0,    0,
       0,    0,    0,    0,    0,    0,    0,    0,    0,    0,    0,    0,    0,    0,    0,    0,    0,    0,    0,    0,    0,    0,    0,    0,    0,    0,    0,    0,    0,    0,    0,    0,    0,    0,    0,    0,    0,    0,    0,    0,    0,    0,    0,    0,    0,    0,    0,    0,    0,    0,    0,    0,    0,    0,    0,    0,    0,    0,    0,    0,    0,    0,    0,    0,    0,    0,    0,    0,    0,    0,    0,    0,    0,    0,    0,    0,    0,    0,    0,    0,    0,   -5,    0,    0,    0,    0,   -7,   -5,    0,    0,    0,    0,    0,    0,    0,    0,    0,    0,    0,    0,    0,    0,    0,    0,    0,    0,    0,    0,    0,    0,    0,    0,    0,    0,    0,    0,    0,    0,    0,    0,    0,    0,    0,    0,    0,    0,    0,    0,    0,    0,    0,    0,    0,    0,    0,    0,    0,
       0,    0,    0,    0,    0,    0,    0,    0,    0,    0,    0,    0,    0,    0,    0,    0,    0,    0,    0,    0,    0,    0,    0,    0,    0,    0,    0,    0,    0,    0,    0,    0,    0,    0,    0,    0,    0,    0,    0,    0,    0,    0,    0,    0,    0,    0,    0,    0,    0,    0,    0,    0,    0,    0,    0,    0,    0,    0,    0,    0,    0,    0,    0,    0,    0,    0,   42,   14,    0,    0,   19,    0,    0,   -5,  -12,    0,    0,    0,    0,   14,    0,    0,    0,   14,   -5,   14,   -9,    0,    0,    0,    0,   33,    0,    0,    0,    0,    0,    0,    0,    0,    0,    0,    0,    0,    0,    0,    0,    0,    0,    0,    0,    0,    0,    0,    0,    0,    0,    0,    0,    0,    0,    0,    0,    0,    0,    0,    0,    0,    0,    0,    0,    0,    0,    0,    0,    0,    0,
       0,    0,    0,    0,    0,    0,    0,    0,    0,    0,    0,    0,    0,    0,    0,    0,    0,    0,    0,    0,    0,    0,    0,    0,    0,    0,    0,    0,    0,    0,    0,    0,    0,    0,    0,    0,    0,    0,    0,    0,    0,    0,    0,    0,    0,    0,    0,    0,    0,    0,    0,    0,    0,    0,    0,    0,    0,    0,    0,    0,    0,    0,    0,   -9,    0,    0,    0,   -5,  -19,   -9,   -5,   -9,   -5,    0,    0,    0,    0,    0,    0,   -5,    0,   -7,    0,   -5,    0,    0,    0,   -5,    0,    0,    0,    0,    0,    0,    0,    0,   -5,   -5,   -5,    0,    0,    0,   -9,    0,    0,    0,    0,    0,    0,    0,    0,    0,    0,    0,    0,    0,    0,    0,    0,    0,    0,    0,    0,    0,    0,    0,    0,    0,    0,    0,    0,    0,    0,    0,    0,    0,    0,
       0,    0,    0,    0,    0,    0,    0,    0,    0,    0,    0,    0,    0,    0,    0,    0,    0,    0,    0,    0,    0,    0,    0,    0,    0,    0,    0,    0,    0,    0,    0,    0,    0,    0,    0,    0,    0,    0,    0,    0,    0,    0,    0,    0,    0,    0,    0,    0,    0,    0,    0,    0,    0,    0,    0,    0,    0,    0,    0,    0,    0,    0,    0,    0,    0,    0,    0,  -28,   -9,  -23,  -28,   -9,    0,   -5,    0,    0,  -12,    0,    0,  -23,   -5,    0,    0,  -19,    0,    0,    0,   -5,    0,    0,    0,    0,    0,    0,    0,    0,    0,    0,    0,    0,    0,    0,  -28,    0,    0,    0,    0,    0,    0,    0,    0,    0,    0,    0,    0,    0,    0,    0,    0,    0,    0,    0,    0,    0,    0,    0,    0,    0,    0,    0,    0,    0,    0,    0,    0,    0,    0,
       0,    0,    0,    0,    0,    0,    0,    0,    0,    0,    0,    0,    0,    0,    0,    0,    0,    0,    0,    0,    0,    0,    0,    0,    0,    0,    0,    0,    0,    0,    0,    0,    0,    0,    0,    0,    0,    0,    0,    0,    0,    0,    0,    0,    0,    0,    0,    0,    0,    0,    0,    0,    0,    0,    0,    0,    0,    0,    0,    0,    0,    0,    0,  -16,    0,   -5,    0,  -12,  -14,  -16,  -14,  -19,  -14,    0,    0,   -5,    0,    0,    0,  -12,    0,   -7,    0,   -7,    0,    0,    0,   -5,    0,    0,    0,    0,    0,    0,    0,    0,    0,   -9,    0,    0,    0,    0,    0,    0,    0,    0,    0,    0,    0,    0,    0,    0,    0,    0,    0,    0,    0,    0,    0,    0,    0,    0,    0,    0,    0,    0,    0,    0,    0,    0,    0,    0,    0,    0,    0,    0,    0,
       0,    0,    0,    0,    0,    0,    0,    0,    0,    0,    0,    0,    0,    0,    0,    0,    0,    0,    0,    0,    0,    0,    0,    0,    0,    0,    0,    0,    0,    0,    0,    0,    0,    0,    0,    0,    0,    0,    0,    0,    0,    0,    0,    0,    0,    0,    0,    0,    0,    0,    0,    0,    0,    0,    0,    0,    0,    0,    0,    0,    0,    0,    0,  -19,    0,    0,    0,    0,  -19,    0,    0,    0,    0,    0,    0,    0,    0,    0,    0,    0,    0,   -9,    0,    0,   -5,   -5,    0,    0,    0,    0,    0,    0,    0,    0,    0,    0,    0,    0,    0,    0,    0,    0,    0,    0,    0,    0,    0,    0,    0,    0,    0,    0,    0,    0,    0,    0,    0,    0,    0,    0,    0,    0,    0,    0,    0,    0,    0,    0,    0,    0,    0,    0,    0,    0,    0,    0,    0,
       0,    0,    0,    0,    0,    0,    0,    0,    0,    0,    0,    0,    0,    0,    0,    0,    0,    0,    0,    0,    0,    0,    0,    0,    0,    0,    0,    0,    0,    0,    0,    0,    0,    0,    0,    0,    0,    0,    0,    0,    0,    0,    0,    0,    0,    0,    0,    0,    0,    0,    0,    0,    0,    0,    0,    0,    0,    0,    0,    0,    0,    0,    0,  -28,    0,    0,    0,    0,  -19,   -5,    0,  -14,    0,    0,    0,   -9,    0,    0,    0,   -5,    0,   -9,    0,    0,   -5,  -14,   -5,   -5,    0,    0,    0,    0,    0,    0,    0,    0,    0,    0,    0,    0,    0,    0,    0,    0,    0,    0,    0,    0,    0,    0,    0,    0,    0,    0,    0,    0,    0,    0,    0,    0,    0,    0,    0,    0,    0,    0,    0,    0,    0,    0,    0,    0,    0,    0,    0,    0,    0,
       0,    0,    0,    0,    0,    0,    0,    0,    0,    0,    0,    0,    0,    0,    0,    0,    0,    0,    0,    0,    0,    0,    0,    0,    0,    0,    0,    0,    0,    0,    0,    0,    0,    0,    0,    0,    0,    0,    0,    0,    0,    0,    0,    0,    0,    0,    0,    0,    0,    0,    0,    0,    0,    0,    0,    0,    0,    0,    0,    0,    0,    0,    0,  -14,    0,    0,    0,    0,   -5,    0,    0,   -5,    0,    0,    0,   -5,    0,    0,    0,    0,    0,   -9,    0,    0,   -5,   -5,    0,    0,    0,    0,    0,    0,    0,    0,    0,    0,    0,    0,    0,    0,    0,    0,    0,    0,    0,    0,    0,    0,    0,    0,    0,    0,    0,    0,    0,    0,    0,    0,    0,    0,    0,    0,    0,    0,    0,    0,    0,    0,    0,    0,    0,    0,    0,    0,    0,    0,    0,
       0,    0,    0,    0,    0,    0,    0,    0,    0,    0,    0,    0,    0,    0,    0,    0,    0,    0,    0,    0,    0,    0,    0,    0,    0,    0,    0,    0,    0,    0,    0,    0,    0,    0,    0,    0,    0,    0,    0,    0,    0,    0,    0,    0,    0,    0,    0,    0,    0,    0,    0,    0,    0,    0,    0,    0,    0,    0,    0,    0,    0,    0,    0,    0,    0,    0,    0,   -9,    0,  -14,  -14,   -5,    0,    0,    0,    0,    0,    0,    0,  -19,   -5,    0,    0,  -14,    0,    0,    0,    0,    0,    0,    0,    0,    0,    0,    0,    0,    0,    0,    0,    0,    0,    0,    0,    0,    0,    0,    0,    0,    0,    0,    0,    0,    0,    0,    0,    0,    0,    0,    0,    0,    0,    0,    0,    0,    0,    0,    0,    0,    0,    0,    0,    0,    0,    0,    0,    0,    0,
       0,    0,    0,    0,    0,    0,    0,    0,    0,    0,    0,    0,    0,    0,    0,    0,    0,    0,    0,    0,    0,    0,    0,    0,    0,    0,    0,    0,    0,    0,    0,    0,    0,    0,    0,    0,    0,    0,    0,    0,    0,    0,    0,    0,    0,    0,    0,    0,    0,    0,    0,    0,    0,    0,    0,    0,    0,    0,    0,    0,    0,    0,    0,  -14,    0,    0,   47,    9,    0,    0,   14,    0,    0,    0,   -7,    0,    0,    0,    0,    9,    0,    0,    0,   12,   -7,    0,  -14,    0,    0,    0,    0,   28,    0,    0,    0,    0,    0,    0,    0,    0,    0,    0,    0,    0,    0,    0,    0,    0,    0,    0,    0,    0,    0,    0,    0,    0,    0,    0,    0,    0,    0,    0,    0,    0,    0,    0,    0,    0,    0,    0,    0,    0,    0,    0,    0,    0,    0,
       0,    0,    0,    0,    0,    0,    0,    0,    0,    0,    0,    0,    0,    0,    0,    0,    0,    0,    0,    0,    0,    0,    0,    0,    0,    0,    0,    0,    0,    0,    0,    0,    0,    0,    0,    0,    0,    0,    0,    0,    0,    0,    0,    0,    0,    0,    0,    0,    0,    0,    0,    0,    0,    0,    0,    0,    0,    0,    0,    0,    0,    0,    0,  -19,    0,    0,    0,    0,  -19,   -5,    0,   -9,    0,    0,    0,   -9,    0,    0,    0,   -5,    0,   -9,    0,    0,   -5,  -14,   -5,   -5,    0,    0,    0,    0,    0,    0,    0,    0,    0,    0,    0,    0,    0,    0,    0,    0,    0,    0,    0,    0,    0,    0,    0,    0,    0,    0,    0,    0,    0,    0,    0,    0,    0,    0,    0,    0,    0,    0,    0,    0,    0,    0,    0,    0,    0,    0,    0,    0,    0,
       0,    0,    0,    0,    0,    0,    0,    0,    0,    0,    0,    0,    0,    0,    0,    0,    0,    0,    0,    0,    0,    0,    0,    0,    0,    0,    0,    0,    0,    0,    0,    0,    0,    0,    0,    0,    0,    0,    0,    0,    0,    0,    0,    0,    0,    0,    0,    0,    0,    0,    0,    0,    0,    0,    0,    0,    0,    0,    0,    0,    0,    0,    0,   -5,   -7,    0,    0,    0,   -5,    0,    0,    0,    0,   -7,   -5,    0,   -9,    0,    0,    0,   -9,    0,    0,    0,    0,    0,   -9,   -5,    0,    0,    0,    0,    0,    0,    0,    0,    0,    0,    0,    0,    0,   -9,    0,    0,    0,    0,    0,    0,    0,    0,    0,    0,    0,    0,    0,    0,    0,    0,    0,    0,    0,    0,    0,    0,    0,    0,    0,    0,    0,    0,    0,    0,    0,    0,    0,    0,    0,
       0,    0,    0,    0,    0,    0,    0,    0,    0,    0,    0,    0,    0,    0,    0,    0,    0,    0,    0,    0,    0,    0,    0,    0,    0,    0,    0,    0,    0,    0,    0,    0,    0,    0,    0,    0,    0,    0,    0,    0,    0,    0,    0,    0,    0,    0,    0,    0,    0,    0,    0,    0,    0,    0,    0,    0,    0,    0,    0,    0,    0,    0,    0,  -14,    0,    0,    0,    0,    0,    0,    0,    0,    0,    0,    0,    0,    0,    0,    0,    0,    0,    0,    0,    0,    0,    0,    0,    0,   -2,    0,    0,    0,    0,    0,    0,    0,    0,    0,    0,    0,    0,    0,    0,    0,    0,    0,    0,    0,    0,    0,    0,    0,    0,    0,    0,    0,    0,    0,    0,    0,    0,    0,    0,    0,    0,    0,    0,    0,    0,    0,    0,    0,    0,    0,    0,    0,    0,
       0,    0,    0,    0,    0,    0,    0,    0,    0,    0,    0,    0,    0,    0,    0,    0,    0,    0,    0,    0,    0,    0,    0,    0,    0,    0,    0,    0,    0,    0,    0,    0,    0,    0,    0,    0,    0,    0,    0,    0,    0,    0,    0,    0,    0,    0,    0,    0,    0,    0,    0,    0,    0,    0,    0,    0,    0,    0,    0,    0,    0,    0,    0,   -9,    0,    0,    0,    0,    0,    0,    0,    0,    0,    0,    0,    0,    0,    0,    0,    0,   -5,    0,    0,    0,    0,    0,    0,   -5,    0,    0,    0,    0,    0,    0,    0,    0,    0,    0,    0,    0,    0,    0,    0,    0,    0,    0,    0,    0,    0,    0,    0,    0,    0,    0,    0,    0,    0,    0,    0,    0,    0,    0,    0,    0,    0,    0,    0,    0,    0,    0,    0,    0,    0,    0,    0,    0,    0,
       0,    0,    0,    0,    0,    0,    0,    0,    0,    0,    0,    0,    0,    0,    0,    0,    0,    0,    0,    0,    0,    0,    0,    0,    0,    0,    0,    0,    0,    0,    0,    0,    0,    0,    0,    0,    0,    0,    0,    0,    0,    0,    0,    0,    0,    0,    0,    0,    0,    0,    0,    0,    0,    0,    0,    0,    0,    0,    0,    0,    0,    0,    0,    0,    0,    0,    0,   -9,    0,   -9,  -14,   -5,    0,    0,    0,    0,   -5,    0,    0,  -23,  -14,    0,    0,  -23,    0,    0,    0,  -14,    0,    0,    0,    0,    0,    0,    0,    0,    0,    0,    0,    0,    0,    0,    0,    0,    0,    0,    0,    0,    0,    0,    0,    0,    0,    0,    0,    0,    0,    0,    0,    0,    0,    0,    0,    0,    0,    0,    0,    0,    0,    0,    0,    0,    0,    0,    0,    0,    0,
       0,    0,    0,    0,    0,    0,    0,    0,    0,    0,    0,    0,    0,    0,    0,    0,    0,    0,    0,    0,    0,    0,    0,    0,    0,    0,    0,    0,    0,    0,    0,    0,    0,    0,    0,    0,    0,    0,    0,    0,    0,    0,    0,    0,    0,    0,    0,    0,    0,    0,    0,    0,    0,    0,    0,    0,    0,    0,    0,    0,    0,    0,    0,  -28,    0,    0,    0,    0,   -9,   -5,    0,   -5,    0,   -5,  -33,   -9,    0,    0,    0,    0,    0,   -9,    0,    0,  -28,  -21,  -19,   -9,    0,    0,    0,    0,    0,   -9,    0,    0,    0,    0,    0,  -14,    0,   -9,    0,    0,    0,    0,    0,    0,    0,    0,    0,    0,    0,    0,    0,    0,    0,    0,    0,    0,    0,    0,    0,    0,    0,    0,    0,    0,    0,    0,    0,    0,    0,    0,    0,    0,    0,
       0,    0,    0,    0,    0,    0,    0,    0,    0,    0,    0,    0,    0,    0,    0,    0,    0,    0,    0,    0,    0,    0,    0,    0,    0,    0,    0,    0,    0,    0,    0,    0,    0,    0,    0,    0,    0,    0,    0,    0,    0,    0,    0,    0,    0,    0,    0,    0,    0,    0,    0,    0,    0,    0,    0,    0,    0,    0,    0,    0,    0,    0,    0,  -19,    0,    0,   37,    0,    0,    0,    0,    0,    0,    0,    0,    0,    0,    0,    0,    0,    0,    0,    0,    0,  -14,  -23,    0,    0,    0,    0,    0,    9,    0,    0,    0,    0,    0,    0,    0,    0,    0,    0,    0,    0,    0,    0,    0,    0,    0,    0,    0,    0,    0,    0,    0,    0,    0,    0,    0,    0,    0,    0,    0,    0,    0,    0,    0,    0,    0,    0,    0,    0,    0,    0,    0,    0,    0,
       0,    0,    0,    0,    0,    0,    0,    0,    0,    0,    0,    0,    0,    0,    0,    0,    0,    0,    0,    0,    0,    0,    0,    0,    0,    0,    0,    0,    0,    0,    0,    0,    0,    0,    0,    0,    0,    0,    0,    0,    0,    0,    0,    0,    0,    0,    0,    0,    0,    0,    0,    0,    0,    0,    0,    0,    0,    0,    0,    0,    0,    0,    0,   -9,    0,    0,    0,    0,  -14,    0,    0,    0,    0,    0,    0,   -5,    0,    0,    0,    0,    0,    0,    0,    0,    0,    0,    0,   -9,    0,    0,    0,    0,    0,    0,    0,    0,    0,    0,    0,    0,    0,    0,    0,    0,    0,    0,    0,    0,    0,    0,    0,    0,    0,    0,    0,    0,    0,    0,    0,    0,    0,    0,    0,    0,    0,    0,    0,    0,    0,    0,    0,    0,    0,    0,    0,    0,    0,
       0,    0,    0,    0,    0,    0,    0,    0,    0,    0,    0,    0,    0,    0,    0,    0,    0,    0,    0,    0,    0,    0,    0,    0,    0,    0,    0,    0,    0,    0,    0,    0,    0,    0,    0,    0,    0,    0,    0,    0,    0,    0,    0,    0,    0,    0,    0,    0,    0,    0,    0,    0,    0,    0,    0,    0,    0,    0,    0,    0,    0,    0,    0,    9,    0,    0,    0,    0,    0,    0,    0,    0,    0,    0,    0,    0,    0,    0,    0,    0,    0,    0,    0,    0,    0,    0,    0,    0,   14,    0,    5,    0,    0,    0,    0,    0,    0,    0,    0,    0,    0,    0,    0,    0,    0,    0,    0,    0,    0,    0,    0,    0,    0,    0,    0,    0,    0,    0,    0,    0,    0,    0,    0,    0,    0,    0,    0,    0,    0,    0,    0,    0,    0,    0,    0,    0,    0,
       0,    0,    0,    0,    0,    0,    0,    0,    0,    0,    0,    0,    0,    0,    0,    0,    0,    0,    0,    0,    0,    0,    0,    0,    0,    0,    0,    0,    0,    0,    0,    0,    0,    0,    0,    0,    0,    0,    0,    0,    0,    0,    0,    0,    0,    0,    0,    0,    0,    0,    0,    0,    0,    0,    0,    0,    0,    0,    0,    0,    0,    0,    0,    0,    0,    0,   14,    0,    0,    0,    0,    0,    0,    0,    0,    0,    0,    0,    0,    0,    0,    0,    0,    0,    0,    0,    0,    0,    0,    0,    0,    9,    0,    0,    0,    0,    0,    0,    0,    0,    0,    0,    0,    0,    0,    0,    0,    0,    0,    0,    0,    0,    0,    0,    0,    0,    0,    0,    0,    0,    0,    0,    0,    0,    0,    0,    0,    0,    0,    0,    0,    0,    0,    0,    0,    0,    0,
       0,    0,    0,    0,    0,    0,    0,    0,    0,    0,    0,    0,    0,    0,    0,    0,    0,    0,    0,    0,    0,    0,    0,    0,    0,    0,    0,    0,    0,    0,    0,    0,    0,    0,    0,    0,    0,    0,    0,    0,    0,    0,    0,    0,    0,    0,    0,    0,    0,    0,    0,    0,    0,    0,    0,    0,    0,    0,    0,    0,    0,    0,    0,  -19,    0,    0,   19,    0,    0,    0,    0,    0,    0,    0,    0,    0,    0,    0,    0,    0,    0,    0,    0,    0,  -14,  -23,    0,    0,    0,    0,    0,    0,    0,    0,    0,    0,    0,    0,    0,    0,    0,    0,    0,    0,    0,    0,    0,    0,    0,    0,    0,    0,    0,    0,    0,    0,    0,    0,    0,    0,    0,    0,    0,    0,    0,    0,    0,    0,    0,    0,    0,    0,    0,    0,    0,    0,    0,
       0,    0,    0,    0,    0,    0,    0,    0,    0,    0,    0,    0,    0,    0,    0,    0,    0,    0,    0,    0,    0,    0,    0,    0,    0,    0,    0,    0,    0,    0,    0,    0,    0,    0,    0,    0,    0,    0,    0,    0,    0,    0,    0,    0,    0,    0,    0,    0,    0,    0,    0,    0,    0,    0,    0,    0,    0,    0,    0,    0,    0,    0,    0,    0,    0,    0,    0,    0,    0,    0,    0,    0,    0,    0,    0,    0,    0,    0,    0,   -9,    0,    0,    0,    0,    0,    0,    0,    0,    0,    0,    0,    0,    0,    0,    0,    0,    0,    0,    0,    0,    0,    0,    0,    0,    0,    0,    0,    0,    0,    0,    0,    0,    0,    0,    0,    0,    0,    0,    0,    0,    0,    0,    0,    0,    0,    0,    0,    0,    0,    0,    0,    0,    0,    0,    0,    0,    0,
       0,    0,    0,    0,    0,    0,    0,    0,    0,    0,    0,    0,    0,    0,    0,    0,    0,    0,    0,    0,    0,    0,    0,    0,    0,    0,    0,    0,    0,    0,    0,    0,    0,    0,    0,    0,    0,    0,    0,    0,    0,    0,    0,    0,    0,    0,    0,    0,    0,    0,    0,    0,    0,    0,    0,    0,    0,    0,    0,    0,    0,    0,    0,  -19,    0,    0,    0,    0,    0,    0,    0,    0,    0,    0,  -19,    0,    0,    0,    0,    0,    0,    0,    0,    0,   -9,    0,    0,    0,    0,    0,    0,    0,    0,    0,    0,    0,  -14,   -9,  -14,    0,    0,    0,    0,    0,    0,    0,    0,    0,    0,    0,    0,    0,    0,    0,    0,    0,    0,    0,    0,    0,    0,    0,    0,    0,    0,    0,    0,    0,    0,    0,    0,    0,    0,    0,    0,    0,    0,
       0,    0,    0,    0,    0,    0,    0,    0,    0,    0,    0,    0,    0,    0,    0,    0,    0,    0,    0,    0,    0,    0,    0,    0,    0,    0,    0,    0,    0,    0,    0,    0,    0,    0,    0,    0,    0,    0,    0,    0,    0,    0,    0,    0,    0,    0,    0,    0,    0,    0,    0,    0,    0,    0,    0,    0,    0,    0,    0,    0,    0,    0,    0,    0,    0,    0,    0,    0,    0,    0,    0,    0,    0,    0,    0,    0,   -9,    0,    0,    0,    0,    0,    0,    0,  -23,  -14,  -14,    0,    0,    0,    0,    0,    0,   -9,    0,    0,    0,    0,    0,   -9,    0,   -9,    0,    0,    0,    0,    0,    0,    0,    0,    0,    0,    0,    0,    0,    0,    0,    0,    0,    0,    0,    0,    0,    0,    0,    0,    0,    0,    0,    0,    0,    0,    0,    0,    0,    0,    0,
       0,    0,    0,    0,    0,    0,    0,    0,    0,    0,    0,    0,    0,    0,    0,    0,    0,    0,    0,    0,    0,    0,    0,    0,    0,    0,    0,    0,    0,    0,    0,    0,    0,    0,    0,    0,    0,    0,    0,    0,    0,    0,    0,    0,    0,    0,    0,    0,    0,    0,    0,    0,    0,    0,    0,    0,    0,    0,    0,    0,    0,    0,    0,    0,    0,    0,    0,    0,    0,    0,    0,    0,    0,    0,    0,    0,    0,    0,    0,    0,    0,    0,    0,    0,    0,    0,    0,    0,    0,    0,    0,    0,    0,    0,    0,    0,   -5,    0,   -5,    0,    0,    0,    0,    0,    0,    0,    0,    0,    0,    0,    0,    0,    0,    0,    0,    0,    0,    0,    0,    0,    0,    0,    0,    0,    0,    0,    0,    0,    0,    0,    0,    0,    0,    0,    0,    0,    0,
       0,    0,    0,    0,    0,    0,    0,    0,    0,    0,    0,    0,    0,    0,    0,    0,    0,    0,    0,    0,    0,    0,    0,    0,    0,    0,    0,    0,    0,    0,    0,    0,    0,    0,    0,    0,    0,    0,    0,    0,    0,    0,    0,    0,    0,    0,    0,    0,    0,    0,    0,    0,    0,    0,    0,    0,    0,    0,    0,    0,    0,    0,    0,    9,   -9,    0,    0,  -19,    0,  -33,  -23,    0,    0,  -16,    0,    0,  -33,    0,    0,  -28,    0,   -9,   -9,    0,  -19,  -19,  -23,    0,    0,    0,    0,    0,   -9,   -9,    0,  -23,    0,    0,    0,  -19,  -23,  -33,  -23,  -37,    0,    0,    0,    0,    0,    0,    0,    0,    0,    0,    0,    0,    0,    0,    0,    0,    0,    0,    0,    0,    0,    0,    0,    0,    0,    0,    0,    0,    0,    0,    0,    0,    0,
       0,    0,    0,    0,    0,    0,    0,    0,    0,    0,    0,    0,    0,    0,    0,    0,    0,    0,    0,    0,    0,    0,    0,    0,    0,    0,    0,    0,    0,    0,    0,    0,    0,    0,    0,    0,    0,    0,    0,    0,    0,    0,    0,    0,    0,    0,    0,    0,    0,    0,    0,    0,    0,    0,    0,    0,    0,    0,    0,    0,    0,    0,    0,    0,    0,    0,    0,    0,    0,  -14,    0,    0,    0,    0,    0,    0,   -5,    0,    0,  -19,   -5,    0,    0,  -14,    0,    0,    0,    0,    0,    0,    0,    0,    0,    0,    0,    0,    0,    0,    0,    0,    0,    0,    0,    0,    0,    0,    0,    0,    0,    0,    0,    0,    0,    0,    0,    0,    0,    0,    0,    0,    0,    0,    0,    0,    0,    0,    0,    0,    0,    0,    0,    0,    0,    0,    0,    0,    0,
       0,    0,    0,    0,    0,    0,    0,    0,    0,    0,    0,    0,    0,    0,    0,    0,    0,    0,    0,    0,    0,    0,    0,    0,    0,    0,    0,    0,    0,    0,    0,    0,    0,    0,    0,    0,    0,    0,    0,    0,    0,    0,    0,    0,    0,    0,    0,    0,    0,    0,    0,    0,    0,    0,    0,    0,    0,    0,    0,    0,    0,    0,    0,    9,    0,    0,    0,    0,    0,  -28,    0,    0,    0,    0,    0,    0,  -19,    0,    0,  -23,    0,   -9,   -9,    0,    0,    0,  -23,    0,    9,    0,    0,    0,   -9,    0,    0,  -14,    0,    9,    0,    0,   -9,  -14,  -19,    0,    0,    0,    0,    0,    0,    0,    0,    0,    0,    0,    0,    0,    0,    0,    0,    0,    0,    0,    0,    0,    0,    0,    0,    0,    0,    0,    0,    0,    0,    0,    0,    0,    0,
       0,    0,    0,    0,    0,    0,    0,    0,    0,    0,    0,    0,    0,    0,    0,    0,    0,    0,    0,    0,    0,    0,    0,    0,    0,    0,    0,    0,    0,    0,    0,    0,    0,    0,    0,    0,    0,    0,    0,    0,    0,    0,    0,    0,    0,    0,    0,    0,    0,    0,    0,    0,    0,    0,    0,    0,    0,    0,    0,    0,    0,    0,    0,    0,    0,    0,    0,    0,    0,    0,    0,    0,    0,    0,    0,    0,   -9,    0,    0,  -14,    0,    0,    0,    0,    0,    0,    0,    0,    0,    0,    0,    0,    0,    0,    0,    0,    0,    0,    0,    0,    0,    0,    0,    0,    0,    0,    0,    0,    0,    0,    0,    0,    0,    0,    0,    0,    0,    0,    0,    0,    0,    0,    0,    0,    0,    0,    0,    0,    0,    0,    0,    0,    0,    0,    0,    0,    0,
       0,    0,    0,    0,    0,    0,    0,    0,    0,    0,    0,    0,    0,    0,    0,    0,    0,    0,    0,    0,    0,    0,    0,    0,    0,    0,    0,    0,    0,    0,    0,    0,    0,    0,    0,    0,    0,    0,    0,    0,    0,    0,    0,    0,    0,    0,    0,    0,    0,    0,    0,    0,    0,    0,    0,    0,    0,    0,    0,    0,    0,    0,    0,    0,    0,    0,    0,    0,    0,    0,    0,    0,    0,    0,    0,    0,    0,    0,    0,    0,    0,    0,    0,    0,   -9,    0,  -23,    0,    0,    0,    0,    0,   -9,    0,    0,    0,    0,    0,    0,    0,  -23,   -9,    0,    0,    0,    0,    0,    0,    0,    0,    0,    0,    0,    0,    0,    0,    0,    0,    0,    0,    0,    0,    0,    0,    0,    0,    0,    0,    0,    0,    0,    0,    0,    0,    0,    0,    0,
       0,    0,    0,    0,    0,    0,    0,    0,    0,    0,    0,    0,    0,    0,    0,    0,    0,    0,    0,    0,    0,    0,    0,    0,    0,    0,    0,    0,    0,    0,    0,    0,    0,    0,    0,    0,    0,    0,    0,    0,    0,    0,    0,    0,    0,    0,    0,    0,    0,    0,    0,    0,    0,    0,    0,    0,    0,    0,    0,    0,    0,    0,    0,    0,    0,    0,    0,    0,    0,    0,    0,    0,    0,    0,    0,    0,   -5,    0,    0,    0,    0,    0,    0,    0,    0,    0,   -5,    0,    0,    0,    0,    0,    0,    0,    0,    0,    0,    0,    0,    0,    0,    0,    0,    0,    0,    0,    0,    0,    0,    0,    0,    0,    0,    0,    0,    0,    0,    0,    0,    0,    0,    0,    0,    0,    0,    0,    0,    0,    0,    0,    0,    0,    0,    0,    0,    0,    0,
       0,    0,    0,    0,    0,    0,    0,    0,    0,    0,    0,    0,    0,    0,    0,    0,    0,    0,    0,    0,    0,    0,    0,    0,    0,    0,    0,    0,    0,    0,    0,    0,    0,    0,    0,    0,    0,    0,    0,    0,    0,    0,    0,    0,    0,    0,    0,    0,    0,    0,    0,    0,    0,    0,    0,    0,    0,    0,    0,    0,    0,    0,    0,    0,    0,    0,    0,    0,    0,  -28,    0,    0,    0,    0,    0,    0,  -23,    0,    0,  -23,    0,    0,    0,    0,    0,    0,  -19,    0,    9,    0,    0,    0,   -9,    0,    0,  -14,    0,    0,    0,    0,    0,  -19,  -19,  -19,   -5,    0,    0,    0,    0,    0,    0,    0,    0,    0,    0,    0,    0,    0,    0,    0,    0,    0,    0,    0,    0,    0,    0,    0,    0,    0,    0,    0,    0,    0,    0,    0,    0,
       0,    0,    0,    0,    0,    0,    0,    0,    0,    0,    0,    0,    0,    0,    0,    0,    0,    0,    0,    0,    0,    0,    0,    0,    0,    0,    0,    0,    0,    0,    0,    0,    0,    0,    0,    0,    0,    0,    0,    0,    0,    0,    0,    0,    0,    0,    0,    0,    0,    0,    0,    0,    0,    0,    0,    0,    0,    0,    0,    0,    0,    0,    0,    0,    0,    0,    0,    0,    0,    0,    0,    0,    0,    0,    0,    0,    0,    0,    0,   -5,    0,    0,    0,    0,    0,    0,    0,    0,    0,    0,    0,    0,    0,    0,    0,    0,    0,    0,    0,    0,    0,    0,    0,    0,    0,    0,    0,    0,    0,    0,    0,    0,    0,    0,    0,    0,    0,    0,    0,    0,    0,    0,    0,    0,    0,    0,    0,    0,    0,    0,    0,    0,    0,    0,    0,    0,    0,
       0,    0,    0,    0,    0,    0,    0,    0,    0,    0,    0,    0,    0,    0,    0,    0,    0,    0,    0,    0,    0,    0,    0,    0,    0,    0,    0,    0,    0,    0,    0,    0,    0,    0,    0,    0,    0,    0,    0,    0,    0,    0,    0,    0,    0,    0,    0,    0,    0,    0,    0,    0,    0,    0,    0,    0,    0,    0,    0,    0,    0,    0,    0,   -9,    0,    0,    0,    0,    0,    0,    0,    0,    0,    0,    0,    0,    0,    0,    0,    0,    0,    0,    0,    0,    0,    0,    0,    0,    0,    0,    0,    0,    0,    0,    0,    0,   -5,    0,   -5,    0,    0,    0,    0,    0,    0,    0,    0,    0,    0,    0,    0,    0,    0,    0,    0,    0,    0,    0,    0,    0,    0,    0,    0,    0,    0,    0,    0,    0,    0,    0,    0,    0,    0,    0,    0,    0,    0,
       0,    0,    0,    0,    0,    0,    0,    0,    0,    0,    0,    0,    0,    0,    0,    0,    0,    0,    0,    0,    0,    0,    0,    0,    0,    0,    0,    0,    0,    0,    0,    0,    0,    0,    0,    0,    0,    0,    0,    0,    0,    0,    0,    0,    0,    0,    0,    0,    0,    0,    0,    0,    0,    0,    0,    0,    0,    0,    0,    0,    0,    0,    0,    0,    0,    0,    0,    0,    0,    0,    0,    0,    0,    0,    0,    0,    0,    0,    0,    0,    0,   -9,    0,    0,    0,   -5,    0,    0,    0,    0,    0,    0,    0,    0,    0,    0,    0,    0,    0,    0,    0,    0,    0,    0,    0,    0,    0,    0,    0,    0,    0,    0,    0,    0,    0,    0,    0,    0,    0,    0,    0,    0,    0,    0,    0,    0,    0,    0,    0,    0,    0,    0,    0,    0,    0,    0,    0,
       0,    0,    0,    0,    0,    0,    0,    0,    0,    0,    0,    0,    0,    0,    0,    0,    0,    0,    0,    0,    0,    0,    0,    0,    0,    0,    0,    0,    0,    0,    0,    0,    0,    0,    0,    0,    0,    0,    0,    0,    0,    0,    0,    0,    0,    0,    0,    0,    0,    0,    0,    0,    0,    0,    0,    0,    0,    0,    0,    0,    0,    0,    0,    0,    0,    0,    0,    0,    0,    0,    0,    0,    0,    0,    0,    0,    0,    0,    0,    0,    0,    0,    0,    0,    0,    0,    0,    0,    0,    0,    0,    0,    0,    0,    0,    0,    0,    0,    0,    0,    0,    0,    0,    0,    0,    0,    0,    0,    0,    0,    0,    0,    0,   -9,    0,   -3,   -3,    0,    0,    0,    0,    0,   -9,    0,   -5,    0,   -9,    0,    0,    0,    0,    0,    0,    0,    0,    0,    0,
       0,    0,    0,    0,    0,    0,    0,    0,    0,    0,    0,    0,    0,    0,    0,    0,    0,    0,    0,    0,    0,    0,    0,    0,    0,    0,    0,    0,    0,    0,    0,    0,    0,    0,    0,    0,    0,    0,    0,    0,    0,    0,    0,    0,    0,    0,    0,    0,    0,    0,    0,    0,    0,    0,    0,    0,    0,    0,    0,    0,    0,    0,    0,    0,    0,    0,    0,    0,    0,    0,    0,    0,    0,    0,    0,    0,    0,    0,    0,    0,    0,    0,    0,    0,    0,    0,    0,    0,    0,    0,    0,    0,    0,    0,    0,    0,    0,    0,    0,    0,    0,    0,    0,    0,    0,    0,    0,    0,   -6,    0,    0,    0,    0,    0,   -9,    0,    0,    0,    0,  -15,    0,    0,  -15,    0,    0,  -12,    0,    0,    0,    0,    0,    0,    0,    0,    0,    0,    0,
       0,    0,    0,    0,    0,    0,    0,    0,    0,    0,    0,    0,    0,    0,    0,    0,    0,    0,    0,    0,    0,    0,    0,    0,    0,    0,    0,    0,    0,    0,    0,    0,    0,    0,    0,    0,    0,    0,    0,    0,    0,    0,    0,    0,    0,    0,    0,    0,    0,    0,    0,    0,    0,    0,    0,    0,    0,    0,    0,    0,    0,    0,    0,    0,    0,    0,    0,    0,    0,    0,    0,    0,    0,    0,    0,    0,    0,    0,    0,    0,    0,    0,    0,    0,    0,    0,    0,    0,    0,    0,    0,    0,    0,    0,    0,    0,    0,    0,    0,    0,    0,    0,    0,    0,    0,    0,    2,    0,    0,    0,    0,    0,   -9,  -15,    0,   -6,   -7,    0,  -10,    0,    0,    0,  -12,    0,    0,    0,    0,    0,    0,    0,    0,    0,    0,    0,    0,    0,    0,
       0,    0,    0,    0,    0,    0,    0,    0,    0,    0,    0,    0,    0,    0,    0,    0,    0,    0,    0,    0,    0,    0,    0,    0,    0,    0,    0,    0,    0,    0,    0,    0,    0,    0,    0,    0,    0,    0,    0,    0,    0,    0,    0,    0,    0,    0,    0,    0,    0,    0,    0,    0,    0,    0,    0,    0,    0,    0,    0,    0,    0,    0,    0,    0,    0,    0,    0,    0,    0,    0,    0,    0,    0,    0,    0,    0,    0,    0,    0,    0,    0,    0,    0,    0,    0,    0,    0,    0,    0,    0,    0,    0,    0,    0,    0,    0,    0,    0,    0,    0,    0,    0,    0,    0,    0,    0,  -19,    0,    0,   -9,    0,    0,   -9,    0,  -23,  -17,    0,  -12,   -6,  -15,    0,  -23,  -17,    0,    0,  -17,    0,    0,    0,    0,    0,    0,    0,    0,    0,    0,    0,
       0,    0,    0,    0,    0,    0,    0,    0,    0,    0,    0,    0,    0,    0,    0,    0,    0,    0,    0,    0,    0,    0,    0,    0,    0,    0,    0,    0,    0,    0,    0,    0,    0,    0,    0,    0,    0,    0,    0,    0,    0,    0,    0,    0,    0,    0,    0,    0,    0,    0,    0,    0,    0,    0,    0,    0,    0,    0,    0,    0,    0,    0,    0,    0,    0,    0,    0,    0,    0,    0,    0,    0,    0,    0,    0,    0,    0,    0,    0,    0,    0,    0,    0,    0,    0,    0,    0,    0,    0,    0,    0,    0,    0,    0,    0,    0,    0,    0,    0,    0,    0,    0,    0,    0,    0,    0,   -3,    0,    0,    0,    0,    0,   -7,    0,    0,    0,    0,   -5,    0,   -3,    0,    0,   -9,    0,    0,   -5,    0,    0,    0,    0,    0,    0,    0,    0,    0,    0,    0,
       0,    0,    0,    0,    0,    0,    0,    0,    0,    0,    0,    0,    0,    0,    0,    0,    0,    0,    0,    0,    0,    0,    0,    0,    0,    0,    0,    0,    0,    0,    0,    0,    0,    0,    0,    0,    0,    0,    0,    0,    0,    0,    0,    0,    0,    0,    0,    0,    0,    0,    0,    0,    0,    0,    0,    0,    0,    0,    0,    0,    0,    0,    0,    0,    0,    0,    0,    0,    0,    0,    0,    0,    0,    0,    0,    0,    0,    0,    0,    0,    0,    0,    0,    0,    0,    0,    0,    0,    0,    0,    0,    0,    0,    0,    0,    0,    0,    0,    0,    0,    0,    0,    0,    0,    0,    0,   -9,    0,    0,    0,    0,    0,    0,    0,    0,    0,    0,    0,    0,    0,    0,    0,    0,    0,    0,    0,    0,    0,    0,    0,    0,    0,    0,    0,    0,    0,    0,
       0,    0,    0,    0,    0,    0,    0,    0,    0,    0,    0,    0,    0,    0,    0,    0,    0,    0,    0,    0,    0,    0,    0,    0,    0,    0,    0,    0,    0,    0,    0,    0,    0,    0,    0,    0,    0,    0,    0,    0,    0,    0,    0,    0,    0,    0,    0,    0,    0,    0,    0,    0,    0,    0,    0,    0,    0,    0,    0,    0,    0,    0,    0,    0,    0,    0,    0,    0,    0,    0,    0,    0,    0,    0,    0,    0,    0,    0,    0,    0,    0,    0,    0,    0,    0,    0,    0,    0,    0,    0,    0,    0,    0,    0,    0,    0,    0,    0,    0,    0,    0,    0,    0,    0,    0,    0,    0,    0,   -6,    0,    0,    0,   -9,    0,   -9,   -3,    0,    0,    0,    0,    0,   -5,  -10,   -9,   -9,   -6,    0,    0,    0,    0,    0,    0,    0,    0,    0,    0,    0,
       0,    0,    0,    0,    0,    0,    0,    0,    0,    0,    0,    0,    0,    0,    0,    0,    0,    0,    0,    0,    0,    0,    0,    0,    0,    0,    0,    0,    0,    0,    0,    0,    0,    0,    0,    0,    0,    0,    0,    0,    0,    0,    0,    0,    0,    0,    0,    0,    0,    0,    0,    0,    0,    0,    0,    0,    0,    0,    0,    0,    0,    0,    0,    0,    0,    0,    0,    0,    0,    0,    0,    0,    0,    0,    0,    0,    0,    0,    0,    0,    0,    0,    0,    0,    0,    0,    0,    0,    0,    0,    0,    0,    0,    0,    0,    0,    0,    0,    0,    0,    0,    0,    0,    0,    0,    0,  -30,    0,    0,   -9,    0,   -3,   -3,    0,    0,   -3,    0,  -14,   -3,   -3,    0,    0,  -11,    0,    0,   -9,    0,   -9,    0,    0,    0,    0,    0,    0,    0,    0,    0,
       0,    0,    0,    0,    0,    0,    0,    0,    0,    0,    0,    0,    0,    0,    0,    0,    0,    0,    0,    0,    0,    0,    0,    0,    0,    0,    0,    0,    0,    0,    0,    0,    0,    0,    0,    0,    0,    0,    0,    0,    0,    0,    0,    0,    0,    0,    0,    0,    0,    0,    0,    0,    0,    0,    0,    0,    0,    0,    0,    0,    0,    0,    0,    0,    0,    0,    0,    0,    0,    0,    0,    0,    0,    0,    0,    0,    0,    0,    0,    0,    0,    0,    0,    0,    0,    0,    0,    0,    0,    0,    0,    0,    0,    0,    0,    0,    0,    0,    0,    0,    0,    0,    0,    0,    0,    0,    0,    0,    0,    0,    0,    0,   -9,    0,    0,   -6,    0,    0,   -7,   -7,    0,  -12,  -12,    0,    0,    0,    0,    0,    0,    0,    0,    0,    0,    0,    0,    0,    0,
       0,    0,    0,    0,    0,    0,    0,    0,    0,    0,    0,    0,    0,    0,    0,    0,    0,    0,    0,    0,    0,    0,    0,    0,    0,    0,    0,    0,    0,    0,    0,    0,    0,    0,    0,    0,    0,    0,    0,    0,    0,    0,    0,    0,    0,    0,    0,    0,    0,    0,    0,    0,    0,    0,    0,    0,    0,    0,    0,    0,    0,    0,    0,    0,    0,    0,    0,    0,    0,    0,    0,    0,    0,    0,    0,    0,    0,    0,    0,    0,    0,    0,    0,    0,    0,    0,    0,    0,    0,    0,    0,    0,    0,    0,    0,    0,    0,    0,    0,    0,    0,    0,    0,    0,    0,    0,  -19,   -2,    0,    0,    0,    0,   -9,    0,  -14,  -12,    0,    0,    0,   -9,    0,  -17,   -7,    0,    0,    0,    9,   -3,    0,    0,    0,    0,    0,    0,    0,    0,    0,
       0,    0,    0,    0,    0,    0,    0,    0,    0,    0,    0,    0,    0,    0,    0,    0,    0,    0,    0,    0,    0,    0,    0,    0,    0,    0,    0,    0,    0,    0,    0,    0,    0,    0,    0,    0,    0,    0,    0,    0,    0,    0,    0,    0,    0,    0,    0,    0,    0,    0,    0,    0,    0,    0,    0,    0,    0,    0,    0,    0,    0,    0,    0,    0,    0,    0,    0,    0,    0,    0,    0,    0,    0,    0,    0,    0,    0,    0,    0,    0,    0,    0,    0,    0,    0,    0,    0,    0,    0,    0,    0,    0,    0,    0,    0,    0,    0,    0,    0,    0,    0,    0,    0,    0,    0,    0,    0,    0,    0,    0,    0,    0,    0,    0,    0,   -9,    0,   -6,   -9,  -10,    0,    0,  -13,    0,    0,    0,    0,    0,    0,    0,    0,    0,    0,    0,    0,    0,    0,
       0,    0,    0,    0,    0,    0,    0,    0,    0,    0,    0,    0,    0,    0,    0,    0,    0,    0,    0,    0,    0,    0,    0,    0,    0,    0,    0,    0,    0,    0,    0,    0,    0,    0,    0,    0,    0,    0,    0,    0,    0,    0,    0,    0,    0,    0,    0,    0,    0,    0,    0,    0,    0,    0,    0,    0,    0,    0,    0,    0,    0,    0,    0,    0,    0,    0,    0,    0,    0,    0,    0,    0,    0,    0,    0,    0,    0,    0,    0,    0,    0,    0,    0,    0,    0,    0,    0,    0,    0,    0,    0,    0,    0,    0,    0,    0,    0,    0,    0,    0,    0,    0,    0,    0,    0,    0,    0,    0,    0,    0,    0,    0,   -7,   -7,    0,  -12,    0,    0,    0,    0,    0,    0,    0,    0,    0,    0,    0,    0,    0,    0,    0,    0,    0,    0,    0,    0,    0,
       0,    0,    0,    0,    0,    0,    0,    0,    0,    0,    0,    0,    0,    0,    0,    0,    0,    0,    0,    0,    0,    0,    0,    0,    0,    0,    0,    0,    0,    0,    0,    0,    0,    0,    0,    0,    0,    0,    0,    0,    0,    0,    0,    0,    0,    0,    0,    0,    0,    0,    0,    0,    0,    0,    0,    0,    0,    0,    0,    0,    0,    0,    0,    0,    0,    0,    0,    0,    0,    0,    0,    0,    0,    0,    0,    0,    0,    0,    0,    0,    0,    0,    0,    0,    0,    0,    0,    0,    0,    0,    0,    0,    0,    0,    0,    0,    0,    0,    0,    0,    0,    0,    0,    0,    0,    0,    0,    0,    0,    0,    0,    0,   -2,    0,  -14,    0,   -2,    0,    0,   -2,    0,  -14,   -6,    0,    0,   -5,    0,    0,    0,    0,    0,    0,    0,    0,    0,    0,    0,
       0,    0,    0,    0,    0,    0,    0,    0,    0,    0,    0,    0,    0,    0,    0,    0,    0,    0,    0,    0,    0,    0,    0,    0,    0,    0,    0,    0,    0,    0,    0,    0,    0,    0,    0,    0,    0,    0,    0,    0,    0,    0,    0,    0,    0,    0,    0,    0,    0,    0,    0,    0,    0,    0,    0,    0,    0,    0,    0,    0,    0,    0,    0,    0,    0,    0,    0,    0,    0,    0,    0,    0,    0,    0,    0,    0,    0,    0,    0,    0,    0,    0,    0,    0,    0,    0,    0,    0,    0,    0,    0,    0,    0,    0,    0,    0,    0,    0,    0,    0,    0,    0,    0,    0,    0,    0,    0,    0,    0,    0,    0,    0,   -3,    0,    0,    0,    0,    0,    0,  -12,    0,    0,    0,    0,    0,    0,    0,    0,    0,    0,    0,    0,    0,    0,    0,    0,    0,
       0,    0,    0,    0,    0,    0,    0,    0,    0,    0,    0,    0,    0,    0,    0,    0,    0,    0,    0,    0,    0,    0,    0,    0,    0,    0,    0,    0,    0,    0,    0,    0,    0,    0,    0,    0,    0,    0,    0,    0,    0,    0,    0,    0,    0,    0,    0,    0,    0,    0,    0,    0,    0,    0,    0,    0,    0,    0,    0,    0,    0,    0,    0,    0,    0,    0,    0,    0,    0,    0,    0,    0,    0,    0,    0,    0,    0,    0,    0,    0,    0,    0,    0,    0,    0,    0,    0,    0,    0,    0,    0,    0,    0,    0,    0,    0,    0,    0,    0,    0,    0,    0,    0,    0,    0,    0,    0,    0,    0,    0,    0,    0,    0,    0,   -3,   -9,   -3,    0,    0,   -3,    0,  -13,   -2,    0,    0,    0,   -3,    0,    0,    0,    0,    0,    0,    0,    0,    0,    0,
       0,    0,    0,    0,    0,    0,    0,    0,    0,    0,    0,    0,    0,    0,    0,    0,    0,    0,    0,    0,    0,    0,    0,    0,    0,    0,    0,    0,    0,    0,    0,    0,    0,    0,    0,    0,    0,    0,    0,    0,    0,    0,    0,    0,    0,    0,    0,    0,    0,    0,    0,    0,    0,    0,    0,    0,    0,    0,    0,    0,    0,    0,    0,    0,    0,    0,    0,    0,    0,    0,    0,    0,    0,    0,    0,    0,    0,    0,    0,    0,    0,    0,    0,    0,    0,    0,    0,    0,    0,    0,    0,    0,    0,    0,    0,    0,    0,    0,    0,    0,    0,    0,    0,    0,    0,   -6,  -12,    0,   -9,    0,    0,    0,    0,   -9,    0,    0,    0,  -12,    0,  -15,    0,    0,  -12,    0,    0,    0,    0,    0,    0,    0,    0,    0,    0,    0,    0,    0,    0,
       0,    0,    0,    0,    0,    0,    0,    0,    0,    0,    0,    0,    0,    0,    0,    0,    0,    0,    0,    0,    0,    0,    0,    0,    0,    0,    0,    0,    0,    0,    0,    0,    0,    0,    0,    0,    0,    0,    0,    0,    0,    0,    0,    0,    0,    0,    0,    0,    0,    0,    0,    0,    0,    0,    0,    0,    0,    0,    0,    0,    0,    0,    0,    0,    0,    0,    0,    0,    0,    0,    0,    0,    0,    0,    0,    0,    0,    0,    0,    0,    0,    0,    0,    0,    0,    0,    0,    0,    0,    0,    0,    0,    0,    0,    0,    0,    0,    0,    0,    0,    0,    0,    0,    0,    0,    0,  -19,    0,    0,    0,    0,    0,   -9,    0,   -7,   -9,    0,    0,   -3,   -5,    0,  -14,   -5,    0,    0,   -9,    0,  -10,    0,    0,    0,    0,    0,    0,    0,    0,    0,
       0,    0,    0,    0,    0,    0,    0,    0,    0,    0,    0,    0,    0,    0,    0,    0,    0,    0,    0,    0,    0,    0,    0,    0,    0,    0,    0,    0,    0,    0,    0,    0,    0,    0,    0,    0,    0,    0,    0,    0,    0,    0,    0,    0,    0,    0,    0,    0,    0,    0,    0,    0,    0,    0,    0,    0,    0,    0,    0,    0,    0,    0,    0,    0,    0,    0,    0,    0,    0,    0,    0,    0,    0,    0,    0,    0,    0,    0,    0,    0,    0,    0,    0,    0,    0,    0,    0,    0,    0,    0,    0,    0,    0,    0,    0,    0,    0,    0,    0,    0,    0,    0,    0,    0,    0,    0,  -11,    0,    0,    0,    0,    0,   -2,    0,    0,  -11,    0,   -3,    0,   -5,    0,    0,   -3,    0,    0,   -3,    0,    0,    0,    0,    0,    0,    0,    0,    0,    0,    0,
       0,    0,    0,    0,    0,    0,    0,    0,    0,    0,    0,    0,    0,    0,    0,    0,    0,    0,    0,    0,    0,    0,    0,    0,    0,    0,    0,    0,    0,    0,    0,    0,    0,    0,    0,    0,    0,    0,    0,    0,    0,    0,    0,    0,    0,    0,    0,    0,    0,    0,    0,    0,    0,    0,    0,    0,    0,    0,    0,    0,    0,    0,    0,    0,    0,    0,    0,    0,    0,    0,    0,    0,    0,    0,    0,    0,    0,    0,    0,    0,    0,    0,    0,    0,    0,    0,    0,    0,    0,    0,    0,    0,    0,    0,    0,    0,    0,    0,    0,    0,    0,    0,    0,    0,    0,    0,    0,    0,  -21,    0,  -23,    0,    0,   -7,    0,   -9,   -2,    0,  -16,  -19,  -19,    0,  -12,    0,    0,    0,   -9,    0,    0,    0,    0,    0,    0,    0,    0,    0,    0,
       0,    0,    0,    0,    0,    0,    0,    0,    0,    0,    0,    0,    0,    0,    0,    0,    0,    0,    0,  -63,    0,    0,    0, -112,    0,    0,    0,    0,    0,    0,    0,    0,    0,    0,    0,    0,    0,    0,    0,  -19,    0,    0,    0,  -19,    0,    0,    0,    0,    0,    0,    0,    0,    0,    0,    0,  -63,    0,    0,    0,    0,    0,    0,    0,    0,    0,    0,    0,    0,    0,    0,    0,    0,    0,    0,    0,    0,    0,    0,    0,    0,    0,    0,    0,    0,    0,    0,    0,    0,    0,    0,    0,    0,    0,    0,    0,    0,    0,    0,    0,    0,    0,    0,    0,    0,    0,    0,    0,    0,    0,    0,    0,    0,    0,    0,    0,    0,    0,    0,    0,    0,    0,    0,    0,    0,    0,    0,    0,    0,    0,    0,    0,    0,    0,    0,    0,    0,    0,
       0,    0,    0,    0,    0,    0,    0,    0,    0,    0,    0,    0,    0,    0,    0,    0,    0,    0,    0,  -28,    0,    0,    0,  -56,    0,    0,    0,    0,    0,    0,    0,    0,    0,    0,    0,    0,  -19,    0,    0,  -23,    0,  -14,    0,    0,    0,    0,    0,    0,    0,    0,    0,    0,    0,    0,    0,  -28,    0,    0,    0,  -19,    0,    0,    0,    0,    0,    0,    0,    0,    0,    0,    0,    0,    0,    0,    0,    0,    0,    0,    0,    0,    0,    0,    0,    0,    0,    0,    0,    0,    0,    0,    0,    0,    0,    0,    0,    0,    0,    0,    0,    0,    0,    0,    0,    0,    0,    0,    0,    0,    0,    0,    0,    0,    0,    0,    0,    0,    0,    0,    0,    0,    0,    0,    0,    0,    0,    0,    0,    0,    0,    0,    0,    0,    0,    0,    0,    0,    0,
       0,    0,    0,    0,    0,    0,    0,    0,    0,    0,    0,    0,    0,    0,    0,    0,    0,    0,    0,  -35,    0,    0,    0,  -56,    0,    0,    0,    0,    0,    0,    0,    0,    0,    0,    0,    0,    0,    0,    0,  -19,    0,    0,    0,  -19,    0,    0,    0,    0,    0,    0,    0,    0,    0,    0,    0,  -35,    0,    0,    0,    0,    0,    0,    0,    0,    0,    0,    0,    0,    0,    0,    0,    0,    0,    0,    0,    0,    0,    0,    0,    0,    0,    0,    0,    0,    0,    0,    0,    0,    0,    0,    0,    0,    0,    0,    0,    0,    0,    0,    0,    0,    0,    0,    0,    0,    0,    0,    0,    0,    0,    0,    0,    0,    0,    0,    0,    0,    0,    0,    0,    0,    0,    0,    0,    0,    0,    0,    0,    0,    0,    0,    0,    0,    0,    0,    0,    0,    0,
       0,    0,    0,    0,    0,    0,    0,    0,    0,    0,    0,    0,    0,    0,    0,    0,    0,    0,    0,  -35,    0,    0,    0,  -47,    0,    0,    0,    0,    0,    0,    0,    0,    0,    0,    0,    0,  -19,    0,    0,  -23,    0,    0,    0,    0,    0,    0,    0,    0,    0,    0,    0,    0,    0,    0,    0,  -35,    0,    0,    0,  -19,    0,    0,    0,    0,    0,    0,    0,    0,    0,    0,    0,    0,    0,    0,    0,    0,    0,    0,    0,    0,    0,    0,    0,    0,    0,    0,    0,    0,    0,    0,    0,    0,    0,    0,    0,    0,    0,    0,    0,    0,    0,    0,    0,    0,    0,    0,    0,    0,    0,    0,    0,    0,    0,    0,    0,    0,    0,    0,    0,    0,    0,    0,    0,    0,    0,    0,    0,    0,    0,    0,    0,    0,    0,    0,    0,    0,    0,
       0,    0,    0,    0,    0,    0,    0,    0,    0,    0,    0,    0,    0,    0,    0,    0,    0,    0,    0,    0,    0,    0,    0,    0,    0,    0,    0,   -4,    0,    0,    0,    0,    0,    0,    0,    0,    0,    0,    0,    0,    0,    0,    0,    0,    0,    0,    0,    0,    0,    0,    0,    0,    0,    0,    0,    0,    0,    0,    0,    0,    0,    0,    0,    0,    0,    0,    0,    0,    0,    0,    0,    0,    0,    0,    0,    0,    0,    0,    0,    0,    0,    0,    0,    0,    0,    0,    0,    0,    0,    0,    0,    0,    0,    0,    0,    0,    0,    0,    0,    0,    0,    0,    0,    0,    0,    0,    0,    0,    0,    0,    0,    0,    0,    0,    0,    0,    0,    0,    0,    0,    0,    0,    0,    0,    0,    0,    0,    0,    0,    0,    0,    0,    0,    0,    0,    0,    0,
       0,    0,    0,    0,    0,    0,    0,    0,  -23,    0,    0,    0,    0,    0,  -14,  -19,    0,    0,    0,    0,    0,    0,    0,    0,    0,    0,    0,    0,    0,    0,    0,    0,    0,    0,    0,    0,    0,    0,    0,    0,    0,    0,    0,    0,    0,    0,    0,    0,    0,    0,    0,    0,    0,    0,    0,    0,    0,    0,    0,    0,    0,    0,    0,    0,    0,    0,    0,    0,    0,    0,    0,    0,    0,    0,    0,    0,    0,    0,    0,    0,    0,    0,    0,    0,    0,    0,    0,    0,    0,    0,    0,    0,    0,    0,    0,    0,    0,    0,    0,    0,    0,    0,    0,    0,    0,    0,    0,    0,    0,    0,    0,    0,    0,    0,    0,    0,    0,    0,    0,    0,    0,    0,    0,    0,    0,    0,    0,    0,    0,    0,    0,    0,    0,    0,    0,    0,    0,
       0,    0,    0,    0,    0,    0,    0,    0,    0,  -19,    0,    0,    0,    0,    0,    0,    0,    0,    0,    0,    0,    0,    0,    0,    0,    0,    0,    0,    0,    0,    0,    0,    0,    0,    0,    0,    0,    0,    0,    0,    0,    0,    0,    0,    0,    0,    0,    0,    0,    0,    0,    0,    0,    0,    0,    0,    0,    0,    0,    0,    0,    0,    0,    0,    0,    0,    0,    0,    0,    0,    0,    0,    0,    0,    0,    0,    0,    0,    0,    0,    0,    0,    0,    0,    0,    0,    0,    0,    0,    0,    0,    0,    0,    0,    0,    0,    0,    0,    0,    0,    0,    0,    0,    0,    0,    0,    0,    0,    0,    0,    0,    0,    0,    0,    0,    0,    0,    0,    0,    0,    0,    0,    0,    0,    0,    0,    0,    0,    0,    0,    0,    0,    0,    0,    0,    0,    0,
       0,    0,    0,    0,    0,    0,    0,    0,    0,    0,    0,  -37,    0,    0,    0,    0,    0,    0,    0,    0,    0,    0,    0,    0,    0,    0,    0,    0,    0,    0,    0,    0,    0,    0,    0,    0,    0,    0,    0,    0,    0,    0,    0,    0,    0,    0,    0,    0,    0,    0,    0,    0,    0,    0,    0,    0,    0,    0,    0,    0,    0,    0,    0,    0,    0,    0,    0,    0,    0,    0,    0,    0,    0,    0,    0,    0,    0,    0,    0,    0,    0,    0,    0,    0,    0,    0,    0,    0,    0,    0,    0,    0,    0,    0,    0,    0,    0,    0,    0,    0,    0,    0,    0,    0,    0,    0,    0,    0,    0,    0,    0,    0,    0,    0,    0,    0,    0,    0,    0,    0,    0,    0,    0,    0,    0,    0,    0,    0,    0,    0,    0,    0,    0,    0,    0,    0,    0,
};

static const EpdLigaturePair lexenddeca_14_regularLigaturePairs[] = {
    { 0x00660066, 0xFB00 }, // f f -> U+FB00
    { 0x00660069, 0xFB01 }, // f i -> U+FB01
    { 0x0066006C, 0xFB02 }, // f l -> U+FB02
    { 0xFB000069, 0xFB03 }, // U+FB00 i -> U+FB03
    { 0xFB00006C, 0xFB04 }, // U+FB00 l -> U+FB04
};

static const EpdFontData lexenddeca_14_regular = {
    lexenddeca_14_regularBitmaps,
    lexenddeca_14_regularGlyphs,
    lexenddeca_14_regularIntervals,
    29,
    36,
    30,
    -8,
    false,
    nullptr,
    0,
    nullptr,
    lexenddeca_14_regularKernLeftClasses,
    lexenddeca_14_regularKernRightClasses,
    lexenddeca_14_regularKernMatrix,
    621,
    606,
    151,
    137,
    lexenddeca_14_regularLigaturePairs,
    5,
};
